implementation,n_lane,egress_symbols_per_beat,ready_duty,burstiness,scv,mean_generation_batch_hits,rho_lane,cycles,warmup_cycles,effective_capacity,offered_transactions,delivered_transactions,dropped_transactions,mean_occupancy,max_occupancy,loss_probability
opq,4,1,1.0,-0.25,0.36,1.0,0.005,512,64,255,9,9,0,0.0,0,1e-12
opq,4,1,1.0,-0.1,0.6694214876033057,1.0,0.005,512,64,255,9,9,0,0.0,0,1e-12
opq,4,1,1.0,0.04999999999999999,1.2216066481994463,1.1108033240997233,0.005,512,64,255,8,8,0,0.0,0,1e-12
opq,4,1,1.0,0.19999999999999996,2.2499999999999996,1.6249999999999998,0.005,512,64,255,9,9,0,0.006696428571428571,1,1e-12
opq,4,1,1.0,0.35,4.313609467455622,2.656804733727811,0.005,512,64,255,7,7,0,0.011160714285714286,2,1e-12
opq,4,1,1.0,0.5,9.0,5.0,0.005,512,64,255,10,10,0,0.044642857142857144,4,1e-12
opq,4,1,1.0,0.6499999999999999,22.224489795918352,11.612244897959176,0.005,512,64,255,0,0,0,0.0,0,1e-12
opq,4,1,1.0,0.8,81.00000000000003,41.000000000000014,0.005,512,64,255,0,0,0,0.0,0,1e-12
opq,4,1,1.0,0.95,1000.0,760.9999999999986,0.005,512,64,255,0,0,0,0.0,0,1e-12
opq,4,1,1.0,-0.25,0.36,1.0,0.041874999999999996,512,64,255,75,75,0,0.0,0,1e-12
opq,4,1,1.0,-0.1,0.6694214876033057,1.0,0.041874999999999996,512,64,255,75,75,0,0.0,0,1e-12
opq,4,1,1.0,0.04999999999999999,1.2216066481994463,1.1108033240997233,0.041874999999999996,512,64,255,76,76,0,0.017857142857142856,1,1e-12
opq,4,1,1.0,0.19999999999999996,2.2499999999999996,1.6249999999999998,0.041874999999999996,512,64,255,75,75,0,0.06473214285714286,1,1e-12
opq,4,1,1.0,0.35,4.313609467455622,2.656804733727811,0.041874999999999996,512,64,255,75,77,0,0.14955357142857142,2,1e-12
opq,4,1,1.0,0.5,9.0,5.0,0.041874999999999996,512,64,255,75,75,0,0.33482142857142855,4,1e-12
opq,4,1,1.0,0.6499999999999999,22.224489795918352,11.612244897959176,0.041874999999999996,512,64,255,81,81,0,0.9575892857142857,11,1e-12
opq,4,1,1.0,0.8,81.00000000000003,41.000000000000014,0.041874999999999996,512,64,255,82,64,0,3.3191964285714284,40,1e-12
opq,4,1,1.0,0.95,1000.0,760.9999999999986,0.041874999999999996,512,64,255,0,0,0,0.0,0,1e-12
opq,4,1,1.0,-0.25,0.36,1.0,0.07875,512,64,255,141,141,0,0.0,0,1e-12
opq,4,1,1.0,-0.1,0.6694214876033057,1.0,0.07875,512,64,255,141,141,0,0.0,0,1e-12
opq,4,1,1.0,0.04999999999999999,1.2216066481994463,1.1108033240997233,0.07875,512,64,255,142,141,0,0.033482142857142856,1,1e-12
opq,4,1,1.0,0.19999999999999996,2.2499999999999996,1.6249999999999998,0.07875,512,64,255,141,141,0,0.12053571428571429,1,1e-12
opq,4,1,1.0,0.35,4.313609467455622,2.656804733727811,0.07875,512,64,255,141,141,0,0.27455357142857145,2,1e-12
opq,4,1,1.0,0.5,9.0,5.0,0.07875,512,64,255,140,144,0,0.6383928571428571,4,1e-12
opq,4,1,1.0,0.6499999999999999,22.224489795918352,11.612244897959176,0.07875,512,64,255,139,139,0,1.6450892857142858,11,1e-12
opq,4,1,1.0,0.8,81.00000000000003,41.000000000000014,0.07875,512,64,255,123,123,0,5.491071428571429,40,1e-12
opq,4,1,1.0,0.95,1000.0,760.9999999999986,0.07875,512,64,255,0,0,0,0.0,0,1e-12
opq,4,1,1.0,-0.25,0.36,1.0,0.115625,512,64,255,207,207,0,0.0,0,1e-12
opq,4,1,1.0,-0.1,0.6694214876033057,1.0,0.115625,512,64,255,207,207,0,0.0,0,1e-12
opq,4,1,1.0,0.04999999999999999,1.2216066481994463,1.1108033240997233,0.115625,512,64,255,208,208,0,0.046875,1,1e-12
opq,4,1,1.0,0.19999999999999996,2.2499999999999996,1.6249999999999998,0.115625,512,64,255,206,207,0,0.17633928571428573,1,1e-12
opq,4,1,1.0,0.35,4.313609467455622,2.656804733727811,0.115625,512,64,255,207,207,0,0.4017857142857143,2,1e-12
opq,4,1,1.0,0.5,9.0,5.0,0.115625,512,64,255,210,209,0,0.9375,4,1e-12
opq,4,1,1.0,0.6499999999999999,22.224489795918352,11.612244897959176,0.115625,512,64,255,209,207,0,2.4776785714285716,11,1e-12
opq,4,1,1.0,0.8,81.00000000000003,41.000000000000014,0.115625,512,64,255,205,205,0,9.151785714285714,40,1e-12
opq,4,1,1.0,0.95,1000.0,760.9999999999986,0.115625,512,64,255,0,0,0,0.0,0,1e-12
opq,4,1,1.0,-0.25,0.36,1.0,0.1525,512,64,255,273,273,0,0.0,0,1e-12
opq,4,1,1.0,-0.1,0.6694214876033057,1.0,0.1525,512,64,255,273,273,0,0.0,0,1e-12
opq,4,1,1.0,0.04999999999999999,1.2216066481994463,1.1108033240997233,0.1525,512,64,255,274,274,0,0.07366071428571429,1,1e-12
opq,4,1,1.0,0.19999999999999996,2.2499999999999996,1.6249999999999998,0.1525,512,64,255,273,273,0,0.234375,1,1e-12
opq,4,1,1.0,0.35,4.313609467455622,2.656804733727811,0.1525,512,64,255,273,273,0,0.5290178571428571,2,1e-12
opq,4,1,1.0,0.5,9.0,5.0,0.1525,512,64,255,275,274,0,1.2276785714285714,4,1e-12
opq,4,1,1.0,0.6499999999999999,22.224489795918352,11.612244897959176,0.1525,512,64,255,267,271,0,3.1808035714285716,11,1e-12
opq,4,1,1.0,0.8,81.00000000000003,41.000000000000014,0.1525,512,64,255,287,287,0,12.8125,40,1e-12
opq,4,1,1.0,0.95,1000.0,760.9999999999986,0.1525,512,64,255,0,0,0,0.0,0,1e-12
opq,4,1,1.0,-0.25,0.36,1.0,0.189375,512,64,255,339,339,0,0.0,0,1e-12
opq,4,1,1.0,-0.1,0.6694214876033057,1.0,0.189375,512,64,255,339,339,0,0.0,0,1e-12
opq,4,1,1.0,0.04999999999999999,1.2216066481994463,1.1108033240997233,0.189375,512,64,255,340,340,0,0.12723214285714285,1,1e-12
opq,4,1,1.0,0.19999999999999996,2.2499999999999996,1.6249999999999998,0.189375,512,64,255,339,339,0,0.29017857142857145,1,1e-12
opq,4,1,1.0,0.35,4.313609467455622,2.656804733727811,0.189375,512,64,255,338,339,0,0.6584821428571429,2,1e-12
opq,4,1,1.0,0.5,9.0,5.0,0.189375,512,64,255,340,339,0,1.5178571428571428,4,1e-12
opq,4,1,1.0,0.6499999999999999,22.224489795918352,11.612244897959176,0.189375,512,64,255,337,341,0,4.060267857142857,11,1e-12
opq,4,1,1.0,0.8,81.00000000000003,41.000000000000014,0.189375,512,64,255,328,343,0,15.412946428571429,40,1e-12
opq,4,1,1.0,0.95,1000.0,760.9999999999986,0.189375,512,64,255,0,0,0,0.0,0,1e-12
opq,4,1,1.0,-0.25,0.36,1.0,0.22625,512,64,255,406,406,0,0.0,0,1e-12
opq,4,1,1.0,-0.1,0.6694214876033057,1.0,0.22625,512,64,255,406,406,0,0.0,0,1e-12
opq,4,1,1.0,0.04999999999999999,1.2216066481994463,1.1108033240997233,0.22625,512,64,255,406,405,0,0.23883928571428573,1,1e-12
opq,4,1,1.0,0.19999999999999996,2.2499999999999996,1.6249999999999998,0.22625,512,64,255,407,406,0,0.4888392857142857,2,1e-12
opq,4,1,1.0,0.35,4.313609467455622,2.656804733727811,0.22625,512,64,255,407,406,0,0.84375,3,1e-12
opq,4,1,1.0,0.5,9.0,5.0,0.22625,512,64,255,405,405,0,1.8080357142857142,4,1e-12
opq,4,1,1.0,0.6499999999999999,22.224489795918352,11.612244897959176,0.22625,512,64,255,406,406,0,4.8125,11,1e-12
opq,4,1,1.0,0.8,81.00000000000003,41.000000000000014,0.22625,512,64,255,410,405,0,18.035714285714285,40,1e-12
opq,4,1,1.0,0.95,1000.0,760.9999999999986,0.22625,512,64,255,0,0,0,0.0,0,1e-12
opq,4,1,1.0,-0.25,0.36,1.0,0.263125,512,64,255,471,448,0,14.640625,26,1e-12
opq,4,1,1.0,-0.1,0.6694214876033057,1.0,0.263125,512,64,255,471,448,0,14.640625,26,1e-12
opq,4,1,1.0,0.04999999999999999,1.2216066481994463,1.1108033240997233,0.263125,512,64,255,472,448,0,15.071428571428571,27,1e-12
opq,4,1,1.0,0.19999999999999996,2.2499999999999996,1.6249999999999998,0.263125,512,64,255,471,448,0,15.772321428571429,28,1e-12
opq,4,1,1.0,0.35,4.313609467455622,2.656804733727811,0.263125,512,64,255,470,448,0,16.325892857142858,29,1e-12
opq,4,1,1.0,0.5,9.0,5.0,0.263125,512,64,255,470,448,0,16.549107142857142,30,1e-12
opq,4,1,1.0,0.6499999999999999,22.224489795918352,11.612244897959176,0.263125,512,64,255,476,448,0,19.816964285714285,37,1e-12
opq,4,1,1.0,0.8,81.00000000000003,41.000000000000014,0.263125,512,64,255,492,448,0,32.65625,64,1e-12
opq,4,1,1.0,0.95,1000.0,760.9999999999986,0.263125,512,64,255,0,0,0,0.0,0,1e-12
opq,4,1,1.0,-0.25,0.36,1.0,0.3,512,64,255,538,448,0,57.10044642857143,102,1e-12
opq,4,1,1.0,-0.1,0.6694214876033057,1.0,0.3,512,64,255,538,448,0,57.10044642857143,102,1e-12
opq,4,1,1.0,0.04999999999999999,1.2216066481994463,1.1108033240997233,0.3,512,64,255,538,448,0,56.640625,102,1e-12
opq,4,1,1.0,0.19999999999999996,2.2499999999999996,1.6249999999999998,0.3,512,64,255,538,448,0,57.328125,103,1e-12
opq,4,1,1.0,0.35,4.313609467455622,2.656804733727811,0.3,512,64,255,539,448,0,57.86830357142857,103,1e-12
opq,4,1,1.0,0.5,9.0,5.0,0.3,512,64,255,535,448,0,59.09375,105,1e-12
opq,4,1,1.0,0.6499999999999999,22.224489795918352,11.612244897959176,0.3,512,64,255,534,448,0,60.339285714285715,108,1e-12
opq,4,1,1.0,0.8,81.00000000000003,41.000000000000014,0.3,512,64,255,533,448,0,71.12053571428571,129,1e-12
opq,4,1,1.0,0.95,1000.0,760.9999999999986,0.3,512,64,255,0,0,0,0.0,0,1e-12
time_merger,4,1,1.0,-0.25,0.36,1.0,0.005,512,64,19,9,9,0,0.0,0,1e-12
time_merger,4,1,1.0,-0.1,0.6694214876033057,1.0,0.005,512,64,19,9,9,0,0.0,0,1e-12
time_merger,4,1,1.0,0.04999999999999999,1.2216066481994463,1.1108033240997233,0.005,512,64,19,8,8,0,0.026785714285714284,1,1e-12
time_merger,4,1,1.0,0.19999999999999996,2.2499999999999996,1.6249999999999998,0.005,512,64,19,9,9,0,0.06919642857142858,2,1e-12
time_merger,4,1,1.0,0.35,4.313609467455622,2.656804733727811,0.005,512,64,19,7,7,0,0.09598214285714286,3,1e-12
time_merger,4,1,1.0,0.5,9.0,5.0,0.005,512,64,19,10,8,0,0.203125,4,1e-12
time_merger,4,1,1.0,0.6499999999999999,22.224489795918352,11.612244897959176,0.005,512,64,19,0,0,0,0.0,0,1e-12
time_merger,4,1,1.0,0.8,81.00000000000003,41.000000000000014,0.005,512,64,19,0,0,0,0.0,0,1e-12
time_merger,4,1,1.0,0.95,1000.0,760.9999999999986,0.005,512,64,19,0,0,0,0.0,0,1e-12
time_merger,4,1,1.0,-0.25,0.36,1.0,0.041874999999999996,512,64,19,75,75,0,0.34598214285714285,1,1e-12
time_merger,4,1,1.0,-0.1,0.6694214876033057,1.0,0.041874999999999996,512,64,19,75,75,0,0.34598214285714285,1,1e-12
time_merger,4,1,1.0,0.04999999999999999,1.2216066481994463,1.1108033240997233,0.041874999999999996,512,64,19,76,75,0,0.5446428571428571,2,1e-12
time_merger,4,1,1.0,0.19999999999999996,2.2499999999999996,1.6249999999999998,0.041874999999999996,512,64,19,75,75,0,0.71875,2,1e-12
time_merger,4,1,1.0,0.35,4.313609467455622,2.656804733727811,0.041874999999999996,512,64,19,75,76,0,1.0602678571428572,3,1e-12
time_merger,4,1,1.0,0.5,9.0,5.0,0.041874999999999996,512,64,19,75,75,0,1.8236607142857142,5,1e-12
time_merger,4,1,1.0,0.6499999999999999,22.224489795918352,11.612244897959176,0.041874999999999996,512,64,19,81,74,0,4.9375,12,1e-12
time_merger,4,1,1.0,0.8,81.00000000000003,41.000000000000014,0.041874999999999996,512,64,19,82,24,44,2.7388392857142856,18,0.5365853658536586
time_merger,4,1,1.0,0.95,1000.0,760.9999999999986,0.041874999999999996,512,64,19,0,0,0,0.0,0,1e-12
time_merger,4,1,1.0,-0.25,0.36,1.0,0.07875,512,64,19,141,90,40,17.350446428571427,19,0.28368794326241137
time_merger,4,1,1.0,-0.1,0.6694214876033057,1.0,0.07875,512,64,19,141,90,40,17.350446428571427,19,0.28368794326241137
time_merger,4,1,1.0,0.04999999999999999,1.2216066481994463,1.1108033240997233,0.07875,512,64,19,142,90,40,17.178571428571427,19,0.28169014084507044
time_merger,4,1,1.0,0.19999999999999996,2.2499999999999996,1.6249999999999998,0.07875,512,64,19,141,90,40,17.207589285714285,19,0.28368794326241137
time_merger,4,1,1.0,0.35,4.313609467455622,2.656804733727811,0.07875,512,64,19,141,90,40,16.859375,19,0.28368794326241137
time_merger,4,1,1.0,0.5,9.0,5.0,0.07875,512,64,19,140,90,43,16.537946428571427,19,0.30714285714285716
time_merger,4,1,1.0,0.6499999999999999,22.224489795918352,11.612244897959176,0.07875,512,64,19,139,90,43,14.729910714285714,19,0.30935251798561153
time_merger,4,1,1.0,0.8,81.00000000000003,41.000000000000014,0.07875,512,64,19,123,57,66,6.234375,19,0.5365853658536586
time_merger,4,1,1.0,0.95,1000.0,760.9999999999986,0.07875,512,64,19,0,0,0,0.0,0,1e-12
time_merger,4,1,1.0,-0.25,0.36,1.0,0.115625,512,64,19,207,90,115,18.649553571428573,19,0.5555555555555556
time_merger,4,1,1.0,-0.1,0.6694214876033057,1.0,0.115625,512,64,19,207,90,115,18.649553571428573,19,0.5555555555555556
time_merger,4,1,1.0,0.04999999999999999,1.2216066481994463,1.1108033240997233,0.115625,512,64,19,208,90,115,18.622767857142858,19,0.5528846153846154
time_merger,4,1,1.0,0.19999999999999996,2.2499999999999996,1.6249999999999998,0.115625,512,64,19,206,90,115,18.5,19,0.558252427184466
time_merger,4,1,1.0,0.35,4.313609467455622,2.656804733727811,0.115625,512,64,19,207,90,116,18.301339285714285,19,0.5603864734299517
time_merger,4,1,1.0,0.5,9.0,5.0,0.115625,512,64,19,210,90,117,17.814732142857142,19,0.5571428571428572
time_merger,4,1,1.0,0.6499999999999999,22.224489795918352,11.612244897959176,0.115625,512,64,19,209,90,118,16.629464285714285,19,0.5645933014354066
time_merger,4,1,1.0,0.8,81.00000000000003,41.000000000000014,0.115625,512,64,19,205,85,115,9.720982142857142,19,0.5609756097560976
time_merger,4,1,1.0,0.95,1000.0,760.9999999999986,0.115625,512,64,19,0,0,0,0.0,0,1e-12
time_merger,4,1,1.0,-0.25,0.36,1.0,0.1525,512,64,19,273,90,183,18.732142857142858,19,0.6703296703296703
time_merger,4,1,1.0,-0.1,0.6694214876033057,1.0,0.1525,512,64,19,273,90,183,18.732142857142858,19,0.6703296703296703
time_merger,4,1,1.0,0.04999999999999999,1.2216066481994463,1.1108033240997233,0.1525,512,64,19,274,90,184,18.705357142857142,19,0.6715328467153284
time_merger,4,1,1.0,0.19999999999999996,2.2499999999999996,1.6249999999999998,0.1525,512,64,19,273,90,183,18.620535714285715,19,0.6703296703296703
time_merger,4,1,1.0,0.35,4.313609467455622,2.656804733727811,0.1525,512,64,19,273,90,184,18.46875,19,0.673992673992674
time_merger,4,1,1.0,0.5,9.0,5.0,0.1525,512,64,19,275,90,185,18.091517857142858,19,0.6727272727272727
time_merger,4,1,1.0,0.6499999999999999,22.224489795918352,11.612244897959176,0.1525,512,64,19,267,90,180,16.993303571428573,19,0.6741573033707865
time_merger,4,1,1.0,0.8,81.00000000000003,41.000000000000014,0.1525,512,64,19,287,89,187,12.314732142857142,19,0.6515679442508711
time_merger,4,1,1.0,0.95,1000.0,760.9999999999986,0.1525,512,64,19,0,0,0,0.0,0,1e-12
time_merger,4,1,1.0,-0.25,0.36,1.0,0.189375,512,64,19,339,90,249,18.75,19,0.7345132743362832
time_merger,4,1,1.0,-0.1,0.6694214876033057,1.0,0.189375,512,64,19,339,90,249,18.75,19,0.7345132743362832
time_merger,4,1,1.0,0.04999999999999999,1.2216066481994463,1.1108033240997233,0.189375,512,64,19,340,90,250,18.736607142857142,19,0.7352941176470589
time_merger,4,1,1.0,0.19999999999999996,2.2499999999999996,1.6249999999999998,0.189375,512,64,19,339,90,249,18.694196428571427,19,0.7345132743362832
time_merger,4,1,1.0,0.35,4.313609467455622,2.656804733727811,0.189375,512,64,19,338,90,249,18.537946428571427,19,0.7366863905325444
time_merger,4,1,1.0,0.5,9.0,5.0,0.189375,512,64,19,340,90,250,18.25,19,0.7352941176470589
time_merger,4,1,1.0,0.6499999999999999,22.224489795918352,11.612244897959176,0.189375,512,64,19,337,90,248,17.361607142857142,19,0.7359050445103857
time_merger,4,1,1.0,0.8,81.00000000000003,41.000000000000014,0.189375,512,64,19,328,90,241,13.462053571428571,19,0.7347560975609756
time_merger,4,1,1.0,0.95,1000.0,760.9999999999986,0.189375,512,64,19,0,0,0,0.0,0,1e-12
time_merger,4,1,1.0,-0.25,0.36,1.0,0.22625,512,64,19,406,90,316,18.779017857142858,19,0.7783251231527094
time_merger,4,1,1.0,-0.1,0.6694214876033057,1.0,0.22625,512,64,19,406,90,316,18.779017857142858,19,0.7783251231527094
time_merger,4,1,1.0,0.04999999999999999,1.2216066481994463,1.1108033240997233,0.22625,512,64,19,406,90,316,18.758928571428573,19,0.7783251231527094
time_merger,4,1,1.0,0.19999999999999996,2.2499999999999996,1.6249999999999998,0.22625,512,64,19,407,90,317,18.709821428571427,19,0.7788697788697788
time_merger,4,1,1.0,0.35,4.313609467455622,2.656804733727811,0.22625,512,64,19,407,90,317,18.600446428571427,19,0.7788697788697788
time_merger,4,1,1.0,0.5,9.0,5.0,0.22625,512,64,19,405,90,316,18.337053571428573,19,0.7802469135802469
time_merger,4,1,1.0,0.6499999999999999,22.224489795918352,11.612244897959176,0.22625,512,64,19,406,90,316,17.611607142857142,19,0.7783251231527094
time_merger,4,1,1.0,0.8,81.00000000000003,41.000000000000014,0.22625,512,64,19,410,90,320,14.493303571428571,19,0.7804878048780488
time_merger,4,1,1.0,0.95,1000.0,760.9999999999986,0.22625,512,64,19,0,0,0,0.0,0,1e-12
time_merger,4,1,1.0,-0.25,0.36,1.0,0.263125,512,64,19,471,90,381,18.799107142857142,19,0.8089171974522293
time_merger,4,1,1.0,-0.1,0.6694214876033057,1.0,0.263125,512,64,19,471,90,381,18.799107142857142,19,0.8089171974522293
time_merger,4,1,1.0,0.04999999999999999,1.2216066481994463,1.1108033240997233,0.263125,512,64,19,472,90,382,18.787946428571427,19,0.809322033898305
time_merger,4,1,1.0,0.19999999999999996,2.2499999999999996,1.6249999999999998,0.263125,512,64,19,471,90,381,18.725446428571427,19,0.8089171974522293
time_merger,4,1,1.0,0.35,4.313609467455622,2.656804733727811,0.263125,512,64,19,470,90,381,18.620535714285715,19,0.8106382978723404
time_merger,4,1,1.0,0.5,9.0,5.0,0.263125,512,64,19,470,90,381,18.419642857142858,19,0.8106382978723404
time_merger,4,1,1.0,0.6499999999999999,22.224489795918352,11.612244897959176,0.263125,512,64,19,476,90,386,17.801339285714285,19,0.8109243697478992
time_merger,4,1,1.0,0.8,81.00000000000003,41.000000000000014,0.263125,512,64,19,492,90,398,14.964285714285714,19,0.8089430894308943
time_merger,4,1,1.0,0.95,1000.0,760.9999999999986,0.263125,512,64,19,0,0,0,0.0,0,1e-12
time_merger,4,1,1.0,-0.25,0.36,1.0,0.3,512,64,19,538,90,448,18.799107142857142,19,0.8327137546468402
time_merger,4,1,1.0,-0.1,0.6694214876033057,1.0,0.3,512,64,19,538,90,448,18.799107142857142,19,0.8327137546468402
time_merger,4,1,1.0,0.04999999999999999,1.2216066481994463,1.1108033240997233,0.3,512,64,19,538,90,448,18.799107142857142,19,0.8327137546468402
time_merger,4,1,1.0,0.19999999999999996,2.2499999999999996,1.6249999999999998,0.3,512,64,19,538,90,448,18.736607142857142,19,0.8327137546468402
time_merger,4,1,1.0,0.35,4.313609467455622,2.656804733727811,0.3,512,64,19,539,90,449,18.667410714285715,19,0.8330241187384044
time_merger,4,1,1.0,0.5,9.0,5.0,0.3,512,64,19,535,90,446,18.558035714285715,19,0.8336448598130841
time_merger,4,1,1.0,0.6499999999999999,22.224489795918352,11.612244897959176,0.3,512,64,19,534,90,445,17.915178571428573,19,0.8333333333333334
time_merger,4,1,1.0,0.8,81.00000000000003,41.000000000000014,0.3,512,64,19,533,90,444,15.375,19,0.8330206378986866
time_merger,4,1,1.0,0.95,1000.0,760.9999999999986,0.3,512,64,19,0,0,0,0.0,0,1e-12
opq,4,2,1.0,-0.25,0.36,1.0,0.005,512,64,255,9,9,0,0.0,0,1e-12
opq,4,2,1.0,-0.1,0.6694214876033057,1.0,0.005,512,64,255,9,9,0,0.0,0,1e-12
opq,4,2,1.0,0.04999999999999999,1.2216066481994463,1.1108033240997233,0.005,512,64,255,8,8,0,0.0,0,1e-12
opq,4,2,1.0,0.19999999999999996,2.2499999999999996,1.6249999999999998,0.005,512,64,255,9,9,0,0.0,0,1e-12
opq,4,2,1.0,0.35,4.313609467455622,2.656804733727811,0.005,512,64,255,7,7,0,0.002232142857142857,1,1e-12
opq,4,2,1.0,0.5,9.0,5.0,0.005,512,64,255,10,10,0,0.017857142857142856,3,1e-12
opq,4,2,1.0,0.6499999999999999,22.224489795918352,11.612244897959176,0.005,512,64,255,0,0,0,0.0,0,1e-12
opq,4,2,1.0,0.8,81.00000000000003,41.000000000000014,0.005,512,64,255,0,0,0,0.0,0,1e-12
opq,4,2,1.0,0.95,1000.0,760.9999999999986,0.005,512,64,255,0,0,0,0.0,0,1e-12
opq,4,2,1.0,-0.25,0.36,1.0,0.041874999999999996,512,64,255,75,75,0,0.0,0,1e-12
opq,4,2,1.0,-0.1,0.6694214876033057,1.0,0.041874999999999996,512,64,255,75,75,0,0.0,0,1e-12
opq,4,2,1.0,0.04999999999999999,1.2216066481994463,1.1108033240997233,0.041874999999999996,512,64,255,76,76,0,0.0,0,1e-12
opq,4,2,1.0,0.19999999999999996,2.2499999999999996,1.6249999999999998,0.041874999999999996,512,64,255,75,75,0,0.0,0,1e-12
opq,4,2,1.0,0.35,4.313609467455622,2.656804733727811,0.041874999999999996,512,64,255,75,76,0,0.04241071428571429,1,1e-12
opq,4,2,1.0,0.5,9.0,5.0,0.041874999999999996,512,64,255,75,75,0,0.13392857142857142,3,1e-12
opq,4,2,1.0,0.6499999999999999,22.224489795918352,11.612244897959176,0.041874999999999996,512,64,255,81,81,0,0.43526785714285715,10,1e-12
opq,4,2,1.0,0.8,81.00000000000003,41.000000000000014,0.041874999999999996,512,64,255,82,82,0,1.7857142857142858,39,1e-12
opq,4,2,1.0,0.95,1000.0,760.9999999999986,0.041874999999999996,512,64,255,0,0,0,0.0,0,1e-12
opq,4,2,1.0,-0.25,0.36,1.0,0.07875,512,64,255,141,141,0,0.0,0,1e-12
opq,4,2,1.0,-0.1,0.6694214876033057,1.0,0.07875,512,64,255,141,141,0,0.0,0,1e-12
opq,4,2,1.0,0.04999999999999999,1.2216066481994463,1.1108033240997233,0.07875,512,64,255,142,142,0,0.0,0,1e-12
opq,4,2,1.0,0.19999999999999996,2.2499999999999996,1.6249999999999998,0.07875,512,64,255,141,141,0,0.0,0,1e-12
opq,4,2,1.0,0.35,4.313609467455622,2.656804733727811,0.07875,512,64,255,141,141,0,0.078125,1,1e-12
opq,4,2,1.0,0.5,9.0,5.0,0.07875,512,64,255,140,143,0,0.25223214285714285,3,1e-12
opq,4,2,1.0,0.6499999999999999,22.224489795918352,11.612244897959176,0.07875,512,64,255,139,139,0,0.7477678571428571,10,1e-12
opq,4,2,1.0,0.8,81.00000000000003,41.000000000000014,0.07875,512,64,255,123,123,0,2.6785714285714284,39,1e-12
opq,4,2,1.0,0.95,1000.0,760.9999999999986,0.07875,512,64,255,0,0,0,0.0,0,1e-12
opq,4,2,1.0,-0.25,0.36,1.0,0.115625,512,64,255,207,207,0,0.0,0,1e-12
opq,4,2,1.0,-0.1,0.6694214876033057,1.0,0.115625,512,64,255,207,207,0,0.0,0,1e-12
opq,4,2,1.0,0.04999999999999999,1.2216066481994463,1.1108033240997233,0.115625,512,64,255,208,208,0,0.0,0,1e-12
opq,4,2,1.0,0.19999999999999996,2.2499999999999996,1.6249999999999998,0.115625,512,64,255,206,206,0,0.0,0,1e-12
opq,4,2,1.0,0.35,4.313609467455622,2.656804733727811,0.115625,512,64,255,207,207,0,0.11383928571428571,1,1e-12
opq,4,2,1.0,0.5,9.0,5.0,0.115625,512,64,255,210,210,0,0.375,3,1e-12
opq,4,2,1.0,0.6499999999999999,22.224489795918352,11.612244897959176,0.115625,512,64,255,209,209,0,1.1272321428571428,10,1e-12
opq,4,2,1.0,0.8,81.00000000000003,41.000000000000014,0.115625,512,64,255,205,205,0,4.464285714285714,39,1e-12
opq,4,2,1.0,0.95,1000.0,760.9999999999986,0.115625,512,64,255,0,0,0,0.0,0,1e-12
opq,4,2,1.0,-0.25,0.36,1.0,0.1525,512,64,255,273,273,0,0.0,0,1e-12
opq,4,2,1.0,-0.1,0.6694214876033057,1.0,0.1525,512,64,255,273,273,0,0.0,0,1e-12
opq,4,2,1.0,0.04999999999999999,1.2216066481994463,1.1108033240997233,0.1525,512,64,255,274,274,0,0.0,0,1e-12
opq,4,2,1.0,0.19999999999999996,2.2499999999999996,1.6249999999999998,0.1525,512,64,255,273,273,0,0.0,0,1e-12
opq,4,2,1.0,0.35,4.313609467455622,2.656804733727811,0.1525,512,64,255,273,273,0,0.14955357142857142,1,1e-12
opq,4,2,1.0,0.5,9.0,5.0,0.1525,512,64,255,275,275,0,0.49107142857142855,3,1e-12
opq,4,2,1.0,0.6499999999999999,22.224489795918352,11.612244897959176,0.1525,512,64,255,267,267,0,1.4397321428571428,10,1e-12
opq,4,2,1.0,0.8,81.00000000000003,41.000000000000014,0.1525,512,64,255,287,287,0,6.25,39,1e-12
opq,4,2,1.0,0.95,1000.0,760.9999999999986,0.1525,512,64,255,0,0,0,0.0,0,1e-12
opq,4,2,1.0,-0.25,0.36,1.0,0.189375,512,64,255,339,339,0,0.0,0,1e-12
opq,4,2,1.0,-0.1,0.6694214876033057,1.0,0.189375,512,64,255,339,339,0,0.0,0,1e-12
opq,4,2,1.0,0.04999999999999999,1.2216066481994463,1.1108033240997233,0.189375,512,64,255,340,340,0,0.0,0,1e-12
opq,4,2,1.0,0.19999999999999996,2.2499999999999996,1.6249999999999998,0.189375,512,64,255,339,339,0,0.0,0,1e-12
opq,4,2,1.0,0.35,4.313609467455622,2.656804733727811,0.189375,512,64,255,338,338,0,0.1875,1,1e-12
opq,4,2,1.0,0.5,9.0,5.0,0.189375,512,64,255,340,340,0,0.6071428571428571,3,1e-12
opq,4,2,1.0,0.6499999999999999,22.224489795918352,11.612244897959176,0.189375,512,64,255,337,343,0,1.8325892857142858,10,1e-12
opq,4,2,1.0,0.8,81.00000000000003,41.000000000000014,0.189375,512,64,255,328,349,0,7.366071428571429,39,1e-12
opq,4,2,1.0,0.95,1000.0,760.9999999999986,0.189375,512,64,255,0,0,0,0.0,0,1e-12
opq,4,2,1.0,-0.25,0.36,1.0,0.22625,512,64,255,406,406,0,0.0,0,1e-12
opq,4,2,1.0,-0.1,0.6694214876033057,1.0,0.22625,512,64,255,406,406,0,0.0,0,1e-12
opq,4,2,1.0,0.04999999999999999,1.2216066481994463,1.1108033240997233,0.22625,512,64,255,406,406,0,0.0,0,1e-12
opq,4,2,1.0,0.19999999999999996,2.2499999999999996,1.6249999999999998,0.22625,512,64,255,407,407,0,0.0,0,1e-12
opq,4,2,1.0,0.35,4.313609467455622,2.656804733727811,0.22625,512,64,255,407,407,0,0.22544642857142858,1,1e-12
opq,4,2,1.0,0.5,9.0,5.0,0.22625,512,64,255,405,405,0,0.7232142857142857,3,1e-12
opq,4,2,1.0,0.6499999999999999,22.224489795918352,11.612244897959176,0.22625,512,64,255,406,406,0,2.1875,10,1e-12
opq,4,2,1.0,0.8,81.00000000000003,41.000000000000014,0.22625,512,64,255,410,400,0,8.850446428571429,39,1e-12
opq,4,2,1.0,0.95,1000.0,760.9999999999986,0.22625,512,64,255,0,0,0,0.0,0,1e-12
opq,4,2,1.0,-0.25,0.36,1.0,0.263125,512,64,255,471,471,0,0.0,0,1e-12
opq,4,2,1.0,-0.1,0.6694214876033057,1.0,0.263125,512,64,255,471,471,0,0.0,0,1e-12
opq,4,2,1.0,0.04999999999999999,1.2216066481994463,1.1108033240997233,0.263125,512,64,255,472,472,0,0.0,0,1e-12
opq,4,2,1.0,0.19999999999999996,2.2499999999999996,1.6249999999999998,0.263125,512,64,255,471,471,0,0.0,0,1e-12
opq,4,2,1.0,0.35,4.313609467455622,2.656804733727811,0.263125,512,64,255,470,471,0,0.25892857142857145,1,1e-12
opq,4,2,1.0,0.5,9.0,5.0,0.263125,512,64,255,470,470,0,0.8392857142857143,3,1e-12
opq,4,2,1.0,0.6499999999999999,22.224489795918352,11.612244897959176,0.263125,512,64,255,476,474,0,2.5669642857142856,10,1e-12
opq,4,2,1.0,0.8,81.00000000000003,41.000000000000014,0.263125,512,64,255,492,463,0,10.276785714285714,39,1e-12
opq,4,2,1.0,0.95,1000.0,760.9999999999986,0.263125,512,64,255,0,0,0,0.0,0,1e-12
opq,4,2,1.0,-0.25,0.36,1.0,0.3,512,64,255,538,538,0,0.0,0,1e-12
opq,4,2,1.0,-0.1,0.6694214876033057,1.0,0.3,512,64,255,538,538,0,0.0,0,1e-12
opq,4,2,1.0,0.04999999999999999,1.2216066481994463,1.1108033240997233,0.3,512,64,255,538,538,0,0.011160714285714286,1,1e-12
opq,4,2,1.0,0.19999999999999996,2.2499999999999996,1.6249999999999998,0.3,512,64,255,538,538,0,0.0,0,1e-12
opq,4,2,1.0,0.35,4.313609467455622,2.656804733727811,0.3,512,64,255,539,539,0,0.296875,1,1e-12
opq,4,2,1.0,0.5,9.0,5.0,0.3,512,64,255,535,536,0,0.9553571428571429,3,1e-12
opq,4,2,1.0,0.6499999999999999,22.224489795918352,11.612244897959176,0.3,512,64,255,534,534,0,2.8794642857142856,10,1e-12
opq,4,2,1.0,0.8,81.00000000000003,41.000000000000014,0.3,512,64,255,533,533,0,11.607142857142858,39,1e-12
opq,4,2,1.0,0.95,1000.0,760.9999999999986,0.3,512,64,255,0,0,0,0.0,0,1e-12
time_merger,4,2,1.0,-0.25,0.36,1.0,0.005,512,64,19,9,9,0,0.0,0,1e-12
time_merger,4,2,1.0,-0.1,0.6694214876033057,1.0,0.005,512,64,19,9,9,0,0.0,0,1e-12
time_merger,4,2,1.0,0.04999999999999999,1.2216066481994463,1.1108033240997233,0.005,512,64,19,8,8,0,0.026785714285714284,1,1e-12
time_merger,4,2,1.0,0.19999999999999996,2.2499999999999996,1.6249999999999998,0.005,512,64,19,9,9,0,0.06919642857142858,2,1e-12
time_merger,4,2,1.0,0.35,4.313609467455622,2.656804733727811,0.005,512,64,19,7,7,0,0.09598214285714286,3,1e-12
time_merger,4,2,1.0,0.5,9.0,5.0,0.005,512,64,19,10,8,0,0.203125,4,1e-12
time_merger,4,2,1.0,0.6499999999999999,22.224489795918352,11.612244897959176,0.005,512,64,19,0,0,0,0.0,0,1e-12
time_merger,4,2,1.0,0.8,81.00000000000003,41.000000000000014,0.005,512,64,19,0,0,0,0.0,0,1e-12
time_merger,4,2,1.0,0.95,1000.0,760.9999999999986,0.005,512,64,19,0,0,0,0.0,0,1e-12
time_merger,4,2,1.0,-0.25,0.36,1.0,0.041874999999999996,512,64,19,75,75,0,0.34598214285714285,1,1e-12
time_merger,4,2,1.0,-0.1,0.6694214876033057,1.0,0.041874999999999996,512,64,19,75,75,0,0.34598214285714285,1,1e-12
time_merger,4,2,1.0,0.04999999999999999,1.2216066481994463,1.1108033240997233,0.041874999999999996,512,64,19,76,75,0,0.5446428571428571,2,1e-12
time_merger,4,2,1.0,0.19999999999999996,2.2499999999999996,1.6249999999999998,0.041874999999999996,512,64,19,75,75,0,0.71875,2,1e-12
time_merger,4,2,1.0,0.35,4.313609467455622,2.656804733727811,0.041874999999999996,512,64,19,75,76,0,1.0602678571428572,3,1e-12
time_merger,4,2,1.0,0.5,9.0,5.0,0.041874999999999996,512,64,19,75,75,0,1.8236607142857142,5,1e-12
time_merger,4,2,1.0,0.6499999999999999,22.224489795918352,11.612244897959176,0.041874999999999996,512,64,19,81,74,0,4.9375,12,1e-12
time_merger,4,2,1.0,0.8,81.00000000000003,41.000000000000014,0.041874999999999996,512,64,19,82,24,44,2.7388392857142856,18,0.5365853658536586
time_merger,4,2,1.0,0.95,1000.0,760.9999999999986,0.041874999999999996,512,64,19,0,0,0,0.0,0,1e-12
time_merger,4,2,1.0,-0.25,0.36,1.0,0.07875,512,64,19,141,90,40,17.350446428571427,19,0.28368794326241137
time_merger,4,2,1.0,-0.1,0.6694214876033057,1.0,0.07875,512,64,19,141,90,40,17.350446428571427,19,0.28368794326241137
time_merger,4,2,1.0,0.04999999999999999,1.2216066481994463,1.1108033240997233,0.07875,512,64,19,142,90,40,17.178571428571427,19,0.28169014084507044
time_merger,4,2,1.0,0.19999999999999996,2.2499999999999996,1.6249999999999998,0.07875,512,64,19,141,90,40,17.207589285714285,19,0.28368794326241137
time_merger,4,2,1.0,0.35,4.313609467455622,2.656804733727811,0.07875,512,64,19,141,90,40,16.859375,19,0.28368794326241137
time_merger,4,2,1.0,0.5,9.0,5.0,0.07875,512,64,19,140,90,43,16.537946428571427,19,0.30714285714285716
time_merger,4,2,1.0,0.6499999999999999,22.224489795918352,11.612244897959176,0.07875,512,64,19,139,90,43,14.729910714285714,19,0.30935251798561153
time_merger,4,2,1.0,0.8,81.00000000000003,41.000000000000014,0.07875,512,64,19,123,57,66,6.234375,19,0.5365853658536586
time_merger,4,2,1.0,0.95,1000.0,760.9999999999986,0.07875,512,64,19,0,0,0,0.0,0,1e-12
time_merger,4,2,1.0,-0.25,0.36,1.0,0.115625,512,64,19,207,90,115,18.649553571428573,19,0.5555555555555556
time_merger,4,2,1.0,-0.1,0.6694214876033057,1.0,0.115625,512,64,19,207,90,115,18.649553571428573,19,0.5555555555555556
time_merger,4,2,1.0,0.04999999999999999,1.2216066481994463,1.1108033240997233,0.115625,512,64,19,208,90,115,18.622767857142858,19,0.5528846153846154
time_merger,4,2,1.0,0.19999999999999996,2.2499999999999996,1.6249999999999998,0.115625,512,64,19,206,90,115,18.5,19,0.558252427184466
time_merger,4,2,1.0,0.35,4.313609467455622,2.656804733727811,0.115625,512,64,19,207,90,116,18.301339285714285,19,0.5603864734299517
time_merger,4,2,1.0,0.5,9.0,5.0,0.115625,512,64,19,210,90,117,17.814732142857142,19,0.5571428571428572
time_merger,4,2,1.0,0.6499999999999999,22.224489795918352,11.612244897959176,0.115625,512,64,19,209,90,118,16.629464285714285,19,0.5645933014354066
time_merger,4,2,1.0,0.8,81.00000000000003,41.000000000000014,0.115625,512,64,19,205,85,115,9.720982142857142,19,0.5609756097560976
time_merger,4,2,1.0,0.95,1000.0,760.9999999999986,0.115625,512,64,19,0,0,0,0.0,0,1e-12
time_merger,4,2,1.0,-0.25,0.36,1.0,0.1525,512,64,19,273,90,183,18.732142857142858,19,0.6703296703296703
time_merger,4,2,1.0,-0.1,0.6694214876033057,1.0,0.1525,512,64,19,273,90,183,18.732142857142858,19,0.6703296703296703
time_merger,4,2,1.0,0.04999999999999999,1.2216066481994463,1.1108033240997233,0.1525,512,64,19,274,90,184,18.705357142857142,19,0.6715328467153284
time_merger,4,2,1.0,0.19999999999999996,2.2499999999999996,1.6249999999999998,0.1525,512,64,19,273,90,183,18.620535714285715,19,0.6703296703296703
time_merger,4,2,1.0,0.35,4.313609467455622,2.656804733727811,0.1525,512,64,19,273,90,184,18.46875,19,0.673992673992674
time_merger,4,2,1.0,0.5,9.0,5.0,0.1525,512,64,19,275,90,185,18.091517857142858,19,0.6727272727272727
time_merger,4,2,1.0,0.6499999999999999,22.224489795918352,11.612244897959176,0.1525,512,64,19,267,90,180,16.993303571428573,19,0.6741573033707865
time_merger,4,2,1.0,0.8,81.00000000000003,41.000000000000014,0.1525,512,64,19,287,89,187,12.314732142857142,19,0.6515679442508711
time_merger,4,2,1.0,0.95,1000.0,760.9999999999986,0.1525,512,64,19,0,0,0,0.0,0,1e-12
time_merger,4,2,1.0,-0.25,0.36,1.0,0.189375,512,64,19,339,90,249,18.75,19,0.7345132743362832
time_merger,4,2,1.0,-0.1,0.6694214876033057,1.0,0.189375,512,64,19,339,90,249,18.75,19,0.7345132743362832
time_merger,4,2,1.0,0.04999999999999999,1.2216066481994463,1.1108033240997233,0.189375,512,64,19,340,90,250,18.736607142857142,19,0.7352941176470589
time_merger,4,2,1.0,0.19999999999999996,2.2499999999999996,1.6249999999999998,0.189375,512,64,19,339,90,249,18.694196428571427,19,0.7345132743362832
time_merger,4,2,1.0,0.35,4.313609467455622,2.656804733727811,0.189375,512,64,19,338,90,249,18.537946428571427,19,0.7366863905325444
time_merger,4,2,1.0,0.5,9.0,5.0,0.189375,512,64,19,340,90,250,18.25,19,0.7352941176470589
time_merger,4,2,1.0,0.6499999999999999,22.224489795918352,11.612244897959176,0.189375,512,64,19,337,90,248,17.361607142857142,19,0.7359050445103857
time_merger,4,2,1.0,0.8,81.00000000000003,41.000000000000014,0.189375,512,64,19,328,90,241,13.462053571428571,19,0.7347560975609756
time_merger,4,2,1.0,0.95,1000.0,760.9999999999986,0.189375,512,64,19,0,0,0,0.0,0,1e-12
time_merger,4,2,1.0,-0.25,0.36,1.0,0.22625,512,64,19,406,90,316,18.779017857142858,19,0.7783251231527094
time_merger,4,2,1.0,-0.1,0.6694214876033057,1.0,0.22625,512,64,19,406,90,316,18.779017857142858,19,0.7783251231527094
time_merger,4,2,1.0,0.04999999999999999,1.2216066481994463,1.1108033240997233,0.22625,512,64,19,406,90,316,18.758928571428573,19,0.7783251231527094
time_merger,4,2,1.0,0.19999999999999996,2.2499999999999996,1.6249999999999998,0.22625,512,64,19,407,90,317,18.709821428571427,19,0.7788697788697788
time_merger,4,2,1.0,0.35,4.313609467455622,2.656804733727811,0.22625,512,64,19,407,90,317,18.600446428571427,19,0.7788697788697788
time_merger,4,2,1.0,0.5,9.0,5.0,0.22625,512,64,19,405,90,316,18.337053571428573,19,0.7802469135802469
time_merger,4,2,1.0,0.6499999999999999,22.224489795918352,11.612244897959176,0.22625,512,64,19,406,90,316,17.611607142857142,19,0.7783251231527094
time_merger,4,2,1.0,0.8,81.00000000000003,41.000000000000014,0.22625,512,64,19,410,90,320,14.493303571428571,19,0.7804878048780488
time_merger,4,2,1.0,0.95,1000.0,760.9999999999986,0.22625,512,64,19,0,0,0,0.0,0,1e-12
time_merger,4,2,1.0,-0.25,0.36,1.0,0.263125,512,64,19,471,90,381,18.799107142857142,19,0.8089171974522293
time_merger,4,2,1.0,-0.1,0.6694214876033057,1.0,0.263125,512,64,19,471,90,381,18.799107142857142,19,0.8089171974522293
time_merger,4,2,1.0,0.04999999999999999,1.2216066481994463,1.1108033240997233,0.263125,512,64,19,472,90,382,18.787946428571427,19,0.809322033898305
time_merger,4,2,1.0,0.19999999999999996,2.2499999999999996,1.6249999999999998,0.263125,512,64,19,471,90,381,18.725446428571427,19,0.8089171974522293
time_merger,4,2,1.0,0.35,4.313609467455622,2.656804733727811,0.263125,512,64,19,470,90,381,18.620535714285715,19,0.8106382978723404
time_merger,4,2,1.0,0.5,9.0,5.0,0.263125,512,64,19,470,90,381,18.419642857142858,19,0.8106382978723404
time_merger,4,2,1.0,0.6499999999999999,22.224489795918352,11.612244897959176,0.263125,512,64,19,476,90,386,17.801339285714285,19,0.8109243697478992
time_merger,4,2,1.0,0.8,81.00000000000003,41.000000000000014,0.263125,512,64,19,492,90,398,14.964285714285714,19,0.8089430894308943
time_merger,4,2,1.0,0.95,1000.0,760.9999999999986,0.263125,512,64,19,0,0,0,0.0,0,1e-12
time_merger,4,2,1.0,-0.25,0.36,1.0,0.3,512,64,19,538,90,448,18.799107142857142,19,0.8327137546468402
time_merger,4,2,1.0,-0.1,0.6694214876033057,1.0,0.3,512,64,19,538,90,448,18.799107142857142,19,0.8327137546468402
time_merger,4,2,1.0,0.04999999999999999,1.2216066481994463,1.1108033240997233,0.3,512,64,19,538,90,448,18.799107142857142,19,0.8327137546468402
time_merger,4,2,1.0,0.19999999999999996,2.2499999999999996,1.6249999999999998,0.3,512,64,19,538,90,448,18.736607142857142,19,0.8327137546468402
time_merger,4,2,1.0,0.35,4.313609467455622,2.656804733727811,0.3,512,64,19,539,90,449,18.667410714285715,19,0.8330241187384044
time_merger,4,2,1.0,0.5,9.0,5.0,0.3,512,64,19,535,90,446,18.558035714285715,19,0.8336448598130841
time_merger,4,2,1.0,0.6499999999999999,22.224489795918352,11.612244897959176,0.3,512,64,19,534,90,445,17.915178571428573,19,0.8333333333333334
time_merger,4,2,1.0,0.8,81.00000000000003,41.000000000000014,0.3,512,64,19,533,90,444,15.375,19,0.8330206378986866
time_merger,4,2,1.0,0.95,1000.0,760.9999999999986,0.3,512,64,19,0,0,0,0.0,0,1e-12
opq,4,4,1.0,-0.25,0.36,1.0,0.005,512,64,255,9,9,0,0.0,0,1e-12
opq,4,4,1.0,-0.1,0.6694214876033057,1.0,0.005,512,64,255,9,9,0,0.0,0,1e-12
opq,4,4,1.0,0.04999999999999999,1.2216066481994463,1.1108033240997233,0.005,512,64,255,8,8,0,0.0,0,1e-12
opq,4,4,1.0,0.19999999999999996,2.2499999999999996,1.6249999999999998,0.005,512,64,255,9,9,0,0.0,0,1e-12
opq,4,4,1.0,0.35,4.313609467455622,2.656804733727811,0.005,512,64,255,7,7,0,0.0,0,1e-12
opq,4,4,1.0,0.5,9.0,5.0,0.005,512,64,255,10,10,0,0.004464285714285714,1,1e-12
opq,4,4,1.0,0.6499999999999999,22.224489795918352,11.612244897959176,0.005,512,64,255,0,0,0,0.0,0,1e-12
opq,4,4,1.0,0.8,81.00000000000003,41.000000000000014,0.005,512,64,255,0,0,0,0.0,0,1e-12
opq,4,4,1.0,0.95,1000.0,760.9999999999986,0.005,512,64,255,0,0,0,0.0,0,1e-12
opq,4,4,1.0,-0.25,0.36,1.0,0.041874999999999996,512,64,255,75,75,0,0.0,0,1e-12
opq,4,4,1.0,-0.1,0.6694214876033057,1.0,0.041874999999999996,512,64,255,75,75,0,0.0,0,1e-12
opq,4,4,1.0,0.04999999999999999,1.2216066481994463,1.1108033240997233,0.041874999999999996,512,64,255,76,76,0,0.0,0,1e-12
opq,4,4,1.0,0.19999999999999996,2.2499999999999996,1.6249999999999998,0.041874999999999996,512,64,255,75,75,0,0.0,0,1e-12
opq,4,4,1.0,0.35,4.313609467455622,2.656804733727811,0.041874999999999996,512,64,255,75,75,0,0.0,0,1e-12
opq,4,4,1.0,0.5,9.0,5.0,0.041874999999999996,512,64,255,75,75,0,0.033482142857142856,1,1e-12
opq,4,4,1.0,0.6499999999999999,22.224489795918352,11.612244897959176,0.041874999999999996,512,64,255,81,81,0,0.17410714285714285,8,1e-12
opq,4,4,1.0,0.8,81.00000000000003,41.000000000000014,0.041874999999999996,512,64,255,82,82,0,0.8482142857142857,37,1e-12
opq,4,4,1.0,0.95,1000.0,760.9999999999986,0.041874999999999996,512,64,255,0,0,0,0.0,0,1e-12
opq,4,4,1.0,-0.25,0.36,1.0,0.07875,512,64,255,141,141,0,0.0,0,1e-12
opq,4,4,1.0,-0.1,0.6694214876033057,1.0,0.07875,512,64,255,141,141,0,0.0,0,1e-12
opq,4,4,1.0,0.04999999999999999,1.2216066481994463,1.1108033240997233,0.07875,512,64,255,142,142,0,0.0,0,1e-12
opq,4,4,1.0,0.19999999999999996,2.2499999999999996,1.6249999999999998,0.07875,512,64,255,141,141,0,0.0,0,1e-12
opq,4,4,1.0,0.35,4.313609467455622,2.656804733727811,0.07875,512,64,255,141,141,0,0.0,0,1e-12
opq,4,4,1.0,0.5,9.0,5.0,0.07875,512,64,255,140,141,0,0.0625,1,1e-12
opq,4,4,1.0,0.6499999999999999,22.224489795918352,11.612244897959176,0.07875,512,64,255,139,139,0,0.29910714285714285,8,1e-12
opq,4,4,1.0,0.8,81.00000000000003,41.000000000000014,0.07875,512,64,255,123,123,0,1.2723214285714286,37,1e-12
opq,4,4,1.0,0.95,1000.0,760.9999999999986,0.07875,512,64,255,0,0,0,0.0,0,1e-12
opq,4,4,1.0,-0.25,0.36,1.0,0.115625,512,64,255,207,207,0,0.0,0,1e-12
opq,4,4,1.0,-0.1,0.6694214876033057,1.0,0.115625,512,64,255,207,207,0,0.0,0,1e-12
opq,4,4,1.0,0.04999999999999999,1.2216066481994463,1.1108033240997233,0.115625,512,64,255,208,208,0,0.0,0,1e-12
opq,4,4,1.0,0.19999999999999996,2.2499999999999996,1.6249999999999998,0.115625,512,64,255,206,206,0,0.0,0,1e-12
opq,4,4,1.0,0.35,4.313609467455622,2.656804733727811,0.115625,512,64,255,207,207,0,0.0,0,1e-12
opq,4,4,1.0,0.5,9.0,5.0,0.115625,512,64,255,210,210,0,0.09375,1,1e-12
opq,4,4,1.0,0.6499999999999999,22.224489795918352,11.612244897959176,0.115625,512,64,255,209,209,0,0.45089285714285715,8,1e-12
opq,4,4,1.0,0.8,81.00000000000003,41.000000000000014,0.115625,512,64,255,205,205,0,2.1205357142857144,37,1e-12
opq,4,4,1.0,0.95,1000.0,760.9999999999986,0.115625,512,64,255,0,0,0,0.0,0,1e-12
opq,4,4,1.0,-0.25,0.36,1.0,0.1525,512,64,255,273,273,0,0.0,0,1e-12
opq,4,4,1.0,-0.1,0.6694214876033057,1.0,0.1525,512,64,255,273,273,0,0.0,0,1e-12
opq,4,4,1.0,0.04999999999999999,1.2216066481994463,1.1108033240997233,0.1525,512,64,255,274,274,0,0.0,0,1e-12
opq,4,4,1.0,0.19999999999999996,2.2499999999999996,1.6249999999999998,0.1525,512,64,255,273,273,0,0.0,0,1e-12
opq,4,4,1.0,0.35,4.313609467455622,2.656804733727811,0.1525,512,64,255,273,273,0,0.0,0,1e-12
opq,4,4,1.0,0.5,9.0,5.0,0.1525,512,64,255,275,275,0,0.12276785714285714,1,1e-12
opq,4,4,1.0,0.6499999999999999,22.224489795918352,11.612244897959176,0.1525,512,64,255,267,267,0,0.5758928571428571,8,1e-12
opq,4,4,1.0,0.8,81.00000000000003,41.000000000000014,0.1525,512,64,255,287,287,0,2.96875,37,1e-12
opq,4,4,1.0,0.95,1000.0,760.9999999999986,0.1525,512,64,255,0,0,0,0.0,0,1e-12
opq,4,4,1.0,-0.25,0.36,1.0,0.189375,512,64,255,339,339,0,0.0,0,1e-12
opq,4,4,1.0,-0.1,0.6694214876033057,1.0,0.189375,512,64,255,339,339,0,0.0,0,1e-12
opq,4,4,1.0,0.04999999999999999,1.2216066481994463,1.1108033240997233,0.189375,512,64,255,340,340,0,0.0,0,1e-12
opq,4,4,1.0,0.19999999999999996,2.2499999999999996,1.6249999999999998,0.189375,512,64,255,339,339,0,0.0,0,1e-12
opq,4,4,1.0,0.35,4.313609467455622,2.656804733727811,0.189375,512,64,255,338,338,0,0.0,0,1e-12
opq,4,4,1.0,0.5,9.0,5.0,0.189375,512,64,255,340,340,0,0.15178571428571427,1,1e-12
opq,4,4,1.0,0.6499999999999999,22.224489795918352,11.612244897959176,0.189375,512,64,255,337,337,0,0.7276785714285714,8,1e-12
opq,4,4,1.0,0.8,81.00000000000003,41.000000000000014,0.189375,512,64,255,328,329,0,3.392857142857143,37,1e-12
opq,4,4,1.0,0.95,1000.0,760.9999999999986,0.189375,512,64,255,0,0,0,0.0,0,1e-12
opq,4,4,1.0,-0.25,0.36,1.0,0.22625,512,64,255,406,406,0,0.0,0,1e-12
opq,4,4,1.0,-0.1,0.6694214876033057,1.0,0.22625,512,64,255,406,406,0,0.0,0,1e-12
opq,4,4,1.0,0.04999999999999999,1.2216066481994463,1.1108033240997233,0.22625,512,64,255,406,406,0,0.0,0,1e-12
opq,4,4,1.0,0.19999999999999996,2.2499999999999996,1.6249999999999998,0.22625,512,64,255,407,407,0,0.0,0,1e-12
opq,4,4,1.0,0.35,4.313609467455622,2.656804733727811,0.22625,512,64,255,407,407,0,0.0,0,1e-12
opq,4,4,1.0,0.5,9.0,5.0,0.22625,512,64,255,405,405,0,0.18080357142857142,1,1e-12
opq,4,4,1.0,0.6499999999999999,22.224489795918352,11.612244897959176,0.22625,512,64,255,406,406,0,0.875,8,1e-12
opq,4,4,1.0,0.8,81.00000000000003,41.000000000000014,0.22625,512,64,255,410,410,0,4.241071428571429,37,1e-12
opq,4,4,1.0,0.95,1000.0,760.9999999999986,0.22625,512,64,255,0,0,0,0.0,0,1e-12
opq,4,4,1.0,-0.25,0.36,1.0,0.263125,512,64,255,471,471,0,0.0,0,1e-12
opq,4,4,1.0,-0.1,0.6694214876033057,1.0,0.263125,512,64,255,471,471,0,0.0,0,1e-12
opq,4,4,1.0,0.04999999999999999,1.2216066481994463,1.1108033240997233,0.263125,512,64,255,472,472,0,0.0,0,1e-12
opq,4,4,1.0,0.19999999999999996,2.2499999999999996,1.6249999999999998,0.263125,512,64,255,471,471,0,0.0,0,1e-12
opq,4,4,1.0,0.35,4.313609467455622,2.656804733727811,0.263125,512,64,255,470,470,0,0.0,0,1e-12
opq,4,4,1.0,0.5,9.0,5.0,0.263125,512,64,255,470,470,0,0.20982142857142858,1,1e-12
opq,4,4,1.0,0.6499999999999999,22.224489795918352,11.612244897959176,0.263125,512,64,255,476,476,0,1.0267857142857142,8,1e-12
opq,4,4,1.0,0.8,81.00000000000003,41.000000000000014,0.263125,512,64,255,492,475,0,5.026785714285714,37,1e-12
opq,4,4,1.0,0.95,1000.0,760.9999999999986,0.263125,512,64,255,0,0,0,0.0,0,1e-12
opq,4,4,1.0,-0.25,0.36,1.0,0.3,512,64,255,538,538,0,0.0,0,1e-12
opq,4,4,1.0,-0.1,0.6694214876033057,1.0,0.3,512,64,255,538,538,0,0.0,0,1e-12
opq,4,4,1.0,0.04999999999999999,1.2216066481994463,1.1108033240997233,0.3,512,64,255,538,538,0,0.0,0,1e-12
opq,4,4,1.0,0.19999999999999996,2.2499999999999996,1.6249999999999998,0.3,512,64,255,538,538,0,0.0,0,1e-12
opq,4,4,1.0,0.35,4.313609467455622,2.656804733727811,0.3,512,64,255,539,539,0,0.0,0,1e-12
opq,4,4,1.0,0.5,9.0,5.0,0.3,512,64,255,535,535,0,0.23883928571428573,1,1e-12
opq,4,4,1.0,0.6499999999999999,22.224489795918352,11.612244897959176,0.3,512,64,255,534,534,0,1.1517857142857142,8,1e-12
opq,4,4,1.0,0.8,81.00000000000003,41.000000000000014,0.3,512,64,255,533,533,0,5.513392857142857,37,1e-12
opq,4,4,1.0,0.95,1000.0,760.9999999999986,0.3,512,64,255,0,0,0,0.0,0,1e-12
time_merger,4,4,1.0,-0.25,0.36,1.0,0.005,512,64,19,9,9,0,0.0,0,1e-12
time_merger,4,4,1.0,-0.1,0.6694214876033057,1.0,0.005,512,64,19,9,9,0,0.0,0,1e-12
time_merger,4,4,1.0,0.04999999999999999,1.2216066481994463,1.1108033240997233,0.005,512,64,19,8,8,0,0.026785714285714284,1,1e-12
time_merger,4,4,1.0,0.19999999999999996,2.2499999999999996,1.6249999999999998,0.005,512,64,19,9,9,0,0.06919642857142858,2,1e-12
time_merger,4,4,1.0,0.35,4.313609467455622,2.656804733727811,0.005,512,64,19,7,7,0,0.09598214285714286,3,1e-12
time_merger,4,4,1.0,0.5,9.0,5.0,0.005,512,64,19,10,8,0,0.203125,4,1e-12
time_merger,4,4,1.0,0.6499999999999999,22.224489795918352,11.612244897959176,0.005,512,64,19,0,0,0,0.0,0,1e-12
time_merger,4,4,1.0,0.8,81.00000000000003,41.000000000000014,0.005,512,64,19,0,0,0,0.0,0,1e-12
time_merger,4,4,1.0,0.95,1000.0,760.9999999999986,0.005,512,64,19,0,0,0,0.0,0,1e-12
time_merger,4,4,1.0,-0.25,0.36,1.0,0.041874999999999996,512,64,19,75,75,0,0.34598214285714285,1,1e-12
time_merger,4,4,1.0,-0.1,0.6694214876033057,1.0,0.041874999999999996,512,64,19,75,75,0,0.34598214285714285,1,1e-12
time_merger,4,4,1.0,0.04999999999999999,1.2216066481994463,1.1108033240997233,0.041874999999999996,512,64,19,76,75,0,0.5446428571428571,2,1e-12
time_merger,4,4,1.0,0.19999999999999996,2.2499999999999996,1.6249999999999998,0.041874999999999996,512,64,19,75,75,0,0.71875,2,1e-12
time_merger,4,4,1.0,0.35,4.313609467455622,2.656804733727811,0.041874999999999996,512,64,19,75,76,0,1.0602678571428572,3,1e-12
time_merger,4,4,1.0,0.5,9.0,5.0,0.041874999999999996,512,64,19,75,75,0,1.8236607142857142,5,1e-12
time_merger,4,4,1.0,0.6499999999999999,22.224489795918352,11.612244897959176,0.041874999999999996,512,64,19,81,74,0,4.9375,12,1e-12
time_merger,4,4,1.0,0.8,81.00000000000003,41.000000000000014,0.041874999999999996,512,64,19,82,24,44,2.7388392857142856,18,0.5365853658536586
time_merger,4,4,1.0,0.95,1000.0,760.9999999999986,0.041874999999999996,512,64,19,0,0,0,0.0,0,1e-12
time_merger,4,4,1.0,-0.25,0.36,1.0,0.07875,512,64,19,141,90,40,17.350446428571427,19,0.28368794326241137
time_merger,4,4,1.0,-0.1,0.6694214876033057,1.0,0.07875,512,64,19,141,90,40,17.350446428571427,19,0.28368794326241137
time_merger,4,4,1.0,0.04999999999999999,1.2216066481994463,1.1108033240997233,0.07875,512,64,19,142,90,40,17.178571428571427,19,0.28169014084507044
time_merger,4,4,1.0,0.19999999999999996,2.2499999999999996,1.6249999999999998,0.07875,512,64,19,141,90,40,17.207589285714285,19,0.28368794326241137
time_merger,4,4,1.0,0.35,4.313609467455622,2.656804733727811,0.07875,512,64,19,141,90,40,16.859375,19,0.28368794326241137
time_merger,4,4,1.0,0.5,9.0,5.0,0.07875,512,64,19,140,90,43,16.537946428571427,19,0.30714285714285716
time_merger,4,4,1.0,0.6499999999999999,22.224489795918352,11.612244897959176,0.07875,512,64,19,139,90,43,14.729910714285714,19,0.30935251798561153
time_merger,4,4,1.0,0.8,81.00000000000003,41.000000000000014,0.07875,512,64,19,123,57,66,6.234375,19,0.5365853658536586
time_merger,4,4,1.0,0.95,1000.0,760.9999999999986,0.07875,512,64,19,0,0,0,0.0,0,1e-12
time_merger,4,4,1.0,-0.25,0.36,1.0,0.115625,512,64,19,207,90,115,18.649553571428573,19,0.5555555555555556
time_merger,4,4,1.0,-0.1,0.6694214876033057,1.0,0.115625,512,64,19,207,90,115,18.649553571428573,19,0.5555555555555556
time_merger,4,4,1.0,0.04999999999999999,1.2216066481994463,1.1108033240997233,0.115625,512,64,19,208,90,115,18.622767857142858,19,0.5528846153846154
time_merger,4,4,1.0,0.19999999999999996,2.2499999999999996,1.6249999999999998,0.115625,512,64,19,206,90,115,18.5,19,0.558252427184466
time_merger,4,4,1.0,0.35,4.313609467455622,2.656804733727811,0.115625,512,64,19,207,90,116,18.301339285714285,19,0.5603864734299517
time_merger,4,4,1.0,0.5,9.0,5.0,0.115625,512,64,19,210,90,117,17.814732142857142,19,0.5571428571428572
time_merger,4,4,1.0,0.6499999999999999,22.224489795918352,11.612244897959176,0.115625,512,64,19,209,90,118,16.629464285714285,19,0.5645933014354066
time_merger,4,4,1.0,0.8,81.00000000000003,41.000000000000014,0.115625,512,64,19,205,85,115,9.720982142857142,19,0.5609756097560976
time_merger,4,4,1.0,0.95,1000.0,760.9999999999986,0.115625,512,64,19,0,0,0,0.0,0,1e-12
time_merger,4,4,1.0,-0.25,0.36,1.0,0.1525,512,64,19,273,90,183,18.732142857142858,19,0.6703296703296703
time_merger,4,4,1.0,-0.1,0.6694214876033057,1.0,0.1525,512,64,19,273,90,183,18.732142857142858,19,0.6703296703296703
time_merger,4,4,1.0,0.04999999999999999,1.2216066481994463,1.1108033240997233,0.1525,512,64,19,274,90,184,18.705357142857142,19,0.6715328467153284
time_merger,4,4,1.0,0.19999999999999996,2.2499999999999996,1.6249999999999998,0.1525,512,64,19,273,90,183,18.620535714285715,19,0.6703296703296703
time_merger,4,4,1.0,0.35,4.313609467455622,2.656804733727811,0.1525,512,64,19,273,90,184,18.46875,19,0.673992673992674
time_merger,4,4,1.0,0.5,9.0,5.0,0.1525,512,64,19,275,90,185,18.091517857142858,19,0.6727272727272727
time_merger,4,4,1.0,0.6499999999999999,22.224489795918352,11.612244897959176,0.1525,512,64,19,267,90,180,16.993303571428573,19,0.6741573033707865
time_merger,4,4,1.0,0.8,81.00000000000003,41.000000000000014,0.1525,512,64,19,287,89,187,12.314732142857142,19,0.6515679442508711
time_merger,4,4,1.0,0.95,1000.0,760.9999999999986,0.1525,512,64,19,0,0,0,0.0,0,1e-12
time_merger,4,4,1.0,-0.25,0.36,1.0,0.189375,512,64,19,339,90,249,18.75,19,0.7345132743362832
time_merger,4,4,1.0,-0.1,0.6694214876033057,1.0,0.189375,512,64,19,339,90,249,18.75,19,0.7345132743362832
time_merger,4,4,1.0,0.04999999999999999,1.2216066481994463,1.1108033240997233,0.189375,512,64,19,340,90,250,18.736607142857142,19,0.7352941176470589
time_merger,4,4,1.0,0.19999999999999996,2.2499999999999996,1.6249999999999998,0.189375,512,64,19,339,90,249,18.694196428571427,19,0.7345132743362832
time_merger,4,4,1.0,0.35,4.313609467455622,2.656804733727811,0.189375,512,64,19,338,90,249,18.537946428571427,19,0.7366863905325444
time_merger,4,4,1.0,0.5,9.0,5.0,0.189375,512,64,19,340,90,250,18.25,19,0.7352941176470589
time_merger,4,4,1.0,0.6499999999999999,22.224489795918352,11.612244897959176,0.189375,512,64,19,337,90,248,17.361607142857142,19,0.7359050445103857
time_merger,4,4,1.0,0.8,81.00000000000003,41.000000000000014,0.189375,512,64,19,328,90,241,13.462053571428571,19,0.7347560975609756
time_merger,4,4,1.0,0.95,1000.0,760.9999999999986,0.189375,512,64,19,0,0,0,0.0,0,1e-12
time_merger,4,4,1.0,-0.25,0.36,1.0,0.22625,512,64,19,406,90,316,18.779017857142858,19,0.7783251231527094
time_merger,4,4,1.0,-0.1,0.6694214876033057,1.0,0.22625,512,64,19,406,90,316,18.779017857142858,19,0.7783251231527094
time_merger,4,4,1.0,0.04999999999999999,1.2216066481994463,1.1108033240997233,0.22625,512,64,19,406,90,316,18.758928571428573,19,0.7783251231527094
time_merger,4,4,1.0,0.19999999999999996,2.2499999999999996,1.6249999999999998,0.22625,512,64,19,407,90,317,18.709821428571427,19,0.7788697788697788
time_merger,4,4,1.0,0.35,4.313609467455622,2.656804733727811,0.22625,512,64,19,407,90,317,18.600446428571427,19,0.7788697788697788
time_merger,4,4,1.0,0.5,9.0,5.0,0.22625,512,64,19,405,90,316,18.337053571428573,19,0.7802469135802469
time_merger,4,4,1.0,0.6499999999999999,22.224489795918352,11.612244897959176,0.22625,512,64,19,406,90,316,17.611607142857142,19,0.7783251231527094
time_merger,4,4,1.0,0.8,81.00000000000003,41.000000000000014,0.22625,512,64,19,410,90,320,14.493303571428571,19,0.7804878048780488
time_merger,4,4,1.0,0.95,1000.0,760.9999999999986,0.22625,512,64,19,0,0,0,0.0,0,1e-12
time_merger,4,4,1.0,-0.25,0.36,1.0,0.263125,512,64,19,471,90,381,18.799107142857142,19,0.8089171974522293
time_merger,4,4,1.0,-0.1,0.6694214876033057,1.0,0.263125,512,64,19,471,90,381,18.799107142857142,19,0.8089171974522293
time_merger,4,4,1.0,0.04999999999999999,1.2216066481994463,1.1108033240997233,0.263125,512,64,19,472,90,382,18.787946428571427,19,0.809322033898305
time_merger,4,4,1.0,0.19999999999999996,2.2499999999999996,1.6249999999999998,0.263125,512,64,19,471,90,381,18.725446428571427,19,0.8089171974522293
time_merger,4,4,1.0,0.35,4.313609467455622,2.656804733727811,0.263125,512,64,19,470,90,381,18.620535714285715,19,0.8106382978723404
time_merger,4,4,1.0,0.5,9.0,5.0,0.263125,512,64,19,470,90,381,18.419642857142858,19,0.8106382978723404
time_merger,4,4,1.0,0.6499999999999999,22.224489795918352,11.612244897959176,0.263125,512,64,19,476,90,386,17.801339285714285,19,0.8109243697478992
time_merger,4,4,1.0,0.8,81.00000000000003,41.000000000000014,0.263125,512,64,19,492,90,398,14.964285714285714,19,0.8089430894308943
time_merger,4,4,1.0,0.95,1000.0,760.9999999999986,0.263125,512,64,19,0,0,0,0.0,0,1e-12
time_merger,4,4,1.0,-0.25,0.36,1.0,0.3,512,64,19,538,90,448,18.799107142857142,19,0.8327137546468402
time_merger,4,4,1.0,-0.1,0.6694214876033057,1.0,0.3,512,64,19,538,90,448,18.799107142857142,19,0.8327137546468402
time_merger,4,4,1.0,0.04999999999999999,1.2216066481994463,1.1108033240997233,0.3,512,64,19,538,90,448,18.799107142857142,19,0.8327137546468402
time_merger,4,4,1.0,0.19999999999999996,2.2499999999999996,1.6249999999999998,0.3,512,64,19,538,90,448,18.736607142857142,19,0.8327137546468402
time_merger,4,4,1.0,0.35,4.313609467455622,2.656804733727811,0.3,512,64,19,539,90,449,18.667410714285715,19,0.8330241187384044
time_merger,4,4,1.0,0.5,9.0,5.0,0.3,512,64,19,535,90,446,18.558035714285715,19,0.8336448598130841
time_merger,4,4,1.0,0.6499999999999999,22.224489795918352,11.612244897959176,0.3,512,64,19,534,90,445,17.915178571428573,19,0.8333333333333334
time_merger,4,4,1.0,0.8,81.00000000000003,41.000000000000014,0.3,512,64,19,533,90,444,15.375,19,0.8330206378986866
time_merger,4,4,1.0,0.95,1000.0,760.9999999999986,0.3,512,64,19,0,0,0,0.0,0,1e-12
opq,4,8,1.0,-0.25,0.36,1.0,0.005,512,64,255,9,9,0,0.0,0,1e-12
opq,4,8,1.0,-0.1,0.6694214876033057,1.0,0.005,512,64,255,9,9,0,0.0,0,1e-12
opq,4,8,1.0,0.04999999999999999,1.2216066481994463,1.1108033240997233,0.005,512,64,255,8,8,0,0.0,0,1e-12
opq,4,8,1.0,0.19999999999999996,2.2499999999999996,1.6249999999999998,0.005,512,64,255,9,9,0,0.0,0,1e-12
opq,4,8,1.0,0.35,4.313609467455622,2.656804733727811,0.005,512,64,255,7,7,0,0.0,0,1e-12
opq,4,8,1.0,0.5,9.0,5.0,0.005,512,64,255,10,10,0,0.0,0,1e-12
opq,4,8,1.0,0.6499999999999999,22.224489795918352,11.612244897959176,0.005,512,64,255,0,0,0,0.0,0,1e-12
opq,4,8,1.0,0.8,81.00000000000003,41.000000000000014,0.005,512,64,255,0,0,0,0.0,0,1e-12
opq,4,8,1.0,0.95,1000.0,760.9999999999986,0.005,512,64,255,0,0,0,0.0,0,1e-12
opq,4,8,1.0,-0.25,0.36,1.0,0.041874999999999996,512,64,255,75,75,0,0.0,0,1e-12
opq,4,8,1.0,-0.1,0.6694214876033057,1.0,0.041874999999999996,512,64,255,75,75,0,0.0,0,1e-12
opq,4,8,1.0,0.04999999999999999,1.2216066481994463,1.1108033240997233,0.041874999999999996,512,64,255,76,76,0,0.0,0,1e-12
opq,4,8,1.0,0.19999999999999996,2.2499999999999996,1.6249999999999998,0.041874999999999996,512,64,255,75,75,0,0.0,0,1e-12
opq,4,8,1.0,0.35,4.313609467455622,2.656804733727811,0.041874999999999996,512,64,255,75,75,0,0.0,0,1e-12
opq,4,8,1.0,0.5,9.0,5.0,0.041874999999999996,512,64,255,75,75,0,0.0,0,1e-12
opq,4,8,1.0,0.6499999999999999,22.224489795918352,11.612244897959176,0.041874999999999996,512,64,255,81,81,0,0.05580357142857143,4,1e-12
opq,4,8,1.0,0.8,81.00000000000003,41.000000000000014,0.041874999999999996,512,64,255,82,82,0,0.3794642857142857,33,1e-12
opq,4,8,1.0,0.95,1000.0,760.9999999999986,0.041874999999999996,512,64,255,0,0,0,0.0,0,1e-12
opq,4,8,1.0,-0.25,0.36,1.0,0.07875,512,64,255,141,141,0,0.0,0,1e-12
opq,4,8,1.0,-0.1,0.6694214876033057,1.0,0.07875,512,64,255,141,141,0,0.0,0,1e-12
opq,4,8,1.0,0.04999999999999999,1.2216066481994463,1.1108033240997233,0.07875,512,64,255,142,142,0,0.0,0,1e-12
opq,4,8,1.0,0.19999999999999996,2.2499999999999996,1.6249999999999998,0.07875,512,64,255,141,141,0,0.0,0,1e-12
opq,4,8,1.0,0.35,4.313609467455622,2.656804733727811,0.07875,512,64,255,141,141,0,0.0,0,1e-12
opq,4,8,1.0,0.5,9.0,5.0,0.07875,512,64,255,140,140,0,0.0,0,1e-12
opq,4,8,1.0,0.6499999999999999,22.224489795918352,11.612244897959176,0.07875,512,64,255,139,139,0,0.09598214285714286,4,1e-12
opq,4,8,1.0,0.8,81.00000000000003,41.000000000000014,0.07875,512,64,255,123,123,0,0.5691964285714286,33,1e-12
opq,4,8,1.0,0.95,1000.0,760.9999999999986,0.07875,512,64,255,0,0,0,0.0,0,1e-12
opq,4,8,1.0,-0.25,0.36,1.0,0.115625,512,64,255,207,207,0,0.0,0,1e-12
opq,4,8,1.0,-0.1,0.6694214876033057,1.0,0.115625,512,64,255,207,207,0,0.0,0,1e-12
opq,4,8,1.0,0.04999999999999999,1.2216066481994463,1.1108033240997233,0.115625,512,64,255,208,208,0,0.0,0,1e-12
opq,4,8,1.0,0.19999999999999996,2.2499999999999996,1.6249999999999998,0.115625,512,64,255,206,206,0,0.0,0,1e-12
opq,4,8,1.0,0.35,4.313609467455622,2.656804733727811,0.115625,512,64,255,207,207,0,0.0,0,1e-12
opq,4,8,1.0,0.5,9.0,5.0,0.115625,512,64,255,210,210,0,0.0,0,1e-12
opq,4,8,1.0,0.6499999999999999,22.224489795918352,11.612244897959176,0.115625,512,64,255,209,209,0,0.14508928571428573,4,1e-12
opq,4,8,1.0,0.8,81.00000000000003,41.000000000000014,0.115625,512,64,255,205,205,0,0.9486607142857143,33,1e-12
opq,4,8,1.0,0.95,1000.0,760.9999999999986,0.115625,512,64,255,0,0,0,0.0,0,1e-12
opq,4,8,1.0,-0.25,0.36,1.0,0.1525,512,64,255,273,273,0,0.0,0,1e-12
opq,4,8,1.0,-0.1,0.6694214876033057,1.0,0.1525,512,64,255,273,273,0,0.0,0,1e-12
opq,4,8,1.0,0.04999999999999999,1.2216066481994463,1.1108033240997233,0.1525,512,64,255,274,274,0,0.0,0,1e-12
opq,4,8,1.0,0.19999999999999996,2.2499999999999996,1.6249999999999998,0.1525,512,64,255,273,273,0,0.0,0,1e-12
opq,4,8,1.0,0.35,4.313609467455622,2.656804733727811,0.1525,512,64,255,273,273,0,0.0,0,1e-12
opq,4,8,1.0,0.5,9.0,5.0,0.1525,512,64,255,275,275,0,0.0,0,1e-12
opq,4,8,1.0,0.6499999999999999,22.224489795918352,11.612244897959176,0.1525,512,64,255,267,267,0,0.18526785714285715,4,1e-12
opq,4,8,1.0,0.8,81.00000000000003,41.000000000000014,0.1525,512,64,255,287,287,0,1.328125,33,1e-12
opq,4,8,1.0,0.95,1000.0,760.9999999999986,0.1525,512,64,255,0,0,0,0.0,0,1e-12
opq,4,8,1.0,-0.25,0.36,1.0,0.189375,512,64,255,339,339,0,0.0,0,1e-12
opq,4,8,1.0,-0.1,0.6694214876033057,1.0,0.189375,512,64,255,339,339,0,0.0,0,1e-12
opq,4,8,1.0,0.04999999999999999,1.2216066481994463,1.1108033240997233,0.189375,512,64,255,340,340,0,0.0,0,1e-12
opq,4,8,1.0,0.19999999999999996,2.2499999999999996,1.6249999999999998,0.189375,512,64,255,339,339,0,0.0,0,1e-12
opq,4,8,1.0,0.35,4.313609467455622,2.656804733727811,0.189375,512,64,255,338,338,0,0.0,0,1e-12
opq,4,8,1.0,0.5,9.0,5.0,0.189375,512,64,255,340,340,0,0.0,0,1e-12
opq,4,8,1.0,0.6499999999999999,22.224489795918352,11.612244897959176,0.189375,512,64,255,337,337,0,0.234375,4,1e-12
opq,4,8,1.0,0.8,81.00000000000003,41.000000000000014,0.189375,512,64,255,328,328,0,1.5178571428571428,33,1e-12
opq,4,8,1.0,0.95,1000.0,760.9999999999986,0.189375,512,64,255,0,0,0,0.0,0,1e-12
opq,4,8,1.0,-0.25,0.36,1.0,0.22625,512,64,255,406,406,0,0.0,0,1e-12
opq,4,8,1.0,-0.1,0.6694214876033057,1.0,0.22625,512,64,255,406,406,0,0.0,0,1e-12
opq,4,8,1.0,0.04999999999999999,1.2216066481994463,1.1108033240997233,0.22625,512,64,255,406,406,0,0.0,0,1e-12
opq,4,8,1.0,0.19999999999999996,2.2499999999999996,1.6249999999999998,0.22625,512,64,255,407,407,0,0.0,0,1e-12
opq,4,8,1.0,0.35,4.313609467455622,2.656804733727811,0.22625,512,64,255,407,407,0,0.0,0,1e-12
opq,4,8,1.0,0.5,9.0,5.0,0.22625,512,64,255,405,405,0,0.0,0,1e-12
opq,4,8,1.0,0.6499999999999999,22.224489795918352,11.612244897959176,0.22625,512,64,255,406,406,0,0.28125,4,1e-12
opq,4,8,1.0,0.8,81.00000000000003,41.000000000000014,0.22625,512,64,255,410,410,0,1.8973214285714286,33,1e-12
opq,4,8,1.0,0.95,1000.0,760.9999999999986,0.22625,512,64,255,0,0,0,0.0,0,1e-12
opq,4,8,1.0,-0.25,0.36,1.0,0.263125,512,64,255,471,471,0,0.0,0,1e-12
opq,4,8,1.0,-0.1,0.6694214876033057,1.0,0.263125,512,64,255,471,471,0,0.0,0,1e-12
opq,4,8,1.0,0.04999999999999999,1.2216066481994463,1.1108033240997233,0.263125,512,64,255,472,472,0,0.0,0,1e-12
opq,4,8,1.0,0.19999999999999996,2.2499999999999996,1.6249999999999998,0.263125,512,64,255,471,471,0,0.0,0,1e-12
opq,4,8,1.0,0.35,4.313609467455622,2.656804733727811,0.263125,512,64,255,470,470,0,0.0,0,1e-12
opq,4,8,1.0,0.5,9.0,5.0,0.263125,512,64,255,470,470,0,0.0,0,1e-12
opq,4,8,1.0,0.6499999999999999,22.224489795918352,11.612244897959176,0.263125,512,64,255,476,476,0,0.33035714285714285,4,1e-12
opq,4,8,1.0,0.8,81.00000000000003,41.000000000000014,0.263125,512,64,255,492,492,0,2.2767857142857144,33,1e-12
opq,4,8,1.0,0.95,1000.0,760.9999999999986,0.263125,512,64,255,0,0,0,0.0,0,1e-12
opq,4,8,1.0,-0.25,0.36,1.0,0.3,512,64,255,538,538,0,0.0,0,1e-12
opq,4,8,1.0,-0.1,0.6694214876033057,1.0,0.3,512,64,255,538,538,0,0.0,0,1e-12
opq,4,8,1.0,0.04999999999999999,1.2216066481994463,1.1108033240997233,0.3,512,64,255,538,538,0,0.0,0,1e-12
opq,4,8,1.0,0.19999999999999996,2.2499999999999996,1.6249999999999998,0.3,512,64,255,538,538,0,0.0,0,1e-12
opq,4,8,1.0,0.35,4.313609467455622,2.656804733727811,0.3,512,64,255,539,539,0,0.0,0,1e-12
opq,4,8,1.0,0.5,9.0,5.0,0.3,512,64,255,535,535,0,0.0,0,1e-12
opq,4,8,1.0,0.6499999999999999,22.224489795918352,11.612244897959176,0.3,512,64,255,534,534,0,0.3705357142857143,4,1e-12
opq,4,8,1.0,0.8,81.00000000000003,41.000000000000014,0.3,512,64,255,533,533,0,2.466517857142857,33,1e-12
opq,4,8,1.0,0.95,1000.0,760.9999999999986,0.3,512,64,255,0,0,0,0.0,0,1e-12
time_merger,4,8,1.0,-0.25,0.36,1.0,0.005,512,64,19,9,9,0,0.0,0,1e-12
time_merger,4,8,1.0,-0.1,0.6694214876033057,1.0,0.005,512,64,19,9,9,0,0.0,0,1e-12
time_merger,4,8,1.0,0.04999999999999999,1.2216066481994463,1.1108033240997233,0.005,512,64,19,8,8,0,0.026785714285714284,1,1e-12
time_merger,4,8,1.0,0.19999999999999996,2.2499999999999996,1.6249999999999998,0.005,512,64,19,9,9,0,0.06919642857142858,2,1e-12
time_merger,4,8,1.0,0.35,4.313609467455622,2.656804733727811,0.005,512,64,19,7,7,0,0.09598214285714286,3,1e-12
time_merger,4,8,1.0,0.5,9.0,5.0,0.005,512,64,19,10,8,0,0.203125,4,1e-12
time_merger,4,8,1.0,0.6499999999999999,22.224489795918352,11.612244897959176,0.005,512,64,19,0,0,0,0.0,0,1e-12
time_merger,4,8,1.0,0.8,81.00000000000003,41.000000000000014,0.005,512,64,19,0,0,0,0.0,0,1e-12
time_merger,4,8,1.0,0.95,1000.0,760.9999999999986,0.005,512,64,19,0,0,0,0.0,0,1e-12
time_merger,4,8,1.0,-0.25,0.36,1.0,0.041874999999999996,512,64,19,75,75,0,0.34598214285714285,1,1e-12
time_merger,4,8,1.0,-0.1,0.6694214876033057,1.0,0.041874999999999996,512,64,19,75,75,0,0.34598214285714285,1,1e-12
time_merger,4,8,1.0,0.04999999999999999,1.2216066481994463,1.1108033240997233,0.041874999999999996,512,64,19,76,75,0,0.5446428571428571,2,1e-12
time_merger,4,8,1.0,0.19999999999999996,2.2499999999999996,1.6249999999999998,0.041874999999999996,512,64,19,75,75,0,0.71875,2,1e-12
time_merger,4,8,1.0,0.35,4.313609467455622,2.656804733727811,0.041874999999999996,512,64,19,75,76,0,1.0602678571428572,3,1e-12
time_merger,4,8,1.0,0.5,9.0,5.0,0.041874999999999996,512,64,19,75,75,0,1.8236607142857142,5,1e-12
time_merger,4,8,1.0,0.6499999999999999,22.224489795918352,11.612244897959176,0.041874999999999996,512,64,19,81,74,0,4.9375,12,1e-12
time_merger,4,8,1.0,0.8,81.00000000000003,41.000000000000014,0.041874999999999996,512,64,19,82,24,44,2.7388392857142856,18,0.5365853658536586
time_merger,4,8,1.0,0.95,1000.0,760.9999999999986,0.041874999999999996,512,64,19,0,0,0,0.0,0,1e-12
time_merger,4,8,1.0,-0.25,0.36,1.0,0.07875,512,64,19,141,90,40,17.350446428571427,19,0.28368794326241137
time_merger,4,8,1.0,-0.1,0.6694214876033057,1.0,0.07875,512,64,19,141,90,40,17.350446428571427,19,0.28368794326241137
time_merger,4,8,1.0,0.04999999999999999,1.2216066481994463,1.1108033240997233,0.07875,512,64,19,142,90,40,17.178571428571427,19,0.28169014084507044
time_merger,4,8,1.0,0.19999999999999996,2.2499999999999996,1.6249999999999998,0.07875,512,64,19,141,90,40,17.207589285714285,19,0.28368794326241137
time_merger,4,8,1.0,0.35,4.313609467455622,2.656804733727811,0.07875,512,64,19,141,90,40,16.859375,19,0.28368794326241137
time_merger,4,8,1.0,0.5,9.0,5.0,0.07875,512,64,19,140,90,43,16.537946428571427,19,0.30714285714285716
time_merger,4,8,1.0,0.6499999999999999,22.224489795918352,11.612244897959176,0.07875,512,64,19,139,90,43,14.729910714285714,19,0.30935251798561153
time_merger,4,8,1.0,0.8,81.00000000000003,41.000000000000014,0.07875,512,64,19,123,57,66,6.234375,19,0.5365853658536586
time_merger,4,8,1.0,0.95,1000.0,760.9999999999986,0.07875,512,64,19,0,0,0,0.0,0,1e-12
time_merger,4,8,1.0,-0.25,0.36,1.0,0.115625,512,64,19,207,90,115,18.649553571428573,19,0.5555555555555556
time_merger,4,8,1.0,-0.1,0.6694214876033057,1.0,0.115625,512,64,19,207,90,115,18.649553571428573,19,0.5555555555555556
time_merger,4,8,1.0,0.04999999999999999,1.2216066481994463,1.1108033240997233,0.115625,512,64,19,208,90,115,18.622767857142858,19,0.5528846153846154
time_merger,4,8,1.0,0.19999999999999996,2.2499999999999996,1.6249999999999998,0.115625,512,64,19,206,90,115,18.5,19,0.558252427184466
time_merger,4,8,1.0,0.35,4.313609467455622,2.656804733727811,0.115625,512,64,19,207,90,116,18.301339285714285,19,0.5603864734299517
time_merger,4,8,1.0,0.5,9.0,5.0,0.115625,512,64,19,210,90,117,17.814732142857142,19,0.5571428571428572
time_merger,4,8,1.0,0.6499999999999999,22.224489795918352,11.612244897959176,0.115625,512,64,19,209,90,118,16.629464285714285,19,0.5645933014354066
time_merger,4,8,1.0,0.8,81.00000000000003,41.000000000000014,0.115625,512,64,19,205,85,115,9.720982142857142,19,0.5609756097560976
time_merger,4,8,1.0,0.95,1000.0,760.9999999999986,0.115625,512,64,19,0,0,0,0.0,0,1e-12
time_merger,4,8,1.0,-0.25,0.36,1.0,0.1525,512,64,19,273,90,183,18.732142857142858,19,0.6703296703296703
time_merger,4,8,1.0,-0.1,0.6694214876033057,1.0,0.1525,512,64,19,273,90,183,18.732142857142858,19,0.6703296703296703
time_merger,4,8,1.0,0.04999999999999999,1.2216066481994463,1.1108033240997233,0.1525,512,64,19,274,90,184,18.705357142857142,19,0.6715328467153284
time_merger,4,8,1.0,0.19999999999999996,2.2499999999999996,1.6249999999999998,0.1525,512,64,19,273,90,183,18.620535714285715,19,0.6703296703296703
time_merger,4,8,1.0,0.35,4.313609467455622,2.656804733727811,0.1525,512,64,19,273,90,184,18.46875,19,0.673992673992674
time_merger,4,8,1.0,0.5,9.0,5.0,0.1525,512,64,19,275,90,185,18.091517857142858,19,0.6727272727272727
time_merger,4,8,1.0,0.6499999999999999,22.224489795918352,11.612244897959176,0.1525,512,64,19,267,90,180,16.993303571428573,19,0.6741573033707865
time_merger,4,8,1.0,0.8,81.00000000000003,41.000000000000014,0.1525,512,64,19,287,89,187,12.314732142857142,19,0.6515679442508711
time_merger,4,8,1.0,0.95,1000.0,760.9999999999986,0.1525,512,64,19,0,0,0,0.0,0,1e-12
time_merger,4,8,1.0,-0.25,0.36,1.0,0.189375,512,64,19,339,90,249,18.75,19,0.7345132743362832
time_merger,4,8,1.0,-0.1,0.6694214876033057,1.0,0.189375,512,64,19,339,90,249,18.75,19,0.7345132743362832
time_merger,4,8,1.0,0.04999999999999999,1.2216066481994463,1.1108033240997233,0.189375,512,64,19,340,90,250,18.736607142857142,19,0.7352941176470589
time_merger,4,8,1.0,0.19999999999999996,2.2499999999999996,1.6249999999999998,0.189375,512,64,19,339,90,249,18.694196428571427,19,0.7345132743362832
time_merger,4,8,1.0,0.35,4.313609467455622,2.656804733727811,0.189375,512,64,19,338,90,249,18.537946428571427,19,0.7366863905325444
time_merger,4,8,1.0,0.5,9.0,5.0,0.189375,512,64,19,340,90,250,18.25,19,0.7352941176470589
time_merger,4,8,1.0,0.6499999999999999,22.224489795918352,11.612244897959176,0.189375,512,64,19,337,90,248,17.361607142857142,19,0.7359050445103857
time_merger,4,8,1.0,0.8,81.00000000000003,41.000000000000014,0.189375,512,64,19,328,90,241,13.462053571428571,19,0.7347560975609756
time_merger,4,8,1.0,0.95,1000.0,760.9999999999986,0.189375,512,64,19,0,0,0,0.0,0,1e-12
time_merger,4,8,1.0,-0.25,0.36,1.0,0.22625,512,64,19,406,90,316,18.779017857142858,19,0.7783251231527094
time_merger,4,8,1.0,-0.1,0.6694214876033057,1.0,0.22625,512,64,19,406,90,316,18.779017857142858,19,0.7783251231527094
time_merger,4,8,1.0,0.04999999999999999,1.2216066481994463,1.1108033240997233,0.22625,512,64,19,406,90,316,18.758928571428573,19,0.7783251231527094
time_merger,4,8,1.0,0.19999999999999996,2.2499999999999996,1.6249999999999998,0.22625,512,64,19,407,90,317,18.709821428571427,19,0.7788697788697788
time_merger,4,8,1.0,0.35,4.313609467455622,2.656804733727811,0.22625,512,64,19,407,90,317,18.600446428571427,19,0.7788697788697788
time_merger,4,8,1.0,0.5,9.0,5.0,0.22625,512,64,19,405,90,316,18.337053571428573,19,0.7802469135802469
time_merger,4,8,1.0,0.6499999999999999,22.224489795918352,11.612244897959176,0.22625,512,64,19,406,90,316,17.611607142857142,19,0.7783251231527094
time_merger,4,8,1.0,0.8,81.00000000000003,41.000000000000014,0.22625,512,64,19,410,90,320,14.493303571428571,19,0.7804878048780488
time_merger,4,8,1.0,0.95,1000.0,760.9999999999986,0.22625,512,64,19,0,0,0,0.0,0,1e-12
time_merger,4,8,1.0,-0.25,0.36,1.0,0.263125,512,64,19,471,90,381,18.799107142857142,19,0.8089171974522293
time_merger,4,8,1.0,-0.1,0.6694214876033057,1.0,0.263125,512,64,19,471,90,381,18.799107142857142,19,0.8089171974522293
time_merger,4,8,1.0,0.04999999999999999,1.2216066481994463,1.1108033240997233,0.263125,512,64,19,472,90,382,18.787946428571427,19,0.809322033898305
time_merger,4,8,1.0,0.19999999999999996,2.2499999999999996,1.6249999999999998,0.263125,512,64,19,471,90,381,18.725446428571427,19,0.8089171974522293
time_merger,4,8,1.0,0.35,4.313609467455622,2.656804733727811,0.263125,512,64,19,470,90,381,18.620535714285715,19,0.8106382978723404
time_merger,4,8,1.0,0.5,9.0,5.0,0.263125,512,64,19,470,90,381,18.419642857142858,19,0.8106382978723404
time_merger,4,8,1.0,0.6499999999999999,22.224489795918352,11.612244897959176,0.263125,512,64,19,476,90,386,17.801339285714285,19,0.8109243697478992
time_merger,4,8,1.0,0.8,81.00000000000003,41.000000000000014,0.263125,512,64,19,492,90,398,14.964285714285714,19,0.8089430894308943
time_merger,4,8,1.0,0.95,1000.0,760.9999999999986,0.263125,512,64,19,0,0,0,0.0,0,1e-12
time_merger,4,8,1.0,-0.25,0.36,1.0,0.3,512,64,19,538,90,448,18.799107142857142,19,0.8327137546468402
time_merger,4,8,1.0,-0.1,0.6694214876033057,1.0,0.3,512,64,19,538,90,448,18.799107142857142,19,0.8327137546468402
time_merger,4,8,1.0,0.04999999999999999,1.2216066481994463,1.1108033240997233,0.3,512,64,19,538,90,448,18.799107142857142,19,0.8327137546468402
time_merger,4,8,1.0,0.19999999999999996,2.2499999999999996,1.6249999999999998,0.3,512,64,19,538,90,448,18.736607142857142,19,0.8327137546468402
time_merger,4,8,1.0,0.35,4.313609467455622,2.656804733727811,0.3,512,64,19,539,90,449,18.667410714285715,19,0.8330241187384044
time_merger,4,8,1.0,0.5,9.0,5.0,0.3,512,64,19,535,90,446,18.558035714285715,19,0.8336448598130841
time_merger,4,8,1.0,0.6499999999999999,22.224489795918352,11.612244897959176,0.3,512,64,19,534,90,445,17.915178571428573,19,0.8333333333333334
time_merger,4,8,1.0,0.8,81.00000000000003,41.000000000000014,0.3,512,64,19,533,90,444,15.375,19,0.8330206378986866
time_merger,4,8,1.0,0.95,1000.0,760.9999999999986,0.3,512,64,19,0,0,0,0.0,0,1e-12
opq,8,1,1.0,-0.25,0.36,1.0,0.005,512,64,255,18,18,0,0.0,0,1e-12
opq,8,1,1.0,-0.1,0.6694214876033057,1.0,0.005,512,64,255,18,18,0,0.0,0,1e-12
opq,8,1,1.0,0.04999999999999999,1.2216066481994463,1.1108033240997233,0.005,512,64,255,17,17,0,0.002232142857142857,1,1e-12
opq,8,1,1.0,0.19999999999999996,2.2499999999999996,1.6249999999999998,0.005,512,64,255,18,18,0,0.015625,1,1e-12
opq,8,1,1.0,0.35,4.313609467455622,2.656804733727811,0.005,512,64,255,18,18,0,0.033482142857142856,2,1e-12
opq,8,1,1.0,0.5,9.0,5.0,0.005,512,64,255,20,20,0,0.08928571428571429,4,1e-12
opq,8,1,1.0,0.6499999999999999,22.224489795918352,11.612244897959176,0.005,512,64,255,11,11,0,0.12276785714285714,10,1e-12
opq,8,1,1.0,0.8,81.00000000000003,41.000000000000014,0.005,512,64,255,0,0,0,0.0,0,1e-12
opq,8,1,1.0,0.95,1000.0,760.9999999999986,0.005,512,64,255,0,0,0,0.0,0,1e-12
opq,8,1,1.0,-0.25,0.36,1.0,0.041874999999999996,512,64,255,150,150,0,0.0,0,1e-12
opq,8,1,1.0,-0.1,0.6694214876033057,1.0,0.041874999999999996,512,64,255,150,150,0,0.0,0,1e-12
opq,8,1,1.0,0.04999999999999999,1.2216066481994463,1.1108033240997233,0.041874999999999996,512,64,255,150,151,0,0.033482142857142856,1,1e-12
opq,8,1,1.0,0.19999999999999996,2.2499999999999996,1.6249999999999998,0.041874999999999996,512,64,255,149,150,0,0.12723214285714285,1,1e-12
opq,8,1,1.0,0.35,4.313609467455622,2.656804733727811,0.041874999999999996,512,64,255,149,151,0,0.2924107142857143,2,1e-12
opq,8,1,1.0,0.5,9.0,5.0,0.041874999999999996,512,64,255,150,150,0,0.6696428571428571,4,1e-12
opq,8,1,1.0,0.6499999999999999,22.224489795918352,11.612244897959176,0.041874999999999996,512,64,255,151,151,0,1.7924107142857142,11,1e-12
opq,8,1,1.0,0.8,81.00000000000003,41.000000000000014,0.041874999999999996,512,64,255,164,146,0,6.979910714285714,40,1e-12
opq,8,1,1.0,0.95,1000.0,760.9999999999986,0.041874999999999996,512,64,255,0,0,0,0.0,0,1e-12
opq,8,1,1.0,-0.25,0.36,1.0,0.07875,512,64,255,282,282,0,0.0,0,1e-12
opq,8,1,1.0,-0.1,0.6694214876033057,1.0,0.07875,512,64,255,282,282,0,0.0,0,1e-12
opq,8,1,1.0,0.04999999999999999,1.2216066481994463,1.1108033240997233,0.07875,512,64,255,283,283,0,0.08035714285714286,1,1e-12
opq,8,1,1.0,0.19999999999999996,2.2499999999999996,1.6249999999999998,0.07875,512,64,255,283,283,0,0.24330357142857142,1,1e-12
opq,8,1,1.0,0.35,4.313609467455622,2.656804733727811,0.07875,512,64,255,282,282,0,0.5491071428571429,2,1e-12
opq,8,1,1.0,0.5,9.0,5.0,0.07875,512,64,255,280,284,0,1.2633928571428572,4,1e-12
opq,8,1,1.0,0.6499999999999999,22.224489795918352,11.612244897959176,0.07875,512,64,255,279,281,0,3.3169642857142856,11,1e-12
opq,8,1,1.0,0.8,81.00000000000003,41.000000000000014,0.07875,512,64,255,287,287,0,12.8125,40,1e-12
opq,8,1,1.0,0.95,1000.0,760.9999999999986,0.07875,512,64,255,0,0,0,0.0,0,1e-12
opq,8,1,1.0,-0.25,0.36,1.0,0.115625,512,64,255,414,414,0,0.0,0,1e-12
opq,8,1,1.0,-0.1,0.6694214876033057,1.0,0.115625,512,64,255,414,414,0,0.0,0,1e-12
opq,8,1,1.0,0.04999999999999999,1.2216066481994463,1.1108033240997233,0.115625,512,64,255,415,414,0,0.27901785714285715,1,1e-12
opq,8,1,1.0,0.19999999999999996,2.2499999999999996,1.6249999999999998,0.115625,512,64,255,414,415,0,0.5066964285714286,2,1e-12
opq,8,1,1.0,0.35,4.313609467455622,2.656804733727811,0.115625,512,64,255,414,415,0,0.9151785714285714,3,1e-12
opq,8,1,1.0,0.5,9.0,5.0,0.115625,512,64,255,415,414,0,1.8526785714285714,4,1e-12
opq,8,1,1.0,0.6499999999999999,22.224489795918352,11.612244897959176,0.115625,512,64,255,406,414,0,4.910714285714286,11,1e-12
opq,8,1,1.0,0.8,81.00000000000003,41.000000000000014,0.115625,512,64,255,410,415,0,18.504464285714285,40,1e-12
opq,8,1,1.0,0.95,1000.0,760.9999999999986,0.115625,512,64,255,0,0,0,0.0,0,1e-12
opq,8,1,1.0,-0.25,0.36,1.0,0.1525,512,64,255,546,448,0,62.95982142857143,112,1e-12
opq,8,1,1.0,-0.1,0.6694214876033057,1.0,0.1525,512,64,255,546,448,0,62.95982142857143,112,1e-12
opq,8,1,1.0,0.04999999999999999,1.2216066481994463,1.1108033240997233,0.1525,512,64,255,547,448,0,62.41517857142857,112,1e-12
opq,8,1,1.0,0.19999999999999996,2.2499999999999996,1.6249999999999998,0.1525,512,64,255,546,448,0,63.107142857142854,112,1e-12
opq,8,1,1.0,0.35,4.313609467455622,2.656804733727811,0.1525,512,64,255,547,448,0,63.64732142857143,114,1e-12
opq,8,1,1.0,0.5,9.0,5.0,0.1525,512,64,255,545,448,0,64.953125,115,1e-12
opq,8,1,1.0,0.6499999999999999,22.224489795918352,11.612244897959176,0.1525,512,64,255,546,448,0,66.17410714285714,119,1e-12
opq,8,1,1.0,0.8,81.00000000000003,41.000000000000014,0.1525,512,64,255,574,448,0,76.06919642857143,143,1e-12
opq,8,1,1.0,0.95,1000.0,760.9999999999986,0.1525,512,64,255,0,0,0,0.0,0,1e-12
opq,8,1,1.0,-0.25,0.36,1.0,0.189375,512,64,255,679,448,9,147.88392857142858,254,0.013254786450662739
opq,8,1,1.0,-0.1,0.6694214876033057,1.0,0.189375,512,64,255,679,448,9,147.88392857142858,254,0.013254786450662739
opq,8,1,1.0,0.04999999999999999,1.2216066481994463,1.1108033240997233,0.189375,512,64,255,679,448,9,147.35714285714286,254,0.013254786450662739
opq,8,1,1.0,0.19999999999999996,2.2499999999999996,1.6249999999999998,0.189375,512,64,255,680,448,10,148.0,254,0.014705882352941176
opq,8,1,1.0,0.35,4.313609467455622,2.656804733727811,0.189375,512,64,255,678,448,9,147.56026785714286,254,0.01327433628318584
opq,8,1,1.0,0.5,9.0,5.0,0.189375,512,64,255,680,448,12,148.75,254,0.01764705882352941
opq,8,1,1.0,0.6499999999999999,22.224489795918352,11.612244897959176,0.189375,512,64,255,674,448,13,148.96651785714286,254,0.019287833827893175
opq,8,1,1.0,0.8,81.00000000000003,41.000000000000014,0.189375,512,64,255,656,448,23,152.98883928571428,254,0.0350609756097561
opq,8,1,1.0,0.95,1000.0,760.9999999999986,0.189375,512,64,255,760,10,505,5.569196428571429,254,0.6644736842105263
opq,8,1,1.0,-0.25,0.36,1.0,0.22625,512,64,255,811,448,160,197.63839285714286,254,0.19728729963008632
opq,8,1,1.0,-0.1,0.6694214876033057,1.0,0.22625,512,64,255,811,448,160,197.63839285714286,254,0.19728729963008632
opq,8,1,1.0,0.04999999999999999,1.2216066481994463,1.1108033240997233,0.22625,512,64,255,811,448,160,197.328125,254,0.19728729963008632
opq,8,1,1.0,0.19999999999999996,2.2499999999999996,1.6249999999999998,0.22625,512,64,255,811,448,160,197.14508928571428,254,0.19728729963008632
opq,8,1,1.0,0.35,4.313609467455622,2.656804733727811,0.22625,512,64,255,810,448,160,197.30803571428572,254,0.19753086419753085
opq,8,1,1.0,0.5,9.0,5.0,0.22625,512,64,255,810,448,161,197.22321428571428,254,0.19876543209876543
opq,8,1,1.0,0.6499999999999999,22.224489795918352,11.612244897959176,0.22625,512,64,255,813,448,162,196.546875,254,0.1992619926199262
opq,8,1,1.0,0.8,81.00000000000003,41.000000000000014,0.22625,512,64,255,820,448,171,193.82142857142858,254,0.20853658536585365
opq,8,1,1.0,0.95,1000.0,760.9999999999986,0.22625,512,64,255,760,92,505,42.816964285714285,254,0.6644736842105263
opq,8,1,1.0,-0.25,0.36,1.0,0.263125,512,64,255,943,448,311,220.09151785714286,254,0.3297985153764581
opq,8,1,1.0,-0.1,0.6694214876033057,1.0,0.263125,512,64,255,943,448,311,220.09151785714286,254,0.3297985153764581
opq,8,1,1.0,0.04999999999999999,1.2216066481994463,1.1108033240997233,0.263125,512,64,255,943,448,311,219.87723214285714,254,0.3297985153764581
opq,8,1,1.0,0.19999999999999996,2.2499999999999996,1.6249999999999998,0.263125,512,64,255,944,448,311,219.76339285714286,254,0.3294491525423729
opq,8,1,1.0,0.35,4.313609467455622,2.656804733727811,0.263125,512,64,255,944,448,311,219.84151785714286,254,0.3294491525423729
opq,8,1,1.0,0.5,9.0,5.0,0.263125,512,64,255,945,448,312,219.59375,254,0.33015873015873015
opq,8,1,1.0,0.6499999999999999,22.224489795918352,11.612244897959176,0.263125,512,64,255,941,448,311,218.34375,254,0.33049946865037194
opq,8,1,1.0,0.8,81.00000000000003,41.000000000000014,0.263125,512,64,255,943,448,324,213.88839285714286,254,0.34358430540827145
opq,8,1,1.0,0.95,1000.0,760.9999999999986,0.263125,512,64,255,760,151,505,60.332589285714285,254,0.6644736842105263
opq,8,1,1.0,-0.25,0.36,1.0,0.3,512,64,255,1075,448,462,232.47991071428572,254,0.4297674418604651
opq,8,1,1.0,-0.1,0.6694214876033057,1.0,0.3,512,64,255,1075,448,462,232.47991071428572,254,0.4297674418604651
opq,8,1,1.0,0.04999999999999999,1.2216066481994463,1.1108033240997233,0.3,512,64,255,1075,448,462,232.36607142857142,254,0.4297674418604651
opq,8,1,1.0,0.19999999999999996,2.2499999999999996,1.6249999999999998,0.3,512,64,255,1076,448,462,232.27232142857142,254,0.42936802973977695
opq,8,1,1.0,0.35,4.313609467455622,2.656804733727811,0.3,512,64,255,1076,448,462,232.34598214285714,254,0.42936802973977695
opq,8,1,1.0,0.5,9.0,5.0,0.3,512,64,255,1075,448,462,232.06919642857142,254,0.4297674418604651
opq,8,1,1.0,0.6499999999999999,22.224489795918352,11.612244897959176,0.3,512,64,255,1069,448,460,230.60491071428572,254,0.4303086997193639
opq,8,1,1.0,0.8,81.00000000000003,41.000000000000014,0.3,512,64,255,1066,448,456,225.75,254,0.4277673545966229
opq,8,1,1.0,0.95,1000.0,760.9999999999986,0.3,512,64,255,760,195,505,68.33705357142857,254,0.6644736842105263
time_merger,8,1,1.0,-0.25,0.36,1.0,0.005,512,64,10,18,18,0,0.140625,1,1e-12
time_merger,8,1,1.0,-0.1,0.6694214876033057,1.0,0.005,512,64,10,18,18,0,0.140625,1,1e-12
time_merger,8,1,1.0,0.04999999999999999,1.2216066481994463,1.1108033240997233,0.005,512,64,10,17,17,0,0.21205357142857142,2,1e-12
time_merger,8,1,1.0,0.19999999999999996,2.2499999999999996,1.6249999999999998,0.005,512,64,10,18,18,0,0.39955357142857145,2,1e-12
time_merger,8,1,1.0,0.35,4.313609467455622,2.656804733727811,0.005,512,64,10,18,18,0,0.546875,3,1e-12
time_merger,8,1,1.0,0.5,9.0,5.0,0.005,512,64,10,20,17,0,0.9285714285714286,5,1e-12
time_merger,8,1,1.0,0.6499999999999999,22.224489795918352,11.612244897959176,0.005,512,64,10,11,10,1,1.0044642857142858,9,0.09090909090909091
time_merger,8,1,1.0,0.8,81.00000000000003,41.000000000000014,0.005,512,64,10,0,0,0,0.0,0,1e-12
time_merger,8,1,1.0,0.95,1000.0,760.9999999999986,0.005,512,64,10,0,0,0,0.0,0,1e-12
time_merger,8,1,1.0,-0.25,0.36,1.0,0.041874999999999996,512,64,10,150,45,106,9.805803571428571,10,0.7066666666666667
time_merger,8,1,1.0,-0.1,0.6694214876033057,1.0,0.041874999999999996,512,64,10,150,45,106,9.805803571428571,10,0.7066666666666667
time_merger,8,1,1.0,0.04999999999999999,1.2216066481994463,1.1108033240997233,0.041874999999999996,512,64,10,150,45,106,9.814732142857142,10,0.7066666666666667
time_merger,8,1,1.0,0.19999999999999996,2.2499999999999996,1.6249999999999998,0.041874999999999996,512,64,10,149,45,105,9.707589285714286,10,0.7046979865771812
time_merger,8,1,1.0,0.35,4.313609467455622,2.656804733727811,0.041874999999999996,512,64,10,149,45,105,9.566964285714286,10,0.7046979865771812
time_merger,8,1,1.0,0.5,9.0,5.0,0.041874999999999996,512,64,10,150,45,105,9.196428571428571,10,0.7
time_merger,8,1,1.0,0.6499999999999999,22.224489795918352,11.612244897959176,0.041874999999999996,512,64,10,151,45,106,8.258928571428571,10,0.7019867549668874
time_merger,8,1,1.0,0.8,81.00000000000003,41.000000000000014,0.041874999999999996,512,64,10,164,33,124,3.825892857142857,10,0.7560975609756098
time_merger,8,1,1.0,0.95,1000.0,760.9999999999986,0.041874999999999996,512,64,10,0,0,0,0.0,0,1e-12
time_merger,8,1,1.0,-0.25,0.36,1.0,0.07875,512,64,10,282,45,237,9.859375,10,0.8404255319148937
time_merger,8,1,1.0,-0.1,0.6694214876033057,1.0,0.07875,512,64,10,282,45,237,9.859375,10,0.8404255319148937
time_merger,8,1,1.0,0.04999999999999999,1.2216066481994463,1.1108033240997233,0.07875,512,64,10,283,45,238,9.850446428571429,10,0.8409893992932862
time_merger,8,1,1.0,0.19999999999999996,2.2499999999999996,1.6249999999999998,0.07875,512,64,10,283,45,239,9.810267857142858,10,0.8445229681978799
time_merger,8,1,1.0,0.35,4.313609467455622,2.656804733727811,0.07875,512,64,10,282,45,238,9.741071428571429,10,0.8439716312056738
time_merger,8,1,1.0,0.5,9.0,5.0,0.07875,512,64,10,280,45,236,9.546875,10,0.8428571428571429
time_merger,8,1,1.0,0.6499999999999999,22.224489795918352,11.612244897959176,0.07875,512,64,10,279,45,235,9.015625,10,0.8422939068100358
time_merger,8,1,1.0,0.8,81.00000000000003,41.000000000000014,0.07875,512,64,10,287,45,238,6.569196428571429,10,0.8292682926829268
time_merger,8,1,1.0,0.95,1000.0,760.9999999999986,0.07875,512,64,10,0,0,0,0.0,0,1e-12
time_merger,8,1,1.0,-0.25,0.36,1.0,0.115625,512,64,10,414,45,369,9.899553571428571,10,0.8913043478260869
time_merger,8,1,1.0,-0.1,0.6694214876033057,1.0,0.115625,512,64,10,414,45,369,9.899553571428571,10,0.8913043478260869
time_merger,8,1,1.0,0.04999999999999999,1.2216066481994463,1.1108033240997233,0.115625,512,64,10,415,45,370,9.883928571428571,10,0.891566265060241
time_merger,8,1,1.0,0.19999999999999996,2.2499999999999996,1.6249999999999998,0.115625,512,64,10,414,45,369,9.852678571428571,10,0.8913043478260869
time_merger,8,1,1.0,0.35,4.313609467455622,2.656804733727811,0.115625,512,64,10,414,45,369,9.799107142857142,10,0.8913043478260869
time_merger,8,1,1.0,0.5,9.0,5.0,0.115625,512,64,10,415,45,370,9.694196428571429,10,0.891566265060241
time_merger,8,1,1.0,0.6499999999999999,22.224489795918352,11.612244897959176,0.115625,512,64,10,406,45,362,9.341517857142858,10,0.8916256157635468
time_merger,8,1,1.0,0.8,81.00000000000003,41.000000000000014,0.115625,512,64,10,410,45,366,7.75,10,0.8926829268292683
time_merger,8,1,1.0,0.95,1000.0,760.9999999999986,0.115625,512,64,10,0,0,0,0.0,0,1e-12
time_merger,8,1,1.0,-0.25,0.36,1.0,0.1525,512,64,10,546,45,501,9.899553571428571,10,0.9175824175824175
time_merger,8,1,1.0,-0.1,0.6694214876033057,1.0,0.1525,512,64,10,546,45,501,9.899553571428571,10,0.9175824175824175
time_merger,8,1,1.0,0.04999999999999999,1.2216066481994463,1.1108033240997233,0.1525,512,64,10,547,45,502,9.899553571428571,10,0.9177330895795247
time_merger,8,1,1.0,0.19999999999999996,2.2499999999999996,1.6249999999999998,0.1525,512,64,10,546,45,501,9.879464285714286,10,0.9175824175824175
time_merger,8,1,1.0,0.35,4.313609467455622,2.656804733727811,0.1525,512,64,10,547,45,502,9.841517857142858,10,0.9177330895795247
time_merger,8,1,1.0,0.5,9.0,5.0,0.1525,512,64,10,545,45,501,9.743303571428571,10,0.9192660550458716
time_merger,8,1,1.0,0.6499999999999999,22.224489795918352,11.612244897959176,0.1525,512,64,10,546,45,501,9.477678571428571,10,0.9175824175824175
time_merger,8,1,1.0,0.8,81.00000000000003,41.000000000000014,0.1525,512,64,10,574,45,527,8.229910714285714,10,0.9181184668989547
time_merger,8,1,1.0,0.95,1000.0,760.9999999999986,0.1525,512,64,10,0,0,0,0.0,0,1e-12
time_merger,8,1,1.0,-0.25,0.36,1.0,0.189375,512,64,10,679,45,634,9.899553571428571,10,0.9337260677466863
time_merger,8,1,1.0,-0.1,0.6694214876033057,1.0,0.189375,512,64,10,679,45,634,9.899553571428571,10,0.9337260677466863
time_merger,8,1,1.0,0.04999999999999999,1.2216066481994463,1.1108033240997233,0.189375,512,64,10,679,45,634,9.899553571428571,10,0.9337260677466863
time_merger,8,1,1.0,0.19999999999999996,2.2499999999999996,1.6249999999999998,0.189375,512,64,10,680,45,635,9.895089285714286,10,0.9338235294117647
time_merger,8,1,1.0,0.35,4.313609467455622,2.656804733727811,0.189375,512,64,10,678,45,634,9.857142857142858,10,0.9351032448377581
time_merger,8,1,1.0,0.5,9.0,5.0,0.189375,512,64,10,680,45,635,9.796875,10,0.9338235294117647
time_merger,8,1,1.0,0.6499999999999999,22.224489795918352,11.612244897959176,0.189375,512,64,10,674,45,630,9.558035714285714,10,0.9347181008902077
time_merger,8,1,1.0,0.8,81.00000000000003,41.000000000000014,0.189375,512,64,10,656,45,613,8.584821428571429,10,0.9344512195121951
time_merger,8,1,1.0,0.95,1000.0,760.9999999999986,0.189375,512,64,10,760,1,750,0.21875,10,0.9868421052631579
time_merger,8,1,1.0,-0.25,0.36,1.0,0.22625,512,64,10,811,45,766,9.899553571428571,10,0.9445129469790382
time_merger,8,1,1.0,-0.1,0.6694214876033057,1.0,0.22625,512,64,10,811,45,766,9.899553571428571,10,0.9445129469790382
time_merger,8,1,1.0,0.04999999999999999,1.2216066481994463,1.1108033240997233,0.22625,512,64,10,811,45,766,9.899553571428571,10,0.9445129469790382
time_merger,8,1,1.0,0.19999999999999996,2.2499999999999996,1.6249999999999998,0.22625,512,64,10,811,45,766,9.899553571428571,10,0.9445129469790382
time_merger,8,1,1.0,0.35,4.313609467455622,2.656804733727811,0.22625,512,64,10,810,45,766,9.863839285714286,10,0.945679012345679
time_merger,8,1,1.0,0.5,9.0,5.0,0.22625,512,64,10,810,45,765,9.810267857142858,10,0.9444444444444444
time_merger,8,1,1.0,0.6499999999999999,22.224489795918352,11.612244897959176,0.22625,512,64,10,813,45,768,9.622767857142858,10,0.9446494464944649
time_merger,8,1,1.0,0.8,81.00000000000003,41.000000000000014,0.22625,512,64,10,820,45,775,8.8125,10,0.9451219512195121
time_merger,8,1,1.0,0.95,1000.0,760.9999999999986,0.22625,512,64,10,760,10,750,1.0044642857142858,9,0.9868421052631579
time_merger,8,1,1.0,-0.25,0.36,1.0,0.263125,512,64,10,943,45,898,9.899553571428571,10,0.9522799575821845
time_merger,8,1,1.0,-0.1,0.6694214876033057,1.0,0.263125,512,64,10,943,45,898,9.899553571428571,10,0.9522799575821845
time_merger,8,1,1.0,0.04999999999999999,1.2216066481994463,1.1108033240997233,0.263125,512,64,10,943,45,898,9.899553571428571,10,0.9522799575821845
time_merger,8,1,1.0,0.19999999999999996,2.2499999999999996,1.6249999999999998,0.263125,512,64,10,944,45,899,9.899553571428571,10,0.9523305084745762
time_merger,8,1,1.0,0.35,4.313609467455622,2.656804733727811,0.263125,512,64,10,944,45,899,9.872767857142858,10,0.9523305084745762
time_merger,8,1,1.0,0.5,9.0,5.0,0.263125,512,64,10,945,45,901,9.825892857142858,10,0.9534391534391534
time_merger,8,1,1.0,0.6499999999999999,22.224489795918352,11.612244897959176,0.263125,512,64,10,941,45,896,9.667410714285714,10,0.9521785334750266
time_merger,8,1,1.0,0.8,81.00000000000003,41.000000000000014,0.263125,512,64,10,943,45,898,8.964285714285714,10,0.9522799575821845
time_merger,8,1,1.0,0.95,1000.0,760.9999999999986,0.263125,512,64,10,760,10,750,1.2053571428571428,10,0.9868421052631579
time_merger,8,1,1.0,-0.25,0.36,1.0,0.3,512,64,10,1075,45,1030,9.899553571428571,10,0.958139534883721
time_merger,8,1,1.0,-0.1,0.6694214876033057,1.0,0.3,512,64,10,1075,45,1030,9.899553571428571,10,0.958139534883721
time_merger,8,1,1.0,0.04999999999999999,1.2216066481994463,1.1108033240997233,0.3,512,64,10,1075,45,1030,9.899553571428571,10,0.958139534883721
time_merger,8,1,1.0,0.19999999999999996,2.2499999999999996,1.6249999999999998,0.3,512,64,10,1076,45,1031,9.899553571428571,10,0.95817843866171
time_merger,8,1,1.0,0.35,4.313609467455622,2.656804733727811,0.3,512,64,10,1076,45,1031,9.892857142857142,10,0.95817843866171
time_merger,8,1,1.0,0.5,9.0,5.0,0.3,512,64,10,1075,45,1031,9.839285714285714,10,0.9590697674418605
time_merger,8,1,1.0,0.6499999999999999,22.224489795918352,11.612244897959176,0.3,512,64,10,1069,45,1025,9.698660714285714,10,0.9588400374181478
time_merger,8,1,1.0,0.8,81.00000000000003,41.000000000000014,0.3,512,64,10,1066,45,1022,9.080357142857142,10,0.9587242026266416
time_merger,8,1,1.0,0.95,1000.0,760.9999999999986,0.3,512,64,10,760,10,750,1.0714285714285714,10,0.9868421052631579
opq,8,2,1.0,-0.25,0.36,1.0,0.005,512,64,255,18,18,0,0.0,0,1e-12
opq,8,2,1.0,-0.1,0.6694214876033057,1.0,0.005,512,64,255,18,18,0,0.0,0,1e-12
opq,8,2,1.0,0.04999999999999999,1.2216066481994463,1.1108033240997233,0.005,512,64,255,17,17,0,0.0,0,1e-12
opq,8,2,1.0,0.19999999999999996,2.2499999999999996,1.6249999999999998,0.005,512,64,255,18,18,0,0.0,0,1e-12
opq,8,2,1.0,0.35,4.313609467455622,2.656804733727811,0.005,512,64,255,18,18,0,0.008928571428571428,1,1e-12
opq,8,2,1.0,0.5,9.0,5.0,0.005,512,64,255,20,20,0,0.03571428571428571,3,1e-12
opq,8,2,1.0,0.6499999999999999,22.224489795918352,11.612244897959176,0.005,512,64,255,11,11,0,0.05580357142857143,9,1e-12
opq,8,2,1.0,0.8,81.00000000000003,41.000000000000014,0.005,512,64,255,0,0,0,0.0,0,1e-12
opq,8,2,1.0,0.95,1000.0,760.9999999999986,0.005,512,64,255,0,0,0,0.0,0,1e-12
opq,8,2,1.0,-0.25,0.36,1.0,0.041874999999999996,512,64,255,150,150,0,0.0,0,1e-12
opq,8,2,1.0,-0.1,0.6694214876033057,1.0,0.041874999999999996,512,64,255,150,150,0,0.0,0,1e-12
opq,8,2,1.0,0.04999999999999999,1.2216066481994463,1.1108033240997233,0.041874999999999996,512,64,255,150,150,0,0.0,0,1e-12
opq,8,2,1.0,0.19999999999999996,2.2499999999999996,1.6249999999999998,0.041874999999999996,512,64,255,149,149,0,0.0,0,1e-12
opq,8,2,1.0,0.35,4.313609467455622,2.656804733727811,0.041874999999999996,512,64,255,149,150,0,0.08258928571428571,1,1e-12
opq,8,2,1.0,0.5,9.0,5.0,0.041874999999999996,512,64,255,150,150,0,0.26785714285714285,3,1e-12
opq,8,2,1.0,0.6499999999999999,22.224489795918352,11.612244897959176,0.041874999999999996,512,64,255,151,151,0,0.8147321428571429,10,1e-12
opq,8,2,1.0,0.8,81.00000000000003,41.000000000000014,0.041874999999999996,512,64,255,164,164,0,3.5714285714285716,39,1e-12
opq,8,2,1.0,0.95,1000.0,760.9999999999986,0.041874999999999996,512,64,255,0,0,0,0.0,0,1e-12
opq,8,2,1.0,-0.25,0.36,1.0,0.07875,512,64,255,282,282,0,0.0,0,1e-12
opq,8,2,1.0,-0.1,0.6694214876033057,1.0,0.07875,512,64,255,282,282,0,0.0,0,1e-12
opq,8,2,1.0,0.04999999999999999,1.2216066481994463,1.1108033240997233,0.07875,512,64,255,283,283,0,0.0,0,1e-12
opq,8,2,1.0,0.19999999999999996,2.2499999999999996,1.6249999999999998,0.07875,512,64,255,283,283,0,0.0,0,1e-12
opq,8,2,1.0,0.35,4.313609467455622,2.656804733727811,0.07875,512,64,255,282,282,0,0.15625,1,1e-12
opq,8,2,1.0,0.5,9.0,5.0,0.07875,512,64,255,280,283,0,0.5022321428571429,3,1e-12
opq,8,2,1.0,0.6499999999999999,22.224489795918352,11.612244897959176,0.07875,512,64,255,279,279,0,1.5066964285714286,10,1e-12
opq,8,2,1.0,0.8,81.00000000000003,41.000000000000014,0.07875,512,64,255,287,287,0,6.25,39,1e-12
opq,8,2,1.0,0.95,1000.0,760.9999999999986,0.07875,512,64,255,0,0,0,0.0,0,1e-12
opq,8,2,1.0,-0.25,0.36,1.0,0.115625,512,64,255,414,414,0,0.0,0,1e-12
opq,8,2,1.0,-0.1,0.6694214876033057,1.0,0.115625,512,64,255,414,414,0,0.0,0,1e-12
opq,8,2,1.0,0.04999999999999999,1.2216066481994463,1.1108033240997233,0.115625,512,64,255,415,415,0,0.0,0,1e-12
opq,8,2,1.0,0.19999999999999996,2.2499999999999996,1.6249999999999998,0.115625,512,64,255,414,414,0,0.0,0,1e-12
opq,8,2,1.0,0.35,4.313609467455622,2.656804733727811,0.115625,512,64,255,414,415,0,0.22767857142857142,1,1e-12
opq,8,2,1.0,0.5,9.0,5.0,0.115625,512,64,255,415,415,0,0.7410714285714286,3,1e-12
opq,8,2,1.0,0.6499999999999999,22.224489795918352,11.612244897959176,0.115625,512,64,255,406,414,0,2.2142857142857144,10,1e-12
opq,8,2,1.0,0.8,81.00000000000003,41.000000000000014,0.115625,512,64,255,410,411,0,8.928571428571429,39,1e-12
opq,8,2,1.0,0.95,1000.0,760.9999999999986,0.115625,512,64,255,0,0,0,0.0,0,1e-12
opq,8,2,1.0,-0.25,0.36,1.0,0.1525,512,64,255,546,546,0,0.0,0,1e-12
opq,8,2,1.0,-0.1,0.6694214876033057,1.0,0.1525,512,64,255,546,546,0,0.0,0,1e-12
opq,8,2,1.0,0.04999999999999999,1.2216066481994463,1.1108033240997233,0.1525,512,64,255,547,547,0,0.020089285714285716,1,1e-12
opq,8,2,1.0,0.19999999999999996,2.2499999999999996,1.6249999999999998,0.1525,512,64,255,546,546,0,0.0,0,1e-12
opq,8,2,1.0,0.35,4.313609467455622,2.656804733727811,0.1525,512,64,255,547,547,0,0.3013392857142857,1,1e-12
opq,8,2,1.0,0.5,9.0,5.0,0.1525,512,64,255,545,545,0,0.9732142857142857,3,1e-12
opq,8,2,1.0,0.6499999999999999,22.224489795918352,11.612244897959176,0.1525,512,64,255,546,546,0,2.9464285714285716,10,1e-12
opq,8,2,1.0,0.8,81.00000000000003,41.000000000000014,0.1525,512,64,255,574,549,0,12.178571428571429,39,1e-12
opq,8,2,1.0,0.95,1000.0,760.9999999999986,0.1525,512,64,255,0,0,0,0.0,0,1e-12
opq,8,2,1.0,-0.25,0.36,1.0,0.189375,512,64,255,679,679,0,0.0,0,1e-12
opq,8,2,1.0,-0.1,0.6694214876033057,1.0,0.189375,512,64,255,679,679,0,0.0,0,1e-12
opq,8,2,1.0,0.04999999999999999,1.2216066481994463,1.1108033240997233,0.189375,512,64,255,679,679,0,0.07589285714285714,1,1e-12
opq,8,2,1.0,0.19999999999999996,2.2499999999999996,1.6249999999999998,0.189375,512,64,255,680,680,0,0.0,0,1e-12
opq,8,2,1.0,0.35,4.313609467455622,2.656804733727811,0.189375,512,64,255,678,679,0,0.46651785714285715,2,1e-12
opq,8,2,1.0,0.5,9.0,5.0,0.189375,512,64,255,680,678,0,1.2120535714285714,3,1e-12
opq,8,2,1.0,0.6499999999999999,22.224489795918352,11.612244897959176,0.189375,512,64,255,674,679,0,3.6473214285714284,10,1e-12
opq,8,2,1.0,0.8,81.00000000000003,41.000000000000014,0.189375,512,64,255,656,677,0,14.508928571428571,39,1e-12
opq,8,2,1.0,0.95,1000.0,760.9999999999986,0.189375,512,64,255,760,20,505,5.446428571428571,253,0.6644736842105263
opq,8,2,1.0,-0.25,0.36,1.0,0.22625,512,64,255,811,811,0,0.0,0,1e-12
opq,8,2,1.0,-0.1,0.6694214876033057,1.0,0.22625,512,64,255,811,811,0,0.0,0,1e-12
opq,8,2,1.0,0.04999999999999999,1.2216066481994463,1.1108033240997233,0.22625,512,64,255,811,811,0,0.18303571428571427,1,1e-12
opq,8,2,1.0,0.19999999999999996,2.2499999999999996,1.6249999999999998,0.22625,512,64,255,811,811,0,0.31919642857142855,2,1e-12
opq,8,2,1.0,0.35,4.313609467455622,2.656804733727811,0.22625,512,64,255,810,811,0,0.7254464285714286,2,1e-12
opq,8,2,1.0,0.5,9.0,5.0,0.22625,512,64,255,810,810,0,1.6160714285714286,4,1e-12
opq,8,2,1.0,0.6499999999999999,22.224489795918352,11.612244897959176,0.22625,512,64,255,813,813,0,4.386160714285714,10,1e-12
opq,8,2,1.0,0.8,81.00000000000003,41.000000000000014,0.22625,512,64,255,820,810,0,17.779017857142858,39,1e-12
opq,8,2,1.0,0.95,1000.0,760.9999999999986,0.22625,512,64,255,760,184,505,33.267857142857146,253,0.6644736842105263
opq,8,2,1.0,-0.25,0.36,1.0,0.263125,512,64,255,943,896,0,29.790178571428573,53,1e-12
opq,8,2,1.0,-0.1,0.6694214876033057,1.0,0.263125,512,64,255,943,896,0,29.790178571428573,53,1e-12
opq,8,2,1.0,0.04999999999999999,1.2216066481994463,1.1108033240997233,0.263125,512,64,255,943,896,0,30.214285714285715,54,1e-12
opq,8,2,1.0,0.19999999999999996,2.2499999999999996,1.6249999999999998,0.263125,512,64,255,944,896,0,30.919642857142858,55,1e-12
opq,8,2,1.0,0.35,4.313609467455622,2.656804733727811,0.263125,512,64,255,944,896,0,31.466517857142858,56,1e-12
opq,8,2,1.0,0.5,9.0,5.0,0.263125,512,64,255,945,896,0,31.743303571428573,57,1e-12
opq,8,2,1.0,0.6499999999999999,22.224489795918352,11.612244897959176,0.263125,512,64,255,941,896,0,35.002232142857146,63,1e-12
opq,8,2,1.0,0.8,81.00000000000003,41.000000000000014,0.263125,512,64,255,943,896,0,47.8125,90,1e-12
opq,8,2,1.0,0.95,1000.0,760.9999999999986,0.263125,512,64,255,760,255,505,36.002232142857146,253,0.6644736842105263
opq,8,2,1.0,-0.25,0.36,1.0,0.3,512,64,255,1075,896,0,114.79910714285714,204,1e-12
opq,8,2,1.0,-0.1,0.6694214876033057,1.0,0.3,512,64,255,1075,896,0,114.79910714285714,204,1e-12
opq,8,2,1.0,0.04999999999999999,1.2216066481994463,1.1108033240997233,0.3,512,64,255,1075,896,0,114.34598214285714,204,1e-12
opq,8,2,1.0,0.19999999999999996,2.2499999999999996,1.6249999999999998,0.3,512,64,255,1076,896,0,115.02678571428571,205,1e-12
opq,8,2,1.0,0.35,4.313609467455622,2.656804733727811,0.3,512,64,255,1076,896,0,115.56473214285714,205,1e-12
opq,8,2,1.0,0.5,9.0,5.0,0.3,512,64,255,1075,896,0,116.79910714285714,207,1e-12
opq,8,2,1.0,0.6499999999999999,22.224489795918352,11.612244897959176,0.3,512,64,255,1069,896,0,117.06696428571429,209,1e-12
opq,8,2,1.0,0.8,81.00000000000003,41.000000000000014,0.3,512,64,255,1066,896,0,128.64955357142858,231,1e-12
opq,8,2,1.0,0.95,1000.0,760.9999999999986,0.3,512,64,255,760,255,505,36.002232142857146,253,0.6644736842105263
time_merger,8,2,1.0,-0.25,0.36,1.0,0.005,512,64,10,18,18,0,0.140625,1,1e-12
time_merger,8,2,1.0,-0.1,0.6694214876033057,1.0,0.005,512,64,10,18,18,0,0.140625,1,1e-12
time_merger,8,2,1.0,0.04999999999999999,1.2216066481994463,1.1108033240997233,0.005,512,64,10,17,17,0,0.21205357142857142,2,1e-12
time_merger,8,2,1.0,0.19999999999999996,2.2499999999999996,1.6249999999999998,0.005,512,64,10,18,18,0,0.39955357142857145,2,1e-12
time_merger,8,2,1.0,0.35,4.313609467455622,2.656804733727811,0.005,512,64,10,18,18,0,0.546875,3,1e-12
time_merger,8,2,1.0,0.5,9.0,5.0,0.005,512,64,10,20,17,0,0.9285714285714286,5,1e-12
time_merger,8,2,1.0,0.6499999999999999,22.224489795918352,11.612244897959176,0.005,512,64,10,11,10,1,1.0044642857142858,9,0.09090909090909091
time_merger,8,2,1.0,0.8,81.00000000000003,41.000000000000014,0.005,512,64,10,0,0,0,0.0,0,1e-12
time_merger,8,2,1.0,0.95,1000.0,760.9999999999986,0.005,512,64,10,0,0,0,0.0,0,1e-12
time_merger,8,2,1.0,-0.25,0.36,1.0,0.041874999999999996,512,64,10,150,45,106,9.805803571428571,10,0.7066666666666667
time_merger,8,2,1.0,-0.1,0.6694214876033057,1.0,0.041874999999999996,512,64,10,150,45,106,9.805803571428571,10,0.7066666666666667
time_merger,8,2,1.0,0.04999999999999999,1.2216066481994463,1.1108033240997233,0.041874999999999996,512,64,10,150,45,106,9.814732142857142,10,0.7066666666666667
time_merger,8,2,1.0,0.19999999999999996,2.2499999999999996,1.6249999999999998,0.041874999999999996,512,64,10,149,45,105,9.707589285714286,10,0.7046979865771812
time_merger,8,2,1.0,0.35,4.313609467455622,2.656804733727811,0.041874999999999996,512,64,10,149,45,105,9.566964285714286,10,0.7046979865771812
time_merger,8,2,1.0,0.5,9.0,5.0,0.041874999999999996,512,64,10,150,45,105,9.196428571428571,10,0.7
time_merger,8,2,1.0,0.6499999999999999,22.224489795918352,11.612244897959176,0.041874999999999996,512,64,10,151,45,106,8.258928571428571,10,0.7019867549668874
time_merger,8,2,1.0,0.8,81.00000000000003,41.000000000000014,0.041874999999999996,512,64,10,164,33,124,3.825892857142857,10,0.7560975609756098
time_merger,8,2,1.0,0.95,1000.0,760.9999999999986,0.041874999999999996,512,64,10,0,0,0,0.0,0,1e-12
time_merger,8,2,1.0,-0.25,0.36,1.0,0.07875,512,64,10,282,45,237,9.859375,10,0.8404255319148937
time_merger,8,2,1.0,-0.1,0.6694214876033057,1.0,0.07875,512,64,10,282,45,237,9.859375,10,0.8404255319148937
time_merger,8,2,1.0,0.04999999999999999,1.2216066481994463,1.1108033240997233,0.07875,512,64,10,283,45,238,9.850446428571429,10,0.8409893992932862
time_merger,8,2,1.0,0.19999999999999996,2.2499999999999996,1.6249999999999998,0.07875,512,64,10,283,45,239,9.810267857142858,10,0.8445229681978799
time_merger,8,2,1.0,0.35,4.313609467455622,2.656804733727811,0.07875,512,64,10,282,45,238,9.741071428571429,10,0.8439716312056738
time_merger,8,2,1.0,0.5,9.0,5.0,0.07875,512,64,10,280,45,236,9.546875,10,0.8428571428571429
time_merger,8,2,1.0,0.6499999999999999,22.224489795918352,11.612244897959176,0.07875,512,64,10,279,45,235,9.015625,10,0.8422939068100358
time_merger,8,2,1.0,0.8,81.00000000000003,41.000000000000014,0.07875,512,64,10,287,45,238,6.569196428571429,10,0.8292682926829268
time_merger,8,2,1.0,0.95,1000.0,760.9999999999986,0.07875,512,64,10,0,0,0,0.0,0,1e-12
time_merger,8,2,1.0,-0.25,0.36,1.0,0.115625,512,64,10,414,45,369,9.899553571428571,10,0.8913043478260869
time_merger,8,2,1.0,-0.1,0.6694214876033057,1.0,0.115625,512,64,10,414,45,369,9.899553571428571,10,0.8913043478260869
time_merger,8,2,1.0,0.04999999999999999,1.2216066481994463,1.1108033240997233,0.115625,512,64,10,415,45,370,9.883928571428571,10,0.891566265060241
time_merger,8,2,1.0,0.19999999999999996,2.2499999999999996,1.6249999999999998,0.115625,512,64,10,414,45,369,9.852678571428571,10,0.8913043478260869
time_merger,8,2,1.0,0.35,4.313609467455622,2.656804733727811,0.115625,512,64,10,414,45,369,9.799107142857142,10,0.8913043478260869
time_merger,8,2,1.0,0.5,9.0,5.0,0.115625,512,64,10,415,45,370,9.694196428571429,10,0.891566265060241
time_merger,8,2,1.0,0.6499999999999999,22.224489795918352,11.612244897959176,0.115625,512,64,10,406,45,362,9.341517857142858,10,0.8916256157635468
time_merger,8,2,1.0,0.8,81.00000000000003,41.000000000000014,0.115625,512,64,10,410,45,366,7.75,10,0.8926829268292683
time_merger,8,2,1.0,0.95,1000.0,760.9999999999986,0.115625,512,64,10,0,0,0,0.0,0,1e-12
time_merger,8,2,1.0,-0.25,0.36,1.0,0.1525,512,64,10,546,45,501,9.899553571428571,10,0.9175824175824175
time_merger,8,2,1.0,-0.1,0.6694214876033057,1.0,0.1525,512,64,10,546,45,501,9.899553571428571,10,0.9175824175824175
time_merger,8,2,1.0,0.04999999999999999,1.2216066481994463,1.1108033240997233,0.1525,512,64,10,547,45,502,9.899553571428571,10,0.9177330895795247
time_merger,8,2,1.0,0.19999999999999996,2.2499999999999996,1.6249999999999998,0.1525,512,64,10,546,45,501,9.879464285714286,10,0.9175824175824175
time_merger,8,2,1.0,0.35,4.313609467455622,2.656804733727811,0.1525,512,64,10,547,45,502,9.841517857142858,10,0.9177330895795247
time_merger,8,2,1.0,0.5,9.0,5.0,0.1525,512,64,10,545,45,501,9.743303571428571,10,0.9192660550458716
time_merger,8,2,1.0,0.6499999999999999,22.224489795918352,11.612244897959176,0.1525,512,64,10,546,45,501,9.477678571428571,10,0.9175824175824175
time_merger,8,2,1.0,0.8,81.00000000000003,41.000000000000014,0.1525,512,64,10,574,45,527,8.229910714285714,10,0.9181184668989547
time_merger,8,2,1.0,0.95,1000.0,760.9999999999986,0.1525,512,64,10,0,0,0,0.0,0,1e-12
time_merger,8,2,1.0,-0.25,0.36,1.0,0.189375,512,64,10,679,45,634,9.899553571428571,10,0.9337260677466863
time_merger,8,2,1.0,-0.1,0.6694214876033057,1.0,0.189375,512,64,10,679,45,634,9.899553571428571,10,0.9337260677466863
time_merger,8,2,1.0,0.04999999999999999,1.2216066481994463,1.1108033240997233,0.189375,512,64,10,679,45,634,9.899553571428571,10,0.9337260677466863
time_merger,8,2,1.0,0.19999999999999996,2.2499999999999996,1.6249999999999998,0.189375,512,64,10,680,45,635,9.895089285714286,10,0.9338235294117647
time_merger,8,2,1.0,0.35,4.313609467455622,2.656804733727811,0.189375,512,64,10,678,45,634,9.857142857142858,10,0.9351032448377581
time_merger,8,2,1.0,0.5,9.0,5.0,0.189375,512,64,10,680,45,635,9.796875,10,0.9338235294117647
time_merger,8,2,1.0,0.6499999999999999,22.224489795918352,11.612244897959176,0.189375,512,64,10,674,45,630,9.558035714285714,10,0.9347181008902077
time_merger,8,2,1.0,0.8,81.00000000000003,41.000000000000014,0.189375,512,64,10,656,45,613,8.584821428571429,10,0.9344512195121951
time_merger,8,2,1.0,0.95,1000.0,760.9999999999986,0.189375,512,64,10,760,1,750,0.21875,10,0.9868421052631579
time_merger,8,2,1.0,-0.25,0.36,1.0,0.22625,512,64,10,811,45,766,9.899553571428571,10,0.9445129469790382
time_merger,8,2,1.0,-0.1,0.6694214876033057,1.0,0.22625,512,64,10,811,45,766,9.899553571428571,10,0.9445129469790382
time_merger,8,2,1.0,0.04999999999999999,1.2216066481994463,1.1108033240997233,0.22625,512,64,10,811,45,766,9.899553571428571,10,0.9445129469790382
time_merger,8,2,1.0,0.19999999999999996,2.2499999999999996,1.6249999999999998,0.22625,512,64,10,811,45,766,9.899553571428571,10,0.9445129469790382
time_merger,8,2,1.0,0.35,4.313609467455622,2.656804733727811,0.22625,512,64,10,810,45,766,9.863839285714286,10,0.945679012345679
time_merger,8,2,1.0,0.5,9.0,5.0,0.22625,512,64,10,810,45,765,9.810267857142858,10,0.9444444444444444
time_merger,8,2,1.0,0.6499999999999999,22.224489795918352,11.612244897959176,0.22625,512,64,10,813,45,768,9.622767857142858,10,0.9446494464944649
time_merger,8,2,1.0,0.8,81.00000000000003,41.000000000000014,0.22625,512,64,10,820,45,775,8.8125,10,0.9451219512195121
time_merger,8,2,1.0,0.95,1000.0,760.9999999999986,0.22625,512,64,10,760,10,750,1.0044642857142858,9,0.9868421052631579
time_merger,8,2,1.0,-0.25,0.36,1.0,0.263125,512,64,10,943,45,898,9.899553571428571,10,0.9522799575821845
time_merger,8,2,1.0,-0.1,0.6694214876033057,1.0,0.263125,512,64,10,943,45,898,9.899553571428571,10,0.9522799575821845
time_merger,8,2,1.0,0.04999999999999999,1.2216066481994463,1.1108033240997233,0.263125,512,64,10,943,45,898,9.899553571428571,10,0.9522799575821845
time_merger,8,2,1.0,0.19999999999999996,2.2499999999999996,1.6249999999999998,0.263125,512,64,10,944,45,899,9.899553571428571,10,0.9523305084745762
time_merger,8,2,1.0,0.35,4.313609467455622,2.656804733727811,0.263125,512,64,10,944,45,899,9.872767857142858,10,0.9523305084745762
time_merger,8,2,1.0,0.5,9.0,5.0,0.263125,512,64,10,945,45,901,9.825892857142858,10,0.9534391534391534
time_merger,8,2,1.0,0.6499999999999999,22.224489795918352,11.612244897959176,0.263125,512,64,10,941,45,896,9.667410714285714,10,0.9521785334750266
time_merger,8,2,1.0,0.8,81.00000000000003,41.000000000000014,0.263125,512,64,10,943,45,898,8.964285714285714,10,0.9522799575821845
time_merger,8,2,1.0,0.95,1000.0,760.9999999999986,0.263125,512,64,10,760,10,750,1.2053571428571428,10,0.9868421052631579
time_merger,8,2,1.0,-0.25,0.36,1.0,0.3,512,64,10,1075,45,1030,9.899553571428571,10,0.958139534883721
time_merger,8,2,1.0,-0.1,0.6694214876033057,1.0,0.3,512,64,10,1075,45,1030,9.899553571428571,10,0.958139534883721
time_merger,8,2,1.0,0.04999999999999999,1.2216066481994463,1.1108033240997233,0.3,512,64,10,1075,45,1030,9.899553571428571,10,0.958139534883721
time_merger,8,2,1.0,0.19999999999999996,2.2499999999999996,1.6249999999999998,0.3,512,64,10,1076,45,1031,9.899553571428571,10,0.95817843866171
time_merger,8,2,1.0,0.35,4.313609467455622,2.656804733727811,0.3,512,64,10,1076,45,1031,9.892857142857142,10,0.95817843866171
time_merger,8,2,1.0,0.5,9.0,5.0,0.3,512,64,10,1075,45,1031,9.839285714285714,10,0.9590697674418605
time_merger,8,2,1.0,0.6499999999999999,22.224489795918352,11.612244897959176,0.3,512,64,10,1069,45,1025,9.698660714285714,10,0.9588400374181478
time_merger,8,2,1.0,0.8,81.00000000000003,41.000000000000014,0.3,512,64,10,1066,45,1022,9.080357142857142,10,0.9587242026266416
time_merger,8,2,1.0,0.95,1000.0,760.9999999999986,0.3,512,64,10,760,10,750,1.0714285714285714,10,0.9868421052631579
opq,8,4,1.0,-0.25,0.36,1.0,0.005,512,64,255,18,18,0,0.0,0,1e-12
opq,8,4,1.0,-0.1,0.6694214876033057,1.0,0.005,512,64,255,18,18,0,0.0,0,1e-12
opq,8,4,1.0,0.04999999999999999,1.2216066481994463,1.1108033240997233,0.005,512,64,255,17,17,0,0.0,0,1e-12
opq,8,4,1.0,0.19999999999999996,2.2499999999999996,1.6249999999999998,0.005,512,64,255,18,18,0,0.0,0,1e-12
opq,8,4,1.0,0.35,4.313609467455622,2.656804733727811,0.005,512,64,255,18,18,0,0.0,0,1e-12
opq,8,4,1.0,0.5,9.0,5.0,0.005,512,64,255,20,20,0,0.008928571428571428,1,1e-12
opq,8,4,1.0,0.6499999999999999,22.224489795918352,11.612244897959176,0.005,512,64,255,11,11,0,0.022321428571428572,7,1e-12
opq,8,4,1.0,0.8,81.00000000000003,41.000000000000014,0.005,512,64,255,0,0,0,0.0,0,1e-12
opq,8,4,1.0,0.95,1000.0,760.9999999999986,0.005,512,64,255,0,0,0,0.0,0,1e-12
opq,8,4,1.0,-0.25,0.36,1.0,0.041874999999999996,512,64,255,150,150,0,0.0,0,1e-12
opq,8,4,1.0,-0.1,0.6694214876033057,1.0,0.041874999999999996,512,64,255,150,150,0,0.0,0,1e-12
opq,8,4,1.0,0.04999999999999999,1.2216066481994463,1.1108033240997233,0.041874999999999996,512,64,255,150,150,0,0.0,0,1e-12
opq,8,4,1.0,0.19999999999999996,2.2499999999999996,1.6249999999999998,0.041874999999999996,512,64,255,149,149,0,0.0,0,1e-12
opq,8,4,1.0,0.35,4.313609467455622,2.656804733727811,0.041874999999999996,512,64,255,149,149,0,0.0,0,1e-12
opq,8,4,1.0,0.5,9.0,5.0,0.041874999999999996,512,64,255,150,150,0,0.06696428571428571,1,1e-12
opq,8,4,1.0,0.6499999999999999,22.224489795918352,11.612244897959176,0.041874999999999996,512,64,255,151,151,0,0.32589285714285715,8,1e-12
opq,8,4,1.0,0.8,81.00000000000003,41.000000000000014,0.041874999999999996,512,64,255,164,164,0,1.6964285714285714,37,1e-12
opq,8,4,1.0,0.95,1000.0,760.9999999999986,0.041874999999999996,512,64,255,0,0,0,0.0,0,1e-12
opq,8,4,1.0,-0.25,0.36,1.0,0.07875,512,64,255,282,282,0,0.0,0,1e-12
opq,8,4,1.0,-0.1,0.6694214876033057,1.0,0.07875,512,64,255,282,282,0,0.0,0,1e-12
opq,8,4,1.0,0.04999999999999999,1.2216066481994463,1.1108033240997233,0.07875,512,64,255,283,283,0,0.0,0,1e-12
opq,8,4,1.0,0.19999999999999996,2.2499999999999996,1.6249999999999998,0.07875,512,64,255,283,283,0,0.0,0,1e-12
opq,8,4,1.0,0.35,4.313609467455622,2.656804733727811,0.07875,512,64,255,282,282,0,0.0,0,1e-12
opq,8,4,1.0,0.5,9.0,5.0,0.07875,512,64,255,280,281,0,0.125,1,1e-12
opq,8,4,1.0,0.6499999999999999,22.224489795918352,11.612244897959176,0.07875,512,64,255,279,279,0,0.6026785714285714,8,1e-12
opq,8,4,1.0,0.8,81.00000000000003,41.000000000000014,0.07875,512,64,255,287,287,0,2.96875,37,1e-12
opq,8,4,1.0,0.95,1000.0,760.9999999999986,0.07875,512,64,255,0,0,0,0.0,0,1e-12
opq,8,4,1.0,-0.25,0.36,1.0,0.115625,512,64,255,414,414,0,0.0,0,1e-12
opq,8,4,1.0,-0.1,0.6694214876033057,1.0,0.115625,512,64,255,414,414,0,0.0,0,1e-12
opq,8,4,1.0,0.04999999999999999,1.2216066481994463,1.1108033240997233,0.115625,512,64,255,415,415,0,0.0,0,1e-12
opq,8,4,1.0,0.19999999999999996,2.2499999999999996,1.6249999999999998,0.115625,512,64,255,414,414,0,0.0,0,1e-12
opq,8,4,1.0,0.35,4.313609467455622,2.656804733727811,0.115625,512,64,255,414,414,0,0.0,0,1e-12
opq,8,4,1.0,0.5,9.0,5.0,0.115625,512,64,255,415,415,0,0.18526785714285715,1,1e-12
opq,8,4,1.0,0.6499999999999999,22.224489795918352,11.612244897959176,0.115625,512,64,255,406,410,0,0.875,8,1e-12
opq,8,4,1.0,0.8,81.00000000000003,41.000000000000014,0.115625,512,64,255,410,410,0,4.241071428571429,37,1e-12
opq,8,4,1.0,0.95,1000.0,760.9999999999986,0.115625,512,64,255,0,0,0,0.0,0,1e-12
opq,8,4,1.0,-0.25,0.36,1.0,0.1525,512,64,255,546,546,0,0.0,0,1e-12
opq,8,4,1.0,-0.1,0.6694214876033057,1.0,0.1525,512,64,255,546,546,0,0.0,0,1e-12
opq,8,4,1.0,0.04999999999999999,1.2216066481994463,1.1108033240997233,0.1525,512,64,255,547,547,0,0.0,0,1e-12
opq,8,4,1.0,0.19999999999999996,2.2499999999999996,1.6249999999999998,0.1525,512,64,255,546,546,0,0.0,0,1e-12
opq,8,4,1.0,0.35,4.313609467455622,2.656804733727811,0.1525,512,64,255,547,547,0,0.0,0,1e-12
opq,8,4,1.0,0.5,9.0,5.0,0.1525,512,64,255,545,545,0,0.24330357142857142,1,1e-12
opq,8,4,1.0,0.6499999999999999,22.224489795918352,11.612244897959176,0.1525,512,64,255,546,546,0,1.1785714285714286,8,1e-12
opq,8,4,1.0,0.8,81.00000000000003,41.000000000000014,0.1525,512,64,255,574,565,0,5.924107142857143,37,1e-12
opq,8,4,1.0,0.95,1000.0,760.9999999999986,0.1525,512,64,255,0,0,0,0.0,0,1e-12
opq,8,4,1.0,-0.25,0.36,1.0,0.189375,512,64,255,679,679,0,0.0,0,1e-12
opq,8,4,1.0,-0.1,0.6694214876033057,1.0,0.189375,512,64,255,679,679,0,0.0,0,1e-12
opq,8,4,1.0,0.04999999999999999,1.2216066481994463,1.1108033240997233,0.189375,512,64,255,679,679,0,0.0,0,1e-12
opq,8,4,1.0,0.19999999999999996,2.2499999999999996,1.6249999999999998,0.189375,512,64,255,680,680,0,0.0,0,1e-12
opq,8,4,1.0,0.35,4.313609467455622,2.656804733727811,0.189375,512,64,255,678,678,0,0.0,0,1e-12
opq,8,4,1.0,0.5,9.0,5.0,0.189375,512,64,255,680,679,0,0.30357142857142855,1,1e-12
opq,8,4,1.0,0.6499999999999999,22.224489795918352,11.612244897959176,0.189375,512,64,255,674,674,0,1.4553571428571428,8,1e-12
opq,8,4,1.0,0.8,81.00000000000003,41.000000000000014,0.189375,512,64,255,656,657,0,6.785714285714286,37,1e-12
opq,8,4,1.0,0.95,1000.0,760.9999999999986,0.189375,512,64,255,760,40,505,5.200892857142857,251,0.6644736842105263
opq,8,4,1.0,-0.25,0.36,1.0,0.22625,512,64,255,811,811,0,0.0,0,1e-12
opq,8,4,1.0,-0.1,0.6694214876033057,1.0,0.22625,512,64,255,811,811,0,0.0,0,1e-12
opq,8,4,1.0,0.04999999999999999,1.2216066481994463,1.1108033240997233,0.22625,512,64,255,811,811,0,0.0,0,1e-12
opq,8,4,1.0,0.19999999999999996,2.2499999999999996,1.6249999999999998,0.22625,512,64,255,811,811,0,0.0,0,1e-12
opq,8,4,1.0,0.35,4.313609467455622,2.656804733727811,0.22625,512,64,255,810,810,0,0.0,0,1e-12
opq,8,4,1.0,0.5,9.0,5.0,0.22625,512,64,255,810,810,0,0.36160714285714285,1,1e-12
opq,8,4,1.0,0.6499999999999999,22.224489795918352,11.612244897959176,0.22625,512,64,255,813,813,0,1.7544642857142858,8,1e-12
opq,8,4,1.0,0.8,81.00000000000003,41.000000000000014,0.22625,512,64,255,820,820,0,8.482142857142858,37,1e-12
opq,8,4,1.0,0.95,1000.0,760.9999999999986,0.22625,512,64,255,760,255,505,17.859375,251,0.6644736842105263
opq,8,4,1.0,-0.25,0.36,1.0,0.263125,512,64,255,943,943,0,0.0,0,1e-12
opq,8,4,1.0,-0.1,0.6694214876033057,1.0,0.263125,512,64,255,943,943,0,0.0,0,1e-12
opq,8,4,1.0,0.04999999999999999,1.2216066481994463,1.1108033240997233,0.263125,512,64,255,943,943,0,0.0,0,1e-12
opq,8,4,1.0,0.19999999999999996,2.2499999999999996,1.6249999999999998,0.263125,512,64,255,944,944,0,0.0,0,1e-12
opq,8,4,1.0,0.35,4.313609467455622,2.656804733727811,0.263125,512,64,255,944,944,0,0.0,0,1e-12
opq,8,4,1.0,0.5,9.0,5.0,0.263125,512,64,255,945,945,0,0.421875,1,1e-12
opq,8,4,1.0,0.6499999999999999,22.224489795918352,11.612244897959176,0.263125,512,64,255,941,941,0,2.03125,8,1e-12
opq,8,4,1.0,0.8,81.00000000000003,41.000000000000014,0.263125,512,64,255,943,943,0,9.754464285714286,37,1e-12
opq,8,4,1.0,0.95,1000.0,760.9999999999986,0.263125,512,64,255,760,255,505,17.859375,251,0.6644736842105263
opq,8,4,1.0,-0.25,0.36,1.0,0.3,512,64,255,1075,1075,0,0.0,0,1e-12
opq,8,4,1.0,-0.1,0.6694214876033057,1.0,0.3,512,64,255,1075,1075,0,0.0,0,1e-12
opq,8,4,1.0,0.04999999999999999,1.2216066481994463,1.1108033240997233,0.3,512,64,255,1075,1075,0,0.0,0,1e-12
opq,8,4,1.0,0.19999999999999996,2.2499999999999996,1.6249999999999998,0.3,512,64,255,1076,1076,0,0.0,0,1e-12
opq,8,4,1.0,0.35,4.313609467455622,2.656804733727811,0.3,512,64,255,1076,1076,0,0.0,0,1e-12
opq,8,4,1.0,0.5,9.0,5.0,0.3,512,64,255,1075,1075,0,0.4799107142857143,1,1e-12
opq,8,4,1.0,0.6499999999999999,22.224489795918352,11.612244897959176,0.3,512,64,255,1069,1072,0,2.3080357142857144,8,1e-12
opq,8,4,1.0,0.8,81.00000000000003,41.000000000000014,0.3,512,64,255,1066,1066,0,11.026785714285714,37,1e-12
opq,8,4,1.0,0.95,1000.0,760.9999999999986,0.3,512,64,255,760,255,505,17.859375,251,0.6644736842105263
time_merger,8,4,1.0,-0.25,0.36,1.0,0.005,512,64,10,18,18,0,0.140625,1,1e-12
time_merger,8,4,1.0,-0.1,0.6694214876033057,1.0,0.005,512,64,10,18,18,0,0.140625,1,1e-12
time_merger,8,4,1.0,0.04999999999999999,1.2216066481994463,1.1108033240997233,0.005,512,64,10,17,17,0,0.21205357142857142,2,1e-12
time_merger,8,4,1.0,0.19999999999999996,2.2499999999999996,1.6249999999999998,0.005,512,64,10,18,18,0,0.39955357142857145,2,1e-12
time_merger,8,4,1.0,0.35,4.313609467455622,2.656804733727811,0.005,512,64,10,18,18,0,0.546875,3,1e-12
time_merger,8,4,1.0,0.5,9.0,5.0,0.005,512,64,10,20,17,0,0.9285714285714286,5,1e-12
time_merger,8,4,1.0,0.6499999999999999,22.224489795918352,11.612244897959176,0.005,512,64,10,11,10,1,1.0044642857142858,9,0.09090909090909091
time_merger,8,4,1.0,0.8,81.00000000000003,41.000000000000014,0.005,512,64,10,0,0,0,0.0,0,1e-12
time_merger,8,4,1.0,0.95,1000.0,760.9999999999986,0.005,512,64,10,0,0,0,0.0,0,1e-12
time_merger,8,4,1.0,-0.25,0.36,1.0,0.041874999999999996,512,64,10,150,45,106,9.805803571428571,10,0.7066666666666667
time_merger,8,4,1.0,-0.1,0.6694214876033057,1.0,0.041874999999999996,512,64,10,150,45,106,9.805803571428571,10,0.7066666666666667
time_merger,8,4,1.0,0.04999999999999999,1.2216066481994463,1.1108033240997233,0.041874999999999996,512,64,10,150,45,106,9.814732142857142,10,0.7066666666666667
time_merger,8,4,1.0,0.19999999999999996,2.2499999999999996,1.6249999999999998,0.041874999999999996,512,64,10,149,45,105,9.707589285714286,10,0.7046979865771812
time_merger,8,4,1.0,0.35,4.313609467455622,2.656804733727811,0.041874999999999996,512,64,10,149,45,105,9.566964285714286,10,0.7046979865771812
time_merger,8,4,1.0,0.5,9.0,5.0,0.041874999999999996,512,64,10,150,45,105,9.196428571428571,10,0.7
time_merger,8,4,1.0,0.6499999999999999,22.224489795918352,11.612244897959176,0.041874999999999996,512,64,10,151,45,106,8.258928571428571,10,0.7019867549668874
time_merger,8,4,1.0,0.8,81.00000000000003,41.000000000000014,0.041874999999999996,512,64,10,164,33,124,3.825892857142857,10,0.7560975609756098
time_merger,8,4,1.0,0.95,1000.0,760.9999999999986,0.041874999999999996,512,64,10,0,0,0,0.0,0,1e-12
time_merger,8,4,1.0,-0.25,0.36,1.0,0.07875,512,64,10,282,45,237,9.859375,10,0.8404255319148937
time_merger,8,4,1.0,-0.1,0.6694214876033057,1.0,0.07875,512,64,10,282,45,237,9.859375,10,0.8404255319148937
time_merger,8,4,1.0,0.04999999999999999,1.2216066481994463,1.1108033240997233,0.07875,512,64,10,283,45,238,9.850446428571429,10,0.8409893992932862
time_merger,8,4,1.0,0.19999999999999996,2.2499999999999996,1.6249999999999998,0.07875,512,64,10,283,45,239,9.810267857142858,10,0.8445229681978799
time_merger,8,4,1.0,0.35,4.313609467455622,2.656804733727811,0.07875,512,64,10,282,45,238,9.741071428571429,10,0.8439716312056738
time_merger,8,4,1.0,0.5,9.0,5.0,0.07875,512,64,10,280,45,236,9.546875,10,0.8428571428571429
time_merger,8,4,1.0,0.6499999999999999,22.224489795918352,11.612244897959176,0.07875,512,64,10,279,45,235,9.015625,10,0.8422939068100358
time_merger,8,4,1.0,0.8,81.00000000000003,41.000000000000014,0.07875,512,64,10,287,45,238,6.569196428571429,10,0.8292682926829268
time_merger,8,4,1.0,0.95,1000.0,760.9999999999986,0.07875,512,64,10,0,0,0,0.0,0,1e-12
time_merger,8,4,1.0,-0.25,0.36,1.0,0.115625,512,64,10,414,45,369,9.899553571428571,10,0.8913043478260869
time_merger,8,4,1.0,-0.1,0.6694214876033057,1.0,0.115625,512,64,10,414,45,369,9.899553571428571,10,0.8913043478260869
time_merger,8,4,1.0,0.04999999999999999,1.2216066481994463,1.1108033240997233,0.115625,512,64,10,415,45,370,9.883928571428571,10,0.891566265060241
time_merger,8,4,1.0,0.19999999999999996,2.2499999999999996,1.6249999999999998,0.115625,512,64,10,414,45,369,9.852678571428571,10,0.8913043478260869
time_merger,8,4,1.0,0.35,4.313609467455622,2.656804733727811,0.115625,512,64,10,414,45,369,9.799107142857142,10,0.8913043478260869
time_merger,8,4,1.0,0.5,9.0,5.0,0.115625,512,64,10,415,45,370,9.694196428571429,10,0.891566265060241
time_merger,8,4,1.0,0.6499999999999999,22.224489795918352,11.612244897959176,0.115625,512,64,10,406,45,362,9.341517857142858,10,0.8916256157635468
time_merger,8,4,1.0,0.8,81.00000000000003,41.000000000000014,0.115625,512,64,10,410,45,366,7.75,10,0.8926829268292683
time_merger,8,4,1.0,0.95,1000.0,760.9999999999986,0.115625,512,64,10,0,0,0,0.0,0,1e-12
time_merger,8,4,1.0,-0.25,0.36,1.0,0.1525,512,64,10,546,45,501,9.899553571428571,10,0.9175824175824175
time_merger,8,4,1.0,-0.1,0.6694214876033057,1.0,0.1525,512,64,10,546,45,501,9.899553571428571,10,0.9175824175824175
time_merger,8,4,1.0,0.04999999999999999,1.2216066481994463,1.1108033240997233,0.1525,512,64,10,547,45,502,9.899553571428571,10,0.9177330895795247
time_merger,8,4,1.0,0.19999999999999996,2.2499999999999996,1.6249999999999998,0.1525,512,64,10,546,45,501,9.879464285714286,10,0.9175824175824175
time_merger,8,4,1.0,0.35,4.313609467455622,2.656804733727811,0.1525,512,64,10,547,45,502,9.841517857142858,10,0.9177330895795247
time_merger,8,4,1.0,0.5,9.0,5.0,0.1525,512,64,10,545,45,501,9.743303571428571,10,0.9192660550458716
time_merger,8,4,1.0,0.6499999999999999,22.224489795918352,11.612244897959176,0.1525,512,64,10,546,45,501,9.477678571428571,10,0.9175824175824175
time_merger,8,4,1.0,0.8,81.00000000000003,41.000000000000014,0.1525,512,64,10,574,45,527,8.229910714285714,10,0.9181184668989547
time_merger,8,4,1.0,0.95,1000.0,760.9999999999986,0.1525,512,64,10,0,0,0,0.0,0,1e-12
time_merger,8,4,1.0,-0.25,0.36,1.0,0.189375,512,64,10,679,45,634,9.899553571428571,10,0.9337260677466863
time_merger,8,4,1.0,-0.1,0.6694214876033057,1.0,0.189375,512,64,10,679,45,634,9.899553571428571,10,0.9337260677466863
time_merger,8,4,1.0,0.04999999999999999,1.2216066481994463,1.1108033240997233,0.189375,512,64,10,679,45,634,9.899553571428571,10,0.9337260677466863
time_merger,8,4,1.0,0.19999999999999996,2.2499999999999996,1.6249999999999998,0.189375,512,64,10,680,45,635,9.895089285714286,10,0.9338235294117647
time_merger,8,4,1.0,0.35,4.313609467455622,2.656804733727811,0.189375,512,64,10,678,45,634,9.857142857142858,10,0.9351032448377581
time_merger,8,4,1.0,0.5,9.0,5.0,0.189375,512,64,10,680,45,635,9.796875,10,0.9338235294117647
time_merger,8,4,1.0,0.6499999999999999,22.224489795918352,11.612244897959176,0.189375,512,64,10,674,45,630,9.558035714285714,10,0.9347181008902077
time_merger,8,4,1.0,0.8,81.00000000000003,41.000000000000014,0.189375,512,64,10,656,45,613,8.584821428571429,10,0.9344512195121951
time_merger,8,4,1.0,0.95,1000.0,760.9999999999986,0.189375,512,64,10,760,1,750,0.21875,10,0.9868421052631579
time_merger,8,4,1.0,-0.25,0.36,1.0,0.22625,512,64,10,811,45,766,9.899553571428571,10,0.9445129469790382
time_merger,8,4,1.0,-0.1,0.6694214876033057,1.0,0.22625,512,64,10,811,45,766,9.899553571428571,10,0.9445129469790382
time_merger,8,4,1.0,0.04999999999999999,1.2216066481994463,1.1108033240997233,0.22625,512,64,10,811,45,766,9.899553571428571,10,0.9445129469790382
time_merger,8,4,1.0,0.19999999999999996,2.2499999999999996,1.6249999999999998,0.22625,512,64,10,811,45,766,9.899553571428571,10,0.9445129469790382
time_merger,8,4,1.0,0.35,4.313609467455622,2.656804733727811,0.22625,512,64,10,810,45,766,9.863839285714286,10,0.945679012345679
time_merger,8,4,1.0,0.5,9.0,5.0,0.22625,512,64,10,810,45,765,9.810267857142858,10,0.9444444444444444
time_merger,8,4,1.0,0.6499999999999999,22.224489795918352,11.612244897959176,0.22625,512,64,10,813,45,768,9.622767857142858,10,0.9446494464944649
time_merger,8,4,1.0,0.8,81.00000000000003,41.000000000000014,0.22625,512,64,10,820,45,775,8.8125,10,0.9451219512195121
time_merger,8,4,1.0,0.95,1000.0,760.9999999999986,0.22625,512,64,10,760,10,750,1.0044642857142858,9,0.9868421052631579
time_merger,8,4,1.0,-0.25,0.36,1.0,0.263125,512,64,10,943,45,898,9.899553571428571,10,0.9522799575821845
time_merger,8,4,1.0,-0.1,0.6694214876033057,1.0,0.263125,512,64,10,943,45,898,9.899553571428571,10,0.9522799575821845
time_merger,8,4,1.0,0.04999999999999999,1.2216066481994463,1.1108033240997233,0.263125,512,64,10,943,45,898,9.899553571428571,10,0.9522799575821845
time_merger,8,4,1.0,0.19999999999999996,2.2499999999999996,1.6249999999999998,0.263125,512,64,10,944,45,899,9.899553571428571,10,0.9523305084745762
time_merger,8,4,1.0,0.35,4.313609467455622,2.656804733727811,0.263125,512,64,10,944,45,899,9.872767857142858,10,0.9523305084745762
time_merger,8,4,1.0,0.5,9.0,5.0,0.263125,512,64,10,945,45,901,9.825892857142858,10,0.9534391534391534
time_merger,8,4,1.0,0.6499999999999999,22.224489795918352,11.612244897959176,0.263125,512,64,10,941,45,896,9.667410714285714,10,0.9521785334750266
time_merger,8,4,1.0,0.8,81.00000000000003,41.000000000000014,0.263125,512,64,10,943,45,898,8.964285714285714,10,0.9522799575821845
time_merger,8,4,1.0,0.95,1000.0,760.9999999999986,0.263125,512,64,10,760,10,750,1.2053571428571428,10,0.9868421052631579
time_merger,8,4,1.0,-0.25,0.36,1.0,0.3,512,64,10,1075,45,1030,9.899553571428571,10,0.958139534883721
time_merger,8,4,1.0,-0.1,0.6694214876033057,1.0,0.3,512,64,10,1075,45,1030,9.899553571428571,10,0.958139534883721
time_merger,8,4,1.0,0.04999999999999999,1.2216066481994463,1.1108033240997233,0.3,512,64,10,1075,45,1030,9.899553571428571,10,0.958139534883721
time_merger,8,4,1.0,0.19999999999999996,2.2499999999999996,1.6249999999999998,0.3,512,64,10,1076,45,1031,9.899553571428571,10,0.95817843866171
time_merger,8,4,1.0,0.35,4.313609467455622,2.656804733727811,0.3,512,64,10,1076,45,1031,9.892857142857142,10,0.95817843866171
time_merger,8,4,1.0,0.5,9.0,5.0,0.3,512,64,10,1075,45,1031,9.839285714285714,10,0.9590697674418605
time_merger,8,4,1.0,0.6499999999999999,22.224489795918352,11.612244897959176,0.3,512,64,10,1069,45,1025,9.698660714285714,10,0.9588400374181478
time_merger,8,4,1.0,0.8,81.00000000000003,41.000000000000014,0.3,512,64,10,1066,45,1022,9.080357142857142,10,0.9587242026266416
time_merger,8,4,1.0,0.95,1000.0,760.9999999999986,0.3,512,64,10,760,10,750,1.0714285714285714,10,0.9868421052631579
opq,8,8,1.0,-0.25,0.36,1.0,0.005,512,64,255,18,18,0,0.0,0,1e-12
opq,8,8,1.0,-0.1,0.6694214876033057,1.0,0.005,512,64,255,18,18,0,0.0,0,1e-12
opq,8,8,1.0,0.04999999999999999,1.2216066481994463,1.1108033240997233,0.005,512,64,255,17,17,0,0.0,0,1e-12
opq,8,8,1.0,0.19999999999999996,2.2499999999999996,1.6249999999999998,0.005,512,64,255,18,18,0,0.0,0,1e-12
opq,8,8,1.0,0.35,4.313609467455622,2.656804733727811,0.005,512,64,255,18,18,0,0.0,0,1e-12
opq,8,8,1.0,0.5,9.0,5.0,0.005,512,64,255,20,20,0,0.0,0,1e-12
opq,8,8,1.0,0.6499999999999999,22.224489795918352,11.612244897959176,0.005,512,64,255,11,11,0,0.006696428571428571,3,1e-12
opq,8,8,1.0,0.8,81.00000000000003,41.000000000000014,0.005,512,64,255,0,0,0,0.0,0,1e-12
opq,8,8,1.0,0.95,1000.0,760.9999999999986,0.005,512,64,255,0,0,0,0.0,0,1e-12
opq,8,8,1.0,-0.25,0.36,1.0,0.041874999999999996,512,64,255,150,150,0,0.0,0,1e-12
opq,8,8,1.0,-0.1,0.6694214876033057,1.0,0.041874999999999996,512,64,255,150,150,0,0.0,0,1e-12
opq,8,8,1.0,0.04999999999999999,1.2216066481994463,1.1108033240997233,0.041874999999999996,512,64,255,150,150,0,0.0,0,1e-12
opq,8,8,1.0,0.19999999999999996,2.2499999999999996,1.6249999999999998,0.041874999999999996,512,64,255,149,149,0,0.0,0,1e-12
opq,8,8,1.0,0.35,4.313609467455622,2.656804733727811,0.041874999999999996,512,64,255,149,149,0,0.0,0,1e-12
opq,8,8,1.0,0.5,9.0,5.0,0.041874999999999996,512,64,255,150,150,0,0.0,0,1e-12
opq,8,8,1.0,0.6499999999999999,22.224489795918352,11.612244897959176,0.041874999999999996,512,64,255,151,151,0,0.10491071428571429,4,1e-12
opq,8,8,1.0,0.8,81.00000000000003,41.000000000000014,0.041874999999999996,512,64,255,164,164,0,0.7589285714285714,33,1e-12
opq,8,8,1.0,0.95,1000.0,760.9999999999986,0.041874999999999996,512,64,255,0,0,0,0.0,0,1e-12
opq,8,8,1.0,-0.25,0.36,1.0,0.07875,512,64,255,282,282,0,0.0,0,1e-12
opq,8,8,1.0,-0.1,0.6694214876033057,1.0,0.07875,512,64,255,282,282,0,0.0,0,1e-12
opq,8,8,1.0,0.04999999999999999,1.2216066481994463,1.1108033240997233,0.07875,512,64,255,283,283,0,0.0,0,1e-12
opq,8,8,1.0,0.19999999999999996,2.2499999999999996,1.6249999999999998,0.07875,512,64,255,283,283,0,0.0,0,1e-12
opq,8,8,1.0,0.35,4.313609467455622,2.656804733727811,0.07875,512,64,255,282,282,0,0.0,0,1e-12
opq,8,8,1.0,0.5,9.0,5.0,0.07875,512,64,255,280,280,0,0.0,0,1e-12
opq,8,8,1.0,0.6499999999999999,22.224489795918352,11.612244897959176,0.07875,512,64,255,279,279,0,0.19419642857142858,4,1e-12
opq,8,8,1.0,0.8,81.00000000000003,41.000000000000014,0.07875,512,64,255,287,287,0,1.328125,33,1e-12
opq,8,8,1.0,0.95,1000.0,760.9999999999986,0.07875,512,64,255,0,0,0,0.0,0,1e-12
opq,8,8,1.0,-0.25,0.36,1.0,0.115625,512,64,255,414,414,0,0.0,0,1e-12
opq,8,8,1.0,-0.1,0.6694214876033057,1.0,0.115625,512,64,255,414,414,0,0.0,0,1e-12
opq,8,8,1.0,0.04999999999999999,1.2216066481994463,1.1108033240997233,0.115625,512,64,255,415,415,0,0.0,0,1e-12
opq,8,8,1.0,0.19999999999999996,2.2499999999999996,1.6249999999999998,0.115625,512,64,255,414,414,0,0.0,0,1e-12
opq,8,8,1.0,0.35,4.313609467455622,2.656804733727811,0.115625,512,64,255,414,414,0,0.0,0,1e-12
opq,8,8,1.0,0.5,9.0,5.0,0.115625,512,64,255,415,415,0,0.0,0,1e-12
opq,8,8,1.0,0.6499999999999999,22.224489795918352,11.612244897959176,0.115625,512,64,255,406,406,0,0.28125,4,1e-12
opq,8,8,1.0,0.8,81.00000000000003,41.000000000000014,0.115625,512,64,255,410,410,0,1.8973214285714286,33,1e-12
opq,8,8,1.0,0.95,1000.0,760.9999999999986,0.115625,512,64,255,0,0,0,0.0,0,1e-12
opq,8,8,1.0,-0.25,0.36,1.0,0.1525,512,64,255,546,546,0,0.0,0,1e-12
opq,8,8,1.0,-0.1,0.6694214876033057,1.0,0.1525,512,64,255,546,546,0,0.0,0,1e-12
opq,8,8,1.0,0.04999999999999999,1.2216066481994463,1.1108033240997233,0.1525,512,64,255,547,547,0,0.0,0,1e-12
opq,8,8,1.0,0.19999999999999996,2.2499999999999996,1.6249999999999998,0.1525,512,64,255,546,546,0,0.0,0,1e-12
opq,8,8,1.0,0.35,4.313609467455622,2.656804733727811,0.1525,512,64,255,547,547,0,0.0,0,1e-12
opq,8,8,1.0,0.5,9.0,5.0,0.1525,512,64,255,545,545,0,0.0,0,1e-12
opq,8,8,1.0,0.6499999999999999,22.224489795918352,11.612244897959176,0.1525,512,64,255,546,546,0,0.3794642857142857,4,1e-12
opq,8,8,1.0,0.8,81.00000000000003,41.000000000000014,0.1525,512,64,255,574,574,0,2.65625,33,1e-12
opq,8,8,1.0,0.95,1000.0,760.9999999999986,0.1525,512,64,255,0,0,0,0.0,0,1e-12
opq,8,8,1.0,-0.25,0.36,1.0,0.189375,512,64,255,679,679,0,0.0,0,1e-12
opq,8,8,1.0,-0.1,0.6694214876033057,1.0,0.189375,512,64,255,679,679,0,0.0,0,1e-12
opq,8,8,1.0,0.04999999999999999,1.2216066481994463,1.1108033240997233,0.189375,512,64,255,679,679,0,0.0,0,1e-12
opq,8,8,1.0,0.19999999999999996,2.2499999999999996,1.6249999999999998,0.189375,512,64,255,680,680,0,0.0,0,1e-12
opq,8,8,1.0,0.35,4.313609467455622,2.656804733727811,0.189375,512,64,255,678,678,0,0.0,0,1e-12
opq,8,8,1.0,0.5,9.0,5.0,0.189375,512,64,255,680,680,0,0.0,0,1e-12
opq,8,8,1.0,0.6499999999999999,22.224489795918352,11.612244897959176,0.189375,512,64,255,674,674,0,0.46875,4,1e-12
opq,8,8,1.0,0.8,81.00000000000003,41.000000000000014,0.189375,512,64,255,656,656,0,3.0357142857142856,33,1e-12
opq,8,8,1.0,0.95,1000.0,760.9999999999986,0.189375,512,64,255,760,80,505,4.709821428571429,247,0.6644736842105263
opq,8,8,1.0,-0.25,0.36,1.0,0.22625,512,64,255,811,811,0,0.0,0,1e-12
opq,8,8,1.0,-0.1,0.6694214876033057,1.0,0.22625,512,64,255,811,811,0,0.0,0,1e-12
opq,8,8,1.0,0.04999999999999999,1.2216066481994463,1.1108033240997233,0.22625,512,64,255,811,811,0,0.0,0,1e-12
opq,8,8,1.0,0.19999999999999996,2.2499999999999996,1.6249999999999998,0.22625,512,64,255,811,811,0,0.0,0,1e-12
opq,8,8,1.0,0.35,4.313609467455622,2.656804733727811,0.22625,512,64,255,810,810,0,0.0,0,1e-12
opq,8,8,1.0,0.5,9.0,5.0,0.22625,512,64,255,810,810,0,0.0,0,1e-12
opq,8,8,1.0,0.6499999999999999,22.224489795918352,11.612244897959176,0.22625,512,64,255,813,813,0,0.5647321428571429,4,1e-12
opq,8,8,1.0,0.8,81.00000000000003,41.000000000000014,0.22625,512,64,255,820,820,0,3.794642857142857,33,1e-12
opq,8,8,1.0,0.95,1000.0,760.9999999999986,0.22625,512,64,255,760,255,505,8.787946428571429,247,0.6644736842105263
opq,8,8,1.0,-0.25,0.36,1.0,0.263125,512,64,255,943,943,0,0.0,0,1e-12
opq,8,8,1.0,-0.1,0.6694214876033057,1.0,0.263125,512,64,255,943,943,0,0.0,0,1e-12
opq,8,8,1.0,0.04999999999999999,1.2216066481994463,1.1108033240997233,0.263125,512,64,255,943,943,0,0.0,0,1e-12
opq,8,8,1.0,0.19999999999999996,2.2499999999999996,1.6249999999999998,0.263125,512,64,255,944,944,0,0.0,0,1e-12
opq,8,8,1.0,0.35,4.313609467455622,2.656804733727811,0.263125,512,64,255,944,944,0,0.0,0,1e-12
opq,8,8,1.0,0.5,9.0,5.0,0.263125,512,64,255,945,945,0,0.0,0,1e-12
opq,8,8,1.0,0.6499999999999999,22.224489795918352,11.612244897959176,0.263125,512,64,255,941,941,0,0.6540178571428571,4,1e-12
opq,8,8,1.0,0.8,81.00000000000003,41.000000000000014,0.263125,512,64,255,943,943,0,4.363839285714286,33,1e-12
opq,8,8,1.0,0.95,1000.0,760.9999999999986,0.263125,512,64,255,760,255,505,8.787946428571429,247,0.6644736842105263
opq,8,8,1.0,-0.25,0.36,1.0,0.3,512,64,255,1075,1075,0,0.0,0,1e-12
opq,8,8,1.0,-0.1,0.6694214876033057,1.0,0.3,512,64,255,1075,1075,0,0.0,0,1e-12
opq,8,8,1.0,0.04999999999999999,1.2216066481994463,1.1108033240997233,0.3,512,64,255,1075,1075,0,0.0,0,1e-12
opq,8,8,1.0,0.19999999999999996,2.2499999999999996,1.6249999999999998,0.3,512,64,255,1076,1076,0,0.0,0,1e-12
opq,8,8,1.0,0.35,4.313609467455622,2.656804733727811,0.3,512,64,255,1076,1076,0,0.0,0,1e-12
opq,8,8,1.0,0.5,9.0,5.0,0.3,512,64,255,1075,1075,0,0.0,0,1e-12
opq,8,8,1.0,0.6499999999999999,22.224489795918352,11.612244897959176,0.3,512,64,255,1069,1069,0,0.7433035714285714,4,1e-12
opq,8,8,1.0,0.8,81.00000000000003,41.000000000000014,0.3,512,64,255,1066,1066,0,4.933035714285714,33,1e-12
opq,8,8,1.0,0.95,1000.0,760.9999999999986,0.3,512,64,255,760,255,505,8.787946428571429,247,0.6644736842105263
time_merger,8,8,1.0,-0.25,0.36,1.0,0.005,512,64,10,18,18,0,0.140625,1,1e-12
time_merger,8,8,1.0,-0.1,0.6694214876033057,1.0,0.005,512,64,10,18,18,0,0.140625,1,1e-12
time_merger,8,8,1.0,0.04999999999999999,1.2216066481994463,1.1108033240997233,0.005,512,64,10,17,17,0,0.21205357142857142,2,1e-12
time_merger,8,8,1.0,0.19999999999999996,2.2499999999999996,1.6249999999999998,0.005,512,64,10,18,18,0,0.39955357142857145,2,1e-12
time_merger,8,8,1.0,0.35,4.313609467455622,2.656804733727811,0.005,512,64,10,18,18,0,0.546875,3,1e-12
time_merger,8,8,1.0,0.5,9.0,5.0,0.005,512,64,10,20,17,0,0.9285714285714286,5,1e-12
time_merger,8,8,1.0,0.6499999999999999,22.224489795918352,11.612244897959176,0.005,512,64,10,11,10,1,1.0044642857142858,9,0.09090909090909091
time_merger,8,8,1.0,0.8,81.00000000000003,41.000000000000014,0.005,512,64,10,0,0,0,0.0,0,1e-12
time_merger,8,8,1.0,0.95,1000.0,760.9999999999986,0.005,512,64,10,0,0,0,0.0,0,1e-12
time_merger,8,8,1.0,-0.25,0.36,1.0,0.041874999999999996,512,64,10,150,45,106,9.805803571428571,10,0.7066666666666667
time_merger,8,8,1.0,-0.1,0.6694214876033057,1.0,0.041874999999999996,512,64,10,150,45,106,9.805803571428571,10,0.7066666666666667
time_merger,8,8,1.0,0.04999999999999999,1.2216066481994463,1.1108033240997233,0.041874999999999996,512,64,10,150,45,106,9.814732142857142,10,0.7066666666666667
time_merger,8,8,1.0,0.19999999999999996,2.2499999999999996,1.6249999999999998,0.041874999999999996,512,64,10,149,45,105,9.707589285714286,10,0.7046979865771812
time_merger,8,8,1.0,0.35,4.313609467455622,2.656804733727811,0.041874999999999996,512,64,10,149,45,105,9.566964285714286,10,0.7046979865771812
time_merger,8,8,1.0,0.5,9.0,5.0,0.041874999999999996,512,64,10,150,45,105,9.196428571428571,10,0.7
time_merger,8,8,1.0,0.6499999999999999,22.224489795918352,11.612244897959176,0.041874999999999996,512,64,10,151,45,106,8.258928571428571,10,0.7019867549668874
time_merger,8,8,1.0,0.8,81.00000000000003,41.000000000000014,0.041874999999999996,512,64,10,164,33,124,3.825892857142857,10,0.7560975609756098
time_merger,8,8,1.0,0.95,1000.0,760.9999999999986,0.041874999999999996,512,64,10,0,0,0,0.0,0,1e-12
time_merger,8,8,1.0,-0.25,0.36,1.0,0.07875,512,64,10,282,45,237,9.859375,10,0.8404255319148937
time_merger,8,8,1.0,-0.1,0.6694214876033057,1.0,0.07875,512,64,10,282,45,237,9.859375,10,0.8404255319148937
time_merger,8,8,1.0,0.04999999999999999,1.2216066481994463,1.1108033240997233,0.07875,512,64,10,283,45,238,9.850446428571429,10,0.8409893992932862
time_merger,8,8,1.0,0.19999999999999996,2.2499999999999996,1.6249999999999998,0.07875,512,64,10,283,45,239,9.810267857142858,10,0.8445229681978799
time_merger,8,8,1.0,0.35,4.313609467455622,2.656804733727811,0.07875,512,64,10,282,45,238,9.741071428571429,10,0.8439716312056738
time_merger,8,8,1.0,0.5,9.0,5.0,0.07875,512,64,10,280,45,236,9.546875,10,0.8428571428571429
time_merger,8,8,1.0,0.6499999999999999,22.224489795918352,11.612244897959176,0.07875,512,64,10,279,45,235,9.015625,10,0.8422939068100358
time_merger,8,8,1.0,0.8,81.00000000000003,41.000000000000014,0.07875,512,64,10,287,45,238,6.569196428571429,10,0.8292682926829268
time_merger,8,8,1.0,0.95,1000.0,760.9999999999986,0.07875,512,64,10,0,0,0,0.0,0,1e-12
time_merger,8,8,1.0,-0.25,0.36,1.0,0.115625,512,64,10,414,45,369,9.899553571428571,10,0.8913043478260869
time_merger,8,8,1.0,-0.1,0.6694214876033057,1.0,0.115625,512,64,10,414,45,369,9.899553571428571,10,0.8913043478260869
time_merger,8,8,1.0,0.04999999999999999,1.2216066481994463,1.1108033240997233,0.115625,512,64,10,415,45,370,9.883928571428571,10,0.891566265060241
time_merger,8,8,1.0,0.19999999999999996,2.2499999999999996,1.6249999999999998,0.115625,512,64,10,414,45,369,9.852678571428571,10,0.8913043478260869
time_merger,8,8,1.0,0.35,4.313609467455622,2.656804733727811,0.115625,512,64,10,414,45,369,9.799107142857142,10,0.8913043478260869
time_merger,8,8,1.0,0.5,9.0,5.0,0.115625,512,64,10,415,45,370,9.694196428571429,10,0.891566265060241
time_merger,8,8,1.0,0.6499999999999999,22.224489795918352,11.612244897959176,0.115625,512,64,10,406,45,362,9.341517857142858,10,0.8916256157635468
time_merger,8,8,1.0,0.8,81.00000000000003,41.000000000000014,0.115625,512,64,10,410,45,366,7.75,10,0.8926829268292683
time_merger,8,8,1.0,0.95,1000.0,760.9999999999986,0.115625,512,64,10,0,0,0,0.0,0,1e-12
time_merger,8,8,1.0,-0.25,0.36,1.0,0.1525,512,64,10,546,45,501,9.899553571428571,10,0.9175824175824175
time_merger,8,8,1.0,-0.1,0.6694214876033057,1.0,0.1525,512,64,10,546,45,501,9.899553571428571,10,0.9175824175824175
time_merger,8,8,1.0,0.04999999999999999,1.2216066481994463,1.1108033240997233,0.1525,512,64,10,547,45,502,9.899553571428571,10,0.9177330895795247
time_merger,8,8,1.0,0.19999999999999996,2.2499999999999996,1.6249999999999998,0.1525,512,64,10,546,45,501,9.879464285714286,10,0.9175824175824175
time_merger,8,8,1.0,0.35,4.313609467455622,2.656804733727811,0.1525,512,64,10,547,45,502,9.841517857142858,10,0.9177330895795247
time_merger,8,8,1.0,0.5,9.0,5.0,0.1525,512,64,10,545,45,501,9.743303571428571,10,0.9192660550458716
time_merger,8,8,1.0,0.6499999999999999,22.224489795918352,11.612244897959176,0.1525,512,64,10,546,45,501,9.477678571428571,10,0.9175824175824175
time_merger,8,8,1.0,0.8,81.00000000000003,41.000000000000014,0.1525,512,64,10,574,45,527,8.229910714285714,10,0.9181184668989547
time_merger,8,8,1.0,0.95,1000.0,760.9999999999986,0.1525,512,64,10,0,0,0,0.0,0,1e-12
time_merger,8,8,1.0,-0.25,0.36,1.0,0.189375,512,64,10,679,45,634,9.899553571428571,10,0.9337260677466863
time_merger,8,8,1.0,-0.1,0.6694214876033057,1.0,0.189375,512,64,10,679,45,634,9.899553571428571,10,0.9337260677466863
time_merger,8,8,1.0,0.04999999999999999,1.2216066481994463,1.1108033240997233,0.189375,512,64,10,679,45,634,9.899553571428571,10,0.9337260677466863
time_merger,8,8,1.0,0.19999999999999996,2.2499999999999996,1.6249999999999998,0.189375,512,64,10,680,45,635,9.895089285714286,10,0.9338235294117647
time_merger,8,8,1.0,0.35,4.313609467455622,2.656804733727811,0.189375,512,64,10,678,45,634,9.857142857142858,10,0.9351032448377581
time_merger,8,8,1.0,0.5,9.0,5.0,0.189375,512,64,10,680,45,635,9.796875,10,0.9338235294117647
time_merger,8,8,1.0,0.6499999999999999,22.224489795918352,11.612244897959176,0.189375,512,64,10,674,45,630,9.558035714285714,10,0.9347181008902077
time_merger,8,8,1.0,0.8,81.00000000000003,41.000000000000014,0.189375,512,64,10,656,45,613,8.584821428571429,10,0.9344512195121951
time_merger,8,8,1.0,0.95,1000.0,760.9999999999986,0.189375,512,64,10,760,1,750,0.21875,10,0.9868421052631579
time_merger,8,8,1.0,-0.25,0.36,1.0,0.22625,512,64,10,811,45,766,9.899553571428571,10,0.9445129469790382
time_merger,8,8,1.0,-0.1,0.6694214876033057,1.0,0.22625,512,64,10,811,45,766,9.899553571428571,10,0.9445129469790382
time_merger,8,8,1.0,0.04999999999999999,1.2216066481994463,1.1108033240997233,0.22625,512,64,10,811,45,766,9.899553571428571,10,0.9445129469790382
time_merger,8,8,1.0,0.19999999999999996,2.2499999999999996,1.6249999999999998,0.22625,512,64,10,811,45,766,9.899553571428571,10,0.9445129469790382
time_merger,8,8,1.0,0.35,4.313609467455622,2.656804733727811,0.22625,512,64,10,810,45,766,9.863839285714286,10,0.945679012345679
time_merger,8,8,1.0,0.5,9.0,5.0,0.22625,512,64,10,810,45,765,9.810267857142858,10,0.9444444444444444
time_merger,8,8,1.0,0.6499999999999999,22.224489795918352,11.612244897959176,0.22625,512,64,10,813,45,768,9.622767857142858,10,0.9446494464944649
time_merger,8,8,1.0,0.8,81.00000000000003,41.000000000000014,0.22625,512,64,10,820,45,775,8.8125,10,0.9451219512195121
time_merger,8,8,1.0,0.95,1000.0,760.9999999999986,0.22625,512,64,10,760,10,750,1.0044642857142858,9,0.9868421052631579
time_merger,8,8,1.0,-0.25,0.36,1.0,0.263125,512,64,10,943,45,898,9.899553571428571,10,0.9522799575821845
time_merger,8,8,1.0,-0.1,0.6694214876033057,1.0,0.263125,512,64,10,943,45,898,9.899553571428571,10,0.9522799575821845
time_merger,8,8,1.0,0.04999999999999999,1.2216066481994463,1.1108033240997233,0.263125,512,64,10,943,45,898,9.899553571428571,10,0.9522799575821845
time_merger,8,8,1.0,0.19999999999999996,2.2499999999999996,1.6249999999999998,0.263125,512,64,10,944,45,899,9.899553571428571,10,0.9523305084745762
time_merger,8,8,1.0,0.35,4.313609467455622,2.656804733727811,0.263125,512,64,10,944,45,899,9.872767857142858,10,0.9523305084745762
time_merger,8,8,1.0,0.5,9.0,5.0,0.263125,512,64,10,945,45,901,9.825892857142858,10,0.9534391534391534
time_merger,8,8,1.0,0.6499999999999999,22.224489795918352,11.612244897959176,0.263125,512,64,10,941,45,896,9.667410714285714,10,0.9521785334750266
time_merger,8,8,1.0,0.8,81.00000000000003,41.000000000000014,0.263125,512,64,10,943,45,898,8.964285714285714,10,0.9522799575821845
time_merger,8,8,1.0,0.95,1000.0,760.9999999999986,0.263125,512,64,10,760,10,750,1.2053571428571428,10,0.9868421052631579
time_merger,8,8,1.0,-0.25,0.36,1.0,0.3,512,64,10,1075,45,1030,9.899553571428571,10,0.958139534883721
time_merger,8,8,1.0,-0.1,0.6694214876033057,1.0,0.3,512,64,10,1075,45,1030,9.899553571428571,10,0.958139534883721
time_merger,8,8,1.0,0.04999999999999999,1.2216066481994463,1.1108033240997233,0.3,512,64,10,1075,45,1030,9.899553571428571,10,0.958139534883721
time_merger,8,8,1.0,0.19999999999999996,2.2499999999999996,1.6249999999999998,0.3,512,64,10,1076,45,1031,9.899553571428571,10,0.95817843866171
time_merger,8,8,1.0,0.35,4.313609467455622,2.656804733727811,0.3,512,64,10,1076,45,1031,9.892857142857142,10,0.95817843866171
time_merger,8,8,1.0,0.5,9.0,5.0,0.3,512,64,10,1075,45,1031,9.839285714285714,10,0.9590697674418605
time_merger,8,8,1.0,0.6499999999999999,22.224489795918352,11.612244897959176,0.3,512,64,10,1069,45,1025,9.698660714285714,10,0.9588400374181478
time_merger,8,8,1.0,0.8,81.00000000000003,41.000000000000014,0.3,512,64,10,1066,45,1022,9.080357142857142,10,0.9587242026266416
time_merger,8,8,1.0,0.95,1000.0,760.9999999999986,0.3,512,64,10,760,10,750,1.0714285714285714,10,0.9868421052631579
opq,16,1,1.0,-0.25,0.36,1.0,0.005,512,64,255,35,35,0,0.0,0,1e-12
opq,16,1,1.0,-0.1,0.6694214876033057,1.0,0.005,512,64,255,35,35,0,0.0,0,1e-12
opq,16,1,1.0,0.04999999999999999,1.2216066481994463,1.1108033240997233,0.005,512,64,255,35,35,0,0.006696428571428571,1,1e-12
opq,16,1,1.0,0.19999999999999996,2.2499999999999996,1.6249999999999998,0.005,512,64,255,36,36,0,0.03125,1,1e-12
opq,16,1,1.0,0.35,4.313609467455622,2.656804733727811,0.005,512,64,255,37,37,0,0.07142857142857142,2,1e-12
opq,16,1,1.0,0.5,9.0,5.0,0.005,512,64,255,35,38,0,0.16294642857142858,4,1e-12
opq,16,1,1.0,0.6499999999999999,22.224489795918352,11.612244897959176,0.005,512,64,255,34,34,0,0.39285714285714285,11,1e-12
opq,16,1,1.0,0.8,81.00000000000003,41.000000000000014,0.005,512,64,255,0,0,0,0.0,0,1e-12
opq,16,1,1.0,0.95,1000.0,760.9999999999986,0.005,512,64,255,0,0,0,0.0,0,1e-12
opq,16,1,1.0,-0.25,0.36,1.0,0.041874999999999996,512,64,255,301,301,0,0.0,0,1e-12
opq,16,1,1.0,-0.1,0.6694214876033057,1.0,0.041874999999999996,512,64,255,301,301,0,0.0,0,1e-12
opq,16,1,1.0,0.04999999999999999,1.2216066481994463,1.1108033240997233,0.041874999999999996,512,64,255,300,300,0,0.09598214285714286,1,1e-12
opq,16,1,1.0,0.19999999999999996,2.2499999999999996,1.6249999999999998,0.041874999999999996,512,64,255,300,301,0,0.25669642857142855,1,1e-12
opq,16,1,1.0,0.35,4.313609467455622,2.656804733727811,0.041874999999999996,512,64,255,300,301,0,0.5848214285714286,2,1e-12
opq,16,1,1.0,0.5,9.0,5.0,0.041874999999999996,512,64,255,300,300,0,1.3392857142857142,4,1e-12
opq,16,1,1.0,0.6499999999999999,22.224489795918352,11.612244897959176,0.041874999999999996,512,64,255,302,301,0,3.5848214285714284,11,1e-12
opq,16,1,1.0,0.8,81.00000000000003,41.000000000000014,0.041874999999999996,512,64,255,287,307,0,14.040178571428571,40,1e-12
opq,16,1,1.0,0.95,1000.0,760.9999999999986,0.041874999999999996,512,64,255,0,0,0,0.0,0,1e-12
opq,16,1,1.0,-0.25,0.36,1.0,0.07875,512,64,255,565,448,0,74.52008928571429,133,1e-12
opq,16,1,1.0,-0.1,0.6694214876033057,1.0,0.07875,512,64,255,565,448,0,74.52008928571429,133,1e-12
opq,16,1,1.0,0.04999999999999999,1.2216066481994463,1.1108033240997233,0.07875,512,64,255,565,448,0,73.95089285714286,132,1e-12
opq,16,1,1.0,0.19999999999999996,2.2499999999999996,1.6249999999999998,0.07875,512,64,255,564,448,0,74.63839285714286,133,1e-12
opq,16,1,1.0,0.35,4.313609467455622,2.656804733727811,0.07875,512,64,255,563,448,0,75.18303571428571,133,1e-12
opq,16,1,1.0,0.5,9.0,5.0,0.07875,512,64,255,565,448,0,75.49330357142857,136,1e-12
opq,16,1,1.0,0.6499999999999999,22.224489795918352,11.612244897959176,0.07875,512,64,255,569,448,0,77.74330357142857,140,1e-12
opq,16,1,1.0,0.8,81.00000000000003,41.000000000000014,0.07875,512,64,255,574,448,0,86.69196428571429,158,1e-12
opq,16,1,1.0,0.95,1000.0,760.9999999999986,0.07875,512,64,255,0,0,0,0.0,0,1e-12
opq,16,1,1.0,-0.25,0.36,1.0,0.115625,512,64,255,829,448,181,201.66294642857142,254,0.218335343787696
opq,16,1,1.0,-0.1,0.6694214876033057,1.0,0.115625,512,64,255,829,448,181,201.66294642857142,254,0.218335343787696
opq,16,1,1.0,0.04999999999999999,1.2216066481994463,1.1108033240997233,0.115625,512,64,255,829,448,180,201.37053571428572,254,0.21712907117008443
opq,16,1,1.0,0.19999999999999996,2.2499999999999996,1.6249999999999998,0.115625,512,64,255,829,448,179,201.19866071428572,254,0.21592279855247287
opq,16,1,1.0,0.35,4.313609467455622,2.656804733727811,0.115625,512,64,255,829,448,180,201.33928571428572,254,0.21712907117008443
opq,16,1,1.0,0.5,9.0,5.0,0.115625,512,64,255,830,448,182,201.22321428571428,254,0.21927710843373494
opq,16,1,1.0,0.6499999999999999,22.224489795918352,11.612244897959176,0.115625,512,64,255,824,448,183,200.47544642857142,254,0.2220873786407767
opq,16,1,1.0,0.8,81.00000000000003,41.000000000000014,0.115625,512,64,255,861,448,201,197.55580357142858,254,0.23344947735191637
opq,16,1,1.0,0.95,1000.0,760.9999999999986,0.115625,512,64,255,760,101,505,45.99107142857143,254,0.6644736842105263
opq,16,1,1.0,-0.25,0.36,1.0,0.1525,512,64,255,1093,448,483,233.75,254,0.44190301921317476
opq,16,1,1.0,-0.1,0.6694214876033057,1.0,0.1525,512,64,255,1093,448,483,233.75,254,0.44190301921317476
opq,16,1,1.0,0.04999999999999999,1.2216066481994463,1.1108033240997233,0.1525,512,64,255,1093,448,482,233.61830357142858,254,0.4409881061299177
opq,16,1,1.0,0.19999999999999996,2.2499999999999996,1.6249999999999998,0.1525,512,64,255,1092,448,481,233.56026785714286,254,0.44047619047619047
opq,16,1,1.0,0.35,4.313609467455622,2.656804733727811,0.1525,512,64,255,1094,448,483,233.61607142857142,254,0.44149908592321757
opq,16,1,1.0,0.5,9.0,5.0,0.1525,512,64,255,1090,448,482,233.35267857142858,254,0.44220183486238535
opq,16,1,1.0,0.6499999999999999,22.224489795918352,11.612244897959176,0.1525,512,64,255,1092,448,482,231.86830357142858,254,0.4413919413919414
opq,16,1,1.0,0.8,81.00000000000003,41.000000000000014,0.1525,512,64,255,1107,448,487,226.75669642857142,254,0.4399277326106594
opq,16,1,1.0,0.95,1000.0,760.9999999999986,0.1525,512,64,255,760,201,505,69.09375,254,0.6644736842105263
opq,16,1,1.0,-0.25,0.36,1.0,0.189375,512,64,255,1358,448,785,245.609375,254,0.5780559646539027
opq,16,1,1.0,-0.1,0.6694214876033057,1.0,0.189375,512,64,255,1358,448,785,245.609375,254,0.5780559646539027
opq,16,1,1.0,0.04999999999999999,1.2216066481994463,1.1108033240997233,0.189375,512,64,255,1357,448,784,245.53348214285714,254,0.5777450257921887
opq,16,1,1.0,0.19999999999999996,2.2499999999999996,1.6249999999999998,0.189375,512,64,255,1357,448,784,245.48883928571428,254,0.5777450257921887
opq,16,1,1.0,0.35,4.313609467455622,2.656804733727811,0.189375,512,64,255,1357,448,782,245.42633928571428,254,0.576271186440678
opq,16,1,1.0,0.5,9.0,5.0,0.189375,512,64,255,1360,448,785,245.12723214285714,254,0.5772058823529411
opq,16,1,1.0,0.6499999999999999,22.224489795918352,11.612244897959176,0.189375,512,64,255,1359,448,783,244.01339285714286,254,0.5761589403973509
opq,16,1,1.0,0.8,81.00000000000003,41.000000000000014,0.189375,512,64,255,1353,448,775,239.17633928571428,254,0.5728011825572801
opq,16,1,1.0,0.95,1000.0,760.9999999999986,0.189375,512,64,255,1521,261,1015,77.84375,254,0.6673241288625904
opq,16,1,1.0,-0.25,0.36,1.0,0.22625,512,64,255,1622,448,1087,250.88616071428572,254,0.6701602959309494
opq,16,1,1.0,-0.1,0.6694214876033057,1.0,0.22625,512,64,255,1622,448,1087,250.88616071428572,254,0.6701602959309494
opq,16,1,1.0,0.04999999999999999,1.2216066481994463,1.1108033240997233,0.22625,512,64,255,1621,448,1086,250.84821428571428,254,0.6699568167797656
opq,16,1,1.0,0.19999999999999996,2.2499999999999996,1.6249999999999998,0.22625,512,64,255,1622,448,1086,250.81919642857142,254,0.6695437731196054
opq,16,1,1.0,0.35,4.313609467455622,2.656804733727811,0.22625,512,64,255,1620,448,1085,250.79017857142858,254,0.6697530864197531
opq,16,1,1.0,0.5,9.0,5.0,0.22625,512,64,255,1620,448,1085,250.55803571428572,254,0.6697530864197531
opq,16,1,1.0,0.6499999999999999,22.224489795918352,11.612244897959176,0.22625,512,64,255,1626,448,1084,249.63839285714286,254,0.6666666666666666
opq,16,1,1.0,0.8,81.00000000000003,41.000000000000014,0.22625,512,64,255,1640,448,1092,245.41741071428572,254,0.6658536585365854
opq,16,1,1.0,0.95,1000.0,760.9999999999986,0.22625,512,64,255,1521,302,1056,112.89508928571429,254,0.6942800788954635
opq,16,1,1.0,-0.25,0.36,1.0,0.263125,512,64,255,1886,448,1389,253.21651785714286,254,0.7364793213149523
opq,16,1,1.0,-0.1,0.6694214876033057,1.0,0.263125,512,64,255,1886,448,1389,253.21651785714286,254,0.7364793213149523
opq,16,1,1.0,0.04999999999999999,1.2216066481994463,1.1108033240997233,0.263125,512,64,255,1886,448,1388,253.20089285714286,254,0.735949098621421
opq,16,1,1.0,0.19999999999999996,2.2499999999999996,1.6249999999999998,0.263125,512,64,255,1886,448,1388,253.19196428571428,254,0.735949098621421
opq,16,1,1.0,0.35,4.313609467455622,2.656804733727811,0.263125,512,64,255,1886,448,1388,253.171875,254,0.735949098621421
opq,16,1,1.0,0.5,9.0,5.0,0.263125,512,64,255,1890,448,1390,253.02232142857142,254,0.7354497354497355
opq,16,1,1.0,0.6499999999999999,22.224489795918352,11.612244897959176,0.263125,512,64,255,1881,448,1385,252.20758928571428,254,0.7363104731525785
opq,16,1,1.0,0.8,81.00000000000003,41.000000000000014,0.263125,512,64,255,1886,448,1380,248.56026785714286,254,0.7317073170731707
opq,16,1,1.0,0.95,1000.0,760.9999999999986,0.263125,512,64,255,1521,332,1085,126.59151785714286,254,0.7133464825772519
opq,16,1,1.0,-0.25,0.36,1.0,0.3,512,64,255,2150,448,1691,253.97321428571428,254,0.7865116279069767
opq,16,1,1.0,-0.1,0.6694214876033057,1.0,0.3,512,64,255,2150,448,1691,253.97321428571428,254,0.7865116279069767
opq,16,1,1.0,0.04999999999999999,1.2216066481994463,1.1108033240997233,0.3,512,64,255,2151,448,1691,253.97321428571428,254,0.7861459786145979
opq,16,1,1.0,0.19999999999999996,2.2499999999999996,1.6249999999999998,0.3,512,64,255,2149,448,1690,253.96875,254,0.7864122847836202
opq,16,1,1.0,0.35,4.313609467455622,2.656804733727811,0.3,512,64,255,2152,448,1691,253.97098214285714,254,0.7857806691449815
opq,16,1,1.0,0.5,9.0,5.0,0.3,512,64,255,2150,448,1690,253.93303571428572,254,0.786046511627907
opq,16,1,1.0,0.6499999999999999,22.224489795918352,11.612244897959176,0.3,512,64,255,2149,448,1687,253.18526785714286,254,0.7850162866449512
opq,16,1,1.0,0.8,81.00000000000003,41.000000000000014,0.3,512,64,255,2132,448,1669,250.02232142857142,254,0.7828330206378987
opq,16,1,1.0,0.95,1000.0,760.9999999999986,0.3,512,64,255,2282,354,1710,143.49553571428572,254,0.7493426818580193
time_merger,16,1,1.0,-0.25,0.36,1.0,0.005,512,64,6,35,27,5,4.636160714285714,6,0.14285714285714285
time_merger,16,1,1.0,-0.1,0.6694214876033057,1.0,0.005,512,64,6,35,27,5,4.636160714285714,6,0.14285714285714285
time_merger,16,1,1.0,0.04999999999999999,1.2216066481994463,1.1108033240997233,0.005,512,64,6,35,27,4,4.305803571428571,6,0.11428571428571428
time_merger,16,1,1.0,0.19999999999999996,2.2499999999999996,1.6249999999999998,0.005,512,64,6,36,27,6,4.5,6,0.16666666666666666
time_merger,16,1,1.0,0.35,4.313609467455622,2.656804733727811,0.005,512,64,6,37,27,5,4.129464285714286,6,0.13513513513513514
time_merger,16,1,1.0,0.5,9.0,5.0,0.005,512,64,6,35,27,8,4.129464285714286,6,0.22857142857142856
time_merger,16,1,1.0,0.6499999999999999,22.224489795918352,11.612244897959176,0.005,512,64,6,34,17,16,2.0513392857142856,6,0.47058823529411764
time_merger,16,1,1.0,0.8,81.00000000000003,41.000000000000014,0.005,512,64,6,0,0,0,0.0,0,1e-12
time_merger,16,1,1.0,0.95,1000.0,760.9999999999986,0.005,512,64,6,0,0,0,0.0,0,1e-12
time_merger,16,1,1.0,-0.25,0.36,1.0,0.041874999999999996,512,64,6,301,27,274,5.921875,6,0.9102990033222591
time_merger,16,1,1.0,-0.1,0.6694214876033057,1.0,0.041874999999999996,512,64,6,301,27,274,5.921875,6,0.9102990033222591
time_merger,16,1,1.0,0.04999999999999999,1.2216066481994463,1.1108033240997233,0.041874999999999996,512,64,6,300,27,273,5.908482142857143,6,0.91
time_merger,16,1,1.0,0.19999999999999996,2.2499999999999996,1.6249999999999998,0.041874999999999996,512,64,6,300,27,273,5.84375,6,0.91
time_merger,16,1,1.0,0.35,4.313609467455622,2.656804733727811,0.041874999999999996,512,64,6,300,27,273,5.834821428571429,6,0.91
time_merger,16,1,1.0,0.5,9.0,5.0,0.041874999999999996,512,64,6,300,27,274,5.734375,6,0.9133333333333333
time_merger,16,1,1.0,0.6499999999999999,22.224489795918352,11.612244897959176,0.041874999999999996,512,64,6,302,27,276,5.654017857142857,6,0.9139072847682119
time_merger,16,1,1.0,0.8,81.00000000000003,41.000000000000014,0.041874999999999996,512,64,6,287,27,262,4.162946428571429,6,0.9128919860627178
time_merger,16,1,1.0,0.95,1000.0,760.9999999999986,0.041874999999999996,512,64,6,0,0,0,0.0,0,1e-12
time_merger,16,1,1.0,-0.25,0.36,1.0,0.07875,512,64,6,565,27,538,5.939732142857143,6,0.952212389380531
time_merger,16,1,1.0,-0.1,0.6694214876033057,1.0,0.07875,512,64,6,565,27,538,5.939732142857143,6,0.952212389380531
time_merger,16,1,1.0,0.04999999999999999,1.2216066481994463,1.1108033240997233,0.07875,512,64,6,565,27,538,5.939732142857143,6,0.952212389380531
time_merger,16,1,1.0,0.19999999999999996,2.2499999999999996,1.6249999999999998,0.07875,512,64,6,564,27,537,5.928571428571429,6,0.9521276595744681
time_merger,16,1,1.0,0.35,4.313609467455622,2.656804733727811,0.07875,512,64,6,563,27,536,5.910714285714286,6,0.9520426287744227
time_merger,16,1,1.0,0.5,9.0,5.0,0.07875,512,64,6,565,27,538,5.857142857142857,6,0.952212389380531
time_merger,16,1,1.0,0.6499999999999999,22.224489795918352,11.612244897959176,0.07875,512,64,6,569,27,543,5.705357142857143,6,0.9543057996485061
time_merger,16,1,1.0,0.8,81.00000000000003,41.000000000000014,0.07875,512,64,6,574,27,547,4.96875,6,0.9529616724738676
time_merger,16,1,1.0,0.95,1000.0,760.9999999999986,0.07875,512,64,6,0,0,0,0.0,0,1e-12
time_merger,16,1,1.0,-0.25,0.36,1.0,0.115625,512,64,6,829,27,802,5.939732142857143,6,0.9674306393244874
time_merger,16,1,1.0,-0.1,0.6694214876033057,1.0,0.115625,512,64,6,829,27,802,5.939732142857143,6,0.9674306393244874
time_merger,16,1,1.0,0.04999999999999999,1.2216066481994463,1.1108033240997233,0.115625,512,64,6,829,27,802,5.939732142857143,6,0.9674306393244874
time_merger,16,1,1.0,0.19999999999999996,2.2499999999999996,1.6249999999999998,0.115625,512,64,6,829,27,802,5.939732142857143,6,0.9674306393244874
time_merger,16,1,1.0,0.35,4.313609467455622,2.656804733727811,0.115625,512,64,6,829,27,802,5.917410714285714,6,0.9674306393244874
time_merger,16,1,1.0,0.5,9.0,5.0,0.115625,512,64,6,830,27,803,5.883928571428571,6,0.9674698795180723
time_merger,16,1,1.0,0.6499999999999999,22.224489795918352,11.612244897959176,0.115625,512,64,6,824,27,798,5.779017857142857,6,0.9684466019417476
time_merger,16,1,1.0,0.8,81.00000000000003,41.000000000000014,0.115625,512,64,6,861,27,834,5.321428571428571,6,0.9686411149825784
time_merger,16,1,1.0,0.95,1000.0,760.9999999999986,0.115625,512,64,6,760,6,754,0.7433035714285714,6,0.9921052631578947
time_merger,16,1,1.0,-0.25,0.36,1.0,0.1525,512,64,6,1093,27,1066,5.939732142857143,6,0.9752973467520586
time_merger,16,1,1.0,-0.1,0.6694214876033057,1.0,0.1525,512,64,6,1093,27,1066,5.939732142857143,6,0.9752973467520586
time_merger,16,1,1.0,0.04999999999999999,1.2216066481994463,1.1108033240997233,0.1525,512,64,6,1093,27,1066,5.939732142857143,6,0.9752973467520586
time_merger,16,1,1.0,0.19999999999999996,2.2499999999999996,1.6249999999999998,0.1525,512,64,6,1092,27,1065,5.939732142857143,6,0.9752747252747253
time_merger,16,1,1.0,0.35,4.313609467455622,2.656804733727811,0.1525,512,64,6,1094,27,1067,5.935267857142857,6,0.9753199268738574
time_merger,16,1,1.0,0.5,9.0,5.0,0.1525,512,64,6,1090,27,1063,5.908482142857143,6,0.9752293577981651
time_merger,16,1,1.0,0.6499999999999999,22.224489795918352,11.612244897959176,0.1525,512,64,6,1092,27,1066,5.810267857142857,6,0.9761904761904762
time_merger,16,1,1.0,0.8,81.00000000000003,41.000000000000014,0.1525,512,64,6,1107,27,1080,5.167410714285714,6,0.975609756097561
time_merger,16,1,1.0,0.95,1000.0,760.9999999999986,0.1525,512,64,6,760,6,754,0.7165178571428571,6,0.9921052631578947
time_merger,16,1,1.0,-0.25,0.36,1.0,0.189375,512,64,6,1358,27,1331,5.939732142857143,6,0.9801178203240059
time_merger,16,1,1.0,-0.1,0.6694214876033057,1.0,0.189375,512,64,6,1358,27,1331,5.939732142857143,6,0.9801178203240059
time_merger,16,1,1.0,0.04999999999999999,1.2216066481994463,1.1108033240997233,0.189375,512,64,6,1357,27,1330,5.939732142857143,6,0.9801031687546058
time_merger,16,1,1.0,0.19999999999999996,2.2499999999999996,1.6249999999999998,0.189375,512,64,6,1357,27,1330,5.939732142857143,6,0.9801031687546058
time_merger,16,1,1.0,0.35,4.313609467455622,2.656804733727811,0.189375,512,64,6,1357,27,1330,5.939732142857143,6,0.9801031687546058
time_merger,16,1,1.0,0.5,9.0,5.0,0.189375,512,64,6,1360,27,1333,5.915178571428571,6,0.9801470588235294
time_merger,16,1,1.0,0.6499999999999999,22.224489795918352,11.612244897959176,0.189375,512,64,6,1359,27,1333,5.852678571428571,6,0.9808682855040471
time_merger,16,1,1.0,0.8,81.00000000000003,41.000000000000014,0.189375,512,64,6,1353,27,1327,5.537946428571429,6,0.9807834441980784
time_merger,16,1,1.0,0.95,1000.0,760.9999999999986,0.189375,512,64,6,1521,7,1509,0.7366071428571429,6,0.9921104536489151
time_merger,16,1,1.0,-0.25,0.36,1.0,0.22625,512,64,6,1622,27,1595,5.939732142857143,6,0.9833538840937115
time_merger,16,1,1.0,-0.1,0.6694214876033057,1.0,0.22625,512,64,6,1622,27,1595,5.939732142857143,6,0.9833538840937115
time_merger,16,1,1.0,0.04999999999999999,1.2216066481994463,1.1108033240997233,0.22625,512,64,6,1621,27,1594,5.939732142857143,6,0.9833436150524367
time_merger,16,1,1.0,0.19999999999999996,2.2499999999999996,1.6249999999999998,0.22625,512,64,6,1622,27,1595,5.939732142857143,6,0.9833538840937115
time_merger,16,1,1.0,0.35,4.313609467455622,2.656804733727811,0.22625,512,64,6,1620,27,1593,5.939732142857143,6,0.9833333333333333
time_merger,16,1,1.0,0.5,9.0,5.0,0.22625,512,64,6,1620,27,1593,5.919642857142857,6,0.9833333333333333
time_merger,16,1,1.0,0.6499999999999999,22.224489795918352,11.612244897959176,0.22625,512,64,6,1626,27,1599,5.883928571428571,6,0.9833948339483395
time_merger,16,1,1.0,0.8,81.00000000000003,41.000000000000014,0.22625,512,64,6,1640,27,1614,5.470982142857143,6,0.9841463414634146
time_merger,16,1,1.0,0.95,1000.0,760.9999999999986,0.22625,512,64,6,1521,12,1509,1.3258928571428572,6,0.9921104536489151
time_merger,16,1,1.0,-0.25,0.36,1.0,0.263125,512,64,6,1886,27,1859,5.939732142857143,6,0.9856839872746553
time_merger,16,1,1.0,-0.1,0.6694214876033057,1.0,0.263125,512,64,6,1886,27,1859,5.939732142857143,6,0.9856839872746553
time_merger,16,1,1.0,0.04999999999999999,1.2216066481994463,1.1108033240997233,0.263125,512,64,6,1886,27,1859,5.939732142857143,6,0.9856839872746553
time_merger,16,1,1.0,0.19999999999999996,2.2499999999999996,1.6249999999999998,0.263125,512,64,6,1886,27,1859,5.939732142857143,6,0.9856839872746553
time_merger,16,1,1.0,0.35,4.313609467455622,2.656804733727811,0.263125,512,64,6,1886,27,1859,5.939732142857143,6,0.9856839872746553
time_merger,16,1,1.0,0.5,9.0,5.0,0.263125,512,64,6,1890,27,1863,5.930803571428571,6,0.9857142857142858
time_merger,16,1,1.0,0.6499999999999999,22.224489795918352,11.612244897959176,0.263125,512,64,6,1881,27,1854,5.890625,6,0.9856459330143541
time_merger,16,1,1.0,0.8,81.00000000000003,41.000000000000014,0.263125,512,64,6,1886,27,1860,5.723214285714286,6,0.9862142099681867
time_merger,16,1,1.0,0.95,1000.0,760.9999999999986,0.263125,512,64,6,1521,12,1509,1.3794642857142858,6,0.9921104536489151
time_merger,16,1,1.0,-0.25,0.36,1.0,0.3,512,64,6,2150,27,2123,5.939732142857143,6,0.9874418604651163
time_merger,16,1,1.0,-0.1,0.6694214876033057,1.0,0.3,512,64,6,2150,27,2123,5.939732142857143,6,0.9874418604651163
time_merger,16,1,1.0,0.04999999999999999,1.2216066481994463,1.1108033240997233,0.3,512,64,6,2151,27,2124,5.939732142857143,6,0.9874476987447699
time_merger,16,1,1.0,0.19999999999999996,2.2499999999999996,1.6249999999999998,0.3,512,64,6,2149,27,2122,5.939732142857143,6,0.9874360167519777
time_merger,16,1,1.0,0.35,4.313609467455622,2.656804733727811,0.3,512,64,6,2152,27,2125,5.939732142857143,6,0.987453531598513
time_merger,16,1,1.0,0.5,9.0,5.0,0.3,512,64,6,2150,27,2123,5.9375,6,0.9874418604651163
time_merger,16,1,1.0,0.6499999999999999,22.224489795918352,11.612244897959176,0.3,512,64,6,2149,27,2122,5.892857142857143,6,0.9874360167519777
time_merger,16,1,1.0,0.8,81.00000000000003,41.000000000000014,0.3,512,64,6,2132,27,2106,5.881696428571429,6,0.9878048780487805
time_merger,16,1,1.0,0.95,1000.0,760.9999999999986,0.3,512,64,6,2282,15,2264,1.7142857142857142,6,0.9921121822962313
opq,16,2,1.0,-0.25,0.36,1.0,0.005,512,64,255,35,35,0,0.0,0,1e-12
opq,16,2,1.0,-0.1,0.6694214876033057,1.0,0.005,512,64,255,35,35,0,0.0,0,1e-12
opq,16,2,1.0,0.04999999999999999,1.2216066481994463,1.1108033240997233,0.005,512,64,255,35,35,0,0.0,0,1e-12
opq,16,2,1.0,0.19999999999999996,2.2499999999999996,1.6249999999999998,0.005,512,64,255,36,36,0,0.0,0,1e-12
opq,16,2,1.0,0.35,4.313609467455622,2.656804733727811,0.005,512,64,255,37,37,0,0.020089285714285716,1,1e-12
opq,16,2,1.0,0.5,9.0,5.0,0.005,512,64,255,35,36,0,0.0625,3,1e-12
opq,16,2,1.0,0.6499999999999999,22.224489795918352,11.612244897959176,0.005,512,64,255,34,34,0,0.17857142857142858,10,1e-12
opq,16,2,1.0,0.8,81.00000000000003,41.000000000000014,0.005,512,64,255,0,0,0,0.0,0,1e-12
opq,16,2,1.0,0.95,1000.0,760.9999999999986,0.005,512,64,255,0,0,0,0.0,0,1e-12
opq,16,2,1.0,-0.25,0.36,1.0,0.041874999999999996,512,64,255,301,301,0,0.0,0,1e-12
opq,16,2,1.0,-0.1,0.6694214876033057,1.0,0.041874999999999996,512,64,255,301,301,0,0.0,0,1e-12
opq,16,2,1.0,0.04999999999999999,1.2216066481994463,1.1108033240997233,0.041874999999999996,512,64,255,300,300,0,0.0,0,1e-12
opq,16,2,1.0,0.19999999999999996,2.2499999999999996,1.6249999999999998,0.041874999999999996,512,64,255,300,300,0,0.0,0,1e-12
opq,16,2,1.0,0.35,4.313609467455622,2.656804733727811,0.041874999999999996,512,64,255,300,301,0,0.16517857142857142,1,1e-12
opq,16,2,1.0,0.5,9.0,5.0,0.041874999999999996,512,64,255,300,300,0,0.5357142857142857,3,1e-12
opq,16,2,1.0,0.6499999999999999,22.224489795918352,11.612244897959176,0.041874999999999996,512,64,255,302,302,0,1.6294642857142858,10,1e-12
opq,16,2,1.0,0.8,81.00000000000003,41.000000000000014,0.041874999999999996,512,64,255,287,322,0,6.895089285714286,39,1e-12
opq,16,2,1.0,0.95,1000.0,760.9999999999986,0.041874999999999996,512,64,255,0,0,0,0.0,0,1e-12
opq,16,2,1.0,-0.25,0.36,1.0,0.07875,512,64,255,565,565,0,0.0,0,1e-12
opq,16,2,1.0,-0.1,0.6694214876033057,1.0,0.07875,512,64,255,565,565,0,0.0,0,1e-12
opq,16,2,1.0,0.04999999999999999,1.2216066481994463,1.1108033240997233,0.07875,512,64,255,565,565,0,0.033482142857142856,1,1e-12
opq,16,2,1.0,0.19999999999999996,2.2499999999999996,1.6249999999999998,0.07875,512,64,255,564,564,0,0.0,0,1e-12
opq,16,2,1.0,0.35,4.313609467455622,2.656804733727811,0.07875,512,64,255,563,563,0,0.31026785714285715,1,1e-12
opq,16,2,1.0,0.5,9.0,5.0,0.07875,512,64,255,565,565,0,1.0089285714285714,3,1e-12
opq,16,2,1.0,0.6499999999999999,22.224489795918352,11.612244897959176,0.07875,512,64,255,569,569,0,3.0691964285714284,10,1e-12
opq,16,2,1.0,0.8,81.00000000000003,41.000000000000014,0.07875,512,64,255,574,574,0,12.5,39,1e-12
opq,16,2,1.0,0.95,1000.0,760.9999999999986,0.07875,512,64,255,0,0,0,0.0,0,1e-12
opq,16,2,1.0,-0.25,0.36,1.0,0.115625,512,64,255,829,829,0,0.0,0,1e-12
opq,16,2,1.0,-0.1,0.6694214876033057,1.0,0.115625,512,64,255,829,829,0,0.0,0,1e-12
opq,16,2,1.0,0.04999999999999999,1.2216066481994463,1.1108033240997233,0.115625,512,64,255,829,829,0,0.21875,1,1e-12
opq,16,2,1.0,0.19999999999999996,2.2499999999999996,1.6249999999999998,0.115625,512,64,255,829,829,0,0.3705357142857143,2,1e-12
opq,16,2,1.0,0.35,4.313609467455622,2.656804733727811,0.115625,512,64,255,829,829,0,0.7678571428571429,2,1e-12
opq,16,2,1.0,0.5,9.0,5.0,0.115625,512,64,255,830,829,0,1.7053571428571428,4,1e-12
opq,16,2,1.0,0.6499999999999999,22.224489795918352,11.612244897959176,0.115625,512,64,255,824,828,0,4.464285714285714,10,1e-12
opq,16,2,1.0,0.8,81.00000000000003,41.000000000000014,0.115625,512,64,255,861,827,0,18.104910714285715,39,1e-12
opq,16,2,1.0,0.95,1000.0,760.9999999999986,0.115625,512,64,255,760,202,505,34.49330357142857,253,0.6644736842105263
opq,16,2,1.0,-0.25,0.36,1.0,0.1525,512,64,255,1093,896,0,126.41964285714286,225,1e-12
opq,16,2,1.0,-0.1,0.6694214876033057,1.0,0.1525,512,64,255,1093,896,0,126.41964285714286,225,1e-12
opq,16,2,1.0,0.04999999999999999,1.2216066481994463,1.1108033240997233,0.1525,512,64,255,1093,896,0,125.88616071428571,224,1e-12
opq,16,2,1.0,0.19999999999999996,2.2499999999999996,1.6249999999999998,0.1525,512,64,255,1092,896,0,126.58928571428571,225,1e-12
opq,16,2,1.0,0.35,4.313609467455622,2.656804733727811,0.1525,512,64,255,1094,896,0,127.125,226,1e-12
opq,16,2,1.0,0.5,9.0,5.0,0.1525,512,64,255,1090,896,0,128.41741071428572,227,1e-12
opq,16,2,1.0,0.6499999999999999,22.224489795918352,11.612244897959176,0.1525,512,64,255,1092,896,0,128.625,230,1e-12
opq,16,2,1.0,0.8,81.00000000000003,41.000000000000014,0.1525,512,64,255,1107,896,0,138.36383928571428,252,1e-12
opq,16,2,1.0,0.95,1000.0,760.9999999999986,0.1525,512,64,255,760,255,505,36.002232142857146,253,0.6644736842105263
opq,16,2,1.0,-0.25,0.36,1.0,0.189375,512,64,255,1358,896,274,215.08705357142858,253,0.20176730486008837
opq,16,2,1.0,-0.1,0.6694214876033057,1.0,0.189375,512,64,255,1358,896,274,215.08705357142858,253,0.20176730486008837
opq,16,2,1.0,0.04999999999999999,1.2216066481994463,1.1108033240997233,0.189375,512,64,255,1357,896,273,214.86160714285714,253,0.20117907148120856
opq,16,2,1.0,0.19999999999999996,2.2499999999999996,1.6249999999999998,0.189375,512,64,255,1357,896,274,215.10267857142858,253,0.2019159911569639
opq,16,2,1.0,0.35,4.313609467455622,2.656804733727811,0.189375,512,64,255,1357,896,271,214.54464285714286,253,0.19970523212969787
opq,16,2,1.0,0.5,9.0,5.0,0.189375,512,64,255,1360,896,275,214.60491071428572,253,0.20220588235294118
opq,16,2,1.0,0.6499999999999999,22.224489795918352,11.612244897959176,0.189375,512,64,255,1359,896,277,213.50669642857142,253,0.20382634289919058
opq,16,2,1.0,0.8,81.00000000000003,41.000000000000014,0.189375,512,64,255,1353,896,288,209.70089285714286,253,0.21286031042128603
opq,16,2,1.0,0.95,1000.0,760.9999999999986,0.189375,512,64,255,1521,275,1011,41.448660714285715,253,0.6646942800788954
opq,16,2,1.0,-0.25,0.36,1.0,0.22625,512,64,255,1622,896,576,237.70535714285714,253,0.35511713933415534
opq,16,2,1.0,-0.1,0.6694214876033057,1.0,0.22625,512,64,255,1622,896,576,237.70535714285714,253,0.35511713933415534
opq,16,2,1.0,0.04999999999999999,1.2216066481994463,1.1108033240997233,0.22625,512,64,255,1621,896,575,237.59151785714286,253,0.35471930906847626
opq,16,2,1.0,0.19999999999999996,2.2499999999999996,1.6249999999999998,0.22625,512,64,255,1622,896,575,237.52232142857142,253,0.35450061652281134
opq,16,2,1.0,0.35,4.313609467455622,2.656804733727811,0.22625,512,64,255,1620,896,574,237.42857142857142,253,0.35432098765432096
opq,16,2,1.0,0.5,9.0,5.0,0.22625,512,64,255,1620,896,575,237.26339285714286,253,0.3549382716049383
opq,16,2,1.0,0.6499999999999999,22.224489795918352,11.612244897959176,0.22625,512,64,255,1626,896,577,235.953125,253,0.3548585485854859
opq,16,2,1.0,0.8,81.00000000000003,41.000000000000014,0.22625,512,64,255,1640,896,594,229.83035714285714,253,0.3621951219512195
opq,16,2,1.0,0.95,1000.0,760.9999999999986,0.22625,512,64,255,1521,439,1011,69.27008928571429,253,0.6646942800788954
opq,16,2,1.0,-0.25,0.36,1.0,0.263125,512,64,255,1886,896,878,246.78125,253,0.46553552492046657
opq,16,2,1.0,-0.1,0.6694214876033057,1.0,0.263125,512,64,255,1886,896,878,246.78125,253,0.46553552492046657
opq,16,2,1.0,0.04999999999999999,1.2216066481994463,1.1108033240997233,0.263125,512,64,255,1886,896,877,246.72098214285714,253,0.4650053022269353
opq,16,2,1.0,0.19999999999999996,2.2499999999999996,1.6249999999999998,0.263125,512,64,255,1886,896,877,246.68526785714286,253,0.4650053022269353
opq,16,2,1.0,0.35,4.313609467455622,2.656804733727811,0.263125,512,64,255,1886,896,877,246.63616071428572,253,0.4650053022269353
opq,16,2,1.0,0.5,9.0,5.0,0.263125,512,64,255,1890,896,880,246.49330357142858,253,0.4656084656084656
opq,16,2,1.0,0.6499999999999999,22.224489795918352,11.612244897959176,0.263125,512,64,255,1881,896,877,244.94642857142858,253,0.46624136097820307
opq,16,2,1.0,0.8,81.00000000000003,41.000000000000014,0.263125,512,64,255,1886,896,883,238.74553571428572,253,0.468186638388123
opq,16,2,1.0,0.95,1000.0,760.9999999999986,0.263125,512,64,255,1521,510,1011,72.00446428571429,253,0.6646942800788954
opq,16,2,1.0,-0.25,0.36,1.0,0.3,512,64,255,2150,896,1180,250.875,253,0.5488372093023256
opq,16,2,1.0,-0.1,0.6694214876033057,1.0,0.3,512,64,255,2150,896,1180,250.875,253,0.5488372093023256
opq,16,2,1.0,0.04999999999999999,1.2216066481994463,1.1108033240997233,0.3,512,64,255,2151,896,1180,250.85044642857142,253,0.5485820548582054
opq,16,2,1.0,0.19999999999999996,2.2499999999999996,1.6249999999999998,0.3,512,64,255,2149,896,1179,250.82366071428572,253,0.5486272684969753
opq,16,2,1.0,0.35,4.313609467455622,2.656804733727811,0.3,512,64,255,2152,896,1180,250.80357142857142,253,0.5483271375464684
opq,16,2,1.0,0.5,9.0,5.0,0.3,512,64,255,2150,896,1180,250.80133928571428,253,0.5488372093023256
opq,16,2,1.0,0.6499999999999999,22.224489795918352,11.612244897959176,0.3,512,64,255,2149,896,1179,249.34598214285714,253,0.5486272684969753
opq,16,2,1.0,0.8,81.00000000000003,41.000000000000014,0.3,512,64,255,2132,896,1174,243.47767857142858,253,0.550656660412758
opq,16,2,1.0,0.95,1000.0,760.9999999999986,0.3,512,64,255,2282,584,1517,89.92633928571429,253,0.6647677475898335
time_merger,16,2,1.0,-0.25,0.36,1.0,0.005,512,64,6,35,27,5,4.636160714285714,6,0.14285714285714285
time_merger,16,2,1.0,-0.1,0.6694214876033057,1.0,0.005,512,64,6,35,27,5,4.636160714285714,6,0.14285714285714285
time_merger,16,2,1.0,0.04999999999999999,1.2216066481994463,1.1108033240997233,0.005,512,64,6,35,27,4,4.305803571428571,6,0.11428571428571428
time_merger,16,2,1.0,0.19999999999999996,2.2499999999999996,1.6249999999999998,0.005,512,64,6,36,27,6,4.5,6,0.16666666666666666
time_merger,16,2,1.0,0.35,4.313609467455622,2.656804733727811,0.005,512,64,6,37,27,5,4.129464285714286,6,0.13513513513513514
time_merger,16,2,1.0,0.5,9.0,5.0,0.005,512,64,6,35,27,8,4.129464285714286,6,0.22857142857142856
time_merger,16,2,1.0,0.6499999999999999,22.224489795918352,11.612244897959176,0.005,512,64,6,34,17,16,2.0513392857142856,6,0.47058823529411764
time_merger,16,2,1.0,0.8,81.00000000000003,41.000000000000014,0.005,512,64,6,0,0,0,0.0,0,1e-12
time_merger,16,2,1.0,0.95,1000.0,760.9999999999986,0.005,512,64,6,0,0,0,0.0,0,1e-12
time_merger,16,2,1.0,-0.25,0.36,1.0,0.041874999999999996,512,64,6,301,27,274,5.921875,6,0.9102990033222591
time_merger,16,2,1.0,-0.1,0.6694214876033057,1.0,0.041874999999999996,512,64,6,301,27,274,5.921875,6,0.9102990033222591
time_merger,16,2,1.0,0.04999999999999999,1.2216066481994463,1.1108033240997233,0.041874999999999996,512,64,6,300,27,273,5.908482142857143,6,0.91
time_merger,16,2,1.0,0.19999999999999996,2.2499999999999996,1.6249999999999998,0.041874999999999996,512,64,6,300,27,273,5.84375,6,0.91
time_merger,16,2,1.0,0.35,4.313609467455622,2.656804733727811,0.041874999999999996,512,64,6,300,27,273,5.834821428571429,6,0.91
time_merger,16,2,1.0,0.5,9.0,5.0,0.041874999999999996,512,64,6,300,27,274,5.734375,6,0.9133333333333333
time_merger,16,2,1.0,0.6499999999999999,22.224489795918352,11.612244897959176,0.041874999999999996,512,64,6,302,27,276,5.654017857142857,6,0.9139072847682119
time_merger,16,2,1.0,0.8,81.00000000000003,41.000000000000014,0.041874999999999996,512,64,6,287,27,262,4.162946428571429,6,0.9128919860627178
time_merger,16,2,1.0,0.95,1000.0,760.9999999999986,0.041874999999999996,512,64,6,0,0,0,0.0,0,1e-12
time_merger,16,2,1.0,-0.25,0.36,1.0,0.07875,512,64,6,565,27,538,5.939732142857143,6,0.952212389380531
time_merger,16,2,1.0,-0.1,0.6694214876033057,1.0,0.07875,512,64,6,565,27,538,5.939732142857143,6,0.952212389380531
time_merger,16,2,1.0,0.04999999999999999,1.2216066481994463,1.1108033240997233,0.07875,512,64,6,565,27,538,5.939732142857143,6,0.952212389380531
time_merger,16,2,1.0,0.19999999999999996,2.2499999999999996,1.6249999999999998,0.07875,512,64,6,564,27,537,5.928571428571429,6,0.9521276595744681
time_merger,16,2,1.0,0.35,4.313609467455622,2.656804733727811,0.07875,512,64,6,563,27,536,5.910714285714286,6,0.9520426287744227
time_merger,16,2,1.0,0.5,9.0,5.0,0.07875,512,64,6,565,27,538,5.857142857142857,6,0.952212389380531
time_merger,16,2,1.0,0.6499999999999999,22.224489795918352,11.612244897959176,0.07875,512,64,6,569,27,543,5.705357142857143,6,0.9543057996485061
time_merger,16,2,1.0,0.8,81.00000000000003,41.000000000000014,0.07875,512,64,6,574,27,547,4.96875,6,0.9529616724738676
time_merger,16,2,1.0,0.95,1000.0,760.9999999999986,0.07875,512,64,6,0,0,0,0.0,0,1e-12
time_merger,16,2,1.0,-0.25,0.36,1.0,0.115625,512,64,6,829,27,802,5.939732142857143,6,0.9674306393244874
time_merger,16,2,1.0,-0.1,0.6694214876033057,1.0,0.115625,512,64,6,829,27,802,5.939732142857143,6,0.9674306393244874
time_merger,16,2,1.0,0.04999999999999999,1.2216066481994463,1.1108033240997233,0.115625,512,64,6,829,27,802,5.939732142857143,6,0.9674306393244874
time_merger,16,2,1.0,0.19999999999999996,2.2499999999999996,1.6249999999999998,0.115625,512,64,6,829,27,802,5.939732142857143,6,0.9674306393244874
time_merger,16,2,1.0,0.35,4.313609467455622,2.656804733727811,0.115625,512,64,6,829,27,802,5.917410714285714,6,0.9674306393244874
time_merger,16,2,1.0,0.5,9.0,5.0,0.115625,512,64,6,830,27,803,5.883928571428571,6,0.9674698795180723
time_merger,16,2,1.0,0.6499999999999999,22.224489795918352,11.612244897959176,0.115625,512,64,6,824,27,798,5.779017857142857,6,0.9684466019417476
time_merger,16,2,1.0,0.8,81.00000000000003,41.000000000000014,0.115625,512,64,6,861,27,834,5.321428571428571,6,0.9686411149825784
time_merger,16,2,1.0,0.95,1000.0,760.9999999999986,0.115625,512,64,6,760,6,754,0.7433035714285714,6,0.9921052631578947
time_merger,16,2,1.0,-0.25,0.36,1.0,0.1525,512,64,6,1093,27,1066,5.939732142857143,6,0.9752973467520586
time_merger,16,2,1.0,-0.1,0.6694214876033057,1.0,0.1525,512,64,6,1093,27,1066,5.939732142857143,6,0.9752973467520586
time_merger,16,2,1.0,0.04999999999999999,1.2216066481994463,1.1108033240997233,0.1525,512,64,6,1093,27,1066,5.939732142857143,6,0.9752973467520586
time_merger,16,2,1.0,0.19999999999999996,2.2499999999999996,1.6249999999999998,0.1525,512,64,6,1092,27,1065,5.939732142857143,6,0.9752747252747253
time_merger,16,2,1.0,0.35,4.313609467455622,2.656804733727811,0.1525,512,64,6,1094,27,1067,5.935267857142857,6,0.9753199268738574
time_merger,16,2,1.0,0.5,9.0,5.0,0.1525,512,64,6,1090,27,1063,5.908482142857143,6,0.9752293577981651
time_merger,16,2,1.0,0.6499999999999999,22.224489795918352,11.612244897959176,0.1525,512,64,6,1092,27,1066,5.810267857142857,6,0.9761904761904762
time_merger,16,2,1.0,0.8,81.00000000000003,41.000000000000014,0.1525,512,64,6,1107,27,1080,5.167410714285714,6,0.975609756097561
time_merger,16,2,1.0,0.95,1000.0,760.9999999999986,0.1525,512,64,6,760,6,754,0.7165178571428571,6,0.9921052631578947
time_merger,16,2,1.0,-0.25,0.36,1.0,0.189375,512,64,6,1358,27,1331,5.939732142857143,6,0.9801178203240059
time_merger,16,2,1.0,-0.1,0.6694214876033057,1.0,0.189375,512,64,6,1358,27,1331,5.939732142857143,6,0.9801178203240059
time_merger,16,2,1.0,0.04999999999999999,1.2216066481994463,1.1108033240997233,0.189375,512,64,6,1357,27,1330,5.939732142857143,6,0.9801031687546058
time_merger,16,2,1.0,0.19999999999999996,2.2499999999999996,1.6249999999999998,0.189375,512,64,6,1357,27,1330,5.939732142857143,6,0.9801031687546058
time_merger,16,2,1.0,0.35,4.313609467455622,2.656804733727811,0.189375,512,64,6,1357,27,1330,5.939732142857143,6,0.9801031687546058
time_merger,16,2,1.0,0.5,9.0,5.0,0.189375,512,64,6,1360,27,1333,5.915178571428571,6,0.9801470588235294
time_merger,16,2,1.0,0.6499999999999999,22.224489795918352,11.612244897959176,0.189375,512,64,6,1359,27,1333,5.852678571428571,6,0.9808682855040471
time_merger,16,2,1.0,0.8,81.00000000000003,41.000000000000014,0.189375,512,64,6,1353,27,1327,5.537946428571429,6,0.9807834441980784
time_merger,16,2,1.0,0.95,1000.0,760.9999999999986,0.189375,512,64,6,1521,7,1509,0.7366071428571429,6,0.9921104536489151
time_merger,16,2,1.0,-0.25,0.36,1.0,0.22625,512,64,6,1622,27,1595,5.939732142857143,6,0.9833538840937115
time_merger,16,2,1.0,-0.1,0.6694214876033057,1.0,0.22625,512,64,6,1622,27,1595,5.939732142857143,6,0.9833538840937115
time_merger,16,2,1.0,0.04999999999999999,1.2216066481994463,1.1108033240997233,0.22625,512,64,6,1621,27,1594,5.939732142857143,6,0.9833436150524367
time_merger,16,2,1.0,0.19999999999999996,2.2499999999999996,1.6249999999999998,0.22625,512,64,6,1622,27,1595,5.939732142857143,6,0.9833538840937115
time_merger,16,2,1.0,0.35,4.313609467455622,2.656804733727811,0.22625,512,64,6,1620,27,1593,5.939732142857143,6,0.9833333333333333
time_merger,16,2,1.0,0.5,9.0,5.0,0.22625,512,64,6,1620,27,1593,5.919642857142857,6,0.9833333333333333
time_merger,16,2,1.0,0.6499999999999999,22.224489795918352,11.612244897959176,0.22625,512,64,6,1626,27,1599,5.883928571428571,6,0.9833948339483395
time_merger,16,2,1.0,0.8,81.00000000000003,41.000000000000014,0.22625,512,64,6,1640,27,1614,5.470982142857143,6,0.9841463414634146
time_merger,16,2,1.0,0.95,1000.0,760.9999999999986,0.22625,512,64,6,1521,12,1509,1.3258928571428572,6,0.9921104536489151
time_merger,16,2,1.0,-0.25,0.36,1.0,0.263125,512,64,6,1886,27,1859,5.939732142857143,6,0.9856839872746553
time_merger,16,2,1.0,-0.1,0.6694214876033057,1.0,0.263125,512,64,6,1886,27,1859,5.939732142857143,6,0.9856839872746553
time_merger,16,2,1.0,0.04999999999999999,1.2216066481994463,1.1108033240997233,0.263125,512,64,6,1886,27,1859,5.939732142857143,6,0.9856839872746553
time_merger,16,2,1.0,0.19999999999999996,2.2499999999999996,1.6249999999999998,0.263125,512,64,6,1886,27,1859,5.939732142857143,6,0.9856839872746553
time_merger,16,2,1.0,0.35,4.313609467455622,2.656804733727811,0.263125,512,64,6,1886,27,1859,5.939732142857143,6,0.9856839872746553
time_merger,16,2,1.0,0.5,9.0,5.0,0.263125,512,64,6,1890,27,1863,5.930803571428571,6,0.9857142857142858
time_merger,16,2,1.0,0.6499999999999999,22.224489795918352,11.612244897959176,0.263125,512,64,6,1881,27,1854,5.890625,6,0.9856459330143541
time_merger,16,2,1.0,0.8,81.00000000000003,41.000000000000014,0.263125,512,64,6,1886,27,1860,5.723214285714286,6,0.9862142099681867
time_merger,16,2,1.0,0.95,1000.0,760.9999999999986,0.263125,512,64,6,1521,12,1509,1.3794642857142858,6,0.9921104536489151
time_merger,16,2,1.0,-0.25,0.36,1.0,0.3,512,64,6,2150,27,2123,5.939732142857143,6,0.9874418604651163
time_merger,16,2,1.0,-0.1,0.6694214876033057,1.0,0.3,512,64,6,2150,27,2123,5.939732142857143,6,0.9874418604651163
time_merger,16,2,1.0,0.04999999999999999,1.2216066481994463,1.1108033240997233,0.3,512,64,6,2151,27,2124,5.939732142857143,6,0.9874476987447699
time_merger,16,2,1.0,0.19999999999999996,2.2499999999999996,1.6249999999999998,0.3,512,64,6,2149,27,2122,5.939732142857143,6,0.9874360167519777
time_merger,16,2,1.0,0.35,4.313609467455622,2.656804733727811,0.3,512,64,6,2152,27,2125,5.939732142857143,6,0.987453531598513
time_merger,16,2,1.0,0.5,9.0,5.0,0.3,512,64,6,2150,27,2123,5.9375,6,0.9874418604651163
time_merger,16,2,1.0,0.6499999999999999,22.224489795918352,11.612244897959176,0.3,512,64,6,2149,27,2122,5.892857142857143,6,0.9874360167519777
time_merger,16,2,1.0,0.8,81.00000000000003,41.000000000000014,0.3,512,64,6,2132,27,2106,5.881696428571429,6,0.9878048780487805
time_merger,16,2,1.0,0.95,1000.0,760.9999999999986,0.3,512,64,6,2282,15,2264,1.7142857142857142,6,0.9921121822962313
opq,16,4,1.0,-0.25,0.36,1.0,0.005,512,64,255,35,35,0,0.0,0,1e-12
opq,16,4,1.0,-0.1,0.6694214876033057,1.0,0.005,512,64,255,35,35,0,0.0,0,1e-12
opq,16,4,1.0,0.04999999999999999,1.2216066481994463,1.1108033240997233,0.005,512,64,255,35,35,0,0.0,0,1e-12
opq,16,4,1.0,0.19999999999999996,2.2499999999999996,1.6249999999999998,0.005,512,64,255,36,36,0,0.0,0,1e-12
opq,16,4,1.0,0.35,4.313609467455622,2.656804733727811,0.005,512,64,255,37,37,0,0.0,0,1e-12
opq,16,4,1.0,0.5,9.0,5.0,0.005,512,64,255,35,35,0,0.015625,1,1e-12
opq,16,4,1.0,0.6499999999999999,22.224489795918352,11.612244897959176,0.005,512,64,255,34,34,0,0.07142857142857142,8,1e-12
opq,16,4,1.0,0.8,81.00000000000003,41.000000000000014,0.005,512,64,255,0,0,0,0.0,0,1e-12
opq,16,4,1.0,0.95,1000.0,760.9999999999986,0.005,512,64,255,0,0,0,0.0,0,1e-12
opq,16,4,1.0,-0.25,0.36,1.0,0.041874999999999996,512,64,255,301,301,0,0.0,0,1e-12
opq,16,4,1.0,-0.1,0.6694214876033057,1.0,0.041874999999999996,512,64,255,301,301,0,0.0,0,1e-12
opq,16,4,1.0,0.04999999999999999,1.2216066481994463,1.1108033240997233,0.041874999999999996,512,64,255,300,300,0,0.0,0,1e-12
opq,16,4,1.0,0.19999999999999996,2.2499999999999996,1.6249999999999998,0.041874999999999996,512,64,255,300,300,0,0.0,0,1e-12
opq,16,4,1.0,0.35,4.313609467455622,2.656804733727811,0.041874999999999996,512,64,255,300,300,0,0.0,0,1e-12
opq,16,4,1.0,0.5,9.0,5.0,0.041874999999999996,512,64,255,300,300,0,0.13392857142857142,1,1e-12
opq,16,4,1.0,0.6499999999999999,22.224489795918352,11.612244897959176,0.041874999999999996,512,64,255,302,302,0,0.6517857142857143,8,1e-12
opq,16,4,1.0,0.8,81.00000000000003,41.000000000000014,0.041874999999999996,512,64,255,287,316,0,3.171875,37,1e-12
opq,16,4,1.0,0.95,1000.0,760.9999999999986,0.041874999999999996,512,64,255,0,0,0,0.0,0,1e-12
opq,16,4,1.0,-0.25,0.36,1.0,0.07875,512,64,255,565,565,0,0.0,0,1e-12
opq,16,4,1.0,-0.1,0.6694214876033057,1.0,0.07875,512,64,255,565,565,0,0.0,0,1e-12
opq,16,4,1.0,0.04999999999999999,1.2216066481994463,1.1108033240997233,0.07875,512,64,255,565,565,0,0.0,0,1e-12
opq,16,4,1.0,0.19999999999999996,2.2499999999999996,1.6249999999999998,0.07875,512,64,255,564,564,0,0.0,0,1e-12
opq,16,4,1.0,0.35,4.313609467455622,2.656804733727811,0.07875,512,64,255,563,563,0,0.0,0,1e-12
opq,16,4,1.0,0.5,9.0,5.0,0.07875,512,64,255,565,565,0,0.25223214285714285,1,1e-12
opq,16,4,1.0,0.6499999999999999,22.224489795918352,11.612244897959176,0.07875,512,64,255,569,569,0,1.2276785714285714,8,1e-12
opq,16,4,1.0,0.8,81.00000000000003,41.000000000000014,0.07875,512,64,255,574,574,0,5.9375,37,1e-12
opq,16,4,1.0,0.95,1000.0,760.9999999999986,0.07875,512,64,255,0,0,0,0.0,0,1e-12
opq,16,4,1.0,-0.25,0.36,1.0,0.115625,512,64,255,829,829,0,0.0,0,1e-12
opq,16,4,1.0,-0.1,0.6694214876033057,1.0,0.115625,512,64,255,829,829,0,0.0,0,1e-12
opq,16,4,1.0,0.04999999999999999,1.2216066481994463,1.1108033240997233,0.115625,512,64,255,829,829,0,0.0,0,1e-12
opq,16,4,1.0,0.19999999999999996,2.2499999999999996,1.6249999999999998,0.115625,512,64,255,829,829,0,0.0,0,1e-12
opq,16,4,1.0,0.35,4.313609467455622,2.656804733727811,0.115625,512,64,255,829,829,0,0.0,0,1e-12
opq,16,4,1.0,0.5,9.0,5.0,0.115625,512,64,255,830,830,0,0.3705357142857143,1,1e-12
opq,16,4,1.0,0.6499999999999999,22.224489795918352,11.612244897959176,0.115625,512,64,255,824,828,0,1.7767857142857142,8,1e-12
opq,16,4,1.0,0.8,81.00000000000003,41.000000000000014,0.115625,512,64,255,861,832,0,8.703125,37,1e-12
opq,16,4,1.0,0.95,1000.0,760.9999999999986,0.115625,512,64,255,760,255,505,17.859375,251,0.6644736842105263
opq,16,4,1.0,-0.25,0.36,1.0,0.1525,512,64,255,1093,1093,0,0.0,0,1e-12
opq,16,4,1.0,-0.1,0.6694214876033057,1.0,0.1525,512,64,255,1093,1093,0,0.0,0,1e-12
opq,16,4,1.0,0.04999999999999999,1.2216066481994463,1.1108033240997233,0.1525,512,64,255,1093,1093,0,0.0,0,1e-12
opq,16,4,1.0,0.19999999999999996,2.2499999999999996,1.6249999999999998,0.1525,512,64,255,1092,1092,0,0.0,0,1e-12
opq,16,4,1.0,0.35,4.313609467455622,2.656804733727811,0.1525,512,64,255,1094,1094,0,0.0,0,1e-12
opq,16,4,1.0,0.5,9.0,5.0,0.1525,512,64,255,1090,1091,0,0.48660714285714285,1,1e-12
opq,16,4,1.0,0.6499999999999999,22.224489795918352,11.612244897959176,0.1525,512,64,255,1092,1092,0,2.357142857142857,8,1e-12
opq,16,4,1.0,0.8,81.00000000000003,41.000000000000014,0.1525,512,64,255,1107,1098,0,11.4375,37,1e-12
opq,16,4,1.0,0.95,1000.0,760.9999999999986,0.1525,512,64,255,760,255,505,17.859375,251,0.6644736842105263
opq,16,4,1.0,-0.25,0.36,1.0,0.189375,512,64,255,1358,1358,0,0.0,0,1e-12
opq,16,4,1.0,-0.1,0.6694214876033057,1.0,0.189375,512,64,255,1358,1358,0,0.0,0,1e-12
opq,16,4,1.0,0.04999999999999999,1.2216066481994463,1.1108033240997233,0.189375,512,64,255,1357,1357,0,0.0,0,1e-12
opq,16,4,1.0,0.19999999999999996,2.2499999999999996,1.6249999999999998,0.189375,512,64,255,1357,1357,0,0.0,0,1e-12
opq,16,4,1.0,0.35,4.313609467455622,2.656804733727811,0.189375,512,64,255,1357,1357,0,0.1875,2,1e-12
opq,16,4,1.0,0.5,9.0,5.0,0.189375,512,64,255,1360,1359,0,0.8191964285714286,2,1e-12
opq,16,4,1.0,0.6499999999999999,22.224489795918352,11.612244897959176,0.189375,512,64,255,1359,1359,0,2.9330357142857144,8,1e-12
opq,16,4,1.0,0.8,81.00000000000003,41.000000000000014,0.189375,512,64,255,1353,1354,0,13.995535714285714,37,1e-12
opq,16,4,1.0,0.95,1000.0,760.9999999999986,0.189375,512,64,255,1521,295,1011,23.060267857142858,251,0.6646942800788954
opq,16,4,1.0,-0.25,0.36,1.0,0.22625,512,64,255,1622,1622,0,0.0,0,1e-12
opq,16,4,1.0,-0.1,0.6694214876033057,1.0,0.22625,512,64,255,1622,1622,0,0.0,0,1e-12
opq,16,4,1.0,0.04999999999999999,1.2216066481994463,1.1108033240997233,0.22625,512,64,255,1621,1621,0,0.11383928571428571,1,1e-12
opq,16,4,1.0,0.19999999999999996,2.2499999999999996,1.6249999999999998,0.22625,512,64,255,1622,1622,0,0.234375,1,1e-12
opq,16,4,1.0,0.35,4.313609467455622,2.656804733727811,0.22625,512,64,255,1620,1622,0,0.46651785714285715,2,1e-12
opq,16,4,1.0,0.5,9.0,5.0,0.22625,512,64,255,1620,1621,0,1.3415178571428572,3,1e-12
opq,16,4,1.0,0.6499999999999999,22.224489795918352,11.612244897959176,0.22625,512,64,255,1626,1622,0,3.5089285714285716,8,1e-12
opq,16,4,1.0,0.8,81.00000000000003,41.000000000000014,0.22625,512,64,255,1640,1620,0,16.774553571428573,37,1e-12
opq,16,4,1.0,0.95,1000.0,760.9999999999986,0.22625,512,64,255,1521,510,1011,35.71875,251,0.6646942800788954
opq,16,4,1.0,-0.25,0.36,1.0,0.263125,512,64,255,1886,1792,0,60.080357142857146,107,1e-12
opq,16,4,1.0,-0.1,0.6694214876033057,1.0,0.263125,512,64,255,1886,1792,0,60.080357142857146,107,1e-12
opq,16,4,1.0,0.04999999999999999,1.2216066481994463,1.1108033240997233,0.263125,512,64,255,1886,1792,0,60.513392857142854,107,1e-12
opq,16,4,1.0,0.19999999999999996,2.2499999999999996,1.6249999999999998,0.263125,512,64,255,1886,1792,0,60.21205357142857,107,1e-12
opq,16,4,1.0,0.35,4.313609467455622,2.656804733727811,0.263125,512,64,255,1886,1792,0,60.74330357142857,108,1e-12
opq,16,4,1.0,0.5,9.0,5.0,0.263125,512,64,255,1890,1792,0,62.109375,111,1e-12
opq,16,4,1.0,0.6499999999999999,22.224489795918352,11.612244897959176,0.263125,512,64,255,1881,1792,0,64.25446428571429,115,1e-12
opq,16,4,1.0,0.8,81.00000000000003,41.000000000000014,0.263125,512,64,255,1886,1792,0,76.125,140,1e-12
opq,16,4,1.0,0.95,1000.0,760.9999999999986,0.263125,512,64,255,1521,510,1011,35.71875,251,0.6646942800788954
opq,16,4,1.0,-0.25,0.36,1.0,0.3,512,64,255,2150,1792,158,195.19642857142858,251,0.07348837209302325
opq,16,4,1.0,-0.1,0.6694214876033057,1.0,0.3,512,64,255,2150,1792,158,195.19642857142858,251,0.07348837209302325
opq,16,4,1.0,0.04999999999999999,1.2216066481994463,1.1108033240997233,0.3,512,64,255,2151,1792,158,194.9375,251,0.07345420734542074
opq,16,4,1.0,0.19999999999999996,2.2499999999999996,1.6249999999999998,0.3,512,64,255,2149,1792,158,195.30133928571428,251,0.07352256863657515
opq,16,4,1.0,0.35,4.313609467455622,2.656804733727811,0.3,512,64,255,2152,1792,160,195.51116071428572,251,0.07434944237918216
opq,16,4,1.0,0.5,9.0,5.0,0.3,512,64,255,2150,1792,160,196.12723214285714,251,0.07441860465116279
opq,16,4,1.0,0.6499999999999999,22.224489795918352,11.612244897959176,0.3,512,64,255,2149,1792,163,195.05803571428572,251,0.07584923220102373
opq,16,4,1.0,0.8,81.00000000000003,41.000000000000014,0.3,512,64,255,2132,1792,184,194.06696428571428,251,0.08630393996247655
opq,16,4,1.0,0.95,1000.0,760.9999999999986,0.3,512,64,255,2282,658,1517,50.502232142857146,251,0.6647677475898335
time_merger,16,4,1.0,-0.25,0.36,1.0,0.005,512,64,6,35,27,5,4.636160714285714,6,0.14285714285714285
time_merger,16,4,1.0,-0.1,0.6694214876033057,1.0,0.005,512,64,6,35,27,5,4.636160714285714,6,0.14285714285714285
time_merger,16,4,1.0,0.04999999999999999,1.2216066481994463,1.1108033240997233,0.005,512,64,6,35,27,4,4.305803571428571,6,0.11428571428571428
time_merger,16,4,1.0,0.19999999999999996,2.2499999999999996,1.6249999999999998,0.005,512,64,6,36,27,6,4.5,6,0.16666666666666666
time_merger,16,4,1.0,0.35,4.313609467455622,2.656804733727811,0.005,512,64,6,37,27,5,4.129464285714286,6,0.13513513513513514
time_merger,16,4,1.0,0.5,9.0,5.0,0.005,512,64,6,35,27,8,4.129464285714286,6,0.22857142857142856
time_merger,16,4,1.0,0.6499999999999999,22.224489795918352,11.612244897959176,0.005,512,64,6,34,17,16,2.0513392857142856,6,0.47058823529411764
time_merger,16,4,1.0,0.8,81.00000000000003,41.000000000000014,0.005,512,64,6,0,0,0,0.0,0,1e-12
time_merger,16,4,1.0,0.95,1000.0,760.9999999999986,0.005,512,64,6,0,0,0,0.0,0,1e-12
time_merger,16,4,1.0,-0.25,0.36,1.0,0.041874999999999996,512,64,6,301,27,274,5.921875,6,0.9102990033222591
time_merger,16,4,1.0,-0.1,0.6694214876033057,1.0,0.041874999999999996,512,64,6,301,27,274,5.921875,6,0.9102990033222591
time_merger,16,4,1.0,0.04999999999999999,1.2216066481994463,1.1108033240997233,0.041874999999999996,512,64,6,300,27,273,5.908482142857143,6,0.91
time_merger,16,4,1.0,0.19999999999999996,2.2499999999999996,1.6249999999999998,0.041874999999999996,512,64,6,300,27,273,5.84375,6,0.91
time_merger,16,4,1.0,0.35,4.313609467455622,2.656804733727811,0.041874999999999996,512,64,6,300,27,273,5.834821428571429,6,0.91
time_merger,16,4,1.0,0.5,9.0,5.0,0.041874999999999996,512,64,6,300,27,274,5.734375,6,0.9133333333333333
time_merger,16,4,1.0,0.6499999999999999,22.224489795918352,11.612244897959176,0.041874999999999996,512,64,6,302,27,276,5.654017857142857,6,0.9139072847682119
time_merger,16,4,1.0,0.8,81.00000000000003,41.000000000000014,0.041874999999999996,512,64,6,287,27,262,4.162946428571429,6,0.9128919860627178
time_merger,16,4,1.0,0.95,1000.0,760.9999999999986,0.041874999999999996,512,64,6,0,0,0,0.0,0,1e-12
time_merger,16,4,1.0,-0.25,0.36,1.0,0.07875,512,64,6,565,27,538,5.939732142857143,6,0.952212389380531
time_merger,16,4,1.0,-0.1,0.6694214876033057,1.0,0.07875,512,64,6,565,27,538,5.939732142857143,6,0.952212389380531
time_merger,16,4,1.0,0.04999999999999999,1.2216066481994463,1.1108033240997233,0.07875,512,64,6,565,27,538,5.939732142857143,6,0.952212389380531
time_merger,16,4,1.0,0.19999999999999996,2.2499999999999996,1.6249999999999998,0.07875,512,64,6,564,27,537,5.928571428571429,6,0.9521276595744681
time_merger,16,4,1.0,0.35,4.313609467455622,2.656804733727811,0.07875,512,64,6,563,27,536,5.910714285714286,6,0.9520426287744227
time_merger,16,4,1.0,0.5,9.0,5.0,0.07875,512,64,6,565,27,538,5.857142857142857,6,0.952212389380531
time_merger,16,4,1.0,0.6499999999999999,22.224489795918352,11.612244897959176,0.07875,512,64,6,569,27,543,5.705357142857143,6,0.9543057996485061
time_merger,16,4,1.0,0.8,81.00000000000003,41.000000000000014,0.07875,512,64,6,574,27,547,4.96875,6,0.9529616724738676
time_merger,16,4,1.0,0.95,1000.0,760.9999999999986,0.07875,512,64,6,0,0,0,0.0,0,1e-12
time_merger,16,4,1.0,-0.25,0.36,1.0,0.115625,512,64,6,829,27,802,5.939732142857143,6,0.9674306393244874
time_merger,16,4,1.0,-0.1,0.6694214876033057,1.0,0.115625,512,64,6,829,27,802,5.939732142857143,6,0.9674306393244874
time_merger,16,4,1.0,0.04999999999999999,1.2216066481994463,1.1108033240997233,0.115625,512,64,6,829,27,802,5.939732142857143,6,0.9674306393244874
time_merger,16,4,1.0,0.19999999999999996,2.2499999999999996,1.6249999999999998,0.115625,512,64,6,829,27,802,5.939732142857143,6,0.9674306393244874
time_merger,16,4,1.0,0.35,4.313609467455622,2.656804733727811,0.115625,512,64,6,829,27,802,5.917410714285714,6,0.9674306393244874
time_merger,16,4,1.0,0.5,9.0,5.0,0.115625,512,64,6,830,27,803,5.883928571428571,6,0.9674698795180723
time_merger,16,4,1.0,0.6499999999999999,22.224489795918352,11.612244897959176,0.115625,512,64,6,824,27,798,5.779017857142857,6,0.9684466019417476
time_merger,16,4,1.0,0.8,81.00000000000003,41.000000000000014,0.115625,512,64,6,861,27,834,5.321428571428571,6,0.9686411149825784
time_merger,16,4,1.0,0.95,1000.0,760.9999999999986,0.115625,512,64,6,760,6,754,0.7433035714285714,6,0.9921052631578947
time_merger,16,4,1.0,-0.25,0.36,1.0,0.1525,512,64,6,1093,27,1066,5.939732142857143,6,0.9752973467520586
time_merger,16,4,1.0,-0.1,0.6694214876033057,1.0,0.1525,512,64,6,1093,27,1066,5.939732142857143,6,0.9752973467520586
time_merger,16,4,1.0,0.04999999999999999,1.2216066481994463,1.1108033240997233,0.1525,512,64,6,1093,27,1066,5.939732142857143,6,0.9752973467520586
time_merger,16,4,1.0,0.19999999999999996,2.2499999999999996,1.6249999999999998,0.1525,512,64,6,1092,27,1065,5.939732142857143,6,0.9752747252747253
time_merger,16,4,1.0,0.35,4.313609467455622,2.656804733727811,0.1525,512,64,6,1094,27,1067,5.935267857142857,6,0.9753199268738574
time_merger,16,4,1.0,0.5,9.0,5.0,0.1525,512,64,6,1090,27,1063,5.908482142857143,6,0.9752293577981651
time_merger,16,4,1.0,0.6499999999999999,22.224489795918352,11.612244897959176,0.1525,512,64,6,1092,27,1066,5.810267857142857,6,0.9761904761904762
time_merger,16,4,1.0,0.8,81.00000000000003,41.000000000000014,0.1525,512,64,6,1107,27,1080,5.167410714285714,6,0.975609756097561
time_merger,16,4,1.0,0.95,1000.0,760.9999999999986,0.1525,512,64,6,760,6,754,0.7165178571428571,6,0.9921052631578947
time_merger,16,4,1.0,-0.25,0.36,1.0,0.189375,512,64,6,1358,27,1331,5.939732142857143,6,0.9801178203240059
time_merger,16,4,1.0,-0.1,0.6694214876033057,1.0,0.189375,512,64,6,1358,27,1331,5.939732142857143,6,0.9801178203240059
time_merger,16,4,1.0,0.04999999999999999,1.2216066481994463,1.1108033240997233,0.189375,512,64,6,1357,27,1330,5.939732142857143,6,0.9801031687546058
time_merger,16,4,1.0,0.19999999999999996,2.2499999999999996,1.6249999999999998,0.189375,512,64,6,1357,27,1330,5.939732142857143,6,0.9801031687546058
time_merger,16,4,1.0,0.35,4.313609467455622,2.656804733727811,0.189375,512,64,6,1357,27,1330,5.939732142857143,6,0.9801031687546058
time_merger,16,4,1.0,0.5,9.0,5.0,0.189375,512,64,6,1360,27,1333,5.915178571428571,6,0.9801470588235294
time_merger,16,4,1.0,0.6499999999999999,22.224489795918352,11.612244897959176,0.189375,512,64,6,1359,27,1333,5.852678571428571,6,0.9808682855040471
time_merger,16,4,1.0,0.8,81.00000000000003,41.000000000000014,0.189375,512,64,6,1353,27,1327,5.537946428571429,6,0.9807834441980784
time_merger,16,4,1.0,0.95,1000.0,760.9999999999986,0.189375,512,64,6,1521,7,1509,0.7366071428571429,6,0.9921104536489151
time_merger,16,4,1.0,-0.25,0.36,1.0,0.22625,512,64,6,1622,27,1595,5.939732142857143,6,0.9833538840937115
time_merger,16,4,1.0,-0.1,0.6694214876033057,1.0,0.22625,512,64,6,1622,27,1595,5.939732142857143,6,0.9833538840937115
time_merger,16,4,1.0,0.04999999999999999,1.2216066481994463,1.1108033240997233,0.22625,512,64,6,1621,27,1594,5.939732142857143,6,0.9833436150524367
time_merger,16,4,1.0,0.19999999999999996,2.2499999999999996,1.6249999999999998,0.22625,512,64,6,1622,27,1595,5.939732142857143,6,0.9833538840937115
time_merger,16,4,1.0,0.35,4.313609467455622,2.656804733727811,0.22625,512,64,6,1620,27,1593,5.939732142857143,6,0.9833333333333333
time_merger,16,4,1.0,0.5,9.0,5.0,0.22625,512,64,6,1620,27,1593,5.919642857142857,6,0.9833333333333333
time_merger,16,4,1.0,0.6499999999999999,22.224489795918352,11.612244897959176,0.22625,512,64,6,1626,27,1599,5.883928571428571,6,0.9833948339483395
time_merger,16,4,1.0,0.8,81.00000000000003,41.000000000000014,0.22625,512,64,6,1640,27,1614,5.470982142857143,6,0.9841463414634146
time_merger,16,4,1.0,0.95,1000.0,760.9999999999986,0.22625,512,64,6,1521,12,1509,1.3258928571428572,6,0.9921104536489151
time_merger,16,4,1.0,-0.25,0.36,1.0,0.263125,512,64,6,1886,27,1859,5.939732142857143,6,0.9856839872746553
time_merger,16,4,1.0,-0.1,0.6694214876033057,1.0,0.263125,512,64,6,1886,27,1859,5.939732142857143,6,0.9856839872746553
time_merger,16,4,1.0,0.04999999999999999,1.2216066481994463,1.1108033240997233,0.263125,512,64,6,1886,27,1859,5.939732142857143,6,0.9856839872746553
time_merger,16,4,1.0,0.19999999999999996,2.2499999999999996,1.6249999999999998,0.263125,512,64,6,1886,27,1859,5.939732142857143,6,0.9856839872746553
time_merger,16,4,1.0,0.35,4.313609467455622,2.656804733727811,0.263125,512,64,6,1886,27,1859,5.939732142857143,6,0.9856839872746553
time_merger,16,4,1.0,0.5,9.0,5.0,0.263125,512,64,6,1890,27,1863,5.930803571428571,6,0.9857142857142858
time_merger,16,4,1.0,0.6499999999999999,22.224489795918352,11.612244897959176,0.263125,512,64,6,1881,27,1854,5.890625,6,0.9856459330143541
time_merger,16,4,1.0,0.8,81.00000000000003,41.000000000000014,0.263125,512,64,6,1886,27,1860,5.723214285714286,6,0.9862142099681867
time_merger,16,4,1.0,0.95,1000.0,760.9999999999986,0.263125,512,64,6,1521,12,1509,1.3794642857142858,6,0.9921104536489151
time_merger,16,4,1.0,-0.25,0.36,1.0,0.3,512,64,6,2150,27,2123,5.939732142857143,6,0.9874418604651163
time_merger,16,4,1.0,-0.1,0.6694214876033057,1.0,0.3,512,64,6,2150,27,2123,5.939732142857143,6,0.9874418604651163
time_merger,16,4,1.0,0.04999999999999999,1.2216066481994463,1.1108033240997233,0.3,512,64,6,2151,27,2124,5.939732142857143,6,0.9874476987447699
time_merger,16,4,1.0,0.19999999999999996,2.2499999999999996,1.6249999999999998,0.3,512,64,6,2149,27,2122,5.939732142857143,6,0.9874360167519777
time_merger,16,4,1.0,0.35,4.313609467455622,2.656804733727811,0.3,512,64,6,2152,27,2125,5.939732142857143,6,0.987453531598513
time_merger,16,4,1.0,0.5,9.0,5.0,0.3,512,64,6,2150,27,2123,5.9375,6,0.9874418604651163
time_merger,16,4,1.0,0.6499999999999999,22.224489795918352,11.612244897959176,0.3,512,64,6,2149,27,2122,5.892857142857143,6,0.9874360167519777
time_merger,16,4,1.0,0.8,81.00000000000003,41.000000000000014,0.3,512,64,6,2132,27,2106,5.881696428571429,6,0.9878048780487805
time_merger,16,4,1.0,0.95,1000.0,760.9999999999986,0.3,512,64,6,2282,15,2264,1.7142857142857142,6,0.9921121822962313
opq,16,8,1.0,-0.25,0.36,1.0,0.005,512,64,255,35,35,0,0.0,0,1e-12
opq,16,8,1.0,-0.1,0.6694214876033057,1.0,0.005,512,64,255,35,35,0,0.0,0,1e-12
opq,16,8,1.0,0.04999999999999999,1.2216066481994463,1.1108033240997233,0.005,512,64,255,35,35,0,0.0,0,1e-12
opq,16,8,1.0,0.19999999999999996,2.2499999999999996,1.6249999999999998,0.005,512,64,255,36,36,0,0.0,0,1e-12
opq,16,8,1.0,0.35,4.313609467455622,2.656804733727811,0.005,512,64,255,37,37,0,0.0,0,1e-12
opq,16,8,1.0,0.5,9.0,5.0,0.005,512,64,255,35,35,0,0.0,0,1e-12
opq,16,8,1.0,0.6499999999999999,22.224489795918352,11.612244897959176,0.005,512,64,255,34,34,0,0.022321428571428572,4,1e-12
opq,16,8,1.0,0.8,81.00000000000003,41.000000000000014,0.005,512,64,255,0,0,0,0.0,0,1e-12
opq,16,8,1.0,0.95,1000.0,760.9999999999986,0.005,512,64,255,0,0,0,0.0,0,1e-12
opq,16,8,1.0,-0.25,0.36,1.0,0.041874999999999996,512,64,255,301,301,0,0.0,0,1e-12
opq,16,8,1.0,-0.1,0.6694214876033057,1.0,0.041874999999999996,512,64,255,301,301,0,0.0,0,1e-12
opq,16,8,1.0,0.04999999999999999,1.2216066481994463,1.1108033240997233,0.041874999999999996,512,64,255,300,300,0,0.0,0,1e-12
opq,16,8,1.0,0.19999999999999996,2.2499999999999996,1.6249999999999998,0.041874999999999996,512,64,255,300,300,0,0.0,0,1e-12
opq,16,8,1.0,0.35,4.313609467455622,2.656804733727811,0.041874999999999996,512,64,255,300,300,0,0.0,0,1e-12
opq,16,8,1.0,0.5,9.0,5.0,0.041874999999999996,512,64,255,300,300,0,0.0,0,1e-12
opq,16,8,1.0,0.6499999999999999,22.224489795918352,11.612244897959176,0.041874999999999996,512,64,255,302,302,0,0.20982142857142858,4,1e-12
opq,16,8,1.0,0.8,81.00000000000003,41.000000000000014,0.041874999999999996,512,64,255,287,304,0,1.3504464285714286,33,1e-12
opq,16,8,1.0,0.95,1000.0,760.9999999999986,0.041874999999999996,512,64,255,0,0,0,0.0,0,1e-12
opq,16,8,1.0,-0.25,0.36,1.0,0.07875,512,64,255,565,565,0,0.0,0,1e-12
opq,16,8,1.0,-0.1,0.6694214876033057,1.0,0.07875,512,64,255,565,565,0,0.0,0,1e-12
opq,16,8,1.0,0.04999999999999999,1.2216066481994463,1.1108033240997233,0.07875,512,64,255,565,565,0,0.0,0,1e-12
opq,16,8,1.0,0.19999999999999996,2.2499999999999996,1.6249999999999998,0.07875,512,64,255,564,564,0,0.0,0,1e-12
opq,16,8,1.0,0.35,4.313609467455622,2.656804733727811,0.07875,512,64,255,563,563,0,0.0,0,1e-12
opq,16,8,1.0,0.5,9.0,5.0,0.07875,512,64,255,565,565,0,0.0,0,1e-12
opq,16,8,1.0,0.6499999999999999,22.224489795918352,11.612244897959176,0.07875,512,64,255,569,569,0,0.3950892857142857,4,1e-12
opq,16,8,1.0,0.8,81.00000000000003,41.000000000000014,0.07875,512,64,255,574,574,0,2.65625,33,1e-12
opq,16,8,1.0,0.95,1000.0,760.9999999999986,0.07875,512,64,255,0,0,0,0.0,0,1e-12
opq,16,8,1.0,-0.25,0.36,1.0,0.115625,512,64,255,829,829,0,0.0,0,1e-12
opq,16,8,1.0,-0.1,0.6694214876033057,1.0,0.115625,512,64,255,829,829,0,0.0,0,1e-12
opq,16,8,1.0,0.04999999999999999,1.2216066481994463,1.1108033240997233,0.115625,512,64,255,829,829,0,0.0,0,1e-12
opq,16,8,1.0,0.19999999999999996,2.2499999999999996,1.6249999999999998,0.115625,512,64,255,829,829,0,0.0,0,1e-12
opq,16,8,1.0,0.35,4.313609467455622,2.656804733727811,0.115625,512,64,255,829,829,0,0.0,0,1e-12
opq,16,8,1.0,0.5,9.0,5.0,0.115625,512,64,255,830,830,0,0.0,0,1e-12
opq,16,8,1.0,0.6499999999999999,22.224489795918352,11.612244897959176,0.115625,512,64,255,824,824,0,0.5714285714285714,4,1e-12
opq,16,8,1.0,0.8,81.00000000000003,41.000000000000014,0.115625,512,64,255,861,844,0,3.9620535714285716,33,1e-12
opq,16,8,1.0,0.95,1000.0,760.9999999999986,0.115625,512,64,255,760,255,505,8.787946428571429,247,0.6644736842105263
opq,16,8,1.0,-0.25,0.36,1.0,0.1525,512,64,255,1093,1093,0,0.0,0,1e-12
opq,16,8,1.0,-0.1,0.6694214876033057,1.0,0.1525,512,64,255,1093,1093,0,0.0,0,1e-12
opq,16,8,1.0,0.04999999999999999,1.2216066481994463,1.1108033240997233,0.1525,512,64,255,1093,1093,0,0.0,0,1e-12
opq,16,8,1.0,0.19999999999999996,2.2499999999999996,1.6249999999999998,0.1525,512,64,255,1092,1092,0,0.0,0,1e-12
opq,16,8,1.0,0.35,4.313609467455622,2.656804733727811,0.1525,512,64,255,1094,1094,0,0.0,0,1e-12
opq,16,8,1.0,0.5,9.0,5.0,0.1525,512,64,255,1090,1090,0,0.0,0,1e-12
opq,16,8,1.0,0.6499999999999999,22.224489795918352,11.612244897959176,0.1525,512,64,255,1092,1092,0,0.7589285714285714,4,1e-12
opq,16,8,1.0,0.8,81.00000000000003,41.000000000000014,0.1525,512,64,255,1107,1107,0,5.122767857142857,33,1e-12
opq,16,8,1.0,0.95,1000.0,760.9999999999986,0.1525,512,64,255,760,255,505,8.787946428571429,247,0.6644736842105263
opq,16,8,1.0,-0.25,0.36,1.0,0.189375,512,64,255,1358,1358,0,0.0,0,1e-12
opq,16,8,1.0,-0.1,0.6694214876033057,1.0,0.189375,512,64,255,1358,1358,0,0.0,0,1e-12
opq,16,8,1.0,0.04999999999999999,1.2216066481994463,1.1108033240997233,0.189375,512,64,255,1357,1357,0,0.0,0,1e-12
opq,16,8,1.0,0.19999999999999996,2.2499999999999996,1.6249999999999998,0.189375,512,64,255,1357,1357,0,0.0,0,1e-12
opq,16,8,1.0,0.35,4.313609467455622,2.656804733727811,0.189375,512,64,255,1357,1357,0,0.0,0,1e-12
opq,16,8,1.0,0.5,9.0,5.0,0.189375,512,64,255,1360,1360,0,0.0,0,1e-12
opq,16,8,1.0,0.6499999999999999,22.224489795918352,11.612244897959176,0.189375,512,64,255,1359,1359,0,0.9441964285714286,4,1e-12
opq,16,8,1.0,0.8,81.00000000000003,41.000000000000014,0.189375,512,64,255,1353,1353,0,6.261160714285714,33,1e-12
opq,16,8,1.0,0.95,1000.0,760.9999999999986,0.189375,512,64,255,1521,335,1011,13.497767857142858,247,0.6646942800788954
opq,16,8,1.0,-0.25,0.36,1.0,0.22625,512,64,255,1622,1622,0,0.0,0,1e-12
opq,16,8,1.0,-0.1,0.6694214876033057,1.0,0.22625,512,64,255,1622,1622,0,0.0,0,1e-12
opq,16,8,1.0,0.04999999999999999,1.2216066481994463,1.1108033240997233,0.22625,512,64,255,1621,1621,0,0.0,0,1e-12
opq,16,8,1.0,0.19999999999999996,2.2499999999999996,1.6249999999999998,0.22625,512,64,255,1622,1622,0,0.0,0,1e-12
opq,16,8,1.0,0.35,4.313609467455622,2.656804733727811,0.22625,512,64,255,1620,1620,0,0.0,0,1e-12
opq,16,8,1.0,0.5,9.0,5.0,0.22625,512,64,255,1620,1620,0,0.0,0,1e-12
opq,16,8,1.0,0.6499999999999999,22.224489795918352,11.612244897959176,0.22625,512,64,255,1626,1626,0,1.1294642857142858,4,1e-12
opq,16,8,1.0,0.8,81.00000000000003,41.000000000000014,0.22625,512,64,255,1640,1623,0,7.566964285714286,33,1e-12
opq,16,8,1.0,0.95,1000.0,760.9999999999986,0.22625,512,64,255,1521,510,1011,17.575892857142858,247,0.6646942800788954
opq,16,8,1.0,-0.25,0.36,1.0,0.263125,512,64,255,1886,1886,0,0.0,0,1e-12
opq,16,8,1.0,-0.1,0.6694214876033057,1.0,0.263125,512,64,255,1886,1886,0,0.0,0,1e-12
opq,16,8,1.0,0.04999999999999999,1.2216066481994463,1.1108033240997233,0.263125,512,64,255,1886,1886,0,0.0,0,1e-12
opq,16,8,1.0,0.19999999999999996,2.2499999999999996,1.6249999999999998,0.263125,512,64,255,1886,1886,0,0.0,0,1e-12
opq,16,8,1.0,0.35,4.313609467455622,2.656804733727811,0.263125,512,64,255,1886,1886,0,0.0,0,1e-12
opq,16,8,1.0,0.5,9.0,5.0,0.263125,512,64,255,1890,1890,0,0.0,0,1e-12
opq,16,8,1.0,0.6499999999999999,22.224489795918352,11.612244897959176,0.263125,512,64,255,1881,1885,0,1.3058035714285714,4,1e-12
opq,16,8,1.0,0.8,81.00000000000003,41.000000000000014,0.263125,512,64,255,1886,1886,0,8.727678571428571,33,1e-12
opq,16,8,1.0,0.95,1000.0,760.9999999999986,0.263125,512,64,255,1521,510,1011,17.575892857142858,247,0.6646942800788954
opq,16,8,1.0,-0.25,0.36,1.0,0.3,512,64,255,2150,2150,0,0.0,0,1e-12
opq,16,8,1.0,-0.1,0.6694214876033057,1.0,0.3,512,64,255,2150,2150,0,0.0,0,1e-12
opq,16,8,1.0,0.04999999999999999,1.2216066481994463,1.1108033240997233,0.3,512,64,255,2151,2151,0,0.0,0,1e-12
opq,16,8,1.0,0.19999999999999996,2.2499999999999996,1.6249999999999998,0.3,512,64,255,2149,2149,0,0.0,0,1e-12
opq,16,8,1.0,0.35,4.313609467455622,2.656804733727811,0.3,512,64,255,2152,2152,0,0.0,0,1e-12
opq,16,8,1.0,0.5,9.0,5.0,0.3,512,64,255,2150,2150,0,0.0,0,1e-12
opq,16,8,1.0,0.6499999999999999,22.224489795918352,11.612244897959176,0.3,512,64,255,2149,2149,0,1.4933035714285714,4,1e-12
opq,16,8,1.0,0.8,81.00000000000003,41.000000000000014,0.3,512,64,255,2132,2133,0,9.866071428571429,33,1e-12
opq,16,8,1.0,0.95,1000.0,760.9999999999986,0.3,512,64,255,2282,765,1517,26.363839285714285,247,0.6647677475898335
time_merger,16,8,1.0,-0.25,0.36,1.0,0.005,512,64,6,35,27,5,4.636160714285714,6,0.14285714285714285
time_merger,16,8,1.0,-0.1,0.6694214876033057,1.0,0.005,512,64,6,35,27,5,4.636160714285714,6,0.14285714285714285
time_merger,16,8,1.0,0.04999999999999999,1.2216066481994463,1.1108033240997233,0.005,512,64,6,35,27,4,4.305803571428571,6,0.11428571428571428
time_merger,16,8,1.0,0.19999999999999996,2.2499999999999996,1.6249999999999998,0.005,512,64,6,36,27,6,4.5,6,0.16666666666666666
time_merger,16,8,1.0,0.35,4.313609467455622,2.656804733727811,0.005,512,64,6,37,27,5,4.129464285714286,6,0.13513513513513514
time_merger,16,8,1.0,0.5,9.0,5.0,0.005,512,64,6,35,27,8,4.129464285714286,6,0.22857142857142856
time_merger,16,8,1.0,0.6499999999999999,22.224489795918352,11.612244897959176,0.005,512,64,6,34,17,16,2.0513392857142856,6,0.47058823529411764
time_merger,16,8,1.0,0.8,81.00000000000003,41.000000000000014,0.005,512,64,6,0,0,0,0.0,0,1e-12
time_merger,16,8,1.0,0.95,1000.0,760.9999999999986,0.005,512,64,6,0,0,0,0.0,0,1e-12
time_merger,16,8,1.0,-0.25,0.36,1.0,0.041874999999999996,512,64,6,301,27,274,5.921875,6,0.9102990033222591
time_merger,16,8,1.0,-0.1,0.6694214876033057,1.0,0.041874999999999996,512,64,6,301,27,274,5.921875,6,0.9102990033222591
time_merger,16,8,1.0,0.04999999999999999,1.2216066481994463,1.1108033240997233,0.041874999999999996,512,64,6,300,27,273,5.908482142857143,6,0.91
time_merger,16,8,1.0,0.19999999999999996,2.2499999999999996,1.6249999999999998,0.041874999999999996,512,64,6,300,27,273,5.84375,6,0.91
time_merger,16,8,1.0,0.35,4.313609467455622,2.656804733727811,0.041874999999999996,512,64,6,300,27,273,5.834821428571429,6,0.91
time_merger,16,8,1.0,0.5,9.0,5.0,0.041874999999999996,512,64,6,300,27,274,5.734375,6,0.9133333333333333
time_merger,16,8,1.0,0.6499999999999999,22.224489795918352,11.612244897959176,0.041874999999999996,512,64,6,302,27,276,5.654017857142857,6,0.9139072847682119
time_merger,16,8,1.0,0.8,81.00000000000003,41.000000000000014,0.041874999999999996,512,64,6,287,27,262,4.162946428571429,6,0.9128919860627178
time_merger,16,8,1.0,0.95,1000.0,760.9999999999986,0.041874999999999996,512,64,6,0,0,0,0.0,0,1e-12
time_merger,16,8,1.0,-0.25,0.36,1.0,0.07875,512,64,6,565,27,538,5.939732142857143,6,0.952212389380531
time_merger,16,8,1.0,-0.1,0.6694214876033057,1.0,0.07875,512,64,6,565,27,538,5.939732142857143,6,0.952212389380531
time_merger,16,8,1.0,0.04999999999999999,1.2216066481994463,1.1108033240997233,0.07875,512,64,6,565,27,538,5.939732142857143,6,0.952212389380531
time_merger,16,8,1.0,0.19999999999999996,2.2499999999999996,1.6249999999999998,0.07875,512,64,6,564,27,537,5.928571428571429,6,0.9521276595744681
time_merger,16,8,1.0,0.35,4.313609467455622,2.656804733727811,0.07875,512,64,6,563,27,536,5.910714285714286,6,0.9520426287744227
time_merger,16,8,1.0,0.5,9.0,5.0,0.07875,512,64,6,565,27,538,5.857142857142857,6,0.952212389380531
time_merger,16,8,1.0,0.6499999999999999,22.224489795918352,11.612244897959176,0.07875,512,64,6,569,27,543,5.705357142857143,6,0.9543057996485061
time_merger,16,8,1.0,0.8,81.00000000000003,41.000000000000014,0.07875,512,64,6,574,27,547,4.96875,6,0.9529616724738676
time_merger,16,8,1.0,0.95,1000.0,760.9999999999986,0.07875,512,64,6,0,0,0,0.0,0,1e-12
time_merger,16,8,1.0,-0.25,0.36,1.0,0.115625,512,64,6,829,27,802,5.939732142857143,6,0.9674306393244874
time_merger,16,8,1.0,-0.1,0.6694214876033057,1.0,0.115625,512,64,6,829,27,802,5.939732142857143,6,0.9674306393244874
time_merger,16,8,1.0,0.04999999999999999,1.2216066481994463,1.1108033240997233,0.115625,512,64,6,829,27,802,5.939732142857143,6,0.9674306393244874
time_merger,16,8,1.0,0.19999999999999996,2.2499999999999996,1.6249999999999998,0.115625,512,64,6,829,27,802,5.939732142857143,6,0.9674306393244874
time_merger,16,8,1.0,0.35,4.313609467455622,2.656804733727811,0.115625,512,64,6,829,27,802,5.917410714285714,6,0.9674306393244874
time_merger,16,8,1.0,0.5,9.0,5.0,0.115625,512,64,6,830,27,803,5.883928571428571,6,0.9674698795180723
time_merger,16,8,1.0,0.6499999999999999,22.224489795918352,11.612244897959176,0.115625,512,64,6,824,27,798,5.779017857142857,6,0.9684466019417476
time_merger,16,8,1.0,0.8,81.00000000000003,41.000000000000014,0.115625,512,64,6,861,27,834,5.321428571428571,6,0.9686411149825784
time_merger,16,8,1.0,0.95,1000.0,760.9999999999986,0.115625,512,64,6,760,6,754,0.7433035714285714,6,0.9921052631578947
time_merger,16,8,1.0,-0.25,0.36,1.0,0.1525,512,64,6,1093,27,1066,5.939732142857143,6,0.9752973467520586
time_merger,16,8,1.0,-0.1,0.6694214876033057,1.0,0.1525,512,64,6,1093,27,1066,5.939732142857143,6,0.9752973467520586
time_merger,16,8,1.0,0.04999999999999999,1.2216066481994463,1.1108033240997233,0.1525,512,64,6,1093,27,1066,5.939732142857143,6,0.9752973467520586
time_merger,16,8,1.0,0.19999999999999996,2.2499999999999996,1.6249999999999998,0.1525,512,64,6,1092,27,1065,5.939732142857143,6,0.9752747252747253
time_merger,16,8,1.0,0.35,4.313609467455622,2.656804733727811,0.1525,512,64,6,1094,27,1067,5.935267857142857,6,0.9753199268738574
time_merger,16,8,1.0,0.5,9.0,5.0,0.1525,512,64,6,1090,27,1063,5.908482142857143,6,0.9752293577981651
time_merger,16,8,1.0,0.6499999999999999,22.224489795918352,11.612244897959176,0.1525,512,64,6,1092,27,1066,5.810267857142857,6,0.9761904761904762
time_merger,16,8,1.0,0.8,81.00000000000003,41.000000000000014,0.1525,512,64,6,1107,27,1080,5.167410714285714,6,0.975609756097561
time_merger,16,8,1.0,0.95,1000.0,760.9999999999986,0.1525,512,64,6,760,6,754,0.7165178571428571,6,0.9921052631578947
time_merger,16,8,1.0,-0.25,0.36,1.0,0.189375,512,64,6,1358,27,1331,5.939732142857143,6,0.9801178203240059
time_merger,16,8,1.0,-0.1,0.6694214876033057,1.0,0.189375,512,64,6,1358,27,1331,5.939732142857143,6,0.9801178203240059
time_merger,16,8,1.0,0.04999999999999999,1.2216066481994463,1.1108033240997233,0.189375,512,64,6,1357,27,1330,5.939732142857143,6,0.9801031687546058
time_merger,16,8,1.0,0.19999999999999996,2.2499999999999996,1.6249999999999998,0.189375,512,64,6,1357,27,1330,5.939732142857143,6,0.9801031687546058
time_merger,16,8,1.0,0.35,4.313609467455622,2.656804733727811,0.189375,512,64,6,1357,27,1330,5.939732142857143,6,0.9801031687546058
time_merger,16,8,1.0,0.5,9.0,5.0,0.189375,512,64,6,1360,27,1333,5.915178571428571,6,0.9801470588235294
time_merger,16,8,1.0,0.6499999999999999,22.224489795918352,11.612244897959176,0.189375,512,64,6,1359,27,1333,5.852678571428571,6,0.9808682855040471
time_merger,16,8,1.0,0.8,81.00000000000003,41.000000000000014,0.189375,512,64,6,1353,27,1327,5.537946428571429,6,0.9807834441980784
time_merger,16,8,1.0,0.95,1000.0,760.9999999999986,0.189375,512,64,6,1521,7,1509,0.7366071428571429,6,0.9921104536489151
time_merger,16,8,1.0,-0.25,0.36,1.0,0.22625,512,64,6,1622,27,1595,5.939732142857143,6,0.9833538840937115
time_merger,16,8,1.0,-0.1,0.6694214876033057,1.0,0.22625,512,64,6,1622,27,1595,5.939732142857143,6,0.9833538840937115
time_merger,16,8,1.0,0.04999999999999999,1.2216066481994463,1.1108033240997233,0.22625,512,64,6,1621,27,1594,5.939732142857143,6,0.9833436150524367
time_merger,16,8,1.0,0.19999999999999996,2.2499999999999996,1.6249999999999998,0.22625,512,64,6,1622,27,1595,5.939732142857143,6,0.9833538840937115
time_merger,16,8,1.0,0.35,4.313609467455622,2.656804733727811,0.22625,512,64,6,1620,27,1593,5.939732142857143,6,0.9833333333333333
time_merger,16,8,1.0,0.5,9.0,5.0,0.22625,512,64,6,1620,27,1593,5.919642857142857,6,0.9833333333333333
time_merger,16,8,1.0,0.6499999999999999,22.224489795918352,11.612244897959176,0.22625,512,64,6,1626,27,1599,5.883928571428571,6,0.9833948339483395
time_merger,16,8,1.0,0.8,81.00000000000003,41.000000000000014,0.22625,512,64,6,1640,27,1614,5.470982142857143,6,0.9841463414634146
time_merger,16,8,1.0,0.95,1000.0,760.9999999999986,0.22625,512,64,6,1521,12,1509,1.3258928571428572,6,0.9921104536489151
time_merger,16,8,1.0,-0.25,0.36,1.0,0.263125,512,64,6,1886,27,1859,5.939732142857143,6,0.9856839872746553
time_merger,16,8,1.0,-0.1,0.6694214876033057,1.0,0.263125,512,64,6,1886,27,1859,5.939732142857143,6,0.9856839872746553
time_merger,16,8,1.0,0.04999999999999999,1.2216066481994463,1.1108033240997233,0.263125,512,64,6,1886,27,1859,5.939732142857143,6,0.9856839872746553
time_merger,16,8,1.0,0.19999999999999996,2.2499999999999996,1.6249999999999998,0.263125,512,64,6,1886,27,1859,5.939732142857143,6,0.9856839872746553
time_merger,16,8,1.0,0.35,4.313609467455622,2.656804733727811,0.263125,512,64,6,1886,27,1859,5.939732142857143,6,0.9856839872746553
time_merger,16,8,1.0,0.5,9.0,5.0,0.263125,512,64,6,1890,27,1863,5.930803571428571,6,0.9857142857142858
time_merger,16,8,1.0,0.6499999999999999,22.224489795918352,11.612244897959176,0.263125,512,64,6,1881,27,1854,5.890625,6,0.9856459330143541
time_merger,16,8,1.0,0.8,81.00000000000003,41.000000000000014,0.263125,512,64,6,1886,27,1860,5.723214285714286,6,0.9862142099681867
time_merger,16,8,1.0,0.95,1000.0,760.9999999999986,0.263125,512,64,6,1521,12,1509,1.3794642857142858,6,0.9921104536489151
time_merger,16,8,1.0,-0.25,0.36,1.0,0.3,512,64,6,2150,27,2123,5.939732142857143,6,0.9874418604651163
time_merger,16,8,1.0,-0.1,0.6694214876033057,1.0,0.3,512,64,6,2150,27,2123,5.939732142857143,6,0.9874418604651163
time_merger,16,8,1.0,0.04999999999999999,1.2216066481994463,1.1108033240997233,0.3,512,64,6,2151,27,2124,5.939732142857143,6,0.9874476987447699
time_merger,16,8,1.0,0.19999999999999996,2.2499999999999996,1.6249999999999998,0.3,512,64,6,2149,27,2122,5.939732142857143,6,0.9874360167519777
time_merger,16,8,1.0,0.35,4.313609467455622,2.656804733727811,0.3,512,64,6,2152,27,2125,5.939732142857143,6,0.987453531598513
time_merger,16,8,1.0,0.5,9.0,5.0,0.3,512,64,6,2150,27,2123,5.9375,6,0.9874418604651163
time_merger,16,8,1.0,0.6499999999999999,22.224489795918352,11.612244897959176,0.3,512,64,6,2149,27,2122,5.892857142857143,6,0.9874360167519777
time_merger,16,8,1.0,0.8,81.00000000000003,41.000000000000014,0.3,512,64,6,2132,27,2106,5.881696428571429,6,0.9878048780487805
time_merger,16,8,1.0,0.95,1000.0,760.9999999999986,0.3,512,64,6,2282,15,2264,1.7142857142857142,6,0.9921121822962313
