time_ps,lane,source,stage,line,action,masked,credit,reactivate,fetch_ts,block_len,body_serial,sop,eop,tail_ready,tail_dropped,decision,running_ts,frame_lane_active,pending,pending_lane,q_valid,tk_sop,tk_curr,tk_future,tk_past,ingress_busy,cycle,frame,serial,allocator_next_cycle,timestamp,src,dst,hit_count,handle_wptr,ticket_rptr,page_len_next,kind,ptr,current_shd_idx,pending_mask,ticket_credit_before,ticket_credit_after,handle_depth,lane_credit_before,lane_credit_after,effective_lane_credit,drop_reason,lane_start,next_ticket_wptr,lane_credit,ticket_credit,pre_shd,pre_hit,valid,shd,hit
1617614000,0,rtl,allocator_lane_action,777917,0,1,0,0,163840,0,79,0,0,1,0,,,,,,,,,,,,,,,,,,,,,,,,,,,,,,,,,,,,,,,,,,
1617614000,1,rtl,allocator_lane_action,777918,0,1,0,0,163840,0,79,0,0,1,0,,,,,,,,,,,,,,,,,,,,,,,,,,,,,,,,,,,,,,,,,,
1617614000,2,rtl,allocator_lane_action,777919,0,1,0,0,163840,4,79,0,0,1,0,,,,,,,,,,,,,,,,,,,,,,,,,,,,,,,,,,,,,,,,,,
1617614000,3,rtl,allocator_lane_action,777920,0,1,0,0,163840,4,79,0,0,1,0,,,,,,,,,,,,,,,,,,,,,,,,,,,,,,,,,,,,,,,,,,
1617658000,,rtl,allocator_decision,777932,,,,,,,,,,,,idle_to_fetch,163408,15,15,15,15,0,0,15,0,0,,,,,,,,,,,,,,,,,,,,,,,,,,,,,,,
1617708000,,tlm,future_gap_advance,,,,,,,,,,,,,,163392,,,,,,,,,,404427,79,79,404453,,,,,,,,,,,,,,,,,,,,,,,,,,,
1617718000,0,rtl,allocator_lane_action,777953,0,1,0,0,163840,0,79,0,0,1,0,,,,,,,,,,,,,,,,,,,,,,,,,,,,,,,,,,,,,,,,,,
1617718000,1,rtl,allocator_lane_action,777954,0,1,0,0,163840,0,79,0,0,1,0,,,,,,,,,,,,,,,,,,,,,,,,,,,,,,,,,,,,,,,,,,
1617718000,2,rtl,allocator_lane_action,777955,0,1,0,0,163840,4,79,0,0,1,0,,,,,,,,,,,,,,,,,,,,,,,,,,,,,,,,,,,,,,,,,,
1617718000,3,rtl,allocator_lane_action,777956,0,1,0,0,163840,4,79,0,0,1,0,,,,,,,,,,,,,,,,,,,,,,,,,,,,,,,,,,,,,,,,,,
1617762000,,rtl,allocator_decision,777968,,,,,,,,,,,,idle_to_fetch,163424,15,15,15,15,0,0,15,0,0,,,,,,,,,,,,,,,,,,,,,,,,,,,,,,,
1617812000,,tlm,future_gap_advance,,,,,,,,,,,,,,163408,,,,,,,,,,404453,79,79,404479,,,,,,,,,,,,,,,,,,,,,,,,,,,
1617822000,0,rtl,allocator_lane_action,777989,0,1,0,0,163840,0,79,0,0,1,0,,,,,,,,,,,,,,,,,,,,,,,,,,,,,,,,,,,,,,,,,,
1617822000,1,rtl,allocator_lane_action,777990,0,1,0,0,163840,0,79,0,0,1,0,,,,,,,,,,,,,,,,,,,,,,,,,,,,,,,,,,,,,,,,,,
1617822000,2,rtl,allocator_lane_action,777991,0,1,0,0,163840,4,79,0,0,1,0,,,,,,,,,,,,,,,,,,,,,,,,,,,,,,,,,,,,,,,,,,
1617822000,3,rtl,allocator_lane_action,777992,0,1,0,0,163840,4,79,0,0,1,0,,,,,,,,,,,,,,,,,,,,,,,,,,,,,,,,,,,,,,,,,,
1617866000,,rtl,allocator_decision,778004,,,,,,,,,,,,idle_to_fetch,163440,15,15,15,15,0,0,15,0,0,,,,,,,,,,,,,,,,,,,,,,,,,,,,,,,
1617916000,,tlm,future_gap_advance,,,,,,,,,,,,,,163424,,,,,,,,,,404479,79,79,404505,,,,,,,,,,,,,,,,,,,,,,,,,,,
1617926000,0,rtl,allocator_lane_action,778025,0,1,0,0,163840,0,79,0,0,1,0,,,,,,,,,,,,,,,,,,,,,,,,,,,,,,,,,,,,,,,,,,
1617926000,1,rtl,allocator_lane_action,778026,0,1,0,0,163840,0,79,0,0,1,0,,,,,,,,,,,,,,,,,,,,,,,,,,,,,,,,,,,,,,,,,,
1617926000,2,rtl,allocator_lane_action,778027,0,1,0,0,163840,4,79,0,0,1,0,,,,,,,,,,,,,,,,,,,,,,,,,,,,,,,,,,,,,,,,,,
1617926000,3,rtl,allocator_lane_action,778028,0,1,0,0,163840,4,79,0,0,1,0,,,,,,,,,,,,,,,,,,,,,,,,,,,,,,,,,,,,,,,,,,
1617970000,,rtl,allocator_decision,778040,,,,,,,,,,,,idle_to_fetch,163456,15,15,15,15,0,0,15,0,0,,,,,,,,,,,,,,,,,,,,,,,,,,,,,,,
1618020000,,tlm,future_gap_advance,,,,,,,,,,,,,,163440,,,,,,,,,,404505,79,79,404531,,,,,,,,,,,,,,,,,,,,,,,,,,,
1618030000,0,rtl,allocator_lane_action,778061,0,1,0,0,163840,0,79,0,0,1,0,,,,,,,,,,,,,,,,,,,,,,,,,,,,,,,,,,,,,,,,,,
1618030000,1,rtl,allocator_lane_action,778062,0,1,0,0,163840,0,79,0,0,1,0,,,,,,,,,,,,,,,,,,,,,,,,,,,,,,,,,,,,,,,,,,
1618030000,2,rtl,allocator_lane_action,778063,0,1,0,0,163840,4,79,0,0,1,0,,,,,,,,,,,,,,,,,,,,,,,,,,,,,,,,,,,,,,,,,,
1618030000,3,rtl,allocator_lane_action,778064,0,1,0,0,163840,4,79,0,0,1,0,,,,,,,,,,,,,,,,,,,,,,,,,,,,,,,,,,,,,,,,,,
1618074000,,rtl,allocator_decision,778076,,,,,,,,,,,,idle_to_fetch,163472,15,15,15,15,0,0,15,0,0,,,,,,,,,,,,,,,,,,,,,,,,,,,,,,,
1618124000,,tlm,future_gap_advance,,,,,,,,,,,,,,163456,,,,,,,,,,404531,79,79,404557,,,,,,,,,,,,,,,,,,,,,,,,,,,
1618134000,0,rtl,allocator_lane_action,778097,0,1,0,0,163840,0,79,0,0,1,0,,,,,,,,,,,,,,,,,,,,,,,,,,,,,,,,,,,,,,,,,,
1618134000,1,rtl,allocator_lane_action,778098,0,1,0,0,163840,0,79,0,0,1,0,,,,,,,,,,,,,,,,,,,,,,,,,,,,,,,,,,,,,,,,,,
1618134000,2,rtl,allocator_lane_action,778099,0,1,0,0,163840,4,79,0,0,1,0,,,,,,,,,,,,,,,,,,,,,,,,,,,,,,,,,,,,,,,,,,
1618134000,3,rtl,allocator_lane_action,778100,0,1,0,0,163840,4,79,0,0,1,0,,,,,,,,,,,,,,,,,,,,,,,,,,,,,,,,,,,,,,,,,,
1618178000,,rtl,allocator_decision,778112,,,,,,,,,,,,idle_to_fetch,163488,15,15,15,15,0,0,15,0,0,,,,,,,,,,,,,,,,,,,,,,,,,,,,,,,
1618228000,,tlm,future_gap_advance,,,,,,,,,,,,,,163472,,,,,,,,,,404557,79,79,404583,,,,,,,,,,,,,,,,,,,,,,,,,,,
1618238000,0,rtl,allocator_lane_action,778133,0,1,0,0,163840,0,79,0,0,1,0,,,,,,,,,,,,,,,,,,,,,,,,,,,,,,,,,,,,,,,,,,
1618238000,1,rtl,allocator_lane_action,778134,0,1,0,0,163840,0,79,0,0,1,0,,,,,,,,,,,,,,,,,,,,,,,,,,,,,,,,,,,,,,,,,,
1618238000,2,rtl,allocator_lane_action,778135,0,1,0,0,163840,4,79,0,0,1,0,,,,,,,,,,,,,,,,,,,,,,,,,,,,,,,,,,,,,,,,,,
1618238000,3,rtl,allocator_lane_action,778136,0,1,0,0,163840,4,79,0,0,1,0,,,,,,,,,,,,,,,,,,,,,,,,,,,,,,,,,,,,,,,,,,
1618282000,,rtl,allocator_decision,778148,,,,,,,,,,,,idle_to_fetch,163504,15,15,15,15,0,0,15,0,0,,,,,,,,,,,,,,,,,,,,,,,,,,,,,,,
1618332000,,tlm,future_gap_advance,,,,,,,,,,,,,,163488,,,,,,,,,,404583,79,79,404609,,,,,,,,,,,,,,,,,,,,,,,,,,,
1618342000,0,rtl,allocator_lane_action,778169,0,1,0,0,163840,0,79,0,0,1,0,,,,,,,,,,,,,,,,,,,,,,,,,,,,,,,,,,,,,,,,,,
1618342000,1,rtl,allocator_lane_action,778170,0,1,0,0,163840,0,79,0,0,1,0,,,,,,,,,,,,,,,,,,,,,,,,,,,,,,,,,,,,,,,,,,
1618342000,2,rtl,allocator_lane_action,778171,0,1,0,0,163840,4,79,0,0,1,0,,,,,,,,,,,,,,,,,,,,,,,,,,,,,,,,,,,,,,,,,,
1618342000,3,rtl,allocator_lane_action,778172,0,1,0,0,163840,4,79,0,0,1,0,,,,,,,,,,,,,,,,,,,,,,,,,,,,,,,,,,,,,,,,,,
1618386000,,rtl,allocator_decision,778184,,,,,,,,,,,,idle_to_fetch,163520,15,15,15,15,0,0,15,0,0,,,,,,,,,,,,,,,,,,,,,,,,,,,,,,,
1618436000,,tlm,future_gap_advance,,,,,,,,,,,,,,163504,,,,,,,,,,404609,79,79,404635,,,,,,,,,,,,,,,,,,,,,,,,,,,
1618446000,0,rtl,allocator_lane_action,778205,0,1,0,0,163840,0,79,0,0,1,0,,,,,,,,,,,,,,,,,,,,,,,,,,,,,,,,,,,,,,,,,,
1618446000,1,rtl,allocator_lane_action,778206,0,1,0,0,163840,0,79,0,0,1,0,,,,,,,,,,,,,,,,,,,,,,,,,,,,,,,,,,,,,,,,,,
1618446000,2,rtl,allocator_lane_action,778207,0,1,0,0,163840,4,79,0,0,1,0,,,,,,,,,,,,,,,,,,,,,,,,,,,,,,,,,,,,,,,,,,
1618446000,3,rtl,allocator_lane_action,778208,0,1,0,0,163840,4,79,0,0,1,0,,,,,,,,,,,,,,,,,,,,,,,,,,,,,,,,,,,,,,,,,,
1618490000,,rtl,allocator_decision,778220,,,,,,,,,,,,idle_to_fetch,163536,15,15,15,15,0,0,15,0,0,,,,,,,,,,,,,,,,,,,,,,,,,,,,,,,
1618540000,,tlm,future_gap_advance,,,,,,,,,,,,,,163520,,,,,,,,,,404635,79,79,404661,,,,,,,,,,,,,,,,,,,,,,,,,,,
1618550000,0,rtl,allocator_lane_action,778241,0,1,0,0,163840,0,79,0,0,1,0,,,,,,,,,,,,,,,,,,,,,,,,,,,,,,,,,,,,,,,,,,
1618550000,1,rtl,allocator_lane_action,778242,0,1,0,0,163840,0,79,0,0,1,0,,,,,,,,,,,,,,,,,,,,,,,,,,,,,,,,,,,,,,,,,,
1618550000,2,rtl,allocator_lane_action,778243,0,1,0,0,163840,4,79,0,0,1,0,,,,,,,,,,,,,,,,,,,,,,,,,,,,,,,,,,,,,,,,,,
1618550000,3,rtl,allocator_lane_action,778244,0,1,0,0,163840,4,79,0,0,1,0,,,,,,,,,,,,,,,,,,,,,,,,,,,,,,,,,,,,,,,,,,
1618594000,,rtl,allocator_decision,778256,,,,,,,,,,,,idle_to_fetch,163552,15,15,15,15,0,0,15,0,0,,,,,,,,,,,,,,,,,,,,,,,,,,,,,,,
1618644000,,tlm,future_gap_advance,,,,,,,,,,,,,,163536,,,,,,,,,,404661,79,79,404687,,,,,,,,,,,,,,,,,,,,,,,,,,,
1618654000,0,rtl,allocator_lane_action,778277,0,1,0,0,163840,0,79,0,0,1,0,,,,,,,,,,,,,,,,,,,,,,,,,,,,,,,,,,,,,,,,,,
1618654000,1,rtl,allocator_lane_action,778278,0,1,0,0,163840,0,79,0,0,1,0,,,,,,,,,,,,,,,,,,,,,,,,,,,,,,,,,,,,,,,,,,
1618654000,2,rtl,allocator_lane_action,778279,0,1,0,0,163840,4,79,0,0,1,0,,,,,,,,,,,,,,,,,,,,,,,,,,,,,,,,,,,,,,,,,,
1618654000,3,rtl,allocator_lane_action,778280,0,1,0,0,163840,4,79,0,0,1,0,,,,,,,,,,,,,,,,,,,,,,,,,,,,,,,,,,,,,,,,,,
1618698000,,rtl,allocator_decision,778292,,,,,,,,,,,,idle_to_fetch,163568,15,15,15,15,0,0,15,0,0,,,,,,,,,,,,,,,,,,,,,,,,,,,,,,,
1618748000,,tlm,future_gap_advance,,,,,,,,,,,,,,163552,,,,,,,,,,404687,79,79,404713,,,,,,,,,,,,,,,,,,,,,,,,,,,
1618758000,0,rtl,allocator_lane_action,778313,0,1,0,0,163840,0,79,0,0,1,0,,,,,,,,,,,,,,,,,,,,,,,,,,,,,,,,,,,,,,,,,,
1618758000,1,rtl,allocator_lane_action,778314,0,1,0,0,163840,0,79,0,0,1,0,,,,,,,,,,,,,,,,,,,,,,,,,,,,,,,,,,,,,,,,,,
1618758000,2,rtl,allocator_lane_action,778315,0,1,0,0,163840,4,79,0,0,1,0,,,,,,,,,,,,,,,,,,,,,,,,,,,,,,,,,,,,,,,,,,
1618758000,3,rtl,allocator_lane_action,778316,0,1,0,0,163840,4,79,0,0,1,0,,,,,,,,,,,,,,,,,,,,,,,,,,,,,,,,,,,,,,,,,,
1618802000,,rtl,allocator_decision,778328,,,,,,,,,,,,idle_to_fetch,163584,15,15,15,15,0,0,15,0,0,,,,,,,,,,,,,,,,,,,,,,,,,,,,,,,
1618852000,,tlm,future_gap_advance,,,,,,,,,,,,,,163568,,,,,,,,,,404713,79,79,404739,,,,,,,,,,,,,,,,,,,,,,,,,,,
1618862000,0,rtl,allocator_lane_action,778349,0,1,0,0,163840,0,79,0,0,1,0,,,,,,,,,,,,,,,,,,,,,,,,,,,,,,,,,,,,,,,,,,
1618862000,1,rtl,allocator_lane_action,778350,0,1,0,0,163840,0,79,0,0,1,0,,,,,,,,,,,,,,,,,,,,,,,,,,,,,,,,,,,,,,,,,,
1618862000,2,rtl,allocator_lane_action,778351,0,1,0,0,163840,4,79,0,0,1,0,,,,,,,,,,,,,,,,,,,,,,,,,,,,,,,,,,,,,,,,,,
1618862000,3,rtl,allocator_lane_action,778352,0,1,0,0,163840,4,79,0,0,1,0,,,,,,,,,,,,,,,,,,,,,,,,,,,,,,,,,,,,,,,,,,
1618906000,,rtl,allocator_decision,778364,,,,,,,,,,,,idle_to_fetch,163600,15,15,15,15,0,0,15,0,0,,,,,,,,,,,,,,,,,,,,,,,,,,,,,,,
1618956000,,tlm,future_gap_advance,,,,,,,,,,,,,,163584,,,,,,,,,,404739,79,79,404765,,,,,,,,,,,,,,,,,,,,,,,,,,,
1618966000,0,rtl,allocator_lane_action,778385,0,1,0,0,163840,0,79,0,0,1,0,,,,,,,,,,,,,,,,,,,,,,,,,,,,,,,,,,,,,,,,,,
1618966000,1,rtl,allocator_lane_action,778386,0,1,0,0,163840,0,79,0,0,1,0,,,,,,,,,,,,,,,,,,,,,,,,,,,,,,,,,,,,,,,,,,
1618966000,2,rtl,allocator_lane_action,778387,0,1,0,0,163840,4,79,0,0,1,0,,,,,,,,,,,,,,,,,,,,,,,,,,,,,,,,,,,,,,,,,,
1618966000,3,rtl,allocator_lane_action,778388,0,1,0,0,163840,4,79,0,0,1,0,,,,,,,,,,,,,,,,,,,,,,,,,,,,,,,,,,,,,,,,,,
1619010000,,rtl,allocator_decision,778400,,,,,,,,,,,,idle_to_fetch,163616,15,15,15,15,0,0,15,0,0,,,,,,,,,,,,,,,,,,,,,,,,,,,,,,,
1619060000,,tlm,future_gap_advance,,,,,,,,,,,,,,163600,,,,,,,,,,404765,79,79,404791,,,,,,,,,,,,,,,,,,,,,,,,,,,
1619070000,0,rtl,allocator_lane_action,778421,0,1,0,0,163840,0,79,0,0,1,0,,,,,,,,,,,,,,,,,,,,,,,,,,,,,,,,,,,,,,,,,,
1619070000,1,rtl,allocator_lane_action,778422,0,1,0,0,163840,0,79,0,0,1,0,,,,,,,,,,,,,,,,,,,,,,,,,,,,,,,,,,,,,,,,,,
1619070000,2,rtl,allocator_lane_action,778423,0,1,0,0,163840,4,79,0,0,1,0,,,,,,,,,,,,,,,,,,,,,,,,,,,,,,,,,,,,,,,,,,
1619070000,3,rtl,allocator_lane_action,778424,0,1,0,0,163840,4,79,0,0,1,0,,,,,,,,,,,,,,,,,,,,,,,,,,,,,,,,,,,,,,,,,,
1619114000,,rtl,allocator_decision,778436,,,,,,,,,,,,idle_to_fetch,163632,15,15,15,15,0,0,15,0,0,,,,,,,,,,,,,,,,,,,,,,,,,,,,,,,
1619164000,,tlm,future_gap_advance,,,,,,,,,,,,,,163616,,,,,,,,,,404791,79,79,404817,,,,,,,,,,,,,,,,,,,,,,,,,,,
1619174000,0,rtl,allocator_lane_action,778457,0,1,0,0,163840,0,79,0,0,1,0,,,,,,,,,,,,,,,,,,,,,,,,,,,,,,,,,,,,,,,,,,
1619174000,1,rtl,allocator_lane_action,778458,0,1,0,0,163840,0,79,0,0,1,0,,,,,,,,,,,,,,,,,,,,,,,,,,,,,,,,,,,,,,,,,,
1619174000,2,rtl,allocator_lane_action,778459,0,1,0,0,163840,4,79,0,0,1,0,,,,,,,,,,,,,,,,,,,,,,,,,,,,,,,,,,,,,,,,,,
1619174000,3,rtl,allocator_lane_action,778460,0,1,0,0,163840,4,79,0,0,1,0,,,,,,,,,,,,,,,,,,,,,,,,,,,,,,,,,,,,,,,,,,
1619218000,,rtl,allocator_decision,778472,,,,,,,,,,,,idle_to_fetch,163648,15,15,15,15,0,0,15,0,0,,,,,,,,,,,,,,,,,,,,,,,,,,,,,,,
1619268000,,tlm,future_gap_advance,,,,,,,,,,,,,,163632,,,,,,,,,,404817,79,79,404843,,,,,,,,,,,,,,,,,,,,,,,,,,,
1619278000,0,rtl,allocator_lane_action,778493,0,1,0,0,163840,0,79,0,0,1,0,,,,,,,,,,,,,,,,,,,,,,,,,,,,,,,,,,,,,,,,,,
1619278000,1,rtl,allocator_lane_action,778494,0,1,0,0,163840,0,79,0,0,1,0,,,,,,,,,,,,,,,,,,,,,,,,,,,,,,,,,,,,,,,,,,
1619278000,2,rtl,allocator_lane_action,778495,0,1,0,0,163840,4,79,0,0,1,0,,,,,,,,,,,,,,,,,,,,,,,,,,,,,,,,,,,,,,,,,,
1619278000,3,rtl,allocator_lane_action,778496,0,1,0,0,163840,4,79,0,0,1,0,,,,,,,,,,,,,,,,,,,,,,,,,,,,,,,,,,,,,,,,,,
1619322000,,rtl,allocator_decision,778508,,,,,,,,,,,,idle_to_fetch,163664,15,15,15,15,0,0,15,0,0,,,,,,,,,,,,,,,,,,,,,,,,,,,,,,,
1619372000,,tlm,future_gap_advance,,,,,,,,,,,,,,163648,,,,,,,,,,404843,79,79,404869,,,,,,,,,,,,,,,,,,,,,,,,,,,
1619382000,0,rtl,allocator_lane_action,778529,0,1,0,0,163840,0,79,0,0,1,0,,,,,,,,,,,,,,,,,,,,,,,,,,,,,,,,,,,,,,,,,,
1619382000,1,rtl,allocator_lane_action,778530,0,1,0,0,163840,0,79,0,0,1,0,,,,,,,,,,,,,,,,,,,,,,,,,,,,,,,,,,,,,,,,,,
1619382000,2,rtl,allocator_lane_action,778531,0,1,0,0,163840,4,79,0,0,1,0,,,,,,,,,,,,,,,,,,,,,,,,,,,,,,,,,,,,,,,,,,
1619382000,3,rtl,allocator_lane_action,778532,0,1,0,0,163840,4,79,0,0,1,0,,,,,,,,,,,,,,,,,,,,,,,,,,,,,,,,,,,,,,,,,,
1619426000,,rtl,allocator_decision,778544,,,,,,,,,,,,idle_to_fetch,163680,15,15,15,15,0,0,15,0,0,,,,,,,,,,,,,,,,,,,,,,,,,,,,,,,
1619476000,,tlm,future_gap_advance,,,,,,,,,,,,,,163664,,,,,,,,,,404869,79,79,404895,,,,,,,,,,,,,,,,,,,,,,,,,,,
1619486000,0,rtl,allocator_lane_action,778565,0,1,0,0,163840,0,79,0,0,1,0,,,,,,,,,,,,,,,,,,,,,,,,,,,,,,,,,,,,,,,,,,
1619486000,1,rtl,allocator_lane_action,778566,0,1,0,0,163840,0,79,0,0,1,0,,,,,,,,,,,,,,,,,,,,,,,,,,,,,,,,,,,,,,,,,,
1619486000,2,rtl,allocator_lane_action,778567,0,1,0,0,163840,4,79,0,0,1,0,,,,,,,,,,,,,,,,,,,,,,,,,,,,,,,,,,,,,,,,,,
1619486000,3,rtl,allocator_lane_action,778568,0,1,0,0,163840,4,79,0,0,1,0,,,,,,,,,,,,,,,,,,,,,,,,,,,,,,,,,,,,,,,,,,
1619530000,,rtl,allocator_decision,778580,,,,,,,,,,,,idle_to_fetch,163696,15,15,15,15,0,0,15,0,0,,,,,,,,,,,,,,,,,,,,,,,,,,,,,,,
1619580000,,tlm,future_gap_advance,,,,,,,,,,,,,,163680,,,,,,,,,,404895,79,79,404921,,,,,,,,,,,,,,,,,,,,,,,,,,,
1619590000,0,rtl,allocator_lane_action,778601,0,1,0,0,163840,0,79,0,0,1,0,,,,,,,,,,,,,,,,,,,,,,,,,,,,,,,,,,,,,,,,,,
1619590000,1,rtl,allocator_lane_action,778602,0,1,0,0,163840,0,79,0,0,1,0,,,,,,,,,,,,,,,,,,,,,,,,,,,,,,,,,,,,,,,,,,
1619590000,2,rtl,allocator_lane_action,778603,0,1,0,0,163840,4,79,0,0,1,0,,,,,,,,,,,,,,,,,,,,,,,,,,,,,,,,,,,,,,,,,,
1619590000,3,rtl,allocator_lane_action,778604,0,1,0,0,163840,4,79,0,0,1,0,,,,,,,,,,,,,,,,,,,,,,,,,,,,,,,,,,,,,,,,,,
1619634000,,rtl,allocator_decision,778616,,,,,,,,,,,,idle_to_fetch,163712,15,15,15,15,0,0,15,0,0,,,,,,,,,,,,,,,,,,,,,,,,,,,,,,,
1619684000,,tlm,future_gap_advance,,,,,,,,,,,,,,163696,,,,,,,,,,404921,79,79,404947,,,,,,,,,,,,,,,,,,,,,,,,,,,
1619694000,0,rtl,allocator_lane_action,778637,0,1,0,0,163840,0,79,0,0,1,0,,,,,,,,,,,,,,,,,,,,,,,,,,,,,,,,,,,,,,,,,,
1619694000,1,rtl,allocator_lane_action,778638,0,1,0,0,163840,0,79,0,0,1,0,,,,,,,,,,,,,,,,,,,,,,,,,,,,,,,,,,,,,,,,,,
1619694000,2,rtl,allocator_lane_action,778639,0,1,0,0,163840,4,79,0,0,1,0,,,,,,,,,,,,,,,,,,,,,,,,,,,,,,,,,,,,,,,,,,
1619694000,3,rtl,allocator_lane_action,778640,0,1,0,0,163840,4,79,0,0,1,0,,,,,,,,,,,,,,,,,,,,,,,,,,,,,,,,,,,,,,,,,,
1619738000,,rtl,allocator_decision,778652,,,,,,,,,,,,idle_to_fetch,163728,15,15,15,15,0,0,15,0,0,,,,,,,,,,,,,,,,,,,,,,,,,,,,,,,
1619788000,,tlm,future_gap_advance,,,,,,,,,,,,,,163712,,,,,,,,,,404947,79,79,404973,,,,,,,,,,,,,,,,,,,,,,,,,,,
1619798000,0,rtl,allocator_lane_action,778673,0,1,0,0,163840,0,79,0,0,1,0,,,,,,,,,,,,,,,,,,,,,,,,,,,,,,,,,,,,,,,,,,
1619798000,1,rtl,allocator_lane_action,778674,0,1,0,0,163840,0,79,0,0,1,0,,,,,,,,,,,,,,,,,,,,,,,,,,,,,,,,,,,,,,,,,,
1619798000,2,rtl,allocator_lane_action,778675,0,1,0,0,163840,4,79,0,0,1,0,,,,,,,,,,,,,,,,,,,,,,,,,,,,,,,,,,,,,,,,,,
1619798000,3,rtl,allocator_lane_action,778676,0,1,0,0,163840,4,79,0,0,1,0,,,,,,,,,,,,,,,,,,,,,,,,,,,,,,,,,,,,,,,,,,
1619842000,,rtl,allocator_decision,778688,,,,,,,,,,,,idle_to_fetch,163744,15,15,15,15,0,0,15,0,0,,,,,,,,,,,,,,,,,,,,,,,,,,,,,,,
1619892000,,tlm,future_gap_advance,,,,,,,,,,,,,,163728,,,,,,,,,,404973,79,79,404999,,,,,,,,,,,,,,,,,,,,,,,,,,,
1619902000,0,rtl,allocator_lane_action,778709,0,1,0,0,163840,0,79,0,0,1,0,,,,,,,,,,,,,,,,,,,,,,,,,,,,,,,,,,,,,,,,,,
1619902000,1,rtl,allocator_lane_action,778710,0,1,0,0,163840,0,79,0,0,1,0,,,,,,,,,,,,,,,,,,,,,,,,,,,,,,,,,,,,,,,,,,
1619902000,2,rtl,allocator_lane_action,778711,0,1,0,0,163840,4,79,0,0,1,0,,,,,,,,,,,,,,,,,,,,,,,,,,,,,,,,,,,,,,,,,,
1619902000,3,rtl,allocator_lane_action,778712,0,1,0,0,163840,4,79,0,0,1,0,,,,,,,,,,,,,,,,,,,,,,,,,,,,,,,,,,,,,,,,,,
1619946000,,rtl,allocator_decision,778724,,,,,,,,,,,,idle_to_fetch,163760,15,15,15,15,0,0,15,0,0,,,,,,,,,,,,,,,,,,,,,,,,,,,,,,,
1619996000,,tlm,future_gap_advance,,,,,,,,,,,,,,163744,,,,,,,,,,404999,79,79,405025,,,,,,,,,,,,,,,,,,,,,,,,,,,
1620006000,0,rtl,allocator_lane_action,778745,0,1,0,0,163840,0,79,0,0,1,0,,,,,,,,,,,,,,,,,,,,,,,,,,,,,,,,,,,,,,,,,,
1620006000,1,rtl,allocator_lane_action,778746,0,1,0,0,163840,0,79,0,0,1,0,,,,,,,,,,,,,,,,,,,,,,,,,,,,,,,,,,,,,,,,,,
1620006000,2,rtl,allocator_lane_action,778747,0,1,0,0,163840,4,79,0,0,1,0,,,,,,,,,,,,,,,,,,,,,,,,,,,,,,,,,,,,,,,,,,
1620006000,3,rtl,allocator_lane_action,778748,0,1,0,0,163840,4,79,0,0,1,0,,,,,,,,,,,,,,,,,,,,,,,,,,,,,,,,,,,,,,,,,,
1620050000,,rtl,allocator_decision,778760,,,,,,,,,,,,idle_to_fetch,163776,15,15,15,15,0,0,15,0,0,,,,,,,,,,,,,,,,,,,,,,,,,,,,,,,
1620100000,,tlm,future_gap_advance,,,,,,,,,,,,,,163760,,,,,,,,,,405025,79,79,405051,,,,,,,,,,,,,,,,,,,,,,,,,,,
1620110000,0,rtl,allocator_lane_action,778781,0,1,0,0,163840,0,79,0,0,1,0,,,,,,,,,,,,,,,,,,,,,,,,,,,,,,,,,,,,,,,,,,
1620110000,1,rtl,allocator_lane_action,778782,0,1,0,0,163840,0,79,0,0,1,0,,,,,,,,,,,,,,,,,,,,,,,,,,,,,,,,,,,,,,,,,,
1620110000,2,rtl,allocator_lane_action,778783,0,1,0,0,163840,4,79,0,0,1,0,,,,,,,,,,,,,,,,,,,,,,,,,,,,,,,,,,,,,,,,,,
1620110000,3,rtl,allocator_lane_action,778784,0,1,0,0,163840,4,79,0,0,1,0,,,,,,,,,,,,,,,,,,,,,,,,,,,,,,,,,,,,,,,,,,
1620154000,,rtl,allocator_decision,778796,,,,,,,,,,,,idle_to_fetch,163792,15,15,15,15,0,0,15,0,0,,,,,,,,,,,,,,,,,,,,,,,,,,,,,,,
1620204000,,tlm,future_gap_advance,,,,,,,,,,,,,,163776,,,,,,,,,,405051,79,79,405077,,,,,,,,,,,,,,,,,,,,,,,,,,,
1620214000,0,rtl,allocator_lane_action,778817,0,1,0,0,163840,0,79,0,0,1,0,,,,,,,,,,,,,,,,,,,,,,,,,,,,,,,,,,,,,,,,,,
1620214000,1,rtl,allocator_lane_action,778818,0,1,0,0,163840,0,79,0,0,1,0,,,,,,,,,,,,,,,,,,,,,,,,,,,,,,,,,,,,,,,,,,
1620214000,2,rtl,allocator_lane_action,778819,0,1,0,0,163840,4,79,0,0,1,0,,,,,,,,,,,,,,,,,,,,,,,,,,,,,,,,,,,,,,,,,,
1620214000,3,rtl,allocator_lane_action,778820,0,1,0,0,163840,4,79,0,0,1,0,,,,,,,,,,,,,,,,,,,,,,,,,,,,,,,,,,,,,,,,,,
1620258000,,rtl,allocator_decision,778832,,,,,,,,,,,,idle_to_fetch,163808,15,15,15,15,0,0,15,0,0,,,,,,,,,,,,,,,,,,,,,,,,,,,,,,,
1620308000,,tlm,future_gap_advance,,,,,,,,,,,,,,163792,,,,,,,,,,405077,79,79,405103,,,,,,,,,,,,,,,,,,,,,,,,,,,
1620318000,0,rtl,allocator_lane_action,778853,0,1,0,0,163840,0,79,0,0,1,0,,,,,,,,,,,,,,,,,,,,,,,,,,,,,,,,,,,,,,,,,,
1620318000,1,rtl,allocator_lane_action,778854,0,1,0,0,163840,0,79,0,0,1,0,,,,,,,,,,,,,,,,,,,,,,,,,,,,,,,,,,,,,,,,,,
1620318000,2,rtl,allocator_lane_action,778855,0,1,0,0,163840,4,79,0,0,1,0,,,,,,,,,,,,,,,,,,,,,,,,,,,,,,,,,,,,,,,,,,
1620318000,3,rtl,allocator_lane_action,778856,0,1,0,0,163840,4,79,0,0,1,0,,,,,,,,,,,,,,,,,,,,,,,,,,,,,,,,,,,,,,,,,,
1620362000,,rtl,allocator_decision,778868,,,,,,,,,,,,idle_to_fetch,163824,15,15,15,15,0,0,15,0,0,,,,,,,,,,,,,,,,,,,,,,,,,,,,,,,
1620412000,,tlm,future_gap_advance,,,,,,,,,,,,,,163808,,,,,,,,,,405103,79,79,405129,,,,,,,,,,,,,,,,,,,,,,,,,,,
1620422000,0,rtl,allocator_lane_action,778889,0,1,0,0,163840,0,79,0,0,1,0,,,,,,,,,,,,,,,,,,,,,,,,,,,,,,,,,,,,,,,,,,
1620422000,1,rtl,allocator_lane_action,778890,0,1,0,0,163840,0,79,0,0,1,0,,,,,,,,,,,,,,,,,,,,,,,,,,,,,,,,,,,,,,,,,,
1620422000,2,rtl,allocator_lane_action,778891,0,1,0,0,163840,4,79,0,0,1,0,,,,,,,,,,,,,,,,,,,,,,,,,,,,,,,,,,,,,,,,,,
1620422000,3,rtl,allocator_lane_action,778892,0,1,0,0,163840,4,79,0,0,1,0,,,,,,,,,,,,,,,,,,,,,,,,,,,,,,,,,,,,,,,,,,
1620466000,,rtl,allocator_decision,778904,,,,,,,,,,,,idle_to_fetch,163840,15,15,15,15,0,0,0,0,0,,,,,,,,,,,,,,,,,,,,,,,,,,,,,,,
1620516000,,tlm,future_gap_advance,,,,,,,,,,,,,,163824,,,,,,,,,,405129,79,79,405155,,,,,,,,,,,,,,,,,,,,,,,,,,,
1620526000,0,rtl,allocator_lane_action,778925,2,0,1,0,163840,0,79,0,0,1,0,,,,,,,,,,,,,,,,,,,,,,,,,,,,,,,,,,,,,,,,,,
1620526000,1,rtl,allocator_lane_action,778926,2,0,1,0,163840,0,79,0,0,1,0,,,,,,,,,,,,,,,,,,,,,,,,,,,,,,,,,,,,,,,,,,
1620526000,2,rtl,allocator_lane_action,778927,2,0,1,0,163840,4,79,0,0,1,0,,,,,,,,,,,,,,,,,,,,,,,,,,,,,,,,,,,,,,,,,,
1620526000,3,rtl,allocator_lane_action,778928,2,0,1,0,163840,4,79,0,0,1,0,,,,,,,,,,,,,,,,,,,,,,,,,,,,,,,,,,,,,,,,,,
1620554000,2,rtl,handle_accept,778936,,,,,,,,,,,,,,,,,,,,,,,,,,,163840,1505,37038,4,7,2001,0,,,,,,,,,,,,,,,,,,,,
1620562000,3,rtl,handle_accept,778940,,,,,,,,,,,,,,,,,,,,,,,,,,,163840,1525,37042,4,1,2001,4,,,,,,,,,,,,,,,,,,,,
1620574000,,rtl,allocator_decision,778946,,,,,,,,,,,,idle_to_fetch,163856,15,15,15,15,0,0,0,0,0,,,,,,,,,,,,,,,,,,,,,,,,,,,,,,,
1620614000,2,rtl,credit_return,778973,,,,,,,,,,,,,,,,,,,,,,,,,,,,,,4,,,,mover_done,7,,,,,,,,,,,,,,,,,,
1620618000,2,rtl,credit_return,778976,,,,,,,,,,,,,,,,,,,,,,,,,,,,,,4,,,,credit_return,7,,,,,,,,,,,,,,,,,,
1620620000,,tlm,future_gap_advance,,,,,,,,,,,,,,163840,,,,,,,,,,405155,79,79,405181,,,,,,,,,,,,,,,,,,,,,,,,,,,
1620634000,0,rtl,allocator_lane_action,778984,2,0,1,0,163856,0,79,0,0,1,0,,,,,,,,,,,,,,,,,,,,,,,,,,,,,,,,,,,,,,,,,,
1620634000,1,rtl,allocator_lane_action,778985,2,0,1,0,163856,0,79,0,0,1,0,,,,,,,,,,,,,,,,,,,,,,,,,,,,,,,,,,,,,,,,,,
1620634000,2,rtl,allocator_lane_action,778986,2,0,1,0,163856,0,79,0,0,1,0,,,,,,,,,,,,,,,,,,,,,,,,,,,,,,,,,,,,,,,,,,
1620634000,3,rtl,allocator_lane_action,778987,2,0,1,0,163856,0,79,0,0,1,0,,,,,,,,,,,,,,,,,,,,,,,,,,,,,,,,,,,,,,,,,,
1620646000,3,rtl,credit_return,778997,,,,,,,,,,,,,,,,,,,,,,,,,,,,,,4,,,,mover_done,1,,,,,,,,,,,,,,,,,,
1620650000,3,rtl,credit_return,779000,,,,,,,,,,,,,,,,,,,,,,,,,,,,,,4,,,,credit_return,1,,,,,,,,,,,,,,,,,,
1620678000,,rtl,allocator_decision,779007,,,,,,,,,,,,idle_to_fetch,163872,15,15,15,15,0,0,0,0,0,,,,,,,,,,,,,,,,,,,,,,,,,,,,,,,
1620724000,,tlm,allocator_fetch,,,,,,,,,,,,,,163840,,,,,,,,,,405181,79,79,,,,,,,,,,,0,15,,,,,,,,,,,,,,,,
1620724000,0,tlm,allocator_lane_action,,empty,,,,,,,,,,,,163840,,,,,,,,,,405181,79,79,,163840,,,0,,,,,,,,,,,,,,,,,,,,,,,
1620724000,0,tlm,ticket_pop,,,,,,,,,,,,,,,,,,,,,,,,405181,79,79,,163840,,,0,,,,body,,,,1516,1517,,,,,,,,,,,,,,
1620724000,1,tlm,ticket_pop,,,,,,,,,,,,,,,,,,,,,,,,405181,79,79,,163840,,,0,,,,body,,,,1516,1517,,,,,,,,,,,,,,
1620724000,2,tlm,ticket_pop,,,,,,,,,,,,,,,,,,,,,,,,405181,79,79,,163840,,,4,,,,body,,,,1516,1517,,,,,,,,,,,,,,
1620724000,3,tlm,ticket_pop,,,,,,,,,,,,,,,,,,,,,,,,405181,79,79,,163840,,,4,,,,body,,,,1516,1517,,,,,,,,,,,,,,
1620732000,1,tlm,allocator_lane_action,,empty,,,,,,,,,,,,163840,,,,,,,,,,405183,79,79,,163840,,,0,,,,,,,,,,,,,,,,,,,,,,,
1620738000,0,rtl,allocator_lane_action,779028,2,0,1,0,163872,0,79,0,0,1,0,,,,,,,,,,,,,,,,,,,,,,,,,,,,,,,,,,,,,,,,,,
1620738000,1,rtl,allocator_lane_action,779029,2,0,1,0,163872,0,79,0,0,1,0,,,,,,,,,,,,,,,,,,,,,,,,,,,,,,,,,,,,,,,,,,
1620738000,2,rtl,allocator_lane_action,779030,2,0,1,0,163872,0,79,0,0,1,0,,,,,,,,,,,,,,,,,,,,,,,,,,,,,,,,,,,,,,,,,,
1620738000,3,rtl,allocator_lane_action,779031,2,0,1,0,163872,0,79,0,0,1,0,,,,,,,,,,,,,,,,,,,,,,,,,,,,,,,,,,,,,,,,,,
1620740000,2,tlm,handle_accept,,,,,,,,,,,,,,163840,,,,,,,,,,405185,79,79,,163840,,,4,,,10,,,,,,,1,,,,,,,,,,,,,
1620748000,3,tlm,handle_accept,,,,,,,,,,,,,,163840,,,,,,,,,,405187,79,79,,163840,,,4,,,14,,,,,,,1,,,,,,,,,,,,,
1620760000,2,tlm,credit_return,,,,,,,,,,,,,,,,,,,,,,,,405190,79,79,,163840,,,4,,,,,,,,,,0,71,75,,,,,,,,,,,
1620776000,3,tlm,credit_return,,,,,,,,,,,,,,,,,,,,,,,,405194,79,79,,163840,,,4,,,,,,,,,,0,195,199,,,,,,,,,,,
1620782000,,rtl,allocator_decision,779043,,,,,,,,,,,,idle_to_fetch,163888,15,15,15,15,0,0,0,0,0,,,,,,,,,,,,,,,,,,,,,,,,,,,,,,,
1620832000,,tlm,allocator_fetch,,,,,,,,,,,,,,163856,,,,,,,,,,405208,79,79,,,,,,,,,,,1,15,,,,,,,,,,,,,,,,
1620832000,0,tlm,allocator_lane_action,,empty,,,,,,,,,,,,163856,,,,,,,,,,405208,79,79,,163856,,,0,,,,,,,,,,,,,,,,,,,,,,,
1620832000,0,tlm,ticket_pop,,,,,,,,,,,,,,,,,,,,,,,,405208,79,79,,163856,,,0,,,,body,,,,1517,1518,,,,,,,,,,,,,,
1620832000,1,tlm,ticket_pop,,,,,,,,,,,,,,,,,,,,,,,,405208,79,79,,163856,,,0,,,,body,,,,1517,1518,,,,,,,,,,,,,,
1620832000,2,tlm,ticket_pop,,,,,,,,,,,,,,,,,,,,,,,,405208,79,79,,163856,,,0,,,,body,,,,1517,1518,,,,,,,,,,,,,,
1620832000,3,tlm,ticket_pop,,,,,,,,,,,,,,,,,,,,,,,,405208,79,79,,163856,,,0,,,,body,,,,1517,1518,,,,,,,,,,,,,,
1620840000,1,tlm,allocator_lane_action,,empty,,,,,,,,,,,,163856,,,,,,,,,,405210,79,79,,163856,,,0,,,,,,,,,,,,,,,,,,,,,,,
1620842000,0,rtl,allocator_lane_action,779064,2,0,1,0,163888,0,79,0,0,1,0,,,,,,,,,,,,,,,,,,,,,,,,,,,,,,,,,,,,,,,,,,
1620842000,1,rtl,allocator_lane_action,779065,2,0,1,0,163888,0,79,0,0,1,0,,,,,,,,,,,,,,,,,,,,,,,,,,,,,,,,,,,,,,,,,,
1620842000,2,rtl,allocator_lane_action,779066,2,0,1,0,163888,0,79,0,0,1,0,,,,,,,,,,,,,,,,,,,,,,,,,,,,,,,,,,,,,,,,,,
1620842000,3,rtl,allocator_lane_action,779067,2,0,1,0,163888,0,79,0,0,1,0,,,,,,,,,,,,,,,,,,,,,,,,,,,,,,,,,,,,,,,,,,
1620848000,2,tlm,allocator_lane_action,,empty,,,,,,,,,,,,163856,,,,,,,,,,405212,79,79,,163856,,,0,,,,,,,,,,,,,,,,,,,,,,,
1620856000,3,tlm,allocator_lane_action,,empty,,,,,,,,,,,,163856,,,,,,,,,,405214,79,79,,163856,,,0,,,,,,,,,,,,,,,,,,,,,,,
1620886000,,rtl,allocator_decision,779079,,,,,,,,,,,,idle_to_fetch,163904,15,15,15,15,0,0,0,0,0,,,,,,,,,,,,,,,,,,,,,,,,,,,,,,,
1620936000,,tlm,allocator_fetch,,,,,,,,,,,,,,163872,,,,,,,,,,405234,79,79,,,,,,,,,,,2,15,,,,,,,,,,,,,,,,
1620936000,0,tlm,allocator_lane_action,,empty,,,,,,,,,,,,163872,,,,,,,,,,405234,79,79,,163872,,,0,,,,,,,,,,,,,,,,,,,,,,,
1620936000,0,tlm,ticket_pop,,,,,,,,,,,,,,,,,,,,,,,,405234,79,79,,163872,,,0,,,,body,,,,1518,1519,,,,,,,,,,,,,,
1620936000,1,tlm,ticket_pop,,,,,,,,,,,,,,,,,,,,,,,,405234,79,79,,163872,,,0,,,,body,,,,1518,1519,,,,,,,,,,,,,,
1620936000,2,tlm,ticket_pop,,,,,,,,,,,,,,,,,,,,,,,,405234,79,79,,163872,,,0,,,,body,,,,1518,1519,,,,,,,,,,,,,,
1620936000,3,tlm,ticket_pop,,,,,,,,,,,,,,,,,,,,,,,,405234,79,79,,163872,,,0,,,,body,,,,1518,1519,,,,,,,,,,,,,,
1620944000,1,tlm,allocator_lane_action,,empty,,,,,,,,,,,,163872,,,,,,,,,,405236,79,79,,163872,,,0,,,,,,,,,,,,,,,,,,,,,,,
1620946000,0,rtl,allocator_lane_action,779100,2,0,1,0,163904,0,79,0,0,1,0,,,,,,,,,,,,,,,,,,,,,,,,,,,,,,,,,,,,,,,,,,
1620946000,1,rtl,allocator_lane_action,779101,2,0,1,0,163904,0,79,0,0,1,0,,,,,,,,,,,,,,,,,,,,,,,,,,,,,,,,,,,,,,,,,,
1620946000,2,rtl,allocator_lane_action,779102,2,0,1,0,163904,0,79,0,0,1,0,,,,,,,,,,,,,,,,,,,,,,,,,,,,,,,,,,,,,,,,,,
1620946000,3,rtl,allocator_lane_action,779103,2,0,1,0,163904,0,79,0,0,1,0,,,,,,,,,,,,,,,,,,,,,,,,,,,,,,,,,,,,,,,,,,
1620952000,2,tlm,allocator_lane_action,,empty,,,,,,,,,,,,163872,,,,,,,,,,405238,79,79,,163872,,,0,,,,,,,,,,,,,,,,,,,,,,,
1620960000,3,tlm,allocator_lane_action,,empty,,,,,,,,,,,,163872,,,,,,,,,,405240,79,79,,163872,,,0,,,,,,,,,,,,,,,,,,,,,,,
1620990000,,rtl,allocator_decision,779115,,,,,,,,,,,,idle_to_fetch,163920,15,15,15,15,0,0,0,0,0,,,,,,,,,,,,,,,,,,,,,,,,,,,,,,,
1621040000,,tlm,allocator_fetch,,,,,,,,,,,,,,163888,,,,,,,,,,405260,79,79,,,,,,,,,,,3,15,,,,,,,,,,,,,,,,
1621040000,0,tlm,allocator_lane_action,,empty,,,,,,,,,,,,163888,,,,,,,,,,405260,79,79,,163888,,,0,,,,,,,,,,,,,,,,,,,,,,,
1621040000,0,tlm,ticket_pop,,,,,,,,,,,,,,,,,,,,,,,,405260,79,79,,163888,,,0,,,,body,,,,1519,1520,,,,,,,,,,,,,,
1621040000,1,tlm,ticket_pop,,,,,,,,,,,,,,,,,,,,,,,,405260,79,79,,163888,,,0,,,,body,,,,1519,1520,,,,,,,,,,,,,,
1621040000,2,tlm,ticket_pop,,,,,,,,,,,,,,,,,,,,,,,,405260,79,79,,163888,,,0,,,,body,,,,1519,1520,,,,,,,,,,,,,,
1621040000,3,tlm,ticket_pop,,,,,,,,,,,,,,,,,,,,,,,,405260,79,79,,163888,,,0,,,,body,,,,1519,1520,,,,,,,,,,,,,,
1621048000,1,tlm,allocator_lane_action,,empty,,,,,,,,,,,,163888,,,,,,,,,,405262,79,79,,163888,,,0,,,,,,,,,,,,,,,,,,,,,,,
1621050000,0,rtl,allocator_lane_action,779136,2,0,1,0,163920,0,79,0,0,1,0,,,,,,,,,,,,,,,,,,,,,,,,,,,,,,,,,,,,,,,,,,
1621050000,1,rtl,allocator_lane_action,779137,2,0,1,0,163920,0,79,0,0,1,0,,,,,,,,,,,,,,,,,,,,,,,,,,,,,,,,,,,,,,,,,,
1621050000,2,rtl,allocator_lane_action,779138,2,0,1,0,163920,0,79,0,0,1,0,,,,,,,,,,,,,,,,,,,,,,,,,,,,,,,,,,,,,,,,,,
1621050000,3,rtl,allocator_lane_action,779139,2,0,1,0,163920,1,79,0,0,1,0,,,,,,,,,,,,,,,,,,,,,,,,,,,,,,,,,,,,,,,,,,
1621056000,2,tlm,allocator_lane_action,,empty,,,,,,,,,,,,163888,,,,,,,,,,405264,79,79,,163888,,,0,,,,,,,,,,,,,,,,,,,,,,,
1621064000,3,tlm,allocator_lane_action,,empty,,,,,,,,,,,,163888,,,,,,,,,,405266,79,79,,163888,,,0,,,,,,,,,,,,,,,,,,,,,,,
1621086000,3,rtl,handle_accept,779149,,,,,,,,,,,,,,,,,,,,,,,,,,,163920,1529,37047,1,2,2006,0,,,,,,,,,,,,,,,,,,,,
1621098000,,rtl,allocator_decision,779154,,,,,,,,,,,,idle_to_fetch,163936,15,15,15,15,0,0,0,0,0,,,,,,,,,,,,,,,,,,,,,,,,,,,,,,,
1621134000,3,rtl,credit_return,779173,,,,,,,,,,,,,,,,,,,,,,,,,,,,,,1,,,,mover_done,2,,,,,,,,,,,,,,,,,,
1621138000,3,rtl,credit_return,779176,,,,,,,,,,,,,,,,,,,,,,,,,,,,,,1,,,,credit_return,2,,,,,,,,,,,,,,,,,,
1621144000,,tlm,allocator_fetch,,,,,,,,,,,,,,163904,,,,,,,,,,405286,79,79,,,,,,,,,,,4,15,,,,,,,,,,,,,,,,
1621144000,0,tlm,allocator_lane_action,,empty,,,,,,,,,,,,163904,,,,,,,,,,405286,79,79,,163904,,,0,,,,,,,,,,,,,,,,,,,,,,,
1621144000,0,tlm,ticket_pop,,,,,,,,,,,,,,,,,,,,,,,,405286,79,79,,163904,,,0,,,,body,,,,1520,1521,,,,,,,,,,,,,,
1621144000,1,tlm,ticket_pop,,,,,,,,,,,,,,,,,,,,,,,,405286,79,79,,163904,,,0,,,,body,,,,1520,1521,,,,,,,,,,,,,,
1621144000,2,tlm,ticket_pop,,,,,,,,,,,,,,,,,,,,,,,,405286,79,79,,163904,,,0,,,,body,,,,1520,1521,,,,,,,,,,,,,,
1621144000,3,tlm,ticket_pop,,,,,,,,,,,,,,,,,,,,,,,,405286,79,79,,163904,,,0,,,,body,,,,1520,1521,,,,,,,,,,,,,,
1621152000,1,tlm,allocator_lane_action,,empty,,,,,,,,,,,,163904,,,,,,,,,,405288,79,79,,163904,,,0,,,,,,,,,,,,,,,,,,,,,,,
1621158000,0,rtl,allocator_lane_action,779182,2,0,1,0,163936,0,79,0,0,1,0,,,,,,,,,,,,,,,,,,,,,,,,,,,,,,,,,,,,,,,,,,
1621158000,1,rtl,allocator_lane_action,779183,2,0,1,0,163936,1,79,0,0,1,0,,,,,,,,,,,,,,,,,,,,,,,,,,,,,,,,,,,,,,,,,,
1621158000,2,rtl,allocator_lane_action,779184,2,0,1,0,163936,0,79,0,0,1,0,,,,,,,,,,,,,,,,,,,,,,,,,,,,,,,,,,,,,,,,,,
1621158000,3,rtl,allocator_lane_action,779185,2,0,1,0,163936,0,79,0,0,1,0,,,,,,,,,,,,,,,,,,,,,,,,,,,,,,,,,,,,,,,,,,
1621160000,2,tlm,allocator_lane_action,,empty,,,,,,,,,,,,163904,,,,,,,,,,405290,79,79,,163904,,,0,,,,,,,,,,,,,,,,,,,,,,,
1621168000,3,tlm,allocator_lane_action,,empty,,,,,,,,,,,,163904,,,,,,,,,,405292,79,79,,163904,,,0,,,,,,,,,,,,,,,,,,,,,,,
1621178000,1,rtl,handle_accept,779191,,,,,,,,,,,,,,,,,,,,,,,,,,,163936,1525,37049,1,25,2007,0,,,,,,,,,,,,,,,,,,,,
1621206000,,rtl,allocator_decision,779202,,,,,,,,,,,,idle_to_fetch,163952,15,15,15,15,0,0,0,0,0,,,,,,,,,,,,,,,,,,,,,,,,,,,,,,,
1621230000,1,rtl,credit_return,779216,,,,,,,,,,,,,,,,,,,,,,,,,,,,,,1,,,,mover_done,25,,,,,,,,,,,,,,,,,,
1621234000,1,rtl,credit_return,779219,,,,,,,,,,,,,,,,,,,,,,,,,,,,,,1,,,,credit_return,25,,,,,,,,,,,,,,,,,,
1621248000,,tlm,allocator_fetch,,,,,,,,,,,,,,163920,,,,,,,,,,405312,79,79,,,,,,,,,,,5,15,,,,,,,,,,,,,,,,
1621248000,0,tlm,allocator_lane_action,,empty,,,,,,,,,,,,163920,,,,,,,,,,405312,79,79,,163920,,,0,,,,,,,,,,,,,,,,,,,,,,,
1621248000,0,tlm,ticket_pop,,,,,,,,,,,,,,,,,,,,,,,,405312,79,79,,163920,,,0,,,,body,,,,1521,1522,,,,,,,,,,,,,,
1621248000,1,tlm,ticket_pop,,,,,,,,,,,,,,,,,,,,,,,,405312,79,79,,163920,,,0,,,,body,,,,1521,1522,,,,,,,,,,,,,,
1621248000,2,tlm,ticket_pop,,,,,,,,,,,,,,,,,,,,,,,,405312,79,79,,163920,,,0,,,,body,,,,1521,1522,,,,,,,,,,,,,,
1621248000,3,tlm,ticket_pop,,,,,,,,,,,,,,,,,,,,,,,,405312,79,79,,163920,,,1,,,,body,,,,1521,1522,,,,,,,,,,,,,,
1621256000,1,tlm,allocator_lane_action,,empty,,,,,,,,,,,,163920,,,,,,,,,,405314,79,79,,163920,,,0,,,,,,,,,,,,,,,,,,,,,,,
1621264000,2,tlm,allocator_lane_action,,empty,,,,,,,,,,,,163920,,,,,,,,,,405316,79,79,,163920,,,0,,,,,,,,,,,,,,,,,,,,,,,
1621266000,0,rtl,allocator_lane_action,779228,2,0,1,0,163952,0,79,0,0,1,0,,,,,,,,,,,,,,,,,,,,,,,,,,,,,,,,,,,,,,,,,,
1621266000,1,rtl,allocator_lane_action,779229,2,0,1,0,163952,0,79,0,0,1,0,,,,,,,,,,,,,,,,,,,,,,,,,,,,,,,,,,,,,,,,,,
1621266000,2,rtl,allocator_lane_action,779230,2,0,1,0,163952,1,79,0,0,1,0,,,,,,,,,,,,,,,,,,,,,,,,,,,,,,,,,,,,,,,,,,
1621266000,3,rtl,allocator_lane_action,779231,2,0,1,0,163952,0,79,0,0,1,0,,,,,,,,,,,,,,,,,,,,,,,,,,,,,,,,,,,,,,,,,,
1621272000,3,tlm,handle_accept,,,,,,,,,,,,,,163920,,,,,,,,,,405318,79,79,,163920,,,1,,,16,,,,,,,1,,,,,,,,,,,,,
1621280000,3,tlm,credit_return,,,,,,,,,,,,,,,,,,,,,,,,405320,79,79,,163920,,,1,,,,,,,,,,0,199,200,,,,,,,,,,,
1621294000,2,rtl,handle_accept,779239,,,,,,,,,,,,,,,,,,,,,,,,,,,163952,1509,37051,1,8,2008,0,,,,,,,,,,,,,,,,,,,,
1621314000,,rtl,allocator_decision,779247,,,,,,,,,,,,idle_to_fetch,163968,15,15,15,15,0,0,0,0,0,,,,,,,,,,,,,,,,,,,,,,,,,,,,,,,
1621342000,2,rtl,credit_return,779263,,,,,,,,,,,,,,,,,,,,,,,,,,,,,,1,,,,mover_done,8,,,,,,,,,,,,,,,,,,
1621346000,2,rtl,credit_return,779266,,,,,,,,,,,,,,,,,,,,,,,,,,,,,,1,,,,credit_return,8,,,,,,,,,,,,,,,,,,
1621356000,,tlm,allocator_fetch,,,,,,,,,,,,,,163936,,,,,,,,,,405339,79,79,,,,,,,,,,,6,15,,,,,,,,,,,,,,,,
1621356000,0,tlm,allocator_lane_action,,empty,,,,,,,,,,,,163936,,,,,,,,,,405339,79,79,,163936,,,0,,,,,,,,,,,,,,,,,,,,,,,
1621356000,0,tlm,ticket_pop,,,,,,,,,,,,,,,,,,,,,,,,405339,79,79,,163936,,,0,,,,body,,,,1522,1523,,,,,,,,,,,,,,
1621356000,1,tlm,ticket_pop,,,,,,,,,,,,,,,,,,,,,,,,405339,79,79,,163936,,,1,,,,body,,,,1522,1523,,,,,,,,,,,,,,
1621356000,2,tlm,ticket_pop,,,,,,,,,,,,,,,,,,,,,,,,405339,79,79,,163936,,,0,,,,body,,,,1522,1523,,,,,,,,,,,,,,
1621356000,3,tlm,ticket_pop,,,,,,,,,,,,,,,,,,,,,,,,405339,79,79,,163936,,,0,,,,body,,,,1522,1523,,,,,,,,,,,,,,
1621364000,1,tlm,handle_accept,,,,,,,,,,,,,,163936,,,,,,,,,,405341,79,79,,163936,,,1,,,18,,,,,,,1,,,,,,,,,,,,,
1621372000,2,tlm,allocator_lane_action,,empty,,,,,,,,,,,,163936,,,,,,,,,,405343,79,79,,163936,,,0,,,,,,,,,,,,,,,,,,,,,,,
1621372000,1,tlm,credit_return,,,,,,,,,,,,,,,,,,,,,,,,405343,79,79,,163936,,,1,,,,,,,,,,0,188,189,,,,,,,,,,,
1621374000,0,rtl,allocator_lane_action,779274,2,0,1,0,163968,0,79,0,0,1,0,,,,,,,,,,,,,,,,,,,,,,,,,,,,,,,,,,,,,,,,,,
1621374000,1,rtl,allocator_lane_action,779275,2,0,1,0,163968,0,79,0,0,1,0,,,,,,,,,,,,,,,,,,,,,,,,,,,,,,,,,,,,,,,,,,
1621374000,2,rtl,allocator_lane_action,779276,2,0,1,0,163968,4,79,0,0,1,0,,,,,,,,,,,,,,,,,,,,,,,,,,,,,,,,,,,,,,,,,,
1621374000,3,rtl,allocator_lane_action,779277,2,0,1,0,163968,0,79,0,0,1,0,,,,,,,,,,,,,,,,,,,,,,,,,,,,,,,,,,,,,,,,,,
1621380000,3,tlm,allocator_lane_action,,empty,,,,,,,,,,,,163936,,,,,,,,,,405345,79,79,,163936,,,0,,,,,,,,,,,,,,,,,,,,,,,
1621402000,2,rtl,handle_accept,779285,,,,,,,,,,,,,,,,,,,,,,,,,,,163968,1510,37053,4,9,2009,0,,,,,,,,,,,,,,,,,,,,
1621422000,,rtl,allocator_decision,779293,,,,,,,,,,,,idle_to_fetch,163984,15,15,15,15,0,0,0,0,0,,,,,,,,,,,,,,,,,,,,,,,,,,,,,,,
1621462000,2,rtl,credit_return,779318,,,,,,,,,,,,,,,,,,,,,,,,,,,,,,4,,,,mover_done,9,,,,,,,,,,,,,,,,,,
1621464000,,tlm,allocator_fetch,,,,,,,,,,,,,,163952,,,,,,,,,,405366,79,79,,,,,,,,,,,7,15,,,,,,,,,,,,,,,,
1621464000,0,tlm,allocator_lane_action,,empty,,,,,,,,,,,,163952,,,,,,,,,,405366,79,79,,163952,,,0,,,,,,,,,,,,,,,,,,,,,,,
1621464000,0,tlm,ticket_pop,,,,,,,,,,,,,,,,,,,,,,,,405366,79,79,,163952,,,0,,,,body,,,,1523,1524,,,,,,,,,,,,,,
1621464000,1,tlm,ticket_pop,,,,,,,,,,,,,,,,,,,,,,,,405366,79,79,,163952,,,0,,,,body,,,,1523,1524,,,,,,,,,,,,,,
1621464000,2,tlm,ticket_pop,,,,,,,,,,,,,,,,,,,,,,,,405366,79,79,,163952,,,1,,,,body,,,,1523,1524,,,,,,,,,,,,,,
1621464000,3,tlm,ticket_pop,,,,,,,,,,,,,,,,,,,,,,,,405366,79,79,,163952,,,0,,,,body,,,,1523,1524,,,,,,,,,,,,,,
1621466000,2,rtl,credit_return,779321,,,,,,,,,,,,,,,,,,,,,,,,,,,,,,4,,,,credit_return,9,,,,,,,,,,,,,,,,,,
1621472000,1,tlm,allocator_lane_action,,empty,,,,,,,,,,,,163952,,,,,,,,,,405368,79,79,,163952,,,0,,,,,,,,,,,,,,,,,,,,,,,
1621480000,2,tlm,handle_accept,,,,,,,,,,,,,,163952,,,,,,,,,,405370,79,79,,163952,,,1,,,20,,,,,,,1,,,,,,,,,,,,,
1621482000,0,rtl,allocator_lane_action,779326,2,0,1,0,163984,4,79,0,0,1,0,,,,,,,,,,,,,,,,,,,,,,,,,,,,,,,,,,,,,,,,,,
1621482000,1,rtl,allocator_lane_action,779327,2,0,1,0,163984,4,79,0,0,1,0,,,,,,,,,,,,,,,,,,,,,,,,,,,,,,,,,,,,,,,,,,
1621482000,2,rtl,allocator_lane_action,779328,2,0,1,0,163984,0,79,0,0,1,0,,,,,,,,,,,,,,,,,,,,,,,,,,,,,,,,,,,,,,,,,,
1621482000,3,rtl,allocator_lane_action,779329,2,0,1,0,163984,0,79,0,0,1,0,,,,,,,,,,,,,,,,,,,,,,,,,,,,,,,,,,,,,,,,,,
1621488000,3,tlm,allocator_lane_action,,empty,,,,,,,,,,,,163952,,,,,,,,,,405372,79,79,,163952,,,0,,,,,,,,,,,,,,,,,,,,,,,
1621488000,2,tlm,credit_return,,,,,,,,,,,,,,,,,,,,,,,,405372,79,79,,163952,,,1,,,,,,,,,,0,75,76,,,,,,,,,,,
1621494000,0,rtl,handle_accept,779333,,,,,,,,,,,,,,,,,,,,,,,,,,,163984,1253,37058,4,29,2010,0,,,,,,,,,,,,,,,,,,,,
1621502000,1,rtl,handle_accept,779337,,,,,,,,,,,,,,,,,,,,,,,,,,,163984,1526,37062,4,26,2010,4,,,,,,,,,,,,,,,,,,,,
1621530000,,rtl,allocator_decision,779350,,,,,,,,,,,,idle_to_fetch,164000,15,15,15,15,0,0,0,0,0,,,,,,,,,,,,,,,,,,,,,,,,,,,,,,,
1621554000,0,rtl,credit_return,779370,,,,,,,,,,,,,,,,,,,,,,,,,,,,,,4,,,,mover_done,29,,,,,,,,,,,,,,,,,,
1621558000,0,rtl,credit_return,779373,,,,,,,,,,,,,,,,,,,,,,,,,,,,,,4,,,,credit_return,29,,,,,,,,,,,,,,,,,,
1621572000,,tlm,allocator_fetch,,,,,,,,,,,,,,163968,,,,,,,,,,405393,79,79,,,,,,,,,,,8,15,,,,,,,,,,,,,,,,
1621572000,0,tlm,allocator_lane_action,,empty,,,,,,,,,,,,163968,,,,,,,,,,405393,79,79,,163968,,,0,,,,,,,,,,,,,,,,,,,,,,,
1621572000,0,tlm,ticket_pop,,,,,,,,,,,,,,,,,,,,,,,,405393,79,79,,163968,,,0,,,,body,,,,1524,1525,,,,,,,,,,,,,,
1621572000,1,tlm,ticket_pop,,,,,,,,,,,,,,,,,,,,,,,,405393,79,79,,163968,,,0,,,,body,,,,1524,1525,,,,,,,,,,,,,,
1621572000,2,tlm,ticket_pop,,,,,,,,,,,,,,,,,,,,,,,,405393,79,79,,163968,,,4,,,,body,,,,1524,1525,,,,,,,,,,,,,,
1621572000,3,tlm,ticket_pop,,,,,,,,,,,,,,,,,,,,,,,,405393,79,79,,163968,,,0,,,,body,,,,1524,1525,,,,,,,,,,,,,,
1621580000,1,tlm,allocator_lane_action,,empty,,,,,,,,,,,,163968,,,,,,,,,,405395,79,79,,163968,,,0,,,,,,,,,,,,,,,,,,,,,,,
1621588000,2,tlm,handle_accept,,,,,,,,,,,,,,163968,,,,,,,,,,405397,79,79,,163968,,,4,,,25,,,,,,,1,,,,,,,,,,,,,
1621590000,0,rtl,allocator_lane_action,779389,2,0,1,0,164000,0,79,0,0,1,0,,,,,,,,,,,,,,,,,,,,,,,,,,,,,,,,,,,,,,,,,,
1621590000,1,rtl,allocator_lane_action,779390,2,0,1,0,164000,8,79,0,0,1,0,,,,,,,,,,,,,,,,,,,,,,,,,,,,,,,,,,,,,,,,,,
1621590000,2,rtl,allocator_lane_action,779391,2,0,1,0,164000,0,79,0,0,1,0,,,,,,,,,,,,,,,,,,,,,,,,,,,,,,,,,,,,,,,,,,
1621590000,3,rtl,allocator_lane_action,779392,2,0,1,0,164000,0,79,0,0,1,0,,,,,,,,,,,,,,,,,,,,,,,,,,,,,,,,,,,,,,,,,,
1621594000,1,rtl,credit_return,779396,,,,,,,,,,,,,,,,,,,,,,,,,,,,,,4,,,,mover_done,26,,,,,,,,,,,,,,,,,,
1621596000,3,tlm,allocator_lane_action,,empty,,,,,,,,,,,,163968,,,,,,,,,,405399,79,79,,163968,,,0,,,,,,,,,,,,,,,,,,,,,,,
1621598000,1,rtl,credit_return,779399,,,,,,,,,,,,,,,,,,,,,,,,,,,,,,4,,,,credit_return,26,,,,,,,,,,,,,,,,,,
1621608000,2,tlm,credit_return,,,,,,,,,,,,,,,,,,,,,,,,405402,79,79,,163968,,,4,,,,,,,,,,0,76,80,,,,,,,,,,,
1621610000,1,rtl,handle_accept,779402,,,,,,,,,,,,,,,,,,,,,,,,,,,164000,1530,37067,8,27,2011,0,,,,,,,,,,,,,,,,,,,,
1621638000,,rtl,allocator_decision,779413,,,,,,,,,,,,idle_to_fetch,164016,15,15,15,15,0,0,0,0,0,,,,,,,,,,,,,,,,,,,,,,,,,,,,,,,
1621680000,,tlm,allocator_fetch,,,,,,,,,,,,,,163984,,,,,,,,,,405420,79,79,,,,,,,,,,,9,15,,,,,,,,,,,,,,,,
1621680000,0,tlm,handle_accept,,,,,,,,,,,,,,163984,,,,,,,,,,405420,79,79,,163984,,,4,,,30,,,,,,,1,,,,,,,,,,,,,
1621680000,0,tlm,ticket_pop,,,,,,,,,,,,,,,,,,,,,,,,405420,79,79,,163984,,,4,,,,body,,,,1525,1526,,,,,,,,,,,,,,
1621680000,1,tlm,ticket_pop,,,,,,,,,,,,,,,,,,,,,,,,405420,79,79,,163984,,,4,,,,body,,,,1525,1526,,,,,,,,,,,,,,
1621680000,2,tlm,ticket_pop,,,,,,,,,,,,,,,,,,,,,,,,405420,79,79,,163984,,,0,,,,body,,,,1525,1526,,,,,,,,,,,,,,
1621680000,3,tlm,ticket_pop,,,,,,,,,,,,,,,,,,,,,,,,405420,79,79,,163984,,,0,,,,body,,,,1525,1526,,,,,,,,,,,,,,
1621688000,1,tlm,handle_accept,,,,,,,,,,,,,,163984,,,,,,,,,,405422,79,79,,163984,,,4,,,34,,,,,,,1,,,,,,,,,,,,,
1621690000,1,rtl,credit_return,779448,,,,,,,,,,,,,,,,,,,,,,,,,,,,,,8,,,,mover_done,27,,,,,,,,,,,,,,,,,,
1621694000,1,rtl,credit_return,779451,,,,,,,,,,,,,,,,,,,,,,,,,,,,,,8,,,,credit_return,27,,,,,,,,,,,,,,,,,,
1621696000,2,tlm,allocator_lane_action,,empty,,,,,,,,,,,,163984,,,,,,,,,,405424,79,79,,163984,,,0,,,,,,,,,,,,,,,,,,,,,,,
1621698000,0,rtl,allocator_lane_action,779453,2,0,1,0,164016,4,79,0,0,1,0,,,,,,,,,,,,,,,,,,,,,,,,,,,,,,,,,,,,,,,,,,
1621698000,1,rtl,allocator_lane_action,779454,2,0,1,0,164016,4,79,0,0,1,0,,,,,,,,,,,,,,,,,,,,,,,,,,,,,,,,,,,,,,,,,,
1621698000,2,rtl,allocator_lane_action,779455,2,0,1,0,164016,0,79,0,0,1,0,,,,,,,,,,,,,,,,,,,,,,,,,,,,,,,,,,,,,,,,,,
1621698000,3,rtl,allocator_lane_action,779456,2,0,1,0,164016,0,79,0,0,1,0,,,,,,,,,,,,,,,,,,,,,,,,,,,,,,,,,,,,,,,,,,
1621700000,0,tlm,credit_return,,,,,,,,,,,,,,,,,,,,,,,,405425,79,79,,163984,,,4,,,,,,,,,,0,18,22,,,,,,,,,,,
1621704000,3,tlm,allocator_lane_action,,empty,,,,,,,,,,,,163984,,,,,,,,,,405426,79,79,,163984,,,0,,,,,,,,,,,,,,,,,,,,,,,
1621710000,0,rtl,handle_accept,779460,,,,,,,,,,,,,,,,,,,,,,,,,,,164016,1257,37076,4,42,2012,0,,,,,,,,,,,,,,,,,,,,
1621718000,1,rtl,handle_accept,779464,,,,,,,,,,,,,,,,,,,,,,,,,,,164016,602,37080,4,28,2012,4,,,,,,,,,,,,,,,,,,,,
1621724000,1,tlm,credit_return,,,,,,,,,,,,,,,,,,,,,,,,405431,79,79,,163984,,,4,,,,,,,,,,0,189,193,,,,,,,,,,,
1621746000,,rtl,allocator_decision,779477,,,,,,,,,,,,idle_to_fetch,164032,15,15,15,15,0,0,0,0,0,,,,,,,,,,,,,,,,,,,,,,,,,,,,,,,
1621770000,0,rtl,credit_return,779497,,,,,,,,,,,,,,,,,,,,,,,,,,,,,,4,,,,mover_done,42,,,,,,,,,,,,,,,,,,
1621774000,0,rtl,credit_return,779500,,,,,,,,,,,,,,,,,,,,,,,,,,,,,,4,,,,credit_return,42,,,,,,,,,,,,,,,,,,
1621788000,,tlm,allocator_fetch,,,,,,,,,,,,,,164000,,,,,,,,,,405447,79,79,,,,,,,,,,,10,15,,,,,,,,,,,,,,,,
1621788000,0,tlm,allocator_lane_action,,empty,,,,,,,,,,,,164000,,,,,,,,,,405447,79,79,,164000,,,0,,,,,,,,,,,,,,,,,,,,,,,
1621788000,0,tlm,ticket_pop,,,,,,,,,,,,,,,,,,,,,,,,405447,79,79,,164000,,,0,,,,body,,,,1526,1527,,,,,,,,,,,,,,
1621788000,1,tlm,ticket_pop,,,,,,,,,,,,,,,,,,,,,,,,405447,79,79,,164000,,,8,,,,body,,,,1526,1527,,,,,,,,,,,,,,
1621788000,2,tlm,ticket_pop,,,,,,,,,,,,,,,,,,,,,,,,405447,79,79,,164000,,,0,,,,body,,,,1526,1527,,,,,,,,,,,,,,
1621788000,3,tlm,ticket_pop,,,,,,,,,,,,,,,,,,,,,,,,405447,79,79,,164000,,,0,,,,body,,,,1526,1527,,,,,,,,,,,,,,
1621796000,1,tlm,handle_accept,,,,,,,,,,,,,,164000,,,,,,,,,,405449,79,79,,164000,,,8,,,43,,,,,,,1,,,,,,,,,,,,,
1621804000,2,tlm,allocator_lane_action,,empty,,,,,,,,,,,,164000,,,,,,,,,,405451,79,79,,164000,,,0,,,,,,,,,,,,,,,,,,,,,,,
1621806000,0,rtl,allocator_lane_action,779516,2,0,1,0,164032,0,79,0,0,1,0,,,,,,,,,,,,,,,,,,,,,,,,,,,,,,,,,,,,,,,,,,
1621806000,1,rtl,allocator_lane_action,779517,2,0,1,0,164032,0,79,0,0,1,0,,,,,,,,,,,,,,,,,,,,,,,,,,,,,,,,,,,,,,,,,,
1621806000,2,rtl,allocator_lane_action,779518,2,0,1,0,164032,0,79,0,0,1,0,,,,,,,,,,,,,,,,,,,,,,,,,,,,,,,,,,,,,,,,,,
1621806000,3,rtl,allocator_lane_action,779519,2,0,1,0,164032,0,79,0,0,1,0,,,,,,,,,,,,,,,,,,,,,,,,,,,,,,,,,,,,,,,,,,
1621810000,1,rtl,credit_return,779523,,,,,,,,,,,,,,,,,,,,,,,,,,,,,,4,,,,mover_done,28,,,,,,,,,,,,,,,,,,
1621812000,3,tlm,allocator_lane_action,,empty,,,,,,,,,,,,164000,,,,,,,,,,405453,79,79,,164000,,,0,,,,,,,,,,,,,,,,,,,,,,,
1621814000,1,rtl,credit_return,779526,,,,,,,,,,,,,,,,,,,,,,,,,,,,,,4,,,,credit_return,28,,,,,,,,,,,,,,,,,,
1621836000,1,tlm,credit_return,,,,,,,,,,,,,,,,,,,,,,,,405459,79,79,,164000,,,8,,,,,,,,,,0,193,201,,,,,,,,,,,
1621850000,,rtl,allocator_decision,779535,,,,,,,,,,,,idle_to_fetch,164048,15,15,15,15,0,0,0,0,0,,,,,,,,,,,,,,,,,,,,,,,,,,,,,,,
1621896000,,tlm,allocator_fetch,,,,,,,,,,,,,,164016,,,,,,,,,,405474,79,79,,,,,,,,,,,11,15,,,,,,,,,,,,,,,,
1621896000,0,tlm,handle_accept,,,,,,,,,,,,,,164016,,,,,,,,,,405474,79,79,,164016,,,4,,,48,,,,,,,1,,,,,,,,,,,,,
1621896000,0,tlm,ticket_pop,,,,,,,,,,,,,,,,,,,,,,,,405474,79,79,,164016,,,4,,,,body,,,,1527,1528,,,,,,,,,,,,,,
1621896000,1,tlm,ticket_pop,,,,,,,,,,,,,,,,,,,,,,,,405474,79,79,,164016,,,4,,,,body,,,,1527,1528,,,,,,,,,,,,,,
1621896000,2,tlm,ticket_pop,,,,,,,,,,,,,,,,,,,,,,,,405474,79,79,,164016,,,0,,,,body,,,,1527,1528,,,,,,,,,,,,,,
1621896000,3,tlm,ticket_pop,,,,,,,,,,,,,,,,,,,,,,,,405474,79,79,,164016,,,0,,,,body,,,,1527,1528,,,,,,,,,,,,,,
1621904000,1,tlm,handle_accept,,,,,,,,,,,,,,164016,,,,,,,,,,405476,79,79,,164016,,,4,,,52,,,,,,,1,,,,,,,,,,,,,
1621910000,0,rtl,allocator_lane_action,779556,2,0,1,0,164048,0,79,0,0,1,0,,,,,,,,,,,,,,,,,,,,,,,,,,,,,,,,,,,,,,,,,,
1621910000,1,rtl,allocator_lane_action,779557,2,0,1,0,164048,0,79,0,0,1,0,,,,,,,,,,,,,,,,,,,,,,,,,,,,,,,,,,,,,,,,,,
1621910000,2,rtl,allocator_lane_action,779558,2,0,1,0,164048,0,79,0,0,1,0,,,,,,,,,,,,,,,,,,,,,,,,,,,,,,,,,,,,,,,,,,
1621910000,3,rtl,allocator_lane_action,779559,2,0,1,0,164048,0,79,0,0,1,0,,,,,,,,,,,,,,,,,,,,,,,,,,,,,,,,,,,,,,,,,,
1621912000,2,tlm,allocator_lane_action,,empty,,,,,,,,,,,,164016,,,,,,,,,,405478,79,79,,164016,,,0,,,,,,,,,,,,,,,,,,,,,,,
1621916000,0,tlm,credit_return,,,,,,,,,,,,,,,,,,,,,,,,405479,79,79,,164016,,,4,,,,,,,,,,0,22,26,,,,,,,,,,,
1621920000,3,tlm,allocator_lane_action,,empty,,,,,,,,,,,,164016,,,,,,,,,,405480,79,79,,164016,,,0,,,,,,,,,,,,,,,,,,,,,,,
1621940000,1,tlm,credit_return,,,,,,,,,,,,,,,,,,,,,,,,405485,79,79,,164016,,,4,,,,,,,,,,0,201,205,,,,,,,,,,,
1621954000,,rtl,allocator_decision,779571,,,,,,,,,,,,idle_to_fetch,164064,15,15,15,15,0,0,0,0,0,,,,,,,,,,,,,,,,,,,,,,,,,,,,,,,
1622004000,,tlm,allocator_fetch,,,,,,,,,,,,,,164032,,,,,,,,,,405501,79,79,,,,,,,,,,,12,15,,,,,,,,,,,,,,,,
1622004000,0,tlm,allocator_lane_action,,empty,,,,,,,,,,,,164032,,,,,,,,,,405501,79,79,,164032,,,0,,,,,,,,,,,,,,,,,,,,,,,
1622004000,0,tlm,ticket_pop,,,,,,,,,,,,,,,,,,,,,,,,405501,79,79,,164032,,,0,,,,body,,,,1528,1529,,,,,,,,,,,,,,
1622004000,1,tlm,ticket_pop,,,,,,,,,,,,,,,,,,,,,,,,405501,79,79,,164032,,,0,,,,body,,,,1528,1529,,,,,,,,,,,,,,
1622004000,2,tlm,ticket_pop,,,,,,,,,,,,,,,,,,,,,,,,405501,79,79,,164032,,,0,,,,body,,,,1528,1529,,,,,,,,,,,,,,
1622004000,3,tlm,ticket_pop,,,,,,,,,,,,,,,,,,,,,,,,405501,79,79,,164032,,,0,,,,body,,,,1528,1529,,,,,,,,,,,,,,
1622012000,1,tlm,allocator_lane_action,,empty,,,,,,,,,,,,164032,,,,,,,,,,405503,79,79,,164032,,,0,,,,,,,,,,,,,,,,,,,,,,,
1622014000,0,rtl,allocator_lane_action,779592,2,0,1,0,164064,0,79,0,0,1,0,,,,,,,,,,,,,,,,,,,,,,,,,,,,,,,,,,,,,,,,,,
1622014000,1,rtl,allocator_lane_action,779593,2,0,1,0,164064,0,79,0,0,1,0,,,,,,,,,,,,,,,,,,,,,,,,,,,,,,,,,,,,,,,,,,
1622014000,2,rtl,allocator_lane_action,779594,2,0,1,0,164064,0,79,0,0,1,0,,,,,,,,,,,,,,,,,,,,,,,,,,,,,,,,,,,,,,,,,,
1622014000,3,rtl,allocator_lane_action,779595,2,0,1,0,164064,1,79,0,0,1,0,,,,,,,,,,,,,,,,,,,,,,,,,,,,,,,,,,,,,,,,,,
1622020000,2,tlm,allocator_lane_action,,empty,,,,,,,,,,,,164032,,,,,,,,,,405505,79,79,,164032,,,0,,,,,,,,,,,,,,,,,,,,,,,
1622028000,3,tlm,allocator_lane_action,,empty,,,,,,,,,,,,164032,,,,,,,,,,405507,79,79,,164032,,,0,,,,,,,,,,,,,,,,,,,,,,,
1622032000,0,tlm,ticket_enqueue,,,,,,,,,,,,,,,,,,,,,,,,405508,99,99,,202752,,,0,,,,sop,,,,1529,1528,,26,26,,,,,,,,,,,
1622032000,1,tlm,ticket_enqueue,,,,,,,,,,,,,,,,,,,,,,,,405508,99,99,,202752,,,0,,,,sop,,,,1529,1528,,205,205,,,,,,,,,,,
1622032000,2,tlm,ticket_enqueue,,,,,,,,,,,,,,,,,,,,,,,,405508,99,99,,202752,,,0,,,,sop,,,,1529,1528,,80,80,,,,,,,,,,,
1622032000,3,tlm,ticket_enqueue,,,,,,,,,,,,,,,,,,,,,,,,405508,99,99,,202752,,,0,,,,sop,,,,1529,1528,,200,200,,,,,,,,,,,
1622036000,0,tlm,ingress_preaccept,,,,,,,,,,,,,,,,,,,,,,,,405509,99,99,,204800,,,0,,,,,,,,1528,,,26,,25,,,,,,,,,,
1622036000,1,tlm,ingress_preaccept,,,,,,,,,,,,,,,,,,,,,,,,405509,99,99,,204800,,,8,,,,,,,,1528,,,205,,204,,,,,,,,,,
1622036000,2,tlm,ingress_preaccept,,,,,,,,,,,,,,,,,,,,,,,,405509,99,99,,204800,,,0,,,,,,,,1528,,,80,,79,,,,,,,,,,
1622036000,3,tlm,ingress_preaccept,,,,,,,,,,,,,,,,,,,,,,,,405509,99,99,,204800,,,0,,,,,,,,1528,,,200,,199,,,,,,,,,,
1622036000,0,tlm,ticket_enqueue,,,,,,,,,,,,,,,,,,,,,,,,405509,99,99,,204800,,,0,,,,body,,,,1528,1527,,26,26,,,,,,,,,,,
1622036000,2,tlm,ticket_enqueue,,,,,,,,,,,,,,,,,,,,,,,,405509,99,99,,204800,,,0,,,,body,,,,1528,1527,,80,80,,,,,,,,,,,
1622036000,3,tlm,ticket_enqueue,,,,,,,,,,,,,,,,,,,,,,,,405509,99,99,,204800,,,0,,,,body,,,,1528,1527,,200,200,,,,,,,,,,,
1622040000,0,tlm,ingress_preaccept,,,,,,,,,,,,,,,,,,,,,,,,405510,99,99,,204816,,,4,,,,,,,,1527,,,26,,25,,,,,,,,,,
1622040000,2,tlm,ingress_preaccept,,,,,,,,,,,,,,,,,,,,,,,,405510,99,99,,204816,,,0,,,,,,,,1527,,,80,,79,,,,,,,,,,
1622040000,3,tlm,ingress_preaccept,,,,,,,,,,,,,,,,,,,,,,,,405510,99,99,,204816,,,0,,,,,,,,1527,,,200,,199,,,,,,,,,,
1622040000,2,tlm,ticket_enqueue,,,,,,,,,,,,,,,,,,,,,,,,405510,99,99,,204816,,,0,,,,body,,,,1527,1526,,80,80,,,,,,,,,,,
1622040000,3,tlm,ticket_enqueue,,,,,,,,,,,,,,,,,,,,,,,,405510,99,99,,204816,,,0,,,,body,,,,1527,1526,,200,200,,,,,,,,,,,
1622044000,2,tlm,ingress_preaccept,,,,,,,,,,,,,,,,,,,,,,,,405511,99,99,,204832,,,0,,,,,,,,1526,,,80,,79,,,,,,,,,,
1622044000,3,tlm,ingress_preaccept,,,,,,,,,,,,,,,,,,,,,,,,405511,99,99,,204832,,,4,,,,,,,,1526,,,200,,199,,,,,,,,,,
1622044000,2,tlm,ticket_enqueue,,,,,,,,,,,,,,,,,,,,,,,,405511,99,99,,204832,,,0,,,,body,,,,1526,1525,,80,80,,,,,,,,,,,
1622048000,2,tlm,ingress_preaccept,,,,,,,,,,,,,,,,,,,,,,,,405512,99,99,,204848,,,0,,,,,,,,1525,,,80,,79,,,,,,,,,,
1622048000,2,tlm,ticket_enqueue,,,,,,,,,,,,,,,,,,,,,,,,405512,99,99,,204848,,,0,,,,body,,,,1525,1524,,80,80,,,,,,,,,,,
1622050000,3,rtl,handle_accept,779605,,,,,,,,,,,,,,,,,,,,,,,,,,,164064,1530,37085,1,3,2015,0,,,,,,,,,,,,,,,,,,,,
1622052000,2,tlm,ingress_preaccept,,,,,,,,,,,,,,,,,,,,,,,,405513,99,99,,204864,,,0,,,,,,,,1524,,,80,,79,,,,,,,,,,
1622052000,2,tlm,ticket_enqueue,,,,,,,,,,,,,,,,,,,,,,,,405513,99,99,,204864,,,0,,,,body,,,,1524,1523,,80,80,,,,,,,,,,,
1622056000,2,tlm,ingress_preaccept,,,,,,,,,,,,,,,,,,,,,,,,405514,99,99,,204880,,,0,,,,,,,,1523,,,80,,79,,,,,,,,,,
1622056000,0,tlm,ticket_enqueue,,,,,,,,,,,,,,,,,,,,,,,,405514,99,99,,204816,,,4,,,,body,,,,1527,1526,,26,22,,,,,,,,,,,
1622056000,2,tlm,ticket_enqueue,,,,,,,,,,,,,,,,,,,,,,,,405514,99,99,,204880,,,0,,,,body,,,,1523,1522,,80,80,,,,,,,,,,,
1622060000,0,tlm,ingress_preaccept,,,,,,,,,,,,,,,,,,,,,,,,405515,99,99,,204832,,,0,,,,,,,,1526,,,22,,21,,,,,,,,,,
1622060000,2,tlm,ingress_preaccept,,,,,,,,,,,,,,,,,,,,,,,,405515,99,99,,204896,,,0,,,,,,,,1522,,,80,,79,,,,,,,,,,
1622060000,0,tlm,ticket_enqueue,,,,,,,,,,,,,,,,,,,,,,,,405515,99,99,,204832,,,0,,,,body,,,,1526,1525,,22,22,,,,,,,,,,,
1622060000,2,tlm,ticket_enqueue,,,,,,,,,,,,,,,,,,,,,,,,405515,99,99,,204896,,,0,,,,body,,,,1522,1521,,80,80,,,,,,,,,,,
1622060000,3,tlm,ticket_enqueue,,,,,,,,,,,,,,,,,,,,,,,,405515,99,99,,204832,,,4,,,,body,,,,1526,1525,,200,196,,,,,,,,,,,
1622062000,,rtl,allocator_decision,779610,,,,,,,,,,,,idle_to_fetch,164080,15,15,15,15,0,0,0,0,0,,,,,,,,,,,,,,,,,,,,,,,,,,,,,,,
1622064000,0,tlm,ingress_preaccept,,,,,,,,,,,,,,,,,,,,,,,,405516,99,99,,204848,,,4,,,,,,,,1525,,,22,,21,,,,,,,,,,
1622064000,2,tlm,ingress_preaccept,,,,,,,,,,,,,,,,,,,,,,,,405516,99,99,,204912,,,4,,,,,,,,1521,,,80,,79,,,,,,,,,,
1622064000,3,tlm,ingress_preaccept,,,,,,,,,,,,,,,,,,,,,,,,405516,99,99,,204848,,,0,,,,,,,,1525,,,196,,195,,,,,,,,,,
1622064000,3,tlm,ticket_enqueue,,,,,,,,,,,,,,,,,,,,,,,,405516,99,99,,204848,,,0,,,,body,,,,1525,1524,,196,196,,,,,,,,,,,
1622068000,3,tlm,ingress_preaccept,,,,,,,,,,,,,,,,,,,,,,,,405517,99,99,,204864,,,0,,,,,,,,1524,,,196,,195,,,,,,,,,,
1622068000,1,tlm,ticket_enqueue,,,,,,,,,,,,,,,,,,,,,,,,405517,99,99,,204800,,,8,,,,body,,,,1528,1527,,205,197,,,,,,,,,,,
1622068000,3,tlm,ticket_enqueue,,,,,,,,,,,,,,,,,,,,,,,,405517,99,99,,204864,,,0,,,,body,,,,1524,1523,,196,196,,,,,,,,,,,
1622072000,1,tlm,ingress_preaccept,,,,,,,,,,,,,,,,,,,,,,,,405518,99,99,,204816,,,0,,,,,,,,1527,,,197,,196,,,,,,,,,,
1622072000,3,tlm,ingress_preaccept,,,,,,,,,,,,,,,,,,,,,,,,405518,99,99,,204880,,,0,,,,,,,,1523,,,196,,195,,,,,,,,,,
1622072000,1,tlm,ticket_enqueue,,,,,,,,,,,,,,,,,,,,,,,,405518,99,99,,204816,,,0,,,,body,,,,1527,1526,,197,197,,,,,,,,,,,
1622072000,3,tlm,ticket_enqueue,,,,,,,,,,,,,,,,,,,,,,,,405518,99,99,,204880,,,0,,,,body,,,,1523,1522,,196,196,,,,,,,,,,,
1622076000,1,tlm,ingress_preaccept,,,,,,,,,,,,,,,,,,,,,,,,405519,99,99,,204832,,,0,,,,,,,,1526,,,197,,196,,,,,,,,,,
1622076000,3,tlm,ingress_preaccept,,,,,,,,,,,,,,,,,,,,,,,,405519,99,99,,204896,,,0,,,,,,,,1522,,,196,,195,,,,,,,,,,
1622076000,1,tlm,ticket_enqueue,,,,,,,,,,,,,,,,,,,,,,,,405519,99,99,,204832,,,0,,,,body,,,,1526,1525,,197,197,,,,,,,,,,,
1622076000,3,tlm,ticket_enqueue,,,,,,,,,,,,,,,,,,,,,,,,405519,99,99,,204896,,,0,,,,body,,,,1522,1521,,196,196,,,,,,,,,,,
1622080000,1,tlm,ingress_preaccept,,,,,,,,,,,,,,,,,,,,,,,,405520,99,99,,204848,,,0,,,,,,,,1525,,,197,,196,,,,,,,,,,
1622080000,3,tlm,ingress_preaccept,,,,,,,,,,,,,,,,,,,,,,,,405520,99,99,,204912,,,4,,,,,,,,1521,,,196,,195,,,,,,,,,,
1622080000,0,tlm,ticket_enqueue,,,,,,,,,,,,,,,,,,,,,,,,405520,99,99,,204848,,,4,,,,body,,,,1525,1524,,22,18,,,,,,,,,,,
1622080000,1,tlm,ticket_enqueue,,,,,,,,,,,,,,,,,,,,,,,,405520,99,99,,204848,,,0,,,,body,,,,1525,1524,,197,197,,,,,,,,,,,
1622080000,2,tlm,ticket_enqueue,,,,,,,,,,,,,,,,,,,,,,,,405520,99,99,,204912,,,4,,,,body,,,,1521,1520,,80,76,,,,,,,,,,,
1622084000,0,tlm,ingress_preaccept,,,,,,,,,,,,,,,,,,,,,,,,405521,99,99,,204864,,,0,,,,,,,,1524,,,18,,17,,,,,,,,,,
1622084000,1,tlm,ingress_preaccept,,,,,,,,,,,,,,,,,,,,,,,,405521,99,99,,204864,,,0,,,,,,,,1524,,,197,,196,,,,,,,,,,
1622084000,2,tlm,ingress_preaccept,,,,,,,,,,,,,,,,,,,,,,,,405521,99,99,,204928,,,4,,,,,,,,1520,,,76,,75,,,,,,,,,,
1622084000,0,tlm,ticket_enqueue,,,,,,,,,,,,,,,,,,,,,,,,405521,99,99,,204864,,,0,,,,body,,,,1524,1523,,18,18,,,,,,,,,,,
1622084000,1,tlm,ticket_enqueue,,,,,,,,,,,,,,,,,,,,,,,,405521,99,99,,204864,,,0,,,,body,,,,1524,1523,,197,197,,,,,,,,,,,
1622088000,0,tlm,ingress_preaccept,,,,,,,,,,,,,,,,,,,,,,,,405522,99,99,,204880,,,1,,,,,,,,1523,,,18,,17,,,,,,,,,,
1622088000,1,tlm,ingress_preaccept,,,,,,,,,,,,,,,,,,,,,,,,405522,99,99,,204880,,,4,,,,,,,,1523,,,197,,196,,,,,,,,,,
1622092000,0,tlm,ticket_enqueue,,,,,,,,,,,,,,,,,,,,,,,,405523,99,99,,204880,,,1,,,,body,,,,1523,1522,,18,17,,,,,,,,,,,
1622096000,0,tlm,ingress_preaccept,,,,,,,,,,,,,,,,,,,,,,,,405524,99,99,,204896,,,2,,,,,,,,1522,,,17,,16,,,,,,,,,,
1622096000,3,tlm,ticket_enqueue,,,,,,,,,,,,,,,,,,,,,,,,405524,99,99,,204912,,,4,,,,body,,,,1521,1520,,196,192,,,,,,,,,,,
1622098000,3,rtl,credit_return,779629,,,,,,,,,,,,,,,,,,,,,,,,,,,,,,1,,,,mover_done,3,,,,,,,,,,,,,,,,,,
1622100000,3,tlm,ingress_preaccept,,,,,,,,,,,,,,,,,,,,,,,,405525,99,99,,204928,,,0,,,,,,,,1520,,,192,,191,,,,,,,,,,
1622100000,2,tlm,ticket_enqueue,,,,,,,,,,,,,,,,,,,,,,,,405525,99,99,,204928,,,4,,,,body,,,,1520,1519,,76,72,,,,,,,,,,,
1622100000,3,tlm,ticket_enqueue,,,,,,,,,,,,,,,,,,,,,,,,405525,99,99,,204928,,,0,,,,body,,,,1520,1519,,192,192,,,,,,,,,,,
1622102000,3,rtl,credit_return,779632,,,,,,,,,,,,,,,,,,,,,,,,,,,,,,1,,,,credit_return,3,,,,,,,,,,,,,,,,,,
1622104000,2,tlm,ingress_preaccept,,,,,,,,,,,,,,,,,,,,,,,,405526,99,99,,204944,,,0,,,,,,,,1519,,,72,,71,,,,,,,,,,
1622104000,3,tlm,ingress_preaccept,,,,,,,,,,,,,,,,,,,,,,,,405526,99,99,,204944,,,0,,,,,,,,1519,,,192,,191,,,,,,,,,,
1622104000,0,tlm,ticket_enqueue,,,,,,,,,,,,,,,,,,,,,,,,405526,99,99,,204896,,,2,,,,body,,,,1522,1521,,17,15,,,,,,,,,,,
1622104000,1,tlm,ticket_enqueue,,,,,,,,,,,,,,,,,,,,,,,,405526,99,99,,204880,,,4,,,,body,,,,1523,1522,,197,193,,,,,,,,,,,
1622104000,2,tlm,ticket_enqueue,,,,,,,,,,,,,,,,,,,,,,,,405526,99,99,,204944,,,0,,,,body,,,,1519,1518,,72,72,,,,,,,,,,,
1622104000,3,tlm,ticket_enqueue,,,,,,,,,,,,,,,,,,,,,,,,405526,99,99,,204944,,,0,,,,body,,,,1519,1518,,192,192,,,,,,,,,,,
1622108000,,tlm,allocator_fetch,,,,,,,,,,,,,,164048,,,,,,,,,,405527,79,79,,,,,,,,,,,13,15,,,,,,,,,,,,,,,,
1622108000,0,tlm,allocator_lane_action,,empty,,,,,,,,,,,,164048,,,,,,,,,,405527,79,79,,164048,,,0,,,,,,,,,,,,,,,,,,,,,,,
1622108000,0,tlm,ingress_preaccept,,,,,,,,,,,,,,,,,,,,,,,,405527,99,99,,204912,,,0,,,,,,,,1521,,,15,,14,,,,,,,,,,
1622108000,1,tlm,ingress_preaccept,,,,,,,,,,,,,,,,,,,,,,,,405527,99,99,,204896,,,4,,,,,,,,1522,,,193,,192,,,,,,,,,,
1622108000,2,tlm,ingress_preaccept,,,,,,,,,,,,,,,,,,,,,,,,405527,99,99,,204960,,,4,,,,,,,,1518,,,72,,71,,,,,,,,,,
1622108000,3,tlm,ingress_preaccept,,,,,,,,,,,,,,,,,,,,,,,,405527,99,99,,204960,,,0,,,,,,,,1518,,,192,,191,,,,,,,,,,
1622108000,0,tlm,ticket_enqueue,,,,,,,,,,,,,,,,,,,,,,,,405527,99,99,,204912,,,0,,,,body,,,,1521,1520,,15,15,,,,,,,,,,,
1622108000,3,tlm,ticket_enqueue,,,,,,,,,,,,,,,,,,,,,,,,405527,99,99,,204960,,,0,,,,body,,,,1518,1517,,192,192,,,,,,,,,,,
1622108000,0,tlm,ticket_pop,,,,,,,,,,,,,,,,,,,,,,,,405527,79,79,,164048,,,0,,,,body,,,,1520,1521,,,,,,,,,,,,,,
1622108000,1,tlm,ticket_pop,,,,,,,,,,,,,,,,,,,,,,,,405527,79,79,,164048,,,0,,,,body,,,,1522,1523,,,,,,,,,,,,,,
1622108000,2,tlm,ticket_pop,,,,,,,,,,,,,,,,,,,,,,,,405527,79,79,,164048,,,0,,,,body,,,,1518,1519,,,,,,,,,,,,,,
1622108000,3,tlm,ticket_pop,,,,,,,,,,,,,,,,,,,,,,,,405527,79,79,,164048,,,0,,,,body,,,,1517,1518,,,,,,,,,,,,,,
1622112000,0,tlm,ingress_preaccept,,,,,,,,,,,,,,,,,,,,,,,,405528,99,99,,204928,,,0,,,,,,,,1521,,,15,,14,,,,,,,,,,
1622112000,3,tlm,ingress_preaccept,,,,,,,,,,,,,,,,,,,,,,,,405528,99,99,,204976,,,0,,,,,,,,1518,,,192,,191,,,,,,,,,,
1622112000,0,tlm,ticket_enqueue,,,,,,,,,,,,,,,,,,,,,,,,405528,99,99,,204928,,,0,,,,body,,,,1521,1520,,15,15,,,,,,,,,,,
1622112000,3,tlm,ticket_enqueue,,,,,,,,,,,,,,,,,,,,,,,,405528,99,99,,204976,,,0,,,,body,,,,1518,1517,,192,192,,,,,,,,,,,
1622116000,1,tlm,allocator_lane_action,,empty,,,,,,,,,,,,164048,,,,,,,,,,405529,79,79,,164048,,,0,,,,,,,,,,,,,,,,,,,,,,,
1622116000,0,tlm,ingress_preaccept,,,,,,,,,,,,,,,,,,,,,,,,405529,99,99,,204944,,,0,,,,,,,,1520,,,15,,14,,,,,,,,,,
1622116000,3,tlm,ingress_preaccept,,,,,,,,,,,,,,,,,,,,,,,,405529,99,99,,204992,,,4,,,,,,,,1517,,,192,,191,,,,,,,,,,
1622116000,0,tlm,ticket_enqueue,,,,,,,,,,,,,,,,,,,,,,,,405529,99,99,,204944,,,0,,,,body,,,,1520,1519,,15,15,,,,,,,,,,,
1622120000,0,tlm,ingress_preaccept,,,,,,,,,,,,,,,,,,,,,,,,405530,99,99,,204960,,,0,,,,,,,,1519,,,15,,14,,,,,,,,,,
1622120000,0,tlm,ticket_enqueue,,,,,,,,,,,,,,,,,,,,,,,,405530,99,99,,204960,,,0,,,,body,,,,1519,1518,,15,15,,,,,,,,,,,
1622122000,0,rtl,allocator_lane_action,779638,2,0,1,0,164080,4,79,0,0,1,0,,,,,,,,,,,,,,,,,,,,,,,,,,,,,,,,,,,,,,,,,,
1622122000,1,rtl,allocator_lane_action,779639,2,0,1,0,164080,0,79,0,0,1,0,,,,,,,,,,,,,,,,,,,,,,,,,,,,,,,,,,,,,,,,,,
1622122000,2,rtl,allocator_lane_action,779640,2,0,1,0,164080,0,79,0,0,1,0,,,,,,,,,,,,,,,,,,,,,,,,,,,,,,,,,,,,,,,,,,
1622122000,3,rtl,allocator_lane_action,779641,2,0,1,0,164080,0,79,0,0,1,0,,,,,,,,,,,,,,,,,,,,,,,,,,,,,,,,,,,,,,,,,,
1622124000,2,tlm,allocator_lane_action,,empty,,,,,,,,,,,,164048,,,,,,,,,,405531,79,79,,164048,,,0,,,,,,,,,,,,,,,,,,,,,,,
1622124000,0,tlm,ingress_preaccept,,,,,,,,,,,,,,,,,,,,,,,,405531,99,99,,204976,,,1,,,,,,,,1518,,,15,,14,,,,,,,,,,
1622124000,1,tlm,ticket_enqueue,,,,,,,,,,,,,,,,,,,,,,,,405531,99,99,,204896,,,4,,,,body,,,,1523,1522,,193,189,,,,,,,,,,,
1622124000,2,tlm,ticket_enqueue,,,,,,,,,,,,,,,,,,,,,,,,405531,99,99,,204960,,,4,,,,body,,,,1519,1518,,72,68,,,,,,,,,,,
1622128000,1,tlm,ingress_preaccept,,,,,,,,,,,,,,,,,,,,,,,,405532,99,99,,204912,,,0,,,,,,,,1522,,,189,,188,,,,,,,,,,
1622128000,2,tlm,ingress_preaccept,,,,,,,,,,,,,,,,,,,,,,,,405532,99,99,,204976,,,0,,,,,,,,1518,,,68,,67,,,,,,,,,,
1622128000,0,tlm,ticket_enqueue,,,,,,,,,,,,,,,,,,,,,,,,405532,99,99,,204976,,,1,,,,body,,,,1518,1517,,15,14,,,,,,,,,,,
1622128000,1,tlm,ticket_enqueue,,,,,,,,,,,,,,,,,,,,,,,,405532,99,99,,204912,,,0,,,,body,,,,1522,1521,,189,189,,,,,,,,,,,
1622128000,2,tlm,ticket_enqueue,,,,,,,,,,,,,,,,,,,,,,,,405532,99,99,,204976,,,0,,,,body,,,,1518,1517,,68,68,,,,,,,,,,,
1622132000,3,tlm,allocator_lane_action,,empty,,,,,,,,,,,,164048,,,,,,,,,,405533,79,79,,164048,,,0,,,,,,,,,,,,,,,,,,,,,,,
1622132000,0,tlm,ingress_preaccept,,,,,,,,,,,,,,,,,,,,,,,,405533,99,99,,204992,,,0,,,,,,,,1517,,,14,,13,,,,,,,,,,
1622132000,1,tlm,ingress_preaccept,,,,,,,,,,,,,,,,,,,,,,,,405533,99,99,,204928,,,0,,,,,,,,1521,,,189,,188,,,,,,,,,,
1622132000,2,tlm,ingress_preaccept,,,,,,,,,,,,,,,,,,,,,,,,405533,99,99,,204992,,,0,,,,,,,,1517,,,68,,67,,,,,,,,,,
1622132000,0,tlm,ticket_enqueue,,,,,,,,,,,,,,,,,,,,,,,,405533,99,99,,204992,,,0,,,,body,,,,1517,1516,,14,14,,,,,,,,,,,
1622132000,1,tlm,ticket_enqueue,,,,,,,,,,,,,,,,,,,,,,,,405533,99,99,,204928,,,0,,,,body,,,,1521,1520,,189,189,,,,,,,,,,,
1622132000,2,tlm,ticket_enqueue,,,,,,,,,,,,,,,,,,,,,,,,405533,99,99,,204992,,,0,,,,body,,,,1517,1516,,68,68,,,,,,,,,,,
1622132000,3,tlm,ticket_enqueue,,,,,,,,,,,,,,,,,,,,,,,,405533,99,99,,204992,,,4,,,,body,,,,1517,1516,,192,188,,,,,,,,,,,
1622134000,0,rtl,handle_accept,779645,,,,,,,,,,,,,,,,,,,,,,,,,,,164080,1261,37087,4,43,2016,0,,,,,,,,,,,,,,,,,,,,
1622136000,0,tlm,ingress_preaccept,,,,,,,,,,,,,,,,,,,,,,,,405534,99,99,,205008,,,4,,,,,,,,1516,,,14,,13,,,,,,,,,,
1622136000,1,tlm,ingress_preaccept,,,,,,,,,,,,,,,,,,,,,,,,405534,99,99,,204944,,,0,,,,,,,,1520,,,189,,188,,,,,,,,,,
1622136000,2,tlm,ingress_preaccept,,,,,,,,,,,,,,,,,,,,,,,,405534,99,99,,205008,,,0,,,,,,,,1516,,,68,,67,,,,,,,,,,
1622136000,3,tlm,ingress_preaccept,,,,,,,,,,,,,,,,,,,,,,,,405534,99,99,,205008,,,0,,,,,,,,1516,,,188,,187,,,,,,,,,,
1622136000,1,tlm,ticket_enqueue,,,,,,,,,,,,,,,,,,,,,,,,405534,99,99,,204944,,,0,,,,body,,,,1520,1519,,189,189,,,,,,,,,,,
1622136000,2,tlm,ticket_enqueue,,,,,,,,,,,,,,,,,,,,,,,,405534,99,99,,205008,,,0,,,,body,,,,1516,1515,,68,68,,,,,,,,,,,
1622136000,3,tlm,ticket_enqueue,,,,,,,,,,,,,,,,,,,,,,,,405534,99,99,,205008,,,0,,,,body,,,,1516,1515,,188,188,,,,,,,,,,,
1622140000,1,tlm,ingress_preaccept,,,,,,,,,,,,,,,,,,,,,,,,405535,99,99,,204960,,,0,,,,,,,,1519,,,189,,188,,,,,,,,,,
1622140000,2,tlm,ingress_preaccept,,,,,,,,,,,,,,,,,,,,,,,,405535,99,99,,205024,,,0,,,,,,,,1515,,,68,,67,,,,,,,,,,
1622140000,3,tlm,ingress_preaccept,,,,,,,,,,,,,,,,,,,,,,,,405535,99,99,,205024,,,0,,,,,,,,1515,,,188,,187,,,,,,,,,,
1622140000,1,tlm,ticket_enqueue,,,,,,,,,,,,,,,,,,,,,,,,405535,99,99,,204960,,,0,,,,body,,,,1519,1518,,189,189,,,,,,,,,,,
1622140000,2,tlm,ticket_enqueue,,,,,,,,,,,,,,,,,,,,,,,,405535,99,99,,205024,,,0,,,,body,,,,1515,1514,,68,68,,,,,,,,,,,
1622140000,3,tlm,ticket_enqueue,,,,,,,,,,,,,,,,,,,,,,,,405535,99,99,,205024,,,0,,,,body,,,,1515,1514,,188,188,,,,,,,,,,,
1622144000,1,tlm,ingress_preaccept,,,,,,,,,,,,,,,,,,,,,,,,405536,99,99,,204976,,,0,,,,,,,,1518,,,189,,188,,,,,,,,,,
1622144000,2,tlm,ingress_preaccept,,,,,,,,,,,,,,,,,,,,,,,,405536,99,99,,205040,,,0,,,,,,,,1514,,,68,,67,,,,,,,,,,
1622144000,3,tlm,ingress_preaccept,,,,,,,,,,,,,,,,,,,,,,,,405536,99,99,,205040,,,0,,,,,,,,1514,,,188,,187,,,,,,,,,,
1622144000,1,tlm,ticket_enqueue,,,,,,,,,,,,,,,,,,,,,,,,405536,99,99,,204976,,,0,,,,body,,,,1518,1517,,189,189,,,,,,,,,,,
1622144000,2,tlm,ticket_enqueue,,,,,,,,,,,,,,,,,,,,,,,,405536,99,99,,205040,,,0,,,,body,,,,1514,1513,,68,68,,,,,,,,,,,
1622144000,3,tlm,ticket_enqueue,,,,,,,,,,,,,,,,,,,,,,,,405536,99,99,,205040,,,0,,,,body,,,,1514,1513,,188,188,,,,,,,,,,,
1622148000,1,tlm,ingress_preaccept,,,,,,,,,,,,,,,,,,,,,,,,405537,99,99,,204992,,,0,,,,,,,,1517,,,189,,188,,,,,,,,,,
1622148000,2,tlm,ingress_preaccept,,,,,,,,,,,,,,,,,,,,,,,,405537,99,99,,205056,,,0,,,,,,,,1513,,,68,,67,,,,,,,,,,
1622148000,3,tlm,ingress_preaccept,,,,,,,,,,,,,,,,,,,,,,,,405537,99,99,,205056,,,0,,,,,,,,1513,,,188,,187,,,,,,,,,,
1622148000,1,tlm,ticket_enqueue,,,,,,,,,,,,,,,,,,,,,,,,405537,99,99,,204992,,,0,,,,body,,,,1517,1516,,189,189,,,,,,,,,,,
1622148000,2,tlm,ticket_enqueue,,,,,,,,,,,,,,,,,,,,,,,,405537,99,99,,205056,,,0,,,,body,,,,1513,1512,,68,68,,,,,,,,,,,
1622148000,3,tlm,ticket_enqueue,,,,,,,,,,,,,,,,,,,,,,,,405537,99,99,,205056,,,0,,,,body,,,,1513,1512,,188,188,,,,,,,,,,,
1622152000,1,tlm,ingress_preaccept,,,,,,,,,,,,,,,,,,,,,,,,405538,99,99,,205008,,,0,,,,,,,,1516,,,189,,188,,,,,,,,,,
1622152000,2,tlm,ingress_preaccept,,,,,,,,,,,,,,,,,,,,,,,,405538,99,99,,205072,,,0,,,,,,,,1512,,,68,,67,,,,,,,,,,
1622152000,3,tlm,ingress_preaccept,,,,,,,,,,,,,,,,,,,,,,,,405538,99,99,,205072,,,0,,,,,,,,1512,,,188,,187,,,,,,,,,,
1622152000,0,tlm,ticket_enqueue,,,,,,,,,,,,,,,,,,,,,,,,405538,99,99,,205008,,,4,,,,body,,,,1516,1515,,14,10,,,,,,,,,,,
1622152000,1,tlm,ticket_enqueue,,,,,,,,,,,,,,,,,,,,,,,,405538,99,99,,205008,,,0,,,,body,,,,1516,1515,,189,189,,,,,,,,,,,
1622152000,2,tlm,ticket_enqueue,,,,,,,,,,,,,,,,,,,,,,,,405538,99,99,,205072,,,0,,,,body,,,,1512,1511,,68,68,,,,,,,,,,,
1622152000,3,tlm,ticket_enqueue,,,,,,,,,,,,,,,,,,,,,,,,405538,99,99,,205072,,,0,,,,body,,,,1512,1511,,188,188,,,,,,,,,,,
1622156000,0,tlm,ingress_preaccept,,,,,,,,,,,,,,,,,,,,,,,,405539,99,99,,205024,,,0,,,,,,,,1515,,,10,,9,,,,,,,,,,
1622156000,1,tlm,ingress_preaccept,,,,,,,,,,,,,,,,,,,,,,,,405539,99,99,,205024,,,4,,,,,,,,1515,,,189,,188,,,,,,,,,,
1622156000,2,tlm,ingress_preaccept,,,,,,,,,,,,,,,,,,,,,,,,405539,99,99,,205088,,,0,,,,,,,,1511,,,68,,67,,,,,,,,,,
1622156000,3,tlm,ingress_preaccept,,,,,,,,,,,,,,,,,,,,,,,,405539,99,99,,205088,,,4,,,,,,,,1511,,,188,,187,,,,,,,,,,
1622156000,0,tlm,ticket_enqueue,,,,,,,,,,,,,,,,,,,,,,,,405539,99,99,,205024,,,0,,,,body,,,,1515,1514,,10,10,,,,,,,,,,,
1622156000,2,tlm,ticket_enqueue,,,,,,,,,,,,,,,,,,,,,,,,405539,99,99,,205088,,,0,,,,body,,,,1511,1510,,68,68,,,,,,,,,,,
1622160000,0,tlm,ingress_preaccept,,,,,,,,,,,,,,,,,,,,,,,,405540,99,99,,205040,,,4,,,,,,,,1514,,,10,,9,,,,,,,,,,
1622160000,2,tlm,ingress_preaccept,,,,,,,,,,,,,,,,,,,,,,,,405540,99,99,,205104,,,0,,,,,,,,1510,,,68,,67,,,,,,,,,,
1622160000,2,tlm,ticket_enqueue,,,,,,,,,,,,,,,,,,,,,,,,405540,99,99,,205104,,,0,,,,body,,,,1510,1509,,68,68,,,,,,,,,,,
1622164000,2,tlm,ingress_preaccept,,,,,,,,,,,,,,,,,,,,,,,,405541,99,99,,205120,,,4,,,,,,,,1509,,,68,,67,,,,,,,,,,
1622170000,,rtl,allocator_decision,779658,,,,,,,,,,,,idle_to_fetch,164096,15,15,15,15,0,0,0,0,0,,,,,,,,,,,,,,,,,,,,,,,,,,,,,,,
1622172000,1,tlm,ticket_enqueue,,,,,,,,,,,,,,,,,,,,,,,,405543,99,99,,205024,,,4,,,,body,,,,1515,1514,,189,185,,,,,,,,,,,
1622172000,3,tlm,ticket_enqueue,,,,,,,,,,,,,,,,,,,,,,,,405543,99,99,,205088,,,4,,,,body,,,,1511,1510,,188,184,,,,,,,,,,,
1622176000,1,tlm,ingress_preaccept,,,,,,,,,,,,,,,,,,,,,,,,405544,99,99,,205040,,,0,,,,,,,,1514,,,185,,184,,,,,,,,,,
1622176000,3,tlm,ingress_preaccept,,,,,,,,,,,,,,,,,,,,,,,,405544,99,99,,205104,,,0,,,,,,,,1510,,,184,,183,,,,,,,,,,
1622176000,0,tlm,ticket_enqueue,,,,,,,,,,,,,,,,,,,,,,,,405544,99,99,,205040,,,4,,,,body,,,,1514,1513,,10,6,,,,,,,,,,,
1622176000,1,tlm,ticket_enqueue,,,,,,,,,,,,,,,,,,,,,,,,405544,99,99,,205040,,,0,,,,body,,,,1514,1513,,185,185,,,,,,,,,,,
1622176000,3,tlm,ticket_enqueue,,,,,,,,,,,,,,,,,,,,,,,,405544,99,99,,205104,,,0,,,,body,,,,1510,1509,,184,184,,,,,,,,,,,
1622180000,0,tlm,ingress_preaccept,,,,,,,,,,,,,,,,,,,,,,,,405545,99,99,,205056,,,0,,,,,,,,1513,,,6,,5,,,,,,,,,,
1622180000,1,tlm,ingress_preaccept,,,,,,,,,,,,,,,,,,,,,,,,405545,99,99,,205056,,,0,,,,,,,,1513,,,185,,184,,,,,,,,,,
1622180000,3,tlm,ingress_preaccept,,,,,,,,,,,,,,,,,,,,,,,,405545,99,99,,205120,,,4,,,,,,,,1509,,,184,,183,,,,,,,,,,
1622180000,0,tlm,ticket_enqueue,,,,,,,,,,,,,,,,,,,,,,,,405545,99,99,,205056,,,0,,,,body,,,,1513,1512,,6,6,,,,,,,,,,,
1622180000,1,tlm,ticket_enqueue,,,,,,,,,,,,,,,,,,,,,,,,405545,99,99,,205056,,,0,,,,body,,,,1513,1512,,185,185,,,,,,,,,,,
1622180000,2,tlm,ticket_enqueue,,,,,,,,,,,,,,,,,,,,,,,,405545,99,99,,205120,,,4,,,,body,,,,1509,1508,,68,64,,,,,,,,,,,
1622184000,0,tlm,ingress_preaccept,,,,,,,,,,,,,,,,,,,,,,,,405546,99,99,,205072,,,0,,,,,,,,1512,,,6,,5,,,,,,,,,,
1622184000,1,tlm,ingress_preaccept,,,,,,,,,,,,,,,,,,,,,,,,405546,99,99,,205072,,,0,,,,,,,,1512,,,185,,184,,,,,,,,,,
1622184000,2,tlm,ingress_preaccept,,,,,,,,,,,,,,,,,,,,,,,,405546,99,99,,205136,,,0,,,,,,,,1508,,,64,,63,,,,,,,,,,
1622184000,0,tlm,ticket_enqueue,,,,,,,,,,,,,,,,,,,,,,,,405546,99,99,,205072,,,0,,,,body,,,,1512,1511,,6,6,,,,,,,,,,,
1622184000,1,tlm,ticket_enqueue,,,,,,,,,,,,,,,,,,,,,,,,405546,99,99,,205072,,,0,,,,body,,,,1512,1511,,185,185,,,,,,,,,,,
1622184000,2,tlm,ticket_enqueue,,,,,,,,,,,,,,,,,,,,,,,,405546,99,99,,205136,,,0,,,,body,,,,1508,1507,,64,64,,,,,,,,,,,
1622188000,0,tlm,ingress_preaccept,,,,,,,,,,,,,,,,,,,,,,,,405547,99,99,,205088,,,0,,,,,,,,1511,,,6,,5,,,,,,,,,,
1622188000,1,tlm,ingress_preaccept,,,,,,,,,,,,,,,,,,,,,,,,405547,99,99,,205088,,,8,,,,,,,,1511,,,185,,184,,,,,,,,,,
1622188000,2,tlm,ingress_preaccept,,,,,,,,,,,,,,,,,,,,,,,,405547,99,99,,205152,,,0,,,,,,,,1507,,,64,,63,,,,,,,,,,
1622188000,0,tlm,ticket_enqueue,,,,,,,,,,,,,,,,,,,,,,,,405547,99,99,,205088,,,0,,,,body,,,,1511,1510,,6,6,,,,,,,,,,,
1622188000,2,tlm,ticket_enqueue,,,,,,,,,,,,,,,,,,,,,,,,405547,99,99,,205152,,,0,,,,body,,,,1507,1506,,64,64,,,,,,,,,,,
1622192000,0,tlm,ingress_preaccept,,,,,,,,,,,,,,,,,,,,,,,,405548,99,99,,205104,,,0,,,,,,,,1510,,,6,,5,,,,,,,,,,
1622192000,2,tlm,ingress_preaccept,,,,,,,,,,,,,,,,,,,,,,,,405548,99,99,,205168,,,0,,,,,,,,1506,,,64,,63,,,,,,,,,,
1622192000,0,tlm,ticket_enqueue,,,,,,,,,,,,,,,,,,,,,,,,405548,99,99,,205104,,,0,,,,body,,,,1510,1509,,6,6,,,,,,,,,,,
1622192000,2,tlm,ticket_enqueue,,,,,,,,,,,,,,,,,,,,,,,,405548,99,99,,205168,,,0,,,,body,,,,1506,1505,,64,64,,,,,,,,,,,
1622194000,0,rtl,credit_return,779678,,,,,,,,,,,,,,,,,,,,,,,,,,,,,,4,,,,mover_done,43,,,,,,,,,,,,,,,,,,
1622196000,0,tlm,ingress_preaccept,,,,,,,,,,,,,,,,,,,,,,,,405549,99,99,,205120,,,0,,,,,,,,1509,,,6,,5,,,,,,,,,,
1622196000,2,tlm,ingress_preaccept,,,,,,,,,,,,,,,,,,,,,,,,405549,99,99,,205184,,,0,,,,,,,,1505,,,64,,63,,,,,,,,,,
1622196000,0,tlm,ticket_enqueue,,,,,,,,,,,,,,,,,,,,,,,,405549,99,99,,205120,,,0,,,,body,,,,1509,1508,,6,6,,,,,,,,,,,
1622196000,2,tlm,ticket_enqueue,,,,,,,,,,,,,,,,,,,,,,,,405549,99,99,,205184,,,0,,,,body,,,,1505,1504,,64,64,,,,,,,,,,,
1622196000,3,tlm,ticket_enqueue,,,,,,,,,,,,,,,,,,,,,,,,405549,99,99,,205120,,,4,,,,body,,,,1509,1508,,184,180,,,,,,,,,,,
1622198000,0,rtl,credit_return,779681,,,,,,,,,,,,,,,,,,,,,,,,,,,,,,4,,,,credit_return,43,,,,,,,,,,,,,,,,,,
1622200000,0,tlm,ingress_preaccept,,,,,,,,,,,,,,,,,,,,,,,,405550,99,99,,205136,,,0,,,,,,,,1508,,,6,,5,,,,,,,,,,
1622200000,2,tlm,ingress_preaccept,,,,,,,,,,,,,,,,,,,,,,,,405550,99,99,,205200,,,0,,,,,,,,1504,,,64,,63,,,,,,,,,,
1622200000,3,tlm,ingress_preaccept,,,,,,,,,,,,,,,,,,,,,,,,405550,99,99,,205136,,,0,,,,,,,,1508,,,180,,179,,,,,,,,,,
1622200000,0,tlm,ticket_enqueue,,,,,,,,,,,,,,,,,,,,,,,,405550,99,99,,205136,,,0,,,,body,,,,1508,1507,,6,6,,,,,,,,,,,
1622200000,2,tlm,ticket_enqueue,,,,,,,,,,,,,,,,,,,,,,,,405550,99,99,,205200,,,0,,,,body,,,,1504,1503,,64,64,,,,,,,,,,,
1622200000,3,tlm,ticket_enqueue,,,,,,,,,,,,,,,,,,,,,,,,405550,99,99,,205136,,,0,,,,body,,,,1508,1507,,180,180,,,,,,,,,,,
1622204000,0,tlm,ingress_preaccept,,,,,,,,,,,,,,,,,,,,,,,,405551,99,99,,205152,,,0,,,,,,,,1507,,,6,,5,,,,,,,,,,
1622204000,2,tlm,ingress_preaccept,,,,,,,,,,,,,,,,,,,,,,,,405551,99,99,,205216,,,0,,,,,,,,1503,,,64,,63,,,,,,,,,,
1622204000,3,tlm,ingress_preaccept,,,,,,,,,,,,,,,,,,,,,,,,405551,99,99,,205152,,,0,,,,,,,,1507,,,180,,179,,,,,,,,,,
1622204000,0,tlm,ticket_enqueue,,,,,,,,,,,,,,,,,,,,,,,,405551,99,99,,205152,,,0,,,,body,,,,1507,1506,,6,6,,,,,,,,,,,
1622204000,2,tlm,ticket_enqueue,,,,,,,,,,,,,,,,,,,,,,,,405551,99,99,,205216,,,0,,,,body,,,,1503,1502,,64,64,,,,,,,,,,,
1622204000,3,tlm,ticket_enqueue,,,,,,,,,,,,,,,,,,,,,,,,405551,99,99,,205152,,,0,,,,body,,,,1507,1506,,180,180,,,,,,,,,,,
1622208000,0,tlm,ingress_preaccept,,,,,,,,,,,,,,,,,,,,,,,,405552,99,99,,205168,,,0,,,,,,,,1506,,,6,,5,,,,,,,,,,
1622208000,2,tlm,ingress_preaccept,,,,,,,,,,,,,,,,,,,,,,,,405552,99,99,,205232,,,4,,,,,,,,1502,,,64,,63,,,,,,,,,,
1622208000,3,tlm,ingress_preaccept,,,,,,,,,,,,,,,,,,,,,,,,405552,99,99,,205168,,,0,,,,,,,,1506,,,180,,179,,,,,,,,,,
1622208000,0,tlm,ticket_enqueue,,,,,,,,,,,,,,,,,,,,,,,,405552,99,99,,205168,,,0,,,,body,,,,1506,1505,,6,6,,,,,,,,,,,
1622208000,3,tlm,ticket_enqueue,,,,,,,,,,,,,,,,,,,,,,,,405552,99,99,,205168,,,0,,,,body,,,,1506,1505,,180,180,,,,,,,,,,,
1622212000,,tlm,allocator_fetch,,,,,,,,,,,,,,164064,,,,,,,,,,405553,79,79,,,,,,,,,,,14,15,,,,,,,,,,,,,,,,
1622212000,0,tlm,allocator_lane_action,,empty,,,,,,,,,,,,164064,,,,,,,,,,405553,79,79,,164064,,,0,,,,,,,,,,,,,,,,,,,,,,,
1622212000,0,tlm,ingress_preaccept,,,,,,,,,,,,,,,,,,,,,,,,405553,99,99,,205184,,,0,,,,,,,,1505,,,6,,5,,,,,,,,,,
1622212000,3,tlm,ingress_preaccept,,,,,,,,,,,,,,,,,,,,,,,,405553,99,99,,205184,,,1,,,,,,,,1505,,,180,,179,,,,,,,,,,
1622212000,0,tlm,ticket_enqueue,,,,,,,,,,,,,,,,,,,,,,,,405553,99,99,,205184,,,0,,,,body,,,,1505,1504,,6,6,,,,,,,,,,,
1622212000,0,tlm,ticket_pop,,,,,,,,,,,,,,,,,,,,,,,,405553,79,79,,164064,,,0,,,,body,,,,1504,1505,,,,,,,,,,,,,,
1622212000,1,tlm,ticket_pop,,,,,,,,,,,,,,,,,,,,,,,,405553,79,79,,164064,,,0,,,,body,,,,1511,1512,,,,,,,,,,,,,,
1622212000,2,tlm,ticket_pop,,,,,,,,,,,,,,,,,,,,,,,,405553,79,79,,164064,,,0,,,,body,,,,1502,1503,,,,,,,,,,,,,,
1622212000,3,tlm,ticket_pop,,,,,,,,,,,,,,,,,,,,,,,,405553,79,79,,164064,,,1,,,,body,,,,1505,1506,,,,,,,,,,,,,,
1622216000,0,tlm,ingress_preaccept,,,,,,,,,,,,,,,,,,,,,,,,405554,99,99,,205200,,,0,,,,,,,,1505,,,6,,5,,,,,,,,,,
1622216000,0,tlm,ticket_enqueue,,,,,,,,,,,,,,,,,,,,,,,,405554,99,99,,205200,,,0,,,,body,,,,1505,1504,,6,6,,,,,,,,,,,
1622216000,3,tlm,ticket_enqueue,,,,,,,,,,,,,,,,,,,,,,,,405554,99,99,,205184,,,1,,,,body,,,,1506,1505,,180,179,,,,,,,,,,,
1622220000,1,tlm,allocator_lane_action,,empty,,,,,,,,,,,,164064,,,,,,,,,,405555,79,79,,164064,,,0,,,,,,,,,,,,,,,,,,,,,,,
1622220000,0,tlm,ingress_preaccept,,,,,,,,,,,,,,,,,,,,,,,,405555,99,99,,205216,,,4,,,,,,,,1504,,,6,,5,,,,,,,,,,
1622220000,3,tlm,ingress_preaccept,,,,,,,,,,,,,,,,,,,,,,,,405555,99,99,,205200,,,0,,,,,,,,1505,,,179,,178,,,,,,,,,,
1622220000,1,tlm,ticket_enqueue,,,,,,,,,,,,,,,,,,,,,,,,405555,99,99,,205088,,,8,,,,body,,,,1512,1511,,185,177,,,,,,,,,,,
1622220000,3,tlm,ticket_enqueue,,,,,,,,,,,,,,,,,,,,,,,,405555,99,99,,205200,,,0,,,,body,,,,1505,1504,,179,179,,,,,,,,,,,
1622224000,1,tlm,ingress_preaccept,,,,,,,,,,,,,,,,,,,,,,,,405556,99,99,,205104,,,0,,,,,,,,1511,,,177,,176,,,,,,,,,,
1622224000,3,tlm,ingress_preaccept,,,,,,,,,,,,,,,,,,,,,,,,405556,99,99,,205216,,,8,,,,,,,,1504,,,179,,178,,,,,,,,,,
1622224000,1,tlm,ticket_enqueue,,,,,,,,,,,,,,,,,,,,,,,,405556,99,99,,205104,,,0,,,,body,,,,1511,1510,,177,177,,,,,,,,,,,
1622224000,2,tlm,ticket_enqueue,,,,,,,,,,,,,,,,,,,,,,,,405556,99,99,,205232,,,4,,,,body,,,,1503,1502,,64,60,,,,,,,,,,,
1622228000,2,tlm,allocator_lane_action,,empty,,,,,,,,,,,,164064,,,,,,,,,,405557,79,79,,164064,,,0,,,,,,,,,,,,,,,,,,,,,,,
1622228000,1,tlm,ingress_preaccept,,,,,,,,,,,,,,,,,,,,,,,,405557,99,99,,205120,,,0,,,,,,,,1510,,,177,,176,,,,,,,,,,
1622228000,2,tlm,ingress_preaccept,,,,,,,,,,,,,,,,,,,,,,,,405557,99,99,,205248,,,0,,,,,,,,1502,,,60,,59,,,,,,,,,,
1622228000,1,tlm,ticket_enqueue,,,,,,,,,,,,,,,,,,,,,,,,405557,99,99,,205120,,,0,,,,body,,,,1510,1509,,177,177,,,,,,,,,,,
1622228000,2,tlm,ticket_enqueue,,,,,,,,,,,,,,,,,,,,,,,,405557,99,99,,205248,,,0,,,,body,,,,1502,1501,,60,60,,,,,,,,,,,
1622230000,0,rtl,allocator_lane_action,779690,2,0,1,0,164096,0,79,0,0,1,0,,,,,,,,,,,,,,,,,,,,,,,,,,,,,,,,,,,,,,,,,,
1622230000,1,rtl,allocator_lane_action,779691,2,0,1,0,164096,0,79,0,0,1,0,,,,,,,,,,,,,,,,,,,,,,,,,,,,,,,,,,,,,,,,,,
1622230000,2,rtl,allocator_lane_action,779692,2,0,1,0,164096,4,79,0,0,1,0,,,,,,,,,,,,,,,,,,,,,,,,,,,,,,,,,,,,,,,,,,
1622230000,3,rtl,allocator_lane_action,779693,2,0,1,0,164096,0,79,0,0,1,0,,,,,,,,,,,,,,,,,,,,,,,,,,,,,,,,,,,,,,,,,,
1622232000,1,tlm,ingress_preaccept,,,,,,,,,,,,,,,,,,,,,,,,405558,99,99,,205136,,,0,,,,,,,,1509,,,177,,176,,,,,,,,,,
1622232000,2,tlm,ingress_preaccept,,,,,,,,,,,,,,,,,,,,,,,,405558,99,99,,205264,,,4,,,,,,,,1501,,,60,,59,,,,,,,,,,
1622232000,1,tlm,ticket_enqueue,,,,,,,,,,,,,,,,,,,,,,,,405558,99,99,,205136,,,0,,,,body,,,,1509,1508,,177,177,,,,,,,,,,,
1622236000,3,tlm,handle_accept,,,,,,,,,,,,,,164064,,,,,,,,,,405559,79,79,,164064,,,1,,,54,,,,,,,1,,,,,,,,,,,,,
1622236000,1,tlm,ingress_preaccept,,,,,,,,,,,,,,,,,,,,,,,,405559,99,99,,205152,,,0,,,,,,,,1508,,,177,,176,,,,,,,,,,
1622236000,0,tlm,ticket_enqueue,,,,,,,,,,,,,,,,,,,,,,,,405559,99,99,,205216,,,4,,,,body,,,,1504,1503,,6,2,,,,,,,,,,,
1622236000,1,tlm,ticket_enqueue,,,,,,,,,,,,,,,,,,,,,,,,405559,99,99,,205152,,,0,,,,body,,,,1508,1507,,177,177,,,,,,,,,,,
1622240000,0,tlm,ingress_preaccept,,,,,,,,,,,,,,,,,,,,,,,,405560,99,99,,205232,,,0,,,,,,,,1503,,,2,,1,,,,,,,,,,
1622240000,1,tlm,ingress_preaccept,,,,,,,,,,,,,,,,,,,,,,,,405560,99,99,,205168,,,4,,,,,,,,1507,,,177,,176,,,,,,,,,,
1622240000,0,tlm,ticket_enqueue,,,,,,,,,,,,,,,,,,,,,,,,405560,99,99,,205232,,,0,,,,body,,,,1503,1502,,2,2,,,,,,,,,,,
1622244000,3,tlm,credit_return,,,,,,,,,,,,,,,,,,,,,,,,405561,79,79,,164064,,,1,,,,,,,,,,0,179,180,,,,,,,,,,,
1622244000,0,tlm,ingress_preaccept,,,,,,,,,,,,,,,,,,,,,,,,405561,99,99,,205248,,,0,,,,,,,,1502,,,2,,1,,,,,,,,,,
1622244000,0,tlm,ticket_enqueue,,,,,,,,,,,,,,,,,,,,,,,,405561,99,99,,205248,,,0,,,,body,,,,1502,1501,,2,2,,,,,,,,,,,
1622248000,0,tlm,ingress_preaccept,,,,,,,,,,,,,,,,,,,,,,,,405562,99,99,,205264,,,0,,,,,,,,1501,,,2,,1,,,,,,,,,,
1622248000,0,tlm,ticket_enqueue,,,,,,,,,,,,,,,,,,,,,,,,405562,99,99,,205264,,,0,,,,body,,,,1501,1500,,2,2,,,,,,,,,,,
1622248000,2,tlm,ticket_enqueue,,,,,,,,,,,,,,,,,,,,,,,,405562,99,99,,205264,,,4,,,,body,,,,1501,1500,,60,56,,,,,,,,,,,
1622252000,2,tlm,ingress_preaccept,,,,,,,,,,,,,,,,,,,,,,,,405563,99,99,,205280,,,0,,,,,,,,1500,,,56,,55,,,,,,,,,,
1622252000,0,tlm,ingress_predrop,,,,,,,,,,,,,,,,,,,,,,,,405563,99,99,,205280,,,4,,,,,,,,1500,,,2,,1,lane_credit,,,,,,,,,
1622252000,2,tlm,ticket_enqueue,,,,,,,,,,,,,,,,,,,,,,,,405563,99,99,,205280,,,0,,,,body,,,,1500,1499,,56,56,,,,,,,,,,,
1622256000,2,tlm,ingress_preaccept,,,,,,,,,,,,,,,,,,,,,,,,405564,99,99,,205296,,,0,,,,,,,,1499,,,56,,55,,,,,,,,,,
1622256000,1,tlm,ticket_enqueue,,,,,,,,,,,,,,,,,,,,,,,,405564,99,99,,205168,,,4,,,,body,,,,1507,1506,,177,173,,,,,,,,,,,
1622256000,2,tlm,ticket_enqueue,,,,,,,,,,,,,,,,,,,,,,,,405564,99,99,,205296,,,0,,,,body,,,,1499,1498,,56,56,,,,,,,,,,,
1622256000,3,tlm,ticket_enqueue,,,,,,,,,,,,,,,,,,,,,,,,405564,99,99,,205216,,,8,,,,body,,,,1504,1503,,180,172,,,,,,,,,,,
1622258000,2,rtl,handle_accept,779701,,,,,,,,,,,,,,,,,,,,,,,,,,,164096,1514,37092,4,10,2017,0,,,,,,,,,,,,,,,,,,,,
1622260000,1,tlm,ingress_preaccept,,,,,,,,,,,,,,,,,,,,,,,,405565,99,99,,205184,,,0,,,,,,,,1506,,,173,,172,,,,,,,,,,
1622260000,2,tlm,ingress_preaccept,,,,,,,,,,,,,,,,,,,,,,,,405565,99,99,,205312,,,0,,,,,,,,1498,,,56,,55,,,,,,,,,,
1622260000,3,tlm,ingress_preaccept,,,,,,,,,,,,,,,,,,,,,,,,405565,99,99,,205232,,,0,,,,,,,,1503,,,172,,171,,,,,,,,,,
1622260000,1,tlm,ticket_enqueue,,,,,,,,,,,,,,,,,,,,,,,,405565,99,99,,205184,,,0,,,,body,,,,1506,1505,,173,173,,,,,,,,,,,
1622260000,2,tlm,ticket_enqueue,,,,,,,,,,,,,,,,,,,,,,,,405565,99,99,,205312,,,0,,,,body,,,,1498,1497,,56,56,,,,,,,,,,,
1622260000,3,tlm,ticket_enqueue,,,,,,,,,,,,,,,,,,,,,,,,405565,99,99,,205232,,,0,,,,body,,,,1503,1502,,172,172,,,,,,,,,,,
1622264000,1,tlm,ingress_preaccept,,,,,,,,,,,,,,,,,,,,,,,,405566,99,99,,205200,,,0,,,,,,,,1505,,,173,,172,,,,,,,,,,
1622264000,2,tlm,ingress_preaccept,,,,,,,,,,,,,,,,,,,,,,,,405566,99,99,,205328,,,0,,,,,,,,1497,,,56,,55,,,,,,,,,,
1622264000,3,tlm,ingress_preaccept,,,,,,,,,,,,,,,,,,,,,,,,405566,99,99,,205248,,,8,,,,,,,,1502,,,172,,171,,,,,,,,,,
1622264000,1,tlm,ticket_enqueue,,,,,,,,,,,,,,,,,,,,,,,,405566,99,99,,205200,,,0,,,,body,,,,1505,1504,,173,173,,,,,,,,,,,
1622264000,2,tlm,ticket_enqueue,,,,,,,,,,,,,,,,,,,,,,,,405566,99,99,,205328,,,0,,,,body,,,,1497,1496,,56,56,,,,,,,,,,,
1622268000,1,tlm,ingress_preaccept,,,,,,,,,,,,,,,,,,,,,,,,405567,99,99,,205216,,,0,,,,,,,,1504,,,173,,172,,,,,,,,,,
1622268000,2,tlm,ingress_preaccept,,,,,,,,,,,,,,,,,,,,,,,,405567,99,99,,205344,,,0,,,,,,,,1496,,,56,,55,,,,,,,,,,
1622268000,1,tlm,ticket_enqueue,,,,,,,,,,,,,,,,,,,,,,,,405567,99,99,,205216,,,0,,,,body,,,,1504,1503,,173,173,,,,,,,,,,,
1622268000,2,tlm,ticket_enqueue,,,,,,,,,,,,,,,,,,,,,,,,405567,99,99,,205344,,,0,,,,body,,,,1496,1495,,56,56,,,,,,,,,,,
1622272000,0,tlm,ingress_preaccept,,,,,,,,,,,,,,,,,,,,,,,,405568,99,99,,205296,,,0,,,,,,,,1500,,,2,,1,,,,,,,,,,
1622272000,1,tlm,ingress_preaccept,,,,,,,,,,,,,,,,,,,,,,,,405568,99,99,,205232,,,0,,,,,,,,1503,,,173,,172,,,,,,,,,,
1622272000,2,tlm,ingress_preaccept,,,,,,,,,,,,,,,,,,,,,,,,405568,99,99,,205360,,,0,,,,,,,,1495,,,56,,55,,,,,,,,,,
1622272000,0,tlm,ticket_enqueue,,,,,,,,,,,,,,,,,,,,,,,,405568,99,99,,205296,,,0,,,,body,,,,1500,1499,,2,2,,,,,,,,,,,
1622272000,1,tlm,ticket_enqueue,,,,,,,,,,,,,,,,,,,,,,,,405568,99,99,,205232,,,0,,,,body,,,,1503,1502,,173,173,,,,,,,,,,,
1622272000,2,tlm,ticket_enqueue,,,,,,,,,,,,,,,,,,,,,,,,405568,99,99,,205360,,,0,,,,body,,,,1495,1494,,56,56,,,,,,,,,,,
1622276000,0,tlm,ingress_preaccept,,,,,,,,,,,,,,,,,,,,,,,,405569,99,99,,205312,,,0,,,,,,,,1499,,,2,,1,,,,,,,,,,
1622276000,1,tlm,ingress_preaccept,,,,,,,,,,,,,,,,,,,,,,,,405569,99,99,,205248,,,0,,,,,,,,1502,,,173,,172,,,,,,,,,,
1622276000,2,tlm,ingress_preaccept,,,,,,,,,,,,,,,,,,,,,,,,405569,99,99,,205376,,,0,,,,,,,,1494,,,56,,55,,,,,,,,,,
1622276000,0,tlm,ticket_enqueue,,,,,,,,,,,,,,,,,,,,,,,,405569,99,99,,205312,,,0,,,,body,,,,1499,1498,,2,2,,,,,,,,,,,
1622276000,1,tlm,ticket_enqueue,,,,,,,,,,,,,,,,,,,,,,,,405569,99,99,,205248,,,0,,,,body,,,,1502,1501,,173,173,,,,,,,,,,,
1622276000,2,tlm,ticket_enqueue,,,,,,,,,,,,,,,,,,,,,,,,405569,99,99,,205376,,,0,,,,body,,,,1494,1493,,56,56,,,,,,,,,,,
1622278000,,rtl,allocator_decision,779709,,,,,,,,,,,,idle_to_fetch,164112,15,15,15,15,0,0,0,0,0,,,,,,,,,,,,,,,,,,,,,,,,,,,,,,,
1622280000,1,tlm,ingress_preaccept,,,,,,,,,,,,,,,,,,,,,,,,405570,99,99,,205264,,,0,,,,,,,,1501,,,173,,172,,,,,,,,,,
1622280000,2,tlm,ingress_preaccept,,,,,,,,,,,,,,,,,,,,,,,,405570,99,99,,205392,,,0,,,,,,,,1493,,,56,,55,,,,,,,,,,
1622280000,0,tlm,ingress_predrop,,,,,,,,,,,,,,,,,,,,,,,,405570,99,99,,205328,,,4,,,,,,,,1498,,,2,,1,lane_credit,,,,,,,,,
1622280000,1,tlm,ticket_enqueue,,,,,,,,,,,,,,,,,,,,,,,,405570,99,99,,205264,,,0,,,,body,,,,1501,1500,,173,173,,,,,,,,,,,
1622280000,2,tlm,ticket_enqueue,,,,,,,,,,,,,,,,,,,,,,,,405570,99,99,,205392,,,0,,,,body,,,,1493,1492,,56,56,,,,,,,,,,,
1622284000,1,tlm,ingress_preaccept,,,,,,,,,,,,,,,,,,,,,,,,405571,99,99,,205280,,,4,,,,,,,,1500,,,173,,172,,,,,,,,,,
1622284000,2,tlm,ingress_preaccept,,,,,,,,,,,,,,,,,,,,,,,,405571,99,99,,205408,,,0,,,,,,,,1492,,,56,,55,,,,,,,,,,
1622284000,2,tlm,ticket_enqueue,,,,,,,,,,,,,,,,,,,,,,,,405571,99,99,,205408,,,0,,,,body,,,,1492,1491,,56,56,,,,,,,,,,,
1622288000,2,tlm,ingress_preaccept,,,,,,,,,,,,,,,,,,,,,,,,405572,99,99,,205424,,,0,,,,,,,,1491,,,56,,55,,,,,,,,,,
1622288000,2,tlm,ticket_enqueue,,,,,,,,,,,,,,,,,,,,,,,,405572,99,99,,205424,,,0,,,,body,,,,1491,1490,,56,56,,,,,,,,,,,
1622292000,2,tlm,ingress_preaccept,,,,,,,,,,,,,,,,,,,,,,,,405573,99,99,,205440,,,0,,,,,,,,1490,,,56,,55,,,,,,,,,,
1622292000,2,tlm,ticket_enqueue,,,,,,,,,,,,,,,,,,,,,,,,405573,99,99,,205440,,,0,,,,body,,,,1490,1489,,56,56,,,,,,,,,,,
1622296000,2,tlm,ingress_preaccept,,,,,,,,,,,,,,,,,,,,,,,,405574,99,99,,205456,,,1,,,,,,,,1489,,,56,,55,,,,,,,,,,
1622296000,3,tlm,ticket_enqueue,,,,,,,,,,,,,,,,,,,,,,,,405574,99,99,,205248,,,8,,,,body,,,,1502,1501,,172,164,,,,,,,,,,,
1622300000,0,tlm,ingress_preaccept,,,,,,,,,,,,,,,,,,,,,,,,405575,99,99,,205344,,,0,,,,,,,,1498,,,2,,1,,,,,,,,,,
1622300000,3,tlm,ingress_preaccept,,,,,,,,,,,,,,,,,,,,,,,,405575,99,99,,205264,,,0,,,,,,,,1501,,,164,,163,,,,,,,,,,
1622300000,0,tlm,ticket_enqueue,,,,,,,,,,,,,,,,,,,,,,,,405575,99,99,,205344,,,0,,,,body,,,,1498,1497,,2,2,,,,,,,,,,,
1622300000,1,tlm,ticket_enqueue,,,,,,,,,,,,,,,,,,,,,,,,405575,99,99,,205280,,,4,,,,body,,,,1500,1499,,173,169,,,,,,,,,,,
1622300000,2,tlm,ticket_enqueue,,,,,,,,,,,,,,,,,,,,,,,,405575,99,99,,205456,,,1,,,,body,,,,1489,1488,,56,55,,,,,,,,,,,
1622300000,3,tlm,ticket_enqueue,,,,,,,,,,,,,,,,,,,,,,,,405575,99,99,,205264,,,0,,,,body,,,,1501,1500,,164,164,,,,,,,,,,,
1622304000,0,tlm,ingress_preaccept,,,,,,,,,,,,,,,,,,,,,,,,405576,99,99,,205360,,,0,,,,,,,,1497,,,2,,1,,,,,,,,,,
1622304000,1,tlm,ingress_preaccept,,,,,,,,,,,,,,,,,,,,,,,,405576,99,99,,205296,,,0,,,,,,,,1499,,,169,,168,,,,,,,,,,
1622304000,2,tlm,ingress_preaccept,,,,,,,,,,,,,,,,,,,,,,,,405576,99,99,,205472,,,0,,,,,,,,1488,,,55,,54,,,,,,,,,,
1622304000,3,tlm,ingress_preaccept,,,,,,,,,,,,,,,,,,,,,,,,405576,99,99,,205280,,,0,,,,,,,,1500,,,164,,163,,,,,,,,,,
1622304000,0,tlm,ticket_enqueue,,,,,,,,,,,,,,,,,,,,,,,,405576,99,99,,205360,,,0,,,,body,,,,1497,1496,,2,2,,,,,,,,,,,
1622304000,1,tlm,ticket_enqueue,,,,,,,,,,,,,,,,,,,,,,,,405576,99,99,,205296,,,0,,,,body,,,,1499,1498,,169,169,,,,,,,,,,,
1622304000,2,tlm,ticket_enqueue,,,,,,,,,,,,,,,,,,,,,,,,405576,99,99,,205472,,,0,,,,body,,,,1488,1487,,55,55,,,,,,,,,,,
1622304000,3,tlm,ticket_enqueue,,,,,,,,,,,,,,,,,,,,,,,,405576,99,99,,205280,,,0,,,,body,,,,1500,1499,,164,164,,,,,,,,,,,
1622308000,0,tlm,ingress_preaccept,,,,,,,,,,,,,,,,,,,,,,,,405577,99,99,,205376,,,0,,,,,,,,1496,,,2,,1,,,,,,,,,,
1622308000,1,tlm,ingress_preaccept,,,,,,,,,,,,,,,,,,,,,,,,405577,99,99,,205312,,,4,,,,,,,,1498,,,169,,168,,,,,,,,,,
1622308000,2,tlm,ingress_preaccept,,,,,,,,,,,,,,,,,,,,,,,,405577,99,99,,205488,,,0,,,,,,,,1487,,,55,,54,,,,,,,,,,
1622308000,3,tlm,ingress_preaccept,,,,,,,,,,,,,,,,,,,,,,,,405577,99,99,,205296,,,0,,,,,,,,1499,,,164,,163,,,,,,,,,,
1622308000,0,tlm,ticket_enqueue,,,,,,,,,,,,,,,,,,,,,,,,405577,99,99,,205376,,,0,,,,body,,,,1496,1495,,2,2,,,,,,,,,,,
1622308000,2,tlm,ticket_enqueue,,,,,,,,,,,,,,,,,,,,,,,,405577,99,99,,205488,,,0,,,,body,,,,1487,1486,,55,55,,,,,,,,,,,
1622308000,3,tlm,ticket_enqueue,,,,,,,,,,,,,,,,,,,,,,,,405577,99,99,,205296,,,0,,,,body,,,,1499,1498,,164,164,,,,,,,,,,,
1622312000,0,tlm,ingress_preaccept,,,,,,,,,,,,,,,,,,,,,,,,405578,99,99,,205392,,,0,,,,,,,,1495,,,2,,1,,,,,,,,,,
1622312000,2,tlm,ingress_preaccept,,,,,,,,,,,,,,,,,,,,,,,,405578,99,99,,205504,,,0,,,,,,,,1486,,,55,,54,,,,,,,,,,
1622312000,3,tlm,ingress_preaccept,,,,,,,,,,,,,,,,,,,,,,,,405578,99,99,,205312,,,0,,,,,,,,1498,,,164,,163,,,,,,,,,,
1622312000,0,tlm,ticket_enqueue,,,,,,,,,,,,,,,,,,,,,,,,405578,99,99,,205392,,,0,,,,body,,,,1495,1494,,2,2,,,,,,,,,,,
1622312000,2,tlm,ticket_enqueue,,,,,,,,,,,,,,,,,,,,,,,,405578,99,99,,205504,,,0,,,,body,,,,1486,1485,,55,55,,,,,,,,,,,
1622312000,3,tlm,ticket_enqueue,,,,,,,,,,,,,,,,,,,,,,,,405578,99,99,,205312,,,0,,,,body,,,,1498,1497,,164,164,,,,,,,,,,,
1622316000,0,tlm,ingress_preaccept,,,,,,,,,,,,,,,,,,,,,,,,405579,99,99,,205408,,,0,,,,,,,,1494,,,2,,1,,,,,,,,,,
1622316000,2,tlm,ingress_preaccept,,,,,,,,,,,,,,,,,,,,,,,,405579,99,99,,205520,,,0,,,,,,,,1485,,,55,,54,,,,,,,,,,
1622316000,3,tlm,ingress_preaccept,,,,,,,,,,,,,,,,,,,,,,,,405579,99,99,,205328,,,0,,,,,,,,1497,,,164,,163,,,,,,,,,,
1622316000,0,tlm,ticket_enqueue,,,,,,,,,,,,,,,,,,,,,,,,405579,99,99,,205408,,,0,,,,body,,,,1494,1493,,2,2,,,,,,,,,,,
1622316000,2,tlm,ticket_enqueue,,,,,,,,,,,,,,,,,,,,,,,,405579,99,99,,205520,,,0,,,,body,,,,1485,1484,,55,55,,,,,,,,,,,
1622316000,3,tlm,ticket_enqueue,,,,,,,,,,,,,,,,,,,,,,,,405579,99,99,,205328,,,0,,,,body,,,,1497,1496,,164,164,,,,,,,,,,,
1622318000,2,rtl,credit_return,779734,,,,,,,,,,,,,,,,,,,,,,,,,,,,,,4,,,,mover_done,10,,,,,,,,,,,,,,,,,,
1622320000,,tlm,allocator_fetch,,,,,,,,,,,,,,164080,,,,,,,,,,405580,79,79,,,,,,,,,,,15,15,,,,,,,,,,,,,,,,
1622320000,0,tlm,handle_accept,,,,,,,,,,,,,,164080,,,,,,,,,,405580,79,79,,164080,,,4,,,59,,,,,,,1,,,,,,,,,,,,,
1622320000,0,tlm,ingress_preaccept,,,,,,,,,,,,,,,,,,,,,,,,405580,99,99,,205424,,,0,,,,,,,,1493,,,2,,1,,,,,,,,,,
1622320000,2,tlm,ingress_preaccept,,,,,,,,,,,,,,,,,,,,,,,,405580,99,99,,205536,,,0,,,,,,,,1484,,,55,,54,,,,,,,,,,
1622320000,3,tlm,ingress_preaccept,,,,,,,,,,,,,,,,,,,,,,,,405580,99,99,,205344,,,0,,,,,,,,1496,,,164,,163,,,,,,,,,,
1622320000,0,tlm,ticket_enqueue,,,,,,,,,,,,,,,,,,,,,,,,405580,99,99,,205424,,,0,,,,body,,,,1493,1492,,2,2,,,,,,,,,,,
1622320000,2,tlm,ticket_enqueue,,,,,,,,,,,,,,,,,,,,,,,,405580,99,99,,205536,,,0,,,,body,,,,1484,1483,,55,55,,,,,,,,,,,
1622320000,3,tlm,ticket_enqueue,,,,,,,,,,,,,,,,,,,,,,,,405580,99,99,,205344,,,0,,,,body,,,,1496,1495,,164,164,,,,,,,,,,,
1622320000,0,tlm,ticket_pop,,,,,,,,,,,,,,,,,,,,,,,,405580,79,79,,164080,,,4,,,,body,,,,1492,1493,,,,,,,,,,,,,,
1622320000,1,tlm,ticket_pop,,,,,,,,,,,,,,,,,,,,,,,,405580,79,79,,164080,,,0,,,,body,,,,1498,1499,,,,,,,,,,,,,,
1622320000,2,tlm,ticket_pop,,,,,,,,,,,,,,,,,,,,,,,,405580,79,79,,164080,,,0,,,,body,,,,1483,1484,,,,,,,,,,,,,,
1622320000,3,tlm,ticket_pop,,,,,,,,,,,,,,,,,,,,,,,,405580,79,79,,164080,,,0,,,,body,,,,1495,1496,,,,,,,,,,,,,,
1622322000,2,rtl,credit_return,779737,,,,,,,,,,,,,,,,,,,,,,,,,,,,,,4,,,,credit_return,10,,,,,,,,,,,,,,,,,,
1622324000,0,tlm,ingress_preaccept,,,,,,,,,,,,,,,,,,,,,,,,405581,99,99,,205440,,,0,,,,,,,,1493,,,2,,1,,,,,,,,,,
1622324000,2,tlm,ingress_preaccept,,,,,,,,,,,,,,,,,,,,,,,,405581,99,99,,205552,,,0,,,,,,,,1484,,,55,,54,,,,,,,,,,
1622324000,3,tlm,ingress_preaccept,,,,,,,,,,,,,,,,,,,,,,,,405581,99,99,,205360,,,0,,,,,,,,1496,,,164,,163,,,,,,,,,,
1622324000,0,tlm,ticket_enqueue,,,,,,,,,,,,,,,,,,,,,,,,405581,99,99,,205440,,,0,,,,body,,,,1493,1492,,2,2,,,,,,,,,,,
1622324000,1,tlm,ticket_enqueue,,,,,,,,,,,,,,,,,,,,,,,,405581,99,99,,205312,,,4,,,,body,,,,1499,1498,,169,165,,,,,,,,,,,
1622324000,2,tlm,ticket_enqueue,,,,,,,,,,,,,,,,,,,,,,,,405581,99,99,,205552,,,0,,,,body,,,,1484,1483,,55,55,,,,,,,,,,,
1622324000,3,tlm,ticket_enqueue,,,,,,,,,,,,,,,,,,,,,,,,405581,99,99,,205360,,,0,,,,body,,,,1496,1495,,164,164,,,,,,,,,,,
1622328000,1,tlm,allocator_lane_action,,empty,,,,,,,,,,,,164080,,,,,,,,,,405582,79,79,,164080,,,0,,,,,,,,,,,,,,,,,,,,,,,
1622328000,0,tlm,ingress_preaccept,,,,,,,,,,,,,,,,,,,,,,,,405582,99,99,,205456,,,0,,,,,,,,1492,,,2,,1,,,,,,,,,,
1622328000,1,tlm,ingress_preaccept,,,,,,,,,,,,,,,,,,,,,,,,405582,99,99,,205328,,,0,,,,,,,,1498,,,165,,164,,,,,,,,,,
1622328000,2,tlm,ingress_preaccept,,,,,,,,,,,,,,,,,,,,,,,,405582,99,99,,205568,,,0,,,,,,,,1483,,,55,,54,,,,,,,,,,
1622328000,3,tlm,ingress_preaccept,,,,,,,,,,,,,,,,,,,,,,,,405582,99,99,,205376,,,0,,,,,,,,1495,,,164,,163,,,,,,,,,,
1622328000,0,tlm,ticket_enqueue,,,,,,,,,,,,,,,,,,,,,,,,405582,99,99,,205456,,,0,,,,body,,,,1492,1491,,2,2,,,,,,,,,,,
1622328000,1,tlm,ticket_enqueue,,,,,,,,,,,,,,,,,,,,,,,,405582,99,99,,205328,,,0,,,,body,,,,1498,1497,,165,165,,,,,,,,,,,
1622328000,2,tlm,ticket_enqueue,,,,,,,,,,,,,,,,,,,,,,,,405582,99,99,,205568,,,0,,,,body,,,,1483,1482,,55,55,,,,,,,,,,,
1622328000,3,tlm,ticket_enqueue,,,,,,,,,,,,,,,,,,,,,,,,405582,99,99,,205376,,,0,,,,body,,,,1495,1494,,164,164,,,,,,,,,,,
1622332000,0,tlm,ingress_preaccept,,,,,,,,,,,,,,,,,,,,,,,,405583,99,99,,205472,,,0,,,,,,,,1491,,,2,,1,,,,,,,,,,
1622332000,1,tlm,ingress_preaccept,,,,,,,,,,,,,,,,,,,,,,,,405583,99,99,,205344,,,0,,,,,,,,1497,,,165,,164,,,,,,,,,,
1622332000,2,tlm,ingress_preaccept,,,,,,,,,,,,,,,,,,,,,,,,405583,99,99,,205584,,,0,,,,,,,,1482,,,55,,54,,,,,,,,,,
1622332000,3,tlm,ingress_preaccept,,,,,,,,,,,,,,,,,,,,,,,,405583,99,99,,205392,,,1,,,,,,,,1494,,,164,,163,,,,,,,,,,
1622332000,0,tlm,ticket_enqueue,,,,,,,,,,,,,,,,,,,,,,,,405583,99,99,,205472,,,0,,,,body,,,,1491,1490,,2,2,,,,,,,,,,,
1622332000,1,tlm,ticket_enqueue,,,,,,,,,,,,,,,,,,,,,,,,405583,99,99,,205344,,,0,,,,body,,,,1497,1496,,165,165,,,,,,,,,,,
1622332000,2,tlm,ticket_enqueue,,,,,,,,,,,,,,,,,,,,,,,,405583,99,99,,205584,,,0,,,,body,,,,1482,1481,,55,55,,,,,,,,,,,
1622336000,2,tlm,allocator_lane_action,,empty,,,,,,,,,,,,164080,,,,,,,,,,405584,79,79,,164080,,,0,,,,,,,,,,,,,,,,,,,,,,,
1622336000,0,tlm,ingress_preaccept,,,,,,,,,,,,,,,,,,,,,,,,405584,99,99,,205488,,,0,,,,,,,,1490,,,2,,1,,,,,,,,,,
1622336000,1,tlm,ingress_preaccept,,,,,,,,,,,,,,,,,,,,,,,,405584,99,99,,205360,,,0,,,,,,,,1496,,,165,,164,,,,,,,,,,
1622336000,2,tlm,ingress_preaccept,,,,,,,,,,,,,,,,,,,,,,,,405584,99,99,,205600,,,4,,,,,,,,1481,,,55,,54,,,,,,,,,,
1622336000,0,tlm,ticket_enqueue,,,,,,,,,,,,,,,,,,,,,,,,405584,99,99,,205488,,,0,,,,body,,,,1490,1489,,2,2,,,,,,,,,,,
1622336000,1,tlm,ticket_enqueue,,,,,,,,,,,,,,,,,,,,,,,,405584,99,99,,205360,,,0,,,,body,,,,1496,1495,,165,165,,,,,,,,,,,
1622336000,3,tlm,ticket_enqueue,,,,,,,,,,,,,,,,,,,,,,,,405584,99,99,,205392,,,1,,,,body,,,,1494,1493,,164,163,,,,,,,,,,,
1622338000,0,rtl,allocator_lane_action,779742,2,0,1,0,164112,0,79,0,0,1,0,,,,,,,,,,,,,,,,,,,,,,,,,,,,,,,,,,,,,,,,,,
1622338000,1,rtl,allocator_lane_action,779743,2,0,1,0,164112,0,79,0,0,1,0,,,,,,,,,,,,,,,,,,,,,,,,,,,,,,,,,,,,,,,,,,
1622338000,2,rtl,allocator_lane_action,779744,2,0,1,0,164112,0,79,0,0,1,0,,,,,,,,,,,,,,,,,,,,,,,,,,,,,,,,,,,,,,,,,,
1622338000,3,rtl,allocator_lane_action,779745,2,0,1,0,164112,0,79,0,0,1,0,,,,,,,,,,,,,,,,,,,,,,,,,,,,,,,,,,,,,,,,,,
1622340000,0,tlm,credit_return,,,,,,,,,,,,,,,,,,,,,,,,405585,79,79,,164080,,,4,,,,,,,,,,0,2,6,,,,,,,,,,,
1622340000,0,tlm,ingress_preaccept,,,,,,,,,,,,,,,,,,,,,,,,405585,99,99,,205504,,,0,,,,,,,,1489,,,2,,1,,,,,,,,,,
1622340000,1,tlm,ingress_preaccept,,,,,,,,,,,,,,,,,,,,,,,,405585,99,99,,205376,,,0,,,,,,,,1495,,,165,,164,,,,,,,,,,
1622340000,3,tlm,ingress_preaccept,,,,,,,,,,,,,,,,,,,,,,,,405585,99,99,,205408,,,4,,,,,,,,1493,,,163,,162,,,,,,,,,,
1622340000,0,tlm,ticket_enqueue,,,,,,,,,,,,,,,,,,,,,,,,405585,99,99,,205504,,,0,,,,body,,,,1489,1488,,2,2,,,,,,,,,,,
1622340000,1,tlm,ticket_enqueue,,,,,,,,,,,,,,,,,,,,,,,,405585,99,99,,205376,,,0,,,,body,,,,1495,1494,,165,165,,,,,,,,,,,
1622344000,3,tlm,allocator_lane_action,,empty,,,,,,,,,,,,164080,,,,,,,,,,405586,79,79,,164080,,,0,,,,,,,,,,,,,,,,,,,,,,,
1622344000,0,tlm,ingress_preaccept,,,,,,,,,,,,,,,,,,,,,,,,405586,99,99,,205520,,,0,,,,,,,,1488,,,6,,5,,,,,,,,,,
1622344000,1,tlm,ingress_preaccept,,,,,,,,,,,,,,,,,,,,,,,,405586,99,99,,205392,,,0,,,,,,,,1494,,,165,,164,,,,,,,,,,
1622344000,0,tlm,ticket_enqueue,,,,,,,,,,,,,,,,,,,,,,,,405586,99,99,,205520,,,0,,,,body,,,,1488,1487,,6,6,,,,,,,,,,,
1622344000,1,tlm,ticket_enqueue,,,,,,,,,,,,,,,,,,,,,,,,405586,99,99,,205392,,,0,,,,body,,,,1494,1493,,165,165,,,,,,,,,,,
1622348000,0,tlm,ingress_preaccept,,,,,,,,,,,,,,,,,,,,,,,,405587,99,99,,205536,,,0,,,,,,,,1487,,,6,,5,,,,,,,,,,
1622348000,1,tlm,ingress_preaccept,,,,,,,,,,,,,,,,,,,,,,,,405587,99,99,,205408,,,0,,,,,,,,1493,,,165,,164,,,,,,,,,,
1622348000,0,tlm,ticket_enqueue,,,,,,,,,,,,,,,,,,,,,,,,405587,99,99,,205536,,,0,,,,body,,,,1487,1486,,6,6,,,,,,,,,,,
1622348000,1,tlm,ticket_enqueue,,,,,,,,,,,,,,,,,,,,,,,,405587,99,99,,205408,,,0,,,,body,,,,1493,1492,,165,165,,,,,,,,,,,
1622352000,0,tlm,ingress_preaccept,,,,,,,,,,,,,,,,,,,,,,,,405588,99,99,,205552,,,0,,,,,,,,1486,,,6,,5,,,,,,,,,,
1622352000,1,tlm,ingress_preaccept,,,,,,,,,,,,,,,,,,,,,,,,405588,99,99,,205424,,,0,,,,,,,,1492,,,165,,164,,,,,,,,,,
1622352000,0,tlm,ticket_enqueue,,,,,,,,,,,,,,,,,,,,,,,,405588,99,99,,205552,,,0,,,,body,,,,1486,1485,,6,6,,,,,,,,,,,
1622352000,1,tlm,ticket_enqueue,,,,,,,,,,,,,,,,,,,,,,,,405588,99,99,,205424,,,0,,,,body,,,,1492,1491,,165,165,,,,,,,,,,,
1622352000,2,tlm,ticket_enqueue,,,,,,,,,,,,,,,,,,,,,,,,405588,99,99,,205600,,,4,,,,body,,,,1481,1480,,55,51,,,,,,,,,,,
1622356000,0,tlm,ingress_preaccept,,,,,,,,,,,,,,,,,,,,,,,,405589,99,99,,205568,,,0,,,,,,,,1485,,,6,,5,,,,,,,,,,
1622356000,1,tlm,ingress_preaccept,,,,,,,,,,,,,,,,,,,,,,,,405589,99,99,,205440,,,0,,,,,,,,1491,,,165,,164,,,,,,,,,,
1622356000,2,tlm,ingress_preaccept,,,,,,,,,,,,,,,,,,,,,,,,405589,99,99,,205616,,,0,,,,,,,,1480,,,51,,50,,,,,,,,,,
1622356000,0,tlm,ticket_enqueue,,,,,,,,,,,,,,,,,,,,,,,,405589,99,99,,205568,,,0,,,,body,,,,1485,1484,,6,6,,,,,,,,,,,
1622356000,1,tlm,ticket_enqueue,,,,,,,,,,,,,,,,,,,,,,,,405589,99,99,,205440,,,0,,,,body,,,,1491,1490,,165,165,,,,,,,,,,,
1622356000,2,tlm,ticket_enqueue,,,,,,,,,,,,,,,,,,,,,,,,405589,99,99,,205616,,,0,,,,body,,,,1480,1479,,51,51,,,,,,,,,,,
1622356000,3,tlm,ticket_enqueue,,,,,,,,,,,,,,,,,,,,,,,,405589,99,99,,205408,,,4,,,,body,,,,1493,1492,,163,159,,,,,,,,,,,
1622360000,0,tlm,ingress_preaccept,,,,,,,,,,,,,,,,,,,,,,,,405590,99,99,,205584,,,0,,,,,,,,1484,,,6,,5,,,,,,,,,,
1622360000,1,tlm,ingress_preaccept,,,,,,,,,,,,,,,,,,,,,,,,405590,99,99,,205456,,,0,,,,,,,,1490,,,165,,164,,,,,,,,,,
1622360000,2,tlm,ingress_preaccept,,,,,,,,,,,,,,,,,,,,,,,,405590,99,99,,205632,,,0,,,,,,,,1479,,,51,,50,,,,,,,,,,
1622360000,3,tlm,ingress_preaccept,,,,,,,,,,,,,,,,,,,,,,,,405590,99,99,,205424,,,0,,,,,,,,1492,,,159,,158,,,,,,,,,,
1622360000,0,tlm,ticket_enqueue,,,,,,,,,,,,,,,,,,,,,,,,405590,99,99,,205584,,,0,,,,body,,,,1484,1483,,6,6,,,,,,,,,,,
1622360000,1,tlm,ticket_enqueue,,,,,,,,,,,,,,,,,,,,,,,,405590,99,99,,205456,,,0,,,,body,,,,1490,1489,,165,165,,,,,,,,,,,
1622360000,2,tlm,ticket_enqueue,,,,,,,,,,,,,,,,,,,,,,,,405590,99,99,,205632,,,0,,,,body,,,,1479,1478,,51,51,,,,,,,,,,,
1622360000,3,tlm,ticket_enqueue,,,,,,,,,,,,,,,,,,,,,,,,405590,99,99,,205424,,,0,,,,body,,,,1492,1491,,159,159,,,,,,,,,,,
1622364000,0,tlm,ingress_preaccept,,,,,,,,,,,,,,,,,,,,,,,,405591,99,99,,205600,,,0,,,,,,,,1483,,,6,,5,,,,,,,,,,
1622364000,1,tlm,ingress_preaccept,,,,,,,,,,,,,,,,,,,,,,,,405591,99,99,,205472,,,0,,,,,,,,1489,,,165,,164,,,,,,,,,,
1622364000,2,tlm,ingress_preaccept,,,,,,,,,,,,,,,,,,,,,,,,405591,99,99,,205648,,,0,,,,,,,,1478,,,51,,50,,,,,,,,,,
1622364000,3,tlm,ingress_preaccept,,,,,,,,,,,,,,,,,,,,,,,,405591,99,99,,205440,,,8,,,,,,,,1491,,,159,,158,,,,,,,,,,
1622364000,0,tlm,ticket_enqueue,,,,,,,,,,,,,,,,,,,,,,,,405591,99,99,,205600,,,0,,,,body,,,,1483,1482,,6,6,,,,,,,,,,,
1622364000,1,tlm,ticket_enqueue,,,,,,,,,,,,,,,,,,,,,,,,405591,99,99,,205472,,,0,,,,body,,,,1489,1488,,165,165,,,,,,,,,,,
1622364000,2,tlm,ticket_enqueue,,,,,,,,,,,,,,,,,,,,,,,,405591,99,99,,205648,,,0,,,,body,,,,1478,1477,,51,51,,,,,,,,,,,
1622368000,0,tlm,ingress_preaccept,,,,,,,,,,,,,,,,,,,,,,,,405592,99,99,,205616,,,0,,,,,,,,1482,,,6,,5,,,,,,,,,,
1622368000,1,tlm,ingress_preaccept,,,,,,,,,,,,,,,,,,,,,,,,405592,99,99,,205488,,,0,,,,,,,,1488,,,165,,164,,,,,,,,,,
1622368000,2,tlm,ingress_preaccept,,,,,,,,,,,,,,,,,,,,,,,,405592,99,99,,205664,,,0,,,,,,,,1477,,,51,,50,,,,,,,,,,
1622368000,0,tlm,ticket_enqueue,,,,,,,,,,,,,,,,,,,,,,,,405592,99,99,,205616,,,0,,,,body,,,,1482,1481,,6,6,,,,,,,,,,,
1622368000,1,tlm,ticket_enqueue,,,,,,,,,,,,,,,,,,,,,,,,405592,99,99,,205488,,,0,,,,body,,,,1488,1487,,165,165,,,,,,,,,,,
1622368000,2,tlm,ticket_enqueue,,,,,,,,,,,,,,,,,,,,,,,,405592,99,99,,205664,,,0,,,,body,,,,1477,1476,,51,51,,,,,,,,,,,
1622372000,0,tlm,ingress_preaccept,,,,,,,,,,,,,,,,,,,,,,,,405593,99,99,,205632,,,0,,,,,,,,1481,,,6,,5,,,,,,,,,,
1622372000,1,tlm,ingress_preaccept,,,,,,,,,,,,,,,,,,,,,,,,405593,99,99,,205504,,,0,,,,,,,,1487,,,165,,164,,,,,,,,,,
1622372000,2,tlm,ingress_preaccept,,,,,,,,,,,,,,,,,,,,,,,,405593,99,99,,205680,,,0,,,,,,,,1476,,,51,,50,,,,,,,,,,
1622372000,0,tlm,ticket_enqueue,,,,,,,,,,,,,,,,,,,,,,,,405593,99,99,,205632,,,0,,,,body,,,,1481,1480,,6,6,,,,,,,,,,,
1622372000,1,tlm,ticket_enqueue,,,,,,,,,,,,,,,,,,,,,,,,405593,99,99,,205504,,,0,,,,body,,,,1487,1486,,165,165,,,,,,,,,,,
1622372000,2,tlm,ticket_enqueue,,,,,,,,,,,,,,,,,,,,,,,,405593,99,99,,205680,,,0,,,,body,,,,1476,1475,,51,51,,,,,,,,,,,
1622376000,0,tlm,ingress_preaccept,,,,,,,,,,,,,,,,,,,,,,,,405594,99,99,,205648,,,0,,,,,,,,1480,,,6,,5,,,,,,,,,,
1622376000,1,tlm,ingress_preaccept,,,,,,,,,,,,,,,,,,,,,,,,405594,99,99,,205520,,,0,,,,,,,,1486,,,165,,164,,,,,,,,,,
1622376000,2,tlm,ingress_preaccept,,,,,,,,,,,,,,,,,,,,,,,,405594,99,99,,205696,,,0,,,,,,,,1475,,,51,,50,,,,,,,,,,
1622376000,0,tlm,ticket_enqueue,,,,,,,,,,,,,,,,,,,,,,,,405594,99,99,,205648,,,0,,,,body,,,,1480,1479,,6,6,,,,,,,,,,,
1622376000,1,tlm,ticket_enqueue,,,,,,,,,,,,,,,,,,,,,,,,405594,99,99,,205520,,,0,,,,body,,,,1486,1485,,165,165,,,,,,,,,,,
1622376000,2,tlm,ticket_enqueue,,,,,,,,,,,,,,,,,,,,,,,,405594,99,99,,205696,,,0,,,,body,,,,1475,1474,,51,51,,,,,,,,,,,
1622380000,0,tlm,ingress_preaccept,,,,,,,,,,,,,,,,,,,,,,,,405595,99,99,,205664,,,0,,,,,,,,1479,,,6,,5,,,,,,,,,,
1622380000,1,tlm,ingress_preaccept,,,,,,,,,,,,,,,,,,,,,,,,405595,99,99,,205536,,,0,,,,,,,,1485,,,165,,164,,,,,,,,,,
1622380000,2,tlm,ingress_preaccept,,,,,,,,,,,,,,,,,,,,,,,,405595,99,99,,205712,,,0,,,,,,,,1474,,,51,,50,,,,,,,,,,
1622380000,0,tlm,ticket_enqueue,,,,,,,,,,,,,,,,,,,,,,,,405595,99,99,,205664,,,0,,,,body,,,,1479,1478,,6,6,,,,,,,,,,,
1622380000,1,tlm,ticket_enqueue,,,,,,,,,,,,,,,,,,,,,,,,405595,99,99,,205536,,,0,,,,body,,,,1485,1484,,165,165,,,,,,,,,,,
1622380000,2,tlm,ticket_enqueue,,,,,,,,,,,,,,,,,,,,,,,,405595,99,99,,205712,,,0,,,,body,,,,1474,1473,,51,51,,,,,,,,,,,
1622382000,,rtl,allocator_decision,779757,,,,,,,,,,,,idle_to_fetch,164128,15,15,15,15,0,0,0,0,15,,,,,,,,,,,,,,,,,,,,,,,,,,,,,,,
1622384000,0,tlm,ingress_preaccept,,,,,,,,,,,,,,,,,,,,,,,,405596,99,99,,205680,,,0,,,,,,,,1478,,,6,,5,,,,,,,,,,
1622384000,1,tlm,ingress_preaccept,,,,,,,,,,,,,,,,,,,,,,,,405596,99,99,,205552,,,0,,,,,,,,1484,,,165,,164,,,,,,,,,,
1622384000,2,tlm,ingress_preaccept,,,,,,,,,,,,,,,,,,,,,,,,405596,99,99,,205728,,,0,,,,,,,,1473,,,51,,50,,,,,,,,,,
1622384000,0,tlm,ticket_enqueue,,,,,,,,,,,,,,,,,,,,,,,,405596,99,99,,205680,,,0,,,,body,,,,1478,1477,,6,6,,,,,,,,,,,
1622384000,1,tlm,ticket_enqueue,,,,,,,,,,,,,,,,,,,,,,,,405596,99,99,,205552,,,0,,,,body,,,,1484,1483,,165,165,,,,,,,,,,,
1622384000,2,tlm,ticket_enqueue,,,,,,,,,,,,,,,,,,,,,,,,405596,99,99,,205728,,,0,,,,body,,,,1473,1472,,51,51,,,,,,,,,,,
1622386000,,rtl,parser_ticket_we,779763,,,,,,,,1,1,,,,,,,,,,,,,,,,,,373670543459,,,0,,,,,,,,,,,,,,,41,484,,,,,,,
1622386000,,rtl,parser_ticket_we,779764,,,,,,,,1,0,,,,,,,,,,,,,,,,,,481044725859,,,0,,,,,,,,,,,,,,,41,484,,,,,,,
1622386000,,rtl,parser_ticket_we,779765,,,,,,,,1,0,,,,,,,,,,,,,,,,,,459569889379,,,0,,,,,,,,,,,,,,,81,484,,,,,,,
1622386000,,rtl,parser_ticket_we,779766,,,,,,,,1,0,,,,,,,,,,,,,,,,,,523994398819,,,0,,,,,,,,,,,,,,,81,484,,,,,,,
1622388000,0,tlm,ingress_preaccept,,,,,,,,,,,,,,,,,,,,,,,,405597,99,99,,205696,,,4,,,,,,,,1477,,,6,,5,,,,,,,,,,
1622388000,1,tlm,ingress_preaccept,,,,,,,,,,,,,,,,,,,,,,,,405597,99,99,,205568,,,0,,,,,,,,1483,,,165,,164,,,,,,,,,,
1622388000,2,tlm,ingress_preaccept,,,,,,,,,,,,,,,,,,,,,,,,405597,99,99,,205744,,,0,,,,,,,,1472,,,51,,50,,,,,,,,,,
1622388000,1,tlm,ticket_enqueue,,,,,,,,,,,,,,,,,,,,,,,,405597,99,99,,205568,,,0,,,,body,,,,1483,1482,,165,165,,,,,,,,,,,
1622388000,2,tlm,ticket_enqueue,,,,,,,,,,,,,,,,,,,,,,,,405597,99,99,,205744,,,0,,,,body,,,,1472,1471,,51,51,,,,,,,,,,,
1622390000,,rtl,parser_ticket_we,779768,,,,,,,,0,0,,,,,,,,,,,,,,,,,,204800,,,0,,,,,,,,,,,,,,,530,485,,,,,,,
1622390000,,rtl,parser_ticket_we,779769,,,,,,,,0,0,,,,,,,,,,,,,,,,,,204800,,,0,,,,,,,,,,,,,,,598,485,,,,,,,
1622390000,,rtl,parser_ticket_we,779770,,,,,,,,0,1,,,,,,,,,,,,,,,,,,204800,,,0,,,,,,,,,,,,,,,1233,485,,,,,,,
1622392000,1,tlm,ingress_preaccept,,,,,,,,,,,,,,,,,,,,,,,,405598,99,99,,205584,,,4,,,,,,,,1482,,,165,,164,,,,,,,,,,
1622392000,2,tlm,ingress_preaccept,,,,,,,,,,,,,,,,,,,,,,,,405598,99,99,,205760,,,4,,,,,,,,1471,,,51,,50,,,,,,,,,,
1622394000,,rtl,parser_ticket_we,779776,,,,,,,,0,0,,,,,,,,,,,,,,,,,,204816,,,0,,,,,,,,,,,,,,,598,486,,,,,,,
1622394000,,rtl,parser_ticket_we,779777,,,,,,,,0,0,,,,,,,,,,,,,,,,,,204816,,,0,,,,,,,,,,,,,,,530,486,,,,,,,
1622396000,3,tlm,ticket_enqueue,,,,,,,,,,,,,,,,,,,,,,,,405599,99,99,,205440,,,8,,,,body,,,,1491,1490,,159,151,,,,,,,,,,,
1622398000,,rtl,parser_ticket_we,779782,,,,,,,,0,0,,,,,,,,,,,,,,,,,,204832,,,0,,,,,,,,,,,,,,,598,487,,,,,,,
1622400000,3,tlm,ingress_preaccept,,,,,,,,,,,,,,,,,,,,,,,,405600,99,99,,205456,,,4,,,,,,,,1490,,,151,,150,,,,,,,,,,
1622402000,,rtl,parser_ticket_we,779786,,,,,,,,0,0,,,,,,,,,,,,,,,,,,204848,,,0,,,,,,,,,,,,,,,598,488,,,,,,,
1622404000,0,tlm,ticket_enqueue,,,,,,,,,,,,,,,,,,,,,,,,405601,99,99,,205696,,,4,,,,body,,,,1477,1476,,6,2,,,,,,,,,,,
1622406000,,rtl,parser_ticket_we,779789,,,,,,,,0,0,,,,,,,,,,,,,,,,,,204864,,,0,,,,,,,,,,,,,,,598,489,,,,,,,
1622408000,0,tlm,ingress_preaccept,,,,,,,,,,,,,,,,,,,,,,,,405602,99,99,,205712,,,0,,,,,,,,1476,,,2,,1,,,,,,,,,,
1622408000,0,tlm,ticket_enqueue,,,,,,,,,,,,,,,,,,,,,,,,405602,99,99,,205712,,,0,,,,body,,,,1476,1475,,2,2,,,,,,,,,,,
1622408000,1,tlm,ticket_enqueue,,,,,,,,,,,,,,,,,,,,,,,,405602,99,99,,205584,,,4,,,,body,,,,1482,1481,,165,161,,,,,,,,,,,
1622408000,2,tlm,ticket_enqueue,,,,,,,,,,,,,,,,,,,,,,,,405602,99,99,,205760,,,4,,,,body,,,,1471,1470,,51,47,,,,,,,,,,,
1622410000,,rtl,parser_ticket_we,779792,,,,,,,,0,0,,,,,,,,,,,,,,,,,,204816,,,4,,,,,,,,,,,,,,,1233,486,,,,,,,
1622410000,,rtl,parser_ticket_we,779793,,,,,,,,0,0,,,,,,,,,,,,,,,,,,204880,,,0,,,,,,,,,,,,,,,598,490,,,,,,,
1622412000,1,tlm,ingress_preaccept,,,,,,,,,,,,,,,,,,,,,,,,405603,99,99,,205600,,,0,,,,,,,,1481,,,161,,160,,,,,,,,,,
1622412000,2,tlm,ingress_preaccept,,,,,,,,,,,,,,,,,,,,,,,,405603,99,99,,205776,,,0,,,,,,,,1470,,,47,,46,,,,,,,,,,
1622412000,0,tlm,ingress_predrop,,,,,,,,,,,,,,,,,,,,,,,,405603,99,99,,205728,,,4,,,,,,,,1475,,,2,,1,lane_credit,,,,,,,,,
1622412000,1,tlm,ticket_enqueue,,,,,,,,,,,,,,,,,,,,,,,,405603,99,99,,205600,,,0,,,,body,,,,1481,1480,,161,161,,,,,,,,,,,
1622412000,2,tlm,ticket_enqueue,,,,,,,,,,,,,,,,,,,,,,,,405603,99,99,,205776,,,0,,,,body,,,,1470,1469,,47,47,,,,,,,,,,,
1622414000,,rtl,parser_ticket_we,779796,,,,,,,,0,0,,,,,,,,,,,,,,,,,,204832,,,4,,,,,,,,,,,,,,,530,487,,,,,,,
1622414000,,rtl,parser_ticket_we,779797,,,,,,,,0,0,,,,,,,,,,,,,,,,,,204896,,,0,,,,,,,,,,,,,,,598,491,,,,,,,
1622414000,,rtl,parser_ticket_we,779798,,,,,,,,0,0,,,,,,,,,,,,,,,,,,204832,,,0,,,,,,,,,,,,,,,1237,487,,,,,,,
1622416000,1,tlm,ingress_preaccept,,,,,,,,,,,,,,,,,,,,,,,,405604,99,99,,205616,,,0,,,,,,,,1480,,,161,,160,,,,,,,,,,
1622416000,2,tlm,ingress_preaccept,,,,,,,,,,,,,,,,,,,,,,,,405604,99,99,,205792,,,4,,,,,,,,1469,,,47,,46,,,,,,,,,,
1622416000,1,tlm,ticket_enqueue,,,,,,,,,,,,,,,,,,,,,,,,405604,99,99,,205616,,,0,,,,body,,,,1480,1479,,161,161,,,,,,,,,,,
1622416000,3,tlm,ticket_enqueue,,,,,,,,,,,,,,,,,,,,,,,,405604,99,99,,205456,,,4,,,,body,,,,1490,1489,,151,147,,,,,,,,,,,
1622418000,,rtl,parser_ticket_we,779802,,,,,,,,0,0,,,,,,,,,,,,,,,,,,204848,,,0,,,,,,,,,,,,,,,534,488,,,,,,,
1622420000,1,tlm,ingress_preaccept,,,,,,,,,,,,,,,,,,,,,,,,405605,99,99,,205632,,,0,,,,,,,,1479,,,161,,160,,,,,,,,,,
1622420000,3,tlm,ingress_preaccept,,,,,,,,,,,,,,,,,,,,,,,,405605,99,99,,205472,,,0,,,,,,,,1489,,,147,,146,,,,,,,,,,
1622420000,1,tlm,ticket_enqueue,,,,,,,,,,,,,,,,,,,,,,,,405605,99,99,,205632,,,0,,,,body,,,,1479,1478,,161,161,,,,,,,,,,,
1622420000,3,tlm,ticket_enqueue,,,,,,,,,,,,,,,,,,,,,,,,405605,99,99,,205472,,,0,,,,body,,,,1489,1488,,147,147,,,,,,,,,,,
1622422000,,rtl,parser_ticket_we,779807,,,,,,,,0,0,,,,,,,,,,,,,,,,,,204800,,,8,,,,,,,,,,,,,,,537,485,,,,,,,
1622422000,,rtl,parser_ticket_we,779808,,,,,,,,0,0,,,,,,,,,,,,,,,,,,204864,,,0,,,,,,,,,,,,,,,534,489,,,,,,,
1622424000,1,tlm,ingress_preaccept,,,,,,,,,,,,,,,,,,,,,,,,405606,99,99,,205648,,,0,,,,,,,,1478,,,161,,160,,,,,,,,,,
1622424000,3,tlm,ingress_preaccept,,,,,,,,,,,,,,,,,,,,,,,,405606,99,99,,205488,,,0,,,,,,,,1488,,,147,,146,,,,,,,,,,
1622424000,1,tlm,ticket_enqueue,,,,,,,,,,,,,,,,,,,,,,,,405606,99,99,,205648,,,0,,,,body,,,,1478,1477,,161,161,,,,,,,,,,,
1622424000,3,tlm,ticket_enqueue,,,,,,,,,,,,,,,,,,,,,,,,405606,99,99,,205488,,,0,,,,body,,,,1488,1487,,147,147,,,,,,,,,,,
1622426000,,rtl,parser_ticket_we,779811,,,,,,,,0,0,,,,,,,,,,,,,,,,,,204880,,,0,,,,,,,,,,,,,,,534,490,,,,,,,
1622426000,,rtl,parser_ticket_we,779812,,,,,,,,0,0,,,,,,,,,,,,,,,,,,204816,,,0,,,,,,,,,,,,,,,1343,486,,,,,,,
1622428000,,tlm,allocator_fetch,,,,,,,,,,,,,,164096,,,,,,,,,,405607,79,79,,,,,,,,,,,16,15,,,,,,,,,,,,,,,,
1622428000,0,tlm,allocator_lane_action,,empty,,,,,,,,,,,,164096,,,,,,,,,,405607,79,79,,164096,,,0,,,,,,,,,,,,,,,,,,,,,,,
1622428000,1,tlm,ingress_preaccept,,,,,,,,,,,,,,,,,,,,,,,,405607,99,99,,205664,,,0,,,,,,,,1477,,,161,,160,,,,,,,,,,
1622428000,3,tlm,ingress_preaccept,,,,,,,,,,,,,,,,,,,,,,,,405607,99,99,,205504,,,0,,,,,,,,1487,,,147,,146,,,,,,,,,,
1622428000,1,tlm,ticket_enqueue,,,,,,,,,,,,,,,,,,,,,,,,405607,99,99,,205664,,,0,,,,body,,,,1477,1476,,161,161,,,,,,,,,,,
1622428000,3,tlm,ticket_enqueue,,,,,,,,,,,,,,,,,,,,,,,,405607,99,99,,205504,,,0,,,,body,,,,1487,1486,,147,147,,,,,,,,,,,
1622428000,0,tlm,ticket_pop,,,,,,,,,,,,,,,,,,,,,,,,405607,79,79,,164096,,,0,,,,body,,,,1475,1476,,,,,,,,,,,,,,
1622428000,1,tlm,ticket_pop,,,,,,,,,,,,,,,,,,,,,,,,405607,79,79,,164096,,,0,,,,body,,,,1476,1477,,,,,,,,,,,,,,
1622428000,2,tlm,ticket_pop,,,,,,,,,,,,,,,,,,,,,,,,405607,79,79,,164096,,,4,,,,body,,,,1469,1470,,,,,,,,,,,,,,
1622428000,3,tlm,ticket_pop,,,,,,,,,,,,,,,,,,,,,,,,405607,79,79,,164096,,,0,,,,body,,,,1486,1487,,,,,,,,,,,,,,
1622430000,,rtl,parser_ticket_we,779816,,,,,,,,0,0,,,,,,,,,,,,,,,,,,204832,,,0,,,,,,,,,,,,,,,1343,487,,,,,,,
1622430000,,rtl,parser_ticket_we,779817,,,,,,,,0,0,,,,,,,,,,,,,,,,,,204896,,,0,,,,,,,,,,,,,,,534,491,,,,,,,
1622432000,0,tlm,ingress_preaccept,,,,,,,,,,,,,,,,,,,,,,,,405608,99,99,,205744,,,0,,,,,,,,1476,,,2,,1,,,,,,,,,,
1622432000,1,tlm,ingress_preaccept,,,,,,,,,,,,,,,,,,,,,,,,405608,99,99,,205680,,,0,,,,,,,,1477,,,161,,160,,,,,,,,,,
1622432000,3,tlm,ingress_preaccept,,,,,,,,,,,,,,,,,,,,,,,,405608,99,99,,205520,,,0,,,,,,,,1487,,,147,,146,,,,,,,,,,
1622432000,0,tlm,ticket_enqueue,,,,,,,,,,,,,,,,,,,,,,,,405608,99,99,,205744,,,0,,,,body,,,,1476,1475,,2,2,,,,,,,,,,,
1622432000,1,tlm,ticket_enqueue,,,,,,,,,,,,,,,,,,,,,,,,405608,99,99,,205680,,,0,,,,body,,,,1477,1476,,161,161,,,,,,,,,,,
1622432000,2,tlm,ticket_enqueue,,,,,,,,,,,,,,,,,,,,,,,,405608,99,99,,205792,,,4,,,,body,,,,1470,1469,,47,43,,,,,,,,,,,
1622432000,3,tlm,ticket_enqueue,,,,,,,,,,,,,,,,,,,,,,,,405608,99,99,,205520,,,0,,,,body,,,,1487,1486,,147,147,,,,,,,,,,,
1622434000,,rtl,parser_ticket_we,779821,,,,,,,,0,0,,,,,,,,,,,,,,,,,,204848,,,4,,,,,,,,,,,,,,,1237,488,,,,,,,
1622434000,,rtl,parser_ticket_we,779822,,,,,,,,0,0,,,,,,,,,,,,,,,,,,204912,,,4,,,,,,,,,,,,,,,598,492,,,,,,,
1622434000,,rtl,parser_ticket_we,779823,,,,,,,,0,0,,,,,,,,,,,,,,,,,,204848,,,0,,,,,,,,,,,,,,,1343,488,,,,,,,
1622436000,1,tlm,allocator_lane_action,,empty,,,,,,,,,,,,164096,,,,,,,,,,405609,79,79,,164096,,,0,,,,,,,,,,,,,,,,,,,,,,,
1622436000,1,tlm,ingress_preaccept,,,,,,,,,,,,,,,,,,,,,,,,405609,99,99,,205696,,,0,,,,,,,,1476,,,161,,160,,,,,,,,,,
1622436000,2,tlm,ingress_preaccept,,,,,,,,,,,,,,,,,,,,,,,,405609,99,99,,205808,,,4,,,,,,,,1469,,,43,,42,,,,,,,,,,
1622436000,3,tlm,ingress_preaccept,,,,,,,,,,,,,,,,,,,,,,,,405609,99,99,,205536,,,0,,,,,,,,1486,,,147,,146,,,,,,,,,,
1622436000,0,tlm,ingress_predrop,,,,,,,,,,,,,,,,,,,,,,,,405609,99,99,,205760,,,4,,,,,,,,1475,,,2,,1,lane_credit,,,,,,,,,
1622436000,1,tlm,ticket_enqueue,,,,,,,,,,,,,,,,,,,,,,,,405609,99,99,,205696,,,0,,,,body,,,,1476,1475,,161,161,,,,,,,,,,,
1622436000,3,tlm,ticket_enqueue,,,,,,,,,,,,,,,,,,,,,,,,405609,99,99,,205536,,,0,,,,body,,,,1486,1485,,147,147,,,,,,,,,,,
1622438000,,rtl,parser_ticket_we,779827,,,,,,,,0,0,,,,,,,,,,,,,,,,,,204864,,,0,,,,,,,,,,,,,,,1343,489,,,,,,,
1622438000,,rtl,parser_ticket_we,779828,,,,,,,,0,0,,,,,,,,,,,,,,,,,,204864,,,0,,,,,,,,,,,,,,,1241,489,,,,,,,
1622440000,1,tlm,ingress_preaccept,,,,,,,,,,,,,,,,,,,,,,,,405610,99,99,,205712,,,4,,,,,,,,1475,,,161,,160,,,,,,,,,,
1622440000,3,tlm,ingress_preaccept,,,,,,,,,,,,,,,,,,,,,,,,405610,99,99,,205552,,,0,,,,,,,,1485,,,147,,146,,,,,,,,,,
1622440000,3,tlm,ticket_enqueue,,,,,,,,,,,,,,,,,,,,,,,,405610,99,99,,205552,,,0,,,,body,,,,1485,1484,,147,147,,,,,,,,,,,
1622442000,0,rtl,allocator_lane_action,779834,2,0,1,0,164128,0,79,0,0,1,0,,,,,,,,,,,,,,,,,,,,,,,,,,,,,,,,,,,,,,,,,,
1622442000,1,rtl,allocator_lane_action,779835,2,0,1,0,164128,0,79,0,0,1,0,,,,,,,,,,,,,,,,,,,,,,,,,,,,,,,,,,,,,,,,,,
1622442000,2,rtl,allocator_lane_action,779836,2,0,1,0,164128,4,79,0,0,1,0,,,,,,,,,,,,,,,,,,,,,,,,,,,,,,,,,,,,,,,,,,
1622442000,3,rtl,allocator_lane_action,779837,2,0,1,0,164128,1,79,0,0,1,0,,,,,,,,,,,,,,,,,,,,,,,,,,,,,,,,,,,,,,,,,,
1622444000,2,tlm,handle_accept,,,,,,,,,,,,,,164096,,,,,,,,,,405611,79,79,,164096,,,4,,,64,,,,,,,1,,,,,,,,,,,,,
1622444000,3,tlm,ingress_preaccept,,,,,,,,,,,,,,,,,,,,,,,,405611,99,99,,205568,,,1,,,,,,,,1484,,,147,,146,,,,,,,,,,
1622446000,,rtl,parser_ticket_we,779841,,,,,,,,0,0,,,,,,,,,,,,,,,,,,204880,,,1,,,,,,,,,,,,,,,1241,490,,,,,,,
1622448000,3,tlm,ticket_enqueue,,,,,,,,,,,,,,,,,,,,,,,,405612,99,99,,205568,,,1,,,,body,,,,1484,1483,,147,146,,,,,,,,,,,
1622450000,,rtl,parser_ticket_we,779843,,,,,,,,0,0,,,,,,,,,,,,,,,,,,204912,,,4,,,,,,,,,,,,,,,534,492,,,,,,,
1622452000,3,tlm,allocator_lane_action,,empty,,,,,,,,,,,,164096,,,,,,,,,,405613,79,79,,164096,,,0,,,,,,,,,,,,,,,,,,,,,,,
1622452000,3,tlm,ingress_preaccept,,,,,,,,,,,,,,,,,,,,,,,,405613,99,99,,205584,,,0,,,,,,,,1483,,,146,,145,,,,,,,,,,
1622452000,2,tlm,ticket_enqueue,,,,,,,,,,,,,,,,,,,,,,,,405613,99,99,,205808,,,4,,,,body,,,,1469,1468,,43,39,,,,,,,,,,,
1622452000,3,tlm,ticket_enqueue,,,,,,,,,,,,,,,,,,,,,,,,405613,99,99,,205584,,,0,,,,body,,,,1483,1482,,146,146,,,,,,,,,,,
1622454000,,rtl,parser_ticket_we,779846,,,,,,,,0,0,,,,,,,,,,,,,,,,,,204928,,,4,,,,,,,,,,,,,,,1436,493,,,,,,,
1622454000,,rtl,parser_ticket_we,779847,,,,,,,,0,0,,,,,,,,,,,,,,,,,,204928,,,0,,,,,,,,,,,,,,,538,493,,,,,,,
1622456000,2,tlm,ingress_preaccept,,,,,,,,,,,,,,,,,,,,,,,,405614,99,99,,205824,,,0,,,,,,,,1468,,,39,,38,,,,,,,,,,
1622456000,3,tlm,ingress_preaccept,,,,,,,,,,,,,,,,,,,,,,,,405614,99,99,,205600,,,0,,,,,,,,1482,,,146,,145,,,,,,,,,,
1622456000,0,tlm,ingress_predrop,,,,,,,,,,,,,,,,,,,,,,,,405614,99,99,,205776,,,1,,,,,,,,1475,,,2,,1,lane_credit,,,,,,,,,
1622456000,1,tlm,ticket_enqueue,,,,,,,,,,,,,,,,,,,,,,,,405614,99,99,,205712,,,4,,,,body,,,,1475,1474,,161,157,,,,,,,,,,,
1622456000,2,tlm,ticket_enqueue,,,,,,,,,,,,,,,,,,,,,,,,405614,99,99,,205824,,,0,,,,body,,,,1468,1467,,39,39,,,,,,,,,,,
1622456000,3,tlm,ticket_enqueue,,,,,,,,,,,,,,,,,,,,,,,,405614,99,99,,205600,,,0,,,,body,,,,1482,1481,,146,146,,,,,,,,,,,
1622458000,,rtl,parser_ticket_we,779850,,,,,,,,0,0,,,,,,,,,,,,,,,,,,204880,,,4,,,,,,,,,,,,,,,1343,490,,,,,,,
1622458000,,rtl,parser_ticket_we,779851,,,,,,,,0,0,,,,,,,,,,,,,,,,,,204896,,,2,,,,,,,,,,,,,,,1242,491,,,,,,,
1622458000,,rtl,parser_ticket_we,779852,,,,,,,,0,0,,,,,,,,,,,,,,,,,,204944,,,0,,,,,,,,,,,,,,,538,494,,,,,,,
1622458000,,rtl,parser_ticket_we,779853,,,,,,,,0,0,,,,,,,,,,,,,,,,,,204944,,,0,,,,,,,,,,,,,,,1440,494,,,,,,,
1622460000,1,tlm,ingress_preaccept,,,,,,,,,,,,,,,,,,,,,,,,405615,99,99,,205728,,,0,,,,,,,,1474,,,157,,156,,,,,,,,,,
1622460000,2,tlm,ingress_preaccept,,,,,,,,,,,,,,,,,,,,,,,,405615,99,99,,205840,,,0,,,,,,,,1467,,,39,,38,,,,,,,,,,
1622460000,3,tlm,ingress_preaccept,,,,,,,,,,,,,,,,,,,,,,,,405615,99,99,,205616,,,0,,,,,,,,1481,,,146,,145,,,,,,,,,,
1622460000,1,tlm,ticket_enqueue,,,,,,,,,,,,,,,,,,,,,,,,405615,99,99,,205728,,,0,,,,body,,,,1474,1473,,157,157,,,,,,,,,,,
1622460000,2,tlm,ticket_enqueue,,,,,,,,,,,,,,,,,,,,,,,,405615,99,99,,205840,,,0,,,,body,,,,1467,1466,,39,39,,,,,,,,,,,
1622460000,3,tlm,ticket_enqueue,,,,,,,,,,,,,,,,,,,,,,,,405615,99,99,,205616,,,0,,,,body,,,,1481,1480,,146,146,,,,,,,,,,,
1622462000,,rtl,parser_ticket_we,779857,,,,,,,,0,0,,,,,,,,,,,,,,,,,,204960,,,0,,,,,,,,,,,,,,,538,495,,,,,,,
1622462000,,rtl,parser_ticket_we,779858,,,,,,,,0,0,,,,,,,,,,,,,,,,,,204912,,,0,,,,,,,,,,,,,,,1244,492,,,,,,,
1622464000,2,tlm,credit_return,,,,,,,,,,,,,,,,,,,,,,,,405616,79,79,,164096,,,4,,,,,,,,,,0,39,43,,,,,,,,,,,
1622464000,1,tlm,ingress_preaccept,,,,,,,,,,,,,,,,,,,,,,,,405616,99,99,,205744,,,0,,,,,,,,1473,,,157,,156,,,,,,,,,,
1622464000,2,tlm,ingress_preaccept,,,,,,,,,,,,,,,,,,,,,,,,405616,99,99,,205856,,,0,,,,,,,,1466,,,39,,38,,,,,,,,,,
1622464000,3,tlm,ingress_preaccept,,,,,,,,,,,,,,,,,,,,,,,,405616,99,99,,205632,,,0,,,,,,,,1480,,,146,,145,,,,,,,,,,
1622464000,0,tlm,ingress_predrop,,,,,,,,,,,,,,,,,,,,,,,,405616,99,99,,205792,,,4,,,,,,,,1475,,,2,,1,lane_credit,,,,,,,,,
1622464000,1,tlm,ticket_enqueue,,,,,,,,,,,,,,,,,,,,,,,,405616,99,99,,205744,,,0,,,,body,,,,1473,1472,,157,157,,,,,,,,,,,
1622464000,2,tlm,ticket_enqueue,,,,,,,,,,,,,,,,,,,,,,,,405616,99,99,,205856,,,0,,,,body,,,,1466,1465,,39,39,,,,,,,,,,,
1622464000,3,tlm,ticket_enqueue,,,,,,,,,,,,,,,,,,,,,,,,405616,99,99,,205632,,,0,,,,body,,,,1480,1479,,146,146,,,,,,,,,,,
1622466000,,rtl,parser_ticket_we,779864,,,,,,,,0,0,,,,,,,,,,,,,,,,,,204928,,,0,,,,,,,,,,,,,,,1244,493,,,,,,,
1622466000,,rtl,parser_ticket_we,779865,,,,,,,,0,0,,,,,,,,,,,,,,,,,,204976,,,0,,,,,,,,,,,,,,,538,496,,,,,,,
1622468000,1,tlm,ingress_preaccept,,,,,,,,,,,,,,,,,,,,,,,,405617,99,99,,205760,,,0,,,,,,,,1472,,,157,,156,,,,,,,,,,
1622468000,2,tlm,ingress_preaccept,,,,,,,,,,,,,,,,,,,,,,,,405617,99,99,,205872,,,0,,,,,,,,1465,,,43,,42,,,,,,,,,,
1622468000,3,tlm,ingress_preaccept,,,,,,,,,,,,,,,,,,,,,,,,405617,99,99,,205648,,,0,,,,,,,,1479,,,146,,145,,,,,,,,,,
1622468000,1,tlm,ticket_enqueue,,,,,,,,,,,,,,,,,,,,,,,,405617,99,99,,205760,,,0,,,,body,,,,1472,1471,,157,157,,,,,,,,,,,
1622468000,2,tlm,ticket_enqueue,,,,,,,,,,,,,,,,,,,,,,,,405617,99,99,,205872,,,0,,,,body,,,,1465,1464,,43,43,,,,,,,,,,,
1622468000,3,tlm,ticket_enqueue,,,,,,,,,,,,,,,,,,,,,,,,405617,99,99,,205648,,,0,,,,body,,,,1479,1478,,146,146,,,,,,,,,,,
1622470000,2,rtl,handle_accept,779869,,,,,,,,,,,,,,,,,,,,,,,,,,,164128,1518,37097,4,11,2019,0,,,,,,,,,,,,,,,,,,,,
1622470000,,rtl,parser_ticket_we,779870,,,,,,,,0,0,,,,,,,,,,,,,,,,,,204944,,,0,,,,,,,,,,,,,,,1244,494,,,,,,,
1622472000,1,tlm,ingress_preaccept,,,,,,,,,,,,,,,,,,,,,,,,405618,99,99,,205776,,,0,,,,,,,,1471,,,157,,156,,,,,,,,,,
1622472000,2,tlm,ingress_preaccept,,,,,,,,,,,,,,,,,,,,,,,,405618,99,99,,205888,,,4,,,,,,,,1464,,,43,,42,,,,,,,,,,
1622472000,3,tlm,ingress_preaccept,,,,,,,,,,,,,,,,,,,,,,,,405618,99,99,,205664,,,0,,,,,,,,1478,,,146,,145,,,,,,,,,,
1622472000,1,tlm,ticket_enqueue,,,,,,,,,,,,,,,,,,,,,,,,405618,99,99,,205776,,,0,,,,body,,,,1471,1470,,157,157,,,,,,,,,,,
1622472000,3,tlm,ticket_enqueue,,,,,,,,,,,,,,,,,,,,,,,,405618,99,99,,205664,,,0,,,,body,,,,1478,1477,,146,146,,,,,,,,,,,
1622474000,,rtl,parser_ticket_we,779874,,,,,,,,0,0,,,,,,,,,,,,,,,,,,204960,,,0,,,,,,,,,,,,,,,1244,495,,,,,,,
1622476000,1,tlm,ingress_preaccept,,,,,,,,,,,,,,,,,,,,,,,,405619,99,99,,205792,,,4,,,,,,,,1470,,,157,,156,,,,,,,,,,
1622476000,3,tlm,ingress_preaccept,,,,,,,,,,,,,,,,,,,,,,,,405619,99,99,,205680,,,0,,,,,,,,1477,,,146,,145,,,,,,,,,,
1622476000,3,tlm,ticket_enqueue,,,,,,,,,,,,,,,,,,,,,,,,405619,99,99,,205680,,,0,,,,body,,,,1477,1476,,146,146,,,,,,,,,,,
1622478000,3,rtl,handle_accept,779878,,,,,,,,,,,,,,,,,,,,,,,,,,,164128,1531,37101,1,4,2019,4,,,,,,,,,,,,,,,,,,,,
1622478000,,rtl,parser_ticket_we,779879,,,,,,,,0,0,,,,,,,,,,,,,,,,,,204960,,,4,,,,,,,,,,,,,,,1440,495,,,,,,,
1622478000,,rtl,parser_ticket_we,779880,,,,,,,,0,0,,,,,,,,,,,,,,,,,,204896,,,4,,,,,,,,,,,,,,,543,491,,,,,,,
1622480000,3,tlm,ingress_preaccept,,,,,,,,,,,,,,,,,,,,,,,,405620,99,99,,205696,,,0,,,,,,,,1476,,,146,,145,,,,,,,,,,
1622480000,3,tlm,ticket_enqueue,,,,,,,,,,,,,,,,,,,,,,,,405620,99,99,,205696,,,0,,,,body,,,,1476,1475,,146,146,,,,,,,,,,,
1622482000,,rtl,parser_ticket_we,779883,,,,,,,,0,0,,,,,,,,,,,,,,,,,,204976,,,1,,,,,,,,,,,,,,,1244,496,,,,,,,
1622482000,,rtl,parser_ticket_we,779884,,,,,,,,0,0,,,,,,,,,,,,,,,,,,204912,,,0,,,,,,,,,,,,,,,547,492,,,,,,,
1622482000,,rtl,parser_ticket_we,779885,,,,,,,,0,0,,,,,,,,,,,,,,,,,,204976,,,0,,,,,,,,,,,,,,,1444,496,,,,,,,
1622484000,0,tlm,ingress_preaccept,,,,,,,,,,,,,,,,,,,,,,,,405621,99,99,,205808,,,0,,,,,,,,1475,,,2,,1,,,,,,,,,,
1622484000,3,tlm,ingress_preaccept,,,,,,,,,,,,,,,,,,,,,,,,405621,99,99,,205712,,,4,,,,,,,,1475,,,146,,145,,,,,,,,,,
1622484000,0,tlm,ticket_enqueue,,,,,,,,,,,,,,,,,,,,,,,,405621,99,99,,205808,,,0,,,,body,,,,1475,1474,,2,2,,,,,,,,,,,
1622486000,,rtl,parser_ticket_we,779891,,,,,,,,0,0,,,,,,,,,,,,,,,,,,204992,,,4,,,,,,,,,,,,,,,538,497,,,,,,,
1622486000,,rtl,parser_ticket_we,779892,,,,,,,,0,0,,,,,,,,,,,,,,,,,,204992,,,0,,,,,,,,,,,,,,,1444,497,,,,,,,
1622486000,,rtl,parser_ticket_we,779893,,,,,,,,0,0,,,,,,,,,,,,,,,,,,204928,,,0,,,,,,,,,,,,,,,547,493,,,,,,,
1622486000,,rtl,parser_ticket_we,779894,,,,,,,,0,0,,,,,,,,,,,,,,,,,,204992,,,0,,,,,,,,,,,,,,,1245,497,,,,,,,
1622488000,0,tlm,ingress_preaccept,,,,,,,,,,,,,,,,,,,,,,,,405622,99,99,,205824,,,0,,,,,,,,1474,,,2,,1,,,,,,,,,,
1622488000,0,tlm,ticket_enqueue,,,,,,,,,,,,,,,,,,,,,,,,405622,99,99,,205824,,,0,,,,body,,,,1474,1473,,2,2,,,,,,,,,,,
1622488000,2,tlm,ticket_enqueue,,,,,,,,,,,,,,,,,,,,,,,,405622,99,99,,205888,,,4,,,,body,,,,1464,1463,,43,39,,,,,,,,,,,
1622490000,,rtl,allocator_decision,779899,,,,,,,,,,,,idle_to_fetch,164144,15,15,15,15,0,0,0,0,0,,,,,,,,,,,,,,,,,,,,,,,,,,,,,,,
1622490000,,rtl,parser_ticket_we,779904,,,,,,,,0,0,,,,,,,,,,,,,,,,,,204944,,,0,,,,,,,,,,,,,,,547,494,,,,,,,
1622490000,,rtl,parser_ticket_we,779905,,,,,,,,0,0,,,,,,,,,,,,,,,,,,205008,,,0,,,,,,,,,,,,,,,1444,498,,,,,,,
1622490000,,rtl,parser_ticket_we,779906,,,,,,,,0,0,,,,,,,,,,,,,,,,,,205008,,,0,,,,,,,,,,,,,,,1340,498,,,,,,,
1622492000,0,tlm,ingress_preaccept,,,,,,,,,,,,,,,,,,,,,,,,405623,99,99,,205840,,,0,,,,,,,,1473,,,2,,1,,,,,,,,,,
1622492000,2,tlm,ingress_preaccept,,,,,,,,,,,,,,,,,,,,,,,,405623,99,99,,205904,,,4,,,,,,,,1463,,,39,,38,,,,,,,,,,
1622492000,0,tlm,ticket_enqueue,,,,,,,,,,,,,,,,,,,,,,,,405623,99,99,,205840,,,0,,,,body,,,,1473,1472,,2,2,,,,,,,,,,,
1622492000,1,tlm,ticket_enqueue,,,,,,,,,,,,,,,,,,,,,,,,405623,99,99,,205792,,,4,,,,body,,,,1470,1469,,157,153,,,,,,,,,,,
1622494000,,rtl,parser_ticket_we,779914,,,,,,,,0,0,,,,,,,,,,,,,,,,,,205024,,,0,,,,,,,,,,,,,,,1340,499,,,,,,,
1622494000,,rtl,parser_ticket_we,779915,,,,,,,,0,0,,,,,,,,,,,,,,,,,,205024,,,0,,,,,,,,,,,,,,,1444,499,,,,,,,
1622494000,,rtl,parser_ticket_we,779916,,,,,,,,0,0,,,,,,,,,,,,,,,,,,204960,,,0,,,,,,,,,,,,,,,547,495,,,,,,,
1622496000,0,tlm,ingress_preaccept,,,,,,,,,,,,,,,,,,,,,,,,405624,99,99,,205856,,,0,,,,,,,,1472,,,2,,1,,,,,,,,,,
1622496000,1,tlm,ingress_preaccept,,,,,,,,,,,,,,,,,,,,,,,,405624,99,99,,205808,,,4,,,,,,,,1469,,,153,,152,,,,,,,,,,
1622496000,0,tlm,ticket_enqueue,,,,,,,,,,,,,,,,,,,,,,,,405624,99,99,,205856,,,0,,,,body,,,,1472,1471,,2,2,,,,,,,,,,,
1622498000,,rtl,parser_ticket_we,779921,,,,,,,,0,0,,,,,,,,,,,,,,,,,,204976,,,0,,,,,,,,,,,,,,,547,496,,,,,,,
1622498000,,rtl,parser_ticket_we,779922,,,,,,,,0,0,,,,,,,,,,,,,,,,,,205040,,,0,,,,,,,,,,,,,,,1444,500,,,,,,,
1622498000,,rtl,parser_ticket_we,779923,,,,,,,,0,0,,,,,,,,,,,,,,,,,,205040,,,0,,,,,,,,,,,,,,,1340,500,,,,,,,
1622500000,0,tlm,ingress_preaccept,,,,,,,,,,,,,,,,,,,,,,,,405625,99,99,,205872,,,0,,,,,,,,1471,,,2,,1,,,,,,,,,,
1622500000,0,tlm,ticket_enqueue,,,,,,,,,,,,,,,,,,,,,,,,405625,99,99,,205872,,,0,,,,body,,,,1471,1470,,2,2,,,,,,,,,,,
1622500000,3,tlm,ticket_enqueue,,,,,,,,,,,,,,,,,,,,,,,,405625,99,99,,205712,,,4,,,,body,,,,1475,1474,,146,142,,,,,,,,,,,
1622502000,,rtl,parser_ticket_we,779929,,,,,,,,0,0,,,,,,,,,,,,,,,,,,205056,,,0,,,,,,,,,,,,,,,1340,501,,,,,,,
1622502000,,rtl,parser_ticket_we,779930,,,,,,,,0,0,,,,,,,,,,,,,,,,,,205056,,,0,,,,,,,,,,,,,,,1444,501,,,,,,,
1622502000,,rtl,parser_ticket_we,779931,,,,,,,,0,0,,,,,,,,,,,,,,,,,,204992,,,0,,,,,,,,,,,,,,,547,497,,,,,,,
1622504000,0,tlm,ingress_preaccept,,,,,,,,,,,,,,,,,,,,,,,,405626,99,99,,205888,,,0,,,,,,,,1470,,,2,,1,,,,,,,,,,
1622504000,3,tlm,ingress_preaccept,,,,,,,,,,,,,,,,,,,,,,,,405626,99,99,,205728,,,4,,,,,,,,1474,,,142,,141,,,,,,,,,,
1622504000,0,tlm,ticket_enqueue,,,,,,,,,,,,,,,,,,,,,,,,405626,99,99,,205888,,,0,,,,body,,,,1470,1469,,2,2,,,,,,,,,,,
1622506000,,rtl,parser_ticket_we,779936,,,,,,,,0,0,,,,,,,,,,,,,,,,,,205008,,,4,,,,,,,,,,,,,,,1245,498,,,,,,,
1622506000,,rtl,parser_ticket_we,779937,,,,,,,,0,0,,,,,,,,,,,,,,,,,,205008,,,0,,,,,,,,,,,,,,,547,498,,,,,,,
1622506000,,rtl,parser_ticket_we,779938,,,,,,,,0,0,,,,,,,,,,,,,,,,,,205072,,,0,,,,,,,,,,,,,,,1444,502,,,,,,,
1622506000,,rtl,parser_ticket_we,779939,,,,,,,,0,0,,,,,,,,,,,,,,,,,,205072,,,0,,,,,,,,,,,,,,,1340,502,,,,,,,
1622508000,0,tlm,ingress_preaccept,,,,,,,,,,,,,,,,,,,,,,,,405627,99,99,,205904,,,0,,,,,,,,1469,,,2,,1,,,,,,,,,,
1622508000,0,tlm,ticket_enqueue,,,,,,,,,,,,,,,,,,,,,,,,405627,99,99,,205904,,,0,,,,body,,,,1469,1468,,2,2,,,,,,,,,,,
1622508000,2,tlm,ticket_enqueue,,,,,,,,,,,,,,,,,,,,,,,,405627,99,99,,205904,,,4,,,,body,,,,1463,1462,,39,35,,,,,,,,,,,
1622510000,,rtl,parser_ticket_we,779944,,,,,,,,0,0,,,,,,,,,,,,,,,,,,205088,,,0,,,,,,,,,,,,,,,1444,503,,,,,,,
1622510000,,rtl,parser_ticket_we,779945,,,,,,,,0,0,,,,,,,,,,,,,,,,,,205024,,,0,,,,,,,,,,,,,,,1249,499,,,,,,,
1622512000,0,tlm,ingress_preaccept,,,,,,,,,,,,,,,,,,,,,,,,405628,99,99,,205920,,,0,,,,,,,,1468,,,2,,1,,,,,,,,,,
1622512000,2,tlm,ingress_preaccept,,,,,,,,,,,,,,,,,,,,,,,,405628,99,99,,205920,,,0,,,,,,,,1462,,,35,,34,,,,,,,,,,
1622512000,0,tlm,ticket_enqueue,,,,,,,,,,,,,,,,,,,,,,,,405628,99,99,,205920,,,0,,,,body,,,,1468,1467,,2,2,,,,,,,,,,,
1622512000,1,tlm,ticket_enqueue,,,,,,,,,,,,,,,,,,,,,,,,405628,99,99,,205808,,,4,,,,body,,,,1469,1468,,153,149,,,,,,,,,,,
1622512000,2,tlm,ticket_enqueue,,,,,,,,,,,,,,,,,,,,,,,,405628,99,99,,205920,,,0,,,,body,,,,1462,1461,,35,35,,,,,,,,,,,
1622514000,,rtl,parser_ticket_we,779952,,,,,,,,0,0,,,,,,,,,,,,,,,,,,205104,,,0,,,,,,,,,,,,,,,1444,504,,,,,,,
1622516000,1,tlm,ingress_preaccept,,,,,,,,,,,,,,,,,,,,,,,,405629,99,99,,205824,,,0,,,,,,,,1468,,,149,,148,,,,,,,,,,
1622516000,2,tlm,ingress_preaccept,,,,,,,,,,,,,,,,,,,,,,,,405629,99,99,,205936,,,0,,,,,,,,1461,,,35,,34,,,,,,,,,,
1622516000,0,tlm,ingress_predrop,,,,,,,,,,,,,,,,,,,,,,,,405629,99,99,,205936,,,4,,,,,,,,1467,,,2,,1,lane_credit,,,,,,,,,
1622516000,1,tlm,ticket_enqueue,,,,,,,,,,,,,,,,,,,,,,,,405629,99,99,,205824,,,0,,,,body,,,,1468,1467,,149,149,,,,,,,,,,,
1622516000,2,tlm,ticket_enqueue,,,,,,,,,,,,,,,,,,,,,,,,405629,99,99,,205936,,,0,,,,body,,,,1461,1460,,35,35,,,,,,,,,,,
1622520000,1,tlm,ingress_preaccept,,,,,,,,,,,,,,,,,,,,,,,,405630,99,99,,205840,,,0,,,,,,,,1467,,,149,,148,,,,,,,,,,
1622520000,2,tlm,ingress_preaccept,,,,,,,,,,,,,,,,,,,,,,,,405630,99,99,,205952,,,0,,,,,,,,1460,,,35,,34,,,,,,,,,,
1622520000,1,tlm,ticket_enqueue,,,,,,,,,,,,,,,,,,,,,,,,405630,99,99,,205840,,,0,,,,body,,,,1467,1466,,149,149,,,,,,,,,,,
1622520000,2,tlm,ticket_enqueue,,,,,,,,,,,,,,,,,,,,,,,,405630,99,99,,205952,,,0,,,,body,,,,1460,1459,,35,35,,,,,,,,,,,
1622520000,3,tlm,ticket_enqueue,,,,,,,,,,,,,,,,,,,,,,,,405630,99,99,,205728,,,4,,,,body,,,,1474,1473,,142,138,,,,,,,,,,,
1622524000,1,tlm,ingress_preaccept,,,,,,,,,,,,,,,,,,,,,,,,405631,99,99,,205856,,,4,,,,,,,,1466,,,149,,148,,,,,,,,,,
1622524000,2,tlm,ingress_preaccept,,,,,,,,,,,,,,,,,,,,,,,,405631,99,99,,205968,,,0,,,,,,,,1459,,,35,,34,,,,,,,,,,
1622524000,3,tlm,ingress_preaccept,,,,,,,,,,,,,,,,,,,,,,,,405631,99,99,,205744,,,0,,,,,,,,1473,,,138,,137,,,,,,,,,,
1622524000,2,tlm,ticket_enqueue,,,,,,,,,,,,,,,,,,,,,,,,405631,99,99,,205968,,,0,,,,body,,,,1459,1458,,35,35,,,,,,,,,,,
1622524000,3,tlm,ticket_enqueue,,,,,,,,,,,,,,,,,,,,,,,,405631,99,99,,205744,,,0,,,,body,,,,1473,1472,,138,138,,,,,,,,,,,
1622526000,,rtl,parser_ticket_we,779964,,,,,,,,0,0,,,,,,,,,,,,,,,,,,205088,,,4,,,,,,,,,,,,,,,1340,503,,,,,,,
1622526000,,rtl,parser_ticket_we,779965,,,,,,,,0,0,,,,,,,,,,,,,,,,,,205024,,,4,,,,,,,,,,,,,,,547,499,,,,,,,
1622528000,2,tlm,ingress_preaccept,,,,,,,,,,,,,,,,,,,,,,,,405632,99,99,,205984,,,0,,,,,,,,1458,,,35,,34,,,,,,,,,,
1622528000,3,tlm,ingress_preaccept,,,,,,,,,,,,,,,,,,,,,,,,405632,99,99,,205760,,,4,,,,,,,,1472,,,138,,137,,,,,,,,,,
1622528000,2,tlm,ticket_enqueue,,,,,,,,,,,,,,,,,,,,,,,,405632,99,99,,205984,,,0,,,,body,,,,1458,1457,,35,35,,,,,,,,,,,
1622530000,2,rtl,credit_return,779971,,,,,,,,,,,,,,,,,,,,,,,,,,,,,,4,,,,mover_done,11,,,,,,,,,,,,,,,,,,
1622530000,,rtl,parser_ticket_we,779969,,,,,,,,0,0,,,,,,,,,,,,,,,,,,205040,,,4,,,,,,,,,,,,,,,1249,500,,,,,,,
1622530000,,rtl,parser_ticket_we,779972,,,,,,,,0,0,,,,,,,,,,,,,,,,,,205040,,,0,,,,,,,,,,,,,,,1355,500,,,,,,,
1622530000,,rtl,parser_ticket_we,779973,,,,,,,,0,0,,,,,,,,,,,,,,,,,,205104,,,0,,,,,,,,,,,,,,,540,504,,,,,,,
1622532000,2,tlm,ingress_preaccept,,,,,,,,,,,,,,,,,,,,,,,,405633,99,99,,206000,,,0,,,,,,,,1457,,,35,,34,,,,,,,,,,
1622532000,2,tlm,ticket_enqueue,,,,,,,,,,,,,,,,,,,,,,,,405633,99,99,,206000,,,0,,,,body,,,,1457,1456,,35,35,,,,,,,,,,,
1622534000,2,rtl,credit_return,779983,,,,,,,,,,,,,,,,,,,,,,,,,,,,,,4,,,,credit_return,11,,,,,,,,,,,,,,,,,,
1622534000,,rtl,parser_ticket_we,779977,,,,,,,,0,0,,,,,,,,,,,,,,,,,,205120,,,4,,,,,,,,,,,,,,,1444,505,,,,,,,
1622534000,,rtl,parser_ticket_we,779978,,,,,,,,0,0,,,,,,,,,,,,,,,,,,205056,,,0,,,,,,,,,,,,,,,1355,501,,,,,,,
1622534000,,rtl,parser_ticket_we,779979,,,,,,,,0,0,,,,,,,,,,,,,,,,,,205056,,,0,,,,,,,,,,,,,,,1253,501,,,,,,,
1622536000,,tlm,allocator_fetch,,,,,,,,,,,,,,164112,,,,,,,,,,405634,79,79,,,,,,,,,,,17,15,,,,,,,,,,,,,,,,
1622536000,0,tlm,allocator_lane_action,,empty,,,,,,,,,,,,164112,,,,,,,,,,405634,79,79,,164112,,,0,,,,,,,,,,,,,,,,,,,,,,,
1622536000,2,tlm,ingress_preaccept,,,,,,,,,,,,,,,,,,,,,,,,405634,99,99,,206016,,,1,,,,,,,,1456,,,35,,34,,,,,,,,,,
1622536000,0,tlm,ingress_predrop,,,,,,,,,,,,,,,,,,,,,,,,405634,99,99,,205952,,,8,,,,,,,,1467,,,2,,1,lane_credit,,,,,,,,,
1622536000,0,tlm,ticket_pop,,,,,,,,,,,,,,,,,,,,,,,,405634,79,79,,164112,,,0,,,,body,,,,1467,1468,,,,,,,,,,,,,,
1622536000,1,tlm,ticket_pop,,,,,,,,,,,,,,,,,,,,,,,,405634,79,79,,164112,,,0,,,,body,,,,1466,1467,,,,,,,,,,,,,,
1622536000,2,tlm,ticket_pop,,,,,,,,,,,,,,,,,,,,,,,,405634,79,79,,164112,,,0,,,,body,,,,1456,1457,,,,,,,,,,,,,,
1622536000,3,tlm,ticket_pop,,,,,,,,,,,,,,,,,,,,,,,,405634,79,79,,164112,,,0,,,,body,,,,1472,1473,,,,,,,,,,,,,,
1622538000,,rtl,parser_ticket_we,779985,,,,,,,,0,0,,,,,,,,,,,,,,,,,,205072,,,0,,,,,,,,,,,,,,,1253,502,,,,,,,
1622538000,,rtl,parser_ticket_we,779986,,,,,,,,0,0,,,,,,,,,,,,,,,,,,205072,,,0,,,,,,,,,,,,,,,1355,502,,,,,,,
1622538000,,rtl,parser_ticket_we,779987,,,,,,,,0,0,,,,,,,,,,,,,,,,,,205136,,,0,,,,,,,,,,,,,,,1448,506,,,,,,,
1622540000,1,tlm,ticket_enqueue,,,,,,,,,,,,,,,,,,,,,,,,405635,99,99,,205856,,,4,,,,body,,,,1467,1466,,149,145,,,,,,,,,,,
1622540000,2,tlm,ticket_enqueue,,,,,,,,,,,,,,,,,,,,,,,,405635,99,99,,206016,,,1,,,,body,,,,1457,1456,,35,34,,,,,,,,,,,
1622542000,,rtl,parser_ticket_we,779992,,,,,,,,0,0,,,,,,,,,,,,,,,,,,205152,,,0,,,,,,,,,,,,,,,1448,507,,,,,,,
1622542000,,rtl,parser_ticket_we,779993,,,,,,,,0,0,,,,,,,,,,,,,,,,,,205088,,,0,,,,,,,,,,,,,,,1253,503,,,,,,,
1622544000,1,tlm,allocator_lane_action,,empty,,,,,,,,,,,,164112,,,,,,,,,,405636,79,79,,164112,,,0,,,,,,,,,,,,,,,,,,,,,,,
1622544000,1,tlm,ingress_preaccept,,,,,,,,,,,,,,,,,,,,,,,,405636,99,99,,205872,,,0,,,,,,,,1466,,,145,,144,,,,,,,,,,
1622544000,2,tlm,ingress_preaccept,,,,,,,,,,,,,,,,,,,,,,,,405636,99,99,,206032,,,0,,,,,,,,1456,,,34,,33,,,,,,,,,,
1622544000,1,tlm,ticket_enqueue,,,,,,,,,,,,,,,,,,,,,,,,405636,99,99,,205872,,,0,,,,body,,,,1466,1465,,145,145,,,,,,,,,,,
1622544000,2,tlm,ticket_enqueue,,,,,,,,,,,,,,,,,,,,,,,,405636,99,99,,206032,,,0,,,,body,,,,1456,1455,,34,34,,,,,,,,,,,
1622544000,3,tlm,ticket_enqueue,,,,,,,,,,,,,,,,,,,,,,,,405636,99,99,,205760,,,4,,,,body,,,,1473,1472,,138,134,,,,,,,,,,,
1622546000,,rtl,parser_ticket_we,779999,,,,,,,,0,0,,,,,,,,,,,,,,,,,,205104,,,0,,,,,,,,,,,,,,,1253,504,,,,,,,
1622546000,,rtl,parser_ticket_we,780000,,,,,,,,0,0,,,,,,,,,,,,,,,,,,205168,,,0,,,,,,,,,,,,,,,1448,508,,,,,,,
1622548000,1,tlm,ingress_preaccept,,,,,,,,,,,,,,,,,,,,,,,,405637,99,99,,205888,,,4,,,,,,,,1465,,,145,,144,,,,,,,,,,
1622548000,2,tlm,ingress_preaccept,,,,,,,,,,,,,,,,,,,,,,,,405637,99,99,,206048,,,0,,,,,,,,1455,,,34,,33,,,,,,,,,,
1622548000,3,tlm,ingress_preaccept,,,,,,,,,,,,,,,,,,,,,,,,405637,99,99,,205776,,,1,,,,,,,,1472,,,134,,133,,,,,,,,,,
1622548000,2,tlm,ticket_enqueue,,,,,,,,,,,,,,,,,,,,,,,,405637,99,99,,206048,,,0,,,,body,,,,1455,1454,,34,34,,,,,,,,,,,
1622550000,0,rtl,allocator_lane_action,780011,2,0,1,0,164144,0,79,0,0,1,0,,,,,,,,,,,,,,,,,,,,,,,,,,,,,,,,,,,,,,,,,,
1622550000,1,rtl,allocator_lane_action,780012,2,0,1,0,164144,0,79,0,0,1,0,,,,,,,,,,,,,,,,,,,,,,,,,,,,,,,,,,,,,,,,,,
1622550000,2,rtl,allocator_lane_action,780013,2,0,1,0,164144,0,79,0,0,1,0,,,,,,,,,,,,,,,,,,,,,,,,,,,,,,,,,,,,,,,,,,
1622550000,3,rtl,allocator_lane_action,780014,2,0,1,0,164144,1,79,0,0,1,0,,,,,,,,,,,,,,,,,,,,,,,,,,,,,,,,,,,,,,,,,,
1622550000,3,rtl,credit_return,780007,,,,,,,,,,,,,,,,,,,,,,,,,,,,,,1,,,,mover_done,4,,,,,,,,,,,,,,,,,,
1622550000,,rtl,parser_ticket_we,780005,,,,,,,,0,0,,,,,,,,,,,,,,,,,,205120,,,4,,,,,,,,,,,,,,,540,505,,,,,,,
1622550000,,rtl,parser_ticket_we,780008,,,,,,,,0,0,,,,,,,,,,,,,,,,,,205184,,,0,,,,,,,,,,,,,,,1448,509,,,,,,,
1622550000,,rtl,parser_ticket_we,780009,,,,,,,,0,0,,,,,,,,,,,,,,,,,,205120,,,0,,,,,,,,,,,,,,,1253,505,,,,,,,
1622552000,2,tlm,allocator_lane_action,,empty,,,,,,,,,,,,164112,,,,,,,,,,405638,79,79,,164112,,,0,,,,,,,,,,,,,,,,,,,,,,,
1622552000,2,tlm,ingress_preaccept,,,,,,,,,,,,,,,,,,,,,,,,405638,99,99,,206064,,,0,,,,,,,,1454,,,34,,33,,,,,,,,,,
1622552000,2,tlm,ticket_enqueue,,,,,,,,,,,,,,,,,,,,,,,,405638,99,99,,206064,,,0,,,,body,,,,1454,1453,,34,34,,,,,,,,,,,
1622552000,3,tlm,ticket_enqueue,,,,,,,,,,,,,,,,,,,,,,,,405638,99,99,,205776,,,1,,,,body,,,,1472,1471,,134,133,,,,,,,,,,,
1622554000,3,rtl,credit_return,780025,,,,,,,,,,,,,,,,,,,,,,,,,,,,,,1,,,,credit_return,4,,,,,,,,,,,,,,,,,,
1622554000,,rtl,parser_ticket_we,780018,,,,,,,,0,0,,,,,,,,,,,,,,,,,,205136,,,0,,,,,,,,,,,,,,,1253,506,,,,,,,
1622554000,,rtl,parser_ticket_we,780019,,,,,,,,0,0,,,,,,,,,,,,,,,,,,205200,,,0,,,,,,,,,,,,,,,1448,510,,,,,,,
1622554000,,rtl,parser_ticket_we,780020,,,,,,,,0,0,,,,,,,,,,,,,,,,,,205136,,,0,,,,,,,,,,,,,,,544,506,,,,,,,
1622556000,2,tlm,ingress_preaccept,,,,,,,,,,,,,,,,,,,,,,,,405639,99,99,,206080,,,0,,,,,,,,1453,,,34,,33,,,,,,,,,,
1622556000,3,tlm,ingress_preaccept,,,,,,,,,,,,,,,,,,,,,,,,405639,99,99,,205792,,,0,,,,,,,,1471,,,133,,132,,,,,,,,,,
1622556000,2,tlm,ticket_enqueue,,,,,,,,,,,,,,,,,,,,,,,,405639,99,99,,206080,,,0,,,,body,,,,1453,1452,,34,34,,,,,,,,,,,
1622556000,3,tlm,ticket_enqueue,,,,,,,,,,,,,,,,,,,,,,,,405639,99,99,,205792,,,0,,,,body,,,,1471,1470,,133,133,,,,,,,,,,,
1622558000,,rtl,parser_ticket_we,780026,,,,,,,,0,0,,,,,,,,,,,,,,,,,,205152,,,0,,,,,,,,,,,,,,,544,507,,,,,,,
1622558000,,rtl,parser_ticket_we,780027,,,,,,,,0,0,,,,,,,,,,,,,,,,,,205216,,,0,,,,,,,,,,,,,,,1448,511,,,,,,,
1622558000,,rtl,parser_ticket_we,780028,,,,,,,,0,0,,,,,,,,,,,,,,,,,,205152,,,0,,,,,,,,,,,,,,,1253,507,,,,,,,
1622560000,3,tlm,allocator_lane_action,,empty,,,,,,,,,,,,164112,,,,,,,,,,405640,79,79,,164112,,,0,,,,,,,,,,,,,,,,,,,,,,,
1622560000,2,tlm,ingress_preaccept,,,,,,,,,,,,,,,,,,,,,,,,405640,99,99,,206096,,,0,,,,,,,,1452,,,34,,33,,,,,,,,,,
1622560000,3,tlm,ingress_preaccept,,,,,,,,,,,,,,,,,,,,,,,,405640,99,99,,205808,,,4,,,,,,,,1470,,,133,,132,,,,,,,,,,
1622560000,2,tlm,ticket_enqueue,,,,,,,,,,,,,,,,,,,,,,,,405640,99,99,,206096,,,0,,,,body,,,,1452,1451,,34,34,,,,,,,,,,,
1622562000,,rtl,parser_ticket_we,780033,,,,,,,,0,0,,,,,,,,,,,,,,,,,,205168,,,0,,,,,,,,,,,,,,,1253,508,,,,,,,
1622562000,,rtl,parser_ticket_we,780034,,,,,,,,0,0,,,,,,,,,,,,,,,,,,205168,,,0,,,,,,,,,,,,,,,544,508,,,,,,,
1622564000,2,tlm,ingress_preaccept,,,,,,,,,,,,,,,,,,,,,,,,405641,99,99,,206112,,,0,,,,,,,,1451,,,34,,33,,,,,,,,,,
1622564000,1,tlm,ticket_enqueue,,,,,,,,,,,,,,,,,,,,,,,,405641,99,99,,205888,,,4,,,,body,,,,1465,1464,,145,141,,,,,,,,,,,
1622564000,2,tlm,ticket_enqueue,,,,,,,,,,,,,,,,,,,,,,,,405641,99,99,,206112,,,0,,,,body,,,,1451,1450,,34,34,,,,,,,,,,,
1622566000,,rtl,parser_ticket_we,780039,,,,,,,,0,0,,,,,,,,,,,,,,,,,,205184,,,0,,,,,,,,,,,,,,,1253,509,,,,,,,
1622568000,1,tlm,ingress_preaccept,,,,,,,,,,,,,,,,,,,,,,,,405642,99,99,,205904,,,0,,,,,,,,1464,,,141,,140,,,,,,,,,,
1622568000,2,tlm,ingress_preaccept,,,,,,,,,,,,,,,,,,,,,,,,405642,99,99,,206128,,,0,,,,,,,,1450,,,34,,33,,,,,,,,,,
1622568000,1,tlm,ticket_enqueue,,,,,,,,,,,,,,,,,,,,,,,,405642,99,99,,205904,,,0,,,,body,,,,1464,1463,,141,141,,,,,,,,,,,
1622568000,2,tlm,ticket_enqueue,,,,,,,,,,,,,,,,,,,,,,,,405642,99,99,,206128,,,0,,,,body,,,,1450,1449,,34,34,,,,,,,,,,,
1622570000,,rtl,parser_ticket_we,780043,,,,,,,,0,0,,,,,,,,,,,,,,,,,,205184,,,1,,,,,,,,,,,,,,,544,509,,,,,,,
1622570000,,rtl,parser_ticket_we,780044,,,,,,,,0,0,,,,,,,,,,,,,,,,,,205200,,,0,,,,,,,,,,,,,,,1253,510,,,,,,,
1622572000,0,tlm,ingress_preaccept,,,,,,,,,,,,,,,,,,,,,,,,405643,99,99,,205968,,,0,,,,,,,,1468,,,2,,1,,,,,,,,,,
1622572000,1,tlm,ingress_preaccept,,,,,,,,,,,,,,,,,,,,,,,,405643,99,99,,205920,,,0,,,,,,,,1463,,,141,,140,,,,,,,,,,
1622572000,2,tlm,ingress_preaccept,,,,,,,,,,,,,,,,,,,,,,,,405643,99,99,,206144,,,0,,,,,,,,1449,,,34,,33,,,,,,,,,,
1622572000,0,tlm,ticket_enqueue,,,,,,,,,,,,,,,,,,,,,,,,405643,99,99,,205968,,,0,,,,body,,,,1468,1467,,2,2,,,,,,,,,,,
1622572000,1,tlm,ticket_enqueue,,,,,,,,,,,,,,,,,,,,,,,,405643,99,99,,205920,,,0,,,,body,,,,1463,1462,,141,141,,,,,,,,,,,
1622572000,2,tlm,ticket_enqueue,,,,,,,,,,,,,,,,,,,,,,,,405643,99,99,,206144,,,0,,,,body,,,,1449,1448,,34,34,,,,,,,,,,,
1622574000,,rtl,parser_ticket_we,780047,,,,,,,,0,0,,,,,,,,,,,,,,,,,,205088,,,8,,,,,,,,,,,,,,,1355,503,,,,,,,
1622574000,,rtl,parser_ticket_we,780048,,,,,,,,0,0,,,,,,,,,,,,,,,,,,205200,,,0,,,,,,,,,,,,,,,545,510,,,,,,,
1622576000,0,tlm,ingress_preaccept,,,,,,,,,,,,,,,,,,,,,,,,405644,99,99,,205984,,,0,,,,,,,,1467,,,2,,1,,,,,,,,,,
1622576000,1,tlm,ingress_preaccept,,,,,,,,,,,,,,,,,,,,,,,,405644,99,99,,205936,,,4,,,,,,,,1462,,,141,,140,,,,,,,,,,
1622576000,2,tlm,ingress_preaccept,,,,,,,,,,,,,,,,,,,,,,,,405644,99,99,,206160,,,4,,,,,,,,1448,,,34,,33,,,,,,,,,,
1622576000,0,tlm,ticket_enqueue,,,,,,,,,,,,,,,,,,,,,,,,405644,99,99,,205984,,,0,,,,body,,,,1467,1466,,2,2,,,,,,,,,,,
1622576000,3,tlm,ticket_enqueue,,,,,,,,,,,,,,,,,,,,,,,,405644,99,99,,205808,,,4,,,,body,,,,1470,1469,,133,129,,,,,,,,,,,
1622578000,,rtl,parser_ticket_we,780052,,,,,,,,0,0,,,,,,,,,,,,,,,,,,205232,,,4,,,,,,,,,,,,,,,1448,200,,,,,,,
1622578000,,rtl,parser_ticket_we,780053,,,,,,,,0,0,,,,,,,,,,,,,,,,,,205104,,,0,,,,,,,,,,,,,,,553,504,,,,,,,
1622580000,0,tlm,ingress_preaccept,,,,,,,,,,,,,,,,,,,,,,,,405645,99,99,,206000,,,0,,,,,,,,1466,,,2,,1,,,,,,,,,,
1622580000,3,tlm,ingress_preaccept,,,,,,,,,,,,,,,,,,,,,,,,405645,99,99,,205824,,,0,,,,,,,,1469,,,129,,128,,,,,,,,,,
1622580000,0,tlm,ticket_enqueue,,,,,,,,,,,,,,,,,,,,,,,,405645,99,99,,206000,,,0,,,,body,,,,1466,1465,,2,2,,,,,,,,,,,
1622580000,3,tlm,ticket_enqueue,,,,,,,,,,,,,,,,,,,,,,,,405645,99,99,,205824,,,0,,,,body,,,,1469,1468,,129,129,,,,,,,,,,,
1622582000,,rtl,parser_ticket_we,780057,,,,,,,,0,0,,,,,,,,,,,,,,,,,,205120,,,0,,,,,,,,,,,,,,,553,505,,,,,,,
1622582000,,rtl,parser_ticket_we,780058,,,,,,,,0,0,,,,,,,,,,,,,,,,,,205248,,,0,,,,,,,,,,,,,,,1452,201,,,,,,,
1622584000,0,tlm,ingress_preaccept,,,,,,,,,,,,,,,,,,,,,,,,405646,99,99,,206016,,,0,,,,,,,,1465,,,2,,1,,,,,,,,,,
1622584000,3,tlm,ingress_preaccept,,,,,,,,,,,,,,,,,,,,,,,,405646,99,99,,205840,,,0,,,,,,,,1468,,,129,,128,,,,,,,,,,
1622584000,0,tlm,ticket_enqueue,,,,,,,,,,,,,,,,,,,,,,,,405646,99,99,,206016,,,0,,,,body,,,,1465,1464,,2,2,,,,,,,,,,,
1622584000,3,tlm,ticket_enqueue,,,,,,,,,,,,,,,,,,,,,,,,405646,99,99,,205840,,,0,,,,body,,,,1468,1467,,129,129,,,,,,,,,,,
1622586000,3,rtl,handle_accept,780062,,,,,,,,,,,,,,,,,,,,,,,,,,,164144,1532,37103,1,5,2020,0,,,,,,,,,,,,,,,,,,,,
1622586000,,rtl,parser_ticket_we,780063,,,,,,,,0,0,,,,,,,,,,,,,,,,,,205136,,,0,,,,,,,,,,,,,,,553,506,,,,,,,
1622588000,0,tlm,ingress_preaccept,,,,,,,,,,,,,,,,,,,,,,,,405647,99,99,,206032,,,0,,,,,,,,1464,,,2,,1,,,,,,,,,,
1622588000,3,tlm,ingress_preaccept,,,,,,,,,,,,,,,,,,,,,,,,405647,99,99,,205856,,,0,,,,,,,,1467,,,129,,128,,,,,,,,,,
1622588000,0,tlm,ticket_enqueue,,,,,,,,,,,,,,,,,,,,,,,,405647,99,99,,206032,,,0,,,,body,,,,1464,1463,,2,2,,,,,,,,,,,
1622588000,3,tlm,ticket_enqueue,,,,,,,,,,,,,,,,,,,,,,,,405647,99,99,,205856,,,0,,,,body,,,,1467,1466,,129,129,,,,,,,,,,,
1622590000,,rtl,parser_ticket_we,780067,,,,,,,,0,0,,,,,,,,,,,,,,,,,,205216,,,4,,,,,,,,,,,,,,,1253,511,,,,,,,
1622590000,,rtl,parser_ticket_we,780068,,,,,,,,0,0,,,,,,,,,,,,,,,,,,205152,,,0,,,,,,,,,,,,,,,553,507,,,,,,,
1622592000,0,tlm,ingress_preaccept,,,,,,,,,,,,,,,,,,,,,,,,405648,99,99,,206048,,,0,,,,,,,,1463,,,2,,1,,,,,,,,,,
1622592000,3,tlm,ingress_preaccept,,,,,,,,,,,,,,,,,,,,,,,,405648,99,99,,205872,,,0,,,,,,,,1466,,,129,,128,,,,,,,,,,
1622592000,0,tlm,ticket_enqueue,,,,,,,,,,,,,,,,,,,,,,,,405648,99,99,,206048,,,0,,,,body,,,,1463,1462,,2,2,,,,,,,,,,,
1622592000,1,tlm,ticket_enqueue,,,,,,,,,,,,,,,,,,,,,,,,405648,99,99,,205936,,,4,,,,body,,,,1462,1461,,141,137,,,,,,,,,,,
1622592000,2,tlm,ticket_enqueue,,,,,,,,,,,,,,,,,,,,,,,,405648,99,99,,206160,,,4,,,,body,,,,1448,1447,,34,30,,,,,,,,,,,
1622592000,3,tlm,ticket_enqueue,,,,,,,,,,,,,,,,,,,,,,,,405648,99,99,,205872,,,0,,,,body,,,,1466,1465,,129,129,,,,,,,,,,,
1622594000,,rtl,parser_ticket_we,780072,,,,,,,,0,0,,,,,,,,,,,,,,,,,,205232,,,0,,,,,,,,,,,,,,,1257,200,,,,,,,
1622596000,1,tlm,ingress_preaccept,,,,,,,,,,,,,,,,,,,,,,,,405649,99,99,,205952,,,0,,,,,,,,1461,,,137,,136,,,,,,,,,,
1622596000,2,tlm,ingress_preaccept,,,,,,,,,,,,,,,,,,,,,,,,405649,99,99,,206176,,,4,,,,,,,,1447,,,30,,29,,,,,,,,,,
1622596000,3,tlm,ingress_preaccept,,,,,,,,,,,,,,,,,,,,,,,,405649,99,99,,205888,,,0,,,,,,,,1465,,,129,,128,,,,,,,,,,
1622596000,0,tlm,ingress_predrop,,,,,,,,,,,,,,,,,,,,,,,,405649,99,99,,206064,,,4,,,,,,,,1462,,,2,,1,lane_credit,,,,,,,,,
1622596000,1,tlm,ticket_enqueue,,,,,,,,,,,,,,,,,,,,,,,,405649,99,99,,205952,,,0,,,,body,,,,1461,1460,,137,137,,,,,,,,,,,
1622596000,3,tlm,ticket_enqueue,,,,,,,,,,,,,,,,,,,,,,,,405649,99,99,,205888,,,0,,,,body,,,,1465,1464,,129,129,,,,,,,,,,,
1622598000,,rtl,allocator_decision,780076,,,,,,,,,,,,idle_to_fetch,164160,15,15,15,15,0,0,0,0,14,,,,,,,,,,,,,,,,,,,,,,,,,,,,,,,
1622598000,,rtl,parser_ticket_we,780081,,,,,,,,0,0,,,,,,,,,,,,,,,,,,205248,,,0,,,,,,,,,,,,,,,1257,201,,,,,,,
1622600000,1,tlm,ingress_preaccept,,,,,,,,,,,,,,,,,,,,,,,,405650,99,99,,205968,,,1,,,,,,,,1460,,,137,,136,,,,,,,,,,
1622600000,3,tlm,ingress_preaccept,,,,,,,,,,,,,,,,,,,,,,,,405650,99,99,,205904,,,0,,,,,,,,1464,,,129,,128,,,,,,,,,,
1622600000,3,tlm,ticket_enqueue,,,,,,,,,,,,,,,,,,,,,,,,405650,99,99,,205904,,,0,,,,body,,,,1464,1463,,129,129,,,,,,,,,,,
1622602000,,rtl,parser_ticket_we,780085,,,,,,,,0,0,,,,,,,,,,,,,,,,,,205264,,,4,,,,,,,,,,,,,,,1452,202,,,,,,,
1622602000,,rtl,parser_ticket_we,780086,,,,,,,,0,0,,,,,,,,,,,,,,,,,,205264,,,0,,,,,,,,,,,,,,,1257,202,,,,,,,
1622604000,3,tlm,ingress_preaccept,,,,,,,,,,,,,,,,,,,,,,,,405651,99,99,,205920,,,0,,,,,,,,1463,,,129,,128,,,,,,,,,,
1622604000,1,tlm,ticket_enqueue,,,,,,,,,,,,,,,,,,,,,,,,405651,99,99,,205968,,,1,,,,body,,,,1460,1459,,137,136,,,,,,,,,,,
1622604000,3,tlm,ticket_enqueue,,,,,,,,,,,,,,,,,,,,,,,,405651,99,99,,205920,,,0,,,,body,,,,1463,1462,,129,129,,,,,,,,,,,
1622606000,,rtl,parser_ticket_we,780089,,,,,,,,0,0,,,,,,,,,,,,,,,,,,205280,,,0,,,,,,,,,,,,,,,1456,203,,,,,,,
1622608000,1,tlm,ingress_preaccept,,,,,,,,,,,,,,,,,,,,,,,,405652,99,99,,205984,,,1,,,,,,,,1459,,,136,,135,,,,,,,,,,
1622608000,3,tlm,ingress_preaccept,,,,,,,,,,,,,,,,,,,,,,,,405652,99,99,,205936,,,4,,,,,,,,1462,,,129,,128,,,,,,,,,,
1622610000,,rtl,parser_ticket_we,780094,,,,,,,,0,0,,,,,,,,,,,,,,,,,,205216,,,8,,,,,,,,,,,,,,,545,511,,,,,,,
1622610000,,rtl,parser_ticket_we,780095,,,,,,,,0,0,,,,,,,,,,,,,,,,,,205168,,,4,,,,,,,,,,,,,,,553,508,,,,,,,
1622610000,,rtl,parser_ticket_we,780096,,,,,,,,0,0,,,,,,,,,,,,,,,,,,205296,,,0,,,,,,,,,,,,,,,1456,204,,,,,,,
1622612000,1,tlm,ticket_enqueue,,,,,,,,,,,,,,,,,,,,,,,,405653,99,99,,205984,,,1,,,,body,,,,1459,1458,,136,135,,,,,,,,,,,
1622612000,2,tlm,ticket_enqueue,,,,,,,,,,,,,,,,,,,,,,,,405653,99,99,,206176,,,4,,,,body,,,,1447,1446,,30,26,,,,,,,,,,,
1622614000,0,rtl,controlled_ingress_predrop,780103,,,,,,,,,,,,,,,,,,,,,,,,,99,,205280,,,,,,,,,,,,,,,,,,,,4,1504,1,4,1,1,4
1622614000,,rtl,parser_ticket_we,780099,,,,,,,,0,0,,,,,,,,,,,,,,,,,,205312,,,0,,,,,,,,,,,,,,,1456,205,,,,,,,
1622614000,,rtl,parser_ticket_we,780100,,,,,,,,0,0,,,,,,,,,,,,,,,,,,205184,,,0,,,,,,,,,,,,,,,557,509,,,,,,,
1622614000,,rtl,parser_ticket_we,780101,,,,,,,,0,0,,,,,,,,,,,,,,,,,,205232,,,0,,,,,,,,,,,,,,,1357,200,,,,,,,
1622616000,0,tlm,ingress_preaccept,,,,,,,,,,,,,,,,,,,,,,,,405654,99,99,,206080,,,0,,,,,,,,1462,,,2,,1,,,,,,,,,,
1622616000,1,tlm,ingress_preaccept,,,,,,,,,,,,,,,,,,,,,,,,405654,99,99,,206000,,,0,,,,,,,,1458,,,135,,134,,,,,,,,,,
1622616000,2,tlm,ingress_preaccept,,,,,,,,,,,,,,,,,,,,,,,,405654,99,99,,206192,,,0,,,,,,,,1446,,,26,,25,,,,,,,,,,
1622616000,0,tlm,ticket_enqueue,,,,,,,,,,,,,,,,,,,,,,,,405654,99,99,,206080,,,0,,,,body,,,,1462,1461,,2,2,,,,,,,,,,,
1622616000,1,tlm,ticket_enqueue,,,,,,,,,,,,,,,,,,,,,,,,405654,99,99,,206000,,,0,,,,body,,,,1458,1457,,135,135,,,,,,,,,,,
1622616000,2,tlm,ticket_enqueue,,,,,,,,,,,,,,,,,,,,,,,,405654,99,99,,206192,,,0,,,,body,,,,1446,1445,,26,26,,,,,,,,,,,
1622618000,,rtl,parser_ticket_we,780107,,,,,,,,0,0,,,,,,,,,,,,,,,,,,205200,,,0,,,,,,,,,,,,,,,557,510,,,,,,,
1622618000,,rtl,parser_ticket_we,780108,,,,,,,,0,0,,,,,,,,,,,,,,,,,,205328,,,0,,,,,,,,,,,,,,,1456,206,,,,,,,
1622620000,0,tlm,ingress_preaccept,,,,,,,,,,,,,,,,,,,,,,,,405655,99,99,,206096,,,0,,,,,,,,1461,,,2,,1,,,,,,,,,,
1622620000,1,tlm,ingress_preaccept,,,,,,,,,,,,,,,,,,,,,,,,405655,99,99,,206016,,,0,,,,,,,,1457,,,135,,134,,,,,,,,,,
1622620000,2,tlm,ingress_preaccept,,,,,,,,,,,,,,,,,,,,,,,,405655,99,99,,206208,,,4,,,,,,,,1445,,,26,,25,,,,,,,,,,
1622620000,0,tlm,ticket_enqueue,,,,,,,,,,,,,,,,,,,,,,,,405655,99,99,,206096,,,0,,,,body,,,,1461,1460,,2,2,,,,,,,,,,,
1622620000,1,tlm,ticket_enqueue,,,,,,,,,,,,,,,,,,,,,,,,405655,99,99,,206016,,,0,,,,body,,,,1457,1456,,135,135,,,,,,,,,,,
1622622000,,rtl,parser_ticket_we,780113,,,,,,,,0,0,,,,,,,,,,,,,,,,,,205344,,,0,,,,,,,,,,,,,,,1456,207,,,,,,,
1622622000,,rtl,parser_ticket_we,780114,,,,,,,,0,0,,,,,,,,,,,,,,,,,,205216,,,0,,,,,,,,,,,,,,,557,511,,,,,,,
1622624000,0,tlm,ingress_preaccept,,,,,,,,,,,,,,,,,,,,,,,,405656,99,99,,206112,,,0,,,,,,,,1460,,,2,,1,,,,,,,,,,
1622624000,1,tlm,ingress_preaccept,,,,,,,,,,,,,,,,,,,,,,,,405656,99,99,,206032,,,0,,,,,,,,1456,,,135,,134,,,,,,,,,,
1622624000,0,tlm,ticket_enqueue,,,,,,,,,,,,,,,,,,,,,,,,405656,99,99,,206112,,,0,,,,body,,,,1460,1459,,2,2,,,,,,,,,,,
1622624000,1,tlm,ticket_enqueue,,,,,,,,,,,,,,,,,,,,,,,,405656,99,99,,206032,,,0,,,,body,,,,1456,1455,,135,135,,,,,,,,,,,
1622624000,3,tlm,ticket_enqueue,,,,,,,,,,,,,,,,,,,,,,,,405656,99,99,,205936,,,4,,,,body,,,,1462,1461,,129,125,,,,,,,,,,,
1622626000,,rtl,parser_ticket_we,780118,,,,,,,,0,0,,,,,,,,,,,,,,,,,,205296,,,0,,,,,,,,,,,,,,,1257,203,,,,,,,
1622626000,,rtl,parser_ticket_we,780119,,,,,,,,0,0,,,,,,,,,,,,,,,,,,205232,,,0,,,,,,,,,,,,,,,557,200,,,,,,,
1622626000,,rtl,parser_ticket_we,780120,,,,,,,,0,0,,,,,,,,,,,,,,,,,,205360,,,0,,,,,,,,,,,,,,,1456,208,,,,,,,
1622628000,1,tlm,ingress_preaccept,,,,,,,,,,,,,,,,,,,,,,,,405657,99,99,,206048,,,0,,,,,,,,1455,,,135,,134,,,,,,,,,,
1622628000,3,tlm,ingress_preaccept,,,,,,,,,,,,,,,,,,,,,,,,405657,99,99,,205952,,,0,,,,,,,,1461,,,125,,124,,,,,,,,,,
1622628000,0,tlm,ingress_predrop,,,,,,,,,,,,,,,,,,,,,,,,405657,99,99,,206128,,,4,,,,,,,,1459,,,2,,1,lane_credit,,,,,,,,,
1622628000,1,tlm,ticket_enqueue,,,,,,,,,,,,,,,,,,,,,,,,405657,99,99,,206048,,,0,,,,body,,,,1455,1454,,135,135,,,,,,,,,,,
1622628000,3,tlm,ticket_enqueue,,,,,,,,,,,,,,,,,,,,,,,,405657,99,99,,205952,,,0,,,,body,,,,1461,1460,,125,125,,,,,,,,,,,
1622630000,,rtl,parser_ticket_we,780126,,,,,,,,0,0,,,,,,,,,,,,,,,,,,205376,,,0,,,,,,,,,,,,,,,1456,209,,,,,,,
1622630000,,rtl,parser_ticket_we,780127,,,,,,,,0,0,,,,,,,,,,,,,,,,,,205248,,,0,,,,,,,,,,,,,,,557,201,,,,,,,
1622630000,,rtl,parser_ticket_we,780128,,,,,,,,0,0,,,,,,,,,,,,,,,,,,205312,,,0,,,,,,,,,,,,,,,1257,204,,,,,,,
1622632000,1,tlm,ingress_preaccept,,,,,,,,,,,,,,,,,,,,,,,,405658,99,99,,206064,,,0,,,,,,,,1454,,,135,,134,,,,,,,,,,
1622632000,3,tlm,ingress_preaccept,,,,,,,,,,,,,,,,,,,,,,,,405658,99,99,,205968,,,4,,,,,,,,1460,,,125,,124,,,,,,,,,,
1622632000,1,tlm,ticket_enqueue,,,,,,,,,,,,,,,,,,,,,,,,405658,99,99,,206064,,,0,,,,body,,,,1454,1453,,135,135,,,,,,,,,,,
1622634000,3,rtl,credit_return,780135,,,,,,,,,,,,,,,,,,,,,,,,,,,,,,1,,,,mover_done,5,,,,,,,,,,,,,,,,,,
1622634000,,rtl,parser_ticket_we,780136,,,,,,,,0,0,,,,,,,,,,,,,,,,,,205264,,,0,,,,,,,,,,,,,,,557,202,,,,,,,
1622634000,,rtl,parser_ticket_we,780137,,,,,,,,0,0,,,,,,,,,,,,,,,,,,205392,,,0,,,,,,,,,,,,,,,1456,522,,,,,,,
1622636000,1,tlm,ingress_preaccept,,,,,,,,,,,,,,,,,,,,,,,,405659,99,99,,206080,,,4,,,,,,,,1453,,,135,,134,,,,,,,,,,
1622636000,2,tlm,ticket_enqueue,,,,,,,,,,,,,,,,,,,,,,,,405659,99,99,,206208,,,4,,,,body,,,,1445,1444,,26,22,,,,,,,,,,,
1622638000,3,rtl,credit_return,780146,,,,,,,,,,,,,,,,,,,,,,,,,,,,,,1,,,,credit_return,5,,,,,,,,,,,,,,,,,,
1622638000,,rtl,parser_ticket_we,780142,,,,,,,,0,0,,,,,,,,,,,,,,,,,,205408,,,0,,,,,,,,,,,,,,,1456,523,,,,,,,
1622640000,,tlm,allocator_fetch,,,,,,,,,,,,,,164128,,,,,,,,,,405660,79,79,,,,,,,,,,,18,15,,,,,,,,,,,,,,,,
1622640000,0,tlm,allocator_lane_action,,empty,,,,,,,,,,,,164128,,,,,,,,,,405660,79,79,,164128,,,0,,,,,,,,,,,,,,,,,,,,,,,
1622640000,2,tlm,ingress_preaccept,,,,,,,,,,,,,,,,,,,,,,,,405660,99,99,,206224,,,0,,,,,,,,1444,,,22,,21,,,,,,,,,,
1622640000,2,tlm,ticket_enqueue,,,,,,,,,,,,,,,,,,,,,,,,405660,99,99,,206224,,,0,,,,body,,,,1444,1443,,22,22,,,,,,,,,,,
1622640000,0,tlm,ticket_pop,,,,,,,,,,,,,,,,,,,,,,,,405660,79,79,,164128,,,0,,,,body,,,,1459,1460,,,,,,,,,,,,,,
1622640000,1,tlm,ticket_pop,,,,,,,,,,,,,,,,,,,,,,,,405660,79,79,,164128,,,0,,,,body,,,,1453,1454,,,,,,,,,,,,,,
1622640000,2,tlm,ticket_pop,,,,,,,,,,,,,,,,,,,,,,,,405660,79,79,,164128,,,4,,,,body,,,,1443,1444,,,,,,,,,,,,,,
1622640000,3,tlm,ticket_pop,,,,,,,,,,,,,,,,,,,,,,,,405660,79,79,,164128,,,1,,,,body,,,,1460,1461,,,,,,,,,,,,,,
1622642000,0,rtl,controlled_ingress_predrop,780149,,,,,,,,,,,,,,,,,,,,,,,,,99,,205328,,,,,,,,,,,,,,,,,,,,4,1502,1,4,1,1,4
1622642000,,rtl,parser_ticket_we,780147,,,,,,,,0,0,,,,,,,,,,,,,,,,,,205424,,,0,,,,,,,,,,,,,,,1456,524,,,,,,,
1622644000,2,tlm,ingress_preaccept,,,,,,,,,,,,,,,,,,,,,,,,405661,99,99,,206240,,,4,,,,,,,,1444,,,22,,21,,,,,,,,,,
1622646000,,rtl,parser_ticket_we,780151,,,,,,,,0,0,,,,,,,,,,,,,,,,,,205440,,,0,,,,,,,,,,,,,,,1456,525,,,,,,,
1622648000,1,tlm,allocator_lane_action,,empty,,,,,,,,,,,,164128,,,,,,,,,,405662,79,79,,164128,,,0,,,,,,,,,,,,,,,,,,,,,,,
1622648000,0,tlm,ingress_preaccept,,,,,,,,,,,,,,,,,,,,,,,,405662,99,99,,206144,,,0,,,,,,,,1460,,,2,,1,,,,,,,,,,
1622648000,0,tlm,ticket_enqueue,,,,,,,,,,,,,,,,,,,,,,,,405662,99,99,,206144,,,0,,,,body,,,,1460,1459,,2,2,,,,,,,,,,,
1622648000,3,tlm,ticket_enqueue,,,,,,,,,,,,,,,,,,,,,,,,405662,99,99,,205968,,,4,,,,body,,,,1461,1460,,125,121,,,,,,,,,,,
1622650000,,rtl,parser_ticket_we,780154,,,,,,,,0,0,,,,,,,,,,,,,,,,,,205248,,,8,,,,,,,,,,,,,,,1357,201,,,,,,,
1622652000,0,tlm,ingress_preaccept,,,,,,,,,,,,,,,,,,,,,,,,405663,99,99,,206160,,,0,,,,,,,,1459,,,2,,1,,,,,,,,,,
1622652000,3,tlm,ingress_preaccept,,,,,,,,,,,,,,,,,,,,,,,,405663,99,99,,205984,,,0,,,,,,,,1460,,,121,,120,,,,,,,,,,
1622652000,0,tlm,ticket_enqueue,,,,,,,,,,,,,,,,,,,,,,,,405663,99,99,,206160,,,0,,,,body,,,,1459,1458,,2,2,,,,,,,,,,,
1622652000,1,tlm,ticket_enqueue,,,,,,,,,,,,,,,,,,,,,,,,405663,99,99,,206080,,,4,,,,body,,,,1454,1453,,135,131,,,,,,,,,,,
1622652000,3,tlm,ticket_enqueue,,,,,,,,,,,,,,,,,,,,,,,,405663,99,99,,205984,,,0,,,,body,,,,1460,1459,,121,121,,,,,,,,,,,
1622654000,,rtl,parser_ticket_we,780157,,,,,,,,0,0,,,,,,,,,,,,,,,,,,205344,,,0,,,,,,,,,,,,,,,1257,205,,,,,,,
1622654000,,rtl,parser_ticket_we,780158,,,,,,,,0,0,,,,,,,,,,,,,,,,,,205456,,,1,,,,,,,,,,,,,,,1456,526,,,,,,,
1622654000,,rtl,parser_ticket_we,780159,,,,,,,,0,0,,,,,,,,,,,,,,,,,,205280,,,4,,,,,,,,,,,,,,,557,203,,,,,,,
1622654000,,rtl,parser_ticket_we,780160,,,,,,,,0,0,,,,,,,,,,,,,,,,,,205264,,,0,,,,,,,,,,,,,,,555,202,,,,,,,
1622656000,2,tlm,handle_accept,,,,,,,,,,,,,,164128,,,,,,,,,,405664,79,79,,164128,,,4,,,69,,,,,,,1,,,,,,,,,,,,,
1622656000,0,tlm,ingress_preaccept,,,,,,,,,,,,,,,,,,,,,,,,405664,99,99,,206176,,,0,,,,,,,,1458,,,2,,1,,,,,,,,,,
1622656000,1,tlm,ingress_preaccept,,,,,,,,,,,,,,,,,,,,,,,,405664,99,99,,206096,,,2,,,,,,,,1453,,,131,,130,,,,,,,,,,
1622656000,3,tlm,ingress_preaccept,,,,,,,,,,,,,,,,,,,,,,,,405664,99,99,,206000,,,4,,,,,,,,1459,,,121,,120,,,,,,,,,,
1622656000,0,tlm,ticket_enqueue,,,,,,,,,,,,,,,,,,,,,,,,405664,99,99,,206176,,,0,,,,body,,,,1458,1457,,2,2,,,,,,,,,,,
1622658000,0,rtl,allocator_lane_action,780167,2,0,1,0,164160,0,79,0,0,1,0,,,,,,,,,,,,,,,,,,,,,,,,,,,,,,,,,,,,,,,,,,
1622658000,1,rtl,allocator_lane_action,780168,2,0,1,0,164160,0,79,0,0,1,0,,,,,,,,,,,,,,,,,,,,,,,,,,,,,,,,,,,,,,,,,,
1622658000,2,rtl,allocator_lane_action,780169,2,0,1,0,164160,0,79,0,0,1,0,,,,,,,,,,,,,,,,,,,,,,,,,,,,,,,,,,,,,,,,,,
1622658000,3,rtl,allocator_lane_action,780170,2,0,1,0,164160,0,79,0,0,1,0,,,,,,,,,,,,,,,,,,,,,,,,,,,,,,,,,,,,,,,,,,
1622658000,,rtl,parser_ticket_we,780164,,,,,,,,0,0,,,,,,,,,,,,,,,,,,205280,,,0,,,,,,,,,,,,,,,555,203,,,,,,,
1622658000,,rtl,parser_ticket_we,780165,,,,,,,,0,0,,,,,,,,,,,,,,,,,,205296,,,0,,,,,,,,,,,,,,,1371,204,,,,,,,
1622658000,,rtl,parser_ticket_we,780171,,,,,,,,0,0,,,,,,,,,,,,,,,,,,205472,,,0,,,,,,,,,,,,,,,1457,527,,,,,,,
1622658000,,rtl,parser_ticket_we,780172,,,,,,,,0,0,,,,,,,,,,,,,,,,,,205360,,,0,,,,,,,,,,,,,,,1257,206,,,,,,,
1622660000,0,tlm,ingress_preaccept,,,,,,,,,,,,,,,,,,,,,,,,405665,99,99,,206192,,,0,,,,,,,,1457,,,2,,1,,,,,,,,,,
1622660000,0,tlm,ticket_enqueue,,,,,,,,,,,,,,,,,,,,,,,,405665,99,99,,206192,,,0,,,,body,,,,1457,1456,,2,2,,,,,,,,,,,
1622660000,2,tlm,ticket_enqueue,,,,,,,,,,,,,,,,,,,,,,,,405665,99,99,,206240,,,4,,,,body,,,,1444,1443,,22,18,,,,,,,,,,,
1622662000,,rtl,parser_ticket_we,780178,,,,,,,,0,0,,,,,,,,,,,,,,,,,,205376,,,0,,,,,,,,,,,,,,,1257,207,,,,,,,
1622662000,,rtl,parser_ticket_we,780179,,,,,,,,0,0,,,,,,,,,,,,,,,,,,205488,,,0,,,,,,,,,,,,,,,1457,210,,,,,,,
1622662000,,rtl,parser_ticket_we,780180,,,,,,,,0,0,,,,,,,,,,,,,,,,,,205296,,,0,,,,,,,,,,,,,,,555,204,,,,,,,
1622664000,3,tlm,handle_accept,,,,,,,,,,,,,,164128,,,,,,,,,,405666,79,79,,164128,,,1,,,70,,,,,,,1,,,,,,,,,,,,,
1622664000,0,tlm,ingress_preaccept,,,,,,,,,,,,,,,,,,,,,,,,405666,99,99,,206208,,,0,,,,,,,,1456,,,2,,1,,,,,,,,,,
1622664000,2,tlm,ingress_preaccept,,,,,,,,,,,,,,,,,,,,,,,,405666,99,99,,206256,,,0,,,,,,,,1443,,,18,,17,,,,,,,,,,
1622664000,0,tlm,ticket_enqueue,,,,,,,,,,,,,,,,,,,,,,,,405666,99,99,,206208,,,0,,,,body,,,,1456,1455,,2,2,,,,,,,,,,,
1622664000,1,tlm,ticket_enqueue,,,,,,,,,,,,,,,,,,,,,,,,405666,99,99,,206096,,,2,,,,body,,,,1453,1452,,131,129,,,,,,,,,,,
1622664000,2,tlm,ticket_enqueue,,,,,,,,,,,,,,,,,,,,,,,,405666,99,99,,206256,,,0,,,,body,,,,1443,1442,,18,18,,,,,,,,,,,
1622666000,,rtl,parser_ticket_we,780186,,,,,,,,0,0,,,,,,,,,,,,,,,,,,205312,,,0,,,,,,,,,,,,,,,555,205,,,,,,,
1622666000,,rtl,parser_ticket_we,780187,,,,,,,,0,0,,,,,,,,,,,,,,,,,,205504,,,0,,,,,,,,,,,,,,,1457,211,,,,,,,
1622666000,,rtl,parser_ticket_we,780188,,,,,,,,0,0,,,,,,,,,,,,,,,,,,205392,,,0,,,,,,,,,,,,,,,1257,208,,,,,,,
1622668000,0,tlm,ingress_preaccept,,,,,,,,,,,,,,,,,,,,,,,,405667,99,99,,206224,,,0,,,,,,,,1455,,,2,,1,,,,,,,,,,
1622668000,1,tlm,ingress_preaccept,,,,,,,,,,,,,,,,,,,,,,,,405667,99,99,,206112,,,0,,,,,,,,1452,,,129,,128,,,,,,,,,,
1622668000,2,tlm,ingress_preaccept,,,,,,,,,,,,,,,,,,,,,,,,405667,99,99,,206272,,,0,,,,,,,,1442,,,18,,17,,,,,,,,,,
1622668000,0,tlm,ticket_enqueue,,,,,,,,,,,,,,,,,,,,,,,,405667,99,99,,206224,,,0,,,,body,,,,1455,1454,,2,2,,,,,,,,,,,
1622668000,1,tlm,ticket_enqueue,,,,,,,,,,,,,,,,,,,,,,,,405667,99,99,,206112,,,0,,,,body,,,,1452,1451,,129,129,,,,,,,,,,,
1622668000,2,tlm,ticket_enqueue,,,,,,,,,,,,,,,,,,,,,,,,405667,99,99,,206272,,,0,,,,body,,,,1442,1441,,18,18,,,,,,,,,,,
1622670000,,rtl,parser_ticket_we,780193,,,,,,,,0,0,,,,,,,,,,,,,,,,,,205408,,,0,,,,,,,,,,,,,,,1257,209,,,,,,,
1622670000,,rtl,parser_ticket_we,780194,,,,,,,,0,0,,,,,,,,,,,,,,,,,,205520,,,0,,,,,,,,,,,,,,,1457,212,,,,,,,
1622670000,,rtl,parser_ticket_we,780195,,,,,,,,0,0,,,,,,,,,,,,,,,,,,205328,,,0,,,,,,,,,,,,,,,555,206,,,,,,,
1622672000,0,tlm,ingress_preaccept,,,,,,,,,,,,,,,,,,,,,,,,405668,99,99,,206240,,,0,,,,,,,,1454,,,2,,1,,,,,,,,,,
1622672000,1,tlm,ingress_preaccept,,,,,,,,,,,,,,,,,,,,,,,,405668,99,99,,206128,,,0,,,,,,,,1451,,,129,,128,,,,,,,,,,
1622672000,2,tlm,ingress_preaccept,,,,,,,,,,,,,,,,,,,,,,,,405668,99,99,,206288,,,0,,,,,,,,1441,,,18,,17,,,,,,,,,,
1622672000,0,tlm,ticket_enqueue,,,,,,,,,,,,,,,,,,,,,,,,405668,99,99,,206240,,,0,,,,body,,,,1454,1453,,2,2,,,,,,,,,,,
1622672000,1,tlm,ticket_enqueue,,,,,,,,,,,,,,,,,,,,,,,,405668,99,99,,206128,,,0,,,,body,,,,1451,1450,,129,129,,,,,,,,,,,
1622672000,2,tlm,ticket_enqueue,,,,,,,,,,,,,,,,,,,,,,,,405668,99,99,,206288,,,0,,,,body,,,,1441,1440,,18,18,,,,,,,,,,,
1622672000,3,tlm,ticket_enqueue,,,,,,,,,,,,,,,,,,,,,,,,405668,99,99,,206000,,,4,,,,body,,,,1459,1458,,121,117,,,,,,,,,,,
1622674000,,rtl,parser_ticket_we,780200,,,,,,,,0,0,,,,,,,,,,,,,,,,,,205344,,,0,,,,,,,,,,,,,,,555,207,,,,,,,
1622674000,,rtl,parser_ticket_we,780201,,,,,,,,0,0,,,,,,,,,,,,,,,,,,205536,,,0,,,,,,,,,,,,,,,1457,213,,,,,,,
1622674000,,rtl,parser_ticket_we,780202,,,,,,,,0,0,,,,,,,,,,,,,,,,,,205424,,,0,,,,,,,,,,,,,,,1257,522,,,,,,,
1622676000,2,tlm,credit_return,,,,,,,,,,,,,,,,,,,,,,,,405669,79,79,,164128,,,4,,,,,,,,,,0,18,22,,,,,,,,,,,
1622676000,0,tlm,ingress_preaccept,,,,,,,,,,,,,,,,,,,,,,,,405669,99,99,,206256,,,0,,,,,,,,1453,,,2,,1,,,,,,,,,,
1622676000,1,tlm,ingress_preaccept,,,,,,,,,,,,,,,,,,,,,,,,405669,99,99,,206144,,,0,,,,,,,,1450,,,129,,128,,,,,,,,,,
1622676000,2,tlm,ingress_preaccept,,,,,,,,,,,,,,,,,,,,,,,,405669,99,99,,206304,,,0,,,,,,,,1440,,,18,,17,,,,,,,,,,
1622676000,3,tlm,ingress_preaccept,,,,,,,,,,,,,,,,,,,,,,,,405669,99,99,,206016,,,0,,,,,,,,1458,,,117,,116,,,,,,,,,,
1622676000,0,tlm,ticket_enqueue,,,,,,,,,,,,,,,,,,,,,,,,405669,99,99,,206256,,,0,,,,body,,,,1453,1452,,2,2,,,,,,,,,,,
1622676000,1,tlm,ticket_enqueue,,,,,,,,,,,,,,,,,,,,,,,,405669,99,99,,206144,,,0,,,,body,,,,1450,1449,,129,129,,,,,,,,,,,
1622676000,2,tlm,ticket_enqueue,,,,,,,,,,,,,,,,,,,,,,,,405669,99,99,,206304,,,0,,,,body,,,,1440,1439,,18,18,,,,,,,,,,,
1622676000,3,tlm,ticket_enqueue,,,,,,,,,,,,,,,,,,,,,,,,405669,99,99,,206016,,,0,,,,body,,,,1458,1457,,117,117,,,,,,,,,,,
1622678000,,rtl,parser_ticket_we,780207,,,,,,,,0,0,,,,,,,,,,,,,,,,,,205312,,,4,,,,,,,,,,,,,,,1371,205,,,,,,,
1622678000,,rtl,parser_ticket_we,780208,,,,,,,,0,0,,,,,,,,,,,,,,,,,,205440,,,0,,,,,,,,,,,,,,,1257,523,,,,,,,
1622678000,,rtl,parser_ticket_we,780209,,,,,,,,0,0,,,,,,,,,,,,,,,,,,205552,,,0,,,,,,,,,,,,,,,1457,214,,,,,,,
1622678000,,rtl,parser_ticket_we,780210,,,,,,,,0,0,,,,,,,,,,,,,,,,,,205360,,,0,,,,,,,,,,,,,,,555,208,,,,,,,
1622680000,3,tlm,credit_return,,,,,,,,,,,,,,,,,,,,,,,,405670,79,79,,164128,,,1,,,,,,,,,,0,117,118,,,,,,,,,,,
1622680000,0,tlm,ingress_preaccept,,,,,,,,,,,,,,,,,,,,,,,,405670,99,99,,206272,,,0,,,,,,,,1452,,,2,,1,,,,,,,,,,
1622680000,1,tlm,ingress_preaccept,,,,,,,,,,,,,,,,,,,,,,,,405670,99,99,,206160,,,4,,,,,,,,1449,,,129,,128,,,,,,,,,,
1622680000,2,tlm,ingress_preaccept,,,,,,,,,,,,,,,,,,,,,,,,405670,99,99,,206320,,,0,,,,,,,,1439,,,22,,21,,,,,,,,,,
1622680000,3,tlm,ingress_preaccept,,,,,,,,,,,,,,,,,,,,,,,,405670,99,99,,206032,,,0,,,,,,,,1457,,,117,,116,,,,,,,,,,
1622680000,0,tlm,ticket_enqueue,,,,,,,,,,,,,,,,,,,,,,,,405670,99,99,,206272,,,0,,,,body,,,,1452,1451,,2,2,,,,,,,,,,,
1622680000,2,tlm,ticket_enqueue,,,,,,,,,,,,,,,,,,,,,,,,405670,99,99,,206320,,,0,,,,body,,,,1439,1438,,22,22,,,,,,,,,,,
1622680000,3,tlm,ticket_enqueue,,,,,,,,,,,,,,,,,,,,,,,,405670,99,99,,206032,,,0,,,,body,,,,1457,1456,,117,117,,,,,,,,,,,
1622682000,,rtl,parser_ticket_we,780215,,,,,,,,0,0,,,,,,,,,,,,,,,,,,205376,,,0,,,,,,,,,,,,,,,555,209,,,,,,,
1622682000,,rtl,parser_ticket_we,780216,,,,,,,,0,0,,,,,,,,,,,,,,,,,,205568,,,0,,,,,,,,,,,,,,,1457,215,,,,,,,
1622682000,,rtl,parser_ticket_we,780217,,,,,,,,0,0,,,,,,,,,,,,,,,,,,205456,,,0,,,,,,,,,,,,,,,1257,524,,,,,,,
1622682000,,rtl,parser_ticket_we,780218,,,,,,,,0,0,,,,,,,,,,,,,,,,,,205328,,,0,,,,,,,,,,,,,,,1375,206,,,,,,,
1622684000,0,tlm,ingress_preaccept,,,,,,,,,,,,,,,,,,,,,,,,405671,99,99,,206288,,,0,,,,,,,,1451,,,2,,1,,,,,,,,,,
1622684000,2,tlm,ingress_preaccept,,,,,,,,,,,,,,,,,,,,,,,,405671,99,99,,206336,,,0,,,,,,,,1438,,,22,,21,,,,,,,,,,
1622684000,3,tlm,ingress_preaccept,,,,,,,,,,,,,,,,,,,,,,,,405671,99,99,,206048,,,0,,,,,,,,1456,,,118,,117,,,,,,,,,,
1622684000,0,tlm,ticket_enqueue,,,,,,,,,,,,,,,,,,,,,,,,405671,99,99,,206288,,,0,,,,body,,,,1451,1450,,2,2,,,,,,,,,,,
1622684000,2,tlm,ticket_enqueue,,,,,,,,,,,,,,,,,,,,,,,,405671,99,99,,206336,,,0,,,,body,,,,1438,1437,,22,22,,,,,,,,,,,
1622684000,3,tlm,ticket_enqueue,,,,,,,,,,,,,,,,,,,,,,,,405671,99,99,,206048,,,0,,,,body,,,,1456,1455,,118,118,,,,,,,,,,,
1622686000,,rtl,parser_ticket_we,780224,,,,,,,,0,0,,,,,,,,,,,,,,,,,,205344,,,0,,,,,,,,,,,,,,,1375,207,,,,,,,
1622686000,,rtl,parser_ticket_we,780225,,,,,,,,0,0,,,,,,,,,,,,,,,,,,205472,,,0,,,,,,,,,,,,,,,1257,525,,,,,,,
1622686000,,rtl,parser_ticket_we,780226,,,,,,,,0,0,,,,,,,,,,,,,,,,,,205584,,,0,,,,,,,,,,,,,,,1457,216,,,,,,,
1622688000,0,tlm,ingress_preaccept,,,,,,,,,,,,,,,,,,,,,,,,405672,99,99,,206304,,,0,,,,,,,,1450,,,2,,1,,,,,,,,,,
1622688000,2,tlm,ingress_preaccept,,,,,,,,,,,,,,,,,,,,,,,,405672,99,99,,206352,,,0,,,,,,,,1437,,,22,,21,,,,,,,,,,
1622688000,3,tlm,ingress_preaccept,,,,,,,,,,,,,,,,,,,,,,,,405672,99,99,,206064,,,0,,,,,,,,1455,,,118,,117,,,,,,,,,,
1622688000,0,tlm,ticket_enqueue,,,,,,,,,,,,,,,,,,,,,,,,405672,99,99,,206304,,,0,,,,body,,,,1450,1449,,2,2,,,,,,,,,,,
1622688000,2,tlm,ticket_enqueue,,,,,,,,,,,,,,,,,,,,,,,,405672,99,99,,206352,,,0,,,,body,,,,1437,1436,,22,22,,,,,,,,,,,
1622688000,3,tlm,ticket_enqueue,,,,,,,,,,,,,,,,,,,,,,,,405672,99,99,,206064,,,0,,,,body,,,,1455,1454,,118,118,,,,,,,,,,,
1622690000,,rtl,parser_ticket_we,780232,,,,,,,,0,0,,,,,,,,,,,,,,,,,,205392,,,1,,,,,,,,,,,,,,,555,522,,,,,,,
1622690000,,rtl,parser_ticket_we,780233,,,,,,,,0,0,,,,,,,,,,,,,,,,,,205488,,,0,,,,,,,,,,,,,,,1257,526,,,,,,,
1622690000,,rtl,parser_ticket_we,780234,,,,,,,,0,0,,,,,,,,,,,,,,,,,,205360,,,0,,,,,,,,,,,,,,,1375,208,,,,,,,
1622692000,0,tlm,ingress_preaccept,,,,,,,,,,,,,,,,,,,,,,,,405673,99,99,,206320,,,0,,,,,,,,1449,,,2,,1,,,,,,,,,,
1622692000,2,tlm,ingress_preaccept,,,,,,,,,,,,,,,,,,,,,,,,405673,99,99,,206368,,,4,,,,,,,,1436,,,22,,21,,,,,,,,,,
1622692000,3,tlm,ingress_preaccept,,,,,,,,,,,,,,,,,,,,,,,,405673,99,99,,206080,,,0,,,,,,,,1454,,,118,,117,,,,,,,,,,
1622692000,0,tlm,ticket_enqueue,,,,,,,,,,,,,,,,,,,,,,,,405673,99,99,,206320,,,0,,,,body,,,,1449,1448,,2,2,,,,,,,,,,,
1622692000,3,tlm,ticket_enqueue,,,,,,,,,,,,,,,,,,,,,,,,405673,99,99,,206080,,,0,,,,body,,,,1454,1453,,118,118,,,,,,,,,,,
1622694000,,rtl,parser_ticket_we,780239,,,,,,,,0,0,,,,,,,,,,,,,,,,,,205376,,,0,,,,,,,,,,,,,,,1375,209,,,,,,,
1622694000,,rtl,parser_ticket_we,780240,,,,,,,,0,0,,,,,,,,,,,,,,,,,,205504,,,0,,,,,,,,,,,,,,,1257,527,,,,,,,
1622696000,3,tlm,ingress_preaccept,,,,,,,,,,,,,,,,,,,,,,,,405674,99,99,,206096,,,0,,,,,,,,1453,,,118,,117,,,,,,,,,,
1622696000,0,tlm,ingress_predrop,,,,,,,,,,,,,,,,,,,,,,,,405674,99,99,,206336,,,5,,,,,,,,1448,,,2,,1,lane_credit,,,,,,,,,
1622696000,1,tlm,ticket_enqueue,,,,,,,,,,,,,,,,,,,,,,,,405674,99,99,,206160,,,4,,,,body,,,,1449,1448,,129,125,,,,,,,,,,,
1622696000,3,tlm,ticket_enqueue,,,,,,,,,,,,,,,,,,,,,,,,405674,99,99,,206096,,,0,,,,body,,,,1453,1452,,118,118,,,,,,,,,,,
1622698000,,rtl,parser_ticket_we,780245,,,,,,,,0,0,,,,,,,,,,,,,,,,,,205520,,,0,,,,,,,,,,,,,,,1257,210,,,,,,,
1622698000,,rtl,parser_ticket_we,780246,,,,,,,,0,0,,,,,,,,,,,,,,,,,,205392,,,0,,,,,,,,,,,,,,,1375,522,,,,,,,
1622700000,1,tlm,ingress_preaccept,,,,,,,,,,,,,,,,,,,,,,,,405675,99,99,,206176,,,4,,,,,,,,1448,,,125,,124,,,,,,,,,,
1622700000,3,tlm,ingress_preaccept,,,,,,,,,,,,,,,,,,,,,,,,405675,99,99,,206112,,,0,,,,,,,,1452,,,118,,117,,,,,,,,,,
1622700000,3,tlm,ticket_enqueue,,,,,,,,,,,,,,,,,,,,,,,,405675,99,99,,206112,,,0,,,,body,,,,1452,1451,,118,118,,,,,,,,,,,
1622702000,,rtl,allocator_decision,780250,,,,,,,,,,,,idle_to_fetch,164176,15,15,15,15,0,0,0,0,12,,,,,,,,,,,,,,,,,,,,,,,,,,,,,,,
1622702000,,rtl,parser_ticket_we,780255,,,,,,,,0,0,,,,,,,,,,,,,,,,,,205408,,,0,,,,,,,,,,,,,,,1375,523,,,,,,,
1622702000,,rtl,parser_ticket_we,780256,,,,,,,,0,0,,,,,,,,,,,,,,,,,,205536,,,0,,,,,,,,,,,,,,,1257,211,,,,,,,
1622704000,3,tlm,ingress_preaccept,,,,,,,,,,,,,,,,,,,,,,,,405676,99,99,,206128,,,4,,,,,,,,1451,,,118,,117,,,,,,,,,,
1622706000,,rtl,parser_ticket_we,780260,,,,,,,,0,0,,,,,,,,,,,,,,,,,,205600,,,4,,,,,,,,,,,,,,,1457,217,,,,,,,
1622706000,,rtl,parser_ticket_we,780261,,,,,,,,0,0,,,,,,,,,,,,,,,,,,205552,,,0,,,,,,,,,,,,,,,1257,212,,,,,,,
1622706000,,rtl,parser_ticket_we,780262,,,,,,,,0,0,,,,,,,,,,,,,,,,,,205424,,,0,,,,,,,,,,,,,,,1375,524,,,,,,,
1622708000,2,tlm,ticket_enqueue,,,,,,,,,,,,,,,,,,,,,,,,405677,99,99,,206368,,,4,,,,body,,,,1436,1435,,22,18,,,,,,,,,,,
1622710000,,rtl,parser_ticket_we,780266,,,,,,,,0,0,,,,,,,,,,,,,,,,,,205408,,,4,,,,,,,,,,,,,,,556,523,,,,,,,
1622710000,,rtl,parser_ticket_we,780267,,,,,,,,0,0,,,,,,,,,,,,,,,,,,205440,,,0,,,,,,,,,,,,,,,1375,525,,,,,,,
1622710000,,rtl,parser_ticket_we,780268,,,,,,,,0,0,,,,,,,,,,,,,,,,,,205568,,,0,,,,,,,,,,,,,,,1257,213,,,,,,,
1622710000,,rtl,parser_ticket_we,780269,,,,,,,,0,0,,,,,,,,,,,,,,,,,,205616,,,0,,,,,,,,,,,,,,,1461,218,,,,,,,
1622712000,2,tlm,ingress_preaccept,,,,,,,,,,,,,,,,,,,,,,,,405678,99,99,,206384,,,4,,,,,,,,1435,,,18,,17,,,,,,,,,,
1622714000,,rtl,parser_ticket_we,780274,,,,,,,,0,0,,,,,,,,,,,,,,,,,,205632,,,0,,,,,,,,,,,,,,,1461,219,,,,,,,
1622714000,,rtl,parser_ticket_we,780275,,,,,,,,0,0,,,,,,,,,,,,,,,,,,205584,,,0,,,,,,,,,,,,,,,1257,214,,,,,,,
1622714000,,rtl,parser_ticket_we,780276,,,,,,,,0,0,,,,,,,,,,,,,,,,,,205456,,,0,,,,,,,,,,,,,,,1375,526,,,,,,,
1622714000,,rtl,parser_ticket_we,780277,,,,,,,,0,0,,,,,,,,,,,,,,,,,,205424,,,0,,,,,,,,,,,,,,,1370,524,,,,,,,
1622716000,1,tlm,ticket_enqueue,,,,,,,,,,,,,,,,,,,,,,,,405679,99,99,,206176,,,4,,,,body,,,,1448,1447,,125,121,,,,,,,,,,,
1622718000,,rtl,parser_ticket_we,780283,,,,,,,,0,0,,,,,,,,,,,,,,,,,,205472,,,0,,,,,,,,,,,,,,,1375,527,,,,,,,
1622718000,,rtl,parser_ticket_we,780284,,,,,,,,0,0,,,,,,,,,,,,,,,,,,205600,,,0,,,,,,,,,,,,,,,1257,215,,,,,,,
1622718000,,rtl,parser_ticket_we,780285,,,,,,,,0,0,,,,,,,,,,,,,,,,,,205648,,,0,,,,,,,,,,,,,,,1461,538,,,,,,,
1622720000,0,tlm,ingress_preaccept,,,,,,,,,,,,,,,,,,,,,,,,405680,99,99,,206352,,,0,,,,,,,,1448,,,2,,1,,,,,,,,,,
1622720000,1,tlm,ingress_preaccept,,,,,,,,,,,,,,,,,,,,,,,,405680,99,99,,206192,,,0,,,,,,,,1447,,,121,,120,,,,,,,,,,
1622720000,0,tlm,ticket_enqueue,,,,,,,,,,,,,,,,,,,,,,,,405680,99,99,,206352,,,0,,,,body,,,,1448,1447,,2,2,,,,,,,,,,,
1622720000,1,tlm,ticket_enqueue,,,,,,,,,,,,,,,,,,,,,,,,405680,99,99,,206192,,,0,,,,body,,,,1447,1446,,121,121,,,,,,,,,,,
1622720000,3,tlm,ticket_enqueue,,,,,,,,,,,,,,,,,,,,,,,,405680,99,99,,206128,,,4,,,,body,,,,1451,1450,,118,114,,,,,,,,,,,
1622722000,,rtl,parser_ticket_we,780291,,,,,,,,0,0,,,,,,,,,,,,,,,,,,205664,,,0,,,,,,,,,,,,,,,1461,539,,,,,,,
1622722000,,rtl,parser_ticket_we,780292,,,,,,,,0,0,,,,,,,,,,,,,,,,,,205616,,,0,,,,,,,,,,,,,,,1257,216,,,,,,,
1622722000,,rtl,parser_ticket_we,780293,,,,,,,,0,0,,,,,,,,,,,,,,,,,,205488,,,0,,,,,,,,,,,,,,,1375,210,,,,,,,
1622724000,0,tlm,ingress_preaccept,,,,,,,,,,,,,,,,,,,,,,,,405681,99,99,,206368,,,0,,,,,,,,1447,,,2,,1,,,,,,,,,,
1622724000,1,tlm,ingress_preaccept,,,,,,,,,,,,,,,,,,,,,,,,405681,99,99,,206208,,,4,,,,,,,,1446,,,121,,120,,,,,,,,,,
1622724000,3,tlm,ingress_preaccept,,,,,,,,,,,,,,,,,,,,,,,,405681,99,99,,206144,,,0,,,,,,,,1450,,,114,,113,,,,,,,,,,
1622724000,0,tlm,ticket_enqueue,,,,,,,,,,,,,,,,,,,,,,,,405681,99,99,,206368,,,0,,,,body,,,,1447,1446,,2,2,,,,,,,,,,,
1622724000,3,tlm,ticket_enqueue,,,,,,,,,,,,,,,,,,,,,,,,405681,99,99,,206144,,,0,,,,body,,,,1450,1449,,114,114,,,,,,,,,,,
1622726000,,rtl,parser_ticket_we,780298,,,,,,,,0,0,,,,,,,,,,,,,,,,,,205504,,,0,,,,,,,,,,,,,,,1375,211,,,,,,,
1622726000,,rtl,parser_ticket_we,780299,,,,,,,,0,0,,,,,,,,,,,,,,,,,,205632,,,0,,,,,,,,,,,,,,,1257,217,,,,,,,
1622726000,,rtl,parser_ticket_we,780300,,,,,,,,0,0,,,,,,,,,,,,,,,,,,205680,,,0,,,,,,,,,,,,,,,1461,540,,,,,,,
1622728000,0,tlm,ingress_preaccept,,,,,,,,,,,,,,,,,,,,,,,,405682,99,99,,206384,,,0,,,,,,,,1446,,,2,,1,,,,,,,,,,
1622728000,3,tlm,ingress_preaccept,,,,,,,,,,,,,,,,,,,,,,,,405682,99,99,,206160,,,0,,,,,,,,1449,,,114,,113,,,,,,,,,,
1622728000,0,tlm,ticket_enqueue,,,,,,,,,,,,,,,,,,,,,,,,405682,99,99,,206384,,,0,,,,body,,,,1446,1445,,2,2,,,,,,,,,,,
1622728000,2,tlm,ticket_enqueue,,,,,,,,,,,,,,,,,,,,,,,,405682,99,99,,206384,,,4,,,,body,,,,1435,1434,,18,14,,,,,,,,,,,
1622728000,3,tlm,ticket_enqueue,,,,,,,,,,,,,,,,,,,,,,,,405682,99,99,,206160,,,0,,,,body,,,,1449,1448,,114,114,,,,,,,,,,,
1622730000,,rtl,parser_ticket_we,780305,,,,,,,,0,0,,,,,,,,,,,,,,,,,,205696,,,0,,,,,,,,,,,,,,,1461,541,,,,,,,
1622730000,,rtl,parser_ticket_we,780306,,,,,,,,0,0,,,,,,,,,,,,,,,,,,205648,,,0,,,,,,,,,,,,,,,1257,218,,,,,,,
1622730000,,rtl,parser_ticket_we,780307,,,,,,,,0,0,,,,,,,,,,,,,,,,,,205520,,,0,,,,,,,,,,,,,,,1375,212,,,,,,,
1622732000,0,tlm,ingress_preaccept,,,,,,,,,,,,,,,,,,,,,,,,405683,99,99,,206400,,,0,,,,,,,,1445,,,2,,1,,,,,,,,,,
1622732000,2,tlm,ingress_preaccept,,,,,,,,,,,,,,,,,,,,,,,,405683,99,99,,206400,,,0,,,,,,,,1434,,,14,,13,,,,,,,,,,
1622732000,3,tlm,ingress_preaccept,,,,,,,,,,,,,,,,,,,,,,,,405683,99,99,,206176,,,4,,,,,,,,1448,,,114,,113,,,,,,,,,,
1622732000,0,tlm,ticket_enqueue,,,,,,,,,,,,,,,,,,,,,,,,405683,99,99,,206400,,,0,,,,body,,,,1445,1444,,2,2,,,,,,,,,,,
1622732000,2,tlm,ticket_enqueue,,,,,,,,,,,,,,,,,,,,,,,,405683,99,99,,206400,,,0,,,,body,,,,1434,1433,,14,14,,,,,,,,,,,
1622734000,,rtl,parser_ticket_we,780312,,,,,,,,0,0,,,,,,,,,,,,,,,,,,205536,,,0,,,,,,,,,,,,,,,1375,213,,,,,,,
1622734000,,rtl,parser_ticket_we,780313,,,,,,,,0,0,,,,,,,,,,,,,,,,,,205664,,,0,,,,,,,,,,,,,,,1257,219,,,,,,,
1622734000,,rtl,parser_ticket_we,780314,,,,,,,,0,0,,,,,,,,,,,,,,,,,,205712,,,0,,,,,,,,,,,,,,,1461,542,,,,,,,
1622736000,0,tlm,ingress_preaccept,,,,,,,,,,,,,,,,,,,,,,,,405684,99,99,,206416,,,0,,,,,,,,1444,,,2,,1,,,,,,,,,,
1622736000,2,tlm,ingress_preaccept,,,,,,,,,,,,,,,,,,,,,,,,405684,99,99,,206416,,,4,,,,,,,,1433,,,14,,13,,,,,,,,,,
1622736000,0,tlm,ticket_enqueue,,,,,,,,,,,,,,,,,,,,,,,,405684,99,99,,206416,,,0,,,,body,,,,1444,1443,,2,2,,,,,,,,,,,
1622738000,,rtl,parser_ticket_we,780319,,,,,,,,0,0,,,,,,,,,,,,,,,,,,205728,,,0,,,,,,,,,,,,,,,1461,543,,,,,,,
1622738000,,rtl,parser_ticket_we,780320,,,,,,,,0,0,,,,,,,,,,,,,,,,,,205680,,,0,,,,,,,,,,,,,,,1257,538,,,,,,,
1622738000,,rtl,parser_ticket_we,780321,,,,,,,,0,0,,,,,,,,,,,,,,,,,,205552,,,0,,,,,,,,,,,,,,,1375,214,,,,,,,
1622740000,0,tlm,ingress_preaccept,,,,,,,,,,,,,,,,,,,,,,,,405685,99,99,,206432,,,0,,,,,,,,1443,,,2,,1,,,,,,,,,,
1622740000,0,tlm,ticket_enqueue,,,,,,,,,,,,,,,,,,,,,,,,405685,99,99,,206432,,,0,,,,body,,,,1443,1442,,2,2,,,,,,,,,,,
1622740000,1,tlm,ticket_enqueue,,,,,,,,,,,,,,,,,,,,,,,,405685,99,99,,206208,,,4,,,,body,,,,1446,1445,,121,117,,,,,,,,,,,
1622742000,,rtl,parser_ticket_we,780326,,,,,,,,0,0,,,,,,,,,,,,,,,,,,205568,,,0,,,,,,,,,,,,,,,1375,215,,,,,,,
1622742000,,rtl,parser_ticket_we,780327,,,,,,,,0,0,,,,,,,,,,,,,,,,,,205744,,,0,,,,,,,,,,,,,,,1461,220,,,,,,,
1622744000,0,tlm,ingress_preaccept,,,,,,,,,,,,,,,,,,,,,,,,405686,99,99,,206448,,,0,,,,,,,,1442,,,2,,1,,,,,,,,,,
1622744000,1,tlm,ingress_preaccept,,,,,,,,,,,,,,,,,,,,,,,,405686,99,99,,206224,,,0,,,,,,,,1445,,,117,,116,,,,,,,,,,
1622744000,0,tlm,ticket_enqueue,,,,,,,,,,,,,,,,,,,,,,,,405686,99,99,,206448,,,0,,,,body,,,,1442,1441,,2,2,,,,,,,,,,,
1622744000,1,tlm,ticket_enqueue,,,,,,,,,,,,,,,,,,,,,,,,405686,99,99,,206224,,,0,,,,body,,,,1445,1444,,117,117,,,,,,,,,,,
1622748000,,tlm,allocator_fetch,,,,,,,,,,,,,,164144,,,,,,,,,,405687,79,79,,,,,,,,,,,19,15,,,,,,,,,,,,,,,,
1622748000,0,tlm,allocator_lane_action,,empty,,,,,,,,,,,,164144,,,,,,,,,,405687,79,79,,164144,,,0,,,,,,,,,,,,,,,,,,,,,,,
1622748000,1,tlm,ingress_preaccept,,,,,,,,,,,,,,,,,,,,,,,,405687,99,99,,206240,,,0,,,,,,,,1444,,,117,,116,,,,,,,,,,
1622748000,0,tlm,ingress_predrop,,,,,,,,,,,,,,,,,,,,,,,,405687,99,99,,206464,,,1,,,,,,,,1441,,,2,,1,lane_credit,,,,,,,,,
1622748000,1,tlm,ticket_enqueue,,,,,,,,,,,,,,,,,,,,,,,,405687,99,99,,206240,,,0,,,,body,,,,1444,1443,,117,117,,,,,,,,,,,
1622748000,3,tlm,ticket_enqueue,,,,,,,,,,,,,,,,,,,,,,,,405687,99,99,,206176,,,4,,,,body,,,,1448,1447,,114,110,,,,,,,,,,,
1622748000,0,tlm,ticket_pop,,,,,,,,,,,,,,,,,,,,,,,,405687,79,79,,164144,,,0,,,,body,,,,1441,1442,,,,,,,,,,,,,,
1622748000,1,tlm,ticket_pop,,,,,,,,,,,,,,,,,,,,,,,,405687,79,79,,164144,,,0,,,,body,,,,1443,1444,,,,,,,,,,,,,,
1622748000,2,tlm,ticket_pop,,,,,,,,,,,,,,,,,,,,,,,,405687,79,79,,164144,,,0,,,,body,,,,1433,1434,,,,,,,,,,,,,,
1622748000,3,tlm,ticket_pop,,,,,,,,,,,,,,,,,,,,,,,,405687,79,79,,164144,,,1,,,,body,,,,1447,1448,,,,,,,,,,,,,,
1622750000,0,rtl,controlled_ingress_predrop,780337,,,,,,,,,,,,,,,,,,,,,,,,,99,,205696,,,,,,,,,,,,,,,,,,,,4,1481,1,4,1,1,4
1622750000,,rtl,parser_ticket_we,780335,,,,,,,,0,0,,,,,,,,,,,,,,,,,,205440,,,8,,,,,,,,,,,,,,,1370,525,,,,,,,
1622752000,1,tlm,ingress_preaccept,,,,,,,,,,,,,,,,,,,,,,,,405688,99,99,,206256,,,0,,,,,,,,1444,,,117,,116,,,,,,,,,,
1622752000,3,tlm,ingress_preaccept,,,,,,,,,,,,,,,,,,,,,,,,405688,99,99,,206192,,,4,,,,,,,,1448,,,110,,109,,,,,,,,,,
1622752000,1,tlm,ticket_enqueue,,,,,,,,,,,,,,,,,,,,,,,,405688,99,99,,206256,,,0,,,,body,,,,1444,1443,,117,117,,,,,,,,,,,
1622752000,2,tlm,ticket_enqueue,,,,,,,,,,,,,,,,,,,,,,,,405688,99,99,,206416,,,4,,,,body,,,,1434,1433,,14,10,,,,,,,,,,,
1622756000,1,tlm,allocator_lane_action,,empty,,,,,,,,,,,,164144,,,,,,,,,,405689,79,79,,164144,,,0,,,,,,,,,,,,,,,,,,,,,,,
1622756000,0,tlm,ingress_preaccept,,,,,,,,,,,,,,,,,,,,,,,,405689,99,99,,206480,,,0,,,,,,,,1442,,,2,,1,,,,,,,,,,
1622756000,1,tlm,ingress_preaccept,,,,,,,,,,,,,,,,,,,,,,,,405689,99,99,,206272,,,0,,,,,,,,1443,,,117,,116,,,,,,,,,,
1622756000,2,tlm,ingress_preaccept,,,,,,,,,,,,,,,,,,,,,,,,405689,99,99,,206432,,,8,,,,,,,,1433,,,10,,9,,,,,,,,,,
1622756000,0,tlm,ticket_enqueue,,,,,,,,,,,,,,,,,,,,,,,,405689,99,99,,206480,,,0,,,,body,,,,1442,1441,,2,2,,,,,,,,,,,
1622756000,1,tlm,ticket_enqueue,,,,,,,,,,,,,,,,,,,,,,,,405689,99,99,,206272,,,0,,,,body,,,,1443,1442,,117,117,,,,,,,,,,,
1622760000,0,tlm,ingress_preaccept,,,,,,,,,,,,,,,,,,,,,,,,405690,99,99,,206496,,,0,,,,,,,,1441,,,2,,1,,,,,,,,,,
1622760000,1,tlm,ingress_preaccept,,,,,,,,,,,,,,,,,,,,,,,,405690,99,99,,206288,,,0,,,,,,,,1442,,,117,,116,,,,,,,,,,
1622760000,0,tlm,ticket_enqueue,,,,,,,,,,,,,,,,,,,,,,,,405690,99,99,,206496,,,0,,,,body,,,,1441,1440,,2,2,,,,,,,,,,,
1622760000,1,tlm,ticket_enqueue,,,,,,,,,,,,,,,,,,,,,,,,405690,99,99,,206288,,,0,,,,body,,,,1442,1441,,117,117,,,,,,,,,,,
1622762000,0,rtl,allocator_lane_action,780345,2,0,1,0,164176,1,79,0,0,1,0,,,,,,,,,,,,,,,,,,,,,,,,,,,,,,,,,,,,,,,,,,
1622762000,1,rtl,allocator_lane_action,780346,2,0,1,0,164176,0,79,0,0,1,0,,,,,,,,,,,,,,,,,,,,,,,,,,,,,,,,,,,,,,,,,,
1622762000,2,rtl,allocator_lane_action,780347,2,0,1,0,164176,0,79,0,0,1,0,,,,,,,,,,,,,,,,,,,,,,,,,,,,,,,,,,,,,,,,,,
1622762000,3,rtl,allocator_lane_action,780348,2,0,1,0,164176,0,79,0,0,1,0,,,,,,,,,,,,,,,,,,,,,,,,,,,,,,,,,,,,,,,,,,
1622762000,,rtl,parser_ticket_we,780341,,,,,,,,0,0,,,,,,,,,,,,,,,,,,205712,,,0,,,,,,,,,,,,,,,1257,539,,,,,,,
1622762000,,rtl,parser_ticket_we,780342,,,,,,,,0,0,,,,,,,,,,,,,,,,,,205760,,,4,,,,,,,,,,,,,,,1461,221,,,,,,,
1622762000,,rtl,parser_ticket_we,780343,,,,,,,,0,0,,,,,,,,,,,,,,,,,,205584,,,4,,,,,,,,,,,,,,,1375,216,,,,,,,
1622764000,2,tlm,allocator_lane_action,,empty,,,,,,,,,,,,164144,,,,,,,,,,405691,79,79,,164144,,,0,,,,,,,,,,,,,,,,,,,,,,,
1622764000,0,tlm,ingress_preaccept,,,,,,,,,,,,,,,,,,,,,,,,405691,99,99,,206512,,,0,,,,,,,,1440,,,2,,1,,,,,,,,,,
1622764000,1,tlm,ingress_preaccept,,,,,,,,,,,,,,,,,,,,,,,,405691,99,99,,206304,,,0,,,,,,,,1441,,,117,,116,,,,,,,,,,
1622764000,0,tlm,ticket_enqueue,,,,,,,,,,,,,,,,,,,,,,,,405691,99,99,,206512,,,0,,,,body,,,,1440,1439,,2,2,,,,,,,,,,,
1622764000,1,tlm,ticket_enqueue,,,,,,,,,,,,,,,,,,,,,,,,405691,99,99,,206304,,,0,,,,body,,,,1441,1440,,117,117,,,,,,,,,,,
1622766000,,rtl,parser_ticket_we,780351,,,,,,,,0,0,,,,,,,,,,,,,,,,,,205600,,,0,,,,,,,,,,,,,,,563,217,,,,,,,
1622766000,,rtl,parser_ticket_we,780352,,,,,,,,0,0,,,,,,,,,,,,,,,,,,205776,,,0,,,,,,,,,,,,,,,1465,222,,,,,,,
1622768000,0,tlm,ingress_preaccept,,,,,,,,,,,,,,,,,,,,,,,,405692,99,99,,206528,,,0,,,,,,,,1439,,,2,,1,,,,,,,,,,
1622768000,1,tlm,ingress_preaccept,,,,,,,,,,,,,,,,,,,,,,,,405692,99,99,,206320,,,0,,,,,,,,1440,,,117,,116,,,,,,,,,,
1622768000,0,tlm,ticket_enqueue,,,,,,,,,,,,,,,,,,,,,,,,405692,99,99,,206528,,,0,,,,body,,,,1439,1438,,2,2,,,,,,,,,,,
1622768000,1,tlm,ticket_enqueue,,,,,,,,,,,,,,,,,,,,,,,,405692,99,99,,206320,,,0,,,,body,,,,1440,1439,,117,117,,,,,,,,,,,
1622768000,3,tlm,ticket_enqueue,,,,,,,,,,,,,,,,,,,,,,,,405692,99,99,,206192,,,4,,,,body,,,,1448,1447,,110,106,,,,,,,,,,,
1622770000,,rtl,parser_ticket_we,780357,,,,,,,,0,0,,,,,,,,,,,,,,,,,,205456,,,4,,,,,,,,,,,,,,,562,526,,,,,,,
1622770000,,rtl,parser_ticket_we,780358,,,,,,,,0,0,,,,,,,,,,,,,,,,,,205616,,,0,,,,,,,,,,,,,,,563,218,,,,,,,
1622772000,3,tlm,handle_accept,,,,,,,,,,,,,,164144,,,,,,,,,,405693,79,79,,164144,,,1,,,72,,,,,,,1,,,,,,,,,,,,,
1622772000,0,tlm,ingress_preaccept,,,,,,,,,,,,,,,,,,,,,,,,405693,99,99,,206544,,,0,,,,,,,,1438,,,2,,1,,,,,,,,,,
1622772000,1,tlm,ingress_preaccept,,,,,,,,,,,,,,,,,,,,,,,,405693,99,99,,206336,,,0,,,,,,,,1439,,,117,,116,,,,,,,,,,
1622772000,3,tlm,ingress_preaccept,,,,,,,,,,,,,,,,,,,,,,,,405693,99,99,,206208,,,0,,,,,,,,1447,,,106,,105,,,,,,,,,,
1622772000,0,tlm,ticket_enqueue,,,,,,,,,,,,,,,,,,,,,,,,405693,99,99,,206544,,,0,,,,body,,,,1438,1437,,2,2,,,,,,,,,,,
1622772000,1,tlm,ticket_enqueue,,,,,,,,,,,,,,,,,,,,,,,,405693,99,99,,206336,,,0,,,,body,,,,1439,1438,,117,117,,,,,,,,,,,
1622772000,3,tlm,ticket_enqueue,,,,,,,,,,,,,,,,,,,,,,,,405693,99,99,,206208,,,0,,,,body,,,,1447,1446,,106,106,,,,,,,,,,,
1622774000,0,rtl,controlled_ingress_predrop,780366,,,,,,,,,,,,,,,,,,,,,,,,,99,,205728,,,,,,,,,,,,,,,,,,,,4,1481,1,4,1,1,4
1622774000,0,rtl,handle_accept,780362,,,,,,,,,,,,,,,,,,,,,,,,,,,164176,1265,37105,1,44,2022,0,,,,,,,,,,,,,,,,,,,,
1622774000,,rtl,parser_ticket_we,780363,,,,,,,,0,0,,,,,,,,,,,,,,,,,,205632,,,0,,,,,,,,,,,,,,,563,219,,,,,,,
1622774000,,rtl,parser_ticket_we,780364,,,,,,,,0,0,,,,,,,,,,,,,,,,,,205472,,,0,,,,,,,,,,,,,,,566,527,,,,,,,
1622776000,0,tlm,ingress_preaccept,,,,,,,,,,,,,,,,,,,,,,,,405694,99,99,,206560,,,0,,,,,,,,1437,,,2,,1,,,,,,,,,,
1622776000,1,tlm,ingress_preaccept,,,,,,,,,,,,,,,,,,,,,,,,405694,99,99,,206352,,,0,,,,,,,,1438,,,117,,116,,,,,,,,,,
1622776000,3,tlm,ingress_preaccept,,,,,,,,,,,,,,,,,,,,,,,,405694,99,99,,206224,,,0,,,,,,,,1446,,,106,,105,,,,,,,,,,
1622776000,0,tlm,ticket_enqueue,,,,,,,,,,,,,,,,,,,,,,,,405694,99,99,,206560,,,0,,,,body,,,,1437,1436,,2,2,,,,,,,,,,,
1622776000,1,tlm,ticket_enqueue,,,,,,,,,,,,,,,,,,,,,,,,405694,99,99,,206352,,,0,,,,body,,,,1438,1437,,117,117,,,,,,,,,,,
1622776000,3,tlm,ticket_enqueue,,,,,,,,,,,,,,,,,,,,,,,,405694,99,99,,206224,,,0,,,,body,,,,1446,1445,,106,106,,,,,,,,,,,
1622778000,,rtl,parser_ticket_we,780369,,,,,,,,0,0,,,,,,,,,,,,,,,,,,205488,,,0,,,,,,,,,,,,,,,566,210,,,,,,,
1622778000,,rtl,parser_ticket_we,780370,,,,,,,,0,0,,,,,,,,,,,,,,,,,,205648,,,0,,,,,,,,,,,,,,,563,538,,,,,,,
1622780000,3,tlm,credit_return,,,,,,,,,,,,,,,,,,,,,,,,405695,79,79,,164144,,,1,,,,,,,,,,0,106,107,,,,,,,,,,,
1622780000,0,tlm,ingress_preaccept,,,,,,,,,,,,,,,,,,,,,,,,405695,99,99,,206576,,,0,,,,,,,,1436,,,2,,1,,,,,,,,,,
1622780000,1,tlm,ingress_preaccept,,,,,,,,,,,,,,,,,,,,,,,,405695,99,99,,206368,,,0,,,,,,,,1437,,,117,,116,,,,,,,,,,
1622780000,3,tlm,ingress_preaccept,,,,,,,,,,,,,,,,,,,,,,,,405695,99,99,,206240,,,0,,,,,,,,1445,,,106,,105,,,,,,,,,,
1622780000,0,tlm,ticket_enqueue,,,,,,,,,,,,,,,,,,,,,,,,405695,99,99,,206576,,,0,,,,body,,,,1436,1435,,2,2,,,,,,,,,,,
1622780000,1,tlm,ticket_enqueue,,,,,,,,,,,,,,,,,,,,,,,,405695,99,99,,206368,,,0,,,,body,,,,1437,1436,,117,117,,,,,,,,,,,
1622780000,3,tlm,ticket_enqueue,,,,,,,,,,,,,,,,,,,,,,,,405695,99,99,,206240,,,0,,,,body,,,,1445,1444,,106,106,,,,,,,,,,,
1622782000,,rtl,parser_ticket_we,780375,,,,,,,,0,0,,,,,,,,,,,,,,,,,,205664,,,0,,,,,,,,,,,,,,,563,539,,,,,,,
1622782000,,rtl,parser_ticket_we,780376,,,,,,,,0,0,,,,,,,,,,,,,,,,,,205504,,,0,,,,,,,,,,,,,,,566,211,,,,,,,
1622784000,0,tlm,ingress_preaccept,,,,,,,,,,,,,,,,,,,,,,,,405696,99,99,,206592,,,0,,,,,,,,1435,,,2,,1,,,,,,,,,,
1622784000,1,tlm,ingress_preaccept,,,,,,,,,,,,,,,,,,,,,,,,405696,99,99,,206384,,,0,,,,,,,,1436,,,117,,116,,,,,,,,,,
1622784000,3,tlm,ingress_preaccept,,,,,,,,,,,,,,,,,,,,,,,,405696,99,99,,206256,,,0,,,,,,,,1444,,,107,,106,,,,,,,,,,
1622784000,0,tlm,ticket_enqueue,,,,,,,,,,,,,,,,,,,,,,,,405696,99,99,,206592,,,0,,,,body,,,,1435,1434,,2,2,,,,,,,,,,,
1622784000,1,tlm,ticket_enqueue,,,,,,,,,,,,,,,,,,,,,,,,405696,99,99,,206384,,,0,,,,body,,,,1436,1435,,117,117,,,,,,,,,,,
1622784000,3,tlm,ticket_enqueue,,,,,,,,,,,,,,,,,,,,,,,,405696,99,99,,206256,,,0,,,,body,,,,1444,1443,,107,107,,,,,,,,,,,
1622786000,,rtl,parser_ticket_we,780380,,,,,,,,0,0,,,,,,,,,,,,,,,,,,205744,,,0,,,,,,,,,,,,,,,1257,540,,,,,,,
1622786000,,rtl,parser_ticket_we,780381,,,,,,,,0,0,,,,,,,,,,,,,,,,,,205792,,,4,,,,,,,,,,,,,,,1465,223,,,,,,,
1622786000,,rtl,parser_ticket_we,780382,,,,,,,,0,0,,,,,,,,,,,,,,,,,,205520,,,0,,,,,,,,,,,,,,,566,212,,,,,,,
1622786000,,rtl,parser_ticket_we,780383,,,,,,,,0,0,,,,,,,,,,,,,,,,,,205680,,,0,,,,,,,,,,,,,,,563,540,,,,,,,
1622788000,0,tlm,ingress_preaccept,,,,,,,,,,,,,,,,,,,,,,,,405697,99,99,,206608,,,0,,,,,,,,1434,,,2,,1,,,,,,,,,,
1622788000,1,tlm,ingress_preaccept,,,,,,,,,,,,,,,,,,,,,,,,405697,99,99,,206400,,,0,,,,,,,,1435,,,117,,116,,,,,,,,,,
1622788000,3,tlm,ingress_preaccept,,,,,,,,,,,,,,,,,,,,,,,,405697,99,99,,206272,,,0,,,,,,,,1443,,,107,,106,,,,,,,,,,
1622788000,0,tlm,ticket_enqueue,,,,,,,,,,,,,,,,,,,,,,,,405697,99,99,,206608,,,0,,,,body,,,,1434,1433,,2,2,,,,,,,,,,,
1622788000,1,tlm,ticket_enqueue,,,,,,,,,,,,,,,,,,,,,,,,405697,99,99,,206400,,,0,,,,body,,,,1435,1434,,117,117,,,,,,,,,,,
1622788000,2,tlm,ticket_enqueue,,,,,,,,,,,,,,,,,,,,,,,,405697,99,99,,206432,,,8,,,,body,,,,1433,1432,,10,2,,,,,,,,,,,
1622788000,3,tlm,ticket_enqueue,,,,,,,,,,,,,,,,,,,,,,,,405697,99,99,,206272,,,0,,,,body,,,,1443,1442,,107,107,,,,,,,,,,,
1622790000,,rtl,parser_ticket_we,780389,,,,,,,,0,0,,,,,,,,,,,,,,,,,,205696,,,0,,,,,,,,,,,,,,,563,541,,,,,,,
1622790000,,rtl,parser_ticket_we,780390,,,,,,,,0,0,,,,,,,,,,,,,,,,,,205536,,,0,,,,,,,,,,,,,,,566,213,,,,,,,
1622792000,0,tlm,ingress_preaccept,,,,,,,,,,,,,,,,,,,,,,,,405698,99,99,,206624,,,0,,,,,,,,1433,,,2,,1,,,,,,,,,,
1622792000,1,tlm,ingress_preaccept,,,,,,,,,,,,,,,,,,,,,,,,405698,99,99,,206416,,,0,,,,,,,,1434,,,117,,116,,,,,,,,,,
1622792000,2,tlm,ingress_preaccept,,,,,,,,,,,,,,,,,,,,,,,,405698,99,99,,206448,,,0,,,,,,,,1432,,,2,,1,,,,,,,,,,
1622792000,3,tlm,ingress_preaccept,,,,,,,,,,,,,,,,,,,,,,,,405698,99,99,,206288,,,0,,,,,,,,1442,,,107,,106,,,,,,,,,,
1622792000,0,tlm,ticket_enqueue,,,,,,,,,,,,,,,,,,,,,,,,405698,99,99,,206624,,,0,,,,body,,,,1433,1432,,2,2,,,,,,,,,,,
1622792000,1,tlm,ticket_enqueue,,,,,,,,,,,,,,,,,,,,,,,,405698,99,99,,206416,,,0,,,,body,,,,1434,1433,,117,117,,,,,,,,,,,
1622792000,2,tlm,ticket_enqueue,,,,,,,,,,,,,,,,,,,,,,,,405698,99,99,,206448,,,0,,,,body,,,,1432,1431,,2,2,,,,,,,,,,,
1622792000,3,tlm,ticket_enqueue,,,,,,,,,,,,,,,,,,,,,,,,405698,99,99,,206288,,,0,,,,body,,,,1442,1441,,107,107,,,,,,,,,,,
1622794000,,rtl,parser_ticket_we,780396,,,,,,,,0,0,,,,,,,,,,,,,,,,,,205552,,,0,,,,,,,,,,,,,,,566,214,,,,,,,
1622796000,0,tlm,ingress_preaccept,,,,,,,,,,,,,,,,,,,,,,,,405699,99,99,,206640,,,0,,,,,,,,1432,,,2,,1,,,,,,,,,,
1622796000,1,tlm,ingress_preaccept,,,,,,,,,,,,,,,,,,,,,,,,405699,99,99,,206432,,,4,,,,,,,,1433,,,117,,116,,,,,,,,,,
1622796000,2,tlm,ingress_preaccept,,,,,,,,,,,,,,,,,,,,,,,,405699,99,99,,206464,,,0,,,,,,,,1431,,,2,,1,,,,,,,,,,
1622796000,3,tlm,ingress_preaccept,,,,,,,,,,,,,,,,,,,,,,,,405699,99,99,,206304,,,4,,,,,,,,1441,,,107,,106,,,,,,,,,,
1622796000,0,tlm,ticket_enqueue,,,,,,,,,,,,,,,,,,,,,,,,405699,99,99,,206640,,,0,,,,body,,,,1432,1431,,2,2,,,,,,,,,,,
1622796000,2,tlm,ticket_enqueue,,,,,,,,,,,,,,,,,,,,,,,,405699,99,99,,206464,,,0,,,,body,,,,1431,1430,,2,2,,,,,,,,,,,
1622798000,0,rtl,controlled_ingress_predrop,780402,,,,,,,,,,,,,,,,,,,,,,,,,99,,205760,,,,,,,,,,,,,,,,,,,,4,1480,1,4,1,1,4
1622800000,0,tlm,ingress_preaccept,,,,,,,,,,,,,,,,,,,,,,,,405700,99,99,,206656,,,0,,,,,,,,1431,,,2,,1,,,,,,,,,,
1622800000,2,tlm,ingress_predrop,,,,,,,,,,,,,,,,,,,,,,,,405700,99,99,,206480,,,4,,,,,,,,1430,,,2,,1,lane_credit,,,,,,,,,
1622800000,0,tlm,ticket_enqueue,,,,,,,,,,,,,,,,,,,,,,,,405700,99,99,,206656,,,0,,,,body,,,,1431,1430,,2,2,,,,,,,,,,,
1622802000,,rtl,parser_ticket_we,780404,,,,,,,,0,0,,,,,,,,,,,,,,,,,,205568,,,1,,,,,,,,,,,,,,,566,215,,,,,,,
1622804000,0,tlm,ingress_preaccept,,,,,,,,,,,,,,,,,,,,,,,,405701,99,99,,206672,,,0,,,,,,,,1430,,,2,,1,,,,,,,,,,
1622804000,0,tlm,ticket_enqueue,,,,,,,,,,,,,,,,,,,,,,,,405701,99,99,,206672,,,0,,,,body,,,,1430,1429,,2,2,,,,,,,,,,,
1622806000,,rtl,parser_ticket_we,780406,,,,,,,,0,0,,,,,,,,,,,,,,,,,,205808,,,4,,,,,,,,,,,,,,,1469,224,,,,,,,
1622806000,,rtl,parser_ticket_we,780407,,,,,,,,0,0,,,,,,,,,,,,,,,,,,205584,,,0,,,,,,,,,,,,,,,567,216,,,,,,,
1622808000,0,tlm,ingress_preaccept,,,,,,,,,,,,,,,,,,,,,,,,405702,99,99,,206688,,,0,,,,,,,,1429,,,2,,1,,,,,,,,,,
1622808000,0,tlm,ticket_enqueue,,,,,,,,,,,,,,,,,,,,,,,,405702,99,99,,206688,,,0,,,,body,,,,1429,1428,,2,2,,,,,,,,,,,
1622810000,,rtl,allocator_decision,780410,,,,,,,,,,,,idle_to_fetch,164192,15,15,15,15,0,0,0,0,3,,,,,,,,,,,,,,,,,,,,,,,,,,,,,,,
1622810000,,rtl,parser_ticket_we,780415,,,,,,,,0,0,,,,,,,,,,,,,,,,,,205712,,,4,,,,,,,,,,,,,,,563,542,,,,,,,
1622810000,,rtl,parser_ticket_we,780416,,,,,,,,0,0,,,,,,,,,,,,,,,,,,205600,,,0,,,,,,,,,,,,,,,567,217,,,,,,,
1622810000,,rtl,parser_ticket_we,780417,,,,,,,,0,0,,,,,,,,,,,,,,,,,,205824,,,0,,,,,,,,,,,,,,,1473,225,,,,,,,
1622812000,0,tlm,ingress_preaccept,,,,,,,,,,,,,,,,,,,,,,,,405703,99,99,,206704,,,0,,,,,,,,1428,,,2,,1,,,,,,,,,,
1622812000,0,tlm,ticket_enqueue,,,,,,,,,,,,,,,,,,,,,,,,405703,99,99,,206704,,,0,,,,body,,,,1428,1427,,2,2,,,,,,,,,,,
1622812000,1,tlm,ticket_enqueue,,,,,,,,,,,,,,,,,,,,,,,,405703,99,99,,206432,,,4,,,,body,,,,1433,1432,,117,113,,,,,,,,,,,
1622812000,3,tlm,ticket_enqueue,,,,,,,,,,,,,,,,,,,,,,,,405703,99,99,,206304,,,4,,,,body,,,,1441,1440,,107,103,,,,,,,,,,,
1622814000,,rtl,parser_ticket_we,780422,,,,,,,,0,0,,,,,,,,,,,,,,,,,,205776,,,1,,,,,,,,,,,,,,,1257,541,,,,,,,
1622814000,,rtl,parser_ticket_we,780423,,,,,,,,0,0,,,,,,,,,,,,,,,,,,205840,,,0,,,,,,,,,,,,,,,1473,226,,,,,,,
1622814000,,rtl,parser_ticket_we,780424,,,,,,,,0,0,,,,,,,,,,,,,,,,,,205616,,,0,,,,,,,,,,,,,,,567,218,,,,,,,
1622814000,,rtl,parser_ticket_we,780425,,,,,,,,0,0,,,,,,,,,,,,,,,,,,205728,,,0,,,,,,,,,,,,,,,567,543,,,,,,,
1622816000,1,tlm,ingress_preaccept,,,,,,,,,,,,,,,,,,,,,,,,405704,99,99,,206448,,,0,,,,,,,,1432,,,113,,112,,,,,,,,,,
1622816000,3,tlm,ingress_preaccept,,,,,,,,,,,,,,,,,,,,,,,,405704,99,99,,206320,,,0,,,,,,,,1440,,,103,,102,,,,,,,,,,
1622816000,0,tlm,ingress_predrop,,,,,,,,,,,,,,,,,,,,,,,,405704,99,99,,206720,,,4,,,,,,,,1427,,,2,,1,lane_credit,,,,,,,,,
1622816000,1,tlm,ticket_enqueue,,,,,,,,,,,,,,,,,,,,,,,,405704,99,99,,206448,,,0,,,,body,,,,1432,1431,,113,113,,,,,,,,,,,
1622816000,3,tlm,ticket_enqueue,,,,,,,,,,,,,,,,,,,,,,,,405704,99,99,,206320,,,0,,,,body,,,,1440,1439,,103,103,,,,,,,,,,,
1622818000,,rtl,parser_ticket_we,780431,,,,,,,,0,0,,,,,,,,,,,,,,,,,,205744,,,0,,,,,,,,,,,,,,,567,220,,,,,,,
1622818000,,rtl,parser_ticket_we,780432,,,,,,,,0,0,,,,,,,,,,,,,,,,,,205632,,,0,,,,,,,,,,,,,,,567,219,,,,,,,
1622818000,,rtl,parser_ticket_we,780433,,,,,,,,0,0,,,,,,,,,,,,,,,,,,205856,,,0,,,,,,,,,,,,,,,1473,227,,,,,,,
1622820000,1,tlm,ingress_preaccept,,,,,,,,,,,,,,,,,,,,,,,,405705,99,99,,206464,,,0,,,,,,,,1431,,,113,,112,,,,,,,,,,
1622820000,2,tlm,ingress_preaccept,,,,,,,,,,,,,,,,,,,,,,,,405705,99,99,,206496,,,0,,,,,,,,1430,,,2,,1,,,,,,,,,,
1622820000,3,tlm,ingress_preaccept,,,,,,,,,,,,,,,,,,,,,,,,405705,99,99,,206336,,,0,,,,,,,,1439,,,103,,102,,,,,,,,,,
1622820000,1,tlm,ticket_enqueue,,,,,,,,,,,,,,,,,,,,,,,,405705,99,99,,206464,,,0,,,,body,,,,1431,1430,,113,113,,,,,,,,,,,
1622820000,2,tlm,ticket_enqueue,,,,,,,,,,,,,,,,,,,,,,,,405705,99,99,,206496,,,0,,,,body,,,,1430,1429,,2,2,,,,,,,,,,,
1622820000,3,tlm,ticket_enqueue,,,,,,,,,,,,,,,,,,,,,,,,405705,99,99,,206336,,,0,,,,body,,,,1439,1438,,103,103,,,,,,,,,,,
1622822000,0,rtl,credit_return,780441,,,,,,,,,,,,,,,,,,,,,,,,,,,,,,1,,,,mover_done,44,,,,,,,,,,,,,,,,,,
1622822000,,rtl,parser_ticket_we,780442,,,,,,,,0,0,,,,,,,,,,,,,,,,,,205872,,,0,,,,,,,,,,,,,,,1473,228,,,,,,,
1622822000,,rtl,parser_ticket_we,780443,,,,,,,,0,0,,,,,,,,,,,,,,,,,,205648,,,0,,,,,,,,,,,,,,,567,538,,,,,,,
1622822000,,rtl,parser_ticket_we,780444,,,,,,,,0,0,,,,,,,,,,,,,,,,,,205760,,,0,,,,,,,,,,,,,,,567,221,,,,,,,
1622824000,1,tlm,ingress_preaccept,,,,,,,,,,,,,,,,,,,,,,,,405706,99,99,,206480,,,0,,,,,,,,1430,,,113,,112,,,,,,,,,,
1622824000,3,tlm,ingress_preaccept,,,,,,,,,,,,,,,,,,,,,,,,405706,99,99,,206352,,,0,,,,,,,,1438,,,103,,102,,,,,,,,,,
1622824000,2,tlm,ingress_predrop,,,,,,,,,,,,,,,,,,,,,,,,405706,99,99,,206512,,,4,,,,,,,,1429,,,2,,1,lane_credit,,,,,,,,,
1622824000,1,tlm,ticket_enqueue,,,,,,,,,,,,,,,,,,,,,,,,405706,99,99,,206480,,,0,,,,body,,,,1430,1429,,113,113,,,,,,,,,,,
1622824000,3,tlm,ticket_enqueue,,,,,,,,,,,,,,,,,,,,,,,,405706,99,99,,206352,,,0,,,,body,,,,1438,1437,,103,103,,,,,,,,,,,
1622826000,0,rtl,controlled_ingress_predrop,780452,,,,,,,,,,,,,,,,,,,,,,,,,99,,205792,,,,,,,,,,,,,,,,,,,,3,1479,1,4,1,1,4
1622826000,0,rtl,credit_return,780453,,,,,,,,,,,,,,,,,,,,,,,,,,,,,,1,,,,credit_return,44,,,,,,,,,,,,,,,,,,
1622826000,,rtl,parser_ticket_we,780449,,,,,,,,0,0,,,,,,,,,,,,,,,,,,205776,,,0,,,,,,,,,,,,,,,567,222,,,,,,,
1622826000,,rtl,parser_ticket_we,780450,,,,,,,,0,0,,,,,,,,,,,,,,,,,,205664,,,0,,,,,,,,,,,,,,,567,539,,,,,,,
1622828000,1,tlm,ingress_preaccept,,,,,,,,,,,,,,,,,,,,,,,,405707,99,99,,206496,,,0,,,,,,,,1429,,,113,,112,,,,,,,,,,
1622828000,3,tlm,ingress_preaccept,,,,,,,,,,,,,,,,,,,,,,,,405707,99,99,,206368,,,1,,,,,,,,1437,,,103,,102,,,,,,,,,,
1622828000,1,tlm,ticket_enqueue,,,,,,,,,,,,,,,,,,,,,,,,405707,99,99,,206496,,,0,,,,body,,,,1429,1428,,113,113,,,,,,,,,,,
1622830000,,rtl,parser_ticket_we,780457,,,,,,,,0,0,,,,,,,,,,,,,,,,,,205680,,,0,,,,,,,,,,,,,,,567,540,,,,,,,
1622832000,1,tlm,ingress_preaccept,,,,,,,,,,,,,,,,,,,,,,,,405708,99,99,,206512,,,4,,,,,,,,1428,,,113,,112,,,,,,,,,,
1622832000,3,tlm,ticket_enqueue,,,,,,,,,,,,,,,,,,,,,,,,405708,99,99,,206368,,,1,,,,body,,,,1437,1436,,103,102,,,,,,,,,,,
1622834000,,rtl,parser_ticket_we,780461,,,,,,,,0,0,,,,,,,,,,,,,,,,,,205696,,,0,,,,,,,,,,,,,,,567,541,,,,,,,
1622836000,0,tlm,ingress_preaccept,,,,,,,,,,,,,,,,,,,,,,,,405709,99,99,,206736,,,0,,,,,,,,1427,,,2,,1,,,,,,,,,,
1622836000,3,tlm,ingress_preaccept,,,,,,,,,,,,,,,,,,,,,,,,405709,99,99,,206384,,,0,,,,,,,,1436,,,102,,101,,,,,,,,,,
1622836000,0,tlm,ticket_enqueue,,,,,,,,,,,,,,,,,,,,,,,,405709,99,99,,206736,,,0,,,,body,,,,1427,1426,,2,2,,,,,,,,,,,
1622836000,3,tlm,ticket_enqueue,,,,,,,,,,,,,,,,,,,,,,,,405709,99,99,,206384,,,0,,,,body,,,,1436,1435,,102,102,,,,,,,,,,,
1622838000,,rtl,parser_ticket_we,780464,,,,,,,,0,0,,,,,,,,,,,,,,,,,,205808,,,0,,,,,,,,,,,,,,,1258,542,,,,,,,
1622840000,0,tlm,ingress_preaccept,,,,,,,,,,,,,,,,,,,,,,,,405710,99,99,,206752,,,0,,,,,,,,1426,,,2,,1,,,,,,,,,,
1622840000,3,tlm,ingress_preaccept,,,,,,,,,,,,,,,,,,,,,,,,405710,99,99,,206400,,,0,,,,,,,,1435,,,102,,101,,,,,,,,,,
1622840000,0,tlm,ticket_enqueue,,,,,,,,,,,,,,,,,,,,,,,,405710,99,99,,206752,,,0,,,,body,,,,1426,1425,,2,2,,,,,,,,,,,
1622840000,3,tlm,ticket_enqueue,,,,,,,,,,,,,,,,,,,,,,,,405710,99,99,,206400,,,0,,,,body,,,,1435,1434,,102,102,,,,,,,,,,,
1622842000,,rtl,parser_ticket_we,780468,,,,,,,,0,0,,,,,,,,,,,,,,,,,,205888,,,4,,,,,,,,,,,,,,,1473,229,,,,,,,
1622842000,,rtl,parser_ticket_we,780469,,,,,,,,0,0,,,,,,,,,,,,,,,,,,205824,,,0,,,,,,,,,,,,,,,1258,543,,,,,,,
1622844000,2,tlm,ingress_preaccept,,,,,,,,,,,,,,,,,,,,,,,,405711,99,99,,206528,,,0,,,,,,,,1429,,,2,,1,,,,,,,,,,
1622844000,3,tlm,ingress_preaccept,,,,,,,,,,,,,,,,,,,,,,,,405711,99,99,,206416,,,0,,,,,,,,1434,,,102,,101,,,,,,,,,,
1622844000,0,tlm,ingress_predrop,,,,,,,,,,,,,,,,,,,,,,,,405711,99,99,,206768,,,4,,,,,,,,1425,,,2,,1,lane_credit,,,,,,,,,
1622844000,2,tlm,ticket_enqueue,,,,,,,,,,,,,,,,,,,,,,,,405711,99,99,,206528,,,0,,,,body,,,,1429,1428,,2,2,,,,,,,,,,,
1622844000,3,tlm,ticket_enqueue,,,,,,,,,,,,,,,,,,,,,,,,405711,99,99,,206416,,,0,,,,body,,,,1434,1433,,102,102,,,,,,,,,,,
1622846000,,rtl,parser_ticket_we,780472,,,,,,,,0,0,,,,,,,,,,,,,,,,,,205792,,,4,,,,,,,,,,,,,,,567,223,,,,,,,
1622846000,,rtl,parser_ticket_we,780473,,,,,,,,0,0,,,,,,,,,,,,,,,,,,205840,,,0,,,,,,,,,,,,,,,1258,220,,,,,,,
1622848000,2,tlm,ingress_preaccept,,,,,,,,,,,,,,,,,,,,,,,,405712,99,99,,206544,,,0,,,,,,,,1428,,,2,,1,,,,,,,,,,
1622848000,3,tlm,ingress_preaccept,,,,,,,,,,,,,,,,,,,,,,,,405712,99,99,,206432,,,4,,,,,,,,1433,,,102,,101,,,,,,,,,,
1622848000,1,tlm,ticket_enqueue,,,,,,,,,,,,,,,,,,,,,,,,405712,99,99,,206512,,,4,,,,body,,,,1428,1427,,113,109,,,,,,,,,,,
1622848000,2,tlm,ticket_enqueue,,,,,,,,,,,,,,,,,,,,,,,,405712,99,99,,206544,,,0,,,,body,,,,1428,1427,,2,2,,,,,,,,,,,
1622850000,,rtl,parser_ticket_we,780477,,,,,,,,0,0,,,,,,,,,,,,,,,,,,205856,,,0,,,,,,,,,,,,,,,1258,221,,,,,,,
1622852000,1,tlm,ingress_preaccept,,,,,,,,,,,,,,,,,,,,,,,,405713,99,99,,206528,,,0,,,,,,,,1427,,,109,,108,,,,,,,,,,
1622852000,2,tlm,ingress_preaccept,,,,,,,,,,,,,,,,,,,,,,,,405713,99,99,,206560,,,0,,,,,,,,1427,,,2,,1,,,,,,,,,,
1622852000,1,tlm,ticket_enqueue,,,,,,,,,,,,,,,,,,,,,,,,405713,99,99,,206528,,,0,,,,body,,,,1427,1426,,109,109,,,,,,,,,,,
1622852000,2,tlm,ticket_enqueue,,,,,,,,,,,,,,,,,,,,,,,,405713,99,99,,206560,,,0,,,,body,,,,1427,1426,,2,2,,,,,,,,,,,
1622854000,,rtl,parser_ticket_we,780481,,,,,,,,0,0,,,,,,,,,,,,,,,,,,205712,,,4,,,,,,,,,,,,,,,567,542,,,,,,,
1622854000,,rtl,parser_ticket_we,780482,,,,,,,,0,0,,,,,,,,,,,,,,,,,,205872,,,0,,,,,,,,,,,,,,,1258,222,,,,,,,
1622856000,,tlm,allocator_fetch,,,,,,,,,,,,,,164160,,,,,,,,,,405714,79,79,,,,,,,,,,,20,15,,,,,,,,,,,,,,,,
1622856000,0,tlm,allocator_lane_action,,empty,,,,,,,,,,,,164160,,,,,,,,,,405714,79,79,,164160,,,0,,,,,,,,,,,,,,,,,,,,,,,
1622856000,1,tlm,ingress_preaccept,,,,,,,,,,,,,,,,,,,,,,,,405714,99,99,,206544,,,4,,,,,,,,1426,,,109,,108,,,,,,,,,,
1622856000,2,tlm,ingress_preaccept,,,,,,,,,,,,,,,,,,,,,,,,405714,99,99,,206576,,,0,,,,,,,,1426,,,2,,1,,,,,,,,,,
1622856000,2,tlm,ticket_enqueue,,,,,,,,,,,,,,,,,,,,,,,,405714,99,99,,206576,,,0,,,,body,,,,1426,1425,,2,2,,,,,,,,,,,
1622856000,0,tlm,ticket_pop,,,,,,,,,,,,,,,,,,,,,,,,405714,79,79,,164160,,,0,,,,body,,,,1425,1426,,,,,,,,,,,,,,
1622856000,1,tlm,ticket_pop,,,,,,,,,,,,,,,,,,,,,,,,405714,79,79,,164160,,,0,,,,body,,,,1426,1427,,,,,,,,,,,,,,
1622856000,2,tlm,ticket_pop,,,,,,,,,,,,,,,,,,,,,,,,405714,79,79,,164160,,,0,,,,body,,,,1425,1426,,,,,,,,,,,,,,
1622856000,3,tlm,ticket_pop,,,,,,,,,,,,,,,,,,,,,,,,405714,79,79,,164160,,,0,,,,body,,,,1433,1434,,,,,,,,,,,,,,
1622858000,,rtl,parser_ticket_we,780485,,,,,,,,0,0,,,,,,,,,,,,,,,,,,205888,,,0,,,,,,,,,,,,,,,1258,223,,,,,,,
1622860000,2,tlm,ingress_preaccept,,,,,,,,,,,,,,,,,,,,,,,,405715,99,99,,206592,,,0,,,,,,,,1426,,,2,,1,,,,,,,,,,
1622860000,2,tlm,ticket_enqueue,,,,,,,,,,,,,,,,,,,,,,,,405715,99,99,,206592,,,0,,,,body,,,,1426,1425,,2,2,,,,,,,,,,,
1622862000,,rtl,parser_ticket_we,780489,,,,,,,,0,0,,,,,,,,,,,,,,,,,,205904,,,4,,,,,,,,,,,,,,,1477,554,,,,,,,
1622862000,,rtl,parser_ticket_we,780490,,,,,,,,0,0,,,,,,,,,,,,,,,,,,205904,,,0,,,,,,,,,,,,,,,1258,224,,,,,,,
1622864000,1,tlm,allocator_lane_action,,empty,,,,,,,,,,,,164160,,,,,,,,,,405716,79,79,,164160,,,0,,,,,,,,,,,,,,,,,,,,,,,
1622864000,0,tlm,ingress_preaccept,,,,,,,,,,,,,,,,,,,,,,,,405716,99,99,,206784,,,0,,,,,,,,1426,,,2,,1,,,,,,,,,,
1622864000,2,tlm,ingress_preaccept,,,,,,,,,,,,,,,,,,,,,,,,405716,99,99,,206608,,,0,,,,,,,,1425,,,2,,1,,,,,,,,,,
1622864000,0,tlm,ticket_enqueue,,,,,,,,,,,,,,,,,,,,,,,,405716,99,99,,206784,,,0,,,,body,,,,1426,1425,,2,2,,,,,,,,,,,
1622864000,2,tlm,ticket_enqueue,,,,,,,,,,,,,,,,,,,,,,,,405716,99,99,,206608,,,0,,,,body,,,,1425,1424,,2,2,,,,,,,,,,,
1622864000,3,tlm,ticket_enqueue,,,,,,,,,,,,,,,,,,,,,,,,405716,99,99,,206432,,,4,,,,body,,,,1434,1433,,102,98,,,,,,,,,,,
1622866000,,rtl,parser_ticket_we,780493,,,,,,,,0,0,,,,,,,,,,,,,,,,,,205808,,,4,,,,,,,,,,,,,,,1387,224,,,,,,,
1622866000,,rtl,parser_ticket_we,780494,,,,,,,,0,0,,,,,,,,,,,,,,,,,,205920,,,0,,,,,,,,,,,,,,,1258,225,,,,,,,
1622866000,,rtl,parser_ticket_we,780495,,,,,,,,0,0,,,,,,,,,,,,,,,,,,205920,,,0,,,,,,,,,,,,,,,1481,555,,,,,,,
1622868000,0,tlm,ingress_preaccept,,,,,,,,,,,,,,,,,,,,,,,,405717,99,99,,206800,,,0,,,,,,,,1425,,,2,,1,,,,,,,,,,
1622868000,3,tlm,ingress_preaccept,,,,,,,,,,,,,,,,,,,,,,,,405717,99,99,,206448,,,0,,,,,,,,1433,,,98,,97,,,,,,,,,,
1622868000,2,tlm,ingress_predrop,,,,,,,,,,,,,,,,,,,,,,,,405717,99,99,,206624,,,4,,,,,,,,1424,,,2,,1,lane_credit,,,,,,,,,
1622868000,0,tlm,ticket_enqueue,,,,,,,,,,,,,,,,,,,,,,,,405717,99,99,,206800,,,0,,,,body,,,,1425,1424,,2,2,,,,,,,,,,,
1622868000,3,tlm,ticket_enqueue,,,,,,,,,,,,,,,,,,,,,,,,405717,99,99,,206448,,,0,,,,body,,,,1433,1432,,98,98,,,,,,,,,,,
1622870000,0,rtl,allocator_lane_action,780502,2,0,1,0,164192,0,79,0,0,1,0,,,,,,,,,,,,,,,,,,,,,,,,,,,,,,,,,,,,,,,,,,
1622870000,1,rtl,allocator_lane_action,780503,2,0,1,0,164192,0,79,0,0,1,0,,,,,,,,,,,,,,,,,,,,,,,,,,,,,,,,,,,,,,,,,,
1622870000,2,rtl,allocator_lane_action,780504,2,0,1,0,164192,4,79,0,0,1,0,,,,,,,,,,,,,,,,,,,,,,,,,,,,,,,,,,,,,,,,,,
1622870000,3,rtl,allocator_lane_action,780505,2,0,1,0,164192,0,79,0,0,1,0,,,,,,,,,,,,,,,,,,,,,,,,,,,,,,,,,,,,,,,,,,
1622870000,,rtl,parser_ticket_we,780499,,,,,,,,0,0,,,,,,,,,,,,,,,,,,205936,,,0,,,,,,,,,,,,,,,1481,556,,,,,,,
1622870000,,rtl,parser_ticket_we,780500,,,,,,,,0,0,,,,,,,,,,,,,,,,,,205824,,,0,,,,,,,,,,,,,,,1391,225,,,,,,,
1622872000,2,tlm,allocator_lane_action,,empty,,,,,,,,,,,,164160,,,,,,,,,,405718,79,79,,164160,,,0,,,,,,,,,,,,,,,,,,,,,,,
1622872000,0,tlm,ingress_preaccept,,,,,,,,,,,,,,,,,,,,,,,,405718,99,99,,206816,,,0,,,,,,,,1424,,,2,,1,,,,,,,,,,
1622872000,3,tlm,ingress_preaccept,,,,,,,,,,,,,,,,,,,,,,,,405718,99,99,,206464,,,0,,,,,,,,1432,,,98,,97,,,,,,,,,,
1622872000,0,tlm,ticket_enqueue,,,,,,,,,,,,,,,,,,,,,,,,405718,99,99,,206816,,,0,,,,body,,,,1424,1423,,2,2,,,,,,,,,,,
1622872000,1,tlm,ticket_enqueue,,,,,,,,,,,,,,,,,,,,,,,,405718,99,99,,206544,,,4,,,,body,,,,1427,1426,,109,105,,,,,,,,,,,
1622872000,3,tlm,ticket_enqueue,,,,,,,,,,,,,,,,,,,,,,,,405718,99,99,,206464,,,0,,,,body,,,,1432,1431,,98,98,,,,,,,,,,,
1622874000,,rtl,parser_ticket_we,780510,,,,,,,,0,0,,,,,,,,,,,,,,,,,,205728,,,4,,,,,,,,,,,,,,,1387,543,,,,,,,
1622874000,,rtl,parser_ticket_we,780511,,,,,,,,0,0,,,,,,,,,,,,,,,,,,205840,,,0,,,,,,,,,,,,,,,1391,226,,,,,,,
1622874000,,rtl,parser_ticket_we,780512,,,,,,,,0,0,,,,,,,,,,,,,,,,,,205952,,,0,,,,,,,,,,,,,,,1481,557,,,,,,,
1622876000,1,tlm,ingress_preaccept,,,,,,,,,,,,,,,,,,,,,,,,405719,99,99,,206560,,,0,,,,,,,,1426,,,105,,104,,,,,,,,,,
1622876000,3,tlm,ingress_preaccept,,,,,,,,,,,,,,,,,,,,,,,,405719,99,99,,206480,,,0,,,,,,,,1431,,,98,,97,,,,,,,,,,
1622876000,0,tlm,ingress_predrop,,,,,,,,,,,,,,,,,,,,,,,,405719,99,99,,206832,,,4,,,,,,,,1423,,,2,,1,lane_credit,,,,,,,,,
1622876000,1,tlm,ticket_enqueue,,,,,,,,,,,,,,,,,,,,,,,,405719,99,99,,206560,,,0,,,,body,,,,1426,1425,,105,105,,,,,,,,,,,
1622876000,3,tlm,ticket_enqueue,,,,,,,,,,,,,,,,,,,,,,,,405719,99,99,,206480,,,0,,,,body,,,,1431,1430,,98,98,,,,,,,,,,,
1622878000,0,rtl,controlled_ingress_predrop,780519,,,,,,,,,,,,,,,,,,,,,,,,,99,,205936,,,,,,,,,,,,,,,,,,,,4,1471,1,4,1,1,4
1622878000,,rtl,parser_ticket_we,780516,,,,,,,,0,0,,,,,,,,,,,,,,,,,,205968,,,0,,,,,,,,,,,,,,,1481,558,,,,,,,
1622878000,,rtl,parser_ticket_we,780517,,,,,,,,0,0,,,,,,,,,,,,,,,,,,205744,,,0,,,,,,,,,,,,,,,1391,220,,,,,,,
1622880000,3,tlm,allocator_lane_action,,empty,,,,,,,,,,,,164160,,,,,,,,,,405720,79,79,,164160,,,0,,,,,,,,,,,,,,,,,,,,,,,
1622880000,1,tlm,ingress_preaccept,,,,,,,,,,,,,,,,,,,,,,,,405720,99,99,,206576,,,0,,,,,,,,1425,,,105,,104,,,,,,,,,,
1622880000,3,tlm,ingress_preaccept,,,,,,,,,,,,,,,,,,,,,,,,405720,99,99,,206496,,,0,,,,,,,,1430,,,98,,97,,,,,,,,,,
1622880000,1,tlm,ticket_enqueue,,,,,,,,,,,,,,,,,,,,,,,,405720,99,99,,206576,,,0,,,,body,,,,1425,1424,,105,105,,,,,,,,,,,
1622880000,3,tlm,ticket_enqueue,,,,,,,,,,,,,,,,,,,,,,,,405720,99,99,,206496,,,0,,,,body,,,,1430,1429,,98,98,,,,,,,,,,,
1622882000,,rtl,parser_ticket_we,780523,,,,,,,,0,0,,,,,,,,,,,,,,,,,,205984,,,0,,,,,,,,,,,,,,,1481,559,,,,,,,
1622884000,1,tlm,ingress_preaccept,,,,,,,,,,,,,,,,,,,,,,,,405721,99,99,,206592,,,4,,,,,,,,1424,,,105,,104,,,,,,,,,,
1622884000,3,tlm,ingress_preaccept,,,,,,,,,,,,,,,,,,,,,,,,405721,99,99,,206512,,,0,,,,,,,,1429,,,98,,97,,,,,,,,,,
1622884000,3,tlm,ticket_enqueue,,,,,,,,,,,,,,,,,,,,,,,,405721,99,99,,206512,,,0,,,,body,,,,1429,1428,,98,98,,,,,,,,,,,
1622886000,,rtl,parser_ticket_we,780527,,,,,,,,0,0,,,,,,,,,,,,,,,,,,206000,,,0,,,,,,,,,,,,,,,1481,230,,,,,,,
1622888000,3,tlm,ingress_preaccept,,,,,,,,,,,,,,,,,,,,,,,,405722,99,99,,206528,,,0,,,,,,,,1428,,,98,,97,,,,,,,,,,
1622888000,2,tlm,ingress_predrop,,,,,,,,,,,,,,,,,,,,,,,,405722,99,99,,206640,,,4,,,,,,,,1424,,,2,,1,lane_credit,,,,,,,,,
1622888000,3,tlm,ticket_enqueue,,,,,,,,,,,,,,,,,,,,,,,,405722,99,99,,206528,,,0,,,,body,,,,1428,1427,,98,98,,,,,,,,,,,
1622892000,3,tlm,ingress_preaccept,,,,,,,,,,,,,,,,,,,,,,,,405723,99,99,,206544,,,0,,,,,,,,1427,,,98,,97,,,,,,,,,,
1622892000,3,tlm,ticket_enqueue,,,,,,,,,,,,,,,,,,,,,,,,405723,99,99,,206544,,,0,,,,body,,,,1427,1426,,98,98,,,,,,,,,,,
1622894000,,rtl,parser_ticket_we,780533,,,,,,,,0,0,,,,,,,,,,,,,,,,,,206016,,,1,,,,,,,,,,,,,,,1481,231,,,,,,,
1622894000,,rtl,parser_ticket_we,780534,,,,,,,,0,0,,,,,,,,,,,,,,,,,,205856,,,4,,,,,,,,,,,,,,,1391,227,,,,,,,
1622896000,3,tlm,ingress_preaccept,,,,,,,,,,,,,,,,,,,,,,,,405724,99,99,,206560,,,0,,,,,,,,1426,,,98,,97,,,,,,,,,,
1622896000,0,tlm,parser_tail_dropped_terminal_suppressed,,,,,,,,,,,,,,,,,,,,,,,,405724,99,99,,,,,,,,,,,,,,,,,,,,,,,,,,,,
1622896000,3,tlm,ticket_enqueue,,,,,,,,,,,,,,,,,,,,,,,,405724,99,99,,206560,,,0,,,,body,,,,1426,1425,,98,98,,,,,,,,,,,
1622898000,0,rtl,controlled_ingress_predrop,780541,,,,,,,,,,,,,,,,,,,,,,,,,99,,205952,,,,,,,,,,,,,,,,,,,,4,1472,1,8,1,1,8
1622898000,2,rtl,handle_accept,780536,,,,,,,,,,,,,,,,,,,,,,,,,,,164192,1522,37107,4,12,2023,0,,,,,,,,,,,,,,,,,,,,
1622898000,,rtl,parser_ticket_we,780537,,,,,,,,0,0,,,,,,,,,,,,,,,,,,205760,,,4,,,,,,,,,,,,,,,1391,221,,,,,,,
1622898000,,rtl,parser_ticket_we,780538,,,,,,,,0,0,,,,,,,,,,,,,,,,,,205872,,,0,,,,,,,,,,,,,,,573,228,,,,,,,
1622898000,,rtl,parser_ticket_we,780539,,,,,,,,0,0,,,,,,,,,,,,,,,,,,206032,,,0,,,,,,,,,,,,,,,1482,232,,,,,,,
1622900000,3,tlm,ingress_preaccept,,,,,,,,,,,,,,,,,,,,,,,,405725,99,99,,206576,,,0,,,,,,,,1425,,,98,,97,,,,,,,,,,
1622900000,1,tlm,ticket_enqueue,,,,,,,,,,,,,,,,,,,,,,,,405725,99,99,,206592,,,4,,,,body,,,,1424,1423,,105,101,,,,,,,,,,,
1622900000,3,tlm,ticket_enqueue,,,,,,,,,,,,,,,,,,,,,,,,405725,99,99,,206576,,,0,,,,body,,,,1425,1424,,98,98,,,,,,,,,,,
1622902000,,rtl,parser_ticket_we,780544,,,,,,,,0,0,,,,,,,,,,,,,,,,,,206048,,,0,,,,,,,,,,,,,,,1482,233,,,,,,,
1622904000,1,tlm,ingress_preaccept,,,,,,,,,,,,,,,,,,,,,,,,405726,99,99,,206608,,,0,,,,,,,,1423,,,101,,100,,,,,,,,,,
1622904000,3,tlm,ingress_preaccept,,,,,,,,,,,,,,,,,,,,,,,,405726,99,99,,206592,,,4,,,,,,,,1424,,,98,,97,,,,,,,,,,
1622904000,1,tlm,ticket_enqueue,,,,,,,,,,,,,,,,,,,,,,,,405726,99,99,,206608,,,0,,,,body,,,,1423,1422,,101,101,,,,,,,,,,,
1622906000,,rtl,parser_ticket_we,780550,,,,,,,,0,0,,,,,,,,,,,,,,,,,,205776,,,1,,,,,,,,,,,,,,,573,222,,,,,,,
1622906000,,rtl,parser_ticket_we,780551,,,,,,,,0,0,,,,,,,,,,,,,,,,,,206064,,,0,,,,,,,,,,,,,,,1482,234,,,,,,,
1622908000,1,tlm,ingress_preaccept,,,,,,,,,,,,,,,,,,,,,,,,405727,99,99,,206624,,,0,,,,,,,,1422,,,101,,100,,,,,,,,,,
1622908000,2,tlm,ingress_preaccept,,,,,,,,,,,,,,,,,,,,,,,,405727,99,99,,206656,,,0,,,,,,,,1424,,,2,,1,,,,,,,,,,
1622908000,1,tlm,ticket_enqueue,,,,,,,,,,,,,,,,,,,,,,,,405727,99,99,,206624,,,0,,,,body,,,,1422,1421,,101,101,,,,,,,,,,,
1622908000,2,tlm,ticket_enqueue,,,,,,,,,,,,,,,,,,,,,,,,405727,99,99,,206656,,,0,,,,body,,,,1424,1423,,2,2,,,,,,,,,,,
1622910000,,rtl,parser_ticket_we,780554,,,,,,,,0,0,,,,,,,,,,,,,,,,,,206080,,,0,,,,,,,,,,,,,,,1482,235,,,,,,,
1622910000,,rtl,parser_ticket_we,780555,,,,,,,,0,0,,,,,,,,,,,,,,,,,,205792,,,0,,,,,,,,,,,,,,,574,223,,,,,,,
1622912000,1,tlm,ingress_preaccept,,,,,,,,,,,,,,,,,,,,,,,,405728,99,99,,206640,,,0,,,,,,,,1421,,,101,,100,,,,,,,,,,
1622912000,2,tlm,ingress_preaccept,,,,,,,,,,,,,,,,,,,,,,,,405728,99,99,,206672,,,0,,,,,,,,1423,,,2,,1,,,,,,,,,,
1622912000,1,tlm,ticket_enqueue,,,,,,,,,,,,,,,,,,,,,,,,405728,99,99,,206640,,,0,,,,body,,,,1421,1420,,101,101,,,,,,,,,,,
1622912000,2,tlm,ticket_enqueue,,,,,,,,,,,,,,,,,,,,,,,,405728,99,99,,206672,,,0,,,,body,,,,1423,1422,,2,2,,,,,,,,,,,
1622914000,,rtl,parser_ticket_we,780560,,,,,,,,0,0,,,,,,,,,,,,,,,,,,206096,,,0,,,,,,,,,,,,,,,1482,236,,,,,,,
1622916000,1,tlm,ingress_preaccept,,,,,,,,,,,,,,,,,,,,,,,,405729,99,99,,206656,,,0,,,,,,,,1420,,,101,,100,,,,,,,,,,
1622916000,2,tlm,ingress_preaccept,,,,,,,,,,,,,,,,,,,,,,,,405729,99,99,,206688,,,0,,,,,,,,1422,,,2,,1,,,,,,,,,,
1622916000,1,tlm,ticket_enqueue,,,,,,,,,,,,,,,,,,,,,,,,405729,99,99,,206656,,,0,,,,body,,,,1420,1419,,101,101,,,,,,,,,,,
1622916000,2,tlm,ticket_enqueue,,,,,,,,,,,,,,,,,,,,,,,,405729,99,99,,206688,,,0,,,,body,,,,1422,1421,,2,2,,,,,,,,,,,
1622918000,,rtl,allocator_decision,780565,,,,,,,,,,,,idle_to_fetch,164208,15,15,15,15,0,0,0,0,11,,,,,,,,,,,,,,,,,,,,,,,,,,,,,,,
1622918000,,rtl,parser_ticket_we,780564,,,,,,,,0,0,,,,,,,,,,,,,,,,,,205888,,,4,,,,,,,,,,,,,,,573,229,,,,,,,
1622918000,,rtl,parser_ticket_we,780570,,,,,,,,0,0,,,,,,,,,,,,,,,,,,206112,,,0,,,,,,,,,,,,,,,1482,237,,,,,,,
1622920000,1,tlm,ingress_preaccept,,,,,,,,,,,,,,,,,,,,,,,,405730,99,99,,206672,,,0,,,,,,,,1419,,,101,,100,,,,,,,,,,
1622920000,2,tlm,ingress_preaccept,,,,,,,,,,,,,,,,,,,,,,,,405730,99,99,,206704,,,0,,,,,,,,1421,,,2,,1,,,,,,,,,,
1622920000,1,tlm,ticket_enqueue,,,,,,,,,,,,,,,,,,,,,,,,405730,99,99,,206672,,,0,,,,body,,,,1419,1418,,101,101,,,,,,,,,,,
1622920000,2,tlm,ticket_enqueue,,,,,,,,,,,,,,,,,,,,,,,,405730,99,99,,206704,,,0,,,,body,,,,1421,1420,,2,2,,,,,,,,,,,
1622920000,3,tlm,ticket_enqueue,,,,,,,,,,,,,,,,,,,,,,,,405730,99,99,,206592,,,4,,,,body,,,,1424,1423,,98,94,,,,,,,,,,,
1622922000,,rtl,parser_ticket_we,780574,,,,,,,,0,0,,,,,,,,,,,,,,,,,,206128,,,0,,,,,,,,,,,,,,,1482,238,,,,,,,
1622922000,,rtl,parser_ticket_we,780575,,,,,,,,0,0,,,,,,,,,,,,,,,,,,205904,,,0,,,,,,,,,,,,,,,577,554,,,,,,,
1622924000,1,tlm,ingress_preaccept,,,,,,,,,,,,,,,,,,,,,,,,405731,99,99,,206688,,,0,,,,,,,,1418,,,101,,100,,,,,,,,,,
1622924000,2,tlm,ingress_preaccept,,,,,,,,,,,,,,,,,,,,,,,,405731,99,99,,206720,,,0,,,,,,,,1420,,,2,,1,,,,,,,,,,
1622924000,3,tlm,ingress_preaccept,,,,,,,,,,,,,,,,,,,,,,,,405731,99,99,,206608,,,0,,,,,,,,1423,,,94,,93,,,,,,,,,,
1622924000,1,tlm,ticket_enqueue,,,,,,,,,,,,,,,,,,,,,,,,405731,99,99,,206688,,,0,,,,body,,,,1418,1417,,101,101,,,,,,,,,,,
1622924000,2,tlm,ticket_enqueue,,,,,,,,,,,,,,,,,,,,,,,,405731,99,99,,206720,,,0,,,,body,,,,1420,1419,,2,2,,,,,,,,,,,
1622924000,3,tlm,ticket_enqueue,,,,,,,,,,,,,,,,,,,,,,,,405731,99,99,,206608,,,0,,,,body,,,,1423,1422,,94,94,,,,,,,,,,,
1622926000,,rtl,parser_ticket_we,780579,,,,,,,,0,0,,,,,,,,,,,,,,,,,,205968,,,0,,,,,,,,,,,,,,,1258,226,,,,,,,
1622926000,,rtl,parser_ticket_we,780580,,,,,,,,0,0,,,,,,,,,,,,,,,,,,205920,,,0,,,,,,,,,,,,,,,577,555,,,,,,,
1622926000,,rtl,parser_ticket_we,780581,,,,,,,,0,0,,,,,,,,,,,,,,,,,,206144,,,0,,,,,,,,,,,,,,,1482,239,,,,,,,
1622928000,1,tlm,ingress_preaccept,,,,,,,,,,,,,,,,,,,,,,,,405732,99,99,,206704,,,0,,,,,,,,1417,,,101,,100,,,,,,,,,,
1622928000,2,tlm,ingress_preaccept,,,,,,,,,,,,,,,,,,,,,,,,405732,99,99,,206736,,,0,,,,,,,,1419,,,2,,1,,,,,,,,,,
1622928000,3,tlm,ingress_preaccept,,,,,,,,,,,,,,,,,,,,,,,,405732,99,99,,206624,,,0,,,,,,,,1422,,,94,,93,,,,,,,,,,
1622928000,1,tlm,ticket_enqueue,,,,,,,,,,,,,,,,,,,,,,,,405732,99,99,,206704,,,0,,,,body,,,,1417,1416,,101,101,,,,,,,,,,,
1622928000,2,tlm,ticket_enqueue,,,,,,,,,,,,,,,,,,,,,,,,405732,99,99,,206736,,,0,,,,body,,,,1419,1418,,2,2,,,,,,,,,,,
1622928000,3,tlm,ticket_enqueue,,,,,,,,,,,,,,,,,,,,,,,,405732,99,99,,206624,,,0,,,,body,,,,1422,1421,,94,94,,,,,,,,,,,
1622930000,,rtl,parser_ticket_we,780586,,,,,,,,0,0,,,,,,,,,,,,,,,,,,205808,,,4,,,,,,,,,,,,,,,574,224,,,,,,,
1622930000,,rtl,parser_ticket_we,780587,,,,,,,,0,0,,,,,,,,,,,,,,,,,,205984,,,0,,,,,,,,,,,,,,,1258,227,,,,,,,
1622932000,1,tlm,ingress_preaccept,,,,,,,,,,,,,,,,,,,,,,,,405733,99,99,,206720,,,4,,,,,,,,1416,,,101,,100,,,,,,,,,,
1622932000,3,tlm,ingress_preaccept,,,,,,,,,,,,,,,,,,,,,,,,405733,99,99,,206640,,,0,,,,,,,,1421,,,94,,93,,,,,,,,,,
1622932000,2,tlm,ingress_predrop,,,,,,,,,,,,,,,,,,,,,,,,405733,99,99,,206752,,,4,,,,,,,,1418,,,2,,1,lane_credit,,,,,,,,,
1622932000,3,tlm,ticket_enqueue,,,,,,,,,,,,,,,,,,,,,,,,405733,99,99,,206640,,,0,,,,body,,,,1421,1420,,94,94,,,,,,,,,,,
1622934000,,rtl,parser_ticket_we,780592,,,,,,,,0,0,,,,,,,,,,,,,,,,,,206000,,,0,,,,,,,,,,,,,,,1258,228,,,,,,,
1622934000,,rtl,parser_ticket_we,780593,,,,,,,,0,0,,,,,,,,,,,,,,,,,,205824,,,0,,,,,,,,,,,,,,,578,225,,,,,,,
1622936000,3,tlm,ingress_preaccept,,,,,,,,,,,,,,,,,,,,,,,,405734,99,99,,206656,,,0,,,,,,,,1420,,,94,,93,,,,,,,,,,
1622936000,3,tlm,ticket_enqueue,,,,,,,,,,,,,,,,,,,,,,,,405734,99,99,,206656,,,0,,,,body,,,,1420,1419,,94,94,,,,,,,,,,,
1622938000,,rtl,parser_ticket_we,780597,,,,,,,,0,0,,,,,,,,,,,,,,,,,,205840,,,0,,,,,,,,,,,,,,,578,226,,,,,,,
1622938000,,rtl,parser_ticket_we,780598,,,,,,,,0,0,,,,,,,,,,,,,,,,,,206016,,,0,,,,,,,,,,,,,,,1258,229,,,,,,,
1622940000,3,tlm,ingress_preaccept,,,,,,,,,,,,,,,,,,,,,,,,405735,99,99,,206672,,,0,,,,,,,,1419,,,94,,93,,,,,,,,,,
1622940000,3,tlm,ticket_enqueue,,,,,,,,,,,,,,,,,,,,,,,,405735,99,99,,206672,,,0,,,,body,,,,1419,1418,,94,94,,,,,,,,,,,
1622942000,,rtl,parser_ticket_we,780603,,,,,,,,0,0,,,,,,,,,,,,,,,,,,206032,,,0,,,,,,,,,,,,,,,1258,554,,,,,,,
1622942000,,rtl,parser_ticket_we,780604,,,,,,,,0,0,,,,,,,,,,,,,,,,,,205856,,,0,,,,,,,,,,,,,,,578,227,,,,,,,
1622944000,3,tlm,ingress_preaccept,,,,,,,,,,,,,,,,,,,,,,,,405736,99,99,,206688,,,0,,,,,,,,1418,,,94,,93,,,,,,,,,,
1622944000,3,tlm,ticket_enqueue,,,,,,,,,,,,,,,,,,,,,,,,405736,99,99,,206688,,,0,,,,body,,,,1418,1417,,94,94,,,,,,,,,,,
1622946000,,rtl,parser_ticket_we,780609,,,,,,,,0,0,,,,,,,,,,,,,,,,,,206160,,,4,,,,,,,,,,,,,,,1482,570,,,,,,,
1622946000,,rtl,parser_ticket_we,780610,,,,,,,,0,0,,,,,,,,,,,,,,,,,,205936,,,4,,,,,,,,,,,,,,,577,556,,,,,,,
1622946000,,rtl,parser_ticket_we,780612,,,,,,,,0,0,,,,,,,,,,,,,,,,,,205872,,,0,,,,,,,,,,,,,,,578,228,,,,,,,
1622946000,,rtl,parser_ticket_we,780613,,,,,,,,0,0,,,,,,,,,,,,,,,,,,206048,,,0,,,,,,,,,,,,,,,1258,555,,,,,,,
1622948000,3,tlm,ingress_preaccept,,,,,,,,,,,,,,,,,,,,,,,,405737,99,99,,206704,,,0,,,,,,,,1417,,,94,,93,,,,,,,,,,
1622948000,1,tlm,ticket_enqueue,,,,,,,,,,,,,,,,,,,,,,,,405737,99,99,,206720,,,4,,,,body,,,,1416,1415,,101,97,,,,,,,,,,,
1622948000,3,tlm,ticket_enqueue,,,,,,,,,,,,,,,,,,,,,,,,405737,99,99,,206704,,,0,,,,body,,,,1417,1416,,94,94,,,,,,,,,,,
1622950000,,rtl,parser_ticket_we,780618,,,,,,,,0,0,,,,,,,,,,,,,,,,,,205888,,,0,,,,,,,,,,,,,,,578,229,,,,,,,
1622950000,,rtl,parser_ticket_we,780620,,,,,,,,0,0,,,,,,,,,,,,,,,,,,205952,,,0,,,,,,,,,,,,,,,1403,557,,,,,,,
1622952000,1,tlm,ingress_preaccept,,,,,,,,,,,,,,,,,,,,,,,,405738,99,99,,206736,,,4,,,,,,,,1415,,,97,,96,,,,,,,,,,
1622952000,2,tlm,ingress_preaccept,,,,,,,,,,,,,,,,,,,,,,,,405738,99,99,,206768,,,0,,,,,,,,1418,,,2,,1,,,,,,,,,,
1622952000,3,tlm,ingress_preaccept,,,,,,,,,,,,,,,,,,,,,,,,405738,99,99,,206720,,,0,,,,,,,,1416,,,94,,93,,,,,,,,,,
1622952000,2,tlm,ticket_enqueue,,,,,,,,,,,,,,,,,,,,,,,,405738,99,99,,206768,,,0,,,,body,,,,1418,1417,,2,2,,,,,,,,,,,
1622952000,3,tlm,ticket_enqueue,,,,,,,,,,,,,,,,,,,,,,,,405738,99,99,,206720,,,0,,,,body,,,,1416,1415,,94,94,,,,,,,,,,,
1622954000,,rtl,parser_ticket_we,780628,,,,,,,,0,0,,,,,,,,,,,,,,,,,,205904,,,0,,,,,,,,,,,,,,,578,554,,,,,,,
1622956000,2,tlm,ingress_preaccept,,,,,,,,,,,,,,,,,,,,,,,,405739,99,99,,206784,,,0,,,,,,,,1417,,,2,,1,,,,,,,,,,
1622956000,3,tlm,ingress_preaccept,,,,,,,,,,,,,,,,,,,,,,,,405739,99,99,,206736,,,0,,,,,,,,1415,,,94,,93,,,,,,,,,,
1622956000,2,tlm,ticket_enqueue,,,,,,,,,,,,,,,,,,,,,,,,405739,99,99,,206784,,,0,,,,body,,,,1417,1416,,2,2,,,,,,,,,,,
1622956000,3,tlm,ticket_enqueue,,,,,,,,,,,,,,,,,,,,,,,,405739,99,99,,206736,,,0,,,,body,,,,1415,1414,,94,94,,,,,,,,,,,
1622958000,0,rtl,controlled_ingress_predrop,780638,,,,,,,,,,,,,,,,,,,,,,,,,99,,206064,,,,,,,,,,,,,,,,,,,,4,1466,1,4,1,1,4
1622958000,2,rtl,credit_return,780636,,,,,,,,,,,,,,,,,,,,,,,,,,,,,,4,,,,mover_done,12,,,,,,,,,,,,,,,,,,
1622958000,,rtl,parser_ticket_we,780633,,,,,,,,0,0,,,,,,,,,,,,,,,,,,205968,,,1,,,,,,,,,,,,,,,1403,558,,,,,,,
1622958000,,rtl,parser_ticket_we,780634,,,,,,,,0,0,,,,,,,,,,,,,,,,,,205920,,,0,,,,,,,,,,,,,,,578,555,,,,,,,
1622960000,,tlm,allocator_fetch,,,,,,,,,,,,,,164176,,,,,,,,,,405740,79,79,,,,,,,,,,,21,15,,,,,,,,,,,,,,,,
1622960000,0,tlm,handle_accept,,,,,,,,,,,,,,164176,,,,,,,,,,405740,79,79,,164176,,,1,,,74,,,,,,,1,,,,,,,,,,,,,
1622960000,2,tlm,ingress_preaccept,,,,,,,,,,,,,,,,,,,,,,,,405740,99,99,,206800,,,0,,,,,,,,1416,,,2,,1,,,,,,,,,,
1622960000,3,tlm,ingress_preaccept,,,,,,,,,,,,,,,,,,,,,,,,405740,99,99,,206752,,,4,,,,,,,,1414,,,94,,93,,,,,,,,,,
1622960000,2,tlm,ticket_enqueue,,,,,,,,,,,,,,,,,,,,,,,,405740,99,99,,206800,,,0,,,,body,,,,1416,1415,,2,2,,,,,,,,,,,
1622960000,0,tlm,ticket_pop,,,,,,,,,,,,,,,,,,,,,,,,405740,79,79,,164176,,,1,,,,body,,,,1423,1424,,,,,,,,,,,,,,
1622960000,1,tlm,ticket_pop,,,,,,,,,,,,,,,,,,,,,,,,405740,79,79,,164176,,,0,,,,body,,,,1415,1416,,,,,,,,,,,,,,
1622960000,2,tlm,ticket_pop,,,,,,,,,,,,,,,,,,,,,,,,405740,79,79,,164176,,,0,,,,body,,,,1415,1416,,,,,,,,,,,,,,
1622960000,3,tlm,ticket_pop,,,,,,,,,,,,,,,,,,,,,,,,405740,79,79,,164176,,,0,,,,body,,,,1414,1415,,,,,,,,,,,,,,
1622962000,2,rtl,credit_return,780642,,,,,,,,,,,,,,,,,,,,,,,,,,,,,,4,,,,credit_return,12,,,,,,,,,,,,,,,,,,
1622964000,2,tlm,ingress_predrop,,,,,,,,,,,,,,,,,,,,,,,,405741,99,99,,206816,,,1,,,,,,,,1416,,,2,,1,lane_credit,,,,,,,,,
1622966000,,rtl,parser_ticket_we,780644,,,,,,,,0,0,,,,,,,,,,,,,,,,,,205984,,,1,,,,,,,,,,,,,,,1404,559,,,,,,,
1622966000,,rtl,parser_ticket_we,780645,,,,,,,,0,0,,,,,,,,,,,,,,,,,,206176,,,4,,,,,,,,,,,,,,,1486,571,,,,,,,
1622968000,1,tlm,allocator_lane_action,,empty,,,,,,,,,,,,164176,,,,,,,,,,405742,79,79,,164176,,,0,,,,,,,,,,,,,,,,,,,,,,,
1622968000,0,tlm,credit_return,,,,,,,,,,,,,,,,,,,,,,,,405742,79,79,,164176,,,1,,,,,,,,,,0,2,3,,,,,,,,,,,
1622968000,1,tlm,ticket_enqueue,,,,,,,,,,,,,,,,,,,,,,,,405742,99,99,,206736,,,4,,,,body,,,,1416,1415,,97,93,,,,,,,,,,,
1622970000,,rtl,parser_ticket_we,780647,,,,,,,,0,0,,,,,,,,,,,,,,,,,,206080,,,0,,,,,,,,,,,,,,,1258,556,,,,,,,
1622970000,,rtl,parser_ticket_we,780648,,,,,,,,0,0,,,,,,,,,,,,,,,,,,206192,,,0,,,,,,,,,,,,,,,1490,572,,,,,,,
1622970000,,rtl,parser_ticket_we,780649,,,,,,,,0,0,,,,,,,,,,,,,,,,,,206000,,,0,,,,,,,,,,,,,,,1405,230,,,,,,,
1622972000,1,tlm,ingress_preaccept,,,,,,,,,,,,,,,,,,,,,,,,405743,99,99,,206752,,,0,,,,,,,,1415,,,93,,92,,,,,,,,,,
1622972000,2,tlm,ingress_preaccept,,,,,,,,,,,,,,,,,,,,,,,,405743,99,99,,206832,,,0,,,,,,,,1416,,,2,,1,,,,,,,,,,
1622972000,1,tlm,ticket_enqueue,,,,,,,,,,,,,,,,,,,,,,,,405743,99,99,,206752,,,0,,,,body,,,,1415,1414,,93,93,,,,,,,,,,,
1622972000,2,tlm,ticket_enqueue,,,,,,,,,,,,,,,,,,,,,,,,405743,99,99,,206832,,,0,,,,body,,,,1416,1415,,2,2,,,,,,,,,,,
1622974000,,rtl,parser_ticket_we,780654,,,,,,,,0,0,,,,,,,,,,,,,,,,,,206016,,,0,,,,,,,,,,,,,,,1405,231,,,,,,,
1622974000,,rtl,parser_ticket_we,780655,,,,,,,,0,0,,,,,,,,,,,,,,,,,,206096,,,0,,,,,,,,,,,,,,,1258,557,,,,,,,
1622976000,2,tlm,allocator_lane_action,,empty,,,,,,,,,,,,164176,,,,,,,,,,405744,79,79,,164176,,,0,,,,,,,,,,,,,,,,,,,,,,,
1622976000,1,tlm,ingress_preaccept,,,,,,,,,,,,,,,,,,,,,,,,405744,99,99,,206768,,,0,,,,,,,,1414,,,93,,92,,,,,,,,,,
1622976000,1,tlm,ticket_enqueue,,,,,,,,,,,,,,,,,,,,,,,,405744,99,99,,206768,,,0,,,,body,,,,1414,1413,,93,93,,,,,,,,,,,
1622976000,3,tlm,ticket_enqueue,,,,,,,,,,,,,,,,,,,,,,,,405744,99,99,,206752,,,4,,,,body,,,,1415,1414,,94,90,,,,,,,,,,,
1622978000,0,rtl,allocator_lane_action,780664,2,0,1,0,164208,0,79,0,0,1,0,,,,,,,,,,,,,,,,,,,,,,,,,,,,,,,,,,,,,,,,,,
1622978000,1,rtl,allocator_lane_action,780665,2,0,1,0,164208,0,79,0,0,1,0,,,,,,,,,,,,,,,,,,,,,,,,,,,,,,,,,,,,,,,,,,
1622978000,2,rtl,allocator_lane_action,780666,2,0,1,0,164208,0,79,0,0,1,0,,,,,,,,,,,,,,,,,,,,,,,,,,,,,,,,,,,,,,,,,,
1622978000,3,rtl,allocator_lane_action,780667,2,0,1,0,164208,0,79,0,0,1,0,,,,,,,,,,,,,,,,,,,,,,,,,,,,,,,,,,,,,,,,,,
1622978000,,rtl,parser_ticket_we,780660,,,,,,,,0,0,,,,,,,,,,,,,,,,,,205936,,,4,,,,,,,,,,,,,,,578,556,,,,,,,
1622978000,,rtl,parser_ticket_we,780661,,,,,,,,0,0,,,,,,,,,,,,,,,,,,206112,,,0,,,,,,,,,,,,,,,1258,558,,,,,,,
1622978000,,rtl,parser_ticket_we,780662,,,,,,,,0,0,,,,,,,,,,,,,,,,,,206032,,,0,,,,,,,,,,,,,,,1405,232,,,,,,,
1622980000,1,tlm,ingress_preaccept,,,,,,,,,,,,,,,,,,,,,,,,405745,99,99,,206784,,,0,,,,,,,,1413,,,93,,92,,,,,,,,,,
1622980000,3,tlm,ingress_preaccept,,,,,,,,,,,,,,,,,,,,,,,,405745,99,99,,206768,,,4,,,,,,,,1414,,,90,,89,,,,,,,,,,
1622980000,1,tlm,ticket_enqueue,,,,,,,,,,,,,,,,,,,,,,,,405745,99,99,,206784,,,0,,,,body,,,,1413,1412,,93,93,,,,,,,,,,,
1622982000,,rtl,parser_ticket_we,780671,,,,,,,,0,0,,,,,,,,,,,,,,,,,,206048,,,0,,,,,,,,,,,,,,,1405,233,,,,,,,
1622982000,,rtl,parser_ticket_we,780672,,,,,,,,0,0,,,,,,,,,,,,,,,,,,205952,,,0,,,,,,,,,,,,,,,1404,557,,,,,,,
1622984000,3,tlm,allocator_lane_action,,empty,,,,,,,,,,,,164176,,,,,,,,,,405746,79,79,,164176,,,0,,,,,,,,,,,,,,,,,,,,,,,
1622984000,1,tlm,ingress_preaccept,,,,,,,,,,,,,,,,,,,,,,,,405746,99,99,,206800,,,0,,,,,,,,1412,,,93,,92,,,,,,,,,,
1622984000,1,tlm,ticket_enqueue,,,,,,,,,,,,,,,,,,,,,,,,405746,99,99,,206800,,,0,,,,body,,,,1412,1411,,93,93,,,,,,,,,,,
1622986000,,rtl,parser_ticket_we,780677,,,,,,,,0,0,,,,,,,,,,,,,,,,,,206064,,,0,,,,,,,,,,,,,,,1405,234,,,,,,,
1622988000,1,tlm,ingress_preaccept,,,,,,,,,,,,,,,,,,,,,,,,405747,99,99,,206816,,,0,,,,,,,,1411,,,93,,92,,,,,,,,,,
1622988000,1,tlm,ticket_enqueue,,,,,,,,,,,,,,,,,,,,,,,,405747,99,99,,206816,,,0,,,,body,,,,1411,1410,,93,93,,,,,,,,,,,
1622990000,0,rtl,controlled_ingress_predrop,780683,,,,,,,,,,,,,,,,,,,,,,,,,99,,206128,,,,,,,,,,,,,,,,,,,,4,1464,1,4,1,1,4
1622990000,,rtl,parser_ticket_we,780681,,,,,,,,0,0,,,,,,,,,,,,,,,,,,206208,,,4,,,,,,,,,,,,,,,1490,573,,,,,,,
1622992000,1,tlm,ingress_preaccept,,,,,,,,,,,,,,,,,,,,,,,,405748,99,99,,206832,,,0,,,,,,,,1410,,,93,,92,,,,,,,,,,
1622992000,1,tlm,ticket_enqueue,,,,,,,,,,,,,,,,,,,,,,,,405748,99,99,,206832,,,0,,,,body,,,,1410,1409,,93,93,,,,,,,,,,,
1622994000,,rtl,parser_ticket_we,780685,,,,,,,,0,0,,,,,,,,,,,,,,,,,,206224,,,0,,,,,,,,,,,,,,,1494,574,,,,,,,
1622996000,3,tlm,ticket_enqueue,,,,,,,,,,,,,,,,,,,,,,,,405749,99,99,,206768,,,4,,,,body,,,,1414,1413,,90,86,,,,,,,,,,,
1623000000,3,tlm,ingress_preaccept,,,,,,,,,,,,,,,,,,,,,,,,405750,99,99,,206784,,,0,,,,,,,,1413,,,86,,85,,,,,,,,,,
1623000000,3,tlm,ticket_enqueue,,,,,,,,,,,,,,,,,,,,,,,,405750,99,99,,206784,,,0,,,,body,,,,1413,1412,,86,86,,,,,,,,,,,
1623002000,,rtl,parser_ticket_we,780690,,,,,,,,0,0,,,,,,,,,,,,,,,,,,206144,,,0,,,,,,,,,,,,,,,1258,559,,,,,,,
1623002000,,rtl,parser_ticket_we,780691,,,,,,,,0,0,,,,,,,,,,,,,,,,,,205968,,,4,,,,,,,,,,,,,,,1404,558,,,,,,,
1623004000,3,tlm,ingress_preaccept,,,,,,,,,,,,,,,,,,,,,,,,405751,99,99,,206800,,,1,,,,,,,,1412,,,86,,85,,,,,,,,,,
1623006000,,rtl,parser_ticket_we,780694,,,,,,,,0,0,,,,,,,,,,,,,,,,,,206080,,,4,,,,,,,,,,,,,,,1405,235,,,,,,,
1623006000,,rtl,parser_ticket_we,780695,,,,,,,,0,0,,,,,,,,,,,,,,,,,,205984,,,0,,,,,,,,,,,,,,,580,559,,,,,,,
1623006000,,rtl,parser_ticket_we,780696,,,,,,,,0,0,,,,,,,,,,,,,,,,,,206160,,,0,,,,,,,,,,,,,,,1258,230,,,,,,,
1623008000,3,tlm,ticket_enqueue,,,,,,,,,,,,,,,,,,,,,,,,405752,99,99,,206800,,,1,,,,body,,,,1412,1411,,86,85,,,,,,,,,,,
1623010000,,rtl,parser_ticket_we,780700,,,,,,,,0,0,,,,,,,,,,,,,,,,,,206176,,,0,,,,,,,,,,,,,,,1258,231,,,,,,,
1623012000,3,tlm,ingress_preaccept,,,,,,,,,,,,,,,,,,,,,,,,405753,99,99,,206816,,,4,,,,,,,,1411,,,85,,84,,,,,,,,,,
1623014000,,rtl,parser_ticket_we,780705,,,,,,,,0,0,,,,,,,,,,,,,,,,,,206240,,,4,,,,,,,,,,,,,,,1494,575,,,,,,,
1623014000,,rtl,parser_ticket_we,780706,,,,,,,,0,0,,,,,,,,,,,,,,,,,,206192,,,0,,,,,,,,,,,,,,,1258,232,,,,,,,
1623018000,,rtl,parser_ticket_we,780709,,,,,,,,0,0,,,,,,,,,,,,,,,,,,206096,,,2,,,,,,,,,,,,,,,581,236,,,,,,,
1623018000,,rtl,parser_ticket_we,780710,,,,,,,,0,0,,,,,,,,,,,,,,,,,,206208,,,0,,,,,,,,,,,,,,,1258,233,,,,,,,
1623018000,,rtl,parser_ticket_we,780711,,,,,,,,0,0,,,,,,,,,,,,,,,,,,206256,,,0,,,,,,,,,,,,,,,1498,240,,,,,,,
1623022000,,rtl,allocator_decision,780715,,,,,,,,,,,,idle_to_fetch,164224,15,15,15,15,0,0,0,0,8,,,,,,,,,,,,,,,,,,,,,,,,,,,,,,,
1623022000,,rtl,parser_ticket_we,780720,,,,,,,,0,0,,,,,,,,,,,,,,,,,,206272,,,0,,,,,,,,,,,,,,,1498,241,,,,,,,
1623022000,,rtl,parser_ticket_we,780721,,,,,,,,0,0,,,,,,,,,,,,,,,,,,206224,,,0,,,,,,,,,,,,,,,1258,234,,,,,,,
1623022000,,rtl,parser_ticket_we,780722,,,,,,,,0,0,,,,,,,,,,,,,,,,,,206112,,,0,,,,,,,,,,,,,,,583,237,,,,,,,
1623026000,,rtl,parser_ticket_we,780727,,,,,,,,0,0,,,,,,,,,,,,,,,,,,206000,,,4,,,,,,,,,,,,,,,580,230,,,,,,,
1623026000,,rtl,parser_ticket_we,780728,,,,,,,,0,0,,,,,,,,,,,,,,,,,,206128,,,0,,,,,,,,,,,,,,,583,238,,,,,,,
1623026000,,rtl,parser_ticket_we,780729,,,,,,,,0,0,,,,,,,,,,,,,,,,,,206240,,,0,,,,,,,,,,,,,,,1258,235,,,,,,,
1623026000,,rtl,parser_ticket_we,780730,,,,,,,,0,0,,,,,,,,,,,,,,,,,,206288,,,0,,,,,,,,,,,,,,,1498,242,,,,,,,
1623028000,3,tlm,ticket_enqueue,,,,,,,,,,,,,,,,,,,,,,,,405757,99,99,,206816,,,4,,,,body,,,,1411,1410,,85,81,,,,,,,,,,,
1623030000,,rtl,parser_ticket_we,780735,,,,,,,,0,0,,,,,,,,,,,,,,,,,,206304,,,0,,,,,,,,,,,,,,,1498,243,,,,,,,
1623030000,,rtl,parser_ticket_we,780736,,,,,,,,0,0,,,,,,,,,,,,,,,,,,206256,,,0,,,,,,,,,,,,,,,1258,236,,,,,,,
1623030000,,rtl,parser_ticket_we,780737,,,,,,,,0,0,,,,,,,,,,,,,,,,,,206144,,,0,,,,,,,,,,,,,,,583,239,,,,,,,
1623030000,,rtl,parser_ticket_we,780738,,,,,,,,0,0,,,,,,,,,,,,,,,,,,206016,,,0,,,,,,,,,,,,,,,584,231,,,,,,,
1623032000,3,tlm,ingress_preaccept,,,,,,,,,,,,,,,,,,,,,,,,405758,99,99,,206832,,,0,,,,,,,,1410,,,81,,80,,,,,,,,,,
1623032000,3,tlm,ticket_enqueue,,,,,,,,,,,,,,,,,,,,,,,,405758,99,99,,206832,,,0,,,,body,,,,1410,1409,,81,81,,,,,,,,,,,
1623034000,,rtl,parser_ticket_we,780744,,,,,,,,0,0,,,,,,,,,,,,,,,,,,206032,,,0,,,,,,,,,,,,,,,584,232,,,,,,,
1623034000,,rtl,parser_ticket_we,780745,,,,,,,,0,0,,,,,,,,,,,,,,,,,,206272,,,0,,,,,,,,,,,,,,,1258,237,,,,,,,
1623034000,,rtl,parser_ticket_we,780746,,,,,,,,0,0,,,,,,,,,,,,,,,,,,206320,,,0,,,,,,,,,,,,,,,1498,244,,,,,,,
1623038000,,rtl,parser_ticket_we,780752,,,,,,,,0,0,,,,,,,,,,,,,,,,,,206336,,,0,,,,,,,,,,,,,,,1498,245,,,,,,,
1623038000,,rtl,parser_ticket_we,780753,,,,,,,,0,0,,,,,,,,,,,,,,,,,,206288,,,0,,,,,,,,,,,,,,,1258,238,,,,,,,
1623038000,,rtl,parser_ticket_we,780754,,,,,,,,0,0,,,,,,,,,,,,,,,,,,206048,,,0,,,,,,,,,,,,,,,584,233,,,,,,,
1623042000,,rtl,parser_ticket_we,780759,,,,,,,,0,0,,,,,,,,,,,,,,,,,,206064,,,0,,,,,,,,,,,,,,,584,234,,,,,,,
1623042000,,rtl,parser_ticket_we,780760,,,,,,,,0,0,,,,,,,,,,,,,,,,,,206304,,,0,,,,,,,,,,,,,,,1258,239,,,,,,,
1623042000,,rtl,parser_ticket_we,780761,,,,,,,,0,0,,,,,,,,,,,,,,,,,,206352,,,0,,,,,,,,,,,,,,,1498,246,,,,,,,
1623046000,,rtl,parser_ticket_we,780766,,,,,,,,0,0,,,,,,,,,,,,,,,,,,206320,,,0,,,,,,,,,,,,,,,1258,570,,,,,,,
1623046000,,rtl,parser_ticket_we,780767,,,,,,,,0,0,,,,,,,,,,,,,,,,,,206080,,,0,,,,,,,,,,,,,,,584,235,,,,,,,
1623050000,,rtl,parser_ticket_we,780772,,,,,,,,0,0,,,,,,,,,,,,,,,,,,206160,,,4,,,,,,,,,,,,,,,583,570,,,,,,,
1623050000,,rtl,parser_ticket_we,780773,,,,,,,,0,0,,,,,,,,,,,,,,,,,,206096,,,0,,,,,,,,,,,,,,,584,236,,,,,,,
1623054000,,rtl,parser_ticket_we,780777,,,,,,,,0,0,,,,,,,,,,,,,,,,,,206112,,,0,,,,,,,,,,,,,,,584,237,,,,,,,
1623058000,0,rtl,controlled_ingress_predrop,780782,,,,,,,,,,,,,,,,,,,,,,,,,99,,206336,,,,,,,,,,,,,,,,,,,,4,1452,1,5,1,1,5
1623062000,,rtl,parser_ticket_we,780784,,,,,,,,0,0,,,,,,,,,,,,,,,,,,206368,,,4,,,,,,,,,,,,,,,1498,247,,,,,,,
1623068000,,tlm,allocator_fetch,,,,,,,,,,,,,,164192,,,,,,,,,,405767,79,79,,,,,,,,,,,22,15,,,,,,,,,,,,,,,,
1623068000,0,tlm,allocator_lane_action,,empty,,,,,,,,,,,,164192,,,,,,,,,,405767,79,79,,164192,,,0,,,,,,,,,,,,,,,,,,,,,,,
1623068000,0,tlm,ticket_pop,,,,,,,,,,,,,,,,,,,,,,,,405767,79,79,,164192,,,0,,,,body,,,,1424,1425,,,,,,,,,,,,,,
1623068000,1,tlm,ticket_pop,,,,,,,,,,,,,,,,,,,,,,,,405767,79,79,,164192,,,0,,,,body,,,,1409,1410,,,,,,,,,,,,,,
1623068000,2,tlm,ticket_pop,,,,,,,,,,,,,,,,,,,,,,,,405767,79,79,,164192,,,4,,,,body,,,,1415,1416,,,,,,,,,,,,,,
1623068000,3,tlm,ticket_pop,,,,,,,,,,,,,,,,,,,,,,,,405767,79,79,,164192,,,0,,,,body,,,,1409,1410,,,,,,,,,,,,,,
1623070000,,rtl,parser_ticket_we,780788,,,,,,,,0,0,,,,,,,,,,,,,,,,,,206176,,,4,,,,,,,,,,,,,,,587,571,,,,,,,
1623074000,,rtl,parser_ticket_we,780790,,,,,,,,0,0,,,,,,,,,,,,,,,,,,206352,,,0,,,,,,,,,,,,,,,1258,571,,,,,,,
1623074000,,rtl,parser_ticket_we,780791,,,,,,,,0,0,,,,,,,,,,,,,,,,,,206128,,,4,,,,,,,,,,,,,,,584,238,,,,,,,
1623074000,,rtl,parser_ticket_we,780792,,,,,,,,0,0,,,,,,,,,,,,,,,,,,206192,,,0,,,,,,,,,,,,,,,1419,572,,,,,,,
1623076000,1,tlm,allocator_lane_action,,empty,,,,,,,,,,,,164192,,,,,,,,,,405769,79,79,,164192,,,0,,,,,,,,,,,,,,,,,,,,,,,
1623078000,,rtl,parser_ticket_we,780796,,,,,,,,0,0,,,,,,,,,,,,,,,,,,206144,,,0,,,,,,,,,,,,,,,588,239,,,,,,,
1623078000,,rtl,parser_ticket_we,780797,,,,,,,,0,0,,,,,,,,,,,,,,,,,,206368,,,0,,,,,,,,,,,,,,,1258,572,,,,,,,
1623082000,0,rtl,allocator_lane_action,780806,2,0,1,0,164224,1,79,0,0,1,0,,,,,,,,,,,,,,,,,,,,,,,,,,,,,,,,,,,,,,,,,,
1623082000,1,rtl,allocator_lane_action,780807,2,0,1,0,164224,0,79,0,0,1,0,,,,,,,,,,,,,,,,,,,,,,,,,,,,,,,,,,,,,,,,,,
1623082000,2,rtl,allocator_lane_action,780808,2,0,1,0,164224,0,79,0,0,1,0,,,,,,,,,,,,,,,,,,,,,,,,,,,,,,,,,,,,,,,,,,
1623082000,3,rtl,allocator_lane_action,780809,2,0,1,0,164224,0,79,0,0,1,0,,,,,,,,,,,,,,,,,,,,,,,,,,,,,,,,,,,,,,,,,,
1623082000,,rtl,parser_ticket_we,780802,,,,,,,,0,0,,,,,,,,,,,,,,,,,,206384,,,4,,,,,,,,,,,,,,,1502,248,,,,,,,
1623082000,,rtl,parser_ticket_we,780803,,,,,,,,0,0,,,,,,,,,,,,,,,,,,206384,,,0,,,,,,,,,,,,,,,1258,573,,,,,,,
1623082000,,rtl,parser_ticket_we,780804,,,,,,,,0,0,,,,,,,,,,,,,,,,,,206160,,,0,,,,,,,,,,,,,,,588,570,,,,,,,
1623084000,2,tlm,handle_accept,,,,,,,,,,,,,,164192,,,,,,,,,,405771,79,79,,164192,,,4,,,79,,,,,,,1,,,,,,,,,,,,,
1623086000,,rtl,parser_ticket_we,780813,,,,,,,,0,0,,,,,,,,,,,,,,,,,,206400,,,0,,,,,,,,,,,,,,,1258,574,,,,,,,
1623086000,,rtl,parser_ticket_we,780814,,,,,,,,0,0,,,,,,,,,,,,,,,,,,206400,,,0,,,,,,,,,,,,,,,1506,249,,,,,,,
1623090000,,rtl,parser_ticket_we,780819,,,,,,,,0,0,,,,,,,,,,,,,,,,,,206416,,,0,,,,,,,,,,,,,,,1258,575,,,,,,,
1623092000,3,tlm,allocator_lane_action,,empty,,,,,,,,,,,,164192,,,,,,,,,,405773,79,79,,164192,,,0,,,,,,,,,,,,,,,,,,,,,,,
1623094000,0,rtl,handle_accept,780824,,,,,,,,,,,,,,,,,,,,,,,,,,,164224,1266,37112,1,45,2025,0,,,,,,,,,,,,,,,,,,,,
1623094000,,rtl,parser_ticket_we,780823,,,,,,,,0,0,,,,,,,,,,,,,,,,,,206208,,,4,,,,,,,,,,,,,,,1419,573,,,,,,,
1623094000,,rtl,parser_ticket_we,780825,,,,,,,,0,0,,,,,,,,,,,,,,,,,,206432,,,0,,,,,,,,,,,,,,,1258,240,,,,,,,
1623098000,,rtl,parser_ticket_we,780828,,,,,,,,0,0,,,,,,,,,,,,,,,,,,206448,,,0,,,,,,,,,,,,,,,1258,241,,,,,,,
1623098000,,rtl,parser_ticket_we,780829,,,,,,,,0,0,,,,,,,,,,,,,,,,,,206224,,,0,,,,,,,,,,,,,,,1423,574,,,,,,,
1623102000,,rtl,parser_ticket_we,780834,,,,,,,,0,0,,,,,,,,,,,,,,,,,,206176,,,4,,,,,,,,,,,,,,,588,571,,,,,,,
1623102000,,rtl,parser_ticket_we,780835,,,,,,,,0,0,,,,,,,,,,,,,,,,,,206240,,,0,,,,,,,,,,,,,,,1423,575,,,,,,,
1623104000,2,tlm,credit_return,,,,,,,,,,,,,,,,,,,,,,,,405776,79,79,,164192,,,4,,,,,,,,,,0,2,6,,,,,,,,,,,
1623106000,,rtl,parser_ticket_we,780839,,,,,,,,0,0,,,,,,,,,,,,,,,,,,206464,,,1,,,,,,,,,,,,,,,1258,242,,,,,,,
1623106000,,rtl,parser_ticket_we,780840,,,,,,,,0,0,,,,,,,,,,,,,,,,,,206416,,,4,,,,,,,,,,,,,,,1506,586,,,,,,,
1623106000,,rtl,parser_ticket_we,780841,,,,,,,,0,0,,,,,,,,,,,,,,,,,,206256,,,0,,,,,,,,,,,,,,,1423,240,,,,,,,
1623110000,,rtl,parser_ticket_we,780846,,,,,,,,0,0,,,,,,,,,,,,,,,,,,206272,,,0,,,,,,,,,,,,,,,1423,241,,,,,,,
1623110000,,rtl,parser_ticket_we,780847,,,,,,,,0,0,,,,,,,,,,,,,,,,,,206480,,,0,,,,,,,,,,,,,,,1259,243,,,,,,,
1623114000,,rtl,parser_ticket_we,780852,,,,,,,,0,0,,,,,,,,,,,,,,,,,,206496,,,0,,,,,,,,,,,,,,,1259,244,,,,,,,
1623114000,,rtl,parser_ticket_we,780853,,,,,,,,0,0,,,,,,,,,,,,,,,,,,206288,,,0,,,,,,,,,,,,,,,1423,242,,,,,,,
1623118000,,rtl,parser_ticket_we,780858,,,,,,,,0,0,,,,,,,,,,,,,,,,,,206304,,,0,,,,,,,,,,,,,,,1423,243,,,,,,,
1623118000,,rtl,parser_ticket_we,780859,,,,,,,,0,0,,,,,,,,,,,,,,,,,,206512,,,0,,,,,,,,,,,,,,,1259,245,,,,,,,
1623122000,,rtl,parser_ticket_we,780863,,,,,,,,0,0,,,,,,,,,,,,,,,,,,206192,,,4,,,,,,,,,,,,,,,1420,572,,,,,,,
1623122000,,rtl,parser_ticket_we,780864,,,,,,,,0,0,,,,,,,,,,,,,,,,,,206528,,,0,,,,,,,,,,,,,,,1259,246,,,,,,,
1623122000,,rtl,parser_ticket_we,780865,,,,,,,,0,0,,,,,,,,,,,,,,,,,,206320,,,0,,,,,,,,,,,,,,,1423,244,,,,,,,
1623126000,,rtl,parser_ticket_we,780869,,,,,,,,0,0,,,,,,,,,,,,,,,,,,206336,,,0,,,,,,,,,,,,,,,1423,245,,,,,,,
1623126000,,rtl,parser_ticket_we,780870,,,,,,,,0,0,,,,,,,,,,,,,,,,,,206544,,,0,,,,,,,,,,,,,,,1259,247,,,,,,,
1623126000,,rtl,parser_ticket_we,780871,,,,,,,,0,0,,,,,,,,,,,,,,,,,,206208,,,0,,,,,,,,,,,,,,,590,573,,,,,,,
1623130000,,rtl,allocator_decision,780876,,,,,,,,,,,,idle_to_fetch,164240,15,15,15,15,0,0,0,0,4,,,,,,,,,,,,,,,,,,,,,,,,,,,,,,,
1623130000,,rtl,parser_ticket_we,780881,,,,,,,,0,0,,,,,,,,,,,,,,,,,,206224,,,0,,,,,,,,,,,,,,,590,574,,,,,,,
1623130000,,rtl,parser_ticket_we,780882,,,,,,,,0,0,,,,,,,,,,,,,,,,,,206560,,,0,,,,,,,,,,,,,,,1259,248,,,,,,,
1623130000,,rtl,parser_ticket_we,780883,,,,,,,,0,0,,,,,,,,,,,,,,,,,,206352,,,0,,,,,,,,,,,,,,,1423,246,,,,,,,
1623134000,,rtl,parser_ticket_we,780888,,,,,,,,0,0,,,,,,,,,,,,,,,,,,206368,,,0,,,,,,,,,,,,,,,1423,247,,,,,,,
1623134000,,rtl,parser_ticket_we,780889,,,,,,,,0,0,,,,,,,,,,,,,,,,,,206576,,,0,,,,,,,,,,,,,,,1259,249,,,,,,,
1623134000,,rtl,parser_ticket_we,780890,,,,,,,,0,0,,,,,,,,,,,,,,,,,,206240,,,0,,,,,,,,,,,,,,,590,575,,,,,,,
1623138000,,rtl,parser_ticket_we,780896,,,,,,,,0,0,,,,,,,,,,,,,,,,,,206256,,,0,,,,,,,,,,,,,,,590,240,,,,,,,
1623138000,,rtl,parser_ticket_we,780897,,,,,,,,0,0,,,,,,,,,,,,,,,,,,206592,,,0,,,,,,,,,,,,,,,1259,586,,,,,,,
1623138000,,rtl,parser_ticket_we,780898,,,,,,,,0,0,,,,,,,,,,,,,,,,,,206384,,,0,,,,,,,,,,,,,,,1423,248,,,,,,,
1623142000,0,rtl,credit_return,780906,,,,,,,,,,,,,,,,,,,,,,,,,,,,,,1,,,,mover_done,45,,,,,,,,,,,,,,,,,,
1623142000,,rtl,parser_ticket_we,780904,,,,,,,,0,0,,,,,,,,,,,,,,,,,,206432,,,8,,,,,,,,,,,,,,,1510,587,,,,,,,
1623142000,,rtl,parser_ticket_we,780907,,,,,,,,0,0,,,,,,,,,,,,,,,,,,206400,,,0,,,,,,,,,,,,,,,1423,249,,,,,,,
1623142000,,rtl,parser_ticket_we,780908,,,,,,,,0,0,,,,,,,,,,,,,,,,,,206608,,,0,,,,,,,,,,,,,,,1259,587,,,,,,,
1623142000,,rtl,parser_ticket_we,780909,,,,,,,,0,0,,,,,,,,,,,,,,,,,,206272,,,0,,,,,,,,,,,,,,,590,241,,,,,,,
1623146000,0,rtl,credit_return,780920,,,,,,,,,,,,,,,,,,,,,,,,,,,,,,1,,,,credit_return,45,,,,,,,,,,,,,,,,,,
1623146000,,rtl,parser_ticket_we,780914,,,,,,,,0,0,,,,,,,,,,,,,,,,,,206288,,,0,,,,,,,,,,,,,,,590,242,,,,,,,
1623146000,,rtl,parser_ticket_we,780915,,,,,,,,0,0,,,,,,,,,,,,,,,,,,206624,,,0,,,,,,,,,,,,,,,1259,588,,,,,,,
1623146000,,rtl,parser_ticket_we,780916,,,,,,,,0,0,,,,,,,,,,,,,,,,,,206416,,,0,,,,,,,,,,,,,,,1423,586,,,,,,,
1623146000,,rtl,parser_ticket_we,780917,,,,,,,,0,0,,,,,,,,,,,,,,,,,,206448,,,0,,,,,,,,,,,,,,,1518,588,,,,,,,
1623150000,,rtl,parser_ticket_we,780924,,,,,,,,0,0,,,,,,,,,,,,,,,,,,206464,,,0,,,,,,,,,,,,,,,1518,589,,,,,,,
1623150000,,rtl,parser_ticket_we,780925,,,,,,,,0,0,,,,,,,,,,,,,,,,,,206640,,,0,,,,,,,,,,,,,,,1259,589,,,,,,,
1623154000,,rtl,parser_ticket_we,780931,,,,,,,,0,0,,,,,,,,,,,,,,,,,,206656,,,0,,,,,,,,,,,,,,,1259,590,,,,,,,
1623158000,,rtl,parser_ticket_we,780935,,,,,,,,0,0,,,,,,,,,,,,,,,,,,206672,,,0,,,,,,,,,,,,,,,1259,591,,,,,,,
1623162000,2,rtl,controlled_ingress_predrop,780941,,,,,,,,,,,,,,,,,,,,,,,,,99,,206480,,,,,,,,,,,,,,,,,,,,4,1434,1,4,1,1,4
1623162000,,rtl,parser_ticket_we,780938,,,,,,,,0,0,,,,,,,,,,,,,,,,,,206688,,,0,,,,,,,,,,,,,,,1259,250,,,,,,,
1623166000,,rtl,parser_ticket_we,780942,,,,,,,,0,0,,,,,,,,,,,,,,,,,,206432,,,4,,,,,,,,,,,,,,,1423,587,,,,,,,
1623166000,,rtl,parser_ticket_we,780943,,,,,,,,0,0,,,,,,,,,,,,,,,,,,206304,,,4,,,,,,,,,,,,,,,590,243,,,,,,,
1623166000,,rtl,parser_ticket_we,780944,,,,,,,,0,0,,,,,,,,,,,,,,,,,,206704,,,0,,,,,,,,,,,,,,,1259,251,,,,,,,
1623170000,,rtl,parser_ticket_we,780947,,,,,,,,0,0,,,,,,,,,,,,,,,,,,206320,,,0,,,,,,,,,,,,,,,594,244,,,,,,,
1623170000,,rtl,parser_ticket_we,780948,,,,,,,,0,0,,,,,,,,,,,,,,,,,,206448,,,0,,,,,,,,,,,,,,,593,588,,,,,,,
1623174000,,rtl,parser_ticket_we,780953,,,,,,,,0,0,,,,,,,,,,,,,,,,,,206496,,,0,,,,,,,,,,,,,,,1518,590,,,,,,,
1623174000,,rtl,parser_ticket_we,780954,,,,,,,,0,0,,,,,,,,,,,,,,,,,,206464,,,0,,,,,,,,,,,,,,,593,589,,,,,,,
1623174000,,rtl,parser_ticket_we,780955,,,,,,,,0,0,,,,,,,,,,,,,,,,,,206336,,,0,,,,,,,,,,,,,,,594,245,,,,,,,
1623176000,,tlm,allocator_fetch,,,,,,,,,,,,,,164208,,,,,,,,,,405794,79,79,,,,,,,,,,,23,15,,,,,,,,,,,,,,,,
1623176000,0,tlm,allocator_lane_action,,empty,,,,,,,,,,,,164208,,,,,,,,,,405794,79,79,,164208,,,0,,,,,,,,,,,,,,,,,,,,,,,
1623176000,0,tlm,ticket_pop,,,,,,,,,,,,,,,,,,,,,,,,405794,79,79,,164208,,,0,,,,body,,,,1425,1426,,,,,,,,,,,,,,
1623176000,1,tlm,ticket_pop,,,,,,,,,,,,,,,,,,,,,,,,405794,79,79,,164208,,,0,,,,body,,,,1410,1411,,,,,,,,,,,,,,
1623176000,2,tlm,ticket_pop,,,,,,,,,,,,,,,,,,,,,,,,405794,79,79,,164208,,,0,,,,body,,,,1416,1417,,,,,,,,,,,,,,
1623176000,3,tlm,ticket_pop,,,,,,,,,,,,,,,,,,,,,,,,405794,79,79,,164208,,,0,,,,body,,,,1410,1411,,,,,,,,,,,,,,
1623178000,0,rtl,controlled_ingress_predrop,780963,,,,,,,,,,,,,,,,,,,,,,,,,99,,206720,,,,,,,,,,,,,,,,,,,,4,1430,1,4,1,1,4
1623178000,,rtl,parser_ticket_we,780960,,,,,,,,0,0,,,,,,,,,,,,,,,,,,206352,,,0,,,,,,,,,,,,,,,594,246,,,,,,,
1623178000,,rtl,parser_ticket_we,780961,,,,,,,,0,0,,,,,,,,,,,,,,,,,,206480,,,0,,,,,,,,,,,,,,,593,590,,,,,,,
1623182000,,rtl,parser_ticket_we,780967,,,,,,,,0,0,,,,,,,,,,,,,,,,,,206496,,,0,,,,,,,,,,,,,,,593,591,,,,,,,
1623184000,1,tlm,allocator_lane_action,,empty,,,,,,,,,,,,164208,,,,,,,,,,405796,79,79,,164208,,,0,,,,,,,,,,,,,,,,,,,,,,,
1623186000,2,rtl,controlled_ingress_predrop,780974,,,,,,,,,,,,,,,,,,,,,,,,,99,,206512,,,,,,,,,,,,,,,,,,,,4,1433,1,4,1,1,4
1623186000,,rtl,parser_ticket_we,780971,,,,,,,,0,0,,,,,,,,,,,,,,,,,,206368,,,1,,,,,,,,,,,,,,,594,247,,,,,,,
1623190000,0,rtl,allocator_lane_action,780977,2,0,1,0,164240,0,79,0,0,1,0,,,,,,,,,,,,,,,,,,,,,,,,,,,,,,,,,,,,,,,,,,
1623190000,1,rtl,allocator_lane_action,780978,2,0,1,0,164240,4,79,0,0,1,0,,,,,,,,,,,,,,,,,,,,,,,,,,,,,,,,,,,,,,,,,,
1623190000,2,rtl,allocator_lane_action,780979,2,0,1,0,164240,0,79,0,0,1,0,,,,,,,,,,,,,,,,,,,,,,,,,,,,,,,,,,,,,,,,,,
1623190000,3,rtl,allocator_lane_action,780980,2,0,1,0,164240,4,79,0,0,1,0,,,,,,,,,,,,,,,,,,,,,,,,,,,,,,,,,,,,,,,,,,
1623190000,,rtl,parser_ticket_we,780975,,,,,,,,0,0,,,,,,,,,,,,,,,,,,206736,,,0,,,,,,,,,,,,,,,1259,252,,,,,,,
1623190000,,rtl,parser_ticket_we,780981,,,,,,,,0,0,,,,,,,,,,,,,,,,,,206384,,,0,,,,,,,,,,,,,,,595,248,,,,,,,
1623192000,2,tlm,allocator_lane_action,,empty,,,,,,,,,,,,164208,,,,,,,,,,405798,79,79,,164208,,,0,,,,,,,,,,,,,,,,,,,,,,,
1623194000,,rtl,parser_ticket_we,780985,,,,,,,,0,0,,,,,,,,,,,,,,,,,,206400,,,0,,,,,,,,,,,,,,,595,249,,,,,,,
1623194000,,rtl,parser_ticket_we,780986,,,,,,,,0,0,,,,,,,,,,,,,,,,,,206752,,,0,,,,,,,,,,,,,,,1259,253,,,,,,,
1623198000,,rtl,parser_ticket_we,780990,,,,,,,,0,0,,,,,,,,,,,,,,,,,,206528,,,0,,,,,,,,,,,,,,,1518,591,,,,,,,
1623198000,,rtl,parser_ticket_we,780991,,,,,,,,0,0,,,,,,,,,,,,,,,,,,206416,,,0,,,,,,,,,,,,,,,595,586,,,,,,,
1623200000,3,tlm,allocator_lane_action,,empty,,,,,,,,,,,,164208,,,,,,,,,,405800,79,79,,164208,,,0,,,,,,,,,,,,,,,,,,,,,,,
1623202000,,rtl,parser_ticket_we,780996,,,,,,,,0,0,,,,,,,,,,,,,,,,,,206512,,,4,,,,,,,,,,,,,,,593,250,,,,,,,
1623202000,,rtl,parser_ticket_we,780997,,,,,,,,0,0,,,,,,,,,,,,,,,,,,206544,,,0,,,,,,,,,,,,,,,1518,250,,,,,,,
1623206000,0,rtl,controlled_ingress_predrop,781004,,,,,,,,,,,,,,,,,,,,,,,,,99,,206768,,,,,,,,,,,,,,,,,,,,4,1429,1,4,1,1,4
1623206000,,rtl,parser_ticket_we,781001,,,,,,,,0,0,,,,,,,,,,,,,,,,,,206560,,,0,,,,,,,,,,,,,,,1518,251,,,,,,,
1623206000,,rtl,parser_ticket_we,781002,,,,,,,,0,0,,,,,,,,,,,,,,,,,,206528,,,0,,,,,,,,,,,,,,,597,251,,,,,,,
1623210000,1,rtl,handle_accept,781007,,,,,,,,,,,,,,,,,,,,,,,,,,,164240,606,37114,4,29,2026,0,,,,,,,,,,,,,,,,,,,,
1623210000,,rtl,parser_ticket_we,781008,,,,,,,,0,0,,,,,,,,,,,,,,,,,,206576,,,0,,,,,,,,,,,,,,,1518,252,,,,,,,
1623214000,,rtl,parser_ticket_we,781012,,,,,,,,0,0,,,,,,,,,,,,,,,,,,206592,,,0,,,,,,,,,,,,,,,1518,253,,,,,,,
1623218000,,rtl,parser_ticket_we,781016,,,,,,,,0,0,,,,,,,,,,,,,,,,,,206784,,,0,,,,,,,,,,,,,,,1259,254,,,,,,,
1623218000,,rtl,parser_ticket_we,781017,,,,,,,,0,0,,,,,,,,,,,,,,,,,,206432,,,4,,,,,,,,,,,,,,,595,587,,,,,,,
1623218000,,rtl,parser_ticket_we,781018,,,,,,,,0,0,,,,,,,,,,,,,,,,,,206608,,,0,,,,,,,,,,,,,,,1518,254,,,,,,,
1623222000,,rtl,parser_ticket_we,781022,,,,,,,,0,0,,,,,,,,,,,,,,,,,,206448,,,0,,,,,,,,,,,,,,,599,588,,,,,,,
1623222000,,rtl,parser_ticket_we,781023,,,,,,,,0,0,,,,,,,,,,,,,,,,,,206800,,,0,,,,,,,,,,,,,,,1259,255,,,,,,,
1623226000,3,rtl,handle_accept,781029,,,,,,,,,,,,,,,,,,,,,,,,,,,164240,1533,37118,4,6,2026,4,,,,,,,,,,,,,,,,,,,,
1623226000,,rtl,parser_ticket_we,781030,,,,,,,,0,0,,,,,,,,,,,,,,,,,,206544,,,4,,,,,,,,,,,,,,,597,252,,,,,,,
1623226000,,rtl,parser_ticket_we,781031,,,,,,,,0,0,,,,,,,,,,,,,,,,,,206816,,,0,,,,,,,,,,,,,,,1259,256,,,,,,,
1623226000,,rtl,parser_ticket_we,781032,,,,,,,,0,0,,,,,,,,,,,,,,,,,,206464,,,0,,,,,,,,,,,,,,,599,589,,,,,,,
1623230000,2,rtl,controlled_ingress_predrop,781042,,,,,,,,,,,,,,,,,,,,,,,,,99,,206624,,,,,,,,,,,,,,,,,,,,4,1428,1,4,1,1,4
1623230000,,rtl,parser_ticket_we,781036,,,,,,,,0,0,,,,,,,,,,,,,,,,,,206480,,,0,,,,,,,,,,,,,,,599,590,,,,,,,
1623230000,,rtl,parser_ticket_we,781037,,,,,,,,0,0,,,,,,,,,,,,,,,,,,206560,,,0,,,,,,,,,,,,,,,1435,253,,,,,,,
1623234000,,rtl,parser_ticket_we,781045,,,,,,,,0,0,,,,,,,,,,,,,,,,,,206576,,,0,,,,,,,,,,,,,,,1435,254,,,,,,,
1623234000,,rtl,parser_ticket_we,781046,,,,,,,,0,0,,,,,,,,,,,,,,,,,,206496,,,0,,,,,,,,,,,,,,,599,591,,,,,,,
1623238000,,rtl,allocator_decision,781050,,,,,,,,,,,,idle_to_fetch,164256,15,15,15,15,0,0,0,0,5,,,,,,,,,,,,,,,,,,,,,,,,,,,,,,,
1623238000,0,rtl,controlled_ingress_predrop,781057,,,,,,,,,,,,,,,,,,,,,,,,,99,,206832,,,,,,,,,,,,,,,,,,,,4,1426,1,4,1,1,4
1623238000,,rtl,parser_ticket_we,781055,,,,,,,,0,0,,,,,,,,,,,,,,,,,,206512,,,0,,,,,,,,,,,,,,,599,250,,,,,,,
1623242000,,rtl,parser_ticket_we,781061,,,,,,,,0,0,,,,,,,,,,,,,,,,,,206528,,,0,,,,,,,,,,,,,,,599,251,,,,,,,
1623246000,,rtl,parser_ticket_we,781065,,,,,,,,0,0,,,,,,,,,,,,,,,,,,206544,,,0,,,,,,,,,,,,,,,599,252,,,,,,,
1623250000,2,rtl,controlled_ingress_predrop,781071,,,,,,,,,,,,,,,,,,,,,,,,,99,,206640,,,,,,,,,,,,,,,,,,,,4,1428,1,4,1,1,4
1623250000,,rtl,parser_ticket_we,781069,,,,,,,,0,0,,,,,,,,,,,,,,,,,,206560,,,0,,,,,,,,,,,,,,,599,253,,,,,,,
1623254000,,rtl,parser_ticket_we,781073,,,,,,,,0,0,,,,,,,,,,,,,,,,,,206592,,,4,,,,,,,,,,,,,,,1435,255,,,,,,,
1623254000,,rtl,parser_ticket_we,781074,,,,,,,,0,0,,,,,,,,,,,,,,,,,,206576,,,0,,,,,,,,,,,,,,,599,254,,,,,,,
1623258000,,rtl,parser_ticket_we,781078,,,,,,,,0,0,,,,,,,,,,,,,,,,,,206608,,,0,,,,,,,,,,,,,,,1439,256,,,,,,,
1623262000,,rtl,parser_ticket_we,781083,,,,,,,,0,0,,,,,,,,,,,,,,,,,,206656,,,0,,,,,,,,,,,,,,,1518,255,,,,,,,
1623262000,,rtl,parser_ticket_we,781085,,,,,,,,0,0,,,,,,,,,,,,,,,,,,206624,,,0,,,,,,,,,,,,,,,1439,257,,,,,,,
1623266000,,rtl,parser_ticket_we,781090,,,,,,,,0,0,,,,,,,,,,,,,,,,,,206640,,,0,,,,,,,,,,,,,,,1439,258,,,,,,,
1623266000,,rtl,parser_ticket_we,781092,,,,,,,,0,0,,,,,,,,,,,,,,,,,,206672,,,0,,,,,,,,,,,,,,,1518,256,,,,,,,
1623270000,,rtl,parser_ticket_we,781097,,,,,,,,0,0,,,,,,,,,,,,,,,,,,206688,,,0,,,,,,,,,,,,,,,1518,257,,,,,,,
1623270000,,rtl,parser_ticket_we,781099,,,,,,,,0,0,,,,,,,,,,,,,,,,,,206656,,,0,,,,,,,,,,,,,,,1439,259,,,,,,,
1623274000,1,rtl,credit_return,781107,,,,,,,,,,,,,,,,,,,,,,,,,,,,,,4,,,,mover_done,29,,,,,,,,,,,,,,,,,,
1623274000,,rtl,parser_ticket_we,781104,,,,,,,,0,0,,,,,,,,,,,,,,,,,,206592,,,4,,,,,,,,,,,,,,,599,255,,,,,,,
1623274000,,rtl,parser_ticket_we,781105,,,,,,,,0,0,,,,,,,,,,,,,,,,,,206672,,,0,,,,,,,,,,,,,,,1439,602,,,,,,,
1623274000,,rtl,parser_ticket_we,781108,,,,,,,,0,0,,,,,,,,,,,,,,,,,,206704,,,0,,,,,,,,,,,,,,,1518,258,,,,,,,
1623278000,1,rtl,credit_return,781117,,,,,,,,,,,,,,,,,,,,,,,,,,,,,,4,,,,credit_return,29,,,,,,,,,,,,,,,,,,
1623278000,,rtl,parser_ticket_we,781112,,,,,,,,0,0,,,,,,,,,,,,,,,,,,206720,,,0,,,,,,,,,,,,,,,1518,259,,,,,,,
1623278000,,rtl,parser_ticket_we,781113,,,,,,,,0,0,,,,,,,,,,,,,,,,,,206688,,,0,,,,,,,,,,,,,,,1439,603,,,,,,,
1623278000,,rtl,parser_ticket_we,781114,,,,,,,,0,0,,,,,,,,,,,,,,,,,,206608,,,0,,,,,,,,,,,,,,,1437,256,,,,,,,
1623280000,,tlm,allocator_fetch,,,,,,,,,,,,,,164224,,,,,,,,,,405820,79,79,,,,,,,,,,,24,15,,,,,,,,,,,,,,,,
1623280000,0,tlm,handle_accept,,,,,,,,,,,,,,164224,,,,,,,,,,405820,79,79,,164224,,,1,,,81,,,,,,,1,,,,,,,,,,,,,
1623280000,0,tlm,ticket_pop,,,,,,,,,,,,,,,,,,,,,,,,405820,79,79,,164224,,,1,,,,body,,,,1426,1427,,,,,,,,,,,,,,
1623280000,1,tlm,ticket_pop,,,,,,,,,,,,,,,,,,,,,,,,405820,79,79,,164224,,,0,,,,body,,,,1411,1412,,,,,,,,,,,,,,
1623280000,2,tlm,ticket_pop,,,,,,,,,,,,,,,,,,,,,,,,405820,79,79,,164224,,,0,,,,body,,,,1417,1418,,,,,,,,,,,,,,
1623280000,3,tlm,ticket_pop,,,,,,,,,,,,,,,,,,,,,,,,405820,79,79,,164224,,,0,,,,body,,,,1411,1412,,,,,,,,,,,,,,
1623282000,,rtl,parser_ticket_we,781120,,,,,,,,0,0,,,,,,,,,,,,,,,,,,206624,,,0,,,,,,,,,,,,,,,1437,257,,,,,,,
1623282000,,rtl,parser_ticket_we,781121,,,,,,,,0,0,,,,,,,,,,,,,,,,,,206704,,,0,,,,,,,,,,,,,,,1439,604,,,,,,,
1623282000,,rtl,parser_ticket_we,781122,,,,,,,,0,0,,,,,,,,,,,,,,,,,,206736,,,0,,,,,,,,,,,,,,,1518,602,,,,,,,
1623286000,,rtl,parser_ticket_we,781127,,,,,,,,0,0,,,,,,,,,,,,,,,,,,206640,,,0,,,,,,,,,,,,,,,1437,258,,,,,,,
1623288000,1,tlm,allocator_lane_action,,empty,,,,,,,,,,,,164224,,,,,,,,,,405822,79,79,,164224,,,0,,,,,,,,,,,,,,,,,,,,,,,
1623288000,0,tlm,credit_return,,,,,,,,,,,,,,,,,,,,,,,,405822,79,79,,164224,,,1,,,,,,,,,,0,3,4,,,,,,,,,,,
1623290000,,rtl,parser_ticket_we,781132,,,,,,,,0,0,,,,,,,,,,,,,,,,,,206656,,,0,,,,,,,,,,,,,,,1437,259,,,,,,,
1623294000,2,rtl,controlled_ingress_predrop,781137,,,,,,,,,,,,,,,,,,,,,,,,,99,,206752,,,,,,,,,,,,,,,,,,,,4,1422,1,4,1,1,4
1623294000,,rtl,parser_ticket_we,781135,,,,,,,,0,0,,,,,,,,,,,,,,,,,,206672,,,0,,,,,,,,,,,,,,,1437,602,,,,,,,
1623296000,2,tlm,allocator_lane_action,,empty,,,,,,,,,,,,164224,,,,,,,,,,405824,79,79,,164224,,,0,,,,,,,,,,,,,,,,,,,,,,,
1623298000,0,rtl,allocator_lane_action,781142,2,0,1,0,164256,0,79,0,0,1,0,,,,,,,,,,,,,,,,,,,,,,,,,,,,,,,,,,,,,,,,,,
1623298000,1,rtl,allocator_lane_action,781143,2,0,1,0,164256,0,79,0,0,1,0,,,,,,,,,,,,,,,,,,,,,,,,,,,,,,,,,,,,,,,,,,
1623298000,2,rtl,allocator_lane_action,781144,2,0,1,0,164256,0,79,0,0,1,0,,,,,,,,,,,,,,,,,,,,,,,,,,,,,,,,,,,,,,,,,,
1623298000,3,rtl,allocator_lane_action,781145,2,0,1,0,164256,0,79,0,0,1,0,,,,,,,,,,,,,,,,,,,,,,,,,,,,,,,,,,,,,,,,,,
1623298000,,rtl,parser_ticket_we,781140,,,,,,,,0,0,,,,,,,,,,,,,,,,,,206688,,,0,,,,,,,,,,,,,,,1437,603,,,,,,,
1623302000,,rtl,parser_ticket_we,781149,,,,,,,,0,0,,,,,,,,,,,,,,,,,,206720,,,4,,,,,,,,,,,,,,,1439,605,,,,,,,
1623302000,,rtl,parser_ticket_we,781151,,,,,,,,0,0,,,,,,,,,,,,,,,,,,206704,,,0,,,,,,,,,,,,,,,1437,604,,,,,,,
1623304000,3,tlm,allocator_lane_action,,empty,,,,,,,,,,,,164224,,,,,,,,,,405826,79,79,,164224,,,0,,,,,,,,,,,,,,,,,,,,,,,
1623306000,,rtl,parser_ticket_we,781155,,,,,,,,0,0,,,,,,,,,,,,,,,,,,206768,,,0,,,,,,,,,,,,,,,1518,603,,,,,,,
1623306000,,rtl,parser_ticket_we,781156,,,,,,,,0,0,,,,,,,,,,,,,,,,,,206720,,,0,,,,,,,,,,,,,,,1437,605,,,,,,,
1623310000,,rtl,parser_ticket_we,781164,,,,,,,,0,0,,,,,,,,,,,,,,,,,,206736,,,0,,,,,,,,,,,,,,,1437,606,,,,,,,
1623310000,,rtl,parser_ticket_we,781165,,,,,,,,0,0,,,,,,,,,,,,,,,,,,206784,,,0,,,,,,,,,,,,,,,1518,604,,,,,,,
1623314000,3,rtl,credit_return,781172,,,,,,,,,,,,,,,,,,,,,,,,,,,,,,4,,,,mover_done,6,,,,,,,,,,,,,,,,,,
1623314000,,rtl,parser_ticket_we,781170,,,,,,,,0,0,,,,,,,,,,,,,,,,,,206800,,,0,,,,,,,,,,,,,,,1518,605,,,,,,,
1623318000,3,rtl,credit_return,781178,,,,,,,,,,,,,,,,,,,,,,,,,,,,,,4,,,,credit_return,6,,,,,,,,,,,,,,,,,,
1623322000,,rtl,parser_ticket_we,781179,,,,,,,,0,0,,,,,,,,,,,,,,,,,,206816,,,1,,,,,,,,,,,,,,,1518,606,,,,,,,
1623322000,,rtl,parser_ticket_we,781180,,,,,,,,0,0,,,,,,,,,,,,,,,,,,206736,,,4,,,,,,,,,,,,,,,1443,606,,,,,,,
1623326000,,rtl,parser_ticket_we,781182,,,,,,,,0,0,,,,,,,,,,,,,,,,,,206752,,,0,,,,,,,,,,,,,,,1447,607,,,,,,,
1623326000,,rtl,parser_ticket_we,781183,,,,,,,,0,0,,,,,,,,,,,,,,,,,,206832,,,0,,,,,,,,,,,,,,,1519,607,,,,,,,
1623330000,,rtl,parser_ticket_we,781187,,,,,,,,0,0,,,,,,,,,,,,,,,,,,206752,,,4,,,,,,,,,,,,,,,1437,607,,,,,,,
1623330000,,rtl,parser_ticket_we,781188,,,,,,,,0,0,,,,,,,,,,,,,,,,,,206768,,,0,,,,,,,,,,,,,,,1447,260,,,,,,,
1623334000,,rtl,parser_ticket_we,781191,,,,,,,,0,0,,,,,,,,,,,,,,,,,,206784,,,0,,,,,,,,,,,,,,,1447,261,,,,,,,
1623338000,,rtl,parser_ticket_we,781195,,,,,,,,0,0,,,,,,,,,,,,,,,,,,206800,,,0,,,,,,,,,,,,,,,1447,262,,,,,,,
1623342000,,rtl,allocator_decision,781198,,,,,,,,,,,,idle_to_fetch,164272,15,15,15,15,0,0,0,0,8,,,,,,,,,,,,,,,,,,,,,,,,,,,,,,,
1623342000,,rtl,parser_ticket_we,781203,,,,,,,,0,0,,,,,,,,,,,,,,,,,,206816,,,0,,,,,,,,,,,,,,,1447,263,,,,,,,
1623346000,,rtl,parser_ticket_we,781206,,,,,,,,0,0,,,,,,,,,,,,,,,,,,206832,,,0,,,,,,,,,,,,,,,1447,264,,,,,,,
1623350000,,rtl,parser_ticket_we,781209,,,,,,,,0,0,,,,,,,,,,,,,,,,,,206768,,,4,,,,,,,,,,,,,,,1441,260,,,,,,,
1623354000,,rtl,parser_ticket_we,781211,,,,,,,,0,0,,,,,,,,,,,,,,,,,,206784,,,0,,,,,,,,,,,,,,,1445,261,,,,,,,
1623362000,,rtl,parser_ticket_we,781216,,,,,,,,0,0,,,,,,,,,,,,,,,,,,206800,,,1,,,,,,,,,,,,,,,1445,262,,,,,,,
1623382000,,rtl,parser_ticket_we,781223,,,,,,,,0,0,,,,,,,,,,,,,,,,,,206816,,,4,,,,,,,,,,,,,,,1446,263,,,,,,,
1623386000,,rtl,parser_ticket_we,781225,,,,,,,,0,0,,,,,,,,,,,,,,,,,,206832,,,0,,,,,,,,,,,,,,,1450,264,,,,,,,
1623388000,,tlm,allocator_fetch,,,,,,,,,,,,,,164240,,,,,,,,,,405847,79,79,,,,,,,,,,,25,15,,,,,,,,,,,,,,,,
1623388000,0,tlm,allocator_lane_action,,empty,,,,,,,,,,,,164240,,,,,,,,,,405847,79,79,,164240,,,0,,,,,,,,,,,,,,,,,,,,,,,
1623388000,0,tlm,ticket_pop,,,,,,,,,,,,,,,,,,,,,,,,405847,79,79,,164240,,,0,,,,body,,,,1427,1428,,,,,,,,,,,,,,
1623388000,1,tlm,ticket_pop,,,,,,,,,,,,,,,,,,,,,,,,405847,79,79,,164240,,,4,,,,body,,,,1412,1413,,,,,,,,,,,,,,
1623388000,2,tlm,ticket_pop,,,,,,,,,,,,,,,,,,,,,,,,405847,79,79,,164240,,,0,,,,body,,,,1418,1419,,,,,,,,,,,,,,
1623388000,3,tlm,ticket_pop,,,,,,,,,,,,,,,,,,,,,,,,405847,79,79,,164240,,,4,,,,body,,,,1412,1413,,,,,,,,,,,,,,
1623396000,1,tlm,handle_accept,,,,,,,,,,,,,,164240,,,,,,,,,,405849,79,79,,164240,,,4,,,86,,,,,,,1,,,,,,,,,,,,,
1623402000,0,rtl,allocator_lane_action,781232,2,0,1,0,164272,0,79,0,0,1,0,,,,,,,,,,,,,,,,,,,,,,,,,,,,,,,,,,,,,,,,,,
1623402000,1,rtl,allocator_lane_action,781233,2,0,1,0,164272,0,79,0,0,1,0,,,,,,,,,,,,,,,,,,,,,,,,,,,,,,,,,,,,,,,,,,
1623402000,2,rtl,allocator_lane_action,781234,2,0,1,0,164272,0,79,0,0,1,0,,,,,,,,,,,,,,,,,,,,,,,,,,,,,,,,,,,,,,,,,,
1623402000,3,rtl,allocator_lane_action,781235,2,0,1,0,164272,4,79,0,0,1,0,,,,,,,,,,,,,,,,,,,,,,,,,,,,,,,,,,,,,,,,,,
1623404000,2,tlm,allocator_lane_action,,empty,,,,,,,,,,,,164240,,,,,,,,,,405851,79,79,,164240,,,0,,,,,,,,,,,,,,,,,,,,,,,
1623412000,3,tlm,handle_accept,,,,,,,,,,,,,,164240,,,,,,,,,,405853,79,79,,164240,,,4,,,90,,,,,,,1,,,,,,,,,,,,,
1623416000,1,tlm,credit_return,,,,,,,,,,,,,,,,,,,,,,,,405854,79,79,,164240,,,4,,,,,,,,,,0,93,97,,,,,,,,,,,
1623438000,3,rtl,handle_accept,781245,,,,,,,,,,,,,,,,,,,,,,,,,,,164272,601,9103,4,7,2028,0,,,,,,,,,,,,,,,,,,,,
1623444000,3,tlm,credit_return,,,,,,,,,,,,,,,,,,,,,,,,405861,79,79,,164240,,,4,,,,,,,,,,0,81,85,,,,,,,,,,,
1623450000,,rtl,allocator_decision,781250,,,,,,,,,,,,idle_to_fetch,164288,15,15,15,15,0,0,0,0,0,,,,,,,,,,,,,,,,,,,,,,,,,,,,,,,
1623496000,,tlm,allocator_fetch,,,,,,,,,,,,,,164256,,,,,,,,,,405874,79,79,,,,,,,,,,,26,15,,,,,,,,,,,,,,,,
1623496000,0,tlm,allocator_lane_action,,empty,,,,,,,,,,,,164256,,,,,,,,,,405874,79,79,,164256,,,0,,,,,,,,,,,,,,,,,,,,,,,
1623496000,0,tlm,ticket_pop,,,,,,,,,,,,,,,,,,,,,,,,405874,79,79,,164256,,,0,,,,body,,,,1428,1429,,,,,,,,,,,,,,
1623496000,1,tlm,ticket_pop,,,,,,,,,,,,,,,,,,,,,,,,405874,79,79,,164256,,,0,,,,body,,,,1413,1414,,,,,,,,,,,,,,
1623496000,2,tlm,ticket_pop,,,,,,,,,,,,,,,,,,,,,,,,405874,79,79,,164256,,,0,,,,body,,,,1419,1420,,,,,,,,,,,,,,
1623496000,3,tlm,ticket_pop,,,,,,,,,,,,,,,,,,,,,,,,405874,79,79,,164256,,,0,,,,body,,,,1413,1414,,,,,,,,,,,,,,
1623498000,3,rtl,credit_return,781278,,,,,,,,,,,,,,,,,,,,,,,,,,,,,,4,,,,mover_done,7,,,,,,,,,,,,,,,,,,
1623502000,3,rtl,credit_return,781281,,,,,,,,,,,,,,,,,,,,,,,,,,,,,,4,,,,credit_return,7,,,,,,,,,,,,,,,,,,
1623504000,1,tlm,allocator_lane_action,,empty,,,,,,,,,,,,164256,,,,,,,,,,405876,79,79,,164256,,,0,,,,,,,,,,,,,,,,,,,,,,,
1623510000,0,rtl,allocator_lane_action,781284,2,0,1,0,164288,0,79,0,0,1,0,,,,,,,,,,,,,,,,,,,,,,,,,,,,,,,,,,,,,,,,,,
1623510000,1,rtl,allocator_lane_action,781285,2,0,1,0,164288,0,79,0,0,1,0,,,,,,,,,,,,,,,,,,,,,,,,,,,,,,,,,,,,,,,,,,
1623510000,2,rtl,allocator_lane_action,781286,2,0,1,0,164288,0,79,0,0,1,0,,,,,,,,,,,,,,,,,,,,,,,,,,,,,,,,,,,,,,,,,,
1623510000,3,rtl,allocator_lane_action,781287,2,0,1,0,164288,0,79,0,0,1,0,,,,,,,,,,,,,,,,,,,,,,,,,,,,,,,,,,,,,,,,,,
1623512000,2,tlm,allocator_lane_action,,empty,,,,,,,,,,,,164256,,,,,,,,,,405878,79,79,,164256,,,0,,,,,,,,,,,,,,,,,,,,,,,
1623520000,3,tlm,allocator_lane_action,,empty,,,,,,,,,,,,164256,,,,,,,,,,405880,79,79,,164256,,,0,,,,,,,,,,,,,,,,,,,,,,,
1623554000,,rtl,allocator_decision,781299,,,,,,,,,,,,idle_to_fetch,164304,15,15,15,15,0,0,0,0,0,,,,,,,,,,,,,,,,,,,,,,,,,,,,,,,
1623600000,,tlm,allocator_fetch,,,,,,,,,,,,,,164272,,,,,,,,,,405900,79,79,,,,,,,,,,,27,15,,,,,,,,,,,,,,,,
1623600000,0,tlm,allocator_lane_action,,empty,,,,,,,,,,,,164272,,,,,,,,,,405900,79,79,,164272,,,0,,,,,,,,,,,,,,,,,,,,,,,
1623600000,0,tlm,ticket_pop,,,,,,,,,,,,,,,,,,,,,,,,405900,79,79,,164272,,,0,,,,body,,,,1429,1430,,,,,,,,,,,,,,
1623600000,1,tlm,ticket_pop,,,,,,,,,,,,,,,,,,,,,,,,405900,79,79,,164272,,,0,,,,body,,,,1414,1415,,,,,,,,,,,,,,
1623600000,2,tlm,ticket_pop,,,,,,,,,,,,,,,,,,,,,,,,405900,79,79,,164272,,,0,,,,body,,,,1420,1421,,,,,,,,,,,,,,
1623600000,3,tlm,ticket_pop,,,,,,,,,,,,,,,,,,,,,,,,405900,79,79,,164272,,,4,,,,body,,,,1414,1415,,,,,,,,,,,,,,
1623608000,1,tlm,allocator_lane_action,,empty,,,,,,,,,,,,164272,,,,,,,,,,405902,79,79,,164272,,,0,,,,,,,,,,,,,,,,,,,,,,,
1623614000,0,rtl,allocator_lane_action,781320,2,0,1,0,164304,5,79,0,0,1,0,,,,,,,,,,,,,,,,,,,,,,,,,,,,,,,,,,,,,,,,,,
1623614000,1,rtl,allocator_lane_action,781321,2,0,1,0,164304,0,79,0,0,1,0,,,,,,,,,,,,,,,,,,,,,,,,,,,,,,,,,,,,,,,,,,
1623614000,2,rtl,allocator_lane_action,781322,2,0,1,0,164304,0,79,0,0,1,0,,,,,,,,,,,,,,,,,,,,,,,,,,,,,,,,,,,,,,,,,,
1623614000,3,rtl,allocator_lane_action,781323,2,0,1,0,164304,0,79,0,0,1,0,,,,,,,,,,,,,,,,,,,,,,,,,,,,,,,,,,,,,,,,,,
