source,stage,cycle,time_ps,frame,serial,running_ts,allocator_next_cycle,lane,line,action,masked,credit,reactivate,fetch_ts,block_len,body_serial,sop,eop,tail_ready,tail_dropped,decision,frame_lane_active,pending,pending_lane,q_valid,tk_sop,tk_curr,tk_future,tk_past,ingress_busy,current_shd_idx,pending_mask,timestamp,hit_count,kind,ticket_credit_before,ticket_credit_after,src,dst,handle_wptr,ticket_rptr,page_len_next,ptr,handle_depth,lane_credit_before,lane_credit_after,effective_lane_credit,lane_start,next_ticket_wptr,drop_reason,lane_credit,ticket_credit,pre_shd,pre_hit,valid,shd,hit
tlm,future_gap_advance,379921,1519684000,75,75,155264,379947,,,,,,,,,,,,,,,,,,,,,,,,,,,,,,,,,,,,,,,,,,,,,,,,,,
rtl,allocator_lane_action,,1519726000,,,,,0,686141,0,1,0,0,155648,0,75,0,0,1,0,,,,,,,,,,,,,,,,,,,,,,,,,,,,,,,,,,,,,
rtl,allocator_lane_action,,1519726000,,,,,1,686142,0,1,0,0,155648,0,75,0,0,1,0,,,,,,,,,,,,,,,,,,,,,,,,,,,,,,,,,,,,,
rtl,allocator_lane_action,,1519726000,,,,,2,686143,0,1,0,0,155648,0,75,0,0,1,0,,,,,,,,,,,,,,,,,,,,,,,,,,,,,,,,,,,,,
rtl,allocator_lane_action,,1519726000,,,,,3,686144,0,1,0,0,155648,0,75,0,0,1,0,,,,,,,,,,,,,,,,,,,,,,,,,,,,,,,,,,,,,
rtl,allocator_decision,,1519770000,,,155296,,,686156,,,,,,,,,,,,idle_to_fetch,15,15,15,15,0,0,15,0,0,,,,,,,,,,,,,,,,,,,,,,,,,,,
tlm,future_gap_advance,379947,1519788000,75,75,155280,379973,,,,,,,,,,,,,,,,,,,,,,,,,,,,,,,,,,,,,,,,,,,,,,,,,,
rtl,allocator_lane_action,,1519830000,,,,,0,686177,0,1,0,0,155648,0,75,0,0,1,0,,,,,,,,,,,,,,,,,,,,,,,,,,,,,,,,,,,,,
rtl,allocator_lane_action,,1519830000,,,,,1,686178,0,1,0,0,155648,0,75,0,0,1,0,,,,,,,,,,,,,,,,,,,,,,,,,,,,,,,,,,,,,
rtl,allocator_lane_action,,1519830000,,,,,2,686179,0,1,0,0,155648,0,75,0,0,1,0,,,,,,,,,,,,,,,,,,,,,,,,,,,,,,,,,,,,,
rtl,allocator_lane_action,,1519830000,,,,,3,686180,0,1,0,0,155648,0,75,0,0,1,0,,,,,,,,,,,,,,,,,,,,,,,,,,,,,,,,,,,,,
rtl,allocator_decision,,1519874000,,,155312,,,686192,,,,,,,,,,,,idle_to_fetch,15,15,15,15,0,0,15,0,0,,,,,,,,,,,,,,,,,,,,,,,,,,,
tlm,future_gap_advance,379973,1519892000,75,75,155296,379999,,,,,,,,,,,,,,,,,,,,,,,,,,,,,,,,,,,,,,,,,,,,,,,,,,
rtl,allocator_lane_action,,1519934000,,,,,0,686213,0,1,0,0,155648,0,75,0,0,1,0,,,,,,,,,,,,,,,,,,,,,,,,,,,,,,,,,,,,,
rtl,allocator_lane_action,,1519934000,,,,,1,686214,0,1,0,0,155648,0,75,0,0,1,0,,,,,,,,,,,,,,,,,,,,,,,,,,,,,,,,,,,,,
rtl,allocator_lane_action,,1519934000,,,,,2,686215,0,1,0,0,155648,0,75,0,0,1,0,,,,,,,,,,,,,,,,,,,,,,,,,,,,,,,,,,,,,
rtl,allocator_lane_action,,1519934000,,,,,3,686216,0,1,0,0,155648,0,75,0,0,1,0,,,,,,,,,,,,,,,,,,,,,,,,,,,,,,,,,,,,,
rtl,allocator_decision,,1519978000,,,155328,,,686228,,,,,,,,,,,,idle_to_fetch,15,15,15,15,0,0,15,0,0,,,,,,,,,,,,,,,,,,,,,,,,,,,
tlm,future_gap_advance,379999,1519996000,75,75,155312,380025,,,,,,,,,,,,,,,,,,,,,,,,,,,,,,,,,,,,,,,,,,,,,,,,,,
rtl,allocator_lane_action,,1520038000,,,,,0,686249,0,1,0,0,155648,0,75,0,0,1,0,,,,,,,,,,,,,,,,,,,,,,,,,,,,,,,,,,,,,
rtl,allocator_lane_action,,1520038000,,,,,1,686250,0,1,0,0,155648,0,75,0,0,1,0,,,,,,,,,,,,,,,,,,,,,,,,,,,,,,,,,,,,,
rtl,allocator_lane_action,,1520038000,,,,,2,686251,0,1,0,0,155648,0,75,0,0,1,0,,,,,,,,,,,,,,,,,,,,,,,,,,,,,,,,,,,,,
rtl,allocator_lane_action,,1520038000,,,,,3,686252,0,1,0,0,155648,0,75,0,0,1,0,,,,,,,,,,,,,,,,,,,,,,,,,,,,,,,,,,,,,
rtl,allocator_decision,,1520082000,,,155344,,,686264,,,,,,,,,,,,idle_to_fetch,15,15,15,15,0,0,15,0,0,,,,,,,,,,,,,,,,,,,,,,,,,,,
tlm,future_gap_advance,380025,1520100000,75,75,155328,380051,,,,,,,,,,,,,,,,,,,,,,,,,,,,,,,,,,,,,,,,,,,,,,,,,,
rtl,allocator_lane_action,,1520142000,,,,,0,686285,0,1,0,0,155648,0,75,0,0,1,0,,,,,,,,,,,,,,,,,,,,,,,,,,,,,,,,,,,,,
rtl,allocator_lane_action,,1520142000,,,,,1,686286,0,1,0,0,155648,0,75,0,0,1,0,,,,,,,,,,,,,,,,,,,,,,,,,,,,,,,,,,,,,
rtl,allocator_lane_action,,1520142000,,,,,2,686287,0,1,0,0,155648,0,75,0,0,1,0,,,,,,,,,,,,,,,,,,,,,,,,,,,,,,,,,,,,,
rtl,allocator_lane_action,,1520142000,,,,,3,686288,0,1,0,0,155648,0,75,0,0,1,0,,,,,,,,,,,,,,,,,,,,,,,,,,,,,,,,,,,,,
rtl,allocator_decision,,1520186000,,,155360,,,686300,,,,,,,,,,,,idle_to_fetch,15,15,15,15,0,0,15,0,0,,,,,,,,,,,,,,,,,,,,,,,,,,,
tlm,future_gap_advance,380051,1520204000,75,75,155344,380077,,,,,,,,,,,,,,,,,,,,,,,,,,,,,,,,,,,,,,,,,,,,,,,,,,
rtl,allocator_lane_action,,1520246000,,,,,0,686321,0,1,0,0,155648,0,75,0,0,1,0,,,,,,,,,,,,,,,,,,,,,,,,,,,,,,,,,,,,,
rtl,allocator_lane_action,,1520246000,,,,,1,686322,0,1,0,0,155648,0,75,0,0,1,0,,,,,,,,,,,,,,,,,,,,,,,,,,,,,,,,,,,,,
rtl,allocator_lane_action,,1520246000,,,,,2,686323,0,1,0,0,155648,0,75,0,0,1,0,,,,,,,,,,,,,,,,,,,,,,,,,,,,,,,,,,,,,
rtl,allocator_lane_action,,1520246000,,,,,3,686324,0,1,0,0,155648,0,75,0,0,1,0,,,,,,,,,,,,,,,,,,,,,,,,,,,,,,,,,,,,,
rtl,allocator_decision,,1520290000,,,155376,,,686336,,,,,,,,,,,,idle_to_fetch,15,15,15,15,0,0,15,0,0,,,,,,,,,,,,,,,,,,,,,,,,,,,
tlm,future_gap_advance,380077,1520308000,75,75,155360,380103,,,,,,,,,,,,,,,,,,,,,,,,,,,,,,,,,,,,,,,,,,,,,,,,,,
rtl,allocator_lane_action,,1520350000,,,,,0,686357,0,1,0,0,155648,0,75,0,0,1,0,,,,,,,,,,,,,,,,,,,,,,,,,,,,,,,,,,,,,
rtl,allocator_lane_action,,1520350000,,,,,1,686358,0,1,0,0,155648,0,75,0,0,1,0,,,,,,,,,,,,,,,,,,,,,,,,,,,,,,,,,,,,,
rtl,allocator_lane_action,,1520350000,,,,,2,686359,0,1,0,0,155648,0,75,0,0,1,0,,,,,,,,,,,,,,,,,,,,,,,,,,,,,,,,,,,,,
rtl,allocator_lane_action,,1520350000,,,,,3,686360,0,1,0,0,155648,0,75,0,0,1,0,,,,,,,,,,,,,,,,,,,,,,,,,,,,,,,,,,,,,
rtl,allocator_decision,,1520394000,,,155392,,,686372,,,,,,,,,,,,idle_to_fetch,15,15,15,15,0,0,15,0,0,,,,,,,,,,,,,,,,,,,,,,,,,,,
tlm,future_gap_advance,380103,1520412000,75,75,155376,380129,,,,,,,,,,,,,,,,,,,,,,,,,,,,,,,,,,,,,,,,,,,,,,,,,,
rtl,allocator_lane_action,,1520454000,,,,,0,686393,0,1,0,0,155648,0,75,0,0,1,0,,,,,,,,,,,,,,,,,,,,,,,,,,,,,,,,,,,,,
rtl,allocator_lane_action,,1520454000,,,,,1,686394,0,1,0,0,155648,0,75,0,0,1,0,,,,,,,,,,,,,,,,,,,,,,,,,,,,,,,,,,,,,
rtl,allocator_lane_action,,1520454000,,,,,2,686395,0,1,0,0,155648,0,75,0,0,1,0,,,,,,,,,,,,,,,,,,,,,,,,,,,,,,,,,,,,,
rtl,allocator_lane_action,,1520454000,,,,,3,686396,0,1,0,0,155648,0,75,0,0,1,0,,,,,,,,,,,,,,,,,,,,,,,,,,,,,,,,,,,,,
rtl,allocator_decision,,1520498000,,,155408,,,686408,,,,,,,,,,,,idle_to_fetch,15,15,15,15,0,0,15,0,0,,,,,,,,,,,,,,,,,,,,,,,,,,,
tlm,future_gap_advance,380129,1520516000,75,75,155392,380155,,,,,,,,,,,,,,,,,,,,,,,,,,,,,,,,,,,,,,,,,,,,,,,,,,
rtl,allocator_lane_action,,1520558000,,,,,0,686429,0,1,0,0,155648,0,75,0,0,1,0,,,,,,,,,,,,,,,,,,,,,,,,,,,,,,,,,,,,,
rtl,allocator_lane_action,,1520558000,,,,,1,686430,0,1,0,0,155648,0,75,0,0,1,0,,,,,,,,,,,,,,,,,,,,,,,,,,,,,,,,,,,,,
rtl,allocator_lane_action,,1520558000,,,,,2,686431,0,1,0,0,155648,0,75,0,0,1,0,,,,,,,,,,,,,,,,,,,,,,,,,,,,,,,,,,,,,
rtl,allocator_lane_action,,1520558000,,,,,3,686432,0,1,0,0,155648,0,75,0,0,1,0,,,,,,,,,,,,,,,,,,,,,,,,,,,,,,,,,,,,,
rtl,allocator_decision,,1520602000,,,155424,,,686444,,,,,,,,,,,,idle_to_fetch,15,15,15,15,0,0,15,0,0,,,,,,,,,,,,,,,,,,,,,,,,,,,
tlm,future_gap_advance,380155,1520620000,75,75,155408,380181,,,,,,,,,,,,,,,,,,,,,,,,,,,,,,,,,,,,,,,,,,,,,,,,,,
rtl,allocator_lane_action,,1520662000,,,,,0,686465,0,1,0,0,155648,0,75,0,0,1,0,,,,,,,,,,,,,,,,,,,,,,,,,,,,,,,,,,,,,
rtl,allocator_lane_action,,1520662000,,,,,1,686466,0,1,0,0,155648,0,75,0,0,1,0,,,,,,,,,,,,,,,,,,,,,,,,,,,,,,,,,,,,,
rtl,allocator_lane_action,,1520662000,,,,,2,686467,0,1,0,0,155648,0,75,0,0,1,0,,,,,,,,,,,,,,,,,,,,,,,,,,,,,,,,,,,,,
rtl,allocator_lane_action,,1520662000,,,,,3,686468,0,1,0,0,155648,0,75,0,0,1,0,,,,,,,,,,,,,,,,,,,,,,,,,,,,,,,,,,,,,
rtl,allocator_decision,,1520706000,,,155440,,,686480,,,,,,,,,,,,idle_to_fetch,15,15,15,15,0,0,15,0,0,,,,,,,,,,,,,,,,,,,,,,,,,,,
tlm,future_gap_advance,380181,1520724000,75,75,155424,380207,,,,,,,,,,,,,,,,,,,,,,,,,,,,,,,,,,,,,,,,,,,,,,,,,,
rtl,allocator_lane_action,,1520766000,,,,,0,686501,0,1,0,0,155648,0,75,0,0,1,0,,,,,,,,,,,,,,,,,,,,,,,,,,,,,,,,,,,,,
rtl,allocator_lane_action,,1520766000,,,,,1,686502,0,1,0,0,155648,0,75,0,0,1,0,,,,,,,,,,,,,,,,,,,,,,,,,,,,,,,,,,,,,
rtl,allocator_lane_action,,1520766000,,,,,2,686503,0,1,0,0,155648,0,75,0,0,1,0,,,,,,,,,,,,,,,,,,,,,,,,,,,,,,,,,,,,,
rtl,allocator_lane_action,,1520766000,,,,,3,686504,0,1,0,0,155648,0,75,0,0,1,0,,,,,,,,,,,,,,,,,,,,,,,,,,,,,,,,,,,,,
rtl,allocator_decision,,1520810000,,,155456,,,686516,,,,,,,,,,,,idle_to_fetch,15,15,15,15,0,0,15,0,0,,,,,,,,,,,,,,,,,,,,,,,,,,,
tlm,future_gap_advance,380207,1520828000,75,75,155440,380233,,,,,,,,,,,,,,,,,,,,,,,,,,,,,,,,,,,,,,,,,,,,,,,,,,
rtl,allocator_lane_action,,1520870000,,,,,0,686537,0,1,0,0,155648,0,75,0,0,1,0,,,,,,,,,,,,,,,,,,,,,,,,,,,,,,,,,,,,,
rtl,allocator_lane_action,,1520870000,,,,,1,686538,0,1,0,0,155648,0,75,0,0,1,0,,,,,,,,,,,,,,,,,,,,,,,,,,,,,,,,,,,,,
rtl,allocator_lane_action,,1520870000,,,,,2,686539,0,1,0,0,155648,0,75,0,0,1,0,,,,,,,,,,,,,,,,,,,,,,,,,,,,,,,,,,,,,
rtl,allocator_lane_action,,1520870000,,,,,3,686540,0,1,0,0,155648,0,75,0,0,1,0,,,,,,,,,,,,,,,,,,,,,,,,,,,,,,,,,,,,,
rtl,allocator_decision,,1520914000,,,155472,,,686552,,,,,,,,,,,,idle_to_fetch,15,15,15,15,0,0,15,0,0,,,,,,,,,,,,,,,,,,,,,,,,,,,
tlm,future_gap_advance,380233,1520932000,75,75,155456,380259,,,,,,,,,,,,,,,,,,,,,,,,,,,,,,,,,,,,,,,,,,,,,,,,,,
rtl,allocator_lane_action,,1520974000,,,,,0,686573,0,1,0,0,155648,0,75,0,0,1,0,,,,,,,,,,,,,,,,,,,,,,,,,,,,,,,,,,,,,
rtl,allocator_lane_action,,1520974000,,,,,1,686574,0,1,0,0,155648,0,75,0,0,1,0,,,,,,,,,,,,,,,,,,,,,,,,,,,,,,,,,,,,,
rtl,allocator_lane_action,,1520974000,,,,,2,686575,0,1,0,0,155648,0,75,0,0,1,0,,,,,,,,,,,,,,,,,,,,,,,,,,,,,,,,,,,,,
rtl,allocator_lane_action,,1520974000,,,,,3,686576,0,1,0,0,155648,0,75,0,0,1,0,,,,,,,,,,,,,,,,,,,,,,,,,,,,,,,,,,,,,
rtl,allocator_decision,,1521018000,,,155488,,,686588,,,,,,,,,,,,idle_to_fetch,15,15,15,15,0,0,15,0,0,,,,,,,,,,,,,,,,,,,,,,,,,,,
tlm,future_gap_advance,380259,1521036000,75,75,155472,380285,,,,,,,,,,,,,,,,,,,,,,,,,,,,,,,,,,,,,,,,,,,,,,,,,,
rtl,allocator_lane_action,,1521078000,,,,,0,686609,0,1,0,0,155648,0,75,0,0,1,0,,,,,,,,,,,,,,,,,,,,,,,,,,,,,,,,,,,,,
rtl,allocator_lane_action,,1521078000,,,,,1,686610,0,1,0,0,155648,0,75,0,0,1,0,,,,,,,,,,,,,,,,,,,,,,,,,,,,,,,,,,,,,
rtl,allocator_lane_action,,1521078000,,,,,2,686611,0,1,0,0,155648,0,75,0,0,1,0,,,,,,,,,,,,,,,,,,,,,,,,,,,,,,,,,,,,,
rtl,allocator_lane_action,,1521078000,,,,,3,686612,0,1,0,0,155648,0,75,0,0,1,0,,,,,,,,,,,,,,,,,,,,,,,,,,,,,,,,,,,,,
rtl,allocator_decision,,1521122000,,,155504,,,686624,,,,,,,,,,,,idle_to_fetch,15,15,15,15,0,0,15,0,0,,,,,,,,,,,,,,,,,,,,,,,,,,,
tlm,future_gap_advance,380285,1521140000,75,75,155488,380311,,,,,,,,,,,,,,,,,,,,,,,,,,,,,,,,,,,,,,,,,,,,,,,,,,
rtl,allocator_lane_action,,1521182000,,,,,0,686645,0,1,0,0,155648,0,75,0,0,1,0,,,,,,,,,,,,,,,,,,,,,,,,,,,,,,,,,,,,,
rtl,allocator_lane_action,,1521182000,,,,,1,686646,0,1,0,0,155648,0,75,0,0,1,0,,,,,,,,,,,,,,,,,,,,,,,,,,,,,,,,,,,,,
rtl,allocator_lane_action,,1521182000,,,,,2,686647,0,1,0,0,155648,0,75,0,0,1,0,,,,,,,,,,,,,,,,,,,,,,,,,,,,,,,,,,,,,
rtl,allocator_lane_action,,1521182000,,,,,3,686648,0,1,0,0,155648,0,75,0,0,1,0,,,,,,,,,,,,,,,,,,,,,,,,,,,,,,,,,,,,,
rtl,allocator_decision,,1521226000,,,155520,,,686660,,,,,,,,,,,,idle_to_fetch,15,15,15,15,0,0,15,0,0,,,,,,,,,,,,,,,,,,,,,,,,,,,
tlm,future_gap_advance,380311,1521244000,75,75,155504,380337,,,,,,,,,,,,,,,,,,,,,,,,,,,,,,,,,,,,,,,,,,,,,,,,,,
rtl,allocator_lane_action,,1521286000,,,,,0,686681,0,1,0,0,155648,0,75,0,0,1,0,,,,,,,,,,,,,,,,,,,,,,,,,,,,,,,,,,,,,
rtl,allocator_lane_action,,1521286000,,,,,1,686682,0,1,0,0,155648,0,75,0,0,1,0,,,,,,,,,,,,,,,,,,,,,,,,,,,,,,,,,,,,,
rtl,allocator_lane_action,,1521286000,,,,,2,686683,0,1,0,0,155648,0,75,0,0,1,0,,,,,,,,,,,,,,,,,,,,,,,,,,,,,,,,,,,,,
rtl,allocator_lane_action,,1521286000,,,,,3,686684,0,1,0,0,155648,0,75,0,0,1,0,,,,,,,,,,,,,,,,,,,,,,,,,,,,,,,,,,,,,
rtl,allocator_decision,,1521330000,,,155536,,,686696,,,,,,,,,,,,idle_to_fetch,15,15,15,15,0,0,15,0,0,,,,,,,,,,,,,,,,,,,,,,,,,,,
tlm,future_gap_advance,380337,1521348000,75,75,155520,380363,,,,,,,,,,,,,,,,,,,,,,,,,,,,,,,,,,,,,,,,,,,,,,,,,,
rtl,allocator_lane_action,,1521390000,,,,,0,686717,0,1,0,0,155648,0,75,0,0,1,0,,,,,,,,,,,,,,,,,,,,,,,,,,,,,,,,,,,,,
rtl,allocator_lane_action,,1521390000,,,,,1,686718,0,1,0,0,155648,0,75,0,0,1,0,,,,,,,,,,,,,,,,,,,,,,,,,,,,,,,,,,,,,
rtl,allocator_lane_action,,1521390000,,,,,2,686719,0,1,0,0,155648,0,75,0,0,1,0,,,,,,,,,,,,,,,,,,,,,,,,,,,,,,,,,,,,,
rtl,allocator_lane_action,,1521390000,,,,,3,686720,0,1,0,0,155648,0,75,0,0,1,0,,,,,,,,,,,,,,,,,,,,,,,,,,,,,,,,,,,,,
rtl,allocator_decision,,1521434000,,,155552,,,686732,,,,,,,,,,,,idle_to_fetch,15,15,15,15,0,0,15,0,0,,,,,,,,,,,,,,,,,,,,,,,,,,,
tlm,future_gap_advance,380363,1521452000,75,75,155536,380389,,,,,,,,,,,,,,,,,,,,,,,,,,,,,,,,,,,,,,,,,,,,,,,,,,
rtl,allocator_lane_action,,1521494000,,,,,0,686753,0,1,0,0,155648,0,75,0,0,1,0,,,,,,,,,,,,,,,,,,,,,,,,,,,,,,,,,,,,,
rtl,allocator_lane_action,,1521494000,,,,,1,686754,0,1,0,0,155648,0,75,0,0,1,0,,,,,,,,,,,,,,,,,,,,,,,,,,,,,,,,,,,,,
rtl,allocator_lane_action,,1521494000,,,,,2,686755,0,1,0,0,155648,0,75,0,0,1,0,,,,,,,,,,,,,,,,,,,,,,,,,,,,,,,,,,,,,
rtl,allocator_lane_action,,1521494000,,,,,3,686756,0,1,0,0,155648,0,75,0,0,1,0,,,,,,,,,,,,,,,,,,,,,,,,,,,,,,,,,,,,,
rtl,allocator_decision,,1521538000,,,155568,,,686768,,,,,,,,,,,,idle_to_fetch,15,15,15,15,0,0,15,0,0,,,,,,,,,,,,,,,,,,,,,,,,,,,
tlm,future_gap_advance,380389,1521556000,75,75,155552,380415,,,,,,,,,,,,,,,,,,,,,,,,,,,,,,,,,,,,,,,,,,,,,,,,,,
rtl,allocator_lane_action,,1521598000,,,,,0,686789,0,1,0,0,155648,0,75,0,0,1,0,,,,,,,,,,,,,,,,,,,,,,,,,,,,,,,,,,,,,
rtl,allocator_lane_action,,1521598000,,,,,1,686790,0,1,0,0,155648,0,75,0,0,1,0,,,,,,,,,,,,,,,,,,,,,,,,,,,,,,,,,,,,,
rtl,allocator_lane_action,,1521598000,,,,,2,686791,0,1,0,0,155648,0,75,0,0,1,0,,,,,,,,,,,,,,,,,,,,,,,,,,,,,,,,,,,,,
rtl,allocator_lane_action,,1521598000,,,,,3,686792,0,1,0,0,155648,0,75,0,0,1,0,,,,,,,,,,,,,,,,,,,,,,,,,,,,,,,,,,,,,
rtl,allocator_decision,,1521642000,,,155584,,,686804,,,,,,,,,,,,idle_to_fetch,15,15,15,15,0,0,15,0,0,,,,,,,,,,,,,,,,,,,,,,,,,,,
tlm,future_gap_advance,380415,1521660000,75,75,155568,380441,,,,,,,,,,,,,,,,,,,,,,,,,,,,,,,,,,,,,,,,,,,,,,,,,,
rtl,allocator_lane_action,,1521702000,,,,,0,686825,0,1,0,0,155648,0,75,0,0,1,0,,,,,,,,,,,,,,,,,,,,,,,,,,,,,,,,,,,,,
rtl,allocator_lane_action,,1521702000,,,,,1,686826,0,1,0,0,155648,0,75,0,0,1,0,,,,,,,,,,,,,,,,,,,,,,,,,,,,,,,,,,,,,
rtl,allocator_lane_action,,1521702000,,,,,2,686827,0,1,0,0,155648,0,75,0,0,1,0,,,,,,,,,,,,,,,,,,,,,,,,,,,,,,,,,,,,,
rtl,allocator_lane_action,,1521702000,,,,,3,686828,0,1,0,0,155648,0,75,0,0,1,0,,,,,,,,,,,,,,,,,,,,,,,,,,,,,,,,,,,,,
rtl,allocator_decision,,1521746000,,,155600,,,686840,,,,,,,,,,,,idle_to_fetch,15,15,15,15,0,0,15,0,0,,,,,,,,,,,,,,,,,,,,,,,,,,,
tlm,future_gap_advance,380441,1521764000,75,75,155584,380467,,,,,,,,,,,,,,,,,,,,,,,,,,,,,,,,,,,,,,,,,,,,,,,,,,
rtl,allocator_lane_action,,1521806000,,,,,0,686861,0,1,0,0,155648,0,75,0,0,1,0,,,,,,,,,,,,,,,,,,,,,,,,,,,,,,,,,,,,,
rtl,allocator_lane_action,,1521806000,,,,,1,686862,0,1,0,0,155648,0,75,0,0,1,0,,,,,,,,,,,,,,,,,,,,,,,,,,,,,,,,,,,,,
rtl,allocator_lane_action,,1521806000,,,,,2,686863,0,1,0,0,155648,0,75,0,0,1,0,,,,,,,,,,,,,,,,,,,,,,,,,,,,,,,,,,,,,
rtl,allocator_lane_action,,1521806000,,,,,3,686864,0,1,0,0,155648,0,75,0,0,1,0,,,,,,,,,,,,,,,,,,,,,,,,,,,,,,,,,,,,,
rtl,allocator_decision,,1521850000,,,155616,,,686876,,,,,,,,,,,,idle_to_fetch,15,15,15,15,0,0,15,0,0,,,,,,,,,,,,,,,,,,,,,,,,,,,
tlm,future_gap_advance,380467,1521868000,75,75,155600,380493,,,,,,,,,,,,,,,,,,,,,,,,,,,,,,,,,,,,,,,,,,,,,,,,,,
rtl,allocator_lane_action,,1521910000,,,,,0,686897,0,1,0,0,155648,0,75,0,0,1,0,,,,,,,,,,,,,,,,,,,,,,,,,,,,,,,,,,,,,
rtl,allocator_lane_action,,1521910000,,,,,1,686898,0,1,0,0,155648,0,75,0,0,1,0,,,,,,,,,,,,,,,,,,,,,,,,,,,,,,,,,,,,,
rtl,allocator_lane_action,,1521910000,,,,,2,686899,0,1,0,0,155648,0,75,0,0,1,0,,,,,,,,,,,,,,,,,,,,,,,,,,,,,,,,,,,,,
rtl,allocator_lane_action,,1521910000,,,,,3,686900,0,1,0,0,155648,0,75,0,0,1,0,,,,,,,,,,,,,,,,,,,,,,,,,,,,,,,,,,,,,
rtl,allocator_decision,,1521954000,,,155632,,,686912,,,,,,,,,,,,idle_to_fetch,15,15,15,15,0,0,15,0,0,,,,,,,,,,,,,,,,,,,,,,,,,,,
tlm,future_gap_advance,380493,1521972000,75,75,155616,380519,,,,,,,,,,,,,,,,,,,,,,,,,,,,,,,,,,,,,,,,,,,,,,,,,,
rtl,allocator_lane_action,,1522014000,,,,,0,686933,0,1,0,0,155648,0,75,0,0,1,0,,,,,,,,,,,,,,,,,,,,,,,,,,,,,,,,,,,,,
rtl,allocator_lane_action,,1522014000,,,,,1,686934,0,1,0,0,155648,0,75,0,0,1,0,,,,,,,,,,,,,,,,,,,,,,,,,,,,,,,,,,,,,
rtl,allocator_lane_action,,1522014000,,,,,2,686935,0,1,0,0,155648,0,75,0,0,1,0,,,,,,,,,,,,,,,,,,,,,,,,,,,,,,,,,,,,,
rtl,allocator_lane_action,,1522014000,,,,,3,686936,0,1,0,0,155648,0,75,0,0,1,0,,,,,,,,,,,,,,,,,,,,,,,,,,,,,,,,,,,,,
rtl,allocator_decision,,1522058000,,,155648,,,686948,,,,,,,,,,,,idle_to_fetch,15,15,15,15,0,0,0,0,0,,,,,,,,,,,,,,,,,,,,,,,,,,,
tlm,future_gap_advance,380519,1522076000,75,75,155632,380545,,,,,,,,,,,,,,,,,,,,,,,,,,,,,,,,,,,,,,,,,,,,,,,,,,
rtl,allocator_lane_action,,1522118000,,,,,0,686969,2,0,1,0,155648,0,75,0,0,1,0,,,,,,,,,,,,,,,,,,,,,,,,,,,,,,,,,,,,,
rtl,allocator_lane_action,,1522118000,,,,,1,686970,2,0,1,0,155648,0,75,0,0,1,0,,,,,,,,,,,,,,,,,,,,,,,,,,,,,,,,,,,,,
rtl,allocator_lane_action,,1522118000,,,,,2,686971,2,0,1,0,155648,0,75,0,0,1,0,,,,,,,,,,,,,,,,,,,,,,,,,,,,,,,,,,,,,
rtl,allocator_lane_action,,1522118000,,,,,3,686972,2,0,1,0,155648,0,75,0,0,1,0,,,,,,,,,,,,,,,,,,,,,,,,,,,,,,,,,,,,,
rtl,allocator_decision,,1522162000,,,155664,,,686984,,,,,,,,,,,,idle_to_fetch,15,15,15,15,0,0,0,0,0,,,,,,,,,,,,,,,,,,,,,,,,,,,
tlm,future_gap_advance,380545,1522180000,75,75,155648,380571,,,,,,,,,,,,,,,,,,,,,,,,,,,,,,,,,,,,,,,,,,,,,,,,,,
rtl,allocator_lane_action,,1522222000,,,,,0,687005,2,0,1,0,155664,0,75,0,0,1,0,,,,,,,,,,,,,,,,,,,,,,,,,,,,,,,,,,,,,
rtl,allocator_lane_action,,1522222000,,,,,1,687006,2,0,1,0,155664,0,75,0,0,1,0,,,,,,,,,,,,,,,,,,,,,,,,,,,,,,,,,,,,,
rtl,allocator_lane_action,,1522222000,,,,,2,687007,2,0,1,0,155664,0,75,0,0,1,0,,,,,,,,,,,,,,,,,,,,,,,,,,,,,,,,,,,,,
rtl,allocator_lane_action,,1522222000,,,,,3,687008,2,0,1,0,155664,0,75,0,0,1,0,,,,,,,,,,,,,,,,,,,,,,,,,,,,,,,,,,,,,
rtl,allocator_decision,,1522266000,,,155680,,,687020,,,,,,,,,,,,idle_to_fetch,15,15,15,15,0,0,0,0,0,,,,,,,,,,,,,,,,,,,,,,,,,,,
tlm,allocator_fetch,380571,1522284000,75,75,155648,,,,,,,,,,,,,,,,,,,,,,,,,0,15,,,,,,,,,,,,,,,,,,,,,,,,,
tlm,allocator_lane_action,380571,1522284000,75,75,155648,,0,,empty,,,,,,,,,,,,,,,,,,,,,,,155648,0,,,,,,,,,,,,,,,,,,,,,,,
tlm,ticket_pop,380571,1522284000,75,75,,,0,,,,,,,,,,,,,,,,,,,,,,,,,155648,0,body,1774,1775,,,,,,,,,,,,,,,,,,,,
tlm,ticket_pop,380571,1522284000,75,75,,,1,,,,,,,,,,,,,,,,,,,,,,,,,155648,0,body,1774,1775,,,,,,,,,,,,,,,,,,,,
tlm,ticket_pop,380571,1522284000,75,75,,,2,,,,,,,,,,,,,,,,,,,,,,,,,155648,0,body,1774,1775,,,,,,,,,,,,,,,,,,,,
tlm,ticket_pop,380571,1522284000,75,75,,,3,,,,,,,,,,,,,,,,,,,,,,,,,155648,0,body,1774,1775,,,,,,,,,,,,,,,,,,,,
tlm,allocator_lane_action,380573,1522292000,75,75,155648,,1,,empty,,,,,,,,,,,,,,,,,,,,,,,155648,0,,,,,,,,,,,,,,,,,,,,,,,
tlm,allocator_lane_action,380575,1522300000,75,75,155648,,2,,empty,,,,,,,,,,,,,,,,,,,,,,,155648,0,,,,,,,,,,,,,,,,,,,,,,,
tlm,allocator_lane_action,380577,1522308000,75,75,155648,,3,,empty,,,,,,,,,,,,,,,,,,,,,,,155648,0,,,,,,,,,,,,,,,,,,,,,,,
rtl,allocator_lane_action,,1522326000,,,,,0,687041,2,0,1,0,155680,0,75,0,0,1,0,,,,,,,,,,,,,,,,,,,,,,,,,,,,,,,,,,,,,
rtl,allocator_lane_action,,1522326000,,,,,1,687042,2,0,1,0,155680,17,75,0,0,1,0,,,,,,,,,,,,,,,,,,,,,,,,,,,,,,,,,,,,,
rtl,allocator_lane_action,,1522326000,,,,,2,687043,2,0,1,0,155680,0,75,0,0,1,0,,,,,,,,,,,,,,,,,,,,,,,,,,,,,,,,,,,,,
rtl,allocator_lane_action,,1522326000,,,,,3,687044,2,0,1,0,155680,0,75,0,0,1,0,,,,,,,,,,,,,,,,,,,,,,,,,,,,,,,,,,,,,
rtl,handle_accept,,1522346000,,,,,1,687050,,,,,,,,,,,,,,,,,,,,,,,,155680,17,,,,273,7263,11,1487,0,,,,,,,,,,,,,,,
rtl,allocator_decision,,1522374000,,,155696,,,687061,,,,,,,,,,,,idle_to_fetch,15,15,15,15,0,0,0,0,0,,,,,,,,,,,,,,,,,,,,,,,,,,,
tlm,allocator_fetch,380597,1522388000,75,75,155664,,,,,,,,,,,,,,,,,,,,,,,,,1,15,,,,,,,,,,,,,,,,,,,,,,,,,
tlm,allocator_lane_action,380597,1522388000,75,75,155664,,0,,empty,,,,,,,,,,,,,,,,,,,,,,,155664,0,,,,,,,,,,,,,,,,,,,,,,,
tlm,ticket_pop,380597,1522388000,75,75,,,0,,,,,,,,,,,,,,,,,,,,,,,,,155664,0,body,1775,1776,,,,,,,,,,,,,,,,,,,,
tlm,ticket_pop,380597,1522388000,75,75,,,1,,,,,,,,,,,,,,,,,,,,,,,,,155664,0,body,1775,1776,,,,,,,,,,,,,,,,,,,,
tlm,ticket_pop,380597,1522388000,75,75,,,2,,,,,,,,,,,,,,,,,,,,,,,,,155664,0,body,1775,1776,,,,,,,,,,,,,,,,,,,,
tlm,ticket_pop,380597,1522388000,75,75,,,3,,,,,,,,,,,,,,,,,,,,,,,,,155664,0,body,1775,1776,,,,,,,,,,,,,,,,,,,,
tlm,allocator_lane_action,380599,1522396000,75,75,155664,,1,,empty,,,,,,,,,,,,,,,,,,,,,,,155664,0,,,,,,,,,,,,,,,,,,,,,,,
tlm,allocator_lane_action,380601,1522404000,75,75,155664,,2,,empty,,,,,,,,,,,,,,,,,,,,,,,155664,0,,,,,,,,,,,,,,,,,,,,,,,
tlm,allocator_lane_action,380603,1522412000,75,75,155664,,3,,empty,,,,,,,,,,,,,,,,,,,,,,,155664,0,,,,,,,,,,,,,,,,,,,,,,,
rtl,allocator_lane_action,,1522434000,,,,,0,687103,2,0,1,0,155696,0,75,0,0,1,0,,,,,,,,,,,,,,,,,,,,,,,,,,,,,,,,,,,,,
rtl,allocator_lane_action,,1522434000,,,,,1,687104,2,0,1,0,155696,0,75,0,0,1,0,,,,,,,,,,,,,,,,,,,,,,,,,,,,,,,,,,,,,
rtl,allocator_lane_action,,1522434000,,,,,2,687105,2,0,1,0,155696,0,75,0,0,1,0,,,,,,,,,,,,,,,,,,,,,,,,,,,,,,,,,,,,,
rtl,allocator_lane_action,,1522434000,,,,,3,687106,2,0,1,0,155696,0,75,0,0,1,0,,,,,,,,,,,,,,,,,,,,,,,,,,,,,,,,,,,,,
rtl,credit_return,,1522462000,,,,,1,687128,,,,,,,,,,,,,,,,,,,,,,,,,17,mover_done,,,,,,,,11,,,,,,,,,,,,,,
rtl,credit_return,,1522466000,,,,,1,687131,,,,,,,,,,,,,,,,,,,,,,,,,17,credit_return,,,,,,,,11,,,,,,,,,,,,,,
rtl,allocator_decision,,1522478000,,,155712,,,687134,,,,,,,,,,,,idle_to_fetch,15,15,15,15,0,0,0,0,0,,,,,,,,,,,,,,,,,,,,,,,,,,,
tlm,allocator_fetch,380623,1522492000,75,75,155680,,,,,,,,,,,,,,,,,,,,,,,,,2,15,,,,,,,,,,,,,,,,,,,,,,,,,
tlm,allocator_lane_action,380623,1522492000,75,75,155680,,0,,empty,,,,,,,,,,,,,,,,,,,,,,,155680,0,,,,,,,,,,,,,,,,,,,,,,,
tlm,ticket_pop,380623,1522492000,75,75,,,0,,,,,,,,,,,,,,,,,,,,,,,,,155680,0,body,1776,1777,,,,,,,,,,,,,,,,,,,,
tlm,ticket_pop,380623,1522492000,75,75,,,1,,,,,,,,,,,,,,,,,,,,,,,,,155680,17,body,1776,1777,,,,,,,,,,,,,,,,,,,,
tlm,ticket_pop,380623,1522492000,75,75,,,2,,,,,,,,,,,,,,,,,,,,,,,,,155680,0,body,1776,1777,,,,,,,,,,,,,,,,,,,,
tlm,ticket_pop,380623,1522492000,75,75,,,3,,,,,,,,,,,,,,,,,,,,,,,,,155680,0,body,1776,1777,,,,,,,,,,,,,,,,,,,,
tlm,handle_accept,380625,1522500000,75,75,155680,,1,,,,,,,,,,,,,,,,,,,,,,,,,155680,17,,,,,,,,23,,1,,,,,,,,,,,,,
tlm,allocator_lane_action,380627,1522508000,75,75,155680,,2,,empty,,,,,,,,,,,,,,,,,,,,,,,155680,0,,,,,,,,,,,,,,,,,,,,,,,
tlm,allocator_lane_action,380629,1522516000,75,75,155680,,3,,empty,,,,,,,,,,,,,,,,,,,,,,,155680,0,,,,,,,,,,,,,,,,,,,,,,,
rtl,allocator_lane_action,,1522538000,,,,,0,687155,2,0,1,0,155712,0,75,0,0,1,0,,,,,,,,,,,,,,,,,,,,,,,,,,,,,,,,,,,,,
rtl,allocator_lane_action,,1522538000,,,,,1,687156,2,0,1,0,155712,0,75,0,0,1,0,,,,,,,,,,,,,,,,,,,,,,,,,,,,,,,,,,,,,
rtl,allocator_lane_action,,1522538000,,,,,2,687157,2,0,1,0,155712,17,75,0,0,1,0,,,,,,,,,,,,,,,,,,,,,,,,,,,,,,,,,,,,,
rtl,allocator_lane_action,,1522538000,,,,,3,687158,2,0,1,0,155712,0,75,0,0,1,0,,,,,,,,,,,,,,,,,,,,,,,,,,,,,,,,,,,,,
rtl,handle_accept,,1522566000,,,,,2,687166,,,,,,,,,,,,,,,,,,,,,,,,155712,17,,,,1915,7275,26,1489,0,,,,,,,,,,,,,,,
tlm,credit_return,380643,1522572000,75,75,,,1,,,,,,,,,,,,,,,,,,,,,,,,,155680,17,,,,,,,,,,0,70,87,,,,,,,,,,,
rtl,allocator_decision,,1522586000,,,155728,,,687174,,,,,,,,,,,,idle_to_fetch,15,15,15,15,0,0,0,0,0,,,,,,,,,,,,,,,,,,,,,,,,,,,
tlm,allocator_fetch,380650,1522600000,75,75,155696,,,,,,,,,,,,,,,,,,,,,,,,,3,15,,,,,,,,,,,,,,,,,,,,,,,,,
tlm,allocator_lane_action,380650,1522600000,75,75,155696,,0,,empty,,,,,,,,,,,,,,,,,,,,,,,155696,0,,,,,,,,,,,,,,,,,,,,,,,
tlm,ticket_pop,380650,1522600000,75,75,,,0,,,,,,,,,,,,,,,,,,,,,,,,,155696,0,body,1777,1778,,,,,,,,,,,,,,,,,,,,
tlm,ticket_pop,380650,1522600000,75,75,,,1,,,,,,,,,,,,,,,,,,,,,,,,,155696,0,body,1777,1778,,,,,,,,,,,,,,,,,,,,
tlm,ticket_pop,380650,1522600000,75,75,,,2,,,,,,,,,,,,,,,,,,,,,,,,,155696,0,body,1777,1778,,,,,,,,,,,,,,,,,,,,
tlm,ticket_pop,380650,1522600000,75,75,,,3,,,,,,,,,,,,,,,,,,,,,,,,,155696,0,body,1777,1778,,,,,,,,,,,,,,,,,,,,
tlm,allocator_lane_action,380652,1522608000,75,75,155696,,1,,empty,,,,,,,,,,,,,,,,,,,,,,,155696,0,,,,,,,,,,,,,,,,,,,,,,,
tlm,allocator_lane_action,380654,1522616000,75,75,155696,,2,,empty,,,,,,,,,,,,,,,,,,,,,,,155696,0,,,,,,,,,,,,,,,,,,,,,,,
tlm,allocator_lane_action,380656,1522624000,75,75,155696,,3,,empty,,,,,,,,,,,,,,,,,,,,,,,155696,0,,,,,,,,,,,,,,,,,,,,,,,
rtl,allocator_lane_action,,1522646000,,,,,0,687215,2,0,1,0,155728,0,75,0,0,1,0,,,,,,,,,,,,,,,,,,,,,,,,,,,,,,,,,,,,,
rtl,allocator_lane_action,,1522646000,,,,,1,687216,2,0,1,0,155728,0,75,0,0,1,0,,,,,,,,,,,,,,,,,,,,,,,,,,,,,,,,,,,,,
rtl,allocator_lane_action,,1522646000,,,,,2,687217,2,0,1,0,155728,0,75,0,0,1,0,,,,,,,,,,,,,,,,,,,,,,,,,,,,,,,,,,,,,
rtl,allocator_lane_action,,1522646000,,,,,3,687218,2,0,1,0,155728,0,75,0,0,1,0,,,,,,,,,,,,,,,,,,,,,,,,,,,,,,,,,,,,,
rtl,credit_return,,1522678000,,,,,2,687243,,,,,,,,,,,,,,,,,,,,,,,,,17,mover_done,,,,,,,,26,,,,,,,,,,,,,,
rtl,credit_return,,1522682000,,,,,2,687246,,,,,,,,,,,,,,,,,,,,,,,,,17,credit_return,,,,,,,,26,,,,,,,,,,,,,,
rtl,allocator_decision,,1522690000,,,155744,,,687248,,,,,,,,,,,,idle_to_fetch,15,15,15,15,0,0,0,0,0,,,,,,,,,,,,,,,,,,,,,,,,,,,
tlm,allocator_fetch,380676,1522704000,75,75,155712,,,,,,,,,,,,,,,,,,,,,,,,,4,15,,,,,,,,,,,,,,,,,,,,,,,,,
tlm,allocator_lane_action,380676,1522704000,75,75,155712,,0,,empty,,,,,,,,,,,,,,,,,,,,,,,155712,0,,,,,,,,,,,,,,,,,,,,,,,
tlm,ticket_pop,380676,1522704000,75,75,,,0,,,,,,,,,,,,,,,,,,,,,,,,,155712,0,body,1778,1779,,,,,,,,,,,,,,,,,,,,
tlm,ticket_pop,380676,1522704000,75,75,,,1,,,,,,,,,,,,,,,,,,,,,,,,,155712,0,body,1778,1779,,,,,,,,,,,,,,,,,,,,
tlm,ticket_pop,380676,1522704000,75,75,,,2,,,,,,,,,,,,,,,,,,,,,,,,,155712,17,body,1778,1779,,,,,,,,,,,,,,,,,,,,
tlm,ticket_pop,380676,1522704000,75,75,,,3,,,,,,,,,,,,,,,,,,,,,,,,,155712,0,body,1778,1779,,,,,,,,,,,,,,,,,,,,
tlm,allocator_lane_action,380678,1522712000,75,75,155712,,1,,empty,,,,,,,,,,,,,,,,,,,,,,,155712,0,,,,,,,,,,,,,,,,,,,,,,,
tlm,handle_accept,380680,1522720000,75,75,155712,,2,,,,,,,,,,,,,,,,,,,,,,,,,155712,17,,,,,,,,41,,1,,,,,,,,,,,,,
tlm,allocator_lane_action,380682,1522728000,75,75,155712,,3,,empty,,,,,,,,,,,,,,,,,,,,,,,155712,0,,,,,,,,,,,,,,,,,,,,,,,
rtl,allocator_lane_action,,1522750000,,,,,0,687269,2,0,1,0,155744,0,75,0,0,1,0,,,,,,,,,,,,,,,,,,,,,,,,,,,,,,,,,,,,,
rtl,allocator_lane_action,,1522750000,,,,,1,687270,2,0,1,0,155744,0,75,0,0,1,0,,,,,,,,,,,,,,,,,,,,,,,,,,,,,,,,,,,,,
rtl,allocator_lane_action,,1522750000,,,,,2,687271,2,0,1,0,155744,0,75,0,0,1,0,,,,,,,,,,,,,,,,,,,,,,,,,,,,,,,,,,,,,
rtl,allocator_lane_action,,1522750000,,,,,3,687272,2,0,1,0,155744,0,75,0,0,1,0,,,,,,,,,,,,,,,,,,,,,,,,,,,,,,,,,,,,,
tlm,credit_return,380698,1522792000,75,75,,,2,,,,,,,,,,,,,,,,,,,,,,,,,155712,17,,,,,,,,,,0,396,413,,,,,,,,,,,
rtl,allocator_decision,,1522794000,,,155760,,,687284,,,,,,,,,,,,idle_to_fetch,15,15,15,15,0,0,0,0,0,,,,,,,,,,,,,,,,,,,,,,,,,,,
tlm,allocator_fetch,380703,1522812000,75,75,155728,,,,,,,,,,,,,,,,,,,,,,,,,5,15,,,,,,,,,,,,,,,,,,,,,,,,,
tlm,allocator_lane_action,380703,1522812000,75,75,155728,,0,,empty,,,,,,,,,,,,,,,,,,,,,,,155728,0,,,,,,,,,,,,,,,,,,,,,,,
tlm,ticket_pop,380703,1522812000,75,75,,,0,,,,,,,,,,,,,,,,,,,,,,,,,155728,0,body,1779,1780,,,,,,,,,,,,,,,,,,,,
tlm,ticket_pop,380703,1522812000,75,75,,,1,,,,,,,,,,,,,,,,,,,,,,,,,155728,0,body,1779,1780,,,,,,,,,,,,,,,,,,,,
tlm,ticket_pop,380703,1522812000,75,75,,,2,,,,,,,,,,,,,,,,,,,,,,,,,155728,0,body,1779,1780,,,,,,,,,,,,,,,,,,,,
tlm,ticket_pop,380703,1522812000,75,75,,,3,,,,,,,,,,,,,,,,,,,,,,,,,155728,0,body,1779,1780,,,,,,,,,,,,,,,,,,,,
tlm,allocator_lane_action,380705,1522820000,75,75,155728,,1,,empty,,,,,,,,,,,,,,,,,,,,,,,155728,0,,,,,,,,,,,,,,,,,,,,,,,
tlm,allocator_lane_action,380707,1522828000,75,75,155728,,2,,empty,,,,,,,,,,,,,,,,,,,,,,,155728,0,,,,,,,,,,,,,,,,,,,,,,,
tlm,allocator_lane_action,380709,1522836000,75,75,155728,,3,,empty,,,,,,,,,,,,,,,,,,,,,,,155728,0,,,,,,,,,,,,,,,,,,,,,,,
rtl,allocator_lane_action,,1522854000,,,,,0,687305,2,0,1,0,155760,0,75,0,0,1,0,,,,,,,,,,,,,,,,,,,,,,,,,,,,,,,,,,,,,
rtl,allocator_lane_action,,1522854000,,,,,1,687306,2,0,1,0,155760,0,75,0,0,1,0,,,,,,,,,,,,,,,,,,,,,,,,,,,,,,,,,,,,,
rtl,allocator_lane_action,,1522854000,,,,,2,687307,2,0,1,0,155760,17,75,0,0,1,0,,,,,,,,,,,,,,,,,,,,,,,,,,,,,,,,,,,,,
rtl,allocator_lane_action,,1522854000,,,,,3,687308,2,0,1,0,155760,0,75,0,0,1,0,,,,,,,,,,,,,,,,,,,,,,,,,,,,,,,,,,,,,
rtl,handle_accept,,1522882000,,,,,2,687316,,,,,,,,,,,,,,,,,,,,,,,,155760,17,,,,1932,7287,27,1492,0,,,,,,,,,,,,,,,
rtl,allocator_decision,,1522902000,,,155776,,,687324,,,,,,,,,,,,idle_to_fetch,15,15,15,15,0,0,0,0,0,,,,,,,,,,,,,,,,,,,,,,,,,,,
tlm,allocator_fetch,380729,1522916000,75,75,155744,,,,,,,,,,,,,,,,,,,,,,,,,6,15,,,,,,,,,,,,,,,,,,,,,,,,,
tlm,allocator_lane_action,380729,1522916000,75,75,155744,,0,,empty,,,,,,,,,,,,,,,,,,,,,,,155744,0,,,,,,,,,,,,,,,,,,,,,,,
tlm,ticket_pop,380729,1522916000,75,75,,,0,,,,,,,,,,,,,,,,,,,,,,,,,155744,0,body,1780,1781,,,,,,,,,,,,,,,,,,,,
tlm,ticket_pop,380729,1522916000,75,75,,,1,,,,,,,,,,,,,,,,,,,,,,,,,155744,0,body,1780,1781,,,,,,,,,,,,,,,,,,,,
tlm,ticket_pop,380729,1522916000,75,75,,,2,,,,,,,,,,,,,,,,,,,,,,,,,155744,0,body,1780,1781,,,,,,,,,,,,,,,,,,,,
tlm,ticket_pop,380729,1522916000,75,75,,,3,,,,,,,,,,,,,,,,,,,,,,,,,155744,0,body,1780,1781,,,,,,,,,,,,,,,,,,,,
tlm,allocator_lane_action,380731,1522924000,75,75,155744,,1,,empty,,,,,,,,,,,,,,,,,,,,,,,155744,0,,,,,,,,,,,,,,,,,,,,,,,
tlm,allocator_lane_action,380733,1522932000,75,75,155744,,2,,empty,,,,,,,,,,,,,,,,,,,,,,,155744,0,,,,,,,,,,,,,,,,,,,,,,,
tlm,allocator_lane_action,380735,1522940000,75,75,155744,,3,,empty,,,,,,,,,,,,,,,,,,,,,,,155744,0,,,,,,,,,,,,,,,,,,,,,,,
rtl,allocator_lane_action,,1522962000,,,,,0,687365,2,0,1,0,155776,0,75,0,0,1,0,,,,,,,,,,,,,,,,,,,,,,,,,,,,,,,,,,,,,
rtl,allocator_lane_action,,1522962000,,,,,1,687366,2,0,1,0,155776,0,75,0,0,1,0,,,,,,,,,,,,,,,,,,,,,,,,,,,,,,,,,,,,,
rtl,allocator_lane_action,,1522962000,,,,,2,687367,2,0,1,0,155776,0,75,0,0,1,0,,,,,,,,,,,,,,,,,,,,,,,,,,,,,,,,,,,,,
rtl,allocator_lane_action,,1522962000,,,,,3,687368,2,0,1,0,155776,0,75,0,0,1,0,,,,,,,,,,,,,,,,,,,,,,,,,,,,,,,,,,,,,
rtl,credit_return,,1522994000,,,,,2,687393,,,,,,,,,,,,,,,,,,,,,,,,,17,mover_done,,,,,,,,27,,,,,,,,,,,,,,
rtl,credit_return,,1522998000,,,,,2,687396,,,,,,,,,,,,,,,,,,,,,,,,,17,credit_return,,,,,,,,27,,,,,,,,,,,,,,
rtl,allocator_decision,,1523006000,,,155792,,,687398,,,,,,,,,,,,idle_to_fetch,15,15,15,15,0,0,0,0,0,,,,,,,,,,,,,,,,,,,,,,,,,,,
tlm,allocator_fetch,380755,1523020000,75,75,155760,,,,,,,,,,,,,,,,,,,,,,,,,7,15,,,,,,,,,,,,,,,,,,,,,,,,,
tlm,allocator_lane_action,380755,1523020000,75,75,155760,,0,,empty,,,,,,,,,,,,,,,,,,,,,,,155760,0,,,,,,,,,,,,,,,,,,,,,,,
tlm,ticket_pop,380755,1523020000,75,75,,,0,,,,,,,,,,,,,,,,,,,,,,,,,155760,0,body,1781,1782,,,,,,,,,,,,,,,,,,,,
tlm,ticket_pop,380755,1523020000,75,75,,,1,,,,,,,,,,,,,,,,,,,,,,,,,155760,0,body,1781,1782,,,,,,,,,,,,,,,,,,,,
tlm,ticket_pop,380755,1523020000,75,75,,,2,,,,,,,,,,,,,,,,,,,,,,,,,155760,17,body,1781,1782,,,,,,,,,,,,,,,,,,,,
tlm,ticket_pop,380755,1523020000,75,75,,,3,,,,,,,,,,,,,,,,,,,,,,,,,155760,0,body,1781,1782,,,,,,,,,,,,,,,,,,,,
tlm,allocator_lane_action,380757,1523028000,75,75,155760,,1,,empty,,,,,,,,,,,,,,,,,,,,,,,155760,0,,,,,,,,,,,,,,,,,,,,,,,
tlm,handle_accept,380759,1523036000,75,75,155760,,2,,,,,,,,,,,,,,,,,,,,,,,,,155760,17,,,,,,,,59,,1,,,,,,,,,,,,,
tlm,allocator_lane_action,380761,1523044000,75,75,155760,,3,,empty,,,,,,,,,,,,,,,,,,,,,,,155760,0,,,,,,,,,,,,,,,,,,,,,,,
rtl,allocator_lane_action,,1523066000,,,,,0,687419,2,0,1,0,155792,0,75,0,0,1,0,,,,,,,,,,,,,,,,,,,,,,,,,,,,,,,,,,,,,
rtl,allocator_lane_action,,1523066000,,,,,1,687420,2,0,1,0,155792,0,75,0,0,1,0,,,,,,,,,,,,,,,,,,,,,,,,,,,,,,,,,,,,,
rtl,allocator_lane_action,,1523066000,,,,,2,687421,2,0,1,0,155792,0,75,0,0,1,0,,,,,,,,,,,,,,,,,,,,,,,,,,,,,,,,,,,,,
rtl,allocator_lane_action,,1523066000,,,,,3,687422,2,0,1,0,155792,0,75,0,0,1,0,,,,,,,,,,,,,,,,,,,,,,,,,,,,,,,,,,,,,
tlm,credit_return,380777,1523108000,75,75,,,2,,,,,,,,,,,,,,,,,,,,,,,,,155760,17,,,,,,,,,,0,413,430,,,,,,,,,,,
rtl,allocator_decision,,1523110000,,,155808,,,687434,,,,,,,,,,,,idle_to_fetch,15,15,15,15,0,0,0,0,0,,,,,,,,,,,,,,,,,,,,,,,,,,,
tlm,allocator_fetch,380782,1523128000,75,75,155776,,,,,,,,,,,,,,,,,,,,,,,,,8,15,,,,,,,,,,,,,,,,,,,,,,,,,
tlm,allocator_lane_action,380782,1523128000,75,75,155776,,0,,empty,,,,,,,,,,,,,,,,,,,,,,,155776,0,,,,,,,,,,,,,,,,,,,,,,,
tlm,ticket_pop,380782,1523128000,75,75,,,0,,,,,,,,,,,,,,,,,,,,,,,,,155776,0,body,1782,1783,,,,,,,,,,,,,,,,,,,,
tlm,ticket_pop,380782,1523128000,75,75,,,1,,,,,,,,,,,,,,,,,,,,,,,,,155776,0,body,1782,1783,,,,,,,,,,,,,,,,,,,,
tlm,ticket_pop,380782,1523128000,75,75,,,2,,,,,,,,,,,,,,,,,,,,,,,,,155776,0,body,1782,1783,,,,,,,,,,,,,,,,,,,,
tlm,ticket_pop,380782,1523128000,75,75,,,3,,,,,,,,,,,,,,,,,,,,,,,,,155776,0,body,1782,1783,,,,,,,,,,,,,,,,,,,,
tlm,allocator_lane_action,380784,1523136000,75,75,155776,,1,,empty,,,,,,,,,,,,,,,,,,,,,,,155776,0,,,,,,,,,,,,,,,,,,,,,,,
tlm,allocator_lane_action,380786,1523144000,75,75,155776,,2,,empty,,,,,,,,,,,,,,,,,,,,,,,155776,0,,,,,,,,,,,,,,,,,,,,,,,
tlm,allocator_lane_action,380788,1523152000,75,75,155776,,3,,empty,,,,,,,,,,,,,,,,,,,,,,,155776,0,,,,,,,,,,,,,,,,,,,,,,,
rtl,allocator_lane_action,,1523170000,,,,,0,687455,2,0,1,0,155808,0,75,0,0,1,0,,,,,,,,,,,,,,,,,,,,,,,,,,,,,,,,,,,,,
rtl,allocator_lane_action,,1523170000,,,,,1,687456,2,0,1,0,155808,0,75,0,0,1,0,,,,,,,,,,,,,,,,,,,,,,,,,,,,,,,,,,,,,
rtl,allocator_lane_action,,1523170000,,,,,2,687457,2,0,1,0,155808,0,75,0,0,1,0,,,,,,,,,,,,,,,,,,,,,,,,,,,,,,,,,,,,,
rtl,allocator_lane_action,,1523170000,,,,,3,687458,2,0,1,0,155808,0,75,0,0,1,0,,,,,,,,,,,,,,,,,,,,,,,,,,,,,,,,,,,,,
rtl,allocator_decision,,1523214000,,,155824,,,687470,,,,,,,,,,,,idle_to_fetch,15,15,15,15,0,0,0,0,0,,,,,,,,,,,,,,,,,,,,,,,,,,,
tlm,allocator_fetch,380808,1523232000,75,75,155792,,,,,,,,,,,,,,,,,,,,,,,,,9,15,,,,,,,,,,,,,,,,,,,,,,,,,
tlm,allocator_lane_action,380808,1523232000,75,75,155792,,0,,empty,,,,,,,,,,,,,,,,,,,,,,,155792,0,,,,,,,,,,,,,,,,,,,,,,,
tlm,ticket_pop,380808,1523232000,75,75,,,0,,,,,,,,,,,,,,,,,,,,,,,,,155792,0,body,1783,1784,,,,,,,,,,,,,,,,,,,,
tlm,ticket_pop,380808,1523232000,75,75,,,1,,,,,,,,,,,,,,,,,,,,,,,,,155792,0,body,1783,1784,,,,,,,,,,,,,,,,,,,,
tlm,ticket_pop,380808,1523232000,75,75,,,2,,,,,,,,,,,,,,,,,,,,,,,,,155792,0,body,1783,1784,,,,,,,,,,,,,,,,,,,,
tlm,ticket_pop,380808,1523232000,75,75,,,3,,,,,,,,,,,,,,,,,,,,,,,,,155792,0,body,1783,1784,,,,,,,,,,,,,,,,,,,,
tlm,allocator_lane_action,380810,1523240000,75,75,155792,,1,,empty,,,,,,,,,,,,,,,,,,,,,,,155792,0,,,,,,,,,,,,,,,,,,,,,,,
tlm,allocator_lane_action,380812,1523248000,75,75,155792,,2,,empty,,,,,,,,,,,,,,,,,,,,,,,155792,0,,,,,,,,,,,,,,,,,,,,,,,
tlm,allocator_lane_action,380814,1523256000,75,75,155792,,3,,empty,,,,,,,,,,,,,,,,,,,,,,,155792,0,,,,,,,,,,,,,,,,,,,,,,,
rtl,allocator_lane_action,,1523274000,,,,,0,687491,2,0,1,0,155824,0,75,0,0,1,0,,,,,,,,,,,,,,,,,,,,,,,,,,,,,,,,,,,,,
rtl,allocator_lane_action,,1523274000,,,,,1,687492,2,0,1,0,155824,0,75,0,0,1,0,,,,,,,,,,,,,,,,,,,,,,,,,,,,,,,,,,,,,
rtl,allocator_lane_action,,1523274000,,,,,2,687493,2,0,1,0,155824,0,75,0,0,1,0,,,,,,,,,,,,,,,,,,,,,,,,,,,,,,,,,,,,,
rtl,allocator_lane_action,,1523274000,,,,,3,687494,2,0,1,0,155824,0,75,0,0,1,0,,,,,,,,,,,,,,,,,,,,,,,,,,,,,,,,,,,,,
rtl,allocator_decision,,1523318000,,,155840,,,687506,,,,,,,,,,,,idle_to_fetch,15,15,15,15,0,0,0,0,0,,,,,,,,,,,,,,,,,,,,,,,,,,,
tlm,allocator_fetch,380834,1523336000,75,75,155808,,,,,,,,,,,,,,,,,,,,,,,,,10,15,,,,,,,,,,,,,,,,,,,,,,,,,
tlm,allocator_lane_action,380834,1523336000,75,75,155808,,0,,empty,,,,,,,,,,,,,,,,,,,,,,,155808,0,,,,,,,,,,,,,,,,,,,,,,,
tlm,ticket_pop,380834,1523336000,75,75,,,0,,,,,,,,,,,,,,,,,,,,,,,,,155808,0,body,1784,1785,,,,,,,,,,,,,,,,,,,,
tlm,ticket_pop,380834,1523336000,75,75,,,1,,,,,,,,,,,,,,,,,,,,,,,,,155808,0,body,1784,1785,,,,,,,,,,,,,,,,,,,,
tlm,ticket_pop,380834,1523336000,75,75,,,2,,,,,,,,,,,,,,,,,,,,,,,,,155808,0,body,1784,1785,,,,,,,,,,,,,,,,,,,,
tlm,ticket_pop,380834,1523336000,75,75,,,3,,,,,,,,,,,,,,,,,,,,,,,,,155808,0,body,1784,1785,,,,,,,,,,,,,,,,,,,,
tlm,allocator_lane_action,380836,1523344000,75,75,155808,,1,,empty,,,,,,,,,,,,,,,,,,,,,,,155808,0,,,,,,,,,,,,,,,,,,,,,,,
tlm,allocator_lane_action,380838,1523352000,75,75,155808,,2,,empty,,,,,,,,,,,,,,,,,,,,,,,155808,0,,,,,,,,,,,,,,,,,,,,,,,
tlm,allocator_lane_action,380840,1523360000,75,75,155808,,3,,empty,,,,,,,,,,,,,,,,,,,,,,,155808,0,,,,,,,,,,,,,,,,,,,,,,,
rtl,allocator_lane_action,,1523378000,,,,,0,687527,2,0,1,0,155840,0,75,0,0,1,0,,,,,,,,,,,,,,,,,,,,,,,,,,,,,,,,,,,,,
rtl,allocator_lane_action,,1523378000,,,,,1,687528,2,0,1,0,155840,0,75,0,0,1,0,,,,,,,,,,,,,,,,,,,,,,,,,,,,,,,,,,,,,
rtl,allocator_lane_action,,1523378000,,,,,2,687529,2,0,1,0,155840,0,75,0,0,1,0,,,,,,,,,,,,,,,,,,,,,,,,,,,,,,,,,,,,,
rtl,allocator_lane_action,,1523378000,,,,,3,687530,2,0,1,0,155840,17,75,0,0,1,0,,,,,,,,,,,,,,,,,,,,,,,,,,,,,,,,,,,,,
rtl,handle_accept,,1523414000,,,,,3,687540,,,,,,,,,,,,,,,,,,,,,,,,155840,17,,,,1165,7299,38,1497,0,,,,,,,,,,,,,,,
rtl,allocator_decision,,1523426000,,,155856,,,687545,,,,,,,,,,,,idle_to_fetch,15,15,15,15,0,0,0,0,0,,,,,,,,,,,,,,,,,,,,,,,,,,,
tlm,allocator_fetch,380860,1523440000,75,75,155824,,,,,,,,,,,,,,,,,,,,,,,,,11,15,,,,,,,,,,,,,,,,,,,,,,,,,
tlm,allocator_lane_action,380860,1523440000,75,75,155824,,0,,empty,,,,,,,,,,,,,,,,,,,,,,,155824,0,,,,,,,,,,,,,,,,,,,,,,,
tlm,ticket_pop,380860,1523440000,75,75,,,0,,,,,,,,,,,,,,,,,,,,,,,,,155824,0,body,1785,1786,,,,,,,,,,,,,,,,,,,,
tlm,ticket_pop,380860,1523440000,75,75,,,1,,,,,,,,,,,,,,,,,,,,,,,,,155824,0,body,1785,1786,,,,,,,,,,,,,,,,,,,,
tlm,ticket_pop,380860,1523440000,75,75,,,2,,,,,,,,,,,,,,,,,,,,,,,,,155824,0,body,1785,1786,,,,,,,,,,,,,,,,,,,,
tlm,ticket_pop,380860,1523440000,75,75,,,3,,,,,,,,,,,,,,,,,,,,,,,,,155824,0,body,1785,1786,,,,,,,,,,,,,,,,,,,,
tlm,allocator_lane_action,380862,1523448000,75,75,155824,,1,,empty,,,,,,,,,,,,,,,,,,,,,,,155824,0,,,,,,,,,,,,,,,,,,,,,,,
tlm,allocator_lane_action,380864,1523456000,75,75,155824,,2,,empty,,,,,,,,,,,,,,,,,,,,,,,155824,0,,,,,,,,,,,,,,,,,,,,,,,
tlm,allocator_lane_action,380866,1523464000,75,75,155824,,3,,empty,,,,,,,,,,,,,,,,,,,,,,,155824,0,,,,,,,,,,,,,,,,,,,,,,,
rtl,allocator_lane_action,,1523486000,,,,,0,687583,2,0,1,0,155856,0,75,0,0,1,0,,,,,,,,,,,,,,,,,,,,,,,,,,,,,,,,,,,,,
rtl,allocator_lane_action,,1523486000,,,,,1,687584,2,0,1,0,155856,0,75,0,0,1,0,,,,,,,,,,,,,,,,,,,,,,,,,,,,,,,,,,,,,
rtl,allocator_lane_action,,1523486000,,,,,2,687585,2,0,1,0,155856,0,75,0,0,1,0,,,,,,,,,,,,,,,,,,,,,,,,,,,,,,,,,,,,,
rtl,allocator_lane_action,,1523486000,,,,,3,687586,2,0,1,0,155856,0,75,0,0,1,0,,,,,,,,,,,,,,,,,,,,,,,,,,,,,,,,,,,,,
rtl,credit_return,,1523526000,,,,,3,687617,,,,,,,,,,,,,,,,,,,,,,,,,17,mover_done,,,,,,,,38,,,,,,,,,,,,,,
rtl,allocator_decision,,1523530000,,,155872,,,687619,,,,,,,,,,,,idle_to_fetch,15,15,15,15,0,0,0,0,0,,,,,,,,,,,,,,,,,,,,,,,,,,,
rtl,credit_return,,1523530000,,,,,3,687625,,,,,,,,,,,,,,,,,,,,,,,,,17,credit_return,,,,,,,,38,,,,,,,,,,,,,,
tlm,allocator_fetch,380886,1523544000,75,75,155840,,,,,,,,,,,,,,,,,,,,,,,,,12,15,,,,,,,,,,,,,,,,,,,,,,,,,
tlm,allocator_lane_action,380886,1523544000,75,75,155840,,0,,empty,,,,,,,,,,,,,,,,,,,,,,,155840,0,,,,,,,,,,,,,,,,,,,,,,,
tlm,ticket_pop,380886,1523544000,75,75,,,0,,,,,,,,,,,,,,,,,,,,,,,,,155840,0,body,1786,1787,,,,,,,,,,,,,,,,,,,,
tlm,ticket_pop,380886,1523544000,75,75,,,1,,,,,,,,,,,,,,,,,,,,,,,,,155840,0,body,1786,1787,,,,,,,,,,,,,,,,,,,,
tlm,ticket_pop,380886,1523544000,75,75,,,2,,,,,,,,,,,,,,,,,,,,,,,,,155840,0,body,1786,1787,,,,,,,,,,,,,,,,,,,,
tlm,ticket_pop,380886,1523544000,75,75,,,3,,,,,,,,,,,,,,,,,,,,,,,,,155840,17,body,1786,1787,,,,,,,,,,,,,,,,,,,,
tlm,allocator_lane_action,380888,1523552000,75,75,155840,,1,,empty,,,,,,,,,,,,,,,,,,,,,,,155840,0,,,,,,,,,,,,,,,,,,,,,,,
tlm,allocator_lane_action,380890,1523560000,75,75,155840,,2,,empty,,,,,,,,,,,,,,,,,,,,,,,155840,0,,,,,,,,,,,,,,,,,,,,,,,
tlm,handle_accept,380892,1523568000,75,75,155840,,3,,,,,,,,,,,,,,,,,,,,,,,,,155840,17,,,,,,,,77,,1,,,,,,,,,,,,,
rtl,allocator_lane_action,,1523590000,,,,,0,687641,2,0,1,0,155872,0,75,0,0,1,0,,,,,,,,,,,,,,,,,,,,,,,,,,,,,,,,,,,,,
rtl,allocator_lane_action,,1523590000,,,,,1,687642,2,0,1,0,155872,0,75,0,0,1,0,,,,,,,,,,,,,,,,,,,,,,,,,,,,,,,,,,,,,
rtl,allocator_lane_action,,1523590000,,,,,2,687643,2,0,1,0,155872,0,75,0,0,1,0,,,,,,,,,,,,,,,,,,,,,,,,,,,,,,,,,,,,,
rtl,allocator_lane_action,,1523590000,,,,,3,687644,2,0,1,0,155872,0,75,0,0,1,0,,,,,,,,,,,,,,,,,,,,,,,,,,,,,,,,,,,,,
rtl,allocator_decision,,1523634000,,,155888,,,687656,,,,,,,,,,,,idle_to_fetch,15,15,15,15,0,0,0,0,0,,,,,,,,,,,,,,,,,,,,,,,,,,,
tlm,credit_return,380910,1523640000,75,75,,,3,,,,,,,,,,,,,,,,,,,,,,,,,155840,17,,,,,,,,,,0,512,529,,,,,,,,,,,
tlm,allocator_fetch,380913,1523652000,75,75,155856,,,,,,,,,,,,,,,,,,,,,,,,,13,15,,,,,,,,,,,,,,,,,,,,,,,,,
tlm,allocator_lane_action,380913,1523652000,75,75,155856,,0,,empty,,,,,,,,,,,,,,,,,,,,,,,155856,0,,,,,,,,,,,,,,,,,,,,,,,
tlm,ticket_pop,380913,1523652000,75,75,,,0,,,,,,,,,,,,,,,,,,,,,,,,,155856,0,body,1787,1788,,,,,,,,,,,,,,,,,,,,
tlm,ticket_pop,380913,1523652000,75,75,,,1,,,,,,,,,,,,,,,,,,,,,,,,,155856,0,body,1787,1788,,,,,,,,,,,,,,,,,,,,
tlm,ticket_pop,380913,1523652000,75,75,,,2,,,,,,,,,,,,,,,,,,,,,,,,,155856,0,body,1787,1788,,,,,,,,,,,,,,,,,,,,
tlm,ticket_pop,380913,1523652000,75,75,,,3,,,,,,,,,,,,,,,,,,,,,,,,,155856,0,body,1787,1788,,,,,,,,,,,,,,,,,,,,
tlm,allocator_lane_action,380915,1523660000,75,75,155856,,1,,empty,,,,,,,,,,,,,,,,,,,,,,,155856,0,,,,,,,,,,,,,,,,,,,,,,,
tlm,allocator_lane_action,380917,1523668000,75,75,155856,,2,,empty,,,,,,,,,,,,,,,,,,,,,,,155856,0,,,,,,,,,,,,,,,,,,,,,,,
tlm,allocator_lane_action,380919,1523676000,75,75,155856,,3,,empty,,,,,,,,,,,,,,,,,,,,,,,155856,0,,,,,,,,,,,,,,,,,,,,,,,
rtl,allocator_lane_action,,1523694000,,,,,0,687677,2,0,1,0,155888,0,75,0,0,1,0,,,,,,,,,,,,,,,,,,,,,,,,,,,,,,,,,,,,,
rtl,allocator_lane_action,,1523694000,,,,,1,687678,2,0,1,0,155888,0,75,0,0,1,0,,,,,,,,,,,,,,,,,,,,,,,,,,,,,,,,,,,,,
rtl,allocator_lane_action,,1523694000,,,,,2,687679,2,0,1,0,155888,0,75,0,0,1,0,,,,,,,,,,,,,,,,,,,,,,,,,,,,,,,,,,,,,
rtl,allocator_lane_action,,1523694000,,,,,3,687680,2,0,1,0,155888,17,75,0,0,1,0,,,,,,,,,,,,,,,,,,,,,,,,,,,,,,,,,,,,,
tlm,ticket_enqueue,380932,1523728000,93,93,,,0,,,,,,,,,,,,,,,,,,,,,,,,,190464,0,sop,1788,1787,,,,,,,,769,769,,,,,,,,,,,
tlm,ticket_enqueue,380932,1523728000,93,93,,,1,,,,,,,,,,,,,,,,,,,,,,,,,190464,0,sop,1788,1787,,,,,,,,87,87,,,,,,,,,,,
tlm,ticket_enqueue,380932,1523728000,93,93,,,2,,,,,,,,,,,,,,,,,,,,,,,,,190464,0,sop,1788,1787,,,,,,,,430,430,,,,,,,,,,,
tlm,ticket_enqueue,380932,1523728000,93,93,,,3,,,,,,,,,,,,,,,,,,,,,,,,,190464,0,sop,1788,1787,,,,,,,,529,529,,,,,,,,,,,
rtl,handle_accept,,1523730000,,,,,3,687690,,,,,,,,,,,,,,,,,,,,,,,,155888,17,,,,1182,29355,39,1500,0,,,,,,,,,,,,,,,
tlm,ingress_preaccept,380933,1523732000,93,93,,,0,,,,,,,,,,,,,,,,,,,,,,,,,192512,0,,1787,,,,,,,,,769,,768,,,,,,,,,,
tlm,ingress_preaccept,380933,1523732000,93,93,,,1,,,,,,,,,,,,,,,,,,,,,,,,,192512,0,,1787,,,,,,,,,87,,86,,,,,,,,,,
tlm,ingress_preaccept,380933,1523732000,93,93,,,2,,,,,,,,,,,,,,,,,,,,,,,,,192512,0,,1787,,,,,,,,,430,,429,,,,,,,,,,
tlm,ingress_preaccept,380933,1523732000,93,93,,,3,,,,,,,,,,,,,,,,,,,,,,,,,192512,0,,1787,,,,,,,,,529,,528,,,,,,,,,,
tlm,ticket_enqueue,380933,1523732000,93,93,,,0,,,,,,,,,,,,,,,,,,,,,,,,,192512,0,body,1787,1786,,,,,,,,769,769,,,,,,,,,,,
tlm,ticket_enqueue,380933,1523732000,93,93,,,1,,,,,,,,,,,,,,,,,,,,,,,,,192512,0,body,1787,1786,,,,,,,,87,87,,,,,,,,,,,
tlm,ticket_enqueue,380933,1523732000,93,93,,,2,,,,,,,,,,,,,,,,,,,,,,,,,192512,0,body,1787,1786,,,,,,,,430,430,,,,,,,,,,,
tlm,ticket_enqueue,380933,1523732000,93,93,,,3,,,,,,,,,,,,,,,,,,,,,,,,,192512,0,body,1787,1786,,,,,,,,529,529,,,,,,,,,,,
tlm,ingress_preaccept,380934,1523736000,93,93,,,0,,,,,,,,,,,,,,,,,,,,,,,,,192528,0,,1786,,,,,,,,,769,,768,,,,,,,,,,
tlm,ingress_preaccept,380934,1523736000,93,93,,,1,,,,,,,,,,,,,,,,,,,,,,,,,192528,0,,1786,,,,,,,,,87,,86,,,,,,,,,,
tlm,ingress_preaccept,380934,1523736000,93,93,,,2,,,,,,,,,,,,,,,,,,,,,,,,,192528,0,,1786,,,,,,,,,430,,429,,,,,,,,,,
tlm,ingress_preaccept,380934,1523736000,93,93,,,3,,,,,,,,,,,,,,,,,,,,,,,,,192528,0,,1786,,,,,,,,,529,,528,,,,,,,,,,
tlm,ticket_enqueue,380934,1523736000,93,93,,,0,,,,,,,,,,,,,,,,,,,,,,,,,192528,0,body,1786,1785,,,,,,,,769,769,,,,,,,,,,,
tlm,ticket_enqueue,380934,1523736000,93,93,,,1,,,,,,,,,,,,,,,,,,,,,,,,,192528,0,body,1786,1785,,,,,,,,87,87,,,,,,,,,,,
tlm,ticket_enqueue,380934,1523736000,93,93,,,2,,,,,,,,,,,,,,,,,,,,,,,,,192528,0,body,1786,1785,,,,,,,,430,430,,,,,,,,,,,
tlm,ticket_enqueue,380934,1523736000,93,93,,,3,,,,,,,,,,,,,,,,,,,,,,,,,192528,0,body,1786,1785,,,,,,,,529,529,,,,,,,,,,,
tlm,ingress_preaccept,380935,1523740000,93,93,,,0,,,,,,,,,,,,,,,,,,,,,,,,,192544,0,,1785,,,,,,,,,769,,768,,,,,,,,,,
tlm,ingress_preaccept,380935,1523740000,93,93,,,1,,,,,,,,,,,,,,,,,,,,,,,,,192544,17,,1785,,,,,,,,,87,,86,,,,,,,,,,
tlm,ingress_preaccept,380935,1523740000,93,93,,,2,,,,,,,,,,,,,,,,,,,,,,,,,192544,0,,1785,,,,,,,,,430,,429,,,,,,,,,,
tlm,ingress_preaccept,380935,1523740000,93,93,,,3,,,,,,,,,,,,,,,,,,,,,,,,,192544,0,,1785,,,,,,,,,529,,528,,,,,,,,,,
tlm,ticket_enqueue,380935,1523740000,93,93,,,0,,,,,,,,,,,,,,,,,,,,,,,,,192544,0,body,1785,1784,,,,,,,,769,769,,,,,,,,,,,
tlm,ticket_enqueue,380935,1523740000,93,93,,,2,,,,,,,,,,,,,,,,,,,,,,,,,192544,0,body,1785,1784,,,,,,,,430,430,,,,,,,,,,,
tlm,ticket_enqueue,380935,1523740000,93,93,,,3,,,,,,,,,,,,,,,,,,,,,,,,,192544,0,body,1785,1784,,,,,,,,529,529,,,,,,,,,,,
rtl,allocator_decision,,1523742000,,,155904,,,687695,,,,,,,,,,,,idle_to_fetch,15,15,15,15,0,0,0,0,0,,,,,,,,,,,,,,,,,,,,,,,,,,,
tlm,ingress_preaccept,380936,1523744000,93,93,,,0,,,,,,,,,,,,,,,,,,,,,,,,,192560,0,,1784,,,,,,,,,769,,768,,,,,,,,,,
tlm,ingress_preaccept,380936,1523744000,93,93,,,2,,,,,,,,,,,,,,,,,,,,,,,,,192560,0,,1784,,,,,,,,,430,,429,,,,,,,,,,
tlm,ingress_preaccept,380936,1523744000,93,93,,,3,,,,,,,,,,,,,,,,,,,,,,,,,192560,17,,1784,,,,,,,,,529,,528,,,,,,,,,,
tlm,ticket_enqueue,380936,1523744000,93,93,,,0,,,,,,,,,,,,,,,,,,,,,,,,,192560,0,body,1784,1783,,,,,,,,769,769,,,,,,,,,,,
tlm,ticket_enqueue,380936,1523744000,93,93,,,2,,,,,,,,,,,,,,,,,,,,,,,,,192560,0,body,1784,1783,,,,,,,,430,430,,,,,,,,,,,
tlm,ingress_preaccept,380937,1523748000,93,93,,,0,,,,,,,,,,,,,,,,,,,,,,,,,192576,0,,1783,,,,,,,,,769,,768,,,,,,,,,,
tlm,ingress_preaccept,380937,1523748000,93,93,,,2,,,,,,,,,,,,,,,,,,,,,,,,,192576,0,,1783,,,,,,,,,430,,429,,,,,,,,,,
tlm,ticket_enqueue,380937,1523748000,93,93,,,0,,,,,,,,,,,,,,,,,,,,,,,,,192576,0,body,1783,1782,,,,,,,,769,769,,,,,,,,,,,
tlm,ticket_enqueue,380937,1523748000,93,93,,,2,,,,,,,,,,,,,,,,,,,,,,,,,192576,0,body,1783,1782,,,,,,,,430,430,,,,,,,,,,,
tlm,ingress_preaccept,380938,1523752000,93,93,,,0,,,,,,,,,,,,,,,,,,,,,,,,,192592,0,,1782,,,,,,,,,769,,768,,,,,,,,,,
tlm,ingress_preaccept,380938,1523752000,93,93,,,2,,,,,,,,,,,,,,,,,,,,,,,,,192592,0,,1782,,,,,,,,,430,,429,,,,,,,,,,
tlm,ticket_enqueue,380938,1523752000,93,93,,,0,,,,,,,,,,,,,,,,,,,,,,,,,192592,0,body,1782,1781,,,,,,,,769,769,,,,,,,,,,,
tlm,ticket_enqueue,380938,1523752000,93,93,,,2,,,,,,,,,,,,,,,,,,,,,,,,,192592,0,body,1782,1781,,,,,,,,430,430,,,,,,,,,,,
tlm,allocator_fetch,380939,1523756000,75,75,155872,,,,,,,,,,,,,,,,,,,,,,,,,14,15,,,,,,,,,,,,,,,,,,,,,,,,,
tlm,allocator_lane_action,380939,1523756000,75,75,155872,,0,,empty,,,,,,,,,,,,,,,,,,,,,,,155872,0,,,,,,,,,,,,,,,,,,,,,,,
tlm,ingress_preaccept,380939,1523756000,93,93,,,0,,,,,,,,,,,,,,,,,,,,,,,,,192608,0,,1781,,,,,,,,,769,,768,,,,,,,,,,
tlm,ingress_preaccept,380939,1523756000,93,93,,,2,,,,,,,,,,,,,,,,,,,,,,,,,192608,0,,1781,,,,,,,,,430,,429,,,,,,,,,,
tlm,ticket_enqueue,380939,1523756000,93,93,,,0,,,,,,,,,,,,,,,,,,,,,,,,,192608,0,body,1781,1780,,,,,,,,769,769,,,,,,,,,,,
tlm,ticket_enqueue,380939,1523756000,93,93,,,2,,,,,,,,,,,,,,,,,,,,,,,,,192608,0,body,1781,1780,,,,,,,,430,430,,,,,,,,,,,
tlm,ticket_pop,380939,1523756000,75,75,,,0,,,,,,,,,,,,,,,,,,,,,,,,,155872,0,body,1780,1781,,,,,,,,,,,,,,,,,,,,
tlm,ticket_pop,380939,1523756000,75,75,,,1,,,,,,,,,,,,,,,,,,,,,,,,,155872,0,body,1785,1786,,,,,,,,,,,,,,,,,,,,
tlm,ticket_pop,380939,1523756000,75,75,,,2,,,,,,,,,,,,,,,,,,,,,,,,,155872,0,body,1780,1781,,,,,,,,,,,,,,,,,,,,
tlm,ticket_pop,380939,1523756000,75,75,,,3,,,,,,,,,,,,,,,,,,,,,,,,,155872,0,body,1784,1785,,,,,,,,,,,,,,,,,,,,
tlm,ingress_preaccept,380940,1523760000,93,93,,,0,,,,,,,,,,,,,,,,,,,,,,,,,192624,0,,1781,,,,,,,,,769,,768,,,,,,,,,,
tlm,ingress_preaccept,380940,1523760000,93,93,,,2,,,,,,,,,,,,,,,,,,,,,,,,,192624,0,,1781,,,,,,,,,430,,429,,,,,,,,,,
tlm,ticket_enqueue,380940,1523760000,93,93,,,0,,,,,,,,,,,,,,,,,,,,,,,,,192624,0,body,1781,1780,,,,,,,,769,769,,,,,,,,,,,
tlm,ticket_enqueue,380940,1523760000,93,93,,,2,,,,,,,,,,,,,,,,,,,,,,,,,192624,0,body,1781,1780,,,,,,,,430,430,,,,,,,,,,,
tlm,allocator_lane_action,380941,1523764000,75,75,155872,,1,,empty,,,,,,,,,,,,,,,,,,,,,,,155872,0,,,,,,,,,,,,,,,,,,,,,,,
tlm,ingress_preaccept,380941,1523764000,93,93,,,0,,,,,,,,,,,,,,,,,,,,,,,,,192640,0,,1780,,,,,,,,,769,,768,,,,,,,,,,
tlm,ingress_preaccept,380941,1523764000,93,93,,,2,,,,,,,,,,,,,,,,,,,,,,,,,192640,0,,1780,,,,,,,,,430,,429,,,,,,,,,,
tlm,ticket_enqueue,380941,1523764000,93,93,,,0,,,,,,,,,,,,,,,,,,,,,,,,,192640,0,body,1780,1779,,,,,,,,769,769,,,,,,,,,,,
tlm,ticket_enqueue,380941,1523764000,93,93,,,2,,,,,,,,,,,,,,,,,,,,,,,,,192640,0,body,1780,1779,,,,,,,,430,430,,,,,,,,,,,
tlm,ingress_preaccept,380942,1523768000,93,93,,,0,,,,,,,,,,,,,,,,,,,,,,,,,192656,0,,1779,,,,,,,,,769,,768,,,,,,,,,,
tlm,ingress_preaccept,380942,1523768000,93,93,,,2,,,,,,,,,,,,,,,,,,,,,,,,,192656,0,,1779,,,,,,,,,430,,429,,,,,,,,,,
tlm,ticket_enqueue,380942,1523768000,93,93,,,0,,,,,,,,,,,,,,,,,,,,,,,,,192656,0,body,1779,1778,,,,,,,,769,769,,,,,,,,,,,
tlm,ticket_enqueue,380942,1523768000,93,93,,,2,,,,,,,,,,,,,,,,,,,,,,,,,192656,0,body,1779,1778,,,,,,,,430,430,,,,,,,,,,,
tlm,allocator_lane_action,380943,1523772000,75,75,155872,,2,,empty,,,,,,,,,,,,,,,,,,,,,,,155872,0,,,,,,,,,,,,,,,,,,,,,,,
tlm,ingress_preaccept,380943,1523772000,93,93,,,0,,,,,,,,,,,,,,,,,,,,,,,,,192672,0,,1778,,,,,,,,,769,,768,,,,,,,,,,
tlm,ingress_preaccept,380943,1523772000,93,93,,,2,,,,,,,,,,,,,,,,,,,,,,,,,192672,0,,1778,,,,,,,,,430,,429,,,,,,,,,,
tlm,ticket_enqueue,380943,1523772000,93,93,,,0,,,,,,,,,,,,,,,,,,,,,,,,,192672,0,body,1778,1777,,,,,,,,769,769,,,,,,,,,,,
tlm,ticket_enqueue,380943,1523772000,93,93,,,2,,,,,,,,,,,,,,,,,,,,,,,,,192672,0,body,1778,1777,,,,,,,,430,430,,,,,,,,,,,
tlm,ingress_preaccept,380944,1523776000,93,93,,,0,,,,,,,,,,,,,,,,,,,,,,,,,192688,0,,1777,,,,,,,,,769,,768,,,,,,,,,,
tlm,ingress_preaccept,380944,1523776000,93,93,,,2,,,,,,,,,,,,,,,,,,,,,,,,,192688,0,,1777,,,,,,,,,430,,429,,,,,,,,,,
tlm,ticket_enqueue,380944,1523776000,93,93,,,0,,,,,,,,,,,,,,,,,,,,,,,,,192688,0,body,1777,1776,,,,,,,,769,769,,,,,,,,,,,
tlm,ticket_enqueue,380944,1523776000,93,93,,,2,,,,,,,,,,,,,,,,,,,,,,,,,192688,0,body,1777,1776,,,,,,,,430,430,,,,,,,,,,,
tlm,allocator_lane_action,380945,1523780000,75,75,155872,,3,,empty,,,,,,,,,,,,,,,,,,,,,,,155872,0,,,,,,,,,,,,,,,,,,,,,,,
tlm,ingress_preaccept,380945,1523780000,93,93,,,0,,,,,,,,,,,,,,,,,,,,,,,,,192704,0,,1776,,,,,,,,,769,,768,,,,,,,,,,
tlm,ingress_preaccept,380945,1523780000,93,93,,,2,,,,,,,,,,,,,,,,,,,,,,,,,192704,0,,1776,,,,,,,,,430,,429,,,,,,,,,,
tlm,ticket_enqueue,380945,1523780000,93,93,,,0,,,,,,,,,,,,,,,,,,,,,,,,,192704,0,body,1776,1775,,,,,,,,769,769,,,,,,,,,,,
tlm,ticket_enqueue,380945,1523780000,93,93,,,2,,,,,,,,,,,,,,,,,,,,,,,,,192704,0,body,1776,1775,,,,,,,,430,430,,,,,,,,,,,
tlm,ingress_preaccept,380946,1523784000,93,93,,,0,,,,,,,,,,,,,,,,,,,,,,,,,192720,0,,1775,,,,,,,,,769,,768,,,,,,,,,,
tlm,ingress_preaccept,380946,1523784000,93,93,,,2,,,,,,,,,,,,,,,,,,,,,,,,,192720,0,,1775,,,,,,,,,430,,429,,,,,,,,,,
tlm,ticket_enqueue,380946,1523784000,93,93,,,0,,,,,,,,,,,,,,,,,,,,,,,,,192720,0,body,1775,1774,,,,,,,,769,769,,,,,,,,,,,
tlm,ticket_enqueue,380946,1523784000,93,93,,,2,,,,,,,,,,,,,,,,,,,,,,,,,192720,0,body,1775,1774,,,,,,,,430,430,,,,,,,,,,,
tlm,ingress_preaccept,380947,1523788000,93,93,,,0,,,,,,,,,,,,,,,,,,,,,,,,,192736,0,,1774,,,,,,,,,769,,768,,,,,,,,,,
tlm,ingress_preaccept,380947,1523788000,93,93,,,2,,,,,,,,,,,,,,,,,,,,,,,,,192736,0,,1774,,,,,,,,,430,,429,,,,,,,,,,
tlm,ticket_enqueue,380947,1523788000,93,93,,,0,,,,,,,,,,,,,,,,,,,,,,,,,192736,0,body,1774,1773,,,,,,,,769,769,,,,,,,,,,,
tlm,ticket_enqueue,380947,1523788000,93,93,,,2,,,,,,,,,,,,,,,,,,,,,,,,,192736,0,body,1774,1773,,,,,,,,430,430,,,,,,,,,,,
tlm,ingress_preaccept,380948,1523792000,93,93,,,0,,,,,,,,,,,,,,,,,,,,,,,,,192752,0,,1773,,,,,,,,,769,,768,,,,,,,,,,
tlm,ingress_preaccept,380948,1523792000,93,93,,,2,,,,,,,,,,,,,,,,,,,,,,,,,192752,0,,1773,,,,,,,,,430,,429,,,,,,,,,,
tlm,ticket_enqueue,380948,1523792000,93,93,,,0,,,,,,,,,,,,,,,,,,,,,,,,,192752,0,body,1773,1772,,,,,,,,769,769,,,,,,,,,,,
tlm,ticket_enqueue,380948,1523792000,93,93,,,2,,,,,,,,,,,,,,,,,,,,,,,,,192752,0,body,1773,1772,,,,,,,,430,430,,,,,,,,,,,
tlm,ingress_preaccept,380949,1523796000,93,93,,,0,,,,,,,,,,,,,,,,,,,,,,,,,192768,0,,1772,,,,,,,,,769,,768,,,,,,,,,,
tlm,ingress_preaccept,380949,1523796000,93,93,,,2,,,,,,,,,,,,,,,,,,,,,,,,,192768,0,,1772,,,,,,,,,430,,429,,,,,,,,,,
tlm,ticket_enqueue,380949,1523796000,93,93,,,0,,,,,,,,,,,,,,,,,,,,,,,,,192768,0,body,1772,1771,,,,,,,,769,769,,,,,,,,,,,
tlm,ticket_enqueue,380949,1523796000,93,93,,,2,,,,,,,,,,,,,,,,,,,,,,,,,192768,0,body,1772,1771,,,,,,,,430,430,,,,,,,,,,,
tlm,ingress_preaccept,380950,1523800000,93,93,,,0,,,,,,,,,,,,,,,,,,,,,,,,,192784,0,,1771,,,,,,,,,769,,768,,,,,,,,,,
tlm,ingress_preaccept,380950,1523800000,93,93,,,2,,,,,,,,,,,,,,,,,,,,,,,,,192784,0,,1771,,,,,,,,,430,,429,,,,,,,,,,
tlm,ticket_enqueue,380950,1523800000,93,93,,,0,,,,,,,,,,,,,,,,,,,,,,,,,192784,0,body,1771,1770,,,,,,,,769,769,,,,,,,,,,,
tlm,ticket_enqueue,380950,1523800000,93,93,,,2,,,,,,,,,,,,,,,,,,,,,,,,,192784,0,body,1771,1770,,,,,,,,430,430,,,,,,,,,,,
rtl,allocator_lane_action,,1523802000,,,,,0,687733,2,0,1,0,155904,0,75,0,0,1,0,,,,,,,,,,,,,,,,,,,,,,,,,,,,,,,,,,,,,
rtl,allocator_lane_action,,1523802000,,,,,1,687734,2,0,1,0,155904,0,75,0,0,1,0,,,,,,,,,,,,,,,,,,,,,,,,,,,,,,,,,,,,,
rtl,allocator_lane_action,,1523802000,,,,,2,687735,2,0,1,0,155904,17,75,0,0,1,0,,,,,,,,,,,,,,,,,,,,,,,,,,,,,,,,,,,,,
rtl,allocator_lane_action,,1523802000,,,,,3,687736,2,0,1,0,155904,0,75,0,0,1,0,,,,,,,,,,,,,,,,,,,,,,,,,,,,,,,,,,,,,
tlm,ingress_preaccept,380951,1523804000,93,93,,,0,,,,,,,,,,,,,,,,,,,,,,,,,192800,0,,1770,,,,,,,,,769,,768,,,,,,,,,,
tlm,ingress_preaccept,380951,1523804000,93,93,,,2,,,,,,,,,,,,,,,,,,,,,,,,,192800,0,,1770,,,,,,,,,430,,429,,,,,,,,,,
tlm,ticket_enqueue,380951,1523804000,93,93,,,0,,,,,,,,,,,,,,,,,,,,,,,,,192800,0,body,1770,1769,,,,,,,,769,769,,,,,,,,,,,
tlm,ticket_enqueue,380951,1523804000,93,93,,,2,,,,,,,,,,,,,,,,,,,,,,,,,192800,0,body,1770,1769,,,,,,,,430,430,,,,,,,,,,,
tlm,ingress_preaccept,380952,1523808000,93,93,,,0,,,,,,,,,,,,,,,,,,,,,,,,,192816,0,,1769,,,,,,,,,769,,768,,,,,,,,,,
tlm,ingress_preaccept,380952,1523808000,93,93,,,2,,,,,,,,,,,,,,,,,,,,,,,,,192816,0,,1769,,,,,,,,,430,,429,,,,,,,,,,
tlm,ticket_enqueue,380952,1523808000,93,93,,,0,,,,,,,,,,,,,,,,,,,,,,,,,192816,0,body,1769,1768,,,,,,,,769,769,,,,,,,,,,,
tlm,ticket_enqueue,380952,1523808000,93,93,,,1,,,,,,,,,,,,,,,,,,,,,,,,,192544,17,body,1786,1785,,,,,,,,87,70,,,,,,,,,,,
tlm,ticket_enqueue,380952,1523808000,93,93,,,2,,,,,,,,,,,,,,,,,,,,,,,,,192816,0,body,1769,1768,,,,,,,,430,430,,,,,,,,,,,
tlm,ingress_preaccept,380953,1523812000,93,93,,,0,,,,,,,,,,,,,,,,,,,,,,,,,192832,0,,1768,,,,,,,,,769,,768,,,,,,,,,,
tlm,ingress_preaccept,380953,1523812000,93,93,,,1,,,,,,,,,,,,,,,,,,,,,,,,,192560,0,,1785,,,,,,,,,70,,69,,,,,,,,,,
tlm,ingress_preaccept,380953,1523812000,93,93,,,2,,,,,,,,,,,,,,,,,,,,,,,,,192832,0,,1768,,,,,,,,,430,,429,,,,,,,,,,
tlm,ticket_enqueue,380953,1523812000,93,93,,,0,,,,,,,,,,,,,,,,,,,,,,,,,192832,0,body,1768,1767,,,,,,,,769,769,,,,,,,,,,,
tlm,ticket_enqueue,380953,1523812000,93,93,,,1,,,,,,,,,,,,,,,,,,,,,,,,,192560,0,body,1785,1784,,,,,,,,70,70,,,,,,,,,,,
tlm,ticket_enqueue,380953,1523812000,93,93,,,2,,,,,,,,,,,,,,,,,,,,,,,,,192832,0,body,1768,1767,,,,,,,,430,430,,,,,,,,,,,
tlm,ticket_enqueue,380953,1523812000,93,93,,,3,,,,,,,,,,,,,,,,,,,,,,,,,192560,17,body,1785,1784,,,,,,,,529,512,,,,,,,,,,,
tlm,ingress_preaccept,380954,1523816000,93,93,,,0,,,,,,,,,,,,,,,,,,,,,,,,,192848,0,,1767,,,,,,,,,769,,768,,,,,,,,,,
tlm,ingress_preaccept,380954,1523816000,93,93,,,1,,,,,,,,,,,,,,,,,,,,,,,,,192576,0,,1784,,,,,,,,,70,,69,,,,,,,,,,
tlm,ingress_preaccept,380954,1523816000,93,93,,,2,,,,,,,,,,,,,,,,,,,,,,,,,192848,0,,1767,,,,,,,,,430,,429,,,,,,,,,,
tlm,ingress_preaccept,380954,1523816000,93,93,,,3,,,,,,,,,,,,,,,,,,,,,,,,,192576,0,,1784,,,,,,,,,512,,511,,,,,,,,,,
tlm,ticket_enqueue,380954,1523816000,93,93,,,0,,,,,,,,,,,,,,,,,,,,,,,,,192848,0,body,1767,1766,,,,,,,,769,769,,,,,,,,,,,
tlm,ticket_enqueue,380954,1523816000,93,93,,,1,,,,,,,,,,,,,,,,,,,,,,,,,192576,0,body,1784,1783,,,,,,,,70,70,,,,,,,,,,,
tlm,ticket_enqueue,380954,1523816000,93,93,,,2,,,,,,,,,,,,,,,,,,,,,,,,,192848,0,body,1767,1766,,,,,,,,430,430,,,,,,,,,,,
tlm,ticket_enqueue,380954,1523816000,93,93,,,3,,,,,,,,,,,,,,,,,,,,,,,,,192576,0,body,1784,1783,,,,,,,,512,512,,,,,,,,,,,
tlm,ingress_preaccept,380955,1523820000,93,93,,,0,,,,,,,,,,,,,,,,,,,,,,,,,192864,0,,1766,,,,,,,,,769,,768,,,,,,,,,,
tlm,ingress_preaccept,380955,1523820000,93,93,,,1,,,,,,,,,,,,,,,,,,,,,,,,,192592,0,,1783,,,,,,,,,70,,69,,,,,,,,,,
tlm,ingress_preaccept,380955,1523820000,93,93,,,2,,,,,,,,,,,,,,,,,,,,,,,,,192864,0,,1766,,,,,,,,,430,,429,,,,,,,,,,
tlm,ingress_preaccept,380955,1523820000,93,93,,,3,,,,,,,,,,,,,,,,,,,,,,,,,192592,0,,1783,,,,,,,,,512,,511,,,,,,,,,,
tlm,ticket_enqueue,380955,1523820000,93,93,,,0,,,,,,,,,,,,,,,,,,,,,,,,,192864,0,body,1766,1765,,,,,,,,769,769,,,,,,,,,,,
tlm,ticket_enqueue,380955,1523820000,93,93,,,1,,,,,,,,,,,,,,,,,,,,,,,,,192592,0,body,1783,1782,,,,,,,,70,70,,,,,,,,,,,
tlm,ticket_enqueue,380955,1523820000,93,93,,,2,,,,,,,,,,,,,,,,,,,,,,,,,192864,0,body,1766,1765,,,,,,,,430,430,,,,,,,,,,,
tlm,ticket_enqueue,380955,1523820000,93,93,,,3,,,,,,,,,,,,,,,,,,,,,,,,,192592,0,body,1783,1782,,,,,,,,512,512,,,,,,,,,,,
tlm,ingress_preaccept,380956,1523824000,93,93,,,0,,,,,,,,,,,,,,,,,,,,,,,,,192880,0,,1765,,,,,,,,,769,,768,,,,,,,,,,
tlm,ingress_preaccept,380956,1523824000,93,93,,,1,,,,,,,,,,,,,,,,,,,,,,,,,192608,0,,1782,,,,,,,,,70,,69,,,,,,,,,,
tlm,ingress_preaccept,380956,1523824000,93,93,,,2,,,,,,,,,,,,,,,,,,,,,,,,,192880,0,,1765,,,,,,,,,430,,429,,,,,,,,,,
tlm,ingress_preaccept,380956,1523824000,93,93,,,3,,,,,,,,,,,,,,,,,,,,,,,,,192608,0,,1782,,,,,,,,,512,,511,,,,,,,,,,
tlm,ticket_enqueue,380956,1523824000,93,93,,,0,,,,,,,,,,,,,,,,,,,,,,,,,192880,0,body,1765,1764,,,,,,,,769,769,,,,,,,,,,,
tlm,ticket_enqueue,380956,1523824000,93,93,,,1,,,,,,,,,,,,,,,,,,,,,,,,,192608,0,body,1782,1781,,,,,,,,70,70,,,,,,,,,,,
tlm,ticket_enqueue,380956,1523824000,93,93,,,2,,,,,,,,,,,,,,,,,,,,,,,,,192880,0,body,1765,1764,,,,,,,,430,430,,,,,,,,,,,
tlm,ticket_enqueue,380956,1523824000,93,93,,,3,,,,,,,,,,,,,,,,,,,,,,,,,192608,0,body,1782,1781,,,,,,,,512,512,,,,,,,,,,,
tlm,ingress_preaccept,380957,1523828000,93,93,,,0,,,,,,,,,,,,,,,,,,,,,,,,,192896,0,,1764,,,,,,,,,769,,768,,,,,,,,,,
tlm,ingress_preaccept,380957,1523828000,93,93,,,1,,,,,,,,,,,,,,,,,,,,,,,,,192624,0,,1781,,,,,,,,,70,,69,,,,,,,,,,
tlm,ingress_preaccept,380957,1523828000,93,93,,,2,,,,,,,,,,,,,,,,,,,,,,,,,192896,0,,1764,,,,,,,,,430,,429,,,,,,,,,,
tlm,ingress_preaccept,380957,1523828000,93,93,,,3,,,,,,,,,,,,,,,,,,,,,,,,,192624,0,,1781,,,,,,,,,512,,511,,,,,,,,,,
tlm,ticket_enqueue,380957,1523828000,93,93,,,0,,,,,,,,,,,,,,,,,,,,,,,,,192896,0,body,1764,1763,,,,,,,,769,769,,,,,,,,,,,
tlm,ticket_enqueue,380957,1523828000,93,93,,,1,,,,,,,,,,,,,,,,,,,,,,,,,192624,0,body,1781,1780,,,,,,,,70,70,,,,,,,,,,,
tlm,ticket_enqueue,380957,1523828000,93,93,,,2,,,,,,,,,,,,,,,,,,,,,,,,,192896,0,body,1764,1763,,,,,,,,430,430,,,,,,,,,,,
tlm,ticket_enqueue,380957,1523828000,93,93,,,3,,,,,,,,,,,,,,,,,,,,,,,,,192624,0,body,1781,1780,,,,,,,,512,512,,,,,,,,,,,
rtl,handle_accept,,1523830000,,,,,2,687757,,,,,,,,,,,,,,,,,,,,,,,,155904,17,,,,1949,29373,28,1501,0,,,,,,,,,,,,,,,
tlm,ingress_preaccept,380958,1523832000,93,93,,,0,,,,,,,,,,,,,,,,,,,,,,,,,192912,0,,1763,,,,,,,,,769,,768,,,,,,,,,,
tlm,ingress_preaccept,380958,1523832000,93,93,,,1,,,,,,,,,,,,,,,,,,,,,,,,,192640,0,,1780,,,,,,,,,70,,69,,,,,,,,,,
tlm,ingress_preaccept,380958,1523832000,93,93,,,2,,,,,,,,,,,,,,,,,,,,,,,,,192912,0,,1763,,,,,,,,,430,,429,,,,,,,,,,
tlm,ingress_preaccept,380958,1523832000,93,93,,,3,,,,,,,,,,,,,,,,,,,,,,,,,192640,0,,1780,,,,,,,,,512,,511,,,,,,,,,,
tlm,ticket_enqueue,380958,1523832000,93,93,,,0,,,,,,,,,,,,,,,,,,,,,,,,,192912,0,body,1763,1762,,,,,,,,769,769,,,,,,,,,,,
tlm,ticket_enqueue,380958,1523832000,93,93,,,1,,,,,,,,,,,,,,,,,,,,,,,,,192640,0,body,1780,1779,,,,,,,,70,70,,,,,,,,,,,
tlm,ticket_enqueue,380958,1523832000,93,93,,,2,,,,,,,,,,,,,,,,,,,,,,,,,192912,0,body,1763,1762,,,,,,,,430,430,,,,,,,,,,,
tlm,ticket_enqueue,380958,1523832000,93,93,,,3,,,,,,,,,,,,,,,,,,,,,,,,,192640,0,body,1780,1779,,,,,,,,512,512,,,,,,,,,,,
tlm,ingress_preaccept,380959,1523836000,93,93,,,0,,,,,,,,,,,,,,,,,,,,,,,,,192928,0,,1762,,,,,,,,,769,,768,,,,,,,,,,
tlm,ingress_preaccept,380959,1523836000,93,93,,,1,,,,,,,,,,,,,,,,,,,,,,,,,192656,0,,1779,,,,,,,,,70,,69,,,,,,,,,,
tlm,ingress_preaccept,380959,1523836000,93,93,,,2,,,,,,,,,,,,,,,,,,,,,,,,,192928,0,,1762,,,,,,,,,430,,429,,,,,,,,,,
tlm,ingress_preaccept,380959,1523836000,93,93,,,3,,,,,,,,,,,,,,,,,,,,,,,,,192656,0,,1779,,,,,,,,,512,,511,,,,,,,,,,
tlm,ticket_enqueue,380959,1523836000,93,93,,,0,,,,,,,,,,,,,,,,,,,,,,,,,192928,0,body,1762,1761,,,,,,,,769,769,,,,,,,,,,,
tlm,ticket_enqueue,380959,1523836000,93,93,,,1,,,,,,,,,,,,,,,,,,,,,,,,,192656,0,body,1779,1778,,,,,,,,70,70,,,,,,,,,,,
tlm,ticket_enqueue,380959,1523836000,93,93,,,2,,,,,,,,,,,,,,,,,,,,,,,,,192928,0,body,1762,1761,,,,,,,,430,430,,,,,,,,,,,
tlm,ticket_enqueue,380959,1523836000,93,93,,,3,,,,,,,,,,,,,,,,,,,,,,,,,192656,0,body,1779,1778,,,,,,,,512,512,,,,,,,,,,,
tlm,ingress_preaccept,380960,1523840000,93,93,,,0,,,,,,,,,,,,,,,,,,,,,,,,,192944,0,,1761,,,,,,,,,769,,768,,,,,,,,,,
tlm,ingress_preaccept,380960,1523840000,93,93,,,1,,,,,,,,,,,,,,,,,,,,,,,,,192672,0,,1778,,,,,,,,,70,,69,,,,,,,,,,
tlm,ingress_preaccept,380960,1523840000,93,93,,,2,,,,,,,,,,,,,,,,,,,,,,,,,192944,0,,1761,,,,,,,,,430,,429,,,,,,,,,,
tlm,ingress_preaccept,380960,1523840000,93,93,,,3,,,,,,,,,,,,,,,,,,,,,,,,,192672,0,,1778,,,,,,,,,512,,511,,,,,,,,,,
tlm,ticket_enqueue,380960,1523840000,93,93,,,0,,,,,,,,,,,,,,,,,,,,,,,,,192944,0,body,1761,1760,,,,,,,,769,769,,,,,,,,,,,
tlm,ticket_enqueue,380960,1523840000,93,93,,,1,,,,,,,,,,,,,,,,,,,,,,,,,192672,0,body,1778,1777,,,,,,,,70,70,,,,,,,,,,,
tlm,ticket_enqueue,380960,1523840000,93,93,,,2,,,,,,,,,,,,,,,,,,,,,,,,,192944,0,body,1761,1760,,,,,,,,430,430,,,,,,,,,,,
tlm,ticket_enqueue,380960,1523840000,93,93,,,3,,,,,,,,,,,,,,,,,,,,,,,,,192672,0,body,1778,1777,,,,,,,,512,512,,,,,,,,,,,
rtl,credit_return,,1523842000,,,,,3,687769,,,,,,,,,,,,,,,,,,,,,,,,,17,mover_done,,,,,,,,39,,,,,,,,,,,,,,
tlm,ingress_preaccept,380961,1523844000,93,93,,,0,,,,,,,,,,,,,,,,,,,,,,,,,192960,0,,1760,,,,,,,,,769,,768,,,,,,,,,,
tlm,ingress_preaccept,380961,1523844000,93,93,,,1,,,,,,,,,,,,,,,,,,,,,,,,,192688,0,,1777,,,,,,,,,70,,69,,,,,,,,,,
tlm,ingress_preaccept,380961,1523844000,93,93,,,2,,,,,,,,,,,,,,,,,,,,,,,,,192960,0,,1760,,,,,,,,,430,,429,,,,,,,,,,
tlm,ingress_preaccept,380961,1523844000,93,93,,,3,,,,,,,,,,,,,,,,,,,,,,,,,192688,0,,1777,,,,,,,,,512,,511,,,,,,,,,,
tlm,ticket_enqueue,380961,1523844000,93,93,,,0,,,,,,,,,,,,,,,,,,,,,,,,,192960,0,body,1760,1759,,,,,,,,769,769,,,,,,,,,,,
tlm,ticket_enqueue,380961,1523844000,93,93,,,1,,,,,,,,,,,,,,,,,,,,,,,,,192688,0,body,1777,1776,,,,,,,,70,70,,,,,,,,,,,
tlm,ticket_enqueue,380961,1523844000,93,93,,,2,,,,,,,,,,,,,,,,,,,,,,,,,192960,0,body,1760,1759,,,,,,,,430,430,,,,,,,,,,,
tlm,ticket_enqueue,380961,1523844000,93,93,,,3,,,,,,,,,,,,,,,,,,,,,,,,,192688,0,body,1777,1776,,,,,,,,512,512,,,,,,,,,,,
rtl,credit_return,,1523846000,,,,,3,687773,,,,,,,,,,,,,,,,,,,,,,,,,17,credit_return,,,,,,,,39,,,,,,,,,,,,,,
tlm,ingress_preaccept,380962,1523848000,93,93,,,0,,,,,,,,,,,,,,,,,,,,,,,,,192976,0,,1759,,,,,,,,,769,,768,,,,,,,,,,
tlm,ingress_preaccept,380962,1523848000,93,93,,,1,,,,,,,,,,,,,,,,,,,,,,,,,192704,0,,1776,,,,,,,,,70,,69,,,,,,,,,,
tlm,ingress_preaccept,380962,1523848000,93,93,,,2,,,,,,,,,,,,,,,,,,,,,,,,,192976,0,,1759,,,,,,,,,430,,429,,,,,,,,,,
tlm,ingress_preaccept,380962,1523848000,93,93,,,3,,,,,,,,,,,,,,,,,,,,,,,,,192704,0,,1776,,,,,,,,,512,,511,,,,,,,,,,
tlm,ticket_enqueue,380962,1523848000,93,93,,,0,,,,,,,,,,,,,,,,,,,,,,,,,192976,0,body,1759,1758,,,,,,,,769,769,,,,,,,,,,,
tlm,ticket_enqueue,380962,1523848000,93,93,,,1,,,,,,,,,,,,,,,,,,,,,,,,,192704,0,body,1776,1775,,,,,,,,70,70,,,,,,,,,,,
tlm,ticket_enqueue,380962,1523848000,93,93,,,2,,,,,,,,,,,,,,,,,,,,,,,,,192976,0,body,1759,1758,,,,,,,,430,430,,,,,,,,,,,
tlm,ticket_enqueue,380962,1523848000,93,93,,,3,,,,,,,,,,,,,,,,,,,,,,,,,192704,0,body,1776,1775,,,,,,,,512,512,,,,,,,,,,,
rtl,allocator_decision,,1523850000,,,155920,,,687774,,,,,,,,,,,,idle_to_fetch,15,15,15,15,0,0,0,0,0,,,,,,,,,,,,,,,,,,,,,,,,,,,
tlm,ingress_preaccept,380963,1523852000,93,93,,,0,,,,,,,,,,,,,,,,,,,,,,,,,192992,0,,1758,,,,,,,,,769,,768,,,,,,,,,,
tlm,ingress_preaccept,380963,1523852000,93,93,,,1,,,,,,,,,,,,,,,,,,,,,,,,,192720,0,,1775,,,,,,,,,70,,69,,,,,,,,,,
tlm,ingress_preaccept,380963,1523852000,93,93,,,2,,,,,,,,,,,,,,,,,,,,,,,,,192992,0,,1758,,,,,,,,,430,,429,,,,,,,,,,
tlm,ingress_preaccept,380963,1523852000,93,93,,,3,,,,,,,,,,,,,,,,,,,,,,,,,192720,0,,1775,,,,,,,,,512,,511,,,,,,,,,,
tlm,ticket_enqueue,380963,1523852000,93,93,,,0,,,,,,,,,,,,,,,,,,,,,,,,,192992,0,body,1758,1757,,,,,,,,769,769,,,,,,,,,,,
tlm,ticket_enqueue,380963,1523852000,93,93,,,1,,,,,,,,,,,,,,,,,,,,,,,,,192720,0,body,1775,1774,,,,,,,,70,70,,,,,,,,,,,
tlm,ticket_enqueue,380963,1523852000,93,93,,,2,,,,,,,,,,,,,,,,,,,,,,,,,192992,0,body,1758,1757,,,,,,,,430,430,,,,,,,,,,,
tlm,ticket_enqueue,380963,1523852000,93,93,,,3,,,,,,,,,,,,,,,,,,,,,,,,,192720,0,body,1775,1774,,,,,,,,512,512,,,,,,,,,,,
tlm,ingress_preaccept,380964,1523856000,93,93,,,0,,,,,,,,,,,,,,,,,,,,,,,,,193008,0,,1757,,,,,,,,,769,,768,,,,,,,,,,
tlm,ingress_preaccept,380964,1523856000,93,93,,,1,,,,,,,,,,,,,,,,,,,,,,,,,192736,0,,1774,,,,,,,,,70,,69,,,,,,,,,,
tlm,ingress_preaccept,380964,1523856000,93,93,,,2,,,,,,,,,,,,,,,,,,,,,,,,,193008,0,,1757,,,,,,,,,430,,429,,,,,,,,,,
tlm,ingress_preaccept,380964,1523856000,93,93,,,3,,,,,,,,,,,,,,,,,,,,,,,,,192736,0,,1774,,,,,,,,,512,,511,,,,,,,,,,
tlm,ticket_enqueue,380964,1523856000,93,93,,,0,,,,,,,,,,,,,,,,,,,,,,,,,193008,0,body,1757,1756,,,,,,,,769,769,,,,,,,,,,,
tlm,ticket_enqueue,380964,1523856000,93,93,,,1,,,,,,,,,,,,,,,,,,,,,,,,,192736,0,body,1774,1773,,,,,,,,70,70,,,,,,,,,,,
tlm,ticket_enqueue,380964,1523856000,93,93,,,2,,,,,,,,,,,,,,,,,,,,,,,,,193008,0,body,1757,1756,,,,,,,,430,430,,,,,,,,,,,
tlm,ticket_enqueue,380964,1523856000,93,93,,,3,,,,,,,,,,,,,,,,,,,,,,,,,192736,0,body,1774,1773,,,,,,,,512,512,,,,,,,,,,,
tlm,allocator_fetch,380965,1523860000,75,75,155888,,,,,,,,,,,,,,,,,,,,,,,,,15,15,,,,,,,,,,,,,,,,,,,,,,,,,
tlm,allocator_lane_action,380965,1523860000,75,75,155888,,0,,empty,,,,,,,,,,,,,,,,,,,,,,,155888,0,,,,,,,,,,,,,,,,,,,,,,,
tlm,ingress_preaccept,380965,1523860000,93,93,,,0,,,,,,,,,,,,,,,,,,,,,,,,,193024,0,,1756,,,,,,,,,769,,768,,,,,,,,,,
tlm,ingress_preaccept,380965,1523860000,93,93,,,1,,,,,,,,,,,,,,,,,,,,,,,,,192752,0,,1773,,,,,,,,,70,,69,,,,,,,,,,
tlm,ingress_preaccept,380965,1523860000,93,93,,,2,,,,,,,,,,,,,,,,,,,,,,,,,193024,0,,1756,,,,,,,,,430,,429,,,,,,,,,,
tlm,ingress_preaccept,380965,1523860000,93,93,,,3,,,,,,,,,,,,,,,,,,,,,,,,,192752,0,,1773,,,,,,,,,512,,511,,,,,,,,,,
tlm,ticket_enqueue,380965,1523860000,93,93,,,0,,,,,,,,,,,,,,,,,,,,,,,,,193024,0,body,1756,1755,,,,,,,,769,769,,,,,,,,,,,
tlm,ticket_enqueue,380965,1523860000,93,93,,,1,,,,,,,,,,,,,,,,,,,,,,,,,192752,0,body,1773,1772,,,,,,,,70,70,,,,,,,,,,,
tlm,ticket_enqueue,380965,1523860000,93,93,,,2,,,,,,,,,,,,,,,,,,,,,,,,,193024,0,body,1756,1755,,,,,,,,430,430,,,,,,,,,,,
tlm,ticket_enqueue,380965,1523860000,93,93,,,3,,,,,,,,,,,,,,,,,,,,,,,,,192752,0,body,1773,1772,,,,,,,,512,512,,,,,,,,,,,
tlm,ticket_pop,380965,1523860000,75,75,,,0,,,,,,,,,,,,,,,,,,,,,,,,,155888,0,body,1755,1756,,,,,,,,,,,,,,,,,,,,
tlm,ticket_pop,380965,1523860000,75,75,,,1,,,,,,,,,,,,,,,,,,,,,,,,,155888,0,body,1772,1773,,,,,,,,,,,,,,,,,,,,
tlm,ticket_pop,380965,1523860000,75,75,,,2,,,,,,,,,,,,,,,,,,,,,,,,,155888,0,body,1755,1756,,,,,,,,,,,,,,,,,,,,
tlm,ticket_pop,380965,1523860000,75,75,,,3,,,,,,,,,,,,,,,,,,,,,,,,,155888,17,body,1772,1773,,,,,,,,,,,,,,,,,,,,
tlm,ingress_preaccept,380966,1523864000,93,93,,,0,,,,,,,,,,,,,,,,,,,,,,,,,193040,0,,1756,,,,,,,,,769,,768,,,,,,,,,,
tlm,ingress_preaccept,380966,1523864000,93,93,,,1,,,,,,,,,,,,,,,,,,,,,,,,,192768,0,,1773,,,,,,,,,70,,69,,,,,,,,,,
tlm,ingress_preaccept,380966,1523864000,93,93,,,2,,,,,,,,,,,,,,,,,,,,,,,,,193040,0,,1756,,,,,,,,,430,,429,,,,,,,,,,
tlm,ingress_preaccept,380966,1523864000,93,93,,,3,,,,,,,,,,,,,,,,,,,,,,,,,192768,0,,1773,,,,,,,,,512,,511,,,,,,,,,,
tlm,ticket_enqueue,380966,1523864000,93,93,,,0,,,,,,,,,,,,,,,,,,,,,,,,,193040,0,body,1756,1755,,,,,,,,769,769,,,,,,,,,,,
tlm,ticket_enqueue,380966,1523864000,93,93,,,1,,,,,,,,,,,,,,,,,,,,,,,,,192768,0,body,1773,1772,,,,,,,,70,70,,,,,,,,,,,
tlm,ticket_enqueue,380966,1523864000,93,93,,,2,,,,,,,,,,,,,,,,,,,,,,,,,193040,0,body,1756,1755,,,,,,,,430,430,,,,,,,,,,,
tlm,ticket_enqueue,380966,1523864000,93,93,,,3,,,,,,,,,,,,,,,,,,,,,,,,,192768,0,body,1773,1772,,,,,,,,512,512,,,,,,,,,,,
tlm,allocator_lane_action,380967,1523868000,75,75,155888,,1,,empty,,,,,,,,,,,,,,,,,,,,,,,155888,0,,,,,,,,,,,,,,,,,,,,,,,
tlm,ingress_preaccept,380967,1523868000,93,93,,,0,,,,,,,,,,,,,,,,,,,,,,,,,193056,0,,1755,,,,,,,,,769,,768,,,,,,,,,,
tlm,ingress_preaccept,380967,1523868000,93,93,,,1,,,,,,,,,,,,,,,,,,,,,,,,,192784,0,,1772,,,,,,,,,70,,69,,,,,,,,,,
tlm,ingress_preaccept,380967,1523868000,93,93,,,2,,,,,,,,,,,,,,,,,,,,,,,,,193056,17,,1755,,,,,,,,,430,,429,,,,,,,,,,
tlm,ingress_preaccept,380967,1523868000,93,93,,,3,,,,,,,,,,,,,,,,,,,,,,,,,192784,0,,1772,,,,,,,,,512,,511,,,,,,,,,,
tlm,ticket_enqueue,380967,1523868000,93,93,,,0,,,,,,,,,,,,,,,,,,,,,,,,,193056,0,body,1755,1754,,,,,,,,769,769,,,,,,,,,,,
tlm,ticket_enqueue,380967,1523868000,93,93,,,1,,,,,,,,,,,,,,,,,,,,,,,,,192784,0,body,1772,1771,,,,,,,,70,70,,,,,,,,,,,
tlm,ticket_enqueue,380967,1523868000,93,93,,,3,,,,,,,,,,,,,,,,,,,,,,,,,192784,0,body,1772,1771,,,,,,,,512,512,,,,,,,,,,,
tlm,ingress_preaccept,380968,1523872000,93,93,,,0,,,,,,,,,,,,,,,,,,,,,,,,,193072,0,,1754,,,,,,,,,769,,768,,,,,,,,,,
tlm,ingress_preaccept,380968,1523872000,93,93,,,1,,,,,,,,,,,,,,,,,,,,,,,,,192800,0,,1771,,,,,,,,,70,,69,,,,,,,,,,
tlm,ingress_preaccept,380968,1523872000,93,93,,,3,,,,,,,,,,,,,,,,,,,,,,,,,192800,0,,1771,,,,,,,,,512,,511,,,,,,,,,,
tlm,ticket_enqueue,380968,1523872000,93,93,,,0,,,,,,,,,,,,,,,,,,,,,,,,,193072,0,body,1754,1753,,,,,,,,769,769,,,,,,,,,,,
tlm,ticket_enqueue,380968,1523872000,93,93,,,1,,,,,,,,,,,,,,,,,,,,,,,,,192800,0,body,1771,1770,,,,,,,,70,70,,,,,,,,,,,
tlm,ticket_enqueue,380968,1523872000,93,93,,,3,,,,,,,,,,,,,,,,,,,,,,,,,192800,0,body,1771,1770,,,,,,,,512,512,,,,,,,,,,,
tlm,allocator_lane_action,380969,1523876000,75,75,155888,,2,,empty,,,,,,,,,,,,,,,,,,,,,,,155888,0,,,,,,,,,,,,,,,,,,,,,,,
tlm,ingress_preaccept,380969,1523876000,93,93,,,0,,,,,,,,,,,,,,,,,,,,,,,,,193088,0,,1753,,,,,,,,,769,,768,,,,,,,,,,
tlm,ingress_preaccept,380969,1523876000,93,93,,,1,,,,,,,,,,,,,,,,,,,,,,,,,192816,0,,1770,,,,,,,,,70,,69,,,,,,,,,,
tlm,ingress_preaccept,380969,1523876000,93,93,,,3,,,,,,,,,,,,,,,,,,,,,,,,,192816,0,,1770,,,,,,,,,512,,511,,,,,,,,,,
tlm,ticket_enqueue,380969,1523876000,93,93,,,0,,,,,,,,,,,,,,,,,,,,,,,,,193088,0,body,1753,1752,,,,,,,,769,769,,,,,,,,,,,
tlm,ticket_enqueue,380969,1523876000,93,93,,,1,,,,,,,,,,,,,,,,,,,,,,,,,192816,0,body,1770,1769,,,,,,,,70,70,,,,,,,,,,,
tlm,ticket_enqueue,380969,1523876000,93,93,,,3,,,,,,,,,,,,,,,,,,,,,,,,,192816,0,body,1770,1769,,,,,,,,512,512,,,,,,,,,,,
tlm,ingress_preaccept,380970,1523880000,93,93,,,0,,,,,,,,,,,,,,,,,,,,,,,,,193104,0,,1752,,,,,,,,,769,,768,,,,,,,,,,
tlm,ingress_preaccept,380970,1523880000,93,93,,,1,,,,,,,,,,,,,,,,,,,,,,,,,192832,0,,1769,,,,,,,,,70,,69,,,,,,,,,,
tlm,ingress_preaccept,380970,1523880000,93,93,,,3,,,,,,,,,,,,,,,,,,,,,,,,,192832,0,,1769,,,,,,,,,512,,511,,,,,,,,,,
tlm,ticket_enqueue,380970,1523880000,93,93,,,0,,,,,,,,,,,,,,,,,,,,,,,,,193104,0,body,1752,1751,,,,,,,,769,769,,,,,,,,,,,
tlm,ticket_enqueue,380970,1523880000,93,93,,,1,,,,,,,,,,,,,,,,,,,,,,,,,192832,0,body,1769,1768,,,,,,,,70,70,,,,,,,,,,,
tlm,ticket_enqueue,380970,1523880000,93,93,,,3,,,,,,,,,,,,,,,,,,,,,,,,,192832,0,body,1769,1768,,,,,,,,512,512,,,,,,,,,,,
tlm,handle_accept,380971,1523884000,75,75,155888,,3,,,,,,,,,,,,,,,,,,,,,,,,,155888,17,,,,,,,,95,,1,,,,,,,,,,,,,
tlm,ingress_preaccept,380971,1523884000,93,93,,,0,,,,,,,,,,,,,,,,,,,,,,,,,193120,0,,1751,,,,,,,,,769,,768,,,,,,,,,,
tlm,ingress_preaccept,380971,1523884000,93,93,,,1,,,,,,,,,,,,,,,,,,,,,,,,,192848,17,,1768,,,,,,,,,70,,69,,,,,,,,,,
tlm,ingress_preaccept,380971,1523884000,93,93,,,3,,,,,,,,,,,,,,,,,,,,,,,,,192848,0,,1768,,,,,,,,,512,,511,,,,,,,,,,
tlm,ticket_enqueue,380971,1523884000,93,93,,,0,,,,,,,,,,,,,,,,,,,,,,,,,193120,0,body,1751,1750,,,,,,,,769,769,,,,,,,,,,,
tlm,ticket_enqueue,380971,1523884000,93,93,,,3,,,,,,,,,,,,,,,,,,,,,,,,,192848,0,body,1768,1767,,,,,,,,512,512,,,,,,,,,,,
tlm,ingress_preaccept,380972,1523888000,93,93,,,0,,,,,,,,,,,,,,,,,,,,,,,,,193136,0,,1750,,,,,,,,,769,,768,,,,,,,,,,
tlm,ingress_preaccept,380972,1523888000,93,93,,,3,,,,,,,,,,,,,,,,,,,,,,,,,192864,0,,1767,,,,,,,,,512,,511,,,,,,,,,,
tlm,ticket_enqueue,380972,1523888000,93,93,,,0,,,,,,,,,,,,,,,,,,,,,,,,,193136,0,body,1750,1749,,,,,,,,769,769,,,,,,,,,,,
tlm,ticket_enqueue,380972,1523888000,93,93,,,3,,,,,,,,,,,,,,,,,,,,,,,,,192864,0,body,1767,1766,,,,,,,,512,512,,,,,,,,,,,
tlm,ingress_preaccept,380973,1523892000,93,93,,,0,,,,,,,,,,,,,,,,,,,,,,,,,193152,0,,1749,,,,,,,,,769,,768,,,,,,,,,,
tlm,ingress_preaccept,380973,1523892000,93,93,,,3,,,,,,,,,,,,,,,,,,,,,,,,,192880,0,,1766,,,,,,,,,512,,511,,,,,,,,,,
tlm,ticket_enqueue,380973,1523892000,93,93,,,0,,,,,,,,,,,,,,,,,,,,,,,,,193152,0,body,1749,1748,,,,,,,,769,769,,,,,,,,,,,
tlm,ticket_enqueue,380973,1523892000,93,93,,,3,,,,,,,,,,,,,,,,,,,,,,,,,192880,0,body,1766,1765,,,,,,,,512,512,,,,,,,,,,,
tlm,ingress_preaccept,380974,1523896000,93,93,,,0,,,,,,,,,,,,,,,,,,,,,,,,,193168,0,,1748,,,,,,,,,769,,768,,,,,,,,,,
tlm,ingress_preaccept,380974,1523896000,93,93,,,3,,,,,,,,,,,,,,,,,,,,,,,,,192896,0,,1765,,,,,,,,,512,,511,,,,,,,,,,
tlm,ticket_enqueue,380974,1523896000,93,93,,,0,,,,,,,,,,,,,,,,,,,,,,,,,193168,0,body,1748,1747,,,,,,,,769,769,,,,,,,,,,,
tlm,ticket_enqueue,380974,1523896000,93,93,,,3,,,,,,,,,,,,,,,,,,,,,,,,,192896,0,body,1765,1764,,,,,,,,512,512,,,,,,,,,,,
tlm,ingress_preaccept,380975,1523900000,93,93,,,0,,,,,,,,,,,,,,,,,,,,,,,,,193184,0,,1747,,,,,,,,,769,,768,,,,,,,,,,
tlm,ingress_preaccept,380975,1523900000,93,93,,,3,,,,,,,,,,,,,,,,,,,,,,,,,192912,0,,1764,,,,,,,,,512,,511,,,,,,,,,,
tlm,ticket_enqueue,380975,1523900000,93,93,,,0,,,,,,,,,,,,,,,,,,,,,,,,,193184,0,body,1747,1746,,,,,,,,769,769,,,,,,,,,,,
tlm,ticket_enqueue,380975,1523900000,93,93,,,3,,,,,,,,,,,,,,,,,,,,,,,,,192912,0,body,1764,1763,,,,,,,,512,512,,,,,,,,,,,
tlm,ingress_preaccept,380976,1523904000,93,93,,,0,,,,,,,,,,,,,,,,,,,,,,,,,193200,0,,1746,,,,,,,,,769,,768,,,,,,,,,,
tlm,ingress_preaccept,380976,1523904000,93,93,,,3,,,,,,,,,,,,,,,,,,,,,,,,,192928,0,,1763,,,,,,,,,512,,511,,,,,,,,,,
tlm,ticket_enqueue,380976,1523904000,93,93,,,0,,,,,,,,,,,,,,,,,,,,,,,,,193200,0,body,1746,1745,,,,,,,,769,769,,,,,,,,,,,
tlm,ticket_enqueue,380976,1523904000,93,93,,,3,,,,,,,,,,,,,,,,,,,,,,,,,192928,0,body,1763,1762,,,,,,,,512,512,,,,,,,,,,,
tlm,ingress_preaccept,380977,1523908000,93,93,,,0,,,,,,,,,,,,,,,,,,,,,,,,,193216,0,,1745,,,,,,,,,769,,768,,,,,,,,,,
tlm,ingress_preaccept,380977,1523908000,93,93,,,3,,,,,,,,,,,,,,,,,,,,,,,,,192944,17,,1762,,,,,,,,,512,,511,,,,,,,,,,
tlm,ticket_enqueue,380977,1523908000,93,93,,,0,,,,,,,,,,,,,,,,,,,,,,,,,193216,0,body,1745,1744,,,,,,,,769,769,,,,,,,,,,,
rtl,allocator_lane_action,,1523910000,,,,,0,687815,2,0,1,0,155920,0,75,0,0,1,0,,,,,,,,,,,,,,,,,,,,,,,,,,,,,,,,,,,,,
rtl,allocator_lane_action,,1523910000,,,,,1,687816,2,0,1,0,155920,0,75,0,0,1,0,,,,,,,,,,,,,,,,,,,,,,,,,,,,,,,,,,,,,
rtl,allocator_lane_action,,1523910000,,,,,2,687817,2,0,1,0,155920,0,75,0,0,1,0,,,,,,,,,,,,,,,,,,,,,,,,,,,,,,,,,,,,,
rtl,allocator_lane_action,,1523910000,,,,,3,687818,2,0,1,0,155920,0,75,0,0,1,0,,,,,,,,,,,,,,,,,,,,,,,,,,,,,,,,,,,,,
tlm,ingress_preaccept,380978,1523912000,93,93,,,0,,,,,,,,,,,,,,,,,,,,,,,,,193232,0,,1744,,,,,,,,,769,,768,,,,,,,,,,
tlm,ticket_enqueue,380978,1523912000,93,93,,,0,,,,,,,,,,,,,,,,,,,,,,,,,193232,0,body,1744,1743,,,,,,,,769,769,,,,,,,,,,,
tlm,ingress_preaccept,380979,1523916000,93,93,,,0,,,,,,,,,,,,,,,,,,,,,,,,,193248,0,,1743,,,,,,,,,769,,768,,,,,,,,,,
tlm,ticket_enqueue,380979,1523916000,93,93,,,0,,,,,,,,,,,,,,,,,,,,,,,,,193248,0,body,1743,1742,,,,,,,,769,769,,,,,,,,,,,
tlm,ingress_preaccept,380980,1523920000,93,93,,,0,,,,,,,,,,,,,,,,,,,,,,,,,193264,0,,1742,,,,,,,,,769,,768,,,,,,,,,,
tlm,ticket_enqueue,380980,1523920000,93,93,,,0,,,,,,,,,,,,,,,,,,,,,,,,,193264,0,body,1742,1741,,,,,,,,769,769,,,,,,,,,,,
tlm,ingress_preaccept,380981,1523924000,93,93,,,0,,,,,,,,,,,,,,,,,,,,,,,,,193280,0,,1741,,,,,,,,,769,,768,,,,,,,,,,
tlm,ticket_enqueue,380981,1523924000,93,93,,,0,,,,,,,,,,,,,,,,,,,,,,,,,193280,0,body,1741,1740,,,,,,,,769,769,,,,,,,,,,,
tlm,ingress_preaccept,380982,1523928000,93,93,,,0,,,,,,,,,,,,,,,,,,,,,,,,,193296,0,,1740,,,,,,,,,769,,768,,,,,,,,,,
tlm,ticket_enqueue,380982,1523928000,93,93,,,0,,,,,,,,,,,,,,,,,,,,,,,,,193296,0,body,1740,1739,,,,,,,,769,769,,,,,,,,,,,
tlm,ingress_preaccept,380983,1523932000,93,93,,,0,,,,,,,,,,,,,,,,,,,,,,,,,193312,0,,1739,,,,,,,,,769,,768,,,,,,,,,,
tlm,ticket_enqueue,380983,1523932000,93,93,,,0,,,,,,,,,,,,,,,,,,,,,,,,,193312,0,body,1739,1738,,,,,,,,769,769,,,,,,,,,,,
tlm,ingress_preaccept,380984,1523936000,93,93,,,0,,,,,,,,,,,,,,,,,,,,,,,,,193328,0,,1738,,,,,,,,,769,,768,,,,,,,,,,
tlm,ticket_enqueue,380984,1523936000,93,93,,,0,,,,,,,,,,,,,,,,,,,,,,,,,193328,0,body,1738,1737,,,,,,,,769,769,,,,,,,,,,,
tlm,ticket_enqueue,380984,1523936000,93,93,,,2,,,,,,,,,,,,,,,,,,,,,,,,,193056,17,body,1755,1754,,,,,,,,430,413,,,,,,,,,,,
tlm,ingress_preaccept,380985,1523940000,93,93,,,0,,,,,,,,,,,,,,,,,,,,,,,,,193344,0,,1737,,,,,,,,,769,,768,,,,,,,,,,
tlm,ingress_preaccept,380985,1523940000,93,93,,,2,,,,,,,,,,,,,,,,,,,,,,,,,193072,0,,1754,,,,,,,,,413,,412,,,,,,,,,,
tlm,ticket_enqueue,380985,1523940000,93,93,,,0,,,,,,,,,,,,,,,,,,,,,,,,,193344,0,body,1737,1736,,,,,,,,769,769,,,,,,,,,,,
tlm,ticket_enqueue,380985,1523940000,93,93,,,2,,,,,,,,,,,,,,,,,,,,,,,,,193072,0,body,1754,1753,,,,,,,,413,413,,,,,,,,,,,
rtl,credit_return,,1523942000,,,,,2,687843,,,,,,,,,,,,,,,,,,,,,,,,,17,mover_done,,,,,,,,28,,,,,,,,,,,,,,
tlm,ingress_preaccept,380986,1523944000,93,93,,,0,,,,,,,,,,,,,,,,,,,,,,,,,193360,0,,1736,,,,,,,,,769,,768,,,,,,,,,,
tlm,ingress_preaccept,380986,1523944000,93,93,,,2,,,,,,,,,,,,,,,,,,,,,,,,,193088,0,,1753,,,,,,,,,413,,412,,,,,,,,,,
tlm,ticket_enqueue,380986,1523944000,93,93,,,0,,,,,,,,,,,,,,,,,,,,,,,,,193360,0,body,1736,1735,,,,,,,,769,769,,,,,,,,,,,
tlm,ticket_enqueue,380986,1523944000,93,93,,,2,,,,,,,,,,,,,,,,,,,,,,,,,193088,0,body,1753,1752,,,,,,,,413,413,,,,,,,,,,,
rtl,credit_return,,1523946000,,,,,2,687846,,,,,,,,,,,,,,,,,,,,,,,,,17,credit_return,,,,,,,,28,,,,,,,,,,,,,,
tlm,ingress_preaccept,380987,1523948000,93,93,,,0,,,,,,,,,,,,,,,,,,,,,,,,,193376,0,,1735,,,,,,,,,769,,768,,,,,,,,,,
tlm,ingress_preaccept,380987,1523948000,93,93,,,2,,,,,,,,,,,,,,,,,,,,,,,,,193104,0,,1752,,,,,,,,,413,,412,,,,,,,,,,
tlm,ticket_enqueue,380987,1523948000,93,93,,,0,,,,,,,,,,,,,,,,,,,,,,,,,193376,0,body,1735,1734,,,,,,,,769,769,,,,,,,,,,,
tlm,ticket_enqueue,380987,1523948000,93,93,,,2,,,,,,,,,,,,,,,,,,,,,,,,,193104,0,body,1752,1751,,,,,,,,413,413,,,,,,,,,,,
tlm,ingress_preaccept,380988,1523952000,93,93,,,0,,,,,,,,,,,,,,,,,,,,,,,,,193392,0,,1734,,,,,,,,,769,,768,,,,,,,,,,
tlm,ingress_preaccept,380988,1523952000,93,93,,,2,,,,,,,,,,,,,,,,,,,,,,,,,193120,0,,1751,,,,,,,,,413,,412,,,,,,,,,,
tlm,ticket_enqueue,380988,1523952000,93,93,,,0,,,,,,,,,,,,,,,,,,,,,,,,,193392,0,body,1734,1733,,,,,,,,769,769,,,,,,,,,,,
tlm,ticket_enqueue,380988,1523952000,93,93,,,1,,,,,,,,,,,,,,,,,,,,,,,,,192848,17,body,1768,1767,,,,,,,,70,53,,,,,,,,,,,
tlm,ticket_enqueue,380988,1523952000,93,93,,,2,,,,,,,,,,,,,,,,,,,,,,,,,193120,0,body,1751,1750,,,,,,,,413,413,,,,,,,,,,,
rtl,allocator_decision,,1523954000,,,155936,,,687848,,,,,,,,,,,,idle_to_fetch,15,15,15,15,0,0,0,0,0,,,,,,,,,,,,,,,,,,,,,,,,,,,
tlm,credit_return,380989,1523956000,75,75,,,3,,,,,,,,,,,,,,,,,,,,,,,,,155888,17,,,,,,,,,,0,512,529,,,,,,,,,,,
tlm,ingress_preaccept,380989,1523956000,93,93,,,0,,,,,,,,,,,,,,,,,,,,,,,,,193408,0,,1733,,,,,,,,,769,,768,,,,,,,,,,
tlm,ingress_preaccept,380989,1523956000,93,93,,,1,,,,,,,,,,,,,,,,,,,,,,,,,192864,0,,1767,,,,,,,,,53,,52,,,,,,,,,,
tlm,ingress_preaccept,380989,1523956000,93,93,,,2,,,,,,,,,,,,,,,,,,,,,,,,,193136,0,,1750,,,,,,,,,413,,412,,,,,,,,,,
tlm,ticket_enqueue,380989,1523956000,93,93,,,0,,,,,,,,,,,,,,,,,,,,,,,,,193408,0,body,1733,1732,,,,,,,,769,769,,,,,,,,,,,
tlm,ticket_enqueue,380989,1523956000,93,93,,,1,,,,,,,,,,,,,,,,,,,,,,,,,192864,0,body,1767,1766,,,,,,,,53,53,,,,,,,,,,,
tlm,ticket_enqueue,380989,1523956000,93,93,,,2,,,,,,,,,,,,,,,,,,,,,,,,,193136,0,body,1750,1749,,,,,,,,413,413,,,,,,,,,,,
tlm,ingress_preaccept,380990,1523960000,93,93,,,0,,,,,,,,,,,,,,,,,,,,,,,,,193424,0,,1732,,,,,,,,,769,,768,,,,,,,,,,
tlm,ingress_preaccept,380990,1523960000,93,93,,,1,,,,,,,,,,,,,,,,,,,,,,,,,192880,0,,1766,,,,,,,,,53,,52,,,,,,,,,,
tlm,ingress_preaccept,380990,1523960000,93,93,,,2,,,,,,,,,,,,,,,,,,,,,,,,,193152,0,,1749,,,,,,,,,413,,412,,,,,,,,,,
tlm,ticket_enqueue,380990,1523960000,93,93,,,0,,,,,,,,,,,,,,,,,,,,,,,,,193424,0,body,1732,1731,,,,,,,,769,769,,,,,,,,,,,
tlm,ticket_enqueue,380990,1523960000,93,93,,,1,,,,,,,,,,,,,,,,,,,,,,,,,192880,0,body,1766,1765,,,,,,,,53,53,,,,,,,,,,,
tlm,ticket_enqueue,380990,1523960000,93,93,,,2,,,,,,,,,,,,,,,,,,,,,,,,,193152,0,body,1749,1748,,,,,,,,413,413,,,,,,,,,,,
tlm,ingress_preaccept,380991,1523964000,93,93,,,0,,,,,,,,,,,,,,,,,,,,,,,,,193440,0,,1731,,,,,,,,,769,,768,,,,,,,,,,
tlm,ingress_preaccept,380991,1523964000,93,93,,,1,,,,,,,,,,,,,,,,,,,,,,,,,192896,0,,1765,,,,,,,,,53,,52,,,,,,,,,,
tlm,ingress_preaccept,380991,1523964000,93,93,,,2,,,,,,,,,,,,,,,,,,,,,,,,,193168,0,,1748,,,,,,,,,413,,412,,,,,,,,,,
tlm,ticket_enqueue,380991,1523964000,93,93,,,0,,,,,,,,,,,,,,,,,,,,,,,,,193440,0,body,1731,1730,,,,,,,,769,769,,,,,,,,,,,
tlm,ticket_enqueue,380991,1523964000,93,93,,,1,,,,,,,,,,,,,,,,,,,,,,,,,192896,0,body,1765,1764,,,,,,,,53,53,,,,,,,,,,,
tlm,ticket_enqueue,380991,1523964000,93,93,,,2,,,,,,,,,,,,,,,,,,,,,,,,,193168,0,body,1748,1747,,,,,,,,413,413,,,,,,,,,,,
tlm,allocator_fetch,380992,1523968000,75,75,155904,,,,,,,,,,,,,,,,,,,,,,,,,16,15,,,,,,,,,,,,,,,,,,,,,,,,,
tlm,allocator_lane_action,380992,1523968000,75,75,155904,,0,,empty,,,,,,,,,,,,,,,,,,,,,,,155904,0,,,,,,,,,,,,,,,,,,,,,,,
tlm,ingress_preaccept,380992,1523968000,93,93,,,0,,,,,,,,,,,,,,,,,,,,,,,,,193456,0,,1730,,,,,,,,,769,,768,,,,,,,,,,
tlm,ingress_preaccept,380992,1523968000,93,93,,,1,,,,,,,,,,,,,,,,,,,,,,,,,192912,0,,1764,,,,,,,,,53,,52,,,,,,,,,,
tlm,ingress_preaccept,380992,1523968000,93,93,,,2,,,,,,,,,,,,,,,,,,,,,,,,,193184,0,,1747,,,,,,,,,413,,412,,,,,,,,,,
tlm,ticket_enqueue,380992,1523968000,93,93,,,0,,,,,,,,,,,,,,,,,,,,,,,,,193456,0,body,1730,1729,,,,,,,,769,769,,,,,,,,,,,
tlm,ticket_enqueue,380992,1523968000,93,93,,,1,,,,,,,,,,,,,,,,,,,,,,,,,192912,0,body,1764,1763,,,,,,,,53,53,,,,,,,,,,,
tlm,ticket_enqueue,380992,1523968000,93,93,,,2,,,,,,,,,,,,,,,,,,,,,,,,,193184,0,body,1747,1746,,,,,,,,413,413,,,,,,,,,,,
tlm,ticket_pop,380992,1523968000,75,75,,,0,,,,,,,,,,,,,,,,,,,,,,,,,155904,0,body,1729,1730,,,,,,,,,,,,,,,,,,,,
tlm,ticket_pop,380992,1523968000,75,75,,,1,,,,,,,,,,,,,,,,,,,,,,,,,155904,0,body,1763,1764,,,,,,,,,,,,,,,,,,,,
tlm,ticket_pop,380992,1523968000,75,75,,,2,,,,,,,,,,,,,,,,,,,,,,,,,155904,17,body,1746,1747,,,,,,,,,,,,,,,,,,,,
tlm,ticket_pop,380992,1523968000,75,75,,,3,,,,,,,,,,,,,,,,,,,,,,,,,155904,0,body,1762,1763,,,,,,,,,,,,,,,,,,,,
tlm,ingress_preaccept,380993,1523972000,93,93,,,0,,,,,,,,,,,,,,,,,,,,,,,,,193472,0,,1730,,,,,,,,,769,,768,,,,,,,,,,
tlm,ingress_preaccept,380993,1523972000,93,93,,,1,,,,,,,,,,,,,,,,,,,,,,,,,192928,0,,1764,,,,,,,,,53,,52,,,,,,,,,,
tlm,ingress_preaccept,380993,1523972000,93,93,,,2,,,,,,,,,,,,,,,,,,,,,,,,,193200,0,,1747,,,,,,,,,413,,412,,,,,,,,,,
tlm,ticket_enqueue,380993,1523972000,93,93,,,0,,,,,,,,,,,,,,,,,,,,,,,,,193472,0,body,1730,1729,,,,,,,,769,769,,,,,,,,,,,
tlm,ticket_enqueue,380993,1523972000,93,93,,,1,,,,,,,,,,,,,,,,,,,,,,,,,192928,0,body,1764,1763,,,,,,,,53,53,,,,,,,,,,,
tlm,ticket_enqueue,380993,1523972000,93,93,,,2,,,,,,,,,,,,,,,,,,,,,,,,,193200,0,body,1747,1746,,,,,,,,413,413,,,,,,,,,,,
tlm,allocator_lane_action,380994,1523976000,75,75,155904,,1,,empty,,,,,,,,,,,,,,,,,,,,,,,155904,0,,,,,,,,,,,,,,,,,,,,,,,
tlm,ingress_preaccept,380994,1523976000,93,93,,,0,,,,,,,,,,,,,,,,,,,,,,,,,193488,0,,1729,,,,,,,,,769,,768,,,,,,,,,,
tlm,ingress_preaccept,380994,1523976000,93,93,,,1,,,,,,,,,,,,,,,,,,,,,,,,,192944,0,,1763,,,,,,,,,53,,52,,,,,,,,,,
tlm,ingress_preaccept,380994,1523976000,93,93,,,2,,,,,,,,,,,,,,,,,,,,,,,,,193216,0,,1746,,,,,,,,,413,,412,,,,,,,,,,
tlm,ticket_enqueue,380994,1523976000,93,93,,,0,,,,,,,,,,,,,,,,,,,,,,,,,193488,0,body,1729,1728,,,,,,,,769,769,,,,,,,,,,,
tlm,ticket_enqueue,380994,1523976000,93,93,,,1,,,,,,,,,,,,,,,,,,,,,,,,,192944,0,body,1763,1762,,,,,,,,53,53,,,,,,,,,,,
tlm,ticket_enqueue,380994,1523976000,93,93,,,2,,,,,,,,,,,,,,,,,,,,,,,,,193216,0,body,1746,1745,,,,,,,,413,413,,,,,,,,,,,
tlm,ticket_enqueue,380994,1523976000,93,93,,,3,,,,,,,,,,,,,,,,,,,,,,,,,192944,17,body,1763,1762,,,,,,,,529,512,,,,,,,,,,,
tlm,ingress_preaccept,380995,1523980000,93,93,,,0,,,,,,,,,,,,,,,,,,,,,,,,,193504,0,,1728,,,,,,,,,769,,768,,,,,,,,,,
tlm,ingress_preaccept,380995,1523980000,93,93,,,1,,,,,,,,,,,,,,,,,,,,,,,,,192960,0,,1762,,,,,,,,,53,,52,,,,,,,,,,
tlm,ingress_preaccept,380995,1523980000,93,93,,,2,,,,,,,,,,,,,,,,,,,,,,,,,193232,0,,1745,,,,,,,,,413,,412,,,,,,,,,,
tlm,ingress_preaccept,380995,1523980000,93,93,,,3,,,,,,,,,,,,,,,,,,,,,,,,,192960,0,,1762,,,,,,,,,512,,511,,,,,,,,,,
tlm,ticket_enqueue,380995,1523980000,93,93,,,0,,,,,,,,,,,,,,,,,,,,,,,,,193504,0,body,1728,1727,,,,,,,,769,769,,,,,,,,,,,
tlm,ticket_enqueue,380995,1523980000,93,93,,,1,,,,,,,,,,,,,,,,,,,,,,,,,192960,0,body,1762,1761,,,,,,,,53,53,,,,,,,,,,,
tlm,ticket_enqueue,380995,1523980000,93,93,,,2,,,,,,,,,,,,,,,,,,,,,,,,,193232,0,body,1745,1744,,,,,,,,413,413,,,,,,,,,,,
tlm,ticket_enqueue,380995,1523980000,93,93,,,3,,,,,,,,,,,,,,,,,,,,,,,,,192960,0,body,1762,1761,,,,,,,,512,512,,,,,,,,,,,
tlm,handle_accept,380996,1523984000,75,75,155904,,2,,,,,,,,,,,,,,,,,,,,,,,,,155904,17,,,,,,,,113,,1,,,,,,,,,,,,,
tlm,ingress_preaccept,380996,1523984000,93,93,,,0,,,,,,,,,,,,,,,,,,,,,,,,,193520,0,,1727,,,,,,,,,769,,768,,,,,,,,,,
tlm,ingress_preaccept,380996,1523984000,93,93,,,1,,,,,,,,,,,,,,,,,,,,,,,,,192976,0,,1761,,,,,,,,,53,,52,,,,,,,,,,
tlm,ingress_preaccept,380996,1523984000,93,93,,,2,,,,,,,,,,,,,,,,,,,,,,,,,193248,0,,1744,,,,,,,,,413,,412,,,,,,,,,,
tlm,ingress_preaccept,380996,1523984000,93,93,,,3,,,,,,,,,,,,,,,,,,,,,,,,,192976,0,,1761,,,,,,,,,512,,511,,,,,,,,,,
tlm,ticket_enqueue,380996,1523984000,93,93,,,0,,,,,,,,,,,,,,,,,,,,,,,,,193520,0,body,1727,1726,,,,,,,,769,769,,,,,,,,,,,
tlm,ticket_enqueue,380996,1523984000,93,93,,,1,,,,,,,,,,,,,,,,,,,,,,,,,192976,0,body,1761,1760,,,,,,,,53,53,,,,,,,,,,,
tlm,ticket_enqueue,380996,1523984000,93,93,,,2,,,,,,,,,,,,,,,,,,,,,,,,,193248,0,body,1744,1743,,,,,,,,413,413,,,,,,,,,,,
tlm,ticket_enqueue,380996,1523984000,93,93,,,3,,,,,,,,,,,,,,,,,,,,,,,,,192976,0,body,1761,1760,,,,,,,,512,512,,,,,,,,,,,
tlm,ingress_preaccept,380997,1523988000,93,93,,,0,,,,,,,,,,,,,,,,,,,,,,,,,193536,0,,1726,,,,,,,,,769,,768,,,,,,,,,,
tlm,ingress_preaccept,380997,1523988000,93,93,,,1,,,,,,,,,,,,,,,,,,,,,,,,,192992,0,,1760,,,,,,,,,53,,52,,,,,,,,,,
tlm,ingress_preaccept,380997,1523988000,93,93,,,2,,,,,,,,,,,,,,,,,,,,,,,,,193264,0,,1743,,,,,,,,,413,,412,,,,,,,,,,
tlm,ingress_preaccept,380997,1523988000,93,93,,,3,,,,,,,,,,,,,,,,,,,,,,,,,192992,0,,1760,,,,,,,,,512,,511,,,,,,,,,,
tlm,ticket_enqueue,380997,1523988000,93,93,,,0,,,,,,,,,,,,,,,,,,,,,,,,,193536,0,body,1726,1725,,,,,,,,769,769,,,,,,,,,,,
tlm,ticket_enqueue,380997,1523988000,93,93,,,1,,,,,,,,,,,,,,,,,,,,,,,,,192992,0,body,1760,1759,,,,,,,,53,53,,,,,,,,,,,
tlm,ticket_enqueue,380997,1523988000,93,93,,,2,,,,,,,,,,,,,,,,,,,,,,,,,193264,0,body,1743,1742,,,,,,,,413,413,,,,,,,,,,,
tlm,ticket_enqueue,380997,1523988000,93,93,,,3,,,,,,,,,,,,,,,,,,,,,,,,,192992,0,body,1760,1759,,,,,,,,512,512,,,,,,,,,,,
tlm,allocator_lane_action,380998,1523992000,75,75,155904,,3,,empty,,,,,,,,,,,,,,,,,,,,,,,155904,0,,,,,,,,,,,,,,,,,,,,,,,
tlm,ingress_preaccept,380998,1523992000,93,93,,,0,,,,,,,,,,,,,,,,,,,,,,,,,193552,0,,1725,,,,,,,,,769,,768,,,,,,,,,,
tlm,ingress_preaccept,380998,1523992000,93,93,,,1,,,,,,,,,,,,,,,,,,,,,,,,,193008,0,,1759,,,,,,,,,53,,52,,,,,,,,,,
tlm,ingress_preaccept,380998,1523992000,93,93,,,2,,,,,,,,,,,,,,,,,,,,,,,,,193280,0,,1742,,,,,,,,,413,,412,,,,,,,,,,
tlm,ingress_preaccept,380998,1523992000,93,93,,,3,,,,,,,,,,,,,,,,,,,,,,,,,193008,0,,1759,,,,,,,,,512,,511,,,,,,,,,,
tlm,ticket_enqueue,380998,1523992000,93,93,,,0,,,,,,,,,,,,,,,,,,,,,,,,,193552,0,body,1725,1724,,,,,,,,769,769,,,,,,,,,,,
tlm,ticket_enqueue,380998,1523992000,93,93,,,1,,,,,,,,,,,,,,,,,,,,,,,,,193008,0,body,1759,1758,,,,,,,,53,53,,,,,,,,,,,
tlm,ticket_enqueue,380998,1523992000,93,93,,,2,,,,,,,,,,,,,,,,,,,,,,,,,193280,0,body,1742,1741,,,,,,,,413,413,,,,,,,,,,,
tlm,ticket_enqueue,380998,1523992000,93,93,,,3,,,,,,,,,,,,,,,,,,,,,,,,,193008,0,body,1759,1758,,,,,,,,512,512,,,,,,,,,,,
tlm,ingress_preaccept,380999,1523996000,93,93,,,0,,,,,,,,,,,,,,,,,,,,,,,,,193568,0,,1724,,,,,,,,,769,,768,,,,,,,,,,
tlm,ingress_preaccept,380999,1523996000,93,93,,,1,,,,,,,,,,,,,,,,,,,,,,,,,193024,0,,1758,,,,,,,,,53,,52,,,,,,,,,,
tlm,ingress_preaccept,380999,1523996000,93,93,,,2,,,,,,,,,,,,,,,,,,,,,,,,,193296,0,,1741,,,,,,,,,413,,412,,,,,,,,,,
tlm,ingress_preaccept,380999,1523996000,93,93,,,3,,,,,,,,,,,,,,,,,,,,,,,,,193024,0,,1758,,,,,,,,,512,,511,,,,,,,,,,
tlm,ticket_enqueue,380999,1523996000,93,93,,,0,,,,,,,,,,,,,,,,,,,,,,,,,193568,0,body,1724,1723,,,,,,,,769,769,,,,,,,,,,,
tlm,ticket_enqueue,380999,1523996000,93,93,,,1,,,,,,,,,,,,,,,,,,,,,,,,,193024,0,body,1758,1757,,,,,,,,53,53,,,,,,,,,,,
tlm,ticket_enqueue,380999,1523996000,93,93,,,2,,,,,,,,,,,,,,,,,,,,,,,,,193296,0,body,1741,1740,,,,,,,,413,413,,,,,,,,,,,
tlm,ticket_enqueue,380999,1523996000,93,93,,,3,,,,,,,,,,,,,,,,,,,,,,,,,193024,0,body,1758,1757,,,,,,,,512,512,,,,,,,,,,,
tlm,ingress_preaccept,381000,1524000000,93,93,,,0,,,,,,,,,,,,,,,,,,,,,,,,,193584,0,,1723,,,,,,,,,769,,768,,,,,,,,,,
tlm,ingress_preaccept,381000,1524000000,93,93,,,1,,,,,,,,,,,,,,,,,,,,,,,,,193040,0,,1757,,,,,,,,,53,,52,,,,,,,,,,
tlm,ingress_preaccept,381000,1524000000,93,93,,,2,,,,,,,,,,,,,,,,,,,,,,,,,193312,0,,1740,,,,,,,,,413,,412,,,,,,,,,,
tlm,ingress_preaccept,381000,1524000000,93,93,,,3,,,,,,,,,,,,,,,,,,,,,,,,,193040,0,,1757,,,,,,,,,512,,511,,,,,,,,,,
tlm,ticket_enqueue,381000,1524000000,93,93,,,0,,,,,,,,,,,,,,,,,,,,,,,,,193584,0,body,1723,1722,,,,,,,,769,769,,,,,,,,,,,
tlm,ticket_enqueue,381000,1524000000,93,93,,,1,,,,,,,,,,,,,,,,,,,,,,,,,193040,0,body,1757,1756,,,,,,,,53,53,,,,,,,,,,,
tlm,ticket_enqueue,381000,1524000000,93,93,,,2,,,,,,,,,,,,,,,,,,,,,,,,,193312,0,body,1740,1739,,,,,,,,413,413,,,,,,,,,,,
tlm,ticket_enqueue,381000,1524000000,93,93,,,3,,,,,,,,,,,,,,,,,,,,,,,,,193040,0,body,1757,1756,,,,,,,,512,512,,,,,,,,,,,
tlm,ingress_preaccept,381001,1524004000,93,93,,,0,,,,,,,,,,,,,,,,,,,,,,,,,193600,0,,1722,,,,,,,,,769,,768,,,,,,,,,,
tlm,ingress_preaccept,381001,1524004000,93,93,,,1,,,,,,,,,,,,,,,,,,,,,,,,,193056,0,,1756,,,,,,,,,53,,52,,,,,,,,,,
tlm,ingress_preaccept,381001,1524004000,93,93,,,2,,,,,,,,,,,,,,,,,,,,,,,,,193328,0,,1739,,,,,,,,,413,,412,,,,,,,,,,
tlm,ingress_preaccept,381001,1524004000,93,93,,,3,,,,,,,,,,,,,,,,,,,,,,,,,193056,0,,1756,,,,,,,,,512,,511,,,,,,,,,,
tlm,ticket_enqueue,381001,1524004000,93,93,,,0,,,,,,,,,,,,,,,,,,,,,,,,,193600,0,body,1722,1721,,,,,,,,769,769,,,,,,,,,,,
tlm,ticket_enqueue,381001,1524004000,93,93,,,1,,,,,,,,,,,,,,,,,,,,,,,,,193056,0,body,1756,1755,,,,,,,,53,53,,,,,,,,,,,
tlm,ticket_enqueue,381001,1524004000,93,93,,,2,,,,,,,,,,,,,,,,,,,,,,,,,193328,0,body,1739,1738,,,,,,,,413,413,,,,,,,,,,,
tlm,ticket_enqueue,381001,1524004000,93,93,,,3,,,,,,,,,,,,,,,,,,,,,,,,,193056,0,body,1756,1755,,,,,,,,512,512,,,,,,,,,,,
tlm,ingress_preaccept,381002,1524008000,93,93,,,0,,,,,,,,,,,,,,,,,,,,,,,,,193616,0,,1721,,,,,,,,,769,,768,,,,,,,,,,
tlm,ingress_preaccept,381002,1524008000,93,93,,,1,,,,,,,,,,,,,,,,,,,,,,,,,193072,0,,1755,,,,,,,,,53,,52,,,,,,,,,,
tlm,ingress_preaccept,381002,1524008000,93,93,,,2,,,,,,,,,,,,,,,,,,,,,,,,,193344,0,,1738,,,,,,,,,413,,412,,,,,,,,,,
tlm,ingress_preaccept,381002,1524008000,93,93,,,3,,,,,,,,,,,,,,,,,,,,,,,,,193072,0,,1755,,,,,,,,,512,,511,,,,,,,,,,
tlm,ticket_enqueue,381002,1524008000,93,93,,,0,,,,,,,,,,,,,,,,,,,,,,,,,193616,0,body,1721,1720,,,,,,,,769,769,,,,,,,,,,,
tlm,ticket_enqueue,381002,1524008000,93,93,,,1,,,,,,,,,,,,,,,,,,,,,,,,,193072,0,body,1755,1754,,,,,,,,53,53,,,,,,,,,,,
tlm,ticket_enqueue,381002,1524008000,93,93,,,2,,,,,,,,,,,,,,,,,,,,,,,,,193344,0,body,1738,1737,,,,,,,,413,413,,,,,,,,,,,
tlm,ticket_enqueue,381002,1524008000,93,93,,,3,,,,,,,,,,,,,,,,,,,,,,,,,193072,0,body,1755,1754,,,,,,,,512,512,,,,,,,,,,,
tlm,ingress_preaccept,381003,1524012000,93,93,,,0,,,,,,,,,,,,,,,,,,,,,,,,,193632,0,,1720,,,,,,,,,769,,768,,,,,,,,,,
tlm,ingress_preaccept,381003,1524012000,93,93,,,1,,,,,,,,,,,,,,,,,,,,,,,,,193088,17,,1754,,,,,,,,,53,,52,,,,,,,,,,
tlm,ingress_preaccept,381003,1524012000,93,93,,,2,,,,,,,,,,,,,,,,,,,,,,,,,193360,0,,1737,,,,,,,,,413,,412,,,,,,,,,,
tlm,ingress_preaccept,381003,1524012000,93,93,,,3,,,,,,,,,,,,,,,,,,,,,,,,,193088,0,,1754,,,,,,,,,512,,511,,,,,,,,,,
tlm,ticket_enqueue,381003,1524012000,93,93,,,0,,,,,,,,,,,,,,,,,,,,,,,,,193632,0,body,1720,1719,,,,,,,,769,769,,,,,,,,,,,
tlm,ticket_enqueue,381003,1524012000,93,93,,,2,,,,,,,,,,,,,,,,,,,,,,,,,193360,0,body,1737,1736,,,,,,,,413,413,,,,,,,,,,,
tlm,ticket_enqueue,381003,1524012000,93,93,,,3,,,,,,,,,,,,,,,,,,,,,,,,,193088,0,body,1754,1753,,,,,,,,512,512,,,,,,,,,,,
rtl,allocator_lane_action,,1524014000,,,,,0,687869,2,0,1,0,155936,0,75,0,0,1,0,,,,,,,,,,,,,,,,,,,,,,,,,,,,,,,,,,,,,
rtl,allocator_lane_action,,1524014000,,,,,1,687870,2,0,1,0,155936,0,75,0,0,1,0,,,,,,,,,,,,,,,,,,,,,,,,,,,,,,,,,,,,,
rtl,allocator_lane_action,,1524014000,,,,,2,687871,2,0,1,0,155936,0,75,0,0,1,0,,,,,,,,,,,,,,,,,,,,,,,,,,,,,,,,,,,,,
rtl,allocator_lane_action,,1524014000,,,,,3,687872,2,0,1,0,155936,0,75,0,0,1,0,,,,,,,,,,,,,,,,,,,,,,,,,,,,,,,,,,,,,
tlm,ingress_preaccept,381004,1524016000,93,93,,,0,,,,,,,,,,,,,,,,,,,,,,,,,193648,0,,1719,,,,,,,,,769,,768,,,,,,,,,,
tlm,ingress_preaccept,381004,1524016000,93,93,,,2,,,,,,,,,,,,,,,,,,,,,,,,,193376,0,,1736,,,,,,,,,413,,412,,,,,,,,,,
tlm,ingress_preaccept,381004,1524016000,93,93,,,3,,,,,,,,,,,,,,,,,,,,,,,,,193104,0,,1753,,,,,,,,,512,,511,,,,,,,,,,
tlm,ticket_enqueue,381004,1524016000,93,93,,,0,,,,,,,,,,,,,,,,,,,,,,,,,193648,0,body,1719,1718,,,,,,,,769,769,,,,,,,,,,,
tlm,ticket_enqueue,381004,1524016000,93,93,,,2,,,,,,,,,,,,,,,,,,,,,,,,,193376,0,body,1736,1735,,,,,,,,413,413,,,,,,,,,,,
tlm,ticket_enqueue,381004,1524016000,93,93,,,3,,,,,,,,,,,,,,,,,,,,,,,,,193104,0,body,1753,1752,,,,,,,,512,512,,,,,,,,,,,
tlm,ingress_preaccept,381005,1524020000,93,93,,,0,,,,,,,,,,,,,,,,,,,,,,,,,193664,0,,1718,,,,,,,,,769,,768,,,,,,,,,,
tlm,ingress_preaccept,381005,1524020000,93,93,,,2,,,,,,,,,,,,,,,,,,,,,,,,,193392,0,,1735,,,,,,,,,413,,412,,,,,,,,,,
tlm,ingress_preaccept,381005,1524020000,93,93,,,3,,,,,,,,,,,,,,,,,,,,,,,,,193120,0,,1752,,,,,,,,,512,,511,,,,,,,,,,
tlm,ticket_enqueue,381005,1524020000,93,93,,,0,,,,,,,,,,,,,,,,,,,,,,,,,193664,0,body,1718,1717,,,,,,,,769,769,,,,,,,,,,,
tlm,ticket_enqueue,381005,1524020000,93,93,,,2,,,,,,,,,,,,,,,,,,,,,,,,,193392,0,body,1735,1734,,,,,,,,413,413,,,,,,,,,,,
tlm,ticket_enqueue,381005,1524020000,93,93,,,3,,,,,,,,,,,,,,,,,,,,,,,,,193120,0,body,1752,1751,,,,,,,,512,512,,,,,,,,,,,
tlm,ingress_preaccept,381006,1524024000,93,93,,,0,,,,,,,,,,,,,,,,,,,,,,,,,193680,0,,1717,,,,,,,,,769,,768,,,,,,,,,,
tlm,ingress_preaccept,381006,1524024000,93,93,,,2,,,,,,,,,,,,,,,,,,,,,,,,,193408,0,,1734,,,,,,,,,413,,412,,,,,,,,,,
tlm,ingress_preaccept,381006,1524024000,93,93,,,3,,,,,,,,,,,,,,,,,,,,,,,,,193136,0,,1751,,,,,,,,,512,,511,,,,,,,,,,
tlm,ticket_enqueue,381006,1524024000,93,93,,,0,,,,,,,,,,,,,,,,,,,,,,,,,193680,0,body,1717,1716,,,,,,,,769,769,,,,,,,,,,,
tlm,ticket_enqueue,381006,1524024000,93,93,,,2,,,,,,,,,,,,,,,,,,,,,,,,,193408,0,body,1734,1733,,,,,,,,413,413,,,,,,,,,,,
tlm,ticket_enqueue,381006,1524024000,93,93,,,3,,,,,,,,,,,,,,,,,,,,,,,,,193136,0,body,1751,1750,,,,,,,,512,512,,,,,,,,,,,
tlm,ingress_preaccept,381007,1524028000,93,93,,,0,,,,,,,,,,,,,,,,,,,,,,,,,193696,0,,1716,,,,,,,,,769,,768,,,,,,,,,,
tlm,ingress_preaccept,381007,1524028000,93,93,,,2,,,,,,,,,,,,,,,,,,,,,,,,,193424,0,,1733,,,,,,,,,413,,412,,,,,,,,,,
tlm,ingress_preaccept,381007,1524028000,93,93,,,3,,,,,,,,,,,,,,,,,,,,,,,,,193152,0,,1750,,,,,,,,,512,,511,,,,,,,,,,
tlm,ticket_enqueue,381007,1524028000,93,93,,,0,,,,,,,,,,,,,,,,,,,,,,,,,193696,0,body,1716,1715,,,,,,,,769,769,,,,,,,,,,,
tlm,ticket_enqueue,381007,1524028000,93,93,,,2,,,,,,,,,,,,,,,,,,,,,,,,,193424,0,body,1733,1732,,,,,,,,413,413,,,,,,,,,,,
tlm,ticket_enqueue,381007,1524028000,93,93,,,3,,,,,,,,,,,,,,,,,,,,,,,,,193152,0,body,1750,1749,,,,,,,,512,512,,,,,,,,,,,
tlm,ingress_preaccept,381008,1524032000,93,93,,,0,,,,,,,,,,,,,,,,,,,,,,,,,193712,0,,1715,,,,,,,,,769,,768,,,,,,,,,,
tlm,ingress_preaccept,381008,1524032000,93,93,,,2,,,,,,,,,,,,,,,,,,,,,,,,,193440,0,,1732,,,,,,,,,413,,412,,,,,,,,,,
tlm,ingress_preaccept,381008,1524032000,93,93,,,3,,,,,,,,,,,,,,,,,,,,,,,,,193168,0,,1749,,,,,,,,,512,,511,,,,,,,,,,
tlm,ticket_enqueue,381008,1524032000,93,93,,,0,,,,,,,,,,,,,,,,,,,,,,,,,193712,0,body,1715,1714,,,,,,,,769,769,,,,,,,,,,,
tlm,ticket_enqueue,381008,1524032000,93,93,,,2,,,,,,,,,,,,,,,,,,,,,,,,,193440,0,body,1732,1731,,,,,,,,413,413,,,,,,,,,,,
tlm,ticket_enqueue,381008,1524032000,93,93,,,3,,,,,,,,,,,,,,,,,,,,,,,,,193168,0,body,1749,1748,,,,,,,,512,512,,,,,,,,,,,
tlm,ingress_preaccept,381009,1524036000,93,93,,,0,,,,,,,,,,,,,,,,,,,,,,,,,193728,0,,1714,,,,,,,,,769,,768,,,,,,,,,,
tlm,ingress_preaccept,381009,1524036000,93,93,,,2,,,,,,,,,,,,,,,,,,,,,,,,,193456,0,,1731,,,,,,,,,413,,412,,,,,,,,,,
tlm,ingress_preaccept,381009,1524036000,93,93,,,3,,,,,,,,,,,,,,,,,,,,,,,,,193184,0,,1748,,,,,,,,,512,,511,,,,,,,,,,
tlm,ticket_enqueue,381009,1524036000,93,93,,,0,,,,,,,,,,,,,,,,,,,,,,,,,193728,0,body,1714,1713,,,,,,,,769,769,,,,,,,,,,,
tlm,ticket_enqueue,381009,1524036000,93,93,,,2,,,,,,,,,,,,,,,,,,,,,,,,,193456,0,body,1731,1730,,,,,,,,413,413,,,,,,,,,,,
tlm,ticket_enqueue,381009,1524036000,93,93,,,3,,,,,,,,,,,,,,,,,,,,,,,,,193184,0,body,1748,1747,,,,,,,,512,512,,,,,,,,,,,
tlm,ingress_preaccept,381010,1524040000,93,93,,,0,,,,,,,,,,,,,,,,,,,,,,,,,193744,0,,1713,,,,,,,,,769,,768,,,,,,,,,,
tlm,ingress_preaccept,381010,1524040000,93,93,,,2,,,,,,,,,,,,,,,,,,,,,,,,,193472,17,,1730,,,,,,,,,413,,412,,,,,,,,,,
tlm,ingress_preaccept,381010,1524040000,93,93,,,3,,,,,,,,,,,,,,,,,,,,,,,,,193200,0,,1747,,,,,,,,,512,,511,,,,,,,,,,
tlm,ticket_enqueue,381010,1524040000,93,93,,,0,,,,,,,,,,,,,,,,,,,,,,,,,193744,0,body,1713,1712,,,,,,,,769,769,,,,,,,,,,,
tlm,ticket_enqueue,381010,1524040000,93,93,,,3,,,,,,,,,,,,,,,,,,,,,,,,,193200,0,body,1747,1746,,,,,,,,512,512,,,,,,,,,,,
tlm,ingress_preaccept,381011,1524044000,93,93,,,0,,,,,,,,,,,,,,,,,,,,,,,,,193760,0,,1712,,,,,,,,,769,,768,,,,,,,,,,
tlm,ingress_preaccept,381011,1524044000,93,93,,,3,,,,,,,,,,,,,,,,,,,,,,,,,193216,0,,1746,,,,,,,,,512,,511,,,,,,,,,,
tlm,ticket_enqueue,381011,1524044000,93,93,,,0,,,,,,,,,,,,,,,,,,,,,,,,,193760,0,body,1712,1711,,,,,,,,769,769,,,,,,,,,,,
tlm,ticket_enqueue,381011,1524044000,93,93,,,3,,,,,,,,,,,,,,,,,,,,,,,,,193216,0,body,1746,1745,,,,,,,,512,512,,,,,,,,,,,
tlm,ingress_preaccept,381012,1524048000,93,93,,,0,,,,,,,,,,,,,,,,,,,,,,,,,193776,0,,1711,,,,,,,,,769,,768,,,,,,,,,,
tlm,ingress_preaccept,381012,1524048000,93,93,,,3,,,,,,,,,,,,,,,,,,,,,,,,,193232,0,,1745,,,,,,,,,512,,511,,,,,,,,,,
tlm,ticket_enqueue,381012,1524048000,93,93,,,0,,,,,,,,,,,,,,,,,,,,,,,,,193776,0,body,1711,1710,,,,,,,,769,769,,,,,,,,,,,
tlm,ticket_enqueue,381012,1524048000,93,93,,,3,,,,,,,,,,,,,,,,,,,,,,,,,193232,0,body,1745,1744,,,,,,,,512,512,,,,,,,,,,,
tlm,ingress_preaccept,381013,1524052000,93,93,,,0,,,,,,,,,,,,,,,,,,,,,,,,,193792,0,,1710,,,,,,,,,769,,768,,,,,,,,,,
tlm,ingress_preaccept,381013,1524052000,93,93,,,3,,,,,,,,,,,,,,,,,,,,,,,,,193248,0,,1744,,,,,,,,,512,,511,,,,,,,,,,
tlm,ticket_enqueue,381013,1524052000,93,93,,,0,,,,,,,,,,,,,,,,,,,,,,,,,193792,0,body,1710,1709,,,,,,,,769,769,,,,,,,,,,,
tlm,ticket_enqueue,381013,1524052000,93,93,,,3,,,,,,,,,,,,,,,,,,,,,,,,,193248,0,body,1744,1743,,,,,,,,512,512,,,,,,,,,,,
tlm,credit_return,381014,1524056000,75,75,,,2,,,,,,,,,,,,,,,,,,,,,,,,,155904,17,,,,,,,,,,0,413,430,,,,,,,,,,,
tlm,ingress_preaccept,381014,1524056000,93,93,,,0,,,,,,,,,,,,,,,,,,,,,,,,,193808,0,,1709,,,,,,,,,769,,768,,,,,,,,,,
tlm,ingress_preaccept,381014,1524056000,93,93,,,3,,,,,,,,,,,,,,,,,,,,,,,,,193264,0,,1743,,,,,,,,,512,,511,,,,,,,,,,
tlm,ticket_enqueue,381014,1524056000,93,93,,,0,,,,,,,,,,,,,,,,,,,,,,,,,193808,0,body,1709,1708,,,,,,,,769,769,,,,,,,,,,,
tlm,ticket_enqueue,381014,1524056000,93,93,,,3,,,,,,,,,,,,,,,,,,,,,,,,,193264,0,body,1743,1742,,,,,,,,512,512,,,,,,,,,,,
rtl,allocator_decision,,1524058000,,,155952,,,687884,,,,,,,,,,,,idle_to_fetch,15,15,15,15,0,0,0,0,0,,,,,,,,,,,,,,,,,,,,,,,,,,,
tlm,ingress_preaccept,381015,1524060000,93,93,,,0,,,,,,,,,,,,,,,,,,,,,,,,,193824,0,,1708,,,,,,,,,769,,768,,,,,,,,,,
tlm,ingress_preaccept,381015,1524060000,93,93,,,3,,,,,,,,,,,,,,,,,,,,,,,,,193280,0,,1742,,,,,,,,,512,,511,,,,,,,,,,
tlm,ticket_enqueue,381015,1524060000,93,93,,,0,,,,,,,,,,,,,,,,,,,,,,,,,193824,0,body,1708,1707,,,,,,,,769,769,,,,,,,,,,,
tlm,ticket_enqueue,381015,1524060000,93,93,,,3,,,,,,,,,,,,,,,,,,,,,,,,,193280,0,body,1742,1741,,,,,,,,512,512,,,,,,,,,,,
tlm,ingress_preaccept,381016,1524064000,93,93,,,0,,,,,,,,,,,,,,,,,,,,,,,,,193840,0,,1707,,,,,,,,,769,,768,,,,,,,,,,
tlm,ingress_preaccept,381016,1524064000,93,93,,,3,,,,,,,,,,,,,,,,,,,,,,,,,193296,0,,1741,,,,,,,,,512,,511,,,,,,,,,,
tlm,ticket_enqueue,381016,1524064000,93,93,,,0,,,,,,,,,,,,,,,,,,,,,,,,,193840,0,body,1707,1706,,,,,,,,769,769,,,,,,,,,,,
tlm,ticket_enqueue,381016,1524064000,93,93,,,3,,,,,,,,,,,,,,,,,,,,,,,,,193296,0,body,1741,1740,,,,,,,,512,512,,,,,,,,,,,
tlm,ingress_preaccept,381017,1524068000,93,93,,,0,,,,,,,,,,,,,,,,,,,,,,,,,193856,0,,1706,,,,,,,,,769,,768,,,,,,,,,,
tlm,ingress_preaccept,381017,1524068000,93,93,,,3,,,,,,,,,,,,,,,,,,,,,,,,,193312,0,,1740,,,,,,,,,512,,511,,,,,,,,,,
tlm,ticket_enqueue,381017,1524068000,93,93,,,0,,,,,,,,,,,,,,,,,,,,,,,,,193856,0,body,1706,1705,,,,,,,,769,769,,,,,,,,,,,
tlm,ticket_enqueue,381017,1524068000,93,93,,,3,,,,,,,,,,,,,,,,,,,,,,,,,193312,0,body,1740,1739,,,,,,,,512,512,,,,,,,,,,,
tlm,ingress_preaccept,381018,1524072000,93,93,,,0,,,,,,,,,,,,,,,,,,,,,,,,,193872,0,,1705,,,,,,,,,769,,768,,,,,,,,,,
tlm,ingress_preaccept,381018,1524072000,93,93,,,3,,,,,,,,,,,,,,,,,,,,,,,,,193328,0,,1739,,,,,,,,,512,,511,,,,,,,,,,
tlm,ticket_enqueue,381018,1524072000,93,93,,,0,,,,,,,,,,,,,,,,,,,,,,,,,193872,0,body,1705,1704,,,,,,,,769,769,,,,,,,,,,,
tlm,ticket_enqueue,381018,1524072000,93,93,,,3,,,,,,,,,,,,,,,,,,,,,,,,,193328,0,body,1739,1738,,,,,,,,512,512,,,,,,,,,,,
tlm,allocator_fetch,381019,1524076000,75,75,155920,,,,,,,,,,,,,,,,,,,,,,,,,17,15,,,,,,,,,,,,,,,,,,,,,,,,,
tlm,allocator_lane_action,381019,1524076000,75,75,155920,,0,,empty,,,,,,,,,,,,,,,,,,,,,,,155920,0,,,,,,,,,,,,,,,,,,,,,,,
tlm,ingress_preaccept,381019,1524076000,93,93,,,0,,,,,,,,,,,,,,,,,,,,,,,,,193888,0,,1704,,,,,,,,,769,,768,,,,,,,,,,
tlm,ingress_preaccept,381019,1524076000,93,93,,,3,,,,,,,,,,,,,,,,,,,,,,,,,193344,0,,1738,,,,,,,,,512,,511,,,,,,,,,,
tlm,ticket_enqueue,381019,1524076000,93,93,,,0,,,,,,,,,,,,,,,,,,,,,,,,,193888,0,body,1704,1703,,,,,,,,769,769,,,,,,,,,,,
tlm,ticket_enqueue,381019,1524076000,93,93,,,3,,,,,,,,,,,,,,,,,,,,,,,,,193344,0,body,1738,1737,,,,,,,,512,512,,,,,,,,,,,
tlm,ticket_pop,381019,1524076000,75,75,,,0,,,,,,,,,,,,,,,,,,,,,,,,,155920,0,body,1703,1704,,,,,,,,,,,,,,,,,,,,
tlm,ticket_pop,381019,1524076000,75,75,,,1,,,,,,,,,,,,,,,,,,,,,,,,,155920,0,body,1754,1755,,,,,,,,,,,,,,,,,,,,
tlm,ticket_pop,381019,1524076000,75,75,,,2,,,,,,,,,,,,,,,,,,,,,,,,,155920,0,body,1730,1731,,,,,,,,,,,,,,,,,,,,
tlm,ticket_pop,381019,1524076000,75,75,,,3,,,,,,,,,,,,,,,,,,,,,,,,,155920,0,body,1737,1738,,,,,,,,,,,,,,,,,,,,
tlm,ingress_preaccept,381020,1524080000,93,93,,,0,,,,,,,,,,,,,,,,,,,,,,,,,193904,0,,1704,,,,,,,,,769,,768,,,,,,,,,,
tlm,ingress_preaccept,381020,1524080000,93,93,,,3,,,,,,,,,,,,,,,,,,,,,,,,,193360,0,,1738,,,,,,,,,512,,511,,,,,,,,,,
tlm,ticket_enqueue,381020,1524080000,93,93,,,0,,,,,,,,,,,,,,,,,,,,,,,,,193904,0,body,1704,1703,,,,,,,,769,769,,,,,,,,,,,
tlm,ticket_enqueue,381020,1524080000,93,93,,,1,,,,,,,,,,,,,,,,,,,,,,,,,193088,17,body,1755,1754,,,,,,,,53,36,,,,,,,,,,,
tlm,ticket_enqueue,381020,1524080000,93,93,,,3,,,,,,,,,,,,,,,,,,,,,,,,,193360,0,body,1738,1737,,,,,,,,512,512,,,,,,,,,,,
rtl,parser_ticket_we,,1524082000,,,,,,687895,,,,,,,,1,0,,,,,,,,,,,,,,,292066164829,0,,,,,,,,,,,,,,41,3806,,,,,,,,
rtl,parser_ticket_we,,1524082000,,,,,,687896,,,,,,,,1,1,,,,,,,,,,,,,,,442390020189,0,,,,,,,,,,,,,,41,3806,,,,,,,,
rtl,parser_ticket_we,,1524082000,,,,,,687897,,,,,,,,1,0,,,,,,,,,,,,,,,219051720797,0,,,,,,,,,,,,,,81,3806,,,,,,,,
rtl,parser_ticket_we,,1524082000,,,,,,687898,,,,,,,,1,0,,,,,,,,,,,,,,,511109496925,0,,,,,,,,,,,,,,81,3806,,,,,,,,
tlm,allocator_lane_action,381021,1524084000,75,75,155920,,1,,empty,,,,,,,,,,,,,,,,,,,,,,,155920,0,,,,,,,,,,,,,,,,,,,,,,,
tlm,ingress_preaccept,381021,1524084000,93,93,,,0,,,,,,,,,,,,,,,,,,,,,,,,,193920,0,,1703,,,,,,,,,769,,768,,,,,,,,,,
tlm,ingress_preaccept,381021,1524084000,93,93,,,1,,,,,,,,,,,,,,,,,,,,,,,,,193104,0,,1754,,,,,,,,,36,,35,,,,,,,,,,
tlm,ingress_preaccept,381021,1524084000,93,93,,,3,,,,,,,,,,,,,,,,,,,,,,,,,193376,17,,1737,,,,,,,,,512,,511,,,,,,,,,,
tlm,ticket_enqueue,381021,1524084000,93,93,,,0,,,,,,,,,,,,,,,,,,,,,,,,,193920,0,body,1703,1702,,,,,,,,769,769,,,,,,,,,,,
tlm,ticket_enqueue,381021,1524084000,93,93,,,1,,,,,,,,,,,,,,,,,,,,,,,,,193104,0,body,1754,1753,,,,,,,,36,36,,,,,,,,,,,
rtl,parser_ticket_we,,1524086000,,,,,,687900,,,,,,,,0,0,,,,,,,,,,,,,,,192512,0,,,,,,,,,,,,,,651,3807,,,,,,,,
rtl,parser_ticket_we,,1524086000,,,,,,687901,,,,,,,,0,0,,,,,,,,,,,,,,,192512,0,,,,,,,,,,,,,,1517,3807,,,,,,,,
rtl,parser_ticket_we,,1524086000,,,,,,687902,,,,,,,,0,1,,,,,,,,,,,,,,,192512,0,,,,,,,,,,,,,,555,3807,,,,,,,,
rtl,parser_ticket_we,,1524086000,,,,,,687903,,,,,,,,0,0,,,,,,,,,,,,,,,192512,0,,,,,,,,,,,,,,238,3807,,,,,,,,
tlm,ingress_preaccept,381022,1524088000,93,93,,,0,,,,,,,,,,,,,,,,,,,,,,,,,193936,0,,1702,,,,,,,,,769,,768,,,,,,,,,,
tlm,ingress_preaccept,381022,1524088000,93,93,,,1,,,,,,,,,,,,,,,,,,,,,,,,,193120,0,,1753,,,,,,,,,36,,35,,,,,,,,,,
tlm,ticket_enqueue,381022,1524088000,93,93,,,0,,,,,,,,,,,,,,,,,,,,,,,,,193936,0,body,1702,1701,,,,,,,,769,769,,,,,,,,,,,
tlm,ticket_enqueue,381022,1524088000,93,93,,,1,,,,,,,,,,,,,,,,,,,,,,,,,193120,0,body,1753,1752,,,,,,,,36,36,,,,,,,,,,,
rtl,parser_ticket_we,,1524090000,,,,,,687909,,,,,,,,0,0,,,,,,,,,,,,,,,192528,0,,,,,,,,,,,,,,238,3808,,,,,,,,
rtl,parser_ticket_we,,1524090000,,,,,,687910,,,,,,,,0,0,,,,,,,,,,,,,,,192528,0,,,,,,,,,,,,,,555,3808,,,,,,,,
rtl,parser_ticket_we,,1524090000,,,,,,687911,,,,,,,,0,0,,,,,,,,,,,,,,,192528,0,,,,,,,,,,,,,,1517,3808,,,,,,,,
rtl,parser_ticket_we,,1524090000,,,,,,687912,,,,,,,,0,0,,,,,,,,,,,,,,,192528,0,,,,,,,,,,,,,,651,3808,,,,,,,,
tlm,allocator_lane_action,381023,1524092000,75,75,155920,,2,,empty,,,,,,,,,,,,,,,,,,,,,,,155920,0,,,,,,,,,,,,,,,,,,,,,,,
tlm,ingress_preaccept,381023,1524092000,93,93,,,0,,,,,,,,,,,,,,,,,,,,,,,,,193952,17,,1701,,,,,,,,,769,,768,,,,,,,,,,
tlm,ingress_preaccept,381023,1524092000,93,93,,,1,,,,,,,,,,,,,,,,,,,,,,,,,193136,0,,1752,,,,,,,,,36,,35,,,,,,,,,,
tlm,ticket_enqueue,381023,1524092000,93,93,,,1,,,,,,,,,,,,,,,,,,,,,,,,,193136,0,body,1752,1751,,,,,,,,36,36,,,,,,,,,,,
rtl,parser_ticket_we,,1524094000,,,,,,687918,,,,,,,,0,0,,,,,,,,,,,,,,,192544,0,,,,,,,,,,,,,,651,3809,,,,,,,,
rtl,parser_ticket_we,,1524094000,,,,,,687919,,,,,,,,0,0,,,,,,,,,,,,,,,192544,0,,,,,,,,,,,,,,1517,3809,,,,,,,,
rtl,parser_ticket_we,,1524094000,,,,,,687920,,,,,,,,0,0,,,,,,,,,,,,,,,192544,0,,,,,,,,,,,,,,238,3809,,,,,,,,
tlm,ingress_preaccept,381024,1524096000,93,93,,,1,,,,,,,,,,,,,,,,,,,,,,,,,193152,0,,1751,,,,,,,,,36,,35,,,,,,,,,,
tlm,ticket_enqueue,381024,1524096000,93,93,,,1,,,,,,,,,,,,,,,,,,,,,,,,,193152,0,body,1751,1750,,,,,,,,36,36,,,,,,,,,,,
rtl,parser_ticket_we,,1524098000,,,,,,687926,,,,,,,,0,0,,,,,,,,,,,,,,,192560,0,,,,,,,,,,,,,,238,3810,,,,,,,,
rtl,parser_ticket_we,,1524098000,,,,,,687927,,,,,,,,0,0,,,,,,,,,,,,,,,192560,0,,,,,,,,,,,,,,1517,3810,,,,,,,,
tlm,allocator_lane_action,381025,1524100000,75,75,155920,,3,,empty,,,,,,,,,,,,,,,,,,,,,,,155920,0,,,,,,,,,,,,,,,,,,,,,,,
tlm,ingress_preaccept,381025,1524100000,93,93,,,1,,,,,,,,,,,,,,,,,,,,,,,,,193168,0,,1750,,,,,,,,,36,,35,,,,,,,,,,
tlm,ticket_enqueue,381025,1524100000,93,93,,,1,,,,,,,,,,,,,,,,,,,,,,,,,193168,0,body,1750,1749,,,,,,,,36,36,,,,,,,,,,,
rtl,parser_ticket_we,,1524102000,,,,,,687932,,,,,,,,0,0,,,,,,,,,,,,,,,192576,0,,,,,,,,,,,,,,1517,3811,,,,,,,,
rtl,parser_ticket_we,,1524102000,,,,,,687933,,,,,,,,0,0,,,,,,,,,,,,,,,192576,0,,,,,,,,,,,,,,238,3811,,,,,,,,
tlm,ingress_preaccept,381026,1524104000,93,93,,,1,,,,,,,,,,,,,,,,,,,,,,,,,193184,0,,1749,,,,,,,,,36,,35,,,,,,,,,,
tlm,ticket_enqueue,381026,1524104000,93,93,,,1,,,,,,,,,,,,,,,,,,,,,,,,,193184,0,body,1749,1748,,,,,,,,36,36,,,,,,,,,,,
rtl,parser_ticket_we,,1524106000,,,,,,687937,,,,,,,,0,0,,,,,,,,,,,,,,,192592,0,,,,,,,,,,,,,,238,3812,,,,,,,,
rtl,parser_ticket_we,,1524106000,,,,,,687938,,,,,,,,0,0,,,,,,,,,,,,,,,192592,0,,,,,,,,,,,,,,1517,3812,,,,,,,,
tlm,ingress_preaccept,381027,1524108000,93,93,,,1,,,,,,,,,,,,,,,,,,,,,,,,,193200,0,,1748,,,,,,,,,36,,35,,,,,,,,,,
tlm,ticket_enqueue,381027,1524108000,93,93,,,1,,,,,,,,,,,,,,,,,,,,,,,,,193200,0,body,1748,1747,,,,,,,,36,36,,,,,,,,,,,
tlm,ticket_enqueue,381027,1524108000,93,93,,,2,,,,,,,,,,,,,,,,,,,,,,,,,193472,17,body,1731,1730,,,,,,,,430,413,,,,,,,,,,,
rtl,parser_ticket_we,,1524110000,,,,,,687942,,,,,,,,0,0,,,,,,,,,,,,,,,192608,0,,,,,,,,,,,,,,1517,3813,,,,,,,,
rtl,parser_ticket_we,,1524110000,,,,,,687943,,,,,,,,0,0,,,,,,,,,,,,,,,192608,0,,,,,,,,,,,,,,238,3813,,,,,,,,
tlm,ingress_preaccept,381028,1524112000,93,93,,,1,,,,,,,,,,,,,,,,,,,,,,,,,193216,0,,1747,,,,,,,,,36,,35,,,,,,,,,,
tlm,ingress_preaccept,381028,1524112000,93,93,,,2,,,,,,,,,,,,,,,,,,,,,,,,,193488,0,,1730,,,,,,,,,413,,412,,,,,,,,,,
tlm,ticket_enqueue,381028,1524112000,93,93,,,1,,,,,,,,,,,,,,,,,,,,,,,,,193216,0,body,1747,1746,,,,,,,,36,36,,,,,,,,,,,
tlm,ticket_enqueue,381028,1524112000,93,93,,,2,,,,,,,,,,,,,,,,,,,,,,,,,193488,0,body,1730,1729,,,,,,,,413,413,,,,,,,,,,,
rtl,parser_ticket_we,,1524114000,,,,,,687947,,,,,,,,0,0,,,,,,,,,,,,,,,192624,0,,,,,,,,,,,,,,238,3814,,,,,,,,
rtl,parser_ticket_we,,1524114000,,,,,,687948,,,,,,,,0,0,,,,,,,,,,,,,,,192624,0,,,,,,,,,,,,,,1517,3814,,,,,,,,
tlm,ingress_preaccept,381029,1524116000,93,93,,,1,,,,,,,,,,,,,,,,,,,,,,,,,193232,0,,1746,,,,,,,,,36,,35,,,,,,,,,,
tlm,ingress_preaccept,381029,1524116000,93,93,,,2,,,,,,,,,,,,,,,,,,,,,,,,,193504,0,,1729,,,,,,,,,413,,412,,,,,,,,,,
tlm,ticket_enqueue,381029,1524116000,93,93,,,1,,,,,,,,,,,,,,,,,,,,,,,,,193232,0,body,1746,1745,,,,,,,,36,36,,,,,,,,,,,
tlm,ticket_enqueue,381029,1524116000,93,93,,,2,,,,,,,,,,,,,,,,,,,,,,,,,193504,0,body,1729,1728,,,,,,,,413,413,,,,,,,,,,,
rtl,allocator_lane_action,,1524118000,,,,,0,687955,2,0,1,0,155952,0,75,0,0,1,0,,,,,,,,,,,,,,,,,,,,,,,,,,,,,,,,,,,,,
rtl,allocator_lane_action,,1524118000,,,,,1,687956,2,0,1,0,155952,0,75,0,0,1,0,,,,,,,,,,,,,,,,,,,,,,,,,,,,,,,,,,,,,
rtl,allocator_lane_action,,1524118000,,,,,2,687957,2,0,1,0,155952,0,75,0,0,1,0,,,,,,,,,,,,,,,,,,,,,,,,,,,,,,,,,,,,,
rtl,allocator_lane_action,,1524118000,,,,,3,687958,2,0,1,0,155952,0,75,0,0,1,0,,,,,,,,,,,,,,,,,,,,,,,,,,,,,,,,,,,,,
rtl,parser_ticket_we,,1524118000,,,,,,687952,,,,,,,,0,0,,,,,,,,,,,,,,,192640,0,,,,,,,,,,,,,,1517,3815,,,,,,,,
rtl,parser_ticket_we,,1524118000,,,,,,687953,,,,,,,,0,0,,,,,,,,,,,,,,,192640,0,,,,,,,,,,,,,,238,3815,,,,,,,,
tlm,ingress_preaccept,381030,1524120000,93,93,,,1,,,,,,,,,,,,,,,,,,,,,,,,,193248,0,,1745,,,,,,,,,36,,35,,,,,,,,,,
tlm,ingress_preaccept,381030,1524120000,93,93,,,2,,,,,,,,,,,,,,,,,,,,,,,,,193520,0,,1728,,,,,,,,,413,,412,,,,,,,,,,
tlm,ticket_enqueue,381030,1524120000,93,93,,,1,,,,,,,,,,,,,,,,,,,,,,,,,193248,0,body,1745,1744,,,,,,,,36,36,,,,,,,,,,,
tlm,ticket_enqueue,381030,1524120000,93,93,,,2,,,,,,,,,,,,,,,,,,,,,,,,,193520,0,body,1728,1727,,,,,,,,413,413,,,,,,,,,,,
rtl,parser_ticket_we,,1524122000,,,,,,687962,,,,,,,,0,0,,,,,,,,,,,,,,,192656,0,,,,,,,,,,,,,,238,3816,,,,,,,,
rtl,parser_ticket_we,,1524122000,,,,,,687963,,,,,,,,0,0,,,,,,,,,,,,,,,192656,0,,,,,,,,,,,,,,1517,3816,,,,,,,,
tlm,ingress_preaccept,381031,1524124000,93,93,,,1,,,,,,,,,,,,,,,,,,,,,,,,,193264,0,,1744,,,,,,,,,36,,35,,,,,,,,,,
tlm,ingress_preaccept,381031,1524124000,93,93,,,2,,,,,,,,,,,,,,,,,,,,,,,,,193536,0,,1727,,,,,,,,,413,,412,,,,,,,,,,
tlm,ticket_enqueue,381031,1524124000,93,93,,,1,,,,,,,,,,,,,,,,,,,,,,,,,193264,0,body,1744,1743,,,,,,,,36,36,,,,,,,,,,,
tlm,ticket_enqueue,381031,1524124000,93,93,,,2,,,,,,,,,,,,,,,,,,,,,,,,,193536,0,body,1727,1726,,,,,,,,413,413,,,,,,,,,,,
rtl,parser_ticket_we,,1524126000,,,,,,687967,,,,,,,,0,0,,,,,,,,,,,,,,,192672,0,,,,,,,,,,,,,,1517,3817,,,,,,,,
rtl,parser_ticket_we,,1524126000,,,,,,687968,,,,,,,,0,0,,,,,,,,,,,,,,,192672,0,,,,,,,,,,,,,,238,3817,,,,,,,,
tlm,ingress_preaccept,381032,1524128000,93,93,,,1,,,,,,,,,,,,,,,,,,,,,,,,,193280,0,,1743,,,,,,,,,36,,35,,,,,,,,,,
tlm,ingress_preaccept,381032,1524128000,93,93,,,2,,,,,,,,,,,,,,,,,,,,,,,,,193552,0,,1726,,,,,,,,,413,,412,,,,,,,,,,
tlm,ticket_enqueue,381032,1524128000,93,93,,,1,,,,,,,,,,,,,,,,,,,,,,,,,193280,0,body,1743,1742,,,,,,,,36,36,,,,,,,,,,,
tlm,ticket_enqueue,381032,1524128000,93,93,,,2,,,,,,,,,,,,,,,,,,,,,,,,,193552,0,body,1726,1725,,,,,,,,413,413,,,,,,,,,,,
rtl,parser_ticket_we,,1524130000,,,,,,687972,,,,,,,,0,0,,,,,,,,,,,,,,,192688,0,,,,,,,,,,,,,,238,3818,,,,,,,,
rtl,parser_ticket_we,,1524130000,,,,,,687973,,,,,,,,0,0,,,,,,,,,,,,,,,192688,0,,,,,,,,,,,,,,1517,3818,,,,,,,,
tlm,ingress_preaccept,381033,1524132000,93,93,,,1,,,,,,,,,,,,,,,,,,,,,,,,,193296,0,,1742,,,,,,,,,36,,35,,,,,,,,,,
tlm,ingress_preaccept,381033,1524132000,93,93,,,2,,,,,,,,,,,,,,,,,,,,,,,,,193568,0,,1725,,,,,,,,,413,,412,,,,,,,,,,
tlm,ticket_enqueue,381033,1524132000,93,93,,,1,,,,,,,,,,,,,,,,,,,,,,,,,193296,0,body,1742,1741,,,,,,,,36,36,,,,,,,,,,,
tlm,ticket_enqueue,381033,1524132000,93,93,,,2,,,,,,,,,,,,,,,,,,,,,,,,,193568,0,body,1725,1724,,,,,,,,413,413,,,,,,,,,,,
rtl,parser_ticket_we,,1524134000,,,,,,687977,,,,,,,,0,0,,,,,,,,,,,,,,,192704,0,,,,,,,,,,,,,,1517,3819,,,,,,,,
rtl,parser_ticket_we,,1524134000,,,,,,687978,,,,,,,,0,0,,,,,,,,,,,,,,,192704,0,,,,,,,,,,,,,,238,3819,,,,,,,,
tlm,ingress_preaccept,381034,1524136000,93,93,,,1,,,,,,,,,,,,,,,,,,,,,,,,,193312,0,,1741,,,,,,,,,36,,35,,,,,,,,,,
tlm,ingress_preaccept,381034,1524136000,93,93,,,2,,,,,,,,,,,,,,,,,,,,,,,,,193584,0,,1724,,,,,,,,,413,,412,,,,,,,,,,
tlm,ticket_enqueue,381034,1524136000,93,93,,,1,,,,,,,,,,,,,,,,,,,,,,,,,193312,0,body,1741,1740,,,,,,,,36,36,,,,,,,,,,,
tlm,ticket_enqueue,381034,1524136000,93,93,,,2,,,,,,,,,,,,,,,,,,,,,,,,,193584,0,body,1724,1723,,,,,,,,413,413,,,,,,,,,,,
rtl,parser_ticket_we,,1524138000,,,,,,687982,,,,,,,,0,0,,,,,,,,,,,,,,,192720,0,,,,,,,,,,,,,,238,3820,,,,,,,,
rtl,parser_ticket_we,,1524138000,,,,,,687983,,,,,,,,0,0,,,,,,,,,,,,,,,192720,0,,,,,,,,,,,,,,1517,3820,,,,,,,,
tlm,ingress_preaccept,381035,1524140000,93,93,,,1,,,,,,,,,,,,,,,,,,,,,,,,,193328,0,,1740,,,,,,,,,36,,35,,,,,,,,,,
tlm,ingress_preaccept,381035,1524140000,93,93,,,2,,,,,,,,,,,,,,,,,,,,,,,,,193600,0,,1723,,,,,,,,,413,,412,,,,,,,,,,
tlm,ticket_enqueue,381035,1524140000,93,93,,,1,,,,,,,,,,,,,,,,,,,,,,,,,193328,0,body,1740,1739,,,,,,,,36,36,,,,,,,,,,,
tlm,ticket_enqueue,381035,1524140000,93,93,,,2,,,,,,,,,,,,,,,,,,,,,,,,,193600,0,body,1723,1722,,,,,,,,413,413,,,,,,,,,,,
rtl,parser_ticket_we,,1524142000,,,,,,687987,,,,,,,,0,0,,,,,,,,,,,,,,,192736,0,,,,,,,,,,,,,,1517,3821,,,,,,,,
rtl,parser_ticket_we,,1524142000,,,,,,687988,,,,,,,,0,0,,,,,,,,,,,,,,,192736,0,,,,,,,,,,,,,,238,3821,,,,,,,,
tlm,ingress_preaccept,381036,1524144000,93,93,,,1,,,,,,,,,,,,,,,,,,,,,,,,,193344,0,,1739,,,,,,,,,36,,35,,,,,,,,,,
tlm,ingress_preaccept,381036,1524144000,93,93,,,2,,,,,,,,,,,,,,,,,,,,,,,,,193616,0,,1722,,,,,,,,,413,,412,,,,,,,,,,
tlm,ticket_enqueue,381036,1524144000,93,93,,,1,,,,,,,,,,,,,,,,,,,,,,,,,193344,0,body,1739,1738,,,,,,,,36,36,,,,,,,,,,,
tlm,ticket_enqueue,381036,1524144000,93,93,,,2,,,,,,,,,,,,,,,,,,,,,,,,,193616,0,body,1722,1721,,,,,,,,413,413,,,,,,,,,,,
rtl,parser_ticket_we,,1524146000,,,,,,687992,,,,,,,,0,0,,,,,,,,,,,,,,,192752,0,,,,,,,,,,,,,,238,3822,,,,,,,,
rtl,parser_ticket_we,,1524146000,,,,,,687993,,,,,,,,0,0,,,,,,,,,,,,,,,192752,0,,,,,,,,,,,,,,1517,3822,,,,,,,,
tlm,ingress_preaccept,381037,1524148000,93,93,,,1,,,,,,,,,,,,,,,,,,,,,,,,,193360,0,,1738,,,,,,,,,36,,35,,,,,,,,,,
tlm,ingress_preaccept,381037,1524148000,93,93,,,2,,,,,,,,,,,,,,,,,,,,,,,,,193632,0,,1721,,,,,,,,,413,,412,,,,,,,,,,
tlm,ticket_enqueue,381037,1524148000,93,93,,,1,,,,,,,,,,,,,,,,,,,,,,,,,193360,0,body,1738,1737,,,,,,,,36,36,,,,,,,,,,,
tlm,ticket_enqueue,381037,1524148000,93,93,,,2,,,,,,,,,,,,,,,,,,,,,,,,,193632,0,body,1721,1720,,,,,,,,413,413,,,,,,,,,,,
rtl,parser_ticket_we,,1524150000,,,,,,687997,,,,,,,,0,0,,,,,,,,,,,,,,,192768,0,,,,,,,,,,,,,,1517,3823,,,,,,,,
rtl,parser_ticket_we,,1524150000,,,,,,687998,,,,,,,,0,0,,,,,,,,,,,,,,,192768,0,,,,,,,,,,,,,,238,3823,,,,,,,,
tlm,ingress_preaccept,381038,1524152000,93,93,,,1,,,,,,,,,,,,,,,,,,,,,,,,,193376,0,,1737,,,,,,,,,36,,35,,,,,,,,,,
tlm,ingress_preaccept,381038,1524152000,93,93,,,2,,,,,,,,,,,,,,,,,,,,,,,,,193648,0,,1720,,,,,,,,,413,,412,,,,,,,,,,
tlm,ticket_enqueue,381038,1524152000,93,93,,,1,,,,,,,,,,,,,,,,,,,,,,,,,193376,0,body,1737,1736,,,,,,,,36,36,,,,,,,,,,,
tlm,ticket_enqueue,381038,1524152000,93,93,,,2,,,,,,,,,,,,,,,,,,,,,,,,,193648,0,body,1720,1719,,,,,,,,413,413,,,,,,,,,,,
tlm,ticket_enqueue,381038,1524152000,93,93,,,3,,,,,,,,,,,,,,,,,,,,,,,,,193376,17,body,1737,1736,,,,,,,,512,495,,,,,,,,,,,
rtl,parser_ticket_we,,1524154000,,,,,,688002,,,,,,,,0,0,,,,,,,,,,,,,,,192784,0,,,,,,,,,,,,,,238,3824,,,,,,,,
rtl,parser_ticket_we,,1524154000,,,,,,688003,,,,,,,,0,0,,,,,,,,,,,,,,,192784,0,,,,,,,,,,,,,,1517,3824,,,,,,,,
tlm,ingress_preaccept,381039,1524156000,93,93,,,1,,,,,,,,,,,,,,,,,,,,,,,,,193392,0,,1736,,,,,,,,,36,,35,,,,,,,,,,
tlm,ingress_preaccept,381039,1524156000,93,93,,,2,,,,,,,,,,,,,,,,,,,,,,,,,193664,0,,1719,,,,,,,,,413,,412,,,,,,,,,,
tlm,ingress_preaccept,381039,1524156000,93,93,,,3,,,,,,,,,,,,,,,,,,,,,,,,,193392,0,,1736,,,,,,,,,495,,494,,,,,,,,,,
tlm,ticket_enqueue,381039,1524156000,93,93,,,1,,,,,,,,,,,,,,,,,,,,,,,,,193392,0,body,1736,1735,,,,,,,,36,36,,,,,,,,,,,
tlm,ticket_enqueue,381039,1524156000,93,93,,,2,,,,,,,,,,,,,,,,,,,,,,,,,193664,0,body,1719,1718,,,,,,,,413,413,,,,,,,,,,,
tlm,ticket_enqueue,381039,1524156000,93,93,,,3,,,,,,,,,,,,,,,,,,,,,,,,,193392,0,body,1736,1735,,,,,,,,495,495,,,,,,,,,,,
rtl,parser_ticket_we,,1524158000,,,,,,688007,,,,,,,,0,0,,,,,,,,,,,,,,,192800,0,,,,,,,,,,,,,,1517,3825,,,,,,,,
rtl,parser_ticket_we,,1524158000,,,,,,688008,,,,,,,,0,0,,,,,,,,,,,,,,,192800,0,,,,,,,,,,,,,,238,3825,,,,,,,,
tlm,ingress_preaccept,381040,1524160000,93,93,,,1,,,,,,,,,,,,,,,,,,,,,,,,,193408,0,,1735,,,,,,,,,36,,35,,,,,,,,,,
tlm,ingress_preaccept,381040,1524160000,93,93,,,2,,,,,,,,,,,,,,,,,,,,,,,,,193680,0,,1718,,,,,,,,,413,,412,,,,,,,,,,
tlm,ingress_preaccept,381040,1524160000,93,93,,,3,,,,,,,,,,,,,,,,,,,,,,,,,193408,0,,1735,,,,,,,,,495,,494,,,,,,,,,,
tlm,ticket_enqueue,381040,1524160000,93,93,,,0,,,,,,,,,,,,,,,,,,,,,,,,,193952,17,body,1701,1700,,,,,,,,769,752,,,,,,,,,,,
tlm,ticket_enqueue,381040,1524160000,93,93,,,1,,,,,,,,,,,,,,,,,,,,,,,,,193408,0,body,1735,1734,,,,,,,,36,36,,,,,,,,,,,
tlm,ticket_enqueue,381040,1524160000,93,93,,,2,,,,,,,,,,,,,,,,,,,,,,,,,193680,0,body,1718,1717,,,,,,,,413,413,,,,,,,,,,,
tlm,ticket_enqueue,381040,1524160000,93,93,,,3,,,,,,,,,,,,,,,,,,,,,,,,,193408,0,body,1735,1734,,,,,,,,495,495,,,,,,,,,,,
rtl,allocator_decision,,1524162000,,,155968,,,688013,,,,,,,,,,,,idle_to_fetch,15,15,15,15,0,0,0,0,10,,,,,,,,,,,,,,,,,,,,,,,,,,,
rtl,parser_ticket_we,,1524162000,,,,,,688012,,,,,,,,0,0,,,,,,,,,,,,,,,192544,17,,,,,,,,,,,,,,555,3809,,,,,,,,
rtl,parser_ticket_we,,1524162000,,,,,,688018,,,,,,,,0,0,,,,,,,,,,,,,,,192816,0,,,,,,,,,,,,,,238,3826,,,,,,,,
rtl,parser_ticket_we,,1524162000,,,,,,688019,,,,,,,,0,0,,,,,,,,,,,,,,,192816,0,,,,,,,,,,,,,,1517,3826,,,,,,,,
tlm,ingress_preaccept,381041,1524164000,93,93,,,0,,,,,,,,,,,,,,,,,,,,,,,,,193968,0,,1700,,,,,,,,,752,,751,,,,,,,,,,
tlm,ingress_preaccept,381041,1524164000,93,93,,,1,,,,,,,,,,,,,,,,,,,,,,,,,193424,0,,1734,,,,,,,,,36,,35,,,,,,,,,,
tlm,ingress_preaccept,381041,1524164000,93,93,,,2,,,,,,,,,,,,,,,,,,,,,,,,,193696,0,,1717,,,,,,,,,413,,412,,,,,,,,,,
tlm,ingress_preaccept,381041,1524164000,93,93,,,3,,,,,,,,,,,,,,,,,,,,,,,,,193424,0,,1734,,,,,,,,,495,,494,,,,,,,,,,
tlm,ticket_enqueue,381041,1524164000,93,93,,,0,,,,,,,,,,,,,,,,,,,,,,,,,193968,0,body,1700,1699,,,,,,,,752,752,,,,,,,,,,,
tlm,ticket_enqueue,381041,1524164000,93,93,,,1,,,,,,,,,,,,,,,,,,,,,,,,,193424,0,body,1734,1733,,,,,,,,36,36,,,,,,,,,,,
tlm,ticket_enqueue,381041,1524164000,93,93,,,2,,,,,,,,,,,,,,,,,,,,,,,,,193696,0,body,1717,1716,,,,,,,,413,413,,,,,,,,,,,
tlm,ticket_enqueue,381041,1524164000,93,93,,,3,,,,,,,,,,,,,,,,,,,,,,,,,193424,0,body,1734,1733,,,,,,,,495,495,,,,,,,,,,,
rtl,parser_ticket_we,,1524166000,,,,,,688023,,,,,,,,0,0,,,,,,,,,,,,,,,192560,17,,,,,,,,,,,,,,651,3810,,,,,,,,
rtl,parser_ticket_we,,1524166000,,,,,,688024,,,,,,,,0,0,,,,,,,,,,,,,,,192832,0,,,,,,,,,,,,,,1517,3827,,,,,,,,
rtl,parser_ticket_we,,1524166000,,,,,,688025,,,,,,,,0,0,,,,,,,,,,,,,,,192832,0,,,,,,,,,,,,,,238,3827,,,,,,,,
rtl,parser_ticket_we,,1524166000,,,,,,688026,,,,,,,,0,0,,,,,,,,,,,,,,,192560,0,,,,,,,,,,,,,,572,3810,,,,,,,,
tlm,ingress_preaccept,381042,1524168000,93,93,,,0,,,,,,,,,,,,,,,,,,,,,,,,,193984,0,,1699,,,,,,,,,752,,751,,,,,,,,,,
tlm,ingress_preaccept,381042,1524168000,93,93,,,1,,,,,,,,,,,,,,,,,,,,,,,,,193440,0,,1733,,,,,,,,,36,,35,,,,,,,,,,
tlm,ingress_preaccept,381042,1524168000,93,93,,,2,,,,,,,,,,,,,,,,,,,,,,,,,193712,0,,1716,,,,,,,,,413,,412,,,,,,,,,,
tlm,ingress_preaccept,381042,1524168000,93,93,,,3,,,,,,,,,,,,,,,,,,,,,,,,,193440,0,,1733,,,,,,,,,495,,494,,,,,,,,,,
tlm,ticket_enqueue,381042,1524168000,93,93,,,0,,,,,,,,,,,,,,,,,,,,,,,,,193984,0,body,1699,1698,,,,,,,,752,752,,,,,,,,,,,
tlm,ticket_enqueue,381042,1524168000,93,93,,,1,,,,,,,,,,,,,,,,,,,,,,,,,193440,0,body,1733,1732,,,,,,,,36,36,,,,,,,,,,,
tlm,ticket_enqueue,381042,1524168000,93,93,,,2,,,,,,,,,,,,,,,,,,,,,,,,,193712,0,body,1716,1715,,,,,,,,413,413,,,,,,,,,,,
tlm,ticket_enqueue,381042,1524168000,93,93,,,3,,,,,,,,,,,,,,,,,,,,,,,,,193440,0,body,1733,1732,,,,,,,,495,495,,,,,,,,,,,
rtl,parser_ticket_we,,1524170000,,,,,,688031,,,,,,,,0,0,,,,,,,,,,,,,,,192576,0,,,,,,,,,,,,,,572,3811,,,,,,,,
rtl,parser_ticket_we,,1524170000,,,,,,688032,,,,,,,,0,0,,,,,,,,,,,,,,,192848,0,,,,,,,,,,,,,,238,3828,,,,,,,,
rtl,parser_ticket_we,,1524170000,,,,,,688033,,,,,,,,0,0,,,,,,,,,,,,,,,192848,0,,,,,,,,,,,,,,1517,3828,,,,,,,,
rtl,parser_ticket_we,,1524170000,,,,,,688034,,,,,,,,0,0,,,,,,,,,,,,,,,192576,0,,,,,,,,,,,,,,668,3811,,,,,,,,
tlm,ingress_preaccept,381043,1524172000,93,93,,,0,,,,,,,,,,,,,,,,,,,,,,,,,194000,0,,1698,,,,,,,,,752,,751,,,,,,,,,,
tlm,ingress_preaccept,381043,1524172000,93,93,,,1,,,,,,,,,,,,,,,,,,,,,,,,,193456,0,,1732,,,,,,,,,36,,35,,,,,,,,,,
tlm,ingress_preaccept,381043,1524172000,93,93,,,2,,,,,,,,,,,,,,,,,,,,,,,,,193728,0,,1715,,,,,,,,,413,,412,,,,,,,,,,
tlm,ingress_preaccept,381043,1524172000,93,93,,,3,,,,,,,,,,,,,,,,,,,,,,,,,193456,0,,1732,,,,,,,,,495,,494,,,,,,,,,,
tlm,ticket_enqueue,381043,1524172000,93,93,,,0,,,,,,,,,,,,,,,,,,,,,,,,,194000,0,body,1698,1697,,,,,,,,752,752,,,,,,,,,,,
tlm,ticket_enqueue,381043,1524172000,93,93,,,1,,,,,,,,,,,,,,,,,,,,,,,,,193456,0,body,1732,1731,,,,,,,,36,36,,,,,,,,,,,
tlm,ticket_enqueue,381043,1524172000,93,93,,,2,,,,,,,,,,,,,,,,,,,,,,,,,193728,0,body,1715,1714,,,,,,,,413,413,,,,,,,,,,,
tlm,ticket_enqueue,381043,1524172000,93,93,,,3,,,,,,,,,,,,,,,,,,,,,,,,,193456,0,body,1732,1731,,,,,,,,495,495,,,,,,,,,,,
rtl,parser_ticket_we,,1524174000,,,,,,688040,,,,,,,,0,0,,,,,,,,,,,,,,,192592,0,,,,,,,,,,,,,,668,3812,,,,,,,,
rtl,parser_ticket_we,,1524174000,,,,,,688041,,,,,,,,0,0,,,,,,,,,,,,,,,192864,0,,,,,,,,,,,,,,1517,3829,,,,,,,,
rtl,parser_ticket_we,,1524174000,,,,,,688042,,,,,,,,0,0,,,,,,,,,,,,,,,192864,0,,,,,,,,,,,,,,238,3829,,,,,,,,
rtl,parser_ticket_we,,1524174000,,,,,,688043,,,,,,,,0,0,,,,,,,,,,,,,,,192592,0,,,,,,,,,,,,,,572,3812,,,,,,,,
tlm,ingress_preaccept,381044,1524176000,93,93,,,0,,,,,,,,,,,,,,,,,,,,,,,,,194016,0,,1697,,,,,,,,,752,,751,,,,,,,,,,
tlm,ingress_preaccept,381044,1524176000,93,93,,,1,,,,,,,,,,,,,,,,,,,,,,,,,193472,0,,1731,,,,,,,,,36,,35,,,,,,,,,,
tlm,ingress_preaccept,381044,1524176000,93,93,,,2,,,,,,,,,,,,,,,,,,,,,,,,,193744,0,,1714,,,,,,,,,413,,412,,,,,,,,,,
tlm,ingress_preaccept,381044,1524176000,93,93,,,3,,,,,,,,,,,,,,,,,,,,,,,,,193472,0,,1731,,,,,,,,,495,,494,,,,,,,,,,
tlm,ticket_enqueue,381044,1524176000,93,93,,,0,,,,,,,,,,,,,,,,,,,,,,,,,194016,0,body,1697,1696,,,,,,,,752,752,,,,,,,,,,,
tlm,ticket_enqueue,381044,1524176000,93,93,,,1,,,,,,,,,,,,,,,,,,,,,,,,,193472,0,body,1731,1730,,,,,,,,36,36,,,,,,,,,,,
tlm,ticket_enqueue,381044,1524176000,93,93,,,2,,,,,,,,,,,,,,,,,,,,,,,,,193744,0,body,1714,1713,,,,,,,,413,413,,,,,,,,,,,
tlm,ticket_enqueue,381044,1524176000,93,93,,,3,,,,,,,,,,,,,,,,,,,,,,,,,193472,0,body,1731,1730,,,,,,,,495,495,,,,,,,,,,,
rtl,parser_ticket_we,,1524178000,,,,,,688049,,,,,,,,0,0,,,,,,,,,,,,,,,192608,0,,,,,,,,,,,,,,572,3813,,,,,,,,
rtl,parser_ticket_we,,1524178000,,,,,,688050,,,,,,,,0,0,,,,,,,,,,,,,,,192880,0,,,,,,,,,,,,,,238,3830,,,,,,,,
rtl,parser_ticket_we,,1524178000,,,,,,688051,,,,,,,,0,0,,,,,,,,,,,,,,,192880,0,,,,,,,,,,,,,,1517,3830,,,,,,,,
rtl,parser_ticket_we,,1524178000,,,,,,688052,,,,,,,,0,0,,,,,,,,,,,,,,,192608,0,,,,,,,,,,,,,,668,3813,,,,,,,,
tlm,allocator_fetch,381045,1524180000,75,75,155936,,,,,,,,,,,,,,,,,,,,,,,,,18,15,,,,,,,,,,,,,,,,,,,,,,,,,
tlm,allocator_lane_action,381045,1524180000,75,75,155936,,0,,empty,,,,,,,,,,,,,,,,,,,,,,,155936,0,,,,,,,,,,,,,,,,,,,,,,,
tlm,ingress_preaccept,381045,1524180000,93,93,,,0,,,,,,,,,,,,,,,,,,,,,,,,,194032,0,,1696,,,,,,,,,752,,751,,,,,,,,,,
tlm,ingress_preaccept,381045,1524180000,93,93,,,1,,,,,,,,,,,,,,,,,,,,,,,,,193488,0,,1730,,,,,,,,,36,,35,,,,,,,,,,
tlm,ingress_preaccept,381045,1524180000,93,93,,,2,,,,,,,,,,,,,,,,,,,,,,,,,193760,0,,1713,,,,,,,,,413,,412,,,,,,,,,,
tlm,ingress_preaccept,381045,1524180000,93,93,,,3,,,,,,,,,,,,,,,,,,,,,,,,,193488,0,,1730,,,,,,,,,495,,494,,,,,,,,,,
tlm,ticket_enqueue,381045,1524180000,93,93,,,0,,,,,,,,,,,,,,,,,,,,,,,,,194032,0,body,1696,1695,,,,,,,,752,752,,,,,,,,,,,
tlm,ticket_enqueue,381045,1524180000,93,93,,,1,,,,,,,,,,,,,,,,,,,,,,,,,193488,0,body,1730,1729,,,,,,,,36,36,,,,,,,,,,,
tlm,ticket_enqueue,381045,1524180000,93,93,,,2,,,,,,,,,,,,,,,,,,,,,,,,,193760,0,body,1713,1712,,,,,,,,413,413,,,,,,,,,,,
tlm,ticket_enqueue,381045,1524180000,93,93,,,3,,,,,,,,,,,,,,,,,,,,,,,,,193488,0,body,1730,1729,,,,,,,,495,495,,,,,,,,,,,
tlm,ticket_pop,381045,1524180000,75,75,,,0,,,,,,,,,,,,,,,,,,,,,,,,,155936,0,body,1695,1696,,,,,,,,,,,,,,,,,,,,
tlm,ticket_pop,381045,1524180000,75,75,,,1,,,,,,,,,,,,,,,,,,,,,,,,,155936,0,body,1729,1730,,,,,,,,,,,,,,,,,,,,
tlm,ticket_pop,381045,1524180000,75,75,,,2,,,,,,,,,,,,,,,,,,,,,,,,,155936,0,body,1712,1713,,,,,,,,,,,,,,,,,,,,
tlm,ticket_pop,381045,1524180000,75,75,,,3,,,,,,,,,,,,,,,,,,,,,,,,,155936,0,body,1729,1730,,,,,,,,,,,,,,,,,,,,
rtl,parser_ticket_we,,1524182000,,,,,,688058,,,,,,,,0,0,,,,,,,,,,,,,,,192624,0,,,,,,,,,,,,,,668,3814,,,,,,,,
rtl,parser_ticket_we,,1524182000,,,,,,688059,,,,,,,,0,0,,,,,,,,,,,,,,,192896,0,,,,,,,,,,,,,,1517,3831,,,,,,,,
rtl,parser_ticket_we,,1524182000,,,,,,688060,,,,,,,,0,0,,,,,,,,,,,,,,,192896,0,,,,,,,,,,,,,,238,3831,,,,,,,,
rtl,parser_ticket_we,,1524182000,,,,,,688061,,,,,,,,0,0,,,,,,,,,,,,,,,192624,0,,,,,,,,,,,,,,572,3814,,,,,,,,
tlm,ingress_preaccept,381046,1524184000,93,93,,,0,,,,,,,,,,,,,,,,,,,,,,,,,194048,0,,1696,,,,,,,,,752,,751,,,,,,,,,,
tlm,ingress_preaccept,381046,1524184000,93,93,,,1,,,,,,,,,,,,,,,,,,,,,,,,,193504,0,,1730,,,,,,,,,36,,35,,,,,,,,,,
tlm,ingress_preaccept,381046,1524184000,93,93,,,2,,,,,,,,,,,,,,,,,,,,,,,,,193776,0,,1713,,,,,,,,,413,,412,,,,,,,,,,
tlm,ingress_preaccept,381046,1524184000,93,93,,,3,,,,,,,,,,,,,,,,,,,,,,,,,193504,0,,1730,,,,,,,,,495,,494,,,,,,,,,,
tlm,ticket_enqueue,381046,1524184000,93,93,,,0,,,,,,,,,,,,,,,,,,,,,,,,,194048,0,body,1696,1695,,,,,,,,752,752,,,,,,,,,,,
tlm,ticket_enqueue,381046,1524184000,93,93,,,1,,,,,,,,,,,,,,,,,,,,,,,,,193504,0,body,1730,1729,,,,,,,,36,36,,,,,,,,,,,
tlm,ticket_enqueue,381046,1524184000,93,93,,,2,,,,,,,,,,,,,,,,,,,,,,,,,193776,0,body,1713,1712,,,,,,,,413,413,,,,,,,,,,,
tlm,ticket_enqueue,381046,1524184000,93,93,,,3,,,,,,,,,,,,,,,,,,,,,,,,,193504,0,body,1730,1729,,,,,,,,495,495,,,,,,,,,,,
rtl,parser_ticket_we,,1524186000,,,,,,688067,,,,,,,,0,0,,,,,,,,,,,,,,,192640,0,,,,,,,,,,,,,,572,3815,,,,,,,,
rtl,parser_ticket_we,,1524186000,,,,,,688068,,,,,,,,0,0,,,,,,,,,,,,,,,192912,0,,,,,,,,,,,,,,238,3832,,,,,,,,
rtl,parser_ticket_we,,1524186000,,,,,,688069,,,,,,,,0,0,,,,,,,,,,,,,,,192912,0,,,,,,,,,,,,,,1517,3832,,,,,,,,
rtl,parser_ticket_we,,1524186000,,,,,,688070,,,,,,,,0,0,,,,,,,,,,,,,,,192640,0,,,,,,,,,,,,,,668,3815,,,,,,,,
tlm,allocator_lane_action,381047,1524188000,75,75,155936,,1,,empty,,,,,,,,,,,,,,,,,,,,,,,155936,0,,,,,,,,,,,,,,,,,,,,,,,
tlm,ingress_preaccept,381047,1524188000,93,93,,,0,,,,,,,,,,,,,,,,,,,,,,,,,194064,0,,1695,,,,,,,,,752,,751,,,,,,,,,,
tlm,ingress_preaccept,381047,1524188000,93,93,,,1,,,,,,,,,,,,,,,,,,,,,,,,,193520,0,,1729,,,,,,,,,36,,35,,,,,,,,,,
tlm,ingress_preaccept,381047,1524188000,93,93,,,2,,,,,,,,,,,,,,,,,,,,,,,,,193792,0,,1712,,,,,,,,,413,,412,,,,,,,,,,
tlm,ingress_preaccept,381047,1524188000,93,93,,,3,,,,,,,,,,,,,,,,,,,,,,,,,193520,0,,1729,,,,,,,,,495,,494,,,,,,,,,,
tlm,ticket_enqueue,381047,1524188000,93,93,,,0,,,,,,,,,,,,,,,,,,,,,,,,,194064,0,body,1695,1694,,,,,,,,752,752,,,,,,,,,,,
tlm,ticket_enqueue,381047,1524188000,93,93,,,1,,,,,,,,,,,,,,,,,,,,,,,,,193520,0,body,1729,1728,,,,,,,,36,36,,,,,,,,,,,
tlm,ticket_enqueue,381047,1524188000,93,93,,,2,,,,,,,,,,,,,,,,,,,,,,,,,193792,0,body,1712,1711,,,,,,,,413,413,,,,,,,,,,,
tlm,ticket_enqueue,381047,1524188000,93,93,,,3,,,,,,,,,,,,,,,,,,,,,,,,,193520,0,body,1729,1728,,,,,,,,495,495,,,,,,,,,,,
rtl,parser_ticket_we,,1524190000,,,,,,688076,,,,,,,,0,0,,,,,,,,,,,,,,,192656,0,,,,,,,,,,,,,,668,3816,,,,,,,,
rtl,parser_ticket_we,,1524190000,,,,,,688077,,,,,,,,0,0,,,,,,,,,,,,,,,192928,0,,,,,,,,,,,,,,1517,3833,,,,,,,,
rtl,parser_ticket_we,,1524190000,,,,,,688078,,,,,,,,0,0,,,,,,,,,,,,,,,192928,0,,,,,,,,,,,,,,238,3833,,,,,,,,
rtl,parser_ticket_we,,1524190000,,,,,,688079,,,,,,,,0,0,,,,,,,,,,,,,,,192656,0,,,,,,,,,,,,,,572,3816,,,,,,,,
tlm,ingress_preaccept,381048,1524192000,93,93,,,0,,,,,,,,,,,,,,,,,,,,,,,,,194080,0,,1694,,,,,,,,,752,,751,,,,,,,,,,
tlm,ingress_preaccept,381048,1524192000,93,93,,,1,,,,,,,,,,,,,,,,,,,,,,,,,193536,0,,1728,,,,,,,,,36,,35,,,,,,,,,,
tlm,ingress_preaccept,381048,1524192000,93,93,,,2,,,,,,,,,,,,,,,,,,,,,,,,,193808,0,,1711,,,,,,,,,413,,412,,,,,,,,,,
tlm,ingress_preaccept,381048,1524192000,93,93,,,3,,,,,,,,,,,,,,,,,,,,,,,,,193536,0,,1728,,,,,,,,,495,,494,,,,,,,,,,
tlm,ticket_enqueue,381048,1524192000,93,93,,,0,,,,,,,,,,,,,,,,,,,,,,,,,194080,0,body,1694,1693,,,,,,,,752,752,,,,,,,,,,,
tlm,ticket_enqueue,381048,1524192000,93,93,,,1,,,,,,,,,,,,,,,,,,,,,,,,,193536,0,body,1728,1727,,,,,,,,36,36,,,,,,,,,,,
tlm,ticket_enqueue,381048,1524192000,93,93,,,2,,,,,,,,,,,,,,,,,,,,,,,,,193808,0,body,1711,1710,,,,,,,,413,413,,,,,,,,,,,
tlm,ticket_enqueue,381048,1524192000,93,93,,,3,,,,,,,,,,,,,,,,,,,,,,,,,193536,0,body,1728,1727,,,,,,,,495,495,,,,,,,,,,,
rtl,parser_ticket_we,,1524194000,,,,,,688085,,,,,,,,0,0,,,,,,,,,,,,,,,192672,0,,,,,,,,,,,,,,572,3817,,,,,,,,
rtl,parser_ticket_we,,1524194000,,,,,,688086,,,,,,,,0,0,,,,,,,,,,,,,,,192944,0,,,,,,,,,,,,,,238,3834,,,,,,,,
rtl,parser_ticket_we,,1524194000,,,,,,688087,,,,,,,,0,0,,,,,,,,,,,,,,,192944,0,,,,,,,,,,,,,,1517,3834,,,,,,,,
rtl,parser_ticket_we,,1524194000,,,,,,688088,,,,,,,,0,0,,,,,,,,,,,,,,,192672,0,,,,,,,,,,,,,,668,3817,,,,,,,,
tlm,allocator_lane_action,381049,1524196000,75,75,155936,,2,,empty,,,,,,,,,,,,,,,,,,,,,,,155936,0,,,,,,,,,,,,,,,,,,,,,,,
tlm,ingress_preaccept,381049,1524196000,93,93,,,0,,,,,,,,,,,,,,,,,,,,,,,,,194096,0,,1693,,,,,,,,,752,,751,,,,,,,,,,
tlm,ingress_preaccept,381049,1524196000,93,93,,,1,,,,,,,,,,,,,,,,,,,,,,,,,193552,0,,1727,,,,,,,,,36,,35,,,,,,,,,,
tlm,ingress_preaccept,381049,1524196000,93,93,,,2,,,,,,,,,,,,,,,,,,,,,,,,,193824,0,,1710,,,,,,,,,413,,412,,,,,,,,,,
tlm,ingress_preaccept,381049,1524196000,93,93,,,3,,,,,,,,,,,,,,,,,,,,,,,,,193552,0,,1727,,,,,,,,,495,,494,,,,,,,,,,
tlm,ticket_enqueue,381049,1524196000,93,93,,,0,,,,,,,,,,,,,,,,,,,,,,,,,194096,0,body,1693,1692,,,,,,,,752,752,,,,,,,,,,,
tlm,ticket_enqueue,381049,1524196000,93,93,,,1,,,,,,,,,,,,,,,,,,,,,,,,,193552,0,body,1727,1726,,,,,,,,36,36,,,,,,,,,,,
tlm,ticket_enqueue,381049,1524196000,93,93,,,2,,,,,,,,,,,,,,,,,,,,,,,,,193824,0,body,1710,1709,,,,,,,,413,413,,,,,,,,,,,
tlm,ticket_enqueue,381049,1524196000,93,93,,,3,,,,,,,,,,,,,,,,,,,,,,,,,193552,0,body,1727,1726,,,,,,,,495,495,,,,,,,,,,,
rtl,parser_ticket_we,,1524198000,,,,,,688094,,,,,,,,0,0,,,,,,,,,,,,,,,192688,0,,,,,,,,,,,,,,668,3818,,,,,,,,
rtl,parser_ticket_we,,1524198000,,,,,,688095,,,,,,,,0,0,,,,,,,,,,,,,,,192960,0,,,,,,,,,,,,,,1517,3835,,,,,,,,
rtl,parser_ticket_we,,1524198000,,,,,,688096,,,,,,,,0,0,,,,,,,,,,,,,,,192960,0,,,,,,,,,,,,,,238,3835,,,,,,,,
rtl,parser_ticket_we,,1524198000,,,,,,688097,,,,,,,,0,0,,,,,,,,,,,,,,,192688,0,,,,,,,,,,,,,,572,3818,,,,,,,,
tlm,ingress_preaccept,381050,1524200000,93,93,,,0,,,,,,,,,,,,,,,,,,,,,,,,,194112,0,,1692,,,,,,,,,752,,751,,,,,,,,,,
tlm,ingress_preaccept,381050,1524200000,93,93,,,1,,,,,,,,,,,,,,,,,,,,,,,,,193568,0,,1726,,,,,,,,,36,,35,,,,,,,,,,
tlm,ingress_preaccept,381050,1524200000,93,93,,,2,,,,,,,,,,,,,,,,,,,,,,,,,193840,0,,1709,,,,,,,,,413,,412,,,,,,,,,,
tlm,ingress_preaccept,381050,1524200000,93,93,,,3,,,,,,,,,,,,,,,,,,,,,,,,,193568,0,,1726,,,,,,,,,495,,494,,,,,,,,,,
tlm,ticket_enqueue,381050,1524200000,93,93,,,0,,,,,,,,,,,,,,,,,,,,,,,,,194112,0,body,1692,1691,,,,,,,,752,752,,,,,,,,,,,
tlm,ticket_enqueue,381050,1524200000,93,93,,,1,,,,,,,,,,,,,,,,,,,,,,,,,193568,0,body,1726,1725,,,,,,,,36,36,,,,,,,,,,,
tlm,ticket_enqueue,381050,1524200000,93,93,,,2,,,,,,,,,,,,,,,,,,,,,,,,,193840,0,body,1709,1708,,,,,,,,413,413,,,,,,,,,,,
tlm,ticket_enqueue,381050,1524200000,93,93,,,3,,,,,,,,,,,,,,,,,,,,,,,,,193568,0,body,1726,1725,,,,,,,,495,495,,,,,,,,,,,
rtl,parser_ticket_we,,1524202000,,,,,,688103,,,,,,,,0,0,,,,,,,,,,,,,,,192704,0,,,,,,,,,,,,,,572,3819,,,,,,,,
rtl,parser_ticket_we,,1524202000,,,,,,688104,,,,,,,,0,0,,,,,,,,,,,,,,,192976,0,,,,,,,,,,,,,,238,3836,,,,,,,,
rtl,parser_ticket_we,,1524202000,,,,,,688105,,,,,,,,0,0,,,,,,,,,,,,,,,192976,0,,,,,,,,,,,,,,1517,3836,,,,,,,,
rtl,parser_ticket_we,,1524202000,,,,,,688106,,,,,,,,0,0,,,,,,,,,,,,,,,192704,0,,,,,,,,,,,,,,668,3819,,,,,,,,
tlm,allocator_lane_action,381051,1524204000,75,75,155936,,3,,empty,,,,,,,,,,,,,,,,,,,,,,,155936,0,,,,,,,,,,,,,,,,,,,,,,,
tlm,ingress_preaccept,381051,1524204000,93,93,,,0,,,,,,,,,,,,,,,,,,,,,,,,,194128,0,,1691,,,,,,,,,752,,751,,,,,,,,,,
tlm,ingress_preaccept,381051,1524204000,93,93,,,1,,,,,,,,,,,,,,,,,,,,,,,,,193584,0,,1725,,,,,,,,,36,,35,,,,,,,,,,
tlm,ingress_preaccept,381051,1524204000,93,93,,,2,,,,,,,,,,,,,,,,,,,,,,,,,193856,0,,1708,,,,,,,,,413,,412,,,,,,,,,,
tlm,ingress_preaccept,381051,1524204000,93,93,,,3,,,,,,,,,,,,,,,,,,,,,,,,,193584,17,,1725,,,,,,,,,495,,494,,,,,,,,,,
tlm,ticket_enqueue,381051,1524204000,93,93,,,0,,,,,,,,,,,,,,,,,,,,,,,,,194128,0,body,1691,1690,,,,,,,,752,752,,,,,,,,,,,
tlm,ticket_enqueue,381051,1524204000,93,93,,,1,,,,,,,,,,,,,,,,,,,,,,,,,193584,0,body,1725,1724,,,,,,,,36,36,,,,,,,,,,,
tlm,ticket_enqueue,381051,1524204000,93,93,,,2,,,,,,,,,,,,,,,,,,,,,,,,,193856,0,body,1708,1707,,,,,,,,413,413,,,,,,,,,,,
rtl,parser_ticket_we,,1524206000,,,,,,688112,,,,,,,,0,0,,,,,,,,,,,,,,,192720,0,,,,,,,,,,,,,,668,3820,,,,,,,,
rtl,parser_ticket_we,,1524206000,,,,,,688113,,,,,,,,0,0,,,,,,,,,,,,,,,192992,0,,,,,,,,,,,,,,1517,3837,,,,,,,,
rtl,parser_ticket_we,,1524206000,,,,,,688114,,,,,,,,0,0,,,,,,,,,,,,,,,192992,0,,,,,,,,,,,,,,238,3837,,,,,,,,
rtl,parser_ticket_we,,1524206000,,,,,,688115,,,,,,,,0,0,,,,,,,,,,,,,,,192720,0,,,,,,,,,,,,,,572,3820,,,,,,,,
tlm,ingress_preaccept,381052,1524208000,93,93,,,0,,,,,,,,,,,,,,,,,,,,,,,,,194144,0,,1690,,,,,,,,,752,,751,,,,,,,,,,
tlm,ingress_preaccept,381052,1524208000,93,93,,,1,,,,,,,,,,,,,,,,,,,,,,,,,193600,0,,1724,,,,,,,,,36,,35,,,,,,,,,,
tlm,ingress_preaccept,381052,1524208000,93,93,,,2,,,,,,,,,,,,,,,,,,,,,,,,,193872,0,,1707,,,,,,,,,413,,412,,,,,,,,,,
tlm,ticket_enqueue,381052,1524208000,93,93,,,0,,,,,,,,,,,,,,,,,,,,,,,,,194144,0,body,1690,1689,,,,,,,,752,752,,,,,,,,,,,
tlm,ticket_enqueue,381052,1524208000,93,93,,,1,,,,,,,,,,,,,,,,,,,,,,,,,193600,0,body,1724,1723,,,,,,,,36,36,,,,,,,,,,,
tlm,ticket_enqueue,381052,1524208000,93,93,,,2,,,,,,,,,,,,,,,,,,,,,,,,,193872,0,body,1707,1706,,,,,,,,413,413,,,,,,,,,,,
rtl,parser_ticket_we,,1524210000,,,,,,688121,,,,,,,,0,0,,,,,,,,,,,,,,,192736,0,,,,,,,,,,,,,,572,3821,,,,,,,,
rtl,parser_ticket_we,,1524210000,,,,,,688122,,,,,,,,0,0,,,,,,,,,,,,,,,193008,0,,,,,,,,,,,,,,238,3838,,,,,,,,
rtl,parser_ticket_we,,1524210000,,,,,,688123,,,,,,,,0,0,,,,,,,,,,,,,,,193008,0,,,,,,,,,,,,,,1517,3838,,,,,,,,
rtl,parser_ticket_we,,1524210000,,,,,,688124,,,,,,,,0,0,,,,,,,,,,,,,,,192736,0,,,,,,,,,,,,,,668,3821,,,,,,,,
tlm,ingress_preaccept,381053,1524212000,93,93,,,0,,,,,,,,,,,,,,,,,,,,,,,,,194160,0,,1689,,,,,,,,,752,,751,,,,,,,,,,
tlm,ingress_preaccept,381053,1524212000,93,93,,,1,,,,,,,,,,,,,,,,,,,,,,,,,193616,17,,1723,,,,,,,,,36,,35,,,,,,,,,,
tlm,ingress_preaccept,381053,1524212000,93,93,,,2,,,,,,,,,,,,,,,,,,,,,,,,,193888,0,,1706,,,,,,,,,413,,412,,,,,,,,,,
tlm,ticket_enqueue,381053,1524212000,93,93,,,0,,,,,,,,,,,,,,,,,,,,,,,,,194160,0,body,1689,1688,,,,,,,,752,752,,,,,,,,,,,
tlm,ticket_enqueue,381053,1524212000,93,93,,,2,,,,,,,,,,,,,,,,,,,,,,,,,193888,0,body,1706,1705,,,,,,,,413,413,,,,,,,,,,,
rtl,parser_ticket_we,,1524214000,,,,,,688130,,,,,,,,0,0,,,,,,,,,,,,,,,192752,0,,,,,,,,,,,,,,668,3822,,,,,,,,
rtl,parser_ticket_we,,1524214000,,,,,,688131,,,,,,,,0,0,,,,,,,,,,,,,,,193024,0,,,,,,,,,,,,,,1517,3839,,,,,,,,
rtl,parser_ticket_we,,1524214000,,,,,,688132,,,,,,,,0,0,,,,,,,,,,,,,,,193024,0,,,,,,,,,,,,,,238,3839,,,,,,,,
rtl,parser_ticket_we,,1524214000,,,,,,688133,,,,,,,,0,0,,,,,,,,,,,,,,,192752,0,,,,,,,,,,,,,,572,3822,,,,,,,,
tlm,ingress_preaccept,381054,1524216000,93,93,,,0,,,,,,,,,,,,,,,,,,,,,,,,,194176,0,,1688,,,,,,,,,752,,751,,,,,,,,,,
tlm,ingress_preaccept,381054,1524216000,93,93,,,2,,,,,,,,,,,,,,,,,,,,,,,,,193904,0,,1705,,,,,,,,,413,,412,,,,,,,,,,
tlm,ticket_enqueue,381054,1524216000,93,93,,,0,,,,,,,,,,,,,,,,,,,,,,,,,194176,0,body,1688,1687,,,,,,,,752,752,,,,,,,,,,,
tlm,ticket_enqueue,381054,1524216000,93,93,,,2,,,,,,,,,,,,,,,,,,,,,,,,,193904,0,body,1705,1704,,,,,,,,413,413,,,,,,,,,,,
rtl,parser_ticket_we,,1524218000,,,,,,688139,,,,,,,,0,0,,,,,,,,,,,,,,,192768,0,,,,,,,,,,,,,,572,3823,,,,,,,,
rtl,parser_ticket_we,,1524218000,,,,,,688140,,,,,,,,0,0,,,,,,,,,,,,,,,193040,0,,,,,,,,,,,,,,238,3840,,,,,,,,
rtl,parser_ticket_we,,1524218000,,,,,,688141,,,,,,,,0,0,,,,,,,,,,,,,,,193040,0,,,,,,,,,,,,,,1517,3840,,,,,,,,
rtl,parser_ticket_we,,1524218000,,,,,,688142,,,,,,,,0,0,,,,,,,,,,,,,,,192768,0,,,,,,,,,,,,,,668,3823,,,,,,,,
tlm,ingress_preaccept,381055,1524220000,93,93,,,0,,,,,,,,,,,,,,,,,,,,,,,,,194192,0,,1687,,,,,,,,,752,,751,,,,,,,,,,
tlm,ingress_preaccept,381055,1524220000,93,93,,,2,,,,,,,,,,,,,,,,,,,,,,,,,193920,0,,1704,,,,,,,,,413,,412,,,,,,,,,,
tlm,ticket_enqueue,381055,1524220000,93,93,,,0,,,,,,,,,,,,,,,,,,,,,,,,,194192,0,body,1687,1686,,,,,,,,752,752,,,,,,,,,,,
tlm,ticket_enqueue,381055,1524220000,93,93,,,2,,,,,,,,,,,,,,,,,,,,,,,,,193920,0,body,1704,1703,,,,,,,,413,413,,,,,,,,,,,
rtl,allocator_lane_action,,1524222000,,,,,0,688152,2,0,1,0,155968,0,75,0,0,1,0,,,,,,,,,,,,,,,,,,,,,,,,,,,,,,,,,,,,,
rtl,allocator_lane_action,,1524222000,,,,,1,688153,2,0,1,0,155968,0,75,0,0,1,0,,,,,,,,,,,,,,,,,,,,,,,,,,,,,,,,,,,,,
rtl,allocator_lane_action,,1524222000,,,,,2,688154,2,0,1,0,155968,0,75,0,0,1,0,,,,,,,,,,,,,,,,,,,,,,,,,,,,,,,,,,,,,
rtl,allocator_lane_action,,1524222000,,,,,3,688155,2,0,1,0,155968,0,75,0,0,1,0,,,,,,,,,,,,,,,,,,,,,,,,,,,,,,,,,,,,,
rtl,parser_ticket_we,,1524222000,,,,,,688148,,,,,,,,0,0,,,,,,,,,,,,,,,192784,0,,,,,,,,,,,,,,668,3824,,,,,,,,
rtl,parser_ticket_we,,1524222000,,,,,,688149,,,,,,,,0,0,,,,,,,,,,,,,,,193056,0,,,,,,,,,,,,,,238,3841,,,,,,,,
rtl,parser_ticket_we,,1524222000,,,,,,688150,,,,,,,,0,0,,,,,,,,,,,,,,,192784,0,,,,,,,,,,,,,,572,3824,,,,,,,,
tlm,ingress_preaccept,381056,1524224000,93,93,,,0,,,,,,,,,,,,,,,,,,,,,,,,,194208,17,,1686,,,,,,,,,752,,751,,,,,,,,,,
tlm,ingress_preaccept,381056,1524224000,93,93,,,2,,,,,,,,,,,,,,,,,,,,,,,,,193936,0,,1703,,,,,,,,,413,,412,,,,,,,,,,
tlm,ticket_enqueue,381056,1524224000,93,93,,,2,,,,,,,,,,,,,,,,,,,,,,,,,193936,0,body,1703,1702,,,,,,,,413,413,,,,,,,,,,,
rtl,parser_ticket_we,,1524226000,,,,,,688161,,,,,,,,0,0,,,,,,,,,,,,,,,192800,0,,,,,,,,,,,,,,572,3825,,,,,,,,
rtl,parser_ticket_we,,1524226000,,,,,,688162,,,,,,,,0,0,,,,,,,,,,,,,,,193072,0,,,,,,,,,,,,,,238,3842,,,,,,,,
rtl,parser_ticket_we,,1524226000,,,,,,688163,,,,,,,,0,0,,,,,,,,,,,,,,,192800,0,,,,,,,,,,,,,,668,3825,,,,,,,,
tlm,ingress_preaccept,381057,1524228000,93,93,,,2,,,,,,,,,,,,,,,,,,,,,,,,,193952,0,,1702,,,,,,,,,413,,412,,,,,,,,,,
tlm,ticket_enqueue,381057,1524228000,93,93,,,2,,,,,,,,,,,,,,,,,,,,,,,,,193952,0,body,1702,1701,,,,,,,,413,413,,,,,,,,,,,
rtl,parser_ticket_we,,1524230000,,,,,,688168,,,,,,,,0,0,,,,,,,,,,,,,,,192816,0,,,,,,,,,,,,,,668,3826,,,,,,,,
rtl,parser_ticket_we,,1524230000,,,,,,688169,,,,,,,,0,0,,,,,,,,,,,,,,,193088,0,,,,,,,,,,,,,,238,3843,,,,,,,,
rtl,parser_ticket_we,,1524230000,,,,,,688170,,,,,,,,0,0,,,,,,,,,,,,,,,192816,0,,,,,,,,,,,,,,572,3826,,,,,,,,
tlm,ingress_preaccept,381058,1524232000,93,93,,,2,,,,,,,,,,,,,,,,,,,,,,,,,193968,0,,1701,,,,,,,,,413,,412,,,,,,,,,,
tlm,ticket_enqueue,381058,1524232000,93,93,,,2,,,,,,,,,,,,,,,,,,,,,,,,,193968,0,body,1701,1700,,,,,,,,413,413,,,,,,,,,,,
rtl,parser_ticket_we,,1524234000,,,,,,688175,,,,,,,,0,0,,,,,,,,,,,,,,,192832,0,,,,,,,,,,,,,,572,3827,,,,,,,,
rtl,parser_ticket_we,,1524234000,,,,,,688176,,,,,,,,0,0,,,,,,,,,,,,,,,193104,0,,,,,,,,,,,,,,238,3844,,,,,,,,
rtl,parser_ticket_we,,1524234000,,,,,,688177,,,,,,,,0,0,,,,,,,,,,,,,,,192832,0,,,,,,,,,,,,,,668,3827,,,,,,,,
tlm,ingress_preaccept,381059,1524236000,93,93,,,2,,,,,,,,,,,,,,,,,,,,,,,,,193984,0,,1700,,,,,,,,,413,,412,,,,,,,,,,
tlm,ticket_enqueue,381059,1524236000,93,93,,,2,,,,,,,,,,,,,,,,,,,,,,,,,193984,0,body,1700,1699,,,,,,,,413,413,,,,,,,,,,,
rtl,parser_ticket_we,,1524238000,,,,,,688182,,,,,,,,0,0,,,,,,,,,,,,,,,192848,0,,,,,,,,,,,,,,668,3828,,,,,,,,
rtl,parser_ticket_we,,1524238000,,,,,,688183,,,,,,,,0,0,,,,,,,,,,,,,,,193120,0,,,,,,,,,,,,,,238,3845,,,,,,,,
tlm,ingress_preaccept,381060,1524240000,93,93,,,2,,,,,,,,,,,,,,,,,,,,,,,,,194000,0,,1699,,,,,,,,,413,,412,,,,,,,,,,
tlm,ticket_enqueue,381060,1524240000,93,93,,,2,,,,,,,,,,,,,,,,,,,,,,,,,194000,0,body,1699,1698,,,,,,,,413,413,,,,,,,,,,,
rtl,parser_ticket_we,,1524242000,,,,,,688188,,,,,,,,0,0,,,,,,,,,,,,,,,193136,0,,,,,,,,,,,,,,238,3846,,,,,,,,
rtl,parser_ticket_we,,1524242000,,,,,,688189,,,,,,,,0,0,,,,,,,,,,,,,,,192864,0,,,,,,,,,,,,,,668,3829,,,,,,,,
tlm,ingress_preaccept,381061,1524244000,93,93,,,2,,,,,,,,,,,,,,,,,,,,,,,,,194016,0,,1698,,,,,,,,,413,,412,,,,,,,,,,
tlm,ticket_enqueue,381061,1524244000,93,93,,,2,,,,,,,,,,,,,,,,,,,,,,,,,194016,0,body,1698,1697,,,,,,,,413,413,,,,,,,,,,,
rtl,parser_ticket_we,,1524246000,,,,,,688193,,,,,,,,0,0,,,,,,,,,,,,,,,192880,0,,,,,,,,,,,,,,668,3830,,,,,,,,
rtl,parser_ticket_we,,1524246000,,,,,,688194,,,,,,,,0,0,,,,,,,,,,,,,,,193152,0,,,,,,,,,,,,,,238,3847,,,,,,,,
tlm,ingress_preaccept,381062,1524248000,93,93,,,2,,,,,,,,,,,,,,,,,,,,,,,,,194032,0,,1697,,,,,,,,,413,,412,,,,,,,,,,
tlm,ticket_enqueue,381062,1524248000,93,93,,,2,,,,,,,,,,,,,,,,,,,,,,,,,194032,0,body,1697,1696,,,,,,,,413,413,,,,,,,,,,,
rtl,parser_ticket_we,,1524250000,,,,,,688198,,,,,,,,0,0,,,,,,,,,,,,,,,193168,0,,,,,,,,,,,,,,238,3848,,,,,,,,
rtl,parser_ticket_we,,1524250000,,,,,,688199,,,,,,,,0,0,,,,,,,,,,,,,,,192896,0,,,,,,,,,,,,,,668,3831,,,,,,,,
tlm,ingress_preaccept,381063,1524252000,93,93,,,2,,,,,,,,,,,,,,,,,,,,,,,,,194048,0,,1696,,,,,,,,,413,,412,,,,,,,,,,
tlm,ticket_enqueue,381063,1524252000,93,93,,,2,,,,,,,,,,,,,,,,,,,,,,,,,194048,0,body,1696,1695,,,,,,,,413,413,,,,,,,,,,,
rtl,parser_ticket_we,,1524254000,,,,,,688203,,,,,,,,0,0,,,,,,,,,,,,,,,192912,0,,,,,,,,,,,,,,668,3832,,,,,,,,
rtl,parser_ticket_we,,1524254000,,,,,,688204,,,,,,,,0,0,,,,,,,,,,,,,,,193184,0,,,,,,,,,,,,,,238,3849,,,,,,,,
tlm,ingress_preaccept,381064,1524256000,93,93,,,2,,,,,,,,,,,,,,,,,,,,,,,,,194064,0,,1695,,,,,,,,,413,,412,,,,,,,,,,
tlm,ticket_enqueue,381064,1524256000,93,93,,,2,,,,,,,,,,,,,,,,,,,,,,,,,194064,0,body,1695,1694,,,,,,,,413,413,,,,,,,,,,,
rtl,parser_ticket_we,,1524258000,,,,,,688208,,,,,,,,0,0,,,,,,,,,,,,,,,193200,0,,,,,,,,,,,,,,238,3850,,,,,,,,
rtl,parser_ticket_we,,1524258000,,,,,,688209,,,,,,,,0,0,,,,,,,,,,,,,,,192928,0,,,,,,,,,,,,,,668,3833,,,,,,,,
tlm,ingress_preaccept,381065,1524260000,93,93,,,2,,,,,,,,,,,,,,,,,,,,,,,,,194080,0,,1694,,,,,,,,,413,,412,,,,,,,,,,
tlm,ticket_enqueue,381065,1524260000,93,93,,,2,,,,,,,,,,,,,,,,,,,,,,,,,194080,0,body,1694,1693,,,,,,,,413,413,,,,,,,,,,,
rtl,parser_ticket_we,,1524262000,,,,,,688213,,,,,,,,0,0,,,,,,,,,,,,,,,193216,0,,,,,,,,,,,,,,238,3851,,,,,,,,
tlm,ingress_preaccept,381066,1524264000,93,93,,,2,,,,,,,,,,,,,,,,,,,,,,,,,194096,0,,1693,,,,,,,,,413,,412,,,,,,,,,,
tlm,ticket_enqueue,381066,1524264000,93,93,,,2,,,,,,,,,,,,,,,,,,,,,,,,,194096,0,body,1693,1692,,,,,,,,413,413,,,,,,,,,,,
rtl,allocator_decision,,1524266000,,,155984,,,688217,,,,,,,,,,,,idle_to_fetch,15,15,15,15,0,0,0,0,14,,,,,,,,,,,,,,,,,,,,,,,,,,,
rtl,parser_ticket_we,,1524266000,,,,,,688222,,,,,,,,0,0,,,,,,,,,,,,,,,193232,0,,,,,,,,,,,,,,238,3852,,,,,,,,
tlm,ingress_preaccept,381067,1524268000,93,93,,,2,,,,,,,,,,,,,,,,,,,,,,,,,194112,0,,1692,,,,,,,,,413,,412,,,,,,,,,,
tlm,ticket_enqueue,381067,1524268000,93,93,,,2,,,,,,,,,,,,,,,,,,,,,,,,,194112,0,body,1692,1691,,,,,,,,413,413,,,,,,,,,,,
rtl,parser_ticket_we,,1524270000,,,,,,688225,,,,,,,,0,0,,,,,,,,,,,,,,,193248,0,,,,,,,,,,,,,,238,3853,,,,,,,,
tlm,ingress_preaccept,381068,1524272000,93,93,,,2,,,,,,,,,,,,,,,,,,,,,,,,,194128,0,,1691,,,,,,,,,413,,412,,,,,,,,,,
tlm,ticket_enqueue,381068,1524272000,93,93,,,2,,,,,,,,,,,,,,,,,,,,,,,,,194128,0,body,1691,1690,,,,,,,,413,413,,,,,,,,,,,
tlm,ticket_enqueue,381068,1524272000,93,93,,,3,,,,,,,,,,,,,,,,,,,,,,,,,193584,17,body,1725,1724,,,,,,,,495,478,,,,,,,,,,,
rtl,parser_ticket_we,,1524274000,,,,,,688228,,,,,,,,0,0,,,,,,,,,,,,,,,193264,0,,,,,,,,,,,,,,238,3854,,,,,,,,
tlm,ingress_preaccept,381069,1524276000,93,93,,,2,,,,,,,,,,,,,,,,,,,,,,,,,194144,0,,1690,,,,,,,,,413,,412,,,,,,,,,,
tlm,ingress_preaccept,381069,1524276000,93,93,,,3,,,,,,,,,,,,,,,,,,,,,,,,,193600,0,,1724,,,,,,,,,478,,477,,,,,,,,,,
tlm,ticket_enqueue,381069,1524276000,93,93,,,2,,,,,,,,,,,,,,,,,,,,,,,,,194144,0,body,1690,1689,,,,,,,,413,413,,,,,,,,,,,
tlm,ticket_enqueue,381069,1524276000,93,93,,,3,,,,,,,,,,,,,,,,,,,,,,,,,193600,0,body,1724,1723,,,,,,,,478,478,,,,,,,,,,,
rtl,parser_ticket_we,,1524278000,,,,,,688231,,,,,,,,0,0,,,,,,,,,,,,,,,193280,0,,,,,,,,,,,,,,238,3855,,,,,,,,
tlm,ingress_preaccept,381070,1524280000,93,93,,,2,,,,,,,,,,,,,,,,,,,,,,,,,194160,0,,1689,,,,,,,,,413,,412,,,,,,,,,,
tlm,ingress_preaccept,381070,1524280000,93,93,,,3,,,,,,,,,,,,,,,,,,,,,,,,,193616,17,,1723,,,,,,,,,478,,477,,,,,,,,,,
tlm,ticket_enqueue,381070,1524280000,93,93,,,1,,,,,,,,,,,,,,,,,,,,,,,,,193616,17,body,1723,1722,,,,,,,,36,19,,,,,,,,,,,
tlm,ticket_enqueue,381070,1524280000,93,93,,,2,,,,,,,,,,,,,,,,,,,,,,,,,194160,0,body,1689,1688,,,,,,,,413,413,,,,,,,,,,,
rtl,parser_ticket_we,,1524282000,,,,,,688234,,,,,,,,0,0,,,,,,,,,,,,,,,193296,0,,,,,,,,,,,,,,238,3856,,,,,,,,
tlm,allocator_fetch,381071,1524284000,75,75,155952,,,,,,,,,,,,,,,,,,,,,,,,,19,15,,,,,,,,,,,,,,,,,,,,,,,,,
tlm,allocator_lane_action,381071,1524284000,75,75,155952,,0,,empty,,,,,,,,,,,,,,,,,,,,,,,155952,0,,,,,,,,,,,,,,,,,,,,,,,
tlm,ingress_preaccept,381071,1524284000,93,93,,,1,,,,,,,,,,,,,,,,,,,,,,,,,193632,0,,1722,,,,,,,,,19,,18,,,,,,,,,,
tlm,ingress_preaccept,381071,1524284000,93,93,,,2,,,,,,,,,,,,,,,,,,,,,,,,,194176,0,,1688,,,,,,,,,413,,412,,,,,,,,,,
tlm,ticket_enqueue,381071,1524284000,93,93,,,1,,,,,,,,,,,,,,,,,,,,,,,,,193632,0,body,1722,1721,,,,,,,,19,19,,,,,,,,,,,
tlm,ticket_enqueue,381071,1524284000,93,93,,,2,,,,,,,,,,,,,,,,,,,,,,,,,194176,0,body,1688,1687,,,,,,,,413,413,,,,,,,,,,,
tlm,ticket_pop,381071,1524284000,75,75,,,0,,,,,,,,,,,,,,,,,,,,,,,,,155952,0,body,1686,1687,,,,,,,,,,,,,,,,,,,,
tlm,ticket_pop,381071,1524284000,75,75,,,1,,,,,,,,,,,,,,,,,,,,,,,,,155952,0,body,1721,1722,,,,,,,,,,,,,,,,,,,,
tlm,ticket_pop,381071,1524284000,75,75,,,2,,,,,,,,,,,,,,,,,,,,,,,,,155952,0,body,1687,1688,,,,,,,,,,,,,,,,,,,,
tlm,ticket_pop,381071,1524284000,75,75,,,3,,,,,,,,,,,,,,,,,,,,,,,,,155952,0,body,1723,1724,,,,,,,,,,,,,,,,,,,,
rtl,parser_ticket_we,,1524286000,,,,,,688237,,,,,,,,0,0,,,,,,,,,,,,,,,193312,0,,,,,,,,,,,,,,238,3857,,,,,,,,
tlm,ingress_preaccept,381072,1524288000,93,93,,,1,,,,,,,,,,,,,,,,,,,,,,,,,193648,0,,1722,,,,,,,,,19,,18,,,,,,,,,,
tlm,ingress_preaccept,381072,1524288000,93,93,,,2,,,,,,,,,,,,,,,,,,,,,,,,,194192,0,,1688,,,,,,,,,413,,412,,,,,,,,,,
tlm,ticket_enqueue,381072,1524288000,93,93,,,1,,,,,,,,,,,,,,,,,,,,,,,,,193648,0,body,1722,1721,,,,,,,,19,19,,,,,,,,,,,
tlm,ticket_enqueue,381072,1524288000,93,93,,,2,,,,,,,,,,,,,,,,,,,,,,,,,194192,0,body,1688,1687,,,,,,,,413,413,,,,,,,,,,,
rtl,parser_ticket_we,,1524290000,,,,,,688240,,,,,,,,0,0,,,,,,,,,,,,,,,193056,17,,,,,,,,,,,,,,1517,3841,,,,,,,,
rtl,parser_ticket_we,,1524290000,,,,,,688241,,,,,,,,0,0,,,,,,,,,,,,,,,193328,0,,,,,,,,,,,,,,238,3858,,,,,,,,
tlm,allocator_lane_action,381073,1524292000,75,75,155952,,1,,empty,,,,,,,,,,,,,,,,,,,,,,,155952,0,,,,,,,,,,,,,,,,,,,,,,,
tlm,ingress_preaccept,381073,1524292000,93,93,,,1,,,,,,,,,,,,,,,,,,,,,,,,,193664,0,,1721,,,,,,,,,19,,18,,,,,,,,,,
tlm,ingress_preaccept,381073,1524292000,93,93,,,2,,,,,,,,,,,,,,,,,,,,,,,,,194208,0,,1687,,,,,,,,,413,,412,,,,,,,,,,
tlm,ticket_enqueue,381073,1524292000,93,93,,,0,,,,,,,,,,,,,,,,,,,,,,,,,194208,17,body,1687,1686,,,,,,,,752,735,,,,,,,,,,,
tlm,ticket_enqueue,381073,1524292000,93,93,,,1,,,,,,,,,,,,,,,,,,,,,,,,,193664,0,body,1721,1720,,,,,,,,19,19,,,,,,,,,,,
tlm,ticket_enqueue,381073,1524292000,93,93,,,2,,,,,,,,,,,,,,,,,,,,,,,,,194208,0,body,1687,1686,,,,,,,,413,413,,,,,,,,,,,
rtl,parser_ticket_we,,1524294000,,,,,,688244,,,,,,,,0,0,,,,,,,,,,,,,,,193344,0,,,,,,,,,,,,,,238,3859,,,,,,,,
rtl,parser_ticket_we,,1524294000,,,,,,688245,,,,,,,,0,0,,,,,,,,,,,,,,,193072,0,,,,,,,,,,,,,,1534,3842,,,,,,,,
tlm,ingress_preaccept,381074,1524296000,93,93,,,0,,,,,,,,,,,,,,,,,,,,,,,,,194224,0,,1686,,,,,,,,,735,,734,,,,,,,,,,
tlm,ingress_preaccept,381074,1524296000,93,93,,,1,,,,,,,,,,,,,,,,,,,,,,,,,193680,0,,1720,,,,,,,,,19,,18,,,,,,,,,,
tlm,ingress_preaccept,381074,1524296000,93,93,,,2,,,,,,,,,,,,,,,,,,,,,,,,,194224,0,,1686,,,,,,,,,413,,412,,,,,,,,,,
tlm,ticket_enqueue,381074,1524296000,93,93,,,0,,,,,,,,,,,,,,,,,,,,,,,,,194224,0,body,1686,1685,,,,,,,,735,735,,,,,,,,,,,
tlm,ticket_enqueue,381074,1524296000,93,93,,,1,,,,,,,,,,,,,,,,,,,,,,,,,193680,0,body,1720,1719,,,,,,,,19,19,,,,,,,,,,,
tlm,ticket_enqueue,381074,1524296000,93,93,,,2,,,,,,,,,,,,,,,,,,,,,,,,,194224,0,body,1686,1685,,,,,,,,413,413,,,,,,,,,,,
rtl,parser_ticket_we,,1524298000,,,,,,688249,,,,,,,,0,0,,,,,,,,,,,,,,,193088,0,,,,,,,,,,,,,,1534,3843,,,,,,,,
rtl,parser_ticket_we,,1524298000,,,,,,688250,,,,,,,,0,0,,,,,,,,,,,,,,,193360,0,,,,,,,,,,,,,,238,3860,,,,,,,,
tlm,allocator_lane_action,381075,1524300000,75,75,155952,,2,,empty,,,,,,,,,,,,,,,,,,,,,,,155952,0,,,,,,,,,,,,,,,,,,,,,,,
tlm,ingress_preaccept,381075,1524300000,93,93,,,0,,,,,,,,,,,,,,,,,,,,,,,,,194240,0,,1685,,,,,,,,,735,,734,,,,,,,,,,
tlm,ingress_preaccept,381075,1524300000,93,93,,,1,,,,,,,,,,,,,,,,,,,,,,,,,193696,0,,1719,,,,,,,,,19,,18,,,,,,,,,,
tlm,ingress_preaccept,381075,1524300000,93,93,,,2,,,,,,,,,,,,,,,,,,,,,,,,,194240,0,,1685,,,,,,,,,413,,412,,,,,,,,,,
tlm,ticket_enqueue,381075,1524300000,93,93,,,0,,,,,,,,,,,,,,,,,,,,,,,,,194240,0,body,1685,1684,,,,,,,,735,735,,,,,,,,,,,
tlm,ticket_enqueue,381075,1524300000,93,93,,,1,,,,,,,,,,,,,,,,,,,,,,,,,193696,0,body,1719,1718,,,,,,,,19,19,,,,,,,,,,,
tlm,ticket_enqueue,381075,1524300000,93,93,,,2,,,,,,,,,,,,,,,,,,,,,,,,,194240,0,body,1685,1684,,,,,,,,413,413,,,,,,,,,,,
rtl,parser_ticket_we,,1524302000,,,,,,688254,,,,,,,,0,0,,,,,,,,,,,,,,,193376,0,,,,,,,,,,,,,,238,3861,,,,,,,,
rtl,parser_ticket_we,,1524302000,,,,,,688255,,,,,,,,0,0,,,,,,,,,,,,,,,193104,0,,,,,,,,,,,,,,1534,3844,,,,,,,,
tlm,ingress_preaccept,381076,1524304000,93,93,,,0,,,,,,,,,,,,,,,,,,,,,,,,,194256,0,,1684,,,,,,,,,735,,734,,,,,,,,,,
tlm,ingress_preaccept,381076,1524304000,93,93,,,1,,,,,,,,,,,,,,,,,,,,,,,,,193712,0,,1718,,,,,,,,,19,,18,,,,,,,,,,
tlm,ingress_preaccept,381076,1524304000,93,93,,,2,,,,,,,,,,,,,,,,,,,,,,,,,194256,0,,1684,,,,,,,,,413,,412,,,,,,,,,,
tlm,ticket_enqueue,381076,1524304000,93,93,,,0,,,,,,,,,,,,,,,,,,,,,,,,,194256,0,body,1684,1683,,,,,,,,735,735,,,,,,,,,,,
tlm,ticket_enqueue,381076,1524304000,93,93,,,1,,,,,,,,,,,,,,,,,,,,,,,,,193712,0,body,1718,1717,,,,,,,,19,19,,,,,,,,,,,
tlm,ticket_enqueue,381076,1524304000,93,93,,,2,,,,,,,,,,,,,,,,,,,,,,,,,194256,0,body,1684,1683,,,,,,,,413,413,,,,,,,,,,,
rtl,parser_ticket_we,,1524306000,,,,,,688259,,,,,,,,0,0,,,,,,,,,,,,,,,192848,17,,,,,,,,,,,,,,572,3828,,,,,,,,
rtl,parser_ticket_we,,1524306000,,,,,,688260,,,,,,,,0,0,,,,,,,,,,,,,,,193120,0,,,,,,,,,,,,,,1534,3845,,,,,,,,
rtl,parser_ticket_we,,1524306000,,,,,,688261,,,,,,,,0,0,,,,,,,,,,,,,,,193392,0,,,,,,,,,,,,,,238,3862,,,,,,,,
tlm,allocator_lane_action,381077,1524308000,75,75,155952,,3,,empty,,,,,,,,,,,,,,,,,,,,,,,155952,0,,,,,,,,,,,,,,,,,,,,,,,
tlm,ingress_preaccept,381077,1524308000,93,93,,,0,,,,,,,,,,,,,,,,,,,,,,,,,194272,17,,1683,,,,,,,,,735,,734,,,,,,,,,,
tlm,ingress_preaccept,381077,1524308000,93,93,,,1,,,,,,,,,,,,,,,,,,,,,,,,,193728,0,,1717,,,,,,,,,19,,18,,,,,,,,,,
tlm,ingress_preaccept,381077,1524308000,93,93,,,2,,,,,,,,,,,,,,,,,,,,,,,,,194272,0,,1683,,,,,,,,,413,,412,,,,,,,,,,
tlm,ticket_enqueue,381077,1524308000,93,93,,,1,,,,,,,,,,,,,,,,,,,,,,,,,193728,0,body,1717,1716,,,,,,,,19,19,,,,,,,,,,,
tlm,ticket_enqueue,381077,1524308000,93,93,,,2,,,,,,,,,,,,,,,,,,,,,,,,,194272,0,body,1683,1682,,,,,,,,413,413,,,,,,,,,,,
rtl,parser_ticket_we,,1524310000,,,,,,688265,,,,,,,,0,0,,,,,,,,,,,,,,,193408,0,,,,,,,,,,,,,,238,3863,,,,,,,,
rtl,parser_ticket_we,,1524310000,,,,,,688266,,,,,,,,0,0,,,,,,,,,,,,,,,193136,0,,,,,,,,,,,,,,1534,3846,,,,,,,,
rtl,parser_ticket_we,,1524310000,,,,,,688267,,,,,,,,0,0,,,,,,,,,,,,,,,192864,0,,,,,,,,,,,,,,589,3829,,,,,,,,
tlm,ingress_preaccept,381078,1524312000,93,93,,,1,,,,,,,,,,,,,,,,,,,,,,,,,193744,0,,1716,,,,,,,,,19,,18,,,,,,,,,,
tlm,ingress_preaccept,381078,1524312000,93,93,,,2,,,,,,,,,,,,,,,,,,,,,,,,,194288,0,,1682,,,,,,,,,413,,412,,,,,,,,,,
tlm,ticket_enqueue,381078,1524312000,93,93,,,1,,,,,,,,,,,,,,,,,,,,,,,,,193744,0,body,1716,1715,,,,,,,,19,19,,,,,,,,,,,
tlm,ticket_enqueue,381078,1524312000,93,93,,,2,,,,,,,,,,,,,,,,,,,,,,,,,194288,0,body,1682,1681,,,,,,,,413,413,,,,,,,,,,,
rtl,parser_ticket_we,,1524314000,,,,,,688272,,,,,,,,0,0,,,,,,,,,,,,,,,192880,0,,,,,,,,,,,,,,589,3830,,,,,,,,
rtl,parser_ticket_we,,1524314000,,,,,,688273,,,,,,,,0,0,,,,,,,,,,,,,,,193152,0,,,,,,,,,,,,,,1534,3847,,,,,,,,
rtl,parser_ticket_we,,1524314000,,,,,,688274,,,,,,,,0,0,,,,,,,,,,,,,,,193424,0,,,,,,,,,,,,,,238,3864,,,,,,,,
tlm,ingress_preaccept,381079,1524316000,93,93,,,1,,,,,,,,,,,,,,,,,,,,,,,,,193760,0,,1715,,,,,,,,,19,,18,,,,,,,,,,
tlm,ingress_preaccept,381079,1524316000,93,93,,,2,,,,,,,,,,,,,,,,,,,,,,,,,194304,0,,1681,,,,,,,,,413,,412,,,,,,,,,,
tlm,ticket_enqueue,381079,1524316000,93,93,,,1,,,,,,,,,,,,,,,,,,,,,,,,,193760,0,body,1715,1714,,,,,,,,19,19,,,,,,,,,,,
tlm,ticket_enqueue,381079,1524316000,93,93,,,2,,,,,,,,,,,,,,,,,,,,,,,,,194304,0,body,1681,1680,,,,,,,,413,413,,,,,,,,,,,
rtl,parser_ticket_we,,1524318000,,,,,,688279,,,,,,,,0,0,,,,,,,,,,,,,,,193440,0,,,,,,,,,,,,,,238,3865,,,,,,,,
rtl,parser_ticket_we,,1524318000,,,,,,688280,,,,,,,,0,0,,,,,,,,,,,,,,,193168,0,,,,,,,,,,,,,,1534,3848,,,,,,,,
rtl,parser_ticket_we,,1524318000,,,,,,688281,,,,,,,,0,0,,,,,,,,,,,,,,,192896,0,,,,,,,,,,,,,,589,3831,,,,,,,,
tlm,ingress_preaccept,381080,1524320000,93,93,,,1,,,,,,,,,,,,,,,,,,,,,,,,,193776,17,,1714,,,,,,,,,19,,18,,,,,,,,,,
tlm,ingress_preaccept,381080,1524320000,93,93,,,2,,,,,,,,,,,,,,,,,,,,,,,,,194320,0,,1680,,,,,,,,,413,,412,,,,,,,,,,
tlm,ticket_enqueue,381080,1524320000,93,93,,,2,,,,,,,,,,,,,,,,,,,,,,,,,194320,0,body,1680,1679,,,,,,,,413,413,,,,,,,,,,,
rtl,parser_ticket_we,,1524322000,,,,,,688286,,,,,,,,0,0,,,,,,,,,,,,,,,192912,0,,,,,,,,,,,,,,589,3832,,,,,,,,
rtl,parser_ticket_we,,1524322000,,,,,,688287,,,,,,,,0,0,,,,,,,,,,,,,,,193184,0,,,,,,,,,,,,,,1534,3849,,,,,,,,
rtl,parser_ticket_we,,1524322000,,,,,,688288,,,,,,,,0,0,,,,,,,,,,,,,,,193456,0,,,,,,,,,,,,,,238,3866,,,,,,,,
tlm,ingress_preaccept,381081,1524324000,93,93,,,2,,,,,,,,,,,,,,,,,,,,,,,,,194336,0,,1679,,,,,,,,,413,,412,,,,,,,,,,
tlm,ticket_enqueue,381081,1524324000,93,93,,,2,,,,,,,,,,,,,,,,,,,,,,,,,194336,0,body,1679,1678,,,,,,,,413,413,,,,,,,,,,,
rtl,allocator_lane_action,,1524326000,,,,,0,688297,2,0,1,0,155984,0,75,0,0,1,0,,,,,,,,,,,,,,,,,,,,,,,,,,,,,,,,,,,,,
rtl,allocator_lane_action,,1524326000,,,,,1,688298,2,0,1,0,155984,0,75,0,0,1,0,,,,,,,,,,,,,,,,,,,,,,,,,,,,,,,,,,,,,
rtl,allocator_lane_action,,1524326000,,,,,2,688299,2,0,1,0,155984,0,75,0,0,1,0,,,,,,,,,,,,,,,,,,,,,,,,,,,,,,,,,,,,,
rtl,allocator_lane_action,,1524326000,,,,,3,688300,2,0,1,0,155984,17,75,0,0,1,0,,,,,,,,,,,,,,,,,,,,,,,,,,,,,,,,,,,,,
rtl,parser_ticket_we,,1524326000,,,,,,688293,,,,,,,,0,0,,,,,,,,,,,,,,,193472,0,,,,,,,,,,,,,,238,3867,,,,,,,,
rtl,parser_ticket_we,,1524326000,,,,,,688294,,,,,,,,0,0,,,,,,,,,,,,,,,193200,0,,,,,,,,,,,,,,1534,3850,,,,,,,,
rtl,parser_ticket_we,,1524326000,,,,,,688295,,,,,,,,0,0,,,,,,,,,,,,,,,192928,0,,,,,,,,,,,,,,589,3833,,,,,,,,
tlm,ingress_preaccept,381082,1524328000,93,93,,,2,,,,,,,,,,,,,,,,,,,,,,,,,194352,0,,1678,,,,,,,,,413,,412,,,,,,,,,,
tlm,ticket_enqueue,381082,1524328000,93,93,,,2,,,,,,,,,,,,,,,,,,,,,,,,,194352,0,body,1678,1677,,,,,,,,413,413,,,,,,,,,,,
rtl,parser_ticket_we,,1524330000,,,,,,688305,,,,,,,,0,0,,,,,,,,,,,,,,,192944,17,,,,,,,,,,,,,,668,3834,,,,,,,,
rtl,parser_ticket_we,,1524330000,,,,,,688306,,,,,,,,0,0,,,,,,,,,,,,,,,192944,0,,,,,,,,,,,,,,589,3834,,,,,,,,
rtl,parser_ticket_we,,1524330000,,,,,,688307,,,,,,,,0,0,,,,,,,,,,,,,,,193216,0,,,,,,,,,,,,,,1534,3851,,,,,,,,
rtl,parser_ticket_we,,1524330000,,,,,,688308,,,,,,,,0,0,,,,,,,,,,,,,,,193488,0,,,,,,,,,,,,,,238,3868,,,,,,,,
tlm,ingress_preaccept,381083,1524332000,93,93,,,2,,,,,,,,,,,,,,,,,,,,,,,,,194368,0,,1677,,,,,,,,,413,,412,,,,,,,,,,
tlm,ticket_enqueue,381083,1524332000,93,93,,,2,,,,,,,,,,,,,,,,,,,,,,,,,194368,0,body,1677,1676,,,,,,,,413,413,,,,,,,,,,,
rtl,parser_ticket_we,,1524334000,,,,,,688313,,,,,,,,0,0,,,,,,,,,,,,,,,193504,0,,,,,,,,,,,,,,238,3869,,,,,,,,
rtl,parser_ticket_we,,1524334000,,,,,,688314,,,,,,,,0,0,,,,,,,,,,,,,,,193232,0,,,,,,,,,,,,,,1534,3852,,,,,,,,
rtl,parser_ticket_we,,1524334000,,,,,,688315,,,,,,,,0,0,,,,,,,,,,,,,,,192960,0,,,,,,,,,,,,,,589,3835,,,,,,,,
rtl,parser_ticket_we,,1524334000,,,,,,688316,,,,,,,,0,0,,,,,,,,,,,,,,,192960,0,,,,,,,,,,,,,,685,3835,,,,,,,,
tlm,ingress_preaccept,381084,1524336000,93,93,,,2,,,,,,,,,,,,,,,,,,,,,,,,,194384,0,,1676,,,,,,,,,413,,412,,,,,,,,,,
tlm,ticket_enqueue,381084,1524336000,93,93,,,2,,,,,,,,,,,,,,,,,,,,,,,,,194384,0,body,1676,1675,,,,,,,,413,413,,,,,,,,,,,
rtl,parser_ticket_we,,1524338000,,,,,,688322,,,,,,,,0,0,,,,,,,,,,,,,,,192976,0,,,,,,,,,,,,,,685,3836,,,,,,,,
rtl,parser_ticket_we,,1524338000,,,,,,688323,,,,,,,,0,0,,,,,,,,,,,,,,,192976,0,,,,,,,,,,,,,,589,3836,,,,,,,,
rtl,parser_ticket_we,,1524338000,,,,,,688324,,,,,,,,0,0,,,,,,,,,,,,,,,193248,0,,,,,,,,,,,,,,1534,3853,,,,,,,,
rtl,parser_ticket_we,,1524338000,,,,,,688325,,,,,,,,0,0,,,,,,,,,,,,,,,193520,0,,,,,,,,,,,,,,238,3870,,,,,,,,
tlm,ingress_preaccept,381085,1524340000,93,93,,,2,,,,,,,,,,,,,,,,,,,,,,,,,194400,0,,1675,,,,,,,,,413,,412,,,,,,,,,,
tlm,ticket_enqueue,381085,1524340000,93,93,,,2,,,,,,,,,,,,,,,,,,,,,,,,,194400,0,body,1675,1674,,,,,,,,413,413,,,,,,,,,,,
rtl,parser_ticket_we,,1524342000,,,,,,688331,,,,,,,,0,0,,,,,,,,,,,,,,,193536,0,,,,,,,,,,,,,,238,3871,,,,,,,,
rtl,parser_ticket_we,,1524342000,,,,,,688332,,,,,,,,0,0,,,,,,,,,,,,,,,193264,0,,,,,,,,,,,,,,1534,3854,,,,,,,,
rtl,parser_ticket_we,,1524342000,,,,,,688333,,,,,,,,0,0,,,,,,,,,,,,,,,192992,0,,,,,,,,,,,,,,589,3837,,,,,,,,
rtl,parser_ticket_we,,1524342000,,,,,,688334,,,,,,,,0,0,,,,,,,,,,,,,,,192992,0,,,,,,,,,,,,,,685,3837,,,,,,,,
tlm,ingress_preaccept,381086,1524344000,93,93,,,2,,,,,,,,,,,,,,,,,,,,,,,,,194416,17,,1674,,,,,,,,,413,,412,,,,,,,,,,
rtl,parser_ticket_we,,1524346000,,,,,,688340,,,,,,,,0,0,,,,,,,,,,,,,,,193008,0,,,,,,,,,,,,,,685,3838,,,,,,,,
rtl,parser_ticket_we,,1524346000,,,,,,688341,,,,,,,,0,0,,,,,,,,,,,,,,,193008,0,,,,,,,,,,,,,,589,3838,,,,,,,,
rtl,parser_ticket_we,,1524346000,,,,,,688342,,,,,,,,0,0,,,,,,,,,,,,,,,193280,0,,,,,,,,,,,,,,1534,3855,,,,,,,,
rtl,parser_ticket_we,,1524346000,,,,,,688343,,,,,,,,0,0,,,,,,,,,,,,,,,193552,0,,,,,,,,,,,,,,238,3872,,,,,,,,
tlm,ticket_enqueue,381087,1524348000,93,93,,,3,,,,,,,,,,,,,,,,,,,,,,,,,193616,17,body,1724,1723,,,,,,,,478,461,,,,,,,,,,,
rtl,parser_ticket_we,,1524350000,,,,,,688349,,,,,,,,0,0,,,,,,,,,,,,,,,193568,0,,,,,,,,,,,,,,238,3873,,,,,,,,
rtl,parser_ticket_we,,1524350000,,,,,,688350,,,,,,,,0,0,,,,,,,,,,,,,,,193296,0,,,,,,,,,,,,,,1534,3856,,,,,,,,
rtl,parser_ticket_we,,1524350000,,,,,,688351,,,,,,,,0,0,,,,,,,,,,,,,,,193024,0,,,,,,,,,,,,,,589,3839,,,,,,,,
rtl,parser_ticket_we,,1524350000,,,,,,688352,,,,,,,,0,0,,,,,,,,,,,,,,,193024,0,,,,,,,,,,,,,,685,3839,,,,,,,,
tlm,ingress_preaccept,381088,1524352000,93,93,,,3,,,,,,,,,,,,,,,,,,,,,,,,,193632,0,,1723,,,,,,,,,461,,460,,,,,,,,,,
tlm,ticket_enqueue,381088,1524352000,93,93,,,3,,,,,,,,,,,,,,,,,,,,,,,,,193632,0,body,1723,1722,,,,,,,,461,461,,,,,,,,,,,
rtl,parser_ticket_we,,1524354000,,,,,,688358,,,,,,,,0,0,,,,,,,,,,,,,,,193040,0,,,,,,,,,,,,,,685,3840,,,,,,,,
rtl,parser_ticket_we,,1524354000,,,,,,688359,,,,,,,,0,0,,,,,,,,,,,,,,,193040,0,,,,,,,,,,,,,,589,3840,,,,,,,,
rtl,parser_ticket_we,,1524354000,,,,,,688360,,,,,,,,0,0,,,,,,,,,,,,,,,193312,0,,,,,,,,,,,,,,1534,3857,,,,,,,,
rtl,parser_ticket_we,,1524354000,,,,,,688361,,,,,,,,0,0,,,,,,,,,,,,,,,193584,0,,,,,,,,,,,,,,238,3874,,,,,,,,
tlm,ingress_preaccept,381089,1524356000,93,93,,,3,,,,,,,,,,,,,,,,,,,,,,,,,193648,0,,1722,,,,,,,,,461,,460,,,,,,,,,,
tlm,ticket_enqueue,381089,1524356000,93,93,,,3,,,,,,,,,,,,,,,,,,,,,,,,,193648,0,body,1722,1721,,,,,,,,461,461,,,,,,,,,,,
rtl,parser_ticket_we,,1524358000,,,,,,688367,,,,,,,,0,0,,,,,,,,,,,,,,,193600,0,,,,,,,,,,,,,,238,3875,,,,,,,,
rtl,parser_ticket_we,,1524358000,,,,,,688368,,,,,,,,0,0,,,,,,,,,,,,,,,193328,0,,,,,,,,,,,,,,1534,3858,,,,,,,,
rtl,parser_ticket_we,,1524358000,,,,,,688369,,,,,,,,0,0,,,,,,,,,,,,,,,193056,0,,,,,,,,,,,,,,589,3841,,,,,,,,
rtl,parser_ticket_we,,1524358000,,,,,,688370,,,,,,,,0,0,,,,,,,,,,,,,,,193056,0,,,,,,,,,,,,,,685,3841,,,,,,,,
tlm,ingress_preaccept,381090,1524360000,93,93,,,3,,,,,,,,,,,,,,,,,,,,,,,,,193664,0,,1721,,,,,,,,,461,,460,,,,,,,,,,
tlm,ticket_enqueue,381090,1524360000,93,93,,,3,,,,,,,,,,,,,,,,,,,,,,,,,193664,0,body,1721,1720,,,,,,,,461,461,,,,,,,,,,,
rtl,handle_accept,,1524362000,,,,,3,688376,,,,,,,,,,,,,,,,,,,,,,,,155984,17,,,,1199,29391,58,1506,0,,,,,,,,,,,,,,,
rtl,parser_ticket_we,,1524362000,,,,,,688377,,,,,,,,0,0,,,,,,,,,,,,,,,193072,0,,,,,,,,,,,,,,685,3842,,,,,,,,
rtl,parser_ticket_we,,1524362000,,,,,,688378,,,,,,,,0,0,,,,,,,,,,,,,,,193072,0,,,,,,,,,,,,,,589,3842,,,,,,,,
rtl,parser_ticket_we,,1524362000,,,,,,688379,,,,,,,,0,0,,,,,,,,,,,,,,,193344,0,,,,,,,,,,,,,,1534,3859,,,,,,,,
rtl,parser_ticket_we,,1524362000,,,,,,688380,,,,,,,,0,0,,,,,,,,,,,,,,,193616,0,,,,,,,,,,,,,,238,3876,,,,,,,,
tlm,ingress_preaccept,381091,1524364000,93,93,,,3,,,,,,,,,,,,,,,,,,,,,,,,,193680,0,,1720,,,,,,,,,461,,460,,,,,,,,,,
tlm,ticket_enqueue,381091,1524364000,93,93,,,3,,,,,,,,,,,,,,,,,,,,,,,,,193680,0,body,1720,1719,,,,,,,,461,461,,,,,,,,,,,
rtl,parser_ticket_we,,1524366000,,,,,,688386,,,,,,,,0,0,,,,,,,,,,,,,,,193632,0,,,,,,,,,,,,,,238,3877,,,,,,,,
rtl,parser_ticket_we,,1524366000,,,,,,688387,,,,,,,,0,0,,,,,,,,,,,,,,,193360,0,,,,,,,,,,,,,,1534,3860,,,,,,,,
rtl,parser_ticket_we,,1524366000,,,,,,688388,,,,,,,,0,0,,,,,,,,,,,,,,,193088,0,,,,,,,,,,,,,,685,3843,,,,,,,,
tlm,ingress_preaccept,381092,1524368000,93,93,,,3,,,,,,,,,,,,,,,,,,,,,,,,,193696,0,,1719,,,,,,,,,461,,460,,,,,,,,,,
tlm,ticket_enqueue,381092,1524368000,93,93,,,3,,,,,,,,,,,,,,,,,,,,,,,,,193696,0,body,1719,1718,,,,,,,,461,461,,,,,,,,,,,
rtl,parser_ticket_we,,1524370000,,,,,,688395,,,,,,,,0,0,,,,,,,,,,,,,,,193104,0,,,,,,,,,,,,,,685,3844,,,,,,,,
rtl,parser_ticket_we,,1524370000,,,,,,688396,,,,,,,,0,0,,,,,,,,,,,,,,,193376,0,,,,,,,,,,,,,,1534,3861,,,,,,,,
rtl,parser_ticket_we,,1524370000,,,,,,688397,,,,,,,,0,0,,,,,,,,,,,,,,,193648,0,,,,,,,,,,,,,,238,3878,,,,,,,,
tlm,ingress_preaccept,381093,1524372000,93,93,,,3,,,,,,,,,,,,,,,,,,,,,,,,,193712,0,,1718,,,,,,,,,461,,460,,,,,,,,,,
tlm,ticket_enqueue,381093,1524372000,93,93,,,3,,,,,,,,,,,,,,,,,,,,,,,,,193712,0,body,1718,1717,,,,,,,,461,461,,,,,,,,,,,
rtl,allocator_decision,,1524374000,,,156000,,,688402,,,,,,,,,,,,idle_to_fetch,15,15,15,15,0,0,0,0,2,,,,,,,,,,,,,,,,,,,,,,,,,,,
rtl,parser_ticket_we,,1524374000,,,,,,688407,,,,,,,,0,0,,,,,,,,,,,,,,,193664,0,,,,,,,,,,,,,,238,3879,,,,,,,,
rtl,parser_ticket_we,,1524374000,,,,,,688408,,,,,,,,0,0,,,,,,,,,,,,,,,193392,0,,,,,,,,,,,,,,1534,3862,,,,,,,,
rtl,parser_ticket_we,,1524374000,,,,,,688409,,,,,,,,0,0,,,,,,,,,,,,,,,193120,0,,,,,,,,,,,,,,685,3845,,,,,,,,
tlm,ingress_preaccept,381094,1524376000,93,93,,,3,,,,,,,,,,,,,,,,,,,,,,,,,193728,0,,1717,,,,,,,,,461,,460,,,,,,,,,,
tlm,ticket_enqueue,381094,1524376000,93,93,,,0,,,,,,,,,,,,,,,,,,,,,,,,,194272,17,body,1683,1682,,,,,,,,735,718,,,,,,,,,,,
tlm,ticket_enqueue,381094,1524376000,93,93,,,3,,,,,,,,,,,,,,,,,,,,,,,,,193728,0,body,1717,1716,,,,,,,,461,461,,,,,,,,,,,
rtl,parser_ticket_we,,1524378000,,,,,,688415,,,,,,,,0,0,,,,,,,,,,,,,,,193136,0,,,,,,,,,,,,,,685,3846,,,,,,,,
rtl,parser_ticket_we,,1524378000,,,,,,688416,,,,,,,,0,0,,,,,,,,,,,,,,,193408,0,,,,,,,,,,,,,,1534,3863,,,,,,,,
rtl,parser_ticket_we,,1524378000,,,,,,688417,,,,,,,,0,0,,,,,,,,,,,,,,,193680,0,,,,,,,,,,,,,,238,3880,,,,,,,,
tlm,ingress_preaccept,381095,1524380000,93,93,,,0,,,,,,,,,,,,,,,,,,,,,,,,,194288,0,,1682,,,,,,,,,718,,717,,,,,,,,,,
tlm,ingress_preaccept,381095,1524380000,93,93,,,3,,,,,,,,,,,,,,,,,,,,,,,,,193744,0,,1716,,,,,,,,,461,,460,,,,,,,,,,
tlm,ticket_enqueue,381095,1524380000,93,93,,,0,,,,,,,,,,,,,,,,,,,,,,,,,194288,0,body,1682,1681,,,,,,,,718,718,,,,,,,,,,,
tlm,ticket_enqueue,381095,1524380000,93,93,,,3,,,,,,,,,,,,,,,,,,,,,,,,,193744,0,body,1716,1715,,,,,,,,461,461,,,,,,,,,,,
rtl,parser_ticket_we,,1524382000,,,,,,688422,,,,,,,,0,0,,,,,,,,,,,,,,,193696,0,,,,,,,,,,,,,,238,3881,,,,,,,,
rtl,parser_ticket_we,,1524382000,,,,,,688423,,,,,,,,0,0,,,,,,,,,,,,,,,193424,0,,,,,,,,,,,,,,1534,3864,,,,,,,,
rtl,parser_ticket_we,,1524382000,,,,,,688424,,,,,,,,0,0,,,,,,,,,,,,,,,193152,0,,,,,,,,,,,,,,685,3847,,,,,,,,
tlm,ingress_preaccept,381096,1524384000,93,93,,,0,,,,,,,,,,,,,,,,,,,,,,,,,194304,0,,1681,,,,,,,,,718,,717,,,,,,,,,,
tlm,ingress_preaccept,381096,1524384000,93,93,,,3,,,,,,,,,,,,,,,,,,,,,,,,,193760,0,,1715,,,,,,,,,461,,460,,,,,,,,,,
tlm,ticket_enqueue,381096,1524384000,93,93,,,0,,,,,,,,,,,,,,,,,,,,,,,,,194304,0,body,1681,1680,,,,,,,,718,718,,,,,,,,,,,
tlm,ticket_enqueue,381096,1524384000,93,93,,,3,,,,,,,,,,,,,,,,,,,,,,,,,193760,0,body,1715,1714,,,,,,,,461,461,,,,,,,,,,,
rtl,parser_ticket_we,,1524386000,,,,,,688430,,,,,,,,0,0,,,,,,,,,,,,,,,193168,0,,,,,,,,,,,,,,685,3848,,,,,,,,
rtl,parser_ticket_we,,1524386000,,,,,,688431,,,,,,,,0,0,,,,,,,,,,,,,,,193440,0,,,,,,,,,,,,,,1534,3865,,,,,,,,
rtl,parser_ticket_we,,1524386000,,,,,,688432,,,,,,,,0,0,,,,,,,,,,,,,,,193712,0,,,,,,,,,,,,,,238,3882,,,,,,,,
tlm,allocator_fetch,381097,1524388000,75,75,155968,,,,,,,,,,,,,,,,,,,,,,,,,20,15,,,,,,,,,,,,,,,,,,,,,,,,,
tlm,allocator_lane_action,381097,1524388000,75,75,155968,,0,,empty,,,,,,,,,,,,,,,,,,,,,,,155968,0,,,,,,,,,,,,,,,,,,,,,,,
tlm,ingress_preaccept,381097,1524388000,93,93,,,0,,,,,,,,,,,,,,,,,,,,,,,,,194320,0,,1680,,,,,,,,,718,,717,,,,,,,,,,
tlm,ingress_preaccept,381097,1524388000,93,93,,,3,,,,,,,,,,,,,,,,,,,,,,,,,193776,0,,1714,,,,,,,,,461,,460,,,,,,,,,,
tlm,ticket_enqueue,381097,1524388000,93,93,,,0,,,,,,,,,,,,,,,,,,,,,,,,,194320,0,body,1680,1679,,,,,,,,718,718,,,,,,,,,,,
tlm,ticket_enqueue,381097,1524388000,93,93,,,1,,,,,,,,,,,,,,,,,,,,,,,,,193776,17,body,1714,1713,,,,,,,,19,2,,,,,,,,,,,
tlm,ticket_enqueue,381097,1524388000,93,93,,,3,,,,,,,,,,,,,,,,,,,,,,,,,193776,0,body,1714,1713,,,,,,,,461,461,,,,,,,,,,,
tlm,ticket_pop,381097,1524388000,75,75,,,0,,,,,,,,,,,,,,,,,,,,,,,,,155968,0,body,1679,1680,,,,,,,,,,,,,,,,,,,,
tlm,ticket_pop,381097,1524388000,75,75,,,1,,,,,,,,,,,,,,,,,,,,,,,,,155968,0,body,1713,1714,,,,,,,,,,,,,,,,,,,,
tlm,ticket_pop,381097,1524388000,75,75,,,2,,,,,,,,,,,,,,,,,,,,,,,,,155968,0,body,1674,1675,,,,,,,,,,,,,,,,,,,,
tlm,ticket_pop,381097,1524388000,75,75,,,3,,,,,,,,,,,,,,,,,,,,,,,,,155968,0,body,1713,1714,,,,,,,,,,,,,,,,,,,,
rtl,parser_ticket_we,,1524390000,,,,,,688437,,,,,,,,0,0,,,,,,,,,,,,,,,193728,0,,,,,,,,,,,,,,238,3883,,,,,,,,
rtl,parser_ticket_we,,1524390000,,,,,,688438,,,,,,,,0,0,,,,,,,,,,,,,,,193456,0,,,,,,,,,,,,,,1534,3866,,,,,,,,
rtl,parser_ticket_we,,1524390000,,,,,,688439,,,,,,,,0,0,,,,,,,,,,,,,,,193184,0,,,,,,,,,,,,,,685,3849,,,,,,,,
tlm,ingress_preaccept,381098,1524392000,93,93,,,0,,,,,,,,,,,,,,,,,,,,,,,,,194336,0,,1680,,,,,,,,,718,,717,,,,,,,,,,
tlm,ingress_preaccept,381098,1524392000,93,93,,,1,,,,,,,,,,,,,,,,,,,,,,,,,193792,0,,1714,,,,,,,,,2,,1,,,,,,,,,,
tlm,ingress_preaccept,381098,1524392000,93,93,,,3,,,,,,,,,,,,,,,,,,,,,,,,,193792,0,,1714,,,,,,,,,461,,460,,,,,,,,,,
tlm,ticket_enqueue,381098,1524392000,93,93,,,0,,,,,,,,,,,,,,,,,,,,,,,,,194336,0,body,1680,1679,,,,,,,,718,718,,,,,,,,,,,
tlm,ticket_enqueue,381098,1524392000,93,93,,,1,,,,,,,,,,,,,,,,,,,,,,,,,193792,0,body,1714,1713,,,,,,,,2,2,,,,,,,,,,,
tlm,ticket_enqueue,381098,1524392000,93,93,,,3,,,,,,,,,,,,,,,,,,,,,,,,,193792,0,body,1714,1713,,,,,,,,461,461,,,,,,,,,,,
rtl,parser_ticket_we,,1524394000,,,,,,688444,,,,,,,,0,0,,,,,,,,,,,,,,,193200,0,,,,,,,,,,,,,,685,3850,,,,,,,,
rtl,parser_ticket_we,,1524394000,,,,,,688445,,,,,,,,0,0,,,,,,,,,,,,,,,193744,0,,,,,,,,,,,,,,238,3884,,,,,,,,
tlm,allocator_lane_action,381099,1524396000,75,75,155968,,1,,empty,,,,,,,,,,,,,,,,,,,,,,,155968,0,,,,,,,,,,,,,,,,,,,,,,,
tlm,ingress_preaccept,381099,1524396000,93,93,,,0,,,,,,,,,,,,,,,,,,,,,,,,,194352,0,,1679,,,,,,,,,718,,717,,,,,,,,,,
tlm,ingress_preaccept,381099,1524396000,93,93,,,1,,,,,,,,,,,,,,,,,,,,,,,,,193808,0,,1713,,,,,,,,,2,,1,,,,,,,,,,
tlm,ingress_preaccept,381099,1524396000,93,93,,,3,,,,,,,,,,,,,,,,,,,,,,,,,193808,0,,1713,,,,,,,,,461,,460,,,,,,,,,,
tlm,ticket_enqueue,381099,1524396000,93,93,,,0,,,,,,,,,,,,,,,,,,,,,,,,,194352,0,body,1679,1678,,,,,,,,718,718,,,,,,,,,,,
tlm,ticket_enqueue,381099,1524396000,93,93,,,1,,,,,,,,,,,,,,,,,,,,,,,,,193808,0,body,1713,1712,,,,,,,,2,2,,,,,,,,,,,
tlm,ticket_enqueue,381099,1524396000,93,93,,,3,,,,,,,,,,,,,,,,,,,,,,,,,193808,0,body,1713,1712,,,,,,,,461,461,,,,,,,,,,,
rtl,parser_ticket_we,,1524398000,,,,,,688450,,,,,,,,0,0,,,,,,,,,,,,,,,193760,0,,,,,,,,,,,,,,238,3885,,,,,,,,
rtl,parser_ticket_we,,1524398000,,,,,,688451,,,,,,,,0,0,,,,,,,,,,,,,,,193216,0,,,,,,,,,,,,,,685,3851,,,,,,,,
tlm,ingress_preaccept,381100,1524400000,93,93,,,0,,,,,,,,,,,,,,,,,,,,,,,,,194368,0,,1678,,,,,,,,,718,,717,,,,,,,,,,
tlm,ingress_preaccept,381100,1524400000,93,93,,,1,,,,,,,,,,,,,,,,,,,,,,,,,193824,0,,1712,,,,,,,,,2,,1,,,,,,,,,,
tlm,ingress_preaccept,381100,1524400000,93,93,,,3,,,,,,,,,,,,,,,,,,,,,,,,,193824,0,,1712,,,,,,,,,461,,460,,,,,,,,,,
tlm,ticket_enqueue,381100,1524400000,93,93,,,0,,,,,,,,,,,,,,,,,,,,,,,,,194368,0,body,1678,1677,,,,,,,,718,718,,,,,,,,,,,
tlm,ticket_enqueue,381100,1524400000,93,93,,,1,,,,,,,,,,,,,,,,,,,,,,,,,193824,0,body,1712,1711,,,,,,,,2,2,,,,,,,,,,,
tlm,ticket_enqueue,381100,1524400000,93,93,,,3,,,,,,,,,,,,,,,,,,,,,,,,,193824,0,body,1712,1711,,,,,,,,461,461,,,,,,,,,,,
rtl,parser_ticket_we,,1524402000,,,,,,688455,,,,,,,,0,0,,,,,,,,,,,,,,,193232,0,,,,,,,,,,,,,,685,3852,,,,,,,,
rtl,parser_ticket_we,,1524402000,,,,,,688456,,,,,,,,0,0,,,,,,,,,,,,,,,193776,0,,,,,,,,,,,,,,238,3886,,,,,,,,
tlm,allocator_lane_action,381101,1524404000,75,75,155968,,2,,empty,,,,,,,,,,,,,,,,,,,,,,,155968,0,,,,,,,,,,,,,,,,,,,,,,,
tlm,ingress_preaccept,381101,1524404000,93,93,,,0,,,,,,,,,,,,,,,,,,,,,,,,,194384,0,,1677,,,,,,,,,718,,717,,,,,,,,,,
tlm,ingress_preaccept,381101,1524404000,93,93,,,1,,,,,,,,,,,,,,,,,,,,,,,,,193840,0,,1711,,,,,,,,,2,,1,,,,,,,,,,
tlm,ingress_preaccept,381101,1524404000,93,93,,,3,,,,,,,,,,,,,,,,,,,,,,,,,193840,0,,1711,,,,,,,,,461,,460,,,,,,,,,,
tlm,ticket_enqueue,381101,1524404000,93,93,,,0,,,,,,,,,,,,,,,,,,,,,,,,,194384,0,body,1677,1676,,,,,,,,718,718,,,,,,,,,,,
tlm,ticket_enqueue,381101,1524404000,93,93,,,1,,,,,,,,,,,,,,,,,,,,,,,,,193840,0,body,1711,1710,,,,,,,,2,2,,,,,,,,,,,
tlm,ticket_enqueue,381101,1524404000,93,93,,,3,,,,,,,,,,,,,,,,,,,,,,,,,193840,0,body,1711,1710,,,,,,,,461,461,,,,,,,,,,,
rtl,parser_ticket_we,,1524406000,,,,,,688461,,,,,,,,0,0,,,,,,,,,,,,,,,193792,0,,,,,,,,,,,,,,238,3887,,,,,,,,
rtl,parser_ticket_we,,1524406000,,,,,,688462,,,,,,,,0,0,,,,,,,,,,,,,,,193248,0,,,,,,,,,,,,,,685,3853,,,,,,,,
tlm,ingress_preaccept,381102,1524408000,93,93,,,0,,,,,,,,,,,,,,,,,,,,,,,,,194400,0,,1676,,,,,,,,,718,,717,,,,,,,,,,
tlm,ingress_preaccept,381102,1524408000,93,93,,,1,,,,,,,,,,,,,,,,,,,,,,,,,193856,0,,1710,,,,,,,,,2,,1,,,,,,,,,,
tlm,ingress_preaccept,381102,1524408000,93,93,,,3,,,,,,,,,,,,,,,,,,,,,,,,,193856,0,,1710,,,,,,,,,461,,460,,,,,,,,,,
tlm,ticket_enqueue,381102,1524408000,93,93,,,0,,,,,,,,,,,,,,,,,,,,,,,,,194400,0,body,1676,1675,,,,,,,,718,718,,,,,,,,,,,
tlm,ticket_enqueue,381102,1524408000,93,93,,,1,,,,,,,,,,,,,,,,,,,,,,,,,193856,0,body,1710,1709,,,,,,,,2,2,,,,,,,,,,,
tlm,ticket_enqueue,381102,1524408000,93,93,,,3,,,,,,,,,,,,,,,,,,,,,,,,,193856,0,body,1710,1709,,,,,,,,461,461,,,,,,,,,,,
rtl,parser_ticket_we,,1524410000,,,,,,688468,,,,,,,,0,0,,,,,,,,,,,,,,,193264,0,,,,,,,,,,,,,,685,3854,,,,,,,,
rtl,parser_ticket_we,,1524410000,,,,,,688469,,,,,,,,0,0,,,,,,,,,,,,,,,193808,0,,,,,,,,,,,,,,238,3888,,,,,,,,
tlm,allocator_lane_action,381103,1524412000,75,75,155968,,3,,empty,,,,,,,,,,,,,,,,,,,,,,,155968,0,,,,,,,,,,,,,,,,,,,,,,,
tlm,ingress_preaccept,381103,1524412000,93,93,,,0,,,,,,,,,,,,,,,,,,,,,,,,,194416,0,,1675,,,,,,,,,718,,717,,,,,,,,,,
tlm,ingress_preaccept,381103,1524412000,93,93,,,1,,,,,,,,,,,,,,,,,,,,,,,,,193872,0,,1709,,,,,,,,,2,,1,,,,,,,,,,
tlm,ingress_preaccept,381103,1524412000,93,93,,,3,,,,,,,,,,,,,,,,,,,,,,,,,193872,0,,1709,,,,,,,,,461,,460,,,,,,,,,,
tlm,ticket_enqueue,381103,1524412000,93,93,,,0,,,,,,,,,,,,,,,,,,,,,,,,,194416,0,body,1675,1674,,,,,,,,718,718,,,,,,,,,,,
tlm,ticket_enqueue,381103,1524412000,93,93,,,1,,,,,,,,,,,,,,,,,,,,,,,,,193872,0,body,1709,1708,,,,,,,,2,2,,,,,,,,,,,
tlm,ticket_enqueue,381103,1524412000,93,93,,,2,,,,,,,,,,,,,,,,,,,,,,,,,194416,17,body,1675,1674,,,,,,,,413,396,,,,,,,,,,,
tlm,ticket_enqueue,381103,1524412000,93,93,,,3,,,,,,,,,,,,,,,,,,,,,,,,,193872,0,body,1709,1708,,,,,,,,461,461,,,,,,,,,,,
rtl,parser_ticket_we,,1524414000,,,,,,688474,,,,,,,,0,0,,,,,,,,,,,,,,,193824,0,,,,,,,,,,,,,,238,3889,,,,,,,,
rtl,parser_ticket_we,,1524414000,,,,,,688475,,,,,,,,0,0,,,,,,,,,,,,,,,193280,0,,,,,,,,,,,,,,685,3855,,,,,,,,
tlm,ingress_preaccept,381104,1524416000,93,93,,,0,,,,,,,,,,,,,,,,,,,,,,,,,194432,0,,1674,,,,,,,,,718,,717,,,,,,,,,,
tlm,ingress_preaccept,381104,1524416000,93,93,,,1,,,,,,,,,,,,,,,,,,,,,,,,,193888,0,,1708,,,,,,,,,2,,1,,,,,,,,,,
tlm,ingress_preaccept,381104,1524416000,93,93,,,2,,,,,,,,,,,,,,,,,,,,,,,,,194432,0,,1674,,,,,,,,,396,,395,,,,,,,,,,
tlm,ingress_preaccept,381104,1524416000,93,93,,,3,,,,,,,,,,,,,,,,,,,,,,,,,193888,0,,1708,,,,,,,,,461,,460,,,,,,,,,,
tlm,ticket_enqueue,381104,1524416000,93,93,,,0,,,,,,,,,,,,,,,,,,,,,,,,,194432,0,body,1674,1673,,,,,,,,718,718,,,,,,,,,,,
tlm,ticket_enqueue,381104,1524416000,93,93,,,1,,,,,,,,,,,,,,,,,,,,,,,,,193888,0,body,1708,1707,,,,,,,,2,2,,,,,,,,,,,
tlm,ticket_enqueue,381104,1524416000,93,93,,,2,,,,,,,,,,,,,,,,,,,,,,,,,194432,0,body,1674,1673,,,,,,,,396,396,,,,,,,,,,,
tlm,ticket_enqueue,381104,1524416000,93,93,,,3,,,,,,,,,,,,,,,,,,,,,,,,,193888,0,body,1708,1707,,,,,,,,461,461,,,,,,,,,,,
rtl,parser_ticket_we,,1524418000,,,,,,688482,,,,,,,,0,0,,,,,,,,,,,,,,,193296,0,,,,,,,,,,,,,,685,3856,,,,,,,,
rtl,parser_ticket_we,,1524418000,,,,,,688483,,,,,,,,0,0,,,,,,,,,,,,,,,193840,0,,,,,,,,,,,,,,238,3890,,,,,,,,
tlm,ingress_preaccept,381105,1524420000,93,93,,,0,,,,,,,,,,,,,,,,,,,,,,,,,194448,0,,1673,,,,,,,,,718,,717,,,,,,,,,,
tlm,ingress_preaccept,381105,1524420000,93,93,,,1,,,,,,,,,,,,,,,,,,,,,,,,,193904,0,,1707,,,,,,,,,2,,1,,,,,,,,,,
tlm,ingress_preaccept,381105,1524420000,93,93,,,2,,,,,,,,,,,,,,,,,,,,,,,,,194448,0,,1673,,,,,,,,,396,,395,,,,,,,,,,
tlm,ingress_preaccept,381105,1524420000,93,93,,,3,,,,,,,,,,,,,,,,,,,,,,,,,193904,0,,1707,,,,,,,,,461,,460,,,,,,,,,,
tlm,ticket_enqueue,381105,1524420000,93,93,,,0,,,,,,,,,,,,,,,,,,,,,,,,,194448,0,body,1673,1672,,,,,,,,718,718,,,,,,,,,,,
tlm,ticket_enqueue,381105,1524420000,93,93,,,1,,,,,,,,,,,,,,,,,,,,,,,,,193904,0,body,1707,1706,,,,,,,,2,2,,,,,,,,,,,
tlm,ticket_enqueue,381105,1524420000,93,93,,,2,,,,,,,,,,,,,,,,,,,,,,,,,194448,0,body,1673,1672,,,,,,,,396,396,,,,,,,,,,,
tlm,ticket_enqueue,381105,1524420000,93,93,,,3,,,,,,,,,,,,,,,,,,,,,,,,,193904,0,body,1707,1706,,,,,,,,461,461,,,,,,,,,,,
rtl,parser_ticket_we,,1524422000,,,,,,688488,,,,,,,,0,0,,,,,,,,,,,,,,,193856,0,,,,,,,,,,,,,,238,3891,,,,,,,,
rtl,parser_ticket_we,,1524422000,,,,,,688489,,,,,,,,0,0,,,,,,,,,,,,,,,193312,0,,,,,,,,,,,,,,685,3857,,,,,,,,
tlm,ingress_preaccept,381106,1524424000,93,93,,,0,,,,,,,,,,,,,,,,,,,,,,,,,194464,0,,1672,,,,,,,,,718,,717,,,,,,,,,,
tlm,ingress_preaccept,381106,1524424000,93,93,,,1,,,,,,,,,,,,,,,,,,,,,,,,,193920,0,,1706,,,,,,,,,2,,1,,,,,,,,,,
tlm,ingress_preaccept,381106,1524424000,93,93,,,2,,,,,,,,,,,,,,,,,,,,,,,,,194464,0,,1672,,,,,,,,,396,,395,,,,,,,,,,
tlm,ingress_preaccept,381106,1524424000,93,93,,,3,,,,,,,,,,,,,,,,,,,,,,,,,193920,0,,1706,,,,,,,,,461,,460,,,,,,,,,,
tlm,ticket_enqueue,381106,1524424000,93,93,,,0,,,,,,,,,,,,,,,,,,,,,,,,,194464,0,body,1672,1671,,,,,,,,718,718,,,,,,,,,,,
tlm,ticket_enqueue,381106,1524424000,93,93,,,1,,,,,,,,,,,,,,,,,,,,,,,,,193920,0,body,1706,1705,,,,,,,,2,2,,,,,,,,,,,
tlm,ticket_enqueue,381106,1524424000,93,93,,,2,,,,,,,,,,,,,,,,,,,,,,,,,194464,0,body,1672,1671,,,,,,,,396,396,,,,,,,,,,,
tlm,ticket_enqueue,381106,1524424000,93,93,,,3,,,,,,,,,,,,,,,,,,,,,,,,,193920,0,body,1706,1705,,,,,,,,461,461,,,,,,,,,,,
rtl,parser_ticket_we,,1524426000,,,,,,688496,,,,,,,,0,0,,,,,,,,,,,,,,,193328,0,,,,,,,,,,,,,,685,3858,,,,,,,,
rtl,parser_ticket_we,,1524426000,,,,,,688497,,,,,,,,0,0,,,,,,,,,,,,,,,193872,0,,,,,,,,,,,,,,238,3892,,,,,,,,
tlm,ingress_preaccept,381107,1524428000,93,93,,,0,,,,,,,,,,,,,,,,,,,,,,,,,194480,0,,1671,,,,,,,,,718,,717,,,,,,,,,,
tlm,ingress_preaccept,381107,1524428000,93,93,,,1,,,,,,,,,,,,,,,,,,,,,,,,,193936,0,,1705,,,,,,,,,2,,1,,,,,,,,,,
tlm,ingress_preaccept,381107,1524428000,93,93,,,2,,,,,,,,,,,,,,,,,,,,,,,,,194480,0,,1671,,,,,,,,,396,,395,,,,,,,,,,
tlm,ingress_preaccept,381107,1524428000,93,93,,,3,,,,,,,,,,,,,,,,,,,,,,,,,193936,0,,1705,,,,,,,,,461,,460,,,,,,,,,,
tlm,ticket_enqueue,381107,1524428000,93,93,,,0,,,,,,,,,,,,,,,,,,,,,,,,,194480,0,body,1671,1670,,,,,,,,718,718,,,,,,,,,,,
tlm,ticket_enqueue,381107,1524428000,93,93,,,1,,,,,,,,,,,,,,,,,,,,,,,,,193936,0,body,1705,1704,,,,,,,,2,2,,,,,,,,,,,
tlm,ticket_enqueue,381107,1524428000,93,93,,,2,,,,,,,,,,,,,,,,,,,,,,,,,194480,0,body,1671,1670,,,,,,,,396,396,,,,,,,,,,,
tlm,ticket_enqueue,381107,1524428000,93,93,,,3,,,,,,,,,,,,,,,,,,,,,,,,,193936,0,body,1705,1704,,,,,,,,461,461,,,,,,,,,,,
rtl,parser_ticket_we,,1524430000,,,,,,688502,,,,,,,,0,0,,,,,,,,,,,,,,,193888,0,,,,,,,,,,,,,,238,3893,,,,,,,,
rtl,parser_ticket_we,,1524430000,,,,,,688503,,,,,,,,0,0,,,,,,,,,,,,,,,193344,0,,,,,,,,,,,,,,685,3859,,,,,,,,
tlm,ingress_preaccept,381108,1524432000,93,93,,,0,,,,,,,,,,,,,,,,,,,,,,,,,194496,0,,1670,,,,,,,,,718,,717,,,,,,,,,,
tlm,ingress_preaccept,381108,1524432000,93,93,,,2,,,,,,,,,,,,,,,,,,,,,,,,,194496,0,,1670,,,,,,,,,396,,395,,,,,,,,,,
tlm,ingress_preaccept,381108,1524432000,93,93,,,3,,,,,,,,,,,,,,,,,,,,,,,,,193952,0,,1704,,,,,,,,,461,,460,,,,,,,,,,
tlm,ingress_predrop,381108,1524432000,93,93,,,1,,,,,,,,,,,,,,,,,,,,,,,,,193952,17,,1704,,,,,,,,,2,,1,,,lane_credit,,,,,,,
tlm,ticket_enqueue,381108,1524432000,93,93,,,0,,,,,,,,,,,,,,,,,,,,,,,,,194496,0,body,1670,1669,,,,,,,,718,718,,,,,,,,,,,
tlm,ticket_enqueue,381108,1524432000,93,93,,,2,,,,,,,,,,,,,,,,,,,,,,,,,194496,0,body,1670,1669,,,,,,,,396,396,,,,,,,,,,,
tlm,ticket_enqueue,381108,1524432000,93,93,,,3,,,,,,,,,,,,,,,,,,,,,,,,,193952,0,body,1704,1703,,,,,,,,461,461,,,,,,,,,,,
rtl,allocator_lane_action,,1524434000,,,,,0,688514,2,0,1,0,156000,0,75,0,0,1,0,,,,,,,,,,,,,,,,,,,,,,,,,,,,,,,,,,,,,
rtl,allocator_lane_action,,1524434000,,,,,1,688515,2,0,1,0,156000,0,75,0,0,1,0,,,,,,,,,,,,,,,,,,,,,,,,,,,,,,,,,,,,,
rtl,allocator_lane_action,,1524434000,,,,,2,688516,2,0,1,0,156000,0,75,0,0,1,0,,,,,,,,,,,,,,,,,,,,,,,,,,,,,,,,,,,,,
rtl,allocator_lane_action,,1524434000,,,,,3,688517,2,0,1,0,156000,0,75,0,0,1,0,,,,,,,,,,,,,,,,,,,,,,,,,,,,,,,,,,,,,
rtl,parser_ticket_we,,1524434000,,,,,,688509,,,,,,,,0,0,,,,,,,,,,,,,,,193088,17,,,,,,,,,,,,,,589,3843,,,,,,,,
rtl,parser_ticket_we,,1524434000,,,,,,688511,,,,,,,,0,0,,,,,,,,,,,,,,,193360,0,,,,,,,,,,,,,,685,3860,,,,,,,,
rtl,parser_ticket_we,,1524434000,,,,,,688512,,,,,,,,0,0,,,,,,,,,,,,,,,193904,0,,,,,,,,,,,,,,238,3894,,,,,,,,
tlm,ingress_preaccept,381109,1524436000,93,93,,,0,,,,,,,,,,,,,,,,,,,,,,,,,194512,17,,1669,,,,,,,,,718,,717,,,,,,,,,,
tlm,ingress_preaccept,381109,1524436000,93,93,,,2,,,,,,,,,,,,,,,,,,,,,,,,,194512,0,,1669,,,,,,,,,396,,395,,,,,,,,,,
tlm,ingress_preaccept,381109,1524436000,93,93,,,3,,,,,,,,,,,,,,,,,,,,,,,,,193968,0,,1703,,,,,,,,,461,,460,,,,,,,,,,
tlm,ticket_enqueue,381109,1524436000,93,93,,,2,,,,,,,,,,,,,,,,,,,,,,,,,194512,0,body,1669,1668,,,,,,,,396,396,,,,,,,,,,,
tlm,ticket_enqueue,381109,1524436000,93,93,,,3,,,,,,,,,,,,,,,,,,,,,,,,,193968,0,body,1703,1702,,,,,,,,461,461,,,,,,,,,,,
rtl,parser_ticket_we,,1524438000,,,,,,688522,,,,,,,,0,0,,,,,,,,,,,,,,,193920,0,,,,,,,,,,,,,,238,3895,,,,,,,,
rtl,parser_ticket_we,,1524438000,,,,,,688524,,,,,,,,0,0,,,,,,,,,,,,,,,193104,0,,,,,,,,,,,,,,606,3844,,,,,,,,
tlm,ingress_preaccept,381110,1524440000,93,93,,,2,,,,,,,,,,,,,,,,,,,,,,,,,194528,0,,1668,,,,,,,,,396,,395,,,,,,,,,,
tlm,ingress_preaccept,381110,1524440000,93,93,,,3,,,,,,,,,,,,,,,,,,,,,,,,,193984,0,,1702,,,,,,,,,461,,460,,,,,,,,,,
tlm,ticket_enqueue,381110,1524440000,93,93,,,2,,,,,,,,,,,,,,,,,,,,,,,,,194528,0,body,1668,1667,,,,,,,,396,396,,,,,,,,,,,
tlm,ticket_enqueue,381110,1524440000,93,93,,,3,,,,,,,,,,,,,,,,,,,,,,,,,193984,0,body,1702,1701,,,,,,,,461,461,,,,,,,,,,,
rtl,parser_ticket_we,,1524442000,,,,,,688530,,,,,,,,0,0,,,,,,,,,,,,,,,193120,0,,,,,,,,,,,,,,606,3845,,,,,,,,
rtl,parser_ticket_we,,1524442000,,,,,,688532,,,,,,,,0,0,,,,,,,,,,,,,,,193936,0,,,,,,,,,,,,,,238,3896,,,,,,,,
tlm,ingress_preaccept,381111,1524444000,93,93,,,2,,,,,,,,,,,,,,,,,,,,,,,,,194544,0,,1667,,,,,,,,,396,,395,,,,,,,,,,
tlm,ingress_preaccept,381111,1524444000,93,93,,,3,,,,,,,,,,,,,,,,,,,,,,,,,194000,0,,1701,,,,,,,,,461,,460,,,,,,,,,,
tlm,ticket_enqueue,381111,1524444000,93,93,,,2,,,,,,,,,,,,,,,,,,,,,,,,,194544,0,body,1667,1666,,,,,,,,396,396,,,,,,,,,,,
tlm,ticket_enqueue,381111,1524444000,93,93,,,3,,,,,,,,,,,,,,,,,,,,,,,,,194000,0,body,1701,1700,,,,,,,,461,461,,,,,,,,,,,
rtl,parser_ticket_we,,1524446000,,,,,,688538,,,,,,,,0,0,,,,,,,,,,,,,,,193136,0,,,,,,,,,,,,,,606,3846,,,,,,,,
tlm,ingress_preaccept,381112,1524448000,93,93,,,3,,,,,,,,,,,,,,,,,,,,,,,,,194016,0,,1700,,,,,,,,,461,,460,,,,,,,,,,
tlm,ticket_enqueue,381112,1524448000,93,93,,,3,,,,,,,,,,,,,,,,,,,,,,,,,194016,0,body,1700,1699,,,,,,,,461,461,,,,,,,,,,,
rtl,parser_ticket_we,,1524450000,,,,,,688543,,,,,,,,0,0,,,,,,,,,,,,,,,193152,0,,,,,,,,,,,,,,606,3847,,,,,,,,
tlm,ingress_preaccept,381113,1524452000,93,93,,,3,,,,,,,,,,,,,,,,,,,,,,,,,194032,17,,1699,,,,,,,,,461,,460,,,,,,,,,,
rtl,parser_ticket_we,,1524454000,,,,,,688549,,,,,,,,0,0,,,,,,,,,,,,,,,193168,0,,,,,,,,,,,,,,606,3848,,,,,,,,
rtl,parser_ticket_we,,1524458000,,,,,,688553,,,,,,,,0,0,,,,,,,,,,,,,,,193184,0,,,,,,,,,,,,,,606,3849,,,,,,,,
rtl,parser_ticket_we,,1524462000,,,,,,688558,,,,,,,,0,0,,,,,,,,,,,,,,,193472,17,,,,,,,,,,,,,,1534,3867,,,,,,,,
rtl,parser_ticket_we,,1524462000,,,,,,688560,,,,,,,,0,0,,,,,,,,,,,,,,,193200,0,,,,,,,,,,,,,,606,3850,,,,,,,,
rtl,parser_ticket_we,,1524466000,,,,,,688564,,,,,,,,0,0,,,,,,,,,,,,,,,193216,0,,,,,,,,,,,,,,606,3851,,,,,,,,
rtl,parser_ticket_we,,1524466000,,,,,,688566,,,,,,,,0,0,,,,,,,,,,,,,,,193488,0,,,,,,,,,,,,,,1551,3868,,,,,,,,
rtl,parser_ticket_we,,1524470000,,,,,,688571,,,,,,,,0,0,,,,,,,,,,,,,,,193504,0,,,,,,,,,,,,,,1551,3869,,,,,,,,
rtl,parser_ticket_we,,1524470000,,,,,,688573,,,,,,,,0,0,,,,,,,,,,,,,,,193232,0,,,,,,,,,,,,,,606,3852,,,,,,,,
rtl,credit_return,,1524474000,,,,,3,688580,,,,,,,,,,,,,,,,,,,,,,,,,17,mover_done,,,,,,,,58,,,,,,,,,,,,,,
rtl,parser_ticket_we,,1524474000,,,,,,688578,,,,,,,,0,0,,,,,,,,,,,,,,,193248,0,,,,,,,,,,,,,,606,3853,,,,,,,,
rtl,parser_ticket_we,,1524474000,,,,,,688581,,,,,,,,0,0,,,,,,,,,,,,,,,193520,0,,,,,,,,,,,,,,1551,3870,,,,,,,,
rtl,allocator_decision,,1524478000,,,156016,,,688585,,,,,,,,,,,,idle_to_fetch,15,15,15,15,0,0,0,0,9,,,,,,,,,,,,,,,,,,,,,,,,,,,
rtl,credit_return,,1524478000,,,,,3,688595,,,,,,,,,,,,,,,,,,,,,,,,,17,credit_return,,,,,,,,58,,,,,,,,,,,,,,
rtl,parser_ticket_we,,1524478000,,,,,,688590,,,,,,,,0,0,,,,,,,,,,,,,,,193536,0,,,,,,,,,,,,,,1551,3871,,,,,,,,
rtl,parser_ticket_we,,1524478000,,,,,,688591,,,,,,,,0,0,,,,,,,,,,,,,,,193264,0,,,,,,,,,,,,,,606,3854,,,,,,,,
rtl,parser_ticket_we,,1524482000,,,,,,688596,,,,,,,,0,0,,,,,,,,,,,,,,,193280,0,,,,,,,,,,,,,,606,3855,,,,,,,,
rtl,parser_ticket_we,,1524482000,,,,,,688597,,,,,,,,0,0,,,,,,,,,,,,,,,193552,0,,,,,,,,,,,,,,1551,3872,,,,,,,,
rtl,parser_ticket_we,,1524486000,,,,,,688601,,,,,,,,0,0,,,,,,,,,,,,,,,193568,0,,,,,,,,,,,,,,1551,3873,,,,,,,,
rtl,parser_ticket_we,,1524486000,,,,,,688602,,,,,,,,0,0,,,,,,,,,,,,,,,193296,0,,,,,,,,,,,,,,606,3856,,,,,,,,
rtl,parser_ticket_we,,1524490000,,,,,,688606,,,,,,,,0,0,,,,,,,,,,,,,,,193312,0,,,,,,,,,,,,,,606,3857,,,,,,,,
rtl,parser_ticket_we,,1524490000,,,,,,688607,,,,,,,,0,0,,,,,,,,,,,,,,,193584,0,,,,,,,,,,,,,,1551,3874,,,,,,,,
tlm,allocator_fetch,381123,1524492000,75,75,155984,,,,,,,,,,,,,,,,,,,,,,,,,21,15,,,,,,,,,,,,,,,,,,,,,,,,,
tlm,allocator_lane_action,381123,1524492000,75,75,155984,,0,,empty,,,,,,,,,,,,,,,,,,,,,,,155984,0,,,,,,,,,,,,,,,,,,,,,,,
tlm,ticket_pop,381123,1524492000,75,75,,,0,,,,,,,,,,,,,,,,,,,,,,,,,155984,0,body,1669,1670,,,,,,,,,,,,,,,,,,,,
tlm,ticket_pop,381123,1524492000,75,75,,,1,,,,,,,,,,,,,,,,,,,,,,,,,155984,0,body,1704,1705,,,,,,,,,,,,,,,,,,,,
tlm,ticket_pop,381123,1524492000,75,75,,,2,,,,,,,,,,,,,,,,,,,,,,,,,155984,0,body,1666,1667,,,,,,,,,,,,,,,,,,,,
tlm,ticket_pop,381123,1524492000,75,75,,,3,,,,,,,,,,,,,,,,,,,,,,,,,155984,17,body,1699,1700,,,,,,,,,,,,,,,,,,,,
rtl,parser_ticket_we,,1524494000,,,,,,688611,,,,,,,,0,0,,,,,,,,,,,,,,,193600,0,,,,,,,,,,,,,,1551,3875,,,,,,,,
rtl,parser_ticket_we,,1524494000,,,,,,688612,,,,,,,,0,0,,,,,,,,,,,,,,,193328,0,,,,,,,,,,,,,,606,3858,,,,,,,,
rtl,parser_ticket_we,,1524498000,,,,,,688616,,,,,,,,0,0,,,,,,,,,,,,,,,193344,0,,,,,,,,,,,,,,606,3859,,,,,,,,
rtl,parser_ticket_we,,1524498000,,,,,,688617,,,,,,,,0,0,,,,,,,,,,,,,,,193616,0,,,,,,,,,,,,,,1551,3876,,,,,,,,
tlm,allocator_lane_action,381125,1524500000,75,75,155984,,1,,empty,,,,,,,,,,,,,,,,,,,,,,,155984,0,,,,,,,,,,,,,,,,,,,,,,,
rtl,parser_ticket_we,,1524502000,,,,,,688621,,,,,,,,0,0,,,,,,,,,,,,,,,193632,0,,,,,,,,,,,,,,1551,3877,,,,,,,,
rtl,parser_ticket_we,,1524502000,,,,,,688622,,,,,,,,0,0,,,,,,,,,,,,,,,193360,0,,,,,,,,,,,,,,606,3860,,,,,,,,
tlm,ingress_preaccept,381126,1524504000,93,93,,,1,,,,,,,,,,,,,,,,,,,,,,,,,193968,0,,1705,,,,,,,,,2,,1,,,,,,,,,,
tlm,ticket_enqueue,381126,1524504000,93,93,,,0,,,,,,,,,,,,,,,,,,,,,,,,,194512,17,body,1670,1669,,,,,,,,718,701,,,,,,,,,,,
tlm,ticket_enqueue,381126,1524504000,93,93,,,1,,,,,,,,,,,,,,,,,,,,,,,,,193968,0,body,1705,1704,,,,,,,,2,2,,,,,,,,,,,
rtl,parser_ticket_we,,1524506000,,,,,,688626,,,,,,,,0,0,,,,,,,,,,,,,,,193376,17,,,,,,,,,,,,,,685,3861,,,,,,,,
rtl,parser_ticket_we,,1524506000,,,,,,688627,,,,,,,,0,0,,,,,,,,,,,,,,,193376,0,,,,,,,,,,,,,,606,3861,,,,,,,,
rtl,parser_ticket_we,,1524506000,,,,,,688628,,,,,,,,0,0,,,,,,,,,,,,,,,193648,0,,,,,,,,,,,,,,1551,3878,,,,,,,,
tlm,allocator_lane_action,381127,1524508000,75,75,155984,,2,,empty,,,,,,,,,,,,,,,,,,,,,,,155984,0,,,,,,,,,,,,,,,,,,,,,,,
tlm,ingress_preaccept,381127,1524508000,93,93,,,0,,,,,,,,,,,,,,,,,,,,,,,,,194528,0,,1669,,,,,,,,,701,,700,,,,,,,,,,
tlm,ingress_preaccept,381127,1524508000,93,93,,,1,,,,,,,,,,,,,,,,,,,,,,,,,193984,0,,1704,,,,,,,,,2,,1,,,,,,,,,,
tlm,ticket_enqueue,381127,1524508000,93,93,,,0,,,,,,,,,,,,,,,,,,,,,,,,,194528,0,body,1669,1668,,,,,,,,701,701,,,,,,,,,,,
tlm,ticket_enqueue,381127,1524508000,93,93,,,1,,,,,,,,,,,,,,,,,,,,,,,,,193984,0,body,1704,1703,,,,,,,,2,2,,,,,,,,,,,
rtl,parser_ticket_we,,1524510000,,,,,,688632,,,,,,,,0,0,,,,,,,,,,,,,,,193664,0,,,,,,,,,,,,,,1551,3879,,,,,,,,
rtl,parser_ticket_we,,1524510000,,,,,,688633,,,,,,,,0,0,,,,,,,,,,,,,,,193392,0,,,,,,,,,,,,,,606,3862,,,,,,,,
rtl,parser_ticket_we,,1524510000,,,,,,688634,,,,,,,,0,0,,,,,,,,,,,,,,,193392,0,,,,,,,,,,,,,,702,3862,,,,,,,,
tlm,ingress_preaccept,381128,1524512000,93,93,,,0,,,,,,,,,,,,,,,,,,,,,,,,,194544,0,,1668,,,,,,,,,701,,700,,,,,,,,,,
tlm,ingress_preaccept,381128,1524512000,93,93,,,1,,,,,,,,,,,,,,,,,,,,,,,,,194000,0,,1703,,,,,,,,,2,,1,,,,,,,,,,
tlm,ticket_enqueue,381128,1524512000,93,93,,,0,,,,,,,,,,,,,,,,,,,,,,,,,194544,0,body,1668,1667,,,,,,,,701,701,,,,,,,,,,,
tlm,ticket_enqueue,381128,1524512000,93,93,,,1,,,,,,,,,,,,,,,,,,,,,,,,,194000,0,body,1703,1702,,,,,,,,2,2,,,,,,,,,,,
rtl,parser_ticket_we,,1524514000,,,,,,688639,,,,,,,,0,0,,,,,,,,,,,,,,,193952,17,,,,,,,,,,,,,,238,3897,,,,,,,,
rtl,parser_ticket_we,,1524514000,,,,,,688640,,,,,,,,0,0,,,,,,,,,,,,,,,193408,0,,,,,,,,,,,,,,702,3863,,,,,,,,
rtl,parser_ticket_we,,1524514000,,,,,,688641,,,,,,,,0,0,,,,,,,,,,,,,,,193408,0,,,,,,,,,,,,,,606,3863,,,,,,,,
rtl,parser_ticket_we,,1524514000,,,,,,688642,,,,,,,,0,0,,,,,,,,,,,,,,,193680,0,,,,,,,,,,,,,,1551,3880,,,,,,,,
tlm,handle_accept,381129,1524516000,75,75,155984,,3,,,,,,,,,,,,,,,,,,,,,,,,,155984,17,,,,,,,,131,,1,,,,,,,,,,,,,
tlm,ingress_preaccept,381129,1524516000,93,93,,,1,,,,,,,,,,,,,,,,,,,,,,,,,194016,0,,1702,,,,,,,,,2,,1,,,,,,,,,,
tlm,ticket_enqueue,381129,1524516000,93,93,,,1,,,,,,,,,,,,,,,,,,,,,,,,,194016,0,body,1702,1701,,,,,,,,2,2,,,,,,,,,,,
rtl,parser_ticket_we,,1524518000,,,,,,688647,,,,,,,,0,0,,,,,,,,,,,,,,,193696,0,,,,,,,,,,,,,,1551,3881,,,,,,,,
rtl,parser_ticket_we,,1524518000,,,,,,688648,,,,,,,,0,0,,,,,,,,,,,,,,,193424,0,,,,,,,,,,,,,,606,3864,,,,,,,,
rtl,parser_ticket_we,,1524518000,,,,,,688649,,,,,,,,0,0,,,,,,,,,,,,,,,193424,0,,,,,,,,,,,,,,702,3864,,,,,,,,
rtl,parser_ticket_we,,1524518000,,,,,,688650,,,,,,,,0,0,,,,,,,,,,,,,,,193968,0,,,,,,,,,,,,,,255,3898,,,,,,,,
tlm,ingress_preaccept,381130,1524520000,93,93,,,1,,,,,,,,,,,,,,,,,,,,,,,,,194032,0,,1701,,,,,,,,,2,,1,,,,,,,,,,
tlm,ticket_enqueue,381130,1524520000,93,93,,,1,,,,,,,,,,,,,,,,,,,,,,,,,194032,0,body,1701,1700,,,,,,,,2,2,,,,,,,,,,,
tlm,ticket_enqueue,381130,1524520000,93,93,,,3,,,,,,,,,,,,,,,,,,,,,,,,,194032,17,body,1700,1699,,,,,,,,461,444,,,,,,,,,,,
rtl,parser_ticket_we,,1524522000,,,,,,688656,,,,,,,,0,0,,,,,,,,,,,,,,,193984,0,,,,,,,,,,,,,,255,3899,,,,,,,,
rtl,parser_ticket_we,,1524522000,,,,,,688657,,,,,,,,0,0,,,,,,,,,,,,,,,193440,0,,,,,,,,,,,,,,702,3865,,,,,,,,
rtl,parser_ticket_we,,1524522000,,,,,,688658,,,,,,,,0,0,,,,,,,,,,,,,,,193440,0,,,,,,,,,,,,,,606,3865,,,,,,,,
rtl,parser_ticket_we,,1524522000,,,,,,688659,,,,,,,,0,0,,,,,,,,,,,,,,,193712,0,,,,,,,,,,,,,,1551,3882,,,,,,,,
tlm,ingress_preaccept,381131,1524524000,93,93,,,1,,,,,,,,,,,,,,,,,,,,,,,,,194048,0,,1700,,,,,,,,,2,,1,,,,,,,,,,
tlm,ingress_preaccept,381131,1524524000,93,93,,,3,,,,,,,,,,,,,,,,,,,,,,,,,194048,0,,1699,,,,,,,,,444,,443,,,,,,,,,,
tlm,ticket_enqueue,381131,1524524000,93,93,,,1,,,,,,,,,,,,,,,,,,,,,,,,,194048,0,body,1700,1699,,,,,,,,2,2,,,,,,,,,,,
tlm,ticket_enqueue,381131,1524524000,93,93,,,3,,,,,,,,,,,,,,,,,,,,,,,,,194048,0,body,1699,1698,,,,,,,,444,444,,,,,,,,,,,
rtl,parser_ticket_we,,1524526000,,,,,,688665,,,,,,,,0,0,,,,,,,,,,,,,,,193728,0,,,,,,,,,,,,,,1551,3883,,,,,,,,
rtl,parser_ticket_we,,1524526000,,,,,,688666,,,,,,,,0,0,,,,,,,,,,,,,,,193456,0,,,,,,,,,,,,,,606,3866,,,,,,,,
rtl,parser_ticket_we,,1524526000,,,,,,688667,,,,,,,,0,0,,,,,,,,,,,,,,,193456,0,,,,,,,,,,,,,,702,3866,,,,,,,,
rtl,parser_ticket_we,,1524526000,,,,,,688668,,,,,,,,0,0,,,,,,,,,,,,,,,194000,0,,,,,,,,,,,,,,255,3900,,,,,,,,
tlm,ingress_preaccept,381132,1524528000,93,93,,,1,,,,,,,,,,,,,,,,,,,,,,,,,194064,0,,1699,,,,,,,,,2,,1,,,,,,,,,,
tlm,ingress_preaccept,381132,1524528000,93,93,,,3,,,,,,,,,,,,,,,,,,,,,,,,,194064,0,,1698,,,,,,,,,444,,443,,,,,,,,,,
tlm,ticket_enqueue,381132,1524528000,93,93,,,1,,,,,,,,,,,,,,,,,,,,,,,,,194064,0,body,1699,1698,,,,,,,,2,2,,,,,,,,,,,
tlm,ticket_enqueue,381132,1524528000,93,93,,,3,,,,,,,,,,,,,,,,,,,,,,,,,194064,0,body,1698,1697,,,,,,,,444,444,,,,,,,,,,,
rtl,parser_ticket_we,,1524530000,,,,,,688674,,,,,,,,0,0,,,,,,,,,,,,,,,194016,0,,,,,,,,,,,,,,255,3901,,,,,,,,
rtl,parser_ticket_we,,1524530000,,,,,,688675,,,,,,,,0,0,,,,,,,,,,,,,,,193472,0,,,,,,,,,,,,,,702,3867,,,,,,,,
rtl,parser_ticket_we,,1524530000,,,,,,688676,,,,,,,,0,0,,,,,,,,,,,,,,,193472,0,,,,,,,,,,,,,,606,3867,,,,,,,,
rtl,parser_ticket_we,,1524530000,,,,,,688677,,,,,,,,0,0,,,,,,,,,,,,,,,193744,0,,,,,,,,,,,,,,1551,3884,,,,,,,,
tlm,ingress_preaccept,381133,1524532000,93,93,,,1,,,,,,,,,,,,,,,,,,,,,,,,,194080,0,,1698,,,,,,,,,2,,1,,,,,,,,,,
tlm,ingress_preaccept,381133,1524532000,93,93,,,3,,,,,,,,,,,,,,,,,,,,,,,,,194080,0,,1697,,,,,,,,,444,,443,,,,,,,,,,
tlm,ticket_enqueue,381133,1524532000,93,93,,,1,,,,,,,,,,,,,,,,,,,,,,,,,194080,0,body,1698,1697,,,,,,,,2,2,,,,,,,,,,,
tlm,ticket_enqueue,381133,1524532000,93,93,,,3,,,,,,,,,,,,,,,,,,,,,,,,,194080,0,body,1697,1696,,,,,,,,444,444,,,,,,,,,,,
rtl,parser_ticket_we,,1524534000,,,,,,688683,,,,,,,,0,0,,,,,,,,,,,,,,,193760,0,,,,,,,,,,,,,,1551,3885,,,,,,,,
rtl,parser_ticket_we,,1524534000,,,,,,688684,,,,,,,,0,0,,,,,,,,,,,,,,,193488,0,,,,,,,,,,,,,,606,3868,,,,,,,,
rtl,parser_ticket_we,,1524534000,,,,,,688685,,,,,,,,0,0,,,,,,,,,,,,,,,193488,0,,,,,,,,,,,,,,702,3868,,,,,,,,
rtl,parser_ticket_we,,1524534000,,,,,,688686,,,,,,,,0,0,,,,,,,,,,,,,,,194032,0,,,,,,,,,,,,,,255,3902,,,,,,,,
tlm,ingress_preaccept,381134,1524536000,93,93,,,1,,,,,,,,,,,,,,,,,,,,,,,,,194096,0,,1697,,,,,,,,,2,,1,,,,,,,,,,
tlm,ingress_preaccept,381134,1524536000,93,93,,,3,,,,,,,,,,,,,,,,,,,,,,,,,194096,0,,1696,,,,,,,,,444,,443,,,,,,,,,,
tlm,ticket_enqueue,381134,1524536000,93,93,,,1,,,,,,,,,,,,,,,,,,,,,,,,,194096,0,body,1697,1696,,,,,,,,2,2,,,,,,,,,,,
tlm,ticket_enqueue,381134,1524536000,93,93,,,3,,,,,,,,,,,,,,,,,,,,,,,,,194096,0,body,1696,1695,,,,,,,,444,444,,,,,,,,,,,
rtl,allocator_lane_action,,1524538000,,,,,0,688697,2,0,1,0,156016,0,75,0,0,1,0,,,,,,,,,,,,,,,,,,,,,,,,,,,,,,,,,,,,,
rtl,allocator_lane_action,,1524538000,,,,,1,688698,2,0,1,0,156016,17,75,0,0,1,0,,,,,,,,,,,,,,,,,,,,,,,,,,,,,,,,,,,,,
rtl,allocator_lane_action,,1524538000,,,,,2,688699,2,0,1,0,156016,0,75,0,0,1,0,,,,,,,,,,,,,,,,,,,,,,,,,,,,,,,,,,,,,
rtl,allocator_lane_action,,1524538000,,,,,3,688700,2,0,1,0,156016,0,75,0,0,1,0,,,,,,,,,,,,,,,,,,,,,,,,,,,,,,,,,,,,,
rtl,parser_ticket_we,,1524538000,,,,,,688692,,,,,,,,0,0,,,,,,,,,,,,,,,194048,0,,,,,,,,,,,,,,255,3903,,,,,,,,
rtl,parser_ticket_we,,1524538000,,,,,,688693,,,,,,,,0,0,,,,,,,,,,,,,,,193504,0,,,,,,,,,,,,,,702,3869,,,,,,,,
rtl,parser_ticket_we,,1524538000,,,,,,688694,,,,,,,,0,0,,,,,,,,,,,,,,,193504,0,,,,,,,,,,,,,,606,3869,,,,,,,,
rtl,parser_ticket_we,,1524538000,,,,,,688695,,,,,,,,0,0,,,,,,,,,,,,,,,193776,0,,,,,,,,,,,,,,1551,3886,,,,,,,,
tlm,ingress_preaccept,381135,1524540000,93,93,,,1,,,,,,,,,,,,,,,,,,,,,,,,,194112,0,,1696,,,,,,,,,2,,1,,,,,,,,,,
tlm,ingress_preaccept,381135,1524540000,93,93,,,3,,,,,,,,,,,,,,,,,,,,,,,,,194112,0,,1695,,,,,,,,,444,,443,,,,,,,,,,
tlm,ticket_enqueue,381135,1524540000,93,93,,,1,,,,,,,,,,,,,,,,,,,,,,,,,194112,0,body,1696,1695,,,,,,,,2,2,,,,,,,,,,,
tlm,ticket_enqueue,381135,1524540000,93,93,,,3,,,,,,,,,,,,,,,,,,,,,,,,,194112,0,body,1695,1694,,,,,,,,444,444,,,,,,,,,,,
rtl,parser_ticket_we,,1524542000,,,,,,688706,,,,,,,,0,0,,,,,,,,,,,,,,,193792,0,,,,,,,,,,,,,,1551,3887,,,,,,,,
rtl,parser_ticket_we,,1524542000,,,,,,688707,,,,,,,,0,0,,,,,,,,,,,,,,,193520,0,,,,,,,,,,,,,,606,3870,,,,,,,,
rtl,parser_ticket_we,,1524542000,,,,,,688708,,,,,,,,0,0,,,,,,,,,,,,,,,193520,0,,,,,,,,,,,,,,702,3870,,,,,,,,
rtl,parser_ticket_we,,1524542000,,,,,,688709,,,,,,,,0,0,,,,,,,,,,,,,,,194064,0,,,,,,,,,,,,,,255,3904,,,,,,,,
tlm,ingress_preaccept,381136,1524544000,93,93,,,1,,,,,,,,,,,,,,,,,,,,,,,,,194128,0,,1695,,,,,,,,,2,,1,,,,,,,,,,
tlm,ingress_preaccept,381136,1524544000,93,93,,,3,,,,,,,,,,,,,,,,,,,,,,,,,194128,0,,1694,,,,,,,,,444,,443,,,,,,,,,,
tlm,ticket_enqueue,381136,1524544000,93,93,,,1,,,,,,,,,,,,,,,,,,,,,,,,,194128,0,body,1695,1694,,,,,,,,2,2,,,,,,,,,,,
tlm,ticket_enqueue,381136,1524544000,93,93,,,3,,,,,,,,,,,,,,,,,,,,,,,,,194128,0,body,1694,1693,,,,,,,,444,444,,,,,,,,,,,
rtl,parser_ticket_we,,1524546000,,,,,,688715,,,,,,,,0,0,,,,,,,,,,,,,,,194080,0,,,,,,,,,,,,,,255,3905,,,,,,,,
rtl,parser_ticket_we,,1524546000,,,,,,688716,,,,,,,,0,0,,,,,,,,,,,,,,,193536,0,,,,,,,,,,,,,,702,3871,,,,,,,,
rtl,parser_ticket_we,,1524546000,,,,,,688717,,,,,,,,0,0,,,,,,,,,,,,,,,193536,0,,,,,,,,,,,,,,606,3871,,,,,,,,
rtl,parser_ticket_we,,1524546000,,,,,,688718,,,,,,,,0,0,,,,,,,,,,,,,,,193808,0,,,,,,,,,,,,,,1551,3888,,,,,,,,
tlm,ingress_preaccept,381137,1524548000,93,93,,,1,,,,,,,,,,,,,,,,,,,,,,,,,194144,0,,1694,,,,,,,,,2,,1,,,,,,,,,,
tlm,ingress_preaccept,381137,1524548000,93,93,,,3,,,,,,,,,,,,,,,,,,,,,,,,,194144,0,,1693,,,,,,,,,444,,443,,,,,,,,,,
tlm,ticket_enqueue,381137,1524548000,93,93,,,1,,,,,,,,,,,,,,,,,,,,,,,,,194144,0,body,1694,1693,,,,,,,,2,2,,,,,,,,,,,
tlm,ticket_enqueue,381137,1524548000,93,93,,,3,,,,,,,,,,,,,,,,,,,,,,,,,194144,0,body,1693,1692,,,,,,,,444,444,,,,,,,,,,,
rtl,parser_ticket_we,,1524550000,,,,,,688724,,,,,,,,0,0,,,,,,,,,,,,,,,193824,0,,,,,,,,,,,,,,1551,3889,,,,,,,,
rtl,parser_ticket_we,,1524550000,,,,,,688725,,,,,,,,0,0,,,,,,,,,,,,,,,193552,0,,,,,,,,,,,,,,606,3872,,,,,,,,
rtl,parser_ticket_we,,1524550000,,,,,,688726,,,,,,,,0,0,,,,,,,,,,,,,,,193552,0,,,,,,,,,,,,,,702,3872,,,,,,,,
rtl,parser_ticket_we,,1524550000,,,,,,688727,,,,,,,,0,0,,,,,,,,,,,,,,,194096,0,,,,,,,,,,,,,,255,3906,,,,,,,,
tlm,ingress_preaccept,381138,1524552000,93,93,,,1,,,,,,,,,,,,,,,,,,,,,,,,,194160,0,,1693,,,,,,,,,2,,1,,,,,,,,,,
tlm,ingress_preaccept,381138,1524552000,93,93,,,3,,,,,,,,,,,,,,,,,,,,,,,,,194160,0,,1692,,,,,,,,,444,,443,,,,,,,,,,
tlm,ticket_enqueue,381138,1524552000,93,93,,,1,,,,,,,,,,,,,,,,,,,,,,,,,194160,0,body,1693,1692,,,,,,,,2,2,,,,,,,,,,,
tlm,ticket_enqueue,381138,1524552000,93,93,,,3,,,,,,,,,,,,,,,,,,,,,,,,,194160,0,body,1692,1691,,,,,,,,444,444,,,,,,,,,,,
rtl,parser_ticket_we,,1524554000,,,,,,688733,,,,,,,,0,0,,,,,,,,,,,,,,,194112,0,,,,,,,,,,,,,,255,3907,,,,,,,,
rtl,parser_ticket_we,,1524554000,,,,,,688734,,,,,,,,0,0,,,,,,,,,,,,,,,193568,0,,,,,,,,,,,,,,702,3873,,,,,,,,
rtl,parser_ticket_we,,1524554000,,,,,,688735,,,,,,,,0,0,,,,,,,,,,,,,,,193568,0,,,,,,,,,,,,,,606,3873,,,,,,,,
rtl,parser_ticket_we,,1524554000,,,,,,688736,,,,,,,,0,0,,,,,,,,,,,,,,,193840,0,,,,,,,,,,,,,,1551,3890,,,,,,,,
tlm,ingress_preaccept,381139,1524556000,93,93,,,1,,,,,,,,,,,,,,,,,,,,,,,,,194176,0,,1692,,,,,,,,,2,,1,,,,,,,,,,
tlm,ingress_preaccept,381139,1524556000,93,93,,,3,,,,,,,,,,,,,,,,,,,,,,,,,194176,0,,1691,,,,,,,,,444,,443,,,,,,,,,,
tlm,ticket_enqueue,381139,1524556000,93,93,,,1,,,,,,,,,,,,,,,,,,,,,,,,,194176,0,body,1692,1691,,,,,,,,2,2,,,,,,,,,,,
tlm,ticket_enqueue,381139,1524556000,93,93,,,3,,,,,,,,,,,,,,,,,,,,,,,,,194176,0,body,1691,1690,,,,,,,,444,444,,,,,,,,,,,
rtl,handle_accept,,1524558000,,,,,1,688742,,,,,,,,,,,,,,,,,,,,,,,,156016,17,,,,284,29409,12,1508,0,,,,,,,,,,,,,,,
rtl,parser_ticket_we,,1524558000,,,,,,688743,,,,,,,,0,0,,,,,,,,,,,,,,,193856,0,,,,,,,,,,,,,,1551,3891,,,,,,,,
rtl,parser_ticket_we,,1524558000,,,,,,688744,,,,,,,,0,0,,,,,,,,,,,,,,,193584,0,,,,,,,,,,,,,,606,3874,,,,,,,,
rtl,parser_ticket_we,,1524558000,,,,,,688745,,,,,,,,0,0,,,,,,,,,,,,,,,194128,0,,,,,,,,,,,,,,255,3908,,,,,,,,
tlm,ingress_preaccept,381140,1524560000,93,93,,,1,,,,,,,,,,,,,,,,,,,,,,,,,194192,0,,1691,,,,,,,,,2,,1,,,,,,,,,,
tlm,ingress_preaccept,381140,1524560000,93,93,,,3,,,,,,,,,,,,,,,,,,,,,,,,,194192,0,,1690,,,,,,,,,444,,443,,,,,,,,,,
tlm,ticket_enqueue,381140,1524560000,93,93,,,1,,,,,,,,,,,,,,,,,,,,,,,,,194192,0,body,1691,1690,,,,,,,,2,2,,,,,,,,,,,
tlm,ticket_enqueue,381140,1524560000,93,93,,,3,,,,,,,,,,,,,,,,,,,,,,,,,194192,0,body,1690,1689,,,,,,,,444,444,,,,,,,,,,,
rtl,parser_ticket_we,,1524562000,,,,,,688751,,,,,,,,0,0,,,,,,,,,,,,,,,194144,0,,,,,,,,,,,,,,255,3909,,,,,,,,
rtl,parser_ticket_we,,1524562000,,,,,,688752,,,,,,,,0,0,,,,,,,,,,,,,,,193600,0,,,,,,,,,,,,,,606,3875,,,,,,,,
rtl,parser_ticket_we,,1524562000,,,,,,688753,,,,,,,,0,0,,,,,,,,,,,,,,,193872,0,,,,,,,,,,,,,,1551,3892,,,,,,,,
tlm,ingress_preaccept,381141,1524564000,93,93,,,1,,,,,,,,,,,,,,,,,,,,,,,,,194208,0,,1690,,,,,,,,,2,,1,,,,,,,,,,
tlm,ingress_preaccept,381141,1524564000,93,93,,,3,,,,,,,,,,,,,,,,,,,,,,,,,194208,0,,1689,,,,,,,,,444,,443,,,,,,,,,,
tlm,ticket_enqueue,381141,1524564000,93,93,,,1,,,,,,,,,,,,,,,,,,,,,,,,,194208,0,body,1690,1689,,,,,,,,2,2,,,,,,,,,,,
tlm,ticket_enqueue,381141,1524564000,93,93,,,3,,,,,,,,,,,,,,,,,,,,,,,,,194208,0,body,1689,1688,,,,,,,,444,444,,,,,,,,,,,
rtl,parser_ticket_we,,1524566000,,,,,,688759,,,,,,,,0,0,,,,,,,,,,,,,,,193888,0,,,,,,,,,,,,,,1551,3893,,,,,,,,
rtl,parser_ticket_we,,1524566000,,,,,,688760,,,,,,,,0,0,,,,,,,,,,,,,,,194160,0,,,,,,,,,,,,,,255,3910,,,,,,,,
tlm,ingress_preaccept,381142,1524568000,93,93,,,1,,,,,,,,,,,,,,,,,,,,,,,,,194224,0,,1689,,,,,,,,,2,,1,,,,,,,,,,
tlm,ingress_preaccept,381142,1524568000,93,93,,,3,,,,,,,,,,,,,,,,,,,,,,,,,194224,0,,1688,,,,,,,,,444,,443,,,,,,,,,,
tlm,ticket_enqueue,381142,1524568000,93,93,,,1,,,,,,,,,,,,,,,,,,,,,,,,,194224,0,body,1689,1688,,,,,,,,2,2,,,,,,,,,,,
tlm,ticket_enqueue,381142,1524568000,93,93,,,3,,,,,,,,,,,,,,,,,,,,,,,,,194224,0,body,1688,1687,,,,,,,,444,444,,,,,,,,,,,
rtl,parser_ticket_we,,1524570000,,,,,,688765,,,,,,,,0,0,,,,,,,,,,,,,,,194176,0,,,,,,,,,,,,,,255,3911,,,,,,,,
rtl,parser_ticket_we,,1524570000,,,,,,688766,,,,,,,,0,0,,,,,,,,,,,,,,,193904,0,,,,,,,,,,,,,,1551,3894,,,,,,,,
tlm,ingress_preaccept,381143,1524572000,93,93,,,1,,,,,,,,,,,,,,,,,,,,,,,,,194240,0,,1688,,,,,,,,,2,,1,,,,,,,,,,
tlm,ingress_preaccept,381143,1524572000,93,93,,,3,,,,,,,,,,,,,,,,,,,,,,,,,194240,0,,1687,,,,,,,,,444,,443,,,,,,,,,,
tlm,ticket_enqueue,381143,1524572000,93,93,,,1,,,,,,,,,,,,,,,,,,,,,,,,,194240,0,body,1688,1687,,,,,,,,2,2,,,,,,,,,,,
tlm,ticket_enqueue,381143,1524572000,93,93,,,3,,,,,,,,,,,,,,,,,,,,,,,,,194240,0,body,1687,1686,,,,,,,,444,444,,,,,,,,,,,
rtl,parser_ticket_we,,1524574000,,,,,,688771,,,,,,,,0,0,,,,,,,,,,,,,,,193920,0,,,,,,,,,,,,,,1551,3895,,,,,,,,
rtl,parser_ticket_we,,1524574000,,,,,,688772,,,,,,,,0,0,,,,,,,,,,,,,,,194192,0,,,,,,,,,,,,,,255,3912,,,,,,,,
tlm,ingress_preaccept,381144,1524576000,93,93,,,1,,,,,,,,,,,,,,,,,,,,,,,,,194256,0,,1687,,,,,,,,,2,,1,,,,,,,,,,
tlm,ingress_preaccept,381144,1524576000,93,93,,,3,,,,,,,,,,,,,,,,,,,,,,,,,194256,0,,1686,,,,,,,,,444,,443,,,,,,,,,,
tlm,ticket_enqueue,381144,1524576000,93,93,,,1,,,,,,,,,,,,,,,,,,,,,,,,,194256,0,body,1687,1686,,,,,,,,2,2,,,,,,,,,,,
tlm,ticket_enqueue,381144,1524576000,93,93,,,3,,,,,,,,,,,,,,,,,,,,,,,,,194256,0,body,1686,1685,,,,,,,,444,444,,,,,,,,,,,
rtl,parser_ticket_we,,1524578000,,,,,,688776,,,,,,,,0,0,,,,,,,,,,,,,,,193936,0,,,,,,,,,,,,,,1551,3896,,,,,,,,
tlm,ingress_preaccept,381145,1524580000,93,93,,,1,,,,,,,,,,,,,,,,,,,,,,,,,194272,0,,1686,,,,,,,,,2,,1,,,,,,,,,,
tlm,ingress_preaccept,381145,1524580000,93,93,,,3,,,,,,,,,,,,,,,,,,,,,,,,,194272,0,,1685,,,,,,,,,444,,443,,,,,,,,,,
tlm,ticket_enqueue,381145,1524580000,93,93,,,1,,,,,,,,,,,,,,,,,,,,,,,,,194272,0,body,1686,1685,,,,,,,,2,2,,,,,,,,,,,
tlm,ticket_enqueue,381145,1524580000,93,93,,,3,,,,,,,,,,,,,,,,,,,,,,,,,194272,0,body,1685,1684,,,,,,,,444,444,,,,,,,,,,,
rtl,parser_ticket_we,,1524582000,,,,,,688781,,,,,,,,0,0,,,,,,,,,,,,,,,193952,0,,,,,,,,,,,,,,1551,3897,,,,,,,,
tlm,ingress_preaccept,381146,1524584000,93,93,,,1,,,,,,,,,,,,,,,,,,,,,,,,,194288,0,,1685,,,,,,,,,2,,1,,,,,,,,,,
tlm,ingress_preaccept,381146,1524584000,93,93,,,3,,,,,,,,,,,,,,,,,,,,,,,,,194288,0,,1684,,,,,,,,,444,,443,,,,,,,,,,
tlm,ticket_enqueue,381146,1524584000,93,93,,,1,,,,,,,,,,,,,,,,,,,,,,,,,194288,0,body,1685,1684,,,,,,,,2,2,,,,,,,,,,,
tlm,ticket_enqueue,381146,1524584000,93,93,,,3,,,,,,,,,,,,,,,,,,,,,,,,,194288,0,body,1684,1683,,,,,,,,444,444,,,,,,,,,,,
rtl,allocator_decision,,1524586000,,,156032,,,688784,,,,,,,,,,,,idle_to_fetch,15,15,15,15,0,0,0,0,11,,,,,,,,,,,,,,,,,,,,,,,,,,,
rtl,parser_ticket_we,,1524586000,,,,,,688789,,,,,,,,0,0,,,,,,,,,,,,,,,193968,0,,,,,,,,,,,,,,1551,3898,,,,,,,,
tlm,credit_return,381147,1524588000,75,75,,,3,,,,,,,,,,,,,,,,,,,,,,,,,155984,17,,,,,,,,,,0,444,461,,,,,,,,,,,
tlm,ingress_preaccept,381147,1524588000,93,93,,,1,,,,,,,,,,,,,,,,,,,,,,,,,194304,0,,1684,,,,,,,,,2,,1,,,,,,,,,,
tlm,ingress_preaccept,381147,1524588000,93,93,,,3,,,,,,,,,,,,,,,,,,,,,,,,,194304,0,,1683,,,,,,,,,444,,443,,,,,,,,,,
tlm,ticket_enqueue,381147,1524588000,93,93,,,1,,,,,,,,,,,,,,,,,,,,,,,,,194304,0,body,1684,1683,,,,,,,,2,2,,,,,,,,,,,
tlm,ticket_enqueue,381147,1524588000,93,93,,,3,,,,,,,,,,,,,,,,,,,,,,,,,194304,0,body,1683,1682,,,,,,,,444,444,,,,,,,,,,,
rtl,parser_ticket_we,,1524590000,,,,,,688792,,,,,,,,0,0,,,,,,,,,,,,,,,193984,0,,,,,,,,,,,,,,1551,3899,,,,,,,,
tlm,ingress_preaccept,381148,1524592000,93,93,,,1,,,,,,,,,,,,,,,,,,,,,,,,,194320,0,,1683,,,,,,,,,2,,1,,,,,,,,,,
tlm,ingress_preaccept,381148,1524592000,93,93,,,3,,,,,,,,,,,,,,,,,,,,,,,,,194320,0,,1682,,,,,,,,,461,,460,,,,,,,,,,
tlm,ticket_enqueue,381148,1524592000,93,93,,,1,,,,,,,,,,,,,,,,,,,,,,,,,194320,0,body,1683,1682,,,,,,,,2,2,,,,,,,,,,,
tlm,ticket_enqueue,381148,1524592000,93,93,,,3,,,,,,,,,,,,,,,,,,,,,,,,,194320,0,body,1682,1681,,,,,,,,461,461,,,,,,,,,,,
rtl,parser_ticket_we,,1524594000,,,,,,688795,,,,,,,,0,0,,,,,,,,,,,,,,,194000,0,,,,,,,,,,,,,,1551,3900,,,,,,,,
tlm,ingress_preaccept,381149,1524596000,93,93,,,3,,,,,,,,,,,,,,,,,,,,,,,,,194336,0,,1681,,,,,,,,,461,,460,,,,,,,,,,
tlm,ingress_predrop,381149,1524596000,93,93,,,1,,,,,,,,,,,,,,,,,,,,,,,,,194336,1,,1682,,,,,,,,,2,,1,,,lane_credit,,,,,,,
tlm,ticket_enqueue,381149,1524596000,93,93,,,3,,,,,,,,,,,,,,,,,,,,,,,,,194336,0,body,1681,1680,,,,,,,,461,461,,,,,,,,,,,
rtl,parser_ticket_we,,1524598000,,,,,,688798,,,,,,,,0,0,,,,,,,,,,,,,,,194016,0,,,,,,,,,,,,,,1551,3901,,,,,,,,
tlm,allocator_fetch,381150,1524600000,75,75,156000,,,,,,,,,,,,,,,,,,,,,,,,,22,15,,,,,,,,,,,,,,,,,,,,,,,,,
tlm,allocator_lane_action,381150,1524600000,75,75,156000,,0,,empty,,,,,,,,,,,,,,,,,,,,,,,156000,0,,,,,,,,,,,,,,,,,,,,,,,
tlm,ingress_preaccept,381150,1524600000,93,93,,,3,,,,,,,,,,,,,,,,,,,,,,,,,194352,0,,1680,,,,,,,,,461,,460,,,,,,,,,,
tlm,ticket_enqueue,381150,1524600000,93,93,,,3,,,,,,,,,,,,,,,,,,,,,,,,,194352,0,body,1680,1679,,,,,,,,461,461,,,,,,,,,,,
tlm,ticket_pop,381150,1524600000,75,75,,,0,,,,,,,,,,,,,,,,,,,,,,,,,156000,0,body,1667,1668,,,,,,,,,,,,,,,,,,,,
tlm,ticket_pop,381150,1524600000,75,75,,,1,,,,,,,,,,,,,,,,,,,,,,,,,156000,0,body,1682,1683,,,,,,,,,,,,,,,,,,,,
tlm,ticket_pop,381150,1524600000,75,75,,,2,,,,,,,,,,,,,,,,,,,,,,,,,156000,0,body,1667,1668,,,,,,,,,,,,,,,,,,,,
tlm,ticket_pop,381150,1524600000,75,75,,,3,,,,,,,,,,,,,,,,,,,,,,,,,156000,0,body,1679,1680,,,,,,,,,,,,,,,,,,,,
rtl,parser_ticket_we,,1524602000,,,,,,688801,,,,,,,,0,0,,,,,,,,,,,,,,,194032,0,,,,,,,,,,,,,,1551,3902,,,,,,,,
tlm,ingress_preaccept,381151,1524604000,93,93,,,1,,,,,,,,,,,,,,,,,,,,,,,,,194352,0,,1683,,,,,,,,,2,,1,,,,,,,,,,
tlm,ingress_preaccept,381151,1524604000,93,93,,,3,,,,,,,,,,,,,,,,,,,,,,,,,194368,0,,1680,,,,,,,,,461,,460,,,,,,,,,,
tlm,ticket_enqueue,381151,1524604000,93,93,,,1,,,,,,,,,,,,,,,,,,,,,,,,,194352,0,body,1683,1682,,,,,,,,2,2,,,,,,,,,,,
tlm,ticket_enqueue,381151,1524604000,93,93,,,3,,,,,,,,,,,,,,,,,,,,,,,,,194368,0,body,1680,1679,,,,,,,,461,461,,,,,,,,,,,
rtl,parser_ticket_we,,1524606000,,,,,,688805,,,,,,,,0,0,,,,,,,,,,,,,,,194048,0,,,,,,,,,,,,,,1551,3903,,,,,,,,
tlm,allocator_lane_action,381152,1524608000,75,75,156000,,1,,empty,,,,,,,,,,,,,,,,,,,,,,,156000,0,,,,,,,,,,,,,,,,,,,,,,,
tlm,ingress_preaccept,381152,1524608000,93,93,,,1,,,,,,,,,,,,,,,,,,,,,,,,,194368,0,,1682,,,,,,,,,2,,1,,,,,,,,,,
tlm,ingress_preaccept,381152,1524608000,93,93,,,3,,,,,,,,,,,,,,,,,,,,,,,,,194384,0,,1679,,,,,,,,,461,,460,,,,,,,,,,
tlm,ticket_enqueue,381152,1524608000,93,93,,,1,,,,,,,,,,,,,,,,,,,,,,,,,194368,0,body,1682,1681,,,,,,,,2,2,,,,,,,,,,,
tlm,ticket_enqueue,381152,1524608000,93,93,,,3,,,,,,,,,,,,,,,,,,,,,,,,,194384,0,body,1679,1678,,,,,,,,461,461,,,,,,,,,,,
rtl,parser_ticket_we,,1524610000,,,,,,688810,,,,,,,,0,0,,,,,,,,,,,,,,,194064,0,,,,,,,,,,,,,,1551,3904,,,,,,,,
tlm,ingress_preaccept,381153,1524612000,93,93,,,1,,,,,,,,,,,,,,,,,,,,,,,,,194384,0,,1681,,,,,,,,,2,,1,,,,,,,,,,
tlm,ingress_preaccept,381153,1524612000,93,93,,,3,,,,,,,,,,,,,,,,,,,,,,,,,194400,0,,1678,,,,,,,,,461,,460,,,,,,,,,,
tlm,ticket_enqueue,381153,1524612000,93,93,,,1,,,,,,,,,,,,,,,,,,,,,,,,,194384,0,body,1681,1680,,,,,,,,2,2,,,,,,,,,,,
tlm,ticket_enqueue,381153,1524612000,93,93,,,3,,,,,,,,,,,,,,,,,,,,,,,,,194400,0,body,1678,1677,,,,,,,,461,461,,,,,,,,,,,
rtl,parser_ticket_we,,1524614000,,,,,,688814,,,,,,,,0,0,,,,,,,,,,,,,,,194080,0,,,,,,,,,,,,,,1551,3905,,,,,,,,
tlm,allocator_lane_action,381154,1524616000,75,75,156000,,2,,empty,,,,,,,,,,,,,,,,,,,,,,,156000,0,,,,,,,,,,,,,,,,,,,,,,,
tlm,ingress_preaccept,381154,1524616000,93,93,,,1,,,,,,,,,,,,,,,,,,,,,,,,,194400,0,,1680,,,,,,,,,2,,1,,,,,,,,,,
tlm,ingress_preaccept,381154,1524616000,93,93,,,3,,,,,,,,,,,,,,,,,,,,,,,,,194416,0,,1677,,,,,,,,,461,,460,,,,,,,,,,
tlm,ticket_enqueue,381154,1524616000,93,93,,,1,,,,,,,,,,,,,,,,,,,,,,,,,194400,0,body,1680,1679,,,,,,,,2,2,,,,,,,,,,,
tlm,ticket_enqueue,381154,1524616000,93,93,,,3,,,,,,,,,,,,,,,,,,,,,,,,,194416,0,body,1677,1676,,,,,,,,461,461,,,,,,,,,,,
rtl,parser_ticket_we,,1524618000,,,,,,688820,,,,,,,,0,0,,,,,,,,,,,,,,,194096,0,,,,,,,,,,,,,,1551,3906,,,,,,,,
tlm,ingress_preaccept,381155,1524620000,93,93,,,1,,,,,,,,,,,,,,,,,,,,,,,,,194416,0,,1679,,,,,,,,,2,,1,,,,,,,,,,
tlm,ingress_preaccept,381155,1524620000,93,93,,,3,,,,,,,,,,,,,,,,,,,,,,,,,194432,0,,1676,,,,,,,,,461,,460,,,,,,,,,,
tlm,ticket_enqueue,381155,1524620000,93,93,,,1,,,,,,,,,,,,,,,,,,,,,,,,,194416,0,body,1679,1678,,,,,,,,2,2,,,,,,,,,,,
tlm,ticket_enqueue,381155,1524620000,93,93,,,3,,,,,,,,,,,,,,,,,,,,,,,,,194432,0,body,1676,1675,,,,,,,,461,461,,,,,,,,,,,
rtl,parser_ticket_we,,1524622000,,,,,,688824,,,,,,,,0,0,,,,,,,,,,,,,,,194112,0,,,,,,,,,,,,,,1551,3907,,,,,,,,
tlm,allocator_lane_action,381156,1524624000,75,75,156000,,3,,empty,,,,,,,,,,,,,,,,,,,,,,,156000,0,,,,,,,,,,,,,,,,,,,,,,,
tlm,ingress_preaccept,381156,1524624000,93,93,,,1,,,,,,,,,,,,,,,,,,,,,,,,,194432,0,,1678,,,,,,,,,2,,1,,,,,,,,,,
tlm,ingress_preaccept,381156,1524624000,93,93,,,3,,,,,,,,,,,,,,,,,,,,,,,,,194448,0,,1675,,,,,,,,,461,,460,,,,,,,,,,
tlm,ticket_enqueue,381156,1524624000,93,93,,,1,,,,,,,,,,,,,,,,,,,,,,,,,194432,0,body,1678,1677,,,,,,,,2,2,,,,,,,,,,,
tlm,ticket_enqueue,381156,1524624000,93,93,,,3,,,,,,,,,,,,,,,,,,,,,,,,,194448,0,body,1675,1674,,,,,,,,461,461,,,,,,,,,,,
rtl,parser_ticket_we,,1524626000,,,,,,688829,,,,,,,,0,0,,,,,,,,,,,,,,,193584,17,,,,,,,,,,,,,,702,3874,,,,,,,,
rtl,parser_ticket_we,,1524626000,,,,,,688831,,,,,,,,0,0,,,,,,,,,,,,,,,194128,0,,,,,,,,,,,,,,1551,3908,,,,,,,,
tlm,ingress_preaccept,381157,1524628000,93,93,,,1,,,,,,,,,,,,,,,,,,,,,,,,,194448,0,,1677,,,,,,,,,2,,1,,,,,,,,,,
tlm,ingress_preaccept,381157,1524628000,93,93,,,3,,,,,,,,,,,,,,,,,,,,,,,,,194464,0,,1674,,,,,,,,,461,,460,,,,,,,,,,
tlm,ticket_enqueue,381157,1524628000,93,93,,,1,,,,,,,,,,,,,,,,,,,,,,,,,194448,0,body,1677,1676,,,,,,,,2,2,,,,,,,,,,,
tlm,ticket_enqueue,381157,1524628000,93,93,,,3,,,,,,,,,,,,,,,,,,,,,,,,,194464,0,body,1674,1673,,,,,,,,461,461,,,,,,,,,,,
rtl,parser_ticket_we,,1524630000,,,,,,688835,,,,,,,,0,0,,,,,,,,,,,,,,,194144,0,,,,,,,,,,,,,,1551,3909,,,,,,,,
rtl,parser_ticket_we,,1524630000,,,,,,688837,,,,,,,,0,0,,,,,,,,,,,,,,,193600,0,,,,,,,,,,,,,,719,3875,,,,,,,,
tlm,ingress_preaccept,381158,1524632000,93,93,,,1,,,,,,,,,,,,,,,,,,,,,,,,,194464,0,,1676,,,,,,,,,2,,1,,,,,,,,,,
tlm,ingress_preaccept,381158,1524632000,93,93,,,3,,,,,,,,,,,,,,,,,,,,,,,,,194480,0,,1673,,,,,,,,,461,,460,,,,,,,,,,
tlm,ticket_enqueue,381158,1524632000,93,93,,,1,,,,,,,,,,,,,,,,,,,,,,,,,194464,0,body,1676,1675,,,,,,,,2,2,,,,,,,,,,,
tlm,ticket_enqueue,381158,1524632000,93,93,,,3,,,,,,,,,,,,,,,,,,,,,,,,,194480,0,body,1673,1672,,,,,,,,461,461,,,,,,,,,,,
rtl,parser_ticket_we,,1524634000,,,,,,688842,,,,,,,,0,0,,,,,,,,,,,,,,,193616,17,,,,,,,,,,,,,,606,3876,,,,,,,,
rtl,parser_ticket_we,,1524634000,,,,,,688844,,,,,,,,0,0,,,,,,,,,,,,,,,194160,0,,,,,,,,,,,,,,1551,3910,,,,,,,,
tlm,ingress_preaccept,381159,1524636000,93,93,,,1,,,,,,,,,,,,,,,,,,,,,,,,,194480,0,,1675,,,,,,,,,2,,1,,,,,,,,,,
tlm,ingress_preaccept,381159,1524636000,93,93,,,3,,,,,,,,,,,,,,,,,,,,,,,,,194496,17,,1672,,,,,,,,,461,,460,,,,,,,,,,
tlm,ticket_enqueue,381159,1524636000,93,93,,,1,,,,,,,,,,,,,,,,,,,,,,,,,194480,0,body,1675,1674,,,,,,,,2,2,,,,,,,,,,,
rtl,parser_ticket_we,,1524638000,,,,,,688849,,,,,,,,0,0,,,,,,,,,,,,,,,194176,0,,,,,,,,,,,,,,1551,3911,,,,,,,,
rtl,parser_ticket_we,,1524638000,,,,,,688851,,,,,,,,0,0,,,,,,,,,,,,,,,193632,0,,,,,,,,,,,,,,623,3877,,,,,,,,
tlm,ingress_preaccept,381160,1524640000,93,93,,,1,,,,,,,,,,,,,,,,,,,,,,,,,194496,0,,1674,,,,,,,,,2,,1,,,,,,,,,,
tlm,ticket_enqueue,381160,1524640000,93,93,,,1,,,,,,,,,,,,,,,,,,,,,,,,,194496,0,body,1674,1673,,,,,,,,2,2,,,,,,,,,,,
rtl,parser_ticket_we,,1524642000,,,,,,688856,,,,,,,,0,0,,,,,,,,,,,,,,,193648,0,,,,,,,,,,,,,,623,3878,,,,,,,,
rtl,parser_ticket_we,,1524642000,,,,,,688858,,,,,,,,0,0,,,,,,,,,,,,,,,194192,0,,,,,,,,,,,,,,1551,3912,,,,,,,,
tlm,ingress_preaccept,381161,1524644000,93,93,,,1,,,,,,,,,,,,,,,,,,,,,,,,,194512,0,,1673,,,,,,,,,2,,1,,,,,,,,,,
tlm,ticket_enqueue,381161,1524644000,93,93,,,1,,,,,,,,,,,,,,,,,,,,,,,,,194512,0,body,1673,1672,,,,,,,,2,2,,,,,,,,,,,
rtl,allocator_lane_action,,1524646000,,,,,0,688868,2,0,1,0,156032,0,75,0,0,1,0,,,,,,,,,,,,,,,,,,,,,,,,,,,,,,,,,,,,,
rtl,allocator_lane_action,,1524646000,,,,,1,688869,2,0,1,0,156032,0,75,0,0,1,0,,,,,,,,,,,,,,,,,,,,,,,,,,,,,,,,,,,,,
rtl,allocator_lane_action,,1524646000,,,,,2,688870,2,0,1,0,156032,0,75,0,0,1,0,,,,,,,,,,,,,,,,,,,,,,,,,,,,,,,,,,,,,
rtl,allocator_lane_action,,1524646000,,,,,3,688871,2,0,1,0,156032,0,75,0,0,1,0,,,,,,,,,,,,,,,,,,,,,,,,,,,,,,,,,,,,,
rtl,parser_ticket_we,,1524646000,,,,,,688863,,,,,,,,0,0,,,,,,,,,,,,,,,194208,17,,,,,,,,,,,,,,255,3913,,,,,,,,
rtl,parser_ticket_we,,1524646000,,,,,,688864,,,,,,,,0,0,,,,,,,,,,,,,,,194208,0,,,,,,,,,,,,,,1551,3913,,,,,,,,
rtl,parser_ticket_we,,1524646000,,,,,,688866,,,,,,,,0,0,,,,,,,,,,,,,,,193664,0,,,,,,,,,,,,,,623,3879,,,,,,,,
tlm,ingress_preaccept,381162,1524648000,93,93,,,1,,,,,,,,,,,,,,,,,,,,,,,,,194528,0,,1672,,,,,,,,,2,,1,,,,,,,,,,
tlm,ticket_enqueue,381162,1524648000,93,93,,,1,,,,,,,,,,,,,,,,,,,,,,,,,194528,0,body,1672,1671,,,,,,,,2,2,,,,,,,,,,,
rtl,parser_ticket_we,,1524650000,,,,,,688876,,,,,,,,0,0,,,,,,,,,,,,,,,193680,0,,,,,,,,,,,,,,623,3880,,,,,,,,
rtl,parser_ticket_we,,1524650000,,,,,,688878,,,,,,,,0,0,,,,,,,,,,,,,,,194224,0,,,,,,,,,,,,,,1551,3914,,,,,,,,
rtl,parser_ticket_we,,1524650000,,,,,,688879,,,,,,,,0,0,,,,,,,,,,,,,,,194224,0,,,,,,,,,,,,,,110,3914,,,,,,,,
tlm,ingress_preaccept,381163,1524652000,93,93,,,1,,,,,,,,,,,,,,,,,,,,,,,,,194544,0,,1671,,,,,,,,,2,,1,,,,,,,,,,
tlm,ticket_enqueue,381163,1524652000,93,93,,,1,,,,,,,,,,,,,,,,,,,,,,,,,194544,0,body,1671,1670,,,,,,,,2,2,,,,,,,,,,,
rtl,parser_ticket_we,,1524654000,,,,,,688885,,,,,,,,0,0,,,,,,,,,,,,,,,194240,0,,,,,,,,,,,,,,110,3915,,,,,,,,
rtl,parser_ticket_we,,1524654000,,,,,,688886,,,,,,,,0,0,,,,,,,,,,,,,,,194240,0,,,,,,,,,,,,,,1551,3915,,,,,,,,
rtl,parser_ticket_we,,1524654000,,,,,,688888,,,,,,,,0,0,,,,,,,,,,,,,,,193696,0,,,,,,,,,,,,,,623,3881,,,,,,,,
rtl,parser_ticket_we,,1524658000,,,,,,688894,,,,,,,,0,0,,,,,,,,,,,,,,,193712,0,,,,,,,,,,,,,,623,3882,,,,,,,,
rtl,parser_ticket_we,,1524658000,,,,,,688896,,,,,,,,0,0,,,,,,,,,,,,,,,194256,0,,,,,,,,,,,,,,1551,3916,,,,,,,,
rtl,parser_ticket_we,,1524658000,,,,,,688897,,,,,,,,0,0,,,,,,,,,,,,,,,194256,0,,,,,,,,,,,,,,110,3916,,,,,,,,
rtl,parser_ticket_we,,1524662000,,,,,,688903,,,,,,,,0,0,,,,,,,,,,,,,,,194272,0,,,,,,,,,,,,,,1551,3917,,,,,,,,
rtl,parser_ticket_we,,1524662000,,,,,,688905,,,,,,,,0,0,,,,,,,,,,,,,,,193728,0,,,,,,,,,,,,,,623,3883,,,,,,,,
rtl,parser_ticket_we,,1524666000,,,,,,688911,,,,,,,,0,0,,,,,,,,,,,,,,,193744,0,,,,,,,,,,,,,,623,3884,,,,,,,,
rtl,parser_ticket_we,,1524666000,,,,,,688913,,,,,,,,0,0,,,,,,,,,,,,,,,194288,0,,,,,,,,,,,,,,1551,3918,,,,,,,,
rtl,parser_ticket_we,,1524670000,,,,,,688918,,,,,,,,0,0,,,,,,,,,,,,,,,194304,0,,,,,,,,,,,,,,1551,3919,,,,,,,,
rtl,parser_ticket_we,,1524670000,,,,,,688920,,,,,,,,0,0,,,,,,,,,,,,,,,193760,0,,,,,,,,,,,,,,623,3885,,,,,,,,
rtl,credit_return,,1524674000,,,,,1,688926,,,,,,,,,,,,,,,,,,,,,,,,,17,mover_done,,,,,,,,12,,,,,,,,,,,,,,
rtl,parser_ticket_we,,1524674000,,,,,,688927,,,,,,,,0,0,,,,,,,,,,,,,,,194320,0,,,,,,,,,,,,,,1551,3920,,,,,,,,
rtl,credit_return,,1524678000,,,,,1,688933,,,,,,,,,,,,,,,,,,,,,,,,,17,credit_return,,,,,,,,12,,,,,,,,,,,,,,
rtl,parser_ticket_we,,1524678000,,,,,,688931,,,,,,,,0,0,,,,,,,,,,,,,,,194336,0,,,,,,,,,,,,,,1551,3921,,,,,,,,
rtl,controlled_ingress_predrop,,1524682000,,93,,,1,688937,,,,,,,,,,,,,,,,,,,,,,,,193776,,,,,,,,,,,,,,,,,,34,1718,1,17,1,1,17
rtl,parser_ticket_we,,1524682000,,,,,,688935,,,,,,,,0,0,,,,,,,,,,,,,,,194352,0,,,,,,,,,,,,,,1551,3922,,,,,,,,
rtl,parser_ticket_we,,1524686000,,,,,,688939,,,,,,,,0,0,,,,,,,,,,,,,,,194368,0,,,,,,,,,,,,,,1551,3923,,,,,,,,
rtl,allocator_decision,,1524690000,,,156048,,,688942,,,,,,,,,,,,idle_to_fetch,15,15,15,15,0,0,0,0,11,,,,,,,,,,,,,,,,,,,,,,,,,,,
rtl,parser_ticket_we,,1524690000,,,,,,688947,,,,,,,,0,0,,,,,,,,,,,,,,,194384,0,,,,,,,,,,,,,,1551,3924,,,,,,,,
rtl,parser_ticket_we,,1524694000,,,,,,688950,,,,,,,,0,0,,,,,,,,,,,,,,,194400,0,,,,,,,,,,,,,,1551,3925,,,,,,,,
rtl,parser_ticket_we,,1524702000,,,,,,688955,,,,,,,,0,0,,,,,,,,,,,,,,,193616,17,,,,,,,,,,,,,,719,3876,,,,,,,,
tlm,allocator_fetch,381176,1524704000,75,75,156016,,,,,,,,,,,,,,,,,,,,,,,,,23,15,,,,,,,,,,,,,,,,,,,,,,,,,
tlm,allocator_lane_action,381176,1524704000,75,75,156016,,0,,empty,,,,,,,,,,,,,,,,,,,,,,,156016,0,,,,,,,,,,,,,,,,,,,,,,,
tlm,ticket_enqueue,381176,1524704000,93,93,,,3,,,,,,,,,,,,,,,,,,,,,,,,,194496,17,body,1672,1671,,,,,,,,461,444,,,,,,,,,,,
tlm,ticket_pop,381176,1524704000,75,75,,,0,,,,,,,,,,,,,,,,,,,,,,,,,156016,0,body,1668,1669,,,,,,,,,,,,,,,,,,,,
tlm,ticket_pop,381176,1524704000,75,75,,,1,,,,,,,,,,,,,,,,,,,,,,,,,156016,17,body,1670,1671,,,,,,,,,,,,,,,,,,,,
tlm,ticket_pop,381176,1524704000,75,75,,,2,,,,,,,,,,,,,,,,,,,,,,,,,156016,0,body,1668,1669,,,,,,,,,,,,,,,,,,,,
tlm,ticket_pop,381176,1524704000,75,75,,,3,,,,,,,,,,,,,,,,,,,,,,,,,156016,0,body,1671,1672,,,,,,,,,,,,,,,,,,,,
rtl,parser_ticket_we,,1524706000,,,,,,688957,,,,,,,,0,0,,,,,,,,,,,,,,,193632,0,,,,,,,,,,,,,,736,3877,,,,,,,,
tlm,ingress_preaccept,381177,1524708000,93,93,,,3,,,,,,,,,,,,,,,,,,,,,,,,,194512,0,,1672,,,,,,,,,444,,443,,,,,,,,,,
tlm,ticket_enqueue,381177,1524708000,93,93,,,3,,,,,,,,,,,,,,,,,,,,,,,,,194512,0,body,1672,1671,,,,,,,,444,444,,,,,,,,,,,
rtl,parser_ticket_we,,1524710000,,,,,,688960,,,,,,,,0,0,,,,,,,,,,,,,,,193648,0,,,,,,,,,,,,,,736,3878,,,,,,,,
tlm,handle_accept,381178,1524712000,75,75,156016,,1,,,,,,,,,,,,,,,,,,,,,,,,,156016,17,,,,,,,,149,,1,,,,,,,,,,,,,
tlm,ingress_preaccept,381178,1524712000,93,93,,,3,,,,,,,,,,,,,,,,,,,,,,,,,194528,0,,1671,,,,,,,,,444,,443,,,,,,,,,,
tlm,ticket_enqueue,381178,1524712000,93,93,,,3,,,,,,,,,,,,,,,,,,,,,,,,,194528,0,body,1671,1670,,,,,,,,444,444,,,,,,,,,,,
rtl,parser_ticket_we,,1524714000,,,,,,688963,,,,,,,,0,0,,,,,,,,,,,,,,,193664,0,,,,,,,,,,,,,,736,3879,,,,,,,,
tlm,ingress_preaccept,381179,1524716000,93,93,,,3,,,,,,,,,,,,,,,,,,,,,,,,,194544,0,,1670,,,,,,,,,444,,443,,,,,,,,,,
tlm,ticket_enqueue,381179,1524716000,93,93,,,3,,,,,,,,,,,,,,,,,,,,,,,,,194544,0,body,1670,1669,,,,,,,,444,444,,,,,,,,,,,
rtl,parser_ticket_we,,1524718000,,,,,,688966,,,,,,,,0,0,,,,,,,,,,,,,,,193680,0,,,,,,,,,,,,,,736,3880,,,,,,,,
tlm,allocator_lane_action,381180,1524720000,75,75,156016,,2,,empty,,,,,,,,,,,,,,,,,,,,,,,156016,0,,,,,,,,,,,,,,,,,,,,,,,
rtl,parser_ticket_we,,1524722000,,,,,,688969,,,,,,,,0,0,,,,,,,,,,,,,,,193696,0,,,,,,,,,,,,,,736,3881,,,,,,,,
rtl,parser_ticket_we,,1524726000,,,,,,688972,,,,,,,,0,0,,,,,,,,,,,,,,,193712,0,,,,,,,,,,,,,,736,3882,,,,,,,,
tlm,allocator_lane_action,381182,1524728000,75,75,156016,,3,,empty,,,,,,,,,,,,,,,,,,,,,,,156016,0,,,,,,,,,,,,,,,,,,,,,,,
rtl,parser_ticket_we,,1524730000,,,,,,688975,,,,,,,,0,0,,,,,,,,,,,,,,,194272,17,,,,,,,,,,,,,,110,3917,,,,,,,,
rtl,parser_ticket_we,,1524730000,,,,,,688976,,,,,,,,0,0,,,,,,,,,,,,,,,193728,0,,,,,,,,,,,,,,736,3883,,,,,,,,
rtl,parser_ticket_we,,1524734000,,,,,,688979,,,,,,,,0,0,,,,,,,,,,,,,,,193744,0,,,,,,,,,,,,,,736,3884,,,,,,,,
rtl,parser_ticket_we,,1524734000,,,,,,688980,,,,,,,,0,0,,,,,,,,,,,,,,,194288,0,,,,,,,,,,,,,,121,3918,,,,,,,,
rtl,parser_ticket_we,,1524738000,,,,,,688984,,,,,,,,0,0,,,,,,,,,,,,,,,194304,0,,,,,,,,,,,,,,121,3919,,,,,,,,
rtl,parser_ticket_we,,1524738000,,,,,,688985,,,,,,,,0,0,,,,,,,,,,,,,,,193760,0,,,,,,,,,,,,,,736,3885,,,,,,,,
rtl,parser_ticket_we,,1524742000,,,,,,688989,,,,,,,,0,0,,,,,,,,,,,,,,,193776,0,,,,,,,,,,,,,,736,3886,,,,,,,,
rtl,parser_ticket_we,,1524742000,,,,,,688990,,,,,,,,0,0,,,,,,,,,,,,,,,194320,0,,,,,,,,,,,,,,121,3920,,,,,,,,
rtl,parser_ticket_we,,1524746000,,,,,,688994,,,,,,,,0,0,,,,,,,,,,,,,,,193792,0,,,,,,,,,,,,,,623,3886,,,,,,,,
rtl,parser_ticket_we,,1524746000,,,,,,688995,,,,,,,,0,0,,,,,,,,,,,,,,,194336,0,,,,,,,,,,,,,,121,3921,,,,,,,,
rtl,parser_ticket_we,,1524746000,,,,,,688996,,,,,,,,0,0,,,,,,,,,,,,,,,193792,0,,,,,,,,,,,,,,736,3887,,,,,,,,
rtl,allocator_lane_action,,1524750000,,,,,0,689004,2,0,1,0,156048,0,75,0,0,1,0,,,,,,,,,,,,,,,,,,,,,,,,,,,,,,,,,,,,,
rtl,allocator_lane_action,,1524750000,,,,,1,689005,2,0,1,0,156048,0,75,0,0,1,0,,,,,,,,,,,,,,,,,,,,,,,,,,,,,,,,,,,,,
rtl,allocator_lane_action,,1524750000,,,,,2,689006,2,0,1,0,156048,0,75,0,0,1,0,,,,,,,,,,,,,,,,,,,,,,,,,,,,,,,,,,,,,
rtl,allocator_lane_action,,1524750000,,,,,3,689007,2,0,1,0,156048,0,75,0,0,1,0,,,,,,,,,,,,,,,,,,,,,,,,,,,,,,,,,,,,,
rtl,parser_ticket_we,,1524750000,,,,,,689001,,,,,,,,0,0,,,,,,,,,,,,,,,193808,0,,,,,,,,,,,,,,736,3888,,,,,,,,
rtl,parser_ticket_we,,1524750000,,,,,,689002,,,,,,,,0,0,,,,,,,,,,,,,,,194352,0,,,,,,,,,,,,,,121,3922,,,,,,,,
rtl,parser_ticket_we,,1524750000,,,,,,689008,,,,,,,,0,0,,,,,,,,,,,,,,,193808,0,,,,,,,,,,,,,,623,3887,,,,,,,,
rtl,parser_ticket_we,,1524754000,,,,,,689013,,,,,,,,0,0,,,,,,,,,,,,,,,193824,0,,,,,,,,,,,,,,623,3888,,,,,,,,
rtl,parser_ticket_we,,1524754000,,,,,,689014,,,,,,,,0,0,,,,,,,,,,,,,,,194368,0,,,,,,,,,,,,,,121,3923,,,,,,,,
rtl,parser_ticket_we,,1524754000,,,,,,689015,,,,,,,,0,0,,,,,,,,,,,,,,,193824,0,,,,,,,,,,,,,,736,3889,,,,,,,,
rtl,parser_ticket_we,,1524758000,,,,,,689020,,,,,,,,0,0,,,,,,,,,,,,,,,193840,0,,,,,,,,,,,,,,736,3890,,,,,,,,
rtl,parser_ticket_we,,1524758000,,,,,,689021,,,,,,,,0,0,,,,,,,,,,,,,,,194384,0,,,,,,,,,,,,,,121,3924,,,,,,,,
rtl,parser_ticket_we,,1524758000,,,,,,689022,,,,,,,,0,0,,,,,,,,,,,,,,,193840,0,,,,,,,,,,,,,,623,3889,,,,,,,,
rtl,parser_ticket_we,,1524762000,,,,,,689027,,,,,,,,0,0,,,,,,,,,,,,,,,193856,0,,,,,,,,,,,,,,623,3890,,,,,,,,
rtl,parser_ticket_we,,1524762000,,,,,,689028,,,,,,,,0,0,,,,,,,,,,,,,,,194400,0,,,,,,,,,,,,,,121,3925,,,,,,,,
rtl,parser_ticket_we,,1524762000,,,,,,689029,,,,,,,,0,0,,,,,,,,,,,,,,,193856,0,,,,,,,,,,,,,,736,3891,,,,,,,,
rtl,parser_ticket_we,,1524766000,,,,,,689034,,,,,,,,0,0,,,,,,,,,,,,,,,194416,17,,,,,,,,,,,,,,1551,3926,,,,,,,,
rtl,parser_ticket_we,,1524766000,,,,,,689035,,,,,,,,0,0,,,,,,,,,,,,,,,193872,0,,,,,,,,,,,,,,736,3892,,,,,,,,
rtl,parser_ticket_we,,1524766000,,,,,,689036,,,,,,,,0,0,,,,,,,,,,,,,,,194416,0,,,,,,,,,,,,,,121,3926,,,,,,,,
rtl,parser_ticket_we,,1524766000,,,,,,689037,,,,,,,,0,0,,,,,,,,,,,,,,,193872,0,,,,,,,,,,,,,,623,3891,,,,,,,,
rtl,parser_ticket_we,,1524770000,,,,,,689042,,,,,,,,0,0,,,,,,,,,,,,,,,193888,0,,,,,,,,,,,,,,623,3892,,,,,,,,
rtl,parser_ticket_we,,1524770000,,,,,,689043,,,,,,,,0,0,,,,,,,,,,,,,,,194432,0,,,,,,,,,,,,,,121,3927,,,,,,,,
rtl,parser_ticket_we,,1524770000,,,,,,689044,,,,,,,,0,0,,,,,,,,,,,,,,,193888,0,,,,,,,,,,,,,,736,3893,,,,,,,,
rtl,parser_ticket_we,,1524770000,,,,,,689045,,,,,,,,0,0,,,,,,,,,,,,,,,194432,0,,,,,,,,,,,,,,620,3927,,,,,,,,
rtl,parser_ticket_we,,1524774000,,,,,,689051,,,,,,,,0,0,,,,,,,,,,,,,,,194448,0,,,,,,,,,,,,,,620,3928,,,,,,,,
rtl,parser_ticket_we,,1524774000,,,,,,689052,,,,,,,,0,0,,,,,,,,,,,,,,,193904,0,,,,,,,,,,,,,,736,3894,,,,,,,,
rtl,parser_ticket_we,,1524774000,,,,,,689053,,,,,,,,0,0,,,,,,,,,,,,,,,194448,0,,,,,,,,,,,,,,121,3928,,,,,,,,
rtl,parser_ticket_we,,1524774000,,,,,,689054,,,,,,,,0,0,,,,,,,,,,,,,,,193904,0,,,,,,,,,,,,,,623,3893,,,,,,,,
rtl,parser_ticket_we,,1524778000,,,,,,689060,,,,,,,,0,0,,,,,,,,,,,,,,,193920,0,,,,,,,,,,,,,,623,3894,,,,,,,,
rtl,parser_ticket_we,,1524778000,,,,,,689061,,,,,,,,0,0,,,,,,,,,,,,,,,194464,0,,,,,,,,,,,,,,121,3929,,,,,,,,
rtl,parser_ticket_we,,1524778000,,,,,,689062,,,,,,,,0,0,,,,,,,,,,,,,,,193920,0,,,,,,,,,,,,,,736,3895,,,,,,,,
rtl,parser_ticket_we,,1524778000,,,,,,689063,,,,,,,,0,0,,,,,,,,,,,,,,,194464,0,,,,,,,,,,,,,,620,3929,,,,,,,,
rtl,parser_ticket_we,,1524782000,,,,,,689069,,,,,,,,0,0,,,,,,,,,,,,,,,194480,0,,,,,,,,,,,,,,620,3930,,,,,,,,
rtl,parser_ticket_we,,1524782000,,,,,,689070,,,,,,,,0,0,,,,,,,,,,,,,,,193936,0,,,,,,,,,,,,,,736,3896,,,,,,,,
rtl,parser_ticket_we,,1524782000,,,,,,689071,,,,,,,,0,0,,,,,,,,,,,,,,,194480,0,,,,,,,,,,,,,,121,3930,,,,,,,,
rtl,parser_ticket_we,,1524782000,,,,,,689072,,,,,,,,0,0,,,,,,,,,,,,,,,193936,0,,,,,,,,,,,,,,623,3895,,,,,,,,
tlm,credit_return,381196,1524784000,75,75,,,1,,,,,,,,,,,,,,,,,,,,,,,,,156016,17,,,,,,,,,,0,2,19,,,,,,,,,,,
rtl,parser_ticket_we,,1524786000,,,,,,689078,,,,,,,,0,0,,,,,,,,,,,,,,,194496,0,,,,,,,,,,,,,,121,3931,,,,,,,,
rtl,parser_ticket_we,,1524786000,,,,,,689079,,,,,,,,0,0,,,,,,,,,,,,,,,193952,0,,,,,,,,,,,,,,736,3897,,,,,,,,
rtl,parser_ticket_we,,1524786000,,,,,,689080,,,,,,,,0,0,,,,,,,,,,,,,,,194496,0,,,,,,,,,,,,,,620,3931,,,,,,,,
rtl,parser_ticket_we,,1524790000,,,,,,689086,,,,,,,,0,0,,,,,,,,,,,,,,,194512,0,,,,,,,,,,,,,,620,3932,,,,,,,,
rtl,parser_ticket_we,,1524790000,,,,,,689087,,,,,,,,0,0,,,,,,,,,,,,,,,193968,0,,,,,,,,,,,,,,736,3898,,,,,,,,
rtl,allocator_decision,,1524794000,,,156064,,,689092,,,,,,,,,,,,idle_to_fetch,15,15,15,15,0,0,0,0,3,,,,,,,,,,,,,,,,,,,,,,,,,,,
rtl,parser_ticket_we,,1524794000,,,,,,689097,,,,,,,,0,0,,,,,,,,,,,,,,,193984,0,,,,,,,,,,,,,,736,3899,,,,,,,,
rtl,parser_ticket_we,,1524794000,,,,,,689098,,,,,,,,0,0,,,,,,,,,,,,,,,194528,0,,,,,,,,,,,,,,620,3933,,,,,,,,
rtl,parser_ticket_we,,1524798000,,,,,,689102,,,,,,,,0,0,,,,,,,,,,,,,,,194544,0,,,,,,,,,,,,,,620,3934,,,,,,,,
rtl,parser_ticket_we,,1524798000,,,,,,689103,,,,,,,,0,0,,,,,,,,,,,,,,,194000,0,,,,,,,,,,,,,,736,3900,,,,,,,,
rtl,parser_ticket_we,,1524802000,,,,,,689107,,,,,,,,0,0,,,,,,,,,,,,,,,194016,0,,,,,,,,,,,,,,736,3901,,,,,,,,
tlm,allocator_fetch,381203,1524812000,75,75,156032,,,,,,,,,,,,,,,,,,,,,,,,,24,15,,,,,,,,,,,,,,,,,,,,,,,,,
tlm,allocator_lane_action,381203,1524812000,75,75,156032,,0,,empty,,,,,,,,,,,,,,,,,,,,,,,156032,0,,,,,,,,,,,,,,,,,,,,,,,
tlm,ticket_pop,381203,1524812000,75,75,,,0,,,,,,,,,,,,,,,,,,,,,,,,,156032,0,body,1669,1670,,,,,,,,,,,,,,,,,,,,
tlm,ticket_pop,381203,1524812000,75,75,,,1,,,,,,,,,,,,,,,,,,,,,,,,,156032,0,body,1671,1672,,,,,,,,,,,,,,,,,,,,
tlm,ticket_pop,381203,1524812000,75,75,,,2,,,,,,,,,,,,,,,,,,,,,,,,,156032,0,body,1669,1670,,,,,,,,,,,,,,,,,,,,
tlm,ticket_pop,381203,1524812000,75,75,,,3,,,,,,,,,,,,,,,,,,,,,,,,,156032,0,body,1669,1670,,,,,,,,,,,,,,,,,,,,
tlm,allocator_lane_action,381205,1524820000,75,75,156032,,1,,empty,,,,,,,,,,,,,,,,,,,,,,,156032,0,,,,,,,,,,,,,,,,,,,,,,,
tlm,allocator_lane_action,381207,1524828000,75,75,156032,,2,,empty,,,,,,,,,,,,,,,,,,,,,,,156032,0,,,,,,,,,,,,,,,,,,,,,,,
tlm,allocator_lane_action,381209,1524836000,75,75,156032,,3,,empty,,,,,,,,,,,,,,,,,,,,,,,156032,0,,,,,,,,,,,,,,,,,,,,,,,
rtl,allocator_lane_action,,1524854000,,,,,0,689125,2,0,1,0,156064,0,75,0,0,1,0,,,,,,,,,,,,,,,,,,,,,,,,,,,,,,,,,,,,,
rtl,allocator_lane_action,,1524854000,,,,,1,689126,2,0,1,0,156064,0,75,0,0,1,0,,,,,,,,,,,,,,,,,,,,,,,,,,,,,,,,,,,,,
rtl,allocator_lane_action,,1524854000,,,,,2,689127,2,0,1,0,156064,0,75,0,0,1,0,,,,,,,,,,,,,,,,,,,,,,,,,,,,,,,,,,,,,
rtl,allocator_lane_action,,1524854000,,,,,3,689128,2,0,1,0,156064,0,75,0,0,1,0,,,,,,,,,,,,,,,,,,,,,,,,,,,,,,,,,,,,,
rtl,parser_ticket_we,,1524854000,,,,,,689123,,,,,,,,0,0,,,,,,,,,,,,,,,193952,17,,,,,,,,,,,,,,623,3896,,,,,,,,
rtl,parser_ticket_we,,1524858000,,,,,,689130,,,,,,,,0,0,,,,,,,,,,,,,,,194512,17,,,,,,,,,,,,,,121,3932,,,,,,,,
rtl,parser_ticket_we,,1524858000,,,,,,689131,,,,,,,,0,0,,,,,,,,,,,,,,,193968,0,,,,,,,,,,,,,,280,3897,,,,,,,,
rtl,parser_ticket_we,,1524862000,,,,,,689134,,,,,,,,0,0,,,,,,,,,,,,,,,193984,0,,,,,,,,,,,,,,280,3898,,,,,,,,
rtl,parser_ticket_we,,1524862000,,,,,,689135,,,,,,,,0,0,,,,,,,,,,,,,,,194528,0,,,,,,,,,,,,,,132,3933,,,,,,,,
rtl,parser_ticket_we,,1524866000,,,,,,689139,,,,,,,,0,0,,,,,,,,,,,,,,,194544,0,,,,,,,,,,,,,,132,3934,,,,,,,,
rtl,parser_ticket_we,,1524866000,,,,,,689140,,,,,,,,0,0,,,,,,,,,,,,,,,194000,0,,,,,,,,,,,,,,280,3899,,,,,,,,
rtl,parser_ticket_we,,1524870000,,,,,,689144,,,,,,,,0,0,,,,,,,,,,,,,,,194016,0,,,,,,,,,,,,,,280,3900,,,,,,,,
rtl,parser_ticket_we,,1524874000,,,,,,689147,,,,,,,,0,0,,,,,,,,,,,,,,,194032,17,,,,,,,,,,,,,,736,3902,,,,,,,,
rtl,parser_ticket_we,,1524874000,,,,,,689148,,,,,,,,0,0,,,,,,,,,,,,,,,194032,0,,,,,,,,,,,,,,280,3901,,,,,,,,
rtl,parser_ticket_we,,1524878000,,,,,,689151,,,,,,,,0,0,,,,,,,,,,,,,,,194048,0,,,,,,,,,,,,,,280,3902,,,,,,,,
rtl,parser_ticket_we,,1524878000,,,,,,689152,,,,,,,,0,0,,,,,,,,,,,,,,,194048,0,,,,,,,,,,,,,,753,3903,,,,,,,,
rtl,parser_ticket_we,,1524882000,,,,,,689156,,,,,,,,0,0,,,,,,,,,,,,,,,194064,0,,,,,,,,,,,,,,753,3904,,,,,,,,
rtl,parser_ticket_we,,1524882000,,,,,,689157,,,,,,,,0,0,,,,,,,,,,,,,,,194064,0,,,,,,,,,,,,,,280,3903,,,,,,,,
rtl,parser_ticket_we,,1524886000,,,,,,689161,,,,,,,,0,0,,,,,,,,,,,,,,,194080,0,,,,,,,,,,,,,,280,3904,,,,,,,,
rtl,parser_ticket_we,,1524886000,,,,,,689162,,,,,,,,0,0,,,,,,,,,,,,,,,194080,0,,,,,,,,,,,,,,753,3905,,,,,,,,
rtl,parser_ticket_we,,1524890000,,,,,,689166,,,,,,,,0,0,,,,,,,,,,,,,,,194096,0,,,,,,,,,,,,,,753,3906,,,,,,,,
rtl,parser_ticket_we,,1524890000,,,,,,689167,,,,,,,,0,0,,,,,,,,,,,,,,,194096,0,,,,,,,,,,,,,,280,3905,,,,,,,,
rtl,parser_ticket_we,,1524894000,,,,,,689171,,,,,,,,0,0,,,,,,,,,,,,,,,194112,0,,,,,,,,,,,,,,280,3906,,,,,,,,
rtl,parser_ticket_we,,1524894000,,,,,,689172,,,,,,,,0,0,,,,,,,,,,,,,,,194112,0,,,,,,,,,,,,,,753,3907,,,,,,,,
rtl,allocator_decision,,1524898000,,,156080,,,689176,,,,,,,,,,,,idle_to_fetch,15,15,15,15,0,0,0,0,0,,,,,,,,,,,,,,,,,,,,,,,,,,,
rtl,parser_ticket_we,,1524898000,,,,,,689181,,,,,,,,0,0,,,,,,,,,,,,,,,194128,0,,,,,,,,,,,,,,753,3908,,,,,,,,
rtl,parser_ticket_we,,1524898000,,,,,,689182,,,,,,,,0,0,,,,,,,,,,,,,,,194128,0,,,,,,,,,,,,,,280,3907,,,,,,,,
rtl,parser_ticket_we,,1524902000,,,,,,689186,,,,,,,,0,0,,,,,,,,,,,,,,,194144,0,,,,,,,,,,,,,,280,3908,,,,,,,,
rtl,parser_ticket_we,,1524902000,,,,,,689187,,,,,,,,0,0,,,,,,,,,,,,,,,194144,0,,,,,,,,,,,,,,753,3909,,,,,,,,
rtl,parser_ticket_we,,1524906000,,,,,,689191,,,,,,,,0,0,,,,,,,,,,,,,,,194160,0,,,,,,,,,,,,,,753,3910,,,,,,,,
rtl,parser_ticket_we,,1524906000,,,,,,689192,,,,,,,,0,0,,,,,,,,,,,,,,,194160,0,,,,,,,,,,,,,,280,3909,,,,,,,,
rtl,parser_ticket_we,,1524910000,,,,,,689196,,,,,,,,0,0,,,,,,,,,,,,,,,194176,0,,,,,,,,,,,,,,280,3910,,,,,,,,
rtl,parser_ticket_we,,1524910000,,,,,,689197,,,,,,,,0,0,,,,,,,,,,,,,,,194176,0,,,,,,,,,,,,,,753,3911,,,,,,,,
rtl,parser_ticket_we,,1524914000,,,,,,689201,,,,,,,,0,0,,,,,,,,,,,,,,,194192,0,,,,,,,,,,,,,,753,3912,,,,,,,,
rtl,parser_ticket_we,,1524914000,,,,,,689202,,,,,,,,0,0,,,,,,,,,,,,,,,194192,0,,,,,,,,,,,,,,280,3911,,,,,,,,
tlm,allocator_fetch,381229,1524916000,75,75,156048,,,,,,,,,,,,,,,,,,,,,,,,,25,15,,,,,,,,,,,,,,,,,,,,,,,,,
tlm,allocator_lane_action,381229,1524916000,75,75,156048,,0,,empty,,,,,,,,,,,,,,,,,,,,,,,156048,0,,,,,,,,,,,,,,,,,,,,,,,
tlm,ticket_pop,381229,1524916000,75,75,,,0,,,,,,,,,,,,,,,,,,,,,,,,,156048,0,body,1670,1671,,,,,,,,,,,,,,,,,,,,
tlm,ticket_pop,381229,1524916000,75,75,,,1,,,,,,,,,,,,,,,,,,,,,,,,,156048,0,body,1672,1673,,,,,,,,,,,,,,,,,,,,
tlm,ticket_pop,381229,1524916000,75,75,,,2,,,,,,,,,,,,,,,,,,,,,,,,,156048,0,body,1670,1671,,,,,,,,,,,,,,,,,,,,
tlm,ticket_pop,381229,1524916000,75,75,,,3,,,,,,,,,,,,,,,,,,,,,,,,,156048,0,body,1670,1671,,,,,,,,,,,,,,,,,,,,
rtl,parser_ticket_we,,1524918000,,,,,,689206,,,,,,,,0,0,,,,,,,,,,,,,,,194208,0,,,,,,,,,,,,,,280,3912,,,,,,,,
rtl,parser_ticket_we,,1524918000,,,,,,689207,,,,,,,,0,0,,,,,,,,,,,,,,,194208,0,,,,,,,,,,,,,,753,3913,,,,,,,,
rtl,parser_ticket_we,,1524922000,,,,,,689211,,,,,,,,0,0,,,,,,,,,,,,,,,194224,0,,,,,,,,,,,,,,753,3914,,,,,,,,
rtl,parser_ticket_we,,1524922000,,,,,,689212,,,,,,,,0,0,,,,,,,,,,,,,,,194224,0,,,,,,,,,,,,,,280,3913,,,,,,,,
tlm,allocator_lane_action,381231,1524924000,75,75,156048,,1,,empty,,,,,,,,,,,,,,,,,,,,,,,156048,0,,,,,,,,,,,,,,,,,,,,,,,
rtl,parser_ticket_we,,1524926000,,,,,,689216,,,,,,,,0,0,,,,,,,,,,,,,,,194240,0,,,,,,,,,,,,,,280,3914,,,,,,,,
rtl,parser_ticket_we,,1524926000,,,,,,689217,,,,,,,,0,0,,,,,,,,,,,,,,,194240,0,,,,,,,,,,,,,,753,3915,,,,,,,,
rtl,parser_ticket_we,,1524930000,,,,,,689221,,,,,,,,0,0,,,,,,,,,,,,,,,194256,0,,,,,,,,,,,,,,753,3916,,,,,,,,
rtl,parser_ticket_we,,1524930000,,,,,,689222,,,,,,,,0,0,,,,,,,,,,,,,,,194256,0,,,,,,,,,,,,,,280,3915,,,,,,,,
tlm,allocator_lane_action,381233,1524932000,75,75,156048,,2,,empty,,,,,,,,,,,,,,,,,,,,,,,156048,0,,,,,,,,,,,,,,,,,,,,,,,
rtl,parser_ticket_we,,1524934000,,,,,,689226,,,,,,,,0,0,,,,,,,,,,,,,,,194272,0,,,,,,,,,,,,,,280,3916,,,,,,,,
rtl,parser_ticket_we,,1524934000,,,,,,689227,,,,,,,,0,0,,,,,,,,,,,,,,,194272,0,,,,,,,,,,,,,,753,3917,,,,,,,,
rtl,parser_ticket_we,,1524938000,,,,,,689231,,,,,,,,0,0,,,,,,,,,,,,,,,194288,0,,,,,,,,,,,,,,753,3918,,,,,,,,
rtl,parser_ticket_we,,1524938000,,,,,,689232,,,,,,,,0,0,,,,,,,,,,,,,,,194288,0,,,,,,,,,,,,,,280,3917,,,,,,,,
tlm,allocator_lane_action,381235,1524940000,75,75,156048,,3,,empty,,,,,,,,,,,,,,,,,,,,,,,156048,0,,,,,,,,,,,,,,,,,,,,,,,
rtl,parser_ticket_we,,1524942000,,,,,,689236,,,,,,,,0,0,,,,,,,,,,,,,,,194304,0,,,,,,,,,,,,,,280,3918,,,,,,,,
rtl,parser_ticket_we,,1524942000,,,,,,689237,,,,,,,,0,0,,,,,,,,,,,,,,,194304,0,,,,,,,,,,,,,,753,3919,,,,,,,,
rtl,parser_ticket_we,,1524946000,,,,,,689241,,,,,,,,0,0,,,,,,,,,,,,,,,194320,0,,,,,,,,,,,,,,753,3920,,,,,,,,
rtl,parser_ticket_we,,1524946000,,,,,,689242,,,,,,,,0,0,,,,,,,,,,,,,,,194320,0,,,,,,,,,,,,,,280,3919,,,,,,,,
rtl,parser_ticket_we,,1524950000,,,,,,689246,,,,,,,,0,0,,,,,,,,,,,,,,,194336,0,,,,,,,,,,,,,,753,3921,,,,,,,,
rtl,parser_ticket_we,,1524954000,,,,,,689250,,,,,,,,0,0,,,,,,,,,,,,,,,194336,1,,,,,,,,,,,,,,280,3920,,,,,,,,
rtl,parser_ticket_we,,1524954000,,,,,,689251,,,,,,,,0,0,,,,,,,,,,,,,,,194352,0,,,,,,,,,,,,,,753,3922,,,,,,,,
rtl,allocator_lane_action,,1524958000,,,,,0,689256,2,0,1,0,156080,0,75,0,0,1,0,,,,,,,,,,,,,,,,,,,,,,,,,,,,,,,,,,,,,
rtl,allocator_lane_action,,1524958000,,,,,1,689257,2,0,1,0,156080,0,75,0,0,1,0,,,,,,,,,,,,,,,,,,,,,,,,,,,,,,,,,,,,,
rtl,allocator_lane_action,,1524958000,,,,,2,689258,2,0,1,0,156080,17,75,0,0,1,0,,,,,,,,,,,,,,,,,,,,,,,,,,,,,,,,,,,,,
rtl,allocator_lane_action,,1524958000,,,,,3,689259,2,0,1,0,156080,0,75,0,0,1,0,,,,,,,,,,,,,,,,,,,,,,,,,,,,,,,,,,,,,
rtl,parser_ticket_we,,1524958000,,,,,,689254,,,,,,,,0,0,,,,,,,,,,,,,,,194368,0,,,,,,,,,,,,,,753,3923,,,,,,,,
rtl,parser_ticket_we,,1524958000,,,,,,689260,,,,,,,,0,0,,,,,,,,,,,,,,,194352,0,,,,,,,,,,,,,,281,3921,,,,,,,,
rtl,parser_ticket_we,,1524962000,,,,,,689264,,,,,,,,0,0,,,,,,,,,,,,,,,194368,0,,,,,,,,,,,,,,281,3922,,,,,,,,
rtl,parser_ticket_we,,1524962000,,,,,,689265,,,,,,,,0,0,,,,,,,,,,,,,,,194384,0,,,,,,,,,,,,,,753,3924,,,,,,,,
rtl,parser_ticket_we,,1524966000,,,,,,689269,,,,,,,,0,0,,,,,,,,,,,,,,,194400,0,,,,,,,,,,,,,,753,3925,,,,,,,,
rtl,parser_ticket_we,,1524966000,,,,,,689270,,,,,,,,0,0,,,,,,,,,,,,,,,194384,0,,,,,,,,,,,,,,281,3923,,,,,,,,
rtl,parser_ticket_we,,1524970000,,,,,,689274,,,,,,,,0,0,,,,,,,,,,,,,,,194400,0,,,,,,,,,,,,,,281,3924,,,,,,,,
rtl,parser_ticket_we,,1524970000,,,,,,689275,,,,,,,,0,0,,,,,,,,,,,,,,,194416,0,,,,,,,,,,,,,,753,3926,,,,,,,,
rtl,parser_ticket_we,,1524974000,,,,,,689279,,,,,,,,0,0,,,,,,,,,,,,,,,194432,0,,,,,,,,,,,,,,753,3927,,,,,,,,
rtl,parser_ticket_we,,1524974000,,,,,,689280,,,,,,,,0,0,,,,,,,,,,,,,,,194416,0,,,,,,,,,,,,,,281,3925,,,,,,,,
rtl,parser_ticket_we,,1524978000,,,,,,689284,,,,,,,,0,0,,,,,,,,,,,,,,,194432,0,,,,,,,,,,,,,,281,3926,,,,,,,,
rtl,parser_ticket_we,,1524978000,,,,,,689285,,,,,,,,0,0,,,,,,,,,,,,,,,194448,0,,,,,,,,,,,,,,753,3928,,,,,,,,
rtl,parser_ticket_we,,1524982000,,,,,,689289,,,,,,,,0,0,,,,,,,,,,,,,,,194464,0,,,,,,,,,,,,,,753,3929,,,,,,,,
rtl,parser_ticket_we,,1524982000,,,,,,689290,,,,,,,,0,0,,,,,,,,,,,,,,,194448,0,,,,,,,,,,,,,,281,3927,,,,,,,,
rtl,handle_accept,,1524986000,,,,,2,689294,,,,,,,,,,,,,,,,,,,,,,,,156080,17,,,,1966,29427,29,1512,0,,,,,,,,,,,,,,,
rtl,parser_ticket_we,,1524986000,,,,,,689295,,,,,,,,0,0,,,,,,,,,,,,,,,194464,0,,,,,,,,,,,,,,281,3928,,,,,,,,
rtl,parser_ticket_we,,1524986000,,,,,,689296,,,,,,,,0,0,,,,,,,,,,,,,,,194480,0,,,,,,,,,,,,,,753,3930,,,,,,,,
rtl,parser_ticket_we,,1524990000,,,,,,689300,,,,,,,,0,0,,,,,,,,,,,,,,,194480,0,,,,,,,,,,,,,,281,3929,,,,,,,,
rtl,parser_ticket_we,,1524994000,,,,,,689305,,,,,,,,0,0,,,,,,,,,,,,,,,194496,0,,,,,,,,,,,,,,281,3930,,,,,,,,
rtl,parser_ticket_we,,1524998000,,,,,,689308,,,,,,,,0,0,,,,,,,,,,,,,,,194512,0,,,,,,,,,,,,,,281,3931,,,,,,,,
rtl,parser_ticket_we,,1525002000,,,,,,689312,,,,,,,,0,0,,,,,,,,,,,,,,,194528,0,,,,,,,,,,,,,,281,3932,,,,,,,,
rtl,allocator_decision,,1525006000,,,156096,,,689315,,,,,,,,,,,,idle_to_fetch,15,15,15,15,0,0,0,0,8,,,,,,,,,,,,,,,,,,,,,,,,,,,
rtl,parser_ticket_we,,1525006000,,,,,,689320,,,,,,,,0,0,,,,,,,,,,,,,,,194544,0,,,,,,,,,,,,,,281,3933,,,,,,,,
tlm,allocator_fetch,381255,1525020000,75,75,156064,,,,,,,,,,,,,,,,,,,,,,,,,26,15,,,,,,,,,,,,,,,,,,,,,,,,,
tlm,allocator_lane_action,381255,1525020000,75,75,156064,,0,,empty,,,,,,,,,,,,,,,,,,,,,,,156064,0,,,,,,,,,,,,,,,,,,,,,,,
tlm,ticket_pop,381255,1525020000,75,75,,,0,,,,,,,,,,,,,,,,,,,,,,,,,156064,0,body,1671,1672,,,,,,,,,,,,,,,,,,,,
tlm,ticket_pop,381255,1525020000,75,75,,,1,,,,,,,,,,,,,,,,,,,,,,,,,156064,0,body,1673,1674,,,,,,,,,,,,,,,,,,,,
tlm,ticket_pop,381255,1525020000,75,75,,,2,,,,,,,,,,,,,,,,,,,,,,,,,156064,0,body,1671,1672,,,,,,,,,,,,,,,,,,,,
tlm,ticket_pop,381255,1525020000,75,75,,,3,,,,,,,,,,,,,,,,,,,,,,,,,156064,0,body,1671,1672,,,,,,,,,,,,,,,,,,,,
tlm,allocator_lane_action,381257,1525028000,75,75,156064,,1,,empty,,,,,,,,,,,,,,,,,,,,,,,156064,0,,,,,,,,,,,,,,,,,,,,,,,
tlm,allocator_lane_action,381259,1525036000,75,75,156064,,2,,empty,,,,,,,,,,,,,,,,,,,,,,,156064,0,,,,,,,,,,,,,,,,,,,,,,,
tlm,allocator_lane_action,381261,1525044000,75,75,156064,,3,,empty,,,,,,,,,,,,,,,,,,,,,,,156064,0,,,,,,,,,,,,,,,,,,,,,,,
rtl,parser_ticket_we,,1525058000,,,,,,689350,,,,,,,,0,0,,,,,,,,,,,,,,,194496,17,,,,,,,,,,,,,,753,3931,,,,,,,,
rtl,parser_ticket_we,,1525062000,,,,,,689355,,,,,,,,0,0,,,,,,,,,,,,,,,194512,0,,,,,,,,,,,,,,302,3932,,,,,,,,
rtl,allocator_lane_action,,1525066000,,,,,0,689362,2,0,1,0,156096,0,75,0,0,1,0,,,,,,,,,,,,,,,,,,,,,,,,,,,,,,,,,,,,,
rtl,allocator_lane_action,,1525066000,,,,,1,689363,2,0,1,0,156096,0,75,0,0,1,0,,,,,,,,,,,,,,,,,,,,,,,,,,,,,,,,,,,,,
rtl,allocator_lane_action,,1525066000,,,,,2,689364,2,0,1,0,156096,0,75,0,0,1,0,,,,,,,,,,,,,,,,,,,,,,,,,,,,,,,,,,,,,
rtl,allocator_lane_action,,1525066000,,,,,3,689365,2,0,1,0,156096,0,75,0,0,1,0,,,,,,,,,,,,,,,,,,,,,,,,,,,,,,,,,,,,,
rtl,parser_ticket_we,,1525066000,,,,,,689359,,,,,,,,0,0,,,,,,,,,,,,,,,194528,0,,,,,,,,,,,,,,302,3933,,,,,,,,
rtl,parser_ticket_we,,1525070000,,,,,,689370,,,,,,,,0,0,,,,,,,,,,,,,,,194544,0,,,,,,,,,,,,,,302,3934,,,,,,,,
rtl,credit_return,,1525098000,,,,,2,689393,,,,,,,,,,,,,,,,,,,,,,,,,17,mover_done,,,,,,,,29,,,,,,,,,,,,,,
rtl,credit_return,,1525102000,,,,,2,689396,,,,,,,,,,,,,,,,,,,,,,,,,17,credit_return,,,,,,,,29,,,,,,,,,,,,,,
rtl,allocator_decision,,1525110000,,,156112,,,689398,,,,,,,,,,,,idle_to_fetch,15,15,15,15,0,0,0,0,0,,,,,,,,,,,,,,,,,,,,,,,,,,,
tlm,allocator_fetch,381281,1525124000,75,75,156080,,,,,,,,,,,,,,,,,,,,,,,,,27,15,,,,,,,,,,,,,,,,,,,,,,,,,
tlm,allocator_lane_action,381281,1525124000,75,75,156080,,0,,empty,,,,,,,,,,,,,,,,,,,,,,,156080,0,,,,,,,,,,,,,,,,,,,,,,,
tlm,ticket_pop,381281,1525124000,75,75,,,0,,,,,,,,,,,,,,,,,,,,,,,,,156080,0,body,1672,1673,,,,,,,,,,,,,,,,,,,,
tlm,ticket_pop,381281,1525124000,75,75,,,1,,,,,,,,,,,,,,,,,,,,,,,,,156080,0,body,1674,1675,,,,,,,,,,,,,,,,,,,,
tlm,ticket_pop,381281,1525124000,75,75,,,2,,,,,,,,,,,,,,,,,,,,,,,,,156080,17,body,1672,1673,,,,,,,,,,,,,,,,,,,,
tlm,ticket_pop,381281,1525124000,75,75,,,3,,,,,,,,,,,,,,,,,,,,,,,,,156080,0,body,1672,1673,,,,,,,,,,,,,,,,,,,,
tlm,allocator_lane_action,381283,1525132000,75,75,156080,,1,,empty,,,,,,,,,,,,,,,,,,,,,,,156080,0,,,,,,,,,,,,,,,,,,,,,,,
tlm,handle_accept,381285,1525140000,75,75,156080,,2,,,,,,,,,,,,,,,,,,,,,,,,,156080,17,,,,,,,,167,,1,,,,,,,,,,,,,
tlm,allocator_lane_action,381287,1525148000,75,75,156080,,3,,empty,,,,,,,,,,,,,,,,,,,,,,,156080,0,,,,,,,,,,,,,,,,,,,,,,,
rtl,allocator_lane_action,,1525170000,,,,,0,689419,2,0,1,0,156112,0,75,0,0,1,0,,,,,,,,,,,,,,,,,,,,,,,,,,,,,,,,,,,,,
rtl,allocator_lane_action,,1525170000,,,,,1,689420,2,0,1,0,156112,0,75,0,0,1,0,,,,,,,,,,,,,,,,,,,,,,,,,,,,,,,,,,,,,
rtl,allocator_lane_action,,1525170000,,,,,2,689421,2,0,1,0,156112,0,75,0,0,1,0,,,,,,,,,,,,,,,,,,,,,,,,,,,,,,,,,,,,,
rtl,allocator_lane_action,,1525170000,,,,,3,689422,2,0,1,0,156112,0,75,0,0,1,0,,,,,,,,,,,,,,,,,,,,,,,,,,,,,,,,,,,,,
tlm,credit_return,381303,1525212000,75,75,,,2,,,,,,,,,,,,,,,,,,,,,,,,,156080,17,,,,,,,,,,0,396,413,,,,,,,,,,,
rtl,allocator_decision,,1525214000,,,156128,,,689434,,,,,,,,,,,,idle_to_fetch,15,15,15,15,0,0,0,0,0,,,,,,,,,,,,,,,,,,,,,,,,,,,
tlm,allocator_fetch,381308,1525232000,75,75,156096,,,,,,,,,,,,,,,,,,,,,,,,,28,15,,,,,,,,,,,,,,,,,,,,,,,,,
tlm,allocator_lane_action,381308,1525232000,75,75,156096,,0,,empty,,,,,,,,,,,,,,,,,,,,,,,156096,0,,,,,,,,,,,,,,,,,,,,,,,
tlm,ticket_pop,381308,1525232000,75,75,,,0,,,,,,,,,,,,,,,,,,,,,,,,,156096,0,body,1673,1674,,,,,,,,,,,,,,,,,,,,
tlm,ticket_pop,381308,1525232000,75,75,,,1,,,,,,,,,,,,,,,,,,,,,,,,,156096,0,body,1675,1676,,,,,,,,,,,,,,,,,,,,
tlm,ticket_pop,381308,1525232000,75,75,,,2,,,,,,,,,,,,,,,,,,,,,,,,,156096,0,body,1673,1674,,,,,,,,,,,,,,,,,,,,
tlm,ticket_pop,381308,1525232000,75,75,,,3,,,,,,,,,,,,,,,,,,,,,,,,,156096,0,body,1673,1674,,,,,,,,,,,,,,,,,,,,
tlm,allocator_lane_action,381310,1525240000,75,75,156096,,1,,empty,,,,,,,,,,,,,,,,,,,,,,,156096,0,,,,,,,,,,,,,,,,,,,,,,,
tlm,allocator_lane_action,381312,1525248000,75,75,156096,,2,,empty,,,,,,,,,,,,,,,,,,,,,,,156096,0,,,,,,,,,,,,,,,,,,,,,,,
tlm,allocator_lane_action,381314,1525256000,75,75,156096,,3,,empty,,,,,,,,,,,,,,,,,,,,,,,156096,0,,,,,,,,,,,,,,,,,,,,,,,
rtl,allocator_lane_action,,1525274000,,,,,0,689455,2,0,1,0,156128,0,75,0,0,1,0,,,,,,,,,,,,,,,,,,,,,,,,,,,,,,,,,,,,,
rtl,allocator_lane_action,,1525274000,,,,,1,689456,2,0,1,0,156128,0,75,0,0,1,0,,,,,,,,,,,,,,,,,,,,,,,,,,,,,,,,,,,,,
rtl,allocator_lane_action,,1525274000,,,,,2,689457,2,0,1,0,156128,0,75,0,0,1,0,,,,,,,,,,,,,,,,,,,,,,,,,,,,,,,,,,,,,
rtl,allocator_lane_action,,1525274000,,,,,3,689458,2,0,1,0,156128,0,75,0,0,1,0,,,,,,,,,,,,,,,,,,,,,,,,,,,,,,,,,,,,,
rtl,allocator_decision,,1525318000,,,156144,,,689470,,,,,,,,,,,,idle_to_fetch,15,15,15,15,0,0,0,0,0,,,,,,,,,,,,,,,,,,,,,,,,,,,
tlm,allocator_fetch,381334,1525336000,75,75,156112,,,,,,,,,,,,,,,,,,,,,,,,,29,15,,,,,,,,,,,,,,,,,,,,,,,,,
tlm,allocator_lane_action,381334,1525336000,75,75,156112,,0,,empty,,,,,,,,,,,,,,,,,,,,,,,156112,0,,,,,,,,,,,,,,,,,,,,,,,
tlm,ticket_pop,381334,1525336000,75,75,,,0,,,,,,,,,,,,,,,,,,,,,,,,,156112,0,body,1674,1675,,,,,,,,,,,,,,,,,,,,
tlm,ticket_pop,381334,1525336000,75,75,,,1,,,,,,,,,,,,,,,,,,,,,,,,,156112,0,body,1676,1677,,,,,,,,,,,,,,,,,,,,
tlm,ticket_pop,381334,1525336000,75,75,,,2,,,,,,,,,,,,,,,,,,,,,,,,,156112,0,body,1674,1675,,,,,,,,,,,,,,,,,,,,
tlm,ticket_pop,381334,1525336000,75,75,,,3,,,,,,,,,,,,,,,,,,,,,,,,,156112,0,body,1674,1675,,,,,,,,,,,,,,,,,,,,
tlm,allocator_lane_action,381336,1525344000,75,75,156112,,1,,empty,,,,,,,,,,,,,,,,,,,,,,,156112,0,,,,,,,,,,,,,,,,,,,,,,,
tlm,allocator_lane_action,381338,1525352000,75,75,156112,,2,,empty,,,,,,,,,,,,,,,,,,,,,,,156112,0,,,,,,,,,,,,,,,,,,,,,,,
tlm,allocator_lane_action,381340,1525360000,75,75,156112,,3,,empty,,,,,,,,,,,,,,,,,,,,,,,156112,0,,,,,,,,,,,,,,,,,,,,,,,
rtl,allocator_lane_action,,1525378000,,,,,0,689491,2,0,1,0,156144,0,75,0,0,1,0,,,,,,,,,,,,,,,,,,,,,,,,,,,,,,,,,,,,,
rtl,allocator_lane_action,,1525378000,,,,,1,689492,2,0,1,0,156144,0,75,0,0,1,0,,,,,,,,,,,,,,,,,,,,,,,,,,,,,,,,,,,,,
rtl,allocator_lane_action,,1525378000,,,,,2,689493,2,0,1,0,156144,0,75,0,0,1,0,,,,,,,,,,,,,,,,,,,,,,,,,,,,,,,,,,,,,
rtl,allocator_lane_action,,1525378000,,,,,3,689494,2,0,1,0,156144,0,75,0,0,1,0,,,,,,,,,,,,,,,,,,,,,,,,,,,,,,,,,,,,,
rtl,allocator_decision,,1525422000,,,156160,,,689506,,,,,,,,,,,,idle_to_fetch,15,15,15,15,0,0,0,0,0,,,,,,,,,,,,,,,,,,,,,,,,,,,
tlm,allocator_fetch,381360,1525440000,75,75,156128,,,,,,,,,,,,,,,,,,,,,,,,,30,15,,,,,,,,,,,,,,,,,,,,,,,,,
tlm,allocator_lane_action,381360,1525440000,75,75,156128,,0,,empty,,,,,,,,,,,,,,,,,,,,,,,156128,0,,,,,,,,,,,,,,,,,,,,,,,
tlm,ticket_pop,381360,1525440000,75,75,,,0,,,,,,,,,,,,,,,,,,,,,,,,,156128,0,body,1675,1676,,,,,,,,,,,,,,,,,,,,
tlm,ticket_pop,381360,1525440000,75,75,,,1,,,,,,,,,,,,,,,,,,,,,,,,,156128,0,body,1677,1678,,,,,,,,,,,,,,,,,,,,
tlm,ticket_pop,381360,1525440000,75,75,,,2,,,,,,,,,,,,,,,,,,,,,,,,,156128,0,body,1675,1676,,,,,,,,,,,,,,,,,,,,
tlm,ticket_pop,381360,1525440000,75,75,,,3,,,,,,,,,,,,,,,,,,,,,,,,,156128,0,body,1675,1676,,,,,,,,,,,,,,,,,,,,
tlm,allocator_lane_action,381362,1525448000,75,75,156128,,1,,empty,,,,,,,,,,,,,,,,,,,,,,,156128,0,,,,,,,,,,,,,,,,,,,,,,,
tlm,allocator_lane_action,381364,1525456000,75,75,156128,,2,,empty,,,,,,,,,,,,,,,,,,,,,,,156128,0,,,,,,,,,,,,,,,,,,,,,,,
tlm,allocator_lane_action,381366,1525464000,75,75,156128,,3,,empty,,,,,,,,,,,,,,,,,,,,,,,156128,0,,,,,,,,,,,,,,,,,,,,,,,
rtl,allocator_lane_action,,1525482000,,,,,0,689527,2,0,1,0,156160,0,75,0,0,1,0,,,,,,,,,,,,,,,,,,,,,,,,,,,,,,,,,,,,,
rtl,allocator_lane_action,,1525482000,,,,,1,689528,2,0,1,0,156160,0,75,0,0,1,0,,,,,,,,,,,,,,,,,,,,,,,,,,,,,,,,,,,,,
rtl,allocator_lane_action,,1525482000,,,,,2,689529,2,0,1,0,156160,0,75,0,0,1,0,,,,,,,,,,,,,,,,,,,,,,,,,,,,,,,,,,,,,
rtl,allocator_lane_action,,1525482000,,,,,3,689530,2,0,1,0,156160,0,75,0,0,1,0,,,,,,,,,,,,,,,,,,,,,,,,,,,,,,,,,,,,,
rtl,allocator_decision,,1525526000,,,156176,,,689542,,,,,,,,,,,,idle_to_fetch,15,15,15,15,0,0,0,0,0,,,,,,,,,,,,,,,,,,,,,,,,,,,
tlm,allocator_fetch,381386,1525544000,75,75,156144,,,,,,,,,,,,,,,,,,,,,,,,,31,15,,,,,,,,,,,,,,,,,,,,,,,,,
tlm,allocator_lane_action,381386,1525544000,75,75,156144,,0,,empty,,,,,,,,,,,,,,,,,,,,,,,156144,0,,,,,,,,,,,,,,,,,,,,,,,
tlm,ticket_pop,381386,1525544000,75,75,,,0,,,,,,,,,,,,,,,,,,,,,,,,,156144,0,body,1676,1677,,,,,,,,,,,,,,,,,,,,
tlm,ticket_pop,381386,1525544000,75,75,,,1,,,,,,,,,,,,,,,,,,,,,,,,,156144,0,body,1678,1679,,,,,,,,,,,,,,,,,,,,
tlm,ticket_pop,381386,1525544000,75,75,,,2,,,,,,,,,,,,,,,,,,,,,,,,,156144,0,body,1676,1677,,,,,,,,,,,,,,,,,,,,
tlm,ticket_pop,381386,1525544000,75,75,,,3,,,,,,,,,,,,,,,,,,,,,,,,,156144,0,body,1676,1677,,,,,,,,,,,,,,,,,,,,
tlm,allocator_lane_action,381388,1525552000,75,75,156144,,1,,empty,,,,,,,,,,,,,,,,,,,,,,,156144,0,,,,,,,,,,,,,,,,,,,,,,,
tlm,allocator_lane_action,381390,1525560000,75,75,156144,,2,,empty,,,,,,,,,,,,,,,,,,,,,,,156144,0,,,,,,,,,,,,,,,,,,,,,,,
tlm,allocator_lane_action,381392,1525568000,75,75,156144,,3,,empty,,,,,,,,,,,,,,,,,,,,,,,156144,0,,,,,,,,,,,,,,,,,,,,,,,
rtl,allocator_lane_action,,1525586000,,,,,0,689563,2,0,1,0,156176,0,75,0,0,1,0,,,,,,,,,,,,,,,,,,,,,,,,,,,,,,,,,,,,,
rtl,allocator_lane_action,,1525586000,,,,,1,689564,2,0,1,0,156176,0,75,0,0,1,0,,,,,,,,,,,,,,,,,,,,,,,,,,,,,,,,,,,,,
rtl,allocator_lane_action,,1525586000,,,,,2,689565,2,0,1,0,156176,0,75,0,0,1,0,,,,,,,,,,,,,,,,,,,,,,,,,,,,,,,,,,,,,
rtl,allocator_lane_action,,1525586000,,,,,3,689566,2,0,1,0,156176,0,75,0,0,1,0,,,,,,,,,,,,,,,,,,,,,,,,,,,,,,,,,,,,,
rtl,allocator_decision,,1525630000,,,156192,,,689578,,,,,,,,,,,,idle_to_fetch,15,15,15,15,0,0,0,0,0,,,,,,,,,,,,,,,,,,,,,,,,,,,
tlm,allocator_fetch,381412,1525648000,75,75,156160,,,,,,,,,,,,,,,,,,,,,,,,,32,15,,,,,,,,,,,,,,,,,,,,,,,,,
tlm,allocator_lane_action,381412,1525648000,75,75,156160,,0,,empty,,,,,,,,,,,,,,,,,,,,,,,156160,0,,,,,,,,,,,,,,,,,,,,,,,
tlm,ticket_pop,381412,1525648000,75,75,,,0,,,,,,,,,,,,,,,,,,,,,,,,,156160,0,body,1677,1678,,,,,,,,,,,,,,,,,,,,
tlm,ticket_pop,381412,1525648000,75,75,,,1,,,,,,,,,,,,,,,,,,,,,,,,,156160,0,body,1679,1680,,,,,,,,,,,,,,,,,,,,
tlm,ticket_pop,381412,1525648000,75,75,,,2,,,,,,,,,,,,,,,,,,,,,,,,,156160,0,body,1677,1678,,,,,,,,,,,,,,,,,,,,
tlm,ticket_pop,381412,1525648000,75,75,,,3,,,,,,,,,,,,,,,,,,,,,,,,,156160,0,body,1677,1678,,,,,,,,,,,,,,,,,,,,
tlm,allocator_lane_action,381414,1525656000,75,75,156160,,1,,empty,,,,,,,,,,,,,,,,,,,,,,,156160,0,,,,,,,,,,,,,,,,,,,,,,,
tlm,allocator_lane_action,381416,1525664000,75,75,156160,,2,,empty,,,,,,,,,,,,,,,,,,,,,,,156160,0,,,,,,,,,,,,,,,,,,,,,,,
tlm,allocator_lane_action,381418,1525672000,75,75,156160,,3,,empty,,,,,,,,,,,,,,,,,,,,,,,156160,0,,,,,,,,,,,,,,,,,,,,,,,
