time_ps,lane,source,stage,line,action,masked,credit,reactivate,fetch_ts,block_len,body_serial,sop,eop,tail_ready,tail_dropped,decision,running_ts,frame_lane_active,pending,pending_lane,q_valid,tk_sop,tk_curr,tk_future,tk_past,ingress_busy,cycle,frame,serial,allocator_next_cycle,timestamp,kind,hit_count,lane_credit_before,lane_credit_after,ticket_credit_before,ticket_credit_after,effective_lane_credit,lane_start,next_ticket_wptr,lane_credit,ticket_credit,pre_shd,pre_hit,valid,shd,hit
1503586000,0,rtl,allocator_lane_action,815563,0,1,0,0,151552,1,73,0,0,1,0,,,,,,,,,,,,,,,,,,,,,,,,,,,,,,,,
1503586000,1,rtl,allocator_lane_action,815564,0,1,0,0,151552,0,73,0,0,1,0,,,,,,,,,,,,,,,,,,,,,,,,,,,,,,,,
1503586000,2,rtl,allocator_lane_action,815565,0,1,0,0,151552,1,73,0,0,1,0,,,,,,,,,,,,,,,,,,,,,,,,,,,,,,,,
1503586000,3,rtl,allocator_lane_action,815566,0,1,0,0,151552,1,73,0,0,1,0,,,,,,,,,,,,,,,,,,,,,,,,,,,,,,,,
1503630000,,rtl,allocator_decision,815578,,,,,,,,,,,,idle_to_fetch,150368,15,15,15,15,0,0,15,0,0,,,,,,,,,,,,,,,,,,,,,
1503632000,,tlm,future_gap_advance,,,,,,,,,,,,,,150352,,,,,,,,,,375908,73,73,375934,,,,,,,,,,,,,,,,,
1503690000,0,rtl,allocator_lane_action,815599,0,1,0,0,151552,1,73,0,0,1,0,,,,,,,,,,,,,,,,,,,,,,,,,,,,,,,,
1503690000,1,rtl,allocator_lane_action,815600,0,1,0,0,151552,0,73,0,0,1,0,,,,,,,,,,,,,,,,,,,,,,,,,,,,,,,,
1503690000,2,rtl,allocator_lane_action,815601,0,1,0,0,151552,1,73,0,0,1,0,,,,,,,,,,,,,,,,,,,,,,,,,,,,,,,,
1503690000,3,rtl,allocator_lane_action,815602,0,1,0,0,151552,1,73,0,0,1,0,,,,,,,,,,,,,,,,,,,,,,,,,,,,,,,,
1503734000,,rtl,allocator_decision,815614,,,,,,,,,,,,idle_to_fetch,150384,15,15,15,15,0,0,15,0,0,,,,,,,,,,,,,,,,,,,,,
1503736000,,tlm,future_gap_advance,,,,,,,,,,,,,,150368,,,,,,,,,,375934,73,73,375960,,,,,,,,,,,,,,,,,
1503794000,0,rtl,allocator_lane_action,815635,0,1,0,0,151552,1,73,0,0,1,0,,,,,,,,,,,,,,,,,,,,,,,,,,,,,,,,
1503794000,1,rtl,allocator_lane_action,815636,0,1,0,0,151552,0,73,0,0,1,0,,,,,,,,,,,,,,,,,,,,,,,,,,,,,,,,
1503794000,2,rtl,allocator_lane_action,815637,0,1,0,0,151552,1,73,0,0,1,0,,,,,,,,,,,,,,,,,,,,,,,,,,,,,,,,
1503794000,3,rtl,allocator_lane_action,815638,0,1,0,0,151552,1,73,0,0,1,0,,,,,,,,,,,,,,,,,,,,,,,,,,,,,,,,
1503838000,,rtl,allocator_decision,815650,,,,,,,,,,,,idle_to_fetch,150400,15,15,15,15,0,0,15,0,0,,,,,,,,,,,,,,,,,,,,,
1503840000,,tlm,future_gap_advance,,,,,,,,,,,,,,150384,,,,,,,,,,375960,73,73,375986,,,,,,,,,,,,,,,,,
1503898000,0,rtl,allocator_lane_action,815671,0,1,0,0,151552,1,73,0,0,1,0,,,,,,,,,,,,,,,,,,,,,,,,,,,,,,,,
1503898000,1,rtl,allocator_lane_action,815672,0,1,0,0,151552,0,73,0,0,1,0,,,,,,,,,,,,,,,,,,,,,,,,,,,,,,,,
1503898000,2,rtl,allocator_lane_action,815673,0,1,0,0,151552,1,73,0,0,1,0,,,,,,,,,,,,,,,,,,,,,,,,,,,,,,,,
1503898000,3,rtl,allocator_lane_action,815674,0,1,0,0,151552,1,73,0,0,1,0,,,,,,,,,,,,,,,,,,,,,,,,,,,,,,,,
1503942000,,rtl,allocator_decision,815686,,,,,,,,,,,,idle_to_fetch,150416,15,15,15,15,0,0,15,0,0,,,,,,,,,,,,,,,,,,,,,
1503944000,,tlm,future_gap_advance,,,,,,,,,,,,,,150400,,,,,,,,,,375986,73,73,376012,,,,,,,,,,,,,,,,,
1504002000,0,rtl,allocator_lane_action,815707,0,1,0,0,151552,1,73,0,0,1,0,,,,,,,,,,,,,,,,,,,,,,,,,,,,,,,,
1504002000,1,rtl,allocator_lane_action,815708,0,1,0,0,151552,0,73,0,0,1,0,,,,,,,,,,,,,,,,,,,,,,,,,,,,,,,,
1504002000,2,rtl,allocator_lane_action,815709,0,1,0,0,151552,1,73,0,0,1,0,,,,,,,,,,,,,,,,,,,,,,,,,,,,,,,,
1504002000,3,rtl,allocator_lane_action,815710,0,1,0,0,151552,1,73,0,0,1,0,,,,,,,,,,,,,,,,,,,,,,,,,,,,,,,,
1504046000,,rtl,allocator_decision,815722,,,,,,,,,,,,idle_to_fetch,150432,15,15,15,15,0,0,15,0,0,,,,,,,,,,,,,,,,,,,,,
1504048000,,tlm,future_gap_advance,,,,,,,,,,,,,,150416,,,,,,,,,,376012,73,73,376038,,,,,,,,,,,,,,,,,
1504106000,0,rtl,allocator_lane_action,815743,0,1,0,0,151552,1,73,0,0,1,0,,,,,,,,,,,,,,,,,,,,,,,,,,,,,,,,
1504106000,1,rtl,allocator_lane_action,815744,0,1,0,0,151552,0,73,0,0,1,0,,,,,,,,,,,,,,,,,,,,,,,,,,,,,,,,
1504106000,2,rtl,allocator_lane_action,815745,0,1,0,0,151552,1,73,0,0,1,0,,,,,,,,,,,,,,,,,,,,,,,,,,,,,,,,
1504106000,3,rtl,allocator_lane_action,815746,0,1,0,0,151552,1,73,0,0,1,0,,,,,,,,,,,,,,,,,,,,,,,,,,,,,,,,
1504150000,,rtl,allocator_decision,815758,,,,,,,,,,,,idle_to_fetch,150448,15,15,15,15,0,0,15,0,0,,,,,,,,,,,,,,,,,,,,,
1504152000,,tlm,future_gap_advance,,,,,,,,,,,,,,150432,,,,,,,,,,376038,73,73,376064,,,,,,,,,,,,,,,,,
1504210000,0,rtl,allocator_lane_action,815779,0,1,0,0,151552,1,73,0,0,1,0,,,,,,,,,,,,,,,,,,,,,,,,,,,,,,,,
1504210000,1,rtl,allocator_lane_action,815780,0,1,0,0,151552,0,73,0,0,1,0,,,,,,,,,,,,,,,,,,,,,,,,,,,,,,,,
1504210000,2,rtl,allocator_lane_action,815781,0,1,0,0,151552,1,73,0,0,1,0,,,,,,,,,,,,,,,,,,,,,,,,,,,,,,,,
1504210000,3,rtl,allocator_lane_action,815782,0,1,0,0,151552,1,73,0,0,1,0,,,,,,,,,,,,,,,,,,,,,,,,,,,,,,,,
1504254000,,rtl,allocator_decision,815794,,,,,,,,,,,,idle_to_fetch,150464,15,15,15,15,0,0,15,0,0,,,,,,,,,,,,,,,,,,,,,
1504256000,,tlm,future_gap_advance,,,,,,,,,,,,,,150448,,,,,,,,,,376064,73,73,376090,,,,,,,,,,,,,,,,,
1504314000,0,rtl,allocator_lane_action,815815,0,1,0,0,151552,1,73,0,0,1,0,,,,,,,,,,,,,,,,,,,,,,,,,,,,,,,,
1504314000,1,rtl,allocator_lane_action,815816,0,1,0,0,151552,0,73,0,0,1,0,,,,,,,,,,,,,,,,,,,,,,,,,,,,,,,,
1504314000,2,rtl,allocator_lane_action,815817,0,1,0,0,151552,1,73,0,0,1,0,,,,,,,,,,,,,,,,,,,,,,,,,,,,,,,,
1504314000,3,rtl,allocator_lane_action,815818,0,1,0,0,151552,1,73,0,0,1,0,,,,,,,,,,,,,,,,,,,,,,,,,,,,,,,,
1504358000,,rtl,allocator_decision,815830,,,,,,,,,,,,idle_to_fetch,150480,15,15,15,15,0,0,15,0,0,,,,,,,,,,,,,,,,,,,,,
1504360000,,tlm,future_gap_advance,,,,,,,,,,,,,,150464,,,,,,,,,,376090,73,73,376116,,,,,,,,,,,,,,,,,
1504418000,0,rtl,allocator_lane_action,815851,0,1,0,0,151552,1,73,0,0,1,0,,,,,,,,,,,,,,,,,,,,,,,,,,,,,,,,
1504418000,1,rtl,allocator_lane_action,815852,0,1,0,0,151552,0,73,0,0,1,0,,,,,,,,,,,,,,,,,,,,,,,,,,,,,,,,
1504418000,2,rtl,allocator_lane_action,815853,0,1,0,0,151552,1,73,0,0,1,0,,,,,,,,,,,,,,,,,,,,,,,,,,,,,,,,
1504418000,3,rtl,allocator_lane_action,815854,0,1,0,0,151552,1,73,0,0,1,0,,,,,,,,,,,,,,,,,,,,,,,,,,,,,,,,
1504462000,,rtl,allocator_decision,815866,,,,,,,,,,,,idle_to_fetch,150496,15,15,15,15,0,0,15,0,0,,,,,,,,,,,,,,,,,,,,,
1504464000,,tlm,future_gap_advance,,,,,,,,,,,,,,150480,,,,,,,,,,376116,73,73,376142,,,,,,,,,,,,,,,,,
1504522000,0,rtl,allocator_lane_action,815887,0,1,0,0,151552,1,73,0,0,1,0,,,,,,,,,,,,,,,,,,,,,,,,,,,,,,,,
1504522000,1,rtl,allocator_lane_action,815888,0,1,0,0,151552,0,73,0,0,1,0,,,,,,,,,,,,,,,,,,,,,,,,,,,,,,,,
1504522000,2,rtl,allocator_lane_action,815889,0,1,0,0,151552,1,73,0,0,1,0,,,,,,,,,,,,,,,,,,,,,,,,,,,,,,,,
1504522000,3,rtl,allocator_lane_action,815890,0,1,0,0,151552,1,73,0,0,1,0,,,,,,,,,,,,,,,,,,,,,,,,,,,,,,,,
1504566000,,rtl,allocator_decision,815902,,,,,,,,,,,,idle_to_fetch,150512,15,15,15,15,0,0,15,0,0,,,,,,,,,,,,,,,,,,,,,
1504568000,,tlm,future_gap_advance,,,,,,,,,,,,,,150496,,,,,,,,,,376142,73,73,376168,,,,,,,,,,,,,,,,,
1504626000,0,rtl,allocator_lane_action,815923,0,1,0,0,151552,1,73,0,0,1,0,,,,,,,,,,,,,,,,,,,,,,,,,,,,,,,,
1504626000,1,rtl,allocator_lane_action,815924,0,1,0,0,151552,0,73,0,0,1,0,,,,,,,,,,,,,,,,,,,,,,,,,,,,,,,,
1504626000,2,rtl,allocator_lane_action,815925,0,1,0,0,151552,1,73,0,0,1,0,,,,,,,,,,,,,,,,,,,,,,,,,,,,,,,,
1504626000,3,rtl,allocator_lane_action,815926,0,1,0,0,151552,1,73,0,0,1,0,,,,,,,,,,,,,,,,,,,,,,,,,,,,,,,,
1504670000,,rtl,allocator_decision,815938,,,,,,,,,,,,idle_to_fetch,150528,15,15,15,15,0,0,15,0,0,,,,,,,,,,,,,,,,,,,,,
1504672000,,tlm,future_gap_advance,,,,,,,,,,,,,,150512,,,,,,,,,,376168,73,73,376194,,,,,,,,,,,,,,,,,
1504730000,0,rtl,allocator_lane_action,815959,0,1,0,0,151552,1,73,0,0,1,0,,,,,,,,,,,,,,,,,,,,,,,,,,,,,,,,
1504730000,1,rtl,allocator_lane_action,815960,0,1,0,0,151552,0,73,0,0,1,0,,,,,,,,,,,,,,,,,,,,,,,,,,,,,,,,
1504730000,2,rtl,allocator_lane_action,815961,0,1,0,0,151552,1,73,0,0,1,0,,,,,,,,,,,,,,,,,,,,,,,,,,,,,,,,
1504730000,3,rtl,allocator_lane_action,815962,0,1,0,0,151552,1,73,0,0,1,0,,,,,,,,,,,,,,,,,,,,,,,,,,,,,,,,
1504774000,,rtl,allocator_decision,815974,,,,,,,,,,,,idle_to_fetch,150544,15,15,15,15,0,0,15,0,0,,,,,,,,,,,,,,,,,,,,,
1504776000,,tlm,future_gap_advance,,,,,,,,,,,,,,150528,,,,,,,,,,376194,73,73,376220,,,,,,,,,,,,,,,,,
1504834000,0,rtl,allocator_lane_action,815995,0,1,0,0,151552,1,73,0,0,1,0,,,,,,,,,,,,,,,,,,,,,,,,,,,,,,,,
1504834000,1,rtl,allocator_lane_action,815996,0,1,0,0,151552,0,73,0,0,1,0,,,,,,,,,,,,,,,,,,,,,,,,,,,,,,,,
1504834000,2,rtl,allocator_lane_action,815997,0,1,0,0,151552,1,73,0,0,1,0,,,,,,,,,,,,,,,,,,,,,,,,,,,,,,,,
1504834000,3,rtl,allocator_lane_action,815998,0,1,0,0,151552,1,73,0,0,1,0,,,,,,,,,,,,,,,,,,,,,,,,,,,,,,,,
1504878000,,rtl,allocator_decision,816010,,,,,,,,,,,,idle_to_fetch,150560,15,15,15,15,0,0,15,0,0,,,,,,,,,,,,,,,,,,,,,
1504880000,,tlm,future_gap_advance,,,,,,,,,,,,,,150544,,,,,,,,,,376220,73,73,376246,,,,,,,,,,,,,,,,,
1504938000,0,rtl,allocator_lane_action,816031,0,1,0,0,151552,1,73,0,0,1,0,,,,,,,,,,,,,,,,,,,,,,,,,,,,,,,,
1504938000,1,rtl,allocator_lane_action,816032,0,1,0,0,151552,0,73,0,0,1,0,,,,,,,,,,,,,,,,,,,,,,,,,,,,,,,,
1504938000,2,rtl,allocator_lane_action,816033,0,1,0,0,151552,1,73,0,0,1,0,,,,,,,,,,,,,,,,,,,,,,,,,,,,,,,,
1504938000,3,rtl,allocator_lane_action,816034,0,1,0,0,151552,1,73,0,0,1,0,,,,,,,,,,,,,,,,,,,,,,,,,,,,,,,,
1504982000,,rtl,allocator_decision,816046,,,,,,,,,,,,idle_to_fetch,150576,15,15,15,15,0,0,15,0,0,,,,,,,,,,,,,,,,,,,,,
1504984000,,tlm,future_gap_advance,,,,,,,,,,,,,,150560,,,,,,,,,,376246,73,73,376272,,,,,,,,,,,,,,,,,
1505042000,0,rtl,allocator_lane_action,816067,0,1,0,0,151552,1,73,0,0,1,0,,,,,,,,,,,,,,,,,,,,,,,,,,,,,,,,
1505042000,1,rtl,allocator_lane_action,816068,0,1,0,0,151552,0,73,0,0,1,0,,,,,,,,,,,,,,,,,,,,,,,,,,,,,,,,
1505042000,2,rtl,allocator_lane_action,816069,0,1,0,0,151552,1,73,0,0,1,0,,,,,,,,,,,,,,,,,,,,,,,,,,,,,,,,
1505042000,3,rtl,allocator_lane_action,816070,0,1,0,0,151552,1,73,0,0,1,0,,,,,,,,,,,,,,,,,,,,,,,,,,,,,,,,
1505086000,,rtl,allocator_decision,816082,,,,,,,,,,,,idle_to_fetch,150592,15,15,15,15,0,0,15,0,0,,,,,,,,,,,,,,,,,,,,,
1505088000,,tlm,future_gap_advance,,,,,,,,,,,,,,150576,,,,,,,,,,376272,73,73,376298,,,,,,,,,,,,,,,,,
1505146000,0,rtl,allocator_lane_action,816103,0,1,0,0,151552,1,73,0,0,1,0,,,,,,,,,,,,,,,,,,,,,,,,,,,,,,,,
1505146000,1,rtl,allocator_lane_action,816104,0,1,0,0,151552,0,73,0,0,1,0,,,,,,,,,,,,,,,,,,,,,,,,,,,,,,,,
1505146000,2,rtl,allocator_lane_action,816105,0,1,0,0,151552,1,73,0,0,1,0,,,,,,,,,,,,,,,,,,,,,,,,,,,,,,,,
1505146000,3,rtl,allocator_lane_action,816106,0,1,0,0,151552,1,73,0,0,1,0,,,,,,,,,,,,,,,,,,,,,,,,,,,,,,,,
1505190000,,rtl,allocator_decision,816118,,,,,,,,,,,,idle_to_fetch,150608,15,15,15,15,0,0,15,0,0,,,,,,,,,,,,,,,,,,,,,
1505192000,,tlm,future_gap_advance,,,,,,,,,,,,,,150592,,,,,,,,,,376298,73,73,376324,,,,,,,,,,,,,,,,,
1505250000,0,rtl,allocator_lane_action,816139,0,1,0,0,151552,1,73,0,0,1,0,,,,,,,,,,,,,,,,,,,,,,,,,,,,,,,,
1505250000,1,rtl,allocator_lane_action,816140,0,1,0,0,151552,0,73,0,0,1,0,,,,,,,,,,,,,,,,,,,,,,,,,,,,,,,,
1505250000,2,rtl,allocator_lane_action,816141,0,1,0,0,151552,1,73,0,0,1,0,,,,,,,,,,,,,,,,,,,,,,,,,,,,,,,,
1505250000,3,rtl,allocator_lane_action,816142,0,1,0,0,151552,1,73,0,0,1,0,,,,,,,,,,,,,,,,,,,,,,,,,,,,,,,,
1505294000,,rtl,allocator_decision,816154,,,,,,,,,,,,idle_to_fetch,150624,15,15,15,15,0,0,15,0,0,,,,,,,,,,,,,,,,,,,,,
1505296000,,tlm,future_gap_advance,,,,,,,,,,,,,,150608,,,,,,,,,,376324,73,73,376350,,,,,,,,,,,,,,,,,
1505354000,0,rtl,allocator_lane_action,816175,0,1,0,0,151552,1,73,0,0,1,0,,,,,,,,,,,,,,,,,,,,,,,,,,,,,,,,
1505354000,1,rtl,allocator_lane_action,816176,0,1,0,0,151552,0,73,0,0,1,0,,,,,,,,,,,,,,,,,,,,,,,,,,,,,,,,
1505354000,2,rtl,allocator_lane_action,816177,0,1,0,0,151552,1,73,0,0,1,0,,,,,,,,,,,,,,,,,,,,,,,,,,,,,,,,
1505354000,3,rtl,allocator_lane_action,816178,0,1,0,0,151552,1,73,0,0,1,0,,,,,,,,,,,,,,,,,,,,,,,,,,,,,,,,
1505398000,,rtl,allocator_decision,816190,,,,,,,,,,,,idle_to_fetch,150640,15,15,15,15,0,0,15,0,0,,,,,,,,,,,,,,,,,,,,,
1505400000,,tlm,future_gap_advance,,,,,,,,,,,,,,150624,,,,,,,,,,376350,73,73,376376,,,,,,,,,,,,,,,,,
1505458000,0,rtl,allocator_lane_action,816211,0,1,0,0,151552,1,73,0,0,1,0,,,,,,,,,,,,,,,,,,,,,,,,,,,,,,,,
1505458000,1,rtl,allocator_lane_action,816212,0,1,0,0,151552,0,73,0,0,1,0,,,,,,,,,,,,,,,,,,,,,,,,,,,,,,,,
1505458000,2,rtl,allocator_lane_action,816213,0,1,0,0,151552,1,73,0,0,1,0,,,,,,,,,,,,,,,,,,,,,,,,,,,,,,,,
1505458000,3,rtl,allocator_lane_action,816214,0,1,0,0,151552,1,73,0,0,1,0,,,,,,,,,,,,,,,,,,,,,,,,,,,,,,,,
1505502000,,rtl,allocator_decision,816226,,,,,,,,,,,,idle_to_fetch,150656,15,15,15,15,0,0,15,0,0,,,,,,,,,,,,,,,,,,,,,
1505504000,,tlm,future_gap_advance,,,,,,,,,,,,,,150640,,,,,,,,,,376376,73,73,376402,,,,,,,,,,,,,,,,,
1505562000,0,rtl,allocator_lane_action,816247,0,1,0,0,151552,1,73,0,0,1,0,,,,,,,,,,,,,,,,,,,,,,,,,,,,,,,,
1505562000,1,rtl,allocator_lane_action,816248,0,1,0,0,151552,0,73,0,0,1,0,,,,,,,,,,,,,,,,,,,,,,,,,,,,,,,,
1505562000,2,rtl,allocator_lane_action,816249,0,1,0,0,151552,1,73,0,0,1,0,,,,,,,,,,,,,,,,,,,,,,,,,,,,,,,,
1505562000,3,rtl,allocator_lane_action,816250,0,1,0,0,151552,1,73,0,0,1,0,,,,,,,,,,,,,,,,,,,,,,,,,,,,,,,,
1505606000,,rtl,allocator_decision,816262,,,,,,,,,,,,idle_to_fetch,150672,15,15,15,15,0,0,15,0,0,,,,,,,,,,,,,,,,,,,,,
1505608000,,tlm,future_gap_advance,,,,,,,,,,,,,,150656,,,,,,,,,,376402,73,73,376428,,,,,,,,,,,,,,,,,
1505666000,0,rtl,allocator_lane_action,816283,0,1,0,0,151552,1,73,0,0,1,0,,,,,,,,,,,,,,,,,,,,,,,,,,,,,,,,
1505666000,1,rtl,allocator_lane_action,816284,0,1,0,0,151552,0,73,0,0,1,0,,,,,,,,,,,,,,,,,,,,,,,,,,,,,,,,
1505666000,2,rtl,allocator_lane_action,816285,0,1,0,0,151552,1,73,0,0,1,0,,,,,,,,,,,,,,,,,,,,,,,,,,,,,,,,
1505666000,3,rtl,allocator_lane_action,816286,0,1,0,0,151552,1,73,0,0,1,0,,,,,,,,,,,,,,,,,,,,,,,,,,,,,,,,
1505710000,,rtl,allocator_decision,816298,,,,,,,,,,,,idle_to_fetch,150688,15,15,15,15,0,0,15,0,0,,,,,,,,,,,,,,,,,,,,,
1505712000,,tlm,future_gap_advance,,,,,,,,,,,,,,150672,,,,,,,,,,376428,73,73,376454,,,,,,,,,,,,,,,,,
1505770000,0,rtl,allocator_lane_action,816319,0,1,0,0,151552,1,73,0,0,1,0,,,,,,,,,,,,,,,,,,,,,,,,,,,,,,,,
1505770000,1,rtl,allocator_lane_action,816320,0,1,0,0,151552,0,73,0,0,1,0,,,,,,,,,,,,,,,,,,,,,,,,,,,,,,,,
1505770000,2,rtl,allocator_lane_action,816321,0,1,0,0,151552,1,73,0,0,1,0,,,,,,,,,,,,,,,,,,,,,,,,,,,,,,,,
1505770000,3,rtl,allocator_lane_action,816322,0,1,0,0,151552,1,73,0,0,1,0,,,,,,,,,,,,,,,,,,,,,,,,,,,,,,,,
1505814000,,rtl,allocator_decision,816334,,,,,,,,,,,,idle_to_fetch,150704,15,15,15,15,0,0,15,0,0,,,,,,,,,,,,,,,,,,,,,
1505816000,,tlm,future_gap_advance,,,,,,,,,,,,,,150688,,,,,,,,,,376454,73,73,376480,,,,,,,,,,,,,,,,,
1505874000,0,rtl,allocator_lane_action,816355,0,1,0,0,151552,1,73,0,0,1,0,,,,,,,,,,,,,,,,,,,,,,,,,,,,,,,,
1505874000,1,rtl,allocator_lane_action,816356,0,1,0,0,151552,0,73,0,0,1,0,,,,,,,,,,,,,,,,,,,,,,,,,,,,,,,,
1505874000,2,rtl,allocator_lane_action,816357,0,1,0,0,151552,1,73,0,0,1,0,,,,,,,,,,,,,,,,,,,,,,,,,,,,,,,,
1505874000,3,rtl,allocator_lane_action,816358,0,1,0,0,151552,1,73,0,0,1,0,,,,,,,,,,,,,,,,,,,,,,,,,,,,,,,,
1505918000,,rtl,allocator_decision,816370,,,,,,,,,,,,idle_to_fetch,150720,15,15,15,15,0,0,15,0,0,,,,,,,,,,,,,,,,,,,,,
1505920000,,tlm,future_gap_advance,,,,,,,,,,,,,,150704,,,,,,,,,,376480,73,73,376506,,,,,,,,,,,,,,,,,
1505978000,0,rtl,allocator_lane_action,816391,0,1,0,0,151552,1,73,0,0,1,0,,,,,,,,,,,,,,,,,,,,,,,,,,,,,,,,
1505978000,1,rtl,allocator_lane_action,816392,0,1,0,0,151552,0,73,0,0,1,0,,,,,,,,,,,,,,,,,,,,,,,,,,,,,,,,
1505978000,2,rtl,allocator_lane_action,816393,0,1,0,0,151552,1,73,0,0,1,0,,,,,,,,,,,,,,,,,,,,,,,,,,,,,,,,
1505978000,3,rtl,allocator_lane_action,816394,0,1,0,0,151552,1,73,0,0,1,0,,,,,,,,,,,,,,,,,,,,,,,,,,,,,,,,
1506022000,,rtl,allocator_decision,816406,,,,,,,,,,,,idle_to_fetch,150736,15,15,15,15,0,0,15,0,0,,,,,,,,,,,,,,,,,,,,,
1506024000,,tlm,future_gap_advance,,,,,,,,,,,,,,150720,,,,,,,,,,376506,73,73,376532,,,,,,,,,,,,,,,,,
1506082000,0,rtl,allocator_lane_action,816427,0,1,0,0,151552,1,73,0,0,1,0,,,,,,,,,,,,,,,,,,,,,,,,,,,,,,,,
1506082000,1,rtl,allocator_lane_action,816428,0,1,0,0,151552,0,73,0,0,1,0,,,,,,,,,,,,,,,,,,,,,,,,,,,,,,,,
1506082000,2,rtl,allocator_lane_action,816429,0,1,0,0,151552,1,73,0,0,1,0,,,,,,,,,,,,,,,,,,,,,,,,,,,,,,,,
1506082000,3,rtl,allocator_lane_action,816430,0,1,0,0,151552,1,73,0,0,1,0,,,,,,,,,,,,,,,,,,,,,,,,,,,,,,,,
1506126000,,rtl,allocator_decision,816442,,,,,,,,,,,,idle_to_fetch,150752,15,15,15,15,0,0,15,0,0,,,,,,,,,,,,,,,,,,,,,
1506128000,,tlm,future_gap_advance,,,,,,,,,,,,,,150736,,,,,,,,,,376532,73,73,376558,,,,,,,,,,,,,,,,,
1506186000,0,rtl,allocator_lane_action,816463,0,1,0,0,151552,1,73,0,0,1,0,,,,,,,,,,,,,,,,,,,,,,,,,,,,,,,,
1506186000,1,rtl,allocator_lane_action,816464,0,1,0,0,151552,0,73,0,0,1,0,,,,,,,,,,,,,,,,,,,,,,,,,,,,,,,,
1506186000,2,rtl,allocator_lane_action,816465,0,1,0,0,151552,1,73,0,0,1,0,,,,,,,,,,,,,,,,,,,,,,,,,,,,,,,,
1506186000,3,rtl,allocator_lane_action,816466,0,1,0,0,151552,1,73,0,0,1,0,,,,,,,,,,,,,,,,,,,,,,,,,,,,,,,,
1506230000,,rtl,allocator_decision,816478,,,,,,,,,,,,idle_to_fetch,150768,15,15,15,15,0,0,15,0,0,,,,,,,,,,,,,,,,,,,,,
1506232000,,tlm,future_gap_advance,,,,,,,,,,,,,,150752,,,,,,,,,,376558,73,73,376584,,,,,,,,,,,,,,,,,
1506290000,0,rtl,allocator_lane_action,816499,0,1,0,0,151552,1,73,0,0,1,0,,,,,,,,,,,,,,,,,,,,,,,,,,,,,,,,
1506290000,1,rtl,allocator_lane_action,816500,0,1,0,0,151552,0,73,0,0,1,0,,,,,,,,,,,,,,,,,,,,,,,,,,,,,,,,
1506290000,2,rtl,allocator_lane_action,816501,0,1,0,0,151552,1,73,0,0,1,0,,,,,,,,,,,,,,,,,,,,,,,,,,,,,,,,
1506290000,3,rtl,allocator_lane_action,816502,0,1,0,0,151552,1,73,0,0,1,0,,,,,,,,,,,,,,,,,,,,,,,,,,,,,,,,
1506334000,,rtl,allocator_decision,816514,,,,,,,,,,,,idle_to_fetch,150784,15,15,15,15,0,0,15,0,0,,,,,,,,,,,,,,,,,,,,,
1506336000,,tlm,future_gap_advance,,,,,,,,,,,,,,150768,,,,,,,,,,376584,73,73,376610,,,,,,,,,,,,,,,,,
1506394000,0,rtl,allocator_lane_action,816535,0,1,0,0,151552,1,73,0,0,1,0,,,,,,,,,,,,,,,,,,,,,,,,,,,,,,,,
1506394000,1,rtl,allocator_lane_action,816536,0,1,0,0,151552,0,73,0,0,1,0,,,,,,,,,,,,,,,,,,,,,,,,,,,,,,,,
1506394000,2,rtl,allocator_lane_action,816537,0,1,0,0,151552,1,73,0,0,1,0,,,,,,,,,,,,,,,,,,,,,,,,,,,,,,,,
1506394000,3,rtl,allocator_lane_action,816538,0,1,0,0,151552,1,73,0,0,1,0,,,,,,,,,,,,,,,,,,,,,,,,,,,,,,,,
1506438000,,rtl,allocator_decision,816550,,,,,,,,,,,,idle_to_fetch,150800,15,15,15,15,0,0,15,0,0,,,,,,,,,,,,,,,,,,,,,
1506440000,,tlm,future_gap_advance,,,,,,,,,,,,,,150784,,,,,,,,,,376610,73,73,376636,,,,,,,,,,,,,,,,,
1506498000,0,rtl,allocator_lane_action,816571,0,1,0,0,151552,1,73,0,0,1,0,,,,,,,,,,,,,,,,,,,,,,,,,,,,,,,,
1506498000,1,rtl,allocator_lane_action,816572,0,1,0,0,151552,0,73,0,0,1,0,,,,,,,,,,,,,,,,,,,,,,,,,,,,,,,,
1506498000,2,rtl,allocator_lane_action,816573,0,1,0,0,151552,1,73,0,0,1,0,,,,,,,,,,,,,,,,,,,,,,,,,,,,,,,,
1506498000,3,rtl,allocator_lane_action,816574,0,1,0,0,151552,1,73,0,0,1,0,,,,,,,,,,,,,,,,,,,,,,,,,,,,,,,,
1506542000,,rtl,allocator_decision,816586,,,,,,,,,,,,idle_to_fetch,150816,15,15,15,15,0,0,15,0,0,,,,,,,,,,,,,,,,,,,,,
1506544000,,tlm,future_gap_advance,,,,,,,,,,,,,,150800,,,,,,,,,,376636,73,73,376662,,,,,,,,,,,,,,,,,
1506602000,0,rtl,allocator_lane_action,816607,0,1,0,0,151552,1,73,0,0,1,0,,,,,,,,,,,,,,,,,,,,,,,,,,,,,,,,
1506602000,1,rtl,allocator_lane_action,816608,0,1,0,0,151552,0,73,0,0,1,0,,,,,,,,,,,,,,,,,,,,,,,,,,,,,,,,
1506602000,2,rtl,allocator_lane_action,816609,0,1,0,0,151552,1,73,0,0,1,0,,,,,,,,,,,,,,,,,,,,,,,,,,,,,,,,
1506602000,3,rtl,allocator_lane_action,816610,0,1,0,0,151552,1,73,0,0,1,0,,,,,,,,,,,,,,,,,,,,,,,,,,,,,,,,
1506646000,,rtl,allocator_decision,816622,,,,,,,,,,,,idle_to_fetch,150832,15,15,15,15,0,0,15,0,0,,,,,,,,,,,,,,,,,,,,,
1506648000,,tlm,future_gap_advance,,,,,,,,,,,,,,150816,,,,,,,,,,376662,73,73,376688,,,,,,,,,,,,,,,,,
1506706000,0,rtl,allocator_lane_action,816643,0,1,0,0,151552,1,73,0,0,1,0,,,,,,,,,,,,,,,,,,,,,,,,,,,,,,,,
1506706000,1,rtl,allocator_lane_action,816644,0,1,0,0,151552,0,73,0,0,1,0,,,,,,,,,,,,,,,,,,,,,,,,,,,,,,,,
1506706000,2,rtl,allocator_lane_action,816645,0,1,0,0,151552,1,73,0,0,1,0,,,,,,,,,,,,,,,,,,,,,,,,,,,,,,,,
1506706000,3,rtl,allocator_lane_action,816646,0,1,0,0,151552,1,73,0,0,1,0,,,,,,,,,,,,,,,,,,,,,,,,,,,,,,,,
1506750000,,rtl,allocator_decision,816658,,,,,,,,,,,,idle_to_fetch,150848,15,15,15,15,0,0,15,0,0,,,,,,,,,,,,,,,,,,,,,
1506752000,,tlm,future_gap_advance,,,,,,,,,,,,,,150832,,,,,,,,,,376688,73,73,376714,,,,,,,,,,,,,,,,,
1506810000,0,rtl,allocator_lane_action,816679,0,1,0,0,151552,1,73,0,0,1,0,,,,,,,,,,,,,,,,,,,,,,,,,,,,,,,,
1506810000,1,rtl,allocator_lane_action,816680,0,1,0,0,151552,0,73,0,0,1,0,,,,,,,,,,,,,,,,,,,,,,,,,,,,,,,,
1506810000,2,rtl,allocator_lane_action,816681,0,1,0,0,151552,1,73,0,0,1,0,,,,,,,,,,,,,,,,,,,,,,,,,,,,,,,,
1506810000,3,rtl,allocator_lane_action,816682,0,1,0,0,151552,1,73,0,0,1,0,,,,,,,,,,,,,,,,,,,,,,,,,,,,,,,,
1506854000,,rtl,allocator_decision,816694,,,,,,,,,,,,idle_to_fetch,150864,15,15,15,15,0,0,15,0,0,,,,,,,,,,,,,,,,,,,,,
1506856000,,tlm,future_gap_advance,,,,,,,,,,,,,,150848,,,,,,,,,,376714,73,73,376740,,,,,,,,,,,,,,,,,
1506914000,0,rtl,allocator_lane_action,816715,0,1,0,0,151552,1,73,0,0,1,0,,,,,,,,,,,,,,,,,,,,,,,,,,,,,,,,
1506914000,1,rtl,allocator_lane_action,816716,0,1,0,0,151552,0,73,0,0,1,0,,,,,,,,,,,,,,,,,,,,,,,,,,,,,,,,
1506914000,2,rtl,allocator_lane_action,816717,0,1,0,0,151552,1,73,0,0,1,0,,,,,,,,,,,,,,,,,,,,,,,,,,,,,,,,
1506914000,3,rtl,allocator_lane_action,816718,0,1,0,0,151552,1,73,0,0,1,0,,,,,,,,,,,,,,,,,,,,,,,,,,,,,,,,
1506958000,,rtl,allocator_decision,816730,,,,,,,,,,,,idle_to_fetch,150880,15,15,15,15,0,0,15,0,0,,,,,,,,,,,,,,,,,,,,,
1506960000,,tlm,future_gap_advance,,,,,,,,,,,,,,150864,,,,,,,,,,376740,73,73,376766,,,,,,,,,,,,,,,,,
1507018000,0,rtl,allocator_lane_action,816751,0,1,0,0,151552,1,73,0,0,1,0,,,,,,,,,,,,,,,,,,,,,,,,,,,,,,,,
1507018000,1,rtl,allocator_lane_action,816752,0,1,0,0,151552,0,73,0,0,1,0,,,,,,,,,,,,,,,,,,,,,,,,,,,,,,,,
1507018000,2,rtl,allocator_lane_action,816753,0,1,0,0,151552,1,73,0,0,1,0,,,,,,,,,,,,,,,,,,,,,,,,,,,,,,,,
1507018000,3,rtl,allocator_lane_action,816754,0,1,0,0,151552,1,73,0,0,1,0,,,,,,,,,,,,,,,,,,,,,,,,,,,,,,,,
1507062000,,rtl,allocator_decision,816766,,,,,,,,,,,,idle_to_fetch,150896,15,15,15,15,0,0,15,0,0,,,,,,,,,,,,,,,,,,,,,
1507064000,,tlm,future_gap_advance,,,,,,,,,,,,,,150880,,,,,,,,,,376766,73,73,376792,,,,,,,,,,,,,,,,,
1507122000,0,rtl,allocator_lane_action,816787,0,1,0,0,151552,1,73,0,0,1,0,,,,,,,,,,,,,,,,,,,,,,,,,,,,,,,,
1507122000,1,rtl,allocator_lane_action,816788,0,1,0,0,151552,0,73,0,0,1,0,,,,,,,,,,,,,,,,,,,,,,,,,,,,,,,,
1507122000,2,rtl,allocator_lane_action,816789,0,1,0,0,151552,1,73,0,0,1,0,,,,,,,,,,,,,,,,,,,,,,,,,,,,,,,,
1507122000,3,rtl,allocator_lane_action,816790,0,1,0,0,151552,1,73,0,0,1,0,,,,,,,,,,,,,,,,,,,,,,,,,,,,,,,,
1507166000,,rtl,allocator_decision,816802,,,,,,,,,,,,idle_to_fetch,150912,15,15,15,15,0,0,15,0,0,,,,,,,,,,,,,,,,,,,,,
1507168000,,tlm,future_gap_advance,,,,,,,,,,,,,,150896,,,,,,,,,,376792,73,73,376818,,,,,,,,,,,,,,,,,
1507226000,0,rtl,allocator_lane_action,816823,0,1,0,0,151552,1,73,0,0,1,0,,,,,,,,,,,,,,,,,,,,,,,,,,,,,,,,
1507226000,1,rtl,allocator_lane_action,816824,0,1,0,0,151552,0,73,0,0,1,0,,,,,,,,,,,,,,,,,,,,,,,,,,,,,,,,
1507226000,2,rtl,allocator_lane_action,816825,0,1,0,0,151552,1,73,0,0,1,0,,,,,,,,,,,,,,,,,,,,,,,,,,,,,,,,
1507226000,3,rtl,allocator_lane_action,816826,0,1,0,0,151552,1,73,0,0,1,0,,,,,,,,,,,,,,,,,,,,,,,,,,,,,,,,
1507270000,,rtl,allocator_decision,816838,,,,,,,,,,,,idle_to_fetch,150928,15,15,15,15,0,0,15,0,0,,,,,,,,,,,,,,,,,,,,,
1507272000,,tlm,future_gap_advance,,,,,,,,,,,,,,150912,,,,,,,,,,376818,73,73,376844,,,,,,,,,,,,,,,,,
1507330000,0,rtl,allocator_lane_action,816859,0,1,0,0,151552,1,73,0,0,1,0,,,,,,,,,,,,,,,,,,,,,,,,,,,,,,,,
1507330000,1,rtl,allocator_lane_action,816860,0,1,0,0,151552,0,73,0,0,1,0,,,,,,,,,,,,,,,,,,,,,,,,,,,,,,,,
1507330000,2,rtl,allocator_lane_action,816861,0,1,0,0,151552,1,73,0,0,1,0,,,,,,,,,,,,,,,,,,,,,,,,,,,,,,,,
1507330000,3,rtl,allocator_lane_action,816862,0,1,0,0,151552,1,73,0,0,1,0,,,,,,,,,,,,,,,,,,,,,,,,,,,,,,,,
1507344000,0,tlm,ticket_enqueue,,,,,,,,,,,,,,,,,,,,,,,,376836,92,92,,188416,sop,0,166,166,1645,1644,,,,,,,,,,
1507344000,1,tlm,ticket_enqueue,,,,,,,,,,,,,,,,,,,,,,,,376836,92,92,,188416,sop,0,109,109,1645,1644,,,,,,,,,,
1507344000,2,tlm,ticket_enqueue,,,,,,,,,,,,,,,,,,,,,,,,376836,92,92,,188416,sop,0,105,105,1645,1644,,,,,,,,,,
1507344000,3,tlm,ticket_enqueue,,,,,,,,,,,,,,,,,,,,,,,,376836,92,92,,188416,sop,0,95,95,1645,1644,,,,,,,,,,
1507348000,0,tlm,ingress_preaccept,,,,,,,,,,,,,,,,,,,,,,,,376837,92,92,,188416,,2,166,,1644,,165,,,,,,,,,
1507348000,1,tlm,ingress_preaccept,,,,,,,,,,,,,,,,,,,,,,,,376837,92,92,,188416,,4,109,,1644,,108,,,,,,,,,
1507348000,2,tlm,ingress_preaccept,,,,,,,,,,,,,,,,,,,,,,,,376837,92,92,,188416,,0,105,,1644,,104,,,,,,,,,
1507348000,3,tlm,ingress_preaccept,,,,,,,,,,,,,,,,,,,,,,,,376837,92,92,,188416,,1,95,,1644,,94,,,,,,,,,
1507348000,2,tlm,ticket_enqueue,,,,,,,,,,,,,,,,,,,,,,,,376837,92,92,,188416,body,0,105,105,1644,1643,,,,,,,,,,
1507352000,2,tlm,ingress_preaccept,,,,,,,,,,,,,,,,,,,,,,,,376838,92,92,,188432,,0,105,,1643,,104,,,,,,,,,
1507352000,2,tlm,ticket_enqueue,,,,,,,,,,,,,,,,,,,,,,,,376838,92,92,,188432,body,0,105,105,1643,1642,,,,,,,,,,
1507352000,3,tlm,ticket_enqueue,,,,,,,,,,,,,,,,,,,,,,,,376838,92,92,,188416,body,1,95,94,1644,1643,,,,,,,,,,
1507356000,2,tlm,ingress_preaccept,,,,,,,,,,,,,,,,,,,,,,,,376839,92,92,,188448,,0,105,,1642,,104,,,,,,,,,
1507356000,3,tlm,ingress_preaccept,,,,,,,,,,,,,,,,,,,,,,,,376839,92,92,,188432,,1,94,,1643,,93,,,,,,,,,
1507356000,0,tlm,ticket_enqueue,,,,,,,,,,,,,,,,,,,,,,,,376839,92,92,,188416,body,2,166,164,1644,1643,,,,,,,,,,
1507356000,2,tlm,ticket_enqueue,,,,,,,,,,,,,,,,,,,,,,,,376839,92,92,,188448,body,0,105,105,1642,1641,,,,,,,,,,
1507360000,0,tlm,ingress_preaccept,,,,,,,,,,,,,,,,,,,,,,,,376840,92,92,,188432,,0,164,,1643,,163,,,,,,,,,
1507360000,2,tlm,ingress_preaccept,,,,,,,,,,,,,,,,,,,,,,,,376840,92,92,,188464,,0,105,,1641,,104,,,,,,,,,
1507360000,0,tlm,ticket_enqueue,,,,,,,,,,,,,,,,,,,,,,,,376840,92,92,,188432,body,0,164,164,1643,1642,,,,,,,,,,
1507360000,2,tlm,ticket_enqueue,,,,,,,,,,,,,,,,,,,,,,,,376840,92,92,,188464,body,0,105,105,1641,1640,,,,,,,,,,
1507360000,3,tlm,ticket_enqueue,,,,,,,,,,,,,,,,,,,,,,,,376840,92,92,,188432,body,1,94,93,1643,1642,,,,,,,,,,
1507364000,0,tlm,ingress_preaccept,,,,,,,,,,,,,,,,,,,,,,,,376841,92,92,,188448,,1,164,,1642,,163,,,,,,,,,
1507364000,2,tlm,ingress_preaccept,,,,,,,,,,,,,,,,,,,,,,,,376841,92,92,,188480,,1,105,,1640,,104,,,,,,,,,
1507364000,3,tlm,ingress_preaccept,,,,,,,,,,,,,,,,,,,,,,,,376841,92,92,,188448,,0,93,,1642,,92,,,,,,,,,
1507364000,1,tlm,ticket_enqueue,,,,,,,,,,,,,,,,,,,,,,,,376841,92,92,,188416,body,4,109,105,1644,1643,,,,,,,,,,
1507364000,3,tlm,ticket_enqueue,,,,,,,,,,,,,,,,,,,,,,,,376841,92,92,,188448,body,0,93,93,1642,1641,,,,,,,,,,
1507368000,1,tlm,ingress_preaccept,,,,,,,,,,,,,,,,,,,,,,,,376842,92,92,,188432,,1,105,,1643,,104,,,,,,,,,
1507368000,3,tlm,ingress_preaccept,,,,,,,,,,,,,,,,,,,,,,,,376842,92,92,,188464,,1,93,,1641,,92,,,,,,,,,
1507368000,0,tlm,ticket_enqueue,,,,,,,,,,,,,,,,,,,,,,,,376842,92,92,,188448,body,1,164,163,1642,1641,,,,,,,,,,
1507368000,2,tlm,ticket_enqueue,,,,,,,,,,,,,,,,,,,,,,,,376842,92,92,,188480,body,1,105,104,1640,1639,,,,,,,,,,
1507372000,0,tlm,ingress_preaccept,,,,,,,,,,,,,,,,,,,,,,,,376843,92,92,,188464,,0,163,,1641,,162,,,,,,,,,
1507372000,2,tlm,ingress_preaccept,,,,,,,,,,,,,,,,,,,,,,,,376843,92,92,,188496,,2,104,,1639,,103,,,,,,,,,
1507372000,0,tlm,ticket_enqueue,,,,,,,,,,,,,,,,,,,,,,,,376843,92,92,,188464,body,0,163,163,1641,1640,,,,,,,,,,
1507372000,1,tlm,ticket_enqueue,,,,,,,,,,,,,,,,,,,,,,,,376843,92,92,,188432,body,1,105,104,1643,1642,,,,,,,,,,
1507372000,3,tlm,ticket_enqueue,,,,,,,,,,,,,,,,,,,,,,,,376843,92,92,,188464,body,1,93,92,1641,1640,,,,,,,,,,
1507374000,,rtl,allocator_decision,816874,,,,,,,,,,,,idle_to_fetch,150944,15,15,15,15,0,0,15,0,0,,,,,,,,,,,,,,,,,,,,,
1507376000,,tlm,future_gap_advance,,,,,,,,,,,,,,150928,,,,,,,,,,376844,73,73,376870,,,,,,,,,,,,,,,,,
1507376000,0,tlm,ingress_preaccept,,,,,,,,,,,,,,,,,,,,,,,,376844,92,92,,188480,,0,163,,1640,,162,,,,,,,,,
1507376000,1,tlm,ingress_preaccept,,,,,,,,,,,,,,,,,,,,,,,,376844,92,92,,188448,,1,104,,1642,,103,,,,,,,,,
1507376000,3,tlm,ingress_preaccept,,,,,,,,,,,,,,,,,,,,,,,,376844,92,92,,188480,,1,92,,1640,,91,,,,,,,,,
1507376000,0,tlm,ticket_enqueue,,,,,,,,,,,,,,,,,,,,,,,,376844,92,92,,188480,body,0,163,163,1640,1639,,,,,,,,,,
1507380000,0,tlm,ingress_preaccept,,,,,,,,,,,,,,,,,,,,,,,,376845,92,92,,188496,,0,163,,1639,,162,,,,,,,,,
1507380000,0,tlm,ticket_enqueue,,,,,,,,,,,,,,,,,,,,,,,,376845,92,92,,188496,body,0,163,163,1639,1638,,,,,,,,,,
1507380000,1,tlm,ticket_enqueue,,,,,,,,,,,,,,,,,,,,,,,,376845,92,92,,188448,body,1,104,103,1642,1641,,,,,,,,,,
1507380000,2,tlm,ticket_enqueue,,,,,,,,,,,,,,,,,,,,,,,,376845,92,92,,188496,body,2,104,102,1639,1638,,,,,,,,,,
1507380000,3,tlm,ticket_enqueue,,,,,,,,,,,,,,,,,,,,,,,,376845,92,92,,188480,body,1,92,91,1640,1639,,,,,,,,,,
1507384000,0,tlm,ingress_preaccept,,,,,,,,,,,,,,,,,,,,,,,,376846,92,92,,188512,,1,163,,1638,,162,,,,,,,,,
1507384000,1,tlm,ingress_preaccept,,,,,,,,,,,,,,,,,,,,,,,,376846,92,92,,188464,,2,103,,1641,,102,,,,,,,,,
1507384000,2,tlm,ingress_preaccept,,,,,,,,,,,,,,,,,,,,,,,,376846,92,92,,188512,,1,102,,1638,,101,,,,,,,,,
1507384000,3,tlm,ingress_preaccept,,,,,,,,,,,,,,,,,,,,,,,,376846,92,92,,188496,,1,91,,1639,,90,,,,,,,,,
1507388000,0,tlm,ticket_enqueue,,,,,,,,,,,,,,,,,,,,,,,,376847,92,92,,188512,body,1,163,162,1638,1637,,,,,,,,,,
1507388000,2,tlm,ticket_enqueue,,,,,,,,,,,,,,,,,,,,,,,,376847,92,92,,188512,body,1,102,101,1638,1637,,,,,,,,,,
1507388000,3,tlm,ticket_enqueue,,,,,,,,,,,,,,,,,,,,,,,,376847,92,92,,188496,body,1,91,90,1639,1638,,,,,,,,,,
1507392000,0,tlm,ingress_preaccept,,,,,,,,,,,,,,,,,,,,,,,,376848,92,92,,188528,,3,162,,1637,,161,,,,,,,,,
1507392000,2,tlm,ingress_preaccept,,,,,,,,,,,,,,,,,,,,,,,,376848,92,92,,188528,,3,101,,1637,,100,,,,,,,,,
1507392000,3,tlm,ingress_preaccept,,,,,,,,,,,,,,,,,,,,,,,,376848,92,92,,188512,,0,90,,1638,,89,,,,,,,,,
1507392000,1,tlm,ticket_enqueue,,,,,,,,,,,,,,,,,,,,,,,,376848,92,92,,188464,body,2,103,101,1641,1640,,,,,,,,,,
1507392000,3,tlm,ticket_enqueue,,,,,,,,,,,,,,,,,,,,,,,,376848,92,92,,188512,body,0,90,90,1638,1637,,,,,,,,,,
1507396000,1,tlm,ingress_preaccept,,,,,,,,,,,,,,,,,,,,,,,,376849,92,92,,188480,,1,101,,1640,,100,,,,,,,,,
1507396000,3,tlm,ingress_preaccept,,,,,,,,,,,,,,,,,,,,,,,,376849,92,92,,188528,,0,90,,1637,,89,,,,,,,,,
1507396000,3,tlm,ticket_enqueue,,,,,,,,,,,,,,,,,,,,,,,,376849,92,92,,188528,body,0,90,90,1637,1636,,,,,,,,,,
1507400000,3,tlm,ingress_preaccept,,,,,,,,,,,,,,,,,,,,,,,,376850,92,92,,188544,,2,90,,1636,,89,,,,,,,,,
1507400000,1,tlm,ticket_enqueue,,,,,,,,,,,,,,,,,,,,,,,,376850,92,92,,188480,body,1,101,100,1640,1639,,,,,,,,,,
1507404000,1,tlm,ingress_preaccept,,,,,,,,,,,,,,,,,,,,,,,,376851,92,92,,188496,,0,100,,1639,,99,,,,,,,,,
1507404000,0,tlm,ticket_enqueue,,,,,,,,,,,,,,,,,,,,,,,,376851,92,92,,188528,body,3,162,159,1637,1636,,,,,,,,,,
1507404000,1,tlm,ticket_enqueue,,,,,,,,,,,,,,,,,,,,,,,,376851,92,92,,188496,body,0,100,100,1639,1638,,,,,,,,,,
1507404000,2,tlm,ticket_enqueue,,,,,,,,,,,,,,,,,,,,,,,,376851,92,92,,188528,body,3,101,98,1637,1636,,,,,,,,,,
1507408000,0,tlm,ingress_preaccept,,,,,,,,,,,,,,,,,,,,,,,,376852,92,92,,188544,,1,159,,1636,,158,,,,,,,,,
1507408000,1,tlm,ingress_preaccept,,,,,,,,,,,,,,,,,,,,,,,,376852,92,92,,188512,,1,100,,1638,,99,,,,,,,,,
1507408000,2,tlm,ingress_preaccept,,,,,,,,,,,,,,,,,,,,,,,,376852,92,92,,188544,,1,98,,1636,,97,,,,,,,,,
1507408000,3,tlm,ticket_enqueue,,,,,,,,,,,,,,,,,,,,,,,,376852,92,92,,188544,body,2,90,88,1636,1635,,,,,,,,,,
1507412000,3,tlm,ingress_preaccept,,,,,,,,,,,,,,,,,,,,,,,,376853,92,92,,188560,,1,88,,1635,,87,,,,,,,,,
1507412000,0,tlm,ticket_enqueue,,,,,,,,,,,,,,,,,,,,,,,,376853,92,92,,188544,body,1,159,158,1636,1635,,,,,,,,,,
1507412000,1,tlm,ticket_enqueue,,,,,,,,,,,,,,,,,,,,,,,,376853,92,92,,188512,body,1,100,99,1638,1637,,,,,,,,,,
1507412000,2,tlm,ticket_enqueue,,,,,,,,,,,,,,,,,,,,,,,,376853,92,92,,188544,body,1,98,97,1636,1635,,,,,,,,,,
1507416000,0,tlm,ingress_preaccept,,,,,,,,,,,,,,,,,,,,,,,,376854,92,92,,188560,,1,158,,1635,,157,,,,,,,,,
1507416000,1,tlm,ingress_preaccept,,,,,,,,,,,,,,,,,,,,,,,,376854,92,92,,188528,,1,99,,1637,,98,,,,,,,,,
1507416000,2,tlm,ingress_preaccept,,,,,,,,,,,,,,,,,,,,,,,,376854,92,92,,188560,,1,97,,1635,,96,,,,,,,,,
1507416000,3,tlm,ticket_enqueue,,,,,,,,,,,,,,,,,,,,,,,,376854,92,92,,188560,body,1,88,87,1635,1634,,,,,,,,,,
1507420000,3,tlm,ingress_preaccept,,,,,,,,,,,,,,,,,,,,,,,,376855,92,92,,188576,,0,87,,1634,,86,,,,,,,,,
1507420000,0,tlm,ticket_enqueue,,,,,,,,,,,,,,,,,,,,,,,,376855,92,92,,188560,body,1,158,157,1635,1634,,,,,,,,,,
1507420000,1,tlm,ticket_enqueue,,,,,,,,,,,,,,,,,,,,,,,,376855,92,92,,188528,body,1,99,98,1637,1636,,,,,,,,,,
1507420000,2,tlm,ticket_enqueue,,,,,,,,,,,,,,,,,,,,,,,,376855,92,92,,188560,body,1,97,96,1635,1634,,,,,,,,,,
1507420000,3,tlm,ticket_enqueue,,,,,,,,,,,,,,,,,,,,,,,,376855,92,92,,188576,body,0,87,87,1634,1633,,,,,,,,,,
1507424000,0,tlm,ingress_preaccept,,,,,,,,,,,,,,,,,,,,,,,,376856,92,92,,188576,,1,157,,1634,,156,,,,,,,,,
1507424000,1,tlm,ingress_preaccept,,,,,,,,,,,,,,,,,,,,,,,,376856,92,92,,188544,,0,98,,1636,,97,,,,,,,,,
1507424000,2,tlm,ingress_preaccept,,,,,,,,,,,,,,,,,,,,,,,,376856,92,92,,188576,,1,96,,1634,,95,,,,,,,,,
1507424000,3,tlm,ingress_preaccept,,,,,,,,,,,,,,,,,,,,,,,,376856,92,92,,188592,,0,87,,1633,,86,,,,,,,,,
1507424000,1,tlm,ticket_enqueue,,,,,,,,,,,,,,,,,,,,,,,,376856,92,92,,188544,body,0,98,98,1636,1635,,,,,,,,,,
1507424000,3,tlm,ticket_enqueue,,,,,,,,,,,,,,,,,,,,,,,,376856,92,92,,188592,body,0,87,87,1633,1632,,,,,,,,,,
1507428000,1,tlm,ingress_preaccept,,,,,,,,,,,,,,,,,,,,,,,,376857,92,92,,188560,,2,98,,1635,,97,,,,,,,,,
1507428000,3,tlm,ingress_preaccept,,,,,,,,,,,,,,,,,,,,,,,,376857,92,92,,188608,,0,87,,1632,,86,,,,,,,,,
1507428000,0,tlm,ticket_enqueue,,,,,,,,,,,,,,,,,,,,,,,,376857,92,92,,188576,body,1,157,156,1634,1633,,,,,,,,,,
1507428000,2,tlm,ticket_enqueue,,,,,,,,,,,,,,,,,,,,,,,,376857,92,92,,188576,body,1,96,95,1634,1633,,,,,,,,,,
1507428000,3,tlm,ticket_enqueue,,,,,,,,,,,,,,,,,,,,,,,,376857,92,92,,188608,body,0,87,87,1632,1631,,,,,,,,,,
1507432000,0,tlm,ingress_preaccept,,,,,,,,,,,,,,,,,,,,,,,,376858,92,92,,188592,,0,156,,1633,,155,,,,,,,,,
1507432000,2,tlm,ingress_preaccept,,,,,,,,,,,,,,,,,,,,,,,,376858,92,92,,188592,,1,95,,1633,,94,,,,,,,,,
1507432000,3,tlm,ingress_preaccept,,,,,,,,,,,,,,,,,,,,,,,,376858,92,92,,188624,,0,87,,1631,,86,,,,,,,,,
1507432000,0,tlm,ticket_enqueue,,,,,,,,,,,,,,,,,,,,,,,,376858,92,92,,188592,body,0,156,156,1633,1632,,,,,,,,,,
1507432000,3,tlm,ticket_enqueue,,,,,,,,,,,,,,,,,,,,,,,,376858,92,92,,188624,body,0,87,87,1631,1630,,,,,,,,,,
1507434000,0,rtl,allocator_lane_action,816895,0,1,0,0,151552,1,73,0,0,1,0,,,,,,,,,,,,,,,,,,,,,,,,,,,,,,,,
1507434000,1,rtl,allocator_lane_action,816896,0,1,0,0,151552,0,73,0,0,1,0,,,,,,,,,,,,,,,,,,,,,,,,,,,,,,,,
1507434000,2,rtl,allocator_lane_action,816897,0,1,0,0,151552,1,73,0,0,1,0,,,,,,,,,,,,,,,,,,,,,,,,,,,,,,,,
1507434000,3,rtl,allocator_lane_action,816898,0,1,0,0,151552,1,73,0,0,1,0,,,,,,,,,,,,,,,,,,,,,,,,,,,,,,,,
1507436000,0,tlm,ingress_preaccept,,,,,,,,,,,,,,,,,,,,,,,,376859,92,92,,188608,,1,156,,1632,,155,,,,,,,,,
1507436000,3,tlm,ingress_preaccept,,,,,,,,,,,,,,,,,,,,,,,,376859,92,92,,188640,,1,87,,1630,,86,,,,,,,,,
1507436000,1,tlm,ticket_enqueue,,,,,,,,,,,,,,,,,,,,,,,,376859,92,92,,188560,body,2,98,96,1635,1634,,,,,,,,,,
1507436000,2,tlm,ticket_enqueue,,,,,,,,,,,,,,,,,,,,,,,,376859,92,92,,188592,body,1,95,94,1633,1632,,,,,,,,,,
1507440000,1,tlm,ingress_preaccept,,,,,,,,,,,,,,,,,,,,,,,,376860,92,92,,188576,,0,96,,1634,,95,,,,,,,,,
1507440000,2,tlm,ingress_preaccept,,,,,,,,,,,,,,,,,,,,,,,,376860,92,92,,188608,,0,94,,1632,,93,,,,,,,,,
1507440000,0,tlm,ticket_enqueue,,,,,,,,,,,,,,,,,,,,,,,,376860,92,92,,188608,body,1,156,155,1632,1631,,,,,,,,,,
1507440000,1,tlm,ticket_enqueue,,,,,,,,,,,,,,,,,,,,,,,,376860,92,92,,188576,body,0,96,96,1634,1633,,,,,,,,,,
1507440000,2,tlm,ticket_enqueue,,,,,,,,,,,,,,,,,,,,,,,,376860,92,92,,188608,body,0,94,94,1632,1631,,,,,,,,,,
1507440000,3,tlm,ticket_enqueue,,,,,,,,,,,,,,,,,,,,,,,,376860,92,92,,188640,body,1,87,86,1630,1629,,,,,,,,,,
1507444000,0,tlm,ingress_preaccept,,,,,,,,,,,,,,,,,,,,,,,,376861,92,92,,188624,,1,155,,1631,,154,,,,,,,,,
1507444000,1,tlm,ingress_preaccept,,,,,,,,,,,,,,,,,,,,,,,,376861,92,92,,188592,,0,96,,1633,,95,,,,,,,,,
1507444000,2,tlm,ingress_preaccept,,,,,,,,,,,,,,,,,,,,,,,,376861,92,92,,188624,,1,94,,1631,,93,,,,,,,,,
1507444000,3,tlm,ingress_preaccept,,,,,,,,,,,,,,,,,,,,,,,,376861,92,92,,188656,,2,86,,1629,,85,,,,,,,,,
1507444000,1,tlm,ticket_enqueue,,,,,,,,,,,,,,,,,,,,,,,,376861,92,92,,188592,body,0,96,96,1633,1632,,,,,,,,,,
1507448000,1,tlm,ingress_preaccept,,,,,,,,,,,,,,,,,,,,,,,,376862,92,92,,188608,,0,96,,1632,,95,,,,,,,,,
1507448000,0,tlm,ticket_enqueue,,,,,,,,,,,,,,,,,,,,,,,,376862,92,92,,188624,body,1,155,154,1631,1630,,,,,,,,,,
1507448000,1,tlm,ticket_enqueue,,,,,,,,,,,,,,,,,,,,,,,,376862,92,92,,188608,body,0,96,96,1632,1631,,,,,,,,,,
1507448000,2,tlm,ticket_enqueue,,,,,,,,,,,,,,,,,,,,,,,,376862,92,92,,188624,body,1,94,93,1631,1630,,,,,,,,,,
1507452000,0,tlm,ingress_preaccept,,,,,,,,,,,,,,,,,,,,,,,,376863,92,92,,188640,,0,154,,1630,,153,,,,,,,,,
1507452000,1,tlm,ingress_preaccept,,,,,,,,,,,,,,,,,,,,,,,,376863,92,92,,188624,,1,96,,1631,,95,,,,,,,,,
1507452000,2,tlm,ingress_preaccept,,,,,,,,,,,,,,,,,,,,,,,,376863,92,92,,188640,,1,93,,1630,,92,,,,,,,,,
1507452000,0,tlm,ticket_enqueue,,,,,,,,,,,,,,,,,,,,,,,,376863,92,92,,188640,body,0,154,154,1630,1629,,,,,,,,,,
1507452000,3,tlm,ticket_enqueue,,,,,,,,,,,,,,,,,,,,,,,,376863,92,92,,188656,body,2,86,84,1629,1628,,,,,,,,,,
1507456000,0,tlm,ingress_preaccept,,,,,,,,,,,,,,,,,,,,,,,,376864,92,92,,188656,,0,154,,1629,,153,,,,,,,,,
1507456000,3,tlm,ingress_preaccept,,,,,,,,,,,,,,,,,,,,,,,,376864,92,92,,188672,,1,84,,1628,,83,,,,,,,,,
1507456000,0,tlm,ticket_enqueue,,,,,,,,,,,,,,,,,,,,,,,,376864,92,92,,188656,body,0,154,154,1629,1628,,,,,,,,,,
1507456000,1,tlm,ticket_enqueue,,,,,,,,,,,,,,,,,,,,,,,,376864,92,92,,188624,body,1,96,95,1631,1630,,,,,,,,,,
1507456000,2,tlm,ticket_enqueue,,,,,,,,,,,,,,,,,,,,,,,,376864,92,92,,188640,body,1,93,92,1630,1629,,,,,,,,,,
1507460000,0,tlm,ingress_preaccept,,,,,,,,,,,,,,,,,,,,,,,,376865,92,92,,188672,,1,154,,1628,,153,,,,,,,,,
1507460000,1,tlm,ingress_preaccept,,,,,,,,,,,,,,,,,,,,,,,,376865,92,92,,188640,,2,95,,1630,,94,,,,,,,,,
1507460000,2,tlm,ingress_preaccept,,,,,,,,,,,,,,,,,,,,,,,,376865,92,92,,188656,,1,92,,1629,,91,,,,,,,,,
1507460000,3,tlm,ticket_enqueue,,,,,,,,,,,,,,,,,,,,,,,,376865,92,92,,188672,body,1,84,83,1628,1627,,,,,,,,,,
1507464000,3,tlm,ingress_preaccept,,,,,,,,,,,,,,,,,,,,,,,,376866,92,92,,188688,,1,83,,1627,,82,,,,,,,,,
1507464000,0,tlm,ticket_enqueue,,,,,,,,,,,,,,,,,,,,,,,,376866,92,92,,188672,body,1,154,153,1628,1627,,,,,,,,,,
1507464000,2,tlm,ticket_enqueue,,,,,,,,,,,,,,,,,,,,,,,,376866,92,92,,188656,body,1,92,91,1629,1628,,,,,,,,,,
1507468000,0,tlm,ingress_preaccept,,,,,,,,,,,,,,,,,,,,,,,,376867,92,92,,188688,,1,153,,1627,,152,,,,,,,,,
1507468000,2,tlm,ingress_preaccept,,,,,,,,,,,,,,,,,,,,,,,,376867,92,92,,188672,,1,91,,1628,,90,,,,,,,,,
1507468000,1,tlm,ticket_enqueue,,,,,,,,,,,,,,,,,,,,,,,,376867,92,92,,188640,body,2,95,93,1630,1629,,,,,,,,,,
1507468000,3,tlm,ticket_enqueue,,,,,,,,,,,,,,,,,,,,,,,,376867,92,92,,188688,body,1,83,82,1627,1626,,,,,,,,,,
1507472000,1,tlm,ingress_preaccept,,,,,,,,,,,,,,,,,,,,,,,,376868,92,92,,188656,,0,93,,1629,,92,,,,,,,,,
1507472000,3,tlm,ingress_preaccept,,,,,,,,,,,,,,,,,,,,,,,,376868,92,92,,188704,,1,82,,1626,,81,,,,,,,,,
1507472000,0,tlm,ticket_enqueue,,,,,,,,,,,,,,,,,,,,,,,,376868,92,92,,188688,body,1,153,152,1627,1626,,,,,,,,,,
1507472000,1,tlm,ticket_enqueue,,,,,,,,,,,,,,,,,,,,,,,,376868,92,92,,188656,body,0,93,93,1629,1628,,,,,,,,,,
1507472000,2,tlm,ticket_enqueue,,,,,,,,,,,,,,,,,,,,,,,,376868,92,92,,188672,body,1,91,90,1628,1627,,,,,,,,,,
1507476000,0,tlm,ingress_preaccept,,,,,,,,,,,,,,,,,,,,,,,,376869,92,92,,188704,,0,152,,1626,,151,,,,,,,,,
1507476000,1,tlm,ingress_preaccept,,,,,,,,,,,,,,,,,,,,,,,,376869,92,92,,188672,,1,93,,1628,,92,,,,,,,,,
1507476000,2,tlm,ingress_preaccept,,,,,,,,,,,,,,,,,,,,,,,,376869,92,92,,188688,,0,90,,1627,,89,,,,,,,,,
1507476000,0,tlm,ticket_enqueue,,,,,,,,,,,,,,,,,,,,,,,,376869,92,92,,188704,body,0,152,152,1626,1625,,,,,,,,,,
1507476000,2,tlm,ticket_enqueue,,,,,,,,,,,,,,,,,,,,,,,,376869,92,92,,188688,body,0,90,90,1627,1626,,,,,,,,,,
1507476000,3,tlm,ticket_enqueue,,,,,,,,,,,,,,,,,,,,,,,,376869,92,92,,188704,body,1,82,81,1626,1625,,,,,,,,,,
1507478000,,rtl,allocator_decision,816910,,,,,,,,,,,,idle_to_fetch,150960,15,15,15,15,0,0,15,0,0,,,,,,,,,,,,,,,,,,,,,
1507480000,,tlm,future_gap_advance,,,,,,,,,,,,,,150944,,,,,,,,,,376870,73,73,376896,,,,,,,,,,,,,,,,,
1507480000,0,tlm,ingress_preaccept,,,,,,,,,,,,,,,,,,,,,,,,376870,92,92,,188720,,0,152,,1625,,151,,,,,,,,,
1507480000,2,tlm,ingress_preaccept,,,,,,,,,,,,,,,,,,,,,,,,376870,92,92,,188704,,1,90,,1626,,89,,,,,,,,,
1507480000,3,tlm,ingress_preaccept,,,,,,,,,,,,,,,,,,,,,,,,376870,92,92,,188720,,0,81,,1625,,80,,,,,,,,,
1507480000,0,tlm,ticket_enqueue,,,,,,,,,,,,,,,,,,,,,,,,376870,92,92,,188720,body,0,152,152,1625,1624,,,,,,,,,,
1507480000,1,tlm,ticket_enqueue,,,,,,,,,,,,,,,,,,,,,,,,376870,92,92,,188672,body,1,93,92,1628,1627,,,,,,,,,,
1507480000,3,tlm,ticket_enqueue,,,,,,,,,,,,,,,,,,,,,,,,376870,92,92,,188720,body,0,81,81,1625,1624,,,,,,,,,,
1507484000,0,tlm,ingress_preaccept,,,,,,,,,,,,,,,,,,,,,,,,376871,92,92,,188736,,1,152,,1624,,151,,,,,,,,,
1507484000,1,tlm,ingress_preaccept,,,,,,,,,,,,,,,,,,,,,,,,376871,92,92,,188688,,1,92,,1627,,91,,,,,,,,,
1507484000,3,tlm,ingress_preaccept,,,,,,,,,,,,,,,,,,,,,,,,376871,92,92,,188736,,3,81,,1624,,80,,,,,,,,,
1507484000,2,tlm,ticket_enqueue,,,,,,,,,,,,,,,,,,,,,,,,376871,92,92,,188704,body,1,90,89,1626,1625,,,,,,,,,,
1507488000,2,tlm,ingress_preaccept,,,,,,,,,,,,,,,,,,,,,,,,376872,92,92,,188720,,2,89,,1625,,88,,,,,,,,,
1507488000,0,tlm,ticket_enqueue,,,,,,,,,,,,,,,,,,,,,,,,376872,92,92,,188736,body,1,152,151,1624,1623,,,,,,,,,,
1507488000,1,tlm,ticket_enqueue,,,,,,,,,,,,,,,,,,,,,,,,376872,92,92,,188688,body,1,92,91,1627,1626,,,,,,,,,,
1507492000,0,tlm,ingress_preaccept,,,,,,,,,,,,,,,,,,,,,,,,376873,92,92,,188752,,1,151,,1623,,150,,,,,,,,,
1507492000,1,tlm,ingress_preaccept,,,,,,,,,,,,,,,,,,,,,,,,376873,92,92,,188704,,0,91,,1626,,90,,,,,,,,,
1507492000,1,tlm,ticket_enqueue,,,,,,,,,,,,,,,,,,,,,,,,376873,92,92,,188704,body,0,91,91,1626,1625,,,,,,,,,,
1507496000,1,tlm,ingress_preaccept,,,,,,,,,,,,,,,,,,,,,,,,376874,92,92,,188720,,2,91,,1625,,90,,,,,,,,,
1507496000,0,tlm,ticket_enqueue,,,,,,,,,,,,,,,,,,,,,,,,376874,92,92,,188752,body,1,151,150,1623,1622,,,,,,,,,,
1507496000,2,tlm,ticket_enqueue,,,,,,,,,,,,,,,,,,,,,,,,376874,92,92,,188720,body,2,89,87,1625,1624,,,,,,,,,,
1507496000,3,tlm,ticket_enqueue,,,,,,,,,,,,,,,,,,,,,,,,376874,92,92,,188736,body,3,81,78,1624,1623,,,,,,,,,,
1507500000,0,tlm,ingress_preaccept,,,,,,,,,,,,,,,,,,,,,,,,376875,92,92,,188768,,1,150,,1622,,149,,,,,,,,,
1507500000,2,tlm,ingress_preaccept,,,,,,,,,,,,,,,,,,,,,,,,376875,92,92,,188736,,0,87,,1624,,86,,,,,,,,,
1507500000,3,tlm,ingress_preaccept,,,,,,,,,,,,,,,,,,,,,,,,376875,92,92,,188752,,0,78,,1623,,77,,,,,,,,,
1507500000,2,tlm,ticket_enqueue,,,,,,,,,,,,,,,,,,,,,,,,376875,92,92,,188736,body,0,87,87,1624,1623,,,,,,,,,,
1507500000,3,tlm,ticket_enqueue,,,,,,,,,,,,,,,,,,,,,,,,376875,92,92,,188752,body,0,78,78,1623,1622,,,,,,,,,,
1507504000,2,tlm,ingress_preaccept,,,,,,,,,,,,,,,,,,,,,,,,376876,92,92,,188752,,2,87,,1623,,86,,,,,,,,,
1507504000,3,tlm,ingress_preaccept,,,,,,,,,,,,,,,,,,,,,,,,376876,92,92,,188768,,2,78,,1622,,77,,,,,,,,,
1507504000,0,tlm,ticket_enqueue,,,,,,,,,,,,,,,,,,,,,,,,376876,92,92,,188768,body,1,150,149,1622,1621,,,,,,,,,,
1507504000,1,tlm,ticket_enqueue,,,,,,,,,,,,,,,,,,,,,,,,376876,92,92,,188720,body,2,91,89,1625,1624,,,,,,,,,,
1507508000,0,tlm,ingress_preaccept,,,,,,,,,,,,,,,,,,,,,,,,376877,92,92,,188784,,2,149,,1621,,148,,,,,,,,,
1507508000,1,tlm,ingress_preaccept,,,,,,,,,,,,,,,,,,,,,,,,376877,92,92,,188736,,1,89,,1624,,88,,,,,,,,,
1507512000,1,tlm,ticket_enqueue,,,,,,,,,,,,,,,,,,,,,,,,376878,92,92,,188736,body,1,89,88,1624,1623,,,,,,,,,,
1507512000,2,tlm,ticket_enqueue,,,,,,,,,,,,,,,,,,,,,,,,376878,92,92,,188752,body,2,87,85,1623,1622,,,,,,,,,,
1507512000,3,tlm,ticket_enqueue,,,,,,,,,,,,,,,,,,,,,,,,376878,92,92,,188768,body,2,78,76,1622,1621,,,,,,,,,,
1507516000,1,tlm,ingress_preaccept,,,,,,,,,,,,,,,,,,,,,,,,376879,92,92,,188752,,2,88,,1623,,87,,,,,,,,,
1507516000,2,tlm,ingress_preaccept,,,,,,,,,,,,,,,,,,,,,,,,376879,92,92,,188768,,0,85,,1622,,84,,,,,,,,,
1507516000,3,tlm,ingress_preaccept,,,,,,,,,,,,,,,,,,,,,,,,376879,92,92,,188784,,0,76,,1621,,75,,,,,,,,,
1507516000,0,tlm,ticket_enqueue,,,,,,,,,,,,,,,,,,,,,,,,376879,92,92,,188784,body,2,149,147,1621,1620,,,,,,,,,,
1507516000,2,tlm,ticket_enqueue,,,,,,,,,,,,,,,,,,,,,,,,376879,92,92,,188768,body,0,85,85,1622,1621,,,,,,,,,,
1507516000,3,tlm,ticket_enqueue,,,,,,,,,,,,,,,,,,,,,,,,376879,92,92,,188784,body,0,76,76,1621,1620,,,,,,,,,,
1507520000,0,tlm,ingress_preaccept,,,,,,,,,,,,,,,,,,,,,,,,376880,92,92,,188800,,2,147,,1620,,146,,,,,,,,,
1507520000,2,tlm,ingress_preaccept,,,,,,,,,,,,,,,,,,,,,,,,376880,92,92,,188784,,1,85,,1621,,84,,,,,,,,,
1507520000,3,tlm,ingress_preaccept,,,,,,,,,,,,,,,,,,,,,,,,376880,92,92,,188800,,0,76,,1620,,75,,,,,,,,,
1507520000,3,tlm,ticket_enqueue,,,,,,,,,,,,,,,,,,,,,,,,376880,92,92,,188800,body,0,76,76,1620,1619,,,,,,,,,,
1507524000,3,tlm,ingress_preaccept,,,,,,,,,,,,,,,,,,,,,,,,376881,92,92,,188816,,1,76,,1619,,75,,,,,,,,,
1507524000,1,tlm,ticket_enqueue,,,,,,,,,,,,,,,,,,,,,,,,376881,92,92,,188752,body,2,88,86,1623,1622,,,,,,,,,,
1507524000,2,tlm,ticket_enqueue,,,,,,,,,,,,,,,,,,,,,,,,376881,92,92,,188784,body,1,85,84,1621,1620,,,,,,,,,,
1507528000,1,tlm,ingress_preaccept,,,,,,,,,,,,,,,,,,,,,,,,376882,92,92,,188768,,0,86,,1622,,85,,,,,,,,,
1507528000,2,tlm,ingress_preaccept,,,,,,,,,,,,,,,,,,,,,,,,376882,92,92,,188800,,1,84,,1620,,83,,,,,,,,,
1507528000,0,tlm,ticket_enqueue,,,,,,,,,,,,,,,,,,,,,,,,376882,92,92,,188800,body,2,147,145,1620,1619,,,,,,,,,,
1507528000,1,tlm,ticket_enqueue,,,,,,,,,,,,,,,,,,,,,,,,376882,92,92,,188768,body,0,86,86,1622,1621,,,,,,,,,,
1507528000,3,tlm,ticket_enqueue,,,,,,,,,,,,,,,,,,,,,,,,376882,92,92,,188816,body,1,76,75,1619,1618,,,,,,,,,,
1507532000,0,tlm,ingress_preaccept,,,,,,,,,,,,,,,,,,,,,,,,376883,92,92,,188816,,0,145,,1619,,144,,,,,,,,,
1507532000,1,tlm,ingress_preaccept,,,,,,,,,,,,,,,,,,,,,,,,376883,92,92,,188784,,1,86,,1621,,85,,,,,,,,,
1507532000,3,tlm,ingress_preaccept,,,,,,,,,,,,,,,,,,,,,,,,376883,92,92,,188832,,0,75,,1618,,74,,,,,,,,,
1507532000,0,tlm,ticket_enqueue,,,,,,,,,,,,,,,,,,,,,,,,376883,92,92,,188816,body,0,145,145,1619,1618,,,,,,,,,,
1507532000,2,tlm,ticket_enqueue,,,,,,,,,,,,,,,,,,,,,,,,376883,92,92,,188800,body,1,84,83,1620,1619,,,,,,,,,,
1507532000,3,tlm,ticket_enqueue,,,,,,,,,,,,,,,,,,,,,,,,376883,92,92,,188832,body,0,75,75,1618,1617,,,,,,,,,,
1507536000,0,tlm,ingress_preaccept,,,,,,,,,,,,,,,,,,,,,,,,376884,92,92,,188832,,3,145,,1618,,144,,,,,,,,,
1507536000,2,tlm,ingress_preaccept,,,,,,,,,,,,,,,,,,,,,,,,376884,92,92,,188816,,1,83,,1619,,82,,,,,,,,,
1507536000,3,tlm,ingress_preaccept,,,,,,,,,,,,,,,,,,,,,,,,376884,92,92,,188848,,0,75,,1617,,74,,,,,,,,,
1507536000,1,tlm,ticket_enqueue,,,,,,,,,,,,,,,,,,,,,,,,376884,92,92,,188784,body,1,86,85,1621,1620,,,,,,,,,,
1507536000,3,tlm,ticket_enqueue,,,,,,,,,,,,,,,,,,,,,,,,376884,92,92,,188848,body,0,75,75,1617,1616,,,,,,,,,,
1507538000,0,rtl,allocator_lane_action,816931,0,1,0,0,151552,1,73,0,0,1,0,,,,,,,,,,,,,,,,,,,,,,,,,,,,,,,,
1507538000,1,rtl,allocator_lane_action,816932,0,1,0,0,151552,0,73,0,0,1,0,,,,,,,,,,,,,,,,,,,,,,,,,,,,,,,,
1507538000,2,rtl,allocator_lane_action,816933,0,1,0,0,151552,1,73,0,0,1,0,,,,,,,,,,,,,,,,,,,,,,,,,,,,,,,,
1507538000,3,rtl,allocator_lane_action,816934,0,1,0,0,151552,1,73,0,0,1,0,,,,,,,,,,,,,,,,,,,,,,,,,,,,,,,,
1507540000,1,tlm,ingress_preaccept,,,,,,,,,,,,,,,,,,,,,,,,376885,92,92,,188800,,0,85,,1620,,84,,,,,,,,,
1507540000,3,tlm,ingress_preaccept,,,,,,,,,,,,,,,,,,,,,,,,376885,92,92,,188864,,0,75,,1616,,74,,,,,,,,,
1507540000,1,tlm,ticket_enqueue,,,,,,,,,,,,,,,,,,,,,,,,376885,92,92,,188800,body,0,85,85,1620,1619,,,,,,,,,,
1507540000,2,tlm,ticket_enqueue,,,,,,,,,,,,,,,,,,,,,,,,376885,92,92,,188816,body,1,83,82,1619,1618,,,,,,,,,,
1507540000,3,tlm,ticket_enqueue,,,,,,,,,,,,,,,,,,,,,,,,376885,92,92,,188864,body,0,75,75,1616,1615,,,,,,,,,,
1507544000,1,tlm,ingress_preaccept,,,,,,,,,,,,,,,,,,,,,,,,376886,92,92,,188816,,0,85,,1619,,84,,,,,,,,,
1507544000,2,tlm,ingress_preaccept,,,,,,,,,,,,,,,,,,,,,,,,376886,92,92,,188832,,1,82,,1618,,81,,,,,,,,,
1507544000,3,tlm,ingress_preaccept,,,,,,,,,,,,,,,,,,,,,,,,376886,92,92,,188880,,0,75,,1615,,74,,,,,,,,,
1507544000,1,tlm,ticket_enqueue,,,,,,,,,,,,,,,,,,,,,,,,376886,92,92,,188816,body,0,85,85,1619,1618,,,,,,,,,,
1507544000,3,tlm,ticket_enqueue,,,,,,,,,,,,,,,,,,,,,,,,376886,92,92,,188880,body,0,75,75,1615,1614,,,,,,,,,,
1507548000,1,tlm,ingress_preaccept,,,,,,,,,,,,,,,,,,,,,,,,376887,92,92,,188832,,0,85,,1618,,84,,,,,,,,,
1507548000,3,tlm,ingress_preaccept,,,,,,,,,,,,,,,,,,,,,,,,376887,92,92,,188896,,0,75,,1614,,74,,,,,,,,,
1507548000,0,tlm,ticket_enqueue,,,,,,,,,,,,,,,,,,,,,,,,376887,92,92,,188832,body,3,145,142,1618,1617,,,,,,,,,,
1507548000,1,tlm,ticket_enqueue,,,,,,,,,,,,,,,,,,,,,,,,376887,92,92,,188832,body,0,85,85,1618,1617,,,,,,,,,,
1507548000,2,tlm,ticket_enqueue,,,,,,,,,,,,,,,,,,,,,,,,376887,92,92,,188832,body,1,82,81,1618,1617,,,,,,,,,,
1507548000,3,tlm,ticket_enqueue,,,,,,,,,,,,,,,,,,,,,,,,376887,92,92,,188896,body,0,75,75,1614,1613,,,,,,,,,,
1507552000,0,tlm,ingress_preaccept,,,,,,,,,,,,,,,,,,,,,,,,376888,92,92,,188848,,1,142,,1617,,141,,,,,,,,,
1507552000,1,tlm,ingress_preaccept,,,,,,,,,,,,,,,,,,,,,,,,376888,92,92,,188848,,1,85,,1617,,84,,,,,,,,,
1507552000,2,tlm,ingress_preaccept,,,,,,,,,,,,,,,,,,,,,,,,376888,92,92,,188848,,0,81,,1617,,80,,,,,,,,,
1507552000,3,tlm,ingress_preaccept,,,,,,,,,,,,,,,,,,,,,,,,376888,92,92,,188912,,1,75,,1613,,74,,,,,,,,,
1507552000,2,tlm,ticket_enqueue,,,,,,,,,,,,,,,,,,,,,,,,376888,92,92,,188848,body,0,81,81,1617,1616,,,,,,,,,,
1507556000,2,tlm,ingress_preaccept,,,,,,,,,,,,,,,,,,,,,,,,376889,92,92,,188864,,1,81,,1616,,80,,,,,,,,,
1507556000,0,tlm,ticket_enqueue,,,,,,,,,,,,,,,,,,,,,,,,376889,92,92,,188848,body,1,142,141,1617,1616,,,,,,,,,,
1507556000,1,tlm,ticket_enqueue,,,,,,,,,,,,,,,,,,,,,,,,376889,92,92,,188848,body,1,85,84,1617,1616,,,,,,,,,,
1507556000,3,tlm,ticket_enqueue,,,,,,,,,,,,,,,,,,,,,,,,376889,92,92,,188912,body,1,75,74,1613,1612,,,,,,,,,,
1507560000,0,tlm,ingress_preaccept,,,,,,,,,,,,,,,,,,,,,,,,376890,92,92,,188864,,1,141,,1616,,140,,,,,,,,,
1507560000,1,tlm,ingress_preaccept,,,,,,,,,,,,,,,,,,,,,,,,376890,92,92,,188864,,0,84,,1616,,83,,,,,,,,,
1507560000,3,tlm,ingress_preaccept,,,,,,,,,,,,,,,,,,,,,,,,376890,92,92,,188928,,0,74,,1612,,73,,,,,,,,,
1507560000,1,tlm,ticket_enqueue,,,,,,,,,,,,,,,,,,,,,,,,376890,92,92,,188864,body,0,84,84,1616,1615,,,,,,,,,,
1507560000,2,tlm,ticket_enqueue,,,,,,,,,,,,,,,,,,,,,,,,376890,92,92,,188864,body,1,81,80,1616,1615,,,,,,,,,,
1507560000,3,tlm,ticket_enqueue,,,,,,,,,,,,,,,,,,,,,,,,376890,92,92,,188928,body,0,74,74,1612,1611,,,,,,,,,,
1507564000,1,tlm,ingress_preaccept,,,,,,,,,,,,,,,,,,,,,,,,376891,92,92,,188880,,0,84,,1615,,83,,,,,,,,,
1507564000,2,tlm,ingress_preaccept,,,,,,,,,,,,,,,,,,,,,,,,376891,92,92,,188880,,0,80,,1615,,79,,,,,,,,,
1507564000,3,tlm,ingress_preaccept,,,,,,,,,,,,,,,,,,,,,,,,376891,92,92,,188944,,1,74,,1611,,73,,,,,,,,,
1507564000,0,tlm,ticket_enqueue,,,,,,,,,,,,,,,,,,,,,,,,376891,92,92,,188864,body,1,141,140,1616,1615,,,,,,,,,,
1507564000,1,tlm,ticket_enqueue,,,,,,,,,,,,,,,,,,,,,,,,376891,92,92,,188880,body,0,84,84,1615,1614,,,,,,,,,,
1507564000,2,tlm,ticket_enqueue,,,,,,,,,,,,,,,,,,,,,,,,376891,92,92,,188880,body,0,80,80,1615,1614,,,,,,,,,,
1507568000,0,tlm,ingress_preaccept,,,,,,,,,,,,,,,,,,,,,,,,376892,92,92,,188880,,2,140,,1615,,139,,,,,,,,,
1507568000,1,tlm,ingress_preaccept,,,,,,,,,,,,,,,,,,,,,,,,376892,92,92,,188896,,2,84,,1614,,83,,,,,,,,,
1507568000,2,tlm,ingress_preaccept,,,,,,,,,,,,,,,,,,,,,,,,376892,92,92,,188896,,0,80,,1614,,79,,,,,,,,,
1507568000,2,tlm,ticket_enqueue,,,,,,,,,,,,,,,,,,,,,,,,376892,92,92,,188896,body,0,80,80,1614,1613,,,,,,,,,,
1507568000,3,tlm,ticket_enqueue,,,,,,,,,,,,,,,,,,,,,,,,376892,92,92,,188944,body,1,74,73,1611,1610,,,,,,,,,,
1507572000,2,tlm,ingress_preaccept,,,,,,,,,,,,,,,,,,,,,,,,376893,92,92,,188912,,1,80,,1613,,79,,,,,,,,,
1507572000,3,tlm,ingress_preaccept,,,,,,,,,,,,,,,,,,,,,,,,376893,92,92,,188960,,1,73,,1610,,72,,,,,,,,,
1507576000,0,tlm,ticket_enqueue,,,,,,,,,,,,,,,,,,,,,,,,376894,92,92,,188880,body,2,140,138,1615,1614,,,,,,,,,,
1507576000,1,tlm,ticket_enqueue,,,,,,,,,,,,,,,,,,,,,,,,376894,92,92,,188896,body,2,84,82,1614,1613,,,,,,,,,,
1507576000,2,tlm,ticket_enqueue,,,,,,,,,,,,,,,,,,,,,,,,376894,92,92,,188912,body,1,80,79,1613,1612,,,,,,,,,,
1507576000,3,tlm,ticket_enqueue,,,,,,,,,,,,,,,,,,,,,,,,376894,92,92,,188960,body,1,73,72,1610,1609,,,,,,,,,,
1507580000,0,tlm,ingress_preaccept,,,,,,,,,,,,,,,,,,,,,,,,376895,92,92,,188896,,1,138,,1614,,137,,,,,,,,,
1507580000,1,tlm,ingress_preaccept,,,,,,,,,,,,,,,,,,,,,,,,376895,92,92,,188912,,0,82,,1613,,81,,,,,,,,,
1507580000,2,tlm,ingress_preaccept,,,,,,,,,,,,,,,,,,,,,,,,376895,92,92,,188928,,1,79,,1612,,78,,,,,,,,,
1507580000,3,tlm,ingress_preaccept,,,,,,,,,,,,,,,,,,,,,,,,376895,92,92,,188976,,2,72,,1609,,71,,,,,,,,,
1507580000,1,tlm,ticket_enqueue,,,,,,,,,,,,,,,,,,,,,,,,376895,92,92,,188912,body,0,82,82,1613,1612,,,,,,,,,,
1507582000,,rtl,allocator_decision,816946,,,,,,,,,,,,idle_to_fetch,150976,15,15,15,15,0,0,15,0,0,,,,,,,,,,,,,,,,,,,,,
1507584000,,tlm,future_gap_advance,,,,,,,,,,,,,,150960,,,,,,,,,,376896,73,73,376922,,,,,,,,,,,,,,,,,
1507584000,1,tlm,ingress_preaccept,,,,,,,,,,,,,,,,,,,,,,,,376896,92,92,,188928,,1,82,,1612,,81,,,,,,,,,
1507584000,0,tlm,ticket_enqueue,,,,,,,,,,,,,,,,,,,,,,,,376896,92,92,,188896,body,1,138,137,1614,1613,,,,,,,,,,
1507584000,2,tlm,ticket_enqueue,,,,,,,,,,,,,,,,,,,,,,,,376896,92,92,,188928,body,1,79,78,1612,1611,,,,,,,,,,
1507588000,0,tlm,ingress_preaccept,,,,,,,,,,,,,,,,,,,,,,,,376897,92,92,,188912,,0,137,,1613,,136,,,,,,,,,
1507588000,2,tlm,ingress_preaccept,,,,,,,,,,,,,,,,,,,,,,,,376897,92,92,,188944,,3,78,,1611,,77,,,,,,,,,
1507588000,0,tlm,ticket_enqueue,,,,,,,,,,,,,,,,,,,,,,,,376897,92,92,,188912,body,0,137,137,1613,1612,,,,,,,,,,
1507588000,1,tlm,ticket_enqueue,,,,,,,,,,,,,,,,,,,,,,,,376897,92,92,,188928,body,1,82,81,1612,1611,,,,,,,,,,
1507588000,3,tlm,ticket_enqueue,,,,,,,,,,,,,,,,,,,,,,,,376897,92,92,,188976,body,2,72,70,1609,1608,,,,,,,,,,
1507592000,0,tlm,ingress_preaccept,,,,,,,,,,,,,,,,,,,,,,,,376898,92,92,,188928,,0,137,,1612,,136,,,,,,,,,
1507592000,1,tlm,ingress_preaccept,,,,,,,,,,,,,,,,,,,,,,,,376898,92,92,,188944,,3,81,,1611,,80,,,,,,,,,
1507592000,3,tlm,ingress_preaccept,,,,,,,,,,,,,,,,,,,,,,,,376898,92,92,,188992,,0,70,,1608,,69,,,,,,,,,
1507592000,0,tlm,ticket_enqueue,,,,,,,,,,,,,,,,,,,,,,,,376898,92,92,,188928,body,0,137,137,1612,1611,,,,,,,,,,
1507592000,3,tlm,ticket_enqueue,,,,,,,,,,,,,,,,,,,,,,,,376898,92,92,,188992,body,0,70,70,1608,1607,,,,,,,,,,
1507596000,0,tlm,ingress_preaccept,,,,,,,,,,,,,,,,,,,,,,,,376899,92,92,,188944,,0,137,,1611,,136,,,,,,,,,
1507596000,3,tlm,ingress_preaccept,,,,,,,,,,,,,,,,,,,,,,,,376899,92,92,,189008,,2,70,,1607,,69,,,,,,,,,
1507596000,0,tlm,ticket_enqueue,,,,,,,,,,,,,,,,,,,,,,,,376899,92,92,,188944,body,0,137,137,1611,1610,,,,,,,,,,
1507600000,0,tlm,ingress_preaccept,,,,,,,,,,,,,,,,,,,,,,,,376900,92,92,,188960,,1,137,,1610,,136,,,,,,,,,
1507600000,2,tlm,ticket_enqueue,,,,,,,,,,,,,,,,,,,,,,,,376900,92,92,,188944,body,3,78,75,1611,1610,,,,,,,,,,
1507604000,2,tlm,ingress_preaccept,,,,,,,,,,,,,,,,,,,,,,,,376901,92,92,,188960,,1,75,,1610,,74,,,,,,,,,
1507604000,0,tlm,ticket_enqueue,,,,,,,,,,,,,,,,,,,,,,,,376901,92,92,,188960,body,1,137,136,1610,1609,,,,,,,,,,
1507604000,1,tlm,ticket_enqueue,,,,,,,,,,,,,,,,,,,,,,,,376901,92,92,,188944,body,3,81,78,1611,1610,,,,,,,,,,
1507604000,3,tlm,ticket_enqueue,,,,,,,,,,,,,,,,,,,,,,,,376901,92,92,,189008,body,2,70,68,1607,1606,,,,,,,,,,
1507608000,0,tlm,ingress_preaccept,,,,,,,,,,,,,,,,,,,,,,,,376902,92,92,,188976,,0,136,,1609,,135,,,,,,,,,
1507608000,1,tlm,ingress_preaccept,,,,,,,,,,,,,,,,,,,,,,,,376902,92,92,,188960,,3,78,,1610,,77,,,,,,,,,
1507608000,3,tlm,ingress_preaccept,,,,,,,,,,,,,,,,,,,,,,,,376902,92,92,,189024,,1,68,,1606,,67,,,,,,,,,
1507608000,0,tlm,ticket_enqueue,,,,,,,,,,,,,,,,,,,,,,,,376902,92,92,,188976,body,0,136,136,1609,1608,,,,,,,,,,
1507608000,2,tlm,ticket_enqueue,,,,,,,,,,,,,,,,,,,,,,,,376902,92,92,,188960,body,1,75,74,1610,1609,,,,,,,,,,
1507612000,0,tlm,ingress_preaccept,,,,,,,,,,,,,,,,,,,,,,,,376903,92,92,,188992,,0,136,,1608,,135,,,,,,,,,
1507612000,2,tlm,ingress_preaccept,,,,,,,,,,,,,,,,,,,,,,,,376903,92,92,,188976,,1,74,,1609,,73,,,,,,,,,
1507612000,0,tlm,ticket_enqueue,,,,,,,,,,,,,,,,,,,,,,,,376903,92,92,,188992,body,0,136,136,1608,1607,,,,,,,,,,
1507612000,3,tlm,ticket_enqueue,,,,,,,,,,,,,,,,,,,,,,,,376903,92,92,,189024,body,1,68,67,1606,1605,,,,,,,,,,
1507616000,0,tlm,ingress_preaccept,,,,,,,,,,,,,,,,,,,,,,,,376904,92,92,,189008,,1,136,,1607,,135,,,,,,,,,
1507616000,3,tlm,ingress_preaccept,,,,,,,,,,,,,,,,,,,,,,,,376904,92,92,,189040,,0,67,,1605,,66,,,,,,,,,
1507616000,2,tlm,ticket_enqueue,,,,,,,,,,,,,,,,,,,,,,,,376904,92,92,,188976,body,1,74,73,1609,1608,,,,,,,,,,
1507616000,3,tlm,ticket_enqueue,,,,,,,,,,,,,,,,,,,,,,,,376904,92,92,,189040,body,0,67,67,1605,1604,,,,,,,,,,
1507620000,2,tlm,ingress_preaccept,,,,,,,,,,,,,,,,,,,,,,,,376905,92,92,,188992,,2,73,,1608,,72,,,,,,,,,
1507620000,3,tlm,ingress_preaccept,,,,,,,,,,,,,,,,,,,,,,,,376905,92,92,,189056,,1,67,,1604,,66,,,,,,,,,
1507620000,0,tlm,ticket_enqueue,,,,,,,,,,,,,,,,,,,,,,,,376905,92,92,,189008,body,1,136,135,1607,1606,,,,,,,,,,
1507620000,1,tlm,ticket_enqueue,,,,,,,,,,,,,,,,,,,,,,,,376905,92,92,,188960,body,3,78,75,1610,1609,,,,,,,,,,
1507624000,0,tlm,ingress_preaccept,,,,,,,,,,,,,,,,,,,,,,,,376906,92,92,,189024,,2,135,,1606,,134,,,,,,,,,
1507624000,1,tlm,ingress_preaccept,,,,,,,,,,,,,,,,,,,,,,,,376906,92,92,,188976,,0,75,,1609,,74,,,,,,,,,
1507624000,1,tlm,ticket_enqueue,,,,,,,,,,,,,,,,,,,,,,,,376906,92,92,,188976,body,0,75,75,1609,1608,,,,,,,,,,
1507624000,3,tlm,ticket_enqueue,,,,,,,,,,,,,,,,,,,,,,,,376906,92,92,,189056,body,1,67,66,1604,1603,,,,,,,,,,
1507628000,1,tlm,ingress_preaccept,,,,,,,,,,,,,,,,,,,,,,,,376907,92,92,,188992,,0,75,,1608,,74,,,,,,,,,
1507628000,3,tlm,ingress_preaccept,,,,,,,,,,,,,,,,,,,,,,,,376907,92,92,,189072,,1,66,,1603,,65,,,,,,,,,
1507628000,1,tlm,ticket_enqueue,,,,,,,,,,,,,,,,,,,,,,,,376907,92,92,,188992,body,0,75,75,1608,1607,,,,,,,,,,
1507628000,2,tlm,ticket_enqueue,,,,,,,,,,,,,,,,,,,,,,,,376907,92,92,,188992,body,2,73,71,1608,1607,,,,,,,,,,
1507632000,1,tlm,ingress_preaccept,,,,,,,,,,,,,,,,,,,,,,,,376908,92,92,,189008,,1,75,,1607,,74,,,,,,,,,
1507632000,2,tlm,ingress_preaccept,,,,,,,,,,,,,,,,,,,,,,,,376908,92,92,,189008,,0,71,,1607,,70,,,,,,,,,
1507632000,0,tlm,ticket_enqueue,,,,,,,,,,,,,,,,,,,,,,,,376908,92,92,,189024,body,2,135,133,1606,1605,,,,,,,,,,
1507632000,2,tlm,ticket_enqueue,,,,,,,,,,,,,,,,,,,,,,,,376908,92,92,,189008,body,0,71,71,1607,1606,,,,,,,,,,
1507632000,3,tlm,ticket_enqueue,,,,,,,,,,,,,,,,,,,,,,,,376908,92,92,,189072,body,1,66,65,1603,1602,,,,,,,,,,
1507636000,0,tlm,ingress_preaccept,,,,,,,,,,,,,,,,,,,,,,,,376909,92,92,,189040,,0,133,,1605,,132,,,,,,,,,
1507636000,2,tlm,ingress_preaccept,,,,,,,,,,,,,,,,,,,,,,,,376909,92,92,,189024,,0,71,,1606,,70,,,,,,,,,
1507636000,3,tlm,ingress_preaccept,,,,,,,,,,,,,,,,,,,,,,,,376909,92,92,,189088,,2,65,,1602,,64,,,,,,,,,
1507636000,0,tlm,ticket_enqueue,,,,,,,,,,,,,,,,,,,,,,,,376909,92,92,,189040,body,0,133,133,1605,1604,,,,,,,,,,
1507636000,1,tlm,ticket_enqueue,,,,,,,,,,,,,,,,,,,,,,,,376909,92,92,,189008,body,1,75,74,1607,1606,,,,,,,,,,
1507636000,2,tlm,ticket_enqueue,,,,,,,,,,,,,,,,,,,,,,,,376909,92,92,,189024,body,0,71,71,1606,1605,,,,,,,,,,
1507640000,0,tlm,ingress_preaccept,,,,,,,,,,,,,,,,,,,,,,,,376910,92,92,,189056,,0,133,,1604,,132,,,,,,,,,
1507640000,1,tlm,ingress_preaccept,,,,,,,,,,,,,,,,,,,,,,,,376910,92,92,,189024,,0,74,,1606,,73,,,,,,,,,
1507640000,2,tlm,ingress_preaccept,,,,,,,,,,,,,,,,,,,,,,,,376910,92,92,,189040,,0,71,,1605,,70,,,,,,,,,
1507640000,0,tlm,ticket_enqueue,,,,,,,,,,,,,,,,,,,,,,,,376910,92,92,,189056,body,0,133,133,1604,1603,,,,,,,,,,
1507640000,1,tlm,ticket_enqueue,,,,,,,,,,,,,,,,,,,,,,,,376910,92,92,,189024,body,0,74,74,1606,1605,,,,,,,,,,
1507640000,2,tlm,ticket_enqueue,,,,,,,,,,,,,,,,,,,,,,,,376910,92,92,,189040,body,0,71,71,1605,1604,,,,,,,,,,
1507642000,0,rtl,allocator_lane_action,816967,0,1,0,0,151552,1,73,0,0,1,0,,,,,,,,,,,,,,,,,,,,,,,,,,,,,,,,
1507642000,1,rtl,allocator_lane_action,816968,0,1,0,0,151552,0,73,0,0,1,0,,,,,,,,,,,,,,,,,,,,,,,,,,,,,,,,
1507642000,2,rtl,allocator_lane_action,816969,0,1,0,0,151552,1,73,0,0,1,0,,,,,,,,,,,,,,,,,,,,,,,,,,,,,,,,
1507642000,3,rtl,allocator_lane_action,816970,0,1,0,0,151552,1,73,0,0,1,0,,,,,,,,,,,,,,,,,,,,,,,,,,,,,,,,
1507644000,0,tlm,ingress_preaccept,,,,,,,,,,,,,,,,,,,,,,,,376911,92,92,,189072,,1,133,,1603,,132,,,,,,,,,
1507644000,1,tlm,ingress_preaccept,,,,,,,,,,,,,,,,,,,,,,,,376911,92,92,,189040,,1,74,,1605,,73,,,,,,,,,
1507644000,2,tlm,ingress_preaccept,,,,,,,,,,,,,,,,,,,,,,,,376911,92,92,,189056,,0,71,,1604,,70,,,,,,,,,
1507644000,2,tlm,ticket_enqueue,,,,,,,,,,,,,,,,,,,,,,,,376911,92,92,,189056,body,0,71,71,1604,1603,,,,,,,,,,
1507644000,3,tlm,ticket_enqueue,,,,,,,,,,,,,,,,,,,,,,,,376911,92,92,,189088,body,2,65,63,1602,1601,,,,,,,,,,
1507648000,2,tlm,ingress_preaccept,,,,,,,,,,,,,,,,,,,,,,,,376912,92,92,,189072,,1,71,,1603,,70,,,,,,,,,
1507648000,3,tlm,ingress_preaccept,,,,,,,,,,,,,,,,,,,,,,,,376912,92,92,,189104,,1,63,,1601,,62,,,,,,,,,
1507648000,0,tlm,ticket_enqueue,,,,,,,,,,,,,,,,,,,,,,,,376912,92,92,,189072,body,1,133,132,1603,1602,,,,,,,,,,
1507648000,1,tlm,ticket_enqueue,,,,,,,,,,,,,,,,,,,,,,,,376912,92,92,,189040,body,1,74,73,1605,1604,,,,,,,,,,
1507652000,0,tlm,ingress_preaccept,,,,,,,,,,,,,,,,,,,,,,,,376913,92,92,,189088,,2,132,,1602,,131,,,,,,,,,
1507652000,1,tlm,ingress_preaccept,,,,,,,,,,,,,,,,,,,,,,,,376913,92,92,,189056,,0,73,,1604,,72,,,,,,,,,
1507652000,1,tlm,ticket_enqueue,,,,,,,,,,,,,,,,,,,,,,,,376913,92,92,,189056,body,0,73,73,1604,1603,,,,,,,,,,
1507652000,2,tlm,ticket_enqueue,,,,,,,,,,,,,,,,,,,,,,,,376913,92,92,,189072,body,1,71,70,1603,1602,,,,,,,,,,
1507652000,3,tlm,ticket_enqueue,,,,,,,,,,,,,,,,,,,,,,,,376913,92,92,,189104,body,1,63,62,1601,1600,,,,,,,,,,
1507656000,1,tlm,ingress_preaccept,,,,,,,,,,,,,,,,,,,,,,,,376914,92,92,,189072,,0,73,,1603,,72,,,,,,,,,
1507656000,2,tlm,ingress_preaccept,,,,,,,,,,,,,,,,,,,,,,,,376914,92,92,,189088,,1,70,,1602,,69,,,,,,,,,
1507656000,3,tlm,ingress_preaccept,,,,,,,,,,,,,,,,,,,,,,,,376914,92,92,,189120,,0,62,,1600,,61,,,,,,,,,
1507656000,1,tlm,ticket_enqueue,,,,,,,,,,,,,,,,,,,,,,,,376914,92,92,,189072,body,0,73,73,1603,1602,,,,,,,,,,
1507656000,3,tlm,ticket_enqueue,,,,,,,,,,,,,,,,,,,,,,,,376914,92,92,,189120,body,0,62,62,1600,1599,,,,,,,,,,
1507660000,1,tlm,ingress_preaccept,,,,,,,,,,,,,,,,,,,,,,,,376915,92,92,,189088,,1,73,,1602,,72,,,,,,,,,
1507660000,3,tlm,ingress_preaccept,,,,,,,,,,,,,,,,,,,,,,,,376915,92,92,,189136,,0,62,,1599,,61,,,,,,,,,
1507660000,0,tlm,ticket_enqueue,,,,,,,,,,,,,,,,,,,,,,,,376915,92,92,,189088,body,2,132,130,1602,1601,,,,,,,,,,
1507660000,2,tlm,ticket_enqueue,,,,,,,,,,,,,,,,,,,,,,,,376915,92,92,,189088,body,1,70,69,1602,1601,,,,,,,,,,
1507660000,3,tlm,ticket_enqueue,,,,,,,,,,,,,,,,,,,,,,,,376915,92,92,,189136,body,0,62,62,1599,1598,,,,,,,,,,
1507664000,0,tlm,ingress_preaccept,,,,,,,,,,,,,,,,,,,,,,,,376916,92,92,,189104,,0,130,,1601,,129,,,,,,,,,
1507664000,2,tlm,ingress_preaccept,,,,,,,,,,,,,,,,,,,,,,,,376916,92,92,,189104,,0,69,,1601,,68,,,,,,,,,
1507664000,3,tlm,ingress_preaccept,,,,,,,,,,,,,,,,,,,,,,,,376916,92,92,,189152,,0,62,,1598,,61,,,,,,,,,
1507664000,0,tlm,ticket_enqueue,,,,,,,,,,,,,,,,,,,,,,,,376916,92,92,,189104,body,0,130,130,1601,1600,,,,,,,,,,
1507664000,1,tlm,ticket_enqueue,,,,,,,,,,,,,,,,,,,,,,,,376916,92,92,,189088,body,1,73,72,1602,1601,,,,,,,,,,
1507664000,2,tlm,ticket_enqueue,,,,,,,,,,,,,,,,,,,,,,,,376916,92,92,,189104,body,0,69,69,1601,1600,,,,,,,,,,
1507664000,3,tlm,ticket_enqueue,,,,,,,,,,,,,,,,,,,,,,,,376916,92,92,,189152,body,0,62,62,1598,1597,,,,,,,,,,
1507668000,0,tlm,ingress_preaccept,,,,,,,,,,,,,,,,,,,,,,,,376917,92,92,,189120,,1,130,,1600,,129,,,,,,,,,
1507668000,1,tlm,ingress_preaccept,,,,,,,,,,,,,,,,,,,,,,,,376917,92,92,,189104,,0,72,,1601,,71,,,,,,,,,
1507668000,2,tlm,ingress_preaccept,,,,,,,,,,,,,,,,,,,,,,,,376917,92,92,,189120,,1,69,,1600,,68,,,,,,,,,
1507668000,3,tlm,ingress_preaccept,,,,,,,,,,,,,,,,,,,,,,,,376917,92,92,,189168,,0,62,,1597,,61,,,,,,,,,
1507668000,1,tlm,ticket_enqueue,,,,,,,,,,,,,,,,,,,,,,,,376917,92,92,,189104,body,0,72,72,1601,1600,,,,,,,,,,
1507668000,3,tlm,ticket_enqueue,,,,,,,,,,,,,,,,,,,,,,,,376917,92,92,,189168,body,0,62,62,1597,1596,,,,,,,,,,
1507672000,1,tlm,ingress_preaccept,,,,,,,,,,,,,,,,,,,,,,,,376918,92,92,,189120,,0,72,,1600,,71,,,,,,,,,
1507672000,3,tlm,ingress_preaccept,,,,,,,,,,,,,,,,,,,,,,,,376918,92,92,,189184,,1,62,,1596,,61,,,,,,,,,
1507672000,0,tlm,ticket_enqueue,,,,,,,,,,,,,,,,,,,,,,,,376918,92,92,,189120,body,1,130,129,1600,1599,,,,,,,,,,
1507672000,1,tlm,ticket_enqueue,,,,,,,,,,,,,,,,,,,,,,,,376918,92,92,,189120,body,0,72,72,1600,1599,,,,,,,,,,
1507672000,2,tlm,ticket_enqueue,,,,,,,,,,,,,,,,,,,,,,,,376918,92,92,,189120,body,1,69,68,1600,1599,,,,,,,,,,
1507676000,0,tlm,ingress_preaccept,,,,,,,,,,,,,,,,,,,,,,,,376919,92,92,,189136,,2,129,,1599,,128,,,,,,,,,
1507676000,1,tlm,ingress_preaccept,,,,,,,,,,,,,,,,,,,,,,,,376919,92,92,,189136,,0,72,,1599,,71,,,,,,,,,
1507676000,2,tlm,ingress_preaccept,,,,,,,,,,,,,,,,,,,,,,,,376919,92,92,,189136,,0,68,,1599,,67,,,,,,,,,
1507676000,1,tlm,ticket_enqueue,,,,,,,,,,,,,,,,,,,,,,,,376919,92,92,,189136,body,0,72,72,1599,1598,,,,,,,,,,
1507676000,2,tlm,ticket_enqueue,,,,,,,,,,,,,,,,,,,,,,,,376919,92,92,,189136,body,0,68,68,1599,1598,,,,,,,,,,
1507676000,3,tlm,ticket_enqueue,,,,,,,,,,,,,,,,,,,,,,,,376919,92,92,,189184,body,1,62,61,1596,1595,,,,,,,,,,
1507680000,1,tlm,ingress_preaccept,,,,,,,,,,,,,,,,,,,,,,,,376920,92,92,,189152,,1,72,,1598,,71,,,,,,,,,
1507680000,2,tlm,ingress_preaccept,,,,,,,,,,,,,,,,,,,,,,,,376920,92,92,,189152,,2,68,,1598,,67,,,,,,,,,
1507680000,3,tlm,ingress_preaccept,,,,,,,,,,,,,,,,,,,,,,,,376920,92,92,,189200,,1,61,,1595,,60,,,,,,,,,
1507684000,0,tlm,ticket_enqueue,,,,,,,,,,,,,,,,,,,,,,,,376921,92,92,,189136,body,2,129,127,1599,1598,,,,,,,,,,
1507684000,1,tlm,ticket_enqueue,,,,,,,,,,,,,,,,,,,,,,,,376921,92,92,,189152,body,1,72,71,1598,1597,,,,,,,,,,
1507684000,3,tlm,ticket_enqueue,,,,,,,,,,,,,,,,,,,,,,,,376921,92,92,,189200,body,1,61,60,1595,1594,,,,,,,,,,
1507686000,,rtl,allocator_decision,816982,,,,,,,,,,,,idle_to_fetch,150992,15,15,15,15,0,0,15,0,15,,,,,,,,,,,,,,,,,,,,,
1507688000,,tlm,future_gap_advance,,,,,,,,,,,,,,150976,,,,,,,,,,376922,73,73,376948,,,,,,,,,,,,,,,,,
1507688000,0,tlm,ingress_preaccept,,,,,,,,,,,,,,,,,,,,,,,,376922,92,92,,189152,,0,127,,1598,,126,,,,,,,,,
1507688000,1,tlm,ingress_preaccept,,,,,,,,,,,,,,,,,,,,,,,,376922,92,92,,189168,,3,71,,1597,,70,,,,,,,,,
1507688000,3,tlm,ingress_preaccept,,,,,,,,,,,,,,,,,,,,,,,,376922,92,92,,189216,,0,60,,1594,,59,,,,,,,,,
1507688000,0,tlm,ticket_enqueue,,,,,,,,,,,,,,,,,,,,,,,,376922,92,92,,189152,body,0,127,127,1598,1597,,,,,,,,,,
1507688000,2,tlm,ticket_enqueue,,,,,,,,,,,,,,,,,,,,,,,,376922,92,92,,189152,body,2,68,66,1598,1597,,,,,,,,,,
1507688000,3,tlm,ticket_enqueue,,,,,,,,,,,,,,,,,,,,,,,,376922,92,92,,189216,body,0,60,60,1594,1593,,,,,,,,,,
1507692000,0,tlm,ingress_preaccept,,,,,,,,,,,,,,,,,,,,,,,,376923,92,92,,189168,,0,127,,1597,,126,,,,,,,,,
1507692000,2,tlm,ingress_preaccept,,,,,,,,,,,,,,,,,,,,,,,,376923,92,92,,189168,,1,66,,1597,,65,,,,,,,,,
1507692000,3,tlm,ingress_preaccept,,,,,,,,,,,,,,,,,,,,,,,,376923,92,92,,189232,,2,60,,1593,,59,,,,,,,,,
1507692000,0,tlm,ticket_enqueue,,,,,,,,,,,,,,,,,,,,,,,,376923,92,92,,189168,body,0,127,127,1597,1596,,,,,,,,,,
1507696000,0,tlm,ingress_preaccept,,,,,,,,,,,,,,,,,,,,,,,,376924,92,92,,189184,,0,127,,1596,,126,,,,,,,,,
1507696000,0,tlm,ticket_enqueue,,,,,,,,,,,,,,,,,,,,,,,,376924,92,92,,189184,body,0,127,127,1596,1595,,,,,,,,,,
1507696000,2,tlm,ticket_enqueue,,,,,,,,,,,,,,,,,,,,,,,,376924,92,92,,189168,body,1,66,65,1597,1596,,,,,,,,,,
1507698000,,rtl,parser_ticket_we,816990,,,,,,,,1,0,,,,,,,,,,,,,,,,,,412325249116,,0,,,,,,41,3677,,,,,,,
1507698000,,rtl,parser_ticket_we,816991,,,,,,,,1,0,,,,,,,,,,,,,,,,,,459569889372,,0,,,,,,41,3677,,,,,,,
1507698000,,rtl,parser_ticket_we,816992,,,,,,,,1,0,,,,,,,,,,,,,,,,,,399440347228,,0,,,,,,81,3677,,,,,,,
1507698000,,rtl,parser_ticket_we,816993,,,,,,,,1,0,,,,,,,,,,,,,,,,,,399440347228,,0,,,,,,81,3677,,,,,,,
1507700000,0,tlm,ingress_preaccept,,,,,,,,,,,,,,,,,,,,,,,,376925,92,92,,189200,,0,127,,1595,,126,,,,,,,,,
1507700000,2,tlm,ingress_preaccept,,,,,,,,,,,,,,,,,,,,,,,,376925,92,92,,189184,,0,65,,1596,,64,,,,,,,,,
1507700000,0,tlm,ticket_enqueue,,,,,,,,,,,,,,,,,,,,,,,,376925,92,92,,189200,body,0,127,127,1595,1594,,,,,,,,,,
1507700000,1,tlm,ticket_enqueue,,,,,,,,,,,,,,,,,,,,,,,,376925,92,92,,189168,body,3,71,68,1597,1596,,,,,,,,,,
1507700000,2,tlm,ticket_enqueue,,,,,,,,,,,,,,,,,,,,,,,,376925,92,92,,189184,body,0,65,65,1596,1595,,,,,,,,,,
1507700000,3,tlm,ticket_enqueue,,,,,,,,,,,,,,,,,,,,,,,,376925,92,92,,189232,body,2,60,58,1593,1592,,,,,,,,,,
1507702000,,rtl,parser_ticket_we,816995,,,,,,,,0,0,,,,,,,,,,,,,,,,,,188416,,0,,,,,,1264,3678,,,,,,,
1507704000,0,tlm,ingress_preaccept,,,,,,,,,,,,,,,,,,,,,,,,376926,92,92,,189216,,1,127,,1594,,126,,,,,,,,,
1507704000,1,tlm,ingress_preaccept,,,,,,,,,,,,,,,,,,,,,,,,376926,92,92,,189184,,1,68,,1596,,67,,,,,,,,,
1507704000,2,tlm,ingress_preaccept,,,,,,,,,,,,,,,,,,,,,,,,376926,92,92,,189200,,0,65,,1595,,64,,,,,,,,,
1507704000,3,tlm,ingress_preaccept,,,,,,,,,,,,,,,,,,,,,,,,376926,92,92,,189248,,0,58,,1592,,57,,,,,,,,,
1507704000,2,tlm,ticket_enqueue,,,,,,,,,,,,,,,,,,,,,,,,376926,92,92,,189200,body,0,65,65,1595,1594,,,,,,,,,,
1507704000,3,tlm,ticket_enqueue,,,,,,,,,,,,,,,,,,,,,,,,376926,92,92,,189248,body,0,58,58,1592,1591,,,,,,,,,,
1507706000,,rtl,parser_ticket_we,817001,,,,,,,,0,0,,,,,,,,,,,,,,,,,,188416,,1,,,,,,1200,3678,,,,,,,
1507706000,,rtl,parser_ticket_we,817002,,,,,,,,0,0,,,,,,,,,,,,,,,,,,188432,,0,,,,,,1264,3679,,,,,,,
1507708000,2,tlm,ingress_preaccept,,,,,,,,,,,,,,,,,,,,,,,,376927,92,92,,189216,,0,65,,1594,,64,,,,,,,,,
1507708000,3,tlm,ingress_preaccept,,,,,,,,,,,,,,,,,,,,,,,,376927,92,92,,189264,,1,58,,1591,,57,,,,,,,,,
1507708000,0,tlm,ticket_enqueue,,,,,,,,,,,,,,,,,,,,,,,,376927,92,92,,189216,body,1,127,126,1594,1593,,,,,,,,,,
1507708000,1,tlm,ticket_enqueue,,,,,,,,,,,,,,,,,,,,,,,,376927,92,92,,189184,body,1,68,67,1596,1595,,,,,,,,,,
1507708000,2,tlm,ticket_enqueue,,,,,,,,,,,,,,,,,,,,,,,,376927,92,92,,189216,body,0,65,65,1594,1593,,,,,,,,,,
1507710000,,rtl,parser_ticket_we,817005,,,,,,,,0,0,,,,,,,,,,,,,,,,,,188416,,2,,,,,,1308,3678,,,,,,,
1507710000,,rtl,parser_ticket_we,817006,,,,,,,,0,0,,,,,,,,,,,,,,,,,,188448,,0,,,,,,1264,3680,,,,,,,
1507712000,0,tlm,ingress_preaccept,,,,,,,,,,,,,,,,,,,,,,,,376928,92,92,,189232,,1,126,,1593,,125,,,,,,,,,
1507712000,1,tlm,ingress_preaccept,,,,,,,,,,,,,,,,,,,,,,,,376928,92,92,,189200,,0,67,,1595,,66,,,,,,,,,
1507712000,2,tlm,ingress_preaccept,,,,,,,,,,,,,,,,,,,,,,,,376928,92,92,,189232,,1,65,,1593,,64,,,,,,,,,
1507712000,1,tlm,ticket_enqueue,,,,,,,,,,,,,,,,,,,,,,,,376928,92,92,,189200,body,0,67,67,1595,1594,,,,,,,,,,
1507712000,3,tlm,ticket_enqueue,,,,,,,,,,,,,,,,,,,,,,,,376928,92,92,,189264,body,1,58,57,1591,1590,,,,,,,,,,
1507714000,,rtl,parser_ticket_we,817010,,,,,,,,0,0,,,,,,,,,,,,,,,,,,188432,,1,,,,,,1201,3679,,,,,,,
1507714000,,rtl,parser_ticket_we,817011,,,,,,,,0,0,,,,,,,,,,,,,,,,,,188464,,0,,,,,,1264,3681,,,,,,,
1507714000,,rtl,parser_ticket_we,817012,,,,,,,,0,0,,,,,,,,,,,,,,,,,,188432,,0,,,,,,1310,3679,,,,,,,
1507716000,1,tlm,ingress_preaccept,,,,,,,,,,,,,,,,,,,,,,,,376929,92,92,,189216,,1,67,,1594,,66,,,,,,,,,
1507716000,3,tlm,ingress_preaccept,,,,,,,,,,,,,,,,,,,,,,,,376929,92,92,,189280,,0,57,,1590,,56,,,,,,,,,
1507716000,0,tlm,ticket_enqueue,,,,,,,,,,,,,,,,,,,,,,,,376929,92,92,,189232,body,1,126,125,1593,1592,,,,,,,,,,
1507716000,2,tlm,ticket_enqueue,,,,,,,,,,,,,,,,,,,,,,,,376929,92,92,,189232,body,1,65,64,1593,1592,,,,,,,,,,
1507716000,3,tlm,ticket_enqueue,,,,,,,,,,,,,,,,,,,,,,,,376929,92,92,,189280,body,0,57,57,1590,1589,,,,,,,,,,
1507718000,,rtl,parser_ticket_we,817016,,,,,,,,0,0,,,,,,,,,,,,,,,,,,188416,,4,,,,,,496,3678,,,,,,,
1507718000,,rtl,parser_ticket_we,817017,,,,,,,,0,0,,,,,,,,,,,,,,,,,,188448,,0,,,,,,1202,3680,,,,,,,
1507720000,0,tlm,ingress_preaccept,,,,,,,,,,,,,,,,,,,,,,,,376930,92,92,,189248,,0,125,,1592,,124,,,,,,,,,
1507720000,2,tlm,ingress_preaccept,,,,,,,,,,,,,,,,,,,,,,,,376930,92,92,,189248,,0,64,,1592,,63,,,,,,,,,
1507720000,3,tlm,ingress_preaccept,,,,,,,,,,,,,,,,,,,,,,,,376930,92,92,,189296,,1,57,,1589,,56,,,,,,,,,
1507720000,0,tlm,ticket_enqueue,,,,,,,,,,,,,,,,,,,,,,,,376930,92,92,,189248,body,0,125,125,1592,1591,,,,,,,,,,
1507720000,1,tlm,ticket_enqueue,,,,,,,,,,,,,,,,,,,,,,,,376930,92,92,,189216,body,1,67,66,1594,1593,,,,,,,,,,
1507720000,2,tlm,ticket_enqueue,,,,,,,,,,,,,,,,,,,,,,,,376930,92,92,,189248,body,0,64,64,1592,1591,,,,,,,,,,
1507722000,,rtl,parser_ticket_we,817022,,,,,,,,0,0,,,,,,,,,,,,,,,,,,188480,,1,,,,,,1264,3682,,,,,,,
1507722000,,rtl,parser_ticket_we,817023,,,,,,,,0,0,,,,,,,,,,,,,,,,,,188448,,1,,,,,,1310,3680,,,,,,,
1507724000,0,tlm,ingress_preaccept,,,,,,,,,,,,,,,,,,,,,,,,376931,92,92,,189264,,1,125,,1591,,124,,,,,,,,,
1507724000,1,tlm,ingress_preaccept,,,,,,,,,,,,,,,,,,,,,,,,376931,92,92,,189232,,1,66,,1593,,65,,,,,,,,,
1507724000,2,tlm,ingress_preaccept,,,,,,,,,,,,,,,,,,,,,,,,376931,92,92,,189264,,0,64,,1591,,63,,,,,,,,,
1507724000,2,tlm,ticket_enqueue,,,,,,,,,,,,,,,,,,,,,,,,376931,92,92,,189264,body,0,64,64,1591,1590,,,,,,,,,,
1507724000,3,tlm,ticket_enqueue,,,,,,,,,,,,,,,,,,,,,,,,376931,92,92,,189296,body,1,57,56,1589,1588,,,,,,,,,,
1507726000,,rtl,parser_ticket_we,817027,,,,,,,,0,0,,,,,,,,,,,,,,,,,,188432,,1,,,,,,1178,3679,,,,,,,
1507726000,,rtl,parser_ticket_we,817028,,,,,,,,0,0,,,,,,,,,,,,,,,,,,188464,,1,,,,,,1202,3681,,,,,,,
1507726000,,rtl,parser_ticket_we,817029,,,,,,,,0,0,,,,,,,,,,,,,,,,,,188464,,0,,,,,,1311,3681,,,,,,,
1507728000,2,tlm,ingress_preaccept,,,,,,,,,,,,,,,,,,,,,,,,376932,92,92,,189280,,1,64,,1590,,63,,,,,,,,,
1507728000,3,tlm,ingress_preaccept,,,,,,,,,,,,,,,,,,,,,,,,376932,92,92,,189312,,1,56,,1588,,55,,,,,,,,,
1507728000,0,tlm,ticket_enqueue,,,,,,,,,,,,,,,,,,,,,,,,376932,92,92,,189264,body,1,125,124,1591,1590,,,,,,,,,,
1507728000,1,tlm,ticket_enqueue,,,,,,,,,,,,,,,,,,,,,,,,376932,92,92,,189232,body,1,66,65,1593,1592,,,,,,,,,,
1507730000,,rtl,parser_ticket_we,817033,,,,,,,,0,0,,,,,,,,,,,,,,,,,,188480,,0,,,,,,1311,3682,,,,,,,
1507732000,0,tlm,ingress_preaccept,,,,,,,,,,,,,,,,,,,,,,,,376933,92,92,,189280,,0,124,,1590,,123,,,,,,,,,
1507732000,1,tlm,ingress_preaccept,,,,,,,,,,,,,,,,,,,,,,,,376933,92,92,,189248,,0,65,,1592,,64,,,,,,,,,
1507732000,0,tlm,ticket_enqueue,,,,,,,,,,,,,,,,,,,,,,,,376933,92,92,,189280,body,0,124,124,1590,1589,,,,,,,,,,
1507732000,1,tlm,ticket_enqueue,,,,,,,,,,,,,,,,,,,,,,,,376933,92,92,,189248,body,0,65,65,1592,1591,,,,,,,,,,
1507732000,2,tlm,ticket_enqueue,,,,,,,,,,,,,,,,,,,,,,,,376933,92,92,,189280,body,1,64,63,1590,1589,,,,,,,,,,
1507732000,3,tlm,ticket_enqueue,,,,,,,,,,,,,,,,,,,,,,,,376933,92,92,,189312,body,1,56,55,1588,1587,,,,,,,,,,
1507734000,,rtl,parser_ticket_we,817038,,,,,,,,0,0,,,,,,,,,,,,,,,,,,188448,,1,,,,,,1179,3680,,,,,,,
1507734000,,rtl,parser_ticket_we,817039,,,,,,,,0,0,,,,,,,,,,,,,,,,,,188480,,1,,,,,,1203,3682,,,,,,,
1507734000,,rtl,parser_ticket_we,817040,,,,,,,,0,0,,,,,,,,,,,,,,,,,,188496,,2,,,,,,1265,3683,,,,,,,
1507734000,,rtl,parser_ticket_we,817041,,,,,,,,0,0,,,,,,,,,,,,,,,,,,188496,,0,,,,,,1311,3683,,,,,,,
1507736000,0,tlm,ingress_preaccept,,,,,,,,,,,,,,,,,,,,,,,,376934,92,92,,189296,,2,124,,1589,,123,,,,,,,,,
1507736000,1,tlm,ingress_preaccept,,,,,,,,,,,,,,,,,,,,,,,,376934,92,92,,189264,,1,65,,1591,,64,,,,,,,,,
1507736000,2,tlm,ingress_preaccept,,,,,,,,,,,,,,,,,,,,,,,,376934,92,92,,189296,,0,63,,1589,,62,,,,,,,,,
1507736000,3,tlm,ingress_preaccept,,,,,,,,,,,,,,,,,,,,,,,,376934,92,92,,189328,,1,55,,1587,,54,,,,,,,,,
1507736000,2,tlm,ticket_enqueue,,,,,,,,,,,,,,,,,,,,,,,,376934,92,92,,189296,body,0,63,63,1589,1588,,,,,,,,,,
1507740000,2,tlm,ingress_preaccept,,,,,,,,,,,,,,,,,,,,,,,,376935,92,92,,189312,,0,63,,1588,,62,,,,,,,,,
1507740000,1,tlm,ticket_enqueue,,,,,,,,,,,,,,,,,,,,,,,,376935,92,92,,189264,body,1,65,64,1591,1590,,,,,,,,,,
1507740000,2,tlm,ticket_enqueue,,,,,,,,,,,,,,,,,,,,,,,,376935,92,92,,189312,body,0,63,63,1588,1587,,,,,,,,,,
1507740000,3,tlm,ticket_enqueue,,,,,,,,,,,,,,,,,,,,,,,,376935,92,92,,189328,body,1,55,54,1587,1586,,,,,,,,,,
1507742000,,rtl,parser_ticket_we,817049,,,,,,,,0,0,,,,,,,,,,,,,,,,,,188496,,1,,,,,,1204,3683,,,,,,,
1507742000,,rtl,parser_ticket_we,817050,,,,,,,,0,0,,,,,,,,,,,,,,,,,,188512,,1,,,,,,1267,3684,,,,,,,
1507742000,,rtl,parser_ticket_we,817051,,,,,,,,0,0,,,,,,,,,,,,,,,,,,188512,,1,,,,,,1311,3684,,,,,,,
1507744000,1,tlm,ingress_preaccept,,,,,,,,,,,,,,,,,,,,,,,,376936,92,92,,189280,,1,64,,1590,,63,,,,,,,,,
1507744000,2,tlm,ingress_preaccept,,,,,,,,,,,,,,,,,,,,,,,,376936,92,92,,189328,,1,63,,1587,,62,,,,,,,,,
1507744000,3,tlm,ingress_preaccept,,,,,,,,,,,,,,,,,,,,,,,,376936,92,92,,189344,,1,54,,1586,,53,,,,,,,,,
1507744000,0,tlm,ticket_enqueue,,,,,,,,,,,,,,,,,,,,,,,,376936,92,92,,189296,body,2,124,122,1589,1588,,,,,,,,,,
1507746000,0,rtl,allocator_lane_action,817055,0,1,0,0,151552,1,73,0,0,1,0,,,,,,,,,,,,,,,,,,,,,,,,,,,,,,,,
1507746000,1,rtl,allocator_lane_action,817056,0,1,0,0,151552,0,73,0,0,1,0,,,,,,,,,,,,,,,,,,,,,,,,,,,,,,,,
1507746000,2,rtl,allocator_lane_action,817057,0,1,0,0,151552,1,73,0,0,1,0,,,,,,,,,,,,,,,,,,,,,,,,,,,,,,,,
1507746000,3,rtl,allocator_lane_action,817058,0,1,0,0,151552,1,73,0,0,1,0,,,,,,,,,,,,,,,,,,,,,,,,,,,,,,,,
1507746000,,rtl,parser_ticket_we,817053,,,,,,,,0,0,,,,,,,,,,,,,,,,,,188464,,2,,,,,,1180,3681,,,,,,,
1507746000,,rtl,parser_ticket_we,817059,,,,,,,,0,0,,,,,,,,,,,,,,,,,,188512,,0,,,,,,1205,3684,,,,,,,
1507748000,0,tlm,ingress_preaccept,,,,,,,,,,,,,,,,,,,,,,,,376937,92,92,,189312,,1,122,,1588,,121,,,,,,,,,
1507748000,1,tlm,ticket_enqueue,,,,,,,,,,,,,,,,,,,,,,,,376937,92,92,,189280,body,1,64,63,1590,1589,,,,,,,,,,
1507748000,2,tlm,ticket_enqueue,,,,,,,,,,,,,,,,,,,,,,,,376937,92,92,,189328,body,1,63,62,1587,1586,,,,,,,,,,
1507748000,3,tlm,ticket_enqueue,,,,,,,,,,,,,,,,,,,,,,,,376937,92,92,,189344,body,1,54,53,1586,1585,,,,,,,,,,
1507750000,,rtl,parser_ticket_we,817064,,,,,,,,0,0,,,,,,,,,,,,,,,,,,188528,,0,,,,,,1205,3685,,,,,,,
1507752000,1,tlm,ingress_preaccept,,,,,,,,,,,,,,,,,,,,,,,,376938,92,92,,189296,,1,63,,1589,,62,,,,,,,,,
1507752000,2,tlm,ingress_preaccept,,,,,,,,,,,,,,,,,,,,,,,,376938,92,92,,189344,,1,62,,1586,,61,,,,,,,,,
1507752000,3,tlm,ingress_preaccept,,,,,,,,,,,,,,,,,,,,,,,,376938,92,92,,189360,,0,53,,1585,,52,,,,,,,,,
1507752000,0,tlm,ticket_enqueue,,,,,,,,,,,,,,,,,,,,,,,,376938,92,92,,189312,body,1,122,121,1588,1587,,,,,,,,,,
1507752000,3,tlm,ticket_enqueue,,,,,,,,,,,,,,,,,,,,,,,,376938,92,92,,189360,body,0,53,53,1585,1584,,,,,,,,,,
1507754000,,rtl,parser_ticket_we,817068,,,,,,,,0,0,,,,,,,,,,,,,,,,,,188480,,1,,,,,,1182,3682,,,,,,,
1507756000,0,tlm,ingress_preaccept,,,,,,,,,,,,,,,,,,,,,,,,376939,92,92,,189328,,0,121,,1587,,120,,,,,,,,,
1507756000,3,tlm,ingress_preaccept,,,,,,,,,,,,,,,,,,,,,,,,376939,92,92,,189376,,1,53,,1584,,52,,,,,,,,,
1507756000,0,tlm,ticket_enqueue,,,,,,,,,,,,,,,,,,,,,,,,376939,92,92,,189328,body,0,121,121,1587,1586,,,,,,,,,,
1507756000,1,tlm,ticket_enqueue,,,,,,,,,,,,,,,,,,,,,,,,376939,92,92,,189296,body,1,63,62,1589,1588,,,,,,,,,,
1507756000,2,tlm,ticket_enqueue,,,,,,,,,,,,,,,,,,,,,,,,376939,92,92,,189344,body,1,62,61,1586,1585,,,,,,,,,,
1507758000,,rtl,parser_ticket_we,817071,,,,,,,,0,0,,,,,,,,,,,,,,,,,,188528,,3,,,,,,1268,3685,,,,,,,
1507758000,,rtl,parser_ticket_we,817072,,,,,,,,0,0,,,,,,,,,,,,,,,,,,188528,,3,,,,,,520,3685,,,,,,,
1507758000,,rtl,parser_ticket_we,817073,,,,,,,,0,0,,,,,,,,,,,,,,,,,,188496,,0,,,,,,1183,3683,,,,,,,
1507760000,0,tlm,ingress_preaccept,,,,,,,,,,,,,,,,,,,,,,,,376940,92,92,,189344,,0,121,,1586,,120,,,,,,,,,
1507760000,1,tlm,ingress_preaccept,,,,,,,,,,,,,,,,,,,,,,,,376940,92,92,,189312,,2,62,,1588,,61,,,,,,,,,
1507760000,2,tlm,ingress_preaccept,,,,,,,,,,,,,,,,,,,,,,,,376940,92,92,,189360,,0,61,,1585,,60,,,,,,,,,
1507760000,0,tlm,ticket_enqueue,,,,,,,,,,,,,,,,,,,,,,,,376940,92,92,,189344,body,0,121,121,1586,1585,,,,,,,,,,
1507760000,2,tlm,ticket_enqueue,,,,,,,,,,,,,,,,,,,,,,,,376940,92,92,,189360,body,0,61,61,1585,1584,,,,,,,,,,
1507760000,3,tlm,ticket_enqueue,,,,,,,,,,,,,,,,,,,,,,,,376940,92,92,,189376,body,1,53,52,1584,1583,,,,,,,,,,
1507762000,,rtl,parser_ticket_we,817076,,,,,,,,0,0,,,,,,,,,,,,,,,,,,188544,,2,,,,,,1205,3686,,,,,,,
1507764000,0,tlm,ingress_preaccept,,,,,,,,,,,,,,,,,,,,,,,,376941,92,92,,189360,,2,121,,1585,,120,,,,,,,,,
1507764000,2,tlm,ingress_preaccept,,,,,,,,,,,,,,,,,,,,,,,,376941,92,92,,189376,,1,61,,1584,,60,,,,,,,,,
1507764000,3,tlm,ingress_preaccept,,,,,,,,,,,,,,,,,,,,,,,,376941,92,92,,189392,,1,52,,1583,,51,,,,,,,,,
1507766000,,rtl,parser_ticket_we,817081,,,,,,,,0,0,,,,,,,,,,,,,,,,,,188544,,1,,,,,,1271,3686,,,,,,,
1507766000,,rtl,parser_ticket_we,817082,,,,,,,,0,0,,,,,,,,,,,,,,,,,,188544,,1,,,,,,523,3686,,,,,,,
1507766000,,rtl,parser_ticket_we,817083,,,,,,,,0,0,,,,,,,,,,,,,,,,,,188512,,1,,,,,,1183,3684,,,,,,,
1507768000,1,tlm,ticket_enqueue,,,,,,,,,,,,,,,,,,,,,,,,376942,92,92,,189312,body,2,62,60,1588,1587,,,,,,,,,,
1507768000,2,tlm,ticket_enqueue,,,,,,,,,,,,,,,,,,,,,,,,376942,92,92,,189376,body,1,61,60,1584,1583,,,,,,,,,,
1507768000,3,tlm,ticket_enqueue,,,,,,,,,,,,,,,,,,,,,,,,376942,92,92,,189392,body,1,52,51,1583,1582,,,,,,,,,,
1507770000,,rtl,parser_ticket_we,817086,,,,,,,,0,0,,,,,,,,,,,,,,,,,,188560,,1,,,,,,1207,3687,,,,,,,
1507772000,1,tlm,ingress_preaccept,,,,,,,,,,,,,,,,,,,,,,,,376943,92,92,,189328,,2,60,,1587,,59,,,,,,,,,
1507772000,2,tlm,ingress_preaccept,,,,,,,,,,,,,,,,,,,,,,,,376943,92,92,,189392,,0,60,,1583,,59,,,,,,,,,
1507772000,3,tlm,ingress_preaccept,,,,,,,,,,,,,,,,,,,,,,,,376943,92,92,,189408,,0,51,,1582,,50,,,,,,,,,
1507772000,0,tlm,ticket_enqueue,,,,,,,,,,,,,,,,,,,,,,,,376943,92,92,,189360,body,2,121,119,1585,1584,,,,,,,,,,
1507772000,2,tlm,ticket_enqueue,,,,,,,,,,,,,,,,,,,,,,,,376943,92,92,,189392,body,0,60,60,1583,1582,,,,,,,,,,
1507772000,3,tlm,ticket_enqueue,,,,,,,,,,,,,,,,,,,,,,,,376943,92,92,,189408,body,0,51,51,1582,1581,,,,,,,,,,
1507774000,,rtl,parser_ticket_we,817091,,,,,,,,0,0,,,,,,,,,,,,,,,,,,188560,,1,,,,,,1272,3687,,,,,,,
1507774000,,rtl,parser_ticket_we,817092,,,,,,,,0,0,,,,,,,,,,,,,,,,,,188560,,1,,,,,,524,3687,,,,,,,
1507774000,,rtl,parser_ticket_we,817093,,,,,,,,0,0,,,,,,,,,,,,,,,,,,188528,,1,,,,,,1184,3685,,,,,,,
1507774000,,rtl,parser_ticket_we,817094,,,,,,,,0,0,,,,,,,,,,,,,,,,,,188576,,0,,,,,,1208,3688,,,,,,,
1507776000,0,tlm,ingress_preaccept,,,,,,,,,,,,,,,,,,,,,,,,376944,92,92,,189376,,1,119,,1584,,118,,,,,,,,,
1507776000,2,tlm,ingress_preaccept,,,,,,,,,,,,,,,,,,,,,,,,376944,92,92,,189408,,1,60,,1582,,59,,,,,,,,,
1507776000,3,tlm,ingress_preaccept,,,,,,,,,,,,,,,,,,,,,,,,376944,92,92,,189424,,3,51,,1581,,50,,,,,,,,,
1507778000,,rtl,parser_ticket_we,817097,,,,,,,,0,0,,,,,,,,,,,,,,,,,,188592,,0,,,,,,1208,3689,,,,,,,
1507778000,,rtl,parser_ticket_we,817098,,,,,,,,0,0,,,,,,,,,,,,,,,,,,188544,,0,,,,,,1185,3686,,,,,,,
1507780000,0,tlm,ticket_enqueue,,,,,,,,,,,,,,,,,,,,,,,,376945,92,92,,189376,body,1,119,118,1584,1583,,,,,,,,,,
1507780000,1,tlm,ticket_enqueue,,,,,,,,,,,,,,,,,,,,,,,,376945,92,92,,189328,body,2,60,58,1587,1586,,,,,,,,,,
1507780000,2,tlm,ticket_enqueue,,,,,,,,,,,,,,,,,,,,,,,,376945,92,92,,189408,body,1,60,59,1582,1581,,,,,,,,,,
1507782000,,rtl,parser_ticket_we,817104,,,,,,,,0,0,,,,,,,,,,,,,,,,,,188576,,1,,,,,,1273,3688,,,,,,,
1507782000,,rtl,parser_ticket_we,817105,,,,,,,,0,0,,,,,,,,,,,,,,,,,,188576,,1,,,,,,525,3688,,,,,,,
1507782000,,rtl,parser_ticket_we,817106,,,,,,,,0,0,,,,,,,,,,,,,,,,,,188608,,0,,,,,,1208,3690,,,,,,,
1507784000,0,tlm,ingress_preaccept,,,,,,,,,,,,,,,,,,,,,,,,376946,92,92,,189392,,1,118,,1583,,117,,,,,,,,,
1507784000,1,tlm,ingress_preaccept,,,,,,,,,,,,,,,,,,,,,,,,376946,92,92,,189344,,0,58,,1586,,57,,,,,,,,,
1507784000,2,tlm,ingress_preaccept,,,,,,,,,,,,,,,,,,,,,,,,376946,92,92,,189424,,0,59,,1581,,58,,,,,,,,,
1507784000,1,tlm,ticket_enqueue,,,,,,,,,,,,,,,,,,,,,,,,376946,92,92,,189344,body,0,58,58,1586,1585,,,,,,,,,,
1507784000,2,tlm,ticket_enqueue,,,,,,,,,,,,,,,,,,,,,,,,376946,92,92,,189424,body,0,59,59,1581,1580,,,,,,,,,,
1507786000,,rtl,parser_ticket_we,817110,,,,,,,,0,0,,,,,,,,,,,,,,,,,,188624,,0,,,,,,1208,3691,,,,,,,
1507786000,,rtl,parser_ticket_we,817111,,,,,,,,0,0,,,,,,,,,,,,,,,,,,188592,,0,,,,,,526,3689,,,,,,,
1507788000,1,tlm,ingress_preaccept,,,,,,,,,,,,,,,,,,,,,,,,376947,92,92,,189360,,0,58,,1585,,57,,,,,,,,,
1507788000,2,tlm,ingress_preaccept,,,,,,,,,,,,,,,,,,,,,,,,376947,92,92,,189440,,2,59,,1580,,58,,,,,,,,,
1507788000,0,tlm,ticket_enqueue,,,,,,,,,,,,,,,,,,,,,,,,376947,92,92,,189392,body,1,118,117,1583,1582,,,,,,,,,,
1507788000,1,tlm,ticket_enqueue,,,,,,,,,,,,,,,,,,,,,,,,376947,92,92,,189360,body,0,58,58,1585,1584,,,,,,,,,,
1507788000,3,tlm,ticket_enqueue,,,,,,,,,,,,,,,,,,,,,,,,376947,92,92,,189424,body,3,51,48,1581,1580,,,,,,,,,,
1507790000,,rtl,allocator_decision,817117,,,,,,,,,,,,idle_to_fetch,151008,15,15,15,15,0,0,15,0,6,,,,,,,,,,,,,,,,,,,,,
1507790000,,rtl,parser_ticket_we,817116,,,,,,,,0,0,,,,,,,,,,,,,,,,,,188592,,1,,,,,,1274,3689,,,,,,,
1507790000,,rtl,parser_ticket_we,817122,,,,,,,,0,0,,,,,,,,,,,,,,,,,,188560,,2,,,,,,1185,3687,,,,,,,
1507792000,,tlm,future_gap_advance,,,,,,,,,,,,,,150992,,,,,,,,,,376948,73,73,376974,,,,,,,,,,,,,,,,,
1507792000,0,tlm,ingress_preaccept,,,,,,,,,,,,,,,,,,,,,,,,376948,92,92,,189408,,2,117,,1582,,116,,,,,,,,,
1507792000,1,tlm,ingress_preaccept,,,,,,,,,,,,,,,,,,,,,,,,376948,92,92,,189376,,2,58,,1584,,57,,,,,,,,,
1507792000,3,tlm,ingress_preaccept,,,,,,,,,,,,,,,,,,,,,,,,376948,92,92,,189440,,1,48,,1580,,47,,,,,,,,,
1507794000,,rtl,parser_ticket_we,817126,,,,,,,,0,0,,,,,,,,,,,,,,,,,,188640,,1,,,,,,1208,3692,,,,,,,
1507794000,,rtl,parser_ticket_we,817127,,,,,,,,0,0,,,,,,,,,,,,,,,,,,188608,,1,,,,,,526,3690,,,,,,,
1507794000,,rtl,parser_ticket_we,817128,,,,,,,,0,0,,,,,,,,,,,,,,,,,,188576,,0,,,,,,1187,3688,,,,,,,
1507794000,,rtl,parser_ticket_we,817129,,,,,,,,0,0,,,,,,,,,,,,,,,,,,188608,,0,,,,,,1275,3690,,,,,,,
1507796000,2,tlm,ticket_enqueue,,,,,,,,,,,,,,,,,,,,,,,,376949,92,92,,189440,body,2,59,57,1580,1579,,,,,,,,,,
1507796000,3,tlm,ticket_enqueue,,,,,,,,,,,,,,,,,,,,,,,,376949,92,92,,189440,body,1,48,47,1580,1579,,,,,,,,,,
1507798000,,rtl,parser_ticket_we,817133,,,,,,,,0,0,,,,,,,,,,,,,,,,,,188592,,0,,,,,,1187,3689,,,,,,,
1507800000,2,tlm,ingress_preaccept,,,,,,,,,,,,,,,,,,,,,,,,376950,92,92,,189456,,0,57,,1579,,56,,,,,,,,,
1507800000,3,tlm,ingress_preaccept,,,,,,,,,,,,,,,,,,,,,,,,376950,92,92,,189456,,1,47,,1579,,46,,,,,,,,,
1507800000,0,tlm,ticket_enqueue,,,,,,,,,,,,,,,,,,,,,,,,376950,92,92,,189408,body,2,117,115,1582,1581,,,,,,,,,,
1507800000,1,tlm,ticket_enqueue,,,,,,,,,,,,,,,,,,,,,,,,376950,92,92,,189376,body,2,58,56,1584,1583,,,,,,,,,,
1507800000,2,tlm,ticket_enqueue,,,,,,,,,,,,,,,,,,,,,,,,376950,92,92,,189456,body,0,57,57,1579,1578,,,,,,,,,,
1507802000,,rtl,parser_ticket_we,817139,,,,,,,,0,0,,,,,,,,,,,,,,,,,,188624,,1,,,,,,527,3691,,,,,,,
1507802000,,rtl,parser_ticket_we,817140,,,,,,,,0,0,,,,,,,,,,,,,,,,,,188624,,1,,,,,,1275,3691,,,,,,,
1507802000,,rtl,parser_ticket_we,817141,,,,,,,,0,0,,,,,,,,,,,,,,,,,,188608,,0,,,,,,1187,3690,,,,,,,
1507804000,0,tlm,ingress_preaccept,,,,,,,,,,,,,,,,,,,,,,,,376951,92,92,,189424,,1,115,,1581,,114,,,,,,,,,
1507804000,1,tlm,ingress_preaccept,,,,,,,,,,,,,,,,,,,,,,,,376951,92,92,,189392,,0,56,,1583,,55,,,,,,,,,
1507804000,2,tlm,ingress_preaccept,,,,,,,,,,,,,,,,,,,,,,,,376951,92,92,,189472,,1,57,,1578,,56,,,,,,,,,
1507804000,1,tlm,ticket_enqueue,,,,,,,,,,,,,,,,,,,,,,,,376951,92,92,,189392,body,0,56,56,1583,1582,,,,,,,,,,
1507804000,3,tlm,ticket_enqueue,,,,,,,,,,,,,,,,,,,,,,,,376951,92,92,,189456,body,1,47,46,1579,1578,,,,,,,,,,
1507806000,,rtl,parser_ticket_we,817144,,,,,,,,0,0,,,,,,,,,,,,,,,,,,188656,,2,,,,,,1209,3693,,,,,,,
1507806000,,rtl,parser_ticket_we,817145,,,,,,,,0,0,,,,,,,,,,,,,,,,,,188640,,0,,,,,,528,3692,,,,,,,
1507808000,1,tlm,ingress_preaccept,,,,,,,,,,,,,,,,,,,,,,,,376952,92,92,,189408,,1,56,,1582,,55,,,,,,,,,
1507808000,3,tlm,ingress_preaccept,,,,,,,,,,,,,,,,,,,,,,,,376952,92,92,,189472,,2,46,,1578,,45,,,,,,,,,
1507808000,0,tlm,ticket_enqueue,,,,,,,,,,,,,,,,,,,,,,,,376952,92,92,,189424,body,1,115,114,1581,1580,,,,,,,,,,
1507808000,2,tlm,ticket_enqueue,,,,,,,,,,,,,,,,,,,,,,,,376952,92,92,,189472,body,1,57,56,1578,1577,,,,,,,,,,
1507810000,,rtl,parser_ticket_we,817150,,,,,,,,0,0,,,,,,,,,,,,,,,,,,188640,,1,,,,,,1276,3692,,,,,,,
1507810000,,rtl,parser_ticket_we,817151,,,,,,,,0,0,,,,,,,,,,,,,,,,,,188624,,1,,,,,,1187,3691,,,,,,,
1507810000,,rtl,parser_ticket_we,817152,,,,,,,,0,0,,,,,,,,,,,,,,,,,,188656,,0,,,,,,528,3693,,,,,,,
1507812000,0,tlm,ingress_preaccept,,,,,,,,,,,,,,,,,,,,,,,,376953,92,92,,189440,,0,114,,1580,,113,,,,,,,,,
1507812000,2,tlm,ingress_preaccept,,,,,,,,,,,,,,,,,,,,,,,,376953,92,92,,189488,,1,56,,1577,,55,,,,,,,,,
1507812000,0,tlm,ticket_enqueue,,,,,,,,,,,,,,,,,,,,,,,,376953,92,92,,189440,body,0,114,114,1580,1579,,,,,,,,,,
1507812000,1,tlm,ticket_enqueue,,,,,,,,,,,,,,,,,,,,,,,,376953,92,92,,189408,body,1,56,55,1582,1581,,,,,,,,,,
1507814000,,rtl,parser_ticket_we,817156,,,,,,,,0,0,,,,,,,,,,,,,,,,,,188672,,1,,,,,,1211,3694,,,,,,,
1507816000,0,tlm,ingress_preaccept,,,,,,,,,,,,,,,,,,,,,,,,376954,92,92,,189456,,0,114,,1579,,113,,,,,,,,,
1507816000,1,tlm,ingress_preaccept,,,,,,,,,,,,,,,,,,,,,,,,376954,92,92,,189424,,1,55,,1581,,54,,,,,,,,,
1507816000,0,tlm,ticket_enqueue,,,,,,,,,,,,,,,,,,,,,,,,376954,92,92,,189456,body,0,114,114,1579,1578,,,,,,,,,,
1507816000,2,tlm,ticket_enqueue,,,,,,,,,,,,,,,,,,,,,,,,376954,92,92,,189488,body,1,56,55,1577,1576,,,,,,,,,,
1507816000,3,tlm,ticket_enqueue,,,,,,,,,,,,,,,,,,,,,,,,376954,92,92,,189472,body,2,46,44,1578,1577,,,,,,,,,,
1507818000,,rtl,parser_ticket_we,817161,,,,,,,,0,0,,,,,,,,,,,,,,,,,,188656,,1,,,,,,1277,3693,,,,,,,
1507818000,,rtl,parser_ticket_we,817162,,,,,,,,0,0,,,,,,,,,,,,,,,,,,188672,,1,,,,,,528,3694,,,,,,,
1507820000,0,tlm,ingress_preaccept,,,,,,,,,,,,,,,,,,,,,,,,376955,92,92,,189472,,0,114,,1578,,113,,,,,,,,,
1507820000,2,tlm,ingress_preaccept,,,,,,,,,,,,,,,,,,,,,,,,376955,92,92,,189504,,1,55,,1576,,54,,,,,,,,,
1507820000,3,tlm,ingress_preaccept,,,,,,,,,,,,,,,,,,,,,,,,376955,92,92,,189488,,1,44,,1577,,43,,,,,,,,,
1507820000,0,tlm,ticket_enqueue,,,,,,,,,,,,,,,,,,,,,,,,376955,92,92,,189472,body,0,114,114,1578,1577,,,,,,,,,,
1507820000,1,tlm,ticket_enqueue,,,,,,,,,,,,,,,,,,,,,,,,376955,92,92,,189424,body,1,55,54,1581,1580,,,,,,,,,,
1507822000,,rtl,parser_ticket_we,817165,,,,,,,,0,0,,,,,,,,,,,,,,,,,,188688,,1,,,,,,1212,3695,,,,,,,
1507822000,,rtl,parser_ticket_we,817166,,,,,,,,0,0,,,,,,,,,,,,,,,,,,188640,,2,,,,,,1188,3692,,,,,,,
1507824000,0,tlm,ingress_preaccept,,,,,,,,,,,,,,,,,,,,,,,,376956,92,92,,189488,,1,114,,1577,,113,,,,,,,,,
1507824000,1,tlm,ingress_preaccept,,,,,,,,,,,,,,,,,,,,,,,,376956,92,92,,189440,,0,54,,1580,,53,,,,,,,,,
1507824000,1,tlm,ticket_enqueue,,,,,,,,,,,,,,,,,,,,,,,,376956,92,92,,189440,body,0,54,54,1580,1579,,,,,,,,,,
1507824000,2,tlm,ticket_enqueue,,,,,,,,,,,,,,,,,,,,,,,,376956,92,92,,189504,body,1,55,54,1576,1575,,,,,,,,,,
1507824000,3,tlm,ticket_enqueue,,,,,,,,,,,,,,,,,,,,,,,,376956,92,92,,189488,body,1,44,43,1577,1576,,,,,,,,,,
1507826000,,rtl,parser_ticket_we,817170,,,,,,,,0,0,,,,,,,,,,,,,,,,,,188672,,1,,,,,,1278,3694,,,,,,,
1507826000,,rtl,parser_ticket_we,817171,,,,,,,,0,0,,,,,,,,,,,,,,,,,,188688,,1,,,,,,529,3695,,,,,,,
1507826000,,rtl,parser_ticket_we,817172,,,,,,,,0,0,,,,,,,,,,,,,,,,,,188656,,0,,,,,,1190,3693,,,,,,,
1507828000,1,tlm,ingress_preaccept,,,,,,,,,,,,,,,,,,,,,,,,376957,92,92,,189456,,0,54,,1579,,53,,,,,,,,,
1507828000,2,tlm,ingress_preaccept,,,,,,,,,,,,,,,,,,,,,,,,376957,92,92,,189520,,1,54,,1575,,53,,,,,,,,,
1507828000,3,tlm,ingress_preaccept,,,,,,,,,,,,,,,,,,,,,,,,376957,92,92,,189504,,2,43,,1576,,42,,,,,,,,,
1507828000,0,tlm,ticket_enqueue,,,,,,,,,,,,,,,,,,,,,,,,376957,92,92,,189488,body,1,114,113,1577,1576,,,,,,,,,,
1507828000,1,tlm,ticket_enqueue,,,,,,,,,,,,,,,,,,,,,,,,376957,92,92,,189456,body,0,54,54,1579,1578,,,,,,,,,,
1507830000,,rtl,parser_ticket_we,817176,,,,,,,,0,0,,,,,,,,,,,,,,,,,,188704,,1,,,,,,1213,3696,,,,,,,
1507830000,,rtl,parser_ticket_we,817177,,,,,,,,0,0,,,,,,,,,,,,,,,,,,188704,,0,,,,,,1322,3696,,,,,,,
1507830000,,rtl,parser_ticket_we,817178,,,,,,,,0,0,,,,,,,,,,,,,,,,,,188688,,0,,,,,,1279,3695,,,,,,,
1507832000,0,tlm,ingress_preaccept,,,,,,,,,,,,,,,,,,,,,,,,376958,92,92,,189504,,0,113,,1576,,112,,,,,,,,,
1507832000,1,tlm,ingress_preaccept,,,,,,,,,,,,,,,,,,,,,,,,376958,92,92,,189472,,0,54,,1578,,53,,,,,,,,,
1507832000,0,tlm,ticket_enqueue,,,,,,,,,,,,,,,,,,,,,,,,376958,92,92,,189504,body,0,113,113,1576,1575,,,,,,,,,,
1507832000,1,tlm,ticket_enqueue,,,,,,,,,,,,,,,,,,,,,,,,376958,92,92,,189472,body,0,54,54,1578,1577,,,,,,,,,,
1507832000,2,tlm,ticket_enqueue,,,,,,,,,,,,,,,,,,,,,,,,376958,92,92,,189520,body,1,54,53,1575,1574,,,,,,,,,,
1507834000,,rtl,parser_ticket_we,817183,,,,,,,,0,0,,,,,,,,,,,,,,,,,,188672,,1,,,,,,1190,3694,,,,,,,
1507834000,,rtl,parser_ticket_we,817184,,,,,,,,0,0,,,,,,,,,,,,,,,,,,188720,,0,,,,,,1322,3697,,,,,,,
1507834000,,rtl,parser_ticket_we,817185,,,,,,,,0,0,,,,,,,,,,,,,,,,,,188720,,0,,,,,,1214,3697,,,,,,,
1507836000,0,tlm,ingress_preaccept,,,,,,,,,,,,,,,,,,,,,,,,376959,92,92,,189520,,0,113,,1575,,112,,,,,,,,,
1507836000,1,tlm,ingress_preaccept,,,,,,,,,,,,,,,,,,,,,,,,376959,92,92,,189488,,1,54,,1577,,53,,,,,,,,,
1507836000,2,tlm,ingress_preaccept,,,,,,,,,,,,,,,,,,,,,,,,376959,92,92,,189536,,2,53,,1574,,52,,,,,,,,,
1507836000,0,tlm,ticket_enqueue,,,,,,,,,,,,,,,,,,,,,,,,376959,92,92,,189520,body,0,113,113,1575,1574,,,,,,,,,,
1507836000,3,tlm,ticket_enqueue,,,,,,,,,,,,,,,,,,,,,,,,376959,92,92,,189504,body,2,43,41,1576,1575,,,,,,,,,,
1507838000,,rtl,parser_ticket_we,817190,,,,,,,,0,0,,,,,,,,,,,,,,,,,,188704,,1,,,,,,1279,3696,,,,,,,
1507840000,0,tlm,ingress_preaccept,,,,,,,,,,,,,,,,,,,,,,,,376960,92,92,,189536,,0,113,,1574,,112,,,,,,,,,
1507840000,3,tlm,ingress_preaccept,,,,,,,,,,,,,,,,,,,,,,,,376960,92,92,,189520,,1,41,,1575,,40,,,,,,,,,
1507840000,0,tlm,ticket_enqueue,,,,,,,,,,,,,,,,,,,,,,,,376960,92,92,,189536,body,0,113,113,1574,1573,,,,,,,,,,
1507840000,1,tlm,ticket_enqueue,,,,,,,,,,,,,,,,,,,,,,,,376960,92,92,,189488,body,1,54,53,1577,1576,,,,,,,,,,
1507842000,,rtl,parser_ticket_we,817195,,,,,,,,0,0,,,,,,,,,,,,,,,,,,188688,,1,,,,,,1191,3695,,,,,,,
1507842000,,rtl,parser_ticket_we,817196,,,,,,,,0,0,,,,,,,,,,,,,,,,,,188736,,1,,,,,,1322,3698,,,,,,,
1507844000,0,tlm,ingress_preaccept,,,,,,,,,,,,,,,,,,,,,,,,376961,92,92,,189552,,1,113,,1573,,112,,,,,,,,,
1507844000,1,tlm,ingress_preaccept,,,,,,,,,,,,,,,,,,,,,,,,376961,92,92,,189504,,2,53,,1576,,52,,,,,,,,,
1507844000,2,tlm,ticket_enqueue,,,,,,,,,,,,,,,,,,,,,,,,376961,92,92,,189536,body,2,53,51,1574,1573,,,,,,,,,,
1507844000,3,tlm,ticket_enqueue,,,,,,,,,,,,,,,,,,,,,,,,376961,92,92,,189520,body,1,41,40,1575,1574,,,,,,,,,,
1507846000,,rtl,parser_ticket_we,817199,,,,,,,,0,0,,,,,,,,,,,,,,,,,,188704,,0,,,,,,1192,3696,,,,,,,
1507848000,2,tlm,ingress_preaccept,,,,,,,,,,,,,,,,,,,,,,,,376962,92,92,,189552,,1,51,,1573,,50,,,,,,,,,
1507848000,3,tlm,ingress_preaccept,,,,,,,,,,,,,,,,,,,,,,,,376962,92,92,,189536,,0,40,,1574,,39,,,,,,,,,
1507848000,0,tlm,ticket_enqueue,,,,,,,,,,,,,,,,,,,,,,,,376962,92,92,,189552,body,1,113,112,1573,1572,,,,,,,,,,
1507848000,3,tlm,ticket_enqueue,,,,,,,,,,,,,,,,,,,,,,,,376962,92,92,,189536,body,0,40,40,1574,1573,,,,,,,,,,
1507850000,0,rtl,allocator_lane_action,817207,0,1,0,0,151552,1,73,0,0,1,0,,,,,,,,,,,,,,,,,,,,,,,,,,,,,,,,
1507850000,1,rtl,allocator_lane_action,817208,0,1,0,0,151552,0,73,0,0,1,0,,,,,,,,,,,,,,,,,,,,,,,,,,,,,,,,
1507850000,2,rtl,allocator_lane_action,817209,0,1,0,0,151552,1,73,0,0,1,0,,,,,,,,,,,,,,,,,,,,,,,,,,,,,,,,
1507850000,3,rtl,allocator_lane_action,817210,0,1,0,0,151552,1,73,0,0,1,0,,,,,,,,,,,,,,,,,,,,,,,,,,,,,,,,
1507850000,,rtl,parser_ticket_we,817203,,,,,,,,0,0,,,,,,,,,,,,,,,,,,188752,,1,,,,,,1323,3699,,,,,,,
1507850000,,rtl,parser_ticket_we,817204,,,,,,,,0,0,,,,,,,,,,,,,,,,,,188736,,3,,,,,,1214,3698,,,,,,,
1507850000,,rtl,parser_ticket_we,817205,,,,,,,,0,0,,,,,,,,,,,,,,,,,,188720,,2,,,,,,500,3697,,,,,,,
1507852000,0,tlm,ingress_preaccept,,,,,,,,,,,,,,,,,,,,,,,,376963,92,92,,189568,,0,112,,1572,,111,,,,,,,,,
1507852000,3,tlm,ingress_preaccept,,,,,,,,,,,,,,,,,,,,,,,,376963,92,92,,189552,,1,40,,1573,,39,,,,,,,,,
1507852000,0,tlm,ticket_enqueue,,,,,,,,,,,,,,,,,,,,,,,,376963,92,92,,189568,body,0,112,112,1572,1571,,,,,,,,,,
1507852000,1,tlm,ticket_enqueue,,,,,,,,,,,,,,,,,,,,,,,,376963,92,92,,189504,body,2,53,51,1576,1575,,,,,,,,,,
1507852000,2,tlm,ticket_enqueue,,,,,,,,,,,,,,,,,,,,,,,,376963,92,92,,189552,body,1,51,50,1573,1572,,,,,,,,,,
1507854000,,rtl,parser_ticket_we,817213,,,,,,,,0,0,,,,,,,,,,,,,,,,,,188736,,0,,,,,,502,3698,,,,,,,
1507854000,,rtl,parser_ticket_we,817214,,,,,,,,0,0,,,,,,,,,,,,,,,,,,188752,,0,,,,,,1217,3699,,,,,,,
1507856000,0,tlm,ingress_preaccept,,,,,,,,,,,,,,,,,,,,,,,,376964,92,92,,189584,,2,112,,1571,,111,,,,,,,,,
1507856000,1,tlm,ingress_preaccept,,,,,,,,,,,,,,,,,,,,,,,,376964,92,92,,189520,,2,51,,1575,,50,,,,,,,,,
1507856000,2,tlm,ingress_preaccept,,,,,,,,,,,,,,,,,,,,,,,,376964,92,92,,189568,,1,50,,1572,,49,,,,,,,,,
1507856000,3,tlm,ticket_enqueue,,,,,,,,,,,,,,,,,,,,,,,,376964,92,92,,189552,body,1,40,39,1573,1572,,,,,,,,,,
1507858000,,rtl,parser_ticket_we,817219,,,,,,,,0,0,,,,,,,,,,,,,,,,,,188768,,1,,,,,,1324,3700,,,,,,,
1507858000,,rtl,parser_ticket_we,817220,,,,,,,,0,0,,,,,,,,,,,,,,,,,,188720,,2,,,,,,1192,3697,,,,,,,
1507860000,3,tlm,ingress_preaccept,,,,,,,,,,,,,,,,,,,,,,,,376965,92,92,,189568,,0,39,,1572,,38,,,,,,,,,
1507860000,2,tlm,ticket_enqueue,,,,,,,,,,,,,,,,,,,,,,,,376965,92,92,,189568,body,1,50,49,1572,1571,,,,,,,,,,
1507860000,3,tlm,ticket_enqueue,,,,,,,,,,,,,,,,,,,,,,,,376965,92,92,,189568,body,0,39,39,1572,1571,,,,,,,,,,
1507864000,2,tlm,ingress_preaccept,,,,,,,,,,,,,,,,,,,,,,,,376966,92,92,,189584,,2,49,,1571,,48,,,,,,,,,
1507864000,3,tlm,ingress_preaccept,,,,,,,,,,,,,,,,,,,,,,,,376966,92,92,,189584,,0,39,,1571,,38,,,,,,,,,
1507864000,0,tlm,ticket_enqueue,,,,,,,,,,,,,,,,,,,,,,,,376966,92,92,,189584,body,2,112,110,1571,1570,,,,,,,,,,
1507864000,1,tlm,ticket_enqueue,,,,,,,,,,,,,,,,,,,,,,,,376966,92,92,,189520,body,2,51,49,1575,1574,,,,,,,,,,
1507864000,3,tlm,ticket_enqueue,,,,,,,,,,,,,,,,,,,,,,,,376966,92,92,,189584,body,0,39,39,1571,1570,,,,,,,,,,
1507866000,,rtl,parser_ticket_we,817227,,,,,,,,0,0,,,,,,,,,,,,,,,,,,188736,,1,,,,,,1194,3698,,,,,,,
1507866000,,rtl,parser_ticket_we,817228,,,,,,,,0,0,,,,,,,,,,,,,,,,,,188768,,2,,,,,,1217,3700,,,,,,,
1507866000,,rtl,parser_ticket_we,817229,,,,,,,,0,0,,,,,,,,,,,,,,,,,,188752,,2,,,,,,502,3699,,,,,,,
1507868000,0,tlm,ingress_preaccept,,,,,,,,,,,,,,,,,,,,,,,,376967,92,92,,189600,,1,110,,1570,,109,,,,,,,,,
1507868000,1,tlm,ingress_preaccept,,,,,,,,,,,,,,,,,,,,,,,,376967,92,92,,189536,,2,49,,1574,,48,,,,,,,,,
1507868000,3,tlm,ingress_preaccept,,,,,,,,,,,,,,,,,,,,,,,,376967,92,92,,189600,,1,39,,1570,,38,,,,,,,,,
1507870000,,rtl,parser_ticket_we,817231,,,,,,,,0,0,,,,,,,,,,,,,,,,,,188784,,2,,,,,,1325,3701,,,,,,,
1507870000,,rtl,parser_ticket_we,817232,,,,,,,,0,0,,,,,,,,,,,,,,,,,,188768,,0,,,,,,504,3700,,,,,,,
1507870000,,rtl,parser_ticket_we,817233,,,,,,,,0,0,,,,,,,,,,,,,,,,,,188784,,0,,,,,,1219,3701,,,,,,,
1507872000,0,tlm,ticket_enqueue,,,,,,,,,,,,,,,,,,,,,,,,376968,92,92,,189600,body,1,110,109,1570,1569,,,,,,,,,,
1507872000,2,tlm,ticket_enqueue,,,,,,,,,,,,,,,,,,,,,,,,376968,92,92,,189584,body,2,49,47,1571,1570,,,,,,,,,,
1507872000,3,tlm,ticket_enqueue,,,,,,,,,,,,,,,,,,,,,,,,376968,92,92,,189600,body,1,39,38,1570,1569,,,,,,,,,,
1507874000,,rtl,parser_ticket_we,817238,,,,,,,,0,0,,,,,,,,,,,,,,,,,,188800,,0,,,,,,1219,3702,,,,,,,
1507876000,0,tlm,ingress_preaccept,,,,,,,,,,,,,,,,,,,,,,,,376969,92,92,,189616,,0,109,,1569,,108,,,,,,,,,
1507876000,2,tlm,ingress_preaccept,,,,,,,,,,,,,,,,,,,,,,,,376969,92,92,,189600,,0,47,,1570,,46,,,,,,,,,
1507876000,3,tlm,ingress_preaccept,,,,,,,,,,,,,,,,,,,,,,,,376969,92,92,,189616,,1,38,,1569,,37,,,,,,,,,
1507876000,0,tlm,ticket_enqueue,,,,,,,,,,,,,,,,,,,,,,,,376969,92,92,,189616,body,0,109,109,1569,1568,,,,,,,,,,
1507876000,1,tlm,ticket_enqueue,,,,,,,,,,,,,,,,,,,,,,,,376969,92,92,,189536,body,2,49,47,1574,1573,,,,,,,,,,
1507876000,2,tlm,ticket_enqueue,,,,,,,,,,,,,,,,,,,,,,,,376969,92,92,,189600,body,0,47,47,1570,1569,,,,,,,,,,
1507878000,,rtl,parser_ticket_we,817243,,,,,,,,0,0,,,,,,,,,,,,,,,,,,188784,,1,,,,,,504,3701,,,,,,,
1507878000,,rtl,parser_ticket_we,817244,,,,,,,,0,0,,,,,,,,,,,,,,,,,,188752,,2,,,,,,1195,3699,,,,,,,
1507880000,0,tlm,ingress_preaccept,,,,,,,,,,,,,,,,,,,,,,,,376970,92,92,,189632,,1,109,,1568,,108,,,,,,,,,
1507880000,1,tlm,ingress_preaccept,,,,,,,,,,,,,,,,,,,,,,,,376970,92,92,,189552,,0,47,,1573,,46,,,,,,,,,
1507880000,2,tlm,ingress_preaccept,,,,,,,,,,,,,,,,,,,,,,,,376970,92,92,,189616,,2,47,,1569,,46,,,,,,,,,
1507880000,1,tlm,ticket_enqueue,,,,,,,,,,,,,,,,,,,,,,,,376970,92,92,,189552,body,0,47,47,1573,1572,,,,,,,,,,
1507880000,3,tlm,ticket_enqueue,,,,,,,,,,,,,,,,,,,,,,,,376970,92,92,,189616,body,1,38,37,1569,1568,,,,,,,,,,
1507882000,,rtl,parser_ticket_we,817247,,,,,,,,0,0,,,,,,,,,,,,,,,,,,188816,,1,,,,,,1219,3703,,,,,,,
1507882000,,rtl,parser_ticket_we,817248,,,,,,,,0,0,,,,,,,,,,,,,,,,,,188800,,2,,,,,,1327,3702,,,,,,,
1507882000,,rtl,parser_ticket_we,817249,,,,,,,,0,0,,,,,,,,,,,,,,,,,,188768,,0,,,,,,1197,3700,,,,,,,
1507884000,1,tlm,ingress_preaccept,,,,,,,,,,,,,,,,,,,,,,,,376971,92,92,,189568,,1,47,,1572,,46,,,,,,,,,
1507884000,3,tlm,ingress_preaccept,,,,,,,,,,,,,,,,,,,,,,,,376971,92,92,,189632,,1,37,,1568,,36,,,,,,,,,
1507884000,0,tlm,ticket_enqueue,,,,,,,,,,,,,,,,,,,,,,,,376971,92,92,,189632,body,1,109,108,1568,1567,,,,,,,,,,
1507886000,,rtl,parser_ticket_we,817253,,,,,,,,0,0,,,,,,,,,,,,,,,,,,188800,,1,,,,,,505,3702,,,,,,,
1507886000,,rtl,parser_ticket_we,817254,,,,,,,,0,0,,,,,,,,,,,,,,,,,,188816,,0,,,,,,531,3703,,,,,,,
1507886000,,rtl,parser_ticket_we,817255,,,,,,,,0,0,,,,,,,,,,,,,,,,,,188832,,0,,,,,,1220,3704,,,,,,,
1507888000,0,tlm,ingress_preaccept,,,,,,,,,,,,,,,,,,,,,,,,376972,92,92,,189648,,0,108,,1567,,107,,,,,,,,,
1507888000,0,tlm,ticket_enqueue,,,,,,,,,,,,,,,,,,,,,,,,376972,92,92,,189648,body,0,108,108,1567,1566,,,,,,,,,,
1507888000,1,tlm,ticket_enqueue,,,,,,,,,,,,,,,,,,,,,,,,376972,92,92,,189568,body,1,47,46,1572,1571,,,,,,,,,,
1507888000,2,tlm,ticket_enqueue,,,,,,,,,,,,,,,,,,,,,,,,376972,92,92,,189616,body,2,47,45,1569,1568,,,,,,,,,,
1507888000,3,tlm,ticket_enqueue,,,,,,,,,,,,,,,,,,,,,,,,376972,92,92,,189632,body,1,37,36,1568,1567,,,,,,,,,,
1507890000,,rtl,parser_ticket_we,817260,,,,,,,,0,0,,,,,,,,,,,,,,,,,,188784,,1,,,,,,1197,3701,,,,,,,
1507890000,,rtl,parser_ticket_we,817261,,,,,,,,0,0,,,,,,,,,,,,,,,,,,188848,,0,,,,,,1220,3705,,,,,,,
1507892000,0,tlm,ingress_preaccept,,,,,,,,,,,,,,,,,,,,,,,,376973,92,92,,189664,,2,108,,1566,,107,,,,,,,,,
1507892000,1,tlm,ingress_preaccept,,,,,,,,,,,,,,,,,,,,,,,,376973,92,92,,189584,,1,46,,1571,,45,,,,,,,,,
1507892000,2,tlm,ingress_preaccept,,,,,,,,,,,,,,,,,,,,,,,,376973,92,92,,189632,,0,45,,1568,,44,,,,,,,,,
1507892000,3,tlm,ingress_preaccept,,,,,,,,,,,,,,,,,,,,,,,,376973,92,92,,189648,,0,36,,1567,,35,,,,,,,,,
1507892000,2,tlm,ticket_enqueue,,,,,,,,,,,,,,,,,,,,,,,,376973,92,92,,189632,body,0,45,45,1568,1567,,,,,,,,,,
1507892000,3,tlm,ticket_enqueue,,,,,,,,,,,,,,,,,,,,,,,,376973,92,92,,189648,body,0,36,36,1567,1566,,,,,,,,,,
1507894000,,rtl,allocator_decision,817267,,,,,,,,,,,,idle_to_fetch,151024,15,15,15,15,0,0,15,0,5,,,,,,,,,,,,,,,,,,,,,
1507894000,,rtl,parser_ticket_we,817266,,,,,,,,0,0,,,,,,,,,,,,,,,,,,188816,,1,,,,,,506,3703,,,,,,,
1507894000,,rtl,parser_ticket_we,817272,,,,,,,,0,0,,,,,,,,,,,,,,,,,,188864,,0,,,,,,1220,3706,,,,,,,
1507894000,,rtl,parser_ticket_we,817273,,,,,,,,0,0,,,,,,,,,,,,,,,,,,188800,,0,,,,,,1198,3702,,,,,,,
1507896000,,tlm,future_gap_advance,,,,,,,,,,,,,,151008,,,,,,,,,,376974,73,73,377000,,,,,,,,,,,,,,,,,
1507896000,2,tlm,ingress_preaccept,,,,,,,,,,,,,,,,,,,,,,,,376974,92,92,,189648,,0,45,,1567,,44,,,,,,,,,
1507896000,3,tlm,ingress_preaccept,,,,,,,,,,,,,,,,,,,,,,,,376974,92,92,,189664,,1,36,,1566,,35,,,,,,,,,
1507896000,1,tlm,ticket_enqueue,,,,,,,,,,,,,,,,,,,,,,,,376974,92,92,,189584,body,1,46,45,1571,1570,,,,,,,,,,
1507896000,2,tlm,ticket_enqueue,,,,,,,,,,,,,,,,,,,,,,,,376974,92,92,,189648,body,0,45,45,1567,1566,,,,,,,,,,
1507898000,,rtl,parser_ticket_we,817277,,,,,,,,0,0,,,,,,,,,,,,,,,,,,188816,,0,,,,,,1198,3703,,,,,,,
1507898000,,rtl,parser_ticket_we,817278,,,,,,,,0,0,,,,,,,,,,,,,,,,,,188880,,0,,,,,,1220,3707,,,,,,,
1507900000,1,tlm,ingress_preaccept,,,,,,,,,,,,,,,,,,,,,,,,376975,92,92,,189600,,0,45,,1570,,44,,,,,,,,,
1507900000,2,tlm,ingress_preaccept,,,,,,,,,,,,,,,,,,,,,,,,376975,92,92,,189664,,3,45,,1566,,44,,,,,,,,,
1507900000,0,tlm,ticket_enqueue,,,,,,,,,,,,,,,,,,,,,,,,376975,92,92,,189664,body,2,108,106,1566,1565,,,,,,,,,,
1507900000,1,tlm,ticket_enqueue,,,,,,,,,,,,,,,,,,,,,,,,376975,92,92,,189600,body,0,45,45,1570,1569,,,,,,,,,,
1507900000,3,tlm,ticket_enqueue,,,,,,,,,,,,,,,,,,,,,,,,376975,92,92,,189664,body,1,36,35,1566,1565,,,,,,,,,,
1507902000,,rtl,parser_ticket_we,817283,,,,,,,,0,0,,,,,,,,,,,,,,,,,,188832,,1,,,,,,507,3704,,,,,,,
1507902000,,rtl,parser_ticket_we,817284,,,,,,,,0,0,,,,,,,,,,,,,,,,,,188832,,3,,,,,,531,3704,,,,,,,
1507902000,,rtl,parser_ticket_we,817285,,,,,,,,0,0,,,,,,,,,,,,,,,,,,188896,,0,,,,,,1220,3708,,,,,,,
1507902000,,rtl,parser_ticket_we,817286,,,,,,,,0,0,,,,,,,,,,,,,,,,,,188832,,0,,,,,,1198,3704,,,,,,,
1507904000,0,tlm,ingress_preaccept,,,,,,,,,,,,,,,,,,,,,,,,376976,92,92,,189680,,1,106,,1565,,105,,,,,,,,,
1507904000,1,tlm,ingress_preaccept,,,,,,,,,,,,,,,,,,,,,,,,376976,92,92,,189616,,1,45,,1569,,44,,,,,,,,,
1507904000,3,tlm,ingress_preaccept,,,,,,,,,,,,,,,,,,,,,,,,376976,92,92,,189680,,0,35,,1565,,34,,,,,,,,,
1507904000,3,tlm,ticket_enqueue,,,,,,,,,,,,,,,,,,,,,,,,376976,92,92,,189680,body,0,35,35,1565,1564,,,,,,,,,,
1507906000,,rtl,parser_ticket_we,817290,,,,,,,,0,0,,,,,,,,,,,,,,,,,,188848,,0,,,,,,508,3705,,,,,,,
1507908000,3,tlm,ingress_preaccept,,,,,,,,,,,,,,,,,,,,,,,,376977,92,92,,189696,,0,35,,1564,,34,,,,,,,,,
1507908000,0,tlm,ticket_enqueue,,,,,,,,,,,,,,,,,,,,,,,,376977,92,92,,189680,body,1,106,105,1565,1564,,,,,,,,,,
1507908000,1,tlm,ticket_enqueue,,,,,,,,,,,,,,,,,,,,,,,,376977,92,92,,189616,body,1,45,44,1569,1568,,,,,,,,,,
1507908000,3,tlm,ticket_enqueue,,,,,,,,,,,,,,,,,,,,,,,,376977,92,92,,189696,body,0,35,35,1564,1563,,,,,,,,,,
1507910000,,rtl,parser_ticket_we,817296,,,,,,,,0,0,,,,,,,,,,,,,,,,,,188848,,1,,,,,,534,3705,,,,,,,
1507910000,,rtl,parser_ticket_we,817297,,,,,,,,0,0,,,,,,,,,,,,,,,,,,188912,,1,,,,,,1220,3709,,,,,,,
1507910000,,rtl,parser_ticket_we,817298,,,,,,,,0,0,,,,,,,,,,,,,,,,,,188848,,1,,,,,,1198,3705,,,,,,,
1507912000,0,tlm,ingress_preaccept,,,,,,,,,,,,,,,,,,,,,,,,376978,92,92,,189696,,2,105,,1564,,104,,,,,,,,,
1507912000,1,tlm,ingress_preaccept,,,,,,,,,,,,,,,,,,,,,,,,376978,92,92,,189632,,2,44,,1568,,43,,,,,,,,,
1507912000,3,tlm,ingress_preaccept,,,,,,,,,,,,,,,,,,,,,,,,376978,92,92,,189712,,0,35,,1563,,34,,,,,,,,,
1507912000,2,tlm,ticket_enqueue,,,,,,,,,,,,,,,,,,,,,,,,376978,92,92,,189664,body,3,45,42,1566,1565,,,,,,,,,,
1507912000,3,tlm,ticket_enqueue,,,,,,,,,,,,,,,,,,,,,,,,376978,92,92,,189712,body,0,35,35,1563,1562,,,,,,,,,,
1507914000,,rtl,parser_ticket_we,817301,,,,,,,,0,0,,,,,,,,,,,,,,,,,,188864,,1,,,,,,508,3706,,,,,,,
1507914000,,rtl,parser_ticket_we,817302,,,,,,,,0,0,,,,,,,,,,,,,,,,,,188864,,0,,,,,,1199,3706,,,,,,,
1507914000,,rtl,parser_ticket_we,817303,,,,,,,,0,0,,,,,,,,,,,,,,,,,,188928,,0,,,,,,1221,3710,,,,,,,
1507916000,2,tlm,ingress_preaccept,,,,,,,,,,,,,,,,,,,,,,,,376979,92,92,,189680,,0,42,,1565,,41,,,,,,,,,
1507916000,3,tlm,ingress_preaccept,,,,,,,,,,,,,,,,,,,,,,,,376979,92,92,,189728,,1,35,,1562,,34,,,,,,,,,
1507916000,2,tlm,ticket_enqueue,,,,,,,,,,,,,,,,,,,,,,,,376979,92,92,,189680,body,0,42,42,1565,1564,,,,,,,,,,
1507918000,,rtl,parser_ticket_we,817308,,,,,,,,0,0,,,,,,,,,,,,,,,,,,188864,,1,,,,,,535,3706,,,,,,,
1507918000,,rtl,parser_ticket_we,817309,,,,,,,,0,0,,,,,,,,,,,,,,,,,,188880,,0,,,,,,1199,3707,,,,,,,
1507918000,,rtl,parser_ticket_we,817310,,,,,,,,0,0,,,,,,,,,,,,,,,,,,188880,,0,,,,,,509,3707,,,,,,,
1507920000,2,tlm,ingress_preaccept,,,,,,,,,,,,,,,,,,,,,,,,376980,92,92,,189696,,0,42,,1564,,41,,,,,,,,,
1507920000,0,tlm,ticket_enqueue,,,,,,,,,,,,,,,,,,,,,,,,376980,92,92,,189696,body,2,105,103,1564,1563,,,,,,,,,,
1507920000,1,tlm,ticket_enqueue,,,,,,,,,,,,,,,,,,,,,,,,376980,92,92,,189632,body,2,44,42,1568,1567,,,,,,,,,,
1507920000,2,tlm,ticket_enqueue,,,,,,,,,,,,,,,,,,,,,,,,376980,92,92,,189696,body,0,42,42,1564,1563,,,,,,,,,,
1507920000,3,tlm,ticket_enqueue,,,,,,,,,,,,,,,,,,,,,,,,376980,92,92,,189728,body,1,35,34,1562,1561,,,,,,,,,,
1507922000,,rtl,parser_ticket_we,817315,,,,,,,,0,0,,,,,,,,,,,,,,,,,,188944,,1,,,,,,1221,3711,,,,,,,
1507922000,,rtl,parser_ticket_we,817316,,,,,,,,0,0,,,,,,,,,,,,,,,,,,188896,,0,,,,,,509,3708,,,,,,,
1507924000,0,tlm,ingress_preaccept,,,,,,,,,,,,,,,,,,,,,,,,376981,92,92,,189712,,0,103,,1563,,102,,,,,,,,,
1507924000,1,tlm,ingress_preaccept,,,,,,,,,,,,,,,,,,,,,,,,376981,92,92,,189648,,1,42,,1567,,41,,,,,,,,,
1507924000,2,tlm,ingress_preaccept,,,,,,,,,,,,,,,,,,,,,,,,376981,92,92,,189712,,1,42,,1563,,41,,,,,,,,,
1507924000,3,tlm,ingress_preaccept,,,,,,,,,,,,,,,,,,,,,,,,376981,92,92,,189744,,2,34,,1561,,33,,,,,,,,,
1507924000,0,tlm,ticket_enqueue,,,,,,,,,,,,,,,,,,,,,,,,376981,92,92,,189712,body,0,103,103,1563,1562,,,,,,,,,,
1507928000,0,tlm,ingress_preaccept,,,,,,,,,,,,,,,,,,,,,,,,376982,92,92,,189728,,0,103,,1562,,102,,,,,,,,,
1507928000,0,tlm,ticket_enqueue,,,,,,,,,,,,,,,,,,,,,,,,376982,92,92,,189728,body,0,103,103,1562,1561,,,,,,,,,,
1507928000,1,tlm,ticket_enqueue,,,,,,,,,,,,,,,,,,,,,,,,376982,92,92,,189648,body,1,42,41,1567,1566,,,,,,,,,,
1507928000,2,tlm,ticket_enqueue,,,,,,,,,,,,,,,,,,,,,,,,376982,92,92,,189712,body,1,42,41,1563,1562,,,,,,,,,,
1507930000,,rtl,parser_ticket_we,817324,,,,,,,,0,0,,,,,,,,,,,,,,,,,,188960,,1,,,,,,1222,3712,,,,,,,
1507930000,,rtl,parser_ticket_we,817325,,,,,,,,0,0,,,,,,,,,,,,,,,,,,188912,,1,,,,,,509,3709,,,,,,,
1507930000,,rtl,parser_ticket_we,817326,,,,,,,,0,0,,,,,,,,,,,,,,,,,,188896,,2,,,,,,1199,3708,,,,,,,
1507930000,,rtl,parser_ticket_we,817327,,,,,,,,0,0,,,,,,,,,,,,,,,,,,188880,,2,,,,,,536,3707,,,,,,,
1507932000,0,tlm,ingress_preaccept,,,,,,,,,,,,,,,,,,,,,,,,376983,92,92,,189744,,1,103,,1561,,102,,,,,,,,,
1507932000,1,tlm,ingress_preaccept,,,,,,,,,,,,,,,,,,,,,,,,376983,92,92,,189664,,1,41,,1566,,40,,,,,,,,,
1507932000,2,tlm,ingress_preaccept,,,,,,,,,,,,,,,,,,,,,,,,376983,92,92,,189728,,2,41,,1562,,40,,,,,,,,,
1507932000,3,tlm,ticket_enqueue,,,,,,,,,,,,,,,,,,,,,,,,376983,92,92,,189744,body,2,34,32,1561,1560,,,,,,,,,,
1507934000,,rtl,parser_ticket_we,817329,,,,,,,,0,0,,,,,,,,,,,,,,,,,,188912,,0,,,,,,1201,3709,,,,,,,
1507936000,3,tlm,ingress_preaccept,,,,,,,,,,,,,,,,,,,,,,,,376984,92,92,,189760,,0,32,,1560,,31,,,,,,,,,
1507936000,0,tlm,ticket_enqueue,,,,,,,,,,,,,,,,,,,,,,,,376984,92,92,,189744,body,1,103,102,1561,1560,,,,,,,,,,
1507936000,1,tlm,ticket_enqueue,,,,,,,,,,,,,,,,,,,,,,,,376984,92,92,,189664,body,1,41,40,1566,1565,,,,,,,,,,
1507936000,3,tlm,ticket_enqueue,,,,,,,,,,,,,,,,,,,,,,,,376984,92,92,,189760,body,0,32,32,1560,1559,,,,,,,,,,
1507938000,,rtl,parser_ticket_we,817335,,,,,,,,0,0,,,,,,,,,,,,,,,,,,188928,,1,,,,,,1290,3710,,,,,,,
1507938000,,rtl,parser_ticket_we,817336,,,,,,,,0,0,,,,,,,,,,,,,,,,,,188896,,1,,,,,,538,3708,,,,,,,
1507940000,0,tlm,ingress_preaccept,,,,,,,,,,,,,,,,,,,,,,,,376985,92,92,,189760,,0,102,,1560,,101,,,,,,,,,
1507940000,1,tlm,ingress_preaccept,,,,,,,,,,,,,,,,,,,,,,,,376985,92,92,,189680,,0,40,,1565,,39,,,,,,,,,
1507940000,3,tlm,ingress_preaccept,,,,,,,,,,,,,,,,,,,,,,,,376985,92,92,,189776,,0,32,,1559,,31,,,,,,,,,
1507940000,0,tlm,ticket_enqueue,,,,,,,,,,,,,,,,,,,,,,,,376985,92,92,,189760,body,0,102,102,1560,1559,,,,,,,,,,
1507940000,1,tlm,ticket_enqueue,,,,,,,,,,,,,,,,,,,,,,,,376985,92,92,,189680,body,0,40,40,1565,1564,,,,,,,,,,
1507940000,2,tlm,ticket_enqueue,,,,,,,,,,,,,,,,,,,,,,,,376985,92,92,,189728,body,2,41,39,1562,1561,,,,,,,,,,
1507940000,3,tlm,ticket_enqueue,,,,,,,,,,,,,,,,,,,,,,,,376985,92,92,,189776,body,0,32,32,1559,1558,,,,,,,,,,
1507942000,,rtl,parser_ticket_we,817339,,,,,,,,0,0,,,,,,,,,,,,,,,,,,188928,,1,,,,,,1201,3710,,,,,,,
1507942000,,rtl,parser_ticket_we,817340,,,,,,,,0,0,,,,,,,,,,,,,,,,,,188976,,2,,,,,,1223,3713,,,,,,,
1507942000,,rtl,parser_ticket_we,817341,,,,,,,,0,0,,,,,,,,,,,,,,,,,,188912,,0,,,,,,539,3709,,,,,,,
1507944000,0,tlm,ingress_preaccept,,,,,,,,,,,,,,,,,,,,,,,,376986,92,92,,189776,,0,102,,1559,,101,,,,,,,,,
1507944000,1,tlm,ingress_preaccept,,,,,,,,,,,,,,,,,,,,,,,,376986,92,92,,189696,,2,40,,1564,,39,,,,,,,,,
1507944000,2,tlm,ingress_preaccept,,,,,,,,,,,,,,,,,,,,,,,,376986,92,92,,189744,,1,39,,1561,,38,,,,,,,,,
1507944000,3,tlm,ingress_preaccept,,,,,,,,,,,,,,,,,,,,,,,,376986,92,92,,189792,,1,32,,1558,,31,,,,,,,,,
1507944000,0,tlm,ticket_enqueue,,,,,,,,,,,,,,,,,,,,,,,,376986,92,92,,189776,body,0,102,102,1559,1558,,,,,,,,,,
1507946000,,rtl,parser_ticket_we,817345,,,,,,,,0,0,,,,,,,,,,,,,,,,,,188928,,0,,,,,,539,3710,,,,,,,
1507946000,,rtl,parser_ticket_we,817346,,,,,,,,0,0,,,,,,,,,,,,,,,,,,188992,,0,,,,,,1225,3714,,,,,,,
1507948000,0,tlm,ingress_preaccept,,,,,,,,,,,,,,,,,,,,,,,,376987,92,92,,189792,,2,102,,1558,,101,,,,,,,,,
1507948000,2,tlm,ticket_enqueue,,,,,,,,,,,,,,,,,,,,,,,,376987,92,92,,189744,body,1,39,38,1561,1560,,,,,,,,,,
1507948000,3,tlm,ticket_enqueue,,,,,,,,,,,,,,,,,,,,,,,,376987,92,92,,189792,body,1,32,31,1558,1557,,,,,,,,,,
1507950000,,rtl,parser_ticket_we,817351,,,,,,,,0,0,,,,,,,,,,,,,,,,,,188944,,0,,,,,,539,3711,,,,,,,
1507952000,2,tlm,ingress_preaccept,,,,,,,,,,,,,,,,,,,,,,,,376988,92,92,,189760,,1,38,,1560,,37,,,,,,,,,
1507952000,3,tlm,ingress_preaccept,,,,,,,,,,,,,,,,,,,,,,,,376988,92,92,,189808,,1,31,,1557,,30,,,,,,,,,
1507952000,1,tlm,ticket_enqueue,,,,,,,,,,,,,,,,,,,,,,,,376988,92,92,,189696,body,2,40,38,1564,1563,,,,,,,,,,
1507954000,0,rtl,allocator_lane_action,817357,0,1,0,0,151552,1,73,0,0,1,0,,,,,,,,,,,,,,,,,,,,,,,,,,,,,,,,
1507954000,1,rtl,allocator_lane_action,817358,0,1,0,0,151552,0,73,0,0,1,0,,,,,,,,,,,,,,,,,,,,,,,,,,,,,,,,
1507954000,2,rtl,allocator_lane_action,817359,0,1,0,0,151552,1,73,0,0,1,0,,,,,,,,,,,,,,,,,,,,,,,,,,,,,,,,
1507954000,3,rtl,allocator_lane_action,817360,0,1,0,0,151552,1,73,0,0,1,0,,,,,,,,,,,,,,,,,,,,,,,,,,,,,,,,
1507954000,,rtl,parser_ticket_we,817355,,,,,,,,0,0,,,,,,,,,,,,,,,,,,188944,,3,,,,,,1291,3711,,,,,,,
1507956000,1,tlm,ingress_preaccept,,,,,,,,,,,,,,,,,,,,,,,,376989,92,92,,189712,,2,38,,1563,,37,,,,,,,,,
1507956000,0,tlm,ticket_enqueue,,,,,,,,,,,,,,,,,,,,,,,,376989,92,92,,189792,body,2,102,100,1558,1557,,,,,,,,,,
1507956000,2,tlm,ticket_enqueue,,,,,,,,,,,,,,,,,,,,,,,,376989,92,92,,189760,body,1,38,37,1560,1559,,,,,,,,,,
1507956000,3,tlm,ticket_enqueue,,,,,,,,,,,,,,,,,,,,,,,,376989,92,92,,189808,body,1,31,30,1557,1556,,,,,,,,,,
1507958000,,rtl,parser_ticket_we,817363,,,,,,,,0,0,,,,,,,,,,,,,,,,,,188960,,1,,,,,,539,3712,,,,,,,
1507958000,,rtl,parser_ticket_we,817364,,,,,,,,0,0,,,,,,,,,,,,,,,,,,188944,,3,,,,,,1202,3711,,,,,,,
1507958000,,rtl,parser_ticket_we,817365,,,,,,,,0,0,,,,,,,,,,,,,,,,,,189008,,2,,,,,,1225,3715,,,,,,,
1507960000,0,tlm,ingress_preaccept,,,,,,,,,,,,,,,,,,,,,,,,376990,92,92,,189808,,2,100,,1557,,99,,,,,,,,,
1507960000,2,tlm,ingress_preaccept,,,,,,,,,,,,,,,,,,,,,,,,376990,92,92,,189776,,0,37,,1559,,36,,,,,,,,,
1507960000,3,tlm,ingress_preaccept,,,,,,,,,,,,,,,,,,,,,,,,376990,92,92,,189824,,2,30,,1556,,29,,,,,,,,,
1507960000,2,tlm,ticket_enqueue,,,,,,,,,,,,,,,,,,,,,,,,376990,92,92,,189776,body,0,37,37,1559,1558,,,,,,,,,,
1507962000,,rtl,parser_ticket_we,817368,,,,,,,,0,0,,,,,,,,,,,,,,,,,,188960,,1,,,,,,1294,3712,,,,,,,
1507962000,,rtl,parser_ticket_we,817369,,,,,,,,0,0,,,,,,,,,,,,,,,,,,188976,,0,,,,,,1338,3713,,,,,,,
1507964000,2,tlm,ingress_preaccept,,,,,,,,,,,,,,,,,,,,,,,,376991,92,92,,189792,,0,37,,1558,,36,,,,,,,,,
1507964000,1,tlm,ticket_enqueue,,,,,,,,,,,,,,,,,,,,,,,,376991,92,92,,189712,body,2,38,36,1563,1562,,,,,,,,,,
1507964000,2,tlm,ticket_enqueue,,,,,,,,,,,,,,,,,,,,,,,,376991,92,92,,189792,body,0,37,37,1558,1557,,,,,,,,,,
1507966000,,rtl,parser_ticket_we,817374,,,,,,,,0,0,,,,,,,,,,,,,,,,,,189024,,1,,,,,,1227,3716,,,,,,,
1507966000,,rtl,parser_ticket_we,817375,,,,,,,,0,0,,,,,,,,,,,,,,,,,,188992,,0,,,,,,1338,3714,,,,,,,
1507968000,1,tlm,ingress_preaccept,,,,,,,,,,,,,,,,,,,,,,,,376992,92,92,,189728,,1,36,,1562,,35,,,,,,,,,
1507968000,2,tlm,ingress_preaccept,,,,,,,,,,,,,,,,,,,,,,,,376992,92,92,,189808,,0,37,,1557,,36,,,,,,,,,
1507968000,0,tlm,ticket_enqueue,,,,,,,,,,,,,,,,,,,,,,,,376992,92,92,,189808,body,2,100,98,1557,1556,,,,,,,,,,
1507968000,2,tlm,ticket_enqueue,,,,,,,,,,,,,,,,,,,,,,,,376992,92,92,,189808,body,0,37,37,1557,1556,,,,,,,,,,
1507968000,3,tlm,ticket_enqueue,,,,,,,,,,,,,,,,,,,,,,,,376992,92,92,,189824,body,2,30,28,1556,1555,,,,,,,,,,
1507970000,,rtl,parser_ticket_we,817379,,,,,,,,0,0,,,,,,,,,,,,,,,,,,188976,,1,,,,,,1295,3713,,,,,,,
1507970000,,rtl,parser_ticket_we,817380,,,,,,,,0,0,,,,,,,,,,,,,,,,,,189040,,0,,,,,,1228,3717,,,,,,,
1507972000,0,tlm,ingress_preaccept,,,,,,,,,,,,,,,,,,,,,,,,376993,92,92,,189824,,0,98,,1556,,97,,,,,,,,,
1507972000,2,tlm,ingress_preaccept,,,,,,,,,,,,,,,,,,,,,,,,376993,92,92,,189824,,0,37,,1556,,36,,,,,,,,,
1507972000,3,tlm,ingress_preaccept,,,,,,,,,,,,,,,,,,,,,,,,376993,92,92,,189840,,1,28,,1555,,27,,,,,,,,,
1507972000,0,tlm,ticket_enqueue,,,,,,,,,,,,,,,,,,,,,,,,376993,92,92,,189824,body,0,98,98,1556,1555,,,,,,,,,,
1507972000,1,tlm,ticket_enqueue,,,,,,,,,,,,,,,,,,,,,,,,376993,92,92,,189728,body,1,36,35,1562,1561,,,,,,,,,,
1507972000,2,tlm,ticket_enqueue,,,,,,,,,,,,,,,,,,,,,,,,376993,92,92,,189824,body,0,37,37,1556,1555,,,,,,,,,,
1507974000,,rtl,parser_ticket_we,817384,,,,,,,,0,0,,,,,,,,,,,,,,,,,,189008,,1,,,,,,1338,3715,,,,,,,
1507974000,,rtl,parser_ticket_we,817385,,,,,,,,0,0,,,,,,,,,,,,,,,,,,188960,,3,,,,,,1205,3712,,,,,,,
1507976000,0,tlm,ingress_preaccept,,,,,,,,,,,,,,,,,,,,,,,,376994,92,92,,189840,,0,98,,1555,,97,,,,,,,,,
1507976000,1,tlm,ingress_preaccept,,,,,,,,,,,,,,,,,,,,,,,,376994,92,92,,189744,,0,35,,1561,,34,,,,,,,,,
1507976000,2,tlm,ingress_preaccept,,,,,,,,,,,,,,,,,,,,,,,,376994,92,92,,189840,,2,37,,1555,,36,,,,,,,,,
1507976000,0,tlm,ticket_enqueue,,,,,,,,,,,,,,,,,,,,,,,,376994,92,92,,189840,body,0,98,98,1555,1554,,,,,,,,,,
1507976000,1,tlm,ticket_enqueue,,,,,,,,,,,,,,,,,,,,,,,,376994,92,92,,189744,body,0,35,35,1561,1560,,,,,,,,,,
1507976000,3,tlm,ticket_enqueue,,,,,,,,,,,,,,,,,,,,,,,,376994,92,92,,189840,body,1,28,27,1555,1554,,,,,,,,,,
1507978000,,rtl,parser_ticket_we,817389,,,,,,,,0,0,,,,,,,,,,,,,,,,,,189056,,1,,,,,,1228,3718,,,,,,,
1507978000,,rtl,parser_ticket_we,817390,,,,,,,,0,0,,,,,,,,,,,,,,,,,,188976,,0,,,,,,1208,3713,,,,,,,
1507980000,0,tlm,ingress_preaccept,,,,,,,,,,,,,,,,,,,,,,,,376995,92,92,,189856,,0,98,,1554,,97,,,,,,,,,
1507980000,1,tlm,ingress_preaccept,,,,,,,,,,,,,,,,,,,,,,,,376995,92,92,,189760,,0,35,,1560,,34,,,,,,,,,
1507980000,3,tlm,ingress_preaccept,,,,,,,,,,,,,,,,,,,,,,,,376995,92,92,,189856,,1,27,,1554,,26,,,,,,,,,
1507980000,0,tlm,ticket_enqueue,,,,,,,,,,,,,,,,,,,,,,,,376995,92,92,,189856,body,0,98,98,1554,1553,,,,,,,,,,
1507980000,1,tlm,ticket_enqueue,,,,,,,,,,,,,,,,,,,,,,,,376995,92,92,,189760,body,0,35,35,1560,1559,,,,,,,,,,
1507982000,,rtl,parser_ticket_we,817394,,,,,,,,0,0,,,,,,,,,,,,,,,,,,188992,,2,,,,,,510,3714,,,,,,,
1507982000,,rtl,parser_ticket_we,817395,,,,,,,,0,0,,,,,,,,,,,,,,,,,,188992,,0,,,,,,1208,3714,,,,,,,
1507984000,0,tlm,ingress_preaccept,,,,,,,,,,,,,,,,,,,,,,,,376996,92,92,,189872,,2,98,,1553,,97,,,,,,,,,
1507984000,1,tlm,ingress_preaccept,,,,,,,,,,,,,,,,,,,,,,,,376996,92,92,,189776,,1,35,,1559,,34,,,,,,,,,
1507984000,2,tlm,ticket_enqueue,,,,,,,,,,,,,,,,,,,,,,,,376996,92,92,,189840,body,2,37,35,1555,1554,,,,,,,,,,
1507984000,3,tlm,ticket_enqueue,,,,,,,,,,,,,,,,,,,,,,,,376996,92,92,,189856,body,1,27,26,1554,1553,,,,,,,,,,
1507986000,,rtl,parser_ticket_we,817399,,,,,,,,0,0,,,,,,,,,,,,,,,,,,189072,,1,,,,,,1229,3719,,,,,,,
1507986000,,rtl,parser_ticket_we,817400,,,,,,,,0,0,,,,,,,,,,,,,,,,,,189024,,2,,,,,,1339,3716,,,,,,,
1507986000,,rtl,parser_ticket_we,817401,,,,,,,,0,0,,,,,,,,,,,,,,,,,,189008,,0,,,,,,512,3715,,,,,,,
1507988000,2,tlm,ingress_preaccept,,,,,,,,,,,,,,,,,,,,,,,,376997,92,92,,189856,,1,35,,1554,,34,,,,,,,,,
1507988000,3,tlm,ingress_preaccept,,,,,,,,,,,,,,,,,,,,,,,,376997,92,92,,189872,,0,26,,1553,,25,,,,,,,,,
1507988000,1,tlm,ticket_enqueue,,,,,,,,,,,,,,,,,,,,,,,,376997,92,92,,189776,body,1,35,34,1559,1558,,,,,,,,,,
1507988000,3,tlm,ticket_enqueue,,,,,,,,,,,,,,,,,,,,,,,,376997,92,92,,189872,body,0,26,26,1553,1552,,,,,,,,,,
1507990000,,rtl,parser_ticket_we,817405,,,,,,,,0,0,,,,,,,,,,,,,,,,,,189008,,1,,,,,,1208,3715,,,,,,,
1507990000,,rtl,parser_ticket_we,817406,,,,,,,,0,0,,,,,,,,,,,,,,,,,,189024,,0,,,,,,512,3716,,,,,,,
1507990000,,rtl,parser_ticket_we,817407,,,,,,,,0,0,,,,,,,,,,,,,,,,,,189040,,0,,,,,,1341,3717,,,,,,,
1507992000,1,tlm,ingress_preaccept,,,,,,,,,,,,,,,,,,,,,,,,376998,92,92,,189792,,0,34,,1558,,33,,,,,,,,,
1507992000,3,tlm,ingress_preaccept,,,,,,,,,,,,,,,,,,,,,,,,376998,92,92,,189888,,1,26,,1552,,25,,,,,,,,,
1507992000,0,tlm,ticket_enqueue,,,,,,,,,,,,,,,,,,,,,,,,376998,92,92,,189872,body,2,98,96,1553,1552,,,,,,,,,,
1507992000,1,tlm,ticket_enqueue,,,,,,,,,,,,,,,,,,,,,,,,376998,92,92,,189792,body,0,34,34,1558,1557,,,,,,,,,,
1507992000,2,tlm,ticket_enqueue,,,,,,,,,,,,,,,,,,,,,,,,376998,92,92,,189856,body,1,35,34,1554,1553,,,,,,,,,,
1507994000,,rtl,parser_ticket_we,817412,,,,,,,,0,0,,,,,,,,,,,,,,,,,,189056,,0,,,,,,1341,3718,,,,,,,
1507994000,,rtl,parser_ticket_we,817413,,,,,,,,0,0,,,,,,,,,,,,,,,,,,189040,,0,,,,,,512,3717,,,,,,,
1507994000,,rtl,parser_ticket_we,817414,,,,,,,,0,0,,,,,,,,,,,,,,,,,,189024,,0,,,,,,1209,3716,,,,,,,
1507996000,0,tlm,ingress_preaccept,,,,,,,,,,,,,,,,,,,,,,,,376999,92,92,,189888,,1,96,,1552,,95,,,,,,,,,
1507996000,1,tlm,ingress_preaccept,,,,,,,,,,,,,,,,,,,,,,,,376999,92,92,,189808,,2,34,,1557,,33,,,,,,,,,
1507996000,2,tlm,ingress_preaccept,,,,,,,,,,,,,,,,,,,,,,,,376999,92,92,,189872,,1,34,,1553,,33,,,,,,,,,
1507996000,3,tlm,ticket_enqueue,,,,,,,,,,,,,,,,,,,,,,,,376999,92,92,,189888,body,1,26,25,1552,1551,,,,,,,,,,
1507998000,,rtl,allocator_decision,817419,,,,,,,,,,,,idle_to_fetch,151040,15,15,15,15,0,0,15,0,8,,,,,,,,,,,,,,,,,,,,,
1507998000,,rtl,parser_ticket_we,817424,,,,,,,,0,0,,,,,,,,,,,,,,,,,,189088,,2,,,,,,1230,3720,,,,,,,
1507998000,,rtl,parser_ticket_we,817425,,,,,,,,0,0,,,,,,,,,,,,,,,,,,189056,,0,,,,,,512,3718,,,,,,,
1508000000,,tlm,future_gap_advance,,,,,,,,,,,,,,151024,,,,,,,,,,377000,73,73,377026,,,,,,,,,,,,,,,,,
1508000000,3,tlm,ingress_preaccept,,,,,,,,,,,,,,,,,,,,,,,,377000,92,92,,189904,,0,25,,1551,,24,,,,,,,,,
1508000000,0,tlm,ticket_enqueue,,,,,,,,,,,,,,,,,,,,,,,,377000,92,92,,189888,body,1,96,95,1552,1551,,,,,,,,,,
1508000000,2,tlm,ticket_enqueue,,,,,,,,,,,,,,,,,,,,,,,,377000,92,92,,189872,body,1,34,33,1553,1552,,,,,,,,,,
1508000000,3,tlm,ticket_enqueue,,,,,,,,,,,,,,,,,,,,,,,,377000,92,92,,189904,body,0,25,25,1551,1550,,,,,,,,,,
1508002000,,rtl,parser_ticket_we,817430,,,,,,,,0,0,,,,,,,,,,,,,,,,,,189072,,1,,,,,,1341,3719,,,,,,,
1508002000,,rtl,parser_ticket_we,817431,,,,,,,,0,0,,,,,,,,,,,,,,,,,,189040,,1,,,,,,1209,3717,,,,,,,
1508004000,0,tlm,ingress_preaccept,,,,,,,,,,,,,,,,,,,,,,,,377001,92,92,,189904,,0,95,,1551,,94,,,,,,,,,
1508004000,2,tlm,ingress_preaccept,,,,,,,,,,,,,,,,,,,,,,,,377001,92,92,,189888,,0,33,,1552,,32,,,,,,,,,
1508004000,3,tlm,ingress_preaccept,,,,,,,,,,,,,,,,,,,,,,,,377001,92,92,,189920,,0,25,,1550,,24,,,,,,,,,
1508004000,0,tlm,ticket_enqueue,,,,,,,,,,,,,,,,,,,,,,,,377001,92,92,,189904,body,0,95,95,1551,1550,,,,,,,,,,
1508004000,1,tlm,ticket_enqueue,,,,,,,,,,,,,,,,,,,,,,,,377001,92,92,,189808,body,2,34,32,1557,1556,,,,,,,,,,
1508004000,2,tlm,ticket_enqueue,,,,,,,,,,,,,,,,,,,,,,,,377001,92,92,,189888,body,0,33,33,1552,1551,,,,,,,,,,
1508004000,3,tlm,ticket_enqueue,,,,,,,,,,,,,,,,,,,,,,,,377001,92,92,,189920,body,0,25,25,1550,1549,,,,,,,,,,
1508006000,,rtl,parser_ticket_we,817435,,,,,,,,0,0,,,,,,,,,,,,,,,,,,189104,,1,,,,,,1232,3721,,,,,,,
1508006000,,rtl,parser_ticket_we,817436,,,,,,,,0,0,,,,,,,,,,,,,,,,,,189072,,1,,,,,,512,3719,,,,,,,
1508006000,,rtl,parser_ticket_we,817437,,,,,,,,0,0,,,,,,,,,,,,,,,,,,189056,,0,,,,,,1210,3718,,,,,,,
1508008000,0,tlm,ingress_preaccept,,,,,,,,,,,,,,,,,,,,,,,,377002,92,92,,189920,,0,95,,1550,,94,,,,,,,,,
1508008000,1,tlm,ingress_preaccept,,,,,,,,,,,,,,,,,,,,,,,,377002,92,92,,189824,,0,32,,1556,,31,,,,,,,,,
1508008000,2,tlm,ingress_preaccept,,,,,,,,,,,,,,,,,,,,,,,,377002,92,92,,189904,,1,33,,1551,,32,,,,,,,,,
1508008000,3,tlm,ingress_preaccept,,,,,,,,,,,,,,,,,,,,,,,,377002,92,92,,189936,,2,25,,1549,,24,,,,,,,,,
1508008000,0,tlm,ticket_enqueue,,,,,,,,,,,,,,,,,,,,,,,,377002,92,92,,189920,body,0,95,95,1550,1549,,,,,,,,,,
1508008000,1,tlm,ticket_enqueue,,,,,,,,,,,,,,,,,,,,,,,,377002,92,92,,189824,body,0,32,32,1556,1555,,,,,,,,,,
1508010000,,rtl,parser_ticket_we,817441,,,,,,,,0,0,,,,,,,,,,,,,,,,,,189072,,0,,,,,,1210,3719,,,,,,,
1508010000,,rtl,parser_ticket_we,817442,,,,,,,,0,0,,,,,,,,,,,,,,,,,,189120,,0,,,,,,1233,3722,,,,,,,
1508012000,0,tlm,ingress_preaccept,,,,,,,,,,,,,,,,,,,,,,,,377003,92,92,,189936,,1,95,,1549,,94,,,,,,,,,
1508012000,1,tlm,ingress_preaccept,,,,,,,,,,,,,,,,,,,,,,,,377003,92,92,,189840,,0,32,,1555,,31,,,,,,,,,
1508012000,1,tlm,ticket_enqueue,,,,,,,,,,,,,,,,,,,,,,,,377003,92,92,,189840,body,0,32,32,1555,1554,,,,,,,,,,
1508012000,2,tlm,ticket_enqueue,,,,,,,,,,,,,,,,,,,,,,,,377003,92,92,,189904,body,1,33,32,1551,1550,,,,,,,,,,
1508014000,,rtl,parser_ticket_we,817447,,,,,,,,0,0,,,,,,,,,,,,,,,,,,189088,,1,,,,,,513,3720,,,,,,,
1508014000,,rtl,parser_ticket_we,817448,,,,,,,,0,0,,,,,,,,,,,,,,,,,,189088,,2,,,,,,1342,3720,,,,,,,
1508014000,,rtl,parser_ticket_we,817449,,,,,,,,0,0,,,,,,,,,,,,,,,,,,189136,,0,,,,,,1233,3723,,,,,,,
1508016000,1,tlm,ingress_preaccept,,,,,,,,,,,,,,,,,,,,,,,,377004,92,92,,189856,,0,32,,1554,,31,,,,,,,,,
1508016000,2,tlm,ingress_preaccept,,,,,,,,,,,,,,,,,,,,,,,,377004,92,92,,189920,,0,32,,1550,,31,,,,,,,,,
1508016000,0,tlm,ticket_enqueue,,,,,,,,,,,,,,,,,,,,,,,,377004,92,92,,189936,body,1,95,94,1549,1548,,,,,,,,,,
1508016000,1,tlm,ticket_enqueue,,,,,,,,,,,,,,,,,,,,,,,,377004,92,92,,189856,body,0,32,32,1554,1553,,,,,,,,,,
1508016000,2,tlm,ticket_enqueue,,,,,,,,,,,,,,,,,,,,,,,,377004,92,92,,189920,body,0,32,32,1550,1549,,,,,,,,,,
1508016000,3,tlm,ticket_enqueue,,,,,,,,,,,,,,,,,,,,,,,,377004,92,92,,189936,body,2,25,23,1549,1548,,,,,,,,,,
1508018000,,rtl,parser_ticket_we,817453,,,,,,,,0,0,,,,,,,,,,,,,,,,,,189088,,1,,,,,,1210,3720,,,,,,,
1508018000,,rtl,parser_ticket_we,817454,,,,,,,,0,0,,,,,,,,,,,,,,,,,,189152,,0,,,,,,1233,3724,,,,,,,
1508018000,,rtl,parser_ticket_we,817455,,,,,,,,0,0,,,,,,,,,,,,,,,,,,189104,,0,,,,,,540,3721,,,,,,,
1508018000,,rtl,parser_ticket_we,817456,,,,,,,,0,0,,,,,,,,,,,,,,,,,,189104,,0,,,,,,514,3721,,,,,,,
1508020000,0,tlm,ingress_preaccept,,,,,,,,,,,,,,,,,,,,,,,,377005,92,92,,189952,,1,94,,1548,,93,,,,,,,,,
1508020000,1,tlm,ingress_preaccept,,,,,,,,,,,,,,,,,,,,,,,,377005,92,92,,189872,,1,32,,1553,,31,,,,,,,,,
1508020000,2,tlm,ingress_preaccept,,,,,,,,,,,,,,,,,,,,,,,,377005,92,92,,189936,,1,32,,1549,,31,,,,,,,,,
1508020000,3,tlm,ingress_preaccept,,,,,,,,,,,,,,,,,,,,,,,,377005,92,92,,189952,,1,23,,1548,,22,,,,,,,,,
1508022000,,rtl,parser_ticket_we,817461,,,,,,,,0,0,,,,,,,,,,,,,,,,,,189168,,0,,,,,,1233,3725,,,,,,,
1508022000,,rtl,parser_ticket_we,817462,,,,,,,,0,0,,,,,,,,,,,,,,,,,,189104,,0,,,,,,1211,3721,,,,,,,
1508024000,0,tlm,ticket_enqueue,,,,,,,,,,,,,,,,,,,,,,,,377006,92,92,,189952,body,1,94,93,1548,1547,,,,,,,,,,
1508024000,1,tlm,ticket_enqueue,,,,,,,,,,,,,,,,,,,,,,,,377006,92,92,,189872,body,1,32,31,1553,1552,,,,,,,,,,
1508024000,2,tlm,ticket_enqueue,,,,,,,,,,,,,,,,,,,,,,,,377006,92,92,,189936,body,1,32,31,1549,1548,,,,,,,,,,
1508024000,3,tlm,ticket_enqueue,,,,,,,,,,,,,,,,,,,,,,,,377006,92,92,,189952,body,1,23,22,1548,1547,,,,,,,,,,
1508026000,,rtl,parser_ticket_we,817468,,,,,,,,0,0,,,,,,,,,,,,,,,,,,189120,,1,,,,,,540,3722,,,,,,,
1508026000,,rtl,parser_ticket_we,817469,,,,,,,,0,0,,,,,,,,,,,,,,,,,,189120,,1,,,,,,514,3722,,,,,,,
1508026000,,rtl,parser_ticket_we,817470,,,,,,,,0,0,,,,,,,,,,,,,,,,,,189120,,0,,,,,,1211,3722,,,,,,,
1508028000,0,tlm,ingress_preaccept,,,,,,,,,,,,,,,,,,,,,,,,377007,92,92,,189968,,0,93,,1547,,92,,,,,,,,,
1508028000,1,tlm,ingress_preaccept,,,,,,,,,,,,,,,,,,,,,,,,377007,92,92,,189888,,2,31,,1552,,30,,,,,,,,,
1508028000,2,tlm,ingress_preaccept,,,,,,,,,,,,,,,,,,,,,,,,377007,92,92,,189952,,0,31,,1548,,30,,,,,,,,,
1508028000,3,tlm,ingress_preaccept,,,,,,,,,,,,,,,,,,,,,,,,377007,92,92,,189968,,1,22,,1547,,21,,,,,,,,,
1508028000,0,tlm,ticket_enqueue,,,,,,,,,,,,,,,,,,,,,,,,377007,92,92,,189968,body,0,93,93,1547,1546,,,,,,,,,,
1508028000,2,tlm,ticket_enqueue,,,,,,,,,,,,,,,,,,,,,,,,377007,92,92,,189952,body,0,31,31,1548,1547,,,,,,,,,,
1508030000,,rtl,parser_ticket_we,817474,,,,,,,,0,0,,,,,,,,,,,,,,,,,,189184,,1,,,,,,1233,3726,,,,,,,
1508030000,,rtl,parser_ticket_we,817475,,,,,,,,0,0,,,,,,,,,,,,,,,,,,189136,,0,,,,,,1211,3723,,,,,,,
1508030000,,rtl,parser_ticket_we,817476,,,,,,,,0,0,,,,,,,,,,,,,,,,,,189136,,0,,,,,,515,3723,,,,,,,
1508032000,0,tlm,ingress_preaccept,,,,,,,,,,,,,,,,,,,,,,,,377008,92,92,,189984,,0,93,,1546,,92,,,,,,,,,
1508032000,2,tlm,ingress_preaccept,,,,,,,,,,,,,,,,,,,,,,,,377008,92,92,,189968,,0,31,,1547,,30,,,,,,,,,
1508032000,0,tlm,ticket_enqueue,,,,,,,,,,,,,,,,,,,,,,,,377008,92,92,,189984,body,0,93,93,1546,1545,,,,,,,,,,
1508032000,2,tlm,ticket_enqueue,,,,,,,,,,,,,,,,,,,,,,,,377008,92,92,,189968,body,0,31,31,1547,1546,,,,,,,,,,
1508032000,3,tlm,ticket_enqueue,,,,,,,,,,,,,,,,,,,,,,,,377008,92,92,,189968,body,1,22,21,1547,1546,,,,,,,,,,
1508036000,0,tlm,ingress_preaccept,,,,,,,,,,,,,,,,,,,,,,,,377009,92,92,,190000,,1,93,,1545,,92,,,,,,,,,
1508036000,2,tlm,ingress_preaccept,,,,,,,,,,,,,,,,,,,,,,,,377009,92,92,,189984,,1,31,,1546,,30,,,,,,,,,
1508036000,3,tlm,ingress_preaccept,,,,,,,,,,,,,,,,,,,,,,,,377009,92,92,,189984,,0,21,,1546,,20,,,,,,,,,
1508036000,1,tlm,ticket_enqueue,,,,,,,,,,,,,,,,,,,,,,,,377009,92,92,,189888,body,2,31,29,1552,1551,,,,,,,,,,
1508036000,3,tlm,ticket_enqueue,,,,,,,,,,,,,,,,,,,,,,,,377009,92,92,,189984,body,0,21,21,1546,1545,,,,,,,,,,
1508038000,,rtl,parser_ticket_we,817485,,,,,,,,0,0,,,,,,,,,,,,,,,,,,189200,,1,,,,,,1234,3727,,,,,,,
1508038000,,rtl,parser_ticket_we,817486,,,,,,,,0,0,,,,,,,,,,,,,,,,,,189152,,1,,,,,,1211,3724,,,,,,,
1508038000,,rtl,parser_ticket_we,817487,,,,,,,,0,0,,,,,,,,,,,,,,,,,,189136,,2,,,,,,541,3723,,,,,,,
1508040000,1,tlm,ingress_preaccept,,,,,,,,,,,,,,,,,,,,,,,,377010,92,92,,189904,,1,29,,1551,,28,,,,,,,,,
1508040000,3,tlm,ingress_preaccept,,,,,,,,,,,,,,,,,,,,,,,,377010,92,92,,190000,,0,21,,1545,,20,,,,,,,,,
1508040000,0,tlm,ticket_enqueue,,,,,,,,,,,,,,,,,,,,,,,,377010,92,92,,190000,body,1,93,92,1545,1544,,,,,,,,,,
1508040000,2,tlm,ticket_enqueue,,,,,,,,,,,,,,,,,,,,,,,,377010,92,92,,189984,body,1,31,30,1546,1545,,,,,,,,,,
1508040000,3,tlm,ticket_enqueue,,,,,,,,,,,,,,,,,,,,,,,,377010,92,92,,190000,body,0,21,21,1545,1544,,,,,,,,,,
1508042000,,rtl,parser_ticket_we,817489,,,,,,,,0,0,,,,,,,,,,,,,,,,,,189152,,2,,,,,,515,3724,,,,,,,
1508042000,,rtl,parser_ticket_we,817490,,,,,,,,0,0,,,,,,,,,,,,,,,,,,189152,,0,,,,,,543,3724,,,,,,,
1508042000,,rtl,parser_ticket_we,817491,,,,,,,,0,0,,,,,,,,,,,,,,,,,,189216,,0,,,,,,1235,3728,,,,,,,
1508044000,0,tlm,ingress_preaccept,,,,,,,,,,,,,,,,,,,,,,,,377011,92,92,,190016,,1,92,,1544,,91,,,,,,,,,
1508044000,2,tlm,ingress_preaccept,,,,,,,,,,,,,,,,,,,,,,,,377011,92,92,,190000,,0,30,,1545,,29,,,,,,,,,
1508044000,3,tlm,ingress_preaccept,,,,,,,,,,,,,,,,,,,,,,,,377011,92,92,,190016,,0,21,,1544,,20,,,,,,,,,
1508044000,1,tlm,ticket_enqueue,,,,,,,,,,,,,,,,,,,,,,,,377011,92,92,,189904,body,1,29,28,1551,1550,,,,,,,,,,
1508044000,2,tlm,ticket_enqueue,,,,,,,,,,,,,,,,,,,,,,,,377011,92,92,,190000,body,0,30,30,1545,1544,,,,,,,,,,
1508044000,3,tlm,ticket_enqueue,,,,,,,,,,,,,,,,,,,,,,,,377011,92,92,,190016,body,0,21,21,1544,1543,,,,,,,,,,
1508046000,,rtl,parser_ticket_we,817496,,,,,,,,0,0,,,,,,,,,,,,,,,,,,189168,,0,,,,,,543,3725,,,,,,,
1508048000,1,tlm,ingress_preaccept,,,,,,,,,,,,,,,,,,,,,,,,377012,92,92,,189920,,1,28,,1550,,27,,,,,,,,,
1508048000,2,tlm,ingress_preaccept,,,,,,,,,,,,,,,,,,,,,,,,377012,92,92,,190016,,1,30,,1544,,29,,,,,,,,,
1508048000,3,tlm,ingress_preaccept,,,,,,,,,,,,,,,,,,,,,,,,377012,92,92,,190032,,2,21,,1543,,20,,,,,,,,,
1508048000,0,tlm,ticket_enqueue,,,,,,,,,,,,,,,,,,,,,,,,377012,92,92,,190016,body,1,92,91,1544,1543,,,,,,,,,,
1508050000,,rtl,parser_ticket_we,817501,,,,,,,,0,0,,,,,,,,,,,,,,,,,,189168,,1,,,,,,517,3725,,,,,,,
1508050000,,rtl,parser_ticket_we,817502,,,,,,,,0,0,,,,,,,,,,,,,,,,,,189184,,0,,,,,,543,3726,,,,,,,
1508052000,0,tlm,ingress_preaccept,,,,,,,,,,,,,,,,,,,,,,,,377013,92,92,,190032,,0,91,,1543,,90,,,,,,,,,
1508052000,0,tlm,ticket_enqueue,,,,,,,,,,,,,,,,,,,,,,,,377013,92,92,,190032,body,0,91,91,1543,1542,,,,,,,,,,
1508052000,1,tlm,ticket_enqueue,,,,,,,,,,,,,,,,,,,,,,,,377013,92,92,,189920,body,1,28,27,1550,1549,,,,,,,,,,
1508052000,2,tlm,ticket_enqueue,,,,,,,,,,,,,,,,,,,,,,,,377013,92,92,,190016,body,1,30,29,1544,1543,,,,,,,,,,
1508054000,,rtl,parser_ticket_we,817505,,,,,,,,0,0,,,,,,,,,,,,,,,,,,189168,,3,,,,,,1212,3725,,,,,,,
1508054000,,rtl,parser_ticket_we,817506,,,,,,,,0,0,,,,,,,,,,,,,,,,,,189232,,2,,,,,,1235,3729,,,,,,,
1508054000,,rtl,parser_ticket_we,817507,,,,,,,,0,0,,,,,,,,,,,,,,,,,,189200,,0,,,,,,543,3727,,,,,,,
1508054000,,rtl,parser_ticket_we,817508,,,,,,,,0,0,,,,,,,,,,,,,,,,,,189184,,0,,,,,,518,3726,,,,,,,
1508056000,0,tlm,ingress_preaccept,,,,,,,,,,,,,,,,,,,,,,,,377014,92,92,,190048,,2,91,,1542,,90,,,,,,,,,
1508056000,1,tlm,ingress_preaccept,,,,,,,,,,,,,,,,,,,,,,,,377014,92,92,,189936,,2,27,,1549,,26,,,,,,,,,
1508056000,2,tlm,ingress_preaccept,,,,,,,,,,,,,,,,,,,,,,,,377014,92,92,,190032,,1,29,,1543,,28,,,,,,,,,
1508056000,3,tlm,ticket_enqueue,,,,,,,,,,,,,,,,,,,,,,,,377014,92,92,,190032,body,2,21,19,1543,1542,,,,,,,,,,
1508058000,0,rtl,allocator_lane_action,817515,0,1,0,0,151552,1,73,0,0,1,0,,,,,,,,,,,,,,,,,,,,,,,,,,,,,,,,
1508058000,1,rtl,allocator_lane_action,817516,0,1,0,0,151552,0,73,0,0,1,0,,,,,,,,,,,,,,,,,,,,,,,,,,,,,,,,
1508058000,2,rtl,allocator_lane_action,817517,0,1,0,0,151552,1,73,0,0,1,0,,,,,,,,,,,,,,,,,,,,,,,,,,,,,,,,
1508058000,3,rtl,allocator_lane_action,817518,0,1,0,0,151552,1,73,0,0,1,0,,,,,,,,,,,,,,,,,,,,,,,,,,,,,,,,
1508058000,,rtl,parser_ticket_we,817512,,,,,,,,0,0,,,,,,,,,,,,,,,,,,189200,,0,,,,,,518,3727,,,,,,,
1508058000,,rtl,parser_ticket_we,817513,,,,,,,,0,0,,,,,,,,,,,,,,,,,,189248,,0,,,,,,1237,3730,,,,,,,
1508060000,3,tlm,ingress_preaccept,,,,,,,,,,,,,,,,,,,,,,,,377015,92,92,,190048,,2,19,,1542,,18,,,,,,,,,
1508060000,2,tlm,ticket_enqueue,,,,,,,,,,,,,,,,,,,,,,,,377015,92,92,,190032,body,1,29,28,1543,1542,,,,,,,,,,
1508062000,,rtl,parser_ticket_we,817524,,,,,,,,0,0,,,,,,,,,,,,,,,,,,189184,,1,,,,,,1215,3726,,,,,,,
1508062000,,rtl,parser_ticket_we,817525,,,,,,,,0,0,,,,,,,,,,,,,,,,,,189216,,1,,,,,,543,3728,,,,,,,
1508062000,,rtl,parser_ticket_we,817526,,,,,,,,0,0,,,,,,,,,,,,,,,,,,189216,,0,,,,,,518,3728,,,,,,,
1508064000,2,tlm,ingress_preaccept,,,,,,,,,,,,,,,,,,,,,,,,377016,92,92,,190048,,0,28,,1542,,27,,,,,,,,,
1508064000,0,tlm,ticket_enqueue,,,,,,,,,,,,,,,,,,,,,,,,377016,92,92,,190048,body,2,91,89,1542,1541,,,,,,,,,,
1508064000,1,tlm,ticket_enqueue,,,,,,,,,,,,,,,,,,,,,,,,377016,92,92,,189936,body,2,27,25,1549,1548,,,,,,,,,,
1508064000,2,tlm,ticket_enqueue,,,,,,,,,,,,,,,,,,,,,,,,377016,92,92,,190048,body,0,28,28,1542,1541,,,,,,,,,,
1508066000,,rtl,parser_ticket_we,817530,,,,,,,,0,0,,,,,,,,,,,,,,,,,,189264,,1,,,,,,1237,3731,,,,,,,
1508066000,,rtl,parser_ticket_we,817531,,,,,,,,0,0,,,,,,,,,,,,,,,,,,189200,,0,,,,,,1216,3727,,,,,,,
1508068000,0,tlm,ingress_preaccept,,,,,,,,,,,,,,,,,,,,,,,,377017,92,92,,190064,,0,89,,1541,,88,,,,,,,,,
1508068000,1,tlm,ingress_preaccept,,,,,,,,,,,,,,,,,,,,,,,,377017,92,92,,189952,,0,25,,1548,,24,,,,,,,,,
1508068000,2,tlm,ingress_preaccept,,,,,,,,,,,,,,,,,,,,,,,,377017,92,92,,190064,,1,28,,1541,,27,,,,,,,,,
1508068000,0,tlm,ticket_enqueue,,,,,,,,,,,,,,,,,,,,,,,,377017,92,92,,190064,body,0,89,89,1541,1540,,,,,,,,,,
1508068000,1,tlm,ticket_enqueue,,,,,,,,,,,,,,,,,,,,,,,,377017,92,92,,189952,body,0,25,25,1548,1547,,,,,,,,,,
1508068000,3,tlm,ticket_enqueue,,,,,,,,,,,,,,,,,,,,,,,,377017,92,92,,190048,body,2,19,17,1542,1541,,,,,,,,,,
1508070000,,rtl,parser_ticket_we,817536,,,,,,,,0,0,,,,,,,,,,,,,,,,,,189232,,1,,,,,,544,3729,,,,,,,
1508070000,,rtl,parser_ticket_we,817537,,,,,,,,0,0,,,,,,,,,,,,,,,,,,189232,,1,,,,,,518,3729,,,,,,,
1508070000,,rtl,parser_ticket_we,817538,,,,,,,,0,0,,,,,,,,,,,,,,,,,,189280,,0,,,,,,1238,3732,,,,,,,
1508072000,0,tlm,ingress_preaccept,,,,,,,,,,,,,,,,,,,,,,,,377018,92,92,,190080,,1,89,,1540,,88,,,,,,,,,
1508072000,1,tlm,ingress_preaccept,,,,,,,,,,,,,,,,,,,,,,,,377018,92,92,,189968,,1,25,,1547,,24,,,,,,,,,
1508072000,3,tlm,ingress_preaccept,,,,,,,,,,,,,,,,,,,,,,,,377018,92,92,,190064,,0,17,,1541,,16,,,,,,,,,
1508072000,2,tlm,ticket_enqueue,,,,,,,,,,,,,,,,,,,,,,,,377018,92,92,,190064,body,1,28,27,1541,1540,,,,,,,,,,
1508072000,3,tlm,ticket_enqueue,,,,,,,,,,,,,,,,,,,,,,,,377018,92,92,,190064,body,0,17,17,1541,1540,,,,,,,,,,
1508074000,,rtl,parser_ticket_we,817542,,,,,,,,0,0,,,,,,,,,,,,,,,,,,189216,,1,,,,,,1216,3728,,,,,,,
1508074000,,rtl,parser_ticket_we,817543,,,,,,,,0,0,,,,,,,,,,,,,,,,,,189248,,0,,,,,,519,3730,,,,,,,
1508074000,,rtl,parser_ticket_we,817544,,,,,,,,0,0,,,,,,,,,,,,,,,,,,189248,,0,,,,,,545,3730,,,,,,,
1508076000,2,tlm,ingress_preaccept,,,,,,,,,,,,,,,,,,,,,,,,377019,92,92,,190080,,0,27,,1540,,26,,,,,,,,,
1508076000,3,tlm,ingress_preaccept,,,,,,,,,,,,,,,,,,,,,,,,377019,92,92,,190080,,0,17,,1540,,16,,,,,,,,,
1508076000,0,tlm,ticket_enqueue,,,,,,,,,,,,,,,,,,,,,,,,377019,92,92,,190080,body,1,89,88,1540,1539,,,,,,,,,,
1508076000,1,tlm,ticket_enqueue,,,,,,,,,,,,,,,,,,,,,,,,377019,92,92,,189968,body,1,25,24,1547,1546,,,,,,,,,,
1508076000,2,tlm,ticket_enqueue,,,,,,,,,,,,,,,,,,,,,,,,377019,92,92,,190080,body,0,27,27,1540,1539,,,,,,,,,,
1508076000,3,tlm,ticket_enqueue,,,,,,,,,,,,,,,,,,,,,,,,377019,92,92,,190080,body,0,17,17,1540,1539,,,,,,,,,,
1508078000,,rtl,parser_ticket_we,817549,,,,,,,,0,0,,,,,,,,,,,,,,,,,,189296,,1,,,,,,1238,3733,,,,,,,
1508078000,,rtl,parser_ticket_we,817550,,,,,,,,0,0,,,,,,,,,,,,,,,,,,189264,,0,,,,,,519,3731,,,,,,,
1508080000,0,tlm,ingress_preaccept,,,,,,,,,,,,,,,,,,,,,,,,377020,92,92,,190096,,0,88,,1539,,87,,,,,,,,,
1508080000,1,tlm,ingress_preaccept,,,,,,,,,,,,,,,,,,,,,,,,377020,92,92,,189984,,1,24,,1546,,23,,,,,,,,,
1508080000,2,tlm,ingress_preaccept,,,,,,,,,,,,,,,,,,,,,,,,377020,92,92,,190096,,1,27,,1539,,26,,,,,,,,,
1508080000,3,tlm,ingress_preaccept,,,,,,,,,,,,,,,,,,,,,,,,377020,92,92,,190096,,2,17,,1539,,16,,,,,,,,,
1508080000,0,tlm,ticket_enqueue,,,,,,,,,,,,,,,,,,,,,,,,377020,92,92,,190096,body,0,88,88,1539,1538,,,,,,,,,,
1508082000,,rtl,parser_ticket_we,817555,,,,,,,,0,0,,,,,,,,,,,,,,,,,,189232,,1,,,,,,1217,3729,,,,,,,
1508082000,,rtl,parser_ticket_we,817556,,,,,,,,0,0,,,,,,,,,,,,,,,,,,189264,,1,,,,,,545,3731,,,,,,,
1508084000,0,tlm,ingress_preaccept,,,,,,,,,,,,,,,,,,,,,,,,377021,92,92,,190112,,0,88,,1538,,87,,,,,,,,,
1508084000,0,tlm,ticket_enqueue,,,,,,,,,,,,,,,,,,,,,,,,377021,92,92,,190112,body,0,88,88,1538,1537,,,,,,,,,,
1508084000,1,tlm,ticket_enqueue,,,,,,,,,,,,,,,,,,,,,,,,377021,92,92,,189984,body,1,24,23,1546,1545,,,,,,,,,,
1508084000,2,tlm,ticket_enqueue,,,,,,,,,,,,,,,,,,,,,,,,377021,92,92,,190096,body,1,27,26,1539,1538,,,,,,,,,,
1508086000,,rtl,parser_ticket_we,817560,,,,,,,,0,0,,,,,,,,,,,,,,,,,,189312,,1,,,,,,1239,3734,,,,,,,
1508086000,,rtl,parser_ticket_we,817561,,,,,,,,0,0,,,,,,,,,,,,,,,,,,189280,,1,,,,,,519,3732,,,,,,,
1508086000,,rtl,parser_ticket_we,817562,,,,,,,,0,0,,,,,,,,,,,,,,,,,,189280,,0,,,,,,546,3732,,,,,,,
1508086000,,rtl,parser_ticket_we,817563,,,,,,,,0,0,,,,,,,,,,,,,,,,,,189248,,0,,,,,,1218,3730,,,,,,,
1508088000,0,tlm,ingress_preaccept,,,,,,,,,,,,,,,,,,,,,,,,377022,92,92,,190128,,2,88,,1537,,87,,,,,,,,,
1508088000,1,tlm,ingress_preaccept,,,,,,,,,,,,,,,,,,,,,,,,377022,92,92,,190000,,0,23,,1545,,22,,,,,,,,,
1508088000,2,tlm,ingress_preaccept,,,,,,,,,,,,,,,,,,,,,,,,377022,92,92,,190112,,1,26,,1538,,25,,,,,,,,,
1508088000,1,tlm,ticket_enqueue,,,,,,,,,,,,,,,,,,,,,,,,377022,92,92,,190000,body,0,23,23,1545,1544,,,,,,,,,,
1508088000,3,tlm,ticket_enqueue,,,,,,,,,,,,,,,,,,,,,,,,377022,92,92,,190096,body,2,17,15,1539,1538,,,,,,,,,,
1508090000,,rtl,parser_ticket_we,817567,,,,,,,,0,0,,,,,,,,,,,,,,,,,,189296,,0,,,,,,1306,3733,,,,,,,
1508092000,1,tlm,ingress_preaccept,,,,,,,,,,,,,,,,,,,,,,,,377023,92,92,,190016,,1,23,,1544,,22,,,,,,,,,
1508092000,3,tlm,ingress_preaccept,,,,,,,,,,,,,,,,,,,,,,,,377023,92,92,,190112,,0,15,,1538,,14,,,,,,,,,
1508092000,2,tlm,ticket_enqueue,,,,,,,,,,,,,,,,,,,,,,,,377023,92,92,,190112,body,1,26,25,1538,1537,,,,,,,,,,
1508092000,3,tlm,ticket_enqueue,,,,,,,,,,,,,,,,,,,,,,,,377023,92,92,,190112,body,0,15,15,1538,1537,,,,,,,,,,
1508094000,,rtl,parser_ticket_we,817573,,,,,,,,0,0,,,,,,,,,,,,,,,,,,189328,,1,,,,,,1240,3735,,,,,,,
1508094000,,rtl,parser_ticket_we,817574,,,,,,,,0,0,,,,,,,,,,,,,,,,,,189264,,1,,,,,,1218,3731,,,,,,,
1508094000,,rtl,parser_ticket_we,817575,,,,,,,,0,0,,,,,,,,,,,,,,,,,,189312,,0,,,,,,1306,3734,,,,,,,
1508096000,2,tlm,ingress_preaccept,,,,,,,,,,,,,,,,,,,,,,,,377024,92,92,,190128,,0,25,,1537,,24,,,,,,,,,
1508096000,3,tlm,ingress_preaccept,,,,,,,,,,,,,,,,,,,,,,,,377024,92,92,,190128,,0,15,,1537,,14,,,,,,,,,
1508096000,0,tlm,ticket_enqueue,,,,,,,,,,,,,,,,,,,,,,,,377024,92,92,,190128,body,2,88,86,1537,1536,,,,,,,,,,
1508096000,1,tlm,ticket_enqueue,,,,,,,,,,,,,,,,,,,,,,,,377024,92,92,,190016,body,1,23,22,1544,1543,,,,,,,,,,
1508096000,2,tlm,ticket_enqueue,,,,,,,,,,,,,,,,,,,,,,,,377024,92,92,,190128,body,0,25,25,1537,1536,,,,,,,,,,
1508096000,3,tlm,ticket_enqueue,,,,,,,,,,,,,,,,,,,,,,,,377024,92,92,,190128,body,0,15,15,1537,1536,,,,,,,,,,
1508098000,,rtl,parser_ticket_we,817578,,,,,,,,0,0,,,,,,,,,,,,,,,,,,189296,,2,,,,,,546,3733,,,,,,,
1508100000,0,tlm,ingress_preaccept,,,,,,,,,,,,,,,,,,,,,,,,377025,92,92,,190144,,2,86,,1536,,85,,,,,,,,,
1508100000,1,tlm,ingress_preaccept,,,,,,,,,,,,,,,,,,,,,,,,377025,92,92,,190032,,1,22,,1543,,21,,,,,,,,,
1508100000,2,tlm,ingress_preaccept,,,,,,,,,,,,,,,,,,,,,,,,377025,92,92,,190144,,1,25,,1536,,24,,,,,,,,,
1508100000,3,tlm,ingress_preaccept,,,,,,,,,,,,,,,,,,,,,,,,377025,92,92,,190144,,1,15,,1536,,14,,,,,,,,,
1508102000,,rtl,allocator_decision,817586,,,,,,,,,,,,idle_to_fetch,151056,15,15,15,15,0,0,15,0,14,,,,,,,,,,,,,,,,,,,,,
1508102000,,rtl,parser_ticket_we,817583,,,,,,,,0,0,,,,,,,,,,,,,,,,,,189344,,1,,,,,,1241,3736,,,,,,,
1508102000,,rtl,parser_ticket_we,817584,,,,,,,,0,0,,,,,,,,,,,,,,,,,,189280,,1,,,,,,1219,3732,,,,,,,
1508102000,,rtl,parser_ticket_we,817585,,,,,,,,0,0,,,,,,,,,,,,,,,,,,189328,,1,,,,,,1306,3735,,,,,,,
1508104000,,tlm,future_gap_advance,,,,,,,,,,,,,,151040,,,,,,,,,,377026,73,73,377052,,,,,,,,,,,,,,,,,
1508104000,1,tlm,ticket_enqueue,,,,,,,,,,,,,,,,,,,,,,,,377026,92,92,,190032,body,1,22,21,1543,1542,,,,,,,,,,
1508104000,2,tlm,ticket_enqueue,,,,,,,,,,,,,,,,,,,,,,,,377026,92,92,,190144,body,1,25,24,1536,1535,,,,,,,,,,
1508104000,3,tlm,ticket_enqueue,,,,,,,,,,,,,,,,,,,,,,,,377026,92,92,,190144,body,1,15,14,1536,1535,,,,,,,,,,
1508106000,,rtl,parser_ticket_we,817593,,,,,,,,0,0,,,,,,,,,,,,,,,,,,189312,,1,,,,,,548,3734,,,,,,,
1508106000,,rtl,parser_ticket_we,817594,,,,,,,,0,0,,,,,,,,,,,,,,,,,,189360,,0,,,,,,1242,3737,,,,,,,
1508108000,1,tlm,ingress_preaccept,,,,,,,,,,,,,,,,,,,,,,,,377027,92,92,,190048,,0,21,,1542,,20,,,,,,,,,
1508108000,2,tlm,ingress_preaccept,,,,,,,,,,,,,,,,,,,,,,,,377027,92,92,,190160,,2,24,,1535,,23,,,,,,,,,
1508108000,3,tlm,ingress_preaccept,,,,,,,,,,,,,,,,,,,,,,,,377027,92,92,,190160,,1,14,,1535,,13,,,,,,,,,
1508108000,0,tlm,ticket_enqueue,,,,,,,,,,,,,,,,,,,,,,,,377027,92,92,,190144,body,2,86,84,1536,1535,,,,,,,,,,
1508108000,1,tlm,ticket_enqueue,,,,,,,,,,,,,,,,,,,,,,,,377027,92,92,,190048,body,0,21,21,1542,1541,,,,,,,,,,
1508110000,,rtl,parser_ticket_we,817599,,,,,,,,0,0,,,,,,,,,,,,,,,,,,189296,,1,,,,,,1220,3733,,,,,,,
1508110000,,rtl,parser_ticket_we,817600,,,,,,,,0,0,,,,,,,,,,,,,,,,,,189344,,1,,,,,,1307,3736,,,,,,,
1508110000,,rtl,parser_ticket_we,817601,,,,,,,,0,0,,,,,,,,,,,,,,,,,,189328,,0,,,,,,549,3735,,,,,,,
1508112000,0,tlm,ingress_preaccept,,,,,,,,,,,,,,,,,,,,,,,,377028,92,92,,190160,,1,84,,1535,,83,,,,,,,,,
1508112000,1,tlm,ingress_preaccept,,,,,,,,,,,,,,,,,,,,,,,,377028,92,92,,190064,,1,21,,1541,,20,,,,,,,,,
1508112000,3,tlm,ticket_enqueue,,,,,,,,,,,,,,,,,,,,,,,,377028,92,92,,190160,body,1,14,13,1535,1534,,,,,,,,,,
1508114000,,rtl,parser_ticket_we,817605,,,,,,,,0,0,,,,,,,,,,,,,,,,,,189376,,1,,,,,,1242,3738,,,,,,,
1508114000,,rtl,parser_ticket_we,817606,,,,,,,,0,0,,,,,,,,,,,,,,,,,,189344,,0,,,,,,549,3736,,,,,,,
1508114000,,rtl,parser_ticket_we,817607,,,,,,,,0,0,,,,,,,,,,,,,,,,,,189360,,0,,,,,,1308,3737,,,,,,,
1508116000,3,tlm,ingress_preaccept,,,,,,,,,,,,,,,,,,,,,,,,377029,92,92,,190176,,0,13,,1534,,12,,,,,,,,,
1508116000,0,tlm,ticket_enqueue,,,,,,,,,,,,,,,,,,,,,,,,377029,92,92,,190160,body,1,84,83,1535,1534,,,,,,,,,,
1508116000,1,tlm,ticket_enqueue,,,,,,,,,,,,,,,,,,,,,,,,377029,92,92,,190064,body,1,21,20,1541,1540,,,,,,,,,,
1508116000,2,tlm,ticket_enqueue,,,,,,,,,,,,,,,,,,,,,,,,377029,92,92,,190160,body,2,24,22,1535,1534,,,,,,,,,,
1508116000,3,tlm,ticket_enqueue,,,,,,,,,,,,,,,,,,,,,,,,377029,92,92,,190176,body,0,13,13,1534,1533,,,,,,,,,,
1508120000,0,tlm,ingress_preaccept,,,,,,,,,,,,,,,,,,,,,,,,377030,92,92,,190176,,2,83,,1534,,82,,,,,,,,,
1508120000,1,tlm,ingress_preaccept,,,,,,,,,,,,,,,,,,,,,,,,377030,92,92,,190080,,2,20,,1540,,19,,,,,,,,,
1508120000,2,tlm,ingress_preaccept,,,,,,,,,,,,,,,,,,,,,,,,377030,92,92,,190176,,0,22,,1534,,21,,,,,,,,,
1508120000,3,tlm,ingress_preaccept,,,,,,,,,,,,,,,,,,,,,,,,377030,92,92,,190192,,0,13,,1533,,12,,,,,,,,,
1508120000,2,tlm,ticket_enqueue,,,,,,,,,,,,,,,,,,,,,,,,377030,92,92,,190176,body,0,22,22,1534,1533,,,,,,,,,,
1508120000,3,tlm,ticket_enqueue,,,,,,,,,,,,,,,,,,,,,,,,377030,92,92,,190192,body,0,13,13,1533,1532,,,,,,,,,,
1508122000,,rtl,parser_ticket_we,817616,,,,,,,,0,0,,,,,,,,,,,,,,,,,,189392,,1,,,,,,1243,3739,,,,,,,
1508122000,,rtl,parser_ticket_we,817617,,,,,,,,0,0,,,,,,,,,,,,,,,,,,189376,,1,,,,,,1308,3738,,,,,,,
1508122000,,rtl,parser_ticket_we,817618,,,,,,,,0,0,,,,,,,,,,,,,,,,,,189312,,2,,,,,,1221,3734,,,,,,,
1508124000,2,tlm,ingress_preaccept,,,,,,,,,,,,,,,,,,,,,,,,377031,92,92,,190192,,2,22,,1533,,21,,,,,,,,,
1508124000,3,tlm,ingress_preaccept,,,,,,,,,,,,,,,,,,,,,,,,377031,92,92,,190208,,1,13,,1532,,12,,,,,,,,,
1508126000,,rtl,parser_ticket_we,817620,,,,,,,,0,0,,,,,,,,,,,,,,,,,,189360,,2,,,,,,549,3737,,,,,,,
1508126000,,rtl,parser_ticket_we,817621,,,,,,,,0,0,,,,,,,,,,,,,,,,,,189392,,0,,,,,,1309,3739,,,,,,,
1508126000,,rtl,parser_ticket_we,817622,,,,,,,,0,0,,,,,,,,,,,,,,,,,,189408,,0,,,,,,1244,3740,,,,,,,
1508128000,0,tlm,ticket_enqueue,,,,,,,,,,,,,,,,,,,,,,,,377032,92,92,,190176,body,2,83,81,1534,1533,,,,,,,,,,
1508128000,1,tlm,ticket_enqueue,,,,,,,,,,,,,,,,,,,,,,,,377032,92,92,,190080,body,2,20,18,1540,1539,,,,,,,,,,
1508128000,3,tlm,ticket_enqueue,,,,,,,,,,,,,,,,,,,,,,,,377032,92,92,,190208,body,1,13,12,1532,1531,,,,,,,,,,
1508132000,0,tlm,ingress_preaccept,,,,,,,,,,,,,,,,,,,,,,,,377033,92,92,,190192,,1,81,,1533,,80,,,,,,,,,
1508132000,1,tlm,ingress_preaccept,,,,,,,,,,,,,,,,,,,,,,,,377033,92,92,,190096,,0,18,,1539,,17,,,,,,,,,
1508132000,3,tlm,ingress_preaccept,,,,,,,,,,,,,,,,,,,,,,,,377033,92,92,,190224,,1,12,,1531,,11,,,,,,,,,
1508132000,1,tlm,ticket_enqueue,,,,,,,,,,,,,,,,,,,,,,,,377033,92,92,,190096,body,0,18,18,1539,1538,,,,,,,,,,
1508132000,2,tlm,ticket_enqueue,,,,,,,,,,,,,,,,,,,,,,,,377033,92,92,,190192,body,2,22,20,1533,1532,,,,,,,,,,
1508134000,,rtl,parser_ticket_we,817631,,,,,,,,0,0,,,,,,,,,,,,,,,,,,189376,,1,,,,,,1355,3738,,,,,,,
1508134000,,rtl,parser_ticket_we,817632,,,,,,,,0,0,,,,,,,,,,,,,,,,,,189408,,1,,,,,,1309,3740,,,,,,,
1508134000,,rtl,parser_ticket_we,817633,,,,,,,,0,0,,,,,,,,,,,,,,,,,,189328,,2,,,,,,1223,3735,,,,,,,
1508136000,1,tlm,ingress_preaccept,,,,,,,,,,,,,,,,,,,,,,,,377034,92,92,,190112,,1,18,,1538,,17,,,,,,,,,
1508136000,2,tlm,ingress_preaccept,,,,,,,,,,,,,,,,,,,,,,,,377034,92,92,,190208,,0,20,,1532,,19,,,,,,,,,
1508136000,0,tlm,ticket_enqueue,,,,,,,,,,,,,,,,,,,,,,,,377034,92,92,,190192,body,1,81,80,1533,1532,,,,,,,,,,
1508136000,2,tlm,ticket_enqueue,,,,,,,,,,,,,,,,,,,,,,,,377034,92,92,,190208,body,0,20,20,1532,1531,,,,,,,,,,
1508136000,3,tlm,ticket_enqueue,,,,,,,,,,,,,,,,,,,,,,,,377034,92,92,,190224,body,1,12,11,1531,1530,,,,,,,,,,
1508138000,,rtl,parser_ticket_we,817635,,,,,,,,0,0,,,,,,,,,,,,,,,,,,189344,,0,,,,,,1225,3736,,,,,,,
1508138000,,rtl,parser_ticket_we,817636,,,,,,,,0,0,,,,,,,,,,,,,,,,,,189424,,0,,,,,,1310,3741,,,,,,,
1508140000,0,tlm,ingress_preaccept,,,,,,,,,,,,,,,,,,,,,,,,377035,92,92,,190208,,0,80,,1532,,79,,,,,,,,,
1508140000,2,tlm,ingress_preaccept,,,,,,,,,,,,,,,,,,,,,,,,377035,92,92,,190224,,0,20,,1531,,19,,,,,,,,,
1508140000,3,tlm,ingress_preaccept,,,,,,,,,,,,,,,,,,,,,,,,377035,92,92,,190240,,1,11,,1530,,10,,,,,,,,,
1508140000,0,tlm,ticket_enqueue,,,,,,,,,,,,,,,,,,,,,,,,377035,92,92,,190208,body,0,80,80,1532,1531,,,,,,,,,,
1508140000,1,tlm,ticket_enqueue,,,,,,,,,,,,,,,,,,,,,,,,377035,92,92,,190112,body,1,18,17,1538,1537,,,,,,,,,,
1508140000,2,tlm,ticket_enqueue,,,,,,,,,,,,,,,,,,,,,,,,377035,92,92,,190224,body,0,20,20,1531,1530,,,,,,,,,,
1508142000,,rtl,parser_ticket_we,817641,,,,,,,,0,0,,,,,,,,,,,,,,,,,,189392,,1,,,,,,1356,3739,,,,,,,
1508142000,,rtl,parser_ticket_we,817642,,,,,,,,0,0,,,,,,,,,,,,,,,,,,189424,,3,,,,,,1244,3741,,,,,,,
1508142000,,rtl,parser_ticket_we,817643,,,,,,,,0,0,,,,,,,,,,,,,,,,,,189360,,0,,,,,,1225,3737,,,,,,,
1508144000,0,tlm,ingress_preaccept,,,,,,,,,,,,,,,,,,,,,,,,377036,92,92,,190224,,0,80,,1531,,79,,,,,,,,,
1508144000,1,tlm,ingress_preaccept,,,,,,,,,,,,,,,,,,,,,,,,377036,92,92,,190128,,0,17,,1537,,16,,,,,,,,,
1508144000,2,tlm,ingress_preaccept,,,,,,,,,,,,,,,,,,,,,,,,377036,92,92,,190240,,0,20,,1530,,19,,,,,,,,,
1508144000,0,tlm,ticket_enqueue,,,,,,,,,,,,,,,,,,,,,,,,377036,92,92,,190224,body,0,80,80,1531,1530,,,,,,,,,,
1508144000,1,tlm,ticket_enqueue,,,,,,,,,,,,,,,,,,,,,,,,377036,92,92,,190128,body,0,17,17,1537,1536,,,,,,,,,,
1508144000,2,tlm,ticket_enqueue,,,,,,,,,,,,,,,,,,,,,,,,377036,92,92,,190240,body,0,20,20,1530,1529,,,,,,,,,,
1508144000,3,tlm,ticket_enqueue,,,,,,,,,,,,,,,,,,,,,,,,377036,92,92,,190240,body,1,11,10,1530,1529,,,,,,,,,,
1508148000,0,tlm,ingress_preaccept,,,,,,,,,,,,,,,,,,,,,,,,377037,92,92,,190240,,1,80,,1530,,79,,,,,,,,,
1508148000,1,tlm,ingress_preaccept,,,,,,,,,,,,,,,,,,,,,,,,377037,92,92,,190144,,2,17,,1536,,16,,,,,,,,,
1508148000,2,tlm,ingress_preaccept,,,,,,,,,,,,,,,,,,,,,,,,377037,92,92,,190256,,0,20,,1529,,19,,,,,,,,,
1508148000,3,tlm,ingress_preaccept,,,,,,,,,,,,,,,,,,,,,,,,377037,92,92,,190256,,1,10,,1529,,9,,,,,,,,,
1508148000,2,tlm,ticket_enqueue,,,,,,,,,,,,,,,,,,,,,,,,377037,92,92,,190256,body,0,20,20,1529,1528,,,,,,,,,,
1508150000,,rtl,parser_ticket_we,817651,,,,,,,,0,0,,,,,,,,,,,,,,,,,,189440,,1,,,,,,1247,3742,,,,,,,
1508150000,,rtl,parser_ticket_we,817652,,,,,,,,0,0,,,,,,,,,,,,,,,,,,189440,,2,,,,,,1310,3742,,,,,,,
1508152000,2,tlm,ingress_preaccept,,,,,,,,,,,,,,,,,,,,,,,,377038,92,92,,190272,,0,20,,1528,,19,,,,,,,,,
1508152000,0,tlm,ticket_enqueue,,,,,,,,,,,,,,,,,,,,,,,,377038,92,92,,190240,body,1,80,79,1530,1529,,,,,,,,,,
1508152000,2,tlm,ticket_enqueue,,,,,,,,,,,,,,,,,,,,,,,,377038,92,92,,190272,body,0,20,20,1528,1527,,,,,,,,,,
1508152000,3,tlm,ticket_enqueue,,,,,,,,,,,,,,,,,,,,,,,,377038,92,92,,190256,body,1,10,9,1529,1528,,,,,,,,,,
1508154000,,rtl,parser_ticket_we,817654,,,,,,,,0,0,,,,,,,,,,,,,,,,,,189376,,2,,,,,,1225,3738,,,,,,,
1508154000,,rtl,parser_ticket_we,817655,,,,,,,,0,0,,,,,,,,,,,,,,,,,,189408,,2,,,,,,1357,3740,,,,,,,
1508154000,,rtl,parser_ticket_we,817656,,,,,,,,0,0,,,,,,,,,,,,,,,,,,189456,,0,,,,,,520,3743,,,,,,,
1508156000,0,tlm,ingress_preaccept,,,,,,,,,,,,,,,,,,,,,,,,377039,92,92,,190256,,2,79,,1529,,78,,,,,,,,,
1508156000,2,tlm,ingress_preaccept,,,,,,,,,,,,,,,,,,,,,,,,377039,92,92,,190288,,0,20,,1527,,19,,,,,,,,,
1508156000,3,tlm,ingress_preaccept,,,,,,,,,,,,,,,,,,,,,,,,377039,92,92,,190272,,0,9,,1528,,8,,,,,,,,,
1508156000,1,tlm,ticket_enqueue,,,,,,,,,,,,,,,,,,,,,,,,377039,92,92,,190144,body,2,17,15,1536,1535,,,,,,,,,,
1508156000,2,tlm,ticket_enqueue,,,,,,,,,,,,,,,,,,,,,,,,377039,92,92,,190288,body,0,20,20,1527,1526,,,,,,,,,,
1508156000,3,tlm,ticket_enqueue,,,,,,,,,,,,,,,,,,,,,,,,377039,92,92,,190272,body,0,9,9,1528,1527,,,,,,,,,,
1508158000,,rtl,parser_ticket_we,817660,,,,,,,,0,0,,,,,,,,,,,,,,,,,,189456,,1,,,,,,1248,3743,,,,,,,
1508158000,,rtl,parser_ticket_we,817661,,,,,,,,0,0,,,,,,,,,,,,,,,,,,189392,,0,,,,,,1227,3739,,,,,,,
1508160000,1,tlm,ingress_preaccept,,,,,,,,,,,,,,,,,,,,,,,,377040,92,92,,190160,,0,15,,1535,,14,,,,,,,,,
1508160000,2,tlm,ingress_preaccept,,,,,,,,,,,,,,,,,,,,,,,,377040,92,92,,190304,,2,20,,1526,,19,,,,,,,,,
1508160000,3,tlm,ingress_preaccept,,,,,,,,,,,,,,,,,,,,,,,,377040,92,92,,190288,,0,9,,1527,,8,,,,,,,,,
1508160000,1,tlm,ticket_enqueue,,,,,,,,,,,,,,,,,,,,,,,,377040,92,92,,190160,body,0,15,15,1535,1534,,,,,,,,,,
1508160000,3,tlm,ticket_enqueue,,,,,,,,,,,,,,,,,,,,,,,,377040,92,92,,190288,body,0,9,9,1527,1526,,,,,,,,,,
1508162000,0,rtl,allocator_lane_action,817669,0,1,0,0,151552,1,73,0,0,1,0,,,,,,,,,,,,,,,,,,,,,,,,,,,,,,,,
1508162000,1,rtl,allocator_lane_action,817670,0,1,0,0,151552,0,73,0,0,1,0,,,,,,,,,,,,,,,,,,,,,,,,,,,,,,,,
1508162000,2,rtl,allocator_lane_action,817671,0,1,0,0,151552,1,73,0,0,1,0,,,,,,,,,,,,,,,,,,,,,,,,,,,,,,,,
1508162000,3,rtl,allocator_lane_action,817672,0,1,0,0,151552,1,73,0,0,1,0,,,,,,,,,,,,,,,,,,,,,,,,,,,,,,,,
1508162000,,rtl,parser_ticket_we,817666,,,,,,,,0,0,,,,,,,,,,,,,,,,,,189424,,1,,,,,,1359,3741,,,,,,,
1508162000,,rtl,parser_ticket_we,817667,,,,,,,,0,0,,,,,,,,,,,,,,,,,,189472,,1,,,,,,520,3744,,,,,,,
1508164000,1,tlm,ingress_preaccept,,,,,,,,,,,,,,,,,,,,,,,,377041,92,92,,190176,,0,15,,1534,,14,,,,,,,,,
1508164000,3,tlm,ingress_preaccept,,,,,,,,,,,,,,,,,,,,,,,,377041,92,92,,190304,,1,9,,1526,,8,,,,,,,,,
1508164000,0,tlm,ticket_enqueue,,,,,,,,,,,,,,,,,,,,,,,,377041,92,92,,190256,body,2,79,77,1529,1528,,,,,,,,,,
1508164000,1,tlm,ticket_enqueue,,,,,,,,,,,,,,,,,,,,,,,,377041,92,92,,190176,body,0,15,15,1534,1533,,,,,,,,,,
1508166000,,rtl,parser_ticket_we,817676,,,,,,,,0,0,,,,,,,,,,,,,,,,,,189408,,1,,,,,,1227,3740,,,,,,,
1508166000,,rtl,parser_ticket_we,817677,,,,,,,,0,0,,,,,,,,,,,,,,,,,,189440,,0,,,,,,550,3742,,,,,,,
1508168000,0,tlm,ingress_preaccept,,,,,,,,,,,,,,,,,,,,,,,,377042,92,92,,190272,,2,77,,1528,,76,,,,,,,,,
1508168000,1,tlm,ingress_preaccept,,,,,,,,,,,,,,,,,,,,,,,,377042,92,92,,190192,,0,15,,1533,,14,,,,,,,,,
1508168000,1,tlm,ticket_enqueue,,,,,,,,,,,,,,,,,,,,,,,,377042,92,92,,190192,body,0,15,15,1533,1532,,,,,,,,,,
1508168000,2,tlm,ticket_enqueue,,,,,,,,,,,,,,,,,,,,,,,,377042,92,92,,190304,body,2,20,18,1526,1525,,,,,,,,,,
1508168000,3,tlm,ticket_enqueue,,,,,,,,,,,,,,,,,,,,,,,,377042,92,92,,190304,body,1,9,8,1526,1525,,,,,,,,,,
1508170000,,rtl,parser_ticket_we,817681,,,,,,,,0,0,,,,,,,,,,,,,,,,,,189488,,1,,,,,,521,3745,,,,,,,
1508170000,,rtl,parser_ticket_we,817682,,,,,,,,0,0,,,,,,,,,,,,,,,,,,189472,,2,,,,,,1249,3744,,,,,,,
1508170000,,rtl,parser_ticket_we,817683,,,,,,,,0,0,,,,,,,,,,,,,,,,,,189456,,0,,,,,,550,3743,,,,,,,
1508172000,1,tlm,ingress_preaccept,,,,,,,,,,,,,,,,,,,,,,,,377043,92,92,,190208,,1,15,,1532,,14,,,,,,,,,
1508172000,2,tlm,ingress_preaccept,,,,,,,,,,,,,,,,,,,,,,,,377043,92,92,,190320,,0,18,,1525,,17,,,,,,,,,
1508172000,3,tlm,ingress_preaccept,,,,,,,,,,,,,,,,,,,,,,,,377043,92,92,,190320,,0,8,,1525,,7,,,,,,,,,
1508172000,2,tlm,ticket_enqueue,,,,,,,,,,,,,,,,,,,,,,,,377043,92,92,,190320,body,0,18,18,1525,1524,,,,,,,,,,
1508172000,3,tlm,ticket_enqueue,,,,,,,,,,,,,,,,,,,,,,,,377043,92,92,,190320,body,0,8,8,1525,1524,,,,,,,,,,
1508174000,,rtl,parser_ticket_we,817687,,,,,,,,0,0,,,,,,,,,,,,,,,,,,189424,,1,,,,,,1228,3741,,,,,,,
1508174000,,rtl,parser_ticket_we,817688,,,,,,,,0,0,,,,,,,,,,,,,,,,,,189472,,0,,,,,,550,3744,,,,,,,
1508176000,2,tlm,ingress_preaccept,,,,,,,,,,,,,,,,,,,,,,,,377044,92,92,,190336,,1,18,,1524,,17,,,,,,,,,
1508176000,3,tlm,ingress_preaccept,,,,,,,,,,,,,,,,,,,,,,,,377044,92,92,,190336,,1,8,,1524,,7,,,,,,,,,
1508176000,0,tlm,ticket_enqueue,,,,,,,,,,,,,,,,,,,,,,,,377044,92,92,,190272,body,2,77,75,1528,1527,,,,,,,,,,
1508176000,1,tlm,ticket_enqueue,,,,,,,,,,,,,,,,,,,,,,,,377044,92,92,,190208,body,1,15,14,1532,1531,,,,,,,,,,
1508178000,,rtl,parser_ticket_we,817693,,,,,,,,0,0,,,,,,,,,,,,,,,,,,189504,,1,,,,,,522,3746,,,,,,,
1508178000,,rtl,parser_ticket_we,817694,,,,,,,,0,0,,,,,,,,,,,,,,,,,,189488,,1,,,,,,1251,3745,,,,,,,
1508178000,,rtl,parser_ticket_we,817695,,,,,,,,0,0,,,,,,,,,,,,,,,,,,189440,,0,,,,,,1229,3742,,,,,,,
1508180000,0,tlm,ingress_preaccept,,,,,,,,,,,,,,,,,,,,,,,,377045,92,92,,190288,,2,75,,1527,,74,,,,,,,,,
1508180000,1,tlm,ingress_preaccept,,,,,,,,,,,,,,,,,,,,,,,,377045,92,92,,190224,,0,14,,1531,,13,,,,,,,,,
1508180000,1,tlm,ticket_enqueue,,,,,,,,,,,,,,,,,,,,,,,,377045,92,92,,190224,body,0,14,14,1531,1530,,,,,,,,,,
1508180000,2,tlm,ticket_enqueue,,,,,,,,,,,,,,,,,,,,,,,,377045,92,92,,190336,body,1,18,17,1524,1523,,,,,,,,,,
1508180000,3,tlm,ticket_enqueue,,,,,,,,,,,,,,,,,,,,,,,,377045,92,92,,190336,body,1,8,7,1524,1523,,,,,,,,,,
1508182000,,rtl,parser_ticket_we,817699,,,,,,,,0,0,,,,,,,,,,,,,,,,,,189488,,1,,,,,,550,3745,,,,,,,
1508182000,,rtl,parser_ticket_we,817700,,,,,,,,0,0,,,,,,,,,,,,,,,,,,189456,,0,,,,,,1229,3743,,,,,,,
1508184000,1,tlm,ingress_preaccept,,,,,,,,,,,,,,,,,,,,,,,,377046,92,92,,190240,,2,14,,1530,,13,,,,,,,,,
1508184000,2,tlm,ingress_preaccept,,,,,,,,,,,,,,,,,,,,,,,,377046,92,92,,190352,,1,17,,1523,,16,,,,,,,,,
1508184000,3,tlm,ingress_preaccept,,,,,,,,,,,,,,,,,,,,,,,,377046,92,92,,190352,,0,7,,1523,,6,,,,,,,,,
1508184000,3,tlm,ticket_enqueue,,,,,,,,,,,,,,,,,,,,,,,,377046,92,92,,190352,body,0,7,7,1523,1522,,,,,,,,,,
1508186000,,rtl,parser_ticket_we,817705,,,,,,,,0,0,,,,,,,,,,,,,,,,,,189520,,1,,,,,,523,3747,,,,,,,
1508186000,,rtl,parser_ticket_we,817706,,,,,,,,0,0,,,,,,,,,,,,,,,,,,189472,,0,,,,,,1229,3744,,,,,,,
1508186000,,rtl,parser_ticket_we,817707,,,,,,,,0,0,,,,,,,,,,,,,,,,,,189504,,0,,,,,,551,3746,,,,,,,
1508188000,3,tlm,ingress_preaccept,,,,,,,,,,,,,,,,,,,,,,,,377047,92,92,,190368,,0,7,,1522,,6,,,,,,,,,
1508188000,0,tlm,ticket_enqueue,,,,,,,,,,,,,,,,,,,,,,,,377047,92,92,,190288,body,2,75,73,1527,1526,,,,,,,,,,
1508188000,2,tlm,ticket_enqueue,,,,,,,,,,,,,,,,,,,,,,,,377047,92,92,,190352,body,1,17,16,1523,1522,,,,,,,,,,
1508188000,3,tlm,ticket_enqueue,,,,,,,,,,,,,,,,,,,,,,,,377047,92,92,,190368,body,0,7,7,1522,1521,,,,,,,,,,
1508190000,,rtl,parser_ticket_we,817711,,,,,,,,0,0,,,,,,,,,,,,,,,,,,189504,,2,,,,,,1252,3746,,,,,,,
1508190000,,rtl,parser_ticket_we,817712,,,,,,,,0,0,,,,,,,,,,,,,,,,,,189520,,0,,,,,,551,3747,,,,,,,
1508192000,0,tlm,ingress_preaccept,,,,,,,,,,,,,,,,,,,,,,,,377048,92,92,,190304,,0,73,,1526,,72,,,,,,,,,
1508192000,2,tlm,ingress_preaccept,,,,,,,,,,,,,,,,,,,,,,,,377048,92,92,,190368,,0,16,,1522,,15,,,,,,,,,
1508192000,3,tlm,ingress_preaccept,,,,,,,,,,,,,,,,,,,,,,,,377048,92,92,,190384,,0,7,,1521,,6,,,,,,,,,
1508192000,0,tlm,ticket_enqueue,,,,,,,,,,,,,,,,,,,,,,,,377048,92,92,,190304,body,0,73,73,1526,1525,,,,,,,,,,
1508192000,1,tlm,ticket_enqueue,,,,,,,,,,,,,,,,,,,,,,,,377048,92,92,,190240,body,2,14,12,1530,1529,,,,,,,,,,
1508192000,2,tlm,ticket_enqueue,,,,,,,,,,,,,,,,,,,,,,,,377048,92,92,,190368,body,0,16,16,1522,1521,,,,,,,,,,
1508192000,3,tlm,ticket_enqueue,,,,,,,,,,,,,,,,,,,,,,,,377048,92,92,,190384,body,0,7,7,1521,1520,,,,,,,,,,
1508194000,,rtl,parser_ticket_we,817717,,,,,,,,0,0,,,,,,,,,,,,,,,,,,189488,,1,,,,,,1229,3745,,,,,,,
1508194000,,rtl,parser_ticket_we,817718,,,,,,,,0,0,,,,,,,,,,,,,,,,,,189536,,0,,,,,,551,3748,,,,,,,
1508196000,0,tlm,ingress_preaccept,,,,,,,,,,,,,,,,,,,,,,,,377049,92,92,,190320,,0,73,,1525,,72,,,,,,,,,
1508196000,1,tlm,ingress_preaccept,,,,,,,,,,,,,,,,,,,,,,,,377049,92,92,,190256,,0,12,,1529,,11,,,,,,,,,
1508196000,2,tlm,ingress_preaccept,,,,,,,,,,,,,,,,,,,,,,,,377049,92,92,,190384,,2,16,,1521,,15,,,,,,,,,
1508196000,3,tlm,ingress_preaccept,,,,,,,,,,,,,,,,,,,,,,,,377049,92,92,,190400,,0,7,,1520,,6,,,,,,,,,
1508196000,0,tlm,ticket_enqueue,,,,,,,,,,,,,,,,,,,,,,,,377049,92,92,,190320,body,0,73,73,1525,1524,,,,,,,,,,
1508196000,1,tlm,ticket_enqueue,,,,,,,,,,,,,,,,,,,,,,,,377049,92,92,,190256,body,0,12,12,1529,1528,,,,,,,,,,
1508196000,3,tlm,ticket_enqueue,,,,,,,,,,,,,,,,,,,,,,,,377049,92,92,,190400,body,0,7,7,1520,1519,,,,,,,,,,
1508198000,,rtl,parser_ticket_we,817722,,,,,,,,0,0,,,,,,,,,,,,,,,,,,189520,,1,,,,,,1254,3747,,,,,,,
1508198000,,rtl,parser_ticket_we,817723,,,,,,,,0,0,,,,,,,,,,,,,,,,,,189536,,2,,,,,,524,3748,,,,,,,
1508200000,0,tlm,ingress_preaccept,,,,,,,,,,,,,,,,,,,,,,,,377050,92,92,,190336,,0,73,,1524,,72,,,,,,,,,
1508200000,1,tlm,ingress_preaccept,,,,,,,,,,,,,,,,,,,,,,,,377050,92,92,,190272,,0,12,,1528,,11,,,,,,,,,
1508200000,3,tlm,ingress_preaccept,,,,,,,,,,,,,,,,,,,,,,,,377050,92,92,,190416,,0,7,,1519,,6,,,,,,,,,
1508200000,0,tlm,ticket_enqueue,,,,,,,,,,,,,,,,,,,,,,,,377050,92,92,,190336,body,0,73,73,1524,1523,,,,,,,,,,
1508200000,1,tlm,ticket_enqueue,,,,,,,,,,,,,,,,,,,,,,,,377050,92,92,,190272,body,0,12,12,1528,1527,,,,,,,,,,
1508200000,3,tlm,ticket_enqueue,,,,,,,,,,,,,,,,,,,,,,,,377050,92,92,,190416,body,0,7,7,1519,1518,,,,,,,,,,
1508202000,,rtl,parser_ticket_we,817727,,,,,,,,0,0,,,,,,,,,,,,,,,,,,189552,,1,,,,,,551,3749,,,,,,,
1508202000,,rtl,parser_ticket_we,817728,,,,,,,,0,0,,,,,,,,,,,,,,,,,,189536,,0,,,,,,1255,3748,,,,,,,
1508204000,0,tlm,ingress_preaccept,,,,,,,,,,,,,,,,,,,,,,,,377051,92,92,,190352,,0,73,,1523,,72,,,,,,,,,
1508204000,1,tlm,ingress_preaccept,,,,,,,,,,,,,,,,,,,,,,,,377051,92,92,,190288,,1,12,,1527,,11,,,,,,,,,
1508204000,3,tlm,ingress_preaccept,,,,,,,,,,,,,,,,,,,,,,,,377051,92,92,,190432,,4,7,,1518,,6,,,,,,,,,
1508204000,0,tlm,ticket_enqueue,,,,,,,,,,,,,,,,,,,,,,,,377051,92,92,,190352,body,0,73,73,1523,1522,,,,,,,,,,
1508204000,2,tlm,ticket_enqueue,,,,,,,,,,,,,,,,,,,,,,,,377051,92,92,,190384,body,2,16,14,1521,1520,,,,,,,,,,
1508206000,,rtl,allocator_decision,817733,,,,,,,,,,,,idle_to_fetch,151072,15,15,15,15,0,0,15,0,6,,,,,,,,,,,,,,,,,,,,,
1508206000,,rtl,parser_ticket_we,817732,,,,,,,,0,0,,,,,,,,,,,,,,,,,,189552,,1,,,,,,526,3749,,,,,,,
1508206000,,rtl,parser_ticket_we,817738,,,,,,,,0,0,,,,,,,,,,,,,,,,,,189504,,2,,,,,,1230,3746,,,,,,,
1508206000,,rtl,parser_ticket_we,817739,,,,,,,,0,0,,,,,,,,,,,,,,,,,,189568,,0,,,,,,552,3750,,,,,,,
1508208000,,tlm,future_gap_advance,,,,,,,,,,,,,,151056,,,,,,,,,,377052,73,73,377078,,,,,,,,,,,,,,,,,
1508208000,0,tlm,ingress_preaccept,,,,,,,,,,,,,,,,,,,,,,,,377052,92,92,,190368,,0,73,,1522,,72,,,,,,,,,
1508208000,2,tlm,ingress_preaccept,,,,,,,,,,,,,,,,,,,,,,,,377052,92,92,,190400,,0,14,,1520,,13,,,,,,,,,
1508208000,0,tlm,ticket_enqueue,,,,,,,,,,,,,,,,,,,,,,,,377052,92,92,,190368,body,0,73,73,1522,1521,,,,,,,,,,
1508208000,1,tlm,ticket_enqueue,,,,,,,,,,,,,,,,,,,,,,,,377052,92,92,,190288,body,1,12,11,1527,1526,,,,,,,,,,
1508208000,2,tlm,ticket_enqueue,,,,,,,,,,,,,,,,,,,,,,,,377052,92,92,,190400,body,0,14,14,1520,1519,,,,,,,,,,
1508210000,,rtl,parser_ticket_we,817743,,,,,,,,0,0,,,,,,,,,,,,,,,,,,189552,,1,,,,,,1255,3749,,,,,,,
1508212000,0,tlm,ingress_preaccept,,,,,,,,,,,,,,,,,,,,,,,,377053,92,92,,190384,,1,73,,1521,,72,,,,,,,,,
1508212000,1,tlm,ingress_preaccept,,,,,,,,,,,,,,,,,,,,,,,,377053,92,92,,190304,,0,11,,1526,,10,,,,,,,,,
1508212000,2,tlm,ingress_preaccept,,,,,,,,,,,,,,,,,,,,,,,,377053,92,92,,190416,,1,14,,1519,,13,,,,,,,,,
1508212000,1,tlm,ticket_enqueue,,,,,,,,,,,,,,,,,,,,,,,,377053,92,92,,190304,body,0,11,11,1526,1525,,,,,,,,,,
1508214000,,rtl,parser_ticket_we,817748,,,,,,,,0,0,,,,,,,,,,,,,,,,,,189568,,1,,,,,,527,3750,,,,,,,
1508214000,,rtl,parser_ticket_we,817749,,,,,,,,0,0,,,,,,,,,,,,,,,,,,189568,,0,,,,,,1256,3750,,,,,,,
1508216000,1,tlm,ingress_preaccept,,,,,,,,,,,,,,,,,,,,,,,,377054,92,92,,190320,,0,11,,1525,,10,,,,,,,,,
1508216000,0,tlm,ticket_enqueue,,,,,,,,,,,,,,,,,,,,,,,,377054,92,92,,190384,body,1,73,72,1521,1520,,,,,,,,,,
1508216000,1,tlm,ticket_enqueue,,,,,,,,,,,,,,,,,,,,,,,,377054,92,92,,190320,body,0,11,11,1525,1524,,,,,,,,,,
1508216000,2,tlm,ticket_enqueue,,,,,,,,,,,,,,,,,,,,,,,,377054,92,92,,190416,body,1,14,13,1519,1518,,,,,,,,,,
1508218000,,rtl,parser_ticket_we,817752,,,,,,,,0,0,,,,,,,,,,,,,,,,,,189584,,2,,,,,,552,3751,,,,,,,
1508218000,,rtl,parser_ticket_we,817753,,,,,,,,0,0,,,,,,,,,,,,,,,,,,189520,,2,,,,,,1232,3747,,,,,,,
1508218000,,rtl,parser_ticket_we,817754,,,,,,,,0,0,,,,,,,,,,,,,,,,,,189584,,0,,,,,,1256,3751,,,,,,,
1508220000,0,tlm,ingress_preaccept,,,,,,,,,,,,,,,,,,,,,,,,377055,92,92,,190400,,0,72,,1520,,71,,,,,,,,,
1508220000,1,tlm,ingress_preaccept,,,,,,,,,,,,,,,,,,,,,,,,377055,92,92,,190336,,2,11,,1524,,10,,,,,,,,,
1508220000,2,tlm,ingress_preaccept,,,,,,,,,,,,,,,,,,,,,,,,377055,92,92,,190432,,1,13,,1518,,12,,,,,,,,,
1508220000,0,tlm,ticket_enqueue,,,,,,,,,,,,,,,,,,,,,,,,377055,92,92,,190400,body,0,72,72,1520,1519,,,,,,,,,,
1508220000,3,tlm,ticket_enqueue,,,,,,,,,,,,,,,,,,,,,,,,377055,92,92,,190432,body,4,7,3,1518,1517,,,,,,,,,,
1508224000,0,tlm,ingress_preaccept,,,,,,,,,,,,,,,,,,,,,,,,377056,92,92,,190416,,0,72,,1519,,71,,,,,,,,,
1508224000,3,tlm,ingress_preaccept,,,,,,,,,,,,,,,,,,,,,,,,377056,92,92,,190448,,1,3,,1517,,2,,,,,,,,,
1508224000,0,tlm,ticket_enqueue,,,,,,,,,,,,,,,,,,,,,,,,377056,92,92,,190416,body,0,72,72,1519,1518,,,,,,,,,,
1508224000,2,tlm,ticket_enqueue,,,,,,,,,,,,,,,,,,,,,,,,377056,92,92,,190432,body,1,13,12,1518,1517,,,,,,,,,,
1508226000,,rtl,parser_ticket_we,817762,,,,,,,,0,0,,,,,,,,,,,,,,,,,,189600,,1,,,,,,554,3752,,,,,,,
1508226000,,rtl,parser_ticket_we,817763,,,,,,,,0,0,,,,,,,,,,,,,,,,,,189600,,1,,,,,,1256,3752,,,,,,,
1508226000,,rtl,parser_ticket_we,817764,,,,,,,,0,0,,,,,,,,,,,,,,,,,,189584,,2,,,,,,528,3751,,,,,,,
1508228000,0,tlm,ingress_preaccept,,,,,,,,,,,,,,,,,,,,,,,,377057,92,92,,190432,,1,72,,1518,,71,,,,,,,,,
1508228000,2,tlm,ingress_preaccept,,,,,,,,,,,,,,,,,,,,,,,,377057,92,92,,190448,,0,12,,1517,,11,,,,,,,,,
1508228000,1,tlm,ticket_enqueue,,,,,,,,,,,,,,,,,,,,,,,,377057,92,92,,190336,body,2,11,9,1524,1523,,,,,,,,,,
1508228000,2,tlm,ticket_enqueue,,,,,,,,,,,,,,,,,,,,,,,,377057,92,92,,190448,body,0,12,12,1517,1516,,,,,,,,,,
1508228000,3,tlm,ticket_enqueue,,,,,,,,,,,,,,,,,,,,,,,,377057,92,92,,190448,body,1,3,2,1517,1516,,,,,,,,,,
1508230000,,rtl,parser_ticket_we,817766,,,,,,,,0,0,,,,,,,,,,,,,,,,,,189536,,2,,,,,,1234,3748,,,,,,,
1508230000,,rtl,parser_ticket_we,817767,,,,,,,,0,0,,,,,,,,,,,,,,,,,,189600,,0,,,,,,1322,3752,,,,,,,
1508230000,,rtl,parser_ticket_we,817768,,,,,,,,0,0,,,,,,,,,,,,,,,,,,189616,,0,,,,,,555,3753,,,,,,,
1508232000,1,tlm,ingress_preaccept,,,,,,,,,,,,,,,,,,,,,,,,377058,92,92,,190352,,0,9,,1523,,8,,,,,,,,,
1508232000,0,tlm,ticket_enqueue,,,,,,,,,,,,,,,,,,,,,,,,377058,92,92,,190432,body,1,72,71,1518,1517,,,,,,,,,,
1508232000,1,tlm,ticket_enqueue,,,,,,,,,,,,,,,,,,,,,,,,377058,92,92,,190352,body,0,9,9,1523,1522,,,,,,,,,,
1508234000,,rtl,parser_ticket_we,817773,,,,,,,,0,0,,,,,,,,,,,,,,,,,,189616,,1,,,,,,1257,3753,,,,,,,
1508234000,,rtl,parser_ticket_we,817774,,,,,,,,0,0,,,,,,,,,,,,,,,,,,189552,,0,,,,,,1236,3749,,,,,,,
1508236000,0,tlm,ingress_preaccept,,,,,,,,,,,,,,,,,,,,,,,,377059,92,92,,190448,,1,71,,1517,,70,,,,,,,,,
1508236000,1,tlm,ingress_preaccept,,,,,,,,,,,,,,,,,,,,,,,,377059,92,92,,190368,,1,9,,1522,,8,,,,,,,,,
1508238000,,rtl,parser_ticket_we,817779,,,,,,,,0,0,,,,,,,,,,,,,,,,,,189632,,1,,,,,,555,3754,,,,,,,
1508240000,0,tlm,ticket_enqueue,,,,,,,,,,,,,,,,,,,,,,,,377060,92,92,,190448,body,1,71,70,1517,1516,,,,,,,,,,
1508240000,1,tlm,ticket_enqueue,,,,,,,,,,,,,,,,,,,,,,,,377060,92,92,,190368,body,1,9,8,1522,1521,,,,,,,,,,
1508242000,,rtl,parser_ticket_we,817783,,,,,,,,0,0,,,,,,,,,,,,,,,,,,189632,,1,,,,,,1258,3754,,,,,,,
1508242000,,rtl,parser_ticket_we,817784,,,,,,,,0,0,,,,,,,,,,,,,,,,,,189568,,1,,,,,,1236,3750,,,,,,,
1508242000,,rtl,parser_ticket_we,817785,,,,,,,,0,0,,,,,,,,,,,,,,,,,,189616,,2,,,,,,1322,3753,,,,,,,
1508242000,,rtl,parser_ticket_we,817786,,,,,,,,0,0,,,,,,,,,,,,,,,,,,189648,,0,,,,,,556,3755,,,,,,,
1508244000,1,tlm,ingress_preaccept,,,,,,,,,,,,,,,,,,,,,,,,377061,92,92,,190384,,1,8,,1521,,7,,,,,,,,,
1508246000,,rtl,parser_ticket_we,817789,,,,,,,,0,0,,,,,,,,,,,,,,,,,,189632,,0,,,,,,1324,3754,,,,,,,
1508246000,,rtl,parser_ticket_we,817790,,,,,,,,0,0,,,,,,,,,,,,,,,,,,189648,,0,,,,,,1259,3755,,,,,,,
1508248000,1,tlm,ticket_enqueue,,,,,,,,,,,,,,,,,,,,,,,,377062,92,92,,190384,body,1,8,7,1521,1520,,,,,,,,,,
1508250000,,rtl,parser_ticket_we,817796,,,,,,,,0,0,,,,,,,,,,,,,,,,,,189584,,1,,,,,,1237,3751,,,,,,,
1508250000,,rtl,parser_ticket_we,817797,,,,,,,,0,0,,,,,,,,,,,,,,,,,,189648,,0,,,,,,1324,3755,,,,,,,
1508252000,1,tlm,ingress_preaccept,,,,,,,,,,,,,,,,,,,,,,,,377063,92,92,,190400,,2,7,,1520,,6,,,,,,,,,
1508254000,,rtl,parser_ticket_we,817801,,,,,,,,0,0,,,,,,,,,,,,,,,,,,189664,,1,,,,,,1259,3756,,,,,,,
1508254000,,rtl,parser_ticket_we,817802,,,,,,,,0,0,,,,,,,,,,,,,,,,,,189664,,2,,,,,,556,3756,,,,,,,
1508254000,,rtl,parser_ticket_we,817803,,,,,,,,0,0,,,,,,,,,,,,,,,,,,189600,,0,,,,,,1238,3752,,,,,,,
1508258000,,rtl,parser_ticket_we,817807,,,,,,,,0,0,,,,,,,,,,,,,,,,,,189680,,0,,,,,,1260,3757,,,,,,,
1508260000,1,tlm,ticket_enqueue,,,,,,,,,,,,,,,,,,,,,,,,377065,92,92,,190400,body,2,7,5,1520,1519,,,,,,,,,,
1508262000,,rtl,parser_ticket_we,817812,,,,,,,,0,0,,,,,,,,,,,,,,,,,,189680,,1,,,,,,558,3757,,,,,,,
1508262000,,rtl,parser_ticket_we,817813,,,,,,,,0,0,,,,,,,,,,,,,,,,,,189616,,1,,,,,,1238,3753,,,,,,,
1508262000,,rtl,parser_ticket_we,817814,,,,,,,,0,0,,,,,,,,,,,,,,,,,,189696,,0,,,,,,1260,3758,,,,,,,
1508264000,1,tlm,ingress_preaccept,,,,,,,,,,,,,,,,,,,,,,,,377066,92,92,,190416,,1,5,,1519,,4,,,,,,,,,
1508266000,0,rtl,allocator_lane_action,817820,0,1,0,0,151552,1,73,0,0,1,0,,,,,,,,,,,,,,,,,,,,,,,,,,,,,,,,
1508266000,1,rtl,allocator_lane_action,817821,0,1,0,0,151552,0,73,0,0,1,0,,,,,,,,,,,,,,,,,,,,,,,,,,,,,,,,
1508266000,2,rtl,allocator_lane_action,817822,0,1,0,0,151552,1,73,0,0,1,0,,,,,,,,,,,,,,,,,,,,,,,,,,,,,,,,
1508266000,3,rtl,allocator_lane_action,817823,0,1,0,0,151552,1,73,0,0,1,0,,,,,,,,,,,,,,,,,,,,,,,,,,,,,,,,
1508266000,,rtl,parser_ticket_we,817817,,,,,,,,0,0,,,,,,,,,,,,,,,,,,189664,,3,,,,,,1324,3756,,,,,,,
1508266000,,rtl,parser_ticket_we,817818,,,,,,,,0,0,,,,,,,,,,,,,,,,,,189712,,0,,,,,,1260,3759,,,,,,,
1508268000,1,tlm,ticket_enqueue,,,,,,,,,,,,,,,,,,,,,,,,377067,92,92,,190416,body,1,5,4,1519,1518,,,,,,,,,,
1508270000,,rtl,parser_ticket_we,817828,,,,,,,,0,0,,,,,,,,,,,,,,,,,,189680,,0,,,,,,1327,3757,,,,,,,
1508272000,1,tlm,ingress_preaccept,,,,,,,,,,,,,,,,,,,,,,,,377068,92,92,,190432,,0,4,,1518,,3,,,,,,,,,
1508272000,1,tlm,ticket_enqueue,,,,,,,,,,,,,,,,,,,,,,,,377068,92,92,,190432,body,0,4,4,1518,1517,,,,,,,,,,
1508274000,,rtl,parser_ticket_we,817832,,,,,,,,0,0,,,,,,,,,,,,,,,,,,189728,,1,,,,,,1260,3760,,,,,,,
1508274000,,rtl,parser_ticket_we,817833,,,,,,,,0,0,,,,,,,,,,,,,,,,,,189632,,2,,,,,,1239,3754,,,,,,,
1508274000,,rtl,parser_ticket_we,817834,,,,,,,,0,0,,,,,,,,,,,,,,,,,,189696,,2,,,,,,559,3758,,,,,,,
1508274000,,rtl,parser_ticket_we,817835,,,,,,,,0,0,,,,,,,,,,,,,,,,,,189696,,0,,,,,,1327,3758,,,,,,,
1508276000,1,tlm,ingress_preaccept,,,,,,,,,,,,,,,,,,,,,,,,377069,92,92,,190448,,2,4,,1517,,3,,,,,,,,,
1508278000,,rtl,parser_ticket_we,817838,,,,,,,,0,0,,,,,,,,,,,,,,,,,,189712,,0,,,,,,1371,3759,,,,,,,
1508282000,,rtl,parser_ticket_we,817844,,,,,,,,0,0,,,,,,,,,,,,,,,,,,189648,,1,,,,,,1241,3755,,,,,,,
1508282000,,rtl,parser_ticket_we,817845,,,,,,,,0,0,,,,,,,,,,,,,,,,,,189712,,1,,,,,,1327,3759,,,,,,,
1508282000,,rtl,parser_ticket_we,817846,,,,,,,,0,0,,,,,,,,,,,,,,,,,,189728,,0,,,,,,1371,3760,,,,,,,
1508284000,1,tlm,ticket_enqueue,,,,,,,,,,,,,,,,,,,,,,,,377071,92,92,,190448,body,2,4,2,1517,1516,,,,,,,,,,
1508286000,,rtl,parser_ticket_we,817849,,,,,,,,0,0,,,,,,,,,,,,,,,,,,189744,,2,,,,,,1261,3761,,,,,,,
1508290000,,rtl,parser_ticket_we,817854,,,,,,,,0,0,,,,,,,,,,,,,,,,,,189664,,1,,,,,,1242,3756,,,,,,,
1508290000,,rtl,parser_ticket_we,817855,,,,,,,,0,0,,,,,,,,,,,,,,,,,,189744,,1,,,,,,1371,3761,,,,,,,
1508290000,,rtl,parser_ticket_we,817856,,,,,,,,0,0,,,,,,,,,,,,,,,,,,189760,,0,,,,,,1263,3762,,,,,,,
1508294000,,rtl,parser_ticket_we,817859,,,,,,,,0,0,,,,,,,,,,,,,,,,,,189728,,2,,,,,,530,3760,,,,,,,
1508294000,,rtl,parser_ticket_we,817860,,,,,,,,0,0,,,,,,,,,,,,,,,,,,189776,,0,,,,,,1263,3763,,,,,,,
1508294000,,rtl,parser_ticket_we,817861,,,,,,,,0,0,,,,,,,,,,,,,,,,,,189760,,0,,,,,,1372,3762,,,,,,,
1508294000,,rtl,parser_ticket_we,817862,,,,,,,,0,0,,,,,,,,,,,,,,,,,,189680,,0,,,,,,1243,3757,,,,,,,
1508298000,,rtl,parser_ticket_we,817867,,,,,,,,0,0,,,,,,,,,,,,,,,,,,189776,,0,,,,,,1372,3763,,,,,,,
1508302000,,rtl,parser_ticket_we,817873,,,,,,,,0,0,,,,,,,,,,,,,,,,,,189744,,1,,,,,,532,3761,,,,,,,
1508302000,,rtl,parser_ticket_we,817874,,,,,,,,0,0,,,,,,,,,,,,,,,,,,189792,,1,,,,,,1263,3764,,,,,,,
1508306000,,rtl,parser_ticket_we,817877,,,,,,,,0,0,,,,,,,,,,,,,,,,,,189696,,2,,,,,,1243,3758,,,,,,,
1508310000,,rtl,allocator_decision,817883,,,,,,,,,,,,idle_to_fetch,151088,15,15,15,15,0,0,15,0,13,,,,,,,,,,,,,,,,,,,,,
1508310000,,rtl,parser_ticket_we,817881,,,,,,,,0,0,,,,,,,,,,,,,,,,,,189760,,1,,,,,,533,3762,,,,,,,
1508310000,,rtl,parser_ticket_we,817882,,,,,,,,0,0,,,,,,,,,,,,,,,,,,189808,,1,,,,,,1264,3765,,,,,,,
1508310000,,rtl,parser_ticket_we,817888,,,,,,,,0,0,,,,,,,,,,,,,,,,,,189792,,2,,,,,,1372,3764,,,,,,,
1508312000,,tlm,future_gap_advance,,,,,,,,,,,,,,151072,,,,,,,,,,377078,73,73,377104,,,,,,,,,,,,,,,,,
1508314000,,rtl,parser_ticket_we,817891,,,,,,,,0,0,,,,,,,,,,,,,,,,,,189776,,0,,,,,,534,3763,,,,,,,
1508318000,,rtl,parser_ticket_we,817896,,,,,,,,0,0,,,,,,,,,,,,,,,,,,189712,,2,,,,,,1245,3759,,,,,,,
1508318000,,rtl,parser_ticket_we,817897,,,,,,,,0,0,,,,,,,,,,,,,,,,,,189792,,0,,,,,,534,3764,,,,,,,
1508322000,,rtl,parser_ticket_we,817900,,,,,,,,0,0,,,,,,,,,,,,,,,,,,189808,,2,,,,,,1374,3765,,,,,,,
1508322000,,rtl,parser_ticket_we,817901,,,,,,,,0,0,,,,,,,,,,,,,,,,,,189824,,2,,,,,,1265,3766,,,,,,,
1508322000,,rtl,parser_ticket_we,817902,,,,,,,,0,0,,,,,,,,,,,,,,,,,,189808,,0,,,,,,534,3765,,,,,,,
1508326000,,rtl,parser_ticket_we,817906,,,,,,,,0,0,,,,,,,,,,,,,,,,,,189728,,1,,,,,,1247,3760,,,,,,,
1508326000,,rtl,parser_ticket_we,817907,,,,,,,,0,0,,,,,,,,,,,,,,,,,,189824,,0,,,,,,534,3766,,,,,,,
1508326000,,rtl,parser_ticket_we,817908,,,,,,,,0,0,,,,,,,,,,,,,,,,,,189824,,0,,,,,,560,3766,,,,,,,
1508330000,,rtl,parser_ticket_we,817913,,,,,,,,0,0,,,,,,,,,,,,,,,,,,189840,,1,,,,,,1267,3767,,,,,,,
1508330000,,rtl,parser_ticket_we,817914,,,,,,,,0,0,,,,,,,,,,,,,,,,,,189840,,0,,,,,,560,3767,,,,,,,
1508330000,,rtl,parser_ticket_we,817915,,,,,,,,0,0,,,,,,,,,,,,,,,,,,189744,,0,,,,,,1248,3761,,,,,,,
1508334000,,rtl,parser_ticket_we,817920,,,,,,,,0,0,,,,,,,,,,,,,,,,,,189760,,0,,,,,,1248,3762,,,,,,,
1508334000,,rtl,parser_ticket_we,817921,,,,,,,,0,0,,,,,,,,,,,,,,,,,,189856,,0,,,,,,560,3768,,,,,,,
1508338000,,rtl,parser_ticket_we,817926,,,,,,,,0,0,,,,,,,,,,,,,,,,,,189856,,1,,,,,,1268,3768,,,,,,,
1508338000,,rtl,parser_ticket_we,817927,,,,,,,,0,0,,,,,,,,,,,,,,,,,,189840,,2,,,,,,534,3767,,,,,,,
1508342000,,rtl,parser_ticket_we,817931,,,,,,,,0,0,,,,,,,,,,,,,,,,,,189776,,1,,,,,,1248,3763,,,,,,,
1508342000,,rtl,parser_ticket_we,817932,,,,,,,,0,0,,,,,,,,,,,,,,,,,,189872,,0,,,,,,1269,3769,,,,,,,
1508346000,,rtl,parser_ticket_we,817936,,,,,,,,0,0,,,,,,,,,,,,,,,,,,189856,,1,,,,,,536,3768,,,,,,,
1508346000,,rtl,parser_ticket_we,817937,,,,,,,,0,0,,,,,,,,,,,,,,,,,,189872,,2,,,,,,560,3769,,,,,,,
1508346000,,rtl,parser_ticket_we,817938,,,,,,,,0,0,,,,,,,,,,,,,,,,,,189792,,0,,,,,,1249,3764,,,,,,,
1508350000,,rtl,parser_ticket_we,817942,,,,,,,,0,0,,,,,,,,,,,,,,,,,,189888,,1,,,,,,1269,3770,,,,,,,
1508354000,,rtl,parser_ticket_we,817947,,,,,,,,0,0,,,,,,,,,,,,,,,,,,189872,,1,,,,,,537,3769,,,,,,,
1508354000,,rtl,parser_ticket_we,817948,,,,,,,,0,0,,,,,,,,,,,,,,,,,,189888,,1,,,,,,562,3770,,,,,,,
1508354000,,rtl,parser_ticket_we,817949,,,,,,,,0,0,,,,,,,,,,,,,,,,,,189904,,0,,,,,,1270,3771,,,,,,,
1508358000,,rtl,parser_ticket_we,817952,,,,,,,,0,0,,,,,,,,,,,,,,,,,,189808,,2,,,,,,1249,3765,,,,,,,
1508358000,,rtl,parser_ticket_we,817953,,,,,,,,0,0,,,,,,,,,,,,,,,,,,189920,,0,,,,,,1270,3772,,,,,,,
1508358000,,rtl,parser_ticket_we,817954,,,,,,,,0,0,,,,,,,,,,,,,,,,,,189904,,0,,,,,,563,3771,,,,,,,
1508358000,,rtl,parser_ticket_we,817955,,,,,,,,0,0,,,,,,,,,,,,,,,,,,189888,,0,,,,,,538,3770,,,,,,,
1508362000,,rtl,parser_ticket_we,817960,,,,,,,,0,0,,,,,,,,,,,,,,,,,,189920,,0,,,,,,563,3772,,,,,,,
1508362000,,rtl,parser_ticket_we,817961,,,,,,,,0,0,,,,,,,,,,,,,,,,,,189824,,0,,,,,,1251,3766,,,,,,,
1508366000,,rtl,parser_ticket_we,817967,,,,,,,,0,0,,,,,,,,,,,,,,,,,,189904,,1,,,,,,538,3771,,,,,,,
1508366000,,rtl,parser_ticket_we,817968,,,,,,,,0,0,,,,,,,,,,,,,,,,,,189840,,0,,,,,,1251,3767,,,,,,,
1508370000,0,rtl,allocator_lane_action,817976,0,1,0,0,151552,1,73,0,0,1,0,,,,,,,,,,,,,,,,,,,,,,,,,,,,,,,,
1508370000,1,rtl,allocator_lane_action,817977,0,1,0,0,151552,0,73,0,0,1,0,,,,,,,,,,,,,,,,,,,,,,,,,,,,,,,,
1508370000,2,rtl,allocator_lane_action,817978,0,1,0,0,151552,1,73,0,0,1,0,,,,,,,,,,,,,,,,,,,,,,,,,,,,,,,,
1508370000,3,rtl,allocator_lane_action,817979,0,1,0,0,151552,1,73,0,0,1,0,,,,,,,,,,,,,,,,,,,,,,,,,,,,,,,,
1508370000,,rtl,parser_ticket_we,817972,,,,,,,,0,0,,,,,,,,,,,,,,,,,,189936,,1,,,,,,563,3773,,,,,,,
1508370000,,rtl,parser_ticket_we,817973,,,,,,,,0,0,,,,,,,,,,,,,,,,,,189936,,2,,,,,,1270,3773,,,,,,,
1508370000,,rtl,parser_ticket_we,817974,,,,,,,,0,0,,,,,,,,,,,,,,,,,,189856,,0,,,,,,1251,3768,,,,,,,
1508370000,,rtl,parser_ticket_we,817980,,,,,,,,0,0,,,,,,,,,,,,,,,,,,189920,,0,,,,,,539,3772,,,,,,,
1508378000,,rtl,parser_ticket_we,817989,,,,,,,,0,0,,,,,,,,,,,,,,,,,,189952,,1,,,,,,564,3774,,,,,,,
1508378000,,rtl,parser_ticket_we,817990,,,,,,,,0,0,,,,,,,,,,,,,,,,,,189952,,1,,,,,,1272,3774,,,,,,,
1508378000,,rtl,parser_ticket_we,817991,,,,,,,,0,0,,,,,,,,,,,,,,,,,,189872,,1,,,,,,1251,3769,,,,,,,
1508378000,,rtl,parser_ticket_we,817992,,,,,,,,0,0,,,,,,,,,,,,,,,,,,189936,,1,,,,,,539,3773,,,,,,,
1508382000,,rtl,parser_ticket_we,817994,,,,,,,,0,0,,,,,,,,,,,,,,,,,,189952,,0,,,,,,1338,3774,,,,,,,
1508382000,,rtl,parser_ticket_we,817995,,,,,,,,0,0,,,,,,,,,,,,,,,,,,189968,,0,,,,,,565,3775,,,,,,,
1508386000,,rtl,parser_ticket_we,818001,,,,,,,,0,0,,,,,,,,,,,,,,,,,,189968,,1,,,,,,1273,3775,,,,,,,
1508386000,,rtl,parser_ticket_we,818002,,,,,,,,0,0,,,,,,,,,,,,,,,,,,189984,,0,,,,,,565,3776,,,,,,,
1508386000,,rtl,parser_ticket_we,818003,,,,,,,,0,0,,,,,,,,,,,,,,,,,,189968,,0,,,,,,1338,3775,,,,,,,
1508390000,,rtl,parser_ticket_we,818007,,,,,,,,0,0,,,,,,,,,,,,,,,,,,189888,,2,,,,,,1252,3770,,,,,,,
1508390000,,rtl,parser_ticket_we,818008,,,,,,,,0,0,,,,,,,,,,,,,,,,,,189984,,0,,,,,,1274,3776,,,,,,,
1508394000,,rtl,parser_ticket_we,818013,,,,,,,,0,0,,,,,,,,,,,,,,,,,,190000,,1,,,,,,565,3777,,,,,,,
1508394000,,rtl,parser_ticket_we,818014,,,,,,,,0,0,,,,,,,,,,,,,,,,,,189984,,1,,,,,,1338,3776,,,,,,,
1508394000,,rtl,parser_ticket_we,818015,,,,,,,,0,0,,,,,,,,,,,,,,,,,,190000,,0,,,,,,1274,3777,,,,,,,
1508398000,,rtl,parser_ticket_we,818019,,,,,,,,0,0,,,,,,,,,,,,,,,,,,189904,,1,,,,,,1254,3771,,,,,,,
1508398000,,rtl,parser_ticket_we,818020,,,,,,,,0,0,,,,,,,,,,,,,,,,,,190016,,0,,,,,,1274,3778,,,,,,,
1508398000,,rtl,parser_ticket_we,818021,,,,,,,,0,0,,,,,,,,,,,,,,,,,,190000,,0,,,,,,1339,3777,,,,,,,
1508402000,,rtl,parser_ticket_we,818026,,,,,,,,0,0,,,,,,,,,,,,,,,,,,190016,,1,,,,,,566,3778,,,,,,,
1508406000,,rtl,parser_ticket_we,818031,,,,,,,,0,0,,,,,,,,,,,,,,,,,,189920,,1,,,,,,1255,3772,,,,,,,
1508406000,,rtl,parser_ticket_we,818032,,,,,,,,0,0,,,,,,,,,,,,,,,,,,190016,,1,,,,,,1339,3778,,,,,,,
1508406000,,rtl,parser_ticket_we,818033,,,,,,,,0,0,,,,,,,,,,,,,,,,,,190032,,0,,,,,,567,3779,,,,,,,
1508410000,,rtl,parser_ticket_we,818036,,,,,,,,0,0,,,,,,,,,,,,,,,,,,190032,,2,,,,,,1274,3779,,,,,,,
1508414000,,rtl,allocator_decision,818042,,,,,,,,,,,,idle_to_fetch,151104,15,15,15,15,0,0,15,0,7,,,,,,,,,,,,,,,,,,,,,
1508414000,,rtl,parser_ticket_we,818041,,,,,,,,0,0,,,,,,,,,,,,,,,,,,190032,,1,,,,,,1340,3779,,,,,,,
1508416000,,tlm,future_gap_advance,,,,,,,,,,,,,,151088,,,,,,,,,,377104,73,73,377130,,,,,,,,,,,,,,,,,
1508418000,,rtl,parser_ticket_we,818049,,,,,,,,0,0,,,,,,,,,,,,,,,,,,190048,,2,,,,,,567,3780,,,,,,,
1508418000,,rtl,parser_ticket_we,818050,,,,,,,,0,0,,,,,,,,,,,,,,,,,,189936,,2,,,,,,1256,3773,,,,,,,
1508418000,,rtl,parser_ticket_we,818051,,,,,,,,0,0,,,,,,,,,,,,,,,,,,190048,,0,,,,,,1341,3780,,,,,,,
1508422000,,rtl,parser_ticket_we,818054,,,,,,,,0,0,,,,,,,,,,,,,,,,,,190048,,2,,,,,,1276,3780,,,,,,,
1508422000,,rtl,parser_ticket_we,818055,,,,,,,,0,0,,,,,,,,,,,,,,,,,,189952,,0,,,,,,1258,3774,,,,,,,
1508422000,,rtl,parser_ticket_we,818056,,,,,,,,0,0,,,,,,,,,,,,,,,,,,190064,,0,,,,,,569,3781,,,,,,,
1508426000,,rtl,parser_ticket_we,818061,,,,,,,,0,0,,,,,,,,,,,,,,,,,,190064,,1,,,,,,1341,3781,,,,,,,
1508426000,,rtl,parser_ticket_we,818062,,,,,,,,0,0,,,,,,,,,,,,,,,,,,190064,,0,,,,,,1278,3781,,,,,,,
1508430000,,rtl,parser_ticket_we,818067,,,,,,,,0,0,,,,,,,,,,,,,,,,,,189968,,1,,,,,,1258,3775,,,,,,,
1508430000,,rtl,parser_ticket_we,818068,,,,,,,,0,0,,,,,,,,,,,,,,,,,,190080,,1,,,,,,569,3782,,,,,,,
1508430000,,rtl,parser_ticket_we,818069,,,,,,,,0,0,,,,,,,,,,,,,,,,,,190080,,0,,,,,,1278,3782,,,,,,,
1508430000,,rtl,parser_ticket_we,818070,,,,,,,,0,0,,,,,,,,,,,,,,,,,,190080,,0,,,,,,1342,3782,,,,,,,
1508434000,,rtl,parser_ticket_we,818074,,,,,,,,0,0,,,,,,,,,,,,,,,,,,190096,,0,,,,,,1386,3783,,,,,,,
1508438000,,rtl,parser_ticket_we,818080,,,,,,,,0,0,,,,,,,,,,,,,,,,,,189984,,1,,,,,,1259,3776,,,,,,,
1508438000,,rtl,parser_ticket_we,818081,,,,,,,,0,0,,,,,,,,,,,,,,,,,,190096,,1,,,,,,1342,3783,,,,,,,
1508438000,,rtl,parser_ticket_we,818082,,,,,,,,0,0,,,,,,,,,,,,,,,,,,190112,,0,,,,,,1386,3784,,,,,,,
1508442000,,rtl,parser_ticket_we,818085,,,,,,,,0,0,,,,,,,,,,,,,,,,,,190096,,2,,,,,,1278,3783,,,,,,,
1508442000,,rtl,parser_ticket_we,818086,,,,,,,,0,0,,,,,,,,,,,,,,,,,,190000,,0,,,,,,1260,3777,,,,,,,
1508446000,,rtl,parser_ticket_we,818091,,,,,,,,0,0,,,,,,,,,,,,,,,,,,190112,,1,,,,,,1343,3784,,,,,,,
1508446000,,rtl,parser_ticket_we,818092,,,,,,,,0,0,,,,,,,,,,,,,,,,,,190112,,0,,,,,,500,3784,,,,,,,
1508450000,,rtl,parser_ticket_we,818096,,,,,,,,0,0,,,,,,,,,,,,,,,,,,190016,,1,,,,,,1260,3778,,,,,,,
1508450000,,rtl,parser_ticket_we,818097,,,,,,,,0,0,,,,,,,,,,,,,,,,,,190128,,2,,,,,,1386,3785,,,,,,,
1508450000,,rtl,parser_ticket_we,818098,,,,,,,,0,0,,,,,,,,,,,,,,,,,,190128,,0,,,,,,500,3785,,,,,,,
1508450000,,rtl,parser_ticket_we,818099,,,,,,,,0,0,,,,,,,,,,,,,,,,,,190128,,0,,,,,,540,3785,,,,,,,
1508458000,,rtl,parser_ticket_we,818108,,,,,,,,0,0,,,,,,,,,,,,,,,,,,190032,,1,,,,,,1261,3779,,,,,,,
1508458000,,rtl,parser_ticket_we,818109,,,,,,,,0,0,,,,,,,,,,,,,,,,,,190144,,1,,,,,,500,3786,,,,,,,
1508458000,,rtl,parser_ticket_we,818110,,,,,,,,0,0,,,,,,,,,,,,,,,,,,190144,,1,,,,,,540,3786,,,,,,,
1508462000,,rtl,parser_ticket_we,818112,,,,,,,,0,0,,,,,,,,,,,,,,,,,,190144,,2,,,,,,1388,3786,,,,,,,
1508462000,,rtl,parser_ticket_we,818113,,,,,,,,0,0,,,,,,,,,,,,,,,,,,190048,,0,,,,,,1262,3780,,,,,,,
1508466000,,rtl,parser_ticket_we,818118,,,,,,,,0,0,,,,,,,,,,,,,,,,,,190160,,1,,,,,,501,3787,,,,,,,
1508470000,,rtl,parser_ticket_we,818122,,,,,,,,0,0,,,,,,,,,,,,,,,,,,190160,,1,,,,,,1390,3787,,,,,,,
1508470000,,rtl,parser_ticket_we,818123,,,,,,,,0,0,,,,,,,,,,,,,,,,,,190064,,1,,,,,,1262,3781,,,,,,,
1508470000,,rtl,parser_ticket_we,818124,,,,,,,,0,0,,,,,,,,,,,,,,,,,,190160,,2,,,,,,541,3787,,,,,,,
1508470000,,rtl,parser_ticket_we,818125,,,,,,,,0,0,,,,,,,,,,,,,,,,,,190176,,0,,,,,,502,3788,,,,,,,
1508474000,0,rtl,allocator_lane_action,818131,0,1,0,0,151552,1,73,0,0,1,0,,,,,,,,,,,,,,,,,,,,,,,,,,,,,,,,
1508474000,1,rtl,allocator_lane_action,818132,0,1,0,0,151552,0,73,0,0,1,0,,,,,,,,,,,,,,,,,,,,,,,,,,,,,,,,
1508474000,2,rtl,allocator_lane_action,818133,0,1,0,0,151552,1,73,0,0,1,0,,,,,,,,,,,,,,,,,,,,,,,,,,,,,,,,
1508474000,3,rtl,allocator_lane_action,818134,0,1,0,0,151552,1,73,0,0,1,0,,,,,,,,,,,,,,,,,,,,,,,,,,,,,,,,
1508474000,,rtl,parser_ticket_we,818128,,,,,,,,0,0,,,,,,,,,,,,,,,,,,190192,,0,,,,,,502,3789,,,,,,,
1508474000,,rtl,parser_ticket_we,818129,,,,,,,,0,0,,,,,,,,,,,,,,,,,,190176,,0,,,,,,543,3788,,,,,,,
1508482000,,rtl,parser_ticket_we,818143,,,,,,,,0,0,,,,,,,,,,,,,,,,,,190208,,1,,,,,,502,3790,,,,,,,
1508482000,,rtl,parser_ticket_we,818144,,,,,,,,0,0,,,,,,,,,,,,,,,,,,190080,,2,,,,,,1263,3782,,,,,,,
1508482000,,rtl,parser_ticket_we,818145,,,,,,,,0,0,,,,,,,,,,,,,,,,,,190176,,2,,,,,,1391,3788,,,,,,,
1508486000,,rtl,parser_ticket_we,818147,,,,,,,,0,0,,,,,,,,,,,,,,,,,,190192,,2,,,,,,543,3789,,,,,,,
1508486000,,rtl,parser_ticket_we,818148,,,,,,,,0,0,,,,,,,,,,,,,,,,,,190096,,0,,,,,,1265,3783,,,,,,,
1508490000,,rtl,parser_ticket_we,818153,,,,,,,,0,0,,,,,,,,,,,,,,,,,,190224,,1,,,,,,503,3791,,,,,,,
1508490000,,rtl,parser_ticket_we,818154,,,,,,,,0,0,,,,,,,,,,,,,,,,,,190192,,1,,,,,,571,3789,,,,,,,
1508490000,,rtl,parser_ticket_we,818155,,,,,,,,0,0,,,,,,,,,,,,,,,,,,190208,,0,,,,,,545,3790,,,,,,,
1508494000,,rtl,parser_ticket_we,818159,,,,,,,,0,0,,,,,,,,,,,,,,,,,,190112,,1,,,,,,1265,3784,,,,,,,
1508494000,,rtl,parser_ticket_we,818160,,,,,,,,0,0,,,,,,,,,,,,,,,,,,190224,,0,,,,,,545,3791,,,,,,,
1508494000,,rtl,parser_ticket_we,818161,,,,,,,,0,0,,,,,,,,,,,,,,,,,,190208,,0,,,,,,572,3790,,,,,,,
1508498000,,rtl,parser_ticket_we,818166,,,,,,,,0,0,,,,,,,,,,,,,,,,,,190240,,1,,,,,,504,3792,,,,,,,
1508498000,,rtl,parser_ticket_we,818167,,,,,,,,0,0,,,,,,,,,,,,,,,,,,190224,,0,,,,,,572,3791,,,,,,,
1508498000,,rtl,parser_ticket_we,818168,,,,,,,,0,0,,,,,,,,,,,,,,,,,,190240,,0,,,,,,545,3792,,,,,,,
1508498000,,rtl,parser_ticket_we,818169,,,,,,,,0,0,,,,,,,,,,,,,,,,,,190128,,0,,,,,,1266,3785,,,,,,,
1508502000,,rtl,parser_ticket_we,818174,,,,,,,,0,0,,,,,,,,,,,,,,,,,,190256,,0,,,,,,545,3793,,,,,,,
1508506000,,rtl,parser_ticket_we,818180,,,,,,,,0,0,,,,,,,,,,,,,,,,,,190256,,1,,,,,,505,3793,,,,,,,
1508506000,,rtl,parser_ticket_we,818181,,,,,,,,0,0,,,,,,,,,,,,,,,,,,190240,,1,,,,,,572,3792,,,,,,,
1508506000,,rtl,parser_ticket_we,818182,,,,,,,,0,0,,,,,,,,,,,,,,,,,,190272,,0,,,,,,545,3794,,,,,,,
1508510000,,rtl,parser_ticket_we,818185,,,,,,,,0,0,,,,,,,,,,,,,,,,,,190144,,2,,,,,,1266,3786,,,,,,,
1508510000,,rtl,parser_ticket_we,818186,,,,,,,,0,0,,,,,,,,,,,,,,,,,,190288,,0,,,,,,545,3795,,,,,,,
1508510000,,rtl,parser_ticket_we,818187,,,,,,,,0,0,,,,,,,,,,,,,,,,,,190272,,0,,,,,,506,3794,,,,,,,
1508514000,,rtl,parser_ticket_we,818192,,,,,,,,0,0,,,,,,,,,,,,,,,,,,190288,,0,,,,,,506,3795,,,,,,,
1508514000,,rtl,parser_ticket_we,818193,,,,,,,,0,0,,,,,,,,,,,,,,,,,,190160,,0,,,,,,1268,3787,,,,,,,
1508518000,,rtl,allocator_decision,818198,,,,,,,,,,,,idle_to_fetch,151120,15,15,15,15,0,0,15,0,5,,,,,,,,,,,,,,,,,,,,,
1508518000,,rtl,parser_ticket_we,818203,,,,,,,,0,0,,,,,,,,,,,,,,,,,,190256,,2,,,,,,573,3793,,,,,,,
1508518000,,rtl,parser_ticket_we,818204,,,,,,,,0,0,,,,,,,,,,,,,,,,,,190176,,0,,,,,,1268,3788,,,,,,,
1508520000,,tlm,future_gap_advance,,,,,,,,,,,,,,151104,,,,,,,,,,377130,73,73,377156,,,,,,,,,,,,,,,,,
1508522000,,rtl,parser_ticket_we,818208,,,,,,,,0,0,,,,,,,,,,,,,,,,,,190304,,1,,,,,,506,3796,,,,,,,
1508522000,,rtl,parser_ticket_we,818209,,,,,,,,0,0,,,,,,,,,,,,,,,,,,190304,,2,,,,,,545,3796,,,,,,,
1508522000,,rtl,parser_ticket_we,818210,,,,,,,,0,0,,,,,,,,,,,,,,,,,,190192,,0,,,,,,1268,3789,,,,,,,
1508526000,,rtl,parser_ticket_we,818214,,,,,,,,0,0,,,,,,,,,,,,,,,,,,190320,,0,,,,,,547,3797,,,,,,,
1508526000,,rtl,parser_ticket_we,818215,,,,,,,,0,0,,,,,,,,,,,,,,,,,,190320,,0,,,,,,507,3797,,,,,,,
1508530000,,rtl,parser_ticket_we,818220,,,,,,,,0,0,,,,,,,,,,,,,,,,,,190208,,1,,,,,,1268,3790,,,,,,,
1508530000,,rtl,parser_ticket_we,818221,,,,,,,,0,0,,,,,,,,,,,,,,,,,,190272,,2,,,,,,575,3794,,,,,,,
1508534000,,rtl,parser_ticket_we,818225,,,,,,,,0,0,,,,,,,,,,,,,,,,,,190336,,1,,,,,,547,3798,,,,,,,
1508534000,,rtl,parser_ticket_we,818226,,,,,,,,0,0,,,,,,,,,,,,,,,,,,190336,,1,,,,,,507,3798,,,,,,,
1508534000,,rtl,parser_ticket_we,818227,,,,,,,,0,0,,,,,,,,,,,,,,,,,,190224,,0,,,,,,1269,3791,,,,,,,
1508538000,,rtl,parser_ticket_we,818231,,,,,,,,0,0,,,,,,,,,,,,,,,,,,190352,,0,,,,,,508,3799,,,,,,,
1508542000,,rtl,parser_ticket_we,818236,,,,,,,,0,0,,,,,,,,,,,,,,,,,,190352,,1,,,,,,548,3799,,,,,,,
1508542000,,rtl,parser_ticket_we,818237,,,,,,,,0,0,,,,,,,,,,,,,,,,,,190288,,2,,,,,,577,3795,,,,,,,
1508542000,,rtl,parser_ticket_we,818238,,,,,,,,0,0,,,,,,,,,,,,,,,,,,190368,,0,,,,,,508,3800,,,,,,,
1508546000,,rtl,parser_ticket_we,818241,,,,,,,,0,0,,,,,,,,,,,,,,,,,,190240,,2,,,,,,1269,3792,,,,,,,
1508546000,,rtl,parser_ticket_we,818242,,,,,,,,0,0,,,,,,,,,,,,,,,,,,190384,,0,,,,,,508,3801,,,,,,,
1508546000,,rtl,parser_ticket_we,818243,,,,,,,,0,0,,,,,,,,,,,,,,,,,,190304,,0,,,,,,579,3796,,,,,,,
1508546000,,rtl,parser_ticket_we,818244,,,,,,,,0,0,,,,,,,,,,,,,,,,,,190368,,0,,,,,,549,3800,,,,,,,
1508550000,,rtl,parser_ticket_we,818249,,,,,,,,0,0,,,,,,,,,,,,,,,,,,190320,,0,,,,,,579,3797,,,,,,,
1508550000,,rtl,parser_ticket_we,818250,,,,,,,,0,0,,,,,,,,,,,,,,,,,,190400,,0,,,,,,508,3802,,,,,,,
1508550000,,rtl,parser_ticket_we,818251,,,,,,,,0,0,,,,,,,,,,,,,,,,,,190256,,0,,,,,,1271,3793,,,,,,,
1508554000,,rtl,parser_ticket_we,818257,,,,,,,,0,0,,,,,,,,,,,,,,,,,,190272,,0,,,,,,1271,3794,,,,,,,
1508554000,,rtl,parser_ticket_we,818258,,,,,,,,0,0,,,,,,,,,,,,,,,,,,190416,,0,,,,,,508,3803,,,,,,,
1508554000,,rtl,parser_ticket_we,818259,,,,,,,,0,0,,,,,,,,,,,,,,,,,,190336,,0,,,,,,579,3798,,,,,,,
1508558000,,rtl,parser_ticket_we,818264,,,,,,,,0,0,,,,,,,,,,,,,,,,,,190384,,2,,,,,,549,3801,,,,,,,
1508558000,,rtl,parser_ticket_we,818265,,,,,,,,0,0,,,,,,,,,,,,,,,,,,190352,,0,,,,,,579,3799,,,,,,,
1508562000,,rtl,parser_ticket_we,818270,,,,,,,,0,0,,,,,,,,,,,,,,,,,,190288,,1,,,,,,1271,3795,,,,,,,
1508562000,,rtl,parser_ticket_we,818271,,,,,,,,0,0,,,,,,,,,,,,,,,,,,190368,,0,,,,,,579,3800,,,,,,,
1508562000,,rtl,parser_ticket_we,818272,,,,,,,,0,0,,,,,,,,,,,,,,,,,,190400,,0,,,,,,1355,3802,,,,,,,
1508566000,,rtl,parser_ticket_we,818276,,,,,,,,0,0,,,,,,,,,,,,,,,,,,190304,,0,,,,,,1272,3796,,,,,,,
1508570000,,rtl,parser_ticket_we,818281,,,,,,,,0,0,,,,,,,,,,,,,,,,,,190384,,1,,,,,,579,3801,,,,,,,
1508570000,,rtl,parser_ticket_we,818282,,,,,,,,0,0,,,,,,,,,,,,,,,,,,190416,,1,,,,,,1355,3803,,,,,,,
1508570000,,rtl,parser_ticket_we,818283,,,,,,,,0,0,,,,,,,,,,,,,,,,,,190320,,0,,,,,,1272,3797,,,,,,,
1508574000,,rtl,parser_ticket_we,818286,,,,,,,,0,0,,,,,,,,,,,,,,,,,,190432,,4,,,,,,508,3804,,,,,,,
1508574000,,rtl,parser_ticket_we,818287,,,,,,,,0,0,,,,,,,,,,,,,,,,,,190400,,0,,,,,,1402,3802,,,,,,,
1508578000,0,rtl,allocator_lane_action,818295,0,1,0,0,151552,1,73,0,0,1,0,,,,,,,,,,,,,,,,,,,,,,,,,,,,,,,,
1508578000,1,rtl,allocator_lane_action,818296,0,1,0,0,151552,0,73,0,0,1,0,,,,,,,,,,,,,,,,,,,,,,,,,,,,,,,,
1508578000,2,rtl,allocator_lane_action,818297,0,1,0,0,151552,1,73,0,0,1,0,,,,,,,,,,,,,,,,,,,,,,,,,,,,,,,,
1508578000,3,rtl,allocator_lane_action,818298,0,1,0,0,151552,1,73,0,0,1,0,,,,,,,,,,,,,,,,,,,,,,,,,,,,,,,,
1508578000,,rtl,parser_ticket_we,818292,,,,,,,,0,0,,,,,,,,,,,,,,,,,,190432,,1,,,,,,1356,3804,,,,,,,
1508578000,,rtl,parser_ticket_we,818293,,,,,,,,0,0,,,,,,,,,,,,,,,,,,190416,,0,,,,,,1402,3803,,,,,,,
1508582000,,rtl,parser_ticket_we,818302,,,,,,,,0,0,,,,,,,,,,,,,,,,,,190336,,2,,,,,,1272,3798,,,,,,,
1508582000,,rtl,parser_ticket_we,818303,,,,,,,,0,0,,,,,,,,,,,,,,,,,,190448,,0,,,,,,1357,3805,,,,,,,
1508586000,3,rtl,controlled_ingress_predrop,818311,,,,,,,,,,,,,,,,,,,,,,,,,92,,190448,,,,,,,,,,1,1516,1,1,1,1,1
1508586000,,rtl,parser_ticket_we,818307,,,,,,,,0,0,,,,,,,,,,,,,,,,,,190432,,1,,,,,,1402,3804,,,,,,,
1508586000,,rtl,parser_ticket_we,818308,,,,,,,,0,0,,,,,,,,,,,,,,,,,,190352,,0,,,,,,1274,3799,,,,,,,
1508594000,,rtl,parser_ticket_we,818315,,,,,,,,0,0,,,,,,,,,,,,,,,,,,190448,,1,,,,,,1403,3805,,,,,,,
1508594000,,rtl,parser_ticket_we,818316,,,,,,,,0,0,,,,,,,,,,,,,,,,,,190368,,1,,,,,,1274,3800,,,,,,,
1508602000,,rtl,parser_ticket_we,818320,,,,,,,,0,0,,,,,,,,,,,,,,,,,,190384,,1,,,,,,1275,3801,,,,,,,
1508614000,,rtl,parser_ticket_we,818325,,,,,,,,0,0,,,,,,,,,,,,,,,,,,190400,,2,,,,,,1276,3802,,,,,,,
1508622000,,rtl,allocator_decision,818330,,,,,,,,,,,,idle_to_fetch,151136,15,15,15,15,0,0,15,0,2,,,,,,,,,,,,,,,,,,,,,
1508622000,,rtl,parser_ticket_we,818329,,,,,,,,0,0,,,,,,,,,,,,,,,,,,190416,,1,,,,,,1278,3803,,,,,,,
1508624000,,tlm,future_gap_advance,,,,,,,,,,,,,,151120,,,,,,,,,,377156,73,73,377182,,,,,,,,,,,,,,,,,
1508626000,,rtl,parser_ticket_we,818336,,,,,,,,0,0,,,,,,,,,,,,,,,,,,190432,,0,,,,,,1279,3804,,,,,,,
1508638000,1,rtl,controlled_ingress_predrop,818343,,,,,,,,,,,,,,,,,,,,,,,,,92,,190448,,,,,,,,,,2,1516,1,2,1,1,2
1508682000,0,rtl,allocator_lane_action,818355,0,1,0,0,151552,1,73,0,0,1,0,,,,,,,,,,,,,,,,,,,,,,,,,,,,,,,,
1508682000,1,rtl,allocator_lane_action,818356,0,1,0,0,151552,0,73,0,0,1,0,,,,,,,,,,,,,,,,,,,,,,,,,,,,,,,,
1508682000,2,rtl,allocator_lane_action,818357,0,1,0,0,151552,1,73,0,0,1,0,,,,,,,,,,,,,,,,,,,,,,,,,,,,,,,,
1508682000,3,rtl,allocator_lane_action,818358,0,1,0,0,151552,1,73,0,0,1,0,,,,,,,,,,,,,,,,,,,,,,,,,,,,,,,,
1508726000,,rtl,allocator_decision,818370,,,,,,,,,,,,idle_to_fetch,151152,15,15,15,15,0,0,15,0,0,,,,,,,,,,,,,,,,,,,,,
1508728000,,tlm,future_gap_advance,,,,,,,,,,,,,,151136,,,,,,,,,,377182,73,73,377208,,,,,,,,,,,,,,,,,
1508786000,0,rtl,allocator_lane_action,818391,0,1,0,0,151552,1,73,0,0,1,0,,,,,,,,,,,,,,,,,,,,,,,,,,,,,,,,
1508786000,1,rtl,allocator_lane_action,818392,0,1,0,0,151552,0,73,0,0,1,0,,,,,,,,,,,,,,,,,,,,,,,,,,,,,,,,
1508786000,2,rtl,allocator_lane_action,818393,0,1,0,0,151552,1,73,0,0,1,0,,,,,,,,,,,,,,,,,,,,,,,,,,,,,,,,
1508786000,3,rtl,allocator_lane_action,818394,0,1,0,0,151552,1,73,0,0,1,0,,,,,,,,,,,,,,,,,,,,,,,,,,,,,,,,
1508830000,,rtl,allocator_decision,818406,,,,,,,,,,,,idle_to_fetch,151168,15,15,15,15,0,0,15,0,0,,,,,,,,,,,,,,,,,,,,,
1508832000,,tlm,future_gap_advance,,,,,,,,,,,,,,151152,,,,,,,,,,377208,73,73,377234,,,,,,,,,,,,,,,,,
1508890000,0,rtl,allocator_lane_action,818427,0,1,0,0,151552,1,73,0,0,1,0,,,,,,,,,,,,,,,,,,,,,,,,,,,,,,,,
1508890000,1,rtl,allocator_lane_action,818428,0,1,0,0,151552,0,73,0,0,1,0,,,,,,,,,,,,,,,,,,,,,,,,,,,,,,,,
1508890000,2,rtl,allocator_lane_action,818429,0,1,0,0,151552,1,73,0,0,1,0,,,,,,,,,,,,,,,,,,,,,,,,,,,,,,,,
1508890000,3,rtl,allocator_lane_action,818430,0,1,0,0,151552,1,73,0,0,1,0,,,,,,,,,,,,,,,,,,,,,,,,,,,,,,,,
1508934000,,rtl,allocator_decision,818442,,,,,,,,,,,,idle_to_fetch,151184,15,15,15,15,0,0,15,0,0,,,,,,,,,,,,,,,,,,,,,
1508936000,,tlm,future_gap_advance,,,,,,,,,,,,,,151168,,,,,,,,,,377234,73,73,377260,,,,,,,,,,,,,,,,,
1508994000,0,rtl,allocator_lane_action,818463,0,1,0,0,151552,1,73,0,0,1,0,,,,,,,,,,,,,,,,,,,,,,,,,,,,,,,,
1508994000,1,rtl,allocator_lane_action,818464,0,1,0,0,151552,0,73,0,0,1,0,,,,,,,,,,,,,,,,,,,,,,,,,,,,,,,,
1508994000,2,rtl,allocator_lane_action,818465,0,1,0,0,151552,1,73,0,0,1,0,,,,,,,,,,,,,,,,,,,,,,,,,,,,,,,,
1508994000,3,rtl,allocator_lane_action,818466,0,1,0,0,151552,1,73,0,0,1,0,,,,,,,,,,,,,,,,,,,,,,,,,,,,,,,,
1509038000,,rtl,allocator_decision,818478,,,,,,,,,,,,idle_to_fetch,151200,15,15,15,15,0,0,15,0,0,,,,,,,,,,,,,,,,,,,,,
1509040000,,tlm,future_gap_advance,,,,,,,,,,,,,,151184,,,,,,,,,,377260,73,73,377286,,,,,,,,,,,,,,,,,
1509098000,0,rtl,allocator_lane_action,818499,0,1,0,0,151552,1,73,0,0,1,0,,,,,,,,,,,,,,,,,,,,,,,,,,,,,,,,
1509098000,1,rtl,allocator_lane_action,818500,0,1,0,0,151552,0,73,0,0,1,0,,,,,,,,,,,,,,,,,,,,,,,,,,,,,,,,
1509098000,2,rtl,allocator_lane_action,818501,0,1,0,0,151552,1,73,0,0,1,0,,,,,,,,,,,,,,,,,,,,,,,,,,,,,,,,
1509098000,3,rtl,allocator_lane_action,818502,0,1,0,0,151552,1,73,0,0,1,0,,,,,,,,,,,,,,,,,,,,,,,,,,,,,,,,
1509142000,,rtl,allocator_decision,818514,,,,,,,,,,,,idle_to_fetch,151216,15,15,15,15,0,0,15,0,0,,,,,,,,,,,,,,,,,,,,,
1509144000,,tlm,future_gap_advance,,,,,,,,,,,,,,151200,,,,,,,,,,377286,73,73,377312,,,,,,,,,,,,,,,,,
1509202000,0,rtl,allocator_lane_action,818535,0,1,0,0,151552,1,73,0,0,1,0,,,,,,,,,,,,,,,,,,,,,,,,,,,,,,,,
1509202000,1,rtl,allocator_lane_action,818536,0,1,0,0,151552,0,73,0,0,1,0,,,,,,,,,,,,,,,,,,,,,,,,,,,,,,,,
1509202000,2,rtl,allocator_lane_action,818537,0,1,0,0,151552,1,73,0,0,1,0,,,,,,,,,,,,,,,,,,,,,,,,,,,,,,,,
1509202000,3,rtl,allocator_lane_action,818538,0,1,0,0,151552,1,73,0,0,1,0,,,,,,,,,,,,,,,,,,,,,,,,,,,,,,,,
1509246000,,rtl,allocator_decision,818550,,,,,,,,,,,,idle_to_fetch,151232,15,15,15,15,0,0,15,0,0,,,,,,,,,,,,,,,,,,,,,
1509248000,,tlm,future_gap_advance,,,,,,,,,,,,,,151216,,,,,,,,,,377312,73,73,377338,,,,,,,,,,,,,,,,,
1509306000,0,rtl,allocator_lane_action,818571,0,1,0,0,151552,1,73,0,0,1,0,,,,,,,,,,,,,,,,,,,,,,,,,,,,,,,,
1509306000,1,rtl,allocator_lane_action,818572,0,1,0,0,151552,0,73,0,0,1,0,,,,,,,,,,,,,,,,,,,,,,,,,,,,,,,,
1509306000,2,rtl,allocator_lane_action,818573,0,1,0,0,151552,1,73,0,0,1,0,,,,,,,,,,,,,,,,,,,,,,,,,,,,,,,,
1509306000,3,rtl,allocator_lane_action,818574,0,1,0,0,151552,1,73,0,0,1,0,,,,,,,,,,,,,,,,,,,,,,,,,,,,,,,,
1509350000,,rtl,allocator_decision,818586,,,,,,,,,,,,idle_to_fetch,151248,15,15,15,15,0,0,15,0,0,,,,,,,,,,,,,,,,,,,,,
1509352000,,tlm,future_gap_advance,,,,,,,,,,,,,,151232,,,,,,,,,,377338,73,73,377364,,,,,,,,,,,,,,,,,
1509410000,0,rtl,allocator_lane_action,818607,0,1,0,0,151552,1,73,0,0,1,0,,,,,,,,,,,,,,,,,,,,,,,,,,,,,,,,
1509410000,1,rtl,allocator_lane_action,818608,0,1,0,0,151552,0,73,0,0,1,0,,,,,,,,,,,,,,,,,,,,,,,,,,,,,,,,
1509410000,2,rtl,allocator_lane_action,818609,0,1,0,0,151552,1,73,0,0,1,0,,,,,,,,,,,,,,,,,,,,,,,,,,,,,,,,
1509410000,3,rtl,allocator_lane_action,818610,0,1,0,0,151552,1,73,0,0,1,0,,,,,,,,,,,,,,,,,,,,,,,,,,,,,,,,
1509454000,,rtl,allocator_decision,818622,,,,,,,,,,,,idle_to_fetch,151264,15,15,15,15,0,0,15,0,0,,,,,,,,,,,,,,,,,,,,,
1509456000,,tlm,future_gap_advance,,,,,,,,,,,,,,151248,,,,,,,,,,377364,73,73,377390,,,,,,,,,,,,,,,,,
1509514000,0,rtl,allocator_lane_action,818643,0,1,0,0,151552,1,73,0,0,1,0,,,,,,,,,,,,,,,,,,,,,,,,,,,,,,,,
1509514000,1,rtl,allocator_lane_action,818644,0,1,0,0,151552,0,73,0,0,1,0,,,,,,,,,,,,,,,,,,,,,,,,,,,,,,,,
1509514000,2,rtl,allocator_lane_action,818645,0,1,0,0,151552,1,73,0,0,1,0,,,,,,,,,,,,,,,,,,,,,,,,,,,,,,,,
1509514000,3,rtl,allocator_lane_action,818646,0,1,0,0,151552,1,73,0,0,1,0,,,,,,,,,,,,,,,,,,,,,,,,,,,,,,,,
1509558000,,rtl,allocator_decision,818658,,,,,,,,,,,,idle_to_fetch,151280,15,15,15,15,0,0,15,0,0,,,,,,,,,,,,,,,,,,,,,
1509560000,,tlm,future_gap_advance,,,,,,,,,,,,,,151264,,,,,,,,,,377390,73,73,377416,,,,,,,,,,,,,,,,,
