source,stage,cycle,time_ps,frame,serial,running_ts,current_shd_idx,pending_mask,lane,timestamp,hit_count,handle_depth,page_len_next,kind,ticket_credit_before,ticket_credit_after,lane_credit_before,lane_credit_after,action,effective_lane_credit,src,dst,handle_wptr,ticket_rptr,line,lane_start,sop,eop,next_ticket_wptr,decision,frame_lane_active,pending,pending_lane,q_valid,tk_sop,tk_curr,tk_future,tk_past,ingress_busy,ptr,masked,credit,reactivate,fetch_ts,block_len,body_serial,tail_ready,tail_dropped,drop_reason,lane_credit,ticket_credit,pre_shd,pre_hit,valid,shd,hit
tlm,allocator_fetch,388204,1552816000,75,75,155712,4,15,,,,,,,,,,,,,,,,,,,,,,,,,,,,,,,,,,,,,,,,,,,,,,,,
tlm,handle_accept,388204,1552816000,75,75,155712,,,0,155712,1,1,24,,,,,,,,,,,,,,,,,,,,,,,,,,,,,,,,,,,,,,,,,,,
tlm,ticket_pop,388204,1552816000,75,75,,,,0,155712,1,,,body,1520,1521,,,,,,,,,,,,,,,,,,,,,,,,,,,,,,,,,,,,,,,,
tlm,ticket_pop,388204,1552816000,75,75,,,,1,155712,1,,,body,1520,1521,,,,,,,,,,,,,,,,,,,,,,,,,,,,,,,,,,,,,,,,
tlm,ticket_pop,388204,1552816000,75,75,,,,2,155712,1,,,body,1520,1521,,,,,,,,,,,,,,,,,,,,,,,,,,,,,,,,,,,,,,,,
tlm,ticket_pop,388204,1552816000,75,75,,,,3,155712,3,,,body,1520,1521,,,,,,,,,,,,,,,,,,,,,,,,,,,,,,,,,,,,,,,,
tlm,credit_return,388206,1552824000,75,75,,,,0,155712,1,0,,,,,135,136,,,,,,,,,,,,,,,,,,,,,,,,,,,,,,,,,,,,,,
tlm,handle_accept,388206,1552824000,75,75,155712,,,1,155712,1,1,25,,,,,,,,,,,,,,,,,,,,,,,,,,,,,,,,,,,,,,,,,,,
tlm,handle_accept,388208,1552832000,75,75,155712,,,2,155712,1,1,26,,,,,,,,,,,,,,,,,,,,,,,,,,,,,,,,,,,,,,,,,,,
tlm,credit_return,388209,1552836000,75,75,,,,1,155712,1,0,,,,,67,68,,,,,,,,,,,,,,,,,,,,,,,,,,,,,,,,,,,,,,
tlm,credit_return,388210,1552840000,75,75,,,,2,155712,1,0,,,,,92,93,,,,,,,,,,,,,,,,,,,,,,,,,,,,,,,,,,,,,,
tlm,handle_accept,388210,1552840000,75,75,155712,,,3,155712,3,1,29,,,,,,,,,,,,,,,,,,,,,,,,,,,,,,,,,,,,,,,,,,,
tlm,credit_return,388215,1552860000,75,75,,,,3,155712,3,0,,,,,161,164,,,,,,,,,,,,,,,,,,,,,,,,,,,,,,,,,,,,,,
tlm,allocator_fetch,388231,1552924000,75,75,155728,5,15,,,,,,,,,,,,,,,,,,,,,,,,,,,,,,,,,,,,,,,,,,,,,,,,
tlm,allocator_lane_action,388231,1552924000,75,75,155728,,,0,155728,0,,,,,,,,empty,,,,,,,,,,,,,,,,,,,,,,,,,,,,,,,,,,,,,
tlm,ticket_pop,388231,1552924000,75,75,,,,0,155728,0,,,body,1521,1522,,,,,,,,,,,,,,,,,,,,,,,,,,,,,,,,,,,,,,,,
tlm,ticket_pop,388231,1552924000,75,75,,,,1,155728,0,,,body,1521,1522,,,,,,,,,,,,,,,,,,,,,,,,,,,,,,,,,,,,,,,,
tlm,ticket_pop,388231,1552924000,75,75,,,,2,155728,1,,,body,1521,1522,,,,,,,,,,,,,,,,,,,,,,,,,,,,,,,,,,,,,,,,
tlm,ticket_pop,388231,1552924000,75,75,,,,3,155728,0,,,body,1521,1522,,,,,,,,,,,,,,,,,,,,,,,,,,,,,,,,,,,,,,,,
tlm,allocator_lane_action,388233,1552932000,75,75,155728,,,1,155728,0,,,,,,,,empty,,,,,,,,,,,,,,,,,,,,,,,,,,,,,,,,,,,,,
tlm,handle_accept,388235,1552940000,75,75,155728,,,2,155728,1,1,31,,,,,,,,,,,,,,,,,,,,,,,,,,,,,,,,,,,,,,,,,,,
tlm,allocator_lane_action,388237,1552948000,75,75,155728,,,3,155728,0,,,,,,,,empty,,,,,,,,,,,,,,,,,,,,,,,,,,,,,,,,,,,,,
tlm,credit_return,388237,1552948000,75,75,,,,2,155728,1,0,,,,,93,94,,,,,,,,,,,,,,,,,,,,,,,,,,,,,,,,,,,,,,
tlm,allocator_fetch,388258,1553032000,75,75,155744,6,15,,,,,,,,,,,,,,,,,,,,,,,,,,,,,,,,,,,,,,,,,,,,,,,,
tlm,allocator_lane_action,388258,1553032000,75,75,155744,,,0,155744,0,,,,,,,,empty,,,,,,,,,,,,,,,,,,,,,,,,,,,,,,,,,,,,,
tlm,ticket_pop,388258,1553032000,75,75,,,,0,155744,0,,,body,1522,1523,,,,,,,,,,,,,,,,,,,,,,,,,,,,,,,,,,,,,,,,
tlm,ticket_pop,388258,1553032000,75,75,,,,1,155744,0,,,body,1522,1523,,,,,,,,,,,,,,,,,,,,,,,,,,,,,,,,,,,,,,,,
tlm,ticket_pop,388258,1553032000,75,75,,,,2,155744,0,,,body,1522,1523,,,,,,,,,,,,,,,,,,,,,,,,,,,,,,,,,,,,,,,,
tlm,ticket_pop,388258,1553032000,75,75,,,,3,155744,2,,,body,1522,1523,,,,,,,,,,,,,,,,,,,,,,,,,,,,,,,,,,,,,,,,
tlm,allocator_lane_action,388260,1553040000,75,75,155744,,,1,155744,0,,,,,,,,empty,,,,,,,,,,,,,,,,,,,,,,,,,,,,,,,,,,,,,
tlm,allocator_lane_action,388262,1553048000,75,75,155744,,,2,155744,0,,,,,,,,empty,,,,,,,,,,,,,,,,,,,,,,,,,,,,,,,,,,,,,
tlm,handle_accept,388264,1553056000,75,75,155744,,,3,155744,2,1,34,,,,,,,,,,,,,,,,,,,,,,,,,,,,,,,,,,,,,,,,,,,
tlm,credit_return,388267,1553068000,75,75,,,,3,155744,2,0,,,,,164,166,,,,,,,,,,,,,,,,,,,,,,,,,,,,,,,,,,,,,,
tlm,allocator_fetch,388285,1553140000,75,75,155760,7,15,,,,,,,,,,,,,,,,,,,,,,,,,,,,,,,,,,,,,,,,,,,,,,,,
tlm,handle_accept,388285,1553140000,75,75,155760,,,0,155760,2,1,37,,,,,,,,,,,,,,,,,,,,,,,,,,,,,,,,,,,,,,,,,,,
tlm,ticket_pop,388285,1553140000,75,75,,,,0,155760,2,,,body,1523,1524,,,,,,,,,,,,,,,,,,,,,,,,,,,,,,,,,,,,,,,,
tlm,ticket_pop,388285,1553140000,75,75,,,,1,155760,2,,,body,1523,1524,,,,,,,,,,,,,,,,,,,,,,,,,,,,,,,,,,,,,,,,
tlm,ticket_pop,388285,1553140000,75,75,,,,2,155760,0,,,body,1523,1524,,,,,,,,,,,,,,,,,,,,,,,,,,,,,,,,,,,,,,,,
tlm,ticket_pop,388285,1553140000,75,75,,,,3,155760,1,,,body,1523,1524,,,,,,,,,,,,,,,,,,,,,,,,,,,,,,,,,,,,,,,,
tlm,handle_accept,388287,1553148000,75,75,155760,,,1,155760,2,1,39,,,,,,,,,,,,,,,,,,,,,,,,,,,,,,,,,,,,,,,,,,,
tlm,credit_return,388288,1553152000,75,75,,,,0,155760,2,0,,,,,136,138,,,,,,,,,,,,,,,,,,,,,,,,,,,,,,,,,,,,,,
tlm,allocator_lane_action,388289,1553156000,75,75,155760,,,2,155760,0,,,,,,,,empty,,,,,,,,,,,,,,,,,,,,,,,,,,,,,,,,,,,,,
tlm,handle_accept,388291,1553164000,75,75,155760,,,3,155760,1,1,40,,,,,,,,,,,,,,,,,,,,,,,,,,,,,,,,,,,,,,,,,,,
tlm,credit_return,388292,1553168000,75,75,,,,1,155760,2,0,,,,,68,70,,,,,,,,,,,,,,,,,,,,,,,,,,,,,,,,,,,,,,
tlm,credit_return,388295,1553180000,75,75,,,,3,155760,1,0,,,,,166,167,,,,,,,,,,,,,,,,,,,,,,,,,,,,,,,,,,,,,,
tlm,allocator_fetch,388312,1553248000,75,75,155776,8,15,,,,,,,,,,,,,,,,,,,,,,,,,,,,,,,,,,,,,,,,,,,,,,,,
tlm,handle_accept,388312,1553248000,75,75,155776,,,0,155776,1,1,42,,,,,,,,,,,,,,,,,,,,,,,,,,,,,,,,,,,,,,,,,,,
tlm,ticket_pop,388312,1553248000,75,75,,,,0,155776,1,,,body,1524,1525,,,,,,,,,,,,,,,,,,,,,,,,,,,,,,,,,,,,,,,,
tlm,ticket_pop,388312,1553248000,75,75,,,,1,155776,0,,,body,1524,1525,,,,,,,,,,,,,,,,,,,,,,,,,,,,,,,,,,,,,,,,
tlm,ticket_pop,388312,1553248000,75,75,,,,2,155776,0,,,body,1524,1525,,,,,,,,,,,,,,,,,,,,,,,,,,,,,,,,,,,,,,,,
tlm,ticket_pop,388312,1553248000,75,75,,,,3,155776,1,,,body,1524,1525,,,,,,,,,,,,,,,,,,,,,,,,,,,,,,,,,,,,,,,,
tlm,allocator_lane_action,388314,1553256000,75,75,155776,,,1,155776,0,,,,,,,,empty,,,,,,,,,,,,,,,,,,,,,,,,,,,,,,,,,,,,,
tlm,credit_return,388314,1553256000,75,75,,,,0,155776,1,0,,,,,138,139,,,,,,,,,,,,,,,,,,,,,,,,,,,,,,,,,,,,,,
tlm,allocator_lane_action,388316,1553264000,75,75,155776,,,2,155776,0,,,,,,,,empty,,,,,,,,,,,,,,,,,,,,,,,,,,,,,,,,,,,,,
tlm,handle_accept,388318,1553272000,75,75,155776,,,3,155776,1,1,43,,,,,,,,,,,,,,,,,,,,,,,,,,,,,,,,,,,,,,,,,,,
tlm,credit_return,388320,1553280000,75,75,,,,3,155776,1,0,,,,,167,168,,,,,,,,,,,,,,,,,,,,,,,,,,,,,,,,,,,,,,
tlm,allocator_fetch,388339,1553356000,75,75,155792,9,15,,,,,,,,,,,,,,,,,,,,,,,,,,,,,,,,,,,,,,,,,,,,,,,,
tlm,allocator_lane_action,388339,1553356000,75,75,155792,,,0,155792,0,,,,,,,,empty,,,,,,,,,,,,,,,,,,,,,,,,,,,,,,,,,,,,,
tlm,ticket_pop,388339,1553356000,75,75,,,,0,155792,0,,,body,1525,1526,,,,,,,,,,,,,,,,,,,,,,,,,,,,,,,,,,,,,,,,
tlm,ticket_pop,388339,1553356000,75,75,,,,1,155792,0,,,body,1525,1526,,,,,,,,,,,,,,,,,,,,,,,,,,,,,,,,,,,,,,,,
tlm,ticket_pop,388339,1553356000,75,75,,,,2,155792,0,,,body,1525,1526,,,,,,,,,,,,,,,,,,,,,,,,,,,,,,,,,,,,,,,,
tlm,ticket_pop,388339,1553356000,75,75,,,,3,155792,0,,,body,1525,1526,,,,,,,,,,,,,,,,,,,,,,,,,,,,,,,,,,,,,,,,
tlm,allocator_lane_action,388341,1553364000,75,75,155792,,,1,155792,0,,,,,,,,empty,,,,,,,,,,,,,,,,,,,,,,,,,,,,,,,,,,,,,
tlm,allocator_lane_action,388343,1553372000,75,75,155792,,,2,155792,0,,,,,,,,empty,,,,,,,,,,,,,,,,,,,,,,,,,,,,,,,,,,,,,
tlm,allocator_lane_action,388345,1553380000,75,75,155792,,,3,155792,0,,,,,,,,empty,,,,,,,,,,,,,,,,,,,,,,,,,,,,,,,,,,,,,
tlm,allocator_fetch,388365,1553460000,75,75,155808,10,15,,,,,,,,,,,,,,,,,,,,,,,,,,,,,,,,,,,,,,,,,,,,,,,,
tlm,handle_accept,388365,1553460000,75,75,155808,,,0,155808,1,1,45,,,,,,,,,,,,,,,,,,,,,,,,,,,,,,,,,,,,,,,,,,,
tlm,ticket_pop,388365,1553460000,75,75,,,,0,155808,1,,,body,1526,1527,,,,,,,,,,,,,,,,,,,,,,,,,,,,,,,,,,,,,,,,
tlm,ticket_pop,388365,1553460000,75,75,,,,1,155808,1,,,body,1526,1527,,,,,,,,,,,,,,,,,,,,,,,,,,,,,,,,,,,,,,,,
tlm,ticket_pop,388365,1553460000,75,75,,,,2,155808,0,,,body,1526,1527,,,,,,,,,,,,,,,,,,,,,,,,,,,,,,,,,,,,,,,,
tlm,ticket_pop,388365,1553460000,75,75,,,,3,155808,0,,,body,1526,1527,,,,,,,,,,,,,,,,,,,,,,,,,,,,,,,,,,,,,,,,
tlm,credit_return,388367,1553468000,75,75,,,,0,155808,1,0,,,,,139,140,,,,,,,,,,,,,,,,,,,,,,,,,,,,,,,,,,,,,,
tlm,handle_accept,388367,1553468000,75,75,155808,,,1,155808,1,1,46,,,,,,,,,,,,,,,,,,,,,,,,,,,,,,,,,,,,,,,,,,,
tlm,allocator_lane_action,388369,1553476000,75,75,155808,,,2,155808,0,,,,,,,,empty,,,,,,,,,,,,,,,,,,,,,,,,,,,,,,,,,,,,,
tlm,credit_return,388370,1553480000,75,75,,,,1,155808,1,0,,,,,70,71,,,,,,,,,,,,,,,,,,,,,,,,,,,,,,,,,,,,,,
tlm,allocator_lane_action,388371,1553484000,75,75,155808,,,3,155808,0,,,,,,,,empty,,,,,,,,,,,,,,,,,,,,,,,,,,,,,,,,,,,,,
tlm,allocator_fetch,388392,1553568000,75,75,155824,11,15,,,,,,,,,,,,,,,,,,,,,,,,,,,,,,,,,,,,,,,,,,,,,,,,
tlm,allocator_lane_action,388392,1553568000,75,75,155824,,,0,155824,0,,,,,,,,empty,,,,,,,,,,,,,,,,,,,,,,,,,,,,,,,,,,,,,
tlm,ticket_pop,388392,1553568000,75,75,,,,0,155824,0,,,body,1527,1528,,,,,,,,,,,,,,,,,,,,,,,,,,,,,,,,,,,,,,,,
tlm,ticket_pop,388392,1553568000,75,75,,,,1,155824,0,,,body,1527,1528,,,,,,,,,,,,,,,,,,,,,,,,,,,,,,,,,,,,,,,,
tlm,ticket_pop,388392,1553568000,75,75,,,,2,155824,1,,,body,1527,1528,,,,,,,,,,,,,,,,,,,,,,,,,,,,,,,,,,,,,,,,
tlm,ticket_pop,388392,1553568000,75,75,,,,3,155824,0,,,body,1527,1528,,,,,,,,,,,,,,,,,,,,,,,,,,,,,,,,,,,,,,,,
tlm,allocator_lane_action,388394,1553576000,75,75,155824,,,1,155824,0,,,,,,,,empty,,,,,,,,,,,,,,,,,,,,,,,,,,,,,,,,,,,,,
tlm,handle_accept,388396,1553584000,75,75,155824,,,2,155824,1,1,48,,,,,,,,,,,,,,,,,,,,,,,,,,,,,,,,,,,,,,,,,,,
tlm,allocator_lane_action,388398,1553592000,75,75,155824,,,3,155824,0,,,,,,,,empty,,,,,,,,,,,,,,,,,,,,,,,,,,,,,,,,,,,,,
tlm,credit_return,388398,1553592000,75,75,,,,2,155824,1,0,,,,,94,95,,,,,,,,,,,,,,,,,,,,,,,,,,,,,,,,,,,,,,
tlm,allocator_fetch,388419,1553676000,75,75,155840,12,15,,,,,,,,,,,,,,,,,,,,,,,,,,,,,,,,,,,,,,,,,,,,,,,,
tlm,allocator_lane_action,388419,1553676000,75,75,155840,,,0,155840,0,,,,,,,,empty,,,,,,,,,,,,,,,,,,,,,,,,,,,,,,,,,,,,,
tlm,ticket_pop,388419,1553676000,75,75,,,,0,155840,0,,,body,1528,1529,,,,,,,,,,,,,,,,,,,,,,,,,,,,,,,,,,,,,,,,
tlm,ticket_pop,388419,1553676000,75,75,,,,1,155840,0,,,body,1528,1529,,,,,,,,,,,,,,,,,,,,,,,,,,,,,,,,,,,,,,,,
tlm,ticket_pop,388419,1553676000,75,75,,,,2,155840,1,,,body,1528,1529,,,,,,,,,,,,,,,,,,,,,,,,,,,,,,,,,,,,,,,,
tlm,ticket_pop,388419,1553676000,75,75,,,,3,155840,0,,,body,1528,1529,,,,,,,,,,,,,,,,,,,,,,,,,,,,,,,,,,,,,,,,
tlm,allocator_lane_action,388421,1553684000,75,75,155840,,,1,155840,0,,,,,,,,empty,,,,,,,,,,,,,,,,,,,,,,,,,,,,,,,,,,,,,
tlm,handle_accept,388423,1553692000,75,75,155840,,,2,155840,1,1,50,,,,,,,,,,,,,,,,,,,,,,,,,,,,,,,,,,,,,,,,,,,
tlm,allocator_lane_action,388425,1553700000,75,75,155840,,,3,155840,0,,,,,,,,empty,,,,,,,,,,,,,,,,,,,,,,,,,,,,,,,,,,,,,
tlm,credit_return,388425,1553700000,75,75,,,,2,155840,1,0,,,,,95,96,,,,,,,,,,,,,,,,,,,,,,,,,,,,,,,,,,,,,,
tlm,allocator_fetch,388446,1553784000,75,75,155856,13,15,,,,,,,,,,,,,,,,,,,,,,,,,,,,,,,,,,,,,,,,,,,,,,,,
tlm,handle_accept,388446,1553784000,75,75,155856,,,0,155856,1,1,52,,,,,,,,,,,,,,,,,,,,,,,,,,,,,,,,,,,,,,,,,,,
tlm,ticket_pop,388446,1553784000,75,75,,,,0,155856,1,,,body,1529,1530,,,,,,,,,,,,,,,,,,,,,,,,,,,,,,,,,,,,,,,,
tlm,ticket_pop,388446,1553784000,75,75,,,,1,155856,0,,,body,1529,1530,,,,,,,,,,,,,,,,,,,,,,,,,,,,,,,,,,,,,,,,
tlm,ticket_pop,388446,1553784000,75,75,,,,2,155856,1,,,body,1529,1530,,,,,,,,,,,,,,,,,,,,,,,,,,,,,,,,,,,,,,,,
tlm,ticket_pop,388446,1553784000,75,75,,,,3,155856,2,,,body,1529,1530,,,,,,,,,,,,,,,,,,,,,,,,,,,,,,,,,,,,,,,,
tlm,allocator_lane_action,388448,1553792000,75,75,155856,,,1,155856,0,,,,,,,,empty,,,,,,,,,,,,,,,,,,,,,,,,,,,,,,,,,,,,,
tlm,credit_return,388448,1553792000,75,75,,,,0,155856,1,0,,,,,140,141,,,,,,,,,,,,,,,,,,,,,,,,,,,,,,,,,,,,,,
tlm,handle_accept,388450,1553800000,75,75,155856,,,2,155856,1,1,53,,,,,,,,,,,,,,,,,,,,,,,,,,,,,,,,,,,,,,,,,,,
tlm,credit_return,388452,1553808000,75,75,,,,2,155856,1,0,,,,,96,97,,,,,,,,,,,,,,,,,,,,,,,,,,,,,,,,,,,,,,
tlm,handle_accept,388452,1553808000,75,75,155856,,,3,155856,2,1,55,,,,,,,,,,,,,,,,,,,,,,,,,,,,,,,,,,,,,,,,,,,
tlm,credit_return,388456,1553824000,75,75,,,,3,155856,2,0,,,,,168,170,,,,,,,,,,,,,,,,,,,,,,,,,,,,,,,,,,,,,,
tlm,allocator_fetch,388473,1553892000,75,75,155872,14,15,,,,,,,,,,,,,,,,,,,,,,,,,,,,,,,,,,,,,,,,,,,,,,,,
tlm,handle_accept,388473,1553892000,75,75,155872,,,0,155872,1,1,57,,,,,,,,,,,,,,,,,,,,,,,,,,,,,,,,,,,,,,,,,,,
tlm,ticket_pop,388473,1553892000,75,75,,,,0,155872,1,,,body,1530,1531,,,,,,,,,,,,,,,,,,,,,,,,,,,,,,,,,,,,,,,,
tlm,ticket_pop,388473,1553892000,75,75,,,,1,155872,1,,,body,1530,1531,,,,,,,,,,,,,,,,,,,,,,,,,,,,,,,,,,,,,,,,
tlm,ticket_pop,388473,1553892000,75,75,,,,2,155872,1,,,body,1530,1531,,,,,,,,,,,,,,,,,,,,,,,,,,,,,,,,,,,,,,,,
tlm,ticket_pop,388473,1553892000,75,75,,,,3,155872,1,,,body,1530,1531,,,,,,,,,,,,,,,,,,,,,,,,,,,,,,,,,,,,,,,,
tlm,credit_return,388475,1553900000,75,75,,,,0,155872,1,0,,,,,141,142,,,,,,,,,,,,,,,,,,,,,,,,,,,,,,,,,,,,,,
tlm,handle_accept,388475,1553900000,75,75,155872,,,1,155872,1,1,58,,,,,,,,,,,,,,,,,,,,,,,,,,,,,,,,,,,,,,,,,,,
tlm,handle_accept,388477,1553908000,75,75,155872,,,2,155872,1,1,59,,,,,,,,,,,,,,,,,,,,,,,,,,,,,,,,,,,,,,,,,,,
tlm,credit_return,388478,1553912000,75,75,,,,1,155872,1,0,,,,,71,72,,,,,,,,,,,,,,,,,,,,,,,,,,,,,,,,,,,,,,
tlm,credit_return,388479,1553916000,75,75,,,,2,155872,1,0,,,,,97,98,,,,,,,,,,,,,,,,,,,,,,,,,,,,,,,,,,,,,,
tlm,handle_accept,388479,1553916000,75,75,155872,,,3,155872,1,1,60,,,,,,,,,,,,,,,,,,,,,,,,,,,,,,,,,,,,,,,,,,,
tlm,credit_return,388482,1553928000,75,75,,,,3,155872,1,0,,,,,170,171,,,,,,,,,,,,,,,,,,,,,,,,,,,,,,,,,,,,,,
tlm,allocator_fetch,388500,1554000000,75,75,155888,15,15,,,,,,,,,,,,,,,,,,,,,,,,,,,,,,,,,,,,,,,,,,,,,,,,
tlm,handle_accept,388500,1554000000,75,75,155888,,,0,155888,1,1,62,,,,,,,,,,,,,,,,,,,,,,,,,,,,,,,,,,,,,,,,,,,
tlm,ticket_pop,388500,1554000000,75,75,,,,0,155888,1,,,body,1531,1532,,,,,,,,,,,,,,,,,,,,,,,,,,,,,,,,,,,,,,,,
tlm,ticket_pop,388500,1554000000,75,75,,,,1,155888,0,,,body,1531,1532,,,,,,,,,,,,,,,,,,,,,,,,,,,,,,,,,,,,,,,,
tlm,ticket_pop,388500,1554000000,75,75,,,,2,155888,1,,,body,1531,1532,,,,,,,,,,,,,,,,,,,,,,,,,,,,,,,,,,,,,,,,
tlm,ticket_pop,388500,1554000000,75,75,,,,3,155888,0,,,body,1531,1532,,,,,,,,,,,,,,,,,,,,,,,,,,,,,,,,,,,,,,,,
tlm,allocator_lane_action,388502,1554008000,75,75,155888,,,1,155888,0,,,,,,,,empty,,,,,,,,,,,,,,,,,,,,,,,,,,,,,,,,,,,,,
tlm,credit_return,388502,1554008000,75,75,,,,0,155888,1,0,,,,,142,143,,,,,,,,,,,,,,,,,,,,,,,,,,,,,,,,,,,,,,
tlm,handle_accept,388504,1554016000,75,75,155888,,,2,155888,1,1,63,,,,,,,,,,,,,,,,,,,,,,,,,,,,,,,,,,,,,,,,,,,
tlm,allocator_lane_action,388506,1554024000,75,75,155888,,,3,155888,0,,,,,,,,empty,,,,,,,,,,,,,,,,,,,,,,,,,,,,,,,,,,,,,
tlm,credit_return,388506,1554024000,75,75,,,,2,155888,1,0,,,,,98,99,,,,,,,,,,,,,,,,,,,,,,,,,,,,,,,,,,,,,,
tlm,allocator_fetch,388527,1554108000,75,75,155904,16,15,,,,,,,,,,,,,,,,,,,,,,,,,,,,,,,,,,,,,,,,,,,,,,,,
tlm,allocator_lane_action,388527,1554108000,75,75,155904,,,0,155904,0,,,,,,,,empty,,,,,,,,,,,,,,,,,,,,,,,,,,,,,,,,,,,,,
tlm,ticket_pop,388527,1554108000,75,75,,,,0,155904,0,,,body,1532,1533,,,,,,,,,,,,,,,,,,,,,,,,,,,,,,,,,,,,,,,,
tlm,ticket_pop,388527,1554108000,75,75,,,,1,155904,0,,,body,1532,1533,,,,,,,,,,,,,,,,,,,,,,,,,,,,,,,,,,,,,,,,
tlm,ticket_pop,388527,1554108000,75,75,,,,2,155904,1,,,body,1532,1533,,,,,,,,,,,,,,,,,,,,,,,,,,,,,,,,,,,,,,,,
tlm,ticket_pop,388527,1554108000,75,75,,,,3,155904,3,,,body,1532,1533,,,,,,,,,,,,,,,,,,,,,,,,,,,,,,,,,,,,,,,,
tlm,allocator_lane_action,388529,1554116000,75,75,155904,,,1,155904,0,,,,,,,,empty,,,,,,,,,,,,,,,,,,,,,,,,,,,,,,,,,,,,,
tlm,handle_accept,388531,1554124000,75,75,155904,,,2,155904,1,1,65,,,,,,,,,,,,,,,,,,,,,,,,,,,,,,,,,,,,,,,,,,,
tlm,credit_return,388533,1554132000,75,75,,,,2,155904,1,0,,,,,99,100,,,,,,,,,,,,,,,,,,,,,,,,,,,,,,,,,,,,,,
tlm,handle_accept,388533,1554132000,75,75,155904,,,3,155904,3,1,68,,,,,,,,,,,,,,,,,,,,,,,,,,,,,,,,,,,,,,,,,,,
tlm,credit_return,388537,1554148000,75,75,,,,3,155904,3,0,,,,,171,174,,,,,,,,,,,,,,,,,,,,,,,,,,,,,,,,,,,,,,
tlm,allocator_fetch,388554,1554216000,75,75,155920,17,15,,,,,,,,,,,,,,,,,,,,,,,,,,,,,,,,,,,,,,,,,,,,,,,,
tlm,handle_accept,388554,1554216000,75,75,155920,,,0,155920,1,1,70,,,,,,,,,,,,,,,,,,,,,,,,,,,,,,,,,,,,,,,,,,,
tlm,ticket_pop,388554,1554216000,75,75,,,,0,155920,1,,,body,1533,1534,,,,,,,,,,,,,,,,,,,,,,,,,,,,,,,,,,,,,,,,
tlm,ticket_pop,388554,1554216000,75,75,,,,1,155920,1,,,body,1533,1534,,,,,,,,,,,,,,,,,,,,,,,,,,,,,,,,,,,,,,,,
tlm,ticket_pop,388554,1554216000,75,75,,,,2,155920,0,,,body,1533,1534,,,,,,,,,,,,,,,,,,,,,,,,,,,,,,,,,,,,,,,,
tlm,ticket_pop,388554,1554216000,75,75,,,,3,155920,1,,,body,1533,1534,,,,,,,,,,,,,,,,,,,,,,,,,,,,,,,,,,,,,,,,
tlm,credit_return,388556,1554224000,75,75,,,,0,155920,1,0,,,,,143,144,,,,,,,,,,,,,,,,,,,,,,,,,,,,,,,,,,,,,,
tlm,handle_accept,388556,1554224000,75,75,155920,,,1,155920,1,1,71,,,,,,,,,,,,,,,,,,,,,,,,,,,,,,,,,,,,,,,,,,,
tlm,allocator_lane_action,388558,1554232000,75,75,155920,,,2,155920,0,,,,,,,,empty,,,,,,,,,,,,,,,,,,,,,,,,,,,,,,,,,,,,,
tlm,credit_return,388560,1554240000,75,75,,,,1,155920,1,0,,,,,72,73,,,,,,,,,,,,,,,,,,,,,,,,,,,,,,,,,,,,,,
tlm,handle_accept,388560,1554240000,75,75,155920,,,3,155920,1,1,72,,,,,,,,,,,,,,,,,,,,,,,,,,,,,,,,,,,,,,,,,,,
tlm,credit_return,388563,1554252000,75,75,,,,3,155920,1,0,,,,,174,175,,,,,,,,,,,,,,,,,,,,,,,,,,,,,,,,,,,,,,
tlm,allocator_fetch,388581,1554324000,75,75,155936,18,15,,,,,,,,,,,,,,,,,,,,,,,,,,,,,,,,,,,,,,,,,,,,,,,,
tlm,handle_accept,388581,1554324000,75,75,155936,,,0,155936,1,1,74,,,,,,,,,,,,,,,,,,,,,,,,,,,,,,,,,,,,,,,,,,,
tlm,ticket_pop,388581,1554324000,75,75,,,,0,155936,1,,,body,1534,1535,,,,,,,,,,,,,,,,,,,,,,,,,,,,,,,,,,,,,,,,
tlm,ticket_pop,388581,1554324000,75,75,,,,1,155936,1,,,body,1534,1535,,,,,,,,,,,,,,,,,,,,,,,,,,,,,,,,,,,,,,,,
tlm,ticket_pop,388581,1554324000,75,75,,,,2,155936,2,,,body,1534,1535,,,,,,,,,,,,,,,,,,,,,,,,,,,,,,,,,,,,,,,,
tlm,ticket_pop,388581,1554324000,75,75,,,,3,155936,1,,,body,1534,1535,,,,,,,,,,,,,,,,,,,,,,,,,,,,,,,,,,,,,,,,
tlm,credit_return,388583,1554332000,75,75,,,,0,155936,1,0,,,,,144,145,,,,,,,,,,,,,,,,,,,,,,,,,,,,,,,,,,,,,,
tlm,handle_accept,388583,1554332000,75,75,155936,,,1,155936,1,1,75,,,,,,,,,,,,,,,,,,,,,,,,,,,,,,,,,,,,,,,,,,,
tlm,handle_accept,388585,1554340000,75,75,155936,,,2,155936,2,1,77,,,,,,,,,,,,,,,,,,,,,,,,,,,,,,,,,,,,,,,,,,,
tlm,credit_return,388586,1554344000,75,75,,,,1,155936,1,0,,,,,73,74,,,,,,,,,,,,,,,,,,,,,,,,,,,,,,,,,,,,,,
tlm,handle_accept,388587,1554348000,75,75,155936,,,3,155936,1,1,78,,,,,,,,,,,,,,,,,,,,,,,,,,,,,,,,,,,,,,,,,,,
tlm,credit_return,388588,1554352000,75,75,,,,2,155936,2,0,,,,,100,102,,,,,,,,,,,,,,,,,,,,,,,,,,,,,,,,,,,,,,
tlm,credit_return,388591,1554364000,75,75,,,,3,155936,1,0,,,,,175,176,,,,,,,,,,,,,,,,,,,,,,,,,,,,,,,,,,,,,,
tlm,allocator_fetch,388608,1554432000,75,75,155952,19,15,,,,,,,,,,,,,,,,,,,,,,,,,,,,,,,,,,,,,,,,,,,,,,,,
tlm,allocator_lane_action,388608,1554432000,75,75,155952,,,0,155952,0,,,,,,,,empty,,,,,,,,,,,,,,,,,,,,,,,,,,,,,,,,,,,,,
tlm,ticket_pop,388608,1554432000,75,75,,,,0,155952,0,,,body,1535,1536,,,,,,,,,,,,,,,,,,,,,,,,,,,,,,,,,,,,,,,,
tlm,ticket_pop,388608,1554432000,75,75,,,,1,155952,2,,,body,1535,1536,,,,,,,,,,,,,,,,,,,,,,,,,,,,,,,,,,,,,,,,
tlm,ticket_pop,388608,1554432000,75,75,,,,2,155952,2,,,body,1535,1536,,,,,,,,,,,,,,,,,,,,,,,,,,,,,,,,,,,,,,,,
tlm,ticket_pop,388608,1554432000,75,75,,,,3,155952,1,,,body,1535,1536,,,,,,,,,,,,,,,,,,,,,,,,,,,,,,,,,,,,,,,,
tlm,handle_accept,388610,1554440000,75,75,155952,,,1,155952,2,1,81,,,,,,,,,,,,,,,,,,,,,,,,,,,,,,,,,,,,,,,,,,,
tlm,handle_accept,388612,1554448000,75,75,155952,,,2,155952,2,1,83,,,,,,,,,,,,,,,,,,,,,,,,,,,,,,,,,,,,,,,,,,,
tlm,credit_return,388613,1554452000,75,75,,,,1,155952,2,0,,,,,74,76,,,,,,,,,,,,,,,,,,,,,,,,,,,,,,,,,,,,,,
tlm,handle_accept,388614,1554456000,75,75,155952,,,3,155952,1,1,84,,,,,,,,,,,,,,,,,,,,,,,,,,,,,,,,,,,,,,,,,,,
tlm,credit_return,388617,1554468000,75,75,,,,2,155952,2,0,,,,,102,104,,,,,,,,,,,,,,,,,,,,,,,,,,,,,,,,,,,,,,
tlm,credit_return,388618,1554472000,75,75,,,,3,155952,1,0,,,,,176,177,,,,,,,,,,,,,,,,,,,,,,,,,,,,,,,,,,,,,,
tlm,allocator_fetch,388635,1554540000,75,75,155968,20,15,,,,,,,,,,,,,,,,,,,,,,,,,,,,,,,,,,,,,,,,,,,,,,,,
tlm,handle_accept,388635,1554540000,75,75,155968,,,0,155968,1,1,86,,,,,,,,,,,,,,,,,,,,,,,,,,,,,,,,,,,,,,,,,,,
tlm,ticket_pop,388635,1554540000,75,75,,,,0,155968,1,,,body,1536,1537,,,,,,,,,,,,,,,,,,,,,,,,,,,,,,,,,,,,,,,,
tlm,ticket_pop,388635,1554540000,75,75,,,,1,155968,1,,,body,1536,1537,,,,,,,,,,,,,,,,,,,,,,,,,,,,,,,,,,,,,,,,
tlm,ticket_pop,388635,1554540000,75,75,,,,2,155968,2,,,body,1536,1537,,,,,,,,,,,,,,,,,,,,,,,,,,,,,,,,,,,,,,,,
tlm,ticket_pop,388635,1554540000,75,75,,,,3,155968,0,,,body,1536,1537,,,,,,,,,,,,,,,,,,,,,,,,,,,,,,,,,,,,,,,,
tlm,credit_return,388637,1554548000,75,75,,,,0,155968,1,0,,,,,145,146,,,,,,,,,,,,,,,,,,,,,,,,,,,,,,,,,,,,,,
tlm,handle_accept,388637,1554548000,75,75,155968,,,1,155968,1,1,87,,,,,,,,,,,,,,,,,,,,,,,,,,,,,,,,,,,,,,,,,,,
tlm,handle_accept,388639,1554556000,75,75,155968,,,2,155968,2,1,89,,,,,,,,,,,,,,,,,,,,,,,,,,,,,,,,,,,,,,,,,,,
tlm,credit_return,388640,1554560000,75,75,,,,1,155968,1,0,,,,,76,77,,,,,,,,,,,,,,,,,,,,,,,,,,,,,,,,,,,,,,
tlm,allocator_lane_action,388641,1554564000,75,75,155968,,,3,155968,0,,,,,,,,empty,,,,,,,,,,,,,,,,,,,,,,,,,,,,,,,,,,,,,
tlm,credit_return,388642,1554568000,75,75,,,,2,155968,2,0,,,,,104,106,,,,,,,,,,,,,,,,,,,,,,,,,,,,,,,,,,,,,,
tlm,allocator_fetch,388662,1554648000,75,75,155984,21,15,,,,,,,,,,,,,,,,,,,,,,,,,,,,,,,,,,,,,,,,,,,,,,,,
tlm,allocator_lane_action,388662,1554648000,75,75,155984,,,0,155984,0,,,,,,,,empty,,,,,,,,,,,,,,,,,,,,,,,,,,,,,,,,,,,,,
tlm,ticket_pop,388662,1554648000,75,75,,,,0,155984,0,,,body,1537,1538,,,,,,,,,,,,,,,,,,,,,,,,,,,,,,,,,,,,,,,,
tlm,ticket_pop,388662,1554648000,75,75,,,,1,155984,0,,,body,1537,1538,,,,,,,,,,,,,,,,,,,,,,,,,,,,,,,,,,,,,,,,
tlm,ticket_pop,388662,1554648000,75,75,,,,2,155984,0,,,body,1537,1538,,,,,,,,,,,,,,,,,,,,,,,,,,,,,,,,,,,,,,,,
tlm,ticket_pop,388662,1554648000,75,75,,,,3,155984,1,,,body,1537,1538,,,,,,,,,,,,,,,,,,,,,,,,,,,,,,,,,,,,,,,,
tlm,allocator_lane_action,388664,1554656000,75,75,155984,,,1,155984,0,,,,,,,,empty,,,,,,,,,,,,,,,,,,,,,,,,,,,,,,,,,,,,,
tlm,allocator_lane_action,388666,1554664000,75,75,155984,,,2,155984,0,,,,,,,,empty,,,,,,,,,,,,,,,,,,,,,,,,,,,,,,,,,,,,,
tlm,handle_accept,388668,1554672000,75,75,155984,,,3,155984,1,1,91,,,,,,,,,,,,,,,,,,,,,,,,,,,,,,,,,,,,,,,,,,,
tlm,credit_return,388670,1554680000,75,75,,,,3,155984,1,0,,,,,177,178,,,,,,,,,,,,,,,,,,,,,,,,,,,,,,,,,,,,,,
tlm,allocator_fetch,388689,1554756000,75,75,156000,22,15,,,,,,,,,,,,,,,,,,,,,,,,,,,,,,,,,,,,,,,,,,,,,,,,
tlm,handle_accept,388689,1554756000,75,75,156000,,,0,156000,1,1,93,,,,,,,,,,,,,,,,,,,,,,,,,,,,,,,,,,,,,,,,,,,
tlm,ticket_pop,388689,1554756000,75,75,,,,0,156000,1,,,body,1538,1539,,,,,,,,,,,,,,,,,,,,,,,,,,,,,,,,,,,,,,,,
tlm,ticket_pop,388689,1554756000,75,75,,,,1,156000,1,,,body,1538,1539,,,,,,,,,,,,,,,,,,,,,,,,,,,,,,,,,,,,,,,,
tlm,ticket_pop,388689,1554756000,75,75,,,,2,156000,1,,,body,1538,1539,,,,,,,,,,,,,,,,,,,,,,,,,,,,,,,,,,,,,,,,
tlm,ticket_pop,388689,1554756000,75,75,,,,3,156000,1,,,body,1538,1539,,,,,,,,,,,,,,,,,,,,,,,,,,,,,,,,,,,,,,,,
tlm,credit_return,388691,1554764000,75,75,,,,0,156000,1,0,,,,,146,147,,,,,,,,,,,,,,,,,,,,,,,,,,,,,,,,,,,,,,
tlm,handle_accept,388691,1554764000,75,75,156000,,,1,156000,1,1,94,,,,,,,,,,,,,,,,,,,,,,,,,,,,,,,,,,,,,,,,,,,
tlm,handle_accept,388693,1554772000,75,75,156000,,,2,156000,1,1,95,,,,,,,,,,,,,,,,,,,,,,,,,,,,,,,,,,,,,,,,,,,
tlm,credit_return,388694,1554776000,75,75,,,,1,156000,1,0,,,,,77,78,,,,,,,,,,,,,,,,,,,,,,,,,,,,,,,,,,,,,,
tlm,credit_return,388695,1554780000,75,75,,,,2,156000,1,0,,,,,106,107,,,,,,,,,,,,,,,,,,,,,,,,,,,,,,,,,,,,,,
tlm,handle_accept,388695,1554780000,75,75,156000,,,3,156000,1,1,96,,,,,,,,,,,,,,,,,,,,,,,,,,,,,,,,,,,,,,,,,,,
tlm,credit_return,388698,1554792000,75,75,,,,3,156000,1,0,,,,,178,179,,,,,,,,,,,,,,,,,,,,,,,,,,,,,,,,,,,,,,
tlm,allocator_fetch,388716,1554864000,75,75,156016,23,15,,,,,,,,,,,,,,,,,,,,,,,,,,,,,,,,,,,,,,,,,,,,,,,,
tlm,handle_accept,388716,1554864000,75,75,156016,,,0,156016,2,1,99,,,,,,,,,,,,,,,,,,,,,,,,,,,,,,,,,,,,,,,,,,,
tlm,ticket_pop,388716,1554864000,75,75,,,,0,156016,2,,,body,1539,1540,,,,,,,,,,,,,,,,,,,,,,,,,,,,,,,,,,,,,,,,
tlm,ticket_pop,388716,1554864000,75,75,,,,1,156016,2,,,body,1539,1540,,,,,,,,,,,,,,,,,,,,,,,,,,,,,,,,,,,,,,,,
tlm,ticket_pop,388716,1554864000,75,75,,,,2,156016,1,,,body,1539,1540,,,,,,,,,,,,,,,,,,,,,,,,,,,,,,,,,,,,,,,,
tlm,ticket_pop,388716,1554864000,75,75,,,,3,156016,0,,,body,1539,1540,,,,,,,,,,,,,,,,,,,,,,,,,,,,,,,,,,,,,,,,
tlm,handle_accept,388718,1554872000,75,75,156016,,,1,156016,2,1,101,,,,,,,,,,,,,,,,,,,,,,,,,,,,,,,,,,,,,,,,,,,
tlm,credit_return,388719,1554876000,75,75,,,,0,156016,2,0,,,,,147,149,,,,,,,,,,,,,,,,,,,,,,,,,,,,,,,,,,,,,,
tlm,handle_accept,388720,1554880000,75,75,156016,,,2,156016,1,1,102,,,,,,,,,,,,,,,,,,,,,,,,,,,,,,,,,,,,,,,,,,,
tlm,allocator_lane_action,388722,1554888000,75,75,156016,,,3,156016,0,,,,,,,,empty,,,,,,,,,,,,,,,,,,,,,,,,,,,,,,,,,,,,,
tlm,credit_return,388723,1554892000,75,75,,,,1,156016,2,0,,,,,78,80,,,,,,,,,,,,,,,,,,,,,,,,,,,,,,,,,,,,,,
tlm,credit_return,388724,1554896000,75,75,,,,2,156016,1,0,,,,,107,108,,,,,,,,,,,,,,,,,,,,,,,,,,,,,,,,,,,,,,
tlm,allocator_fetch,388743,1554972000,75,75,156032,24,15,,,,,,,,,,,,,,,,,,,,,,,,,,,,,,,,,,,,,,,,,,,,,,,,
tlm,handle_accept,388743,1554972000,75,75,156032,,,0,156032,2,1,105,,,,,,,,,,,,,,,,,,,,,,,,,,,,,,,,,,,,,,,,,,,
tlm,ticket_pop,388743,1554972000,75,75,,,,0,156032,2,,,body,1540,1541,,,,,,,,,,,,,,,,,,,,,,,,,,,,,,,,,,,,,,,,
tlm,ticket_pop,388743,1554972000,75,75,,,,1,156032,0,,,body,1540,1541,,,,,,,,,,,,,,,,,,,,,,,,,,,,,,,,,,,,,,,,
tlm,ticket_pop,388743,1554972000,75,75,,,,2,156032,0,,,body,1540,1541,,,,,,,,,,,,,,,,,,,,,,,,,,,,,,,,,,,,,,,,
tlm,ticket_pop,388743,1554972000,75,75,,,,3,156032,1,,,body,1540,1541,,,,,,,,,,,,,,,,,,,,,,,,,,,,,,,,,,,,,,,,
tlm,allocator_lane_action,388745,1554980000,75,75,156032,,,1,156032,0,,,,,,,,empty,,,,,,,,,,,,,,,,,,,,,,,,,,,,,,,,,,,,,
tlm,credit_return,388746,1554984000,75,75,,,,0,156032,2,0,,,,,149,151,,,,,,,,,,,,,,,,,,,,,,,,,,,,,,,,,,,,,,
tlm,allocator_lane_action,388747,1554988000,75,75,156032,,,2,156032,0,,,,,,,,empty,,,,,,,,,,,,,,,,,,,,,,,,,,,,,,,,,,,,,
tlm,handle_accept,388749,1554996000,75,75,156032,,,3,156032,1,1,106,,,,,,,,,,,,,,,,,,,,,,,,,,,,,,,,,,,,,,,,,,,
tlm,credit_return,388751,1555004000,75,75,,,,3,156032,1,0,,,,,179,180,,,,,,,,,,,,,,,,,,,,,,,,,,,,,,,,,,,,,,
tlm,allocator_fetch,388770,1555080000,75,75,156048,25,15,,,,,,,,,,,,,,,,,,,,,,,,,,,,,,,,,,,,,,,,,,,,,,,,
tlm,handle_accept,388770,1555080000,75,75,156048,,,0,156048,1,1,108,,,,,,,,,,,,,,,,,,,,,,,,,,,,,,,,,,,,,,,,,,,
tlm,ticket_pop,388770,1555080000,75,75,,,,0,156048,1,,,body,1541,1542,,,,,,,,,,,,,,,,,,,,,,,,,,,,,,,,,,,,,,,,
tlm,ticket_pop,388770,1555080000,75,75,,,,1,156048,0,,,body,1541,1542,,,,,,,,,,,,,,,,,,,,,,,,,,,,,,,,,,,,,,,,
tlm,ticket_pop,388770,1555080000,75,75,,,,2,156048,0,,,body,1541,1542,,,,,,,,,,,,,,,,,,,,,,,,,,,,,,,,,,,,,,,,
tlm,ticket_pop,388770,1555080000,75,75,,,,3,156048,0,,,body,1541,1542,,,,,,,,,,,,,,,,,,,,,,,,,,,,,,,,,,,,,,,,
tlm,allocator_lane_action,388772,1555088000,75,75,156048,,,1,156048,0,,,,,,,,empty,,,,,,,,,,,,,,,,,,,,,,,,,,,,,,,,,,,,,
tlm,credit_return,388772,1555088000,75,75,,,,0,156048,1,0,,,,,151,152,,,,,,,,,,,,,,,,,,,,,,,,,,,,,,,,,,,,,,
tlm,allocator_lane_action,388774,1555096000,75,75,156048,,,2,156048,0,,,,,,,,empty,,,,,,,,,,,,,,,,,,,,,,,,,,,,,,,,,,,,,
tlm,allocator_lane_action,388776,1555104000,75,75,156048,,,3,156048,0,,,,,,,,empty,,,,,,,,,,,,,,,,,,,,,,,,,,,,,,,,,,,,,
tlm,allocator_fetch,388797,1555188000,75,75,156064,26,15,,,,,,,,,,,,,,,,,,,,,,,,,,,,,,,,,,,,,,,,,,,,,,,,
tlm,handle_accept,388797,1555188000,75,75,156064,,,0,156064,1,1,110,,,,,,,,,,,,,,,,,,,,,,,,,,,,,,,,,,,,,,,,,,,
tlm,ticket_pop,388797,1555188000,75,75,,,,0,156064,1,,,body,1542,1543,,,,,,,,,,,,,,,,,,,,,,,,,,,,,,,,,,,,,,,,
tlm,ticket_pop,388797,1555188000,75,75,,,,1,156064,2,,,body,1542,1543,,,,,,,,,,,,,,,,,,,,,,,,,,,,,,,,,,,,,,,,
tlm,ticket_pop,388797,1555188000,75,75,,,,2,156064,3,,,body,1542,1543,,,,,,,,,,,,,,,,,,,,,,,,,,,,,,,,,,,,,,,,
tlm,ticket_pop,388797,1555188000,75,75,,,,3,156064,0,,,body,1542,1543,,,,,,,,,,,,,,,,,,,,,,,,,,,,,,,,,,,,,,,,
tlm,credit_return,388799,1555196000,75,75,,,,0,156064,1,0,,,,,152,153,,,,,,,,,,,,,,,,,,,,,,,,,,,,,,,,,,,,,,
tlm,handle_accept,388799,1555196000,75,75,156064,,,1,156064,2,1,112,,,,,,,,,,,,,,,,,,,,,,,,,,,,,,,,,,,,,,,,,,,
tlm,handle_accept,388801,1555204000,75,75,156064,,,2,156064,3,1,115,,,,,,,,,,,,,,,,,,,,,,,,,,,,,,,,,,,,,,,,,,,
tlm,credit_return,388802,1555208000,75,75,,,,1,156064,2,0,,,,,80,82,,,,,,,,,,,,,,,,,,,,,,,,,,,,,,,,,,,,,,
tlm,allocator_lane_action,388803,1555212000,75,75,156064,,,3,156064,0,,,,,,,,empty,,,,,,,,,,,,,,,,,,,,,,,,,,,,,,,,,,,,,
tlm,credit_return,388807,1555228000,75,75,,,,2,156064,3,0,,,,,108,111,,,,,,,,,,,,,,,,,,,,,,,,,,,,,,,,,,,,,,
tlm,allocator_fetch,388824,1555296000,75,75,156080,27,15,,,,,,,,,,,,,,,,,,,,,,,,,,,,,,,,,,,,,,,,,,,,,,,,
tlm,handle_accept,388824,1555296000,75,75,156080,,,0,156080,2,1,118,,,,,,,,,,,,,,,,,,,,,,,,,,,,,,,,,,,,,,,,,,,
tlm,ticket_pop,388824,1555296000,75,75,,,,0,156080,2,,,body,1543,1544,,,,,,,,,,,,,,,,,,,,,,,,,,,,,,,,,,,,,,,,
tlm,ticket_pop,388824,1555296000,75,75,,,,1,156080,1,,,body,1543,1544,,,,,,,,,,,,,,,,,,,,,,,,,,,,,,,,,,,,,,,,
tlm,ticket_pop,388824,1555296000,75,75,,,,2,156080,1,,,body,1543,1544,,,,,,,,,,,,,,,,,,,,,,,,,,,,,,,,,,,,,,,,
tlm,ticket_pop,388824,1555296000,75,75,,,,3,156080,1,,,body,1543,1544,,,,,,,,,,,,,,,,,,,,,,,,,,,,,,,,,,,,,,,,
tlm,handle_accept,388826,1555304000,75,75,156080,,,1,156080,1,1,119,,,,,,,,,,,,,,,,,,,,,,,,,,,,,,,,,,,,,,,,,,,
tlm,credit_return,388827,1555308000,75,75,,,,0,156080,2,0,,,,,153,155,,,,,,,,,,,,,,,,,,,,,,,,,,,,,,,,,,,,,,
tlm,handle_accept,388828,1555312000,75,75,156080,,,2,156080,1,1,120,,,,,,,,,,,,,,,,,,,,,,,,,,,,,,,,,,,,,,,,,,,
tlm,credit_return,388830,1555320000,75,75,,,,1,156080,1,0,,,,,82,83,,,,,,,,,,,,,,,,,,,,,,,,,,,,,,,,,,,,,,
tlm,handle_accept,388830,1555320000,75,75,156080,,,3,156080,1,1,121,,,,,,,,,,,,,,,,,,,,,,,,,,,,,,,,,,,,,,,,,,,
tlm,credit_return,388831,1555324000,75,75,,,,2,156080,1,0,,,,,111,112,,,,,,,,,,,,,,,,,,,,,,,,,,,,,,,,,,,,,,
tlm,credit_return,388834,1555336000,75,75,,,,3,156080,1,0,,,,,180,181,,,,,,,,,,,,,,,,,,,,,,,,,,,,,,,,,,,,,,
tlm,allocator_fetch,388851,1555404000,75,75,156096,28,15,,,,,,,,,,,,,,,,,,,,,,,,,,,,,,,,,,,,,,,,,,,,,,,,
tlm,handle_accept,388851,1555404000,75,75,156096,,,0,156096,1,1,123,,,,,,,,,,,,,,,,,,,,,,,,,,,,,,,,,,,,,,,,,,,
tlm,ticket_pop,388851,1555404000,75,75,,,,0,156096,1,,,body,1544,1545,,,,,,,,,,,,,,,,,,,,,,,,,,,,,,,,,,,,,,,,
tlm,ticket_pop,388851,1555404000,75,75,,,,1,156096,0,,,body,1544,1545,,,,,,,,,,,,,,,,,,,,,,,,,,,,,,,,,,,,,,,,
tlm,ticket_pop,388851,1555404000,75,75,,,,2,156096,0,,,body,1544,1545,,,,,,,,,,,,,,,,,,,,,,,,,,,,,,,,,,,,,,,,
tlm,ticket_pop,388851,1555404000,75,75,,,,3,156096,0,,,body,1544,1545,,,,,,,,,,,,,,,,,,,,,,,,,,,,,,,,,,,,,,,,
tlm,allocator_lane_action,388853,1555412000,75,75,156096,,,1,156096,0,,,,,,,,empty,,,,,,,,,,,,,,,,,,,,,,,,,,,,,,,,,,,,,
tlm,credit_return,388853,1555412000,75,75,,,,0,156096,1,0,,,,,155,156,,,,,,,,,,,,,,,,,,,,,,,,,,,,,,,,,,,,,,
tlm,allocator_lane_action,388855,1555420000,75,75,156096,,,2,156096,0,,,,,,,,empty,,,,,,,,,,,,,,,,,,,,,,,,,,,,,,,,,,,,,
tlm,allocator_lane_action,388857,1555428000,75,75,156096,,,3,156096,0,,,,,,,,empty,,,,,,,,,,,,,,,,,,,,,,,,,,,,,,,,,,,,,
tlm,allocator_fetch,388878,1555512000,75,75,156112,29,15,,,,,,,,,,,,,,,,,,,,,,,,,,,,,,,,,,,,,,,,,,,,,,,,
tlm,handle_accept,388878,1555512000,75,75,156112,,,0,156112,2,1,126,,,,,,,,,,,,,,,,,,,,,,,,,,,,,,,,,,,,,,,,,,,
tlm,ticket_pop,388878,1555512000,75,75,,,,0,156112,2,,,body,1545,1546,,,,,,,,,,,,,,,,,,,,,,,,,,,,,,,,,,,,,,,,
tlm,ticket_pop,388878,1555512000,75,75,,,,1,156112,0,,,body,1545,1546,,,,,,,,,,,,,,,,,,,,,,,,,,,,,,,,,,,,,,,,
tlm,ticket_pop,388878,1555512000,75,75,,,,2,156112,0,,,body,1545,1546,,,,,,,,,,,,,,,,,,,,,,,,,,,,,,,,,,,,,,,,
tlm,ticket_pop,388878,1555512000,75,75,,,,3,156112,0,,,body,1545,1546,,,,,,,,,,,,,,,,,,,,,,,,,,,,,,,,,,,,,,,,
tlm,allocator_lane_action,388880,1555520000,75,75,156112,,,1,156112,0,,,,,,,,empty,,,,,,,,,,,,,,,,,,,,,,,,,,,,,,,,,,,,,
tlm,credit_return,388881,1555524000,75,75,,,,0,156112,2,0,,,,,156,158,,,,,,,,,,,,,,,,,,,,,,,,,,,,,,,,,,,,,,
tlm,allocator_lane_action,388882,1555528000,75,75,156112,,,2,156112,0,,,,,,,,empty,,,,,,,,,,,,,,,,,,,,,,,,,,,,,,,,,,,,,
tlm,allocator_lane_action,388884,1555536000,75,75,156112,,,3,156112,0,,,,,,,,empty,,,,,,,,,,,,,,,,,,,,,,,,,,,,,,,,,,,,,
tlm,allocator_fetch,388905,1555620000,75,75,156128,30,15,,,,,,,,,,,,,,,,,,,,,,,,,,,,,,,,,,,,,,,,,,,,,,,,
tlm,allocator_lane_action,388905,1555620000,75,75,156128,,,0,156128,0,,,,,,,,empty,,,,,,,,,,,,,,,,,,,,,,,,,,,,,,,,,,,,,
tlm,ticket_pop,388905,1555620000,75,75,,,,0,156128,0,,,body,1546,1547,,,,,,,,,,,,,,,,,,,,,,,,,,,,,,,,,,,,,,,,
tlm,ticket_pop,388905,1555620000,75,75,,,,1,156128,1,,,body,1546,1547,,,,,,,,,,,,,,,,,,,,,,,,,,,,,,,,,,,,,,,,
tlm,ticket_pop,388905,1555620000,75,75,,,,2,156128,1,,,body,1546,1547,,,,,,,,,,,,,,,,,,,,,,,,,,,,,,,,,,,,,,,,
tlm,ticket_pop,388905,1555620000,75,75,,,,3,156128,1,,,body,1546,1547,,,,,,,,,,,,,,,,,,,,,,,,,,,,,,,,,,,,,,,,
tlm,handle_accept,388907,1555628000,75,75,156128,,,1,156128,1,1,128,,,,,,,,,,,,,,,,,,,,,,,,,,,,,,,,,,,,,,,,,,,
tlm,credit_return,388909,1555636000,75,75,,,,1,156128,1,0,,,,,83,84,,,,,,,,,,,,,,,,,,,,,,,,,,,,,,,,,,,,,,
tlm,handle_accept,388909,1555636000,75,75,156128,,,2,156128,1,1,129,,,,,,,,,,,,,,,,,,,,,,,,,,,,,,,,,,,,,,,,,,,
tlm,handle_accept,388911,1555644000,75,75,156128,,,3,156128,1,1,130,,,,,,,,,,,,,,,,,,,,,,,,,,,,,,,,,,,,,,,,,,,
tlm,credit_return,388912,1555648000,75,75,,,,2,156128,1,0,,,,,112,113,,,,,,,,,,,,,,,,,,,,,,,,,,,,,,,,,,,,,,
tlm,credit_return,388913,1555652000,75,75,,,,3,156128,1,0,,,,,181,182,,,,,,,,,,,,,,,,,,,,,,,,,,,,,,,,,,,,,,
tlm,allocator_fetch,388932,1555728000,75,75,156144,31,15,,,,,,,,,,,,,,,,,,,,,,,,,,,,,,,,,,,,,,,,,,,,,,,,
tlm,allocator_lane_action,388932,1555728000,75,75,156144,,,0,156144,0,,,,,,,,empty,,,,,,,,,,,,,,,,,,,,,,,,,,,,,,,,,,,,,
tlm,ticket_pop,388932,1555728000,75,75,,,,0,156144,0,,,body,1547,1548,,,,,,,,,,,,,,,,,,,,,,,,,,,,,,,,,,,,,,,,
tlm,ticket_pop,388932,1555728000,75,75,,,,1,156144,0,,,body,1547,1548,,,,,,,,,,,,,,,,,,,,,,,,,,,,,,,,,,,,,,,,
tlm,ticket_pop,388932,1555728000,75,75,,,,2,156144,1,,,body,1547,1548,,,,,,,,,,,,,,,,,,,,,,,,,,,,,,,,,,,,,,,,
tlm,ticket_pop,388932,1555728000,75,75,,,,3,156144,1,,,body,1547,1548,,,,,,,,,,,,,,,,,,,,,,,,,,,,,,,,,,,,,,,,
tlm,allocator_lane_action,388934,1555736000,75,75,156144,,,1,156144,0,,,,,,,,empty,,,,,,,,,,,,,,,,,,,,,,,,,,,,,,,,,,,,,
tlm,handle_accept,388936,1555744000,75,75,156144,,,2,156144,1,1,132,,,,,,,,,,,,,,,,,,,,,,,,,,,,,,,,,,,,,,,,,,,
tlm,credit_return,388938,1555752000,75,75,,,,2,156144,1,0,,,,,113,114,,,,,,,,,,,,,,,,,,,,,,,,,,,,,,,,,,,,,,
tlm,handle_accept,388938,1555752000,75,75,156144,,,3,156144,1,1,133,,,,,,,,,,,,,,,,,,,,,,,,,,,,,,,,,,,,,,,,,,,
tlm,credit_return,388941,1555764000,75,75,,,,3,156144,1,0,,,,,182,183,,,,,,,,,,,,,,,,,,,,,,,,,,,,,,,,,,,,,,
tlm,allocator_fetch,388959,1555836000,75,75,156160,32,15,,,,,,,,,,,,,,,,,,,,,,,,,,,,,,,,,,,,,,,,,,,,,,,,
tlm,allocator_lane_action,388959,1555836000,75,75,156160,,,0,156160,0,,,,,,,,empty,,,,,,,,,,,,,,,,,,,,,,,,,,,,,,,,,,,,,
tlm,ticket_pop,388959,1555836000,75,75,,,,0,156160,0,,,body,1548,1549,,,,,,,,,,,,,,,,,,,,,,,,,,,,,,,,,,,,,,,,
tlm,ticket_pop,388959,1555836000,75,75,,,,1,156160,0,,,body,1548,1549,,,,,,,,,,,,,,,,,,,,,,,,,,,,,,,,,,,,,,,,
tlm,ticket_pop,388959,1555836000,75,75,,,,2,156160,0,,,body,1548,1549,,,,,,,,,,,,,,,,,,,,,,,,,,,,,,,,,,,,,,,,
tlm,ticket_pop,388959,1555836000,75,75,,,,3,156160,1,,,body,1548,1549,,,,,,,,,,,,,,,,,,,,,,,,,,,,,,,,,,,,,,,,
tlm,allocator_lane_action,388961,1555844000,75,75,156160,,,1,156160,0,,,,,,,,empty,,,,,,,,,,,,,,,,,,,,,,,,,,,,,,,,,,,,,
tlm,allocator_lane_action,388963,1555852000,75,75,156160,,,2,156160,0,,,,,,,,empty,,,,,,,,,,,,,,,,,,,,,,,,,,,,,,,,,,,,,
tlm,handle_accept,388965,1555860000,75,75,156160,,,3,156160,1,1,135,,,,,,,,,,,,,,,,,,,,,,,,,,,,,,,,,,,,,,,,,,,
tlm,credit_return,388967,1555868000,75,75,,,,3,156160,1,0,,,,,183,184,,,,,,,,,,,,,,,,,,,,,,,,,,,,,,,,,,,,,,
tlm,allocator_fetch,388986,1555944000,75,75,156176,33,15,,,,,,,,,,,,,,,,,,,,,,,,,,,,,,,,,,,,,,,,,,,,,,,,
tlm,allocator_lane_action,388986,1555944000,75,75,156176,,,0,156176,0,,,,,,,,empty,,,,,,,,,,,,,,,,,,,,,,,,,,,,,,,,,,,,,
tlm,ticket_pop,388986,1555944000,75,75,,,,0,156176,0,,,body,1549,1550,,,,,,,,,,,,,,,,,,,,,,,,,,,,,,,,,,,,,,,,
tlm,ticket_pop,388986,1555944000,75,75,,,,1,156176,3,,,body,1549,1550,,,,,,,,,,,,,,,,,,,,,,,,,,,,,,,,,,,,,,,,
tlm,ticket_pop,388986,1555944000,75,75,,,,2,156176,1,,,body,1549,1550,,,,,,,,,,,,,,,,,,,,,,,,,,,,,,,,,,,,,,,,
tlm,ticket_pop,388986,1555944000,75,75,,,,3,156176,2,,,body,1549,1550,,,,,,,,,,,,,,,,,,,,,,,,,,,,,,,,,,,,,,,,
tlm,handle_accept,388988,1555952000,75,75,156176,,,1,156176,3,1,139,,,,,,,,,,,,,,,,,,,,,,,,,,,,,,,,,,,,,,,,,,,
tlm,handle_accept,388990,1555960000,75,75,156176,,,2,156176,1,1,140,,,,,,,,,,,,,,,,,,,,,,,,,,,,,,,,,,,,,,,,,,,
tlm,credit_return,388992,1555968000,75,75,,,,1,156176,3,0,,,,,84,87,,,,,,,,,,,,,,,,,,,,,,,,,,,,,,,,,,,,,,
tlm,handle_accept,388992,1555968000,75,75,156176,,,3,156176,2,1,142,,,,,,,,,,,,,,,,,,,,,,,,,,,,,,,,,,,,,,,,,,,
tlm,credit_return,388995,1555980000,75,75,,,,2,156176,1,0,,,,,114,115,,,,,,,,,,,,,,,,,,,,,,,,,,,,,,,,,,,,,,
tlm,credit_return,388997,1555988000,75,75,,,,3,156176,2,0,,,,,184,186,,,,,,,,,,,,,,,,,,,,,,,,,,,,,,,,,,,,,,
tlm,allocator_fetch,389013,1556052000,75,75,156192,34,15,,,,,,,,,,,,,,,,,,,,,,,,,,,,,,,,,,,,,,,,,,,,,,,,
tlm,allocator_lane_action,389013,1556052000,75,75,156192,,,0,156192,0,,,,,,,,empty,,,,,,,,,,,,,,,,,,,,,,,,,,,,,,,,,,,,,
tlm,ticket_pop,389013,1556052000,75,75,,,,0,156192,0,,,body,1550,1551,,,,,,,,,,,,,,,,,,,,,,,,,,,,,,,,,,,,,,,,
tlm,ticket_pop,389013,1556052000,75,75,,,,1,156192,1,,,body,1550,1551,,,,,,,,,,,,,,,,,,,,,,,,,,,,,,,,,,,,,,,,
tlm,ticket_pop,389013,1556052000,75,75,,,,2,156192,1,,,body,1550,1551,,,,,,,,,,,,,,,,,,,,,,,,,,,,,,,,,,,,,,,,
tlm,ticket_pop,389013,1556052000,75,75,,,,3,156192,1,,,body,1550,1551,,,,,,,,,,,,,,,,,,,,,,,,,,,,,,,,,,,,,,,,
tlm,handle_accept,389015,1556060000,75,75,156192,,,1,156192,1,1,144,,,,,,,,,,,,,,,,,,,,,,,,,,,,,,,,,,,,,,,,,,,
tlm,credit_return,389017,1556068000,75,75,,,,1,156192,1,0,,,,,87,88,,,,,,,,,,,,,,,,,,,,,,,,,,,,,,,,,,,,,,
tlm,handle_accept,389017,1556068000,75,75,156192,,,2,156192,1,1,145,,,,,,,,,,,,,,,,,,,,,,,,,,,,,,,,,,,,,,,,,,,
tlm,handle_accept,389019,1556076000,75,75,156192,,,3,156192,1,1,146,,,,,,,,,,,,,,,,,,,,,,,,,,,,,,,,,,,,,,,,,,,
tlm,credit_return,389020,1556080000,75,75,,,,2,156192,1,0,,,,,115,116,,,,,,,,,,,,,,,,,,,,,,,,,,,,,,,,,,,,,,
tlm,credit_return,389021,1556084000,75,75,,,,3,156192,1,0,,,,,186,187,,,,,,,,,,,,,,,,,,,,,,,,,,,,,,,,,,,,,,
tlm,allocator_fetch,389040,1556160000,75,75,156208,35,15,,,,,,,,,,,,,,,,,,,,,,,,,,,,,,,,,,,,,,,,,,,,,,,,
tlm,allocator_lane_action,389040,1556160000,75,75,156208,,,0,156208,0,,,,,,,,empty,,,,,,,,,,,,,,,,,,,,,,,,,,,,,,,,,,,,,
tlm,ticket_pop,389040,1556160000,75,75,,,,0,156208,0,,,body,1551,1552,,,,,,,,,,,,,,,,,,,,,,,,,,,,,,,,,,,,,,,,
tlm,ticket_pop,389040,1556160000,75,75,,,,1,156208,1,,,body,1551,1552,,,,,,,,,,,,,,,,,,,,,,,,,,,,,,,,,,,,,,,,
tlm,ticket_pop,389040,1556160000,75,75,,,,2,156208,4,,,body,1551,1552,,,,,,,,,,,,,,,,,,,,,,,,,,,,,,,,,,,,,,,,
tlm,ticket_pop,389040,1556160000,75,75,,,,3,156208,0,,,body,1551,1552,,,,,,,,,,,,,,,,,,,,,,,,,,,,,,,,,,,,,,,,
tlm,handle_accept,389042,1556168000,75,75,156208,,,1,156208,1,1,148,,,,,,,,,,,,,,,,,,,,,,,,,,,,,,,,,,,,,,,,,,,
tlm,credit_return,389044,1556176000,75,75,,,,1,156208,1,0,,,,,88,89,,,,,,,,,,,,,,,,,,,,,,,,,,,,,,,,,,,,,,
tlm,handle_accept,389044,1556176000,75,75,156208,,,2,156208,4,1,152,,,,,,,,,,,,,,,,,,,,,,,,,,,,,,,,,,,,,,,,,,,
tlm,allocator_lane_action,389046,1556184000,75,75,156208,,,3,156208,0,,,,,,,,empty,,,,,,,,,,,,,,,,,,,,,,,,,,,,,,,,,,,,,
tlm,credit_return,389050,1556200000,75,75,,,,2,156208,4,0,,,,,116,120,,,,,,,,,,,,,,,,,,,,,,,,,,,,,,,,,,,,,,
tlm,allocator_fetch,389067,1556268000,75,75,156224,36,15,,,,,,,,,,,,,,,,,,,,,,,,,,,,,,,,,,,,,,,,,,,,,,,,
tlm,handle_accept,389067,1556268000,75,75,156224,,,0,156224,1,1,154,,,,,,,,,,,,,,,,,,,,,,,,,,,,,,,,,,,,,,,,,,,
tlm,ticket_pop,389067,1556268000,75,75,,,,0,156224,1,,,body,1552,1553,,,,,,,,,,,,,,,,,,,,,,,,,,,,,,,,,,,,,,,,
tlm,ticket_pop,389067,1556268000,75,75,,,,1,156224,0,,,body,1552,1553,,,,,,,,,,,,,,,,,,,,,,,,,,,,,,,,,,,,,,,,
tlm,ticket_pop,389067,1556268000,75,75,,,,2,156224,1,,,body,1552,1553,,,,,,,,,,,,,,,,,,,,,,,,,,,,,,,,,,,,,,,,
tlm,ticket_pop,389067,1556268000,75,75,,,,3,156224,0,,,body,1552,1553,,,,,,,,,,,,,,,,,,,,,,,,,,,,,,,,,,,,,,,,
tlm,allocator_lane_action,389069,1556276000,75,75,156224,,,1,156224,0,,,,,,,,empty,,,,,,,,,,,,,,,,,,,,,,,,,,,,,,,,,,,,,
tlm,credit_return,389069,1556276000,75,75,,,,0,156224,1,0,,,,,158,159,,,,,,,,,,,,,,,,,,,,,,,,,,,,,,,,,,,,,,
tlm,handle_accept,389071,1556284000,75,75,156224,,,2,156224,1,1,155,,,,,,,,,,,,,,,,,,,,,,,,,,,,,,,,,,,,,,,,,,,
tlm,allocator_lane_action,389073,1556292000,75,75,156224,,,3,156224,0,,,,,,,,empty,,,,,,,,,,,,,,,,,,,,,,,,,,,,,,,,,,,,,
tlm,credit_return,389073,1556292000,75,75,,,,2,156224,1,0,,,,,120,121,,,,,,,,,,,,,,,,,,,,,,,,,,,,,,,,,,,,,,
tlm,allocator_fetch,389094,1556376000,75,75,156240,37,15,,,,,,,,,,,,,,,,,,,,,,,,,,,,,,,,,,,,,,,,,,,,,,,,
tlm,allocator_lane_action,389094,1556376000,75,75,156240,,,0,156240,0,,,,,,,,empty,,,,,,,,,,,,,,,,,,,,,,,,,,,,,,,,,,,,,
tlm,ticket_pop,389094,1556376000,75,75,,,,0,156240,0,,,body,1553,1554,,,,,,,,,,,,,,,,,,,,,,,,,,,,,,,,,,,,,,,,
tlm,ticket_pop,389094,1556376000,75,75,,,,1,156240,4,,,body,1553,1554,,,,,,,,,,,,,,,,,,,,,,,,,,,,,,,,,,,,,,,,
tlm,ticket_pop,389094,1556376000,75,75,,,,2,156240,0,,,body,1553,1554,,,,,,,,,,,,,,,,,,,,,,,,,,,,,,,,,,,,,,,,
tlm,ticket_pop,389094,1556376000,75,75,,,,3,156240,2,,,body,1553,1554,,,,,,,,,,,,,,,,,,,,,,,,,,,,,,,,,,,,,,,,
tlm,handle_accept,389096,1556384000,75,75,156240,,,1,156240,4,1,160,,,,,,,,,,,,,,,,,,,,,,,,,,,,,,,,,,,,,,,,,,,
tlm,allocator_lane_action,389098,1556392000,75,75,156240,,,2,156240,0,,,,,,,,empty,,,,,,,,,,,,,,,,,,,,,,,,,,,,,,,,,,,,,
tlm,handle_accept,389100,1556400000,75,75,156240,,,3,156240,2,1,162,,,,,,,,,,,,,,,,,,,,,,,,,,,,,,,,,,,,,,,,,,,
tlm,credit_return,389101,1556404000,75,75,,,,1,156240,4,0,,,,,89,93,,,,,,,,,,,,,,,,,,,,,,,,,,,,,,,,,,,,,,
tlm,credit_return,389105,1556420000,75,75,,,,3,156240,2,0,,,,,187,189,,,,,,,,,,,,,,,,,,,,,,,,,,,,,,,,,,,,,,
tlm,allocator_fetch,389121,1556484000,75,75,156256,38,15,,,,,,,,,,,,,,,,,,,,,,,,,,,,,,,,,,,,,,,,,,,,,,,,
tlm,allocator_lane_action,389121,1556484000,75,75,156256,,,0,156256,0,,,,,,,,empty,,,,,,,,,,,,,,,,,,,,,,,,,,,,,,,,,,,,,
tlm,ticket_pop,389121,1556484000,75,75,,,,0,156256,0,,,body,1554,1555,,,,,,,,,,,,,,,,,,,,,,,,,,,,,,,,,,,,,,,,
tlm,ticket_pop,389121,1556484000,75,75,,,,1,156256,1,,,body,1554,1555,,,,,,,,,,,,,,,,,,,,,,,,,,,,,,,,,,,,,,,,
tlm,ticket_pop,389121,1556484000,75,75,,,,2,156256,0,,,body,1554,1555,,,,,,,,,,,,,,,,,,,,,,,,,,,,,,,,,,,,,,,,
tlm,ticket_pop,389121,1556484000,75,75,,,,3,156256,2,,,body,1554,1555,,,,,,,,,,,,,,,,,,,,,,,,,,,,,,,,,,,,,,,,
tlm,handle_accept,389123,1556492000,75,75,156256,,,1,156256,1,1,164,,,,,,,,,,,,,,,,,,,,,,,,,,,,,,,,,,,,,,,,,,,
tlm,ticket_enqueue,389124,1556496000,95,95,,,,0,194560,0,,,sop,1555,1554,159,159,,,,,,,,,,,,,,,,,,,,,,,,,,,,,,,,,,,,,,
tlm,ticket_enqueue,389124,1556496000,95,95,,,,1,194560,0,,,sop,1555,1554,93,93,,,,,,,,,,,,,,,,,,,,,,,,,,,,,,,,,,,,,,
tlm,ticket_enqueue,389124,1556496000,95,95,,,,2,194560,0,,,sop,1555,1554,121,121,,,,,,,,,,,,,,,,,,,,,,,,,,,,,,,,,,,,,,
tlm,ticket_enqueue,389124,1556496000,95,95,,,,3,194560,0,,,sop,1555,1554,189,189,,,,,,,,,,,,,,,,,,,,,,,,,,,,,,,,,,,,,,
tlm,allocator_lane_action,389125,1556500000,75,75,156256,,,2,156256,0,,,,,,,,empty,,,,,,,,,,,,,,,,,,,,,,,,,,,,,,,,,,,,,
tlm,credit_return,389125,1556500000,75,75,,,,1,156256,1,0,,,,,93,94,,,,,,,,,,,,,,,,,,,,,,,,,,,,,,,,,,,,,,
tlm,ingress_preaccept,389125,1556500000,95,95,,,,0,196608,0,,,,1554,,159,,,158,,,,,,,,,,,,,,,,,,,,,,,,,,,,,,,,,,,,
tlm,ingress_preaccept,389125,1556500000,95,95,,,,1,196608,0,,,,1554,,93,,,92,,,,,,,,,,,,,,,,,,,,,,,,,,,,,,,,,,,,
tlm,ingress_preaccept,389125,1556500000,95,95,,,,2,196608,0,,,,1554,,121,,,120,,,,,,,,,,,,,,,,,,,,,,,,,,,,,,,,,,,,
tlm,ingress_preaccept,389125,1556500000,95,95,,,,3,196608,0,,,,1554,,189,,,188,,,,,,,,,,,,,,,,,,,,,,,,,,,,,,,,,,,,
tlm,ticket_enqueue,389125,1556500000,95,95,,,,0,196608,0,,,body,1554,1553,159,159,,,,,,,,,,,,,,,,,,,,,,,,,,,,,,,,,,,,,,
tlm,ticket_enqueue,389125,1556500000,95,95,,,,1,196608,0,,,body,1554,1553,93,93,,,,,,,,,,,,,,,,,,,,,,,,,,,,,,,,,,,,,,
tlm,ticket_enqueue,389125,1556500000,95,95,,,,2,196608,0,,,body,1554,1553,121,121,,,,,,,,,,,,,,,,,,,,,,,,,,,,,,,,,,,,,,
tlm,ticket_enqueue,389125,1556500000,95,95,,,,3,196608,0,,,body,1554,1553,189,189,,,,,,,,,,,,,,,,,,,,,,,,,,,,,,,,,,,,,,
tlm,ingress_preaccept,389126,1556504000,95,95,,,,0,196624,1,,,,1553,,159,,,158,,,,,,,,,,,,,,,,,,,,,,,,,,,,,,,,,,,,
tlm,ingress_preaccept,389126,1556504000,95,95,,,,1,196624,1,,,,1553,,94,,,93,,,,,,,,,,,,,,,,,,,,,,,,,,,,,,,,,,,,
tlm,ingress_preaccept,389126,1556504000,95,95,,,,2,196624,3,,,,1553,,121,,,120,,,,,,,,,,,,,,,,,,,,,,,,,,,,,,,,,,,,
tlm,ingress_preaccept,389126,1556504000,95,95,,,,3,196624,0,,,,1553,,189,,,188,,,,,,,,,,,,,,,,,,,,,,,,,,,,,,,,,,,,
tlm,ticket_enqueue,389126,1556504000,95,95,,,,3,196624,0,,,body,1553,1552,189,189,,,,,,,,,,,,,,,,,,,,,,,,,,,,,,,,,,,,,,
tlm,handle_accept,389127,1556508000,75,75,156256,,,3,156256,2,1,166,,,,,,,,,,,,,,,,,,,,,,,,,,,,,,,,,,,,,,,,,,,
tlm,ingress_preaccept,389127,1556508000,95,95,,,,3,196640,1,,,,1552,,189,,,188,,,,,,,,,,,,,,,,,,,,,,,,,,,,,,,,,,,,
tlm,ticket_enqueue,389127,1556508000,95,95,,,,0,196624,1,,,body,1553,1552,159,158,,,,,,,,,,,,,,,,,,,,,,,,,,,,,,,,,,,,,,
tlm,ticket_enqueue,389127,1556508000,95,95,,,,1,196624,1,,,body,1553,1552,94,93,,,,,,,,,,,,,,,,,,,,,,,,,,,,,,,,,,,,,,
tlm,ingress_preaccept,389128,1556512000,95,95,,,,0,196640,2,,,,1552,,158,,,157,,,,,,,,,,,,,,,,,,,,,,,,,,,,,,,,,,,,
tlm,ingress_preaccept,389128,1556512000,95,95,,,,1,196640,0,,,,1552,,93,,,92,,,,,,,,,,,,,,,,,,,,,,,,,,,,,,,,,,,,
tlm,ticket_enqueue,389128,1556512000,95,95,,,,1,196640,0,,,body,1552,1551,93,93,,,,,,,,,,,,,,,,,,,,,,,,,,,,,,,,,,,,,,
tlm,ticket_enqueue,389128,1556512000,95,95,,,,3,196640,1,,,body,1552,1551,189,188,,,,,,,,,,,,,,,,,,,,,,,,,,,,,,,,,,,,,,
tlm,ingress_preaccept,389129,1556516000,95,95,,,,1,196656,1,,,,1551,,93,,,92,,,,,,,,,,,,,,,,,,,,,,,,,,,,,,,,,,,,
tlm,ingress_preaccept,389129,1556516000,95,95,,,,3,196656,1,,,,1551,,188,,,187,,,,,,,,,,,,,,,,,,,,,,,,,,,,,,,,,,,,
tlm,ticket_enqueue,389129,1556516000,95,95,,,,2,196624,3,,,body,1553,1552,121,118,,,,,,,,,,,,,,,,,,,,,,,,,,,,,,,,,,,,,,
tlm,credit_return,389130,1556520000,75,75,,,,3,156256,2,0,,,,,187,189,,,,,,,,,,,,,,,,,,,,,,,,,,,,,,,,,,,,,,
tlm,ingress_preaccept,389130,1556520000,95,95,,,,2,196640,1,,,,1552,,118,,,117,,,,,,,,,,,,,,,,,,,,,,,,,,,,,,,,,,,,
tlm,ticket_enqueue,389130,1556520000,95,95,,,,0,196640,2,,,body,1552,1551,158,156,,,,,,,,,,,,,,,,,,,,,,,,,,,,,,,,,,,,,,
tlm,ticket_enqueue,389130,1556520000,95,95,,,,1,196656,1,,,body,1551,1550,93,92,,,,,,,,,,,,,,,,,,,,,,,,,,,,,,,,,,,,,,
tlm,ticket_enqueue,389130,1556520000,95,95,,,,3,196656,1,,,body,1551,1550,188,187,,,,,,,,,,,,,,,,,,,,,,,,,,,,,,,,,,,,,,
tlm,ingress_preaccept,389131,1556524000,95,95,,,,0,196656,2,,,,1551,,156,,,155,,,,,,,,,,,,,,,,,,,,,,,,,,,,,,,,,,,,
tlm,ingress_preaccept,389131,1556524000,95,95,,,,1,196672,0,,,,1550,,92,,,91,,,,,,,,,,,,,,,,,,,,,,,,,,,,,,,,,,,,
tlm,ingress_preaccept,389131,1556524000,95,95,,,,3,196672,0,,,,1550,,189,,,188,,,,,,,,,,,,,,,,,,,,,,,,,,,,,,,,,,,,
tlm,ticket_enqueue,389131,1556524000,95,95,,,,1,196672,0,,,body,1550,1549,92,92,,,,,,,,,,,,,,,,,,,,,,,,,,,,,,,,,,,,,,
tlm,ticket_enqueue,389131,1556524000,95,95,,,,2,196640,1,,,body,1552,1551,118,117,,,,,,,,,,,,,,,,,,,,,,,,,,,,,,,,,,,,,,
tlm,ticket_enqueue,389131,1556524000,95,95,,,,3,196672,0,,,body,1550,1549,189,189,,,,,,,,,,,,,,,,,,,,,,,,,,,,,,,,,,,,,,
tlm,ingress_preaccept,389132,1556528000,95,95,,,,1,196688,2,,,,1549,,92,,,91,,,,,,,,,,,,,,,,,,,,,,,,,,,,,,,,,,,,
tlm,ingress_preaccept,389132,1556528000,95,95,,,,2,196656,1,,,,1551,,117,,,116,,,,,,,,,,,,,,,,,,,,,,,,,,,,,,,,,,,,
tlm,ingress_preaccept,389132,1556528000,95,95,,,,3,196688,0,,,,1549,,189,,,188,,,,,,,,,,,,,,,,,,,,,,,,,,,,,,,,,,,,
tlm,ticket_enqueue,389132,1556528000,95,95,,,,3,196688,0,,,body,1549,1548,189,189,,,,,,,,,,,,,,,,,,,,,,,,,,,,,,,,,,,,,,
tlm,ingress_preaccept,389133,1556532000,95,95,,,,3,196704,1,,,,1548,,189,,,188,,,,,,,,,,,,,,,,,,,,,,,,,,,,,,,,,,,,
tlm,ticket_enqueue,389133,1556532000,95,95,,,,0,196656,2,,,body,1551,1550,156,154,,,,,,,,,,,,,,,,,,,,,,,,,,,,,,,,,,,,,,
tlm,ticket_enqueue,389133,1556532000,95,95,,,,2,196656,1,,,body,1551,1550,117,116,,,,,,,,,,,,,,,,,,,,,,,,,,,,,,,,,,,,,,
tlm,ingress_preaccept,389134,1556536000,95,95,,,,0,196672,2,,,,1550,,154,,,153,,,,,,,,,,,,,,,,,,,,,,,,,,,,,,,,,,,,
tlm,ingress_preaccept,389134,1556536000,95,95,,,,2,196672,1,,,,1550,,116,,,115,,,,,,,,,,,,,,,,,,,,,,,,,,,,,,,,,,,,
tlm,ticket_enqueue,389134,1556536000,95,95,,,,1,196688,2,,,body,1549,1548,92,90,,,,,,,,,,,,,,,,,,,,,,,,,,,,,,,,,,,,,,
tlm,ticket_enqueue,389134,1556536000,95,95,,,,3,196704,1,,,body,1548,1547,189,188,,,,,,,,,,,,,,,,,,,,,,,,,,,,,,,,,,,,,,
tlm,ingress_preaccept,389135,1556540000,95,95,,,,1,196704,2,,,,1548,,90,,,89,,,,,,,,,,,,,,,,,,,,,,,,,,,,,,,,,,,,
tlm,ingress_preaccept,389135,1556540000,95,95,,,,3,196720,1,,,,1547,,188,,,187,,,,,,,,,,,,,,,,,,,,,,,,,,,,,,,,,,,,
tlm,ticket_enqueue,389135,1556540000,95,95,,,,2,196672,1,,,body,1550,1549,116,115,,,,,,,,,,,,,,,,,,,,,,,,,,,,,,,,,,,,,,
tlm,ingress_preaccept,389136,1556544000,95,95,,,,2,196688,0,,,,1549,,115,,,114,,,,,,,,,,,,,,,,,,,,,,,,,,,,,,,,,,,,
tlm,ticket_enqueue,389136,1556544000,95,95,,,,0,196672,2,,,body,1550,1549,154,152,,,,,,,,,,,,,,,,,,,,,,,,,,,,,,,,,,,,,,
tlm,ticket_enqueue,389136,1556544000,95,95,,,,2,196688,0,,,body,1549,1548,115,115,,,,,,,,,,,,,,,,,,,,,,,,,,,,,,,,,,,,,,
tlm,ticket_enqueue,389136,1556544000,95,95,,,,3,196720,1,,,body,1547,1546,188,187,,,,,,,,,,,,,,,,,,,,,,,,,,,,,,,,,,,,,,
tlm,ingress_preaccept,389137,1556548000,95,95,,,,0,196688,0,,,,1549,,152,,,151,,,,,,,,,,,,,,,,,,,,,,,,,,,,,,,,,,,,
tlm,ingress_preaccept,389137,1556548000,95,95,,,,2,196704,0,,,,1548,,115,,,114,,,,,,,,,,,,,,,,,,,,,,,,,,,,,,,,,,,,
tlm,ingress_preaccept,389137,1556548000,95,95,,,,3,196736,0,,,,1546,,187,,,186,,,,,,,,,,,,,,,,,,,,,,,,,,,,,,,,,,,,
tlm,ticket_enqueue,389137,1556548000,95,95,,,,0,196688,0,,,body,1549,1548,152,152,,,,,,,,,,,,,,,,,,,,,,,,,,,,,,,,,,,,,,
tlm,ticket_enqueue,389137,1556548000,95,95,,,,1,196704,2,,,body,1548,1547,90,88,,,,,,,,,,,,,,,,,,,,,,,,,,,,,,,,,,,,,,
tlm,ticket_enqueue,389137,1556548000,95,95,,,,2,196704,0,,,body,1548,1547,115,115,,,,,,,,,,,,,,,,,,,,,,,,,,,,,,,,,,,,,,
tlm,ticket_enqueue,389137,1556548000,95,95,,,,3,196736,0,,,body,1546,1545,187,187,,,,,,,,,,,,,,,,,,,,,,,,,,,,,,,,,,,,,,
tlm,ingress_preaccept,389138,1556552000,95,95,,,,0,196704,0,,,,1548,,152,,,151,,,,,,,,,,,,,,,,,,,,,,,,,,,,,,,,,,,,
tlm,ingress_preaccept,389138,1556552000,95,95,,,,1,196720,1,,,,1547,,88,,,87,,,,,,,,,,,,,,,,,,,,,,,,,,,,,,,,,,,,
tlm,ingress_preaccept,389138,1556552000,95,95,,,,2,196720,0,,,,1547,,115,,,114,,,,,,,,,,,,,,,,,,,,,,,,,,,,,,,,,,,,
tlm,ingress_preaccept,389138,1556552000,95,95,,,,3,196752,0,,,,1545,,187,,,186,,,,,,,,,,,,,,,,,,,,,,,,,,,,,,,,,,,,
tlm,ticket_enqueue,389138,1556552000,95,95,,,,0,196704,0,,,body,1548,1547,152,152,,,,,,,,,,,,,,,,,,,,,,,,,,,,,,,,,,,,,,
tlm,ticket_enqueue,389138,1556552000,95,95,,,,2,196720,0,,,body,1547,1546,115,115,,,,,,,,,,,,,,,,,,,,,,,,,,,,,,,,,,,,,,
tlm,ticket_enqueue,389138,1556552000,95,95,,,,3,196752,0,,,body,1545,1544,187,187,,,,,,,,,,,,,,,,,,,,,,,,,,,,,,,,,,,,,,
tlm,ingress_preaccept,389139,1556556000,95,95,,,,0,196720,2,,,,1547,,152,,,151,,,,,,,,,,,,,,,,,,,,,,,,,,,,,,,,,,,,
tlm,ingress_preaccept,389139,1556556000,95,95,,,,2,196736,0,,,,1546,,115,,,114,,,,,,,,,,,,,,,,,,,,,,,,,,,,,,,,,,,,
tlm,ingress_preaccept,389139,1556556000,95,95,,,,3,196768,0,,,,1544,,187,,,186,,,,,,,,,,,,,,,,,,,,,,,,,,,,,,,,,,,,
tlm,ticket_enqueue,389139,1556556000,95,95,,,,1,196720,1,,,body,1547,1546,88,87,,,,,,,,,,,,,,,,,,,,,,,,,,,,,,,,,,,,,,
tlm,ticket_enqueue,389139,1556556000,95,95,,,,2,196736,0,,,body,1546,1545,115,115,,,,,,,,,,,,,,,,,,,,,,,,,,,,,,,,,,,,,,
tlm,ticket_enqueue,389139,1556556000,95,95,,,,3,196768,0,,,body,1544,1543,187,187,,,,,,,,,,,,,,,,,,,,,,,,,,,,,,,,,,,,,,
tlm,ingress_preaccept,389140,1556560000,95,95,,,,1,196736,1,,,,1546,,87,,,86,,,,,,,,,,,,,,,,,,,,,,,,,,,,,,,,,,,,
tlm,ingress_preaccept,389140,1556560000,95,95,,,,2,196752,0,,,,1545,,115,,,114,,,,,,,,,,,,,,,,,,,,,,,,,,,,,,,,,,,,
tlm,ingress_preaccept,389140,1556560000,95,95,,,,3,196784,1,,,,1543,,187,,,186,,,,,,,,,,,,,,,,,,,,,,,,,,,,,,,,,,,,
tlm,ticket_enqueue,389140,1556560000,95,95,,,,2,196752,0,,,body,1545,1544,115,115,,,,,,,,,,,,,,,,,,,,,,,,,,,,,,,,,,,,,,
tlm,ingress_preaccept,389141,1556564000,95,95,,,,2,196768,1,,,,1544,,115,,,114,,,,,,,,,,,,,,,,,,,,,,,,,,,,,,,,,,,,
tlm,ticket_enqueue,389141,1556564000,95,95,,,,0,196720,2,,,body,1547,1546,152,150,,,,,,,,,,,,,,,,,,,,,,,,,,,,,,,,,,,,,,
tlm,ticket_enqueue,389141,1556564000,95,95,,,,1,196736,1,,,body,1546,1545,87,86,,,,,,,,,,,,,,,,,,,,,,,,,,,,,,,,,,,,,,
tlm,ticket_enqueue,389141,1556564000,95,95,,,,3,196784,1,,,body,1543,1542,187,186,,,,,,,,,,,,,,,,,,,,,,,,,,,,,,,,,,,,,,
tlm,ingress_preaccept,389142,1556568000,95,95,,,,0,196736,2,,,,1546,,150,,,149,,,,,,,,,,,,,,,,,,,,,,,,,,,,,,,,,,,,
tlm,ingress_preaccept,389142,1556568000,95,95,,,,1,196752,1,,,,1545,,86,,,85,,,,,,,,,,,,,,,,,,,,,,,,,,,,,,,,,,,,
tlm,ingress_preaccept,389142,1556568000,95,95,,,,3,196800,0,,,,1542,,186,,,185,,,,,,,,,,,,,,,,,,,,,,,,,,,,,,,,,,,,
tlm,ticket_enqueue,389142,1556568000,95,95,,,,2,196768,1,,,body,1544,1543,115,114,,,,,,,,,,,,,,,,,,,,,,,,,,,,,,,,,,,,,,
tlm,ticket_enqueue,389142,1556568000,95,95,,,,3,196800,0,,,body,1542,1541,186,186,,,,,,,,,,,,,,,,,,,,,,,,,,,,,,,,,,,,,,
tlm,ingress_preaccept,389143,1556572000,95,95,,,,2,196784,2,,,,1543,,114,,,113,,,,,,,,,,,,,,,,,,,,,,,,,,,,,,,,,,,,
tlm,ingress_preaccept,389143,1556572000,95,95,,,,3,196816,0,,,,1541,,186,,,185,,,,,,,,,,,,,,,,,,,,,,,,,,,,,,,,,,,,
tlm,ticket_enqueue,389143,1556572000,95,95,,,,1,196752,1,,,body,1545,1544,86,85,,,,,,,,,,,,,,,,,,,,,,,,,,,,,,,,,,,,,,
tlm,ticket_enqueue,389143,1556572000,95,95,,,,3,196816,0,,,body,1541,1540,186,186,,,,,,,,,,,,,,,,,,,,,,,,,,,,,,,,,,,,,,
tlm,ingress_preaccept,389144,1556576000,95,95,,,,1,196768,1,,,,1544,,85,,,84,,,,,,,,,,,,,,,,,,,,,,,,,,,,,,,,,,,,
tlm,ingress_preaccept,389144,1556576000,95,95,,,,3,196832,2,,,,1540,,186,,,185,,,,,,,,,,,,,,,,,,,,,,,,,,,,,,,,,,,,
tlm,ticket_enqueue,389144,1556576000,95,95,,,,0,196736,2,,,body,1546,1545,150,148,,,,,,,,,,,,,,,,,,,,,,,,,,,,,,,,,,,,,,
tlm,ingress_preaccept,389145,1556580000,95,95,,,,0,196752,0,,,,1545,,148,,,147,,,,,,,,,,,,,,,,,,,,,,,,,,,,,,,,,,,,
tlm,ticket_enqueue,389145,1556580000,95,95,,,,0,196752,0,,,body,1545,1544,148,148,,,,,,,,,,,,,,,,,,,,,,,,,,,,,,,,,,,,,,
tlm,ticket_enqueue,389145,1556580000,95,95,,,,1,196768,1,,,body,1544,1543,85,84,,,,,,,,,,,,,,,,,,,,,,,,,,,,,,,,,,,,,,
tlm,ticket_enqueue,389145,1556580000,95,95,,,,2,196784,2,,,body,1543,1542,114,112,,,,,,,,,,,,,,,,,,,,,,,,,,,,,,,,,,,,,,
tlm,ingress_preaccept,389146,1556584000,95,95,,,,0,196768,2,,,,1544,,148,,,147,,,,,,,,,,,,,,,,,,,,,,,,,,,,,,,,,,,,
tlm,ingress_preaccept,389146,1556584000,95,95,,,,1,196784,2,,,,1543,,84,,,83,,,,,,,,,,,,,,,,,,,,,,,,,,,,,,,,,,,,
tlm,ingress_preaccept,389146,1556584000,95,95,,,,2,196800,2,,,,1542,,112,,,111,,,,,,,,,,,,,,,,,,,,,,,,,,,,,,,,,,,,
tlm,ticket_enqueue,389146,1556584000,95,95,,,,3,196832,2,,,body,1540,1539,186,184,,,,,,,,,,,,,,,,,,,,,,,,,,,,,,,,,,,,,,
tlm,ingress_preaccept,389147,1556588000,95,95,,,,3,196848,1,,,,1539,,184,,,183,,,,,,,,,,,,,,,,,,,,,,,,,,,,,,,,,,,,
tlm,allocator_fetch,389148,1556592000,75,75,156272,39,15,,,,,,,,,,,,,,,,,,,,,,,,,,,,,,,,,,,,,,,,,,,,,,,,
tlm,handle_accept,389148,1556592000,75,75,156272,,,0,156272,1,1,168,,,,,,,,,,,,,,,,,,,,,,,,,,,,,,,,,,,,,,,,,,,
tlm,ticket_enqueue,389148,1556592000,95,95,,,,0,196768,2,,,body,1544,1543,148,146,,,,,,,,,,,,,,,,,,,,,,,,,,,,,,,,,,,,,,
tlm,ticket_enqueue,389148,1556592000,95,95,,,,1,196784,2,,,body,1543,1542,84,82,,,,,,,,,,,,,,,,,,,,,,,,,,,,,,,,,,,,,,
tlm,ticket_enqueue,389148,1556592000,95,95,,,,2,196800,2,,,body,1542,1541,112,110,,,,,,,,,,,,,,,,,,,,,,,,,,,,,,,,,,,,,,
tlm,ticket_enqueue,389148,1556592000,95,95,,,,3,196848,1,,,body,1539,1538,184,183,,,,,,,,,,,,,,,,,,,,,,,,,,,,,,,,,,,,,,
tlm,ticket_pop,389148,1556592000,75,75,,,,0,156272,1,,,body,1543,1544,,,,,,,,,,,,,,,,,,,,,,,,,,,,,,,,,,,,,,,,
tlm,ticket_pop,389148,1556592000,75,75,,,,1,156272,1,,,body,1542,1543,,,,,,,,,,,,,,,,,,,,,,,,,,,,,,,,,,,,,,,,
tlm,ticket_pop,389148,1556592000,75,75,,,,2,156272,0,,,body,1541,1542,,,,,,,,,,,,,,,,,,,,,,,,,,,,,,,,,,,,,,,,
tlm,ticket_pop,389148,1556592000,75,75,,,,3,156272,4,,,body,1538,1539,,,,,,,,,,,,,,,,,,,,,,,,,,,,,,,,,,,,,,,,
tlm,ingress_preaccept,389149,1556596000,95,95,,,,0,196784,1,,,,1544,,146,,,145,,,,,,,,,,,,,,,,,,,,,,,,,,,,,,,,,,,,
tlm,ingress_preaccept,389149,1556596000,95,95,,,,1,196800,0,,,,1543,,82,,,81,,,,,,,,,,,,,,,,,,,,,,,,,,,,,,,,,,,,
tlm,ingress_preaccept,389149,1556596000,95,95,,,,2,196816,2,,,,1542,,110,,,109,,,,,,,,,,,,,,,,,,,,,,,,,,,,,,,,,,,,
tlm,ingress_preaccept,389149,1556596000,95,95,,,,3,196864,2,,,,1539,,183,,,182,,,,,,,,,,,,,,,,,,,,,,,,,,,,,,,,,,,,
tlm,ticket_enqueue,389149,1556596000,95,95,,,,1,196800,0,,,body,1543,1542,82,82,,,,,,,,,,,,,,,,,,,,,,,,,,,,,,,,,,,,,,
tlm,credit_return,389150,1556600000,75,75,,,,0,156272,1,0,,,,,145,146,,,,,,,,,,,,,,,,,,,,,,,,,,,,,,,,,,,,,,
tlm,handle_accept,389150,1556600000,75,75,156272,,,1,156272,1,1,169,,,,,,,,,,,,,,,,,,,,,,,,,,,,,,,,,,,,,,,,,,,
tlm,ingress_preaccept,389150,1556600000,95,95,,,,1,196816,1,,,,1542,,82,,,81,,,,,,,,,,,,,,,,,,,,,,,,,,,,,,,,,,,,
tlm,ticket_enqueue,389150,1556600000,95,95,,,,0,196784,1,,,body,1544,1543,146,145,,,,,,,,,,,,,,,,,,,,,,,,,,,,,,,,,,,,,,
tlm,ingress_preaccept,389151,1556604000,95,95,,,,0,196800,1,,,,1543,,146,,,145,,,,,,,,,,,,,,,,,,,,,,,,,,,,,,,,,,,,
tlm,ticket_enqueue,389151,1556604000,95,95,,,,1,196816,1,,,body,1542,1541,82,81,,,,,,,,,,,,,,,,,,,,,,,,,,,,,,,,,,,,,,
tlm,ticket_enqueue,389151,1556604000,95,95,,,,2,196816,2,,,body,1542,1541,110,108,,,,,,,,,,,,,,,,,,,,,,,,,,,,,,,,,,,,,,
tlm,ticket_enqueue,389151,1556604000,95,95,,,,3,196864,2,,,body,1539,1538,183,181,,,,,,,,,,,,,,,,,,,,,,,,,,,,,,,,,,,,,,
tlm,allocator_lane_action,389152,1556608000,75,75,156272,,,2,156272,0,,,,,,,,empty,,,,,,,,,,,,,,,,,,,,,,,,,,,,,,,,,,,,,
tlm,ingress_preaccept,389152,1556608000,95,95,,,,1,196832,0,,,,1541,,81,,,80,,,,,,,,,,,,,,,,,,,,,,,,,,,,,,,,,,,,
tlm,ingress_preaccept,389152,1556608000,95,95,,,,2,196832,2,,,,1541,,108,,,107,,,,,,,,,,,,,,,,,,,,,,,,,,,,,,,,,,,,
tlm,ingress_preaccept,389152,1556608000,95,95,,,,3,196880,0,,,,1538,,181,,,180,,,,,,,,,,,,,,,,,,,,,,,,,,,,,,,,,,,,
tlm,ticket_enqueue,389152,1556608000,95,95,,,,0,196800,1,,,body,1543,1542,146,145,,,,,,,,,,,,,,,,,,,,,,,,,,,,,,,,,,,,,,
tlm,ticket_enqueue,389152,1556608000,95,95,,,,1,196832,0,,,body,1541,1540,81,81,,,,,,,,,,,,,,,,,,,,,,,,,,,,,,,,,,,,,,
tlm,ticket_enqueue,389152,1556608000,95,95,,,,3,196880,0,,,body,1538,1537,181,181,,,,,,,,,,,,,,,,,,,,,,,,,,,,,,,,,,,,,,
tlm,credit_return,389153,1556612000,75,75,,,,1,156272,1,0,,,,,81,82,,,,,,,,,,,,,,,,,,,,,,,,,,,,,,,,,,,,,,
tlm,ingress_preaccept,389153,1556612000,95,95,,,,0,196816,0,,,,1542,,145,,,144,,,,,,,,,,,,,,,,,,,,,,,,,,,,,,,,,,,,
tlm,ingress_preaccept,389153,1556612000,95,95,,,,1,196848,0,,,,1540,,81,,,80,,,,,,,,,,,,,,,,,,,,,,,,,,,,,,,,,,,,
tlm,ingress_preaccept,389153,1556612000,95,95,,,,3,196896,0,,,,1537,,181,,,180,,,,,,,,,,,,,,,,,,,,,,,,,,,,,,,,,,,,
tlm,ticket_enqueue,389153,1556612000,95,95,,,,0,196816,0,,,body,1542,1541,145,145,,,,,,,,,,,,,,,,,,,,,,,,,,,,,,,,,,,,,,
tlm,ticket_enqueue,389153,1556612000,95,95,,,,1,196848,0,,,body,1540,1539,81,81,,,,,,,,,,,,,,,,,,,,,,,,,,,,,,,,,,,,,,
tlm,ticket_enqueue,389153,1556612000,95,95,,,,3,196896,0,,,body,1537,1536,181,181,,,,,,,,,,,,,,,,,,,,,,,,,,,,,,,,,,,,,,
tlm,handle_accept,389154,1556616000,75,75,156272,,,3,156272,4,1,173,,,,,,,,,,,,,,,,,,,,,,,,,,,,,,,,,,,,,,,,,,,
tlm,ingress_preaccept,389154,1556616000,95,95,,,,0,196832,0,,,,1541,,145,,,144,,,,,,,,,,,,,,,,,,,,,,,,,,,,,,,,,,,,
tlm,ingress_preaccept,389154,1556616000,95,95,,,,1,196864,0,,,,1539,,82,,,81,,,,,,,,,,,,,,,,,,,,,,,,,,,,,,,,,,,,
tlm,ingress_preaccept,389154,1556616000,95,95,,,,3,196912,2,,,,1536,,181,,,180,,,,,,,,,,,,,,,,,,,,,,,,,,,,,,,,,,,,
tlm,ticket_enqueue,389154,1556616000,95,95,,,,0,196832,0,,,body,1541,1540,145,145,,,,,,,,,,,,,,,,,,,,,,,,,,,,,,,,,,,,,,
tlm,ticket_enqueue,389154,1556616000,95,95,,,,1,196864,0,,,body,1539,1538,82,82,,,,,,,,,,,,,,,,,,,,,,,,,,,,,,,,,,,,,,
tlm,ticket_enqueue,389154,1556616000,95,95,,,,2,196832,2,,,body,1541,1540,108,106,,,,,,,,,,,,,,,,,,,,,,,,,,,,,,,,,,,,,,
tlm,ingress_preaccept,389155,1556620000,95,95,,,,0,196848,0,,,,1540,,145,,,144,,,,,,,,,,,,,,,,,,,,,,,,,,,,,,,,,,,,
tlm,ingress_preaccept,389155,1556620000,95,95,,,,1,196880,0,,,,1538,,82,,,81,,,,,,,,,,,,,,,,,,,,,,,,,,,,,,,,,,,,
tlm,ingress_preaccept,389155,1556620000,95,95,,,,2,196848,0,,,,1540,,106,,,105,,,,,,,,,,,,,,,,,,,,,,,,,,,,,,,,,,,,
tlm,ticket_enqueue,389155,1556620000,95,95,,,,0,196848,0,,,body,1540,1539,145,145,,,,,,,,,,,,,,,,,,,,,,,,,,,,,,,,,,,,,,
tlm,ticket_enqueue,389155,1556620000,95,95,,,,1,196880,0,,,body,1538,1537,82,82,,,,,,,,,,,,,,,,,,,,,,,,,,,,,,,,,,,,,,
tlm,ticket_enqueue,389155,1556620000,95,95,,,,2,196848,0,,,body,1540,1539,106,106,,,,,,,,,,,,,,,,,,,,,,,,,,,,,,,,,,,,,,
tlm,ingress_preaccept,389156,1556624000,95,95,,,,0,196864,1,,,,1539,,145,,,144,,,,,,,,,,,,,,,,,,,,,,,,,,,,,,,,,,,,
tlm,ingress_preaccept,389156,1556624000,95,95,,,,1,196896,1,,,,1537,,82,,,81,,,,,,,,,,,,,,,,,,,,,,,,,,,,,,,,,,,,
tlm,ingress_preaccept,389156,1556624000,95,95,,,,2,196864,0,,,,1539,,106,,,105,,,,,,,,,,,,,,,,,,,,,,,,,,,,,,,,,,,,
tlm,ticket_enqueue,389156,1556624000,95,95,,,,2,196864,0,,,body,1539,1538,106,106,,,,,,,,,,,,,,,,,,,,,,,,,,,,,,,,,,,,,,
tlm,ticket_enqueue,389156,1556624000,95,95,,,,3,196912,2,,,body,1536,1535,181,179,,,,,,,,,,,,,,,,,,,,,,,,,,,,,,,,,,,,,,
tlm,ingress_preaccept,389157,1556628000,95,95,,,,2,196880,0,,,,1538,,106,,,105,,,,,,,,,,,,,,,,,,,,,,,,,,,,,,,,,,,,
tlm,ingress_preaccept,389157,1556628000,95,95,,,,3,196928,1,,,,1535,,179,,,178,,,,,,,,,,,,,,,,,,,,,,,,,,,,,,,,,,,,
tlm,ticket_enqueue,389157,1556628000,95,95,,,,0,196864,1,,,body,1539,1538,145,144,,,,,,,,,,,,,,,,,,,,,,,,,,,,,,,,,,,,,,
tlm,ticket_enqueue,389157,1556628000,95,95,,,,1,196896,1,,,body,1537,1536,82,81,,,,,,,,,,,,,,,,,,,,,,,,,,,,,,,,,,,,,,
tlm,ticket_enqueue,389157,1556628000,95,95,,,,2,196880,0,,,body,1538,1537,106,106,,,,,,,,,,,,,,,,,,,,,,,,,,,,,,,,,,,,,,
tlm,ingress_preaccept,389158,1556632000,95,95,,,,0,196880,1,,,,1538,,144,,,143,,,,,,,,,,,,,,,,,,,,,,,,,,,,,,,,,,,,
tlm,ingress_preaccept,389158,1556632000,95,95,,,,1,196912,3,,,,1536,,81,,,80,,,,,,,,,,,,,,,,,,,,,,,,,,,,,,,,,,,,
tlm,ingress_preaccept,389158,1556632000,95,95,,,,2,196896,2,,,,1537,,106,,,105,,,,,,,,,,,,,,,,,,,,,,,,,,,,,,,,,,,,
tlm,ticket_enqueue,389158,1556632000,95,95,,,,3,196928,1,,,body,1535,1534,179,178,,,,,,,,,,,,,,,,,,,,,,,,,,,,,,,,,,,,,,
tlm,credit_return,389159,1556636000,75,75,,,,3,156272,4,0,,,,,178,182,,,,,,,,,,,,,,,,,,,,,,,,,,,,,,,,,,,,,,
tlm,ingress_preaccept,389159,1556636000,95,95,,,,3,196944,0,,,,1534,,178,,,177,,,,,,,,,,,,,,,,,,,,,,,,,,,,,,,,,,,,
tlm,ticket_enqueue,389159,1556636000,95,95,,,,0,196880,1,,,body,1538,1537,144,143,,,,,,,,,,,,,,,,,,,,,,,,,,,,,,,,,,,,,,
tlm,ticket_enqueue,389159,1556636000,95,95,,,,3,196944,0,,,body,1534,1533,178,178,,,,,,,,,,,,,,,,,,,,,,,,,,,,,,,,,,,,,,
tlm,ingress_preaccept,389160,1556640000,95,95,,,,0,196896,0,,,,1537,,143,,,142,,,,,,,,,,,,,,,,,,,,,,,,,,,,,,,,,,,,
tlm,ingress_preaccept,389160,1556640000,95,95,,,,3,196960,2,,,,1533,,182,,,181,,,,,,,,,,,,,,,,,,,,,,,,,,,,,,,,,,,,
tlm,ticket_enqueue,389160,1556640000,95,95,,,,0,196896,0,,,body,1537,1536,143,143,,,,,,,,,,,,,,,,,,,,,,,,,,,,,,,,,,,,,,
tlm,ticket_enqueue,389160,1556640000,95,95,,,,2,196896,2,,,body,1537,1536,106,104,,,,,,,,,,,,,,,,,,,,,,,,,,,,,,,,,,,,,,
tlm,ingress_preaccept,389161,1556644000,95,95,,,,0,196912,0,,,,1536,,143,,,142,,,,,,,,,,,,,,,,,,,,,,,,,,,,,,,,,,,,
tlm,ingress_preaccept,389161,1556644000,95,95,,,,2,196912,3,,,,1536,,104,,,103,,,,,,,,,,,,,,,,,,,,,,,,,,,,,,,,,,,,
tlm,ticket_enqueue,389161,1556644000,95,95,,,,0,196912,0,,,body,1536,1535,143,143,,,,,,,,,,,,,,,,,,,,,,,,,,,,,,,,,,,,,,
tlm,ticket_enqueue,389161,1556644000,95,95,,,,1,196912,3,,,body,1536,1535,81,78,,,,,,,,,,,,,,,,,,,,,,,,,,,,,,,,,,,,,,
tlm,ingress_preaccept,389162,1556648000,95,95,,,,0,196928,0,,,,1535,,143,,,142,,,,,,,,,,,,,,,,,,,,,,,,,,,,,,,,,,,,
tlm,ingress_preaccept,389162,1556648000,95,95,,,,1,196928,1,,,,1535,,78,,,77,,,,,,,,,,,,,,,,,,,,,,,,,,,,,,,,,,,,
tlm,ticket_enqueue,389162,1556648000,95,95,,,,0,196928,0,,,body,1535,1534,143,143,,,,,,,,,,,,,,,,,,,,,,,,,,,,,,,,,,,,,,
tlm,ticket_enqueue,389162,1556648000,95,95,,,,3,196960,2,,,body,1533,1532,182,180,,,,,,,,,,,,,,,,,,,,,,,,,,,,,,,,,,,,,,
tlm,ingress_preaccept,389163,1556652000,95,95,,,,0,196944,2,,,,1534,,143,,,142,,,,,,,,,,,,,,,,,,,,,,,,,,,,,,,,,,,,
tlm,ingress_preaccept,389163,1556652000,95,95,,,,3,196976,0,,,,1532,,180,,,179,,,,,,,,,,,,,,,,,,,,,,,,,,,,,,,,,,,,
tlm,ticket_enqueue,389163,1556652000,95,95,,,,1,196928,1,,,body,1535,1534,78,77,,,,,,,,,,,,,,,,,,,,,,,,,,,,,,,,,,,,,,
tlm,ticket_enqueue,389163,1556652000,95,95,,,,3,196976,0,,,body,1532,1531,180,180,,,,,,,,,,,,,,,,,,,,,,,,,,,,,,,,,,,,,,
tlm,ingress_preaccept,389164,1556656000,95,95,,,,1,196944,3,,,,1534,,77,,,76,,,,,,,,,,,,,,,,,,,,,,,,,,,,,,,,,,,,
tlm,ingress_preaccept,389164,1556656000,95,95,,,,3,196992,1,,,,1531,,180,,,179,,,,,,,,,,,,,,,,,,,,,,,,,,,,,,,,,,,,
tlm,ticket_enqueue,389164,1556656000,95,95,,,,2,196912,3,,,body,1536,1535,104,101,,,,,,,,,,,,,,,,,,,,,,,,,,,,,,,,,,,,,,
tlm,ingress_preaccept,389165,1556660000,95,95,,,,2,196928,0,,,,1535,,101,,,100,,,,,,,,,,,,,,,,,,,,,,,,,,,,,,,,,,,,
tlm,ticket_enqueue,389165,1556660000,95,95,,,,0,196944,2,,,body,1534,1533,143,141,,,,,,,,,,,,,,,,,,,,,,,,,,,,,,,,,,,,,,
tlm,ticket_enqueue,389165,1556660000,95,95,,,,2,196928,0,,,body,1535,1534,101,101,,,,,,,,,,,,,,,,,,,,,,,,,,,,,,,,,,,,,,
tlm,ticket_enqueue,389165,1556660000,95,95,,,,3,196992,1,,,body,1531,1530,180,179,,,,,,,,,,,,,,,,,,,,,,,,,,,,,,,,,,,,,,
tlm,ingress_preaccept,389166,1556664000,95,95,,,,0,196960,2,,,,1533,,141,,,140,,,,,,,,,,,,,,,,,,,,,,,,,,,,,,,,,,,,
tlm,ingress_preaccept,389166,1556664000,95,95,,,,2,196944,0,,,,1534,,101,,,100,,,,,,,,,,,,,,,,,,,,,,,,,,,,,,,,,,,,
tlm,ingress_preaccept,389166,1556664000,95,95,,,,3,197008,1,,,,1530,,179,,,178,,,,,,,,,,,,,,,,,,,,,,,,,,,,,,,,,,,,
tlm,ticket_enqueue,389166,1556664000,95,95,,,,2,196944,0,,,body,1534,1533,101,101,,,,,,,,,,,,,,,,,,,,,,,,,,,,,,,,,,,,,,
tlm,ingress_preaccept,389167,1556668000,95,95,,,,2,196960,0,,,,1533,,101,,,100,,,,,,,,,,,,,,,,,,,,,,,,,,,,,,,,,,,,
tlm,ticket_enqueue,389167,1556668000,95,95,,,,1,196944,3,,,body,1534,1533,77,74,,,,,,,,,,,,,,,,,,,,,,,,,,,,,,,,,,,,,,
tlm,ticket_enqueue,389167,1556668000,95,95,,,,2,196960,0,,,body,1533,1532,101,101,,,,,,,,,,,,,,,,,,,,,,,,,,,,,,,,,,,,,,
tlm,ticket_enqueue,389167,1556668000,95,95,,,,3,197008,1,,,body,1530,1529,179,178,,,,,,,,,,,,,,,,,,,,,,,,,,,,,,,,,,,,,,
tlm,ingress_preaccept,389168,1556672000,95,95,,,,1,196960,2,,,,1533,,74,,,73,,,,,,,,,,,,,,,,,,,,,,,,,,,,,,,,,,,,
tlm,ingress_preaccept,389168,1556672000,95,95,,,,2,196976,1,,,,1532,,101,,,100,,,,,,,,,,,,,,,,,,,,,,,,,,,,,,,,,,,,
tlm,ingress_preaccept,389168,1556672000,95,95,,,,3,197024,0,,,,1529,,178,,,177,,,,,,,,,,,,,,,,,,,,,,,,,,,,,,,,,,,,
tlm,ticket_enqueue,389168,1556672000,95,95,,,,0,196960,2,,,body,1533,1532,141,139,,,,,,,,,,,,,,,,,,,,,,,,,,,,,,,,,,,,,,
tlm,ticket_enqueue,389168,1556672000,95,95,,,,3,197024,0,,,body,1529,1528,178,178,,,,,,,,,,,,,,,,,,,,,,,,,,,,,,,,,,,,,,
tlm,ingress_preaccept,389169,1556676000,95,95,,,,0,196976,2,,,,1532,,139,,,138,,,,,,,,,,,,,,,,,,,,,,,,,,,,,,,,,,,,
tlm,ingress_preaccept,389169,1556676000,95,95,,,,3,197040,1,,,,1528,,178,,,177,,,,,,,,,,,,,,,,,,,,,,,,,,,,,,,,,,,,
tlm,ticket_enqueue,389169,1556676000,95,95,,,,2,196976,1,,,body,1532,1531,101,100,,,,,,,,,,,,,,,,,,,,,,,,,,,,,,,,,,,,,,
tlm,ingress_preaccept,389170,1556680000,95,95,,,,2,196992,1,,,,1531,,100,,,99,,,,,,,,,,,,,,,,,,,,,,,,,,,,,,,,,,,,
tlm,ticket_enqueue,389170,1556680000,95,95,,,,1,196960,2,,,body,1533,1532,74,72,,,,,,,,,,,,,,,,,,,,,,,,,,,,,,,,,,,,,,
tlm,ticket_enqueue,389170,1556680000,95,95,,,,3,197040,1,,,body,1528,1527,178,177,,,,,,,,,,,,,,,,,,,,,,,,,,,,,,,,,,,,,,
tlm,ingress_preaccept,389171,1556684000,95,95,,,,1,196976,0,,,,1532,,72,,,71,,,,,,,,,,,,,,,,,,,,,,,,,,,,,,,,,,,,
tlm,ingress_preaccept,389171,1556684000,95,95,,,,3,197056,0,,,,1527,,177,,,176,,,,,,,,,,,,,,,,,,,,,,,,,,,,,,,,,,,,
tlm,ticket_enqueue,389171,1556684000,95,95,,,,0,196976,2,,,body,1532,1531,139,137,,,,,,,,,,,,,,,,,,,,,,,,,,,,,,,,,,,,,,
tlm,ticket_enqueue,389171,1556684000,95,95,,,,1,196976,0,,,body,1532,1531,72,72,,,,,,,,,,,,,,,,,,,,,,,,,,,,,,,,,,,,,,
tlm,ticket_enqueue,389171,1556684000,95,95,,,,2,196992,1,,,body,1531,1530,100,99,,,,,,,,,,,,,,,,,,,,,,,,,,,,,,,,,,,,,,
tlm,ticket_enqueue,389171,1556684000,95,95,,,,3,197056,0,,,body,1527,1526,177,177,,,,,,,,,,,,,,,,,,,,,,,,,,,,,,,,,,,,,,
tlm,ingress_preaccept,389172,1556688000,95,95,,,,0,196992,0,,,,1531,,137,,,136,,,,,,,,,,,,,,,,,,,,,,,,,,,,,,,,,,,,
tlm,ingress_preaccept,389172,1556688000,95,95,,,,1,196992,0,,,,1531,,72,,,71,,,,,,,,,,,,,,,,,,,,,,,,,,,,,,,,,,,,
tlm,ingress_preaccept,389172,1556688000,95,95,,,,2,197008,0,,,,1530,,99,,,98,,,,,,,,,,,,,,,,,,,,,,,,,,,,,,,,,,,,
tlm,ingress_preaccept,389172,1556688000,95,95,,,,3,197072,0,,,,1526,,177,,,176,,,,,,,,,,,,,,,,,,,,,,,,,,,,,,,,,,,,
tlm,ticket_enqueue,389172,1556688000,95,95,,,,0,196992,0,,,body,1531,1530,137,137,,,,,,,,,,,,,,,,,,,,,,,,,,,,,,,,,,,,,,
tlm,ticket_enqueue,389172,1556688000,95,95,,,,1,196992,0,,,body,1531,1530,72,72,,,,,,,,,,,,,,,,,,,,,,,,,,,,,,,,,,,,,,
tlm,ticket_enqueue,389172,1556688000,95,95,,,,2,197008,0,,,body,1530,1529,99,99,,,,,,,,,,,,,,,,,,,,,,,,,,,,,,,,,,,,,,
tlm,ticket_enqueue,389172,1556688000,95,95,,,,3,197072,0,,,body,1526,1525,177,177,,,,,,,,,,,,,,,,,,,,,,,,,,,,,,,,,,,,,,
tlm,ingress_preaccept,389173,1556692000,95,95,,,,0,197008,0,,,,1530,,137,,,136,,,,,,,,,,,,,,,,,,,,,,,,,,,,,,,,,,,,
tlm,ingress_preaccept,389173,1556692000,95,95,,,,1,197008,0,,,,1530,,72,,,71,,,,,,,,,,,,,,,,,,,,,,,,,,,,,,,,,,,,
tlm,ingress_preaccept,389173,1556692000,95,95,,,,2,197024,1,,,,1529,,99,,,98,,,,,,,,,,,,,,,,,,,,,,,,,,,,,,,,,,,,
tlm,ingress_preaccept,389173,1556692000,95,95,,,,3,197088,1,,,,1525,,177,,,176,,,,,,,,,,,,,,,,,,,,,,,,,,,,,,,,,,,,
tlm,ticket_enqueue,389173,1556692000,95,95,,,,0,197008,0,,,body,1530,1529,137,137,,,,,,,,,,,,,,,,,,,,,,,,,,,,,,,,,,,,,,
tlm,ticket_enqueue,389173,1556692000,95,95,,,,1,197008,0,,,body,1530,1529,72,72,,,,,,,,,,,,,,,,,,,,,,,,,,,,,,,,,,,,,,
tlm,ingress_preaccept,389174,1556696000,95,95,,,,0,197024,1,,,,1529,,137,,,136,,,,,,,,,,,,,,,,,,,,,,,,,,,,,,,,,,,,
tlm,ingress_preaccept,389174,1556696000,95,95,,,,1,197024,2,,,,1529,,72,,,71,,,,,,,,,,,,,,,,,,,,,,,,,,,,,,,,,,,,
tlm,ticket_enqueue,389174,1556696000,95,95,,,,2,197024,1,,,body,1529,1528,99,98,,,,,,,,,,,,,,,,,,,,,,,,,,,,,,,,,,,,,,
tlm,ticket_enqueue,389174,1556696000,95,95,,,,3,197088,1,,,body,1525,1524,177,176,,,,,,,,,,,,,,,,,,,,,,,,,,,,,,,,,,,,,,
tlm,allocator_fetch,389175,1556700000,75,75,156288,40,15,,,,,,,,,,,,,,,,,,,,,,,,,,,,,,,,,,,,,,,,,,,,,,,,
tlm,handle_accept,389175,1556700000,75,75,156288,,,0,156288,1,1,175,,,,,,,,,,,,,,,,,,,,,,,,,,,,,,,,,,,,,,,,,,,
tlm,ingress_preaccept,389175,1556700000,95,95,,,,2,197040,0,,,,1528,,98,,,97,,,,,,,,,,,,,,,,,,,,,,,,,,,,,,,,,,,,
tlm,ingress_preaccept,389175,1556700000,95,95,,,,3,197104,0,,,,1524,,176,,,175,,,,,,,,,,,,,,,,,,,,,,,,,,,,,,,,,,,,
tlm,ticket_enqueue,389175,1556700000,95,95,,,,0,197024,1,,,body,1529,1528,137,136,,,,,,,,,,,,,,,,,,,,,,,,,,,,,,,,,,,,,,
tlm,ticket_enqueue,389175,1556700000,95,95,,,,2,197040,0,,,body,1528,1527,98,98,,,,,,,,,,,,,,,,,,,,,,,,,,,,,,,,,,,,,,
tlm,ticket_enqueue,389175,1556700000,95,95,,,,3,197104,0,,,body,1524,1523,176,176,,,,,,,,,,,,,,,,,,,,,,,,,,,,,,,,,,,,,,
tlm,ticket_pop,389175,1556700000,75,75,,,,0,156288,1,,,body,1528,1529,,,,,,,,,,,,,,,,,,,,,,,,,,,,,,,,,,,,,,,,
tlm,ticket_pop,389175,1556700000,75,75,,,,1,156288,0,,,body,1529,1530,,,,,,,,,,,,,,,,,,,,,,,,,,,,,,,,,,,,,,,,
tlm,ticket_pop,389175,1556700000,75,75,,,,2,156288,0,,,body,1527,1528,,,,,,,,,,,,,,,,,,,,,,,,,,,,,,,,,,,,,,,,
tlm,ticket_pop,389175,1556700000,75,75,,,,3,156288,0,,,body,1523,1524,,,,,,,,,,,,,,,,,,,,,,,,,,,,,,,,,,,,,,,,
tlm,ingress_preaccept,389176,1556704000,95,95,,,,0,197040,1,,,,1529,,136,,,135,,,,,,,,,,,,,,,,,,,,,,,,,,,,,,,,,,,,
tlm,ingress_preaccept,389176,1556704000,95,95,,,,2,197056,2,,,,1528,,98,,,97,,,,,,,,,,,,,,,,,,,,,,,,,,,,,,,,,,,,
tlm,ingress_preaccept,389176,1556704000,95,95,,,,3,197120,1,,,,1524,,176,,,175,,,,,,,,,,,,,,,,,,,,,,,,,,,,,,,,,,,,
tlm,ticket_enqueue,389176,1556704000,95,95,,,,1,197024,2,,,body,1530,1529,72,70,,,,,,,,,,,,,,,,,,,,,,,,,,,,,,,,,,,,,,
tlm,allocator_lane_action,389177,1556708000,75,75,156288,,,1,156288,0,,,,,,,,empty,,,,,,,,,,,,,,,,,,,,,,,,,,,,,,,,,,,,,
tlm,credit_return,389177,1556708000,75,75,,,,0,156288,1,0,,,,,135,136,,,,,,,,,,,,,,,,,,,,,,,,,,,,,,,,,,,,,,
tlm,ingress_preaccept,389177,1556708000,95,95,,,,1,197040,1,,,,1529,,70,,,69,,,,,,,,,,,,,,,,,,,,,,,,,,,,,,,,,,,,
tlm,ticket_enqueue,389177,1556708000,95,95,,,,0,197040,1,,,body,1529,1528,136,135,,,,,,,,,,,,,,,,,,,,,,,,,,,,,,,,,,,,,,
tlm,ticket_enqueue,389177,1556708000,95,95,,,,3,197120,1,,,body,1524,1523,176,175,,,,,,,,,,,,,,,,,,,,,,,,,,,,,,,,,,,,,,
tlm,ingress_preaccept,389178,1556712000,95,95,,,,0,197056,0,,,,1528,,136,,,135,,,,,,,,,,,,,,,,,,,,,,,,,,,,,,,,,,,,
tlm,ingress_preaccept,389178,1556712000,95,95,,,,3,197136,1,,,,1523,,175,,,174,,,,,,,,,,,,,,,,,,,,,,,,,,,,,,,,,,,,
tlm,ticket_enqueue,389178,1556712000,95,95,,,,0,197056,0,,,body,1528,1527,136,136,,,,,,,,,,,,,,,,,,,,,,,,,,,,,,,,,,,,,,
tlm,ticket_enqueue,389178,1556712000,95,95,,,,1,197040,1,,,body,1529,1528,70,69,,,,,,,,,,,,,,,,,,,,,,,,,,,,,,,,,,,,,,
tlm,ticket_enqueue,389178,1556712000,95,95,,,,2,197056,2,,,body,1528,1527,98,96,,,,,,,,,,,,,,,,,,,,,,,,,,,,,,,,,,,,,,
tlm,allocator_lane_action,389179,1556716000,75,75,156288,,,2,156288,0,,,,,,,,empty,,,,,,,,,,,,,,,,,,,,,,,,,,,,,,,,,,,,,
tlm,ingress_preaccept,389179,1556716000,95,95,,,,0,197072,3,,,,1527,,136,,,135,,,,,,,,,,,,,,,,,,,,,,,,,,,,,,,,,,,,
tlm,ingress_preaccept,389179,1556716000,95,95,,,,1,197056,0,,,,1528,,69,,,68,,,,,,,,,,,,,,,,,,,,,,,,,,,,,,,,,,,,
tlm,ingress_preaccept,389179,1556716000,95,95,,,,2,197072,0,,,,1527,,96,,,95,,,,,,,,,,,,,,,,,,,,,,,,,,,,,,,,,,,,
tlm,ticket_enqueue,389179,1556716000,95,95,,,,1,197056,0,,,body,1528,1527,69,69,,,,,,,,,,,,,,,,,,,,,,,,,,,,,,,,,,,,,,
tlm,ticket_enqueue,389179,1556716000,95,95,,,,2,197072,0,,,body,1527,1526,96,96,,,,,,,,,,,,,,,,,,,,,,,,,,,,,,,,,,,,,,
tlm,ticket_enqueue,389179,1556716000,95,95,,,,3,197136,1,,,body,1523,1522,175,174,,,,,,,,,,,,,,,,,,,,,,,,,,,,,,,,,,,,,,
tlm,ingress_preaccept,389180,1556720000,95,95,,,,1,197072,3,,,,1527,,69,,,68,,,,,,,,,,,,,,,,,,,,,,,,,,,,,,,,,,,,
tlm,ingress_preaccept,389180,1556720000,95,95,,,,2,197088,0,,,,1526,,96,,,95,,,,,,,,,,,,,,,,,,,,,,,,,,,,,,,,,,,,
tlm,ingress_preaccept,389180,1556720000,95,95,,,,3,197152,2,,,,1522,,174,,,173,,,,,,,,,,,,,,,,,,,,,,,,,,,,,,,,,,,,
tlm,ticket_enqueue,389180,1556720000,95,95,,,,2,197088,0,,,body,1526,1525,96,96,,,,,,,,,,,,,,,,,,,,,,,,,,,,,,,,,,,,,,
tlm,allocator_lane_action,389181,1556724000,75,75,156288,,,3,156288,0,,,,,,,,empty,,,,,,,,,,,,,,,,,,,,,,,,,,,,,,,,,,,,,
tlm,ingress_preaccept,389181,1556724000,95,95,,,,2,197104,0,,,,1525,,96,,,95,,,,,,,,,,,,,,,,,,,,,,,,,,,,,,,,,,,,
tlm,ticket_enqueue,389181,1556724000,95,95,,,,2,197104,0,,,body,1525,1524,96,96,,,,,,,,,,,,,,,,,,,,,,,,,,,,,,,,,,,,,,
tlm,ingress_preaccept,389182,1556728000,95,95,,,,2,197120,0,,,,1524,,96,,,95,,,,,,,,,,,,,,,,,,,,,,,,,,,,,,,,,,,,
tlm,ticket_enqueue,389182,1556728000,95,95,,,,0,197072,3,,,body,1527,1526,136,133,,,,,,,,,,,,,,,,,,,,,,,,,,,,,,,,,,,,,,
tlm,ticket_enqueue,389182,1556728000,95,95,,,,2,197120,0,,,body,1524,1523,96,96,,,,,,,,,,,,,,,,,,,,,,,,,,,,,,,,,,,,,,
tlm,ticket_enqueue,389182,1556728000,95,95,,,,3,197152,2,,,body,1522,1521,174,172,,,,,,,,,,,,,,,,,,,,,,,,,,,,,,,,,,,,,,
tlm,ingress_preaccept,389183,1556732000,95,95,,,,0,197088,0,,,,1526,,133,,,132,,,,,,,,,,,,,,,,,,,,,,,,,,,,,,,,,,,,
tlm,ingress_preaccept,389183,1556732000,95,95,,,,2,197136,2,,,,1523,,96,,,95,,,,,,,,,,,,,,,,,,,,,,,,,,,,,,,,,,,,
tlm,ingress_preaccept,389183,1556732000,95,95,,,,3,197168,0,,,,1521,,172,,,171,,,,,,,,,,,,,,,,,,,,,,,,,,,,,,,,,,,,
tlm,ticket_enqueue,389183,1556732000,95,95,,,,0,197088,0,,,body,1526,1525,133,133,,,,,,,,,,,,,,,,,,,,,,,,,,,,,,,,,,,,,,
tlm,ticket_enqueue,389183,1556732000,95,95,,,,1,197072,3,,,body,1527,1526,69,66,,,,,,,,,,,,,,,,,,,,,,,,,,,,,,,,,,,,,,
tlm,ticket_enqueue,389183,1556732000,95,95,,,,3,197168,0,,,body,1521,1520,172,172,,,,,,,,,,,,,,,,,,,,,,,,,,,,,,,,,,,,,,
tlm,ingress_preaccept,389184,1556736000,95,95,,,,0,197104,1,,,,1525,,133,,,132,,,,,,,,,,,,,,,,,,,,,,,,,,,,,,,,,,,,
tlm,ingress_preaccept,389184,1556736000,95,95,,,,1,197088,0,,,,1526,,66,,,65,,,,,,,,,,,,,,,,,,,,,,,,,,,,,,,,,,,,
tlm,ingress_preaccept,389184,1556736000,95,95,,,,3,197184,0,,,,1520,,172,,,171,,,,,,,,,,,,,,,,,,,,,,,,,,,,,,,,,,,,
tlm,ticket_enqueue,389184,1556736000,95,95,,,,1,197088,0,,,body,1526,1525,66,66,,,,,,,,,,,,,,,,,,,,,,,,,,,,,,,,,,,,,,
tlm,ticket_enqueue,389184,1556736000,95,95,,,,3,197184,0,,,body,1520,1519,172,172,,,,,,,,,,,,,,,,,,,,,,,,,,,,,,,,,,,,,,
tlm,ingress_preaccept,389185,1556740000,95,95,,,,1,197104,1,,,,1525,,66,,,65,,,,,,,,,,,,,,,,,,,,,,,,,,,,,,,,,,,,
tlm,ingress_preaccept,389185,1556740000,95,95,,,,3,197200,0,,,,1519,,172,,,171,,,,,,,,,,,,,,,,,,,,,,,,,,,,,,,,,,,,
tlm,ticket_enqueue,389185,1556740000,95,95,,,,0,197104,1,,,body,1525,1524,133,132,,,,,,,,,,,,,,,,,,,,,,,,,,,,,,,,,,,,,,
tlm,ticket_enqueue,389185,1556740000,95,95,,,,2,197136,2,,,body,1523,1522,96,94,,,,,,,,,,,,,,,,,,,,,,,,,,,,,,,,,,,,,,
tlm,ticket_enqueue,389185,1556740000,95,95,,,,3,197200,0,,,body,1519,1518,172,172,,,,,,,,,,,,,,,,,,,,,,,,,,,,,,,,,,,,,,
tlm,ingress_preaccept,389186,1556744000,95,95,,,,0,197120,0,,,,1524,,132,,,131,,,,,,,,,,,,,,,,,,,,,,,,,,,,,,,,,,,,
tlm,ingress_preaccept,389186,1556744000,95,95,,,,2,197152,1,,,,1522,,94,,,93,,,,,,,,,,,,,,,,,,,,,,,,,,,,,,,,,,,,
tlm,ingress_preaccept,389186,1556744000,95,95,,,,3,197216,1,,,,1518,,172,,,171,,,,,,,,,,,,,,,,,,,,,,,,,,,,,,,,,,,,
tlm,ticket_enqueue,389186,1556744000,95,95,,,,0,197120,0,,,body,1524,1523,132,132,,,,,,,,,,,,,,,,,,,,,,,,,,,,,,,,,,,,,,
tlm,ticket_enqueue,389186,1556744000,95,95,,,,1,197104,1,,,body,1525,1524,66,65,,,,,,,,,,,,,,,,,,,,,,,,,,,,,,,,,,,,,,
tlm,ingress_preaccept,389187,1556748000,95,95,,,,0,197136,1,,,,1523,,132,,,131,,,,,,,,,,,,,,,,,,,,,,,,,,,,,,,,,,,,
tlm,ingress_preaccept,389187,1556748000,95,95,,,,1,197120,0,,,,1524,,65,,,64,,,,,,,,,,,,,,,,,,,,,,,,,,,,,,,,,,,,
tlm,ticket_enqueue,389187,1556748000,95,95,,,,1,197120,0,,,body,1524,1523,65,65,,,,,,,,,,,,,,,,,,,,,,,,,,,,,,,,,,,,,,
tlm,ticket_enqueue,389187,1556748000,95,95,,,,2,197152,1,,,body,1522,1521,94,93,,,,,,,,,,,,,,,,,,,,,,,,,,,,,,,,,,,,,,
tlm,ticket_enqueue,389187,1556748000,95,95,,,,3,197216,1,,,body,1518,1517,172,171,,,,,,,,,,,,,,,,,,,,,,,,,,,,,,,,,,,,,,
tlm,ingress_preaccept,389188,1556752000,95,95,,,,1,197136,0,,,,1523,,65,,,64,,,,,,,,,,,,,,,,,,,,,,,,,,,,,,,,,,,,
tlm,ingress_preaccept,389188,1556752000,95,95,,,,2,197168,0,,,,1521,,93,,,92,,,,,,,,,,,,,,,,,,,,,,,,,,,,,,,,,,,,
tlm,ingress_preaccept,389188,1556752000,95,95,,,,3,197232,0,,,,1517,,171,,,170,,,,,,,,,,,,,,,,,,,,,,,,,,,,,,,,,,,,
tlm,ticket_enqueue,389188,1556752000,95,95,,,,0,197136,1,,,body,1523,1522,132,131,,,,,,,,,,,,,,,,,,,,,,,,,,,,,,,,,,,,,,
tlm,ticket_enqueue,389188,1556752000,95,95,,,,1,197136,0,,,body,1523,1522,65,65,,,,,,,,,,,,,,,,,,,,,,,,,,,,,,,,,,,,,,
tlm,ticket_enqueue,389188,1556752000,95,95,,,,2,197168,0,,,body,1521,1520,93,93,,,,,,,,,,,,,,,,,,,,,,,,,,,,,,,,,,,,,,
tlm,ticket_enqueue,389188,1556752000,95,95,,,,3,197232,0,,,body,1517,1516,171,171,,,,,,,,,,,,,,,,,,,,,,,,,,,,,,,,,,,,,,
tlm,ingress_preaccept,389189,1556756000,95,95,,,,0,197152,1,,,,1522,,131,,,130,,,,,,,,,,,,,,,,,,,,,,,,,,,,,,,,,,,,
tlm,ingress_preaccept,389189,1556756000,95,95,,,,1,197152,0,,,,1522,,65,,,64,,,,,,,,,,,,,,,,,,,,,,,,,,,,,,,,,,,,
tlm,ingress_preaccept,389189,1556756000,95,95,,,,2,197184,1,,,,1520,,93,,,92,,,,,,,,,,,,,,,,,,,,,,,,,,,,,,,,,,,,
tlm,ingress_preaccept,389189,1556756000,95,95,,,,3,197248,0,,,,1516,,171,,,170,,,,,,,,,,,,,,,,,,,,,,,,,,,,,,,,,,,,
tlm,ticket_enqueue,389189,1556756000,95,95,,,,1,197152,0,,,body,1522,1521,65,65,,,,,,,,,,,,,,,,,,,,,,,,,,,,,,,,,,,,,,
tlm,ticket_enqueue,389189,1556756000,95,95,,,,3,197248,0,,,body,1516,1515,171,171,,,,,,,,,,,,,,,,,,,,,,,,,,,,,,,,,,,,,,
tlm,ingress_preaccept,389190,1556760000,95,95,,,,1,197168,0,,,,1521,,65,,,64,,,,,,,,,,,,,,,,,,,,,,,,,,,,,,,,,,,,
tlm,ingress_preaccept,389190,1556760000,95,95,,,,3,197264,0,,,,1515,,171,,,170,,,,,,,,,,,,,,,,,,,,,,,,,,,,,,,,,,,,
tlm,ticket_enqueue,389190,1556760000,95,95,,,,0,197152,1,,,body,1522,1521,131,130,,,,,,,,,,,,,,,,,,,,,,,,,,,,,,,,,,,,,,
tlm,ticket_enqueue,389190,1556760000,95,95,,,,1,197168,0,,,body,1521,1520,65,65,,,,,,,,,,,,,,,,,,,,,,,,,,,,,,,,,,,,,,
tlm,ticket_enqueue,389190,1556760000,95,95,,,,2,197184,1,,,body,1520,1519,93,92,,,,,,,,,,,,,,,,,,,,,,,,,,,,,,,,,,,,,,
tlm,ticket_enqueue,389190,1556760000,95,95,,,,3,197264,0,,,body,1515,1514,171,171,,,,,,,,,,,,,,,,,,,,,,,,,,,,,,,,,,,,,,
tlm,ingress_preaccept,389191,1556764000,95,95,,,,0,197168,0,,,,1521,,130,,,129,,,,,,,,,,,,,,,,,,,,,,,,,,,,,,,,,,,,
tlm,ingress_preaccept,389191,1556764000,95,95,,,,1,197184,1,,,,1520,,65,,,64,,,,,,,,,,,,,,,,,,,,,,,,,,,,,,,,,,,,
tlm,ingress_preaccept,389191,1556764000,95,95,,,,2,197200,1,,,,1519,,92,,,91,,,,,,,,,,,,,,,,,,,,,,,,,,,,,,,,,,,,
tlm,ingress_preaccept,389191,1556764000,95,95,,,,3,197280,0,,,,1514,,171,,,170,,,,,,,,,,,,,,,,,,,,,,,,,,,,,,,,,,,,
tlm,ticket_enqueue,389191,1556764000,95,95,,,,0,197168,0,,,body,1521,1520,130,130,,,,,,,,,,,,,,,,,,,,,,,,,,,,,,,,,,,,,,
tlm,ticket_enqueue,389191,1556764000,95,95,,,,3,197280,0,,,body,1514,1513,171,171,,,,,,,,,,,,,,,,,,,,,,,,,,,,,,,,,,,,,,
tlm,ingress_preaccept,389192,1556768000,95,95,,,,0,197184,1,,,,1520,,130,,,129,,,,,,,,,,,,,,,,,,,,,,,,,,,,,,,,,,,,
tlm,ingress_preaccept,389192,1556768000,95,95,,,,3,197296,0,,,,1513,,171,,,170,,,,,,,,,,,,,,,,,,,,,,,,,,,,,,,,,,,,
tlm,ticket_enqueue,389192,1556768000,95,95,,,,1,197184,1,,,body,1520,1519,65,64,,,,,,,,,,,,,,,,,,,,,,,,,,,,,,,,,,,,,,
tlm,ticket_enqueue,389192,1556768000,95,95,,,,2,197200,1,,,body,1519,1518,92,91,,,,,,,,,,,,,,,,,,,,,,,,,,,,,,,,,,,,,,
tlm,ticket_enqueue,389192,1556768000,95,95,,,,3,197296,0,,,body,1513,1512,171,171,,,,,,,,,,,,,,,,,,,,,,,,,,,,,,,,,,,,,,
tlm,ingress_preaccept,389193,1556772000,95,95,,,,1,197200,3,,,,1519,,64,,,63,,,,,,,,,,,,,,,,,,,,,,,,,,,,,,,,,,,,
tlm,ingress_preaccept,389193,1556772000,95,95,,,,2,197216,0,,,,1518,,91,,,90,,,,,,,,,,,,,,,,,,,,,,,,,,,,,,,,,,,,
tlm,ingress_preaccept,389193,1556772000,95,95,,,,3,197312,2,,,,1512,,171,,,170,,,,,,,,,,,,,,,,,,,,,,,,,,,,,,,,,,,,
tlm,ticket_enqueue,389193,1556772000,95,95,,,,0,197184,1,,,body,1520,1519,130,129,,,,,,,,,,,,,,,,,,,,,,,,,,,,,,,,,,,,,,
tlm,ticket_enqueue,389193,1556772000,95,95,,,,2,197216,0,,,body,1518,1517,91,91,,,,,,,,,,,,,,,,,,,,,,,,,,,,,,,,,,,,,,
tlm,ingress_preaccept,389194,1556776000,95,95,,,,0,197200,0,,,,1519,,129,,,128,,,,,,,,,,,,,,,,,,,,,,,,,,,,,,,,,,,,
tlm,ingress_preaccept,389194,1556776000,95,95,,,,2,197232,2,,,,1517,,91,,,90,,,,,,,,,,,,,,,,,,,,,,,,,,,,,,,,,,,,
tlm,ticket_enqueue,389194,1556776000,95,95,,,,0,197200,0,,,body,1519,1518,129,129,,,,,,,,,,,,,,,,,,,,,,,,,,,,,,,,,,,,,,
tlm,ingress_preaccept,389195,1556780000,95,95,,,,0,197216,2,,,,1518,,129,,,128,,,,,,,,,,,,,,,,,,,,,,,,,,,,,,,,,,,,
tlm,ticket_enqueue,389195,1556780000,95,95,,,,3,197312,2,,,body,1512,1511,171,169,,,,,,,,,,,,,,,,,,,,,,,,,,,,,,,,,,,,,,
tlm,ingress_preaccept,389196,1556784000,95,95,,,,3,197328,2,,,,1511,,169,,,168,,,,,,,,,,,,,,,,,,,,,,,,,,,,,,,,,,,,
tlm,ticket_enqueue,389196,1556784000,95,95,,,,1,197200,3,,,body,1519,1518,64,61,,,,,,,,,,,,,,,,,,,,,,,,,,,,,,,,,,,,,,
tlm,ticket_enqueue,389196,1556784000,95,95,,,,2,197232,2,,,body,1517,1516,91,89,,,,,,,,,,,,,,,,,,,,,,,,,,,,,,,,,,,,,,
tlm,ingress_preaccept,389197,1556788000,95,95,,,,1,197216,0,,,,1518,,61,,,60,,,,,,,,,,,,,,,,,,,,,,,,,,,,,,,,,,,,
tlm,ingress_preaccept,389197,1556788000,95,95,,,,2,197248,0,,,,1516,,89,,,88,,,,,,,,,,,,,,,,,,,,,,,,,,,,,,,,,,,,
tlm,ticket_enqueue,389197,1556788000,95,95,,,,0,197216,2,,,body,1518,1517,129,127,,,,,,,,,,,,,,,,,,,,,,,,,,,,,,,,,,,,,,
tlm,ticket_enqueue,389197,1556788000,95,95,,,,1,197216,0,,,body,1518,1517,61,61,,,,,,,,,,,,,,,,,,,,,,,,,,,,,,,,,,,,,,
tlm,ticket_enqueue,389197,1556788000,95,95,,,,2,197248,0,,,body,1516,1515,89,89,,,,,,,,,,,,,,,,,,,,,,,,,,,,,,,,,,,,,,
tlm,ingress_preaccept,389198,1556792000,95,95,,,,0,197232,1,,,,1517,,127,,,126,,,,,,,,,,,,,,,,,,,,,,,,,,,,,,,,,,,,
tlm,ingress_preaccept,389198,1556792000,95,95,,,,1,197232,0,,,,1517,,61,,,60,,,,,,,,,,,,,,,,,,,,,,,,,,,,,,,,,,,,
tlm,ingress_preaccept,389198,1556792000,95,95,,,,2,197264,0,,,,1515,,89,,,88,,,,,,,,,,,,,,,,,,,,,,,,,,,,,,,,,,,,
tlm,ticket_enqueue,389198,1556792000,95,95,,,,1,197232,0,,,body,1517,1516,61,61,,,,,,,,,,,,,,,,,,,,,,,,,,,,,,,,,,,,,,
tlm,ticket_enqueue,389198,1556792000,95,95,,,,2,197264,0,,,body,1515,1514,89,89,,,,,,,,,,,,,,,,,,,,,,,,,,,,,,,,,,,,,,
tlm,ticket_enqueue,389198,1556792000,95,95,,,,3,197328,2,,,body,1511,1510,169,167,,,,,,,,,,,,,,,,,,,,,,,,,,,,,,,,,,,,,,
tlm,ingress_preaccept,389199,1556796000,95,95,,,,1,197248,1,,,,1516,,61,,,60,,,,,,,,,,,,,,,,,,,,,,,,,,,,,,,,,,,,
tlm,ingress_preaccept,389199,1556796000,95,95,,,,2,197280,0,,,,1514,,89,,,88,,,,,,,,,,,,,,,,,,,,,,,,,,,,,,,,,,,,
tlm,ingress_preaccept,389199,1556796000,95,95,,,,3,197344,0,,,,1510,,167,,,166,,,,,,,,,,,,,,,,,,,,,,,,,,,,,,,,,,,,
tlm,ticket_enqueue,389199,1556796000,95,95,,,,0,197232,1,,,body,1517,1516,127,126,,,,,,,,,,,,,,,,,,,,,,,,,,,,,,,,,,,,,,
tlm,ticket_enqueue,389199,1556796000,95,95,,,,2,197280,0,,,body,1514,1513,89,89,,,,,,,,,,,,,,,,,,,,,,,,,,,,,,,,,,,,,,
tlm,ticket_enqueue,389199,1556796000,95,95,,,,3,197344,0,,,body,1510,1509,167,167,,,,,,,,,,,,,,,,,,,,,,,,,,,,,,,,,,,,,,
tlm,ingress_preaccept,389200,1556800000,95,95,,,,0,197248,0,,,,1516,,126,,,125,,,,,,,,,,,,,,,,,,,,,,,,,,,,,,,,,,,,
tlm,ingress_preaccept,389200,1556800000,95,95,,,,2,197296,1,,,,1513,,89,,,88,,,,,,,,,,,,,,,,,,,,,,,,,,,,,,,,,,,,
tlm,ingress_preaccept,389200,1556800000,95,95,,,,3,197360,1,,,,1509,,167,,,166,,,,,,,,,,,,,,,,,,,,,,,,,,,,,,,,,,,,
tlm,ticket_enqueue,389200,1556800000,95,95,,,,0,197248,0,,,body,1516,1515,126,126,,,,,,,,,,,,,,,,,,,,,,,,,,,,,,,,,,,,,,
tlm,ticket_enqueue,389200,1556800000,95,95,,,,1,197248,1,,,body,1516,1515,61,60,,,,,,,,,,,,,,,,,,,,,,,,,,,,,,,,,,,,,,
tlm,ingress_preaccept,389201,1556804000,95,95,,,,0,197264,1,,,,1515,,126,,,125,,,,,,,,,,,,,,,,,,,,,,,,,,,,,,,,,,,,
tlm,ingress_preaccept,389201,1556804000,95,95,,,,1,197264,0,,,,1515,,60,,,59,,,,,,,,,,,,,,,,,,,,,,,,,,,,,,,,,,,,
tlm,ticket_enqueue,389201,1556804000,95,95,,,,1,197264,0,,,body,1515,1514,60,60,,,,,,,,,,,,,,,,,,,,,,,,,,,,,,,,,,,,,,
tlm,ticket_enqueue,389201,1556804000,95,95,,,,2,197296,1,,,body,1513,1512,89,88,,,,,,,,,,,,,,,,,,,,,,,,,,,,,,,,,,,,,,
tlm,ticket_enqueue,389201,1556804000,95,95,,,,3,197360,1,,,body,1509,1508,167,166,,,,,,,,,,,,,,,,,,,,,,,,,,,,,,,,,,,,,,
tlm,allocator_fetch,389202,1556808000,75,75,156304,41,15,,,,,,,,,,,,,,,,,,,,,,,,,,,,,,,,,,,,,,,,,,,,,,,,
tlm,allocator_lane_action,389202,1556808000,75,75,156304,,,0,156304,0,,,,,,,,empty,,,,,,,,,,,,,,,,,,,,,,,,,,,,,,,,,,,,,
tlm,ingress_preaccept,389202,1556808000,95,95,,,,1,197280,0,,,,1514,,60,,,59,,,,,,,,,,,,,,,,,,,,,,,,,,,,,,,,,,,,
tlm,ingress_preaccept,389202,1556808000,95,95,,,,2,197312,3,,,,1512,,88,,,87,,,,,,,,,,,,,,,,,,,,,,,,,,,,,,,,,,,,
tlm,ingress_preaccept,389202,1556808000,95,95,,,,3,197376,0,,,,1508,,166,,,165,,,,,,,,,,,,,,,,,,,,,,,,,,,,,,,,,,,,
tlm,ticket_enqueue,389202,1556808000,95,95,,,,0,197264,1,,,body,1515,1514,126,125,,,,,,,,,,,,,,,,,,,,,,,,,,,,,,,,,,,,,,
tlm,ticket_enqueue,389202,1556808000,95,95,,,,1,197280,0,,,body,1514,1513,60,60,,,,,,,,,,,,,,,,,,,,,,,,,,,,,,,,,,,,,,
tlm,ticket_enqueue,389202,1556808000,95,95,,,,3,197376,0,,,body,1508,1507,166,166,,,,,,,,,,,,,,,,,,,,,,,,,,,,,,,,,,,,,,
tlm,ticket_pop,389202,1556808000,75,75,,,,0,156304,0,,,body,1514,1515,,,,,,,,,,,,,,,,,,,,,,,,,,,,,,,,,,,,,,,,
tlm,ticket_pop,389202,1556808000,75,75,,,,1,156304,1,,,body,1513,1514,,,,,,,,,,,,,,,,,,,,,,,,,,,,,,,,,,,,,,,,
tlm,ticket_pop,389202,1556808000,75,75,,,,2,156304,0,,,body,1512,1513,,,,,,,,,,,,,,,,,,,,,,,,,,,,,,,,,,,,,,,,
tlm,ticket_pop,389202,1556808000,75,75,,,,3,156304,0,,,body,1507,1508,,,,,,,,,,,,,,,,,,,,,,,,,,,,,,,,,,,,,,,,
tlm,ingress_preaccept,389203,1556812000,95,95,,,,0,197280,2,,,,1515,,125,,,124,,,,,,,,,,,,,,,,,,,,,,,,,,,,,,,,,,,,
tlm,ingress_preaccept,389203,1556812000,95,95,,,,1,197296,3,,,,1514,,60,,,59,,,,,,,,,,,,,,,,,,,,,,,,,,,,,,,,,,,,
tlm,ingress_preaccept,389203,1556812000,95,95,,,,3,197392,3,,,,1508,,166,,,165,,,,,,,,,,,,,,,,,,,,,,,,,,,,,,,,,,,,
tlm,handle_accept,389204,1556816000,75,75,156304,,,1,156304,1,1,177,,,,,,,,,,,,,,,,,,,,,,,,,,,,,,,,,,,,,,,,,,,
tlm,ticket_enqueue,389205,1556820000,95,95,,,,0,197280,2,,,body,1515,1514,125,123,,,,,,,,,,,,,,,,,,,,,,,,,,,,,,,,,,,,,,
tlm,ticket_enqueue,389205,1556820000,95,95,,,,2,197312,3,,,body,1513,1512,88,85,,,,,,,,,,,,,,,,,,,,,,,,,,,,,,,,,,,,,,
tlm,allocator_lane_action,389206,1556824000,75,75,156304,,,2,156304,0,,,,,,,,empty,,,,,,,,,,,,,,,,,,,,,,,,,,,,,,,,,,,,,
tlm,credit_return,389206,1556824000,75,75,,,,1,156304,1,0,,,,,57,58,,,,,,,,,,,,,,,,,,,,,,,,,,,,,,,,,,,,,,
tlm,ingress_preaccept,389206,1556824000,95,95,,,,0,197296,1,,,,1514,,123,,,122,,,,,,,,,,,,,,,,,,,,,,,,,,,,,,,,,,,,
tlm,ingress_preaccept,389206,1556824000,95,95,,,,2,197328,0,,,,1512,,85,,,84,,,,,,,,,,,,,,,,,,,,,,,,,,,,,,,,,,,,
tlm,ticket_enqueue,389206,1556824000,95,95,,,,1,197296,3,,,body,1514,1513,60,57,,,,,,,,,,,,,,,,,,,,,,,,,,,,,,,,,,,,,,
tlm,ticket_enqueue,389206,1556824000,95,95,,,,2,197328,0,,,body,1512,1511,85,85,,,,,,,,,,,,,,,,,,,,,,,,,,,,,,,,,,,,,,
tlm,ticket_enqueue,389206,1556824000,95,95,,,,3,197392,3,,,body,1508,1507,166,163,,,,,,,,,,,,,,,,,,,,,,,,,,,,,,,,,,,,,,
tlm,ingress_preaccept,389207,1556828000,95,95,,,,1,197312,1,,,,1513,,58,,,57,,,,,,,,,,,,,,,,,,,,,,,,,,,,,,,,,,,,
tlm,ingress_preaccept,389207,1556828000,95,95,,,,2,197344,2,,,,1511,,85,,,84,,,,,,,,,,,,,,,,,,,,,,,,,,,,,,,,,,,,
tlm,ingress_preaccept,389207,1556828000,95,95,,,,3,197408,0,,,,1507,,163,,,162,,,,,,,,,,,,,,,,,,,,,,,,,,,,,,,,,,,,
tlm,ticket_enqueue,389207,1556828000,95,95,,,,0,197296,1,,,body,1514,1513,123,122,,,,,,,,,,,,,,,,,,,,,,,,,,,,,,,,,,,,,,
tlm,ticket_enqueue,389207,1556828000,95,95,,,,3,197408,0,,,body,1507,1506,163,163,,,,,,,,,,,,,,,,,,,,,,,,,,,,,,,,,,,,,,
tlm,allocator_lane_action,389208,1556832000,75,75,156304,,,3,156304,0,,,,,,,,empty,,,,,,,,,,,,,,,,,,,,,,,,,,,,,,,,,,,,,
tlm,ingress_preaccept,389208,1556832000,95,95,,,,0,197312,0,,,,1513,,122,,,121,,,,,,,,,,,,,,,,,,,,,,,,,,,,,,,,,,,,
tlm,ingress_preaccept,389208,1556832000,95,95,,,,3,197424,1,,,,1506,,163,,,162,,,,,,,,,,,,,,,,,,,,,,,,,,,,,,,,,,,,
tlm,ticket_enqueue,389208,1556832000,95,95,,,,0,197312,0,,,body,1513,1512,122,122,,,,,,,,,,,,,,,,,,,,,,,,,,,,,,,,,,,,,,
tlm,ticket_enqueue,389208,1556832000,95,95,,,,1,197312,1,,,body,1513,1512,58,57,,,,,,,,,,,,,,,,,,,,,,,,,,,,,,,,,,,,,,
tlm,ingress_preaccept,389209,1556836000,95,95,,,,0,197328,1,,,,1512,,122,,,121,,,,,,,,,,,,,,,,,,,,,,,,,,,,,,,,,,,,
tlm,ingress_preaccept,389209,1556836000,95,95,,,,1,197328,0,,,,1512,,57,,,56,,,,,,,,,,,,,,,,,,,,,,,,,,,,,,,,,,,,
tlm,ticket_enqueue,389209,1556836000,95,95,,,,1,197328,0,,,body,1512,1511,57,57,,,,,,,,,,,,,,,,,,,,,,,,,,,,,,,,,,,,,,
tlm,ticket_enqueue,389209,1556836000,95,95,,,,2,197344,2,,,body,1511,1510,85,83,,,,,,,,,,,,,,,,,,,,,,,,,,,,,,,,,,,,,,
tlm,ticket_enqueue,389209,1556836000,95,95,,,,3,197424,1,,,body,1506,1505,163,162,,,,,,,,,,,,,,,,,,,,,,,,,,,,,,,,,,,,,,
tlm,ingress_preaccept,389210,1556840000,95,95,,,,1,197344,0,,,,1511,,57,,,56,,,,,,,,,,,,,,,,,,,,,,,,,,,,,,,,,,,,
tlm,ingress_preaccept,389210,1556840000,95,95,,,,2,197360,0,,,,1510,,83,,,82,,,,,,,,,,,,,,,,,,,,,,,,,,,,,,,,,,,,
tlm,ingress_preaccept,389210,1556840000,95,95,,,,3,197440,1,,,,1505,,162,,,161,,,,,,,,,,,,,,,,,,,,,,,,,,,,,,,,,,,,
tlm,ticket_enqueue,389210,1556840000,95,95,,,,0,197328,1,,,body,1512,1511,122,121,,,,,,,,,,,,,,,,,,,,,,,,,,,,,,,,,,,,,,
tlm,ticket_enqueue,389210,1556840000,95,95,,,,1,197344,0,,,body,1511,1510,57,57,,,,,,,,,,,,,,,,,,,,,,,,,,,,,,,,,,,,,,
tlm,ticket_enqueue,389210,1556840000,95,95,,,,2,197360,0,,,body,1510,1509,83,83,,,,,,,,,,,,,,,,,,,,,,,,,,,,,,,,,,,,,,
tlm,ingress_preaccept,389211,1556844000,95,95,,,,0,197344,1,,,,1511,,121,,,120,,,,,,,,,,,,,,,,,,,,,,,,,,,,,,,,,,,,
tlm,ingress_preaccept,389211,1556844000,95,95,,,,1,197360,0,,,,1510,,57,,,56,,,,,,,,,,,,,,,,,,,,,,,,,,,,,,,,,,,,
tlm,ingress_preaccept,389211,1556844000,95,95,,,,2,197376,1,,,,1509,,83,,,82,,,,,,,,,,,,,,,,,,,,,,,,,,,,,,,,,,,,
tlm,ticket_enqueue,389211,1556844000,95,95,,,,1,197360,0,,,body,1510,1509,57,57,,,,,,,,,,,,,,,,,,,,,,,,,,,,,,,,,,,,,,
tlm,ticket_enqueue,389211,1556844000,95,95,,,,3,197440,1,,,body,1505,1504,162,161,,,,,,,,,,,,,,,,,,,,,,,,,,,,,,,,,,,,,,
tlm,ingress_preaccept,389212,1556848000,95,95,,,,1,197376,1,,,,1509,,57,,,56,,,,,,,,,,,,,,,,,,,,,,,,,,,,,,,,,,,,
tlm,ingress_preaccept,389212,1556848000,95,95,,,,3,197456,1,,,,1504,,161,,,160,,,,,,,,,,,,,,,,,,,,,,,,,,,,,,,,,,,,
tlm,ticket_enqueue,389212,1556848000,95,95,,,,0,197344,1,,,body,1511,1510,121,120,,,,,,,,,,,,,,,,,,,,,,,,,,,,,,,,,,,,,,
tlm,ticket_enqueue,389212,1556848000,95,95,,,,2,197376,1,,,body,1509,1508,83,82,,,,,,,,,,,,,,,,,,,,,,,,,,,,,,,,,,,,,,
tlm,ingress_preaccept,389213,1556852000,95,95,,,,0,197360,1,,,,1510,,120,,,119,,,,,,,,,,,,,,,,,,,,,,,,,,,,,,,,,,,,
tlm,ingress_preaccept,389213,1556852000,95,95,,,,2,197392,1,,,,1508,,82,,,81,,,,,,,,,,,,,,,,,,,,,,,,,,,,,,,,,,,,
tlm,ticket_enqueue,389213,1556852000,95,95,,,,1,197376,1,,,body,1509,1508,57,56,,,,,,,,,,,,,,,,,,,,,,,,,,,,,,,,,,,,,,
tlm,ticket_enqueue,389213,1556852000,95,95,,,,3,197456,1,,,body,1504,1503,161,160,,,,,,,,,,,,,,,,,,,,,,,,,,,,,,,,,,,,,,
tlm,ingress_preaccept,389214,1556856000,95,95,,,,1,197392,0,,,,1508,,56,,,55,,,,,,,,,,,,,,,,,,,,,,,,,,,,,,,,,,,,
tlm,ingress_preaccept,389214,1556856000,95,95,,,,3,197472,0,,,,1503,,160,,,159,,,,,,,,,,,,,,,,,,,,,,,,,,,,,,,,,,,,
tlm,ticket_enqueue,389214,1556856000,95,95,,,,0,197360,1,,,body,1510,1509,120,119,,,,,,,,,,,,,,,,,,,,,,,,,,,,,,,,,,,,,,
tlm,ticket_enqueue,389214,1556856000,95,95,,,,1,197392,0,,,body,1508,1507,56,56,,,,,,,,,,,,,,,,,,,,,,,,,,,,,,,,,,,,,,
tlm,ticket_enqueue,389214,1556856000,95,95,,,,2,197392,1,,,body,1508,1507,82,81,,,,,,,,,,,,,,,,,,,,,,,,,,,,,,,,,,,,,,
tlm,ticket_enqueue,389214,1556856000,95,95,,,,3,197472,0,,,body,1503,1502,160,160,,,,,,,,,,,,,,,,,,,,,,,,,,,,,,,,,,,,,,
tlm,ingress_preaccept,389215,1556860000,95,95,,,,0,197376,1,,,,1509,,119,,,118,,,,,,,,,,,,,,,,,,,,,,,,,,,,,,,,,,,,
tlm,ingress_preaccept,389215,1556860000,95,95,,,,1,197408,2,,,,1507,,56,,,55,,,,,,,,,,,,,,,,,,,,,,,,,,,,,,,,,,,,
tlm,ingress_preaccept,389215,1556860000,95,95,,,,2,197408,0,,,,1507,,81,,,80,,,,,,,,,,,,,,,,,,,,,,,,,,,,,,,,,,,,
tlm,ingress_preaccept,389215,1556860000,95,95,,,,3,197488,2,,,,1502,,160,,,159,,,,,,,,,,,,,,,,,,,,,,,,,,,,,,,,,,,,
tlm,ticket_enqueue,389215,1556860000,95,95,,,,2,197408,0,,,body,1507,1506,81,81,,,,,,,,,,,,,,,,,,,,,,,,,,,,,,,,,,,,,,
tlm,ingress_preaccept,389216,1556864000,95,95,,,,2,197424,0,,,,1506,,81,,,80,,,,,,,,,,,,,,,,,,,,,,,,,,,,,,,,,,,,
tlm,ticket_enqueue,389216,1556864000,95,95,,,,0,197376,1,,,body,1509,1508,119,118,,,,,,,,,,,,,,,,,,,,,,,,,,,,,,,,,,,,,,
tlm,ticket_enqueue,389216,1556864000,95,95,,,,2,197424,0,,,body,1506,1505,81,81,,,,,,,,,,,,,,,,,,,,,,,,,,,,,,,,,,,,,,
tlm,ingress_preaccept,389217,1556868000,95,95,,,,0,197392,0,,,,1508,,118,,,117,,,,,,,,,,,,,,,,,,,,,,,,,,,,,,,,,,,,
tlm,ingress_preaccept,389217,1556868000,95,95,,,,2,197440,0,,,,1505,,81,,,80,,,,,,,,,,,,,,,,,,,,,,,,,,,,,,,,,,,,
tlm,ticket_enqueue,389217,1556868000,95,95,,,,0,197392,0,,,body,1508,1507,118,118,,,,,,,,,,,,,,,,,,,,,,,,,,,,,,,,,,,,,,
tlm,ticket_enqueue,389217,1556868000,95,95,,,,1,197408,2,,,body,1507,1506,56,54,,,,,,,,,,,,,,,,,,,,,,,,,,,,,,,,,,,,,,
tlm,ticket_enqueue,389217,1556868000,95,95,,,,2,197440,0,,,body,1505,1504,81,81,,,,,,,,,,,,,,,,,,,,,,,,,,,,,,,,,,,,,,
tlm,ticket_enqueue,389217,1556868000,95,95,,,,3,197488,2,,,body,1502,1501,160,158,,,,,,,,,,,,,,,,,,,,,,,,,,,,,,,,,,,,,,
tlm,ingress_preaccept,389218,1556872000,95,95,,,,0,197408,0,,,,1507,,118,,,117,,,,,,,,,,,,,,,,,,,,,,,,,,,,,,,,,,,,
tlm,ingress_preaccept,389218,1556872000,95,95,,,,1,197424,0,,,,1506,,54,,,53,,,,,,,,,,,,,,,,,,,,,,,,,,,,,,,,,,,,
tlm,ingress_preaccept,389218,1556872000,95,95,,,,2,197456,1,,,,1504,,81,,,80,,,,,,,,,,,,,,,,,,,,,,,,,,,,,,,,,,,,
tlm,ingress_preaccept,389218,1556872000,95,95,,,,3,197504,1,,,,1501,,158,,,157,,,,,,,,,,,,,,,,,,,,,,,,,,,,,,,,,,,,
tlm,ticket_enqueue,389218,1556872000,95,95,,,,0,197408,0,,,body,1507,1506,118,118,,,,,,,,,,,,,,,,,,,,,,,,,,,,,,,,,,,,,,
tlm,ticket_enqueue,389218,1556872000,95,95,,,,1,197424,0,,,body,1506,1505,54,54,,,,,,,,,,,,,,,,,,,,,,,,,,,,,,,,,,,,,,
tlm,ingress_preaccept,389219,1556876000,95,95,,,,0,197424,0,,,,1506,,118,,,117,,,,,,,,,,,,,,,,,,,,,,,,,,,,,,,,,,,,
tlm,ingress_preaccept,389219,1556876000,95,95,,,,1,197440,1,,,,1505,,54,,,53,,,,,,,,,,,,,,,,,,,,,,,,,,,,,,,,,,,,
tlm,ticket_enqueue,389219,1556876000,95,95,,,,0,197424,0,,,body,1506,1505,118,118,,,,,,,,,,,,,,,,,,,,,,,,,,,,,,,,,,,,,,
tlm,ticket_enqueue,389219,1556876000,95,95,,,,2,197456,1,,,body,1504,1503,81,80,,,,,,,,,,,,,,,,,,,,,,,,,,,,,,,,,,,,,,
tlm,ticket_enqueue,389219,1556876000,95,95,,,,3,197504,1,,,body,1501,1500,158,157,,,,,,,,,,,,,,,,,,,,,,,,,,,,,,,,,,,,,,
tlm,ingress_preaccept,389220,1556880000,95,95,,,,0,197440,0,,,,1505,,118,,,117,,,,,,,,,,,,,,,,,,,,,,,,,,,,,,,,,,,,
tlm,ingress_preaccept,389220,1556880000,95,95,,,,2,197472,0,,,,1503,,80,,,79,,,,,,,,,,,,,,,,,,,,,,,,,,,,,,,,,,,,
tlm,ingress_preaccept,389220,1556880000,95,95,,,,3,197520,0,,,,1500,,157,,,156,,,,,,,,,,,,,,,,,,,,,,,,,,,,,,,,,,,,
tlm,ticket_enqueue,389220,1556880000,95,95,,,,0,197440,0,,,body,1505,1504,118,118,,,,,,,,,,,,,,,,,,,,,,,,,,,,,,,,,,,,,,
tlm,ticket_enqueue,389220,1556880000,95,95,,,,1,197440,1,,,body,1505,1504,54,53,,,,,,,,,,,,,,,,,,,,,,,,,,,,,,,,,,,,,,
tlm,ticket_enqueue,389220,1556880000,95,95,,,,2,197472,0,,,body,1503,1502,80,80,,,,,,,,,,,,,,,,,,,,,,,,,,,,,,,,,,,,,,
tlm,ticket_enqueue,389220,1556880000,95,95,,,,3,197520,0,,,body,1500,1499,157,157,,,,,,,,,,,,,,,,,,,,,,,,,,,,,,,,,,,,,,
tlm,ingress_preaccept,389221,1556884000,95,95,,,,0,197456,2,,,,1504,,118,,,117,,,,,,,,,,,,,,,,,,,,,,,,,,,,,,,,,,,,
tlm,ingress_preaccept,389221,1556884000,95,95,,,,1,197456,0,,,,1504,,53,,,52,,,,,,,,,,,,,,,,,,,,,,,,,,,,,,,,,,,,
tlm,ingress_preaccept,389221,1556884000,95,95,,,,2,197488,1,,,,1502,,80,,,79,,,,,,,,,,,,,,,,,,,,,,,,,,,,,,,,,,,,
tlm,ingress_preaccept,389221,1556884000,95,95,,,,3,197536,0,,,,1499,,157,,,156,,,,,,,,,,,,,,,,,,,,,,,,,,,,,,,,,,,,
tlm,ticket_enqueue,389221,1556884000,95,95,,,,1,197456,0,,,body,1504,1503,53,53,,,,,,,,,,,,,,,,,,,,,,,,,,,,,,,,,,,,,,
tlm,ticket_enqueue,389221,1556884000,95,95,,,,3,197536,0,,,body,1499,1498,157,157,,,,,,,,,,,,,,,,,,,,,,,,,,,,,,,,,,,,,,
tlm,ingress_preaccept,389222,1556888000,95,95,,,,1,197472,0,,,,1503,,53,,,52,,,,,,,,,,,,,,,,,,,,,,,,,,,,,,,,,,,,
tlm,ingress_preaccept,389222,1556888000,95,95,,,,3,197552,1,,,,1498,,157,,,156,,,,,,,,,,,,,,,,,,,,,,,,,,,,,,,,,,,,
tlm,ticket_enqueue,389222,1556888000,95,95,,,,1,197472,0,,,body,1503,1502,53,53,,,,,,,,,,,,,,,,,,,,,,,,,,,,,,,,,,,,,,
tlm,ticket_enqueue,389222,1556888000,95,95,,,,2,197488,1,,,body,1502,1501,80,79,,,,,,,,,,,,,,,,,,,,,,,,,,,,,,,,,,,,,,
tlm,ingress_preaccept,389223,1556892000,95,95,,,,1,197488,0,,,,1502,,53,,,52,,,,,,,,,,,,,,,,,,,,,,,,,,,,,,,,,,,,
tlm,ingress_preaccept,389223,1556892000,95,95,,,,2,197504,1,,,,1501,,79,,,78,,,,,,,,,,,,,,,,,,,,,,,,,,,,,,,,,,,,
tlm,ticket_enqueue,389223,1556892000,95,95,,,,0,197456,2,,,body,1504,1503,118,116,,,,,,,,,,,,,,,,,,,,,,,,,,,,,,,,,,,,,,
tlm,ticket_enqueue,389223,1556892000,95,95,,,,1,197488,0,,,body,1502,1501,53,53,,,,,,,,,,,,,,,,,,,,,,,,,,,,,,,,,,,,,,
tlm,ticket_enqueue,389223,1556892000,95,95,,,,3,197552,1,,,body,1498,1497,157,156,,,,,,,,,,,,,,,,,,,,,,,,,,,,,,,,,,,,,,
tlm,ingress_preaccept,389224,1556896000,95,95,,,,0,197472,1,,,,1503,,116,,,115,,,,,,,,,,,,,,,,,,,,,,,,,,,,,,,,,,,,
tlm,ingress_preaccept,389224,1556896000,95,95,,,,1,197504,2,,,,1501,,53,,,52,,,,,,,,,,,,,,,,,,,,,,,,,,,,,,,,,,,,
tlm,ingress_preaccept,389224,1556896000,95,95,,,,3,197568,1,,,,1497,,156,,,155,,,,,,,,,,,,,,,,,,,,,,,,,,,,,,,,,,,,
tlm,ticket_enqueue,389224,1556896000,95,95,,,,2,197504,1,,,body,1501,1500,79,78,,,,,,,,,,,,,,,,,,,,,,,,,,,,,,,,,,,,,,
tlm,ingress_preaccept,389225,1556900000,95,95,,,,2,197520,0,,,,1500,,78,,,77,,,,,,,,,,,,,,,,,,,,,,,,,,,,,,,,,,,,
tlm,ticket_enqueue,389225,1556900000,95,95,,,,0,197472,1,,,body,1503,1502,116,115,,,,,,,,,,,,,,,,,,,,,,,,,,,,,,,,,,,,,,
tlm,ticket_enqueue,389225,1556900000,95,95,,,,2,197520,0,,,body,1500,1499,78,78,,,,,,,,,,,,,,,,,,,,,,,,,,,,,,,,,,,,,,
tlm,ticket_enqueue,389225,1556900000,95,95,,,,3,197568,1,,,body,1497,1496,156,155,,,,,,,,,,,,,,,,,,,,,,,,,,,,,,,,,,,,,,
tlm,ingress_preaccept,389226,1556904000,95,95,,,,0,197488,0,,,,1502,,115,,,114,,,,,,,,,,,,,,,,,,,,,,,,,,,,,,,,,,,,
tlm,ingress_preaccept,389226,1556904000,95,95,,,,2,197536,3,,,,1499,,78,,,77,,,,,,,,,,,,,,,,,,,,,,,,,,,,,,,,,,,,
tlm,ingress_preaccept,389226,1556904000,95,95,,,,3,197584,3,,,,1496,,155,,,154,,,,,,,,,,,,,,,,,,,,,,,,,,,,,,,,,,,,
tlm,ticket_enqueue,389226,1556904000,95,95,,,,0,197488,0,,,body,1502,1501,115,115,,,,,,,,,,,,,,,,,,,,,,,,,,,,,,,,,,,,,,
tlm,ticket_enqueue,389226,1556904000,95,95,,,,1,197504,2,,,body,1501,1500,53,51,,,,,,,,,,,,,,,,,,,,,,,,,,,,,,,,,,,,,,
tlm,ingress_preaccept,389227,1556908000,95,95,,,,0,197504,1,,,,1501,,115,,,114,,,,,,,,,,,,,,,,,,,,,,,,,,,,,,,,,,,,
tlm,ingress_preaccept,389227,1556908000,95,95,,,,1,197520,1,,,,1500,,51,,,50,,,,,,,,,,,,,,,,,,,,,,,,,,,,,,,,,,,,
tlm,ticket_enqueue,389228,1556912000,95,95,,,,0,197504,1,,,body,1501,1500,115,114,,,,,,,,,,,,,,,,,,,,,,,,,,,,,,,,,,,,,,
tlm,ticket_enqueue,389228,1556912000,95,95,,,,1,197520,1,,,body,1500,1499,51,50,,,,,,,,,,,,,,,,,,,,,,,,,,,,,,,,,,,,,,
tlm,allocator_fetch,389229,1556916000,75,75,156320,42,15,,,,,,,,,,,,,,,,,,,,,,,,,,,,,,,,,,,,,,,,,,,,,,,,
tlm,allocator_lane_action,389229,1556916000,75,75,156320,,,0,156320,0,,,,,,,,empty,,,,,,,,,,,,,,,,,,,,,,,,,,,,,,,,,,,,,
tlm,ingress_preaccept,389229,1556916000,95,95,,,,0,197520,2,,,,1500,,114,,,113,,,,,,,,,,,,,,,,,,,,,,,,,,,,,,,,,,,,
tlm,ingress_preaccept,389229,1556916000,95,95,,,,1,197536,1,,,,1499,,50,,,49,,,,,,,,,,,,,,,,,,,,,,,,,,,,,,,,,,,,
tlm,ticket_enqueue,389229,1556916000,95,95,,,,2,197536,3,,,body,1499,1498,78,75,,,,,,,,,,,,,,,,,,,,,,,,,,,,,,,,,,,,,,
tlm,ticket_enqueue,389229,1556916000,95,95,,,,3,197584,3,,,body,1496,1495,155,152,,,,,,,,,,,,,,,,,,,,,,,,,,,,,,,,,,,,,,
tlm,ticket_pop,389229,1556916000,75,75,,,,0,156320,0,,,body,1500,1501,,,,,,,,,,,,,,,,,,,,,,,,,,,,,,,,,,,,,,,,
tlm,ticket_pop,389229,1556916000,75,75,,,,1,156320,1,,,body,1499,1500,,,,,,,,,,,,,,,,,,,,,,,,,,,,,,,,,,,,,,,,
tlm,ticket_pop,389229,1556916000,75,75,,,,2,156320,0,,,body,1498,1499,,,,,,,,,,,,,,,,,,,,,,,,,,,,,,,,,,,,,,,,
tlm,ticket_pop,389229,1556916000,75,75,,,,3,156320,0,,,body,1495,1496,,,,,,,,,,,,,,,,,,,,,,,,,,,,,,,,,,,,,,,,
tlm,ingress_preaccept,389230,1556920000,95,95,,,,2,197552,0,,,,1499,,75,,,74,,,,,,,,,,,,,,,,,,,,,,,,,,,,,,,,,,,,
tlm,ingress_preaccept,389230,1556920000,95,95,,,,3,197600,1,,,,1496,,152,,,151,,,,,,,,,,,,,,,,,,,,,,,,,,,,,,,,,,,,
tlm,ticket_enqueue,389230,1556920000,95,95,,,,1,197536,1,,,body,1500,1499,50,49,,,,,,,,,,,,,,,,,,,,,,,,,,,,,,,,,,,,,,
tlm,ticket_enqueue,389230,1556920000,95,95,,,,2,197552,0,,,body,1499,1498,75,75,,,,,,,,,,,,,,,,,,,,,,,,,,,,,,,,,,,,,,
tlm,handle_accept,389231,1556924000,75,75,156320,,,1,156320,1,1,179,,,,,,,,,,,,,,,,,,,,,,,,,,,,,,,,,,,,,,,,,,,
tlm,ingress_preaccept,389231,1556924000,95,95,,,,1,197552,1,,,,1499,,49,,,48,,,,,,,,,,,,,,,,,,,,,,,,,,,,,,,,,,,,
tlm,ingress_preaccept,389231,1556924000,95,95,,,,2,197568,0,,,,1498,,75,,,74,,,,,,,,,,,,,,,,,,,,,,,,,,,,,,,,,,,,
tlm,ticket_enqueue,389231,1556924000,95,95,,,,0,197520,2,,,body,1501,1500,114,112,,,,,,,,,,,,,,,,,,,,,,,,,,,,,,,,,,,,,,
tlm,ticket_enqueue,389231,1556924000,95,95,,,,2,197568,0,,,body,1498,1497,75,75,,,,,,,,,,,,,,,,,,,,,,,,,,,,,,,,,,,,,,
tlm,ticket_enqueue,389231,1556924000,95,95,,,,3,197600,1,,,body,1496,1495,152,151,,,,,,,,,,,,,,,,,,,,,,,,,,,,,,,,,,,,,,
tlm,ingress_preaccept,389232,1556928000,95,95,,,,0,197536,4,,,,1500,,112,,,111,,,,,,,,,,,,,,,,,,,,,,,,,,,,,,,,,,,,
tlm,ingress_preaccept,389232,1556928000,95,95,,,,2,197584,0,,,,1497,,75,,,74,,,,,,,,,,,,,,,,,,,,,,,,,,,,,,,,,,,,
tlm,ingress_preaccept,389232,1556928000,95,95,,,,3,197616,1,,,,1495,,151,,,150,,,,,,,,,,,,,,,,,,,,,,,,,,,,,,,,,,,,
tlm,ticket_enqueue,389232,1556928000,95,95,,,,1,197552,1,,,body,1499,1498,49,48,,,,,,,,,,,,,,,,,,,,,,,,,,,,,,,,,,,,,,
tlm,ticket_enqueue,389232,1556928000,95,95,,,,2,197584,0,,,body,1497,1496,75,75,,,,,,,,,,,,,,,,,,,,,,,,,,,,,,,,,,,,,,
tlm,allocator_lane_action,389233,1556932000,75,75,156320,,,2,156320,0,,,,,,,,empty,,,,,,,,,,,,,,,,,,,,,,,,,,,,,,,,,,,,,
tlm,credit_return,389233,1556932000,75,75,,,,1,156320,1,0,,,,,48,49,,,,,,,,,,,,,,,,,,,,,,,,,,,,,,,,,,,,,,
tlm,ingress_preaccept,389233,1556932000,95,95,,,,1,197568,0,,,,1498,,48,,,47,,,,,,,,,,,,,,,,,,,,,,,,,,,,,,,,,,,,
tlm,ingress_preaccept,389233,1556932000,95,95,,,,2,197600,1,,,,1496,,75,,,74,,,,,,,,,,,,,,,,,,,,,,,,,,,,,,,,,,,,
tlm,ticket_enqueue,389233,1556932000,95,95,,,,1,197568,0,,,body,1498,1497,48,48,,,,,,,,,,,,,,,,,,,,,,,,,,,,,,,,,,,,,,
tlm,ticket_enqueue,389233,1556932000,95,95,,,,3,197616,1,,,body,1495,1494,151,150,,,,,,,,,,,,,,,,,,,,,,,,,,,,,,,,,,,,,,
tlm,ingress_preaccept,389234,1556936000,95,95,,,,1,197584,1,,,,1497,,49,,,48,,,,,,,,,,,,,,,,,,,,,,,,,,,,,,,,,,,,
tlm,ingress_preaccept,389234,1556936000,95,95,,,,3,197632,0,,,,1494,,150,,,149,,,,,,,,,,,,,,,,,,,,,,,,,,,,,,,,,,,,
tlm,ticket_enqueue,389234,1556936000,95,95,,,,2,197600,1,,,body,1496,1495,75,74,,,,,,,,,,,,,,,,,,,,,,,,,,,,,,,,,,,,,,
tlm,ticket_enqueue,389234,1556936000,95,95,,,,3,197632,0,,,body,1494,1493,150,150,,,,,,,,,,,,,,,,,,,,,,,,,,,,,,,,,,,,,,
tlm,allocator_lane_action,389235,1556940000,75,75,156320,,,3,156320,0,,,,,,,,empty,,,,,,,,,,,,,,,,,,,,,,,,,,,,,,,,,,,,,
tlm,ingress_preaccept,389235,1556940000,95,95,,,,2,197616,0,,,,1495,,74,,,73,,,,,,,,,,,,,,,,,,,,,,,,,,,,,,,,,,,,
tlm,ingress_preaccept,389235,1556940000,95,95,,,,3,197648,0,,,,1493,,150,,,149,,,,,,,,,,,,,,,,,,,,,,,,,,,,,,,,,,,,
tlm,ticket_enqueue,389235,1556940000,95,95,,,,1,197584,1,,,body,1497,1496,49,48,,,,,,,,,,,,,,,,,,,,,,,,,,,,,,,,,,,,,,
tlm,ticket_enqueue,389235,1556940000,95,95,,,,2,197616,0,,,body,1495,1494,74,74,,,,,,,,,,,,,,,,,,,,,,,,,,,,,,,,,,,,,,
tlm,ticket_enqueue,389235,1556940000,95,95,,,,3,197648,0,,,body,1493,1492,150,150,,,,,,,,,,,,,,,,,,,,,,,,,,,,,,,,,,,,,,
tlm,ingress_preaccept,389236,1556944000,95,95,,,,1,197600,1,,,,1496,,48,,,47,,,,,,,,,,,,,,,,,,,,,,,,,,,,,,,,,,,,
tlm,ingress_preaccept,389236,1556944000,95,95,,,,2,197632,1,,,,1494,,74,,,73,,,,,,,,,,,,,,,,,,,,,,,,,,,,,,,,,,,,
tlm,ingress_preaccept,389236,1556944000,95,95,,,,3,197664,1,,,,1492,,150,,,149,,,,,,,,,,,,,,,,,,,,,,,,,,,,,,,,,,,,
tlm,ticket_enqueue,389236,1556944000,95,95,,,,0,197536,4,,,body,1500,1499,112,108,,,,,,,,,,,,,,,,,,,,,,,,,,,,,,,,,,,,,,
tlm,ingress_preaccept,389237,1556948000,95,95,,,,0,197552,0,,,,1499,,108,,,107,,,,,,,,,,,,,,,,,,,,,,,,,,,,,,,,,,,,
tlm,ticket_enqueue,389237,1556948000,95,95,,,,0,197552,0,,,body,1499,1498,108,108,,,,,,,,,,,,,,,,,,,,,,,,,,,,,,,,,,,,,,
tlm,ticket_enqueue,389237,1556948000,95,95,,,,1,197600,1,,,body,1496,1495,48,47,,,,,,,,,,,,,,,,,,,,,,,,,,,,,,,,,,,,,,
tlm,ticket_enqueue,389237,1556948000,95,95,,,,2,197632,1,,,body,1494,1493,74,73,,,,,,,,,,,,,,,,,,,,,,,,,,,,,,,,,,,,,,
tlm,ticket_enqueue,389237,1556948000,95,95,,,,3,197664,1,,,body,1492,1491,150,149,,,,,,,,,,,,,,,,,,,,,,,,,,,,,,,,,,,,,,
tlm,ingress_preaccept,389238,1556952000,95,95,,,,0,197568,0,,,,1498,,108,,,107,,,,,,,,,,,,,,,,,,,,,,,,,,,,,,,,,,,,
tlm,ingress_preaccept,389238,1556952000,95,95,,,,1,197616,2,,,,1495,,47,,,46,,,,,,,,,,,,,,,,,,,,,,,,,,,,,,,,,,,,
tlm,ingress_preaccept,389238,1556952000,95,95,,,,2,197648,4,,,,1493,,73,,,72,,,,,,,,,,,,,,,,,,,,,,,,,,,,,,,,,,,,
tlm,ingress_preaccept,389238,1556952000,95,95,,,,3,197680,1,,,,1491,,149,,,148,,,,,,,,,,,,,,,,,,,,,,,,,,,,,,,,,,,,
tlm,ticket_enqueue,389238,1556952000,95,95,,,,0,197568,0,,,body,1498,1497,108,108,,,,,,,,,,,,,,,,,,,,,,,,,,,,,,,,,,,,,,
tlm,ingress_preaccept,389239,1556956000,95,95,,,,0,197584,0,,,,1497,,108,,,107,,,,,,,,,,,,,,,,,,,,,,,,,,,,,,,,,,,,
tlm,ticket_enqueue,389239,1556956000,95,95,,,,0,197584,0,,,body,1497,1496,108,108,,,,,,,,,,,,,,,,,,,,,,,,,,,,,,,,,,,,,,
tlm,ticket_enqueue,389239,1556956000,95,95,,,,3,197680,1,,,body,1491,1490,149,148,,,,,,,,,,,,,,,,,,,,,,,,,,,,,,,,,,,,,,
tlm,ingress_preaccept,389240,1556960000,95,95,,,,0,197600,1,,,,1496,,108,,,107,,,,,,,,,,,,,,,,,,,,,,,,,,,,,,,,,,,,
tlm,ingress_preaccept,389240,1556960000,95,95,,,,3,197696,1,,,,1490,,148,,,147,,,,,,,,,,,,,,,,,,,,,,,,,,,,,,,,,,,,
tlm,ticket_enqueue,389240,1556960000,95,95,,,,1,197616,2,,,body,1495,1494,47,45,,,,,,,,,,,,,,,,,,,,,,,,,,,,,,,,,,,,,,
tlm,ingress_preaccept,389241,1556964000,95,95,,,,1,197632,1,,,,1494,,45,,,44,,,,,,,,,,,,,,,,,,,,,,,,,,,,,,,,,,,,
tlm,ticket_enqueue,389241,1556964000,95,95,,,,0,197600,1,,,body,1496,1495,108,107,,,,,,,,,,,,,,,,,,,,,,,,,,,,,,,,,,,,,,
tlm,ticket_enqueue,389241,1556964000,95,95,,,,3,197696,1,,,body,1490,1489,148,147,,,,,,,,,,,,,,,,,,,,,,,,,,,,,,,,,,,,,,
tlm,ingress_preaccept,389242,1556968000,95,95,,,,0,197616,4,,,,1495,,107,,,106,,,,,,,,,,,,,,,,,,,,,,,,,,,,,,,,,,,,
tlm,ingress_preaccept,389242,1556968000,95,95,,,,3,197712,0,,,,1489,,147,,,146,,,,,,,,,,,,,,,,,,,,,,,,,,,,,,,,,,,,
tlm,ticket_enqueue,389242,1556968000,95,95,,,,1,197632,1,,,body,1494,1493,45,44,,,,,,,,,,,,,,,,,,,,,,,,,,,,,,,,,,,,,,
tlm,ticket_enqueue,389242,1556968000,95,95,,,,2,197648,4,,,body,1493,1492,73,69,,,,,,,,,,,,,,,,,,,,,,,,,,,,,,,,,,,,,,
tlm,ticket_enqueue,389242,1556968000,95,95,,,,3,197712,0,,,body,1489,1488,147,147,,,,,,,,,,,,,,,,,,,,,,,,,,,,,,,,,,,,,,
tlm,ingress_preaccept,389243,1556972000,95,95,,,,1,197648,0,,,,1493,,44,,,43,,,,,,,,,,,,,,,,,,,,,,,,,,,,,,,,,,,,
tlm,ingress_preaccept,389243,1556972000,95,95,,,,2,197664,0,,,,1492,,69,,,68,,,,,,,,,,,,,,,,,,,,,,,,,,,,,,,,,,,,
tlm,ingress_preaccept,389243,1556972000,95,95,,,,3,197728,0,,,,1488,,147,,,146,,,,,,,,,,,,,,,,,,,,,,,,,,,,,,,,,,,,
tlm,ticket_enqueue,389243,1556972000,95,95,,,,1,197648,0,,,body,1493,1492,44,44,,,,,,,,,,,,,,,,,,,,,,,,,,,,,,,,,,,,,,
tlm,ticket_enqueue,389243,1556972000,95,95,,,,2,197664,0,,,body,1492,1491,69,69,,,,,,,,,,,,,,,,,,,,,,,,,,,,,,,,,,,,,,
tlm,ticket_enqueue,389243,1556972000,95,95,,,,3,197728,0,,,body,1488,1487,147,147,,,,,,,,,,,,,,,,,,,,,,,,,,,,,,,,,,,,,,
tlm,ingress_preaccept,389244,1556976000,95,95,,,,1,197664,1,,,,1492,,44,,,43,,,,,,,,,,,,,,,,,,,,,,,,,,,,,,,,,,,,
tlm,ingress_preaccept,389244,1556976000,95,95,,,,2,197680,0,,,,1491,,69,,,68,,,,,,,,,,,,,,,,,,,,,,,,,,,,,,,,,,,,
tlm,ingress_preaccept,389244,1556976000,95,95,,,,3,197744,1,,,,1487,,147,,,146,,,,,,,,,,,,,,,,,,,,,,,,,,,,,,,,,,,,
tlm,ticket_enqueue,389244,1556976000,95,95,,,,2,197680,0,,,body,1491,1490,69,69,,,,,,,,,,,,,,,,,,,,,,,,,,,,,,,,,,,,,,
tlm,ingress_preaccept,389245,1556980000,95,95,,,,2,197696,1,,,,1490,,69,,,68,,,,,,,,,,,,,,,,,,,,,,,,,,,,,,,,,,,,
tlm,ticket_enqueue,389245,1556980000,95,95,,,,1,197664,1,,,body,1492,1491,44,43,,,,,,,,,,,,,,,,,,,,,,,,,,,,,,,,,,,,,,
tlm,ticket_enqueue,389245,1556980000,95,95,,,,3,197744,1,,,body,1487,1486,147,146,,,,,,,,,,,,,,,,,,,,,,,,,,,,,,,,,,,,,,
tlm,ingress_preaccept,389246,1556984000,95,95,,,,1,197680,0,,,,1491,,43,,,42,,,,,,,,,,,,,,,,,,,,,,,,,,,,,,,,,,,,
tlm,ingress_preaccept,389246,1556984000,95,95,,,,3,197760,0,,,,1486,,146,,,145,,,,,,,,,,,,,,,,,,,,,,,,,,,,,,,,,,,,
tlm,ticket_enqueue,389246,1556984000,95,95,,,,0,197616,4,,,body,1495,1494,107,103,,,,,,,,,,,,,,,,,,,,,,,,,,,,,,,,,,,,,,
tlm,ticket_enqueue,389246,1556984000,95,95,,,,1,197680,0,,,body,1491,1490,43,43,,,,,,,,,,,,,,,,,,,,,,,,,,,,,,,,,,,,,,
tlm,ticket_enqueue,389246,1556984000,95,95,,,,2,197696,1,,,body,1490,1489,69,68,,,,,,,,,,,,,,,,,,,,,,,,,,,,,,,,,,,,,,
tlm,ticket_enqueue,389246,1556984000,95,95,,,,3,197760,0,,,body,1486,1485,146,146,,,,,,,,,,,,,,,,,,,,,,,,,,,,,,,,,,,,,,
tlm,ingress_preaccept,389247,1556988000,95,95,,,,0,197632,0,,,,1494,,103,,,102,,,,,,,,,,,,,,,,,,,,,,,,,,,,,,,,,,,,
tlm,ingress_preaccept,389247,1556988000,95,95,,,,1,197696,0,,,,1490,,43,,,42,,,,,,,,,,,,,,,,,,,,,,,,,,,,,,,,,,,,
tlm,ingress_preaccept,389247,1556988000,95,95,,,,2,197712,0,,,,1489,,68,,,67,,,,,,,,,,,,,,,,,,,,,,,,,,,,,,,,,,,,
tlm,ingress_preaccept,389247,1556988000,95,95,,,,3,197776,0,,,,1485,,146,,,145,,,,,,,,,,,,,,,,,,,,,,,,,,,,,,,,,,,,
tlm,ticket_enqueue,389247,1556988000,95,95,,,,0,197632,0,,,body,1494,1493,103,103,,,,,,,,,,,,,,,,,,,,,,,,,,,,,,,,,,,,,,
tlm,ticket_enqueue,389247,1556988000,95,95,,,,1,197696,0,,,body,1490,1489,43,43,,,,,,,,,,,,,,,,,,,,,,,,,,,,,,,,,,,,,,
tlm,ticket_enqueue,389247,1556988000,95,95,,,,2,197712,0,,,body,1489,1488,68,68,,,,,,,,,,,,,,,,,,,,,,,,,,,,,,,,,,,,,,
tlm,ticket_enqueue,389247,1556988000,95,95,,,,3,197776,0,,,body,1485,1484,146,146,,,,,,,,,,,,,,,,,,,,,,,,,,,,,,,,,,,,,,
tlm,ingress_preaccept,389248,1556992000,95,95,,,,0,197648,1,,,,1493,,103,,,102,,,,,,,,,,,,,,,,,,,,,,,,,,,,,,,,,,,,
tlm,ingress_preaccept,389248,1556992000,95,95,,,,1,197712,2,,,,1489,,43,,,42,,,,,,,,,,,,,,,,,,,,,,,,,,,,,,,,,,,,
tlm,ingress_preaccept,389248,1556992000,95,95,,,,2,197728,1,,,,1488,,68,,,67,,,,,,,,,,,,,,,,,,,,,,,,,,,,,,,,,,,,
tlm,ingress_preaccept,389248,1556992000,95,95,,,,3,197792,0,,,,1484,,146,,,145,,,,,,,,,,,,,,,,,,,,,,,,,,,,,,,,,,,,
tlm,ticket_enqueue,389248,1556992000,95,95,,,,3,197792,0,,,body,1484,1483,146,146,,,,,,,,,,,,,,,,,,,,,,,,,,,,,,,,,,,,,,
tlm,ingress_preaccept,389249,1556996000,95,95,,,,3,197808,1,,,,1483,,146,,,145,,,,,,,,,,,,,,,,,,,,,,,,,,,,,,,,,,,,
tlm,ticket_enqueue,389249,1556996000,95,95,,,,0,197648,1,,,body,1493,1492,103,102,,,,,,,,,,,,,,,,,,,,,,,,,,,,,,,,,,,,,,
tlm,ticket_enqueue,389249,1556996000,95,95,,,,2,197728,1,,,body,1488,1487,68,67,,,,,,,,,,,,,,,,,,,,,,,,,,,,,,,,,,,,,,
tlm,ingress_preaccept,389250,1557000000,95,95,,,,0,197664,0,,,,1492,,102,,,101,,,,,,,,,,,,,,,,,,,,,,,,,,,,,,,,,,,,
tlm,ingress_preaccept,389250,1557000000,95,95,,,,2,197744,1,,,,1487,,67,,,66,,,,,,,,,,,,,,,,,,,,,,,,,,,,,,,,,,,,
tlm,ticket_enqueue,389250,1557000000,95,95,,,,0,197664,0,,,body,1492,1491,102,102,,,,,,,,,,,,,,,,,,,,,,,,,,,,,,,,,,,,,,
tlm,ticket_enqueue,389250,1557000000,95,95,,,,1,197712,2,,,body,1489,1488,43,41,,,,,,,,,,,,,,,,,,,,,,,,,,,,,,,,,,,,,,
tlm,ticket_enqueue,389250,1557000000,95,95,,,,3,197808,1,,,body,1483,1482,146,145,,,,,,,,,,,,,,,,,,,,,,,,,,,,,,,,,,,,,,
rtl,handle_accept,,1557002000,,,,,,3,156352,1,,4,,,,,,,,1279,38604,58,1529,212,,,,,,,,,,,,,,,,,,,,,,,,,,,,,,,
rtl,parser_ticket_we,,1557002000,,,,,,,196960,2,,,,,,,,,,,,,,213,446,0,0,4087,,,,,,,,,,,,,,,,,,,,,,,,,,,
rtl,parser_ticket_we,,1557002000,,,,,,,196928,0,,,,,,,,,,,,,,214,299,0,0,4085,,,,,,,,,,,,,,,,,,,,,,,,,,,
tlm,ingress_preaccept,389251,1557004000,95,95,,,,0,197680,0,,,,1491,,102,,,101,,,,,,,,,,,,,,,,,,,,,,,,,,,,,,,,,,,,
tlm,ingress_preaccept,389251,1557004000,95,95,,,,1,197728,2,,,,1488,,41,,,40,,,,,,,,,,,,,,,,,,,,,,,,,,,,,,,,,,,,
tlm,ingress_preaccept,389251,1557004000,95,95,,,,3,197824,3,,,,1482,,145,,,144,,,,,,,,,,,,,,,,,,,,,,,,,,,,,,,,,,,,
tlm,ticket_enqueue,389251,1557004000,95,95,,,,0,197680,0,,,body,1491,1490,102,102,,,,,,,,,,,,,,,,,,,,,,,,,,,,,,,,,,,,,,
tlm,ticket_enqueue,389251,1557004000,95,95,,,,2,197744,1,,,body,1487,1486,67,66,,,,,,,,,,,,,,,,,,,,,,,,,,,,,,,,,,,,,,
rtl,parser_ticket_we,,1557006000,,,,,,,196928,1,,,,,,,,,,,,,,216,967,0,0,4085,,,,,,,,,,,,,,,,,,,,,,,,,,,
rtl,parser_ticket_we,,1557006000,,,,,,,196976,0,,,,,,,,,,,,,,217,448,0,0,4088,,,,,,,,,,,,,,,,,,,,,,,,,,,
tlm,ingress_preaccept,389252,1557008000,95,95,,,,0,197696,0,,,,1490,,102,,,101,,,,,,,,,,,,,,,,,,,,,,,,,,,,,,,,,,,,
tlm,ingress_preaccept,389252,1557008000,95,95,,,,2,197760,1,,,,1486,,66,,,65,,,,,,,,,,,,,,,,,,,,,,,,,,,,,,,,,,,,
tlm,ticket_enqueue,389252,1557008000,95,95,,,,0,197696,0,,,body,1490,1489,102,102,,,,,,,,,,,,,,,,,,,,,,,,,,,,,,,,,,,,,,
rtl,parser_ticket_we,,1557010000,,,,,,,196912,3,,,,,,,,,,,,,,221,426,0,0,4084,,,,,,,,,,,,,,,,,,,,,,,,,,,
tlm,ingress_preaccept,389253,1557012000,95,95,,,,0,197712,1,,,,1489,,102,,,101,,,,,,,,,,,,,,,,,,,,,,,,,,,,,,,,,,,,
tlm,ticket_enqueue,389253,1557012000,95,95,,,,1,197728,2,,,body,1488,1487,41,39,,,,,,,,,,,,,,,,,,,,,,,,,,,,,,,,,,,,,,
tlm,ticket_enqueue,389253,1557012000,95,95,,,,2,197760,1,,,body,1486,1485,66,65,,,,,,,,,,,,,,,,,,,,,,,,,,,,,,,,,,,,,,
rtl,allocator_decision,,1557014000,,,156368,,,,,,,,,,,,,,,,,,,225,,,,,idle_to_fetch,15,15,15,15,0,0,0,0,11,,,,,,,,,,,,,,,,,
rtl,parser_ticket_we,,1557014000,,,,,,,196992,1,,,,,,,,,,,,,,223,448,0,0,4089,,,,,,,,,,,,,,,,,,,,,,,,,,,
rtl,parser_ticket_we,,1557014000,,,,,,,196944,2,,,,,,,,,,,,,,224,299,0,0,4086,,,,,,,,,,,,,,,,,,,,,,,,,,,
rtl,parser_ticket_we,,1557014000,,,,,,,196928,0,,,,,,,,,,,,,,230,429,0,0,4085,,,,,,,,,,,,,,,,,,,,,,,,,,,
tlm,ingress_preaccept,389254,1557016000,95,95,,,,1,197744,1,,,,1487,,39,,,38,,,,,,,,,,,,,,,,,,,,,,,,,,,,,,,,,,,,
tlm,ingress_preaccept,389254,1557016000,95,95,,,,2,197776,0,,,,1485,,65,,,64,,,,,,,,,,,,,,,,,,,,,,,,,,,,,,,,,,,,
tlm,ticket_enqueue,389254,1557016000,95,95,,,,0,197712,1,,,body,1489,1488,102,101,,,,,,,,,,,,,,,,,,,,,,,,,,,,,,,,,,,,,,
tlm,ticket_enqueue,389254,1557016000,95,95,,,,2,197776,0,,,body,1485,1484,65,65,,,,,,,,,,,,,,,,,,,,,,,,,,,,,,,,,,,,,,
tlm,ticket_enqueue,389254,1557016000,95,95,,,,3,197824,3,,,body,1482,1481,145,142,,,,,,,,,,,,,,,,,,,,,,,,,,,,,,,,,,,,,,
rtl,parser_ticket_we,,1557018000,,,,,,,196944,0,,,,,,,,,,,,,,233,429,0,0,4086,,,,,,,,,,,,,,,,,,,,,,,,,,,
tlm,ingress_preaccept,389255,1557020000,95,95,,,,0,197728,0,,,,1488,,101,,,100,,,,,,,,,,,,,,,,,,,,,,,,,,,,,,,,,,,,
tlm,ingress_preaccept,389255,1557020000,95,95,,,,2,197792,1,,,,1484,,65,,,64,,,,,,,,,,,,,,,,,,,,,,,,,,,,,,,,,,,,
tlm,ingress_preaccept,389255,1557020000,95,95,,,,3,197840,2,,,,1481,,142,,,141,,,,,,,,,,,,,,,,,,,,,,,,,,,,,,,,,,,,
tlm,ticket_enqueue,389255,1557020000,95,95,,,,0,197728,0,,,body,1488,1487,101,101,,,,,,,,,,,,,,,,,,,,,,,,,,,,,,,,,,,,,,
tlm,ticket_enqueue,389255,1557020000,95,95,,,,1,197744,1,,,body,1487,1486,39,38,,,,,,,,,,,,,,,,,,,,,,,,,,,,,,,,,,,,,,
rtl,parser_ticket_we,,1557022000,,,,,,,197008,1,,,,,,,,,,,,,,236,449,0,0,4090,,,,,,,,,,,,,,,,,,,,,,,,,,,
rtl,parser_ticket_we,,1557022000,,,,,,,196944,3,,,,,,,,,,,,,,237,968,0,0,4086,,,,,,,,,,,,,,,,,,,,,,,,,,,
rtl,parser_ticket_we,,1557022000,,,,,,,196960,0,,,,,,,,,,,,,,238,429,0,0,4087,,,,,,,,,,,,,,,,,,,,,,,,,,,
tlm,allocator_fetch,389256,1557024000,75,75,156336,43,15,,,,,,,,,,,,,,,,,,,,,,,,,,,,,,,,,,,,,,,,,,,,,,,,
tlm,allocator_lane_action,389256,1557024000,75,75,156336,,,0,156336,0,,,,,,,,empty,,,,,,,,,,,,,,,,,,,,,,,,,,,,,,,,,,,,,
tlm,ingress_preaccept,389256,1557024000,95,95,,,,0,197744,0,,,,1487,,101,,,100,,,,,,,,,,,,,,,,,,,,,,,,,,,,,,,,,,,,
tlm,ingress_preaccept,389256,1557024000,95,95,,,,1,197760,0,,,,1486,,38,,,37,,,,,,,,,,,,,,,,,,,,,,,,,,,,,,,,,,,,
tlm,ticket_enqueue,389256,1557024000,95,95,,,,0,197744,0,,,body,1487,1486,101,101,,,,,,,,,,,,,,,,,,,,,,,,,,,,,,,,,,,,,,
tlm,ticket_enqueue,389256,1557024000,95,95,,,,1,197760,0,,,body,1486,1485,38,38,,,,,,,,,,,,,,,,,,,,,,,,,,,,,,,,,,,,,,
tlm,ticket_enqueue,389256,1557024000,95,95,,,,2,197792,1,,,body,1484,1483,65,64,,,,,,,,,,,,,,,,,,,,,,,,,,,,,,,,,,,,,,
tlm,ticket_pop,389256,1557024000,75,75,,,,0,156336,0,,,body,1486,1487,,,,,,,,,,,,,,,,,,,,,,,,,,,,,,,,,,,,,,,,
tlm,ticket_pop,389256,1557024000,75,75,,,,1,156336,2,,,body,1485,1486,,,,,,,,,,,,,,,,,,,,,,,,,,,,,,,,,,,,,,,,
tlm,ticket_pop,389256,1557024000,75,75,,,,2,156336,0,,,body,1483,1484,,,,,,,,,,,,,,,,,,,,,,,,,,,,,,,,,,,,,,,,
tlm,ticket_pop,389256,1557024000,75,75,,,,3,156336,1,,,body,1481,1482,,,,,,,,,,,,,,,,,,,,,,,,,,,,,,,,,,,,,,,,
rtl,parser_ticket_we,,1557026000,,,,,,,196960,2,,,,,,,,,,,,,,243,667,0,0,4087,,,,,,,,,,,,,,,,,,,,,,,,,,,
rtl,parser_ticket_we,,1557026000,,,,,,,197024,0,,,,,,,,,,,,,,244,1098,0,0,4091,,,,,,,,,,,,,,,,,,,,,,,,,,,
tlm,ingress_preaccept,389257,1557028000,95,95,,,,0,197760,0,,,,1487,,101,,,100,,,,,,,,,,,,,,,,,,,,,,,,,,,,,,,,,,,,
tlm,ingress_preaccept,389257,1557028000,95,95,,,,1,197776,0,,,,1486,,38,,,37,,,,,,,,,,,,,,,,,,,,,,,,,,,,,,,,,,,,
tlm,ingress_preaccept,389257,1557028000,95,95,,,,2,197808,0,,,,1484,,64,,,63,,,,,,,,,,,,,,,,,,,,,,,,,,,,,,,,,,,,
tlm,ticket_enqueue,389257,1557028000,95,95,,,,0,197760,0,,,body,1487,1486,101,101,,,,,,,,,,,,,,,,,,,,,,,,,,,,,,,,,,,,,,
tlm,ticket_enqueue,389257,1557028000,95,95,,,,1,197776,0,,,body,1486,1485,38,38,,,,,,,,,,,,,,,,,,,,,,,,,,,,,,,,,,,,,,
tlm,ticket_enqueue,389257,1557028000,95,95,,,,2,197808,0,,,body,1484,1483,64,64,,,,,,,,,,,,,,,,,,,,,,,,,,,,,,,,,,,,,,
tlm,ticket_enqueue,389257,1557028000,95,95,,,,3,197840,2,,,body,1482,1481,142,140,,,,,,,,,,,,,,,,,,,,,,,,,,,,,,,,,,,,,,
rtl,credit_return,,1557030000,,,,,,0,,2,,,mover_done,,,,,,,,,,,249,,,,,,,,,,,,,,,10,,,,,,,,,,,,,,,,
rtl,parser_ticket_we,,1557030000,,,,,,,196976,1,,,,,,,,,,,,,,247,429,0,0,4088,,,,,,,,,,,,,,,,,,,,,,,,,,,
tlm,handle_accept,389258,1557032000,75,75,156336,,,1,156336,2,1,182,,,,,,,,,,,,,,,,,,,,,,,,,,,,,,,,,,,,,,,,,,,
tlm,ingress_preaccept,389258,1557032000,95,95,,,,0,197776,3,,,,1486,,101,,,100,,,,,,,,,,,,,,,,,,,,,,,,,,,,,,,,,,,,
tlm,ingress_preaccept,389258,1557032000,95,95,,,,1,197792,0,,,,1485,,38,,,37,,,,,,,,,,,,,,,,,,,,,,,,,,,,,,,,,,,,
tlm,ingress_preaccept,389258,1557032000,95,95,,,,2,197824,3,,,,1483,,64,,,63,,,,,,,,,,,,,,,,,,,,,,,,,,,,,,,,,,,,
tlm,ingress_preaccept,389258,1557032000,95,95,,,,3,197856,2,,,,1481,,140,,,139,,,,,,,,,,,,,,,,,,,,,,,,,,,,,,,,,,,,
tlm,ticket_enqueue,389258,1557032000,95,95,,,,1,197792,0,,,body,1485,1484,38,38,,,,,,,,,,,,,,,,,,,,,,,,,,,,,,,,,,,,,,
rtl,credit_return,,1557034000,,,,,,0,,2,,,credit_return,,,,,,,,,,,254,,,,,,,,,,,,,,,10,,,,,,,,,,,,,,,,
rtl,parser_ticket_we,,1557034000,,,,,,,197040,1,,,,,,,,,,,,,,251,1098,0,0,4092,,,,,,,,,,,,,,,,,,,,,,,,,,,
rtl,parser_ticket_we,,1557034000,,,,,,,196960,2,,,,,,,,,,,,,,252,971,0,0,4087,,,,,,,,,,,,,,,,,,,,,,,,,,,
tlm,ingress_preaccept,389259,1557036000,95,95,,,,1,197808,0,,,,1484,,38,,,37,,,,,,,,,,,,,,,,,,,,,,,,,,,,,,,,,,,,
tlm,ticket_enqueue,389259,1557036000,95,95,,,,1,197808,0,,,body,1484,1483,38,38,,,,,,,,,,,,,,,,,,,,,,,,,,,,,,,,,,,,,,
rtl,parser_ticket_we,,1557038000,,,,,,,196992,1,,,,,,,,,,,,,,255,1066,0,0,4089,,,,,,,,,,,,,,,,,,,,,,,,,,,
rtl,parser_ticket_we,,1557038000,,,,,,,196976,2,,,,,,,,,,,,,,256,669,0,0,4088,,,,,,,,,,,,,,,,,,,,,,,,,,,
rtl,parser_ticket_we,,1557038000,,,,,,,196976,0,,,,,,,,,,,,,,257,973,0,0,4088,,,,,,,,,,,,,,,,,,,,,,,,,,,
rtl,parser_ticket_we,,1557038000,,,,,,,197056,0,,,,,,,,,,,,,,258,1099,0,0,4093,,,,,,,,,,,,,,,,,,,,,,,,,,,
tlm,allocator_lane_action,389260,1557040000,75,75,156336,,,2,156336,0,,,,,,,,empty,,,,,,,,,,,,,,,,,,,,,,,,,,,,,,,,,,,,,
tlm,ingress_preaccept,389260,1557040000,95,95,,,,1,197824,3,,,,1483,,38,,,37,,,,,,,,,,,,,,,,,,,,,,,,,,,,,,,,,,,,
tlm,ticket_enqueue,389260,1557040000,95,95,,,,3,197856,2,,,body,1481,1480,140,138,,,,,,,,,,,,,,,,,,,,,,,,,,,,,,,,,,,,,,
rtl,parser_ticket_we,,1557042000,,,,,,,197072,0,,,,,,,,,,,,,,260,1099,0,0,4094,,,,,,,,,,,,,,,,,,,,,,,,,,,
rtl,parser_ticket_we,,1557042000,,,,,,,196992,0,,,,,,,,,,,,,,261,973,0,0,4089,,,,,,,,,,,,,,,,,,,,,,,,,,,
rtl,parser_ticket_we,,1557042000,,,,,,,196992,0,,,,,,,,,,,,,,262,671,0,0,4089,,,,,,,,,,,,,,,,,,,,,,,,,,,
rtl,parser_ticket_we,,1557042000,,,,,,,197008,0,,,,,,,,,,,,,,263,1067,0,0,4090,,,,,,,,,,,,,,,,,,,,,,,,,,,
tlm,credit_return,389261,1557044000,75,75,,,,1,156336,2,0,,,,,38,40,,,,,,,,,,,,,,,,,,,,,,,,,,,,,,,,,,,,,,
tlm,ingress_preaccept,389261,1557044000,95,95,,,,3,197872,2,,,,1480,,138,,,137,,,,,,,,,,,,,,,,,,,,,,,,,,,,,,,,,,,,
tlm,ticket_enqueue,389261,1557044000,95,95,,,,0,197776,3,,,body,1486,1485,101,98,,,,,,,,,,,,,,,,,,,,,,,,,,,,,,,,,,,,,,
tlm,ticket_enqueue,389261,1557044000,95,95,,,,2,197824,3,,,body,1483,1482,64,61,,,,,,,,,,,,,,,,,,,,,,,,,,,,,,,,,,,,,,
rtl,parser_ticket_we,,1557046000,,,,,,,197008,0,,,,,,,,,,,,,,265,671,0,0,4090,,,,,,,,,,,,,,,,,,,,,,,,,,,
rtl,parser_ticket_we,,1557046000,,,,,,,197008,0,,,,,,,,,,,,,,266,973,0,0,4090,,,,,,,,,,,,,,,,,,,,,,,,,,,
tlm,handle_accept,389262,1557048000,75,75,156336,,,3,156336,1,1,183,,,,,,,,,,,,,,,,,,,,,,,,,,,,,,,,,,,,,,,,,,,
tlm,ingress_preaccept,389262,1557048000,95,95,,,,0,197792,0,,,,1485,,98,,,97,,,,,,,,,,,,,,,,,,,,,,,,,,,,,,,,,,,,
tlm,ingress_preaccept,389262,1557048000,95,95,,,,2,197840,1,,,,1482,,61,,,60,,,,,,,,,,,,,,,,,,,,,,,,,,,,,,,,,,,,
tlm,ticket_enqueue,389262,1557048000,95,95,,,,0,197792,0,,,body,1485,1484,98,98,,,,,,,,,,,,,,,,,,,,,,,,,,,,,,,,,,,,,,
rtl,parser_ticket_we,,1557050000,,,,,,,197088,1,,,,,,,,,,,,,,268,1099,0,0,4095,,,,,,,,,,,,,,,,,,,,,,,,,,,
rtl,parser_ticket_we,,1557050000,,,,,,,197024,1,,,,,,,,,,,,,,269,1067,0,0,4091,,,,,,,,,,,,,,,,,,,,,,,,,,,
tlm,ingress_preaccept,389263,1557052000,95,95,,,,0,197808,1,,,,1484,,98,,,97,,,,,,,,,,,,,,,,,,,,,,,,,,,,,,,,,,,,
tlm,ticket_enqueue,389263,1557052000,95,95,,,,1,197824,3,,,body,1483,1482,40,37,,,,,,,,,,,,,,,,,,,,,,,,,,,,,,,,,,,,,,
tlm,ticket_enqueue,389263,1557052000,95,95,,,,2,197840,1,,,body,1482,1481,61,60,,,,,,,,,,,,,,,,,,,,,,,,,,,,,,,,,,,,,,
tlm,ticket_enqueue,389263,1557052000,95,95,,,,3,197872,2,,,body,1480,1479,138,136,,,,,,,,,,,,,,,,,,,,,,,,,,,,,,,,,,,,,,
rtl,parser_ticket_we,,1557054000,,,,,,,197024,1,,,,,,,,,,,,,,272,671,0,0,4091,,,,,,,,,,,,,,,,,,,,,,,,,,,
rtl,parser_ticket_we,,1557054000,,,,,,,197040,0,,,,,,,,,,,,,,273,1068,0,0,4092,,,,,,,,,,,,,,,,,,,,,,,,,,,
rtl,parser_ticket_we,,1557054000,,,,,,,197104,0,,,,,,,,,,,,,,274,1100,0,0,0,,,,,,,,,,,,,,,,,,,,,,,,,,,
tlm,credit_return,389264,1557056000,75,75,,,,3,156336,1,0,,,,,136,137,,,,,,,,,,,,,,,,,,,,,,,,,,,,,,,,,,,,,,
tlm,ingress_preaccept,389264,1557056000,95,95,,,,1,197840,0,,,,1482,,37,,,36,,,,,,,,,,,,,,,,,,,,,,,,,,,,,,,,,,,,
tlm,ingress_preaccept,389264,1557056000,95,95,,,,2,197856,0,,,,1481,,60,,,59,,,,,,,,,,,,,,,,,,,,,,,,,,,,,,,,,,,,
tlm,ingress_preaccept,389264,1557056000,95,95,,,,3,197888,1,,,,1479,,136,,,135,,,,,,,,,,,,,,,,,,,,,,,,,,,,,,,,,,,,
tlm,ticket_enqueue,389264,1557056000,95,95,,,,0,197808,1,,,body,1484,1483,98,97,,,,,,,,,,,,,,,,,,,,,,,,,,,,,,,,,,,,,,
tlm,ticket_enqueue,389264,1557056000,95,95,,,,1,197840,0,,,body,1482,1481,37,37,,,,,,,,,,,,,,,,,,,,,,,,,,,,,,,,,,,,,,
tlm,ticket_enqueue,389264,1557056000,95,95,,,,2,197856,0,,,body,1481,1480,60,60,,,,,,,,,,,,,,,,,,,,,,,,,,,,,,,,,,,,,,
rtl,parser_ticket_we,,1557058000,,,,,,,197024,2,,,,,,,,,,,,,,277,973,0,0,4091,,,,,,,,,,,,,,,,,,,,,,,,,,,
tlm,ingress_preaccept,389265,1557060000,95,95,,,,0,197824,0,,,,1483,,97,,,96,,,,,,,,,,,,,,,,,,,,,,,,,,,,,,,,,,,,
tlm,ingress_preaccept,389265,1557060000,95,95,,,,1,197856,1,,,,1481,,37,,,36,,,,,,,,,,,,,,,,,,,,,,,,,,,,,,,,,,,,
tlm,ingress_preaccept,389265,1557060000,95,95,,,,2,197872,2,,,,1480,,60,,,59,,,,,,,,,,,,,,,,,,,,,,,,,,,,,,,,,,,,
tlm,ticket_enqueue,389265,1557060000,95,95,,,,0,197824,0,,,body,1483,1482,97,97,,,,,,,,,,,,,,,,,,,,,,,,,,,,,,,,,,,,,,
tlm,ticket_enqueue,389265,1557060000,95,95,,,,3,197888,1,,,body,1479,1478,137,136,,,,,,,,,,,,,,,,,,,,,,,,,,,,,,,,,,,,,,
rtl,credit_return,,1557062000,,,,,,1,,2,,,mover_done,,,,,,,,,,,284,,,,,,,,,,,,,,,36,,,,,,,,,,,,,,,,
rtl,parser_ticket_we,,1557062000,,,,,,,197040,1,,,,,,,,,,,,,,281,672,0,0,4092,,,,,,,,,,,,,,,,,,,,,,,,,,,
rtl,parser_ticket_we,,1557062000,,,,,,,197120,1,,,,,,,,,,,,,,282,1100,0,0,1,,,,,,,,,,,,,,,,,,,,,,,,,,,
tlm,ingress_preaccept,389266,1557064000,95,95,,,,0,197840,1,,,,1482,,97,,,96,,,,,,,,,,,,,,,,,,,,,,,,,,,,,,,,,,,,
tlm,ingress_preaccept,389266,1557064000,95,95,,,,3,197904,0,,,,1478,,136,,,135,,,,,,,,,,,,,,,,,,,,,,,,,,,,,,,,,,,,
tlm,ticket_enqueue,389266,1557064000,95,95,,,,1,197856,1,,,body,1481,1480,37,36,,,,,,,,,,,,,,,,,,,,,,,,,,,,,,,,,,,,,,
tlm,ticket_enqueue,389266,1557064000,95,95,,,,3,197904,0,,,body,1478,1477,136,136,,,,,,,,,,,,,,,,,,,,,,,,,,,,,,,,,,,,,,
rtl,credit_return,,1557066000,,,,,,1,,2,,,credit_return,,,,,,,,,,,290,,,,,,,,,,,,,,,36,,,,,,,,,,,,,,,,
rtl,parser_ticket_we,,1557066000,,,,,,,197040,1,,,,,,,,,,,,,,286,975,0,0,4092,,,,,,,,,,,,,,,,,,,,,,,,,,,
rtl,parser_ticket_we,,1557066000,,,,,,,197056,2,,,,,,,,,,,,,,287,1068,0,0,4093,,,,,,,,,,,,,,,,,,,,,,,,,,,
rtl,parser_ticket_we,,1557066000,,,,,,,197056,0,,,,,,,,,,,,,,288,673,0,0,4093,,,,,,,,,,,,,,,,,,,,,,,,,,,
tlm,ingress_preaccept,389267,1557068000,95,95,,,,1,197872,2,,,,1480,,36,,,35,,,,,,,,,,,,,,,,,,,,,,,,,,,,,,,,,,,,
tlm,ingress_preaccept,389267,1557068000,95,95,,,,3,197920,1,,,,1477,,136,,,135,,,,,,,,,,,,,,,,,,,,,,,,,,,,,,,,,,,,
tlm,ticket_enqueue,389267,1557068000,95,95,,,,0,197840,1,,,body,1482,1481,97,96,,,,,,,,,,,,,,,,,,,,,,,,,,,,,,,,,,,,,,
tlm,ticket_enqueue,389267,1557068000,95,95,,,,2,197872,2,,,body,1480,1479,60,58,,,,,,,,,,,,,,,,,,,,,,,,,,,,,,,,,,,,,,
rtl,parser_ticket_we,,1557070000,,,,,,,197136,1,,,,,,,,,,,,,,291,1101,0,0,2,,,,,,,,,,,,,,,,,,,,,,,,,,,
rtl,parser_ticket_we,,1557070000,,,,,,,197072,0,,,,,,,,,,,,,,292,1070,0,0,4094,,,,,,,,,,,,,,,,,,,,,,,,,,,
rtl,parser_ticket_we,,1557070000,,,,,,,197056,0,,,,,,,,,,,,,,293,976,0,0,4093,,,,,,,,,,,,,,,,,,,,,,,,,,,
tlm,ingress_preaccept,389268,1557072000,95,95,,,,0,197856,0,,,,1481,,96,,,95,,,,,,,,,,,,,,,,,,,,,,,,,,,,,,,,,,,,
tlm,ingress_preaccept,389268,1557072000,95,95,,,,2,197888,2,,,,1479,,58,,,57,,,,,,,,,,,,,,,,,,,,,,,,,,,,,,,,,,,,
tlm,ticket_enqueue,389268,1557072000,95,95,,,,0,197856,0,,,body,1481,1480,96,96,,,,,,,,,,,,,,,,,,,,,,,,,,,,,,,,,,,,,,
tlm,ticket_enqueue,389268,1557072000,95,95,,,,3,197920,1,,,body,1477,1476,136,135,,,,,,,,,,,,,,,,,,,,,,,,,,,,,,,,,,,,,,
rtl,allocator_lane_action,,1557074000,,,,,,0,,,,,,,,,,2,,,,,,297,,0,0,,,,,,,,,,,,,0,1,0,156368,1,75,1,0,,,,,,,,
rtl,allocator_lane_action,,1557074000,,,,,,1,,,,,,,,,,2,,,,,,298,,0,0,,,,,,,,,,,,,0,1,0,156368,0,75,1,0,,,,,,,,
rtl,allocator_lane_action,,1557074000,,,,,,2,,,,,,,,,,2,,,,,,299,,0,0,,,,,,,,,,,,,0,1,0,156368,2,75,1,0,,,,,,,,
rtl,allocator_lane_action,,1557074000,,,,,,3,,,,,,,,,,2,,,,,,300,,0,0,,,,,,,,,,,,,0,1,0,156368,3,75,1,0,,,,,,,,
rtl,parser_ticket_we,,1557074000,,,,,,,197088,0,,,,,,,,,,,,,,295,1070,0,0,4095,,,,,,,,,,,,,,,,,,,,,,,,,,,
tlm,ingress_preaccept,389269,1557076000,95,95,,,,0,197872,0,,,,1480,,96,,,95,,,,,,,,,,,,,,,,,,,,,,,,,,,,,,,,,,,,
tlm,ingress_preaccept,389269,1557076000,95,95,,,,3,197936,1,,,,1476,,135,,,134,,,,,,,,,,,,,,,,,,,,,,,,,,,,,,,,,,,,
tlm,ticket_enqueue,389269,1557076000,95,95,,,,0,197872,0,,,body,1480,1479,96,96,,,,,,,,,,,,,,,,,,,,,,,,,,,,,,,,,,,,,,
tlm,ticket_enqueue,389269,1557076000,95,95,,,,1,197872,2,,,body,1480,1479,36,34,,,,,,,,,,,,,,,,,,,,,,,,,,,,,,,,,,,,,,
rtl,parser_ticket_we,,1557078000,,,,,,,197104,0,,,,,,,,,,,,,,302,1070,0,0,0,,,,,,,,,,,,,,,,,,,,,,,,,,,
tlm,ingress_preaccept,389270,1557080000,95,95,,,,0,197888,2,,,,1479,,96,,,95,,,,,,,,,,,,,,,,,,,,,,,,,,,,,,,,,,,,
tlm,ingress_preaccept,389270,1557080000,95,95,,,,1,197888,0,,,,1479,,34,,,33,,,,,,,,,,,,,,,,,,,,,,,,,,,,,,,,,,,,
tlm,ticket_enqueue,389270,1557080000,95,95,,,,1,197888,0,,,body,1479,1478,34,34,,,,,,,,,,,,,,,,,,,,,,,,,,,,,,,,,,,,,,
tlm,ticket_enqueue,389270,1557080000,95,95,,,,2,197888,2,,,body,1479,1478,58,56,,,,,,,,,,,,,,,,,,,,,,,,,,,,,,,,,,,,,,
tlm,ticket_enqueue,389270,1557080000,95,95,,,,3,197936,1,,,body,1476,1475,135,134,,,,,,,,,,,,,,,,,,,,,,,,,,,,,,,,,,,,,,
rtl,parser_ticket_we,,1557082000,,,,,,,197072,3,,,,,,,,,,,,,,304,673,0,0,4094,,,,,,,,,,,,,,,,,,,,,,,,,,,
rtl,parser_ticket_we,,1557082000,,,,,,,197152,2,,,,,,,,,,,,,,305,1102,0,0,3,,,,,,,,,,,,,,,,,,,,,,,,,,,
rtl,parser_ticket_we,,1557082000,,,,,,,197120,0,,,,,,,,,,,,,,306,1070,0,0,1,,,,,,,,,,,,,,,,,,,,,,,,,,,
tlm,ingress_preaccept,389271,1557084000,95,95,,,,1,197904,0,,,,1478,,34,,,33,,,,,,,,,,,,,,,,,,,,,,,,,,,,,,,,,,,,
tlm,ingress_preaccept,389271,1557084000,95,95,,,,2,197904,1,,,,1478,,56,,,55,,,,,,,,,,,,,,,,,,,,,,,,,,,,,,,,,,,,
tlm,ingress_preaccept,389271,1557084000,95,95,,,,3,197952,1,,,,1475,,134,,,133,,,,,,,,,,,,,,,,,,,,,,,,,,,,,,,,,,,,
tlm,ticket_enqueue,389271,1557084000,95,95,,,,1,197904,0,,,body,1478,1477,34,34,,,,,,,,,,,,,,,,,,,,,,,,,,,,,,,,,,,,,,
rtl,handle_accept,,1557086000,,,,,,0,156368,1,,0,,,,,,,,813,38606,11,1530,310,,,,,,,,,,,,,,,,,,,,,,,,,,,,,,,
rtl,parser_ticket_we,,1557086000,,,,,,,197072,3,,,,,,,,,,,,,,309,976,0,0,4094,,,,,,,,,,,,,,,,,,,,,,,,,,,
rtl,parser_ticket_we,,1557086000,,,,,,,197168,0,,,,,,,,,,,,,,311,450,0,0,4,,,,,,,,,,,,,,,,,,,,,,,,,,,
rtl,parser_ticket_we,,1557086000,,,,,,,197088,0,,,,,,,,,,,,,,312,676,0,0,4095,,,,,,,,,,,,,,,,,,,,,,,,,,,
tlm,ingress_preaccept,389272,1557088000,95,95,,,,1,197920,1,,,,1477,,34,,,33,,,,,,,,,,,,,,,,,,,,,,,,,,,,,,,,,,,,
tlm,ticket_enqueue,389272,1557088000,95,95,,,,0,197888,2,,,body,1479,1478,96,94,,,,,,,,,,,,,,,,,,,,,,,,,,,,,,,,,,,,,,
tlm,ticket_enqueue,389272,1557088000,95,95,,,,2,197904,1,,,body,1478,1477,56,55,,,,,,,,,,,,,,,,,,,,,,,,,,,,,,,,,,,,,,
tlm,ticket_enqueue,389272,1557088000,95,95,,,,3,197952,1,,,body,1475,1474,134,133,,,,,,,,,,,,,,,,,,,,,,,,,,,,,,,,,,,,,,
rtl,credit_return,,1557090000,,,,,,3,,1,,,mover_done,,,,,,,,,,,316,,,,,,,,,,,,,,,58,,,,,,,,,,,,,,,,
rtl,parser_ticket_we,,1557090000,,,,,,,197184,0,,,,,,,,,,,,,,317,450,0,0,5,,,,,,,,,,,,,,,,,,,,,,,,,,,
rtl,parser_ticket_we,,1557090000,,,,,,,197088,0,,,,,,,,,,,,,,318,979,0,0,4095,,,,,,,,,,,,,,,,,,,,,,,,,,,
tlm,ingress_preaccept,389273,1557092000,95,95,,,,0,197904,3,,,,1478,,94,,,93,,,,,,,,,,,,,,,,,,,,,,,,,,,,,,,,,,,,
tlm,ingress_preaccept,389273,1557092000,95,95,,,,2,197920,0,,,,1477,,55,,,54,,,,,,,,,,,,,,,,,,,,,,,,,,,,,,,,,,,,
tlm,ingress_preaccept,389273,1557092000,95,95,,,,3,197968,3,,,,1474,,133,,,132,,,,,,,,,,,,,,,,,,,,,,,,,,,,,,,,,,,,
tlm,ticket_enqueue,389273,1557092000,95,95,,,,1,197920,1,,,body,1477,1476,34,33,,,,,,,,,,,,,,,,,,,,,,,,,,,,,,,,,,,,,,
tlm,ticket_enqueue,389273,1557092000,95,95,,,,2,197920,0,,,body,1477,1476,55,55,,,,,,,,,,,,,,,,,,,,,,,,,,,,,,,,,,,,,,
rtl,credit_return,,1557094000,,,,,,3,,1,,,credit_return,,,,,,,,,,,325,,,,,,,,,,,,,,,58,,,,,,,,,,,,,,,,
rtl,parser_ticket_we,,1557094000,,,,,,,197104,1,,,,,,,,,,,,,,321,676,0,0,0,,,,,,,,,,,,,,,,,,,,,,,,,,,
rtl,parser_ticket_we,,1557094000,,,,,,,197136,2,,,,,,,,,,,,,,322,1070,0,0,2,,,,,,,,,,,,,,,,,,,,,,,,,,,
rtl,parser_ticket_we,,1557094000,,,,,,,197200,0,,,,,,,,,,,,,,323,450,0,0,6,,,,,,,,,,,,,,,,,,,,,,,,,,,
tlm,ingress_preaccept,389274,1557096000,95,95,,,,1,197936,1,,,,1476,,33,,,32,,,,,,,,,,,,,,,,,,,,,,,,,,,,,,,,,,,,
tlm,ingress_preaccept,389274,1557096000,95,95,,,,2,197936,2,,,,1476,,55,,,54,,,,,,,,,,,,,,,,,,,,,,,,,,,,,,,,,,,,
rtl,parser_ticket_we,,1557098000,,,,,,,197104,1,,,,,,,,,,,,,,326,979,0,0,0,,,,,,,,,,,,,,,,,,,,,,,,,,,
rtl,parser_ticket_we,,1557098000,,,,,,,197120,0,,,,,,,,,,,,,,327,677,0,0,1,,,,,,,,,,,,,,,,,,,,,,,,,,,
tlm,ticket_enqueue,389275,1557100000,95,95,,,,1,197936,1,,,body,1476,1475,33,32,,,,,,,,,,,,,,,,,,,,,,,,,,,,,,,,,,,,,,
rtl,handle_accept,,1557102000,,,,,,2,156368,2,,1,,,,,,,,490,38607,58,1530,331,,,,,,,,,,,,,,,,,,,,,,,,,,,,,,,
rtl,parser_ticket_we,,1557102000,,,,,,,197152,1,,,,,,,,,,,,,,329,430,0,0,3,,,,,,,,,,,,,,,,,,,,,,,,,,,
rtl,parser_ticket_we,,1557102000,,,,,,,197216,1,,,,,,,,,,,,,,330,450,0,0,7,,,,,,,,,,,,,,,,,,,,,,,,,,,
rtl,parser_ticket_we,,1557102000,,,,,,,197120,0,,,,,,,,,,,,,,333,980,0,0,1,,,,,,,,,,,,,,,,,,,,,,,,,,,
tlm,ingress_preaccept,389276,1557104000,95,95,,,,1,197952,3,,,,1475,,32,,,31,,,,,,,,,,,,,,,,,,,,,,,,,,,,,,,,,,,,
tlm,ticket_enqueue,389276,1557104000,95,95,,,,0,197904,3,,,body,1478,1477,94,91,,,,,,,,,,,,,,,,,,,,,,,,,,,,,,,,,,,,,,
tlm,ticket_enqueue,389276,1557104000,95,95,,,,2,197936,2,,,body,1476,1475,55,53,,,,,,,,,,,,,,,,,,,,,,,,,,,,,,,,,,,,,,
tlm,ticket_enqueue,389276,1557104000,95,95,,,,3,197968,3,,,body,1474,1473,133,130,,,,,,,,,,,,,,,,,,,,,,,,,,,,,,,,,,,,,,
rtl,parser_ticket_we,,1557106000,,,,,,,197136,1,,,,,,,,,,,,,,335,677,0,0,2,,,,,,,,,,,,,,,,,,,,,,,,,,,
rtl,parser_ticket_we,,1557106000,,,,,,,197136,0,,,,,,,,,,,,,,336,980,0,0,2,,,,,,,,,,,,,,,,,,,,,,,,,,,
rtl,parser_ticket_we,,1557106000,,,,,,,197232,0,,,,,,,,,,,,,,337,451,0,0,8,,,,,,,,,,,,,,,,,,,,,,,,,,,
rtl,parser_ticket_we,,1557106000,,,,,,,197168,0,,,,,,,,,,,,,,338,431,0,0,4,,,,,,,,,,,,,,,,,,,,,,,,,,,
tlm,ingress_preaccept,389277,1557108000,95,95,,,,0,197920,1,,,,1477,,91,,,90,,,,,,,,,,,,,,,,,,,,,,,,,,,,,,,,,,,,
tlm,ingress_preaccept,389277,1557108000,95,95,,,,2,197952,0,,,,1475,,53,,,52,,,,,,,,,,,,,,,,,,,,,,,,,,,,,,,,,,,,
tlm,ingress_preaccept,389277,1557108000,95,95,,,,3,197984,1,,,,1473,,130,,,129,,,,,,,,,,,,,,,,,,,,,,,,,,,,,,,,,,,,
tlm,ticket_enqueue,389277,1557108000,95,95,,,,2,197952,0,,,body,1475,1474,53,53,,,,,,,,,,,,,,,,,,,,,,,,,,,,,,,,,,,,,,
rtl,handle_accept,,1557110000,,,,,,3,156368,3,,3,,,,,,,,500,38609,59,1530,342,,,,,,,,,,,,,,,,,,,,,,,,,,,,,,,
rtl,parser_ticket_we,,1557110000,,,,,,,197248,0,,,,,,,,,,,,,,343,451,0,0,9,,,,,,,,,,,,,,,,,,,,,,,,,,,
rtl,parser_ticket_we,,1557110000,,,,,,,197152,0,,,,,,,,,,,,,,344,980,0,0,3,,,,,,,,,,,,,,,,,,,,,,,,,,,
tlm,ingress_preaccept,389278,1557112000,95,95,,,,2,197968,1,,,,1474,,53,,,52,,,,,,,,,,,,,,,,,,,,,,,,,,,,,,,,,,,,
tlm,ticket_enqueue,389278,1557112000,95,95,,,,0,197920,1,,,body,1477,1476,91,90,,,,,,,,,,,,,,,,,,,,,,,,,,,,,,,,,,,,,,
tlm,ticket_enqueue,389278,1557112000,95,95,,,,3,197984,1,,,body,1473,1472,130,129,,,,,,,,,,,,,,,,,,,,,,,,,,,,,,,,,,,,,,
rtl,parser_ticket_we,,1557114000,,,,,,,197152,1,,,,,,,,,,,,,,346,678,0,0,3,,,,,,,,,,,,,,,,,,,,,,,,,,,
rtl,parser_ticket_we,,1557114000,,,,,,,197184,1,,,,,,,,,,,,,,347,431,0,0,5,,,,,,,,,,,,,,,,,,,,,,,,,,,
rtl,parser_ticket_we,,1557114000,,,,,,,197168,0,,,,,,,,,,,,,,348,980,0,0,4,,,,,,,,,,,,,,,,,,,,,,,,,,,
rtl,parser_ticket_we,,1557114000,,,,,,,197264,0,,,,,,,,,,,,,,349,451,0,0,10,,,,,,,,,,,,,,,,,,,,,,,,,,,
tlm,ingress_preaccept,389279,1557116000,95,95,,,,0,197936,0,,,,1476,,90,,,89,,,,,,,,,,,,,,,,,,,,,,,,,,,,,,,,,,,,
tlm,ingress_preaccept,389279,1557116000,95,95,,,,3,198000,0,,,,1472,,129,,,128,,,,,,,,,,,,,,,,,,,,,,,,,,,,,,,,,,,,
tlm,ticket_enqueue,389279,1557116000,95,95,,,,0,197936,0,,,body,1476,1475,90,90,,,,,,,,,,,,,,,,,,,,,,,,,,,,,,,,,,,,,,
tlm,ticket_enqueue,389279,1557116000,95,95,,,,1,197952,3,,,body,1475,1474,32,29,,,,,,,,,,,,,,,,,,,,,,,,,,,,,,,,,,,,,,
tlm,ticket_enqueue,389279,1557116000,95,95,,,,2,197968,1,,,body,1474,1473,53,52,,,,,,,,,,,,,,,,,,,,,,,,,,,,,,,,,,,,,,
tlm,ticket_enqueue,389279,1557116000,95,95,,,,3,198000,0,,,body,1472,1471,129,129,,,,,,,,,,,,,,,,,,,,,,,,,,,,,,,,,,,,,,
rtl,parser_ticket_we,,1557118000,,,,,,,197280,0,,,,,,,,,,,,,,353,451,0,0,11,,,,,,,,,,,,,,,,,,,,,,,,,,,
rtl,parser_ticket_we,,1557118000,,,,,,,197168,0,,,,,,,,,,,,,,354,679,0,0,4,,,,,,,,,,,,,,,,,,,,,,,,,,,
tlm,ingress_preaccept,389280,1557120000,95,95,,,,0,197952,1,,,,1475,,90,,,89,,,,,,,,,,,,,,,,,,,,,,,,,,,,,,,,,,,,
tlm,ingress_preaccept,389280,1557120000,95,95,,,,1,197968,0,,,,1474,,29,,,28,,,,,,,,,,,,,,,,,,,,,,,,,,,,,,,,,,,,
tlm,ingress_preaccept,389280,1557120000,95,95,,,,2,197984,3,,,,1473,,52,,,51,,,,,,,,,,,,,,,,,,,,,,,,,,,,,,,,,,,,
tlm,ingress_preaccept,389280,1557120000,95,95,,,,3,198016,1,,,,1471,,129,,,128,,,,,,,,,,,,,,,,,,,,,,,,,,,,,,,,,,,,
tlm,ticket_enqueue,389280,1557120000,95,95,,,,1,197968,0,,,body,1474,1473,29,29,,,,,,,,,,,,,,,,,,,,,,,,,,,,,,,,,,,,,,
rtl,allocator_decision,,1557122000,,,156384,,,,,,,,,,,,,,,,,,,358,,,,,idle_to_fetch,15,15,15,15,0,0,0,0,6,,,,,,,,,,,,,,,,,
rtl,parser_ticket_we,,1557122000,,,,,,,197200,1,,,,,,,,,,,,,,356,432,0,0,6,,,,,,,,,,,,,,,,,,,,,,,,,,,
rtl,parser_ticket_we,,1557122000,,,,,,,197184,1,,,,,,,,,,,,,,357,980,0,0,5,,,,,,,,,,,,,,,,,,,,,,,,,,,
rtl,parser_ticket_we,,1557122000,,,,,,,197296,0,,,,,,,,,,,,,,363,451,0,0,12,,,,,,,,,,,,,,,,,,,,,,,,,,,
tlm,ingress_preaccept,389281,1557124000,95,95,,,,1,197984,0,,,,1473,,29,,,28,,,,,,,,,,,,,,,,,,,,,,,,,,,,,,,,,,,,
tlm,ticket_enqueue,389281,1557124000,95,95,,,,0,197952,1,,,body,1475,1474,90,89,,,,,,,,,,,,,,,,,,,,,,,,,,,,,,,,,,,,,,
tlm,ticket_enqueue,389281,1557124000,95,95,,,,1,197984,0,,,body,1473,1472,29,29,,,,,,,,,,,,,,,,,,,,,,,,,,,,,,,,,,,,,,
tlm,ticket_enqueue,389281,1557124000,95,95,,,,3,198016,1,,,body,1471,1470,129,128,,,,,,,,,,,,,,,,,,,,,,,,,,,,,,,,,,,,,,
rtl,parser_ticket_we,,1557126000,,,,,,,197184,1,,,,,,,,,,,,,,367,679,0,0,5,,,,,,,,,,,,,,,,,,,,,,,,,,,
rtl,parser_ticket_we,,1557126000,,,,,,,197216,0,,,,,,,,,,,,,,368,433,0,0,7,,,,,,,,,,,,,,,,,,,,,,,,,,,
tlm,ingress_preaccept,389282,1557128000,95,95,,,,0,197968,1,,,,1474,,89,,,88,,,,,,,,,,,,,,,,,,,,,,,,,,,,,,,,,,,,
tlm,ingress_preaccept,389282,1557128000,95,95,,,,1,198000,1,,,,1472,,29,,,28,,,,,,,,,,,,,,,,,,,,,,,,,,,,,,,,,,,,
tlm,ingress_preaccept,389282,1557128000,95,95,,,,3,198032,0,,,,1470,,128,,,127,,,,,,,,,,,,,,,,,,,,,,,,,,,,,,,,,,,,
tlm,ticket_enqueue,389282,1557128000,95,95,,,,3,198032,0,,,body,1470,1469,128,128,,,,,,,,,,,,,,,,,,,,,,,,,,,,,,,,,,,,,,
rtl,parser_ticket_we,,1557130000,,,,,,,197200,0,,,,,,,,,,,,,,371,680,0,0,6,,,,,,,,,,,,,,,,,,,,,,,,,,,
tlm,allocator_fetch,389283,1557132000,75,75,156352,44,15,,,,,,,,,,,,,,,,,,,,,,,,,,,,,,,,,,,,,,,,,,,,,,,,
tlm,handle_accept,389283,1557132000,75,75,156352,,,0,156352,2,1,186,,,,,,,,,,,,,,,,,,,,,,,,,,,,,,,,,,,,,,,,,,,
tlm,ingress_preaccept,389283,1557132000,95,95,,,,3,198048,0,,,,1469,,128,,,127,,,,,,,,,,,,,,,,,,,,,,,,,,,,,,,,,,,,
tlm,ticket_enqueue,389283,1557132000,95,95,,,,0,197968,1,,,body,1474,1473,89,88,,,,,,,,,,,,,,,,,,,,,,,,,,,,,,,,,,,,,,
tlm,ticket_enqueue,389283,1557132000,95,95,,,,1,198000,1,,,body,1472,1471,29,28,,,,,,,,,,,,,,,,,,,,,,,,,,,,,,,,,,,,,,
tlm,ticket_enqueue,389283,1557132000,95,95,,,,2,197984,3,,,body,1473,1472,52,49,,,,,,,,,,,,,,,,,,,,,,,,,,,,,,,,,,,,,,
tlm,ticket_enqueue,389283,1557132000,95,95,,,,3,198048,0,,,body,1469,1468,128,128,,,,,,,,,,,,,,,,,,,,,,,,,,,,,,,,,,,,,,
tlm,ticket_pop,389283,1557132000,75,75,,,,0,156352,2,,,body,1473,1474,,,,,,,,,,,,,,,,,,,,,,,,,,,,,,,,,,,,,,,,
tlm,ticket_pop,389283,1557132000,75,75,,,,1,156352,2,,,body,1471,1472,,,,,,,,,,,,,,,,,,,,,,,,,,,,,,,,,,,,,,,,
tlm,ticket_pop,389283,1557132000,75,75,,,,2,156352,0,,,body,1472,1473,,,,,,,,,,,,,,,,,,,,,,,,,,,,,,,,,,,,,,,,
tlm,ticket_pop,389283,1557132000,75,75,,,,3,156352,1,,,body,1468,1469,,,,,,,,,,,,,,,,,,,,,,,,,,,,,,,,,,,,,,,,
rtl,credit_return,,1557134000,,,,,,0,,1,,,mover_done,,,,,,,,,,,376,,,,,,,,,,,,,,,11,,,,,,,,,,,,,,,,
rtl,parser_ticket_we,,1557134000,,,,,,,197312,2,,,,,,,,,,,,,,377,451,0,0,13,,,,,,,,,,,,,,,,,,,,,,,,,,,
tlm,ingress_preaccept,389284,1557136000,95,95,,,,0,197984,0,,,,1474,,88,,,87,,,,,,,,,,,,,,,,,,,,,,,,,,,,,,,,,,,,
tlm,ingress_preaccept,389284,1557136000,95,95,,,,1,198016,1,,,,1472,,28,,,27,,,,,,,,,,,,,,,,,,,,,,,,,,,,,,,,,,,,
tlm,ingress_preaccept,389284,1557136000,95,95,,,,2,198000,0,,,,1473,,49,,,48,,,,,,,,,,,,,,,,,,,,,,,,,,,,,,,,,,,,
tlm,ingress_preaccept,389284,1557136000,95,95,,,,3,198064,1,,,,1469,,128,,,127,,,,,,,,,,,,,,,,,,,,,,,,,,,,,,,,,,,,
tlm,ticket_enqueue,389284,1557136000,95,95,,,,0,197984,0,,,body,1474,1473,88,88,,,,,,,,,,,,,,,,,,,,,,,,,,,,,,,,,,,,,,
tlm,ticket_enqueue,389284,1557136000,95,95,,,,2,198000,0,,,body,1473,1472,49,49,,,,,,,,,,,,,,,,,,,,,,,,,,,,,,,,,,,,,,
rtl,credit_return,,1557138000,,,,,,0,,1,,,credit_return,,,,,,,,,,,382,,,,,,,,,,,,,,,11,,,,,,,,,,,,,,,,
rtl,parser_ticket_we,,1557138000,,,,,,,197200,3,,,,,,,,,,,,,,379,981,0,0,6,,,,,,,,,,,,,,,,,,,,,,,,,,,
rtl,parser_ticket_we,,1557138000,,,,,,,197232,2,,,,,,,,,,,,,,380,433,0,0,8,,,,,,,,,,,,,,,,,,,,,,,,,,,
tlm,handle_accept,389285,1557140000,75,75,156352,,,1,156352,2,1,188,,,,,,,,,,,,,,,,,,,,,,,,,,,,,,,,,,,,,,,,,,,
tlm,ingress_preaccept,389285,1557140000,95,95,,,,0,198000,2,,,,1473,,88,,,87,,,,,,,,,,,,,,,,,,,,,,,,,,,,,,,,,,,,
tlm,ingress_preaccept,389285,1557140000,95,95,,,,2,198016,2,,,,1472,,49,,,48,,,,,,,,,,,,,,,,,,,,,,,,,,,,,,,,,,,,
tlm,ticket_enqueue,389285,1557140000,95,95,,,,1,198016,1,,,body,1472,1471,28,27,,,,,,,,,,,,,,,,,,,,,,,,,,,,,,,,,,,,,,
tlm,ticket_enqueue,389285,1557140000,95,95,,,,3,198064,1,,,body,1469,1468,128,127,,,,,,,,,,,,,,,,,,,,,,,,,,,,,,,,,,,,,,
rtl,parser_ticket_we,,1557142000,,,,,,,197216,2,,,,,,,,,,,,,,383,680,0,0,7,,,,,,,,,,,,,,,,,,,,,,,,,,,
rtl,parser_ticket_we,,1557142000,,,,,,,197248,0,,,,,,,,,,,,,,384,435,0,0,9,,,,,,,,,,,,,,,,,,,,,,,,,,,
rtl,parser_ticket_we,,1557142000,,,,,,,197216,0,,,,,,,,,,,,,,385,984,0,0,7,,,,,,,,,,,,,,,,,,,,,,,,,,,
tlm,credit_return,389286,1557144000,75,75,,,,0,156352,2,0,,,,,88,90,,,,,,,,,,,,,,,,,,,,,,,,,,,,,,,,,,,,,,
tlm,ingress_preaccept,389286,1557144000,95,95,,,,1,198032,0,,,,1471,,27,,,26,,,,,,,,,,,,,,,,,,,,,,,,,,,,,,,,,,,,
tlm,ingress_preaccept,389286,1557144000,95,95,,,,3,198080,1,,,,1468,,127,,,126,,,,,,,,,,,,,,,,,,,,,,,,,,,,,,,,,,,,
tlm,ticket_enqueue,389286,1557144000,95,95,,,,1,198032,0,,,body,1471,1470,27,27,,,,,,,,,,,,,,,,,,,,,,,,,,,,,,,,,,,,,,
rtl,parser_ticket_we,,1557146000,,,,,,,197328,2,,,,,,,,,,,,,,387,453,0,0,14,,,,,,,,,,,,,,,,,,,,,,,,,,,
rtl,parser_ticket_we,,1557146000,,,,,,,197232,0,,,,,,,,,,,,,,388,984,0,0,8,,,,,,,,,,,,,,,,,,,,,,,,,,,
rtl,parser_ticket_we,,1557146000,,,,,,,197264,0,,,,,,,,,,,,,,389,435,0,0,10,,,,,,,,,,,,,,,,,,,,,,,,,,,
tlm,allocator_lane_action,389287,1557148000,75,75,156352,,,2,156352,0,,,,,,,,empty,,,,,,,,,,,,,,,,,,,,,,,,,,,,,,,,,,,,,
tlm,ingress_preaccept,389287,1557148000,95,95,,,,1,198048,0,,,,1470,,27,,,26,,,,,,,,,,,,,,,,,,,,,,,,,,,,,,,,,,,,
tlm,ticket_enqueue,389287,1557148000,95,95,,,,0,198000,2,,,body,1473,1472,90,88,,,,,,,,,,,,,,,,,,,,,,,,,,,,,,,,,,,,,,
tlm,ticket_enqueue,389287,1557148000,95,95,,,,1,198048,0,,,body,1470,1469,27,27,,,,,,,,,,,,,,,,,,,,,,,,,,,,,,,,,,,,,,
tlm,ticket_enqueue,389287,1557148000,95,95,,,,2,198016,2,,,body,1472,1471,49,47,,,,,,,,,,,,,,,,,,,,,,,,,,,,,,,,,,,,,,
tlm,ticket_enqueue,389287,1557148000,95,95,,,,3,198080,1,,,body,1468,1467,127,126,,,,,,,,,,,,,,,,,,,,,,,,,,,,,,,,,,,,,,
rtl,parser_ticket_we,,1557150000,,,,,,,197232,1,,,,,,,,,,,,,,391,682,0,0,8,,,,,,,,,,,,,,,,,,,,,,,,,,,
rtl,parser_ticket_we,,1557150000,,,,,,,197280,0,,,,,,,,,,,,,,392,435,0,0,11,,,,,,,,,,,,,,,,,,,,,,,,,,,
rtl,parser_ticket_we,,1557150000,,,,,,,197344,0,,,,,,,,,,,,,,393,455,0,0,15,,,,,,,,,,,,,,,,,,,,,,,,,,,
tlm,ingress_preaccept,389288,1557152000,95,95,,,,0,198016,0,,,,1472,,88,,,87,,,,,,,,,,,,,,,,,,,,,,,,,,,,,,,,,,,,
tlm,ingress_preaccept,389288,1557152000,95,95,,,,1,198064,1,,,,1469,,27,,,26,,,,,,,,,,,,,,,,,,,,,,,,,,,,,,,,,,,,
tlm,ingress_preaccept,389288,1557152000,95,95,,,,2,198032,0,,,,1471,,47,,,46,,,,,,,,,,,,,,,,,,,,,,,,,,,,,,,,,,,,
tlm,ingress_preaccept,389288,1557152000,95,95,,,,3,198096,1,,,,1467,,126,,,125,,,,,,,,,,,,,,,,,,,,,,,,,,,,,,,,,,,,
tlm,ticket_enqueue,389288,1557152000,95,95,,,,0,198016,0,,,body,1472,1471,88,88,,,,,,,,,,,,,,,,,,,,,,,,,,,,,,,,,,,,,,
tlm,ticket_enqueue,389288,1557152000,95,95,,,,2,198032,0,,,body,1471,1470,47,47,,,,,,,,,,,,,,,,,,,,,,,,,,,,,,,,,,,,,,
rtl,parser_ticket_we,,1557154000,,,,,,,197248,1,,,,,,,,,,,,,,395,984,0,0,9,,,,,,,,,,,,,,,,,,,,,,,,,,,
rtl,parser_ticket_we,,1557154000,,,,,,,197248,0,,,,,,,,,,,,,,396,683,0,0,9,,,,,,,,,,,,,,,,,,,,,,,,,,,
tlm,handle_accept,389289,1557156000,75,75,156352,,,3,156352,1,1,189,,,,,,,,,,,,,,,,,,,,,,,,,,,,,,,,,,,,,,,,,,,
tlm,ingress_preaccept,389289,1557156000,95,95,,,,0,198032,0,,,,1471,,88,,,87,,,,,,,,,,,,,,,,,,,,,,,,,,,,,,,,,,,,
tlm,ingress_preaccept,389289,1557156000,95,95,,,,2,198048,0,,,,1470,,47,,,46,,,,,,,,,,,,,,,,,,,,,,,,,,,,,,,,,,,,
tlm,ticket_enqueue,389289,1557156000,95,95,,,,0,198032,0,,,body,1471,1470,88,88,,,,,,,,,,,,,,,,,,,,,,,,,,,,,,,,,,,,,,
tlm,ticket_enqueue,389289,1557156000,95,95,,,,1,198064,1,,,body,1469,1468,27,26,,,,,,,,,,,,,,,,,,,,,,,,,,,,,,,,,,,,,,
tlm,ticket_enqueue,389289,1557156000,95,95,,,,2,198048,0,,,body,1470,1469,47,47,,,,,,,,,,,,,,,,,,,,,,,,,,,,,,,,,,,,,,
tlm,ticket_enqueue,389289,1557156000,95,95,,,,3,198096,1,,,body,1467,1466,126,125,,,,,,,,,,,,,,,,,,,,,,,,,,,,,,,,,,,,,,
rtl,parser_ticket_we,,1557158000,,,,,,,197296,1,,,,,,,,,,,,,,399,435,0,0,12,,,,,,,,,,,,,,,,,,,,,,,,,,,
rtl,parser_ticket_we,,1557158000,,,,,,,197360,1,,,,,,,,,,,,,,400,455,0,0,10,,,,,,,,,,,,,,,,,,,,,,,,,,,
rtl,parser_ticket_we,,1557158000,,,,,,,197264,0,,,,,,,,,,,,,,401,985,0,0,10,,,,,,,,,,,,,,,,,,,,,,,,,,,
tlm,credit_return,389290,1557160000,75,75,,,,1,156352,2,0,,,,,26,28,,,,,,,,,,,,,,,,,,,,,,,,,,,,,,,,,,,,,,
tlm,ingress_preaccept,389290,1557160000,95,95,,,,0,198048,1,,,,1470,,88,,,87,,,,,,,,,,,,,,,,,,,,,,,,,,,,,,,,,,,,
tlm,ingress_preaccept,389290,1557160000,95,95,,,,1,198080,0,,,,1468,,26,,,25,,,,,,,,,,,,,,,,,,,,,,,,,,,,,,,,,,,,
tlm,ingress_preaccept,389290,1557160000,95,95,,,,2,198064,1,,,,1469,,47,,,46,,,,,,,,,,,,,,,,,,,,,,,,,,,,,,,,,,,,
tlm,ingress_preaccept,389290,1557160000,95,95,,,,3,198112,0,,,,1466,,125,,,124,,,,,,,,,,,,,,,,,,,,,,,,,,,,,,,,,,,,
tlm,ticket_enqueue,389290,1557160000,95,95,,,,1,198080,0,,,body,1468,1467,26,26,,,,,,,,,,,,,,,,,,,,,,,,,,,,,,,,,,,,,,
tlm,ticket_enqueue,389290,1557160000,95,95,,,,3,198112,0,,,body,1466,1465,125,125,,,,,,,,,,,,,,,,,,,,,,,,,,,,,,,,,,,,,,
rtl,parser_ticket_we,,1557162000,,,,,,,197264,1,,,,,,,,,,,,,,404,683,0,0,10,,,,,,,,,,,,,,,,,,,,,,,,,,,
rtl,parser_ticket_we,,1557162000,,,,,,,197280,0,,,,,,,,,,,,,,406,985,0,0,11,,,,,,,,,,,,,,,,,,,,,,,,,,,
rtl,parser_ticket_we,,1557162000,,,,,,,197376,0,,,,,,,,,,,,,,407,456,0,0,11,,,,,,,,,,,,,,,,,,,,,,,,,,,
tlm,ingress_preaccept,389291,1557164000,95,95,,,,1,198096,0,,,,1467,,28,,,27,,,,,,,,,,,,,,,,,,,,,,,,,,,,,,,,,,,,
tlm,ingress_preaccept,389291,1557164000,95,95,,,,3,198128,1,,,,1465,,125,,,124,,,,,,,,,,,,,,,,,,,,,,,,,,,,,,,,,,,,
tlm,ticket_enqueue,389291,1557164000,95,95,,,,0,198048,1,,,body,1470,1469,88,87,,,,,,,,,,,,,,,,,,,,,,,,,,,,,,,,,,,,,,
tlm,ticket_enqueue,389291,1557164000,95,95,,,,1,198096,0,,,body,1467,1466,28,28,,,,,,,,,,,,,,,,,,,,,,,,,,,,,,,,,,,,,,
tlm,ticket_enqueue,389291,1557164000,95,95,,,,2,198064,1,,,body,1469,1468,47,46,,,,,,,,,,,,,,,,,,,,,,,,,,,,,,,,,,,,,,
rtl,credit_return,,1557166000,,,,,,2,,2,,,mover_done,,,,,,,,,,,411,,,,,,,,,,,,,,,58,,,,,,,,,,,,,,,,
tlm,ingress_preaccept,389292,1557168000,95,95,,,,0,198064,0,,,,1469,,87,,,86,,,,,,,,,,,,,,,,,,,,,,,,,,,,,,,,,,,,
tlm,ingress_preaccept,389292,1557168000,95,95,,,,1,198112,1,,,,1466,,28,,,27,,,,,,,,,,,,,,,,,,,,,,,,,,,,,,,,,,,,
tlm,ingress_preaccept,389292,1557168000,95,95,,,,2,198080,0,,,,1468,,46,,,45,,,,,,,,,,,,,,,,,,,,,,,,,,,,,,,,,,,,
tlm,ticket_enqueue,389292,1557168000,95,95,,,,0,198064,0,,,body,1469,1468,87,87,,,,,,,,,,,,,,,,,,,,,,,,,,,,,,,,,,,,,,
tlm,ticket_enqueue,389292,1557168000,95,95,,,,2,198080,0,,,body,1468,1467,46,46,,,,,,,,,,,,,,,,,,,,,,,,,,,,,,,,,,,,,,
tlm,ticket_enqueue,389292,1557168000,95,95,,,,3,198128,1,,,body,1465,1464,125,124,,,,,,,,,,,,,,,,,,,,,,,,,,,,,,,,,,,,,,
rtl,credit_return,,1557170000,,,,,,2,,2,,,credit_return,,,,,,,,,,,414,,,,,,,,,,,,,,,58,,,,,,,,,,,,,,,,
tlm,credit_return,389293,1557172000,75,75,,,,3,156352,1,0,,,,,124,125,,,,,,,,,,,,,,,,,,,,,,,,,,,,,,,,,,,,,,
tlm,ingress_preaccept,389293,1557172000,95,95,,,,0,198080,0,,,,1468,,87,,,86,,,,,,,,,,,,,,,,,,,,,,,,,,,,,,,,,,,,
tlm,ingress_preaccept,389293,1557172000,95,95,,,,2,198096,0,,,,1467,,46,,,45,,,,,,,,,,,,,,,,,,,,,,,,,,,,,,,,,,,,
tlm,ingress_preaccept,389293,1557172000,95,95,,,,3,198144,2,,,,1464,,124,,,123,,,,,,,,,,,,,,,,,,,,,,,,,,,,,,,,,,,,
tlm,ticket_enqueue,389293,1557172000,95,95,,,,0,198080,0,,,body,1468,1467,87,87,,,,,,,,,,,,,,,,,,,,,,,,,,,,,,,,,,,,,,
tlm,ticket_enqueue,389293,1557172000,95,95,,,,1,198112,1,,,body,1466,1465,28,27,,,,,,,,,,,,,,,,,,,,,,,,,,,,,,,,,,,,,,
tlm,ticket_enqueue,389293,1557172000,95,95,,,,2,198096,0,,,body,1467,1466,46,46,,,,,,,,,,,,,,,,,,,,,,,,,,,,,,,,,,,,,,
rtl,parser_ticket_we,,1557174000,,,,,,,197312,3,,,,,,,,,,,,,,415,436,0,0,13,,,,,,,,,,,,,,,,,,,,,,,,,,,
rtl,parser_ticket_we,,1557174000,,,,,,,197280,2,,,,,,,,,,,,,,416,684,0,0,11,,,,,,,,,,,,,,,,,,,,,,,,,,,
tlm,ingress_preaccept,389294,1557176000,95,95,,,,0,198096,1,,,,1467,,87,,,86,,,,,,,,,,,,,,,,,,,,,,,,,,,,,,,,,,,,
tlm,ingress_preaccept,389294,1557176000,95,95,,,,1,198128,0,,,,1465,,27,,,26,,,,,,,,,,,,,,,,,,,,,,,,,,,,,,,,,,,,
tlm,ingress_preaccept,389294,1557176000,95,95,,,,2,198112,1,,,,1466,,46,,,45,,,,,,,,,,,,,,,,,,,,,,,,,,,,,,,,,,,,
tlm,ticket_enqueue,389294,1557176000,95,95,,,,1,198128,0,,,body,1465,1464,27,27,,,,,,,,,,,,,,,,,,,,,,,,,,,,,,,,,,,,,,
rtl,parser_ticket_we,,1557178000,,,,,,,197296,3,,,,,,,,,,,,,,418,985,0,0,12,,,,,,,,,,,,,,,,,,,,,,,,,,,
rtl,parser_ticket_we,,1557178000,,,,,,,197392,3,,,,,,,,,,,,,,419,456,0,0,12,,,,,,,,,,,,,,,,,,,,,,,,,,,
rtl,parser_ticket_we,,1557178000,,,,,,,197328,0,,,,,,,,,,,,,,420,439,0,0,14,,,,,,,,,,,,,,,,,,,,,,,,,,,
tlm,ingress_preaccept,389295,1557180000,95,95,,,,1,198144,2,,,,1464,,27,,,26,,,,,,,,,,,,,,,,,,,,,,,,,,,,,,,,,,,,
tlm,ticket_enqueue,389295,1557180000,95,95,,,,0,198096,1,,,body,1467,1466,87,86,,,,,,,,,,,,,,,,,,,,,,,,,,,,,,,,,,,,,,
tlm,ticket_enqueue,389295,1557180000,95,95,,,,2,198112,1,,,body,1466,1465,46,45,,,,,,,,,,,,,,,,,,,,,,,,,,,,,,,,,,,,,,
tlm,ticket_enqueue,389295,1557180000,95,95,,,,3,198144,2,,,body,1464,1463,125,123,,,,,,,,,,,,,,,,,,,,,,,,,,,,,,,,,,,,,,
rtl,allocator_lane_action,,1557182000,,,,,,0,,,,,,,,,,2,,,,,,424,,0,0,,,,,,,,,,,,,0,1,0,156384,2,75,1,0,,,,,,,,
rtl,allocator_lane_action,,1557182000,,,,,,1,,,,,,,,,,2,,,,,,425,,0,0,,,,,,,,,,,,,0,1,0,156384,0,75,1,0,,,,,,,,
rtl,allocator_lane_action,,1557182000,,,,,,2,,,,,,,,,,2,,,,,,426,,0,0,,,,,,,,,,,,,0,1,0,156384,0,75,1,0,,,,,,,,
rtl,allocator_lane_action,,1557182000,,,,,,3,,,,,,,,,,2,,,,,,427,,0,0,,,,,,,,,,,,,0,1,0,156384,1,75,1,0,,,,,,,,
rtl,parser_ticket_we,,1557182000,,,,,,,197296,1,,,,,,,,,,,,,,422,686,0,0,12,,,,,,,,,,,,,,,,,,,,,,,,,,,
rtl,parser_ticket_we,,1557182000,,,,,,,197408,0,,,,,,,,,,,,,,428,459,0,0,13,,,,,,,,,,,,,,,,,,,,,,,,,,,
tlm,ingress_preaccept,389296,1557184000,95,95,,,,0,198112,0,,,,1466,,86,,,85,,,,,,,,,,,,,,,,,,,,,,,,,,,,,,,,,,,,
tlm,ingress_preaccept,389296,1557184000,95,95,,,,2,198128,2,,,,1465,,45,,,44,,,,,,,,,,,,,,,,,,,,,,,,,,,,,,,,,,,,
tlm,ingress_preaccept,389296,1557184000,95,95,,,,3,198160,0,,,,1463,,123,,,122,,,,,,,,,,,,,,,,,,,,,,,,,,,,,,,,,,,,
tlm,ticket_enqueue,389296,1557184000,95,95,,,,0,198112,0,,,body,1466,1465,86,86,,,,,,,,,,,,,,,,,,,,,,,,,,,,,,,,,,,,,,
tlm,ticket_enqueue,389296,1557184000,95,95,,,,3,198160,0,,,body,1463,1462,123,123,,,,,,,,,,,,,,,,,,,,,,,,,,,,,,,,,,,,,,
rtl,parser_ticket_we,,1557186000,,,,,,,197312,1,,,,,,,,,,,,,,430,988,0,0,13,,,,,,,,,,,,,,,,,,,,,,,,,,,
rtl,parser_ticket_we,,1557186000,,,,,,,197312,0,,,,,,,,,,,,,,431,687,0,0,13,,,,,,,,,,,,,,,,,,,,,,,,,,,
tlm,ingress_preaccept,389297,1557188000,95,95,,,,0,198128,0,,,,1465,,86,,,85,,,,,,,,,,,,,,,,,,,,,,,,,,,,,,,,,,,,
tlm,ingress_preaccept,389297,1557188000,95,95,,,,3,198176,0,,,,1462,,123,,,122,,,,,,,,,,,,,,,,,,,,,,,,,,,,,,,,,,,,
tlm,ticket_enqueue,389297,1557188000,95,95,,,,0,198128,0,,,body,1465,1464,86,86,,,,,,,,,,,,,,,,,,,,,,,,,,,,,,,,,,,,,,
tlm,ticket_enqueue,389297,1557188000,95,95,,,,1,198144,2,,,body,1464,1463,27,25,,,,,,,,,,,,,,,,,,,,,,,,,,,,,,,,,,,,,,
tlm,ticket_enqueue,389297,1557188000,95,95,,,,3,198176,0,,,body,1462,1461,123,123,,,,,,,,,,,,,,,,,,,,,,,,,,,,,,,,,,,,,,
rtl,parser_ticket_we,,1557190000,,,,,,,197424,1,,,,,,,,,,,,,,434,459,0,0,14,,,,,,,,,,,,,,,,,,,,,,,,,,,
rtl,parser_ticket_we,,1557190000,,,,,,,197344,2,,,,,,,,,,,,,,435,439,0,0,15,,,,,,,,,,,,,,,,,,,,,,,,,,,
rtl,parser_ticket_we,,1557190000,,,,,,,197328,0,,,,,,,,,,,,,,436,989,0,0,14,,,,,,,,,,,,,,,,,,,,,,,,,,,
tlm,ingress_preaccept,389298,1557192000,95,95,,,,0,198144,2,,,,1464,,86,,,85,,,,,,,,,,,,,,,,,,,,,,,,,,,,,,,,,,,,
tlm,ingress_preaccept,389298,1557192000,95,95,,,,1,198160,1,,,,1463,,25,,,24,,,,,,,,,,,,,,,,,,,,,,,,,,,,,,,,,,,,
tlm,ingress_preaccept,389298,1557192000,95,95,,,,3,198192,0,,,,1461,,123,,,122,,,,,,,,,,,,,,,,,,,,,,,,,,,,,,,,,,,,
tlm,ticket_enqueue,389298,1557192000,95,95,,,,2,198128,2,,,body,1465,1464,45,43,,,,,,,,,,,,,,,,,,,,,,,,,,,,,,,,,,,,,,
tlm,ticket_enqueue,389298,1557192000,95,95,,,,3,198192,0,,,body,1461,1460,123,123,,,,,,,,,,,,,,,,,,,,,,,,,,,,,,,,,,,,,,
rtl,handle_accept,,1557194000,,,,,,0,156384,2,,0,,,,,,,,814,38613,12,1531,440,,,,,,,,,,,,,,,,,,,,,,,,,,,,,,,
rtl,parser_ticket_we,,1557194000,,,,,,,197328,1,,,,,,,,,,,,,,439,687,0,0,14,,,,,,,,,,,,,,,,,,,,,,,,,,,
rtl,parser_ticket_we,,1557194000,,,,,,,197344,0,,,,,,,,,,,,,,442,989,0,0,15,,,,,,,,,,,,,,,,,,,,,,,,,,,
rtl,parser_ticket_we,,1557194000,,,,,,,197360,0,,,,,,,,,,,,,,443,1083,0,0,10,,,,,,,,,,,,,,,,,,,,,,,,,,,
tlm,ingress_preaccept,389299,1557196000,95,95,,,,2,198144,0,,,,1464,,43,,,42,,,,,,,,,,,,,,,,,,,,,,,,,,,,,,,,,,,,
tlm,ingress_preaccept,389299,1557196000,95,95,,,,3,198208,1,,,,1460,,123,,,122,,,,,,,,,,,,,,,,,,,,,,,,,,,,,,,,,,,,
tlm,ticket_enqueue,389299,1557196000,95,95,,,,1,198160,1,,,body,1463,1462,25,24,,,,,,,,,,,,,,,,,,,,,,,,,,,,,,,,,,,,,,
tlm,ticket_enqueue,389299,1557196000,95,95,,,,2,198144,0,,,body,1464,1463,43,43,,,,,,,,,,,,,,,,,,,,,,,,,,,,,,,,,,,,,,
rtl,parser_ticket_we,,1557198000,,,,,,,197440,1,,,,,,,,,,,,,,446,1114,0,0,15,,,,,,,,,,,,,,,,,,,,,,,,,,,
rtl,parser_ticket_we,,1557198000,,,,,,,197360,0,,,,,,,,,,,,,,447,989,0,0,10,,,,,,,,,,,,,,,,,,,,,,,,,,,
tlm,ingress_preaccept,389300,1557200000,95,95,,,,1,198176,0,,,,1462,,24,,,23,,,,,,,,,,,,,,,,,,,,,,,,,,,,,,,,,,,,
tlm,ingress_preaccept,389300,1557200000,95,95,,,,2,198160,0,,,,1463,,43,,,42,,,,,,,,,,,,,,,,,,,,,,,,,,,,,,,,,,,,
tlm,ticket_enqueue,389300,1557200000,95,95,,,,0,198144,2,,,body,1464,1463,86,84,,,,,,,,,,,,,,,,,,,,,,,,,,,,,,,,,,,,,,
tlm,ticket_enqueue,389300,1557200000,95,95,,,,1,198176,0,,,body,1462,1461,24,24,,,,,,,,,,,,,,,,,,,,,,,,,,,,,,,,,,,,,,
tlm,ticket_enqueue,389300,1557200000,95,95,,,,2,198160,0,,,body,1463,1462,43,43,,,,,,,,,,,,,,,,,,,,,,,,,,,,,,,,,,,,,,
tlm,ticket_enqueue,389300,1557200000,95,95,,,,3,198208,1,,,body,1460,1459,123,122,,,,,,,,,,,,,,,,,,,,,,,,,,,,,,,,,,,,,,
rtl,credit_return,,1557202000,,,,,,3,,3,,,mover_done,,,,,,,,,,,455,,,,,,,,,,,,,,,59,,,,,,,,,,,,,,,,
rtl,parser_ticket_we,,1557202000,,,,,,,197344,1,,,,,,,,,,,,,,452,688,0,0,15,,,,,,,,,,,,,,,,,,,,,,,,,,,
rtl,parser_ticket_we,,1557202000,,,,,,,197376,1,,,,,,,,,,,,,,453,1083,0,0,11,,,,,,,,,,,,,,,,,,,,,,,,,,,
tlm,ingress_preaccept,389301,1557204000,95,95,,,,0,198160,0,,,,1463,,84,,,83,,,,,,,,,,,,,,,,,,,,,,,,,,,,,,,,,,,,
tlm,ingress_preaccept,389301,1557204000,95,95,,,,1,198192,0,,,,1461,,24,,,23,,,,,,,,,,,,,,,,,,,,,,,,,,,,,,,,,,,,
tlm,ingress_preaccept,389301,1557204000,95,95,,,,2,198176,2,,,,1462,,43,,,42,,,,,,,,,,,,,,,,,,,,,,,,,,,,,,,,,,,,
tlm,ingress_preaccept,389301,1557204000,95,95,,,,3,198224,1,,,,1459,,122,,,121,,,,,,,,,,,,,,,,,,,,,,,,,,,,,,,,,,,,
tlm,ticket_enqueue,389301,1557204000,95,95,,,,0,198160,0,,,body,1463,1462,84,84,,,,,,,,,,,,,,,,,,,,,,,,,,,,,,,,,,,,,,
tlm,ticket_enqueue,389301,1557204000,95,95,,,,1,198192,0,,,body,1461,1460,24,24,,,,,,,,,,,,,,,,,,,,,,,,,,,,,,,,,,,,,,
rtl,credit_return,,1557206000,,,,,,3,,3,,,credit_return,,,,,,,,,,,460,,,,,,,,,,,,,,,59,,,,,,,,,,,,,,,,
rtl,parser_ticket_we,,1557206000,,,,,,,197456,1,,,,,,,,,,,,,,457,1115,0,0,16,,,,,,,,,,,,,,,,,,,,,,,,,,,
rtl,parser_ticket_we,,1557206000,,,,,,,197376,1,,,,,,,,,,,,,,458,989,0,0,11,,,,,,,,,,,,,,,,,,,,,,,,,,,
tlm,ingress_preaccept,389302,1557208000,95,95,,,,0,198176,1,,,,1462,,84,,,83,,,,,,,,,,,,,,,,,,,,,,,,,,,,,,,,,,,,
tlm,ingress_preaccept,389302,1557208000,95,95,,,,1,198208,1,,,,1460,,24,,,23,,,,,,,,,,,,,,,,,,,,,,,,,,,,,,,,,,,,
tlm,ticket_enqueue,389302,1557208000,95,95,,,,3,198224,1,,,body,1459,1458,122,121,,,,,,,,,,,,,,,,,,,,,,,,,,,,,,,,,,,,,,
rtl,parser_ticket_we,,1557210000,,,,,,,197360,1,,,,,,,,,,,,,,461,689,0,0,10,,,,,,,,,,,,,,,,,,,,,,,,,,,
rtl,parser_ticket_we,,1557210000,,,,,,,197392,1,,,,,,,,,,,,,,462,1084,0,0,12,,,,,,,,,,,,,,,,,,,,,,,,,,,
rtl,parser_ticket_we,,1557210000,,,,,,,197392,0,,,,,,,,,,,,,,464,990,0,0,12,,,,,,,,,,,,,,,,,,,,,,,,,,,
rtl,parser_ticket_we,,1557210000,,,,,,,197472,0,,,,,,,,,,,,,,465,1116,0,0,17,,,,,,,,,,,,,,,,,,,,,,,,,,,
tlm,ingress_preaccept,389303,1557212000,95,95,,,,3,198240,1,,,,1458,,121,,,120,,,,,,,,,,,,,,,,,,,,,,,,,,,,,,,,,,,,
tlm,ticket_enqueue,389303,1557212000,95,95,,,,0,198176,1,,,body,1462,1461,84,83,,,,,,,,,,,,,,,,,,,,,,,,,,,,,,,,,,,,,,
tlm,ticket_enqueue,389303,1557212000,95,95,,,,1,198208,1,,,body,1460,1459,24,23,,,,,,,,,,,,,,,,,,,,,,,,,,,,,,,,,,,,,,
tlm,ticket_enqueue,389303,1557212000,95,95,,,,2,198176,2,,,body,1462,1461,43,41,,,,,,,,,,,,,,,,,,,,,,,,,,,,,,,,,,,,,,
rtl,parser_ticket_we,,1557214000,,,,,,,197408,0,,,,,,,,,,,,,,467,1085,0,0,13,,,,,,,,,,,,,,,,,,,,,,,,,,,
tlm,ingress_preaccept,389304,1557216000,95,95,,,,0,198192,0,,,,1461,,83,,,82,,,,,,,,,,,,,,,,,,,,,,,,,,,,,,,,,,,,
tlm,ingress_preaccept,389304,1557216000,95,95,,,,1,198224,0,,,,1459,,23,,,22,,,,,,,,,,,,,,,,,,,,,,,,,,,,,,,,,,,,
tlm,ingress_preaccept,389304,1557216000,95,95,,,,2,198192,1,,,,1461,,41,,,40,,,,,,,,,,,,,,,,,,,,,,,,,,,,,,,,,,,,
tlm,ticket_enqueue,389304,1557216000,95,95,,,,0,198192,0,,,body,1461,1460,83,83,,,,,,,,,,,,,,,,,,,,,,,,,,,,,,,,,,,,,,
tlm,ticket_enqueue,389304,1557216000,95,95,,,,1,198224,0,,,body,1459,1458,23,23,,,,,,,,,,,,,,,,,,,,,,,,,,,,,,,,,,,,,,
tlm,ticket_enqueue,389304,1557216000,95,95,,,,3,198240,1,,,body,1458,1457,121,120,,,,,,,,,,,,,,,,,,,,,,,,,,,,,,,,,,,,,,
rtl,handle_accept,,1557218000,,,,,,3,156384,1,,2,,,,,,,,503,38615,60,1531,471,,,,,,,,,,,,,,,,,,,,,,,,,,,,,,,
rtl,parser_ticket_we,,1557218000,,,,,,,197376,1,,,,,,,,,,,,,,470,690,0,0,11,,,,,,,,,,,,,,,,,,,,,,,,,,,
rtl,parser_ticket_we,,1557218000,,,,,,,197424,0,,,,,,,,,,,,,,472,1085,0,0,14,,,,,,,,,,,,,,,,,,,,,,,,,,,
tlm,ingress_preaccept,389305,1557220000,95,95,,,,0,198208,1,,,,1460,,83,,,82,,,,,,,,,,,,,,,,,,,,,,,,,,,,,,,,,,,,
tlm,ingress_preaccept,389305,1557220000,95,95,,,,1,198240,1,,,,1458,,23,,,22,,,,,,,,,,,,,,,,,,,,,,,,,,,,,,,,,,,,
tlm,ingress_preaccept,389305,1557220000,95,95,,,,3,198256,0,,,,1457,,120,,,119,,,,,,,,,,,,,,,,,,,,,,,,,,,,,,,,,,,,
tlm,ticket_enqueue,389305,1557220000,95,95,,,,2,198192,1,,,body,1461,1460,41,40,,,,,,,,,,,,,,,,,,,,,,,,,,,,,,,,,,,,,,
tlm,ticket_enqueue,389305,1557220000,95,95,,,,3,198256,0,,,body,1457,1456,120,120,,,,,,,,,,,,,,,,,,,,,,,,,,,,,,,,,,,,,,
rtl,parser_ticket_we,,1557222000,,,,,,,197488,2,,,,,,,,,,,,,,474,1116,0,0,18,,,,,,,,,,,,,,,,,,,,,,,,,,,
rtl,parser_ticket_we,,1557222000,,,,,,,197408,2,,,,,,,,,,,,,,475,990,0,0,13,,,,,,,,,,,,,,,,,,,,,,,,,,,
rtl,parser_ticket_we,,1557222000,,,,,,,197440,0,,,,,,,,,,,,,,476,1085,0,0,15,,,,,,,,,,,,,,,,,,,,,,,,,,,
rtl,parser_ticket_we,,1557222000,,,,,,,197392,0,,,,,,,,,,,,,,477,691,0,0,12,,,,,,,,,,,,,,,,,,,,,,,,,,,
tlm,ingress_preaccept,389306,1557224000,95,95,,,,2,198208,0,,,,1460,,40,,,39,,,,,,,,,,,,,,,,,,,,,,,,,,,,,,,,,,,,
tlm,ingress_preaccept,389306,1557224000,95,95,,,,3,198272,1,,,,1456,,120,,,119,,,,,,,,,,,,,,,,,,,,,,,,,,,,,,,,,,,,
tlm,ticket_enqueue,389306,1557224000,95,95,,,,0,198208,1,,,body,1460,1459,83,82,,,,,,,,,,,,,,,,,,,,,,,,,,,,,,,,,,,,,,
tlm,ticket_enqueue,389306,1557224000,95,95,,,,1,198240,1,,,body,1458,1457,23,22,,,,,,,,,,,,,,,,,,,,,,,,,,,,,,,,,,,,,,
tlm,ticket_enqueue,389306,1557224000,95,95,,,,2,198208,0,,,body,1460,1459,40,40,,,,,,,,,,,,,,,,,,,,,,,,,,,,,,,,,,,,,,
rtl,parser_ticket_we,,1557226000,,,,,,,197408,0,,,,,,,,,,,,,,480,691,0,0,13,,,,,,,,,,,,,,,,,,,,,,,,,,,
rtl,parser_ticket_we,,1557226000,,,,,,,197424,0,,,,,,,,,,,,,,481,992,0,0,14,,,,,,,,,,,,,,,,,,,,,,,,,,,
tlm,ingress_preaccept,389307,1557228000,95,95,,,,0,198224,2,,,,1459,,82,,,81,,,,,,,,,,,,,,,,,,,,,,,,,,,,,,,,,,,,
tlm,ingress_preaccept,389307,1557228000,95,95,,,,1,198256,3,,,,1457,,22,,,21,,,,,,,,,,,,,,,,,,,,,,,,,,,,,,,,,,,,
tlm,ingress_preaccept,389307,1557228000,95,95,,,,2,198224,0,,,,1459,,40,,,39,,,,,,,,,,,,,,,,,,,,,,,,,,,,,,,,,,,,
tlm,ticket_enqueue,389307,1557228000,95,95,,,,2,198224,0,,,body,1459,1458,40,40,,,,,,,,,,,,,,,,,,,,,,,,,,,,,,,,,,,,,,
tlm,ticket_enqueue,389307,1557228000,95,95,,,,3,198272,1,,,body,1456,1455,120,119,,,,,,,,,,,,,,,,,,,,,,,,,,,,,,,,,,,,,,
rtl,allocator_decision,,1557230000,,,156400,,,,,,,,,,,,,,,,,,,485,,,,,idle_to_fetch,15,15,15,15,0,0,0,0,12,,,,,,,,,,,,,,,,,
rtl,parser_ticket_we,,1557230000,,,,,,,197504,1,,,,,,,,,,,,,,483,1118,0,0,19,,,,,,,,,,,,,,,,,,,,,,,,,,,
rtl,parser_ticket_we,,1557230000,,,,,,,197456,1,,,,,,,,,,,,,,484,1085,0,0,16,,,,,,,,,,,,,,,,,,,,,,,,,,,
rtl,parser_ticket_we,,1557230000,,,,,,,197424,0,,,,,,,,,,,,,,490,691,0,0,14,,,,,,,,,,,,,,,,,,,,,,,,,,,
tlm,ingress_preaccept,389308,1557232000,95,95,,,,2,198240,0,,,,1458,,40,,,39,,,,,,,,,,,,,,,,,,,,,,,,,,,,,,,,,,,,
tlm,ingress_preaccept,389308,1557232000,95,95,,,,3,198288,0,,,,1455,,119,,,118,,,,,,,,,,,,,,,,,,,,,,,,,,,,,,,,,,,,
tlm,ticket_enqueue,389308,1557232000,95,95,,,,2,198240,0,,,body,1458,1457,40,40,,,,,,,,,,,,,,,,,,,,,,,,,,,,,,,,,,,,,,
tlm,ticket_enqueue,389308,1557232000,95,95,,,,3,198288,0,,,body,1455,1454,119,119,,,,,,,,,,,,,,,,,,,,,,,,,,,,,,,,,,,,,,
rtl,parser_ticket_we,,1557234000,,,,,,,197440,1,,,,,,,,,,,,,,492,992,0,0,15,,,,,,,,,,,,,,,,,,,,,,,,,,,
rtl,parser_ticket_we,,1557234000,,,,,,,197440,0,,,,,,,,,,,,,,494,691,0,0,15,,,,,,,,,,,,,,,,,,,,,,,,,,,
rtl,parser_ticket_we,,1557234000,,,,,,,197472,0,,,,,,,,,,,,,,495,1086,0,0,17,,,,,,,,,,,,,,,,,,,,,,,,,,,
rtl,parser_ticket_we,,1557234000,,,,,,,197520,0,,,,,,,,,,,,,,496,1119,0,0,26,,,,,,,,,,,,,,,,,,,,,,,,,,,
tlm,ingress_preaccept,389309,1557236000,95,95,,,,2,198256,0,,,,1457,,40,,,39,,,,,,,,,,,,,,,,,,,,,,,,,,,,,,,,,,,,
tlm,ingress_preaccept,389309,1557236000,95,95,,,,3,198304,0,,,,1454,,119,,,118,,,,,,,,,,,,,,,,,,,,,,,,,,,,,,,,,,,,
tlm,ticket_enqueue,389309,1557236000,95,95,,,,0,198224,2,,,body,1459,1458,82,80,,,,,,,,,,,,,,,,,,,,,,,,,,,,,,,,,,,,,,
tlm,ticket_enqueue,389309,1557236000,95,95,,,,2,198256,0,,,body,1457,1456,40,40,,,,,,,,,,,,,,,,,,,,,,,,,,,,,,,,,,,,,,
tlm,ticket_enqueue,389309,1557236000,95,95,,,,3,198304,0,,,body,1454,1453,119,119,,,,,,,,,,,,,,,,,,,,,,,,,,,,,,,,,,,,,,
rtl,parser_ticket_we,,1557238000,,,,,,,197536,0,,,,,,,,,,,,,,499,1119,0,0,27,,,,,,,,,,,,,,,,,,,,,,,,,,,
rtl,parser_ticket_we,,1557238000,,,,,,,197456,0,,,,,,,,,,,,,,500,993,0,0,16,,,,,,,,,,,,,,,,,,,,,,,,,,,
tlm,allocator_fetch,389310,1557240000,75,75,156368,45,15,,,,,,,,,,,,,,,,,,,,,,,,,,,,,,,,,,,,,,,,,,,,,,,,
tlm,handle_accept,389310,1557240000,75,75,156368,,,0,156368,1,1,191,,,,,,,,,,,,,,,,,,,,,,,,,,,,,,,,,,,,,,,,,,,
tlm,ingress_preaccept,389310,1557240000,95,95,,,,0,198240,1,,,,1458,,80,,,79,,,,,,,,,,,,,,,,,,,,,,,,,,,,,,,,,,,,
tlm,ingress_preaccept,389310,1557240000,95,95,,,,2,198272,0,,,,1456,,40,,,39,,,,,,,,,,,,,,,,,,,,,,,,,,,,,,,,,,,,
tlm,ingress_preaccept,389310,1557240000,95,95,,,,3,198320,0,,,,1453,,119,,,118,,,,,,,,,,,,,,,,,,,,,,,,,,,,,,,,,,,,
tlm,ticket_enqueue,389310,1557240000,95,95,,,,1,198256,3,,,body,1457,1456,22,19,,,,,,,,,,,,,,,,,,,,,,,,,,,,,,,,,,,,,,
tlm,ticket_enqueue,389310,1557240000,95,95,,,,2,198272,0,,,body,1456,1455,40,40,,,,,,,,,,,,,,,,,,,,,,,,,,,,,,,,,,,,,,
tlm,ticket_enqueue,389310,1557240000,95,95,,,,3,198320,0,,,body,1453,1452,119,119,,,,,,,,,,,,,,,,,,,,,,,,,,,,,,,,,,,,,,
tlm,ticket_pop,389310,1557240000,75,75,,,,0,156368,1,,,body,1458,1459,,,,,,,,,,,,,,,,,,,,,,,,,,,,,,,,,,,,,,,,
tlm,ticket_pop,389310,1557240000,75,75,,,,1,156368,0,,,body,1456,1457,,,,,,,,,,,,,,,,,,,,,,,,,,,,,,,,,,,,,,,,
tlm,ticket_pop,389310,1557240000,75,75,,,,2,156368,2,,,body,1455,1456,,,,,,,,,,,,,,,,,,,,,,,,,,,,,,,,,,,,,,,,
tlm,ticket_pop,389310,1557240000,75,75,,,,3,156368,3,,,body,1452,1453,,,,,,,,,,,,,,,,,,,,,,,,,,,,,,,,,,,,,,,,
rtl,parser_ticket_we,,1557242000,,,,,,,197488,1,,,,,,,,,,,,,,505,1086,0,0,18,,,,,,,,,,,,,,,,,,,,,,,,,,,
rtl,parser_ticket_we,,1557242000,,,,,,,197472,0,,,,,,,,,,,,,,506,993,0,0,17,,,,,,,,,,,,,,,,,,,,,,,,,,,
tlm,ingress_preaccept,389311,1557244000,95,95,,,,1,198272,1,,,,1457,,19,,,18,,,,,,,,,,,,,,,,,,,,,,,,,,,,,,,,,,,,
tlm,ingress_preaccept,389311,1557244000,95,95,,,,2,198288,0,,,,1456,,40,,,39,,,,,,,,,,,,,,,,,,,,,,,,,,,,,,,,,,,,
tlm,ingress_preaccept,389311,1557244000,95,95,,,,3,198336,0,,,,1453,,119,,,118,,,,,,,,,,,,,,,,,,,,,,,,,,,,,,,,,,,,
tlm,ticket_enqueue,389311,1557244000,95,95,,,,0,198240,1,,,body,1459,1458,80,79,,,,,,,,,,,,,,,,,,,,,,,,,,,,,,,,,,,,,,
tlm,ticket_enqueue,389311,1557244000,95,95,,,,2,198288,0,,,body,1456,1455,40,40,,,,,,,,,,,,,,,,,,,,,,,,,,,,,,,,,,,,,,
tlm,ticket_enqueue,389311,1557244000,95,95,,,,3,198336,0,,,body,1453,1452,119,119,,,,,,,,,,,,,,,,,,,,,,,,,,,,,,,,,,,,,,
rtl,credit_return,,1557246000,,,,,,0,,2,,,mover_done,,,,,,,,,,,513,,,,,,,,,,,,,,,12,,,,,,,,,,,,,,,,
rtl,parser_ticket_we,,1557246000,,,,,,,197552,1,,,,,,,,,,,,,,509,1119,0,0,28,,,,,,,,,,,,,,,,,,,,,,,,,,,
rtl,parser_ticket_we,,1557246000,,,,,,,197456,2,,,,,,,,,,,,,,510,691,0,0,16,,,,,,,,,,,,,,,,,,,,,,,,,,,
rtl,parser_ticket_we,,1557246000,,,,,,,197488,0,,,,,,,,,,,,,,511,993,0,0,18,,,,,,,,,,,,,,,,,,,,,,,,,,,
tlm,allocator_lane_action,389312,1557248000,75,75,156368,,,1,156368,0,,,,,,,,empty,,,,,,,,,,,,,,,,,,,,,,,,,,,,,,,,,,,,,
tlm,credit_return,389312,1557248000,75,75,,,,0,156368,1,0,,,,,79,80,,,,,,,,,,,,,,,,,,,,,,,,,,,,,,,,,,,,,,
tlm,ingress_preaccept,389312,1557248000,95,95,,,,0,198256,1,,,,1458,,79,,,78,,,,,,,,,,,,,,,,,,,,,,,,,,,,,,,,,,,,
tlm,ingress_preaccept,389312,1557248000,95,95,,,,2,198304,1,,,,1455,,40,,,39,,,,,,,,,,,,,,,,,,,,,,,,,,,,,,,,,,,,
tlm,ingress_preaccept,389312,1557248000,95,95,,,,3,198352,0,,,,1452,,119,,,118,,,,,,,,,,,,,,,,,,,,,,,,,,,,,,,,,,,,
tlm,ticket_enqueue,389312,1557248000,95,95,,,,1,198272,1,,,body,1457,1456,19,18,,,,,,,,,,,,,,,,,,,,,,,,,,,,,,,,,,,,,,
tlm,ticket_enqueue,389312,1557248000,95,95,,,,3,198352,0,,,body,1452,1451,119,119,,,,,,,,,,,,,,,,,,,,,,,,,,,,,,,,,,,,,,
rtl,credit_return,,1557250000,,,,,,0,,2,,,credit_return,,,,,,,,,,,517,,,,,,,,,,,,,,,12,,,,,,,,,,,,,,,,
rtl,parser_ticket_we,,1557250000,,,,,,,197504,1,,,,,,,,,,,,,,515,1087,0,0,19,,,,,,,,,,,,,,,,,,,,,,,,,,,
tlm,ingress_preaccept,389313,1557252000,95,95,,,,1,198288,0,,,,1456,,18,,,17,,,,,,,,,,,,,,,,,,,,,,,,,,,,,,,,,,,,
tlm,ingress_preaccept,389313,1557252000,95,95,,,,3,198368,0,,,,1451,,119,,,118,,,,,,,,,,,,,,,,,,,,,,,,,,,,,,,,,,,,
tlm,ticket_enqueue,389313,1557252000,95,95,,,,0,198256,1,,,body,1458,1457,80,79,,,,,,,,,,,,,,,,,,,,,,,,,,,,,,,,,,,,,,
tlm,ticket_enqueue,389313,1557252000,95,95,,,,1,198288,0,,,body,1456,1455,18,18,,,,,,,,,,,,,,,,,,,,,,,,,,,,,,,,,,,,,,
tlm,ticket_enqueue,389313,1557252000,95,95,,,,2,198304,1,,,body,1455,1454,40,39,,,,,,,,,,,,,,,,,,,,,,,,,,,,,,,,,,,,,,
tlm,ticket_enqueue,389313,1557252000,95,95,,,,3,198368,0,,,body,1451,1450,119,119,,,,,,,,,,,,,,,,,,,,,,,,,,,,,,,,,,,,,,
rtl,parser_ticket_we,,1557254000,,,,,,,197568,1,,,,,,,,,,,,,,518,460,0,0,29,,,,,,,,,,,,,,,,,,,,,,,,,,,
rtl,parser_ticket_we,,1557254000,,,,,,,197472,1,,,,,,,,,,,,,,519,693,0,0,17,,,,,,,,,,,,,,,,,,,,,,,,,,,
rtl,parser_ticket_we,,1557254000,,,,,,,197520,0,,,,,,,,,,,,,,520,440,0,0,26,,,,,,,,,,,,,,,,,,,,,,,,,,,
tlm,handle_accept,389314,1557256000,75,75,156368,,,2,156368,2,1,193,,,,,,,,,,,,,,,,,,,,,,,,,,,,,,,,,,,,,,,,,,,
tlm,ingress_preaccept,389314,1557256000,95,95,,,,0,198272,1,,,,1457,,79,,,78,,,,,,,,,,,,,,,,,,,,,,,,,,,,,,,,,,,,
tlm,ingress_preaccept,389314,1557256000,95,95,,,,1,198304,0,,,,1455,,18,,,17,,,,,,,,,,,,,,,,,,,,,,,,,,,,,,,,,,,,
tlm,ingress_preaccept,389314,1557256000,95,95,,,,2,198320,2,,,,1454,,39,,,38,,,,,,,,,,,,,,,,,,,,,,,,,,,,,,,,,,,,
tlm,ingress_preaccept,389314,1557256000,95,95,,,,3,198384,0,,,,1450,,119,,,118,,,,,,,,,,,,,,,,,,,,,,,,,,,,,,,,,,,,
tlm,ticket_enqueue,389314,1557256000,95,95,,,,1,198304,0,,,body,1455,1454,18,18,,,,,,,,,,,,,,,,,,,,,,,,,,,,,,,,,,,,,,
tlm,ticket_enqueue,389314,1557256000,95,95,,,,3,198384,0,,,body,1450,1449,119,119,,,,,,,,,,,,,,,,,,,,,,,,,,,,,,,,,,,,,,
rtl,parser_ticket_we,,1557258000,,,,,,,197504,2,,,,,,,,,,,,,,522,993,0,0,19,,,,,,,,,,,,,,,,,,,,,,,,,,,
rtl,parser_ticket_we,,1557258000,,,,,,,197488,0,,,,,,,,,,,,,,523,694,0,0,18,,,,,,,,,,,,,,,,,,,,,,,,,,,
tlm,ingress_preaccept,389315,1557260000,95,95,,,,1,198320,2,,,,1454,,18,,,17,,,,,,,,,,,,,,,,,,,,,,,,,,,,,,,,,,,,
tlm,ingress_preaccept,389315,1557260000,95,95,,,,3,198400,0,,,,1449,,119,,,118,,,,,,,,,,,,,,,,,,,,,,,,,,,,,,,,,,,,
tlm,ticket_enqueue,389315,1557260000,95,95,,,,0,198272,1,,,body,1457,1456,79,78,,,,,,,,,,,,,,,,,,,,,,,,,,,,,,,,,,,,,,
tlm,ticket_enqueue,389315,1557260000,95,95,,,,3,198400,0,,,body,1449,1448,119,119,,,,,,,,,,,,,,,,,,,,,,,,,,,,,,,,,,,,,,
tlm,handle_accept,389316,1557264000,75,75,156368,,,3,156368,3,1,196,,,,,,,,,,,,,,,,,,,,,,,,,,,,,,,,,,,,,,,,,,,
tlm,ingress_preaccept,389316,1557264000,95,95,,,,0,198288,0,,,,1456,,78,,,77,,,,,,,,,,,,,,,,,,,,,,,,,,,,,,,,,,,,
tlm,ingress_preaccept,389316,1557264000,95,95,,,,3,198416,2,,,,1448,,119,,,118,,,,,,,,,,,,,,,,,,,,,,,,,,,,,,,,,,,,
tlm,ticket_enqueue,389316,1557264000,95,95,,,,0,198288,0,,,body,1456,1455,78,78,,,,,,,,,,,,,,,,,,,,,,,,,,,,,,,,,,,,,,
tlm,ticket_enqueue,389316,1557264000,95,95,,,,2,198320,2,,,body,1454,1453,39,37,,,,,,,,,,,,,,,,,,,,,,,,,,,,,,,,,,,,,,
rtl,parser_ticket_we,,1557266000,,,,,,,197520,1,,,,,,,,,,,,,,526,995,0,0,26,,,,,,,,,,,,,,,,,,,,,,,,,,,
rtl,parser_ticket_we,,1557266000,,,,,,,197504,1,,,,,,,,,,,,,,527,694,0,0,19,,,,,,,,,,,,,,,,,,,,,,,,,,,
tlm,credit_return,389317,1557268000,75,75,,,,2,156368,2,0,,,,,37,39,,,,,,,,,,,,,,,,,,,,,,,,,,,,,,,,,,,,,,
tlm,ingress_preaccept,389317,1557268000,95,95,,,,0,198304,1,,,,1455,,78,,,77,,,,,,,,,,,,,,,,,,,,,,,,,,,,,,,,,,,,
tlm,ingress_preaccept,389317,1557268000,95,95,,,,2,198336,1,,,,1453,,37,,,36,,,,,,,,,,,,,,,,,,,,,,,,,,,,,,,,,,,,
tlm,ticket_enqueue,389317,1557268000,95,95,,,,1,198320,2,,,body,1454,1453,18,16,,,,,,,,,,,,,,,,,,,,,,,,,,,,,,,,,,,,,,
rtl,parser_ticket_we,,1557270000,,,,,,,197584,3,,,,,,,,,,,,,,530,461,0,0,30,,,,,,,,,,,,,,,,,,,,,,,,,,,
rtl,parser_ticket_we,,1557270000,,,,,,,197536,3,,,,,,,,,,,,,,531,440,0,0,27,,,,,,,,,,,,,,,,,,,,,,,,,,,
tlm,ingress_preaccept,389318,1557272000,95,95,,,,1,198336,2,,,,1453,,16,,,15,,,,,,,,,,,,,,,,,,,,,,,,,,,,,,,,,,,,
tlm,ticket_enqueue,389318,1557272000,95,95,,,,0,198304,1,,,body,1455,1454,78,77,,,,,,,,,,,,,,,,,,,,,,,,,,,,,,,,,,,,,,
tlm,ticket_enqueue,389318,1557272000,95,95,,,,2,198336,1,,,body,1453,1452,39,38,,,,,,,,,,,,,,,,,,,,,,,,,,,,,,,,,,,,,,
tlm,ticket_enqueue,389318,1557272000,95,95,,,,3,198416,2,,,body,1448,1447,119,117,,,,,,,,,,,,,,,,,,,,,,,,,,,,,,,,,,,,,,
rtl,credit_return,,1557274000,,,,,,3,,1,,,mover_done,,,,,,,,,,,536,,,,,,,,,,,,,,,60,,,,,,,,,,,,,,,,
rtl,parser_ticket_we,,1557274000,,,,,,,197536,1,,,,,,,,,,,,,,534,996,0,0,27,,,,,,,,,,,,,,,,,,,,,,,,,,,
rtl,parser_ticket_we,,1557274000,,,,,,,197552,0,,,,,,,,,,,,,,537,443,0,0,28,,,,,,,,,,,,,,,,,,,,,,,,,,,
tlm,ingress_preaccept,389319,1557276000,95,95,,,,0,198320,0,,,,1454,,77,,,76,,,,,,,,,,,,,,,,,,,,,,,,,,,,,,,,,,,,
tlm,ingress_preaccept,389319,1557276000,95,95,,,,2,198352,1,,,,1452,,38,,,37,,,,,,,,,,,,,,,,,,,,,,,,,,,,,,,,,,,,
tlm,ingress_preaccept,389319,1557276000,95,95,,,,3,198432,0,,,,1447,,117,,,116,,,,,,,,,,,,,,,,,,,,,,,,,,,,,,,,,,,,
tlm,ticket_enqueue,389319,1557276000,95,95,,,,0,198320,0,,,body,1454,1453,77,77,,,,,,,,,,,,,,,,,,,,,,,,,,,,,,,,,,,,,,
tlm,ticket_enqueue,389319,1557276000,95,95,,,,3,198432,0,,,body,1447,1446,117,117,,,,,,,,,,,,,,,,,,,,,,,,,,,,,,,,,,,,,,
rtl,credit_return,,1557278000,,,,,,3,,1,,,credit_return,,,,,,,,,,,543,,,,,,,,,,,,,,,60,,,,,,,,,,,,,,,,
rtl,parser_ticket_we,,1557278000,,,,,,,197600,1,,,,,,,,,,,,,,539,464,0,0,31,,,,,,,,,,,,,,,,,,,,,,,,,,,
rtl,parser_ticket_we,,1557278000,,,,,,,197520,2,,,,,,,,,,,,,,540,695,0,0,26,,,,,,,,,,,,,,,,,,,,,,,,,,,
rtl,parser_ticket_we,,1557278000,,,,,,,197568,0,,,,,,,,,,,,,,541,443,0,0,29,,,,,,,,,,,,,,,,,,,,,,,,,,,
tlm,ingress_preaccept,389320,1557280000,95,95,,,,0,198336,0,,,,1453,,77,,,76,,,,,,,,,,,,,,,,,,,,,,,,,,,,,,,,,,,,
tlm,ingress_preaccept,389320,1557280000,95,95,,,,3,198448,1,,,,1446,,117,,,116,,,,,,,,,,,,,,,,,,,,,,,,,,,,,,,,,,,,
tlm,ticket_enqueue,389320,1557280000,95,95,,,,0,198336,0,,,body,1453,1452,77,77,,,,,,,,,,,,,,,,,,,,,,,,,,,,,,,,,,,,,,
tlm,ticket_enqueue,389320,1557280000,95,95,,,,1,198336,2,,,body,1453,1452,16,14,,,,,,,,,,,,,,,,,,,,,,,,,,,,,,,,,,,,,,
tlm,ticket_enqueue,389320,1557280000,95,95,,,,2,198352,1,,,body,1452,1451,38,37,,,,,,,,,,,,,,,,,,,,,,,,,,,,,,,,,,,,,,
rtl,parser_ticket_we,,1557282000,,,,,,,197552,1,,,,,,,,,,,,,,544,997,0,0,28,,,,,,,,,,,,,,,,,,,,,,,,,,,
rtl,parser_ticket_we,,1557282000,,,,,,,197584,0,,,,,,,,,,,,,,545,443,0,0,30,,,,,,,,,,,,,,,,,,,,,,,,,,,
tlm,ingress_preaccept,389321,1557284000,95,95,,,,0,198352,1,,,,1452,,77,,,76,,,,,,,,,,,,,,,,,,,,,,,,,,,,,,,,,,,,
tlm,ingress_preaccept,389321,1557284000,95,95,,,,1,198352,0,,,,1452,,14,,,13,,,,,,,,,,,,,,,,,,,,,,,,,,,,,,,,,,,,
tlm,ingress_preaccept,389321,1557284000,95,95,,,,2,198368,0,,,,1451,,37,,,36,,,,,,,,,,,,,,,,,,,,,,,,,,,,,,,,,,,,
tlm,ticket_enqueue,389321,1557284000,95,95,,,,1,198352,0,,,body,1452,1451,14,14,,,,,,,,,,,,,,,,,,,,,,,,,,,,,,,,,,,,,,
tlm,ticket_enqueue,389321,1557284000,95,95,,,,2,198368,0,,,body,1451,1450,37,37,,,,,,,,,,,,,,,,,,,,,,,,,,,,,,,,,,,,,,
tlm,ticket_enqueue,389321,1557284000,95,95,,,,3,198448,1,,,body,1446,1445,117,116,,,,,,,,,,,,,,,,,,,,,,,,,,,,,,,,,,,,,,
rtl,parser_ticket_we,,1557286000,,,,,,,197616,1,,,,,,,,,,,,,,547,465,0,0,20,,,,,,,,,,,,,,,,,,,,,,,,,,,
rtl,parser_ticket_we,,1557286000,,,,,,,197568,0,,,,,,,,,,,,,,548,998,0,0,29,,,,,,,,,,,,,,,,,,,,,,,,,,,
tlm,ingress_preaccept,389322,1557288000,95,95,,,,1,198368,0,,,,1451,,14,,,13,,,,,,,,,,,,,,,,,,,,,,,,,,,,,,,,,,,,
tlm,ingress_preaccept,389322,1557288000,95,95,,,,2,198384,0,,,,1450,,37,,,36,,,,,,,,,,,,,,,,,,,,,,,,,,,,,,,,,,,,
tlm,ingress_preaccept,389322,1557288000,95,95,,,,3,198464,0,,,,1445,,116,,,115,,,,,,,,,,,,,,,,,,,,,,,,,,,,,,,,,,,,
tlm,ticket_enqueue,389322,1557288000,95,95,,,,0,198352,1,,,body,1452,1451,77,76,,,,,,,,,,,,,,,,,,,,,,,,,,,,,,,,,,,,,,
tlm,ticket_enqueue,389322,1557288000,95,95,,,,1,198368,0,,,body,1451,1450,14,14,,,,,,,,,,,,,,,,,,,,,,,,,,,,,,,,,,,,,,
tlm,ticket_enqueue,389322,1557288000,95,95,,,,2,198384,0,,,body,1450,1449,37,37,,,,,,,,,,,,,,,,,,,,,,,,,,,,,,,,,,,,,,
tlm,ticket_enqueue,389322,1557288000,95,95,,,,3,198464,0,,,body,1445,1444,116,116,,,,,,,,,,,,,,,,,,,,,,,,,,,,,,,,,,,,,,
rtl,allocator_lane_action,,1557290000,,,,,,0,,,,,,,,,,2,,,,,,552,,0,0,,,,,,,,,,,,,0,1,0,156400,1,75,1,0,,,,,,,,
rtl,allocator_lane_action,,1557290000,,,,,,1,,,,,,,,,,2,,,,,,553,,0,0,,,,,,,,,,,,,0,1,0,156400,0,75,1,0,,,,,,,,
rtl,allocator_lane_action,,1557290000,,,,,,2,,,,,,,,,,2,,,,,,554,,0,0,,,,,,,,,,,,,0,1,0,156400,1,75,1,0,,,,,,,,
rtl,allocator_lane_action,,1557290000,,,,,,3,,,,,,,,,,2,,,,,,555,,0,0,,,,,,,,,,,,,0,1,0,156400,1,75,1,0,,,,,,,,
rtl,parser_ticket_we,,1557290000,,,,,,,197600,1,,,,,,,,,,,,,,550,443,0,0,31,,,,,,,,,,,,,,,,,,,,,,,,,,,
rtl,parser_ticket_we,,1557290000,,,,,,,197632,0,,,,,,,,,,,,,,556,466,0,0,21,,,,,,,,,,,,,,,,,,,,,,,,,,,
tlm,credit_return,389323,1557292000,75,75,,,,3,156368,3,0,,,,,116,119,,,,,,,,,,,,,,,,,,,,,,,,,,,,,,,,,,,,,,
tlm,ingress_preaccept,389323,1557292000,95,95,,,,0,198368,0,,,,1451,,76,,,75,,,,,,,,,,,,,,,,,,,,,,,,,,,,,,,,,,,,
tlm,ingress_preaccept,389323,1557292000,95,95,,,,1,198384,0,,,,1450,,14,,,13,,,,,,,,,,,,,,,,,,,,,,,,,,,,,,,,,,,,
tlm,ingress_preaccept,389323,1557292000,95,95,,,,2,198400,1,,,,1449,,37,,,36,,,,,,,,,,,,,,,,,,,,,,,,,,,,,,,,,,,,
tlm,ingress_preaccept,389323,1557292000,95,95,,,,3,198480,1,,,,1444,,116,,,115,,,,,,,,,,,,,,,,,,,,,,,,,,,,,,,,,,,,
tlm,ticket_enqueue,389323,1557292000,95,95,,,,0,198368,0,,,body,1451,1450,76,76,,,,,,,,,,,,,,,,,,,,,,,,,,,,,,,,,,,,,,
tlm,ticket_enqueue,389323,1557292000,95,95,,,,1,198384,0,,,body,1450,1449,14,14,,,,,,,,,,,,,,,,,,,,,,,,,,,,,,,,,,,,,,
rtl,parser_ticket_we,,1557294000,,,,,,,197584,1,,,,,,,,,,,,,,558,998,0,0,30,,,,,,,,,,,,,,,,,,,,,,,,,,,
rtl,parser_ticket_we,,1557294000,,,,,,,197648,0,,,,,,,,,,,,,,559,466,0,0,22,,,,,,,,,,,,,,,,,,,,,,,,,,,
rtl,parser_ticket_we,,1557294000,,,,,,,197616,0,,,,,,,,,,,,,,560,444,0,0,20,,,,,,,,,,,,,,,,,,,,,,,,,,,
tlm,ingress_preaccept,389324,1557296000,95,95,,,,0,198384,0,,,,1450,,76,,,75,,,,,,,,,,,,,,,,,,,,,,,,,,,,,,,,,,,,
tlm,ingress_preaccept,389324,1557296000,95,95,,,,1,198400,0,,,,1449,,14,,,13,,,,,,,,,,,,,,,,,,,,,,,,,,,,,,,,,,,,
tlm,ticket_enqueue,389324,1557296000,95,95,,,,0,198384,0,,,body,1450,1449,76,76,,,,,,,,,,,,,,,,,,,,,,,,,,,,,,,,,,,,,,
tlm,ticket_enqueue,389324,1557296000,95,95,,,,1,198400,0,,,body,1449,1448,14,14,,,,,,,,,,,,,,,,,,,,,,,,,,,,,,,,,,,,,,
tlm,ticket_enqueue,389324,1557296000,95,95,,,,2,198400,1,,,body,1449,1448,37,36,,,,,,,,,,,,,,,,,,,,,,,,,,,,,,,,,,,,,,
tlm,ticket_enqueue,389324,1557296000,95,95,,,,3,198480,1,,,body,1444,1443,119,118,,,,,,,,,,,,,,,,,,,,,,,,,,,,,,,,,,,,,,
rtl,parser_ticket_we,,1557298000,,,,,,,197536,4,,,,,,,,,,,,,,562,697,0,0,27,,,,,,,,,,,,,,,,,,,,,,,,,,,
tlm,ingress_preaccept,389325,1557300000,95,95,,,,0,198400,2,,,,1449,,76,,,75,,,,,,,,,,,,,,,,,,,,,,,,,,,,,,,,,,,,
tlm,ingress_preaccept,389325,1557300000,95,95,,,,1,198416,2,,,,1448,,14,,,13,,,,,,,,,,,,,,,,,,,,,,,,,,,,,,,,,,,,
tlm,ingress_preaccept,389325,1557300000,95,95,,,,2,198416,0,,,,1448,,36,,,35,,,,,,,,,,,,,,,,,,,,,,,,,,,,,,,,,,,,
tlm,ingress_preaccept,389325,1557300000,95,95,,,,3,198496,1,,,,1443,,118,,,117,,,,,,,,,,,,,,,,,,,,,,,,,,,,,,,,,,,,
tlm,ticket_enqueue,389325,1557300000,95,95,,,,2,198416,0,,,body,1448,1447,36,36,,,,,,,,,,,,,,,,,,,,,,,,,,,,,,,,,,,,,,
rtl,handle_accept,,1557302000,,,,,,0,156400,1,,0,,,,,,,,330,38617,13,1532,567,,,,,,,,,,,,,,,,,,,,,,,,,,,,,,,
rtl,parser_ticket_we,,1557302000,,,,,,,197600,1,,,,,,,,,,,,,,564,999,0,0,31,,,,,,,,,,,,,,,,,,,,,,,,,,,
rtl,parser_ticket_we,,1557302000,,,,,,,197664,1,,,,,,,,,,,,,,565,466,0,0,23,,,,,,,,,,,,,,,,,,,,,,,,,,,
rtl,parser_ticket_we,,1557302000,,,,,,,197632,1,,,,,,,,,,,,,,566,444,0,0,21,,,,,,,,,,,,,,,,,,,,,,,,,,,
rtl,parser_ticket_we,,1557302000,,,,,,,197552,0,,,,,,,,,,,,,,568,701,0,0,28,,,,,,,,,,,,,,,,,,,,,,,,,,,
tlm,ingress_preaccept,389326,1557304000,95,95,,,,2,198432,0,,,,1447,,36,,,35,,,,,,,,,,,,,,,,,,,,,,,,,,,,,,,,,,,,
tlm,ticket_enqueue,389326,1557304000,95,95,,,,2,198432,0,,,body,1447,1446,36,36,,,,,,,,,,,,,,,,,,,,,,,,,,,,,,,,,,,,,,
tlm,ticket_enqueue,389326,1557304000,95,95,,,,3,198496,1,,,body,1443,1442,118,117,,,,,,,,,,,,,,,,,,,,,,,,,,,,,,,,,,,,,,
rtl,parser_ticket_we,,1557306000,,,,,,,197568,0,,,,,,,,,,,,,,570,701,0,0,29,,,,,,,,,,,,,,,,,,,,,,,,,,,
tlm,ingress_preaccept,389327,1557308000,95,95,,,,2,198448,1,,,,1446,,36,,,35,,,,,,,,,,,,,,,,,,,,,,,,,,,,,,,,,,,,
tlm,ingress_preaccept,389327,1557308000,95,95,,,,3,198512,1,,,,1442,,117,,,116,,,,,,,,,,,,,,,,,,,,,,,,,,,,,,,,,,,,
tlm,ticket_enqueue,389327,1557308000,95,95,,,,0,198400,2,,,body,1449,1448,76,74,,,,,,,,,,,,,,,,,,,,,,,,,,,,,,,,,,,,,,
tlm,ticket_enqueue,389327,1557308000,95,95,,,,1,198416,2,,,body,1448,1447,14,12,,,,,,,,,,,,,,,,,,,,,,,,,,,,,,,,,,,,,,
rtl,parser_ticket_we,,1557310000,,,,,,,197680,1,,,,,,,,,,,,,,573,467,0,0,24,,,,,,,,,,,,,,,,,,,,,,,,,,,
rtl,parser_ticket_we,,1557310000,,,,,,,197584,0,,,,,,,,,,,,,,574,701,0,0,30,,,,,,,,,,,,,,,,,,,,,,,,,,,
tlm,ingress_preaccept,389328,1557312000,95,95,,,,0,198416,1,,,,1448,,74,,,73,,,,,,,,,,,,,,,,,,,,,,,,,,,,,,,,,,,,
tlm,ingress_preaccept,389328,1557312000,95,95,,,,1,198432,0,,,,1447,,12,,,11,,,,,,,,,,,,,,,,,,,,,,,,,,,,,,,,,,,,
tlm,ticket_enqueue,389328,1557312000,95,95,,,,1,198432,0,,,body,1447,1446,12,12,,,,,,,,,,,,,,,,,,,,,,,,,,,,,,,,,,,,,,
tlm,ticket_enqueue,389328,1557312000,95,95,,,,2,198448,1,,,body,1446,1445,36,35,,,,,,,,,,,,,,,,,,,,,,,,,,,,,,,,,,,,,,
tlm,ticket_enqueue,389328,1557312000,95,95,,,,3,198512,1,,,body,1442,1441,117,116,,,,,,,,,,,,,,,,,,,,,,,,,,,,,,,,,,,,,,
rtl,parser_ticket_we,,1557314000,,,,,,,197616,2,,,,,,,,,,,,,,576,1000,0,0,20,,,,,,,,,,,,,,,,,,,,,,,,,,,
tlm,ingress_preaccept,389329,1557316000,95,95,,,,1,198448,1,,,,1446,,12,,,11,,,,,,,,,,,,,,,,,,,,,,,,,,,,,,,,,,,,
tlm,ingress_preaccept,389329,1557316000,95,95,,,,2,198464,1,,,,1445,,35,,,34,,,,,,,,,,,,,,,,,,,,,,,,,,,,,,,,,,,,
tlm,ingress_preaccept,389329,1557316000,95,95,,,,3,198528,0,,,,1441,,116,,,115,,,,,,,,,,,,,,,,,,,,,,,,,,,,,,,,,,,,
tlm,ticket_enqueue,389329,1557316000,95,95,,,,0,198416,1,,,body,1448,1447,74,73,,,,,,,,,,,,,,,,,,,,,,,,,,,,,,,,,,,,,,
tlm,ticket_enqueue,389329,1557316000,95,95,,,,3,198528,0,,,body,1441,1440,116,116,,,,,,,,,,,,,,,,,,,,,,,,,,,,,,,,,,,,,,
rtl,handle_accept,,1557318000,,,,,,2,156400,1,,1,,,,,,,,492,38618,59,1532,581,,,,,,,,,,,,,,,,,,,,,,,,,,,,,,,
rtl,parser_ticket_we,,1557318000,,,,,,,197696,1,,,,,,,,,,,,,,578,468,0,0,25,,,,,,,,,,,,,,,,,,,,,,,,,,,
rtl,parser_ticket_we,,1557318000,,,,,,,197600,1,,,,,,,,,,,,,,579,701,0,0,31,,,,,,,,,,,,,,,,,,,,,,,,,,,
tlm,ingress_preaccept,389330,1557320000,95,95,,,,0,198432,0,,,,1447,,73,,,72,,,,,,,,,,,,,,,,,,,,,,,,,,,,,,,,,,,,
tlm,ingress_preaccept,389330,1557320000,95,95,,,,3,198544,1,,,,1440,,116,,,115,,,,,,,,,,,,,,,,,,,,,,,,,,,,,,,,,,,,
tlm,ticket_enqueue,389330,1557320000,95,95,,,,0,198432,0,,,body,1447,1446,73,73,,,,,,,,,,,,,,,,,,,,,,,,,,,,,,,,,,,,,,
tlm,ticket_enqueue,389330,1557320000,95,95,,,,1,198448,1,,,body,1446,1445,12,11,,,,,,,,,,,,,,,,,,,,,,,,,,,,,,,,,,,,,,
tlm,ticket_enqueue,389330,1557320000,95,95,,,,2,198464,1,,,body,1445,1444,35,34,,,,,,,,,,,,,,,,,,,,,,,,,,,,,,,,,,,,,,
rtl,parser_ticket_we,,1557322000,,,,,,,197632,1,,,,,,,,,,,,,,583,1002,0,0,21,,,,,,,,,,,,,,,,,,,,,,,,,,,
rtl,parser_ticket_we,,1557322000,,,,,,,197648,4,,,,,,,,,,,,,,584,445,0,0,22,,,,,,,,,,,,,,,,,,,,,,,,,,,
rtl,parser_ticket_we,,1557322000,,,,,,,197712,0,,,,,,,,,,,,,,585,469,0,0,26,,,,,,,,,,,,,,,,,,,,,,,,,,,
tlm,ingress_preaccept,389331,1557324000,95,95,,,,0,198448,1,,,,1446,,73,,,72,,,,,,,,,,,,,,,,,,,,,,,,,,,,,,,,,,,,
tlm,ingress_preaccept,389331,1557324000,95,95,,,,1,198464,0,,,,1445,,11,,,10,,,,,,,,,,,,,,,,,,,,,,,,,,,,,,,,,,,,
tlm,ingress_preaccept,389331,1557324000,95,95,,,,2,198480,0,,,,1444,,34,,,33,,,,,,,,,,,,,,,,,,,,,,,,,,,,,,,,,,,,
tlm,ticket_enqueue,389331,1557324000,95,95,,,,1,198464,0,,,body,1445,1444,11,11,,,,,,,,,,,,,,,,,,,,,,,,,,,,,,,,,,,,,,
tlm,ticket_enqueue,389331,1557324000,95,95,,,,2,198480,0,,,body,1444,1443,34,34,,,,,,,,,,,,,,,,,,,,,,,,,,,,,,,,,,,,,,
tlm,ticket_enqueue,389331,1557324000,95,95,,,,3,198544,1,,,body,1440,1439,116,115,,,,,,,,,,,,,,,,,,,,,,,,,,,,,,,,,,,,,,
rtl,handle_accept,,1557326000,,,,,,3,156400,1,,2,,,,,,,,504,38619,61,1532,589,,,,,,,,,,,,,,,,,,,,,,,,,,,,,,,
rtl,parser_ticket_we,,1557326000,,,,,,,197728,0,,,,,,,,,,,,,,590,469,0,0,27,,,,,,,,,,,,,,,,,,,,,,,,,,,
rtl,parser_ticket_we,,1557326000,,,,,,,197664,0,,,,,,,,,,,,,,591,449,0,0,23,,,,,,,,,,,,,,,,,,,,,,,,,,,
rtl,parser_ticket_we,,1557326000,,,,,,,197648,0,,,,,,,,,,,,,,592,1003,0,0,22,,,,,,,,,,,,,,,,,,,,,,,,,,,
tlm,ingress_preaccept,389332,1557328000,95,95,,,,1,198480,0,,,,1444,,11,,,10,,,,,,,,,,,,,,,,,,,,,,,,,,,,,,,,,,,,
tlm,ingress_preaccept,389332,1557328000,95,95,,,,2,198496,1,,,,1443,,34,,,33,,,,,,,,,,,,,,,,,,,,,,,,,,,,,,,,,,,,
tlm,ingress_preaccept,389332,1557328000,95,95,,,,3,198560,2,,,,1439,,115,,,114,,,,,,,,,,,,,,,,,,,,,,,,,,,,,,,,,,,,
tlm,ticket_enqueue,389332,1557328000,95,95,,,,0,198448,1,,,body,1446,1445,73,72,,,,,,,,,,,,,,,,,,,,,,,,,,,,,,,,,,,,,,
tlm,ticket_enqueue,389332,1557328000,95,95,,,,1,198480,0,,,body,1444,1443,11,11,,,,,,,,,,,,,,,,,,,,,,,,,,,,,,,,,,,,,,
rtl,parser_ticket_we,,1557330000,,,,,,,197680,0,,,,,,,,,,,,,,594,449,0,0,24,,,,,,,,,,,,,,,,,,,,,,,,,,,
tlm,ingress_preaccept,389333,1557332000,95,95,,,,0,198464,0,,,,1445,,72,,,71,,,,,,,,,,,,,,,,,,,,,,,,,,,,,,,,,,,,
tlm,ingress_preaccept,389333,1557332000,95,95,,,,1,198496,0,,,,1443,,11,,,10,,,,,,,,,,,,,,,,,,,,,,,,,,,,,,,,,,,,
tlm,ticket_enqueue,389333,1557332000,95,95,,,,0,198464,0,,,body,1445,1444,72,72,,,,,,,,,,,,,,,,,,,,,,,,,,,,,,,,,,,,,,
tlm,ticket_enqueue,389333,1557332000,95,95,,,,1,198496,0,,,body,1443,1442,11,11,,,,,,,,,,,,,,,,,,,,,,,,,,,,,,,,,,,,,,
tlm,ticket_enqueue,389333,1557332000,95,95,,,,2,198496,1,,,body,1443,1442,34,33,,,,,,,,,,,,,,,,,,,,,,,,,,,,,,,,,,,,,,
rtl,parser_ticket_we,,1557334000,,,,,,,197744,1,,,,,,,,,,,,,,597,469,0,0,28,,,,,,,,,,,,,,,,,,,,,,,,,,,
rtl,parser_ticket_we,,1557334000,,,,,,,197664,1,,,,,,,,,,,,,,598,1003,0,0,23,,,,,,,,,,,,,,,,,,,,,,,,,,,
tlm,ingress_preaccept,389334,1557336000,95,95,,,,0,198480,0,,,,1444,,72,,,71,,,,,,,,,,,,,,,,,,,,,,,,,,,,,,,,,,,,
tlm,ingress_preaccept,389334,1557336000,95,95,,,,1,198512,1,,,,1442,,11,,,10,,,,,,,,,,,,,,,,,,,,,,,,,,,,,,,,,,,,
tlm,ingress_preaccept,389334,1557336000,95,95,,,,2,198512,0,,,,1442,,33,,,32,,,,,,,,,,,,,,,,,,,,,,,,,,,,,,,,,,,,
tlm,ticket_enqueue,389334,1557336000,95,95,,,,0,198480,0,,,body,1444,1443,72,72,,,,,,,,,,,,,,,,,,,,,,,,,,,,,,,,,,,,,,
tlm,ticket_enqueue,389334,1557336000,95,95,,,,2,198512,0,,,body,1442,1441,33,33,,,,,,,,,,,,,,,,,,,,,,,,,,,,,,,,,,,,,,
tlm,ticket_enqueue,389334,1557336000,95,95,,,,3,198560,2,,,body,1439,1438,115,113,,,,,,,,,,,,,,,,,,,,,,,,,,,,,,,,,,,,,,
rtl,allocator_decision,,1557338000,,,156416,,,,,,,,,,,,,,,,,,,603,,,,,idle_to_fetch,15,15,15,15,0,0,0,0,5,,,,,,,,,,,,,,,,,
rtl,parser_ticket_we,,1557338000,,,,,,,197696,1,,,,,,,,,,,,,,601,449,0,0,25,,,,,,,,,,,,,,,,,,,,,,,,,,,
rtl,parser_ticket_we,,1557338000,,,,,,,197616,4,,,,,,,,,,,,,,602,702,0,0,20,,,,,,,,,,,,,,,,,,,,,,,,,,,
rtl,parser_ticket_we,,1557338000,,,,,,,197680,0,,,,,,,,,,,,,,608,1004,0,0,24,,,,,,,,,,,,,,,,,,,,,,,,,,,
rtl,parser_ticket_we,,1557338000,,,,,,,197760,0,,,,,,,,,,,,,,609,1130,0,0,29,,,,,,,,,,,,,,,,,,,,,,,,,,,
tlm,ingress_preaccept,389335,1557340000,95,95,,,,0,198496,1,,,,1443,,72,,,71,,,,,,,,,,,,,,,,,,,,,,,,,,,,,,,,,,,,
tlm,ingress_preaccept,389335,1557340000,95,95,,,,2,198528,0,,,,1441,,33,,,32,,,,,,,,,,,,,,,,,,,,,,,,,,,,,,,,,,,,
tlm,ingress_preaccept,389335,1557340000,95,95,,,,3,198576,4,,,,1438,,113,,,112,,,,,,,,,,,,,,,,,,,,,,,,,,,,,,,,,,,,
tlm,ticket_enqueue,389335,1557340000,95,95,,,,1,198512,1,,,body,1442,1441,11,10,,,,,,,,,,,,,,,,,,,,,,,,,,,,,,,,,,,,,,
tlm,ticket_enqueue,389335,1557340000,95,95,,,,2,198528,0,,,body,1441,1440,33,33,,,,,,,,,,,,,,,,,,,,,,,,,,,,,,,,,,,,,,
rtl,parser_ticket_we,,1557342000,,,,,,,197776,0,,,,,,,,,,,,,,613,1130,0,0,42,,,,,,,,,,,,,,,,,,,,,,,,,,,
rtl,parser_ticket_we,,1557342000,,,,,,,197696,0,,,,,,,,,,,,,,614,1004,0,0,25,,,,,,,,,,,,,,,,,,,,,,,,,,,
rtl,parser_ticket_we,,1557342000,,,,,,,197632,0,,,,,,,,,,,,,,615,706,0,0,21,,,,,,,,,,,,,,,,,,,,,,,,,,,
rtl,parser_ticket_we,,1557342000,,,,,,,197712,0,,,,,,,,,,,,,,616,1098,0,0,26,,,,,,,,,,,,,,,,,,,,,,,,,,,
tlm,ingress_preaccept,389336,1557344000,95,95,,,,1,198528,1,,,,1441,,10,,,9,,,,,,,,,,,,,,,,,,,,,,,,,,,,,,,,,,,,
tlm,ingress_preaccept,389336,1557344000,95,95,,,,2,198544,0,,,,1440,,33,,,32,,,,,,,,,,,,,,,,,,,,,,,,,,,,,,,,,,,,
tlm,ticket_enqueue,389336,1557344000,95,95,,,,0,198496,1,,,body,1443,1442,72,71,,,,,,,,,,,,,,,,,,,,,,,,,,,,,,,,,,,,,,
tlm,ticket_enqueue,389336,1557344000,95,95,,,,2,198544,0,,,body,1440,1439,33,33,,,,,,,,,,,,,,,,,,,,,,,,,,,,,,,,,,,,,,
rtl,parser_ticket_we,,1557346000,,,,,,,197792,0,,,,,,,,,,,,,,619,1130,0,0,43,,,,,,,,,,,,,,,,,,,,,,,,,,,
tlm,allocator_fetch,389337,1557348000,75,75,156384,46,15,,,,,,,,,,,,,,,,,,,,,,,,,,,,,,,,,,,,,,,,,,,,,,,,
tlm,handle_accept,389337,1557348000,75,75,156384,,,0,156384,2,1,199,,,,,,,,,,,,,,,,,,,,,,,,,,,,,,,,,,,,,,,,,,,
tlm,ingress_preaccept,389337,1557348000,95,95,,,,0,198512,3,,,,1442,,71,,,70,,,,,,,,,,,,,,,,,,,,,,,,,,,,,,,,,,,,
tlm,ingress_preaccept,389337,1557348000,95,95,,,,2,198560,0,,,,1439,,33,,,32,,,,,,,,,,,,,,,,,,,,,,,,,,,,,,,,,,,,
tlm,ticket_enqueue,389337,1557348000,95,95,,,,1,198528,1,,,body,1441,1440,10,9,,,,,,,,,,,,,,,,,,,,,,,,,,,,,,,,,,,,,,
tlm,ticket_enqueue,389337,1557348000,95,95,,,,2,198560,0,,,body,1439,1438,33,33,,,,,,,,,,,,,,,,,,,,,,,,,,,,,,,,,,,,,,
tlm,ticket_pop,389337,1557348000,75,75,,,,0,156384,2,,,body,1442,1443,,,,,,,,,,,,,,,,,,,,,,,,,,,,,,,,,,,,,,,,
tlm,ticket_pop,389337,1557348000,75,75,,,,1,156384,0,,,body,1440,1441,,,,,,,,,,,,,,,,,,,,,,,,,,,,,,,,,,,,,,,,
tlm,ticket_pop,389337,1557348000,75,75,,,,2,156384,0,,,body,1438,1439,,,,,,,,,,,,,,,,,,,,,,,,,,,,,,,,,,,,,,,,
tlm,ticket_pop,389337,1557348000,75,75,,,,3,156384,1,,,body,1438,1439,,,,,,,,,,,,,,,,,,,,,,,,,,,,,,,,,,,,,,,,
rtl,credit_return,,1557350000,,,,,,0,,1,,,mover_done,,,,,,,,,,,624,,,,,,,,,,,,,,,13,,,,,,,,,,,,,,,,
rtl,parser_ticket_we,,1557350000,,,,,,,197648,1,,,,,,,,,,,,,,625,706,0,0,22,,,,,,,,,,,,,,,,,,,,,,,,,,,
rtl,parser_ticket_we,,1557350000,,,,,,,197728,1,,,,,,,,,,,,,,626,1098,0,0,27,,,,,,,,,,,,,,,,,,,,,,,,,,,
tlm,ingress_preaccept,389338,1557352000,95,95,,,,1,198544,2,,,,1441,,9,,,8,,,,,,,,,,,,,,,,,,,,,,,,,,,,,,,,,,,,
tlm,ingress_preaccept,389338,1557352000,95,95,,,,2,198576,1,,,,1439,,33,,,32,,,,,,,,,,,,,,,,,,,,,,,,,,,,,,,,,,,,
rtl,credit_return,,1557354000,,,,,,0,,1,,,credit_return,,,,,,,,,,,632,,,,,,,,,,,,,,,13,,,,,,,,,,,,,,,,
rtl,parser_ticket_we,,1557354000,,,,,,,197808,1,,,,,,,,,,,,,,628,1130,0,0,44,,,,,,,,,,,,,,,,,,,,,,,,,,,
rtl,parser_ticket_we,,1557354000,,,,,,,197712,2,,,,,,,,,,,,,,629,1004,0,0,26,,,,,,,,,,,,,,,,,,,,,,,,,,,
rtl,parser_ticket_we,,1557354000,,,,,,,197664,0,,,,,,,,,,,,,,630,707,0,0,23,,,,,,,,,,,,,,,,,,,,,,,,,,,
tlm,allocator_lane_action,389339,1557356000,75,75,156384,,,1,156384,0,,,,,,,,empty,,,,,,,,,,,,,,,,,,,,,,,,,,,,,,,,,,,,,
tlm,ticket_enqueue,389339,1557356000,95,95,,,,2,198576,1,,,body,1439,1438,33,32,,,,,,,,,,,,,,,,,,,,,,,,,,,,,,,,,,,,,,
tlm,ticket_enqueue,389339,1557356000,95,95,,,,3,198576,4,,,body,1439,1438,113,109,,,,,,,,,,,,,,,,,,,,,,,,,,,,,,,,,,,,,,
rtl,parser_ticket_we,,1557358000,,,,,,,197744,1,,,,,,,,,,,,,,633,1099,0,0,28,,,,,,,,,,,,,,,,,,,,,,,,,,,
rtl,parser_ticket_we,,1557358000,,,,,,,197680,0,,,,,,,,,,,,,,634,707,0,0,24,,,,,,,,,,,,,,,,,,,,,,,,,,,
tlm,credit_return,389340,1557360000,75,75,,,,0,156384,2,0,,,,,68,70,,,,,,,,,,,,,,,,,,,,,,,,,,,,,,,,,,,,,,
tlm,ingress_preaccept,389340,1557360000,95,95,,,,2,198592,1,,,,1438,,32,,,31,,,,,,,,,,,,,,,,,,,,,,,,,,,,,,,,,,,,
tlm,ingress_preaccept,389340,1557360000,95,95,,,,3,198592,3,,,,1438,,109,,,108,,,,,,,,,,,,,,,,,,,,,,,,,,,,,,,,,,,,
tlm,ticket_enqueue,389340,1557360000,95,95,,,,0,198512,3,,,body,1443,1442,71,68,,,,,,,,,,,,,,,,,,,,,,,,,,,,,,,,,,,,,,
tlm,ticket_enqueue,389340,1557360000,95,95,,,,1,198544,2,,,body,1441,1440,9,7,,,,,,,,,,,,,,,,,,,,,,,,,,,,,,,,,,,,,,
rtl,parser_ticket_we,,1557362000,,,,,,,197696,0,,,,,,,,,,,,,,636,707,0,0,25,,,,,,,,,,,,,,,,,,,,,,,,,,,
tlm,allocator_lane_action,389341,1557364000,75,75,156384,,,2,156384,0,,,,,,,,empty,,,,,,,,,,,,,,,,,,,,,,,,,,,,,,,,,,,,,
tlm,ingress_preaccept,389341,1557364000,95,95,,,,0,198528,1,,,,1442,,70,,,69,,,,,,,,,,,,,,,,,,,,,,,,,,,,,,,,,,,,
tlm,ingress_preaccept,389341,1557364000,95,95,,,,1,198560,2,,,,1440,,7,,,6,,,,,,,,,,,,,,,,,,,,,,,,,,,,,,,,,,,,
tlm,ticket_enqueue,389341,1557364000,95,95,,,,2,198592,1,,,body,1438,1437,32,31,,,,,,,,,,,,,,,,,,,,,,,,,,,,,,,,,,,,,,
rtl,parser_ticket_we,,1557366000,,,,,,,197760,1,,,,,,,,,,,,,,638,1100,0,0,29,,,,,,,,,,,,,,,,,,,,,,,,,,,
rtl,parser_ticket_we,,1557366000,,,,,,,197728,2,,,,,,,,,,,,,,639,1006,0,0,27,,,,,,,,,,,,,,,,,,,,,,,,,,,
tlm,ingress_preaccept,389342,1557368000,95,95,,,,2,198608,1,,,,1437,,31,,,30,,,,,,,,,,,,,,,,,,,,,,,,,,,,,,,,,,,,
tlm,ticket_enqueue,389342,1557368000,95,95,,,,0,198528,1,,,body,1442,1441,70,69,,,,,,,,,,,,,,,,,,,,,,,,,,,,,,,,,,,,,,
rtl,parser_ticket_we,,1557370000,,,,,,,197712,1,,,,,,,,,,,,,,641,707,0,0,26,,,,,,,,,,,,,,,,,,,,,,,,,,,
rtl,parser_ticket_we,,1557370000,,,,,,,197824,3,,,,,,,,,,,,,,642,1131,0,0,45,,,,,,,,,,,,,,,,,,,,,,,,,,,
rtl,parser_ticket_we,,1557370000,,,,,,,197776,0,,,,,,,,,,,,,,643,1101,0,0,42,,,,,,,,,,,,,,,,,,,,,,,,,,,
tlm,handle_accept,389343,1557372000,75,75,156384,,,3,156384,1,1,200,,,,,,,,,,,,,,,,,,,,,,,,,,,,,,,,,,,,,,,,,,,
tlm,ingress_preaccept,389343,1557372000,95,95,,,,0,198544,1,,,,1441,,69,,,68,,,,,,,,,,,,,,,,,,,,,,,,,,,,,,,,,,,,
tlm,ticket_enqueue,389343,1557372000,95,95,,,,1,198560,2,,,body,1440,1439,7,5,,,,,,,,,,,,,,,,,,,,,,,,,,,,,,,,,,,,,,
tlm,ticket_enqueue,389343,1557372000,95,95,,,,2,198608,1,,,body,1437,1436,31,30,,,,,,,,,,,,,,,,,,,,,,,,,,,,,,,,,,,,,,
tlm,ticket_enqueue,389343,1557372000,95,95,,,,3,198592,3,,,body,1438,1437,109,106,,,,,,,,,,,,,,,,,,,,,,,,,,,,,,,,,,,,,,
rtl,parser_ticket_we,,1557374000,,,,,,,197744,1,,,,,,,,,,,,,,646,1008,0,0,28,,,,,,,,,,,,,,,,,,,,,,,,,,,
rtl,parser_ticket_we,,1557374000,,,,,,,197728,0,,,,,,,,,,,,,,647,708,0,0,27,,,,,,,,,,,,,,,,,,,,,,,,,,,
tlm,ingress_preaccept,389344,1557376000,95,95,,,,1,198576,3,,,,1439,,5,,,4,,,,,,,,,,,,,,,,,,,,,,,,,,,,,,,,,,,,
tlm,ingress_preaccept,389344,1557376000,95,95,,,,2,198624,2,,,,1436,,30,,,29,,,,,,,,,,,,,,,,,,,,,,,,,,,,,,,,,,,,
tlm,ingress_preaccept,389344,1557376000,95,95,,,,3,198608,1,,,,1437,,106,,,105,,,,,,,,,,,,,,,,,,,,,,,,,,,,,,,,,,,,
tlm,ticket_enqueue,389344,1557376000,95,95,,,,0,198544,1,,,body,1441,1440,69,68,,,,,,,,,,,,,,,,,,,,,,,,,,,,,,,,,,,,,,
rtl,credit_return,,1557378000,,,,,,2,,1,,,mover_done,,,,,,,,,,,652,,,,,,,,,,,,,,,59,,,,,,,,,,,,,,,,
rtl,parser_ticket_we,,1557378000,,,,,,,197792,1,,,,,,,,,,,,,,650,1101,0,0,43,,,,,,,,,,,,,,,,,,,,,,,,,,,
rtl,parser_ticket_we,,1557378000,,,,,,,197744,0,,,,,,,,,,,,,,653,708,0,0,28,,,,,,,,,,,,,,,,,,,,,,,,,,,
rtl,parser_ticket_we,,1557378000,,,,,,,197760,0,,,,,,,,,,,,,,654,1009,0,0,29,,,,,,,,,,,,,,,,,,,,,,,,,,,
tlm,credit_return,389345,1557380000,75,75,,,,3,156384,1,0,,,,,105,106,,,,,,,,,,,,,,,,,,,,,,,,,,,,,,,,,,,,,,
tlm,ingress_preaccept,389345,1557380000,95,95,,,,0,198560,1,,,,1440,,68,,,67,,,,,,,,,,,,,,,,,,,,,,,,,,,,,,,,,,,,
tlm,ticket_enqueue,389345,1557380000,95,95,,,,3,198608,1,,,body,1437,1436,106,105,,,,,,,,,,,,,,,,,,,,,,,,,,,,,,,,,,,,,,
rtl,credit_return,,1557382000,,,,,,2,,1,,,credit_return,,,,,,,,,,,661,,,,,,,,,,,,,,,59,,,,,,,,,,,,,,,,
rtl,parser_ticket_we,,1557382000,,,,,,,197840,2,,,,,,,,,,,,,,656,1134,0,0,46,,,,,,,,,,,,,,,,,,,,,,,,,,,
rtl,parser_ticket_we,,1557382000,,,,,,,197776,0,,,,,,,,,,,,,,657,1009,0,0,42,,,,,,,,,,,,,,,,,,,,,,,,,,,
rtl,parser_ticket_we,,1557382000,,,,,,,197760,0,,,,,,,,,,,,,,658,708,0,0,29,,,,,,,,,,,,,,,,,,,,,,,,,,,
rtl,parser_ticket_we,,1557382000,,,,,,,197808,0,,,,,,,,,,,,,,659,1102,0,0,44,,,,,,,,,,,,,,,,,,,,,,,,,,,
tlm,ingress_preaccept,389346,1557384000,95,95,,,,3,198624,0,,,,1436,,106,,,105,,,,,,,,,,,,,,,,,,,,,,,,,,,,,,,,,,,,
tlm,ticket_enqueue,389346,1557384000,95,95,,,,0,198560,1,,,body,1440,1439,68,67,,,,,,,,,,,,,,,,,,,,,,,,,,,,,,,,,,,,,,
tlm,ticket_enqueue,389346,1557384000,95,95,,,,2,198624,2,,,body,1436,1435,30,28,,,,,,,,,,,,,,,,,,,,,,,,,,,,,,,,,,,,,,
tlm,ticket_enqueue,389346,1557384000,95,95,,,,3,198624,0,,,body,1436,1435,106,106,,,,,,,,,,,,,,,,,,,,,,,,,,,,,,,,,,,,,,
rtl,parser_ticket_we,,1557386000,,,,,,,197792,0,,,,,,,,,,,,,,662,1009,0,0,43,,,,,,,,,,,,,,,,,,,,,,,,,,,
tlm,ingress_preaccept,389347,1557388000,95,95,,,,0,198576,0,,,,1439,,67,,,66,,,,,,,,,,,,,,,,,,,,,,,,,,,,,,,,,,,,
tlm,ingress_preaccept,389347,1557388000,95,95,,,,2,198640,0,,,,1435,,28,,,27,,,,,,,,,,,,,,,,,,,,,,,,,,,,,,,,,,,,
tlm,ingress_preaccept,389347,1557388000,95,95,,,,3,198640,1,,,,1435,,106,,,105,,,,,,,,,,,,,,,,,,,,,,,,,,,,,,,,,,,,
tlm,ticket_enqueue,389347,1557388000,95,95,,,,0,198576,0,,,body,1439,1438,67,67,,,,,,,,,,,,,,,,,,,,,,,,,,,,,,,,,,,,,,
tlm,ticket_enqueue,389347,1557388000,95,95,,,,1,198576,3,,,body,1439,1438,5,2,,,,,,,,,,,,,,,,,,,,,,,,,,,,,,,,,,,,,,
tlm,ticket_enqueue,389347,1557388000,95,95,,,,2,198640,0,,,body,1435,1434,28,28,,,,,,,,,,,,,,,,,,,,,,,,,,,,,,,,,,,,,,
rtl,parser_ticket_we,,1557390000,,,,,,,197808,0,,,,,,,,,,,,,,664,1009,0,0,44,,,,,,,,,,,,,,,,,,,,,,,,,,,
tlm,ingress_preaccept,389348,1557392000,95,95,,,,0,198592,1,,,,1438,,67,,,66,,,,,,,,,,,,,,,,,,,,,,,,,,,,,,,,,,,,
tlm,ingress_predrop,389348,1557392000,95,95,,,,1,198592,1,,,,1438,,2,,,1,,,,,,,,,,,,,,,,,,,,,,,,,,,,,lane_credit,,,,,,,
tlm,ticket_enqueue,389348,1557392000,95,95,,,,3,198640,1,,,body,1435,1434,106,105,,,,,,,,,,,,,,,,,,,,,,,,,,,,,,,,,,,,,,
rtl,parser_ticket_we,,1557394000,,,,,,,197856,2,,,,,,,,,,,,,,666,470,0,0,47,,,,,,,,,,,,,,,,,,,,,,,,,,,
tlm,ticket_enqueue,389349,1557396000,95,95,,,,0,198592,1,,,body,1438,1437,67,66,,,,,,,,,,,,,,,,,,,,,,,,,,,,,,,,,,,,,,
rtl,allocator_lane_action,,1557398000,,,,,,0,,,,,,,,,,2,,,,,,671,,0,0,,,,,,,,,,,,,0,1,0,156416,3,75,1,0,,,,,,,,
rtl,allocator_lane_action,,1557398000,,,,,,1,,,,,,,,,,2,,,,,,672,,0,0,,,,,,,,,,,,,0,1,0,156416,0,75,1,0,,,,,,,,
rtl,allocator_lane_action,,1557398000,,,,,,2,,,,,,,,,,2,,,,,,673,,0,0,,,,,,,,,,,,,0,1,0,156416,0,75,1,0,,,,,,,,
rtl,allocator_lane_action,,1557398000,,,,,,3,,,,,,,,,,2,,,,,,674,,0,0,,,,,,,,,,,,,0,1,0,156416,0,75,1,0,,,,,,,,
rtl,parser_ticket_we,,1557398000,,,,,,,197776,3,,,,,,,,,,,,,,668,708,0,0,42,,,,,,,,,,,,,,,,,,,,,,,,,,,
rtl,parser_ticket_we,,1557398000,,,,,,,197824,3,,,,,,,,,,,,,,669,1102,0,0,45,,,,,,,,,,,,,,,,,,,,,,,,,,,
tlm,ingress_preaccept,389350,1557400000,95,95,,,,0,198608,0,,,,1437,,66,,,65,,,,,,,,,,,,,,,,,,,,,,,,,,,,,,,,,,,,
tlm,ingress_predrop,389350,1557400000,95,95,,,,1,198608,1,,,,1438,,2,,,1,,,,,,,,,,,,,,,,,,,,,,,,,,,,,lane_credit,,,,,,,
tlm,ticket_enqueue,389350,1557400000,95,95,,,,0,198608,0,,,body,1437,1436,66,66,,,,,,,,,,,,,,,,,,,,,,,,,,,,,,,,,,,,,,
rtl,parser_ticket_we,,1557402000,,,,,,,197792,0,,,,,,,,,,,,,,677,711,0,0,43,,,,,,,,,,,,,,,,,,,,,,,,,,,
tlm,ingress_preaccept,389351,1557404000,95,95,,,,0,198624,1,,,,1436,,66,,,65,,,,,,,,,,,,,,,,,,,,,,,,,,,,,,,,,,,,
rtl,credit_return,,1557406000,,,,,,3,,1,,,mover_done,,,,,,,,,,,684,,,,,,,,,,,,,,,61,,,,,,,,,,,,,,,,
rtl,parser_ticket_we,,1557406000,,,,,,,197840,1,,,,,,,,,,,,,,680,451,0,0,46,,,,,,,,,,,,,,,,,,,,,,,,,,,
rtl,parser_ticket_we,,1557406000,,,,,,,197824,3,,,,,,,,,,,,,,681,1009,0,0,45,,,,,,,,,,,,,,,,,,,,,,,,,,,
rtl,parser_ticket_we,,1557406000,,,,,,,197872,2,,,,,,,,,,,,,,682,472,0,0,30,,,,,,,,,,,,,,,,,,,,,,,,,,,
tlm,ingress_preaccept,389352,1557408000,95,95,,,,1,198624,0,,,,1438,,2,,,1,,,,,,,,,,,,,,,,,,,,,,,,,,,,,,,,,,,,
tlm,ticket_enqueue,389352,1557408000,95,95,,,,0,198624,1,,,body,1436,1435,66,65,,,,,,,,,,,,,,,,,,,,,,,,,,,,,,,,,,,,,,
tlm,ticket_enqueue,389352,1557408000,95,95,,,,1,198624,0,,,body,1438,1437,2,2,,,,,,,,,,,,,,,,,,,,,,,,,,,,,,,,,,,,,,
rtl,credit_return,,1557410000,,,,,,3,,1,,,credit_return,,,,,,,,,,,691,,,,,,,,,,,,,,,61,,,,,,,,,,,,,,,,
rtl,handle_accept,,1557410000,,,,,,0,156416,3,,0,,,,,,,,331,38621,14,1533,687,,,,,,,,,,,,,,,,,,,,,,,,,,,,,,,
rtl,parser_ticket_we,,1557410000,,,,,,,197808,1,,,,,,,,,,,,,,686,711,0,0,44,,,,,,,,,,,,,,,,,,,,,,,,,,,
rtl,parser_ticket_we,,1557410000,,,,,,,197840,0,,,,,,,,,,,,,,688,1012,0,0,46,,,,,,,,,,,,,,,,,,,,,,,,,,,
rtl,parser_ticket_we,,1557410000,,,,,,,197856,0,,,,,,,,,,,,,,689,452,0,0,47,,,,,,,,,,,,,,,,,,,,,,,,,,,
tlm,ingress_preaccept,389353,1557412000,95,95,,,,0,198640,0,,,,1435,,65,,,64,,,,,,,,,,,,,,,,,,,,,,,,,,,,,,,,,,,,
tlm,ingress_preaccept,389353,1557412000,95,95,,,,1,198640,0,,,,1437,,2,,,1,,,,,,,,,,,,,,,,,,,,,,,,,,,,,,,,,,,,
tlm,ticket_enqueue,389353,1557412000,95,95,,,,0,198640,0,,,body,1435,1434,65,65,,,,,,,,,,,,,,,,,,,,,,,,,,,,,,,,,,,,,,
tlm,ticket_enqueue,389353,1557412000,95,95,,,,1,198640,0,,,body,1437,1436,2,2,,,,,,,,,,,,,,,,,,,,,,,,,,,,,,,,,,,,,,
rtl,parser_ticket_we,,1557414000,,,,,,,197888,1,,,,,,,,,,,,,,692,474,0,0,31,,,,,,,,,,,,,,,,,,,,,,,,,,,
rtl,parser_ticket_we,,1557414000,,,,,,,197824,0,,,,,,,,,,,,,,693,712,0,0,45,,,,,,,,,,,,,,,,,,,,,,,,,,,
rtl,parser_ticket_we,,1557418000,,,,,,,197856,1,,,,,,,,,,,,,,696,1012,0,0,47,,,,,,,,,,,,,,,,,,,,,,,,,,,
rtl,parser_ticket_we,,1557418000,,,,,,,197904,0,,,,,,,,,,,,,,697,475,0,0,32,,,,,,,,,,,,,,,,,,,,,,,,,,,
rtl,parser_ticket_we,,1557422000,,,,,,,197840,1,,,,,,,,,,,,,,699,712,0,0,46,,,,,,,,,,,,,,,,,,,,,,,,,,,
rtl,parser_ticket_we,,1557422000,,,,,,,197872,2,,,,,,,,,,,,,,700,452,0,0,30,,,,,,,,,,,,,,,,,,,,,,,,,,,
rtl,parser_ticket_we,,1557426000,,,,,,,197920,1,,,,,,,,,,,,,,702,475,0,0,33,,,,,,,,,,,,,,,,,,,,,,,,,,,
rtl,parser_ticket_we,,1557426000,,,,,,,197856,0,,,,,,,,,,,,,,704,713,0,0,47,,,,,,,,,,,,,,,,,,,,,,,,,,,
rtl,parser_ticket_we,,1557430000,,,,,,,197872,2,,,,,,,,,,,,,,706,1013,0,0,30,,,,,,,,,,,,,,,,,,,,,,,,,,,
rtl,parser_ticket_we,,1557430000,,,,,,,197872,0,,,,,,,,,,,,,,707,713,0,0,30,,,,,,,,,,,,,,,,,,,,,,,,,,,
rtl,parser_ticket_we,,1557434000,,,,,,,197936,1,,,,,,,,,,,,,,710,476,0,0,34,,,,,,,,,,,,,,,,,,,,,,,,,,,
rtl,parser_ticket_we,,1557434000,,,,,,,197888,2,,,,,,,,,,,,,,711,454,0,0,31,,,,,,,,,,,,,,,,,,,,,,,,,,,
rtl,parser_ticket_we,,1557434000,,,,,,,197888,0,,,,,,,,,,,,,,712,1015,0,0,31,,,,,,,,,,,,,,,,,,,,,,,,,,,
rtl,parser_ticket_we,,1557438000,,,,,,,197904,0,,,,,,,,,,,,,,714,1015,0,0,32,,,,,,,,,,,,,,,,,,,,,,,,,,,
rtl,parser_ticket_we,,1557442000,,,,,,,197952,1,,,,,,,,,,,,,,716,477,0,0,35,,,,,,,,,,,,,,,,,,,,,,,,,,,
rtl,parser_ticket_we,,1557442000,,,,,,,197904,1,,,,,,,,,,,,,,717,456,0,0,32,,,,,,,,,,,,,,,,,,,,,,,,,,,
rtl,parser_ticket_we,,1557442000,,,,,,,197888,2,,,,,,,,,,,,,,718,713,0,0,31,,,,,,,,,,,,,,,,,,,,,,,,,,,
rtl,allocator_decision,,1557446000,,,156432,,,,,,,,,,,,,,,,,,,721,,,,,idle_to_fetch,15,15,15,15,0,0,0,0,2,,,,,,,,,,,,,,,,,
rtl,parser_ticket_we,,1557446000,,,,,,,197920,1,,,,,,,,,,,,,,720,1015,0,0,33,,,,,,,,,,,,,,,,,,,,,,,,,,,
rtl,parser_ticket_we,,1557446000,,,,,,,197920,0,,,,,,,,,,,,,,726,457,0,0,33,,,,,,,,,,,,,,,,,,,,,,,,,,,
rtl,parser_ticket_we,,1557454000,,,,,,,197936,1,,,,,,,,,,,,,,730,1016,0,0,34,,,,,,,,,,,,,,,,,,,,,,,,,,,
tlm,allocator_fetch,389364,1557456000,75,75,156400,47,15,,,,,,,,,,,,,,,,,,,,,,,,,,,,,,,,,,,,,,,,,,,,,,,,
tlm,handle_accept,389364,1557456000,75,75,156400,,,0,156400,1,1,202,,,,,,,,,,,,,,,,,,,,,,,,,,,,,,,,,,,,,,,,,,,
tlm,ticket_pop,389364,1557456000,75,75,,,,0,156400,1,,,body,1434,1435,,,,,,,,,,,,,,,,,,,,,,,,,,,,,,,,,,,,,,,,
tlm,ticket_pop,389364,1557456000,75,75,,,,1,156400,0,,,body,1436,1437,,,,,,,,,,,,,,,,,,,,,,,,,,,,,,,,,,,,,,,,
tlm,ticket_pop,389364,1557456000,75,75,,,,2,156400,1,,,body,1434,1435,,,,,,,,,,,,,,,,,,,,,,,,,,,,,,,,,,,,,,,,
tlm,ticket_pop,389364,1557456000,75,75,,,,3,156400,1,,,body,1434,1435,,,,,,,,,,,,,,,,,,,,,,,,,,,,,,,,,,,,,,,,
rtl,parser_ticket_we,,1557458000,,,,,,,197968,3,,,,,,,,,,,,,,733,478,0,0,36,,,,,,,,,,,,,,,,,,,,,,,,,,,
rtl,parser_ticket_we,,1557458000,,,,,,,197904,3,,,,,,,,,,,,,,734,715,0,0,32,,,,,,,,,,,,,,,,,,,,,,,,,,,
rtl,parser_ticket_we,,1557458000,,,,,,,197936,2,,,,,,,,,,,,,,736,457,0,0,34,,,,,,,,,,,,,,,,,,,,,,,,,,,
rtl,parser_ticket_we,,1557462000,,,,,,,197952,0,,,,,,,,,,,,,,739,459,0,0,35,,,,,,,,,,,,,,,,,,,,,,,,,,,
tlm,allocator_lane_action,389366,1557464000,75,75,156400,,,1,156400,0,,,,,,,,empty,,,,,,,,,,,,,,,,,,,,,,,,,,,,,,,,,,,,,
tlm,credit_return,389366,1557464000,75,75,,,,0,156400,1,0,,,,,65,66,,,,,,,,,,,,,,,,,,,,,,,,,,,,,,,,,,,,,,
rtl,credit_return,,1557466000,,,,,,0,,3,,,mover_done,,,,,,,,,,,746,,,,,,,,,,,,,,,14,,,,,,,,,,,,,,,,
rtl,parser_ticket_we,,1557466000,,,,,,,197984,1,,,,,,,,,,,,,,743,1147,0,0,37,,,,,,,,,,,,,,,,,,,,,,,,,,,
rtl,parser_ticket_we,,1557466000,,,,,,,197920,1,,,,,,,,,,,,,,744,718,0,0,33,,,,,,,,,,,,,,,,,,,,,,,,,,,
rtl,credit_return,,1557470000,,,,,,0,,3,,,credit_return,,,,,,,,,,,753,,,,,,,,,,,,,,,14,,,,,,,,,,,,,,,,
rtl,parser_ticket_we,,1557470000,,,,,,,197968,1,,,,,,,,,,,,,,748,459,0,0,36,,,,,,,,,,,,,,,,,,,,,,,,,,,
rtl,parser_ticket_we,,1557470000,,,,,,,197952,3,,,,,,,,,,,,,,749,1017,0,0,35,,,,,,,,,,,,,,,,,,,,,,,,,,,
rtl,parser_ticket_we,,1557470000,,,,,,,197936,0,,,,,,,,,,,,,,750,719,0,0,34,,,,,,,,,,,,,,,,,,,,,,,,,,,
rtl,parser_ticket_we,,1557470000,,,,,,,198000,0,,,,,,,,,,,,,,751,1148,0,0,38,,,,,,,,,,,,,,,,,,,,,,,,,,,
tlm,handle_accept,389368,1557472000,75,75,156400,,,2,156400,1,1,203,,,,,,,,,,,,,,,,,,,,,,,,,,,,,,,,,,,,,,,,,,,
rtl,parser_ticket_we,,1557474000,,,,,,,197968,0,,,,,,,,,,,,,,754,1020,0,0,36,,,,,,,,,,,,,,,,,,,,,,,,,,,
rtl,parser_ticket_we,,1557478000,,,,,,,197952,1,,,,,,,,,,,,,,756,719,0,0,35,,,,,,,,,,,,,,,,,,,,,,,,,,,
rtl,parser_ticket_we,,1557478000,,,,,,,198016,1,,,,,,,,,,,,,,757,1148,0,0,39,,,,,,,,,,,,,,,,,,,,,,,,,,,
rtl,parser_ticket_we,,1557478000,,,,,,,197984,0,,,,,,,,,,,,,,758,1020,0,0,37,,,,,,,,,,,,,,,,,,,,,,,,,,,
tlm,credit_return,389370,1557480000,75,75,,,,2,156400,1,0,,,,,28,29,,,,,,,,,,,,,,,,,,,,,,,,,,,,,,,,,,,,,,
tlm,handle_accept,389370,1557480000,75,75,156400,,,3,156400,1,1,204,,,,,,,,,,,,,,,,,,,,,,,,,,,,,,,,,,,,,,,,,,,
rtl,parser_ticket_we,,1557482000,,,,,,,198032,0,,,,,,,,,,,,,,760,1149,0,0,58,,,,,,,,,,,,,,,,,,,,,,,,,,,
rtl,parser_ticket_we,,1557486000,,,,,,,197968,1,,,,,,,,,,,,,,762,720,0,0,36,,,,,,,,,,,,,,,,,,,,,,,,,,,
rtl,parser_ticket_we,,1557486000,,,,,,,198000,1,,,,,,,,,,,,,,763,1020,0,0,38,,,,,,,,,,,,,,,,,,,,,,,,,,,
rtl,parser_ticket_we,,1557486000,,,,,,,197984,3,,,,,,,,,,,,,,764,1114,0,0,37,,,,,,,,,,,,,,,,,,,,,,,,,,,
rtl,parser_ticket_we,,1557486000,,,,,,,198048,0,,,,,,,,,,,,,,765,1149,0,0,59,,,,,,,,,,,,,,,,,,,,,,,,,,,
rtl,parser_ticket_we,,1557490000,,,,,,,198000,0,,,,,,,,,,,,,,767,1117,0,0,38,,,,,,,,,,,,,,,,,,,,,,,,,,,
rtl,parser_ticket_we,,1557490000,,,,,,,197984,0,,,,,,,,,,,,,,768,721,0,0,37,,,,,,,,,,,,,,,,,,,,,,,,,,,
tlm,credit_return,389373,1557492000,75,75,,,,3,156400,1,0,,,,,105,106,,,,,,,,,,,,,,,,,,,,,,,,,,,,,,,,,,,,,,
rtl,parser_ticket_we,,1557494000,,,,,,,198016,1,,,,,,,,,,,,,,770,1021,0,0,39,,,,,,,,,,,,,,,,,,,,,,,,,,,
rtl,parser_ticket_we,,1557494000,,,,,,,198064,1,,,,,,,,,,,,,,771,1149,0,0,60,,,,,,,,,,,,,,,,,,,,,,,,,,,
rtl,parser_ticket_we,,1557498000,,,,,,,198032,0,,,,,,,,,,,,,,773,1022,0,0,58,,,,,,,,,,,,,,,,,,,,,,,,,,,
rtl,parser_ticket_we,,1557502000,,,,,,,198080,1,,,,,,,,,,,,,,775,1150,0,0,61,,,,,,,,,,,,,,,,,,,,,,,,,,,
rtl,parser_ticket_we,,1557502000,,,,,,,198000,2,,,,,,,,,,,,,,776,721,0,0,38,,,,,,,,,,,,,,,,,,,,,,,,,,,
rtl,parser_ticket_we,,1557502000,,,,,,,198016,2,,,,,,,,,,,,,,777,1117,0,0,39,,,,,,,,,,,,,,,,,,,,,,,,,,,
rtl,parser_ticket_we,,1557502000,,,,,,,198048,0,,,,,,,,,,,,,,778,1022,0,0,59,,,,,,,,,,,,,,,,,,,,,,,,,,,
rtl,allocator_lane_action,,1557506000,,,,,,0,,,,,,,,,,2,,,,,,783,,0,0,,,,,,,,,,,,,0,1,0,156432,1,75,1,0,,,,,,,,
rtl,allocator_lane_action,,1557506000,,,,,,1,,,,,,,,,,2,,,,,,784,,0,0,,,,,,,,,,,,,0,1,0,156432,0,75,1,0,,,,,,,,
rtl,allocator_lane_action,,1557506000,,,,,,2,,,,,,,,,,2,,,,,,785,,0,0,,,,,,,,,,,,,0,1,0,156432,5,75,1,0,,,,,,,,
rtl,allocator_lane_action,,1557506000,,,,,,3,,,,,,,,,,2,,,,,,786,,0,0,,,,,,,,,,,,,0,1,0,156432,1,75,1,0,,,,,,,,
rtl,parser_ticket_we,,1557506000,,,,,,,198032,0,,,,,,,,,,,,,,780,1119,0,0,58,,,,,,,,,,,,,,,,,,,,,,,,,,,
rtl,parser_ticket_we,,1557506000,,,,,,,198016,0,,,,,,,,,,,,,,781,723,0,0,39,,,,,,,,,,,,,,,,,,,,,,,,,,,
rtl,parser_ticket_we,,1557510000,,,,,,,198096,1,,,,,,,,,,,,,,788,1151,0,0,62,,,,,,,,,,,,,,,,,,,,,,,,,,,
rtl,parser_ticket_we,,1557510000,,,,,,,198064,1,,,,,,,,,,,,,,789,1022,0,0,60,,,,,,,,,,,,,,,,,,,,,,,,,,,
rtl,parser_ticket_we,,1557510000,,,,,,,198032,0,,,,,,,,,,,,,,790,723,0,0,58,,,,,,,,,,,,,,,,,,,,,,,,,,,
rtl,parser_ticket_we,,1557510000,,,,,,,198048,0,,,,,,,,,,,,,,791,1119,0,0,59,,,,,,,,,,,,,,,,,,,,,,,,,,,
rtl,parser_ticket_we,,1557514000,,,,,,,198080,0,,,,,,,,,,,,,,793,1023,0,0,61,,,,,,,,,,,,,,,,,,,,,,,,,,,
rtl,parser_ticket_we,,1557514000,,,,,,,198112,0,,,,,,,,,,,,,,794,480,0,0,63,,,,,,,,,,,,,,,,,,,,,,,,,,,
rtl,handle_accept,,1557518000,,,,,,0,156432,1,,0,,,,,,,,334,38625,15,1534,798,,,,,,,,,,,,,,,,,,,,,,,,,,,,,,,
rtl,parser_ticket_we,,1557518000,,,,,,,198048,1,,,,,,,,,,,,,,796,723,0,0,59,,,,,,,,,,,,,,,,,,,,,,,,,,,
rtl,parser_ticket_we,,1557518000,,,,,,,198064,1,,,,,,,,,,,,,,797,1119,0,0,60,,,,,,,,,,,,,,,,,,,,,,,,,,,
rtl,parser_ticket_we,,1557518000,,,,,,,198096,0,,,,,,,,,,,,,,799,1023,0,0,62,,,,,,,,,,,,,,,,,,,,,,,,,,,
rtl,parser_ticket_we,,1557522000,,,,,,,198128,1,,,,,,,,,,,,,,801,480,0,0,40,,,,,,,,,,,,,,,,,,,,,,,,,,,
rtl,parser_ticket_we,,1557522000,,,,,,,198080,0,,,,,,,,,,,,,,802,460,0,0,61,,,,,,,,,,,,,,,,,,,,,,,,,,,
rtl,parser_ticket_we,,1557522000,,,,,,,198064,0,,,,,,,,,,,,,,803,724,0,0,60,,,,,,,,,,,,,,,,,,,,,,,,,,,
rtl,parser_ticket_we,,1557526000,,,,,,,198112,1,,,,,,,,,,,,,,806,1023,0,0,63,,,,,,,,,,,,,,,,,,,,,,,,,,,
rtl,parser_ticket_we,,1557526000,,,,,,,198080,0,,,,,,,,,,,,,,807,724,0,0,61,,,,,,,,,,,,,,,,,,,,,,,,,,,
rtl,parser_ticket_we,,1557526000,,,,,,,198096,0,,,,,,,,,,,,,,808,460,0,0,62,,,,,,,,,,,,,,,,,,,,,,,,,,,
rtl,parser_ticket_we,,1557530000,,,,,,,198128,0,,,,,,,,,,,,,,810,400,0,0,40,,,,,,,,,,,,,,,,,,,,,,,,,,,
rtl,handle_accept,,1557534000,,,,,,2,156432,5,,1,,,,,,,,493,38626,60,1534,815,,,,,,,,,,,,,,,,,,,,,,,,,,,,,,,
rtl,parser_ticket_we,,1557534000,,,,,,,198096,1,,,,,,,,,,,,,,812,724,0,0,62,,,,,,,,,,,,,,,,,,,,,,,,,,,
rtl,parser_ticket_we,,1557534000,,,,,,,198112,1,,,,,,,,,,,,,,813,460,0,0,63,,,,,,,,,,,,,,,,,,,,,,,,,,,
rtl,parser_ticket_we,,1557534000,,,,,,,198144,2,,,,,,,,,,,,,,816,481,0,0,41,,,,,,,,,,,,,,,,,,,,,,,,,,,
rtl,parser_ticket_we,,1557538000,,,,,,,198160,0,,,,,,,,,,,,,,818,483,0,0,42,,,,,,,,,,,,,,,,,,,,,,,,,,,
rtl,parser_ticket_we,,1557538000,,,,,,,198112,0,,,,,,,,,,,,,,819,725,0,0,63,,,,,,,,,,,,,,,,,,,,,,,,,,,
rtl,handle_accept,,1557542000,,,,,,3,156432,1,,6,,,,,,,,505,38631,62,1534,823,,,,,,,,,,,,,,,,,,,,,,,,,,,,,,,
rtl,parser_ticket_we,,1557542000,,,,,,,198144,2,,,,,,,,,,,,,,824,400,0,0,41,,,,,,,,,,,,,,,,,,,,,,,,,,,
rtl,parser_ticket_we,,1557542000,,,,,,,198128,0,,,,,,,,,,,,,,825,725,0,0,40,,,,,,,,,,,,,,,,,,,,,,,,,,,
rtl,parser_ticket_we,,1557542000,,,,,,,198176,0,,,,,,,,,,,,,,826,483,0,0,43,,,,,,,,,,,,,,,,,,,,,,,,,,,
rtl,parser_ticket_we,,1557546000,,,,,,,198128,2,,,,,,,,,,,,,,828,461,0,0,40,,,,,,,,,,,,,,,,,,,,,,,,,,,
rtl,parser_ticket_we,,1557546000,,,,,,,198192,0,,,,,,,,,,,,,,829,483,0,0,44,,,,,,,,,,,,,,,,,,,,,,,,,,,
rtl,parser_ticket_we,,1557550000,,,,,,,198160,1,,,,,,,,,,,,,,832,402,0,0,42,,,,,,,,,,,,,,,,,,,,,,,,,,,
rtl,parser_ticket_we,,1557550000,,,,,,,198144,0,,,,,,,,,,,,,,834,463,0,0,41,,,,,,,,,,,,,,,,,,,,,,,,,,,
rtl,allocator_decision,,1557554000,,,156448,,,,,,,,,,,,,,,,,,,838,,,,,idle_to_fetch,15,15,15,15,0,0,0,0,9,,,,,,,,,,,,,,,,,
rtl,parser_ticket_we,,1557554000,,,,,,,198208,1,,,,,,,,,,,,,,836,483,0,0,45,,,,,,,,,,,,,,,,,,,,,,,,,,,
rtl,parser_ticket_we,,1557554000,,,,,,,198144,2,,,,,,,,,,,,,,837,725,0,0,41,,,,,,,,,,,,,,,,,,,,,,,,,,,
rtl,parser_ticket_we,,1557554000,,,,,,,198160,0,,,,,,,,,,,,,,843,463,0,0,42,,,,,,,,,,,,,,,,,,,,,,,,,,,
rtl,parser_ticket_we,,1557554000,,,,,,,198176,0,,,,,,,,,,,,,,844,403,0,0,43,,,,,,,,,,,,,,,,,,,,,,,,,,,
rtl,parser_ticket_we,,1557558000,,,,,,,198192,0,,,,,,,,,,,,,,848,403,0,0,44,,,,,,,,,,,,,,,,,,,,,,,,,,,
rtl,parser_ticket_we,,1557558000,,,,,,,198160,0,,,,,,,,,,,,,,849,727,0,0,42,,,,,,,,,,,,,,,,,,,,,,,,,,,
rtl,parser_ticket_we,,1557562000,,,,,,,198224,1,,,,,,,,,,,,,,852,484,0,0,46,,,,,,,,,,,,,,,,,,,,,,,,,,,
tlm,allocator_fetch,389391,1557564000,75,75,156416,48,15,,,,,,,,,,,,,,,,,,,,,,,,,,,,,,,,,,,,,,,,,,,,,,,,
tlm,handle_accept,389391,1557564000,75,75,156416,,,0,156416,3,1,208,,,,,,,,,,,,,,,,,,,,,,,,,,,,,,,,,,,,,,,,,,,
tlm,ticket_pop,389391,1557564000,75,75,,,,0,156416,3,,,body,1435,1436,,,,,,,,,,,,,,,,,,,,,,,,,,,,,,,,,,,,,,,,
tlm,ticket_pop,389391,1557564000,75,75,,,,1,156416,0,,,body,1437,1438,,,,,,,,,,,,,,,,,,,,,,,,,,,,,,,,,,,,,,,,
tlm,ticket_pop,389391,1557564000,75,75,,,,2,156416,0,,,body,1435,1436,,,,,,,,,,,,,,,,,,,,,,,,,,,,,,,,,,,,,,,,
tlm,ticket_pop,389391,1557564000,75,75,,,,3,156416,0,,,body,1435,1436,,,,,,,,,,,,,,,,,,,,,,,,,,,,,,,,,,,,,,,,
rtl,credit_return,,1557566000,,,,,,0,,1,,,mover_done,,,,,,,,,,,857,,,,,,,,,,,,,,,15,,,,,,,,,,,,,,,,
rtl,parser_ticket_we,,1557566000,,,,,,,198208,1,,,,,,,,,,,,,,858,403,0,0,45,,,,,,,,,,,,,,,,,,,,,,,,,,,
rtl,parser_ticket_we,,1557566000,,,,,,,198176,1,,,,,,,,,,,,,,859,727,0,0,43,,,,,,,,,,,,,,,,,,,,,,,,,,,
rtl,parser_ticket_we,,1557566000,,,,,,,198176,2,,,,,,,,,,,,,,860,463,0,0,43,,,,,,,,,,,,,,,,,,,,,,,,,,,
rtl,credit_return,,1557570000,,,,,,0,,1,,,credit_return,,,,,,,,,,,866,,,,,,,,,,,,,,,15,,,,,,,,,,,,,,,,
rtl,parser_ticket_we,,1557570000,,,,,,,198240,1,,,,,,,,,,,,,,862,485,0,0,47,,,,,,,,,,,,,,,,,,,,,,,,,,,
rtl,parser_ticket_we,,1557570000,,,,,,,198192,0,,,,,,,,,,,,,,863,728,0,0,44,,,,,,,,,,,,,,,,,,,,,,,,,,,
rtl,parser_ticket_we,,1557570000,,,,,,,198224,0,,,,,,,,,,,,,,864,404,0,0,46,,,,,,,,,,,,,,,,,,,,,,,,,,,
tlm,allocator_lane_action,389393,1557572000,75,75,156416,,,1,156416,0,,,,,,,,empty,,,,,,,,,,,,,,,,,,,,,,,,,,,,,,,,,,,,,
rtl,parser_ticket_we,,1557574000,,,,,,,198192,1,,,,,,,,,,,,,,867,465,0,0,44,,,,,,,,,,,,,,,,,,,,,,,,,,,
rtl,parser_ticket_we,,1557574000,,,,,,,198256,0,,,,,,,,,,,,,,868,486,0,0,48,,,,,,,,,,,,,,,,,,,,,,,,,,,
rtl,parser_ticket_we,,1557578000,,,,,,,198208,1,,,,,,,,,,,,,,870,728,0,0,45,,,,,,,,,,,,,,,,,,,,,,,,,,,
rtl,parser_ticket_we,,1557578000,,,,,,,198240,1,,,,,,,,,,,,,,871,404,0,0,47,,,,,,,,,,,,,,,,,,,,,,,,,,,
rtl,parser_ticket_we,,1557578000,,,,,,,198208,0,,,,,,,,,,,,,,872,466,0,0,45,,,,,,,,,,,,,,,,,,,,,,,,,,,
tlm,allocator_lane_action,389395,1557580000,75,75,156416,,,2,156416,0,,,,,,,,empty,,,,,,,,,,,,,,,,,,,,,,,,,,,,,,,,,,,,,
tlm,credit_return,389395,1557580000,75,75,,,,0,156416,3,0,,,,,66,69,,,,,,,,,,,,,,,,,,,,,,,,,,,,,,,,,,,,,,
rtl,parser_ticket_we,,1557582000,,,,,,,198272,1,,,,,,,,,,,,,,875,486,0,0,49,,,,,,,,,,,,,,,,,,,,,,,,,,,
rtl,parser_ticket_we,,1557582000,,,,,,,198224,0,,,,,,,,,,,,,,876,466,0,0,46,,,,,,,,,,,,,,,,,,,,,,,,,,,
rtl,parser_ticket_we,,1557586000,,,,,,,198240,0,,,,,,,,,,,,,,880,466,0,0,47,,,,,,,,,,,,,,,,,,,,,,,,,,,
rtl,parser_ticket_we,,1557586000,,,,,,,198288,0,,,,,,,,,,,,,,881,487,0,0,74,,,,,,,,,,,,,,,,,,,,,,,,,,,
tlm,allocator_lane_action,389397,1557588000,75,75,156416,,,3,156416,0,,,,,,,,empty,,,,,,,,,,,,,,,,,,,,,,,,,,,,,,,,,,,,,
rtl,parser_ticket_we,,1557590000,,,,,,,198224,2,,,,,,,,,,,,,,884,729,0,0,46,,,,,,,,,,,,,,,,,,,,,,,,,,,
rtl,parser_ticket_we,,1557590000,,,,,,,198304,0,,,,,,,,,,,,,,885,487,0,0,75,,,,,,,,,,,,,,,,,,,,,,,,,,,
rtl,parser_ticket_we,,1557590000,,,,,,,198256,0,,,,,,,,,,,,,,886,466,0,0,48,,,,,,,,,,,,,,,,,,,,,,,,,,,
rtl,parser_ticket_we,,1557594000,,,,,,,198256,3,,,,,,,,,,,,,,890,405,0,0,48,,,,,,,,,,,,,,,,,,,,,,,,,,,
rtl,parser_ticket_we,,1557594000,,,,,,,198272,0,,,,,,,,,,,,,,892,466,0,0,49,,,,,,,,,,,,,,,,,,,,,,,,,,,
rtl,parser_ticket_we,,1557594000,,,,,,,198320,0,,,,,,,,,,,,,,893,487,0,0,76,,,,,,,,,,,,,,,,,,,,,,,,,,,
rtl,parser_ticket_we,,1557598000,,,,,,,198240,1,,,,,,,,,,,,,,896,731,0,0,47,,,,,,,,,,,,,,,,,,,,,,,,,,,
rtl,parser_ticket_we,,1557598000,,,,,,,198336,0,,,,,,,,,,,,,,897,487,0,0,77,,,,,,,,,,,,,,,,,,,,,,,,,,,
rtl,parser_ticket_we,,1557598000,,,,,,,198288,0,,,,,,,,,,,,,,898,466,0,0,74,,,,,,,,,,,,,,,,,,,,,,,,,,,
rtl,credit_return,,1557602000,,,,,,2,,5,,,mover_done,,,,,,,,,,,904,,,,,,,,,,,,,,,60,,,,,,,,,,,,,,,,
rtl,parser_ticket_we,,1557602000,,,,,,,198272,1,,,,,,,,,,,,,,902,408,0,0,49,,,,,,,,,,,,,,,,,,,,,,,,,,,
rtl,parser_ticket_we,,1557602000,,,,,,,198352,0,,,,,,,,,,,,,,905,487,0,0,78,,,,,,,,,,,,,,,,,,,,,,,,,,,
rtl,credit_return,,1557606000,,,,,,2,,5,,,credit_return,,,,,,,,,,,912,,,,,,,,,,,,,,,60,,,,,,,,,,,,,,,,
rtl,parser_ticket_we,,1557606000,,,,,,,198256,1,,,,,,,,,,,,,,907,732,0,0,48,,,,,,,,,,,,,,,,,,,,,,,,,,,
rtl,parser_ticket_we,,1557606000,,,,,,,198304,1,,,,,,,,,,,,,,908,466,0,0,75,,,,,,,,,,,,,,,,,,,,,,,,,,,
rtl,parser_ticket_we,,1557606000,,,,,,,198368,0,,,,,,,,,,,,,,909,487,0,0,79,,,,,,,,,,,,,,,,,,,,,,,,,,,
rtl,parser_ticket_we,,1557606000,,,,,,,198288,0,,,,,,,,,,,,,,910,409,0,0,74,,,,,,,,,,,,,,,,,,,,,,,,,,,
rtl,parser_ticket_we,,1557610000,,,,,,,198304,0,,,,,,,,,,,,,,913,409,0,0,75,,,,,,,,,,,,,,,,,,,,,,,,,,,
rtl,parser_ticket_we,,1557610000,,,,,,,198384,0,,,,,,,,,,,,,,914,487,0,0,50,,,,,,,,,,,,,,,,,,,,,,,,,,,
rtl,allocator_lane_action,,1557614000,,,,,,0,,,,,,,,,,2,,,,,,919,,0,0,,,,,,,,,,,,,0,1,0,156448,0,75,1,0,,,,,,,,
rtl,allocator_lane_action,,1557614000,,,,,,1,,,,,,,,,,2,,,,,,920,,0,0,,,,,,,,,,,,,0,1,0,156448,1,75,1,0,,,,,,,,
rtl,allocator_lane_action,,1557614000,,,,,,2,,,,,,,,,,2,,,,,,921,,0,0,,,,,,,,,,,,,0,1,0,156448,2,75,1,0,,,,,,,,
rtl,allocator_lane_action,,1557614000,,,,,,3,,,,,,,,,,2,,,,,,922,,0,0,,,,,,,,,,,,,0,1,0,156448,2,75,1,0,,,,,,,,
rtl,parser_ticket_we,,1557614000,,,,,,,198272,1,,,,,,,,,,,,,,916,733,0,0,49,,,,,,,,,,,,,,,,,,,,,,,,,,,
rtl,parser_ticket_we,,1557614000,,,,,,,198400,0,,,,,,,,,,,,,,917,487,0,0,51,,,,,,,,,,,,,,,,,,,,,,,,,,,
rtl,parser_ticket_we,,1557618000,,,,,,,198320,2,,,,,,,,,,,,,,924,467,0,0,76,,,,,,,,,,,,,,,,,,,,,,,,,,,
rtl,parser_ticket_we,,1557618000,,,,,,,198288,0,,,,,,,,,,,,,,925,734,0,0,74,,,,,,,,,,,,,,,,,,,,,,,,,,,
rtl,parser_ticket_we,,1557622000,,,,,,,198320,2,,,,,,,,,,,,,,927,409,0,0,76,,,,,,,,,,,,,,,,,,,,,,,,,,,
rtl,parser_ticket_we,,1557626000,,,,,,,198336,1,,,,,,,,,,,,,,930,469,0,0,77,,,,,,,,,,,,,,,,,,,,,,,,,,,
rtl,parser_ticket_we,,1557626000,,,,,,,198304,1,,,,,,,,,,,,,,931,734,0,0,75,,,,,,,,,,,,,,,,,,,,,,,,,,,
rtl,parser_ticket_we,,1557626000,,,,,,,198416,2,,,,,,,,,,,,,,932,487,0,0,52,,,,,,,,,,,,,,,,,,,,,,,,,,,
rtl,credit_return,,1557630000,,,,,,3,,1,,,mover_done,,,,,,,,,,,936,,,,,,,,,,,,,,,62,,,,,,,,,,,,,,,,
rtl,parser_ticket_we,,1557630000,,,,,,,198432,0,,,,,,,,,,,,,,937,489,0,0,53,,,,,,,,,,,,,,,,,,,,,,,,,,,
rtl,parser_ticket_we,,1557630000,,,,,,,198320,0,,,,,,,,,,,,,,938,735,0,0,76,,,,,,,,,,,,,,,,,,,,,,,,,,,
rtl,credit_return,,1557634000,,,,,,3,,1,,,credit_return,,,,,,,,,,,945,,,,,,,,,,,,,,,62,,,,,,,,,,,,,,,,
rtl,handle_accept,,1557634000,,,,,,1,156448,1,,0,,,,,,,,1053,38633,37,1535,941,,,,,,,,,,,,,,,,,,,,,,,,,,,,,,,
rtl,parser_ticket_we,,1557634000,,,,,,,198352,1,,,,,,,,,,,,,,940,1130,0,0,78,,,,,,,,,,,,,,,,,,,,,,,,,,,
rtl,parser_ticket_we,,1557634000,,,,,,,198336,2,,,,,,,,,,,,,,942,1035,0,0,77,,,,,,,,,,,,,,,,,,,,,,,,,,,
rtl,parser_ticket_we,,1557634000,,,,,,,198336,0,,,,,,,,,,,,,,943,735,0,0,77,,,,,,,,,,,,,,,,,,,,,,,,,,,
rtl,parser_ticket_we,,1557638000,,,,,,,198448,1,,,,,,,,,,,,,,946,489,0,0,54,,,,,,,,,,,,,,,,,,,,,,,,,,,
rtl,parser_ticket_we,,1557638000,,,,,,,198352,0,,,,,,,,,,,,,,947,1037,0,0,78,,,,,,,,,,,,,,,,,,,,,,,,,,,
rtl,parser_ticket_we,,1557638000,,,,,,,198368,0,,,,,,,,,,,,,,948,1131,0,0,79,,,,,,,,,,,,,,,,,,,,,,,,,,,
rtl,handle_accept,,1557642000,,,,,,2,156448,2,,1,,,,,,,,498,38634,61,1535,951,,,,,,,,,,,,,,,,,,,,,,,,,,,,,,,
rtl,parser_ticket_we,,1557642000,,,,,,,198352,1,,,,,,,,,,,,,,952,735,0,0,78,,,,,,,,,,,,,,,,,,,,,,,,,,,
rtl,parser_ticket_we,,1557642000,,,,,,,198384,0,,,,,,,,,,,,,,953,1131,0,0,50,,,,,,,,,,,,,,,,,,,,,,,,,,,
rtl,parser_ticket_we,,1557642000,,,,,,,198368,0,,,,,,,,,,,,,,954,1037,0,0,79,,,,,,,,,,,,,,,,,,,,,,,,,,,
rtl,parser_ticket_we,,1557642000,,,,,,,198464,0,,,,,,,,,,,,,,955,1162,0,0,55,,,,,,,,,,,,,,,,,,,,,,,,,,,
rtl,parser_ticket_we,,1557646000,,,,,,,198384,0,,,,,,,,,,,,,,957,1037,0,0,50,,,,,,,,,,,,,,,,,,,,,,,,,,,
rtl,parser_ticket_we,,1557646000,,,,,,,198368,0,,,,,,,,,,,,,,958,736,0,0,79,,,,,,,,,,,,,,,,,,,,,,,,,,,
rtl,handle_accept,,1557650000,,,,,,3,156448,2,,3,,,,,,,,506,38636,63,1535,961,,,,,,,,,,,,,,,,,,,,,,,,,,,,,,,
rtl,parser_ticket_we,,1557650000,,,,,,,198400,1,,,,,,,,,,,,,,962,1131,0,0,51,,,,,,,,,,,,,,,,,,,,,,,,,,,
rtl,parser_ticket_we,,1557650000,,,,,,,198480,1,,,,,,,,,,,,,,963,1162,0,0,56,,,,,,,,,,,,,,,,,,,,,,,,,,,
rtl,parser_ticket_we,,1557650000,,,,,,,198384,0,,,,,,,,,,,,,,965,736,0,0,50,,,,,,,,,,,,,,,,,,,,,,,,,,,
rtl,parser_ticket_we,,1557650000,,,,,,,198400,0,,,,,,,,,,,,,,966,1037,0,0,51,,,,,,,,,,,,,,,,,,,,,,,,,,,
rtl,parser_ticket_we,,1557654000,,,,,,,198416,0,,,,,,,,,,,,,,968,1132,0,0,52,,,,,,,,,,,,,,,,,,,,,,,,,,,
rtl,parser_ticket_we,,1557658000,,,,,,,198496,1,,,,,,,,,,,,,,972,1163,0,0,57,,,,,,,,,,,,,,,,,,,,,,,,,,,
rtl,parser_ticket_we,,1557658000,,,,,,,198432,0,,,,,,,,,,,,,,974,1132,0,0,53,,,,,,,,,,,,,,,,,,,,,,,,,,,
rtl,allocator_decision,,1557662000,,,156464,,,,,,,,,,,,,,,,,,,978,,,,,idle_to_fetch,15,15,15,15,0,0,0,0,3,,,,,,,,,,,,,,,,,
rtl,parser_ticket_we,,1557662000,,,,,,,198416,2,,,,,,,,,,,,,,976,1037,0,0,52,,,,,,,,,,,,,,,,,,,,,,,,,,,
rtl,parser_ticket_we,,1557662000,,,,,,,198400,2,,,,,,,,,,,,,,977,736,0,0,51,,,,,,,,,,,,,,,,,,,,,,,,,,,
rtl,parser_ticket_we,,1557666000,,,,,,,198512,1,,,,,,,,,,,,,,985,1164,0,0,58,,,,,,,,,,,,,,,,,,,,,,,,,,,
rtl,parser_ticket_we,,1557666000,,,,,,,198448,1,,,,,,,,,,,,,,987,1132,0,0,54,,,,,,,,,,,,,,,,,,,,,,,,,,,
rtl,parser_ticket_we,,1557666000,,,,,,,198432,0,,,,,,,,,,,,,,988,1039,0,0,53,,,,,,,,,,,,,,,,,,,,,,,,,,,
rtl,parser_ticket_we,,1557670000,,,,,,,198416,1,,,,,,,,,,,,,,990,738,0,0,52,,,,,,,,,,,,,,,,,,,,,,,,,,,
rtl,parser_ticket_we,,1557670000,,,,,,,198528,0,,,,,,,,,,,,,,991,1165,0,0,59,,,,,,,,,,,,,,,,,,,,,,,,,,,
tlm,allocator_fetch,389418,1557672000,75,75,156432,49,15,,,,,,,,,,,,,,,,,,,,,,,,,,,,,,,,,,,,,,,,,,,,,,,,
tlm,handle_accept,389418,1557672000,75,75,156432,,,0,156432,1,1,210,,,,,,,,,,,,,,,,,,,,,,,,,,,,,,,,,,,,,,,,,,,
tlm,ticket_pop,389418,1557672000,75,75,,,,0,156432,1,,,body,1436,1437,,,,,,,,,,,,,,,,,,,,,,,,,,,,,,,,,,,,,,,,
tlm,ticket_pop,389418,1557672000,75,75,,,,1,156432,0,,,body,1438,1439,,,,,,,,,,,,,,,,,,,,,,,,,,,,,,,,,,,,,,,,
tlm,ticket_pop,389418,1557672000,75,75,,,,2,156432,5,,,body,1436,1437,,,,,,,,,,,,,,,,,,,,,,,,,,,,,,,,,,,,,,,,
tlm,ticket_pop,389418,1557672000,75,75,,,,3,156432,1,,,body,1436,1437,,,,,,,,,,,,,,,,,,,,,,,,,,,,,,,,,,,,,,,,
rtl,parser_ticket_we,,1557674000,,,,,,,198464,1,,,,,,,,,,,,,,994,1133,0,0,55,,,,,,,,,,,,,,,,,,,,,,,,,,,
rtl,parser_ticket_we,,1557674000,,,,,,,198448,1,,,,,,,,,,,,,,995,1039,0,0,54,,,,,,,,,,,,,,,,,,,,,,,,,,,
rtl,parser_ticket_we,,1557674000,,,,,,,198432,0,,,,,,,,,,,,,,996,739,0,0,53,,,,,,,,,,,,,,,,,,,,,,,,,,,
rtl,parser_ticket_we,,1557678000,,,,,,,198544,1,,,,,,,,,,,,,,998,1165,0,0,90,,,,,,,,,,,,,,,,,,,,,,,,,,,
rtl,parser_ticket_we,,1557678000,,,,,,,198464,0,,,,,,,,,,,,,,999,410,0,0,55,,,,,,,,,,,,,,,,,,,,,,,,,,,
rtl,parser_ticket_we,,1557678000,,,,,,,198480,0,,,,,,,,,,,,,,1000,1134,0,0,56,,,,,,,,,,,,,,,,,,,,,,,,,,,
tlm,allocator_lane_action,389420,1557680000,75,75,156432,,,1,156432,0,,,,,,,,empty,,,,,,,,,,,,,,,,,,,,,,,,,,,,,,,,,,,,,
tlm,credit_return,389420,1557680000,75,75,,,,0,156432,1,0,,,,,69,70,,,,,,,,,,,,,,,,,,,,,,,,,,,,,,,,,,,,,,
rtl,parser_ticket_we,,1557682000,,,,,,,198448,1,,,,,,,,,,,,,,1003,739,0,0,54,,,,,,,,,,,,,,,,,,,,,,,,,,,
rtl,parser_ticket_we,,1557682000,,,,,,,198480,0,,,,,,,,,,,,,,1004,410,0,0,56,,,,,,,,,,,,,,,,,,,,,,,,,,,
rtl,credit_return,,1557686000,,,,,,1,,1,,,mover_done,,,,,,,,,,,1009,,,,,,,,,,,,,,,37,,,,,,,,,,,,,,,,
rtl,parser_ticket_we,,1557686000,,,,,,,198496,1,,,,,,,,,,,,,,1007,1134,0,0,57,,,,,,,,,,,,,,,,,,,,,,,,,,,
rtl,parser_ticket_we,,1557686000,,,,,,,198496,0,,,,,,,,,,,,,,1010,410,0,0,57,,,,,,,,,,,,,,,,,,,,,,,,,,,
rtl,parser_ticket_we,,1557686000,,,,,,,198464,0,,,,,,,,,,,,,,1011,740,0,0,55,,,,,,,,,,,,,,,,,,,,,,,,,,,
tlm,handle_accept,389422,1557688000,75,75,156432,,,2,156432,5,1,215,,,,,,,,,,,,,,,,,,,,,,,,,,,,,,,,,,,,,,,,,,,
rtl,credit_return,,1557690000,,,,,,1,,1,,,credit_return,,,,,,,,,,,1017,,,,,,,,,,,,,,,37,,,,,,,,,,,,,,,,
rtl,parser_ticket_we,,1557690000,,,,,,,198560,2,,,,,,,,,,,,,,1013,1166,0,0,91,,,,,,,,,,,,,,,,,,,,,,,,,,,
rtl,parser_ticket_we,,1557690000,,,,,,,198480,0,,,,,,,,,,,,,,1014,740,0,0,56,,,,,,,,,,,,,,,,,,,,,,,,,,,
rtl,parser_ticket_we,,1557690000,,,,,,,198512,0,,,,,,,,,,,,,,1015,1135,0,0,58,,,,,,,,,,,,,,,,,,,,,,,,,,,
rtl,parser_ticket_we,,1557694000,,,,,,,198512,1,,,,,,,,,,,,,,1018,410,0,0,58,,,,,,,,,,,,,,,,,,,,,,,,,,,
rtl,parser_ticket_we,,1557694000,,,,,,,198528,0,,,,,,,,,,,,,,1019,1135,0,0,59,,,,,,,,,,,,,,,,,,,,,,,,,,,
tlm,handle_accept,389424,1557696000,75,75,156432,,,3,156432,1,1,216,,,,,,,,,,,,,,,,,,,,,,,,,,,,,,,,,,,,,,,,,,,
rtl,parser_ticket_we,,1557698000,,,,,,,198496,1,,,,,,,,,,,,,,1021,740,0,0,57,,,,,,,,,,,,,,,,,,,,,,,,,,,
rtl,parser_ticket_we,,1557698000,,,,,,,198544,0,,,,,,,,,,,,,,1022,1135,0,0,90,,,,,,,,,,,,,,,,,,,,,,,,,,,
rtl,parser_ticket_we,,1557702000,,,,,,,198528,1,,,,,,,,,,,,,,1024,411,0,0,59,,,,,,,,,,,,,,,,,,,,,,,,,,,
rtl,parser_ticket_we,,1557702000,,,,,,,198560,0,,,,,,,,,,,,,,1025,1135,0,0,91,,,,,,,,,,,,,,,,,,,,,,,,,,,
rtl,parser_ticket_we,,1557710000,,,,,,,198576,1,,,,,,,,,,,,,,1029,1135,0,0,92,,,,,,,,,,,,,,,,,,,,,,,,,,,
rtl,parser_ticket_we,,1557710000,,,,,,,198576,4,,,,,,,,,,,,,,1030,490,0,0,92,,,,,,,,,,,,,,,,,,,,,,,,,,,
tlm,credit_return,389428,1557712000,75,75,,,,2,156432,5,0,,,,,29,34,,,,,,,,,,,,,,,,,,,,,,,,,,,,,,,,,,,,,,
rtl,parser_ticket_we,,1557714000,,,,,,,198512,3,,,,,,,,,,,,,,1033,741,0,0,58,,,,,,,,,,,,,,,,,,,,,,,,,,,
rtl,parser_ticket_we,,1557714000,,,,,,,198544,2,,,,,,,,,,,,,,1034,412,0,0,90,,,,,,,,,,,,,,,,,,,,,,,,,,,
rtl,credit_return,,1557718000,,,,,,2,,2,,,mover_done,,,,,,,,,,,1040,,,,,,,,,,,,,,,61,,,,,,,,,,,,,,,,
rtl,parser_ticket_we,,1557718000,,,,,,,198592,1,,,,,,,,,,,,,,1038,470,0,0,93,,,,,,,,,,,,,,,,,,,,,,,,,,,
rtl,allocator_lane_action,,1557722000,,,,,,0,,,,,,,,,,2,,,,,,1044,,0,0,,,,,,,,,,,,,0,1,0,156464,0,75,1,0,,,,,,,,
rtl,allocator_lane_action,,1557722000,,,,,,1,,,,,,,,,,2,,,,,,1045,,0,0,,,,,,,,,,,,,0,1,0,156464,0,75,1,0,,,,,,,,
rtl,allocator_lane_action,,1557722000,,,,,,2,,,,,,,,,,2,,,,,,1046,,0,0,,,,,,,,,,,,,0,1,0,156464,1,75,1,0,,,,,,,,
rtl,allocator_lane_action,,1557722000,,,,,,3,,,,,,,,,,2,,,,,,1047,,0,0,,,,,,,,,,,,,0,1,0,156464,0,75,1,0,,,,,,,,
rtl,credit_return,,1557722000,,,,,,2,,2,,,credit_return,,,,,,,,,,,1049,,,,,,,,,,,,,,,61,,,,,,,,,,,,,,,,
rtl,parser_ticket_we,,1557722000,,,,,,,198528,1,,,,,,,,,,,,,,1042,744,0,0,59,,,,,,,,,,,,,,,,,,,,,,,,,,,
tlm,credit_return,389431,1557724000,75,75,,,,3,156432,1,0,,,,,106,107,,,,,,,,,,,,,,,,,,,,,,,,,,,,,,,,,,,,,,
rtl,parser_ticket_we,,1557726000,,,,,,,198608,1,,,,,,,,,,,,,,1050,471,0,0,94,,,,,,,,,,,,,,,,,,,,,,,,,,,
rtl,parser_ticket_we,,1557726000,,,,,,,198592,3,,,,,,,,,,,,,,1051,494,0,0,93,,,,,,,,,,,,,,,,,,,,,,,,,,,
rtl,parser_ticket_we,,1557726000,,,,,,,198560,2,,,,,,,,,,,,,,1052,414,0,0,91,,,,,,,,,,,,,,,,,,,,,,,,,,,
rtl,parser_ticket_we,,1557730000,,,,,,,198544,1,,,,,,,,,,,,,,1054,745,0,0,90,,,,,,,,,,,,,,,,,,,,,,,,,,,
rtl,parser_ticket_we,,1557734000,,,,,,,198608,1,,,,,,,,,,,,,,1056,497,0,0,94,,,,,,,,,,,,,,,,,,,,,,,,,,,
rtl,parser_ticket_we,,1557738000,,,,,,,198560,1,,,,,,,,,,,,,,1058,746,0,0,91,,,,,,,,,,,,,,,,,,,,,,,,,,,
rtl,parser_ticket_we,,1557738000,,,,,,,198624,2,,,,,,,,,,,,,,1059,472,0,0,95,,,,,,,,,,,,,,,,,,,,,,,,,,,
rtl,parser_ticket_we,,1557738000,,,,,,,198624,0,,,,,,,,,,,,,,1060,498,0,0,95,,,,,,,,,,,,,,,,,,,,,,,,,,,
rtl,parser_ticket_we,,1557742000,,,,,,,198576,3,,,,,,,,,,,,,,1063,416,0,0,92,,,,,,,,,,,,,,,,,,,,,,,,,,,
rtl,parser_ticket_we,,1557742000,,,,,,,198640,0,,,,,,,,,,,,,,1064,474,0,0,60,,,,,,,,,,,,,,,,,,,,,,,,,,,
rtl,parser_ticket_we,,1557742000,,,,,,,198576,0,,,,,,,,,,,,,,1065,747,0,0,92,,,,,,,,,,,,,,,,,,,,,,,,,,,
rtl,parser_ticket_we,,1557746000,,,,,,,198640,1,,,,,,,,,,,,,,1068,498,0,0,60,,,,,,,,,,,,,,,,,,,,,,,,,,,
rtl,credit_return,,1557750000,,,,,,3,,2,,,mover_done,,,,,,,,,,,1075,,,,,,,,,,,,,,,63,,,,,,,,,,,,,,,,
rtl,handle_accept,,1557750000,,,,,,2,156464,1,,0,,,,,,,,1178,38639,62,600,1073,,,,,,,,,,,,,,,,,,,,,,,,,,,,,,,
rtl,parser_ticket_we,,1557750000,,,,,,,198592,1,,,,,,,,,,,,,,1072,747,0,0,93,,,,,,,,,,,,,,,,,,,,,,,,,,,
rtl,controlled_ingress_predrop,,1557754000,,95,,,,1,198592,,,,,,,,,,,,,,,1079,,,,,,,,,,,,,,,,,,,,,,,,,1,1442,1,1,1,1,1
rtl,credit_return,,1557754000,,,,,,3,,2,,,credit_return,,,,,,,,,,,1081,,,,,,,,,,,,,,,63,,,,,,,,,,,,,,,,
rtl,parser_ticket_we,,1557754000,,,,,,,198608,0,,,,,,,,,,,,,,1077,748,0,0,94,,,,,,,,,,,,,,,,,,,,,,,,,,,
rtl,controlled_ingress_predrop,,1557762000,,95,,,,1,198608,,,,,,,,,,,,,,,1086,,,,,,,,,,,,,,,,,,,,,,,,,1,1442,1,1,1,1,1
rtl,parser_ticket_we,,1557762000,,,,,,,198624,0,,,,,,,,,,,,,,1083,419,0,0,93,,,,,,,,,,,,,,,,,,,,,,,,,,,
rtl,parser_ticket_we,,1557762000,,,,,,,198624,1,,,,,,,,,,,,,,1084,748,0,0,95,,,,,,,,,,,,,,,,,,,,,,,,,,,
rtl,parser_ticket_we,,1557766000,,,,,,,198640,0,,,,,,,,,,,,,,1088,749,0,0,60,,,,,,,,,,,,,,,,,,,,,,,,,,,
rtl,parser_ticket_we,,1557766000,,,,,,,198640,0,,,,,,,,,,,,,,1089,419,0,0,94,,,,,,,,,,,,,,,,,,,,,,,,,,,
rtl,allocator_decision,,1557770000,,,156480,,,,,,,,,,,,,,,,,,,1091,,,,,idle_to_fetch,15,15,15,15,0,0,0,0,0,,,,,,,,,,,,,,,,,
tlm,allocator_fetch,389445,1557780000,75,75,156448,50,15,,,,,,,,,,,,,,,,,,,,,,,,,,,,,,,,,,,,,,,,,,,,,,,,
tlm,allocator_lane_action,389445,1557780000,75,75,156448,,,0,156448,0,,,,,,,,empty,,,,,,,,,,,,,,,,,,,,,,,,,,,,,,,,,,,,,
tlm,ticket_pop,389445,1557780000,75,75,,,,0,156448,0,,,body,1437,1438,,,,,,,,,,,,,,,,,,,,,,,,,,,,,,,,,,,,,,,,
tlm,ticket_pop,389445,1557780000,75,75,,,,1,156448,1,,,body,1439,1440,,,,,,,,,,,,,,,,,,,,,,,,,,,,,,,,,,,,,,,,
tlm,ticket_pop,389445,1557780000,75,75,,,,2,156448,2,,,body,1437,1438,,,,,,,,,,,,,,,,,,,,,,,,,,,,,,,,,,,,,,,,
tlm,ticket_pop,389445,1557780000,75,75,,,,3,156448,2,,,body,1437,1438,,,,,,,,,,,,,,,,,,,,,,,,,,,,,,,,,,,,,,,,
tlm,handle_accept,389447,1557788000,75,75,156448,,,1,156448,1,1,218,,,,,,,,,,,,,,,,,,,,,,,,,,,,,,,,,,,,,,,,,,,
tlm,credit_return,389449,1557796000,75,75,,,,1,156448,1,0,,,,,2,3,,,,,,,,,,,,,,,,,,,,,,,,,,,,,,,,,,,,,,
tlm,handle_accept,389449,1557796000,75,75,156448,,,2,156448,2,1,220,,,,,,,,,,,,,,,,,,,,,,,,,,,,,,,,,,,,,,,,,,,
rtl,credit_return,,1557798000,,,,,,2,,1,,,mover_done,,,,,,,,,,,1107,,,,,,,,,,,,,,,62,,,,,,,,,,,,,,,,
rtl,credit_return,,1557802000,,,,,,2,,1,,,credit_return,,,,,,,,,,,1110,,,,,,,,,,,,,,,62,,,,,,,,,,,,,,,,
tlm,handle_accept,389451,1557804000,75,75,156448,,,3,156448,2,1,222,,,,,,,,,,,,,,,,,,,,,,,,,,,,,,,,,,,,,,,,,,,
tlm,credit_return,389453,1557812000,75,75,,,,2,156448,2,0,,,,,34,36,,,,,,,,,,,,,,,,,,,,,,,,,,,,,,,,,,,,,,
tlm,credit_return,389455,1557820000,75,75,,,,3,156448,2,0,,,,,107,109,,,,,,,,,,,,,,,,,,,,,,,,,,,,,,,,,,,,,,
rtl,allocator_lane_action,,1557830000,,,,,,0,,,,,,,,,,2,,,,,,1118,,0,0,,,,,,,,,,,,,0,1,0,156480,0,75,1,0,,,,,,,,
rtl,allocator_lane_action,,1557830000,,,,,,1,,,,,,,,,,2,,,,,,1119,,0,0,,,,,,,,,,,,,0,1,0,156480,0,75,1,0,,,,,,,,
rtl,allocator_lane_action,,1557830000,,,,,,2,,,,,,,,,,2,,,,,,1120,,0,0,,,,,,,,,,,,,0,1,0,156480,1,75,1,0,,,,,,,,
rtl,allocator_lane_action,,1557830000,,,,,,3,,,,,,,,,,2,,,,,,1121,,0,0,,,,,,,,,,,,,0,1,0,156480,2,75,1,0,,,,,,,,
rtl,handle_accept,,1557858000,,,,,,2,156480,1,,0,,,,,,,,1179,38641,63,601,1129,,,,,,,,,,,,,,,,,,,,,,,,,,,,,,,
rtl,handle_accept,,1557866000,,,,,,3,156480,2,,1,,,,,,,,508,38642,0,601,1133,,,,,,,,,,,,,,,,,,,,,,,,,,,,,,,
rtl,allocator_decision,,1557878000,,,156496,,,,,,,,,,,,,,,,,,,1139,,,,,idle_to_fetch,15,15,15,15,0,0,0,0,0,,,,,,,,,,,,,,,,,
tlm,allocator_fetch,389472,1557888000,75,75,156464,51,15,,,,,,,,,,,,,,,,,,,,,,,,,,,,,,,,,,,,,,,,,,,,,,,,
tlm,allocator_lane_action,389472,1557888000,75,75,156464,,,0,156464,0,,,,,,,,empty,,,,,,,,,,,,,,,,,,,,,,,,,,,,,,,,,,,,,
tlm,ticket_pop,389472,1557888000,75,75,,,,0,156464,0,,,body,1438,1439,,,,,,,,,,,,,,,,,,,,,,,,,,,,,,,,,,,,,,,,
tlm,ticket_pop,389472,1557888000,75,75,,,,1,156464,0,,,body,1440,1441,,,,,,,,,,,,,,,,,,,,,,,,,,,,,,,,,,,,,,,,
tlm,ticket_pop,389472,1557888000,75,75,,,,2,156464,1,,,body,1438,1439,,,,,,,,,,,,,,,,,,,,,,,,,,,,,,,,,,,,,,,,
tlm,ticket_pop,389472,1557888000,75,75,,,,3,156464,0,,,body,1438,1439,,,,,,,,,,,,,,,,,,,,,,,,,,,,,,,,,,,,,,,,
tlm,allocator_lane_action,389474,1557896000,75,75,156464,,,1,156464,0,,,,,,,,empty,,,,,,,,,,,,,,,,,,,,,,,,,,,,,,,,,,,,,
tlm,handle_accept,389476,1557904000,75,75,156464,,,2,156464,1,1,224,,,,,,,,,,,,,,,,,,,,,,,,,,,,,,,,,,,,,,,,,,,
rtl,credit_return,,1557906000,,,,,,2,,1,,,mover_done,,,,,,,,,,,1157,,,,,,,,,,,,,,,63,,,,,,,,,,,,,,,,
rtl,credit_return,,1557910000,,,,,,2,,1,,,credit_return,,,,,,,,,,,1160,,,,,,,,,,,,,,,63,,,,,,,,,,,,,,,,
tlm,allocator_lane_action,389478,1557912000,75,75,156464,,,3,156464,0,,,,,,,,empty,,,,,,,,,,,,,,,,,,,,,,,,,,,,,,,,,,,,,
tlm,credit_return,389478,1557912000,75,75,,,,2,156464,1,0,,,,,36,37,,,,,,,,,,,,,,,,,,,,,,,,,,,,,,,,,,,,,,
rtl,credit_return,,1557930000,,,,,,3,,2,,,mover_done,,,,,,,,,,,1170,,,,,,,,,,,,,,,0,,,,,,,,,,,,,,,,
rtl,credit_return,,1557934000,,,,,,3,,2,,,credit_return,,,,,,,,,,,1173,,,,,,,,,,,,,,,0,,,,,,,,,,,,,,,,
rtl,allocator_lane_action,,1557938000,,,,,,0,,,,,,,,,,2,,,,,,1175,,0,0,,,,,,,,,,,,,0,1,0,156496,0,75,1,0,,,,,,,,
rtl,allocator_lane_action,,1557938000,,,,,,1,,,,,,,,,,2,,,,,,1176,,0,0,,,,,,,,,,,,,0,1,0,156496,1,75,1,0,,,,,,,,
rtl,allocator_lane_action,,1557938000,,,,,,2,,,,,,,,,,2,,,,,,1177,,0,0,,,,,,,,,,,,,0,1,0,156496,0,75,1,0,,,,,,,,
rtl,allocator_lane_action,,1557938000,,,,,,3,,,,,,,,,,2,,,,,,1178,,0,0,,,,,,,,,,,,,0,1,0,156496,1,75,1,0,,,,,,,,
rtl,handle_accept,,1557958000,,,,,,1,156496,1,,0,,,,,,,,1054,38645,38,602,1184,,,,,,,,,,,,,,,,,,,,,,,,,,,,,,,
rtl,handle_accept,,1557974000,,,,,,3,156496,1,,1,,,,,,,,1290,38646,1,602,1191,,,,,,,,,,,,,,,,,,,,,,,,,,,,,,,
rtl,allocator_decision,,1557986000,,,156512,,,,,,,,,,,,,,,,,,,1197,,,,,idle_to_fetch,15,15,15,15,0,0,0,0,0,,,,,,,,,,,,,,,,,
tlm,allocator_fetch,389499,1557996000,75,75,156480,52,15,,,,,,,,,,,,,,,,,,,,,,,,,,,,,,,,,,,,,,,,,,,,,,,,
tlm,allocator_lane_action,389499,1557996000,75,75,156480,,,0,156480,0,,,,,,,,empty,,,,,,,,,,,,,,,,,,,,,,,,,,,,,,,,,,,,,
tlm,ticket_pop,389499,1557996000,75,75,,,,0,156480,0,,,body,1439,1440,,,,,,,,,,,,,,,,,,,,,,,,,,,,,,,,,,,,,,,,
tlm,ticket_pop,389499,1557996000,75,75,,,,1,156480,0,,,body,1441,1442,,,,,,,,,,,,,,,,,,,,,,,,,,,,,,,,,,,,,,,,
tlm,ticket_pop,389499,1557996000,75,75,,,,2,156480,1,,,body,1439,1440,,,,,,,,,,,,,,,,,,,,,,,,,,,,,,,,,,,,,,,,
tlm,ticket_pop,389499,1557996000,75,75,,,,3,156480,2,,,body,1439,1440,,,,,,,,,,,,,,,,,,,,,,,,,,,,,,,,,,,,,,,,
tlm,allocator_lane_action,389501,1558004000,75,75,156480,,,1,156480,0,,,,,,,,empty,,,,,,,,,,,,,,,,,,,,,,,,,,,,,,,,,,,,,
rtl,credit_return,,1558010000,,,,,,1,,1,,,mover_done,,,,,,,,,,,1213,,,,,,,,,,,,,,,38,,,,,,,,,,,,,,,,
tlm,handle_accept,389503,1558012000,75,75,156480,,,2,156480,1,1,226,,,,,,,,,,,,,,,,,,,,,,,,,,,,,,,,,,,,,,,,,,,
rtl,credit_return,,1558014000,,,,,,1,,1,,,credit_return,,,,,,,,,,,1216,,,,,,,,,,,,,,,38,,,,,,,,,,,,,,,,
tlm,credit_return,389505,1558020000,75,75,,,,2,156480,1,0,,,,,37,38,,,,,,,,,,,,,,,,,,,,,,,,,,,,,,,,,,,,,,
tlm,handle_accept,389505,1558020000,75,75,156480,,,3,156480,2,1,228,,,,,,,,,,,,,,,,,,,,,,,,,,,,,,,,,,,,,,,,,,,
tlm,credit_return,389508,1558032000,75,75,,,,3,156480,2,0,,,,,109,111,,,,,,,,,,,,,,,,,,,,,,,,,,,,,,,,,,,,,,
rtl,credit_return,,1558038000,,,,,,3,,1,,,mover_done,,,,,,,,,,,1225,,,,,,,,,,,,,,,1,,,,,,,,,,,,,,,,
rtl,credit_return,,1558042000,,,,,,3,,1,,,credit_return,,,,,,,,,,,1228,,,,,,,,,,,,,,,1,,,,,,,,,,,,,,,,
rtl,allocator_lane_action,,1558046000,,,,,,0,,,,,,,,,,2,,,,,,1230,,0,0,,,,,,,,,,,,,0,1,0,156512,0,75,1,0,,,,,,,,
rtl,allocator_lane_action,,1558046000,,,,,,1,,,,,,,,,,2,,,,,,1231,,0,0,,,,,,,,,,,,,0,1,0,156512,0,75,1,0,,,,,,,,
rtl,allocator_lane_action,,1558046000,,,,,,2,,,,,,,,,,2,,,,,,1232,,0,0,,,,,,,,,,,,,0,1,0,156512,1,75,1,0,,,,,,,,
rtl,allocator_lane_action,,1558046000,,,,,,3,,,,,,,,,,2,,,,,,1233,,0,0,,,,,,,,,,,,,0,1,0,156512,1,75,1,0,,,,,,,,
rtl,handle_accept,,1558074000,,,,,,2,156512,1,,0,,,,,,,,1180,38648,0,603,1241,,,,,,,,,,,,,,,,,,,,,,,,,,,,,,,
rtl,handle_accept,,1558082000,,,,,,3,156512,1,,1,,,,,,,,1291,38649,2,603,1245,,,,,,,,,,,,,,,,,,,,,,,,,,,,,,,
rtl,allocator_decision,,1558094000,,,156528,,,,,,,,,,,,,,,,,,,1251,,,,,idle_to_fetch,15,15,15,15,0,0,0,0,0,,,,,,,,,,,,,,,,,
tlm,allocator_fetch,389526,1558104000,75,75,156496,53,15,,,,,,,,,,,,,,,,,,,,,,,,,,,,,,,,,,,,,,,,,,,,,,,,
tlm,allocator_lane_action,389526,1558104000,75,75,156496,,,0,156496,0,,,,,,,,empty,,,,,,,,,,,,,,,,,,,,,,,,,,,,,,,,,,,,,
tlm,ticket_pop,389526,1558104000,75,75,,,,0,156496,0,,,body,1440,1441,,,,,,,,,,,,,,,,,,,,,,,,,,,,,,,,,,,,,,,,
tlm,ticket_pop,389526,1558104000,75,75,,,,1,156496,1,,,body,1442,1443,,,,,,,,,,,,,,,,,,,,,,,,,,,,,,,,,,,,,,,,
tlm,ticket_pop,389526,1558104000,75,75,,,,2,156496,0,,,body,1440,1441,,,,,,,,,,,,,,,,,,,,,,,,,,,,,,,,,,,,,,,,
tlm,ticket_pop,389526,1558104000,75,75,,,,3,156496,1,,,body,1440,1441,,,,,,,,,,,,,,,,,,,,,,,,,,,,,,,,,,,,,,,,
tlm,handle_accept,389528,1558112000,75,75,156496,,,1,156496,1,1,230,,,,,,,,,,,,,,,,,,,,,,,,,,,,,,,,,,,,,,,,,,,
tlm,allocator_lane_action,389530,1558120000,75,75,156496,,,2,156496,0,,,,,,,,empty,,,,,,,,,,,,,,,,,,,,,,,,,,,,,,,,,,,,,
tlm,credit_return,389530,1558120000,75,75,,,,1,156496,1,0,,,,,3,4,,,,,,,,,,,,,,,,,,,,,,,,,,,,,,,,,,,,,,
rtl,credit_return,,1558122000,,,,,,2,,1,,,mover_done,,,,,,,,,,,1269,,,,,,,,,,,,,,,0,,,,,,,,,,,,,,,,
rtl,credit_return,,1558126000,,,,,,2,,1,,,credit_return,,,,,,,,,,,1272,,,,,,,,,,,,,,,0,,,,,,,,,,,,,,,,
tlm,handle_accept,389532,1558128000,75,75,156496,,,3,156496,1,1,231,,,,,,,,,,,,,,,,,,,,,,,,,,,,,,,,,,,,,,,,,,,
tlm,credit_return,389534,1558136000,75,75,,,,3,156496,1,0,,,,,111,112,,,,,,,,,,,,,,,,,,,,,,,,,,,,,,,,,,,,,,
rtl,credit_return,,1558150000,,,,,,3,,1,,,mover_done,,,,,,,,,,,1281,,,,,,,,,,,,,,,2,,,,,,,,,,,,,,,,
rtl,allocator_lane_action,,1558154000,,,,,,0,,,,,,,,,,2,,,,,,1284,,0,0,,,,,,,,,,,,,0,1,0,156528,4,75,1,0,,,,,,,,
rtl,allocator_lane_action,,1558154000,,,,,,1,,,,,,,,,,2,,,,,,1285,,0,0,,,,,,,,,,,,,0,1,0,156528,1,75,1,0,,,,,,,,
rtl,allocator_lane_action,,1558154000,,,,,,2,,,,,,,,,,2,,,,,,1286,,0,0,,,,,,,,,,,,,0,1,0,156528,0,75,1,0,,,,,,,,
rtl,allocator_lane_action,,1558154000,,,,,,3,,,,,,,,,,2,,,,,,1287,,0,0,,,,,,,,,,,,,0,1,0,156528,0,75,1,0,,,,,,,,
rtl,credit_return,,1558154000,,,,,,3,,1,,,credit_return,,,,,,,,,,,1289,,,,,,,,,,,,,,,2,,,,,,,,,,,,,,,,
rtl,handle_accept,,1558166000,,,,,,0,156528,4,,0,,,,,,,,335,38651,10,604,1292,,,,,,,,,,,,,,,,,,,,,,,,,,,,,,,
rtl,handle_accept,,1558174000,,,,,,1,156528,1,,4,,,,,,,,1055,38655,39,604,1296,,,,,,,,,,,,,,,,,,,,,,,,,,,,,,,
rtl,allocator_decision,,1558202000,,,156544,,,,,,,,,,,,,,,,,,,1309,,,,,idle_to_fetch,15,15,15,15,0,0,0,0,0,,,,,,,,,,,,,,,,,
tlm,allocator_fetch,389553,1558212000,75,75,156512,54,15,,,,,,,,,,,,,,,,,,,,,,,,,,,,,,,,,,,,,,,,,,,,,,,,
tlm,allocator_lane_action,389553,1558212000,75,75,156512,,,0,156512,0,,,,,,,,empty,,,,,,,,,,,,,,,,,,,,,,,,,,,,,,,,,,,,,
tlm,ticket_pop,389553,1558212000,75,75,,,,0,156512,0,,,body,1441,1442,,,,,,,,,,,,,,,,,,,,,,,,,,,,,,,,,,,,,,,,
tlm,ticket_pop,389553,1558212000,75,75,,,,1,156512,0,,,body,1443,1444,,,,,,,,,,,,,,,,,,,,,,,,,,,,,,,,,,,,,,,,
tlm,ticket_pop,389553,1558212000,75,75,,,,2,156512,1,,,body,1441,1442,,,,,,,,,,,,,,,,,,,,,,,,,,,,,,,,,,,,,,,,
tlm,ticket_pop,389553,1558212000,75,75,,,,3,156512,1,,,body,1441,1442,,,,,,,,,,,,,,,,,,,,,,,,,,,,,,,,,,,,,,,,
tlm,allocator_lane_action,389555,1558220000,75,75,156512,,,1,156512,0,,,,,,,,empty,,,,,,,,,,,,,,,,,,,,,,,,,,,,,,,,,,,,,
rtl,credit_return,,1558226000,,,,,,0,,4,,,mover_done,,,,,,,,,,,1329,,,,,,,,,,,,,,,10,,,,,,,,,,,,,,,,
tlm,handle_accept,389557,1558228000,75,75,156512,,,2,156512,1,1,233,,,,,,,,,,,,,,,,,,,,,,,,,,,,,,,,,,,,,,,,,,,
rtl,credit_return,,1558230000,,,,,,0,,4,,,credit_return,,,,,,,,,,,1332,,,,,,,,,,,,,,,10,,,,,,,,,,,,,,,,
tlm,credit_return,389559,1558236000,75,75,,,,2,156512,1,0,,,,,38,39,,,,,,,,,,,,,,,,,,,,,,,,,,,,,,,,,,,,,,
tlm,handle_accept,389559,1558236000,75,75,156512,,,3,156512,1,1,234,,,,,,,,,,,,,,,,,,,,,,,,,,,,,,,,,,,,,,,,,,,
tlm,credit_return,389562,1558248000,75,75,,,,3,156512,1,0,,,,,112,113,,,,,,,,,,,,,,,,,,,,,,,,,,,,,,,,,,,,,,
rtl,credit_return,,1558254000,,,,,,1,,1,,,mover_done,,,,,,,,,,,1341,,,,,,,,,,,,,,,39,,,,,,,,,,,,,,,,
rtl,credit_return,,1558258000,,,,,,1,,1,,,credit_return,,,,,,,,,,,1344,,,,,,,,,,,,,,,39,,,,,,,,,,,,,,,,
rtl,allocator_lane_action,,1558262000,,,,,,0,,,,,,,,,,2,,,,,,1346,,0,0,,,,,,,,,,,,,0,1,0,156544,0,75,1,0,,,,,,,,
rtl,allocator_lane_action,,1558262000,,,,,,1,,,,,,,,,,2,,,,,,1347,,0,0,,,,,,,,,,,,,0,1,0,156544,1,75,1,0,,,,,,,,
rtl,allocator_lane_action,,1558262000,,,,,,2,,,,,,,,,,2,,,,,,1348,,0,0,,,,,,,,,,,,,0,1,0,156544,0,75,1,0,,,,,,,,
rtl,allocator_lane_action,,1558262000,,,,,,3,,,,,,,,,,2,,,,,,1349,,0,0,,,,,,,,,,,,,0,1,0,156544,1,75,1,0,,,,,,,,
rtl,handle_accept,,1558282000,,,,,,1,156544,1,,0,,,,,,,,420,9701,58,605,1355,,,,,,,,,,,,,,,,,,,,,,,,,,,,,,,
rtl,handle_accept,,1558298000,,,,,,3,156544,1,,1,,,,,,,,1292,9702,3,605,1362,,,,,,,,,,,,,,,,,,,,,,,,,,,,,,,
rtl,allocator_decision,,1558310000,,,156560,,,,,,,,,,,,,,,,,,,1368,,,,,idle_to_fetch,15,15,15,15,0,0,0,0,0,,,,,,,,,,,,,,,,,
tlm,allocator_fetch,389580,1558320000,75,75,156528,55,15,,,,,,,,,,,,,,,,,,,,,,,,,,,,,,,,,,,,,,,,,,,,,,,,
tlm,handle_accept,389580,1558320000,75,75,156528,,,0,156528,4,1,239,,,,,,,,,,,,,,,,,,,,,,,,,,,,,,,,,,,,,,,,,,,
tlm,ticket_pop,389580,1558320000,75,75,,,,0,156528,4,,,body,1442,1443,,,,,,,,,,,,,,,,,,,,,,,,,,,,,,,,,,,,,,,,
tlm,ticket_pop,389580,1558320000,75,75,,,,1,156528,1,,,body,1444,1445,,,,,,,,,,,,,,,,,,,,,,,,,,,,,,,,,,,,,,,,
tlm,ticket_pop,389580,1558320000,75,75,,,,2,156528,0,,,body,1442,1443,,,,,,,,,,,,,,,,,,,,,,,,,,,,,,,,,,,,,,,,
tlm,ticket_pop,389580,1558320000,75,75,,,,3,156528,0,,,body,1442,1443,,,,,,,,,,,,,,,,,,,,,,,,,,,,,,,,,,,,,,,,
tlm,handle_accept,389582,1558328000,75,75,156528,,,1,156528,1,1,240,,,,,,,,,,,,,,,,,,,,,,,,,,,,,,,,,,,,,,,,,,,
rtl,credit_return,,1558334000,,,,,,1,,1,,,mover_done,,,,,,,,,,,1384,,,,,,,,,,,,,,,58,,,,,,,,,,,,,,,,
tlm,allocator_lane_action,389584,1558336000,75,75,156528,,,2,156528,0,,,,,,,,empty,,,,,,,,,,,,,,,,,,,,,,,,,,,,,,,,,,,,,
rtl,credit_return,,1558338000,,,,,,1,,1,,,credit_return,,,,,,,,,,,1387,,,,,,,,,,,,,,,58,,,,,,,,,,,,,,,,
tlm,credit_return,389585,1558340000,75,75,,,,0,156528,4,0,,,,,70,74,,,,,,,,,,,,,,,,,,,,,,,,,,,,,,,,,,,,,,
tlm,allocator_lane_action,389586,1558344000,75,75,156528,,,3,156528,0,,,,,,,,empty,,,,,,,,,,,,,,,,,,,,,,,,,,,,,,,,,,,,,
tlm,credit_return,389588,1558352000,75,75,,,,1,156528,1,0,,,,,4,5,,,,,,,,,,,,,,,,,,,,,,,,,,,,,,,,,,,,,,
rtl,credit_return,,1558354000,,,,,,3,,1,,,mover_done,,,,,,,,,,,1394,,,,,,,,,,,,,,,3,,,,,,,,,,,,,,,,
rtl,credit_return,,1558358000,,,,,,3,,1,,,credit_return,,,,,,,,,,,1397,,,,,,,,,,,,,,,3,,,,,,,,,,,,,,,,
rtl,allocator_lane_action,,1558370000,,,,,,0,,,,,,,,,,2,,,,,,1401,,0,0,,,,,,,,,,,,,0,1,0,156560,1,75,1,0,,,,,,,,
rtl,allocator_lane_action,,1558370000,,,,,,1,,,,,,,,,,2,,,,,,1402,,0,0,,,,,,,,,,,,,0,1,0,156560,2,75,1,0,,,,,,,,
rtl,allocator_lane_action,,1558370000,,,,,,2,,,,,,,,,,2,,,,,,1403,,0,0,,,,,,,,,,,,,0,1,0,156560,0,75,1,0,,,,,,,,
rtl,allocator_lane_action,,1558370000,,,,,,3,,,,,,,,,,2,,,,,,1404,,0,0,,,,,,,,,,,,,0,1,0,156560,2,75,1,0,,,,,,,,
rtl,handle_accept,,1558382000,,,,,,0,156560,1,,0,,,,,,,,339,9704,11,606,1408,,,,,,,,,,,,,,,,,,,,,,,,,,,,,,,
rtl,handle_accept,,1558390000,,,,,,1,156560,2,,1,,,,,,,,421,9705,59,606,1412,,,,,,,,,,,,,,,,,,,,,,,,,,,,,,,
rtl,handle_accept,,1558406000,,,,,,3,156560,2,,3,,,,,,,,1293,9707,4,606,1421,,,,,,,,,,,,,,,,,,,,,,,,,,,,,,,
rtl,allocator_decision,,1558418000,,,156576,,,,,,,,,,,,,,,,,,,1427,,,,,idle_to_fetch,15,15,15,15,0,0,0,0,0,,,,,,,,,,,,,,,,,
tlm,allocator_fetch,389607,1558428000,75,75,156544,56,15,,,,,,,,,,,,,,,,,,,,,,,,,,,,,,,,,,,,,,,,,,,,,,,,
tlm,allocator_lane_action,389607,1558428000,75,75,156544,,,0,156544,0,,,,,,,,empty,,,,,,,,,,,,,,,,,,,,,,,,,,,,,,,,,,,,,
tlm,ticket_pop,389607,1558428000,75,75,,,,0,156544,0,,,body,1443,1444,,,,,,,,,,,,,,,,,,,,,,,,,,,,,,,,,,,,,,,,
tlm,ticket_pop,389607,1558428000,75,75,,,,1,156544,1,,,body,1445,1446,,,,,,,,,,,,,,,,,,,,,,,,,,,,,,,,,,,,,,,,
tlm,ticket_pop,389607,1558428000,75,75,,,,2,156544,0,,,body,1443,1444,,,,,,,,,,,,,,,,,,,,,,,,,,,,,,,,,,,,,,,,
tlm,ticket_pop,389607,1558428000,75,75,,,,3,156544,1,,,body,1443,1444,,,,,,,,,,,,,,,,,,,,,,,,,,,,,,,,,,,,,,,,
rtl,credit_return,,1558430000,,,,,,0,,1,,,mover_done,,,,,,,,,,,1440,,,,,,,,,,,,,,,11,,,,,,,,,,,,,,,,
rtl,credit_return,,1558434000,,,,,,0,,1,,,credit_return,,,,,,,,,,,1443,,,,,,,,,,,,,,,11,,,,,,,,,,,,,,,,
tlm,handle_accept,389609,1558436000,75,75,156544,,,1,156544,1,1,242,,,,,,,,,,,,,,,,,,,,,,,,,,,,,,,,,,,,,,,,,,,
tlm,allocator_lane_action,389611,1558444000,75,75,156544,,,2,156544,0,,,,,,,,empty,,,,,,,,,,,,,,,,,,,,,,,,,,,,,,,,,,,,,
tlm,credit_return,389611,1558444000,75,75,,,,1,156544,1,0,,,,,5,6,,,,,,,,,,,,,,,,,,,,,,,,,,,,,,,,,,,,,,
tlm,handle_accept,389613,1558452000,75,75,156544,,,3,156544,1,1,243,,,,,,,,,,,,,,,,,,,,,,,,,,,,,,,,,,,,,,,,,,,
tlm,credit_return,389615,1558460000,75,75,,,,3,156544,1,0,,,,,113,114,,,,,,,,,,,,,,,,,,,,,,,,,,,,,,,,,,,,,,
rtl,credit_return,,1558462000,,,,,,1,,2,,,mover_done,,,,,,,,,,,1455,,,,,,,,,,,,,,,59,,,,,,,,,,,,,,,,
rtl,credit_return,,1558466000,,,,,,1,,2,,,credit_return,,,,,,,,,,,1458,,,,,,,,,,,,,,,59,,,,,,,,,,,,,,,,
rtl,allocator_lane_action,,1558478000,,,,,,0,,,,,,,,,,2,,,,,,1462,,0,0,,,,,,,,,,,,,0,1,0,156576,0,75,1,0,,,,,,,,
rtl,allocator_lane_action,,1558478000,,,,,,1,,,,,,,,,,2,,,,,,1463,,0,0,,,,,,,,,,,,,0,1,0,156576,1,75,1,0,,,,,,,,
rtl,allocator_lane_action,,1558478000,,,,,,2,,,,,,,,,,2,,,,,,1464,,0,0,,,,,,,,,,,,,0,1,0,156576,0,75,1,0,,,,,,,,
rtl,allocator_lane_action,,1558478000,,,,,,3,,,,,,,,,,2,,,,,,1465,,0,0,,,,,,,,,,,,,0,1,0,156576,1,75,1,0,,,,,,,,
rtl,credit_return,,1558494000,,,,,,3,,2,,,mover_done,,,,,,,,,,,1475,,,,,,,,,,,,,,,4,,,,,,,,,,,,,,,,
rtl,credit_return,,1558498000,,,,,,3,,2,,,credit_return,,,,,,,,,,,1479,,,,,,,,,,,,,,,4,,,,,,,,,,,,,,,,
rtl,handle_accept,,1558498000,,,,,,1,156576,1,,0,,,,,,,,423,38666,60,607,1477,,,,,,,,,,,,,,,,,,,,,,,,,,,,,,,
rtl,handle_accept,,1558514000,,,,,,3,156576,1,,1,,,,,,,,1295,38667,5,607,1484,,,,,,,,,,,,,,,,,,,,,,,,,,,,,,,
rtl,allocator_decision,,1558526000,,,156592,,,,,,,,,,,,,,,,,,,1491,,,,,idle_to_fetch,15,15,15,15,0,0,0,0,0,,,,,,,,,,,,,,,,,
tlm,allocator_fetch,389634,1558536000,75,75,156560,57,15,,,,,,,,,,,,,,,,,,,,,,,,,,,,,,,,,,,,,,,,,,,,,,,,
tlm,handle_accept,389634,1558536000,75,75,156560,,,0,156560,1,1,245,,,,,,,,,,,,,,,,,,,,,,,,,,,,,,,,,,,,,,,,,,,
tlm,ticket_pop,389634,1558536000,75,75,,,,0,156560,1,,,body,1444,1445,,,,,,,,,,,,,,,,,,,,,,,,,,,,,,,,,,,,,,,,
tlm,ticket_pop,389634,1558536000,75,75,,,,1,156560,2,,,body,1446,1447,,,,,,,,,,,,,,,,,,,,,,,,,,,,,,,,,,,,,,,,
tlm,ticket_pop,389634,1558536000,75,75,,,,2,156560,0,,,body,1444,1445,,,,,,,,,,,,,,,,,,,,,,,,,,,,,,,,,,,,,,,,
tlm,ticket_pop,389634,1558536000,75,75,,,,3,156560,2,,,body,1444,1445,,,,,,,,,,,,,,,,,,,,,,,,,,,,,,,,,,,,,,,,
tlm,credit_return,389636,1558544000,75,75,,,,0,156560,1,0,,,,,74,75,,,,,,,,,,,,,,,,,,,,,,,,,,,,,,,,,,,,,,
tlm,handle_accept,389636,1558544000,75,75,156560,,,1,156560,2,1,247,,,,,,,,,,,,,,,,,,,,,,,,,,,,,,,,,,,,,,,,,,,
rtl,credit_return,,1558550000,,,,,,1,,1,,,mover_done,,,,,,,,,,,1507,,,,,,,,,,,,,,,60,,,,,,,,,,,,,,,,
tlm,allocator_lane_action,389638,1558552000,75,75,156560,,,2,156560,0,,,,,,,,empty,,,,,,,,,,,,,,,,,,,,,,,,,,,,,,,,,,,,,
rtl,credit_return,,1558554000,,,,,,1,,1,,,credit_return,,,,,,,,,,,1510,,,,,,,,,,,,,,,60,,,,,,,,,,,,,,,,
tlm,credit_return,389640,1558560000,75,75,,,,1,156560,2,0,,,,,6,8,,,,,,,,,,,,,,,,,,,,,,,,,,,,,,,,,,,,,,
tlm,handle_accept,389640,1558560000,75,75,156560,,,3,156560,2,1,249,,,,,,,,,,,,,,,,,,,,,,,,,,,,,,,,,,,,,,,,,,,
tlm,credit_return,389644,1558576000,75,75,,,,3,156560,2,0,,,,,114,116,,,,,,,,,,,,,,,,,,,,,,,,,,,,,,,,,,,,,,
rtl,credit_return,,1558578000,,,,,,3,,1,,,mover_done,,,,,,,,,,,1519,,,,,,,,,,,,,,,5,,,,,,,,,,,,,,,,
rtl,credit_return,,1558582000,,,,,,3,,1,,,credit_return,,,,,,,,,,,1522,,,,,,,,,,,,,,,5,,,,,,,,,,,,,,,,
rtl,allocator_lane_action,,1558586000,,,,,,0,,,,,,,,,,2,,,,,,1524,,0,0,,,,,,,,,,,,,0,1,0,156592,1,75,1,0,,,,,,,,
rtl,allocator_lane_action,,1558586000,,,,,,1,,,,,,,,,,2,,,,,,1525,,0,0,,,,,,,,,,,,,0,1,0,156592,0,75,1,0,,,,,,,,
rtl,allocator_lane_action,,1558586000,,,,,,2,,,,,,,,,,2,,,,,,1526,,0,0,,,,,,,,,,,,,0,1,0,156592,2,75,1,0,,,,,,,,
rtl,allocator_lane_action,,1558586000,,,,,,3,,,,,,,,,,2,,,,,,1527,,0,0,,,,,,,,,,,,,0,1,0,156592,3,75,1,0,,,,,,,,
rtl,handle_accept,,1558598000,,,,,,0,156592,1,,0,,,,,,,,826,38669,12,608,1531,,,,,,,,,,,,,,,,,,,,,,,,,,,,,,,
rtl,handle_accept,,1558614000,,,,,,2,156592,2,,1,,,,,,,,1181,38670,1,608,1538,,,,,,,,,,,,,,,,,,,,,,,,,,,,,,,
rtl,handle_accept,,1558622000,,,,,,3,156592,3,,3,,,,,,,,510,9710,6,608,1543,,,,,,,,,,,,,,,,,,,,,,,,,,,,,,,
rtl,allocator_decision,,1558634000,,,156608,,,,,,,,,,,,,,,,,,,1549,,,,,idle_to_fetch,15,15,15,15,0,0,0,0,0,,,,,,,,,,,,,,,,,
tlm,allocator_fetch,389661,1558644000,75,75,156576,58,15,,,,,,,,,,,,,,,,,,,,,,,,,,,,,,,,,,,,,,,,,,,,,,,,
tlm,allocator_lane_action,389661,1558644000,75,75,156576,,,0,156576,0,,,,,,,,empty,,,,,,,,,,,,,,,,,,,,,,,,,,,,,,,,,,,,,
tlm,ticket_pop,389661,1558644000,75,75,,,,0,156576,0,,,body,1445,1446,,,,,,,,,,,,,,,,,,,,,,,,,,,,,,,,,,,,,,,,
tlm,ticket_pop,389661,1558644000,75,75,,,,1,156576,1,,,body,1447,1448,,,,,,,,,,,,,,,,,,,,,,,,,,,,,,,,,,,,,,,,
tlm,ticket_pop,389661,1558644000,75,75,,,,2,156576,0,,,body,1445,1446,,,,,,,,,,,,,,,,,,,,,,,,,,,,,,,,,,,,,,,,
tlm,ticket_pop,389661,1558644000,75,75,,,,3,156576,1,,,body,1445,1446,,,,,,,,,,,,,,,,,,,,,,,,,,,,,,,,,,,,,,,,
rtl,credit_return,,1558646000,,,,,,0,,1,,,mover_done,,,,,,,,,,,1563,,,,,,,,,,,,,,,12,,,,,,,,,,,,,,,,
rtl,credit_return,,1558650000,,,,,,0,,1,,,credit_return,,,,,,,,,,,1566,,,,,,,,,,,,,,,12,,,,,,,,,,,,,,,,
tlm,handle_accept,389663,1558652000,75,75,156576,,,1,156576,1,1,251,,,,,,,,,,,,,,,,,,,,,,,,,,,,,,,,,,,,,,,,,,,
tlm,allocator_lane_action,389665,1558660000,75,75,156576,,,2,156576,0,,,,,,,,empty,,,,,,,,,,,,,,,,,,,,,,,,,,,,,,,,,,,,,
tlm,credit_return,389665,1558660000,75,75,,,,1,156576,1,0,,,,,8,9,,,,,,,,,,,,,,,,,,,,,,,,,,,,,,,,,,,,,,
tlm,handle_accept,389667,1558668000,75,75,156576,,,3,156576,1,1,252,,,,,,,,,,,,,,,,,,,,,,,,,,,,,,,,,,,,,,,,,,,
tlm,credit_return,389669,1558676000,75,75,,,,3,156576,1,0,,,,,116,117,,,,,,,,,,,,,,,,,,,,,,,,,,,,,,,,,,,,,,
rtl,credit_return,,1558678000,,,,,,2,,2,,,mover_done,,,,,,,,,,,1578,,,,,,,,,,,,,,,1,,,,,,,,,,,,,,,,
rtl,credit_return,,1558682000,,,,,,2,,2,,,credit_return,,,,,,,,,,,1581,,,,,,,,,,,,,,,1,,,,,,,,,,,,,,,,
rtl,allocator_lane_action,,1558694000,,,,,,0,,,,,,,,,,2,,,,,,1585,,0,0,,,,,,,,,,,,,0,1,0,156608,0,75,1,0,,,,,,,,
rtl,allocator_lane_action,,1558694000,,,,,,1,,,,,,,,,,2,,,,,,1586,,0,0,,,,,,,,,,,,,0,1,0,156608,0,75,1,0,,,,,,,,
rtl,allocator_lane_action,,1558694000,,,,,,2,,,,,,,,,,2,,,,,,1587,,0,0,,,,,,,,,,,,,0,1,0,156608,0,75,1,0,,,,,,,,
rtl,allocator_lane_action,,1558694000,,,,,,3,,,,,,,,,,2,,,,,,1588,,0,0,,,,,,,,,,,,,0,1,0,156608,0,75,1,0,,,,,,,,
rtl,credit_return,,1558714000,,,,,,3,,3,,,mover_done,,,,,,,,,,,1601,,,,,,,,,,,,,,,6,,,,,,,,,,,,,,,,
rtl,credit_return,,1558718000,,,,,,3,,3,,,credit_return,,,,,,,,,,,1604,,,,,,,,,,,,,,,6,,,,,,,,,,,,,,,,
rtl,allocator_decision,,1558738000,,,156624,,,,,,,,,,,,,,,,,,,1609,,,,,idle_to_fetch,15,15,15,15,0,0,0,0,0,,,,,,,,,,,,,,,,,
tlm,allocator_fetch,389688,1558752000,75,75,156592,59,15,,,,,,,,,,,,,,,,,,,,,,,,,,,,,,,,,,,,,,,,,,,,,,,,
tlm,handle_accept,389688,1558752000,75,75,156592,,,0,156592,1,1,254,,,,,,,,,,,,,,,,,,,,,,,,,,,,,,,,,,,,,,,,,,,
tlm,ticket_pop,389688,1558752000,75,75,,,,0,156592,1,,,body,1446,1447,,,,,,,,,,,,,,,,,,,,,,,,,,,,,,,,,,,,,,,,
tlm,ticket_pop,389688,1558752000,75,75,,,,1,156592,0,,,body,1448,1449,,,,,,,,,,,,,,,,,,,,,,,,,,,,,,,,,,,,,,,,
tlm,ticket_pop,389688,1558752000,75,75,,,,2,156592,2,,,body,1446,1447,,,,,,,,,,,,,,,,,,,,,,,,,,,,,,,,,,,,,,,,
tlm,ticket_pop,389688,1558752000,75,75,,,,3,156592,3,,,body,1446,1447,,,,,,,,,,,,,,,,,,,,,,,,,,,,,,,,,,,,,,,,
