121 121
-1.00000000 -0.98333333 -0.96666667 -0.95000000 -0.93333333 -0.91666667 -0.90000000 -0.88333333 -0.86666667 -0.85000000 -0.83333333 -0.81666667 -0.80000000 -0.78333333 -0.76666667 -0.75000000 -0.73333333 -0.71666667 -0.70000000 -0.68333333 -0.66666667 -0.65000000 -0.63333333 -0.61666667 -0.60000000 -0.58333333 -0.56666667 -0.55000000 -0.53333333 -0.51666667 -0.50000000 -0.48333333 -0.46666667 -0.45000000 -0.43333333 -0.41666667 -0.40000000 -0.38333333 -0.36666667 -0.35000000 -0.33333333 -0.31666667 -0.30000000 -0.28333333 -0.26666667 -0.25000000 -0.23333333 -0.21666667 -0.20000000 -0.18333333 -0.16666667 -0.15000000 -0.13333333 -0.11666667 -0.10000000 -0.08333333 -0.06666667 -0.05000000 -0.03333333 -0.01666667 0.00000000 0.01666667 0.03333333 0.05000000 0.06666667 0.08333333 0.10000000 0.11666667 0.13333333 0.15000000 0.16666667 0.18333333 0.20000000 0.21666667 0.23333333 0.25000000 0.26666667 0.28333333 0.30000000 0.31666667 0.33333333 0.35000000 0.36666667 0.38333333 0.40000000 0.41666667 0.43333333 0.45000000 0.46666667 0.48333333 0.50000000 0.51666667 0.53333333 0.55000000 0.56666667 0.58333333 0.60000000 0.61666667 0.63333333 0.65000000 0.66666667 0.68333333 0.70000000 0.71666667 0.73333333 0.75000000 0.76666667 0.78333333 0.80000000 0.81666667 0.83333333 0.85000000 0.86666667 0.88333333 0.90000000 0.91666667 0.93333333 0.95000000 0.96666667 0.98333333 1.00000000
0.00000000 0.00833333 0.01666667 0.02500000 0.03333333 0.04166667 0.05000000 0.05833333 0.06666667 0.07500000 0.08333333 0.09166667 0.10000000 0.10833333 0.11666667 0.12500000 0.13333333 0.14166667 0.15000000 0.15833333 0.16666667 0.17500000 0.18333333 0.19166667 0.20000000 0.20833333 0.21666667 0.22500000 0.23333333 0.24166667 0.25000000 0.25833333 0.26666667 0.27500000 0.28333333 0.29166667 0.30000000 0.30833333 0.31666667 0.32500000 0.33333333 0.34166667 0.35000000 0.35833333 0.36666667 0.37500000 0.38333333 0.39166667 0.40000000 0.40833333 0.41666667 0.42500000 0.43333333 0.44166667 0.45000000 0.45833333 0.46666667 0.47500000 0.48333333 0.49166667 0.50000000 0.50833333 0.51666667 0.52500000 0.53333333 0.54166667 0.55000000 0.55833333 0.56666667 0.57500000 0.58333333 0.59166667 0.60000000 0.60833333 0.61666667 0.62500000 0.63333333 0.64166667 0.65000000 0.65833333 0.66666667 0.67500000 0.68333333 0.69166667 0.70000000 0.70833333 0.71666667 0.72500000 0.73333333 0.74166667 0.75000000 0.75833333 0.76666667 0.77500000 0.78333333 0.79166667 0.80000000 0.80833333 0.81666667 0.82500000 0.83333333 0.84166667 0.85000000 0.85833333 0.86666667 0.87500000 0.88333333 0.89166667 0.90000000 0.90833333 0.91666667 0.92500000 0.93333333 0.94166667 0.95000000 0.95833333 0.96666667 0.97500000 0.98333333 0.99166667 1.00000000
1.000000000000e-12 1.000000000000e-12 1.000000000000e-12 1.000000000000e-12 1.000000000000e-12 1.000000000000e-12 1.000000000000e-12 1.000000000000e-12 1.000000000000e-12 1.000000000000e-12 1.000000000000e-12 1.000000000000e-12 1.000000000000e-12 1.000000000000e-12 1.000000000000e-12 1.000000000000e-12 1.000000000000e-12 1.000000000000e-12 1.000000000000e-12 1.000000000000e-12 1.000000000000e-12 1.000000000000e-12 1.000000000000e-12 1.000000000000e-12 1.000000000000e-12 1.000000000000e-12 1.000000000000e-12 1.000000000000e-12 1.000000000000e-12 1.000000000000e-12 1.000000000000e-12 1.000000000000e-12 1.000000000000e-12 1.000000000000e-12 1.000000000000e-12 1.000000000000e-12 1.000000000000e-12 1.000000000000e-12 1.000000000000e-12 3.814460052519e-11 1.719415690935e-08 5.486744274042e-06 8.270339891317e-04 1.378224480558e-02 3.576667522369e-02 5.719097462886e-02 7.768680722739e-02 9.731049210280e-02 1.161165235169e-01 1.341549618125e-01 1.514718625762e-01 1.681096691924e-01 1.841075601695e-01 1.995017571474e-01 2.143257986817e-01 2.286107841602e-01 2.423855915859e-01 2.556770724353e-01 2.685102263588e-01 2.809083581155e-01 2.928932188135e-01 3.044851332592e-01 3.157031149808e-01 3.265649702986e-01 3.370873926377e-01 3.472860481356e-01 3.571756534669e-01 3.667700466987e-01 3.760822518943e-01 3.851245380987e-01 3.939084732687e-01 4.024449736452e-01 4.107443490113e-01 4.188163442303e-01 4.266701774164e-01 4.343145750508e-01 4.417578043265e-01 4.490077029716e-01 4.560717067797e-01 4.629568750483e-01 4.696699141102e-01 4.762171991211e-01 4.826047942538e-01 4.888384714315e-01 4.949237277240e-01 5.008658015154e-01 5.066696875443e-01 5.123401509059e-01 5.178817401001e-01 5.232987992001e-01 5.285954792090e-01 5.337757486683e-01 5.388434035740e-01 5.438020766539e-01 5.486552460512e-01 5.534062434612e-01 5.580582617585e-01 5.626143621527e-01 5.670774809063e-01 5.714504356446e-01 5.757359312881e-01 5.799365656318e-01 5.840548345962e-01 5.880931371729e-01 5.920537800847e-01 5.959389821792e-01 5.997508785737e-01 6.034915245683e-01 6.071628993409e-01 6.107669094387e-01 6.143053920801e-01 6.177801182776e-01 6.211927957930e-01 6.245450719364e-01 6.278385362176e-01 6.310747228592e-01 6.342551131794e-01 6.373811378531e-01 6.404541790577e-01 6.434755725110e-01 6.464466094068e-01
1.000000000000e-12 1.000000000000e-12 1.000000000000e-12 1.000000000000e-12 1.000000000000e-12 1.000000000000e-12 1.000000000000e-12 1.000000000000e-12 1.000000000000e-12 1.000000000000e-12 1.000000000000e-12 1.000000000000e-12 1.000000000000e-12 1.000000000000e-12 1.000000000000e-12 1.000000000000e-12 1.000000000000e-12 1.000000000000e-12 1.000000000000e-12 1.000000000000e-12 1.000000000000e-12 1.000000000000e-12 1.000000000000e-12 1.000000000000e-12 1.000000000000e-12 1.000000000000e-12 1.000000000000e-12 1.000000000000e-12 1.000000000000e-12 1.000000000000e-12 1.000000000000e-12 1.000000000000e-12 1.000000000000e-12 1.000000000000e-12 1.000000000000e-12 1.000000000000e-12 1.000000000000e-12 1.000000000000e-12 1.000000000000e-12 3.847410970317e-11 1.733956131750e-08 5.530755280648e-06 8.322269717718e-04 1.381411005351e-02 3.580069317899e-02 5.722426165808e-02 7.771937075840e-02 9.734236279338e-02 1.161477302348e-01 1.341855316586e-01 1.515018210254e-01 1.681390402210e-01 1.841363663706e-01 1.995300198353e-01 2.143535379865e-01 2.286380191140e-01 2.424123402013e-01 2.557033517767e-01 2.685360526081e-01 2.809337466317e-01 2.929181841878e-01 3.045096893651e-01 3.157272750205e-01 3.265887468456e-01 3.371107976761e-01 3.473090930965e-01 3.571983492617e-01 3.667924037503e-01 3.761042801657e-01 3.851462471199e-01 3.939298721610e-01 4.024660711446e-01 4.107651534899e-01 4.188368637160e-01 4.266904196118e-01 4.343345473503e-01 4.417775138325e-01 4.490271565100e-01 4.560909109137e-01 4.629758360920e-01 4.696886381409e-01 4.762356919910e-01 4.826230616009e-01 4.888565186900e-01 4.949415601342e-01 5.008834241326e-01 5.066871052473e-01 5.123573684054e-01 5.178987619463e-01 5.233156297896e-01 5.286121227919e-01 5.337922093546e-01 5.388596853399e-01 5.438181833470e-01 5.486711813965e-01 5.534220110660e-01 5.580738651174e-01 5.626298046523e-01 5.670927658293e-01 5.714655661744e-01 5.757509105127e-01 5.799513965472e-01 5.840695201105e-01 5.881076801094e-01 5.920681831853e-01 5.959532481073e-01 5.997650099176e-01 6.035055238437e-01 6.071767689932e-01 6.107806518465e-01 6.143190095570e-01 6.177936130745e-01 6.212061701006e-01 6.245583278874e-01 6.278516758883e-01 6.310877482719e-01 6.342680263041e-01 6.373939406091e-01 6.404668733159e-01 6.434881600947e-01 6.464590920939e-01
1.000000000000e-12 1.000000000000e-12 1.000000000000e-12 1.000000000000e-12 1.000000000000e-12 1.000000000000e-12 1.000000000000e-12 1.000000000000e-12 1.000000000000e-12 1.000000000000e-12 1.000000000000e-12 1.000000000000e-12 1.000000000000e-12 1.000000000000e-12 1.000000000000e-12 1.000000000000e-12 1.000000000000e-12 1.000000000000e-12 1.000000000000e-12 1.000000000000e-12 1.000000000000e-12 1.000000000000e-12 1.000000000000e-12 1.000000000000e-12 1.000000000000e-12 1.000000000000e-12 1.000000000000e-12 1.000000000000e-12 1.000000000000e-12 1.000000000000e-12 1.000000000000e-12 1.000000000000e-12 1.000000000000e-12 1.000000000000e-12 1.000000000000e-12 1.000000000000e-12 1.000000000000e-12 1.000000000000e-12 1.000000000000e-12 3.950274798627e-11 1.779328672817e-08 5.667942744916e-06 8.483348524277e-04 1.391196629404e-02 3.590504190095e-02 5.732636706489e-02 7.781925688313e-02 9.744012368342e-02 1.162434544396e-01 1.342793023082e-01 1.515937162620e-01 1.682291335902e-01 1.842247271750e-01 1.996167134548e-01 2.144386261686e-01 2.287215602382e-01 2.424943895197e-01 2.557839616334e-01 2.686152726397e-01 2.810116239509e-01 2.929947635517e-01 3.045850133295e-01 3.158013840823e-01 3.266616795731e-01 3.371825908297e-01 3.473797817400e-01 3.572679668652e-01 3.668609822851e-01 3.761718501927e-01 3.852128378711e-01 3.939955116157e-01 4.025307861000e-01 4.108289696264e-01 4.188998056589e-01 4.267525109879e-01 4.343958108414e-01 4.418379712250e-01 4.490868287416e-01 4.561498181167e-01 4.630339976342e-01 4.697460726638e-01 4.762924174457e-01 4.826790952817e-01 4.889118772663e-01 4.949962596798e-01 5.009374801541e-01 5.067405327105e-01 5.124101817598e-01 5.179509751489e-01 5.233672563270e-01 5.286631757011e-01 5.338427012429e-01 5.389096284033e-01 5.438675893882e-01 5.487200618415e-01 5.534703769800e-01 5.581217272198e-01 5.626771733310e-01 5.671396511541e-01 5.715119779101e-01 5.757968581310e-01 5.799968892386e-01 5.841145667951e-01 5.881522894476e-01 5.921123635875e-01 5.959970077438e-01 5.998083567274e-01 6.035484655430e-01 6.072193130843e-01 6.108228056248e-01 6.143607801191e-01 6.178350073253e-01 6.212471947598e-01 6.245989894965e-01 6.278919808167e-01 6.311277027226e-01 6.343076363199e-01 6.374332120778e-01 6.405058119754e-01 6.435267715387e-01 6.464973817759e-01
1.000000000000e-12 1.000000000000e-12 1.000000000000e-12 1.000000000000e-12 1.000000000000e-12 1.000000000000e-12 1.000000000000e-12 1.000000000000e-12 1.000000000000e-12 1.000000000000e-12 1.000000000000e-12 1.000000000000e-12 1.000000000000e-12 1.000000000000e-12 1.000000000000e-12 1.000000000000e-12 1.000000000000e-12 1.000000000000e-12 1.000000000000e-12 1.000000000000e-12 1.000000000000e-12 1.000000000000e-12 1.000000000000e-12 1.000000000000e-12 1.000000000000e-12 1.000000000000e-12 1.000000000000e-12 1.000000000000e-12 1.000000000000e-12 1.000000000000e-12 1.000000000000e-12 1.000000000000e-12 1.000000000000e-12 1.000000000000e-12 1.000000000000e-12 1.000000000000e-12 1.000000000000e-12 1.000000000000e-12 1.000000000000e-12 4.132365191792e-11 1.859579454564e-08 5.910057275062e-06 8.764770200140e-04 1.407947807740e-02 3.608326174506e-02 5.750075131081e-02 7.798985082811e-02 9.760708797328e-02 1.164069403068e-01 1.344394517291e-01 1.517506626945e-01 1.683830026417e-01 1.843756372063e-01 1.997647761269e-01 2.145839469394e-01 2.288642388132e-01 2.426345202630e-01 2.559216339426e-01 2.687505712884e-01 2.811446294022e-01 2.931255522454e-01 3.047136579463e-01 3.159279537859e-01 3.267862402338e-01 3.373052052301e-01 3.475005097650e-01 3.573868656777e-01 3.669781064885e-01 3.762872519813e-01 3.853265671700e-01 3.941076162104e-01 4.026413117567e-01 4.109379602045e-01 4.190073032154e-01 4.268585558747e-01 4.345004417964e-01 4.419412254569e-01 4.491887420094e-01 4.562504248042e-01 4.631333308193e-01 4.698441641841e-01 4.763892979596e-01 4.827747943259e-01 4.890064233100e-01 4.950896801753e-01 5.010298015850e-01 5.068317806364e-01 5.125003808589e-01 5.180401492583e-01 5.234554284801e-01 5.287503681636e-01 5.339289355465e-01 5.389949253775e-01 5.439519691906e-01 5.488035439865e-01 5.535529803655e-01 5.582034701534e-01 5.627580735539e-01 5.672197258646e-01 5.715912437851e-01 5.758753313473e-01 5.800745854923e-01 5.841915013209e-01 5.882284770362e-01 5.921878186031e-01 5.960717441402e-01 5.998823880635e-01 6.036218049975e-01 6.072919734697e-01 6.108947994012e-01 6.144321194066e-01 6.179057039165e-01 6.213172601315e-01 6.246684348206e-01 6.279608169713e-01 6.311959403020e-01 6.343752856442e-01 6.375002832028e-01 6.405723147011e-01 6.435927154179e-01 6.465627761227e-01
1.000000000000e-12 1.000000000000e-12 1.000000000000e-12 1.000000000000e-12 1.000000000000e-12 1.000000000000e-12 1.000000000000e-12 1.000000000000e-12 1.000000000000e-12 1.000000000000e-12 1.000000000000e-12 1.000000000000e-12 1.000000000000e-12 1.000000000000e-12 1.000000000000e-12 1.000000000000e-12 1.000000000000e-12 1.000000000000e-12 1.000000000000e-12 1.000000000000e-12 1.000000000000e-12 1.000000000000e-12 1.000000000000e-12 1.000000000000e-12 1.000000000000e-12 1.000000000000e-12 1.000000000000e-12 1.000000000000e-12 1.000000000000e-12 1.000000000000e-12 1.000000000000e-12 1.000000000000e-12 1.000000000000e-12 1.000000000000e-12 1.000000000000e-12 1.000000000000e-12 1.000000000000e-12 1.000000000000e-12 1.000000000000e-12 4.408463695858e-11 1.981102146377e-08 6.275446775827e-06 9.182855597396e-04 1.432069110138e-02 3.633902541720e-02 5.775100165779e-02 7.823466184931e-02 9.784669025383e-02 1.166415508732e-01 1.346692743248e-01 1.519758888383e-01 1.686038125865e-01 1.845922008060e-01 1.999772536210e-01 2.147924896651e-01 2.290689898530e-01 2.428356150342e-01 2.561192007353e-01 2.689447317571e-01 2.813354990155e-01 2.933132406986e-01 3.048982695396e-01 3.161095877728e-01 3.269649911415e-01 3.374811631549e-01 3.476737606448e-01 3.575574915441e-01 3.671461857002e-01 3.764528594399e-01 3.854897745205e-01 3.942684920273e-01 4.027999217171e-01 4.110943672488e-01 4.191615676975e-01 4.270107357015e-01 4.346505925588e-01 4.420894005515e-01 4.493349927521e-01 4.563948005374e-01 4.632758790116e-01 4.699849305239e-01 4.765283264434e-01 4.829121273404e-01 4.891421017098e-01 4.952237433561e-01 5.011622875519e-01 5.069627260688e-01 5.126298211714e-01 5.181681186581e-01 5.235819600215e-01 5.288754937990e-01 5.340526861749e-01 5.391173308904e-01 5.440730585152e-01 5.489233451267e-01 5.536715204412e-01 5.583207754366e-01 5.628741695043e-01 5.673346371624e-01 5.717049943628e-01 5.759879444191e-01 5.801860835833e-01 5.843019062933e-01 5.883378101157e-01 5.922961004030e-01 5.961789946849e-01 5.999886268105e-01 6.037270508590e-01 6.073962448325e-01 6.109981141460e-01 6.145344949265e-01 6.180071571344e-01 6.214178075171e-01 6.247680924063e-01 6.280596003677e-01 6.312938647123e-01 6.344723658786e-01 6.375965336916e-01 6.406677495077e-01 6.436873482514e-01 6.466566203493e-01
1.000000000000e-12 1.000000000000e-12 1.000000000000e-12 1.000000000000e-12 1.000000000000e-12 1.000000000000e-12 1.000000000000e-12 1.000000000000e-12 1.000000000000e-12 1.000000000000e-12 1.000000000000e-12 1.000000000000e-12 1.000000000000e-12 1.000000000000e-12 1.000000000000e-12 1.000000000000e-12 1.000000000000e-12 1.000000000000e-12 1.000000000000e-12 1.000000000000e-12 1.000000000000e-12 1.000000000000e-12 1.000000000000e-12 1.000000000000e-12 1.000000000000e-12 1.000000000000e-12 1.000000000000e-12 1.000000000000e-12 1.000000000000e-12 1.000000000000e-12 1.000000000000e-12 1.000000000000e-12 1.000000000000e-12 1.000000000000e-12 1.000000000000e-12 1.000000000000e-12 1.000000000000e-12 1.000000000000e-12 1.000000000000e-12 4.800792611564e-11 2.153471351493e-08 6.791290280031e-06 9.760316219569e-04 1.464004018223e-02 3.667613951069e-02 5.808083378241e-02 7.855732481204e-02 9.816248805260e-02 1.169507695512e-01 1.349721824175e-01 1.522727387691e-01 1.688948419305e-01 1.848776334319e-01 2.002573007256e-01 2.150673507122e-01 2.293388534265e-01 2.431006596153e-01 2.563795954115e-01 2.692006368700e-01 2.815870667535e-01 2.935606156410e-01 3.051415891550e-01 3.163489828783e-01 3.272005863247e-01 3.377130771634e-01 3.479021067455e-01 3.577823778554e-01 3.673677154994e-01 3.766711314479e-01 3.857048831661e-01 3.944805276922e-01 4.030089709642e-01 4.113005130341e-01 4.193648895679e-01 4.272113099792e-01 4.348484925128e-01 4.422846965586e-01 4.495277524475e-01 4.565850889546e-01 4.634637587146e-01 4.701704617307e-01 4.767115671414e-01 4.830931333958e-01 4.893209269694e-01 4.954004397435e-01 5.013369051583e-01 5.071353132379e-01 5.128004245800e-01 5.183367833916e-01 5.237487296456e-01 5.290404104273e-01 5.342157905325e-01 5.392786623745e-01 5.442326552522e-01 5.490812440261e-01 5.538277572469e-01 5.584753847756e-01 5.630271849326e-01 5.674860912087e-01 5.718549185703e-01 5.761363693846e-01 5.803330389946e-01 5.844474209653e-01 5.884819120239e-01 5.924388167159e-01 5.963203517948e-01 6.001286503628e-01 6.038657657800e-01 6.075336753561e-01 6.111342838391e-01 6.146694267132e-01 6.181408733194e-01 6.215503298077e-01 6.248994419333e-01 6.281897977058e-01 6.314229298996e-01 6.346003184350e-01 6.377233926364e-01 6.407935333768e-01 6.438120751131e-01 6.467803078205e-01
1.000000000000e-12 1.000000000000e-12 1.000000000000e-12 1.000000000000e-12 1.000000000000e-12 1.000000000000e-12 1.000000000000e-12 1.000000000000e-12 1.000000000000e-12 1.000000000000e-12 1.000000000000e-12 1.000000000000e-12 1.000000000000e-12 1.000000000000e-12 1.000000000000e-12 1.000000000000e-12 1.000000000000e-12 1.000000000000e-12 1.000000000000e-12 1.000000000000e-12 1.000000000000e-12 1.000000000000e-12 1.000000000000e-12 1.000000000000e-12 1.000000000000e-12 1.000000000000e-12 1.000000000000e-12 1.000000000000e-12 1.000000000000e-12 1.000000000000e-12 1.000000000000e-12 1.000000000000e-12 1.000000000000e-12 1.000000000000e-12 1.000000000000e-12 1.000000000000e-12 1.000000000000e-12 1.000000000000e-12 1.000000000000e-12 5.342090911772e-11 2.390734434017e-08 7.496999689047e-06 1.052794538405e-03 1.504234001700e-02 3.709854546008e-02 5.849409305653e-02 7.896160144594e-02 9.855816306223e-02 1.173382013315e-01 1.353517074268e-01 1.526446732782e-01 1.692594836061e-01 1.852352627675e-01 2.006081823380e-01 2.154117345169e-01 2.296769757075e-01 2.434327439984e-01 2.567058537528e-01 2.695212700674e-01 2.819022654900e-01 2.938705610652e-01 3.054464535067e-01 3.166489300631e-01 3.274957724430e-01 3.380036509986e-01 3.481882102140e-01 3.580641464229e-01 3.676452785658e-01 3.769446127046e-01 3.859744009263e-01 3.947461951987e-01 4.032708966748e-01 4.115588008877e-01 4.196196392317e-01 4.274626170799e-01 4.350964488522e-01 4.425293903146e-01 4.497692683625e-01 4.568235085117e-01 4.636991603027e-01 4.704029207989e-01 4.769411563446e-01 4.833199227306e-01 4.895449839025e-01 4.956218293323e-01 5.015556901637e-01 5.073515542315e-01 5.130141800450e-01 5.185481098172e-01 5.239576816170e-01 5.292470407101e-01 5.344201501529e-01 5.394808006947e-01 5.444326200421e-01 5.492790815310e-01 5.540235122517e-01 5.586691006658e-01 5.632189037517e-01 5.676758537134e-01 5.720427642819e-01 5.763223366391e-01 5.805171649892e-01 5.846297418031e-01 5.886624627564e-01 5.926176313838e-01 5.964974634658e-01 6.003040911690e-01 6.040395669525e-01 6.077058672584e-01 6.113048959992e-01 6.148384878537e-01 6.183084113866e-01 6.217163719992e-01 6.250640147249e-01 6.283529268764e-01 6.315846405557e-01 6.347606350337e-01 6.378823390078e-01 6.409511327450e-01 6.439683501169e-01 6.469352805326e-01
1.000000000000e-12 1.000000000000e-12 1.000000000000e-12 1.000000000000e-12 1.000000000000e-12 1.000000000000e-12 1.000000000000e-12 1.000000000000e-12 1.000000000000e-12 1.000000000000e-12 1.000000000000e-12 1.000000000000e-12 1.000000000000e-12 1.000000000000e-12 1.000000000000e-12 1.000000000000e-12 1.000000000000e-12 1.000000000000e-12 1.000000000000e-12 1.000000000000e-12 1.000000000000e-12 1.000000000000e-12 1.000000000000e-12 1.000000000000e-12 1.000000000000e-12 1.000000000000e-12 1.000000000000e-12 1.000000000000e-12 1.000000000000e-12 1.000000000000e-12 1.000000000000e-12 1.000000000000e-12 1.000000000000e-12 1.000000000000e-12 1.000000000000e-12 1.000000000000e-12 1.000000000000e-12 1.000000000000e-12 1.000000000000e-12 6.080420815964e-11 2.713417681819e-08 8.449401409220e-06 1.152684531195e-03 1.553275643352e-02 3.761031988051e-02 5.899475544902e-02 7.945138123061e-02 9.903752200713e-02 1.178075736317e-01 1.358115007005e-01 1.530952706865e-01 1.697012457710e-01 1.856685295062e-01 2.010332742325e-01 2.158289543393e-01 2.300866097150e-01 2.438350631129e-01 2.571011146373e-01 2.699097161090e-01 2.822841277004e-01 2.942460589054e-01 3.058157956446e-01 3.170123150697e-01 3.278533894337e-01 3.383556802238e-01 3.485348236050e-01 3.584055080958e-01 3.679815452884e-01 3.772759343283e-01 3.863009207873e-01 3.950680504903e-01 4.035882187933e-01 4.118717157545e-01 4.199282675935e-01 4.277670747882e-01 4.353968471243e-01 4.428258359779e-01 4.500618640821e-01 4.571123530041e-01 4.639843485357e-01 4.706845441790e-01 4.772193028929e-01 4.835946772478e-01 4.898164281244e-01 4.958900420753e-01 5.018207474626e-01 5.076135294689e-01 5.132731440727e-01 5.188041310719e-01 5.242108262284e-01 5.294973726036e-01 5.346677311464e-01 5.397256905905e-01 5.446748767132e-01 5.495187610034e-01 5.542606687823e-01 5.589037868159e-01 5.634511704569e-01 5.679057503502e-01 5.722703387305e-01 5.765476353432e-01 5.807402330131e-01 5.848506228855e-01 5.888811993624e-01 5.928342647531e-01 5.967120336602e-01 6.005166371163e-01 6.042501264890e-01 6.079144771697e-01 6.115115920580e-01 6.150433048575e-01 6.185113831921e-01 6.219175315565e-01 6.252633941091e-01 6.285505573186e-01 6.317805524724e-01 6.349548580545e-01 6.380749020028e-01 6.411420638502e-01 6.441576767590e-01 6.471230294527e-01
1.000000000000e-12 1.000000000000e-12 1.000000000000e-12 1.000000000000e-12 1.000000000000e-12 1.000000000000e-12 1.000000000000e-12 1.000000000000e-12 1.000000000000e-12 1.000000000000e-12 1.000000000000e-12 1.000000000000e-12 1.000000000000e-12 1.000000000000e-12 1.000000000000e-12 1.000000000000e-12 1.000000000000e-12 1.000000000000e-12 1.000000000000e-12 1.000000000000e-12 1.000000000000e-12 1.000000000000e-12 1.000000000000e-12 1.000000000000e-12 1.000000000000e-12 1.000000000000e-12 1.000000000000e-12 1.000000000000e-12 1.000000000000e-12 1.000000000000e-12 1.000000000000e-12 1.000000000000e-12 1.000000000000e-12 1.000000000000e-12 1.000000000000e-12 1.000000000000e-12 1.000000000000e-12 1.000000000000e-12 1.000000000000e-12 7.086754296162e-11 3.151671101586e-08 9.730683258766e-06 1.281130454736e-03 1.611675732108e-02 3.821567429174e-02 5.958692799987e-02 8.003068186367e-02 9.960449710171e-02 1.183627367452e-01 1.363553339545e-01 1.536282272754e-01 1.702237522308e-01 1.861809877648e-01 2.015360634674e-01 2.163224326624e-01 2.305711157049e-01 2.443109172102e-01 2.575686204170e-01 2.703691614443e-01 2.827357858266e-01 2.946901893962e-01 3.062526453077e-01 3.174421187705e-01 3.282763708535e-01 3.387720525589e-01 3.489447902119e-01 3.588092630874e-01 3.683792740861e-01 3.776678141731e-01 3.866871212141e-01 3.954487337681e-01 4.039635403348e-01 4.122418244968e-01 4.202933063530e-01 4.281271805915e-01 4.357521515169e-01 4.431764653128e-01 4.504079397892e-01 4.574539918432e-01 4.643216628325e-01 4.710176420471e-01 4.775482884416e-01 4.839196507777e-01 4.901374863105e-01 4.962072781401e-01 5.021342513385e-01 5.079233879508e-01 5.135794409629e-01 5.191069473156e-01 5.245102400424e-01 5.297934595974e-01 5.349605644370e-01 5.400153409105e-01 5.449614125137e-01 5.498022485507e-01 5.545411722502e-01 5.591813683726e-01 5.637258903481e-01 5.681776669773e-01 5.725395087250e-01 5.768141136377e-01 5.810040729086e-01 5.851118761154e-01 5.891399161531e-01 5.930904938824e-01 5.969658225121e-01 6.007680317337e-01 6.044991716240e-01 6.081612163312e-01 6.117560675575e-01 6.152855578524e-01 6.187514537277e-01 6.221554586051e-01 6.254992156086e-01 6.287843102085e-01 6.320122727284e-01 6.351845807221e-01 6.383026612288e-01 6.413678929133e-01 6.443816080989e-01 6.473450946981e-01
1.000000000000e-12 1.000000000000e-12 1.000000000000e-12 1.000000000000e-12 1.000000000000e-12 1.000000000000e-12 1.000000000000e-12 1.000000000000e-12 1.000000000000e-12 1.000000000000e-12 1.000000000000e-12 1.000000000000e-12 1.000000000000e-12 1.000000000000e-12 1.000000000000e-12 1.000000000000e-12 1.000000000000e-12 1.000000000000e-12 1.000000000000e-12 1.000000000000e-12 1.000000000000e-12 1.000000000000e-12 1.000000000000e-12 1.000000000000e-12 1.000000000000e-12 1.000000000000e-12 1.000000000000e-12 1.000000000000e-12 1.000000000000e-12 1.000000000000e-12 1.000000000000e-12 1.000000000000e-12 1.000000000000e-12 1.000000000000e-12 1.000000000000e-12 1.000000000000e-12 1.000000000000e-12 1.000000000000e-12 1.000000000000e-12 8.467122515866e-11 3.750266209959e-08 1.146071099975e-05 1.445242238378e-03 1.680004460924e-02 3.891895425198e-02 6.027484881507e-02 8.070364926060e-02 1.002631460502e-01 1.190076638406e-01 1.369870992724e-01 1.542473572870e-01 1.708307424382e-01 1.867763050837e-01 2.021201483840e-01 2.168957011917e-01 2.311339611700e-01 2.448637118634e-01 2.581117169184e-01 2.709028942129e-01 2.832604722771e-01 2.952061310725e-01 3.067601289238e-01 3.179414171669e-01 3.287677438786e-01 3.392557478805e-01 3.494210440669e-01 3.592783009750e-01 3.688413114082e-01 3.781230568287e-01 3.871357661500e-01 3.958909694907e-01 4.043995473852e-01 4.126717758937e-01 4.207173680048e-01 4.285455116804e-01 4.361649048580e-01 4.435837876888e-01 4.508099722643e-01 4.578508700558e-01 4.647135172703e-01 4.714045983044e-01 4.779304674611e-01 4.842971690774e-01 4.905104561970e-01 4.965758079089e-01 5.024984454629e-01 5.082833472599e-01 5.139352628086e-01 5.194587257312e-01 5.248580658916e-01 5.301374207150e-01 5.353007457621e-01 5.403518246125e-01 5.452942781113e-01 5.501315730250e-01 5.548670301510e-01 5.595038319203e-01 5.640450295294e-01 5.684935496362e-01 5.728522006500e-01 5.771236786435e-01 5.813105729144e-01 5.854153712191e-01 5.894404647024e-01 5.933881525418e-01 5.972606463271e-01 6.010600741920e-01 6.047884847136e-01 6.084478505958e-01 6.120400721500e-01 6.155669805850e-01 6.190303411203e-01 6.224318559317e-01 6.257731669412e-01 6.290558584592e-01 6.322814596900e-01 6.354514471065e-01 6.385672467038e-01 6.416302361386e-01 6.446417467592e-01 6.476030655363e-01
1.000000000000e-12 1.000000000000e-12 1.000000000000e-12 1.000000000000e-12 1.000000000000e-12 1.000000000000e-12 1.000000000000e-12 1.000000000000e-12 1.000000000000e-12 1.000000000000e-12 1.000000000000e-12 1.000000000000e-12 1.000000000000e-12 1.000000000000e-12 1.000000000000e-12 1.000000000000e-12 1.000000000000e-12 1.000000000000e-12 1.000000000000e-12 1.000000000000e-12 1.000000000000e-12 1.000000000000e-12 1.000000000000e-12 1.000000000000e-12 1.000000000000e-12 1.000000000000e-12 1.000000000000e-12 1.000000000000e-12 1.000000000000e-12 1.000000000000e-12 1.000000000000e-12 1.000000000000e-12 1.000000000000e-12 1.000000000000e-12 1.000000000000e-12 1.000000000000e-12 1.000000000000e-12 1.000000000000e-12 1.000000000000e-12 1.038241429316e-10 4.576670605744e-08 1.381635833288e-05 1.654251075646e-03 1.758847139086e-02 3.972463794426e-02 6.106288652774e-02 8.147455703214e-02 1.010176515351e-01 1.197464504613e-01 1.377108086152e-01 1.549565924429e-01 1.715260710224e-01 1.874582619643e-01 2.027892381537e-01 2.175524004101e-01 2.317787204026e-01 2.454969575383e-01 2.587338530201e-01 2.715143038301e-01 2.838615190194e-01 2.957971603691e-01 3.073414692155e-01 3.185133810023e-01 3.293306289229e-01 3.398098378460e-01 3.499666095714e-01 3.598156003355e-01 3.693705913753e-01 3.786445532668e-01 3.876497046688e-01 3.963975660306e-01 4.048990087626e-01 4.131643003076e-01 4.212031455088e-01 4.290247246236e-01 4.366377282953e-01 4.440503897651e-01 4.512705145733e-01 4.583055079762e-01 4.651624002803e-01 4.718478702768e-01 4.783682669401e-01 4.847296295383e-01 4.909377062909e-01 4.969979716922e-01 5.029156426135e-01 5.086956932807e-01 5.143428692201e-01 5.198617002516e-01 5.252565126084e-01 5.305314402460e-01 5.356904354082e-01 5.407372785016e-01 5.456755873349e-01 5.505088257675e-01 5.552403118120e-01 5.598732252307e-01 5.644106146613e-01 5.688554043076e-01 5.732104002237e-01 5.774782962214e-01 5.816616794272e-01 5.857630355112e-01 5.897847536131e-01 5.937291309822e-01 5.975983773538e-01 6.013946190768e-01 6.051199030107e-01 6.087762002050e-01 6.123654093775e-01 6.158893602013e-01 6.193498164157e-01 6.227484787691e-01 6.260869878066e-01 6.293669265100e-01 6.325898228013e-01 6.357571519151e-01 6.388703386508e-01 6.419307595097e-01 6.449397447239e-01 6.478985801846e-01
1.000000000000e-12 1.000000000000e-12 1.000000000000e-12 1.000000000000e-12 1.000000000000e-12 1.000000000000e-12 1.000000000000e-12 1.000000000000e-12 1.000000000000e-12 1.000000000000e-12 1.000000000000e-12 1.000000000000e-12 1.000000000000e-12 1.000000000000e-12 1.000000000000e-12 1.000000000000e-12 1.000000000000e-12 1.000000000000e-12 1.000000000000e-12 1.000000000000e-12 1.000000000000e-12 1.000000000000e-12 1.000000000000e-12 1.000000000000e-12 1.000000000000e-12 1.000000000000e-12 1.000000000000e-12 1.000000000000e-12 1.000000000000e-12 1.000000000000e-12 1.000000000000e-12 1.000000000000e-12 1.000000000000e-12 1.000000000000e-12 1.000000000000e-12 1.000000000000e-12 1.000000000000e-12 1.000000000000e-12 1.000000000000e-12 1.308127281093e-10 5.734335435534e-08 1.706226046395e-05 1.920015079119e-03 1.848795121505e-02 4.063733426082e-02 6.195553916769e-02 8.234780538228e-02 1.018723201390e-01 1.205833134693e-01 1.385305927863e-01 1.557599809306e-01 1.723137067947e-01 1.882307508948e-01 2.035471518213e-01 2.182962786394e-01 2.325090735732e-01 2.462142686880e-01 2.594385797636e-01 2.722068801126e-01 2.845423567208e-01 2.964666507755e-01 3.079999843693e-01 3.191612749440e-01 3.299682388338e-01 3.404374851020e-01 3.505846007158e-01 3.604242279777e-01 3.699701350228e-01 3.792352800960e-01 3.882318702395e-01 3.969714149504e-01 4.054647753032e-01 4.137222089796e-01 4.217534115963e-01 4.295675546828e-01 4.371733206204e-01 4.445789348227e-01 4.517921954095e-01 4.588205005965e-01 4.656708740067e-01 4.723499880816e-01 4.788641857596e-01 4.852195005674e-01 4.914216752594e-01 4.974761791253e-01 5.033882240768e-01 5.091627796108e-01 5.148045867417e-01 5.203181709833e-01 5.257078544554e-01 5.309777671836e-01 5.361318576542e-01 5.411739026797e-01 5.461075166293e-01 5.509361600695e-01 5.556631478582e-01 5.602916567347e-01 5.648247324384e-01 5.692652963931e-01 5.736161519851e-01 5.778799904653e-01 5.820593965003e-01 5.861568533973e-01 5.901747480245e-01 5.941153754474e-01 5.979809433003e-01 6.017735759106e-01 6.054953181919e-01 6.091481393197e-01 6.127339362067e-01 6.162545367866e-01 6.197117031219e-01 6.231071343440e-01 6.264424694383e-01 6.297192898818e-01 6.329391221437e-01 6.361034400563e-01 6.392136670643e-01 6.422711783604e-01 6.452773029120e-01 6.482333253877e-01
1.000000000000e-12 1.000000000000e-12 1.000000000000e-12 1.000000000000e-12 1.000000000000e-12 1.000000000000e-12 1.000000000000e-12 1.000000000000e-12 1.000000000000e-12 1.000000000000e-12 1.000000000000e-12 1.000000000000e-12 1.000000000000e-12 1.000000000000e-12 1.000000000000e-12 1.000000000000e-12 1.000000000000e-12 1.000000000000e-12 1.000000000000e-12 1.000000000000e-12 1.000000000000e-12 1.000000000000e-12 1.000000000000e-12 1.000000000000e-12 1.000000000000e-12 1.000000000000e-12 1.000000000000e-12 1.000000000000e-12 1.000000000000e-12 1.000000000000e-12 1.000000000000e-12 1.000000000000e-12 1.000000000000e-12 1.000000000000e-12 1.000000000000e-12 1.000000000000e-12 1.000000000000e-12 1.000000000000e-12 1.000000000000e-12 1.695591897162e-10 7.384998888460e-08 2.160043332675e-05 2.257548995778e-03 1.950436910825e-02 4.166178041738e-02 6.295743237887e-02 8.332791936717e-02 1.028315806400e-01 1.215225893766e-01 1.394506997975e-01 1.566616858015e-01 1.731977311780e-01 1.890977748092e-01 2.043978167939e-01 2.191311905570e-01 2.333288052741e-01 2.470193623228e-01 2.602295489487e-01 2.729842118979e-01 2.853065133911e-01 2.972180715013e-01 3.087390867226e-01 3.198884562916e-01 3.306838776203e-01 3.411419420324e-01 3.512782198473e-01 3.611073377284e-01 3.706430491056e-01 3.798982983835e-01 3.888852795663e-01 3.976154898582e-01 4.060997787335e-01 4.143483929177e-01 4.223710176723e-01 4.301768147308e-01 4.377744572010e-01 4.451721617115e-01 4.523777180529e-01 4.593985165394e-01 4.662415732921e-01 4.729135536260e-01 4.794207937047e-01 4.857693206107e-01 4.919648709648e-01 4.980129082152e-01 5.039186387068e-01 5.096870266288e-01 5.153228079319e-01 5.208305032963e-01 5.262144302256e-01 5.314787143342e-01 5.366272998909e-01 5.416639596747e-01 5.465923041944e-01 5.514157903200e-01 5.561377293692e-01 5.607612946883e-01 5.652895287637e-01 5.697253498987e-01 5.740715584856e-01 5.783308429008e-01 5.825057850503e-01 5.865988655890e-01 5.906124688357e-01 5.945488874046e-01 5.984103265722e-01 6.021989083969e-01 6.059166756082e-01 6.095655952785e-01 6.131475622943e-01 6.166644026370e-01 6.201178764872e-01 6.235096811614e-01 6.268414538945e-01 6.301147744743e-01 6.333311677398e-01 6.364921059489e-01 6.395990110263e-01 6.426532566956e-01 6.456561705049e-01 6.486090357506e-01
1.000000000000e-12 1.000000000000e-12 1.000000000000e-12 1.000000000000e-12 1.000000000000e-12 1.000000000000e-12 1.000000000000e-12 1.000000000000e-12 1.000000000000e-12 1.000000000000e-12 1.000000000000e-12 1.000000000000e-12 1.000000000000e-12 1.000000000000e-12 1.000000000000e-12 1.000000000000e-12 1.000000000000e-12 1.000000000000e-12 1.000000000000e-12 1.000000000000e-12 1.000000000000e-12 1.000000000000e-12 1.000000000000e-12 1.000000000000e-12 1.000000000000e-12 1.000000000000e-12 1.000000000000e-12 1.000000000000e-12 1.000000000000e-12 1.000000000000e-12 1.000000000000e-12 1.000000000000e-12 1.000000000000e-12 1.000000000000e-12 1.000000000000e-12 1.000000000000e-12 1.000000000000e-12 1.000000000000e-12 1.000000000000e-12 2.263902961813e-10 9.786918509315e-08 2.805144682774e-05 2.685488826460e-03 2.064350524923e-02 4.280283909798e-02 6.407331692122e-02 8.441954645232e-02 1.038999816213e-01 1.225687320041e-01 1.404754925755e-01 1.576659827240e-01 1.741823360039e-01 1.900634449269e-01 2.053452667207e-01 2.200610951148e-01 2.342418024763e-01 2.479160560036e-01 2.611105111614e-01 2.738499851069e-01 2.861576124780e-01 2.980549856033e-01 3.095622809213e-01 3.206983731645e-01 3.314809386698e-01 3.419265490031e-01 3.520507559415e-01 3.618681687303e-01 3.713925244209e-01 3.806367520029e-01 3.896130309594e-01 3.983328448028e-01 4.068070300873e-01 4.150458213361e-01 4.230588922767e-01 4.308553937324e-01 4.384439884826e-01 4.458328833710e-01 4.530298589117e-01 4.600422966179e-01 4.668772042557e-01 4.735412392025e-01 4.800407300765e-01 4.863816967829e-01 4.925698691108e-01 4.986107040024e-01 5.045094016023e-01 5.102709201884e-01 5.158999900713e-01 5.214011265477e-01 5.267786419798e-01 5.320366570689e-01 5.371791113868e-01 5.422097732196e-01 5.471322487763e-01 5.519499908106e-01 5.566663066968e-01 5.612843660021e-01 5.658072075897e-01 5.702377462877e-01 5.745787791535e-01 5.788329913620e-01 5.830029617445e-01 5.870911680019e-01 5.910999916136e-01 5.950317224634e-01 5.988885632019e-01 6.026726333604e-01 6.063859732355e-01 6.100305475574e-01 6.136082489560e-01 6.171209012382e-01 6.205702624883e-01 6.239580280018e-01 6.272858330637e-01 6.305552555807e-01 6.337678185756e-01 6.369249925534e-01 6.400281977453e-01 6.430788062390e-01 6.460781440017e-01 6.490274928017e-01
1.000000000000e-12 1.000000000000e-12 1.000000000000e-12 1.000000000000e-12 1.000000000000e-12 1.000000000000e-12 1.000000000000e-12 1.000000000000e-12 1.000000000000e-12 1.000000000000e-12 1.000000000000e-12 1.000000000000e-12 1.000000000000e-12 1.000000000000e-12 1.000000000000e-12 1.000000000000e-12 1.000000000000e-12 1.000000000000e-12 1.000000000000e-12 1.000000000000e-12 1.000000000000e-12 1.000000000000e-12 1.000000000000e-12 1.000000000000e-12 1.000000000000e-12 1.000000000000e-12 1.000000000000e-12 1.000000000000e-12 1.000000000000e-12 1.000000000000e-12 1.000000000000e-12 1.000000000000e-12 1.000000000000e-12 1.000000000000e-12 1.000000000000e-12 1.000000000000e-12 1.000000000000e-12 1.000000000000e-12 1.000000000000e-12 3.117590292361e-10 1.336187069780e-07 3.738895974727e-05 3.226335595226e-03 2.191098169726e-02 4.406549508831e-02 6.530806539079e-02 8.562745330365e-02 1.050821883304e-01 1.237263094068e-01 1.416094459496e-01 1.587772570306e-01 1.752718206182e-01 1.911319779140e-01 2.063936387081e-01 2.210900528061e-01 2.352520518460e-01 2.489082652059e-01 2.620853131847e-01 2.748079801988e-01 2.870993703649e-01 2.989810475255e-01 3.104731615005e-01 3.215945621214e-01 3.323629024052e-01 3.427947320551e-01 3.529055823312e-01 3.627100432050e-01 3.722218336049e-01 3.814538654637e-01 3.904183021961e-01 3.991266121647e-01 4.075896176272e-01 4.158175396046e-01 4.238200390620e-01 4.316062547504e-01 4.391848380204e-01 4.465639848885e-01 4.537514656043e-01 4.607546519427e-01 4.675805424244e-01 4.742357856441e-01 4.807267018707e-01 4.870593030674e-01 4.932393114642e-01 4.992721768039e-01 5.051630923709e-01 5.109170099015e-01 5.165386534658e-01 5.220325324037e-01 5.274029533880e-01 5.326540316836e-01 5.377897016652e-01 5.428137266471e-01 5.477297080810e-01 5.525410941652e-01 5.572511879108e-01 5.618631547034e-01 5.663800293972e-01 5.708047229748e-01 5.751400288033e-01 5.793886285153e-01 5.835530975399e-01 5.876359103091e-01 5.916394451605e-01 5.955659889570e-01 5.994177414431e-01 6.031968193540e-01 6.069052602947e-01 6.105450264030e-01 6.141180078122e-01 6.176260259230e-01 6.210708365002e-01 6.244541326029e-01 6.277775473587e-01 6.310426565924e-01 6.342509813177e-01 6.374039900994e-01 6.405031012951e-01 6.435496851824e-01 6.465450659792e-01 6.494905237628e-01
1.000000000000e-12 1.000000000000e-12 1.000000000000e-12 1.000000000000e-12 1.000000000000e-12 1.000000000000e-12 1.000000000000e-12 1.000000000000e-12 1.000000000000e-12 1.000000000000e-12 1.000000000000e-12 1.000000000000e-12 1.000000000000e-12 1.000000000000e-12 1.000000000000e-12 1.000000000000e-12 1.000000000000e-12 1.000000000000e-12 1.000000000000e-12 1.000000000000e-12 1.000000000000e-12 1.000000000000e-12 1.000000000000e-12 1.000000000000e-12 1.000000000000e-12 1.000000000000e-12 1.000000000000e-12 1.000000000000e-12 1.000000000000e-12 1.000000000000e-12 1.000000000000e-12 1.000000000000e-12 1.000000000000e-12 1.000000000000e-12 1.000000000000e-12 1.000000000000e-12 1.000000000000e-12 1.000000000000e-12 1.000000000000e-12 4.433816417117e-10 1.881529694125e-07 5.116526406576e-05 3.906250000000e-03 2.331223975209e-02 4.545485130801e-02 6.666666809006e-02 8.695652174582e-02 1.063829787234e-01 1.250000000000e-01 1.428571428571e-01 1.600000000000e-01 1.764705882353e-01 1.923076923077e-01 2.075471698113e-01 2.222222222222e-01 2.363636363636e-01 2.500000000000e-01 2.631578947368e-01 2.758620689655e-01 2.881355932203e-01 3.000000000000e-01 3.114754098361e-01 3.225806451613e-01 3.333333333333e-01 3.437500000000e-01 3.538461538462e-01 3.636363636364e-01 3.731343283582e-01 3.823529411765e-01 3.913043478261e-01 4.000000000000e-01 4.084507042253e-01 4.166666666667e-01 4.246575342466e-01 4.324324324324e-01 4.400000000000e-01 4.473684210526e-01 4.545454545455e-01 4.615384615385e-01 4.683544303797e-01 4.750000000000e-01 4.814814814815e-01 4.878048780488e-01 4.939759036145e-01 5.000000000000e-01 5.058823529412e-01 5.116279069767e-01 5.172413793103e-01 5.227272727273e-01 5.280898876404e-01 5.333333333333e-01 5.384615384615e-01 5.434782608696e-01 5.483870967742e-01 5.531914893617e-01 5.578947368421e-01 5.625000000000e-01 5.670103092784e-01 5.714285714286e-01 5.757575757576e-01 5.800000000000e-01 5.841584158416e-01 5.882352941177e-01 5.922330097087e-01 5.961538461539e-01 6.000000000000e-01 6.037735849057e-01 6.074766355140e-01 6.111111111111e-01 6.146788990826e-01 6.181818181818e-01 6.216216216216e-01 6.250000000000e-01 6.283185840708e-01 6.315789473684e-01 6.347826086956e-01 6.379310344828e-01 6.410256410257e-01 6.440677966102e-01 6.470588235294e-01 6.500000000000e-01
1.000000000000e-12 1.000000000000e-12 1.000000000000e-12 1.000000000000e-12 1.000000000000e-12 1.000000000000e-12 1.000000000000e-12 1.000000000000e-12 1.000000000000e-12 1.000000000000e-12 1.000000000000e-12 1.000000000000e-12 1.000000000000e-12 1.000000000000e-12 1.000000000000e-12 1.000000000000e-12 1.000000000000e-12 1.000000000000e-12 1.000000000000e-12 1.000000000000e-12 1.000000000000e-12 1.000000000000e-12 1.000000000000e-12 1.000000000000e-12 1.000000000000e-12 1.000000000000e-12 1.000000000000e-12 1.000000000000e-12 1.000000000000e-12 1.000000000000e-12 1.000000000000e-12 1.000000000000e-12 1.000000000000e-12 1.000000000000e-12 1.000000000000e-12 1.000000000000e-12 1.000000000000e-12 1.000000000000e-12 1.161635944558e-12 6.521058068589e-10 2.735696341568e-07 7.189275004411e-05 4.754128582645e-03 2.485255062629e-02 4.697612410980e-02 6.815422797850e-02 8.841174381981e-02 1.078072386278e-01 1.263945878230e-01 1.442232697041e-01 1.613388043101e-01 1.777831414805e-01 1.935950041443e-01 2.088101927453e-01 2.234618558427e-01 2.375807311910e-01 2.511953609911e-01 2.643322844825e-01 2.770162106121e-01 2.892701731441e-01 3.011156702584e-01 3.125727904181e-01 3.236603260565e-01 3.343958764366e-01 3.447959408672e-01 3.548760033154e-01 3.646506093258e-01 3.741334360523e-01 3.833373561103e-01 3.922744958769e-01 4.009562887929e-01 4.093935241620e-01 4.175963918820e-01 4.255745235000e-01 4.333370299392e-01 4.408925362067e-01 4.482492133619e-01 4.554148079936e-01 4.623966694295e-01 4.692017748798e-01 4.758367526938e-01 4.823079038951e-01 4.886212221403e-01 4.947824122350e-01 5.007969073274e-01 5.066698848883e-01 5.124062815756e-01 5.180108070748e-01 5.234879569944e-01 5.288420248933e-01 5.340771135056e-01 5.391971452253e-01 5.442058719076e-01 5.491068840377e-01 5.539036193139e-01 5.585993706895e-01 5.631972939115e-01 5.677004145928e-01 5.721116348521e-01 5.764337395505e-01 5.806694021550e-01 5.848211902525e-01 5.888915707402e-01 5.928829147136e-01 5.967975020721e-01 6.006375258619e-01 6.044050963727e-01 6.081022450047e-01 6.117309279213e-01 6.152930295000e-01 6.187903655955e-01 6.222246866262e-01 6.255976804956e-01 6.289109753584e-01 6.321661422413e-01 6.353646975261e-01 6.385081053061e-01 6.415977796197e-01 6.446350865720e-01 6.476213463488e-01 6.505578351292e-01
1.000000000000e-12 1.000000000000e-12 1.000000000000e-12 1.000000000000e-12 1.000000000000e-12 1.000000000000e-12 1.000000000000e-12 1.000000000000e-12 1.000000000000e-12 1.000000000000e-12 1.000000000000e-12 1.000000000000e-12 1.000000000000e-12 1.000000000000e-12 1.000000000000e-12 1.000000000000e-12 1.000000000000e-12 1.000000000000e-12 1.000000000000e-12 1.000000000000e-12 1.000000000000e-12 1.000000000000e-12 1.000000000000e-12 1.000000000000e-12 1.000000000000e-12 1.000000000000e-12 1.000000000000e-12 1.000000000000e-12 1.000000000000e-12 1.000000000000e-12 1.000000000000e-12 1.000000000000e-12 1.000000000000e-12 1.000000000000e-12 1.000000000000e-12 1.000000000000e-12 1.000000000000e-12 1.000000000000e-12 1.780714744277e-12 9.931937363847e-10 4.111633671785e-07 1.036920499071e-04 5.799748687515e-03 2.653705608581e-02 4.863463768488e-02 6.977595463273e-02 8.999821587122e-02 1.093599559562e-01 1.279149568738e-01 1.457126108151e-01 1.627983585988e-01 1.792140770577e-01 1.949984217296e-01 2.101871307536e-01 2.248132949989e-01 2.389075987262e-01 2.524985344632e-01 2.656125952621e-01 2.782744470679e-01 2.905070835583e-01 3.023319654990e-01 3.137691463925e-01 3.248373859668e-01 3.355542528562e-01 3.459362176553e-01 3.559987373837e-01 3.657563322718e-01 3.752226556708e-01 3.844105577932e-01 3.933321439122e-01 4.019988275706e-01 4.104213792949e-01 4.186099712492e-01 4.265742182184e-01 4.343232152695e-01 4.418655723992e-01 4.492094464466e-01 4.563625705187e-01 4.633322811531e-01 4.701255434170e-01 4.767489741243e-01 4.832088633326e-01 4.895111942676e-01 4.956616618065e-01 5.016656896422e-01 5.075284462346e-01 5.132548596505e-01 5.188496313786e-01 5.243172492039e-01 5.296619992128e-01 5.348879769993e-01 5.399990981312e-01 5.449991079341e-01 5.498915906445e-01 5.546799779781e-01 5.593675571573e-01 5.639574784369e-01 5.684527621643e-01 5.728563054076e-01 5.771708881812e-01 5.813991792994e-01 5.855437418806e-01 5.896070385288e-01 5.935914362130e-01 5.974992108648e-01 6.013325517137e-01 6.050935653768e-01 6.087842797191e-01 6.124066474994e-01 6.159625498160e-01 6.194537993631e-01 6.228821435130e-01 6.262492672316e-01 6.295567958402e-01 6.328062976311e-01 6.359992863473e-01 6.391372235340e-01 6.422215207687e-01 6.452535417792e-01 6.482346044533e-01 6.511659827495e-01
1.000000000000e-12 1.000000000000e-12 1.000000000000e-12 1.000000000000e-12 1.000000000000e-12 1.000000000000e-12 1.000000000000e-12 1.000000000000e-12 1.000000000000e-12 1.000000000000e-12 1.000000000000e-12 1.000000000000e-12 1.000000000000e-12 1.000000000000e-12 1.000000000000e-12 1.000000000000e-12 1.000000000000e-12 1.000000000000e-12 1.000000000000e-12 1.000000000000e-12 1.000000000000e-12 1.000000000000e-12 1.000000000000e-12 1.000000000000e-12 1.000000000000e-12 1.000000000000e-12 1.000000000000e-12 1.000000000000e-12 1.000000000000e-12 1.000000000000e-12 1.000000000000e-12 1.000000000000e-12 1.000000000000e-12 1.000000000000e-12 1.000000000000e-12 1.000000000000e-12 1.000000000000e-12 1.000000000000e-12 2.833226710144e-12 1.568650514689e-09 6.394451009576e-07 1.533910499742e-04 7.070996494487e-03 2.837083006872e-02 5.043581740462e-02 7.153715714526e-02 9.172113160030e-02 1.110462139049e-01 1.295660844485e-01 1.473300419088e-01 1.643834410706e-01 1.807680794810e-01 1.965225394909e-01 2.116824915760e-01 2.262809639542e-01 2.403485827914e-01 2.539137866702e-01 2.670030184830e-01 2.796408974746e-01 2.918503737886e-01 3.036528675588e-01 3.150683943201e-01 3.261156782827e-01 3.368122548179e-01 3.471745633364e-01 3.572180315928e-01 3.669571523262e-01 3.764055530377e-01 3.855760596107e-01 3.944807543990e-01 4.031310293361e-01 4.115376345567e-01 4.197107229657e-01 4.276598911442e-01 4.353942169396e-01 4.429222940471e-01 4.502522638622e-01 4.573918448510e-01 4.643483596606e-01 4.711287601713e-01 4.777396506691e-01 4.841873093028e-01 4.904777079699e-01 4.966165307654e-01 5.026091911134e-01 5.084608476886e-01 5.141764192271e-01 5.197605983164e-01 5.252178642447e-01 5.305524949835e-01 5.357685783725e-01 5.408700225663e-01 5.458605657992e-01 5.507437855218e-01 5.555231069524e-01 5.602018110898e-01 5.647830422243e-01 5.692698149848e-01 5.736650209544e-01 5.779714348841e-01 5.821917205353e-01 5.863284361736e-01 5.903840397405e-01 5.943608937236e-01 5.982612697455e-01 6.020873528907e-01 6.058412457880e-01 6.095249724629e-01 6.131404819771e-01 6.166896518672e-01 6.201742913957e-01 6.235961446264e-01 6.269568933351e-01 6.302581597657e-01 6.335015092415e-01 6.366884526394e-01 6.398204487373e-01 6.428989064404e-01 6.459251868943e-01 6.489006054919e-01 6.518264337794e-01
1.000000000000e-12 1.000000000000e-12 1.000000000000e-12 1.000000000000e-12 1.000000000000e-12 1.000000000000e-12 1.000000000000e-12 1.000000000000e-12 1.000000000000e-12 1.000000000000e-12 1.000000000000e-12 1.000000000000e-12 1.000000000000e-12 1.000000000000e-12 1.000000000000e-12 1.000000000000e-12 1.000000000000e-12 1.000000000000e-12 1.000000000000e-12 1.000000000000e-12 1.000000000000e-12 1.000000000000e-12 1.000000000000e-12 1.000000000000e-12 1.000000000000e-12 1.000000000000e-12 1.000000000000e-12 1.000000000000e-12 1.000000000000e-12 1.000000000000e-12 1.000000000000e-12 1.000000000000e-12 1.000000000000e-12 1.000000000000e-12 1.000000000000e-12 1.000000000000e-12 1.000000000000e-12 1.000000000000e-12 4.685916175162e-12 2.572757690579e-09 1.030026803999e-06 2.323652400070e-04 8.590600418521e-03 3.035894860932e-02 5.238518193999e-02 7.344323589185e-02 9.358577400565e-02 1.128711830683e-01 1.313530334210e-01 1.490805225349e-01 1.660989120842e-01 1.824499138080e-01 1.981720308502e-01 2.133008604568e-01 2.278693630409e-01 2.419081018947e-01 2.554454572180e-01 2.685078176177e-01 2.811197517967e-01 2.933041627832e-01 3.050824267368e-01 3.164745181018e-01 3.274991226485e-01 3.381737397493e-01 3.485147750658e-01 3.585376246801e-01 3.682567515789e-01 3.776857552867e-01 3.868374353560e-01 3.957238493364e-01 4.043563657744e-01 4.127457127353e-01 4.209020222807e-01 4.288348712905e-01 4.365533189758e-01 4.440659413894e-01 4.513808632133e-01 4.585057870677e-01 4.654480205668e-01 4.722145013191e-01 4.788118200526e-01 4.852462420273e-01 4.915237268806e-01 4.976499470387e-01 5.036303048120e-01 5.094699482848e-01 5.151737860954e-01 5.207465011978e-01 5.261925636842e-01 5.315162427439e-01 5.367216178245e-01 5.418125890572e-01 5.467928870023e-01 5.516660817657e-01 5.564355915341e-01 5.611046905706e-01 5.656765167105e-01 5.701540783939e-01 5.745402612674e-01 5.788378343859e-01 5.830494560421e-01 5.871776792496e-01 5.912249569040e-01 5.951936466428e-01 5.990860154251e-01 6.029042438496e-01 6.066504302284e-01 6.103265944319e-01 6.139346815204e-01 6.174765651762e-01 6.209540509474e-01 6.243688793172e-01 6.277227286090e-01 6.310172177364e-01 6.342539088088e-01 6.374343096018e-01 6.405598758984e-01 6.436320137112e-01 6.466520813916e-01 6.496213916320e-01 6.525412133684e-01
1.000000000000e-12 1.000000000000e-12 1.000000000000e-12 1.000000000000e-12 1.000000000000e-12 1.000000000000e-12 1.000000000000e-12 1.000000000000e-12 1.000000000000e-12 1.000000000000e-12 1.000000000000e-12 1.000000000000e-12 1.000000000000e-12 1.000000000000e-12 1.000000000000e-12 1.000000000000e-12 1.000000000000e-12 1.000000000000e-12 1.000000000000e-12 1.000000000000e-12 1.000000000000e-12 1.000000000000e-12 1.000000000000e-12 1.000000000000e-12 1.000000000000e-12 1.000000000000e-12 1.000000000000e-12 1.000000000000e-12 1.000000000000e-12 1.000000000000e-12 1.000000000000e-12 1.000000000000e-12 1.000000000000e-12 1.000000000000e-12 1.000000000000e-12 1.000000000000e-12 1.000000000000e-12 1.000000000000e-12 8.068813510481e-12 4.387880499624e-09 1.719908077768e-06 3.595300312114e-04 1.037323971789e-02 3.250655473575e-02 5.448833402776e-02 7.549967309926e-02 9.559750615516e-02 1.148401124066e-01 1.332809433981e-01 1.509690874104e-01 1.679497056622e-01 1.842644173158e-01 1.999516400598e-01 2.150468921341e-01 2.295830607983e-01 2.435906415111e-01 2.570979514841e-01 2.701313207563e-01 2.827152635019e-01 2.948726319171e-01 3.066247547185e-01 3.179915620182e-01 3.289916981146e-01 3.396426235414e-01 3.499607075486e-01 3.599613120478e-01 3.696588679259e-01 3.790669445240e-01 3.881983129869e-01 3.970650041030e-01 4.056783611873e-01 4.140490884945e-01 4.221872955987e-01 4.301025381248e-01 4.378038551771e-01 4.452998037748e-01 4.525984905672e-01 4.597076010793e-01 4.666344267065e-01 4.733858896596e-01 4.799685660388e-01 4.863887071989e-01 4.926522595501e-01 4.987648829290e-01 5.047319676561e-01 5.105586503895e-01 5.162498288733e-01 5.218101756679e-01 5.272441509444e-01 5.325560144169e-01 5.377498364790e-01 5.428295086056e-01 5.477987530773e-01 5.526611320764e-01 5.574200562033e-01 5.620787924538e-01 5.666404716990e-01 5.711080957021e-01 5.754845437052e-01 5.797725786173e-01 5.839748528311e-01 5.880939136941e-01 5.921322086579e-01 5.960920901273e-01 5.999758200299e-01 6.037855741248e-01 6.075234460671e-01 6.111914512440e-01 6.147915303991e-01 6.183255530560e-01 6.217953207555e-01 6.252025701181e-01 6.285489757420e-01 6.318361529479e-01 6.350656603781e-01 6.382390024618e-01 6.413576317509e-01 6.444229511377e-01 6.474363159585e-01 6.503990359925e-01 6.533123773592e-01
1.000000000000e-12 1.000000000000e-12 1.000000000000e-12 1.000000000000e-12 1.000000000000e-12 1.000000000000e-12 1.000000000000e-12 1.000000000000e-12 1.000000000000e-12 1.000000000000e-12 1.000000000000e-12 1.000000000000e-12 1.000000000000e-12 1.000000000000e-12 1.000000000000e-12 1.000000000000e-12 1.000000000000e-12 1.000000000000e-12 1.000000000000e-12 1.000000000000e-12 1.000000000000e-12 1.000000000000e-12 1.000000000000e-12 1.000000000000e-12 1.000000000000e-12 1.000000000000e-12 1.000000000000e-12 1.000000000000e-12 1.000000000000e-12 1.000000000000e-12 1.000000000000e-12 1.000000000000e-12 1.000000000000e-12 1.000000000000e-12 1.000000000000e-12 1.000000000000e-12 1.000000000000e-12 1.000000000000e-12 1.448813466413e-11 7.792716250567e-09 2.978788264823e-06 5.659308468752e-04 1.242408351720e-02 3.481890746368e-02 5.675094978886e-02 7.771202214806e-02 9.776176072032e-02 1.169583190025e-01 1.353550206900e-01 1.530008365943e-01 1.699408198624e-01 1.862164900611e-01 2.018661729446e-01 2.169253017570e-01 2.314266850577e-01 2.454007453294e-01 2.588757320200e-01 2.718779121600e-01 2.844317412607e-01 2.965600168325e-01 3.082840165520e-01 3.196236228380e-01 3.305974353729e-01 3.412228729066e-01 3.515162655175e-01 3.614929383557e-01 3.711672877745e-01 3.805528506436e-01 3.896623675459e-01 3.985078404800e-01 4.071005856160e-01 4.154512815932e-01 4.235700137933e-01 4.314663149742e-01 4.391492026097e-01 4.466272132416e-01 4.539084341200e-01 4.610005323782e-01 4.679107819631e-01 4.746460885205e-01 4.812130124140e-01 4.876177900385e-01 4.938663535746e-01 4.999643493147e-01 5.059171546800e-01 5.117298940367e-01 5.174074534084e-01 5.229544941738e-01 5.283754658309e-01 5.336746179002e-01 5.388560110346e-01 5.439235273969e-01 5.488808803600e-01 5.537316235819e-01 5.584791595013e-01 5.631267472960e-01 5.676775103450e-01 5.721344432280e-01 5.765004182971e-01 5.807781918497e-01 5.849704099312e-01 5.890796137932e-01 5.931082450306e-01 5.970586504186e-01 6.009330864723e-01 6.047337237440e-01 6.084626508785e-01 6.121218784404e-01 6.157133425289e-01 6.192389081938e-01 6.227003726647e-01 6.260994684065e-01 6.294378660100e-01 6.327171769303e-01 6.359389560800e-01 6.391047042880e-01 6.422158706303e-01 6.452738546421e-01 6.482800084163e-01 6.512356385976e-01 6.541420082760e-01
1.000000000000e-12 1.000000000000e-12 1.000000000000e-12 1.000000000000e-12 1.000000000000e-12 1.000000000000e-12 1.000000000000e-12 1.000000000000e-12 1.000000000000e-12 1.000000000000e-12 1.000000000000e-12 1.000000000000e-12 1.000000000000e-12 1.000000000000e-12 1.000000000000e-12 1.000000000000e-12 1.000000000000e-12 1.000000000000e-12 1.000000000000e-12 1.000000000000e-12 1.000000000000e-12 1.000000000000e-12 1.000000000000e-12 1.000000000000e-12 1.000000000000e-12 1.000000000000e-12 1.000000000000e-12 1.000000000000e-12 1.000000000000e-12 1.000000000000e-12 1.000000000000e-12 1.000000000000e-12 1.000000000000e-12 1.000000000000e-12 1.000000000000e-12 1.000000000000e-12 1.000000000000e-12 1.000000000000e-12 2.717036237710e-11 1.443043784231e-08 5.352850271874e-06 9.010360103535e-04 1.473946303148e-02 3.730140865401e-02 5.917876654124e-02 8.008589554958e-02 1.000840282142e-01 1.192311765498e-01 1.375805270384e-01 1.551809244458e-01 1.720773059569e-01 1.883110842714e-01 2.039204864970e-01 2.189408546763e-01 2.334049129230e-01 2.473430054153e-01 2.607833088901e-01 2.737520227692e-01 2.862735396180e-01 2.983705982685e-01 3.100644216307e-01 3.213748409482e-01 3.323204080297e-01 3.429184967912e-01 3.531853952788e-01 3.631363891976e-01 3.727858378461e-01 3.821472432514e-01 3.912333132036e-01 4.000560188093e-01 4.086266471120e-01 4.169558492654e-01 4.250536846923e-01 4.329296616143e-01 4.405927742952e-01 4.480515373046e-01 4.553140170769e-01 4.623878610109e-01 4.692803243313e-01 4.759982949094e-01 4.825483162230e-01 4.889366086153e-01 4.951690889981e-01 5.012513891306e-01 5.071888725934e-01 5.129866505629e-01 5.186495964865e-01 5.241823597453e-01 5.295893783846e-01 5.348748909870e-01 5.400429477538e-01 5.450974208554e-01 5.500420141070e-01 5.548802720198e-01 5.596155882749e-01 5.642512136615e-01 5.687902635192e-01 5.732357247200e-01 5.775904622229e-01 5.818572252307e-01 5.860386529784e-01 5.901372801767e-01 5.941555421357e-01 5.980957795907e-01 6.019602432485e-01 6.057510980747e-01 6.094704273381e-01 6.131202364284e-01 6.167024564615e-01 6.202189476866e-01 6.236715027077e-01 6.270618495301e-01 6.303916544450e-01 6.336625247597e-01 6.368760113846e-01 6.400336112856e-01 6.431367698090e-01 6.461868828875e-01 6.491852991343e-01 6.521333218306e-01 6.550322108153e-01
1.000000000000e-12 1.000000000000e-12 1.000000000000e-12 1.000000000000e-12 1.000000000000e-12 1.000000000000e-12 1.000000000000e-12 1.000000000000e-12 1.000000000000e-12 1.000000000000e-12 1.000000000000e-12 1.000000000000e-12 1.000000000000e-12 1.000000000000e-12 1.000000000000e-12 1.000000000000e-12 1.000000000000e-12 1.000000000000e-12 1.000000000000e-12 1.000000000000e-12 1.000000000000e-12 1.000000000000e-12 1.000000000000e-12 1.000000000000e-12 1.000000000000e-12 1.000000000000e-12 1.000000000000e-12 1.000000000000e-12 1.000000000000e-12 1.000000000000e-12 1.000000000000e-12 1.000000000000e-12 1.000000000000e-12 1.000000000000e-12 1.000000000000e-12 1.000000000000e-12 1.000000000000e-12 1.000000000000e-12 5.330328256941e-11 2.789822277724e-08 9.978731435446e-06 1.439525247678e-03 1.730954334690e-02 3.995960678674e-02 6.177756907904e-02 8.262695154103e-02 1.025698438781e-01 1.216641025189e-01 1.399627670497e-01 1.575145473140e-01 1.743642563677e-01 1.905531925174e-01 2.061194772767e-01 2.210983550639e-01 2.355224595997e-01 2.494220512434e-01 2.628252288998e-01 2.757581196208e-01 2.882450485929e-01 3.003086918371e-01 3.119702136398e-01 3.232493904654e-01 3.341647228772e-01 3.447335367998e-01 3.549720752873e-01 3.648955818213e-01 3.745183760362e-01 3.838539226625e-01 3.929148943880e-01 4.017132292520e-01 4.102601831198e-01 4.185663777238e-01 4.266418446998e-01 4.344960660053e-01 4.421380110593e-01 4.495761709118e-01 4.568185897156e-01 4.638728937453e-01 4.707463181844e-01 4.774457318783e-01 4.839776602298e-01 4.903483063998e-01 4.965635709559e-01 5.026290701010e-01 5.085501525998e-01 5.143319155104e-01 5.199792188185e-01 5.254966990619e-01 5.308887820271e-01 5.361596945886e-01 5.413134757598e-01 5.463539870152e-01 5.512849219390e-01 5.561098152515e-01 5.608320512594e-01 5.654548717725e-01 5.699813835249e-01 5.744145651380e-01 5.787572736570e-01 5.830122506908e-01 5.871821281839e-01 5.912694338454e-01 5.952765962587e-01 5.992059496931e-01 6.030597386383e-01 6.068401220799e-01 6.105491775319e-01 6.141889048447e-01 6.177612297999e-01 6.212680075081e-01 6.247110256217e-01 6.280920073729e-01 6.314126144499e-01 6.346744497202e-01 6.378790598104e-01 6.410279375512e-01 6.441225242964e-01 6.471642121230e-01 6.501543459185e-01 6.530942253646e-01 6.559851068199e-01
1.000000000000e-12 1.000000000000e-12 1.000000000000e-12 1.000000000000e-12 1.000000000000e-12 1.000000000000e-12 1.000000000000e-12 1.000000000000e-12 1.000000000000e-12 1.000000000000e-12 1.000000000000e-12 1.000000000000e-12 1.000000000000e-12 1.000000000000e-12 1.000000000000e-12 1.000000000000e-12 1.000000000000e-12 1.000000000000e-12 1.000000000000e-12 1.000000000000e-12 1.000000000000e-12 1.000000000000e-12 1.000000000000e-12 1.000000000000e-12 1.000000000000e-12 1.000000000000e-12 1.000000000000e-12 1.000000000000e-12 1.000000000000e-12 1.000000000000e-12 1.000000000000e-12 1.000000000000e-12 1.000000000000e-12 1.000000000000e-12 1.000000000000e-12 1.000000000000e-12 1.000000000000e-12 1.000000000000e-12 1.095673235302e-10 5.637469549060e-08 1.928150253552e-05 2.284447777962e-03 2.012201266371e-02 4.279918107952e-02 6.455317440924e-02 8.534087925027e-02 1.052247731696e-01 1.242625439531e-01 1.425070742875e-01 1.600069299142e-01 1.768067913160e-01 1.929478346235e-01 2.084680685730e-01 2.234026333169e-01 2.377840660333e-01 2.516425375600e-01 2.650060636750e-01 2.779006941368e-01 2.903506821689e-01 3.023786367084e-01 3.140056594300e-01 3.252514682918e-01 3.361345091258e-01 3.466720566000e-01 3.568803057156e-01 3.667744548584e-01 3.763687813000e-01 3.856767099373e-01 3.947108759676e-01 4.034831821130e-01 4.120048509400e-01 4.202864727577e-01 4.283380495250e-01 4.361690351479e-01 4.437883725108e-01 4.512045275440e-01 4.584255206026e-01 4.654589554000e-01 4.723120457154e-01 4.789916400734e-01 4.855042445725e-01 4.918560440222e-01 4.980529215341e-01 5.041004766964e-01 5.100040424500e-01 5.157687007741e-01 5.213992972767e-01 5.269004547793e-01 5.322765859750e-01 5.375319052337e-01 5.426704396200e-01 5.476960391846e-01 5.526123865848e-01 5.574230060839e-01 5.621312719766e-01 5.667404164821e-01 5.712535371437e-01 5.756736037711e-01 5.800034649571e-01 5.842458542000e-01 5.884033956580e-01 5.924786095624e-01 5.964739173117e-01 6.003916462699e-01 6.042340342865e-01 6.080032339600e-01 6.117013166585e-01 6.153302763159e-01 6.188920330166e-01 6.223884363835e-01 6.258212687800e-01 6.291922483405e-01 6.325030318375e-01 6.357552173965e-01 6.389503470684e-01 6.420899092678e-01 6.451753410845e-01 6.482080304769e-01 6.511893183542e-01 6.541205005529e-01 6.570028297150e-01
1.000000000000e-12 1.000000000000e-12 1.000000000000e-12 1.000000000000e-12 1.000000000000e-12 1.000000000000e-12 1.000000000000e-12 1.000000000000e-12 1.000000000000e-12 1.000000000000e-12 1.000000000000e-12 1.000000000000e-12 1.000000000000e-12 1.000000000000e-12 1.000000000000e-12 1.000000000000e-12 1.000000000000e-12 1.000000000000e-12 1.000000000000e-12 1.000000000000e-12 1.000000000000e-12 1.000000000000e-12 1.000000000000e-12 1.000000000000e-12 1.000000000000e-12 1.000000000000e-12 1.000000000000e-12 1.000000000000e-12 1.000000000000e-12 1.000000000000e-12 1.000000000000e-12 1.000000000000e-12 1.000000000000e-12 1.000000000000e-12 1.000000000000e-12 1.000000000000e-12 1.000000000000e-12 1.000000000000e-12 2.363525432294e-10 1.191891906190e-07 3.854300742968e-05 3.558958209805e-03 2.316549301634e-02 4.582591186328e-02 6.751141494602e-02 8.823338238973e-02 1.080543958114e-01 1.270319618580e-01 1.452187959859e-01 1.626633103536e-01 1.794100441465e-01 1.955000432809e-01 2.109711962947e-01 2.258585322137e-01 2.401944853208e-01 2.540091310423e-01 2.673303965594e-01 2.801842492513e-01 2.925948656435e-01 3.045847831750e-01 3.161750367887e-01 3.273852820873e-01 3.382339065697e-01 3.487381302750e-01 3.589140969894e-01 3.687769570358e-01 3.783409425352e-01 3.876194359302e-01 3.966250324607e-01 4.053695972076e-01 4.138643172475e-01 4.221197493989e-01 4.301458639906e-01 4.379520850318e-01 4.455473271260e-01 4.529400294310e-01 4.601381869385e-01 4.671493793159e-01 4.739807975298e-01 4.806392684471e-01 4.871312775915e-01 4.934629902139e-01 4.996402708210e-01 5.056687012931e-01 5.115535977062e-01 5.173000259685e-01 5.229128163642e-01 5.283965770957e-01 5.337557069014e-01 5.389944068239e-01 5.441166911925e-01 5.491263978827e-01 5.540271979057e-01 5.588226043798e-01 5.635159809290e-01 5.681105495508e-01 5.726093979930e-01 5.770154866735e-01 5.813316551768e-01 5.855606283568e-01 5.897050220732e-01 5.937673485874e-01 5.977500216404e-01 6.016553612362e-01 6.054855981474e-01 6.092428781650e-01 6.129292661068e-01 6.165467496012e-01 6.200972426604e-01 6.235825890580e-01 6.270045655211e-01 6.303648847507e-01 6.336651982797e-01 6.369070991798e-01 6.400921246256e-01 6.432217583246e-01 6.462974328218e-01 6.493205316865e-01 6.522923915875e-01 6.552143042632e-01 6.580875183944e-01
1.000000000000e-12 1.000000000000e-12 1.000000000000e-12 1.000000000000e-12 1.000000000000e-12 1.000000000000e-12 1.000000000000e-12 1.000000000000e-12 1.000000000000e-12 1.000000000000e-12 1.000000000000e-12 1.000000000000e-12 1.000000000000e-12 1.000000000000e-12 1.000000000000e-12 1.000000000000e-12 1.000000000000e-12 1.000000000000e-12 1.000000000000e-12 1.000000000000e-12 1.000000000000e-12 1.000000000000e-12 1.000000000000e-12 1.000000000000e-12 1.000000000000e-12 1.000000000000e-12 1.000000000000e-12 1.000000000000e-12 1.000000000000e-12 1.000000000000e-12 1.000000000000e-12 1.000000000000e-12 1.000000000000e-12 1.000000000000e-12 1.000000000000e-12 1.000000000000e-12 1.000000000000e-12 1.000000000000e-12 5.358660007960e-10 2.638536156624e-07 7.941937793859e-05 5.379512754381e-03 2.643174214231e-02 4.904564353853e-02 7.065812016532e-02 9.131016144907e-02 1.110642883721e-01 1.299778141514e-01 1.481032763566e-01 1.654889237779e-01 1.821791453023e-01 1.982148483356e-01 2.136337935599e-01 2.284708917946e-01 2.427584678725e-01 2.565264957294e-01 2.698028083056e-01 2.826132853529e-01 2.949820218123e-01 3.069314790697e-01 3.184826210853e-01 3.296550371330e-01 3.404670526631e-01 3.509358296050e-01 3.610774572674e-01 3.709070348479e-01 3.804387464411e-01 3.896859293301e-01 3.986611362517e-01 4.073761922481e-01 4.158422466445e-01 4.240698206354e-01 4.320688509044e-01 4.398487296591e-01 4.474183414205e-01 4.547860968682e-01 4.619599640147e-01 4.689474969496e-01 4.757558623733e-01 4.823918641154e-01 4.888619658139e-01 4.951723119150e-01 5.013287471355e-01 5.073368345195e-01 5.132018722038e-01 5.189289090014e-01 5.245227588967e-01 5.299880145416e-01 5.353290598308e-01 5.405500816305e-01 5.456550807235e-01 5.506478820342e-01 5.555321441860e-01 5.603113684421e-01 5.649889070757e-01 5.695679712117e-01 5.740516381783e-01 5.784428584033e-01 5.827444618889e-01 5.869591642941e-01 5.910895726512e-01 5.951381907437e-01 5.991074241678e-01 6.029995850982e-01 6.068168967799e-01 6.105614977630e-01 6.142354458973e-01 6.178407221039e-01 6.213792339362e-01 6.248528189460e-01 6.282632478647e-01 6.316122276136e-01 6.349014041528e-01 6.381323651780e-01 6.413066426765e-01 6.444257153488e-01 6.474910109062e-01 6.505039082488e-01 6.534657395349e-01 6.563777921438e-01 6.592413105426e-01
1.000000000000e-12 1.000000000000e-12 1.000000000000e-12 1.000000000000e-12 1.000000000000e-12 1.000000000000e-12 1.000000000000e-12 1.000000000000e-12 1.000000000000e-12 1.000000000000e-12 1.000000000000e-12 1.000000000000e-12 1.000000000000e-12 1.000000000000e-12 1.000000000000e-12 1.000000000000e-12 1.000000000000e-12 1.000000000000e-12 1.000000000000e-12 1.000000000000e-12 1.000000000000e-12 1.000000000000e-12 1.000000000000e-12 1.000000000000e-12 1.000000000000e-12 1.000000000000e-12 1.000000000000e-12 1.000000000000e-12 1.000000000000e-12 1.000000000000e-12 1.000000000000e-12 1.000000000000e-12 1.000000000000e-12 1.000000000000e-12 1.000000000000e-12 1.000000000000e-12 1.000000000000e-12 1.942557312673e-12 1.278796079940e-09 6.118301381519e-07 1.676425479984e-04 7.815892139202e-03 2.991641907794e-02 5.246424527883e-02 7.399909672195e-02 9.457689436832e-02 1.142600053595e-01 1.331055371603e-01 1.511658384695e-01 1.684889846232e-01 1.851192049307e-01 2.010972597360e-01 2.164607739718e-01 2.312445329535e-01 2.454807453062e-01 2.591992772097e-01 2.724278615453e-01 2.851922850269e-01 2.975165559748e-01 3.094230550260e-01 3.209326707756e-01 3.320649220744e-01 3.428380684925e-01 3.532692102625e-01 3.633743788521e-01 3.731686191775e-01 3.826660643415e-01 3.918800036796e-01 4.008229448020e-01 4.095066702397e-01 4.179422892362e-01 4.261402851625e-01 4.341105589797e-01 4.418624691306e-01 4.494048681964e-01 4.567461366205e-01 4.638942137702e-01 4.708566265784e-01 4.776405159812e-01 4.842526613486e-01 4.906995030817e-01 4.969871635375e-01 5.031214664212e-01 5.091079547775e-01 5.149519076969e-01 5.206583558416e-01 5.262320958899e-01 5.316777039832e-01 5.369995482561e-01 5.422018005229e-01 5.472884471837e-01 5.522632994125e-01 5.571300026797e-01 5.618920456617e-01 5.665527685802e-01 5.711153710162e-01 5.755829192348e-01 5.799583530571e-01 5.842444923116e-01 5.884440428943e-01 5.925596024654e-01 5.965936658073e-01 6.005486298680e-01 6.044267985101e-01 6.082303869859e-01 6.119615261575e-01 6.156222664768e-01 6.192145817433e-01 6.227403726531e-01 6.262014701517e-01 6.295996386049e-01 6.329365787976e-01 6.362139307727e-01 6.394332765180e-01 6.425961425135e-01 6.457040021438e-01 6.487582779874e-01 6.517603439875e-01 6.547115275130e-01 6.576131113154e-01 6.604663353878e-01
1.000000000000e-12 1.000000000000e-12 1.000000000000e-12 1.000000000000e-12 1.000000000000e-12 1.000000000000e-12 1.000000000000e-12 1.000000000000e-12 1.000000000000e-12 1.000000000000e-12 1.000000000000e-12 1.000000000000e-12 1.000000000000e-12 1.000000000000e-12 1.000000000000e-12 1.000000000000e-12 1.000000000000e-12 1.000000000000e-12 1.000000000000e-12 1.000000000000e-12 1.000000000000e-12 1.000000000000e-12 1.000000000000e-12 1.000000000000e-12 1.000000000000e-12 1.000000000000e-12 1.000000000000e-12 1.000000000000e-12 1.000000000000e-12 1.000000000000e-12 1.000000000000e-12 1.000000000000e-12 1.000000000000e-12 1.000000000000e-12 1.000000000000e-12 1.000000000000e-12 1.000000000000e-12 4.964519202226e-12 3.216455572106e-09 1.485806053728e-06 3.588185929405e-04 1.086286522765e-02 3.361875674945e-02 5.608757274752e-02 7.754010703430e-02 9.803921568661e-02 1.176470588235e-01 1.364205256571e-01 1.544117647059e-01 1.716686674670e-01 1.882352941176e-01 2.041522491349e-01 2.194570135747e-01 2.341842397336e-01 2.483660130719e-01 2.620320855615e-01 2.752100840336e-01 2.879256965944e-01 3.002028397566e-01 3.120638085743e-01 3.235294117647e-01 3.346190935391e-01 3.453510436433e-01 3.557422969188e-01 3.658088235294e-01 3.755656108597e-01 3.850267379679e-01 3.942054433714e-01 4.031141868512e-01 4.117647058823e-01 4.201680672269e-01 4.283347141674e-01 4.362745098039e-01 4.439967767929e-01 4.515103338633e-01 4.588235294118e-01 4.659442724458e-01 4.728800611153e-01 4.796380090498e-01 4.862248696947e-01 4.926470588235e-01 4.989106753813e-01 5.050215208034e-01 5.109851169383e-01 5.168067226891e-01 5.224913494810e-01 5.280437756498e-01 5.334685598377e-01 5.387700534759e-01 5.439524124257e-01 5.490196078431e-01 5.539754363284e-01 5.588235294118e-01 5.635673624288e-01 5.682102628285e-01 5.727554179567e-01 5.772058823529e-01 5.815645845967e-01 5.858343337335e-01 5.900178253119e-01 5.941176470588e-01 5.981362842167e-01 6.020761245675e-01 6.059394631639e-01 6.097285067873e-01 6.134453781513e-01 6.170921198668e-01 6.206706981858e-01 6.241830065359e-01 6.276308688613e-01 6.310160427808e-01 6.343402225755e-01 6.376050420168e-01 6.408120770432e-01 6.439628482972e-01 6.470588235294e-01 6.501014198783e-01 6.530920060332e-01 6.560319042871e-01 6.589223924864e-01 6.617647058824e-01
1.000000000000e-12 1.000000000000e-12 1.000000000000e-12 1.000000000000e-12 1.000000000000e-12 1.000000000000e-12 1.000000000000e-12 1.000000000000e-12 1.000000000000e-12 1.000000000000e-12 1.000000000000e-12 1.000000000000e-12 1.000000000000e-12 1.000000000000e-12 1.000000000000e-12 1.000000000000e-12 1.000000000000e-12 1.000000000000e-12 1.000000000000e-12 1.000000000000e-12 1.000000000000e-12 1.000000000000e-12 1.000000000000e-12 1.000000000000e-12 1.000000000000e-12 1.000000000000e-12 1.000000000000e-12 1.000000000000e-12 1.000000000000e-12 1.000000000000e-12 1.000000000000e-12 1.000000000000e-12 1.000000000000e-12 1.000000000000e-12 1.000000000000e-12 1.000000000000e-12 1.000000000000e-12 1.342598611211e-11 8.536701529000e-09 3.774781286194e-06 7.663678318695e-04 1.444861956416e-02 3.754069324486e-02 5.992143222285e-02 8.128684634837e-02 1.017026941776e-01 1.212308964780e-01 1.399281114465e-01 1.578462757914e-01 1.750330864895e-01 1.915324247597e-01 2.073847301566e-01 2.226273314997e-01 2.372947403394e-01 2.514189118146e-01 2.650294770543e-01 2.781539506783e-01 2.908179164559e-01 3.030451937584e-01 3.148579870845e-01 3.262770206331e-01 3.373216596391e-01 3.480100199675e-01 3.583590672696e-01 3.683847068435e-01 3.781018651998e-01 3.875245642119e-01 3.966659886267e-01 4.055385476175e-01 4.141539309853e-01 4.225231605427e-01 4.306566371547e-01 4.385641838609e-01 4.462550854519e-01 4.537381248377e-01 4.610216165065e-01 4.681134373419e-01 4.750210550388e-01 4.817515543332e-01 4.883116612403e-01 4.947077654748e-01 5.009459412097e-01 5.070319663169e-01 5.129713402167e-01 5.187693004522e-01 5.244308380940e-01 5.299607120696e-01 5.353634625056e-01 5.406434231589e-01 5.458047330111e-01 5.508513470887e-01 5.557870465713e-01 5.606154482390e-01 5.653400133117e-01 5.699640557233e-01 5.744907498735e-01 5.789231378957e-01 5.832641364741e-01 5.875165432448e-01 5.916830428080e-01 5.957662123799e-01 5.997685271088e-01 6.036923650783e-01 6.075400120193e-01 6.113136657499e-01 6.150154403618e-01 6.186473701697e-01 6.222114134391e-01 6.257094559073e-01 6.291433141100e-01 6.325147385272e-01 6.358254165584e-01 6.390769753392e-01 6.422709844070e-01 6.454089582279e-01 6.484923585912e-01 6.515225968792e-01 6.545010362221e-01 6.574289935423e-01 6.603077414957e-01 6.631385103165e-01
1.000000000000e-12 1.000000000000e-12 1.000000000000e-12 1.000000000000e-12 1.000000000000e-12 1.000000000000e-12 1.000000000000e-12 1.000000000000e-12 1.000000000000e-12 1.000000000000e-12 1.000000000000e-12 1.000000000000e-12 1.000000000000e-12 1.000000000000e-12 1.000000000000e-12 1.000000000000e-12 1.000000000000e-12 1.000000000000e-12 1.000000000000e-12 1.000000000000e-12 1.000000000000e-12 1.000000000000e-12 1.000000000000e-12 1.000000000000e-12 1.000000000000e-12 1.000000000000e-12 1.000000000000e-12 1.000000000000e-12 1.000000000000e-12 1.000000000000e-12 1.000000000000e-12 1.000000000000e-12 1.000000000000e-12 1.000000000000e-12 1.000000000000e-12 1.000000000000e-12 1.000000000000e-12 3.848552134556e-11 2.392919463323e-08 1.000757317546e-05 1.595887405528e-03 1.847448429740e-02 4.168592179512e-02 6.397154715990e-02 8.524491830613e-02 1.055728090001e-01 1.250168783696e-01 1.436335405320e-01 1.614745084376e-01 1.785872735715e-01 1.950155281001e-01 2.107995373530e-01 2.259764693270e-01 2.405806868869e-01 2.546440075001e-01 2.681959346364e-01 2.812638643751e-01 2.938732702632e-01 3.060478690518e-01 3.178097695763e-01 3.291796067501e-01 3.401766623771e-01 3.508189742743e-01 3.611234350001e-01 3.711058813282e-01 3.807811754616e-01 3.901632788637e-01 3.992653194777e-01 4.080996530148e-01 4.166779189131e-01 4.250110915001e-01 4.331095268310e-01 4.409830056250e-01 4.486407726713e-01 4.560915730406e-01 4.633436854000e-01 4.704049526974e-01 4.772828104546e-01 4.839843128847e-01 4.905161570254e-01 4.968847050625e-01 5.030960050000e-01 5.091558098171e-01 5.150695952410e-01 5.208425762500e-01 5.264797224118e-01 5.319857721512e-01 5.373652460345e-01 5.426224591478e-01 5.477615326405e-01 5.527864045000e-01 5.577008396154e-01 5.625084391848e-01 5.672126495162e-01 5.718167702660e-01 5.763239621579e-01 5.807372542188e-01 5.850595505671e-01 5.892936367858e-01 5.934421859091e-01 5.975077640500e-01 6.014928356931e-01 6.053997686765e-01 6.092308388835e-01 6.129882346635e-01 6.166740610000e-01 6.202903434434e-01 6.238390318225e-01 6.273220037500e-01 6.307410679358e-01 6.340979673182e-01 6.373943820271e-01 6.406319321875e-01 6.438121805752e-01 6.469366351316e-01 6.500067513479e-01 6.530239345259e-01 6.559895419231e-01 6.589048847882e-01 6.617712302941e-01 6.645898033751e-01
1.000000000000e-12 1.000000000000e-12 1.000000000000e-12 1.000000000000e-12 1.000000000000e-12 1.000000000000e-12 1.000000000000e-12 1.000000000000e-12 1.000000000000e-12 1.000000000000e-12 1.000000000000e-12 1.000000000000e-12 1.000000000000e-12 1.000000000000e-12 1.000000000000e-12 1.000000000000e-12 1.000000000000e-12 1.000000000000e-12 1.000000000000e-12 1.000000000000e-12 1.000000000000e-12 1.000000000000e-12 1.000000000000e-12 1.000000000000e-12 1.000000000000e-12 1.000000000000e-12 1.000000000000e-12 1.000000000000e-12 1.000000000000e-12 1.000000000000e-12 1.000000000000e-12 1.000000000000e-12 1.000000000000e-12 1.000000000000e-12 1.000000000000e-12 1.000000000000e-12 1.000000000000e-12 1.171119031777e-10 7.087693545841e-08 2.755076111514e-05 3.147383124699e-03 2.285445675884e-02 4.605911112086e-02 6.824352649240e-02 8.941980906102e-02 1.096549244119e-01 1.290102521420e-01 1.475419489050e-01 1.653014916361e-01 1.823361550721e-01 1.986894319707e-01 2.144014038928e-01 2.295090692026e-01 2.440466339346e-01 2.580457703432e-01 2.715358472461e-01 2.845441356881e-01 2.970959929567e-01 3.092150275609e-01 3.209232474328e-01 3.322411933089e-01 3.431880589924e-01 3.537817999763e-01 3.640392317228e-01 3.739761187271e-01 3.836072553621e-01 3.929465393717e-01 4.020070387841e-01 4.108010529196e-01 4.193401680947e-01 4.276353085505e-01 4.356967830779e-01 4.435343277574e-01 4.511571451854e-01 4.585739405207e-01 4.657929546471e-01 4.728219947175e-01 4.796684623186e-01 4.863393794684e-01 4.928414126397e-01 4.991808949817e-01 5.053638468955e-01 5.113959951041e-01 5.172827903438e-01 5.230294237921e-01 5.286408423357e-01 5.341217627736e-01 5.394766850406e-01 5.447099045288e-01 5.498255235790e-01 5.548274622059e-01 5.597194681158e-01 5.645051260710e-01 5.691878666509e-01 5.737709744525e-01 5.782575957740e-01 5.826507458181e-01 5.869533154488e-01 5.911680775361e-01 5.952976929145e-01 5.993447159853e-01 6.033115999855e-01 6.072007019464e-01 6.110142873644e-01 6.147545346013e-01 6.184235390336e-01 6.220233169673e-01 6.255558093321e-01 6.290228851716e-01 6.324263449407e-01 6.357679236230e-01 6.390492936805e-01 6.422720678440e-01 6.454378017569e-01 6.485479964784e-01 6.516041008568e-01 6.546075137805e-01 6.575595863123e-01 6.604616237164e-01 6.633148873826e-01 6.661205966544e-01
1.000000000000e-12 1.000000000000e-12 1.000000000000e-12 1.000000000000e-12 1.000000000000e-12 1.000000000000e-12 1.000000000000e-12 1.000000000000e-12 1.000000000000e-12 1.000000000000e-12 1.000000000000e-12 1.000000000000e-12 1.000000000000e-12 1.000000000000e-12 1.000000000000e-12 1.000000000000e-12 1.000000000000e-12 1.000000000000e-12 1.000000000000e-12 1.000000000000e-12 1.000000000000e-12 1.000000000000e-12 1.000000000000e-12 1.000000000000e-12 1.000000000000e-12 1.000000000000e-12 1.000000000000e-12 1.000000000000e-12 1.000000000000e-12 1.000000000000e-12 1.000000000000e-12 1.000000000000e-12 1.000000000000e-12 1.000000000000e-12 1.000000000000e-12 1.000000000000e-12 1.000000000000e-12 3.788413815432e-10 2.218007303317e-07 7.804732329587e-05 5.715465093404e-03 2.753257149207e-02 5.066536586892e-02 7.274283378499e-02 9.381686000578e-02 1.139542631157e-01 1.332161269611e-01 1.516583370257e-01 1.693321216710e-01 1.862845273512e-01 2.025588368042e-01 2.181949380433e-01 2.332296507732e-01 2.476970158530e-01 2.616285525965e-01 2.750534880038e-01 2.879989614323e-01 3.004902077230e-01 3.125507213829e-01 3.242024040713e-01 3.354656973368e-01 3.463597022985e-01 3.569022877453e-01 3.671101879398e-01 3.769990912533e-01 3.865837206186e-01 3.958779066698e-01 4.048946543315e-01 4.136462035325e-01 4.221440846407e-01 4.303991691458e-01 4.384217160593e-01 4.462214144473e-01 4.538074224686e-01 4.611884032461e-01 4.683725578694e-01 4.753676557922e-01 4.821810628598e-01 4.888197671822e-01 4.952904030406e-01 5.015992730026e-01 5.077523683976e-01 5.137553882952e-01 5.196137571109e-01 5.253326409549e-01 5.309169628260e-01 5.363714167466e-01 5.417004809219e-01 5.469084300024e-01 5.519993465192e-01 5.569771315579e-01 5.618455147276e-01 5.666080634805e-01 5.712681918302e-01 5.758291685128e-01 5.802941246338e-01 5.846660608355e-01 5.889478540228e-01 5.931422636756e-01 5.972519377799e-01 6.012794184021e-01 6.052271469328e-01 6.090974690216e-01 6.128926392253e-01 6.166148253866e-01 6.202661127639e-01 6.238485079265e-01 6.273639424318e-01 6.308142762982e-01 6.342013012863e-01 6.375267440019e-01 6.407922688307e-01 6.439994807162e-01 6.471499277895e-01 6.502451038615e-01 6.532864507844e-01 6.562753606915e-01 6.592131781214e-01 6.621012020357e-01 6.649406877329e-01 6.677328486684e-01
1.000000000000e-12 1.000000000000e-12 1.000000000000e-12 1.000000000000e-12 1.000000000000e-12 1.000000000000e-12 1.000000000000e-12 1.000000000000e-12 1.000000000000e-12 1.000000000000e-12 1.000000000000e-12 1.000000000000e-12 1.000000000000e-12 1.000000000000e-12 1.000000000000e-12 1.000000000000e-12 1.000000000000e-12 1.000000000000e-12 1.000000000000e-12 1.000000000000e-12 1.000000000000e-12 1.000000000000e-12 1.000000000000e-12 1.000000000000e-12 1.000000000000e-12 1.000000000000e-12 1.000000000000e-12 1.000000000000e-12 1.000000000000e-12 1.000000000000e-12 1.000000000000e-12 1.000000000000e-12 1.000000000000e-12 1.000000000000e-12 1.000000000000e-12 1.000000000000e-12 1.656828068564e-12 1.304253071906e-09 7.325106552318e-07 2.238238375085e-04 9.402903120376e-03 3.248046426741e-02 5.550989446631e-02 7.747475647649e-02 9.844123920218e-02 1.184758783307e-01 1.376394461931e-01 1.559875430826e-01 1.735711359351e-01 1.904370311201e-01 2.066282904977e-01 2.221845985271e-01 2.371425870170e-01 2.515361231110e-01 2.653965652756e-01 2.787529913615e-01 2.916324022301e-01 3.040599039453e-01 3.160588711187e-01 3.276510936421e-01 3.388569087480e-01 3.496953200800e-01 3.601841052400e-01 3.703399130934e-01 3.801783519513e-01 3.897140696136e-01 3.989608261346e-01 4.079315600729e-01 4.166384488953e-01 4.250929641287e-01 4.333059217840e-01 4.412875285195e-01 4.490474239567e-01 4.565947195189e-01 4.639380341200e-01 4.710855269984e-01 4.780449279590e-01 4.848235652582e-01 4.914283913447e-01 4.978660066441e-01 5.041426815610e-01 5.102643768504e-01 5.162367624986e-01 5.220652352396e-01 5.277549348200e-01 5.333107591163e-01 5.387373781963e-01 5.440392474124e-01 5.492206196009e-01 5.542855564594e-01 5.592379391654e-01 5.640814782954e-01 5.688197230966e-01 5.734560701600e-01 5.779937715413e-01 5.824359423672e-01 5.867855679675e-01 5.910455105658e-01 5.952185155600e-01 5.993072174231e-01 6.033141452488e-01 6.072417279691e-01 6.110922992636e-01 6.148681021833e-01 6.185712935085e-01 6.222039478560e-01 6.257680615555e-01 6.292655563073e-01 6.326982826378e-01 6.360680231641e-01 6.393764956808e-01 6.426253560800e-01 6.458162011150e-01 6.489505710167e-01 6.520299519727e-01 6.550557784772e-01 6.580294355593e-01 6.609522608964e-01 6.638255468211e-01 6.666505422259e-01 6.694284543740e-01
1.000000000000e-12 1.000000000000e-12 1.000000000000e-12 1.000000000000e-12 1.000000000000e-12 1.000000000000e-12 1.000000000000e-12 1.000000000000e-12 1.000000000000e-12 1.000000000000e-12 1.000000000000e-12 1.000000000000e-12 1.000000000000e-12 1.000000000000e-12 1.000000000000e-12 1.000000000000e-12 1.000000000000e-12 1.000000000000e-12 1.000000000000e-12 1.000000000000e-12 1.000000000000e-12 1.000000000000e-12 1.000000000000e-12 1.000000000000e-12 1.000000000000e-12 1.000000000000e-12 1.000000000000e-12 1.000000000000e-12 1.000000000000e-12 1.000000000000e-12 1.000000000000e-12 1.000000000000e-12 1.000000000000e-12 1.000000000000e-12 1.000000000000e-12 1.000000000000e-12 6.219458691080e-12 4.782472367034e-09 2.545992785968e-06 6.316363500391e-04 1.404652597831e-02 3.768758369551e-02 6.059781898190e-02 8.244437471247e-02 1.032979116290e-01 1.232246247039e-01 1.422849589494e-01 1.605342151420e-01 1.780230856599e-01 1.947981247280e-01 2.109021622335e-01 2.263746688563e-01 2.412520790706e-01 2.555680775787e-01 2.693538539199e-01 2.826383293031e-01 2.954483591370e-01 3.078089142399e-01 3.197432433047e-01 3.312730188419e-01 3.424184685279e-01 3.531984936340e-01 3.636307759947e-01 3.737318747885e-01 3.835173142449e-01 3.930016632565e-01 4.021986077526e-01 4.111210165921e-01 4.197810016422e-01 4.281899726329e-01 4.363586873096e-01 4.442972973475e-01 4.520153904399e-01 4.595220289270e-01 4.668257852929e-01 4.739347748223e-01 4.808566856799e-01 4.875988066451e-01 4.941680527138e-01 5.005709887554e-01 5.068138513959e-01 5.129025692799e-01 5.188427818497e-01 5.246398567671e-01 5.302989060914e-01 5.358248013138e-01 5.412221873450e-01 5.464954955365e-01 5.516489558145e-01 5.566866079963e-01 5.616123123519e-01 5.664297594689e-01 5.711424794747e-01 5.757538506632e-01 5.802671075710e-01 5.846853485439e-01 5.890115428299e-01 5.932485372337e-01 5.973990623640e-01 6.014657385018e-01 6.054510811167e-01 6.093575060562e-01 6.131873344282e-01 6.169427972007e-01 6.206260395353e-01 6.242391248731e-01 6.277840387894e-01 6.312626926325e-01 6.346769269599e-01 6.380285147860e-01 6.413191646516e-01 6.445505235286e-01 6.477241795685e-01 6.508416647051e-01 6.539044571200e-01 6.569139835798e-01 6.598716216524e-01 6.627787018092e-01 6.656365094210e-01 6.684462866527e-01 6.712092342639e-01
1.000000000000e-12 1.000000000000e-12 1.000000000000e-12 1.000000000000e-12 1.000000000000e-12 1.000000000000e-12 1.000000000000e-12 1.000000000000e-12 1.000000000000e-12 1.000000000000e-12 1.000000000000e-12 1.000000000000e-12 1.000000000000e-12 1.000000000000e-12 1.000000000000e-12 1.000000000000e-12 1.000000000000e-12 1.000000000000e-12 1.000000000000e-12 1.000000000000e-12 1.000000000000e-12 1.000000000000e-12 1.000000000000e-12 1.000000000000e-12 1.000000000000e-12 1.000000000000e-12 1.000000000000e-12 1.000000000000e-12 1.000000000000e-12 1.000000000000e-12 1.000000000000e-12 1.000000000000e-12 1.000000000000e-12 1.000000000000e-12 1.000000000000e-12 1.000000000000e-12 2.500211470741e-11 1.868217890744e-08 9.260853983241e-06 1.677095031525e-03 1.936508547167e-02 4.315250801015e-02 6.593406765498e-02 8.765652952253e-02 1.083916083916e-01 1.282051282051e-01 1.471571906355e-01 1.653027823241e-01 1.826923076923e-01 1.993720565149e-01 2.153846153846e-01 2.307692307692e-01 2.455621301775e-01 2.597968069666e-01 2.735042735043e-01 2.867132867133e-01 2.994505494505e-01 3.117408906883e-01 3.236074270557e-01 3.350717079531e-01 3.461538461538e-01 3.568726355612e-01 3.672456575682e-01 3.772893772894e-01 3.870192307692e-01 3.964497041420e-01 4.055944055944e-01 4.144661308840e-01 4.230769230769e-01 4.314381270903e-01 4.395604395604e-01 4.474539544962e-01 4.551282051282e-01 4.625922023182e-01 4.698544698545e-01 4.769230769231e-01 4.838056680162e-01 4.905094905095e-01 4.970414201183e-01 5.034079844206e-01 5.096153846154e-01 5.156695156695e-01 5.215759849906e-01 5.273401297498e-01 5.329670329670e-01 5.384615384615e-01 5.438282647585e-01 5.490716180371e-01 5.541958041958e-01 5.592048401037e-01 5.641025641026e-01 5.688926458157e-01 5.735785953177e-01 5.781637717122e-01 5.826513911620e-01 5.870445344130e-01 5.913461538461e-01 5.955590800952e-01 5.996860282575e-01 6.037296037296e-01 6.076923076923e-01 6.115765422696e-01 6.153846153846e-01 6.191187453323e-01 6.227810650888e-01 6.263736263736e-01 6.298984034833e-01 6.333572969087e-01 6.367521367521e-01 6.400846859562e-01 6.433566433567e-01 6.465696465696e-01 6.497252747253e-01 6.528250510551e-01 6.558704453441e-01 6.588628762542e-01 6.618037135278e-01 6.646942800789e-01 6.675358539765e-01 6.703296703297e-01 6.730769230769e-01
1.000000000000e-12 1.000000000000e-12 1.000000000000e-12 1.000000000000e-12 1.000000000000e-12 1.000000000000e-12 1.000000000000e-12 1.000000000000e-12 1.000000000000e-12 1.000000000000e-12 1.000000000000e-12 1.000000000000e-12 1.000000000000e-12 1.000000000000e-12 1.000000000000e-12 1.000000000000e-12 1.000000000000e-12 1.000000000000e-12 1.000000000000e-12 1.000000000000e-12 1.000000000000e-12 1.000000000000e-12 1.000000000000e-12 1.000000000000e-12 1.000000000000e-12 1.000000000000e-12 1.000000000000e-12 1.000000000000e-12 1.000000000000e-12 1.000000000000e-12 1.000000000000e-12 1.000000000000e-12 1.000000000000e-12 1.000000000000e-12 1.000000000000e-12 1.000000000000e-12 1.077672575287e-10 7.769796632290e-08 3.487123436465e-05 3.957285399376e-03 2.513698492126e-02 4.887766727724e-02 7.152330951637e-02 9.311579029938e-02 1.137267950641e-01 1.334217551738e-01 1.522604126700e-01 1.702974251664e-01 1.875828954754e-01 2.041628363841e-01 2.200795796564e-01 2.353721369180e-01 2.500765189004e-01 2.642260185438e-01 2.778514626448e-01 2.909814360513e-01 3.036424818361e-01 3.158592804003e-01 3.276548100486e-01 3.390504912342e-01 3.500663163803e-01 3.607209669315e-01 3.710319190777e-01 3.810155394098e-01 3.906871716066e-01 4.000612151203e-01 4.091511967094e-01 4.179698355645e-01 4.265291026885e-01 4.348402751133e-01 4.429139854688e-01 4.507602673637e-01 4.583885969836e-01 4.658079312715e-01 4.730267430111e-01 4.800530531043e-01 4.868944603002e-01 4.935581686080e-01 5.000510126003e-01 5.063794807952e-01 5.125497372852e-01 5.185676417632e-01 5.244387680832e-01 5.301684214798e-01 5.357616545574e-01 5.412232821508e-01 5.465578951491e-01 5.517698733657e-01 5.568633975320e-01 5.618424604811e-01 5.667108775869e-01 5.714722965145e-01 5.761302063350e-01 5.806879460518e-01 5.851487125832e-01 5.895155682402e-01 5.937914477377e-01 5.979791647713e-01 6.020814181920e-01 6.061007978063e-01 6.100397898282e-01 6.139007820081e-01 6.176860684590e-01 6.213978542021e-01 6.250382594502e-01 6.286093236459e-01 6.321130092719e-01 6.355512054469e-01 6.389257313224e-01 6.422383392919e-01 6.454907180256e-01 6.486844953407e-01 6.518212409180e-01 6.549024688745e-01 6.579296402002e-01 6.609041650680e-01 6.638274050243e-01 6.667006750668e-01 6.695252456171e-01 6.723023443934e-01 6.750331581901e-01
1.000000000000e-12 1.000000000000e-12 1.000000000000e-12 1.000000000000e-12 1.000000000000e-12 1.000000000000e-12 1.000000000000e-12 1.000000000000e-12 1.000000000000e-12 1.000000000000e-12 1.000000000000e-12 1.000000000000e-12 1.000000000000e-12 1.000000000000e-12 1.000000000000e-12 1.000000000000e-12 1.000000000000e-12 1.000000000000e-12 1.000000000000e-12 1.000000000000e-12 1.000000000000e-12 1.000000000000e-12 1.000000000000e-12 1.000000000000e-12 1.000000000000e-12 1.000000000000e-12 1.000000000000e-12 1.000000000000e-12 1.000000000000e-12 1.000000000000e-12 1.000000000000e-12 1.000000000000e-12 1.000000000000e-12 1.000000000000e-12 1.000000000000e-12 1.000000000000e-12 4.984892465125e-10 3.433271045928e-07 1.330994315161e-04 7.932036755706e-03 3.124765768357e-02 5.486676413586e-02 7.736990799015e-02 9.882642167387e-02 1.193076393628e-01 1.388785807103e-01 1.575986115645e-01 1.755220453610e-01 1.926986694159e-01 2.091742067748e-01 2.249907226393e-01 2.401869829797e-01 2.547987717686e-01 2.688591723012e-01 2.823988172586e-01 2.954461114903e-01 3.080274309279e-01 3.201673005608e-01 3.318885539994e-01 3.432124768130e-01 3.541589355328e-01 3.647464939666e-01 3.749925182575e-01 3.849132719360e-01 3.945240020620e-01 4.038390174148e-01 4.128717595752e-01 4.216348676413e-01 4.301402372348e-01 4.383990743763e-01 4.464219447424e-01 4.542188187601e-01 4.617991129440e-01 4.691717278351e-01 4.763450828644e-01 4.833271484262e-01 4.901254754206e-01 4.967472224930e-01 5.031991811790e-01 5.094877991388e-01 5.156192016496e-01 5.215992115057e-01 5.274333674630e-01 5.331269413490e-01 5.386849539520e-01 5.441121897878e-01 5.494132108368e-01 5.545923693329e-01 5.596538196814e-01 5.646015295726e-01 5.694392903552e-01 5.741707267249e-01 5.787993057822e-01 5.833283455050e-01 5.877610226805e-01 5.921003803365e-01 5.963493347080e-01 6.005106817728e-01 6.045871033874e-01 6.085811730502e-01 6.124953613197e-01 6.163320409105e-01 6.200934914898e-01 6.237819041938e-01 6.273993858843e-01 6.309479631616e-01 6.344295861506e-01 6.378461320744e-01 6.411994086293e-01 6.444911571740e-01 6.477230557451e-01 6.508967219096e-01 6.540137154640e-01 6.570755409909e-01 6.600836502804e-01 6.630394446258e-01 6.659442769997e-01 6.687994541193e-01 6.716062384065e-01 6.743658498485e-01 6.770794677664e-01
1.000000000000e-12 1.000000000000e-12 1.000000000000e-12 1.000000000000e-12 1.000000000000e-12 1.000000000000e-12 1.000000000000e-12 1.000000000000e-12 1.000000000000e-12 1.000000000000e-12 1.000000000000e-12 1.000000000000e-12 1.000000000000e-12 1.000000000000e-12 1.000000000000e-12 1.000000000000e-12 1.000000000000e-12 1.000000000000e-12 1.000000000000e-12 1.000000000000e-12 1.000000000000e-12 1.000000000000e-12 1.000000000000e-12 1.000000000000e-12 1.000000000000e-12 1.000000000000e-12 1.000000000000e-12 1.000000000000e-12 1.000000000000e-12 1.000000000000e-12 1.000000000000e-12 1.000000000000e-12 1.000000000000e-12 1.000000000000e-12 1.000000000000e-12 2.631793666097e-12 2.475188318152e-09 1.604624055609e-06 4.946389194254e-04 1.345111378050e-02 3.765381262387e-02 6.112369005571e-02 8.347788212768e-02 1.047923499686e-01 1.251379783784e-01 1.445793566366e-01 1.631754575793e-01 1.809802350776e-01 1.980431468469e-01 2.144096132377e-01 2.301214209730e-01 2.452170793853e-01 2.597321355509e-01 2.736994537481e-01 2.871494638639e-01 3.001103827027e-01 3.126084115830e-01 3.246679131342e-01 3.363115698043e-01 3.475605262483e-01 3.584345174775e-01 3.689519844041e-01 3.791301782040e-01 3.889852547405e-01 3.985323601351e-01 4.077857084408e-01 4.167586522523e-01 4.254637469948e-01 4.339128095390e-01 4.421169717196e-01 4.500867292664e-01 4.578319866007e-01 4.653620978979e-01 4.726859047760e-01 4.798117709277e-01 4.867476139820e-01 4.935009348506e-01 5.000788447877e-01 5.064880903673e-01 5.127350765652e-01 5.188258881081e-01 5.247663092426e-01 5.305618420567e-01 5.362177234777e-01 5.417389410553e-01 5.471302476312e-01 5.523961749843e-01 5.575410465362e-01 5.625689891892e-01 5.674839443668e-01 5.722896783183e-01 5.769897917434e-01 5.815877287897e-01 5.860867854693e-01 5.904901175388e-01 5.948007478805e-01 5.990215734234e-01 6.031553716356e-01 6.072048066189e-01 6.111724348348e-01 6.150607104865e-01 6.188719905807e-01 6.226085396926e-01 6.262725344529e-01 6.298660677755e-01 6.333911528443e-01 6.368497268740e-01 6.402436546603e-01 6.435747319319e-01 6.468446885197e-01 6.500551913514e-01 6.532078472851e-01 6.563042057915e-01 6.593457614925e-01 6.623339565671e-01 6.652701830317e-01 6.681557849021e-01 6.709920602449e-01 6.737802631242e-01 6.765216054508e-01 6.792172587387e-01
1.000000000000e-12 1.000000000000e-12 1.000000000000e-12 1.000000000000e-12 1.000000000000e-12 1.000000000000e-12 1.000000000000e-12 1.000000000000e-12 1.000000000000e-12 1.000000000000e-12 1.000000000000e-12 1.000000000000e-12 1.000000000000e-12 1.000000000000e-12 1.000000000000e-12 1.000000000000e-12 1.000000000000e-12 1.000000000000e-12 1.000000000000e-12 1.000000000000e-12 1.000000000000e-12 1.000000000000e-12 1.000000000000e-12 1.000000000000e-12 1.000000000000e-12 1.000000000000e-12 1.000000000000e-12 1.000000000000e-12 1.000000000000e-12 1.000000000000e-12 1.000000000000e-12 1.000000000000e-12 1.000000000000e-12 1.000000000000e-12 1.000000000000e-12 1.450166774805e-11 1.318503104393e-08 7.861279400676e-06 1.667300003207e-03 1.995748548358e-02 4.434381607058e-02 6.765211249671e-02 8.985087065012e-02 1.110171294692e-01 1.312212856176e-01 1.505274792706e-01 1.689942731995e-01 1.866752461101e-01 2.036195118162e-01 2.198721748403e-01 2.354747313435e-01 2.504654228858e-01 2.648795493688e-01 2.787497465505e-01 2.921062327255e-01 3.049770284941e-01 3.173881529853e-01 3.293637994241e-01 3.409264925375e-01 3.520972299521e-01 3.628956094529e-01 3.733399437242e-01 3.834473639867e-01 3.932339137647e-01 4.027146338621e-01 4.119036394950e-01 4.208141904118e-01 4.294587547340e-01 4.378490671644e-01 4.459961821330e-01 4.539105223882e-01 4.616019234814e-01 4.690796745441e-01 4.763525557147e-01 4.834288725294e-01 4.903164875623e-01 4.970228495681e-01 5.035550203529e-01 5.099196995792e-01 5.161232476858e-01 5.221717070897e-01 5.280708218170e-01 5.338260556973e-01 5.394426092431e-01 5.449254353235e-01 5.502792537315e-01 5.555085647346e-01 5.606176616917e-01 5.656106428088e-01 5.704914221031e-01 5.752637396353e-01 5.799311710679e-01 5.844971365997e-01 5.889649093245e-01 5.933376230551e-01 5.976182796545e-01 6.018097559081e-01 6.059148099709e-01 6.099360874202e-01 6.138761269412e-01 6.177373656718e-01 6.215221442295e-01 6.252327114429e-01 6.288712288075e-01 6.324397746844e-01 6.359403482588e-01 6.393748732753e-01 6.427452015624e-01 6.460531163627e-01 6.493003354787e-01 6.524885142470e-01 6.556192483530e-01 6.586940764926e-01 6.617144828954e-01 6.646818997121e-01 6.675977092798e-01 6.704632462688e-01 6.732797997194e-01 6.760486149761e-01 6.787708955225e-01 6.814478047265e-01
1.000000000000e-12 1.000000000000e-12 1.000000000000e-12 1.000000000000e-12 1.000000000000e-12 1.000000000000e-12 1.000000000000e-12 1.000000000000e-12 1.000000000000e-12 1.000000000000e-12 1.000000000000e-12 1.000000000000e-12 1.000000000000e-12 1.000000000000e-12 1.000000000000e-12 1.000000000000e-12 1.000000000000e-12 1.000000000000e-12 1.000000000000e-12 1.000000000000e-12 1.000000000000e-12 1.000000000000e-12 1.000000000000e-12 1.000000000000e-12 1.000000000000e-12 1.000000000000e-12 1.000000000000e-12 1.000000000000e-12 1.000000000000e-12 1.000000000000e-12 1.000000000000e-12 1.000000000000e-12 1.000000000000e-12 1.000000000000e-12 1.000000000000e-12 8.637366928183e-11 7.519332584305e-08 3.964740895562e-05 4.637467250554e-03 2.701600693665e-02 5.131677328414e-02 7.445531916116e-02 9.649209709525e-02 1.175039087902e-01 1.375606381359e-01 1.567259572884e-01 1.750580016952e-01 1.926099591059e-01 2.094305849579e-01 2.255646546526e-01 2.410533615596e-01 2.559346681957e-01 2.702436168842e-01 2.840126052449e-01 2.972716310737e-01 3.100485105087e-01 3.223690728211e-01 3.342573347014e-01 3.457356565169e-01 3.568248826776e-01 3.675444679663e-01 3.779125914423e-01 3.879462593223e-01 3.976613980632e-01 4.070729387184e-01 4.161948935074e-01 4.250404254239e-01 4.336219116116e-01 4.419510011468e-01 4.500386677968e-01 4.578952582568e-01 4.655305363096e-01 4.729537233053e-01 4.801735353148e-01 4.871982172700e-01 4.940355743731e-01 5.006930010261e-01 5.071775075062e-01 5.134957445895e-01 5.196540263035e-01 5.256583509747e-01 5.315144207158e-01 5.372276594876e-01 5.428032298552e-01 5.482460485474e-01 5.535608009174e-01 5.587519543951e-01 5.638237710113e-01 5.687803190679e-01 5.736254840222e-01 5.783629786442e-01 5.829963525053e-01 5.875290008476e-01 5.919641728815e-01 5.963049795530e-01 6.005544008208e-01 6.047152924789e-01 6.087903925565e-01 6.127823273263e-01 6.166936169493e-01 6.205266807798e-01 6.242838423562e-01 6.279673340978e-01 6.315793017280e-01 6.351218084421e-01 6.385968388379e-01 6.420063026225e-01 6.453520381120e-01 6.486358155368e-01 6.518593401650e-01 6.550242552543e-01 6.581321448467e-01 6.611845364105e-01 6.641829033450e-01 6.671286673507e-01 6.700232006781e-01 6.728678282584e-01 6.756638297263e-01 6.784124413388e-01 6.811148577982e-01 6.837722339832e-01
1.000000000000e-12 1.000000000000e-12 1.000000000000e-12 1.000000000000e-12 1.000000000000e-12 1.000000000000e-12 1.000000000000e-12 1.000000000000e-12 1.000000000000e-12 1.000000000000e-12 1.000000000000e-12 1.000000000000e-12 1.000000000000e-12 1.000000000000e-12 1.000000000000e-12 1.000000000000e-12 1.000000000000e-12 1.000000000000e-12 1.000000000000e-12 1.000000000000e-12 1.000000000000e-12 1.000000000000e-12 1.000000000000e-12 1.000000000000e-12 1.000000000000e-12 1.000000000000e-12 1.000000000000e-12 1.000000000000e-12 1.000000000000e-12 1.000000000000e-12 1.000000000000e-12 1.000000000000e-12 1.000000000000e-12 1.000000000000e-12 1.000000000000e-12 5.561462870099e-10 4.569960612711e-07 1.982817086137e-04 1.000830886110e-02 3.443981443529e-02 5.857456386622e-02 8.153614877598e-02 1.034043356821e-01 1.242553976429e-01 1.441586840601e-01 1.631773799699e-01 1.813691760575e-01 1.987868531627e-01 2.154787937218e-01 2.314894305846e-01 2.468596419729e-01 2.616270999734e-01 2.758265788201e-01 2.894902282763e-01 3.026478166416e-01 3.153269472481e-01 3.275532517615e-01 3.393505631341e-01 3.507410706663e-01 3.617454592991e-01 3.723830349774e-01 3.826718376827e-01 3.926287435265e-01 4.022695571214e-01 4.116090952913e-01 4.206612630561e-01 4.294391227067e-01 4.379549566962e-01 4.462203249801e-01 4.542461173717e-01 4.620426014092e-01 4.696194661781e-01 4.769858624812e-01 4.841504397075e-01 4.911213797114e-01 4.979064279819e-01 5.045129223506e-01 5.109478194629e-01 5.172177192134e-01 5.233288873246e-01 5.292872762331e-01 5.350985444277e-01 5.407680743737e-01 5.463009891403e-01 5.517021678410e-01 5.569762599841e-01 5.621276988215e-01 5.671607137775e-01 5.720793420301e-01 5.768874393106e-01 5.815886899850e-01 5.861866164686e-01 5.906845880288e-01 5.950858290177e-01 5.993934265813e-01 6.036103378805e-01 6.077393968609e-01 6.117833206046e-01 6.157447152923e-01 6.196260818045e-01 6.234298209865e-01 6.271582386005e-01 6.308135499867e-01 6.343978844529e-01 6.379132894100e-01 6.413617342728e-01 6.447451141381e-01 6.480652532584e-01 6.513239083208e-01 6.545227715472e-01 6.576634736241e-01 6.607475864743e-01 6.637766258808e-01 6.667520539703e-01 6.696752815671e-01 6.725476704230e-01 6.753705353332e-01 6.781451461423e-01 6.808727296495e-01 6.835544714172e-01 6.861915174887e-01
1.000000000000e-12 1.000000000000e-12 1.000000000000e-12 1.000000000000e-12 1.000000000000e-12 1.000000000000e-12 1.000000000000e-12 1.000000000000e-12 1.000000000000e-12 1.000000000000e-12 1.000000000000e-12 1.000000000000e-12 1.000000000000e-12 1.000000000000e-12 1.000000000000e-12 1.000000000000e-12 1.000000000000e-12 1.000000000000e-12 1.000000000000e-12 1.000000000000e-12 1.000000000000e-12 1.000000000000e-12 1.000000000000e-12 1.000000000000e-12 1.000000000000e-12 1.000000000000e-12 1.000000000000e-12 1.000000000000e-12 1.000000000000e-12 1.000000000000e-12 1.000000000000e-12 1.000000000000e-12 1.000000000000e-12 1.000000000000e-12 3.395453978661e-12 3.867551427327e-09 2.932481674267e-06 9.106496259400e-04 1.718276060160e-02 4.217439783618e-02 6.611937354966e-02 8.889694820823e-02 1.105898780089e-01 1.312738343343e-01 1.510176108267e-01 1.698838861417e-01 1.879298886169e-01 2.052079760931e-01 2.217661432578e-01 2.376484668648e-01 2.528954975275e-01 2.675446054191e-01 2.816302860841e-01 2.951844316297e-01 3.082365717847e-01 3.208140886614e-01 3.329424085067e-01 3.446451732697e-01 3.559443944203e-01 3.668605911250e-01 3.774129146062e-01 3.876192602684e-01 3.974963689738e-01 4.070599186726e-01 4.163246074434e-01 4.253042288673e-01 4.340117405511e-01 4.424593265131e-01 4.506584540643e-01 4.586199257446e-01 4.663539268054e-01 4.738700686813e-01 4.811774288385e-01 4.882845873476e-01 4.951996604916e-01 5.019303316850e-01 5.084838799523e-01 5.148672061867e-01 5.210868573894e-01 5.271490490680e-01 5.330596859547e-01 5.388243811898e-01 5.444484741021e-01 5.499370467033e-01 5.552949390045e-01 5.605267632515e-01 5.656369171671e-01 5.706295962802e-01 5.755088054134e-01 5.802783693975e-01 5.849419430708e-01 5.895030206195e-01 5.939649443084e-01 5.983309126492e-01 6.026039880465e-01 6.067871039618e-01 6.108830716289e-01 6.148945863544e-01 6.188242334324e-01 6.226744937008e-01 6.264477487638e-01 6.301462859047e-01 6.337723027096e-01 6.373279114211e-01 6.408151430421e-01 6.442359512036e-01 6.475922158148e-01 6.508857465082e-01 6.541182858924e-01 6.572915126273e-01 6.604070443307e-01 6.634664403277e-01 6.664712042534e-01 6.694227865166e-01 6.723225866349e-01 6.751719554468e-01 6.779721972101e-01 6.807245715929e-01 6.834302955625e-01 6.860905451796e-01 6.887064573031e-01
1.000000000000e-12 1.000000000000e-12 1.000000000000e-12 1.000000000000e-12 1.000000000000e-12 1.000000000000e-12 1.000000000000e-12 1.000000000000e-12 1.000000000000e-12 1.000000000000e-12 1.000000000000e-12 1.000000000000e-12 1.000000000000e-12 1.000000000000e-12 1.000000000000e-12 1.000000000000e-12 1.000000000000e-12 1.000000000000e-12 1.000000000000e-12 1.000000000000e-12 1.000000000000e-12 1.000000000000e-12 1.000000000000e-12 1.000000000000e-12 1.000000000000e-12 1.000000000000e-12 1.000000000000e-12 1.000000000000e-12 1.000000000000e-12 1.000000000000e-12 1.000000000000e-12 1.000000000000e-12 1.000000000000e-12 1.000000000000e-12 2.659840814155e-11 2.897152727358e-08 1.949113924009e-05 3.369805232557e-03 2.525027733571e-02 5.020832582662e-02 7.395302613377e-02 9.653953748483e-02 1.180505008776e-01 1.385609543455e-01 1.581391144740e-01 1.768471341524e-01 1.947417616708e-01 2.118749156778e-01 2.282941882679e-01 2.440432864665e-01 2.591624207372e-01 2.736886477815e-01 2.876561737857e-01 3.010966233369e-01 3.140392784603e-01 3.265112915792e-01 3.385378756582e-01 3.501424743308e-01 3.613469144286e-01 3.721715429976e-01 3.826353506143e-01 3.927560825714e-01 4.025503393042e-01 4.120336672517e-01 4.212206412009e-01 4.301249390286e-01 4.387594096494e-01 4.471361348785e-01 4.552664858361e-01 4.631611744472e-01 4.708303005265e-01 4.782833948853e-01 4.855294588453e-01 4.925770005049e-01 4.994340680656e-01 5.061082804914e-01 5.126068557481e-01 5.189366368423e-01 5.251041158571e-01 5.311154561628e-01 5.369765129607e-01 5.426928523069e-01 5.482697687422e-01 5.537123016489e-01 5.590252504388e-01 5.642131886689e-01 5.692804771728e-01 5.742312762857e-01 5.790695572370e-01 5.837991127737e-01 5.884235670762e-01 5.929463850204e-01 5.973708808354e-01 6.017002262028e-01 6.059374578389e-01 6.100854845985e-01 6.141470941339e-01 6.181249591429e-01 6.220216432332e-01 6.258396064329e-01 6.295812103686e-01 6.332487231372e-01 6.368443238908e-01 6.403701071540e-01 6.438280868929e-01 6.472202003510e-01 6.505483116685e-01 6.538142152977e-01 6.570196392302e-01 6.601662480446e-01 6.632556457896e-01 6.662893787104e-01 6.692689378291e-01 6.721957613881e-01 6.750712371654e-01 6.778967046683e-01 6.806734572143e-01 6.834027439048e-01 6.860857714988e-01 6.887237061921e-01 6.913176753072e-01
1.000000000000e-12 1.000000000000e-12 1.000000000000e-12 1.000000000000e-12 1.000000000000e-12 1.000000000000e-12 1.000000000000e-12 1.000000000000e-12 1.000000000000e-12 1.000000000000e-12 1.000000000000e-12 1.000000000000e-12 1.000000000000e-12 1.000000000000e-12 1.000000000000e-12 1.000000000000e-12 1.000000000000e-12 1.000000000000e-12 1.000000000000e-12 1.000000000000e-12 1.000000000000e-12 1.000000000000e-12 1.000000000000e-12 1.000000000000e-12 1.000000000000e-12 1.000000000000e-12 1.000000000000e-12 1.000000000000e-12 1.000000000000e-12 1.000000000000e-12 1.000000000000e-12 1.000000000000e-12 1.000000000000e-12 1.000000000000e-12 2.266837177889e-10 2.324469078066e-07 1.287150750437e-04 8.896090203886e-03 3.377018564005e-02 5.854032676031e-02 8.207680740351e-02 1.044651779306e-01 1.257874355989e-01 1.461179603524e-01 1.655243703444e-01 1.840682732256e-01 2.018059194598e-01 2.187887722373e-01 2.350640061490e-01 2.506749447990e-01 2.656614459031e-01 2.800602410814e-01 2.939052364452e-01 3.072277791538e-01 3.200568943547e-01 3.324194962755e-01 3.443405766992e-01 3.558433735992e-01 3.669495223302e-01 3.776791914433e-01 3.880512049192e-01 3.980831523796e-01 4.077914886315e-01 4.171916237326e-01 4.262980046118e-01 4.351241891562e-01 4.436829135629e-01 4.519861536590e-01 4.600451808111e-01 4.678706129732e-01 4.754724613593e-01 4.828601731712e-01 4.900426707660e-01 4.970283876048e-01 5.038253012858e-01 5.104409639354e-01 5.168825301994e-01 5.231567830539e-01 5.292701576302e-01 5.352287632298e-01 5.410384036894e-01 5.467045962365e-01 5.522325889653e-01 5.576273770500e-01 5.628937177994e-01 5.680361446489e-01 5.730589801762e-01 5.779663482202e-01 5.827621851722e-01 5.874502505073e-01 5.920341366128e-01 5.965172779687e-01 6.009029597299e-01 6.051943257543e-01 6.093943861186e-01 6.135060241595e-01 6.175320030745e-01 6.214749721150e-01 6.253374723995e-01 6.291219423753e-01 6.328307229515e-01 6.364660623283e-01 6.400301205407e-01 6.435249737394e-01 6.469526182226e-01 6.503149742395e-01 6.536138895769e-01 6.568511429453e-01 6.600284471774e-01 6.631474522491e-01 6.662097481378e-01 6.692168675239e-01 6.721702883496e-01 6.750714362403e-01 6.779216867996e-01 6.807223677839e-01 6.834747611651e-01 6.861801050868e-01 6.888395957216e-01 6.914543890349e-01 6.940256024596e-01
1.000000000000e-12 1.000000000000e-12 1.000000000000e-12 1.000000000000e-12 1.000000000000e-12 1.000000000000e-12 1.000000000000e-12 1.000000000000e-12 1.000000000000e-12 1.000000000000e-12 1.000000000000e-12 1.000000000000e-12 1.000000000000e-12 1.000000000000e-12 1.000000000000e-12 1.000000000000e-12 1.000000000000e-12 1.000000000000e-12 1.000000000000e-12 1.000000000000e-12 1.000000000000e-12 1.000000000000e-12 1.000000000000e-12 1.000000000000e-12 1.000000000000e-12 1.000000000000e-12 1.000000000000e-12 1.000000000000e-12 1.000000000000e-12 1.000000000000e-12 1.000000000000e-12 1.000000000000e-12 1.000000000000e-12 1.472702940718e-12 2.098278626470e-09 1.974512671140e-06 7.690012923154e-04 1.697237234334e-02 4.262314502436e-02 6.717067418612e-02 9.049140611633e-02 1.126745425500e-01 1.338013391560e-01 1.539454940593e-01 1.731740055580e-01 1.915479165456e-01 2.091229618380e-01 2.259501328628e-01 2.420761717615e-01 2.575440049908e-01 2.723931248910e-01 2.866599263637e-01 3.003780047029e-01 3.135784197085e-01 3.262899304546e-01 3.385392044464e-01 3.503510043670e-01 3.617483551675e-01 3.727526938716e-01 3.833840041449e-01 3.936609374092e-01 4.036009220418e-01 4.132202620089e-01 4.225342261040e-01 4.315571288211e-01 4.403024037623e-01 4.487826703720e-01 4.570097946948e-01 4.649949447728e-01 4.727486412254e-01 4.802808034936e-01 4.876007921768e-01 4.947174478410e-01 5.016391266377e-01 5.083737330345e-01 5.149287499273e-01 5.213112663757e-01 5.275280031760e-01 5.335853364686e-01 5.394893195513e-01 5.452457030569e-01 5.508599536364e-01 5.563372712750e-01 5.616826053560e-01 5.669006695780e-01 5.719959558182e-01 5.769727470297e-01 5.818351292477e-01 5.865870027790e-01 5.912320926354e-01 5.957739582728e-01 6.002160026874e-01 6.045614809190e-01 6.088135080059e-01 6.129750664314e-01 6.170490131005e-01 6.210380858807e-01 6.249449097376e-01 6.287720024954e-01 6.325217802480e-01 6.361965624455e-01 6.397985766787e-01 6.433299631819e-01 6.467927790733e-01 6.501890023514e-01 6.535205356624e-01 6.567892098543e-01 6.599967873323e-01 6.631449652273e-01 6.662353783904e-01 6.692696022232e-01 6.722491553563e-01 6.751755021835e-01 6.780500552615e-01 6.808741775838e-01 6.836491847352e-01 6.863763469358e-01 6.890568909791e-01 6.916920020725e-01 6.942828255845e-01 6.968304687046e-01
1.000000000000e-12 1.000000000000e-12 1.000000000000e-12 1.000000000000e-12 1.000000000000e-12 1.000000000000e-12 1.000000000000e-12 1.000000000000e-12 1.000000000000e-12 1.000000000000e-12 1.000000000000e-12 1.000000000000e-12 1.000000000000e-12 1.000000000000e-12 1.000000000000e-12 1.000000000000e-12 1.000000000000e-12 1.000000000000e-12 1.000000000000e-12 1.000000000000e-12 1.000000000000e-12 1.000000000000e-12 1.000000000000e-12 1.000000000000e-12 1.000000000000e-12 1.000000000000e-12 1.000000000000e-12 1.000000000000e-12 1.000000000000e-12 1.000000000000e-12 1.000000000000e-12 1.000000000000e-12 1.000000000000e-12 1.549509906428e-11 2.101198041386e-08 1.732731358826e-05 3.478780738177e-03 2.618837546276e-02 5.178625393383e-02 7.609936523739e-02 9.919688098908e-02 1.211676887696e-01 1.420922676084e-01 1.620436102222e-01 1.810880736262e-01 1.992861164345e-01 2.166929399903e-01 2.333590476501e-01 2.493307341574e-01 2.646505150929e-01 2.793575047911e-01 2.934877497952e-01 3.070745238376e-01 3.201485894255e-01 3.327384303621e-01 3.448704589010e-01 3.565692007063e-01 3.678574603430e-01 3.787564696475e-01 3.892860210094e-01 3.994645873259e-01 4.093094301566e-01 4.188366974122e-01 4.280615117389e-01 4.369980506180e-01 4.456596190700e-01 4.540587157508e-01 4.622070931277e-01 4.701158123464e-01 4.777952933269e-01 4.852553605651e-01 4.925052850641e-01 4.995538227716e-01 5.064092498569e-01 5.130793951291e-01 5.195716698607e-01 5.258930952573e-01 5.320503277864e-01 5.380496825584e-01 5.438971549311e-01 5.495984404944e-01 5.551589535747e-01 5.605838443848e-01 5.658780149344e-01 5.710461338042e-01 5.760926498771e-01 5.810218051111e-01 5.858376464317e-01 5.905440368131e-01 5.951446656130e-01 5.996430582173e-01 6.040425850500e-01 6.083464699952e-01 6.125577982748e-01 6.166795238250e-01 6.207144762058e-01 6.246653670787e-01 6.285347962841e-01 6.323252575465e-01 6.360391438339e-01 6.396787523955e-01 6.432462895005e-01 6.467438748976e-01 6.501735460151e-01 6.535372619188e-01 6.568369070434e-01 6.600742947128e-01 6.632511704631e-01 6.663692151811e-01 6.694300480693e-01 6.724352294505e-01 6.753862634194e-01 6.782846003531e-01 6.811316392881e-01 6.839287301715e-01 6.866771759961e-01 6.893782348237e-01 6.920331217056e-01 6.946430105047e-01 6.972090356265e-01 6.997322936629e-01
1.000000000000e-12 1.000000000000e-12 1.000000000000e-12 1.000000000000e-12 1.000000000000e-12 1.000000000000e-12 1.000000000000e-12 1.000000000000e-12 1.000000000000e-12 1.000000000000e-12 1.000000000000e-12 1.000000000000e-12 1.000000000000e-12 1.000000000000e-12 1.000000000000e-12 1.000000000000e-12 1.000000000000e-12 1.000000000000e-12 1.000000000000e-12 1.000000000000e-12 1.000000000000e-12 1.000000000000e-12 1.000000000000e-12 1.000000000000e-12 1.000000000000e-12 1.000000000000e-12 1.000000000000e-12 1.000000000000e-12 1.000000000000e-12 1.000000000000e-12 1.000000000000e-12 1.000000000000e-12 1.000000000000e-12 1.783163640735e-10 2.257827841699e-07 1.484246576455e-04 1.007216554292e-02 3.588703430726e-02 6.125541071928e-02 8.532577921605e-02 1.081926347256e-01 1.299440338786e-01 1.506596521196e-01 1.704117532331e-01 1.892660315687e-01 2.072823419783e-01 2.245153345440e-01 2.410150082771e-01 2.568271956046e-01 2.719939875311e-01 2.865541077804e-01 3.005432429220e-01 3.139943344043e-01 3.269378375287e-01 3.394019516486e-01 3.514128252549e-01 3.629947390897e-01 3.741702699828e-01 3.849604377418e-01 3.953848371021e-01 4.054617564837e-01 4.152082850659e-01 4.246404095004e-01 4.337731014130e-01 4.426203967035e-01 4.511954675234e-01 4.595106877125e-01 4.675776923735e-01 4.754074321915e-01 4.830102230293e-01 4.903957912717e-01 4.975733153383e-01 5.045514637364e-01 5.113384299866e-01 5.179419647165e-01 5.243694051870e-01 5.306277024871e-01 5.367234466107e-01 5.426628896028e-01 5.484519669496e-01 5.540963173628e-01 5.596013010990e-01 5.649720169393e-01 5.702133179400e-01 5.753298260598e-01 5.803259457532e-01 5.852058766165e-01 5.899736251612e-01 5.946330157843e-01 5.991877010002e-01 6.036411709891e-01 6.079967625167e-01 6.122576672720e-01 6.164269396669e-01 6.205075041385e-01 6.245021619897e-01 6.284135978023e-01 6.322443854538e-01 6.359969937655e-01 6.396737918083e-01 6.432770538902e-01 6.468089642478e-01 6.502716214610e-01 6.536670426119e-01 6.569971672021e-01 6.602638608478e-01 6.634689187644e-01 6.666140690563e-01 6.697009758243e-01 6.727312421011e-01 6.757064126275e-01 6.786279764777e-01 6.814973695448e-01 6.843159768940e-01 6.870851349914e-01 6.898061338176e-01 6.924802188709e-01 6.951085930686e-01 6.976924185510e-01 7.002328183951e-01 7.027308782418e-01
1.000000000000e-12 1.000000000000e-12 1.000000000000e-12 1.000000000000e-12 1.000000000000e-12 1.000000000000e-12 1.000000000000e-12 1.000000000000e-12 1.000000000000e-12 1.000000000000e-12 1.000000000000e-12 1.000000000000e-12 1.000000000000e-12 1.000000000000e-12 1.000000000000e-12 1.000000000000e-12 1.000000000000e-12 1.000000000000e-12 1.000000000000e-12 1.000000000000e-12 1.000000000000e-12 1.000000000000e-12 1.000000000000e-12 1.000000000000e-12 1.000000000000e-12 1.000000000000e-12 1.000000000000e-12 1.000000000000e-12 1.000000000000e-12 1.000000000000e-12 1.000000000000e-12 1.000000000000e-12 1.255176044814e-12 2.237589817437e-09 2.559914690520e-06 1.081612351437e-03 1.954839979905e-02 4.592177734838e-02 7.102883401307e-02 9.484860705533e-02 1.174773918782e-01 1.390023335397e-01 1.595022779792e-01 1.790487366309e-01 1.977067198892e-01 2.155354594473e-01 2.325890364158e-01 2.489169292580e-01 2.645644932318e-01 2.795733811250e-01 2.939819135025e-01 3.078254053946e-01 3.211364552909e-01 3.339452014175e-01 3.462795495394e-01 3.581653759114e-01 3.696267084844e-01 3.806858890373e-01 3.913637185367e-01 4.016795877140e-01 4.116515945854e-01 4.212966504119e-01 4.306305754053e-01 4.396681853195e-01 4.484233699239e-01 4.569091642327e-01 4.651378132595e-01 4.731208309720e-01 4.808690540460e-01 4.883926909439e-01 4.957013667875e-01 5.028041644384e-01 5.097096621545e-01 5.164259681524e-01 5.229607523666e-01 5.293212756684e-01 5.355144167780e-01 5.415466970796e-01 5.474243035273e-01 5.531531098117e-01 5.587386959391e-01 5.641863663596e-01 5.695011667698e-01 5.746878997003e-01 5.797511389896e-01 5.846952432368e-01 5.895243683154e-01 5.942424790244e-01 5.988533599446e-01 6.033606255632e-01 6.077677297236e-01 6.120779744519e-01 6.162945182079e-01 6.204203836035e-01 6.244584646290e-01 6.284115334224e-01 6.322822466159e-01 6.360731512900e-01 6.397866905625e-01 6.434252088397e-01 6.469909567513e-01 6.504860957933e-01 6.539127026973e-01 6.572727735449e-01 6.605682276455e-01 6.638009111917e-01 6.669726007087e-01 6.700850063096e-01 6.731397747697e-01 6.761384924323e-01 6.790826879557e-01 6.819738349111e-01 6.848133542422e-01 6.876026165940e-01 6.903429445187e-01 6.930356145663e-01 6.956818592683e-01 6.982828690182e-01 7.008397938570e-01 7.033537451691e-01 7.058257972927e-01
1.000000000000e-12 1.000000000000e-12 1.000000000000e-12 1.000000000000e-12 1.000000000000e-12 1.000000000000e-12 1.000000000000e-12 1.000000000000e-12 1.000000000000e-12 1.000000000000e-12 1.000000000000e-12 1.000000000000e-12 1.000000000000e-12 1.000000000000e-12 1.000000000000e-12 1.000000000000e-12 1.000000000000e-12 1.000000000000e-12 1.000000000000e-12 1.000000000000e-12 1.000000000000e-12 1.000000000000e-12 1.000000000000e-12 1.000000000000e-12 1.000000000000e-12 1.000000000000e-12 1.000000000000e-12 1.000000000000e-12 1.000000000000e-12 1.000000000000e-12 1.000000000000e-12 1.000000000000e-12 1.809647225895e-11 3.042077019440e-08 2.949276123278e-05 5.189078746546e-03 3.006681753858e-02 5.626940462020e-02 8.110440037713e-02 1.046658259774e-01 1.270491803279e-01 1.483406637345e-01 1.686182669789e-01 1.879527258864e-01 2.064083457526e-01 2.240437158470e-01 2.409123307199e-01 2.570631321939e-01 2.725409836066e-01 2.873870859819e-01 3.016393442623e-01 3.153326904532e-01 3.284993694830e-01 3.411691927003e-01 3.533697632058e-01 3.651266766021e-01 3.764637002342e-01 3.874029335634e-01 3.979649519503e-01 4.081689358155e-01 4.180327868852e-01 4.275732330019e-01 4.368059227922e-01 4.457455113193e-01 4.544057377049e-01 4.627994955864e-01 4.709388971684e-01 4.788353315390e-01 4.864995178399e-01 4.939415538133e-01 5.011709601873e-01 5.081967213115e-01 5.150273224044e-01 5.216707837413e-01 5.281346920691e-01 5.344262295082e-01 5.405522001726e-01 5.465190547158e-01 5.523329129887e-01 5.579995849761e-01 5.635245901639e-01 5.689131754706e-01 5.741703318673e-01 5.793008097966e-01 5.843091334895e-01 5.891996142719e-01 5.939763629432e-01 5.986433013002e-01 6.032041728763e-01 6.076625529564e-01 6.120218579235e-01 6.162853539903e-01 6.204561653599e-01 6.245372818615e-01 6.285315660970e-01 6.324417601380e-01 6.362704918033e-01 6.400202805476e-01 6.436935429909e-01 6.472925981123e-01 6.508196721312e-01 6.542769031001e-01 6.576663452266e-01 6.609899729428e-01 6.642496847415e-01 6.674473067916e-01 6.705845963501e-01 6.736632449824e-01 6.766848816029e-01 6.796510753497e-01 6.825633383010e-01 6.854231280461e-01 6.882318501171e-01 6.909908602931e-01 6.937014667817e-01 6.963649322880e-01 6.989824759751e-01 7.015552753257e-01 7.040844679077e-01 7.065711530514e-01 7.090163934426e-01
1.000000000000e-12 1.000000000000e-12 1.000000000000e-12 1.000000000000e-12 1.000000000000e-12 1.000000000000e-12 1.000000000000e-12 1.000000000000e-12 1.000000000000e-12 1.000000000000e-12 1.000000000000e-12 1.000000000000e-12 1.000000000000e-12 1.000000000000e-12 1.000000000000e-12 1.000000000000e-12 1.000000000000e-12 1.000000000000e-12 1.000000000000e-12 1.000000000000e-12 1.000000000000e-12 1.000000000000e-12 1.000000000000e-12 1.000000000000e-12 1.000000000000e-12 1.000000000000e-12 1.000000000000e-12 1.000000000000e-12 1.000000000000e-12 1.000000000000e-12 1.000000000000e-12 1.000000000000e-12 2.864035905745e-10 4.422465120465e-07 3.138475768698e-04 1.402666111207e-02 4.100681465136e-02 6.692466797653e-02 9.147928068289e-02 1.147746837404e-01 1.369053166469e-01 1.579564064848e-01 1.780050634732e-01 1.971212247878e-01 2.153684696790e-01 2.328047259083e-01 2.494828840408e-01 2.654513333165e-01 2.807544305391e-01 2.954329115485e-01 3.095242533175e-01 3.230629934485e-01 3.360810128053e-01 3.486077861486e-01 3.606706049236e-01 3.722947757432e-01 3.835037976049e-01 3.943195204539e-01 4.047622873427e-01 4.148510621335e-01 4.246035444312e-01 4.340362732111e-01 4.431647204173e-01 4.520033756488e-01 4.605658229043e-01 4.688648102442e-01 4.769123131193e-01 4.847195920280e-01 4.922972450864e-01 4.996552560272e-01 5.068030380839e-01 5.137494741672e-01 5.205029536927e-01 5.270714063818e-01 5.334623333226e-01 5.396828355450e-01 5.457396403405e-01 5.516391255308e-01 5.573873418702e-01 5.629900337453e-01 5.684526583234e-01 5.737804032824e-01 5.789782032424e-01 5.840507550105e-01 5.890025317366e-01 5.938377960691e-01 5.985606123939e-01 6.031748582284e-01 6.076842348395e-01 6.120922771447e-01 6.164023629542e-01 6.206177216030e-01 6.247414420204e-01 6.287764802782e-01 6.327256666582e-01 6.365917122724e-01 6.403772152695e-01 6.440846666585e-01 6.477164557742e-01 6.512748754129e-01 6.547621266587e-01 6.581803234245e-01 6.615314967243e-01 6.648175986978e-01 6.680405064026e-01 6.712020253893e-01 6.743038930743e-01 6.773477819241e-01 6.803353024618e-01 6.832680061090e-01 6.861473878716e-01 6.889748888817e-01 6.917518988025e-01 6.944797581051e-01 6.971597602270e-01 6.997931536163e-01 7.023811436714e-01 7.049248945801e-01 7.074255310667e-01 7.098841400494e-01 7.123017722156e-01
1.000000000000e-12 1.000000000000e-12 1.000000000000e-12 1.000000000000e-12 1.000000000000e-12 1.000000000000e-12 1.000000000000e-12 1.000000000000e-12 1.000000000000e-12 1.000000000000e-12 1.000000000000e-12 1.000000000000e-12 1.000000000000e-12 1.000000000000e-12 1.000000000000e-12 1.000000000000e-12 1.000000000000e-12 1.000000000000e-12 1.000000000000e-12 1.000000000000e-12 1.000000000000e-12 1.000000000000e-12 1.000000000000e-12 1.000000000000e-12 1.000000000000e-12 1.000000000000e-12 1.000000000000e-12 1.000000000000e-12 1.000000000000e-12 1.000000000000e-12 1.000000000000e-12 2.220069651257e-12 4.948220249459e-09 6.682153350603e-06 2.427777386381e-03 2.522805854863e-02 5.226938468241e-02 7.788367104942e-02 1.021498901592e-01 1.251716878473e-01 1.470423956511e-01 1.678462396596e-01 1.876594244296e-01 2.065510657219e-01 2.245839960464e-01 2.418154628010e-01 2.582977353488e-01 2.740786345967e-01 2.892019963759e-01 3.037080780825e-01 3.176339165209e-01 3.310136436479e-01 3.438787658855e-01 3.562584118121e-01 3.681795523341e-01 3.796671968372e-01 3.907445683222e-01 4.014332601060e-01 4.117533763111e-01 4.217236580685e-01 4.313615971007e-01 4.406835381319e-01 4.497047713878e-01 4.584396162864e-01 4.669014972819e-01 4.751030127084e-01 4.830559973643e-01 4.907715794932e-01 4.982602327359e-01 5.055318235658e-01 5.125956546578e-01 5.194605045922e-01 5.261346642506e-01 5.326259702198e-01 5.389418354871e-01 5.450892776806e-01 5.510749450795e-01 5.569051405980e-01 5.625858439236e-01 5.681227319752e-01 5.735211978255e-01 5.787863682228e-01 5.839231198298e-01 5.889360942897e-01 5.938297122148e-01 5.986081861888e-01 6.032755328610e-01 6.078355842074e-01 6.122919980232e-01 6.166482677084e-01 6.209077314005e-01 6.250735805060e-01 6.291488676744e-01 6.331365142585e-01 6.370393172983e-01 6.408599560636e-01 6.446009981880e-01 6.482649054231e-01 6.518540390413e-01 6.553706649095e-01 6.588169582604e-01 6.621950081787e-01 6.655068218240e-01 6.687543284082e-01 6.719393829427e-01 6.750637697718e-01 6.781292059061e-01 6.811373441686e-01 6.840897761671e-01 6.869880351013e-01 6.898335984186e-01 6.926278903247e-01 6.953722841611e-01 6.980681046553e-01 7.007166300530e-01 7.033190941395e-01 7.058766881555e-01 7.083905626158e-01 7.108618290343e-01 7.132915615634e-01 7.156807985503e-01
1.000000000000e-12 1.000000000000e-12 1.000000000000e-12 1.000000000000e-12 1.000000000000e-12 1.000000000000e-12 1.000000000000e-12 1.000000000000e-12 1.000000000000e-12 1.000000000000e-12 1.000000000000e-12 1.000000000000e-12 1.000000000000e-12 1.000000000000e-12 1.000000000000e-12 1.000000000000e-12 1.000000000000e-12 1.000000000000e-12 1.000000000000e-12 1.000000000000e-12 1.000000000000e-12 1.000000000000e-12 1.000000000000e-12 1.000000000000e-12 1.000000000000e-12 1.000000000000e-12 1.000000000000e-12 1.000000000000e-12 1.000000000000e-12 1.000000000000e-12 1.000000000000e-12 4.465329642932e-11 9.228206231495e-08 9.776987533542e-05 9.799195198423e-03 3.709522415283e-02 6.384031897778e-02 8.914192910615e-02 1.131118783366e-01 1.358525994049e-01 1.574562844198e-01 1.780061311412e-01 1.975774137331e-01 2.162384041114e-01 2.340511676543e-01 2.510722528176e-01 2.673532907998e-01 2.829415186551e-01 2.978802370165e-01 3.122092117712e-01 3.259650275358e-01 3.391813995449e-01 3.518894495537e-01 3.641179505055e-01 3.758935440146e-01 3.872409341235e-01 3.981830602998e-01 4.087412522244e-01 4.189353685654e-01 4.287839216405e-01 4.383041896132e-01 4.475123176523e-01 4.564234093031e-01 4.650516091554e-01 4.734101777624e-01 4.815115596429e-01 4.893674451029e-01 4.969888265193e-01 5.043860496587e-01 5.115688605332e-01 5.185464482399e-01 5.253274841801e-01 5.319201580110e-01 5.383322106410e-01 5.445709645512e-01 5.506433516905e-01 5.565559391683e-01 5.623149529453e-01 5.679262997024e-01 5.733955870480e-01 5.787281422099e-01 5.839290293431e-01 5.890030655706e-01 5.939548358649e-01 5.987887068666e-01 6.035088397269e-01 6.081192020557e-01 6.126235790436e-01 6.170255838272e-01 6.213286671550e-01 6.255361264088e-01 6.296511140307e-01 6.336766453999e-01 6.376156062021e-01 6.414707593275e-01 6.452447513346e-01 6.489401185082e-01 6.525592925442e-01 6.561046058856e-01 6.595782967353e-01 6.629825137679e-01 6.663193205623e-01 6.695906997725e-01 6.727985570562e-01 6.759447247768e-01 6.790309654932e-01 6.820589752527e-01 6.850303866990e-01 6.879467720073e-01 6.908096456586e-01 6.936204670617e-01 6.963806430341e-01 6.990915301499e-01 7.017544369627e-01 7.043706261122e-01 7.069413163199e-01 7.094676842827e-01 7.119508664683e-01 7.143919608203e-01 7.167920283764e-01 7.191520948066e-01
1.000000000000e-12 1.000000000000e-12 1.000000000000e-12 1.000000000000e-12 1.000000000000e-12 1.000000000000e-12 1.000000000000e-12 1.000000000000e-12 1.000000000000e-12 1.000000000000e-12 1.000000000000e-12 1.000000000000e-12 1.000000000000e-12 1.000000000000e-12 1.000000000000e-12 1.000000000000e-12 1.000000000000e-12 1.000000000000e-12 1.000000000000e-12 1.000000000000e-12 1.000000000000e-12 1.000000000000e-12 1.000000000000e-12 1.000000000000e-12 1.000000000000e-12 1.000000000000e-12 1.000000000000e-12 1.000000000000e-12 1.000000000000e-12 1.000000000000e-12 1.000000000000e-12 9.866119939864e-10 1.813864801788e-06 1.134872771642e-03 2.142924548086e-02 4.930539903153e-02 7.571346792737e-02 1.006941848806e-01 1.243601273836e-01 1.468124318097e-01 1.681421210144e-01 1.884313375751e-01 2.077544009661e-01 2.261787172227e-01 2.437655645586e-01 2.605707742351e-01 2.766453226212e-01 2.920358476719e-01 3.067851008454e-01 3.209323436853e-01 3.345136968115e-01 3.475624478545e-01 3.601093238573e-01 3.721827328411e-01 3.838089785292e-01 3.950124516469e-01 4.058158007246e-01 4.162400849224e-01 4.263049110444e-01 4.360285566200e-01 4.454280806763e-01 4.545194236160e-01 4.633174974287e-01 4.718362673108e-01 4.800888256340e-01 4.880874590858e-01 4.958437097057e-01 5.033684304564e-01 5.106718358908e-01 5.177635484142e-01 5.246526405797e-01 5.313476738109e-01 5.378567338969e-01 5.441874635695e-01 5.503470924402e-01 5.563424645410e-01 5.621800636918e-01 5.678660368906e-01 5.734062159048e-01 5.788061372225e-01 5.840710605072e-01 5.892059856861e-01 5.942156687875e-01 5.991046366335e-01 6.038772004831e-01 6.085374687127e-01 6.130893586114e-01 6.175366073630e-01 6.218827822793e-01 6.261312903436e-01 6.302853871175e-01 6.343481850613e-01 6.383226613106e-01 6.422116649524e-01 6.460179238359e-01 6.497440509534e-01 6.533925504227e-01 6.569658230987e-01 6.604661718426e-01 6.638958064705e-01 6.672568484058e-01 6.705513350552e-01 6.737812239272e-01 6.769483965105e-01 6.800546619286e-01 6.831017603864e-01 6.860913664205e-01 6.890250919680e-01 6.919044892646e-01 6.947310535833e-01 6.975062258234e-01 7.002313949601e-01 7.029079003623e-01 7.055370339874e-01 7.081200424612e-01 7.106581290485e-01 7.131524555222e-01 7.156041439366e-01 7.180142783100e-01 7.203839062233e-01 7.227140403382e-01
1.000000000000e-12 1.000000000000e-12 1.000000000000e-12 1.000000000000e-12 1.000000000000e-12 1.000000000000e-12 1.000000000000e-12 1.000000000000e-12 1.000000000000e-12 1.000000000000e-12 1.000000000000e-12 1.000000000000e-12 1.000000000000e-12 1.000000000000e-12 1.000000000000e-12 1.000000000000e-12 1.000000000000e-12 1.000000000000e-12 1.000000000000e-12 1.000000000000e-12 1.000000000000e-12 1.000000000000e-12 1.000000000000e-12 1.000000000000e-12 1.000000000000e-12 1.000000000000e-12 1.000000000000e-12 1.000000000000e-12 1.000000000000e-12 1.000000000000e-12 8.555161620285e-12 2.369876810866e-08 3.545887357221e-05 6.890978622117e-03 3.423320441784e-02 6.182208276973e-02 8.788257564605e-02 1.125343979208e-01 1.358887558703e-01 1.580454544377e-01 1.790943180768e-01 1.991164078798e-01 2.181850648350e-01 2.363668075133e-01 2.537221073425e-01 2.703060605127e-01 2.861689722407e-01 3.013568664483e-01 3.159119317306e-01 3.298729127157e-01 3.432754544614e-01 3.561524063347e-01 3.685340908283e-01 3.804485419447e-01 3.919217170939e-01 4.029776858740e-01 4.136387986263e-01 4.239258372468e-01 4.338581503978e-01 4.434537749673e-01 4.527295453845e-01 4.617011921815e-01 4.703834310173e-01 4.787900432233e-01 4.869339487980e-01 4.948272726626e-01 5.024814048950e-01 5.099070555682e-01 5.171143047510e-01 5.241126481604e-01 5.309110389010e-01 5.375179256771e-01 5.439412878204e-01 5.501886674393e-01 5.562671989604e-01 5.621836363076e-01 5.679443779351e-01 5.735554899100e-01 5.790227272189e-01 5.843515534566e-01 5.895471590384e-01 5.946144780626e-01 5.995582039399e-01 6.043828038924e-01 6.090925324175e-01 6.136914438008e-01 6.181834037566e-01 6.225721002652e-01 6.268610536713e-01 6.310536261019e-01 6.351530302563e-01 6.391623376161e-01 6.430844861203e-01 6.469222873449e-01 6.506784332242e-01 6.543555023481e-01 6.579559658653e-01 6.614821930214e-01 6.649364563579e-01 6.683209365967e-01 6.716377272307e-01 6.748888388423e-01 6.780762031673e-01 6.812016769230e-01 6.842670454141e-01 6.872740259340e-01 6.902242709724e-01 6.931193712436e-01 6.959608585469e-01 6.987502084685e-01 7.014888429370e-01 7.041781326403e-01 7.068193993131e-01 7.094139179033e-01 7.119629186234e-01 7.144675888962e-01 7.169290751989e-01 7.193484848126e-01 7.217268874837e-01 7.240653170006e-01 7.263647726922e-01
1.000000000000e-12 1.000000000000e-12 1.000000000000e-12 1.000000000000e-12 1.000000000000e-12 1.000000000000e-12 1.000000000000e-12 1.000000000000e-12 1.000000000000e-12 1.000000000000e-12 1.000000000000e-12 1.000000000000e-12 1.000000000000e-12 1.000000000000e-12 1.000000000000e-12 1.000000000000e-12 1.000000000000e-12 1.000000000000e-12 1.000000000000e-12 1.000000000000e-12 1.000000000000e-12 1.000000000000e-12 1.000000000000e-12 1.000000000000e-12 1.000000000000e-12 1.000000000000e-12 1.000000000000e-12 1.000000000000e-12 1.000000000000e-12 1.000000000000e-12 2.434845211524e-10 6.054940803370e-07 5.817171371429e-04 1.870826592725e-02 4.741968406962e-02 7.463608180716e-02 1.003406349180e-01 1.246557528930e-01 1.476911278169e-01 1.695452014626e-01 1.903065714260e-01 2.100551916352e-01 2.288634013581e-01 2.467968106289e-01 2.639150649328e-01 2.802725079343e-01 2.959187577618e-01 3.108992097243e-01 3.252554761884e-01 3.390257725927e-01 3.522452571408e-01 3.649463305302e-01 3.771589010969e-01 3.889106199442e-01 4.002270899452e-01 4.111320519462e-01 4.216475510186e-01 4.317940852112e-01 4.415907389145e-01 4.510553026617e-01 4.602043809507e-01 4.690534894597e-01 4.776171428555e-01 4.859089342387e-01 4.939416071413e-01 5.017271208776e-01 5.092767099552e-01 5.166009381648e-01 5.237097478977e-01 5.306125051745e-01 5.373180408149e-01 5.438346881273e-01 5.501703174589e-01 5.563323679047e-01 5.623278764465e-01 5.681635047605e-01 5.738455639084e-01 5.793800371044e-01 5.847726007313e-01 5.900286437600e-01 5.951532857130e-01 6.001513932968e-01 6.050275958176e-01 6.097862994824e-01 6.144317006791e-01 6.189677983181e-01 6.233984053144e-01 6.277271592763e-01 6.319575324664e-01 6.360928410903e-01 6.401362539671e-01 6.440908006268e-01 6.479593788809e-01 6.517447619037e-01 6.554496048622e-01 6.590764511268e-01 6.626277380942e-01 6.661058026499e-01 6.695128862963e-01 6.728511399701e-01 6.761226285704e-01 6.793293352182e-01 6.824731652651e-01 6.855559500683e-01 6.885794505485e-01 6.915453605433e-01 6.944553099721e-01 6.973108678228e-01 7.001135449726e-01 7.028647968536e-01 7.055660259731e-01 7.082185842977e-01 7.108237755093e-01 7.133828571420e-01 7.158970426056e-01 7.183675031047e-01 7.207953694573e-01 7.231817338209e-01 7.255276513308e-01 7.278341416558e-01 7.301021904753e-01
1.000000000000e-12 1.000000000000e-12 1.000000000000e-12 1.000000000000e-12 1.000000000000e-12 1.000000000000e-12 1.000000000000e-12 1.000000000000e-12 1.000000000000e-12 1.000000000000e-12 1.000000000000e-12 1.000000000000e-12 1.000000000000e-12 1.000000000000e-12 1.000000000000e-12 1.000000000000e-12 1.000000000000e-12 1.000000000000e-12 1.000000000000e-12 1.000000000000e-12 1.000000000000e-12 1.000000000000e-12 1.000000000000e-12 1.000000000000e-12 1.000000000000e-12 1.000000000000e-12 1.000000000000e-12 1.000000000000e-12 1.000000000000e-12 2.024654019968e-12 7.575369623959e-09 1.561909274775e-05 5.113552566927e-03 3.245773233349e-02 6.090809300303e-02 8.773928425080e-02 1.130798596830e-01 1.370506742862e-01 1.597598670681e-01 1.813044858612e-01 2.017718737147e-01 2.212408524046e-01 2.397827368712e-01 2.574622081067e-01 2.743380670134e-01 2.904638877464e-01 3.058885858389e-01 3.206569137998e-01 3.348098947623e-01 3.483852030324e-01 3.614174989718e-01 3.739387244821e-01 3.859783643959e-01 3.975636782753e-01 4.087199064553e-01 4.194704536107e-01 4.298370526534e-01 4.398399113787e-01 4.494978439412e-01 4.588283889591e-01 4.678479158098e-01 4.765717204687e-01 4.850141120740e-01 4.931884912474e-01 5.011074210717e-01 5.087826915167e-01 5.162253780089e-01 5.234458947550e-01 5.304540433616e-01 5.372590572259e-01 5.438696421227e-01 5.502940133604e-01 5.565399298415e-01 5.626147253231e-01 5.685253371431e-01 5.742783326478e-01 5.798799335341e-01 5.853360382934e-01 5.906522429306e-01 5.958338601087e-01 6.008859368574e-01 6.058132709702e-01 6.106204262023e-01 6.153117463685e-01 6.198913684356e-01 6.243632346893e-01 6.287311040534e-01 6.329985626275e-01 6.371690335067e-01 6.412457859392e-01 6.452319438732e-01 6.491304939405e-01 6.529442929194e-01 6.566760747160e-01 6.603284568999e-01 6.639039468272e-01 6.674049473811e-01 6.708337623566e-01 6.741926015162e-01 6.774835853393e-01 6.807087494859e-01 6.838700489959e-01 6.869693622411e-01 6.900084946465e-01 6.929891821980e-01 6.959130947485e-01 6.987818391376e-01 7.015969621363e-01 7.043599532277e-01 7.070722472348e-01 7.097352268053e-01 7.123502247620e-01 7.149185263267e-01 7.174413712264e-01 7.199199556894e-01 7.223554343356e-01 7.247489219706e-01 7.271014952871e-01 7.294141944796e-01 7.316880247781e-01 7.339239579049e-01
1.000000000000e-12 1.000000000000e-12 1.000000000000e-12 1.000000000000e-12 1.000000000000e-12 1.000000000000e-12 1.000000000000e-12 1.000000000000e-12 1.000000000000e-12 1.000000000000e-12 1.000000000000e-12 1.000000000000e-12 1.000000000000e-12 1.000000000000e-12 1.000000000000e-12 1.000000000000e-12 1.000000000000e-12 1.000000000000e-12 1.000000000000e-12 1.000000000000e-12 1.000000000000e-12 1.000000000000e-12 1.000000000000e-12 1.000000000000e-12 1.000000000000e-12 1.000000000000e-12 1.000000000000e-12 1.000000000000e-12 1.000000000000e-12 7.479058586199e-11 2.522213661473e-07 3.483455385488e-04 1.707326800335e-02 4.664572271241e-02 7.468533327359e-02 1.011228950101e-01 1.260917034819e-01 1.497108466310e-01 1.720868769828e-01 1.933154185987e-01 2.134825331337e-01 2.326658859841e-01 2.509357458416e-01 2.683558447755e-01 2.849841210306e-01 3.008733627855e-01 3.160717679423e-01 3.306234324542e-01 3.445687776114e-01 3.579449250071e-01 3.707860265070e-01 3.831235553990e-01 3.949865639490e-01 4.064019117990e-01 4.173944689879e-01 4.279872968245e-01 4.382018093812e-01 4.480579179886e-01 4.575741607819e-01 4.667678190737e-01 4.756550220891e-01 4.842508413991e-01 4.925693762153e-01 5.006238305611e-01 5.084265832086e-01 5.159892511592e-01 5.233227473538e-01 5.304373332141e-01 5.373426665492e-01 5.440478452949e-01 5.505614475050e-01 5.568915679626e-01 5.630458517409e-01 5.690315250048e-01 5.748554233155e-01 5.805240176713e-01 5.860434384914e-01 5.914194977318e-01 5.966577092993e-01 6.017633079158e-01 6.067412665669e-01 6.115963126586e-01 6.163329429921e-01 6.209554376548e-01 6.254678729208e-01 6.298741332394e-01 6.341779223878e-01 6.383827738546e-01 6.424920605153e-01 6.465090036556e-01 6.504366813927e-01 6.542780365423e-01 6.580358839712e-01 6.617129174769e-01 6.653117162271e-01 6.688347507931e-01 6.722843888057e-01 6.756629002613e-01 6.789724625036e-01 6.822151649025e-01 6.853930132535e-01 6.885079339144e-01 6.915617776995e-01 6.945563235471e-01 6.974932819745e-01 7.003742983367e-01 7.032009558995e-01 7.059747787416e-01 7.086972344939e-01 7.113697369298e-01 7.139936484123e-01 7.165702822103e-01 7.191009046906e-01 7.215867373925e-01 7.240289589943e-01 7.264287071769e-01 7.287870803909e-01 7.311051395329e-01 7.333839095369e-01 7.356243808853e-01 7.378275110446e-01
1.000000000000e-12 1.000000000000e-12 1.000000000000e-12 1.000000000000e-12 1.000000000000e-12 1.000000000000e-12 1.000000000000e-12 1.000000000000e-12 1.000000000000e-12 1.000000000000e-12 1.000000000000e-12 1.000000000000e-12 1.000000000000e-12 1.000000000000e-12 1.000000000000e-12 1.000000000000e-12 1.000000000000e-12 1.000000000000e-12 1.000000000000e-12 1.000000000000e-12 1.000000000000e-12 1.000000000000e-12 1.000000000000e-12 1.000000000000e-12 1.000000000000e-12 1.000000000000e-12 1.000000000000e-12 1.000000000000e-12 1.000000000000e-12 3.033228182544e-09 8.543449928762e-06 4.189285258944e-03 3.179589037070e-02 6.112751756213e-02 8.874140834667e-02 1.147773681042e-01 1.393668856568e-01 1.626272400985e-01 1.846633653591e-01 2.055694329140e-01 2.254301970912e-01 2.443221435036e-01 2.623144734201e-01 2.794699507825e-01 2.958456337192e-01 3.114935085255e-01 3.264610409488e-01 3.407916570989e-01 3.545251642426e-01 3.676981200744e-01 3.803441576729e-01 3.924942722284e-01 4.041770746855e-01 4.154190166726e-01 4.262445904379e-01 4.366765069754e-01 4.467358550651e-01 4.564422435727e-01 4.658139290284e-01 4.748679302313e-01 4.836201313941e-01 4.920853751417e-01 5.002775465104e-01 5.082096489468e-01 5.158938731820e-01 5.233416597484e-01 5.305637558128e-01 5.375702669201e-01 5.443707041713e-01 5.509740272992e-01 5.573886840521e-01 5.636226462485e-01 5.696834428284e-01 5.755781901869e-01 5.813136200493e-01 5.868961051153e-01 5.923316826796e-01 5.976260764110e-01 6.027847164570e-01 6.078127580208e-01 6.127150985456e-01 6.174963936253e-01 6.221610717518e-01 6.267133479957e-01 6.311572367101e-01 6.354965633370e-01 6.397349753912e-01 6.438759526856e-01 6.479228168596e-01 6.518787402657e-01 6.557467542628e-01 6.595297569632e-01 6.632305204744e-01 6.668516976736e-01 6.703958285494e-01 6.738653461436e-01 6.772625821213e-01 6.805897719964e-01 6.838490600372e-01 6.870425038752e-01 6.901720788364e-01 6.932396820163e-01 6.962471361142e-01 6.991961930451e-01 7.020885373427e-01 7.049257893681e-01 7.077095083363e-01 7.104411951742e-01 7.131222952190e-01 7.157542007674e-01 7.183382534877e-01 7.208757466995e-01 7.233679275326e-01 7.258159989703e-01 7.282211217864e-01 7.305844163795e-01 7.329069645142e-01 7.351898109713e-01 7.374339651156e-01 7.396404023836e-01 7.418100656971e-01
1.000000000000e-12 1.000000000000e-12 1.000000000000e-12 1.000000000000e-12 1.000000000000e-12 1.000000000000e-12 1.000000000000e-12 1.000000000000e-12 1.000000000000e-12 1.000000000000e-12 1.000000000000e-12 1.000000000000e-12 1.000000000000e-12 1.000000000000e-12 1.000000000000e-12 1.000000000000e-12 1.000000000000e-12 1.000000000000e-12 1.000000000000e-12 1.000000000000e-12 1.000000000000e-12 1.000000000000e-12 1.000000000000e-12 1.000000000000e-12 1.000000000000e-12 1.000000000000e-12 1.000000000000e-12 1.000000000000e-12 2.865379880361e-11 1.321400423775e-07 2.526183114330e-04 1.651372054139e-02 4.700755939334e-02 7.588591615162e-02 1.030657420234e-01 1.286924351083e-01 1.528954230220e-01 1.757901413187e-01 1.974798744419e-01 2.180573135588e-01 2.376058807198e-01 2.562008592388e-01 2.739103625903e-01 2.907961681114e-01 3.069144370180e-01 3.223163384176e-01 3.370485919303e-01 3.511539410381e-01 3.646715672665e-01 3.776374536488e-01 3.900847045758e-01 4.020438280155e-01 4.135429851691e-01 4.246082118640e-01 4.352636153480e-01 4.455315496144e-01 4.554327719427e-01 4.649865829613e-01 4.742109522206e-01 4.831226309965e-01 4.917372538132e-01 5.000694299802e-01 5.081328262708e-01 5.159402417269e-01 5.235036754499e-01 5.308343881353e-01 5.379429580120e-01 5.448393317730e-01 5.515328710116e-01 5.580323946202e-01 5.643462175542e-01 5.704821863210e-01 5.764477115110e-01 5.822497976547e-01 5.878950706594e-01 5.933898030506e-01 5.987399372209e-01 6.039511068674e-01 6.090286567794e-01 6.139776611239e-01 6.188029403599e-01 6.235090768987e-01 6.281004296194e-01 6.325811473348e-01 6.369551812952e-01 6.412262968093e-01 6.453980840557e-01 6.494739681470e-01 6.534572185090e-01 6.573509576269e-01 6.611581692088e-01 6.648817058109e-01 6.685242959651e-01 6.720885508472e-01 6.755769705191e-01 6.789919497767e-01 6.823357836332e-01 6.856106724618e-01 6.888187268244e-01 6.919619720080e-01 6.950423522879e-01 6.980617349385e-01 7.010219140078e-01 7.039246138718e-01 7.067714925845e-01 7.095641450361e-01 7.123041059320e-01 7.149928526056e-01 7.176318076740e-01 7.202223415486e-01 7.227657748072e-01 7.252633804395e-01 7.277163859714e-01 7.301259754761e-01 7.324932914806e-01 7.348194367721e-01 7.371054761103e-01 7.393524378529e-01 7.415613154982e-01 7.437330691495e-01 7.458686269066e-01
1.000000000000e-12 1.000000000000e-12 1.000000000000e-12 1.000000000000e-12 1.000000000000e-12 1.000000000000e-12 1.000000000000e-12 1.000000000000e-12 1.000000000000e-12 1.000000000000e-12 1.000000000000e-12 1.000000000000e-12 1.000000000000e-12 1.000000000000e-12 1.000000000000e-12 1.000000000000e-12 1.000000000000e-12 1.000000000000e-12 1.000000000000e-12 1.000000000000e-12 1.000000000000e-12 1.000000000000e-12 1.000000000000e-12 1.000000000000e-12 1.000000000000e-12 1.000000000000e-12 1.000000000000e-12 1.000000000000e-12 1.525059503554e-09 5.868433126043e-06 3.906250000000e-03 3.226536218462e-02 6.250000417375e-02 9.090909091139e-02 1.176470588235e-01 1.428571428571e-01 1.666666666667e-01 1.891891891892e-01 2.105263157895e-01 2.307692307692e-01 2.500000000000e-01 2.682926829268e-01 2.857142857143e-01 3.023255813953e-01 3.181818181818e-01 3.333333333333e-01 3.478260869565e-01 3.617021276596e-01 3.750000000000e-01 3.877551020408e-01 4.000000000000e-01 4.117647058823e-01 4.230769230769e-01 4.339622641509e-01 4.444444444444e-01 4.545454545455e-01 4.642857142857e-01 4.736842105263e-01 4.827586206897e-01 4.915254237288e-01 5.000000000000e-01 5.081967213115e-01 5.161290322581e-01 5.238095238095e-01 5.312500000000e-01 5.384615384615e-01 5.454545454545e-01 5.522388059701e-01 5.588235294118e-01 5.652173913044e-01 5.714285714286e-01 5.774647887324e-01 5.833333333333e-01 5.890410958904e-01 5.945945945946e-01 6.000000000000e-01 6.052631578947e-01 6.103896103896e-01 6.153846153846e-01 6.202531645570e-01 6.250000000000e-01 6.296296296296e-01 6.341463414634e-01 6.385542168675e-01 6.428571428571e-01 6.470588235294e-01 6.511627906977e-01 6.551724137931e-01 6.590909090909e-01 6.629213483146e-01 6.666666666667e-01 6.703296703297e-01 6.739130434782e-01 6.774193548387e-01 6.808510638298e-01 6.842105263158e-01 6.875000000000e-01 6.907216494845e-01 6.938775510204e-01 6.969696969697e-01 7.000000000000e-01 7.029702970297e-01 7.058823529412e-01 7.087378640777e-01 7.115384615385e-01 7.142857142857e-01 7.169811320755e-01 7.196261682243e-01 7.222222222222e-01 7.247706422018e-01 7.272727272727e-01 7.297297297297e-01 7.321428571429e-01 7.345132743363e-01 7.368421052632e-01 7.391304347826e-01 7.413793103448e-01 7.435897435897e-01 7.457627118644e-01 7.478991596639e-01 7.500000000000e-01
1.000000000000e-12 1.000000000000e-12 1.000000000000e-12 1.000000000000e-12 1.000000000000e-12 1.000000000000e-12 1.000000000000e-12 1.000000000000e-12 1.000000000000e-12 1.000000000000e-12 1.000000000000e-12 1.000000000000e-12 1.000000000000e-12 1.000000000000e-12 1.000000000000e-12 1.000000000000e-12 1.000000000000e-12 1.000000000000e-12 1.000000000000e-12 1.000000000000e-12 1.000000000000e-12 1.000000000000e-12 1.000000000000e-12 1.000000000000e-12 1.000000000000e-12 1.000000000000e-12 1.000000000000e-12 1.367700546280e-11 8.733848727003e-08 2.257280031871e-04 1.702557255307e-02 4.851938102804e-02 7.825301159424e-02 1.061847384495e-01 1.324734226127e-01 1.572598962523e-01 1.806693435787e-01 2.028134153738e-01 2.237920097061e-01 2.436947786880e-01 2.626024092208e-01 2.805877163130e-01 2.977165802103e-01 3.140487527635e-01 3.296385538371e-01 3.445354748629e-01 3.587847036703e-01 3.724275823156e-01 3.855020076840e-01 3.980427830374e-01 4.100819273766e-01 4.216489484085e-01 4.327710840160e-01 4.434735163931e-01 4.537795623858e-01 4.637108430697e-01 4.732874351577e-01 4.825280064707e-01 4.914499373937e-01 5.000694299802e-01 5.084016061472e-01 5.164605962104e-01 5.242596188521e-01 5.318110534735e-01 5.391265057630e-01 5.462168672128e-01 5.530923692247e-01 5.597626323706e-01 5.662367113064e-01 5.725231357802e-01 5.786299481262e-01 5.845647375892e-01 5.903346717893e-01 5.959465256004e-01 6.014067076869e-01 6.067212849178e-01 6.118960048531e-01 6.169363164783e-01 6.218473893440e-01 6.266341312510e-01 6.313012046104e-01 6.358530415905e-01 6.402938581565e-01 6.446276670944e-01 6.488582901051e-01 6.529893690451e-01 6.570243763818e-01 6.609666249291e-01 6.648192769185e-01 6.685853524588e-01 6.722677374314e-01 6.758691908663e-01 6.793923518351e-01 6.828397459014e-01 6.862137911578e-01 6.895168038824e-01 6.927510038420e-01 6.959185192663e-01 6.990213915187e-01 7.020615794831e-01 7.050409636883e-01 7.079613501865e-01 7.108244742042e-01 7.136320035809e-01 7.163855420080e-01 7.190866320841e-01 7.217367581965e-01 7.243373492414e-01 7.268897811929e-01 7.293953795306e-01 7.318554215348e-01 7.342711384579e-01 7.366437175788e-01 7.389743041489e-01 7.412640032354e-01 7.435138814681e-01 7.457249686968e-01 7.478982595627e-01 7.500347149901e-01 7.521352636036e-01 7.542008030736e-01
1.000000000000e-12 1.000000000000e-12 1.000000000000e-12 1.000000000000e-12 1.000000000000e-12 1.000000000000e-12 1.000000000000e-12 1.000000000000e-12 1.000000000000e-12 1.000000000000e-12 1.000000000000e-12 1.000000000000e-12 1.000000000000e-12 1.000000000000e-12 1.000000000000e-12 1.000000000000e-12 1.000000000000e-12 1.000000000000e-12 1.000000000000e-12 1.000000000000e-12 1.000000000000e-12 1.000000000000e-12 1.000000000000e-12 1.000000000000e-12 1.000000000000e-12 1.000000000000e-12 1.000000000000e-12 9.618884781315e-10 5.083436076427e-06 4.189285258944e-03 3.387492351294e-02 6.503541177141e-02 9.425305305107e-02 1.216999302304e-01 1.475322852237e-01 1.718885056458e-01 1.948916027112e-01 2.166512891244e-01 2.372657288843e-01 2.568230178873e-01 2.754024424401e-01 2.930755536001e-01 3.099070880382e-01 3.259557604094e-01 3.412749476728e-01 3.559132821690e-01 3.699151673392e-01 3.833212276086e-01 3.961687020334e-01 4.084917897470e-01 4.203219539521e-01 4.316881901491e-01 4.426172634155e-01 4.531339188227e-01 4.632610684742e-01 4.730199581383e-01 4.824303160287e-01 4.915104859229e-01 5.002775465104e-01 5.087474186035e-01 5.169349616267e-01 5.248540606165e-01 5.325177048001e-01 5.399380586921e-01 5.471265265251e-01 5.540938107324e-01 5.608499651152e-01 5.674044432478e-01 5.737661426118e-01 5.799434448928e-01 5.859442528229e-01 5.917760239099e-01 5.974458013556e-01 6.029602424329e-01 6.083256445622e-01 6.135479693014e-01 6.186328644422e-01 6.235856843845e-01 6.284115089436e-01 6.331151607292e-01 6.377012212200e-01 6.421740456494e-01 6.465377768001e-01 6.507963578025e-01 6.549535440191e-01 6.590129140895e-01 6.629778802047e-01 6.668516976736e-01 6.706374738364e-01 6.743381763776e-01 6.779566410845e-01 6.814955790945e-01 6.849575836696e-01 6.883451365334e-01 6.916606138043e-01 6.949062915537e-01 6.980843510167e-01 7.011968834804e-01 7.042458948735e-01 7.072333100768e-01 7.101609769760e-01 7.130306702733e-01 7.158440950745e-01 7.186028902680e-01 7.213086317077e-01 7.239628352153e-01 7.265669594114e-01 7.291224083888e-01 7.316305342371e-01 7.340926394276e-01 7.365099790692e-01 7.388837630415e-01 7.412151580143e-01 7.435052893593e-01 7.457552429614e-01 7.479660669357e-01 7.501387732552e-01 7.522743392958e-01 7.543737093017e-01 7.564377957782e-01 7.584674808134e-01
1.000000000000e-12 1.000000000000e-12 1.000000000000e-12 1.000000000000e-12 1.000000000000e-12 1.000000000000e-12 1.000000000000e-12 1.000000000000e-12 1.000000000000e-12 1.000000000000e-12 1.000000000000e-12 1.000000000000e-12 1.000000000000e-12 1.000000000000e-12 1.000000000000e-12 1.000000000000e-12 1.000000000000e-12 1.000000000000e-12 1.000000000000e-12 1.000000000000e-12 1.000000000000e-12 1.000000000000e-12 1.000000000000e-12 1.000000000000e-12 1.000000000000e-12 1.000000000000e-12 8.099140205271e-12 7.276946146640e-08 2.495928201331e-04 1.862517990357e-02 5.118535178647e-02 8.179220460669e-02 1.104861981869e-01 1.374411618782e-01 1.628105394700e-01 1.867302383423e-01 2.093210650550e-01 2.306907659995e-01 2.509357458416e-01 2.701425215893e-01 2.883889585495e-01 3.057453254142e-01 3.222751986186e-01 3.380362405112e-01 3.530808714087e-01 3.674568520440e-01 3.812077900431e-01 3.943735817443e-01 4.069907987913e-01 4.190930273874e-01 4.307111668396e-01 4.418736929800e-01 4.526068911920e-01 4.629350630563e-01 4.728807100367e-01 4.824646971269e-01 4.917063989640e-01 5.006238305611e-01 5.092337645169e-01 5.175518363048e-01 5.255926390330e-01 5.333698088849e-01 5.408961022900e-01 5.481834657457e-01 5.552430990935e-01 5.620855129536e-01 5.687205809391e-01 5.751575871937e-01 5.814052697350e-01 5.874718600287e-01 5.933651191712e-01 5.990923710138e-01 6.046605325275e-01 6.100761416710e-01 6.153453829998e-01 6.204741112264e-01 6.254678729208e-01 6.303319265192e-01 6.350712607946e-01 6.396906119238e-01 6.441944792748e-01 6.485871400245e-01 6.528726627071e-01 6.570549197829e-01 6.611375993093e-01 6.651242157880e-01 6.690181202556e-01 6.728225096779e-01 6.765404357043e-01 6.801748128312e-01 6.837284260220e-01 6.872039378240e-01 6.906038950216e-01 6.939307348600e-01 6.971867908721e-01 7.003742983367e-01 7.034953993956e-01 7.065521478555e-01 7.095465136937e-01 7.124803872928e-01 7.153555834198e-01 7.181738449701e-01 7.209368464900e-01 7.236461974950e-01 7.263034455960e-01 7.289100794475e-01 7.314675315281e-01 7.339771807662e-01 7.364403550183e-01 7.388583334127e-01 7.412323485635e-01 7.435635886665e-01 7.458531994820e-01 7.481022862122e-01 7.503119152805e-01 7.524831160172e-01 7.546168822585e-01 7.567141738631e-01 7.587759181524e-01 7.608030112772e-01 7.627963195165e-01
1.000000000000e-12 1.000000000000e-12 1.000000000000e-12 1.000000000000e-12 1.000000000000e-12 1.000000000000e-12 1.000000000000e-12 1.000000000000e-12 1.000000000000e-12 1.000000000000e-12 1.000000000000e-12 1.000000000000e-12 1.000000000000e-12 1.000000000000e-12 1.000000000000e-12 1.000000000000e-12 1.000000000000e-12 1.000000000000e-12 1.000000000000e-12 1.000000000000e-12 1.000000000000e-12 1.000000000000e-12 1.000000000000e-12 1.000000000000e-12 1.000000000000e-12 1.000000000000e-12 7.579069460368e-10 5.547364431731e-06 5.113552566927e-03 3.662383193740e-02 6.873385349906e-02 9.877469612978e-02 1.269379868755e-01 1.533944115156e-01 1.782945758828e-01 2.017718737147e-01 2.239448772226e-01 2.449193400004e-01 2.647898836846e-01 2.836414251286e-01 3.015503895004e-01 3.185857458540e-01 3.348098947623e-01 3.502794320934e-01 3.650458086367e-01 3.791559017781e-01 3.926525126090e-01 4.055747995748e-01 4.179586579170e-01 4.298370526534e-01 4.412403116003e-01 4.521963839219e-01 4.627310688464e-01 4.728682184908e-01 4.826299181484e-01 4.920366469094e-01 5.011074210717e-01 5.098599224564e-01 5.183106134485e-01 5.264748403392e-01 5.343669263336e-01 5.420002554101e-01 5.493873480648e-01 5.565399298415e-01 5.634689934377e-01 5.701848550772e-01 5.766972057578e-01 5.830151579107e-01 5.891472879414e-01 5.951016750727e-01 6.008859368574e-01 6.065072616903e-01 6.119724386113e-01 6.172878846577e-01 6.224596700002e-01 6.274935410669e-01 6.323949418423e-01 6.371690335067e-01 6.418207125643e-01 6.463546275951e-01 6.507751947502e-01 6.550866120989e-01 6.592928729270e-01 6.633977780725e-01 6.674049473811e-01 6.713178303531e-01 6.751397160467e-01 6.788737422990e-01 6.825229043184e-01 6.860900626968e-01 6.895779508891e-01 6.929891821980e-01 6.963262563045e-01 6.995915653765e-01 7.027873997874e-01 7.059159534739e-01 7.089793289585e-01 7.119795420620e-01 7.149185263267e-01 7.177981371719e-01 7.206201558002e-01 7.233862928715e-01 7.260981919609e-01 7.287574328157e-01 7.313655344232e-01 7.339239579049e-01 7.364341092454e-01 7.388973418693e-01 7.413149590742e-01 7.436882163304e-01 7.460183234547e-01 7.483064466668e-01 7.505537105358e-01 7.527611998231e-01 7.549299612282e-01 7.570610050436e-01 7.591553067243e-01 7.612138083762e-01 7.632374201696e-01 7.652270216808e-01 7.671834631668e-01
1.000000000000e-12 1.000000000000e-12 1.000000000000e-12 1.000000000000e-12 1.000000000000e-12 1.000000000000e-12 1.000000000000e-12 1.000000000000e-12 1.000000000000e-12 1.000000000000e-12 1.000000000000e-12 1.000000000000e-12 1.000000000000e-12 1.000000000000e-12 1.000000000000e-12 1.000000000000e-12 1.000000000000e-12 1.000000000000e-12 1.000000000000e-12 1.000000000000e-12 1.000000000000e-12 1.000000000000e-12 1.000000000000e-12 1.000000000000e-12 1.000000000000e-12 5.906830076963e-12 7.610600535768e-08 3.392119217310e-04 2.133702745181e-02 5.499974025390e-02 8.649972161642e-02 1.159674725247e-01 1.435934890083e-01 1.695452014626e-01 1.939703425961e-01 2.169997613790e-01 2.387497680074e-01 2.593240986018e-01 2.788155696912e-01 2.973074781607e-01 3.148747912066e-01 3.315851621528e-01 3.474998011492e-01 3.626742243783e-01 3.771589010969e-01 3.909998144059e-01 4.042389488753e-01 4.169147159205e-01 4.290623260055e-01 4.407141152707e-01 4.518998329653e-01 4.626468950640e-01 4.729806086205e-01 4.829243707220e-01 4.924998453383e-01 5.017271208776e-01 5.106248508619e-01 5.192103797941e-01 5.274998560046e-01 5.355083330214e-01 5.432498608044e-01 5.507375680044e-01 5.579837362624e-01 5.649998674328e-01 5.717967445042e-01 5.783844868964e-01 5.847726007313e-01 5.909700246010e-01 5.969851712980e-01 6.028259659169e-01 6.084998806895e-01 6.140139668770e-01 6.193748840037e-01 6.245889266886e-01 6.296620493009e-01 6.345998886436e-01 6.394077848456e-01 6.440908006268e-01 6.486537390803e-01 6.531011601046e-01 6.574373956033e-01 6.616665635588e-01 6.657925810764e-01 6.698191764851e-01 6.737499005746e-01 6.775881370384e-01 6.813371121891e-01 6.849999040031e-01 6.885794505485e-01 6.920785578457e-01 6.954999072030e-01 6.988460620689e-01 7.021194744377e-01 7.053224908416e-01 7.084573579603e-01 7.115262278765e-01 7.145311630028e-01 7.174741407038e-01 7.203570576353e-01 7.231817338208e-01 7.259499164827e-01 7.286632836462e-01 7.313234475320e-01 7.339319577501e-01 7.364903043103e-01 7.389999204597e-01 7.414621853610e-01 7.438784266193e-01 7.462499226691e-01 7.485779050300e-01 7.508635604388e-01 7.531080328673e-01 7.553124254310e-01 7.574778021971e-01 7.596051898971e-01 7.616955795501e-01 7.637499280023e-01 7.657691593869e-01 7.677541665107e-01 7.697058121703e-01 7.716249304022e-01
1.000000000000e-12 1.000000000000e-12 1.000000000000e-12 1.000000000000e-12 1.000000000000e-12 1.000000000000e-12 1.000000000000e-12 1.000000000000e-12 1.000000000000e-12 1.000000000000e-12 1.000000000000e-12 1.000000000000e-12 1.000000000000e-12 1.000000000000e-12 1.000000000000e-12 1.000000000000e-12 1.000000000000e-12 1.000000000000e-12 1.000000000000e-12 1.000000000000e-12 1.000000000000e-12 1.000000000000e-12 1.000000000000e-12 1.000000000000e-12 1.000000000000e-12 7.406738930610e-10 7.582890394806e-06 6.890978622117e-03 4.050087794045e-02 7.358606452108e-02 1.044665288111e-01 1.333547053010e-01 1.604373707603e-01 1.858786625555e-01 2.098234077744e-01 2.323998818380e-01 2.537221073425e-01 2.738917801170e-01 2.929998911666e-01 3.111280990854e-01 3.283498966083e-01 3.447316064471e-01 3.603332348650e-01 3.752092061472e-01 3.894089969166e-01 4.029776858740e-01 4.159564318333e-01 4.283828907304e-01 4.402915805069e-01 4.517142013129e-01 4.626799172866e-01 4.732156051829e-01 4.833460743140e-01 4.930942615911e-01 5.024814048950e-01 5.115271975333e-01 5.202499261488e-01 5.286665941111e-01 5.367930321436e-01 5.446439977005e-01 5.522332644055e-01 5.595737026939e-01 5.666773526505e-01 5.735554899100e-01 5.802186853802e-01 5.866768594512e-01 5.929393312777e-01 5.990148636467e-01 6.049117038872e-01 6.106376212222e-01 6.161999409190e-01 6.216055755540e-01 6.268610536713e-01 6.319725460867e-01 6.369458900585e-01 6.417866115244e-01 6.464999455833e-01 6.510908553809e-01 6.555640495427e-01 6.599239982827e-01 6.641749483041e-01 6.683209365967e-01 6.723658032235e-01 6.763132031847e-01 6.801666174325e-01 6.839293631098e-01 6.876046030736e-01 6.911953547624e-01 6.947044984583e-01 6.981347849925e-01 7.014888429370e-01 7.047691853223e-01 7.079782159166e-01 7.111182351003e-01 7.141914453652e-01 7.171999564666e-01 7.201457902534e-01 7.230308851993e-01 7.258571006564e-01 7.286262208518e-01 7.313399586433e-01 7.339999590528e-01 7.366078025915e-01 7.391650083915e-01 7.416730371570e-01 7.441332939460e-01 7.465471307956e-01 7.489158491993e-01 7.512407024475e-01 7.535228978379e-01 7.557635987666e-01 7.579639267057e-01 7.601249630744e-01 7.622477510118e-01 7.643332970555e-01 7.663825727333e-01 7.683965160718e-01 7.703760330285e-01 7.723219988503e-01 7.742352593641e-01 7.761166322028e-01
1.000000000000e-12 1.000000000000e-12 1.000000000000e-12 1.000000000000e-12 1.000000000000e-12 1.000000000000e-12 1.000000000000e-12 1.000000000000e-12 1.000000000000e-12 1.000000000000e-12 1.000000000000e-12 1.000000000000e-12 1.000000000000e-12 1.000000000000e-12 1.000000000000e-12 1.000000000000e-12 1.000000000000e-12 1.000000000000e-12 1.000000000000e-12 1.000000000000e-12 1.000000000000e-12 1.000000000000e-12 1.000000000000e-12 1.000000000000e-12 5.250745790031e-12 9.916355002310e-08 5.559563397395e-04 2.516787325649e-02 5.994739425115e-02 9.236299359424e-02 1.226175604729e-01 1.509202198125e-01 1.774539629434e-01 2.023796004299e-01 2.258390239467e-01 2.479579089768e-01 2.688479670608e-01 2.886088328159e-01 3.073296530049e-01 3.250904311330e-01 3.419631703547e-01 3.580128491265e-01 3.732982574807e-01 3.878727166090e-01 4.017847003225e-01 4.150783736486e-01 4.277940611780e-01 4.399686556210e-01 4.516359752956e-01 4.628270778406e-01 4.735705362838e-01 4.838926826311e-01 4.938178233498e-01 5.033684304564e-01 5.125653113738e-01 5.214277602580e-01 5.299736931105e-01 5.382197686700e-01 5.461814967963e-01 5.538733358337e-01 5.613087802365e-01 5.685004395769e-01 5.754601099063e-01 5.821988383204e-01 5.887269814717e-01 5.950542586798e-01 6.011898002150e-01 6.071421912565e-01 6.129195119734e-01 6.185293741187e-01 6.239789544884e-01 6.292750255519e-01 6.344239835304e-01 6.394318741670e-01 6.443044164080e-01 6.490470241892e-01 6.536648265025e-01 6.581626858985e-01 6.625452155665e-01 6.668167951163e-01 6.709815851773e-01 6.750435409159e-01 6.790064245633e-01 6.828738170384e-01 6.866491287403e-01 6.903356095787e-01 6.939363583045e-01 6.974543311976e-01 7.008923501612e-01 7.042531102718e-01 7.075391868243e-01 7.107530419141e-01 7.138970305890e-01 7.169734066042e-01 7.199843278105e-01 7.229318612020e-01 7.258179876478e-01 7.286446063318e-01 7.314135389203e-01 7.341265334767e-01 7.367852681419e-01 7.393913545959e-01 7.419463413156e-01 7.444517166426e-01 7.469089116749e-01 7.493193029923e-01 7.516842152282e-01 7.540049234971e-01 7.562826556869e-01 7.585185946256e-01 7.607138801290e-01 7.628696109386e-01 7.649868465552e-01 7.670666089751e-01 7.691098843350e-01 7.711176244712e-01 7.730907483982e-01 7.750301437110e-01 7.769366679168e-01 7.788111496991e-01 7.806543901182e-01
1.000000000000e-12 1.000000000000e-12 1.000000000000e-12 1.000000000000e-12 1.000000000000e-12 1.000000000000e-12 1.000000000000e-12 1.000000000000e-12 1.000000000000e-12 1.000000000000e-12 1.000000000000e-12 1.000000000000e-12 1.000000000000e-12 1.000000000000e-12 1.000000000000e-12 1.000000000000e-12 1.000000000000e-12 1.000000000000e-12 1.000000000000e-12 1.000000000000e-12 1.000000000000e-12 1.000000000000e-12 1.000000000000e-12 1.000000000000e-12 8.886165969430e-10 1.284874107461e-05 9.799195198423e-03 4.548454741236e-02 7.957409227134e-02 1.113129166294e-01 1.409358194084e-01 1.686475671694e-01 1.946273306954e-01 2.190325630985e-01 2.420021935956e-01 2.636592737786e-01 2.841131828403e-01 3.034614751960e-01 3.217914363750e-01 3.391813995449e-01 3.557018645563e-01 3.714164532256e-01 3.863827281488e-01 4.006528972617e-01 4.142744223239e-01 4.272905462723e-01 4.397407517881e-01 4.516611613245e-01 4.630848871302e-01 4.740423384133e-01 4.845614916450e-01 4.946681290638e-01 5.043860496587e-01 5.137372562689e-01 5.227421218935e-01 5.314195378591e-01 5.397870461116e-01 5.478609575834e-01 5.556564583147e-01 5.631877047839e-01 5.704679097042e-01 5.775094193812e-01 5.843237835847e-01 5.909218187659e-01 5.973136653477e-01 6.035088397269e-01 6.095162815493e-01 6.153443967500e-01 6.210010967978e-01 6.264938345254e-01 6.318296368893e-01 6.370151349613e-01 6.420565914201e-01 6.469599257843e-01 6.517307375980e-01 6.563743277634e-01 6.608957181875e-01 6.652996698994e-01 6.695906997725e-01 6.737730959779e-01 6.778509322781e-01 6.818280812624e-01 6.857082266128e-01 6.894948744849e-01 6.931913640744e-01 6.968008774382e-01 7.003264486308e-01 7.037709722098e-01 7.071372111620e-01 7.104278042949e-01 7.136452731361e-01 7.167920283764e-01 7.198703758941e-01 7.228825223898e-01 7.258305806623e-01 7.287165745500e-01 7.315424435651e-01 7.343100472397e-01 7.370211692067e-01 7.396775210329e-01 7.422807458225e-01 7.448324216065e-01 7.473340645319e-01 7.497871318665e-01 7.521930248294e-01 7.545530912595e-01 7.568686281344e-01 7.591408839463e-01 7.613710609468e-01 7.635603172684e-01 7.657097689296e-01 7.678204917320e-01 7.698935230558e-01 7.719298635598e-01 7.739304787917e-01 7.758963007152e-01 7.778282291573e-01 7.797271331817e-01 7.815938523919e-01 7.834291981702e-01 7.852339548521e-01
1.000000000000e-12 1.000000000000e-12 1.000000000000e-12 1.000000000000e-12 1.000000000000e-12 1.000000000000e-12 1.000000000000e-12 1.000000000000e-12 1.000000000000e-12 1.000000000000e-12 1.000000000000e-12 1.000000000000e-12 1.000000000000e-12 1.000000000000e-12 1.000000000000e-12 1.000000000000e-12 1.000000000000e-12 1.000000000000e-12 1.000000000000e-12 1.000000000000e-12 1.000000000000e-12 1.000000000000e-12 1.000000000000e-12 5.612469387344e-12 1.592537880538e-07 1.060205385337e-03 3.009375100728e-02 6.600455731417e-02 9.936153578089e-02 1.304180345468e-01 1.594041000619e-01 1.865200968341e-01 2.119413438081e-01 2.358219091472e-01 2.582977353488e-01 2.794892286245e-01 2.995034167183e-01 3.184357568070e-01 3.363716579436e-01 3.533877692784e-01 3.695530750465e-01 3.849298293136e-01 3.995743571871e-01 4.135377442293e-01 4.268664318604e-01 4.396027333746e-01 4.517852826491e-01 4.634494255715e-01 4.746275625387e-01 4.853494490175e-01 4.956424600372e-01 5.055318235658e-01 5.150408269588e-01 5.241910000351e-01 5.330022778122e-01 5.414931454883e-01 5.496807678903e-01 5.575811052958e-01 5.652090172734e-01 5.725783559637e-01 5.797020500310e-01 5.865921803583e-01 5.932600484171e-01 5.997162381247e-01 6.059706719040e-01 6.120326615671e-01 6.179109545736e-01 6.236137761471e-01 6.291488676744e-01 6.345235217661e-01 6.397446143123e-01 6.448186338290e-01 6.497517083592e-01 6.545496301624e-01 6.592178784035e-01 6.637616400248e-01 6.681858289718e-01 6.724951039203e-01 6.766938846392e-01 6.807863671121e-01 6.847765375232e-01 6.886681852081e-01 6.924649146568e-01 6.961701566489e-01 6.997871785935e-01 7.033190941395e-01 7.067688721146e-01 7.101393448489e-01 7.134332159302e-01 7.166530674366e-01 7.198013666873e-01 7.228804725479e-01 7.258926413246e-01 7.288400322781e-01 7.317247127857e-01 7.345486631775e-01 7.373137812694e-01 7.400218866171e-01 7.426747245088e-01 7.452739697157e-01 7.478212300186e-01 7.503180495234e-01 7.527659117829e-01 7.551662427365e-01 7.575204134794e-01 7.598297428748e-01 7.620955000175e-01 7.643189065594e-01 7.665011389061e-01 7.686433302923e-01 7.707465727442e-01 7.728119189357e-01 7.748403839451e-01 7.768329469191e-01 7.787905526479e-01 7.807141130597e-01 7.826045086367e-01 7.844625897595e-01 7.862891779819e-01 7.880850672425e-01 7.898510250155e-01
1.000000000000e-12 1.000000000000e-12 1.000000000000e-12 1.000000000000e-12 1.000000000000e-12 1.000000000000e-12 1.000000000000e-12 1.000000000000e-12 1.000000000000e-12 1.000000000000e-12 1.000000000000e-12 1.000000000000e-12 1.000000000000e-12 1.000000000000e-12 1.000000000000e-12 1.000000000000e-12 1.000000000000e-12 1.000000000000e-12 1.000000000000e-12 1.000000000000e-12 1.000000000000e-12 1.000000000000e-12 1.000000000000e-12 1.291590669933e-09 2.655756613569e-05 1.402666111207e-02 5.154437138985e-02 8.667229275523e-02 1.192911394356e-01 1.496604104895e-01 1.780050634732e-01 2.045210291676e-01 2.293797470061e-01 2.527318758847e-01 2.747103501234e-01 2.954329115485e-01 3.150042195610e-01 3.335176190323e-01 3.510566290578e-01 3.676962026717e-01 3.835037976049e-01 3.985402903463e-01 4.128607596237e-01 4.265151605627e-01 4.395489069136e-01 4.520033756488e-01 4.639163457434e-01 4.753223809403e-01 4.862531646708e-01 4.967377939632e-01 5.068030380839e-01 5.164735667489e-01 5.257721520038e-01 5.347198472490e-01 5.433361463740e-01 5.516391255308e-01 5.596455697178e-01 5.673710860385e-01 5.748302052448e-01 5.820364729525e-01 5.890025317366e-01 5.957401951508e-01 6.022605145838e-01 6.085738397491e-01 6.146898735031e-01 6.206177216030e-01 6.263659379424e-01 6.319425657343e-01 6.373551750617e-01 6.426108971623e-01 6.477164557742e-01 6.526781958338e-01 6.575021097805e-01 6.621938617013e-01 6.667588095162e-01 6.712020253893e-01 6.755283145289e-01 6.797422325220e-01 6.838481013359e-01 6.878500241038e-01 6.917518988025e-01 6.955574309160e-01 6.992701451731e-01 7.028933964361e-01 7.064303798118e-01 7.098841400494e-01 7.132575802814e-01 7.165534701632e-01 7.197744534568e-01 7.229230551033e-01 7.260016878244e-01 7.290126582879e-01 7.319581728717e-01 7.348403430559e-01 7.376611904702e-01 7.404226516231e-01 7.431265823354e-01 7.457747618989e-01 7.483688969816e-01 7.509106252949e-01 7.534015190419e-01 7.558430881604e-01 7.582367833745e-01 7.605839990699e-01 7.628860760019e-01 7.651443038495e-01 7.673599236245e-01 7.695341299458e-01 7.716680731870e-01 7.737628615064e-01 7.758195627654e-01 7.778392063441e-01 7.798227848589e-01 7.817712557893e-01 7.836855430193e-01 7.855665382974e-01 7.874151026224e-01 7.892320675572e-01 7.910182364762e-01 7.927743857495e-01 7.945012658683e-01
1.000000000000e-12 1.000000000000e-12 1.000000000000e-12 1.000000000000e-12 1.000000000000e-12 1.000000000000e-12 1.000000000000e-12 1.000000000000e-12 1.000000000000e-12 1.000000000000e-12 1.000000000000e-12 1.000000000000e-12 1.000000000000e-12 1.000000000000e-12 1.000000000000e-12 1.000000000000e-12 1.000000000000e-12 1.000000000000e-12 1.000000000000e-12 1.000000000000e-12 1.000000000000e-12 1.000000000000e-12 7.093552895613e-12 3.108465462008e-07 2.216295406929e-03 3.606854739663e-02 7.313997504221e-02 1.074681238616e-01 1.393442622951e-01 1.690220463539e-01 1.967213114754e-01 2.226335272343e-01 2.469262295082e-01 2.697466467958e-01 2.912246865959e-01 3.114754098361e-01 3.306010928962e-01 3.486929552503e-01 3.658326143227e-01 3.820933165195e-01 3.975409836066e-01 4.122351059576e-01 4.262295081967e-01 4.395730080061e-01 4.523099850969e-01 4.644808743169e-01 4.761225944405e-01 4.872689222184e-01 4.979508196721e-01 5.081967213115e-01 5.180327868853e-01 5.274831243973e-01 5.365699873897e-01 5.453139498917e-01 5.537340619308e-01 5.618479880775e-01 5.696721311475e-01 5.772217428818e-01 5.845110231769e-01 5.915532092248e-01 5.983606557377e-01 6.049449072830e-01 6.113167636171e-01 6.174863387978e-01 6.234631147541e-01 6.292559899117e-01 6.348733233979e-01 6.403229752875e-01 6.456123432980e-01 6.507483962937e-01 6.557377049180e-01 6.605864696375e-01 6.653005464481e-01 6.698854704693e-01 6.743464776252e-01 6.786885245902e-01 6.829163071613e-01 6.870342771982e-01 6.910466582598e-01 6.949574600540e-01 6.987704918033e-01 7.024893746205e-01 7.061175529788e-01 7.096583053526e-01 7.131147540983e-01 7.164898746384e-01 7.197865040031e-01 7.230073487846e-01 7.261549925484e-01 7.292319027445e-01 7.322404371585e-01 7.351828499370e-01 7.380612972202e-01 7.408778424114e-01 7.436344611092e-01 7.463330457291e-01 7.489754098361e-01 7.515632922089e-01 7.540983606557e-01 7.565822155986e-01 7.590163934426e-01 7.614023697452e-01 7.637415621987e-01 7.660353334394e-01 7.682849936948e-01 7.704918032787e-01 7.726569749459e-01 7.747816761146e-01 7.768670309654e-01 7.789141224244e-01 7.809239940388e-01 7.828976517501e-01 7.848360655737e-01 7.867401711882e-01 7.886108714409e-01 7.904490377762e-01 7.922555115885e-01 7.940311055065e-01 7.957766046124e-01 7.974927675988e-01 7.991803278689e-01
1.000000000000e-12 1.000000000000e-12 1.000000000000e-12 1.000000000000e-12 1.000000000000e-12 1.000000000000e-12 1.000000000000e-12 1.000000000000e-12 1.000000000000e-12 1.000000000000e-12 1.000000000000e-12 1.000000000000e-12 1.000000000000e-12 1.000000000000e-12 1.000000000000e-12 1.000000000000e-12 1.000000000000e-12 1.000000000000e-12 1.000000000000e-12 1.000000000000e-12 1.000000000000e-12 1.000000000000e-12 2.237589817437e-09 6.538809189415e-05 1.954839979905e-02 5.864256254092e-02 9.484860705533e-02 1.283727327192e-01 1.595022779792e-01 1.884849580489e-01 2.155354594473e-01 2.408407672070e-01 2.645644932318e-01 2.868504176793e-01 3.078254053946e-01 3.276018223834e-01 3.462795495394e-01 3.639476698221e-01 3.806858890373e-01 3.965657380364e-01 4.116515945854e-01 4.260015556931e-01 4.396681853195e-01 4.526991577539e-01 4.651378132595e-01 4.770236396315e-01 4.883926909439e-01 4.992779528387e-01 5.097096621545e-01 5.197155874167e-01 5.293212756684e-01 5.385502702631e-01 5.474243035273e-01 5.559634676117e-01 5.641863663596e-01 5.721102506076e-01 5.797511389896e-01 5.871239260249e-01 5.942424790244e-01 6.011197251427e-01 6.077677297236e-01 6.141977669413e-01 6.204203836035e-01 6.264454568797e-01 6.322822466159e-01 6.379394428218e-01 6.434252088397e-01 6.487472206480e-01 6.539127026973e-01 6.589284606292e-01 6.638009111917e-01 6.685361096256e-01 6.731397747697e-01 6.776173121016e-01 6.819738349111e-01 6.862141837789e-01 6.903429445187e-01 6.943644647197e-01 6.982828690182e-01 7.021020732078e-01 7.058257972927e-01 7.094575775731e-01 7.130007778466e-01 7.164585998002e-01 7.198340926597e-01 7.231301621578e-01 7.263495788769e-01 7.294949860163e-01 7.325689066298e-01 7.355737503755e-01 7.385118198158e-01 7.413853163013e-01 7.441963454720e-01 7.469469224024e-01 7.496389764193e-01 7.522743556149e-01 7.548548310772e-01 7.573821008600e-01 7.598577937084e-01 7.622834725598e-01 7.646606378342e-01 7.669907305289e-01 7.692751351315e-01 7.715151823633e-01 7.737121517636e-01 7.758672741278e-01 7.779817338058e-01 7.800566708731e-01 7.820931831798e-01 7.840923282882e-01 7.860551253038e-01 7.879825566074e-01 7.898755694948e-01 7.917350777294e-01 7.935619630124e-01 7.953570763775e-01 7.971212395122e-01 7.988552460121e-01 8.005598625713e-01 8.022358301128e-01 8.038838648618e-01
1.000000000000e-12 1.000000000000e-12 1.000000000000e-12 1.000000000000e-12 1.000000000000e-12 1.000000000000e-12 1.000000000000e-12 1.000000000000e-12 1.000000000000e-12 1.000000000000e-12 1.000000000000e-12 1.000000000000e-12 1.000000000000e-12 1.000000000000e-12 1.000000000000e-12 1.000000000000e-12 1.000000000000e-12 1.000000000000e-12 1.000000000000e-12 1.000000000000e-12 1.000000000000e-12 1.038957968777e-11 7.246230041508e-07 4.662408647587e-03 4.303831197781e-02 8.131624840506e-02 1.166502388219e-01 1.493668966433e-01 1.797466503347e-01 2.080312485990e-01 2.344302069790e-01 2.591260067539e-01 2.822783190428e-01 3.040274608900e-01 3.244972414521e-01 3.437973202677e-01 3.620251724825e-01 3.792677353884e-01 3.956027949834e-01 4.111001592146e-01 4.258226552343e-01 4.398269807163e-01 4.531644335564e-01 4.658815397528e-01 4.780205956675e-01 4.896201379860e-01 5.007153523776e-01 5.113384299866e-01 5.215188793619e-01 5.312838001912e-01 5.406581241874e-01 5.496648276347e-01 5.583251194110e-01 5.666586077240e-01 5.746834483217e-01 5.824164765340e-01 5.898733251673e-01 5.970685299890e-01 6.040156242995e-01 6.107272238876e-01 6.172151034895e-01 6.234902657274e-01 6.295630033769e-01 6.354429557043e-01 6.411391595214e-01 6.466600955288e-01 6.520137304450e-01 6.572075553637e-01 6.622486207260e-01 6.671435682517e-01 6.718986601339e-01 6.765198057658e-01 6.810125862412e-01 6.853822768407e-01 6.896338676942e-01 6.937720827916e-01 6.978013974917e-01 7.017260546671e-01 7.055500796073e-01 7.092772937895e-01 7.129113276171e-01 7.164556322144e-01 7.199134903582e-01 7.232880266189e-01 7.265822167782e-01 7.297988965808e-01 7.329407698764e-01 7.360104161997e-01 7.390102978338e-01 7.419427663974e-01 7.448100689930e-01 7.476143539491e-01 7.503576761888e-01 7.530420022513e-01 7.556692149933e-01 7.582411179934e-01 7.607594396809e-01 7.632258372100e-01 7.656419000956e-01 7.680091536300e-01 7.703290620937e-01 7.726030317760e-01 7.748324138173e-01 7.770185068871e-01 7.791625597055e-01 7.812657734226e-01 7.833293038620e-01 7.853542636390e-01 7.873417241608e-01 7.892927175171e-01 7.912082382670e-01 7.930892451295e-01 7.949366625837e-01 7.967513823838e-01 7.985342649945e-01 8.002861409510e-01 8.020078121497e-01 8.037000530716e-01 8.053636119438e-01 8.069992118434e-01 8.086075517447e-01
1.000000000000e-12 1.000000000000e-12 1.000000000000e-12 1.000000000000e-12 1.000000000000e-12 1.000000000000e-12 1.000000000000e-12 1.000000000000e-12 1.000000000000e-12 1.000000000000e-12 1.000000000000e-12 1.000000000000e-12 1.000000000000e-12 1.000000000000e-12 1.000000000000e-12 1.000000000000e-12 1.000000000000e-12 1.000000000000e-12 1.000000000000e-12 1.000000000000e-12 1.000000000000e-12 4.531514349970e-09 1.849987312373e-04 2.618837546276e-02 6.673550872899e-02 1.040660870376e-01 1.385250836900e-01 1.704315620718e-01 2.000590062835e-01 2.276431784806e-01 2.533884058646e-01 2.774726508367e-01 3.000516304981e-01 3.212621871497e-01 3.412250639982e-01 3.600472050268e-01 3.778236715539e-01 3.946392479983e-01 4.105697941036e-01 4.256833891266e-01 4.400413043985e-01 4.536988335595e-01 4.667060041890e-01 4.791081901381e-01 4.909466403622e-01 5.022589372431e-01 5.130793951291e-01 5.234394079987e-01 5.333677536654e-01 5.428908607335e-01 5.520330435188e-01 5.608167093321e-01 5.692625418450e-01 5.773896636970e-01 5.852157810359e-01 5.927573122898e-01 6.000295031418e-01 6.070465294024e-01 6.138215892403e-01 6.203669860329e-01 6.266942029323e-01 6.328139700974e-01 6.387363254184e-01 6.444706694594e-01 6.500258152490e-01 6.554100334760e-01 6.606310935748e-01 6.656963011334e-01 6.706125319991e-01 6.753862634194e-01 6.800236025134e-01 6.845303123372e-01 6.889118357769e-01 6.931733174786e-01 6.973196239992e-01 7.013553623459e-01 7.052848970518e-01 7.091123659213e-01 7.128416945633e-01 7.164766098220e-01 7.200206521992e-01 7.234771873573e-01 7.268494167797e-01 7.301403876619e-01 7.333530020945e-01 7.364900255993e-01 7.395540950691e-01 7.425477261602e-01 7.454733201811e-01 7.483331705162e-01 7.511294686216e-01 7.538643096257e-01 7.565396975645e-01 7.591575502789e-01 7.617197039994e-01 7.642279176414e-01 7.666838768327e-01 7.690891976901e-01 7.714454303667e-01 7.737540623832e-01 7.760165217594e-01 7.782341799598e-01 7.804083546661e-01 7.825403123877e-01 7.846312709225e-01 7.866824016756e-01 7.886948318485e-01 7.906696465041e-01 7.926078905180e-01 7.945105704215e-01 7.963786561449e-01 7.982130826661e-01 8.000147515709e-01 8.017845325305e-01 8.035232647012e-01 8.052317580516e-01 8.069107946202e-01 8.085611297089e-01 8.101834930164e-01 8.117785897138e-01 8.133471014662e-01
1.000000000000e-12 1.000000000000e-12 1.000000000000e-12 1.000000000000e-12 1.000000000000e-12 1.000000000000e-12 1.000000000000e-12 1.000000000000e-12 1.000000000000e-12 1.000000000000e-12 1.000000000000e-12 1.000000000000e-12 1.000000000000e-12 1.000000000000e-12 1.000000000000e-12 1.000000000000e-12 1.000000000000e-12 1.000000000000e-12 1.000000000000e-12 1.000000000000e-12 1.722081116232e-11 1.974512671140e-06 9.021312761456e-03 5.094763244378e-02 9.049140611633e-02 1.268717498692e-01 1.604536056435e-01 1.915479165456e-01 2.204212052404e-01 2.473032326459e-01 2.723931248910e-01 2.958643144106e-01 3.178685545853e-01 3.385392044464e-01 3.579939337274e-01 3.763369641923e-01 3.936609374092e-01 4.100484796414e-01 4.255735196508e-01 4.403024037623e-01 4.542948436682e-01 4.676047255300e-01 4.802808034936e-01 4.923672964356e-01 5.039044033348e-01 5.149287499273e-01 5.254737771028e-01 5.355700797177e-01 5.452457030569e-01 5.545264029945e-01 5.634358749346e-01 5.719959558182e-01 5.802268028217e-01 5.881470518251e-01 5.957739582728e-01 6.031235226678e-01 6.102106026202e-01 6.170490131005e-01 6.236516163229e-01 6.300304024870e-01 6.361965624455e-01 6.421605532251e-01 6.479321572053e-01 6.535205356624e-01 6.589342772927e-01 6.641814422574e-01 6.692696022232e-01 6.742058768169e-01 6.789969668637e-01 6.836491847352e-01 6.881684820961e-01 6.925604753061e-01 6.968304687046e-01 7.009834759826e-01 7.050242398207e-01 7.089572499564e-01 7.127867598254e-01 7.165168019056e-01 7.201512018811e-01 7.236935917308e-01 7.271474218341e-01 7.305159721819e-01 7.338023627650e-01 7.370095632136e-01 7.401404017468e-01 7.431975734910e-01 7.461836482178e-01 7.491010775486e-01 7.519522016674e-01 7.547392555812e-01 7.574643749637e-01 7.601296016124e-01 7.627368885514e-01 7.652881048035e-01 7.677850398588e-01 7.702294078603e-01 7.726228515284e-01 7.749669458426e-01 7.772632014972e-01 7.795130681488e-01 7.817179374673e-01 7.838791460072e-01 7.859979779091e-01 7.880756674440e-01 7.901134014109e-01 7.921123213974e-01 7.940735259125e-01 7.959980723993e-01 7.978869791364e-01 7.997412270342e-01 8.015617613339e-01 8.033494932138e-01 8.051053013101e-01 8.068300331569e-01 8.085245065502e-01 8.101895108411e-01 8.118258081615e-01 8.134341345874e-01 8.150152012435e-01 8.165696953507e-01 8.180982812228e-01
1.000000000000e-12 1.000000000000e-12 1.000000000000e-12 1.000000000000e-12 1.000000000000e-12 1.000000000000e-12 1.000000000000e-12 1.000000000000e-12 1.000000000000e-12 1.000000000000e-12 1.000000000000e-12 1.000000000000e-12 1.000000000000e-12 1.000000000000e-12 1.000000000000e-12 1.000000000000e-12 1.000000000000e-12 1.000000000000e-12 1.000000000000e-12 1.000000000000e-12 1.048709874875e-08 5.681272714470e-04 3.377018564005e-02 7.577527529542e-02 1.142846386989e-01 1.497132531509e-01 1.824165895682e-01 2.126974566212e-01 2.408154045990e-01 2.669941837508e-01 2.914277109591e-01 3.142848815733e-01 3.357134790241e-01 3.558433735992e-01 3.747891567286e-01 3.926523236792e-01 4.095230924659e-01 4.254819278047e-01 4.406008244414e-01 4.549443930454e-01 4.685707832193e-01 4.815324714335e-01 4.938769363993e-01 5.056472402040e-01 5.168825301994e-01 5.276184739727e-01 5.378876375820e-01 5.477198155058e-01 5.571423193494e-01 5.661802311994e-01 5.748566265755e-01 5.831927711524e-01 5.912082947841e-01 5.989213458259e-01 6.063487283106e-01 6.135060241595e-01 6.204077022995e-01 6.270672162943e-01 6.334970918754e-01 6.397090055724e-01 6.457138554796e-01 6.515218250619e-01 6.571424407866e-01 6.625846242662e-01 6.678567395121e-01 6.729666358273e-01 6.779216867996e-01 6.827288258026e-01 6.873945783643e-01 6.919250917213e-01 6.963261618396e-01 7.006032581517e-01 7.047615462330e-01 7.088059086133e-01 7.127409639023e-01 7.165710843836e-01 7.203004122207e-01 7.239328743996e-01 7.274721965227e-01 7.309219155541e-01 7.342853916097e-01 7.375658188738e-01 7.407662357167e-01 7.438895340816e-01 7.469384681997e-01 7.499156626915e-01 7.528236201020e-01 7.556647279169e-01 7.584412650997e-01 7.611554081885e-01 7.638092369864e-01 7.664047398766e-01 7.689438187910e-01 7.714282938578e-01 7.738599077529e-01 7.762403297765e-01 7.785711596747e-01 7.808539312245e-01 7.830901155997e-01 7.852811245330e-01 7.874283132877e-01 7.895329834532e-01 7.915963855762e-01 7.936197216386e-01 7.956041473920e-01 7.975507745597e-01 7.994606729130e-01 8.013348722315e-01 8.031743641553e-01 8.049801039337e-01 8.067530120797e-01 8.084939759349e-01 8.102038511498e-01 8.118834630865e-01 8.135336081471e-01 8.151550550328e-01 8.167485459377e-01 8.183147976818e-01 8.198545027862e-01 8.213683304939e-01 8.228569277398e-01
1.000000000000e-12 1.000000000000e-12 1.000000000000e-12 1.000000000000e-12 1.000000000000e-12 1.000000000000e-12 1.000000000000e-12 1.000000000000e-12 1.000000000000e-12 1.000000000000e-12 1.000000000000e-12 1.000000000000e-12 1.000000000000e-12 1.000000000000e-12 1.000000000000e-12 1.000000000000e-12 1.000000000000e-12 1.000000000000e-12 1.000000000000e-12 3.142286344049e-11 6.125860576284e-06 1.528753243662e-02 5.973979865951e-02 1.006206688793e-01 1.380948076758e-01 1.725710153688e-01 2.043952070854e-01 2.338620512674e-01 2.612241208650e-01 2.866991511800e-01 3.104758461406e-01 3.327185607813e-01 3.535711057569e-01 3.731598601279e-01 3.915963348300e-01 4.089792966920e-01 4.253965384505e-01 4.409263617357e-01 4.556388259005e-01 4.695968047236e-01 4.828568846055e-01 4.954701313224e-01 5.074827472433e-01 5.189366368423e-01 5.298698950959e-01 5.403172307604e-01 5.503103344395e-01 5.598781996642e-01 5.690474038379e-01 5.778423547800e-01 5.862855076844e-01 5.943975565533e-01 6.021976035427e-01 6.097033091362e-01 6.169310256337e-01 6.238959160767e-01 6.306120604325e-01 6.370925506003e-01 6.433495755900e-01 6.493944980376e-01 6.552379230703e-01 6.608897603970e-01 6.663592803906e-01 6.716551648289e-01 6.767855528784e-01 6.817580828341e-01 6.865799300639e-01 6.912578415555e-01 6.957981674150e-01 7.002068896264e-01 7.044896483460e-01 7.086517659749e-01 7.126982692253e-01 7.166339093728e-01 7.204631808678e-01 7.241903384563e-01 7.278194129503e-01 7.313542257691e-01 7.347984023618e-01 7.381553846104e-01 7.414284423027e-01 7.446206837558e-01 7.477350656612e-01 7.507744022195e-01 7.537413736217e-01 7.566385339320e-01 7.594683184212e-01 7.622330503933e-01 7.649349475480e-01 7.675761279126e-01 7.701586153802e-01 7.726843448815e-01 7.751551672198e-01 7.775728535937e-01 7.799390998321e-01 7.822555303602e-01 7.845237019189e-01 7.867451070538e-01 7.889211773900e-01 7.910532867093e-01 7.931427538422e-01 7.951908453883e-01 7.971987782767e-01 7.991677221769e-01 8.010988017714e-01 8.029930988973e-01 8.048516545681e-01 8.066754708806e-01 8.084655128168e-01 8.102227099470e-01 8.119479580383e-01 8.136421205786e-01 8.153060302163e-01 8.169404901259e-01 8.185462753002e-01 8.201241337758e-01 8.216747877950e-01 8.231989349078e-01 8.246972490188e-01 8.261703813800e-01 8.276189615352e-01
1.000000000000e-12 1.000000000000e-12 1.000000000000e-12 1.000000000000e-12 1.000000000000e-12 1.000000000000e-12 1.000000000000e-12 1.000000000000e-12 1.000000000000e-12 1.000000000000e-12 1.000000000000e-12 1.000000000000e-12 1.000000000000e-12 1.000000000000e-12 1.000000000000e-12 1.000000000000e-12 1.000000000000e-12 1.000000000000e-12 1.000000000000e-12 2.701737310619e-08 1.730526159031e-03 4.217439783618e-02 8.571127320733e-02 1.254629569720e-01 1.619020004315e-01 1.954259204142e-01 2.263710773214e-01 2.550240003836e-01 2.816302860841e-01 3.064016555295e-01 3.295216003452e-01 3.511499358179e-01 3.714265003236e-01 3.904741821320e-01 4.084014120693e-01 4.253042288673e-01 4.412680002877e-01 4.563688651448e-01 4.706749476409e-01 4.842473848809e-01 4.971412002589e-01 5.094060490331e-01 5.210868573894e-01 5.322243723339e-01 5.428556365990e-01 5.530144002301e-01 5.627314784860e-01 5.720350640501e-01 5.809510002157e-01 5.895030206195e-01 5.977129602071e-01 6.056009413795e-01 6.131855386607e-01 6.204839247237e-01 6.275120001918e-01 6.342845092792e-01 6.408151430421e-01 6.471166317606e-01 6.532008277647e-01 6.590787798366e-01 6.647608001726e-01 6.702565247599e-01 6.755749679090e-01 6.807245715929e-01 6.857132501618e-01 6.905484309286e-01 6.952370910660e-01 6.997857911993e-01 7.042007060347e-01 7.084876523240e-01 7.126521144337e-01 7.166992677515e-01 7.206340001439e-01 7.244609316487e-01 7.281844325724e-01 7.318086401381e-01 7.353374738205e-01 7.387746494852e-01 7.421236924405e-01 7.453879494982e-01 7.485706001294e-01 7.516746667945e-01 7.547030245165e-01 7.576584097633e-01 7.605434286947e-01 7.633605648277e-01 7.661121861669e-01 7.688005518432e-01 7.714278182995e-01 7.739960450602e-01 7.765072001151e-01 7.789631649490e-01 7.813657392430e-01 7.837166452727e-01 7.860175320251e-01 7.882699790564e-01 7.904755001079e-01 7.926355464985e-01 7.947515103098e-01 7.968247273773e-01 7.988564801036e-01 8.008480001025e-01 8.028004706898e-01 8.047150292268e-01 8.065927693303e-01 8.084347429558e-01 8.102419623618e-01 8.120154019659e-01 8.137560000959e-01 8.154646606454e-01 8.171422546396e-01 8.187896217149e-01 8.204075715210e-01 8.219968850474e-01 8.235583158803e-01 8.250925913944e-01 8.266004138824e-01 8.280824616270e-01 8.295393899183e-01 8.309718320198e-01 8.323804000863e-01
1.000000000000e-12 1.000000000000e-12 1.000000000000e-12 1.000000000000e-12 1.000000000000e-12 1.000000000000e-12 1.000000000000e-12 1.000000000000e-12 1.000000000000e-12 1.000000000000e-12 1.000000000000e-12 1.000000000000e-12 1.000000000000e-12 1.000000000000e-12 1.000000000000e-12 1.000000000000e-12 1.000000000000e-12 1.000000000000e-12 6.113798620734e-11 2.094157724741e-05 2.288624653051e-02 6.935639976972e-02 1.116583809232e-01 1.502819295787e-01 1.856868491796e-01 2.182593752124e-01 2.483263223196e-01 2.761660881596e-01 3.020172992968e-01 3.260856682865e-01 3.485494793437e-01 3.695640122681e-01 3.892651368847e-01 4.077722539488e-01 4.251907170679e-01 4.416138394374e-01 4.571245661197e-01 4.717968751435e-01 4.856969573766e-01 4.988842148797e-01 5.114121095077e-01 5.233288873246e-01 5.346781995312e-01 5.454996367514e-01 5.558291904616e-01 5.656996528958e-01 5.751409647894e-01 5.841805187300e-01 5.928434245898e-01 6.011527424553e-01 6.091296876062e-01 6.167938113786e-01 6.241631611598e-01 6.312544222700e-01 6.380830440798e-01 6.446633523693e-01 6.510086496484e-01 6.571313049177e-01 6.630428341433e-01 6.687539725476e-01 6.742747396718e-01 6.796144980378e-01 6.847820061340e-01 6.897854663541e-01 6.946325684423e-01 6.993305289279e-01 7.038861269744e-01 7.083057370196e-01 7.125953585340e-01 7.167606431929e-01 7.208069197187e-01 7.247392166241e-01 7.285622830599e-01 7.322806079494e-01 7.358984375717e-01 7.394197917375e-01 7.428484786883e-01 7.461881088352e-01 7.494421074399e-01 7.526137263330e-01 7.557060547539e-01 7.587220293865e-01 7.616644436623e-01 7.645359563893e-01 7.673390997656e-01 7.700762868272e-01 7.727498183757e-01 7.753618894288e-01 7.779145952308e-01 7.804099368574e-01 7.828498264479e-01 7.852360920913e-01 7.875704823947e-01 7.898546707560e-01 7.920902593650e-01 7.942787829506e-01 7.964217122949e-01 7.985204575290e-01 8.005763712277e-01 8.025907513163e-01 8.045648438031e-01 8.064998453496e-01 8.083969056893e-01 8.102571299059e-01 8.120815805799e-01 8.138712798125e-01 8.156272111350e-01 8.173503213113e-01 8.190415220399e-01 8.207016915625e-01 8.223316761846e-01 8.239322917145e-01 8.255043248242e-01 8.270485343390e-01 8.285656524588e-01 8.300563859158e-01 8.315214170716e-01 8.329614049599e-01 8.343769862738e-01 8.357687763051e-01 8.371373698359e-01
1.000000000000e-12 1.000000000000e-12 1.000000000000e-12 1.000000000000e-12 1.000000000000e-12 1.000000000000e-12 1.000000000000e-12 1.000000000000e-12 1.000000000000e-12 1.000000000000e-12 1.000000000000e-12 1.000000000000e-12 1.000000000000e-12 1.000000000000e-12 1.000000000000e-12 1.000000000000e-12 1.000000000000e-12 1.000000000000e-12 7.519332584304e-08 4.637467250554e-03 5.131677328414e-02 9.649209709525e-02 1.375606381359e-01 1.750580016952e-01 2.094305849579e-01 2.410533615596e-01 2.702436168842e-01 2.972716310737e-01 3.223690728211e-01 3.457356565169e-01 3.675444679663e-01 3.879462593223e-01 4.070729387184e-01 4.250404254239e-01 4.419510011468e-01 4.578952582568e-01 4.729537233053e-01 4.871982172700e-01 5.006930010261e-01 5.134957445895e-01 5.256583509747e-01 5.372276594876e-01 5.482460485474e-01 5.587519543951e-01 5.687803190679e-01 5.783629786442e-01 5.875290008476e-01 5.963049795530e-01 6.047152924789e-01 6.127823273263e-01 6.205266807798e-01 6.279673340978e-01 6.351218084421e-01 6.420063026225e-01 6.486358155368e-01 6.550242552543e-01 6.611845364105e-01 6.671286673507e-01 6.728678282584e-01 6.784124413388e-01 6.837722339832e-01 6.889562957211e-01 6.939731296611e-01 6.988306990316e-01 7.035364693592e-01 7.080974467537e-01 7.125202127119e-01 7.168109558058e-01 7.209755005734e-01 7.250193338984e-01 7.289476291284e-01 7.327652681548e-01 7.364768616526e-01 7.400867676574e-01 7.435991086350e-01 7.470177871865e-01 7.503465005130e-01 7.535887537531e-01 7.567478722947e-01 7.598270131518e-01 7.628291754874e-01 7.657572103579e-01 7.686138297438e-01 7.714016149276e-01 7.741230242737e-01 7.767804004587e-01 7.793759771976e-01 7.819118855056e-01 7.843901595340e-01 7.868127420111e-01 7.891814893221e-01 7.914981762526e-01 7.937645004238e-01 7.959820864407e-01 7.981524897765e-01 8.002772004104e-01 8.023576462395e-01 8.043951962782e-01 8.063911636631e-01 8.083468084746e-01 8.102633403899e-01 8.121419211781e-01 8.139836670489e-01 8.157896508640e-01 8.175609042211e-01 8.192984194190e-01 8.210031513112e-01 8.226760190560e-01 8.243179077684e-01 8.259296700825e-01 8.275121276272e-01 8.290660724234e-01 8.305922682053e-01 8.320914516725e-01 8.335643336754e-01 8.350116003390e-01 8.364339141292e-01 8.378319148631e-01 8.392062206694e-01 8.405574288991e-01 8.418861169916e-01
1.000000000000e-12 1.000000000000e-12 1.000000000000e-12 1.000000000000e-12 1.000000000000e-12 1.000000000000e-12 1.000000000000e-12 1.000000000000e-12 1.000000000000e-12 1.000000000000e-12 1.000000000000e-12 1.000000000000e-12 1.000000000000e-12 1.000000000000e-12 1.000000000000e-12 1.000000000000e-12 1.000000000000e-12 1.222410499154e-10 7.562188697752e-05 3.131238178646e-02 7.973810258916e-02 1.235600976601e-01 1.633982750392e-01 1.997722630810e-01 2.331150854526e-01 2.637904820345e-01 2.921062327255e-01 3.183245204023e-01 3.426700732451e-01 3.653366224435e-01 3.864920683621e-01 4.062826468020e-01 4.248363140895e-01 4.422655166928e-01 4.586694720842e-01 4.741360585961e-01 4.887433903017e-01 5.025611365098e-01 5.156516329174e-01 5.280708218170e-01 5.398690512716e-01 5.510917573381e-01 5.617800488301e-01 5.719712104852e-01 5.816991375196e-01 5.909947122414e-01 5.998861315405e-01 6.083991925715e-01 6.165575427263e-01 6.243828989972e-01 6.318952410173e-01 6.391129813895e-01 6.460531163627e-01 6.527313594502e-01 6.591622602012e-01 6.653593100157e-01 6.713350366225e-01 6.771010886116e-01 6.826683112218e-01 6.880468144214e-01 6.932460341810e-01 6.982747877190e-01 7.031413234010e-01 7.078533658867e-01 7.124181570447e-01 7.168424930902e-01 7.211327583464e-01 7.252949559830e-01 7.293347360421e-01 7.332574210270e-01 7.370680292980e-01 7.407712964910e-01 7.443716951509e-01 7.478734527515e-01 7.512805682549e-01 7.545968273448e-01 7.578258164587e-01 7.609709357255e-01 7.640354109085e-01 7.670223044413e-01 7.699345256358e-01 7.727748401341e-01 7.755458786691e-01 7.782501451911e-01 7.808900244150e-01 7.834677888337e-01 7.859856052426e-01 7.884455408145e-01 7.908495687598e-01 7.931995736052e-01 7.954973561207e-01 7.977446379216e-01 7.999430657703e-01 8.020942156007e-01 8.041995962858e-01 8.062606531670e-01 8.082787713632e-01 8.102552788749e-01 8.121914494986e-01 8.140885055643e-01 8.159476205086e-01 8.177699212957e-01 8.195564906947e-01 8.213083694259e-01 8.230265581814e-01 8.247120195320e-01 8.263656797251e-01 8.279884303819e-01 8.295811301006e-01 8.311446059712e-01 8.326796550078e-01 8.341870455033e-01 8.356675183113e-01 8.371217880607e-01 8.385505443058e-01 8.399544526162e-01 8.413341556109e-01 8.426902739390e-01 8.440234072107e-01 8.453341348812e-01 8.466230170905e-01
1.000000000000e-12 1.000000000000e-12 1.000000000000e-12 1.000000000000e-12 1.000000000000e-12 1.000000000000e-12 1.000000000000e-12 1.000000000000e-12 1.000000000000e-12 1.000000000000e-12 1.000000000000e-12 1.000000000000e-12 1.000000000000e-12 1.000000000000e-12 1.000000000000e-12 1.000000000000e-12 1.000000000000e-12 2.184688698053e-07 9.957094952775e-03 6.112369005571e-02 1.080674999077e-01 1.505404761026e-01 1.891522726434e-01 2.244065216589e-01 2.567229165898e-01 2.864539999262e-01 3.138980768521e-01 3.393092591909e-01 3.629053570769e-01 3.848741378674e-01 4.053783332718e-01 4.245596773598e-01 4.425421874423e-01 4.594348484289e-01 4.753338234751e-01 4.903242856616e-01 5.044819443932e-01 5.178743242744e-01 5.305618420567e-01 5.425987179014e-01 5.540337499539e-01 5.649109755647e-01 5.752702380513e-01 5.851476743757e-01 5.945761363217e-01 6.035855555145e-01 6.122032608295e-01 6.204542552799e-01 6.283614582949e-01 6.359459183297e-01 6.432269999631e-01 6.502225489834e-01 6.569490384261e-01 6.634216980784e-01 6.696546295955e-01 6.756609090573e-01 6.814526785385e-01 6.870412280378e-01 6.924370689337e-01 6.976499999687e-01 7.026891666359e-01 7.075631147238e-01 7.122798386799e-01 7.168468253675e-01 7.212710937212e-01 7.255592307408e-01 7.297174242144e-01 7.337514925098e-01 7.376669117376e-01 7.414688405530e-01 7.451621428308e-01 7.487514084247e-01 7.522409721966e-01 7.556349314816e-01 7.589371621372e-01 7.621513333087e-01 7.652809210284e-01 7.683292207552e-01 7.712993589507e-01 7.741943037741e-01 7.770168749769e-01 7.797697530636e-01 7.824554877824e-01 7.850765060019e-01 7.876351190257e-01 7.901335293901e-01 7.925738371878e-01 7.949580459558e-01 7.972880681609e-01 7.995657303163e-01 8.017927777573e-01 8.039708791006e-01 8.061016304147e-01 8.081865591199e-01 8.102271276400e-01 8.122247368227e-01 8.141807291474e-01 8.160963917335e-01 8.179729591648e-01 8.198116161430e-01 8.216134999816e-01 8.233797029520e-01 8.251112744917e-01 8.268092232830e-01 8.284745192130e-01 8.301080952205e-01 8.317108490392e-01 8.332836448426e-01 8.348273147977e-01 8.363426605335e-01 8.378304545287e-01 8.392914414248e-01 8.407263392692e-01 8.421358406916e-01 8.435206140189e-01 8.448813043318e-01 8.462185344669e-01 8.475329059671e-01 8.488249999843e-01 8.500953781358e-01 8.513445833180e-01
1.000000000000e-12 1.000000000000e-12 1.000000000000e-12 1.000000000000e-12 1.000000000000e-12 1.000000000000e-12 1.000000000000e-12 1.000000000000e-12 1.000000000000e-12 1.000000000000e-12 1.000000000000e-12 1.000000000000e-12 1.000000000000e-12 1.000000000000e-12 1.000000000000e-12 1.000000000000e-12 2.406194781962e-10 2.725478188533e-04 4.031756273764e-02 9.082614894510e-02 1.362848414956e-01 1.774141347577e-01 2.148044013596e-01 2.489433404310e-01 2.802373679130e-01 3.090278731965e-01 3.356037242274e-01 3.602109937004e-01 3.830606010683e-01 4.043343734452e-01 4.241898943304e-01 4.427644138681e-01 4.601780259347e-01 4.765362675731e-01 4.919322597033e-01 5.064484808546e-01 5.201582452753e-01 5.331269413490e-01 5.454130744714e-01 5.570691494849e-01 5.681424207478e-01 5.786755324369e-01 5.887070673789e-01 5.982720193003e-01 6.074022006798e-01 6.161265962203e-01 6.244716702155e-01 6.324616346790e-01 6.401186839565e-01 6.474632006105e-01 6.545139365982e-01 6.612881731355e-01 6.678018621137e-01 6.740697515078e-01 6.801054968502e-01 6.859217605439e-01 6.915303005341e-01 6.969420496476e-01 7.021671867226e-01 7.072152005070e-01 7.120949471652e-01 7.168147021297e-01 7.213822069341e-01 7.258047115859e-01 7.300890129674e-01 7.342414896910e-01 7.382681337865e-01 7.421745795509e-01 7.459661298517e-01 7.496477801437e-01 7.532242404273e-01 7.566999553509e-01 7.600791226377e-01 7.633657099988e-01 7.665634706745e-01 7.696759577322e-01 7.727065372357e-01 7.756584003885e-01 7.785345747425e-01 7.813379345559e-01 7.840712103739e-01 7.867369979001e-01 7.893377662184e-01 7.918758654206e-01 7.943535336894e-01 7.967729038813e-01 7.991360096501e-01 8.014447911484e-01 8.037011003399e-01 8.059067059541e-01 8.080632981101e-01 8.101724926364e-01 8.122358351078e-01 8.142548046227e-01 8.162308173395e-01 8.181652297885e-01 8.200593419783e-01 8.219144003084e-01 8.237316003052e-01 8.255120891910e-01 8.272569682991e-01 8.289672953457e-01 8.306440865678e-01 8.322883187370e-01 8.339009310568e-01 8.354828269515e-01 8.370348757539e-01 8.385579142982e-01 8.400527484251e-01 8.415201544028e-01 8.429608802719e-01 8.443756471163e-01 8.457651502671e-01 8.471300604417e-01 8.484710248238e-01 8.497886680862e-01 8.510835933613e-01 8.523563831616e-01 8.536076002535e-01 8.548377884866e-01 8.560474735826e-01
1.000000000000e-12 1.000000000000e-12 1.000000000000e-12 1.000000000000e-12 1.000000000000e-12 1.000000000000e-12 1.000000000000e-12 1.000000000000e-12 1.000000000000e-12 1.000000000000e-12 1.000000000000e-12 1.000000000000e-12 1.000000000000e-12 1.000000000000e-12 1.000000000000e-12 1.000000000000e-12 6.372311541952e-07 1.712472312603e-02 7.152330951637e-02 1.203905033719e-01 1.643709782033e-01 2.041628363841e-01 2.403372529121e-01 2.733660680028e-01 3.036424818361e-01 3.314967825626e-01 3.572084447717e-01 3.810155394098e-01 4.031221272881e-01 4.237041228988e-01 4.429139854688e-01 4.608845020666e-01 4.777318613770e-01 4.935581686080e-01 5.084535165902e-01 5.224977018304e-01 5.357616545574e-01 5.483086368666e-01 5.601952516859e-01 5.714722965145e-01 5.821854891016e-01 5.923760869284e-01 6.020814181920e-01 6.113353386992e-01 6.201686264560e-01 6.286093236459e-01 6.366830340014e-01 6.444131822142e-01 6.518212409180e-01 6.589269298789e-01 6.657483912813e-01 6.723023443934e-01 6.786042223859e-01 6.846682936616e-01 6.905077697049e-01 6.961349011648e-01 7.015610636440e-01 7.067968344573e-01 7.118520614494e-01 7.167359248147e-01 7.214569927344e-01 7.260232715421e-01 7.304422510333e-01 7.347209454614e-01 7.388659306885e-01 7.428833779087e-01 7.467790843040e-01 7.505585009562e-01 7.542267582951e-01 7.577886893343e-01 7.612488509152e-01 7.646115431559e-01 7.678808272787e-01 7.710605419735e-01 7.741543184333e-01 7.771655941876e-01 7.800976258430e-01 7.829535008320e-01 7.857361482572e-01 7.884483489122e-01 7.910927445508e-01 7.936718464699e-01 7.961880434642e-01 7.986436092056e-01 8.010407090960e-01 8.033814066361e-01 8.056676693496e-01 8.079013742996e-01 8.100843132280e-01 8.122181973490e-01 8.143046618230e-01 8.163452699348e-01 8.183415170007e-01 8.202948340222e-01 8.222065911071e-01 8.240781006744e-01 8.259106204590e-01 8.277053563306e-01 8.294634649394e-01 8.311860562027e-01 8.328741956407e-01 8.345289065749e-01 8.361511721967e-01 8.377419375152e-01 8.393021111930e-01 8.408325672768e-01 8.423341468308e-01 8.438076594773e-01 8.452538848525e-01 8.466735739822e-01 8.480674505824e-01 8.494362122889e-01 8.507805318220e-01 8.521010580891e-01 8.533984172287e-01 8.546732136006e-01 8.559260307247e-01 8.571574321715e-01 8.583679624073e-01 8.595581475972e-01 8.607284963672e-01
1.000000000000e-12 1.000000000000e-12 1.000000000000e-12 1.000000000000e-12 1.000000000000e-12 1.000000000000e-12 1.000000000000e-12 1.000000000000e-12 1.000000000000e-12 1.000000000000e-12 1.000000000000e-12 1.000000000000e-12 1.000000000000e-12 1.000000000000e-12 1.000000000000e-12 4.433816417117e-10 9.083293194699e-04 4.977386054240e-02 1.025641025642e-01 1.497975708502e-01 1.923076923077e-01 2.307692307692e-01 2.657342657343e-01 2.976588628763e-01 3.269230769231e-01 3.538461538462e-01 3.786982248521e-01 4.017094017094e-01 4.230769230769e-01 4.429708222812e-01 4.615384615385e-01 4.789081885856e-01 4.951923076923e-01 5.104895104895e-01 5.248868778281e-01 5.384615384615e-01 5.512820512821e-01 5.634095634096e-01 5.748987854251e-01 5.857988165680e-01 5.961538461539e-01 6.060037523452e-01 6.153846153846e-01 6.243291592129e-01 6.328671328671e-01 6.410256410257e-01 6.488294314381e-01 6.563011456628e-01 6.634615384615e-01 6.703296703297e-01 6.769230769231e-01 6.832579185520e-01 6.893491124260e-01 6.952104499274e-01 7.008547008547e-01 7.062937062937e-01 7.115384615385e-01 7.165991902834e-01 7.214854111406e-01 7.262059973924e-01 7.307692307692e-01 7.351828499370e-01 7.394540942928e-01 7.435897435897e-01 7.475961538461e-01 7.514792899408e-01 7.552447552447e-01 7.588978185993e-01 7.624434389140e-01 7.658862876254e-01 7.692307692308e-01 7.724810400867e-01 7.756410256410e-01 7.787144362487e-01 7.817047817048e-01 7.846153846154e-01 7.874493927126e-01 7.902097902098e-01 7.928994082840e-01 7.955209347614e-01 7.980769230769e-01 8.005698005698e-01 8.030018761726e-01 8.053753475440e-01 8.076923076923e-01 8.099547511312e-01 8.121645796064e-01 8.143236074271e-01 8.164335664335e-01 8.184961106309e-01 8.205128205128e-01 8.224852071006e-01 8.244147157191e-01 8.263027295285e-01 8.281505728314e-01 8.299595141700e-01 8.317307692308e-01 8.334655035686e-01 8.351648351648e-01 8.368298368298e-01 8.384615384616e-01 8.400609291698e-01 8.416289592760e-01 8.431665421957e-01 8.446745562130e-01 8.461538461538e-01 8.476052249637e-01 8.490294751977e-01 8.504273504274e-01 8.517995765702e-01 8.531468531468e-01 8.544698544698e-01 8.557692307692e-01 8.570456092580e-01 8.582995951417e-01 8.595317725753e-01 8.607427055703e-01 8.619329388560e-01 8.631029986962e-01 8.642533936652e-01 8.653846153846e-01
1.000000000000e-12 1.000000000000e-12 1.000000000000e-12 1.000000000000e-12 1.000000000000e-12 1.000000000000e-12 1.000000000000e-12 1.000000000000e-12 1.000000000000e-12 1.000000000000e-12 1.000000000000e-12 1.000000000000e-12 1.000000000000e-12 1.000000000000e-12 1.000000000000e-12 1.784417069502e-06 2.513467793665e-02 8.244437471247e-02 1.334196872073e-01 1.790291773543e-01 2.200777184866e-01 2.572168747491e-01 2.909797440787e-01 3.218067117274e-01 3.500647654055e-01 3.760621747893e-01 4.000597834512e-01 4.222797914715e-01 4.429126560618e-01 4.621225644735e-01 4.800518123244e-01 4.968243345075e-01 5.125485740541e-01 5.273198293858e-01 5.412221873450e-01 5.543301248495e-01 5.667098436037e-01 5.784203883711e-01 5.895145886771e-01 6.000398556341e-01 6.100388592433e-01 6.195501065788e-01 6.286084373746e-01 6.372454504589e-01 6.454898720393e-01 6.533678748829e-01 6.609033558637e-01 6.681181780794e-01 6.750323827027e-01 6.816643748925e-01 6.880310873946e-01 6.941481248967e-01 7.000298917256e-01 7.056897050893e-01 7.111398957358e-01 7.163918976315e-01 7.214563280309e-01 7.263430591181e-01 7.310612822368e-01 7.356195655887e-01 7.400259061622e-01 7.442877765530e-01 7.484121672537e-01 7.524056249163e-01 7.562742870270e-01 7.600239133805e-01 7.636599146929e-01 7.671873786527e-01 7.706110936725e-01 7.739355705758e-01 7.771650624247e-01 7.803035826723e-01 7.833549218018e-01 7.863226625990e-01 7.892101941855e-01 7.920207249297e-01 7.947572943386e-01 7.974227840225e-01 8.000199278171e-01 8.025513211358e-01 8.050194296216e-01 8.074265971572e-01 8.097750532894e-01 8.120669201172e-01 8.143042186873e-01 8.164888749380e-01 8.186227252294e-01 8.207075214912e-01 8.227449360197e-01 8.247365659520e-01 8.266839374415e-01 8.285885095575e-01 8.304516779319e-01 8.322747781691e-01 8.340590890397e-01 8.358058354708e-01 8.375161913514e-01 8.391912821622e-01 8.408321874462e-01 8.424399431286e-01 8.440155436973e-01 8.455599442548e-01 8.470740624483e-01 8.485587802886e-01 8.500149458628e-01 8.514433749498e-01 8.528448525447e-01 8.542201342965e-01 8.555699478679e-01 8.568949942177e-01 8.581959488157e-01 8.594734627904e-01 8.607281640155e-01 8.619606581392e-01 8.631715295591e-01 8.643613423455e-01 8.655306411184e-01 8.666799518781e-01 8.678097827944e-01 8.689206249557e-01 8.700129530811e-01
1.000000000000e-12 1.000000000000e-12 1.000000000000e-12 1.000000000000e-12 1.000000000000e-12 1.000000000000e-12 1.000000000000e-12 1.000000000000e-12 1.000000000000e-12 1.000000000000e-12 1.000000000000e-12 1.000000000000e-12 1.000000000000e-12 1.000000000000e-12 7.202354602083e-10 2.559854969463e-03 5.958095660659e-02 1.148997155653e-01 1.640719535895e-01 2.080681665585e-01 2.476647582305e-01 2.834902459338e-01 3.160588711187e-01 3.457954419396e-01 3.730539651921e-01 3.981318065844e-01 4.212805832543e-01 4.427146357263e-01 4.626176844504e-01 4.811481091245e-01 4.984431721537e-01 5.146224246649e-01 5.297904738941e-01 5.440392474124e-01 5.574498577827e-01 5.700941475603e-01 5.820359767947e-01 5.933323017462e-01 6.040340832792e-01 6.141870555028e-01 6.238323791153e-01 6.330071991368e-01 6.417451229669e-01 6.500766317351e-01 6.580294355593e-01 6.656287814358e-01 6.728977209698e-01 6.798573439279e-01 6.865269825961e-01 6.929243911145e-01 6.990659032922e-01 7.049665718551e-01 7.106402916271e-01 7.160999087662e-01 7.213573178632e-01 7.264235484475e-01 7.313088422252e-01 7.360227221861e-01 7.405740545623e-01 7.449711044849e-01 7.492215860769e-01 7.533327076166e-01 7.573112123324e-01 7.611634153113e-01 7.648952369470e-01 7.685122333017e-01 7.720196237062e-01 7.754223158897e-01 7.787249288913e-01 7.819318139799e-01 7.850470737801e-01 7.880745797833e-01 7.910179883974e-01 7.938807556796e-01 7.966661508731e-01 7.993772688615e-01 8.020170416396e-01 8.045882488911e-01 8.070935277514e-01 8.095353818305e-01 8.119161895576e-01 8.142382119088e-01 8.165035995684e-01 8.187143995736e-01 8.208725614834e-01 8.229799431131e-01 8.250383158676e-01 8.270493697081e-01 8.290147177797e-01 8.309359007260e-01 8.328143907179e-01 8.346515952155e-01 8.364488604849e-01 8.382074748883e-01 8.399286719639e-01 8.416136333117e-01 8.432634912980e-01 8.448793315939e-01 8.464621955572e-01 8.480130824708e-01 8.495329516461e-01 8.510227244021e-01 8.524832859276e-01 8.539154870351e-01 8.553201458136e-01 8.566980491868e-01 8.580499543831e-01 8.593765903234e-01 8.606786589316e-01 8.619568363726e-01 8.632117742237e-01 8.644441005821e-01 8.656544211126e-01 8.668433200408e-01 8.680113610931e-01 8.691590883879e-01 8.702870272811e-01 8.713956851677e-01 8.724855522424e-01 8.735571022236e-01 8.746107930384e-01
1.000000000000e-12 1.000000000000e-12 1.000000000000e-12 1.000000000000e-12 1.000000000000e-12 1.000000000000e-12 1.000000000000e-12 1.000000000000e-12 1.000000000000e-12 1.000000000000e-12 1.000000000000e-12 1.000000000000e-12 1.000000000000e-12 1.000000000000e-12 4.557625381303e-06 3.341022924284e-02 9.381686000578e-02 1.471217505927e-01 1.945038755598e-01 2.368984084250e-01 2.750534880038e-01 3.095747504798e-01 3.409577163671e-01 3.696117286989e-01 3.958779066698e-01 4.200427904030e-01 4.423488369260e-01 4.630025837065e-01 4.821810628598e-01 5.000368882785e-01 5.167023253359e-01 5.322925729057e-01 5.469084300024e-01 5.606384775781e-01 5.735608752963e-01 5.857448502879e-01 5.972519377799e-01 6.081370205426e-01 6.184492042125e-01 6.282325579507e-01 6.375267440019e-01 6.463675551238e-01 6.547873752399e-01 6.628155758157e-01 6.704788581835e-01 6.778015502239e-01 6.848058643495e-01 6.915121225548e-01 6.979389533349e-01 7.041034644914e-01 7.100213952015e-01 7.157072501975e-01 7.211744184630e-01 7.264352784920e-01 7.315012918532e-01 7.363830865468e-01 7.410905314299e-01 7.456328028083e-01 7.500184441392e-01 7.542554196623e-01 7.583511626679e-01 7.623126190176e-01 7.661462864528e-01 7.698582501599e-01 7.734542150012e-01 7.769395347704e-01 7.803192387890e-01 7.835980561205e-01 7.867804376482e-01 7.898705762330e-01 7.928724251439e-01 7.957897149306e-01 7.986259688899e-01 8.013845172613e-01 8.040685102713e-01 8.066809301343e-01 8.092246021063e-01 8.117022046763e-01 8.141162789753e-01 8.164692374693e-01 8.187633720009e-01 8.210008612355e-01 8.231837775619e-01 8.253140934949e-01 8.273936876199e-01 8.294243501185e-01 8.314077879078e-01 8.333456294262e-01 8.352394290918e-01 8.370906714615e-01 8.389007751119e-01 8.406710962645e-01 8.424029321748e-01 8.440975243019e-01 8.457560612774e-01 8.473796816850e-01 8.489694766675e-01 8.505264923719e-01 8.520517322457e-01 8.535461591927e-01 8.550106976008e-01 8.564462352483e-01 8.578536250988e-01 8.592336869910e-01 8.605872092315e-01 8.619149500960e-01 8.632176392460e-01 8.644959790661e-01 8.657506459267e-01 8.669822913768e-01 8.681915432734e-01 8.693790068475e-01 8.705452657150e-01 8.716908828325e-01 8.728164014042e-01 8.739223457398e-01 8.750092220696e-01 8.760775193169e-01 8.771277098312e-01 8.781602500847e-01 8.791755813340e-01
1.000000000000e-12 1.000000000000e-12 1.000000000000e-12 1.000000000000e-12 1.000000000000e-12 1.000000000000e-12 1.000000000000e-12 1.000000000000e-12 1.000000000000e-12 1.000000000000e-12 1.000000000000e-12 1.000000000000e-12 1.000000000000e-12 9.586237917476e-10 5.706965263212e-03 6.963941605369e-02 1.277869519344e-01 1.790936018206e-01 2.246995128305e-01 2.655048016289e-01 3.022295615475e-01 3.354567252833e-01 3.656632377704e-01 3.932430969978e-01 4.185246346229e-01 4.417836492380e-01 4.632535088827e-01 4.831330085537e-01 5.015925439625e-01 5.187790079638e-01 5.348197076983e-01 5.498255235790e-01 5.638934759672e-01 5.771088251803e-01 5.895468009103e-01 6.012740351700e-01 6.123497564153e-01 6.228267900257e-01 6.327524008145e-01 6.421690059218e-01 6.511147807737e-01 6.596241763646e-01 6.677283626417e-01 6.754556100221e-01 6.828316188852e-01 6.898798051322e-01 6.966215484989e-01 7.030764091692e-01 7.092623173114e-01 7.151957394071e-01 7.208918246190e-01 7.263645339402e-01 7.316267544414e-01 7.366904005840e-01 7.415665042768e-01 7.462652951082e-01 7.507962719813e-01 7.551682672097e-01 7.593895039819e-01 7.634676479822e-01 7.674098538492e-01 7.712228070648e-01 7.749127617895e-01 7.784855750945e-01 7.819467379836e-01 7.853014035531e-01 7.885544125902e-01 7.917103168798e-01 7.947734004551e-01 7.977476989993e-01 8.006370175850e-01 8.034449469148e-01 8.061748782076e-01 8.088300168623e-01 8.114133950128e-01 8.139278830793e-01 8.163762004072e-01 8.187609250773e-01 8.210845029609e-01 8.233492560880e-01 8.255573903869e-01 8.277110028512e-01 8.298120881823e-01 8.318625449512e-01 8.338641813208e-01 8.358187203641e-01 8.377278050110e-01 8.395930026546e-01 8.414158094426e-01 8.431976542803e-01 8.449399025661e-01 8.466438596808e-01 8.483107742494e-01 8.499418411930e-01 8.515382045846e-01 8.531009603258e-01 8.546311586557e-01 8.561298065046e-01 8.575978697036e-01 8.590362750601e-01 8.604459123095e-01 8.618276359500e-01 8.631822669701e-01 8.645105944752e-01 8.658133772206e-01 8.670913450567e-01 8.683452002920e-01 8.695756189808e-01 8.707832521385e-01 8.719687268894e-01 8.731326475541e-01 8.742755966752e-01 8.753981359906e-01 8.765008073535e-01 8.775841336048e-01 8.786486193996e-01 8.796947519909e-01 8.807230019740e-01 8.817338239911e-01 8.827276574029e-01 8.837049269246e-01
1.000000000000e-12 1.000000000000e-12 1.000000000000e-12 1.000000000000e-12 1.000000000000e-12 1.000000000000e-12 1.000000000000e-12 1.000000000000e-12 1.000000000000e-12 1.000000000000e-12 1.000000000000e-12 1.000000000000e-12 1.000000000000e-12 1.000757317546e-05 4.168592179512e-02 1.055728090001e-01 1.614745084376e-01 2.107995373530e-01 2.546440075001e-01 2.938732702632e-01 3.291796067501e-01 3.611234350001e-01 3.901632788637e-01 4.166779189131e-01 4.409830056250e-01 4.633436854000e-01 4.839843128847e-01 5.030960050000e-01 5.208425762500e-01 5.373652460345e-01 5.527864045000e-01 5.672126495162e-01 5.807372542188e-01 5.934421859091e-01 6.053997686765e-01 6.166740610000e-01 6.273220037500e-01 6.373943820271e-01 6.469366351316e-01 6.559895419231e-01 6.645898033751e-01 6.727705398781e-01 6.805617175000e-01 6.879905147675e-01 6.950816394318e-01 7.018576030000e-01 7.083389594566e-01 7.145445135107e-01 7.204915028125e-01 7.261957578572e-01 7.316718427000e-01 7.369331791177e-01 7.419921564423e-01 7.468602289623e-01 7.515480025000e-01 7.560653115455e-01 7.604212881250e-01 7.646244234211e-01 7.686826230172e-01 7.726032565255e-01 7.763932022500e-01 7.800588874590e-01 7.836063247581e-01 7.870411450000e-01 7.903686271094e-01 7.935937251539e-01 7.967210929546e-01 7.997551064926e-01 8.026998843383e-01 8.055593063044e-01 8.083370305000e-01 8.110365089437e-01 8.136610018750e-01 8.162135908904e-01 8.186971910135e-01 8.211145618000e-01 8.234683175658e-01 8.257609368182e-01 8.279947709616e-01 8.301720523418e-01 8.322949016875e-01 8.343653350000e-01 8.363852699390e-01 8.383565317470e-01 8.402808587500e-01 8.421599074706e-01 8.439952573838e-01 8.457884153448e-01 8.475408197159e-01 8.492538442135e-01 8.509288015000e-01 8.525669465385e-01 8.541694797283e-01 8.557375498387e-01 8.572722567553e-01 8.587746540526e-01 8.602457514063e-01 8.616865168557e-01 8.630978789286e-01 8.644807286364e-01 8.658359213500e-01 8.671642785644e-01 8.684665895589e-01 8.697436129611e-01 8.709960782212e-01 8.722246870000e-01 8.734301144811e-01 8.746130106075e-01 8.757740012500e-01 8.769136893119e-01 8.780326557727e-01 8.791314606757e-01 8.802106440625e-01 8.812707268585e-01 8.823122117105e-01 8.833355837826e-01 8.843413115086e-01 8.853298473077e-01 8.863016282627e-01 8.872570767648e-01 8.881966011250e-01
1.000000000000e-12 1.000000000000e-12 1.000000000000e-12 1.000000000000e-12 1.000000000000e-12 1.000000000000e-12 1.000000000000e-12 1.000000000000e-12 1.000000000000e-12 1.000000000000e-12 1.000000000000e-12 1.000000000000e-12 9.539670843807e-10 1.003941077187e-02 7.984459651383e-02 1.411882900378e-01 1.948640219105e-01 2.422249617981e-01 2.843235750315e-01 3.219907552930e-01 3.558912175284e-01 3.865630643127e-01 4.144465613894e-01 4.399054065464e-01 4.632426812736e-01 4.847129740227e-01 5.045317057911e-01 5.228823833544e-01 5.399222982345e-01 5.557870465713e-01 5.705941450189e-01 5.844459467925e-01 5.974320109552e-01 6.096310409263e-01 6.211124808990e-01 6.319378385876e-01 6.421617875158e-01 6.518330905559e-01 6.609953776465e-01 6.696878038607e-01 6.779456087642e-01 6.858005939163e-01 6.932815321564e-01 7.004145197806e-01 7.072232806947e-01 7.137294300126e-01 7.199527032732e-01 7.259111563950e-01 7.316213406368e-01 7.370984561340e-01 7.423564870114e-01 7.474083205994e-01 7.522658528955e-01 7.569400820862e-01 7.614411916772e-01 7.657786245558e-01 7.699611491173e-01 7.739969184310e-01 7.778935232857e-01 7.816580398401e-01 7.852970725095e-01 7.888167926323e-01 7.922229733962e-01 7.955210214376e-01 7.987160054776e-01 8.018126823164e-01 8.048155204631e-01 8.077287216502e-01 8.105562404495e-01 8.133018021821e-01 8.159689192938e-01 8.185609063460e-01 8.210808937579e-01 8.235318404187e-01 8.259165452779e-01 8.282376580075e-01 8.304976888233e-01 8.326990175398e-01 8.348439019303e-01 8.369344854502e-01 8.389728043821e-01 8.409607944515e-01 8.429002969581e-01 8.447930644647e-01 8.466407660782e-01 8.484449923596e-01 8.502072598903e-01 8.519290155238e-01 8.536116403473e-01 8.552564533772e-01 8.568647150063e-01 8.584376302260e-01 8.599763516366e-01 8.614819822642e-01 8.629555781975e-01 8.643981510586e-01 8.658106703185e-01 8.671940654698e-01 8.685492280671e-01 8.698770136421e-01 8.711782435056e-01 8.724537064413e-01 8.737041602997e-01 8.749303335007e-01 8.761329264478e-01 8.773126128625e-01 8.784700410431e-01 8.796058350521e-01 8.807205958386e-01 8.818149022987e-01 8.828893122779e-01 8.839443635186e-01 8.849805745586e-01 8.859984455803e-01 8.869984592155e-01 8.879810813093e-01 8.889467616428e-01 8.898959346202e-01 8.908290199201e-01 8.917464231140e-01 8.926485362547e-01
1.000000000000e-12 1.000000000000e-12 1.000000000000e-12 1.000000000000e-12 1.000000000000e-12 1.000000000000e-12 1.000000000000e-12 1.000000000000e-12 1.000000000000e-12 1.000000000000e-12 1.000000000000e-12 1.000000000000e-12 1.761832295404e-05 4.977386054240e-02 1.176470588235e-01 1.764705882353e-01 2.279411764706e-01 2.733564013841e-01 3.137254901961e-01 3.498452012384e-01 3.823529411765e-01 4.117647058823e-01 4.385026737968e-01 4.629156010230e-01 4.852941176471e-01 5.058823529412e-01 5.248868778281e-01 5.424836601307e-01 5.588235294118e-01 5.740365111562e-01 5.882352941177e-01 6.015180265655e-01 6.139705882353e-01 6.256684491979e-01 6.366782006921e-01 6.470588235294e-01 6.568627450981e-01 6.661367249602e-01 6.749226006192e-01 6.832579185520e-01 6.911764705882e-01 6.987087517934e-01 7.058823529412e-01 7.127222982216e-01 7.192513368984e-01 7.254901960784e-01 7.314578005115e-01 7.371714643304e-01 7.426470588235e-01 7.478991596639e-01 7.529411764706e-01 7.577854671280e-01 7.624434389140e-01 7.669256381798e-01 7.712418300654e-01 7.754010695187e-01 7.794117647059e-01 7.832817337461e-01 7.870182555781e-01 7.906281156531e-01 7.941176470588e-01 7.974927675988e-01 8.007590132827e-01 8.039215686274e-01 8.069852941177e-01 8.099547511312e-01 8.128342245989e-01 8.156277436348e-01 8.183391003460e-01 8.209718670077e-01 8.235294117647e-01 8.260149130074e-01 8.284313725490e-01 8.307816277196e-01 8.330683624801e-01 8.352941176471e-01 8.374613003096e-01 8.395721925134e-01 8.416289592760e-01 8.436336559941e-01 8.455882352941e-01 8.474945533769e-01 8.493543758967e-01 8.511693834160e-01 8.529411764706e-01 8.546712802768e-01 8.563611491108e-01 8.580121703854e-01 8.596256684492e-01 8.612029081296e-01 8.627450980392e-01 8.642533936652e-01 8.657289002557e-01 8.671726755218e-01 8.685857321652e-01 8.699690402477e-01 8.713235294117e-01 8.726500909642e-01 8.739495798319e-01 8.752228163993e-01 8.764705882353e-01 8.776936517181e-01 8.788927335640e-01 8.800685322672e-01 8.812217194571e-01 8.823529411765e-01 8.834628190899e-01 8.845519516218e-01 8.856209150327e-01 8.866702644360e-01 8.877005347594e-01 8.887122416534e-01 8.897058823529e-01 8.906819364915e-01 8.916408668731e-01 8.925831202046e-01 8.935091277890e-01 8.944193061840e-01 8.953140578265e-01 8.961937716263e-01 8.970588235294e-01
1.000000000000e-12 1.000000000000e-12 1.000000000000e-12 1.000000000000e-12 1.000000000000e-12 1.000000000000e-12 1.000000000000e-12 1.000000000000e-12 1.000000000000e-12 1.000000000000e-12 1.000000000000e-12 6.305935921360e-10 1.462749859485e-02 9.008347945405e-02 1.550775166332e-01 2.114056821910e-01 2.606928270541e-01 3.041814842862e-01 3.428380684925e-01 3.774255385719e-01 4.085542616433e-01 4.367183444222e-01 4.623220560393e-01 4.856993579507e-01 5.071285513694e-01 5.268434093146e-01 5.450417397256e-01 5.618920456617e-01 5.775387583166e-01 5.921063873402e-01 6.057028410955e-01 6.184221042860e-01 6.303464135270e-01 6.415480373595e-01 6.520907421431e-01 6.620310066533e-01 6.714190342463e-01 6.802996008883e-01 6.887127692859e-01 6.966944931504e-01 7.042771308216e-01 7.114898837284e-01 7.183591722111e-01 7.249089589038e-01 7.311610280197e-01 7.371352273970e-01 7.428496789753e-01 7.483209624014e-01 7.535642756847e-01 7.585935761809e-01 7.634217046573e-01 7.680604947621e-01 7.725208698628e-01 7.768129289220e-01 7.809460228308e-01 7.849288224157e-01 7.887693791583e-01 7.924751795240e-01 7.960531936701e-01 7.995099192011e-01 8.028514205478e-01 8.060833644732e-01 8.092110521430e-01 8.122394481407e-01 8.151732067635e-01 8.180166958902e-01 8.207740186798e-01 8.234490333263e-01 8.260453710715e-01 8.285664526502e-01 8.310155033267e-01 8.333955666601e-01 8.357095171231e-01 8.379600716831e-01 8.401498004441e-01 8.422811364382e-01 8.443563846430e-01 8.463777302969e-01 8.483472465752e-01 8.502669016818e-01 8.521385654108e-01 8.539640152206e-01 8.557449418642e-01 8.574829546128e-01 8.591795861055e-01 8.608362968572e-01 8.624544794519e-01 8.640354624467e-01 8.655805140099e-01 8.670908453131e-01 8.685676136985e-01 8.700119256359e-01 8.714248394877e-01 8.728073680954e-01 8.741604812007e-01 8.754851077144e-01 8.767821378424e-01 8.780524250811e-01 8.792967880905e-01 8.805160124532e-01 8.817108523286e-01 8.828820320086e-01 8.840302473810e-01 8.851561673094e-01 8.862604349314e-01 8.873436688844e-01 8.884064644610e-01 8.894493946997e-01 8.904730114154e-01 8.914778461730e-01 8.924644112078e-01 8.934332002961e-01 8.943846895791e-01 8.953193383440e-01 8.962375897619e-01 8.971398715901e-01 8.980265968350e-01 8.988981643834e-01 8.997549596005e-01 9.005973548980e-01 9.014257102739e-01
1.000000000000e-12 1.000000000000e-12 1.000000000000e-12 1.000000000000e-12 1.000000000000e-12 1.000000000000e-12 1.000000000000e-12 1.000000000000e-12 1.000000000000e-12 1.000000000000e-12 1.000000000000e-12 2.280285386010e-05 5.747598040887e-02 1.299778141514e-01 1.921222559977e-01 2.459807722645e-01 2.931069739980e-01 3.346889167040e-01 3.716506435538e-01 4.047216623141e-01 4.344855791984e-01 4.614148373318e-01 4.858959810895e-01 5.082483297377e-01 5.287379826653e-01 5.475884633587e-01 5.649889070757e-01 5.811004290359e-01 5.960611279989e-01 6.099900546196e-01 6.229903861323e-01 6.351519865796e-01 6.465534869990e-01 6.572639873930e-01 6.673444583520e-01 6.768489023991e-01 6.858253217769e-01 6.943165292964e-01 7.023608311570e-01 7.099926047171e-01 7.172427895992e-01 7.241393069261e-01 7.307074186659e-01 7.369700368365e-01 7.429479905447e-01 7.486602574215e-01 7.541241648689e-01 7.593555656163e-01 7.643689913327e-01 7.691777874279e-01 7.737942316794e-01 7.782296389013e-01 7.824944535379e-01 7.865983317730e-01 7.905502145179e-01 7.943583924358e-01 7.980305639994e-01 8.015738874380e-01 8.049950273098e-01 8.083001963385e-01 8.114951930661e-01 8.145854358027e-01 8.175759932898e-01 8.204716124439e-01 8.232767434995e-01 8.259955628303e-01 8.286319936965e-01 8.311897251339e-01 8.336722291760e-01 8.360827765793e-01 8.384244511995e-01 8.407001631545e-01 8.429126608884e-01 8.450645422461e-01 8.471582646482e-01 8.491961544529e-01 8.511804155785e-01 8.531131374541e-01 8.549963023586e-01 8.568317922021e-01 8.586213947996e-01 8.603668096786e-01 8.620696534630e-01 8.637314648671e-01 8.653537093329e-01 8.669377833408e-01 8.684850184182e-01 8.699966848732e-01 8.714739952724e-01 8.729181076851e-01 8.743301287108e-01 8.757111163073e-01 8.770620824345e-01 8.783839955266e-01 8.796777828082e-01 8.809443324628e-01 8.821844956664e-01 8.833990884945e-01 8.845888937140e-01 8.857546624643e-01 8.868971158397e-01 8.880169463759e-01 8.891148194506e-01 8.901913746016e-01 8.912472267689e-01 8.922829674663e-01 8.932991658865e-01 8.942963699436e-01 8.952751072589e-01 8.962358860915e-01 8.971791962179e-01 8.981055097654e-01 8.990152819998e-01 8.999089520705e-01 9.007869437191e-01 9.016496659475e-01 9.024975136549e-01 9.033308682390e-01 9.041500981692e-01 9.049555595291e-01 9.057475965331e-01
1.000000000000e-12 1.000000000000e-12 1.000000000000e-12 1.000000000000e-12 1.000000000000e-12 1.000000000000e-12 1.000000000000e-12 1.000000000000e-12 1.000000000000e-12 1.000000000000e-12 2.363525432294e-10 1.859185678845e-02 1.002303115643e-01 1.694433645207e-01 2.287688384835e-01 2.801842492513e-01 3.251727336731e-01 3.648684552217e-01 4.001535410428e-01 4.317244073037e-01 4.601381869385e-01 4.858458923224e-01 5.092165335804e-01 5.305549451639e-01 5.501151557821e-01 5.681105495508e-01 5.847216822604e-01 6.001023606952e-01 6.143844192418e-01 6.276815082334e-01 6.400921246256e-01 6.517020560893e-01 6.625863668366e-01 6.728110223870e-01 6.824342276109e-01 6.915075353934e-01 7.000767705214e-01 7.081828037505e-01 7.158622036518e-01 7.231477881736e-01 7.300690934693e-01 7.366527741163e-01 7.429229461612e-01 7.489014822970e-01 7.546082667902e-01 7.600614164171e-01 7.652774725820e-01 7.702715689100e-01 7.750575778910e-01 7.796482395667e-01 7.840552747754e-01 7.882894850739e-01 7.923608411302e-01 7.962785611088e-01 8.000511803476e-01 8.036866134322e-01 8.071922096209e-01 8.105748024345e-01 8.138407541167e-01 8.169959955724e-01 8.200460623128e-01 8.229961268651e-01 8.258510280447e-01 8.286152974408e-01 8.312931834183e-01 8.338886729042e-01 8.364055111935e-01 8.388472199816e-01 8.412171138054e-01 8.435183150546e-01 8.457537676967e-01 8.479262498418e-01 8.500383852607e-01 8.520926539557e-01 8.540914018753e-01 8.560368498503e-01 8.579311018259e-01 8.597761524516e-01 8.615738940868e-01 8.633261232756e-01 8.650345467346e-01 8.667007868984e-01 8.683263870582e-01 8.699128161298e-01 8.714614730806e-01 8.729736910444e-01 8.744507411485e-01 8.758938360778e-01 8.773041333951e-01 8.786827386379e-01 8.800307082086e-01 8.813490520744e-01 8.826387362910e-01 8.839006853631e-01 8.851357844550e-01 8.863448814607e-01 8.875287889455e-01 8.886882859667e-01 8.898241197834e-01 8.909370074623e-01 8.920276373877e-01 8.930966706808e-01 8.941447425369e-01 8.951724634832e-01 8.961804205651e-01 8.971691784645e-01 8.981392805545e-01 8.990912498950e-01 9.000255901738e-01 9.009427865942e-01 9.018433067160e-01 9.027276012502e-01 9.035961048105e-01 9.044492366263e-01 9.052874012173e-01 9.061109890327e-01 9.069203770584e-01 9.077159293911e-01 9.084979977861e-01 9.092669221745e-01 9.100230311564e-01
1.000000000000e-12 1.000000000000e-12 1.000000000000e-12 1.000000000000e-12 1.000000000000e-12 1.000000000000e-12 1.000000000000e-12 1.000000000000e-12 1.000000000000e-12 1.000000000000e-12 1.928150253552e-05 6.455317440924e-02 1.425070742875e-01 2.084680685730e-01 2.650060636750e-01 3.140056594300e-01 3.568803057156e-01 3.947108759676e-01 4.283380495250e-01 4.584255206026e-01 4.855042445725e-01 5.100040424500e-01 5.322765859750e-01 5.526123865848e-01 5.712535371437e-01 5.884033956580e-01 6.042340342865e-01 6.188920330166e-01 6.325030318375e-01 6.451753410845e-01 6.570028297150e-01 6.680672545629e-01 6.784401528578e-01 6.881843906500e-01 6.973554379838e-01 7.060024254700e-01 7.141690247625e-01 7.218941862554e-01 7.292127603013e-01 7.361560228577e-01 7.427521222862e-01 7.490264607671e-01 7.550020212250e-01 7.606996486384e-01 7.661382929875e-01 7.713352198100e-01 7.763061932924e-01 7.810656359883e-01 7.856267685719e-01 7.900017324786e-01 7.942016978290e-01 7.982369586559e-01 8.021170171433e-01 8.058506583292e-01 8.094460165083e-01 8.129106343900e-01 8.162515159187e-01 8.194751735342e-01 8.225876705422e-01 8.255946591771e-01 8.285014148575e-01 8.313128670729e-01 8.340336272815e-01 8.366680141500e-01 8.392200764289e-01 8.416936137146e-01 8.440921953250e-01 8.464191774843e-01 8.486777189919e-01 8.508707955282e-01 8.530012127350e-01 8.550716181894e-01 8.570845123812e-01 8.590422587870e-01 8.609470931277e-01 8.628011318860e-01 8.646063801507e-01 8.663647388500e-01 8.680780114289e-01 8.697479100183e-01 8.713760611432e-01 8.729640110055e-01 8.745132303835e-01 8.760251191741e-01 8.775010106124e-01 8.789421751935e-01 8.803498243192e-01 8.817251136948e-01 8.830691464937e-01 8.843829763084e-01 8.856676099050e-01 8.869240097962e-01 8.881530966462e-01 8.893557515209e-01 8.905328179942e-01 8.916851041205e-01 8.928133842859e-01 8.939184009428e-01 8.950008662393e-01 8.960614635500e-01 8.971008489145e-01 8.981196523906e-01 8.991184793280e-01 9.000979115674e-01 9.010585085716e-01 9.020008084900e-01 9.029253291646e-01 9.038325690789e-01 9.047230082542e-01 9.055971090959e-01 9.064553171950e-01 9.072980620851e-01 9.081257579594e-01 9.089388043491e-01 9.097375867671e-01 9.105224773170e-01 9.112938352711e-01 9.120520076193e-01 9.127973295886e-01 9.135301251382e-01 9.142507074288e-01
1.000000000000e-12 1.000000000000e-12 1.000000000000e-12 1.000000000000e-12 1.000000000000e-12 1.000000000000e-12 1.000000000000e-12 1.000000000000e-12 1.000000000000e-12 4.033542921233e-11 2.124265455623e-02 1.101395452886e-01 1.842945831812e-01 2.470411537057e-01 3.008239284410e-01 3.474356665449e-01 3.882209373859e-01 4.242079410691e-01 4.561963887875e-01 4.848176314828e-01 5.105767499087e-01 5.338826189607e-01 5.550697726443e-01 5.744145651380e-01 5.921472915906e-01 6.084613999270e-01 6.235205768529e-01 6.374642591916e-01 6.504119642205e-01 6.624667240750e-01 6.737178332725e-01 6.842430644572e-01 6.941104686930e-01 7.033798484295e-01 7.121039705346e-01 7.203295713764e-01 7.280981943937e-01 7.354468918425e-01 7.424088157414e-01 7.490137179019e-01 7.552883749543e-01 7.612569511750e-01 7.669413094803e-01 7.723612790273e-01 7.775348863221e-01 7.824785555150e-01 7.872072825690e-01 7.917347871952e-01 7.960736457953e-01 8.002354081260e-01 8.042306999635e-01 8.080693136897e-01 8.117602884264e-01 8.153119810976e-01 8.187321295958e-01 8.220279090577e-01 8.252059821102e-01 8.282725438276e-01 8.312333620375e-01 8.340938135284e-01 8.368589166362e-01 8.395333606258e-01 8.421215322286e-01 8.446275396536e-01 8.470552343465e-01 8.494082307412e-01 8.516899242148e-01 8.539035074354e-01 8.560519852673e-01 8.581381883794e-01 8.601647856882e-01 8.621342957489e-01 8.640490971968e-01 8.659114383312e-01 8.677234459213e-01 8.694871333090e-01 8.712044078708e-01 8.728770778983e-01 8.745068589509e-01 8.760953797237e-01 8.776441874772e-01 8.791547530639e-01 8.806284755875e-01 8.820666867250e-01 8.834706547402e-01 8.848415882138e-01 8.861806395136e-01 8.874889080250e-01 8.887674431611e-01 8.900172471705e-01 8.912392777575e-01 8.924344505294e-01 8.936036412845e-01 8.947476881524e-01 8.958673935976e-01 8.969635262966e-01 8.980368228977e-01 8.990879896719e-01 9.001177040630e-01 9.011266161431e-01 9.021153499818e-01 9.030845049324e-01 9.040346568448e-01 9.049663592056e-01 9.058801442132e-01 9.067765237921e-01 9.076559905489e-01 9.085190186745e-01 9.093660647979e-01 9.101975687906e-01 9.110139545288e-01 9.118156306141e-01 9.126029910552e-01 9.133764159130e-01 9.141362719139e-01 9.148829130276e-01 9.156166810188e-01 9.163379059673e-01 9.170469067642e-01 9.177439915813e-01 9.184294583181e-01
1.000000000000e-12 1.000000000000e-12 1.000000000000e-12 1.000000000000e-12 1.000000000000e-12 1.000000000000e-12 1.000000000000e-12 1.000000000000e-12 1.000000000000e-12 8.929017320797e-06 7.069901738860e-02 1.551809244458e-01 2.255825140753e-01 2.851530899157e-01 3.362135834931e-01 3.804660112602e-01 4.191868855565e-01 4.533523628767e-01 4.837216760502e-01 5.108942194160e-01 5.353495084452e-01 5.574757223287e-01 5.775904622229e-01 5.959560943001e-01 6.127912570376e-01 6.282796067561e-01 6.425765449578e-01 6.558144507001e-01 6.681067917465e-01 6.795513851346e-01 6.902330056301e-01 7.002254893195e-01 7.095934427782e-01 7.183936414819e-01 7.266761814384e-01 7.344854333972e-01 7.418608380251e-01 7.488375721325e-01 7.554471097080e-01 7.617176966386e-01 7.676747542226e-01 7.733412236318e-01 7.787378611644e-01 7.838834923001e-01 7.887952311114e-01 7.934886704201e-01 7.979780471501e-01 8.022763865724e-01 8.063956285188e-01 8.103467381409e-01 8.141398033781e-01 8.177841209589e-01 8.212882724789e-01 8.246601918661e-01 8.279072253500e-01 8.310361848892e-01 8.340533958733e-01 8.369647398053e-01 8.397756925673e-01 8.424913587950e-01 8.451165028150e-01 8.476555765394e-01 8.501127446597e-01 8.524919074429e-01 8.547967213891e-01 8.570306179831e-01 8.591968207410e-01 8.612983607299e-01 8.633380907192e-01 8.653186981001e-01 8.672427166987e-01 8.691125375902e-01 8.709304190125e-01 8.726984954644e-01 8.744187860663e-01 8.760932022520e-01 8.777235548540e-01 8.793115606351e-01 8.808588483192e-01 8.823669641633e-01 8.838373771113e-01 8.852714835667e-01 8.866706118159e-01 8.880360261314e-01 8.893689305822e-01 8.906704725754e-01 8.919417461500e-01 8.931837950449e-01 8.943976155557e-01 8.955841592012e-01 8.967443352101e-01 8.978790128451e-01 8.989890235751e-01 9.000751631065e-01 9.011381932863e-01 9.021788438832e-01 9.031978142594e-01 9.041957749372e-01 9.051733690704e-01 9.061312138273e-01 9.070699016891e-01 9.079900016723e-01 9.088920604794e-01 9.097766035816e-01 9.106441362395e-01 9.114951444657e-01 9.123300959331e-01 9.131494408309e-01 9.139536126750e-01 9.147430290725e-01 9.155180924445e-01 9.162791907109e-01 9.170266979367e-01 9.177609749460e-01 9.184823699027e-01 9.191912188600e-01 9.198878462837e-01 9.205725655461e-01 9.212456793975e-01 9.219074804109e-01 9.225582514075e-01
1.000000000000e-12 1.000000000000e-12 1.000000000000e-12 1.000000000000e-12 1.000000000000e-12 1.000000000000e-12 1.000000000000e-12 1.000000000000e-12 2.286907434274e-12 2.189304782463e-02 1.196342028843e-01 1.996674571676e-01 2.663618357369e-01 3.227955406803e-01 3.711672877745e-01 4.130894685896e-01 4.497713768027e-01 4.821377664025e-01 5.109078904913e-01 5.366495804654e-01 5.598171014422e-01 5.807781918497e-01 5.998337285838e-01 6.172322621236e-01 6.331809178685e-01 6.478536811537e-01 6.613977703401e-01 6.739385936609e-01 6.855836438873e-01 6.964255872015e-01 7.065447342948e-01 7.160110331885e-01 7.248856884013e-01 7.332224857225e-01 7.410688832013e-01 7.484669151098e-01 7.554539452456e-01 7.620632980769e-01 7.683247902327e-01 7.742651802267e-01 7.799085507211e-01 7.852766348498e-01 7.903890959249e-01 7.952637681126e-01 7.999168642919e-01 8.043631561965e-01 8.086161310618e-01 8.126881282733e-01 8.165904589342e-01 8.203335107927e-01 8.239268405769e-01 8.273792554675e-01 8.306988851701e-01 8.338932458272e-01 8.369692968304e-01 8.399334914335e-01 8.427918219436e-01 8.455498601552e-01 8.482127936008e-01 8.507854581160e-01 8.532723671474e-01 8.556777381778e-01 8.580055165942e-01 8.602593972832e-01 8.624428442007e-01 8.645591081360e-01 8.666112428612e-01 8.686021198335e-01 8.705344416006e-01 8.724107540412e-01 8.742334575549e-01 8.760048173077e-01 8.777269726228e-01 8.794019456006e-01 8.810316490384e-01 8.826178937179e-01 8.841623951163e-01 8.856667795954e-01 8.871325901134e-01 8.885612915044e-01 8.899542753605e-01 8.913128645536e-01 8.926383174249e-01 8.939318316729e-01 8.951945479624e-01 8.964275532805e-01 8.976318840563e-01 8.988085290672e-01 8.999584321460e-01 9.010824947061e-01 9.021815780982e-01 9.032565058115e-01 9.043080655309e-01 9.053370110629e-01 9.063440641366e-01 9.073299160931e-01 9.082952294672e-01 9.092406394727e-01 9.101667553964e-01 9.110741619075e-01 9.119634202884e-01 9.128350695925e-01 9.136896277338e-01 9.145275925131e-01 9.153494425851e-01 9.161556383699e-01 9.169466229136e-01 9.177228226995e-01 9.184846484152e-01 9.192324956774e-01 9.199667457167e-01 9.206877660256e-01 9.213959109718e-01 9.220915223792e-01 9.227749300775e-01 9.234464524247e-01 9.241063968003e-01 9.247550600756e-01 9.253927290580e-01 9.260196809147e-01 9.266361835737e-01
1.000000000000e-12 1.000000000000e-12 1.000000000000e-12 1.000000000000e-12 1.000000000000e-12 1.000000000000e-12 1.000000000000e-12 1.000000000000e-12 1.719908077768e-06 7.549967309926e-02 1.679497056622e-01 2.435906415111e-01 3.066247547185e-01 3.599613120478e-01 4.056783611873e-01 4.452998037748e-01 4.799685660388e-01 5.105586503895e-01 5.377498364790e-01 5.620787924538e-01 5.839748528311e-01 6.037855741248e-01 6.217953207555e-01 6.382390024618e-01 6.533123773592e-01 6.671798822648e-01 6.799806560239e-01 6.918332243193e-01 7.028391805936e-01 7.130861054008e-01 7.226499018874e-01 7.315966792458e-01 7.399842830194e-01 7.478635471703e-01 7.552793251948e-01 7.622713444749e-01 7.688749182395e-01 7.751215420708e-01 7.810393962269e-01 7.866537706826e-01 7.919874264155e-01 7.970609038200e-01 8.018927870624e-01 8.064999315494e-01 8.108976603777e-01 8.150999345916e-01 8.191195012309e-01 8.229680224813e-01 8.266561886796e-01 8.301938174821e-01 8.335899411325e-01 8.368528834632e-01 8.399903280119e-01 8.430093784268e-01 8.459166121597e-01 8.487181283022e-01 8.514195902968e-01 8.540262641513e-01 8.565430527004e-01 8.589745263834e-01 8.613249509437e-01 8.635983124036e-01 8.657983396230e-01 8.679285247083e-01 8.699921415098e-01 8.719922624096e-01 8.739317735852e-01 8.758133889048e-01 8.776396625974e-01 8.794130008206e-01 8.811356722374e-01 8.828098176989e-01 8.844374591197e-01 8.860205076250e-01 8.875607710354e-01 8.890599607550e-01 8.905196981134e-01 8.919415202159e-01 8.933268853413e-01 8.946771779320e-01 8.959937132078e-01 8.972777414397e-01 8.985304519101e-01 8.997529765858e-01 9.009463935312e-01 9.021117300779e-01 9.032499657747e-01 9.043620351336e-01 9.054488301889e-01 9.065112028834e-01 9.075499672958e-01 9.085659017211e-01 9.095597506155e-01 9.105322264153e-01 9.114840112406e-01 9.124157584908e-01 9.133280943399e-01 9.142216191405e-01 9.150969087411e-01 9.159545157234e-01 9.167949705662e-01 9.176187827388e-01 9.184264417316e-01 9.192184180255e-01 9.199951640060e-01 9.207571148250e-01 9.215046892134e-01 9.222382902488e-01 9.229583060798e-01 9.236651106112e-01 9.243590641511e-01 9.250405140236e-01 9.257097951484e-01 9.263672305896e-01 9.270131320756e-01 9.276478004924e-01 9.282715263501e-01 9.288845902275e-01 9.294872631917e-01 9.300798071985e-01 9.306624754719e-01
1.000000000000e-12 1.000000000000e-12 1.000000000000e-12 1.000000000000e-12 1.000000000000e-12 1.000000000000e-12 1.000000000000e-12 1.000000000000e-12 1.967262571401e-02 1.284862117491e-01 2.156375905742e-01 2.869432641584e-01 3.463646588119e-01 3.966443004417e-01 4.397411361244e-01 4.770917270495e-01 5.097734941089e-01 5.386103473966e-01 5.642431058746e-01 5.871776792496e-01 6.078187952871e-01 6.264940907496e-01 6.434716320792e-01 6.589728654670e-01 6.731823294059e-01 6.862550362297e-01 6.983221502209e-01 7.094954039164e-01 7.198705680622e-01 7.295302036463e-01 7.385458635247e-01 7.469798679272e-01 7.548867470544e-01 7.623144213861e-01 7.693051736983e-01 7.758964544498e-01 7.821215529373e-01 7.880101596147e-01 7.935888396248e-01 7.988814334806e-01 8.039093976435e-01 8.086920952620e-01 8.132470453748e-01 8.175901373428e-01 8.217358160396e-01 8.256972423498e-01 8.294864327335e-01 8.331143809732e-01 8.365911647029e-01 8.399260388927e-01 8.431275181149e-01 8.462034491322e-01 8.491610751104e-01 8.520070925612e-01 8.547477019582e-01 8.573886528317e-01 8.599352840311e-01 8.623925597499e-01 8.647651018231e-01 8.670572187414e-01 8.692729317624e-01 8.714159984548e-01 8.734899339636e-01 8.754980302498e-01 8.774433735272e-01 8.793288600884e-01 8.811572106930e-01 8.829309836678e-01 8.846525868491e-01 8.863242884890e-01 8.879482272249e-01 8.895264212076e-01 8.910607764686e-01 8.925530945992e-01 8.940050798073e-01 8.954183454099e-01 8.967944198123e-01 8.981347520226e-01 8.994407167403e-01 9.007136190601e-01 9.019546988218e-01 9.031651346388e-01 9.043460476310e-01 9.054985048885e-01 9.066235226874e-01 9.077220694794e-01 9.087950686714e-01 9.098434012154e-01 9.108679080198e-01 9.118693921994e-01 9.128486211750e-01 9.138063286345e-01 9.147432163668e-01 9.156599559757e-01 9.165571904866e-01 9.174355358499e-01 9.182955823515e-01 9.191378959355e-01 9.199630194464e-01 9.207714737953e-01 9.215637590574e-01 9.223403555024e-01 9.231017245661e-01 9.238483097645e-01 9.245805375552e-01 9.252988181499e-01 9.260035462805e-01 9.266951019228e-01 9.273738509791e-01 9.280401459243e-01 9.286943264158e-01 9.293367198715e-01 9.299676420156e-01 9.305873973960e-01 9.311962798749e-01 9.317945730934e-01 9.323825509116e-01 9.329604778268e-01 9.335286093707e-01 9.340871924852e-01 9.346364658812e-01
1.000000000000e-12 1.000000000000e-12 1.000000000000e-12 1.000000000000e-12 1.000000000000e-12 1.000000000000e-12 1.000000000000e-12 8.986101590289e-08 7.836408948235e-02 1.807680794810e-01 2.626912715329e-01 3.297193377571e-01 3.855760596107e-01 4.328394396407e-01 4.733509082378e-01 5.084608476886e-01 5.391820447080e-01 5.662889832546e-01 5.903840397405e-01 6.119427744910e-01 6.313456357664e-01 6.489006054919e-01 6.648596688786e-01 6.794309876230e-01 6.927880298054e-01 7.050765086131e-01 7.164197198203e-01 7.269226931603e-01 7.366754541189e-01 7.457556108734e-01 7.542304238443e-01 7.621584746880e-01 7.695910223540e-01 7.765731125857e-01 7.831444916273e-01 7.893403632951e-01 7.951920198702e-01 8.007273706845e-01 8.059713872455e-01 8.109464798802e-01 8.156728178832e-01 8.201686028129e-01 8.244503027459e-01 8.285328538449e-01 8.324298344393e-01 8.361536158962e-01 8.397154938115e-01 8.431258024538e-01 8.463940149027e-01 8.495288309251e-01 8.525382543066e-01 8.554296610849e-01 8.582098599101e-01 8.608851455723e-01 8.634613465802e-01 8.659438675514e-01 8.683377270594e-01 8.706475914970e-01 8.728778054367e-01 8.750324189039e-01 8.771152119222e-01 8.791297166447e-01 8.810792373440e-01 8.829668684973e-01 8.847955111770e-01 8.865678879281e-01 8.882865562929e-01 8.899539211243e-01 8.915722458137e-01 8.931436625409e-01 8.946701816476e-01 8.961537002159e-01 8.975960099351e-01 8.989988043196e-01 9.003636853423e-01 9.016921695377e-01 9.029856936228e-01 9.042456196795e-01 9.054732399401e-01 9.066697812067e-01 9.078364089416e-01 9.089742310535e-01 9.100843014064e-01 9.111676230763e-01 9.122251513729e-01 9.132577966509e-01 9.142664269224e-01 9.152518702911e-01 9.162149172196e-01 9.171563226441e-01 9.180768079481e-01 9.189770628058e-01 9.198577469057e-01 9.207194915627e-01 9.215629012269e-01 9.223885548982e-01 9.231970074513e-01 9.239887908797e-01 9.247644154625e-01 9.255243708619e-01 9.262691271533e-01 9.269991357954e-01 9.277148305424e-01 9.284166283042e-01 9.291049299551e-01 9.297801210984e-01 9.304425727861e-01 9.310926421993e-01 9.317306732900e-01 9.323569973883e-01 9.329719337758e-01 9.335757902282e-01 9.341688635297e-01 9.347514399586e-01 9.353237957485e-01 9.358861975246e-01 9.364389027184e-01 9.369821599601e-01 9.375162094519e-01 9.380412833221e-01 9.385576059611e-01
1.000000000000e-12 1.000000000000e-12 1.000000000000e-12 1.000000000000e-12 1.000000000000e-12 1.000000000000e-12 1.000000000000e-12 1.347983676538e-02 1.363818019527e-01 2.323393795135e-01 3.091054415621e-01 3.719140377838e-01 4.242545346351e-01 4.685426473555e-01 5.065038868301e-01 5.394036277081e-01 5.681909009763e-01 5.935914362130e-01 6.161696897567e-01 6.363712850327e-01 6.545527207811e-01 6.710025912201e-01 6.859570188919e-01 6.996110615488e-01 7.121272673176e-01 7.236421766248e-01 7.342713236777e-01 7.441131265045e-01 7.532519434151e-01 7.617604970904e-01 7.697018138541e-01 7.771307876007e-01 7.840954504882e-01 7.906380125946e-01 7.967957181065e-01 8.026015547320e-01 8.080848448784e-01 8.132717409627e-01 8.181856425164e-01 8.228475491185e-01 8.272763603905e-01 8.314891320883e-01 8.355012956101e-01 8.393268468749e-01 8.429785094459e-01 8.464678759027e-01 8.498055307744e-01 8.530011577792e-01 8.560636336588e-01 8.590011105229e-01 8.618210883124e-01 8.645304787377e-01 8.671356618389e-01 8.696425361438e-01 8.720565632522e-01 8.743828075568e-01 8.766259717075e-01 8.787904283443e-01 8.808802485452e-01 8.828992273834e-01 8.848509069270e-01 8.867385969774e-01 8.885653938004e-01 8.903341970733e-01 8.920477252441e-01 8.937085294711e-01 8.953190062973e-01 8.968814091884e-01 8.983978590533e-01 8.998703538496e-01 9.013007773660e-01 9.026909072623e-01 9.040424224392e-01 9.053569098031e-01 9.066358704813e-01 9.078807255416e-01 9.090928212581e-01 9.102734339691e-01 9.114237745592e-01 9.125449926028e-01 9.136381801953e-01 9.147043755015e-01 9.157445660442e-01 9.167596917544e-01 9.177506478050e-01 9.187182872426e-01 9.196634234375e-01 9.205868323635e-01 9.214892547230e-01 9.223713979284e-01 9.232339379513e-01 9.240775210508e-01 9.249027653872e-01 9.257102625336e-01 9.265005788896e-01 9.272742570066e-01 9.280318168294e-01 9.287737568621e-01 9.295005552615e-01 9.302126708649e-01 9.309105441562e-01 9.315945981745e-01 9.322652393688e-01 9.329228584041e-01 9.335678309195e-01 9.342005182440e-01 9.348212680719e-01 9.354304150993e-01 9.360282816261e-01 9.366151781250e-01 9.371914037784e-01 9.377572469876e-01 9.383129858538e-01 9.388588886338e-01 9.393952141721e-01 9.399222123098e-01 9.404401242726e-01 9.409491830395e-01 9.414496136917e-01 9.419416337447e-01 9.424254534635e-01
1.000000000000e-12 1.000000000000e-12 1.000000000000e-12 1.000000000000e-12 1.000000000000e-12 1.000000000000e-12 6.521058068590e-10 7.839429051636e-02 1.935950041443e-01 2.831955592394e-01 3.548760033154e-01 4.135236393777e-01 4.623966694295e-01 5.037507717811e-01 5.391971452253e-01 5.699173355436e-01 5.967975020721e-01 6.205152960679e-01 6.415977796197e-01 6.604610543765e-01 6.774380016577e-01 6.927980968169e-01 7.067618196888e-01 7.195113057893e-01 7.311983347148e-01 7.419504013262e-01 7.518753858906e-01 7.610651864131e-01 7.695985726126e-01 7.775434494191e-01 7.849586677718e-01 7.918954849405e-01 7.983987510361e-01 8.045078797926e-01 8.102576480340e-01 8.156788580901e-01 8.207988898099e-01 8.256421630582e-01 8.302305271883e-01 8.345835905937e-01 8.387190008289e-01 8.426526837355e-01 8.463990484084e-01 8.499711635617e-01 8.533809098444e-01 8.566391118479e-01 8.597556528947e-01 8.627395751735e-01 8.655991673574e-01 8.683420414929e-01 8.709752006631e-01 8.735050986893e-01 8.759376929453e-01 8.782784911916e-01 8.805325932066e-01 8.827047278755e-01 8.847992863063e-01 8.868203514588e-01 8.887717247095e-01 8.906569497145e-01 8.924793338859e-01 8.942419677567e-01 8.959477424702e-01 8.975993656057e-01 8.991993755180e-01 9.007501543562e-01 9.022539398962e-01 9.037128363157e-01 9.051288240169e-01 9.065037685964e-01 9.078394290451e-01 9.091374652557e-01 9.103994449049e-01 9.116268497692e-01 9.128210815292e-01 9.139834671087e-01 9.151152635942e-01 9.162176627682e-01 9.172917952968e-01 9.183387345969e-01 9.193595004144e-01 9.203550621377e-01 9.213263418677e-01 9.222742172669e-01 9.231995242042e-01 9.241030592136e-01 9.249855817808e-01 9.258478164730e-01 9.266904549222e-01 9.275141576759e-01 9.283195559240e-01 9.291072531116e-01 9.298778264473e-01 9.306318283135e-01 9.313697875868e-01 9.320922108753e-01 9.327995836787e-01 9.334923714758e-01 9.341710207465e-01 9.348359599308e-01 9.354876003315e-01 9.361263369619e-01 9.367525493447e-01 9.373666022636e-01 9.379688464726e-01 9.385596193634e-01 9.391392455958e-01 9.397080376930e-01 9.402662966033e-01 9.408143122308e-01 9.413523639378e-01 9.418807210194e-01 9.423996431532e-01 9.429093808244e-01 9.434101757294e-01 9.439022611579e-01 9.443858623548e-01 9.448611968646e-01 9.453284748572e-01 9.457878994383e-01 9.462396669430e-01
1.000000000000e-12 1.000000000000e-12 1.000000000000e-12 1.000000000000e-12 1.000000000000e-12 1.000000000000e-12 3.906250000000e-03 1.428571428571e-01 2.500000000000e-01 3.333333333333e-01 4.000000000000e-01 4.545454545455e-01 5.000000000000e-01 5.384615384615e-01 5.714285714286e-01 6.000000000000e-01 6.250000000000e-01 6.470588235294e-01 6.666666666667e-01 6.842105263158e-01 7.000000000000e-01 7.142857142857e-01 7.272727272727e-01 7.391304347826e-01 7.500000000000e-01 7.600000000000e-01 7.692307692308e-01 7.777777777778e-01 7.857142857143e-01 7.931034482759e-01 8.000000000000e-01 8.064516129032e-01 8.125000000000e-01 8.181818181818e-01 8.235294117647e-01 8.285714285714e-01 8.333333333333e-01 8.378378378379e-01 8.421052631579e-01 8.461538461538e-01 8.500000000000e-01 8.536585365853e-01 8.571428571429e-01 8.604651162791e-01 8.636363636363e-01 8.666666666666e-01 8.695652173913e-01 8.723404255319e-01 8.750000000000e-01 8.775510204082e-01 8.800000000000e-01 8.823529411765e-01 8.846153846154e-01 8.867924528302e-01 8.888888888889e-01 8.909090909091e-01 8.928571428571e-01 8.947368421052e-01 8.965517241379e-01 8.983050847458e-01 9.000000000000e-01 9.016393442623e-01 9.032258064516e-01 9.047619047619e-01 9.062500000000e-01 9.076923076923e-01 9.090909090909e-01 9.104477611941e-01 9.117647058824e-01 9.130434782609e-01 9.142857142857e-01 9.154929577464e-01 9.166666666667e-01 9.178082191781e-01 9.189189189189e-01 9.200000000000e-01 9.210526315790e-01 9.220779220780e-01 9.230769230770e-01 9.240506329114e-01 9.250000000000e-01 9.259259259259e-01 9.268292682927e-01 9.277108433735e-01 9.285714285714e-01 9.294117647059e-01 9.302325581395e-01 9.310344827586e-01 9.318181818182e-01 9.325842696629e-01 9.333333333333e-01 9.340659340660e-01 9.347826086956e-01 9.354838709677e-01 9.361702127660e-01 9.368421052632e-01 9.375000000000e-01 9.381443298969e-01 9.387755102041e-01 9.393939393939e-01 9.400000000000e-01 9.405940594059e-01 9.411764705882e-01 9.417475728155e-01 9.423076923077e-01 9.428571428571e-01 9.433962264151e-01 9.439252336449e-01 9.444444444444e-01 9.449541284404e-01 9.454545454545e-01 9.459459459459e-01 9.464285714286e-01 9.469026548673e-01 9.473684210526e-01 9.478260869565e-01 9.482758620690e-01 9.487179487179e-01 9.491525423729e-01 9.495798319328e-01 9.500000000000e-01
1.000000000000e-12 1.000000000000e-12 1.000000000000e-12 1.000000000000e-12 1.000000000000e-12 1.000000000000e-12 7.412591202899e-02 2.063936387081e-01 3.055944338696e-01 3.827506078841e-01 4.444755470957e-01 4.949777700870e-01 5.370629559131e-01 5.726734977659e-01 6.031968193540e-01 6.296503647304e-01 6.527972169348e-01 6.732209100563e-01 6.913753039420e-01 7.076187089977e-01 7.222377735478e-01 7.354645462360e-01 7.474888850435e-01 7.584676291720e-01 7.685314779565e-01 7.777902188382e-01 7.863367488829e-01 7.942502026280e-01 8.015984096770e-01 8.084398438261e-01 8.148251823652e-01 8.207985635792e-01 8.263986084674e-01 8.316592566956e-01 8.366104550281e-01 8.412787277416e-01 8.456876519710e-01 8.498582559718e-01 8.538093544988e-01 8.575578325886e-01 8.611188867739e-01 8.645062309989e-01 8.677322731180e-01 8.708082667664e-01 8.737444425217e-01 8.765501215768e-01 8.792338145860e-01 8.818033078927e-01 8.842657389783e-01 8.866276626726e-01 8.888951094192e-01 8.910736366854e-01 8.931683744415e-01 8.951840654898e-01 8.971251013140e-01 8.989955540173e-01 9.007992048385e-01 9.025395696659e-01 9.042199219131e-01 9.058433130670e-01 9.074125911826e-01 9.089304175566e-01 9.103992817897e-01 9.118215154120e-01 9.131993042336e-01 9.145346995531e-01 9.158296283478e-01 9.170859025516e-01 9.183052275141e-01 9.194892097240e-01 9.206393638708e-01 9.217571193093e-01 9.228438259855e-01 9.239007598762e-01 9.249291279859e-01 9.259300729461e-01 9.269046772494e-01 9.278539671553e-01 9.287789162943e-01 9.296804489994e-01 9.305594433870e-01 9.314167342093e-01 9.322531154995e-01 9.330693430235e-01 9.338661365590e-01 9.346441820112e-01 9.354041333832e-01 9.361466146087e-01 9.368722212609e-01 9.375815221456e-01 9.382750607884e-01 9.389533568237e-01 9.396169072930e-01 9.402661878597e-01 9.409016539463e-01 9.415237417995e-01 9.421328694891e-01 9.427294378449e-01 9.433138313363e-01 9.438864188986e-01 9.444475547096e-01 9.449975789204e-01 9.455368183427e-01 9.460655870967e-01 9.465841872207e-01 9.470929092472e-01 9.475920327449e-01 9.480818268314e-01 9.485625506570e-01 9.490344538620e-01 9.494977770087e-01 9.499527519906e-01 9.503996024193e-01 9.508385439908e-01 9.512697848330e-01 9.516935258344e-01 9.521099609565e-01 9.525192775295e-01 9.529216565335e-01 9.533172728652e-01 9.537062955913e-01
1.000000000000e-12 1.000000000000e-12 1.000000000000e-12 1.000000000000e-12 1.000000000000e-12 6.296154505241e-05 1.471696086769e-01 2.690025217231e-01 3.603772065077e-01 4.314464057846e-01 4.883017652062e-01 5.348197865511e-01 5.735848043385e-01 6.063859732355e-01 6.345012608615e-01 6.588678434708e-01 6.801886032539e-01 6.990010383565e-01 7.157232028923e-01 7.306851395822e-01 7.441508826031e-01 7.563341739077e-01 7.674098932755e-01 7.775225066114e-01 7.867924021692e-01 7.953207060825e-01 8.031929866178e-01 8.104821352615e-01 8.172506304308e-01 8.235523328297e-01 8.294339217354e-01 8.349360532923e-01 8.400943016269e-01 8.449399288504e-01 8.495005191783e-01 8.538005043446e-01 8.578616014461e-01 8.617031797855e-01 8.653425697911e-01 8.687953244118e-01 8.720754413016e-01 8.751955524893e-01 8.781670869539e-01 8.810004105131e-01 8.837049466377e-01 8.862892811569e-01 8.887612533057e-01 8.911280351502e-01 8.933962010846e-01 8.955717888175e-01 8.976603530412e-01 8.996670127856e-01 9.015964933088e-01 9.034531632464e-01 9.052410676308e-01 9.069639573102e-01 9.086253152154e-01 9.102283798607e-01 9.117761664148e-01 9.132714856282e-01 9.147169608677e-01 9.161150434765e-01 9.174680266462e-01 9.187780579692e-01 9.200471508135e-01 9.212771946471e-01 9.224699644251e-01 9.236271291352e-01 9.247502595891e-01 9.258408355371e-01 9.269002521723e-01 9.279298260854e-01 9.289308007231e-01 9.299043513981e-01 9.308515898927e-01 9.317735686942e-01 9.326712848956e-01 9.335456837930e-01 9.343976622059e-01 9.352280715451e-01 9.360377206508e-01 9.368273784205e-01 9.375977762447e-01 9.383496102658e-01 9.390835434769e-01 9.398002076713e-01 9.405002052565e-01 9.411841109432e-01 9.418524733189e-01 9.425058163153e-01 9.431446405785e-01 9.437694247479e-01 9.443806266528e-01 9.449786844308e-01 9.455640175751e-01 9.461370279164e-01 9.466981005423e-01 9.472476046604e-01 9.477858944088e-01 9.483133096168e-01 9.488301765206e-01 9.493368084363e-01 9.498335063928e-01 9.503205597288e-01 9.507982466544e-01 9.512668347815e-01 9.517265816232e-01 9.521777350660e-01 9.526205338154e-01 9.530552078171e-01 9.534819786551e-01 9.539010599285e-01 9.543126576077e-01 9.547169703722e-01 9.551141899304e-01 9.555045013223e-01 9.558880832074e-01 9.562651081373e-01 9.566357428141e-01 9.570001483367e-01 9.573584804338e-01
1.000000000000e-12 1.000000000000e-12 1.000000000000e-12 1.000000000000e-12 1.000000000000e-12 6.295743237887e-02 2.191311905570e-01 3.306838776203e-01 4.143483929177e-01 4.794207937047e-01 5.314787143342e-01 5.740715584856e-01 6.095655952785e-01 6.395990110263e-01 6.653419388101e-01 6.876524762228e-01 7.071741964589e-01 7.243992437260e-01 7.397103968523e-01 7.534098496496e-01 7.657393571671e-01 7.768946258734e-01 7.870357792428e-01 7.962950931888e-01 8.047827976392e-01 8.125914857337e-01 8.197995055131e-01 8.264735979016e-01 8.326709694051e-01 8.384409359773e-01 8.438262381114e-01 8.488641013981e-01 8.535870982294e-01 8.580238528285e-01 8.621996218630e-01 8.661367755241e-01 8.698551984261e-01 8.733726254958e-01 8.767049248248e-01 8.798663370088e-01 8.828696785835e-01 8.857265156912e-01 8.884473129367e-01 8.910415614730e-01 8.935178896214e-01 8.958841587409e-01 8.981475465944e-01 9.003146200711e-01 9.023913988196e-01 9.043834110886e-01 9.062957428669e-01 9.081330812419e-01 9.098997527566e-01 9.115997574216e-01 9.132367989507e-01 9.148143116972e-01 9.163354847026e-01 9.178032832165e-01 9.192204679887e-01 9.205896125991e-01 9.219131190557e-01 9.231932318580e-01 9.244320506991e-01 9.256315419578e-01 9.267935491148e-01 9.279198022053e-01 9.290119264143e-01 9.300714499006e-01 9.310998109315e-01 9.320983643963e-01 9.330683877620e-01 9.340110865260e-01 9.349275992131e-01 9.358190019636e-01 9.366863127479e-01 9.375304952446e-01 9.383524624124e-01 9.391530797837e-01 9.399331685044e-01 9.406935081436e-01 9.414348392918e-01 9.421578659672e-01 9.428632578456e-01 9.435516523294e-01 9.442236564684e-01 9.448798487452e-01 9.455207807365e-01 9.461469786591e-01 9.467589448107e-01 9.473571589140e-01 9.479420793705e-01 9.485141444323e-01 9.490737732972e-01 9.496213671327e-01 9.501573100356e-01 9.506819699299e-01 9.511956994098e-01 9.516988365293e-01 9.521917055443e-01 9.526746176095e-01 9.531478714334e-01 9.536117538945e-01 9.540665406210e-01 9.545124965373e-01 9.549498763783e-01 9.553789251747e-01 9.557998787108e-01 9.562129639565e-01 9.566183994754e-01 9.570163958105e-01 9.574071558486e-01 9.577908751652e-01 9.581677423513e-01 9.585379393216e-01 9.589016416083e-01 9.592590186378e-01 9.596102339943e-01 9.599554456696e-01 9.602948062995e-01 9.606284633894e-01 9.609565595278e-01
1.000000000000e-12 1.000000000000e-12 1.000000000000e-12 1.000000000000e-12 6.504356630486e-09 1.480146596547e-01 2.900122163789e-01 3.914390426105e-01 4.675091622842e-01 5.266748109193e-01 5.740073298273e-01 6.127339362067e-01 6.450061081894e-01 6.723133306364e-01 6.957195213053e-01 7.160048865516e-01 7.337545811421e-01 7.494160763690e-01 7.633374054596e-01 7.757933314881e-01 7.870036649137e-01 7.971463475368e-01 8.063669681034e-01 8.147857955771e-01 8.225030540947e-01 8.296029319309e-01 8.361566653182e-01 8.422249369731e-01 8.478597606526e-01 8.531059758025e-01 8.580024432758e-01 8.625830096217e-01 8.668772905710e-01 8.709113120689e-01 8.747080381845e-01 8.782878085221e-01 8.816687027299e-01 8.848668458993e-01 8.878966657440e-01 8.907711102122e-01 8.935018324569e-01 8.960993487383e-01 8.985731737684e-01 9.009319371692e-01 9.031834840516e-01 9.053349621839e-01 9.073928977885e-01 9.093632616654e-01 9.112515270473e-01 9.130627203729e-01 9.148014659655e-01 9.164720254564e-01 9.180783326591e-01 9.196240244957e-01 9.211124684866e-01 9.225467872414e-01 9.239298803263e-01 9.252644438294e-01 9.265529879013e-01 9.277978525131e-01 9.290012216379e-01 9.301651360373e-01 9.312915048109e-01 9.323821158456e-01 9.334386452856e-01 9.344626661273e-01 9.354556560344e-01 9.364190044518e-01 9.373540190923e-01 9.382619318590e-01 9.391439042610e-01 9.400010323700e-01 9.408343513649e-01 9.416448397024e-01 9.424334229496e-01 9.432009773103e-01 9.439483328720e-01 9.446762766010e-01 9.453855551061e-01 9.460768771933e-01 9.467509162284e-01 9.474083123244e-01 9.480496743692e-01 9.486755819069e-01 9.492865868842e-01 9.498832152738e-01 9.504659685846e-01 9.510353252675e-01 9.515917420258e-01 9.521356550368e-01 9.526674810919e-01 9.531876186623e-01 9.536964488943e-01 9.541943365406e-01 9.546816308327e-01 9.551586662976e-01 9.556257635237e-01 9.560832298791e-01 9.565313601865e-01 9.569704373563e-01 9.574007329827e-01 9.578225079037e-01 9.582360127282e-01 9.586414883328e-01 9.590391663296e-01 9.594292695074e-01 9.598120122479e-01 9.601876009184e-01 9.605562342433e-01 9.609181036539e-01 9.612733936207e-01 9.616222819664e-01 9.619649401632e-01 9.623015336130e-01 9.626322219147e-01 9.629571591154e-01 9.632764939506e-01 9.635903700707e-01 9.638989262566e-01 9.642022966241e-01 9.645006108189e-01
1.000000000000e-12 1.000000000000e-12 1.000000000000e-12 1.000000000000e-12 3.972463794426e-02 2.317787204026e-01 3.598156003355e-01 4.512705145733e-01 5.198617002516e-01 5.732104002237e-01 6.158893602013e-01 6.508085092739e-01 6.799078001678e-01 7.045302770779e-01 7.256352572867e-01 7.439262401342e-01 7.599308501258e-01 7.740525648243e-01 7.866052001118e-01 7.978365053691e-01 8.079446801007e-01 8.170901715244e-01 8.254042546370e-01 8.329953740006e-01 8.399539000839e-01 8.463557440805e-01 8.522651385390e-01 8.577368000746e-01 8.628176286433e-01 8.675480552418e-01 8.719631200671e-01 8.760933420004e-01 8.799654250629e-01 8.836028364247e-01 8.870262824122e-01 8.902541029147e-01 8.933026000560e-01 8.961863135679e-01 8.989182526846e-01 9.015100923593e-01 9.039723400504e-01 9.063144780979e-01 9.085450857622e-01 9.106719442328e-01 9.127021273184e-01 9.146420800447e-01 9.164976870003e-01 9.182743319577e-01 9.199769500419e-01 9.216100735104e-01 9.231778720403e-01 9.246841882748e-01 9.261325692695e-01 9.275262943776e-01 9.288684000373e-01 9.301617018548e-01 9.314088143217e-01 9.326121684564e-01 9.337740276209e-01 9.348965017291e-01 9.359815600336e-01 9.370310426560e-01 9.380466710002e-01 9.390300571748e-01 9.399827125315e-01 9.409060554156e-01 9.418014182123e-01 9.426700537614e-01 9.435131412061e-01 9.443317913335e-01 9.451270514573e-01 9.458999098875e-01 9.466513000280e-01 9.473821041372e-01 9.480931567840e-01 9.487852480268e-01 9.494591263423e-01 9.501155013248e-01 9.507550461797e-01 9.513784000255e-01 9.519861700252e-01 9.525789333582e-01 9.531572390489e-01 9.537216096628e-01 9.542725428811e-01 9.548105129649e-01 9.553359721164e-01 9.558493517473e-01 9.563510636592e-01 9.568415011462e-01 9.573210400224e-01 9.577900395826e-01 9.582488435001e-01 9.586977806668e-01 9.591371659789e-01 9.595673010738e-01 9.599884750210e-01 9.604009649692e-01 9.608050367552e-01 9.612009454749e-01 9.615889360201e-01 9.619692435843e-01 9.623420941374e-01 9.627077048739e-01 9.630662846347e-01 9.634180343049e-01 9.637631471888e-01 9.641018093646e-01 9.644342000186e-01 9.647604917616e-01 9.650808509274e-01 9.653954378560e-01 9.657044071608e-01 9.660079079824e-01 9.663060842282e-01 9.665990748001e-01 9.668870138105e-01 9.671700307864e-01 9.674482508645e-01 9.677217949749e-01 9.679907800168e-01
1.000000000000e-12 1.000000000000e-12 1.000000000000e-12 1.000000000000e-12 1.428182675206e-01 3.142546140165e-01 4.285455116804e-01 5.101818671546e-01 5.714091337603e-01 6.190303411203e-01 6.571273070082e-01 6.882975518257e-01 7.142727558402e-01 7.362517746217e-01 7.550909335773e-01 7.714182046722e-01 7.857045668801e-01 7.983101805931e-01 8.095151705601e-01 8.195406878991e-01 8.285636535041e-01 8.367272890515e-01 8.441487759129e-01 8.509249160905e-01 8.571363779201e-01 8.628509228033e-01 8.681258873109e-01 8.730101137067e-01 8.775454667887e-01 8.817680368994e-01 8.857091023361e-01 8.893959054865e-01 8.928522834401e-01 8.960991839419e-01 8.991550902966e-01 9.020363734309e-01 9.047575852801e-01 9.073317045968e-01 9.097703439495e-01 9.120839248739e-01 9.142818267521e-01 9.163725139044e-01 9.183636445257e-01 9.202621644206e-01 9.220743879564e-01 9.238060682241e-01 9.254624580452e-01 9.270483631933e-01 9.285681889600e-01 9.300259810221e-01 9.314254614017e-01 9.327700601977e-01 9.340629436554e-01 9.353070390582e-01 9.365050568534e-01 9.376595103651e-01 9.387727333943e-01 9.398468959664e-01 9.408840184497e-01 9.418859842387e-01 9.428545511680e-01 9.437913618046e-01 9.446979527433e-01 9.455757630172e-01 9.464261417200e-01 9.472503549243e-01 9.480495919709e-01 9.488249711953e-01 9.495775451483e-01 9.503083053635e-01 9.510181867155e-01 9.517080714096e-01 9.523787926400e-01 9.530311379463e-01 9.536658522984e-01 9.542836409344e-01 9.548851719748e-01 9.554710788322e-01 9.560419624370e-01 9.565983932922e-01 9.571409133760e-01 9.576700379023e-01 9.581862569522e-01 9.586900369889e-01 9.591818222629e-01 9.596620361186e-01 9.601310822103e-01 9.605893456331e-01 9.610371939782e-01 9.614749783155e-01 9.619030341120e-01 9.623216820888e-01 9.627312290226e-01 9.631319684955e-01 9.635241815966e-01 9.639081375798e-01 9.642840944800e-01 9.646522996916e-01 9.650129905110e-01 9.653663946473e-01 9.657127307008e-01 9.660522086147e-01 9.663850300988e-01 9.667113890299e-01 9.670314718277e-01 9.673454578103e-01 9.676535195291e-01 9.679558230849e-01 9.682525284267e-01 9.685437896338e-01 9.688297551826e-01 9.691105681989e-01 9.693863666972e-01 9.696572838060e-01 9.699234479832e-01 9.701849832181e-01 9.704420092248e-01 9.706946416246e-01 9.709429921193e-01 9.711871686562e-01 9.714272755840e-01
1.000000000000e-12 1.000000000000e-12 1.000000000000e-12 1.281130454736e-03 2.443109172102e-01 3.954487337681e-01 4.962072781401e-01 5.681776669773e-01 6.221554586051e-01 6.641381854267e-01 6.977243668841e-01 7.252039698946e-01 7.481036390701e-01 7.674802822185e-01 7.840888334886e-01 7.984829112561e-01 8.110777293025e-01 8.221908040494e-01 8.320690927134e-01 8.409075615179e-01 8.488621834420e-01 8.560592223258e-01 8.626019849473e-01 8.685758116887e-01 8.740518195350e-01 8.790897467536e-01 8.837401411092e-01 8.880460618090e-01 8.920444167443e-01 8.957670230635e-01 8.992414556280e-01 9.024917312530e-01 9.055388646513e-01 9.084013232982e-01 9.110954020247e-01 9.136355333954e-01 9.160345463567e-01 9.183038829416e-01 9.204537807589e-01 9.224934274061e-01 9.244310917210e-01 9.262742358254e-01 9.280296111629e-01 9.297033411358e-01 9.313009924737e-01 9.328276370853e-01 9.342879058444e-01 9.356860355072e-01 9.370259097675e-01 9.383110952825e-01 9.395448733768e-01 9.407302680165e-01 9.418700705546e-01 9.429668616762e-01 9.440230309045e-01 9.450407939789e-01 9.460222083722e-01 9.469691871726e-01 9.478835115317e-01 9.487668418448e-01 9.496207278140e-01 9.504466175220e-01 9.512458656265e-01 9.520197407752e-01 9.527694323256e-01 9.534960564437e-01 9.542006616491e-01 9.548842338633e-01 9.555477010124e-01 9.561919372296e-01 9.568177666977e-01 9.574259671668e-01 9.580172731783e-01 9.585923790252e-01 9.591519414708e-01 9.596965822512e-01 9.602268903795e-01 9.607434242707e-01 9.612467137031e-01 9.617372616309e-01 9.622155458605e-01 9.626820206030e-01 9.631371179127e-01 9.635812490222e-01 9.640148055814e-01 9.644381608099e-01 9.648516705679e-01 9.652556743545e-01 9.656504962368e-01 9.660364457173e-01 9.664138185427e-01 9.667828974598e-01 9.671439529222e-01 9.674972437510e-01 9.678430177536e-01 9.681815123036e-01 9.685129548838e-01 9.688375635963e-01 9.691555476412e-01 9.694671077661e-01 9.697724366884e-01 9.700717194935e-01 9.703651340082e-01 9.706528511538e-01 9.709350352773e-01 9.712118444651e-01 9.714834308381e-01 9.717499408303e-01 9.720115154522e-01 9.722682905398e-01 9.725203969895e-01 9.727679609805e-01 9.730111041861e-01 9.732499439720e-01 9.734845935863e-01 9.737151623377e-01 9.739417557659e-01 9.741644758021e-01 9.743834209224e-01 9.745986862928e-01 9.748103639070e-01
1.000000000000e-12 1.000000000000e-12 1.000000000000e-12 1.256145862545e-01 3.442109396909e-01 4.753687517527e-01 5.628072931272e-01 6.252633941091e-01 6.721054698454e-01 7.085381954182e-01 7.376843758763e-01 7.615312507967e-01 7.814036465636e-01 7.982187506741e-01 8.126316970545e-01 8.251229172509e-01 8.360527349227e-01 8.456966916920e-01 8.542690977091e-01 8.619391451981e-01 8.688421879381e-01 8.750877980363e-01 8.807656253983e-01 8.859497286419e-01 8.907018232818e-01 8.950737503506e-01 8.991093753371e-01 9.028460651394e-01 9.063158485273e-01 9.095463365091e-01 9.125614586254e-01 9.153820567343e-01 9.180263674613e-01 9.205104169322e-01 9.228483458460e-01 9.250526788218e-01 9.271345488546e-01 9.291038853720e-01 9.309695725990e-01 9.327395835580e-01 9.344210939691e-01 9.360205794820e-01 9.375438990182e-01 9.389963664829e-01 9.403828126992e-01 9.417076390836e-01 9.429748643209e-01 9.441881650801e-01 9.453509116409e-01 9.464661991584e-01 9.475368751753e-01 9.485655638973e-01 9.495546876685e-01 9.505064860144e-01 9.514230325697e-01 9.523062501593e-01 9.531579242636e-01 9.539797150660e-01 9.547731682545e-01 9.555397247248e-01 9.562807293127e-01 9.569974386683e-01 9.576910283672e-01 9.583625993455e-01 9.590131837307e-01 9.596437501348e-01 9.602552084661e-01 9.608484143099e-01 9.614241729230e-01 9.619832428806e-01 9.625263394109e-01 9.630541374474e-01 9.635672744273e-01 9.640663528598e-01 9.645519426860e-01 9.650245834502e-01 9.654847862995e-01 9.659330358281e-01 9.663697917790e-01 9.667954906173e-01 9.672105469845e-01 9.676153550465e-01 9.680102897410e-01 9.683957079369e-01 9.687719495091e-01 9.691393383384e-01 9.694981832414e-01 9.698487788364e-01 9.701914063496e-01 9.705263343681e-01 9.708538195418e-01 9.711741072392e-01 9.714874321605e-01 9.717940189114e-01 9.720940825400e-01 9.723878290396e-01 9.726754558205e-01 9.729571521522e-01 9.732330995792e-01 9.735034723107e-01 9.737684375876e-01 9.740281560274e-01 9.742827819487e-01 9.745324636773e-01 9.747773438343e-01 9.750175596073e-01 9.752532430072e-01 9.754845211099e-01 9.757115162848e-01 9.759343464107e-01 9.761531250797e-01 9.763679617907e-01 9.765789621318e-01 9.767862279537e-01 9.769898575330e-01 9.771899457284e-01 9.773865841273e-01 9.775798611860e-01 9.777698623624e-01 9.779566702417e-01 9.781403646564e-01
1.000000000000e-12 1.000000000000e-12 1.000000000000e-12 1.666666666667e-01 3.750000000000e-01 5.000000000000e-01 5.833333333333e-01 6.428571428571e-01 6.875000000000e-01 7.222222222222e-01 7.500000000000e-01 7.727272727273e-01 7.916666666667e-01 8.076923076923e-01 8.214285714286e-01 8.333333333333e-01 8.437500000000e-01 8.529411764706e-01 8.611111111111e-01 8.684210526316e-01 8.750000000000e-01 8.809523809523e-01 8.863636363636e-01 8.913043478261e-01 8.958333333333e-01 9.000000000000e-01 9.038461538461e-01 9.074074074075e-01 9.107142857143e-01 9.137931034483e-01 9.166666666667e-01 9.193548387097e-01 9.218750000000e-01 9.242424242424e-01 9.264705882353e-01 9.285714285714e-01 9.305555555555e-01 9.324324324324e-01 9.342105263157e-01 9.358974358974e-01 9.375000000000e-01 9.390243902439e-01 9.404761904762e-01 9.418604651163e-01 9.431818181818e-01 9.444444444444e-01 9.456521739130e-01 9.468085106383e-01 9.479166666667e-01 9.489795918367e-01 9.500000000000e-01 9.509803921569e-01 9.519230769231e-01 9.528301886792e-01 9.537037037037e-01 9.545454545455e-01 9.553571428571e-01 9.561403508772e-01 9.568965517241e-01 9.576271186441e-01 9.583333333333e-01 9.590163934426e-01 9.596774193548e-01 9.603174603175e-01 9.609375000000e-01 9.615384615385e-01 9.621212121212e-01 9.626865671642e-01 9.632352941176e-01 9.637681159420e-01 9.642857142857e-01 9.647887323944e-01 9.652777777778e-01 9.657534246575e-01 9.662162162162e-01 9.666666666667e-01 9.671052631579e-01 9.675324675325e-01 9.679487179487e-01 9.683544303797e-01 9.687500000000e-01 9.691358024691e-01 9.695121951220e-01 9.698795180723e-01 9.702380952381e-01 9.705882352941e-01 9.709302325581e-01 9.712643678161e-01 9.715909090909e-01 9.719101123596e-01 9.722222222222e-01 9.725274725275e-01 9.728260869565e-01 9.731182795699e-01 9.734042553191e-01 9.736842105263e-01 9.739583333333e-01 9.742268041237e-01 9.744897959184e-01 9.747474747475e-01 9.750000000000e-01 9.752475247525e-01 9.754901960784e-01 9.757281553398e-01 9.759615384615e-01 9.761904761905e-01 9.764150943396e-01 9.766355140187e-01 9.768518518519e-01 9.770642201835e-01 9.772727272727e-01 9.774774774775e-01 9.776785714286e-01 9.778761061947e-01 9.780701754386e-01 9.782608695652e-01 9.784482758621e-01 9.786324786325e-01 9.788135593220e-01 9.789915966387e-01 9.791666666667e-01
1.000000000000e-12 1.000000000000e-12 1.000000000000e-12 1.666666666667e-01 3.750000000000e-01 5.000000000000e-01 5.833333333333e-01 6.428571428571e-01 6.875000000000e-01 7.222222222222e-01 7.500000000000e-01 7.727272727273e-01 7.916666666667e-01 8.076923076923e-01 8.214285714286e-01 8.333333333333e-01 8.437500000000e-01 8.529411764706e-01 8.611111111111e-01 8.684210526316e-01 8.750000000000e-01 8.809523809523e-01 8.863636363636e-01 8.913043478261e-01 8.958333333333e-01 9.000000000000e-01 9.038461538461e-01 9.074074074075e-01 9.107142857143e-01 9.137931034483e-01 9.166666666667e-01 9.193548387097e-01 9.218750000000e-01 9.242424242424e-01 9.264705882353e-01 9.285714285714e-01 9.305555555555e-01 9.324324324324e-01 9.342105263157e-01 9.358974358974e-01 9.375000000000e-01 9.390243902439e-01 9.404761904762e-01 9.418604651163e-01 9.431818181818e-01 9.444444444444e-01 9.456521739130e-01 9.468085106383e-01 9.479166666667e-01 9.489795918367e-01 9.500000000000e-01 9.509803921569e-01 9.519230769231e-01 9.528301886792e-01 9.537037037037e-01 9.545454545455e-01 9.553571428571e-01 9.561403508772e-01 9.568965517241e-01 9.576271186441e-01 9.583333333333e-01 9.590163934426e-01 9.596774193548e-01 9.603174603175e-01 9.609375000000e-01 9.615384615385e-01 9.621212121212e-01 9.626865671642e-01 9.632352941176e-01 9.637681159420e-01 9.642857142857e-01 9.647887323944e-01 9.652777777778e-01 9.657534246575e-01 9.662162162162e-01 9.666666666667e-01 9.671052631579e-01 9.675324675325e-01 9.679487179487e-01 9.683544303797e-01 9.687500000000e-01 9.691358024691e-01 9.695121951220e-01 9.698795180723e-01 9.702380952381e-01 9.705882352941e-01 9.709302325581e-01 9.712643678161e-01 9.715909090909e-01 9.719101123596e-01 9.722222222222e-01 9.725274725275e-01 9.728260869565e-01 9.731182795699e-01 9.734042553191e-01 9.736842105263e-01 9.739583333333e-01 9.742268041237e-01 9.744897959184e-01 9.747474747475e-01 9.750000000000e-01 9.752475247525e-01 9.754901960784e-01 9.757281553398e-01 9.759615384615e-01 9.761904761905e-01 9.764150943396e-01 9.766355140187e-01 9.768518518519e-01 9.770642201835e-01 9.772727272727e-01 9.774774774775e-01 9.776785714286e-01 9.778761061947e-01 9.780701754386e-01 9.782608695652e-01 9.784482758621e-01 9.786324786325e-01 9.788135593220e-01 9.789915966387e-01 9.791666666667e-01
1.000000000000e-12 1.000000000000e-12 1.000000000000e-12 1.666666666667e-01 3.750000000000e-01 5.000000000000e-01 5.833333333333e-01 6.428571428571e-01 6.875000000000e-01 7.222222222222e-01 7.500000000000e-01 7.727272727273e-01 7.916666666667e-01 8.076923076923e-01 8.214285714286e-01 8.333333333333e-01 8.437500000000e-01 8.529411764706e-01 8.611111111111e-01 8.684210526316e-01 8.750000000000e-01 8.809523809523e-01 8.863636363636e-01 8.913043478261e-01 8.958333333333e-01 9.000000000000e-01 9.038461538461e-01 9.074074074075e-01 9.107142857143e-01 9.137931034483e-01 9.166666666667e-01 9.193548387097e-01 9.218750000000e-01 9.242424242424e-01 9.264705882353e-01 9.285714285714e-01 9.305555555555e-01 9.324324324324e-01 9.342105263157e-01 9.358974358974e-01 9.375000000000e-01 9.390243902439e-01 9.404761904762e-01 9.418604651163e-01 9.431818181818e-01 9.444444444444e-01 9.456521739130e-01 9.468085106383e-01 9.479166666667e-01 9.489795918367e-01 9.500000000000e-01 9.509803921569e-01 9.519230769231e-01 9.528301886792e-01 9.537037037037e-01 9.545454545455e-01 9.553571428571e-01 9.561403508772e-01 9.568965517241e-01 9.576271186441e-01 9.583333333333e-01 9.590163934426e-01 9.596774193548e-01 9.603174603175e-01 9.609375000000e-01 9.615384615385e-01 9.621212121212e-01 9.626865671642e-01 9.632352941176e-01 9.637681159420e-01 9.642857142857e-01 9.647887323944e-01 9.652777777778e-01 9.657534246575e-01 9.662162162162e-01 9.666666666667e-01 9.671052631579e-01 9.675324675325e-01 9.679487179487e-01 9.683544303797e-01 9.687500000000e-01 9.691358024691e-01 9.695121951220e-01 9.698795180723e-01 9.702380952381e-01 9.705882352941e-01 9.709302325581e-01 9.712643678161e-01 9.715909090909e-01 9.719101123596e-01 9.722222222222e-01 9.725274725275e-01 9.728260869565e-01 9.731182795699e-01 9.734042553191e-01 9.736842105263e-01 9.739583333333e-01 9.742268041237e-01 9.744897959184e-01 9.747474747475e-01 9.750000000000e-01 9.752475247525e-01 9.754901960784e-01 9.757281553398e-01 9.759615384615e-01 9.761904761905e-01 9.764150943396e-01 9.766355140187e-01 9.768518518519e-01 9.770642201835e-01 9.772727272727e-01 9.774774774775e-01 9.776785714286e-01 9.778761061947e-01 9.780701754386e-01 9.782608695652e-01 9.784482758621e-01 9.786324786325e-01 9.788135593220e-01 9.789915966387e-01 9.791666666667e-01
1.000000000000e-12 1.000000000000e-12 1.000000000000e-12 1.666666666667e-01 3.750000000000e-01 5.000000000000e-01 5.833333333333e-01 6.428571428571e-01 6.875000000000e-01 7.222222222222e-01 7.500000000000e-01 7.727272727273e-01 7.916666666667e-01 8.076923076923e-01 8.214285714286e-01 8.333333333333e-01 8.437500000000e-01 8.529411764706e-01 8.611111111111e-01 8.684210526316e-01 8.750000000000e-01 8.809523809523e-01 8.863636363636e-01 8.913043478261e-01 8.958333333333e-01 9.000000000000e-01 9.038461538461e-01 9.074074074075e-01 9.107142857143e-01 9.137931034483e-01 9.166666666667e-01 9.193548387097e-01 9.218750000000e-01 9.242424242424e-01 9.264705882353e-01 9.285714285714e-01 9.305555555555e-01 9.324324324324e-01 9.342105263157e-01 9.358974358974e-01 9.375000000000e-01 9.390243902439e-01 9.404761904762e-01 9.418604651163e-01 9.431818181818e-01 9.444444444444e-01 9.456521739130e-01 9.468085106383e-01 9.479166666667e-01 9.489795918367e-01 9.500000000000e-01 9.509803921569e-01 9.519230769231e-01 9.528301886792e-01 9.537037037037e-01 9.545454545455e-01 9.553571428571e-01 9.561403508772e-01 9.568965517241e-01 9.576271186441e-01 9.583333333333e-01 9.590163934426e-01 9.596774193548e-01 9.603174603175e-01 9.609375000000e-01 9.615384615385e-01 9.621212121212e-01 9.626865671642e-01 9.632352941176e-01 9.637681159420e-01 9.642857142857e-01 9.647887323944e-01 9.652777777778e-01 9.657534246575e-01 9.662162162162e-01 9.666666666667e-01 9.671052631579e-01 9.675324675325e-01 9.679487179487e-01 9.683544303797e-01 9.687500000000e-01 9.691358024691e-01 9.695121951220e-01 9.698795180723e-01 9.702380952381e-01 9.705882352941e-01 9.709302325581e-01 9.712643678161e-01 9.715909090909e-01 9.719101123596e-01 9.722222222222e-01 9.725274725275e-01 9.728260869565e-01 9.731182795699e-01 9.734042553191e-01 9.736842105263e-01 9.739583333333e-01 9.742268041237e-01 9.744897959184e-01 9.747474747475e-01 9.750000000000e-01 9.752475247525e-01 9.754901960784e-01 9.757281553398e-01 9.759615384615e-01 9.761904761905e-01 9.764150943396e-01 9.766355140187e-01 9.768518518519e-01 9.770642201835e-01 9.772727272727e-01 9.774774774775e-01 9.776785714286e-01 9.778761061947e-01 9.780701754386e-01 9.782608695652e-01 9.784482758621e-01 9.786324786325e-01 9.788135593220e-01 9.789915966387e-01 9.791666666667e-01
1.000000000000e-12 1.000000000000e-12 1.000000000000e-12 1.666666666667e-01 3.750000000000e-01 5.000000000000e-01 5.833333333333e-01 6.428571428571e-01 6.875000000000e-01 7.222222222222e-01 7.500000000000e-01 7.727272727273e-01 7.916666666667e-01 8.076923076923e-01 8.214285714286e-01 8.333333333333e-01 8.437500000000e-01 8.529411764706e-01 8.611111111111e-01 8.684210526316e-01 8.750000000000e-01 8.809523809523e-01 8.863636363636e-01 8.913043478261e-01 8.958333333333e-01 9.000000000000e-01 9.038461538461e-01 9.074074074075e-01 9.107142857143e-01 9.137931034483e-01 9.166666666667e-01 9.193548387097e-01 9.218750000000e-01 9.242424242424e-01 9.264705882353e-01 9.285714285714e-01 9.305555555555e-01 9.324324324324e-01 9.342105263157e-01 9.358974358974e-01 9.375000000000e-01 9.390243902439e-01 9.404761904762e-01 9.418604651163e-01 9.431818181818e-01 9.444444444444e-01 9.456521739130e-01 9.468085106383e-01 9.479166666667e-01 9.489795918367e-01 9.500000000000e-01 9.509803921569e-01 9.519230769231e-01 9.528301886792e-01 9.537037037037e-01 9.545454545455e-01 9.553571428571e-01 9.561403508772e-01 9.568965517241e-01 9.576271186441e-01 9.583333333333e-01 9.590163934426e-01 9.596774193548e-01 9.603174603175e-01 9.609375000000e-01 9.615384615385e-01 9.621212121212e-01 9.626865671642e-01 9.632352941176e-01 9.637681159420e-01 9.642857142857e-01 9.647887323944e-01 9.652777777778e-01 9.657534246575e-01 9.662162162162e-01 9.666666666667e-01 9.671052631579e-01 9.675324675325e-01 9.679487179487e-01 9.683544303797e-01 9.687500000000e-01 9.691358024691e-01 9.695121951220e-01 9.698795180723e-01 9.702380952381e-01 9.705882352941e-01 9.709302325581e-01 9.712643678161e-01 9.715909090909e-01 9.719101123596e-01 9.722222222222e-01 9.725274725275e-01 9.728260869565e-01 9.731182795699e-01 9.734042553191e-01 9.736842105263e-01 9.739583333333e-01 9.742268041237e-01 9.744897959184e-01 9.747474747475e-01 9.750000000000e-01 9.752475247525e-01 9.754901960784e-01 9.757281553398e-01 9.759615384615e-01 9.761904761905e-01 9.764150943396e-01 9.766355140187e-01 9.768518518519e-01 9.770642201835e-01 9.772727272727e-01 9.774774774775e-01 9.776785714286e-01 9.778761061947e-01 9.780701754386e-01 9.782608695652e-01 9.784482758621e-01 9.786324786325e-01 9.788135593220e-01 9.789915966387e-01 9.791666666667e-01
1.000000000000e-12 1.000000000000e-12 1.000000000000e-12 1.666666666667e-01 3.750000000000e-01 5.000000000000e-01 5.833333333333e-01 6.428571428571e-01 6.875000000000e-01 7.222222222222e-01 7.500000000000e-01 7.727272727273e-01 7.916666666667e-01 8.076923076923e-01 8.214285714286e-01 8.333333333333e-01 8.437500000000e-01 8.529411764706e-01 8.611111111111e-01 8.684210526316e-01 8.750000000000e-01 8.809523809523e-01 8.863636363636e-01 8.913043478261e-01 8.958333333333e-01 9.000000000000e-01 9.038461538461e-01 9.074074074075e-01 9.107142857143e-01 9.137931034483e-01 9.166666666667e-01 9.193548387097e-01 9.218750000000e-01 9.242424242424e-01 9.264705882353e-01 9.285714285714e-01 9.305555555555e-01 9.324324324324e-01 9.342105263157e-01 9.358974358974e-01 9.375000000000e-01 9.390243902439e-01 9.404761904762e-01 9.418604651163e-01 9.431818181818e-01 9.444444444444e-01 9.456521739130e-01 9.468085106383e-01 9.479166666667e-01 9.489795918367e-01 9.500000000000e-01 9.509803921569e-01 9.519230769231e-01 9.528301886792e-01 9.537037037037e-01 9.545454545455e-01 9.553571428571e-01 9.561403508772e-01 9.568965517241e-01 9.576271186441e-01 9.583333333333e-01 9.590163934426e-01 9.596774193548e-01 9.603174603175e-01 9.609375000000e-01 9.615384615385e-01 9.621212121212e-01 9.626865671642e-01 9.632352941176e-01 9.637681159420e-01 9.642857142857e-01 9.647887323944e-01 9.652777777778e-01 9.657534246575e-01 9.662162162162e-01 9.666666666667e-01 9.671052631579e-01 9.675324675325e-01 9.679487179487e-01 9.683544303797e-01 9.687500000000e-01 9.691358024691e-01 9.695121951220e-01 9.698795180723e-01 9.702380952381e-01 9.705882352941e-01 9.709302325581e-01 9.712643678161e-01 9.715909090909e-01 9.719101123596e-01 9.722222222222e-01 9.725274725275e-01 9.728260869565e-01 9.731182795699e-01 9.734042553191e-01 9.736842105263e-01 9.739583333333e-01 9.742268041237e-01 9.744897959184e-01 9.747474747475e-01 9.750000000000e-01 9.752475247525e-01 9.754901960784e-01 9.757281553398e-01 9.759615384615e-01 9.761904761905e-01 9.764150943396e-01 9.766355140187e-01 9.768518518519e-01 9.770642201835e-01 9.772727272727e-01 9.774774774775e-01 9.776785714286e-01 9.778761061947e-01 9.780701754386e-01 9.782608695652e-01 9.784482758621e-01 9.786324786325e-01 9.788135593220e-01 9.789915966387e-01 9.791666666667e-01
1.000000000000e-12 1.000000000000e-12 1.000000000000e-12 1.666666666667e-01 3.750000000000e-01 5.000000000000e-01 5.833333333333e-01 6.428571428571e-01 6.875000000000e-01 7.222222222222e-01 7.500000000000e-01 7.727272727273e-01 7.916666666667e-01 8.076923076923e-01 8.214285714286e-01 8.333333333333e-01 8.437500000000e-01 8.529411764706e-01 8.611111111111e-01 8.684210526316e-01 8.750000000000e-01 8.809523809523e-01 8.863636363636e-01 8.913043478261e-01 8.958333333333e-01 9.000000000000e-01 9.038461538461e-01 9.074074074075e-01 9.107142857143e-01 9.137931034483e-01 9.166666666667e-01 9.193548387097e-01 9.218750000000e-01 9.242424242424e-01 9.264705882353e-01 9.285714285714e-01 9.305555555555e-01 9.324324324324e-01 9.342105263157e-01 9.358974358974e-01 9.375000000000e-01 9.390243902439e-01 9.404761904762e-01 9.418604651163e-01 9.431818181818e-01 9.444444444444e-01 9.456521739130e-01 9.468085106383e-01 9.479166666667e-01 9.489795918367e-01 9.500000000000e-01 9.509803921569e-01 9.519230769231e-01 9.528301886792e-01 9.537037037037e-01 9.545454545455e-01 9.553571428571e-01 9.561403508772e-01 9.568965517241e-01 9.576271186441e-01 9.583333333333e-01 9.590163934426e-01 9.596774193548e-01 9.603174603175e-01 9.609375000000e-01 9.615384615385e-01 9.621212121212e-01 9.626865671642e-01 9.632352941176e-01 9.637681159420e-01 9.642857142857e-01 9.647887323944e-01 9.652777777778e-01 9.657534246575e-01 9.662162162162e-01 9.666666666667e-01 9.671052631579e-01 9.675324675325e-01 9.679487179487e-01 9.683544303797e-01 9.687500000000e-01 9.691358024691e-01 9.695121951220e-01 9.698795180723e-01 9.702380952381e-01 9.705882352941e-01 9.709302325581e-01 9.712643678161e-01 9.715909090909e-01 9.719101123596e-01 9.722222222222e-01 9.725274725275e-01 9.728260869565e-01 9.731182795699e-01 9.734042553191e-01 9.736842105263e-01 9.739583333333e-01 9.742268041237e-01 9.744897959184e-01 9.747474747475e-01 9.750000000000e-01 9.752475247525e-01 9.754901960784e-01 9.757281553398e-01 9.759615384615e-01 9.761904761905e-01 9.764150943396e-01 9.766355140187e-01 9.768518518519e-01 9.770642201835e-01 9.772727272727e-01 9.774774774775e-01 9.776785714286e-01 9.778761061947e-01 9.780701754386e-01 9.782608695652e-01 9.784482758621e-01 9.786324786325e-01 9.788135593220e-01 9.789915966387e-01 9.791666666667e-01
