121 101
-1.00000000 -0.98333333 -0.96666667 -0.95000000 -0.93333333 -0.91666667 -0.90000000 -0.88333333 -0.86666667 -0.85000000 -0.83333333 -0.81666667 -0.80000000 -0.78333333 -0.76666667 -0.75000000 -0.73333333 -0.71666667 -0.70000000 -0.68333333 -0.66666667 -0.65000000 -0.63333333 -0.61666667 -0.60000000 -0.58333333 -0.56666667 -0.55000000 -0.53333333 -0.51666667 -0.50000000 -0.48333333 -0.46666667 -0.45000000 -0.43333333 -0.41666667 -0.40000000 -0.38333333 -0.36666667 -0.35000000 -0.33333333 -0.31666667 -0.30000000 -0.28333333 -0.26666667 -0.25000000 -0.23333333 -0.21666667 -0.20000000 -0.18333333 -0.16666667 -0.15000000 -0.13333333 -0.11666667 -0.10000000 -0.08333333 -0.06666667 -0.05000000 -0.03333333 -0.01666667 0.00000000 0.01666667 0.03333333 0.05000000 0.06666667 0.08333333 0.10000000 0.11666667 0.13333333 0.15000000 0.16666667 0.18333333 0.20000000 0.21666667 0.23333333 0.25000000 0.26666667 0.28333333 0.30000000 0.31666667 0.33333333 0.35000000 0.36666667 0.38333333 0.40000000 0.41666667 0.43333333 0.45000000 0.46666667 0.48333333 0.50000000 0.51666667 0.53333333 0.55000000 0.56666667 0.58333333 0.60000000 0.61666667 0.63333333 0.65000000 0.66666667 0.68333333 0.70000000 0.71666667 0.73333333 0.75000000 0.76666667 0.78333333 0.80000000 0.81666667 0.83333333 0.85000000 0.86666667 0.88333333 0.90000000 0.91666667 0.93333333 0.95000000 0.96666667 0.98333333 1.00000000
0.45000000 0.45550000 0.46100000 0.46650000 0.47200000 0.47750000 0.48300000 0.48850000 0.49400000 0.49950000 0.50500000 0.51050000 0.51600000 0.52150000 0.52700000 0.53250000 0.53800000 0.54350000 0.54900000 0.55450000 0.56000000 0.56550000 0.57100000 0.57650000 0.58200000 0.58750000 0.59300000 0.59850000 0.60400000 0.60950000 0.61500000 0.62050000 0.62600000 0.63150000 0.63700000 0.64250000 0.64800000 0.65350000 0.65900000 0.66450000 0.67000000 0.67550000 0.68100000 0.68650000 0.69200000 0.69750000 0.70300000 0.70850000 0.71400000 0.71950000 0.72500000 0.73050000 0.73600000 0.74150000 0.74700000 0.75250000 0.75800000 0.76350000 0.76900000 0.77450000 0.78000000 0.78550000 0.79100000 0.79650000 0.80200000 0.80750000 0.81300000 0.81850000 0.82400000 0.82950000 0.83500000 0.84050000 0.84600000 0.85150000 0.85700000 0.86250000 0.86800000 0.87350000 0.87900000 0.88450000 0.89000000 0.89550000 0.90100000 0.90650000 0.91200000 0.91750000 0.92300000 0.92850000 0.93400000 0.93950000 0.94500000 0.95050000 0.95600000 0.96150000 0.96700000 0.97250000 0.97800000 0.98350000 0.98900000 0.99450000 1.00000000
1.000000000000e+06 1.000000000000e+06 1.000000000000e+06 1.000000000000e+06 1.000000000000e+06 1.000000000000e+06 1.000000000000e+06 1.000000000000e+06 1.000000000000e+06 1.000000000000e+06 1.000000000000e+06 1.000000000000e+06 1.000000000000e+06 1.000000000000e+06 1.000000000000e+06 1.000000000000e+06 1.000000000000e+06 1.000000000000e+06 1.000000000000e+06 1.000000000000e+06 1.000000000000e+06 1.000000000000e+06 1.000000000000e+06 1.000000000000e+06 1.000000000000e+06 1.000000000000e+06 1.000000000000e+06 1.000000000000e+06 1.000000000000e+06 1.000000000000e+06 1.000000000000e+06 1.000000000000e+06 1.000000000000e+06 1.000000000000e+06 1.000000000000e+06 1.000000000000e+06 1.000000000000e+06 1.000000000000e+06 1.000000000000e+06 1.000000000000e+06 1.000000000000e+06 1.000000000000e+06 1.000000000000e+06 1.000000000000e+06 1.000000000000e+06 1.000000000000e+06 1.000000000000e+06 1.000000000000e+06 1.000000000000e+06 1.000000000000e+06 1.000000000000e+06 1.000000000000e+06 1.000000000000e+06 1.000000000000e+06 1.000000000000e+06 1.000000000000e+06 1.000000000000e+06 1.000000000000e+06 1.000000000000e+06 1.000000000000e+06 1.000000000000e+06 1.000000000000e+06 1.000000000000e+06 1.000000000000e+06 1.000000000000e+06 1.000000000000e+06 1.000000000000e+06 1.000000000000e+06 1.000000000000e+06 1.000000000000e+06 1.000000000000e+06 1.000000000000e+06 1.000000000000e+06 1.000000000000e+06 1.000000000000e+06 1.000000000000e+06 1.000000000000e+06 1.000000000000e+06 1.000000000000e+06 1.000000000000e+06 1.000000000000e+06 1.000000000000e+06 1.000000000000e+06 1.000000000000e+06 1.000000000000e+06 1.000000000000e+06 1.000000000000e+06 1.000000000000e+06 1.000000000000e+06 1.000000000000e+06 1.000000000000e+06 1.000000000000e+06 1.000000000000e+06 1.000000000000e+06 1.000000000000e+06 1.000000000000e+06 1.000000000000e+06 1.000000000000e+06 1.000000000000e+06 1.000000000000e+06 1.000000000000e+06
1.000000000000e+06 1.000000000000e+06 1.000000000000e+06 1.000000000000e+06 1.000000000000e+06 1.000000000000e+06 1.000000000000e+06 1.000000000000e+06 1.000000000000e+06 1.000000000000e+06 1.000000000000e+06 1.000000000000e+06 1.000000000000e+06 1.000000000000e+06 1.000000000000e+06 1.000000000000e+06 1.000000000000e+06 1.000000000000e+06 1.000000000000e+06 1.000000000000e+06 1.000000000000e+06 1.000000000000e+06 1.000000000000e+06 1.000000000000e+06 1.000000000000e+06 1.000000000000e+06 1.000000000000e+06 1.000000000000e+06 1.000000000000e+06 1.000000000000e+06 1.000000000000e+06 1.000000000000e+06 1.000000000000e+06 1.000000000000e+06 1.000000000000e+06 1.000000000000e+06 1.000000000000e+06 1.000000000000e+06 1.000000000000e+06 1.000000000000e+06 1.000000000000e+06 1.000000000000e+06 1.000000000000e+06 1.000000000000e+06 1.000000000000e+06 1.000000000000e+06 1.000000000000e+06 1.000000000000e+06 1.000000000000e+06 1.000000000000e+06 1.000000000000e+06 1.000000000000e+06 1.000000000000e+06 1.000000000000e+06 1.000000000000e+06 1.000000000000e+06 1.000000000000e+06 1.000000000000e+06 1.000000000000e+06 1.000000000000e+06 1.000000000000e+06 1.000000000000e+06 1.000000000000e+06 1.000000000000e+06 1.000000000000e+06 1.000000000000e+06 1.000000000000e+06 1.000000000000e+06 1.000000000000e+06 1.000000000000e+06 1.000000000000e+06 1.000000000000e+06 1.000000000000e+06 1.000000000000e+06 1.000000000000e+06 1.000000000000e+06 1.000000000000e+06 1.000000000000e+06 1.000000000000e+06 1.000000000000e+06 1.000000000000e+06 1.000000000000e+06 1.000000000000e+06 1.000000000000e+06 1.000000000000e+06 1.000000000000e+06 1.000000000000e+06 1.000000000000e+06 1.000000000000e+06 1.000000000000e+06 1.000000000000e+06 1.000000000000e+06 1.000000000000e+06 1.000000000000e+06 1.000000000000e+06 1.000000000000e+06 1.000000000000e+06 1.000000000000e+06 1.000000000000e+06 1.000000000000e+06 1.000000000000e+06
1.000000000000e+06 1.000000000000e+06 1.000000000000e+06 1.000000000000e+06 1.000000000000e+06 1.000000000000e+06 1.000000000000e+06 1.000000000000e+06 1.000000000000e+06 1.000000000000e+06 1.000000000000e+06 1.000000000000e+06 1.000000000000e+06 1.000000000000e+06 1.000000000000e+06 1.000000000000e+06 1.000000000000e+06 1.000000000000e+06 1.000000000000e+06 1.000000000000e+06 1.000000000000e+06 1.000000000000e+06 1.000000000000e+06 1.000000000000e+06 1.000000000000e+06 1.000000000000e+06 1.000000000000e+06 1.000000000000e+06 1.000000000000e+06 1.000000000000e+06 1.000000000000e+06 1.000000000000e+06 1.000000000000e+06 1.000000000000e+06 1.000000000000e+06 1.000000000000e+06 1.000000000000e+06 1.000000000000e+06 1.000000000000e+06 1.000000000000e+06 1.000000000000e+06 1.000000000000e+06 1.000000000000e+06 1.000000000000e+06 1.000000000000e+06 1.000000000000e+06 1.000000000000e+06 1.000000000000e+06 1.000000000000e+06 1.000000000000e+06 1.000000000000e+06 1.000000000000e+06 1.000000000000e+06 1.000000000000e+06 1.000000000000e+06 1.000000000000e+06 1.000000000000e+06 1.000000000000e+06 1.000000000000e+06 1.000000000000e+06 1.000000000000e+06 1.000000000000e+06 1.000000000000e+06 1.000000000000e+06 1.000000000000e+06 1.000000000000e+06 1.000000000000e+06 1.000000000000e+06 1.000000000000e+06 1.000000000000e+06 1.000000000000e+06 1.000000000000e+06 1.000000000000e+06 1.000000000000e+06 1.000000000000e+06 1.000000000000e+06 1.000000000000e+06 1.000000000000e+06 1.000000000000e+06 1.000000000000e+06 1.000000000000e+06 1.000000000000e+06 1.000000000000e+06 1.000000000000e+06 1.000000000000e+06 1.000000000000e+06 1.000000000000e+06 1.000000000000e+06 1.000000000000e+06 1.000000000000e+06 1.000000000000e+06 1.000000000000e+06 1.000000000000e+06 1.000000000000e+06 1.000000000000e+06 1.000000000000e+06 1.000000000000e+06 1.000000000000e+06 1.000000000000e+06 1.000000000000e+06 1.000000000000e+06
1.000000000000e+06 1.000000000000e+06 1.000000000000e+06 1.000000000000e+06 1.000000000000e+06 1.000000000000e+06 1.000000000000e+06 1.000000000000e+06 1.000000000000e+06 1.000000000000e+06 1.000000000000e+06 1.000000000000e+06 1.000000000000e+06 1.000000000000e+06 1.000000000000e+06 1.000000000000e+06 1.000000000000e+06 1.000000000000e+06 1.000000000000e+06 1.000000000000e+06 1.000000000000e+06 1.000000000000e+06 1.000000000000e+06 1.000000000000e+06 1.000000000000e+06 1.000000000000e+06 1.000000000000e+06 1.000000000000e+06 1.000000000000e+06 1.000000000000e+06 1.000000000000e+06 1.000000000000e+06 1.000000000000e+06 1.000000000000e+06 1.000000000000e+06 1.000000000000e+06 1.000000000000e+06 1.000000000000e+06 1.000000000000e+06 1.000000000000e+06 1.000000000000e+06 1.000000000000e+06 1.000000000000e+06 1.000000000000e+06 1.000000000000e+06 1.000000000000e+06 1.000000000000e+06 1.000000000000e+06 1.000000000000e+06 1.000000000000e+06 1.000000000000e+06 1.000000000000e+06 1.000000000000e+06 1.000000000000e+06 1.000000000000e+06 1.000000000000e+06 1.000000000000e+06 1.000000000000e+06 1.000000000000e+06 1.000000000000e+06 1.000000000000e+06 1.000000000000e+06 1.000000000000e+06 1.000000000000e+06 1.000000000000e+06 1.000000000000e+06 1.000000000000e+06 1.000000000000e+06 1.000000000000e+06 1.000000000000e+06 1.000000000000e+06 1.000000000000e+06 1.000000000000e+06 1.000000000000e+06 1.000000000000e+06 1.000000000000e+06 1.000000000000e+06 1.000000000000e+06 1.000000000000e+06 1.000000000000e+06 1.000000000000e+06 1.000000000000e+06 1.000000000000e+06 1.000000000000e+06 1.000000000000e+06 1.000000000000e+06 1.000000000000e+06 1.000000000000e+06 1.000000000000e+06 1.000000000000e+06 1.000000000000e+06 1.000000000000e+06 1.000000000000e+06 1.000000000000e+06 1.000000000000e+06 1.000000000000e+06 1.000000000000e+06 1.000000000000e+06 1.000000000000e+06 1.000000000000e+06 1.000000000000e+06
1.000000000000e+06 1.000000000000e+06 1.000000000000e+06 1.000000000000e+06 1.000000000000e+06 1.000000000000e+06 1.000000000000e+06 1.000000000000e+06 1.000000000000e+06 1.000000000000e+06 1.000000000000e+06 1.000000000000e+06 1.000000000000e+06 1.000000000000e+06 1.000000000000e+06 1.000000000000e+06 1.000000000000e+06 1.000000000000e+06 1.000000000000e+06 1.000000000000e+06 1.000000000000e+06 1.000000000000e+06 1.000000000000e+06 1.000000000000e+06 1.000000000000e+06 1.000000000000e+06 1.000000000000e+06 1.000000000000e+06 1.000000000000e+06 1.000000000000e+06 1.000000000000e+06 1.000000000000e+06 1.000000000000e+06 1.000000000000e+06 1.000000000000e+06 1.000000000000e+06 1.000000000000e+06 1.000000000000e+06 1.000000000000e+06 1.000000000000e+06 1.000000000000e+06 1.000000000000e+06 1.000000000000e+06 1.000000000000e+06 1.000000000000e+06 1.000000000000e+06 1.000000000000e+06 1.000000000000e+06 1.000000000000e+06 1.000000000000e+06 1.000000000000e+06 1.000000000000e+06 1.000000000000e+06 1.000000000000e+06 1.000000000000e+06 1.000000000000e+06 1.000000000000e+06 1.000000000000e+06 1.000000000000e+06 1.000000000000e+06 1.000000000000e+06 1.000000000000e+06 1.000000000000e+06 1.000000000000e+06 1.000000000000e+06 1.000000000000e+06 1.000000000000e+06 1.000000000000e+06 1.000000000000e+06 1.000000000000e+06 1.000000000000e+06 1.000000000000e+06 1.000000000000e+06 1.000000000000e+06 1.000000000000e+06 1.000000000000e+06 1.000000000000e+06 1.000000000000e+06 1.000000000000e+06 1.000000000000e+06 1.000000000000e+06 1.000000000000e+06 1.000000000000e+06 1.000000000000e+06 1.000000000000e+06 1.000000000000e+06 1.000000000000e+06 1.000000000000e+06 1.000000000000e+06 1.000000000000e+06 1.000000000000e+06 1.000000000000e+06 1.000000000000e+06 1.000000000000e+06 1.000000000000e+06 1.000000000000e+06 1.000000000000e+06 1.000000000000e+06 1.000000000000e+06 1.000000000000e+06 1.000000000000e+06
1.000000000000e+06 1.000000000000e+06 1.000000000000e+06 1.000000000000e+06 1.000000000000e+06 1.000000000000e+06 1.000000000000e+06 1.000000000000e+06 1.000000000000e+06 1.000000000000e+06 1.000000000000e+06 1.000000000000e+06 1.000000000000e+06 1.000000000000e+06 1.000000000000e+06 1.000000000000e+06 1.000000000000e+06 1.000000000000e+06 1.000000000000e+06 1.000000000000e+06 1.000000000000e+06 1.000000000000e+06 1.000000000000e+06 1.000000000000e+06 1.000000000000e+06 1.000000000000e+06 1.000000000000e+06 1.000000000000e+06 1.000000000000e+06 1.000000000000e+06 1.000000000000e+06 1.000000000000e+06 1.000000000000e+06 1.000000000000e+06 1.000000000000e+06 1.000000000000e+06 1.000000000000e+06 1.000000000000e+06 1.000000000000e+06 1.000000000000e+06 1.000000000000e+06 1.000000000000e+06 1.000000000000e+06 1.000000000000e+06 1.000000000000e+06 1.000000000000e+06 1.000000000000e+06 1.000000000000e+06 1.000000000000e+06 1.000000000000e+06 1.000000000000e+06 1.000000000000e+06 1.000000000000e+06 1.000000000000e+06 1.000000000000e+06 1.000000000000e+06 1.000000000000e+06 1.000000000000e+06 1.000000000000e+06 1.000000000000e+06 1.000000000000e+06 1.000000000000e+06 1.000000000000e+06 1.000000000000e+06 1.000000000000e+06 1.000000000000e+06 1.000000000000e+06 1.000000000000e+06 1.000000000000e+06 1.000000000000e+06 1.000000000000e+06 1.000000000000e+06 1.000000000000e+06 1.000000000000e+06 1.000000000000e+06 1.000000000000e+06 1.000000000000e+06 1.000000000000e+06 1.000000000000e+06 1.000000000000e+06 1.000000000000e+06 1.000000000000e+06 1.000000000000e+06 1.000000000000e+06 1.000000000000e+06 1.000000000000e+06 1.000000000000e+06 1.000000000000e+06 1.000000000000e+06 1.000000000000e+06 1.000000000000e+06 1.000000000000e+06 1.000000000000e+06 1.000000000000e+06 1.000000000000e+06 1.000000000000e+06 1.000000000000e+06 1.000000000000e+06 1.000000000000e+06 1.000000000000e+06 1.000000000000e+06
1.000000000000e+06 1.000000000000e+06 1.000000000000e+06 1.000000000000e+06 1.000000000000e+06 1.000000000000e+06 1.000000000000e+06 1.000000000000e+06 1.000000000000e+06 1.000000000000e+06 1.000000000000e+06 1.000000000000e+06 1.000000000000e+06 1.000000000000e+06 1.000000000000e+06 1.000000000000e+06 1.000000000000e+06 1.000000000000e+06 1.000000000000e+06 1.000000000000e+06 1.000000000000e+06 1.000000000000e+06 1.000000000000e+06 1.000000000000e+06 1.000000000000e+06 1.000000000000e+06 1.000000000000e+06 1.000000000000e+06 1.000000000000e+06 1.000000000000e+06 1.000000000000e+06 1.000000000000e+06 1.000000000000e+06 1.000000000000e+06 1.000000000000e+06 1.000000000000e+06 1.000000000000e+06 1.000000000000e+06 1.000000000000e+06 1.000000000000e+06 1.000000000000e+06 1.000000000000e+06 1.000000000000e+06 1.000000000000e+06 1.000000000000e+06 1.000000000000e+06 1.000000000000e+06 1.000000000000e+06 1.000000000000e+06 1.000000000000e+06 1.000000000000e+06 1.000000000000e+06 1.000000000000e+06 1.000000000000e+06 1.000000000000e+06 1.000000000000e+06 1.000000000000e+06 1.000000000000e+06 1.000000000000e+06 1.000000000000e+06 1.000000000000e+06 1.000000000000e+06 1.000000000000e+06 1.000000000000e+06 1.000000000000e+06 1.000000000000e+06 1.000000000000e+06 1.000000000000e+06 1.000000000000e+06 1.000000000000e+06 1.000000000000e+06 1.000000000000e+06 1.000000000000e+06 1.000000000000e+06 1.000000000000e+06 1.000000000000e+06 1.000000000000e+06 1.000000000000e+06 1.000000000000e+06 1.000000000000e+06 1.000000000000e+06 1.000000000000e+06 1.000000000000e+06 1.000000000000e+06 1.000000000000e+06 1.000000000000e+06 1.000000000000e+06 1.000000000000e+06 1.000000000000e+06 1.000000000000e+06 1.000000000000e+06 1.000000000000e+06 1.000000000000e+06 1.000000000000e+06 1.000000000000e+06 1.000000000000e+06 1.000000000000e+06 1.000000000000e+06 1.000000000000e+06 1.000000000000e+06 1.000000000000e+06
1.000000000000e+06 1.000000000000e+06 1.000000000000e+06 1.000000000000e+06 1.000000000000e+06 1.000000000000e+06 1.000000000000e+06 1.000000000000e+06 1.000000000000e+06 1.000000000000e+06 1.000000000000e+06 1.000000000000e+06 1.000000000000e+06 1.000000000000e+06 1.000000000000e+06 1.000000000000e+06 1.000000000000e+06 1.000000000000e+06 1.000000000000e+06 1.000000000000e+06 1.000000000000e+06 1.000000000000e+06 1.000000000000e+06 1.000000000000e+06 1.000000000000e+06 1.000000000000e+06 1.000000000000e+06 1.000000000000e+06 1.000000000000e+06 1.000000000000e+06 1.000000000000e+06 1.000000000000e+06 1.000000000000e+06 1.000000000000e+06 1.000000000000e+06 1.000000000000e+06 1.000000000000e+06 1.000000000000e+06 1.000000000000e+06 1.000000000000e+06 1.000000000000e+06 1.000000000000e+06 1.000000000000e+06 1.000000000000e+06 1.000000000000e+06 1.000000000000e+06 1.000000000000e+06 1.000000000000e+06 1.000000000000e+06 1.000000000000e+06 1.000000000000e+06 1.000000000000e+06 1.000000000000e+06 1.000000000000e+06 1.000000000000e+06 1.000000000000e+06 1.000000000000e+06 1.000000000000e+06 1.000000000000e+06 1.000000000000e+06 1.000000000000e+06 1.000000000000e+06 1.000000000000e+06 1.000000000000e+06 1.000000000000e+06 1.000000000000e+06 1.000000000000e+06 1.000000000000e+06 1.000000000000e+06 1.000000000000e+06 1.000000000000e+06 1.000000000000e+06 1.000000000000e+06 1.000000000000e+06 1.000000000000e+06 1.000000000000e+06 1.000000000000e+06 1.000000000000e+06 1.000000000000e+06 1.000000000000e+06 1.000000000000e+06 1.000000000000e+06 1.000000000000e+06 1.000000000000e+06 1.000000000000e+06 1.000000000000e+06 1.000000000000e+06 1.000000000000e+06 1.000000000000e+06 1.000000000000e+06 1.000000000000e+06 1.000000000000e+06 1.000000000000e+06 1.000000000000e+06 1.000000000000e+06 1.000000000000e+06 1.000000000000e+06 1.000000000000e+06 1.000000000000e+06 1.000000000000e+06 1.000000000000e+06
1.000000000000e+06 1.000000000000e+06 1.000000000000e+06 1.000000000000e+06 1.000000000000e+06 1.000000000000e+06 1.000000000000e+06 1.000000000000e+06 1.000000000000e+06 1.000000000000e+06 1.000000000000e+06 1.000000000000e+06 1.000000000000e+06 1.000000000000e+06 1.000000000000e+06 1.000000000000e+06 1.000000000000e+06 1.000000000000e+06 1.000000000000e+06 1.000000000000e+06 1.000000000000e+06 1.000000000000e+06 1.000000000000e+06 1.000000000000e+06 1.000000000000e+06 1.000000000000e+06 1.000000000000e+06 1.000000000000e+06 1.000000000000e+06 1.000000000000e+06 1.000000000000e+06 1.000000000000e+06 1.000000000000e+06 1.000000000000e+06 1.000000000000e+06 1.000000000000e+06 1.000000000000e+06 1.000000000000e+06 1.000000000000e+06 1.000000000000e+06 1.000000000000e+06 1.000000000000e+06 1.000000000000e+06 1.000000000000e+06 1.000000000000e+06 1.000000000000e+06 1.000000000000e+06 1.000000000000e+06 1.000000000000e+06 1.000000000000e+06 1.000000000000e+06 1.000000000000e+06 1.000000000000e+06 1.000000000000e+06 1.000000000000e+06 1.000000000000e+06 1.000000000000e+06 1.000000000000e+06 1.000000000000e+06 1.000000000000e+06 1.000000000000e+06 1.000000000000e+06 1.000000000000e+06 1.000000000000e+06 1.000000000000e+06 1.000000000000e+06 1.000000000000e+06 1.000000000000e+06 1.000000000000e+06 1.000000000000e+06 1.000000000000e+06 1.000000000000e+06 1.000000000000e+06 1.000000000000e+06 1.000000000000e+06 1.000000000000e+06 1.000000000000e+06 1.000000000000e+06 1.000000000000e+06 1.000000000000e+06 1.000000000000e+06 1.000000000000e+06 1.000000000000e+06 1.000000000000e+06 1.000000000000e+06 1.000000000000e+06 1.000000000000e+06 1.000000000000e+06 1.000000000000e+06 1.000000000000e+06 1.000000000000e+06 1.000000000000e+06 1.000000000000e+06 1.000000000000e+06 1.000000000000e+06 1.000000000000e+06 1.000000000000e+06 1.000000000000e+06 1.000000000000e+06 1.000000000000e+06 1.000000000000e+06
1.000000000000e+06 1.000000000000e+06 1.000000000000e+06 1.000000000000e+06 1.000000000000e+06 1.000000000000e+06 1.000000000000e+06 1.000000000000e+06 1.000000000000e+06 1.000000000000e+06 1.000000000000e+06 1.000000000000e+06 1.000000000000e+06 1.000000000000e+06 1.000000000000e+06 1.000000000000e+06 1.000000000000e+06 1.000000000000e+06 1.000000000000e+06 1.000000000000e+06 1.000000000000e+06 1.000000000000e+06 1.000000000000e+06 1.000000000000e+06 1.000000000000e+06 1.000000000000e+06 1.000000000000e+06 1.000000000000e+06 1.000000000000e+06 1.000000000000e+06 1.000000000000e+06 1.000000000000e+06 1.000000000000e+06 1.000000000000e+06 1.000000000000e+06 1.000000000000e+06 1.000000000000e+06 1.000000000000e+06 1.000000000000e+06 1.000000000000e+06 1.000000000000e+06 1.000000000000e+06 1.000000000000e+06 1.000000000000e+06 1.000000000000e+06 1.000000000000e+06 1.000000000000e+06 1.000000000000e+06 1.000000000000e+06 1.000000000000e+06 1.000000000000e+06 1.000000000000e+06 1.000000000000e+06 1.000000000000e+06 1.000000000000e+06 1.000000000000e+06 1.000000000000e+06 1.000000000000e+06 1.000000000000e+06 1.000000000000e+06 1.000000000000e+06 1.000000000000e+06 1.000000000000e+06 1.000000000000e+06 1.000000000000e+06 1.000000000000e+06 1.000000000000e+06 1.000000000000e+06 1.000000000000e+06 1.000000000000e+06 1.000000000000e+06 1.000000000000e+06 1.000000000000e+06 1.000000000000e+06 1.000000000000e+06 1.000000000000e+06 1.000000000000e+06 1.000000000000e+06 1.000000000000e+06 1.000000000000e+06 1.000000000000e+06 1.000000000000e+06 1.000000000000e+06 1.000000000000e+06 1.000000000000e+06 1.000000000000e+06 1.000000000000e+06 1.000000000000e+06 1.000000000000e+06 1.000000000000e+06 1.000000000000e+06 1.000000000000e+06 1.000000000000e+06 1.000000000000e+06 1.000000000000e+06 1.000000000000e+06 1.000000000000e+06 1.000000000000e+06 1.000000000000e+06 1.000000000000e+06 1.000000000000e+06
1.000000000000e+06 1.000000000000e+06 1.000000000000e+06 1.000000000000e+06 1.000000000000e+06 1.000000000000e+06 1.000000000000e+06 1.000000000000e+06 1.000000000000e+06 1.000000000000e+06 1.000000000000e+06 1.000000000000e+06 1.000000000000e+06 1.000000000000e+06 1.000000000000e+06 1.000000000000e+06 1.000000000000e+06 1.000000000000e+06 1.000000000000e+06 1.000000000000e+06 1.000000000000e+06 1.000000000000e+06 1.000000000000e+06 1.000000000000e+06 1.000000000000e+06 1.000000000000e+06 1.000000000000e+06 1.000000000000e+06 1.000000000000e+06 1.000000000000e+06 1.000000000000e+06 1.000000000000e+06 1.000000000000e+06 1.000000000000e+06 1.000000000000e+06 1.000000000000e+06 1.000000000000e+06 1.000000000000e+06 1.000000000000e+06 1.000000000000e+06 1.000000000000e+06 1.000000000000e+06 1.000000000000e+06 1.000000000000e+06 1.000000000000e+06 1.000000000000e+06 1.000000000000e+06 1.000000000000e+06 1.000000000000e+06 1.000000000000e+06 1.000000000000e+06 1.000000000000e+06 1.000000000000e+06 1.000000000000e+06 1.000000000000e+06 1.000000000000e+06 1.000000000000e+06 1.000000000000e+06 1.000000000000e+06 1.000000000000e+06 1.000000000000e+06 1.000000000000e+06 1.000000000000e+06 1.000000000000e+06 1.000000000000e+06 1.000000000000e+06 1.000000000000e+06 1.000000000000e+06 1.000000000000e+06 1.000000000000e+06 1.000000000000e+06 1.000000000000e+06 1.000000000000e+06 1.000000000000e+06 1.000000000000e+06 1.000000000000e+06 1.000000000000e+06 1.000000000000e+06 1.000000000000e+06 1.000000000000e+06 1.000000000000e+06 1.000000000000e+06 1.000000000000e+06 1.000000000000e+06 1.000000000000e+06 1.000000000000e+06 1.000000000000e+06 1.000000000000e+06 1.000000000000e+06 1.000000000000e+06 1.000000000000e+06 1.000000000000e+06 1.000000000000e+06 1.000000000000e+06 1.000000000000e+06 1.000000000000e+06 1.000000000000e+06 1.000000000000e+06 1.000000000000e+06 1.000000000000e+06 1.000000000000e+06
1.000000000000e+06 1.000000000000e+06 1.000000000000e+06 1.000000000000e+06 1.000000000000e+06 1.000000000000e+06 1.000000000000e+06 1.000000000000e+06 1.000000000000e+06 1.000000000000e+06 1.000000000000e+06 1.000000000000e+06 1.000000000000e+06 1.000000000000e+06 1.000000000000e+06 1.000000000000e+06 1.000000000000e+06 1.000000000000e+06 1.000000000000e+06 1.000000000000e+06 1.000000000000e+06 1.000000000000e+06 1.000000000000e+06 1.000000000000e+06 1.000000000000e+06 1.000000000000e+06 1.000000000000e+06 1.000000000000e+06 1.000000000000e+06 1.000000000000e+06 1.000000000000e+06 1.000000000000e+06 1.000000000000e+06 1.000000000000e+06 1.000000000000e+06 1.000000000000e+06 1.000000000000e+06 1.000000000000e+06 1.000000000000e+06 1.000000000000e+06 1.000000000000e+06 1.000000000000e+06 1.000000000000e+06 1.000000000000e+06 1.000000000000e+06 1.000000000000e+06 1.000000000000e+06 1.000000000000e+06 1.000000000000e+06 1.000000000000e+06 1.000000000000e+06 1.000000000000e+06 1.000000000000e+06 1.000000000000e+06 1.000000000000e+06 1.000000000000e+06 1.000000000000e+06 1.000000000000e+06 1.000000000000e+06 1.000000000000e+06 1.000000000000e+06 1.000000000000e+06 1.000000000000e+06 1.000000000000e+06 1.000000000000e+06 1.000000000000e+06 1.000000000000e+06 1.000000000000e+06 1.000000000000e+06 1.000000000000e+06 1.000000000000e+06 1.000000000000e+06 1.000000000000e+06 1.000000000000e+06 1.000000000000e+06 1.000000000000e+06 1.000000000000e+06 1.000000000000e+06 1.000000000000e+06 1.000000000000e+06 1.000000000000e+06 1.000000000000e+06 1.000000000000e+06 1.000000000000e+06 1.000000000000e+06 1.000000000000e+06 1.000000000000e+06 1.000000000000e+06 1.000000000000e+06 1.000000000000e+06 1.000000000000e+06 1.000000000000e+06 1.000000000000e+06 1.000000000000e+06 1.000000000000e+06 1.000000000000e+06 1.000000000000e+06 1.000000000000e+06 1.000000000000e+06 1.000000000000e+06 1.000000000000e+06
1.000000000000e+06 1.000000000000e+06 1.000000000000e+06 1.000000000000e+06 1.000000000000e+06 1.000000000000e+06 1.000000000000e+06 1.000000000000e+06 1.000000000000e+06 1.000000000000e+06 1.000000000000e+06 1.000000000000e+06 1.000000000000e+06 1.000000000000e+06 1.000000000000e+06 1.000000000000e+06 1.000000000000e+06 1.000000000000e+06 1.000000000000e+06 1.000000000000e+06 1.000000000000e+06 1.000000000000e+06 1.000000000000e+06 1.000000000000e+06 1.000000000000e+06 1.000000000000e+06 1.000000000000e+06 1.000000000000e+06 1.000000000000e+06 1.000000000000e+06 1.000000000000e+06 1.000000000000e+06 1.000000000000e+06 1.000000000000e+06 1.000000000000e+06 1.000000000000e+06 1.000000000000e+06 1.000000000000e+06 1.000000000000e+06 1.000000000000e+06 1.000000000000e+06 1.000000000000e+06 1.000000000000e+06 1.000000000000e+06 1.000000000000e+06 1.000000000000e+06 1.000000000000e+06 1.000000000000e+06 1.000000000000e+06 1.000000000000e+06 1.000000000000e+06 1.000000000000e+06 1.000000000000e+06 1.000000000000e+06 1.000000000000e+06 1.000000000000e+06 1.000000000000e+06 1.000000000000e+06 1.000000000000e+06 1.000000000000e+06 1.000000000000e+06 1.000000000000e+06 1.000000000000e+06 1.000000000000e+06 1.000000000000e+06 1.000000000000e+06 1.000000000000e+06 1.000000000000e+06 1.000000000000e+06 1.000000000000e+06 1.000000000000e+06 1.000000000000e+06 1.000000000000e+06 1.000000000000e+06 1.000000000000e+06 1.000000000000e+06 1.000000000000e+06 1.000000000000e+06 1.000000000000e+06 1.000000000000e+06 1.000000000000e+06 1.000000000000e+06 1.000000000000e+06 1.000000000000e+06 1.000000000000e+06 1.000000000000e+06 1.000000000000e+06 1.000000000000e+06 1.000000000000e+06 1.000000000000e+06 1.000000000000e+06 1.000000000000e+06 1.000000000000e+06 1.000000000000e+06 1.000000000000e+06 1.000000000000e+06 1.000000000000e+06 1.000000000000e+06 1.000000000000e+06 1.000000000000e+06 1.000000000000e+06
1.000000000000e+06 1.000000000000e+06 1.000000000000e+06 1.000000000000e+06 1.000000000000e+06 1.000000000000e+06 1.000000000000e+06 1.000000000000e+06 1.000000000000e+06 1.000000000000e+06 1.000000000000e+06 1.000000000000e+06 1.000000000000e+06 1.000000000000e+06 1.000000000000e+06 1.000000000000e+06 1.000000000000e+06 1.000000000000e+06 1.000000000000e+06 1.000000000000e+06 1.000000000000e+06 1.000000000000e+06 1.000000000000e+06 1.000000000000e+06 1.000000000000e+06 1.000000000000e+06 1.000000000000e+06 1.000000000000e+06 1.000000000000e+06 1.000000000000e+06 1.000000000000e+06 1.000000000000e+06 1.000000000000e+06 1.000000000000e+06 1.000000000000e+06 1.000000000000e+06 1.000000000000e+06 1.000000000000e+06 1.000000000000e+06 1.000000000000e+06 1.000000000000e+06 1.000000000000e+06 1.000000000000e+06 1.000000000000e+06 1.000000000000e+06 1.000000000000e+06 1.000000000000e+06 1.000000000000e+06 1.000000000000e+06 1.000000000000e+06 1.000000000000e+06 1.000000000000e+06 1.000000000000e+06 1.000000000000e+06 1.000000000000e+06 1.000000000000e+06 1.000000000000e+06 1.000000000000e+06 1.000000000000e+06 1.000000000000e+06 1.000000000000e+06 1.000000000000e+06 1.000000000000e+06 1.000000000000e+06 1.000000000000e+06 1.000000000000e+06 1.000000000000e+06 1.000000000000e+06 1.000000000000e+06 1.000000000000e+06 1.000000000000e+06 1.000000000000e+06 1.000000000000e+06 1.000000000000e+06 1.000000000000e+06 1.000000000000e+06 1.000000000000e+06 1.000000000000e+06 1.000000000000e+06 1.000000000000e+06 1.000000000000e+06 1.000000000000e+06 1.000000000000e+06 1.000000000000e+06 1.000000000000e+06 1.000000000000e+06 1.000000000000e+06 1.000000000000e+06 1.000000000000e+06 1.000000000000e+06 1.000000000000e+06 1.000000000000e+06 1.000000000000e+06 1.000000000000e+06 1.000000000000e+06 1.000000000000e+06 1.000000000000e+06 1.000000000000e+06 1.000000000000e+06 1.000000000000e+06 1.000000000000e+06
1.000000000000e+06 1.000000000000e+06 1.000000000000e+06 1.000000000000e+06 1.000000000000e+06 1.000000000000e+06 1.000000000000e+06 1.000000000000e+06 1.000000000000e+06 1.000000000000e+06 1.000000000000e+06 1.000000000000e+06 1.000000000000e+06 1.000000000000e+06 1.000000000000e+06 1.000000000000e+06 1.000000000000e+06 1.000000000000e+06 1.000000000000e+06 1.000000000000e+06 1.000000000000e+06 1.000000000000e+06 1.000000000000e+06 1.000000000000e+06 1.000000000000e+06 1.000000000000e+06 1.000000000000e+06 1.000000000000e+06 1.000000000000e+06 1.000000000000e+06 1.000000000000e+06 1.000000000000e+06 1.000000000000e+06 1.000000000000e+06 1.000000000000e+06 1.000000000000e+06 1.000000000000e+06 1.000000000000e+06 1.000000000000e+06 1.000000000000e+06 1.000000000000e+06 1.000000000000e+06 1.000000000000e+06 1.000000000000e+06 1.000000000000e+06 1.000000000000e+06 1.000000000000e+06 1.000000000000e+06 1.000000000000e+06 1.000000000000e+06 1.000000000000e+06 1.000000000000e+06 1.000000000000e+06 1.000000000000e+06 1.000000000000e+06 1.000000000000e+06 1.000000000000e+06 1.000000000000e+06 1.000000000000e+06 1.000000000000e+06 1.000000000000e+06 1.000000000000e+06 1.000000000000e+06 1.000000000000e+06 1.000000000000e+06 1.000000000000e+06 1.000000000000e+06 1.000000000000e+06 1.000000000000e+06 1.000000000000e+06 1.000000000000e+06 1.000000000000e+06 1.000000000000e+06 1.000000000000e+06 1.000000000000e+06 1.000000000000e+06 1.000000000000e+06 1.000000000000e+06 1.000000000000e+06 1.000000000000e+06 1.000000000000e+06 1.000000000000e+06 1.000000000000e+06 1.000000000000e+06 1.000000000000e+06 1.000000000000e+06 1.000000000000e+06 1.000000000000e+06 1.000000000000e+06 1.000000000000e+06 1.000000000000e+06 1.000000000000e+06 1.000000000000e+06 1.000000000000e+06 1.000000000000e+06 1.000000000000e+06 1.000000000000e+06 1.000000000000e+06 1.000000000000e+06 1.000000000000e+06 1.000000000000e+06
1.000000000000e+06 1.000000000000e+06 1.000000000000e+06 1.000000000000e+06 1.000000000000e+06 1.000000000000e+06 1.000000000000e+06 1.000000000000e+06 1.000000000000e+06 1.000000000000e+06 1.000000000000e+06 1.000000000000e+06 1.000000000000e+06 1.000000000000e+06 1.000000000000e+06 1.000000000000e+06 1.000000000000e+06 1.000000000000e+06 1.000000000000e+06 1.000000000000e+06 1.000000000000e+06 1.000000000000e+06 1.000000000000e+06 1.000000000000e+06 1.000000000000e+06 1.000000000000e+06 1.000000000000e+06 1.000000000000e+06 1.000000000000e+06 1.000000000000e+06 1.000000000000e+06 1.000000000000e+06 1.000000000000e+06 1.000000000000e+06 1.000000000000e+06 1.000000000000e+06 1.000000000000e+06 1.000000000000e+06 1.000000000000e+06 1.000000000000e+06 1.000000000000e+06 1.000000000000e+06 1.000000000000e+06 1.000000000000e+06 1.000000000000e+06 1.000000000000e+06 1.000000000000e+06 1.000000000000e+06 1.000000000000e+06 1.000000000000e+06 1.000000000000e+06 1.000000000000e+06 1.000000000000e+06 1.000000000000e+06 1.000000000000e+06 1.000000000000e+06 1.000000000000e+06 1.000000000000e+06 1.000000000000e+06 1.000000000000e+06 1.000000000000e+06 1.000000000000e+06 1.000000000000e+06 1.000000000000e+06 1.000000000000e+06 1.000000000000e+06 1.000000000000e+06 1.000000000000e+06 1.000000000000e+06 1.000000000000e+06 1.000000000000e+06 1.000000000000e+06 1.000000000000e+06 1.000000000000e+06 1.000000000000e+06 1.000000000000e+06 1.000000000000e+06 1.000000000000e+06 1.000000000000e+06 1.000000000000e+06 1.000000000000e+06 1.000000000000e+06 1.000000000000e+06 1.000000000000e+06 1.000000000000e+06 1.000000000000e+06 1.000000000000e+06 1.000000000000e+06 1.000000000000e+06 1.000000000000e+06 1.000000000000e+06 1.000000000000e+06 1.000000000000e+06 1.000000000000e+06 1.000000000000e+06 1.000000000000e+06 1.000000000000e+06 1.000000000000e+06 1.000000000000e+06 1.000000000000e+06 1.000000000000e+06
1.000000000000e+06 1.000000000000e+06 1.000000000000e+06 1.000000000000e+06 1.000000000000e+06 1.000000000000e+06 1.000000000000e+06 1.000000000000e+06 1.000000000000e+06 1.000000000000e+06 1.000000000000e+06 1.000000000000e+06 1.000000000000e+06 1.000000000000e+06 1.000000000000e+06 1.000000000000e+06 1.000000000000e+06 1.000000000000e+06 1.000000000000e+06 1.000000000000e+06 1.000000000000e+06 1.000000000000e+06 1.000000000000e+06 1.000000000000e+06 1.000000000000e+06 1.000000000000e+06 1.000000000000e+06 1.000000000000e+06 1.000000000000e+06 1.000000000000e+06 1.000000000000e+06 1.000000000000e+06 1.000000000000e+06 1.000000000000e+06 1.000000000000e+06 1.000000000000e+06 1.000000000000e+06 1.000000000000e+06 1.000000000000e+06 1.000000000000e+06 1.000000000000e+06 1.000000000000e+06 1.000000000000e+06 1.000000000000e+06 1.000000000000e+06 1.000000000000e+06 1.000000000000e+06 1.000000000000e+06 1.000000000000e+06 1.000000000000e+06 1.000000000000e+06 1.000000000000e+06 1.000000000000e+06 1.000000000000e+06 1.000000000000e+06 1.000000000000e+06 1.000000000000e+06 1.000000000000e+06 1.000000000000e+06 1.000000000000e+06 1.000000000000e+06 1.000000000000e+06 1.000000000000e+06 1.000000000000e+06 1.000000000000e+06 1.000000000000e+06 1.000000000000e+06 1.000000000000e+06 1.000000000000e+06 1.000000000000e+06 1.000000000000e+06 1.000000000000e+06 1.000000000000e+06 1.000000000000e+06 1.000000000000e+06 1.000000000000e+06 1.000000000000e+06 1.000000000000e+06 1.000000000000e+06 1.000000000000e+06 1.000000000000e+06 1.000000000000e+06 1.000000000000e+06 1.000000000000e+06 1.000000000000e+06 1.000000000000e+06 1.000000000000e+06 1.000000000000e+06 1.000000000000e+06 1.000000000000e+06 1.000000000000e+06 1.000000000000e+06 1.000000000000e+06 1.000000000000e+06 1.000000000000e+06 1.000000000000e+06 1.000000000000e+06 1.000000000000e+06 1.000000000000e+06 1.000000000000e+06 1.000000000000e+06
1.000000000000e+06 1.000000000000e+06 1.000000000000e+06 1.000000000000e+06 1.000000000000e+06 1.000000000000e+06 1.000000000000e+06 1.000000000000e+06 1.000000000000e+06 1.000000000000e+06 1.000000000000e+06 1.000000000000e+06 1.000000000000e+06 1.000000000000e+06 1.000000000000e+06 1.000000000000e+06 1.000000000000e+06 1.000000000000e+06 1.000000000000e+06 1.000000000000e+06 1.000000000000e+06 1.000000000000e+06 1.000000000000e+06 1.000000000000e+06 1.000000000000e+06 1.000000000000e+06 1.000000000000e+06 1.000000000000e+06 1.000000000000e+06 1.000000000000e+06 1.000000000000e+06 1.000000000000e+06 1.000000000000e+06 1.000000000000e+06 1.000000000000e+06 1.000000000000e+06 1.000000000000e+06 1.000000000000e+06 1.000000000000e+06 1.000000000000e+06 1.000000000000e+06 1.000000000000e+06 1.000000000000e+06 1.000000000000e+06 1.000000000000e+06 1.000000000000e+06 1.000000000000e+06 1.000000000000e+06 1.000000000000e+06 1.000000000000e+06 1.000000000000e+06 1.000000000000e+06 1.000000000000e+06 1.000000000000e+06 1.000000000000e+06 1.000000000000e+06 1.000000000000e+06 1.000000000000e+06 1.000000000000e+06 1.000000000000e+06 1.000000000000e+06 1.000000000000e+06 1.000000000000e+06 1.000000000000e+06 1.000000000000e+06 1.000000000000e+06 1.000000000000e+06 1.000000000000e+06 1.000000000000e+06 1.000000000000e+06 1.000000000000e+06 1.000000000000e+06 1.000000000000e+06 1.000000000000e+06 1.000000000000e+06 1.000000000000e+06 1.000000000000e+06 1.000000000000e+06 1.000000000000e+06 1.000000000000e+06 1.000000000000e+06 1.000000000000e+06 1.000000000000e+06 1.000000000000e+06 1.000000000000e+06 1.000000000000e+06 1.000000000000e+06 1.000000000000e+06 1.000000000000e+06 1.000000000000e+06 1.000000000000e+06 1.000000000000e+06 1.000000000000e+06 1.000000000000e+06 1.000000000000e+06 1.000000000000e+06 1.000000000000e+06 1.000000000000e+06 1.000000000000e+06 1.000000000000e+06 1.000000000000e+06
1.000000000000e+06 1.000000000000e+06 1.000000000000e+06 1.000000000000e+06 1.000000000000e+06 1.000000000000e+06 1.000000000000e+06 1.000000000000e+06 1.000000000000e+06 1.000000000000e+06 1.000000000000e+06 1.000000000000e+06 1.000000000000e+06 1.000000000000e+06 1.000000000000e+06 1.000000000000e+06 1.000000000000e+06 1.000000000000e+06 1.000000000000e+06 1.000000000000e+06 1.000000000000e+06 1.000000000000e+06 1.000000000000e+06 1.000000000000e+06 1.000000000000e+06 1.000000000000e+06 1.000000000000e+06 1.000000000000e+06 1.000000000000e+06 1.000000000000e+06 1.000000000000e+06 1.000000000000e+06 1.000000000000e+06 1.000000000000e+06 1.000000000000e+06 1.000000000000e+06 1.000000000000e+06 1.000000000000e+06 1.000000000000e+06 1.000000000000e+06 1.000000000000e+06 1.000000000000e+06 1.000000000000e+06 1.000000000000e+06 1.000000000000e+06 1.000000000000e+06 1.000000000000e+06 1.000000000000e+06 1.000000000000e+06 1.000000000000e+06 1.000000000000e+06 1.000000000000e+06 1.000000000000e+06 1.000000000000e+06 1.000000000000e+06 1.000000000000e+06 1.000000000000e+06 1.000000000000e+06 1.000000000000e+06 1.000000000000e+06 1.000000000000e+06 1.000000000000e+06 1.000000000000e+06 1.000000000000e+06 1.000000000000e+06 1.000000000000e+06 1.000000000000e+06 1.000000000000e+06 1.000000000000e+06 1.000000000000e+06 1.000000000000e+06 1.000000000000e+06 1.000000000000e+06 1.000000000000e+06 1.000000000000e+06 1.000000000000e+06 1.000000000000e+06 1.000000000000e+06 1.000000000000e+06 1.000000000000e+06 1.000000000000e+06 1.000000000000e+06 1.000000000000e+06 1.000000000000e+06 1.000000000000e+06 1.000000000000e+06 1.000000000000e+06 1.000000000000e+06 1.000000000000e+06 1.000000000000e+06 1.000000000000e+06 1.000000000000e+06 1.000000000000e+06 1.000000000000e+06 1.000000000000e+06 1.000000000000e+06 1.000000000000e+06 1.000000000000e+06 1.000000000000e+06 1.000000000000e+06 1.000000000000e+06
1.000000000000e+06 1.000000000000e+06 1.000000000000e+06 1.000000000000e+06 1.000000000000e+06 1.000000000000e+06 1.000000000000e+06 1.000000000000e+06 1.000000000000e+06 1.000000000000e+06 1.000000000000e+06 1.000000000000e+06 1.000000000000e+06 1.000000000000e+06 1.000000000000e+06 1.000000000000e+06 1.000000000000e+06 1.000000000000e+06 1.000000000000e+06 1.000000000000e+06 1.000000000000e+06 1.000000000000e+06 1.000000000000e+06 1.000000000000e+06 1.000000000000e+06 1.000000000000e+06 1.000000000000e+06 1.000000000000e+06 1.000000000000e+06 1.000000000000e+06 1.000000000000e+06 1.000000000000e+06 1.000000000000e+06 1.000000000000e+06 1.000000000000e+06 1.000000000000e+06 1.000000000000e+06 1.000000000000e+06 1.000000000000e+06 1.000000000000e+06 1.000000000000e+06 1.000000000000e+06 1.000000000000e+06 1.000000000000e+06 1.000000000000e+06 1.000000000000e+06 1.000000000000e+06 1.000000000000e+06 1.000000000000e+06 1.000000000000e+06 1.000000000000e+06 1.000000000000e+06 1.000000000000e+06 1.000000000000e+06 1.000000000000e+06 1.000000000000e+06 1.000000000000e+06 1.000000000000e+06 1.000000000000e+06 1.000000000000e+06 1.000000000000e+06 1.000000000000e+06 1.000000000000e+06 1.000000000000e+06 1.000000000000e+06 1.000000000000e+06 1.000000000000e+06 1.000000000000e+06 1.000000000000e+06 1.000000000000e+06 1.000000000000e+06 1.000000000000e+06 1.000000000000e+06 1.000000000000e+06 1.000000000000e+06 1.000000000000e+06 1.000000000000e+06 1.000000000000e+06 1.000000000000e+06 1.000000000000e+06 1.000000000000e+06 1.000000000000e+06 1.000000000000e+06 1.000000000000e+06 1.000000000000e+06 1.000000000000e+06 1.000000000000e+06 1.000000000000e+06 1.000000000000e+06 1.000000000000e+06 1.000000000000e+06 1.000000000000e+06 1.000000000000e+06 1.000000000000e+06 1.000000000000e+06 1.000000000000e+06 1.000000000000e+06 1.000000000000e+06 1.000000000000e+06 1.000000000000e+06 1.000000000000e+06
1.000000000000e+06 1.000000000000e+06 1.000000000000e+06 1.000000000000e+06 1.000000000000e+06 1.000000000000e+06 1.000000000000e+06 1.000000000000e+06 1.000000000000e+06 1.000000000000e+06 1.000000000000e+06 1.000000000000e+06 1.000000000000e+06 1.000000000000e+06 1.000000000000e+06 1.000000000000e+06 1.000000000000e+06 1.000000000000e+06 1.000000000000e+06 1.000000000000e+06 1.000000000000e+06 1.000000000000e+06 1.000000000000e+06 1.000000000000e+06 1.000000000000e+06 1.000000000000e+06 1.000000000000e+06 1.000000000000e+06 1.000000000000e+06 1.000000000000e+06 1.000000000000e+06 1.000000000000e+06 1.000000000000e+06 1.000000000000e+06 1.000000000000e+06 1.000000000000e+06 1.000000000000e+06 1.000000000000e+06 1.000000000000e+06 1.000000000000e+06 1.000000000000e+06 1.000000000000e+06 1.000000000000e+06 1.000000000000e+06 1.000000000000e+06 1.000000000000e+06 1.000000000000e+06 1.000000000000e+06 1.000000000000e+06 1.000000000000e+06 1.000000000000e+06 1.000000000000e+06 1.000000000000e+06 1.000000000000e+06 1.000000000000e+06 1.000000000000e+06 1.000000000000e+06 1.000000000000e+06 1.000000000000e+06 1.000000000000e+06 1.000000000000e+06 1.000000000000e+06 1.000000000000e+06 1.000000000000e+06 1.000000000000e+06 1.000000000000e+06 1.000000000000e+06 1.000000000000e+06 1.000000000000e+06 1.000000000000e+06 1.000000000000e+06 1.000000000000e+06 1.000000000000e+06 1.000000000000e+06 1.000000000000e+06 1.000000000000e+06 1.000000000000e+06 1.000000000000e+06 1.000000000000e+06 1.000000000000e+06 1.000000000000e+06 1.000000000000e+06 1.000000000000e+06 1.000000000000e+06 1.000000000000e+06 1.000000000000e+06 1.000000000000e+06 1.000000000000e+06 1.000000000000e+06 1.000000000000e+06 1.000000000000e+06 1.000000000000e+06 1.000000000000e+06 1.000000000000e+06 1.000000000000e+06 1.000000000000e+06 1.000000000000e+06 1.000000000000e+06 1.000000000000e+06 1.000000000000e+06 1.000000000000e+06
1.000000000000e+06 1.000000000000e+06 1.000000000000e+06 1.000000000000e+06 1.000000000000e+06 1.000000000000e+06 1.000000000000e+06 1.000000000000e+06 1.000000000000e+06 1.000000000000e+06 1.000000000000e+06 1.000000000000e+06 1.000000000000e+06 1.000000000000e+06 1.000000000000e+06 1.000000000000e+06 1.000000000000e+06 1.000000000000e+06 1.000000000000e+06 1.000000000000e+06 1.000000000000e+06 1.000000000000e+06 1.000000000000e+06 1.000000000000e+06 1.000000000000e+06 1.000000000000e+06 1.000000000000e+06 1.000000000000e+06 1.000000000000e+06 1.000000000000e+06 1.000000000000e+06 1.000000000000e+06 1.000000000000e+06 1.000000000000e+06 1.000000000000e+06 1.000000000000e+06 1.000000000000e+06 1.000000000000e+06 1.000000000000e+06 1.000000000000e+06 1.000000000000e+06 1.000000000000e+06 1.000000000000e+06 1.000000000000e+06 1.000000000000e+06 1.000000000000e+06 1.000000000000e+06 1.000000000000e+06 1.000000000000e+06 1.000000000000e+06 1.000000000000e+06 1.000000000000e+06 1.000000000000e+06 1.000000000000e+06 1.000000000000e+06 1.000000000000e+06 1.000000000000e+06 1.000000000000e+06 1.000000000000e+06 1.000000000000e+06 1.000000000000e+06 1.000000000000e+06 1.000000000000e+06 1.000000000000e+06 1.000000000000e+06 1.000000000000e+06 1.000000000000e+06 1.000000000000e+06 1.000000000000e+06 1.000000000000e+06 1.000000000000e+06 1.000000000000e+06 1.000000000000e+06 1.000000000000e+06 1.000000000000e+06 1.000000000000e+06 1.000000000000e+06 1.000000000000e+06 1.000000000000e+06 1.000000000000e+06 1.000000000000e+06 1.000000000000e+06 1.000000000000e+06 1.000000000000e+06 1.000000000000e+06 1.000000000000e+06 1.000000000000e+06 1.000000000000e+06 1.000000000000e+06 1.000000000000e+06 1.000000000000e+06 1.000000000000e+06 1.000000000000e+06 1.000000000000e+06 1.000000000000e+06 1.000000000000e+06 1.000000000000e+06 1.000000000000e+06 1.000000000000e+06 1.000000000000e+06 1.000000000000e+06
1.000000000000e+06 1.000000000000e+06 1.000000000000e+06 1.000000000000e+06 1.000000000000e+06 1.000000000000e+06 1.000000000000e+06 1.000000000000e+06 1.000000000000e+06 1.000000000000e+06 1.000000000000e+06 1.000000000000e+06 1.000000000000e+06 1.000000000000e+06 1.000000000000e+06 1.000000000000e+06 1.000000000000e+06 1.000000000000e+06 1.000000000000e+06 1.000000000000e+06 1.000000000000e+06 1.000000000000e+06 1.000000000000e+06 1.000000000000e+06 1.000000000000e+06 1.000000000000e+06 1.000000000000e+06 1.000000000000e+06 1.000000000000e+06 1.000000000000e+06 1.000000000000e+06 1.000000000000e+06 1.000000000000e+06 1.000000000000e+06 1.000000000000e+06 1.000000000000e+06 1.000000000000e+06 1.000000000000e+06 1.000000000000e+06 1.000000000000e+06 1.000000000000e+06 1.000000000000e+06 1.000000000000e+06 1.000000000000e+06 1.000000000000e+06 1.000000000000e+06 1.000000000000e+06 1.000000000000e+06 1.000000000000e+06 1.000000000000e+06 1.000000000000e+06 1.000000000000e+06 1.000000000000e+06 1.000000000000e+06 1.000000000000e+06 1.000000000000e+06 1.000000000000e+06 1.000000000000e+06 1.000000000000e+06 1.000000000000e+06 1.000000000000e+06 1.000000000000e+06 1.000000000000e+06 1.000000000000e+06 1.000000000000e+06 1.000000000000e+06 1.000000000000e+06 1.000000000000e+06 1.000000000000e+06 1.000000000000e+06 1.000000000000e+06 1.000000000000e+06 1.000000000000e+06 1.000000000000e+06 1.000000000000e+06 1.000000000000e+06 1.000000000000e+06 1.000000000000e+06 1.000000000000e+06 1.000000000000e+06 1.000000000000e+06 1.000000000000e+06 1.000000000000e+06 1.000000000000e+06 1.000000000000e+06 1.000000000000e+06 1.000000000000e+06 1.000000000000e+06 1.000000000000e+06 1.000000000000e+06 1.000000000000e+06 1.000000000000e+06 1.000000000000e+06 1.000000000000e+06 1.000000000000e+06 1.000000000000e+06 1.000000000000e+06 1.000000000000e+06 1.000000000000e+06 1.000000000000e+06 1.000000000000e+06
1.000000000000e+06 1.000000000000e+06 1.000000000000e+06 1.000000000000e+06 1.000000000000e+06 1.000000000000e+06 1.000000000000e+06 1.000000000000e+06 1.000000000000e+06 1.000000000000e+06 1.000000000000e+06 1.000000000000e+06 1.000000000000e+06 1.000000000000e+06 1.000000000000e+06 1.000000000000e+06 1.000000000000e+06 1.000000000000e+06 1.000000000000e+06 1.000000000000e+06 1.000000000000e+06 1.000000000000e+06 1.000000000000e+06 1.000000000000e+06 1.000000000000e+06 1.000000000000e+06 1.000000000000e+06 1.000000000000e+06 1.000000000000e+06 1.000000000000e+06 1.000000000000e+06 1.000000000000e+06 1.000000000000e+06 1.000000000000e+06 1.000000000000e+06 1.000000000000e+06 1.000000000000e+06 1.000000000000e+06 1.000000000000e+06 1.000000000000e+06 1.000000000000e+06 1.000000000000e+06 1.000000000000e+06 1.000000000000e+06 1.000000000000e+06 1.000000000000e+06 1.000000000000e+06 1.000000000000e+06 1.000000000000e+06 1.000000000000e+06 1.000000000000e+06 1.000000000000e+06 1.000000000000e+06 1.000000000000e+06 1.000000000000e+06 1.000000000000e+06 1.000000000000e+06 1.000000000000e+06 1.000000000000e+06 1.000000000000e+06 1.000000000000e+06 1.000000000000e+06 1.000000000000e+06 1.000000000000e+06 1.000000000000e+06 1.000000000000e+06 1.000000000000e+06 1.000000000000e+06 1.000000000000e+06 1.000000000000e+06 1.000000000000e+06 1.000000000000e+06 1.000000000000e+06 1.000000000000e+06 1.000000000000e+06 1.000000000000e+06 1.000000000000e+06 1.000000000000e+06 1.000000000000e+06 1.000000000000e+06 1.000000000000e+06 1.000000000000e+06 1.000000000000e+06 1.000000000000e+06 1.000000000000e+06 1.000000000000e+06 1.000000000000e+06 1.000000000000e+06 1.000000000000e+06 1.000000000000e+06 1.000000000000e+06 1.000000000000e+06 1.000000000000e+06 1.000000000000e+06 1.000000000000e+06 1.000000000000e+06 1.000000000000e+06 1.000000000000e+06 1.000000000000e+06 1.000000000000e+06 1.000000000000e+06
1.000000000000e+06 1.000000000000e+06 1.000000000000e+06 1.000000000000e+06 1.000000000000e+06 1.000000000000e+06 1.000000000000e+06 1.000000000000e+06 1.000000000000e+06 1.000000000000e+06 1.000000000000e+06 1.000000000000e+06 1.000000000000e+06 1.000000000000e+06 1.000000000000e+06 1.000000000000e+06 1.000000000000e+06 1.000000000000e+06 1.000000000000e+06 1.000000000000e+06 1.000000000000e+06 1.000000000000e+06 1.000000000000e+06 1.000000000000e+06 1.000000000000e+06 1.000000000000e+06 1.000000000000e+06 1.000000000000e+06 1.000000000000e+06 1.000000000000e+06 1.000000000000e+06 1.000000000000e+06 1.000000000000e+06 1.000000000000e+06 1.000000000000e+06 1.000000000000e+06 1.000000000000e+06 1.000000000000e+06 1.000000000000e+06 1.000000000000e+06 1.000000000000e+06 1.000000000000e+06 1.000000000000e+06 1.000000000000e+06 1.000000000000e+06 1.000000000000e+06 1.000000000000e+06 1.000000000000e+06 1.000000000000e+06 1.000000000000e+06 1.000000000000e+06 1.000000000000e+06 1.000000000000e+06 1.000000000000e+06 1.000000000000e+06 1.000000000000e+06 1.000000000000e+06 1.000000000000e+06 1.000000000000e+06 1.000000000000e+06 1.000000000000e+06 1.000000000000e+06 1.000000000000e+06 1.000000000000e+06 1.000000000000e+06 1.000000000000e+06 1.000000000000e+06 1.000000000000e+06 1.000000000000e+06 1.000000000000e+06 1.000000000000e+06 1.000000000000e+06 1.000000000000e+06 1.000000000000e+06 1.000000000000e+06 1.000000000000e+06 1.000000000000e+06 1.000000000000e+06 1.000000000000e+06 1.000000000000e+06 1.000000000000e+06 1.000000000000e+06 1.000000000000e+06 1.000000000000e+06 1.000000000000e+06 1.000000000000e+06 1.000000000000e+06 1.000000000000e+06 1.000000000000e+06 1.000000000000e+06 1.000000000000e+06 1.000000000000e+06 1.000000000000e+06 1.000000000000e+06 1.000000000000e+06 1.000000000000e+06 1.000000000000e+06 1.000000000000e+06 1.000000000000e+06 1.000000000000e+06 1.000000000000e+06
1.000000000000e+06 1.000000000000e+06 1.000000000000e+06 1.000000000000e+06 1.000000000000e+06 1.000000000000e+06 1.000000000000e+06 1.000000000000e+06 1.000000000000e+06 1.000000000000e+06 1.000000000000e+06 1.000000000000e+06 1.000000000000e+06 1.000000000000e+06 1.000000000000e+06 1.000000000000e+06 1.000000000000e+06 1.000000000000e+06 1.000000000000e+06 1.000000000000e+06 1.000000000000e+06 1.000000000000e+06 1.000000000000e+06 1.000000000000e+06 1.000000000000e+06 1.000000000000e+06 1.000000000000e+06 1.000000000000e+06 1.000000000000e+06 1.000000000000e+06 1.000000000000e+06 1.000000000000e+06 1.000000000000e+06 1.000000000000e+06 1.000000000000e+06 1.000000000000e+06 1.000000000000e+06 1.000000000000e+06 1.000000000000e+06 1.000000000000e+06 1.000000000000e+06 1.000000000000e+06 1.000000000000e+06 1.000000000000e+06 1.000000000000e+06 1.000000000000e+06 1.000000000000e+06 1.000000000000e+06 1.000000000000e+06 1.000000000000e+06 1.000000000000e+06 1.000000000000e+06 1.000000000000e+06 1.000000000000e+06 1.000000000000e+06 1.000000000000e+06 1.000000000000e+06 1.000000000000e+06 1.000000000000e+06 1.000000000000e+06 1.000000000000e+06 1.000000000000e+06 1.000000000000e+06 1.000000000000e+06 1.000000000000e+06 1.000000000000e+06 1.000000000000e+06 1.000000000000e+06 1.000000000000e+06 1.000000000000e+06 1.000000000000e+06 1.000000000000e+06 1.000000000000e+06 1.000000000000e+06 1.000000000000e+06 1.000000000000e+06 1.000000000000e+06 1.000000000000e+06 1.000000000000e+06 1.000000000000e+06 1.000000000000e+06 1.000000000000e+06 1.000000000000e+06 1.000000000000e+06 1.000000000000e+06 1.000000000000e+06 1.000000000000e+06 1.000000000000e+06 1.000000000000e+06 1.000000000000e+06 1.000000000000e+06 1.000000000000e+06 1.000000000000e+06 1.000000000000e+06 1.000000000000e+06 1.000000000000e+06 1.000000000000e+06 1.000000000000e+06 1.000000000000e+06 1.000000000000e+06 1.000000000000e+06
1.000000000000e+06 1.000000000000e+06 1.000000000000e+06 1.000000000000e+06 1.000000000000e+06 1.000000000000e+06 1.000000000000e+06 1.000000000000e+06 1.000000000000e+06 1.000000000000e+06 1.000000000000e+06 1.000000000000e+06 1.000000000000e+06 1.000000000000e+06 1.000000000000e+06 1.000000000000e+06 1.000000000000e+06 1.000000000000e+06 1.000000000000e+06 1.000000000000e+06 1.000000000000e+06 1.000000000000e+06 1.000000000000e+06 1.000000000000e+06 1.000000000000e+06 1.000000000000e+06 1.000000000000e+06 1.000000000000e+06 1.000000000000e+06 1.000000000000e+06 1.000000000000e+06 1.000000000000e+06 1.000000000000e+06 1.000000000000e+06 1.000000000000e+06 1.000000000000e+06 1.000000000000e+06 1.000000000000e+06 1.000000000000e+06 1.000000000000e+06 1.000000000000e+06 1.000000000000e+06 1.000000000000e+06 1.000000000000e+06 1.000000000000e+06 1.000000000000e+06 1.000000000000e+06 1.000000000000e+06 1.000000000000e+06 1.000000000000e+06 1.000000000000e+06 1.000000000000e+06 1.000000000000e+06 1.000000000000e+06 1.000000000000e+06 1.000000000000e+06 1.000000000000e+06 1.000000000000e+06 1.000000000000e+06 1.000000000000e+06 1.000000000000e+06 1.000000000000e+06 1.000000000000e+06 1.000000000000e+06 1.000000000000e+06 1.000000000000e+06 1.000000000000e+06 1.000000000000e+06 1.000000000000e+06 1.000000000000e+06 1.000000000000e+06 1.000000000000e+06 1.000000000000e+06 1.000000000000e+06 1.000000000000e+06 1.000000000000e+06 1.000000000000e+06 1.000000000000e+06 1.000000000000e+06 1.000000000000e+06 1.000000000000e+06 1.000000000000e+06 1.000000000000e+06 1.000000000000e+06 1.000000000000e+06 1.000000000000e+06 1.000000000000e+06 1.000000000000e+06 1.000000000000e+06 1.000000000000e+06 1.000000000000e+06 1.000000000000e+06 1.000000000000e+06 1.000000000000e+06 1.000000000000e+06 1.000000000000e+06 1.000000000000e+06 1.000000000000e+06 1.000000000000e+06 1.000000000000e+06 1.000000000000e+06
1.000000000000e+06 1.000000000000e+06 1.000000000000e+06 1.000000000000e+06 1.000000000000e+06 1.000000000000e+06 1.000000000000e+06 1.000000000000e+06 1.000000000000e+06 1.000000000000e+06 1.000000000000e+06 1.000000000000e+06 1.000000000000e+06 1.000000000000e+06 1.000000000000e+06 1.000000000000e+06 1.000000000000e+06 1.000000000000e+06 1.000000000000e+06 1.000000000000e+06 1.000000000000e+06 1.000000000000e+06 1.000000000000e+06 1.000000000000e+06 1.000000000000e+06 1.000000000000e+06 1.000000000000e+06 1.000000000000e+06 1.000000000000e+06 1.000000000000e+06 1.000000000000e+06 1.000000000000e+06 1.000000000000e+06 1.000000000000e+06 1.000000000000e+06 1.000000000000e+06 1.000000000000e+06 1.000000000000e+06 1.000000000000e+06 1.000000000000e+06 1.000000000000e+06 1.000000000000e+06 1.000000000000e+06 1.000000000000e+06 1.000000000000e+06 1.000000000000e+06 1.000000000000e+06 1.000000000000e+06 1.000000000000e+06 1.000000000000e+06 1.000000000000e+06 1.000000000000e+06 1.000000000000e+06 1.000000000000e+06 1.000000000000e+06 1.000000000000e+06 1.000000000000e+06 1.000000000000e+06 1.000000000000e+06 1.000000000000e+06 1.000000000000e+06 1.000000000000e+06 1.000000000000e+06 1.000000000000e+06 1.000000000000e+06 1.000000000000e+06 1.000000000000e+06 1.000000000000e+06 1.000000000000e+06 1.000000000000e+06 1.000000000000e+06 1.000000000000e+06 1.000000000000e+06 1.000000000000e+06 1.000000000000e+06 1.000000000000e+06 1.000000000000e+06 1.000000000000e+06 1.000000000000e+06 1.000000000000e+06 1.000000000000e+06 1.000000000000e+06 1.000000000000e+06 1.000000000000e+06 1.000000000000e+06 1.000000000000e+06 1.000000000000e+06 1.000000000000e+06 1.000000000000e+06 1.000000000000e+06 1.000000000000e+06 1.000000000000e+06 1.000000000000e+06 1.000000000000e+06 1.000000000000e+06 1.000000000000e+06 1.000000000000e+06 1.000000000000e+06 1.000000000000e+06 1.000000000000e+06 1.000000000000e+06
1.000000000000e+06 1.000000000000e+06 1.000000000000e+06 1.000000000000e+06 1.000000000000e+06 1.000000000000e+06 1.000000000000e+06 1.000000000000e+06 1.000000000000e+06 1.000000000000e+06 1.000000000000e+06 1.000000000000e+06 1.000000000000e+06 1.000000000000e+06 1.000000000000e+06 1.000000000000e+06 1.000000000000e+06 1.000000000000e+06 1.000000000000e+06 1.000000000000e+06 1.000000000000e+06 1.000000000000e+06 1.000000000000e+06 1.000000000000e+06 1.000000000000e+06 1.000000000000e+06 1.000000000000e+06 1.000000000000e+06 1.000000000000e+06 1.000000000000e+06 1.000000000000e+06 1.000000000000e+06 1.000000000000e+06 1.000000000000e+06 1.000000000000e+06 1.000000000000e+06 1.000000000000e+06 1.000000000000e+06 1.000000000000e+06 1.000000000000e+06 1.000000000000e+06 1.000000000000e+06 1.000000000000e+06 1.000000000000e+06 1.000000000000e+06 1.000000000000e+06 1.000000000000e+06 1.000000000000e+06 1.000000000000e+06 1.000000000000e+06 1.000000000000e+06 1.000000000000e+06 1.000000000000e+06 1.000000000000e+06 1.000000000000e+06 1.000000000000e+06 1.000000000000e+06 1.000000000000e+06 1.000000000000e+06 1.000000000000e+06 1.000000000000e+06 1.000000000000e+06 1.000000000000e+06 1.000000000000e+06 1.000000000000e+06 1.000000000000e+06 1.000000000000e+06 1.000000000000e+06 1.000000000000e+06 1.000000000000e+06 1.000000000000e+06 1.000000000000e+06 1.000000000000e+06 1.000000000000e+06 1.000000000000e+06 1.000000000000e+06 1.000000000000e+06 1.000000000000e+06 1.000000000000e+06 1.000000000000e+06 1.000000000000e+06 1.000000000000e+06 1.000000000000e+06 1.000000000000e+06 1.000000000000e+06 1.000000000000e+06 1.000000000000e+06 1.000000000000e+06 1.000000000000e+06 1.000000000000e+06 1.000000000000e+06 1.000000000000e+06 1.000000000000e+06 1.000000000000e+06 1.000000000000e+06 1.000000000000e+06 1.000000000000e+06 1.000000000000e+06 1.000000000000e+06 1.000000000000e+06 1.000000000000e+06
1.000000000000e+06 1.000000000000e+06 1.000000000000e+06 1.000000000000e+06 1.000000000000e+06 1.000000000000e+06 1.000000000000e+06 1.000000000000e+06 1.000000000000e+06 1.000000000000e+06 1.000000000000e+06 1.000000000000e+06 1.000000000000e+06 1.000000000000e+06 1.000000000000e+06 1.000000000000e+06 1.000000000000e+06 1.000000000000e+06 1.000000000000e+06 1.000000000000e+06 1.000000000000e+06 1.000000000000e+06 1.000000000000e+06 1.000000000000e+06 1.000000000000e+06 1.000000000000e+06 1.000000000000e+06 1.000000000000e+06 1.000000000000e+06 1.000000000000e+06 1.000000000000e+06 1.000000000000e+06 1.000000000000e+06 1.000000000000e+06 1.000000000000e+06 1.000000000000e+06 1.000000000000e+06 1.000000000000e+06 1.000000000000e+06 1.000000000000e+06 1.000000000000e+06 1.000000000000e+06 1.000000000000e+06 1.000000000000e+06 1.000000000000e+06 1.000000000000e+06 1.000000000000e+06 1.000000000000e+06 1.000000000000e+06 1.000000000000e+06 1.000000000000e+06 1.000000000000e+06 1.000000000000e+06 1.000000000000e+06 1.000000000000e+06 1.000000000000e+06 1.000000000000e+06 1.000000000000e+06 1.000000000000e+06 1.000000000000e+06 1.000000000000e+06 1.000000000000e+06 1.000000000000e+06 1.000000000000e+06 1.000000000000e+06 1.000000000000e+06 1.000000000000e+06 1.000000000000e+06 1.000000000000e+06 1.000000000000e+06 1.000000000000e+06 1.000000000000e+06 1.000000000000e+06 1.000000000000e+06 1.000000000000e+06 1.000000000000e+06 1.000000000000e+06 1.000000000000e+06 1.000000000000e+06 1.000000000000e+06 1.000000000000e+06 1.000000000000e+06 1.000000000000e+06 1.000000000000e+06 1.000000000000e+06 1.000000000000e+06 1.000000000000e+06 1.000000000000e+06 1.000000000000e+06 1.000000000000e+06 1.000000000000e+06 1.000000000000e+06 1.000000000000e+06 1.000000000000e+06 1.000000000000e+06 1.000000000000e+06 1.000000000000e+06 1.000000000000e+06 1.000000000000e+06 1.000000000000e+06 1.000000000000e+06
1.000000000000e+06 1.000000000000e+06 1.000000000000e+06 1.000000000000e+06 1.000000000000e+06 1.000000000000e+06 1.000000000000e+06 1.000000000000e+06 1.000000000000e+06 1.000000000000e+06 1.000000000000e+06 1.000000000000e+06 1.000000000000e+06 1.000000000000e+06 1.000000000000e+06 1.000000000000e+06 1.000000000000e+06 1.000000000000e+06 1.000000000000e+06 1.000000000000e+06 1.000000000000e+06 1.000000000000e+06 1.000000000000e+06 1.000000000000e+06 1.000000000000e+06 1.000000000000e+06 1.000000000000e+06 1.000000000000e+06 1.000000000000e+06 1.000000000000e+06 1.000000000000e+06 1.000000000000e+06 1.000000000000e+06 1.000000000000e+06 1.000000000000e+06 1.000000000000e+06 1.000000000000e+06 1.000000000000e+06 1.000000000000e+06 1.000000000000e+06 1.000000000000e+06 1.000000000000e+06 1.000000000000e+06 1.000000000000e+06 1.000000000000e+06 1.000000000000e+06 1.000000000000e+06 1.000000000000e+06 1.000000000000e+06 1.000000000000e+06 1.000000000000e+06 1.000000000000e+06 1.000000000000e+06 1.000000000000e+06 1.000000000000e+06 1.000000000000e+06 1.000000000000e+06 1.000000000000e+06 1.000000000000e+06 1.000000000000e+06 1.000000000000e+06 1.000000000000e+06 1.000000000000e+06 1.000000000000e+06 1.000000000000e+06 1.000000000000e+06 1.000000000000e+06 1.000000000000e+06 1.000000000000e+06 1.000000000000e+06 1.000000000000e+06 1.000000000000e+06 1.000000000000e+06 1.000000000000e+06 1.000000000000e+06 1.000000000000e+06 1.000000000000e+06 1.000000000000e+06 1.000000000000e+06 1.000000000000e+06 1.000000000000e+06 1.000000000000e+06 1.000000000000e+06 1.000000000000e+06 1.000000000000e+06 1.000000000000e+06 1.000000000000e+06 1.000000000000e+06 1.000000000000e+06 1.000000000000e+06 1.000000000000e+06 1.000000000000e+06 1.000000000000e+06 1.000000000000e+06 1.000000000000e+06 1.000000000000e+06 1.000000000000e+06 1.000000000000e+06 1.000000000000e+06 1.000000000000e+06 1.000000000000e+06
1.000000000000e+06 1.000000000000e+06 1.000000000000e+06 1.000000000000e+06 1.000000000000e+06 1.000000000000e+06 1.000000000000e+06 1.000000000000e+06 1.000000000000e+06 1.000000000000e+06 1.000000000000e+06 1.000000000000e+06 1.000000000000e+06 1.000000000000e+06 1.000000000000e+06 1.000000000000e+06 1.000000000000e+06 1.000000000000e+06 1.000000000000e+06 1.000000000000e+06 1.000000000000e+06 1.000000000000e+06 1.000000000000e+06 1.000000000000e+06 1.000000000000e+06 1.000000000000e+06 1.000000000000e+06 1.000000000000e+06 1.000000000000e+06 1.000000000000e+06 1.000000000000e+06 1.000000000000e+06 1.000000000000e+06 1.000000000000e+06 1.000000000000e+06 1.000000000000e+06 1.000000000000e+06 1.000000000000e+06 1.000000000000e+06 1.000000000000e+06 1.000000000000e+06 1.000000000000e+06 1.000000000000e+06 1.000000000000e+06 1.000000000000e+06 1.000000000000e+06 1.000000000000e+06 1.000000000000e+06 1.000000000000e+06 1.000000000000e+06 1.000000000000e+06 1.000000000000e+06 1.000000000000e+06 1.000000000000e+06 1.000000000000e+06 1.000000000000e+06 1.000000000000e+06 1.000000000000e+06 1.000000000000e+06 1.000000000000e+06 1.000000000000e+06 1.000000000000e+06 1.000000000000e+06 1.000000000000e+06 1.000000000000e+06 1.000000000000e+06 1.000000000000e+06 1.000000000000e+06 1.000000000000e+06 1.000000000000e+06 1.000000000000e+06 1.000000000000e+06 1.000000000000e+06 1.000000000000e+06 1.000000000000e+06 1.000000000000e+06 1.000000000000e+06 1.000000000000e+06 1.000000000000e+06 1.000000000000e+06 1.000000000000e+06 1.000000000000e+06 1.000000000000e+06 1.000000000000e+06 1.000000000000e+06 1.000000000000e+06 1.000000000000e+06 1.000000000000e+06 1.000000000000e+06 1.000000000000e+06 1.000000000000e+06 1.000000000000e+06 1.000000000000e+06 1.000000000000e+06 1.000000000000e+06 1.000000000000e+06 1.000000000000e+06 1.000000000000e+06 1.000000000000e+06 1.000000000000e+06 1.000000000000e+06
1.000000000000e+06 1.000000000000e+06 1.000000000000e+06 1.000000000000e+06 1.000000000000e+06 1.000000000000e+06 1.000000000000e+06 1.000000000000e+06 1.000000000000e+06 1.000000000000e+06 1.000000000000e+06 1.000000000000e+06 1.000000000000e+06 1.000000000000e+06 1.000000000000e+06 1.000000000000e+06 1.000000000000e+06 1.000000000000e+06 1.000000000000e+06 1.000000000000e+06 1.000000000000e+06 1.000000000000e+06 1.000000000000e+06 1.000000000000e+06 1.000000000000e+06 1.000000000000e+06 1.000000000000e+06 1.000000000000e+06 1.000000000000e+06 1.000000000000e+06 1.000000000000e+06 1.000000000000e+06 1.000000000000e+06 1.000000000000e+06 1.000000000000e+06 1.000000000000e+06 1.000000000000e+06 1.000000000000e+06 1.000000000000e+06 1.000000000000e+06 1.000000000000e+06 1.000000000000e+06 1.000000000000e+06 1.000000000000e+06 1.000000000000e+06 1.000000000000e+06 1.000000000000e+06 1.000000000000e+06 1.000000000000e+06 1.000000000000e+06 1.000000000000e+06 1.000000000000e+06 1.000000000000e+06 1.000000000000e+06 1.000000000000e+06 1.000000000000e+06 1.000000000000e+06 1.000000000000e+06 1.000000000000e+06 1.000000000000e+06 1.000000000000e+06 1.000000000000e+06 1.000000000000e+06 1.000000000000e+06 1.000000000000e+06 1.000000000000e+06 1.000000000000e+06 1.000000000000e+06 1.000000000000e+06 1.000000000000e+06 1.000000000000e+06 1.000000000000e+06 1.000000000000e+06 1.000000000000e+06 1.000000000000e+06 1.000000000000e+06 1.000000000000e+06 1.000000000000e+06 1.000000000000e+06 1.000000000000e+06 1.000000000000e+06 1.000000000000e+06 1.000000000000e+06 1.000000000000e+06 1.000000000000e+06 1.000000000000e+06 1.000000000000e+06 1.000000000000e+06 1.000000000000e+06 1.000000000000e+06 1.000000000000e+06 1.000000000000e+06 1.000000000000e+06 1.000000000000e+06 1.000000000000e+06 1.000000000000e+06 1.000000000000e+06 1.000000000000e+06 1.000000000000e+06 1.000000000000e+06 1.000000000000e+06
1.000000000000e+06 1.000000000000e+06 1.000000000000e+06 1.000000000000e+06 1.000000000000e+06 1.000000000000e+06 1.000000000000e+06 1.000000000000e+06 1.000000000000e+06 1.000000000000e+06 1.000000000000e+06 1.000000000000e+06 1.000000000000e+06 1.000000000000e+06 1.000000000000e+06 1.000000000000e+06 1.000000000000e+06 1.000000000000e+06 1.000000000000e+06 1.000000000000e+06 1.000000000000e+06 1.000000000000e+06 1.000000000000e+06 1.000000000000e+06 1.000000000000e+06 1.000000000000e+06 1.000000000000e+06 1.000000000000e+06 1.000000000000e+06 1.000000000000e+06 1.000000000000e+06 1.000000000000e+06 1.000000000000e+06 1.000000000000e+06 1.000000000000e+06 1.000000000000e+06 1.000000000000e+06 1.000000000000e+06 1.000000000000e+06 1.000000000000e+06 1.000000000000e+06 1.000000000000e+06 1.000000000000e+06 1.000000000000e+06 1.000000000000e+06 1.000000000000e+06 1.000000000000e+06 1.000000000000e+06 1.000000000000e+06 1.000000000000e+06 1.000000000000e+06 1.000000000000e+06 1.000000000000e+06 1.000000000000e+06 1.000000000000e+06 1.000000000000e+06 1.000000000000e+06 1.000000000000e+06 1.000000000000e+06 1.000000000000e+06 1.000000000000e+06 1.000000000000e+06 1.000000000000e+06 1.000000000000e+06 1.000000000000e+06 1.000000000000e+06 1.000000000000e+06 1.000000000000e+06 1.000000000000e+06 1.000000000000e+06 1.000000000000e+06 1.000000000000e+06 1.000000000000e+06 1.000000000000e+06 1.000000000000e+06 1.000000000000e+06 1.000000000000e+06 1.000000000000e+06 1.000000000000e+06 1.000000000000e+06 1.000000000000e+06 1.000000000000e+06 1.000000000000e+06 1.000000000000e+06 1.000000000000e+06 1.000000000000e+06 1.000000000000e+06 1.000000000000e+06 1.000000000000e+06 1.000000000000e+06 1.000000000000e+06 1.000000000000e+06 1.000000000000e+06 1.000000000000e+06 1.000000000000e+06 1.000000000000e+06 1.000000000000e+06 1.000000000000e+06 1.000000000000e+06 1.000000000000e+06 1.000000000000e+06
1.000000000000e+06 1.000000000000e+06 1.000000000000e+06 1.000000000000e+06 1.000000000000e+06 1.000000000000e+06 1.000000000000e+06 1.000000000000e+06 1.000000000000e+06 1.000000000000e+06 1.000000000000e+06 1.000000000000e+06 1.000000000000e+06 1.000000000000e+06 1.000000000000e+06 1.000000000000e+06 1.000000000000e+06 1.000000000000e+06 1.000000000000e+06 1.000000000000e+06 1.000000000000e+06 1.000000000000e+06 1.000000000000e+06 1.000000000000e+06 1.000000000000e+06 1.000000000000e+06 1.000000000000e+06 1.000000000000e+06 1.000000000000e+06 1.000000000000e+06 1.000000000000e+06 1.000000000000e+06 1.000000000000e+06 1.000000000000e+06 1.000000000000e+06 1.000000000000e+06 1.000000000000e+06 1.000000000000e+06 1.000000000000e+06 1.000000000000e+06 1.000000000000e+06 1.000000000000e+06 1.000000000000e+06 1.000000000000e+06 1.000000000000e+06 1.000000000000e+06 1.000000000000e+06 1.000000000000e+06 1.000000000000e+06 1.000000000000e+06 1.000000000000e+06 1.000000000000e+06 1.000000000000e+06 1.000000000000e+06 1.000000000000e+06 1.000000000000e+06 1.000000000000e+06 1.000000000000e+06 1.000000000000e+06 1.000000000000e+06 1.000000000000e+06 1.000000000000e+06 1.000000000000e+06 1.000000000000e+06 1.000000000000e+06 1.000000000000e+06 1.000000000000e+06 1.000000000000e+06 1.000000000000e+06 1.000000000000e+06 1.000000000000e+06 1.000000000000e+06 1.000000000000e+06 1.000000000000e+06 1.000000000000e+06 1.000000000000e+06 1.000000000000e+06 1.000000000000e+06 1.000000000000e+06 1.000000000000e+06 1.000000000000e+06 1.000000000000e+06 1.000000000000e+06 1.000000000000e+06 1.000000000000e+06 1.000000000000e+06 1.000000000000e+06 1.000000000000e+06 1.000000000000e+06 1.000000000000e+06 1.000000000000e+06 1.000000000000e+06 1.000000000000e+06 1.000000000000e+06 1.000000000000e+06 1.000000000000e+06 1.000000000000e+06 1.000000000000e+06 1.000000000000e+06 1.000000000000e+06 1.000000000000e+06
1.000000000000e+06 1.000000000000e+06 1.000000000000e+06 1.000000000000e+06 1.000000000000e+06 1.000000000000e+06 1.000000000000e+06 1.000000000000e+06 1.000000000000e+06 1.000000000000e+06 1.000000000000e+06 1.000000000000e+06 1.000000000000e+06 1.000000000000e+06 1.000000000000e+06 1.000000000000e+06 1.000000000000e+06 1.000000000000e+06 1.000000000000e+06 1.000000000000e+06 1.000000000000e+06 1.000000000000e+06 1.000000000000e+06 1.000000000000e+06 1.000000000000e+06 1.000000000000e+06 1.000000000000e+06 1.000000000000e+06 1.000000000000e+06 1.000000000000e+06 1.000000000000e+06 1.000000000000e+06 1.000000000000e+06 1.000000000000e+06 1.000000000000e+06 1.000000000000e+06 1.000000000000e+06 1.000000000000e+06 1.000000000000e+06 1.000000000000e+06 1.000000000000e+06 1.000000000000e+06 1.000000000000e+06 1.000000000000e+06 1.000000000000e+06 1.000000000000e+06 1.000000000000e+06 1.000000000000e+06 1.000000000000e+06 1.000000000000e+06 1.000000000000e+06 1.000000000000e+06 1.000000000000e+06 1.000000000000e+06 1.000000000000e+06 1.000000000000e+06 1.000000000000e+06 1.000000000000e+06 1.000000000000e+06 1.000000000000e+06 1.000000000000e+06 1.000000000000e+06 1.000000000000e+06 1.000000000000e+06 1.000000000000e+06 1.000000000000e+06 1.000000000000e+06 1.000000000000e+06 1.000000000000e+06 1.000000000000e+06 1.000000000000e+06 1.000000000000e+06 1.000000000000e+06 1.000000000000e+06 1.000000000000e+06 1.000000000000e+06 1.000000000000e+06 1.000000000000e+06 1.000000000000e+06 1.000000000000e+06 1.000000000000e+06 1.000000000000e+06 1.000000000000e+06 1.000000000000e+06 1.000000000000e+06 1.000000000000e+06 1.000000000000e+06 1.000000000000e+06 1.000000000000e+06 1.000000000000e+06 1.000000000000e+06 1.000000000000e+06 1.000000000000e+06 1.000000000000e+06 1.000000000000e+06 1.000000000000e+06 1.000000000000e+06 1.000000000000e+06 1.000000000000e+06 1.000000000000e+06 1.000000000000e+06
1.000000000000e+06 1.000000000000e+06 1.000000000000e+06 1.000000000000e+06 1.000000000000e+06 1.000000000000e+06 1.000000000000e+06 1.000000000000e+06 1.000000000000e+06 1.000000000000e+06 1.000000000000e+06 1.000000000000e+06 1.000000000000e+06 1.000000000000e+06 1.000000000000e+06 1.000000000000e+06 1.000000000000e+06 1.000000000000e+06 1.000000000000e+06 1.000000000000e+06 1.000000000000e+06 1.000000000000e+06 1.000000000000e+06 1.000000000000e+06 1.000000000000e+06 1.000000000000e+06 1.000000000000e+06 1.000000000000e+06 1.000000000000e+06 1.000000000000e+06 1.000000000000e+06 1.000000000000e+06 1.000000000000e+06 1.000000000000e+06 1.000000000000e+06 1.000000000000e+06 1.000000000000e+06 1.000000000000e+06 1.000000000000e+06 1.000000000000e+06 1.000000000000e+06 1.000000000000e+06 1.000000000000e+06 1.000000000000e+06 1.000000000000e+06 1.000000000000e+06 1.000000000000e+06 1.000000000000e+06 1.000000000000e+06 1.000000000000e+06 1.000000000000e+06 1.000000000000e+06 1.000000000000e+06 1.000000000000e+06 1.000000000000e+06 1.000000000000e+06 1.000000000000e+06 1.000000000000e+06 1.000000000000e+06 1.000000000000e+06 1.000000000000e+06 1.000000000000e+06 1.000000000000e+06 1.000000000000e+06 1.000000000000e+06 1.000000000000e+06 1.000000000000e+06 1.000000000000e+06 1.000000000000e+06 1.000000000000e+06 1.000000000000e+06 1.000000000000e+06 1.000000000000e+06 1.000000000000e+06 1.000000000000e+06 1.000000000000e+06 1.000000000000e+06 1.000000000000e+06 1.000000000000e+06 1.000000000000e+06 1.000000000000e+06 1.000000000000e+06 1.000000000000e+06 1.000000000000e+06 1.000000000000e+06 1.000000000000e+06 1.000000000000e+06 1.000000000000e+06 1.000000000000e+06 1.000000000000e+06 1.000000000000e+06 1.000000000000e+06 1.000000000000e+06 1.000000000000e+06 1.000000000000e+06 1.000000000000e+06 1.000000000000e+06 1.000000000000e+06 1.000000000000e+06 1.000000000000e+06 1.000000000000e+06
1.000000000000e+06 1.000000000000e+06 1.000000000000e+06 1.000000000000e+06 1.000000000000e+06 1.000000000000e+06 1.000000000000e+06 1.000000000000e+06 1.000000000000e+06 1.000000000000e+06 1.000000000000e+06 1.000000000000e+06 1.000000000000e+06 1.000000000000e+06 1.000000000000e+06 1.000000000000e+06 1.000000000000e+06 1.000000000000e+06 1.000000000000e+06 1.000000000000e+06 1.000000000000e+06 1.000000000000e+06 1.000000000000e+06 1.000000000000e+06 1.000000000000e+06 1.000000000000e+06 1.000000000000e+06 1.000000000000e+06 1.000000000000e+06 1.000000000000e+06 1.000000000000e+06 1.000000000000e+06 1.000000000000e+06 1.000000000000e+06 1.000000000000e+06 1.000000000000e+06 1.000000000000e+06 1.000000000000e+06 1.000000000000e+06 1.000000000000e+06 1.000000000000e+06 1.000000000000e+06 1.000000000000e+06 1.000000000000e+06 1.000000000000e+06 1.000000000000e+06 1.000000000000e+06 1.000000000000e+06 1.000000000000e+06 1.000000000000e+06 1.000000000000e+06 1.000000000000e+06 1.000000000000e+06 1.000000000000e+06 1.000000000000e+06 1.000000000000e+06 1.000000000000e+06 1.000000000000e+06 1.000000000000e+06 1.000000000000e+06 1.000000000000e+06 1.000000000000e+06 1.000000000000e+06 1.000000000000e+06 1.000000000000e+06 1.000000000000e+06 1.000000000000e+06 1.000000000000e+06 1.000000000000e+06 1.000000000000e+06 1.000000000000e+06 1.000000000000e+06 1.000000000000e+06 1.000000000000e+06 1.000000000000e+06 1.000000000000e+06 1.000000000000e+06 1.000000000000e+06 1.000000000000e+06 1.000000000000e+06 1.000000000000e+06 1.000000000000e+06 1.000000000000e+06 1.000000000000e+06 1.000000000000e+06 1.000000000000e+06 1.000000000000e+06 1.000000000000e+06 1.000000000000e+06 1.000000000000e+06 1.000000000000e+06 1.000000000000e+06 1.000000000000e+06 1.000000000000e+06 1.000000000000e+06 1.000000000000e+06 1.000000000000e+06 1.000000000000e+06 1.000000000000e+06 1.000000000000e+06 1.000000000000e+06
1.000000000000e+06 1.000000000000e+06 1.000000000000e+06 1.000000000000e+06 1.000000000000e+06 1.000000000000e+06 1.000000000000e+06 1.000000000000e+06 1.000000000000e+06 1.000000000000e+06 1.000000000000e+06 1.000000000000e+06 1.000000000000e+06 1.000000000000e+06 1.000000000000e+06 1.000000000000e+06 1.000000000000e+06 1.000000000000e+06 1.000000000000e+06 1.000000000000e+06 1.000000000000e+06 1.000000000000e+06 1.000000000000e+06 1.000000000000e+06 1.000000000000e+06 1.000000000000e+06 1.000000000000e+06 1.000000000000e+06 1.000000000000e+06 1.000000000000e+06 1.000000000000e+06 1.000000000000e+06 1.000000000000e+06 1.000000000000e+06 1.000000000000e+06 1.000000000000e+06 1.000000000000e+06 1.000000000000e+06 1.000000000000e+06 1.000000000000e+06 1.000000000000e+06 1.000000000000e+06 1.000000000000e+06 1.000000000000e+06 1.000000000000e+06 1.000000000000e+06 1.000000000000e+06 1.000000000000e+06 1.000000000000e+06 1.000000000000e+06 1.000000000000e+06 1.000000000000e+06 1.000000000000e+06 1.000000000000e+06 1.000000000000e+06 1.000000000000e+06 1.000000000000e+06 1.000000000000e+06 1.000000000000e+06 1.000000000000e+06 1.000000000000e+06 1.000000000000e+06 1.000000000000e+06 1.000000000000e+06 1.000000000000e+06 1.000000000000e+06 1.000000000000e+06 1.000000000000e+06 1.000000000000e+06 1.000000000000e+06 1.000000000000e+06 1.000000000000e+06 1.000000000000e+06 1.000000000000e+06 1.000000000000e+06 1.000000000000e+06 1.000000000000e+06 1.000000000000e+06 1.000000000000e+06 1.000000000000e+06 1.000000000000e+06 1.000000000000e+06 1.000000000000e+06 1.000000000000e+06 1.000000000000e+06 1.000000000000e+06 1.000000000000e+06 1.000000000000e+06 1.000000000000e+06 1.000000000000e+06 1.000000000000e+06 1.000000000000e+06 1.000000000000e+06 1.000000000000e+06 1.000000000000e+06 1.000000000000e+06 1.000000000000e+06 1.000000000000e+06 1.000000000000e+06 1.000000000000e+06 1.000000000000e+06
1.000000000000e+06 1.000000000000e+06 1.000000000000e+06 1.000000000000e+06 1.000000000000e+06 1.000000000000e+06 1.000000000000e+06 1.000000000000e+06 1.000000000000e+06 1.000000000000e+06 1.000000000000e+06 1.000000000000e+06 1.000000000000e+06 1.000000000000e+06 1.000000000000e+06 1.000000000000e+06 1.000000000000e+06 1.000000000000e+06 1.000000000000e+06 1.000000000000e+06 1.000000000000e+06 1.000000000000e+06 1.000000000000e+06 1.000000000000e+06 1.000000000000e+06 1.000000000000e+06 1.000000000000e+06 1.000000000000e+06 1.000000000000e+06 1.000000000000e+06 1.000000000000e+06 1.000000000000e+06 1.000000000000e+06 1.000000000000e+06 1.000000000000e+06 1.000000000000e+06 1.000000000000e+06 1.000000000000e+06 1.000000000000e+06 1.000000000000e+06 1.000000000000e+06 1.000000000000e+06 1.000000000000e+06 1.000000000000e+06 1.000000000000e+06 1.000000000000e+06 1.000000000000e+06 1.000000000000e+06 1.000000000000e+06 1.000000000000e+06 1.000000000000e+06 1.000000000000e+06 1.000000000000e+06 1.000000000000e+06 1.000000000000e+06 1.000000000000e+06 1.000000000000e+06 1.000000000000e+06 1.000000000000e+06 1.000000000000e+06 1.000000000000e+06 1.000000000000e+06 1.000000000000e+06 1.000000000000e+06 1.000000000000e+06 1.000000000000e+06 1.000000000000e+06 1.000000000000e+06 1.000000000000e+06 1.000000000000e+06 1.000000000000e+06 1.000000000000e+06 1.000000000000e+06 1.000000000000e+06 1.000000000000e+06 1.000000000000e+06 1.000000000000e+06 1.000000000000e+06 1.000000000000e+06 1.000000000000e+06 1.000000000000e+06 1.000000000000e+06 1.000000000000e+06 1.000000000000e+06 1.000000000000e+06 1.000000000000e+06 1.000000000000e+06 1.000000000000e+06 1.000000000000e+06 1.000000000000e+06 1.000000000000e+06 1.000000000000e+06 1.000000000000e+06 1.000000000000e+06 1.000000000000e+06 1.000000000000e+06 1.000000000000e+06 1.000000000000e+06 1.000000000000e+06 1.000000000000e+06 1.000000000000e+06
1.000000000000e+06 1.000000000000e+06 1.000000000000e+06 1.000000000000e+06 1.000000000000e+06 1.000000000000e+06 1.000000000000e+06 1.000000000000e+06 1.000000000000e+06 1.000000000000e+06 1.000000000000e+06 1.000000000000e+06 1.000000000000e+06 1.000000000000e+06 1.000000000000e+06 1.000000000000e+06 1.000000000000e+06 1.000000000000e+06 1.000000000000e+06 1.000000000000e+06 1.000000000000e+06 1.000000000000e+06 1.000000000000e+06 1.000000000000e+06 1.000000000000e+06 1.000000000000e+06 1.000000000000e+06 1.000000000000e+06 1.000000000000e+06 1.000000000000e+06 1.000000000000e+06 1.000000000000e+06 1.000000000000e+06 1.000000000000e+06 1.000000000000e+06 1.000000000000e+06 1.000000000000e+06 1.000000000000e+06 1.000000000000e+06 1.000000000000e+06 1.000000000000e+06 1.000000000000e+06 1.000000000000e+06 1.000000000000e+06 1.000000000000e+06 1.000000000000e+06 1.000000000000e+06 1.000000000000e+06 1.000000000000e+06 1.000000000000e+06 1.000000000000e+06 1.000000000000e+06 1.000000000000e+06 1.000000000000e+06 1.000000000000e+06 1.000000000000e+06 1.000000000000e+06 1.000000000000e+06 1.000000000000e+06 1.000000000000e+06 1.000000000000e+06 1.000000000000e+06 1.000000000000e+06 1.000000000000e+06 1.000000000000e+06 1.000000000000e+06 1.000000000000e+06 1.000000000000e+06 1.000000000000e+06 1.000000000000e+06 1.000000000000e+06 1.000000000000e+06 1.000000000000e+06 1.000000000000e+06 1.000000000000e+06 1.000000000000e+06 1.000000000000e+06 1.000000000000e+06 1.000000000000e+06 1.000000000000e+06 1.000000000000e+06 1.000000000000e+06 1.000000000000e+06 1.000000000000e+06 1.000000000000e+06 1.000000000000e+06 1.000000000000e+06 1.000000000000e+06 1.000000000000e+06 1.000000000000e+06 1.000000000000e+06 1.000000000000e+06 1.000000000000e+06 1.000000000000e+06 1.000000000000e+06 1.000000000000e+06 1.000000000000e+06 1.000000000000e+06 1.000000000000e+06 1.000000000000e+06 1.000000000000e+06
1.000000000000e+06 1.000000000000e+06 1.000000000000e+06 1.000000000000e+06 1.000000000000e+06 1.000000000000e+06 1.000000000000e+06 1.000000000000e+06 1.000000000000e+06 1.000000000000e+06 1.000000000000e+06 1.000000000000e+06 1.000000000000e+06 1.000000000000e+06 1.000000000000e+06 1.000000000000e+06 1.000000000000e+06 1.000000000000e+06 1.000000000000e+06 1.000000000000e+06 1.000000000000e+06 1.000000000000e+06 1.000000000000e+06 1.000000000000e+06 1.000000000000e+06 1.000000000000e+06 1.000000000000e+06 1.000000000000e+06 1.000000000000e+06 1.000000000000e+06 1.000000000000e+06 1.000000000000e+06 1.000000000000e+06 1.000000000000e+06 1.000000000000e+06 1.000000000000e+06 1.000000000000e+06 1.000000000000e+06 1.000000000000e+06 1.000000000000e+06 1.000000000000e+06 1.000000000000e+06 1.000000000000e+06 1.000000000000e+06 1.000000000000e+06 1.000000000000e+06 1.000000000000e+06 1.000000000000e+06 1.000000000000e+06 1.000000000000e+06 1.000000000000e+06 1.000000000000e+06 1.000000000000e+06 1.000000000000e+06 1.000000000000e+06 1.000000000000e+06 1.000000000000e+06 1.000000000000e+06 1.000000000000e+06 1.000000000000e+06 1.000000000000e+06 1.000000000000e+06 1.000000000000e+06 1.000000000000e+06 1.000000000000e+06 1.000000000000e+06 1.000000000000e+06 1.000000000000e+06 1.000000000000e+06 1.000000000000e+06 1.000000000000e+06 1.000000000000e+06 1.000000000000e+06 1.000000000000e+06 1.000000000000e+06 1.000000000000e+06 1.000000000000e+06 1.000000000000e+06 1.000000000000e+06 1.000000000000e+06 1.000000000000e+06 1.000000000000e+06 1.000000000000e+06 1.000000000000e+06 1.000000000000e+06 1.000000000000e+06 1.000000000000e+06 1.000000000000e+06 1.000000000000e+06 1.000000000000e+06 1.000000000000e+06 1.000000000000e+06 1.000000000000e+06 1.000000000000e+06 1.000000000000e+06 1.000000000000e+06 1.000000000000e+06 1.000000000000e+06 1.000000000000e+06 1.000000000000e+06 1.000000000000e+06
1.000000000000e+06 1.000000000000e+06 1.000000000000e+06 1.000000000000e+06 1.000000000000e+06 1.000000000000e+06 1.000000000000e+06 1.000000000000e+06 1.000000000000e+06 1.000000000000e+06 1.000000000000e+06 1.000000000000e+06 1.000000000000e+06 1.000000000000e+06 1.000000000000e+06 1.000000000000e+06 1.000000000000e+06 1.000000000000e+06 1.000000000000e+06 1.000000000000e+06 1.000000000000e+06 1.000000000000e+06 1.000000000000e+06 1.000000000000e+06 1.000000000000e+06 1.000000000000e+06 1.000000000000e+06 1.000000000000e+06 1.000000000000e+06 1.000000000000e+06 1.000000000000e+06 1.000000000000e+06 1.000000000000e+06 1.000000000000e+06 1.000000000000e+06 1.000000000000e+06 1.000000000000e+06 1.000000000000e+06 1.000000000000e+06 1.000000000000e+06 1.000000000000e+06 1.000000000000e+06 1.000000000000e+06 1.000000000000e+06 1.000000000000e+06 1.000000000000e+06 1.000000000000e+06 1.000000000000e+06 1.000000000000e+06 1.000000000000e+06 1.000000000000e+06 1.000000000000e+06 1.000000000000e+06 1.000000000000e+06 1.000000000000e+06 1.000000000000e+06 1.000000000000e+06 1.000000000000e+06 1.000000000000e+06 1.000000000000e+06 1.000000000000e+06 1.000000000000e+06 1.000000000000e+06 1.000000000000e+06 1.000000000000e+06 1.000000000000e+06 1.000000000000e+06 1.000000000000e+06 1.000000000000e+06 1.000000000000e+06 1.000000000000e+06 1.000000000000e+06 1.000000000000e+06 1.000000000000e+06 1.000000000000e+06 1.000000000000e+06 1.000000000000e+06 1.000000000000e+06 1.000000000000e+06 1.000000000000e+06 1.000000000000e+06 1.000000000000e+06 1.000000000000e+06 1.000000000000e+06 1.000000000000e+06 1.000000000000e+06 1.000000000000e+06 1.000000000000e+06 1.000000000000e+06 1.000000000000e+06 1.000000000000e+06 1.000000000000e+06 1.000000000000e+06 1.000000000000e+06 1.000000000000e+06 1.000000000000e+06 1.000000000000e+06 1.000000000000e+06 1.000000000000e+06 1.000000000000e+06 1.000000000000e+06
1.000000000000e+06 1.000000000000e+06 1.000000000000e+06 1.000000000000e+06 1.000000000000e+06 1.000000000000e+06 1.000000000000e+06 1.000000000000e+06 1.000000000000e+06 1.000000000000e+06 1.000000000000e+06 1.000000000000e+06 1.000000000000e+06 1.000000000000e+06 1.000000000000e+06 1.000000000000e+06 1.000000000000e+06 1.000000000000e+06 1.000000000000e+06 1.000000000000e+06 1.000000000000e+06 1.000000000000e+06 1.000000000000e+06 1.000000000000e+06 1.000000000000e+06 1.000000000000e+06 1.000000000000e+06 1.000000000000e+06 1.000000000000e+06 1.000000000000e+06 1.000000000000e+06 1.000000000000e+06 1.000000000000e+06 1.000000000000e+06 1.000000000000e+06 1.000000000000e+06 1.000000000000e+06 1.000000000000e+06 1.000000000000e+06 1.000000000000e+06 1.000000000000e+06 1.000000000000e+06 1.000000000000e+06 1.000000000000e+06 1.000000000000e+06 1.000000000000e+06 1.000000000000e+06 1.000000000000e+06 1.000000000000e+06 1.000000000000e+06 1.000000000000e+06 1.000000000000e+06 1.000000000000e+06 1.000000000000e+06 1.000000000000e+06 1.000000000000e+06 1.000000000000e+06 1.000000000000e+06 1.000000000000e+06 1.000000000000e+06 1.000000000000e+06 1.000000000000e+06 1.000000000000e+06 1.000000000000e+06 1.000000000000e+06 1.000000000000e+06 1.000000000000e+06 1.000000000000e+06 1.000000000000e+06 1.000000000000e+06 1.000000000000e+06 1.000000000000e+06 1.000000000000e+06 1.000000000000e+06 1.000000000000e+06 1.000000000000e+06 1.000000000000e+06 1.000000000000e+06 1.000000000000e+06 1.000000000000e+06 1.000000000000e+06 1.000000000000e+06 1.000000000000e+06 1.000000000000e+06 1.000000000000e+06 1.000000000000e+06 1.000000000000e+06 1.000000000000e+06 1.000000000000e+06 1.000000000000e+06 1.000000000000e+06 1.000000000000e+06 1.000000000000e+06 1.000000000000e+06 1.000000000000e+06 1.000000000000e+06 1.000000000000e+06 1.000000000000e+06 1.000000000000e+06 1.000000000000e+06 1.000000000000e+06
1.000000000000e+06 1.000000000000e+06 1.000000000000e+06 1.000000000000e+06 1.000000000000e+06 1.000000000000e+06 1.000000000000e+06 1.000000000000e+06 1.000000000000e+06 1.000000000000e+06 1.000000000000e+06 1.000000000000e+06 1.000000000000e+06 1.000000000000e+06 1.000000000000e+06 1.000000000000e+06 1.000000000000e+06 1.000000000000e+06 1.000000000000e+06 1.000000000000e+06 1.000000000000e+06 1.000000000000e+06 1.000000000000e+06 1.000000000000e+06 1.000000000000e+06 1.000000000000e+06 1.000000000000e+06 1.000000000000e+06 1.000000000000e+06 1.000000000000e+06 1.000000000000e+06 1.000000000000e+06 1.000000000000e+06 1.000000000000e+06 1.000000000000e+06 1.000000000000e+06 1.000000000000e+06 1.000000000000e+06 1.000000000000e+06 1.000000000000e+06 1.000000000000e+06 1.000000000000e+06 1.000000000000e+06 1.000000000000e+06 1.000000000000e+06 1.000000000000e+06 1.000000000000e+06 1.000000000000e+06 1.000000000000e+06 1.000000000000e+06 1.000000000000e+06 1.000000000000e+06 1.000000000000e+06 1.000000000000e+06 1.000000000000e+06 1.000000000000e+06 1.000000000000e+06 1.000000000000e+06 1.000000000000e+06 1.000000000000e+06 1.000000000000e+06 1.000000000000e+06 1.000000000000e+06 1.000000000000e+06 1.000000000000e+06 1.000000000000e+06 1.000000000000e+06 1.000000000000e+06 1.000000000000e+06 1.000000000000e+06 1.000000000000e+06 1.000000000000e+06 1.000000000000e+06 1.000000000000e+06 1.000000000000e+06 1.000000000000e+06 1.000000000000e+06 1.000000000000e+06 1.000000000000e+06 1.000000000000e+06 1.000000000000e+06 1.000000000000e+06 1.000000000000e+06 1.000000000000e+06 1.000000000000e+06 1.000000000000e+06 1.000000000000e+06 1.000000000000e+06 1.000000000000e+06 1.000000000000e+06 1.000000000000e+06 1.000000000000e+06 1.000000000000e+06 1.000000000000e+06 1.000000000000e+06 1.000000000000e+06 1.000000000000e+06 1.000000000000e+06 1.000000000000e+06 1.000000000000e+06 1.000000000000e+06
1.000000000000e+06 1.000000000000e+06 1.000000000000e+06 1.000000000000e+06 1.000000000000e+06 1.000000000000e+06 1.000000000000e+06 1.000000000000e+06 1.000000000000e+06 1.000000000000e+06 1.000000000000e+06 1.000000000000e+06 1.000000000000e+06 1.000000000000e+06 1.000000000000e+06 1.000000000000e+06 1.000000000000e+06 1.000000000000e+06 1.000000000000e+06 1.000000000000e+06 1.000000000000e+06 1.000000000000e+06 1.000000000000e+06 1.000000000000e+06 1.000000000000e+06 1.000000000000e+06 1.000000000000e+06 1.000000000000e+06 1.000000000000e+06 1.000000000000e+06 1.000000000000e+06 1.000000000000e+06 1.000000000000e+06 1.000000000000e+06 1.000000000000e+06 1.000000000000e+06 1.000000000000e+06 1.000000000000e+06 1.000000000000e+06 1.000000000000e+06 1.000000000000e+06 1.000000000000e+06 1.000000000000e+06 1.000000000000e+06 1.000000000000e+06 1.000000000000e+06 1.000000000000e+06 1.000000000000e+06 1.000000000000e+06 1.000000000000e+06 1.000000000000e+06 1.000000000000e+06 1.000000000000e+06 1.000000000000e+06 1.000000000000e+06 1.000000000000e+06 1.000000000000e+06 1.000000000000e+06 1.000000000000e+06 1.000000000000e+06 1.000000000000e+06 1.000000000000e+06 1.000000000000e+06 1.000000000000e+06 1.000000000000e+06 1.000000000000e+06 1.000000000000e+06 1.000000000000e+06 1.000000000000e+06 1.000000000000e+06 1.000000000000e+06 1.000000000000e+06 1.000000000000e+06 1.000000000000e+06 1.000000000000e+06 1.000000000000e+06 1.000000000000e+06 1.000000000000e+06 1.000000000000e+06 1.000000000000e+06 1.000000000000e+06 1.000000000000e+06 1.000000000000e+06 1.000000000000e+06 1.000000000000e+06 1.000000000000e+06 1.000000000000e+06 1.000000000000e+06 1.000000000000e+06 1.000000000000e+06 1.000000000000e+06 1.000000000000e+06 1.000000000000e+06 1.000000000000e+06 1.000000000000e+06 1.000000000000e+06 1.000000000000e+06 1.000000000000e+06 1.000000000000e+06 1.000000000000e+06 1.000000000000e+06
1.000000000000e+06 1.000000000000e+06 1.000000000000e+06 1.000000000000e+06 1.000000000000e+06 1.000000000000e+06 1.000000000000e+06 1.000000000000e+06 1.000000000000e+06 1.000000000000e+06 1.000000000000e+06 1.000000000000e+06 1.000000000000e+06 1.000000000000e+06 1.000000000000e+06 1.000000000000e+06 1.000000000000e+06 1.000000000000e+06 1.000000000000e+06 1.000000000000e+06 1.000000000000e+06 1.000000000000e+06 1.000000000000e+06 1.000000000000e+06 1.000000000000e+06 1.000000000000e+06 1.000000000000e+06 1.000000000000e+06 1.000000000000e+06 1.000000000000e+06 1.000000000000e+06 1.000000000000e+06 1.000000000000e+06 1.000000000000e+06 1.000000000000e+06 1.000000000000e+06 1.000000000000e+06 1.000000000000e+06 1.000000000000e+06 1.000000000000e+06 1.000000000000e+06 1.000000000000e+06 1.000000000000e+06 1.000000000000e+06 1.000000000000e+06 1.000000000000e+06 1.000000000000e+06 1.000000000000e+06 1.000000000000e+06 1.000000000000e+06 1.000000000000e+06 1.000000000000e+06 1.000000000000e+06 1.000000000000e+06 1.000000000000e+06 1.000000000000e+06 1.000000000000e+06 1.000000000000e+06 1.000000000000e+06 1.000000000000e+06 1.000000000000e+06 1.000000000000e+06 1.000000000000e+06 1.000000000000e+06 1.000000000000e+06 1.000000000000e+06 1.000000000000e+06 1.000000000000e+06 1.000000000000e+06 1.000000000000e+06 1.000000000000e+06 1.000000000000e+06 1.000000000000e+06 1.000000000000e+06 1.000000000000e+06 1.000000000000e+06 1.000000000000e+06 1.000000000000e+06 1.000000000000e+06 1.000000000000e+06 1.000000000000e+06 1.000000000000e+06 1.000000000000e+06 1.000000000000e+06 1.000000000000e+06 1.000000000000e+06 1.000000000000e+06 1.000000000000e+06 1.000000000000e+06 1.000000000000e+06 1.000000000000e+06 1.000000000000e+06 1.000000000000e+06 1.000000000000e+06 1.000000000000e+06 1.000000000000e+06 1.000000000000e+06 1.000000000000e+06 1.000000000000e+06 1.000000000000e+06 1.000000000000e+06
1.000000000000e+06 1.000000000000e+06 1.000000000000e+06 1.000000000000e+06 1.000000000000e+06 1.000000000000e+06 1.000000000000e+06 1.000000000000e+06 1.000000000000e+06 1.000000000000e+06 1.000000000000e+06 1.000000000000e+06 1.000000000000e+06 1.000000000000e+06 1.000000000000e+06 1.000000000000e+06 1.000000000000e+06 1.000000000000e+06 1.000000000000e+06 1.000000000000e+06 1.000000000000e+06 1.000000000000e+06 1.000000000000e+06 1.000000000000e+06 1.000000000000e+06 1.000000000000e+06 1.000000000000e+06 1.000000000000e+06 1.000000000000e+06 1.000000000000e+06 1.000000000000e+06 1.000000000000e+06 1.000000000000e+06 1.000000000000e+06 1.000000000000e+06 1.000000000000e+06 1.000000000000e+06 1.000000000000e+06 1.000000000000e+06 1.000000000000e+06 1.000000000000e+06 1.000000000000e+06 1.000000000000e+06 1.000000000000e+06 1.000000000000e+06 1.000000000000e+06 1.000000000000e+06 1.000000000000e+06 1.000000000000e+06 1.000000000000e+06 1.000000000000e+06 1.000000000000e+06 1.000000000000e+06 1.000000000000e+06 1.000000000000e+06 1.000000000000e+06 1.000000000000e+06 1.000000000000e+06 1.000000000000e+06 1.000000000000e+06 1.000000000000e+06 1.000000000000e+06 1.000000000000e+06 1.000000000000e+06 1.000000000000e+06 1.000000000000e+06 1.000000000000e+06 1.000000000000e+06 1.000000000000e+06 1.000000000000e+06 1.000000000000e+06 1.000000000000e+06 1.000000000000e+06 1.000000000000e+06 1.000000000000e+06 1.000000000000e+06 1.000000000000e+06 1.000000000000e+06 1.000000000000e+06 1.000000000000e+06 1.000000000000e+06 1.000000000000e+06 1.000000000000e+06 1.000000000000e+06 1.000000000000e+06 1.000000000000e+06 1.000000000000e+06 1.000000000000e+06 1.000000000000e+06 1.000000000000e+06 1.000000000000e+06 1.000000000000e+06 1.000000000000e+06 1.000000000000e+06 1.000000000000e+06 1.000000000000e+06 1.000000000000e+06 1.000000000000e+06 1.000000000000e+06 1.000000000000e+06 1.000000000000e+06
1.000000000000e+06 1.000000000000e+06 1.000000000000e+06 1.000000000000e+06 1.000000000000e+06 1.000000000000e+06 1.000000000000e+06 1.000000000000e+06 1.000000000000e+06 1.000000000000e+06 1.000000000000e+06 1.000000000000e+06 1.000000000000e+06 1.000000000000e+06 1.000000000000e+06 1.000000000000e+06 1.000000000000e+06 1.000000000000e+06 1.000000000000e+06 1.000000000000e+06 1.000000000000e+06 1.000000000000e+06 1.000000000000e+06 1.000000000000e+06 1.000000000000e+06 1.000000000000e+06 1.000000000000e+06 1.000000000000e+06 1.000000000000e+06 1.000000000000e+06 1.000000000000e+06 1.000000000000e+06 1.000000000000e+06 1.000000000000e+06 1.000000000000e+06 1.000000000000e+06 1.000000000000e+06 1.000000000000e+06 1.000000000000e+06 1.000000000000e+06 1.000000000000e+06 1.000000000000e+06 1.000000000000e+06 1.000000000000e+06 1.000000000000e+06 1.000000000000e+06 1.000000000000e+06 1.000000000000e+06 1.000000000000e+06 1.000000000000e+06 1.000000000000e+06 1.000000000000e+06 1.000000000000e+06 1.000000000000e+06 1.000000000000e+06 1.000000000000e+06 1.000000000000e+06 1.000000000000e+06 1.000000000000e+06 1.000000000000e+06 1.000000000000e+06 1.000000000000e+06 1.000000000000e+06 1.000000000000e+06 1.000000000000e+06 1.000000000000e+06 1.000000000000e+06 1.000000000000e+06 1.000000000000e+06 1.000000000000e+06 1.000000000000e+06 1.000000000000e+06 1.000000000000e+06 1.000000000000e+06 1.000000000000e+06 1.000000000000e+06 1.000000000000e+06 1.000000000000e+06 1.000000000000e+06 1.000000000000e+06 1.000000000000e+06 1.000000000000e+06 1.000000000000e+06 1.000000000000e+06 1.000000000000e+06 1.000000000000e+06 1.000000000000e+06 1.000000000000e+06 1.000000000000e+06 1.000000000000e+06 1.000000000000e+06 1.000000000000e+06 1.000000000000e+06 1.000000000000e+06 1.000000000000e+06 1.000000000000e+06 1.000000000000e+06 1.000000000000e+06 1.000000000000e+06 1.000000000000e+06 1.000000000000e+06
1.000000000000e+06 1.000000000000e+06 1.000000000000e+06 1.000000000000e+06 1.000000000000e+06 1.000000000000e+06 1.000000000000e+06 1.000000000000e+06 1.000000000000e+06 1.000000000000e+06 1.000000000000e+06 1.000000000000e+06 1.000000000000e+06 1.000000000000e+06 1.000000000000e+06 1.000000000000e+06 1.000000000000e+06 1.000000000000e+06 1.000000000000e+06 1.000000000000e+06 1.000000000000e+06 1.000000000000e+06 1.000000000000e+06 1.000000000000e+06 1.000000000000e+06 1.000000000000e+06 1.000000000000e+06 1.000000000000e+06 1.000000000000e+06 1.000000000000e+06 1.000000000000e+06 1.000000000000e+06 1.000000000000e+06 1.000000000000e+06 1.000000000000e+06 1.000000000000e+06 1.000000000000e+06 1.000000000000e+06 1.000000000000e+06 1.000000000000e+06 1.000000000000e+06 1.000000000000e+06 1.000000000000e+06 1.000000000000e+06 1.000000000000e+06 1.000000000000e+06 1.000000000000e+06 1.000000000000e+06 1.000000000000e+06 1.000000000000e+06 1.000000000000e+06 1.000000000000e+06 1.000000000000e+06 1.000000000000e+06 1.000000000000e+06 1.000000000000e+06 1.000000000000e+06 1.000000000000e+06 1.000000000000e+06 1.000000000000e+06 1.000000000000e+06 1.000000000000e+06 1.000000000000e+06 1.000000000000e+06 1.000000000000e+06 1.000000000000e+06 1.000000000000e+06 1.000000000000e+06 1.000000000000e+06 1.000000000000e+06 1.000000000000e+06 1.000000000000e+06 1.000000000000e+06 1.000000000000e+06 1.000000000000e+06 1.000000000000e+06 1.000000000000e+06 1.000000000000e+06 1.000000000000e+06 1.000000000000e+06 1.000000000000e+06 1.000000000000e+06 1.000000000000e+06 1.000000000000e+06 1.000000000000e+06 1.000000000000e+06 1.000000000000e+06 1.000000000000e+06 1.000000000000e+06 1.000000000000e+06 1.000000000000e+06 1.000000000000e+06 1.000000000000e+06 1.000000000000e+06 1.000000000000e+06 1.000000000000e+06 1.000000000000e+06 1.000000000000e+06 1.000000000000e+06 1.000000000000e+06 1.000000000000e+06
1.000000000000e+06 1.000000000000e+06 1.000000000000e+06 1.000000000000e+06 1.000000000000e+06 1.000000000000e+06 1.000000000000e+06 1.000000000000e+06 1.000000000000e+06 1.000000000000e+06 1.000000000000e+06 1.000000000000e+06 1.000000000000e+06 1.000000000000e+06 1.000000000000e+06 1.000000000000e+06 1.000000000000e+06 1.000000000000e+06 1.000000000000e+06 1.000000000000e+06 1.000000000000e+06 1.000000000000e+06 1.000000000000e+06 1.000000000000e+06 1.000000000000e+06 1.000000000000e+06 1.000000000000e+06 1.000000000000e+06 1.000000000000e+06 1.000000000000e+06 1.000000000000e+06 1.000000000000e+06 1.000000000000e+06 1.000000000000e+06 1.000000000000e+06 1.000000000000e+06 1.000000000000e+06 1.000000000000e+06 1.000000000000e+06 1.000000000000e+06 1.000000000000e+06 1.000000000000e+06 1.000000000000e+06 1.000000000000e+06 1.000000000000e+06 1.000000000000e+06 1.000000000000e+06 1.000000000000e+06 1.000000000000e+06 1.000000000000e+06 1.000000000000e+06 1.000000000000e+06 1.000000000000e+06 1.000000000000e+06 1.000000000000e+06 1.000000000000e+06 1.000000000000e+06 1.000000000000e+06 1.000000000000e+06 1.000000000000e+06 1.000000000000e+06 1.000000000000e+06 1.000000000000e+06 1.000000000000e+06 1.000000000000e+06 1.000000000000e+06 1.000000000000e+06 1.000000000000e+06 1.000000000000e+06 1.000000000000e+06 1.000000000000e+06 1.000000000000e+06 1.000000000000e+06 1.000000000000e+06 1.000000000000e+06 1.000000000000e+06 1.000000000000e+06 1.000000000000e+06 1.000000000000e+06 1.000000000000e+06 1.000000000000e+06 1.000000000000e+06 1.000000000000e+06 1.000000000000e+06 1.000000000000e+06 1.000000000000e+06 1.000000000000e+06 1.000000000000e+06 1.000000000000e+06 1.000000000000e+06 1.000000000000e+06 1.000000000000e+06 1.000000000000e+06 1.000000000000e+06 1.000000000000e+06 1.000000000000e+06 1.000000000000e+06 1.000000000000e+06 1.000000000000e+06 1.000000000000e+06 1.000000000000e+06
1.000000000000e+06 1.000000000000e+06 1.000000000000e+06 1.000000000000e+06 1.000000000000e+06 1.000000000000e+06 1.000000000000e+06 1.000000000000e+06 1.000000000000e+06 1.000000000000e+06 1.000000000000e+06 1.000000000000e+06 1.000000000000e+06 1.000000000000e+06 1.000000000000e+06 1.000000000000e+06 1.000000000000e+06 1.000000000000e+06 1.000000000000e+06 1.000000000000e+06 1.000000000000e+06 1.000000000000e+06 1.000000000000e+06 1.000000000000e+06 1.000000000000e+06 1.000000000000e+06 1.000000000000e+06 1.000000000000e+06 1.000000000000e+06 1.000000000000e+06 1.000000000000e+06 1.000000000000e+06 1.000000000000e+06 1.000000000000e+06 1.000000000000e+06 1.000000000000e+06 1.000000000000e+06 1.000000000000e+06 1.000000000000e+06 1.000000000000e+06 1.000000000000e+06 1.000000000000e+06 1.000000000000e+06 1.000000000000e+06 1.000000000000e+06 1.000000000000e+06 1.000000000000e+06 1.000000000000e+06 1.000000000000e+06 1.000000000000e+06 1.000000000000e+06 1.000000000000e+06 1.000000000000e+06 1.000000000000e+06 1.000000000000e+06 1.000000000000e+06 1.000000000000e+06 1.000000000000e+06 1.000000000000e+06 1.000000000000e+06 1.000000000000e+06 1.000000000000e+06 1.000000000000e+06 1.000000000000e+06 1.000000000000e+06 1.000000000000e+06 1.000000000000e+06 1.000000000000e+06 1.000000000000e+06 1.000000000000e+06 1.000000000000e+06 1.000000000000e+06 1.000000000000e+06 1.000000000000e+06 1.000000000000e+06 1.000000000000e+06 1.000000000000e+06 1.000000000000e+06 1.000000000000e+06 1.000000000000e+06 1.000000000000e+06 1.000000000000e+06 1.000000000000e+06 1.000000000000e+06 1.000000000000e+06 1.000000000000e+06 1.000000000000e+06 1.000000000000e+06 1.000000000000e+06 1.000000000000e+06 1.000000000000e+06 1.000000000000e+06 1.000000000000e+06 1.000000000000e+06 1.000000000000e+06 1.000000000000e+06 1.000000000000e+06 1.000000000000e+06 1.000000000000e+06 1.000000000000e+06 1.000000000000e+06
1.000000000000e+06 1.000000000000e+06 1.000000000000e+06 1.000000000000e+06 1.000000000000e+06 1.000000000000e+06 1.000000000000e+06 1.000000000000e+06 1.000000000000e+06 1.000000000000e+06 1.000000000000e+06 1.000000000000e+06 1.000000000000e+06 1.000000000000e+06 1.000000000000e+06 1.000000000000e+06 1.000000000000e+06 1.000000000000e+06 1.000000000000e+06 1.000000000000e+06 1.000000000000e+06 1.000000000000e+06 1.000000000000e+06 1.000000000000e+06 1.000000000000e+06 1.000000000000e+06 1.000000000000e+06 1.000000000000e+06 1.000000000000e+06 1.000000000000e+06 1.000000000000e+06 1.000000000000e+06 1.000000000000e+06 1.000000000000e+06 1.000000000000e+06 1.000000000000e+06 1.000000000000e+06 1.000000000000e+06 1.000000000000e+06 1.000000000000e+06 1.000000000000e+06 1.000000000000e+06 1.000000000000e+06 1.000000000000e+06 1.000000000000e+06 1.000000000000e+06 1.000000000000e+06 1.000000000000e+06 1.000000000000e+06 1.000000000000e+06 1.000000000000e+06 1.000000000000e+06 1.000000000000e+06 1.000000000000e+06 1.000000000000e+06 1.000000000000e+06 1.000000000000e+06 1.000000000000e+06 1.000000000000e+06 1.000000000000e+06 1.000000000000e+06 1.000000000000e+06 1.000000000000e+06 1.000000000000e+06 1.000000000000e+06 1.000000000000e+06 1.000000000000e+06 1.000000000000e+06 1.000000000000e+06 1.000000000000e+06 1.000000000000e+06 1.000000000000e+06 1.000000000000e+06 1.000000000000e+06 1.000000000000e+06 1.000000000000e+06 1.000000000000e+06 1.000000000000e+06 1.000000000000e+06 1.000000000000e+06 1.000000000000e+06 1.000000000000e+06 1.000000000000e+06 1.000000000000e+06 1.000000000000e+06 1.000000000000e+06 1.000000000000e+06 1.000000000000e+06 1.000000000000e+06 1.000000000000e+06 1.000000000000e+06 1.000000000000e+06 1.000000000000e+06 1.000000000000e+06 1.000000000000e+06 1.000000000000e+06 1.000000000000e+06 1.000000000000e+06 1.000000000000e+06 1.000000000000e+06 1.000000000000e+06
1.000000000000e+06 1.000000000000e+06 1.000000000000e+06 1.000000000000e+06 1.000000000000e+06 1.000000000000e+06 1.000000000000e+06 1.000000000000e+06 1.000000000000e+06 1.000000000000e+06 1.000000000000e+06 1.000000000000e+06 1.000000000000e+06 1.000000000000e+06 1.000000000000e+06 1.000000000000e+06 1.000000000000e+06 1.000000000000e+06 1.000000000000e+06 1.000000000000e+06 1.000000000000e+06 1.000000000000e+06 1.000000000000e+06 1.000000000000e+06 1.000000000000e+06 1.000000000000e+06 1.000000000000e+06 1.000000000000e+06 1.000000000000e+06 1.000000000000e+06 1.000000000000e+06 1.000000000000e+06 1.000000000000e+06 1.000000000000e+06 1.000000000000e+06 1.000000000000e+06 1.000000000000e+06 1.000000000000e+06 1.000000000000e+06 1.000000000000e+06 1.000000000000e+06 1.000000000000e+06 1.000000000000e+06 1.000000000000e+06 1.000000000000e+06 1.000000000000e+06 1.000000000000e+06 1.000000000000e+06 1.000000000000e+06 1.000000000000e+06 1.000000000000e+06 1.000000000000e+06 1.000000000000e+06 1.000000000000e+06 1.000000000000e+06 1.000000000000e+06 1.000000000000e+06 1.000000000000e+06 1.000000000000e+06 1.000000000000e+06 1.000000000000e+06 1.000000000000e+06 1.000000000000e+06 1.000000000000e+06 1.000000000000e+06 1.000000000000e+06 1.000000000000e+06 1.000000000000e+06 1.000000000000e+06 1.000000000000e+06 1.000000000000e+06 1.000000000000e+06 1.000000000000e+06 1.000000000000e+06 1.000000000000e+06 1.000000000000e+06 1.000000000000e+06 1.000000000000e+06 1.000000000000e+06 1.000000000000e+06 1.000000000000e+06 1.000000000000e+06 1.000000000000e+06 1.000000000000e+06 1.000000000000e+06 1.000000000000e+06 1.000000000000e+06 1.000000000000e+06 1.000000000000e+06 1.000000000000e+06 1.000000000000e+06 1.000000000000e+06 1.000000000000e+06 1.000000000000e+06 1.000000000000e+06 1.000000000000e+06 1.000000000000e+06 1.000000000000e+06 1.000000000000e+06 1.000000000000e+06 1.000000000000e+06
1.000000000000e+06 1.000000000000e+06 1.000000000000e+06 1.000000000000e+06 1.000000000000e+06 1.000000000000e+06 1.000000000000e+06 1.000000000000e+06 1.000000000000e+06 1.000000000000e+06 1.000000000000e+06 1.000000000000e+06 1.000000000000e+06 1.000000000000e+06 1.000000000000e+06 1.000000000000e+06 1.000000000000e+06 1.000000000000e+06 1.000000000000e+06 1.000000000000e+06 1.000000000000e+06 1.000000000000e+06 1.000000000000e+06 1.000000000000e+06 1.000000000000e+06 1.000000000000e+06 1.000000000000e+06 1.000000000000e+06 1.000000000000e+06 1.000000000000e+06 1.000000000000e+06 1.000000000000e+06 1.000000000000e+06 1.000000000000e+06 1.000000000000e+06 1.000000000000e+06 1.000000000000e+06 1.000000000000e+06 1.000000000000e+06 1.000000000000e+06 1.000000000000e+06 1.000000000000e+06 1.000000000000e+06 1.000000000000e+06 1.000000000000e+06 1.000000000000e+06 1.000000000000e+06 1.000000000000e+06 1.000000000000e+06 1.000000000000e+06 1.000000000000e+06 1.000000000000e+06 1.000000000000e+06 1.000000000000e+06 1.000000000000e+06 1.000000000000e+06 1.000000000000e+06 1.000000000000e+06 1.000000000000e+06 1.000000000000e+06 1.000000000000e+06 1.000000000000e+06 1.000000000000e+06 1.000000000000e+06 1.000000000000e+06 1.000000000000e+06 1.000000000000e+06 1.000000000000e+06 1.000000000000e+06 1.000000000000e+06 1.000000000000e+06 1.000000000000e+06 1.000000000000e+06 1.000000000000e+06 1.000000000000e+06 1.000000000000e+06 1.000000000000e+06 1.000000000000e+06 1.000000000000e+06 1.000000000000e+06 1.000000000000e+06 1.000000000000e+06 1.000000000000e+06 1.000000000000e+06 1.000000000000e+06 1.000000000000e+06 1.000000000000e+06 1.000000000000e+06 1.000000000000e+06 1.000000000000e+06 1.000000000000e+06 1.000000000000e+06 1.000000000000e+06 1.000000000000e+06 1.000000000000e+06 1.000000000000e+06 1.000000000000e+06 1.000000000000e+06 1.000000000000e+06 1.000000000000e+06 1.000000000000e+06
1.000000000000e+06 1.000000000000e+06 1.000000000000e+06 1.000000000000e+06 1.000000000000e+06 1.000000000000e+06 1.000000000000e+06 1.000000000000e+06 1.000000000000e+06 1.000000000000e+06 1.000000000000e+06 1.000000000000e+06 1.000000000000e+06 1.000000000000e+06 1.000000000000e+06 1.000000000000e+06 1.000000000000e+06 1.000000000000e+06 1.000000000000e+06 1.000000000000e+06 1.000000000000e+06 1.000000000000e+06 1.000000000000e+06 1.000000000000e+06 1.000000000000e+06 1.000000000000e+06 1.000000000000e+06 1.000000000000e+06 1.000000000000e+06 1.000000000000e+06 1.000000000000e+06 1.000000000000e+06 1.000000000000e+06 1.000000000000e+06 1.000000000000e+06 1.000000000000e+06 1.000000000000e+06 1.000000000000e+06 1.000000000000e+06 1.000000000000e+06 1.000000000000e+06 1.000000000000e+06 1.000000000000e+06 1.000000000000e+06 1.000000000000e+06 1.000000000000e+06 1.000000000000e+06 1.000000000000e+06 1.000000000000e+06 1.000000000000e+06 1.000000000000e+06 1.000000000000e+06 1.000000000000e+06 1.000000000000e+06 1.000000000000e+06 1.000000000000e+06 1.000000000000e+06 1.000000000000e+06 1.000000000000e+06 1.000000000000e+06 1.000000000000e+06 1.000000000000e+06 1.000000000000e+06 1.000000000000e+06 1.000000000000e+06 1.000000000000e+06 1.000000000000e+06 1.000000000000e+06 1.000000000000e+06 1.000000000000e+06 1.000000000000e+06 1.000000000000e+06 1.000000000000e+06 1.000000000000e+06 1.000000000000e+06 1.000000000000e+06 1.000000000000e+06 1.000000000000e+06 1.000000000000e+06 1.000000000000e+06 1.000000000000e+06 1.000000000000e+06 1.000000000000e+06 1.000000000000e+06 1.000000000000e+06 1.000000000000e+06 1.000000000000e+06 1.000000000000e+06 1.000000000000e+06 1.000000000000e+06 1.000000000000e+06 1.000000000000e+06 1.000000000000e+06 1.000000000000e+06 1.000000000000e+06 1.000000000000e+06 1.000000000000e+06 1.000000000000e+06 1.000000000000e+06 1.000000000000e+06 1.000000000000e+06
1.000000000000e+06 1.000000000000e+06 1.000000000000e+06 1.000000000000e+06 1.000000000000e+06 1.000000000000e+06 1.000000000000e+06 1.000000000000e+06 1.000000000000e+06 1.000000000000e+06 1.000000000000e+06 1.000000000000e+06 1.000000000000e+06 1.000000000000e+06 1.000000000000e+06 1.000000000000e+06 1.000000000000e+06 1.000000000000e+06 1.000000000000e+06 1.000000000000e+06 1.000000000000e+06 1.000000000000e+06 1.000000000000e+06 1.000000000000e+06 1.000000000000e+06 1.000000000000e+06 1.000000000000e+06 1.000000000000e+06 1.000000000000e+06 1.000000000000e+06 1.000000000000e+06 1.000000000000e+06 1.000000000000e+06 1.000000000000e+06 1.000000000000e+06 1.000000000000e+06 1.000000000000e+06 1.000000000000e+06 1.000000000000e+06 1.000000000000e+06 1.000000000000e+06 1.000000000000e+06 1.000000000000e+06 1.000000000000e+06 1.000000000000e+06 1.000000000000e+06 1.000000000000e+06 1.000000000000e+06 1.000000000000e+06 1.000000000000e+06 1.000000000000e+06 1.000000000000e+06 1.000000000000e+06 1.000000000000e+06 1.000000000000e+06 1.000000000000e+06 1.000000000000e+06 1.000000000000e+06 1.000000000000e+06 1.000000000000e+06 1.000000000000e+06 1.000000000000e+06 1.000000000000e+06 1.000000000000e+06 1.000000000000e+06 1.000000000000e+06 1.000000000000e+06 1.000000000000e+06 1.000000000000e+06 1.000000000000e+06 1.000000000000e+06 1.000000000000e+06 1.000000000000e+06 1.000000000000e+06 1.000000000000e+06 1.000000000000e+06 1.000000000000e+06 1.000000000000e+06 1.000000000000e+06 1.000000000000e+06 1.000000000000e+06 1.000000000000e+06 1.000000000000e+06 1.000000000000e+06 1.000000000000e+06 1.000000000000e+06 1.000000000000e+06 1.000000000000e+06 1.000000000000e+06 1.000000000000e+06 1.000000000000e+06 1.000000000000e+06 1.000000000000e+06 1.000000000000e+06 1.000000000000e+06 1.000000000000e+06 1.000000000000e+06 1.000000000000e+06 1.000000000000e+06 1.000000000000e+06 1.000000000000e+06
1.000000000000e+06 1.000000000000e+06 1.000000000000e+06 1.000000000000e+06 1.000000000000e+06 1.000000000000e+06 1.000000000000e+06 1.000000000000e+06 1.000000000000e+06 1.000000000000e+06 1.000000000000e+06 1.000000000000e+06 1.000000000000e+06 1.000000000000e+06 1.000000000000e+06 1.000000000000e+06 1.000000000000e+06 1.000000000000e+06 1.000000000000e+06 1.000000000000e+06 1.000000000000e+06 1.000000000000e+06 1.000000000000e+06 1.000000000000e+06 1.000000000000e+06 1.000000000000e+06 1.000000000000e+06 1.000000000000e+06 1.000000000000e+06 1.000000000000e+06 1.000000000000e+06 1.000000000000e+06 1.000000000000e+06 1.000000000000e+06 1.000000000000e+06 1.000000000000e+06 1.000000000000e+06 1.000000000000e+06 1.000000000000e+06 1.000000000000e+06 1.000000000000e+06 1.000000000000e+06 1.000000000000e+06 1.000000000000e+06 1.000000000000e+06 1.000000000000e+06 1.000000000000e+06 1.000000000000e+06 1.000000000000e+06 1.000000000000e+06 1.000000000000e+06 1.000000000000e+06 1.000000000000e+06 1.000000000000e+06 1.000000000000e+06 1.000000000000e+06 1.000000000000e+06 1.000000000000e+06 1.000000000000e+06 1.000000000000e+06 1.000000000000e+06 1.000000000000e+06 1.000000000000e+06 1.000000000000e+06 1.000000000000e+06 1.000000000000e+06 1.000000000000e+06 1.000000000000e+06 1.000000000000e+06 1.000000000000e+06 1.000000000000e+06 1.000000000000e+06 1.000000000000e+06 1.000000000000e+06 1.000000000000e+06 1.000000000000e+06 1.000000000000e+06 1.000000000000e+06 1.000000000000e+06 1.000000000000e+06 1.000000000000e+06 1.000000000000e+06 1.000000000000e+06 1.000000000000e+06 1.000000000000e+06 1.000000000000e+06 1.000000000000e+06 1.000000000000e+06 1.000000000000e+06 1.000000000000e+06 1.000000000000e+06 1.000000000000e+06 1.000000000000e+06 1.000000000000e+06 1.000000000000e+06 1.000000000000e+06 1.000000000000e+06 1.000000000000e+06 1.000000000000e+06 1.000000000000e+06 1.000000000000e+06
1.000000000000e+06 1.000000000000e+06 1.000000000000e+06 1.000000000000e+06 1.000000000000e+06 1.000000000000e+06 1.000000000000e+06 1.000000000000e+06 1.000000000000e+06 1.000000000000e+06 1.000000000000e+06 1.000000000000e+06 1.000000000000e+06 1.000000000000e+06 1.000000000000e+06 1.000000000000e+06 1.000000000000e+06 1.000000000000e+06 1.000000000000e+06 1.000000000000e+06 1.000000000000e+06 1.000000000000e+06 1.000000000000e+06 1.000000000000e+06 1.000000000000e+06 1.000000000000e+06 1.000000000000e+06 1.000000000000e+06 1.000000000000e+06 1.000000000000e+06 1.000000000000e+06 1.000000000000e+06 1.000000000000e+06 1.000000000000e+06 1.000000000000e+06 1.000000000000e+06 1.000000000000e+06 1.000000000000e+06 1.000000000000e+06 1.000000000000e+06 1.000000000000e+06 1.000000000000e+06 1.000000000000e+06 1.000000000000e+06 1.000000000000e+06 1.000000000000e+06 1.000000000000e+06 1.000000000000e+06 1.000000000000e+06 1.000000000000e+06 1.000000000000e+06 1.000000000000e+06 1.000000000000e+06 1.000000000000e+06 1.000000000000e+06 1.000000000000e+06 1.000000000000e+06 1.000000000000e+06 1.000000000000e+06 1.000000000000e+06 1.000000000000e+06 1.000000000000e+06 1.000000000000e+06 1.000000000000e+06 1.000000000000e+06 1.000000000000e+06 1.000000000000e+06 1.000000000000e+06 1.000000000000e+06 1.000000000000e+06 1.000000000000e+06 1.000000000000e+06 1.000000000000e+06 1.000000000000e+06 1.000000000000e+06 1.000000000000e+06 1.000000000000e+06 1.000000000000e+06 1.000000000000e+06 1.000000000000e+06 1.000000000000e+06 1.000000000000e+06 1.000000000000e+06 1.000000000000e+06 1.000000000000e+06 1.000000000000e+06 1.000000000000e+06 1.000000000000e+06 1.000000000000e+06 1.000000000000e+06 1.000000000000e+06 1.000000000000e+06 1.000000000000e+06 1.000000000000e+06 1.000000000000e+06 1.000000000000e+06 1.000000000000e+06 1.000000000000e+06 1.000000000000e+06 1.000000000000e+06 1.000000000000e+06
1.000000000000e+06 1.000000000000e+06 1.000000000000e+06 1.000000000000e+06 1.000000000000e+06 1.000000000000e+06 1.000000000000e+06 1.000000000000e+06 1.000000000000e+06 1.000000000000e+06 1.000000000000e+06 1.000000000000e+06 1.000000000000e+06 1.000000000000e+06 1.000000000000e+06 1.000000000000e+06 1.000000000000e+06 1.000000000000e+06 1.000000000000e+06 1.000000000000e+06 1.000000000000e+06 1.000000000000e+06 1.000000000000e+06 1.000000000000e+06 1.000000000000e+06 1.000000000000e+06 1.000000000000e+06 1.000000000000e+06 1.000000000000e+06 1.000000000000e+06 1.000000000000e+06 1.000000000000e+06 1.000000000000e+06 1.000000000000e+06 1.000000000000e+06 1.000000000000e+06 1.000000000000e+06 1.000000000000e+06 1.000000000000e+06 1.000000000000e+06 1.000000000000e+06 1.000000000000e+06 1.000000000000e+06 1.000000000000e+06 1.000000000000e+06 1.000000000000e+06 1.000000000000e+06 1.000000000000e+06 1.000000000000e+06 1.000000000000e+06 1.000000000000e+06 1.000000000000e+06 1.000000000000e+06 1.000000000000e+06 1.000000000000e+06 1.000000000000e+06 1.000000000000e+06 1.000000000000e+06 1.000000000000e+06 1.000000000000e+06 1.000000000000e+06 1.000000000000e+06 1.000000000000e+06 1.000000000000e+06 1.000000000000e+06 1.000000000000e+06 1.000000000000e+06 1.000000000000e+06 1.000000000000e+06 1.000000000000e+06 1.000000000000e+06 1.000000000000e+06 1.000000000000e+06 1.000000000000e+06 1.000000000000e+06 1.000000000000e+06 1.000000000000e+06 1.000000000000e+06 1.000000000000e+06 1.000000000000e+06 1.000000000000e+06 1.000000000000e+06 1.000000000000e+06 1.000000000000e+06 1.000000000000e+06 1.000000000000e+06 1.000000000000e+06 1.000000000000e+06 1.000000000000e+06 1.000000000000e+06 1.000000000000e+06 1.000000000000e+06 1.000000000000e+06 1.000000000000e+06 1.000000000000e+06 1.000000000000e+06 1.000000000000e+06 1.000000000000e+06 1.000000000000e+06 1.000000000000e+06 1.000000000000e+06
1.000000000000e+06 1.000000000000e+06 1.000000000000e+06 1.000000000000e+06 1.000000000000e+06 1.000000000000e+06 1.000000000000e+06 1.000000000000e+06 1.000000000000e+06 1.000000000000e+06 1.000000000000e+06 1.000000000000e+06 1.000000000000e+06 1.000000000000e+06 1.000000000000e+06 1.000000000000e+06 1.000000000000e+06 1.000000000000e+06 1.000000000000e+06 1.000000000000e+06 1.000000000000e+06 1.000000000000e+06 1.000000000000e+06 1.000000000000e+06 1.000000000000e+06 1.000000000000e+06 1.000000000000e+06 1.000000000000e+06 1.000000000000e+06 1.000000000000e+06 1.000000000000e+06 1.000000000000e+06 1.000000000000e+06 1.000000000000e+06 1.000000000000e+06 1.000000000000e+06 1.000000000000e+06 1.000000000000e+06 1.000000000000e+06 1.000000000000e+06 1.000000000000e+06 1.000000000000e+06 1.000000000000e+06 1.000000000000e+06 1.000000000000e+06 1.000000000000e+06 1.000000000000e+06 1.000000000000e+06 1.000000000000e+06 1.000000000000e+06 1.000000000000e+06 1.000000000000e+06 1.000000000000e+06 1.000000000000e+06 1.000000000000e+06 1.000000000000e+06 1.000000000000e+06 1.000000000000e+06 1.000000000000e+06 1.000000000000e+06 1.000000000000e+06 1.000000000000e+06 1.000000000000e+06 1.000000000000e+06 1.000000000000e+06 1.000000000000e+06 1.000000000000e+06 1.000000000000e+06 1.000000000000e+06 1.000000000000e+06 1.000000000000e+06 1.000000000000e+06 1.000000000000e+06 1.000000000000e+06 1.000000000000e+06 1.000000000000e+06 1.000000000000e+06 1.000000000000e+06 1.000000000000e+06 1.000000000000e+06 1.000000000000e+06 1.000000000000e+06 1.000000000000e+06 1.000000000000e+06 1.000000000000e+06 1.000000000000e+06 1.000000000000e+06 1.000000000000e+06 1.000000000000e+06 1.000000000000e+06 1.000000000000e+06 1.000000000000e+06 1.000000000000e+06 1.000000000000e+06 1.000000000000e+06 1.000000000000e+06 1.000000000000e+06 1.000000000000e+06 1.000000000000e+06 1.000000000000e+06 1.000000000000e+06
1.000000000000e+06 1.000000000000e+06 1.000000000000e+06 1.000000000000e+06 1.000000000000e+06 1.000000000000e+06 1.000000000000e+06 1.000000000000e+06 1.000000000000e+06 1.000000000000e+06 1.000000000000e+06 1.000000000000e+06 1.000000000000e+06 1.000000000000e+06 1.000000000000e+06 1.000000000000e+06 1.000000000000e+06 1.000000000000e+06 1.000000000000e+06 1.000000000000e+06 1.000000000000e+06 1.000000000000e+06 1.000000000000e+06 1.000000000000e+06 1.000000000000e+06 1.000000000000e+06 1.000000000000e+06 1.000000000000e+06 1.000000000000e+06 1.000000000000e+06 1.000000000000e+06 1.000000000000e+06 1.000000000000e+06 1.000000000000e+06 1.000000000000e+06 1.000000000000e+06 1.000000000000e+06 1.000000000000e+06 1.000000000000e+06 1.000000000000e+06 1.000000000000e+06 1.000000000000e+06 1.000000000000e+06 1.000000000000e+06 1.000000000000e+06 1.000000000000e+06 1.000000000000e+06 1.000000000000e+06 1.000000000000e+06 1.000000000000e+06 1.000000000000e+06 1.000000000000e+06 1.000000000000e+06 1.000000000000e+06 1.000000000000e+06 1.000000000000e+06 1.000000000000e+06 1.000000000000e+06 1.000000000000e+06 1.000000000000e+06 1.000000000000e+06 1.000000000000e+06 1.000000000000e+06 1.000000000000e+06 1.000000000000e+06 1.000000000000e+06 1.000000000000e+06 1.000000000000e+06 1.000000000000e+06 1.000000000000e+06 1.000000000000e+06 1.000000000000e+06 1.000000000000e+06 1.000000000000e+06 1.000000000000e+06 1.000000000000e+06 1.000000000000e+06 1.000000000000e+06 1.000000000000e+06 1.000000000000e+06 1.000000000000e+06 1.000000000000e+06 1.000000000000e+06 1.000000000000e+06 1.000000000000e+06 1.000000000000e+06 1.000000000000e+06 1.000000000000e+06 1.000000000000e+06 1.000000000000e+06 1.000000000000e+06 1.000000000000e+06 1.000000000000e+06 1.000000000000e+06 1.000000000000e+06 1.000000000000e+06 1.000000000000e+06 1.000000000000e+06 1.000000000000e+06 1.000000000000e+06 1.000000000000e+06
1.000000000000e+06 1.000000000000e+06 1.000000000000e+06 1.000000000000e+06 1.000000000000e+06 1.000000000000e+06 1.000000000000e+06 1.000000000000e+06 1.000000000000e+06 1.000000000000e+06 1.000000000000e+06 1.000000000000e+06 1.000000000000e+06 1.000000000000e+06 1.000000000000e+06 1.000000000000e+06 1.000000000000e+06 1.000000000000e+06 1.000000000000e+06 1.000000000000e+06 1.000000000000e+06 1.000000000000e+06 1.000000000000e+06 1.000000000000e+06 1.000000000000e+06 1.000000000000e+06 1.000000000000e+06 1.000000000000e+06 1.000000000000e+06 1.000000000000e+06 1.000000000000e+06 1.000000000000e+06 1.000000000000e+06 1.000000000000e+06 1.000000000000e+06 1.000000000000e+06 1.000000000000e+06 1.000000000000e+06 1.000000000000e+06 1.000000000000e+06 1.000000000000e+06 1.000000000000e+06 1.000000000000e+06 1.000000000000e+06 1.000000000000e+06 1.000000000000e+06 1.000000000000e+06 1.000000000000e+06 1.000000000000e+06 1.000000000000e+06 1.000000000000e+06 1.000000000000e+06 1.000000000000e+06 1.000000000000e+06 1.000000000000e+06 1.000000000000e+06 1.000000000000e+06 1.000000000000e+06 1.000000000000e+06 1.000000000000e+06 1.000000000000e+06 1.000000000000e+06 1.000000000000e+06 1.000000000000e+06 1.000000000000e+06 1.000000000000e+06 1.000000000000e+06 1.000000000000e+06 1.000000000000e+06 1.000000000000e+06 1.000000000000e+06 1.000000000000e+06 1.000000000000e+06 1.000000000000e+06 1.000000000000e+06 1.000000000000e+06 1.000000000000e+06 1.000000000000e+06 1.000000000000e+06 1.000000000000e+06 1.000000000000e+06 1.000000000000e+06 1.000000000000e+06 1.000000000000e+06 1.000000000000e+06 1.000000000000e+06 1.000000000000e+06 1.000000000000e+06 1.000000000000e+06 1.000000000000e+06 1.000000000000e+06 1.000000000000e+06 1.000000000000e+06 1.000000000000e+06 1.000000000000e+06 1.000000000000e+06 1.000000000000e+06 1.000000000000e+06 1.000000000000e+06 1.000000000000e+06 1.000000000000e+06
1.000000000000e+06 1.000000000000e+06 1.000000000000e+06 1.000000000000e+06 1.000000000000e+06 1.000000000000e+06 1.000000000000e+06 1.000000000000e+06 1.000000000000e+06 1.000000000000e+06 1.000000000000e+06 1.000000000000e+06 1.000000000000e+06 1.000000000000e+06 1.000000000000e+06 1.000000000000e+06 1.000000000000e+06 1.000000000000e+06 1.000000000000e+06 1.000000000000e+06 1.000000000000e+06 1.000000000000e+06 1.000000000000e+06 1.000000000000e+06 1.000000000000e+06 1.000000000000e+06 1.000000000000e+06 1.000000000000e+06 1.000000000000e+06 1.000000000000e+06 1.000000000000e+06 1.000000000000e+06 1.000000000000e+06 1.000000000000e+06 1.000000000000e+06 1.000000000000e+06 1.000000000000e+06 1.000000000000e+06 1.000000000000e+06 1.000000000000e+06 1.000000000000e+06 1.000000000000e+06 1.000000000000e+06 1.000000000000e+06 1.000000000000e+06 1.000000000000e+06 1.000000000000e+06 1.000000000000e+06 1.000000000000e+06 1.000000000000e+06 1.000000000000e+06 1.000000000000e+06 1.000000000000e+06 1.000000000000e+06 1.000000000000e+06 1.000000000000e+06 1.000000000000e+06 1.000000000000e+06 1.000000000000e+06 1.000000000000e+06 1.000000000000e+06 1.000000000000e+06 1.000000000000e+06 1.000000000000e+06 1.000000000000e+06 1.000000000000e+06 1.000000000000e+06 1.000000000000e+06 1.000000000000e+06 1.000000000000e+06 1.000000000000e+06 1.000000000000e+06 1.000000000000e+06 1.000000000000e+06 1.000000000000e+06 1.000000000000e+06 1.000000000000e+06 1.000000000000e+06 1.000000000000e+06 1.000000000000e+06 1.000000000000e+06 1.000000000000e+06 1.000000000000e+06 1.000000000000e+06 1.000000000000e+06 1.000000000000e+06 1.000000000000e+06 1.000000000000e+06 1.000000000000e+06 1.000000000000e+06 1.000000000000e+06 1.000000000000e+06 1.000000000000e+06 1.000000000000e+06 1.000000000000e+06 1.000000000000e+06 1.000000000000e+06 1.000000000000e+06 1.000000000000e+06 1.000000000000e+06 1.000000000000e+06
1.000000000000e+06 1.000000000000e+06 1.000000000000e+06 1.000000000000e+06 1.000000000000e+06 1.000000000000e+06 1.000000000000e+06 1.000000000000e+06 1.000000000000e+06 1.000000000000e+06 1.000000000000e+06 1.000000000000e+06 1.000000000000e+06 1.000000000000e+06 1.000000000000e+06 1.000000000000e+06 1.000000000000e+06 1.000000000000e+06 1.000000000000e+06 1.000000000000e+06 1.000000000000e+06 1.000000000000e+06 1.000000000000e+06 1.000000000000e+06 1.000000000000e+06 1.000000000000e+06 1.000000000000e+06 1.000000000000e+06 1.000000000000e+06 1.000000000000e+06 1.000000000000e+06 1.000000000000e+06 1.000000000000e+06 1.000000000000e+06 1.000000000000e+06 1.000000000000e+06 1.000000000000e+06 1.000000000000e+06 1.000000000000e+06 1.000000000000e+06 1.000000000000e+06 1.000000000000e+06 1.000000000000e+06 1.000000000000e+06 1.000000000000e+06 1.000000000000e+06 1.000000000000e+06 1.000000000000e+06 1.000000000000e+06 1.000000000000e+06 1.000000000000e+06 1.000000000000e+06 1.000000000000e+06 1.000000000000e+06 1.000000000000e+06 1.000000000000e+06 1.000000000000e+06 1.000000000000e+06 1.000000000000e+06 1.000000000000e+06 1.000000000000e+06 1.000000000000e+06 1.000000000000e+06 1.000000000000e+06 1.000000000000e+06 1.000000000000e+06 1.000000000000e+06 1.000000000000e+06 1.000000000000e+06 1.000000000000e+06 1.000000000000e+06 1.000000000000e+06 1.000000000000e+06 1.000000000000e+06 1.000000000000e+06 1.000000000000e+06 1.000000000000e+06 1.000000000000e+06 1.000000000000e+06 1.000000000000e+06 1.000000000000e+06 1.000000000000e+06 1.000000000000e+06 1.000000000000e+06 1.000000000000e+06 1.000000000000e+06 1.000000000000e+06 1.000000000000e+06 1.000000000000e+06 1.000000000000e+06 1.000000000000e+06 1.000000000000e+06 1.000000000000e+06 1.000000000000e+06 1.000000000000e+06 1.000000000000e+06 1.000000000000e+06 1.000000000000e+06 1.000000000000e+06 1.000000000000e+06 1.000000000000e+06
1.000000000000e+06 1.000000000000e+06 1.000000000000e+06 1.000000000000e+06 1.000000000000e+06 1.000000000000e+06 1.000000000000e+06 1.000000000000e+06 1.000000000000e+06 1.000000000000e+06 1.000000000000e+06 1.000000000000e+06 1.000000000000e+06 1.000000000000e+06 1.000000000000e+06 1.000000000000e+06 1.000000000000e+06 1.000000000000e+06 1.000000000000e+06 1.000000000000e+06 1.000000000000e+06 1.000000000000e+06 1.000000000000e+06 1.000000000000e+06 1.000000000000e+06 1.000000000000e+06 1.000000000000e+06 1.000000000000e+06 1.000000000000e+06 1.000000000000e+06 1.000000000000e+06 1.000000000000e+06 1.000000000000e+06 1.000000000000e+06 1.000000000000e+06 1.000000000000e+06 1.000000000000e+06 1.000000000000e+06 1.000000000000e+06 1.000000000000e+06 1.000000000000e+06 1.000000000000e+06 1.000000000000e+06 1.000000000000e+06 1.000000000000e+06 1.000000000000e+06 1.000000000000e+06 1.000000000000e+06 1.000000000000e+06 1.000000000000e+06 1.000000000000e+06 1.000000000000e+06 1.000000000000e+06 1.000000000000e+06 1.000000000000e+06 1.000000000000e+06 1.000000000000e+06 1.000000000000e+06 1.000000000000e+06 1.000000000000e+06 1.000000000000e+06 1.000000000000e+06 1.000000000000e+06 1.000000000000e+06 1.000000000000e+06 1.000000000000e+06 1.000000000000e+06 1.000000000000e+06 1.000000000000e+06 1.000000000000e+06 1.000000000000e+06 1.000000000000e+06 1.000000000000e+06 1.000000000000e+06 1.000000000000e+06 1.000000000000e+06 1.000000000000e+06 1.000000000000e+06 1.000000000000e+06 1.000000000000e+06 1.000000000000e+06 1.000000000000e+06 1.000000000000e+06 1.000000000000e+06 1.000000000000e+06 1.000000000000e+06 1.000000000000e+06 1.000000000000e+06 1.000000000000e+06 1.000000000000e+06 1.000000000000e+06 1.000000000000e+06 1.000000000000e+06 1.000000000000e+06 1.000000000000e+06 1.000000000000e+06 1.000000000000e+06 1.000000000000e+06 1.000000000000e+06 1.000000000000e+06 1.000000000000e+06
1.000000000000e+06 1.000000000000e+06 1.000000000000e+06 1.000000000000e+06 1.000000000000e+06 1.000000000000e+06 1.000000000000e+06 1.000000000000e+06 1.000000000000e+06 1.000000000000e+06 1.000000000000e+06 1.000000000000e+06 1.000000000000e+06 1.000000000000e+06 1.000000000000e+06 1.000000000000e+06 1.000000000000e+06 1.000000000000e+06 1.000000000000e+06 1.000000000000e+06 1.000000000000e+06 1.000000000000e+06 1.000000000000e+06 1.000000000000e+06 1.000000000000e+06 1.000000000000e+06 1.000000000000e+06 1.000000000000e+06 1.000000000000e+06 1.000000000000e+06 1.000000000000e+06 1.000000000000e+06 1.000000000000e+06 1.000000000000e+06 1.000000000000e+06 1.000000000000e+06 1.000000000000e+06 1.000000000000e+06 1.000000000000e+06 1.000000000000e+06 1.000000000000e+06 1.000000000000e+06 1.000000000000e+06 1.000000000000e+06 1.000000000000e+06 1.000000000000e+06 1.000000000000e+06 1.000000000000e+06 1.000000000000e+06 1.000000000000e+06 1.000000000000e+06 1.000000000000e+06 1.000000000000e+06 1.000000000000e+06 1.000000000000e+06 1.000000000000e+06 1.000000000000e+06 1.000000000000e+06 1.000000000000e+06 1.000000000000e+06 1.000000000000e+06 1.000000000000e+06 1.000000000000e+06 1.000000000000e+06 1.000000000000e+06 1.000000000000e+06 1.000000000000e+06 1.000000000000e+06 1.000000000000e+06 1.000000000000e+06 1.000000000000e+06 1.000000000000e+06 1.000000000000e+06 1.000000000000e+06 1.000000000000e+06 1.000000000000e+06 1.000000000000e+06 1.000000000000e+06 1.000000000000e+06 1.000000000000e+06 1.000000000000e+06 1.000000000000e+06 1.000000000000e+06 1.000000000000e+06 1.000000000000e+06 1.000000000000e+06 1.000000000000e+06 1.000000000000e+06 1.000000000000e+06 1.000000000000e+06 1.000000000000e+06 1.000000000000e+06 1.000000000000e+06 1.000000000000e+06 1.000000000000e+06 1.000000000000e+06 1.000000000000e+06 1.000000000000e+06 1.000000000000e+06 1.000000000000e+06 1.000000000000e+06
1.000000000000e+06 1.000000000000e+06 1.000000000000e+06 1.000000000000e+06 1.000000000000e+06 1.000000000000e+06 1.000000000000e+06 1.000000000000e+06 1.000000000000e+06 1.000000000000e+06 1.000000000000e+06 1.000000000000e+06 1.000000000000e+06 1.000000000000e+06 1.000000000000e+06 1.000000000000e+06 1.000000000000e+06 1.000000000000e+06 1.000000000000e+06 1.000000000000e+06 1.000000000000e+06 1.000000000000e+06 1.000000000000e+06 1.000000000000e+06 1.000000000000e+06 1.000000000000e+06 1.000000000000e+06 1.000000000000e+06 1.000000000000e+06 1.000000000000e+06 1.000000000000e+06 1.000000000000e+06 1.000000000000e+06 1.000000000000e+06 1.000000000000e+06 1.000000000000e+06 1.000000000000e+06 1.000000000000e+06 1.000000000000e+06 1.000000000000e+06 1.000000000000e+06 1.000000000000e+06 1.000000000000e+06 1.000000000000e+06 1.000000000000e+06 1.000000000000e+06 1.000000000000e+06 1.000000000000e+06 1.000000000000e+06 1.000000000000e+06 1.000000000000e+06 1.000000000000e+06 1.000000000000e+06 1.000000000000e+06 1.000000000000e+06 1.000000000000e+06 1.000000000000e+06 1.000000000000e+06 1.000000000000e+06 1.000000000000e+06 1.000000000000e+06 1.000000000000e+06 1.000000000000e+06 1.000000000000e+06 1.000000000000e+06 1.000000000000e+06 1.000000000000e+06 1.000000000000e+06 1.000000000000e+06 1.000000000000e+06 1.000000000000e+06 1.000000000000e+06 1.000000000000e+06 1.000000000000e+06 1.000000000000e+06 1.000000000000e+06 1.000000000000e+06 1.000000000000e+06 1.000000000000e+06 1.000000000000e+06 1.000000000000e+06 1.000000000000e+06 1.000000000000e+06 1.000000000000e+06 1.000000000000e+06 1.000000000000e+06 1.000000000000e+06 1.000000000000e+06 1.000000000000e+06 1.000000000000e+06 1.000000000000e+06 1.000000000000e+06 1.000000000000e+06 1.000000000000e+06 1.000000000000e+06 1.000000000000e+06 1.000000000000e+06 1.000000000000e+06 1.000000000000e+06 1.000000000000e+06 1.000000000000e+06
1.000000000000e+06 1.000000000000e+06 1.000000000000e+06 1.000000000000e+06 1.000000000000e+06 1.000000000000e+06 1.000000000000e+06 1.000000000000e+06 1.000000000000e+06 1.000000000000e+06 1.000000000000e+06 1.000000000000e+06 1.000000000000e+06 1.000000000000e+06 1.000000000000e+06 1.000000000000e+06 1.000000000000e+06 1.000000000000e+06 1.000000000000e+06 1.000000000000e+06 1.000000000000e+06 1.000000000000e+06 1.000000000000e+06 1.000000000000e+06 1.000000000000e+06 1.000000000000e+06 1.000000000000e+06 1.000000000000e+06 1.000000000000e+06 1.000000000000e+06 1.000000000000e+06 1.000000000000e+06 1.000000000000e+06 1.000000000000e+06 1.000000000000e+06 1.000000000000e+06 1.000000000000e+06 1.000000000000e+06 1.000000000000e+06 1.000000000000e+06 1.000000000000e+06 1.000000000000e+06 1.000000000000e+06 1.000000000000e+06 1.000000000000e+06 1.000000000000e+06 1.000000000000e+06 1.000000000000e+06 1.000000000000e+06 1.000000000000e+06 1.000000000000e+06 1.000000000000e+06 1.000000000000e+06 1.000000000000e+06 1.000000000000e+06 1.000000000000e+06 1.000000000000e+06 1.000000000000e+06 1.000000000000e+06 1.000000000000e+06 1.000000000000e+06 1.000000000000e+06 1.000000000000e+06 1.000000000000e+06 1.000000000000e+06 1.000000000000e+06 1.000000000000e+06 1.000000000000e+06 1.000000000000e+06 1.000000000000e+06 1.000000000000e+06 1.000000000000e+06 1.000000000000e+06 1.000000000000e+06 1.000000000000e+06 1.000000000000e+06 1.000000000000e+06 1.000000000000e+06 1.000000000000e+06 1.000000000000e+06 1.000000000000e+06 1.000000000000e+06 1.000000000000e+06 1.000000000000e+06 1.000000000000e+06 1.000000000000e+06 1.000000000000e+06 1.000000000000e+06 1.000000000000e+06 1.000000000000e+06 1.000000000000e+06 1.000000000000e+06 1.000000000000e+06 1.000000000000e+06 1.000000000000e+06 1.000000000000e+06 1.000000000000e+06 1.000000000000e+06 1.000000000000e+06 1.000000000000e+06 1.000000000000e+06
1.000000000000e+06 1.000000000000e+06 1.000000000000e+06 1.000000000000e+06 1.000000000000e+06 1.000000000000e+06 1.000000000000e+06 1.000000000000e+06 1.000000000000e+06 1.000000000000e+06 1.000000000000e+06 1.000000000000e+06 1.000000000000e+06 1.000000000000e+06 1.000000000000e+06 1.000000000000e+06 1.000000000000e+06 1.000000000000e+06 1.000000000000e+06 1.000000000000e+06 1.000000000000e+06 1.000000000000e+06 1.000000000000e+06 1.000000000000e+06 1.000000000000e+06 1.000000000000e+06 1.000000000000e+06 1.000000000000e+06 1.000000000000e+06 1.000000000000e+06 1.000000000000e+06 1.000000000000e+06 1.000000000000e+06 1.000000000000e+06 1.000000000000e+06 1.000000000000e+06 1.000000000000e+06 1.000000000000e+06 1.000000000000e+06 1.000000000000e+06 1.000000000000e+06 1.000000000000e+06 1.000000000000e+06 1.000000000000e+06 1.000000000000e+06 1.000000000000e+06 1.000000000000e+06 1.000000000000e+06 1.000000000000e+06 1.000000000000e+06 1.000000000000e+06 1.000000000000e+06 1.000000000000e+06 1.000000000000e+06 1.000000000000e+06 1.000000000000e+06 1.000000000000e+06 1.000000000000e+06 1.000000000000e+06 1.000000000000e+06 1.000000000000e+06 1.000000000000e+06 1.000000000000e+06 1.000000000000e+06 1.000000000000e+06 1.000000000000e+06 1.000000000000e+06 1.000000000000e+06 1.000000000000e+06 1.000000000000e+06 1.000000000000e+06 1.000000000000e+06 1.000000000000e+06 1.000000000000e+06 1.000000000000e+06 1.000000000000e+06 1.000000000000e+06 1.000000000000e+06 1.000000000000e+06 1.000000000000e+06 1.000000000000e+06 1.000000000000e+06 1.000000000000e+06 1.000000000000e+06 1.000000000000e+06 1.000000000000e+06 1.000000000000e+06 1.000000000000e+06 1.000000000000e+06 1.000000000000e+06 1.000000000000e+06 1.000000000000e+06 1.000000000000e+06 1.000000000000e+06 1.000000000000e+06 1.000000000000e+06 1.000000000000e+06 1.000000000000e+06 1.000000000000e+06 1.000000000000e+06 1.000000000000e+06
1.000000000000e+06 1.000000000000e+06 1.000000000000e+06 1.000000000000e+06 1.000000000000e+06 1.000000000000e+06 1.000000000000e+06 1.000000000000e+06 1.000000000000e+06 1.000000000000e+06 1.000000000000e+06 1.000000000000e+06 1.000000000000e+06 1.000000000000e+06 1.000000000000e+06 1.000000000000e+06 1.000000000000e+06 1.000000000000e+06 1.000000000000e+06 1.000000000000e+06 1.000000000000e+06 1.000000000000e+06 1.000000000000e+06 1.000000000000e+06 1.000000000000e+06 1.000000000000e+06 1.000000000000e+06 1.000000000000e+06 1.000000000000e+06 1.000000000000e+06 1.000000000000e+06 1.000000000000e+06 1.000000000000e+06 1.000000000000e+06 1.000000000000e+06 1.000000000000e+06 1.000000000000e+06 1.000000000000e+06 1.000000000000e+06 1.000000000000e+06 1.000000000000e+06 1.000000000000e+06 1.000000000000e+06 1.000000000000e+06 1.000000000000e+06 1.000000000000e+06 1.000000000000e+06 1.000000000000e+06 1.000000000000e+06 1.000000000000e+06 1.000000000000e+06 1.000000000000e+06 1.000000000000e+06 1.000000000000e+06 1.000000000000e+06 1.000000000000e+06 1.000000000000e+06 1.000000000000e+06 1.000000000000e+06 1.000000000000e+06 1.000000000000e+06 1.000000000000e+06 1.000000000000e+06 1.000000000000e+06 1.000000000000e+06 1.000000000000e+06 1.000000000000e+06 1.000000000000e+06 1.000000000000e+06 1.000000000000e+06 1.000000000000e+06 1.000000000000e+06 1.000000000000e+06 1.000000000000e+06 1.000000000000e+06 1.000000000000e+06 1.000000000000e+06 1.000000000000e+06 1.000000000000e+06 1.000000000000e+06 1.000000000000e+06 1.000000000000e+06 1.000000000000e+06 1.000000000000e+06 1.000000000000e+06 1.000000000000e+06 1.000000000000e+06 1.000000000000e+06 1.000000000000e+06 1.000000000000e+06 1.000000000000e+06 1.000000000000e+06 1.000000000000e+06 1.000000000000e+06 1.000000000000e+06 1.000000000000e+06 1.000000000000e+06 1.000000000000e+06 1.000000000000e+06 1.000000000000e+06 1.000000000000e+06
1.000000000000e+06 1.000000000000e+06 1.000000000000e+06 1.000000000000e+06 1.000000000000e+06 1.000000000000e+06 1.000000000000e+06 1.000000000000e+06 1.000000000000e+06 1.000000000000e+06 1.000000000000e+06 1.000000000000e+06 1.000000000000e+06 1.000000000000e+06 1.000000000000e+06 1.000000000000e+06 1.000000000000e+06 1.000000000000e+06 1.000000000000e+06 1.000000000000e+06 1.000000000000e+06 1.000000000000e+06 1.000000000000e+06 1.000000000000e+06 1.000000000000e+06 1.000000000000e+06 1.000000000000e+06 1.000000000000e+06 1.000000000000e+06 1.000000000000e+06 1.000000000000e+06 1.000000000000e+06 1.000000000000e+06 1.000000000000e+06 1.000000000000e+06 1.000000000000e+06 1.000000000000e+06 1.000000000000e+06 1.000000000000e+06 1.000000000000e+06 1.000000000000e+06 1.000000000000e+06 1.000000000000e+06 1.000000000000e+06 1.000000000000e+06 1.000000000000e+06 1.000000000000e+06 1.000000000000e+06 1.000000000000e+06 1.000000000000e+06 1.000000000000e+06 1.000000000000e+06 1.000000000000e+06 1.000000000000e+06 1.000000000000e+06 1.000000000000e+06 1.000000000000e+06 1.000000000000e+06 1.000000000000e+06 1.000000000000e+06 1.000000000000e+06 1.000000000000e+06 1.000000000000e+06 1.000000000000e+06 1.000000000000e+06 1.000000000000e+06 1.000000000000e+06 1.000000000000e+06 1.000000000000e+06 1.000000000000e+06 1.000000000000e+06 1.000000000000e+06 1.000000000000e+06 1.000000000000e+06 1.000000000000e+06 1.000000000000e+06 1.000000000000e+06 1.000000000000e+06 1.000000000000e+06 1.000000000000e+06 1.000000000000e+06 1.000000000000e+06 1.000000000000e+06 1.000000000000e+06 1.000000000000e+06 1.000000000000e+06 1.000000000000e+06 1.000000000000e+06 1.000000000000e+06 1.000000000000e+06 1.000000000000e+06 1.000000000000e+06 1.000000000000e+06 1.000000000000e+06 1.000000000000e+06 1.000000000000e+06 1.000000000000e+06 1.000000000000e+06 1.000000000000e+06 1.000000000000e+06 1.000000000000e+06
1.000000000000e+06 1.000000000000e+06 1.000000000000e+06 1.000000000000e+06 1.000000000000e+06 1.000000000000e+06 1.000000000000e+06 1.000000000000e+06 1.000000000000e+06 1.000000000000e+06 1.000000000000e+06 1.000000000000e+06 1.000000000000e+06 1.000000000000e+06 1.000000000000e+06 1.000000000000e+06 1.000000000000e+06 1.000000000000e+06 1.000000000000e+06 1.000000000000e+06 1.000000000000e+06 1.000000000000e+06 1.000000000000e+06 1.000000000000e+06 1.000000000000e+06 1.000000000000e+06 1.000000000000e+06 1.000000000000e+06 1.000000000000e+06 1.000000000000e+06 1.000000000000e+06 1.000000000000e+06 1.000000000000e+06 1.000000000000e+06 1.000000000000e+06 1.000000000000e+06 1.000000000000e+06 1.000000000000e+06 1.000000000000e+06 1.000000000000e+06 1.000000000000e+06 1.000000000000e+06 1.000000000000e+06 1.000000000000e+06 1.000000000000e+06 1.000000000000e+06 1.000000000000e+06 1.000000000000e+06 1.000000000000e+06 1.000000000000e+06 1.000000000000e+06 1.000000000000e+06 1.000000000000e+06 1.000000000000e+06 1.000000000000e+06 1.000000000000e+06 1.000000000000e+06 1.000000000000e+06 1.000000000000e+06 1.000000000000e+06 1.000000000000e+06 1.000000000000e+06 1.000000000000e+06 1.000000000000e+06 1.000000000000e+06 1.000000000000e+06 1.000000000000e+06 1.000000000000e+06 1.000000000000e+06 1.000000000000e+06 1.000000000000e+06 1.000000000000e+06 1.000000000000e+06 1.000000000000e+06 1.000000000000e+06 1.000000000000e+06 1.000000000000e+06 1.000000000000e+06 1.000000000000e+06 1.000000000000e+06 1.000000000000e+06 1.000000000000e+06 1.000000000000e+06 1.000000000000e+06 1.000000000000e+06 1.000000000000e+06 1.000000000000e+06 1.000000000000e+06 1.000000000000e+06 1.000000000000e+06 1.000000000000e+06 1.000000000000e+06 1.000000000000e+06 1.000000000000e+06 1.000000000000e+06 1.000000000000e+06 1.000000000000e+06 1.000000000000e+06 1.000000000000e+06 1.000000000000e+06 1.000000000000e+06
1.000000000000e+06 1.000000000000e+06 1.000000000000e+06 1.000000000000e+06 1.000000000000e+06 1.000000000000e+06 1.000000000000e+06 1.000000000000e+06 1.000000000000e+06 1.000000000000e+06 1.000000000000e+06 1.000000000000e+06 1.000000000000e+06 1.000000000000e+06 1.000000000000e+06 1.000000000000e+06 1.000000000000e+06 1.000000000000e+06 1.000000000000e+06 1.000000000000e+06 1.000000000000e+06 1.000000000000e+06 1.000000000000e+06 1.000000000000e+06 1.000000000000e+06 1.000000000000e+06 1.000000000000e+06 1.000000000000e+06 1.000000000000e+06 1.000000000000e+06 1.000000000000e+06 1.000000000000e+06 1.000000000000e+06 1.000000000000e+06 1.000000000000e+06 1.000000000000e+06 1.000000000000e+06 1.000000000000e+06 1.000000000000e+06 1.000000000000e+06 1.000000000000e+06 1.000000000000e+06 1.000000000000e+06 1.000000000000e+06 1.000000000000e+06 1.000000000000e+06 1.000000000000e+06 1.000000000000e+06 1.000000000000e+06 1.000000000000e+06 1.000000000000e+06 1.000000000000e+06 1.000000000000e+06 1.000000000000e+06 1.000000000000e+06 1.000000000000e+06 1.000000000000e+06 1.000000000000e+06 1.000000000000e+06 1.000000000000e+06 1.000000000000e+06 1.000000000000e+06 1.000000000000e+06 1.000000000000e+06 1.000000000000e+06 1.000000000000e+06 1.000000000000e+06 1.000000000000e+06 1.000000000000e+06 1.000000000000e+06 1.000000000000e+06 1.000000000000e+06 1.000000000000e+06 1.000000000000e+06 1.000000000000e+06 1.000000000000e+06 1.000000000000e+06 1.000000000000e+06 1.000000000000e+06 1.000000000000e+06 1.000000000000e+06 1.000000000000e+06 1.000000000000e+06 1.000000000000e+06 1.000000000000e+06 1.000000000000e+06 1.000000000000e+06 1.000000000000e+06 1.000000000000e+06 1.000000000000e+06 1.000000000000e+06 1.000000000000e+06 1.000000000000e+06 1.000000000000e+06 1.000000000000e+06 1.000000000000e+06 1.000000000000e+06 1.000000000000e+06 1.000000000000e+06 1.000000000000e+06 1.000000000000e+06
1.000000000000e+06 1.000000000000e+06 1.000000000000e+06 1.000000000000e+06 1.000000000000e+06 1.000000000000e+06 1.000000000000e+06 1.000000000000e+06 1.000000000000e+06 1.000000000000e+06 1.000000000000e+06 1.000000000000e+06 1.000000000000e+06 1.000000000000e+06 1.000000000000e+06 1.000000000000e+06 1.000000000000e+06 1.000000000000e+06 1.000000000000e+06 1.000000000000e+06 1.000000000000e+06 1.000000000000e+06 1.000000000000e+06 1.000000000000e+06 1.000000000000e+06 1.000000000000e+06 1.000000000000e+06 1.000000000000e+06 1.000000000000e+06 1.000000000000e+06 1.000000000000e+06 1.000000000000e+06 1.000000000000e+06 1.000000000000e+06 1.000000000000e+06 1.000000000000e+06 1.000000000000e+06 1.000000000000e+06 1.000000000000e+06 1.000000000000e+06 1.000000000000e+06 1.000000000000e+06 1.000000000000e+06 1.000000000000e+06 1.000000000000e+06 1.000000000000e+06 1.000000000000e+06 1.000000000000e+06 1.000000000000e+06 1.000000000000e+06 1.000000000000e+06 1.000000000000e+06 1.000000000000e+06 1.000000000000e+06 1.000000000000e+06 1.000000000000e+06 1.000000000000e+06 1.000000000000e+06 1.000000000000e+06 1.000000000000e+06 1.000000000000e+06 1.000000000000e+06 1.000000000000e+06 1.000000000000e+06 1.000000000000e+06 1.000000000000e+06 1.000000000000e+06 1.000000000000e+06 1.000000000000e+06 1.000000000000e+06 1.000000000000e+06 1.000000000000e+06 1.000000000000e+06 1.000000000000e+06 1.000000000000e+06 1.000000000000e+06 1.000000000000e+06 1.000000000000e+06 1.000000000000e+06 1.000000000000e+06 1.000000000000e+06 1.000000000000e+06 1.000000000000e+06 1.000000000000e+06 1.000000000000e+06 1.000000000000e+06 1.000000000000e+06 1.000000000000e+06 1.000000000000e+06 1.000000000000e+06 1.000000000000e+06 1.000000000000e+06 1.000000000000e+06 1.000000000000e+06 1.000000000000e+06 1.000000000000e+06 1.000000000000e+06 1.000000000000e+06 1.000000000000e+06 1.000000000000e+06 1.000000000000e+06
1.000000000000e+06 1.000000000000e+06 1.000000000000e+06 1.000000000000e+06 1.000000000000e+06 1.000000000000e+06 1.000000000000e+06 1.000000000000e+06 1.000000000000e+06 1.000000000000e+06 1.000000000000e+06 1.000000000000e+06 1.000000000000e+06 1.000000000000e+06 1.000000000000e+06 1.000000000000e+06 1.000000000000e+06 1.000000000000e+06 1.000000000000e+06 1.000000000000e+06 1.000000000000e+06 1.000000000000e+06 1.000000000000e+06 1.000000000000e+06 1.000000000000e+06 1.000000000000e+06 1.000000000000e+06 1.000000000000e+06 1.000000000000e+06 1.000000000000e+06 1.000000000000e+06 1.000000000000e+06 1.000000000000e+06 1.000000000000e+06 1.000000000000e+06 1.000000000000e+06 1.000000000000e+06 1.000000000000e+06 1.000000000000e+06 1.000000000000e+06 1.000000000000e+06 1.000000000000e+06 1.000000000000e+06 1.000000000000e+06 1.000000000000e+06 1.000000000000e+06 1.000000000000e+06 1.000000000000e+06 1.000000000000e+06 1.000000000000e+06 1.000000000000e+06 1.000000000000e+06 1.000000000000e+06 1.000000000000e+06 1.000000000000e+06 1.000000000000e+06 1.000000000000e+06 1.000000000000e+06 1.000000000000e+06 1.000000000000e+06 1.000000000000e+06 1.000000000000e+06 1.000000000000e+06 1.000000000000e+06 1.000000000000e+06 1.000000000000e+06 1.000000000000e+06 1.000000000000e+06 1.000000000000e+06 1.000000000000e+06 1.000000000000e+06 1.000000000000e+06 1.000000000000e+06 1.000000000000e+06 1.000000000000e+06 1.000000000000e+06 1.000000000000e+06 1.000000000000e+06 1.000000000000e+06 1.000000000000e+06 1.000000000000e+06 1.000000000000e+06 1.000000000000e+06 1.000000000000e+06 1.000000000000e+06 1.000000000000e+06 1.000000000000e+06 1.000000000000e+06 1.000000000000e+06 1.000000000000e+06 1.000000000000e+06 1.000000000000e+06 1.000000000000e+06 1.000000000000e+06 1.000000000000e+06 1.000000000000e+06 1.000000000000e+06 1.000000000000e+06 1.000000000000e+06 1.000000000000e+06 1.000000000000e+06
1.000000000000e+06 1.000000000000e+06 1.000000000000e+06 1.000000000000e+06 1.000000000000e+06 1.000000000000e+06 1.000000000000e+06 1.000000000000e+06 1.000000000000e+06 1.000000000000e+06 1.000000000000e+06 1.000000000000e+06 1.000000000000e+06 1.000000000000e+06 1.000000000000e+06 1.000000000000e+06 1.000000000000e+06 1.000000000000e+06 1.000000000000e+06 1.000000000000e+06 1.000000000000e+06 1.000000000000e+06 1.000000000000e+06 1.000000000000e+06 1.000000000000e+06 1.000000000000e+06 1.000000000000e+06 1.000000000000e+06 1.000000000000e+06 1.000000000000e+06 1.000000000000e+06 1.000000000000e+06 1.000000000000e+06 1.000000000000e+06 1.000000000000e+06 1.000000000000e+06 1.000000000000e+06 1.000000000000e+06 1.000000000000e+06 1.000000000000e+06 1.000000000000e+06 1.000000000000e+06 1.000000000000e+06 1.000000000000e+06 1.000000000000e+06 1.000000000000e+06 1.000000000000e+06 1.000000000000e+06 1.000000000000e+06 1.000000000000e+06 1.000000000000e+06 1.000000000000e+06 1.000000000000e+06 1.000000000000e+06 1.000000000000e+06 1.000000000000e+06 1.000000000000e+06 1.000000000000e+06 1.000000000000e+06 1.000000000000e+06 1.000000000000e+06 1.000000000000e+06 1.000000000000e+06 1.000000000000e+06 1.000000000000e+06 1.000000000000e+06 1.000000000000e+06 1.000000000000e+06 1.000000000000e+06 1.000000000000e+06 1.000000000000e+06 1.000000000000e+06 1.000000000000e+06 1.000000000000e+06 1.000000000000e+06 1.000000000000e+06 1.000000000000e+06 1.000000000000e+06 1.000000000000e+06 1.000000000000e+06 1.000000000000e+06 1.000000000000e+06 1.000000000000e+06 1.000000000000e+06 1.000000000000e+06 1.000000000000e+06 1.000000000000e+06 1.000000000000e+06 1.000000000000e+06 1.000000000000e+06 1.000000000000e+06 1.000000000000e+06 1.000000000000e+06 1.000000000000e+06 1.000000000000e+06 1.000000000000e+06 1.000000000000e+06 1.000000000000e+06 1.000000000000e+06 1.000000000000e+06 1.000000000000e+06
1.000000000000e+06 1.000000000000e+06 1.000000000000e+06 1.000000000000e+06 1.000000000000e+06 1.000000000000e+06 1.000000000000e+06 1.000000000000e+06 1.000000000000e+06 1.000000000000e+06 1.000000000000e+06 1.000000000000e+06 1.000000000000e+06 1.000000000000e+06 1.000000000000e+06 1.000000000000e+06 1.000000000000e+06 1.000000000000e+06 1.000000000000e+06 1.000000000000e+06 1.000000000000e+06 1.000000000000e+06 1.000000000000e+06 1.000000000000e+06 1.000000000000e+06 1.000000000000e+06 1.000000000000e+06 1.000000000000e+06 1.000000000000e+06 1.000000000000e+06 1.000000000000e+06 1.000000000000e+06 1.000000000000e+06 1.000000000000e+06 1.000000000000e+06 1.000000000000e+06 1.000000000000e+06 1.000000000000e+06 1.000000000000e+06 1.000000000000e+06 1.000000000000e+06 1.000000000000e+06 1.000000000000e+06 1.000000000000e+06 1.000000000000e+06 1.000000000000e+06 1.000000000000e+06 1.000000000000e+06 1.000000000000e+06 1.000000000000e+06 1.000000000000e+06 1.000000000000e+06 1.000000000000e+06 1.000000000000e+06 1.000000000000e+06 1.000000000000e+06 1.000000000000e+06 1.000000000000e+06 1.000000000000e+06 1.000000000000e+06 1.000000000000e+06 1.000000000000e+06 1.000000000000e+06 1.000000000000e+06 1.000000000000e+06 1.000000000000e+06 1.000000000000e+06 1.000000000000e+06 1.000000000000e+06 1.000000000000e+06 1.000000000000e+06 1.000000000000e+06 1.000000000000e+06 1.000000000000e+06 1.000000000000e+06 1.000000000000e+06 1.000000000000e+06 1.000000000000e+06 1.000000000000e+06 1.000000000000e+06 1.000000000000e+06 1.000000000000e+06 1.000000000000e+06 1.000000000000e+06 1.000000000000e+06 1.000000000000e+06 1.000000000000e+06 1.000000000000e+06 1.000000000000e+06 1.000000000000e+06 1.000000000000e+06 1.000000000000e+06 1.000000000000e+06 1.000000000000e+06 1.000000000000e+06 1.000000000000e+06 1.000000000000e+06 1.000000000000e+06 1.000000000000e+06 1.000000000000e+06 1.000000000000e+06
1.000000000000e+06 1.000000000000e+06 1.000000000000e+06 1.000000000000e+06 1.000000000000e+06 1.000000000000e+06 1.000000000000e+06 1.000000000000e+06 1.000000000000e+06 1.000000000000e+06 1.000000000000e+06 1.000000000000e+06 1.000000000000e+06 1.000000000000e+06 1.000000000000e+06 1.000000000000e+06 1.000000000000e+06 1.000000000000e+06 1.000000000000e+06 1.000000000000e+06 1.000000000000e+06 1.000000000000e+06 1.000000000000e+06 1.000000000000e+06 1.000000000000e+06 1.000000000000e+06 1.000000000000e+06 1.000000000000e+06 1.000000000000e+06 1.000000000000e+06 1.000000000000e+06 1.000000000000e+06 1.000000000000e+06 1.000000000000e+06 1.000000000000e+06 1.000000000000e+06 1.000000000000e+06 1.000000000000e+06 1.000000000000e+06 1.000000000000e+06 1.000000000000e+06 1.000000000000e+06 1.000000000000e+06 1.000000000000e+06 1.000000000000e+06 1.000000000000e+06 1.000000000000e+06 1.000000000000e+06 1.000000000000e+06 1.000000000000e+06 1.000000000000e+06 1.000000000000e+06 1.000000000000e+06 1.000000000000e+06 1.000000000000e+06 1.000000000000e+06 1.000000000000e+06 1.000000000000e+06 1.000000000000e+06 1.000000000000e+06 1.000000000000e+06 1.000000000000e+06 1.000000000000e+06 1.000000000000e+06 1.000000000000e+06 1.000000000000e+06 1.000000000000e+06 1.000000000000e+06 1.000000000000e+06 1.000000000000e+06 1.000000000000e+06 1.000000000000e+06 1.000000000000e+06 1.000000000000e+06 1.000000000000e+06 1.000000000000e+06 1.000000000000e+06 1.000000000000e+06 1.000000000000e+06 1.000000000000e+06 1.000000000000e+06 1.000000000000e+06 1.000000000000e+06 1.000000000000e+06 1.000000000000e+06 1.000000000000e+06 1.000000000000e+06 1.000000000000e+06 1.000000000000e+06 1.000000000000e+06 1.000000000000e+06 1.000000000000e+06 1.000000000000e+06 1.000000000000e+06 1.000000000000e+06 1.000000000000e+06 1.000000000000e+06 1.000000000000e+06 1.000000000000e+06 1.000000000000e+06 1.000000000000e+06
1.000000000000e+06 1.000000000000e+06 1.000000000000e+06 1.000000000000e+06 1.000000000000e+06 1.000000000000e+06 1.000000000000e+06 1.000000000000e+06 1.000000000000e+06 1.000000000000e+06 1.000000000000e+06 1.000000000000e+06 1.000000000000e+06 1.000000000000e+06 1.000000000000e+06 1.000000000000e+06 1.000000000000e+06 1.000000000000e+06 1.000000000000e+06 1.000000000000e+06 1.000000000000e+06 1.000000000000e+06 1.000000000000e+06 1.000000000000e+06 1.000000000000e+06 1.000000000000e+06 1.000000000000e+06 1.000000000000e+06 1.000000000000e+06 1.000000000000e+06 1.000000000000e+06 1.000000000000e+06 1.000000000000e+06 1.000000000000e+06 1.000000000000e+06 1.000000000000e+06 1.000000000000e+06 1.000000000000e+06 1.000000000000e+06 1.000000000000e+06 1.000000000000e+06 1.000000000000e+06 1.000000000000e+06 1.000000000000e+06 1.000000000000e+06 1.000000000000e+06 1.000000000000e+06 1.000000000000e+06 1.000000000000e+06 1.000000000000e+06 1.000000000000e+06 1.000000000000e+06 1.000000000000e+06 1.000000000000e+06 1.000000000000e+06 1.000000000000e+06 1.000000000000e+06 1.000000000000e+06 1.000000000000e+06 1.000000000000e+06 1.000000000000e+06 1.000000000000e+06 1.000000000000e+06 1.000000000000e+06 1.000000000000e+06 1.000000000000e+06 1.000000000000e+06 1.000000000000e+06 1.000000000000e+06 1.000000000000e+06 1.000000000000e+06 1.000000000000e+06 1.000000000000e+06 1.000000000000e+06 1.000000000000e+06 1.000000000000e+06 1.000000000000e+06 1.000000000000e+06 1.000000000000e+06 1.000000000000e+06 1.000000000000e+06 1.000000000000e+06 1.000000000000e+06 1.000000000000e+06 1.000000000000e+06 1.000000000000e+06 1.000000000000e+06 1.000000000000e+06 1.000000000000e+06 1.000000000000e+06 1.000000000000e+06 1.000000000000e+06 1.000000000000e+06 1.000000000000e+06 1.000000000000e+06 1.000000000000e+06 1.000000000000e+06 1.000000000000e+06 1.000000000000e+06 1.000000000000e+06 1.000000000000e+06
1.000000000000e+06 1.000000000000e+06 1.000000000000e+06 1.000000000000e+06 1.000000000000e+06 1.000000000000e+06 1.000000000000e+06 1.000000000000e+06 1.000000000000e+06 1.000000000000e+06 1.000000000000e+06 1.000000000000e+06 1.000000000000e+06 1.000000000000e+06 1.000000000000e+06 1.000000000000e+06 1.000000000000e+06 1.000000000000e+06 1.000000000000e+06 1.000000000000e+06 1.000000000000e+06 1.000000000000e+06 1.000000000000e+06 1.000000000000e+06 1.000000000000e+06 1.000000000000e+06 1.000000000000e+06 1.000000000000e+06 1.000000000000e+06 1.000000000000e+06 1.000000000000e+06 1.000000000000e+06 1.000000000000e+06 1.000000000000e+06 1.000000000000e+06 1.000000000000e+06 1.000000000000e+06 1.000000000000e+06 1.000000000000e+06 1.000000000000e+06 1.000000000000e+06 1.000000000000e+06 1.000000000000e+06 1.000000000000e+06 1.000000000000e+06 1.000000000000e+06 1.000000000000e+06 1.000000000000e+06 1.000000000000e+06 1.000000000000e+06 1.000000000000e+06 1.000000000000e+06 1.000000000000e+06 1.000000000000e+06 1.000000000000e+06 1.000000000000e+06 1.000000000000e+06 1.000000000000e+06 1.000000000000e+06 1.000000000000e+06 1.000000000000e+06 1.000000000000e+06 1.000000000000e+06 1.000000000000e+06 1.000000000000e+06 1.000000000000e+06 1.000000000000e+06 1.000000000000e+06 1.000000000000e+06 1.000000000000e+06 1.000000000000e+06 1.000000000000e+06 1.000000000000e+06 1.000000000000e+06 1.000000000000e+06 1.000000000000e+06 1.000000000000e+06 1.000000000000e+06 1.000000000000e+06 1.000000000000e+06 1.000000000000e+06 1.000000000000e+06 1.000000000000e+06 1.000000000000e+06 1.000000000000e+06 1.000000000000e+06 1.000000000000e+06 1.000000000000e+06 1.000000000000e+06 1.000000000000e+06 1.000000000000e+06 1.000000000000e+06 1.000000000000e+06 1.000000000000e+06 1.000000000000e+06 1.000000000000e+06 1.000000000000e+06 1.000000000000e+06 1.000000000000e+06 1.000000000000e+06 1.000000000000e+06
1.000000000000e+06 1.000000000000e+06 1.000000000000e+06 1.000000000000e+06 1.000000000000e+06 1.000000000000e+06 1.000000000000e+06 1.000000000000e+06 1.000000000000e+06 1.000000000000e+06 1.000000000000e+06 1.000000000000e+06 1.000000000000e+06 1.000000000000e+06 1.000000000000e+06 1.000000000000e+06 1.000000000000e+06 1.000000000000e+06 1.000000000000e+06 1.000000000000e+06 1.000000000000e+06 1.000000000000e+06 1.000000000000e+06 1.000000000000e+06 1.000000000000e+06 1.000000000000e+06 1.000000000000e+06 1.000000000000e+06 1.000000000000e+06 1.000000000000e+06 1.000000000000e+06 1.000000000000e+06 1.000000000000e+06 1.000000000000e+06 1.000000000000e+06 1.000000000000e+06 1.000000000000e+06 1.000000000000e+06 1.000000000000e+06 1.000000000000e+06 1.000000000000e+06 1.000000000000e+06 1.000000000000e+06 1.000000000000e+06 1.000000000000e+06 1.000000000000e+06 1.000000000000e+06 1.000000000000e+06 1.000000000000e+06 1.000000000000e+06 1.000000000000e+06 1.000000000000e+06 1.000000000000e+06 1.000000000000e+06 1.000000000000e+06 1.000000000000e+06 1.000000000000e+06 1.000000000000e+06 1.000000000000e+06 1.000000000000e+06 1.000000000000e+06 1.000000000000e+06 1.000000000000e+06 1.000000000000e+06 1.000000000000e+06 1.000000000000e+06 1.000000000000e+06 1.000000000000e+06 1.000000000000e+06 1.000000000000e+06 1.000000000000e+06 1.000000000000e+06 1.000000000000e+06 1.000000000000e+06 1.000000000000e+06 1.000000000000e+06 1.000000000000e+06 1.000000000000e+06 1.000000000000e+06 1.000000000000e+06 1.000000000000e+06 1.000000000000e+06 1.000000000000e+06 1.000000000000e+06 1.000000000000e+06 1.000000000000e+06 1.000000000000e+06 1.000000000000e+06 1.000000000000e+06 1.000000000000e+06 1.000000000000e+06 1.000000000000e+06 1.000000000000e+06 1.000000000000e+06 1.000000000000e+06 1.000000000000e+06 1.000000000000e+06 1.000000000000e+06 1.000000000000e+06 1.000000000000e+06 1.000000000000e+06
1.000000000000e+06 1.000000000000e+06 1.000000000000e+06 1.000000000000e+06 1.000000000000e+06 1.000000000000e+06 1.000000000000e+06 1.000000000000e+06 1.000000000000e+06 1.000000000000e+06 1.000000000000e+06 1.000000000000e+06 1.000000000000e+06 1.000000000000e+06 1.000000000000e+06 1.000000000000e+06 1.000000000000e+06 1.000000000000e+06 1.000000000000e+06 1.000000000000e+06 1.000000000000e+06 1.000000000000e+06 1.000000000000e+06 1.000000000000e+06 1.000000000000e+06 1.000000000000e+06 1.000000000000e+06 1.000000000000e+06 1.000000000000e+06 1.000000000000e+06 1.000000000000e+06 1.000000000000e+06 1.000000000000e+06 1.000000000000e+06 1.000000000000e+06 1.000000000000e+06 1.000000000000e+06 1.000000000000e+06 1.000000000000e+06 1.000000000000e+06 1.000000000000e+06 1.000000000000e+06 1.000000000000e+06 1.000000000000e+06 1.000000000000e+06 1.000000000000e+06 1.000000000000e+06 1.000000000000e+06 1.000000000000e+06 1.000000000000e+06 1.000000000000e+06 1.000000000000e+06 1.000000000000e+06 1.000000000000e+06 1.000000000000e+06 1.000000000000e+06 1.000000000000e+06 1.000000000000e+06 1.000000000000e+06 1.000000000000e+06 1.000000000000e+06 1.000000000000e+06 1.000000000000e+06 1.000000000000e+06 1.000000000000e+06 1.000000000000e+06 1.000000000000e+06 1.000000000000e+06 1.000000000000e+06 1.000000000000e+06 1.000000000000e+06 1.000000000000e+06 1.000000000000e+06 1.000000000000e+06 1.000000000000e+06 1.000000000000e+06 1.000000000000e+06 1.000000000000e+06 1.000000000000e+06 1.000000000000e+06 1.000000000000e+06 1.000000000000e+06 1.000000000000e+06 1.000000000000e+06 1.000000000000e+06 1.000000000000e+06 1.000000000000e+06 1.000000000000e+06 1.000000000000e+06 1.000000000000e+06 1.000000000000e+06 1.000000000000e+06 1.000000000000e+06 1.000000000000e+06 1.000000000000e+06 1.000000000000e+06 1.000000000000e+06 1.000000000000e+06 1.000000000000e+06 1.000000000000e+06 1.000000000000e+06
1.000000000000e+06 1.000000000000e+06 1.000000000000e+06 1.000000000000e+06 1.000000000000e+06 1.000000000000e+06 1.000000000000e+06 1.000000000000e+06 1.000000000000e+06 1.000000000000e+06 1.000000000000e+06 1.000000000000e+06 1.000000000000e+06 1.000000000000e+06 1.000000000000e+06 1.000000000000e+06 1.000000000000e+06 1.000000000000e+06 1.000000000000e+06 1.000000000000e+06 1.000000000000e+06 1.000000000000e+06 1.000000000000e+06 1.000000000000e+06 1.000000000000e+06 1.000000000000e+06 1.000000000000e+06 1.000000000000e+06 1.000000000000e+06 1.000000000000e+06 1.000000000000e+06 1.000000000000e+06 1.000000000000e+06 1.000000000000e+06 1.000000000000e+06 1.000000000000e+06 1.000000000000e+06 1.000000000000e+06 1.000000000000e+06 1.000000000000e+06 1.000000000000e+06 1.000000000000e+06 1.000000000000e+06 1.000000000000e+06 1.000000000000e+06 1.000000000000e+06 1.000000000000e+06 1.000000000000e+06 1.000000000000e+06 1.000000000000e+06 1.000000000000e+06 1.000000000000e+06 1.000000000000e+06 1.000000000000e+06 1.000000000000e+06 1.000000000000e+06 1.000000000000e+06 1.000000000000e+06 1.000000000000e+06 1.000000000000e+06 1.000000000000e+06 1.000000000000e+06 1.000000000000e+06 1.000000000000e+06 1.000000000000e+06 1.000000000000e+06 1.000000000000e+06 1.000000000000e+06 1.000000000000e+06 1.000000000000e+06 1.000000000000e+06 1.000000000000e+06 1.000000000000e+06 1.000000000000e+06 1.000000000000e+06 1.000000000000e+06 1.000000000000e+06 1.000000000000e+06 1.000000000000e+06 1.000000000000e+06 1.000000000000e+06 1.000000000000e+06 1.000000000000e+06 1.000000000000e+06 1.000000000000e+06 1.000000000000e+06 1.000000000000e+06 1.000000000000e+06 1.000000000000e+06 1.000000000000e+06 1.000000000000e+06 1.000000000000e+06 1.000000000000e+06 1.000000000000e+06 1.000000000000e+06 1.000000000000e+06 1.000000000000e+06 1.000000000000e+06 1.000000000000e+06 1.000000000000e+06 1.000000000000e+06
1.000000000000e+06 1.000000000000e+06 1.000000000000e+06 1.000000000000e+06 1.000000000000e+06 1.000000000000e+06 1.000000000000e+06 1.000000000000e+06 1.000000000000e+06 1.000000000000e+06 1.000000000000e+06 1.000000000000e+06 1.000000000000e+06 1.000000000000e+06 1.000000000000e+06 1.000000000000e+06 1.000000000000e+06 1.000000000000e+06 1.000000000000e+06 1.000000000000e+06 1.000000000000e+06 1.000000000000e+06 1.000000000000e+06 1.000000000000e+06 1.000000000000e+06 1.000000000000e+06 1.000000000000e+06 1.000000000000e+06 1.000000000000e+06 1.000000000000e+06 1.000000000000e+06 1.000000000000e+06 1.000000000000e+06 1.000000000000e+06 1.000000000000e+06 1.000000000000e+06 1.000000000000e+06 1.000000000000e+06 1.000000000000e+06 1.000000000000e+06 1.000000000000e+06 1.000000000000e+06 1.000000000000e+06 1.000000000000e+06 1.000000000000e+06 1.000000000000e+06 1.000000000000e+06 1.000000000000e+06 1.000000000000e+06 1.000000000000e+06 1.000000000000e+06 1.000000000000e+06 1.000000000000e+06 1.000000000000e+06 1.000000000000e+06 1.000000000000e+06 1.000000000000e+06 1.000000000000e+06 1.000000000000e+06 1.000000000000e+06 1.000000000000e+06 1.000000000000e+06 1.000000000000e+06 1.000000000000e+06 1.000000000000e+06 1.000000000000e+06 1.000000000000e+06 1.000000000000e+06 1.000000000000e+06 1.000000000000e+06 1.000000000000e+06 1.000000000000e+06 1.000000000000e+06 1.000000000000e+06 1.000000000000e+06 1.000000000000e+06 1.000000000000e+06 1.000000000000e+06 1.000000000000e+06 1.000000000000e+06 1.000000000000e+06 1.000000000000e+06 1.000000000000e+06 1.000000000000e+06 1.000000000000e+06 1.000000000000e+06 1.000000000000e+06 1.000000000000e+06 1.000000000000e+06 1.000000000000e+06 1.000000000000e+06 1.000000000000e+06 1.000000000000e+06 1.000000000000e+06 1.000000000000e+06 1.000000000000e+06 1.000000000000e+06 1.000000000000e+06 1.000000000000e+06 1.000000000000e+06 1.000000000000e+06
1.000000000000e+06 1.000000000000e+06 1.000000000000e+06 1.000000000000e+06 1.000000000000e+06 1.000000000000e+06 1.000000000000e+06 1.000000000000e+06 1.000000000000e+06 1.000000000000e+06 1.000000000000e+06 1.000000000000e+06 1.000000000000e+06 1.000000000000e+06 1.000000000000e+06 1.000000000000e+06 1.000000000000e+06 1.000000000000e+06 1.000000000000e+06 1.000000000000e+06 1.000000000000e+06 1.000000000000e+06 1.000000000000e+06 1.000000000000e+06 1.000000000000e+06 1.000000000000e+06 1.000000000000e+06 1.000000000000e+06 1.000000000000e+06 1.000000000000e+06 1.000000000000e+06 1.000000000000e+06 1.000000000000e+06 1.000000000000e+06 1.000000000000e+06 1.000000000000e+06 1.000000000000e+06 1.000000000000e+06 1.000000000000e+06 1.000000000000e+06 1.000000000000e+06 1.000000000000e+06 1.000000000000e+06 1.000000000000e+06 1.000000000000e+06 1.000000000000e+06 1.000000000000e+06 1.000000000000e+06 1.000000000000e+06 1.000000000000e+06 1.000000000000e+06 1.000000000000e+06 1.000000000000e+06 1.000000000000e+06 1.000000000000e+06 1.000000000000e+06 1.000000000000e+06 1.000000000000e+06 1.000000000000e+06 1.000000000000e+06 1.000000000000e+06 1.000000000000e+06 1.000000000000e+06 1.000000000000e+06 1.000000000000e+06 1.000000000000e+06 1.000000000000e+06 1.000000000000e+06 1.000000000000e+06 1.000000000000e+06 1.000000000000e+06 1.000000000000e+06 1.000000000000e+06 1.000000000000e+06 1.000000000000e+06 1.000000000000e+06 1.000000000000e+06 1.000000000000e+06 1.000000000000e+06 1.000000000000e+06 1.000000000000e+06 1.000000000000e+06 1.000000000000e+06 1.000000000000e+06 1.000000000000e+06 1.000000000000e+06 1.000000000000e+06 1.000000000000e+06 1.000000000000e+06 1.000000000000e+06 1.000000000000e+06 1.000000000000e+06 1.000000000000e+06 1.000000000000e+06 1.000000000000e+06 1.000000000000e+06 1.000000000000e+06 1.000000000000e+06 1.000000000000e+06 1.000000000000e+06 1.000000000000e+06
1.000000000000e+06 1.000000000000e+06 1.000000000000e+06 1.000000000000e+06 1.000000000000e+06 1.000000000000e+06 1.000000000000e+06 1.000000000000e+06 1.000000000000e+06 1.000000000000e+06 1.000000000000e+06 1.000000000000e+06 1.000000000000e+06 1.000000000000e+06 1.000000000000e+06 1.000000000000e+06 1.000000000000e+06 1.000000000000e+06 1.000000000000e+06 1.000000000000e+06 1.000000000000e+06 1.000000000000e+06 1.000000000000e+06 1.000000000000e+06 1.000000000000e+06 1.000000000000e+06 1.000000000000e+06 1.000000000000e+06 1.000000000000e+06 1.000000000000e+06 1.000000000000e+06 1.000000000000e+06 1.000000000000e+06 1.000000000000e+06 1.000000000000e+06 1.000000000000e+06 1.000000000000e+06 1.000000000000e+06 1.000000000000e+06 1.000000000000e+06 1.000000000000e+06 1.000000000000e+06 1.000000000000e+06 1.000000000000e+06 1.000000000000e+06 1.000000000000e+06 1.000000000000e+06 1.000000000000e+06 1.000000000000e+06 1.000000000000e+06 1.000000000000e+06 1.000000000000e+06 1.000000000000e+06 1.000000000000e+06 1.000000000000e+06 1.000000000000e+06 1.000000000000e+06 1.000000000000e+06 1.000000000000e+06 1.000000000000e+06 1.000000000000e+06 1.000000000000e+06 1.000000000000e+06 1.000000000000e+06 1.000000000000e+06 1.000000000000e+06 1.000000000000e+06 1.000000000000e+06 1.000000000000e+06 1.000000000000e+06 1.000000000000e+06 1.000000000000e+06 1.000000000000e+06 1.000000000000e+06 1.000000000000e+06 1.000000000000e+06 1.000000000000e+06 1.000000000000e+06 1.000000000000e+06 1.000000000000e+06 1.000000000000e+06 1.000000000000e+06 1.000000000000e+06 1.000000000000e+06 1.000000000000e+06 1.000000000000e+06 1.000000000000e+06 1.000000000000e+06 1.000000000000e+06 1.000000000000e+06 1.000000000000e+06 1.000000000000e+06 1.000000000000e+06 1.000000000000e+06 1.000000000000e+06 1.000000000000e+06 1.000000000000e+06 1.000000000000e+06 1.000000000000e+06 1.000000000000e+06 1.000000000000e+06
1.000000000000e+06 1.000000000000e+06 1.000000000000e+06 1.000000000000e+06 1.000000000000e+06 1.000000000000e+06 1.000000000000e+06 1.000000000000e+06 1.000000000000e+06 1.000000000000e+06 1.000000000000e+06 1.000000000000e+06 1.000000000000e+06 1.000000000000e+06 1.000000000000e+06 1.000000000000e+06 1.000000000000e+06 1.000000000000e+06 1.000000000000e+06 1.000000000000e+06 1.000000000000e+06 1.000000000000e+06 1.000000000000e+06 1.000000000000e+06 1.000000000000e+06 1.000000000000e+06 1.000000000000e+06 1.000000000000e+06 1.000000000000e+06 1.000000000000e+06 1.000000000000e+06 1.000000000000e+06 1.000000000000e+06 1.000000000000e+06 1.000000000000e+06 1.000000000000e+06 1.000000000000e+06 1.000000000000e+06 1.000000000000e+06 1.000000000000e+06 1.000000000000e+06 1.000000000000e+06 1.000000000000e+06 1.000000000000e+06 1.000000000000e+06 1.000000000000e+06 1.000000000000e+06 1.000000000000e+06 1.000000000000e+06 1.000000000000e+06 1.000000000000e+06 1.000000000000e+06 1.000000000000e+06 1.000000000000e+06 1.000000000000e+06 1.000000000000e+06 1.000000000000e+06 1.000000000000e+06 1.000000000000e+06 1.000000000000e+06 1.000000000000e+06 1.000000000000e+06 1.000000000000e+06 1.000000000000e+06 1.000000000000e+06 1.000000000000e+06 1.000000000000e+06 1.000000000000e+06 1.000000000000e+06 1.000000000000e+06 1.000000000000e+06 1.000000000000e+06 1.000000000000e+06 1.000000000000e+06 1.000000000000e+06 1.000000000000e+06 1.000000000000e+06 1.000000000000e+06 1.000000000000e+06 1.000000000000e+06 1.000000000000e+06 1.000000000000e+06 1.000000000000e+06 1.000000000000e+06 1.000000000000e+06 1.000000000000e+06 1.000000000000e+06 1.000000000000e+06 1.000000000000e+06 1.000000000000e+06 1.000000000000e+06 1.000000000000e+06 1.000000000000e+06 1.000000000000e+06 1.000000000000e+06 1.000000000000e+06 1.000000000000e+06 1.000000000000e+06 1.000000000000e+06 1.000000000000e+06 1.000000000000e+06
1.000000000000e+06 1.000000000000e+06 1.000000000000e+06 1.000000000000e+06 1.000000000000e+06 1.000000000000e+06 1.000000000000e+06 1.000000000000e+06 1.000000000000e+06 1.000000000000e+06 1.000000000000e+06 1.000000000000e+06 1.000000000000e+06 1.000000000000e+06 1.000000000000e+06 1.000000000000e+06 1.000000000000e+06 1.000000000000e+06 1.000000000000e+06 1.000000000000e+06 1.000000000000e+06 1.000000000000e+06 1.000000000000e+06 1.000000000000e+06 1.000000000000e+06 1.000000000000e+06 1.000000000000e+06 1.000000000000e+06 1.000000000000e+06 1.000000000000e+06 1.000000000000e+06 1.000000000000e+06 1.000000000000e+06 1.000000000000e+06 1.000000000000e+06 1.000000000000e+06 1.000000000000e+06 1.000000000000e+06 1.000000000000e+06 1.000000000000e+06 1.000000000000e+06 1.000000000000e+06 1.000000000000e+06 1.000000000000e+06 1.000000000000e+06 1.000000000000e+06 1.000000000000e+06 1.000000000000e+06 1.000000000000e+06 1.000000000000e+06 1.000000000000e+06 1.000000000000e+06 1.000000000000e+06 1.000000000000e+06 1.000000000000e+06 1.000000000000e+06 1.000000000000e+06 1.000000000000e+06 1.000000000000e+06 1.000000000000e+06 1.000000000000e+06 1.000000000000e+06 1.000000000000e+06 1.000000000000e+06 1.000000000000e+06 1.000000000000e+06 1.000000000000e+06 1.000000000000e+06 1.000000000000e+06 1.000000000000e+06 1.000000000000e+06 1.000000000000e+06 1.000000000000e+06 1.000000000000e+06 1.000000000000e+06 1.000000000000e+06 1.000000000000e+06 1.000000000000e+06 1.000000000000e+06 1.000000000000e+06 1.000000000000e+06 1.000000000000e+06 1.000000000000e+06 1.000000000000e+06 1.000000000000e+06 1.000000000000e+06 1.000000000000e+06 1.000000000000e+06 1.000000000000e+06 1.000000000000e+06 1.000000000000e+06 1.000000000000e+06 1.000000000000e+06 1.000000000000e+06 1.000000000000e+06 1.000000000000e+06 1.000000000000e+06 1.000000000000e+06 1.000000000000e+06 1.000000000000e+06 1.000000000000e+06
1.000000000000e+06 1.000000000000e+06 1.000000000000e+06 1.000000000000e+06 1.000000000000e+06 1.000000000000e+06 1.000000000000e+06 1.000000000000e+06 1.000000000000e+06 1.000000000000e+06 1.000000000000e+06 1.000000000000e+06 1.000000000000e+06 1.000000000000e+06 1.000000000000e+06 1.000000000000e+06 1.000000000000e+06 1.000000000000e+06 1.000000000000e+06 1.000000000000e+06 1.000000000000e+06 1.000000000000e+06 1.000000000000e+06 1.000000000000e+06 1.000000000000e+06 1.000000000000e+06 1.000000000000e+06 1.000000000000e+06 1.000000000000e+06 1.000000000000e+06 1.000000000000e+06 1.000000000000e+06 1.000000000000e+06 1.000000000000e+06 1.000000000000e+06 1.000000000000e+06 1.000000000000e+06 1.000000000000e+06 1.000000000000e+06 1.000000000000e+06 1.000000000000e+06 1.000000000000e+06 1.000000000000e+06 1.000000000000e+06 1.000000000000e+06 1.000000000000e+06 1.000000000000e+06 1.000000000000e+06 1.000000000000e+06 1.000000000000e+06 1.000000000000e+06 1.000000000000e+06 1.000000000000e+06 1.000000000000e+06 1.000000000000e+06 1.000000000000e+06 1.000000000000e+06 1.000000000000e+06 1.000000000000e+06 1.000000000000e+06 1.000000000000e+06 1.000000000000e+06 1.000000000000e+06 1.000000000000e+06 1.000000000000e+06 1.000000000000e+06 1.000000000000e+06 1.000000000000e+06 1.000000000000e+06 1.000000000000e+06 1.000000000000e+06 1.000000000000e+06 1.000000000000e+06 1.000000000000e+06 1.000000000000e+06 1.000000000000e+06 1.000000000000e+06 1.000000000000e+06 1.000000000000e+06 1.000000000000e+06 1.000000000000e+06 1.000000000000e+06 1.000000000000e+06 1.000000000000e+06 1.000000000000e+06 1.000000000000e+06 1.000000000000e+06 1.000000000000e+06 1.000000000000e+06 1.000000000000e+06 1.000000000000e+06 1.000000000000e+06 1.000000000000e+06 1.000000000000e+06 1.000000000000e+06 1.000000000000e+06 1.000000000000e+06 1.000000000000e+06 1.000000000000e+06 1.000000000000e+06 1.000000000000e+06
1.000000000000e+06 1.000000000000e+06 1.000000000000e+06 1.000000000000e+06 1.000000000000e+06 1.000000000000e+06 1.000000000000e+06 1.000000000000e+06 1.000000000000e+06 1.000000000000e+06 1.000000000000e+06 1.000000000000e+06 1.000000000000e+06 1.000000000000e+06 1.000000000000e+06 1.000000000000e+06 1.000000000000e+06 1.000000000000e+06 1.000000000000e+06 1.000000000000e+06 1.000000000000e+06 1.000000000000e+06 1.000000000000e+06 1.000000000000e+06 1.000000000000e+06 1.000000000000e+06 1.000000000000e+06 1.000000000000e+06 1.000000000000e+06 1.000000000000e+06 1.000000000000e+06 1.000000000000e+06 1.000000000000e+06 1.000000000000e+06 1.000000000000e+06 1.000000000000e+06 1.000000000000e+06 1.000000000000e+06 1.000000000000e+06 1.000000000000e+06 1.000000000000e+06 1.000000000000e+06 1.000000000000e+06 1.000000000000e+06 1.000000000000e+06 1.000000000000e+06 1.000000000000e+06 1.000000000000e+06 1.000000000000e+06 1.000000000000e+06 1.000000000000e+06 1.000000000000e+06 1.000000000000e+06 1.000000000000e+06 1.000000000000e+06 1.000000000000e+06 1.000000000000e+06 1.000000000000e+06 1.000000000000e+06 1.000000000000e+06 1.000000000000e+06 1.000000000000e+06 1.000000000000e+06 1.000000000000e+06 1.000000000000e+06 1.000000000000e+06 1.000000000000e+06 1.000000000000e+06 1.000000000000e+06 1.000000000000e+06 1.000000000000e+06 1.000000000000e+06 1.000000000000e+06 1.000000000000e+06 1.000000000000e+06 1.000000000000e+06 1.000000000000e+06 1.000000000000e+06 1.000000000000e+06 1.000000000000e+06 1.000000000000e+06 1.000000000000e+06 1.000000000000e+06 1.000000000000e+06 1.000000000000e+06 1.000000000000e+06 1.000000000000e+06 1.000000000000e+06 1.000000000000e+06 1.000000000000e+06 1.000000000000e+06 1.000000000000e+06 1.000000000000e+06 1.000000000000e+06 1.000000000000e+06 1.000000000000e+06 1.000000000000e+06 1.000000000000e+06 1.000000000000e+06 1.000000000000e+06 1.000000000000e+06
1.000000000000e+06 1.000000000000e+06 1.000000000000e+06 1.000000000000e+06 1.000000000000e+06 1.000000000000e+06 1.000000000000e+06 1.000000000000e+06 1.000000000000e+06 1.000000000000e+06 1.000000000000e+06 1.000000000000e+06 1.000000000000e+06 1.000000000000e+06 1.000000000000e+06 1.000000000000e+06 1.000000000000e+06 1.000000000000e+06 1.000000000000e+06 1.000000000000e+06 1.000000000000e+06 1.000000000000e+06 1.000000000000e+06 1.000000000000e+06 1.000000000000e+06 1.000000000000e+06 1.000000000000e+06 1.000000000000e+06 1.000000000000e+06 1.000000000000e+06 1.000000000000e+06 1.000000000000e+06 1.000000000000e+06 1.000000000000e+06 1.000000000000e+06 1.000000000000e+06 1.000000000000e+06 1.000000000000e+06 1.000000000000e+06 1.000000000000e+06 1.000000000000e+06 1.000000000000e+06 1.000000000000e+06 1.000000000000e+06 1.000000000000e+06 1.000000000000e+06 1.000000000000e+06 1.000000000000e+06 1.000000000000e+06 1.000000000000e+06 1.000000000000e+06 1.000000000000e+06 1.000000000000e+06 1.000000000000e+06 1.000000000000e+06 1.000000000000e+06 1.000000000000e+06 1.000000000000e+06 1.000000000000e+06 1.000000000000e+06 1.000000000000e+06 1.000000000000e+06 1.000000000000e+06 1.000000000000e+06 1.000000000000e+06 1.000000000000e+06 1.000000000000e+06 1.000000000000e+06 1.000000000000e+06 1.000000000000e+06 1.000000000000e+06 1.000000000000e+06 1.000000000000e+06 1.000000000000e+06 1.000000000000e+06 1.000000000000e+06 1.000000000000e+06 1.000000000000e+06 1.000000000000e+06 1.000000000000e+06 1.000000000000e+06 1.000000000000e+06 1.000000000000e+06 1.000000000000e+06 1.000000000000e+06 1.000000000000e+06 1.000000000000e+06 1.000000000000e+06 1.000000000000e+06 1.000000000000e+06 1.000000000000e+06 1.000000000000e+06 1.000000000000e+06 1.000000000000e+06 1.000000000000e+06 1.000000000000e+06 1.000000000000e+06 1.000000000000e+06 1.000000000000e+06 1.000000000000e+06 1.000000000000e+06
1.000000000000e+06 1.000000000000e+06 1.000000000000e+06 1.000000000000e+06 1.000000000000e+06 1.000000000000e+06 1.000000000000e+06 1.000000000000e+06 1.000000000000e+06 1.000000000000e+06 1.000000000000e+06 1.000000000000e+06 1.000000000000e+06 1.000000000000e+06 1.000000000000e+06 1.000000000000e+06 1.000000000000e+06 1.000000000000e+06 1.000000000000e+06 1.000000000000e+06 1.000000000000e+06 1.000000000000e+06 1.000000000000e+06 1.000000000000e+06 1.000000000000e+06 1.000000000000e+06 1.000000000000e+06 1.000000000000e+06 1.000000000000e+06 1.000000000000e+06 1.000000000000e+06 1.000000000000e+06 1.000000000000e+06 1.000000000000e+06 1.000000000000e+06 1.000000000000e+06 1.000000000000e+06 1.000000000000e+06 1.000000000000e+06 1.000000000000e+06 1.000000000000e+06 1.000000000000e+06 1.000000000000e+06 1.000000000000e+06 1.000000000000e+06 1.000000000000e+06 1.000000000000e+06 1.000000000000e+06 1.000000000000e+06 1.000000000000e+06 1.000000000000e+06 1.000000000000e+06 1.000000000000e+06 1.000000000000e+06 1.000000000000e+06 1.000000000000e+06 1.000000000000e+06 1.000000000000e+06 1.000000000000e+06 1.000000000000e+06 1.000000000000e+06 1.000000000000e+06 1.000000000000e+06 1.000000000000e+06 1.000000000000e+06 1.000000000000e+06 1.000000000000e+06 1.000000000000e+06 1.000000000000e+06 1.000000000000e+06 1.000000000000e+06 1.000000000000e+06 1.000000000000e+06 1.000000000000e+06 1.000000000000e+06 1.000000000000e+06 1.000000000000e+06 1.000000000000e+06 1.000000000000e+06 1.000000000000e+06 1.000000000000e+06 1.000000000000e+06 1.000000000000e+06 1.000000000000e+06 1.000000000000e+06 1.000000000000e+06 1.000000000000e+06 1.000000000000e+06 1.000000000000e+06 1.000000000000e+06 1.000000000000e+06 1.000000000000e+06 1.000000000000e+06 1.000000000000e+06 1.000000000000e+06 1.000000000000e+06 1.000000000000e+06 1.000000000000e+06 1.000000000000e+06 1.000000000000e+06 1.000000000000e+06
1.000000000000e+06 1.000000000000e+06 1.000000000000e+06 1.000000000000e+06 1.000000000000e+06 1.000000000000e+06 1.000000000000e+06 1.000000000000e+06 1.000000000000e+06 1.000000000000e+06 1.000000000000e+06 1.000000000000e+06 1.000000000000e+06 1.000000000000e+06 1.000000000000e+06 1.000000000000e+06 1.000000000000e+06 1.000000000000e+06 1.000000000000e+06 1.000000000000e+06 1.000000000000e+06 1.000000000000e+06 1.000000000000e+06 1.000000000000e+06 1.000000000000e+06 1.000000000000e+06 1.000000000000e+06 1.000000000000e+06 1.000000000000e+06 1.000000000000e+06 1.000000000000e+06 1.000000000000e+06 1.000000000000e+06 1.000000000000e+06 1.000000000000e+06 1.000000000000e+06 1.000000000000e+06 1.000000000000e+06 1.000000000000e+06 1.000000000000e+06 1.000000000000e+06 1.000000000000e+06 1.000000000000e+06 1.000000000000e+06 1.000000000000e+06 1.000000000000e+06 1.000000000000e+06 1.000000000000e+06 1.000000000000e+06 1.000000000000e+06 1.000000000000e+06 1.000000000000e+06 1.000000000000e+06 1.000000000000e+06 1.000000000000e+06 1.000000000000e+06 1.000000000000e+06 1.000000000000e+06 1.000000000000e+06 1.000000000000e+06 1.000000000000e+06 1.000000000000e+06 1.000000000000e+06 1.000000000000e+06 1.000000000000e+06 1.000000000000e+06 1.000000000000e+06 1.000000000000e+06 1.000000000000e+06 1.000000000000e+06 1.000000000000e+06 1.000000000000e+06 1.000000000000e+06 1.000000000000e+06 1.000000000000e+06 1.000000000000e+06 1.000000000000e+06 1.000000000000e+06 1.000000000000e+06 1.000000000000e+06 1.000000000000e+06 1.000000000000e+06 1.000000000000e+06 1.000000000000e+06 1.000000000000e+06 1.000000000000e+06 1.000000000000e+06 1.000000000000e+06 1.000000000000e+06 1.000000000000e+06 1.000000000000e+06 1.000000000000e+06 1.000000000000e+06 1.000000000000e+06 1.000000000000e+06 1.000000000000e+06 1.000000000000e+06 1.000000000000e+06 1.000000000000e+06 1.000000000000e+06 1.000000000000e+06
1.000000000000e+06 1.000000000000e+06 1.000000000000e+06 1.000000000000e+06 1.000000000000e+06 1.000000000000e+06 1.000000000000e+06 1.000000000000e+06 1.000000000000e+06 1.000000000000e+06 1.000000000000e+06 1.000000000000e+06 1.000000000000e+06 1.000000000000e+06 1.000000000000e+06 1.000000000000e+06 1.000000000000e+06 1.000000000000e+06 1.000000000000e+06 1.000000000000e+06 1.000000000000e+06 1.000000000000e+06 1.000000000000e+06 1.000000000000e+06 1.000000000000e+06 1.000000000000e+06 1.000000000000e+06 1.000000000000e+06 1.000000000000e+06 1.000000000000e+06 1.000000000000e+06 1.000000000000e+06 1.000000000000e+06 1.000000000000e+06 1.000000000000e+06 1.000000000000e+06 1.000000000000e+06 1.000000000000e+06 1.000000000000e+06 1.000000000000e+06 1.000000000000e+06 1.000000000000e+06 1.000000000000e+06 1.000000000000e+06 1.000000000000e+06 1.000000000000e+06 1.000000000000e+06 1.000000000000e+06 1.000000000000e+06 1.000000000000e+06 1.000000000000e+06 1.000000000000e+06 1.000000000000e+06 1.000000000000e+06 1.000000000000e+06 1.000000000000e+06 1.000000000000e+06 1.000000000000e+06 1.000000000000e+06 1.000000000000e+06 1.000000000000e+06 1.000000000000e+06 1.000000000000e+06 1.000000000000e+06 1.000000000000e+06 1.000000000000e+06 1.000000000000e+06 1.000000000000e+06 1.000000000000e+06 1.000000000000e+06 1.000000000000e+06 1.000000000000e+06 1.000000000000e+06 1.000000000000e+06 1.000000000000e+06 1.000000000000e+06 1.000000000000e+06 1.000000000000e+06 1.000000000000e+06 1.000000000000e+06 1.000000000000e+06 1.000000000000e+06 1.000000000000e+06 1.000000000000e+06 1.000000000000e+06 1.000000000000e+06 1.000000000000e+06 1.000000000000e+06 1.000000000000e+06 1.000000000000e+06 1.000000000000e+06 1.000000000000e+06 1.000000000000e+06 1.000000000000e+06 1.000000000000e+06 1.000000000000e+06 1.000000000000e+06 1.000000000000e+06 1.000000000000e+06 1.000000000000e+06 1.000000000000e+06
1.000000000000e+06 1.000000000000e+06 1.000000000000e+06 1.000000000000e+06 1.000000000000e+06 1.000000000000e+06 1.000000000000e+06 1.000000000000e+06 1.000000000000e+06 1.000000000000e+06 1.000000000000e+06 1.000000000000e+06 1.000000000000e+06 1.000000000000e+06 1.000000000000e+06 1.000000000000e+06 1.000000000000e+06 1.000000000000e+06 1.000000000000e+06 1.000000000000e+06 1.000000000000e+06 1.000000000000e+06 1.000000000000e+06 1.000000000000e+06 1.000000000000e+06 1.000000000000e+06 1.000000000000e+06 1.000000000000e+06 1.000000000000e+06 1.000000000000e+06 1.000000000000e+06 1.000000000000e+06 1.000000000000e+06 1.000000000000e+06 1.000000000000e+06 1.000000000000e+06 1.000000000000e+06 1.000000000000e+06 1.000000000000e+06 1.000000000000e+06 1.000000000000e+06 1.000000000000e+06 1.000000000000e+06 1.000000000000e+06 1.000000000000e+06 1.000000000000e+06 1.000000000000e+06 1.000000000000e+06 1.000000000000e+06 1.000000000000e+06 1.000000000000e+06 1.000000000000e+06 1.000000000000e+06 1.000000000000e+06 1.000000000000e+06 1.000000000000e+06 1.000000000000e+06 1.000000000000e+06 1.000000000000e+06 1.000000000000e+06 1.000000000000e+06 1.000000000000e+06 1.000000000000e+06 1.000000000000e+06 1.000000000000e+06 1.000000000000e+06 1.000000000000e+06 1.000000000000e+06 1.000000000000e+06 1.000000000000e+06 1.000000000000e+06 1.000000000000e+06 1.000000000000e+06 1.000000000000e+06 1.000000000000e+06 1.000000000000e+06 1.000000000000e+06 1.000000000000e+06 1.000000000000e+06 1.000000000000e+06 1.000000000000e+06 1.000000000000e+06 1.000000000000e+06 1.000000000000e+06 1.000000000000e+06 1.000000000000e+06 1.000000000000e+06 1.000000000000e+06 1.000000000000e+06 1.000000000000e+06 1.000000000000e+06 1.000000000000e+06 1.000000000000e+06 1.000000000000e+06 1.000000000000e+06 1.000000000000e+06 1.000000000000e+06 1.000000000000e+06 1.000000000000e+06 1.000000000000e+06 1.000000000000e+06
1.000000000000e+06 1.000000000000e+06 1.000000000000e+06 1.000000000000e+06 1.000000000000e+06 1.000000000000e+06 1.000000000000e+06 1.000000000000e+06 1.000000000000e+06 1.000000000000e+06 1.000000000000e+06 1.000000000000e+06 1.000000000000e+06 1.000000000000e+06 1.000000000000e+06 1.000000000000e+06 1.000000000000e+06 1.000000000000e+06 1.000000000000e+06 1.000000000000e+06 1.000000000000e+06 1.000000000000e+06 1.000000000000e+06 1.000000000000e+06 1.000000000000e+06 1.000000000000e+06 1.000000000000e+06 1.000000000000e+06 1.000000000000e+06 1.000000000000e+06 1.000000000000e+06 1.000000000000e+06 1.000000000000e+06 1.000000000000e+06 1.000000000000e+06 1.000000000000e+06 1.000000000000e+06 1.000000000000e+06 1.000000000000e+06 1.000000000000e+06 1.000000000000e+06 1.000000000000e+06 1.000000000000e+06 1.000000000000e+06 1.000000000000e+06 1.000000000000e+06 1.000000000000e+06 1.000000000000e+06 1.000000000000e+06 1.000000000000e+06 1.000000000000e+06 1.000000000000e+06 1.000000000000e+06 1.000000000000e+06 1.000000000000e+06 1.000000000000e+06 1.000000000000e+06 1.000000000000e+06 1.000000000000e+06 1.000000000000e+06 1.000000000000e+06 1.000000000000e+06 1.000000000000e+06 1.000000000000e+06 1.000000000000e+06 1.000000000000e+06 1.000000000000e+06 1.000000000000e+06 1.000000000000e+06 1.000000000000e+06 1.000000000000e+06 1.000000000000e+06 1.000000000000e+06 1.000000000000e+06 1.000000000000e+06 1.000000000000e+06 1.000000000000e+06 1.000000000000e+06 1.000000000000e+06 1.000000000000e+06 1.000000000000e+06 1.000000000000e+06 1.000000000000e+06 1.000000000000e+06 1.000000000000e+06 1.000000000000e+06 1.000000000000e+06 1.000000000000e+06 1.000000000000e+06 1.000000000000e+06 1.000000000000e+06 1.000000000000e+06 1.000000000000e+06 1.000000000000e+06 1.000000000000e+06 1.000000000000e+06 1.000000000000e+06 1.000000000000e+06 1.000000000000e+06 1.000000000000e+06 1.000000000000e+06
1.000000000000e+06 1.000000000000e+06 1.000000000000e+06 1.000000000000e+06 1.000000000000e+06 1.000000000000e+06 1.000000000000e+06 1.000000000000e+06 1.000000000000e+06 1.000000000000e+06 1.000000000000e+06 1.000000000000e+06 1.000000000000e+06 1.000000000000e+06 1.000000000000e+06 1.000000000000e+06 1.000000000000e+06 1.000000000000e+06 1.000000000000e+06 1.000000000000e+06 1.000000000000e+06 1.000000000000e+06 1.000000000000e+06 1.000000000000e+06 1.000000000000e+06 1.000000000000e+06 1.000000000000e+06 1.000000000000e+06 1.000000000000e+06 1.000000000000e+06 1.000000000000e+06 1.000000000000e+06 1.000000000000e+06 1.000000000000e+06 1.000000000000e+06 1.000000000000e+06 1.000000000000e+06 1.000000000000e+06 1.000000000000e+06 1.000000000000e+06 1.000000000000e+06 1.000000000000e+06 1.000000000000e+06 1.000000000000e+06 1.000000000000e+06 1.000000000000e+06 1.000000000000e+06 1.000000000000e+06 1.000000000000e+06 1.000000000000e+06 1.000000000000e+06 1.000000000000e+06 1.000000000000e+06 1.000000000000e+06 1.000000000000e+06 1.000000000000e+06 1.000000000000e+06 1.000000000000e+06 1.000000000000e+06 1.000000000000e+06 1.000000000000e+06 1.000000000000e+06 1.000000000000e+06 1.000000000000e+06 1.000000000000e+06 1.000000000000e+06 1.000000000000e+06 1.000000000000e+06 1.000000000000e+06 1.000000000000e+06 1.000000000000e+06 1.000000000000e+06 1.000000000000e+06 1.000000000000e+06 1.000000000000e+06 1.000000000000e+06 1.000000000000e+06 1.000000000000e+06 1.000000000000e+06 1.000000000000e+06 1.000000000000e+06 1.000000000000e+06 1.000000000000e+06 1.000000000000e+06 1.000000000000e+06 1.000000000000e+06 1.000000000000e+06 1.000000000000e+06 1.000000000000e+06 1.000000000000e+06 1.000000000000e+06 1.000000000000e+06 1.000000000000e+06 1.000000000000e+06 1.000000000000e+06 1.000000000000e+06 1.000000000000e+06 1.000000000000e+06 1.000000000000e+06 1.000000000000e+06 1.000000000000e+06
1.000000000000e+06 1.000000000000e+06 1.000000000000e+06 1.000000000000e+06 1.000000000000e+06 1.000000000000e+06 1.000000000000e+06 1.000000000000e+06 1.000000000000e+06 1.000000000000e+06 1.000000000000e+06 1.000000000000e+06 1.000000000000e+06 1.000000000000e+06 1.000000000000e+06 1.000000000000e+06 1.000000000000e+06 1.000000000000e+06 1.000000000000e+06 1.000000000000e+06 1.000000000000e+06 1.000000000000e+06 1.000000000000e+06 1.000000000000e+06 1.000000000000e+06 1.000000000000e+06 1.000000000000e+06 1.000000000000e+06 1.000000000000e+06 1.000000000000e+06 1.000000000000e+06 1.000000000000e+06 1.000000000000e+06 1.000000000000e+06 1.000000000000e+06 1.000000000000e+06 1.000000000000e+06 1.000000000000e+06 1.000000000000e+06 1.000000000000e+06 1.000000000000e+06 1.000000000000e+06 1.000000000000e+06 1.000000000000e+06 1.000000000000e+06 1.000000000000e+06 1.000000000000e+06 1.000000000000e+06 1.000000000000e+06 1.000000000000e+06 1.000000000000e+06 1.000000000000e+06 1.000000000000e+06 1.000000000000e+06 1.000000000000e+06 1.000000000000e+06 1.000000000000e+06 1.000000000000e+06 1.000000000000e+06 1.000000000000e+06 1.000000000000e+06 1.000000000000e+06 1.000000000000e+06 1.000000000000e+06 1.000000000000e+06 1.000000000000e+06 1.000000000000e+06 1.000000000000e+06 1.000000000000e+06 1.000000000000e+06 1.000000000000e+06 1.000000000000e+06 1.000000000000e+06 1.000000000000e+06 1.000000000000e+06 1.000000000000e+06 1.000000000000e+06 1.000000000000e+06 1.000000000000e+06 1.000000000000e+06 1.000000000000e+06 1.000000000000e+06 1.000000000000e+06 1.000000000000e+06 1.000000000000e+06 1.000000000000e+06 1.000000000000e+06 1.000000000000e+06 1.000000000000e+06 1.000000000000e+06 1.000000000000e+06 1.000000000000e+06 1.000000000000e+06 1.000000000000e+06 1.000000000000e+06 1.000000000000e+06 1.000000000000e+06 1.000000000000e+06 1.000000000000e+06 1.000000000000e+06 1.000000000000e+06
1.000000000000e+06 1.000000000000e+06 1.000000000000e+06 1.000000000000e+06 1.000000000000e+06 1.000000000000e+06 1.000000000000e+06 1.000000000000e+06 1.000000000000e+06 1.000000000000e+06 1.000000000000e+06 1.000000000000e+06 1.000000000000e+06 1.000000000000e+06 1.000000000000e+06 1.000000000000e+06 1.000000000000e+06 1.000000000000e+06 1.000000000000e+06 1.000000000000e+06 1.000000000000e+06 1.000000000000e+06 1.000000000000e+06 1.000000000000e+06 1.000000000000e+06 1.000000000000e+06 1.000000000000e+06 1.000000000000e+06 1.000000000000e+06 1.000000000000e+06 1.000000000000e+06 1.000000000000e+06 1.000000000000e+06 1.000000000000e+06 1.000000000000e+06 1.000000000000e+06 1.000000000000e+06 1.000000000000e+06 1.000000000000e+06 1.000000000000e+06 1.000000000000e+06 1.000000000000e+06 1.000000000000e+06 1.000000000000e+06 1.000000000000e+06 1.000000000000e+06 1.000000000000e+06 1.000000000000e+06 1.000000000000e+06 1.000000000000e+06 1.000000000000e+06 1.000000000000e+06 1.000000000000e+06 1.000000000000e+06 1.000000000000e+06 1.000000000000e+06 1.000000000000e+06 1.000000000000e+06 1.000000000000e+06 1.000000000000e+06 1.000000000000e+06 1.000000000000e+06 1.000000000000e+06 1.000000000000e+06 1.000000000000e+06 1.000000000000e+06 1.000000000000e+06 1.000000000000e+06 1.000000000000e+06 1.000000000000e+06 1.000000000000e+06 1.000000000000e+06 1.000000000000e+06 1.000000000000e+06 1.000000000000e+06 1.000000000000e+06 1.000000000000e+06 1.000000000000e+06 1.000000000000e+06 1.000000000000e+06 1.000000000000e+06 1.000000000000e+06 1.000000000000e+06 1.000000000000e+06 1.000000000000e+06 1.000000000000e+06 1.000000000000e+06 1.000000000000e+06 1.000000000000e+06 1.000000000000e+06 1.000000000000e+06 1.000000000000e+06 1.000000000000e+06 1.000000000000e+06 1.000000000000e+06 1.000000000000e+06 1.000000000000e+06 1.000000000000e+06 1.000000000000e+06 1.000000000000e+06 1.000000000000e+06
5.458546572612e+05 1.000000000000e+06 1.000000000000e+06 1.000000000000e+06 1.000000000000e+06 1.000000000000e+06 1.000000000000e+06 1.000000000000e+06 1.000000000000e+06 1.000000000000e+06 1.000000000000e+06 1.000000000000e+06 1.000000000000e+06 1.000000000000e+06 1.000000000000e+06 1.000000000000e+06 1.000000000000e+06 1.000000000000e+06 1.000000000000e+06 1.000000000000e+06 1.000000000000e+06 1.000000000000e+06 1.000000000000e+06 1.000000000000e+06 1.000000000000e+06 1.000000000000e+06 1.000000000000e+06 1.000000000000e+06 1.000000000000e+06 1.000000000000e+06 1.000000000000e+06 1.000000000000e+06 1.000000000000e+06 1.000000000000e+06 1.000000000000e+06 1.000000000000e+06 1.000000000000e+06 1.000000000000e+06 1.000000000000e+06 1.000000000000e+06 1.000000000000e+06 1.000000000000e+06 1.000000000000e+06 1.000000000000e+06 1.000000000000e+06 1.000000000000e+06 1.000000000000e+06 1.000000000000e+06 1.000000000000e+06 1.000000000000e+06 1.000000000000e+06 1.000000000000e+06 1.000000000000e+06 1.000000000000e+06 1.000000000000e+06 1.000000000000e+06 1.000000000000e+06 1.000000000000e+06 1.000000000000e+06 1.000000000000e+06 1.000000000000e+06 1.000000000000e+06 1.000000000000e+06 1.000000000000e+06 1.000000000000e+06 1.000000000000e+06 1.000000000000e+06 1.000000000000e+06 1.000000000000e+06 1.000000000000e+06 1.000000000000e+06 1.000000000000e+06 1.000000000000e+06 1.000000000000e+06 1.000000000000e+06 1.000000000000e+06 1.000000000000e+06 1.000000000000e+06 1.000000000000e+06 1.000000000000e+06 1.000000000000e+06 1.000000000000e+06 1.000000000000e+06 1.000000000000e+06 1.000000000000e+06 1.000000000000e+06 1.000000000000e+06 1.000000000000e+06 1.000000000000e+06 1.000000000000e+06 1.000000000000e+06 1.000000000000e+06 1.000000000000e+06 1.000000000000e+06 1.000000000000e+06 1.000000000000e+06 1.000000000000e+06 1.000000000000e+06 1.000000000000e+06 1.000000000000e+06 1.000000000000e+06
4.790038244633e+01 1.066678859270e+02 4.454519863580e+02 3.633975915513e+03 4.280169004507e+04 5.841709984180e+05 1.000000000000e+06 1.000000000000e+06 1.000000000000e+06 1.000000000000e+06 1.000000000000e+06 1.000000000000e+06 1.000000000000e+06 1.000000000000e+06 1.000000000000e+06 1.000000000000e+06 1.000000000000e+06 1.000000000000e+06 1.000000000000e+06 1.000000000000e+06 1.000000000000e+06 1.000000000000e+06 1.000000000000e+06 1.000000000000e+06 1.000000000000e+06 1.000000000000e+06 1.000000000000e+06 1.000000000000e+06 1.000000000000e+06 1.000000000000e+06 1.000000000000e+06 1.000000000000e+06 1.000000000000e+06 1.000000000000e+06 1.000000000000e+06 1.000000000000e+06 1.000000000000e+06 1.000000000000e+06 1.000000000000e+06 1.000000000000e+06 1.000000000000e+06 1.000000000000e+06 1.000000000000e+06 1.000000000000e+06 1.000000000000e+06 1.000000000000e+06 1.000000000000e+06 1.000000000000e+06 1.000000000000e+06 1.000000000000e+06 1.000000000000e+06 1.000000000000e+06 1.000000000000e+06 1.000000000000e+06 1.000000000000e+06 1.000000000000e+06 1.000000000000e+06 1.000000000000e+06 1.000000000000e+06 1.000000000000e+06 1.000000000000e+06 1.000000000000e+06 1.000000000000e+06 1.000000000000e+06 1.000000000000e+06 1.000000000000e+06 1.000000000000e+06 1.000000000000e+06 1.000000000000e+06 1.000000000000e+06 1.000000000000e+06 1.000000000000e+06 1.000000000000e+06 1.000000000000e+06 1.000000000000e+06 1.000000000000e+06 1.000000000000e+06 1.000000000000e+06 1.000000000000e+06 1.000000000000e+06 1.000000000000e+06 1.000000000000e+06 1.000000000000e+06 1.000000000000e+06 1.000000000000e+06 1.000000000000e+06 1.000000000000e+06 1.000000000000e+06 1.000000000000e+06 1.000000000000e+06 1.000000000000e+06 1.000000000000e+06 1.000000000000e+06 1.000000000000e+06 1.000000000000e+06 1.000000000000e+06 1.000000000000e+06 1.000000000000e+06 1.000000000000e+06 1.000000000000e+06 1.000000000000e+06
1.206912669382e+01 1.408537131240e+01 1.691514158366e+01 2.117509249039e+01 2.831215357238e+01 4.261602497607e+01 8.193311518028e+01 2.565297837741e+02 1.512765073918e+03 1.379179189001e+04 1.531122472411e+05 1.000000000000e+06 1.000000000000e+06 1.000000000000e+06 1.000000000000e+06 1.000000000000e+06 1.000000000000e+06 1.000000000000e+06 1.000000000000e+06 1.000000000000e+06 1.000000000000e+06 1.000000000000e+06 1.000000000000e+06 1.000000000000e+06 1.000000000000e+06 1.000000000000e+06 1.000000000000e+06 1.000000000000e+06 1.000000000000e+06 1.000000000000e+06 1.000000000000e+06 1.000000000000e+06 1.000000000000e+06 1.000000000000e+06 1.000000000000e+06 1.000000000000e+06 1.000000000000e+06 1.000000000000e+06 1.000000000000e+06 1.000000000000e+06 1.000000000000e+06 1.000000000000e+06 1.000000000000e+06 1.000000000000e+06 1.000000000000e+06 1.000000000000e+06 1.000000000000e+06 1.000000000000e+06 1.000000000000e+06 1.000000000000e+06 1.000000000000e+06 1.000000000000e+06 1.000000000000e+06 1.000000000000e+06 1.000000000000e+06 1.000000000000e+06 1.000000000000e+06 1.000000000000e+06 1.000000000000e+06 1.000000000000e+06 1.000000000000e+06 1.000000000000e+06 1.000000000000e+06 1.000000000000e+06 1.000000000000e+06 1.000000000000e+06 1.000000000000e+06 1.000000000000e+06 1.000000000000e+06 1.000000000000e+06 1.000000000000e+06 1.000000000000e+06 1.000000000000e+06 1.000000000000e+06 1.000000000000e+06 1.000000000000e+06 1.000000000000e+06 1.000000000000e+06 1.000000000000e+06 1.000000000000e+06 1.000000000000e+06 1.000000000000e+06 1.000000000000e+06 1.000000000000e+06 1.000000000000e+06 1.000000000000e+06 1.000000000000e+06 1.000000000000e+06 1.000000000000e+06 1.000000000000e+06 1.000000000000e+06 1.000000000000e+06 1.000000000000e+06 1.000000000000e+06 1.000000000000e+06 1.000000000000e+06 1.000000000000e+06 1.000000000000e+06 1.000000000000e+06 1.000000000000e+06 1.000000000000e+06
6.959865002260e+00 7.538779720673e+00 8.223716435797e+00 9.046736140978e+00 1.005427590411e+01 1.131622392233e+01 1.294286234450e+01 1.511897926104e+01 1.817956016055e+01 2.280099788240e+01 3.057818926303e+01 4.623806415552e+01 8.895416939692e+01 2.685815150450e+02 1.417891248159e+03 1.106093921707e+04 1.039854772149e+05 1.000000000000e+06 1.000000000000e+06 1.000000000000e+06 1.000000000000e+06 1.000000000000e+06 1.000000000000e+06 1.000000000000e+06 1.000000000000e+06 1.000000000000e+06 1.000000000000e+06 1.000000000000e+06 1.000000000000e+06 1.000000000000e+06 1.000000000000e+06 1.000000000000e+06 1.000000000000e+06 1.000000000000e+06 1.000000000000e+06 1.000000000000e+06 1.000000000000e+06 1.000000000000e+06 1.000000000000e+06 1.000000000000e+06 1.000000000000e+06 1.000000000000e+06 1.000000000000e+06 1.000000000000e+06 1.000000000000e+06 1.000000000000e+06 1.000000000000e+06 1.000000000000e+06 1.000000000000e+06 1.000000000000e+06 1.000000000000e+06 1.000000000000e+06 1.000000000000e+06 1.000000000000e+06 1.000000000000e+06 1.000000000000e+06 1.000000000000e+06 1.000000000000e+06 1.000000000000e+06 1.000000000000e+06 1.000000000000e+06 1.000000000000e+06 1.000000000000e+06 1.000000000000e+06 1.000000000000e+06 1.000000000000e+06 1.000000000000e+06 1.000000000000e+06 1.000000000000e+06 1.000000000000e+06 1.000000000000e+06 1.000000000000e+06 1.000000000000e+06 1.000000000000e+06 1.000000000000e+06 1.000000000000e+06 1.000000000000e+06 1.000000000000e+06 1.000000000000e+06 1.000000000000e+06 1.000000000000e+06 1.000000000000e+06 1.000000000000e+06 1.000000000000e+06 1.000000000000e+06 1.000000000000e+06 1.000000000000e+06 1.000000000000e+06 1.000000000000e+06 1.000000000000e+06 1.000000000000e+06 1.000000000000e+06 1.000000000000e+06 1.000000000000e+06 1.000000000000e+06 1.000000000000e+06 1.000000000000e+06 1.000000000000e+06 1.000000000000e+06 1.000000000000e+06 1.000000000000e+06
4.920397696902e+00 5.181180583131e+00 5.471526955104e+00 5.796766054446e+00 6.163589905999e+00 6.580518678400e+00 7.058570715302e+00 7.612250563313e+00 8.261046195206e+00 9.031770355111e+00 9.962358835652e+00 1.110830576639e+01 1.255415130343e+01 1.443534599545e+01 1.698336109936e+01 2.062902059364e+01 2.627461419845e+01 3.615741424992e+01 5.731401642281e+01 1.194747116382e+02 3.902322348297e+02 2.041971059098e+03 1.444382764744e+04 1.182374394138e+05 1.000000000000e+06 1.000000000000e+06 1.000000000000e+06 1.000000000000e+06 1.000000000000e+06 1.000000000000e+06 1.000000000000e+06 1.000000000000e+06 1.000000000000e+06 1.000000000000e+06 1.000000000000e+06 1.000000000000e+06 1.000000000000e+06 1.000000000000e+06 1.000000000000e+06 1.000000000000e+06 1.000000000000e+06 1.000000000000e+06 1.000000000000e+06 1.000000000000e+06 1.000000000000e+06 1.000000000000e+06 1.000000000000e+06 1.000000000000e+06 1.000000000000e+06 1.000000000000e+06 1.000000000000e+06 1.000000000000e+06 1.000000000000e+06 1.000000000000e+06 1.000000000000e+06 1.000000000000e+06 1.000000000000e+06 1.000000000000e+06 1.000000000000e+06 1.000000000000e+06 1.000000000000e+06 1.000000000000e+06 1.000000000000e+06 1.000000000000e+06 1.000000000000e+06 1.000000000000e+06 1.000000000000e+06 1.000000000000e+06 1.000000000000e+06 1.000000000000e+06 1.000000000000e+06 1.000000000000e+06 1.000000000000e+06 1.000000000000e+06 1.000000000000e+06 1.000000000000e+06 1.000000000000e+06 1.000000000000e+06 1.000000000000e+06 1.000000000000e+06 1.000000000000e+06 1.000000000000e+06 1.000000000000e+06 1.000000000000e+06 1.000000000000e+06 1.000000000000e+06 1.000000000000e+06 1.000000000000e+06 1.000000000000e+06 1.000000000000e+06 1.000000000000e+06 1.000000000000e+06 1.000000000000e+06 1.000000000000e+06 1.000000000000e+06 1.000000000000e+06 1.000000000000e+06 1.000000000000e+06 1.000000000000e+06 1.000000000000e+06 1.000000000000e+06
3.823529413009e+00 3.966822716650e+00 4.121455778143e+00 4.288830140592e+00 4.470588237325e+00 4.668667469287e+00 4.885369535036e+00 5.123450279933e+00 5.386237517240e+00 5.677787536758e+00 6.003095979610e+00 6.368386465739e+00 6.781512610792e+00 7.252529043716e+00 7.794520555606e+00 8.424836610211e+00 9.166982932606e+00 1.005361791950e+01 1.113148790236e+01 1.246994181910e+01 1.417647030687e+01 1.642710571944e+01 1.953137954214e+01 2.408799071859e+01 3.141846257889e+01 4.502886446462e+01 7.672867655079e+01 1.781473403137e+02 6.321280577694e+02 3.253592743818e+03 2.087277024726e+04 1.493610017327e+05 1.000000000000e+06 1.000000000000e+06 1.000000000000e+06 1.000000000000e+06 1.000000000000e+06 1.000000000000e+06 1.000000000000e+06 1.000000000000e+06 1.000000000000e+06 1.000000000000e+06 1.000000000000e+06 1.000000000000e+06 1.000000000000e+06 1.000000000000e+06 1.000000000000e+06 1.000000000000e+06 1.000000000000e+06 1.000000000000e+06 1.000000000000e+06 1.000000000000e+06 1.000000000000e+06 1.000000000000e+06 1.000000000000e+06 1.000000000000e+06 1.000000000000e+06 1.000000000000e+06 1.000000000000e+06 1.000000000000e+06 1.000000000000e+06 1.000000000000e+06 1.000000000000e+06 1.000000000000e+06 1.000000000000e+06 1.000000000000e+06 1.000000000000e+06 1.000000000000e+06 1.000000000000e+06 1.000000000000e+06 1.000000000000e+06 1.000000000000e+06 1.000000000000e+06 1.000000000000e+06 1.000000000000e+06 1.000000000000e+06 1.000000000000e+06 1.000000000000e+06 1.000000000000e+06 1.000000000000e+06 1.000000000000e+06 1.000000000000e+06 1.000000000000e+06 1.000000000000e+06 1.000000000000e+06 1.000000000000e+06 1.000000000000e+06 1.000000000000e+06 1.000000000000e+06 1.000000000000e+06 1.000000000000e+06 1.000000000000e+06 1.000000000000e+06 1.000000000000e+06 1.000000000000e+06 1.000000000000e+06 1.000000000000e+06 1.000000000000e+06 1.000000000000e+06 1.000000000000e+06 1.000000000000e+06
3.138645562989e+00 3.226623897154e+00 3.319776423597e+00 3.418573429429e+00 3.523543975534e+00 3.635285374192e+00 3.754474561816e+00 3.881881824121e+00 4.018387461725e+00 4.165002158294e+00 4.322892047855e+00 4.493409796656e+00 4.678133453378e+00 4.878915431261e+00 5.097944844997e+00 5.337827652570e+00 5.601690831718e+00 5.893319442808e+00 6.217339362603e+00 6.579464487283e+00 6.986836598388e+00 7.448501115395e+00 7.976086646222e+00 8.584798017367e+00 9.294905546319e+00 1.013404615748e+01 1.114090425662e+01 1.237134471462e+01 1.390914168613e+01 1.588589360155e+01 1.852081638504e+01 2.220805354728e+01 2.773270679051e+01 3.689296609538e+01 5.464245536208e+01 9.796914702511e+01 2.392302853165e+02 8.456194329731e+02 4.019104515205e+03 2.273193508995e+04 1.406959131078e+05 9.120382334593e+05 1.000000000000e+06 1.000000000000e+06 1.000000000000e+06 1.000000000000e+06 1.000000000000e+06 1.000000000000e+06 1.000000000000e+06 1.000000000000e+06 1.000000000000e+06 1.000000000000e+06 1.000000000000e+06 1.000000000000e+06 1.000000000000e+06 1.000000000000e+06 1.000000000000e+06 1.000000000000e+06 1.000000000000e+06 1.000000000000e+06 1.000000000000e+06 1.000000000000e+06 1.000000000000e+06 1.000000000000e+06 1.000000000000e+06 1.000000000000e+06 1.000000000000e+06 1.000000000000e+06 1.000000000000e+06 1.000000000000e+06 1.000000000000e+06 1.000000000000e+06 1.000000000000e+06 1.000000000000e+06 1.000000000000e+06 1.000000000000e+06 1.000000000000e+06 1.000000000000e+06 1.000000000000e+06 1.000000000000e+06 1.000000000000e+06 1.000000000000e+06 1.000000000000e+06 1.000000000000e+06 1.000000000000e+06 1.000000000000e+06 1.000000000000e+06 1.000000000000e+06 1.000000000000e+06 1.000000000000e+06 1.000000000000e+06 1.000000000000e+06 1.000000000000e+06 1.000000000000e+06 1.000000000000e+06 1.000000000000e+06 1.000000000000e+06 1.000000000000e+06 1.000000000000e+06 1.000000000000e+06 1.000000000000e+06
2.670466146356e+00 2.728376379908e+00 2.788913039918e+00 2.852258948273e+00 2.918614297882e+00 2.988198766044e+00 3.061253944032e+00 3.138046139526e+00 3.218869620400e+00 3.304050383130e+00 3.393950547567e+00 3.488973502995e+00 3.589569959695e+00 3.696245097546e+00 3.809567050877e+00 3.930177030377e+00 4.058801462781e+00 4.196266633751e+00 4.343516457558e+00 4.501634181280e+00 4.671869078838e+00 4.855669526550e+00 5.054724313904e+00 5.271014685280e+00 5.506880511846e+00 5.765105281785e+00 6.049026463110e+00 6.362680538849e+00 6.710996125178e+00 7.100054857761e+00 7.537449514173e+00 8.032784454345e+00 8.598389042804e+00 9.250357876100e+00 1.001010690563e+01 1.090677085007e+01 1.198102507419e+01 1.329142786902e+01 1.492546143130e+01 1.701990216393e+01 1.980119987343e+01 2.367305798922e+01 2.942909863605e+01 3.884531096793e+01 5.660693620144e+01 9.762575566218e+01 2.188465233145e+02 6.726566300408e+02 2.702903624235e+03 1.287994115890e+04 6.744482676697e+04 3.715896167921e+05 1.000000000000e+06 1.000000000000e+06 1.000000000000e+06 1.000000000000e+06 1.000000000000e+06 1.000000000000e+06 1.000000000000e+06 1.000000000000e+06 1.000000000000e+06 1.000000000000e+06 1.000000000000e+06 1.000000000000e+06 1.000000000000e+06 1.000000000000e+06 1.000000000000e+06 1.000000000000e+06 1.000000000000e+06 1.000000000000e+06 1.000000000000e+06 1.000000000000e+06 1.000000000000e+06 1.000000000000e+06 1.000000000000e+06 1.000000000000e+06 1.000000000000e+06 1.000000000000e+06 1.000000000000e+06 1.000000000000e+06 1.000000000000e+06 1.000000000000e+06 1.000000000000e+06 1.000000000000e+06 1.000000000000e+06 1.000000000000e+06 1.000000000000e+06 1.000000000000e+06 1.000000000000e+06 1.000000000000e+06 1.000000000000e+06 1.000000000000e+06 1.000000000000e+06 1.000000000000e+06 1.000000000000e+06 1.000000000000e+06 1.000000000000e+06 1.000000000000e+06 1.000000000000e+06 1.000000000000e+06 1.000000000000e+06
2.330285146570e+00 2.370214966952e+00 2.411573752459e+00 2.454439608041e+00 2.498896436401e+00 2.545034486132e+00 2.592950963230e+00 2.642750714722e+00 2.694546994504e+00 2.748462323182e+00 2.804629455645e+00 2.863192472459e+00 2.924308013963e+00 2.988146679342e+00 3.054894616956e+00 3.124755337184e+00 3.197951784937e+00 3.274728716308e+00 3.355355432741e+00 3.440128937068e+00 3.529377589363e+00 3.623465357463e+00 3.722796778152e+00 3.827822771608e+00 3.939047485364e+00 4.057036386937e+00 4.182425879218e+00 4.315934783768e+00 4.458378129496e+00 4.610683805400e+00 4.773912796288e+00 4.949283934342e+00 5.138204387652e+00 5.342307499426e+00 5.563500131997e+00 5.804022422789e+00 6.066523921984e+00 6.354161602184e+00 6.670727439011e+00 7.020816522764e+00 7.410051563368e+00 7.845387165665e+00 8.335529024240e+00 8.891522076369e+00 9.527592783516e+00 1.026238358668e+01 1.112081049049e+01 1.213694444829e+01 1.335864141515e+01 1.485529828659e+01 1.673150732898e+01 1.915258967168e+01 2.239601463038e+01 2.696483521223e+01 3.386703968916e+01 4.539572017947e+01 6.761431559294e+01 1.193095757019e+02 2.677327278836e+02 7.828703319072e+02 2.841355991284e+03 1.186196330569e+04 5.370851277667e+04 2.546472156949e+05 1.000000000000e+06 1.000000000000e+06 1.000000000000e+06 1.000000000000e+06 1.000000000000e+06 1.000000000000e+06 1.000000000000e+06 1.000000000000e+06 1.000000000000e+06 1.000000000000e+06 1.000000000000e+06 1.000000000000e+06 1.000000000000e+06 1.000000000000e+06 1.000000000000e+06 1.000000000000e+06 1.000000000000e+06 1.000000000000e+06 1.000000000000e+06 1.000000000000e+06 1.000000000000e+06 1.000000000000e+06 1.000000000000e+06 1.000000000000e+06 1.000000000000e+06 1.000000000000e+06 1.000000000000e+06 1.000000000000e+06 1.000000000000e+06 1.000000000000e+06 1.000000000000e+06 1.000000000000e+06 1.000000000000e+06 1.000000000000e+06 1.000000000000e+06 1.000000000000e+06 1.000000000000e+06
2.071995776173e+00 2.100416912523e+00 2.129652015911e+00 2.159736561747e+00 2.190708117344e+00 2.222606498426e+00 2.255473939888e+00 2.289355282366e+00 2.324298176338e+00 2.360353305723e+00 2.397574633165e+00 2.436019669521e+00 2.475749770367e+00 2.516830462740e+00 2.559331805784e+00 2.603328789466e+00 2.648901776140e+00 2.696136990428e+00 2.745127063699e+00 2.795971640384e+00 2.848778054473e+00 2.903662085859e+00 2.960748807748e+00 3.020173538191e+00 3.082082910961e+00 3.146636083636e+00 3.214006103816e+00 3.284381458195e+00 3.357967833653e+00 3.434990125052e+00 3.515694730994e+00 3.600352186910e+00 3.689260194769e+00 3.782747120883e+00 3.881176048438e+00 3.984949490151e+00 4.094514890018e+00 4.210371072727e+00 4.333075836798e+00 4.463254935287e+00 4.601612749173e+00 4.748945037712e+00 4.906154253078e+00 5.074268041836e+00 5.254461734712e+00 5.448085865080e+00 5.656700078755e+00 5.882115236677e+00 6.126446116722e+00 6.392177963995e+00 6.682251329501e+00 7.000171342010e+00 7.350150036451e+00 7.737294025173e+00 8.167855309862e+00 8.649571490220e+00 9.192134891386e+00 9.807851446970e+00 1.051258535644e+01 1.132714538950e+01 1.227937408268e+01 1.340739396432e+01 1.476483425143e+01 1.642960624150e+01 1.851939101002e+01 2.122066693488e+01 2.484720884088e+01 2.996864069542e+01 3.772252690014e+01 5.065815639928e+01 7.527472117184e+01 1.304267987586e+02 2.774553851871e+02 7.349704805813e+02 2.335939897747e+03 8.405658932753e+03 3.264429760228e+04 1.326866237156e+05 5.542763268306e+05 1.000000000000e+06 1.000000000000e+06 1.000000000000e+06 1.000000000000e+06 1.000000000000e+06 1.000000000000e+06 1.000000000000e+06 1.000000000000e+06 1.000000000000e+06 1.000000000000e+06 1.000000000000e+06 1.000000000000e+06 1.000000000000e+06 1.000000000000e+06 1.000000000000e+06 1.000000000000e+06 1.000000000000e+06 1.000000000000e+06 1.000000000000e+06 1.000000000000e+06 1.000000000000e+06 1.000000000000e+06
1.869259786106e+00 1.889929871458e+00 1.911077396194e+00 1.932719095492e+00 1.954872495910e+00 1.977555962726e+00 2.000788750715e+00 2.024591058661e+00 2.048984087927e+00 2.073990105441e+00 2.099632511492e+00 2.125935912769e+00 2.152926201116e+00 2.180630638550e+00 2.209077949106e+00 2.238298418178e+00 2.268324000071e+00 2.299188434563e+00 2.330927373378e+00 2.363578517567e+00 2.397181766899e+00 2.431779382523e+00 2.467416164279e+00 2.504139644236e+00 2.542000298204e+00 2.581051777209e+00 2.621351161155e+00 2.662959237200e+00 2.705940805698e+00 2.750365016951e+00 2.796305742443e+00 2.843841984756e+00 2.893058330950e+00 2.944045454882e+00 2.996900674728e+00 3.051728572942e+00 3.108641686942e+00 3.167761280132e+00 3.229218204366e+00 3.293153866779e+00 3.359721316002e+00 3.429086465340e+00 3.501429473473e+00 3.576946306890e+00 3.655850512570e+00 3.738375234681e+00 3.824775515408e+00 3.915330927733e+00 4.010348597415e+00 4.110166682998e+00 4.215158396924e+00 4.325736668541e+00 4.442359571792e+00 4.565536668021e+00 4.695836449087e+00 4.833895110109e+00 4.980426937465e+00 5.136236669977e+00 5.302234284882e+00 5.479452782239e+00 5.669069701999e+00 5.872433320850e+00 6.091094760967e+00 6.326847627981e+00 6.581777321767e+00 6.858322890630e+00 7.159355316220e+00 7.488277557086e+00 7.849153749147e+00 8.246877983048e+00 8.687397563117e+00 9.178012432448e+00 9.727782906982e+00 1.034809435845e+01 1.105345416104e+01 1.186264055987e+01 1.280039916306e+01 1.390001784013e+01 1.520736057259e+01 1.678742425117e+01 1.873546839042e+01 2.119690102824e+01 2.440503204001e+01 2.875801473500e+01 3.498878727856e+01 4.457444189232e+01 6.081244764334e+01 9.189048592885e+01 1.602831933188e+02 3.332096415872e+02 8.258109544323e+02 2.362352006392e+03 7.471208153004e+03 2.520684911189e+04 8.857054300109e+04 3.192838638627e+05 1.000000000000e+06 1.000000000000e+06 1.000000000000e+06 1.000000000000e+06 1.000000000000e+06
1.705938381078e+00 1.721177838420e+00 1.736701926636e+00 1.752518695071e+00 1.768636499472e+00 1.785064016706e+00 1.801810260338e+00 1.818884597120e+00 1.836296764464e+00 1.854056888956e+00 1.872175506001e+00 1.890663580657e+00 1.909532529767e+00 1.928794245470e+00 1.948461120190e+00 1.968546073231e+00 1.989062579073e+00 2.010024697521e+00 2.031447105833e+00 2.053345132995e+00 2.075734796302e+00 2.098632840425e+00 2.122056779181e+00 2.146024940201e+00 2.170556512762e+00 2.195671599021e+00 2.221391268954e+00 2.247737619313e+00 2.274733836939e+00 2.302404266823e+00 2.330774485335e+00 2.359871379070e+00 2.389723229839e+00 2.420359806360e+00 2.451812463278e+00 2.484114248201e+00 2.517300017526e+00 2.551406561909e+00 2.586472742318e+00 2.622539637744e+00 2.659650705733e+00 2.697851957066e+00 2.737192146073e+00 2.777722978210e+00 2.819499336788e+00 2.862579530923e+00 2.907025567067e+00 2.952903446792e+00 3.000283493810e+00 3.049240713666e+00 3.099855189945e+00 3.152212521418e+00 3.206404305131e+00 3.262528671182e+00 3.320690875746e+00 3.381003959892e+00 3.443589482873e+00 3.508578339887e+00 3.576111675892e+00 3.646341908895e+00 3.719433878342e+00 3.795566136800e+00 3.874932406254e+00 3.957743224009e+00 4.044227807656e+00 4.134636173868e+00 4.229241552279e+00 4.328343143535e+00 4.432269280145e+00 4.541381060495e+00 4.656076540757e+00 4.776795587257e+00 4.904025513959e+00 5.038307657398e+00 5.180245076090e+00 5.330511605396e+00 5.489862554616e+00 5.659147404665e+00 5.839324956839e+00 6.031481503070e+00 6.236852744895e+00 6.456850395606e+00 6.693094676018e+00 6.947454285630e+00 7.222095935390e+00 7.519546221368e+00 7.842769581867e+00 8.195267436375e+00 8.581205539417e+00 9.005579384084e+00 9.474431613114e+00 9.995141570661e+00 1.057681655666e+01 1.123082905083e+01 1.197156765261e+01 1.281750796513e+01 1.379277459107e+01 1.492947865448e+01 1.627132017637e+01 1.787933113122e+01 1.984139857778e+01
1.571590889359e+00 1.582903744804e+00 1.594387075875e+00 1.606044765221e+00 1.617880814301e+00 1.629899347957e+00 1.642104619213e+00 1.654501014288e+00 1.667093057855e+00 1.679885418546e+00 1.692882914723e+00 1.706090520530e+00 1.719513372238e+00 1.733156774907e+00 1.747026209377e+00 1.761127339608e+00 1.775466020391e+00 1.790048305455e+00 1.804880455991e+00 1.819968949612e+00 1.835320489785e+00 1.850942015766e+00 1.866840713055e+00 1.883024024419e+00 1.899499661507e+00 1.916275617104e+00 1.933360178063e+00 1.950761938949e+00 1.968489816461e+00 1.986553064665e+00 2.004961291100e+00 2.023724473822e+00 2.042852979435e+00 2.062357582190e+00 2.082249484224e+00 2.102540337013e+00 2.123242264128e+00 2.144367885396e+00 2.165930342544e+00 2.187943326472e+00 2.210421106233e+00 2.233378559881e+00 2.256831207313e+00 2.280795245254e+00 2.305287584563e+00 2.330325890029e+00 2.355928622860e+00 2.382115086077e+00 2.408905473052e+00 2.436320919438e+00 2.464383558782e+00 2.493116582121e+00 2.522544301901e+00 2.552692220587e+00 2.583587104379e+00 2.615257062467e+00 2.647731632333e+00 2.681041871642e+00 2.715220457304e+00 2.750301792404e+00 2.786322121707e+00 2.823319656566e+00 2.861334710138e+00 2.900409843908e+00 2.940590026648e+00 2.981922807055e+00 3.024458501458e+00 3.068250398161e+00 3.113354980158e+00 3.159832168181e+00 3.207745586283e+00 3.257162852427e+00 3.308155896871e+00 3.360801311503e+00 3.415180733702e+00 3.471381268754e+00 3.529495955441e+00 3.589624280014e+00 3.651872744547e+00 3.716355496480e+00 3.783195027202e+00 3.852522948644e+00 3.924480858259e+00 3.999221304353e+00 4.076908865593e+00 4.157721360797e+00 4.241851207704e+00 4.329506952579e+00 4.420914996260e+00 4.516321546711e+00 4.615994833537e+00 4.720227626410e+00 4.829340107192e+00 4.943683155110e+00 5.063642115974e+00 5.189641140756e+00 5.322148196440e+00 5.461680873925e+00 5.608813144882e+00 5.764183253566e+00 5.928502972369e+00
1.459163971226e+00 1.467563944261e+00 1.476065300291e+00 1.484669885914e+00 1.493379592849e+00 1.502196359317e+00 1.511122171488e+00 1.520159064962e+00 1.529309126327e+00 1.538574494758e+00 1.547957363687e+00 1.557459982533e+00 1.567084658503e+00 1.576833758455e+00 1.586709710843e+00 1.596715007728e+00 1.606852206882e+00 1.617123933961e+00 1.627532884776e+00 1.638081827652e+00 1.648773605880e+00 1.659611140275e+00 1.670597431834e+00 1.681735564508e+00 1.693028708087e+00 1.704480121207e+00 1.716093154489e+00 1.727871253802e+00 1.739817963674e+00 1.751936930850e+00 1.764231908002e+00 1.776706757603e+00 1.789365455973e+00 1.802212097505e+00 1.815250899078e+00 1.828486204675e+00 1.841922490209e+00 1.855564368563e+00 1.869416594878e+00 1.883484072077e+00 1.897771856647e+00 1.912285164703e+00 1.927029378336e+00 1.942010052268e+00 1.957232920829e+00 1.972703905275e+00 1.988429121467e+00 2.004414887934e+00 2.020667734337e+00 2.037194410360e+00 2.054001895059e+00 2.071097406689e+00 2.088488413038e+00 2.106182642303e+00 2.124188094547e+00 2.142513053752e+00 2.161166100532e+00 2.180156125528e+00 2.199492343539e+00 2.219184308430e+00 2.239241928874e+00 2.259675484976e+00 2.280495645842e+00 2.301713488155e+00 2.323340515823e+00 2.345388680781e+00 2.367870405015e+00 2.390798603895e+00 2.414186710925e+00 2.438048703979e+00 2.462399133166e+00 2.487253150414e+00 2.512626540905e+00 2.538535756515e+00 2.564997951382e+00 2.592031019783e+00 2.619653636485e+00 2.647885299772e+00 2.676746377337e+00 2.706258155296e+00 2.736442890536e+00 2.767323866700e+00 2.798925454086e+00 2.831273173782e+00 2.864393766413e+00 2.898315265862e+00 2.933067078409e+00 2.968680067756e+00 3.005186646447e+00 3.042620874263e+00 3.081018564210e+00 3.120417396797e+00 3.160857043375e+00 3.202379299376e+00 3.245028228407e+00 3.288850318219e+00 3.333894649748e+00 3.380213080478e+00 3.427860443605e+00 3.476894764582e+00 3.527377496858e+00
1.427807486632e+00 1.435455441700e+00 1.443189328848e+00 1.451010604551e+00 1.458920758387e+00 1.466921313982e+00 1.475013829985e+00 1.483199901087e+00 1.491481159062e+00 1.499859273855e+00 1.508335954705e+00 1.516912951305e+00 1.525592055007e+00 1.534375100070e+00 1.543263964954e+00 1.552260573655e+00 1.561366897095e+00 1.570584954566e+00 1.579916815215e+00 1.589364599600e+00 1.598930481289e+00 1.608616688534e+00 1.618425505997e+00 1.628359276549e+00 1.638420403133e+00 1.648611350706e+00 1.658934648248e+00 1.669392890855e+00 1.679988741918e+00 1.690724935379e+00 1.701604278086e+00 1.712629652238e+00 1.723804017934e+00 1.735130415816e+00 1.746611969833e+00 1.758251890113e+00 1.770053475952e+00 1.782020118936e+00 1.794155306187e+00 1.806462623754e+00 1.818945760143e+00 1.831608510006e+00 1.844454777982e+00 1.857488582718e+00 1.870714061052e+00 1.884135472399e+00 1.897757203319e+00 1.911583772297e+00 1.925619834745e+00 1.939870188223e+00 1.954339777908e+00 1.969033702317e+00 1.983957219295e+00 1.999115752289e+00 2.014514896917e+00 2.030160427860e+00 2.046058306076e+00 2.062214686377e+00 2.078635925372e+00 2.095328589804e+00 2.112299465311e+00 2.129555565616e+00 2.147104142198e+00 2.164952694448e+00 2.183108980358e+00 2.201581027762e+00 2.220377146173e+00 2.239505939246e+00 2.258976317910e+00 2.278797514209e+00 2.298979095894e+00 2.319530981831e+00 2.340463458248e+00 2.361787195907e+00 2.383513268240e+00 2.405653170521e+00 2.428218840155e+00 2.451222678131e+00 2.474677571754e+00 2.498596918716e+00 2.522994652618e+00 2.547885270034e+00 2.573283859234e+00 2.599206130685e+00 2.625668449459e+00 2.652687869682e+00 2.680282171186e+00 2.708469898529e+00 2.737270402554e+00 2.766703884690e+00 2.796791444208e+00 2.827555128658e+00 2.859017987756e+00 2.891204130972e+00 2.924138789147e+00 2.957848380456e+00 2.992360581082e+00 3.027704401001e+00 3.063910265309e+00 3.101010101576e+00 3.139037433751e+00
1.427807486632e+00 1.435455441700e+00 1.443189328848e+00 1.451010604551e+00 1.458920758387e+00 1.466921313982e+00 1.475013829985e+00 1.483199901087e+00 1.491481159062e+00 1.499859273855e+00 1.508335954705e+00 1.516912951305e+00 1.525592055007e+00 1.534375100070e+00 1.543263964954e+00 1.552260573655e+00 1.561366897095e+00 1.570584954566e+00 1.579916815215e+00 1.589364599600e+00 1.598930481289e+00 1.608616688534e+00 1.618425505997e+00 1.628359276549e+00 1.638420403133e+00 1.648611350706e+00 1.658934648248e+00 1.669392890855e+00 1.679988741918e+00 1.690724935379e+00 1.701604278086e+00 1.712629652238e+00 1.723804017934e+00 1.735130415816e+00 1.746611969833e+00 1.758251890113e+00 1.770053475952e+00 1.782020118936e+00 1.794155306187e+00 1.806462623754e+00 1.818945760143e+00 1.831608510006e+00 1.844454777982e+00 1.857488582718e+00 1.870714061052e+00 1.884135472399e+00 1.897757203319e+00 1.911583772297e+00 1.925619834745e+00 1.939870188223e+00 1.954339777908e+00 1.969033702317e+00 1.983957219295e+00 1.999115752289e+00 2.014514896917e+00 2.030160427860e+00 2.046058306076e+00 2.062214686377e+00 2.078635925372e+00 2.095328589804e+00 2.112299465311e+00 2.129555565616e+00 2.147104142198e+00 2.164952694448e+00 2.183108980358e+00 2.201581027762e+00 2.220377146173e+00 2.239505939246e+00 2.258976317910e+00 2.278797514209e+00 2.298979095894e+00 2.319530981831e+00 2.340463458248e+00 2.361787195907e+00 2.383513268240e+00 2.405653170521e+00 2.428218840155e+00 2.451222678131e+00 2.474677571754e+00 2.498596918716e+00 2.522994652618e+00 2.547885270034e+00 2.573283859234e+00 2.599206130685e+00 2.625668449459e+00 2.652687869682e+00 2.680282171186e+00 2.708469898529e+00 2.737270402554e+00 2.766703884690e+00 2.796791444208e+00 2.827555128658e+00 2.859017987756e+00 2.891204130972e+00 2.924138789147e+00 2.957848380456e+00 2.992360581082e+00 3.027704401001e+00 3.063910265309e+00 3.101010101576e+00 3.139037433751e+00
1.427807486632e+00 1.435455441700e+00 1.443189328848e+00 1.451010604551e+00 1.458920758387e+00 1.466921313982e+00 1.475013829985e+00 1.483199901087e+00 1.491481159062e+00 1.499859273855e+00 1.508335954705e+00 1.516912951305e+00 1.525592055007e+00 1.534375100070e+00 1.543263964954e+00 1.552260573655e+00 1.561366897095e+00 1.570584954566e+00 1.579916815215e+00 1.589364599600e+00 1.598930481289e+00 1.608616688534e+00 1.618425505997e+00 1.628359276549e+00 1.638420403133e+00 1.648611350706e+00 1.658934648248e+00 1.669392890855e+00 1.679988741918e+00 1.690724935379e+00 1.701604278086e+00 1.712629652238e+00 1.723804017934e+00 1.735130415816e+00 1.746611969833e+00 1.758251890113e+00 1.770053475952e+00 1.782020118936e+00 1.794155306187e+00 1.806462623754e+00 1.818945760143e+00 1.831608510006e+00 1.844454777982e+00 1.857488582718e+00 1.870714061052e+00 1.884135472399e+00 1.897757203319e+00 1.911583772297e+00 1.925619834745e+00 1.939870188223e+00 1.954339777908e+00 1.969033702317e+00 1.983957219295e+00 1.999115752289e+00 2.014514896917e+00 2.030160427860e+00 2.046058306076e+00 2.062214686377e+00 2.078635925372e+00 2.095328589804e+00 2.112299465311e+00 2.129555565616e+00 2.147104142198e+00 2.164952694448e+00 2.183108980358e+00 2.201581027762e+00 2.220377146173e+00 2.239505939246e+00 2.258976317910e+00 2.278797514209e+00 2.298979095894e+00 2.319530981831e+00 2.340463458248e+00 2.361787195907e+00 2.383513268240e+00 2.405653170521e+00 2.428218840155e+00 2.451222678131e+00 2.474677571754e+00 2.498596918716e+00 2.522994652618e+00 2.547885270034e+00 2.573283859234e+00 2.599206130685e+00 2.625668449459e+00 2.652687869682e+00 2.680282171186e+00 2.708469898529e+00 2.737270402554e+00 2.766703884690e+00 2.796791444208e+00 2.827555128658e+00 2.859017987756e+00 2.891204130972e+00 2.924138789147e+00 2.957848380456e+00 2.992360581082e+00 3.027704401001e+00 3.063910265309e+00 3.101010101576e+00 3.139037433751e+00
1.427807486632e+00 1.435455441700e+00 1.443189328848e+00 1.451010604551e+00 1.458920758387e+00 1.466921313982e+00 1.475013829985e+00 1.483199901087e+00 1.491481159062e+00 1.499859273855e+00 1.508335954705e+00 1.516912951305e+00 1.525592055007e+00 1.534375100070e+00 1.543263964954e+00 1.552260573655e+00 1.561366897095e+00 1.570584954566e+00 1.579916815215e+00 1.589364599600e+00 1.598930481289e+00 1.608616688534e+00 1.618425505997e+00 1.628359276549e+00 1.638420403133e+00 1.648611350706e+00 1.658934648248e+00 1.669392890855e+00 1.679988741918e+00 1.690724935379e+00 1.701604278086e+00 1.712629652238e+00 1.723804017934e+00 1.735130415816e+00 1.746611969833e+00 1.758251890113e+00 1.770053475952e+00 1.782020118936e+00 1.794155306187e+00 1.806462623754e+00 1.818945760143e+00 1.831608510006e+00 1.844454777982e+00 1.857488582718e+00 1.870714061052e+00 1.884135472399e+00 1.897757203319e+00 1.911583772297e+00 1.925619834745e+00 1.939870188223e+00 1.954339777908e+00 1.969033702317e+00 1.983957219295e+00 1.999115752289e+00 2.014514896917e+00 2.030160427860e+00 2.046058306076e+00 2.062214686377e+00 2.078635925372e+00 2.095328589804e+00 2.112299465311e+00 2.129555565616e+00 2.147104142198e+00 2.164952694448e+00 2.183108980358e+00 2.201581027762e+00 2.220377146173e+00 2.239505939246e+00 2.258976317910e+00 2.278797514209e+00 2.298979095894e+00 2.319530981831e+00 2.340463458248e+00 2.361787195907e+00 2.383513268240e+00 2.405653170521e+00 2.428218840155e+00 2.451222678131e+00 2.474677571754e+00 2.498596918716e+00 2.522994652618e+00 2.547885270034e+00 2.573283859234e+00 2.599206130685e+00 2.625668449459e+00 2.652687869682e+00 2.680282171186e+00 2.708469898529e+00 2.737270402554e+00 2.766703884690e+00 2.796791444208e+00 2.827555128658e+00 2.859017987756e+00 2.891204130972e+00 2.924138789147e+00 2.957848380456e+00 2.992360581082e+00 3.027704401001e+00 3.063910265309e+00 3.101010101576e+00 3.139037433751e+00
1.427807486632e+00 1.435455441700e+00 1.443189328848e+00 1.451010604551e+00 1.458920758387e+00 1.466921313982e+00 1.475013829985e+00 1.483199901087e+00 1.491481159062e+00 1.499859273855e+00 1.508335954705e+00 1.516912951305e+00 1.525592055007e+00 1.534375100070e+00 1.543263964954e+00 1.552260573655e+00 1.561366897095e+00 1.570584954566e+00 1.579916815215e+00 1.589364599600e+00 1.598930481289e+00 1.608616688534e+00 1.618425505997e+00 1.628359276549e+00 1.638420403133e+00 1.648611350706e+00 1.658934648248e+00 1.669392890855e+00 1.679988741918e+00 1.690724935379e+00 1.701604278086e+00 1.712629652238e+00 1.723804017934e+00 1.735130415816e+00 1.746611969833e+00 1.758251890113e+00 1.770053475952e+00 1.782020118936e+00 1.794155306187e+00 1.806462623754e+00 1.818945760143e+00 1.831608510006e+00 1.844454777982e+00 1.857488582718e+00 1.870714061052e+00 1.884135472399e+00 1.897757203319e+00 1.911583772297e+00 1.925619834745e+00 1.939870188223e+00 1.954339777908e+00 1.969033702317e+00 1.983957219295e+00 1.999115752289e+00 2.014514896917e+00 2.030160427860e+00 2.046058306076e+00 2.062214686377e+00 2.078635925372e+00 2.095328589804e+00 2.112299465311e+00 2.129555565616e+00 2.147104142198e+00 2.164952694448e+00 2.183108980358e+00 2.201581027762e+00 2.220377146173e+00 2.239505939246e+00 2.258976317910e+00 2.278797514209e+00 2.298979095894e+00 2.319530981831e+00 2.340463458248e+00 2.361787195907e+00 2.383513268240e+00 2.405653170521e+00 2.428218840155e+00 2.451222678131e+00 2.474677571754e+00 2.498596918716e+00 2.522994652618e+00 2.547885270034e+00 2.573283859234e+00 2.599206130685e+00 2.625668449459e+00 2.652687869682e+00 2.680282171186e+00 2.708469898529e+00 2.737270402554e+00 2.766703884690e+00 2.796791444208e+00 2.827555128658e+00 2.859017987756e+00 2.891204130972e+00 2.924138789147e+00 2.957848380456e+00 2.992360581082e+00 3.027704401001e+00 3.063910265309e+00 3.101010101576e+00 3.139037433751e+00
1.427807486632e+00 1.435455441700e+00 1.443189328848e+00 1.451010604551e+00 1.458920758387e+00 1.466921313982e+00 1.475013829985e+00 1.483199901087e+00 1.491481159062e+00 1.499859273855e+00 1.508335954705e+00 1.516912951305e+00 1.525592055007e+00 1.534375100070e+00 1.543263964954e+00 1.552260573655e+00 1.561366897095e+00 1.570584954566e+00 1.579916815215e+00 1.589364599600e+00 1.598930481289e+00 1.608616688534e+00 1.618425505997e+00 1.628359276549e+00 1.638420403133e+00 1.648611350706e+00 1.658934648248e+00 1.669392890855e+00 1.679988741918e+00 1.690724935379e+00 1.701604278086e+00 1.712629652238e+00 1.723804017934e+00 1.735130415816e+00 1.746611969833e+00 1.758251890113e+00 1.770053475952e+00 1.782020118936e+00 1.794155306187e+00 1.806462623754e+00 1.818945760143e+00 1.831608510006e+00 1.844454777982e+00 1.857488582718e+00 1.870714061052e+00 1.884135472399e+00 1.897757203319e+00 1.911583772297e+00 1.925619834745e+00 1.939870188223e+00 1.954339777908e+00 1.969033702317e+00 1.983957219295e+00 1.999115752289e+00 2.014514896917e+00 2.030160427860e+00 2.046058306076e+00 2.062214686377e+00 2.078635925372e+00 2.095328589804e+00 2.112299465311e+00 2.129555565616e+00 2.147104142198e+00 2.164952694448e+00 2.183108980358e+00 2.201581027762e+00 2.220377146173e+00 2.239505939246e+00 2.258976317910e+00 2.278797514209e+00 2.298979095894e+00 2.319530981831e+00 2.340463458248e+00 2.361787195907e+00 2.383513268240e+00 2.405653170521e+00 2.428218840155e+00 2.451222678131e+00 2.474677571754e+00 2.498596918716e+00 2.522994652618e+00 2.547885270034e+00 2.573283859234e+00 2.599206130685e+00 2.625668449459e+00 2.652687869682e+00 2.680282171186e+00 2.708469898529e+00 2.737270402554e+00 2.766703884690e+00 2.796791444208e+00 2.827555128658e+00 2.859017987756e+00 2.891204130972e+00 2.924138789147e+00 2.957848380456e+00 2.992360581082e+00 3.027704401001e+00 3.063910265309e+00 3.101010101576e+00 3.139037433751e+00
1.427807486632e+00 1.435455441700e+00 1.443189328848e+00 1.451010604551e+00 1.458920758387e+00 1.466921313982e+00 1.475013829985e+00 1.483199901087e+00 1.491481159062e+00 1.499859273855e+00 1.508335954705e+00 1.516912951305e+00 1.525592055007e+00 1.534375100070e+00 1.543263964954e+00 1.552260573655e+00 1.561366897095e+00 1.570584954566e+00 1.579916815215e+00 1.589364599600e+00 1.598930481289e+00 1.608616688534e+00 1.618425505997e+00 1.628359276549e+00 1.638420403133e+00 1.648611350706e+00 1.658934648248e+00 1.669392890855e+00 1.679988741918e+00 1.690724935379e+00 1.701604278086e+00 1.712629652238e+00 1.723804017934e+00 1.735130415816e+00 1.746611969833e+00 1.758251890113e+00 1.770053475952e+00 1.782020118936e+00 1.794155306187e+00 1.806462623754e+00 1.818945760143e+00 1.831608510006e+00 1.844454777982e+00 1.857488582718e+00 1.870714061052e+00 1.884135472399e+00 1.897757203319e+00 1.911583772297e+00 1.925619834745e+00 1.939870188223e+00 1.954339777908e+00 1.969033702317e+00 1.983957219295e+00 1.999115752289e+00 2.014514896917e+00 2.030160427860e+00 2.046058306076e+00 2.062214686377e+00 2.078635925372e+00 2.095328589804e+00 2.112299465311e+00 2.129555565616e+00 2.147104142198e+00 2.164952694448e+00 2.183108980358e+00 2.201581027762e+00 2.220377146173e+00 2.239505939246e+00 2.258976317910e+00 2.278797514209e+00 2.298979095894e+00 2.319530981831e+00 2.340463458248e+00 2.361787195907e+00 2.383513268240e+00 2.405653170521e+00 2.428218840155e+00 2.451222678131e+00 2.474677571754e+00 2.498596918716e+00 2.522994652618e+00 2.547885270034e+00 2.573283859234e+00 2.599206130685e+00 2.625668449459e+00 2.652687869682e+00 2.680282171186e+00 2.708469898529e+00 2.737270402554e+00 2.766703884690e+00 2.796791444208e+00 2.827555128658e+00 2.859017987756e+00 2.891204130972e+00 2.924138789147e+00 2.957848380456e+00 2.992360581082e+00 3.027704401001e+00 3.063910265309e+00 3.101010101576e+00 3.139037433751e+00
