121 121
-1.00000000 -0.98333333 -0.96666667 -0.95000000 -0.93333333 -0.91666667 -0.90000000 -0.88333333 -0.86666667 -0.85000000 -0.83333333 -0.81666667 -0.80000000 -0.78333333 -0.76666667 -0.75000000 -0.73333333 -0.71666667 -0.70000000 -0.68333333 -0.66666667 -0.65000000 -0.63333333 -0.61666667 -0.60000000 -0.58333333 -0.56666667 -0.55000000 -0.53333333 -0.51666667 -0.50000000 -0.48333333 -0.46666667 -0.45000000 -0.43333333 -0.41666667 -0.40000000 -0.38333333 -0.36666667 -0.35000000 -0.33333333 -0.31666667 -0.30000000 -0.28333333 -0.26666667 -0.25000000 -0.23333333 -0.21666667 -0.20000000 -0.18333333 -0.16666667 -0.15000000 -0.13333333 -0.11666667 -0.10000000 -0.08333333 -0.06666667 -0.05000000 -0.03333333 -0.01666667 0.00000000 0.01666667 0.03333333 0.05000000 0.06666667 0.08333333 0.10000000 0.11666667 0.13333333 0.15000000 0.16666667 0.18333333 0.20000000 0.21666667 0.23333333 0.25000000 0.26666667 0.28333333 0.30000000 0.31666667 0.33333333 0.35000000 0.36666667 0.38333333 0.40000000 0.41666667 0.43333333 0.45000000 0.46666667 0.48333333 0.50000000 0.51666667 0.53333333 0.55000000 0.56666667 0.58333333 0.60000000 0.61666667 0.63333333 0.65000000 0.66666667 0.68333333 0.70000000 0.71666667 0.73333333 0.75000000 0.76666667 0.78333333 0.80000000 0.81666667 0.83333333 0.85000000 0.86666667 0.88333333 0.90000000 0.91666667 0.93333333 0.95000000 0.96666667 0.98333333 1.00000000
0.00000000 0.00833333 0.01666667 0.02500000 0.03333333 0.04166667 0.05000000 0.05833333 0.06666667 0.07500000 0.08333333 0.09166667 0.10000000 0.10833333 0.11666667 0.12500000 0.13333333 0.14166667 0.15000000 0.15833333 0.16666667 0.17500000 0.18333333 0.19166667 0.20000000 0.20833333 0.21666667 0.22500000 0.23333333 0.24166667 0.25000000 0.25833333 0.26666667 0.27500000 0.28333333 0.29166667 0.30000000 0.30833333 0.31666667 0.32500000 0.33333333 0.34166667 0.35000000 0.35833333 0.36666667 0.37500000 0.38333333 0.39166667 0.40000000 0.40833333 0.41666667 0.42500000 0.43333333 0.44166667 0.45000000 0.45833333 0.46666667 0.47500000 0.48333333 0.49166667 0.50000000 0.50833333 0.51666667 0.52500000 0.53333333 0.54166667 0.55000000 0.55833333 0.56666667 0.57500000 0.58333333 0.59166667 0.60000000 0.60833333 0.61666667 0.62500000 0.63333333 0.64166667 0.65000000 0.65833333 0.66666667 0.67500000 0.68333333 0.69166667 0.70000000 0.70833333 0.71666667 0.72500000 0.73333333 0.74166667 0.75000000 0.75833333 0.76666667 0.77500000 0.78333333 0.79166667 0.80000000 0.80833333 0.81666667 0.82500000 0.83333333 0.84166667 0.85000000 0.85833333 0.86666667 0.87500000 0.88333333 0.89166667 0.90000000 0.90833333 0.91666667 0.92500000 0.93333333 0.94166667 0.95000000 0.95833333 0.96666667 0.97500000 0.98333333 0.99166667 1.00000000
1.000000000000e-12 1.000000000000e-12 1.000000000000e-12 1.000000000000e-12 1.000000000000e-12 1.000000000000e-12 1.000000000000e-12 1.000000000000e-12 1.000000000000e-12 1.000000000000e-12 1.000000000000e-12 1.000000000000e-12 1.000000000000e-12 1.000000000000e-12 1.000000000000e-12 1.000000000000e-12 1.000000000000e-12 1.000000000000e-12 1.000000000000e-12 1.000000000000e-12 1.000000000000e-12 1.000000000000e-12 1.000000000000e-12 1.000000000000e-12 1.000000000000e-12 1.000000000000e-12 1.000000000000e-12 1.000000000000e-12 1.000000000000e-12 1.000000000000e-12 1.000000000000e-12 1.000000000000e-12 1.000000000000e-12 1.000000000000e-12 1.000000000000e-12 1.000000000000e-12 1.000000000000e-12 1.000000000000e-12 1.000000000000e-12 1.000000000000e-12 1.000000000000e-12 1.000000000000e-12 1.000000000000e-12 1.000000000000e-12 1.000000000000e-12 1.000000000000e-12 1.000000000000e-12 1.000000000000e-12 1.000000000000e-12 1.000000000000e-12 1.000000000000e-12 1.000000000000e-12 1.000000000000e-12 1.000000000000e-12 1.000000000000e-12 1.000000000000e-12 1.000000000000e-12 1.000000000000e-12 1.000000000000e-12 1.000000000000e-12 1.000000000000e-12 1.000000000000e-12 1.000000000000e-12 1.000000000000e-12 1.000000000000e-12 1.000000000000e-12 1.000000000000e-12 1.000000000000e-12 1.000000000000e-12 1.000000000000e-12 1.000000000000e-12 1.000000000000e-12 1.000000000000e-12 1.000000000000e-12 1.000000000000e-12 1.000000000000e-12 1.000000000000e-12 1.627798607115e-12 3.814460052519e-11 8.389062776826e-10 1.719415690935e-08 3.242658742012e-07 5.486744274042e-06 7.865263402648e-05 8.270339891317e-04 4.832481797189e-03 1.378224480558e-02 2.472148361921e-02 3.576667522369e-02 4.659782911937e-02 5.719097462886e-02 6.755149846789e-02 7.768680722739e-02 8.760415331341e-02 9.731049210280e-02 1.068124869224e-01 1.161165235169e-01 1.252287243054e-01 1.341549618125e-01 1.429008712891e-01 1.514718625762e-01 1.598731312636e-01 1.681096691924e-01 1.761862743459e-01 1.841075601695e-01 1.918779643583e-01 1.995017571474e-01 2.069830491367e-01 2.143257986817e-01 2.215338188773e-01 2.286107841602e-01 2.355602365552e-01 2.423855915859e-01 2.490901438728e-01 2.556770724353e-01 2.621494457185e-01 2.685102263588e-01 2.747622757062e-01 2.809083581155e-01 2.869511450221e-01 2.928932188135e-01
1.000000000000e-12 1.000000000000e-12 1.000000000000e-12 1.000000000000e-12 1.000000000000e-12 1.000000000000e-12 1.000000000000e-12 1.000000000000e-12 1.000000000000e-12 1.000000000000e-12 1.000000000000e-12 1.000000000000e-12 1.000000000000e-12 1.000000000000e-12 1.000000000000e-12 1.000000000000e-12 1.000000000000e-12 1.000000000000e-12 1.000000000000e-12 1.000000000000e-12 1.000000000000e-12 1.000000000000e-12 1.000000000000e-12 1.000000000000e-12 1.000000000000e-12 1.000000000000e-12 1.000000000000e-12 1.000000000000e-12 1.000000000000e-12 1.000000000000e-12 1.000000000000e-12 1.000000000000e-12 1.000000000000e-12 1.000000000000e-12 1.000000000000e-12 1.000000000000e-12 1.000000000000e-12 1.000000000000e-12 1.000000000000e-12 1.000000000000e-12 1.000000000000e-12 1.000000000000e-12 1.000000000000e-12 1.000000000000e-12 1.000000000000e-12 1.000000000000e-12 1.000000000000e-12 1.000000000000e-12 1.000000000000e-12 1.000000000000e-12 1.000000000000e-12 1.000000000000e-12 1.000000000000e-12 1.000000000000e-12 1.000000000000e-12 1.000000000000e-12 1.000000000000e-12 1.000000000000e-12 1.000000000000e-12 1.000000000000e-12 1.000000000000e-12 1.000000000000e-12 1.000000000000e-12 1.000000000000e-12 1.000000000000e-12 1.000000000000e-12 1.000000000000e-12 1.000000000000e-12 1.000000000000e-12 1.000000000000e-12 1.000000000000e-12 1.000000000000e-12 1.000000000000e-12 1.000000000000e-12 1.000000000000e-12 1.000000000000e-12 1.000000000000e-12 1.641951662483e-12 3.847410970317e-11 8.460898744878e-10 1.733956131750e-08 3.269556567278e-07 5.530755280648e-06 7.924097104186e-05 8.322269717718e-04 4.852651955434e-03 1.381411005351e-02 2.475560439790e-02 3.580069317899e-02 4.663148838737e-02 5.722426165808e-02 6.758441983096e-02 7.771937075840e-02 8.763636669955e-02 9.734236279338e-02 1.068440221320e-01 1.161477302348e-01 1.252596093045e-01 1.341855316586e-01 1.429311323489e-01 1.515018210254e-01 1.599027930945e-01 1.681390402210e-01 1.762153602188e-01 1.841363663706e-01 1.919064962147e-01 1.995300198353e-01 2.070110476873e-01 2.143535379865e-01 2.215613036930e-01 2.286380191140e-01 2.355872261490e-01 2.424123402013e-01 2.491166557747e-01 2.557033517767e-01 2.621754965438e-01 2.685360526081e-01 2.747878812183e-01 2.809337466317e-01 2.869763201894e-01 2.929181841878e-01
1.000000000000e-12 1.000000000000e-12 1.000000000000e-12 1.000000000000e-12 1.000000000000e-12 1.000000000000e-12 1.000000000000e-12 1.000000000000e-12 1.000000000000e-12 1.000000000000e-12 1.000000000000e-12 1.000000000000e-12 1.000000000000e-12 1.000000000000e-12 1.000000000000e-12 1.000000000000e-12 1.000000000000e-12 1.000000000000e-12 1.000000000000e-12 1.000000000000e-12 1.000000000000e-12 1.000000000000e-12 1.000000000000e-12 1.000000000000e-12 1.000000000000e-12 1.000000000000e-12 1.000000000000e-12 1.000000000000e-12 1.000000000000e-12 1.000000000000e-12 1.000000000000e-12 1.000000000000e-12 1.000000000000e-12 1.000000000000e-12 1.000000000000e-12 1.000000000000e-12 1.000000000000e-12 1.000000000000e-12 1.000000000000e-12 1.000000000000e-12 1.000000000000e-12 1.000000000000e-12 1.000000000000e-12 1.000000000000e-12 1.000000000000e-12 1.000000000000e-12 1.000000000000e-12 1.000000000000e-12 1.000000000000e-12 1.000000000000e-12 1.000000000000e-12 1.000000000000e-12 1.000000000000e-12 1.000000000000e-12 1.000000000000e-12 1.000000000000e-12 1.000000000000e-12 1.000000000000e-12 1.000000000000e-12 1.000000000000e-12 1.000000000000e-12 1.000000000000e-12 1.000000000000e-12 1.000000000000e-12 1.000000000000e-12 1.000000000000e-12 1.000000000000e-12 1.000000000000e-12 1.000000000000e-12 1.000000000000e-12 1.000000000000e-12 1.000000000000e-12 1.000000000000e-12 1.000000000000e-12 1.000000000000e-12 1.000000000000e-12 1.000000000000e-12 1.686139153902e-12 3.950274798627e-11 8.685113183623e-10 1.779328672817e-08 3.353457418255e-07 5.667942744916e-06 8.107222598216e-05 8.483348524277e-04 4.914846988301e-03 1.391196629404e-02 2.486028160924e-02 3.590504190095e-02 4.673473569795e-02 5.732636706489e-02 6.768540357844e-02 7.781925688313e-02 8.773517878182e-02 9.744012368342e-02 1.069407539601e-01 1.162434544396e-01 1.253543466619e-01 1.342793023082e-01 1.430239558203e-01 1.515937162620e-01 1.599937784773e-01 1.682291335902e-01 1.763045788952e-01 1.842247271750e-01 1.919940154877e-01 1.996167134548e-01 2.070969310860e-01 2.144386261686e-01 2.216456112496e-01 2.287215602382e-01 2.356700146505e-01 2.424943895197e-01 2.491979789930e-01 2.557839616334e-01 2.622554054453e-01 2.686152726397e-01 2.748664241556e-01 2.810116239509e-01 2.870535430774e-01 2.929947635517e-01
1.000000000000e-12 1.000000000000e-12 1.000000000000e-12 1.000000000000e-12 1.000000000000e-12 1.000000000000e-12 1.000000000000e-12 1.000000000000e-12 1.000000000000e-12 1.000000000000e-12 1.000000000000e-12 1.000000000000e-12 1.000000000000e-12 1.000000000000e-12 1.000000000000e-12 1.000000000000e-12 1.000000000000e-12 1.000000000000e-12 1.000000000000e-12 1.000000000000e-12 1.000000000000e-12 1.000000000000e-12 1.000000000000e-12 1.000000000000e-12 1.000000000000e-12 1.000000000000e-12 1.000000000000e-12 1.000000000000e-12 1.000000000000e-12 1.000000000000e-12 1.000000000000e-12 1.000000000000e-12 1.000000000000e-12 1.000000000000e-12 1.000000000000e-12 1.000000000000e-12 1.000000000000e-12 1.000000000000e-12 1.000000000000e-12 1.000000000000e-12 1.000000000000e-12 1.000000000000e-12 1.000000000000e-12 1.000000000000e-12 1.000000000000e-12 1.000000000000e-12 1.000000000000e-12 1.000000000000e-12 1.000000000000e-12 1.000000000000e-12 1.000000000000e-12 1.000000000000e-12 1.000000000000e-12 1.000000000000e-12 1.000000000000e-12 1.000000000000e-12 1.000000000000e-12 1.000000000000e-12 1.000000000000e-12 1.000000000000e-12 1.000000000000e-12 1.000000000000e-12 1.000000000000e-12 1.000000000000e-12 1.000000000000e-12 1.000000000000e-12 1.000000000000e-12 1.000000000000e-12 1.000000000000e-12 1.000000000000e-12 1.000000000000e-12 1.000000000000e-12 1.000000000000e-12 1.000000000000e-12 1.000000000000e-12 1.000000000000e-12 1.000000000000e-12 1.764380124297e-12 4.132365191792e-11 9.081881749294e-10 1.859579454564e-08 3.501736954138e-07 5.910057275062e-06 8.429446154695e-05 8.764770200140e-04 5.022198293664e-03 1.407947807740e-02 2.503910714665e-02 3.608326174506e-02 4.691107048925e-02 5.750075131081e-02 6.785787213768e-02 7.798985082811e-02 8.790393838640e-02 9.760708797328e-02 1.071059607311e-01 1.164069403068e-01 1.255161471078e-01 1.344394517291e-01 1.431824875702e-01 1.517506626945e-01 1.601491709847e-01 1.683830026417e-01 1.764569540724e-01 1.843756372063e-01 1.921434882805e-01 1.997647761269e-01 2.072436099949e-01 2.145839469394e-01 2.217895988023e-01 2.288642388132e-01 2.358114078329e-01 2.426345202630e-01 2.493368696412e-01 2.559216339426e-01 2.623918806039e-01 2.687505712884e-01 2.750005664056e-01 2.811446294022e-01 2.871854308357e-01 2.931255522454e-01
1.000000000000e-12 1.000000000000e-12 1.000000000000e-12 1.000000000000e-12 1.000000000000e-12 1.000000000000e-12 1.000000000000e-12 1.000000000000e-12 1.000000000000e-12 1.000000000000e-12 1.000000000000e-12 1.000000000000e-12 1.000000000000e-12 1.000000000000e-12 1.000000000000e-12 1.000000000000e-12 1.000000000000e-12 1.000000000000e-12 1.000000000000e-12 1.000000000000e-12 1.000000000000e-12 1.000000000000e-12 1.000000000000e-12 1.000000000000e-12 1.000000000000e-12 1.000000000000e-12 1.000000000000e-12 1.000000000000e-12 1.000000000000e-12 1.000000000000e-12 1.000000000000e-12 1.000000000000e-12 1.000000000000e-12 1.000000000000e-12 1.000000000000e-12 1.000000000000e-12 1.000000000000e-12 1.000000000000e-12 1.000000000000e-12 1.000000000000e-12 1.000000000000e-12 1.000000000000e-12 1.000000000000e-12 1.000000000000e-12 1.000000000000e-12 1.000000000000e-12 1.000000000000e-12 1.000000000000e-12 1.000000000000e-12 1.000000000000e-12 1.000000000000e-12 1.000000000000e-12 1.000000000000e-12 1.000000000000e-12 1.000000000000e-12 1.000000000000e-12 1.000000000000e-12 1.000000000000e-12 1.000000000000e-12 1.000000000000e-12 1.000000000000e-12 1.000000000000e-12 1.000000000000e-12 1.000000000000e-12 1.000000000000e-12 1.000000000000e-12 1.000000000000e-12 1.000000000000e-12 1.000000000000e-12 1.000000000000e-12 1.000000000000e-12 1.000000000000e-12 1.000000000000e-12 1.000000000000e-12 1.000000000000e-12 1.000000000000e-12 1.000000000000e-12 1.883061289442e-12 4.408463695858e-11 9.683168470065e-10 1.981102146377e-08 3.726001614011e-07 6.275446775827e-06 8.913475565873e-05 9.182855597396e-04 5.178730598085e-03 1.432069110138e-02 2.529583493106e-02 3.633902541720e-02 4.716412061455e-02 5.775100165779e-02 6.810537332943e-02 7.823466184931e-02 8.814611703525e-02 9.784669025383e-02 1.073430408824e-01 1.166415508732e-01 1.257483390085e-01 1.346692743248e-01 1.434099887255e-01 1.519758888383e-01 1.603721671666e-01 1.686038125865e-01 1.766756202313e-01 1.845922008060e-01 1.923579893698e-01 1.999772536210e-01 2.074541017180e-01 2.147924896651e-01 2.219962282920e-01 2.290689898530e-01 2.360143142687e-01 2.428356150342e-01 2.495361848126e-01 2.561192007353e-01 2.625877294246e-01 2.689447317571e-01 2.751930673831e-01 2.813354990155e-01 2.873746965027e-01 2.933132406986e-01
1.000000000000e-12 1.000000000000e-12 1.000000000000e-12 1.000000000000e-12 1.000000000000e-12 1.000000000000e-12 1.000000000000e-12 1.000000000000e-12 1.000000000000e-12 1.000000000000e-12 1.000000000000e-12 1.000000000000e-12 1.000000000000e-12 1.000000000000e-12 1.000000000000e-12 1.000000000000e-12 1.000000000000e-12 1.000000000000e-12 1.000000000000e-12 1.000000000000e-12 1.000000000000e-12 1.000000000000e-12 1.000000000000e-12 1.000000000000e-12 1.000000000000e-12 1.000000000000e-12 1.000000000000e-12 1.000000000000e-12 1.000000000000e-12 1.000000000000e-12 1.000000000000e-12 1.000000000000e-12 1.000000000000e-12 1.000000000000e-12 1.000000000000e-12 1.000000000000e-12 1.000000000000e-12 1.000000000000e-12 1.000000000000e-12 1.000000000000e-12 1.000000000000e-12 1.000000000000e-12 1.000000000000e-12 1.000000000000e-12 1.000000000000e-12 1.000000000000e-12 1.000000000000e-12 1.000000000000e-12 1.000000000000e-12 1.000000000000e-12 1.000000000000e-12 1.000000000000e-12 1.000000000000e-12 1.000000000000e-12 1.000000000000e-12 1.000000000000e-12 1.000000000000e-12 1.000000000000e-12 1.000000000000e-12 1.000000000000e-12 1.000000000000e-12 1.000000000000e-12 1.000000000000e-12 1.000000000000e-12 1.000000000000e-12 1.000000000000e-12 1.000000000000e-12 1.000000000000e-12 1.000000000000e-12 1.000000000000e-12 1.000000000000e-12 1.000000000000e-12 1.000000000000e-12 1.000000000000e-12 1.000000000000e-12 1.000000000000e-12 1.000000000000e-12 2.051795294654e-12 4.800792611564e-11 1.053695157521e-09 2.153471351493e-08 4.043566676088e-07 6.791290280031e-06 9.592395731294e-05 9.760316219569e-04 5.389469822872e-03 1.464004018223e-02 2.563438185301e-02 3.667613951069e-02 4.749764396469e-02 5.808083378241e-02 6.843158196498e-02 7.855732481204e-02 8.846531050891e-02 9.816248805260e-02 1.076555144939e-01 1.169507695512e-01 1.260543698651e-01 1.349721824175e-01 1.437098371406e-01 1.522727387691e-01 1.606660779893e-01 1.688948419305e-01 1.769638240477e-01 1.848776334319e-01 1.926407035897e-01 2.002573007256e-01 2.077315315600e-01 2.150673507122e-01 2.222685676781e-01 2.293388534265e-01 2.362817466389e-01 2.431006596153e-01 2.497988838665e-01 2.563795954115e-01 2.628458597993e-01 2.692006368700e-01 2.754467852728e-01 2.815870667535e-01 2.876241502262e-01 2.935606156410e-01
1.000000000000e-12 1.000000000000e-12 1.000000000000e-12 1.000000000000e-12 1.000000000000e-12 1.000000000000e-12 1.000000000000e-12 1.000000000000e-12 1.000000000000e-12 1.000000000000e-12 1.000000000000e-12 1.000000000000e-12 1.000000000000e-12 1.000000000000e-12 1.000000000000e-12 1.000000000000e-12 1.000000000000e-12 1.000000000000e-12 1.000000000000e-12 1.000000000000e-12 1.000000000000e-12 1.000000000000e-12 1.000000000000e-12 1.000000000000e-12 1.000000000000e-12 1.000000000000e-12 1.000000000000e-12 1.000000000000e-12 1.000000000000e-12 1.000000000000e-12 1.000000000000e-12 1.000000000000e-12 1.000000000000e-12 1.000000000000e-12 1.000000000000e-12 1.000000000000e-12 1.000000000000e-12 1.000000000000e-12 1.000000000000e-12 1.000000000000e-12 1.000000000000e-12 1.000000000000e-12 1.000000000000e-12 1.000000000000e-12 1.000000000000e-12 1.000000000000e-12 1.000000000000e-12 1.000000000000e-12 1.000000000000e-12 1.000000000000e-12 1.000000000000e-12 1.000000000000e-12 1.000000000000e-12 1.000000000000e-12 1.000000000000e-12 1.000000000000e-12 1.000000000000e-12 1.000000000000e-12 1.000000000000e-12 1.000000000000e-12 1.000000000000e-12 1.000000000000e-12 1.000000000000e-12 1.000000000000e-12 1.000000000000e-12 1.000000000000e-12 1.000000000000e-12 1.000000000000e-12 1.000000000000e-12 1.000000000000e-12 1.000000000000e-12 1.000000000000e-12 1.000000000000e-12 1.000000000000e-12 1.000000000000e-12 1.000000000000e-12 1.000000000000e-12 2.284761041915e-12 5.342090911772e-11 1.171379677865e-09 2.390734434017e-08 4.479733855634e-07 7.496999689047e-06 1.051332531049e-04 1.052794538405e-03 5.660542138968e-03 1.504234001700e-02 2.605882574566e-02 3.709854546008e-02 4.791552973577e-02 5.849409305653e-02 6.884030111490e-02 7.896160144594e-02 8.886524008812e-02 9.855816306223e-02 1.080470245034e-01 1.173382013315e-01 1.264378075033e-01 1.353517074268e-01 1.440855285639e-01 1.526446732782e-01 1.610343299784e-01 1.692594836061e-01 1.773249255128e-01 1.852352627675e-01 1.929949269316e-01 2.006081823380e-01 2.080791339049e-01 2.154117345169e-01 2.226097919984e-01 2.296769757075e-01 2.366168227732e-01 2.434327439984e-01 2.501280294498e-01 2.567058537528e-01 2.631692811115e-01 2.695212700674e-01 2.757646780156e-01 2.819022654900e-01 2.879367002338e-01 2.938705610652e-01
1.000000000000e-12 1.000000000000e-12 1.000000000000e-12 1.000000000000e-12 1.000000000000e-12 1.000000000000e-12 1.000000000000e-12 1.000000000000e-12 1.000000000000e-12 1.000000000000e-12 1.000000000000e-12 1.000000000000e-12 1.000000000000e-12 1.000000000000e-12 1.000000000000e-12 1.000000000000e-12 1.000000000000e-12 1.000000000000e-12 1.000000000000e-12 1.000000000000e-12 1.000000000000e-12 1.000000000000e-12 1.000000000000e-12 1.000000000000e-12 1.000000000000e-12 1.000000000000e-12 1.000000000000e-12 1.000000000000e-12 1.000000000000e-12 1.000000000000e-12 1.000000000000e-12 1.000000000000e-12 1.000000000000e-12 1.000000000000e-12 1.000000000000e-12 1.000000000000e-12 1.000000000000e-12 1.000000000000e-12 1.000000000000e-12 1.000000000000e-12 1.000000000000e-12 1.000000000000e-12 1.000000000000e-12 1.000000000000e-12 1.000000000000e-12 1.000000000000e-12 1.000000000000e-12 1.000000000000e-12 1.000000000000e-12 1.000000000000e-12 1.000000000000e-12 1.000000000000e-12 1.000000000000e-12 1.000000000000e-12 1.000000000000e-12 1.000000000000e-12 1.000000000000e-12 1.000000000000e-12 1.000000000000e-12 1.000000000000e-12 1.000000000000e-12 1.000000000000e-12 1.000000000000e-12 1.000000000000e-12 1.000000000000e-12 1.000000000000e-12 1.000000000000e-12 1.000000000000e-12 1.000000000000e-12 1.000000000000e-12 1.000000000000e-12 1.000000000000e-12 1.000000000000e-12 1.000000000000e-12 1.000000000000e-12 1.000000000000e-12 1.000000000000e-12 2.602801807597e-12 6.080420815964e-11 1.331710370305e-09 2.713417681819e-08 5.071305867126e-07 8.449401409220e-06 1.174280016212e-04 1.152684531195e-03 5.999251397441e-03 1.553275643352e-02 2.657340038085e-02 3.761031988051e-02 4.842179929729e-02 5.899475544902e-02 6.933546300405e-02 7.945138123061e-02 8.934975342982e-02 9.903752200713e-02 1.085213375647e-01 1.178075736317e-01 1.269023409139e-01 1.358115007005e-01 1.445406774611e-01 1.530952706865e-01 1.614804660262e-01 1.697012457710e-01 1.777623987247e-01 1.856685295062e-01 1.934240673204e-01 2.010332742325e-01 2.085002529780e-01 2.158289543393e-01 2.230231841160e-01 2.300866097150e-01 2.370227663842e-01 2.438350631129e-01 2.505267882181e-01 2.571011146373e-01 2.635611049448e-01 2.699097161090e-01 2.761498040055e-01 2.822841277004e-01 2.883153535180e-01 2.942460589054e-01
1.000000000000e-12 1.000000000000e-12 1.000000000000e-12 1.000000000000e-12 1.000000000000e-12 1.000000000000e-12 1.000000000000e-12 1.000000000000e-12 1.000000000000e-12 1.000000000000e-12 1.000000000000e-12 1.000000000000e-12 1.000000000000e-12 1.000000000000e-12 1.000000000000e-12 1.000000000000e-12 1.000000000000e-12 1.000000000000e-12 1.000000000000e-12 1.000000000000e-12 1.000000000000e-12 1.000000000000e-12 1.000000000000e-12 1.000000000000e-12 1.000000000000e-12 1.000000000000e-12 1.000000000000e-12 1.000000000000e-12 1.000000000000e-12 1.000000000000e-12 1.000000000000e-12 1.000000000000e-12 1.000000000000e-12 1.000000000000e-12 1.000000000000e-12 1.000000000000e-12 1.000000000000e-12 1.000000000000e-12 1.000000000000e-12 1.000000000000e-12 1.000000000000e-12 1.000000000000e-12 1.000000000000e-12 1.000000000000e-12 1.000000000000e-12 1.000000000000e-12 1.000000000000e-12 1.000000000000e-12 1.000000000000e-12 1.000000000000e-12 1.000000000000e-12 1.000000000000e-12 1.000000000000e-12 1.000000000000e-12 1.000000000000e-12 1.000000000000e-12 1.000000000000e-12 1.000000000000e-12 1.000000000000e-12 1.000000000000e-12 1.000000000000e-12 1.000000000000e-12 1.000000000000e-12 1.000000000000e-12 1.000000000000e-12 1.000000000000e-12 1.000000000000e-12 1.000000000000e-12 1.000000000000e-12 1.000000000000e-12 1.000000000000e-12 1.000000000000e-12 1.000000000000e-12 1.000000000000e-12 1.000000000000e-12 1.000000000000e-12 1.000000000000e-12 3.036743162549e-12 7.086754296162e-11 1.549923462691e-09 3.151671101586e-08 5.872056610768e-07 9.730683258766e-06 1.337470968689e-04 1.281130454736e-03 6.414116727351e-03 1.611675732108e-02 2.718248780927e-02 3.821567429174e-02 4.902060661566e-02 5.958692799987e-02 6.992112948455e-02 8.003068186367e-02 8.992282503032e-02 9.960449710171e-02 1.090823445004e-01 1.183627367452e-01 1.274517806963e-01 1.363553339545e-01 1.450790174499e-01 1.536282272754e-01 1.620081458172e-01 1.702237522308e-01 1.782798323062e-01 1.861809877648e-01 1.939316450242e-01 2.015360634674e-01 2.089983432480e-01 2.163224326624e-01 2.235121351150e-01 2.305711157049e-01 2.375029074553e-01 2.443109172102e-01 2.509984312172e-01 2.575686204170e-01 2.640245454569e-01 2.703691614443e-01 2.766053224576e-01 2.827357858266e-01 2.887632161978e-01 2.946901893962e-01
1.000000000000e-12 1.000000000000e-12 1.000000000000e-12 1.000000000000e-12 1.000000000000e-12 1.000000000000e-12 1.000000000000e-12 1.000000000000e-12 1.000000000000e-12 1.000000000000e-12 1.000000000000e-12 1.000000000000e-12 1.000000000000e-12 1.000000000000e-12 1.000000000000e-12 1.000000000000e-12 1.000000000000e-12 1.000000000000e-12 1.000000000000e-12 1.000000000000e-12 1.000000000000e-12 1.000000000000e-12 1.000000000000e-12 1.000000000000e-12 1.000000000000e-12 1.000000000000e-12 1.000000000000e-12 1.000000000000e-12 1.000000000000e-12 1.000000000000e-12 1.000000000000e-12 1.000000000000e-12 1.000000000000e-12 1.000000000000e-12 1.000000000000e-12 1.000000000000e-12 1.000000000000e-12 1.000000000000e-12 1.000000000000e-12 1.000000000000e-12 1.000000000000e-12 1.000000000000e-12 1.000000000000e-12 1.000000000000e-12 1.000000000000e-12 1.000000000000e-12 1.000000000000e-12 1.000000000000e-12 1.000000000000e-12 1.000000000000e-12 1.000000000000e-12 1.000000000000e-12 1.000000000000e-12 1.000000000000e-12 1.000000000000e-12 1.000000000000e-12 1.000000000000e-12 1.000000000000e-12 1.000000000000e-12 1.000000000000e-12 1.000000000000e-12 1.000000000000e-12 1.000000000000e-12 1.000000000000e-12 1.000000000000e-12 1.000000000000e-12 1.000000000000e-12 1.000000000000e-12 1.000000000000e-12 1.000000000000e-12 1.000000000000e-12 1.000000000000e-12 1.000000000000e-12 1.000000000000e-12 1.000000000000e-12 1.000000000000e-12 1.000000000000e-12 3.632717717683e-12 8.467122515866e-11 1.848726614025e-09 3.750266209959e-08 6.961354609041e-07 1.146071099975e-05 1.554203533442e-04 1.445242238378e-03 6.914846945031e-03 1.680004460924e-02 2.789060869998e-02 3.891895425198e-02 4.971623818706e-02 6.027484881507e-02 7.060149203529e-02 8.070364926060e-02 9.058855622509e-02 1.002631460502e-01 1.097340603021e-01 1.190076638406e-01 1.280900590588e-01 1.369870992724e-01 1.457044013000e-01 1.542473572870e-01 1.626211458287e-01 1.708307424382e-01 1.788809294049e-01 1.867763050837e-01 1.945212926543e-01 2.021201483840e-01 2.095769694271e-01 2.168957011917e-01 2.240801443000e-01 2.311339611700e-01 2.380606822405e-01 2.448637118634e-01 2.515463338823e-01 2.581117169184e-01 2.645629193800e-01 2.709028942129e-01 2.771344934077e-01 2.832604722771e-01 2.892834935185e-01 2.952061310725e-01
1.000000000000e-12 1.000000000000e-12 1.000000000000e-12 1.000000000000e-12 1.000000000000e-12 1.000000000000e-12 1.000000000000e-12 1.000000000000e-12 1.000000000000e-12 1.000000000000e-12 1.000000000000e-12 1.000000000000e-12 1.000000000000e-12 1.000000000000e-12 1.000000000000e-12 1.000000000000e-12 1.000000000000e-12 1.000000000000e-12 1.000000000000e-12 1.000000000000e-12 1.000000000000e-12 1.000000000000e-12 1.000000000000e-12 1.000000000000e-12 1.000000000000e-12 1.000000000000e-12 1.000000000000e-12 1.000000000000e-12 1.000000000000e-12 1.000000000000e-12 1.000000000000e-12 1.000000000000e-12 1.000000000000e-12 1.000000000000e-12 1.000000000000e-12 1.000000000000e-12 1.000000000000e-12 1.000000000000e-12 1.000000000000e-12 1.000000000000e-12 1.000000000000e-12 1.000000000000e-12 1.000000000000e-12 1.000000000000e-12 1.000000000000e-12 1.000000000000e-12 1.000000000000e-12 1.000000000000e-12 1.000000000000e-12 1.000000000000e-12 1.000000000000e-12 1.000000000000e-12 1.000000000000e-12 1.000000000000e-12 1.000000000000e-12 1.000000000000e-12 1.000000000000e-12 1.000000000000e-12 1.000000000000e-12 1.000000000000e-12 1.000000000000e-12 1.000000000000e-12 1.000000000000e-12 1.000000000000e-12 1.000000000000e-12 1.000000000000e-12 1.000000000000e-12 1.000000000000e-12 1.000000000000e-12 1.000000000000e-12 1.000000000000e-12 1.000000000000e-12 1.000000000000e-12 1.000000000000e-12 1.000000000000e-12 1.000000000000e-12 1.000000000000e-12 4.460862612282e-12 1.038241429316e-10 2.262481244253e-09 4.576670605744e-08 8.457967589174e-07 1.381635833288e-05 1.843427230856e-04 1.654251075646e-03 7.512225340674e-03 1.758847139086e-02 2.870241161613e-02 3.972463794426e-02 5.051311243170e-02 6.106288652774e-02 7.138087123324e-02 8.147455703214e-02 9.135117467181e-02 1.010176515351e-01 1.104806236241e-01 1.197464504613e-01 1.288212293226e-01 1.377108086152e-01 1.464208004474e-01 1.549565924429e-01 1.633233588543e-01 1.715260710224e-01 1.795695072261e-01 1.874582619643e-01 1.951967547075e-01 2.027892381537e-01 2.102398060214e-01 2.175524004101e-01 2.247308187549e-01 2.317787204026e-01 2.386996328314e-01 2.454969575383e-01 2.521739756132e-01 2.587338530201e-01 2.651796456025e-01 2.715143038301e-01 2.777406773016e-01 2.838615190194e-01 2.898794894478e-01 2.957971603691e-01
1.000000000000e-12 1.000000000000e-12 1.000000000000e-12 1.000000000000e-12 1.000000000000e-12 1.000000000000e-12 1.000000000000e-12 1.000000000000e-12 1.000000000000e-12 1.000000000000e-12 1.000000000000e-12 1.000000000000e-12 1.000000000000e-12 1.000000000000e-12 1.000000000000e-12 1.000000000000e-12 1.000000000000e-12 1.000000000000e-12 1.000000000000e-12 1.000000000000e-12 1.000000000000e-12 1.000000000000e-12 1.000000000000e-12 1.000000000000e-12 1.000000000000e-12 1.000000000000e-12 1.000000000000e-12 1.000000000000e-12 1.000000000000e-12 1.000000000000e-12 1.000000000000e-12 1.000000000000e-12 1.000000000000e-12 1.000000000000e-12 1.000000000000e-12 1.000000000000e-12 1.000000000000e-12 1.000000000000e-12 1.000000000000e-12 1.000000000000e-12 1.000000000000e-12 1.000000000000e-12 1.000000000000e-12 1.000000000000e-12 1.000000000000e-12 1.000000000000e-12 1.000000000000e-12 1.000000000000e-12 1.000000000000e-12 1.000000000000e-12 1.000000000000e-12 1.000000000000e-12 1.000000000000e-12 1.000000000000e-12 1.000000000000e-12 1.000000000000e-12 1.000000000000e-12 1.000000000000e-12 1.000000000000e-12 1.000000000000e-12 1.000000000000e-12 1.000000000000e-12 1.000000000000e-12 1.000000000000e-12 1.000000000000e-12 1.000000000000e-12 1.000000000000e-12 1.000000000000e-12 1.000000000000e-12 1.000000000000e-12 1.000000000000e-12 1.000000000000e-12 1.000000000000e-12 1.000000000000e-12 1.000000000000e-12 1.000000000000e-12 1.000000000000e-12 5.629808842280e-12 1.308127281093e-10 2.844125692995e-09 5.734335435534e-08 1.054254098749e-06 1.706226046395e-05 2.232333869445e-04 1.920015079119e-03 8.217880178760e-03 1.848795121505e-02 2.962266232835e-02 4.063733426082e-02 5.141577849870e-02 6.195553916769e-02 7.226371563914e-02 8.234780538228e-02 9.221503326028e-02 1.018723201390e-01 1.113262957164e-01 1.205833134693e-01 1.296494648769e-01 1.385305927863e-01 1.472323039703e-01 1.557599809306e-01 1.641187930006e-01 1.723137067947e-01 1.803494960491e-01 1.882307508948e-01 1.959618866005e-01 2.035471518213e-01 2.109906363837e-01 2.182962786394e-01 2.254678724134e-01 2.325090735732e-01 2.394234062437e-01 2.462142686880e-01 2.528849388766e-01 2.594385797636e-01 2.658782442874e-01 2.722068801126e-01 2.784273341287e-01 2.845423567208e-01 2.905546058240e-01 2.964666507755e-01
1.000000000000e-12 1.000000000000e-12 1.000000000000e-12 1.000000000000e-12 1.000000000000e-12 1.000000000000e-12 1.000000000000e-12 1.000000000000e-12 1.000000000000e-12 1.000000000000e-12 1.000000000000e-12 1.000000000000e-12 1.000000000000e-12 1.000000000000e-12 1.000000000000e-12 1.000000000000e-12 1.000000000000e-12 1.000000000000e-12 1.000000000000e-12 1.000000000000e-12 1.000000000000e-12 1.000000000000e-12 1.000000000000e-12 1.000000000000e-12 1.000000000000e-12 1.000000000000e-12 1.000000000000e-12 1.000000000000e-12 1.000000000000e-12 1.000000000000e-12 1.000000000000e-12 1.000000000000e-12 1.000000000000e-12 1.000000000000e-12 1.000000000000e-12 1.000000000000e-12 1.000000000000e-12 1.000000000000e-12 1.000000000000e-12 1.000000000000e-12 1.000000000000e-12 1.000000000000e-12 1.000000000000e-12 1.000000000000e-12 1.000000000000e-12 1.000000000000e-12 1.000000000000e-12 1.000000000000e-12 1.000000000000e-12 1.000000000000e-12 1.000000000000e-12 1.000000000000e-12 1.000000000000e-12 1.000000000000e-12 1.000000000000e-12 1.000000000000e-12 1.000000000000e-12 1.000000000000e-12 1.000000000000e-12 1.000000000000e-12 1.000000000000e-12 1.000000000000e-12 1.000000000000e-12 1.000000000000e-12 1.000000000000e-12 1.000000000000e-12 1.000000000000e-12 1.000000000000e-12 1.000000000000e-12 1.000000000000e-12 1.000000000000e-12 1.000000000000e-12 1.000000000000e-12 1.000000000000e-12 1.000000000000e-12 1.000000000000e-12 1.000000000000e-12 7.311340114731e-12 1.695591897162e-10 3.676873880439e-09 7.384998888460e-08 1.349487400325e-06 2.160043332675e-05 2.760207271017e-04 2.257548995778e-03 9.043926203262e-03 1.950436910825e-02 3.065623426160e-02 4.166178041738e-02 5.242891442682e-02 6.295743237887e-02 7.325460003700e-02 8.332791936717e-02 9.318460838998e-02 1.028315806400e-01 1.122754587385e-01 1.215225893766e-01 1.305790575273e-01 1.394506997975e-01 1.481431169712e-01 1.566616858015e-01 1.650115701005e-01 1.731977311780e-01 1.812249376714e-01 1.890977748092e-01 1.968206531443e-01 2.043978167939e-01 2.118333512164e-01 2.191311905570e-01 2.262951245886e-01 2.333288052741e-01 2.402357529743e-01 2.470193623228e-01 2.536829077890e-01 2.602295489487e-01 2.666623354796e-01 2.729842118979e-01 2.791980220526e-01 2.853065133911e-01 2.913123410097e-01 2.972180715013e-01
1.000000000000e-12 1.000000000000e-12 1.000000000000e-12 1.000000000000e-12 1.000000000000e-12 1.000000000000e-12 1.000000000000e-12 1.000000000000e-12 1.000000000000e-12 1.000000000000e-12 1.000000000000e-12 1.000000000000e-12 1.000000000000e-12 1.000000000000e-12 1.000000000000e-12 1.000000000000e-12 1.000000000000e-12 1.000000000000e-12 1.000000000000e-12 1.000000000000e-12 1.000000000000e-12 1.000000000000e-12 1.000000000000e-12 1.000000000000e-12 1.000000000000e-12 1.000000000000e-12 1.000000000000e-12 1.000000000000e-12 1.000000000000e-12 1.000000000000e-12 1.000000000000e-12 1.000000000000e-12 1.000000000000e-12 1.000000000000e-12 1.000000000000e-12 1.000000000000e-12 1.000000000000e-12 1.000000000000e-12 1.000000000000e-12 1.000000000000e-12 1.000000000000e-12 1.000000000000e-12 1.000000000000e-12 1.000000000000e-12 1.000000000000e-12 1.000000000000e-12 1.000000000000e-12 1.000000000000e-12 1.000000000000e-12 1.000000000000e-12 1.000000000000e-12 1.000000000000e-12 1.000000000000e-12 1.000000000000e-12 1.000000000000e-12 1.000000000000e-12 1.000000000000e-12 1.000000000000e-12 1.000000000000e-12 1.000000000000e-12 1.000000000000e-12 1.000000000000e-12 1.000000000000e-12 1.000000000000e-12 1.000000000000e-12 1.000000000000e-12 1.000000000000e-12 1.000000000000e-12 1.000000000000e-12 1.000000000000e-12 1.000000000000e-12 1.000000000000e-12 1.000000000000e-12 1.000000000000e-12 1.000000000000e-12 1.000000000000e-12 1.000000000000e-12 9.783325607603e-12 2.263902961813e-10 4.894421731248e-09 9.786918509315e-08 1.775692668848e-06 2.805144682774e-05 3.484110899015e-04 2.685488826460e-03 1.000248321259e-02 2.064350524923e-02 3.180810096593e-02 4.280283909798e-02 5.355732460088e-02 6.407331692122e-02 7.435822296447e-02 8.441954645232e-02 9.426449755360e-02 1.038999816213e-01 1.133326133937e-01 1.225687320041e-01 1.316144151794e-01 1.404754925755e-01 1.491575583071e-01 1.576659827240e-01 1.660059234891e-01 1.741823360039e-01 1.821999832272e-01 1.900634449269e-01 1.977771264038e-01 2.053452667207e-01 2.127719464710e-01 2.200610951148e-01 2.272164979119e-01 2.342418024763e-01 2.411405249766e-01 2.479160560036e-01 2.545716661274e-01 2.611105111614e-01 2.675356371513e-01 2.738499851069e-01 2.800563954906e-01 2.861576124780e-01 2.921562880033e-01 2.980549856033e-01
1.000000000000e-12 1.000000000000e-12 1.000000000000e-12 1.000000000000e-12 1.000000000000e-12 1.000000000000e-12 1.000000000000e-12 1.000000000000e-12 1.000000000000e-12 1.000000000000e-12 1.000000000000e-12 1.000000000000e-12 1.000000000000e-12 1.000000000000e-12 1.000000000000e-12 1.000000000000e-12 1.000000000000e-12 1.000000000000e-12 1.000000000000e-12 1.000000000000e-12 1.000000000000e-12 1.000000000000e-12 1.000000000000e-12 1.000000000000e-12 1.000000000000e-12 1.000000000000e-12 1.000000000000e-12 1.000000000000e-12 1.000000000000e-12 1.000000000000e-12 1.000000000000e-12 1.000000000000e-12 1.000000000000e-12 1.000000000000e-12 1.000000000000e-12 1.000000000000e-12 1.000000000000e-12 1.000000000000e-12 1.000000000000e-12 1.000000000000e-12 1.000000000000e-12 1.000000000000e-12 1.000000000000e-12 1.000000000000e-12 1.000000000000e-12 1.000000000000e-12 1.000000000000e-12 1.000000000000e-12 1.000000000000e-12 1.000000000000e-12 1.000000000000e-12 1.000000000000e-12 1.000000000000e-12 1.000000000000e-12 1.000000000000e-12 1.000000000000e-12 1.000000000000e-12 1.000000000000e-12 1.000000000000e-12 1.000000000000e-12 1.000000000000e-12 1.000000000000e-12 1.000000000000e-12 1.000000000000e-12 1.000000000000e-12 1.000000000000e-12 1.000000000000e-12 1.000000000000e-12 1.000000000000e-12 1.000000000000e-12 1.000000000000e-12 1.000000000000e-12 1.000000000000e-12 1.000000000000e-12 1.000000000000e-12 1.000000000000e-12 1.000000000000e-12 1.350629352342e-11 3.117590292361e-10 6.716665563592e-09 1.336187069780e-07 2.404144256494e-06 3.738895974727e-05 4.487180937989e-04 3.226335595226e-03 1.110510908526e-02 2.191098169726e-02 3.308333111241e-02 4.406549508831e-02 5.480593643812e-02 6.530806539079e-02 7.557940346866e-02 8.562745330365e-02 9.545941616257e-02 1.050821883304e-01 1.145023758217e-01 1.237263094068e-01 1.327600587944e-01 1.416094459496e-01 1.502800576066e-01 1.587772570306e-01 1.671061950798e-01 1.752718206182e-01 1.832788903209e-01 1.911319779140e-01 1.988354828863e-01 2.063936387081e-01 2.138105205893e-01 2.210900528061e-01 2.282360156244e-01 2.352520518460e-01 2.421416730005e-01 2.489082652059e-01 2.555550947173e-01 2.620853131847e-01 2.685019626353e-01 2.748079801988e-01 2.810062025902e-01 2.870993703649e-01 2.930901319585e-01 2.989810475255e-01
1.000000000000e-12 1.000000000000e-12 1.000000000000e-12 1.000000000000e-12 1.000000000000e-12 1.000000000000e-12 1.000000000000e-12 1.000000000000e-12 1.000000000000e-12 1.000000000000e-12 1.000000000000e-12 1.000000000000e-12 1.000000000000e-12 1.000000000000e-12 1.000000000000e-12 1.000000000000e-12 1.000000000000e-12 1.000000000000e-12 1.000000000000e-12 1.000000000000e-12 1.000000000000e-12 1.000000000000e-12 1.000000000000e-12 1.000000000000e-12 1.000000000000e-12 1.000000000000e-12 1.000000000000e-12 1.000000000000e-12 1.000000000000e-12 1.000000000000e-12 1.000000000000e-12 1.000000000000e-12 1.000000000000e-12 1.000000000000e-12 1.000000000000e-12 1.000000000000e-12 1.000000000000e-12 1.000000000000e-12 1.000000000000e-12 1.000000000000e-12 1.000000000000e-12 1.000000000000e-12 1.000000000000e-12 1.000000000000e-12 1.000000000000e-12 1.000000000000e-12 1.000000000000e-12 1.000000000000e-12 1.000000000000e-12 1.000000000000e-12 1.000000000000e-12 1.000000000000e-12 1.000000000000e-12 1.000000000000e-12 1.000000000000e-12 1.000000000000e-12 1.000000000000e-12 1.000000000000e-12 1.000000000000e-12 1.000000000000e-12 1.000000000000e-12 1.000000000000e-12 1.000000000000e-12 1.000000000000e-12 1.000000000000e-12 1.000000000000e-12 1.000000000000e-12 1.000000000000e-12 1.000000000000e-12 1.000000000000e-12 1.000000000000e-12 1.000000000000e-12 1.000000000000e-12 1.000000000000e-12 1.000000000000e-12 1.000000000000e-12 1.000000000000e-12 1.926352350836e-11 4.433816417117e-10 9.514393667971e-09 1.881529694125e-07 3.352302061176e-06 5.116526406576e-05 5.890422961237e-04 3.906250000000e-03 1.236222078954e-02 2.331223975209e-02 3.448708600097e-02 4.545485130801e-02 5.617979623339e-02 6.666666809006e-02 7.692307702012e-02 8.695652174582e-02 9.677419354885e-02 1.063829787234e-01 1.157894736842e-01 1.250000000000e-01 1.340206185567e-01 1.428571428571e-01 1.515151515152e-01 1.600000000000e-01 1.683168316832e-01 1.764705882353e-01 1.844660194175e-01 1.923076923077e-01 2.000000000000e-01 2.075471698113e-01 2.149532710280e-01 2.222222222222e-01 2.293577981651e-01 2.363636363636e-01 2.432432432432e-01 2.500000000000e-01 2.566371681416e-01 2.631578947368e-01 2.695652173913e-01 2.758620689655e-01 2.820512820513e-01 2.881355932203e-01 2.941176470588e-01 3.000000000000e-01
1.000000000000e-12 1.000000000000e-12 1.000000000000e-12 1.000000000000e-12 1.000000000000e-12 1.000000000000e-12 1.000000000000e-12 1.000000000000e-12 1.000000000000e-12 1.000000000000e-12 1.000000000000e-12 1.000000000000e-12 1.000000000000e-12 1.000000000000e-12 1.000000000000e-12 1.000000000000e-12 1.000000000000e-12 1.000000000000e-12 1.000000000000e-12 1.000000000000e-12 1.000000000000e-12 1.000000000000e-12 1.000000000000e-12 1.000000000000e-12 1.000000000000e-12 1.000000000000e-12 1.000000000000e-12 1.000000000000e-12 1.000000000000e-12 1.000000000000e-12 1.000000000000e-12 1.000000000000e-12 1.000000000000e-12 1.000000000000e-12 1.000000000000e-12 1.000000000000e-12 1.000000000000e-12 1.000000000000e-12 1.000000000000e-12 1.000000000000e-12 1.000000000000e-12 1.000000000000e-12 1.000000000000e-12 1.000000000000e-12 1.000000000000e-12 1.000000000000e-12 1.000000000000e-12 1.000000000000e-12 1.000000000000e-12 1.000000000000e-12 1.000000000000e-12 1.000000000000e-12 1.000000000000e-12 1.000000000000e-12 1.000000000000e-12 1.000000000000e-12 1.000000000000e-12 1.000000000000e-12 1.000000000000e-12 1.000000000000e-12 1.000000000000e-12 1.000000000000e-12 1.000000000000e-12 1.000000000000e-12 1.000000000000e-12 1.000000000000e-12 1.000000000000e-12 1.000000000000e-12 1.000000000000e-12 1.000000000000e-12 1.000000000000e-12 1.000000000000e-12 1.000000000000e-12 1.000000000000e-12 1.000000000000e-12 1.000000000000e-12 1.161635944558e-12 2.842429802107e-11 6.521058068589e-10 1.392947089034e-08 2.735696341568e-07 4.818110068303e-06 7.189275004411e-05 7.868780930981e-04 4.754128582645e-03 1.378260574005e-02 2.485255062629e-02 3.602461903038e-02 4.697612410980e-02 5.768406408773e-02 6.815422797850e-02 7.839429051636e-02 8.841174381981e-02 9.821376807566e-02 1.078072386278e-01 1.171987413790e-01 1.263945878230e-01 1.354008291856e-01 1.442232697041e-01 1.528674791011e-01 1.613388043101e-01 1.696423805050e-01 1.777831414805e-01 1.857658294272e-01 1.935950041443e-01 2.012750517239e-01 2.088101927453e-01 2.162044900094e-01 2.234618558427e-01 2.305860590001e-01 2.375807311910e-01 2.444493732523e-01 2.511953609911e-01 2.578219507169e-01 2.643322844825e-01 2.707293950522e-01 2.770162106121e-01 2.831955592394e-01 2.892701731441e-01 2.952426926975e-01 3.011156702584e-01
1.000000000000e-12 1.000000000000e-12 1.000000000000e-12 1.000000000000e-12 1.000000000000e-12 1.000000000000e-12 1.000000000000e-12 1.000000000000e-12 1.000000000000e-12 1.000000000000e-12 1.000000000000e-12 1.000000000000e-12 1.000000000000e-12 1.000000000000e-12 1.000000000000e-12 1.000000000000e-12 1.000000000000e-12 1.000000000000e-12 1.000000000000e-12 1.000000000000e-12 1.000000000000e-12 1.000000000000e-12 1.000000000000e-12 1.000000000000e-12 1.000000000000e-12 1.000000000000e-12 1.000000000000e-12 1.000000000000e-12 1.000000000000e-12 1.000000000000e-12 1.000000000000e-12 1.000000000000e-12 1.000000000000e-12 1.000000000000e-12 1.000000000000e-12 1.000000000000e-12 1.000000000000e-12 1.000000000000e-12 1.000000000000e-12 1.000000000000e-12 1.000000000000e-12 1.000000000000e-12 1.000000000000e-12 1.000000000000e-12 1.000000000000e-12 1.000000000000e-12 1.000000000000e-12 1.000000000000e-12 1.000000000000e-12 1.000000000000e-12 1.000000000000e-12 1.000000000000e-12 1.000000000000e-12 1.000000000000e-12 1.000000000000e-12 1.000000000000e-12 1.000000000000e-12 1.000000000000e-12 1.000000000000e-12 1.000000000000e-12 1.000000000000e-12 1.000000000000e-12 1.000000000000e-12 1.000000000000e-12 1.000000000000e-12 1.000000000000e-12 1.000000000000e-12 1.000000000000e-12 1.000000000000e-12 1.000000000000e-12 1.000000000000e-12 1.000000000000e-12 1.000000000000e-12 1.000000000000e-12 1.000000000000e-12 1.000000000000e-12 1.780714744277e-12 4.345268217507e-11 9.931937363847e-10 2.110412364256e-08 4.111633671785e-07 7.142809652961e-06 1.036920499071e-04 1.067143117369e-03 5.799748687515e-03 1.537313157429e-02 2.653705608581e-02 3.770127613652e-02 4.863463768488e-02 5.932400784208e-02 6.977595463273e-02 7.999819630539e-02 8.999821587122e-02 9.978318128925e-02 1.093599559562e-01 1.187351143145e-01 1.279149568738e-01 1.369055243287e-01 1.457126108151e-01 1.543417763624e-01 1.627983585988e-01 1.710874837612e-01 1.792140770577e-01 1.871828724260e-01 1.949984217296e-01 2.026651034274e-01 2.101871307536e-01 2.175685594381e-01 2.248132949989e-01 2.319250996319e-01 2.389075987262e-01 2.457642870260e-01 2.524985344632e-01 2.591135916804e-01 2.656125952621e-01 2.719985726946e-01 2.782744470679e-01 2.844430415374e-01 2.905070835583e-01 2.964692089066e-01 3.023319654990e-01
1.000000000000e-12 1.000000000000e-12 1.000000000000e-12 1.000000000000e-12 1.000000000000e-12 1.000000000000e-12 1.000000000000e-12 1.000000000000e-12 1.000000000000e-12 1.000000000000e-12 1.000000000000e-12 1.000000000000e-12 1.000000000000e-12 1.000000000000e-12 1.000000000000e-12 1.000000000000e-12 1.000000000000e-12 1.000000000000e-12 1.000000000000e-12 1.000000000000e-12 1.000000000000e-12 1.000000000000e-12 1.000000000000e-12 1.000000000000e-12 1.000000000000e-12 1.000000000000e-12 1.000000000000e-12 1.000000000000e-12 1.000000000000e-12 1.000000000000e-12 1.000000000000e-12 1.000000000000e-12 1.000000000000e-12 1.000000000000e-12 1.000000000000e-12 1.000000000000e-12 1.000000000000e-12 1.000000000000e-12 1.000000000000e-12 1.000000000000e-12 1.000000000000e-12 1.000000000000e-12 1.000000000000e-12 1.000000000000e-12 1.000000000000e-12 1.000000000000e-12 1.000000000000e-12 1.000000000000e-12 1.000000000000e-12 1.000000000000e-12 1.000000000000e-12 1.000000000000e-12 1.000000000000e-12 1.000000000000e-12 1.000000000000e-12 1.000000000000e-12 1.000000000000e-12 1.000000000000e-12 1.000000000000e-12 1.000000000000e-12 1.000000000000e-12 1.000000000000e-12 1.000000000000e-12 1.000000000000e-12 1.000000000000e-12 1.000000000000e-12 1.000000000000e-12 1.000000000000e-12 1.000000000000e-12 1.000000000000e-12 1.000000000000e-12 1.000000000000e-12 1.000000000000e-12 1.000000000000e-12 1.000000000000e-12 1.000000000000e-12 2.833226710144e-12 6.892023607511e-11 1.568650514689e-09 3.313061023655e-08 6.394451009576e-07 1.092821009431e-05 1.533910499742e-04 1.464403174022e-03 7.070996494487e-03 1.713873316218e-02 2.837083006872e-02 3.952249595639e-02 5.043581740462e-02 6.110499593780e-02 7.153715714526e-02 8.174004515952e-02 9.172113160030e-02 1.014875710438e-01 1.110462139049e-01 1.204036221796e-01 1.295660844485e-01 1.385396299697e-01 1.473300419088e-01 1.559428697683e-01 1.643834410706e-01 1.726568723471e-01 1.807680794810e-01 1.887217874472e-01 1.965225394909e-01 2.041747057815e-01 2.116824915760e-01 2.190499449258e-01 2.262809639542e-01 2.333793037345e-01 2.403485827914e-01 2.471922892528e-01 2.539137866702e-01 2.605163195315e-01 2.670030184830e-01 2.733769052788e-01 2.796408974746e-01 2.857978128808e-01 2.918503737886e-01 2.978012109837e-01 3.036528675588e-01
1.000000000000e-12 1.000000000000e-12 1.000000000000e-12 1.000000000000e-12 1.000000000000e-12 1.000000000000e-12 1.000000000000e-12 1.000000000000e-12 1.000000000000e-12 1.000000000000e-12 1.000000000000e-12 1.000000000000e-12 1.000000000000e-12 1.000000000000e-12 1.000000000000e-12 1.000000000000e-12 1.000000000000e-12 1.000000000000e-12 1.000000000000e-12 1.000000000000e-12 1.000000000000e-12 1.000000000000e-12 1.000000000000e-12 1.000000000000e-12 1.000000000000e-12 1.000000000000e-12 1.000000000000e-12 1.000000000000e-12 1.000000000000e-12 1.000000000000e-12 1.000000000000e-12 1.000000000000e-12 1.000000000000e-12 1.000000000000e-12 1.000000000000e-12 1.000000000000e-12 1.000000000000e-12 1.000000000000e-12 1.000000000000e-12 1.000000000000e-12 1.000000000000e-12 1.000000000000e-12 1.000000000000e-12 1.000000000000e-12 1.000000000000e-12 1.000000000000e-12 1.000000000000e-12 1.000000000000e-12 1.000000000000e-12 1.000000000000e-12 1.000000000000e-12 1.000000000000e-12 1.000000000000e-12 1.000000000000e-12 1.000000000000e-12 1.000000000000e-12 1.000000000000e-12 1.000000000000e-12 1.000000000000e-12 1.000000000000e-12 1.000000000000e-12 1.000000000000e-12 1.000000000000e-12 1.000000000000e-12 1.000000000000e-12 1.000000000000e-12 1.000000000000e-12 1.000000000000e-12 1.000000000000e-12 1.000000000000e-12 1.000000000000e-12 1.000000000000e-12 1.000000000000e-12 1.000000000000e-12 1.000000000000e-12 1.000000000000e-12 4.685916175162e-12 1.135849584813e-10 2.572757690579e-09 5.395871956667e-08 1.030026803999e-06 1.725953490799e-05 2.323652400070e-04 2.024622442635e-03 8.590600418521e-03 1.908269289318e-02 3.035894860932e-02 4.149380847343e-02 5.238518193999e-02 6.303248912737e-02 7.344323589185e-02 8.362517813081e-02 9.358577400565e-02 1.033321635315e-01 1.128711830683e-01 1.222093811412e-01 1.313530334210e-01 1.403081567878e-01 1.490805225349e-01 1.576756687719e-01 1.660989120842e-01 1.743553584992e-01 1.824499138080e-01 1.903872932856e-01 1.981720308502e-01 2.058084876992e-01 2.133008604568e-01 2.206531888637e-01 2.278693630409e-01 2.349531303525e-01 2.419081018947e-01 2.487377586344e-01 2.554454572180e-01 2.620344354727e-01 2.685078176177e-01 2.748686192036e-01 2.811197517967e-01 2.872640274224e-01 2.933041627832e-01 2.992427832640e-01 3.050824267368e-01
1.000000000000e-12 1.000000000000e-12 1.000000000000e-12 1.000000000000e-12 1.000000000000e-12 1.000000000000e-12 1.000000000000e-12 1.000000000000e-12 1.000000000000e-12 1.000000000000e-12 1.000000000000e-12 1.000000000000e-12 1.000000000000e-12 1.000000000000e-12 1.000000000000e-12 1.000000000000e-12 1.000000000000e-12 1.000000000000e-12 1.000000000000e-12 1.000000000000e-12 1.000000000000e-12 1.000000000000e-12 1.000000000000e-12 1.000000000000e-12 1.000000000000e-12 1.000000000000e-12 1.000000000000e-12 1.000000000000e-12 1.000000000000e-12 1.000000000000e-12 1.000000000000e-12 1.000000000000e-12 1.000000000000e-12 1.000000000000e-12 1.000000000000e-12 1.000000000000e-12 1.000000000000e-12 1.000000000000e-12 1.000000000000e-12 1.000000000000e-12 1.000000000000e-12 1.000000000000e-12 1.000000000000e-12 1.000000000000e-12 1.000000000000e-12 1.000000000000e-12 1.000000000000e-12 1.000000000000e-12 1.000000000000e-12 1.000000000000e-12 1.000000000000e-12 1.000000000000e-12 1.000000000000e-12 1.000000000000e-12 1.000000000000e-12 1.000000000000e-12 1.000000000000e-12 1.000000000000e-12 1.000000000000e-12 1.000000000000e-12 1.000000000000e-12 1.000000000000e-12 1.000000000000e-12 1.000000000000e-12 1.000000000000e-12 1.000000000000e-12 1.000000000000e-12 1.000000000000e-12 1.000000000000e-12 1.000000000000e-12 1.000000000000e-12 1.000000000000e-12 1.000000000000e-12 1.000000000000e-12 1.000000000000e-12 1.000000000000e-12 8.068813510481e-12 1.947989685602e-10 4.387880499624e-09 9.128216898486e-08 1.719908077768e-06 2.813524587940e-05 3.595300312114e-04 2.805116005756e-03 1.037323971789e-02 2.120715314194e-02 3.250655473575e-02 4.362083113265e-02 5.448833402776e-02 6.511203096257e-02 7.549967309926e-02 8.565901722063e-02 9.559750615516e-02 1.053222641529e-01 1.148401124066e-01 1.241575849075e-01 1.332809433981e-01 1.422161914043e-01 1.509690874104e-01 1.595451572345e-01 1.679497056622e-01 1.761878273883e-01 1.842644173158e-01 1.921841802545e-01 1.999516400598e-01 2.075711482497e-01 2.150468921341e-01 2.223829024880e-01 2.295830607983e-01 2.366511061121e-01 2.435906415111e-01 2.504051402362e-01 2.570979514841e-01 2.636723058957e-01 2.701313207563e-01 2.764780049236e-01 2.827152635019e-01 2.888459022753e-01 2.948726319171e-01 3.007980719850e-01 3.066247547185e-01
1.000000000000e-12 1.000000000000e-12 1.000000000000e-12 1.000000000000e-12 1.000000000000e-12 1.000000000000e-12 1.000000000000e-12 1.000000000000e-12 1.000000000000e-12 1.000000000000e-12 1.000000000000e-12 1.000000000000e-12 1.000000000000e-12 1.000000000000e-12 1.000000000000e-12 1.000000000000e-12 1.000000000000e-12 1.000000000000e-12 1.000000000000e-12 1.000000000000e-12 1.000000000000e-12 1.000000000000e-12 1.000000000000e-12 1.000000000000e-12 1.000000000000e-12 1.000000000000e-12 1.000000000000e-12 1.000000000000e-12 1.000000000000e-12 1.000000000000e-12 1.000000000000e-12 1.000000000000e-12 1.000000000000e-12 1.000000000000e-12 1.000000000000e-12 1.000000000000e-12 1.000000000000e-12 1.000000000000e-12 1.000000000000e-12 1.000000000000e-12 1.000000000000e-12 1.000000000000e-12 1.000000000000e-12 1.000000000000e-12 1.000000000000e-12 1.000000000000e-12 1.000000000000e-12 1.000000000000e-12 1.000000000000e-12 1.000000000000e-12 1.000000000000e-12 1.000000000000e-12 1.000000000000e-12 1.000000000000e-12 1.000000000000e-12 1.000000000000e-12 1.000000000000e-12 1.000000000000e-12 1.000000000000e-12 1.000000000000e-12 1.000000000000e-12 1.000000000000e-12 1.000000000000e-12 1.000000000000e-12 1.000000000000e-12 1.000000000000e-12 1.000000000000e-12 1.000000000000e-12 1.000000000000e-12 1.000000000000e-12 1.000000000000e-12 1.000000000000e-12 1.000000000000e-12 1.000000000000e-12 1.000000000000e-12 1.000000000000e-12 1.448813466413e-11 3.481734989449e-10 7.792716250567e-09 1.605806097434e-07 2.978788264823e-06 4.730457825250e-05 5.659308468752e-04 3.870847025269e-03 1.242408351720e-02 2.351373855307e-02 3.481890746368e-02 4.590926180531e-02 5.675094978886e-02 6.734923699278e-02 7.771202214806e-02 8.784705479907e-02 9.776176072032e-02 1.074632471639e-01 1.169583190025e-01 1.262534945920e-01 1.353550206900e-01 1.442688864561e-01 1.530008365943e-01 1.615563836994e-01 1.699408198624e-01 1.781592275865e-01 1.862164900611e-01 1.941173008373e-01 2.018661729446e-01 2.094674474880e-01 2.169253017570e-01 2.242437568807e-01 2.314266850577e-01 2.384778163875e-01 2.454007453294e-01 2.521989368129e-01 2.588757320200e-01 2.654343538605e-01 2.718779121600e-01 2.782094085760e-01 2.844317412607e-01 2.905477092841e-01 2.965600168325e-01 3.024712771953e-01 3.082840165520e-01
1.000000000000e-12 1.000000000000e-12 1.000000000000e-12 1.000000000000e-12 1.000000000000e-12 1.000000000000e-12 1.000000000000e-12 1.000000000000e-12 1.000000000000e-12 1.000000000000e-12 1.000000000000e-12 1.000000000000e-12 1.000000000000e-12 1.000000000000e-12 1.000000000000e-12 1.000000000000e-12 1.000000000000e-12 1.000000000000e-12 1.000000000000e-12 1.000000000000e-12 1.000000000000e-12 1.000000000000e-12 1.000000000000e-12 1.000000000000e-12 1.000000000000e-12 1.000000000000e-12 1.000000000000e-12 1.000000000000e-12 1.000000000000e-12 1.000000000000e-12 1.000000000000e-12 1.000000000000e-12 1.000000000000e-12 1.000000000000e-12 1.000000000000e-12 1.000000000000e-12 1.000000000000e-12 1.000000000000e-12 1.000000000000e-12 1.000000000000e-12 1.000000000000e-12 1.000000000000e-12 1.000000000000e-12 1.000000000000e-12 1.000000000000e-12 1.000000000000e-12 1.000000000000e-12 1.000000000000e-12 1.000000000000e-12 1.000000000000e-12 1.000000000000e-12 1.000000000000e-12 1.000000000000e-12 1.000000000000e-12 1.000000000000e-12 1.000000000000e-12 1.000000000000e-12 1.000000000000e-12 1.000000000000e-12 1.000000000000e-12 1.000000000000e-12 1.000000000000e-12 1.000000000000e-12 1.000000000000e-12 1.000000000000e-12 1.000000000000e-12 1.000000000000e-12 1.000000000000e-12 1.000000000000e-12 1.000000000000e-12 1.000000000000e-12 1.000000000000e-12 1.000000000000e-12 1.000000000000e-12 1.000000000000e-12 1.063899536892e-12 2.717036237710e-11 6.495284400524e-10 1.443043784231e-08 2.940523248888e-07 5.352850271874e-06 8.190345020025e-05 9.010360103535e-04 5.285637381874e-03 1.473946303148e-02 2.600414600800e-02 3.730140865401e-02 4.836486842224e-02 5.917876654124e-02 6.974978261239e-02 8.008589554958e-02 9.019484171362e-02 1.000840282142e-01 1.097605440396e-01 1.192311765498e-01 1.285024273230e-01 1.375805270384e-01 1.464714494401e-01 1.551809244458e-01 1.637144504615e-01 1.720773059569e-01 1.802745603533e-01 1.883110842714e-01 1.961915591814e-01 2.039204864970e-01 2.115021961494e-01 2.189408546763e-01 2.262404728569e-01 2.334049129230e-01 2.404378953733e-01 2.473430054153e-01 2.541236990602e-01 2.607833088901e-01 2.673250495193e-01 2.737520227692e-01 2.800672225712e-01 2.862735396180e-01 2.923737657751e-01 2.983705982685e-01 3.042666436612e-01 3.100644216307e-01
1.000000000000e-12 1.000000000000e-12 1.000000000000e-12 1.000000000000e-12 1.000000000000e-12 1.000000000000e-12 1.000000000000e-12 1.000000000000e-12 1.000000000000e-12 1.000000000000e-12 1.000000000000e-12 1.000000000000e-12 1.000000000000e-12 1.000000000000e-12 1.000000000000e-12 1.000000000000e-12 1.000000000000e-12 1.000000000000e-12 1.000000000000e-12 1.000000000000e-12 1.000000000000e-12 1.000000000000e-12 1.000000000000e-12 1.000000000000e-12 1.000000000000e-12 1.000000000000e-12 1.000000000000e-12 1.000000000000e-12 1.000000000000e-12 1.000000000000e-12 1.000000000000e-12 1.000000000000e-12 1.000000000000e-12 1.000000000000e-12 1.000000000000e-12 1.000000000000e-12 1.000000000000e-12 1.000000000000e-12 1.000000000000e-12 1.000000000000e-12 1.000000000000e-12 1.000000000000e-12 1.000000000000e-12 1.000000000000e-12 1.000000000000e-12 1.000000000000e-12 1.000000000000e-12 1.000000000000e-12 1.000000000000e-12 1.000000000000e-12 1.000000000000e-12 1.000000000000e-12 1.000000000000e-12 1.000000000000e-12 1.000000000000e-12 1.000000000000e-12 1.000000000000e-12 1.000000000000e-12 1.000000000000e-12 1.000000000000e-12 1.000000000000e-12 1.000000000000e-12 1.000000000000e-12 1.000000000000e-12 1.000000000000e-12 1.000000000000e-12 1.000000000000e-12 1.000000000000e-12 1.000000000000e-12 1.000000000000e-12 1.000000000000e-12 1.000000000000e-12 1.000000000000e-12 1.000000000000e-12 1.000000000000e-12 2.096509135055e-12 5.330328256941e-11 1.266590822543e-09 2.789822277724e-08 5.609795361028e-07 9.978731435446e-06 1.456162015969e-04 1.439525247678e-03 7.099213480902e-03 1.730954334690e-02 2.868058799328e-02 3.995960678674e-02 5.099347546993e-02 6.177756907904e-02 7.231938950326e-02 8.262695154103e-02 9.270797403189e-02 1.025698438781e-01 1.122196305029e-01 1.216641025189e-01 1.309097435450e-01 1.399627670497e-01 1.488291302760e-01 1.575145473140e-01 1.660245013815e-01 1.743642563677e-01 1.825388676908e-01 1.905531925174e-01 1.984118993861e-01 2.061194772767e-01 2.136802441597e-01 2.210983550639e-01 2.283778096895e-01 2.355224595997e-01 2.425360150163e-01 2.494220512434e-01 2.561840147457e-01 2.628252288998e-01 2.693488994405e-01 2.757581196208e-01 2.820558751024e-01 2.882450485929e-01 2.943284242459e-01 3.003086918371e-01 3.061884507292e-01 3.119702136398e-01
1.000000000000e-12 1.000000000000e-12 1.000000000000e-12 1.000000000000e-12 1.000000000000e-12 1.000000000000e-12 1.000000000000e-12 1.000000000000e-12 1.000000000000e-12 1.000000000000e-12 1.000000000000e-12 1.000000000000e-12 1.000000000000e-12 1.000000000000e-12 1.000000000000e-12 1.000000000000e-12 1.000000000000e-12 1.000000000000e-12 1.000000000000e-12 1.000000000000e-12 1.000000000000e-12 1.000000000000e-12 1.000000000000e-12 1.000000000000e-12 1.000000000000e-12 1.000000000000e-12 1.000000000000e-12 1.000000000000e-12 1.000000000000e-12 1.000000000000e-12 1.000000000000e-12 1.000000000000e-12 1.000000000000e-12 1.000000000000e-12 1.000000000000e-12 1.000000000000e-12 1.000000000000e-12 1.000000000000e-12 1.000000000000e-12 1.000000000000e-12 1.000000000000e-12 1.000000000000e-12 1.000000000000e-12 1.000000000000e-12 1.000000000000e-12 1.000000000000e-12 1.000000000000e-12 1.000000000000e-12 1.000000000000e-12 1.000000000000e-12 1.000000000000e-12 1.000000000000e-12 1.000000000000e-12 1.000000000000e-12 1.000000000000e-12 1.000000000000e-12 1.000000000000e-12 1.000000000000e-12 1.000000000000e-12 1.000000000000e-12 1.000000000000e-12 1.000000000000e-12 1.000000000000e-12 1.000000000000e-12 1.000000000000e-12 1.000000000000e-12 1.000000000000e-12 1.000000000000e-12 1.000000000000e-12 1.000000000000e-12 1.000000000000e-12 1.000000000000e-12 1.000000000000e-12 1.000000000000e-12 1.000000000000e-12 4.331492478295e-12 1.095673235302e-10 2.585447579700e-09 5.637469549060e-08 1.115613239850e-06 1.928150253552e-05 2.645897942980e-04 2.284447777962e-03 9.334842945838e-03 2.012201266371e-02 3.154603441770e-02 4.279918107952e-02 5.380094778086e-02 6.455317440924e-02 7.506381062587e-02 8.534087925027e-02 9.539207836987e-02 1.052247731696e-01 1.148460121677e-01 1.242625439531e-01 1.334808329642e-01 1.425070742875e-01 1.513472075422e-01 1.600069299142e-01 1.684917084000e-01 1.768067913160e-01 1.849572191247e-01 1.929478346235e-01 2.007832925398e-01 2.084680685730e-01 2.160064679200e-01 2.234026333169e-01 2.306605526317e-01 2.377840660333e-01 2.447768727669e-01 2.516425375600e-01 2.583844966810e-01 2.650060636750e-01 2.715104347929e-01 2.779006941368e-01 2.841798185356e-01 2.903506821689e-01 2.964160609538e-01 3.023786367084e-01 3.082410011058e-01 3.140056594300e-01
1.000000000000e-12 1.000000000000e-12 1.000000000000e-12 1.000000000000e-12 1.000000000000e-12 1.000000000000e-12 1.000000000000e-12 1.000000000000e-12 1.000000000000e-12 1.000000000000e-12 1.000000000000e-12 1.000000000000e-12 1.000000000000e-12 1.000000000000e-12 1.000000000000e-12 1.000000000000e-12 1.000000000000e-12 1.000000000000e-12 1.000000000000e-12 1.000000000000e-12 1.000000000000e-12 1.000000000000e-12 1.000000000000e-12 1.000000000000e-12 1.000000000000e-12 1.000000000000e-12 1.000000000000e-12 1.000000000000e-12 1.000000000000e-12 1.000000000000e-12 1.000000000000e-12 1.000000000000e-12 1.000000000000e-12 1.000000000000e-12 1.000000000000e-12 1.000000000000e-12 1.000000000000e-12 1.000000000000e-12 1.000000000000e-12 1.000000000000e-12 1.000000000000e-12 1.000000000000e-12 1.000000000000e-12 1.000000000000e-12 1.000000000000e-12 1.000000000000e-12 1.000000000000e-12 1.000000000000e-12 1.000000000000e-12 1.000000000000e-12 1.000000000000e-12 1.000000000000e-12 1.000000000000e-12 1.000000000000e-12 1.000000000000e-12 1.000000000000e-12 1.000000000000e-12 1.000000000000e-12 1.000000000000e-12 1.000000000000e-12 1.000000000000e-12 1.000000000000e-12 1.000000000000e-12 1.000000000000e-12 1.000000000000e-12 1.000000000000e-12 1.000000000000e-12 1.000000000000e-12 1.000000000000e-12 1.000000000000e-12 1.000000000000e-12 1.000000000000e-12 1.000000000000e-12 1.000000000000e-12 1.000000000000e-12 9.398503036581e-12 2.363525432294e-10 5.532136238630e-09 1.191891906190e-07 2.313165378391e-06 3.854300742968e-05 4.877238197258e-04 3.558958209805e-03 1.198444487046e-02 2.316549301634e-02 3.460426105393e-02 4.582591186328e-02 5.679317212523e-02 6.751141494602e-02 7.798881372094e-02 8.823338238973e-02 9.825279576568e-02 1.080543958114e-01 1.176452087597e-01 1.270319618580e-01 1.362210991016e-01 1.452187959859e-01 1.540309733469e-01 1.626633103536e-01 1.711212567136e-01 1.794100441465e-01 1.875346971747e-01 1.955000432809e-01 2.033107224723e-01 2.109711962947e-01 2.184857563300e-01 2.258585322137e-01 2.330934992023e-01 2.401944853208e-01 2.471651781160e-01 2.540091310423e-01 2.607297695013e-01 2.673303965594e-01 2.738141983597e-01 2.801842492513e-01 2.864435166491e-01 2.925948656435e-01 2.986410633731e-01 3.045847831750e-01 3.104286085265e-01 3.161750367887e-01
1.000000000000e-12 1.000000000000e-12 1.000000000000e-12 1.000000000000e-12 1.000000000000e-12 1.000000000000e-12 1.000000000000e-12 1.000000000000e-12 1.000000000000e-12 1.000000000000e-12 1.000000000000e-12 1.000000000000e-12 1.000000000000e-12 1.000000000000e-12 1.000000000000e-12 1.000000000000e-12 1.000000000000e-12 1.000000000000e-12 1.000000000000e-12 1.000000000000e-12 1.000000000000e-12 1.000000000000e-12 1.000000000000e-12 1.000000000000e-12 1.000000000000e-12 1.000000000000e-12 1.000000000000e-12 1.000000000000e-12 1.000000000000e-12 1.000000000000e-12 1.000000000000e-12 1.000000000000e-12 1.000000000000e-12 1.000000000000e-12 1.000000000000e-12 1.000000000000e-12 1.000000000000e-12 1.000000000000e-12 1.000000000000e-12 1.000000000000e-12 1.000000000000e-12 1.000000000000e-12 1.000000000000e-12 1.000000000000e-12 1.000000000000e-12 1.000000000000e-12 1.000000000000e-12 1.000000000000e-12 1.000000000000e-12 1.000000000000e-12 1.000000000000e-12 1.000000000000e-12 1.000000000000e-12 1.000000000000e-12 1.000000000000e-12 1.000000000000e-12 1.000000000000e-12 1.000000000000e-12 1.000000000000e-12 1.000000000000e-12 1.000000000000e-12 1.000000000000e-12 1.000000000000e-12 1.000000000000e-12 1.000000000000e-12 1.000000000000e-12 1.000000000000e-12 1.000000000000e-12 1.000000000000e-12 1.000000000000e-12 1.000000000000e-12 1.000000000000e-12 1.000000000000e-12 1.000000000000e-12 1.000000000000e-12 2.145315077318e-11 5.358660007960e-10 1.242390154921e-08 2.638536156624e-07 4.998573099082e-06 7.941937793859e-05 9.020453136768e-04 5.379512754381e-03 1.501488127176e-02 2.643174214231e-02 3.785975633027e-02 4.904564353853e-02 5.997603705467e-02 7.065812016532e-02 8.110016329305e-02 9.131016144907e-02 1.012957640686e-01 1.110642883721e-01 1.206227368842e-01 1.299778141514e-01 1.391359424235e-01 1.481032763566e-01 1.568857168065e-01 1.654889237779e-01 1.739183285882e-01 1.821791453023e-01 1.902763814874e-01 1.982148483356e-01 2.059991701964e-01 2.136337935599e-01 2.211229955260e-01 2.284708917946e-01 2.356814442078e-01 2.427584678725e-01 2.497056378920e-01 2.565264957294e-01 2.632244552273e-01 2.698028083056e-01 2.762647303560e-01 2.826132853529e-01 2.888514306977e-01 2.949820218123e-01 3.010078164977e-01 3.069314790697e-01 3.127555842877e-01 3.184826210853e-01
1.000000000000e-12 1.000000000000e-12 1.000000000000e-12 1.000000000000e-12 1.000000000000e-12 1.000000000000e-12 1.000000000000e-12 1.000000000000e-12 1.000000000000e-12 1.000000000000e-12 1.000000000000e-12 1.000000000000e-12 1.000000000000e-12 1.000000000000e-12 1.000000000000e-12 1.000000000000e-12 1.000000000000e-12 1.000000000000e-12 1.000000000000e-12 1.000000000000e-12 1.000000000000e-12 1.000000000000e-12 1.000000000000e-12 1.000000000000e-12 1.000000000000e-12 1.000000000000e-12 1.000000000000e-12 1.000000000000e-12 1.000000000000e-12 1.000000000000e-12 1.000000000000e-12 1.000000000000e-12 1.000000000000e-12 1.000000000000e-12 1.000000000000e-12 1.000000000000e-12 1.000000000000e-12 1.000000000000e-12 1.000000000000e-12 1.000000000000e-12 1.000000000000e-12 1.000000000000e-12 1.000000000000e-12 1.000000000000e-12 1.000000000000e-12 1.000000000000e-12 1.000000000000e-12 1.000000000000e-12 1.000000000000e-12 1.000000000000e-12 1.000000000000e-12 1.000000000000e-12 1.000000000000e-12 1.000000000000e-12 1.000000000000e-12 1.000000000000e-12 1.000000000000e-12 1.000000000000e-12 1.000000000000e-12 1.000000000000e-12 1.000000000000e-12 1.000000000000e-12 1.000000000000e-12 1.000000000000e-12 1.000000000000e-12 1.000000000000e-12 1.000000000000e-12 1.000000000000e-12 1.000000000000e-12 1.000000000000e-12 1.000000000000e-12 1.000000000000e-12 1.000000000000e-12 1.000000000000e-12 1.942557312673e-12 5.160041457511e-11 1.278796079940e-09 2.931639346520e-08 6.118301381519e-07 1.124196913976e-05 1.676425479984e-04 1.648607929804e-03 7.815892139202e-03 1.838205465692e-02 2.991641907794e-02 4.131755302942e-02 5.246424527883e-02 6.335541131554e-02 7.399909672195e-02 8.440360105901e-02 9.457689436832e-02 1.045265988250e-01 1.142600053595e-01 1.237840913234e-01 1.331055371603e-01 1.422307420323e-01 1.511658384695e-01 1.599167061141e-01 1.684889846232e-01 1.768880857886e-01 1.851192049307e-01 1.931873316146e-01 2.010972597360e-01 2.088535970201e-01 2.164607739718e-01 2.239230523150e-01 2.312445329535e-01 2.384291634867e-01 2.454807453062e-01 2.524029403034e-01 2.591992772097e-01 2.658731575952e-01 2.724278615453e-01 2.788665530360e-01 2.851922850269e-01 2.914080042876e-01 2.975165559748e-01 3.035206879750e-01 3.094230550260e-01 3.152262226309e-01 3.209326707756e-01
1.000000000000e-12 1.000000000000e-12 1.000000000000e-12 1.000000000000e-12 1.000000000000e-12 1.000000000000e-12 1.000000000000e-12 1.000000000000e-12 1.000000000000e-12 1.000000000000e-12 1.000000000000e-12 1.000000000000e-12 1.000000000000e-12 1.000000000000e-12 1.000000000000e-12 1.000000000000e-12 1.000000000000e-12 1.000000000000e-12 1.000000000000e-12 1.000000000000e-12 1.000000000000e-12 1.000000000000e-12 1.000000000000e-12 1.000000000000e-12 1.000000000000e-12 1.000000000000e-12 1.000000000000e-12 1.000000000000e-12 1.000000000000e-12 1.000000000000e-12 1.000000000000e-12 1.000000000000e-12 1.000000000000e-12 1.000000000000e-12 1.000000000000e-12 1.000000000000e-12 1.000000000000e-12 1.000000000000e-12 1.000000000000e-12 1.000000000000e-12 1.000000000000e-12 1.000000000000e-12 1.000000000000e-12 1.000000000000e-12 1.000000000000e-12 1.000000000000e-12 1.000000000000e-12 1.000000000000e-12 1.000000000000e-12 1.000000000000e-12 1.000000000000e-12 1.000000000000e-12 1.000000000000e-12 1.000000000000e-12 1.000000000000e-12 1.000000000000e-12 1.000000000000e-12 1.000000000000e-12 1.000000000000e-12 1.000000000000e-12 1.000000000000e-12 1.000000000000e-12 1.000000000000e-12 1.000000000000e-12 1.000000000000e-12 1.000000000000e-12 1.000000000000e-12 1.000000000000e-12 1.000000000000e-12 1.000000000000e-12 1.000000000000e-12 1.000000000000e-12 1.000000000000e-12 1.000000000000e-12 4.964519202226e-12 1.309906500580e-10 3.216455572106e-09 7.274827216959e-08 1.485806053728e-06 2.623930138770e-05 3.588185929405e-04 2.921808377466e-03 1.086286522765e-02 2.204495438231e-02 3.361875674945e-02 4.498304246142e-02 5.608757274752e-02 6.693712100242e-02 7.754010703430e-02 8.790482485647e-02 9.803921568661e-02 1.079508726568e-01 1.176470588235e-01 1.271347248577e-01 1.364205256571e-01 1.455108359133e-01 1.544117647059e-01 1.631291691935e-01 1.716686674670e-01 1.800356506239e-01 1.882352941176e-01 1.962725684333e-01 2.041522491349e-01 2.118789263278e-01 2.194570135747e-01 2.268907563025e-01 2.341842397336e-01 2.413413963716e-01 2.483660130719e-01 2.552617377226e-01 2.620320855615e-01 2.686804451510e-01 2.752100840336e-01 2.816241540864e-01 2.879256965944e-01 2.941176470588e-01 3.002028397566e-01 3.061840120664e-01 3.120638085743e-01 3.178447849728e-01 3.235294117647e-01
1.000000000000e-12 1.000000000000e-12 1.000000000000e-12 1.000000000000e-12 1.000000000000e-12 1.000000000000e-12 1.000000000000e-12 1.000000000000e-12 1.000000000000e-12 1.000000000000e-12 1.000000000000e-12 1.000000000000e-12 1.000000000000e-12 1.000000000000e-12 1.000000000000e-12 1.000000000000e-12 1.000000000000e-12 1.000000000000e-12 1.000000000000e-12 1.000000000000e-12 1.000000000000e-12 1.000000000000e-12 1.000000000000e-12 1.000000000000e-12 1.000000000000e-12 1.000000000000e-12 1.000000000000e-12 1.000000000000e-12 1.000000000000e-12 1.000000000000e-12 1.000000000000e-12 1.000000000000e-12 1.000000000000e-12 1.000000000000e-12 1.000000000000e-12 1.000000000000e-12 1.000000000000e-12 1.000000000000e-12 1.000000000000e-12 1.000000000000e-12 1.000000000000e-12 1.000000000000e-12 1.000000000000e-12 1.000000000000e-12 1.000000000000e-12 1.000000000000e-12 1.000000000000e-12 1.000000000000e-12 1.000000000000e-12 1.000000000000e-12 1.000000000000e-12 1.000000000000e-12 1.000000000000e-12 1.000000000000e-12 1.000000000000e-12 1.000000000000e-12 1.000000000000e-12 1.000000000000e-12 1.000000000000e-12 1.000000000000e-12 1.000000000000e-12 1.000000000000e-12 1.000000000000e-12 1.000000000000e-12 1.000000000000e-12 1.000000000000e-12 1.000000000000e-12 1.000000000000e-12 1.000000000000e-12 1.000000000000e-12 1.000000000000e-12 1.000000000000e-12 1.000000000000e-12 1.000000000000e-12 1.342598611211e-11 3.514875645206e-10 8.536701529000e-09 1.899346043620e-07 3.774781286194e-06 6.322135774369e-05 7.663678318695e-04 4.924626257516e-03 1.444861956416e-02 2.597373819101e-02 3.754069324486e-02 4.886180781701e-02 5.992143222285e-02 7.072692550583e-02 8.128684634837e-02 9.160946602408e-02 1.017026941776e-01 1.115740931426e-01 1.212308964780e-01 1.306800266234e-01 1.399281114465e-01 1.489814997471e-01 1.578462757914e-01 1.665282729482e-01 1.750330864895e-01 1.833660856159e-01 1.915324247597e-01 1.995370542176e-01 2.073847301566e-01 2.150800240386e-01 2.226273314997e-01 2.300308807236e-01 2.372947403394e-01 2.444228268783e-01 2.514189118146e-01 2.582866282199e-01 2.650294770543e-01 2.716508331169e-01 2.781539506783e-01 2.845419688139e-01 2.908179164559e-01 2.969847171824e-01 3.030451937584e-01 3.090020724442e-01 3.148579870845e-01 3.206154829914e-01 3.262770206331e-01
1.000000000000e-12 1.000000000000e-12 1.000000000000e-12 1.000000000000e-12 1.000000000000e-12 1.000000000000e-12 1.000000000000e-12 1.000000000000e-12 1.000000000000e-12 1.000000000000e-12 1.000000000000e-12 1.000000000000e-12 1.000000000000e-12 1.000000000000e-12 1.000000000000e-12 1.000000000000e-12 1.000000000000e-12 1.000000000000e-12 1.000000000000e-12 1.000000000000e-12 1.000000000000e-12 1.000000000000e-12 1.000000000000e-12 1.000000000000e-12 1.000000000000e-12 1.000000000000e-12 1.000000000000e-12 1.000000000000e-12 1.000000000000e-12 1.000000000000e-12 1.000000000000e-12 1.000000000000e-12 1.000000000000e-12 1.000000000000e-12 1.000000000000e-12 1.000000000000e-12 1.000000000000e-12 1.000000000000e-12 1.000000000000e-12 1.000000000000e-12 1.000000000000e-12 1.000000000000e-12 1.000000000000e-12 1.000000000000e-12 1.000000000000e-12 1.000000000000e-12 1.000000000000e-12 1.000000000000e-12 1.000000000000e-12 1.000000000000e-12 1.000000000000e-12 1.000000000000e-12 1.000000000000e-12 1.000000000000e-12 1.000000000000e-12 1.000000000000e-12 1.000000000000e-12 1.000000000000e-12 1.000000000000e-12 1.000000000000e-12 1.000000000000e-12 1.000000000000e-12 1.000000000000e-12 1.000000000000e-12 1.000000000000e-12 1.000000000000e-12 1.000000000000e-12 1.000000000000e-12 1.000000000000e-12 1.000000000000e-12 1.000000000000e-12 1.000000000000e-12 1.000000000000e-12 1.382610709240e-12 3.848552134556e-11 9.983009343265e-10 2.392919463323e-08 5.216923600650e-07 1.000757317546e-05 1.557762123093e-04 1.595887405528e-03 7.778015654847e-03 1.847448429740e-02 3.015112796229e-02 4.168592179512e-02 5.295949206250e-02 6.397154715990e-02 7.473049224210e-02 8.524491830613e-02 9.552306528164e-02 1.055728090001e-01 1.154016792309e-01 1.250168783696e-01 1.344252990323e-01 1.436335405320e-01 1.526479243159e-01 1.614745084376e-01 1.701191011341e-01 1.785872735715e-01 1.868843718183e-01 1.950155281001e-01 2.029856713862e-01 2.107995373530e-01 2.184616777671e-01 2.259764693270e-01 2.333481220001e-01 2.405806868869e-01 2.476780636449e-01 2.546440075001e-01 2.614821358716e-01 2.681959346364e-01 2.747887640541e-01 2.812638643751e-01 2.876243611505e-01 2.938732702632e-01 3.000135026957e-01 3.060478690518e-01 3.119790838462e-01 3.178097695763e-01 3.235424605883e-01 3.291796067501e-01
1.000000000000e-12 1.000000000000e-12 1.000000000000e-12 1.000000000000e-12 1.000000000000e-12 1.000000000000e-12 1.000000000000e-12 1.000000000000e-12 1.000000000000e-12 1.000000000000e-12 1.000000000000e-12 1.000000000000e-12 1.000000000000e-12 1.000000000000e-12 1.000000000000e-12 1.000000000000e-12 1.000000000000e-12 1.000000000000e-12 1.000000000000e-12 1.000000000000e-12 1.000000000000e-12 1.000000000000e-12 1.000000000000e-12 1.000000000000e-12 1.000000000000e-12 1.000000000000e-12 1.000000000000e-12 1.000000000000e-12 1.000000000000e-12 1.000000000000e-12 1.000000000000e-12 1.000000000000e-12 1.000000000000e-12 1.000000000000e-12 1.000000000000e-12 1.000000000000e-12 1.000000000000e-12 1.000000000000e-12 1.000000000000e-12 1.000000000000e-12 1.000000000000e-12 1.000000000000e-12 1.000000000000e-12 1.000000000000e-12 1.000000000000e-12 1.000000000000e-12 1.000000000000e-12 1.000000000000e-12 1.000000000000e-12 1.000000000000e-12 1.000000000000e-12 1.000000000000e-12 1.000000000000e-12 1.000000000000e-12 1.000000000000e-12 1.000000000000e-12 1.000000000000e-12 1.000000000000e-12 1.000000000000e-12 1.000000000000e-12 1.000000000000e-12 1.000000000000e-12 1.000000000000e-12 1.000000000000e-12 1.000000000000e-12 1.000000000000e-12 1.000000000000e-12 1.000000000000e-12 1.000000000000e-12 1.000000000000e-12 1.000000000000e-12 1.000000000000e-12 1.000000000000e-12 4.240923060776e-12 1.171119031777e-10 3.004734983244e-09 7.087693545841e-08 1.505979695548e-06 2.755076111514e-05 3.863071329005e-04 3.147383124699e-03 1.145167450194e-02 2.285445675884e-02 3.456982422810e-02 4.605911112086e-02 5.728170051278e-02 6.824352649240e-02 7.895337013791e-02 8.941980906102e-02 9.965104715827e-02 1.096549244119e-01 1.194389362315e-01 1.290102521420e-01 1.383757333018e-01 1.475419489050e-01 1.565151915481e-01 1.653014916361e-01 1.739066308976e-01 1.823361550721e-01 1.905953858290e-01 1.986894319707e-01 2.066231999710e-01 2.144014038928e-01 2.220285747288e-01 2.295090692026e-01 2.368470780673e-01 2.440466339346e-01 2.511116186642e-01 2.580457703432e-01 2.648526898813e-01 2.715358472461e-01 2.780985873610e-01 2.845441356881e-01 2.908756035139e-01 2.970959929567e-01 3.032082017136e-01 3.092150275609e-01 3.151191726245e-01 3.209232474328e-01 3.266297747653e-01 3.322411933089e-01
1.000000000000e-12 1.000000000000e-12 1.000000000000e-12 1.000000000000e-12 1.000000000000e-12 1.000000000000e-12 1.000000000000e-12 1.000000000000e-12 1.000000000000e-12 1.000000000000e-12 1.000000000000e-12 1.000000000000e-12 1.000000000000e-12 1.000000000000e-12 1.000000000000e-12 1.000000000000e-12 1.000000000000e-12 1.000000000000e-12 1.000000000000e-12 1.000000000000e-12 1.000000000000e-12 1.000000000000e-12 1.000000000000e-12 1.000000000000e-12 1.000000000000e-12 1.000000000000e-12 1.000000000000e-12 1.000000000000e-12 1.000000000000e-12 1.000000000000e-12 1.000000000000e-12 1.000000000000e-12 1.000000000000e-12 1.000000000000e-12 1.000000000000e-12 1.000000000000e-12 1.000000000000e-12 1.000000000000e-12 1.000000000000e-12 1.000000000000e-12 1.000000000000e-12 1.000000000000e-12 1.000000000000e-12 1.000000000000e-12 1.000000000000e-12 1.000000000000e-12 1.000000000000e-12 1.000000000000e-12 1.000000000000e-12 1.000000000000e-12 1.000000000000e-12 1.000000000000e-12 1.000000000000e-12 1.000000000000e-12 1.000000000000e-12 1.000000000000e-12 1.000000000000e-12 1.000000000000e-12 1.000000000000e-12 1.000000000000e-12 1.000000000000e-12 1.000000000000e-12 1.000000000000e-12 1.000000000000e-12 1.000000000000e-12 1.000000000000e-12 1.000000000000e-12 1.000000000000e-12 1.000000000000e-12 1.000000000000e-12 1.000000000000e-12 1.000000000000e-12 1.000000000000e-12 1.384841390274e-11 3.788413815432e-10 9.592310137509e-09 2.218007303317e-07 4.557625381303e-06 7.804732329587e-05 9.397123299274e-04 5.715465093404e-03 1.579392432911e-02 2.753257149207e-02 3.922890888376e-02 5.066536586892e-02 6.183393060459e-02 7.274283378499e-02 8.340096186121e-02 9.381686000578e-02 1.039986930385e-01 1.139542631157e-01 1.236910294551e-01 1.332161269611e-01 1.425363836604e-01 1.516583370257e-01 1.605882492675e-01 1.693321216710e-01 1.778957080455e-01 1.862845273512e-01 1.945038755598e-01 2.025588368042e-01 2.104542938655e-01 2.181949380433e-01 2.257852784506e-01 2.332296507732e-01 2.405322255278e-01 2.476970158530e-01 2.547278848637e-01 2.616285525965e-01 2.684026025726e-01 2.750534880038e-01 2.815845376614e-01 2.879989614323e-01 2.942998555789e-01 3.004902077230e-01 3.065729015688e-01 3.125507213829e-01 3.184263562429e-01 3.242024040713e-01 3.298813754657e-01 3.354656973368e-01
1.000000000000e-12 1.000000000000e-12 1.000000000000e-12 1.000000000000e-12 1.000000000000e-12 1.000000000000e-12 1.000000000000e-12 1.000000000000e-12 1.000000000000e-12 1.000000000000e-12 1.000000000000e-12 1.000000000000e-12 1.000000000000e-12 1.000000000000e-12 1.000000000000e-12 1.000000000000e-12 1.000000000000e-12 1.000000000000e-12 1.000000000000e-12 1.000000000000e-12 1.000000000000e-12 1.000000000000e-12 1.000000000000e-12 1.000000000000e-12 1.000000000000e-12 1.000000000000e-12 1.000000000000e-12 1.000000000000e-12 1.000000000000e-12 1.000000000000e-12 1.000000000000e-12 1.000000000000e-12 1.000000000000e-12 1.000000000000e-12 1.000000000000e-12 1.000000000000e-12 1.000000000000e-12 1.000000000000e-12 1.000000000000e-12 1.000000000000e-12 1.000000000000e-12 1.000000000000e-12 1.000000000000e-12 1.000000000000e-12 1.000000000000e-12 1.000000000000e-12 1.000000000000e-12 1.000000000000e-12 1.000000000000e-12 1.000000000000e-12 1.000000000000e-12 1.000000000000e-12 1.000000000000e-12 1.000000000000e-12 1.000000000000e-12 1.000000000000e-12 1.000000000000e-12 1.000000000000e-12 1.000000000000e-12 1.000000000000e-12 1.000000000000e-12 1.000000000000e-12 1.000000000000e-12 1.000000000000e-12 1.000000000000e-12 1.000000000000e-12 1.000000000000e-12 1.000000000000e-12 1.000000000000e-12 1.000000000000e-12 1.000000000000e-12 1.000000000000e-12 1.656828068564e-12 4.821553268252e-11 1.304253071906e-09 3.249310131291e-08 7.325106552318e-07 1.438776806306e-05 2.238238375085e-04 2.160890175521e-03 9.402903120376e-03 2.063070364495e-02 3.248046426741e-02 4.413089391616e-02 5.550989446631e-02 6.662151967269e-02 7.747475647649e-02 8.807849482984e-02 9.844123920218e-02 1.085711129187e-01 1.184758783307e-01 1.281629565908e-01 1.376394461931e-01 1.469121403201e-01 1.559875430826e-01 1.648718847344e-01 1.735711359351e-01 1.820910211316e-01 1.904370311201e-01 1.986144348461e-01 2.066282904977e-01 2.144834559383e-01 2.221845985271e-01 2.297362043667e-01 2.371425870170e-01 2.444078957121e-01 2.515361231110e-01 2.585311126146e-01 2.653965652756e-01 2.721360463281e-01 2.787529913615e-01 2.852507121601e-01 2.916324022301e-01 2.979011420333e-01 3.040599039453e-01 3.101115569545e-01 3.160588711187e-01 3.219045217929e-01 3.276510936421e-01 3.333010844518e-01 3.388569087480e-01
1.000000000000e-12 1.000000000000e-12 1.000000000000e-12 1.000000000000e-12 1.000000000000e-12 1.000000000000e-12 1.000000000000e-12 1.000000000000e-12 1.000000000000e-12 1.000000000000e-12 1.000000000000e-12 1.000000000000e-12 1.000000000000e-12 1.000000000000e-12 1.000000000000e-12 1.000000000000e-12 1.000000000000e-12 1.000000000000e-12 1.000000000000e-12 1.000000000000e-12 1.000000000000e-12 1.000000000000e-12 1.000000000000e-12 1.000000000000e-12 1.000000000000e-12 1.000000000000e-12 1.000000000000e-12 1.000000000000e-12 1.000000000000e-12 1.000000000000e-12 1.000000000000e-12 1.000000000000e-12 1.000000000000e-12 1.000000000000e-12 1.000000000000e-12 1.000000000000e-12 1.000000000000e-12 1.000000000000e-12 1.000000000000e-12 1.000000000000e-12 1.000000000000e-12 1.000000000000e-12 1.000000000000e-12 1.000000000000e-12 1.000000000000e-12 1.000000000000e-12 1.000000000000e-12 1.000000000000e-12 1.000000000000e-12 1.000000000000e-12 1.000000000000e-12 1.000000000000e-12 1.000000000000e-12 1.000000000000e-12 1.000000000000e-12 1.000000000000e-12 1.000000000000e-12 1.000000000000e-12 1.000000000000e-12 1.000000000000e-12 1.000000000000e-12 1.000000000000e-12 1.000000000000e-12 1.000000000000e-12 1.000000000000e-12 1.000000000000e-12 1.000000000000e-12 1.000000000000e-12 1.000000000000e-12 1.000000000000e-12 1.000000000000e-12 1.000000000000e-12 6.219458691080e-12 1.792265988327e-10 4.782472367034e-09 1.167555187873e-07 2.545992785968e-06 4.692903443619e-05 6.316363500391e-04 4.502805256258e-03 1.404652597831e-02 2.583717015539e-02 3.768758369551e-02 4.927983215924e-02 6.059781898190e-02 7.164960301617e-02 8.244437471247e-02 9.299099107426e-02 1.032979116290e-01 1.133732159927e-01 1.232246247039e-01 1.328595189379e-01 1.422849589494e-01 1.515077013263e-01 1.605342151420e-01 1.693706970879e-01 1.780230856599e-01 1.864970744675e-01 1.947981247280e-01 2.029314770035e-01 2.109021622335e-01 2.187150121123e-01 2.263746688563e-01 2.338855944014e-01 2.412520790706e-01 2.484782497462e-01 2.555680775787e-01 2.625253852649e-01 2.693538539199e-01 2.760570295720e-01 2.826383293031e-01 2.891010470572e-01 2.954483591370e-01 3.016833294101e-01 3.078089142399e-01 3.138279671595e-01 3.197432433047e-01 3.255574036183e-01 3.312730188419e-01 3.368925733054e-01 3.424184685279e-01
1.000000000000e-12 1.000000000000e-12 1.000000000000e-12 1.000000000000e-12 1.000000000000e-12 1.000000000000e-12 1.000000000000e-12 1.000000000000e-12 1.000000000000e-12 1.000000000000e-12 1.000000000000e-12 1.000000000000e-12 1.000000000000e-12 1.000000000000e-12 1.000000000000e-12 1.000000000000e-12 1.000000000000e-12 1.000000000000e-12 1.000000000000e-12 1.000000000000e-12 1.000000000000e-12 1.000000000000e-12 1.000000000000e-12 1.000000000000e-12 1.000000000000e-12 1.000000000000e-12 1.000000000000e-12 1.000000000000e-12 1.000000000000e-12 1.000000000000e-12 1.000000000000e-12 1.000000000000e-12 1.000000000000e-12 1.000000000000e-12 1.000000000000e-12 1.000000000000e-12 1.000000000000e-12 1.000000000000e-12 1.000000000000e-12 1.000000000000e-12 1.000000000000e-12 1.000000000000e-12 1.000000000000e-12 1.000000000000e-12 1.000000000000e-12 1.000000000000e-12 1.000000000000e-12 1.000000000000e-12 1.000000000000e-12 1.000000000000e-12 1.000000000000e-12 1.000000000000e-12 1.000000000000e-12 1.000000000000e-12 1.000000000000e-12 1.000000000000e-12 1.000000000000e-12 1.000000000000e-12 1.000000000000e-12 1.000000000000e-12 1.000000000000e-12 1.000000000000e-12 1.000000000000e-12 1.000000000000e-12 1.000000000000e-12 1.000000000000e-12 1.000000000000e-12 1.000000000000e-12 1.000000000000e-12 1.000000000000e-12 1.000000000000e-12 1.000000000000e-12 2.500211470741e-11 7.120304239526e-10 1.868217890744e-08 4.443751117347e-07 9.260853983241e-06 1.553601494374e-04 1.677095031525e-03 8.248026314497e-03 1.936508547167e-02 3.134807182509e-02 4.315250801015e-02 5.468029011811e-02 6.593406765498e-02 7.692307702012e-02 8.765652952253e-02 9.814323607459e-02 1.083916083916e-01 1.184096802074e-01 1.282051282051e-01 1.377852916314e-01 1.471571906355e-01 1.563275434243e-01 1.653027823241e-01 1.740890688259e-01 1.826923076923e-01 1.911181601903e-01 1.993720565149e-01 2.074592074592e-01 2.153846153846e-01 2.231530845392e-01 2.307692307692e-01 2.382374906647e-01 2.455621301775e-01 2.527472527473e-01 2.597968069666e-01 2.667145938174e-01 2.735042735043e-01 2.801693719125e-01 2.867132867133e-01 2.931392931393e-01 2.994505494505e-01 3.056501021103e-01 3.117408906883e-01 3.177257525084e-01 3.236074270557e-01 3.293885601578e-01 3.350717079531e-01 3.406593406593e-01 3.461538461538e-01
1.000000000000e-12 1.000000000000e-12 1.000000000000e-12 1.000000000000e-12 1.000000000000e-12 1.000000000000e-12 1.000000000000e-12 1.000000000000e-12 1.000000000000e-12 1.000000000000e-12 1.000000000000e-12 1.000000000000e-12 1.000000000000e-12 1.000000000000e-12 1.000000000000e-12 1.000000000000e-12 1.000000000000e-12 1.000000000000e-12 1.000000000000e-12 1.000000000000e-12 1.000000000000e-12 1.000000000000e-12 1.000000000000e-12 1.000000000000e-12 1.000000000000e-12 1.000000000000e-12 1.000000000000e-12 1.000000000000e-12 1.000000000000e-12 1.000000000000e-12 1.000000000000e-12 1.000000000000e-12 1.000000000000e-12 1.000000000000e-12 1.000000000000e-12 1.000000000000e-12 1.000000000000e-12 1.000000000000e-12 1.000000000000e-12 1.000000000000e-12 1.000000000000e-12 1.000000000000e-12 1.000000000000e-12 1.000000000000e-12 1.000000000000e-12 1.000000000000e-12 1.000000000000e-12 1.000000000000e-12 1.000000000000e-12 1.000000000000e-12 1.000000000000e-12 1.000000000000e-12 1.000000000000e-12 1.000000000000e-12 1.000000000000e-12 1.000000000000e-12 1.000000000000e-12 1.000000000000e-12 1.000000000000e-12 1.000000000000e-12 1.000000000000e-12 1.000000000000e-12 1.000000000000e-12 1.000000000000e-12 1.000000000000e-12 1.000000000000e-12 1.000000000000e-12 1.000000000000e-12 1.000000000000e-12 1.000000000000e-12 1.000000000000e-12 3.553107465047e-12 1.077672575287e-10 3.025052893092e-09 7.769796632290e-08 1.785396505564e-06 3.487123436465e-05 5.052379387855e-04 3.957285399376e-03 1.325405602265e-02 2.513698492126e-02 3.713758774389e-02 4.887766727724e-02 6.033685022834e-02 7.152330951637e-02 8.244656432400e-02 9.311579029938e-02 1.035397467315e-01 1.137267950641e-01 1.236849209622e-01 1.334217551738e-01 1.429445930290e-01 1.522604126700e-01 1.613758921036e-01 1.702974251664e-01 1.790311364804e-01 1.875828954754e-01 1.959583295427e-01 2.041628363841e-01 2.122015956125e-01 2.200795796564e-01 2.278015640162e-01 2.353721369180e-01 2.427957084043e-01 2.500765189004e-01 2.572186472918e-01 2.642260185438e-01 2.711024108938e-01 2.778514626448e-01 2.844766785838e-01 2.909814360513e-01 2.973689906814e-01 3.036424818361e-01 3.098049377490e-01 3.158592804003e-01 3.218083301360e-01 3.276548100486e-01 3.334013501337e-01 3.390504912342e-01 3.446046887869e-01 3.500663163803e-01
1.000000000000e-12 1.000000000000e-12 1.000000000000e-12 1.000000000000e-12 1.000000000000e-12 1.000000000000e-12 1.000000000000e-12 1.000000000000e-12 1.000000000000e-12 1.000000000000e-12 1.000000000000e-12 1.000000000000e-12 1.000000000000e-12 1.000000000000e-12 1.000000000000e-12 1.000000000000e-12 1.000000000000e-12 1.000000000000e-12 1.000000000000e-12 1.000000000000e-12 1.000000000000e-12 1.000000000000e-12 1.000000000000e-12 1.000000000000e-12 1.000000000000e-12 1.000000000000e-12 1.000000000000e-12 1.000000000000e-12 1.000000000000e-12 1.000000000000e-12 1.000000000000e-12 1.000000000000e-12 1.000000000000e-12 1.000000000000e-12 1.000000000000e-12 1.000000000000e-12 1.000000000000e-12 1.000000000000e-12 1.000000000000e-12 1.000000000000e-12 1.000000000000e-12 1.000000000000e-12 1.000000000000e-12 1.000000000000e-12 1.000000000000e-12 1.000000000000e-12 1.000000000000e-12 1.000000000000e-12 1.000000000000e-12 1.000000000000e-12 1.000000000000e-12 1.000000000000e-12 1.000000000000e-12 1.000000000000e-12 1.000000000000e-12 1.000000000000e-12 1.000000000000e-12 1.000000000000e-12 1.000000000000e-12 1.000000000000e-12 1.000000000000e-12 1.000000000000e-12 1.000000000000e-12 1.000000000000e-12 1.000000000000e-12 1.000000000000e-12 1.000000000000e-12 1.000000000000e-12 1.000000000000e-12 1.000000000000e-12 1.000000000000e-12 1.664514272474e-11 4.984892465125e-10 1.374246783781e-08 3.433271045928e-07 7.520634923720e-06 1.330994315161e-04 1.527319463751e-03 7.932036755706e-03 1.911732721854e-02 3.124765768357e-02 4.319895496679e-02 5.486676413586e-02 6.625388428206e-02 7.736990799015e-02 8.822437958040e-02 9.882642167387e-02 1.091847386659e-01 1.193076393628e-01 1.292030591453e-01 1.388785807103e-01 1.483414534498e-01 1.575986115645e-01 1.666566910100e-01 1.755220453610e-01 1.842007606729e-01 1.926986694159e-01 2.010213635457e-01 2.091742067748e-01 2.171623461003e-01 2.249907226393e-01 2.326640818211e-01 2.401869829797e-01 2.475638083877e-01 2.547987717686e-01 2.618959263231e-01 2.688591723012e-01 2.756922641489e-01 2.823988172586e-01 2.889823143480e-01 2.954461114903e-01 3.017934438192e-01 3.080274309279e-01 3.141510819817e-01 3.201673005608e-01 3.260788892516e-01 3.318885539994e-01 3.375989082387e-01 3.432124768130e-01 3.487316996969e-01 3.541589355328e-01
1.000000000000e-12 1.000000000000e-12 1.000000000000e-12 1.000000000000e-12 1.000000000000e-12 1.000000000000e-12 1.000000000000e-12 1.000000000000e-12 1.000000000000e-12 1.000000000000e-12 1.000000000000e-12 1.000000000000e-12 1.000000000000e-12 1.000000000000e-12 1.000000000000e-12 1.000000000000e-12 1.000000000000e-12 1.000000000000e-12 1.000000000000e-12 1.000000000000e-12 1.000000000000e-12 1.000000000000e-12 1.000000000000e-12 1.000000000000e-12 1.000000000000e-12 1.000000000000e-12 1.000000000000e-12 1.000000000000e-12 1.000000000000e-12 1.000000000000e-12 1.000000000000e-12 1.000000000000e-12 1.000000000000e-12 1.000000000000e-12 1.000000000000e-12 1.000000000000e-12 1.000000000000e-12 1.000000000000e-12 1.000000000000e-12 1.000000000000e-12 1.000000000000e-12 1.000000000000e-12 1.000000000000e-12 1.000000000000e-12 1.000000000000e-12 1.000000000000e-12 1.000000000000e-12 1.000000000000e-12 1.000000000000e-12 1.000000000000e-12 1.000000000000e-12 1.000000000000e-12 1.000000000000e-12 1.000000000000e-12 1.000000000000e-12 1.000000000000e-12 1.000000000000e-12 1.000000000000e-12 1.000000000000e-12 1.000000000000e-12 1.000000000000e-12 1.000000000000e-12 1.000000000000e-12 1.000000000000e-12 1.000000000000e-12 1.000000000000e-12 1.000000000000e-12 1.000000000000e-12 1.000000000000e-12 1.000000000000e-12 2.631793666097e-12 8.395720613944e-11 2.475188318152e-09 6.667716166813e-08 1.604624055609e-06 3.276813026527e-05 4.946389194254e-04 3.985317294235e-03 1.345111378050e-02 2.550468157110e-02 3.765381262387e-02 4.953272986841e-02 6.112369005571e-02 7.243544727166e-02 8.347788212768e-02 9.426049526326e-02 1.047923499686e-01 1.150820930724e-01 1.251379783784e-01 1.349678887337e-01 1.445793566366e-01 1.539795834868e-01 1.631754575793e-01 1.721735709387e-01 1.809802350776e-01 1.896014957610e-01 1.980431468469e-01 2.063107432711e-01 2.144096132377e-01 2.223448696697e-01 2.301214209730e-01 2.377439811614e-01 2.452170793853e-01 2.525450689058e-01 2.597321355509e-01 2.667823056886e-01 2.736994537481e-01 2.804873093205e-01 2.871494638639e-01 2.936893770394e-01 3.001103827027e-01 3.064156945703e-01 3.126084115830e-01 3.186915229849e-01 3.246679131342e-01 3.305403660635e-01 3.363115698043e-01 3.419841204897e-01 3.475605262483e-01 3.530432109017e-01 3.584345174775e-01
1.000000000000e-12 1.000000000000e-12 1.000000000000e-12 1.000000000000e-12 1.000000000000e-12 1.000000000000e-12 1.000000000000e-12 1.000000000000e-12 1.000000000000e-12 1.000000000000e-12 1.000000000000e-12 1.000000000000e-12 1.000000000000e-12 1.000000000000e-12 1.000000000000e-12 1.000000000000e-12 1.000000000000e-12 1.000000000000e-12 1.000000000000e-12 1.000000000000e-12 1.000000000000e-12 1.000000000000e-12 1.000000000000e-12 1.000000000000e-12 1.000000000000e-12 1.000000000000e-12 1.000000000000e-12 1.000000000000e-12 1.000000000000e-12 1.000000000000e-12 1.000000000000e-12 1.000000000000e-12 1.000000000000e-12 1.000000000000e-12 1.000000000000e-12 1.000000000000e-12 1.000000000000e-12 1.000000000000e-12 1.000000000000e-12 1.000000000000e-12 1.000000000000e-12 1.000000000000e-12 1.000000000000e-12 1.000000000000e-12 1.000000000000e-12 1.000000000000e-12 1.000000000000e-12 1.000000000000e-12 1.000000000000e-12 1.000000000000e-12 1.000000000000e-12 1.000000000000e-12 1.000000000000e-12 1.000000000000e-12 1.000000000000e-12 1.000000000000e-12 1.000000000000e-12 1.000000000000e-12 1.000000000000e-12 1.000000000000e-12 1.000000000000e-12 1.000000000000e-12 1.000000000000e-12 1.000000000000e-12 1.000000000000e-12 1.000000000000e-12 1.000000000000e-12 1.000000000000e-12 1.000000000000e-12 1.000000000000e-12 1.450166774805e-11 4.562098580843e-10 1.318503104393e-08 3.444748233710e-07 7.861279400676e-06 1.437626778866e-04 1.667300003207e-03 8.473900738696e-03 1.995748548358e-02 3.225381278788e-02 4.434381607058e-02 5.614166478993e-02 6.765211249671e-02 7.888521854389e-02 8.985087065012e-02 1.005585074631e-01 1.110171294692e-01 1.212353233834e-01 1.312212856176e-01 1.409828442062e-01 1.505274792706e-01 1.598623421357e-01 1.689942731995e-01 1.779298186490e-01 1.866752461101e-01 1.952365593090e-01 2.036195118162e-01 2.118296199418e-01 2.198721748403e-01 2.277522538824e-01 2.354747313435e-01 2.430442884589e-01 2.504654228858e-01 2.577424576151e-01 2.648795493688e-01 2.718806965176e-01 2.787497465505e-01 2.854904031248e-01 2.921062327255e-01 2.986006709574e-01 3.049770284941e-01 3.112384967059e-01 3.173881529853e-01 3.234289657907e-01 3.293637994241e-01 3.351954185596e-01 3.409264925375e-01 3.465595994389e-01 3.520972299521e-01 3.575417910450e-01 3.628956094529e-01
1.000000000000e-12 1.000000000000e-12 1.000000000000e-12 1.000000000000e-12 1.000000000000e-12 1.000000000000e-12 1.000000000000e-12 1.000000000000e-12 1.000000000000e-12 1.000000000000e-12 1.000000000000e-12 1.000000000000e-12 1.000000000000e-12 1.000000000000e-12 1.000000000000e-12 1.000000000000e-12 1.000000000000e-12 1.000000000000e-12 1.000000000000e-12 1.000000000000e-12 1.000000000000e-12 1.000000000000e-12 1.000000000000e-12 1.000000000000e-12 1.000000000000e-12 1.000000000000e-12 1.000000000000e-12 1.000000000000e-12 1.000000000000e-12 1.000000000000e-12 1.000000000000e-12 1.000000000000e-12 1.000000000000e-12 1.000000000000e-12 1.000000000000e-12 1.000000000000e-12 1.000000000000e-12 1.000000000000e-12 1.000000000000e-12 1.000000000000e-12 1.000000000000e-12 1.000000000000e-12 1.000000000000e-12 1.000000000000e-12 1.000000000000e-12 1.000000000000e-12 1.000000000000e-12 1.000000000000e-12 1.000000000000e-12 1.000000000000e-12 1.000000000000e-12 1.000000000000e-12 1.000000000000e-12 1.000000000000e-12 1.000000000000e-12 1.000000000000e-12 1.000000000000e-12 1.000000000000e-12 1.000000000000e-12 1.000000000000e-12 1.000000000000e-12 1.000000000000e-12 1.000000000000e-12 1.000000000000e-12 1.000000000000e-12 1.000000000000e-12 1.000000000000e-12 1.000000000000e-12 1.000000000000e-12 2.576044472898e-12 8.637366928183e-11 2.670077903143e-09 7.519332584305e-08 1.883086253042e-06 3.964740895562e-05 6.019849056045e-04 4.637467250554e-03 1.471835355097e-02 2.701600693665e-02 3.930942045920e-02 5.131677328414e-02 6.302884507453e-02 7.445531916116e-02 8.560645971996e-02 9.649209709525e-02 1.071216018348e-01 1.175039087902e-01 1.276475420225e-01 1.375606381359e-01 1.472509680445e-01 1.567259572884e-01 1.659927050105e-01 1.750580016952e-01 1.839283457630e-01 1.926099591059e-01 2.011088016417e-01 2.094305849579e-01 2.175807851130e-01 2.255646546526e-01 2.333872338986e-01 2.410533615596e-01 2.485676847125e-01 2.559346681957e-01 2.631586034559e-01 2.702436168842e-01 2.771936776758e-01 2.840126052449e-01 2.907040762239e-01 2.972716310737e-01 3.037186803299e-01 3.100485105087e-01 3.162642896933e-01 3.223690728211e-01 3.283658066899e-01 3.342573347014e-01 3.400464013562e-01 3.457356565169e-01 3.513276594526e-01 3.568248826776e-01 3.622297155963e-01 3.675444679663e-01
1.000000000000e-12 1.000000000000e-12 1.000000000000e-12 1.000000000000e-12 1.000000000000e-12 1.000000000000e-12 1.000000000000e-12 1.000000000000e-12 1.000000000000e-12 1.000000000000e-12 1.000000000000e-12 1.000000000000e-12 1.000000000000e-12 1.000000000000e-12 1.000000000000e-12 1.000000000000e-12 1.000000000000e-12 1.000000000000e-12 1.000000000000e-12 1.000000000000e-12 1.000000000000e-12 1.000000000000e-12 1.000000000000e-12 1.000000000000e-12 1.000000000000e-12 1.000000000000e-12 1.000000000000e-12 1.000000000000e-12 1.000000000000e-12 1.000000000000e-12 1.000000000000e-12 1.000000000000e-12 1.000000000000e-12 1.000000000000e-12 1.000000000000e-12 1.000000000000e-12 1.000000000000e-12 1.000000000000e-12 1.000000000000e-12 1.000000000000e-12 1.000000000000e-12 1.000000000000e-12 1.000000000000e-12 1.000000000000e-12 1.000000000000e-12 1.000000000000e-12 1.000000000000e-12 1.000000000000e-12 1.000000000000e-12 1.000000000000e-12 1.000000000000e-12 1.000000000000e-12 1.000000000000e-12 1.000000000000e-12 1.000000000000e-12 1.000000000000e-12 1.000000000000e-12 1.000000000000e-12 1.000000000000e-12 1.000000000000e-12 1.000000000000e-12 1.000000000000e-12 1.000000000000e-12 1.000000000000e-12 1.000000000000e-12 1.000000000000e-12 1.000000000000e-12 1.000000000000e-12 1.000000000000e-12 1.684959774971e-11 5.561462870099e-10 1.680842991857e-08 4.569960612711e-07 1.075501668086e-05 1.982817086137e-04 2.187160053831e-03 1.000830886110e-02 2.197157904364e-02 3.443981443529e-02 4.665800196337e-02 5.857456386622e-02 7.019708942350e-02 8.153614877598e-02 9.260197828207e-02 1.034043356821e-01 1.139525199681e-01 1.242553976429e-01 1.343214275551e-01 1.441586840601e-01 1.537748786212e-01 1.631773799699e-01 1.723732329373e-01 1.813691760575e-01 1.901716580354e-01 1.987868531627e-01 2.072206757610e-01 2.154787937218e-01 2.235666412092e-01 2.314894305846e-01 2.392521636090e-01 2.468596419729e-01 2.543164772009e-01 2.616270999734e-01 2.687957689057e-01 2.758265788201e-01 2.827234685456e-01 2.894902282763e-01 2.961305065167e-01 3.026478166416e-01 3.090455430944e-01 3.153269472481e-01 3.214951729486e-01 3.275532517615e-01 3.335041079406e-01 3.393505631341e-01 3.450953408460e-01 3.507410706663e-01 3.562902922845e-01 3.617454592991e-01 3.671089428344e-01 3.723830349774e-01
1.000000000000e-12 1.000000000000e-12 1.000000000000e-12 1.000000000000e-12 1.000000000000e-12 1.000000000000e-12 1.000000000000e-12 1.000000000000e-12 1.000000000000e-12 1.000000000000e-12 1.000000000000e-12 1.000000000000e-12 1.000000000000e-12 1.000000000000e-12 1.000000000000e-12 1.000000000000e-12 1.000000000000e-12 1.000000000000e-12 1.000000000000e-12 1.000000000000e-12 1.000000000000e-12 1.000000000000e-12 1.000000000000e-12 1.000000000000e-12 1.000000000000e-12 1.000000000000e-12 1.000000000000e-12 1.000000000000e-12 1.000000000000e-12 1.000000000000e-12 1.000000000000e-12 1.000000000000e-12 1.000000000000e-12 1.000000000000e-12 1.000000000000e-12 1.000000000000e-12 1.000000000000e-12 1.000000000000e-12 1.000000000000e-12 1.000000000000e-12 1.000000000000e-12 1.000000000000e-12 1.000000000000e-12 1.000000000000e-12 1.000000000000e-12 1.000000000000e-12 1.000000000000e-12 1.000000000000e-12 1.000000000000e-12 1.000000000000e-12 1.000000000000e-12 1.000000000000e-12 1.000000000000e-12 1.000000000000e-12 1.000000000000e-12 1.000000000000e-12 1.000000000000e-12 1.000000000000e-12 1.000000000000e-12 1.000000000000e-12 1.000000000000e-12 1.000000000000e-12 1.000000000000e-12 1.000000000000e-12 1.000000000000e-12 1.000000000000e-12 1.000000000000e-12 1.000000000000e-12 3.395453978661e-12 1.195534018504e-10 3.867551427327e-09 1.134174623889e-07 2.932481674267e-06 6.251300430907e-05 9.106496259400e-04 6.142531279444e-03 1.718276060160e-02 2.974751781444e-02 4.217439783618e-02 5.429813185519e-02 6.611937354966e-02 7.764876245973e-02 8.889694820823e-02 9.987409340683e-02 1.105898780089e-01 1.210535265029e-01 1.312738343343e-01 1.412591925603e-01 1.510176108267e-01 1.605567387949e-01 1.698838861417e-01 1.790060412390e-01 1.879298886169e-01 1.966618252984e-01 2.052079760931e-01 2.135742079237e-01 2.217661432578e-01 2.297891727088e-01 2.376484668648e-01 2.453489874015e-01 2.528954975275e-01 2.602925718094e-01 2.675446054191e-01 2.746558228422e-01 2.816302860841e-01 2.884719024071e-01 2.951844316297e-01 3.017714930164e-01 3.082365717847e-01 3.145830252546e-01 3.208140886614e-01 3.269328806554e-01 3.329424085067e-01 3.388455730332e-01 3.446451732697e-01 3.503439108935e-01 3.559443944203e-01 3.614491431859e-01 3.668605911250e-01 3.721810903592e-01 3.774129146062e-01
1.000000000000e-12 1.000000000000e-12 1.000000000000e-12 1.000000000000e-12 1.000000000000e-12 1.000000000000e-12 1.000000000000e-12 1.000000000000e-12 1.000000000000e-12 1.000000000000e-12 1.000000000000e-12 1.000000000000e-12 1.000000000000e-12 1.000000000000e-12 1.000000000000e-12 1.000000000000e-12 1.000000000000e-12 1.000000000000e-12 1.000000000000e-12 1.000000000000e-12 1.000000000000e-12 1.000000000000e-12 1.000000000000e-12 1.000000000000e-12 1.000000000000e-12 1.000000000000e-12 1.000000000000e-12 1.000000000000e-12 1.000000000000e-12 1.000000000000e-12 1.000000000000e-12 1.000000000000e-12 1.000000000000e-12 1.000000000000e-12 1.000000000000e-12 1.000000000000e-12 1.000000000000e-12 1.000000000000e-12 1.000000000000e-12 1.000000000000e-12 1.000000000000e-12 1.000000000000e-12 1.000000000000e-12 1.000000000000e-12 1.000000000000e-12 1.000000000000e-12 1.000000000000e-12 1.000000000000e-12 1.000000000000e-12 1.000000000000e-12 1.000000000000e-12 1.000000000000e-12 1.000000000000e-12 1.000000000000e-12 1.000000000000e-12 1.000000000000e-12 1.000000000000e-12 1.000000000000e-12 1.000000000000e-12 1.000000000000e-12 1.000000000000e-12 1.000000000000e-12 1.000000000000e-12 1.000000000000e-12 1.000000000000e-12 1.000000000000e-12 1.000000000000e-12 1.000000000000e-12 2.659840814155e-11 9.196318129505e-10 2.897152727358e-08 8.144760657613e-07 1.949113924009e-05 3.493607880975e-04 3.369805232557e-03 1.276539345175e-02 2.525027733571e-02 3.787520484510e-02 5.020832582662e-02 6.223091679811e-02 7.395302613377e-02 8.538570462396e-02 9.653953748483e-02 1.074246032978e-01 1.180505008776e-01 1.284263773378e-01 1.385609543455e-01 1.484625525714e-01 1.581391144740e-01 1.675982255474e-01 1.768471341524e-01 1.858927700408e-01 1.947417616708e-01 2.034004524055e-01 2.118749156778e-01 2.201709691970e-01 2.282941882679e-01 2.362499182857e-01 2.440432864665e-01 2.516792128658e-01 2.591624207372e-01 2.664974462744e-01 2.736886477815e-01 2.807402143079e-01 2.876561737857e-01 2.944404007021e-01 3.010966233369e-01 3.076284305955e-01 3.140392784603e-01 3.203324960891e-01 3.265112915792e-01 3.325787574209e-01 3.385378756582e-01 3.443915227762e-01 3.501424743308e-01 3.557934093367e-01 3.613469144286e-01 3.668054878095e-01 3.721715429976e-01 3.774474123842e-01 3.826353506143e-01
1.000000000000e-12 1.000000000000e-12 1.000000000000e-12 1.000000000000e-12 1.000000000000e-12 1.000000000000e-12 1.000000000000e-12 1.000000000000e-12 1.000000000000e-12 1.000000000000e-12 1.000000000000e-12 1.000000000000e-12 1.000000000000e-12 1.000000000000e-12 1.000000000000e-12 1.000000000000e-12 1.000000000000e-12 1.000000000000e-12 1.000000000000e-12 1.000000000000e-12 1.000000000000e-12 1.000000000000e-12 1.000000000000e-12 1.000000000000e-12 1.000000000000e-12 1.000000000000e-12 1.000000000000e-12 1.000000000000e-12 1.000000000000e-12 1.000000000000e-12 1.000000000000e-12 1.000000000000e-12 1.000000000000e-12 1.000000000000e-12 1.000000000000e-12 1.000000000000e-12 1.000000000000e-12 1.000000000000e-12 1.000000000000e-12 1.000000000000e-12 1.000000000000e-12 1.000000000000e-12 1.000000000000e-12 1.000000000000e-12 1.000000000000e-12 1.000000000000e-12 1.000000000000e-12 1.000000000000e-12 1.000000000000e-12 1.000000000000e-12 1.000000000000e-12 1.000000000000e-12 1.000000000000e-12 1.000000000000e-12 1.000000000000e-12 1.000000000000e-12 1.000000000000e-12 1.000000000000e-12 1.000000000000e-12 1.000000000000e-12 1.000000000000e-12 1.000000000000e-12 1.000000000000e-12 1.000000000000e-12 1.000000000000e-12 1.000000000000e-12 1.000000000000e-12 6.138828388476e-12 2.266837177889e-10 7.653132344988e-09 2.324469078066e-07 6.134665948876e-06 1.287150750437e-04 1.670216163210e-03 8.896090203886e-03 2.097644465666e-02 3.377018564005e-02 4.631381359087e-02 5.854032676031e-02 7.045752699026e-02 8.207680740351e-02 9.340919247407e-02 1.044651779306e-01 1.152547541001e-01 1.257874355989e-01 1.360722892977e-01 1.461179603524e-01 1.559326964403e-01 1.655243703444e-01 1.749005010147e-01 1.840682732256e-01 1.930345559374e-01 2.018059194598e-01 2.103886515087e-01 2.187887722373e-01 2.270120483190e-01 2.350640061490e-01 2.429499442300e-01 2.506749447990e-01 2.582438847506e-01 2.656614459031e-01 2.729321246565e-01 2.800602410814e-01 2.870499474787e-01 2.939052364452e-01 3.006299484791e-01 3.072277791538e-01 3.137022858907e-01 3.200568943547e-01 3.262949044982e-01 3.324194962755e-01 3.384337350478e-01 3.443405766992e-01 3.501428724806e-01 3.558433735992e-01 3.614447355679e-01 3.669495223302e-01 3.723602101735e-01 3.776791914433e-01 3.829087780698e-01 3.880512049192e-01
1.000000000000e-12 1.000000000000e-12 1.000000000000e-12 1.000000000000e-12 1.000000000000e-12 1.000000000000e-12 1.000000000000e-12 1.000000000000e-12 1.000000000000e-12 1.000000000000e-12 1.000000000000e-12 1.000000000000e-12 1.000000000000e-12 1.000000000000e-12 1.000000000000e-12 1.000000000000e-12 1.000000000000e-12 1.000000000000e-12 1.000000000000e-12 1.000000000000e-12 1.000000000000e-12 1.000000000000e-12 1.000000000000e-12 1.000000000000e-12 1.000000000000e-12 1.000000000000e-12 1.000000000000e-12 1.000000000000e-12 1.000000000000e-12 1.000000000000e-12 1.000000000000e-12 1.000000000000e-12 1.000000000000e-12 1.000000000000e-12 1.000000000000e-12 1.000000000000e-12 1.000000000000e-12 1.000000000000e-12 1.000000000000e-12 1.000000000000e-12 1.000000000000e-12 1.000000000000e-12 1.000000000000e-12 1.000000000000e-12 1.000000000000e-12 1.000000000000e-12 1.000000000000e-12 1.000000000000e-12 1.000000000000e-12 1.000000000000e-12 1.000000000000e-12 1.000000000000e-12 1.000000000000e-12 1.000000000000e-12 1.000000000000e-12 1.000000000000e-12 1.000000000000e-12 1.000000000000e-12 1.000000000000e-12 1.000000000000e-12 1.000000000000e-12 1.000000000000e-12 1.000000000000e-12 1.000000000000e-12 1.000000000000e-12 1.000000000000e-12 1.472702940718e-12 5.807239463787e-11 2.098278626470e-09 6.858144959512e-08 1.974512671140e-06 4.696817771269e-05 7.690012923154e-04 5.765955225414e-03 1.697237234334e-02 2.987023883123e-02 4.262314502436e-02 5.505603419768e-02 6.717067418612e-02 7.897863915884e-02 9.049140611633e-02 1.017199072730e-01 1.126745425500e-01 1.233652107120e-01 1.338013391560e-01 1.439919116365e-01 1.539454940593e-01 1.636702584954e-01 1.731740055580e-01 1.824641852708e-01 1.915479165456e-01 2.004320053747e-01 2.091229618380e-01 2.176270160118e-01 2.259501328628e-01 2.340980262011e-01 2.420761717615e-01 2.498898194753e-01 2.575440049908e-01 2.650435604960e-01 2.723931248910e-01 2.795971533574e-01 2.866599263637e-01 2.935855581466e-01 3.003780047029e-01 3.070410713248e-01 3.135784197085e-01 3.199935746645e-01 3.262899304546e-01 3.324707567807e-01 3.385392044464e-01 3.444983107126e-01 3.503510043670e-01 3.561001105230e-01 3.617483551675e-01 3.672983694704e-01 3.727526938716e-01 3.781137819581e-01 3.833840041449e-01 3.885656511689e-01 3.936609374092e-01
1.000000000000e-12 1.000000000000e-12 1.000000000000e-12 1.000000000000e-12 1.000000000000e-12 1.000000000000e-12 1.000000000000e-12 1.000000000000e-12 1.000000000000e-12 1.000000000000e-12 1.000000000000e-12 1.000000000000e-12 1.000000000000e-12 1.000000000000e-12 1.000000000000e-12 1.000000000000e-12 1.000000000000e-12 1.000000000000e-12 1.000000000000e-12 1.000000000000e-12 1.000000000000e-12 1.000000000000e-12 1.000000000000e-12 1.000000000000e-12 1.000000000000e-12 1.000000000000e-12 1.000000000000e-12 1.000000000000e-12 1.000000000000e-12 1.000000000000e-12 1.000000000000e-12 1.000000000000e-12 1.000000000000e-12 1.000000000000e-12 1.000000000000e-12 1.000000000000e-12 1.000000000000e-12 1.000000000000e-12 1.000000000000e-12 1.000000000000e-12 1.000000000000e-12 1.000000000000e-12 1.000000000000e-12 1.000000000000e-12 1.000000000000e-12 1.000000000000e-12 1.000000000000e-12 1.000000000000e-12 1.000000000000e-12 1.000000000000e-12 1.000000000000e-12 1.000000000000e-12 1.000000000000e-12 1.000000000000e-12 1.000000000000e-12 1.000000000000e-12 1.000000000000e-12 1.000000000000e-12 1.000000000000e-12 1.000000000000e-12 1.000000000000e-12 1.000000000000e-12 1.000000000000e-12 1.000000000000e-12 1.000000000000e-12 1.000000000000e-12 1.549509906428e-11 5.988299583538e-10 2.101198041386e-08 6.554844695182e-07 1.732731358826e-05 3.399184166044e-04 3.478780738177e-03 1.330799288546e-02 2.618837546276e-02 3.914476295608e-02 5.178625393383e-02 6.410065833673e-02 7.609936523739e-02 8.779430986745e-02 9.919688098908e-02 1.103179071495e-01 1.211676887696e-01 1.317560298688e-01 1.420922676084e-01 1.521852997542e-01 1.620436102222e-01 1.716752928633e-01 1.810880736262e-01 1.902893312259e-01 1.992861164345e-01 2.080851701001e-01 2.166929399903e-01 2.251155965495e-01 2.333590476501e-01 2.414289524117e-01 2.493307341574e-01 2.570695925681e-01 2.646505150929e-01 2.720782876677e-01 2.793575047911e-01 2.864925790011e-01 2.934877497952e-01 3.003470920302e-01 3.070745238376e-01 3.136738140867e-01 3.201485894255e-01 3.265023409262e-01 3.327384303621e-01 3.388600961386e-01 3.448704589010e-01 3.507725268388e-01 3.565692007063e-01 3.622632785762e-01 3.678574603430e-01 3.733543519922e-01 3.787564696475e-01 3.840662434112e-01 3.892860210094e-01 3.944180712530e-01 3.994645873259e-01
1.000000000000e-12 1.000000000000e-12 1.000000000000e-12 1.000000000000e-12 1.000000000000e-12 1.000000000000e-12 1.000000000000e-12 1.000000000000e-12 1.000000000000e-12 1.000000000000e-12 1.000000000000e-12 1.000000000000e-12 1.000000000000e-12 1.000000000000e-12 1.000000000000e-12 1.000000000000e-12 1.000000000000e-12 1.000000000000e-12 1.000000000000e-12 1.000000000000e-12 1.000000000000e-12 1.000000000000e-12 1.000000000000e-12 1.000000000000e-12 1.000000000000e-12 1.000000000000e-12 1.000000000000e-12 1.000000000000e-12 1.000000000000e-12 1.000000000000e-12 1.000000000000e-12 1.000000000000e-12 1.000000000000e-12 1.000000000000e-12 1.000000000000e-12 1.000000000000e-12 1.000000000000e-12 1.000000000000e-12 1.000000000000e-12 1.000000000000e-12 1.000000000000e-12 1.000000000000e-12 1.000000000000e-12 1.000000000000e-12 1.000000000000e-12 1.000000000000e-12 1.000000000000e-12 1.000000000000e-12 1.000000000000e-12 1.000000000000e-12 1.000000000000e-12 1.000000000000e-12 1.000000000000e-12 1.000000000000e-12 1.000000000000e-12 1.000000000000e-12 1.000000000000e-12 1.000000000000e-12 1.000000000000e-12 1.000000000000e-12 1.000000000000e-12 1.000000000000e-12 1.000000000000e-12 1.000000000000e-12 1.000000000000e-12 4.314025993562e-12 1.783163640735e-10 6.708057221659e-09 2.257827841699e-07 6.550009270352e-06 1.484246576455e-04 1.977949064460e-03 1.007216554292e-02 2.274091932239e-02 3.588703430726e-02 4.873894608628e-02 6.125541071928e-02 7.344689346388e-02 8.532577921605e-02 9.690393389974e-02 1.081926347256e-01 1.192026021981e-01 1.299440338786e-01 1.404266358800e-01 1.506596521196e-01 1.606518915064e-01 1.704117532331e-01 1.799472503223e-01 1.892660315687e-01 1.983754020005e-01 2.072823419783e-01 2.159935250334e-01 2.245153345440e-01 2.328538793338e-01 2.410150082771e-01 2.490043239794e-01 2.568271956046e-01 2.644887709077e-01 2.719939875311e-01 2.793475836166e-01 2.865541077804e-01 2.936179284955e-01 3.005432429220e-01 3.073340852237e-01 3.139943344043e-01 3.205277216957e-01 3.269378375287e-01 3.332281381126e-01 3.394019516486e-01 3.454624842022e-01 3.514128252549e-01 3.572559529554e-01 3.629947390897e-01 3.686319537880e-01 3.741702699828e-01 3.796122676352e-01 3.849604377418e-01 3.902171861371e-01 3.953848371021e-01 4.004656367903e-01 4.054617564837e-01
1.000000000000e-12 1.000000000000e-12 1.000000000000e-12 1.000000000000e-12 1.000000000000e-12 1.000000000000e-12 1.000000000000e-12 1.000000000000e-12 1.000000000000e-12 1.000000000000e-12 1.000000000000e-12 1.000000000000e-12 1.000000000000e-12 1.000000000000e-12 1.000000000000e-12 1.000000000000e-12 1.000000000000e-12 1.000000000000e-12 1.000000000000e-12 1.000000000000e-12 1.000000000000e-12 1.000000000000e-12 1.000000000000e-12 1.000000000000e-12 1.000000000000e-12 1.000000000000e-12 1.000000000000e-12 1.000000000000e-12 1.000000000000e-12 1.000000000000e-12 1.000000000000e-12 1.000000000000e-12 1.000000000000e-12 1.000000000000e-12 1.000000000000e-12 1.000000000000e-12 1.000000000000e-12 1.000000000000e-12 1.000000000000e-12 1.000000000000e-12 1.000000000000e-12 1.000000000000e-12 1.000000000000e-12 1.000000000000e-12 1.000000000000e-12 1.000000000000e-12 1.000000000000e-12 1.000000000000e-12 1.000000000000e-12 1.000000000000e-12 1.000000000000e-12 1.000000000000e-12 1.000000000000e-12 1.000000000000e-12 1.000000000000e-12 1.000000000000e-12 1.000000000000e-12 1.000000000000e-12 1.000000000000e-12 1.000000000000e-12 1.000000000000e-12 1.000000000000e-12 1.000000000000e-12 1.000000000000e-12 1.255176044814e-12 5.551144824889e-11 2.237589817437e-09 8.104837728340e-08 2.559914690520e-06 6.538809189415e-05 1.081612351437e-03 7.350186969551e-03 1.954839979905e-02 3.285828733812e-02 4.592177734838e-02 5.864256254092e-02 7.102883401307e-02 8.309339417797e-02 9.484860705533e-02 1.063062196235e-01 1.174773918782e-01 1.283727327192e-01 1.390023335397e-01 1.493757994006e-01 1.595022779792e-01 1.693904864736e-01 1.790487366309e-01 1.884849580489e-01 1.977067198892e-01 2.067212511264e-01 2.155354594473e-01 2.241559489039e-01 2.325890364158e-01 2.408407672070e-01 2.489169292580e-01 2.568230668448e-01 2.645644932318e-01 2.721463025799e-01 2.795733811250e-01 2.868504176793e-01 2.939819135025e-01 3.009721915867e-01 3.078254053946e-01 3.145455470898e-01 3.211364552909e-01 3.276018223834e-01 3.339452014175e-01 3.401700126192e-01 3.462795495394e-01 3.522769848647e-01 3.581653759114e-01 3.639476698221e-01 3.696267084844e-01 3.752052331881e-01 3.806858890373e-01 3.860712291326e-01 3.913637185367e-01 3.965657380364e-01 4.016795877140e-01 4.067074903383e-01 4.116515945854e-01
1.000000000000e-12 1.000000000000e-12 1.000000000000e-12 1.000000000000e-12 1.000000000000e-12 1.000000000000e-12 1.000000000000e-12 1.000000000000e-12 1.000000000000e-12 1.000000000000e-12 1.000000000000e-12 1.000000000000e-12 1.000000000000e-12 1.000000000000e-12 1.000000000000e-12 1.000000000000e-12 1.000000000000e-12 1.000000000000e-12 1.000000000000e-12 1.000000000000e-12 1.000000000000e-12 1.000000000000e-12 1.000000000000e-12 1.000000000000e-12 1.000000000000e-12 1.000000000000e-12 1.000000000000e-12 1.000000000000e-12 1.000000000000e-12 1.000000000000e-12 1.000000000000e-12 1.000000000000e-12 1.000000000000e-12 1.000000000000e-12 1.000000000000e-12 1.000000000000e-12 1.000000000000e-12 1.000000000000e-12 1.000000000000e-12 1.000000000000e-12 1.000000000000e-12 1.000000000000e-12 1.000000000000e-12 1.000000000000e-12 1.000000000000e-12 1.000000000000e-12 1.000000000000e-12 1.000000000000e-12 1.000000000000e-12 1.000000000000e-12 1.000000000000e-12 1.000000000000e-12 1.000000000000e-12 1.000000000000e-12 1.000000000000e-12 1.000000000000e-12 1.000000000000e-12 1.000000000000e-12 1.000000000000e-12 1.000000000000e-12 1.000000000000e-12 1.000000000000e-12 1.000000000000e-12 1.000000000000e-12 1.809647225895e-11 7.815891500543e-10 3.042077019440e-08 1.040835336158e-06 2.949276123278e-05 5.817058112801e-04 5.189078746546e-03 1.663516081604e-02 3.006681753858e-02 4.334208114429e-02 5.626940462020e-02 6.885245982299e-02 8.110440037713e-02 9.303810943284e-02 1.046658259774e-01 1.159991699523e-01 1.270491803279e-01 1.378263509411e-01 1.483406637345e-01 1.586016195931e-01 1.686182669789e-01 1.783992285439e-01 1.879527258864e-01 1.972866026003e-01 2.064083457526e-01 2.153251059127e-01 2.240437158470e-01 2.325707079805e-01 2.409123307199e-01 2.490745637229e-01 2.570631321939e-01 2.648835202761e-01 2.725409836066e-01 2.800405610951e-01 2.873870859819e-01 2.945851962245e-01 3.016393442623e-01 3.085538062003e-01 3.153326904532e-01 3.219799458857e-01 3.284993694830e-01 3.348946135831e-01 3.411691927003e-01 3.473264899648e-01 3.533697632058e-01 3.593021506994e-01 3.651266766021e-01 3.708462560922e-01 3.764637002342e-01 3.819817205861e-01 3.874029335634e-01 3.927298645759e-01 3.979649519503e-01 4.031105506515e-01 4.081689358155e-01 4.131423061028e-01 4.180327868852e-01
1.000000000000e-12 1.000000000000e-12 1.000000000000e-12 1.000000000000e-12 1.000000000000e-12 1.000000000000e-12 1.000000000000e-12 1.000000000000e-12 1.000000000000e-12 1.000000000000e-12 1.000000000000e-12 1.000000000000e-12 1.000000000000e-12 1.000000000000e-12 1.000000000000e-12 1.000000000000e-12 1.000000000000e-12 1.000000000000e-12 1.000000000000e-12 1.000000000000e-12 1.000000000000e-12 1.000000000000e-12 1.000000000000e-12 1.000000000000e-12 1.000000000000e-12 1.000000000000e-12 1.000000000000e-12 1.000000000000e-12 1.000000000000e-12 1.000000000000e-12 1.000000000000e-12 1.000000000000e-12 1.000000000000e-12 1.000000000000e-12 1.000000000000e-12 1.000000000000e-12 1.000000000000e-12 1.000000000000e-12 1.000000000000e-12 1.000000000000e-12 1.000000000000e-12 1.000000000000e-12 1.000000000000e-12 1.000000000000e-12 1.000000000000e-12 1.000000000000e-12 1.000000000000e-12 1.000000000000e-12 1.000000000000e-12 1.000000000000e-12 1.000000000000e-12 1.000000000000e-12 1.000000000000e-12 1.000000000000e-12 1.000000000000e-12 1.000000000000e-12 1.000000000000e-12 1.000000000000e-12 1.000000000000e-12 1.000000000000e-12 1.000000000000e-12 1.000000000000e-12 1.000000000000e-12 6.186196182210e-12 2.864035905745e-10 1.197025040100e-08 4.422465120465e-07 1.375663532180e-05 3.138475768698e-04 3.572985507817e-03 1.402666111207e-02 2.752080185818e-02 4.100681465136e-02 5.414284782973e-02 6.692466797653e-02 7.936567114081e-02 9.147928068289e-02 1.032782510618e-01 1.147746837404e-01 1.259800674905e-01 1.369053166469e-01 1.475608065648e-01 1.579564064848e-01 1.681015100211e-01 1.780050634732e-01 1.876755921382e-01 1.971212247878e-01 2.063497164569e-01 2.153684696790e-01 2.241845542893e-01 2.328047259083e-01 2.412354432060e-01 2.494828840408e-01 2.575529605565e-01 2.654513333165e-01 2.731834245447e-01 2.807544305391e-01 2.881693333170e-01 2.954329115485e-01 3.025497508258e-01 3.095242533175e-01 3.163606468490e-01 3.230629934485e-01 3.296351973956e-01 3.360810128053e-01 3.424040507786e-01 3.486077861486e-01 3.546955638481e-01 3.606706049236e-01 3.665360122179e-01 3.722947757432e-01 3.779497777635e-01 3.835037976049e-01 3.889595162102e-01 3.943195204539e-01 3.995863072326e-01 4.047622873427e-01 4.098497891603e-01 4.148510621335e-01 4.197682800987e-01 4.246035444312e-01
1.000000000000e-12 1.000000000000e-12 1.000000000000e-12 1.000000000000e-12 1.000000000000e-12 1.000000000000e-12 1.000000000000e-12 1.000000000000e-12 1.000000000000e-12 1.000000000000e-12 1.000000000000e-12 1.000000000000e-12 1.000000000000e-12 1.000000000000e-12 1.000000000000e-12 1.000000000000e-12 1.000000000000e-12 1.000000000000e-12 1.000000000000e-12 1.000000000000e-12 1.000000000000e-12 1.000000000000e-12 1.000000000000e-12 1.000000000000e-12 1.000000000000e-12 1.000000000000e-12 1.000000000000e-12 1.000000000000e-12 1.000000000000e-12 1.000000000000e-12 1.000000000000e-12 1.000000000000e-12 1.000000000000e-12 1.000000000000e-12 1.000000000000e-12 1.000000000000e-12 1.000000000000e-12 1.000000000000e-12 1.000000000000e-12 1.000000000000e-12 1.000000000000e-12 1.000000000000e-12 1.000000000000e-12 1.000000000000e-12 1.000000000000e-12 1.000000000000e-12 1.000000000000e-12 1.000000000000e-12 1.000000000000e-12 1.000000000000e-12 1.000000000000e-12 1.000000000000e-12 1.000000000000e-12 1.000000000000e-12 1.000000000000e-12 1.000000000000e-12 1.000000000000e-12 1.000000000000e-12 1.000000000000e-12 1.000000000000e-12 1.000000000000e-12 1.000000000000e-12 2.220069651257e-12 1.102624177651e-10 4.948220249459e-09 1.970312527062e-07 6.682153350603e-06 1.725381670487e-04 2.427777386381e-03 1.174429488006e-02 2.522805854863e-02 3.892251068755e-02 5.226938468241e-02 6.525194249263e-02 7.788367104942e-02 9.017855536397e-02 1.021498901592e-01 1.138102811959e-01 1.251716878473e-01 1.362454639505e-01 1.470423956511e-01 1.575727364455e-01 1.678462396596e-01 1.778721885794e-01 1.876594244296e-01 1.972163723775e-01 2.065510657219e-01 2.156711684148e-01 2.245839960464e-01 2.332965354167e-01 2.418154628010e-01 2.501471610120e-01 2.582977353488e-01 2.662730285171e-01 2.740786345967e-01 2.817199121272e-01 2.892019963759e-01 2.965298108463e-01 3.037080780825e-01 3.107413298191e-01 3.176339165209e-01 3.243900163573e-01 3.310136436479e-01 3.375086568164e-01 3.438787658855e-01 3.501275395437e-01 3.562584118121e-01 3.622746883373e-01 3.681795523341e-01 3.739760702026e-01 3.796671968372e-01 3.852557806494e-01 3.907445683222e-01 3.961362093105e-01 4.014332601060e-01 4.066381882790e-01 4.117533763111e-01 4.167811252315e-01 4.217236580685e-01 4.265831231268e-01 4.313615971007e-01
1.000000000000e-12 1.000000000000e-12 1.000000000000e-12 1.000000000000e-12 1.000000000000e-12 1.000000000000e-12 1.000000000000e-12 1.000000000000e-12 1.000000000000e-12 1.000000000000e-12 1.000000000000e-12 1.000000000000e-12 1.000000000000e-12 1.000000000000e-12 1.000000000000e-12 1.000000000000e-12 1.000000000000e-12 1.000000000000e-12 1.000000000000e-12 1.000000000000e-12 1.000000000000e-12 1.000000000000e-12 1.000000000000e-12 1.000000000000e-12 1.000000000000e-12 1.000000000000e-12 1.000000000000e-12 1.000000000000e-12 1.000000000000e-12 1.000000000000e-12 1.000000000000e-12 1.000000000000e-12 1.000000000000e-12 1.000000000000e-12 1.000000000000e-12 1.000000000000e-12 1.000000000000e-12 1.000000000000e-12 1.000000000000e-12 1.000000000000e-12 1.000000000000e-12 1.000000000000e-12 1.000000000000e-12 1.000000000000e-12 1.000000000000e-12 1.000000000000e-12 1.000000000000e-12 1.000000000000e-12 1.000000000000e-12 1.000000000000e-12 1.000000000000e-12 1.000000000000e-12 1.000000000000e-12 1.000000000000e-12 1.000000000000e-12 1.000000000000e-12 1.000000000000e-12 1.000000000000e-12 1.000000000000e-12 1.000000000000e-12 1.000000000000e-12 1.000000000000e-12 4.465329642932e-11 2.152462637020e-09 9.228206231495e-08 3.396934998349e-06 9.776987533542e-05 1.649475183559e-03 9.799195198423e-03 2.319562941289e-02 3.709522415283e-02 5.065505253619e-02 6.384031897778e-02 7.666442138584e-02 8.914192910615e-02 1.012867033812e-01 1.131118783366e-01 1.246299058907e-01 1.358525994049e-01 1.467911740960e-01 1.574562844198e-01 1.678580586862e-01 1.780061311412e-01 1.879096717299e-01 1.975774137331e-01 2.070176794539e-01 2.162384041114e-01 2.252471580871e-01 2.340511676543e-01 2.426573343099e-01 2.510722528176e-01 2.593022280613e-01 2.673532907998e-01 2.752312124041e-01 2.829415186551e-01 2.904895026693e-01 2.978802370165e-01 3.051185850885e-01 3.122092117712e-01 3.191565934705e-01 3.259650275358e-01 3.326386411246e-01 3.391813995449e-01 3.455971141124e-01 3.518894495537e-01 3.580619309865e-01 3.641179505055e-01 3.700607733980e-01 3.758935440146e-01 3.816192913173e-01 3.872409341235e-01 3.927612860683e-01 3.981830602998e-01 4.035088739255e-01 4.087412522244e-01 4.138826326398e-01 4.189353685654e-01 4.239017329366e-01 4.287839216405e-01 4.335840567528e-01 4.383041896132e-01
1.000000000000e-12 1.000000000000e-12 1.000000000000e-12 1.000000000000e-12 1.000000000000e-12 1.000000000000e-12 1.000000000000e-12 1.000000000000e-12 1.000000000000e-12 1.000000000000e-12 1.000000000000e-12 1.000000000000e-12 1.000000000000e-12 1.000000000000e-12 1.000000000000e-12 1.000000000000e-12 1.000000000000e-12 1.000000000000e-12 1.000000000000e-12 1.000000000000e-12 1.000000000000e-12 1.000000000000e-12 1.000000000000e-12 1.000000000000e-12 1.000000000000e-12 1.000000000000e-12 1.000000000000e-12 1.000000000000e-12 1.000000000000e-12 1.000000000000e-12 1.000000000000e-12 1.000000000000e-12 1.000000000000e-12 1.000000000000e-12 1.000000000000e-12 1.000000000000e-12 1.000000000000e-12 1.000000000000e-12 1.000000000000e-12 1.000000000000e-12 1.000000000000e-12 1.000000000000e-12 1.000000000000e-12 1.000000000000e-12 1.000000000000e-12 1.000000000000e-12 1.000000000000e-12 1.000000000000e-12 1.000000000000e-12 1.000000000000e-12 1.000000000000e-12 1.000000000000e-12 1.000000000000e-12 1.000000000000e-12 1.000000000000e-12 1.000000000000e-12 1.000000000000e-12 1.000000000000e-12 1.000000000000e-12 1.000000000000e-12 1.000000000000e-12 1.904051275016e-11 9.866119939864e-10 4.552879347136e-08 1.813864801788e-06 5.758203216383e-05 1.134872771642e-03 8.187733543894e-03 2.142924548086e-02 3.553047630054e-02 4.930539903153e-02 6.269535159119e-02 7.571346792737e-02 8.837492714367e-02 1.006941848806e-01 1.126849290821e-01 1.243601273836e-01 1.357320737812e-01 1.468124318097e-01 1.576122744450e-01 1.681421210144e-01 1.784119713723e-01 1.884313375751e-01 1.982092732669e-01 2.077544009661e-01 2.170749374253e-01 2.261787172227e-01 2.350732147259e-01 2.437655645586e-01 2.522625806871e-01 2.605707742351e-01 2.686963701226e-01 2.766453226212e-01 2.844233299049e-01 2.920358476719e-01 2.994881019069e-01 3.067851008454e-01 3.139316461975e-01 3.209323436853e-01 3.277916129410e-01 3.345136968115e-01 3.411026701104e-01 3.475624478545e-01 3.538967930209e-01 3.601093238573e-01 3.662035207729e-01 3.721827328411e-01 3.780501839360e-01 3.838089785292e-01 3.894621071666e-01 3.950124516469e-01 4.004627899203e-01 4.058158007246e-01 4.110740679748e-01 4.162400849224e-01 4.213162580970e-01 4.263049110444e-01 4.312082878731e-01 4.360285566200e-01 4.407678124467e-01 4.454280806763e-01
1.000000000000e-12 1.000000000000e-12 1.000000000000e-12 1.000000000000e-12 1.000000000000e-12 1.000000000000e-12 1.000000000000e-12 1.000000000000e-12 1.000000000000e-12 1.000000000000e-12 1.000000000000e-12 1.000000000000e-12 1.000000000000e-12 1.000000000000e-12 1.000000000000e-12 1.000000000000e-12 1.000000000000e-12 1.000000000000e-12 1.000000000000e-12 1.000000000000e-12 1.000000000000e-12 1.000000000000e-12 1.000000000000e-12 1.000000000000e-12 1.000000000000e-12 1.000000000000e-12 1.000000000000e-12 1.000000000000e-12 1.000000000000e-12 1.000000000000e-12 1.000000000000e-12 1.000000000000e-12 1.000000000000e-12 1.000000000000e-12 1.000000000000e-12 1.000000000000e-12 1.000000000000e-12 1.000000000000e-12 1.000000000000e-12 1.000000000000e-12 1.000000000000e-12 1.000000000000e-12 1.000000000000e-12 1.000000000000e-12 1.000000000000e-12 1.000000000000e-12 1.000000000000e-12 1.000000000000e-12 1.000000000000e-12 1.000000000000e-12 1.000000000000e-12 1.000000000000e-12 1.000000000000e-12 1.000000000000e-12 1.000000000000e-12 1.000000000000e-12 1.000000000000e-12 1.000000000000e-12 1.000000000000e-12 1.000000000000e-12 8.555161620285e-12 4.770252434613e-10 2.369876810866e-08 1.020115223010e-06 3.545887357221e-05 7.994355186721e-04 6.890978622117e-03 1.993283313372e-02 3.423320441784e-02 4.822545049828e-02 6.182208276973e-02 7.503585151377e-02 8.788257564605e-02 1.003773348788e-01 1.125343979208e-01 1.243672726152e-01 1.358887558703e-01 1.471109798200e-01 1.580454544377e-01 1.687031069132e-01 1.790943180768e-01 1.892289561252e-01 1.991164078798e-01 2.087656077848e-01 2.181850648350e-01 2.273828876017e-01 2.363668075133e-01 2.451442005304e-01 2.537221073425e-01 2.621072522038e-01 2.703060605127e-01 2.783246752323e-01 2.861689722407e-01 2.938445746897e-01 3.013568664483e-01 3.087110046962e-01 3.159119317306e-01 3.229643860427e-01 3.298729127157e-01 3.366418731933e-01 3.432754544614e-01 3.497776776846e-01 3.561524063347e-01 3.624033538460e-01 3.685340908283e-01 3.745480518680e-01 3.804485419447e-01 3.862387424873e-01 3.919217170939e-01 3.975004169371e-01 4.029776858740e-01 4.083562652805e-01 4.136387986263e-01 4.188278358066e-01 4.239258372468e-01 4.289351777925e-01 4.338581503978e-01 4.386969696251e-01 4.434537749673e-01 4.481306340012e-01 4.527295453845e-01
1.000000000000e-12 1.000000000000e-12 1.000000000000e-12 1.000000000000e-12 1.000000000000e-12 1.000000000000e-12 1.000000000000e-12 1.000000000000e-12 1.000000000000e-12 1.000000000000e-12 1.000000000000e-12 1.000000000000e-12 1.000000000000e-12 1.000000000000e-12 1.000000000000e-12 1.000000000000e-12 1.000000000000e-12 1.000000000000e-12 1.000000000000e-12 1.000000000000e-12 1.000000000000e-12 1.000000000000e-12 1.000000000000e-12 1.000000000000e-12 1.000000000000e-12 1.000000000000e-12 1.000000000000e-12 1.000000000000e-12 1.000000000000e-12 1.000000000000e-12 1.000000000000e-12 1.000000000000e-12 1.000000000000e-12 1.000000000000e-12 1.000000000000e-12 1.000000000000e-12 1.000000000000e-12 1.000000000000e-12 1.000000000000e-12 1.000000000000e-12 1.000000000000e-12 1.000000000000e-12 1.000000000000e-12 1.000000000000e-12 1.000000000000e-12 1.000000000000e-12 1.000000000000e-12 1.000000000000e-12 1.000000000000e-12 1.000000000000e-12 1.000000000000e-12 1.000000000000e-12 1.000000000000e-12 1.000000000000e-12 1.000000000000e-12 1.000000000000e-12 1.000000000000e-12 1.000000000000e-12 1.000000000000e-12 4.052626880048e-12 2.434845211524e-10 1.303063359686e-08 6.054940803370e-07 2.292945331487e-05 5.817171371429e-04 5.878332275744e-03 1.870826592725e-02 3.320772697343e-02 4.741968406962e-02 6.122501613899e-02 7.463608180716e-02 8.766937626021e-02 1.003406349180e-01 1.126647358094e-01 1.246557528930e-01 1.363270095211e-01 1.476911278169e-01 1.587600742089e-01 1.695452014626e-01 1.800572875200e-01 1.903065714260e-01 2.003027865936e-01 2.100551916352e-01 2.195725989649e-01 2.288634013581e-01 2.379355966363e-01 2.467968106289e-01 2.554543185527e-01 2.639150649328e-01 2.721856821807e-01 2.802725079343e-01 2.881816012537e-01 2.959187577618e-01 3.034895238073e-01 3.108992097243e-01 3.181529022535e-01 3.252554761884e-01 3.322116052998e-01 3.390257725927e-01 3.457022799402e-01 3.522452571408e-01 3.586586704365e-01 3.649463305302e-01 3.711119001367e-01 3.771589010969e-01 3.830907210865e-01 3.889106199442e-01 3.946217356456e-01 4.002270899452e-01 4.057295937072e-01 4.111320519462e-01 4.164371685953e-01 4.216475510186e-01 4.267657142839e-01 4.317940852112e-01 4.367350062094e-01 4.415907389145e-01 4.463634676417e-01 4.510553026617e-01 4.556682833116e-01 4.602043809507e-01
1.000000000000e-12 1.000000000000e-12 1.000000000000e-12 1.000000000000e-12 1.000000000000e-12 1.000000000000e-12 1.000000000000e-12 1.000000000000e-12 1.000000000000e-12 1.000000000000e-12 1.000000000000e-12 1.000000000000e-12 1.000000000000e-12 1.000000000000e-12 1.000000000000e-12 1.000000000000e-12 1.000000000000e-12 1.000000000000e-12 1.000000000000e-12 1.000000000000e-12 1.000000000000e-12 1.000000000000e-12 1.000000000000e-12 1.000000000000e-12 1.000000000000e-12 1.000000000000e-12 1.000000000000e-12 1.000000000000e-12 1.000000000000e-12 1.000000000000e-12 1.000000000000e-12 1.000000000000e-12 1.000000000000e-12 1.000000000000e-12 1.000000000000e-12 1.000000000000e-12 1.000000000000e-12 1.000000000000e-12 1.000000000000e-12 1.000000000000e-12 1.000000000000e-12 1.000000000000e-12 1.000000000000e-12 1.000000000000e-12 1.000000000000e-12 1.000000000000e-12 1.000000000000e-12 1.000000000000e-12 1.000000000000e-12 1.000000000000e-12 1.000000000000e-12 1.000000000000e-12 1.000000000000e-12 1.000000000000e-12 1.000000000000e-12 1.000000000000e-12 1.000000000000e-12 1.000000000000e-12 2.024654019968e-12 1.312766213213e-10 7.575369623959e-09 3.798885721790e-07 1.561909274775e-05 4.402626478691e-04 5.113552566927e-03 1.775552131957e-02 3.245773233349e-02 4.689200404836e-02 6.090809300303e-02 7.451811463484e-02 8.773928425080e-02 1.005880267210e-01 1.130798596830e-01 1.252294506463e-01 1.370506742862e-01 1.485566652957e-01 1.597598670681e-01 1.706720765867e-01 1.813044858612e-01 1.916677202174e-01 2.017718737147e-01 2.116265419405e-01 2.212408524046e-01 2.306234927371e-01 2.397827368712e-01 2.487264693786e-01 2.574622081067e-01 2.659971252549e-01 2.743380670134e-01 2.824915718784e-01 2.904638877464e-01 2.982609878811e-01 3.058885858389e-01 3.133521494320e-01 3.206569137998e-01 3.278078936545e-01 3.348098947623e-01 3.416675247132e-01 3.483852030324e-01 3.549671706786e-01 3.614174989718e-01 3.677400979918e-01 3.739387244821e-01 3.800169892930e-01 3.859783643959e-01 3.918261894969e-01 3.975636782753e-01 4.031939242727e-01 4.087199064553e-01 4.141444944695e-01 4.194704536107e-01 4.247004495241e-01 4.298370526534e-01 4.348827424529e-01 4.398399113787e-01 4.447108686711e-01 4.494978439412e-01 4.542029905742e-01 4.588283889591e-01 4.633760495561e-01 4.678479158098e-01
1.000000000000e-12 1.000000000000e-12 1.000000000000e-12 1.000000000000e-12 1.000000000000e-12 1.000000000000e-12 1.000000000000e-12 1.000000000000e-12 1.000000000000e-12 1.000000000000e-12 1.000000000000e-12 1.000000000000e-12 1.000000000000e-12 1.000000000000e-12 1.000000000000e-12 1.000000000000e-12 1.000000000000e-12 1.000000000000e-12 1.000000000000e-12 1.000000000000e-12 1.000000000000e-12 1.000000000000e-12 1.000000000000e-12 1.000000000000e-12 1.000000000000e-12 1.000000000000e-12 1.000000000000e-12 1.000000000000e-12 1.000000000000e-12 1.000000000000e-12 1.000000000000e-12 1.000000000000e-12 1.000000000000e-12 1.000000000000e-12 1.000000000000e-12 1.000000000000e-12 1.000000000000e-12 1.000000000000e-12 1.000000000000e-12 1.000000000000e-12 1.000000000000e-12 1.000000000000e-12 1.000000000000e-12 1.000000000000e-12 1.000000000000e-12 1.000000000000e-12 1.000000000000e-12 1.000000000000e-12 1.000000000000e-12 1.000000000000e-12 1.000000000000e-12 1.000000000000e-12 1.000000000000e-12 1.000000000000e-12 1.000000000000e-12 1.000000000000e-12 1.000000000000e-12 1.066921696163e-12 7.479058586199e-11 4.659335629221e-09 2.522213661473e-07 1.123311262644e-05 3.483455385488e-04 4.560816226745e-03 1.707326800335e-02 3.198629208513e-02 4.664572271241e-02 6.087467276213e-02 7.468533327359e-02 8.809569059471e-02 1.011228950101e-01 1.137831359253e-01 1.260917034819e-01 1.380630500095e-01 1.497108466310e-01 1.610480353426e-01 1.720868769828e-01 1.828389954636e-01 1.933154185987e-01 2.035266158316e-01 2.134825331337e-01 2.231926253172e-01 2.326658859841e-01 2.419108753096e-01 2.509357458416e-01 2.597482664788e-01 2.683558447755e-01 2.767655477091e-01 2.849841210306e-01 2.930180073112e-01 3.008733627855e-01 3.085560730846e-01 3.160717679423e-01 3.234258349537e-01 3.306234324542e-01 3.376695015863e-01 3.445687776114e-01 3.513258005226e-01 3.579449250071e-01 3.644303298050e-01 3.707860265070e-01 3.770158678287e-01 3.831235553990e-01 3.891126470941e-01 3.949865639490e-01 4.007485966733e-01 4.064019117990e-01 4.119495574831e-01 4.173944689879e-01 4.227394738596e-01 4.279872968245e-01 4.331405644207e-01 4.382018093812e-01 4.431734747849e-01 4.480579179886e-01 4.528574143539e-01 4.575741607819e-01 4.622102790658e-01 4.667678190737e-01 4.712487617706e-01 4.756550220891e-01
1.000000000000e-12 1.000000000000e-12 1.000000000000e-12 1.000000000000e-12 1.000000000000e-12 1.000000000000e-12 1.000000000000e-12 1.000000000000e-12 1.000000000000e-12 1.000000000000e-12 1.000000000000e-12 1.000000000000e-12 1.000000000000e-12 1.000000000000e-12 1.000000000000e-12 1.000000000000e-12 1.000000000000e-12 1.000000000000e-12 1.000000000000e-12 1.000000000000e-12 1.000000000000e-12 1.000000000000e-12 1.000000000000e-12 1.000000000000e-12 1.000000000000e-12 1.000000000000e-12 1.000000000000e-12 1.000000000000e-12 1.000000000000e-12 1.000000000000e-12 1.000000000000e-12 1.000000000000e-12 1.000000000000e-12 1.000000000000e-12 1.000000000000e-12 1.000000000000e-12 1.000000000000e-12 1.000000000000e-12 1.000000000000e-12 1.000000000000e-12 1.000000000000e-12 1.000000000000e-12 1.000000000000e-12 1.000000000000e-12 1.000000000000e-12 1.000000000000e-12 1.000000000000e-12 1.000000000000e-12 1.000000000000e-12 1.000000000000e-12 1.000000000000e-12 1.000000000000e-12 1.000000000000e-12 1.000000000000e-12 1.000000000000e-12 1.000000000000e-12 1.000000000000e-12 4.503167233547e-11 3.033228182544e-09 1.773512650399e-07 8.543449928762e-06 2.892151000221e-04 4.189285258944e-03 1.665974983613e-02 3.179589037070e-02 4.668354538056e-02 6.112751756213e-02 7.514053399552e-02 8.874140834667e-02 1.019480545986e-01 1.147773681042e-01 1.272452924971e-01 1.393668856568e-01 1.511563803739e-01 1.626272400985e-01 1.737922102306e-01 1.846633653591e-01 1.952521528220e-01 2.055694329140e-01 2.156255160417e-01 2.254301970912e-01 2.349927872505e-01 2.443221435036e-01 2.534266959915e-01 2.623144734201e-01 2.709931266740e-01 2.794699507825e-01 2.877519053712e-01 2.958456337192e-01 3.037574805314e-01 3.114935085255e-01 3.190595139263e-01 3.264610409488e-01 3.337033953472e-01 3.407916570989e-01 3.477306922873e-01 3.545251642426e-01 3.611795439927e-01 3.676981200744e-01 3.740850077504e-01 3.803441576729e-01 3.864793640326e-01 3.924942722284e-01 3.983923860902e-01 4.041770746855e-01 4.098515787361e-01 4.154190166726e-01 4.208823903485e-01 4.262445904379e-01 4.315084015348e-01 4.366765069754e-01 4.417514933990e-01 4.467358550651e-01 4.516319979406e-01 4.564422435727e-01 4.611688327591e-01 4.658139290284e-01 4.703796219427e-01 4.748679302313e-01 4.792808047672e-01 4.836201313941e-01
1.000000000000e-12 1.000000000000e-12 1.000000000000e-12 1.000000000000e-12 1.000000000000e-12 1.000000000000e-12 1.000000000000e-12 1.000000000000e-12 1.000000000000e-12 1.000000000000e-12 1.000000000000e-12 1.000000000000e-12 1.000000000000e-12 1.000000000000e-12 1.000000000000e-12 1.000000000000e-12 1.000000000000e-12 1.000000000000e-12 1.000000000000e-12 1.000000000000e-12 1.000000000000e-12 1.000000000000e-12 1.000000000000e-12 1.000000000000e-12 1.000000000000e-12 1.000000000000e-12 1.000000000000e-12 1.000000000000e-12 1.000000000000e-12 1.000000000000e-12 1.000000000000e-12 1.000000000000e-12 1.000000000000e-12 1.000000000000e-12 1.000000000000e-12 1.000000000000e-12 1.000000000000e-12 1.000000000000e-12 1.000000000000e-12 1.000000000000e-12 1.000000000000e-12 1.000000000000e-12 1.000000000000e-12 1.000000000000e-12 1.000000000000e-12 1.000000000000e-12 1.000000000000e-12 1.000000000000e-12 1.000000000000e-12 1.000000000000e-12 1.000000000000e-12 1.000000000000e-12 1.000000000000e-12 1.000000000000e-12 1.000000000000e-12 1.000000000000e-12 2.865379880361e-11 2.090399206949e-09 1.321400423775e-07 6.879231060449e-06 2.526183114330e-04 3.975820134184e-03 1.651372054139e-02 3.188845332158e-02 4.700755939334e-02 6.166878143760e-02 7.588591615162e-02 8.967866354925e-02 1.030657420234e-01 1.160647892404e-01 1.286924351083e-01 1.409643726420e-01 1.528954230220e-01 1.644995953094e-01 1.757901413187e-01 1.867796061011e-01 1.974798744419e-01 2.079022137349e-01 2.180573135588e-01 2.279553222479e-01 2.376058807198e-01 2.470181537973e-01 2.562008592388e-01 2.651622946697e-01 2.739103625903e-01 2.824525936186e-01 2.907961681114e-01 2.989479362941e-01 3.069144370180e-01 3.147019152538e-01 3.223163384176e-01 3.297634116218e-01 3.370485919303e-01 3.441771016945e-01 3.511539410381e-01 3.579838995535e-01 3.646715672665e-01 3.712213449235e-01 3.776374536488e-01 3.839239440160e-01 3.900847045758e-01 3.961234698771e-01 4.020438280155e-01 4.078492277435e-01 4.135429851691e-01 4.191282900722e-01 4.246082118640e-01 4.299857052111e-01 4.352636153480e-01 4.404446830971e-01 4.455315496144e-01 4.505267608791e-01 4.554327719427e-01 4.602519509521e-01 4.649865829613e-01 4.696388735442e-01 4.742109522206e-01 4.787048757059e-01 4.831226309965e-01 4.874661382990e-01 4.917372538132e-01
1.000000000000e-12 1.000000000000e-12 1.000000000000e-12 1.000000000000e-12 1.000000000000e-12 1.000000000000e-12 1.000000000000e-12 1.000000000000e-12 1.000000000000e-12 1.000000000000e-12 1.000000000000e-12 1.000000000000e-12 1.000000000000e-12 1.000000000000e-12 1.000000000000e-12 1.000000000000e-12 1.000000000000e-12 1.000000000000e-12 1.000000000000e-12 1.000000000000e-12 1.000000000000e-12 1.000000000000e-12 1.000000000000e-12 1.000000000000e-12 1.000000000000e-12 1.000000000000e-12 1.000000000000e-12 1.000000000000e-12 1.000000000000e-12 1.000000000000e-12 1.000000000000e-12 1.000000000000e-12 1.000000000000e-12 1.000000000000e-12 1.000000000000e-12 1.000000000000e-12 1.000000000000e-12 1.000000000000e-12 1.000000000000e-12 1.000000000000e-12 1.000000000000e-12 1.000000000000e-12 1.000000000000e-12 1.000000000000e-12 1.000000000000e-12 1.000000000000e-12 1.000000000000e-12 1.000000000000e-12 1.000000000000e-12 1.000000000000e-12 1.000000000000e-12 1.000000000000e-12 1.000000000000e-12 1.000000000000e-12 1.000000000000e-12 1.926352350836e-11 1.525059503554e-09 1.043494619396e-07 5.868433126043e-06 2.325200030668e-04 3.906250000000e-03 1.663516081604e-02 3.226536218462e-02 4.761922681235e-02 6.250000417375e-02 7.692307702012e-02 9.090909091139e-02 1.044776119404e-01 1.176470588235e-01 1.304347826087e-01 1.428571428571e-01 1.549295774648e-01 1.666666666667e-01 1.780821917808e-01 1.891891891892e-01 2.000000000000e-01 2.105263157895e-01 2.207792207792e-01 2.307692307692e-01 2.405063291139e-01 2.500000000000e-01 2.592592592593e-01 2.682926829268e-01 2.771084337349e-01 2.857142857143e-01 2.941176470588e-01 3.023255813953e-01 3.103448275862e-01 3.181818181818e-01 3.258426966292e-01 3.333333333333e-01 3.406593406593e-01 3.478260869565e-01 3.548387096774e-01 3.617021276596e-01 3.684210526316e-01 3.750000000000e-01 3.814432989691e-01 3.877551020408e-01 3.939393939394e-01 4.000000000000e-01 4.059405940594e-01 4.117647058823e-01 4.174757281553e-01 4.230769230769e-01 4.285714285714e-01 4.339622641509e-01 4.392523364486e-01 4.444444444444e-01 4.495412844037e-01 4.545454545455e-01 4.594594594595e-01 4.642857142857e-01 4.690265486726e-01 4.736842105263e-01 4.782608695652e-01 4.827586206897e-01 4.871794871795e-01 4.915254237288e-01 4.957983193277e-01 5.000000000000e-01
1.000000000000e-12 1.000000000000e-12 1.000000000000e-12 1.000000000000e-12 1.000000000000e-12 1.000000000000e-12 1.000000000000e-12 1.000000000000e-12 1.000000000000e-12 1.000000000000e-12 1.000000000000e-12 1.000000000000e-12 1.000000000000e-12 1.000000000000e-12 1.000000000000e-12 1.000000000000e-12 1.000000000000e-12 1.000000000000e-12 1.000000000000e-12 1.000000000000e-12 1.000000000000e-12 1.000000000000e-12 1.000000000000e-12 1.000000000000e-12 1.000000000000e-12 1.000000000000e-12 1.000000000000e-12 1.000000000000e-12 1.000000000000e-12 1.000000000000e-12 1.000000000000e-12 1.000000000000e-12 1.000000000000e-12 1.000000000000e-12 1.000000000000e-12 1.000000000000e-12 1.000000000000e-12 1.000000000000e-12 1.000000000000e-12 1.000000000000e-12 1.000000000000e-12 1.000000000000e-12 1.000000000000e-12 1.000000000000e-12 1.000000000000e-12 1.000000000000e-12 1.000000000000e-12 1.000000000000e-12 1.000000000000e-12 1.000000000000e-12 1.000000000000e-12 1.000000000000e-12 1.000000000000e-12 1.000000000000e-12 1.367700546280e-11 1.177551334446e-09 8.733848727003e-08 5.305494861242e-06 2.257280031871e-04 3.975820134184e-03 1.702557255307e-02 3.292744120832e-02 4.851938102804e-02 6.362211007386e-02 7.825301159424e-02 9.243373442712e-02 1.061847384495e-01 1.195252647412e-01 1.324734226127e-01 1.450462715603e-01 1.572598962523e-01 1.691294751784e-01 1.806693435787e-01 1.918930512009e-01 2.028134153738e-01 2.134425698355e-01 2.237920097061e-01 2.338726329567e-01 2.436947786880e-01 2.532682625021e-01 2.626024092208e-01 2.717060831810e-01 2.805877163130e-01 2.892553341887e-01 2.977165802103e-01 3.059787380902e-01 3.140487527635e-01 3.219332498582e-01 3.296385538371e-01 3.371707049176e-01 3.445354748629e-01 3.517383817326e-01 3.587847036703e-01 3.656794918028e-01 3.724275823156e-01 3.790336077649e-01 3.855020076840e-01 3.918370385326e-01 3.980427830374e-01 4.041231589663e-01 4.100819273766e-01 4.159227003729e-01 4.216489484085e-01 4.272640071618e-01 4.327710840160e-01 4.381732641682e-01 4.434735163931e-01 4.486746984828e-01 4.537795623858e-01 4.587907590611e-01 4.637108430697e-01 4.685422769159e-01 4.732874351577e-01 4.779486082979e-01 4.825280064707e-01 4.870277629362e-01 4.914499373937e-01 4.957965191253e-01 5.000694299802e-01 5.042705272073e-01 5.084016061472e-01
1.000000000000e-12 1.000000000000e-12 1.000000000000e-12 1.000000000000e-12 1.000000000000e-12 1.000000000000e-12 1.000000000000e-12 1.000000000000e-12 1.000000000000e-12 1.000000000000e-12 1.000000000000e-12 1.000000000000e-12 1.000000000000e-12 1.000000000000e-12 1.000000000000e-12 1.000000000000e-12 1.000000000000e-12 1.000000000000e-12 1.000000000000e-12 1.000000000000e-12 1.000000000000e-12 1.000000000000e-12 1.000000000000e-12 1.000000000000e-12 1.000000000000e-12 1.000000000000e-12 1.000000000000e-12 1.000000000000e-12 1.000000000000e-12 1.000000000000e-12 1.000000000000e-12 1.000000000000e-12 1.000000000000e-12 1.000000000000e-12 1.000000000000e-12 1.000000000000e-12 1.000000000000e-12 1.000000000000e-12 1.000000000000e-12 1.000000000000e-12 1.000000000000e-12 1.000000000000e-12 1.000000000000e-12 1.000000000000e-12 1.000000000000e-12 1.000000000000e-12 1.000000000000e-12 1.000000000000e-12 1.000000000000e-12 1.000000000000e-12 1.000000000000e-12 1.000000000000e-12 1.000000000000e-12 1.024889252494e-11 9.618884781315e-10 7.746177310464e-08 5.083436076427e-06 2.311609008321e-04 4.189285258944e-03 1.768776387620e-02 3.387492351294e-02 4.970822784954e-02 6.503541177141e-02 7.987611742864e-02 9.425305305107e-02 1.081876214648e-01 1.216999302304e-01 1.348088864957e-01 1.475322852237e-01 1.598868897856e-01 1.718885056458e-01 1.835520478198e-01 1.948916027112e-01 2.059204848659e-01 2.166512891244e-01 2.270959386028e-01 2.372657288843e-01 2.471713687689e-01 2.568230178873e-01 2.662303214583e-01 2.754024424401e-01 2.843480912989e-01 2.930755536001e-01 3.015927156049e-01 3.099070880382e-01 3.180258281789e-01 3.259557604094e-01 3.337033953472e-01 3.412749476728e-01 3.486763527552e-01 3.559132821690e-01 3.629911581891e-01 3.699151673392e-01 3.766902730668e-01 3.833212276086e-01 3.898125831075e-01 3.961687020334e-01 4.023937669609e-01 4.084917897470e-01 4.144666201536e-01 4.203219539521e-01 4.260613405466e-01 4.316881901491e-01 4.372057805360e-01 4.426172634155e-01 4.479256704306e-01 4.531339188227e-01 4.582448167777e-01 4.632610684742e-01 4.681852788551e-01 4.730199581383e-01 4.777675260830e-01 4.824303160287e-01 4.870105787187e-01 4.915104859229e-01 4.959321338714e-01 5.002775465104e-01 5.045486785915e-01 5.087474186035e-01 5.128755915564e-01 5.169349616267e-01
1.000000000000e-12 1.000000000000e-12 1.000000000000e-12 1.000000000000e-12 1.000000000000e-12 1.000000000000e-12 1.000000000000e-12 1.000000000000e-12 1.000000000000e-12 1.000000000000e-12 1.000000000000e-12 1.000000000000e-12 1.000000000000e-12 1.000000000000e-12 1.000000000000e-12 1.000000000000e-12 1.000000000000e-12 1.000000000000e-12 1.000000000000e-12 1.000000000000e-12 1.000000000000e-12 1.000000000000e-12 1.000000000000e-12 1.000000000000e-12 1.000000000000e-12 1.000000000000e-12 1.000000000000e-12 1.000000000000e-12 1.000000000000e-12 1.000000000000e-12 1.000000000000e-12 1.000000000000e-12 1.000000000000e-12 1.000000000000e-12 1.000000000000e-12 1.000000000000e-12 1.000000000000e-12 1.000000000000e-12 1.000000000000e-12 1.000000000000e-12 1.000000000000e-12 1.000000000000e-12 1.000000000000e-12 1.000000000000e-12 1.000000000000e-12 1.000000000000e-12 1.000000000000e-12 1.000000000000e-12 1.000000000000e-12 1.000000000000e-12 1.000000000000e-12 1.000000000000e-12 8.099140205271e-12 8.307180312519e-10 7.276946146640e-08 5.160519591811e-06 2.495928201331e-04 4.560816226745e-03 1.862517990357e-02 3.510740894657e-02 5.118535178647e-02 6.673961916660e-02 8.179220460669e-02 9.636693149200e-02 1.104861981869e-01 1.241710259071e-01 1.374411618782e-01 1.503151743875e-01 1.628105394700e-01 1.749437200574e-01 1.867302383423e-01 1.981847420276e-01 2.093210650550e-01 2.201522833420e-01 2.306907659995e-01 2.409482224528e-01 2.509357458416e-01 2.606638530385e-01 2.701425215893e-01 2.793812238476e-01 2.883889585495e-01 2.971742800489e-01 3.057453254142e-01 3.141098395658e-01 3.222751986186e-01 3.302484315760e-01 3.380362405112e-01 3.456450193559e-01 3.530808714087e-01 3.603496256625e-01 3.674568520440e-01 3.744078756479e-01 3.812077900431e-01 3.878614697200e-01 3.943735817443e-01 4.007485966733e-01 4.069907987913e-01 4.131042957110e-01 4.190930273874e-01 4.249607745855e-01 4.307111668396e-01 4.363476899402e-01 4.418736929800e-01 4.472923949899e-01 4.526068911920e-01 4.578201588949e-01 4.629350630563e-01 4.679543615324e-01 4.728807100367e-01 4.777166668253e-01 4.824646971269e-01 4.871271773330e-01 4.917063989640e-01 4.962045724245e-01 5.006238305611e-01 5.049662320345e-01 5.092337645169e-01 5.134283477262e-01 5.175518363048e-01 5.216060225543e-01 5.255926390330e-01
1.000000000000e-12 1.000000000000e-12 1.000000000000e-12 1.000000000000e-12 1.000000000000e-12 1.000000000000e-12 1.000000000000e-12 1.000000000000e-12 1.000000000000e-12 1.000000000000e-12 1.000000000000e-12 1.000000000000e-12 1.000000000000e-12 1.000000000000e-12 1.000000000000e-12 1.000000000000e-12 1.000000000000e-12 1.000000000000e-12 1.000000000000e-12 1.000000000000e-12 1.000000000000e-12 1.000000000000e-12 1.000000000000e-12 1.000000000000e-12 1.000000000000e-12 1.000000000000e-12 1.000000000000e-12 1.000000000000e-12 1.000000000000e-12 1.000000000000e-12 1.000000000000e-12 1.000000000000e-12 1.000000000000e-12 1.000000000000e-12 1.000000000000e-12 1.000000000000e-12 1.000000000000e-12 1.000000000000e-12 1.000000000000e-12 1.000000000000e-12 1.000000000000e-12 1.000000000000e-12 1.000000000000e-12 1.000000000000e-12 1.000000000000e-12 1.000000000000e-12 1.000000000000e-12 1.000000000000e-12 1.000000000000e-12 1.000000000000e-12 1.000000000000e-12 6.742777137734e-12 7.579069460368e-10 7.236265331154e-08 5.547364431731e-06 2.838104256240e-04 5.113552566927e-03 1.984096516416e-02 3.662383193740e-02 5.294972803347e-02 6.873385349906e-02 8.400051083493e-02 9.877469612978e-02 1.130798596830e-01 1.269379868755e-01 1.403697101543e-01 1.533944115156e-01 1.660303158213e-01 1.782945758828e-01 1.902033501454e-01 2.017718737147e-01 2.130145233807e-01 2.239448772226e-01 2.345757693155e-01 2.449193400004e-01 2.549870821337e-01 2.647898836846e-01 2.743380670134e-01 2.836414251286e-01 2.927092551903e-01 3.015503895004e-01 3.101732241979e-01 3.185857458540e-01 3.267955561449e-01 3.348098947623e-01 3.426356607062e-01 3.502794320934e-01 3.577474845980e-01 3.650458086367e-01 3.721801253936e-01 3.791559017781e-01 3.859783643959e-01 3.926525126090e-01 3.991831307530e-01 4.055747995748e-01 4.118319069477e-01 4.179586579170e-01 4.239590841240e-01 4.298370526534e-01 4.355962743437e-01 4.412403116003e-01 4.467725857429e-01 4.521963839219e-01 4.575148656314e-01 4.627310688464e-01 4.678479158098e-01 4.728682184908e-01 4.777946837386e-01 4.826299181484e-01 4.873764326608e-01 4.920366469094e-01 4.966128933336e-01 5.011074210717e-01 5.055223996463e-01 5.098599224564e-01 5.141220100872e-01 5.183106134485e-01 5.224276167524e-01 5.264748403392e-01 5.304540433616e-01 5.343669263336e-01
1.000000000000e-12 1.000000000000e-12 1.000000000000e-12 1.000000000000e-12 1.000000000000e-12 1.000000000000e-12 1.000000000000e-12 1.000000000000e-12 1.000000000000e-12 1.000000000000e-12 1.000000000000e-12 1.000000000000e-12 1.000000000000e-12 1.000000000000e-12 1.000000000000e-12 1.000000000000e-12 1.000000000000e-12 1.000000000000e-12 1.000000000000e-12 1.000000000000e-12 1.000000000000e-12 1.000000000000e-12 1.000000000000e-12 1.000000000000e-12 1.000000000000e-12 1.000000000000e-12 1.000000000000e-12 1.000000000000e-12 1.000000000000e-12 1.000000000000e-12 1.000000000000e-12 1.000000000000e-12 1.000000000000e-12 1.000000000000e-12 1.000000000000e-12 1.000000000000e-12 1.000000000000e-12 1.000000000000e-12 1.000000000000e-12 1.000000000000e-12 1.000000000000e-12 1.000000000000e-12 1.000000000000e-12 1.000000000000e-12 1.000000000000e-12 1.000000000000e-12 1.000000000000e-12 1.000000000000e-12 1.000000000000e-12 1.000000000000e-12 5.906830076963e-12 7.297575153691e-10 7.610600535768e-08 6.309084471834e-06 3.392119217310e-04 5.878332275744e-03 2.133702745181e-02 3.842245301047e-02 5.499974025390e-02 7.101666650146e-02 8.649972161642e-02 1.014751360088e-01 1.159674725247e-01 1.299997348656e-01 1.435934890083e-01 1.567689737928e-01 1.695452014626e-01 1.819400492020e-01 1.939703425961e-01 2.056519318338e-01 2.169997613790e-01 2.280279337540e-01 2.387497680074e-01 2.491778533771e-01 2.593240986018e-01 2.691997772871e-01 2.788155696912e-01 2.881816012537e-01 2.973074781607e-01 3.062023202093e-01 3.148747912066e-01 3.233331271177e-01 3.315851621528e-01 3.396383529703e-01 3.474998011492e-01 3.551762740768e-01 3.626742243783e-01 3.699998080061e-01 3.771589010969e-01 3.841571156914e-01 3.909998144059e-01 3.976921241377e-01 4.042389488753e-01 4.106449816831e-01 4.169147159205e-01 4.230524557530e-01 4.290623260055e-01 4.349482814075e-01 4.407141152707e-01 4.463634676417e-01 4.518998329653e-01 4.573265672924e-01 4.626468950640e-01 4.678639155003e-01 4.729806086205e-01 4.779998409193e-01 4.829243707220e-01 4.877568532386e-01 4.924998453383e-01 4.971558100599e-01 5.017271208776e-01 5.062160657345e-01 5.106248508619e-01 5.149556043941e-01 5.192103797941e-01 5.233911591003e-01 5.274998560046e-01 5.315383187738e-01 5.355083330214e-01 5.394116243406e-01 5.432498608044e-01
1.000000000000e-12 1.000000000000e-12 1.000000000000e-12 1.000000000000e-12 1.000000000000e-12 1.000000000000e-12 1.000000000000e-12 1.000000000000e-12 1.000000000000e-12 1.000000000000e-12 1.000000000000e-12 1.000000000000e-12 1.000000000000e-12 1.000000000000e-12 1.000000000000e-12 1.000000000000e-12 1.000000000000e-12 1.000000000000e-12 1.000000000000e-12 1.000000000000e-12 1.000000000000e-12 1.000000000000e-12 1.000000000000e-12 1.000000000000e-12 1.000000000000e-12 1.000000000000e-12 1.000000000000e-12 1.000000000000e-12 1.000000000000e-12 1.000000000000e-12 1.000000000000e-12 1.000000000000e-12 1.000000000000e-12 1.000000000000e-12 1.000000000000e-12 1.000000000000e-12 1.000000000000e-12 1.000000000000e-12 1.000000000000e-12 1.000000000000e-12 1.000000000000e-12 1.000000000000e-12 1.000000000000e-12 1.000000000000e-12 1.000000000000e-12 1.000000000000e-12 1.000000000000e-12 1.000000000000e-12 1.000000000000e-12 5.437249122823e-12 7.406738930610e-10 8.456894834342e-08 7.582890394806e-06 4.249692783198e-04 6.890978622117e-03 2.311337190222e-02 4.050087794045e-02 5.733320385755e-02 7.358606452108e-02 8.928799540459e-02 1.044665288111e-01 1.191474053879e-01 1.333547053010e-01 1.471109798200e-01 1.604373707603e-01 1.733537189025e-01 1.858786625555e-01 1.980297272934e-01 2.098234077744e-01 2.212752424444e-01 2.323998818380e-01 2.432111511079e-01 2.537221073425e-01 2.639450921734e-01 2.738917801170e-01 2.835732230488e-01 2.929998911666e-01 3.021817107618e-01 3.111280990854e-01 3.198479965653e-01 3.283498966083e-01 3.366418731933e-01 3.447316064471e-01 3.526264063694e-01 3.603332348650e-01 3.678587262195e-01 3.752092061472e-01 3.823907095248e-01 3.894089969166e-01 3.962695699849e-01 4.029776858740e-01 4.095383706446e-01 4.159564318333e-01 4.222364702006e-01 4.283828907304e-01 4.343999129333e-01 4.402915805069e-01 4.460617703986e-01 4.517142013129e-01 4.572524417036e-01 4.626799172866e-01 4.679999181055e-01 4.732156051829e-01 4.783300167831e-01 4.833460743140e-01 4.882665878920e-01 4.930942615911e-01 4.978316983987e-01 5.024814048950e-01 5.070457956758e-01 5.115271975333e-01 5.159278534114e-01 5.202499261488e-01 5.244955020235e-01 5.286665941111e-01 5.327651454666e-01 5.367930321436e-01 5.407520660569e-01 5.446439977005e-01 5.484705187282e-01 5.522332644055e-01
1.000000000000e-12 1.000000000000e-12 1.000000000000e-12 1.000000000000e-12 1.000000000000e-12 1.000000000000e-12 1.000000000000e-12 1.000000000000e-12 1.000000000000e-12 1.000000000000e-12 1.000000000000e-12 1.000000000000e-12 1.000000000000e-12 1.000000000000e-12 1.000000000000e-12 1.000000000000e-12 1.000000000000e-12 1.000000000000e-12 1.000000000000e-12 1.000000000000e-12 1.000000000000e-12 1.000000000000e-12 1.000000000000e-12 1.000000000000e-12 1.000000000000e-12 1.000000000000e-12 1.000000000000e-12 1.000000000000e-12 1.000000000000e-12 1.000000000000e-12 1.000000000000e-12 1.000000000000e-12 1.000000000000e-12 1.000000000000e-12 1.000000000000e-12 1.000000000000e-12 1.000000000000e-12 1.000000000000e-12 1.000000000000e-12 1.000000000000e-12 1.000000000000e-12 1.000000000000e-12 1.000000000000e-12 1.000000000000e-12 1.000000000000e-12 1.000000000000e-12 1.000000000000e-12 1.000000000000e-12 5.250745790031e-12 7.913433998898e-10 9.916355002310e-08 9.617445265732e-06 5.559563397395e-04 8.187733543894e-03 2.516787325649e-02 4.285609894796e-02 5.994739425115e-02 7.643953745020e-02 9.236299359424e-02 1.077466716674e-01 1.226175604729e-01 1.370008791537e-01 1.509202198125e-01 1.643976766409e-01 1.774539629434e-01 1.901085173596e-01 2.023796004299e-01 2.142843825131e-01 2.258390239467e-01 2.370587482373e-01 2.479579089768e-01 2.585500511039e-01 2.688479670608e-01 2.788637483339e-01 2.886088328159e-01 2.980940483783e-01 3.073296530049e-01 3.163253717971e-01 3.250904311330e-01 3.336335902326e-01 3.419631703547e-01 3.500870818318e-01 3.580128491265e-01 3.657476340768e-01 3.732982574807e-01 3.806712191574e-01 3.878727166090e-01 3.949086623951e-01 4.017847003225e-01 4.085062205436e-01 4.150783736486e-01 4.215060838283e-01 4.277940611780e-01 4.339468132083e-01 4.399686556210e-01 4.458637224040e-01 4.516359752956e-01 4.572892126637e-01 4.628270778406e-01 4.682530669533e-01 4.735705362838e-01 4.787827091918e-01 4.838926826311e-01 4.889034332852e-01 4.938178233498e-01 4.986386059845e-01 5.033684304564e-01 5.080098469942e-01 5.125653113738e-01 5.170371892512e-01 5.214277602580e-01 5.257392218773e-01 5.299736931105e-01 5.341332179502e-01 5.382197686700e-01 5.422352489424e-01 5.461814967963e-01 5.500602874220e-01 5.538733358337e-01 5.576222993981e-01 5.613087802365e-01
1.000000000000e-12 1.000000000000e-12 1.000000000000e-12 1.000000000000e-12 1.000000000000e-12 1.000000000000e-12 1.000000000000e-12 1.000000000000e-12 1.000000000000e-12 1.000000000000e-12 1.000000000000e-12 1.000000000000e-12 1.000000000000e-12 1.000000000000e-12 1.000000000000e-12 1.000000000000e-12 1.000000000000e-12 1.000000000000e-12 1.000000000000e-12 1.000000000000e-12 1.000000000000e-12 1.000000000000e-12 1.000000000000e-12 1.000000000000e-12 1.000000000000e-12 1.000000000000e-12 1.000000000000e-12 1.000000000000e-12 1.000000000000e-12 1.000000000000e-12 1.000000000000e-12 1.000000000000e-12 1.000000000000e-12 1.000000000000e-12 1.000000000000e-12 1.000000000000e-12 1.000000000000e-12 1.000000000000e-12 1.000000000000e-12 1.000000000000e-12 1.000000000000e-12 1.000000000000e-12 1.000000000000e-12 1.000000000000e-12 1.000000000000e-12 1.000000000000e-12 1.000000000000e-12 5.310082767142e-12 8.886165969430e-10 1.225226904563e-07 1.284874107461e-05 7.556701638792e-04 9.799195198423e-03 2.749648765261e-02 4.548454741236e-02 6.283907954347e-02 7.957409227134e-02 9.572191516734e-02 1.113129166294e-01 1.263754095678e-01 1.409358194084e-01 1.550188387623e-01 1.686475671694e-01 1.818436375318e-01 1.946273306954e-01 2.070176794539e-01 2.190325630985e-01 2.306887935000e-01 2.420021935956e-01 2.529876690508e-01 2.636592737786e-01 2.740302699226e-01 2.841131828403e-01 2.939198515685e-01 3.034614751960e-01 3.127486555267e-01 3.217914363750e-01 3.305993397987e-01 3.391813995449e-01 3.475461919557e-01 3.557018645563e-01 3.636561625247e-01 3.714164532256e-01 3.789897489699e-01 3.863827281488e-01 3.936017548765e-01 4.006528972617e-01 4.075419444196e-01 4.142744223239e-01 4.208556085899e-01 4.272905462723e-01 4.335840567528e-01 4.397407517881e-01 4.457650447796e-01 4.516611613245e-01 4.574331491000e-01 4.630848871302e-01 4.686200944794e-01 4.740423384133e-01 4.793550420657e-01 4.845614916450e-01 4.896648432129e-01 4.946681290638e-01 4.995742637330e-01 5.043860496587e-01 5.091061825191e-01 5.137372562689e-01 5.182817678926e-01 5.227421218935e-01 5.271206345367e-01 5.314195378591e-01 5.356409834640e-01 5.397870461116e-01 5.438597271195e-01 5.478609575834e-01 5.517926014305e-01 5.556564583147e-01 5.594542663633e-01 5.631877047839e-01 5.668583963404e-01 5.704679097042e-01
1.000000000000e-12 1.000000000000e-12 1.000000000000e-12 1.000000000000e-12 1.000000000000e-12 1.000000000000e-12 1.000000000000e-12 1.000000000000e-12 1.000000000000e-12 1.000000000000e-12 1.000000000000e-12 1.000000000000e-12 1.000000000000e-12 1.000000000000e-12 1.000000000000e-12 1.000000000000e-12 1.000000000000e-12 1.000000000000e-12 1.000000000000e-12 1.000000000000e-12 1.000000000000e-12 1.000000000000e-12 1.000000000000e-12 1.000000000000e-12 1.000000000000e-12 1.000000000000e-12 1.000000000000e-12 1.000000000000e-12 1.000000000000e-12 1.000000000000e-12 1.000000000000e-12 1.000000000000e-12 1.000000000000e-12 1.000000000000e-12 1.000000000000e-12 1.000000000000e-12 1.000000000000e-12 1.000000000000e-12 1.000000000000e-12 1.000000000000e-12 1.000000000000e-12 1.000000000000e-12 1.000000000000e-12 1.000000000000e-12 1.000000000000e-12 1.000000000000e-12 5.612469387344e-12 1.046924333190e-09 1.592537880538e-07 1.804210594690e-05 1.060205385337e-03 1.174429488006e-02 3.009375100728e-02 4.838214836396e-02 6.600455731417e-02 8.298629099604e-02 9.936153578089e-02 1.151622105915e-01 1.304180345468e-01 1.451567119274e-01 1.594041000619e-01 1.731843607167e-01 1.865200968341e-01 1.994324762495e-01 2.119413438081e-01 2.240653231341e-01 2.358219091472e-01 2.472275522943e-01 2.582977353488e-01 2.690470435321e-01 2.794892286245e-01 2.896372676580e-01 2.995034167183e-01 3.090992603249e-01 3.184357568070e-01 3.275232800496e-01 3.363716579436e-01 3.449902078405e-01 3.533877692784e-01 3.615727342243e-01 3.695530750465e-01 3.773363704163e-01 3.849298293136e-01 3.923403132978e-01 3.995743571871e-01 4.066381882790e-01 4.135377442293e-01 4.202786896979e-01 4.268664318604e-01 4.333061348732e-01 4.396027333746e-01 4.457609450958e-01 4.517852826491e-01 4.576800645561e-01 4.634494255715e-01 4.690973263549e-01 4.746275625387e-01 4.800437732342e-01 4.853494490175e-01 4.905479394315e-01 4.956424600372e-01 5.006360990467e-01 5.055318235658e-01 5.103324854730e-01 5.150408269588e-01 5.196594857497e-01 5.241910000351e-01 5.286378131188e-01 5.330022778122e-01 5.372866605846e-01 5.414931454883e-01 5.456238378713e-01 5.496807678903e-01 5.536658938382e-01 5.575811052958e-01 5.614282261193e-01 5.652090172734e-01 5.689251795190e-01 5.725783559637e-01 5.761701344850e-01 5.797020500310e-01
1.000000000000e-12 1.000000000000e-12 1.000000000000e-12 1.000000000000e-12 1.000000000000e-12 1.000000000000e-12 1.000000000000e-12 1.000000000000e-12 1.000000000000e-12 1.000000000000e-12 1.000000000000e-12 1.000000000000e-12 1.000000000000e-12 1.000000000000e-12 1.000000000000e-12 1.000000000000e-12 1.000000000000e-12 1.000000000000e-12 1.000000000000e-12 1.000000000000e-12 1.000000000000e-12 1.000000000000e-12 1.000000000000e-12 1.000000000000e-12 1.000000000000e-12 1.000000000000e-12 1.000000000000e-12 1.000000000000e-12 1.000000000000e-12 1.000000000000e-12 1.000000000000e-12 1.000000000000e-12 1.000000000000e-12 1.000000000000e-12 1.000000000000e-12 1.000000000000e-12 1.000000000000e-12 1.000000000000e-12 1.000000000000e-12 1.000000000000e-12 1.000000000000e-12 1.000000000000e-12 1.000000000000e-12 1.000000000000e-12 1.000000000000e-12 6.186196182210e-12 1.291590669933e-09 2.173533148529e-07 2.655756613569e-05 1.522707186240e-03 1.402666111207e-02 3.295334440372e-02 5.154437138985e-02 6.943969519014e-02 8.667229275523e-02 1.032782510618e-01 1.192911394356e-01 1.347421720771e-01 1.496604104895e-01 1.640729459050e-01 1.780050634732e-01 1.914803903015e-01 2.045210291676e-01 2.171476794983e-01 2.293797470061e-01 2.412354432060e-01 2.527318758847e-01 2.638851314686e-01 2.747103501234e-01 2.852217943245e-01 2.954329115485e-01 3.053563916675e-01 3.150042195610e-01 3.243877234026e-01 3.335176190323e-01 3.424040507786e-01 3.510566290578e-01 3.594844650441e-01 3.676962026717e-01 3.757000482075e-01 3.835037976049e-01 3.911148618320e-01 3.985402903463e-01 4.057867928722e-01 4.128607596237e-01 4.197682800987e-01 4.265151605627e-01 4.331069403264e-01 4.395489069136e-01 4.458461102067e-01 4.520033756488e-01 4.580253165757e-01 4.639163457434e-01 4.696806861118e-01 4.753223809403e-01 4.808453032462e-01 4.862531646708e-01 4.915495237979e-01 4.967377939632e-01 5.018212505898e-01 5.068030380839e-01 5.116861763207e-01 5.164735667489e-01 5.211679981397e-01 5.257721520038e-01 5.302886076990e-01 5.347198472490e-01 5.390682598915e-01 5.433361463740e-01 5.475257230128e-01 5.516391255308e-01 5.556784126882e-01 5.596455697178e-01 5.635425115787e-01 5.673710860385e-01 5.711330765947e-01 5.748302052448e-01 5.784641351145e-01 5.820364729525e-01 5.855487714991e-01 5.890025317366e-01
1.000000000000e-12 1.000000000000e-12 1.000000000000e-12 1.000000000000e-12 1.000000000000e-12 1.000000000000e-12 1.000000000000e-12 1.000000000000e-12 1.000000000000e-12 1.000000000000e-12 1.000000000000e-12 1.000000000000e-12 1.000000000000e-12 1.000000000000e-12 1.000000000000e-12 1.000000000000e-12 1.000000000000e-12 1.000000000000e-12 1.000000000000e-12 1.000000000000e-12 1.000000000000e-12 1.000000000000e-12 1.000000000000e-12 1.000000000000e-12 1.000000000000e-12 1.000000000000e-12 1.000000000000e-12 1.000000000000e-12 1.000000000000e-12 1.000000000000e-12 1.000000000000e-12 1.000000000000e-12 1.000000000000e-12 1.000000000000e-12 1.000000000000e-12 1.000000000000e-12 1.000000000000e-12 1.000000000000e-12 1.000000000000e-12 1.000000000000e-12 1.000000000000e-12 1.000000000000e-12 1.000000000000e-12 1.000000000000e-12 7.093552895613e-12 1.665010499463e-09 3.108465462008e-07 4.084737286061e-05 2.216295406929e-03 1.663516081604e-02 3.606854739663e-02 5.496627727920e-02 7.313997504221e-02 9.062789978597e-02 1.074681238616e-01 1.236959761550e-01 1.393442622951e-01 1.544434857636e-01 1.690220463539e-01 1.831064184496e-01 1.967213114754e-01 2.098898145660e-01 2.226335272343e-01 2.349726775956e-01 2.469262295082e-01 2.585119798235e-01 2.697466467958e-01 2.806459505750e-01 2.912246865959e-01 3.014967925873e-01 3.114754098361e-01 3.211729392750e-01 3.306010928962e-01 3.397709409387e-01 3.486929552503e-01 3.573770491803e-01 3.658326143227e-01 3.740685543964e-01 3.820933165195e-01 3.899149201079e-01 3.975409836066e-01 4.049787492410e-01 4.122351059576e-01 4.193166107051e-01 4.262295081967e-01 4.329797492768e-01 4.395730080061e-01 4.460146975693e-01 4.523099850969e-01 4.584638054890e-01 4.644808743169e-01 4.703656998739e-01 4.761225944405e-01 4.817556848228e-01 4.872689222184e-01 4.926660914582e-01 4.979508196721e-01 5.031265844178e-01 5.081967213115e-01 5.131644311972e-01 5.180327868853e-01 5.228047394903e-01 5.274831243973e-01 5.320706668789e-01 5.365699873897e-01 5.409836065574e-01 5.453139498917e-01 5.495633522292e-01 5.537340619308e-01 5.578282448488e-01 5.618479880775e-01 5.657953035002e-01 5.696721311475e-01 5.734803423763e-01 5.772217428818e-01 5.808980755524e-01 5.845110231769e-01 5.880622110130e-01 5.915532092248e-01 5.949855351977e-01 5.983606557377e-01
1.000000000000e-12 1.000000000000e-12 1.000000000000e-12 1.000000000000e-12 1.000000000000e-12 1.000000000000e-12 1.000000000000e-12 1.000000000000e-12 1.000000000000e-12 1.000000000000e-12 1.000000000000e-12 1.000000000000e-12 1.000000000000e-12 1.000000000000e-12 1.000000000000e-12 1.000000000000e-12 1.000000000000e-12 1.000000000000e-12 1.000000000000e-12 1.000000000000e-12 1.000000000000e-12 1.000000000000e-12 1.000000000000e-12 1.000000000000e-12 1.000000000000e-12 1.000000000000e-12 1.000000000000e-12 1.000000000000e-12 1.000000000000e-12 1.000000000000e-12 1.000000000000e-12 1.000000000000e-12 1.000000000000e-12 1.000000000000e-12 1.000000000000e-12 1.000000000000e-12 1.000000000000e-12 1.000000000000e-12 1.000000000000e-12 1.000000000000e-12 1.000000000000e-12 1.000000000000e-12 1.000000000000e-12 8.439838962541e-12 2.237589817437e-09 4.647611427361e-07 6.538809189415e-05 3.231378487015e-03 1.954839979905e-02 3.943250267780e-02 5.864256254092e-02 7.710054061879e-02 9.484860705533e-02 1.119269352233e-01 1.283727327192e-01 1.442205012152e-01 1.595022779792e-01 1.742478520498e-01 1.884849580489e-01 2.022394502854e-01 2.155354594473e-01 2.283955338826e-01 2.408407672070e-01 2.528909137593e-01 2.645644932318e-01 2.758788856436e-01 2.868504176793e-01 2.974944412961e-01 3.078254053946e-01 3.178569212585e-01 3.276018223834e-01 3.370722192512e-01 3.462795495394e-01 3.552346242032e-01 3.639476698221e-01 3.724283675578e-01 3.806858890373e-01 3.887289294394e-01 3.965657380364e-01 4.042041464156e-01 4.116515945854e-01 4.189151551461e-01 4.260015556931e-01 4.329171996004e-01 4.396681853195e-01 4.462603243157e-01 4.526991577539e-01 4.589899720326e-01 4.651378132595e-01 4.711475007510e-01 4.770236396315e-01 4.827706326026e-01 4.883926909439e-01 4.938938448047e-01 4.992779528387e-01 5.045487112299e-01 5.097096621545e-01 5.147642017200e-01 5.197155874167e-01 5.245669451195e-01 5.293212756684e-01 5.339814610578e-01 5.385502702631e-01 5.430303647266e-01 5.474243035273e-01 5.517345482556e-01 5.559634676117e-01 5.601133417461e-01 5.641863663596e-01 5.681846565765e-01 5.721102506076e-01 5.759651132147e-01 5.797511389896e-01 5.834701554587e-01 5.871239260249e-01 5.907141527551e-01 5.942424790244e-01 5.977104920242e-01 6.011197251427e-01 6.044716602255e-01 6.077677297236e-01
1.000000000000e-12 1.000000000000e-12 1.000000000000e-12 1.000000000000e-12 1.000000000000e-12 1.000000000000e-12 1.000000000000e-12 1.000000000000e-12 1.000000000000e-12 1.000000000000e-12 1.000000000000e-12 1.000000000000e-12 1.000000000000e-12 1.000000000000e-12 1.000000000000e-12 1.000000000000e-12 1.000000000000e-12 1.000000000000e-12 1.000000000000e-12 1.000000000000e-12 1.000000000000e-12 1.000000000000e-12 1.000000000000e-12 1.000000000000e-12 1.000000000000e-12 1.000000000000e-12 1.000000000000e-12 1.000000000000e-12 1.000000000000e-12 1.000000000000e-12 1.000000000000e-12 1.000000000000e-12 1.000000000000e-12 1.000000000000e-12 1.000000000000e-12 1.000000000000e-12 1.000000000000e-12 1.000000000000e-12 1.000000000000e-12 1.000000000000e-12 1.000000000000e-12 1.000000000000e-12 1.038957968777e-11 3.126928358179e-09 7.246230041508e-07 1.084079081000e-04 4.662408647587e-03 2.274091932239e-02 4.303831197781e-02 6.256760448430e-02 8.131624840506e-02 9.932965526965e-02 1.166502388219e-01 1.333172154479e-01 1.493668966433e-01 1.648329530680e-01 1.797466503347e-01 1.941370599779e-01 2.080312485990e-01 2.214544477753e-01 2.344302069790e-01 2.469805314548e-01 2.591260067539e-01 2.708859114086e-01 2.822783190428e-01 2.933201910575e-01 3.040274608900e-01 3.144151107275e-01 3.244972414521e-01 3.342871365035e-01 3.437973202677e-01 3.530396115316e-01 3.620251724825e-01 3.707645536814e-01 3.792677353884e-01 3.875441655832e-01 3.956027949834e-01 4.034521093343e-01 4.111001592146e-01 4.185545875790e-01 4.258226552343e-01 4.329112644289e-01 4.398269807163e-01 4.465760532378e-01 4.531644335564e-01 4.595977931616e-01 4.658815397528e-01 4.720208323993e-01 4.780205956675e-01 4.838855327948e-01 4.896201379860e-01 4.952287078983e-01 5.007153523776e-01 5.060840045026e-01 5.113384299866e-01 5.164822359867e-01 5.215188793619e-01 5.264516744200e-01 5.312838001912e-01 5.360183072600e-01 5.406581241874e-01 5.452060635519e-01 5.496648276347e-01 5.540370137742e-01 5.583251194110e-01 5.625315468451e-01 5.666586077240e-01 5.707085272780e-01 5.746834483217e-01 5.785854350343e-01 5.824164765340e-01 5.861784902589e-01 5.898733251673e-01 5.935027647676e-01 5.970685299890e-01 6.005722819021e-01 6.040156242995e-01 6.074001061431e-01 6.107272238876e-01 6.139984236869e-01 6.172151034895e-01
1.000000000000e-12 1.000000000000e-12 1.000000000000e-12 1.000000000000e-12 1.000000000000e-12 1.000000000000e-12 1.000000000000e-12 1.000000000000e-12 1.000000000000e-12 1.000000000000e-12 1.000000000000e-12 1.000000000000e-12 1.000000000000e-12 1.000000000000e-12 1.000000000000e-12 1.000000000000e-12 1.000000000000e-12 1.000000000000e-12 1.000000000000e-12 1.000000000000e-12 1.000000000000e-12 1.000000000000e-12 1.000000000000e-12 1.000000000000e-12 1.000000000000e-12 1.000000000000e-12 1.000000000000e-12 1.000000000000e-12 1.000000000000e-12 1.000000000000e-12 1.000000000000e-12 1.000000000000e-12 1.000000000000e-12 1.000000000000e-12 1.000000000000e-12 1.000000000000e-12 1.000000000000e-12 1.000000000000e-12 1.000000000000e-12 1.000000000000e-12 1.000000000000e-12 1.319223320918e-11 4.531514349970e-09 1.174821731699e-06 1.849987312373e-04 6.583310466675e-03 2.618837546276e-02 4.687903122497e-02 6.673550872899e-02 8.578172147605e-02 1.040660870376e-01 1.216334186643e-01 1.385250836900e-01 1.547793273939e-01 1.704315620718e-01 1.855146245796e-01 2.000590062835e-01 2.140930588049e-01 2.276431784806e-01 2.407339720657e-01 2.533884058646e-01 2.656279401947e-01 2.774726508367e-01 2.889413389187e-01 3.000516304981e-01 3.108200669520e-01 3.212621871497e-01 3.313926022668e-01 3.412250639982e-01 3.507725268388e-01 3.600472050268e-01 3.690606246743e-01 3.778236715539e-01 3.863466349572e-01 3.946392479983e-01 4.027107246917e-01 4.105697941036e-01 4.182247318426e-01 4.256833891266e-01 4.329532196440e-01 4.400413043985e-01 4.469543747145e-01 4.536988335595e-01 4.602807753238e-01 4.667060041890e-01 4.729800511986e-01 4.791081901381e-01 4.850954523204e-01 4.909466403622e-01 4.966663410323e-01 5.022589372431e-01 5.077286192514e-01 5.130793951291e-01 5.183151005578e-01 5.234394079987e-01 5.284558352829e-01 5.333677536654e-01 5.381783953802e-01 5.428908607335e-01 5.475081247664e-01 5.520330435188e-01 5.564683599196e-01 5.608167093321e-01 5.650806247755e-01 5.692625418450e-01 5.733648033512e-01 5.773896636970e-01 5.813392930082e-01 5.852157810359e-01 5.890211408429e-01 5.927573122898e-01 5.964261653322e-01 6.000295031418e-01 6.035690650609e-01 6.070465294024e-01 6.104635161033e-01 6.138215892403e-01 6.171222594177e-01 6.203669860329e-01 6.235571794275e-01 6.266942029323e-01
1.000000000000e-12 1.000000000000e-12 1.000000000000e-12 1.000000000000e-12 1.000000000000e-12 1.000000000000e-12 1.000000000000e-12 1.000000000000e-12 1.000000000000e-12 1.000000000000e-12 1.000000000000e-12 1.000000000000e-12 1.000000000000e-12 1.000000000000e-12 1.000000000000e-12 1.000000000000e-12 1.000000000000e-12 1.000000000000e-12 1.000000000000e-12 1.000000000000e-12 1.000000000000e-12 1.000000000000e-12 1.000000000000e-12 1.000000000000e-12 1.000000000000e-12 1.000000000000e-12 1.000000000000e-12 1.000000000000e-12 1.000000000000e-12 1.000000000000e-12 1.000000000000e-12 1.000000000000e-12 1.000000000000e-12 1.000000000000e-12 1.000000000000e-12 1.000000000000e-12 1.000000000000e-12 1.000000000000e-12 1.000000000000e-12 1.000000000000e-12 1.722081116232e-11 6.790154486681e-09 1.974512671140e-06 3.224115592487e-04 9.021312761456e-03 2.987023883123e-02 5.094763244378e-02 7.114015987930e-02 9.049140611633e-02 1.090528059890e-01 1.268717498692e-01 1.439919116365e-01 1.604536056435e-01 1.762941036502e-01 1.915479165456e-01 2.062470453356e-01 2.204212052404e-01 2.340980262011e-01 2.473032326459e-01 2.600608049739e-01 2.723931248910e-01 2.843211064502e-01 2.958643144106e-01 3.070410713248e-01 3.178685545853e-01 3.283628845148e-01 3.385392044464e-01 3.484117536337e-01 3.579939337274e-01 3.672983694704e-01 3.763369641923e-01 3.851209506121e-01 3.936609374092e-01 4.019669519652e-01 4.100484796414e-01 4.179144999128e-01 4.255735196508e-01 4.330336038112e-01 4.403024037623e-01 4.473871834615e-01 4.542948436682e-01 4.610319443637e-01 4.676047255300e-01 4.740191264272e-01 4.802808034936e-01 4.863951469819e-01 4.923672964356e-01 4.982021550972e-01 5.039044033348e-01 5.094785111625e-01 5.149287499273e-01 5.202592032248e-01 5.254737771028e-01 5.305762096071e-01 5.355700797177e-01 5.404588157206e-01 5.452457030569e-01 5.499338916852e-01 5.545264029945e-01 5.590261362976e-01 5.634358749346e-01 5.677582920145e-01 5.719959558182e-01 5.761513348880e-01 5.802268028217e-01 5.842246427949e-01 5.881470518251e-01 5.919961447987e-01 5.957739582728e-01 5.994824540684e-01 6.031235226678e-01 6.066989864276e-01 6.102106026202e-01 6.136600663138e-01 6.170490131005e-01 6.203790216823e-01 6.236516163229e-01 6.268682691749e-01 6.300304024870e-01 6.331393907013e-01 6.361965624455e-01
1.000000000000e-12 1.000000000000e-12 1.000000000000e-12 1.000000000000e-12 1.000000000000e-12 1.000000000000e-12 1.000000000000e-12 1.000000000000e-12 1.000000000000e-12 1.000000000000e-12 1.000000000000e-12 1.000000000000e-12 1.000000000000e-12 1.000000000000e-12 1.000000000000e-12 1.000000000000e-12 1.000000000000e-12 1.000000000000e-12 1.000000000000e-12 1.000000000000e-12 1.000000000000e-12 1.000000000000e-12 1.000000000000e-12 1.000000000000e-12 1.000000000000e-12 1.000000000000e-12 1.000000000000e-12 1.000000000000e-12 1.000000000000e-12 1.000000000000e-12 1.000000000000e-12 1.000000000000e-12 1.000000000000e-12 1.000000000000e-12 1.000000000000e-12 1.000000000000e-12 1.000000000000e-12 1.000000000000e-12 1.000000000000e-12 2.302778627147e-11 1.048709874875e-08 3.428312132382e-06 5.681272714470e-04 1.194669291270e-02 3.377018564005e-02 5.523697454611e-02 7.577527529542e-02 9.543963101227e-02 1.142846386989e-01 1.323604623989e-01 1.497132531509e-01 1.663855423048e-01 1.824165895682e-01 1.978426916518e-01 2.126974566212e-01 2.270120483190e-01 2.408154045990e-01 2.541344325885e-01 2.669941837508e-01 2.794180111448e-01 2.914277109591e-01 3.030436501237e-01 3.142848815733e-01 3.251692485325e-01 3.357134790241e-01 3.459332716545e-01 3.558433735992e-01 3.654576516052e-01 3.747891567286e-01 3.838501834427e-01 3.926523236792e-01 4.012065163034e-01 4.095230924659e-01 4.176118172266e-01 4.254819278047e-01 4.331421687673e-01 4.406008244414e-01 4.478657487993e-01 4.549443930454e-01 4.618438311082e-01 4.685707832193e-01 4.751316377475e-01 4.815324714335e-01 4.877790681632e-01 4.938769363993e-01 4.998313253829e-01 5.056472402040e-01 5.113294558339e-01 5.168825301994e-01 5.223108163769e-01 5.276184739727e-01 5.328094797532e-01 5.378876375820e-01 5.428565877155e-01 5.477198155058e-01 5.524806595531e-01 5.571423193494e-01 5.617078624489e-01 5.661802311994e-01 5.705622490661e-01 5.748566265755e-01 5.790659669064e-01 5.831927711524e-01 5.872394432771e-01 5.912082947841e-01 5.951015491195e-01 5.989213458259e-01 6.026697444630e-01 6.063487283106e-01 6.099602078674e-01 6.135060241595e-01 6.169879518698e-01 6.204077022995e-01 6.237669261730e-01 6.270672162943e-01 6.303101100656e-01 6.334970918754e-01 6.366295953636e-01 6.397090055724e-01 6.427366609878e-01 6.457138554796e-01
1.000000000000e-12 1.000000000000e-12 1.000000000000e-12 1.000000000000e-12 1.000000000000e-12 1.000000000000e-12 1.000000000000e-12 1.000000000000e-12 1.000000000000e-12 1.000000000000e-12 1.000000000000e-12 1.000000000000e-12 1.000000000000e-12 1.000000000000e-12 1.000000000000e-12 1.000000000000e-12 1.000000000000e-12 1.000000000000e-12 1.000000000000e-12 1.000000000000e-12 1.000000000000e-12 1.000000000000e-12 1.000000000000e-12 1.000000000000e-12 1.000000000000e-12 1.000000000000e-12 1.000000000000e-12 1.000000000000e-12 1.000000000000e-12 1.000000000000e-12 1.000000000000e-12 1.000000000000e-12 1.000000000000e-12 1.000000000000e-12 1.000000000000e-12 1.000000000000e-12 1.000000000000e-12 1.000000000000e-12 3.142286344049e-11 1.663798538629e-08 6.125860576284e-06 9.996573554773e-04 1.528753243662e-02 3.787520484510e-02 5.973979865951e-02 8.063446155712e-02 1.006206688793e-01 1.197563993285e-01 1.380948076758e-01 1.556847095600e-01 1.725710153688e-01 1.887951131066e-01 2.043952070854e-01 2.194066182724e-01 2.338620512674e-01 2.477918321534e-01 2.612241208650e-01 2.741851012007e-01 2.866991511800e-01 2.987889960752e-01 3.104758461406e-01 3.217795207941e-01 3.327185607813e-01 3.433103296578e-01 3.535711057569e-01 3.635161656683e-01 3.731598601279e-01 3.825156831110e-01 3.915963348300e-01 4.004137792527e-01 4.089792966920e-01 4.173035319498e-01 4.253965384505e-01 4.332678187457e-01 4.409263617357e-01 4.483806769125e-01 4.556388259005e-01 4.627084515382e-01 4.695968047236e-01 4.763107692207e-01 4.828568846055e-01 4.892413675116e-01 4.954701313224e-01 5.015488044390e-01 5.074827472433e-01 5.132770678640e-01 5.189366368423e-01 5.244661007866e-01 5.298698950959e-01 5.351522558251e-01 5.403172307604e-01 5.453686897631e-01 5.503103344395e-01 5.551457071875e-01 5.598781996642e-01 5.645110607204e-01 5.690474038379e-01 5.734902141076e-01 5.778423547800e-01 5.821065734186e-01 5.862855076844e-01 5.903816907766e-01 5.943975565533e-01 5.983354443538e-01 6.021976035427e-01 6.059861977947e-01 6.097033091362e-01 6.133509417611e-01 6.169310256337e-01 6.204454198939e-01 6.238959160767e-01 6.272842411571e-01 6.306120604325e-01 6.338809802517e-01 6.370925506003e-01 6.402482675516e-01 6.433495755900e-01 6.463978698157e-01 6.493944980376e-01 6.523407627600e-01 6.552379230703e-01
1.000000000000e-12 1.000000000000e-12 1.000000000000e-12 1.000000000000e-12 1.000000000000e-12 1.000000000000e-12 1.000000000000e-12 1.000000000000e-12 1.000000000000e-12 1.000000000000e-12 1.000000000000e-12 1.000000000000e-12 1.000000000000e-12 1.000000000000e-12 1.000000000000e-12 1.000000000000e-12 1.000000000000e-12 1.000000000000e-12 1.000000000000e-12 1.000000000000e-12 1.000000000000e-12 1.000000000000e-12 1.000000000000e-12 1.000000000000e-12 1.000000000000e-12 1.000000000000e-12 1.000000000000e-12 1.000000000000e-12 1.000000000000e-12 1.000000000000e-12 1.000000000000e-12 1.000000000000e-12 1.000000000000e-12 1.000000000000e-12 1.000000000000e-12 1.000000000000e-12 1.000000000000e-12 4.357538779846e-11 2.701737310619e-08 1.121631089431e-05 1.730526159031e-03 1.895877763271e-02 4.217439783618e-02 6.444874719420e-02 8.571127320733e-02 1.060288004603e-01 1.254629569720e-01 1.440701281002e-01 1.619020004315e-01 1.790060412390e-01 1.954259204142e-01 2.112018827591e-01 2.263710773214e-01 2.409678494474e-01 2.550240003836e-01 2.685690185584e-01 2.816302860841e-01 2.942332635213e-01 3.064016555295e-01 3.181575596731e-01 3.295216003452e-01 3.405130495199e-01 3.511499358179e-01 3.614491431859e-01 3.714265003236e-01 3.810968618571e-01 3.904741821320e-01 3.995715823987e-01 4.084014120693e-01 4.169753046480e-01 4.253042288673e-01 4.333985355030e-01 4.412680002877e-01 4.489218632974e-01 4.563688651448e-01 4.636172802762e-01 4.706749476409e-01 4.775492989703e-01 4.842473848809e-01 4.907758989963e-01 4.971412002589e-01 5.033493335890e-01 5.094060490331e-01 5.153168195266e-01 5.210868573894e-01 5.267211296554e-01 5.322243723339e-01 5.376011036863e-01 5.428556365990e-01 5.479920901204e-01 5.530144002301e-01 5.579263298979e-01 5.627314784860e-01 5.674332905453e-01 5.720350640501e-01 5.765399581128e-01 5.809510002157e-01 5.852710929970e-01 5.895030206195e-01 5.936494547547e-01 5.977129602071e-01 6.016960002051e-01 6.056009413795e-01 6.094300584535e-01 6.131855386607e-01 6.168694859115e-01 6.204839247237e-01 6.240308039319e-01 6.275120001918e-01 6.309293212909e-01 6.342845092792e-01 6.375792434298e-01 6.408151430421e-01 6.439937700948e-01 6.471166317606e-01 6.501851827888e-01 6.532008277647e-01 6.561649232540e-01 6.590787798366e-01 6.619436640396e-01 6.647608001726e-01
1.000000000000e-12 1.000000000000e-12 1.000000000000e-12 1.000000000000e-12 1.000000000000e-12 1.000000000000e-12 1.000000000000e-12 1.000000000000e-12 1.000000000000e-12 1.000000000000e-12 1.000000000000e-12 1.000000000000e-12 1.000000000000e-12 1.000000000000e-12 1.000000000000e-12 1.000000000000e-12 1.000000000000e-12 1.000000000000e-12 1.000000000000e-12 1.000000000000e-12 1.000000000000e-12 1.000000000000e-12 1.000000000000e-12 1.000000000000e-12 1.000000000000e-12 1.000000000000e-12 1.000000000000e-12 1.000000000000e-12 1.000000000000e-12 1.000000000000e-12 1.000000000000e-12 1.000000000000e-12 1.000000000000e-12 1.000000000000e-12 1.000000000000e-12 1.000000000000e-12 6.113798620734e-11 4.473025155176e-08 2.094157724741e-05 2.900369911811e-03 2.288624653051e-02 4.665800196337e-02 6.935639976972e-02 9.099927350503e-02 1.116583809232e-01 1.313993057915e-01 1.502819295787e-01 1.683610374600e-01 1.856868491796e-01 2.023054849106e-01 2.182593752124e-01 2.335876227572e-01 2.483263223196e-01 2.625088445400e-01 2.761660881596e-01 2.893267047385e-01 3.020172992968e-01 3.142626098354e-01 3.260856682865e-01 3.375079450952e-01 3.485494793437e-01 3.592289960757e-01 3.695640122681e-01 3.795709327082e-01 3.892651368847e-01 3.986610578557e-01 4.077722539488e-01 4.166114740391e-01 4.251907170679e-01 4.335212863858e-01 4.416138394374e-01 4.494784332482e-01 4.571245661197e-01 4.645612158989e-01 4.717968751435e-01 4.788395834749e-01 4.856969573766e-01 4.923762176704e-01 4.988842148797e-01 5.052274526661e-01 5.114121095077e-01 5.174440587731e-01 5.233288873246e-01 5.290719127785e-01 5.346781995312e-01 5.401525736544e-01 5.454996367514e-01 5.507237788577e-01 5.558291904616e-01 5.608198737148e-01 5.656996528958e-01 5.704721841826e-01 5.751409647894e-01 5.797093415120e-01 5.841805187300e-01 5.885575659013e-01 5.928434245898e-01 5.970409150579e-01 6.011527424553e-01 6.051815026325e-01 6.091296876062e-01 6.129996906992e-01 6.167938113786e-01 6.205142598118e-01 6.241631611598e-01 6.277425596249e-01 6.312544222700e-01 6.347006426226e-01 6.380830440798e-01 6.414033831249e-01 6.446633523693e-01 6.478645834290e-01 6.510086496484e-01 6.540970686780e-01 6.571313049177e-01 6.601127718315e-01 6.630428341433e-01 6.659228099198e-01 6.687539725476e-01 6.715375526102e-01 6.742747396718e-01
1.000000000000e-12 1.000000000000e-12 1.000000000000e-12 1.000000000000e-12 1.000000000000e-12 1.000000000000e-12 1.000000000000e-12 1.000000000000e-12 1.000000000000e-12 1.000000000000e-12 1.000000000000e-12 1.000000000000e-12 1.000000000000e-12 1.000000000000e-12 1.000000000000e-12 1.000000000000e-12 1.000000000000e-12 1.000000000000e-12 1.000000000000e-12 1.000000000000e-12 1.000000000000e-12 1.000000000000e-12 1.000000000000e-12 1.000000000000e-12 1.000000000000e-12 1.000000000000e-12 1.000000000000e-12 1.000000000000e-12 1.000000000000e-12 1.000000000000e-12 1.000000000000e-12 1.000000000000e-12 1.000000000000e-12 1.000000000000e-12 1.000000000000e-12 8.637366928183e-11 7.519332584304e-08 3.964740895562e-05 4.637467250554e-03 2.701600693665e-02 5.131677328414e-02 7.445531916116e-02 9.649209709525e-02 1.175039087902e-01 1.375606381359e-01 1.567259572884e-01 1.750580016952e-01 1.926099591059e-01 2.094305849579e-01 2.255646546526e-01 2.410533615596e-01 2.559346681957e-01 2.702436168842e-01 2.840126052449e-01 2.972716310737e-01 3.100485105087e-01 3.223690728211e-01 3.342573347014e-01 3.457356565169e-01 3.568248826776e-01 3.675444679663e-01 3.779125914423e-01 3.879462593223e-01 3.976613980632e-01 4.070729387184e-01 4.161948935074e-01 4.250404254239e-01 4.336219116116e-01 4.419510011468e-01 4.500386677968e-01 4.578952582568e-01 4.655305363096e-01 4.729537233053e-01 4.801735353148e-01 4.871982172700e-01 4.940355743731e-01 5.006930010261e-01 5.071775075062e-01 5.134957445895e-01 5.196540263035e-01 5.256583509747e-01 5.315144207158e-01 5.372276594876e-01 5.428032298552e-01 5.482460485474e-01 5.535608009174e-01 5.587519543951e-01 5.638237710113e-01 5.687803190679e-01 5.736254840222e-01 5.783629786442e-01 5.829963525053e-01 5.875290008476e-01 5.919641728815e-01 5.963049795530e-01 6.005544008208e-01 6.047152924789e-01 6.087903925565e-01 6.127823273263e-01 6.166936169493e-01 6.205266807798e-01 6.242838423562e-01 6.279673340978e-01 6.315793017280e-01 6.351218084421e-01 6.385968388379e-01 6.420063026225e-01 6.453520381120e-01 6.486358155368e-01 6.518593401650e-01 6.550242552543e-01 6.581321448467e-01 6.611845364105e-01 6.641829033450e-01 6.671286673507e-01 6.700232006781e-01 6.728678282584e-01 6.756638297263e-01 6.784124413388e-01 6.811148577982e-01 6.837722339832e-01
1.000000000000e-12 1.000000000000e-12 1.000000000000e-12 1.000000000000e-12 1.000000000000e-12 1.000000000000e-12 1.000000000000e-12 1.000000000000e-12 1.000000000000e-12 1.000000000000e-12 1.000000000000e-12 1.000000000000e-12 1.000000000000e-12 1.000000000000e-12 1.000000000000e-12 1.000000000000e-12 1.000000000000e-12 1.000000000000e-12 1.000000000000e-12 1.000000000000e-12 1.000000000000e-12 1.000000000000e-12 1.000000000000e-12 1.000000000000e-12 1.000000000000e-12 1.000000000000e-12 1.000000000000e-12 1.000000000000e-12 1.000000000000e-12 1.000000000000e-12 1.000000000000e-12 1.000000000000e-12 1.000000000000e-12 1.000000000000e-12 1.222410499154e-10 1.277787070925e-07 7.562188697752e-05 7.003021614120e-03 3.131238178646e-02 5.614166478993e-02 7.973810258916e-02 1.021835146763e-01 1.235600976601e-01 1.439424209704e-01 1.633982750392e-01 1.819894244828e-01 1.997722630810e-01 2.167983851431e-01 2.331150854526e-01 2.487657979944e-01 2.637904820345e-01 2.782259627789e-01 2.921062327255e-01 3.054627189005e-01 3.183245204023e-01 3.307186200314e-01 3.426700732451e-01 3.542021772233e-01 3.653366224435e-01 3.760936288428e-01 3.864920683621e-01 3.965495754381e-01 4.062826468020e-01 4.157067317734e-01 4.248363140895e-01 4.336849861804e-01 4.422655166928e-01 4.505899119661e-01 4.586694720842e-01 4.665148420540e-01 4.741360585961e-01 4.815425929820e-01 4.887433903017e-01 4.957469055031e-01 5.025611365098e-01 5.091936546897e-01 5.156516329174e-01 5.219418714510e-01 5.280708218170e-01 5.340446088826e-01 5.398690512716e-01 5.455496802682e-01 5.510917573381e-01 5.565002903822e-01 5.617800488301e-01 5.669355776674e-01 5.719712104852e-01 5.768910816290e-01 5.816991375196e-01 5.863991472104e-01 5.909947122414e-01 5.954892758431e-01 5.998861315405e-01 6.041884312014e-01 6.083991925715e-01 6.125213063339e-01 6.165575427263e-01 6.205105577497e-01 6.243828989972e-01 6.281770111285e-01 6.318952410173e-01 6.355398425913e-01 6.391129813895e-01 6.426167388517e-01 6.460531163627e-01 6.494240390640e-01 6.527313594502e-01 6.559768607638e-01 6.591622602012e-01 6.622892119425e-01 6.653593100157e-01 6.683740910065e-01 6.713350366225e-01 6.742435761215e-01 6.771010886116e-01 6.799089052324e-01 6.826683112218e-01 6.853805478780e-01 6.880468144214e-01 6.906682697624e-01 6.932460341810e-01
1.000000000000e-12 1.000000000000e-12 1.000000000000e-12 1.000000000000e-12 1.000000000000e-12 1.000000000000e-12 1.000000000000e-12 1.000000000000e-12 1.000000000000e-12 1.000000000000e-12 1.000000000000e-12 1.000000000000e-12 1.000000000000e-12 1.000000000000e-12 1.000000000000e-12 1.000000000000e-12 1.000000000000e-12 1.000000000000e-12 1.000000000000e-12 1.000000000000e-12 1.000000000000e-12 1.000000000000e-12 1.000000000000e-12 1.000000000000e-12 1.000000000000e-12 1.000000000000e-12 1.000000000000e-12 1.000000000000e-12 1.000000000000e-12 1.000000000000e-12 1.000000000000e-12 1.000000000000e-12 1.000000000000e-12 1.723474068477e-10 2.184688698053e-07 1.442148471084e-04 9.957094952775e-03 3.575185484902e-02 6.112369005571e-02 8.519743581351e-02 1.080674999077e-01 1.298219511295e-01 1.505404761026e-01 1.702953487514e-01 1.891522726434e-01 2.071711110291e-01 2.244065216589e-01 2.409085105598e-01 2.567229165898e-01 2.718918366594e-01 2.864539999262e-01 3.004450979668e-01 3.138980768521e-01 3.268433961568e-01 3.393092591909e-01 3.513218181147e-01 3.629053570769e-01 3.740824560756e-01 3.848741378674e-01 3.952999999374e-01 4.053783332718e-01 4.151262294477e-01 4.245596773598e-01 4.336936507351e-01 4.425421874423e-01 4.511184614817e-01 4.594348484289e-01 4.675029850195e-01 4.753338234751e-01 4.829376811059e-01 4.903242856616e-01 4.975028168494e-01 5.044819443932e-01 5.112698629631e-01 5.178743242744e-01 5.243026666174e-01 5.305618420567e-01 5.366584415105e-01 5.425987179014e-01 5.483886075482e-01 5.540337499539e-01 5.595395061273e-01 5.649109755647e-01 5.701530120037e-01 5.752702380513e-01 5.802670587801e-01 5.851476743757e-01 5.899160919116e-01 5.945761363217e-01 5.991314606327e-01 6.035855555145e-01 6.079417582012e-01 6.122032608295e-01 6.163731182399e-01 6.204542552799e-01 6.244494736454e-01 6.283614582949e-01 6.321927834671e-01 6.359459183297e-01 6.396232322859e-01 6.432269999631e-01 6.467594059040e-01 6.502225489834e-01 6.536184465661e-01 6.569490384261e-01 6.602161904410e-01 6.634216980784e-01 6.665672896851e-01 6.696546295955e-01 6.726853210671e-01 6.756609090573e-01 6.785828828496e-01 6.814526785385e-01 6.842716813833e-01 6.870412280378e-01 6.897626086636e-01 6.924370689337e-01 6.950658119342e-01 6.976499999687e-01 7.001907562715e-01 7.026891666359e-01
1.000000000000e-12 1.000000000000e-12 1.000000000000e-12 1.000000000000e-12 1.000000000000e-12 1.000000000000e-12 1.000000000000e-12 1.000000000000e-12 1.000000000000e-12 1.000000000000e-12 1.000000000000e-12 1.000000000000e-12 1.000000000000e-12 1.000000000000e-12 1.000000000000e-12 1.000000000000e-12 1.000000000000e-12 1.000000000000e-12 1.000000000000e-12 1.000000000000e-12 1.000000000000e-12 1.000000000000e-12 1.000000000000e-12 1.000000000000e-12 1.000000000000e-12 1.000000000000e-12 1.000000000000e-12 1.000000000000e-12 1.000000000000e-12 1.000000000000e-12 1.000000000000e-12 1.000000000000e-12 2.406194781962e-10 3.739234576275e-07 2.725478188533e-04 1.337916032089e-02 4.031756273764e-02 6.625388428206e-02 9.082614894510e-02 1.141382989699e-01 1.362848414956e-01 1.573510648738e-01 1.774141347577e-01 1.965440386006e-01 2.148044013596e-01 2.322531924405e-01 2.489433404310e-01 2.649232693580e-01 2.802373679130e-01 2.949264012209e-01 3.090278731965e-01 3.225763462711e-01 3.356037242274e-01 3.481395030156e-01 3.602109937004e-01 3.718435210877e-01 3.830606010683e-01 3.938840992952e-01 4.043343734452e-01 4.144304010140e-01 4.241898943304e-01 4.336294042594e-01 4.427644138681e-01 4.516094231718e-01 4.601780259347e-01 4.684829793819e-01 4.765362675731e-01 4.843491591019e-01 4.919322597033e-01 4.992955602873e-01 5.064484808546e-01 5.133999107018e-01 5.201582452753e-01 5.267314199976e-01 5.331269413490e-01 5.393519154643e-01 5.454130744714e-01 5.513168007769e-01 5.570691494849e-01 5.626758691117e-01 5.681424207478e-01 5.734739958003e-01 5.786755324369e-01 5.837517308413e-01 5.887070673789e-01 5.935458077626e-01 5.982720193003e-01 6.028895822968e-01 6.074022006798e-01 6.118134119081e-01 6.161265962203e-01 6.203449852728e-01 6.244716702155e-01 6.285096092454e-01 6.324616346790e-01 6.363304595771e-01 6.401186839565e-01 6.438288006168e-01 6.474632006105e-01 6.510241783821e-01 6.545139365982e-01 6.579345906913e-01 6.612881731355e-01 6.645766374740e-01 6.678018621137e-01 6.709656539031e-01 6.740697515078e-01 6.771158285965e-01 6.801054968502e-01 6.830403088057e-01 6.859217605439e-01 6.887512942326e-01 6.915303005341e-01 6.942601208834e-01 6.969420496476e-01 6.995773361724e-01 7.021671867226e-01 7.047127663233e-01 7.072152005070e-01 7.096755769733e-01 7.120949471652e-01
1.000000000000e-12 1.000000000000e-12 1.000000000000e-12 1.000000000000e-12 1.000000000000e-12 1.000000000000e-12 1.000000000000e-12 1.000000000000e-12 1.000000000000e-12 1.000000000000e-12 1.000000000000e-12 1.000000000000e-12 1.000000000000e-12 1.000000000000e-12 1.000000000000e-12 1.000000000000e-12 1.000000000000e-12 1.000000000000e-12 1.000000000000e-12 1.000000000000e-12 1.000000000000e-12 1.000000000000e-12 1.000000000000e-12 1.000000000000e-12 1.000000000000e-12 1.000000000000e-12 1.000000000000e-12 1.000000000000e-12 1.000000000000e-12 1.000000000000e-12 1.000000000000e-12 3.304874002756e-10 6.372311541952e-07 5.052379387855e-04 1.712472312603e-02 4.499574608920e-02 7.152330951637e-02 9.661727373375e-02 1.203905033719e-01 1.429445930290e-01 1.643709782033e-01 1.847521738568e-01 2.041628363841e-01 2.226706773984e-01 2.403372529121e-01 2.572186472918e-01 2.733660680028e-01 2.888263644283e-01 3.036424818361e-01 3.178538597578e-01 3.314967825626e-01 3.446046887869e-01 3.572084447717e-01 3.693365873232e-01 3.810155394098e-01 3.922698023296e-01 4.031221272881e-01 4.135936689146e-01 4.237041228988e-01 4.334718496293e-01 4.429139854688e-01 4.520465430841e-01 4.608845020666e-01 4.694418909227e-01 4.777318613770e-01 4.857667558174e-01 4.935581686080e-01 5.011170019124e-01 5.084535165902e-01 5.155773786686e-01 5.224977018304e-01 5.292230863117e-01 5.357616545574e-01 5.421210839470e-01 5.483086368666e-01 5.543311883751e-01 5.601952516859e-01 5.659070016640e-01 5.714722965145e-01 5.768966978244e-01 5.821854891016e-01 5.873436929399e-01 5.923760869284e-01 5.972872184112e-01 6.020814181920e-01 6.067628132721e-01 6.113353386992e-01 6.158027485992e-01 6.201686264560e-01 6.244363946981e-01 6.286093236459e-01 6.326905398696e-01 6.366830340014e-01 6.405896680444e-01 6.444131822142e-01 6.481562013488e-01 6.518212409180e-01 6.554107126611e-01 6.589269298789e-01 6.623721124053e-01 6.657483912813e-01 6.690578131498e-01 6.723023443934e-01 6.754838750304e-01 6.786042223859e-01 6.816651345536e-01 6.846682936616e-01 6.876153189545e-01 6.905077697049e-01 6.933471479645e-01 6.961349011648e-01 6.988724245778e-01 7.015610636440e-01 7.042021161782e-01 7.067968344573e-01 7.093464272011e-01 7.118520614494e-01 7.143148643430e-01 7.167359248147e-01 7.191162951944e-01 7.214569927344e-01
1.000000000000e-12 1.000000000000e-12 1.000000000000e-12 1.000000000000e-12 1.000000000000e-12 1.000000000000e-12 1.000000000000e-12 1.000000000000e-12 1.000000000000e-12 1.000000000000e-12 1.000000000000e-12 1.000000000000e-12 1.000000000000e-12 1.000000000000e-12 1.000000000000e-12 1.000000000000e-12 1.000000000000e-12 1.000000000000e-12 1.000000000000e-12 1.000000000000e-12 1.000000000000e-12 1.000000000000e-12 1.000000000000e-12 1.000000000000e-12 1.000000000000e-12 1.000000000000e-12 1.000000000000e-12 1.000000000000e-12 1.000000000000e-12 1.000000000000e-12 4.433816417117e-10 1.075049380718e-06 9.083293194699e-04 2.107158639897e-02 4.977386054240e-02 7.692307702012e-02 1.025641025642e-01 1.268191268191e-01 1.497975708502e-01 1.715976331361e-01 1.923076923077e-01 2.120075046904e-01 2.307692307692e-01 2.486583184258e-01 2.657342657343e-01 2.820512820513e-01 2.976588628763e-01 3.126022913257e-01 3.269230769231e-01 3.406593406593e-01 3.538461538462e-01 3.665158371041e-01 3.786982248521e-01 3.904208998549e-01 4.017094017094e-01 4.125874125874e-01 4.230769230769e-01 4.331983805668e-01 4.429708222812e-01 4.524119947849e-01 4.615384615385e-01 4.703656998739e-01 4.789081885856e-01 4.871794871795e-01 4.951923076923e-01 5.029585798817e-01 5.104895104895e-01 5.177956371986e-01 5.248868778281e-01 5.317725752508e-01 5.384615384615e-01 5.449620801733e-01 5.512820512821e-01 5.574288724974e-01 5.634095634096e-01 5.692307692308e-01 5.748987854251e-01 5.804195804196e-01 5.857988165680e-01 5.910418695229e-01 5.961538461539e-01 6.011396011396e-01 6.060037523452e-01 6.107506950880e-01 6.153846153846e-01 6.199095022624e-01 6.243291592129e-01 6.286472148541e-01 6.328671328671e-01 6.369922212619e-01 6.410256410257e-01 6.449704142012e-01 6.488294314381e-01 6.526054590571e-01 6.563011456628e-01 6.599190283401e-01 6.634615384615e-01 6.669310071372e-01 6.703296703297e-01 6.736596736597e-01 6.769230769231e-01 6.801218583397e-01 6.832579185520e-01 6.863330843913e-01 6.893491124260e-01 6.923076923077e-01 6.952104499274e-01 6.980589503954e-01 7.008547008547e-01 7.035991531404e-01 7.062937062937e-01 7.089397089397e-01 7.115384615385e-01 7.140912185160e-01 7.165991902834e-01 7.190635451505e-01 7.214854111406e-01 7.238658777120e-01 7.262059973924e-01 7.285067873303e-01 7.307692307692e-01
1.000000000000e-12 1.000000000000e-12 1.000000000000e-12 1.000000000000e-12 1.000000000000e-12 1.000000000000e-12 1.000000000000e-12 1.000000000000e-12 1.000000000000e-12 1.000000000000e-12 1.000000000000e-12 1.000000000000e-12 1.000000000000e-12 1.000000000000e-12 1.000000000000e-12 1.000000000000e-12 1.000000000000e-12 1.000000000000e-12 1.000000000000e-12 1.000000000000e-12 1.000000000000e-12 1.000000000000e-12 1.000000000000e-12 1.000000000000e-12 1.000000000000e-12 1.000000000000e-12 1.000000000000e-12 1.000000000000e-12 1.000000000000e-12 5.765013443959e-10 1.784417069502e-06 1.565474023571e-03 2.513467793665e-02 5.463968970568e-02 8.244437471247e-02 1.086602496989e-01 1.334196872073e-01 1.568407767422e-01 1.790291773543e-01 2.000797112683e-01 2.200777184866e-01 2.391002131576e-01 2.572168747491e-01 2.744909009177e-01 2.909797440787e-01 3.067357497658e-01 3.218067117274e-01 3.362363561588e-01 3.500647654055e-01 3.633287497850e-01 3.760621747893e-01 3.882962497934e-01 4.000597834512e-01 4.113794101785e-01 4.222797914715e-01 4.327837952630e-01 4.429126560618e-01 4.526861182362e-01 4.621225644735e-01 4.712391311773e-01 4.800518123244e-01 4.885755531059e-01 4.968243345075e-01 5.048112498327e-01 5.125485740541e-01 5.200478267610e-01 5.273198293858e-01 5.343747573054e-01 5.412221873450e-01 5.478711411516e-01 5.543301248495e-01 5.606071653445e-01 5.667098436037e-01 5.726453251981e-01 5.784203883711e-01 5.840414498595e-01 5.895145886771e-01 5.948455680450e-01 6.000398556341e-01 6.051026422717e-01 6.100388592433e-01 6.148531943143e-01 6.195501065788e-01 6.241338402345e-01 6.286084373746e-01 6.329777498760e-01 6.372454504589e-01 6.414150429823e-01 6.454898720393e-01 6.494731319041e-01 6.533678748829e-01 6.571770191150e-01 6.609033558637e-01 6.645495563383e-01 6.681181780794e-01 6.716116709417e-01 6.750323827027e-01 6.783825643244e-01 6.816643748925e-01 6.848798862572e-01 6.880310873946e-01 6.911198885095e-01 6.941481248967e-01 6.971175605773e-01 7.000298917256e-01 7.028867498996e-01 7.056897050893e-01 7.084402685931e-01 7.111398957358e-01 7.137899884354e-01 7.163918976315e-01 7.189469255807e-01 7.214563280309e-01 7.239213162784e-01 7.263430591181e-01 7.287226846910e-01 7.310612822368e-01 7.333599037561e-01 7.356195655887e-01 7.378412499115e-01 7.400259061622e-01
1.000000000000e-12 1.000000000000e-12 1.000000000000e-12 1.000000000000e-12 1.000000000000e-12 1.000000000000e-12 1.000000000000e-12 1.000000000000e-12 1.000000000000e-12 1.000000000000e-12 1.000000000000e-12 1.000000000000e-12 1.000000000000e-12 1.000000000000e-12 1.000000000000e-12 1.000000000000e-12 1.000000000000e-12 1.000000000000e-12 1.000000000000e-12 1.000000000000e-12 1.000000000000e-12 1.000000000000e-12 1.000000000000e-12 1.000000000000e-12 1.000000000000e-12 1.000000000000e-12 1.000000000000e-12 1.000000000000e-12 7.202354602083e-10 2.894862867317e-06 2.559854969463e-03 2.925951666600e-02 5.958095660659e-02 8.807849482984e-02 1.148997155653e-01 1.401882951206e-01 1.640719535895e-01 1.866646034925e-01 2.080681665585e-01 2.283741110057e-01 2.476647582305e-01 2.660143982737e-01 2.834902459338e-01 3.001532634703e-01 3.160588711187e-01 3.312575628716e-01 3.457954419396e-01 3.597146878558e-01 3.730539651921e-01 3.858487822290e-01 3.981318065844e-01 4.099331437102e-01 4.212805832543e-01 4.321998175325e-01 4.427146357263e-01 4.528470968949e-01 4.626176844504e-01 4.720454443723e-01 4.811481091245e-01 4.899422089699e-01 4.984431721537e-01 5.066654152331e-01 5.146224246649e-01 5.223268306226e-01 5.297904738941e-01 5.370244666034e-01 5.440392474124e-01 5.508446317794e-01 5.574498577827e-01 5.638636279597e-01 5.700941475603e-01 5.761491595665e-01 5.820359767947e-01 5.877615113592e-01 5.933323017462e-01 5.987545377230e-01 6.040340832792e-01 6.091764977821e-01 6.141870555028e-01 6.190707636610e-01 6.238323791153e-01 6.284764238175e-01 6.330071991368e-01 6.374287991473e-01 6.417451229669e-01 6.459598862262e-01 6.500766317351e-01 6.540987394163e-01 6.580294355593e-01 6.618718014519e-01 6.656287814358e-01 6.693031904310e-01 6.728977209698e-01 6.764149497766e-01 6.798573439279e-01 6.832272666234e-01 6.865269825961e-01 6.897586631879e-01 6.929243911145e-01 6.960261649416e-01 6.990659032922e-01 7.020454488042e-01 7.049665718551e-01 7.078309740701e-01 7.106402916271e-01 7.133960983735e-01 7.160999087662e-01 7.187531806469e-01 7.213573178632e-01 7.239136727452e-01 7.264235484475e-01 7.288882011641e-01 7.313088422252e-01 7.336866400816e-01 7.360227221861e-01 7.383181767759e-01 7.405740545623e-01 7.427913703352e-01 7.449711044849e-01 7.471142044472e-01 7.492215860769e-01
1.000000000000e-12 1.000000000000e-12 1.000000000000e-12 1.000000000000e-12 1.000000000000e-12 1.000000000000e-12 1.000000000000e-12 1.000000000000e-12 1.000000000000e-12 1.000000000000e-12 1.000000000000e-12 1.000000000000e-12 1.000000000000e-12 1.000000000000e-12 1.000000000000e-12 1.000000000000e-12 1.000000000000e-12 1.000000000000e-12 1.000000000000e-12 1.000000000000e-12 1.000000000000e-12 1.000000000000e-12 1.000000000000e-12 1.000000000000e-12 1.000000000000e-12 1.000000000000e-12 1.000000000000e-12 8.563282953877e-10 4.557625381303e-06 3.943110302372e-03 3.341022924284e-02 6.458514825041e-02 9.381686000578e-02 1.212769551561e-01 1.471217505927e-01 1.714897005758e-01 1.945038755598e-01 2.162740410852e-01 2.368984084250e-01 2.564651159013e-01 2.750534880038e-01 2.927351102476e-01 3.095747504798e-01 3.256311516314e-01 3.409577163671e-01 3.556031004478e-01 3.696117286989e-01 3.830242451096e-01 3.958779066698e-01 4.082069289827e-01 4.200427904030e-01 4.314145003951e-01 4.423488369260e-01 4.528705569840e-01 4.630025837065e-01 4.727661730937e-01 4.821810628598e-01 4.912656056167e-01 5.000368882785e-01 5.085108393246e-01 5.167023253359e-01 5.246252380353e-01 5.322925729057e-01 5.397165003199e-01 5.469084300024e-01 5.538790695408e-01 5.606384775781e-01 5.671961122411e-01 5.735608752963e-01 5.797411524660e-01 5.857448502879e-01 5.915794298613e-01 5.972519377799e-01 6.027690345226e-01 6.081370205426e-01 6.133618602687e-01 6.184492042125e-01 6.234044093526e-01 6.282325579507e-01 6.329384749386e-01 6.375267440019e-01 6.420017224710e-01 6.463675551238e-01 6.506281869898e-01 6.547873752399e-01 6.588487002371e-01 6.628155758157e-01 6.666912588523e-01 6.704788581835e-01 6.741813429231e-01 6.778015502239e-01 6.813421925291e-01 6.848058643495e-01 6.881950486038e-01 6.915121225548e-01 6.947593633700e-01 6.979389533349e-01 7.010529847438e-01 7.041034644914e-01 7.070923183854e-01 7.100213952015e-01 7.128924704966e-01 7.157072501975e-01 7.184673739821e-01 7.211744184630e-01 7.238299001919e-01 7.264352784920e-01 7.289919581323e-01 7.315012918532e-01 7.339645827537e-01 7.363830865468e-01 7.387580136951e-01 7.410905314299e-01 7.433817656651e-01 7.456328028083e-01 7.478446914796e-01 7.500184441392e-01 7.521550386338e-01 7.542554196623e-01 7.563205001693e-01 7.583511626679e-01
1.000000000000e-12 1.000000000000e-12 1.000000000000e-12 1.000000000000e-12 1.000000000000e-12 1.000000000000e-12 1.000000000000e-12 1.000000000000e-12 1.000000000000e-12 1.000000000000e-12 1.000000000000e-12 1.000000000000e-12 1.000000000000e-12 1.000000000000e-12 1.000000000000e-12 1.000000000000e-12 1.000000000000e-12 1.000000000000e-12 1.000000000000e-12 1.000000000000e-12 1.000000000000e-12 1.000000000000e-12 1.000000000000e-12 1.000000000000e-12 1.000000000000e-12 1.000000000000e-12 9.586237917476e-10 6.910435981215e-06 5.706965263212e-03 3.756009856666e-02 6.963941605369e-02 9.965104715827e-02 1.277869519344e-01 1.542176503606e-01 1.790936018206e-01 2.025480703400e-01 2.246995128305e-01 2.456535800513e-01 2.655048016289e-01 2.843380118436e-01 3.022295615475e-01 3.192483527293e-01 3.354567252833e-01 3.509112200442e-01 3.656632377704e-01 3.797596102644e-01 3.932430969978e-01 4.061528183383e-01 4.185246346229e-01 4.303914788143e-01 4.417836492380e-01 4.527290678804e-01 4.632535088827e-01 4.733808011679e-01 4.831330085537e-01 4.925305902164e-01 5.015925439625e-01 5.103365344193e-01 5.187790079638e-01 5.269352959644e-01 5.348197076983e-01 5.424456141295e-01 5.498255235790e-01 5.569711501889e-01 5.638934759672e-01 5.706028071062e-01 5.771088251803e-01 5.834206337597e-01 5.895468009103e-01 5.954953979985e-01 6.012740351700e-01 6.068898938296e-01 6.123497564153e-01 6.176600337247e-01 6.228267900257e-01 6.278557661587e-01 6.327524008145e-01 6.375218501545e-01 6.421690059218e-01 6.466985121759e-01 6.511147807737e-01 6.554220057025e-01 6.596241763646e-01 6.637250899024e-01 6.677283626417e-01 6.716374407282e-01 6.754556100221e-01 6.791860053092e-01 6.828316188852e-01 6.863953085607e-01 6.898798051322e-01 6.932877193615e-01 6.966215484989e-01 6.998836823860e-01 7.030764091692e-01 7.062019206516e-01 7.092623173114e-01 7.122596130093e-01 7.151957394071e-01 7.180725501202e-01 7.208918246190e-01 7.236552719000e-01 7.263645339402e-01 7.290211889505e-01 7.316267544414e-01 7.341826901134e-01 7.366904005840e-01 7.391512379617e-01 7.415665042768e-01 7.439374537789e-01 7.462652951082e-01 7.485511933505e-01 7.507962719813e-01 7.530016147071e-01 7.551682672097e-01 7.572972387991e-01 7.593895039819e-01 7.614460039478e-01 7.634676479822e-01 7.654553148059e-01 7.674098538492e-01
1.000000000000e-12 1.000000000000e-12 1.000000000000e-12 1.000000000000e-12 1.000000000000e-12 1.000000000000e-12 1.000000000000e-12 1.000000000000e-12 1.000000000000e-12 1.000000000000e-12 1.000000000000e-12 1.000000000000e-12 1.000000000000e-12 1.000000000000e-12 1.000000000000e-12 1.000000000000e-12 1.000000000000e-12 1.000000000000e-12 1.000000000000e-12 1.000000000000e-12 1.000000000000e-12 1.000000000000e-12 1.000000000000e-12 1.000000000000e-12 1.000000000000e-12 9.983009343265e-10 1.000757317546e-05 7.778015654847e-03 4.168592179512e-02 7.473049224210e-02 1.055728090001e-01 1.344252990323e-01 1.614745084376e-01 1.868843718183e-01 2.107995373530e-01 2.333481220001e-01 2.546440075001e-01 2.747887640541e-01 2.938732702632e-01 3.119790838462e-01 3.291796067501e-01 3.455410797562e-01 3.611234350001e-01 3.759810295349e-01 3.901632788637e-01 4.037152060001e-01 4.166779189131e-01 4.290890270213e-01 4.409830056250e-01 4.523915157143e-01 4.633436854000e-01 4.738663582353e-01 4.839843128847e-01 4.937204579246e-01 5.030960050000e-01 5.121306230910e-01 5.208425762500e-01 5.292488468421e-01 5.373652460345e-01 5.452065130509e-01 5.527864045000e-01 5.601177749181e-01 5.672126495162e-01 5.740822900000e-01 5.807372542188e-01 5.871874503077e-01 5.934421859091e-01 5.995102129851e-01 6.053997686765e-01 6.111186126087e-01 6.166740610000e-01 6.220730178874e-01 6.273220037500e-01 6.324271817809e-01 6.373943820271e-01 6.422291236000e-01 6.469366351316e-01 6.515218736364e-01 6.559895419231e-01 6.603441046836e-01 6.645898033751e-01 6.687306700000e-01 6.727705398781e-01 6.767130634940e-01 6.805617175000e-01 6.843198149412e-01 6.879905147675e-01 6.915768306897e-01 6.950816394318e-01 6.985076884270e-01 7.018576030000e-01 7.051338930770e-01 7.083389594566e-01 7.114750996775e-01 7.145445135107e-01 7.175493081053e-01 7.204915028125e-01 7.233730337114e-01 7.261957578572e-01 7.289614572728e-01 7.316718427000e-01 7.343285571287e-01 7.369331791177e-01 7.394872259224e-01 7.419921564423e-01 7.444493740000e-01 7.468602289623e-01 7.492260212150e-01 7.515480025000e-01 7.538273786239e-01 7.560653115455e-01 7.582629213514e-01 7.604212881250e-01 7.625414537168e-01 7.646244234211e-01 7.666711675652e-01 7.686826230172e-01 7.706596946154e-01 7.726032565255e-01 7.745141535294e-01 7.763932022500e-01
1.000000000000e-12 1.000000000000e-12 1.000000000000e-12 1.000000000000e-12 1.000000000000e-12 1.000000000000e-12 1.000000000000e-12 1.000000000000e-12 1.000000000000e-12 1.000000000000e-12 1.000000000000e-12 1.000000000000e-12 1.000000000000e-12 1.000000000000e-12 1.000000000000e-12 1.000000000000e-12 1.000000000000e-12 1.000000000000e-12 1.000000000000e-12 1.000000000000e-12 1.000000000000e-12 1.000000000000e-12 1.000000000000e-12 1.000000000000e-12 9.539670843807e-10 1.371739716943e-05 1.003941077187e-02 4.576505006222e-02 7.984459651383e-02 1.115740931426e-01 1.411882900378e-01 1.688918935850e-01 1.948640219105e-01 2.192620818526e-01 2.422249617981e-01 2.638756771753e-01 2.843235750315e-01 3.036661811117e-01 3.219907552930e-01 3.393756077214e-01 3.558912175284e-01 3.716011878326e-01 3.865630643127e-01 4.008290395613e-01 4.144465613894e-01 4.274588600252e-01 4.399054065464e-01 4.518223127901e-01 4.632426812736e-01 4.741969122680e-01 4.847129740227e-01 4.948166411987e-01 5.045317057911e-01 5.138801641723e-01 5.228823833544e-01 5.315572491115e-01 5.399222982345e-01 5.479938368620e-01 5.557870465713e-01 5.633160796802e-01 5.705941450189e-01 5.776335852645e-01 5.844459467925e-01 5.910420428752e-01 5.974320109552e-01 6.036253646328e-01 6.096310409263e-01 6.154574433005e-01 6.211124808990e-01 6.266036043643e-01 6.319378385876e-01 6.371218126920e-01 6.421617875158e-01 6.470636808374e-01 6.518330905559e-01 6.564753160151e-01 6.609953776465e-01 6.653980350797e-01 6.696878038607e-01 6.738689709004e-01 6.779456087642e-01 6.819215889029e-01 6.858005939163e-01 6.895861289293e-01 6.932815321564e-01 6.968899847192e-01 7.004145197806e-01 7.038580310475e-01 7.072232806947e-01 7.105129067543e-01 7.137294300126e-01 7.168752604520e-01 7.199527032732e-01 7.229639645283e-01 7.259111563950e-01 7.287963021172e-01 7.316213406368e-01 7.343881309395e-01 7.370984561340e-01 7.397540272842e-01 7.423564870114e-01 7.449074128825e-01 7.474083205994e-01 7.498606670013e-01 7.522658528955e-01 7.546252257251e-01 7.569400820862e-01 7.592116701040e-01 7.614411916772e-01 7.636298045976e-01 7.657786245558e-01 7.678887270372e-01 7.699611491173e-01 7.719968911605e-01 7.739969184310e-01 7.759621626186e-01 7.778935232857e-01 7.797918692405e-01 7.816580398401e-01 7.834928462280e-01 7.852970725095e-01
1.000000000000e-12 1.000000000000e-12 1.000000000000e-12 1.000000000000e-12 1.000000000000e-12 1.000000000000e-12 1.000000000000e-12 1.000000000000e-12 1.000000000000e-12 1.000000000000e-12 1.000000000000e-12 1.000000000000e-12 1.000000000000e-12 1.000000000000e-12 1.000000000000e-12 1.000000000000e-12 1.000000000000e-12 1.000000000000e-12 1.000000000000e-12 1.000000000000e-12 1.000000000000e-12 1.000000000000e-12 1.000000000000e-12 8.234795088165e-10 1.761832295404e-05 1.236222078954e-02 4.977386054240e-02 8.496732027284e-02 1.176470588235e-01 1.480730223124e-01 1.764705882353e-01 2.030360531309e-01 2.279411764706e-01 2.513368983957e-01 2.733564013841e-01 2.941176470588e-01 3.137254901961e-01 3.322734499205e-01 3.498452012384e-01 3.665158371041e-01 3.823529411765e-01 3.974175035868e-01 4.117647058823e-01 4.254445964432e-01 4.385026737968e-01 4.509803921569e-01 4.629156010230e-01 4.743429286608e-01 4.852941176471e-01 4.957983193277e-01 5.058823529412e-01 5.155709342561e-01 5.248868778281e-01 5.338512763596e-01 5.424836601307e-01 5.508021390374e-01 5.588235294118e-01 5.665634674923e-01 5.740365111562e-01 5.812562313061e-01 5.882352941177e-01 5.949855351977e-01 6.015180265655e-01 6.078431372549e-01 6.139705882353e-01 6.199095022624e-01 6.256684491979e-01 6.312554872695e-01 6.366782006921e-01 6.419437340154e-01 6.470588235294e-01 6.520298260149e-01 6.568627450981e-01 6.615632554392e-01 6.661367249602e-01 6.705882352941e-01 6.749226006192e-01 6.791443850268e-01 6.832579185520e-01 6.872673119881e-01 6.911764705882e-01 6.949891067538e-01 6.987087517934e-01 7.023387668321e-01 7.058823529412e-01 7.093425605536e-01 7.127222982216e-01 7.160243407708e-01 7.192513368984e-01 7.224058162591e-01 7.254901960784e-01 7.285067873303e-01 7.314578005115e-01 7.343453510437e-01 7.371714643304e-01 7.399380804954e-01 7.426470588235e-01 7.453001819285e-01 7.478991596639e-01 7.504456327986e-01 7.529411764706e-01 7.553873034362e-01 7.577854671280e-01 7.601370645346e-01 7.624434389140e-01 7.647058823529e-01 7.669256381798e-01 7.691039032435e-01 7.712418300654e-01 7.733405288721e-01 7.754010695187e-01 7.774244833068e-01 7.794117647059e-01 7.813638729828e-01 7.832817337461e-01 7.851662404092e-01 7.870182555781e-01 7.888386123680e-01 7.906281156531e-01 7.923875432526e-01 7.941176470588e-01
1.000000000000e-12 1.000000000000e-12 1.000000000000e-12 1.000000000000e-12 1.000000000000e-12 1.000000000000e-12 1.000000000000e-12 1.000000000000e-12 1.000000000000e-12 1.000000000000e-12 1.000000000000e-12 1.000000000000e-12 1.000000000000e-12 1.000000000000e-12 1.000000000000e-12 1.000000000000e-12 1.000000000000e-12 1.000000000000e-12 1.000000000000e-12 1.000000000000e-12 1.000000000000e-12 1.000000000000e-12 6.305935921360e-10 2.096311499087e-05 1.462749859485e-02 5.368685796608e-02 9.008347945405e-02 1.237840913234e-01 1.550775166332e-01 1.842127746804e-01 2.114056821910e-01 2.368442085720e-01 2.606928270541e-01 2.830960747191e-01 3.041814842862e-01 3.240620133066e-01 3.428380684925e-01 3.605992017765e-01 3.774255385719e-01 3.933889863008e-01 4.085542616433e-01 4.229797674568e-01 4.367183444222e-01 4.498179178077e-01 4.623220560393e-01 4.742704547940e-01 4.856993579507e-01 4.966419248028e-01 5.071285513694e-01 5.171871523619e-01 5.268434093146e-01 5.361209895241e-01 5.450417397256e-01 5.536258578440e-01 5.618920456617e-01 5.698576448315e-01 5.775387583166e-01 5.849503590479e-01 5.921063873402e-01 5.990198384022e-01 6.057028410955e-01 6.121667289464e-01 6.184221042860e-01 6.244788962814e-01 6.303464135270e-01 6.360333917805e-01 6.415480373595e-01 6.468980666527e-01 6.520907421431e-01 6.571329053004e-01 6.620310066533e-01 6.667911333202e-01 6.714190342463e-01 6.759201433662e-01 6.802996008883e-01 6.845622728764e-01 6.887127692859e-01 6.927554605939e-01 6.966944931504e-01 7.005338033637e-01 7.042771308216e-01 7.079280304411e-01 7.114898837284e-01 7.149659092257e-01 7.183591722111e-01 7.216725937145e-01 7.249089589038e-01 7.280709248935e-01 7.311610280197e-01 7.341816906262e-01 7.371352273970e-01 7.400238512718e-01 7.428496789753e-01 7.456147361906e-01 7.483209624014e-01 7.509702154288e-01 7.535642756847e-01 7.561048501622e-01 7.585935761809e-01 7.610320249064e-01 7.634217046573e-01 7.657640640171e-01 7.680604947621e-01 7.703123346187e-01 7.725208698628e-01 7.746873377688e-01 7.768129289220e-01 7.788987893994e-01 7.809460228308e-01 7.829556923462e-01 7.849288224157e-01 7.868664005922e-01 7.887693791583e-01 7.906386766879e-01 7.924751795240e-01 7.942797431803e-01 7.960531936701e-01 7.977963287669e-01 7.995099192011e-01 8.011947097961e-01 8.028514205478e-01
1.000000000000e-12 1.000000000000e-12 1.000000000000e-12 1.000000000000e-12 1.000000000000e-12 1.000000000000e-12 1.000000000000e-12 1.000000000000e-12 1.000000000000e-12 1.000000000000e-12 1.000000000000e-12 1.000000000000e-12 1.000000000000e-12 1.000000000000e-12 1.000000000000e-12 1.000000000000e-12 1.000000000000e-12 1.000000000000e-12 1.000000000000e-12 1.000000000000e-12 1.000000000000e-12 4.194197604208e-10 2.280285386010e-05 1.673335934283e-02 5.747598040887e-02 9.517692671817e-02 1.299778141514e-01 1.622008580717e-01 1.921222559977e-01 2.199801092392e-01 2.459807722645e-01 2.703039731592e-01 2.931069739980e-01 3.145279747859e-01 3.346889167040e-01 3.536978047982e-01 3.716506435538e-01 3.886330585929e-01 4.047216623141e-01 4.199852094343e-01 4.344855791984e-01 4.482786138521e-01 4.614148373318e-01 4.739400736729e-01 4.858959810895e-01 4.973205148430e-01 5.082483297377e-01 5.187111312327e-01 5.287379826653e-01 5.383555748558e-01 5.475884633587e-01 5.564592778027e-01 5.649889070757e-01 5.731966635460e-01 5.811004290359e-01 5.887167848716e-01 5.960611279989e-01 6.031477748761e-01 6.099900546196e-01 6.166003926769e-01 6.229903861323e-01 6.291708716055e-01 6.351519865796e-01 6.409432248879e-01 6.465534869990e-01 6.519911256606e-01 6.572639873930e-01 6.623794502677e-01 6.673444583520e-01 6.721655531585e-01 6.768489023991e-01 6.814003263089e-01 6.858253217769e-01 6.901290844923e-01 6.943165292964e-01 6.983923089058e-01 7.023608311570e-01 7.062262749082e-01 7.099926047171e-01 7.136635844043e-01 7.172427895992e-01 7.207336193572e-01 7.241393069261e-01 7.274629297342e-01 7.307074186659e-01 7.338755666816e-01 7.369700368365e-01 7.399933697464e-01 7.429479905447e-01 7.458362153701e-01 7.486602574215e-01 7.514222326147e-01 7.541241648689e-01 7.567679910531e-01 7.593555656163e-01 7.618886649257e-01 7.643689913327e-01 7.667981769891e-01 7.691777874279e-01 7.715093249287e-01 7.737942316794e-01 7.760338927519e-01 7.782296389013e-01 7.803827492033e-01 7.824944535379e-01 7.845659349327e-01 7.865983317730e-01 7.885927398873e-01 7.905502145179e-01 7.924717721829e-01 7.943583924358e-01 7.962110195310e-01 7.980305639994e-01 7.998179041410e-01 8.015738874380e-01 8.032993318951e-01 8.049950273098e-01 8.066617364781e-01 8.083001963385e-01 8.099111190583e-01 8.114951930661e-01
1.000000000000e-12 1.000000000000e-12 1.000000000000e-12 1.000000000000e-12 1.000000000000e-12 1.000000000000e-12 1.000000000000e-12 1.000000000000e-12 1.000000000000e-12 1.000000000000e-12 1.000000000000e-12 1.000000000000e-12 1.000000000000e-12 1.000000000000e-12 1.000000000000e-12 1.000000000000e-12 1.000000000000e-12 1.000000000000e-12 1.000000000000e-12 1.000000000000e-12 2.363525432294e-10 2.231971133939e-05 1.859185678845e-02 6.110989629115e-02 1.002303115643e-01 1.362210991016e-01 1.694433645207e-01 2.002047213903e-01 2.287688384835e-01 2.553630164669e-01 2.801842492513e-01 3.034041121787e-01 3.251727336731e-01 3.456220447739e-01 3.648684552217e-01 3.830150707868e-01 4.001535410428e-01 4.163656075011e-01 4.317244073037e-01 4.462955763472e-01 4.601381869385e-01 4.733055482327e-01 4.858458923224e-01 4.978029645939e-01 5.092165335804e-01 5.201228328342e-01 5.305549451639e-01 5.405431378200e-01 5.501151557821e-01 5.592964791335e-01 5.681105495508e-01 5.765789701478e-01 5.847216822604e-01 5.925571222177e-01 6.001023606952e-01 6.073732268644e-01 6.143844192418e-01 6.211496048691e-01 6.276815082334e-01 6.339919911447e-01 6.400921246256e-01 6.459922537301e-01 6.517020560893e-01 6.572305948816e-01 6.625863668366e-01 6.677773458083e-01 6.728110223870e-01 6.776944399633e-01 6.824342276109e-01 6.870366301093e-01 6.915075353934e-01 6.958524996836e-01 7.000767705214e-01 7.041853079115e-01 7.081828037505e-01 7.120736997005e-01 7.158622036518e-01 7.195523049031e-01 7.231477881736e-01 7.266522465511e-01 7.300690934693e-01 7.334015737968e-01 7.366527741163e-01 7.398256322595e-01 7.429229461612e-01 7.459473820887e-01 7.489014822970e-01 7.517876721556e-01 7.546082667902e-01 7.573654772757e-01 7.600614164171e-01 7.626981041488e-01 7.652774725820e-01 7.678013707262e-01 7.702715689100e-01 7.726897629215e-01 7.750575778910e-01 7.773765719334e-01 7.796482395667e-01 7.818740149246e-01 7.840552747754e-01 7.861933413618e-01 7.882894850739e-01 7.903449269664e-01 7.923608411302e-01 7.943383569289e-01 7.962785611088e-01 7.981824997901e-01 8.000511803476e-01 8.018855731885e-01 8.036866134322e-01 8.054552025003e-01 8.071922096209e-01 8.088984732526e-01 8.105748024345e-01 8.122219780656e-01 8.138407541167e-01 8.154318587824e-01 8.169959955724e-01 8.185338443491e-01 8.200460623128e-01
1.000000000000e-12 1.000000000000e-12 1.000000000000e-12 1.000000000000e-12 1.000000000000e-12 1.000000000000e-12 1.000000000000e-12 1.000000000000e-12 1.000000000000e-12 1.000000000000e-12 1.000000000000e-12 1.000000000000e-12 1.000000000000e-12 1.000000000000e-12 1.000000000000e-12 1.000000000000e-12 1.000000000000e-12 1.000000000000e-12 1.000000000000e-12 1.095673235302e-10 1.928150253552e-05 2.012201266371e-02 6.455317440924e-02 1.052247731696e-01 1.425070742875e-01 1.768067913160e-01 2.084680685730e-01 2.377840660333e-01 2.650060636750e-01 2.903506821689e-01 3.140056594300e-01 3.361345091258e-01 3.568803057156e-01 3.763687813000e-01 3.947108759676e-01 4.120048509400e-01 4.283380495250e-01 4.437883725108e-01 4.584255206026e-01 4.723120457154e-01 4.855042445725e-01 4.980529215341e-01 5.100040424500e-01 5.213992972767e-01 5.322765859750e-01 5.426704396200e-01 5.526123865848e-01 5.621312719766e-01 5.712535371437e-01 5.800034649571e-01 5.884033956580e-01 5.964739173117e-01 6.042340342865e-01 6.117013166585e-01 6.188920330166e-01 6.258212687800e-01 6.325030318375e-01 6.389503470684e-01 6.451753410845e-01 6.511893183542e-01 6.570028297150e-01 6.626257341459e-01 6.680672545629e-01 6.733360283000e-01 6.784401528578e-01 6.833872274292e-01 6.881843906500e-01 6.928383549686e-01 6.973554379838e-01 7.017415910565e-01 7.060024254700e-01 7.101432363789e-01 7.141690247625e-01 7.180845175740e-01 7.218941862554e-01 7.256022637720e-01 7.292127603013e-01 7.327294777000e-01 7.361560228577e-01 7.394958200367e-01 7.427521222862e-01 7.459280220111e-01 7.490264607671e-01 7.520502383482e-01 7.550020212250e-01 7.578843503870e-01 7.606996486384e-01 7.634502273896e-01 7.661382929875e-01 7.687659526168e-01 7.713352198100e-01 7.738480195923e-01 7.763061932924e-01 7.787115030419e-01 7.810656359883e-01 7.833702082411e-01 7.856267685719e-01 7.878368018855e-01 7.900017324786e-01 7.921229271000e-01 7.942016978290e-01 7.962393047812e-01 7.982369586559e-01 8.001958231349e-01 8.021170171433e-01 8.040016169800e-01 8.058506583292e-01 8.076651381579e-01 8.094460165083e-01 8.111942181917e-01 8.129106343900e-01 8.145961241703e-01 8.162515159187e-01 8.178776086982e-01 8.194751735342e-01 8.210449546339e-01 8.225876705422e-01 8.241040152384e-01 8.255946591771e-01 8.270602502765e-01 8.285014148575e-01
1.000000000000e-12 1.000000000000e-12 1.000000000000e-12 1.000000000000e-12 1.000000000000e-12 1.000000000000e-12 1.000000000000e-12 1.000000000000e-12 1.000000000000e-12 1.000000000000e-12 1.000000000000e-12 1.000000000000e-12 1.000000000000e-12 1.000000000000e-12 1.000000000000e-12 1.000000000000e-12 1.000000000000e-12 1.000000000000e-12 4.033542921233e-11 1.435099592060e-05 2.124265455623e-02 6.776523899159e-02 1.101395452886e-01 1.488291302760e-01 1.842945831812e-01 2.169227998539e-01 2.470411537057e-01 2.749285183833e-01 3.008239284410e-01 3.249334481499e-01 3.474356665449e-01 3.684861289145e-01 3.882209373859e-01 4.067596968590e-01 4.242079410691e-01 4.406591427528e-01 4.561963887875e-01 4.708937836851e-01 4.848176314828e-01 4.980274358038e-01 5.105767499087e-01 5.225139023500e-01 5.338826189607e-01 5.447225580546e-01 5.550697726443e-01 5.649571110300e-01 5.744145651380e-01 5.834695743904e-01 5.921472915906e-01 6.004708162520e-01 6.084613999270e-01 6.161386273794e-01 6.235205768529e-01 6.306239621952e-01 6.374642591916e-01 6.440558181154e-01 6.504119642205e-01 6.565450876552e-01 6.624667240750e-01 6.681876270568e-01 6.737178332725e-01 6.790667212516e-01 6.842430644572e-01 6.892550793071e-01 6.941104686930e-01 6.988164614823e-01 7.033798484295e-01 7.078070148709e-01 7.121039705346e-01 7.162763767586e-01 7.203295713764e-01 7.242685914979e-01 7.280981943937e-01 7.318228766623e-01 7.354468918425e-01 7.389742666180e-01 7.424088157414e-01 7.457541557967e-01 7.490137179019e-01 7.521907594475e-01 7.552883749543e-01 7.583095061277e-01 7.612569511750e-01 7.641333734500e-01 7.669413094803e-01 7.696831764276e-01 7.723612790273e-01 7.749778160500e-01 7.775348863221e-01 7.800344943410e-01 7.824785555150e-01 7.848689010588e-01 7.872072825690e-01 7.894953763048e-01 7.917347871952e-01 7.939270525931e-01 7.960736457953e-01 7.981759793438e-01 8.002354081260e-01 8.022532322864e-01 8.042306999635e-01 8.061690098648e-01 8.080693136897e-01 8.099327184112e-01 8.117602884264e-01 8.135530475843e-01 8.153119810976e-01 8.170380373490e-01 8.187321295958e-01 8.203951375812e-01 8.220279090577e-01 8.236312612284e-01 8.252059821102e-01 8.267528318261e-01 8.282725438276e-01 8.297658260552e-01 8.312333620375e-01 8.326758119346e-01 8.340938135284e-01 8.354879831626e-01 8.368589166362e-01
1.000000000000e-12 1.000000000000e-12 1.000000000000e-12 1.000000000000e-12 1.000000000000e-12 1.000000000000e-12 1.000000000000e-12 1.000000000000e-12 1.000000000000e-12 1.000000000000e-12 1.000000000000e-12 1.000000000000e-12 1.000000000000e-12 1.000000000000e-12 1.000000000000e-12 1.000000000000e-12 1.000000000000e-12 1.129970488649e-11 8.929017320797e-06 2.186616498870e-02 7.069901738860e-02 1.149514446575e-01 1.551809244458e-01 1.919121886003e-01 2.255825140753e-01 2.565592135123e-01 2.851530899157e-01 3.116289014003e-01 3.362135834931e-01 3.591027702692e-01 3.804660112602e-01 4.004509786389e-01 4.191868855565e-01 4.367872829639e-01 4.533523628767e-01 4.689708667945e-01 4.837216760502e-01 4.976751442651e-01 5.108942194160e-01 5.234353932771e-01 5.353495084452e-01 5.466824472636e-01 5.574757223287e-01 5.677669846002e-01 5.775904622229e-01 5.869773408401e-01 5.959560943001e-01 6.045527731448e-01 6.127912570376e-01 6.206934762818e-01 6.282796067561e-01 6.355682419178e-01 6.425765449578e-01 6.493203837322e-01 6.558144507001e-01 6.620723697783e-01 6.681067917465e-01 6.739294796106e-01 6.795513851346e-01 6.849827175900e-01 6.902330056301e-01 6.953111530788e-01 7.002254893195e-01 7.049838148858e-01 7.095934427782e-01 7.140612359663e-01 7.183936414819e-01 7.225967214598e-01 7.266761814384e-01 7.306373962001e-01 7.344854333972e-01 7.382250751804e-01 7.418608380251e-01 7.453969909289e-01 7.488375721325e-01 7.521864045041e-01 7.554471097080e-01 7.586231212702e-01 7.617176966386e-01 7.647339283267e-01 7.676747542226e-01 7.705429671334e-01 7.733412236318e-01 7.760720522627e-01 7.787378611644e-01 7.813409451507e-01 7.838834923001e-01 7.863675900897e-01 7.887952311114e-01 7.911683184023e-01 7.934886704201e-01 7.957580256902e-01 7.979780471501e-01 8.001503262130e-01 8.022763865724e-01 8.043576877664e-01 8.063956285188e-01 8.083915498743e-01 8.103467381409e-01 8.122624276546e-01 8.141398033781e-01 8.159800033446e-01 8.177841209589e-01 8.195532071632e-01 8.212882724789e-01 8.229902889315e-01 8.246601918661e-01 8.262988816617e-01 8.279072253500e-01 8.294860581450e-01 8.310361848892e-01 8.325583814217e-01 8.340533958733e-01 8.355219498921e-01 8.369647398053e-01 8.383824377200e-01 8.397756925673e-01 8.411451310924e-01 8.424913587950e-01 8.438149608219e-01 8.451165028150e-01
1.000000000000e-12 1.000000000000e-12 1.000000000000e-12 1.000000000000e-12 1.000000000000e-12 1.000000000000e-12 1.000000000000e-12 1.000000000000e-12 1.000000000000e-12 1.000000000000e-12 1.000000000000e-12 1.000000000000e-12 1.000000000000e-12 1.000000000000e-12 1.000000000000e-12 1.000000000000e-12 2.286907434274e-12 4.471937763816e-06 2.189304782463e-02 7.329916118300e-02 1.196342028843e-01 1.615563836994e-01 1.996674571676e-01 2.344645242472e-01 2.663618357369e-01 2.957073623075e-01 3.227955406803e-01 3.478771873217e-01 3.711672877745e-01 3.928511744030e-01 4.130894685896e-01 4.320220663770e-01 4.497713768027e-01 4.664449714451e-01 4.821377664025e-01 4.969338302196e-01 5.109078904913e-01 5.241265961537e-01 5.366495804654e-01 5.485303604535e-01 5.598171014422e-01 5.705532696997e-01 5.807781918497e-01 5.905275362253e-01 5.998337285838e-01 6.087263123930e-01 6.172322621236e-01 6.253762565465e-01 6.331809178685e-01 6.406670215854e-01 6.478536811537e-01 6.547585109350e-01 6.613977703401e-01 6.677864916545e-01 6.739385936609e-01 6.798669828670e-01 6.855836438873e-01 6.910997203103e-01 6.964255872015e-01 7.015709162320e-01 7.065447342948e-01 7.113554763555e-01 7.160110331885e-01 7.205187945665e-01 7.248856884013e-01 7.291182162721e-01 7.332224857225e-01 7.372042396670e-01 7.410688832013e-01 7.448215080824e-01 7.484669151098e-01 7.520096346153e-01 7.554539452456e-01 7.588038912012e-01 7.620632980769e-01 7.652357874358e-01 7.683247902327e-01 7.713335591907e-01 7.742651802267e-01 7.771225830087e-01 7.799085507211e-01 7.826257291072e-01 7.852766348498e-01 7.878636633456e-01 7.903890959249e-01 7.928551065610e-01 7.952637681126e-01 7.976170581343e-01 7.999168642919e-01 8.021649894122e-01 8.043631561965e-01 8.065130116229e-01 8.086161310618e-01 8.106740221256e-01 8.126881282733e-01 8.146598321862e-01 8.165904589342e-01 8.184812789452e-01 8.203335107927e-01 8.221483238150e-01 8.239268405769e-01 8.256701391850e-01 8.273792554675e-01 8.290551850261e-01 8.306988851701e-01 8.323112767399e-01 8.338932458272e-01 8.354456453990e-01 8.369692968304e-01 8.384649913549e-01 8.399334914335e-01 8.413755320513e-01 8.427918219436e-01 8.441830447583e-01 8.455498601552e-01 8.468929048495e-01 8.482127936008e-01 8.495101201512e-01 8.507854581160e-01 8.520393618293e-01 8.532723671474e-01
1.000000000000e-12 1.000000000000e-12 1.000000000000e-12 1.000000000000e-12 1.000000000000e-12 1.000000000000e-12 1.000000000000e-12 1.000000000000e-12 1.000000000000e-12 1.000000000000e-12 1.000000000000e-12 1.000000000000e-12 1.000000000000e-12 1.000000000000e-12 1.000000000000e-12 1.000000000000e-12 1.719908077768e-06 2.120715314194e-02 7.549967309926e-02 1.241575849075e-01 1.679497056622e-01 2.075711482497e-01 2.435906415111e-01 2.764780049236e-01 3.066247547185e-01 3.343597645297e-01 3.599613120478e-01 3.836664486386e-01 4.056783611873e-01 4.261722108015e-01 4.452998037748e-01 4.631933584917e-01 4.799685660388e-01 4.957270943407e-01 5.105586503895e-01 5.245426889498e-01 5.377498364790e-01 5.502430841417e-01 5.620787924538e-01 5.733075413652e-01 5.839748528311e-01 5.941218076401e-01 6.037855741248e-01 6.129998630987e-01 6.217953207555e-01 6.301998691832e-01 6.382390024618e-01 6.459360449626e-01 6.533123773592e-01 6.603876349641e-01 6.671798822648e-01 6.737057669263e-01 6.799806560239e-01 6.860187568537e-01 6.918332243193e-01 6.974362566044e-01 7.028391805936e-01 7.080525283025e-01 7.130861054008e-01 7.179490527668e-01 7.226499018874e-01 7.271966248073e-01 7.315966792458e-01 7.358570494165e-01 7.399842830194e-01 7.439845248191e-01 7.478635471703e-01 7.516267778096e-01 7.552793251948e-01 7.588260016412e-01 7.622713444749e-01 7.656196353978e-01 7.688749182395e-01 7.720410152499e-01 7.751215420708e-01 7.781199215099e-01 7.810393962269e-01 7.838830404317e-01 7.866537706826e-01 7.893543558638e-01 7.919874264155e-01 7.945554828796e-01 7.970609038200e-01 7.995059531716e-01 8.018927870624e-01 8.042234601558e-01 8.064999315494e-01 8.087240702672e-01 8.108976603777e-01 8.130224057668e-01 8.150999345916e-01 8.171318034422e-01 8.191195012309e-01 8.210644528306e-01 8.229680224813e-01 8.248315169815e-01 8.266561886796e-01 8.284432382809e-01 8.301938174821e-01 8.319090314469e-01 8.335899411325e-01 8.352375654777e-01 8.368528834632e-01 8.384368360509e-01 8.399903280119e-01 8.415142296499e-01 8.430093784268e-01 8.444765804976e-01 8.459166121597e-01 8.473302212224e-01 8.487181283022e-01 8.500810280472e-01 8.514195902968e-01 8.527344611791e-01 8.540262641513e-01 8.552956009847e-01 8.565430527004e-01 8.577691804551e-01 8.589745263834e-01 8.601596143970e-01 8.613249509437e-01
1.000000000000e-12 1.000000000000e-12 1.000000000000e-12 1.000000000000e-12 1.000000000000e-12 1.000000000000e-12 1.000000000000e-12 1.000000000000e-12 1.000000000000e-12 1.000000000000e-12 1.000000000000e-12 1.000000000000e-12 1.000000000000e-12 1.000000000000e-12 1.000000000000e-12 4.790895528568e-07 1.967262571401e-02 7.722069488291e-02 1.284862117491e-01 1.743553584992e-01 2.156375905742e-01 2.529881814993e-01 2.869432641584e-01 3.179457309341e-01 3.463646588119e-01 3.725100724594e-01 3.966443004417e-01 4.189908078328e-01 4.397411361244e-01 4.590604072926e-01 4.770917270495e-01 4.939597358543e-01 5.097734941089e-01 5.246288427723e-01 5.386103473966e-01 5.517929088996e-01 5.642431058746e-01 5.760203192293e-01 5.871776792496e-01 5.977628669611e-01 6.078187952871e-01 6.173841905240e-01 6.264940907496e-01 6.351802746857e-01 6.434716320792e-01 6.513944846997e-01 6.589728654670e-01 6.662287619465e-01 6.731823294059e-01 6.798520777854e-01 6.862550362297e-01 6.924068982644e-01 6.983221502209e-01 7.040141851224e-01 7.094954039164e-01 7.147773056633e-01 7.198705680622e-01 7.247851194997e-01 7.295302036463e-01 7.341144374828e-01 7.385458635247e-01 7.428319969096e-01 7.469798679272e-01 7.509960604998e-01 7.548867470544e-01 7.586577201767e-01 7.623144213861e-01 7.658619673356e-01 7.693051736983e-01 7.726485769780e-01 7.758964544498e-01 7.790528424153e-01 7.821215529373e-01 7.851061891984e-01 7.880101596147e-01 7.908366908198e-01 7.935888396248e-01 7.962695040452e-01 7.988814334806e-01 8.014272381200e-01 8.039093976435e-01 8.063302692776e-01 8.086920952620e-01 8.109970097769e-01 8.132470453748e-01 8.154441389586e-01 8.175901373428e-01 8.196868024309e-01 8.217358160396e-01 8.237387843987e-01 8.256972423498e-01 8.276126572690e-01 8.294864327335e-01 8.313199119514e-01 8.331143809732e-01 8.348710716999e-01 8.365911647029e-01 8.382757918710e-01 8.399260388927e-01 8.415429475908e-01 8.431275181149e-01 8.446807110048e-01 8.462034491322e-01 8.476966195290e-01 8.491610751104e-01 8.505976362999e-01 8.520070925612e-01 8.533902038457e-01 8.547477019582e-01 8.560802918485e-01 8.573886528317e-01 8.586734397431e-01 8.599352840311e-01 8.611747947919e-01 8.623925597499e-01 8.635891461868e-01 8.647651018231e-01 8.659209556537e-01 8.670572187414e-01 8.681743849704e-01 8.692729317624e-01
1.000000000000e-12 1.000000000000e-12 1.000000000000e-12 1.000000000000e-12 1.000000000000e-12 1.000000000000e-12 1.000000000000e-12 1.000000000000e-12 1.000000000000e-12 1.000000000000e-12 1.000000000000e-12 1.000000000000e-12 1.000000000000e-12 1.000000000000e-12 8.986101590289e-08 1.713873316218e-02 7.836408948235e-02 1.325779665093e-01 1.807680794810e-01 2.238855489820e-01 2.626912715329e-01 2.978012109837e-01 3.297193377571e-01 3.588619752460e-01 3.855760596107e-01 4.101530172263e-01 4.328394396407e-01 4.538453863206e-01 4.733509082378e-01 4.915112217468e-01 5.084608476886e-01 5.243169493760e-01 5.391820447080e-01 5.531462251714e-01 5.662889832546e-01 5.786807265902e-01 5.903840397405e-01 6.014547413691e-01 6.119427744910e-01 6.218929597604e-01 6.313456357664e-01 6.403372056258e-01 6.489006054919e-01 6.570657076897e-01 6.648596688786e-01 6.723072317924e-01 6.794309876230e-01 6.862516049076e-01 6.927880298054e-01 6.990576618501e-01 7.050765086131e-01 7.108593221698e-01 7.164197198203e-01 7.217702911445e-01 7.269226931603e-01 7.318877351029e-01 7.366754541189e-01 7.412951829940e-01 7.457556108734e-01 7.500648378078e-01 7.542304238443e-01 7.582594332895e-01 7.621584746880e-01 7.659337369945e-01 7.695910223540e-01 7.731357758563e-01 7.765731125857e-01 7.799078422486e-01 7.831444916273e-01 7.862873250820e-01 7.893403632951e-01 7.923074004318e-01 7.951920198702e-01 7.979976086391e-01 8.007273706845e-01 8.033843390754e-01 8.059713872455e-01 8.084912393592e-01 8.109464798802e-01 8.133395624134e-01 8.156728178832e-01 8.179484621069e-01 8.201686028129e-01 8.223352461525e-01 8.244503027459e-01 8.265155933019e-01 8.285328538449e-01 8.305037405823e-01 8.324298344393e-01 8.343126452883e-01 8.361536158962e-01 8.379541256116e-01 8.397154938115e-01 8.414389831253e-01 8.431258024538e-01 8.447771097964e-01 8.463940149027e-01 8.479775817594e-01 8.495288309251e-01 8.510487417238e-01 8.525382543066e-01 8.539982715907e-01 8.554296610849e-01 8.568332566083e-01 8.582098599101e-01 8.595602421967e-01 8.608851455723e-01 8.621852843986e-01 8.634613465802e-01 8.647139947767e-01 8.659438675514e-01 8.671515804564e-01 8.683377270594e-01 8.695028799173e-01 8.706475914970e-01 8.717723950492e-01 8.728778054367e-01 8.739643199201e-01 8.750324189039e-01 8.760825666442e-01 8.771152119222e-01
1.000000000000e-12 1.000000000000e-12 1.000000000000e-12 1.000000000000e-12 1.000000000000e-12 1.000000000000e-12 1.000000000000e-12 1.000000000000e-12 1.000000000000e-12 1.000000000000e-12 1.000000000000e-12 1.000000000000e-12 1.000000000000e-12 1.035518516986e-08 1.347983676538e-02 7.880725547510e-02 1.363818019527e-01 1.871828724260e-01 2.323393795135e-01 2.727425700654e-01 3.091054415621e-01 3.420051824401e-01 3.719140377838e-01 3.992221230975e-01 4.242545346351e-01 4.472843532497e-01 4.685426473555e-01 4.882262530090e-01 5.065038868301e-01 5.235209941808e-01 5.394036277081e-01 5.542615752014e-01 5.681909009763e-01 5.812760251892e-01 5.935914362130e-01 6.052031094641e-01 6.161696897567e-01 6.265434819255e-01 6.363712850327e-01 6.456950982370e-01 6.545527207811e-01 6.629782641766e-01 6.710025912201e-01 6.786536937498e-01 6.859570188919e-01 6.929357518054e-01 6.996110615488e-01 7.060023155583e-01 7.121272673176e-01 7.180022210458e-01 7.236421766248e-01 7.290609574754e-01 7.342713236777e-01 7.392850722876e-01 7.441131265045e-01 7.487656151135e-01 7.532519434151e-01 7.575808566884e-01 7.617604970904e-01 7.657984547668e-01 7.697018138541e-01 7.734771939548e-01 7.771307876007e-01 7.806683941467e-01 7.840954504882e-01 7.874170589422e-01 7.906380125946e-01 7.937628183767e-01 7.967957181065e-01 7.997407076992e-01 8.026015547320e-01 8.053818145246e-01 8.080848448784e-01 8.107138196061e-01 8.132717409627e-01 8.157614510832e-01 8.181856425164e-01 8.205468679382e-01 8.228475491185e-01 8.250899852056e-01 8.272763603905e-01 8.294087510030e-01 8.314891320883e-01 8.335193835090e-01 8.355012956101e-01 8.374365744852e-01 8.393268468749e-01 8.411736647269e-01 8.429785094459e-01 8.447427958567e-01 8.464678759027e-01 8.481550421016e-01 8.498055307744e-01 8.514205250671e-01 8.530011577792e-01 8.545485140131e-01 8.560636336588e-01 8.575475137242e-01 8.590011105229e-01 8.604253417297e-01 8.618210883124e-01 8.631891963489e-01 8.645304787377e-01 8.658457168082e-01 8.671356618389e-01 8.684010364881e-01 8.696425361438e-01 8.708608301985e-01 8.720565632522e-01 8.732303562499e-01 8.743828075568e-01 8.755144939752e-01 8.766259717075e-01 8.777177772676e-01 8.787904283443e-01 8.798444246195e-01 8.808802485452e-01 8.818983660790e-01 8.828992273834e-01 8.838832674894e-01 8.848509069270e-01
1.000000000000e-12 1.000000000000e-12 1.000000000000e-12 1.000000000000e-12 1.000000000000e-12 1.000000000000e-12 1.000000000000e-12 1.000000000000e-12 1.000000000000e-12 1.000000000000e-12 1.000000000000e-12 1.000000000000e-12 6.521058068590e-10 8.778786566177e-03 7.839429051636e-02 1.398346710872e-01 1.935950041443e-01 2.410305921358e-01 2.831955592394e-01 3.209221087531e-01 3.548760033154e-01 3.855961936337e-01 4.135236393777e-01 4.390226115786e-01 4.623966694295e-01 4.839008026523e-01 5.037507717811e-01 5.221303728263e-01 5.391971452253e-01 5.550868988382e-01 5.699173355436e-01 5.837909698809e-01 5.967975020721e-01 6.090157595851e-01 6.205152960679e-01 6.313577161802e-01 6.415977796197e-01 6.512843261164e-01 6.604610543765e-01 6.691671811874e-01 6.774380016577e-01 6.853053674709e-01 6.927980968169e-01 6.999423271234e-01 7.067618196888e-01 7.132782236957e-01 7.195113057893e-01 7.254791503470e-01 7.311983347148e-01 7.366840829859e-01 7.419504013262e-01 7.470101973786e-01 7.518753858906e-01 7.565569823832e-01 7.610651864131e-01 7.654094557511e-01 7.695985726126e-01 7.736407029177e-01 7.775434494191e-01 7.813138994290e-01 7.849586677718e-01 7.884839355132e-01 7.918954849405e-01 7.951987312112e-01 7.983987510361e-01 8.015003087125e-01 8.045078797926e-01 8.074256726315e-01 8.102576480340e-01 8.130075371929e-01 8.156788580901e-01 8.182749305114e-01 8.207988898099e-01 8.232536995385e-01 8.256421630582e-01 8.279669342174e-01 8.302305271883e-01 8.324353255365e-01 8.345835905937e-01 8.366774691938e-01 8.387190008289e-01 8.407101242754e-01 8.426526837355e-01 8.445484345339e-01 8.463990484084e-01 8.482061184271e-01 8.499711635617e-01 8.516956329461e-01 8.533809098444e-01 8.550283153518e-01 8.566391118479e-01 8.582145062232e-01 8.597556528947e-01 8.612636566270e-01 8.627395751735e-01 8.641844217506e-01 8.655991673574e-01 8.669847429516e-01 8.683420414929e-01 8.696719198617e-01 8.709752006631e-01 8.722526739239e-01 8.735050986893e-01 8.747332045272e-01 8.759376929453e-01 8.771192387268e-01 8.782784911916e-01 8.794160753861e-01 8.805325932066e-01 8.816286244615e-01 8.827047278755e-01 8.837614420388e-01 8.847992863063e-01 8.858187616488e-01 8.868203514588e-01 8.878045223158e-01 8.887717247095e-01 8.897223937291e-01 8.906569497145e-01 8.915757988766e-01 8.924793338859e-01
1.000000000000e-12 1.000000000000e-12 1.000000000000e-12 1.000000000000e-12 1.000000000000e-12 1.000000000000e-12 1.000000000000e-12 1.000000000000e-12 1.000000000000e-12 1.000000000000e-12 1.000000000000e-12 1.926352350836e-11 3.906250000000e-03 7.692307702012e-02 1.428571428571e-01 2.000000000000e-01 2.500000000000e-01 2.941176470588e-01 3.333333333333e-01 3.684210526316e-01 4.000000000000e-01 4.285714285714e-01 4.545454545455e-01 4.782608695652e-01 5.000000000000e-01 5.200000000000e-01 5.384615384615e-01 5.555555555556e-01 5.714285714286e-01 5.862068965517e-01 6.000000000000e-01 6.129032258065e-01 6.250000000000e-01 6.363636363636e-01 6.470588235294e-01 6.571428571428e-01 6.666666666667e-01 6.756756756757e-01 6.842105263158e-01 6.923076923077e-01 7.000000000000e-01 7.073170731707e-01 7.142857142857e-01 7.209302325581e-01 7.272727272727e-01 7.333333333333e-01 7.391304347826e-01 7.446808510638e-01 7.500000000000e-01 7.551020408163e-01 7.600000000000e-01 7.647058823529e-01 7.692307692308e-01 7.735849056604e-01 7.777777777778e-01 7.818181818182e-01 7.857142857143e-01 7.894736842105e-01 7.931034482759e-01 7.966101694915e-01 8.000000000000e-01 8.032786885246e-01 8.064516129032e-01 8.095238095238e-01 8.125000000000e-01 8.153846153846e-01 8.181818181818e-01 8.208955223880e-01 8.235294117647e-01 8.260869565217e-01 8.285714285714e-01 8.309859154930e-01 8.333333333333e-01 8.356164383561e-01 8.378378378379e-01 8.400000000000e-01 8.421052631579e-01 8.441558441558e-01 8.461538461538e-01 8.481012658228e-01 8.500000000000e-01 8.518518518519e-01 8.536585365853e-01 8.554216867470e-01 8.571428571429e-01 8.588235294118e-01 8.604651162791e-01 8.620689655173e-01 8.636363636363e-01 8.651685393258e-01 8.666666666666e-01 8.681318681319e-01 8.695652173913e-01 8.709677419355e-01 8.723404255319e-01 8.736842105263e-01 8.750000000000e-01 8.762886597939e-01 8.775510204082e-01 8.787878787879e-01 8.800000000000e-01 8.811881188119e-01 8.823529411765e-01 8.834951456311e-01 8.846153846154e-01 8.857142857143e-01 8.867924528302e-01 8.878504672897e-01 8.888888888889e-01 8.899082568807e-01 8.909090909091e-01 8.918918918919e-01 8.928571428571e-01 8.938053097345e-01 8.947368421052e-01 8.956521739130e-01 8.965517241379e-01 8.974358974359e-01 8.983050847458e-01 8.991596638656e-01 9.000000000000e-01
1.000000000000e-12 1.000000000000e-12 1.000000000000e-12 1.000000000000e-12 1.000000000000e-12 1.000000000000e-12 1.000000000000e-12 1.000000000000e-12 1.000000000000e-12 1.000000000000e-12 1.000000000000e-12 8.428597497254e-04 7.412591202899e-02 1.453469955318e-01 2.063936387081e-01 2.593007294609e-01 3.055944338696e-01 3.464418201125e-01 3.827506078841e-01 4.152374179954e-01 4.444755470957e-01 4.709290924721e-01 4.949777700870e-01 5.169352583441e-01 5.370629559131e-01 5.555804376765e-01 5.726734977659e-01 5.885004052560e-01 6.031968193540e-01 6.168796876522e-01 6.296503647304e-01 6.415971271585e-01 6.527972169348e-01 6.633185133913e-01 6.732209100563e-01 6.825574554832e-01 6.913753039420e-01 6.997165119436e-01 7.076187089977e-01 7.151156651773e-01 7.222377735478e-01 7.290124619979e-01 7.354645462360e-01 7.416165335329e-01 7.474888850435e-01 7.531002431536e-01 7.584676291720e-01 7.636066157854e-01 7.685314779565e-01 7.732553253452e-01 7.777902188382e-01 7.821472733709e-01 7.863367488829e-01 7.903681309795e-01 7.942502026280e-01 7.979911080348e-01 8.015984096770e-01 8.050791393318e-01 8.084398438261e-01 8.116866261341e-01 8.148251823652e-01 8.178608351134e-01 8.207985635792e-01 8.236430308240e-01 8.263986084674e-01 8.290693991064e-01 8.316592566956e-01 8.341718051032e-01 8.366104550281e-01 8.389784194480e-01 8.412787277416e-01 8.435142386185e-01 8.456876519710e-01 8.478015197522e-01 8.498582559718e-01 8.518601458922e-01 8.538093544988e-01 8.557079343106e-01 8.575578325886e-01 8.593608979989e-01 8.611188867739e-01 8.628334684187e-01 8.645062309989e-01 8.661386860472e-01 8.677322731180e-01 8.692883640225e-01 8.708082667664e-01 8.722932292174e-01 8.737444425217e-01 8.751630442912e-01 8.765501215768e-01 8.779067136474e-01 8.792338145860e-01 8.805323757195e-01 8.818033078927e-01 8.830474835991e-01 8.842657389783e-01 8.854588756898e-01 8.866276626726e-01 8.877728377972e-01 8.888951094192e-01 8.899951578407e-01 8.910736366854e-01 8.921311741933e-01 8.931683744415e-01 8.941858184945e-01 8.951840654898e-01 8.961636536627e-01 8.971251013140e-01 8.980689077240e-01 8.989955540173e-01 8.999055039812e-01 9.007992048385e-01 9.016770879815e-01 9.025395696659e-01 9.033870516688e-01 9.042199219131e-01 9.050385550591e-01 9.058433130670e-01 9.066345457303e-01 9.074125911826e-01
1.000000000000e-12 1.000000000000e-12 1.000000000000e-12 1.000000000000e-12 1.000000000000e-12 1.000000000000e-12 1.000000000000e-12 1.000000000000e-12 1.000000000000e-12 1.000000000000e-12 6.296154505241e-05 6.963957375911e-02 1.471696086769e-01 2.127719464710e-01 2.690025217231e-01 3.177356869415e-01 3.603772065077e-01 3.980020767131e-01 4.314464057846e-01 4.613702791644e-01 4.883017652062e-01 5.126683478154e-01 5.348197865511e-01 5.550450132227e-01 5.735848043385e-01 5.906414121649e-01 6.063859732355e-01 6.209642705231e-01 6.345012608615e-01 6.471046656594e-01 6.588678434708e-01 6.698721065846e-01 6.801886032539e-01 6.898798577007e-01 6.990010383565e-01 7.076010086892e-01 7.157232028923e-01 7.234063595709e-01 7.306851395822e-01 7.375906488237e-01 7.441508826031e-01 7.503911049786e-01 7.563341739077e-01 7.620008210261e-01 7.674098932755e-01 7.725785623138e-01 7.775225066114e-01 7.822560703005e-01 7.867924021692e-01 7.911435776352e-01 7.953207060825e-01 7.993340255710e-01 8.031929866178e-01 8.069063264929e-01 8.104821352615e-01 8.139279146204e-01 8.172506304308e-01 8.204567597215e-01 8.235523328297e-01 8.265429712563e-01 8.294339217354e-01 8.322300869528e-01 8.349360532923e-01 8.375561159385e-01 8.400943016269e-01 8.425543892942e-01 8.449399288504e-01 8.472542582705e-01 8.495005191783e-01 8.516816710742e-01 8.538005043446e-01 8.558596521707e-01 8.578616014461e-01 8.598087027962e-01 8.617031797855e-01 8.635471373883e-01 8.653425697911e-01 8.670913675860e-01 8.687953244118e-01 8.704561430901e-01 8.720754413016e-01 8.736547568410e-01 8.751955524893e-01 8.766992205316e-01 8.781670869539e-01 8.796004153426e-01 8.810004105131e-01 8.823682218865e-01 8.837049466377e-01 8.850116326306e-01 8.862892811569e-01 8.875388494959e-01 8.887612533057e-01 8.899573688615e-01 8.911280351502e-01 8.922740558328e-01 8.933962010846e-01 8.944952093208e-01 8.955717888175e-01 8.966266192336e-01 8.976603530412e-01 8.986736168725e-01 8.996670127856e-01 9.006411194575e-01 9.015964933088e-01 9.025336695631e-01 9.034531632464e-01 9.043554701319e-01 9.052410676308e-01 9.061104156341e-01 9.069639573102e-01 9.078021198570e-01 9.086253152154e-01 9.094339407444e-01 9.102283798607e-01 9.110090026446e-01 9.117761664148e-01 9.125302162746e-01 9.132714856282e-01 9.140002966734e-01 9.147169608677e-01
1.000000000000e-12 1.000000000000e-12 1.000000000000e-12 1.000000000000e-12 1.000000000000e-12 1.000000000000e-12 1.000000000000e-12 1.000000000000e-12 1.000000000000e-12 1.349487400325e-06 6.295743237887e-02 1.481431169712e-01 2.191311905570e-01 2.791980220526e-01 3.306838776203e-01 3.753049524456e-01 4.143483929177e-01 4.487984874520e-01 4.794207937047e-01 5.068196992991e-01 5.314787143342e-01 5.537892517468e-01 5.740715584856e-01 5.925901863775e-01 6.095655952785e-01 6.251829714673e-01 6.395990110263e-01 6.529471958031e-01 6.653419388101e-01 6.768818719546e-01 6.876524762228e-01 6.977282027962e-01 7.071741964589e-01 7.160477056571e-01 7.243992437260e-01 7.322735510481e-01 7.397103968523e-01 7.467452509914e-01 7.534098496496e-01 7.597326740175e-01 7.657393571671e-01 7.714530313825e-01 7.768946258734e-01 7.820831229461e-01 7.870357792428e-01 7.917683174819e-01 7.962950931888e-01 8.006292401422e-01 8.047827976392e-01 8.087668221772e-01 8.125914857337e-01 8.162661624840e-01 8.197995055131e-01 8.231995148431e-01 8.264735979016e-01 8.296286233942e-01 8.326709694051e-01 8.356065664330e-01 8.384409359773e-01 8.411792251980e-01 8.438262381114e-01 8.463864637161e-01 8.488641013981e-01 8.512630839156e-01 8.535870982294e-01 8.558396044105e-01 8.580238528285e-01 8.601428998012e-01 8.621996218630e-01 8.641967287925e-01 8.661367755241e-01 8.680221730518e-01 8.698551984261e-01 8.716380039272e-01 8.733726254958e-01 8.750609904891e-01 8.767049248248e-01 8.783061595673e-01 8.798663370088e-01 8.813870162871e-01 8.828696785835e-01 8.843157319344e-01 8.857265156912e-01 8.871033046588e-01 8.884473129367e-01 8.897596974904e-01 8.910415614730e-01 8.922939573182e-01 8.935178896214e-01 8.947143178279e-01 8.958841587409e-01 8.970282888646e-01 8.981475465944e-01 8.992427342654e-01 9.003146200711e-01 9.013639398598e-01 9.023913988196e-01 9.033976730586e-01 9.043834110886e-01 9.053492352191e-01 9.062957428669e-01 9.072235077890e-01 9.081330812419e-01 9.090249930746e-01 9.098997527566e-01 9.107578503494e-01 9.115997574216e-01 9.124259279129e-01 9.132367989507e-01 9.140327916210e-01 9.148143116972e-01 9.155817503305e-01 9.163354847026e-01 9.170758786432e-01 9.178032832165e-01 9.185180372755e-01 9.192204679887e-01 9.199108913392e-01 9.205896125991e-01 9.212569267788e-01 9.219131190557e-01
1.000000000000e-12 1.000000000000e-12 1.000000000000e-12 1.000000000000e-12 1.000000000000e-12 1.000000000000e-12 1.000000000000e-12 1.000000000000e-12 6.504356630486e-09 5.334966466110e-02 1.480146596547e-01 2.254678724134e-01 2.900122163789e-01 3.446266612728e-01 3.914390426105e-01 4.320097731031e-01 4.675091622842e-01 4.988321527380e-01 5.266748109193e-01 5.515866629762e-01 5.740073298273e-01 5.942926950737e-01 6.127339362067e-01 6.295715911542e-01 6.450061081894e-01 6.592058638619e-01 6.723133306364e-01 6.844498739462e-01 6.957195213053e-01 7.062119516051e-01 7.160048865516e-01 7.251660192435e-01 7.337545811421e-01 7.418226241378e-01 7.494160763690e-01 7.565756170442e-01 7.633374054596e-01 7.697336917986e-01 7.757933314881e-01 7.815422204243e-01 7.870036649137e-01 7.921986974768e-01 7.971463475368e-01 8.018638743383e-01 8.063669681034e-01 8.106699243677e-01 8.147857955771e-01 8.187265233308e-01 8.225030540947e-01 8.261254407459e-01 8.296029319309e-01 8.329440509127e-01 8.361566653182e-01 8.392480489915e-01 8.422249369731e-01 8.450935744827e-01 8.478597606526e-01 8.505288876587e-01 8.531059758025e-01 8.555957050262e-01 8.580024432758e-01 8.603302720745e-01 8.625830096217e-01 8.647642316912e-01 8.668772905710e-01 8.689253322546e-01 8.709113120689e-01 8.728380089037e-01 8.747080381845e-01 8.765238637181e-01 8.782878085221e-01 8.800020647401e-01 8.816687027299e-01 8.832896794047e-01 8.848668458993e-01 8.864019546206e-01 8.878966657440e-01 8.893525532019e-01 8.907711102122e-01 8.921537543866e-01 8.935018324569e-01 8.948166246487e-01 8.960993487383e-01 8.973511638138e-01 8.985731737684e-01 8.997664305476e-01 9.009319371692e-01 9.020706505350e-01 9.031834840516e-01 9.042713100735e-01 9.053349621839e-01 9.063752373247e-01 9.073928977885e-01 9.083886730811e-01 9.093632616654e-01 9.103173325952e-01 9.112515270473e-01 9.121664597582e-01 9.130627203729e-01 9.139408747126e-01 9.148014659655e-01 9.156450158074e-01 9.164720254564e-01 9.172829766655e-01 9.180783326591e-01 9.188585390148e-01 9.196240244957e-01 9.203752018368e-01 9.211124684866e-01 9.218362073078e-01 9.225467872414e-01 9.232445639329e-01 9.239298803263e-01 9.246030672260e-01 9.252644438294e-01 9.259143182309e-01 9.265529879013e-01 9.271807401415e-01 9.277978525131e-01 9.284045932482e-01 9.290012216379e-01
1.000000000000e-12 1.000000000000e-12 1.000000000000e-12 1.000000000000e-12 1.000000000000e-12 1.000000000000e-12 1.000000000000e-12 4.460862612282e-12 3.972463794426e-02 1.464208004474e-01 2.317787204026e-01 3.016170185478e-01 3.598156003355e-01 4.090605541559e-01 4.512705145733e-01 4.878524802684e-01 5.198617002516e-01 5.481051296486e-01 5.732104002237e-01 5.956730107382e-01 6.158893602013e-01 6.341803430489e-01 6.508085092739e-01 6.659907480011e-01 6.799078001678e-01 6.927114881611e-01 7.045302770779e-01 7.154736001491e-01 7.256352572867e-01 7.350961104837e-01 7.439262401342e-01 7.521866840008e-01 7.599308501258e-01 7.672056728493e-01 7.740525648243e-01 7.805082058293e-01 7.866052001118e-01 7.923726271359e-01 7.978365053691e-01 8.030201847186e-01 8.079446801007e-01 8.126289561957e-01 8.170901715244e-01 8.213438884657e-01 8.254042546370e-01 8.292841600895e-01 8.329953740006e-01 8.365486639155e-01 8.399539000839e-01 8.432201470209e-01 8.463557440805e-01 8.493683765495e-01 8.522651385390e-01 8.550525887552e-01 8.577368000746e-01 8.603234037096e-01 8.628176286433e-01 8.652243369128e-01 8.675480552418e-01 8.697930034581e-01 8.719631200671e-01 8.740620853119e-01 8.760933420004e-01 8.780601143496e-01 8.799654250629e-01 8.818121108312e-01 8.836028364247e-01 8.853401075228e-01 8.870262824122e-01 8.886635826671e-01 8.902541029147e-01 8.917998197750e-01 8.933026000560e-01 8.947642082743e-01 8.961863135679e-01 8.975704960537e-01 8.989182526846e-01 9.002310026497e-01 9.015100923593e-01 9.027568000510e-01 9.039723400504e-01 9.051578667164e-01 9.063144780979e-01 9.074432193256e-01 9.085450857622e-01 9.096210259297e-01 9.106719442328e-01 9.116987034945e-01 9.127021273184e-01 9.136830022924e-01 9.146420800447e-01 9.155800791652e-01 9.164976870003e-01 9.173955613336e-01 9.182743319577e-01 9.191346021476e-01 9.199769500419e-01 9.208019299384e-01 9.216100735104e-01 9.224018909498e-01 9.231778720403e-01 9.239384871686e-01 9.246841882748e-01 9.254154097478e-01 9.261325692695e-01 9.268360686098e-01 9.275262943776e-01 9.282036187292e-01 9.288684000373e-01 9.295209835232e-01 9.301617018548e-01 9.307908757120e-01 9.314088143217e-01 9.320158159648e-01 9.326121684564e-01 9.331981496003e-01 9.337740276209e-01 9.343400615729e-01 9.348965017291e-01 9.354435899498e-01 9.359815600336e-01
1.000000000000e-12 1.000000000000e-12 1.000000000000e-12 1.000000000000e-12 1.000000000000e-12 1.000000000000e-12 1.000000000000e-12 2.046934468746e-02 1.428182675206e-01 2.380606822405e-01 3.142546140165e-01 3.765951036514e-01 4.285455116804e-01 4.725035492434e-01 5.101818671546e-01 5.428364093443e-01 5.714091337603e-01 5.966203611862e-01 6.190303411203e-01 6.390813757982e-01 6.571273070082e-01 6.734545781031e-01 6.882975518257e-01 7.018498321811e-01 7.142727558402e-01 7.257018456066e-01 7.362517746217e-01 7.460202274135e-01 7.550909335773e-01 7.635360737988e-01 7.714182046722e-01 7.787918109731e-01 7.857045668801e-01 7.921983678838e-01 7.983101805931e-01 8.040727468619e-01 8.095151705601e-01 8.146634091937e-01 8.195406878991e-01 8.241678497478e-01 8.285636535041e-01 8.327450278089e-01 8.367272890515e-01 8.405243288410e-01 8.441487759129e-01 8.476121364481e-01 8.509249160905e-01 8.540967263865e-01 8.571363779201e-01 8.600519620442e-01 8.628509228033e-01 8.655401203954e-01 8.681258873109e-01 8.706140781163e-01 8.730101137067e-01 8.753190207302e-01 8.775454667887e-01 8.796937919327e-01 8.817680368994e-01 8.837719684774e-01 8.857091023361e-01 8.875827236093e-01 8.893959054865e-01 8.911515260344e-01 8.928522834401e-01 8.945007098487e-01 8.960991839419e-01 8.976499423905e-01 8.991550902966e-01 9.006166107271e-01 9.020363734309e-01 9.034161428193e-01 9.047575852801e-01 9.060622758926e-01 9.073317045968e-01 9.085672818688e-01 9.097703439495e-01 9.109421576645e-01 9.120839248739e-01 9.131967865843e-01 9.142818267521e-01 9.153400758045e-01 9.163725139044e-01 9.173800739779e-01 9.183636445257e-01 9.193240722372e-01 9.202621644206e-01 9.211786912662e-01 9.220743879564e-01 9.229499566310e-01 9.238060682241e-01 9.246433641777e-01 9.254624580452e-01 9.262639369910e-01 9.270483631933e-01 9.278162751596e-01 9.285681889600e-01 9.293045993831e-01 9.300259810221e-01 9.307327892946e-01 9.314254614017e-01 9.321044172294e-01 9.327700601977e-01 9.334227780598e-01 9.340629436554e-01 9.346909156206e-01 9.353070390582e-01 9.359116461698e-01 9.365050568534e-01 9.370875792676e-01 9.376595103651e-01 9.382211363979e-01 9.387727333943e-01 9.393145676121e-01 9.398468959664e-01 9.403699664362e-01 9.408840184497e-01 9.413892832493e-01 9.418859842387e-01 9.423743373123e-01 9.428545511680e-01
1.000000000000e-12 1.000000000000e-12 1.000000000000e-12 1.000000000000e-12 1.000000000000e-12 1.000000000000e-12 1.281130454736e-03 1.363553339545e-01 2.443109172102e-01 3.282763708535e-01 3.954487337681e-01 4.504079397892e-01 4.962072781401e-01 5.349605644370e-01 5.681776669773e-01 5.969658225121e-01 6.221554586051e-01 6.443816080989e-01 6.641381854267e-01 6.818151230359e-01 6.977243668841e-01 7.121184446515e-01 7.252039698946e-01 7.371516233774e-01 7.481036390701e-01 7.581794935073e-01 7.674802822185e-01 7.760921236178e-01 7.840888334886e-01 7.915340461270e-01 7.984829112561e-01 8.049834625058e-01 8.110777293025e-01 8.168026465964e-01 8.221908040494e-01 8.272710667909e-01 8.320690927134e-01 8.366077658833e-01 8.409075615179e-01 8.449868548123e-01 8.488621834420e-01 8.525484716508e-01 8.560592223258e-01 8.594066822717e-01 8.626019849473e-01 8.656552741707e-01 8.685758116887e-01 8.713720710145e-01 8.740518195350e-01 8.766221905649e-01 8.790897467536e-01 8.814605360330e-01 8.837401411092e-01 8.859337233525e-01 8.880460618090e-01 8.900815879579e-01 8.920444167443e-01 8.939383743453e-01 8.957670230635e-01 8.975336836896e-01 8.992414556280e-01 9.008932350439e-01 9.024917312530e-01 9.040394815505e-01 9.055388646513e-01 9.069921128874e-01 9.084013232982e-01 9.097684677266e-01 9.110954020247e-01 9.123838744591e-01 9.136355333954e-01 9.148519343335e-01 9.160345463567e-01 9.171847580505e-01 9.183038829416e-01 9.193931645024e-01 9.204537807589e-01 9.214868485413e-01 9.224934274061e-01 9.234745232618e-01 9.244310917210e-01 9.253640412059e-01 9.262742358254e-01 9.271624980444e-01 9.280296111629e-01 9.288763216197e-01 9.297033411358e-01 9.305113487090e-01 9.313009924737e-01 9.320728914347e-01 9.328276370853e-01 9.335657949196e-01 9.342879058444e-01 9.349944875020e-01 9.356860355072e-01 9.363630246072e-01 9.370259097675e-01 9.376751271926e-01 9.383110952825e-01 9.389342155321e-01 9.395448733768e-01 9.401434389869e-01 9.407302680165e-01 9.413057023076e-01 9.418700705546e-01 9.424236889303e-01 9.429668616762e-01 9.434998816606e-01 9.440230309045e-01 9.445365810796e-01 9.450407939789e-01 9.455359219611e-01 9.460222083722e-01 9.464998879441e-01 9.469691871726e-01 9.474303246755e-01 9.478835115317e-01 9.483289516041e-01 9.487668418448e-01 9.491973725856e-01 9.496207278140e-01
1.000000000000e-12 1.000000000000e-12 1.000000000000e-12 1.000000000000e-12 1.000000000000e-12 2.219095047722e-07 1.256145862545e-01 2.505267882181e-01 3.442109396909e-01 4.170763908363e-01 4.753687517527e-01 5.230625015933e-01 5.628072931272e-01 5.964375013482e-01 6.252633941091e-01 6.502458345018e-01 6.721054698454e-01 6.913933833839e-01 7.085381954182e-01 7.238782903961e-01 7.376843758763e-01 7.501755960727e-01 7.615312507967e-01 7.718994572838e-01 7.814036465636e-01 7.901475007011e-01 7.982187506741e-01 8.056921302787e-01 8.126316970545e-01 8.190926730181e-01 8.251229172509e-01 8.307641134686e-01 8.360527349227e-01 8.410208338644e-01 8.456966916920e-01 8.501053576436e-01 8.542690977091e-01 8.582077707440e-01 8.619391451981e-01 8.654791671161e-01 8.688421879381e-01 8.720411589641e-01 8.750877980363e-01 8.779927329657e-01 8.807656253983e-01 8.834152781673e-01 8.859497286419e-01 8.883763301602e-01 8.907018232818e-01 8.929323983169e-01 8.950737503506e-01 8.971311277946e-01 8.991093753371e-01 9.010129720288e-01 9.028460651394e-01 9.046125003186e-01 9.063158485273e-01 9.079594301321e-01 9.095463365091e-01 9.110794494496e-01 9.125614586254e-01 9.139948773365e-01 9.153820567343e-01 9.167251986909e-01 9.180263674613e-01 9.192875002696e-01 9.205104169322e-01 9.216968286198e-01 9.228483458460e-01 9.239664857613e-01 9.250526788218e-01 9.261082748948e-01 9.271345488546e-01 9.281327057196e-01 9.291038853720e-01 9.300491669004e-01 9.309695725990e-01 9.318660716562e-01 9.327395835580e-01 9.335909812345e-01 9.344210939691e-01 9.352307100929e-01 9.360205794820e-01 9.367914158738e-01 9.375438990182e-01 9.382786766768e-01 9.389963664829e-01 9.396975576727e-01 9.403828126992e-01 9.410526687363e-01 9.417076390836e-01 9.423482144783e-01 9.429748643209e-01 9.435880378229e-01 9.441881650801e-01 9.447756580792e-01 9.453509116409e-01 9.459143043044e-01 9.464661991584e-01 9.470069446215e-01 9.475368751753e-01 9.480563120547e-01 9.485655638973e-01 9.490649273546e-01 9.495546876685e-01 9.500351192145e-01 9.505064860144e-01 9.509690422199e-01 9.514230325697e-01 9.518686928213e-01 9.523062501593e-01 9.527359235813e-01 9.531579242636e-01 9.535724559073e-01 9.539797150660e-01 9.543798914568e-01 9.547731682545e-01 9.551597223720e-01 9.555397247248e-01 9.559133404834e-01 9.562807293127e-01
1.000000000000e-12 1.000000000000e-12 1.000000000000e-12 1.000000000000e-12 1.000000000000e-12 3.906250000000e-03 1.666666666667e-01 2.857142857143e-01 3.750000000000e-01 4.444444444444e-01 5.000000000000e-01 5.454545454545e-01 5.833333333333e-01 6.153846153846e-01 6.428571428571e-01 6.666666666667e-01 6.875000000000e-01 7.058823529412e-01 7.222222222222e-01 7.368421052632e-01 7.500000000000e-01 7.619047619048e-01 7.727272727273e-01 7.826086956522e-01 7.916666666667e-01 8.000000000000e-01 8.076923076923e-01 8.148148148148e-01 8.214285714286e-01 8.275862068966e-01 8.333333333333e-01 8.387096774193e-01 8.437500000000e-01 8.484848484849e-01 8.529411764706e-01 8.571428571429e-01 8.611111111111e-01 8.648648648649e-01 8.684210526316e-01 8.717948717949e-01 8.750000000000e-01 8.780487804878e-01 8.809523809523e-01 8.837209302326e-01 8.863636363636e-01 8.888888888889e-01 8.913043478261e-01 8.936170212766e-01 8.958333333333e-01 8.979591836734e-01 9.000000000000e-01 9.019607843138e-01 9.038461538461e-01 9.056603773585e-01 9.074074074075e-01 9.090909090909e-01 9.107142857143e-01 9.122807017544e-01 9.137931034483e-01 9.152542372882e-01 9.166666666667e-01 9.180327868852e-01 9.193548387097e-01 9.206349206349e-01 9.218750000000e-01 9.230769230770e-01 9.242424242424e-01 9.253731343283e-01 9.264705882353e-01 9.275362318840e-01 9.285714285714e-01 9.295774647887e-01 9.305555555555e-01 9.315068493151e-01 9.324324324324e-01 9.333333333333e-01 9.342105263157e-01 9.350649350649e-01 9.358974358974e-01 9.367088607595e-01 9.375000000000e-01 9.382716049383e-01 9.390243902439e-01 9.397590361446e-01 9.404761904762e-01 9.411764705882e-01 9.418604651163e-01 9.425287356322e-01 9.431818181818e-01 9.438202247191e-01 9.444444444444e-01 9.450549450549e-01 9.456521739130e-01 9.462365591398e-01 9.468085106383e-01 9.473684210526e-01 9.479166666667e-01 9.484536082474e-01 9.489795918367e-01 9.494949494949e-01 9.500000000000e-01 9.504950495050e-01 9.509803921569e-01 9.514563106796e-01 9.519230769231e-01 9.523809523810e-01 9.528301886792e-01 9.532710280374e-01 9.537037037037e-01 9.541284403670e-01 9.545454545455e-01 9.549549549550e-01 9.553571428571e-01 9.557522123894e-01 9.561403508772e-01 9.565217391304e-01 9.568965517241e-01 9.572649572650e-01 9.576271186441e-01 9.579831932773e-01 9.583333333333e-01
1.000000000000e-12 1.000000000000e-12 1.000000000000e-12 1.000000000000e-12 1.000000000000e-12 3.906250000000e-03 1.666666666667e-01 2.857142857143e-01 3.750000000000e-01 4.444444444444e-01 5.000000000000e-01 5.454545454545e-01 5.833333333333e-01 6.153846153846e-01 6.428571428571e-01 6.666666666667e-01 6.875000000000e-01 7.058823529412e-01 7.222222222222e-01 7.368421052632e-01 7.500000000000e-01 7.619047619048e-01 7.727272727273e-01 7.826086956522e-01 7.916666666667e-01 8.000000000000e-01 8.076923076923e-01 8.148148148148e-01 8.214285714286e-01 8.275862068966e-01 8.333333333333e-01 8.387096774193e-01 8.437500000000e-01 8.484848484849e-01 8.529411764706e-01 8.571428571429e-01 8.611111111111e-01 8.648648648649e-01 8.684210526316e-01 8.717948717949e-01 8.750000000000e-01 8.780487804878e-01 8.809523809523e-01 8.837209302326e-01 8.863636363636e-01 8.888888888889e-01 8.913043478261e-01 8.936170212766e-01 8.958333333333e-01 8.979591836734e-01 9.000000000000e-01 9.019607843138e-01 9.038461538461e-01 9.056603773585e-01 9.074074074075e-01 9.090909090909e-01 9.107142857143e-01 9.122807017544e-01 9.137931034483e-01 9.152542372882e-01 9.166666666667e-01 9.180327868852e-01 9.193548387097e-01 9.206349206349e-01 9.218750000000e-01 9.230769230770e-01 9.242424242424e-01 9.253731343283e-01 9.264705882353e-01 9.275362318840e-01 9.285714285714e-01 9.295774647887e-01 9.305555555555e-01 9.315068493151e-01 9.324324324324e-01 9.333333333333e-01 9.342105263157e-01 9.350649350649e-01 9.358974358974e-01 9.367088607595e-01 9.375000000000e-01 9.382716049383e-01 9.390243902439e-01 9.397590361446e-01 9.404761904762e-01 9.411764705882e-01 9.418604651163e-01 9.425287356322e-01 9.431818181818e-01 9.438202247191e-01 9.444444444444e-01 9.450549450549e-01 9.456521739130e-01 9.462365591398e-01 9.468085106383e-01 9.473684210526e-01 9.479166666667e-01 9.484536082474e-01 9.489795918367e-01 9.494949494949e-01 9.500000000000e-01 9.504950495050e-01 9.509803921569e-01 9.514563106796e-01 9.519230769231e-01 9.523809523810e-01 9.528301886792e-01 9.532710280374e-01 9.537037037037e-01 9.541284403670e-01 9.545454545455e-01 9.549549549550e-01 9.553571428571e-01 9.557522123894e-01 9.561403508772e-01 9.565217391304e-01 9.568965517241e-01 9.572649572650e-01 9.576271186441e-01 9.579831932773e-01 9.583333333333e-01
1.000000000000e-12 1.000000000000e-12 1.000000000000e-12 1.000000000000e-12 1.000000000000e-12 3.906250000000e-03 1.666666666667e-01 2.857142857143e-01 3.750000000000e-01 4.444444444444e-01 5.000000000000e-01 5.454545454545e-01 5.833333333333e-01 6.153846153846e-01 6.428571428571e-01 6.666666666667e-01 6.875000000000e-01 7.058823529412e-01 7.222222222222e-01 7.368421052632e-01 7.500000000000e-01 7.619047619048e-01 7.727272727273e-01 7.826086956522e-01 7.916666666667e-01 8.000000000000e-01 8.076923076923e-01 8.148148148148e-01 8.214285714286e-01 8.275862068966e-01 8.333333333333e-01 8.387096774193e-01 8.437500000000e-01 8.484848484849e-01 8.529411764706e-01 8.571428571429e-01 8.611111111111e-01 8.648648648649e-01 8.684210526316e-01 8.717948717949e-01 8.750000000000e-01 8.780487804878e-01 8.809523809523e-01 8.837209302326e-01 8.863636363636e-01 8.888888888889e-01 8.913043478261e-01 8.936170212766e-01 8.958333333333e-01 8.979591836734e-01 9.000000000000e-01 9.019607843138e-01 9.038461538461e-01 9.056603773585e-01 9.074074074075e-01 9.090909090909e-01 9.107142857143e-01 9.122807017544e-01 9.137931034483e-01 9.152542372882e-01 9.166666666667e-01 9.180327868852e-01 9.193548387097e-01 9.206349206349e-01 9.218750000000e-01 9.230769230770e-01 9.242424242424e-01 9.253731343283e-01 9.264705882353e-01 9.275362318840e-01 9.285714285714e-01 9.295774647887e-01 9.305555555555e-01 9.315068493151e-01 9.324324324324e-01 9.333333333333e-01 9.342105263157e-01 9.350649350649e-01 9.358974358974e-01 9.367088607595e-01 9.375000000000e-01 9.382716049383e-01 9.390243902439e-01 9.397590361446e-01 9.404761904762e-01 9.411764705882e-01 9.418604651163e-01 9.425287356322e-01 9.431818181818e-01 9.438202247191e-01 9.444444444444e-01 9.450549450549e-01 9.456521739130e-01 9.462365591398e-01 9.468085106383e-01 9.473684210526e-01 9.479166666667e-01 9.484536082474e-01 9.489795918367e-01 9.494949494949e-01 9.500000000000e-01 9.504950495050e-01 9.509803921569e-01 9.514563106796e-01 9.519230769231e-01 9.523809523810e-01 9.528301886792e-01 9.532710280374e-01 9.537037037037e-01 9.541284403670e-01 9.545454545455e-01 9.549549549550e-01 9.553571428571e-01 9.557522123894e-01 9.561403508772e-01 9.565217391304e-01 9.568965517241e-01 9.572649572650e-01 9.576271186441e-01 9.579831932773e-01 9.583333333333e-01
1.000000000000e-12 1.000000000000e-12 1.000000000000e-12 1.000000000000e-12 1.000000000000e-12 3.906250000000e-03 1.666666666667e-01 2.857142857143e-01 3.750000000000e-01 4.444444444444e-01 5.000000000000e-01 5.454545454545e-01 5.833333333333e-01 6.153846153846e-01 6.428571428571e-01 6.666666666667e-01 6.875000000000e-01 7.058823529412e-01 7.222222222222e-01 7.368421052632e-01 7.500000000000e-01 7.619047619048e-01 7.727272727273e-01 7.826086956522e-01 7.916666666667e-01 8.000000000000e-01 8.076923076923e-01 8.148148148148e-01 8.214285714286e-01 8.275862068966e-01 8.333333333333e-01 8.387096774193e-01 8.437500000000e-01 8.484848484849e-01 8.529411764706e-01 8.571428571429e-01 8.611111111111e-01 8.648648648649e-01 8.684210526316e-01 8.717948717949e-01 8.750000000000e-01 8.780487804878e-01 8.809523809523e-01 8.837209302326e-01 8.863636363636e-01 8.888888888889e-01 8.913043478261e-01 8.936170212766e-01 8.958333333333e-01 8.979591836734e-01 9.000000000000e-01 9.019607843138e-01 9.038461538461e-01 9.056603773585e-01 9.074074074075e-01 9.090909090909e-01 9.107142857143e-01 9.122807017544e-01 9.137931034483e-01 9.152542372882e-01 9.166666666667e-01 9.180327868852e-01 9.193548387097e-01 9.206349206349e-01 9.218750000000e-01 9.230769230770e-01 9.242424242424e-01 9.253731343283e-01 9.264705882353e-01 9.275362318840e-01 9.285714285714e-01 9.295774647887e-01 9.305555555555e-01 9.315068493151e-01 9.324324324324e-01 9.333333333333e-01 9.342105263157e-01 9.350649350649e-01 9.358974358974e-01 9.367088607595e-01 9.375000000000e-01 9.382716049383e-01 9.390243902439e-01 9.397590361446e-01 9.404761904762e-01 9.411764705882e-01 9.418604651163e-01 9.425287356322e-01 9.431818181818e-01 9.438202247191e-01 9.444444444444e-01 9.450549450549e-01 9.456521739130e-01 9.462365591398e-01 9.468085106383e-01 9.473684210526e-01 9.479166666667e-01 9.484536082474e-01 9.489795918367e-01 9.494949494949e-01 9.500000000000e-01 9.504950495050e-01 9.509803921569e-01 9.514563106796e-01 9.519230769231e-01 9.523809523810e-01 9.528301886792e-01 9.532710280374e-01 9.537037037037e-01 9.541284403670e-01 9.545454545455e-01 9.549549549550e-01 9.553571428571e-01 9.557522123894e-01 9.561403508772e-01 9.565217391304e-01 9.568965517241e-01 9.572649572650e-01 9.576271186441e-01 9.579831932773e-01 9.583333333333e-01
1.000000000000e-12 1.000000000000e-12 1.000000000000e-12 1.000000000000e-12 1.000000000000e-12 3.906250000000e-03 1.666666666667e-01 2.857142857143e-01 3.750000000000e-01 4.444444444444e-01 5.000000000000e-01 5.454545454545e-01 5.833333333333e-01 6.153846153846e-01 6.428571428571e-01 6.666666666667e-01 6.875000000000e-01 7.058823529412e-01 7.222222222222e-01 7.368421052632e-01 7.500000000000e-01 7.619047619048e-01 7.727272727273e-01 7.826086956522e-01 7.916666666667e-01 8.000000000000e-01 8.076923076923e-01 8.148148148148e-01 8.214285714286e-01 8.275862068966e-01 8.333333333333e-01 8.387096774193e-01 8.437500000000e-01 8.484848484849e-01 8.529411764706e-01 8.571428571429e-01 8.611111111111e-01 8.648648648649e-01 8.684210526316e-01 8.717948717949e-01 8.750000000000e-01 8.780487804878e-01 8.809523809523e-01 8.837209302326e-01 8.863636363636e-01 8.888888888889e-01 8.913043478261e-01 8.936170212766e-01 8.958333333333e-01 8.979591836734e-01 9.000000000000e-01 9.019607843138e-01 9.038461538461e-01 9.056603773585e-01 9.074074074075e-01 9.090909090909e-01 9.107142857143e-01 9.122807017544e-01 9.137931034483e-01 9.152542372882e-01 9.166666666667e-01 9.180327868852e-01 9.193548387097e-01 9.206349206349e-01 9.218750000000e-01 9.230769230770e-01 9.242424242424e-01 9.253731343283e-01 9.264705882353e-01 9.275362318840e-01 9.285714285714e-01 9.295774647887e-01 9.305555555555e-01 9.315068493151e-01 9.324324324324e-01 9.333333333333e-01 9.342105263157e-01 9.350649350649e-01 9.358974358974e-01 9.367088607595e-01 9.375000000000e-01 9.382716049383e-01 9.390243902439e-01 9.397590361446e-01 9.404761904762e-01 9.411764705882e-01 9.418604651163e-01 9.425287356322e-01 9.431818181818e-01 9.438202247191e-01 9.444444444444e-01 9.450549450549e-01 9.456521739130e-01 9.462365591398e-01 9.468085106383e-01 9.473684210526e-01 9.479166666667e-01 9.484536082474e-01 9.489795918367e-01 9.494949494949e-01 9.500000000000e-01 9.504950495050e-01 9.509803921569e-01 9.514563106796e-01 9.519230769231e-01 9.523809523810e-01 9.528301886792e-01 9.532710280374e-01 9.537037037037e-01 9.541284403670e-01 9.545454545455e-01 9.549549549550e-01 9.553571428571e-01 9.557522123894e-01 9.561403508772e-01 9.565217391304e-01 9.568965517241e-01 9.572649572650e-01 9.576271186441e-01 9.579831932773e-01 9.583333333333e-01
1.000000000000e-12 1.000000000000e-12 1.000000000000e-12 1.000000000000e-12 1.000000000000e-12 3.906250000000e-03 1.666666666667e-01 2.857142857143e-01 3.750000000000e-01 4.444444444444e-01 5.000000000000e-01 5.454545454545e-01 5.833333333333e-01 6.153846153846e-01 6.428571428571e-01 6.666666666667e-01 6.875000000000e-01 7.058823529412e-01 7.222222222222e-01 7.368421052632e-01 7.500000000000e-01 7.619047619048e-01 7.727272727273e-01 7.826086956522e-01 7.916666666667e-01 8.000000000000e-01 8.076923076923e-01 8.148148148148e-01 8.214285714286e-01 8.275862068966e-01 8.333333333333e-01 8.387096774193e-01 8.437500000000e-01 8.484848484849e-01 8.529411764706e-01 8.571428571429e-01 8.611111111111e-01 8.648648648649e-01 8.684210526316e-01 8.717948717949e-01 8.750000000000e-01 8.780487804878e-01 8.809523809523e-01 8.837209302326e-01 8.863636363636e-01 8.888888888889e-01 8.913043478261e-01 8.936170212766e-01 8.958333333333e-01 8.979591836734e-01 9.000000000000e-01 9.019607843138e-01 9.038461538461e-01 9.056603773585e-01 9.074074074075e-01 9.090909090909e-01 9.107142857143e-01 9.122807017544e-01 9.137931034483e-01 9.152542372882e-01 9.166666666667e-01 9.180327868852e-01 9.193548387097e-01 9.206349206349e-01 9.218750000000e-01 9.230769230770e-01 9.242424242424e-01 9.253731343283e-01 9.264705882353e-01 9.275362318840e-01 9.285714285714e-01 9.295774647887e-01 9.305555555555e-01 9.315068493151e-01 9.324324324324e-01 9.333333333333e-01 9.342105263157e-01 9.350649350649e-01 9.358974358974e-01 9.367088607595e-01 9.375000000000e-01 9.382716049383e-01 9.390243902439e-01 9.397590361446e-01 9.404761904762e-01 9.411764705882e-01 9.418604651163e-01 9.425287356322e-01 9.431818181818e-01 9.438202247191e-01 9.444444444444e-01 9.450549450549e-01 9.456521739130e-01 9.462365591398e-01 9.468085106383e-01 9.473684210526e-01 9.479166666667e-01 9.484536082474e-01 9.489795918367e-01 9.494949494949e-01 9.500000000000e-01 9.504950495050e-01 9.509803921569e-01 9.514563106796e-01 9.519230769231e-01 9.523809523810e-01 9.528301886792e-01 9.532710280374e-01 9.537037037037e-01 9.541284403670e-01 9.545454545455e-01 9.549549549550e-01 9.553571428571e-01 9.557522123894e-01 9.561403508772e-01 9.565217391304e-01 9.568965517241e-01 9.572649572650e-01 9.576271186441e-01 9.579831932773e-01 9.583333333333e-01
1.000000000000e-12 1.000000000000e-12 1.000000000000e-12 1.000000000000e-12 1.000000000000e-12 3.906250000000e-03 1.666666666667e-01 2.857142857143e-01 3.750000000000e-01 4.444444444444e-01 5.000000000000e-01 5.454545454545e-01 5.833333333333e-01 6.153846153846e-01 6.428571428571e-01 6.666666666667e-01 6.875000000000e-01 7.058823529412e-01 7.222222222222e-01 7.368421052632e-01 7.500000000000e-01 7.619047619048e-01 7.727272727273e-01 7.826086956522e-01 7.916666666667e-01 8.000000000000e-01 8.076923076923e-01 8.148148148148e-01 8.214285714286e-01 8.275862068966e-01 8.333333333333e-01 8.387096774193e-01 8.437500000000e-01 8.484848484849e-01 8.529411764706e-01 8.571428571429e-01 8.611111111111e-01 8.648648648649e-01 8.684210526316e-01 8.717948717949e-01 8.750000000000e-01 8.780487804878e-01 8.809523809523e-01 8.837209302326e-01 8.863636363636e-01 8.888888888889e-01 8.913043478261e-01 8.936170212766e-01 8.958333333333e-01 8.979591836734e-01 9.000000000000e-01 9.019607843138e-01 9.038461538461e-01 9.056603773585e-01 9.074074074075e-01 9.090909090909e-01 9.107142857143e-01 9.122807017544e-01 9.137931034483e-01 9.152542372882e-01 9.166666666667e-01 9.180327868852e-01 9.193548387097e-01 9.206349206349e-01 9.218750000000e-01 9.230769230770e-01 9.242424242424e-01 9.253731343283e-01 9.264705882353e-01 9.275362318840e-01 9.285714285714e-01 9.295774647887e-01 9.305555555555e-01 9.315068493151e-01 9.324324324324e-01 9.333333333333e-01 9.342105263157e-01 9.350649350649e-01 9.358974358974e-01 9.367088607595e-01 9.375000000000e-01 9.382716049383e-01 9.390243902439e-01 9.397590361446e-01 9.404761904762e-01 9.411764705882e-01 9.418604651163e-01 9.425287356322e-01 9.431818181818e-01 9.438202247191e-01 9.444444444444e-01 9.450549450549e-01 9.456521739130e-01 9.462365591398e-01 9.468085106383e-01 9.473684210526e-01 9.479166666667e-01 9.484536082474e-01 9.489795918367e-01 9.494949494949e-01 9.500000000000e-01 9.504950495050e-01 9.509803921569e-01 9.514563106796e-01 9.519230769231e-01 9.523809523810e-01 9.528301886792e-01 9.532710280374e-01 9.537037037037e-01 9.541284403670e-01 9.545454545455e-01 9.549549549550e-01 9.553571428571e-01 9.557522123894e-01 9.561403508772e-01 9.565217391304e-01 9.568965517241e-01 9.572649572650e-01 9.576271186441e-01 9.579831932773e-01 9.583333333333e-01
