121 121
-0.25000000 -0.24000000 -0.23000000 -0.22000000 -0.21000000 -0.20000000 -0.19000000 -0.18000000 -0.17000000 -0.16000000 -0.15000000 -0.14000000 -0.13000000 -0.12000000 -0.11000000 -0.10000000 -0.09000000 -0.08000000 -0.07000000 -0.06000000 -0.05000000 -0.04000000 -0.03000000 -0.02000000 -0.01000000 0.00000000 0.01000000 0.02000000 0.03000000 0.04000000 0.05000000 0.06000000 0.07000000 0.08000000 0.09000000 0.10000000 0.11000000 0.12000000 0.13000000 0.14000000 0.15000000 0.16000000 0.17000000 0.18000000 0.19000000 0.20000000 0.21000000 0.22000000 0.23000000 0.24000000 0.25000000 0.26000000 0.27000000 0.28000000 0.29000000 0.30000000 0.31000000 0.32000000 0.33000000 0.34000000 0.35000000 0.36000000 0.37000000 0.38000000 0.39000000 0.40000000 0.41000000 0.42000000 0.43000000 0.44000000 0.45000000 0.46000000 0.47000000 0.48000000 0.49000000 0.50000000 0.51000000 0.52000000 0.53000000 0.54000000 0.55000000 0.56000000 0.57000000 0.58000000 0.59000000 0.60000000 0.61000000 0.62000000 0.63000000 0.64000000 0.65000000 0.66000000 0.67000000 0.68000000 0.69000000 0.70000000 0.71000000 0.72000000 0.73000000 0.74000000 0.75000000 0.76000000 0.77000000 0.78000000 0.79000000 0.80000000 0.81000000 0.82000000 0.83000000 0.84000000 0.85000000 0.86000000 0.87000000 0.88000000 0.89000000 0.90000000 0.91000000 0.92000000 0.93000000 0.94000000 0.95000000
0.00500000 0.00745833 0.00991667 0.01237500 0.01483333 0.01729167 0.01975000 0.02220833 0.02466667 0.02712500 0.02958333 0.03204167 0.03450000 0.03695833 0.03941667 0.04187500 0.04433333 0.04679167 0.04925000 0.05170833 0.05416667 0.05662500 0.05908333 0.06154167 0.06400000 0.06645833 0.06891667 0.07137500 0.07383333 0.07629167 0.07875000 0.08120833 0.08366667 0.08612500 0.08858333 0.09104167 0.09350000 0.09595833 0.09841667 0.10087500 0.10333333 0.10579167 0.10825000 0.11070833 0.11316667 0.11562500 0.11808333 0.12054167 0.12300000 0.12545833 0.12791667 0.13037500 0.13283333 0.13529167 0.13775000 0.14020833 0.14266667 0.14512500 0.14758333 0.15004167 0.15250000 0.15495833 0.15741667 0.15987500 0.16233333 0.16479167 0.16725000 0.16970833 0.17216667 0.17462500 0.17708333 0.17954167 0.18200000 0.18445833 0.18691667 0.18937500 0.19183333 0.19429167 0.19675000 0.19920833 0.20166667 0.20412500 0.20658333 0.20904167 0.21150000 0.21395833 0.21641667 0.21887500 0.22133333 0.22379167 0.22625000 0.22870833 0.23116667 0.23362500 0.23608333 0.23854167 0.24100000 0.24345833 0.24591667 0.24837500 0.25083333 0.25329167 0.25575000 0.25820833 0.26066667 0.26312500 0.26558333 0.26804167 0.27050000 0.27295833 0.27541667 0.27787500 0.28033333 0.28279167 0.28525000 0.28770833 0.29016667 0.29262500 0.29508333 0.29754167 0.30000000
1.000000000000e-12 1.000000000000e-12 1.000000000000e-12 1.000000000000e-12 8.289790917550e-12 1.435820661243e-10 1.680364123273e-09 1.454948319647e-08 9.913810617043e-08 5.553492396325e-07 2.640310660311e-06 1.090847510066e-05 3.986013406355e-05 1.304976458862e-04 3.862856188478e-04 1.039783402571e-03 2.551971770954e-03 5.711884719098e-03 1.164294883860e-02 2.158819917884e-02 3.645303792150e-02 5.634012638648e-02 8.043571677977e-02 1.073445281561e-01 1.355963765400e-01 1.640024814357e-01 1.917667998288e-01 2.184365945055e-01 2.438006716914e-01 2.677964045448e-01 2.904437350551e-01 3.118040510915e-01 3.319565574928e-01 3.509854947805e-01 3.689736224923e-01 3.859991585335e-01 4.021345590708e-01 4.174462441649e-01 4.319947857957e-01 4.458353024605e-01 4.590179279216e-01 4.715882877229e-01 4.835879520391e-01 4.950548516564e-01 5.060236531892e-01 5.165260942141e-01 5.265912810838e-01 5.362459529726e-01 5.455147158462e-01 5.544202498760e-01 5.629834935119e-01 5.712238070804e-01 5.791591184325e-01 5.868060528463e-01 5.941800491026e-01 6.012954634026e-01 6.081656625750e-01 6.148031078309e-01 6.212194301618e-01 6.274254983342e-01 6.334314803140e-01 6.392468988475e-01 6.448806818366e-01 6.503412080694e-01 6.556363487949e-01 6.607735055788e-01 6.657596448205e-01 6.706013292703e-01 6.753047468474e-01 6.798757370232e-01 6.843198150073e-01 6.886421939470e-01 6.928478053272e-01 6.969413177393e-01 7.009271541692e-01 7.048095079386e-01 7.085923574204e-01 7.122794796376e-01 7.158744628420e-01 7.193807181618e-01 7.228014903978e-01 7.261398680384e-01 7.293987925607e-01 7.325810670745e-01 7.356893643638e-01 7.387262343736e-01 7.416941111873e-01 7.445953195328e-01 7.474320808555e-01 7.502065189916e-01 7.529206654702e-01 7.555764644749e-01 7.581757774878e-01 7.607203876408e-01 7.632120037948e-01 7.656522643670e-01 7.680427409234e-01 7.703849415541e-01 7.726803140462e-01 7.749302488677e-01 7.771360819768e-01 7.792990974668e-01 7.814205300587e-01 7.835015674521e-01 7.855433525416e-01 7.875469855107e-01 7.895135258080e-01 7.914439940153e-01 7.933393736137e-01 7.952006126546e-01 7.970286253404e-01 7.988242935223e-01 8.005884681183e-01 8.023219704583e-01 8.040255935583e-01 8.057001033309e-01 8.073462397329e-01 8.089647178556e-01 8.105562289608e-01 8.121214414648e-01 8.136610018750e-01
1.000000000000e-12 1.000000000000e-12 1.000000000000e-12 1.000000000000e-12 8.934103872536e-12 1.546877437695e-10 1.809617117284e-09 1.566149470762e-08 1.066589691798e-07 5.971106580439e-07 2.836777763066e-06 1.170982426306e-05 4.274189200717e-05 1.397423023292e-04 4.129354688941e-04 1.109036164285e-03 2.714067176841e-03 6.052222538573e-03 1.228027220226e-02 2.264802898964e-02 3.801941028428e-02 5.841530676035e-02 8.293978061202e-02 1.101525118957e-01 1.385820625307e-01 1.670647181851e-01 1.948359199923e-01 2.214696667246e-01 2.467736918533e-01 2.706974246791e-01 2.932679768804e-01 3.145507862159e-01 3.346272356406e-01 3.535826636883e-01 3.715003214965e-01 3.884585861757e-01 4.045298960017e-01 4.197805628689e-01 4.342710083077e-01 4.480561842653e-01 4.611860558534e-01 4.737060850903e-01 4.856576872285e-01 4.970786481565e-01 5.080034999305e-01 5.184638556444e-01 5.284887066960e-01 5.381046861635e-01 5.473363020759e-01 5.562061441406e-01 5.647350671696e-01 5.729423540774e-01 5.808458609810e-01 5.884621466039e-01 5.958065879012e-01 6.028934835698e-01 6.097361468878e-01 6.163469891377e-01 6.227375947048e-01 6.289187888009e-01 6.349006986438e-01 6.406928088157e-01 6.463040114381e-01 6.517426517183e-01 6.570165693583e-01 6.621331362591e-01 6.670992908991e-01 6.719215697255e-01 6.766061358564e-01 6.811588053585e-01 6.855850713366e-01 6.898901260436e-01 6.940788811990e-01 6.981559866823e-01 7.021258477521e-01 7.059926409231e-01 7.097603286228e-01 7.134326727358e-01 7.170132471320e-01 7.205054492679e-01 7.239125109388e-01 7.272375082546e-01 7.304833709027e-01 7.336528907580e-01 7.367487298917e-01 7.397734280289e-01 7.427294094969e-01 7.456189897060e-01 7.484443811982e-01 7.512076992970e-01 7.539109673892e-01 7.565561218661e-01 7.591450167489e-01 7.616794280225e-01 7.641610576989e-01 7.665915376283e-01 7.689724330777e-01 7.713052460930e-01 7.735914186583e-01 7.758323356687e-01 7.780293277278e-01 7.801836737821e-01 7.822966036040e-01 7.843693001325e-01 7.864029016817e-01 7.883985040255e-01 7.903571623660e-01 7.922798931946e-01 7.941676760507e-01 7.960214551856e-01 7.978421411378e-01 7.996306122239e-01 8.013877159514e-01 8.031142703582e-01 8.048110652820e-01 8.064788635657e-01 8.081184022000e-01 8.097303934103e-01 8.113155256878e-01 8.128744647698e-01 8.144078545723e-01
1.000000000000e-12 1.000000000000e-12 1.000000000000e-12 1.000000000000e-12 9.634254815189e-12 1.667512012731e-10 1.949954810356e-09 1.686824958436e-08 1.148156695893e-07 6.423700778609e-07 3.049515532557e-06 1.257660431462e-05 4.585471803578e-05 1.497107367248e-04 4.416054588622e-04 1.183308761173e-03 2.887196077057e-03 6.413767228681e-03 1.295274410266e-02 2.375751283960e-02 3.964539751000e-02 6.055197534717e-02 8.549971721816e-02 1.130068480160e-01 1.416042870372e-01 1.701553772549e-01 1.979275231460e-01 2.245211594605e-01 2.497624371268e-01 2.736123857347e-01 2.961049544174e-01 3.173094114062e-01 3.373091803091e-01 3.561906139294e-01 3.740374046362e-01 3.909280585207e-01 4.069349777264e-01 4.221243548308e-01 4.365564539627e-01 4.502860560677e-01 4.633629546604e-01 4.758324462053e-01 4.877357895734e-01 4.991106246593e-01 5.099913481015e-01 5.204094478112e-01 5.303937996428e-01 5.399709300716e-01 5.491652487435e-01 5.579992545049e-01 5.664937181705e-01 5.746678449165e-01 5.825394188272e-01 5.901249317966e-01 5.974396987004e-01 6.044979604961e-01 6.113129766929e-01 6.178971084420e-01 6.242618933332e-01 6.304181128472e-01 6.363758532882e-01 6.421445609206e-01 6.477330919401e-01 6.531497578375e-01 6.584023666405e-01 6.634982604653e-01 6.684443497564e-01 6.732471445516e-01 6.779127830676e-01 6.824470578721e-01 6.868554398755e-01 6.911431003520e-01 6.953149311757e-01 6.993755634388e-01 7.033293846007e-01 7.071805543014e-01 7.109330189586e-01 7.145905252571e-01 7.181566326270e-01 7.216347247977e-01 7.250280205067e-01 7.283395834350e-01 7.315723314329e-01 7.347290450950e-01 7.378123757367e-01 7.408248528214e-01 7.437688908811e-01 7.466467959710e-01 7.494607716933e-01 7.522129248248e-01 7.549052705771e-01 7.575397375174e-01 7.601181721760e-01 7.626423433623e-01 7.651139462111e-01 7.675346059794e-01 7.699058816099e-01 7.722292690795e-01 7.745062045462e-01 7.767380673094e-01 7.789261825966e-01 7.810718241867e-01 7.831762168835e-01 7.852405388464e-01 7.872659237901e-01 7.892534630611e-01 7.912042075982e-01 7.931191697856e-01 7.949993252050e-01 7.968456142926e-01 7.986589439079e-01 8.004401888186e-01 8.021901931080e-01 8.039097715089e-01 8.055997106677e-01 8.072607703448e-01 8.088936845535e-01 8.104991626415e-01 8.120778903178e-01 8.136305306303e-01 8.151577248932e-01
1.000000000000e-12 1.000000000000e-12 1.000000000000e-12 1.000000000000e-12 1.039559034687e-11 1.798637006430e-10 2.102427401737e-09 1.817866385352e-08 1.236675628465e-07 6.914508325058e-07 3.280009525827e-06 1.351469579798e-05 4.921895113768e-05 1.604648710453e-04 4.724616203334e-04 1.262990410914e-03 3.072143291100e-03 6.797845236896e-03 1.366217973092e-02 2.491857870361e-02 4.133250048857e-02 6.275088192366e-02 8.811560227502e-02 1.159072450969e-01 1.446626751852e-01 1.732741540719e-01 2.010414199814e-01 2.275909886049e-01 2.527669017462e-01 2.765413343275e-01 2.989547469172e-01 3.200800250813e-01 3.400025004312e-01 3.588094595878e-01 3.765849879034e-01 3.934076915475e-01 4.093499190981e-01 4.244777331530e-01 4.388512337803e-01 4.525250266477e-01 4.655487308292e-01 4.779674752669e-01 4.898223610265e-01 5.011508809312e-01 5.119872953519e-01 5.223629663211e-01 5.323066535623e-01 5.418447764396e-01 5.510016457683e-01 5.597996691325e-01 5.682595329883e-01 5.764003644441e-01 5.842398752494e-01 5.917944901910e-01 5.990794618084e-01 6.061089730821e-01 6.128962295321e-01 6.194535419724e-01 6.257924010060e-01 6.319235442039e-01 6.378570167900e-01 6.436022265540e-01 6.491679936195e-01 6.545625956236e-01 6.597938087901e-01 6.648689453293e-01 6.697948875376e-01 6.745781189357e-01 6.792247527374e-01 6.837405579157e-01 6.881309830963e-01 6.924011784890e-01 6.965560160419e-01 7.006001079832e-01 7.045378239008e-01 7.083733064909e-01 7.121104860964e-01 7.157530941405e-01 7.193046755546e-01 7.227686002850e-01 7.261480739581e-01 7.294461477757e-01 7.326657277027e-01 7.358095830073e-01 7.388803542052e-01 7.418805604565e-01 7.448126064580e-01 7.476787888715e-01 7.504813023232e-01 7.532222450084e-01 7.559036239300e-01 7.585273597995e-01 7.610952916256e-01 7.636091810128e-01 7.660707161911e-01 7.684815157971e-01 7.708431324236e-01 7.731570559538e-01 7.754247166957e-01 7.776474883305e-01 7.798266906874e-01 7.819635923569e-01 7.840594131538e-01 7.861153264382e-01 7.881324613072e-01 7.901119046615e-01 7.920547031593e-01 7.939618650610e-01 7.958343619744e-01 7.976731305049e-01 7.994790738181e-01 8.012530631185e-01 8.029959390514e-01 8.047085130304e-01 8.063915684980e-01 8.080458621198e-01 8.096721249192e-01 8.112710633543e-01 8.128433603414e-01 8.143896762271e-01 8.159106497136e-01
1.000000000000e-12 1.000000000000e-12 1.000000000000e-12 1.000000000000e-12 1.122401843345e-11 1.941260387702e-10 2.268194177589e-09 1.960257325585e-08 1.332800754757e-07 7.447089806776e-07 3.529893649078e-06 1.453055618731e-05 5.285687803756e-05 1.720723565817e-04 5.056845839069e-04 1.348501977874e-03 3.269749981928e-03 7.205860479619e-03 1.441046729268e-02 2.613318591538e-02 4.308219566489e-02 6.501272083022e-02 9.078746132608e-02 1.188533844703e-01 1.477568454061e-01 1.764207487688e-01 2.041774299280e-01 2.306790789838e-01 2.557870876892e-01 2.794843234249e-01 3.018174388112e-01 3.228627299672e-01 3.427073086293e-01 3.614393180075e-01 3.791431902510e-01 3.958976039826e-01 4.117748375603e-01 4.268408134081e-01 4.411554611548e-01 4.547732070801e-01 4.677434930725e-01 4.801112786400e-01 4.919175056513e-01 5.031995187988e-01 5.139914413441e-01 5.243245087490e-01 5.342273640188e-01 5.437263188968e-01 5.528455849172e-01 5.616074779986e-01 5.700325998733e-01 5.781399992492e-01 5.859473152359e-01 5.934709052324e-01 6.007259591825e-01 6.077266018490e-01 6.144859845393e-01 6.210163675225e-01 6.273291942215e-01 6.334351581163e-01 6.393442631814e-01 6.450658785736e-01 6.506087881965e-01 6.559812356937e-01 6.611909653551e-01 6.662452593616e-01 6.711509717462e-01 6.759145594033e-01 6.805421104416e-01 6.850393701420e-01 6.894117647540e-01 6.936644233368e-01 6.978021978304e-01 7.018296815215e-01 7.057512260533e-01 7.095709571086e-01 7.132927888893e-01 7.169204374944e-01 7.204574332971e-01 7.239071324039e-01 7.272727272765e-01 7.305572565859e-01 7.337636143630e-01 7.368945585030e-01 7.399527186776e-01 7.429406037013e-01 7.458606083952e-01 7.487150199893e-01 7.515060240970e-01 7.542357102965e-01 7.569060773485e-01 7.595190380765e-01 7.620764239368e-01 7.645799892993e-01 7.670314154608e-01 7.694323144106e-01 7.717842323653e-01 7.740886530893e-01 7.763470010167e-01 7.785606441873e-01 7.807308970100e-01 7.828590228656e-01 7.849462365592e-01 7.869937066323e-01 7.890025575448e-01 7.909738717340e-01 7.929086915595e-01 7.948080211410e-01 7.966728280961e-01 7.985040451840e-01 8.003025718608e-01 8.020692757535e-01 8.038049940547e-01 8.055105348460e-01 8.071866783523e-01 8.088341781318e-01 8.104537622056e-01 8.120461341307e-01 8.136119740186e-01 8.151519395043e-01 8.166666666667e-01
1.000000000000e-12 1.000000000000e-12 1.000000000000e-12 1.000000000000e-12 1.212607262213e-11 2.096496327376e-10 2.448535854261e-09 2.115083656574e-08 1.437253810508e-07 8.025369091735e-07 3.800966250433e-06 1.563128123073e-05 5.679293448135e-05 1.846071414671e-04 5.414709324288e-04 1.440298600959e-03 3.480917497689e-03 7.639297812771e-03 1.519956828740e-02 2.740332122170e-02 4.489592981464e-02 6.733812820053e-02 9.351527005353e-02 1.218449218317e-01 1.508864109293e-01 1.795948671058e-01 2.073353816068e-01 2.337853645482e-01 2.588230047546e-01 2.824414123863e-01 3.046931197476e-01 3.256576331397e-01 3.454237212656e-01 3.640803098499e-01 3.817121336537e-01 3.983979173636e-01 4.142098532115e-01 4.292137137039e-01 4.434692519193e-01 4.570307107983e-01 4.699473523918e-01 4.822639649165e-01 4.940213296825e-01 5.052566422077e-01 5.160038878114e-01 5.262941746950e-01 5.361560285585e-01 5.456156530132e-01 5.546971598588e-01 5.634227729422e-01 5.718130089036e-01 5.798868377142e-01 5.876618255355e-01 5.951542620946e-01 6.023792744771e-01 6.093509289851e-01 6.160823224870e-01 6.225856644972e-01 6.288723510619e-01 6.349530313872e-01 6.408376680274e-01 6.465355913460e-01 6.520555488761e-01 6.574057501275e-01 6.625939073233e-01 6.676272724911e-01 6.725126712833e-01 6.772565338577e-01 6.818649231136e-01 6.863435605421e-01 6.906978499238e-01 6.949328990795e-01 6.990535398583e-01 7.030643465272e-01 7.069696527099e-01 7.107735670059e-01 7.144799874088e-01 7.180926146303e-01 7.216149644249e-01 7.250503790020e-01 7.284020376042e-01 7.316729663199e-01 7.348660471961e-01 7.379840267084e-01 7.410295236396e-01 7.440050364154e-01 7.469129499407e-01 7.497555419743e-01 7.525349890795e-01 7.552533721821e-01 7.579126817660e-01 7.605148227344e-01 7.630616189598e-01 7.655548175475e-01 7.679960928324e-01 7.703870501290e-01 7.727292292511e-01 7.750241078193e-01 7.772731043694e-01 7.794775812763e-01 7.816388475063e-01 7.837581612087e-01 7.858367321583e-01 7.878757240581e-01 7.898762567116e-01 7.918394080741e-01 7.937662161888e-01 7.956576810178e-01 7.975147661719e-01 7.993384005477e-01 8.011294798771e-01 8.028888681943e-01 8.046173992253e-01 8.063158777056e-01 8.079850806292e-01 8.096257584341e-01 8.112386361269e-01 8.128244143511e-01 8.143837704021e-01 8.159173591917e-01 8.174258141649e-01
1.000000000000e-12 1.000000000000e-12 1.000000000000e-12 1.000000000000e-12 1.310898421820e-11 2.265577389797e-10 2.644868434606e-09 2.283545148173e-08 1.550831576427e-07 8.653673647029e-07 4.095208097829e-06 1.682467331552e-05 6.105392879676e-05 1.981500977499e-04 5.800346840417e-04 1.538872534934e-03 3.706611426334e-03 8.099726495350e-03 1.603151742333e-02 2.873099438553e-02 4.677511470518e-02 6.972767940751e-02 9.629895479053e-02 1.248814889563e-01 1.540509812812e-01 1.827962213674e-01 2.105151132603e-01 2.369097885535e-01 2.618746706352e-01 2.854126670045e-01 3.075818846296e-01 3.284648460703e-01 3.481518584967e-01 3.667325591536e-01 3.842919431723e-01 4.009087561051e-01 4.166550888727e-01 4.315965547506e-01 4.457927244125e-01 4.592976536601e-01 4.721604221429e-01 4.844256449792e-01 4.961339415879e-01 5.073223572839e-01 5.180247386178e-01 5.282720658431e-01 5.380927467673e-01 5.475128763560e-01 5.565564662188e-01 5.652456477209e-01 5.736008520385e-01 5.816409700669e-01 5.893834947080e-01 5.968446477295e-01 6.040394930933e-01 6.109820383946e-01 6.176853258343e-01 6.241615139589e-01 6.304219512395e-01 6.364772424233e-01 6.423373084706e-01 6.480114407899e-01 6.535083503916e-01 6.588362125091e-01 6.640027071647e-01 6.690150561068e-01 6.738800564884e-01 6.786041116194e-01 6.831932590843e-01 6.876531964850e-01 6.919893050394e-01 6.962066712412e-01 7.003101067647e-01 7.043041667778e-01 7.081931668095e-01 7.119811983044e-01 7.156721429807e-01 7.192696860979e-01 7.227773287311e-01 7.261983991347e-01 7.295360632767e-01 7.327933346103e-01 7.359730831492e-01 7.390780439011e-01 7.421108247144e-01 7.450739135830e-01 7.479696854540e-01 7.508004085755e-01 7.535682504229e-01 7.562752832333e-01 7.589234891797e-01 7.615147652114e-01 7.640509275856e-01 7.665337161128e-01 7.689647981371e-01 7.713457722698e-01 7.736781718956e-01 7.759634684655e-01 7.782030745924e-01 7.803983469626e-01 7.825505890771e-01 7.846610538319e-01 7.867309459505e-01 7.887614242769e-01 7.907536039392e-01 7.927085583917e-01 7.946273213436e-01 7.965108885813e-01 7.983602196925e-01 8.001762396953e-01 8.019598405815e-01 8.037118827776e-01 8.054331965285e-01 8.071245832096e-01 8.087868165708e-01 8.104206439165e-01 8.120267872263e-01 8.136059442181e-01 8.151587893595e-01 8.166859748276e-01 8.181881314227e-01
1.000000000000e-12 1.000000000000e-12 1.000000000000e-12 1.000000000000e-12 1.418076348590e-11 2.449868240943e-10 2.858758777319e-09 2.466968473612e-08 1.674414373194e-07 9.336779696643e-07 4.414802479242e-06 1.811931771681e-05 6.566929034938e-05 2.127897145549e-04 6.216089176013e-04 1.644756220627e-03 3.947865865812e-03 8.588803617288e-03 1.690842212506e-02 3.011823333134e-02 4.872112167623e-02 7.218188675317e-02 9.913839327498e-02 1.279626955142e-01 1.572501637829e-01 1.860245312309e-01 2.137164731598e-01 2.400523037256e-01 2.649421109861e-01 2.883981595460e-01 3.104838336569e-01 3.312844846750e-01 3.508918443298e-01 3.693961933980e-01 3.868827470208e-01 4.034302475688e-01 4.191106701575e-01 4.339894599312e-01 4.481259995490e-01 4.615741540168e-01 4.743828181028e-01 4.865964320685e-01 4.982554521345e-01 5.093967723979e-01 5.200540998206e-01 5.302582860228e-01 5.400376203308e-01 5.494180885488e-01 5.584236016375e-01 5.670761980669e-01 5.753962231742e-01 5.834024884357e-01 5.911124131783e-01 5.985421509200e-01 6.057067022304e-01 6.126200157485e-01 6.192950787762e-01 6.257439986766e-01 6.319780761450e-01 6.380078712817e-01 6.438432632780e-01 6.494935044227e-01 6.549672690500e-01 6.602726979720e-01 6.654174388751e-01 6.704086831006e-01 6.752531991822e-01 6.799573634687e-01 6.845271881233e-01 6.889683467581e-01 6.932861979332e-01 6.974858067254e-01 7.015719645495e-01 7.055492073935e-01 7.094218326158e-01 7.131939144339e-01 7.168693182216e-01 7.204517137217e-01 7.239445872678e-01 7.273512531006e-01 7.306748638575e-01 7.339184203036e-01 7.370847803681e-01 7.401766675430e-01 7.431966786962e-01 7.461472913458e-01 7.490308704389e-01 7.518496746733e-01 7.546058623981e-01 7.573014971249e-01 7.599385526810e-01 7.625189180283e-01 7.650444017767e-01 7.675167364111e-01 7.699375822550e-01 7.723085311889e-01 7.746311101412e-01 7.769067843670e-01 7.791369605314e-01 7.813229896085e-01 7.834661696107e-01 7.855677481586e-01 7.876289249032e-01 7.896508538093e-01 7.916346453095e-01 7.935813683383e-01 7.954920522523e-01 7.973676886454e-01 7.992092330647e-01 8.010176066335e-01 8.027936975879e-01 8.045383627314e-01 8.062524288133e-01 8.079366938347e-01 8.095919282875e-01 8.112188763296e-01 8.128182569006e-01 8.143907647809e-01 8.159370715979e-01 8.174578267828e-01 8.189536584800e-01
1.000000000000e-12 1.000000000000e-12 1.000000000000e-12 1.000000000000e-12 1.535029109007e-11 2.650881076495e-10 3.091942107643e-09 2.666821830428e-08 1.808975597512e-07 1.007996284402e-06 4.762157694369e-06 1.952466770243e-05 7.067134583904e-05 2.286228646105e-04 6.664475541760e-04 1.758525600157e-03 4.205787910748e-03 9.108277458638e-03 1.783246158926e-02 3.156707883090e-02 5.073527617844e-02 7.470119742860e-02 1.020334156439e-01 1.310881309714e-01 1.604835650429e-01 1.892795246056e-01 2.169393199905e-01 2.432128724165e-01 2.680253594910e-01 2.913979687930e-01 3.133990723691e-01 3.341166693666e-01 3.536438066839e-01 3.720713435695e-01 3.894846766372e-01 4.059625221355e-01 4.215767255455e-01 4.363925553750e-01 4.504692008908e-01 4.638603327841e-01 4.766146585406e-01 4.887764418507e-01 5.003859744550e-01 5.114799982305e-01 5.220920797353e-01 5.322529412722e-01 5.419907530963e-01 5.513313913323e-01 5.602986658296e-01 5.689145217461e-01 5.771992182012e-01 5.851714869050e-01 5.928486732913e-01 6.002468623343e-01 6.073809909392e-01 6.142649485367e-01 6.209116672955e-01 6.273332031770e-01 6.335408088972e-01 6.395449997196e-01 6.453556128887e-01 6.509818614075e-01 6.564323827780e-01 6.617152832450e-01 6.668381780212e-01 6.718082279119e-01 6.766321727099e-01 6.813163616884e-01 6.858667814814e-01 6.902890816091e-01 6.945885978777e-01 6.987703738563e-01 7.028391806139e-01 7.067995348773e-01 7.106557157572e-01 7.144117801706e-01 7.180715770778e-01 7.216387606389e-01 7.251168023833e-01 7.285090024784e-01 7.318185001748e-01 7.350482834953e-01 7.382011982334e-01 7.412799563165e-01 7.442871435852e-01 7.472252270375e-01 7.500965615781e-01 7.529033963137e-01 7.556478804283e-01 7.583320686715e-01 7.609579264889e-01 7.635273348213e-01 7.660420945988e-01 7.685039309495e-01 7.709144971468e-01 7.732753783115e-01 7.755880948882e-01 7.778541059102e-01 7.800748120693e-01 7.822515586031e-01 7.843856380122e-01 7.864782926194e-01 7.885307169816e-01 7.905440601635e-01 7.925194278825e-01 7.944578845341e-01 7.963604551040e-01 7.982281269754e-01 8.000618516379e-01 8.018625463033e-01 8.036310954362e-01 8.053683522017e-01 8.070751398384e-01 8.087522529590e-01 8.104004587837e-01 8.120204983103e-01 8.136130874258e-01 8.151789179600e-01 8.167186586886e-01 8.182329562853e-01 8.197224362268e-01
1.000000000000e-12 1.000000000000e-12 1.000000000000e-12 1.000000000000e-12 1.662742117179e-11 2.870293002615e-10 3.346341730474e-09 2.884731386130e-08 1.955592436655e-07 1.088905487114e-06 5.139932243328e-06 2.105113959463e-05 7.609562674784e-05 2.457556522438e-04 7.148273095968e-04 1.880803693921e-03 4.481562354277e-03 9.659990742426e-03 1.880588534291e-02 3.307957873244e-02 5.281885231137e-02 7.728599176899e-02 1.049838056658e-01 1.342573665699e-01 1.637507924357e-01 1.925609384402e-01 2.201835232136e-01 2.463914667488e-01 2.711244579233e-01 2.944121800864e-01 3.163277116920e-01 3.369615251106e-01 3.564078774537e-01 3.747581442322e-01 3.920978667572e-01 4.085057132812e-01 4.240533864588e-01 4.388059700329e-01 4.528224547237e-01 4.661563135170e-01 4.788560642900e-01 4.909657924902e-01 5.025256241188e-01 5.135721478417e-01 5.241387890030e-01 5.342561399041e-01 5.439522511376e-01 5.532528886277e-01 5.621817606463e-01 5.707607186189e-01 5.790099350637e-01 5.869480615747e-01 5.945923693698e-01 6.019588745823e-01 6.090624501776e-01 6.159169261230e-01 6.225351792163e-01 6.289292137968e-01 6.351102343948e-01 6.410887112447e-01 6.468744394645e-01 6.524765926028e-01 6.579037711714e-01 6.631640466998e-01 6.682650017880e-01 6.732137665743e-01 6.780170519876e-01 6.826811801094e-01 6.872121119351e-01 6.916154727901e-01 6.958965756290e-01 7.000604424211e-01 7.041118238024e-01 7.080552171563e-01 7.118948832673e-01 7.156348616780e-01 7.192789848650e-01 7.228308913386e-01 7.262940377609e-01 7.296717101658e-01 7.329670343595e-01 7.361829855679e-01 7.393223973972e-01 7.423879701602e-01 7.453822786235e-01 7.483077792194e-01 7.511668167676e-01 7.539616307425e-01 7.566943611238e-01 7.593670538614e-01 7.619816659833e-01 7.645400703751e-01 7.670440602539e-01 7.694953533598e-01 7.718955958857e-01 7.742463661639e-01 7.765491781273e-01 7.788054845607e-01 7.810166801572e-01 7.831841043932e-01 7.853090442339e-01 7.873927366817e-01 7.894363711776e-01 7.914410918651e-01 7.934079997263e-01 7.953381545982e-01 7.972325770768e-01 7.990922503168e-01 8.009181217326e-01 8.027111046081e-01 8.044720796199e-01 8.062018962795e-01 8.079013742996e-01 8.095713048899e-01 8.112124519848e-01 8.128255534088e-01 8.144113219827e-01 8.159704465738e-01 8.175035930934e-01 8.190114054457e-01 8.204945064288e-01
1.000000000000e-12 1.000000000000e-12 1.000000000000e-12 1.000000000000e-12 1.802309765475e-11 3.109965636002e-10 3.624091244604e-09 3.122499794085e-08 2.115457918427e-07 1.177050752517e-06 5.551063059726e-06 2.271021903442e-05 8.198121166588e-05 2.643043518633e-04 7.670498343825e-04 2.012264456600e-03 4.776456601064e-03 1.024588373862e-02 1.983101125843e-02 3.465778174202e-02 5.497306740548e-02 7.993658182684e-02 1.079893022059e-01 1.374699573740e-01 1.670514555643e-01 1.958685194987e-01 2.234489634060e-01 2.495880687498e-01 2.742394562073e-01 2.974408853700e-01 3.192698679876e-01 3.398191814842e-01 3.591841925783e-01 3.774567336022e-01 3.947224554921e-01 4.110599576566e-01 4.265407873417e-01 4.412298357580e-01 4.551858901352e-01 4.684622224867e-01 4.811071588255e-01 4.931646047237e-01 5.046745192046e-01 5.156733367424e-01 5.261943406603e-01 5.362679925747e-01 5.459222228226e-01 5.551826866026e-01 5.640729901401e-01 5.726148907032e-01 5.808284738223e-01 5.887323106205e-01 5.963435977742e-01 6.036782822743e-01 6.107511728682e-01 6.175760398010e-01 6.241657042598e-01 6.305321187374e-01 6.366864393702e-01 6.426390911687e-01 6.483998269417e-01 6.539777806133e-01 6.593815155451e-01 6.646190684011e-01 6.696979890276e-01 6.746253767637e-01 6.794079135493e-01 6.840518941572e-01 6.885632538330e-01 6.929475936028e-01 6.972102034712e-01 7.013560837142e-01 7.053899644467e-01 7.093163236247e-01 7.131394036277e-01 7.168632265488e-01 7.204916083094e-01 7.240281717029e-01 7.274763584595e-01 7.308394404188e-01 7.341205298842e-01 7.373225892299e-01 7.404484398216e-01 7.435007703078e-01 7.464821443327e-01 7.493950077180e-01 7.522416951543e-01 7.550244364422e-01 7.577453623175e-01 7.604065098920e-01 7.630098277403e-01 7.655571806576e-01 7.680503541149e-01 7.704910584322e-01 7.728809326913e-01 7.752215484068e-01 7.775144129718e-01 7.797609728955e-01 7.819626168466e-01 7.841206785151e-01 7.862364393071e-01 7.883111308815e-01 7.903459375413e-01 7.923419984877e-01 7.943004099470e-01 7.962222271779e-01 7.981084663678e-01 7.999601064244e-01 8.017780906698e-01 8.035633284427e-01 8.053166966155e-01 8.070390410299e-01 8.087311778580e-01 8.103938948915e-01 8.120279527649e-01 8.136340861156e-01 8.152130046853e-01 8.167653943654e-01 8.182919181910e-01 8.197932172845e-01 8.212699117539e-01
1.000000000000e-12 1.000000000000e-12 1.000000000000e-12 1.000000000000e-12 1.954948561412e-11 3.371967228906e-10 3.927559600318e-09 3.382127060595e-08 2.289894475842e-07 1.273146421769e-06 5.998797183212e-06 2.451457986059e-05 8.837110768930e-05 2.843964469689e-04 8.234440588107e-04 2.153636929870e-03 5.091825784388e-03 1.086799717135e-02 2.091022298008e-02 3.630373077224e-02 5.719907669534e-02 8.265321028432e-02 1.110496009180e-01 1.407254443726e-01 1.703851676981e-01 1.992020251012e-01 2.267355325795e-01 2.528026704771e-01 2.773704124755e-01 3.004841832371e-01 3.222256631069e-01 3.426897727406e-01 3.619728921127e-01 3.801672536253e-01 3.973585844104e-01 4.136253951699e-01 4.290390657441e-01 4.436642873874e-01 4.575596390963e-01 4.707781887612e-01 4.833680683414e-01 4.953730019376e-01 5.068327803764e-01 5.177836829682e-01 5.282588502121e-01 5.382886123550e-01 5.479007788823e-01 5.571208937395e-01 5.659724606316e-01 5.744771422406e-01 5.826549367180e-01 5.905243343578e-01 5.981024569644e-01 6.054051820822e-01 6.124472539584e-01 6.192423828539e-01 6.258033341018e-01 6.321420081221e-01 6.382695124457e-01 6.441962266618e-01 6.499318610856e-01 6.554855098437e-01 6.608656989855e-01 6.660804301578e-01 6.711372203102e-01 6.760431378482e-01 6.808048355968e-01 6.854285809005e-01 6.899202831435e-01 6.942855189464e-01 6.985295552636e-01 7.026573705836e-01 7.066736744105e-01 7.105829251886e-01 7.143893468119e-01 7.180969438480e-01 7.217095155912e-01 7.252306690492e-01 7.286638309556e-01 7.320122588933e-01 7.352790516046e-01 7.384671585557e-01 7.415793888186e-01 7.446184193266e-01 7.475868025533e-01 7.504869736630e-01 7.533212571735e-01 7.560918731693e-01 7.588009431020e-01 7.614504952072e-01 7.640424695686e-01 7.665787228561e-01 7.690610327608e-01 7.714911021503e-01 7.738705629645e-01 7.762009798702e-01 7.784838536924e-01 7.807206246374e-01 7.829126753230e-01 7.850613336280e-01 7.871678753748e-01 7.892335268558e-01 7.912594672135e-01 7.932468306852e-01 7.951967087206e-01 7.971101519804e-01 7.989881722241e-01 8.008317440939e-01 8.026418068016e-01 8.044192657237e-01 8.061649939117e-01 8.078798335217e-01 8.095645971695e-01 8.112200692141e-01 8.128470069758e-01 8.144461418908e-01 8.160181806083e-01 8.175638060311e-01 8.190836783050e-01 8.205784357592e-01 8.220486957995e-01
1.000000000000e-12 1.000000000000e-12 1.000000000000e-12 1.000000000000e-12 2.122011981288e-11 3.658597669972e-10 4.259379392910e-09 3.665834085063e-08 2.480369231711e-07 1.377984069293e-06 6.486727321435e-06 2.647821720410e-05 9.531267561520e-05 3.061717808654e-04 8.843687624548e-04 2.305709709690e-03 5.429118076460e-03 1.152847487627e-02 2.204596671735e-02 3.801945587985e-02 5.949796813381e-02 8.543604972314e-02 1.141643561541e-01 1.440233566274e-01 1.737515471834e-01 2.025612238321e-01 2.300431344780e-01 2.560352741349e-01 2.805173931260e-01 3.035421789788e-01 3.251952244475e-01 3.455734378764e-01 3.647741203046e-01 3.828898500591e-01 4.000063986226e-01 4.162021690737e-01 4.315483624084e-01 4.461094628288e-01 4.599438365469e-01 4.731043442890e-01 4.856389218337e-01 4.975911102486e-01 5.090005309623e-01 5.199033071573e-01 5.303324357072e-01 5.403181148045e-01 5.498880324840e-01 5.590676209067e-01 5.678802807792e-01 5.763475797645e-01 5.844894282396e-01 5.923242353068e-01 5.998690475649e-01 6.071396728030e-01 6.141507904823e-01 6.209160506149e-01 6.274481624333e-01 6.337589740548e-01 6.398595441912e-01 6.457602068101e-01 6.514706295464e-01 6.569998665537e-01 6.623564064055e-01 6.675482155769e-01 6.725827779767e-01 6.774671309405e-01 6.822078980503e-01 6.868113191020e-01 6.912832775045e-01 6.956293253657e-01 6.998547064886e-01 7.039643774780e-01 7.079630271371e-01 7.118550943124e-01 7.156447843313e-01 7.193360841588e-01 7.229327763891e-01 7.264384521747e-01 7.298565231865e-01 7.331902326885e-01 7.364426658019e-01 7.396167590282e-01 7.427153090919e-01 7.457409811594e-01 7.486963164846e-01 7.515837395277e-01 7.544055645888e-01 7.571640019939e-01 7.598611638693e-01 7.624990695351e-01 7.650796505475e-01 7.676047554150e-01 7.700761540145e-01 7.724955417286e-01 7.748645433237e-01 7.771847165890e-01 7.794575557525e-01 7.816844946897e-01 7.838669099411e-01 7.860061235484e-01 7.881034057262e-01 7.901599773765e-01 7.921770124588e-01 7.941556402246e-01 7.960969473261e-01 7.980019798055e-01 7.998717449752e-01 8.017072131932e-01 8.035093195428e-01 8.052789654208e-01 8.070170200411e-01 8.087243218581e-01 8.104016799156e-01 8.120498751248e-01 8.136696614770e-01 8.152617671936e-01 8.168268958173e-01 8.183657272493e-01 8.198789187337e-01 8.213671057936e-01 8.228309031211e-01
1.000000000000e-12 1.000000000000e-12 1.000000000000e-12 1.000000000000e-12 2.305007282580e-11 3.972416764218e-10 4.622478842825e-09 3.976089242457e-08 2.688511238086e-07 1.492441587243e-06 7.018831814239e-06 2.861659661474e-05 1.028581042574e-04 3.297838315172e-04 9.502153891514e-04 2.469335746123e-03 5.789880176839e-03 1.222956614908e-02 2.324074736278e-02 3.980696682127e-02 6.187075739815e-02 8.828520226768e-02 1.173331830813e-01 1.473632134539e-01 1.771502188207e-01 2.059458962118e-01 2.333716848554e-01 2.592858921830e-01 2.836804728793e-01 3.066149846361e-01 3.281786850144e-01 3.484703207039e-01 3.675880256755e-01 3.856246725601e-01 4.026660468714e-01 4.187904260556e-01 4.340688213599e-01 4.485655031506e-01 4.623386204843e-01 4.754408239864e-01 4.879198511857e-01 4.998190585874e-01 5.111778970363e-01 5.220323326303e-01 5.324152178172e-01 5.423566180485e-01 5.518840993067e-01 5.610229814324e-01 5.697965616519e-01 5.782263121712e-01 5.863320551933e-01 5.941321182616e-01 6.016434724313e-01 6.088818554241e-01 6.158618816259e-01 6.225971405315e-01 6.291002850227e-01 6.353831106822e-01 6.414566271851e-01 6.473311226753e-01 6.530162219177e-01 6.585209389157e-01 6.638537246003e-01 6.690225101193e-01 6.740347461937e-01 6.788974389516e-01 6.836171826024e-01 6.882001892709e-01 6.926523162756e-01 6.969790911032e-01 7.011857343024e-01 7.052771804974e-01 7.092580976984e-01 7.131329050675e-01 7.169057892831e-01 7.205807196296e-01 7.241614619267e-01 7.276515914017e-01 7.310545045960e-01 7.343734303911e-01 7.376114402268e-01 7.407714575823e-01 7.438562667798e-01 7.468685211667e-01 7.498107507274e-01 7.526853691708e-01 7.554946805336e-01 7.582408853400e-01 7.609260863499e-01 7.635522939285e-01 7.661214310663e-01 7.686353380743e-01 7.710957769808e-01 7.735044356500e-01 7.758629316430e-01 7.781728158409e-01 7.804355758453e-01 7.826526391732e-01 7.848253762605e-01 7.869551032862e-01 7.890430848321e-01 7.910905363858e-01 7.930986267007e-01 7.950684800208e-01 7.970011781792e-01 7.988977625794e-01 8.007592360667e-01 8.025865646959e-01 8.043806794037e-01 8.061424775895e-01 8.078728246126e-01 8.095725552090e-01 8.112424748349e-01 8.128833609384e-01 8.144959641673e-01 8.160810095133e-01 8.176391973993e-01 8.191712047115e-01 8.206776857793e-01 8.221592733075e-01 8.236165792624e-01
1.000000000000e-12 1.000000000000e-12 1.000000000000e-12 1.000000000000e-12 2.505614553861e-11 4.316276256166e-10 5.020117980635e-09 4.315638432054e-08 2.916130939978e-07 1.617493425756e-06 7.599519585134e-06 3.094682128343e-05 1.110649398856e-04 3.554011243830e-04 1.021411130103e-03 2.645437493347e-03 6.175762958812e-03 1.297362772091e-02 2.449712389511e-02 4.166824526260e-02 6.431838314066e-02 9.120069961368e-02 1.205556599936e-01 1.507445266263e-01 1.805808152046e-01 2.093558353335e-01 2.367211117329e-01 2.625545474384e-01 2.868597348343e-01 3.097027190544e-01 3.311761834859e-01 3.513805699283e-01 3.704147611060e-01 3.883718747738e-01 4.053376816251e-01 4.213903163331e-01 4.366005900020e-01 4.510325526754e-01 4.647441320555e-01 4.777877658277e-01 4.902109912574e-01 5.020569787861e-01 5.133650075045e-01 5.241708854740e-01 5.345073199182e-01 5.444042428584e-01 5.538890976195e-01 5.629870911819e-01 5.717214168045e-01 5.801134507940e-01 5.881829267750e-01 5.959480903609e-01 6.034258367209e-01 6.106318331929e-01 6.175806287945e-01 6.242857522310e-01 6.307597997811e-01 6.370145142567e-01 6.430608560769e-01 6.489090673563e-01 6.545687297977e-01 6.600488170747e-01 6.653577423074e-01 6.705034011579e-01 6.754932110110e-01 6.803341466477e-01 6.850327727732e-01 6.895952737175e-01 6.940274805920e-01 6.983348961517e-01 7.025227175872e-01 7.065958574439e-01 7.105589628458e-01 7.144164331825e-01 7.181724363999e-01 7.218309240226e-01 7.253956450212e-01 7.288701586261e-01 7.322578461817e-01 7.355619221225e-01 7.387854441458e-01 7.419313226503e-01 7.450023295003e-01 7.480011061714e-01 7.509301713280e-01 7.537919278793e-01 7.565886695533e-01 7.593225870282e-01 7.619957736557e-01 7.646102308060e-01 7.671678728653e-01 7.696705319108e-01 7.721199620869e-01 7.745178437058e-01 7.768657870911e-01 7.791653361848e-01 7.814179719326e-01 7.836251154643e-01 7.857881310840e-01 7.879083290820e-01 7.899869683817e-01 7.920252590324e-01 7.940243645581e-01 7.959854041726e-01 7.979094548686e-01 7.997975533900e-01 8.016506980950e-01 8.034698507163e-01 8.052559380249e-01 8.070098534052e-01 8.087324583446e-01 8.104245838443e-01 8.120870317565e-01 8.137205760509e-01 8.153259640166e-01 8.169039174015e-01 8.184551334948e-01 8.199802861537e-01 8.214800267802e-01 8.229549852482e-01 8.244057707858e-01
1.000000000000e-12 1.000000000000e-12 1.000000000000e-12 1.000000000000e-12 2.725708323560e-11 4.693356130742e-10 5.455929633255e-09 4.687539079862e-08 3.165242172618e-07 1.754222147262e-06 8.233680748149e-06 3.348781970545e-05 1.199966775573e-04 3.832087986289e-04 1.098422299640e-03 2.835012426979e-03 6.588527247899e-03 1.376312529049e-02 2.581770403212e-02 4.360523668823e-02 6.684170253667e-02 9.418250345172e-02 1.238313308055e-01 1.541668025929e-01 1.840429780231e-01 2.127908474654e-01 2.400913556392e-01 2.658412731719e-01 2.900552705256e-01 3.128055079420e-01 3.341878642835e-01 3.543043392299e-01 3.732544839267e-01 3.911316144313e-01 4.080214591759e-01 4.240019937526e-01 4.391438192145e-01 4.535107590777e-01 4.671605156537e-01 4.801453109406e-01 4.925124799774e-01 5.043050056687e-01 5.155619941929e-01 5.263190946285e-01 5.366088681757e-01 5.464611127348e-01 5.559031483635e-01 5.649600686372e-01 5.736549623561e-01 5.820091094802e-01 5.900421546466e-01 5.977722611625e-01 6.052162479648e-01 6.123897116872e-01 6.193071356822e-01 6.259819875901e-01 6.324268068298e-01 6.386532832041e-01 6.446723276528e-01 6.504941360535e-01 6.561282468523e-01 6.615835932108e-01 6.668685502673e-01 6.719909780380e-01 6.769582604209e-01 6.817773407084e-01 6.864547539682e-01 6.909966566101e-01 6.954088534200e-01 6.996968223097e-01 7.038657370062e-01 7.079204878761e-01 7.118657010632e-01 7.157057560952e-01 7.194448021010e-01 7.230867727654e-01 7.266354001334e-01 7.300942273665e-01 7.334666205437e-01 7.367557795869e-01 7.399647483890e-01 7.430964242093e-01 7.461535663978e-01 7.491388045046e-01 7.520546458232e-01 7.549034824144e-01 7.576875976507e-01 7.604091723201e-01 7.630702903232e-01 7.656729439949e-01 7.682190390786e-01 7.707103993799e-01 7.731487711241e-01 7.755358270370e-01 7.778731701723e-01 7.801623375015e-01 7.824048032842e-01 7.846019822345e-01 7.867552324968e-01 7.888658584459e-01 7.909351133216e-01 7.929642017101e-01 7.949542818827e-01 7.969064680000e-01 7.988218321924e-01 8.007014065235e-01 8.025461848440e-01 8.043571245447e-01 8.061351482125e-01 8.078811451986e-01 8.095959731007e-01 8.112804591687e-01 8.129354016343e-01 8.145615709733e-01 8.161597111008e-01 8.177305405063e-01 8.192747533308e-01 8.207930203896e-01 8.222859901434e-01 8.237542896227e-01 8.251985253050e-01
1.000000000000e-12 1.000000000000e-12 1.000000000000e-12 1.011268256497e-12 2.967382098519e-11 5.107205808569e-10 5.933965898714e-09 5.095198655760e-08 3.438087047614e-07 1.903831476291e-06 8.926743633778e-06 3.626055645254e-05 1.297234219836e-04 4.134103438370e-04 1.181758030078e-03 3.039138944862e-03 7.030049700167e-03 1.460063453758e-02 2.720513810366e-02 4.561984206047e-02 6.944148718216e-02 9.723050629092e-02 1.271597077119e-01 1.576295446932e-01 1.875363593128e-01 2.162507526161e-01 2.434823698321e-01 2.691461131984e-01 2.932671799827e-01 3.159234839326e-01 3.372138776481e-01 3.572417873511e-01 3.761073560135e-01 3.939040534494e-01 4.107175397433e-01 4.266256158936e-01 4.416986634572e-01 4.560002734864e-01 4.695879190182e-01 4.825136037038e-01 4.948244584401e-01 5.065632771459e-01 5.177689919408e-01 5.284770919778e-01 5.387199916341e-01 5.485273539947e-01 5.579263752367e-01 5.669420349809e-01 5.755973170720e-01 5.839134046710e-01 5.919098530135e-01 5.996047427200e-01 6.070148161440e-01 6.141555988903e-01 6.210415083458e-01 6.276859508063e-01 6.341014085712e-01 6.402995181920e-01 6.462911409039e-01 6.520864261361e-01 6.576948688812e-01 6.631253616038e-01 6.683862412874e-01 6.734853321399e-01 6.784299844200e-01 6.832271097877e-01 6.878832135384e-01 6.924044240346e-01 6.967965196164e-01 7.010649532394e-01 7.052148750598e-01 7.092511531649e-01 7.131783926225e-01 7.170009530077e-01 7.207229645470e-01 7.243483430037e-01 7.278808034204e-01 7.313238728166e-01 7.346809019359e-01 7.379550761219e-01 7.411494254003e-01 7.442668338306e-01 7.473100481918e-01 7.502816860542e-01 7.531842432887e-01 7.560201010580e-01 7.587915323320e-01 7.615007079635e-01 7.641497023592e-01 7.667404987771e-01 7.692749942784e-01 7.717550043599e-01 7.741822672911e-01 7.765584481775e-01 7.788851427693e-01 7.811638810360e-01 7.833961305206e-01 7.855832994919e-01 7.877267399070e-01 7.898277501981e-01 7.918875778955e-01 7.939074220975e-01 7.958884357984e-01 7.978317280831e-01 7.997383661974e-01 8.016093775029e-01 8.034457513227e-01 8.052484406856e-01 8.070183639758e-01 8.087564064923e-01 8.104634219260e-01 8.121402337578e-01 8.137876365830e-01 8.154063973671e-01 8.169972566361e-01 8.185609296062e-01 8.200981072560e-01 8.216094573445e-01 8.230956253785e-01 8.245572355315e-01 8.259948915182e-01
1.000000000000e-12 1.000000000000e-12 1.000000000000e-12 1.102220983032e-12 3.232976261094e-11 5.561790947833e-10 6.458750902482e-09 5.542418351827e-08 3.737164136920e-07 2.067661053110e-06 9.684739107814e-06 3.928826909102e-05 1.403226265513e-04 4.462295262412e-04 1.271974314057e-03 3.258982665979e-03 7.502328740694e-03 1.548884153723e-02 2.866211212123e-02 4.771390929017e-02 7.211841939278e-02 1.003445326845e-01 1.305402739968e-01 1.611322553649e-01 1.910606226657e-01 2.197353850666e-01 2.468941205040e-01 2.724691219635e-01 2.964955717896e-01 3.190567866529e-01 3.402543797203e-01 3.601930781896e-01 3.789735438892e-01 3.966893580368e-01 4.134260875819e-01 4.292613441764e-01 4.442652808774e-01 4.585012505904e-01 4.720264933398e-01 4.848927918505e-01 4.971470710062e-01 5.088319343135e-01 5.199861386970e-01 5.306450124440e-01 5.408408223084e-01 5.506030958619e-01 5.599589047827e-01 5.689331141826e-01 5.775486024486e-01 5.858264554853e-01 5.937861387074e-01 6.014456496635e-01 6.088216537679e-01 6.159296052681e-01 6.227838552801e-01 6.293977484724e-01 6.357837097615e-01 6.419533222024e-01 6.479173970968e-01 6.536860372118e-01 6.592686938863e-01 6.646742187010e-01 6.699109103090e-01 6.749865569451e-01 6.799084750740e-01 6.846835445780e-01 6.893182408432e-01 6.938186640556e-01 6.981905659883e-01 7.024393745258e-01 7.065702161453e-01 7.105879365520e-01 7.144971196408e-01 7.183021049428e-01 7.220070036948e-01 7.256157136567e-01 7.291319327901e-01 7.325591718984e-01 7.359007663193e-01 7.391598867513e-01 7.423395492885e-01 7.454426247306e-01 7.484718472276e-01 7.514298223148e-01 7.543190343879e-01 7.571418536616e-01 7.599005426554e-01 7.625972622409e-01 7.652340772875e-01 7.678129619347e-01 7.703358045214e-01 7.728044121973e-01 7.752205152399e-01 7.775857710988e-01 7.799017681876e-01 7.821700294412e-01 7.843920156554e-01 7.865691286241e-01 7.887027140885e-01 7.907940645111e-01 7.928444216861e-01 7.948549791990e-01 7.968268847427e-01 7.987612423028e-01 8.006591142184e-01 8.025215231275e-01 8.043494538046e-01 8.061438548967e-01 8.079056405654e-01 8.096356920394e-01 8.113348590848e-01 8.130039613961e-01 8.146437899153e-01 8.162551080817e-01 8.178386530164e-01 8.193951366474e-01 8.209252467763e-01 8.224296480920e-01 8.239089831334e-01 8.253638732041e-01 8.267949192431e-01
1.000000000000e-12 1.000000000000e-12 1.000000000000e-12 1.202306153002e-12 3.525109820952e-11 6.061546676255e-10 7.035340751500e-09 6.033442667822e-08 4.065260425554e-07 2.247203130561e-06 1.051437318393e-05 4.259673470639e-05 1.518799202405e-04 4.819125256294e-04 1.369678424755e-03 3.495803140158e-03 8.007490514376e-03 1.643054248957e-02 3.019134002925e-02 4.988922458646e-02 7.487308895345e-02 1.035243408552e-01 1.339724869758e-01 1.646744383303e-01 1.946154443872e-01 2.232445938670e-01 2.503265869724e-01 2.758103646271e-01 2.997405631487e-01 3.222055627945e-01 3.433095326276e-01 3.631583808972e-01 3.818532188300e-01 3.994876988053e-01 4.161472710947e-01 4.319093439763e-01 4.468438334226e-01 4.610138487503e-01 4.744763933692e-01 4.872830265748e-01 4.994804654071e-01 5.111111215550e-01 5.222135756199e-01 5.328229940860e-01 5.429714952807e-01 5.526884705611e-01 5.620008664832e-01 5.709334330897e-01 5.795089428024e-01 5.877483838063e-01 5.956711312711e-01 6.032950992829e-01 6.106368759569e-01 6.177118438496e-01 6.245342874975e-01 6.311174896546e-01 6.374738175879e-01 6.436148006070e-01 6.495511998480e-01 6.552930711995e-01 6.608498221437e-01 6.662302631876e-01 6.714426544760e-01 6.764947481039e-01 6.813938265846e-01 6.861467378758e-01 6.907599273151e-01 6.952394667814e-01 6.995910813574e-01 7.038201737401e-01 7.079318466181e-01 7.119309232102e-01 7.158219661406e-01 7.196092948033e-01 7.232970013571e-01 7.268889654748e-01 7.303888679581e-01 7.338002033190e-01 7.371262914176e-01 7.403702882393e-01 7.435351958824e-01 7.466238718248e-01 7.496390375290e-01 7.525832864397e-01 7.554590914239e-01 7.582688116976e-01 7.610146992813e-01 7.636989050193e-01 7.663234841992e-01 7.688904017997e-01 7.714015373971e-01 7.738586897551e-01 7.762635811222e-01 7.786178612566e-01 7.809231112011e-01 7.831808468237e-01 7.853925221413e-01 7.875595324432e-01 7.896832172256e-01 7.917648629534e-01 7.938057056587e-01 7.958069333880e-01 7.977696885085e-01 7.996950698831e-01 8.015841349209e-01 8.034379015147e-01 8.052573498691e-01 8.070434242290e-01 8.087970345141e-01 8.105190578637e-01 8.122103401007e-01 8.138716971158e-01 8.155039161809e-01 8.171077571925e-01 8.186839538512e-01 8.202332147814e-01 8.217562245930e-01 8.232536448904e-01 8.247261152309e-01 8.261742540352e-01 8.275986594535e-01
1.000000000000e-12 1.000000000000e-12 1.000000000000e-12 1.312538214935e-12 3.846716596567e-11 6.611438206733e-10 7.669391745593e-09 6.573015765527e-08 4.425487576241e-07 2.444121489535e-06 1.142310907740e-05 4.621456997994e-05 1.644900334408e-04 5.207303063803e-04 1.475533746386e-03 3.750960978472e-03 8.547794792202e-03 1.742864267650e-02 3.179555513200e-02 5.214750376072e-02 7.770599036572e-02 1.067696247145e-01 1.374557810505e-01 1.682556007542e-01 1.982005146016e-01 2.267782433003e-01 2.537797618560e-01 2.791699171440e-01 3.030022799469e-01 3.253699661918e-01 3.463795045773e-01 3.661378699849e-01 3.847465569783e-01 4.022992508867e-01 4.188812629520e-01 4.345697847421e-01 4.494344869584e-01 4.635382301143e-01 4.769377775313e-01 4.896844626437e-01 5.018247928550e-01 5.134009866487e-01 5.244514471830e-01 5.350111782016e-01 5.451121488006e-01 5.547836134163e-01 5.640523928540e-01 5.729431215214e-01 5.814784653619e-01 5.896793143723e-01 5.975649530474e-01 6.051532116156e-01 6.124606005275e-01 6.195024303112e-01 6.262929186103e-01 6.328452859736e-01 6.391718417479e-01 6.452840612451e-01 6.511926552007e-01 6.569076324048e-01 6.624383562777e-01 6.677935960600e-01 6.729815732078e-01 6.780100035066e-01 6.828861353601e-01 6.876167846509e-01 6.922083665280e-01 6.966669244304e-01 7.009981566254e-01 7.052074405045e-01 7.092998548559e-01 7.132802003075e-01 7.171530181125e-01 7.209226074334e-01 7.245930412622e-01 7.281681810996e-01 7.316516905070e-01 7.350470476285e-01 7.383575567746e-01 7.415863591483e-01 7.447364427865e-01 7.478106517831e-01 7.508116948537e-01 7.537421532956e-01 7.566044883931e-01 7.594010483122e-01 7.621340745250e-01 7.648057078018e-01 7.674179938032e-01 7.699728883043e-01 7.724722620777e-01 7.749179054622e-01 7.773115326391e-01 7.796547856397e-01 7.819492381013e-01 7.841963987916e-01 7.863977149173e-01 7.885545752322e-01 7.906683129586e-01 7.927402085358e-01 7.947714922063e-01 7.967633464520e-01 7.987169082896e-01 8.006332714348e-01 8.025134883442e-01 8.043585721428e-01 8.061694984439e-01 8.079472070700e-01 8.096926036786e-01 8.114065613008e-01 8.130899217975e-01 8.147434972382e-01 8.163680712071e-01 8.179644000415e-01 8.195332140055e-01 8.210752184043e-01 8.225910946412e-01 8.240815012219e-01 8.255470747079e-01 8.269884306234e-01 8.284061643169e-01
1.000000000000e-12 1.000000000000e-12 1.000000000000e-12 1.434055343813e-12 4.201086493574e-11 7.217029942203e-10 8.367238073652e-09 7.166445588685e-08 4.821323133123e-07 2.660272890317e-06 1.241926001693e-05 5.017356931969e-05 1.782578350964e-04 5.629812486709e-04 1.590265049357e-03 4.025925410699e-03 9.125640766191e-03 1.848615455305e-02 3.347750070152e-02 5.449038356715e-02 8.061752063582e-02 1.100800162651e-01 1.409895708593e-01 1.718752553621e-01 2.018155383040e-01 2.303362133130e-01 2.572536512378e-01 2.825478663438e-01 3.062808568259e-01 3.285501579056e-01 3.494644699559e-01 3.691317254340e-01 3.876537394620e-01 4.051241940563e-01 4.216282402156e-01 4.372428401198e-01 4.520374113910e-01 4.660745607387e-01 4.794108080439e-01 4.920972585134e-01 5.041802081560e-01 5.157016808793e-01 5.266999012833e-01 5.372097094345e-01 5.472629243897e-01 5.568886629532e-01 5.661136195453e-01 5.749623123673e-01 5.834573003644e-01 5.916193748711e-01 5.994677292721e-01 6.070201095369e-01 6.142929480819e-01 6.213014830641e-01 6.280598649169e-01 6.345812516890e-01 6.408778945322e-01 6.469612145057e-01 6.528418717052e-01 6.585298275997e-01 6.640344013390e-01 6.693643207023e-01 6.745277682738e-01 6.795324233581e-01 6.843855000876e-01 6.890937821186e-01 6.936636542681e-01 6.981011314013e-01 7.024118848429e-01 7.066012665595e-01 7.106743313261e-01 7.146358570723e-01 7.184903635796e-01 7.222421296835e-01 7.258952091180e-01 7.294534451264e-01 7.329204839479e-01 7.362997872816e-01 7.395946438145e-01 7.428081798976e-01 7.459433694400e-01 7.490030430881e-01 7.519898967502e-01 7.549064995191e-01 7.577553010415e-01 7.605386383810e-01 7.632587424116e-01 7.659177437818e-01 7.685176784800e-01 7.710604930340e-01 7.735480493712e-01 7.759821293651e-01 7.783644390925e-01 7.806966128206e-01 7.829802167464e-01 7.852167525039e-01 7.874076604573e-01 7.895543227939e-01 7.916580664326e-01 7.937201657583e-01 7.957418451968e-01 7.977242816392e-01 7.996686067261e-01 8.015759090019e-01 8.034472359471e-01 8.052835958963e-01 8.070859598502e-01 8.088552631875e-01 8.105924072836e-01 8.122982610418e-01 8.139736623426e-01 8.156194194159e-01 8.172363121410e-01 8.188250932790e-01 8.203864896414e-01 8.219212031984e-01 8.234299121317e-01 8.249132718332e-01 8.263719158550e-01 8.278064568107e-01 8.292174872340e-01
1.000000000000e-12 1.000000000000e-12 1.000000000000e-12 1.568135904332e-12 4.591912655219e-11 7.884564353256e-10 9.135980417999e-09 7.819676902975e-08 5.256657389573e-07 2.897731425626e-06 1.351209432730e-05 5.450908618747e-05 1.932994952347e-04 6.089940687052e-04 1.714664246381e-03 4.322282271739e-03 9.743572655383e-03 1.960619488036e-02 3.523991978386e-02 5.691941316793e-02 8.360797764253e-02 1.134550883742e-01 1.445732545022e-01 1.755329225114e-01 2.054602363578e-01 2.339183999153e-01 2.607482748173e-01 2.859443100098e-01 3.095764372577e-01 3.317463063139e-01 3.525646094354e-01 3.721401328151e-01 3.905749525201e-01 4.079627128615e-01 4.243883844692e-01 4.399286880834e-01 4.546527807957e-01 4.686230107151e-01 4.818956510420e-01 4.945215764511e-01 5.065468698302e-01 5.180133591541e-01 5.289590893556e-01 5.394187358861e-01 5.494239669509e-01 5.590037610060e-01 5.681846854468e-01 5.769911416896e-01 5.854455811564e-01 5.935686960387e-01 6.013795881700e-01 6.088959188550e-01 6.161340421008e-01 6.231091233459e-01 6.298352454917e-01 6.363255037874e-01 6.425920909121e-01 6.486463734123e-01 6.544989605024e-01 6.601597661042e-01 6.656380648855e-01 6.709425429660e-01 6.760813438726e-01 6.810621102548e-01 6.858920218099e-01 6.905778298140e-01 6.951258886079e-01 6.995421843457e-01 7.038323612817e-01 7.080017458358e-01 7.120553686551e-01 7.159979848628e-01 7.198340926661e-01 7.235679504765e-01 7.272035926783e-01 7.307448441696e-01 7.341953337855e-01 7.375585067008e-01 7.408376359052e-01 7.440358328264e-01 7.471560571781e-01 7.502011260953e-01 7.531737226181e-01 7.560764035758e-01 7.589116069227e-01 7.616816585665e-01 7.643887787329e-01 7.670350879000e-01 7.696226123378e-01 7.721532892829e-01 7.746289717750e-01 7.770514331824e-01 7.794223714380e-01 7.817434130084e-01 7.840161166145e-01 7.862419767228e-01 7.884224268219e-01 7.905588425018e-01 7.926525443473e-01 7.947048006606e-01 7.967168300229e-01 7.986898037075e-01 8.006248479534e-01 8.025230461091e-01 8.043854406550e-01 8.062130351129e-01 8.080067958484e-01 8.097676537755e-01 8.114965059670e-01 8.131942171787e-01 8.148616212916e-01 8.164995226777e-01 8.181086974937e-01 8.196898949076e-01 8.212438382614e-01 8.227712261749e-01 8.242727335924e-01 8.257490127777e-01 8.272006942584e-01 8.286283877241e-01 8.300326828802e-01
1.000000000000e-12 1.000000000000e-12 1.000000000000e-12 1.716217291131e-12 5.023345386885e-11 8.621052120651e-10 9.983587119982e-09 8.539374594744e-08 5.735846759384e-07 3.158816197707e-06 1.471195452278e-05 5.926046349813e-05 2.097437887638e-04 6.591310599065e-04 1.849596667589e-03 4.641742413262e-03 1.040428503368e-02 2.079198080643e-02 3.708554423477e-02 5.943604581671e-02 8.667755911839e-02 1.168943578985e-01 1.482062168212e-01 1.792281322076e-01 2.091343464365e-01 2.375247155502e-01 2.642636660520e-01 2.893593569590e-01 3.128891736244e-01 3.349585872086e-01 3.556801100876e-01 3.751632834132e-01 3.935103876350e-01 4.108149967584e-01 4.271618819554e-01 4.426275110703e-01 4.572807735518e-01 4.711837543021e-01 4.843924767069e-01 4.969575826615e-01 5.089249402348e-01 5.203361801251e-01 5.312291664915e-01 5.416384092314e-01 5.515954248819e-01 5.611290528290e-01 5.702657327961e-01 5.790297488304e-01 5.874434442983e-01 5.955274117619e-01 6.033006610565e-01 6.107807684103e-01 6.179840090405e-01 6.249254753157e-01 6.316191822782e-01 6.380781620748e-01 6.443145486291e-01 6.503396537122e-01 6.561640354118e-01 6.617975598729e-01 6.672494570670e-01 6.725283712536e-01 6.776424067138e-01 6.825991692653e-01 6.874058040045e-01 6.920690296712e-01 6.965951699828e-01 7.009901822446e-01 7.052596835093e-01 7.094089745273e-01 7.134430617015e-01 7.173666772387e-01 7.211842976681e-01 7.249001608784e-01 7.285182818111e-01 7.320424669309e-01 7.354763275844e-01 7.388232923432e-01 7.420866184233e-01 7.452694022576e-01 7.483745892960e-01 7.514049830969e-01 7.543632537699e-01 7.572519458224e-01 7.600734854591e-01 7.628301873788e-01 7.655242611070e-01 7.681578169027e-01 7.707328712706e-01 7.732513521112e-01 7.757151035340e-01 7.781258903606e-01 7.804854023412e-01 7.827952581040e-01 7.850570088579e-01 7.872721418671e-01 7.894420837118e-01 7.915682033526e-01 7.936518150100e-01 7.956941808738e-01 7.976965136527e-01 7.996599789750e-01 8.015856976522e-01 8.034747478117e-01 8.053281669100e-01 8.071469536325e-01 8.089320696876e-01 8.106844415030e-01 8.124049618282e-01 8.140944912516e-01 8.157538596352e-01 8.173838674747e-01 8.189852871862e-01 8.205588643272e-01 8.221053187539e-01 8.236253457189e-01 8.251196169140e-01 8.265887814593e-01 8.280334668440e-01 8.294542798192e-01 8.308518072485e-01
1.000000000000e-12 1.000000000000e-12 1.000000000000e-12 1.879917516633e-12 5.500053905726e-11 9.434375279864e-10 1.091900982911e-08 9.333018783165e-08 6.263774624054e-07 3.446122807662e-06 1.603039241417e-05 6.447151981189e-05 2.277335585059e-04 7.137916903902e-04 1.996007894232e-03 4.986150530046e-03 1.111062777803e-02 2.204682480291e-02 3.901708303067e-02 6.204163085740e-02 8.982636227227e-02 1.203972891413e-01 1.518878327169e-01 1.829604260580e-01 2.128376239101e-01 2.411550894350e-01 2.677998722907e-01 2.927931271238e-01 3.162192273055e-01 3.381871839007e-01 3.588111655052e-01 3.782013743608e-01 3.964602416728e-01 4.136812402542e-01 4.299489237192e-01 4.453394961239e-01 4.599215724825e-01 4.737569700633e-01 4.869014594023e-01 4.994054474199e-01 5.113145856945e-01 5.226703063151e-01 5.335102915633e-01 5.438688848405e-01 5.537774501945e-01 5.632646872128e-01 5.723569072934e-01 5.810782765230e-01 5.894510296738e-01 5.974956591854e-01 6.052310824421e-01 6.126747901779e-01 6.198429784348e-01 6.267506661538e-01 6.334118001874e-01 6.398393492720e-01 6.460453882897e-01 6.520411739690e-01 6.578372130220e-01 6.634433235843e-01 6.688686907135e-01 6.741219166050e-01 6.792110661033e-01 6.841437080148e-01 6.889269526668e-01 6.935674861044e-01 6.980716012724e-01 7.024452264869e-01 7.066939514669e-01 7.108230511683e-01 7.148375076318e-01 7.187420300363e-01 7.225410731272e-01 7.262388541709e-01 7.298393685712e-01 7.333464042701e-01 7.367635550402e-01 7.400942327693e-01 7.433416788229e-01 7.465089745662e-01 7.495990511157e-01 7.526146983873e-01 7.555585734971e-01 7.584332085705e-01 7.612410180059e-01 7.639843052381e-01 7.666652690407e-01 7.692860094036e-01 7.718485330190e-01 7.743547584057e-01 7.768065206993e-01 7.792055761335e-01 7.815536062359e-01 7.838522217579e-01 7.861029663602e-01 7.883073200693e-01 7.904667025236e-01 7.925824760220e-01 7.946559483898e-01 7.966883756747e-01 7.986809646838e-01 8.006348753737e-01 8.025512231014e-01 8.044310807482e-01 8.062754807220e-01 8.080854168482e-01 8.098618461557e-01 8.116056905637e-01 8.133178384776e-01 8.149991462978e-01 8.166504398482e-01 8.182725157290e-01 8.198661425976e-01 8.214320623835e-01 8.229709914398e-01 8.244836216360e-01 8.259706213953e-01 8.274326366790e-01 8.288702919227e-01 8.302841909252e-01 8.316749176940e-01
1.000000000000e-12 1.000000000000e-12 1.000000000000e-12 2.061059979285e-12 6.027297141757e-11 1.033340539283e-09 1.195231587428e-08 1.020901355353e-07 6.845920785032e-07 3.762559221998e-06 1.748032253762e-05 7.019109901240e-05 2.474273577822e-04 7.734165957044e-04 2.154931191792e-03 5.357494382176e-03 1.186561052254e-02 2.337412837003e-02 4.103720991684e-02 6.473740613863e-02 9.305438407457e-02 1.239632976162e-01 1.556174704802e-01 1.867293591570e-01 2.165698426760e-01 2.448094678758e-01 2.713569548993e-01 2.962457516358e-01 3.195667687700e-01 3.414322873330e-01 3.619579759321e-01 3.812546087797e-01 3.994247170301e-01 4.165616430573e-01 4.327497057579e-01 4.480648350431e-01 4.625753650023e-01 4.763428410118e-01 4.894227778148e-01 5.018653452101e-01 5.137159766369e-01 5.250159042511e-01 5.358026273539e-01 5.461103219060e-01 5.559701986386e-01 5.654108166060e-01 5.744583582202e-01 5.831368710089e-01 5.914684806046e-01 5.994735788246e-01 6.071709901429e-01 6.145781193762e-01 6.217110829999e-01 6.285848261655e-01 6.352132271995e-01 6.416091911157e-01 6.477847334639e-01 6.537510556596e-01 6.595186127864e-01 6.650971747348e-01 6.704958814273e-01 6.757232927886e-01 6.807874340328e-01 6.856958367731e-01 6.904555763966e-01 6.950733060931e-01 6.995552878840e-01 7.039074209532e-01 7.081352675519e-01 7.122440767146e-01 7.162388060001e-01 7.201241414464e-01 7.239045159081e-01 7.275841259277e-01 7.311669472756e-01 7.346567492795e-01 7.380571080524e-01 7.413714187158e-01 7.446029067070e-01 7.477546382492e-01 7.508295300555e-01 7.538303583319e-01 7.567597671374e-01 7.596202761545e-01 7.624142879170e-01 7.651440945407e-01 7.678118839943e-01 7.704197459482e-01 7.729696772338e-01 7.754635869421e-01 7.779033011908e-01 7.802905675835e-01 7.826270593846e-01 7.849143794303e-01 7.871540637956e-01 7.893475852342e-01 7.914963564083e-01 7.936017329224e-01 7.956650161751e-01 7.976874560419e-01 7.996702533996e-01 8.016145625046e-01 8.035214932332e-01 8.053921131944e-01 8.072274497227e-01 8.090284917602e-01 8.107961916325e-01 8.125314667287e-01 8.142352010883e-01 8.159082469036e-01 8.175514259403e-01 8.191655308840e-01 8.207513266150e-01 8.223095514168e-01 8.238409181223e-01 8.253461152014e-01 8.268258077923e-01 8.282806386823e-01 8.297112292383e-01 8.311181802920e-01 8.325020729813e-01
1.000000000000e-12 1.000000000000e-12 1.000000000000e-12 2.261701918312e-12 6.611005023527e-11 1.132813911132e-09 1.309483996758e-08 1.117681141663e-07 7.488440832740e-07 4.111386671045e-06 1.907619656814e-05 7.647369228173e-05 2.690012955277e-04 8.384920098097e-04 2.327495584081e-03 5.757914384411e-03 1.267240649096e-02 2.477737442779e-02 4.314855047106e-02 6.752449094470e-02 9.636152221936e-02 1.275917540923e-01 1.593944951218e-01 1.905345018977e-01 2.203307959347e-01 2.484878145564e-01 2.749349893810e-01 2.997173729139e-01 3.229319776782e-01 3.446940962020e-01 3.651207484014e-01 3.843231959297e-01 4.024040217901e-01 4.194564102355e-01 4.355644291793e-01 4.508037245378e-01 4.652423432706e-01 4.789415547614e-01 4.919566151030e-01 5.043374548696e-01 5.161292877339e-01 5.273731446019e-01 5.381063406918e-01 5.483628835745e-01 5.581738298317e-01 5.675675972420e-01 5.765702385636e-01 5.852056821593e-01 5.934959439692e-01 6.014613146817e-01 6.091205253951e-01 6.164908945791e-01 6.235884587458e-01 6.304280888897e-01 6.370235944704e-01 6.433878164622e-01 6.495327107880e-01 6.554694232753e-01 6.612083571229e-01 6.667592337364e-01 6.721311476795e-01 6.773326163961e-01 6.823716252731e-01 6.872556685461e-01 6.919917864885e-01 6.965865992719e-01 7.010463378404e-01 7.053768721016e-01 7.095837367022e-01 7.136721546268e-01 7.176470588310e-01 7.215131120967e-01 7.252747252791e-01 7.289360740941e-01 7.325011145813e-01 7.359735973617e-01 7.393570808009e-01 7.426549431708e-01 7.458703939018e-01 7.490064839999e-01 7.520661157031e-01 7.550520514395e-01 7.579669221464e-01 7.608132350013e-01 7.635933806149e-01 7.663096397275e-01 7.689641894495e-01 7.715591090806e-01 7.740963855423e-01 7.765779184510e-01 7.790055248619e-01 7.813809437056e-01 7.837058399424e-01 7.859818084538e-01 7.882103776915e-01 7.903930131005e-01 7.925311203320e-01 7.946260482629e-01 7.966790918333e-01 7.986914947157e-01 8.006644518272e-01 8.025991116960e-01 8.044965786901e-01 8.063579151202e-01 8.081841432225e-01 8.099762470309e-01 8.117351741450e-01 8.134618374009e-01 8.151571164510e-01 8.168218592581e-01 8.184568835098e-01 8.200629779577e-01 8.216409036861e-01 8.231913953146e-01 8.247151621385e-01 8.262128892107e-01 8.276852383688e-01 8.291328492097e-01 8.305563400169e-01 8.319563086403e-01 8.333333333333e-01
1.000000000000e-12 1.000000000000e-12 1.000000000000e-12 2.484167147758e-12 7.257871925540e-11 1.242985389641e-09 1.435935828941e-08 1.224705594881e-07 8.198256958823e-07 4.496266338716e-06 2.083420179291e-05 8.338014247240e-05 2.926511099216e-04 9.095546815614e-04 2.514934610150e-03 6.189713522333e-03 1.353435556642e-02 2.626011832109e-02 4.535366867857e-02 7.040387954366e-02 9.974757677027e-02 1.312819888888e-01 1.632182716796e-01 1.943754417046e-01 2.241202969118e-01 2.521901108052e-01 2.785340654921e-01 3.032081447568e-01 3.263150429900e-01 3.479728170884e-01 3.682996968838e-01 3.874073513677e-01 4.053983698862e-01 4.223657523813e-01 4.383933003668e-01 4.535563663933e-01 4.679227043530e-01 4.815533036843e-01 4.945031590511e-01 5.068219597408e-01 5.185546980497e-01 5.297422023234e-01 5.404216025932e-01 5.506267370862e-01 5.603885073946e-01 5.697351892718e-01 5.786927051464e-01 5.872848636027e-01 5.955335703281e-01 6.034590143689e-01 6.110798329749e-01 6.184132578338e-01 6.254752450914e-01 6.322805912125e-01 6.388430364436e-01 6.451753573981e-01 6.512894500725e-01 6.571964044277e-01 6.629065715175e-01 6.684296240191e-01 6.737746109103e-01 6.789500069411e-01 6.839637574715e-01 6.888233191722e-01 6.935356970268e-01 6.981074780231e-01 7.025448618722e-01 7.068536890585e-01 7.110394664861e-01 7.151073909590e-01 7.190623707061e-01 7.229090451367e-01 7.266518029966e-01 7.302947990706e-01 7.338419695681e-01 7.372970463103e-01 7.406635698259e-01 7.439449014534e-01 7.471442345354e-01 7.502646047846e-01 7.533088998914e-01 7.562798684372e-01 7.591801281714e-01 7.620121737041e-01 7.647783836629e-01 7.674810273560e-01 7.701222709805e-01 7.727041834138e-01 7.752287416176e-01 7.776978356865e-01 7.801132735677e-01 7.824767854750e-01 7.847900280231e-01 7.870545880992e-01 7.892719864935e-01 7.914436813052e-01 7.935710711397e-01 7.956554981126e-01 7.976982506730e-01 7.997005662594e-01 8.016636337993e-01 8.035885960638e-01 8.054765518853e-01 8.073285582495e-01 8.091456322686e-01 8.109287530439e-01 8.126788634252e-01 8.143968716729e-01 8.160836530302e-01 8.177400512093e-01 8.193668797991e-01 8.209649235976e-01 8.225349398740e-01 8.240776595656e-01 8.255937884125e-01 8.270840080336e-01 8.285489769489e-01 8.299893315495e-01 8.314056870195e-01 8.327986382120e-01 8.341687604822e-01
1.000000000000e-12 1.000000000000e-12 1.000000000000e-12 2.731083765136e-12 7.975464243258e-11 1.365128713136e-09 1.576028852055e-08 1.343174547875e-07 8.983161990262e-07 4.921312725832e-06 2.277248719978e-05 9.097844246165e-05 3.185944999212e-04 9.871973285605e-04 2.718595805217e-03 6.655367541307e-03 1.445496644445e-02 2.782597737830e-02 4.765505313113e-02 7.337643545058e-02 1.032122524892e-01 1.350332963892e-01 1.670881684866e-01 1.982517846839e-01 2.279381795280e-01 2.559163558399e-01 2.821542873562e-01 3.067182324419e-01 3.297161630830e-01 3.512686645977e-01 3.714950424445e-01 3.905072971149e-01 4.084079812750e-01 4.252898857869e-01 4.412365311535e-01 4.563229676413e-01 4.706166503895e-01 4.841782850764e-01 4.970626022314e-01 5.093190478292e-01 5.209923911957e-01 5.321232568100e-01 5.427485884097e-01 5.529020539190e-01 5.626143990930e-01 5.719137569027e-01 5.808259187628e-01 5.893745728577e-01 5.975815140541e-01 6.054668292357e-01 6.130490613246e-01 6.203453547841e-01 6.273715849858e-01 6.341424734856e-01 6.406716909662e-01 6.469719493536e-01 6.530550844143e-01 6.589321299592e-01 6.646133846330e-01 6.701084721380e-01 6.754263956347e-01 6.805755869632e-01 6.855639512540e-01 6.903989074225e-01 6.950874249839e-01 6.996360575741e-01 7.040509735131e-01 7.083379837132e-01 7.125025671952e-01 7.165498944501e-01 7.204848488547e-01 7.243120463278e-01 7.280358533934e-01 7.316604037991e-01 7.351896138244e-01 7.386271963947e-01 7.419766741122e-01 7.452413912956e-01 7.484245251186e-01 7.515290959233e-01 7.545579767787e-01 7.575139023491e-01 7.603994771295e-01 7.632171830990e-01 7.659693868415e-01 7.686583461748e-01 7.712862163279e-01 7.738550557029e-01 7.763668312513e-01 7.788234234978e-01 7.812266312352e-01 7.835781759167e-01 7.858797057691e-01 7.881327996445e-01 7.903389706330e-01 7.924996694510e-01 7.946162876222e-01 7.966901604667e-01 7.987225699096e-01 8.007147471241e-01 8.026678750177e-01 8.045830905752e-01 8.064614870653e-01 8.083041161218e-01 8.101119897069e-01 8.118860819646e-01 8.136273309706e-01 8.153366403865e-01 8.170148810238e-01 8.186628923228e-01 8.202814837529e-01 8.218714361383e-01 8.234335029142e-01 8.249684113167e-01 8.264768635125e-01 8.279595376693e-01 8.294170889728e-01 8.308501505919e-01 8.322593345957e-01 8.336452328255e-01 8.350084177231e-01
1.000000000000e-12 1.000000000000e-12 1.000000000000e-12 3.005427651543e-12 8.772344403353e-11 1.500684242421e-09 1.731391999764e-08 1.474442117288e-07 9.851938720714e-07 5.391154713119e-06 2.491142129552e-05 9.934464078605e-05 3.470737479227e-04 1.072074685139e-03 2.939950945349e-03 7.157535338462e-03 1.543791770268e-02 2.947861897828e-02 5.005510298021e-02 7.644288649981e-02 1.067551618391e-01 1.388449397406e-01 1.710035603837e-01 2.021631571886e-01 2.317842990170e-01 2.596665669942e-01 2.857957735758e-01 3.102478128307e-01 3.331355458805e-01 3.545818615114e-01 3.747070134112e-01 3.936232618347e-01 4.114330821182e-01 4.282290326268e-01 4.440943390038e-01 4.591037407400e-01 4.733243887718e-01 4.868167013307e-01 4.996351421735e-01 5.118289119691e-01 5.234425554927e-01 5.345164920524e-01 5.450874779833e-01 5.551890099400e-01 5.648516769861e-01 5.741034685435e-01 5.829700443208e-01 5.914749714724e-01 5.996399334691e-01 6.074849145030e-01 6.150283626828e-01 6.222873347991e-01 6.292776250338e-01 6.360138796505e-01 6.425096994111e-01 6.487777312231e-01 6.548297503144e-01 6.606767340588e-01 6.663289284233e-01 6.717959078848e-01 6.770866295522e-01 6.822094821362e-01 6.871723303318e-01 6.919825551059e-01 6.966470903241e-01 7.011724560996e-01 7.055647892009e-01 7.098298708167e-01 7.139731519419e-01 7.179997766201e-01 7.219146032489e-01 7.257222241361e-01 7.294269834704e-01 7.330329938549e-01 7.365441515366e-01 7.399641504491e-01 7.432964951759e-01 7.465445129291e-01 7.497113646310e-01 7.528000551740e-01 7.558134429311e-01 7.587542485785e-01 7.616250632888e-01 7.644283563455e-01 7.671664822272e-01 7.698416872026e-01 7.724561154765e-01 7.750118149219e-01 7.775107424294e-01 7.799547689043e-01 7.823456839383e-01 7.846852001794e-01 7.869749574233e-01 7.892165264463e-01 7.914114125988e-01 7.935610591763e-01 7.956668505852e-01 7.977301153148e-01 7.997521287334e-01 8.017341157162e-01 8.036772531204e-01 8.055826721146e-01 8.074514603754e-01 8.092846641576e-01 8.110832902469e-01 8.128483078044e-01 8.145806501074e-01 8.162812161953e-01 8.179508724252e-01 8.195904539436e-01 8.212007660793e-01 8.227825856627e-01 8.243366622747e-01 8.258637194319e-01 8.273644557091e-01 8.288395458051e-01 8.302896415543e-01 8.317153728869e-01 8.331173487411e-01 8.344961579309e-01 8.358523699701e-01
1.000000000000e-12 1.000000000000e-12 1.000000000000e-12 3.310572724485e-12 9.658214022545e-11 1.651282755971e-09 1.903867889174e-08 1.620038344479e-07 1.081449696409e-06 5.911005518864e-06 2.727388642111e-05 1.085638698303e-04 3.783586711064e-04 1.164910206410e-03 3.180607092850e-03 7.699069469892e-03 1.648705760912e-02 3.122174709994e-02 5.255611379069e-02 7.960382081400e-02 1.103758286434e-01 1.427161557041e-01 1.749638318599e-01 2.061092072963e-01 2.356585324958e-01 2.634407799276e-01 2.894586573460e-01 3.137970744822e-01 3.365734089899e-01 3.579126389489e-01 3.779358455527e-01 3.967554810207e-01 4.144739049748e-01 4.311834211509e-01 4.469669472052e-01 4.618989037622e-01 4.760461323277e-01 4.894687601182e-01 5.022209815417e-01 5.143517499973e-01 5.259053841400e-01 5.369220968043e-01 5.474384558085e-01 5.574877855648e-01 5.671005175814e-01 5.763044969562e-01 5.851252509906e-01 5.935862251704e-01 6.017089909862e-01 6.095134294031e-01 6.170178932228e-01 6.242393511076e-01 6.311935156292e-01 6.378949573684e-01 6.443572068046e-01 6.505928454902e-01 6.566135878015e-01 6.624303543830e-01 6.680533382520e-01 6.734920644054e-01 6.787554436624e-01 6.838518213813e-01 6.887890216128e-01 6.935743871790e-01 6.982148161116e-01 7.027167948280e-01 7.070864283820e-01 7.113294680852e-01 7.154513367618e-01 7.194571518711e-01 7.233517467024e-01 7.271396898307e-01 7.308253029938e-01 7.344126775410e-01 7.379056895836e-01 7.413080139648e-01 7.446231371566e-01 7.478543691760e-01 7.510048546097e-01 7.540775828208e-01 7.570753974103e-01 7.600010049940e-01 7.628569833532e-01 7.656457890104e-01 7.683697642760e-01 7.710311438101e-01 7.736320607363e-01 7.761745523443e-01 7.786605654112e-01 7.810919611738e-01 7.834705199750e-01 7.857979456120e-01 7.880758694060e-01 7.903058540154e-01 7.924893970110e-01 7.946279342295e-01 7.967228429226e-01 7.987754447140e-01 8.007870083809e-01 8.027587524684e-01 8.046918477515e-01 8.065874195532e-01 8.084465499290e-01 8.102702797263e-01 8.120596105281e-01 8.138155064868e-01 8.155388960565e-01 8.172306736304e-01 8.188917010881e-01 8.205228092603e-01 8.221247993138e-01 8.236984440642e-01 8.252444892188e-01 8.267636545549e-01 8.282566350371e-01 8.297241018775e-01 8.311667035417e-01 8.325850667043e-01 8.339797971567e-01 8.353514806699e-01 8.367006838145e-01
1.000000000000e-12 1.000000000000e-12 1.000000000000e-12 3.650349076341e-12 1.064407941038e-10 1.818772934658e-09 2.095543416649e-08 1.781694129298e-07 1.188203116800e-06 6.486742944731e-06 2.988561509344e-05 1.187315141251e-04 4.127499438936e-04 1.266503495719e-03 3.442318475098e-03 8.283026664818e-03 1.760640248178e-02 3.305908735075e-02 5.516026345637e-02 8.285968374915e-02 1.140736923786e-01 1.466461596191e-01 1.789683801075e-01 2.100896061979e-01 2.395607794883e-01 2.672390488209e-01 2.931430865701e-01 3.173662177758e-01 3.400299798523e-01 3.612612365416e-01 3.811817822683e-01 3.999041971947e-01 4.175306890036e-01 4.341532858873e-01 4.498545850687e-01 4.647086805938e-01 4.787820995155e-01 4.921346745782e-01 5.048203283209e-01 5.168877649344e-01 5.283810753934e-01 5.393402647551e-01 5.498017112019e-01 5.597985659226e-01 5.693611019973e-01 5.785170194155e-01 5.872917123607e-01 5.957085040028e-01 6.037888532601e-01 6.115525373263e-01 6.190178131956e-01 6.262015609397e-01 6.331194110925e-01 6.397858581562e-01 6.462143619597e-01 6.524174383588e-01 6.584067405601e-01 6.641931321826e-01 6.697867530171e-01 6.751970783222e-01 6.804329723853e-01 6.855027369861e-01 6.904141553186e-01 6.951745318611e-01 6.997907286241e-01 7.042691981532e-01 7.086160136219e-01 7.128368963087e-01 7.169372407200e-01 7.209221375919e-01 7.247963949746e-01 7.285645575859e-01 7.322309245958e-01 7.357995659887e-01 7.392743376348e-01 7.426588951878e-01 7.459567069130e-01 7.491710655429e-01 7.523050992430e-01 7.553617817664e-01 7.583439418646e-01 7.612542720197e-01 7.640953365518e-01 7.668695791556e-01 7.695793299101e-01 7.722268118059e-01 7.748141468278e-01 7.773433616264e-01 7.798163928131e-01 7.822350919053e-01 7.846012299490e-01 7.869165018442e-01 7.891825303935e-01 7.914008700951e-01 7.935730106994e-01 7.957003805455e-01 7.977843496928e-01 7.998262328638e-01 8.018272922099e-01 8.037887399133e-01 8.057117406350e-01 8.075974138218e-01 8.094468358786e-01 8.112610422177e-01 8.130410291916e-01 8.147877559181e-01 8.165021460030e-01 8.181850891688e-01 8.198374427947e-01 8.214600333725e-01 8.230536578855e-01 8.246190851137e-01 8.261570568702e-01 8.276682891739e-01 8.291534733601e-01 8.306132771358e-01 8.320483455805e-01 8.334593020964e-01 8.348467493113e-01 8.362112699374e-01 8.375534275865e-01
1.000000000000e-12 1.000000000000e-12 1.000000000000e-12 4.029110335981e-12 1.174244318522e-10 2.005253154242e-09 2.308785109036e-08 1.961369997574e-07 1.306720191243e-06 7.125001536919e-06 3.277557479340e-05 1.299545389415e-04 4.505828394361e-04 1.377738528377e-03 3.726999223468e-03 8.912678215552e-03 1.880013340466e-02 3.499437049691e-02 5.786959835195e-02 8.621077588554e-02 1.178481130664e-01 1.506341504485e-01 1.830166179779e-01 2.141040494980e-01 2.434909624048e-01 2.710614465598e-01 2.968492239787e-01 3.209554550451e-01 3.435054959052e-01 3.646279026192e-01 3.844450747906e-01 4.030696601181e-01 4.206036801765e-01 4.371388678552e-01 4.527574881400e-01 4.675333011406e-01 4.815325146275e-01 4.948146635175e-01 5.074333960111e-01 5.194371651754e-01 5.308698327508e-01 5.417711947122e-01 5.521774384803e-01 5.621215410307e-01 5.716336161333e-01 5.807412178748e-01 5.894696066007e-01 5.978419825086e-01 6.058796913430e-01 6.136024059745e-01 6.210282870810e-01 6.281741256744e-01 6.350554698166e-01 6.416867375287e-01 6.480813176161e-01 6.542516598907e-01 6.602093560665e-01 6.659652124358e-01 6.715293152819e-01 6.769110898624e-01 6.821193536878e-01 6.871623647287e-01 6.920478651069e-01 6.967831207546e-01 7.013749574710e-01 7.058297937512e-01 7.101536707200e-01 7.143522794643e-01 7.184309860235e-01 7.223948542693e-01 7.262486668794e-01 7.299969445889e-01 7.336439638806e-01 7.371937732614e-01 7.406502082538e-01 7.440169052200e-01 7.472973141234e-01 7.504947103202e-01 7.536122054686e-01 7.566527576285e-01 7.596191806243e-01 7.625141527294e-01 7.653402247320e-01 7.680998274309e-01 7.707952786093e-01 7.734287895269e-01 7.760024709704e-01 7.785183388959e-01 7.809783196951e-01 7.833842551146e-01 7.857379068546e-01 7.880409608709e-01 7.902950314023e-01 7.925016647441e-01 7.946623427851e-01 7.967784863267e-01 7.988514581985e-01 8.008825661852e-01 8.028730657777e-01 8.048241627613e-01 8.067370156512e-01 8.086127379865e-01 8.104524004920e-01 8.122570331160e-01 8.140276269533e-01 8.157651360602e-01 8.174704791685e-01 8.191445413058e-01 8.207881753266e-01 8.224022033613e-01 8.239874181876e-01 8.255445845284e-01 8.270744402824e-01 8.285776976897e-01 8.300550444376e-01 8.315071447096e-01 8.329346401809e-01 8.343381509640e-01 8.357182765067e-01 8.370755964459e-01 8.384106714195e-01
1.000000000000e-12 1.000000000000e-12 1.000000000000e-12 4.451811835287e-12 1.296752645710e-10 2.213108315303e-09 2.546280028827e-08 2.161289338688e-07 1.438434519622e-06 7.833278565190e-06 3.597640866308e-05 1.423530024111e-04 4.922314442060e-04 1.499592750185e-03 4.036736990696e-03 9.591520086752e-03 2.007259110157e-02 3.703131454722e-02 6.068601990733e-02 8.965725212216e-02 1.216983767273e-01 1.546793158655e-01 1.871079768278e-01 2.181522584261e-01 2.474490269814e-01 2.749080649095e-01 3.005772472552e-01 3.245650107217e-01 3.470002047572e-01 3.680128944093e-01 3.877259823995e-01 4.062521270134e-01 4.236931315035e-01 4.401404147890e-01 4.556758984211e-01 4.703730015465e-01 4.842976080034e-01 4.975089516190e-01 5.100604038319e-01 5.220001646891e-01 5.333718651478e-01 5.442150907918e-01 5.545658371470e-01 5.644569059768e-01 5.739182508483e-01 5.829772791413e-01 5.916591166328e-01 5.999868398819e-01 6.079816808494e-01 6.156632075222e-01 6.230494837453e-01 6.301572109944e-01 6.370018544182e-01 6.435977551481e-01 6.499582305868e-01 6.560956641495e-01 6.620215857296e-01 6.677467439868e-01 6.732811714113e-01 6.786342429931e-01 6.838147292160e-01 6.888308440082e-01 6.936902882000e-01 6.984002889718e-01 7.029676357185e-01 7.073987127029e-01 7.116995288305e-01 7.158757448355e-01 7.199326981382e-01 7.238754256027e-01 7.277086843991e-01 7.314369711517e-01 7.350645395353e-01 7.385954164644e-01 7.420334170055e-01 7.453821581266e-01 7.486450713910e-01 7.518254146866e-01 7.549262830756e-01 7.579506188418e-01 7.609012208021e-01 7.637807529459e-01 7.665917524570e-01 7.693366371699e-01 7.720177125062e-01 7.746371779321e-01 7.771971329767e-01 7.796995828443e-01 7.821464436523e-01 7.845395473247e-01 7.868806461659e-01 7.891714171399e-01 7.914134658762e-01 7.936083304229e-01 7.957574847654e-01 7.978623421277e-01 7.999242580707e-01 8.019445334042e-01 8.039244169232e-01 8.058651079820e-01 8.077677589171e-01 8.096334773286e-01 8.114633282308e-01 8.132583360789e-01 8.150194866817e-01 8.167477290073e-01 8.184439768875e-01 8.201091106297e-01 8.217439785399e-01 8.233493983637e-01 8.249261586507e-01 8.264750200451e-01 8.279967165102e-01 8.294919564875e-01 8.309614239966e-01 8.324057796786e-01 8.338256617865e-01 8.352216871253e-01 8.365944519459e-01 8.379445327938e-01 8.392724873168e-01
1.000000000000e-12 1.000000000000e-12 1.000000000000e-12 4.924101454381e-12 1.433552684893e-10 2.445052573334e-09 2.811083176009e-08 2.383976863202e-07 1.584971409841e-06 8.620056047352e-06 3.952494079582e-05 1.560617779140e-04 5.381134066605e-04 1.633147134842e-03 4.373807454097e-03 1.032328255977e-02 2.142826876899e-02 3.917360547557e-02 6.361127179779e-02 9.319912191952e-02 1.256237013495e-01 1.587808373507e-01 1.912419092449e-01 2.222339809606e-01 2.514349426807e-01 2.787790146819e-01 3.043273491686e-01 3.281951214938e-01 3.505143643784e-01 3.714164782512e-01 3.910247726510e-01 4.094518627999e-01 4.267993032698e-01 4.431581813751e-01 4.586100646029e-01 4.732280244221e-01 4.870776162542e-01 5.002177696610e-01 5.127015769365e-01 5.245769832276e-01 5.358873871615e-01 5.466721626183e-01 5.569671120871e-01 5.668048611098e-01 5.762152021480e-01 5.852253950588e-01 5.938604303106e-01 6.021432601476e-01 6.100950021279e-01 6.177351187850e-01 6.250815766070e-01 6.321509870486e-01 6.389587318977e-01 6.455190749806e-01 6.518452619118e-01 6.579496093519e-01 6.638435850399e-01 6.695378796921e-01 6.750424717157e-01 6.803666855619e-01 6.855192444343e-01 6.905083179811e-01 6.953415655187e-01 7.000261752667e-01 7.045689000193e-01 7.089760896228e-01 7.132537205893e-01 7.174074231367e-01 7.214425059120e-01 7.253639786264e-01 7.291765728044e-01 7.328847608298e-01 7.364927734463e-01 7.400046158598e-01 7.434240825702e-01 7.467547710471e-01 7.500000943545e-01 7.531632928174e-01 7.562474448130e-01 7.592554767635e-01 7.621901723980e-01 7.650541813443e-01 7.678500271089e-01 7.705801144918e-01 7.732467364865e-01 7.758520807021e-01 7.783982353495e-01 7.808871948230e-01 7.833208649106e-01 7.857010676606e-01 7.880295459310e-01 7.903079676453e-01 7.925379297774e-01 7.947209620840e-01 7.968585306045e-01 7.989520409441e-01 8.010028413563e-01 8.030122256384e-01 8.049814358531e-01 8.069116648893e-01 8.088040588713e-01 8.106597194284e-01 8.124797058333e-01 8.142650370187e-01 8.160166934791e-01 8.177356190665e-01 8.194227226867e-01 8.210788799013e-01 8.227049344432e-01 8.243016996497e-01 8.258699598192e-01 8.274104714957e-01 8.289239646856e-01 8.304111440113e-01 8.318726898050e-01 8.333092591463e-01 8.347214868474e-01 8.361099863883e-01 8.374753508056e-01 8.388181535366e-01 8.401389492229e-01
1.000000000000e-12 1.000000000000e-12 1.000000000000e-12 5.452425369238e-12 1.586491860621e-10 2.704178990760e-09 3.106672501584e-08 2.632303165736e-07 1.748175821441e-06 9.494941430932e-06 4.346275623465e-05 1.712325175356e-04 5.886952886547e-04 1.779597289627e-03 4.740689697953e-03 1.111193919804e-02 2.287180267431e-02 4.142487670239e-02 6.664692794898e-02 9.683625072076e-02 1.296232433214e-01 1.629378952618e-01 1.954178916458e-01 2.263489928673e-01 2.554487030599e-01 2.826744258993e-01 3.080997377149e-01 3.318460364769e-01 3.540482433046e-01 3.748389298243e-01 3.943417216192e-01 4.126691403424e-01 4.299224632862e-01 4.461924294991e-01 4.615602423105e-01 4.760986190851e-01 4.898727824980e-01 5.029413547472e-01 5.153571466364e-01 5.271678465454e-01 5.384166192258e-01 5.491426255342e-01 5.593814737725e-01 5.691656122407e-01 5.785246713804e-01 5.874857626999e-01 5.960737406071e-01 6.043114323458e-01 6.122198404416e-01 6.198183213970e-01 6.271247438100e-01 6.341556286226e-01 6.409262738061e-01 6.474508654602e-01 6.537425770194e-01 6.598136580256e-01 6.656755137247e-01 6.713387765735e-01 6.768133706014e-01 6.821085694453e-01 6.872330487709e-01 6.921949337052e-01 6.970018418242e-01 7.016609221745e-01 7.061788907502e-01 7.105620627933e-01 7.148163822461e-01 7.189474486441e-01 7.229605417040e-01 7.268606438358e-01 7.306524607793e-01 7.343404405452e-01 7.379287908212e-01 7.414214949866e-01 7.448223268623e-01 7.481348643131e-01 7.513625018033e-01 7.545084619991e-01 7.575758065018e-01 7.605674457856e-01 7.634861484093e-01 7.663345495612e-01 7.691151589956e-01 7.718303684075e-01 7.744824582940e-01 7.770736043428e-01 7.796058833847e-01 7.820812789453e-01 7.845016864269e-01 7.868689179482e-01 7.891847068692e-01 7.914507120240e-01 7.936685216834e-01 7.958396572677e-01 7.979655768266e-01 8.000476783056e-01 8.020873026106e-01 8.040857364881e-01 8.060442152321e-01 8.079639252306e-01 8.098460063621e-01 8.116915542523e-01 8.135016224014e-01 8.152772241891e-01 8.170193347666e-01 8.187288928424e-01 8.204068023689e-01 8.220539341364e-01 8.236711272797e-01 8.252591907037e-01 8.268189044326e-01 8.283510208876e-01 8.298562660969e-01 8.313353408427e-01 8.327889217499e-01 8.342176623171e-01 8.356221938971e-01 8.370031266267e-01 8.383610503106e-01 8.396965352611e-01 8.410101330972e-01
1.000000000000e-12 1.000000000000e-12 1.000000000000e-12 6.044151345409e-12 1.757680221911e-10 2.994017323145e-09 3.437012853640e-08 2.909536439733e-07 1.930144723330e-06 1.046882999845e-05 4.783686747568e-05 1.880358920829e-04 6.444985968633e-04 1.940265703652e-03 5.140082450656e-03 1.196171488797e-02 2.440796033648e-02 4.378868749286e-02 6.979438155608e-02 1.005683625657e-01 1.336961042718e-01 1.671496738470e-01 1.996354267387e-01 2.304970986546e-01 2.594903261062e-01 2.865944479560e-01 3.118946362710e-01 3.355180174016e-01 3.576021208583e-01 3.782805343925e-01 3.976771141540e-01 4.159042407145e-01 4.330628871526e-01 4.492434285086e-01 4.645266943602e-01 4.789850418128e-01 4.926833566063e-01 5.056799505483e-01 5.180273506377e-01 5.297729866306e-01 5.409597878561e-01 5.516267008206e-01 5.618091384774e-01 5.715393708530e-01 5.808468654425e-01 5.897585845674e-01 5.982992458128e-01 6.064915507249e-01 6.143563861582e-01 6.219130019966e-01 6.291791684065e-01 6.361713153171e-01 6.429046564207e-01 6.493932996614e-01 6.556503458955e-01 6.616879771763e-01 6.675175359119e-01 6.731495959786e-01 6.785940267284e-01 6.838600507038e-01 6.889562957706e-01 6.938908422893e-01 6.986712658655e-01 7.033046761571e-01 7.077977521551e-01 7.121567743065e-01 7.163876538047e-01 7.204959593332e-01 7.244869415195e-01 7.283655553219e-01 7.321364805531e-01 7.358041407167e-01 7.393727203173e-01 7.428461807871e-01 7.462282751546e-01 7.495225615715e-01 7.527324157997e-01 7.558610427496e-01 7.589114871540e-01 7.618866434513e-01 7.647892649464e-01 7.676219723087e-01 7.703872614643e-01 7.730875109308e-01 7.757249886406e-01 7.783018582940e-01 7.808201852791e-01 7.832819421930e-01 7.856890139946e-01 7.880432028188e-01 7.903462324750e-01 7.925997526579e-01 7.948053428874e-01 7.969645162011e-01 7.990787226155e-01 8.011493523737e-01 8.031777389937e-01 8.051651621324e-01 8.071128502778e-01 8.090219832812e-01 8.108936947408e-01 8.127290742457e-01 8.145291694916e-01 8.162949882749e-01 8.180275003739e-01 8.197276393253e-01 8.213963041009e-01 8.230343606932e-01 8.246426436136e-01 8.262219573102e-01 8.277730775097e-01 8.292967524875e-01 8.307937042716e-01 8.322646297833e-01 8.337102019193e-01 8.351310705778e-01 8.365278636329e-01 8.379011878598e-01 8.392516298135e-01 8.405797566642e-01 8.418861169916e-01
1.000000000000e-12 1.000000000000e-12 1.000000000000e-12 6.707712726654e-12 1.949531239120e-10 3.318601380407e-09 3.806630423518e-08 3.219402583637e-07 2.133264617471e-06 1.155409260165e-05 5.270048124770e-05 2.066641485693e-04 7.061065810008e-04 2.116615237094e-03 5.574921130231e-03 1.287709267681e-02 2.604162612386e-02 4.626850046871e-02 7.305483531373e-02 1.043950438961e-01 1.378413382562e-01 1.714153661680e-01 2.038940458464e-01 2.346781324496e-01 2.635598545477e-01 2.905392497814e-01 3.157122837597e-01 3.392113388164e-01 3.611762873868e-01 3.817415870650e-01 4.010312441544e-01 4.191574534763e-01 4.362208585367e-01 4.523114554876e-01 4.675096910310e-01 4.818875561076e-01 4.955095954644e-01 5.084338075557e-01 5.207124332886e-01 5.323926419469e-01 5.435171258862e-01 5.541246159280e-01 5.642503285041e-01 5.739263543236e-01 5.831819969962e-01 5.920440688064e-01 6.005371497424e-01 6.086838149449e-01 6.165048349485e-01 6.240193524212e-01 6.312450385479e-01 6.381982317363e-01 6.448940609295e-01 6.513465554799e-01 6.575687432612e-01 6.635727384617e-01 6.693698203013e-01 6.749705037497e-01 6.803846031766e-01 6.856212897453e-01 6.906891432556e-01 6.955961990519e-01 7.003499905356e-01 7.049575877563e-01 7.094256324959e-01 7.137603702128e-01 7.179676791685e-01 7.220530970232e-01 7.260218451525e-01 7.298788509106e-01 7.336287680384e-01 7.372759953959e-01 7.408246941757e-01 7.442788037402e-01 7.476420562097e-01 7.509179899133e-01 7.541099618061e-01 7.572211589438e-01 7.602546090967e-01 7.632131905782e-01 7.660996413542e-01 7.689165674942e-01 7.716664510193e-01 7.743516571963e-01 7.769744413226e-01 7.795369550445e-01 7.820412522436e-01 7.844892945276e-01 7.868829563542e-01 7.892240298182e-01 7.915142291258e-01 7.937551947811e-01 7.959484975042e-01 7.980956419036e-01 8.001980699176e-01 8.022571640442e-01 8.042742503723e-01 8.062506014296e-01 8.081874388603e-01 8.100859359425e-01 8.119472199590e-01 8.137723744289e-01 8.155624412110e-01 8.173184224872e-01 8.190412826332e-01 8.207319499847e-01 8.223913185054e-01 8.240202493632e-01 8.256195724204e-01 8.271900876436e-01 8.287325664377e-01 8.302477529095e-01 8.317363650644e-01 8.331990959412e-01 8.346366146879e-01 8.360495675819e-01 8.374385789996e-01 8.388042523356e-01 8.401471708773e-01 8.414678986351e-01 8.427669811324e-01
1.000000000000e-12 1.000000000000e-12 1.000000000000e-12 7.452776876051e-12 2.164809488663e-10 3.682547678736e-09 4.220699555739e-08 3.566155169056e-07 2.360255117803e-06 1.276479296971e-05 5.811388166168e-05 2.273340323359e-04 7.741718961532e-04 2.310263952787e-03 6.048395625037e-03 1.386281909614e-02 2.777778412910e-02 4.886765846959e-02 7.642929304559e-02 1.083157485335e-01 1.420579592272e-01 1.757341789067e-01 2.081933110860e-01 2.388919587977e-01 2.676573561393e-01 2.945090200072e-01 3.195529348305e-01 3.429262883098e-01 3.647710445184e-01 3.852223930753e-01 4.044044148586e-01 4.224290769693e-01 4.393966694671e-01 4.553967955473e-01 4.705095103492e-01 4.848064329764e-01 4.983517632443e-01 5.112031833484e-01 5.234126458405e-01 5.350270576875e-01 5.460888727167e-01 5.566366047192e-01 5.667052724205e-01 5.763267861551e-01 5.855302846955e-01 5.943424294263e-01 6.027876619526e-01 6.108884302909e-01 6.186653879959e-01 6.261375699130e-01 6.333225476860e-01 6.402365676847e-01 6.468946736245e-01 6.533108158230e-01 6.594979487596e-01 6.654681183752e-01 6.712325403454e-01 6.768016704011e-01 6.821852676198e-01 6.873924514965e-01 6.924317534939e-01 6.973111636866e-01 7.020381730342e-01 7.066198117547e-01 7.110626842115e-01 7.153730006768e-01 7.195566062951e-01 7.236190075282e-01 7.275653963353e-01 7.314006723107e-01 7.351294629768e-01 7.387561424111e-01 7.422848483626e-01 7.457194980001e-01 7.490638024177e-01 7.523212800099e-01 7.554952688194e-01 7.585889379464e-01 7.616052981033e-01 7.645472113874e-01 7.674174003395e-01 7.702184563468e-01 7.729528474471e-01 7.756229255816e-01 7.782309333417e-01 7.807790102517e-01 7.832691986220e-01 7.857034490087e-01 7.880836253092e-01 7.904115095220e-01 7.926888061957e-01 7.949171465918e-01 7.970980925815e-01 7.992331402965e-01 8.013237235514e-01 8.033712170554e-01 8.053769394264e-01 8.073421560230e-01 8.092680816066e-01 8.111558828456e-01 8.130066806715e-01 8.148215524992e-01 8.166015343178e-01 8.183476226630e-01 8.200607764774e-01 8.217419188666e-01 8.233919387578e-01 8.250116924673e-01 8.266020051821e-01 8.281636723618e-01 8.296974610654e-01 8.312041112074e-01 8.326843367483e-01 8.341388268222e-01 8.355682468072e-01 8.369732393399e-01 8.383544252789e-01 8.397124046194e-01 8.410477573627e-01 8.423610443415e-01 8.436528080059e-01
1.000000000000e-12 1.000000000000e-12 1.000000000000e-12 8.290442562090e-12 2.406686483538e-10 4.091147429926e-09 4.685144141376e-08 3.954657018594e-07 2.614219637942e-06 1.411693959697e-05 6.414544855817e-05 2.502901282027e-04 8.494252381186e-04 2.523001393010e-03 6.563968704246e-03 1.492390762654e-02 2.962149821485e-02 5.158936103826e-02 7.991855291000e-02 1.123298037945e-01 1.463449487214e-01 1.801053370286e-01 2.125328174043e-01 2.431384733914e-01 2.717829239311e-01 2.985039671410e-01 3.234168600573e-01 3.466631667510e-01 3.683867054386e-01 3.887232680783e-01 4.077969391525e-01 4.257194186274e-01 4.425906206439e-01 4.584997421316e-01 4.735264383889e-01 4.877419512243e-01 5.012101316920e-01 5.139883428737e-01 5.261282467215e-01 5.376764860436e-01 5.486752745768e-01 5.591629077252e-01 5.691742053100e-01 5.787408962203e-01 5.878919534257e-01 5.966538865350e-01 6.050509979716e-01 6.131056078971e-01 6.208382522158e-01 6.282678573337e-01 6.354118947846e-01 6.422865183747e-01 6.489066861057e-01 6.552862688092e-01 6.614381471523e-01 6.673742984388e-01 6.731058744383e-01 6.786432713050e-01 6.839961925094e-01 6.891737055832e-01 6.941842933769e-01 6.990359004372e-01 7.037359750401e-01 7.082915073452e-01 7.127090640837e-01 7.169948201416e-01 7.211545873574e-01 7.251938408169e-01 7.291177428952e-01 7.329311652684e-01 7.366387090912e-01 7.402447235172e-01 7.437533227184e-01 7.471684015435e-01 7.504936499403e-01 7.537325662556e-01 7.568884695115e-01 7.599645107508e-01 7.629636835304e-01 7.658888336395e-01 7.687426681054e-01 7.715277635497e-01 7.742465739471e-01 7.769014378373e-01 7.794945850334e-01 7.820281428685e-01 7.845041420157e-01 7.869245219169e-01 7.892911358489e-01 7.916057556562e-01 7.938700761748e-01 7.960857193714e-01 7.982542382173e-01 8.003771203191e-01 8.024557913218e-01 8.044916181012e-01 8.064859117616e-01 8.084399304517e-01 8.103548820111e-01 8.122319264602e-01 8.140721783437e-01 8.158767089372e-01 8.176465483267e-01 8.193826873696e-01 8.210860795443e-01 8.227576426966e-01 8.243982606886e-01 8.260087849572e-01 8.275900359873e-01 8.291428047061e-01 8.306678538017e-01 8.321659189728e-01 8.336377101114e-01 8.350839124251e-01 8.365051875006e-01 8.379021743127e-01 8.392754901823e-01 8.406257316858e-01 8.419534755195e-01 8.432592793207e-01 8.445436824485e-01
1.000000000000e-12 1.000000000000e-12 1.000000000000e-12 9.233471671667e-12 2.678806155162e-10 4.550474314501e-09 5.206756243579e-08 4.390475474147e-07 2.898704438015e-06 1.562877812088e-05 7.087283310167e-05 2.758086833856e-04 9.326850732943e-04 2.756806403482e-03 7.125394914407e-03 1.606563992878e-02 3.157788916676e-02 5.443664084020e-02 8.352320234173e-02 1.164364176927e-01 1.507012636982e-01 1.845280882795e-01 2.169121944672e-01 2.474176037319e-01 2.759366765220e-01 3.025243197499e-01 3.273043461534e-01 3.504222885520e-01 3.720235951866e-01 3.922445384677e-01 4.112091398961e-01 4.290287953062e-01 4.458030217652e-01 4.616205973398e-01 4.765607695883e-01 4.906943977642e-01 5.040849804296e-01 5.167895587421e-01 5.288595018251e-01 5.403411864853e-01 5.512765847988e-01 5.617037724134e-01 5.716573690340e-01 5.811689210187e-01 5.902672345546e-01 5.989786665847e-01 6.073273795396e-01 6.153355649832e-01 6.230236404876e-01 6.304104233920e-01 6.375132845417e-01 6.443482846450e-01 6.509302954949e-01 6.572731079789e-01 6.633895285255e-01 6.692914654062e-01 6.749900061157e-01 6.804954868883e-01 6.858175552665e-01 6.909652265197e-01 6.959469346056e-01 7.007705782809e-01 7.054435628917e-01 7.099728383083e-01 7.143649334130e-01 7.186259875014e-01 7.227617789141e-01 7.267777511801e-01 7.306790369198e-01 7.344704797303e-01 7.381566542465e-01 7.417418845547e-01 7.452302611137e-01 7.486256563234e-01 7.519317388638e-01 7.551519869181e-01 7.582897003784e-01 7.613480121256e-01 7.643298984628e-01 7.672381887767e-01 7.700755744920e-01 7.728446173793e-01 7.755477572692e-01 7.781873192228e-01 7.807655202011e-01 7.832844752757e-01 7.857462034156e-01 7.881526328842e-01 7.905056062765e-01 7.928068852245e-01 7.950581547957e-01 7.972610276080e-01 7.994170476822e-01 8.015276940504e-01 8.035943841406e-01 8.056184769503e-01 8.076012760271e-01 8.095440322678e-01 8.114479465504e-01 8.133141722095e-01 8.151438173655e-01 8.169379471197e-01 8.186975856208e-01 8.204237180152e-01 8.221172922859e-01 8.237792209882e-01 8.254103828899e-01 8.270116245205e-01 8.285837616359e-01 8.301275806046e-01 8.316438397187e-01 8.331332704364e-01 8.345965785583e-01 8.360344453426e-01 8.374475285627e-01 8.388364635106e-01 8.402018639490e-01 8.415443230159e-01 8.428644140837e-01 8.441626915755e-01 8.454396917417e-01
1.000000000000e-12 1.000000000000e-12 1.000000000000e-12 1.029656171021e-11 2.985361791803e-10 5.067510968348e-09 5.793335121907e-08 4.879993837549e-07 3.217767516945e-06 1.732113118031e-05 7.838431647009e-05 3.042019845335e-04 1.024868598372e-03 3.013866602977e-03 7.736739773617e-03 1.729356443929e-02 3.365210894233e-02 5.741234036088e-02 8.724361486821e-02 1.206346871592e-01 1.551258444623e-01 1.890017074957e-01 2.213311084066e-01 2.517293097308e-01 2.801187583026e-01 3.065703266563e-01 3.312156962088e-01 3.542039819519e-01 3.756820509743e-01 3.957865417146e-01 4.146413502709e-01 4.323575336317e-01 4.490341918731e-01 4.647596722664e-01 4.796128070829e-01 4.936640679429e-01 5.069765972742e-01 5.196071115386e-01 5.316066848134e-01 5.430214260584e-01 5.538930641077e-01 5.642594534707e-01 5.741550125084e-01 5.836111039471e-01 5.926563661967e-01 6.013170026309e-01 6.096170348625e-01 6.175785251024e-01 6.252217718974e-01 6.325654828817e-01 6.396269276237e-01 6.464220731899e-01 6.529657046615e-01 6.592715325153e-01 6.653522885080e-01 6.712198114760e-01 6.768851242644e-01 6.823585028380e-01 6.876495384854e-01 6.927671939086e-01 6.977198538876e-01 7.025153711218e-01 7.071611077772e-01 7.116639731999e-01 7.160304582026e-01 7.202666662830e-01 7.243783420886e-01 7.283708974071e-01 7.322494349312e-01 7.360187700151e-01 7.396834506191e-01 7.432477756161e-01 7.467158116137e-01 7.500914084319e-01 7.533782133587e-01 7.565796842963e-01 7.596991018954e-01 7.627395807690e-01 7.657040798657e-01 7.685954120740e-01 7.714162531251e-01 7.741691498521e-01 7.768565278591e-01 7.794806986496e-01 7.820438662579e-01 7.845481334226e-01 7.869955073402e-01 7.893879050305e-01 7.917271583443e-01 7.940150186418e-01 7.962531611648e-01 7.984431891282e-01 8.005866375496e-01 8.026849768370e-01 8.047396161534e-01 8.067519065720e-01 8.087231440396e-01 8.106545721590e-01 8.125473848060e-01 8.144027285900e-01 8.162217051702e-01 8.180053734372e-01 8.197547515681e-01 8.214708189648e-01 8.231545180826e-01 8.248067561560e-01 8.264284068285e-01 8.280203116936e-01 8.295832817506e-01 8.311180987826e-01 8.326255166603e-01 8.341062625768e-01 8.355610382171e-01 8.369905208671e-01 8.383953644646e-01 8.397762005974e-01 8.411336394493e-01 8.424682706998e-01 8.437806643780e-01 8.450713716741e-01 8.463409257118e-01
1.000000000000e-12 1.000000000000e-12 1.000000000000e-12 1.149666685958e-11 3.331186602813e-10 5.650297698450e-09 6.453850448712e-08 5.430541949431e-07 3.576059120160e-06 1.921779403285e-05 8.678038197098e-05 3.358233723259e-04 1.127004079838e-03 3.296599589529e-03 8.402399023004e-03 1.861349190609e-02 3.584931206591e-02 6.051908925130e-02 9.107994891354e-02 1.249236072017e-01 1.596176226054e-01 1.935255007102e-01 2.257892634254e-01 2.560735842550e-01 2.843293396928e-01 3.106422571498e-01 3.351512299487e-01 3.580085893255e-01 3.793624225281e-01 3.993496267281e-01 4.180939141481e-01 4.357059703686e-01 4.522844597181e-01 4.679172873602e-01 4.826828630574e-01 4.966512658846e-01 5.098852785730e-01 5.224412901502e-01 5.343700774370e-01 5.457174796960e-01 5.565249809264e-01 5.668302131014e-01 5.766673919947e-01 5.860676955842e-01 5.950595934925e-01 6.036691346051e-01 6.119201988787e-01 6.198347184032e-01 6.274328719947e-01 6.347332569334e-01 6.417530409118e-01 6.485080968015e-01 6.550131224596e-01 6.612817474774e-01 6.673266284993e-01 6.731595345168e-01 6.787914233435e-01 6.842325103193e-01 6.894923301468e-01 6.945797926508e-01 6.995032331429e-01 7.042704579939e-01 7.088887859348e-01 7.133650855483e-01 7.177058093530e-01 7.219170248375e-01 7.260044427571e-01 7.299734429716e-01 7.338290980688e-01 7.375761949936e-01 7.412192548744e-01 7.447625512219e-01 7.482101266516e-01 7.515658082704e-01 7.548332218486e-01 7.580158048872e-01 7.611168186820e-01 7.641393594706e-01 7.670863687445e-01 7.699606427967e-01 7.727648415725e-01 7.755014968792e-01 7.781730200103e-01 7.807817088321e-01 7.833297543757e-01 7.858192469739e-01 7.882521819813e-01 7.906304651077e-01 7.929559173966e-01 7.952302798754e-01 7.974552179025e-01 7.996323252342e-01 8.017631278318e-01 8.038490874283e-01 8.058916048730e-01 8.078920232682e-01 8.098516309147e-01 8.117716640785e-01 8.136533095918e-01 8.154977072992e-01 8.173059523606e-01 8.190790974191e-01 8.208181546449e-01 8.225240976619e-01 8.241978633649e-01 8.258403536359e-01 8.274524369643e-01 8.290349499783e-01 8.305886988926e-01 8.321144608778e-01 8.336129853571e-01 8.350849952333e-01 8.365311880515e-01 8.379522371019e-01 8.393487924643e-01 8.407214820001e-01 8.420709122933e-01 8.433976695444e-01 8.447023204195e-01 8.459854128568e-01 8.472474768348e-01
1.000000000000e-12 1.000000000000e-12 1.000000000000e-12 1.285337696027e-11 3.721860520542e-10 6.308107654961e-09 7.198634270411e-08 6.050549457168e-07 3.978915974164e-06 2.134599575085e-05 9.617553621165e-05 3.710729898266e-04 1.240244738925e-03 3.607675962067e-03 9.127117636165e-03 2.003148742716e-02 3.817462429068e-02 6.375928271378e-02 9.503214867402e-02 1.293020809075e-01 1.641755289031e-01 1.980988090415e-01 2.302864032667e-01 2.604504536239e-01 2.885686173781e-01 3.147404012168e-01 3.391112840178e-01 3.618364675173e-01 3.830650724566e-01 4.029341542399e-01 4.215671864792e-01 4.390744528110e-01 4.555541641457e-01 4.710937728030e-01 4.857712591157e-01 4.996563048530e-01 5.128113295574e-01 5.252923921107e-01 5.371499698721e-01 5.484296305479e-01 5.591726116966e-01 5.694163213408e-01 5.791947714070e-01 5.885389539909e-01 5.974771689012e-01 6.060353096020e-01 6.142371135406e-01 6.221043819049e-01 6.296571730626e-01 6.369139732791e-01 6.438918477618e-01 6.506065746242e-01 6.570727639782e-01 6.633039640461e-01 6.693127559116e-01 6.751108383039e-01 6.807091036172e-01 6.861177062040e-01 6.913461238434e-01 6.964032131668e-01 7.012972597226e-01 7.060360232761e-01 7.106267788640e-01 7.150763540622e-01 7.193911628666e-01 7.235772365416e-01 7.276402517482e-01 7.315855562273e-01 7.354181922825e-01 7.391429182795e-01 7.427642283548e-01 7.462863705051e-01 7.497133632110e-01 7.530490107308e-01 7.562969171878e-01 7.594604995609e-01 7.625429996750e-01 7.655474952828e-01 7.684769103141e-01 7.713340243680e-01 7.741214815089e-01 7.768417984289e-01 7.794973720256e-01 7.820904864467e-01 7.846233196420e-01 7.870979494650e-01 7.895163593575e-01 7.918804436518e-01 7.941920125193e-01 7.964527965933e-01 7.986644512896e-01 8.008285608495e-01 8.029466421238e-01 8.050201481189e-01 8.070504713206e-01 8.090389468127e-01 8.109868552045e-01 8.128954253813e-01 8.147658370896e-01 8.165992233690e-01 8.183966728410e-01 8.201592318642e-01 8.218879065661e-01 8.235836647576e-01 8.252474377402e-01 8.268801220115e-01 8.284825808759e-01 8.300556459665e-01 8.316001186849e-01 8.331167715620e-01 8.346063495465e-01 8.360695712255e-01 8.375071299796e-01 8.389196950792e-01 8.403079127231e-01 8.416724070243e-01 8.430137809452e-01 8.443326171868e-01 8.456294790317e-01 8.469049111473e-01 8.481594403476e-01
1.000000000000e-12 1.000000000000e-12 1.000000000000e-12 1.438936573214e-11 4.163836391500e-10 7.051653553147e-09 8.039607189323e-08 6.749726031581e-07 4.432471771258e-06 2.373693766121e-05 1.067004212100e-04 4.104043754527e-04 1.365884364051e-03 3.950044218105e-03 9.916008220885e-03 2.155385854935e-02 4.063310872754e-02 6.713506133252e-02 9.909994711744e-02 1.337689301844e-01 1.687985011081e-01 2.027210123528e-01 2.348223125514e-01 2.648599780635e-01 2.928368145489e-01 3.188650697924e-01 3.430962122915e-01 3.656879882037e-01 3.867903766441e-01 4.065404972141e-01 4.250615337117e-01 4.424633391954e-01 4.588436545032e-01 4.742894689095e-01 4.888783266733e-01 5.026795076339e-01 5.157550647158e-01 5.281607239654e-01 5.399466610753e-01 5.511581703276e-01 5.618362412177e-01 5.720180563866e-01 5.817374226354e-01 5.910251450262e-01 5.999093525110e-01 6.084157821825e-01 6.165680281114e-01 6.243877597883e-01 6.318949144023e-01 6.391078665315e-01 6.460435782779e-01 6.527177324236e-01 6.591448508046e-01 6.653383997827e-01 6.713108844236e-01 6.770739327697e-01 6.826383714003e-01 6.880142933122e-01 6.932111190168e-01 6.982376516307e-01 7.031021266384e-01 7.078122569179e-01 7.123752735479e-01 7.167979628496e-01 7.210867000632e-01 7.252474800103e-01 7.292859450515e-01 7.332074106147e-01 7.370168885361e-01 7.407191084298e-01 7.443185372772e-01 7.478193974071e-01 7.512256830188e-01 7.545411753841e-01 7.577694568491e-01 7.609139237458e-01 7.639777983111e-01 7.669641397007e-01 7.698758541771e-01 7.727157045438e-01 7.754863188892e-01 7.781901986985e-01 7.808297263864e-01 7.834071722989e-01 7.859247012261e-01 7.883843784661e-01 7.907881754762e-01 7.931379751425e-01 7.954355766987e-01 7.976827003209e-01 7.998809914224e-01 8.020320246718e-01 8.041373077548e-01 8.061982848981e-01 8.082163401736e-01 8.101928005980e-01 8.121289390428e-01 8.140259769679e-01 8.158850869914e-01 8.177073953068e-01 8.194939839574e-01 8.212458929797e-01 8.229641224216e-01 8.246496342462e-01 8.263033541278e-01 8.279261731470e-01 8.295189493918e-01 8.310825094705e-01 8.326176499420e-01 8.341251386694e-01 8.356057161004e-01 8.370600964798e-01 8.384889689987e-01 8.398929988837e-01 8.412728284288e-01 8.426290779759e-01 8.439623468443e-01 8.452732142138e-01 8.465622399638e-01 8.478299654703e-01 8.490769143644e-01
1.000000000000e-12 1.000000000000e-12 1.000000000000e-12 1.613092193124e-11 4.664589367825e-10 7.893332095646e-09 8.990545365237e-08 7.539273652327e-07 4.943786925389e-06 2.642642290734e-05 1.185042667359e-04 4.543320282341e-04 1.505374849587e-03 4.326957562585e-03 1.077456837422e-02 2.318713899470e-02 4.322972972618e-02 7.064829275756e-02 1.032828711231e-01 1.383229071267e-01 1.734854915808e-01 2.073915326765e-01 2.393968179912e-01 2.693022521252e-01 2.971341811485e-01 3.230165950370e-01 3.471063862158e-01 3.695635382844e-01 3.905387246732e-01 4.101690412838e-01 4.285773342285e-01 4.458729991388e-01 4.621532910714e-01 4.775047265505e-01 4.920044073698e-01 5.057212069386e-01 5.187168081874e-01 5.310466016547e-01 5.427604591592e-01 5.539033996776e-01 5.645161630040e-01 5.746357049479e-01 5.842956258872e-01 5.935265426813e-01 6.023564123649e-01 6.108108146934e-01 6.189131994777e-01 6.266851037023e-01 6.341463426338e-01 6.413151784786e-01 6.482084696017e-01 6.548418028699e-01 6.612296113035e-01 6.673852789021e-01 6.733212342488e-01 6.790490342667e-01 6.845794393174e-01 6.899224806667e-01 6.950875212080e-01 7.000833102159e-01 7.049180328045e-01 7.095993546781e-01 7.141344626882e-01 7.185301016489e-01 7.227926078081e-01 7.269279393212e-01 7.309417040388e-01 7.348391848782e-01 7.386253630220e-01 7.423049391566e-01 7.458823529421e-01 7.493618008826e-01 7.527472527478e-01 7.560424666821e-01 7.592510031211e-01 7.623762376240e-01 7.654213727196e-01 7.683894488528e-01 7.712833545109e-01 7.741058355993e-01 7.768595041323e-01 7.795468462952e-01 7.821702299315e-01 7.847319115009e-01 7.872340425532e-01 7.896786757546e-01 7.920677705044e-01 7.944031981725e-01 7.966867469880e-01 7.989201266059e-01 8.011049723757e-01 8.032428493350e-01 8.053352559481e-01 8.073836276083e-01 8.093893399223e-01 8.113537117904e-01 8.132780082988e-01 8.151634434366e-01 8.170111826500e-01 8.188223452441e-01 8.205980066445e-01 8.223392005264e-01 8.240469208211e-01 8.257221236082e-01 8.273657289003e-01 8.289786223278e-01 8.305616567305e-01 8.321156536608e-01 8.336414048059e-01 8.351396733323e-01 8.366111951589e-01 8.380566801619e-01 8.394768133175e-01 8.408722557831e-01 8.422436459246e-01 8.435916002896e-01 8.449167145319e-01 8.462195642888e-01 8.475007060152e-01 8.487606777762e-01 8.500000000000e-01
1.000000000000e-12 1.000000000000e-12 1.000000000000e-12 1.810858006223e-11 5.232794117821e-10 8.847513537976e-09 1.006739630683e-07 8.432137128456e-07 5.521001222639e-06 2.945559366979e-05 1.317577409339e-04 5.034400922915e-04 1.660345876630e-03 4.742002628294e-03 1.170869647257e-02 2.493806760610e-02 4.596931488445e-02 7.430055564390e-02 1.075802487442e-01 1.429627058845e-01 1.782354747080e-01 2.121098373970e-01 2.440097894848e-01 2.737774050757e-01 3.014609941336e-01 3.271953306402e-01 3.511421951802e-01 3.734635203050e-01 3.943105202764e-01 4.138201852168e-01 4.321149788167e-01 4.493038141022e-01 4.654834455211e-01 4.807399075994e-01 4.951498535061e-01 5.087817458302e-01 5.216968941785e-01 5.339503509204e-01 5.455916817878e-01 5.566656285568e-01 5.672126796627e-01 5.772695626135e-01 5.868696700475e-01 5.960434294322e-01 6.048186248063e-01 6.132206776048e-01 6.212728924804e-01 6.289966730874e-01 6.364117120130e-01 6.435361583946e-01 6.503867662170e-01 6.569790258376e-01 6.633272809098e-01 6.694448325616e-01 6.753440324192e-01 6.810363658462e-01 6.865325265763e-01 6.918424837622e-01 6.969755423222e-01 7.019403973556e-01 7.067451832944e-01 7.113975183766e-01 7.159045449528e-01 7.202729660735e-01 7.245090787521e-01 7.286188042512e-01 7.326077156976e-01 7.364810632968e-01 7.402437973877e-01 7.439005895502e-01 7.474558519538e-01 7.509137551179e-01 7.542782442313e-01 7.575530541680e-01 7.607417233173e-01 7.638476063369e-01 7.668738859255e-01 7.698235837016e-01 7.726995702670e-01 7.755045745243e-01 7.782411923141e-01 7.809118944275e-01 7.835190340460e-01 7.860648536576e-01 7.885514914894e-01 7.909809874976e-01 7.933552889488e-01 7.956762556254e-01 7.979456646838e-01 8.001652151927e-01 8.023365323757e-01 8.044611715795e-01 8.065406219899e-01 8.085763101124e-01 8.105696030357e-01 8.125218114935e-01 8.144341927386e-01 8.163079532432e-01 8.181442512369e-01 8.199441990941e-01 8.217088655814e-01 8.234392779734e-01 8.251364240469e-01 8.268012539616e-01 8.284346820333e-01 8.300375884086e-01 8.316108206464e-01 8.331551952122e-01 8.346714988910e-01 8.361604901237e-01 8.376229002723e-01 8.390594348178e-01 8.404707744947e-01 8.418575763666e-01 8.432204748466e-01 8.445600826648e-01 8.458769917863e-01 8.471717742845e-01 8.484449831686e-01 8.496971531718e-01 8.509288015000e-01
1.000000000000e-12 1.000000000000e-12 1.000000000000e-12 2.035787085865e-11 5.878535466035e-10 9.930885424357e-09 1.128865309963e-07 9.443300296369e-07 6.173513720807e-06 3.287179578035e-05 1.466562676498e-04 5.583923294277e-04 1.832626967642e-03 5.199130062853e-03 1.272470529423e-02 2.681356214745e-02 4.885651565467e-02 7.809312622961e-02 1.119912185382e-01 1.476869749100e-01 1.830474540616e-01 2.168754421928e-01 2.486611411064e-01 2.782856012660e-01 3.058175577524e-01 3.314016521571e-01 3.552040469236e-01 3.773883529140e-01 3.981061818210e-01 4.174943414108e-01 4.356748711636e-01 4.527561778821e-01 4.688345013957e-01 4.839953854056e-01 4.983150285061e-01 5.118614781744e-01 5.246956674014e-01 5.368723077342e-01 5.484406565954e-01 5.594451766481e-01 5.699261032919e-01 5.799199342424e-01 5.894598530599e-01 5.985760966116e-01 6.072962748423e-01 6.156456498664e-01 6.236473802634e-01 6.313227355179e-01 6.386912847670e-01 6.457710633688e-01 6.525787202727e-01 6.591296487207e-01 6.654381024395e-01 6.715172991649e-01 6.773795130842e-01 6.830361575521e-01 6.884978592572e-01 6.937745248490e-01 6.988754009077e-01 7.038091280174e-01 7.085837896100e-01 7.132069561602e-01 7.176857252383e-01 7.220267578689e-01 7.262363115857e-01 7.303202705269e-01 7.342841728777e-01 7.381332359266e-01 7.418723789757e-01 7.455062443155e-01 7.490392164530e-01 7.524754397597e-01 7.558188346896e-01 7.590731127002e-01 7.622417899963e-01 7.653282002031e-01 7.683355060649e-01 7.712667102558e-01 7.741246653796e-01 7.769120832300e-01 7.796315433724e-01 7.822855011068e-01 7.848762948613e-01 7.874061530640e-01 7.898772005363e-01 7.922914644444e-01 7.946508798464e-01 7.969572948643e-01 7.992124755125e-01 8.014181102071e-01 8.035758139820e-01 8.056871324325e-01 8.077535454077e-01 8.097764704694e-01 8.117572661352e-01 8.136972349209e-01 8.155976261968e-01 8.174596388708e-01 8.192844239109e-01 8.210730867174e-01 8.228266893558e-01 8.245462526603e-01 8.262327582148e-01 8.278871502214e-01 8.295103372638e-01 8.311031939702e-01 8.326665625858e-01 8.342012544570e-01 8.357080514359e-01 8.371877072084e-01 8.386409485510e-01 8.400684765215e-01 8.414709675865e-01 8.428490746902e-01 8.442034282679e-01 8.455346372081e-01 8.468432897648e-01 8.481299544243e-01 8.493951807289e-01 8.506395000591e-01 8.518634263781e-01
1.000000000000e-12 1.000000000000e-12 1.000000000000e-12 2.292021616999e-11 6.613559293763e-10 1.116286146733e-08 1.267579877243e-07 1.059013689605e-06 6.912195140858e-06 3.672959431657e-05 1.634238911685e-04 6.199435737249e-04 2.024272161580e-03 5.702686878874e-03 1.382933278503e-02 2.882068765853e-02 5.189576710734e-02 8.202696790766e-02 1.165147408728e-01 1.524943294544e-01 1.879204692569e-01 2.216879137387e-01 2.533508319951e-01 2.828270404874e-01 3.102042038463e-01 3.356359573784e-01 3.592923679784e-01 3.813384713551e-01 4.019261428274e-01 4.211919364221e-01 4.392574283846e-01 4.562304971322e-01 4.722068546232e-01 4.872715452940e-01 5.015003074054e-01 5.149607691158e-01 5.277134835400e-01 5.398128187510e-01 5.513077216281e-01 5.622423737905e-01 5.726567559027e-01 5.825871343746e-01 5.920664823287e-01 6.011248448025e-01 6.097896565297e-01 6.180860192850e-01 6.260369446427e-01 6.336635670634e-01 6.409853314482e-01 6.480201586525e-01 6.547845919225e-01 6.612939267682e-01 6.675623264175e-01 6.736029246851e-01 6.794279178269e-01 6.850486467320e-01 6.904756706176e-01 6.957188332337e-01 7.007873224514e-01 7.056897239936e-01 7.104340699687e-01 7.150278827840e-01 7.194782149458e-01 7.237916851861e-01 7.279745113077e-01 7.320325400888e-01 7.359712745512e-01 7.397958988575e-01 7.435113010758e-01 7.471220940215e-01 7.506326343632e-01 7.540470401585e-01 7.573692069694e-01 7.606028226885e-01 7.637513811952e-01 7.668181949486e-01 7.698064066119e-01 7.727189997944e-01 7.755588089879e-01 7.783285287682e-01 7.810307223225e-01 7.836678293613e-01 7.862421734653e-01 7.887559689138e-01 7.912113270372e-01 7.936102621306e-01 7.959546969659e-01 7.982464679308e-01 8.004873298269e-01 8.026789603502e-01 8.048229642801e-01 8.069208773986e-01 8.089741701587e-01 8.109842511219e-01 8.129524701801e-01 8.148801215792e-01 8.167684467567e-01 8.186186370085e-01 8.204318359947e-01 8.222091420971e-01 8.239516106380e-01 8.256602559698e-01 8.273360534442e-01 8.289799412685e-01 8.305928222571e-01 8.321755654855e-01 8.337290078507e-01 8.352539555481e-01 8.367511854653e-01 8.382214465029e-01 8.396654608231e-01 8.410839250323e-01 8.424775113021e-01 8.438468684309e-01 8.451926228514e-01 8.465153795859e-01 8.478157231535e-01 8.490942184310e-01 8.503514114714e-01 8.515878302816e-01 8.528039855612e-01
1.000000000000e-12 1.000000000000e-12 1.000000000000e-12 2.584399836369e-11 7.451572036766e-10 1.256606894193e-08 1.425383502924e-07 1.189282703491e-06 7.749639074899e-06 4.109196841170e-05 1.823177836204e-04 6.889528903589e-04 2.237587568287e-03 6.257450390584e-03 1.502974919102e-02 3.096661915356e-02 5.509124749984e-02 8.610272410523e-02 1.211496110846e-01 1.573833641878e-01 1.928536024755e-01 2.265468721728e-01 2.580788671568e-01 2.874019583206e-01 3.146212921785e-01 3.398986667397e-01 3.634076041536e-01 3.853143279985e-01 4.057708525243e-01 4.249134115282e-01 4.428630815842e-01 4.597271919162e-01 4.756009140581e-01 4.905687850960e-01 5.047060773680e-01 5.180799955824e-01 5.307507097408e-01 5.427722417887e-01 5.541932258126e-01 5.650575604356e-01 5.754049698647e-01 5.852714876673e-01 5.946898751453e-01 6.036899842549e-01 6.122990733815e-01 6.205420829223e-01 6.284418764969e-01 6.360194526711e-01 6.432941313093e-01 6.502837180269e-01 6.570046496864e-01 6.634721234367e-01 6.697002114250e-01 6.757019630047e-01 6.814894959991e-01 6.870740783656e-01 6.924662014161e-01 6.976756455963e-01 7.027115396909e-01 7.075824142089e-01 7.122962496045e-01 7.168605199092e-01 7.212822322749e-01 7.255679628692e-01 7.297238895085e-01 7.337558213710e-01 7.376692260887e-01 7.414692544852e-01 7.451607631939e-01 7.487483353653e-01 7.522362996507e-01 7.556287476247e-01 7.589295497973e-01 7.621423703443e-01 7.652706806763e-01 7.683177719502e-01 7.712867666189e-01 7.741806291043e-01 7.770021756699e-01 7.797540835627e-01 7.824388994862e-01 7.850590474613e-01 7.876168361261e-01 7.901144655198e-01 7.925540333950e-01 7.949375410931e-01 7.972668990206e-01 7.995439317558e-01 8.017703828149e-01 8.039479191050e-01 8.060781350853e-01 8.081625566611e-01 8.102026448293e-01 8.121997990927e-01 8.141553606624e-01 8.160706154608e-01 8.179467969421e-01 8.197850887409e-01 8.215866271625e-01 8.233525035251e-01 8.250837663643e-01 8.267814235093e-01 8.284464440393e-01 8.300797601280e-01 8.316822687840e-01 8.332548334937e-01 8.347982857724e-01 8.363134266303e-01 8.378010279595e-01 8.392618338441e-01 8.406965618023e-01 8.421059039606e-01 8.434905281678e-01 8.448510790501e-01 8.461881790115e-01 8.475024291836e-01 8.487944103264e-01 8.500646836840e-01 8.513137917979e-01 8.525422592792e-01 8.537505935435e-01
1.000000000000e-12 1.000000000000e-12 1.000000000000e-12 2.918584112507e-11 8.408598979599e-10 1.416693092511e-08 1.605191268423e-07 1.337485249079e-06 8.700459655527e-06 4.603171913066e-05 2.036335075530e-04 7.663986927616e-04 2.475162068970e-03 6.868663469636e-03 1.633355969991e-02 3.325859856677e-02 5.844683837588e-02 9.032071473231e-02 1.258944743322e-01 1.623526658174e-01 1.978459846247e-01 2.314519933362e-01 2.628452981885e-01 2.920106264878e-01 3.190692107963e-01 3.441902237717e-01 3.675502210610e-01 3.893163929128e-01 4.096407764427e-01 4.286592233275e-01 4.464922764518e-01 4.632466962942e-01 4.790171020566e-01 4.938875157104e-01 5.079327382349e-01 5.212195468199e-01 5.338077251343e-01 5.457509463359e-01 5.570975294510e-01 5.678910881310e-01 5.781710883785e-01 5.879733293559e-01 5.973303591382e-01 6.062718353263e-01 6.148248387986e-01 6.230141475176e-01 6.308624761806e-01 6.383906865708e-01 6.456179727000e-01 6.525620241917e-01 6.592391708313e-01 6.656645107653e-01 6.718520244665e-01 6.778146762765e-01 6.835645050754e-01 6.891127054131e-01 6.944697002540e-01 6.996452063271e-01 7.046482929458e-01 7.094874350450e-01 7.141705610888e-01 7.187050964173e-01 7.230980025329e-01 7.273558127612e-01 7.314846646717e-01 7.354903295976e-01 7.393782395507e-01 7.431535117984e-01 7.468209713344e-01 7.503851714514e-01 7.538504126006e-01 7.572207597011e-01 7.605000580475e-01 7.636919479447e-01 7.667998781879e-01 7.698271184930e-01 7.727767709711e-01 7.756517807314e-01 7.784549456905e-01 7.811889256537e-01 7.838562507336e-01 7.864593291591e-01 7.890004545281e-01 7.914818125474e-01 7.939054873031e-01 7.962734670984e-01 7.985876498942e-01 8.008498483819e-01 8.030617947196e-01 8.052251449544e-01 8.073414831584e-01 8.094123252961e-01 8.114391228461e-01 8.134232661941e-01 8.153660878133e-01 8.172688652490e-01 8.191328239195e-01 8.209591397485e-01 8.227489416385e-01 8.245033137981e-01 8.262232979319e-01 8.279098953035e-01 8.295640686788e-01 8.311867441585e-01 8.327788129076e-01 8.343411327871e-01 8.358745298949e-01 8.373798000234e-01 8.388577100355e-01 8.403089991681e-01 8.417343802648e-01 8.431345409432e-01 8.445101447013e-01 8.458618319656e-01 8.471902210853e-01 8.484959092759e-01 8.497794735138e-01 8.510414713869e-01 8.522824419020e-01 8.535029062527e-01 8.547033685486e-01
1.000000000000e-12 1.000000000000e-12 1.000000000000e-12 3.301214695186e-11 9.503413856111e-10 1.599636337564e-08 1.810408497762e-07 1.506358698675e-06 9.781644945643e-06 5.163313105730e-05 2.277111665822e-04 8.533961080378e-04 2.739901431606e-03 7.542070743013e-03 1.774880166013e-02 3.570388598867e-02 6.196608598689e-02 9.468093640002e-02 1.307478419582e-01 1.674008255848e-01 2.028968011125e-01 2.364030107951e-01 2.676502239389e-01 2.966533532151e-01 3.235483764318e-01 3.485110955976e-01 3.717207046872e-01 3.933451544815e-01 4.135363970514e-01 4.324298443794e-01 4.501454738957e-01 4.667894589470e-01 4.824558550865e-01 4.972281616991e-01 5.111807031043e-01 5.243798249578e-01 5.368849213867e-01 5.487493140903e-01 5.600210047461e-01 5.707433200331e-01 5.809554659755e-01 5.906930057427e-01 5.999882727512e-01 6.088707289489e-01 6.173672765267e-01 6.255025299349e-01 6.332990539619e-01 6.407775727037e-01 6.479571534871e-01 6.548553691775e-01 6.614884417757e-01 6.678713697719e-01 6.740180413592e-01 6.799413353063e-01 6.856532110284e-01 6.911647891838e-01 6.964864239380e-01 7.016277678826e-01 7.065978304671e-01 7.114050306859e-01 7.160572446691e-01 7.205618487446e-01 7.249257584636e-01 7.291554640269e-01 7.332570624918e-01 7.372362870963e-01 7.410985339970e-01 7.448488866837e-01 7.484921383015e-01 7.520328120881e-01 7.554751801084e-01 7.588232804502e-01 7.620809330265e-01 7.652517541133e-01 7.683391697413e-01 7.713464280438e-01 7.742766106558e-01 7.771326432466e-01 7.799173052645e-01 7.826332389581e-01 7.852829577394e-01 7.878688539414e-01 7.903932060223e-01 7.928581852619e-01 7.952658619895e-01 7.976182113844e-01 7.999171188792e-01 8.021643852006e-01 8.043617310728e-01 8.065108016121e-01 8.086131704344e-01 8.106703434977e-01 8.126837626998e-01 8.146548092489e-01 8.165848068229e-01 8.184750245343e-01 8.203266797128e-01 8.221409405201e-01 8.239189284071e-01 8.256617204259e-01 8.273703514051e-01 8.290458159991e-01 8.306890706189e-01 8.323010352523e-01 8.338825951820e-01 8.354346026063e-01 8.369578781705e-01 8.384532124139e-01 8.399213671378e-01 8.413630766995e-01 8.427790492373e-01 8.441699678301e-01 8.455364915961e-01 8.468792567347e-01 8.481988775137e-01 8.494959472062e-01 8.507710389803e-01 8.520247067434e-01 8.532574859445e-01 8.544698943367e-01 8.556624327026e-01
1.000000000000e-12 1.000000000000e-12 1.000000000000e-12 3.740094711826e-11 1.075805513851e-09 1.809061159745e-08 2.045020970438e-07 1.699100112311e-06 1.101297728581e-05 5.799393647079e-05 2.549426012139e-04 9.512169203166e-04 3.035066103634e-03 8.283955224881e-03 1.928393538851e-02 3.830970540358e-02 6.565216487381e-02 9.918306653841e-02 1.357081091526e-01 1.725264515306e-01 2.080052972210e-01 2.413997176578e-01 2.724937911141e-01 3.013304836128e-01 3.280592349459e-01 3.528617734794e-01 3.759195620152e-01 3.974011200655e-01 4.174582144373e-01 4.362257638855e-01 4.538231507176e-01 4.703559438371e-01 4.859176243744e-01 5.005911619191e-01 5.144503989477e-01 5.275612456096e-01 5.399827032850e-01 5.517677395289e-01 5.629640363577e-01 5.736146314497e-01 5.837584690484e-01 5.934308747151e-01 6.026639657493e-01 6.114870071243e-01 6.199267211403e-01 6.280075576365e-01 6.357519304870e-01 6.431804251772e-01 6.503119815006e-01 6.571640547826e-01 6.637527585181e-01 6.700929908737e-01 6.761985471458e-01 6.820822199573e-01 6.877558887270e-01 6.932305997272e-01 6.985166378642e-01 7.036235911633e-01 7.085604088097e-01 7.133354534826e-01 7.179565486288e-01 7.224310212355e-01 7.267657405955e-01 7.309671534965e-01 7.350413162123e-01 7.389939236311e-01 7.428303358146e-01 7.465556022486e-01 7.501744840169e-01 7.536914741009e-01 7.571108159898e-01 7.604365207603e-01 7.636723827738e-01 7.668219941169e-01 7.698887579036e-01 7.728759005402e-01 7.757864830485e-01 7.786234115280e-01 7.813894468351e-01 7.840872135443e-01 7.867192082552e-01 7.892878072984e-01 7.917952738917e-01 7.942437647907e-01 7.966353364765e-01 7.989719509162e-01 8.012554809309e-01 8.034877152018e-01 8.056703629433e-01 8.078050582675e-01 8.098933642643e-01 8.119367768182e-01 8.139367281822e-01 8.158945903255e-01 8.178116780718e-01 8.196892520445e-01 8.215285214307e-01 8.233306465779e-01 8.250967414359e-01 8.268278758522e-01 8.285250777334e-01 8.301893350806e-01 8.318215979073e-01 8.334227800476e-01 8.349937608624e-01 8.365353868495e-01 8.380484731652e-01 8.395338050606e-01 8.409921392414e-01 8.424242051526e-01 8.438307061959e-01 8.452123208809e-01 8.465697039172e-01 8.479034872484e-01 8.492142810334e-01 8.505026745771e-01 8.517692372135e-01 8.530145191449e-01 8.542390522388e-01 8.554433507849e-01 8.566279122160e-01
1.000000000000e-12 1.000000000000e-12 1.000000000000e-12 4.244413296959e-11 1.219844797974e-09 2.049225628999e-08 2.313703198822e-07 1.919450604273e-06 1.241753426491e-05 6.522764097697e-05 2.857798155383e-04 1.061312465545e-03 3.364312926148e-03 9.101174720644e-03 2.094782754401e-02 4.108318532882e-02 6.950784447388e-02 1.038264714673e-01 1.407735736873e-01 1.777281804220e-01 2.131707830715e-01 2.464419682004e-01 2.773761948455e-01 3.060424000833e-01 3.326022618227e-01 3.572427734189e-01 3.801473216989e-01 4.014848167170e-01 4.214067470335e-01 4.400474884169e-01 4.575258003305e-01 4.739466309138e-01 4.894028765941e-01 5.039769701934e-01 5.177422672643e-01 5.307642385103e-01 5.431014893582e-01 5.548066305139e-01 5.659270219936e-01 5.765054104167e-01 5.865804764143e-01 5.961873062949e-01 6.053577997561e-01 6.141210234494e-01 6.225035185570e-01 6.305295691868e-01 6.382214372725e-01 6.455995687475e-01 6.526827750064e-01 6.594883930369e-01 6.660324270915e-01 6.723296743337e-01 6.783938365323e-01 6.842376195804e-01 6.898728223582e-01 6.953104162476e-01 7.005606164260e-01 7.056329459146e-01 7.105362932255e-01 7.152789643414e-01 7.198687296681e-01 7.243128665177e-01 7.286181976111e-01 7.327911260286e-01 7.368376669839e-01 7.407634767553e-01 7.445738790648e-01 7.482738891640e-01 7.518682358578e-01 7.553613816664e-01 7.587575413090e-01 7.620606986686e-01 7.652746223816e-01 7.684028801813e-01 7.714488521093e-01 7.744157426980e-01 7.773065922159e-01 7.801242870603e-01 7.828715693694e-01 7.855510459239e-01 7.881651963971e-01 7.907163810088e-01 7.932068476325e-01 7.956387384018e-01 7.980140958554e-01 8.003348686586e-01 8.026029169353e-01 8.048200172400e-01 8.069878671992e-01 8.091080898458e-01 8.111822376725e-01 8.132117964223e-01 8.151981886377e-01 8.171427769863e-01 8.190468673777e-01 8.209117118885e-01 8.227385115079e-01 8.245284187167e-01 8.262825399122e-01 8.280019376886e-01 8.296876329837e-01 8.313406071002e-01 8.329618036106e-01 8.345521301536e-01 8.361124601282e-01 8.376436342933e-01 8.391464622783e-01 8.406217240109e-01 8.420701710662e-01 8.434925279441e-01 8.448894932771e-01 8.462617409749e-01 8.476099213082e-01 8.489346619363e-01 8.502365688814e-01 8.515162274528e-01 8.527742031249e-01 8.540110423696e-01 8.552272734484e-01 8.564234071645e-01 8.575999375780e-01
1.000000000000e-12 1.000000000000e-12 1.000000000000e-12 4.825015379825e-11 1.385515525390e-09 2.325142645277e-08 2.621948687544e-07 2.171796534718e-06 1.402228696807e-05 7.346628159496e-05 3.207448543275e-04 1.185339898936e-03 3.731740980249e-03 1.000119716473e-02 2.274972604151e-02 4.403129496658e-02 7.353545961747e-02 1.086102183923e-01 1.459424554807e-01 1.830046892515e-01 2.183926381789e-01 2.515296793180e-01 2.822976792298e-01 3.107895227643e-01 3.371779627181e-01 3.616546368171e-01 3.844045347940e-01 4.055967919466e-01 4.253825323978e-01 4.438955426903e-01 4.612539335230e-01 4.775620168612e-01 4.929120945976e-01 5.073860560240e-01 5.210567647751e-01 5.339892481931e-01 5.462417125371e-01 5.578664089357e-01 5.689103730362e-01 5.794160583097e-01 5.894218799115e-01 5.989626832223e-01 6.080701488245e-01 6.167731436737e-01 6.250980265829e-01 6.330689147856e-01 6.407079172283e-01 6.480353393318e-01 6.550698632081e-01 6.618287066934e-01 6.683277640469e-01 6.745817307337e-01 6.806042143526e-01 6.864078334709e-01 6.920043058761e-01 6.974045275449e-01 7.026186434468e-01 7.076561111521e-01 7.125257580827e-01 7.172358331349e-01 7.217940533092e-01 7.262076459012e-01 7.304833867397e-01 7.346276348970e-01 7.386463642448e-01 7.425451921861e-01 7.463294058533e-01 7.500039860285e-01 7.535736290158e-01 7.570427666650e-01 7.604155847277e-01 7.636960397058e-01 7.668878743343e-01 7.699946318256e-01 7.730196689906e-01 7.759661683370e-01 7.788371492380e-01 7.816354782525e-01 7.843638786725e-01 7.870249393624e-01 7.896211229528e-01 7.921547734418e-01 7.946281232536e-01 7.970432997990e-01 7.994023315783e-01 8.017071538640e-01 8.039596139953e-01 8.061614763167e-01 8.083144267868e-01 8.104200772838e-01 8.124799696301e-01 8.144955793571e-01 8.164683192306e-01 8.183995425524e-01 8.202905462569e-01 8.221425738151e-01 8.239568179619e-01 8.257344232571e-01 8.274764884940e-01 8.291840689635e-01 8.308581785866e-01 8.324997919216e-01 8.341098460559e-01 8.356892423901e-01 8.372388483202e-01 8.387594988268e-01 8.402519979748e-01 8.417171203313e-01 8.431556123061e-01 8.445681934195e-01 8.459555575025e-01 8.473183738329e-01 8.486572882122e-01 8.499729239858e-01 8.512658830107e-01 8.525367465737e-01 8.537860762624e-01 8.550144147930e-01 8.562222867963e-01 8.574101995647e-01 8.585786437627e-01
1.000000000000e-12 1.000000000000e-12 1.000000000000e-12 5.494728713929e-11 1.576428675795e-09 2.642726525193e-08 2.976227008531e-07 2.461291153959e-06 1.585881584091e-05 8.286370305860e-05 3.604413900123e-04 1.325192307426e-03 4.141941722466e-03 1.099213385432e-02 2.469922551808e-02 4.716077670351e-02 7.773688575229e-02 1.135330912166e-01 1.512129167418e-01 1.883547062249e-01 2.236703155979e-01 2.566628318200e-01 2.872585378558e-01 3.155723100162e-01 3.417868740712e-01 3.660979311976e-01 3.886917755508e-01 4.097376145483e-01 4.293861280468e-01 4.477704703960e-01 4.650080792742e-01 4.812026158959e-01 4.964457781929e-01 5.108189053498e-01 5.243943641617e-01 5.372367347091e-01 5.494038208549e-01 5.609475113961e-01 5.719145152095e-01 5.823469904950e-01 5.922830850349e-01 6.017574015761e-01 6.108014000426e-01 6.194437462923e-01 6.277106154928e-01 6.356259568363e-01 6.432117252137e-01 6.504880845529e-01 6.574735867812e-01 6.641853297523e-01 6.706390969653e-01 6.768494814782e-01 6.828299960633e-01 6.885931713530e-01 6.941506434775e-01 6.995132324825e-01 7.046910126403e-01 7.096933756140e-01 7.145290873099e-01 7.192063391399e-01 7.237327943269e-01 7.281156298016e-01 7.323615741738e-01 7.364769422013e-01 7.404676661254e-01 7.443393242030e-01 7.480971667220e-01 7.517461397548e-01 7.552909068782e-01 7.587358690576e-01 7.620851828753e-01 7.653427772615e-01 7.685123688689e-01 7.715974762185e-01 7.746014327283e-01 7.775273987281e-01 7.803783725498e-01 7.831572007761e-01 7.858665877211e-01 7.885091042081e-01 7.910871957064e-01 7.936031898793e-01 7.960593035940e-01 7.984576494357e-01 8.008002417689e-01 8.030890023795e-01 8.053257657333e-01 8.075122838795e-01 8.096502310276e-01 8.117412078233e-01 8.137867453442e-01 8.157883088393e-01 8.177473012291e-01 8.196650663847e-01 8.215428922024e-01 8.233820134880e-01 8.251836146644e-01 8.269488323154e-01 8.286787575769e-01 8.303744383860e-01 8.320368815978e-01 8.336670549792e-01 8.352658890875e-01 8.368342790413e-01 8.383730861923e-01 8.398831397021e-01 8.413652380324e-01 8.428201503527e-01 8.442486178710e-01 8.456513550937e-01 8.470290510165e-01 8.483823702532e-01 8.497119541051e-01 8.510184215734e-01 8.523023703212e-01 8.535643775842e-01 8.548050010366e-01 8.560247796125e-01 8.572242342868e-01 8.584038688165e-01 8.595641704471e-01
1.000000000000e-12 1.000000000000e-12 1.010604237522e-12 6.268761326400e-11 1.796860270571e-09 3.008970605315e-08 3.384173671748e-07 2.794001168791e-06 1.796416906232e-05 9.359945606632e-05 4.055683261135e-04 1.483033193244e-03 4.600053486764e-03 1.208276932186e-02 2.680622245291e-02 5.047807602374e-02 8.211351967456e-02 1.185936099770e-01 1.565830824424e-01 1.937770211706e-01 2.290033456722e-01 2.618414715878e-01 2.922591143330e-01 3.203912589635e-01 3.464295637822e-01 3.705732509979e-01 3.930096422720e-01 4.139078754868e-01 4.334181123483e-01 4.516728350818e-01 4.687887856219e-01 4.848689606157e-01 5.000044449724e-01 5.142760213539e-01 5.277555548524e-01 5.405071743923e-01 5.525882781934e-01 5.640503899352e-01 5.749398892882e-01 5.852986370210e-01 5.951645116116e-01 6.045718714337e-01 6.135519541785e-01 6.221332231768e-01 6.303416686470e-01 6.382010705494e-01 6.457332286286e-01 6.529581643181e-01 6.598942984399e-01 6.665586080168e-01 6.729667650044e-01 6.791332593300e-01 6.850715082686e-01 6.907939538966e-01 6.963121501094e-01 7.016368404853e-01 7.067780280995e-01 7.117450382423e-01 7.165465748694e-01 7.211907715024e-01 7.256852372062e-01 7.300370981905e-01 7.342530355129e-01 7.383393193030e-01 7.423018398778e-01 7.461461360715e-01 7.498774210667e-01 7.535006059811e-01 7.570203214329e-01 7.604409372847e-01 7.637665807435e-01 7.670011529728e-01 7.701483443589e-01 7.732116485565e-01 7.761943754256e-01 7.790996629614e-01 7.819304883057e-01 7.846896779239e-01 7.873799170181e-01 7.900037582429e-01 7.925636297850e-01 7.950618428576e-01 7.975005986606e-01 7.998819948493e-01 8.022080315522e-01 8.044806169735e-01 8.067015726144e-01 8.088726381418e-01 8.109954759336e-01 8.130716753229e-01 8.151027565671e-01 8.170901745599e-01 8.190353223070e-01 8.209395341821e-01 8.228040889797e-01 8.246302127789e-01 8.264190816319e-01 8.281718240902e-01 8.298895235783e-01 8.315732206273e-01 8.332239149766e-01 8.348425675537e-01 8.364301023394e-01 8.379874081264e-01 8.395153401789e-01 8.410147217987e-01 8.424863458047e-01 8.439309759302e-01 8.453493481453e-01 8.467421719064e-01 8.481101313403e-01 8.494538863636e-01 8.507740737454e-01 8.520713081124e-01 8.533461829038e-01 8.545992712758e-01 8.558311269614e-01 8.570422850860e-01 8.582332629425e-01 8.594045607281e-01 8.605566622443e-01
1.000000000000e-12 1.000000000000e-12 1.156034348376e-12 7.165185843499e-11 2.051885656290e-09 3.432162979430e-08 3.854820210293e-07 3.177083751308e-06 2.038189395725e-05 1.058834431253e-04 4.569357791051e-04 1.661335909546e-03 5.111820319014e-03 1.328258635420e-02 2.908085919066e-02 5.398927012725e-02 8.666626645863e-02 1.237900536365e-01 1.620510608673e-01 1.992704953153e-01 2.343913394011e-01 2.670657106164e-01 2.972998028346e-01 3.252469060975e-01 3.511066319657e-01 3.750812184354e-01 3.973587582407e-01 4.181081888513e-01 4.374790854773e-01 4.556032210985e-01 4.725966205898e-01 4.885616029050e-01 5.035886311951e-01 5.177579253226e-01 5.311408438586e-01 5.438010606750e-01 5.557955650769e-01 5.671755128059e-01 5.779869518519e-01 5.882714433548e-01 5.980665945197e-01 6.074065175731e-01 6.163222263672e-01 6.248419802459e-01 6.329915831478e-01 6.407946445853e-01 6.482728080425e-01 6.554459514360e-01 6.623323635420e-01 6.689488996856e-01 6.753111194793e-01 6.814334089795e-01 6.873290892800e-01 6.930105132658e-01 6.984891520081e-01 7.037756720695e-01 7.088800048178e-01 7.138114086947e-01 7.185785252610e-01 7.231894297329e-01 7.276516766293e-01 7.319723410755e-01 7.361580562354e-01 7.402150472910e-01 7.441491623342e-01 7.479659004938e-01 7.516704375815e-01 7.552676495094e-01 7.587621337007e-01 7.621582286927e-01 7.654600321060e-01 7.686714171387e-01 7.717960477221e-01 7.748373924667e-01 7.777987375056e-01 7.806831983388e-01 7.834937307667e-01 7.862331409929e-01 7.889040949703e-01 7.915091270550e-01 7.940506480268e-01 7.965309525311e-01 7.989522259883e-01 8.013165510165e-01 8.036259134062e-01 8.058822076825e-01 8.080872422891e-01 8.102427444222e-01 8.123503645425e-01 8.144116805902e-01 8.164282019245e-01 8.184013730096e-01 8.203325768655e-01 8.222231383003e-01 8.240743269414e-01 8.258873600786e-01 8.276634053337e-01 8.294035831679e-01 8.311089692392e-01 8.327805966197e-01 8.344194578820e-01 8.360265070653e-01 8.376026615265e-01 8.391488036872e-01 8.406657826806e-01 8.421544159065e-01 8.436154905004e-01 8.450497647209e-01 8.464579692621e-01 8.478408084949e-01 8.491989616414e-01 8.505330838881e-01 8.518438074390e-01 8.531317425151e-01 8.543974783012e-01 8.556415838450e-01 8.568646089101e-01 8.580670847857e-01 8.592495250565e-01 8.604124263338e-01 8.615562689514e-01
1.000000000000e-12 1.000000000000e-12 1.324961711221e-12 8.205531305498e-11 2.347543355931e-09 3.922149251130e-08 4.398873708952e-07 3.619000826671e-06 2.316327897927e-05 1.199614643751e-04 5.154838656903e-04 1.862928682966e-03 5.683654958643e-03 1.460178442320e-02 3.153345633538e-02 5.769999675637e-02 9.139553315915e-02 1.291204858948e-01 1.676149640046e-01 2.048340703848e-01 2.398339914438e-01 2.723357279623e-01 3.023810486710e-01 3.301398279530e-01 3.558187117845e-01 3.796224844528e-01 4.017397727254e-01 4.223391928810e-01 4.415696704399e-01 4.595622346091e-01 4.764321731758e-01 4.922811149004e-01 5.071988927273e-01 5.212651575615e-01 5.345507566668e-01 5.471189049562e-01 5.590261795180e-01 5.703233652981e-01 5.810561760900e-01 5.912658711670e-01 6.009897844545e-01 6.102617802215e-01 6.191126468416e-01 6.275704381809e-01 6.356607705392e-01 6.434070817388e-01 6.508308578653e-01 6.579518322732e-01 6.647881607322e-01 6.713565759842e-01 6.776725244810e-01 6.837502876529e-01 6.896030897124e-01 6.952431937048e-01 7.006819872743e-01 7.059300594078e-01 7.109972692442e-01 7.158928078900e-01 7.206252540579e-01 7.252026242342e-01 7.296324179955e-01 7.339216590106e-01 7.380769322017e-01 7.421044174763e-01 7.460099203941e-01 7.497989000896e-01 7.534764947319e-01 7.570475447713e-01 7.605166141948e-01 7.638880099863e-01 7.671657999653e-01 7.703538291604e-01 7.734557348563e-01 7.764749604364e-01 7.794147681346e-01 7.822782507925e-01 7.850683427133e-01 7.877878296916e-01 7.904393582914e-01 7.930254444367e-01 7.955484813743e-01 7.980107470610e-01 8.004144110230e-01 8.027615407319e-01 8.050541075358e-01 8.072939921815e-01 8.094829899599e-01 8.116228155058e-01 8.137151072763e-01 8.157614317356e-01 8.177632872655e-01 8.197221078251e-01 8.216392663756e-01 8.235160780902e-01 8.253538033625e-01 8.271536506291e-01 8.289167790200e-01 8.306443008475e-01 8.323372839464e-01 8.339967538755e-01 8.356236959887e-01 8.372190573864e-01 8.387837487540e-01 8.403186460952e-01 8.418245923676e-01 8.433023990264e-01 8.447528474822e-01 8.461766904791e-01 8.475746533968e-01 8.489474354834e-01 8.502957110214e-01 8.516201304321e-01 8.529213213216e-01 8.541998894728e-01 8.554564197855e-01 8.566914771690e-01 8.579056073882e-01 8.590993378687e-01 8.602731784597e-01 8.614276221610e-01 8.625631458127e-01
1.000000000000e-12 1.000000000000e-12 1.521610881031e-12 9.415508372151e-11 2.691035554749e-09 4.490653417548e-08 5.029057290732e-07 4.129779128487e-06 2.636885249790e-05 1.361218484343e-04 5.823047984639e-04 2.091045907479e-03 6.322705583243e-03 1.605128955316e-02 3.417443327407e-02 6.161538491466e-02 9.630122971547e-02 1.345827836173e-01 1.732729275500e-01 2.104667770027e-01 2.453310827862e-01 2.776517706204e-01 3.075033489070e-01 3.350706418649e-01 3.605664703732e-01 3.841977297500e-01 4.061533620651e-01 4.266015510676e-01 4.456905141712e-01 4.635505046695e-01 4.802960544099e-01 4.960280900211e-01 5.108358060466e-01 5.247982783728e-01 5.379858381900e-01 5.504612375276e-01 5.622806379206e-01 5.734944506182e-01 5.841480526588e-01 5.942823991686e-01 6.039345487457e-01 6.131381158536e-01 6.219236617126e-01 6.303190331884e-01 6.383496575534e-01 6.460387996699e-01 6.534077870621e-01 6.604762074549e-01 6.672620826289e-01 6.737820218377e-01 6.800513575372e-01 6.860842657592e-01 6.918938731199e-01 6.974923521616e-01 7.028910064858e-01 7.081003469312e-01 7.131301598744e-01 7.179895685905e-01 7.226870884793e-01 7.272306768645e-01 7.316277779741e-01 7.358853636415e-01 7.400099701908e-01 7.440077319206e-01 7.478844115448e-01 7.516454279084e-01 7.552958812599e-01 7.588405763262e-01 7.622840434115e-01 7.656305577132e-01 7.688841570296e-01 7.720486580125e-01 7.751276711025e-01 7.781246142705e-01 7.810427256744e-01 7.838850753301e-01 7.866545758852e-01 7.893539925746e-01 7.919859524302e-01 7.945529528081e-01 7.970573692924e-01 7.995014630282e-01 8.018873875303e-01 8.042171950120e-01 8.064928422725e-01 8.087161961782e-01 8.108890387708e-01 8.130130720303e-01 8.150899223222e-01 8.171211445495e-01 8.191082260360e-01 8.210525901576e-01 8.229555997432e-01 8.248185602596e-01 8.266427227983e-01 8.284292868778e-01 8.301794030732e-01 8.318941754878e-01 8.335746640758e-01 8.352218868269e-01 8.368368218231e-01 8.384204091751e-01 8.399735528471e-01 8.414971223778e-01 8.429919545037e-01 8.444588546913e-01 8.458985985841e-01 8.473119333709e-01 8.486995790781e-01 8.500622297932e-01 8.514005548223e-01 8.527151997864e-01 8.540067876598e-01 8.552759197547e-01 8.565231766543e-01 8.577491190985e-01 8.589542888247e-01 8.601392093657e-01 8.613043868081e-01 8.624503105133e-01 8.635774538021e-01
1.000000000000e-12 1.000000000000e-12 1.751045346735e-12 1.082590056949e-10 3.090974113794e-09 5.151670839761e-08 5.760525969606e-07 4.721326590532e-06 3.007019547615e-05 1.547033932275e-04 6.586688813903e-04 2.349386434662e-03 7.036925676768e-03 1.764275342909e-02 3.701421695895e-02 6.573998930202e-02 1.013827773220e-01 1.401746674343e-01 1.790231303197e-01 2.161677423734e-01 2.508824830985e-01 2.830141543532e-01 3.126672530407e-01 3.400400068188e-01 3.653506098576e-01 3.888076659092e-01 4.106002308437e-01 4.308959533415e-01 4.498422887118e-01 4.675686843847e-01 4.841888984835e-01 4.998031440708e-01 5.144999693143e-01 5.283578690990e-01 5.414466537831e-01 5.538286085631e-01 5.655594760427e-01 5.766892908282e-01 5.872630905978e-01 5.973215240043e-01 6.069013722290e-01 6.160359980429e-01 6.247557338017e-01 6.330882178144e-01 6.410586869065e-01 6.486902316828e-01 6.560040199169e-01 6.630194926124e-01 6.697545365564e-01 6.762256365892e-01 6.824480103164e-01 6.884357275819e-01 6.942018166740e-01 6.997583589542e-01 7.051165733519e-01 7.102868919718e-01 7.152790278837e-01 7.201020360223e-01 7.247643680010e-01 7.292739215372e-01 7.336380850963e-01 7.378637782872e-01 7.419574884723e-01 7.459253039998e-01 7.497729444164e-01 7.535057879762e-01 7.571288967228e-01 7.606470393923e-01 7.640647123535e-01 7.673861587794e-01 7.706153862222e-01 7.737561827440e-01 7.768121317408e-01 7.797866255803e-01 7.826828781640e-01 7.855039365113e-01 7.882526914517e-01 7.909318875067e-01 7.935441320296e-01 7.960919036695e-01 7.985775602156e-01 8.010033458754e-01 8.033713980322e-01 8.056837535267e-01 8.079423545003e-01 8.101490538352e-01 8.123056202240e-01 8.144137428981e-01 8.164750360399e-01 8.184910429052e-01 8.204632396766e-01 8.223930390679e-01 8.242817936993e-01 8.261307992587e-01 8.279412974662e-01 8.297144788548e-01 8.314514853810e-01 8.331534128776e-01 8.348213133588e-01 8.364561971890e-01 8.380590351235e-01 8.396307602309e-01 8.411722697041e-01 8.426844265683e-01 8.441680612921e-01 8.456239733086e-01 8.470529324512e-01 8.484556803115e-01 8.498329315224e-01 8.511853749723e-01 8.525136749537e-01 8.538184722513e-01 8.551003851730e-01 8.563600105265e-01 8.575979245463e-01 8.588146837717e-01 8.600108258822e-01 8.611868704889e-01 8.623433198876e-01 8.634806597737e-01 8.645993599227e-01
1.000000000000e-12 1.000000000000e-12 2.019350406526e-12 1.247366287366e-10 3.557683338535e-09 5.921950876008e-08 6.611375953247e-07 5.407818269728e-06 3.435213867944e-05 1.761048905596e-04 7.460550989187e-04 2.642179610953e-03 7.835146061998e-03 1.938853936738e-02 4.006313952328e-02 7.007773037240e-02 1.066391243444e-01 1.458937340239e-01 1.848638128866e-01 2.219361972490e-01 2.564881528170e-01 2.884232644979e-01 3.178733637558e-01 3.450486244033e-01 3.701718684802e-01 3.934530366204e-01 4.150811131584e-01 4.352231173479e-01 4.540256924700e-01 4.716174521466e-01 4.881113639585e-01 5.036069164149e-01 5.181920035214e-01 5.319445332379e-01 5.449337903290e-01 5.572215891750e-01 5.688632500259e-01 5.799084278490e-01 5.904018183070e-01 6.003837612069e-01 6.098907581788e-01 6.189559183726e-01 6.276093435307e-01 6.358784618141e-01 6.437883181501e-01 6.513618275591e-01 6.586199968478e-01 6.655821191820e-01 6.722659453285e-01 6.786878347676e-01 6.848628893812e-01 6.908050720173e-01 6.965273118888e-01 7.020415984828e-01 7.073590654125e-01 7.124900654502e-01 7.174442378008e-01 7.222305685395e-01 7.268574450079e-01 7.313327048637e-01 7.356636803857e-01 7.398572385614e-01 7.439198174188e-01 7.478574590063e-01 7.516758393754e-01 7.553802958801e-01 7.589758520691e-01 7.624672404137e-01 7.658589230893e-01 7.691551110009e-01 7.723597812246e-01 7.754766930157e-01 7.785094025193e-01 7.814612763055e-01 7.843355038351e-01 7.871351089558e-01 7.898629605135e-01 7.925217821583e-01 7.951141614156e-01 7.976425580850e-01 8.001093120257e-01 8.025166503785e-01 8.048666942727e-01 8.071614650596e-01 8.094028901111e-01 8.115928082189e-01 8.137329746254e-01 8.158250657156e-01 8.178706833969e-01 8.198713591890e-01 8.218285580487e-01 8.237436819465e-01 8.256180732163e-01 8.274530176929e-01 8.292497476534e-01 8.310094445771e-01 8.327332417365e-01 8.344222266309e-01 8.360774432742e-01 8.376998943473e-01 8.392905432233e-01 8.408503158750e-01 8.423801026726e-01 8.438807600781e-01 8.453531122449e-01 8.467979525264e-01 8.482160449018e-01 8.496081253232e-01 8.509749029889e-01 8.523170615485e-01 8.536352602427e-01 8.549301349834e-01 8.562022993764e-01 8.574523456909e-01 8.586808457792e-01 8.598883519485e-01 8.610753977892e-01 8.622424989612e-01 8.633901539402e-01 8.645188447282e-01 8.656290375284e-01
1.000000000000e-12 1.000000000000e-12 2.333859570895e-12 1.440328003999e-10 4.103573724813e-09 6.821591386097e-08 7.603270163222e-07 6.206168320544e-06 3.931543202755e-05 2.007965679043e-04 8.461871102462e-04 2.974259814081e-03 8.727147745752e-03 2.130169265186e-02 4.333132581993e-02 7.463184193626e-02 1.120687696698e-01 1.517374895709e-01 1.907932952839e-01 2.277714821929e-01 2.621481449848e-01 2.938795567768e-01 3.231223377677e-01 3.500972398769e-01 3.750310218390e-01 3.981346190152e-01 4.195967739912e-01 4.395837898194e-01 4.582414515780e-01 4.756975129621e-01 4.920641350625e-01 5.074400712421e-01 5.219125537155e-01 5.355588976363e-01 5.484478573988e-01 5.606407725446e-01 5.721925374963e-01 5.831524245329e-01 5.935647845943e-01 6.034696462186e-01 6.129032293042e-01 6.218983874087e-01 6.304849898727e-01 6.386902530822e-01 6.465390285813e-01 6.540540544483e-01 6.612561752793e-01 6.681645352598e-01 6.747967480856e-01 6.811690469085e-01 6.872964169930e-01 6.931927133648e-01 6.988707653964e-01 7.043424699906e-01 7.096188747860e-01 7.147102526094e-01 7.196261682308e-01 7.243755383337e-01 7.289666854918e-01 7.334073868394e-01 7.377049180345e-01 7.418660930370e-01 7.458973001598e-01 7.498045347935e-01 7.535934291586e-01 7.572692793936e-01 7.608370702544e-01 7.643014976678e-01 7.676669893516e-01 7.709377236938e-01 7.741176470589e-01 7.772104896728e-01 7.802197802198e-01 7.831488592727e-01 7.860008916630e-01 7.887788778878e-01 7.914856646395e-01 7.941239545357e-01 7.966963151207e-01 7.992051871993e-01 8.016528925620e-01 8.040416411513e-01 8.063735377168e-01 8.086505880008e-01 8.108747044917e-01 8.130477117819e-01 8.151713515595e-01 8.172472872644e-01 8.192771084337e-01 8.212623347608e-01 8.232044198895e-01 8.251047549645e-01 8.269646719539e-01 8.287854467630e-01 8.305683021532e-01 8.323144104804e-01 8.340248962656e-01 8.357008386103e-01 8.373432734666e-01 8.389531957725e-01 8.405315614618e-01 8.420792893568e-01 8.435972629521e-01 8.450863320962e-01 8.465473145780e-01 8.479809976247e-01 8.493881393160e-01 8.507694699207e-01 8.521256931608e-01 8.534574874065e-01 8.547655068079e-01 8.560503823662e-01 8.573127229489e-01 8.585531162517e-01 8.597721297108e-01 8.609703113686e-01 8.621481906950e-01 8.633062793678e-01 8.644450720136e-01 8.655650469122e-01 8.666666666667e-01
1.000000000000e-12 1.000000000000e-12 2.703435754740e-12 1.666845142187e-10 4.743604760160e-09 7.874773262479e-08 8.762208728183e-07 7.136608763884e-06 4.507999499383e-05 2.293338539037e-04 9.610755943255e-04 3.351150207352e-03 9.723733755370e-03 2.339589271189e-02 4.682857254033e-02 7.940482816706e-02 1.176697931839e-01 1.577033838863e-01 1.968099936441e-01 2.336730531631e-01 2.678626068901e-01 2.993835581356e-01 3.284148867762e-01 3.551866433611e-01 3.799288842513e-01 4.028532251190e-01 4.241480106911e-01 4.439787480547e-01 4.624903213467e-01 4.798095998766e-01 4.960479230764e-01 5.113032989142e-01 5.256622903147e-01 5.392016137675e-01 5.519894884960e-01 5.640867751327e-01 5.755479387437e-01 5.864218658130e-01 5.967525597947e-01 6.065797354833e-01 6.159393288161e-01 6.248639357424e-01 6.333831913715e-01 6.415240986488e-01 6.493113142167e-01 6.567673978217e-01 6.639130305762e-01 6.707672065162e-01 6.773474011910e-01 6.836697204331e-01 6.897490319744e-01 6.955990821727e-01 7.012325997768e-01 7.066613883794e-01 7.118964089695e-01 7.169478538018e-01 7.218252126273e-01 7.265373321937e-01 7.310924697987e-01 7.354983415785e-01 7.397621661263e-01 7.438907039583e-01 7.478902932821e-01 7.517668824652e-01 7.555260595530e-01 7.591730791449e-01 7.627128869003e-01 7.661501419144e-01 7.694892371775e-01 7.727343183052e-01 7.758893007099e-01 7.789578853602e-01 7.819435732640e-01 7.848496787931e-01 7.876793419565e-01 7.904355397177e-01 7.931210964415e-01 7.957386935485e-01 7.982908784449e-01 8.007800727916e-01 8.032085801688e-01 8.055785931857e-01 8.078922000841e-01 8.101513908744e-01 8.123580630451e-01 8.145140268777e-01 8.166210103998e-01 8.186806640047e-01 8.206945647622e-01 8.226642204462e-01 8.245910732996e-01 8.264765035556e-01 8.283218327355e-01 8.301283267374e-01 8.318971987322e-01 8.336296118807e-01 8.353266818839e-01 8.369894793799e-01 8.386190321953e-01 8.402163274646e-01 8.417823136240e-01 8.433179022893e-01 8.448239700255e-01 8.463013600156e-01 8.477508836344e-01 8.491733219346e-01 8.505694270500e-01 8.519399235220e-01 8.532855095528e-01 8.546068581921e-01 8.559046184594e-01 8.571794164068e-01 8.584318561262e-01 8.596625207038e-01 8.608719731254e-01 8.620607571349e-01 8.632293980495e-01 8.643784035336e-01 8.655082643345e-01 8.666194549806e-01 8.677124344468e-01
1.000000000000e-12 1.000000000000e-12 3.138821674268e-12 1.933418759055e-10 5.495859841336e-09 9.110670806199e-08 1.011948088743e-06 8.223401172418e-06 5.178888372664e-05 2.623739633792e-04 1.093068042219e-03 3.779156347023e-03 1.083679759572e-02 2.568538471983e-02 5.056422117063e-02 8.439843172583e-02 1.234398928792e-01 1.637888446772e-01 2.029124356747e-01 2.396404864512e-01 2.736317815435e-01 3.049358676378e-01 3.337517785445e-01 3.603176711713e-01 3.848663102513e-01 4.076097034293e-01 4.287356545764e-01 4.484088015111e-01 4.667730878311e-01 4.839544755025e-01 5.000634678237e-01 5.151973174154e-01 5.294419105154e-01 5.428733591014e-01 5.555593423887e-01 5.675602379764e-01 5.789300779842e-01 5.897173599336e-01 5.999657369715e-01 6.097146076185e-01 6.189996215710e-01 6.278531151070e-01 6.363044872322e-01 6.443805257472e-01 6.521056908369e-01 6.595023624943e-01 6.665910570440e-01 6.733906171760e-01 6.799183791918e-01 6.861903205898e-01 6.922211906326e-01 6.980246261443e-01 7.036132544479e-01 7.089987850823e-01 7.141920916969e-01 7.192032853317e-01 7.240417801212e-01 7.287163523200e-01 7.332351934295e-01 7.376059581019e-01 7.418358074107e-01 7.459314480027e-01 7.498991675810e-01 7.537448671151e-01 7.574740901232e-01 7.610920493349e-01 7.646036510014e-01 7.680135170929e-01 7.713260055951e-01 7.745452290907e-01 7.776750717927e-01 7.807192051796e-01 7.836811023624e-01 7.865640513031e-01 7.893711669903e-01 7.921054026664e-01 7.947695601908e-01 7.973662996180e-01 7.998981480556e-01 8.023675078684e-01 8.047766642807e-01 8.071277924308e-01 8.094229639207e-01 8.116641529038e-01 8.138532417491e-01 8.159920263133e-01 8.180822208546e-01 8.201254626154e-01 8.221233160991e-01 8.240772770655e-01 8.259887762649e-01 8.278591829329e-01 8.296898080603e-01 8.314819074583e-01 8.332366846309e-01 8.349552934705e-01 8.366388407881e-01 8.382883886905e-01 8.399049568144e-01 8.414895244286e-01 8.430430324117e-01 8.445663851157e-01 8.460604521210e-01 8.475260698917e-01 8.489640433374e-01 8.503751472872e-01 8.517601278818e-01 8.531197038891e-01 8.544545679480e-01 8.557653877452e-01 8.570528071284e-01 8.583174471613e-01 8.595599071223e-01 8.607807654514e-01 8.619805806483e-01 8.631598921243e-01 8.643192210107e-01 8.654590709268e-01 8.665799287092e-01 8.676822651055e-01 8.687665354331e-01
1.000000000000e-12 1.000000000000e-12 3.653077972217e-12 2.247942820462e-10 6.382262832826e-09 1.056458367582e-07 1.171284463117e-06 9.495714266600e-06 5.961314429661e-05 3.006959067905e-04 1.244907260954e-03 4.265470126120e-03 1.207938533171e-02 2.818488844638e-02 5.454702764286e-02 8.961361448750e-02 1.293764279281e-01 1.699913114801e-01 2.090992748984e-01 2.456734830219e-01 2.794560090365e-01 3.105371574418e-01 3.391338381204e-01 3.654912073008e-01 3.898441962349e-01 4.124049406331e-01 4.333605726672e-01 4.528747935205e-01 4.710905695140e-01 4.881329336628e-01 5.041115392694e-01 5.191228739065e-01 5.332521398049e-01 5.465748385742e-01 5.591581045396e-01 5.710618280812e-01 5.823396047167e-01 5.930395397722e-01 6.032049332043e-01 6.128748646721e-01 6.220846952978e-01 6.308664995767e-01 6.392494384933e-01 6.472600829585e-01 6.549226951071e-01 6.622594737213e-01 6.692907690034e-01 6.760352710710e-01 6.825101758501e-01 6.887313314654e-01 6.947133677514e-01 7.004698111107e-01 7.060131866197e-01 7.113551090017e-01 7.165063638590e-01 7.214769803597e-01 7.262762964092e-01 7.309130171982e-01 7.353952678991e-01 7.397306411821e-01 7.439262401353e-01 7.479887170998e-01 7.519243088654e-01 7.557388686195e-01 7.594378949929e-01 7.630265585062e-01 7.665097256831e-01 7.698919810684e-01 7.731776473600e-01 7.763708038395e-01 7.794753032686e-01 7.824947873965e-01 7.854327012114e-01 7.882923060518e-01 7.910766916833e-01 7.937887874348e-01 7.964313724786e-01 7.990070853295e-01 8.015184326326e-01 8.039677973000e-01 8.063574460519e-01 8.086895364138e-01 8.109661232132e-01 8.131891646185e-01 8.153605277563e-01 8.174819939418e-01 8.195552635524e-01 8.215819605732e-01 8.235636368395e-01 8.255017759991e-01 8.273977972175e-01 8.292530586430e-01 8.310688606509e-01 8.328464488838e-01 8.345870171005e-01 8.362917098500e-01 8.379616249812e-01 8.395978160005e-01 8.412012942886e-01 8.427730311846e-01 8.443139599487e-01 8.458249776100e-01 8.473069467076e-01 8.487606969326e-01 8.501870266770e-01 8.515867044958e-01 8.529604704881e-01 8.543090376016e-01 8.556330928668e-01 8.569332985638e-01 8.582102933270e-01 8.594646931911e-01 8.606970925819e-01 8.619080652558e-01 8.630981651901e-01 8.642679274281e-01 8.654178688816e-01 8.665484890917e-01 8.676602709533e-01 8.687536814019e-01 8.698291720682e-01
1.000000000000e-12 1.000000000000e-12 4.262132966077e-12 2.620032208616e-10 7.429474209314e-09 1.227934900223e-07 1.358799317939e-06 1.098870922319e-05 6.875776405438e-05 3.452246622918e-04 1.419800035218e-03 4.818284294602e-03 1.346574761501e-02 3.090948266862e-02 5.878503210256e-02 9.505055204250e-02 1.354764668983e-01 1.763082688005e-01 2.153693036193e-01 2.517718723062e-01 2.853357278258e-01 3.161881738881e-01 3.445619492198e-01 3.707081850704e-01 3.948634822623e-01 4.172398634728e-01 4.380236695599e-01 4.573776031411e-01 4.754436191179e-01 4.923458011572e-01 5.081929392389e-01 5.230807463966e-01 5.370937335852e-01 5.503067861679e-01 5.627864886423e-01 5.745922399161e-01 5.857771951781e-01 5.963890642577e-01 6.064707909724e-01 6.160611334720e-01 6.251951619156e-01 6.339046868532e-01 6.422186292845e-01 6.501633414424e-01 6.577628857799e-01 6.650392783761e-01 6.720127019427e-01 6.787016927688e-01 6.851233052493e-01 6.912932570704e-01 6.972260576547e-01 7.029351220752e-01 7.084328723196e-01 7.137308275152e-01 7.188396844927e-01 7.237693898742e-01 7.285292047085e-01 7.331277625377e-01 7.375731216591e-01 7.418728122507e-01 7.460338789381e-01 7.500629193097e-01 7.539661188227e-01 7.577492824893e-01 7.614178636836e-01 7.649769903694e-01 7.684314890162e-01 7.717859064352e-01 7.750445297460e-01 7.782114046553e-01 7.812903522142e-01 7.842849841983e-01 7.871987172414e-01 7.900347858392e-01 7.927962543269e-01 7.954860279231e-01 7.981068629258e-01 8.006613761334e-01 8.031520535600e-01 8.055812585046e-01 8.079512390310e-01 8.102641349072e-01 8.125219840480e-01 8.147267285051e-01 8.168802200375e-01 8.189842252990e-01 8.210404306720e-01 8.230504467752e-01 8.250158126714e-01 8.269379997971e-01 8.288184156372e-01 8.306584071616e-01 8.324592640429e-01 8.342222216712e-01 8.359484639799e-01 8.376391260979e-01 8.392952968379e-01 8.409180210355e-01 8.425083017469e-01 8.440671023168e-01 8.455953483240e-01 8.470939294144e-01 8.485637010281e-01 8.500054860271e-01 8.514200762325e-01 8.528082338734e-01 8.541706929574e-01 8.555081605643e-01 8.568213180700e-01 8.581108223035e-01 8.593773066430e-01 8.606213820528e-01 8.618436380663e-01 8.630446437174e-01 8.642249484239e-01 8.653850828255e-01 8.665255595793e-01 8.676468741151e-01 8.687495053530e-01 8.698339163857e-01 8.709005551264e-01
1.000000000000e-12 1.000000000000e-12 4.985474966558e-12 3.061435175870e-10 8.670015733263e-09 1.430710902858e-07 1.580038396726e-06 1.274488582149e-05 7.946898694247e-05 3.970604108722e-04 1.621497585942e-03 5.446917433256e-03 1.501137725029e-02 3.387446410539e-02 6.328543269952e-02 1.007086427660e-01 1.417368401706e-01 1.827372780499e-01 2.217214646030e-01 2.579356155100e-01 2.912714759905e-01 3.218897387261e-01 3.500370557910e-01 3.759695889603e-01 3.999251540345e-01 4.221154407759e-01 4.427258894548e-01 4.619181471552e-01 4.798331255592e-01 4.965939396653e-01 5.123085032686e-01 5.270717455406e-01 5.409674789200e-01 5.540699666084e-01 5.664452382733e-01 5.781521970212e-01 5.892435539097e-01 5.997666198963e-01 6.097639796427e-01 6.192740670777e-01 6.283316589508e-01 6.369682996504e-01 6.452126681792e-01 6.530908962595e-01 6.606268449900e-01 6.678423462166e-01 6.747574137584e-01 6.813904287884e-01 6.877583029855e-01 6.938766225058e-01 6.997597753524e-01 7.054210643366e-01 7.108728074948e-01 7.161264275586e-01 7.211925318436e-01 7.260809837354e-01 7.308009667832e-01 7.353610422805e-01 7.397692010901e-01 7.440329103748e-01 7.481591558084e-01 7.521544797682e-01 7.560250159495e-01 7.597765207863e-01 7.634144020166e-01 7.669437446919e-01 7.703693348919e-01 7.736956813789e-01 7.769270353960e-01 7.800674087941e-01 7.831205906485e-01 7.860901625101e-01 7.889795124212e-01 7.917918478102e-01 7.945302073687e-01 7.971974720035e-01 7.997963749470e-01 8.023295110993e-01 8.047993456704e-01 8.072082221828e-01 8.095583698876e-01 8.118519106462e-01 8.140908653198e-01 8.162771597081e-01 8.184126300740e-01 8.204990282874e-01 8.225380266184e-01 8.245312222075e-01 8.264801412379e-01 8.283862428330e-01 8.302509226990e-01 8.320755165341e-01 8.338613032184e-01 8.356095078038e-01 8.373213043162e-01 8.389978183853e-01 8.406401297123e-01 8.422492743891e-01 8.438262470782e-01 8.453720030625e-01 8.468874601754e-01 8.483735006178e-01 8.498309726712e-01 8.512606923117e-01 8.526634447340e-01 8.540399857887e-01 8.553910433410e-01 8.567173185537e-01 8.580194871004e-01 8.592982003138e-01 8.605540862717e-01 8.617877508256e-01 8.629997785755e-01 8.641907337934e-01 8.653611612994e-01 8.665115872927e-01 8.676425201401e-01 8.687544511257e-01 8.698478551618e-01 8.709231914656e-01 8.719809042022e-01
1.000000000000e-12 1.000000000000e-12 5.847027414253e-12 3.586553906629e-10 1.014368707369e-08 1.671153157403e-07 1.841752736564e-06 1.481575715700e-05 9.204332685577e-05 4.575139323989e-04 1.854389660494e-03 6.161948744734e-03 1.673302717580e-02 3.709518077712e-02 6.805446766768e-02 1.065865318109e-01 1.481541955270e-01 1.892760079222e-01 2.281548614879e-01 2.641648085078e-01 2.972638925083e-01 3.276427505095e-01 3.555601637811e-01 3.812764566414e-01 4.050302450570e-01 4.270326856609e-01 4.474682183530e-01 4.664973822269e-01 4.842600160548e-01 5.008782477970e-01 5.164591025979e-01 5.310967165752e-01 5.448741964162e-01 5.578651771945e-01 5.701351286707e-01 5.817424537392e-01 5.927394154428e-01 6.031729224146e-01 6.130851970716e-01 6.225143463437e-01 6.314948510629e-01 6.400579871846e-01 6.482321896512e-01 6.560433677955e-01 6.635151796466e-01 6.706692712488e-01 6.775254860904e-01 6.841020489078e-01 6.904157274491e-01 6.964819752204e-01 7.023150577722e-01 7.079281646985e-01 7.133335091996e-01 7.185424167906e-01 7.235654045108e-01 7.284122518003e-01 7.330920640493e-01 7.376133296878e-01 7.419839715700e-01 7.462113933073e-01 7.503025211199e-01 7.542638417043e-01 7.581014365531e-01 7.618210131085e-01 7.654279330845e-01 7.689272382546e-01 7.723236739653e-01 7.756217106056e-01 7.788255632373e-01 7.819392095673e-01 7.849664064227e-01 7.879107048727e-01 7.907754641246e-01 7.935638643091e-01 7.962789182560e-01 7.989234823534e-01 8.015002665718e-01 8.040118437264e-01 8.064606580467e-01 8.088490331095e-01 8.111791791935e-01 8.134532001013e-01 8.156730994950e-01 8.178407867842e-01 8.199580826037e-01 8.220267239136e-01 8.240483687517e-01 8.260246006656e-01 8.279569328495e-01 8.298468120083e-01 8.316956219699e-01 8.335046870644e-01 8.352752752877e-01 8.370086012656e-01 8.387058290322e-01 8.403680746369e-01 8.419964085920e-01 8.435918581715e-01 8.451554095724e-01 8.466880099474e-01 8.481905693183e-01 8.496639623781e-01 8.511090301884e-01 8.525265817809e-01 8.539173956676e-01 8.552822212662e-01 8.566217802473e-01 8.579367678061e-01 8.592278538657e-01 8.604956842156e-01 8.617408815879e-01 8.629640466781e-01 8.641657591106e-01 8.653465783551e-01 8.665070445948e-01 8.676476795505e-01 8.687689872625e-01 8.698714548336e-01 8.709555531342e-01 8.720217374732e-01 8.730704482356e-01
1.000000000000e-12 1.000000000000e-12 6.876259402745e-12 4.213104037105e-10 1.189935683540e-08 1.957060944771e-07 2.152186053609e-06 1.726393954915e-05 1.068386997790e-04 5.281494994819e-04 2.123614275564e-03 6.975361324160e-03 1.864870307414e-02 4.058684085483e-02 7.309731015087e-02 1.126821499093e-01 1.547250558268e-01 1.959222629123e-01 2.346687679710e-01 2.704596843930e-01 3.033137186007e-01 3.334481861909e-01 3.611323431264e-01 3.866298812236e-01 4.101798390090e-01 4.319926579371e-01 4.522516864351e-01 4.711163072364e-01 4.887252583974e-01 5.051996633053e-01 5.206456463198e-01 5.351565414072e-01 5.488147422525e-01 5.616932497698e-01 5.738569686515e-01 5.853637970813e-01 5.962655461159e-01 6.066087185303e-01 6.164351713315e-01 6.257826816034e-01 6.346854316888e-01 6.431744267807e-01 6.512778556444e-01 6.590214032962e-01 6.664285229360e-01 6.735206731969e-01 6.803175257612e-01 6.868371475738e-01 6.930961612059e-01 6.991098863651e-01 7.048924650885e-01 7.104569727727e-01 7.158155168740e-01 7.209793248496e-01 7.259588226803e-01 7.307637051344e-01 7.354029987660e-01 7.398851185107e-01 7.442179186254e-01 7.484087386199e-01 7.524644447458e-01 7.563914675367e-01 7.601958358308e-01 7.638832076540e-01 7.674588982978e-01 7.709279058832e-01 7.742949346706e-01 7.775644163437e-01 7.807405294694e-01 7.838272173151e-01 7.868282041806e-01 7.897470103893e-01 7.925869660640e-01 7.953512238011e-01 7.980427703450e-01 8.006644373526e-01 8.032189113309e-01 8.057087428195e-01 8.081363548851e-01 8.105040509867e-01 8.128140222660e-01 8.150683543106e-01 8.172690334344e-01 8.194179525150e-01 8.215169164239e-01 8.235676470823e-01 8.255717881724e-01 8.275309095312e-01 8.294465112514e-01 8.313200275121e-01 8.331528301598e-01 8.349462320582e-01 8.367014902249e-01 8.384198087690e-01 8.401023416462e-01 8.417501952432e-01 8.433644308035e-01 8.449460667067e-01 8.464960806112e-01 8.480154114691e-01 8.495049614232e-01 8.509655975929e-01 8.523981537581e-01 8.538034319457e-01 8.551822039270e-01 8.565352126314e-01 8.578631734809e-01 8.591667756517e-01 8.604466832667e-01 8.617035365238e-01 8.629379527636e-01 8.641505274805e-01 8.653418352805e-01 8.665124307894e-01 8.676628495132e-01 8.687936086557e-01 8.699052078931e-01 8.709981301107e-01 8.720728421022e-01 8.731297952342e-01 8.741694260788e-01
1.000000000000e-12 1.000000000000e-12 8.109600552421e-12 4.962953529598e-10 1.399723572058e-08 2.298020298065e-07 2.521436877255e-06 2.016576880140e-05 1.242882055678e-04 6.108368945001e-04 2.435185291929e-03 7.900691646212e-03 2.077762431092e-02 4.436429945627e-02 7.841798021346e-02 1.189927663826e-01 1.614458776750e-01 2.026740097478e-01 2.412626358352e-01 2.768206157667e-01 3.094217991968e-01 3.393071029479e-01 3.667547299909e-01 3.920310137425e-01 4.153750723357e-01 4.369964667149e-01 4.570773706411e-01 4.757759658038e-01 4.932298634149e-01 5.095591654765e-01 5.248690837015e-01 5.392521408675e-01 5.527900103688e-01 5.655550528503e-01 5.776116026818e-01 5.890170487412e-01 5.998227460363e-01 6.100747878632e-01 6.198146625746e-01 6.290798144879e-01 6.379041248183e-01 6.463183256060e-01 6.543503572677e-01 6.620256785244e-01 6.693675359416e-01 6.763971990890e-01 6.831341663288e-01 6.895963454241e-01 6.958002124894e-01 7.017609522550e-01 7.074925821563e-01 7.130080623862e-01 7.183193937255e-01 7.234377047091e-01 7.283733294573e-01 7.331358773202e-01 7.377342953213e-01 7.421769242546e-01 7.464715491749e-01 7.506254449255e-01 7.546454172612e-01 7.585378400580e-01 7.623086890353e-01 7.659635723677e-01 7.695077585151e-01 7.729462015612e-01 7.762835643185e-01 7.795242394241e-01 7.826723686289e-01 7.857318604568e-01 7.887064063940e-01 7.915994957471e-01 7.944144292981e-01 7.971543318668e-01 7.998221638819e-01 8.024207320515e-01 8.049526992125e-01 8.074205934322e-01 8.098268164283e-01 8.121736513646e-01 8.144632700773e-01 8.166977397784e-01 8.188790292808e-01 8.210090147846e-01 8.230894852589e-01 8.251221474536e-01 8.271086305688e-01 8.290504906100e-01 8.309492144530e-01 8.328062236407e-01 8.346228779326e-01 8.364004786253e-01 8.381402716608e-01 8.398434505394e-01 8.415111590495e-01 8.431444938296e-01 8.447445067729e-01 8.463122072864e-01 8.478485644145e-01 8.493545088365e-01 8.508309347466e-01 8.522787016243e-01 8.536986359033e-01 8.550915325439e-01 8.564581565176e-01 8.577992442081e-01 8.591155047340e-01 8.604076211992e-01 8.616762518753e-01 8.629220313195e-01 8.641455714333e-01 8.653474624643e-01 8.665282739557e-01 8.676885556467e-01 8.688288383252e-01 8.699496346378e-01 8.710514398584e-01 8.721347326177e-01 8.731999755965e-01 8.742476161846e-01 8.752780871075e-01
1.000000000000e-12 1.000000000000e-12 9.592251123708e-12 5.863194038133e-10 1.651177315000e-08 2.705854026485e-07 2.961916535059e-06 2.361458592289e-05 1.449172304479e-04 7.078145210350e-04 2.796140101873e-03 8.953181820326e-03 2.314014662339e-02 4.844182741961e-02 8.401927822072e-02 1.255150552916e-01 1.683131100130e-01 2.095294015690e-01 2.479361019080e-01 2.832481168458e-01 3.155890845669e-01 3.452206402734e-01 3.724285292772e-01 3.974810659057e-01 4.206171370863e-01 4.420452732472e-01 4.619463974701e-01 4.804774490252e-01 4.977748876322e-01 5.139577777157e-01 5.291304066948e-01 5.433844771476e-01 5.568009348331e-01 5.694514939252e-01 5.813999131134e-01 5.927030672723e-01 6.034118511998e-01 6.135719450015e-01 6.232244650472e-01 6.324065198908e-01 6.411516869121e-01 6.494904225445e-01 6.574504166258e-01 6.650568995508e-01 6.723329093962e-01 6.792995249723e-01 6.859760697663e-01 6.923802909312e-01 6.985285168116e-01 7.044357959493e-01 7.101160200608e-01 7.155820331018e-01 7.208457282207e-01 7.259181341429e-01 7.308094923043e-01 7.355293258709e-01 7.400865016219e-01 7.444892855447e-01 7.487453928716e-01 7.528620331992e-01 7.568459512432e-01 7.607034637133e-01 7.644404927341e-01 7.680625961817e-01 7.715749952641e-01 7.749825996331e-01 7.782900302812e-01 7.815016404490e-01 7.846215347407e-01 7.876535866258e-01 7.906014544820e-01 7.934685963213e-01 7.962582833216e-01 7.989736122766e-01 8.016175170639e-01 8.041927792186e-01 8.067020376952e-01 8.091477978873e-01 8.115324399722e-01 8.138582266364e-01 8.161273102373e-01 8.183417394465e-01 8.205034654192e-01 8.226143475281e-01 8.246761586975e-01 8.266905903697e-01 8.286592571329e-01 8.305837010372e-01 8.324653956228e-01 8.343057496832e-01 8.361061107824e-01 8.378677685459e-01 8.395919577413e-01 8.412798611644e-01 8.429326123453e-01 8.445512980871e-01 8.461369608486e-01 8.476906009838e-01 8.492131788459e-01 8.507056167671e-01 8.521688009217e-01 8.536035830809e-01 8.550107822660e-01 8.563911863077e-01 8.577455533166e-01 8.590746130718e-01 8.603790683321e-01 8.616595960747e-01 8.629168486674e-01 8.641514549761e-01 8.653640214143e-01 8.665551329358e-01 8.677253539757e-01 8.688752293426e-01 8.700052850641e-01 8.711160291888e-01 8.722079525486e-01 8.732815294815e-01 8.743372185186e-01 8.753754630372e-01 8.763966918817e-01
1.000000000000e-12 1.000000000000e-12 1.138050772060e-11 6.947514986520e-10 1.953536360528e-08 3.195195682282e-07 3.488930527311e-06 2.772487717339e-05 1.693647199807e-04 8.217659926310e-04 3.214709715042e-03 1.014992969331e-02 2.575764006814e-02 5.283286775788e-02 8.990274327055e-02 1.322451732265e-01 1.753232516216e-01 2.164867997624e-01 2.546889940582e-01 2.897428454790e-01 3.218166321791e-01 3.511900223668e-01 3.781550174400e-01 4.029813131243e-01 4.259072840181e-01 4.471402940238e-01 4.668599460204e-01 4.852218984384e-01 5.023614361548e-01 5.183965703467e-01 5.334306526531e-01 5.475545564383e-01 5.608484924039e-01 5.733835219463e-01 5.852228226052e-01 5.964227504437e-01 6.070337357851e-01 6.171010417366e-01 6.266654092690e-01 6.357636080950e-01 6.444289089782e-01 6.526914902240e-01 6.605787888010e-01 6.681158046913e-01 6.753253655776e-01 6.822283577682e-01 6.888439282778e-01 6.951896621827e-01 7.012817387074e-01 7.071350689618e-01 7.127634177948e-01 7.181795118634e-01 7.233951357007e-01 7.284212173112e-01 7.332679045995e-01 7.379446337604e-01 7.424601905965e-01 7.468227656047e-01 7.510400035574e-01 7.551190482087e-01 7.590665826774e-01 7.628888659852e-01 7.665917661722e-01 7.701807903567e-01 7.736611120633e-01 7.770375961058e-01 7.803148212751e-01 7.834971010553e-01 7.865885025649e-01 7.895928638984e-01 7.925138100231e-01 7.953547673702e-01 7.981189772432e-01 8.008095081541e-01 8.034292671864e-01 8.059810104726e-01 8.084673528667e-01 8.108907768814e-01 8.132536409568e-01 8.155581871153e-01 8.178065480574e-01 8.200007537453e-01 8.221427375147e-01 8.242343417576e-01 8.262773232069e-01 8.282733578575e-01 8.302240455522e-01 8.321309142581e-01 8.339954240584e-01 8.358189708803e-01 8.376028899812e-01 8.393484592090e-01 8.410569020544e-01 8.427293905115e-01 8.443670477582e-01 8.459709506721e-01 8.475421321919e-01 8.490815835355e-01 8.505902562857e-01 8.520690643513e-01 8.535188858136e-01 8.549405646649e-01 8.563349124467e-01 8.577027097948e-01 8.590447078961e-01 8.603616298651e-01 8.616541720424e-01 8.629230052228e-01 8.641687758161e-01 8.653921069452e-01 8.665935994853e-01 8.677738330481e-01 8.689333669141e-01 8.700727409162e-01 8.711924762778e-01 8.722930764081e-01 8.733750276562e-01 8.744388000282e-01 8.754848478676e-01 8.765136105025e-01 8.775255128608e-01
1.000000000000e-12 1.000000000000e-12 1.354476472966e-11 8.257973605090e-10 2.318310933073e-08 3.784224623837e-07 4.121419379504e-06 3.263750803594e-05 1.984097001252e-04 9.559130668205e-04 3.700513380865e-03 1.151003010854e-02 2.865231632188e-02 5.754978716067e-02 9.606863961066e-02 1.391788468678e-01 1.824729066193e-01 2.235447934202e-01 2.615213363569e-01 2.963056051595e-01 3.281056088330e-01 3.572165608610e-01 3.839355456301e-01 4.085330978575e-01 4.312468259957e-01 4.522828041441e-01 4.718192512956e-01 4.900105092432e-01 5.069906657974e-01 5.228766636478e-01 5.377709072776e-01 5.517634317881e-01 5.649337053062e-01 5.773521300263e-01 5.890812967466e-01 6.001770377932e-01 6.106893146398e-01 6.206629694863e-01 6.301383643955e-01 6.391519270774e-01 6.477366188213e-01 6.559223372143e-01 6.637362640013e-01 6.712031666072e-01 6.783456603628e-01 6.851844372830e-01 6.917384662682e-01 6.980251688098e-01 7.040605736252e-01 7.098594531134e-01 7.154354440759e-01 7.208011547795e-01 7.259682601316e-01 7.309475864785e-01 7.357491873240e-01 7.403824110821e-01 7.448559618253e-01 7.491779538584e-01 7.533559608380e-01 7.573970600632e-01 7.613078724829e-01 7.650945988941e-01 7.687630527493e-01 7.723186899366e-01 7.757666358539e-01 7.791117100598e-01 7.823584487510e-01 7.855111252852e-01 7.885737689464e-01 7.915501821251e-01 7.944439560674e-01 7.972584853299e-01 7.999969810637e-01 8.026624832361e-01 8.052578718873e-01 8.077858775107e-01 8.102490906356e-01 8.126499706812e-01 8.149908541479e-01 8.172739622017e-01 8.195014077038e-01 8.216752017323e-01 8.237972596382e-01 8.258694066746e-01 8.278933832321e-01 8.298708497150e-01 8.318033910832e-01 8.336925210901e-01 8.355396862361e-01 8.373462694631e-01 8.391135936071e-01 8.408429246286e-01 8.425354746370e-01 8.441924047238e-01 8.458148276185e-01 8.474038101810e-01 8.489603757411e-01 8.504855062958e-01 8.519801445758e-01 8.534451959883e-01 8.548815304462e-01 8.562899840905e-01 8.576713609134e-01 8.590264342886e-01 8.603559484153e-01 8.616606196811e-01 8.629411379489e-01 8.641981677734e-01 8.654323495512e-01 8.666443006085e-01 8.678346162309e-01 8.690038706382e-01 8.701526179082e-01 8.712813928520e-01 8.723907118443e-01 8.734810736113e-01 8.745529599779e-01 8.756068365779e-01 8.766431535281e-01 8.776623460701e-01 8.786648351787e-01
1.000000000000e-12 1.000000000000e-12 1.617340567461e-11 9.847285366302e-10 2.759896757249e-08 4.495611399855e-07 4.882906466110e-06 3.852636273454e-05 2.330044147530e-04 1.114128356101e-03 4.264779510117e-03 1.305469858108e-02 3.184700064657e-02 6.260363142367e-02 1.025159730109e-01 1.463114681635e-01 1.897588371580e-01 2.307022164618e-01 2.684333535405e-01 3.029373471264e-01 3.344572931279e-01 3.633016579295e-01 3.897715432052e-01 4.141378332992e-01 4.366371417124e-01 4.574741409954e-01 4.768256078018e-01 4.948445338027e-01 5.116637884826e-01 5.273992311491e-01 5.421523078154e-01 5.560122062078e-01 5.690576442461e-01 5.813583583677e-01 5.929763469059e-01 6.039669133987e-01 6.143795459793e-01 6.242586619243e-01 6.336442407823e-01 6.425723650105e-01 6.510756834855e-01 6.591838104123e-01 6.669236698914e-01 6.743197945847e-01 6.813945854579e-01 6.881685383903e-01 6.946604424793e-01 7.008875540806e-01 7.068657499778e-01 7.126096625441e-01 7.181327993195e-01 7.234476490585e-01 7.285657760036e-01 7.334979038794e-01 7.382539908936e-01 7.428432968477e-01 7.472744433094e-01 7.515554676689e-01 7.556938717928e-01 7.596966658955e-01 7.635704081665e-01 7.673212406263e-01 7.709549216223e-01 7.744768553268e-01 7.778921185546e-01 7.812054851805e-01 7.844214484028e-01 7.875442410726e-01 7.905778542809e-01 7.935260543757e-01 7.963923985620e-01 7.991802492199e-01 8.018927870624e-01 8.045330232412e-01 8.071038104968e-01 8.096078534408e-01 8.120477180471e-01 8.144258404222e-01 8.167445349192e-01 8.190060016500e-01 8.212123334481e-01 8.233655223288e-01 8.254674654878e-01 8.275199708767e-01 8.295247623894e-01 8.314834846911e-01 8.333977077183e-01 8.352689308754e-01 8.370985869519e-01 8.388880457808e-01 8.406386176591e-01 8.423515565474e-01 8.440280630657e-01 8.456692872996e-01 8.472763314311e-01 8.488502522076e-01 8.503920632588e-01 8.519027372734e-01 8.533832080462e-01 8.548343724021e-01 8.562570920081e-01 8.576521950796e-01 8.590204779877e-01 8.603627067756e-01 8.616796185883e-01 8.629719230227e-01 8.642403034027e-01 8.654854179836e-01 8.667079010919e-01 8.679083642022e-01 8.690873969574e-01 8.702455681344e-01 8.713834265590e-01 8.725015019727e-01 8.736003058558e-01 8.746803322069e-01 8.757420582838e-01 8.767859453067e-01 8.778124391258e-01 8.788219708568e-01 8.798149574845e-01
1.000000000000e-12 1.000000000000e-12 1.937787244218e-11 1.178180174869e-09 3.296372123147e-08 5.357738987987e-07 5.802715582286e-06 4.560679595828e-05 2.743158188593e-04 1.301071890916e-03 4.920593956007e-03 1.480736638159e-02 3.536484579942e-02 6.800389489468e-02 1.092425379252e-01 1.536381947818e-01 1.971780126565e-01 2.379581625098e-01 2.754254749275e-01 3.096391726523e-01 3.408730783237e-01 3.694468098126e-01 3.956645216424e-01 4.197970074435e-01 4.420796797674e-01 4.627157082690e-01 4.818803734687e-01 4.997252854535e-01 5.163820749383e-01 5.319655032180e-01 5.465760465374e-01 5.603020360442e-01 5.732214316871e-01 5.854032974463e-01 5.969090333256e-01 6.077934088908e-01 6.181054343198e-01 6.278890978382e-01 6.371839927714e-01 6.460258529808e-01 6.544470119077e-01 6.624767976346e-01 6.701418741262e-01 6.774665370124e-01 6.844729708221e-01 6.911814734033e-01 6.976106523132e-01 7.037775971759e-01 7.096980313729e-01 7.153864458987e-01 7.208562177828e-01 7.261197151127e-01 7.311883903965e-01 7.360728637454e-01 7.407829971505e-01 7.453279609445e-01 7.497162933929e-01 7.539559542281e-01 7.580543728335e-01 7.620184916900e-01 7.658548056217e-01 7.695693973045e-01 7.731679694482e-01 7.766558740097e-01 7.800381387513e-01 7.833194914223e-01 7.865043818074e-01 7.895970018598e-01 7.926013041082e-01 7.955210185099e-01 7.983596679000e-01 8.011205821710e-01 8.038069113038e-01 8.064216373560e-01 8.089675855049e-01 8.114474342299e-01 8.138637247122e-01 8.162188695207e-01 8.185151606469e-01 8.207547769452e-01 8.229397910279e-01 8.250721756634e-01 8.271538097166e-01 8.291864836705e-01 8.311719047626e-01 8.331117017673e-01 8.350074294522e-01 8.368605727346e-01 8.386725505600e-01 8.404447195261e-01 8.421783772698e-01 8.438747656358e-01 8.455350736436e-01 8.471604402666e-01 8.487519570376e-01 8.503106704934e-01 8.518375844701e-01 8.533336622582e-01 8.547998286301e-01 8.562369717455e-01 8.576459449460e-01 8.590275684446e-01 8.603826309180e-01 8.617118910077e-01 8.630160787364e-01 8.642958968448e-01 8.655520220544e-01 8.667851062607e-01 8.679957776609e-01 8.691846418218e-01 8.703522826891e-01 8.714992635440e-01 8.726261279095e-01 8.737334004088e-01 8.748215875803e-01 8.758911786495e-01 8.769426462629e-01 8.779764471842e-01 8.789930229561e-01 8.799928005286e-01 8.809761928576e-01
1.000000000000e-12 1.000000000000e-12 2.329930163576e-11 1.414540045737e-09 3.950536291031e-08 6.406287566336e-07 6.917541614164e-06 5.414642930449e-05 3.237776394806e-04 1.522356325331e-03 5.683175561783e-03 1.679373366339e-02 3.922898796623e-02 7.375831476130e-02 1.162449950395e-01 1.611540534110e-01 2.047276550682e-01 2.453119976709e-01 2.824983379490e-01 3.164123356111e-01 3.473544756582e-01 3.756536108142e-01 4.016160788948e-01 4.255121875654e-01 4.475759631356e-01 4.680089803500e-01 4.869849739265e-01 5.046541426596e-01 5.211468587258e-01 5.365767709639e-01 5.510433745246e-01 5.646341346552e-01 5.774262454173e-01 5.894880914774e-01 6.008804684932e-01 6.116576067319e-01 6.218680336721e-01 6.315553042412e-01 6.407586217255e-01 6.495133679498e-01 6.578515578084e-01 6.658022304398e-01 6.733917871093e-01 6.806442840784e-01 6.875816873059e-01 6.942240946575e-01 7.005899303609e-01 7.066961156659e-01 7.125582190404e-01 7.181905887073e-01 7.236064698994e-01 7.288181088484e-01 7.338368452270e-01 7.386731945123e-01 7.433369215305e-01 7.478371062641e-01 7.521822028558e-01 7.563800926149e-01 7.604381317270e-01 7.643631942730e-01 7.681617110865e-01 7.718397049144e-01 7.754028222807e-01 7.788563624124e-01 7.822053035360e-01 7.854543268208e-01 7.886078382103e-01 7.916699883565e-01 7.946446908461e-01 7.975356388872e-01 8.003463206062e-01 8.030800330880e-01 8.057398952784e-01 8.083288598546e-01 8.108497241588e-01 8.133051402808e-01 8.156976243649e-01 8.180295652104e-01 8.203032322271e-01 8.225207828020e-01 8.246842691273e-01 8.267956445348e-01 8.288567693780e-01 8.308694164991e-01 8.328352763152e-01 8.347559615533e-01 8.366330116627e-01 8.384678969305e-01 8.402620223223e-01 8.420167310698e-01 8.437333080251e-01 8.454129827976e-01 8.470569326922e-01 8.486662854603e-01 8.502421218807e-01 8.517854781792e-01 8.532973483015e-01 8.547786860476e-01 8.562304070783e-01 8.576533908029e-01 8.590484821555e-01 8.604164932680e-01 8.617582050466e-01 8.630743686584e-01 8.643657069335e-01 8.656329156890e-01 8.668766649790e-01 8.680976002761e-01 8.692963435884e-01 8.704734945163e-01 8.716296312521e-01 8.727653115274e-01 8.738810735101e-01 8.749774366548e-01 8.760549025089e-01 8.771139554781e-01 8.781550635520e-01 8.791786789942e-01 8.801852389969e-01 8.811751663039e-01 8.821488698022e-01
1.000000000000e-12 1.000000000000e-12 2.811725723352e-11 1.704459340866e-09 4.751268975278e-08 7.686300727708e-07 8.273485485477e-06 6.447899212765e-05 3.831558180850e-04 1.784746342939e-03 6.570177126360e-03 1.904176502586e-02 4.346214842808e-02 7.987270112359e-02 1.235189775334e-01 1.688540435067e-01 2.124052798358e-01 2.527633714161e-01 2.896527914624e-01 3.232582454315e-01 3.539031181854e-01 3.819237578187e-01 4.076279042398e-01 4.312850251623e-01 4.531275940714e-01 4.733555071194e-01 4.921409071798e-01 5.096325535469e-01 5.259595406344e-01 5.412343904982e-01 5.555556057987e-01 5.690097764162e-01 5.816733224401e-01 5.936139421960e-01 6.048918208161e-01 6.155606437930e-01 6.256684510237e-01 6.352583597658e-01 6.443691793369e-01 6.530359359813e-01 6.612903228418e-01 6.691610872073e-01 6.766743650016e-01 6.838539707116e-01 6.907216495288e-01 6.972972973264e-01 7.035991531597e-01 7.096439682120e-01 7.154471544802e-01 7.210229159806e-01 7.263843648249e-01 7.315436241638e-01 7.365119197008e-01 7.412996612271e-01 7.459165154274e-01 7.503714710259e-01 7.546728971967e-01 7.588285960382e-01 7.628458498026e-01 7.667314634825e-01 7.704918032788e-01 7.741328314064e-01 7.776601376390e-01 7.810789679438e-01 7.843942505134e-01 7.876106194691e-01 7.907324364724e-01 7.937638104591e-01 7.967086156825e-01 7.995705082319e-01 8.023529411765e-01 8.050591784637e-01 8.076923076923e-01 8.102552518636e-01 8.127507802051e-01 8.151815181518e-01 8.175499565595e-01 8.198584602187e-01 8.221092757306e-01 8.243045387994e-01 8.264462809917e-01 8.285364360074e-01 8.305768455022e-01 8.325692645007e-01 8.345153664303e-01 8.364167478092e-01 8.382749326146e-01 8.400913763564e-01 8.418674698795e-01 8.436045429157e-01 8.453038674033e-01 8.469666605939e-01 8.485940879596e-01 8.501872659176e-01 8.517472643840e-01 8.532751091703e-01 8.547717842324e-01 8.562382337840e-01 8.576753642833e-01 8.590840463010e-01 8.604651162791e-01 8.618193781872e-01 8.631476050831e-01 8.644505405842e-01 8.657289002558e-01 8.669833729216e-01 8.682146219015e-01 8.694232861806e-01 8.706099815157e-01 8.717753014807e-01 8.729198184569e-01 8.740440845704e-01 8.751486325803e-01 8.762339767202e-01 8.773006134969e-01 8.783490224475e-01 8.793796668581e-01 8.803929944468e-01 8.813894380119e-01 8.823694160482e-01 8.833333333333e-01
1.000000000000e-12 1.000000000000e-12 3.406128317454e-11 2.061526891404e-09 5.735319286034e-08 9.254892544237e-07 9.928702376495e-06 7.702212923424e-05 4.546309121763e-04 2.096398595553e-03 7.602007409253e-03 2.158161009044e-02 4.808618904017e-02 8.635081318001e-02 1.310592231817e-01 1.767332392113e-01 2.202087323513e-01 2.603122257976e-01 2.968898990247e-01 3.301784705366e-01 3.605207652075e-01 3.882590553873e-01 4.137017836686e-01 4.371172614041e-01 4.587362594946e-01 4.787569192166e-01 4.973497487202e-01 5.146620408610e-01 5.308215934859e-01 5.459397875891e-01 5.601141218346e-01 5.734303010978e-01 5.859639632240e-01 5.977821129856e-01 6.089443186371e-01 6.195037152602e-01 6.295078501432e-01 6.389993983701e-01 6.480167712409e-01 6.565946357678e-01 6.647643600390e-01 6.725543964986e-01 6.799906130065e-01 6.870965797948e-01 6.938938190226e-01 7.004020224983e-01 7.066392422059e-01 7.126220575172e-01 7.183657223536e-01 7.238842950453e-01 7.291907532173e-01 7.342970956772e-01 7.392144329899e-01 7.439530681769e-01 7.485225687748e-01 7.529318313132e-01 7.571891391262e-01 7.613022142888e-01 7.652782643613e-01 7.691240245397e-01 7.728457957288e-01 7.764494789909e-01 7.799406067674e-01 7.833243712189e-01 7.866056499915e-01 7.897890296756e-01 7.928788271966e-01 7.958791093462e-01 7.987937106406e-01 8.016262496700e-01 8.043801440863e-01 8.070586243599e-01 8.096647464210e-01 8.122014032905e-01 8.146713357929e-01 8.170771424350e-01 8.194212885245e-01 8.217061145972e-01 8.239338442115e-01 8.261065911665e-01 8.282263661915e-01 8.302950831531e-01 8.323145648179e-01 8.342865482095e-01 8.362126895916e-01 8.380945691075e-01 8.399336951034e-01 8.417315081605e-01 8.434893848582e-01 8.452086412897e-01 8.468905363475e-01 8.485362747981e-01 8.501470101599e-01 8.517238473991e-01 8.532678454583e-01 8.547800196274e-01 8.562613437702e-01 8.577127524160e-01 8.591351427257e-01 8.605293763407e-01 8.618962811241e-01 8.632366527993e-01 8.645512564951e-01 8.658408282019e-01 8.671060761456e-01 8.683476820850e-01 8.695663025364e-01 8.707625699311e-01 8.719370937102e-01 8.730904613596e-01 8.742232393899e-01 8.753359742640e-01 8.764291932769e-01 8.775034053878e-01 8.785591020109e-01 8.795967577649e-01 8.806168311842e-01 8.816197653947e-01 8.826059887556e-01 8.835759154694e-01 8.845299461621e-01
1.000000000000e-12 1.000000000000e-12 4.142627144312e-11 2.503163948292e-09 6.949672288281e-08 1.118481217719e-06 1.195686386085e-05 9.230039554746e-05 5.409020001422e-04 2.467149213947e-03 8.802166309572e-03 2.444543068986e-02 5.312163447977e-02 9.319429045286e-02 1.388597283522e-01 1.847868873855e-01 2.281362198941e-01 2.679588032746e-01 3.042109423060e-01 3.371747423818e-01 3.672093073762e-01 3.946614214965e-01 4.198396058789e-01 4.430107331485e-01 4.644037369117e-01 4.842149338114e-01 5.026131571303e-01 5.197442073962e-01 5.357345673923e-01 5.506944627556e-01 5.647203764984e-01 5.778971186568e-01 5.902995363534e-01 6.019939333972e-01 6.130392546273e-01 6.234880789095e-01 6.333874557425e-01 6.427796133941e-01 6.517025609714e-01 6.601906024888e-01 6.682747775739e-01 6.759832407369e-01 6.833415889662e-01 6.903731456802e-01 6.970992076701e-01 7.035392605425e-01 7.097111672506e-01 7.156313335557e-01 7.213148536480e-01 7.267756386462e-01 7.320265302802e-01 7.370794017122e-01 7.419452471631e-01 7.466342617662e-01 7.511559128717e-01 7.555190038494e-01 7.597317312947e-01 7.638017364205e-01 7.677361513135e-01 7.715416406421e-01 7.752244393312e-01 7.787903866502e-01 7.822449571075e-01 7.855932884941e-01 7.888402073799e-01 7.919902523267e-01 7.950476950553e-01 7.980165597721e-01 8.009006408402e-01 8.037035189577e-01 8.064285759887e-01 8.090790085755e-01 8.116578406483e-01 8.141679349338e-01 8.166120035559e-01 8.189926178112e-01 8.213122171920e-01 8.235731177250e-01 8.257775196849e-01 8.279275147358e-01 8.300250925520e-01 8.320721469589e-01 8.340704816361e-01 8.360218154180e-01 8.379277872246e-01 8.397899606528e-01 8.416098282541e-01 8.433888155248e-01 8.451282846295e-01 8.468295378797e-01 8.484938209856e-01 8.501223260980e-01 8.517161946561e-01 8.532765200556e-01 8.548043501503e-01 8.563006895986e-01 8.577665020664e-01 8.592027122971e-01 8.606102080569e-01 8.619898419648e-01 8.633424332146e-01 8.646687691975e-01 8.659696070303e-01 8.672456749963e-01 8.684976739053e-01 8.697262783772e-01 8.709321380533e-01 8.721158787427e-01 8.732781035046e-01 8.744193936730e-01 8.755403098263e-01 8.766413927053e-01 8.777231640832e-01 8.787861275898e-01 8.798307694934e-01 8.808575594427e-01 8.818669511706e-01 8.828593831627e-01 8.838352792928e-01 8.847950494261e-01 8.857390899933e-01
1.000000000000e-12 1.000000000000e-12 5.059302407850e-11 3.051818421947e-09 8.454696944662e-08 1.356916227658e-06 1.445170549951e-05 1.109750567804e-04 6.453178488646e-04 2.908856442313e-03 1.019758074603e-02 2.766711665353e-02 5.858717923808e-02 1.004026458108e-01 1.469139191143e-01 1.930104999892e-01 2.361863391677e-01 2.757036534473e-01 3.116174248326e-01 3.442489602035e-01 3.739707725476e-01 4.011328939927e-01 4.260433689349e-01 4.489673795854e-01 4.701319009333e-01 4.897313609471e-01 5.079328802340e-01 5.248807419526e-01 5.407000955239e-01 5.554999968550e-01 5.693759014630e-01 5.824117144883e-01 5.946814836276e-01 6.062508041026e-01 6.171779906028e-01 6.275150597938e-01 6.373085580409e-01 6.466002620060e-01 6.554277742958e-01 6.638250320410e-01 6.718227428931e-01 6.794487602408e-01 6.867284073029e-01 6.936847580438e-01 7.003388814764e-01 7.067100547994e-01 7.128159499133e-01 7.186727971120e-01 7.242955291459e-01 7.296979083476e-01 7.348926390982e-01 7.398914675710e-01 7.447052703978e-01 7.493441336703e-01 7.538174234805e-01 7.581338490420e-01 7.623015192832e-01 7.663279936910e-01 7.702203280704e-01 7.739851158082e-01 7.776285251435e-01 7.811563328919e-01 7.845739550093e-01 7.878864743354e-01 7.910986658175e-01 7.942150194754e-01 7.972397613416e-01 8.001768725816e-01 8.030301069760e-01 8.058030069256e-01 8.084989181235e-01 8.111210030227e-01 8.136722532108e-01 8.161555007962e-01 8.185734288954e-01 8.209285813036e-01 8.232233714216e-01 8.254600905050e-01 8.276409152954e-01 8.297679150858e-01 8.318430582696e-01 8.338682184170e-01 8.358451799163e-01 8.377756432181e-01 8.396612297134e-01 8.415034862756e-01 8.433038894927e-01 8.450638496145e-01 8.467847142366e-01 8.484677717418e-01 8.501142545166e-01 8.517253419612e-01 8.533021633066e-01 8.548458002541e-01 8.563572894502e-01 8.578376248079e-01 8.592877596862e-01 8.607086089380e-01 8.621010508345e-01 8.634659288752e-01 8.648040534925e-01 8.661162036560e-01 8.674031283846e-01 8.686655481725e-01 8.699041563339e-01 8.711196202732e-01 8.723125826836e-01 8.734836626807e-01 8.746334568738e-01 8.757625403793e-01 8.768714677799e-01 8.779607740328e-01 8.790309753307e-01 8.800825699167e-01 8.811160388585e-01 8.821318467813e-01 8.831304425653e-01 8.841122600064e-01 8.850777184446e-01 8.860272233616e-01 8.869611669479e-01
1.000000000000e-12 1.000000000000e-12 6.205593025609e-11 3.736568224013e-09 1.032835744327e-07 1.652767855159e-06 1.753302923649e-05 1.338828510558e-04 7.720426208521e-04 3.435806069567e-03 1.181892293113e-02 3.128187449476e-02 6.449920198170e-02 1.079733242161e-01 1.552148340946e-01 2.013999393936e-01 2.443580996915e-01 2.835476390264e-01 3.191110762531e-01 3.514031966006e-01 3.808073324846e-01 4.076756378428e-01 4.323151876731e-01 4.549892495831e-01 4.759227304588e-01 4.953081105211e-01 5.133107618592e-01 5.300734258819e-01 5.457199004462e-01 5.603580572193e-01 5.740823121559e-01 5.869756551951e-01 5.991113256612e-01 6.105542023360e-01 6.213619628157e-01 6.315860553905e-01 6.412725177773e-01 6.504626700869e-01 6.591937039779e-01 6.674991856840e-01 6.754094872510e-01 6.829521576537e-01 6.901522433485e-01 6.970325661192e-01 7.036139647100e-01 7.099155056343e-01 7.159546676513e-01 7.217475036696e-01 7.273087832355e-01 7.326521182689e-01 7.377900743014e-01 7.427342691287e-01 7.474954605090e-01 7.520836243000e-01 7.565080242291e-01 7.607772743242e-01 7.648993948892e-01 7.688818627909e-01 7.727316567195e-01 7.764552980007e-01 7.800588874591e-01 7.835481387739e-01 7.869284087084e-01 7.902047245505e-01 7.933818090606e-01 7.964641031859e-01 7.994557867713e-01 8.023607974712e-01 8.051828480397e-01 8.079254421618e-01 8.105918889647e-01 8.131853163379e-01 8.157086831731e-01 8.181647906257e-01 8.205562924878e-01 8.228857047525e-01 8.251554144440e-01 8.273676877761e-01 8.295246777001e-01 8.316284308931e-01 8.336808942356e-01 8.356839208206e-01 8.376392755345e-01 8.395486402432e-01 8.414136186170e-01 8.432357406232e-01 8.450164667116e-01 8.467571917190e-01 8.484592485128e-01 8.501239113945e-01 8.517523992818e-01 8.533458786847e-01 8.549054664924e-01 8.564322325843e-01 8.579272022767e-01 8.593913586201e-01 8.608256445540e-01 8.622309649324e-01 8.636081884277e-01 8.649581493206e-01 8.662816491861e-01 8.675794584800e-01 8.688523180352e-01 8.701009404712e-01 8.713260115249e-01 8.725281913064e-01 8.737081154848e-01 8.748663964092e-01 8.760036241682e-01 8.771203675927e-01 8.782171752042e-01 8.792945761134e-01 8.803530808710e-01 8.813931822750e-01 8.824153561350e-01 8.834200619986e-01 8.844077438398e-01 8.853788307134e-01 8.863337373765e-01 8.872728648789e-01 8.881966011250e-01
1.000000000000e-12 1.000000000000e-12 7.646045444364e-11 4.595287108885e-09 1.267188072919e-07 2.021513413489e-06 2.135466557413e-05 1.620865878741e-04 9.262652713097e-04 4.065186768116e-03 1.370088569642e-02 3.532567814327e-02 7.087131358627e-02 1.159018278220e-01 1.637553134508e-01 2.099514955947e-01 2.526509434234e-01 2.914919413793e-01 3.266938573277e-01 3.586397040803e-01 3.877213105071e-01 4.142919532738e-01 4.386573019383e-01 4.610785098191e-01 4.817783166082e-01 5.009471999796e-01 5.187487492882e-01 5.353241402962e-01 5.507958010960e-01 5.652704044116e-01 5.788413143061e-01 5.915905949382e-01 6.035906680487e-01 6.149056878826e-01 6.255926877760e-01 6.357025412672e-01 6.452807717268e-01 6.543682376061e-01 6.630017150185e-01 6.712143951544e-01 6.790363107022e-01 6.864947028205e-01 6.936143381103e-01 7.004177833563e-01 7.069256444612e-01 7.131567748983e-01 7.191284581276e-01 7.248565676902e-01 7.303557081042e-01 7.356393391966e-01 7.407198860974e-01 7.456088367906e-01 7.503168288321e-01 7.548537266142e-01 7.592286903557e-01 7.634502378352e-01 7.675262997416e-01 7.714642693985e-01 7.752710475198e-01 7.789530825645e-01 7.825164071899e-01 7.859666712328e-01 7.893091716026e-01 7.925488794148e-01 7.956904646598e-01 7.987383186637e-01 8.016965745677e-01 8.045691260287e-01 8.073596443162e-01 8.100715939668e-01 8.127082471329e-01 8.152726967544e-01 8.177678686618e-01 8.201965327117e-01 8.225613130438e-01 8.248646975390e-01 8.271090465497e-01 8.292966009682e-01 8.314294896897e-01 8.335097365226e-01 8.355392665939e-01 8.375199122912e-01 8.394534187807e-01 8.413414491359e-01 8.431855891085e-01 8.449873515705e-01 8.467481806536e-01 8.484694556091e-01 8.501524944116e-01 8.517985571243e-01 8.534088490451e-01 8.549845236500e-01 8.565266853487e-01 8.580363920661e-01 8.595146576623e-01 8.609624542034e-01 8.623807140931e-01 8.637703320751e-01 8.651321671153e-01 8.664670441729e-01 8.677757558662e-01 8.690590640426e-01 8.703177012569e-01 8.715523721663e-01 8.727637548457e-01 8.739525020292e-01 8.751192422834e-01 8.762645811153e-01 8.773891020201e-01 8.784933674729e-01 8.795779198661e-01 8.806432823984e-01 8.816899599160e-01 8.827184397104e-01 8.837291922750e-01 8.847226720224e-01 8.856993179659e-01 8.866595543663e-01 8.876037913463e-01 8.885324254747e-01 8.894458403215e-01
1.000000000000e-12 1.000000000000e-12 9.465424620803e-11 5.677589138873e-09 1.561743113491e-07 2.483265344781e-06 2.611508958748e-05 1.969414337551e-04 1.114464064798e-03 4.817640784247e-03 1.588238153254e-02 3.983457867392e-02 7.771396720959e-02 1.241819045266e-01 1.725281883844e-01 2.186619546966e-01 2.610647610909e-01 2.995380660154e-01 3.343679658496e-01 3.659609227072e-01 3.947151902086e-01 4.209842849068e-01 4.450720857527e-01 4.672374537915e-01 4.877008714924e-01 5.066507628176e-01 5.242489014808e-01 5.406348740216e-01 5.559297204778e-01 5.702388996780e-01 5.836547111662e-01 5.962582824405e-01 6.081212081633e-01 6.193069096839e-01 6.298717686743e-01 6.398660773303e-01 6.493348387859e-01 6.583184445492e-01 6.668532504363e-01 6.749720683051e-01 6.827045876068e-01 6.900777381650e-01 6.971160035259e-01 7.038416925608e-01 7.102751756691e-01 7.164350908491e-01 7.223385240293e-01 7.280011673329e-01 7.334374583641e-01 7.386607031181e-01 7.436831847189e-01 7.485162598550e-01 7.531704445061e-01 7.576554903249e-01 7.619804528387e-01 7.661537524768e-01 7.701832292886e-01 7.740761920999e-01 7.778394627566e-01 7.814794160189e-01 7.850020155967e-01 7.884128467555e-01 7.917171458665e-01 7.949198272306e-01 7.980255074650e-01 8.010385277077e-01 8.039629738624e-01 8.068026950856e-01 8.095613206882e-01 8.122422756105e-01 8.148487946079e-01 8.173839352712e-01 8.198505899917e-01 8.222514969695e-01 8.245892503530e-01 8.268663095894e-01 8.290850080547e-01 8.312475610302e-01 8.333560730800e-01 8.354125448826e-01 8.374188795628e-01 8.393768885658e-01 8.412882971125e-01 8.431547492692e-01 8.449778126643e-01 8.467589828790e-01 8.484996875402e-01 8.502012901359e-01 8.518650935775e-01 8.534923435270e-01 8.550842315071e-01 8.566418978109e-01 8.581664342256e-01 8.596588865853e-01 8.611202571627e-01 8.625515069142e-01 8.639535575871e-01 8.653272936991e-01 8.666735643991e-01 8.679931852179e-01 8.692869397149e-01 8.705555810304e-01 8.717998333470e-01 8.730203932683e-01 8.742179311195e-01 8.753930921748e-01 8.765464978167e-01 8.776787466320e-01 8.787904154473e-01 8.798820603089e-01 8.809542174106e-01 8.820074039712e-01 8.830421190671e-01 8.840588444208e-01 8.850580451481e-01 8.860401704683e-01 8.870056543773e-01 8.879549162870e-01 8.888883616328e-01 8.898063824512e-01 8.907093579283e-01
1.000000000000e-12 1.000000000000e-12 1.177572979941e-10 7.048858506221e-09 1.933857014769e-07 3.064303521497e-06 3.207164982793e-05 2.401820473134e-04 1.344740355068e-03 5.717892078855e-03 1.840662364477e-02 4.484388093254e-02 8.503415865113e-02 1.328057936524e-01 1.815264659629e-01 2.275286584346e-01 2.695999057960e-01 3.076878483824e-01 3.421358437188e-01 3.733694890126e-01 4.017916253688e-01 4.277552320054e-01 4.515620575300e-01 4.734685118218e-01 4.936927379297e-01 5.124210579842e-01 5.298133981689e-01 5.460077323928e-01 5.611236941722e-01 5.752655131852e-01 5.885244114943e-01 6.009805687290e-01 6.127047426716e-01 6.237596131381e-01 6.342009024798e-01 6.440783147318e-01 6.534363266965e-01 6.623148574720e-01 6.707498376571e-01 6.787736953391e-01 6.864157727157e-01 6.937026846334e-01 7.006586282724e-01 7.073056515736e-01 7.136638866781e-01 7.197517535888e-01 7.255861383921e-01 7.311825496714e-01 7.365552561642e-01 7.417174082348e-01 7.466811453400e-01 7.514576913368e-01 7.560574392072e-01 7.604900265451e-01 7.647644029618e-01 7.688888903987e-01 7.728712372054e-01 7.767186667216e-01 7.804379210026e-01 7.840353002475e-01 7.875166984129e-01 7.908876354372e-01 7.941532864455e-01 7.973185082593e-01 8.003878634987e-01 8.033656425262e-01 8.062558834557e-01 8.090623904226e-01 8.117887502883e-01 8.144383479339e-01 8.170143802802e-01 8.195198691555e-01 8.219576731207e-01 8.243304983490e-01 8.266409086471e-01 8.288913346955e-01 8.310840825784e-01 8.332213416665e-01 8.353051919083e-01 8.373376105817e-01 8.393204785519e-01 8.412555860770e-01 8.431446381991e-01 8.449892597550e-01 8.467910000376e-01 8.485513371356e-01 8.502716819775e-01 8.519533821038e-01 8.535977251866e-01 8.552059423182e-01 8.567792110849e-01 8.583186584425e-01 8.598253634086e-01 8.613003595846e-01 8.627446375205e-01 8.641591469329e-01 8.655447987882e-01 8.669024672584e-01 8.682329915607e-01 8.695371776868e-01 8.708158000317e-01 8.720696029266e-01 8.732993020839e-01 8.745055859595e-01 8.756891170382e-01 8.768505330469e-01 8.779904481003e-01 8.791094537838e-01 8.802081201773e-01 8.812869968235e-01 8.823466136446e-01 8.833874818100e-01 8.844100945587e-01 8.854149279786e-01 8.864024417457e-01 8.873730798249e-01 8.883272711360e-01 8.892654301853e-01 8.901879576661e-01 8.910952410294e-01 8.919876550265e-01
1.000000000000e-12 1.000000000000e-12 1.472589385708e-10 8.795803374757e-09 2.406460822724e-07 3.799163604447e-06 3.955974251996e-05 2.940375001937e-04 1.627238903525e-03 6.795448243947e-03 2.132103965001e-02 5.038720877119e-02 9.283524254519e-02 1.417645193721e-01 1.907435046374e-01 2.365495548819e-01 2.782572045302e-01 3.159434603630e-01 3.500001853988e-01 3.808682463345e-01 4.089534512111e-01 4.346075599789e-01 4.581298914686e-01 4.797742621763e-01 4.997564002303e-01 5.182604803135e-01 5.354445499384e-01 5.514449469990e-01 5.663798797630e-01 5.803523331471e-01 5.934524383978e-01 6.057594157110e-01 6.173431758589e-01 6.282656481883e-01 6.385818878040e-01 6.483410035208e-01 6.575869394975e-01 6.663591367592e-01 6.746930955922e-01 6.826208557149e-01 6.901714079120e-01 6.973710482795e-01 7.042436842017e-01 7.108110995633e-01 7.170931853936e-01 7.231081410891e-01 7.288726505002e-01 7.344020364724e-01 7.397103968538e-01 7.448107245138e-01 7.497150135212e-01 7.544343533108e-01 7.589790123931e-01 7.633585129377e-01 7.675816973710e-01 7.716567879668e-01 7.755914402770e-01 7.793927911307e-01 7.830675018374e-01 7.866217971420e-01 7.900615004121e-01 7.933920654768e-01 7.966186054812e-01 7.997459190795e-01 8.027785142475e-01 8.057206299641e-01 8.085762559811e-01 8.113491508736e-01 8.140428585450e-01 8.166607233376e-01 8.192059038843e-01 8.216813858222e-01 8.240899934771e-01 8.264344006117e-01 8.287171403273e-01 8.309406141932e-01 8.331071006751e-01 8.352187629226e-01 8.372776559738e-01 8.392857334257e-01 8.412448536174e-01 8.431567853660e-01 8.450232132933e-01 8.468457427762e-01 8.486259045524e-01 8.503651590084e-01 8.520649001748e-01 8.537264594533e-01 8.553511090941e-01 8.569400654456e-01 8.584944919904e-01 8.600155021877e-01 8.615041621319e-01 8.629614930458e-01 8.643884736160e-01 8.657860421848e-01 8.671550988084e-01 8.684965071895e-01 8.698110964941e-01 8.710996630612e-01 8.723629720113e-01 8.736017587610e-01 8.748167304510e-01 8.760085672919e-01 8.771779238344e-01 8.783254301675e-01 8.794516930512e-01 8.805572969856e-01 8.816428052231e-01 8.827087607248e-01 8.837556870663e-01 8.847840892950e-01 8.857944547426e-01 8.867872537952e-01 8.877629406234e-01 8.887219538752e-01 8.896647173332e-01 8.905916405394e-01 8.915031193883e-01 8.923995366907e-01 8.932812627095e-01
1.000000000000e-12 1.000000000000e-12 1.851529303403e-10 1.103416609452e-08 3.010043554721e-07 4.733501869037e-06 4.901879228074e-05 3.613833136657e-04 1.974675455410e-03 8.085363407481e-03 2.467696318993e-02 5.649549637432e-02 1.011168845467e-01 1.510482201042e-01 2.001731766623e-01 2.457232408329e-01 2.870379682907e-01 3.243074178709e-01 3.579639480083e-01 3.884602567823e-01 4.162036971767e-01 4.415442132999e-01 4.647784302787e-01 4.861574434538e-01 5.058944961914e-01 5.241715721178e-01 5.411448094296e-01 5.569488865093e-01 5.717005673080e-01 5.855015759613e-01 5.984409391544e-01 6.105969056992e-01 6.220385288749e-01 6.328269783038e-01 6.430166336331e-01 6.526560011402e-01 6.617884857973e-01 6.704530446860e-01 6.786847424980e-01 6.865152258155e-01 6.939731296971e-01 7.010844275767e-01 7.078727334862e-01 7.143595640137e-01 7.205645661179e-01 7.265057158813e-01 7.321994924372e-01 7.376610306134e-01 7.429042552720e-01 7.479419998545e-01 7.527861112577e-01 7.574475428446e-01 7.619364371269e-01 7.662621994334e-01 7.704335636903e-01 7.744586512808e-01 7.783450238200e-01 7.820997305655e-01 7.857293510897e-01 7.892400337572e-01 7.926375304808e-01 7.959272281688e-01 7.991141772259e-01 8.022031174250e-01 8.051985014270e-01 8.081045161971e-01 8.109251025310e-01 8.136639728848e-01 8.163246276766e-01 8.189103702123e-01 8.214243203670e-01 8.238694271431e-01 8.262484802105e-01 8.285641205240e-01 8.308188501024e-01 8.330150410472e-01 8.351549438661e-01 8.372406951661e-01 8.392743247691e-01 8.412577623007e-01 8.431928432974e-01 8.450813148723e-01 8.469248409761e-01 8.487250072871e-01 8.504833257604e-01 8.522012388626e-01 8.538801235194e-01 8.555212947953e-01 8.571260093297e-01 8.586954685458e-01 8.602308216500e-01 8.617331684386e-01 8.632035619249e-01 8.646430108007e-01 8.660524817437e-01 8.674329015825e-01 8.687851593291e-01 8.701101080882e-01 8.714085668518e-01 8.726813221875e-01 8.739291298272e-01 8.751527161638e-01 8.763527796611e-01 8.775299921832e-01 8.786850002493e-01 8.798184262169e-01 8.809308694006e-01 8.820229071288e-01 8.830950957424e-01 8.841479715402e-01 8.851820516732e-01 8.861978349917e-01 8.871958028477e-01 8.881764198555e-01 8.891401346129e-01 8.900873803852e-01 8.910185757553e-01 8.919341252399e-01 8.928344198757e-01 8.937198377762e-01 8.945907446611e-01
1.000000000000e-12 1.164436824828e-12 2.341271144568e-10 1.391950897795e-08 3.785412478747e-07 5.928051912965e-06 6.102765356925e-05 4.459431634450e-04 2.402995782716e-03 9.629035882642e-03 2.852904795124e-02 6.319595927215e-02 1.098751618444e-01 1.606465005826e-01 2.098100145909e-01 2.550489966610e-01 2.959440015365e-01 3.327825899657e-01 3.660303633165e-01 3.961488150427e-01 4.235456014136e-01 4.485683300239e-01 4.715106994208e-01 4.926209684126e-01 5.121098304706e-01 5.301570361034e-01 5.469167838111e-01 5.625220687264e-01 5.770881909963e-01 5.907155974932e-01 6.034921961460e-01 6.154952520150e-01 6.267929500252e-01 6.374456904794e-01 6.475071690496e-01 6.570252818858e-01 6.660428879845e-01 6.745984543932e-01 6.827266047267e-01 6.904585874850e-01 6.978226775250e-01 7.048445215586e-01 7.115474365749e-01 7.179526685027e-01 7.240796171594e-01 7.299460325048e-01 7.355681863790e-01 7.409610232272e-01 7.461382927490e-01 7.511126669525e-01 7.558958437112e-01 7.604986386044e-01 7.649310665599e-01 7.692024145958e-01 7.733213067733e-01 7.772957623157e-01 7.811332477197e-01 7.848407235694e-01 7.884246866720e-01 7.918912080512e-01 7.952459672656e-01 7.984942834612e-01 8.016411435130e-01 8.046912275716e-01 8.076489322875e-01 8.105183919576e-01 8.133034978057e-01 8.160079155886e-01 8.186351016922e-01 8.211883178698e-01 8.236706447511e-01 8.260849942428e-01 8.284341209231e-01 8.307206325259e-01 8.329469995970e-01 8.351155643987e-01 8.372285491295e-01 8.392880635197e-01 8.412961118577e-01 8.432545994964e-01 8.451653388827e-01 8.470300551525e-01 8.488503913256e-01 8.506279131338e-01 8.523641135130e-01 8.540604167852e-01 8.557181825553e-01 8.573387093456e-01 8.589232379880e-01 8.604729547928e-01 8.619889945105e-01 8.634724431030e-01 8.649243403375e-01 8.663456822173e-01 8.677374232602e-01 8.691004786362e-01 8.704357261743e-01 8.717440082479e-01 8.730261335466e-01 8.742828787439e-01 8.755149900651e-01 8.767231847659e-01 8.779081525240e-01 8.790705567520e-01 8.802110358363e-01 8.813302043060e-01 8.824286539366e-01 8.835069547944e-01 8.845656562218e-01 8.856052877717e-01 8.866263600896e-01 8.876293657508e-01 8.886147800523e-01 8.895830617640e-01 8.905346538405e-01 8.914699840973e-01 8.923894658518e-01 8.932934985323e-01 8.941824682564e-01 8.950567483815e-01 8.959167000267e-01
1.000000000000e-12 1.484226721245e-12 2.978318162642e-10 1.766242346097e-08 4.787564733101e-07 7.464127996645e-06 7.635312471498e-05 5.525571276552e-04 2.932193406266e-03 1.147499559514e-02 3.293435508841e-02 7.051111282089e-02 1.191028147062e-01 1.705487927515e-01 2.196493400598e-01 2.645268147079e-01 3.049776117586e-01 3.413722099246e-01 3.742029519441e-01 4.039374642791e-01 4.309826272090e-01 4.556832581295e-01 4.783299230654e-01 4.991679394378e-01 5.184053895284e-01 5.362197497956e-01 5.527632487075e-01 5.681671740438e-01 5.825453421620e-01 5.959969056726e-01 6.086086390629e-01 6.204568108245e-01 6.316087262607e-01 6.421240063957e-01 6.520556540834e-01 6.614509474641e-01 6.703521925085e-01 6.787973599033e-01 6.868206264934e-01 6.944528375582e-01 7.017219031040e-01 7.086531389046e-01 7.152695610726e-01 7.215921413845e-01 7.276400293276e-01 7.334307458200e-01 7.389803527340e-01 7.443036016754e-01 7.494140649207e-01 7.543242509615e-01 7.590457067247e-01 7.635891082277e-01 7.679643411682e-01 7.721805727268e-01 7.762463156818e-01 7.801694857783e-01 7.839574531670e-01 7.876170886144e-01 7.911548050942e-01 7.945765952912e-01 7.978880654764e-01 8.010944661586e-01 8.042007198634e-01 8.072114463497e-01 8.101309855348e-01 8.129634183676e-01 8.157125858604e-01 8.183821064679e-01 8.209753919757e-01 8.234956620481e-01 8.259459575632e-01 8.283291528530e-01 8.306479669514e-01 8.329049739426e-01 8.351026124930e-01 8.372431946411e-01 8.393289139105e-01 8.413618528080e-01 8.433439897594e-01 8.452772055310e-01 8.471632891826e-01 8.490039435892e-01 8.508007905695e-01 8.525553756515e-01 8.542691725066e-01 8.559435870777e-01 8.575799614254e-01 8.591795773165e-01 8.607436595715e-01 8.622733791926e-01 8.637698562880e-01 8.652341628063e-01 8.666673250980e-01 8.680703263142e-01 8.694441086558e-01 8.707895754836e-01 8.721075932994e-01 8.733989936067e-01 8.746645746601e-01 8.759051031108e-01 8.771213155554e-01 8.783139199940e-01 8.794835972049e-01 8.806310020403e-01 8.817567646489e-01 8.828614916300e-01 8.839457671233e-01 8.850101538386e-01 8.860551940301e-01 8.870814104173e-01 8.880893070565e-01 8.890793701670e-01 8.900520689126e-01 8.910078561432e-01 8.919471690978e-01 8.928704300715e-01 8.937780470482e-01 8.946704143021e-01 8.955479129686e-01 8.964109115871e-01 8.972597666172e-01
1.000000000000e-12 1.903982858472e-12 3.812629979544e-10 2.255015710431e-08 6.091161403883e-07 9.451335753182e-06 9.601681628378e-05 6.875391122526e-04 3.587314768637e-03 1.367961182970e-02 3.795108165216e-02 7.845791549039e-02 1.287896412851e-01 1.807447120916e-01 2.296873741255e-01 2.741574224757e-01 3.141416199706e-01 3.500798887355e-01 3.824855401040e-01 4.118300144108e-01 4.385184816349e-01 4.628925739346e-01 4.852395420208e-01 5.058016658850e-01 5.247843583705e-01 5.423627816930e-01 5.586871637932e-01 5.738870605100e-01 5.880747838505e-01 6.013481745932e-01 6.137928585644e-01 6.254840943853e-01 6.364882960352e-01 6.468642949107e-01 6.566643918568e-01 6.659352388102e-01 6.747185813861e-01 6.830518873334e-01 6.909688808075e-01 6.984999985251e-01 7.056727808088e-01 7.125122081099e-01 7.190409916789e-01 7.252798255084e-01 7.312476054388e-01 7.369616203133e-01 7.424377192547e-01 7.476904584744e-01 7.527332304762e-01 7.575783780689e-01 7.622372952329e-01 7.667205165755e-01 7.710377968521e-01 7.751981818184e-01 7.792100714956e-01 7.830812767799e-01 7.868190701999e-01 7.904302315143e-01 7.939210887533e-01 7.972975552247e-01 8.005651629410e-01 8.037290928648e-01 8.067942023198e-01 8.097650498734e-01 8.126459179580e-01 8.154408334676e-01 8.181535865382e-01 8.207877476956e-01 8.233466835344e-01 8.258335710724e-01 8.282514109092e-01 8.306030393048e-01 8.328911392775e-01 8.351182508164e-01 8.372867802863e-01 8.393990091010e-01 8.414571017298e-01 8.434631130955e-01 8.454189954181e-01 8.473266045522e-01 8.491877058604e-01 8.510039796620e-01 8.527770262937e-01 8.545083708121e-01 8.561994673688e-01 8.578517032842e-01 8.594664028426e-01 8.610448308327e-01 8.625881958517e-01 8.640976533912e-01 8.655743087227e-01 8.670192195963e-01 8.684333987679e-01 8.698178163660e-01 8.711734021116e-01 8.725010473999e-01 8.738016072552e-01 8.750759021674e-01 8.763247198177e-01 8.775488167026e-01 8.787489196618e-01 8.799257273177e-01 8.810799114311e-01 8.822121181804e-01 8.833229693677e-01 8.844130635573e-01 8.854829771516e-01 8.865332654072e-01 8.875644633956e-01 8.885770869126e-01 8.895716333380e-01 8.905485824508e-01 8.915083972004e-01 8.924515244385e-01 8.933783956127e-01 8.942894274242e-01 8.951850224532e-01 8.960655697514e-01 8.969314454058e-01 8.977830130744e-01 8.986206244950e-01
1.000000000000e-12 2.458979596075e-12 4.913141745058e-10 2.897763812469e-08 7.798332488191e-07 1.203845800273e-05 1.213878549744e-04 8.591536854442e-04 4.399679145697e-03 1.630762204422e-02 4.363692654795e-02 8.704711657911e-02 1.389230177441e-01 1.912243973357e-01 2.399213294198e-01 2.839423020630e-01 3.234393729601e-01 3.589096315160e-01 3.908822792605e-01 4.198305631097e-01 4.461571367208e-01 4.702001028895e-01 4.922432339165e-01 5.125256835792e-01 5.312501393557e-01 5.485894094076e-01 5.646916902995e-01 5.796847807397e-01 5.936794671708e-01 6.067722603395e-01 6.190476216129e-01 6.305797859179e-01 6.414342637398e-01 6.516690860820e-01 6.613358422172e-01 6.704805493518e-01 6.791443851176e-01 6.873643074798e-01 6.951735817438e-01 7.026022305039e-01 7.096774193677e-01 7.164237889014e-01 7.228637413447e-01 7.290176891264e-01 7.349042709889e-01 7.405405405420e-01 7.459421312642e-01 7.511234013141e-01 7.560975609760e-01 7.608767851215e-01 7.654723127038e-01 7.698945349953e-01 7.741530740277e-01 7.782568524793e-01 7.822141560799e-01 7.860326894503e-01 7.897196261682e-01 7.932816537468e-01 7.967250141163e-01 8.000555401277e-01 8.032786885246e-01 8.063995697768e-01 8.094229751191e-01 8.123534010946e-01 8.151950718686e-01 8.179519595449e-01 8.206278026906e-01 8.232261232507e-01 8.257502420136e-01 8.282032927702e-01 8.305882352941e-01 8.329078672546e-01 8.351648351648e-01 8.373616444545e-01 8.395006687472e-01 8.415841584158e-01 8.436142484796e-01 8.455929659018e-01 8.475222363405e-01 8.494038903995e-01 8.512396694215e-01 8.530312308634e-01 8.547801532876e-01 8.564879410006e-01 8.581560283688e-01 8.597857838364e-01 8.613785136696e-01 8.629354654483e-01 8.644578313253e-01 8.659467510706e-01 8.674033149171e-01 8.688285662234e-01 8.702235039654e-01 8.715890850722e-01 8.729262266149e-01 8.742358078603e-01 8.755186721992e-01 8.767756289577e-01 8.780074551000e-01 8.792148968294e-01 8.803986710963e-01 8.815594670176e-01 8.826979472141e-01 8.838147490721e-01 8.849104859335e-01 8.859857482185e-01 8.870411044870e-01 8.880771024405e-01 8.890942698706e-01 8.900931155549e-01 8.910741301059e-01 8.920377867746e-01 8.929845422117e-01 8.939148371887e-01 8.948290972831e-01 8.957277335264e-01 8.966111430212e-01 8.974797095258e-01 8.983338040102e-01 8.991737851841e-01 9.000000000000e-01
1.000000000000e-12 3.198446872883e-12 6.375790135906e-10 3.749239400905e-08 1.004990344745e-06 1.542894479459e-05 1.543121534382e-04 1.078252422303e-03 5.408333549275e-03 1.943234965039e-02 5.004713236278e-02 9.628288096535e-02 1.494885170784e-01 2.019788236306e-01 2.503494852994e-01 2.938837074210e-01 3.328747581742e-01 3.678658574048e-01 3.993976691454e-01 4.279435199073e-01 4.539028535271e-01 4.776099431046e-01 4.993449359849e-01 5.193437767965e-01 5.378063733859e-01 5.549031400972e-01 5.707802107308e-01 5.855636009577e-01 5.993625497085e-01 6.122722188081e-01 6.243758887395e-01 6.357467563484e-01 6.464494159546e-01 6.565410869551e-01 6.660726370879e-01 6.750894399458e-01 6.836320972294e-01 6.917370499886e-01 6.994370982590e-01 7.067618447195e-01 7.137380750211e-01 7.203900850901e-01 7.267399638330e-01 7.328078381764e-01 7.386120861681e-01 7.441695228941e-01 7.494955631722e-01 7.546043643379e-01 7.595089519068e-01 7.642213304645e-01 7.687525817682e-01 7.731129517508e-01 7.773119278633e-01 7.813583079853e-01 7.852602619565e-01 7.890253866354e-01 7.926607552652e-01 7.961729618226e-01 7.995681609340e-01 8.028521038678e-01 8.060301710459e-01 8.091074014595e-01 8.120885193298e-01 8.149779583081e-01 8.177798834774e-01 8.204982113851e-01 8.231366283079e-01 8.256986069305e-01 8.281874215944e-01 8.306061622591e-01 8.329577473007e-01 8.352449352583e-01 8.374703356291e-01 8.396364188001e-01 8.417455251957e-01 8.437998737135e-01 8.458015695109e-01 8.477526112005e-01 8.496548975070e-01 8.515102334298e-01 8.533203359562e-01 8.550868393607e-01 8.568113001267e-01 8.584952015204e-01 8.601399578463e-01 8.617469184086e-01 8.633173712029e-01 8.648525463598e-01 8.663536193577e-01 8.678217140250e-01 8.692579053459e-01 8.706632220856e-01 8.720386492480e-01 8.733851303777e-01 8.747035697190e-01 8.759948342407e-01 8.772597555374e-01 8.784991316153e-01 8.797137285713e-01 8.809042821721e-01 8.820714993402e-01 8.832160595539e-01 8.843386161662e-01 8.854397976486e-01 8.865202087641e-01 8.875804316751e-01 8.886210269890e-01 8.896425347471e-01 8.906454753586e-01 8.916303504851e-01 8.925976438772e-01 8.935478221664e-01 8.944813356165e-01 8.953986188342e-01 8.963000914444e-01 8.971861587296e-01 8.980572122384e-01 8.989136303614e-01 8.997557788800e-01 9.005840114869e-01 9.013986702817e-01
1.000000000000e-12 4.191726528901e-12 8.335302202312e-10 4.886022181559e-08 1.304169279832e-06 1.990313619892e-05 1.972937072080e-04 1.359122389788e-03 6.661746592383e-03 2.313544774594e-02 5.723229390111e-02 1.061627464759e-01 1.604705938329e-01 2.130000818148e-01 2.609712479576e-01 3.039846811057e-01 3.424522221619e-01 3.769534235387e-01 4.080365846351e-01 4.361736338775e-01 4.617602095600e-01 4.851264920332e-01 5.065488708480e-01 5.262600031209e-01 5.444569638557e-01 5.613077335519e-01 5.769563511387e-01 5.915270225113e-01 6.051274163246e-01 6.178513258383e-01 6.297808335469e-01 6.409880832218e-01 6.515367398059e-01 6.614831993965e-01 6.708775978061e-01 6.797646557481e-01 6.881843907019e-01 6.961727193620e-01 7.037619697983e-01 7.109813187307e-01 7.178571663858e-01 7.244134590903e-01 7.306719679085e-01 7.366525301557e-01 7.423732594337e-01 7.478507288724e-01 7.531001314820e-01 7.581354208848e-01 7.629694351691e-01 7.676140061837e-01 7.720800562277e-01 7.763776838027e-01 7.805162398428e-01 7.845043956325e-01 7.883502034539e-01 7.920611508525e-01 7.956442092928e-01 7.991058778692e-01 8.024522226478e-01 8.056889121407e-01 8.088212493493e-01 8.118542007579e-01 8.147924226095e-01 8.176402847586e-01 8.204018923559e-01 8.230811055926e-01 8.256815577027e-01 8.282066714016e-01 8.306596739154e-01 8.330436107417e-01 8.353613582632e-01 8.376156353257e-01 8.398090138779e-01 8.419439287596e-01 8.440226867184e-01 8.460474747236e-01 8.480203676409e-01 8.499433353246e-01 8.518182491780e-01 8.536468882281e-01 8.554309447559e-01 8.571720295200e-01 8.588716766072e-01 8.605313479407e-01 8.621524374741e-01 8.637362750961e-01 8.652841302693e-01 8.667972154233e-01 8.682766891225e-01 8.697236590241e-01 8.711391846443e-01 8.725242799451e-01 8.738799157568e-01 8.752070220472e-01 8.765064900492e-01 8.777791742565e-01 8.790258942978e-01 8.802474366967e-01 8.814445565264e-01 8.826179789664e-01 8.837684007672e-01 8.848964916300e-01 8.860028955064e-01 8.870882318248e-01 8.881530966462e-01 8.891980637559e-01 8.902236856948e-01 8.912304947332e-01 8.922190037921e-01 8.931897073147e-01 8.941430820906e-01 8.950795880370e-01 8.959996689386e-01 8.969037531485e-01 8.977922542534e-01 8.986655717044e-01 8.995240914156e-01 9.003681863333e-01 9.011982169752e-01 9.020145319449e-01 9.028174684192e-01
1.000000000000e-12 5.537443085438e-12 1.098269499442e-09 6.416218535335e-08 1.704840122765e-06 2.585041589990e-05 2.537502856593e-04 1.720614747379e-03 8.219714714490e-03 2.750598544227e-02 6.523608151289e-02 1.166779434367e-01 1.718532989085e-01 2.242816193688e-01 2.717871981191e-01 3.142490722927e-01 3.521767935550e-01 3.861776538078e-01 4.168043070854e-01 4.445260254496e-01 4.697341300550e-01 4.927544768175e-01 5.138595757933e-01 5.332787216405e-01 5.512061038087e-01 5.678072283662e-01 5.832240063713e-01 5.975788062548e-01 6.109777027305e-01 6.235131000287e-01 6.352658648146e-01 6.463070721385e-01 6.566994437735e-01 6.664985403070e-01 6.757537547754e-01 6.845091453356e-01 6.928041365876e-01 7.006741131000e-01 7.081509239835e-01 7.152633136872e-01 7.220372913020e-01 7.284964483750e-01 7.346622334185e-01 7.405541898454e-01 7.461901628932e-01 7.515864801503e-01 7.567581095330e-01 7.617187979316e-01 7.664811932303e-01 7.710569519813e-01 7.754568346631e-01 7.796907901616e-01 7.837680308706e-01 7.876970996044e-01 7.914859293453e-01 7.951418967059e-01 7.986718698643e-01 8.020822516266e-01 8.053790181862e-01 8.085677540726e-01 8.116536837201e-01 8.146417000310e-01 8.175363902635e-01 8.203420595297e-01 8.230627521600e-01 8.257022711543e-01 8.282641959181e-01 8.307518984570e-01 8.331685581838e-01 8.355171754749e-01 8.378005840978e-01 8.400214626167e-01 8.421823448753e-01 8.442856296398e-01 8.463335894818e-01 8.483283789693e-01 8.502720422275e-01 8.521665199261e-01 8.540136557424e-01 8.558152023458e-01 8.575728269453e-01 8.592881164351e-01 8.609625821733e-01 8.625976644240e-01 8.641947364885e-01 8.657551085522e-01 8.672800312698e-01 8.687706991082e-01 8.702282534668e-01 8.716537855921e-01 8.730483393030e-01 8.744129135390e-01 8.757484647468e-01 8.770559091164e-01 8.783361246762e-01 8.795899532603e-01 8.808182023540e-01 8.820216468279e-01 8.832010305685e-01 8.843570680113e-01 8.854904455840e-01 8.866018230655e-01 8.876918348673e-01 8.887610912402e-01 8.898101794142e-01 8.908396646739e-01 8.918500913736e-01 8.928419838979e-01 8.938158475686e-01 8.947721695032e-01 8.957114194274e-01 8.966340504447e-01 8.975404997645e-01 8.984311893938e-01 8.993065267916e-01 9.001669054910e-01 9.010127056886e-01 9.018442948050e-01 9.026620280169e-01 9.034662487628e-01 9.042572892244e-01
1.000000000000e-12 7.377321250596e-12 1.459154380512e-09 8.493943928811e-08 2.245898591502e-06 3.381614385200e-05 3.283759772939e-04 2.187639161593e-03 1.015540309425e-02 3.263869622344e-02 7.409307940995e-02 1.278140738628e-01 1.836209890574e-01 2.358184415161e-01 2.827991294599e-01 3.246815578970e-01 3.620541116534e-01 3.955443731850e-01 4.257065608284e-01 4.530062230122e-01 4.778299237614e-01 5.004989889008e-01 5.212819361207e-01 5.404046250435e-01 5.580583068380e-01 5.744059717153e-01 5.895873687954e-01 6.037230002874e-01 6.169173223056e-01 6.292613286911e-01 6.408346516437e-01 6.517072811377e-01 6.619409813576e-01 6.715904646137e-01 6.807043698196e-01 6.893260824561e-01 6.974944251896e-01 7.052442423364e-01 7.126068967340e-01 7.196106939598e-01 7.262812459964e-01 7.326417841935e-01 7.387134295863e-01 7.445154271975e-01 7.500653498022e-01 7.553792756981e-01 7.604719442702e-01 7.653568925204e-01 7.700465752240e-01 7.745524709602e-01 7.788851759157e-01 7.830544870761e-01 7.870694761797e-01 7.909385556086e-01 7.946695372235e-01 7.982696850107e-01 8.017457622842e-01 8.051040740916e-01 8.083505053814e-01 8.114905554182e-01 8.145293688691e-01 8.174717639314e-01 8.203222578245e-01 8.230850899299e-01 8.257642428288e-01 8.283634614566e-01 8.308862705682e-01 8.333359906852e-01 8.357157526769e-01 8.380285111097e-01 8.402770564849e-01 8.424640264704e-01 8.445919162227e-01 8.466630878837e-01 8.486797793270e-01 8.506441122246e-01 8.525580994919e-01 8.544236521683e-01 8.562425857816e-01 8.580166262416e-01 8.597474153018e-01 8.614365156279e-01 8.630854155024e-01 8.646955331993e-01 8.662682210522e-01 8.678047692426e-01 8.693064093302e-01 8.707743175444e-01 8.722096178579e-01 8.736133848559e-01 8.749866464201e-01 8.763303862381e-01 8.776455461537e-01 8.789330283683e-01 8.801936975046e-01 8.814283825434e-01 8.826378786412e-01 8.838229488381e-01 8.849843256626e-01 8.861227126423e-01 8.872387857244e-01 8.883331946144e-01 8.894065640373e-01 8.904594949267e-01 8.914925655468e-01 8.925063325512e-01 8.935013319832e-01 8.944780802209e-01 8.954370748707e-01 8.963787956130e-01 8.973037050017e-01 8.982122492219e-01 8.991048588081e-01 8.999819493238e-01 9.008439220071e-01 9.016911643825e-01 9.025240508416e-01 9.033429431953e-01 9.041481911975e-01 9.049401330431e-01 9.057190958418e-01
1.000000000000e-12 9.917256820921e-12 1.955788100926e-09 1.134119442270e-07 2.982960415447e-06 4.457078550877e-05 4.276577934351e-04 2.793128126400e-03 1.255736566229e-02 3.863124900223e-02 8.382697348736e-02 1.395521139479e-01 1.957589992778e-01 2.476072737147e-01 2.940100812927e-01 3.352876687299e-01 3.720904617948e-01 4.050599485647e-01 4.347495556753e-01 4.616202051053e-01 4.860533239889e-01 5.083655236374e-01 5.288212232608e-01 5.476427762861e-01 5.650184423801e-01 5.811086533592e-01 5.960509610965e-01 6.099639716271e-01 6.229504967175e-01 6.351000974863e-01 6.464911521669e-01 6.571925485397e-01 6.672650781031e-01 6.767625915226e-01 6.857329617070e-01 6.942188908640e-01 7.022585902440e-01 7.098863554015e-01 7.171330552407e-01 7.240265495547e-01 7.305920469628e-01 7.368524129441e-01 7.428284358982e-01 7.485390577578e-01 7.540015745441e-01 7.592318113374e-01 7.642442753920e-01 7.690522905153e-01 7.736681153322e-01 7.781030476455e-01 7.823675167624e-01 7.864711653757e-01 7.904229223527e-01 7.942310675887e-01 7.979032899154e-01 8.014467389184e-01 8.048680713962e-01 8.081734930980e-01 8.113687962903e-01 8.144593936297e-01 8.174503487597e-01 8.203464039958e-01 8.231520054157e-01 8.258713256347e-01 8.285082845124e-01 8.310665680052e-01 8.335496453564e-01 8.359607847926e-01 8.383030678752e-01 8.405794026391e-01 8.427925356377e-01 8.449450629985e-01 8.470394405816e-01 8.490779933274e-01 8.510629238654e-01 8.529963204533e-01 8.548801643050e-01 8.567163363629e-01 8.585066235621e-01 8.602527246309e-01 8.619562554670e-01 8.636187541254e-01 8.652416854499e-01 8.668264453778e-01 8.683743649449e-01 8.698867140137e-01 8.713647047479e-01 8.728094948525e-01 8.742221905987e-01 8.756038496482e-01 8.769554836944e-01 8.782780609328e-01 8.795725083743e-01 8.808397140111e-01 8.820805288493e-01 8.832957688140e-01 8.844862165388e-01 8.856526230464e-01 8.867957093291e-01 8.879161678343e-01 8.890146638639e-01 8.900918368910e-01 8.911483018020e-01 8.921846500662e-01 8.932014508409e-01 8.941992520127e-01 8.951785811830e-01 8.961399465973e-01 8.970838380253e-01 8.980107275928e-01 8.989210705689e-01 8.998153061119e-01 9.006938579757e-01 9.015571351791e-01 9.024055326410e-01 9.032394317828e-01 9.040592011000e-01 9.048651967052e-01 9.056577628439e-01 9.064372323849e-01 9.072039272862e-01
1.000000000000e-12 1.345986174852e-11 2.646156153849e-09 1.528127846904e-07 3.996374751716e-06 5.921269159786e-05 5.606150019186e-04 3.580590202124e-03 1.553127987890e-02 4.558049665767e-02 9.444932696174e-02 1.518696731295e-01 2.082542525169e-01 2.596466892146e-01 3.054243693600e-01 3.460738227378e-01 3.822928188411e-01 4.147313372131e-01 4.439400364428e-01 4.703744491685e-01 4.944105358408e-01 5.163600257858e-01 5.364831385153e-01 5.549986506492e-01 5.720917761861e-01 5.879203446319e-01 6.026196738836e-01 6.163064425238e-01 6.290817910284e-01 6.410338243993e-01 6.522396464650e-01 6.627670248647e-01 6.726757625812e-01 6.820188346160e-01 6.908433354126e-01 6.991912727918e-01 7.071002366435e-01 7.146039648350e-01 7.217328243044e-01 7.285142218101e-01 7.349729560480e-01 7.411315206763e-01 7.470103660493e-01 7.526281260803e-01 7.580018155356e-01 7.631470021602e-01 7.680779573021e-01 7.728077881072e-01 7.773485538598e-01 7.817113686463e-01 7.859064921804e-01 7.899434103528e-01 7.938309068362e-01 7.975771268845e-01 8.011896342994e-01 8.046754624053e-01 8.080411597529e-01 8.112928311782e-01 8.144361747583e-01 8.174765151330e-01 8.204188336049e-01 8.232677953734e-01 8.260277742175e-01 8.287028749007e-01 8.312969535405e-01 8.338136361552e-01 8.362563355739e-01 8.386282668779e-01 8.409324615183e-01 8.431717802419e-01 8.453489249397e-01 8.474664495228e-01 8.495267699162e-01 8.515321732536e-01 8.534848263473e-01 8.553867834970e-01 8.572399936998e-01 8.590463073116e-01 8.608074822096e-01 8.625251894988e-01 8.642010188004e-01 8.658364831586e-01 8.674330235970e-01 8.689920133534e-01 8.705147618191e-01 8.720025182072e-01 8.734564749699e-01 8.748777709868e-01 8.762674945395e-01 8.776266860908e-01 8.789563408828e-01 8.802574113671e-01 8.815308094798e-01 8.827774087736e-01 8.839980464161e-01 8.851935250644e-01 8.863646146255e-01 8.875120539096e-01 8.886365521847e-01 8.897387906381e-01 8.908194237531e-01 8.918790806043e-01 8.929183660791e-01 8.939378620290e-01 8.949381283558e-01 8.959197040370e-01 8.968831080944e-01 8.978288405089e-01 8.987573830859e-01 8.996692002738e-01 9.005647399386e-01 9.014444340971e-01 9.023086996126e-01 9.031579388528e-01 9.039925403146e-01 9.048128792171e-01 9.056193180634e-01 9.064122071755e-01 9.071918852010e-01 9.079586795958e-01 9.087129070825e-01
1.000000000000e-12 1.845541886202e-11 3.616190708951e-09 2.079057709186e-07 5.403497364628e-06 7.932238093299e-05 7.398608994397e-04 4.607374181809e-03 1.920099550807e-02 5.357781090674e-02 1.059591465489e-01 1.647424207609e-01 2.210957890217e-01 2.719372074013e-01 3.170476188142e-01 3.570473675206e-01 3.926689003209e-01 4.245661441594e-01 4.532853407406e-01 4.792759880191e-01 5.029082907590e-01 5.244889419632e-01 5.442738634528e-01 5.624781841790e-01 5.792840169279e-01 5.948465433353e-01 6.092988089881e-01 6.227555322703e-01 6.353161541155e-01 6.470672988581e-01 6.580847744640e-01 6.684352095843e-01 6.781774020604e-01 6.873634365055e-01 6.960396158095e-01 7.042472417319e-01 7.120232723567e-01 7.194008784885e-01 7.264099166610e-01 7.330773329822e-01 7.394275093337e-01 7.454825613022e-01 7.512625955140e-01 7.567859326853e-01 7.620693015996e-01 7.671280083403e-01 7.719760843840e-01 7.766264165724e-01 7.810908614986e-01 7.853803464444e-01 7.895049586788e-01 7.934740246545e-01 7.972961804090e-01 8.009794342913e-01 8.045312229715e-01 8.079584615584e-01 8.112675885350e-01 8.144646061280e-01 8.175551166414e-01 8.205443552191e-01 8.234372194382e-01 8.262382960860e-01 8.289518854272e-01 8.315820232327e-01 8.341325008069e-01 8.366068832222e-01 8.390085259452e-01 8.413405900181e-01 8.436060559399e-01 8.458077363741e-01 8.479482877986e-01 8.500302211984e-01 8.520559118919e-01 8.540276085710e-01 8.559474416281e-01 8.578174308347e-01 8.596394924292e-01 8.614154456667e-01 8.631470188784e-01 8.648358550813e-01 8.664835171785e-01 8.680914927830e-01 8.696611986978e-01 8.711939850795e-01 8.726911393112e-01 8.741538896093e-01 8.755834083835e-01 8.769808153710e-01 8.783471805617e-01 8.796835269305e-01 8.809908329915e-01 8.822700351874e-01 8.835220301269e-01 8.847476766798e-01 8.859477979428e-01 8.871231830819e-01 8.882745890636e-01 8.894027422803e-01 8.905083400786e-01 8.915920521966e-01 8.926545221169e-01 8.936963683408e-01 8.947181855888e-01 8.957205459325e-01 8.967039998631e-01 8.976690772991e-01 8.986162885384e-01 8.995461251584e-01 9.004590608663e-01 9.013555523041e-01 9.022360398100e-01 9.031009481397e-01 9.039506871498e-01 9.047856524449e-01 9.056062259924e-01 9.064127767044e-01 9.072056609914e-01 9.079852232869e-01 9.087517965467e-01 9.095057027228e-01 9.102472532144e-01
1.000000000000e-12 2.558282194522e-11 4.994889933454e-09 2.857977580725e-07 7.377723511802e-06 1.071964098128e-04 9.831310313150e-04 5.948741808139e-03 2.370835021859e-02 6.270381742930e-02 1.183433659631e-01 1.781455806414e-01 2.342752063909e-01 2.844813702496e-01 3.288868036776e-01 3.682166345484e-01 4.032272310386e-01 4.345726901396e-01 4.627934665353e-01 4.883324755095e-01 5.115539097648e-01 5.327592813867e-01 5.522001182332e-01 5.700878297300e-01 5.866013701121e-01 6.018932256705e-01 6.160941295481e-01 6.293168055638e-01 6.416589654234e-01 6.532057269807e-01 6.640315797703e-01 6.742019936291e-01 6.837747437658e-01 6.928010089138e-01 7.013262866379e-01 7.093911603538e-01 7.170319453485e-01 7.242812354995e-01 7.311683680572e-01 7.377198204662e-01 7.439595505432e-01 7.499092892266e-01 7.555887934356e-01 7.610160652410e-01 7.662075424687e-01 7.711782649891e-01 7.759420202346e-01 7.805114709107e-01 7.848982673932e-01 7.891131469095e-01 7.931660212849e-01 7.970660547602e-01 8.008217331695e-01 8.044409255758e-01 8.079309393057e-01 8.112985691960e-01 8.145501417478e-01 8.176915547931e-01 8.207283131972e-01 8.236655610510e-01 8.265081107499e-01 8.292604693048e-01 8.319268621875e-01 8.345112549764e-01 8.370173730350e-01 8.394487194297e-01 8.418085912667e-01 8.441000946095e-01 8.463261581182e-01 8.484895455367e-01 8.505928671399e-01 8.526385902401e-01 8.546290488426e-01 8.565664525287e-01 8.584528946376e-01 8.602903598118e-01 8.620807309610e-01 8.638257956990e-01 8.655272522966e-01 8.671867151944e-01 8.688057201125e-01 8.703857287905e-01 8.719281333894e-01 8.734342605829e-01 8.749053753634e-01 8.763426845851e-01 8.777473402666e-01 8.791204426698e-01 8.804630431748e-01 8.817761469642e-01 8.830607155331e-01 8.843176690371e-01 8.855478884904e-01 8.867522178250e-01 8.879314658215e-01 8.890864079204e-01 8.902177879226e-01 8.913263195866e-01 8.924126881302e-01 8.934775516431e-01 8.945215424160e-01 8.955452681929e-01 8.965493133504e-01 8.975342400104e-01 8.985005890896e-01 8.994488812897e-01 9.003796180333e-01 9.012932823480e-01 9.021903397019e-01 9.030712387948e-01 9.039364123063e-01 9.047862776045e-01 9.056212374174e-01 9.064416804692e-01 9.072479820836e-01 9.080405047566e-01 9.088195986997e-01 9.095856023558e-01 9.103388428896e-01 9.110796366538e-01 9.118082896312e-01
1.000000000000e-12 3.588014598343e-11 6.978581278112e-09 3.972320179224e-07 1.017839331691e-05 1.462054043670e-04 1.315483731709e-03 7.702769181763e-03 2.921108973479e-02 7.302306869146e-02 1.315782665416e-01 1.920553955645e-01 2.477870099631e-01 2.972838054190e-01 3.409502973106e-01 3.795910078003e-01 4.139772213234e-01 4.447600920700e-01 4.724731513621e-01 4.975522631453e-01 5.203553771012e-01 5.411786865369e-01 5.602692294262e-01 5.778346221196e-01 5.940506007513e-01 6.090669066005e-01 6.230119182220e-01 6.359963287169e-01 6.481160893048e-01 6.594547841652e-01 6.700855606194e-01 6.800727087955e-01 6.894729628344e-01 6.983365792605e-01 7.067082357989e-01 7.146277845745e-01 7.221308864917e-01 7.292495481037e-01 7.360125780186e-01 7.424459765709e-01 7.485732698698e-01 7.544157972731e-01 7.599929596905e-01 7.653224348046e-01 7.704203642399e-01 7.753015168560e-01 7.799794316427e-01 7.844665431301e-01 7.887742917599e-01 7.929132212804e-01 7.968930649105e-01 8.007228217562e-01 8.044108247413e-01 8.079648011319e-01 8.113919265805e-01 8.146988734845e-01 8.178918543444e-01 8.209766607164e-01 8.239586982708e-01 8.268430184047e-01 8.296343467965e-01 8.323371092431e-01 8.349554550755e-01 8.374932784142e-01 8.399542374936e-01 8.423417722567e-01 8.446591203974e-01 8.469093320096e-01 8.490952829804e-01 8.512196872525e-01 8.532851080648e-01 8.552939682699e-01 8.572485598158e-01 8.591510524679e-01 8.610035018447e-01 8.628078568262e-01 8.645659663934e-01 8.662795859479e-01 8.679503831587e-01 8.695799433749e-01 8.711697746436e-01 8.727213123648e-01 8.742359236134e-01 8.757149111571e-01 8.771595171937e-01 8.785709268306e-01 8.799502713275e-01 8.812986311203e-01 8.826170386437e-01 8.839064809673e-01 8.851679022606e-01 8.864022060986e-01 8.876102576199e-01 8.887928855494e-01 8.899508840938e-01 8.910850147206e-01 8.921960078277e-01 8.932845643120e-01 8.943513570443e-01 8.953970322555e-01 8.964222108431e-01 8.974274895995e-01 8.984134423713e-01 8.993806211514e-01 9.003295571092e-01 9.012607615638e-01 9.021747269023e-01 9.030719274483e-01 9.039528202827e-01 9.048178460197e-01 9.056674295424e-01 9.065019806980e-01 9.073218949577e-01 9.081275540408e-01 9.089193265082e-01 9.096975683237e-01 9.104626233882e-01 9.112148240460e-01 9.119544915667e-01 9.126819366020e-01 9.133974596216e-01
1.000000000000e-12 5.095878423872e-11 9.870490620645e-09 5.586794174506e-07 1.419843429631e-05 2.013476122090e-04 1.772462120421e-03 9.995928052492e-03 3.587821744379e-02 8.457937669910e-02 1.456317356452e-01 2.064504776304e-01 2.616288809424e-01 3.103512854065e-01 3.532479387305e-01 3.911810099802e-01 4.249292615680e-01 4.551383585045e-01 4.823339655112e-01 5.069444898872e-01 5.293214264022e-01 5.497555157759e-01 5.684892092771e-01 5.857262542639e-01 6.016391065941e-01 6.163747103789e-01 6.300590452061e-01 6.428007353345e-01 6.546939385117e-01 6.658206765356e-01 6.762527294039e-01 6.860531854718e-01 6.952777183443e-01 7.039756450932e-01 7.121908082746e-01 7.199623150493e-01 7.273251597047e-01 7.343107504881e-01 7.409473574818e-01 7.472604949901e-01 7.532732493428e-01 7.590065609963e-01 7.644794681945e-01 7.697093181668e-01 7.747119507986e-01 7.795018588717e-01 7.840923282883e-01 7.884955611369e-01 7.927227840003e-01 7.967843435300e-01 8.006897909996e-01 8.044479572927e-01 8.080670195636e-01 8.115545606310e-01 8.149176220112e-01 8.181627513726e-01 8.212960450844e-01 8.243231864395e-01 8.272494800590e-01 8.300798829128e-01 8.328190323412e-01 8.354712714087e-01 8.380406718816e-01 8.405310550870e-01 8.429460108750e-01 8.452889148847e-01 8.475629442872e-01 8.497710921603e-01 8.519161806314e-01 8.540008729107e-01 8.560276843221e-01 8.579989924272e-01 8.599170463299e-01 8.617839752358e-01 8.636017963372e-01 8.653724220834e-01 8.670976668916e-01 8.687792533495e-01 8.704188179519e-01 8.720179164126e-01 8.735780285886e-01 8.751005630473e-01 8.765868613088e-01 8.780382017877e-01 8.794558034612e-01 8.808408292831e-01 8.821943893664e-01 8.835175439499e-01 8.848113061688e-01 8.860766446414e-01 8.873144858874e-01 8.885257165912e-01 8.897111857190e-01 8.908717065042e-01 8.920080583072e-01 8.931209883614e-01 8.942112134109e-01 8.952794212509e-01 8.963262721737e-01 8.973524003303e-01 8.983584150114e-01 8.993449018537e-01 9.003124239767e-01 9.012615230545e-01 9.021927203275e-01 9.031065175564e-01 9.040033979242e-01 9.048838268877e-01 9.057482529835e-01 9.065971085894e-01 9.074308106458e-01 9.082497613389e-01 9.090543487469e-01 9.098449474538e-01 9.106219191307e-01 9.113856130875e-01 9.121363667962e-01 9.128745063888e-01 9.136003471292e-01 9.143141938620e-01 9.150163414401e-01
1.000000000000e-12 7.336090441299e-11 1.414639404082e-08 7.957753762666e-07 2.004137337165e-05 2.801130656370e-04 2.404611723151e-03 1.298888897114e-02 4.388228304040e-02 9.739260309470e-02 1.604661562343e-01 2.213129824590e-01 2.758018761315e-01 3.236927928459e-01 3.657911200728e-01 4.029984100594e-01 4.360948363332e-01 4.657185031411e-01 4.923864221060e-01 5.165191879215e-01 5.384616420503e-01 5.584989404713e-01 5.768688488615e-01 5.937711666449e-01 6.093750041695e-01 6.238244534192e-01 6.372430481507e-01 6.497373034791e-01 6.613995487923e-01 6.723102131354e-01 6.825396826135e-01 6.921498204612e-01 7.011952191461e-01 7.097242380389e-01 7.177798683046e-01 7.254004576702e-01 7.326203208582e-01 7.394702561891e-01 7.459779847596e-01 7.521685254033e-01 7.580645161294e-01 7.636864907446e-01 7.690531177831e-01 7.741814076026e-01 7.790868924890e-01 7.837837837838e-01 7.882851093861e-01 7.926028344279e-01 7.967479674797e-01 8.007306542677e-01 8.045602605863e-01 8.082454458293e-01 8.117942283563e-01 8.152140437327e-01 8.185117967332e-01 8.216939078752e-01 8.247663551402e-01 8.277347114556e-01 8.306041784303e-01 8.333796167731e-01 8.360655737705e-01 8.386663081474e-01 8.411858125993e-01 8.436278342455e-01 8.459958932238e-01 8.482932996207e-01 8.505231689088e-01 8.526884360422e-01 8.547918683446e-01 8.568360773085e-01 8.588235294118e-01 8.607565560455e-01 8.626373626374e-01 8.644680370454e-01 8.662505572893e-01 8.679867986799e-01 8.696785403997e-01 8.713274715848e-01 8.729351969504e-01 8.745032419996e-01 8.760330578512e-01 8.775260257195e-01 8.789834610730e-01 8.804066175005e-01 8.817966903073e-01 8.831548198637e-01 8.844820947247e-01 8.857795545403e-01 8.870481927711e-01 8.882889592255e-01 8.895027624309e-01 8.906904718528e-01 8.918529199712e-01 8.929909042269e-01 8.941051888457e-01 8.951965065502e-01 8.962655601660e-01 8.973130241314e-01 8.983395459166e-01 8.993457473578e-01 9.003322259136e-01 9.012995558480e-01 9.022482893451e-01 9.031789575601e-01 9.040920716113e-01 9.049881235154e-01 9.058675870725e-01 9.067309187005e-01 9.075785582255e-01 9.084109296291e-01 9.092284417549e-01 9.100314889789e-01 9.108204518430e-01 9.115956976573e-01 9.123575810692e-01 9.131064446054e-01 9.138426191844e-01 9.145664246049e-01 9.152781700085e-01 9.159781543201e-01 9.166666666667e-01
1.000000000000e-12 1.071675997270e-10 2.056557773008e-08 1.149068434623e-06 2.864774257202e-05 3.938451262254e-04 3.283864566811e-03 1.688159419800e-02 5.338859197113e-02 1.114576095840e-01 1.760416483111e-01 2.366295727224e-01 2.903105781577e-01 3.373196026534e-01 3.785929011565e-01 4.150563567056e-01 4.474866621306e-01 4.765126802538e-01 5.026421077604e-01 5.262874079172e-01 5.477865790865e-01 5.674190598432e-01 5.854178282166e-01 6.019786530704e-01 6.172672304981e-01 6.314247422494e-01 6.445722266238e-01 6.568140468826e-01 6.682406670660e-01 6.789308912619e-01 6.889536835056e-01 6.983696571498e-01 7.072323016745e-01 7.155889993952e-01 7.234818728798e-01 7.309484950748e-01 7.380224874046e-01 7.447340259376e-01 7.511102716907e-01 7.571757380144e-01 7.629526055374e-01 7.684609931991e-01 7.737191923527e-01 7.787438696772e-01 7.835502436422e-01 7.881522384620e-01 7.925626188187e-01 7.967931080996e-01 8.008544924567e-01 8.047567126310e-01 8.085089451896e-01 8.121196745708e-01 8.155967571305e-01 8.189474782051e-01 8.221786030647e-01 8.252964225058e-01 8.283067937302e-01 8.312151770692e-01 8.340266690378e-01 8.367460321389e-01 8.393777217847e-01 8.419259106566e-01 8.443945107814e-01 8.467871935710e-01 8.491074080421e-01 8.513583974038e-01 8.535432141834e-01 8.556647340368e-01 8.577256683766e-01 8.597285759322e-01 8.616758733487e-01 8.635698449134e-01 8.654126514954e-01 8.672063387694e-01 8.689528447909e-01 8.706540069817e-01 8.723115685778e-01 8.739271845876e-01 8.755024273045e-01 8.770387914102e-01 8.785376987050e-01 8.800005024968e-01 8.814284916765e-01 8.828228945051e-01 8.841848821379e-01 8.855155719050e-01 8.868160303681e-01 8.880872761721e-01 8.893302827056e-01 8.905459805869e-01 8.917352599875e-01 8.928989728060e-01 8.940379347030e-01 8.951529270077e-01 8.962446985055e-01 8.973139671148e-01 8.983614214613e-01 8.993877223570e-01 9.003935041905e-01 9.013793762342e-01 9.023459238758e-01 9.032937097766e-01 9.042232749645e-01 9.051351398632e-01 9.060298052641e-01 9.069077532434e-01 9.077694480282e-01 9.086153368152e-01 9.094458505441e-01 9.102614046301e-01 9.110623996569e-01 9.118492220321e-01 9.126222446094e-01 9.133818272774e-01 9.141283175186e-01 9.148620509387e-01 9.155833517708e-01 9.162925333521e-01 9.169898985784e-01 9.176757403350e-01 9.183503419072e-01
1.000000000000e-12 1.590549762947e-10 3.036214219839e-08 1.683817025823e-06 4.150591665673e-05 5.599036400771e-04 4.512393750327e-03 2.191596793343e-02 6.454210162010e-02 1.267457894849e-01 1.923193592270e-01 2.523921645482e-01 3.051632187163e-01 3.512453924435e-01 3.916681580889e-01 4.273695432736e-01 4.591188540990e-01 4.875343469859e-01 5.131138385185e-01 5.362613682569e-01 5.573079059592e-01 5.765270376395e-01 5.941468473829e-01 6.103589865046e-01 6.253256640998e-01 6.391850900491e-01 6.520557544933e-01 6.640398234584e-01 6.752258563242e-01 6.856909979867e-01 6.955027604572e-01 7.047204808811e-01 7.133965225212e-01 7.215772700601e-01 7.293039591766e-01 7.366133717193e-01 7.435384212143e-01 7.501086483734e-01 7.563506423385e-01 7.622884003317e-01 7.679436359689e-01 7.733360445856e-01 7.784835324106e-01 7.834024152061e-01 7.881075910171e-01 7.926126908838e-01 7.969302107278e-01 8.010716271008e-01 8.050474990523e-01 8.088675580214e-01 8.125407873624e-01 8.160754928739e-01 8.194793654964e-01 8.227595371735e-01 8.259226307328e-01 8.289748045178e-01 8.319217924073e-01 8.347689397653e-01 8.375212357997e-01 8.401833427388e-01 8.427596221865e-01 8.452541589681e-01 8.476707827428e-01 8.500130876212e-01 8.522844500006e-01 8.544880448047e-01 8.566268602896e-01 8.587037115646e-01 8.607212529532e-01 8.626819893110e-01 8.645882864006e-01 8.664423804137e-01 8.682463867222e-01 8.700023079292e-01 8.717120412845e-01 8.733773855231e-01 8.750000471769e-01 8.765816464084e-01 8.781237224063e-01 8.796277383816e-01 8.810950861989e-01 8.825270906721e-01 8.839250135544e-01 8.852900572459e-01 8.866233682432e-01 8.879260403510e-01 8.891991176747e-01 8.904435974115e-01 8.916604324553e-01 8.928505338303e-01 8.940147729655e-01 8.951539838226e-01 8.962689648887e-01 8.973604810420e-01 8.984292653022e-01 8.994760204720e-01 9.005014206782e-01 9.015061128192e-01 9.024907179265e-01 9.034558324446e-01 9.044020294356e-01 9.053298597142e-01 9.062398529167e-01 9.071325185094e-01 9.080083467395e-01 9.088678095333e-01 9.097113613433e-01 9.105394399506e-01 9.113524672216e-01 9.121508498248e-01 9.129349799096e-01 9.137052357479e-01 9.144619823428e-01 9.152055720057e-01 9.159363449025e-01 9.166546295731e-01 9.173607434237e-01 9.180549931941e-01 9.187376754028e-01 9.194090767683e-01 9.200694746115e-01
1.000000000000e-12 2.401691833369e-10 4.558198092230e-08 2.507024112957e-06 6.100973351915e-05 8.051253025321e-04 6.234524879213e-03 2.837388075320e-02 7.745374793031e-02 1.432091768062e-01 2.092645276221e-01 2.685984759791e-01 3.203717999203e-01 3.654863936755e-01 4.050337742581e-01 4.399544115441e-01 4.710071282781e-01 4.987984588628e-01 5.238158471277e-01 5.464546340141e-01 5.670385756277e-01 5.858352659150e-01 6.030677834145e-01 6.189235698268e-01 6.335612699711e-01 6.471160562675e-01 6.597038145673e-01 6.714244653057e-01 6.823646213055e-01 6.925997317822e-01 7.021958247943e-01 7.112109332190e-01 7.196962693397e-01 7.276971982723e-01 7.352540493065e-01 7.424027958004e-01 7.491756278177e-01 7.556014367443e-01 7.617062272743e-01 7.675134691539e-01 7.730443987183e-01 7.783182783857e-01 7.833526207934e-01 7.881633830716e-01 7.927651357957e-01 7.971712103860e-01 8.013938280950e-01 8.054442132116e-01 8.093326926901e-01 8.130687840655e-01 8.166612732317e-01 8.201182834200e-01 8.234473365186e-01 8.266554077059e-01 8.297489742351e-01 8.327340590850e-01 8.356162700997e-01 8.384008351482e-01 8.410926337722e-01 8.436962257210e-01 8.462158767271e-01 8.486555818288e-01 8.510190865064e-01 8.533099058695e-01 8.555313420999e-01 8.576865003341e-01 8.597783031443e-01 8.618095037616e-01 8.637826981658e-01 8.657003361539e-01 8.675647314873e-01 8.693780712047e-01 8.711424241807e-01 8.728597489996e-01 8.745319012085e-01 8.761606400047e-01 8.777476344095e-01 8.792944689730e-01 8.808026490515e-01 8.822736056936e-01 8.837087001697e-01 8.851092281733e-01 8.864764237235e-01 8.878114627907e-01 8.891154666708e-01 8.903895051258e-01 8.916345993110e-01 8.928517245043e-01 8.940418126546e-01 8.952057547610e-01 8.963444030978e-01 8.974585732959e-01 8.985490462908e-01 8.996165701482e-01 9.006618617757e-01 9.016856085277e-01 9.026884697132e-01 9.036710780115e-01 9.046340408033e-01 9.055779414228e-01 9.065033403357e-01 9.074107762496e-01 9.083007671589e-01 9.091738113315e-01 9.100303882387e-01 9.108709594333e-01 9.116959693789e-01 9.125058462337e-01 9.133010025911e-01 9.140818361809e-01 9.148487305327e-01 9.156020556037e-01 9.163421683741e-01 9.170694134111e-01 9.177841234036e-01 9.184866196700e-01 9.191772126395e-01 9.198562023097e-01 9.205238786813e-01 9.211805221707e-01 9.218264040029e-01
1.000000000000e-12 3.695363709944e-10 6.969030437341e-08 3.797703310650e-06 9.107577126476e-05 1.171383931094e-03 8.651981025329e-03 3.656749596309e-02 9.218881066765e-02 1.607866683686e-01 2.268491154875e-01 2.852524176564e-01 3.359522408139e-01 3.800615975918e-01 4.187088840815e-01 4.528294034760e-01 4.831690481834e-01 5.103217067896e-01 5.347640095156e-01 5.568823331817e-01 5.769930321876e-01 5.953575627746e-01 6.121938799323e-01 6.276851178292e-01 6.419862745999e-01 6.552294151685e-01 6.675277611282e-01 6.789789356465e-01 6.896675602083e-01 6.996673493452e-01 7.090428130321e-01 7.178506498818e-01 7.261408947278e-01 7.339578696711e-01 7.413409767677e-01 7.483253622915e-01 7.549424762060e-01 7.612205456387e-01 7.671849773945e-01 7.728587016132e-01 7.782624663732e-01 7.834150912191e-01 7.883336861453e-01 7.930338414021e-01 7.975297925646e-01 8.018345645425e-01 8.059600976024e-01 8.099173579693e-01 8.137164351644e-01 8.173666278995e-01 8.208765200669e-01 8.242540481321e-01 8.275065610431e-01 8.306408736080e-01 8.336633141577e-01 8.365797671932e-01 8.393957116254e-01 8.421162551264e-01 8.447461650495e-01 8.472898963081e-01 8.497516165588e-01 8.521352289877e-01 8.544443929606e-01 8.566825427692e-01 8.588529046728e-01 8.609585124160e-01 8.630022213765e-01 8.649867214842e-01 8.669145490332e-01 8.687880974959e-01 8.706096274365e-01 8.723812756104e-01 8.741050633254e-01 8.757829041349e-01 8.774166109240e-01 8.790079024434e-01 8.805584093409e-01 8.820696797352e-01 8.835431843722e-01 8.849803213983e-01 8.863824207862e-01 8.877507484395e-01 8.890865100051e-01 8.903908544160e-01 8.916648771878e-01 8.929096234869e-01 8.941260909906e-01 8.953152325538e-01 8.964779586983e-01 8.976151399377e-01 8.987276089513e-01 8.998161626171e-01 9.008815639159e-01 9.019245437142e-01 9.029458024365e-01 9.039460116341e-01 9.049258154574e-01 9.058858320392e-01 9.068266547959e-01 9.077488536496e-01 9.086529761803e-01 9.095395487095e-01 9.104090773225e-01 9.112620488309e-01 9.120989316824e-01 9.129201768179e-01 9.137262184822e-01 9.145174749892e-01 9.152943494463e-01 9.160572304389e-01 9.168064926786e-01 9.175424976166e-01 9.182655940258e-01 9.189761185510e-01 9.196743962321e-01 9.203607410000e-01 9.210354561467e-01 9.216988347722e-01 9.223511602097e-01 9.229927064284e-01 9.236237384174e-01
1.000000000000e-12 5.804283388435e-10 1.086948695663e-07 5.861917350855e-06 1.382281552851e-04 1.724530978004e-03 1.204181457523e-02 4.681950061060e-02 1.087602405142e-01 1.794115285506e-01 2.450538971023e-01 3.023643814787e-01 3.519245780904e-01 3.949930324819e-01 4.327151827475e-01 4.660152730979e-01 4.956243271323e-01 5.221228064066e-01 5.459761208173e-01 5.675614200130e-01 5.871874624370e-01 6.051094130919e-01 6.215399778582e-01 6.366578787490e-01 6.506143789937e-01 6.635383609818e-01 6.755403177671e-01 6.867155198468e-01 6.971465493522e-01 7.069053443082e-01 7.160548600083e-01 7.246504286346e-01 7.327408791858e-01 7.403694656038e-01 7.475746403583e-01 7.543907027007e-01 7.608483446527e-01 7.669751130701e-01 7.727958024557e-01 7.783327903347e-01 7.836063247581e-01 7.886347717212e-01 7.934348288684e-01 7.980217107264e-01 8.024093097938e-01 8.066103370811e-01 8.106364450953e-01 8.144983357760e-01 8.182058554878e-01 8.217680788443e-01 8.251933828665e-01 8.284895127517e-01 8.316636403388e-01 8.347224161996e-01 8.376720161525e-01 8.405181828826e-01 8.432662632594e-01 8.459212418605e-01 8.484877711463e-01 8.509701986670e-01 8.533725916394e-01 8.556987591826e-01 8.579522724722e-01 8.601364830336e-01 8.622545393737e-01 8.643094021239e-01 8.663038578475e-01 8.682405316474e-01 8.701218986931e-01 8.719502947745e-01 8.737279259765e-01 8.754568775586e-01 8.771391221154e-01 8.787765270838e-01 8.803708616585e-01 8.819238031683e-01 8.834369429627e-01 8.849117918508e-01 8.863497851334e-01 8.877522872621e-01 8.891205961570e-01 8.904559472137e-01 8.917595170230e-01 8.930324268288e-01 8.942757457447e-01 8.954904937488e-01 8.966776444744e-01 8.978381278127e-01 8.989728323419e-01 9.000826075964e-01 9.011682661879e-01 9.022305857898e-01 9.032703109950e-01 9.042881550562e-01 9.052848015178e-01 9.062609057467e-01 9.072170963693e-01 9.081539766216e-01 9.090721256184e-01 9.099720995471e-01 9.108544327907e-01 9.117196389867e-01 9.125682120235e-01 9.134006269808e-01 9.142173410166e-01 9.150187942043e-01 9.158054103232e-01 9.165775976061e-01 9.173357494455e-01 9.180802450618e-01 9.188114501362e-01 9.195297174089e-01 9.202353872473e-01 9.209287881833e-01 9.216102374233e-01 9.222800413324e-01 9.229384958932e-01 9.235858871423e-01 9.242224915843e-01 9.248485765859e-01 9.254644007500e-01
1.000000000000e-12 9.325900580762e-10 1.732804599546e-07 9.235400304522e-06 2.135401510483e-04 2.568694815192e-03 1.677438639245e-02 5.943269253472e-02 1.271292716393e-01 1.990191810999e-01 2.638699929268e-01 3.199514936741e-01 3.683132527911e-01 4.103061325862e-01 4.470773192705e-01 4.795354746442e-01 5.083952015567e-01 5.342228542696e-01 5.574722347148e-01 5.785109985945e-01 5.976401049108e-01 6.151082641873e-01 6.311227988169e-01 6.458579063599e-01 6.594610203260e-01 6.720577598727e-01 6.837558203678e-01 6.946480600316e-01 7.048149699812e-01 7.143266667353e-01 7.232445115263e-01 7.316224354954e-01 7.395080312640e-01 7.469434575602e-01 7.539661932155e-01 7.606096690049e-01 7.669037998108e-01 7.728754349871e-01 7.785487412258e-01 7.839455294404e-01 7.890855349900e-01 7.939866588323e-01 7.986651758180e-01 8.031359152334e-01 8.074124178112e-01 8.115070727118e-01 8.154312373942e-01 8.191953428189e-01 8.228089860349e-01 8.262810118815e-01 8.296195852688e-01 8.328322552813e-01 8.359260121628e-01 8.389073380890e-01 8.417822525031e-01 8.445563526821e-01 8.472348501096e-01 8.498226031511e-01 8.523241464639e-01 8.547437175160e-01 8.570852805397e-01 8.593525482052e-01 8.615490012639e-01 8.636779063787e-01 8.657423323345e-01 8.677451647978e-01 8.696891197746e-01 8.715767558986e-01 8.734104856668e-01 8.751925857254e-01 8.769252063000e-01 8.786103798503e-01 8.802500290236e-01 8.818459739722e-01 8.833999390939e-01 8.849135592464e-01 8.863883854855e-01 8.878258903657e-01 8.892274728452e-01 8.905944628268e-01 8.919281253668e-01 8.932296645795e-01 8.945002272640e-01 8.957409062737e-01 8.969527436515e-01 8.981367335492e-01 8.992938249471e-01 9.004249241910e-01 9.015308973598e-01 9.026125724772e-01 9.036707415792e-01 9.047061626480e-01 9.057195614231e-01 9.067116330970e-01 9.076830439067e-01 9.086344326245e-01 9.095664119597e-01 9.104795698742e-01 9.113744708192e-01 9.122516568990e-01 9.131116489660e-01 9.139549476518e-01 9.147820343394e-01 9.155933720792e-01 9.163894064538e-01 9.171705663935e-01 9.179372649475e-01 9.186899000117e-01 9.194288550177e-01 9.201544995840e-01 9.208671901324e-01 9.215672704716e-01 9.222550723506e-01 9.229309159828e-01 9.235951105427e-01 9.242479546380e-01 9.248897367569e-01 9.255207356934e-01 9.261412209510e-01 9.267514531263e-01 9.273516842743e-01
1.000000000000e-12 1.536474482894e-09 2.829885617521e-07 1.488013423020e-05 3.361726543293e-04 3.868811974083e-03 2.332530541930e-02 7.465229657595e-02 1.472141039837e-01 2.195543661534e-01 2.832999248671e-01 3.380379061234e-01 3.851475191737e-01 4.260302246229e-01 4.618233960038e-01 4.934166486422e-01 5.215068958549e-01 5.466457703644e-01 5.692750846446e-01 5.897527243286e-01 6.083716332631e-01 6.253738926161e-01 6.409612966836e-01 6.553033974871e-01 6.685436964901e-01 6.808044624932e-01 6.921905185081e-01 7.027922461065e-01 7.126879895961e-01 7.219459953882e-01 7.306259881224e-01 7.387804605176e-01 7.464557358304e-01 7.536928483535e-01 7.605282773031e-01 7.669945618060e-01 7.731208188707e-01 7.789331817394e-01 7.844551725427e-01 7.897080204650e-01 7.947109344942e-01 7.994813381432e-01 8.040350721885e-01 8.083865703973e-01 8.125490123511e-01 8.165344567732e-01 8.203539582024e-01 8.240176693901e-01 8.275349314179e-01 8.309143532201e-01 8.341638819367e-01 8.372908653070e-01 8.403021071348e-01 8.432039167064e-01 8.460021529176e-01 8.487022637580e-01 8.513093217131e-01 8.538280555687e-01 8.562628790360e-01 8.586179165636e-01 8.608970266518e-01 8.631038229486e-01 8.652416933684e-01 8.673138174474e-01 8.693231821216e-01 8.712725960925e-01 8.731647029262e-01 8.750019930139e-01 8.767868145077e-01 8.785213833323e-01 8.802077923637e-01 8.818480198528e-01 8.834439371671e-01 8.849973159127e-01 8.865098344952e-01 8.879830841685e-01 8.894185746190e-01 8.908177391262e-01 8.921819393362e-01 8.935124696812e-01 8.948105614764e-01 8.960773867209e-01 8.973140616268e-01 8.985216498995e-01 8.997011657891e-01 9.008535769320e-01 9.019798069976e-01 9.030807381583e-01 9.041572133934e-01 9.052100386419e-01 9.062399848150e-01 9.072477896786e-01 9.082341596153e-01 9.091997712762e-01 9.101452731284e-01 9.110712869075e-01 9.119784089809e-01 9.128672116286e-01 9.137382442470e-01 9.145920344817e-01 9.154290892933e-01 9.162498959608e-01 9.170549230280e-01 9.178446211950e-01 9.186194241601e-01 9.193797494134e-01 9.201259989874e-01 9.208585601657e-01 9.215778061531e-01 9.222840967098e-01 9.229777787512e-01 9.236591869164e-01 9.243286441061e-01 9.249864619929e-01 9.256329415054e-01 9.262683732868e-01 9.268930381312e-01 9.275072073965e-01 9.281111433981e-01 9.287050997823e-01 9.292893218813e-01
1.549164223624e-12 2.602963035609e-09 4.746757508527e-07 2.457201181528e-05 5.399343031799e-04 5.885056323623e-03 3.227068901365e-02 9.262935332313e-02 1.689054182152e-01 2.409770130379e-01 3.033583374561e-01 3.566552062237e-01 4.024620192003e-01 4.421991664007e-01 4.769856061506e-01 5.076892356561e-01 5.349882069073e-01 5.594188536409e-01 5.814106122420e-01 6.013113075014e-01 6.194056370773e-01 6.359288641446e-01 6.510770984389e-01 6.650151152585e-01 6.778823730967e-01 6.897976959252e-01 7.008629534244e-01 7.111659807039e-01 7.207829147497e-01 7.297800791544e-01 7.382155158355e-01 7.461402385468e-01 7.535992654018e-01 7.606324745653e-01 7.672753174630e-01 7.735594164421e-01 7.795130681488e-01 7.851616695293e-01 7.905280799856e-01 7.956329305766e-01 8.004948890830e-01 8.051308881158e-01 8.095563221424e-01 8.137852182634e-01 8.178303847297e-01 8.217035405138e-01 8.254154286965e-01 8.289759159785e-01 8.323940802594e-01 8.356782879196e-01 8.388362621908e-01 8.418751437922e-01 8.448015448325e-01 8.476215968358e-01 8.503409936255e-01 8.529650296957e-01 8.554986346162e-01 8.579464039408e-01 8.603126270259e-01 8.626013121149e-01 8.648162089961e-01 8.669608295041e-01 8.690384661000e-01 8.710522087375e-01 8.730049601966e-01 8.748994500445e-01 8.767382473657e-01 8.785237723854e-01 8.802583070973e-01 8.819440049930e-01 8.835828999826e-01 8.851769145802e-01 8.867278674281e-01 8.882374802182e-01 8.897073840673e-01 8.911391253962e-01 8.925341713566e-01 8.938939148458e-01 8.952196791457e-01 8.965127222183e-01 8.977742406872e-01 8.990053735305e-01 9.002072055115e-01 9.013807703659e-01 9.025270537679e-01 9.036469960907e-01 9.047414949800e-01 9.058114077529e-01 9.068575536382e-01 9.078807158678e-01 9.088816436328e-01 9.098610539125e-01 9.108196331878e-01 9.117580390451e-01 9.126769016812e-01 9.135768253146e-01 9.144583895100e-01 9.153221504237e-01 9.161686419732e-01 9.169983769377e-01 9.178118479943e-01 9.186095286932e-01 9.193918743770e-01 9.201593230476e-01 9.209122961838e-01 9.216511995132e-01 9.223764237411e-01 9.230883452395e-01 9.237873266984e-01 9.244737177417e-01 9.251478555107e-01 9.258100652161e-01 9.264606606608e-01 9.270999447364e-01 9.277282098928e-01 9.283457385845e-01 9.289528036941e-01 9.295496689343e-01 9.301365892299e-01 9.307138110805e-01 9.312815729064e-01
2.728484105321e-12 4.549349871351e-09 8.202630582263e-07 4.168965131007e-05 8.856247293219e-04 9.022480889868e-03 4.425177398132e-02 1.133970485657e-01 1.920857710610e-01 2.632665570231e-01 3.240725759630e-01 3.758430341847e-01 4.202975778744e-01 4.588521846321e-01 4.926010530605e-01 5.223882589967e-01 5.488722473569e-01 5.725734876529e-01 5.939086382764e-01 6.132151525168e-01 6.307692321683e-01 6.467991175883e-01 6.614950637278e-01 6.750169263183e-01 6.875000000542e-01 6.990595611545e-01 7.097944377395e-01 7.197898423882e-01 7.291196388295e-01 7.378481704004e-01 7.460317460327e-01 7.537198563371e-01 7.609561752991e-01 7.677793904211e-01 7.742238946379e-01 7.803203661328e-01 7.860962566845e-01 7.915762049501e-01 7.967823878070e-01 8.017348203222e-01 8.064516129032e-01 8.109491925955e-01 8.152424942263e-01 8.193451260820e-01 8.232695139912e-01 8.270270270270e-01 8.306280875088e-01 8.340822675423e-01 8.373983739837e-01 8.405845234141e-01 8.436482084691e-01 8.465963566635e-01 8.494353826851e-01 8.521712349861e-01 8.548094373866e-01 8.573551263001e-01 8.598130841121e-01 8.621877691645e-01 8.644833427442e-01 8.667036934185e-01 8.688524590164e-01 8.709330465179e-01 8.729486500794e-01 8.749022673964e-01 8.767967145791e-01 8.786346396966e-01 8.804185351271e-01 8.821507488338e-01 8.838334946757e-01 8.854688618468e-01 8.870588235294e-01 8.886052448364e-01 8.901098901099e-01 8.915744296363e-01 8.930004458315e-01 8.943894389439e-01 8.957428323197e-01 8.970619772679e-01 8.983481575604e-01 8.996025935997e-01 9.008264462810e-01 9.020208205756e-01 9.031867688584e-01 9.043252940004e-01 9.054373522459e-01 9.065238558909e-01 9.075856757797e-01 9.086236436322e-01 9.096385542169e-01 9.106311673804e-01 9.116022099447e-01 9.125523774822e-01 9.134823359769e-01 9.143927233815e-01 9.152841510766e-01 9.161572052402e-01 9.170124481328e-01 9.178504193051e-01 9.186716367333e-01 9.194765978863e-01 9.202657807309e-01 9.210396446784e-01 9.217986314761e-01 9.225431660481e-01 9.232736572890e-01 9.239904988124e-01 9.246940696580e-01 9.253847349604e-01 9.260628465804e-01 9.267287437033e-01 9.273827534039e-01 9.280251911831e-01 9.286563614744e-01 9.292765581258e-01 9.298860648554e-01 9.304851556843e-01 9.310740953475e-01 9.316531396839e-01 9.322225360068e-01 9.327825234561e-01 9.333333333333e-01
4.982192664603e-12 8.235092454670e-09 1.465507216703e-06 7.287428339930e-05 1.484495535316e-03 1.389506629089e-02 5.989812004516e-02 1.368707503888e-01 2.166492150436e-01 2.864248074060e-01 3.454833425870e-01 3.956500112749e-01 4.387022934332e-01 4.760349781176e-01 5.087128132801e-01 5.375543348755e-01 5.631974029743e-01 5.861460487577e-01 6.068037259313e-01 6.254971802911e-01 6.424938457128e-01 6.580147158817e-01 6.722440046898e-01 6.853364919071e-01 6.974231761064e-01 7.086156730264e-01 7.190096725915e-01 7.286876815300e-01 7.377212180915e-01 7.461725824450e-01 7.540962954794e-01 7.615402762728e-01 7.685468119798e-01 7.751533616136e-01 7.813932259902e-01 7.872961091328e-01 7.928885911119e-01 7.981945282046e-01 8.032353930801e-01 8.080305652438e-01 8.125975800222e-01 8.169523428338e-01 8.211093142629e-01 8.250816704761e-01 8.288814427302e-01 8.325196390829e-01 8.360063509016e-01 8.393508463377e-01 8.425616525932e-01 8.456466285138e-01 8.486130288127e-01 8.514675610275e-01 8.542164361528e-01 8.568654137527e-01 8.594198422429e-01 8.618846949347e-01 8.642646023525e-01 8.665638812676e-01 8.687865608287e-01 8.709364061247e-01 8.730169394686e-01 8.750314596545e-01 8.769830594111e-01 8.788746412445e-01 8.807089318417e-01 8.824884951846e-01 8.842157445080e-01 8.858929532176e-01 8.875222648730e-01 8.891057023276e-01 8.906451761071e-01 8.921424920991e-01 8.935993586207e-01 8.950173929196e-01 8.963981271634e-01 8.977430139615e-01 8.990534314629e-01 9.003306880667e-01 9.015760267800e-01 9.027906292523e-01 9.039756195155e-01 9.051320674536e-01 9.062609920240e-01 9.073633642526e-01 9.084401100187e-01 9.094921126495e-01 9.105202153360e-01 9.115252233876e-01 9.125079063357e-01 9.134689998986e-01 9.144092078186e-01 9.153292035808e-01 9.162296320215e-01 9.171111108356e-01 9.179742319900e-01 9.188195630489e-01 9.196476484189e-01 9.204590105177e-01 9.212541508735e-01 9.220335511584e-01 9.227976741620e-01 9.235469647072e-01 9.242818505140e-01 9.250027430136e-01 9.257100381162e-01 9.264041169367e-01 9.270853464787e-01 9.277540802822e-01 9.284106590350e-01 9.290554111518e-01 9.296886533215e-01 9.303106910264e-01 9.309218190332e-01 9.315223218587e-01 9.321124742120e-01 9.326925414128e-01 9.332627797897e-01 9.338234370575e-01 9.343747526765e-01 9.349169581928e-01 9.354502775632e-01
9.478351824661e-12 1.551187471107e-08 2.718556737219e-06 1.316495467506e-04 2.542901351573e-03 2.139058184518e-02 7.971471756030e-02 1.628755209453e-01 2.425180239250e-01 3.104777804582e-01 3.676456762731e-01 4.161351084791e-01 4.577330261512e-01 4.938011815547e-01 5.253713328389e-01 5.532349944183e-01 5.780085839370e-01 6.001790925483e-01 6.201363083381e-01 6.381959023023e-01 6.546162416028e-01 6.696108269357e-01 6.833576260131e-01 6.960061703682e-01 7.076830166730e-01 7.184959959864e-01 7.285375535628e-01 7.378873984764e-01 7.466146239214e-01 7.547794175795e-01 7.624344516336e-01 7.696260203116e-01 7.763949768861e-01 7.827775102018e-01 7.888057919037e-01 7.945085188042e-01 7.999113696912e-01 8.050373919180e-01 8.099073300538e-01 8.145399064796e-01 8.189520619303e-01 8.231591624999e-01 8.271751784400e-01 8.310128391370e-01 8.346837678892e-01 8.381985994909e-01 8.415670831288e-01 8.447981726883e-01 8.479001062287e-01 8.508804761166e-01 8.537462910707e-01 8.565040311880e-01 8.591596968592e-01 8.617188523521e-01 8.641866647269e-01 8.665679386589e-01 8.688671476598e-01 8.710884621267e-01 8.732357745870e-01 8.753127224624e-01 8.773227086304e-01 8.792689200288e-01 8.811543445175e-01 8.829817861838e-01 8.847538792575e-01 8.864731007806e-01 8.881417821592e-01 8.897621197120e-01 8.913361843144e-01 8.928659302284e-01 8.943532031970e-01 8.957997478736e-01 8.972072146491e-01 8.985771659334e-01 8.999110819410e-01 9.012103660258e-01 9.024763496062e-01 9.037102967161e-01 9.049134082141e-01 9.060868256823e-01 9.072316350387e-01 9.083488698892e-01 9.094395146404e-01 9.105045073923e-01 9.115447426295e-01 9.125610737268e-01 9.135543152844e-01 9.145252453050e-01 9.154746072265e-01 9.164031118204e-01 9.173114389663e-01 9.182002393126e-01 9.190701358304e-01 9.199217252697e-01 9.207555795247e-01 9.215722469148e-01 9.223722533864e-01 9.231561036432e-01 9.239242822072e-01 9.246772544182e-01 9.254154673733e-01 9.261393508122e-01 9.268493179516e-01 9.275457662719e-01 9.282290782588e-01 9.288996221041e-01 9.295577523670e-01 9.302038105996e-01 9.308381259376e-01 9.314610156598e-01 9.320727857167e-01 9.326737312321e-01 9.332641369779e-01 9.338442778234e-01 9.344144191626e-01 9.349748173189e-01 9.355257199292e-01 9.360673663089e-01 9.365999877982e-01 9.371238080923e-01 9.376390435538e-01
1.890018699999e-11 3.057818308778e-08 5.262559036198e-06 2.466152968415e-04 4.446004821446e-03 3.269629051817e-02 1.039664924922e-01 1.911947582184e-01 2.696548501339e-01 3.354771174018e-01 3.906305351162e-01 4.373696301634e-01 4.774574368733e-01 5.122143305093e-01 5.426362888890e-01 5.694864421108e-01 5.933588877757e-01 6.147229301243e-01 6.339541864145e-01 6.513568473114e-01 6.671798824504e-01 6.816290265271e-01 6.948757736196e-01 7.070642159559e-01 7.183163066115e-01 7.287359542005e-01 7.384122412014e-01 7.474219772013e-01 7.558317420683e-01 7.636995341042e-01 7.710761094945e-01 7.780060784733e-01 7.845288082392e-01 7.906791712358e-01 7.964881688355e-01 8.019834539791e-01 8.071897713656e-01 8.121293299802e-01 8.168221197901e-01 8.212861821331e-01 8.255378415098e-01 8.295919050588e-01 8.334618348515e-01 8.371598972316e-01 8.406972926894e-01 8.440842691691e-01 8.473302212224e-01 8.504437770288e-01 8.534328749811e-01 8.563048312668e-01 8.590663996561e-01 8.617238245268e-01 8.642828880001e-01 8.667489519385e-01 8.691269954460e-01 8.714216484233e-01 8.736372216543e-01 8.757777338341e-01 8.778469358962e-01 8.798483329476e-01 8.817852040831e-01 8.836606203131e-01 8.854774608111e-01 8.872384276634e-01 8.889460592773e-01 8.906027425902e-01 8.922107242014e-01 8.937721205363e-01 8.952889271404e-01 8.967630271879e-01 8.981961992810e-01 8.995901246100e-01 9.009463935312e-01 9.022665116206e-01 9.035519052484e-01 9.048039267204e-01 9.060238590235e-01 9.072129202111e-01 9.083722674596e-01 9.095030008250e-01 9.106061667240e-01 9.116827611644e-01 9.127337327439e-01 9.137599854384e-01 9.147623811947e-01 9.157417423455e-01 9.166988538591e-01 9.176344654377e-01 9.185492934760e-01 9.194440228904e-01 9.203193088295e-01 9.211757782737e-01 9.220140315329e-01 9.228346436498e-01 9.236381657156e-01 9.244251261038e-01 9.251960316294e-01 9.259513686367e-01 9.266916040231e-01 9.274171862010e-01 9.281285460040e-01 9.288260975398e-01 9.295102389939e-01 9.301813533878e-01 9.308398092942e-01 9.314859615114e-01 9.321201517013e-01 9.327427089918e-01 9.333539505460e-01 9.339541821011e-01 9.345436984787e-01 9.351227840672e-01 9.356917132795e-01 9.362507509863e-01 9.368001529279e-01 9.373401661034e-01 9.378710291419e-01 9.383929726533e-01 9.389062195629e-01 9.394109854284e-01 9.399074787423e-01
3.979661676591e-11 6.352638803534e-08 1.069545767237e-05 4.807058335949e-04 7.907573749932e-03 4.921235112784e-02 1.326166102269e-01 2.216261275358e-01 2.980703575950e-01 3.615018356783e-01 4.145273227688e-01 4.594400645927e-01 4.979568029163e-01 5.313505403459e-01 5.605791166918e-01 5.863759391484e-01 6.093118520994e-01 6.298377629861e-01 6.483145573819e-01 6.650344935088e-01 6.802367740722e-01 6.941190627167e-01 7.068461256738e-01 7.185564022978e-01 7.293670613206e-01 7.393779349128e-01 7.486746107526e-01 7.573308851046e-01 7.654107258374e-01 7.729698559168e-01 7.800570403088e-01 7.867151391398e-01 7.929819751910e-01 7.988910528222e-01 8.044721571888e-01 8.097518563769e-01 8.147539243242e-01 8.194996987336e-01 8.240083853444e-01 8.282973177131e-01 8.323821799127e-01 8.362771981818e-01 8.399953064601e-01 8.435482898696e-01 8.469469094932e-01 8.502010112373e-01 8.533196210951e-01 8.563110287534e-01 8.591828611733e-01 8.619421475202e-01 8.645953766070e-01 8.671485478375e-01 8.696072164942e-01 8.719765340879e-01 8.742612843870e-01 8.764659156563e-01 8.785945695629e-01 8.806511071443e-01 8.826391321805e-01 8.845620122698e-01 8.864228978643e-01 8.882247394954e-01 8.899703033837e-01 8.916621856095e-01 8.933028249958e-01 8.948945148378e-01 8.964394135983e-01 8.979395546731e-01 8.993968553203e-01 9.008131248350e-01 9.021900720432e-01 9.035293121800e-01 9.048323732105e-01 9.061007016452e-01 9.073356678964e-01 9.085385712175e-01 9.097106442623e-01 9.108530572986e-01 9.119669221058e-01 9.130532955832e-01 9.141131830958e-01 9.151475415765e-01 9.161572824089e-01 9.171432741047e-01 9.181063447958e-01 9.190472845537e-01 9.199668475517e-01 9.208657540802e-01 9.217446924291e-01 9.226043206448e-01 9.234452681738e-01 9.242681373991e-01 9.250735050799e-01 9.258619236996e-01 9.266339227292e-01 9.273900098137e-01 9.281306718851e-01 9.288563762080e-01 9.295675713628e-01 9.302646881704e-01 9.309481405620e-01 9.316183263996e-01 9.322756282475e-01 9.329204141009e-01 9.335530380728e-01 9.341738410425e-01 9.347831512682e-01 9.353812849656e-01 9.359685468551e-01 9.365452306798e-01 9.371116196949e-01 9.376679871320e-01 9.382145966384e-01 9.387517026939e-01 9.392795510055e-01 9.397983788825e-01 9.403084155921e-01 9.408098826973e-01 9.413029943778e-01 9.417879577347e-01 9.422649730810e-01
8.931591420821e-11 1.403104493021e-07 2.298961010128e-05 9.780653432584e-04 1.420993444408e-02 7.228097283349e-02 1.653649737179e-01 2.540304532136e-01 3.278278085641e-01 3.886612693889e-01 4.394478211527e-01 4.824521853171e-01 5.193299656349e-01 5.513022307352e-01 5.792865134213e-01 6.039851050948e-01 6.259445743162e-01 6.455966392393e-01 6.632868235469e-01 6.792949438107e-01 6.938500193881e-01 7.071412988801e-01 7.193265339681e-01 7.305382702517e-01 7.408886882549e-01 7.504733700053e-01 7.593742594667e-01 7.676620111837e-01 7.753978697277e-01 7.826351857769e-01 7.894206482314e-01 7.957952925384e-01 8.017953312537e-01 8.074528423596e-01 8.127963429715e-01 8.178512700949e-01 8.226403855425e-01 8.271841186094e-01 8.315008573909e-01 8.356071975041e-01 8.395181553054e-01 8.432473513814e-01 8.468071690367e-01 8.502088916663e-01 8.534628222229e-01 8.565783874441e-01 8.595642290605e-01 8.624282838428e-01 8.651778540506e-01 8.678196695973e-01 8.703599430480e-01 8.728044183948e-01 8.751584144157e-01 8.774268633068e-01 8.796143451777e-01 8.817251189175e-01 8.837631498707e-01 8.857321346992e-01 8.876355237598e-01 8.894765412822e-01 8.912582035949e-01 8.929833356164e-01 8.946545858013e-01 8.962744397074e-01 8.978452323299e-01 8.993691593318e-01 9.008482872838e-01 9.022845630143e-01 9.036798221581e-01 9.050357969834e-01 9.063541235664e-01 9.076363483772e-01 9.088839343309e-01 9.100982663559e-01 9.112806565219e-01 9.124323487695e-01 9.135545232748e-01 9.146483004841e-01 9.157147448448e-01 9.167548682613e-01 9.177696332970e-01 9.187599561456e-01 9.197267093903e-01 9.206707245679e-01 9.215927945542e-01 9.224936757853e-01 9.233740903268e-01 9.242347278046e-01 9.250762472058e-01 9.258992785622e-01 9.267044245225e-01 9.274922618250e-01 9.282633426744e-01 9.290181960331e-01 9.297573288312e-01 9.304812271017e-01 9.311903570466e-01 9.318851660375e-01 9.325660835577e-01 9.332335220865e-01 9.338878779331e-01 9.345295320213e-01 9.351588506284e-01 9.357761860832e-01 9.363818774229e-01 9.369762510146e-01 9.375596211417e-01 9.381322905576e-01 9.386945510101e-01 9.392466837364e-01 9.397889599330e-01 9.403216411992e-01 9.408449799580e-01 9.413592198552e-01 9.418645961375e-01 9.423613360112e-01 9.428496589830e-01 9.433297771832e-01 9.438018956732e-01 9.442662127373e-01 9.447229201607e-01
2.162277660385e-10 3.331496626747e-07 5.272909638266e-05 2.081152016675e-03 2.549621043519e-02 1.027663220898e-01 2.017835502188e-01 2.883654202527e-01 3.590470143157e-01 4.171002310486e-01 4.655322205640e-01 5.065370172942e-01 5.416989803573e-01 5.721834297514e-01 5.988654200548e-01 6.224146099007e-01 6.433521443033e-01 6.620896536598e-01 6.789565828159e-01 6.942197266912e-01 7.080974467680e-01 7.207701845386e-01 7.323883503410e-01 7.430783214499e-01 7.529470577999e-01 7.620856932791e-01 7.705723583918e-01 7.784744196030e-01 7.858502713205e-01 7.927507814199e-01 7.992204660211e-01 8.052984508875e-01 8.110192633366e-01 8.164134885243e-01 8.215083164533e-01 8.263280003569e-01 8.308942427717e-01 8.352265222665e-01 8.393423712023e-01 8.432576128789e-01 8.469865648306e-01 8.505422137770e-01 8.539363667359e-01 8.571797820022e-01 8.602822830559e-01 8.632528579387e-01 8.660997462173e-01 8.688305153058e-01 8.714521276354e-01 8.739709999269e-01 8.763930556286e-01 8.787237714221e-01 8.809682185633e-01 8.831310997166e-01 8.852167818451e-01 8.872293256404e-01 8.891725119100e-01 8.910498652827e-01 8.928646755448e-01 8.946200168786e-01 8.963187652404e-01 8.979636140844e-01 8.995570886130e-01 9.011015587125e-01 9.025992507135e-01 9.040522580986e-01 9.054625512655e-01 9.068319864424e-01 9.081623138383e-01 9.094551851061e-01 9.107121601835e-01 9.119347135715e-01 9.131242401053e-01 9.142820602620e-01 9.154094250512e-01 9.165075205236e-01 9.175774719331e-01 9.186203475831e-01 9.196371623845e-01 9.206288811503e-01 9.215964216487e-01 9.225406574362e-01 9.234624204881e-01 9.243625036436e-01 9.252416628802e-01 9.261006194313e-01 9.269400617597e-01 9.277606473976e-01 9.285630046649e-01 9.293477342729e-01 9.301154108250e-01 9.308665842193e-01 9.316017809625e-01 9.323215054004e-01 9.330262408718e-01 9.337164507912e-01 9.343925796646e-01 9.350550540441e-01 9.357042834259e-01 9.363406610937e-01 9.369645649136e-01 9.375763580819e-01 9.381763898305e-01 9.387649960916e-01 9.393425001246e-01 9.399092131084e-01 9.404654347003e-01 9.410114535644e-01 9.415475478712e-01 9.420739857701e-01 9.425910258366e-01 9.430989174958e-01 9.435979014239e-01 9.440882099278e-01 9.445700673064e-01 9.450436901926e-01 9.455092878776e-01 9.459670626199e-01 9.464172099378e-01 9.468599188881e-01 9.472953723305e-01
5.735943983230e-10 8.626537581230e-07 1.304315006111e-04 4.624115956017e-03 4.487146215515e-02 1.407233324786e-01 2.414912118226e-01 3.247046246887e-01 3.919106333306e-01 4.470078053149e-01 4.929583683398e-01 5.318596937989e-01 5.652174242394e-01 5.941375510164e-01 6.194503196380e-01 6.417910455526e-01 6.616541355941e-01 6.794300980412e-01 6.954314721140e-01 7.099113618176e-01 7.230769230820e-01 7.350993377505e-01 7.461212976032e-01 7.562626946517e-01 7.656250000002e-01 7.742946708465e-01 7.823458282951e-01 7.898423817864e-01 7.968397291196e-01 8.033861277990e-01 8.095238095238e-01 8.152898922524e-01 8.207171314741e-01 8.258345428157e-01 8.306679209784e-01 8.352402745995e-01 8.395721925134e-01 8.436821537126e-01 8.475867908552e-01 8.513011152416e-01 8.548387096774e-01 8.582118944466e-01 8.614318706697e-01 8.645088445615e-01 8.674521354934e-01 8.702702702703e-01 8.729710656316e-01 8.755617006568e-01 8.780487804878e-01 8.804383925606e-01 8.827361563518e-01 8.849472674976e-01 8.870765370138e-01 8.891284262396e-01 8.911070780399e-01 8.930163447251e-01 8.948598130841e-01 8.966408268734e-01 8.983625070582e-01 9.000277700639e-01 9.016393442623e-01 9.031997848884e-01 9.047114875596e-01 9.061767005473e-01 9.075975359343e-01 9.089759797724e-01 9.103139013453e-01 9.116130616253e-01 9.128751210068e-01 9.141016463851e-01 9.152941176471e-01 9.164539336273e-01 9.175824175824e-01 9.186808222272e-01 9.197503343736e-01 9.207920792079e-01 9.218071242398e-01 9.227964829509e-01 9.237611181703e-01 9.247019451998e-01 9.256198347107e-01 9.265156154317e-01 9.273900766438e-01 9.282439705003e-01 9.290780141844e-01 9.298928919182e-01 9.306892568348e-01 9.314677327242e-01 9.322289156627e-01 9.329733755353e-01 9.337016574586e-01 9.344142831117e-01 9.351117519827e-01 9.357945425361e-01 9.364631133074e-01 9.371179039301e-01 9.377593360996e-01 9.383878144789e-01 9.390037275500e-01 9.396074484147e-01 9.401993355482e-01 9.407797335088e-01 9.413489736070e-01 9.419073745361e-01 9.424552429668e-01 9.429928741093e-01 9.435205522435e-01 9.440385512203e-01 9.445471349353e-01 9.450465577774e-01 9.455370650529e-01 9.460188933873e-01 9.464922711058e-01 9.469574185944e-01 9.474145486415e-01 9.478638667632e-01 9.483055715106e-01 9.487398547629e-01 9.491669020051e-01 9.495868925921e-01 9.500000000000e-01
1.702855458901e-09 2.482669091399e-06 3.522755115314e-04 1.062941954686e-02 7.577545485638e-02 1.854668412719e-01 2.842995542562e-01 3.632495708742e-01 4.266764607387e-01 4.786319989078e-01 5.219561816806e-01 5.586330023939e-01 5.900830359875e-01 6.173492080167e-01 6.412143190151e-01 6.622773584860e-01 6.810044596962e-01 6.977637979182e-01 7.128500381072e-01 7.265018090535e-01 7.389144192558e-01 7.502492605087e-01 7.606408639146e-01 7.702022647465e-01 7.790291308793e-01 7.872029749408e-01 7.947936789785e-01 8.018614973908e-01 8.084586597237e-01 8.146306635885e-01 8.204173254129e-01 8.258536403440e-01 8.309704905530e-01 8.357952322353e-01 8.403521848685e-01 8.446630412039e-01 8.487472125804e-01 8.526221211596e-01 8.563034483618e-01 8.598053469766e-01 8.631406229962e-01 8.663208920955e-01 8.693567147923e-01 8.722577135982e-01 8.750326749008e-01 8.776896378488e-01 8.802359721350e-01 8.826784462601e-01 8.850232876119e-01 8.872762354801e-01 8.894425879578e-01 8.915272435380e-01 8.935347380899e-01 8.954692778043e-01 8.973347686118e-01 8.991348425053e-01 9.008728811421e-01 9.025520370458e-01 9.041752526907e-01 9.057452777091e-01 9.072646844346e-01 9.087358819657e-01 9.101611289122e-01 9.115425449649e-01 9.128821214144e-01 9.141817307283e-01 9.154431352841e-01 9.166679953426e-01 9.178578763384e-01 9.190142555549e-01 9.201385282425e-01 9.212320132352e-01 9.222959581114e-01 9.233315439418e-01 9.243398896635e-01 9.253220561123e-01 9.262790497460e-01 9.272118260842e-01 9.281212928908e-01 9.290083131208e-01 9.298737076509e-01 9.307182578139e-01 9.315427077512e-01 9.323477665997e-01 9.331341105261e-01 9.339023846213e-01 9.346532046651e-01 9.353871587722e-01 9.361048089289e-01 9.368066924279e-01 9.374933232100e-01 9.381651931190e-01 9.388227730769e-01 9.394665141841e-01 9.400968487523e-01 9.407141912717e-01 9.413189393206e-01 9.419114744190e-01 9.424921628313e-01 9.430613563212e-01 9.436193928622e-01 9.441665973072e-01 9.447032820186e-01 9.452297474634e-01 9.457462827734e-01 9.462531662756e-01 9.467506659916e-01 9.472390401104e-01 9.477185374354e-01 9.481893978065e-01 9.486518525008e-01 9.491061246110e-01 9.495524294041e-01 9.499909746619e-01 9.504219610036e-01 9.508455821912e-01 9.512620254208e-01 9.516714715977e-01 9.520740955988e-01 9.524700665216e-01 9.528595479209e-01
5.826178834135e-09 8.147525897683e-06 1.052049229945e-03 2.466311132791e-02 1.203667527744e-01 2.360769938350e-01 3.302986717940e-01 4.043464519079e-01 4.637008549930e-01 5.123042026284e-01 5.528308208248e-01 5.871389493119e-01 6.165577839157e-01 6.420629575545e-01 6.643867260876e-01 6.840893957608e-01 7.016069950147e-01 7.172839204638e-01 7.313958059861e-01 7.441658683913e-01 7.557768020560e-01 7.663795751821e-01 7.761000300933e-01 7.850439016062e-01 7.933006788231e-01 8.009466098259e-01 8.080470632843e-01 8.146584020270e-01 8.208294823207e-01 8.266028632836e-01 8.320157897737e-01 8.371009967533e-01 8.418873718487e-01 8.464005044375e-01 8.506631433077e-01 8.546955801704e-01 8.585159726703e-01 8.621406177474e-01 8.655841840272e-01 8.688599102322e-01 8.719797752711e-01 8.749546446129e-01 8.777943967176e-01 8.805080326203e-01 8.831037712343e-01 8.855891324945e-01 8.879710101172e-01 8.902557354553e-01 8.924491336966e-01 8.945565734548e-01 8.965830106424e-01 8.985330273801e-01 9.004108665848e-01 9.022204627879e-01 9.039654696528e-01 9.056492845980e-01 9.072750708739e-01 9.088457773966e-01 9.103641565986e-01 9.118327805255e-01 9.132540553749e-01 9.146302346524e-01 9.159634310938e-01 9.172556274882e-01 9.185086865175e-01 9.197243597149e-01 9.209042956333e-01 9.220500473047e-01 9.231630790591e-01 9.242447727684e-01 9.252964335699e-01 9.263192951200e-01 9.273145244213e-01 9.282832262643e-01 9.292264473188e-01 9.301451799059e-01 9.310403654805e-01 9.319128978495e-01 9.327636261483e-01 9.335933575972e-01 9.344028600562e-01 9.351928643952e-01 9.359640666947e-01 9.367171302915e-01 9.374526876817e-01 9.381713422926e-01 9.388736701333e-01 9.395602213349e-01 9.402315215874e-01 9.408880734821e-01 9.415303577665e-01 9.421588345185e-01 9.427739442452e-01 9.433761089125e-01 9.439657329107e-01 9.445432039602e-01 9.451088939613e-01 9.456631597933e-01 9.462063440651e-01 9.467387758215e-01 9.472607712080e-01 9.477726340964e-01 9.482746566752e-01 9.487671200052e-01 9.492502945448e-01 9.497244406449e-01 9.501898090167e-01 9.506466411740e-01 9.510951698509e-01 9.515356193974e-01 9.519682061531e-01 9.523931388023e-01 9.528106187087e-01 9.532208402346e-01 9.536239910418e-01 9.540202523783e-01 9.544097993498e-01 9.547928011779e-01 9.551694214448e-01 9.555398183269e-01 9.559041448156e-01
2.397191062248e-08 3.159061433412e-05 3.499093412969e-03 5.507331766974e-02 1.781932248732e-01 2.920086389886e-01 3.799028829704e-01 4.485231694907e-01 5.034822264251e-01 5.484812214307e-01 5.860017464336e-01 6.177649323427e-01 6.450014872049e-01 6.686146911131e-01 6.892824851077e-01 7.075236128169e-01 7.237417583376e-01 7.382557710311e-01 7.513208382967e-01 7.631436187480e-01 7.738932545124e-01 7.837095149861e-01 7.927089075219e-01 8.009893235383e-01 8.086336138451e-01 8.157123704489e-01 8.222861129782e-01 8.284070232726e-01 8.341203334458e-01 8.394654455849e-01 8.444768417281e-01 8.491848285613e-01 8.536161508297e-01 8.577944996933e-01 8.617409364374e-01 8.654742475359e-01 8.690112437014e-01 8.723670129683e-01 8.755551358451e-01 8.785878690070e-01 8.814763027686e-01 8.842304965995e-01 8.868595961763e-01 8.893719348385e-01 8.917751218211e-01 8.940761192310e-01 8.962813094093e-01 8.983965540498e-01 9.004272462283e-01 9.023783563155e-01 9.042544725948e-01 9.060598372854e-01 9.077983785652e-01 9.094737391026e-01 9.110893015324e-01 9.126482112529e-01 9.141533968651e-01 9.156075885346e-01 9.170133345189e-01 9.183730160694e-01 9.196888608924e-01 9.209629553283e-01 9.221972553907e-01 9.233935967855e-01 9.245537040211e-01 9.256791987019e-01 9.267716070917e-01 9.278323670184e-01 9.288628341883e-01 9.298642879661e-01 9.308379366744e-01 9.317849224567e-01 9.327063257477e-01 9.336031693847e-01 9.344764223955e-01 9.353270034909e-01 9.361557842889e-01 9.369635922938e-01 9.377512136523e-01 9.385193957051e-01 9.392688493525e-01 9.400002512484e-01 9.407142458382e-01 9.414114472525e-01 9.420924410690e-01 9.427577859525e-01 9.434080151841e-01 9.440436380861e-01 9.446651413528e-01 9.452729902934e-01 9.458676299937e-01 9.464494864030e-01 9.470189673515e-01 9.475764635038e-01 9.481223492527e-01 9.486569835574e-01 9.491807107306e-01 9.496938611785e-01 9.501967520952e-01 9.506896881171e-01 9.511729619379e-01 9.516468548883e-01 9.521116374822e-01 9.525675699316e-01 9.530149026320e-01 9.534538766217e-01 9.538847240141e-01 9.543076684076e-01 9.547229252720e-01 9.551307023151e-01 9.555311998284e-01 9.559246110161e-01 9.563111223047e-01 9.566909136387e-01 9.570641587593e-01 9.574310254694e-01 9.577916758854e-01 9.581462666761e-01 9.584949492892e-01 9.588378701675e-01 9.591751709536e-01
1.265733738571e-07 1.520559110228e-04 1.273024126757e-02 1.111268347731e-01 2.471347044652e-01 3.534837681206e-01 4.339117974622e-01 4.965706043033e-01 5.467430507613e-01 5.878215827425e-01 6.220730200852e-01 6.510687165909e-01 6.759321772843e-01 6.974879850344e-01 7.163550134331e-01 7.330068086592e-01 7.478118822377e-01 7.610613024936e-01 7.729880225890e-01 7.837806951652e-01 7.935937251539e-01 8.025547039735e-01 8.107699877997e-01 8.183289388626e-01 8.253071892578e-01 8.317691803762e-01 8.377701588271e-01 8.433577598949e-01 8.485732746614e-01 8.534526721464e-01 8.580274300000e-01 8.623252143150e-01 8.663704395916e-01 8.701847328012e-01 8.737873201787e-01 8.771953513501e-01 8.804241723262e-01 8.834875565350e-01 8.863979012278e-01 8.891663951673e-01 8.918031623790e-01 8.943173858606e-01 8.967174144342e-01 8.990108553632e-01 9.012046548969e-01 9.033051685405e-01 9.053182225476e-01 9.072491678880e-01 9.091029277439e-01 9.108840394221e-01 9.125966914332e-01 9.142447563759e-01 9.158318201694e-01 9.173612080998e-01 9.188360080762e-01 9.202590914413e-01 9.216331316297e-01 9.229606209302e-01 9.242438855731e-01 9.254850993335e-01 9.266862958197e-01 9.278493795913e-01 9.289761362361e-01 9.300682415168e-01 9.311272696869e-01 9.321547010620e-01 9.331519289238e-01 9.341202658237e-01 9.350609493466e-01 9.359751473873e-01 9.368639629882e-01 9.377284387793e-01 9.385695610577e-01 9.393882635419e-01 9.401854308293e-01 9.409619015842e-01 9.417184714813e-01 9.424558959254e-01 9.431748925667e-01 9.438761436310e-01 9.445602980785e-01 9.452279736069e-01 9.458797585115e-01 9.465162134144e-01 9.471378728723e-01 9.477452468744e-01 9.483388222372e-01 9.489190639063e-01 9.494864161709e-01 9.500413037982e-01 9.505841330939e-01 9.511152928949e-01 9.516351554975e-01 9.521440775281e-01 9.526424007589e-01 9.531304528734e-01 9.536085481847e-01 9.540769883108e-01 9.545360628092e-01 9.549860497735e-01 9.554272163954e-01 9.558598194933e-01 9.562841060117e-01 9.567003134904e-01 9.571086705083e-01 9.575093971021e-01 9.579027051616e-01 9.582887988030e-01 9.586678747227e-01 9.590401225309e-01 9.594057250681e-01 9.597648587045e-01 9.601176936237e-01 9.604643940916e-01 9.608051187117e-01 9.611400206662e-01 9.614692479466e-01 9.617929435711e-01 9.621112457922e-01 9.624242882930e-01 9.627322003750e-01
