121 121
-1.00000000 -0.98333333 -0.96666667 -0.95000000 -0.93333333 -0.91666667 -0.90000000 -0.88333333 -0.86666667 -0.85000000 -0.83333333 -0.81666667 -0.80000000 -0.78333333 -0.76666667 -0.75000000 -0.73333333 -0.71666667 -0.70000000 -0.68333333 -0.66666667 -0.65000000 -0.63333333 -0.61666667 -0.60000000 -0.58333333 -0.56666667 -0.55000000 -0.53333333 -0.51666667 -0.50000000 -0.48333333 -0.46666667 -0.45000000 -0.43333333 -0.41666667 -0.40000000 -0.38333333 -0.36666667 -0.35000000 -0.33333333 -0.31666667 -0.30000000 -0.28333333 -0.26666667 -0.25000000 -0.23333333 -0.21666667 -0.20000000 -0.18333333 -0.16666667 -0.15000000 -0.13333333 -0.11666667 -0.10000000 -0.08333333 -0.06666667 -0.05000000 -0.03333333 -0.01666667 0.00000000 0.01666667 0.03333333 0.05000000 0.06666667 0.08333333 0.10000000 0.11666667 0.13333333 0.15000000 0.16666667 0.18333333 0.20000000 0.21666667 0.23333333 0.25000000 0.26666667 0.28333333 0.30000000 0.31666667 0.33333333 0.35000000 0.36666667 0.38333333 0.40000000 0.41666667 0.43333333 0.45000000 0.46666667 0.48333333 0.50000000 0.51666667 0.53333333 0.55000000 0.56666667 0.58333333 0.60000000 0.61666667 0.63333333 0.65000000 0.66666667 0.68333333 0.70000000 0.71666667 0.73333333 0.75000000 0.76666667 0.78333333 0.80000000 0.81666667 0.83333333 0.85000000 0.86666667 0.88333333 0.90000000 0.91666667 0.93333333 0.95000000 0.96666667 0.98333333 1.00000000
0.00000000 0.00833333 0.01666667 0.02500000 0.03333333 0.04166667 0.05000000 0.05833333 0.06666667 0.07500000 0.08333333 0.09166667 0.10000000 0.10833333 0.11666667 0.12500000 0.13333333 0.14166667 0.15000000 0.15833333 0.16666667 0.17500000 0.18333333 0.19166667 0.20000000 0.20833333 0.21666667 0.22500000 0.23333333 0.24166667 0.25000000 0.25833333 0.26666667 0.27500000 0.28333333 0.29166667 0.30000000 0.30833333 0.31666667 0.32500000 0.33333333 0.34166667 0.35000000 0.35833333 0.36666667 0.37500000 0.38333333 0.39166667 0.40000000 0.40833333 0.41666667 0.42500000 0.43333333 0.44166667 0.45000000 0.45833333 0.46666667 0.47500000 0.48333333 0.49166667 0.50000000 0.50833333 0.51666667 0.52500000 0.53333333 0.54166667 0.55000000 0.55833333 0.56666667 0.57500000 0.58333333 0.59166667 0.60000000 0.60833333 0.61666667 0.62500000 0.63333333 0.64166667 0.65000000 0.65833333 0.66666667 0.67500000 0.68333333 0.69166667 0.70000000 0.70833333 0.71666667 0.72500000 0.73333333 0.74166667 0.75000000 0.75833333 0.76666667 0.77500000 0.78333333 0.79166667 0.80000000 0.80833333 0.81666667 0.82500000 0.83333333 0.84166667 0.85000000 0.85833333 0.86666667 0.87500000 0.88333333 0.89166667 0.90000000 0.90833333 0.91666667 0.92500000 0.93333333 0.94166667 0.95000000 0.95833333 0.96666667 0.97500000 0.98333333 0.99166667 1.00000000
1.000000000000e-12 3.904523392427e-01 6.882390145113e-01 7.920407460695e-01 8.440224589173e-01 8.752168626824e-01 8.960138264496e-01 9.108689338340e-01 9.220102976675e-01 9.306758129273e-01 9.376082286402e-01 9.432802064992e-01 9.480068552982e-01 9.520063276272e-01 9.554344468975e-01 9.584054836661e-01 9.610051408752e-01 9.632989560802e-01 9.653379029410e-01 9.671622238237e-01 9.688041126226e-01 9.702896310624e-01 9.716401023732e-01 9.728731413972e-01 9.740034271701e-01 9.750432900817e-01 9.760031635389e-01 9.768919352588e-01 9.777172232846e-01 9.784855948950e-01 9.792027417315e-01 9.798736210302e-01 9.805025703727e-01 9.810934015734e-01 9.816494779976e-01 9.821737786261e-01 9.826689514420e-01 9.831373581597e-01 9.835811118923e-01 9.840021090232e-01 9.844020562976e-01 9.847824939488e-01 9.851448155214e-01 9.854902849279e-01 9.858200511795e-01 9.861351611533e-01 9.864365706934e-01 9.867251542957e-01 9.870017135812e-01 9.872669847326e-01 9.875216450379e-01 9.877663186646e-01 9.880015817672e-01 9.882279670169e-01 9.884459676277e-01 9.886560409436e-01 9.888586116410e-01 9.890540745947e-01 9.892427974465e-01 9.894251229135e-01 9.896013708649e-01 9.897718401950e-01 9.899368105144e-01 9.900965436809e-01 9.902512851859e-01 9.904012654138e-01 9.905467007863e-01 9.906877948044e-01 9.908247389984e-01 9.909577137956e-01 9.910868893128e-01 9.912124260830e-01 9.913344757208e-01 9.914531815328e-01 9.915686790797e-01 9.916810966919e-01 9.917905559460e-01 9.918971721025e-01 9.920010545115e-01 9.921023069860e-01 9.922010281487e-01 9.922973117518e-01 9.923912469743e-01 9.924829186975e-01 9.925724077607e-01 9.926597911988e-01 9.927451424639e-01 9.928285316310e-01 9.929100255897e-01 9.929896882235e-01 9.930675805766e-01 9.931437610098e-01 9.932182853467e-01 9.932912070096e-01 9.933625771478e-01 9.934324447568e-01 9.935008567906e-01 9.935678582670e-01 9.936334923663e-01 9.936978005242e-01 9.937608225189e-01 9.938225965534e-01 9.938831593323e-01 9.939425461349e-01 9.940007908836e-01 9.940579262085e-01 9.941139835084e-01 9.941689930084e-01 9.942229838138e-01 9.942759839623e-01 9.943280204718e-01 9.943791193864e-01 9.944293058205e-01 9.944786039991e-01 9.945270372973e-01 9.945746282773e-01 9.946213987232e-01 9.946673696743e-01 9.947125614567e-01 9.947569937134e-01 9.948006854325e-01
1.000000000000e-12 3.904715222312e-01 6.882499828980e-01 7.920480856564e-01 8.440279655290e-01 8.752212682368e-01 8.960174977996e-01 9.108720807200e-01 9.220130511975e-01 9.306782605113e-01 9.376104314665e-01 9.432822090688e-01 9.480086909873e-01 9.520080221095e-01 9.554360203453e-01 9.584069522174e-01 9.610065176421e-01 9.633002518608e-01 9.653391267339e-01 9.671633832064e-01 9.688052140361e-01 9.702906800277e-01 9.716411036582e-01 9.728740991482e-01 9.740043450147e-01 9.750441712125e-01 9.760040107801e-01 9.768927511207e-01 9.777180100086e-01 9.784863544906e-01 9.792034760072e-01 9.798743316196e-01 9.805032587562e-01 9.810940690968e-01 9.816501258879e-01 9.821744080053e-01 9.826695633384e-01 9.831379535184e-01 9.835816915836e-01 9.840026738507e-01 9.844026070044e-01 9.847830312237e-01 9.851453400041e-01 9.854907972133e-01 9.858205518221e-01 9.861356506704e-01 9.864370495689e-01 9.867256229823e-01 9.870021725035e-01 9.872674342891e-01 9.875220856034e-01 9.877667505915e-01 9.880020053878e-01 9.882283826447e-01 9.884463755587e-01 9.886564414576e-01 9.888590050030e-01 9.890544610556e-01 9.892431772443e-01 9.894254962740e-01 9.896017380028e-01 9.897722013142e-01 9.899371658091e-01 9.900968933360e-01 9.902516293776e-01 9.904016043103e-01 9.905470345480e-01 9.906881235846e-01 9.908250629436e-01 9.909580330459e-01 9.910872040024e-01 9.912127363404e-01 9.913347816690e-01 9.914534832899e-01 9.915689767590e-01 9.916813904022e-01 9.917908457917e-01 9.918974581840e-01 9.920013369252e-01 9.921025858249e-01 9.922013035021e-01 9.922975837058e-01 9.923915156118e-01 9.924831840984e-01 9.925726700020e-01 9.926600503549e-01 9.927453986066e-01 9.928287848295e-01 9.929102759110e-01 9.929899357322e-01 9.930678253352e-01 9.931440030787e-01 9.932185247844e-01 9.932914438728e-01 9.933628114911e-01 9.934326766333e-01 9.935010862517e-01 9.935680853625e-01 9.936337171445e-01 9.936980230320e-01 9.937610428017e-01 9.938228146551e-01 9.938833752957e-01 9.939427600016e-01 9.940010026939e-01 9.940581360016e-01 9.941141913223e-01 9.941691988800e-01 9.942231877793e-01 9.942761860566e-01 9.943282207288e-01 9.943793178393e-01 9.944295025015e-01 9.944787989395e-01 9.945272305278e-01 9.945748198275e-01 9.946215886221e-01 9.946675579501e-01 9.947127481370e-01 9.947571788249e-01 9.948008690014e-01
1.000000000000e-12 3.905303671838e-01 6.882836276350e-01 7.920705992780e-01 8.440448566371e-01 8.752347819362e-01 8.960287593829e-01 9.108817335506e-01 9.220214974387e-01 9.306857682867e-01 9.376171884666e-01 9.432883517972e-01 9.480143218221e-01 9.520132198034e-01 9.554408467756e-01 9.584114568858e-01 9.610107407687e-01 9.633042265682e-01 9.653428806242e-01 9.671669395236e-01 9.688085925375e-01 9.702938976480e-01 9.716441750231e-01 9.728770369754e-01 9.740071604325e-01 9.750468740136e-01 9.760066096273e-01 9.768952537143e-01 9.777204232238e-01 9.784886844915e-01 9.792057283414e-01 9.798765112978e-01 9.805053703196e-01 9.810961166734e-01 9.816521132417e-01 9.821763385775e-01 9.826714402836e-01 9.831397797353e-01 9.835834697422e-01 9.840044064155e-01 9.844042962550e-01 9.847846792732e-01 9.851469488143e-01 9.854923686093e-01 9.858220875045e-01 9.861371522266e-01 9.864385184825e-01 9.867270606425e-01 9.870035802124e-01 9.872688132693e-01 9.875234370039e-01 9.877680754940e-01 9.880033048114e-01 9.882296575508e-01 9.884476268554e-01 9.886576700035e-01 9.888602116106e-01 9.890556464946e-01 9.892443422447e-01 9.894266415287e-01 9.896028641699e-01 9.897733090196e-01 9.899382556483e-01 9.900979658761e-01 9.902526851593e-01 9.904026438491e-01 9.905480583363e-01 9.906891320924e-01 9.908260566205e-01 9.909590123216e-01 9.910881692885e-01 9.912136880309e-01 9.913357201416e-01 9.914544089068e-01 9.915698898675e-01 9.916822913359e-01 9.917917348710e-01 9.918983357168e-01 9.920022032076e-01 9.921034411417e-01 9.922021481274e-01 9.922984179036e-01 9.923923396365e-01 9.924839981951e-01 9.925734744071e-01 9.926608452964e-01 9.927461843046e-01 9.928295614965e-01 9.929110437522e-01 9.929906949460e-01 9.930685761132e-01 9.931447456065e-01 9.932192592412e-01 9.932921704322e-01 9.933635303212e-01 9.934333878968e-01 9.935017901062e-01 9.935687819607e-01 9.936344066346e-01 9.936987055575e-01 9.937617185019e-01 9.938234836653e-01 9.938840377470e-01 9.939434160213e-01 9.940016524057e-01 9.940587795256e-01 9.941148287754e-01 9.941698303756e-01 9.942238134277e-01 9.942768059651e-01 9.943288350017e-01 9.943799265783e-01 9.944301058053e-01 9.944793969044e-01 9.945278232473e-01 9.945754073930e-01 9.946221711224e-01 9.946681354717e-01 9.947133207643e-01 9.947577466403e-01 9.948014320849e-01
1.000000000000e-12 3.906308766629e-01 6.883410891447e-01 7.921090499529e-01 8.440737046976e-01 8.752578617717e-01 8.960479928646e-01 9.108982194685e-01 9.220359226416e-01 9.306985906985e-01 9.376287286410e-01 9.432988428666e-01 9.480239386366e-01 9.520220968634e-01 9.554490897601e-01 9.584191503381e-01 9.610179533803e-01 9.633110149086e-01 9.653492918346e-01 9.671730133019e-01 9.688143626269e-01 9.702993929713e-01 9.716494205589e-01 9.728820544445e-01 9.740119688404e-01 9.750514900851e-01 9.760110481576e-01 9.768995278546e-01 9.777245447163e-01 9.784926638635e-01 9.792095750677e-01 9.798802339362e-01 9.805089766255e-01 9.810996136972e-01 9.816555074119e-01 9.821796357715e-01 9.826746458888e-01 9.831428987026e-01 9.835865066314e-01 9.840073654357e-01 9.844071812998e-01 9.847874939509e-01 9.851496964759e-01 9.854950523718e-01 9.858247102724e-01 9.861397167108e-01 9.864410272171e-01 9.867295159997e-01 9.870059844163e-01 9.872711684078e-01 9.875257450397e-01 9.877703382742e-01 9.880055240766e-01 9.882318349431e-01 9.884497639256e-01 9.886597682179e-01 9.888622723568e-01 9.890576710874e-01 9.892463319307e-01 9.894285974912e-01 9.896047875330e-01 9.897752008522e-01 9.899401169674e-01 9.900997976505e-01 9.902544883122e-01 9.904044192613e-01 9.905498068482e-01 9.906908545072e-01 9.908277537056e-01 9.909606848113e-01 9.910898178855e-01 9.912153134082e-01 9.913373229442e-01 9.914559897532e-01 9.915714493511e-01 9.916838300264e-01 9.917932533155e-01 9.918998344413e-01 9.920036827177e-01 9.921049019238e-01 9.922035906498e-01 9.922998426171e-01 9.923937469754e-01 9.924853885781e-01 9.925748482379e-01 9.926622029645e-01 9.927475261858e-01 9.928308879538e-01 9.929123551362e-01 9.929919915953e-01 9.930698583553e-01 9.931460137580e-01 9.932205136085e-01 9.932934113116e-01 9.933647579998e-01 9.934346026524e-01 9.935029922081e-01 9.935699716699e-01 9.936355842039e-01 9.936998712321e-01 9.937628725198e-01 9.938246262572e-01 9.938851691371e-01 9.939445364270e-01 9.940027620383e-01 9.940598785903e-01 9.941159174715e-01 9.941709088970e-01 9.942248819628e-01 9.942778646971e-01 9.943298841089e-01 9.943809662341e-01 9.944311361784e-01 9.944804181591e-01 9.945288355437e-01 9.945764108868e-01 9.946231659654e-01 9.946691218118e-01 9.947142987456e-01 9.947587164032e-01 9.948023937665e-01
1.000000000000e-12 3.907751329622e-01 6.884235497663e-01 7.921642286650e-01 8.441151031416e-01 8.752909825149e-01 8.960755938930e-01 9.109218776025e-01 9.220566235443e-01 9.307169915141e-01 9.376452893805e-01 9.433138980869e-01 9.480377392564e-01 9.520348358976e-01 9.554609188636e-01 9.584301908349e-01 9.610283038462e-01 9.633207565237e-01 9.653584922489e-01 9.671817294839e-01 9.688226429997e-01 9.703072790407e-01 9.716569481706e-01 9.728892547687e-01 9.740188691511e-01 9.750581143835e-01 9.760174176752e-01 9.769056614642e-01 9.777304592684e-01 9.784983744655e-01 9.792150953163e-01 9.798855761123e-01 9.805141518585e-01 9.811046321051e-01 9.816603782195e-01 9.821843674131e-01 9.826792460960e-01 9.831473745798e-01 9.835908647224e-01 9.840116117808e-01 9.844113214862e-01 9.847915331573e-01 9.851536395106e-01 9.854989037080e-01 9.858284740783e-01 9.861433968765e-01 9.864446273792e-01 9.867330395626e-01 9.870094345717e-01 9.872745481519e-01 9.875290571888e-01 9.877735854793e-01 9.880087088354e-01 9.882349596121e-01 9.884528307304e-01 9.886627792626e-01 9.888652296329e-01 9.890605764814e-01 9.892491872317e-01 9.894314043973e-01 9.896075476573e-01 9.897779157285e-01 9.899427880555e-01 9.901024263403e-01 9.902570759288e-01 9.904069670683e-01 9.905523160521e-01 9.906933262603e-01 9.908301891094e-01 9.909630849194e-01 9.910921837063e-01 9.912176459076e-01 9.913396230478e-01 9.914582583485e-01 9.915736872897e-01 9.916860381259e-01 9.917954323611e-01 9.919019851875e-01 9.920058058903e-01 9.921069982208e-01 9.922056607430e-01 9.923018871536e-01 9.923957665785e-01 9.924873838487e-01 9.925768197552e-01 9.926641512875e-01 9.927494518540e-01 9.928327914878e-01 9.929142370391e-01 9.929938523533e-01 9.930716984382e-01 9.931478336202e-01 9.932223136896e-01 9.932951920370e-01 9.933665197813e-01 9.934363458888e-01 9.935047172858e-01 9.935716789633e-01 9.936372740759e-01 9.937015440347e-01 9.937645285944e-01 9.938262659350e-01 9.938867927396e-01 9.939461442664e-01 9.940043544177e-01 9.940614558042e-01 9.941174798060e-01 9.941724566303e-01 9.942264153652e-01 9.942793840316e-01 9.943313896313e-01 9.943824581932e-01 9.944326148164e-01 9.944818837119e-01 9.945302882407e-01 9.945778509516e-01 9.946245936159e-01 9.946705372602e-01 9.947157021986e-01 9.947601080625e-01 9.948037738287e-01
1.000000000000e-12 3.909653000692e-01 6.885322343097e-01 7.922369547214e-01 8.441696666433e-01 8.753346359319e-01 8.961119722786e-01 9.109530592201e-01 9.220839075064e-01 9.307412439422e-01 9.376671165730e-01 9.433337409924e-01 9.480559285880e-01 9.520516260507e-01 9.554765097205e-01 9.584447423016e-01 9.610419458464e-01 9.633335960534e-01 9.653706184714e-01 9.671932174842e-01 9.688335566001e-01 9.703176729458e-01 9.716668696255e-01 9.728987448560e-01 9.740279638181e-01 9.750668452638e-01 9.760258127524e-01 9.769137456126e-01 9.777382546972e-01 9.785059010865e-01 9.792223710499e-01 9.798926171448e-01 9.805209728588e-01 9.811112464084e-01 9.816667979844e-01 9.821906037562e-01 9.826853092073e-01 9.831532738233e-01 9.835966087226e-01 9.840172084989e-01 9.844167782864e-01 9.847968568648e-01 9.851588364632e-01 9.855039798012e-01 9.858334348057e-01 9.861482473656e-01 9.864493724229e-01 9.867376836479e-01 9.870139819052e-01 9.872790026827e-01 9.875334226290e-01 9.877778653225e-01 9.880129063740e-01 9.882390779519e-01 9.884568728046e-01 9.886667478445e-01 9.888691273473e-01 9.890644058149e-01 9.892529505422e-01 9.894351039229e-01 9.896111855241e-01 9.897814939582e-01 9.899463085718e-01 9.901058909754e-01 9.902604864289e-01 9.904103250992e-01 9.905556232038e-01 9.906965840515e-01 9.908333989919e-01 9.909662482819e-01 9.910953018778e-01 9.912207201612e-01 9.913426546034e-01 9.914612483760e-01 9.915766369115e-01 9.916889484193e-01 9.917983043612e-01 9.919048198889e-01 9.920086042493e-01 9.921097611576e-01 9.922083891431e-01 9.923045818697e-01 9.923984284323e-01 9.924900136319e-01 9.925794182315e-01 9.926667191935e-01 9.927519899006e-01 9.928353003615e-01 9.929167174028e-01 9.929963048477e-01 9.930741236828e-01 9.931502322137e-01 9.932246862114e-01 9.932975390478e-01 9.933688418239e-01 9.934386434889e-01 9.935069909526e-01 9.935739291902e-01 9.936395013413e-01 9.937037488025e-01 9.937667113145e-01 9.938284270440e-01 9.938889326613e-01 9.939482634121e-01 9.940064531870e-01 9.940635345852e-01 9.941195389759e-01 9.941744965556e-01 9.942284364023e-01 9.942813865270e-01 9.943333739223e-01 9.943844246076e-01 9.944345636736e-01 9.944838153225e-01 9.945322029074e-01 9.945797489691e-01 9.946264752711e-01 9.946724028329e-01 9.947175519614e-01 9.947619422811e-01 9.948055927621e-01
1.000000000000e-12 3.912036255331e-01 6.886684105009e-01 7.923280760367e-01 8.442380313317e-01 8.753893309523e-01 8.961575521350e-01 9.109921278487e-01 9.221180926147e-01 9.307716307269e-01 9.376944646883e-01 9.433586029194e-01 9.480787186898e-01 9.520726630688e-01 9.554960440950e-01 9.584629743848e-01 9.610590384245e-01 9.633496831858e-01 9.653858118744e-01 9.672076112344e-01 9.688472306628e-01 9.703306958627e-01 9.716793005917e-01 9.729106353454e-01 9.740393588704e-01 9.750777845140e-01 9.760363312623e-01 9.769238745480e-01 9.777480218849e-01 9.785153314746e-01 9.792314870918e-01 9.799014391208e-01 9.805295191481e-01 9.811195337192e-01 9.816748415508e-01 9.821984175064e-01 9.826929059089e-01 9.831606652086e-01 9.836038055978e-01 9.840242208388e-01 9.844236153178e-01 9.848035271393e-01 9.851653479217e-01 9.855103398305e-01 9.858396502889e-01 9.861543247269e-01 9.864553176676e-01 9.867435023980e-01 9.870196794314e-01 9.872845839328e-01 9.875388922541e-01 9.877832277001e-01 9.880181656290e-01 9.882442379756e-01 9.884619372723e-01 9.886717202310e-01 9.888740109412e-01 9.890692037317e-01 9.892576657363e-01 9.894397391984e-01 9.896157435451e-01 9.897859772575e-01 9.899507195598e-01 9.901102319477e-01 9.902647595735e-01 9.904145325032e-01 9.905597668592e-01 9.907006658613e-01 9.908374207751e-01 9.909702117783e-01 9.910992087529e-01 9.912245720099e-01 9.913464529542e-01 9.914649946946e-01 9.915803326041e-01 9.916925948361e-01 9.918019027988e-01 9.919083715936e-01 9.920121104193e-01 9.921132229456e-01 9.922118076588e-01 9.923079581815e-01 9.924017635696e-01 9.924933085868e-01 9.925826739608e-01 9.926699366201e-01 9.927551699152e-01 9.928384438242e-01 9.929198251444e-01 9.929993776708e-01 9.930771623634e-01 9.931532375022e-01 9.932276588337e-01 9.933004797065e-01 9.933717511990e-01 9.934415222390e-01 9.935098397157e-01 9.935767485846e-01 9.936422919664e-01 9.937065112394e-01 9.937694461270e-01 9.938311347792e-01 9.938916138500e-01 9.939509185699e-01 9.940090828145e-01 9.940661391686e-01 9.941221189878e-01 9.941770524552e-01 9.942309686362e-01 9.942838955294e-01 9.943358601155e-01 9.943868884027e-01 9.944370054706e-01 9.944862355107e-01 9.945346018658e-01 9.945821270670e-01 9.946288328681e-01 9.946747402795e-01 9.947198695992e-01 9.947642404429e-01 9.948078717725e-01
1.000000000000e-12 3.914924422158e-01 6.888333893058e-01 7.924384693347e-01 8.443208549411e-01 8.754555937900e-01 8.962127719791e-01 9.110394593615e-01 9.221595077589e-01 9.308084442145e-01 9.377275968381e-01 9.433887230605e-01 9.481063288215e-01 9.520981493455e-01 9.555197099240e-01 9.584850624923e-01 9.610797460255e-01 9.633691726928e-01 9.654042186311e-01 9.672250492145e-01 9.688637967439e-01 9.703464730828e-01 9.716943606654e-01 9.729250406333e-01 9.740531639381e-01 9.750910373789e-01 9.760490744017e-01 9.769361457193e-01 9.777598548001e-01 9.785267563582e-01 9.792425311459e-01 9.799121269151e-01 9.805398729488e-01 9.811295737684e-01 9.816845863045e-01 9.822078838385e-01 9.827021092874e-01 9.831696198471e-01 9.836125245879e-01 9.840327162651e-01 9.844318983584e-01 9.848116081545e-01 9.851732365318e-01 9.855180449845e-01 9.858471803258e-01 9.861616874296e-01 9.864625203116e-01 9.867505517943e-01 9.870265819652e-01 9.872913455986e-01 9.875455186866e-01 9.877897242026e-01 9.880245371987e-01 9.882504893270e-01 9.884680728580e-01 9.886777442605e-01 9.888799273987e-01 9.890750163917e-01 9.892633781781e-01 9.894453548191e-01 9.896212655722e-01 9.897914087595e-01 9.899560634569e-01 9.901154910211e-01 9.902699364739e-01 9.904196297589e-01 9.905647868838e-01 9.907056109601e-01 9.908422931519e-01 9.909750135410e-01 9.911039419190e-01 9.912292385117e-01 9.913510546435e-01 9.914695333470e-01 9.915848099234e-01 9.916970124577e-01 9.918062622938e-01 9.919126744718e-01 9.920163581324e-01 9.921174168902e-01 9.922159491791e-01 9.923120485720e-01 9.924058040772e-01 9.924973004136e-01 9.925866182658e-01 9.926738345215e-01 9.927590224922e-01 9.928422521187e-01 9.929235901628e-01 9.930031003857e-01 9.930808437148e-01 9.931568783992e-01 9.932312601557e-01 9.933040423046e-01 9.933752758971e-01 9.934450098350e-01 9.935132909826e-01 9.935801642714e-01 9.936456727993e-01 9.937098579225e-01 9.937727593433e-01 9.938344151914e-01 9.938948621013e-01 9.939541352847e-01 9.940122685993e-01 9.940692946127e-01 9.941252446635e-01 9.941801489190e-01 9.942340364290e-01 9.942869351773e-01 9.943388721303e-01 9.943898732822e-01 9.944399636994e-01 9.944891675604e-01 9.945375081959e-01 9.945850081246e-01 9.946316890890e-01 9.946775720883e-01 9.947226774096e-01 9.947670246582e-01 9.948106327861e-01
1.000000000000e-12 3.918341699010e-01 6.890285251152e-01 7.925690402557e-01 8.444188168905e-01 8.755339680060e-01 8.962780847839e-01 9.110954420223e-01 9.222084926701e-01 9.308519863888e-01 9.377667848077e-01 9.434243484933e-01 9.481389854711e-01 9.521282939465e-01 9.555477013401e-01 9.585111878144e-01 9.611042385153e-01 9.633922244480e-01 9.654259897333e-01 9.672456744693e-01 9.688833907360e-01 9.703651340277e-01 9.717121733856e-01 9.729420788874e-01 9.740694922649e-01 9.751067125727e-01 9.760641467034e-01 9.769506597876e-01 9.777738505088e-01 9.785402694563e-01 9.792555938074e-01 9.799247682004e-01 9.805521191939e-01 9.811414489152e-01 9.816961121822e-01 9.822190804055e-01 9.827129948386e-01 9.831802111942e-01 9.836228372154e-01 9.840427644662e-01 9.844416953545e-01 9.848211661995e-01 9.851825670043e-01 9.855271584693e-01 9.858560866859e-01 9.861703958706e-01 9.864710394386e-01 9.867588896633e-01 9.870347461287e-01 9.872993431464e-01 9.875533562835e-01 9.877974081211e-01 9.880320733495e-01 9.882578832863e-01 9.884753298921e-01 9.886848693486e-01 9.888869252531e-01 9.890818914767e-01 9.892701347271e-01 9.894519968504e-01 9.896277969029e-01 9.897978330192e-01 9.899623840996e-01 9.901217113361e-01 9.902760595965e-01 9.904256586796e-01 9.905707244572e-01 9.907114599130e-01 9.908480560908e-01 9.909806929590e-01 9.911095402025e-01 9.912347579461e-01 9.913564974191e-01 9.914749015640e-01 9.915901055969e-01 9.917022375223e-01 9.918114186075e-01 9.919177638204e-01 9.920213822330e-01 9.921223773946e-01 9.922208476772e-01 9.923168865947e-01 9.924105830997e-01 9.925020218575e-01 9.925912835021e-01 9.926784448726e-01 9.927635792346e-01 9.928467564847e-01 9.929280433429e-01 9.930075035300e-01 9.930851979353e-01 9.931611847711e-01 9.932355197193e-01 9.933082560664e-01 9.933794448316e-01 9.934491348860e-01 9.935173730643e-01 9.935842042698e-01 9.936496715732e-01 9.937138163048e-01 9.937766781417e-01 9.938382951898e-01 9.938987040605e-01 9.939579399434e-01 9.940160366747e-01 9.940730268017e-01 9.941289416431e-01 9.941838113474e-01 9.942376649461e-01 9.942905304053e-01 9.943424346743e-01 9.943934037313e-01 9.944434626265e-01 9.944926355237e-01 9.945409457384e-01 9.945884157754e-01 9.946350673636e-01 9.946809214887e-01 9.947259984252e-01 9.947703177662e-01 9.948138984514e-01
1.000000000000e-12 3.922313167351e-01 6.892552157733e-01 7.927207233585e-01 8.445326182838e-01 8.756250145089e-01 8.963539579781e-01 9.111604764858e-01 9.222653979218e-01 9.309025688705e-01 9.378123090561e-01 9.434657341804e-01 9.481769223542e-01 9.521633126096e-01 9.555802186710e-01 9.585415373237e-01 9.611326911806e-01 9.634190034273e-01 9.654512809917e-01 9.672696346089e-01 9.689061528687e-01 9.703868122493e-01 9.717328662335e-01 9.729618720463e-01 9.740884607088e-01 9.751249222789e-01 9.760816560362e-01 9.769675206266e-01 9.777901091751e-01 9.785559674789e-01 9.792707685626e-01 9.799394534474e-01 9.805663455269e-01 9.811552441472e-01 9.817095016721e-01 9.822320873385e-01 9.827256404679e-01 9.831925150498e-01 9.836348172853e-01 9.840544373548e-01 9.844530764209e-01 9.848322696789e-01 9.851934061151e-01 9.855377455078e-01 9.858664331099e-01 9.861805123741e-01 9.864809360181e-01 9.867685756773e-01 9.870442303507e-01 9.873086338129e-01 9.875624611366e-01 9.878063344477e-01 9.880408280160e-01 9.882664727704e-01 9.884837603117e-01 9.886931464878e-01 9.888950545862e-01 9.890898781900e-01 9.892779837384e-01 9.894597128276e-01 9.896353842805e-01 9.898052960136e-01 9.899697267231e-01 9.901289374100e-01 9.902831727630e-01 9.904326624128e-01 9.905776220732e-01 9.907182545795e-01 9.908547508357e-01 9.909872906787e-01 9.911160436690e-01 9.912411698145e-01 9.913628202337e-01 9.914811377648e-01 9.915962575247e-01 9.917083074244e-01 9.918174086425e-01 9.919236760627e-01 9.920272186773e-01 9.921281399599e-01 9.922265382104e-01 9.923225068744e-01 9.924161348394e-01 9.925075067088e-01 9.925967030575e-01 9.926838006686e-01 9.927688727538e-01 9.928519891590e-01 9.929332165549e-01 9.930126186161e-01 9.930902561870e-01 9.931661874377e-01 9.932404680090e-01 9.933131511487e-01 9.933842878386e-01 9.934539269140e-01 9.935221151753e-01 9.935888974931e-01 9.936543169064e-01 9.937184147154e-01 9.937812305683e-01 9.938428025429e-01 9.939031672238e-01 9.939623597750e-01 9.940204140080e-01 9.940773624460e-01 9.941332363852e-01 9.941880659517e-01 9.942418801558e-01 9.942947069434e-01 9.943465732439e-01 9.943975050165e-01 9.944475272931e-01 9.944966642197e-01 9.945449390950e-01 9.945923744072e-01 9.946389918692e-01 9.946848124515e-01 9.947298564138e-01 9.947741433347e-01 9.948176921402e-01
1.000000000000e-12 3.926864804685e-01 6.895149024332e-01 7.928944820051e-01 8.446629818216e-01 8.757293114837e-01 8.964408733879e-01 9.112349757472e-01 9.223305848850e-01 9.309605128786e-01 9.378644586804e-01 9.435131429374e-01 9.482203803852e-01 9.522034277170e-01 9.556174684147e-01 9.585763037517e-01 9.611652847072e-01 9.634496796879e-01 9.654802530157e-01 9.672970817896e-01 9.689322276904e-01 9.704116454129e-01 9.717565706170e-01 9.729845458044e-01 9.741101897270e-01 9.751457821364e-01 9.761017135915e-01 9.769868353095e-01 9.778087340478e-01 9.785739501147e-01 9.792881517772e-01 9.799562759131e-01 9.805826422906e-01 9.811710470695e-01 9.817248398026e-01 9.822469872367e-01 9.827401264801e-01 9.832066095481e-01 9.836485408758e-01 9.840678090584e-01 9.844661138319e-01 9.848449891042e-01 9.852058226970e-01 9.855498733319e-01 9.858782853016e-01 9.861921011838e-01 9.864922728972e-01 9.867796713462e-01 9.870550948598e-01 9.873192765973e-01 9.875728910654e-01 9.878165598680e-01 9.880508567936e-01 9.882763123258e-01 9.884934176531e-01 9.887026282412e-01 9.889043670226e-01 9.890990272503e-01 9.892869750563e-01 9.894685517503e-01 9.896440758878e-01 9.898138451355e-01 9.899781379559e-01 9.901372151312e-01 9.902913211448e-01 9.904406854349e-01 9.905855235344e-01 9.907260381085e-01 9.908624199010e-01 9.909948485981e-01 9.911234936181e-01 9.912485148348e-01 9.913700632398e-01 9.914882815516e-01 9.916033047739e-01 9.917152607102e-01 9.918242704377e-01 9.919304487437e-01 9.920339045291e-01 9.921347411806e-01 9.922330569158e-01 9.923289451021e-01 9.924224945520e-01 9.925137897984e-01 9.926029113484e-01 9.926899359208e-01 9.927749366659e-01 9.928579833709e-01 9.929391426508e-01 9.930184781266e-01 9.930960505919e-01 9.931719181678e-01 9.932461364486e-01 9.933187586373e-01 9.933898356731e-01 9.934594163502e-01 9.935275474299e-01 9.935942737450e-01 9.936596382986e-01 9.937236823562e-01 9.937864455327e-01 9.938479658739e-01 9.939082799340e-01 9.939674228473e-01 9.940254283968e-01 9.940823290787e-01 9.941381561629e-01 9.941929397502e-01 9.942467088265e-01 9.942994913144e-01 9.943513141206e-01 9.944022031826e-01 9.944521835113e-01 9.945012792324e-01 9.945495136251e-01 9.945969091588e-01 9.946434875282e-01 9.946892696860e-01 9.947342758751e-01 9.947785256577e-01 9.948220379439e-01
1.000000000000e-12 3.932023494663e-01 6.898090692180e-01 7.930913081143e-01 8.448106516155e-01 8.758474542434e-01 8.965393271120e-01 9.113193650353e-01 9.224044256356e-01 9.310261491473e-01 9.379235313412e-01 9.435668453650e-01 9.482696076147e-01 9.522488682387e-01 9.556596631860e-01 9.586156855390e-01 9.612022051332e-01 9.634844283243e-01 9.655130711725e-01 9.673281726751e-01 9.689617640317e-01 9.704397752618e-01 9.717834218364e-01 9.730102295795e-01 9.741348033449e-01 9.751694112095e-01 9.761244338542e-01 9.770087140809e-01 9.778298314346e-01 9.785943200053e-01 9.793078426715e-01 9.799753316173e-01 9.806011025040e-01 9.811889478825e-01 9.817422141211e-01 9.822638651461e-01 9.827565355587e-01 9.832225751381e-01 9.836640863186e-01 9.840829559002e-01 9.844808820026e-01 9.848593970757e-01 9.852198876215e-01 9.855636111652e-01 9.858917109114e-01 9.862052284467e-01 9.865051147848e-01 9.867922400021e-01 9.870674016687e-01 9.873313322469e-01 9.875847056020e-01 9.878281427470e-01 9.880622169250e-01 9.882874581150e-01 9.885043570388e-01 9.887133687290e-01 9.889149157160e-01 9.891093908789e-01 9.892971600017e-01 9.894785640694e-01 9.896539213349e-01 9.898235291819e-01 9.899876658080e-01 9.901465917476e-01 9.903005512515e-01 9.904497735399e-01 9.905944739409e-01 9.907348549268e-01 9.908711070602e-01 9.910034098565e-01 9.911319325728e-01 9.912568349309e-01 9.913782677791e-01 9.914963736999e-01 9.916112875689e-01 9.917231370680e-01 9.918320431592e-01 9.919381205207e-01 9.920414779499e-01 9.921422187354e-01 9.922404410012e-01 9.923362380259e-01 9.924296985378e-01 9.925209069891e-01 9.926099438107e-01 9.926968856482e-01 9.927818055825e-01 9.928647733344e-01 9.929458554556e-01 9.930251155067e-01 9.931026142233e-01 9.931784096714e-01 9.932525573924e-01 9.933251105387e-01 9.933961200010e-01 9.934656345273e-01 9.935337008343e-01 9.936003637123e-01 9.936656661234e-01 9.937296492939e-01 9.937923528010e-01 9.938538146544e-01 9.939140713735e-01 9.939731580592e-01 9.940311084625e-01 9.940879550485e-01 9.941437290575e-01 9.941984605616e-01 9.942521785194e-01 9.943049108266e-01 9.943566843645e-01 9.944075250459e-01 9.944574578580e-01 9.945065069035e-01 9.945546954394e-01 9.946020459139e-01 9.946485800008e-01 9.946943186333e-01 9.947392820347e-01 9.947834897487e-01 9.948269606675e-01
1.000000000000e-12 3.937817034514e-01 6.901392426690e-01 7.933122217720e-01 8.449763928940e-01 8.759800549929e-01 8.966498293260e-01 9.114140816447e-01 9.224873028065e-01 9.310998177949e-01 9.379898331454e-01 9.436271197421e-01 9.483248591317e-01 9.522998696415e-01 9.557070216327e-01 9.586598867567e-01 9.612436437752e-01 9.635234293995e-01 9.655499055214e-01 9.673630683741e-01 9.689949149459e-01 9.704713475611e-01 9.718135590312e-01 9.730390564615e-01 9.741624291068e-01 9.751959319410e-01 9.761499345575e-01 9.770332703138e-01 9.778535106591e-01 9.786171827049e-01 9.793299432810e-01 9.799967193040e-01 9.806218218255e-01 9.812090393458e-01 9.817617146590e-01 9.822828085258e-01 9.827749527333e-01 9.832404945513e-01 9.836815341683e-01 9.840999563691e-01 9.844974574598e-01 9.848755682534e-01 9.852356737712e-01 9.855790301951e-01 9.859067795088e-01 9.862199621864e-01 9.865195282258e-01 9.868063467742e-01 9.870812145497e-01 9.873448632324e-01 9.875979659677e-01 9.878411431056e-01 9.880749672766e-01 9.882999678941e-01 9.885166351553e-01 9.887254236070e-01 9.889267553283e-01 9.891210227787e-01 9.893085913515e-01 9.894898016675e-01 9.896649716397e-01 9.898343983342e-01 9.899983596514e-01 9.901571158474e-01 9.903109109123e-01 9.904599738213e-01 9.906045196725e-01 9.907447507221e-01 9.908808573292e-01 9.910130188172e-01 9.911414042626e-01 9.912661732167e-01 9.913874763664e-01 9.915054561422e-01 9.916202472755e-01 9.917319773118e-01 9.918407670840e-01 9.919467311478e-01 9.920499781844e-01 9.921506113719e-01 9.922487287298e-01 9.923444234368e-01 9.924377841266e-01 9.925288951612e-01 9.926178368855e-01 9.927046858633e-01 9.927895150975e-01 9.928723942343e-01 9.929533897544e-01 9.930325651504e-01 9.931099810931e-01 9.931856955866e-01 9.932597641129e-01 9.933322397676e-01 9.934031733871e-01 9.934726136672e-01 9.935406072748e-01 9.936071989524e-01 9.936724316162e-01 9.937363464483e-01 9.937989829838e-01 9.938603791919e-01 9.939205715528e-01 9.939795951299e-01 9.940374836383e-01 9.940942695084e-01 9.941499839470e-01 9.942046569942e-01 9.942583175776e-01 9.943109935632e-01 9.943627118035e-01 9.944134981836e-01 9.944633776641e-01 9.945123743220e-01 9.945605113893e-01 9.946078112903e-01 9.946542956757e-01 9.946999854563e-01 9.947449008338e-01 9.947890613310e-01 9.948324858199e-01
1.000000000000e-12 3.944274139406e-01 6.905069909591e-01 7.935582706831e-01 8.451609915895e-01 8.761277424993e-01 8.967729040066e-01 9.115195746992e-01 9.225796093816e-01 9.311818681406e-01 9.380636784801e-01 9.436942518753e-01 9.483863969257e-01 9.523566737617e-01 9.557597683172e-01 9.587091169964e-01 9.612897971254e-01 9.635668678470e-01 9.655909307220e-01 9.674019343538e-01 9.690318376266e-01 9.705065120190e-01 9.718471251047e-01 9.730711631406e-01 9.741931980075e-01 9.752254700857e-01 9.761783366197e-01 9.770606204478e-01 9.778798840026e-01 9.786426466228e-01 9.793545584017e-01 9.800205403884e-01 9.806448985011e-01 9.812314167282e-01 9.817834338831e-01 9.823039072006e-01 9.827954653339e-01 9.832604527572e-01 9.837009671583e-01 9.841188910772e-01 9.845159188003e-01 9.848935793173e-01 9.852532560002e-01 9.855962035351e-01 9.859235625456e-01 9.862363722668e-01 9.865355815654e-01 9.868220585533e-01 9.870965990001e-01 9.873599337144e-01 9.876127350401e-01 9.878556225883e-01 9.880891683078e-01 9.883139009812e-01 9.885303102223e-01 9.887388500364e-01 9.889399420001e-01 9.891339781053e-01 9.893213233104e-01 9.895023178306e-01 9.896772792001e-01 9.898465041312e-01 9.900102701936e-01 9.901688373334e-01 9.903224492501e-01 9.904713346462e-01 9.906157083637e-01 9.907557724180e-01 9.908917169412e-01 9.910237210435e-01 9.911519536000e-01 9.912765739719e-01 9.913977326667e-01 9.915155719452e-01 9.916302263784e-01 9.917418233600e-01 9.918504835790e-01 9.919563214546e-01 9.920594455385e-01 9.921599588861e-01 9.922579594000e-01 9.923535401482e-01 9.924467896586e-01 9.925377921928e-01 9.926266280000e-01 9.927133735530e-01 9.927981017675e-01 9.928808822069e-01 9.929617812728e-01 9.930408623821e-01 9.931181861334e-01 9.931938104616e-01 9.932677907826e-01 9.933401801291e-01 9.934110292766e-01 9.934803868632e-01 9.935482995000e-01 9.936148118763e-01 9.936799668572e-01 9.937438055758e-01 9.938063675200e-01 9.938676906139e-01 9.939278112941e-01 9.939867645826e-01 9.940445841539e-01 9.941013024000e-01 9.941569504906e-01 9.942115584299e-01 9.942651551111e-01 9.943177683670e-01 9.943694250182e-01 9.944201509189e-01 9.944699710000e-01 9.945189093098e-01 9.945669890527e-01 9.946142326261e-01 9.946606616552e-01 9.947062970257e-01 9.947511589153e-01 9.947952668236e-01 9.948386396000e-01
1.000000000000e-12 3.951424443329e-01 6.909139228497e-01 7.938305294510e-01 8.453652537963e-01 8.762911616572e-01 8.969090885700e-01 9.116363048426e-01 9.226817484244e-01 9.312726584632e-01 9.381453897963e-01 9.437685349017e-01 9.484544897056e-01 9.524195286384e-01 9.558181335615e-01 9.587635912253e-01 9.613408667155e-01 9.636149333439e-01 9.656363259137e-01 9.674449403251e-01 9.690726932994e-01 9.705454221836e-01 9.718842666255e-01 9.731066898127e-01 9.742272444017e-01 9.752581546241e-01 9.762097640605e-01 9.770908839093e-01 9.779090666262e-01 9.786708229490e-01 9.793817955170e-01 9.800468988872e-01 9.806704332967e-01 9.812561777421e-01 9.818074666319e-01 9.823272532995e-01 9.828181629300e-01 9.832825369048e-01 9.837224701441e-01 9.841398427044e-01 9.845363466368e-01 9.849135089139e-01 9.852727110826e-01 9.856152061737e-01 9.859421333061e-01 9.862545303437e-01 9.865533449015e-01 9.868394439461e-01 9.871136221972e-01 9.873766094993e-01 9.876290773093e-01 9.878716444209e-01 9.881048820282e-01 9.883293182163e-01 9.885454419531e-01 9.887537066448e-01 9.889545333119e-01 9.891483134292e-01 9.893354114735e-01 9.895161672113e-01 9.896908977577e-01 9.898598994338e-01 9.900234494430e-01 9.901818073883e-01 9.903352166479e-01 9.904839056225e-01 9.906280888707e-01 9.907679681413e-01 9.909037333156e-01 9.910355632676e-01 9.911636266495e-01 9.912880826122e-01 9.914090814648e-01 9.915267652803e-01 9.916412684522e-01 9.917527182062e-01 9.918612350719e-01 9.919669333177e-01 9.920699213521e-01 9.921703020945e-01 9.922681733183e-01 9.923636279687e-01 9.924567544569e-01 9.925476369333e-01 9.926363555412e-01 9.927229866525e-01 9.928076030868e-01 9.928902743157e-01 9.929710666530e-01 9.930500434322e-01 9.931272651718e-01 9.932027897304e-01 9.932766724507e-01 9.933489662953e-01 9.934197219730e-01 9.934889880575e-01 9.935568110986e-01 9.936232357264e-01 9.936883047496e-01 9.937520592471e-01 9.938145386546e-01 9.938757808462e-01 9.939358222104e-01 9.939946977229e-01 9.940524410141e-01 9.941090844330e-01 9.941646591082e-01 9.942191950043e-01 9.942727209765e-01 9.943252648208e-01 9.943768533224e-01 9.944275123015e-01 9.944772666559e-01 9.945261404023e-01 9.945741567146e-01 9.946213379606e-01 9.946677057368e-01 9.947132809014e-01 9.947580836056e-01 9.948021333232e-01 9.948454488789e-01
1.000000000000e-12 3.959298496030e-01 6.913616863672e-01 7.941300986691e-01 8.455900050874e-01 8.764709729424e-01 8.970589334160e-01 9.117647438470e-01 9.227941327360e-01 9.313725556970e-01 9.382352973350e-01 9.438502690406e-01 9.485294126725e-01 9.524886883033e-01 9.558823532521e-01 9.588235296042e-01 9.613970589463e-01 9.636678201497e-01 9.656862745639e-01 9.674922600990e-01 9.691176470848e-01 9.705882353126e-01 9.719251337032e-01 9.731457800610e-01 9.742647058896e-01 9.752941176525e-01 9.762443438956e-01 9.771241830097e-01 9.779411764731e-01 9.787018255598e-01 9.794117647074e-01 9.800759013295e-01 9.806985294127e-01 9.812834224607e-01 9.818339100352e-01 9.823529411770e-01 9.828431372553e-01 9.833068362484e-01 9.837461300313e-01 9.841628959278e-01 9.845588235296e-01 9.849354375898e-01 9.852941176472e-01 9.856361149112e-01 9.859625668450e-01 9.862745098040e-01 9.865728900257e-01 9.868585732166e-01 9.871323529412e-01 9.873949579832e-01 9.876470588236e-01 9.878892733564e-01 9.881221719457e-01 9.883462819090e-01 9.885620915033e-01 9.887700534760e-01 9.889705882353e-01 9.891640866873e-01 9.893509127789e-01 9.895314057827e-01 9.897058823530e-01 9.898746383800e-01 9.900379506642e-01 9.901960784314e-01 9.903492647059e-01 9.904977375566e-01 9.906417112300e-01 9.907813871817e-01 9.909169550173e-01 9.910485933504e-01 9.911764705882e-01 9.913007456504e-01 9.914215686275e-01 9.915390813860e-01 9.916534181240e-01 9.917647058824e-01 9.918730650155e-01 9.919786096257e-01 9.920814479638e-01 9.921816827997e-01 9.922794117647e-01 9.923747276689e-01 9.924677187948e-01 9.925584691708e-01 9.926470588235e-01 9.927335640138e-01 9.928180574555e-01 9.929006085193e-01 9.929812834225e-01 9.930601454065e-01 9.931372549020e-01 9.932126696833e-01 9.932864450128e-01 9.933586337761e-01 9.934292866083e-01 9.934984520124e-01 9.935661764706e-01 9.936325045482e-01 9.936974789916e-01 9.937611408200e-01 9.938235294118e-01 9.938846825859e-01 9.939446366782e-01 9.940034266134e-01 9.940610859729e-01 9.941176470588e-01 9.941731409545e-01 9.942275975811e-01 9.942810457516e-01 9.943335132218e-01 9.943850267380e-01 9.944356120827e-01 9.944852941176e-01 9.945340968246e-01 9.945820433437e-01 9.946291560102e-01 9.946754563895e-01 9.947209653092e-01 9.947657028913e-01 9.948096885813e-01 9.948529411765e-01
1.000000000000e-12 3.967927755515e-01 6.918519671788e-01 7.944581038098e-01 8.458360896793e-01 8.766678517430e-01 8.972230013714e-01 9.119053741361e-01 9.229171844371e-01 9.314819350608e-01 9.383337387930e-01 9.439397612890e-01 9.486114472403e-01 9.525644125233e-01 9.559526686011e-01 9.588891572643e-01 9.614585848784e-01 9.637257269097e-01 9.657409642818e-01 9.675440714109e-01 9.691668678312e-01 9.706351122140e-01 9.719698798364e-01 9.731885807101e-01 9.743057231785e-01 9.753334942498e-01 9.762822060084e-01 9.771606428221e-01 9.779763341493e-01 9.787357709023e-01 9.794445785385e-01 9.801076566499e-01 9.807292923794e-01 9.813132532162e-01 9.818628634156e-01 9.823810673180e-01 9.828704821146e-01 9.833334420574e-01 9.837720356874e-01 9.841881373364e-01 9.845834339030e-01 9.849594477102e-01 9.853175560980e-01 9.856590082818e-01 9.859849399117e-01 9.862963856914e-01 9.865942903503e-01 9.868795182152e-01 9.871528615857e-01 9.874150480839e-01 9.876667471222e-01 9.879085756100e-01 9.881411030022e-01 9.883648557757e-01 9.885803214095e-01 9.887879519293e-01 9.889881670734e-01 9.891813571248e-01 9.893678854502e-01 9.895480907815e-01 9.897222892685e-01 9.898907763297e-01 9.900538283244e-01 9.902117040653e-01 9.903646461892e-01 9.905128824017e-01 9.906566266077e-01 9.907960799420e-01 9.909314317075e-01 9.910628602335e-01 9.911905336587e-01 9.913146106494e-01 9.914352410571e-01 9.915525665221e-01 9.916667210285e-01 9.917778314148e-01 9.918860178436e-01 9.919913942352e-01 9.920940686681e-01 9.921941437482e-01 9.922917169514e-01 9.923868809396e-01 9.924797238550e-01 9.925703295917e-01 9.926587780489e-01 9.927451453660e-01 9.928295041408e-01 9.929119236335e-01 9.929924699558e-01 9.930712062484e-01 9.931481928457e-01 9.932234874298e-01 9.932971451751e-01 9.933692188829e-01 9.934397591076e-01 9.935088142748e-01 9.935764307928e-01 9.936426531558e-01 9.937075240419e-01 9.937710844052e-01 9.938333735611e-01 9.938944292684e-01 9.939542878050e-01 9.940129840399e-01 9.940705515011e-01 9.941270224392e-01 9.941824278878e-01 9.942367977207e-01 9.942901607047e-01 9.943425445515e-01 9.943939759646e-01 9.944444806857e-01 9.944940835367e-01 9.945428084611e-01 9.945906785624e-01 9.946377161401e-01 9.946839427251e-01 9.947293791121e-01 9.947740453908e-01 9.948179609757e-01 9.948611446343e-01
1.000000000000e-12 3.977344575597e-01 6.923864866403e-01 7.948156938949e-01 8.461043694325e-01 8.768824875601e-01 8.974018670228e-01 9.120586882134e-01 9.230513344688e-01 9.316011796130e-01 9.384410589231e-01 9.440373250586e-01 9.487008807031e-01 9.526469664927e-01 9.560293258605e-01 9.589607040409e-01 9.615256599821e-01 9.637888564195e-01 9.658005865969e-01 9.676005557096e-01 9.692205279150e-01 9.706862170558e-01 9.720186617309e-01 9.732352416528e-01 9.743504399152e-01 9.753764223171e-01 9.763234829961e-01 9.772003910325e-01 9.780146627808e-01 9.787727778568e-01 9.794803519279e-01 9.801422760590e-01 9.807628299320e-01 9.813457744794e-01 9.818944281710e-01 9.824117302232e-01 9.829002932725e-01 9.833624475083e-01 9.838002778370e-01 9.842156553283e-01 9.846102639450e-01 9.849856233610e-01 9.853431085190e-01 9.856839664604e-01 9.860093308590e-01 9.863202346177e-01 9.866176208217e-01 9.869023522935e-01 9.871752199541e-01 9.874369501591e-01 9.876882111559e-01 9.879296187803e-01 9.881617414961e-01 9.883851048641e-01 9.886001955147e-01 9.888074646872e-01 9.890073313892e-01 9.892001852245e-01 9.893863889275e-01 9.895662806406e-01 9.897401759632e-01 9.899083697999e-01 9.900711380289e-01 9.902287390126e-01 9.903814149655e-01 9.905293931968e-01 9.906728872393e-01 9.908120978775e-01 9.909472140852e-01 9.910784138811e-01 9.912058651113e-01 9.913297261661e-01 9.914501466360e-01 9.915672679150e-01 9.916812237540e-01 9.917921407706e-01 9.919001389183e-01 9.920053319194e-01 9.921078276640e-01 9.922077285797e-01 9.923051319724e-01 9.924001303431e-01 9.924928116804e-01 9.925832597324e-01 9.926715542594e-01 9.927577712682e-01 9.928419832302e-01 9.929242592850e-01 9.930046654295e-01 9.930832646943e-01 9.931601173088e-01 9.932352808549e-01 9.933088104108e-01 9.933807586860e-01 9.934511761467e-01 9.935201111347e-01 9.935876099770e-01 9.936537170907e-01 9.937184750795e-01 9.937819248262e-01 9.938441055779e-01 9.939050550277e-01 9.939648093901e-01 9.940234034737e-01 9.940808707480e-01 9.941372434076e-01 9.941925524320e-01 9.942468276429e-01 9.943000977573e-01 9.943523904385e-01 9.944037323436e-01 9.944541491693e-01 9.945036656946e-01 9.945523058212e-01 9.946000926122e-01 9.946470483286e-01 9.946931944637e-01 9.947385517760e-01 9.947831403203e-01 9.948269794773e-01 9.948700879816e-01
1.000000000000e-12 3.987582187927e-01 6.929669994962e-01 7.952040399320e-01 8.463957226768e-01 8.771155830672e-01 8.975961159335e-01 9.122251879908e-01 9.231970220040e-01 9.317306797298e-01 9.385576090638e-01 9.441432797481e-01 9.487980058429e-01 9.527366204720e-01 9.561125759863e-01 9.590384041596e-01 9.615985038441e-01 9.638574153489e-01 9.658653366972e-01 9.676618979100e-01 9.692788030056e-01 9.707417171421e-01 9.720716390861e-01 9.732859156447e-01 9.743990024908e-01 9.754230423897e-01 9.763683099890e-01 9.772435577664e-01 9.780562878456e-01 9.788129675747e-01 9.795192019885e-01 9.801798728918e-01 9.807992518638e-01 9.813810927162e-01 9.819287076362e-01 9.824450302751e-01 9.829326683229e-01 9.833939475574e-01 9.838309489374e-01 9.842455399903e-01 9.846394014905e-01 9.850140502346e-01 9.853708585623e-01 9.857110711539e-01 9.860358195367e-01 9.863461346581e-01 9.866429578177e-01 9.869271502045e-01 9.871995012419e-01 9.874607359105e-01 9.877115211923e-01 9.879524717571e-01 9.881841549925e-01 9.884070954644e-01 9.886217788817e-01 9.888286556293e-01 9.890281439216e-01 9.892206326248e-01 9.894064837864e-01 9.895860349087e-01 9.897596009935e-01 9.899274763871e-01 9.900899364453e-01 9.902472390414e-01 9.903996259314e-01 9.905473239940e-01 9.906905463577e-01 9.908294934270e-01 9.909643538178e-01 9.910953052118e-01 9.912225151373e-01 9.913461416847e-01 9.914663341613e-01 9.915832336933e-01 9.916969737785e-01 9.918076807948e-01 9.919154744686e-01 9.920204683066e-01 9.921227699950e-01 9.922224817672e-01 9.923197007451e-01 9.924145192545e-01 9.925070251172e-01 9.925973019230e-01 9.926854292811e-01 9.927714830542e-01 9.928555355769e-01 9.929376558576e-01 9.930179097683e-01 9.930963602203e-01 9.931730673290e-01 9.932480885671e-01 9.933214789088e-01 9.933932909636e-01 9.934635751022e-01 9.935323795749e-01 9.935997506210e-01 9.936657325733e-01 9.937303679552e-01 9.937936975718e-01 9.938557605961e-01 9.939165946496e-01 9.939762358785e-01 9.940347190253e-01 9.940920774963e-01 9.941483434249e-01 9.942035477322e-01 9.942577201833e-01 9.943108894408e-01 9.943630831157e-01 9.944143278146e-01 9.944646491857e-01 9.945140719608e-01 9.945626199966e-01 9.946103163124e-01 9.946571831270e-01 9.947032418932e-01 9.947485133300e-01 9.947930174543e-01 9.948367736102e-01 9.948798004968e-01
1.000000000000e-12 3.998674677925e-01 6.935952912045e-01 7.956243331010e-01 8.467110428492e-01 8.773678530207e-01 8.978063437349e-01 9.124053840100e-01 9.233546937667e-01 9.318708324994e-01 9.386837465944e-01 9.442579502477e-01 9.489031204759e-01 9.528336493684e-01 9.562026742496e-01 9.591224958733e-01 9.616773398265e-01 9.639316139210e-01 9.659354131267e-01 9.677282861066e-01 9.693418717925e-01 9.708017826536e-01 9.721289743471e-01 9.733407580683e-01 9.744515598134e-01 9.754734974194e-01 9.764168244407e-01 9.772902753866e-01 9.781013369794e-01 9.788564632900e-01 9.795612478467e-01 9.802205624320e-01 9.808386698558e-01 9.814193162237e-01 9.819658069228e-01 9.824810695821e-01 9.829677065381e-01 9.834280387937e-01 9.838641430360e-01 9.842778829581e-01 9.846709358841e-01 9.850448154967e-01 9.854008913181e-01 9.857404054735e-01 9.860644871673e-01 9.863741652302e-01 9.866703790296e-01 9.869539879864e-01 9.872257799033e-01 9.874864782726e-01 9.877367487072e-01 9.879772046149e-01 9.882084122184e-01 9.884308950067e-01 9.886451376918e-01 9.888515897338e-01 9.890506684885e-01 9.892427620238e-01 9.894282316441e-01 9.896074141586e-01 9.897806239226e-01 9.899481546780e-01 9.901102812154e-01 9.902672608787e-01 9.904193349274e-01 9.905667297747e-01 9.907096581115e-01 9.908483199307e-01 9.909829034611e-01 9.911135860197e-01 9.912405347908e-01 9.913639075402e-01 9.914838532688e-01 9.916005128131e-01 9.917140193967e-01 9.918244991381e-01 9.919320715178e-01 9.920368498098e-01 9.921389414789e-01 9.922384485488e-01 9.923354679419e-01 9.924300917945e-01 9.925224077482e-01 9.926124992212e-01 9.927004456590e-01 9.927863227689e-01 9.928702027367e-01 9.929521544294e-01 9.930322435836e-01 9.931105329815e-01 9.931870826151e-01 9.932619498391e-01 9.933351895147e-01 9.934068541436e-01 9.934769939932e-01 9.935456572143e-01 9.936128899516e-01 9.936787364470e-01 9.937432391363e-01 9.938064387410e-01 9.938683743536e-01 9.939290835184e-01 9.939886023074e-01 9.940469653918e-01 9.941042061092e-01 9.941603565272e-01 9.942154475034e-01 9.942695087416e-01 9.943225688459e-01 9.943746553702e-01 9.944257948669e-01 9.944760129311e-01 9.945253342442e-01 9.945737826138e-01 9.946213810119e-01 9.946681516118e-01 9.947141158220e-01 9.947592943193e-01 9.948037070793e-01 9.948473734064e-01 9.948903119613e-01
1.000000000000e-12 4.010656953990e-01 6.942731748678e-01 7.960777826769e-01 8.470512369337e-01 8.776400230109e-01 8.980331550865e-01 9.125997945505e-01 9.235248032518e-01 9.320220410281e-01 9.388198343107e-01 9.443816663718e-01 9.490165269320e-01 9.529383322555e-01 9.562998797901e-01 9.592132210459e-01 9.617623946766e-01 9.640116655452e-01 9.660110174388e-01 9.677999112446e-01 9.694099156736e-01 9.708665863500e-01 9.721908324210e-01 9.733999266608e-01 9.745082630479e-01 9.755279325246e-01 9.764691658880e-01 9.773406782618e-01 9.781499397519e-01 9.789033901048e-01 9.796066104343e-01 9.802644617104e-01 9.808811972818e-01 9.814605549397e-01 9.820058327355e-01 9.825199518001e-01 9.830055086945e-01 9.834648192702e-01 9.838999556052e-01 9.843127772563e-01 9.847049578249e-01 9.850780076340e-01 9.854332931665e-01 9.857720537905e-01 9.860954162043e-01 9.864044069553e-01 9.866999633259e-01 9.869829428296e-01 9.872541315206e-01 9.875142512855e-01 9.877639662598e-01 9.880038884900e-01 9.882345829421e-01 9.884565719432e-01 9.886703391294e-01 9.888763329634e-01 9.890749698748e-01 9.892666370700e-01 9.894516950515e-01 9.896304798811e-01 9.898033052165e-01 9.899704641473e-01 9.901322308546e-01 9.902888621109e-01 9.904405986404e-01 9.905876663537e-01 9.907302774695e-01 9.908686315371e-01 9.910029163675e-01 9.911333088839e-01 9.912599758998e-01 9.913830748308e-01 9.915027543470e-01 9.916191549724e-01 9.917324096350e-01 9.918426441732e-01 9.919499778025e-01 9.920545235453e-01 9.921563886280e-01 9.922556748479e-01 9.923524789123e-01 9.924468927529e-01 9.925390038169e-01 9.926288953372e-01 9.927166465832e-01 9.928023330940e-01 9.928860268952e-01 9.929677967010e-01 9.930477081021e-01 9.931258237414e-01 9.932022034776e-01 9.932769045383e-01 9.933499816629e-01 9.934214872364e-01 9.934914714148e-01 9.935599822420e-01 9.936270657603e-01 9.936927661133e-01 9.937571256427e-01 9.938201849797e-01 9.938819831299e-01 9.939425575543e-01 9.940019442450e-01 9.940601777960e-01 9.941172914710e-01 9.941733172665e-01 9.942282859716e-01 9.942822272242e-01 9.943351695647e-01 9.943871404861e-01 9.944381664817e-01 9.944882730900e-01 9.945374849374e-01 9.945858257786e-01 9.946333185350e-01 9.946799853303e-01 9.947258475258e-01 9.947709257520e-01 9.948152399406e-01 9.948588093528e-01 9.949016526082e-01
1.000000000000e-12 4.023564709345e-01 6.950024877439e-01 7.965656136737e-01 8.474172236919e-01 8.779328280468e-01 8.982771624954e-01 9.128089446185e-01 9.237078098394e-01 9.321847136540e-01 9.389662397170e-01 9.445147622151e-01 9.491385314645e-01 9.530509518289e-01 9.564044551109e-01 9.593108246802e-01 9.618538980847e-01 9.640977864004e-01 9.660923538023e-01 9.678769667471e-01 9.694831184012e-01 9.709363032335e-01 9.722573803553e-01 9.734635812067e-01 9.745692653211e-01 9.755864947069e-01 9.765254756787e-01 9.773949025046e-01 9.782022274146e-01 9.789538747448e-01 9.796554122529e-01 9.803116892768e-01 9.809269489867e-01 9.815049202294e-01 9.820488931637e-01 9.825617819304e-01 9.830461768767e-01 9.835043883124e-01 9.839384833567e-01 9.843503171168e-01 9.847415591888e-01 9.851137162818e-01 9.854681516084e-01 9.858061015709e-01 9.861286901716e-01 9.864369415011e-01 9.867317905989e-01 9.870140929266e-01 9.872846326573e-01 9.875441299500e-01 9.877932473510e-01 9.880325954421e-01 9.882627378375e-01 9.884841956141e-01 9.886974512509e-01 9.889029521372e-01 9.891011137062e-01 9.892923222377e-01 9.894769373715e-01 9.896552943652e-01 9.898277061258e-01 9.899944650417e-01 9.901558446378e-01 9.903121010722e-01 9.904634744929e-01 9.906101902699e-01 9.907524601143e-01 9.908904830977e-01 9.910244465816e-01 9.911545270659e-01 9.912808909649e-01 9.914036953175e-01 9.915230884381e-01 9.916392105143e-01 9.917521941560e-01 9.918621649006e-01 9.919692416782e-01 9.920735372409e-01 9.921751585583e-01 9.922742071841e-01 9.923707795943e-01 9.924649675006e-01 9.925568581408e-01 9.926465345487e-01 9.927340758041e-01 9.928195572652e-01 9.929030507854e-01 9.929846249143e-01 9.930643450857e-01 9.931422737927e-01 9.932184707505e-01 9.932929930500e-01 9.933658952994e-01 9.934372297586e-01 9.935070464633e-01 9.935753933426e-01 9.936423163286e-01 9.937078594592e-01 9.937720649750e-01 9.938349734096e-01 9.938966236755e-01 9.939570531440e-01 9.940162977210e-01 9.940743919179e-01 9.941313689187e-01 9.941872606433e-01 9.942420978070e-01 9.942959099771e-01 9.943487256254e-01 9.944005721793e-01 9.944514760686e-01 9.945014627707e-01 9.945505568531e-01 9.945987820137e-01 9.946461611188e-01 9.946927162395e-01 9.947384686857e-01 9.947834390389e-01 9.948276471826e-01 9.948711123323e-01 9.949138530629e-01
1.000000000000e-12 4.037434375857e-01 6.957850873190e-01 7.970890641950e-01 8.478099316744e-01 8.782470109642e-01 8.985389849907e-01 9.130333648100e-01 9.239041778011e-01 9.323592630627e-01 9.391233342303e-01 9.446575754296e-01 9.492694435878e-01 9.531717937940e-01 9.565166655100e-01 9.594155543876e-01 9.619520821863e-01 9.641901949671e-01 9.661796285602e-01 9.679596480969e-01 9.695616656836e-01 9.710111101693e-01 9.723287869759e-01 9.735318831916e-01 9.746347213901e-01 9.756493325331e-01 9.765858966654e-01 9.774530856771e-01 9.782583326167e-01 9.790080452846e-01 9.797077771082e-01 9.803623649432e-01 9.809760410385e-01 9.815525246432e-01 9.820950974477e-01 9.826066660920e-01 9.830898142560e-01 9.835468463031e-01 9.839798240319e-01 9.843905977747e-01 9.847808328303e-01 9.851520320295e-01 9.855055550764e-01 9.858426351909e-01 9.861643934820e-01 9.864718514046e-01 9.867659415915e-01 9.870475173023e-01 9.873173606918e-01 9.875761900654e-01 9.878246662641e-01 9.880633982981e-01 9.882929483309e-01 9.885138360982e-01 9.887265428371e-01 9.889315147855e-01 9.891291663072e-01 9.893198826878e-01 9.895040226415e-01 9.896819205628e-01 9.898538885534e-01 9.900202182493e-01 9.901811824710e-01 9.903370367175e-01 9.904880205188e-01 9.906343586647e-01 9.907762623213e-01 9.909139300478e-01 9.910475487236e-01 9.911772943943e-01 9.913033330458e-01 9.914258213127e-01 9.915449071278e-01 9.916607303179e-01 9.917734231514e-01 9.918831108427e-01 9.919899120158e-01 9.920939391325e-01 9.921952988872e-01 9.922940925722e-01 9.923904164150e-01 9.924843618914e-01 9.925760160147e-01 9.926654616049e-01 9.927527775381e-01 9.928380389789e-01 9.929213175954e-01 9.930026817610e-01 9.930821967409e-01 9.931599248675e-01 9.932359257023e-01 9.933102561891e-01 9.933829707957e-01 9.934541216474e-01 9.935237586511e-01 9.935919296127e-01 9.936586803459e-01 9.937240547753e-01 9.937880950327e-01 9.938508415475e-01 9.939123331320e-01 9.939726070614e-01 9.940316991491e-01 9.940896438175e-01 9.941464741654e-01 9.942022220305e-01 9.942569180491e-01 9.943105917122e-01 9.943632714185e-01 9.944149845248e-01 9.944657573928e-01 9.945156154343e-01 9.945645831536e-01 9.946126841876e-01 9.946599413439e-01 9.947063766366e-01 9.947520113207e-01 9.947968659248e-01 9.948409602814e-01 9.948843135563e-01 9.949269442767e-01
1.000000000000e-12 4.052303069139e-01 6.966228469214e-01 7.976493824810e-01 8.482302970033e-01 8.785833206524e-01 8.988192466446e-01 9.132735900436e-01 9.241143751904e-01 9.325461053019e-01 9.392914922934e-01 9.448104464178e-01 9.494095753376e-01 9.533011461839e-01 9.566367784464e-01 9.595276597965e-01 9.620571810082e-01 9.642891115060e-01 9.662730497362e-01 9.680481523691e-01 9.696457447424e-01 9.710911854634e-01 9.724052224840e-01 9.736049954169e-01 9.747047872726e-01 9.757165957804e-01 9.766505728648e-01 9.775153664617e-01 9.783183890875e-01 9.790660308427e-01 9.797638298143e-01 9.804166094975e-01 9.810285904505e-01 9.816034816488e-01 9.821445557179e-01 9.826547112687e-01 9.831365248445e-01 9.835922944432e-01 9.840240761684e-01 9.844337152409e-01 9.848228723599e-01 9.851930462047e-01 9.855455927237e-01 9.858817417301e-01 9.862026112362e-01 9.865092198754e-01 9.868024977042e-01 9.870832956253e-01 9.873523936331e-01 9.876105080488e-01 9.878582978878e-01 9.880963704782e-01 9.883252864306e-01 9.885455640451e-01 9.887576832294e-01 9.889620889889e-01 9.891591945427e-01 9.893493841121e-01 9.895330154205e-01 9.897104219388e-01 9.898819149065e-01 9.900477851539e-01 9.902083047482e-01 9.903637284824e-01 9.905142952248e-01 9.906602291444e-01 9.908017408241e-01 9.909390282745e-01 9.910722778587e-01 9.912016651361e-01 9.913273556341e-01 9.914495055548e-01 9.915682624221e-01 9.916837656765e-01 9.917961472215e-01 9.919055319252e-01 9.920120380841e-01 9.921157778492e-01 9.922168576204e-01 9.923153784100e-01 9.924114361799e-01 9.925051221529e-01 9.925965231023e-01 9.926857216191e-01 9.927727963618e-01 9.928578222869e-01 9.929408708650e-01 9.930220102803e-01 9.931013056180e-01 9.931788190381e-01 9.932546099376e-01 9.933287351032e-01 9.934012488520e-01 9.934722031655e-01 9.935416478126e-01 9.936096304672e-01 9.936761968165e-01 9.937413906638e-01 9.938052540244e-01 9.938678272160e-01 9.939291489439e-01 9.939892563801e-01 9.940481852391e-01 9.941059698484e-01 9.941626432153e-01 9.942182370894e-01 9.942727820225e-01 9.943263074242e-01 9.943788416147e-01 9.944304118751e-01 9.944810444944e-01 9.945307648143e-01 9.945795972713e-01 9.946275654371e-01 9.946746920560e-01 9.947209990816e-01 9.947665077102e-01 9.948112384136e-01 9.948552109694e-01 9.948984444907e-01 9.949409574532e-01
1.000000000000e-12 4.068208524252e-01 6.975176508603e-01 7.982478236389e-01 8.486792609187e-01 8.789425100900e-01 8.991185749368e-01 9.135301581582e-01 9.243388726162e-01 9.327456586903e-01 9.394710903933e-01 9.449737174405e-01 9.495592404528e-01 9.534392986037e-01 9.567650628393e-01 9.596473918984e-01 9.621694298547e-01 9.643947574798e-01 9.663728264896e-01 9.681426777147e-01 9.697355438209e-01 9.711767083955e-01 9.724868580101e-01 9.736830815723e-01 9.747796198383e-01 9.757884350435e-01 9.767196490793e-01 9.775818842979e-01 9.783825312867e-01 9.791279612420e-01 9.798236958669e-01 9.804745443871e-01 9.810847148748e-01 9.816579053330e-01 9.821973787055e-01 9.827060250281e-01 9.831864132217e-01 9.836408344859e-01 9.840713388415e-01 9.844797660507e-01 9.848677718994e-01 9.852368506335e-01 9.855883541898e-01 9.859235087435e-01 9.862434289994e-01 9.865491305771e-01 9.868415407820e-01 9.871215079994e-01 9.873898099160e-01 9.876471607341e-01 9.878942175194e-01 9.881315858033e-01 9.883598245379e-01 9.885794504900e-01 9.887909421476e-01 9.889947431994e-01 9.891912656423e-01 9.893808925609e-01 9.895639806201e-01 9.897408623045e-01 9.899118479328e-01 9.900772274749e-01 9.902372721930e-01 9.903922361265e-01 9.905423574370e-01 9.906878596303e-01 9.908289526662e-01 9.909658339697e-01 9.910986893525e-01 9.912276938546e-01 9.913530125138e-01 9.914748010700e-01 9.915932066107e-01 9.917083681639e-01 9.918204172428e-01 9.919294783462e-01 9.920356694206e-01 9.921391022853e-01 9.922398830252e-01 9.923381123540e-01 9.924338859496e-01 9.925272947650e-01 9.926184253167e-01 9.927073599514e-01 9.927941770948e-01 9.928789514820e-01 9.929617543717e-01 9.930426537468e-01 9.931217144996e-01 9.931989986064e-01 9.932745652885e-01 9.933484711645e-01 9.934207703909e-01 9.934915147954e-01 9.935607539997e-01 9.936285355365e-01 9.936949049580e-01 9.937599059378e-01 9.938235803670e-01 9.938859684441e-01 9.939471087597e-01 9.940070383759e-01 9.940657929016e-01 9.941234065628e-01 9.941799122689e-01 9.942353416759e-01 9.942897252450e-01 9.943430922988e-01 9.943954710738e-01 9.944468887704e-01 9.944973715997e-01 9.945469448285e-01 9.945956328211e-01 9.946434590794e-01 9.946904462804e-01 9.947366163128e-01 9.947819903101e-01 9.948265886835e-01 9.948704311523e-01 9.949135367728e-01 9.949559239664e-01
1.000000000000e-12 4.085189021316e-01 6.984713890746e-01 7.988856460494e-01 8.491577670812e-01 8.793253341877e-01 8.994375989557e-01 9.138036083714e-01 9.245781418934e-01 9.329583426191e-01 9.396625059819e-01 9.451477316358e-01 9.497187534767e-01 9.535865414010e-01 9.569017882972e-01 9.597750023276e-01 9.622890646332e-01 9.645073549191e-01 9.664791685160e-01 9.682434227926e-01 9.698312516451e-01 9.712678587043e-01 9.725738651232e-01 9.737663057675e-01 9.748593763587e-01 9.758650013031e-01 9.767932704828e-01 9.776527789827e-01 9.784508940186e-01 9.791939666382e-01 9.798875010833e-01 9.805362913707e-01 9.811445322652e-01 9.817159100752e-01 9.822536774259e-01 9.827607152136e-01 9.832395842354e-01 9.836925684452e-01 9.841217113808e-01 9.845288469864e-01 9.849156258117e-01 9.852835373772e-01 9.856339293444e-01 9.859680240108e-01 9.862869325560e-01 9.865916673881e-01 9.868831528796e-01 9.871622347333e-01 9.874296881763e-01 9.876862251523e-01 9.879325006493e-01 9.881691182836e-01 9.883966352397e-01 9.886155666502e-01 9.888263894900e-01 9.890295460448e-01 9.892254470082e-01 9.894144742537e-01 9.895969833183e-01 9.897733056349e-01 9.899437505410e-01 9.901086070895e-01 9.902681456849e-01 9.904226195629e-01 9.905722661322e-01 9.907173081917e-01 9.908579550373e-01 9.909944034696e-01 9.911268387127e-01 9.912554352531e-01 9.913803576066e-01 9.915017610206e-01 9.916197921175e-01 9.917345894858e-01 9.918462842224e-01 9.919550004328e-01 9.920608556903e-01 9.921639614605e-01 9.922644234931e-01 9.923623421830e-01 9.924578129058e-01 9.925509263267e-01 9.926417686885e-01 9.927304220778e-01 9.928169646722e-01 9.929014709701e-01 9.929840120054e-01 9.930646555455e-01 9.931434662780e-01 9.932205059827e-01 9.932958336940e-01 9.933695058512e-01 9.934415764398e-01 9.935120971232e-01 9.935811173666e-01 9.936486845522e-01 9.937148440881e-01 9.937796395099e-01 9.938431125761e-01 9.939053033582e-01 9.939662503246e-01 9.940259904204e-01 9.940845591418e-01 9.941419906064e-01 9.941983176198e-01 9.942535717377e-01 9.943077833251e-01 9.943609816118e-01 9.944131947450e-01 9.944644498391e-01 9.945147730224e-01 9.945641894816e-01 9.946127235041e-01 9.946603985173e-01 9.947072371269e-01 9.947532611518e-01 9.947984916591e-01 9.948429489954e-01 9.948866528175e-01 9.949296221215e-01 9.949718752705e-01
1.000000000000e-12 4.103283300340e-01 6.994859512808e-01 7.995641074411e-01 8.496667586268e-01 8.797325474313e-01 8.997769474345e-01 9.140944795962e-01 9.248326545706e-01 9.331845762422e-01 9.398661162976e-01 9.453328319477e-01 9.498884287747e-01 9.537431647592e-01 9.570472242761e-01 9.599107425765e-01 9.624163211177e-01 9.646271257287e-01 9.665922853922e-01 9.683505861493e-01 9.699330568341e-01 9.713648160273e-01 9.726664152953e-01 9.738548320191e-01 9.749442140165e-01 9.759464454546e-01 9.768715821670e-01 9.777281902342e-01 9.785236120111e-01 9.792641771137e-01 9.799553712097e-01 9.806019721382e-01 9.812081605087e-01 9.817776101901e-01 9.823135628315e-01 9.828188896076e-01 9.832961426740e-01 9.837475982774e-01 9.841752930595e-01 9.845810547759e-01 9.849665284065e-01 9.853331984453e-01 9.856824080061e-01 9.860153752618e-01 9.863332076422e-01 9.866369141390e-01 9.869274160055e-01 9.872055560905e-01 9.874721070053e-01 9.877277782909e-01 9.879732227251e-01 9.882090418873e-01 9.884357910818e-01 9.886539837029e-01 9.888640951158e-01 9.890665661137e-01 9.892618060045e-01 9.894501953729e-01 9.896320885561e-01 9.898078158687e-01 9.899776856042e-01 9.901419858402e-01 9.903009860686e-01 9.904549386707e-01 9.906040802539e-01 9.907486328654e-01 9.908888050947e-01 9.910247930784e-01 9.911567814155e-01 9.912849440037e-01 9.914094448036e-01 9.915304385388e-01 9.916480713368e-01 9.917624813185e-01 9.918737991385e-01 9.919821484834e-01 9.920876465296e-01 9.921904043669e-01 9.922905273878e-01 9.923881156488e-01 9.924832642031e-01 9.925760634105e-01 9.926665992226e-01 9.927549534488e-01 9.928412040030e-01 9.929254251324e-01 9.930076876308e-01 9.930880590374e-01 9.931666038210e-01 9.932433835534e-01 9.933184570695e-01 9.933918806181e-01 9.934637080027e-01 9.935339907124e-01 9.936027780452e-01 9.936701172237e-01 9.937360535026e-01 9.938006302706e-01 9.938638891454e-01 9.939258700632e-01 9.939866113625e-01 9.940461498639e-01 9.941045209436e-01 9.941617586044e-01 9.942178955409e-01 9.942729632024e-01 9.943269918514e-01 9.943800106192e-01 9.944320475579e-01 9.944831296904e-01 9.945332830568e-01 9.945825327590e-01 9.946309030022e-01 9.946784171350e-01 9.947250976864e-01 9.947709664022e-01 9.948160442780e-01 9.948603515919e-01 9.949039079343e-01 9.949467322374e-01 9.949888428021e-01
1.000000000000e-12 4.122530464621e-01 7.005632206131e-01 8.002844606294e-01 8.502071749694e-01 8.801649013239e-01 9.001372466200e-01 9.144033086138e-01 9.251028803308e-01 9.334247770555e-01 9.400822970867e-01 9.455293599636e-01 9.500685794686e-01 9.539094577140e-01 9.572016391662e-01 9.600548631426e-01 9.625514341495e-01 9.647542909359e-01 9.667123858661e-01 9.684643655459e-01 9.700411472611e-01 9.714677592912e-01 9.727646793200e-01 9.739488236950e-01 9.750342893726e-01 9.760329177965e-01 9.769547286496e-01 9.778082572175e-01 9.786008194592e-01 9.793387222361e-01 9.800274314946e-01 9.806717078978e-01 9.812757170259e-01 9.818431195401e-01 9.823771454359e-01 9.828806555662e-01 9.833561929115e-01 9.838060255355e-01 9.842321827582e-01 9.846364857644e-01 9.850205736202e-01 9.853859254831e-01 9.857338796383e-01 9.860656498792e-01 9.863823396547e-01 9.866849543290e-01 9.869744118436e-01 9.872515520171e-01 9.875171446834e-01 9.877718968327e-01 9.880164588961e-01 9.882514302903e-01 9.884773643231e-01 9.886947725435e-01 9.889041286075e-01 9.891058717237e-01 9.893004097286e-01 9.894881218386e-01 9.896693611173e-01 9.898444566916e-01 9.900137157467e-01 9.901774253246e-01 9.903358539484e-01 9.904892530921e-01 9.906378585125e-01 9.907818914585e-01 9.909215597697e-01 9.910570588776e-01 9.911885727177e-01 9.913162745624e-01 9.914403277829e-01 9.915608865465e-01 9.916780964556e-01 9.917920951343e-01 9.919030127676e-01 9.920109725974e-01 9.921160913790e-01 9.922184798026e-01 9.923182428821e-01 9.924154803140e-01 9.925102868100e-01 9.926027524050e-01 9.926929627415e-01 9.927809993350e-01 9.928669398191e-01 9.929508581741e-01 9.930328249396e-01 9.931129074115e-01 9.931911698273e-01 9.932676735371e-01 9.933424771645e-01 9.934156367561e-01 9.934872059218e-01 9.935572359656e-01 9.936257760085e-01 9.936928731032e-01 9.937585723417e-01 9.938229169567e-01 9.938859484163e-01 9.939477065132e-01 9.940082294480e-01 9.940675539089e-01 9.941257151451e-01 9.941827470369e-01 9.942386821616e-01 9.942935518553e-01 9.943473862717e-01 9.944002144374e-01 9.944520643037e-01 9.945029627963e-01 9.945529358618e-01 9.946020085117e-01 9.946502048643e-01 9.946975481841e-01 9.947440609193e-01 9.947897647374e-01 9.948346805586e-01 9.948788285881e-01 9.949222283458e-01 9.949648986958e-01 9.950068578733e-01
1.000000000000e-12 4.142969872087e-01 7.017050667529e-01 8.010479489193e-01 8.507799483516e-01 8.806231416260e-01 9.005191179725e-01 9.147306281026e-01 9.253892852670e-01 9.336793593637e-01 9.403114212232e-01 9.457376546601e-01 9.502595162868e-01 9.540857070913e-01 9.573652993059e-01 9.602076126084e-01 9.626946367750e-01 9.648890698782e-01 9.668396770899e-01 9.685849572319e-01 9.701557093630e-01 9.715768660551e-01 9.728688266856e-01 9.740484429143e-01 9.751297577912e-01 9.761245674784e-01 9.770428533437e-01 9.778931180340e-01 9.786826495324e-01 9.794177305826e-01 9.801038062296e-01 9.807456189316e-01 9.813473183399e-01 9.819125511173e-01 9.824445349079e-01 9.829461196247e-01 9.834198385240e-01 9.838679509963e-01 9.842924786016e-01 9.846952355605e-01 9.850778546714e-01 9.854418094355e-01 9.857884330204e-01 9.861189345780e-01 9.864344133376e-01 9.867358708190e-01 9.870242214534e-01 9.873003018480e-01 9.875648788928e-01 9.878186568746e-01 9.880622837371e-01 9.882963566050e-01 9.885214266702e-01 9.887380035255e-01 9.889465590158e-01 9.891475306700e-01 9.893413247652e-01 9.895283190676e-01 9.897088652906e-01 9.898832913026e-01 9.900519031142e-01 9.902149866697e-01 9.903728094653e-01 9.905256220135e-01 9.906736591696e-01 9.908171413362e-01 9.909562755584e-01 9.910912565202e-01 9.912222674537e-01 9.913494809689e-01 9.914730598122e-01 9.915931575613e-01 9.917099192618e-01 9.918234820117e-01 9.919339754980e-01 9.920415224914e-01 9.921462393007e-01 9.922482361929e-01 9.923476177801e-01 9.924444833779e-01 9.925389273356e-01 9.926310393438e-01 9.927209047177e-01 9.928086046609e-01 9.928942165101e-01 9.929778139630e-01 9.930594672890e-01 9.931392435270e-01 9.932172066688e-01 9.932934178298e-01 9.933679354095e-01 9.934408152401e-01 9.935121107266e-01 9.935818729769e-01 9.936501509240e-01 9.937169914405e-01 9.937824394464e-01 9.938465380088e-01 9.939093284373e-01 9.939708503722e-01 9.940311418685e-01 9.940902394738e-01 9.941481783025e-01 9.942049921054e-01 9.942607133351e-01 9.943153732081e-01 9.943690017627e-01 9.944216279145e-01 9.944732795079e-01 9.945239833656e-01 9.945737653350e-01 9.946226503320e-01 9.946706623826e-01 9.947178246624e-01 9.947641595338e-01 9.948096885813e-01 9.948544326453e-01 9.948984118534e-01 9.949416456513e-01 9.949841528307e-01 9.950259515571e-01
1.000000000000e-12 4.164641014015e-01 7.029133385496e-01 8.018558011727e-01 8.513860001448e-01 8.811080053963e-01 9.009231756992e-01 9.150769645238e-01 9.256923300320e-01 9.339487326357e-01 9.405538572292e-01 9.459580510569e-01 9.504615463307e-01 9.542721963695e-01 9.575384679253e-01 9.603692366553e-01 9.628461593202e-01 9.650316793333e-01 9.669743637980e-01 9.687125551662e-01 9.702769274008e-01 9.716923118055e-01 9.729790249019e-01 9.741538499039e-01 9.752307728230e-01 9.762215419089e-01 9.771360979885e-01 9.779829091735e-01 9.787692338454e-01 9.795013292297e-01 9.801846182551e-01 9.808238241176e-01 9.814230796138e-01 9.819860165951e-01 9.825158396363e-01 9.830153870752e-01 9.834871818786e-01 9.839334742602e-01 9.843562775691e-01 9.847573986570e-01 9.851384636906e-01 9.855009401859e-01 9.858461558958e-01 9.861753150610e-01 9.864895124459e-01 9.867897455027e-01 9.870769249483e-01 9.873518839919e-01 9.876153864087e-01 9.878681336249e-01 9.881107709524e-01 9.883438930906e-01 9.885680489927e-01 9.887837461815e-01 9.889914545855e-01 9.891916099567e-01 9.893846169218e-01 9.895708517126e-01 9.897506646141e-01 9.899243821630e-01 9.900923091270e-01 9.902547302888e-01 9.904119120583e-01 9.905641039304e-01 9.907115398065e-01 9.908544391941e-01 9.909930082972e-01 9.911274410092e-01 9.912579198179e-01 9.913846166321e-01 9.915076935374e-01 9.916273034876e-01 9.917435909391e-01 9.918566924331e-01 9.919667371300e-01 9.920738473016e-01 9.921781387844e-01 9.922797213976e-01 9.923786993284e-01 9.924751714888e-01 9.925692318452e-01 9.926609697237e-01 9.927504700929e-01 9.928378138267e-01 9.929230779478e-01 9.930063358543e-01 9.930876575304e-01 9.931671097427e-01 9.932447562229e-01 9.933206578384e-01 9.933948727513e-01 9.934674565672e-01 9.935384624741e-01 9.936079413722e-01 9.936759419959e-01 9.937425110275e-01 9.938076932043e-01 9.938715314187e-01 9.939340668124e-01 9.939953388648e-01 9.940553854762e-01 9.941142430457e-01 9.941719465453e-01 9.942285295885e-01 9.942840244963e-01 9.943384623583e-01 9.943918730907e-01 9.944442854918e-01 9.944957272928e-01 9.945462252075e-01 9.945958049783e-01 9.946444914200e-01 9.946923084609e-01 9.947392791825e-01 9.947854258563e-01 9.948307699793e-01 9.948753323070e-01 9.949191328856e-01 9.949621910815e-01 9.950045256102e-01 9.950461545635e-01
1.000000000000e-12 4.187583380629e-01 7.041898561425e-01 8.027092265484e-01 8.520262369038e-01 8.816202178342e-01 9.013500241240e-01 9.154428358669e-01 9.260124678658e-01 9.342332997510e-01 9.408099676961e-01 9.461908787827e-01 9.506749717599e-01 9.544692044652e-01 9.577214040180e-01 9.605399770107e-01 9.630062284047e-01 9.651823325901e-01 9.671166474299e-01 9.688473501863e-01 9.704049826700e-01 9.718142692049e-01 9.730954387833e-01 9.742652023123e-01 9.753374855477e-01 9.763239861247e-01 9.772346020421e-01 9.780777649289e-01 9.788607018952e-01 9.795896432089e-01 9.802699884350e-01 9.809064404207e-01 9.815031141574e-01 9.820636258495e-01 9.825911662656e-01 9.830885615151e-01 9.835583236952e-01 9.840026933250e-01 9.844236750796e-01 9.848230680262e-01 9.852024913255e-01 9.855634061712e-01 9.859071345957e-01 9.862348756516e-01 9.865477193868e-01 9.868466589560e-01 9.871326011526e-01 9.874063755961e-01 9.876687427712e-01 9.879204010820e-01 9.881619930603e-01 9.883941108435e-01 9.886173010195e-01 9.888320689248e-01 9.890388824633e-01 9.892381755094e-01 9.894303509467e-01 9.896157833862e-01 9.897948216037e-01 9.899677907291e-01 9.901349942169e-01 9.902967156232e-01 9.904532202099e-01 9.906047563971e-01 9.907515570784e-01 9.908938408156e-01 9.910318129245e-01 9.911656664629e-01 9.912955831326e-01 9.914217341017e-01 9.915442807574e-01 9.916633753946e-01 9.917791618474e-01 9.918917760687e-01 9.920013466624e-01 9.921079953735e-01 9.922118375397e-01 9.923129825067e-01 9.924115340130e-01 9.925075905445e-01 9.926012456627e-01 9.926925883088e-01 9.927817030855e-01 9.928686705183e-01 9.929535672978e-01 9.930364665061e-01 9.931174378258e-01 9.931965477358e-01 9.932738596933e-01 9.933494343035e-01 9.934233294779e-01 9.934956005826e-01 9.935663005762e-01 9.936354801399e-01 9.937031877980e-01 9.937694700317e-01 9.938343713856e-01 9.938979345672e-01 9.939602005410e-01 9.940212086163e-01 9.940809965302e-01 9.941396005249e-01 9.941970554217e-01 9.942533946895e-01 9.943086505098e-01 9.943628538382e-01 9.944160344624e-01 9.944682210562e-01 9.945194412316e-01 9.945697215873e-01 9.946190877547e-01 9.946675644416e-01 9.947151754734e-01 9.947619438320e-01 9.948078916931e-01 9.948530404610e-01 9.948974108019e-01 9.949410226753e-01 9.949838953645e-01 9.950260475043e-01 9.950674971085e-01
1.000000000000e-12 4.211836313178e-01 7.055364025968e-01 8.036094089242e-01 8.527015461832e-01 8.821604889340e-01 9.018002548985e-01 9.158287492590e-01 9.263501425037e-01 9.345334551409e-01 9.410801076118e-01 9.464364605536e-01 9.509000883975e-01 9.546770044458e-01 9.579143611468e-01 9.607200703333e-01 9.631750658959e-01 9.653412384650e-01 9.672667252011e-01 9.689895291278e-01 9.705400526647e-01 9.719429072952e-01 9.732182296878e-01 9.743826544818e-01 9.754500438769e-01 9.764320421207e-01 9.773385020384e-01 9.781778167771e-01 9.789571804632e-01 9.796827949297e-01 9.803600350984e-01 9.809935823531e-01 9.815875329044e-01 9.821454864527e-01 9.826706192040e-01 9.831657443695e-01 9.836333625814e-01 9.840757041332e-01 9.844947645507e-01 9.848923346904e-01 9.852700263231e-01 9.856292939738e-01 9.859714536410e-01 9.862976989052e-01 9.866091148392e-01 9.869066900649e-01 9.871913272374e-01 9.874638521898e-01 9.877250219359e-01 9.879755316923e-01 9.882160210584e-01 9.884470794690e-01 9.886692510177e-01 9.888830387344e-01 9.890889083874e-01 9.892872918713e-01 9.894785902307e-01 9.896631763670e-01 9.898413974641e-01 9.900135771681e-01 9.901800175487e-01 9.903410008675e-01 9.904967911761e-01 9.906476357606e-01 9.907937664519e-01 9.909354008141e-01 9.910727432261e-01 9.912059858645e-01 9.913353096018e-01 9.914608848249e-01 9.915828721846e-01 9.917014232806e-01 9.918166812905e-01 9.919287815468e-01 9.920378520665e-01 9.921440140389e-01 9.922473822753e-01 9.923480656223e-01 9.924461673451e-01 9.925417854800e-01 9.926350131615e-01 9.927259389249e-01 9.928146469868e-01 9.929012175051e-01 9.929857268205e-01 9.930682476814e-01 9.931488494526e-01 9.932275983094e-01 9.933045574195e-01 9.933797871115e-01 9.934533450324e-01 9.935252862958e-01 9.935956636187e-01 9.936645274508e-01 9.937319260949e-01 9.937979058202e-01 9.938625109679e-01 9.939257840507e-01 9.939877658461e-01 9.940484954840e-01 9.941080105292e-01 9.941663470586e-01 9.942235397345e-01 9.942796218730e-01 9.943346255088e-01 9.943885814564e-01 9.944415193672e-01 9.944934677843e-01 9.945444541937e-01 9.945945050727e-01 9.946436459356e-01 9.946919013777e-01 9.947392951153e-01 9.947858500258e-01 9.948315881835e-01 9.948765308949e-01 9.949206987321e-01 9.949641115634e-01 9.950067885841e-01 9.950487483439e-01 9.950900087743e-01
1.000000000000e-12 4.237438842205e-01 7.069547150775e-01 8.045575010160e-01 8.534127921278e-01 8.827295099566e-01 9.022744440619e-01 9.162351984450e-01 9.267057859716e-01 9.348495828279e-01 9.413646225965e-01 9.466951105697e-01 9.511371842603e-01 9.548958621728e-01 9.581175861832e-01 9.609097470362e-01 9.633528878063e-01 9.655086002639e-01 9.674247891228e-01 9.691392738960e-01 9.706823101947e-01 9.720783906573e-01 9.733475547153e-01 9.745063566821e-01 9.755685918189e-01 9.765458481451e-01 9.774479309080e-01 9.782831927257e-01 9.790587929850e-01 9.797809035714e-01 9.804548734522e-01 9.810853614051e-01 9.816764438611e-01 9.822317031379e-01 9.827543001043e-01 9.832470343870e-01 9.837123945429e-01 9.841526000957e-01 9.845696369353e-01 9.849652872702e-01 9.853411550885e-01 9.856986878912e-01 9.860391953223e-01 9.863638651985e-01 9.866737773531e-01 9.869699156341e-01 9.872531783377e-01 9.875243873092e-01 9.877842959070e-01 9.880335959905e-01 9.882729240707e-01 9.885028667360e-01 9.887239654526e-01 9.889367208214e-01 9.891415963617e-01 9.893390218824e-01 9.895293964917e-01 9.897130912901e-01 9.898904517851e-01 9.900618000599e-01 9.902274367255e-01 9.903876426809e-01 9.905426807021e-01 9.906927968815e-01 9.908382219302e-01 9.909791723620e-01 9.911158515687e-01 9.912484507990e-01 9.913771500520e-01 9.915021188918e-01 9.916235171933e-01 9.917414958244e-01 9.918561972713e-01 9.919677562128e-01 9.920763000477e-01 9.921819493804e-01 9.922848184675e-01 9.923850156303e-01 9.924826436350e-01 9.925778000447e-01 9.926705775442e-01 9.927610642411e-01 9.928493439455e-01 9.929354964281e-01 9.930195976611e-01 9.931017200416e-01 9.931819325992e-01 9.932603011900e-01 9.933368886765e-01 9.934117550959e-01 9.934849578170e-01 9.935565516872e-01 9.936265891688e-01 9.936951204681e-01 9.937621936546e-01 9.938278547740e-01 9.938921479535e-01 9.939551155003e-01 9.940167979952e-01 9.940772343791e-01 9.941364620353e-01 9.941945168667e-01 9.942514333680e-01 9.943072446945e-01 9.943619827263e-01 9.944156781289e-01 9.944683604107e-01 9.945200579769e-01 9.945707981809e-01 9.946206073719e-01 9.946695109412e-01 9.947175333652e-01 9.947646982458e-01 9.948110283498e-01 9.948565456450e-01 9.949012713351e-01 9.949452258925e-01 9.949884290900e-01 9.950309000299e-01 9.950726571725e-01 9.951137183628e-01
1.000000000000e-12 4.264429511852e-01 7.084464755891e-01 8.055546182162e-01 8.541608108515e-01 8.833279497331e-01 9.027731489613e-01 9.166626611475e-01 9.270798162756e-01 9.351820543726e-01 9.416638470545e-01 9.469671328350e-01 9.513865380184e-01 9.551260348804e-01 9.583313179873e-01 9.611092300557e-01 9.635399031385e-01 9.656846146950e-01 9.675910249750e-01 9.692967604931e-01 9.708319224622e-01 9.722208785312e-01 9.734835658679e-01 9.746364543064e-01 9.756932687089e-01 9.766655379595e-01 9.775630172680e-01 9.783940166279e-01 9.791656588908e-01 9.798840844460e-01 9.805546149642e-01 9.811818854491e-01 9.817699515286e-01 9.823223772398e-01 9.828423073209e-01 9.833325271116e-01 9.837955124696e-01 9.842334715920e-01 9.846483802343e-01 9.850420115103e-01 9.854159612225e-01 9.857716694854e-01 9.861104392595e-01 9.864334523000e-01 9.867417829295e-01 9.870364099755e-01 9.873182271500e-01 9.875880521042e-01 9.878466343520e-01 9.880946622224e-01 9.883327689779e-01 9.885615382137e-01 9.887815086326e-01 9.889931782811e-01 9.891970083129e-01 9.893934263436e-01 9.895828294446e-01 9.897655868227e-01 9.899420422223e-01 9.901125160830e-01 9.902773074816e-01 9.904366958835e-01 9.905909427241e-01 9.907402928396e-01 9.908849757640e-01 9.910252069061e-01 9.911611886196e-01 9.912931111776e-01 9.914211536602e-01 9.915454847666e-01 9.916662635557e-01 9.917836401253e-01 9.918977562347e-01 9.920087458753e-01 9.921167357959e-01 9.922218459853e-01 9.923241901170e-01 9.924238759597e-01 9.925210057551e-01 9.926156765683e-01 9.927079806112e-01 9.927980055419e-01 9.928858347426e-01 9.929715475771e-01 9.930552196297e-01 9.931369229282e-01 9.932167261499e-01 9.932946948149e-01 9.933708914647e-01 9.934453758303e-01 9.935182049877e-01 9.935894335043e-01 9.936591135749e-01 9.937272951494e-01 9.937940260521e-01 9.938593520936e-01 9.939233171760e-01 9.939859633907e-01 9.940473311112e-01 9.941074590797e-01 9.941663844890e-01 9.942241430584e-01 9.942807691068e-01 9.943362956203e-01 9.943907543163e-01 9.944441757038e-01 9.944965891405e-01 9.945480228869e-01 9.945985041564e-01 9.946480591642e-01 9.946967131718e-01 9.947444905306e-01 9.947914147223e-01 9.948375083973e-01 9.948827934114e-01 9.949272908600e-01 9.949710211112e-01 9.950140038367e-01 9.950562580415e-01 9.950978020916e-01 9.951386537408e-01
1.000000000000e-12 4.292846190246e-01 7.100133013197e-01 8.066018321736e-01 8.549464056249e-01 8.839564508150e-01 9.032969050428e-01 9.171115963167e-01 9.274726349960e-01 9.355312267349e-01 9.419781022496e-01 9.472528194072e-01 9.516484173915e-01 9.553677696942e-01 9.585557860329e-01 9.613187335674e-01 9.637363126821e-01 9.658694707369e-01 9.677656112373e-01 9.694621580052e-01 9.709890500989e-01 9.723705238997e-01 9.736264091742e-01 9.747730870343e-01 9.758242084065e-01 9.767912400692e-01 9.776838846812e-01 9.785104074703e-01 9.792778929174e-01 9.799924483337e-01 9.806593667224e-01 9.812832581183e-01 9.818681563020e-01 9.824176061109e-01 9.829347353428e-01 9.834223143330e-01 9.838828056015e-01 9.843184054500e-01 9.847310789908e-01 9.851225897859e-01 9.854945250412e-01 9.858483171133e-01 9.861852619440e-01 9.865065349220e-01 9.868132045828e-01 9.871062444810e-01 9.873865435140e-01 9.876549149286e-01 9.879121042009e-01 9.881587959519e-01 9.883956200329e-01 9.886231568950e-01 9.888419423393e-01 9.890524717291e-01 9.892552037341e-01 9.894505636662e-01 9.896389464579e-01 9.898207193271e-01 9.899962241663e-01 9.901657796889e-01 9.903296833607e-01 9.904882131417e-01 9.906416290588e-01 9.907901746292e-01 9.909340781507e-01 9.910735538714e-01 9.912088030552e-01 9.913400149499e-01 9.914673676712e-01 9.915910290093e-01 9.917111571663e-01 9.918279014316e-01 9.919414028006e-01 9.920517945430e-01 9.921592027249e-01 9.922637466886e-01 9.923655394953e-01 9.924646883330e-01 9.925612948929e-01 9.926554557170e-01 9.927472625205e-01 9.928368024894e-01 9.929241585566e-01 9.930094096583e-01 9.930926309719e-01 9.931738941370e-01 9.932532674610e-01 9.933308161108e-01 9.934066022914e-01 9.934806854117e-01 9.935531222405e-01 9.936239670510e-01 9.936932717570e-01 9.937610860392e-01 9.938274574643e-01 9.938924315962e-01 9.939560521004e-01 9.940183608417e-01 9.940793979759e-01 9.941392020368e-01 9.941978100164e-01 9.942552574420e-01 9.943115784475e-01 9.943668058412e-01 9.944209711696e-01 9.944741047775e-01 9.945262358646e-01 9.945773925387e-01 9.946276018671e-01 9.946768899233e-01 9.947252818331e-01 9.947728018166e-01 9.948194732289e-01 9.948653185986e-01 9.949103596635e-01 9.949546174056e-01 9.949981120831e-01 9.950408632619e-01 9.950828898444e-01 9.951242100978e-01 9.951648416804e-01
1.000000000000e-12 4.322725866148e-01 7.116567346361e-01 8.077001641498e-01 8.557703418936e-01 8.846156254894e-01 9.038462225310e-01 9.175824412844e-01 9.278846247968e-01 9.358974400600e-01 9.423076943122e-01 9.475524485868e-01 9.519230774882e-01 9.556213020991e-01 9.587912089847e-01 9.615384616582e-01 9.639423077687e-01 9.660633484664e-01 9.679487179823e-01 9.696356275534e-01 9.711538461700e-01 9.725274725390e-01 9.737762237845e-01 9.749163879660e-01 9.759615384661e-01 9.769230769265e-01 9.778106508902e-01 9.786324786345e-01 9.793956043971e-01 9.801061007970e-01 9.807692307702e-01 9.813895781645e-01 9.819711538468e-01 9.825174825180e-01 9.830316742085e-01 9.835164835168e-01 9.839743589746e-01 9.844074844077e-01 9.848178137654e-01 9.852071005919e-01 9.855769230771e-01 9.859287054410e-01 9.862637362638e-01 9.865831842577e-01 9.868881118882e-01 9.871794871795e-01 9.874581939800e-01 9.877250409166e-01 9.879807692308e-01 9.882260596547e-01 9.884615384616e-01 9.886877828055e-01 9.889053254438e-01 9.891146589260e-01 9.893162393163e-01 9.895104895105e-01 9.896978021978e-01 9.898785425101e-01 9.900530503979e-01 9.902216427640e-01 9.903846153846e-01 9.905422446406e-01 9.906947890819e-01 9.908424908425e-01 9.909855769231e-01 9.911242603550e-01 9.912587412587e-01 9.913892078071e-01 9.915158371041e-01 9.916387959866e-01 9.917582417582e-01 9.918743228602e-01 9.919871794872e-01 9.920969441517e-01 9.922037422037e-01 9.923076923077e-01 9.924089068826e-01 9.925074925075e-01 9.926035502959e-01 9.926971762415e-01 9.927884615385e-01 9.928774928775e-01 9.929643527205e-01 9.930491195551e-01 9.931318681319e-01 9.932126696833e-01 9.932915921288e-01 9.933687002653e-01 9.934440559441e-01 9.935177182368e-01 9.935897435897e-01 9.936601859679e-01 9.937290969900e-01 9.937965260546e-01 9.938625204583e-01 9.939271255061e-01 9.939903846154e-01 9.940523394132e-01 9.941130298273e-01 9.941724941725e-01 9.942307692308e-01 9.942878903275e-01 9.943438914027e-01 9.943988050784e-01 9.944526627219e-01 9.945054945055e-01 9.945573294630e-01 9.946081955428e-01 9.946581196581e-01 9.947071277347e-01 9.947552447552e-01 9.948024948025e-01 9.948489010989e-01 9.948944860449e-01 9.949392712551e-01 9.949832775920e-01 9.950265251989e-01 9.950690335306e-01 9.951108213820e-01 9.951519069166e-01 9.951923076923e-01
1.000000000000e-12 4.354104432321e-01 7.133782327841e-01 8.088505781864e-01 8.566333421570e-01 8.853060516819e-01 9.044215830157e-01 9.180756088374e-01 9.283161468652e-01 9.362810154027e-01 9.426529121916e-01 9.478662830547e-01 9.522107590994e-01 9.558868543637e-01 9.590377932348e-01 9.617686069607e-01 9.641580689913e-01 9.662664178532e-01 9.681405057372e-01 9.698173212163e-01 9.713264551499e-01 9.726918620438e-01 9.739331410393e-01 9.750664827314e-01 9.761053792830e-01 9.770611641108e-01 9.779434270290e-01 9.787603371385e-01 9.795188965261e-01 9.802251414732e-01 9.808843034239e-01 9.815009387971e-01 9.820790344596e-01 9.826220940213e-01 9.831332089030e-01 9.836151172200e-01 9.840702528527e-01 9.845007865594e-01 9.849086605972e-01 9.852956180178e-01 9.856632275673e-01 9.860129049437e-01 9.863459310165e-01 9.866634675045e-01 9.869665705157e-01 9.872562022820e-01 9.875332413628e-01 9.877984915466e-01 9.880526896394e-01 9.882965122998e-01 9.885305820538e-01 9.887554726018e-01 9.889717135133e-01 9.891797943904e-01 9.893801685683e-01 9.895732564125e-01 9.897594482623e-01 9.899391070647e-01 9.901125707360e-01 9.902801542829e-01 9.904421517115e-01 9.905988377490e-01 9.907504693982e-01 9.908972873443e-01 9.910395172295e-01 9.911773708106e-01 9.913110470104e-01 9.914407328759e-01 9.915666044513e-01 9.916888275752e-01 9.918075586098e-01 9.919229451083e-01 9.920351264262e-01 9.921442342834e-01 9.922503932796e-01 9.923537213692e-01 9.924543302985e-01 9.925523260089e-01 9.926478090088e-01 9.927408747176e-01 9.928316137836e-01 9.929201123789e-01 9.930064524718e-01 9.930907120806e-01 9.931729655082e-01 9.932532835610e-01 9.933317337522e-01 9.934083804907e-01 9.934832852578e-01 9.935565067718e-01 9.936281011410e-01 9.936981220076e-01 9.937666206814e-01 9.938336462655e-01 9.938992457733e-01 9.939634642388e-01 9.940263448197e-01 9.940879288937e-01 9.941482561499e-01 9.942073646736e-01 9.942652910269e-01 9.943220703237e-01 9.943777363009e-01 9.944323213853e-01 9.944858567566e-01 9.945383724066e-01 9.945898971952e-01 9.946404589036e-01 9.946900842842e-01 9.947387991072e-01 9.947866282063e-01 9.948335955197e-01 9.948797241311e-01 9.949250363070e-01 9.949695535324e-01 9.950132965451e-01 9.950562853680e-01 9.950985393392e-01 9.951400771414e-01 9.951809168293e-01 9.952210758557e-01
1.000000000000e-12 4.387016456293e-01 7.151791573589e-01 8.100539741274e-01 8.575360807382e-01 8.860282687735e-01 9.050234359649e-01 9.185914842298e-01 9.287675382971e-01 9.366822524035e-01 9.430140255638e-01 9.481945679709e-01 9.525116869550e-01 9.561646339308e-01 9.592957314087e-01 9.620093492589e-01 9.643837648973e-01 9.664788375304e-01 9.683411243217e-01 9.700073809283e-01 9.715070118765e-01 9.728638208312e-01 9.740972835183e-01 9.752234885810e-01 9.762558432223e-01 9.772056094925e-01 9.780823168191e-01 9.788940828624e-01 9.796478656169e-01 9.803496633540e-01 9.810046745754e-01 9.816174270083e-01 9.821918824141e-01 9.827315223409e-01 9.832394187426e-01 9.837182924927e-01 9.841705621457e-01 9.845983847903e-01 9.850036904537e-01 9.853882112113e-01 9.857535059310e-01 9.861009813961e-01 9.864319104104e-01 9.867474473776e-01 9.870486417554e-01 9.873364497164e-01 9.876117442878e-01 9.878753241965e-01 9.881279216091e-01 9.883702089232e-01 9.886028047447e-01 9.888262791615e-01 9.890411584084e-01 9.892479290044e-01 9.894470414303e-01 9.896389134043e-01 9.898239328078e-01 9.900024603024e-01 9.901748316765e-01 9.903413599531e-01 9.905023372873e-01 9.906580366760e-01 9.908087135038e-01 9.909546069402e-01 9.910959412068e-01 9.912329267267e-01 9.913657611702e-01 9.914946304065e-01 9.916197093711e-01 9.917411628585e-01 9.918591462462e-01 9.919738061582e-01 9.920852810727e-01 9.921937018799e-01 9.922991923951e-01 9.924018698298e-01 9.925018452268e-01 9.925992238602e-01 9.926941056056e-01 9.927865852815e-01 9.928767529654e-01 9.929646942869e-01 9.930504906980e-01 9.931342197257e-01 9.932159552052e-01 9.932957674969e-01 9.933737236888e-01 9.934498877843e-01 9.935243208777e-01 9.935970813172e-01 9.936682248582e-01 9.937378048048e-01 9.938058721439e-01 9.938724756692e-01 9.939376620982e-01 9.940014761814e-01 9.940639608045e-01 9.941251570849e-01 9.941851044616e-01 9.942438407802e-01 9.943014023724e-01 9.943578241310e-01 9.944131395807e-01 9.944673809440e-01 9.945205792042e-01 9.945727641641e-01 9.946239645022e-01 9.946742078246e-01 9.947235207151e-01 9.947719287820e-01 9.948194567021e-01 9.948661282634e-01 9.949119664039e-01 9.949569932499e-01 9.950012301512e-01 9.950446977151e-01 9.950874158382e-01 9.951294037370e-01 9.951706799766e-01 9.952112624978e-01 9.952511686436e-01
1.000000000000e-12 4.421494939467e-01 7.170607636192e-01 8.113111805452e-01 8.584791784821e-01 8.867827733592e-01 9.056521951910e-01 9.191304221536e-01 9.292391094467e-01 9.371014269319e-01 9.433912827113e-01 9.485375290467e-01 9.528260679569e-01 9.564548317869e-01 9.595652008509e-01 9.622608540742e-01 9.646195506631e-01 9.667007535462e-01 9.685507116705e-01 9.702059373644e-01 9.716956404911e-01 9.730434671310e-01 9.742687640772e-01 9.753875134636e-01 9.764130337348e-01 9.773565123845e-01 9.782274157538e-01 9.790338077624e-01 9.797826003420e-01 9.804797520541e-01 9.811304269855e-01 9.817391228890e-01 9.823097752986e-01 9.828458427137e-01 9.833503767515e-01 9.838260802728e-01 9.842753558208e-01 9.847003462039e-01 9.851029686722e-01 9.854849438345e-01 9.858478202386e-01 9.861929953547e-01 9.865217335605e-01 9.868351816173e-01 9.871343820350e-01 9.874202846565e-01 9.876937567291e-01 9.879555916924e-01 9.882065168654e-01 9.884472001947e-01 9.886782561908e-01 9.889002511675e-01 9.891137078758e-01 9.893191096140e-01 9.895169038804e-01 9.897075056280e-01 9.898913001704e-01 9.900686457814e-01 9.902398760265e-01 9.904053018566e-01 9.905652134923e-01 9.907198821236e-01 9.908695614442e-01 9.910144890403e-01 9.911548876491e-01 9.912909663006e-01 9.914229213567e-01 9.915509374558e-01 9.916751883756e-01 9.917958378194e-01 9.919130401363e-01 9.920269409794e-01 9.921376779103e-01 9.922453809526e-01 9.923501731019e-01 9.924521707939e-01 9.925514843360e-01 9.926482183057e-01 9.927424719172e-01 9.928343393613e-01 9.929239101192e-01 9.930112692536e-01 9.930964976773e-01 9.931796724041e-01 9.932608667802e-01 9.933401507005e-01 9.934175908086e-01 9.934932506844e-01 9.935671910175e-01 9.936394697701e-01 9.937101423282e-01 9.937792616433e-01 9.938468783646e-01 9.939130409628e-01 9.939777958462e-01 9.940411874688e-01 9.941032584327e-01 9.941640495829e-01 9.942236000973e-01 9.942819475711e-01 9.943391280954e-01 9.943951763321e-01 9.944501255837e-01 9.945040078596e-01 9.945568539379e-01 9.946086934242e-01 9.946595548070e-01 9.947094655097e-01 9.947584519402e-01 9.948065395371e-01 9.948537528140e-01 9.949001154012e-01 9.949456500852e-01 9.949903788455e-01 9.950343228907e-01 9.950775026916e-01 9.951199380133e-01 9.951616479448e-01 9.952026509283e-01 9.952429647860e-01 9.952826067462e-01
1.000000000000e-12 4.457571065828e-01 7.190241897267e-01 8.126229476251e-01 8.594631974229e-01 8.875700149830e-01 9.063082352972e-01 9.196927436926e-01 9.297311412605e-01 9.375387887179e-01 9.437849083908e-01 9.488953706061e-01 9.531540894023e-01 9.567576208216e-01 9.598463621018e-01 9.625232712442e-01 9.648655667615e-01 9.669322981103e-01 9.687693926483e-01 9.704131088174e-01 9.718924533717e-01 9.732309079698e-01 9.744476848780e-01 9.755586550992e-01 9.765770444690e-01 9.775139626894e-01 9.783788102777e-01 9.791795950818e-01 9.799231809714e-01 9.806154850756e-01 9.812616355729e-01 9.818660989414e-01 9.824327833494e-01 9.829651232478e-01 9.834661490346e-01 9.839385447764e-01 9.843846963103e-01 9.848067315452e-01 9.852065543992e-01 9.855858735172e-01 9.859462266792e-01 9.862890016382e-01 9.866154539802e-01 9.869267224923e-01 9.872238424356e-01 9.875077570481e-01 9.877793275471e-01 9.880393418546e-01 9.882885222326e-01 9.885275319830e-01 9.887569813433e-01 9.889774326895e-01 9.891894051378e-01 9.893933786258e-01 9.895897975401e-01 9.897790739485e-01 9.899615904851e-01 9.901377029327e-01 9.903077425373e-01 9.904720180875e-01 9.906308177861e-01 9.907844109371e-01 9.909330494704e-01 9.910769693201e-01 9.912163916744e-01 9.913515241102e-01 9.914825616237e-01 9.916096875696e-01 9.917330745171e-01 9.918528850314e-01 9.919692723881e-01 9.920823812277e-01 9.921923481551e-01 9.922993022899e-01 9.924033657725e-01 9.925046542289e-01 9.926032771995e-01 9.926993385346e-01 9.927929367585e-01 9.928841654071e-01 9.929731133396e-01 9.930598650267e-01 9.931445008191e-01 9.932270971948e-01 9.933077269900e-01 9.933864596137e-01 9.934633612461e-01 9.935384950249e-01 9.936119212178e-01 9.936836973839e-01 9.937538785240e-01 9.938225172216e-01 9.938896637735e-01 9.939553663136e-01 9.940196709273e-01 9.940826217596e-01 9.941442611163e-01 9.942046295584e-01 9.942637659915e-01 9.943217077491e-01 9.943784906716e-01 9.944341491798e-01 9.944887163448e-01 9.945422239531e-01 9.945947025689e-01 9.946461815920e-01 9.946966893129e-01 9.947462529641e-01 9.947948987700e-01 9.948426519923e-01 9.948895369742e-01 9.949355771817e-01 9.949807952425e-01 9.950252129838e-01 9.950688514664e-01 9.951117310188e-01 9.951538712687e-01 9.951952911723e-01 9.952360090438e-01 9.952760425812e-01 9.953154088930e-01
1.000000000000e-12 4.495273941817e-01 7.210704460020e-01 8.139899400677e-01 8.604886354666e-01 8.883903918844e-01 9.069918881318e-01 9.202787332834e-01 9.302438826194e-01 9.379945589883e-01 9.441951017060e-01 9.492682736525e-01 9.534959172107e-01 9.570731541914e-01 9.601393573783e-01 9.627967335048e-01 9.651219376323e-01 9.671735883425e-01 9.689972778682e-01 9.706290000787e-01 9.720975500701e-01 9.734262381590e-01 9.746341364223e-01 9.757370000547e-01 9.767479583847e-01 9.776780400486e-01 9.785365769692e-01 9.793315185626e-01 9.800696786136e-01 9.807569310750e-01 9.813983667057e-01 9.819984193924e-01 9.825609687863e-01 9.830894242776e-01 9.835867941517e-01 9.840557428902e-01 9.844986389210e-01 9.849175946258e-01 9.853145000303e-01 9.856910513116e-01 9.860487750288e-01 9.863890488085e-01 9.867131190750e-01 9.870221163058e-01 9.873170682079e-01 9.875989111366e-01 9.878685000250e-01 9.881266170457e-01 9.883739791906e-01 9.886112449214e-01 9.888390200230e-01 9.890578627676e-01 9.892682884836e-01 9.894707736066e-01 9.896657592805e-01 9.898536545663e-01 9.900348393062e-01 9.902096666868e-01 9.903784655370e-01 9.905415423923e-01 9.906991833525e-01 9.908516557565e-01 9.909992096959e-01 9.911420793833e-01 9.912804843929e-01 9.914146307869e-01 9.915447121386e-01 9.916709104649e-01 9.917933970757e-01 9.919123333500e-01 9.920278714450e-01 9.921401549457e-01 9.922493194604e-01 9.923554931664e-01 9.924587973128e-01 9.925593466820e-01 9.926572500151e-01 9.927526104045e-01 9.928455256557e-01 9.929360886221e-01 9.930243875143e-01 9.931105061870e-01 9.931945244042e-01 9.932765180861e-01 9.933565595375e-01 9.934347176605e-01 9.935110581529e-01 9.935856436913e-01 9.936585341039e-01 9.937297865297e-01 9.937994555683e-01 9.938675934192e-01 9.939342500125e-01 9.939994731306e-01 9.940633085228e-01 9.941258000121e-01 9.941869895953e-01 9.942469175376e-01 9.943056224607e-01 9.943631414257e-01 9.944195100115e-01 9.944747623876e-01 9.945289313838e-01 9.945820485548e-01 9.946341442418e-01 9.946852476300e-01 9.947353868033e-01 9.947845887958e-01 9.948328796402e-01 9.948802844142e-01 9.949268272832e-01 9.949725315419e-01 9.950174196531e-01 9.950615132845e-01 9.951048333434e-01 9.951474000100e-01 9.951892327685e-01 9.952303504371e-01 9.952707711962e-01 9.953105126147e-01 9.953495916762e-01
1.000000000000e-12 4.534630329262e-01 7.232004042954e-01 8.154127300760e-01 8.615559211354e-01 8.892442467944e-01 9.077034392865e-01 9.208886357142e-01 9.307775477113e-01 9.384689281317e-01 9.446220340068e-01 9.496563939584e-01 9.538516941735e-01 9.574015637037e-01 9.604443090727e-01 9.630813550887e-01 9.653887703687e-01 9.674247250365e-01 9.692344625242e-01 9.708537013321e-01 9.723110162611e-01 9.736295392934e-01 9.748281965962e-01 9.759226228298e-01 9.769258468776e-01 9.778488130018e-01 9.787007817320e-01 9.794896416674e-01 9.802221544647e-01 9.809041491382e-01 9.815406775001e-01 9.821361395161e-01 9.826943851561e-01 9.832187977270e-01 9.837123624997e-01 9.841777235711e-01 9.846172312496e-01 9.850329817564e-01 9.854268506575e-01 9.858005211534e-01 9.861555081246e-01 9.864931786581e-01 9.868147696425e-01 9.871214029066e-01 9.874140982951e-01 9.876937849996e-01 9.879613114126e-01 9.882174537230e-01 9.884629234371e-01 9.886983739792e-01 9.889244064996e-01 9.891415749996e-01 9.893503908650e-01 9.895513268864e-01 9.897448208330e-01 9.899312786360e-01 9.901110772318e-01 9.902845671049e-01 9.904520745686e-01 9.906139038132e-01 9.907703387497e-01 9.909216446718e-01 9.910680697577e-01 9.912098464283e-01 9.913471925778e-01 9.914803126920e-01 9.916093988633e-01 9.917346317161e-01 9.918561812497e-01 9.919742076084e-01 9.920888617854e-01 9.922002862673e-01 9.923086156247e-01 9.924139770545e-01 9.925164908781e-01 9.926162709997e-01 9.927134253287e-01 9.928080561686e-01 9.929002605767e-01 9.929901306960e-01 9.930777540622e-01 9.931632138886e-01 9.932465893290e-01 9.933279557227e-01 9.934073848212e-01 9.934849449998e-01 9.935607014533e-01 9.936347163791e-01 9.937070491475e-01 9.937777564605e-01 9.938468924998e-01 9.939145090657e-01 9.939806557063e-01 9.940453798385e-01 9.941087268615e-01 9.941707402629e-01 9.942314617185e-01 9.942909311854e-01 9.943491869896e-01 9.944062659089e-01 9.944622032498e-01 9.945170329206e-01 9.945707874998e-01 9.946234983008e-01 9.946751954325e-01 9.947259078570e-01 9.947756634432e-01 9.948244890185e-01 9.948724104165e-01 9.949194525228e-01 9.949656393180e-01 9.950109939187e-01 9.950555386159e-01 9.950992949113e-01 9.951422835525e-01 9.951845245650e-01 9.952260372843e-01 9.952668403844e-01 9.953069519066e-01 9.953463892855e-01 9.953851693748e-01
1.000000000000e-12 4.575664373608e-01 7.254147875791e-01 8.168917904946e-01 8.626654084290e-01 8.901318628259e-01 9.084431246706e-01 9.215226531883e-01 9.313323134626e-01 9.389620534154e-01 9.450658468332e-01 9.500598601964e-01 9.542215382407e-01 9.577429582354e-01 9.607613182851e-01 9.633772303561e-01 9.656661534333e-01 9.676857914512e-01 9.694810252497e-01 9.710872870724e-01 9.725329227147e-01 9.738408787731e-01 9.750299297361e-01 9.761155849636e-01 9.771107689226e-01 9.780263381650e-01 9.788714790043e-01 9.796540168186e-01 9.803806590748e-01 9.810571880720e-01 9.816886151362e-01 9.822793049704e-01 9.828330766899e-01 9.833532864871e-01 9.838428957081e-01 9.843045272592e-01 9.847405126131e-01 9.851529311911e-01 9.855436435281e-01 9.859143193351e-01 9.862664613517e-01 9.866014257090e-01 9.869204393825e-01 9.872246152109e-01 9.875149648651e-01 9.877924100904e-01 9.880577924797e-01 9.883118820014e-01 9.885553844597e-01 9.887889480421e-01 9.890131690813e-01 9.892285971385e-01 9.894357395013e-01 9.896350651710e-01 9.898270084086e-01 9.900119718921e-01 9.901903295369e-01 9.903624290187e-01 9.905285940356e-01 9.906891263401e-01 9.908443075677e-01 9.909944008863e-01 9.911396524849e-01 9.912802929217e-01 9.914165383448e-01 9.915485916010e-01 9.916766432434e-01 9.918008724487e-01 9.919214478539e-01 9.920385283198e-01 9.921522636295e-01 9.922627951277e-01 9.923702563065e-01 9.924747733434e-01 9.925764655955e-01 9.926754460542e-01 9.927718217640e-01 9.928656942086e-01 9.929571596675e-01 9.930463095451e-01 9.931332306758e-01 9.932180056057e-01 9.933007128544e-01 9.933814271574e-01 9.934602196912e-01 9.935371582831e-01 9.936123076054e-01 9.936857293571e-01 9.937574824326e-01 9.938276230794e-01 9.938962050452e-01 9.939632797150e-01 9.940288962398e-01 9.940931016566e-01 9.941559410007e-01 9.942174574112e-01 9.942776922298e-01 9.943366850934e-01 9.943944740211e-01 9.944510954956e-01 9.945065845406e-01 9.945609747927e-01 9.946142985693e-01 9.946665869327e-01 9.947178697506e-01 9.947681757530e-01 9.948175325855e-01 9.948659668604e-01 9.949135042043e-01 9.949601693033e-01 9.950059859460e-01 9.950509770636e-01 9.950951647684e-01 9.951385703899e-01 9.951812145093e-01 9.952231169919e-01 9.952642970178e-01 9.953047731117e-01 9.953445631700e-01 9.953836844879e-01 9.954221537839e-01
1.000000000000e-12 4.618397329999e-01 7.277141598719e-01 8.184274881776e-01 8.638173718553e-01 8.910534594986e-01 9.092111271996e-01 9.221809424855e-01 9.319083170541e-01 9.394740567774e-01 9.455266499294e-01 9.504787721338e-01 9.546055408655e-01 9.580974222047e-01 9.610904634038e-01 9.636844324694e-01 9.659541554160e-01 9.679568521416e-01 9.697370270134e-01 9.713298150595e-01 9.727633243026e-01 9.740603088570e-01 9.752393857254e-01 9.763159341709e-01 9.773027702462e-01 9.782106594357e-01 9.790487109954e-01 9.798246846619e-01 9.805452316380e-01 9.812160857193e-01 9.818422161952e-01 9.824279511565e-01 9.829770776828e-01 9.834929238135e-01 9.839784260543e-01 9.844361853098e-01 9.848685134956e-01 9.852774725903e-01 9.856649075221e-01 9.860324739959e-01 9.863816621460e-01 9.867138167278e-01 9.870301544247e-01 9.873317787404e-01 9.876196928600e-01 9.878948107964e-01 9.881579670834e-01 9.884099252306e-01 9.886513851216e-01 9.888829895069e-01 9.891053297167e-01 9.893189507027e-01 9.895243554969e-01 9.897220091667e-01 9.899123423303e-01 9.900957542879e-01 9.902726158185e-01 9.904432716813e-01 9.906080428593e-01 9.907672285735e-01 9.909211080973e-01 9.910699423908e-01 9.912139755780e-01 9.913534362831e-01 9.914885388412e-01 9.916194843975e-01 9.917464619066e-01 9.918696490423e-01 9.919892130270e-01 9.921053113889e-01 9.922180926548e-01 9.923276969836e-01 9.924342567477e-01 9.925378970663e-01 9.926387362951e-01 9.927368864778e-01 9.928324537610e-01 9.929255387771e-01 9.930162369979e-01 9.931046390612e-01 9.931908310730e-01 9.932748948869e-01 9.933569083639e-01 9.934369456125e-01 9.935150772123e-01 9.935913704216e-01 9.936658893702e-01 9.937386952395e-01 9.938098464300e-01 9.938793987173e-01 9.939474053982e-01 9.940139174268e-01 9.940789835417e-01 9.941426503853e-01 9.942049626153e-01 9.942659630088e-01 9.943256925608e-01 9.943841905756e-01 9.944414947534e-01 9.944976412711e-01 9.945526648584e-01 9.946065988697e-01 9.946594753513e-01 9.947113251052e-01 9.947621777484e-01 9.948120617699e-01 9.948610045834e-01 9.949090325779e-01 9.949561711651e-01 9.950024448242e-01 9.950478771440e-01 9.950924908634e-01 9.951363079093e-01 9.951793494322e-01 9.952216358407e-01 9.952631868334e-01 9.953040214296e-01 9.953441579986e-01 9.953836142867e-01 9.954224074440e-01 9.954605540486e-01
1.000000000000e-12 4.662847290138e-01 7.300989166135e-01 8.200200776580e-01 8.650120016897e-01 8.920091889474e-01 9.100075736351e-01 9.228636122540e-01 9.325056535515e-01 9.400050227200e-01 9.460045193470e-01 9.509131989085e-01 9.550037654242e-01 9.584650141129e-01 9.614317987514e-01 9.640030121296e-01 9.662528238489e-01 9.682379518440e-01 9.700025100663e-01 9.715813253204e-01 9.730022590507e-01 9.742878657601e-01 9.754565991330e-01 9.765237035174e-01 9.775018825366e-01 9.784018072346e-01 9.792325069559e-01 9.800016733646e-01 9.807158993157e-01 9.813808683046e-01 9.820015060276e-01 9.825821026073e-01 9.831264119007e-01 9.836377327522e-01 9.841189759065e-01 9.845727194519e-01 9.850012550227e-01 9.854066265085e-01 9.857906626530e-01 9.861550046363e-01 9.865011295204e-01 9.868303702638e-01 9.871439328765e-01 9.874429111817e-01 9.877282995639e-01 9.880010040181e-01 9.882618517568e-01 9.885115995918e-01 9.887509412669e-01 9.889805138941e-01 9.892009036162e-01 9.894126506042e-01 9.896162534771e-01 9.898121732229e-01 9.900008366817e-01 9.901826396511e-01 9.903579496573e-01 9.905271084353e-01 9.906904341519e-01 9.908482234036e-01 9.910007530135e-01 9.911482816526e-01 9.912910513034e-01 9.914292885843e-01 9.915632059502e-01 9.916930027817e-01 9.918188663759e-01 9.919409728479e-01 9.920594879531e-01 9.921745678378e-01 9.922863597259e-01 9.923950025466e-01 9.925006275113e-01 9.926033586412e-01 9.927033132542e-01 9.928006024108e-01 9.928953313265e-01 9.929875997508e-01 9.930775023181e-01 9.931651288710e-01 9.932505647601e-01 9.933338911211e-01 9.934151851318e-01 9.934945202507e-01 9.935719664382e-01 9.936475903625e-01 9.937214555908e-01 9.937936227679e-01 9.938641497819e-01 9.939330919192e-01 9.940005020090e-01 9.940664305584e-01 9.941309258784e-01 9.941940342023e-01 9.942557997959e-01 9.943162650612e-01 9.943754706335e-01 9.944334554723e-01 9.944902569471e-01 9.945459109173e-01 9.946004518081e-01 9.946539126813e-01 9.947063253021e-01 9.947577202020e-01 9.948081267386e-01 9.948575731506e-01 9.949060866114e-01 9.949536932786e-01 9.950004183408e-01 9.950462860625e-01 9.950913198256e-01 9.951355421695e-01 9.951789748287e-01 9.952216387682e-01 9.952635542176e-01 9.953047407027e-01 9.953452170760e-01 9.953850015454e-01 9.954241117018e-01 9.954625645446e-01 9.955003765068e-01
1.000000000000e-12 4.709028913102e-01 7.325692756080e-01 8.216696952014e-01 8.662493995210e-01 8.929991323602e-01 9.108325316166e-01 9.235707204660e-01 9.331243736789e-01 9.405549963308e-01 9.464994956648e-01 9.513631774100e-01 9.554162457323e-01 9.588457651742e-01 9.617853533125e-01 9.643329963890e-01 9.665621840935e-01 9.685291144280e-01 9.702774969517e-01 9.718418392122e-01 9.732497472482e-01 9.745235688055e-01 9.756815884037e-01 9.767389106459e-01 9.777081227015e-01 9.785997977929e-01 9.794228824928e-01 9.801849979557e-01 9.808926765999e-01 9.815515498205e-01 9.821664981597e-01 9.827417724125e-01 9.832810920245e-01 9.837877255995e-01 9.842645571994e-01 9.847141412794e-01 9.851387484661e-01 9.855404039129e-01 9.859209195994e-01 9.862819216609e-01 9.866248736194e-01 9.869510962140e-01 9.872617843994e-01 9.875580219715e-01 9.878407941994e-01 9.881109987728e-01 9.883694553212e-01 9.886169137186e-01 9.888540613495e-01 9.890815294852e-01 9.892998988955e-01 9.895097047995e-01 9.897114412456e-01 9.899055649957e-01 9.900924989773e-01 9.902726353595e-01 9.904463382995e-01 9.906139463995e-01 9.907757749099e-01 9.909321177080e-01 9.910832490796e-01 9.912294253241e-01 9.913708862060e-01 9.915078562662e-01 9.916405460121e-01 9.917691529965e-01 9.918938627996e-01 9.920148499220e-01 9.921322785996e-01 9.922463035474e-01 9.923570706396e-01 9.924647175320e-01 9.925693742330e-01 9.926711636270e-01 9.927702019564e-01 9.928665992636e-01 9.929604597996e-01 9.930518823996e-01 9.931409608304e-01 9.932277841110e-01 9.933124368097e-01 9.933949993182e-01 9.934755481070e-01 9.935541559611e-01 9.936308921997e-01 9.937058228797e-01 9.937790109857e-01 9.938505166066e-01 9.939203970997e-01 9.939887072446e-01 9.940554993864e-01 9.941208235689e-01 9.941847276606e-01 9.942472574707e-01 9.943084568593e-01 9.943683678397e-01 9.944270306747e-01 9.944844839667e-01 9.945407647426e-01 9.945959085331e-01 9.946499494477e-01 9.947029202453e-01 9.947548523997e-01 9.948057761628e-01 9.948557206228e-01 9.949047137597e-01 9.949527824979e-01 9.949999527549e-01 9.950462494886e-01 9.950916967410e-01 9.951363176798e-01 9.951801346376e-01 9.952231691498e-01 9.952654419891e-01 9.953069731998e-01 9.953477821285e-01 9.953878874549e-01 9.954273072203e-01 9.954660588540e-01 9.955041591998e-01 9.955416245398e-01
1.000000000000e-12 4.756953163622e-01 7.351252686583e-01 8.233763533193e-01 8.675295741430e-01 8.940232966918e-01 9.116860069235e-01 9.243022720708e-01 9.337644817657e-01 9.411239814575e-01 9.470115823454e-01 9.518287107862e-01 9.558429846751e-01 9.592396780521e-01 9.621511295604e-01 9.646743875560e-01 9.668822383139e-01 9.688303419304e-01 9.705619895934e-01 9.721113585573e-01 9.735057906262e-01 9.747674196419e-01 9.759143551112e-01 9.769615570619e-01 9.779214921836e-01 9.788046324957e-01 9.796198389378e-01 9.803746597176e-01 9.810755647275e-01 9.817281314609e-01 9.823371937454e-01 9.829069616890e-01 9.834411191362e-01 9.839429034047e-01 9.844151709516e-01 9.848604517815e-01 9.852809947875e-01 9.856788057392e-01 9.860556792724e-01 9.864132259577e-01 9.867528953087e-01 9.870759954231e-01 9.873837098178e-01 9.876771119151e-01 9.879571775534e-01 9.882247958300e-01 9.884807785293e-01 9.887258683478e-01 9.889607460906e-01 9.891860369867e-01 9.894023162469e-01 9.896101139676e-01 9.898099194682e-01 9.900021851386e-01 9.901873298583e-01 9.903657420427e-01 9.905377823633e-01 9.907037861815e-01 9.908640657301e-01 9.910189120737e-01 9.911685968724e-01 9.913133739729e-01 9.914534808443e-01 9.915891398785e-01 9.917205595679e-01 9.918479355746e-01 9.919714517022e-01 9.920912807813e-01 9.922075854757e-01 9.923205190195e-01 9.924302258907e-01 9.925368424274e-01 9.926404973937e-01 9.927413124979e-01 9.928394028695e-01 9.929348774980e-01 9.930278396361e-01 9.931183871733e-01 9.932066129788e-01 9.932926052196e-01 9.933764476543e-01 9.934582199055e-01 9.935379977115e-01 9.936158531608e-01 9.936918549089e-01 9.937660683805e-01 9.938385559575e-01 9.939093771534e-01 9.939785887767e-01 9.940462450825e-01 9.941123979150e-01 9.941770968390e-01 9.942403892646e-01 9.943023205629e-01 9.943629341739e-01 9.944222717089e-01 9.944803730453e-01 9.945372764159e-01 9.945930184933e-01 9.946476344681e-01 9.947011581235e-01 9.947536219044e-01 9.948050569838e-01 9.948554933238e-01 9.949049597341e-01 9.949534839271e-01 9.950010925693e-01 9.950478113303e-01 9.950936649291e-01 9.951386771775e-01 9.951828710213e-01 9.952262685797e-01 9.952688911817e-01 9.953107594013e-01 9.953518930908e-01 9.953923114117e-01 9.954320328651e-01 9.954710753192e-01 9.955094560368e-01 9.955471917004e-01 9.955842984362e-01
1.000000000000e-12 4.806627061533e-01 7.377667340112e-01 8.251399358236e-01 8.688524378516e-01 8.950816117027e-01 9.125679410072e-01 9.250582168799e-01 9.344259338955e-01 9.417119390628e-01 9.475407442551e-01 9.523097670972e-01 9.562839529744e-01 9.596467257204e-01 9.625291023992e-01 9.650271622079e-01 9.672129645514e-01 9.691416136841e-01 9.708559684724e-01 9.723898648641e-01 9.737703716179e-01 9.750194015388e-01 9.761548832857e-01 9.771916274897e-01 9.781419763436e-01 9.790162972894e-01 9.798233627779e-01 9.805706456377e-01 9.812645511505e-01 9.819106011107e-01 9.825135810735e-01 9.830776591033e-01 9.836064822563e-01 9.841032555212e-01 9.845708068294e-01 9.850116409199e-01 9.854279842277e-01 9.858218224918e-01 9.861949324262e-01 9.865489085178e-01 9.868851858049e-01 9.872050593218e-01 9.875097007665e-01 9.878001728417e-01 9.880774416407e-01 9.883423873821e-01 9.885958137433e-01 9.888384560041e-01 9.890709881707e-01 9.892940292284e-01 9.895081486438e-01 9.897138712195e-01 9.899116813883e-01 9.901020270225e-01 9.902853228184e-01 9.904619533126e-01 9.906322755749e-01 9.907966216174e-01 9.909553005550e-01 9.911086005456e-01 9.912567905365e-01 9.914001218392e-01 9.915388295515e-01 9.916731338443e-01 9.918032411280e-01 9.919293451106e-01 9.920516277605e-01 9.921702601820e-01 9.922854034146e-01 9.923972091622e-01 9.925058204599e-01 9.926113722844e-01 9.927139921138e-01 9.928138004410e-01 9.929109112458e-01 9.930054324292e-01 9.930974662130e-01 9.931871095090e-01 9.932744542589e-01 9.933595877493e-01 9.934425929024e-01 9.935235485456e-01 9.936025296609e-01 9.936796076168e-01 9.937548503832e-01 9.938283227317e-01 9.939000864208e-01 9.939702003700e-01 9.940387208204e-01 9.941057014853e-01 9.941711936910e-01 9.942352465076e-01 9.942979068717e-01 9.943592197010e-01 9.944192280020e-01 9.944779729704e-01 9.945354940853e-01 9.945918291979e-01 9.946470146142e-01 9.947010851736e-01 9.947540743219e-01 9.948060141801e-01 9.948569356097e-01 9.949068682737e-01 9.949558406941e-01 9.950038803066e-01 9.950510135112e-01 9.950972657214e-01 9.951426614092e-01 9.951872241485e-01 9.952309766563e-01 9.952739408305e-01 9.953161377874e-01 9.953575878955e-01 9.953983108087e-01 9.954383254973e-01 9.954776502775e-01 9.955163028392e-01 9.955543002728e-01 9.955916590940e-01 9.956283952683e-01
1.000000000000e-12 4.858053446296e-01 7.404933097322e-01 8.269601934981e-01 8.702178032041e-01 8.961739273668e-01 9.134782088315e-01 9.258384477155e-01 9.351086362865e-01 9.423187857848e-01 9.480869063680e-01 9.528062781374e-01 9.567390881085e-01 9.600668504667e-01 9.629192182390e-01 9.653912703271e-01 9.675543159145e-01 9.694628855561e-01 9.711593919076e-01 9.726773186451e-01 9.740434527100e-01 9.752794787696e-01 9.764031388242e-01 9.774290893093e-01 9.783695439208e-01 9.792347621635e-01 9.800334251569e-01 9.807729279286e-01 9.814596090738e-01 9.820989328987e-01 9.826956351353e-01 9.832538404535e-01 9.837771579392e-01 9.842687592137e-01 9.847314427662e-01 9.851676872586e-01 9.855796959458e-01 9.859694338932e-01 9.863386593171e-01 9.866889501038e-01 9.870217263512e-01 9.873382696109e-01 9.876397393821e-01 9.879271873034e-01 9.882015694102e-01 9.884637567566e-01 9.887145446532e-01 9.889546607244e-01 9.891847719593e-01 9.894054908989e-01 9.896173810809e-01 9.898209618441e-01 9.900167125778e-01 9.902050764914e-01 9.903864639638e-01 9.905612555281e-01 9.907298045365e-01 9.908924395447e-01 9.910494664491e-01 9.912011704076e-01 9.913478175674e-01 9.914896566237e-01 9.916269202266e-01 9.917598262547e-01 9.918885789695e-01 9.920133700622e-01 9.921343796068e-01 9.922517769261e-01 9.923657213830e-01 9.924763631021e-01 9.925838436292e-01 9.926882965359e-01 9.927898479729e-01 9.928886171787e-01 9.929847169466e-01 9.930782540539e-01 9.931693296585e-01 9.932580396629e-01 9.933444750519e-01 9.934287222031e-01 9.935108631756e-01 9.935909759759e-01 9.936691348054e-01 9.937454102897e-01 9.938198696910e-01 9.938925771064e-01 9.939635936517e-01 9.940329776327e-01 9.941007847051e-01 9.941670680230e-01 9.942318783783e-01 9.942952643302e-01 9.943572723266e-01 9.944179468177e-01 9.944773303622e-01 9.945354637268e-01 9.945923859796e-01 9.946481345778e-01 9.947027454494e-01 9.947562530712e-01 9.948086905405e-01 9.948600896440e-01 9.949104809220e-01 9.949598937286e-01 9.950083562889e-01 9.950558957528e-01 9.951025382457e-01 9.951483089163e-01 9.951932319819e-01 9.952373307711e-01 9.952806277641e-01 9.953231446310e-01 9.953649022683e-01 9.954059208323e-01 9.954462197723e-01 9.954858178613e-01 9.955247332245e-01 9.955629833679e-01 9.956005852038e-01 9.956375550760e-01 9.956739087837e-01
1.000000000000e-12 4.911230760589e-01 7.433044281227e-01 8.288367404601e-01 8.716253802964e-01 8.973000116949e-01 9.144166170585e-01 9.266427988557e-01 9.358124439309e-01 9.429443927271e-01 9.486499526771e-01 9.533181384460e-01 9.572082934048e-01 9.604999630549e-01 9.633213942175e-01 9.657666345759e-01 9.679062198989e-01 9.697940893070e-01 9.714721954505e-01 9.729736588439e-01 9.743249758992e-01 9.755475960927e-01 9.766590689964e-01 9.776738920827e-01 9.786041465787e-01 9.794599807151e-01 9.802499814565e-01 9.809814636246e-01 9.816606970664e-01 9.822930868226e-01 9.828833172618e-01 9.834354683178e-01 9.839531099328e-01 9.844393793287e-01 9.848970446425e-01 9.853285576527e-01 9.857360977179e-01 9.861216085904e-01 9.864868294169e-01 9.868333209703e-01 9.871624879461e-01 9.874755979961e-01 9.877737980438e-01 9.880581283219e-01 9.883295344964e-01 9.885888781742e-01 9.888369460400e-01 9.890744578264e-01 9.893020732883e-01 9.895203983233e-01 9.897299903568e-01 9.899313630949e-01 9.901249907277e-01 9.903113116574e-01 9.904907318119e-01 9.906636275971e-01 9.908303485329e-01 9.909912196112e-01 9.911465434110e-01 9.912966019973e-01 9.914416586307e-01 9.915819593089e-01 9.917177341587e-01 9.918491986959e-01 9.919765549662e-01 9.920999925822e-01 9.922196896642e-01 9.923358136991e-01 9.924485223212e-01 9.925579640267e-01 9.926642788263e-01 9.927675988428e-01 9.928680488589e-01 9.929657468197e-01 9.930608042951e-01 9.931533269045e-01 9.932434147084e-01 9.933311625693e-01 9.934166604851e-01 9.934999938967e-01 9.935812439730e-01 9.936604878746e-01 9.937377989980e-01 9.938132472029e-01 9.938868990219e-01 9.939588178569e-01 9.940290641609e-01 9.940976956074e-01 9.941647672482e-01 9.942303316611e-01 9.942944390871e-01 9.943571375587e-01 9.944184730200e-01 9.944784894391e-01 9.945372289132e-01 9.945947317667e-01 9.946510366442e-01 9.947061805963e-01 9.947601991616e-01 9.948131264428e-01 9.948649951784e-01 9.949158368103e-01 9.949656815475e-01 9.950145584256e-01 9.950624953638e-01 9.951095192175e-01 9.951556558287e-01 9.952009300733e-01 9.952453659059e-01 9.952889864022e-01 9.953318137985e-01 9.953738695301e-01 9.954151742664e-01 9.954557479455e-01 9.954956098056e-01 9.955347784160e-01 9.955732717055e-01 9.956111069901e-01 9.956483009986e-01 9.956848698978e-01 9.957208293153e-01
1.000000000000e-12 4.966152857006e-01 7.461993112853e-01 8.307690512830e-01 8.730747746098e-01 8.984595490116e-01 9.153829026133e-01 9.274710448046e-01 9.365371595188e-01 9.435885845027e-01 9.492297253340e-01 9.538452045244e-01 9.576914373229e-01 9.609459420629e-01 9.637355175857e-01 9.661531497216e-01 9.682685778493e-01 9.701351320845e-01 9.717942914075e-01 9.732788023824e-01 9.746148622609e-01 9.758236783422e-01 9.769226020528e-01 9.779259671802e-01 9.788457185471e-01 9.796918898049e-01 9.804729709659e-01 9.811961942633e-01 9.818677587537e-01 9.824930084518e-01 9.830765748366e-01 9.836224917773e-01 9.841342889092e-01 9.846150680331e-01 9.850675660321e-01 9.854942070026e-01 9.858971456970e-01 9.862783039213e-01 9.866394011866e-01 9.869819806433e-01 9.873074311272e-01 9.876170059778e-01 9.879118391688e-01 9.881929591881e-01 9.884613010247e-01 9.887177165575e-01 9.889629835889e-01 9.891978137253e-01 9.894228592726e-01 9.896387192875e-01 9.898459449017e-01 9.900450440213e-01 9.902364854824e-01 9.904207027375e-01 9.905980971312e-01 9.907690408198e-01 9.909338793766e-01 9.910929341243e-01 9.912465042256e-01 9.913948685608e-01 9.915382874181e-01 9.916770040178e-01 9.918112458885e-01 9.919412261125e-01 9.920671444545e-01 9.921891883859e-01 9.923075340165e-01 9.924223469416e-01 9.925337830160e-01 9.926419890592e-01 9.927471035012e-01 9.928492569731e-01 9.929485728484e-01 9.930451677409e-01 9.931391519606e-01 9.932306299345e-01 9.933197005932e-01 9.934064577284e-01 9.934909903216e-01 9.935733828492e-01 9.936537155636e-01 9.937320647542e-01 9.938085029889e-01 9.938830993384e-01 9.939559195844e-01 9.940270264128e-01 9.940964795940e-01 9.941643361504e-01 9.942306505123e-01 9.942954746639e-01 9.943588582787e-01 9.944208488471e-01 9.944814917944e-01 9.945408305923e-01 9.945989068626e-01 9.946557604746e-01 9.947114296363e-01 9.947659509803e-01 9.948193596437e-01 9.948716893443e-01 9.949229724509e-01 9.949732400504e-01 9.950225220106e-01 9.950708470397e-01 9.951182427412e-01 9.951647356675e-01 9.952103513687e-01 9.952551144401e-01 9.952990485656e-01 9.953421765604e-01 9.953845204099e-01 9.954261013071e-01 9.954669396883e-01 9.955070552663e-01 9.955464670622e-01 9.955851934355e-01 9.956232521128e-01 9.956606602144e-01 9.956974342804e-01 9.957335902948e-01 9.957691437091e-01
1.000000000000e-12 5.022808831827e-01 7.491769679344e-01 8.327564589396e-01 8.745654854733e-01 8.996521387267e-01 9.163767316598e-01 9.283228994141e-01 9.372825326696e-01 9.442511385510e-01 9.498260240339e-01 9.543872942771e-01 9.581883529421e-01 9.614046334100e-01 9.641614452686e-01 9.665506822277e-01 9.686412645749e-01 9.704858960622e-01 9.721255684980e-01 9.735926438369e-01 9.749130116429e-01 9.761076301346e-01 9.771936469457e-01 9.781852275126e-01 9.790941763657e-01 9.799304093107e-01 9.807023166447e-01 9.814170456576e-01 9.820807225983e-01 9.826986287155e-01 9.832753410916e-01 9.838148462176e-01 9.843206322732e-01 9.847957646285e-01 9.852429480218e-01 9.856645780783e-01 9.860627842428e-01 9.864394657497e-01 9.867963219142e-01 9.871348777625e-01 9.874565058184e-01 9.877624447009e-01 9.880538150652e-01 9.883316333195e-01 9.885968234713e-01 9.888502273942e-01 9.890926137551e-01 9.893246858029e-01 9.895470881820e-01 9.897604129130e-01 9.899652046547e-01 9.901619653478e-01 9.903511583219e-01 9.905332119384e-01 9.907085228285e-01 9.908774587770e-01 9.910403612989e-01 9.911975479427e-01 9.913493143575e-01 9.914959361481e-01 9.916376705456e-01 9.917747579137e-01 9.919074231086e-01 9.920358767101e-01 9.921603161365e-01 9.922809266575e-01 9.923978823142e-01 9.925113467573e-01 9.926214740108e-01 9.927284091701e-01 9.928322890391e-01 9.929332427146e-01 9.930313921213e-01 9.931268525032e-01 9.932197328748e-01 9.933101364365e-01 9.933981609570e-01 9.934838991264e-01 9.935674388812e-01 9.936488637055e-01 9.937282529092e-01 9.938056818856e-01 9.938812223504e-01 9.939549425631e-01 9.940269075326e-01 9.940971792087e-01 9.941658166597e-01 9.942328762383e-01 9.942984117356e-01 9.943624745251e-01 9.944251136971e-01 9.944863761839e-01 9.945463068776e-01 9.946049487391e-01 9.946623429014e-01 9.947185287656e-01 9.947735440910e-01 9.948274250798e-01 9.948802064565e-01 9.949319215428e-01 9.949826023274e-01 9.950322795320e-01 9.950809826739e-01 9.951287401237e-01 9.951755791609e-01 9.952215260261e-01 9.952666059692e-01 9.953108432966e-01 9.953542614142e-01 9.953968828691e-01 9.954387293885e-01 9.954798219165e-01 9.955201806494e-01 9.955598250685e-01 9.955987739714e-01 9.956370455021e-01 9.956746571788e-01 9.957116259208e-01 9.957479680740e-01 9.957836994348e-01 9.958188352728e-01
1.000000000000e-12 5.081182889664e-01 7.522361915354e-01 8.347981536237e-01 8.760969051834e-01 9.008772946311e-01 9.173976990146e-01 9.291980153817e-01 9.380482594928e-01 9.449317847465e-01 9.504386056640e-01 9.549441866926e-01 9.586988376681e-01 9.618758500863e-01 9.645990036143e-01 9.669590700188e-01 9.690241281302e-01 9.708462382326e-01 9.724658916594e-01 9.739150552532e-01 9.752193024885e-01 9.763993357020e-01 9.774720931692e-01 9.784515673786e-01 9.793494187373e-01 9.801754419875e-01 9.809379249878e-01 9.816439277658e-01 9.822995017741e-01 9.829098637818e-01 9.834795349890e-01 9.840124532151e-01 9.845120640520e-01 9.849813954444e-01 9.854231191077e-01 9.858396014189e-01 9.862329458239e-01 9.866050283692e-01 9.869575276227e-01 9.872919499913e-01 9.876096512415e-01 9.879118548698e-01 9.881996678490e-01 9.884740941781e-01 9.887360465832e-01 9.889863566591e-01 9.892257836883e-01 9.894550223332e-01 9.896747093679e-01 9.898854295849e-01 9.900877209932e-01 9.902820794051e-01 9.904689624934e-01 9.906487933898e-01 9.908219638826e-01 9.909888372665e-01 9.911497508868e-01 9.913050184151e-01 9.914549318907e-01 9.915997635535e-01 9.917397674943e-01 9.918751811420e-01 9.920062266074e-01 9.921331118993e-01 9.922560320259e-01 9.923751699948e-01 9.924906977221e-01 9.926027768606e-01 9.927115595538e-01 9.928171891255e-01 9.929198007094e-01 9.930195218262e-01 9.931164729119e-01 9.932107678035e-01 9.933025141846e-01 9.933918139955e-01 9.934787638113e-01 9.935634551904e-01 9.936459749956e-01 9.937264056919e-01 9.938048256207e-01 9.938813092550e-01 9.939559274349e-01 9.940287475863e-01 9.940998339245e-01 9.941692476430e-01 9.942370470891e-01 9.943032879271e-01 9.943680232916e-01 9.944313039288e-01 9.944931783295e-01 9.945536928534e-01 9.946128918441e-01 9.946708177383e-01 9.947275111666e-01 9.947830110490e-01 9.948373546839e-01 9.948905778315e-01 9.949427147924e-01 9.949937984814e-01 9.950438604966e-01 9.950929311847e-01 9.951410397025e-01 9.951882140744e-01 9.952344812467e-01 9.952798671396e-01 9.953243966949e-01 9.953680939220e-01 9.954109819413e-01 9.954530830244e-01 9.954944186333e-01 9.955350094564e-01 9.955748754434e-01 9.956140358377e-01 9.956525092075e-01 9.956903134753e-01 9.957274659453e-01 9.957639833304e-01 9.957998817768e-01 9.958351768879e-01 9.958698837472e-01
1.000000000000e-12 5.141254242526e-01 7.553755598444e-01 8.368931824940e-01 8.776683188148e-01 9.021344447462e-01 9.184453280210e-01 9.300959841424e-01 9.388339824935e-01 9.456302053160e-01 9.510671842280e-01 9.555156217740e-01 9.592226531707e-01 9.623593720946e-01 9.650479883394e-01 9.673781224308e-01 9.694169897674e-01 9.712159903624e-01 9.728151020046e-01 9.742458861068e-01 9.755335917997e-01 9.766986588556e-01 9.777578107249e-01 9.787248624320e-01 9.796113264969e-01 9.804268734367e-01 9.811796859966e-01 9.818767346633e-01 9.825239941394e-01 9.831266150311e-01 9.836890611967e-01 9.842152205128e-01 9.847084948718e-01 9.851718738150e-01 9.856079951734e-01 9.860191953113e-01 9.864075509971e-01 9.867749144836e-01 9.871229430498e-01 9.874531239972e-01 9.877667958973e-01 9.880651667291e-01 9.883493294260e-01 9.886202752533e-01 9.888789053612e-01 9.891260407976e-01 9.893624312150e-01 9.895887624658e-01 9.898056632477e-01 9.900137109366e-01 9.902134367178e-01 9.904053301155e-01 9.905898429979e-01 9.907673931300e-01 9.909383673313e-01 9.911031242889e-01 9.912619970695e-01 9.914152953665e-01 9.915633075154e-01 9.917063023032e-01 9.918445305982e-01 9.919782268179e-01 9.921076102563e-01 9.922328862840e-01 9.923542474358e-01 9.924718743983e-01 9.925859369074e-01 9.926965945655e-01 9.928039975866e-01 9.929082874767e-01 9.930095976556e-01 9.931080540266e-01 9.932037754985e-01 9.932968744643e-01 9.933874572418e-01 9.934756244785e-01 9.935614715249e-01 9.936450887778e-01 9.937265619986e-01 9.938059726062e-01 9.938833979486e-01 9.939589115542e-01 9.940325833645e-01 9.941044799505e-01 9.941746647130e-01 9.942431980693e-01 9.943101376266e-01 9.943755383436e-01 9.944394526806e-01 9.945019307403e-01 9.945630203988e-01 9.946227674274e-01 9.946812156075e-01 9.947384068375e-01 9.947943812329e-01 9.948491772199e-01 9.949028316239e-01 9.949553797515e-01 9.950068554683e-01 9.950572912716e-01 9.951067183589e-01 9.951551666920e-01 9.952026650578e-01 9.952492411252e-01 9.952949214989e-01 9.953397317704e-01 9.953836965650e-01 9.954268395878e-01 9.954691836657e-01 9.955107507880e-01 9.955515621445e-01 9.955916381612e-01 9.956309985347e-01 9.956696622645e-01 9.957076476832e-01 9.957449724860e-01 9.957816537577e-01 9.958177079991e-01 9.958531511516e-01 9.958879986209e-01 9.959222652991e-01
1.000000000000e-12 5.202997046454e-01 7.585934359022e-01 8.390404503753e-01 8.792789047496e-01 9.034229317467e-01 9.195190709019e-01 9.310163361713e-01 9.396392908370e-01 9.463460350726e-01 9.517114310578e-01 9.561013007323e-01 9.597595255599e-01 9.628549466133e-01 9.655081646811e-01 9.678076203514e-01 9.698196440691e-01 9.715949591175e-01 9.731730169403e-01 9.745849634146e-01 9.758557152422e-01 9.770054430867e-01 9.780506502184e-01 9.790049697735e-01 9.798797626993e-01 9.806845721910e-01 9.814274732604e-01 9.821153446210e-01 9.827540823130e-01 9.833487691297e-01 9.839038101586e-01 9.844230420890e-01 9.849098220236e-01 9.853671001441e-01 9.857974795516e-01 9.862032658501e-01 9.865865084654e-01 9.869490352636e-01 9.872924817040e-01 9.876183155065e-01 9.879278576188e-01 9.882223001159e-01 9.885027215417e-01 9.887701001105e-01 9.890253251080e-01 9.892692067723e-01 9.895024848859e-01 9.897258362713e-01 9.899398813490e-01 9.901451898929e-01 9.903422860950e-01 9.905316530343e-01 9.907137366298e-01 9.908889491462e-01 9.910576723102e-01 9.912202600864e-01 9.913770411563e-01 9.915283211360e-01 9.916743845647e-01 9.918154966907e-01 9.919519050792e-01 9.920838410615e-01 9.922115210444e-01 9.923351476945e-01 9.924549110117e-01 9.925709893039e-01 9.926835500720e-01 9.927927508172e-01 9.928987397758e-01 9.930016565906e-01 9.931016329250e-01 9.931987930247e-01 9.932932542327e-01 9.933851274623e-01 9.934745176318e-01 9.935615240633e-01 9.936462408520e-01 9.937287572046e-01 9.938091577532e-01 9.938875228450e-01 9.939639288094e-01 9.940384482068e-01 9.941111500579e-01 9.941821000572e-01 9.942513607708e-01 9.943189918206e-01 9.943850500552e-01 9.944495897098e-01 9.945126625540e-01 9.945743180309e-01 9.946346033861e-01 9.946935637885e-01 9.947512424429e-01 9.948076806963e-01 9.948629181356e-01 9.949169926816e-01 9.949699406745e-01 9.950217969562e-01 9.950725949464e-01 9.951223667147e-01 9.951711430475e-01 9.952189535124e-01 9.952658265172e-01 9.953117893665e-01 9.953568683149e-01 9.954010886167e-01 9.954444745731e-01 9.954870495771e-01 9.955288361551e-01 9.955698560069e-01 9.956101300432e-01 9.956496784212e-01 9.956885205781e-01 9.957266752633e-01 9.957641605680e-01 9.958009939544e-01 9.958371922823e-01 9.958727718355e-01 9.959077483453e-01 9.959421370147e-01 9.959759525396e-01
1.000000000000e-12 5.266380378438e-01 7.618879705197e-01 8.412387214431e-01 8.809277359407e-01 9.047420139722e-01 9.206183096024e-01 9.319585417063e-01 9.404637209807e-01 9.470788619785e-01 9.523709753193e-01 9.567008864455e-01 9.603091458072e-01 9.633622883852e-01 9.659792677579e-01 9.682473165580e-01 9.702318592637e-01 9.719829263601e-01 9.735394304476e-01 9.749320920007e-01 9.761854873991e-01 9.773195118077e-01 9.783504430884e-01 9.792917281711e-01 9.801545728303e-01 9.809483899168e-01 9.816811441506e-01 9.823596202930e-01 9.829896338539e-01 9.835761982037e-01 9.841236582635e-01 9.846357983195e-01 9.851159296220e-01 9.855669620576e-01 9.859914631736e-01 9.863917070829e-01 9.867697152194e-01 9.871272904838e-01 9.874660459974e-01 9.877874294333e-01 9.880927436975e-01 9.883831645829e-01 9.886597559023e-01 9.889234825093e-01 9.891752215431e-01 9.894157721755e-01 9.896458640847e-01 9.898661648489e-01 9.900772864145e-01 9.902797907734e-01 9.904741949580e-01 9.906609754490e-01 9.908405720750e-01 9.910133914698e-01 9.911798101463e-01 9.913401772345e-01 9.914948169267e-01 9.916440306649e-01 9.917880991017e-01 9.919272838627e-01 9.920618291316e-01 9.921919630803e-01 9.923178991596e-01 9.924398372682e-01 9.925579648109e-01 9.926724576600e-01 9.927834810288e-01 9.928911902671e-01 9.929957315867e-01 9.930972427232e-01 9.931958535414e-01 9.932916865901e-01 9.933848576097e-01 9.934754759986e-01 9.935636452419e-01 9.936494633053e-01 9.937330229986e-01 9.938144123104e-01 9.938937147166e-01 9.939710094671e-01 9.940463718487e-01 9.941198734308e-01 9.941915822914e-01 9.942615632277e-01 9.943298779512e-01 9.943965852694e-01 9.944617412546e-01 9.945253994011e-01 9.945876107716e-01 9.946484241337e-01 9.947078860878e-01 9.947660411857e-01 9.948229320424e-01 9.948785994398e-01 9.949330824244e-01 9.949864183989e-01 9.950386432073e-01 9.950897912154e-01 9.951398953867e-01 9.951889873525e-01 9.952370974790e-01 9.952842549297e-01 9.953304877245e-01 9.953758227951e-01 9.954202860375e-01 9.954639023609e-01 9.955066957349e-01 9.955486892327e-01 9.955899050731e-01 9.956303646596e-01 9.956700886173e-01 9.957090968279e-01 9.957474084634e-01 9.957850420168e-01 9.958220153324e-01 9.958583456339e-01 9.958940495508e-01 9.959291431444e-01 9.959636419313e-01 9.959975609067e-01 9.960309145658e-01
1.000000000000e-12 5.331368255693e-01 7.652571062736e-01 8.434866218998e-01 8.826137819204e-01 9.060908670341e-01 9.217423571293e-01 9.329220118949e-01 9.413067576788e-01 9.478282280374e-01 9.530454048157e-01 9.573140041892e-01 9.608711704151e-01 9.638810803359e-01 9.664610031434e-01 9.686969362526e-01 9.706533777283e-01 9.723796496214e-01 9.739141135281e-01 9.752870549193e-01 9.765227021719e-01 9.776406687342e-01 9.786570019730e-01 9.795849584085e-01 9.804355851411e-01 9.812181617353e-01 9.819405401299e-01 9.826094090139e-01 9.832305015490e-01 9.838087601162e-01 9.843484681123e-01 9.848533562377e-01 9.853266888552e-01 9.857713346474e-01 9.861898248048e-01 9.865844012390e-01 9.869570567601e-01 9.873095687396e-01 9.876435274569e-01 9.879603600862e-01 9.882613510841e-01 9.885476595942e-01 9.888203343658e-01 9.890803265898e-01 9.893285009855e-01 9.895656454080e-01 9.897924792035e-01 9.900096604971e-01 9.902177925700e-01 9.904174294564e-01 9.906090808672e-01 9.907932165365e-01 9.909702700647e-01 9.911406423276e-01 9.913047045067e-01 9.914628007884e-01 9.916152507743e-01 9.917623516379e-01 9.919043800580e-01 9.920415939553e-01 9.921742340560e-01 9.923025253010e-01 9.924266781187e-01 9.925468895772e-01 9.926633444275e-01 9.927762160517e-01 9.928856673237e-01 9.929918513935e-01 9.930949124024e-01 9.931949861357e-01 9.932922006195e-01 9.933866766671e-01 9.934785283800e-01 9.935678636077e-01 9.936547843698e-01 9.937393872448e-01 9.938217637284e-01 9.939020005631e-01 9.939801800431e-01 9.940563802957e-01 9.941306755420e-01 9.942031363378e-01 9.942738297971e-01 9.943428197995e-01 9.944101671829e-01 9.944759299219e-01 9.945401632949e-01 9.946029200386e-01 9.946642504927e-01 9.947242027344e-01 9.947828227040e-01 9.948401543227e-01 9.948962396018e-01 9.949511187458e-01 9.950048302485e-01 9.950574109827e-01 9.951088962850e-01 9.951593200347e-01 9.952087147282e-01 9.952571115491e-01 9.953045404336e-01 9.953510301323e-01 9.953966082682e-01 9.954413013919e-01 9.954851350323e-01 9.955281337463e-01 9.955703211638e-01 9.956117200314e-01 9.956523522533e-01 9.956922389299e-01 9.957314003942e-01 9.957698562465e-01 9.958076253872e-01 9.958447260475e-01 9.958811758190e-01 9.959169916814e-01 9.959521900290e-01 9.959867866954e-01 9.960207969776e-01 9.960542356585e-01 9.960871170280e-01
1.000000000000e-12 5.397919698774e-01 7.686985830084e-01 8.457826436437e-01 8.843359115512e-01 9.074685860156e-01 9.228904593840e-01 9.339061003669e-01 9.421678353572e-01 9.485936305165e-01 9.537342670877e-01 9.579402426366e-01 9.614452223342e-01 9.644109744197e-01 9.669530476523e-01 9.691561777957e-01 9.710839166757e-01 9.727848627489e-01 9.742968148155e-01 9.756496140339e-01 9.768671333309e-01 9.779686984096e-01 9.789701212086e-01 9.798844637643e-01 9.807226111072e-01 9.814937066627e-01 9.822054871755e-01 9.828645432060e-01 9.834765238057e-01 9.840462988468e-01 9.845780888852e-01 9.850755698888e-01 9.855419583298e-01 9.859800808046e-01 9.863924313692e-01 9.867812190443e-01 9.871484074042e-01 9.874957477446e-01 9.878248070145e-01 9.881369914500e-01 9.884335666638e-01 9.887156747939e-01 9.889843492036e-01 9.892405271291e-01 9.894850606034e-01 9.897187259233e-01 9.899422318815e-01 9.901562269479e-01 9.903613055531e-01 9.905580136031e-01 9.907468533310e-01 9.909282875794e-01 9.911027435875e-01 9.912706163500e-01 9.914322716028e-01 9.915880484827e-01 9.917382619027e-01 9.918832046763e-01 9.920231494233e-01 9.921583502805e-01 9.922890444425e-01 9.924154535500e-01 9.925377849443e-01 9.926562328024e-01 9.927709791648e-01 9.928821948700e-01 9.929900404023e-01 9.930946666649e-01 9.931962156845e-01 9.932948212543e-01 9.933906095221e-01 9.934836995289e-01 9.935742037021e-01 9.936622283089e-01 9.937478738723e-01 9.938312355540e-01 9.939124035072e-01 9.939914632019e-01 9.940684957250e-01 9.941435780576e-01 9.942167833319e-01 9.942881810685e-01 9.943578373969e-01 9.944258152596e-01 9.944921746018e-01 9.945569725476e-01 9.946202635645e-01 9.946820996155e-01 9.947425303017e-01 9.948016029949e-01 9.948593629617e-01 9.949158534786e-01 9.949711159408e-01 9.950251899629e-01 9.950781134739e-01 9.951299228058e-01 9.951806527766e-01 9.952303367685e-01 9.952790068015e-01 9.953266936015e-01 9.953734266655e-01 9.954192343223e-01 9.954641437897e-01 9.955081812286e-01 9.955513717937e-01 9.955937396814e-01 9.956353081750e-01 9.956760996874e-01 9.957161358014e-01 9.957554373078e-01 9.957940242414e-01 9.958319159149e-01 9.958691309513e-01 9.959056873146e-01 9.959416023382e-01 9.959768927526e-01 9.960115747116e-01 9.960456638167e-01 9.960791751402e-01 9.961121232483e-01 9.961445222212e-01
1.000000000000e-12 5.465988839218e-01 7.722099448248e-01 8.481251489143e-01 8.860928965084e-01 9.088741882579e-01 9.240617974848e-01 9.349101052236e-01 9.430463398545e-01 9.493745234948e-01 9.544370708062e-01 9.585791551252e-01 9.620308921237e-01 9.649515926912e-01 9.674550503354e-01 9.696247136346e-01 9.715231690255e-01 9.731982767256e-01 9.746872613493e-01 9.760195107503e-01 9.772185352117e-01 9.783033668675e-01 9.792895774639e-01 9.801900306173e-01 9.810154460080e-01 9.817748281675e-01 9.824757963148e-01 9.831248408956e-01 9.837275251493e-01 9.842886449717e-01 9.848123568059e-01 9.853022807799e-01 9.857615845055e-01 9.861930516416e-01 9.865991383581e-01 9.869820201192e-01 9.873436306715e-01 9.876856947074e-01 9.880097553730e-01 9.883171975429e-01 9.886092676043e-01 9.888870903457e-01 9.891516834327e-01 9.894039698645e-01 9.896447887312e-01 9.898749045371e-01 9.900950153081e-01 9.903057596632e-01 9.905077230036e-01 9.907014429423e-01 9.908874140834e-01 9.910660922387e-01 9.912378981571e-01 9.914032208334e-01 9.915624204476e-01 9.917158309849e-01 9.918637625745e-01 9.920065035820e-01 9.921443224857e-01 9.922774695622e-01 9.924061784029e-01 9.925306672815e-01 9.926511403899e-01 9.927677889551e-01 9.928807922527e-01 9.929903185257e-01 9.930965258208e-01 9.931995627488e-01 9.932995691790e-01 9.933966768720e-01 9.934910100596e-01 9.935826859742e-01 9.936718153357e-01 9.937585027969e-01 9.938428473537e-01 9.939249427223e-01 9.940048776865e-01 9.940827364178e-01 9.941585987714e-01 9.942325405591e-01 9.943046338021e-01 9.943749469651e-01 9.944435451728e-01 9.945104904117e-01 9.945758417163e-01 9.946396553432e-01 9.947019849322e-01 9.947628816571e-01 9.948223943656e-01 9.948805697098e-01 9.949374522686e-01 9.949930846612e-01 9.950475076540e-01 9.951007602599e-01 9.951528798316e-01 9.952039021492e-01 9.952538615018e-01 9.953027907647e-01 9.953507214711e-01 9.953976838805e-01 9.954437070417e-01 9.954888188532e-01 9.955330461193e-01 9.955764146036e-01 9.956189490786e-01 9.956606733731e-01 9.957016104167e-01 9.957417822820e-01 9.957812102238e-01 9.958199147172e-01 9.958579154925e-01 9.958952315691e-01 9.959318812872e-01 9.959678823378e-01 9.960032517910e-01 9.960380061232e-01 9.960721612429e-01 9.961057325143e-01 9.961387347811e-01 9.961711823880e-01 9.962030892014e-01
1.000000000000e-12 5.535525071656e-01 7.757885485080e-01 8.505123758855e-01 8.878834154728e-01 9.103066167144e-01 9.252554905611e-01 9.359332714338e-01 9.439416105187e-01 9.501703197261e-01 9.551532874497e-01 9.592302611807e-01 9.626277393490e-01 9.655025285955e-01 9.679666336772e-01 9.701021914215e-01 9.719708044514e-01 9.736195806564e-01 9.750851595065e-01 9.763964668993e-01 9.775766435534e-01 9.786444224311e-01 9.796151305020e-01 9.805014291755e-01 9.813138696263e-01 9.820613148411e-01 9.827512642701e-01 9.833901063341e-01 9.839833168221e-01 9.845356162420e-01 9.850510957006e-01 9.855333184199e-01 9.859854022192e-01 9.864100870004e-01 9.868097903239e-01 9.871866534575e-01 9.875425797504e-01 9.878792667841e-01 9.881982334477e-01 9.885008428465e-01 9.887883217753e-01 9.890617773418e-01 9.893222112146e-01 9.895705318840e-01 9.898075652503e-01 9.900340638003e-01 9.902507145872e-01 9.904581461917e-01 9.906569348127e-01 9.908476096125e-01 9.910306574202e-01 9.912065268826e-01 9.913756321348e-01 9.915383560568e-01 9.916950531669e-01 9.918460522002e-01 9.919916584109e-01 9.921321556318e-01 9.922678081209e-01 9.923988622205e-01 9.925255478502e-01 9.926480798527e-01 9.927666592099e-01 9.928814741430e-01 9.929927011096e-01 9.931005057079e-01 9.932050435002e-01 9.933064607614e-01 9.934048951619e-01 9.935004763915e-01 9.935933267287e-01 9.936835615635e-01 9.937712898752e-01 9.938566146714e-01 9.939396333921e-01 9.940204382802e-01 9.940991167238e-01 9.941757515716e-01 9.942504214232e-01 9.943232008989e-01 9.943941608876e-01 9.944633687779e-01 9.945308886709e-01 9.945967815785e-01 9.946611056073e-01 9.947239161295e-01 9.947852659420e-01 9.948452054139e-01 9.949037826251e-01 9.949610434945e-01 9.950170319001e-01 9.950717897913e-01 9.951253572936e-01 9.951777728066e-01 9.952290730959e-01 9.952792933791e-01 9.953284674064e-01 9.953766275362e-01 9.954238048062e-01 9.954700290001e-01 9.955153287101e-01 9.955597313962e-01 9.956032634413e-01 9.956459502040e-01 9.956878160674e-01 9.957288844858e-01 9.957691780284e-01 9.958087184207e-01 9.958475265834e-01 9.958856226698e-01 9.959230261001e-01 9.959597555947e-01 9.959958292055e-01 9.960312643452e-01 9.960660778159e-01 9.961002858349e-01 9.961339040604e-01 9.961669476155e-01 9.961994311103e-01 9.962313686640e-01 9.962627739251e-01
1.000000000000e-12 5.606473249479e-01 7.794315733349e-01 8.529424451659e-01 8.897060590027e-01 9.117647438470e-01 9.264705990014e-01 9.369747936170e-01 9.448529426421e-01 9.509803928036e-01 9.558823532521e-01 9.598930482886e-01 9.632352942051e-01 9.660633484664e-01 9.684873949879e-01 9.705882353126e-01 9.724264706000e-01 9.740484429143e-01 9.754901960836e-01 9.767801857621e-01 9.779411764731e-01 9.789915966404e-01 9.799465240654e-01 9.808184143232e-01 9.816176470595e-01 9.823529411770e-01 9.830316742085e-01 9.836601307193e-01 9.842436974792e-01 9.847870182558e-01 9.852941176472e-01 9.857685009489e-01 9.862132352942e-01 9.866310160429e-01 9.870242214534e-01 9.873949579832e-01 9.877450980393e-01 9.880763116058e-01 9.883900928793e-01 9.886877828055e-01 9.889705882353e-01 9.892395982784e-01 9.894957983193e-01 9.897400820794e-01 9.899732620321e-01 9.901960784314e-01 9.904092071611e-01 9.906132665832e-01 9.908088235294e-01 9.909963985594e-01 9.911764705882e-01 9.913494809689e-01 9.915158371041e-01 9.916759156493e-01 9.918300653595e-01 9.919786096257e-01 9.921218487395e-01 9.922600619195e-01 9.923935091278e-01 9.925224327019e-01 9.926470588235e-01 9.927675988428e-01 9.928842504744e-01 9.929971988796e-01 9.931066176471e-01 9.932126696833e-01 9.933155080214e-01 9.934152765584e-01 9.935121107266e-01 9.936061381074e-01 9.936974789916e-01 9.937862468931e-01 9.938725490196e-01 9.939564867043e-01 9.940381558029e-01 9.941176470588e-01 9.941950464396e-01 9.942704354469e-01 9.943438914027e-01 9.944154877141e-01 9.944852941176e-01 9.945533769063e-01 9.946197991392e-01 9.946846208363e-01 9.947478991597e-01 9.948096885813e-01 9.948700410397e-01 9.949290060852e-01 9.949866310160e-01 9.950429610046e-01 9.950980392157e-01 9.951519069166e-01 9.952046035806e-01 9.952561669829e-01 9.953066332916e-01 9.953560371517e-01 9.954044117647e-01 9.954517889630e-01 9.954981992797e-01 9.955436720143e-01 9.955882352941e-01 9.956319161328e-01 9.956747404844e-01 9.957167332953e-01 9.957579185520e-01 9.957983193277e-01 9.958379578246e-01 9.958768554151e-01 9.959150326797e-01 9.959525094441e-01 9.959893048128e-01 9.960254372019e-01 9.960609243697e-01 9.960957834461e-01 9.961300309598e-01 9.961636828645e-01 9.961967545639e-01 9.962292609351e-01 9.962612163509e-01 9.962926347009e-01 9.963235294118e-01
1.000000000000e-12 5.678773922360e-01 7.831360321739e-01 8.554133671499e-01 8.915593350437e-01 9.132473760341e-01 9.277061281257e-01 9.380338191917e-01 9.457795902163e-01 9.518040796090e-01 9.566236714070e-01 9.605669738975e-01 9.638530593532e-01 9.666335932219e-01 9.690169079770e-01 9.710824474368e-01 9.728897944671e-01 9.744845124366e-01 9.759020395216e-01 9.771703532298e-01 9.783118355675e-01 9.793446053019e-01 9.802834868787e-01 9.811407265794e-01 9.819265296384e-01 9.826494684527e-01 9.833167965891e-01 9.839346930116e-01 9.845084539754e-01 9.850426452176e-01 9.855412237103e-01 9.860076358487e-01 9.864448972284e-01 9.868556579184e-01 9.872422562149e-01 9.876067631802e-01 9.879510197585e-01 9.882766678732e-01 9.885851766134e-01 9.888778643925e-01 9.891559177827e-01 9.894204075929e-01 9.896723026502e-01 9.899124816583e-01 9.901417434388e-01 9.903608158068e-01 9.905703632893e-01 9.907709938576e-01 9.909632648189e-01 9.911476879858e-01 9.913247342261e-01 9.914948374766e-01 9.916583982944e-01 9.918157870058e-01 9.919673465057e-01 9.921133947510e-01 9.922542269876e-01 9.923901177422e-01 9.925213226087e-01 9.926480798527e-01 9.927706118551e-01 9.928891264149e-01 9.930038179243e-01 9.931148684334e-01 9.932224486142e-01 9.933267186355e-01 9.934278289592e-01 9.935259210643e-01 9.936211281075e-01 9.937135755262e-01 9.938033815901e-01 9.938906579057e-01 9.939755098793e-01 9.940580371412e-01 9.941383339366e-01 9.942164894841e-01 9.942925883067e-01 9.943667105364e-01 9.944389321962e-01 9.945093254596e-01 9.945779588913e-01 9.946448976704e-01 9.947102037964e-01 9.947739362808e-01 9.948361513251e-01 9.948969024860e-01 9.949562408291e-01 9.950142150725e-01 9.950708717194e-01 9.951262551832e-01 9.951804079034e-01 9.952333704539e-01 9.952851816446e-01 9.953358786162e-01 9.953854969288e-01 9.954340706453e-01 9.954816324094e-01 9.955282135186e-01 9.955738439929e-01 9.956185526395e-01 9.956623671131e-01 9.957053139733e-01 9.957474187383e-01 9.957887059350e-01 9.958291991472e-01 9.958689210601e-01 9.959078935029e-01 9.959461374888e-01 9.959836732528e-01 9.960205202872e-01 9.960566973755e-01 9.960922226244e-01 9.961271134938e-01 9.961613868257e-01 9.961950588711e-01 9.962281453157e-01 9.962606613044e-01 9.962926214642e-01 9.963240399263e-01 9.963549303471e-01 9.963853059276e-01
1.000000000000e-12 5.752363613088e-01 7.868987837779e-01 8.579230501545e-01 8.934416750270e-01 9.147532584484e-01 9.289610322502e-01 9.391094518591e-01 9.467207689803e-01 9.526406830215e-01 9.573766145059e-01 9.612514676362e-01 9.644805119531e-01 9.672127802403e-01 9.695547244958e-01 9.715844095220e-01 9.733603839225e-01 9.749274201597e-01 9.763203412603e-01 9.775666390876e-01 9.786883071325e-01 9.797031496496e-01 9.806257337561e-01 9.814680931578e-01 9.822402559427e-01 9.829506457049e-01 9.836063901008e-01 9.842135608377e-01 9.847773622363e-01 9.853022807799e-01 9.857922047538e-01 9.862505207295e-01 9.866801919567e-01 9.870838225034e-01 9.874637100769e-01 9.878218897889e-01 9.881601706281e-01 9.884801660166e-01 9.887833195424e-01 9.890709267337e-01 9.893441535653e-01 9.896040522588e-01 9.898515748241e-01 9.900875847119e-01 9.903128668775e-01 9.905281365025e-01 9.907340465785e-01 9.909311945237e-01 9.911201279711e-01 9.913013498492e-01 9.914753228522e-01 9.916424733846e-01 9.918031950502e-01 9.919578517474e-01 9.921067804187e-01 9.922502935020e-01 9.923886811181e-01 9.925222130283e-01 9.926511403899e-01 9.927756973324e-01 9.928961023769e-01 9.930125597149e-01 9.931252603647e-01 9.932343832161e-01 9.933400959783e-01 9.934425560402e-01 9.935419112517e-01 9.936383006360e-01 9.937318550384e-01 9.938226977190e-01 9.939109448945e-01 9.939967062340e-01 9.940800853140e-01 9.941611800358e-01 9.942400830083e-01 9.943168819015e-01 9.943916597712e-01 9.944644953586e-01 9.945354633668e-01 9.946046347166e-01 9.946720767826e-01 9.947378536125e-01 9.948020261294e-01 9.948646523206e-01 9.949257874120e-01 9.949854840307e-01 9.950437923559e-01 9.951007602599e-01 9.951564334388e-01 9.952108555350e-01 9.952640682512e-01 9.953161114573e-01 9.953670232893e-01 9.954168402431e-01 9.954655972618e-01 9.955133278170e-01 9.955600639855e-01 9.956058365218e-01 9.956506749246e-01 9.956946075011e-01 9.957376614261e-01 9.957798627981e-01 9.958212366923e-01 9.958618072098e-01 9.959015975251e-01 9.959406299296e-01 9.959789258737e-01 9.960165060057e-01 9.960533902094e-01 9.960895976386e-01 9.961251467510e-01 9.961600553388e-01 9.961943405590e-01 9.962280189612e-01 9.962611065141e-01 9.962936186314e-01 9.963255701949e-01 9.963569755779e-01 9.963878486662e-01 9.964182028791e-01 9.964480511884e-01
1.000000000000e-12 5.827175130446e-01 7.907165461495e-01 8.604693092637e-01 8.953514404974e-01 9.162810803586e-01 9.302342191057e-01 9.402007553902e-01 9.476756597345e-01 9.534894748639e-01 9.581405271893e-01 9.619459337234e-01 9.651171058719e-01 9.678004053990e-01 9.701003764304e-01 9.720936846618e-01 9.738378293666e-01 9.753767805780e-01 9.767447372111e-01 9.779686984096e-01 9.790702634885e-01 9.800669176077e-01 9.809729668070e-01 9.818002291196e-01 9.825585529061e-01 9.832562107898e-01 9.839002026824e-01 9.844964914719e-01 9.850501882050e-01 9.855656989565e-01 9.860468423246e-01 9.864969441851e-01 9.869189146793e-01 9.873153112041e-01 9.876883902864e-01 9.880401505639e-01 9.883723686038e-01 9.886866289118e-01 9.889843492036e-01 9.892668017881e-01 9.895351317434e-01 9.897903724326e-01 9.900334588032e-01 9.902652388311e-01 9.904864834031e-01 9.906978948830e-01 9.909001145595e-01 9.910937291433e-01 9.912792764528e-01 9.914572504028e-01 9.916281053947e-01 9.917922601909e-01 9.919501013411e-01 9.921019862214e-01 9.922482457358e-01 9.923891867225e-01 9.925250941024e-01 9.926562328024e-01 9.927828494782e-01 9.929051740633e-01 9.930234211623e-01 9.931377913071e-01 9.932484720925e-01 9.933556392021e-01 9.934594573396e-01 9.935600810728e-01 9.936576556020e-01 9.937523174587e-01 9.938441951432e-01 9.939334097063e-01 9.940200752819e-01 9.941042995737e-01 9.941861843019e-01 9.942658256128e-01 9.943433144559e-01 9.944187369298e-01 9.944921746018e-01 9.945637048018e-01 9.946334008940e-01 9.947013325283e-01 9.947675658717e-01 9.948321638239e-01 9.948951862163e-01 9.949566899968e-01 9.950167294016e-01 9.950753561145e-01 9.951326194155e-01 9.951885663188e-01 9.952432417015e-01 9.952966884240e-01 9.953489474415e-01 9.954000579092e-01 9.954500572797e-01 9.954989813950e-01 9.955468645717e-01 9.955937396814e-01 9.956396382264e-01 9.956845904096e-01 9.957286252014e-01 9.957717704014e-01 9.958140526974e-01 9.958554977201e-01 9.958961300954e-01 9.959359734926e-01 9.959750506705e-01 9.960133835213e-01 9.960509931107e-01 9.960878997171e-01 9.961241228679e-01 9.961596813737e-01 9.961945933612e-01 9.962288763039e-01 9.962625470512e-01 9.962956218561e-01 9.963281164012e-01 9.963600458238e-01 9.963914247391e-01 9.964222672627e-01 9.964525870317e-01 9.964823972247e-01 9.965117105811e-01
1.000000000000e-12 5.903137914154e-01 7.945859108473e-01 8.630498757930e-01 8.972869302071e-01 9.178294808036e-01 9.315245545659e-01 9.413067576788e-01 9.486434118866e-01 9.543496990544e-01 9.589147289836e-01 9.626497535468e-01 9.657622740484e-01 9.683959452568e-01 9.706533777283e-01 9.726098192073e-01 9.743217055035e-01 9.758321934130e-01 9.771748493332e-01 9.783761730517e-01 9.794573643986e-01 9.804355851411e-01 9.813248767254e-01 9.821368386067e-01 9.828811369980e-01 9.835658915180e-01 9.841979726134e-01 9.847832328869e-01 9.853266888552e-01 9.858326651015e-01 9.863049095981e-01 9.867466867079e-01 9.871608527482e-01 9.875499178165e-01 9.879160967042e-01 9.882613510841e-01 9.885874246651e-01 9.888958726471e-01 9.891880865248e-01 9.894653150754e-01 9.897286821985e-01 9.899792021449e-01 9.902177925700e-01 9.904452857661e-01 9.906624383623e-01 9.908699397320e-01 9.910684193031e-01 9.912584529349e-01 9.914405684988e-01 9.916152507743e-01 9.917829457588e-01 9.919440644694e-01 9.920989863066e-01 9.922480620366e-01 9.923916164434e-01 9.925299506898e-01 9.926633444275e-01 9.927920576832e-01 9.929163325507e-01 9.930363947109e-01 9.931524547990e-01 9.932647096384e-01 9.933733433539e-01 9.934785283800e-01 9.935804263741e-01 9.936791890453e-01 9.937749589082e-01 9.938678699693e-01 9.939580483521e-01 9.940456128687e-01 9.941306755420e-01 9.942133420837e-01 9.942937123325e-01 9.943718806567e-01 9.944479363235e-01 9.945219638392e-01 9.945940432624e-01 9.946642504927e-01 9.947326575377e-01 9.947993327588e-01 9.948643410993e-01 9.949277442956e-01 9.949896010725e-01 9.950499673246e-01 9.951088962850e-01 9.951664386817e-01 9.952226428830e-01 9.952775550338e-01 9.953312191811e-01 9.953836773926e-01 9.954349698660e-01 9.954851350323e-01 9.955342096515e-01 9.955822289026e-01 9.956292264675e-01 9.956752346099e-01 9.957202842494e-01 9.957644050303e-01 9.958076253872e-01 9.958499726055e-01 9.958914728794e-01 9.959321513658e-01 9.959720322347e-01 9.960111387179e-01 9.960494931533e-01 9.960871170280e-01 9.961240310183e-01 9.961602550275e-01 9.961958082217e-01 9.962307090637e-01 9.962649753449e-01 9.962986242157e-01 9.963316722138e-01 9.963641352915e-01 9.963960288416e-01 9.964273677212e-01 9.964581662754e-01 9.964884383585e-01 9.965181973554e-01 9.965474562012e-01 9.965762273995e-01
1.000000000000e-12 5.980178407330e-01 7.985033580859e-01 8.656624072793e-01 8.992463876022e-01 9.193970545813e-01 9.328308676373e-01 9.424264550187e-01 9.496231471942e-01 9.552205749335e-01 9.596985172955e-01 9.633622883852e-01 9.664154309881e-01 9.689988593573e-01 9.712132265372e-01 9.731323447630e-01 9.748115732124e-01 9.762932453746e-01 9.776102872971e-01 9.787886932281e-01 9.798492585662e-01 9.808088176818e-01 9.816811441506e-01 9.824776161439e-01 9.832077154711e-01 9.838794068522e-01 9.844994296655e-01 9.850735248631e-01 9.856066132608e-01 9.861029369414e-01 9.865661723767e-01 9.869995216548e-01 9.874057866031e-01 9.877874294333e-01 9.881466226853e-01 9.884852906085e-01 9.888051436472e-01 9.891077073324e-01 9.893943466131e-01 9.896662864436e-01 9.899246292825e-01 9.901703700317e-01 9.904044088404e-01 9.906275621232e-01 9.908405720750e-01 9.910441149177e-01 9.912388080717e-01 9.914252164106e-01 9.916038577354e-01 9.917752075775e-01 9.919397034260e-01 9.920977484568e-01 9.922497148327e-01 9.923959466283e-01 9.925367624314e-01 9.926724576600e-01 9.928033066303e-01 9.929295644087e-01 9.930514684707e-01 9.931692401915e-01 9.932830861883e-01 9.933931995295e-01 9.934997608274e-01 9.936029392270e-01 9.937028933015e-01 9.937997718661e-01 9.938937147166e-01 9.939848533030e-01 9.940733113426e-01 9.941592053811e-01 9.942426453043e-01 9.943237348070e-01 9.944025718236e-01 9.944792489219e-01 9.945538536662e-01 9.946264689506e-01 9.946971733066e-01 9.947660411857e-01 9.948331432218e-01 9.948985464721e-01 9.949623146412e-01 9.950245082876e-01 9.950851850158e-01 9.951443996542e-01 9.952022044202e-01 9.952586490741e-01 9.953137810616e-01 9.953676456471e-01 9.954202860375e-01 9.954717434977e-01 9.955220574589e-01 9.955712656187e-01 9.956194040358e-01 9.956665072183e-01 9.957126082053e-01 9.957577386452e-01 9.958019288677e-01 9.958452079515e-01 9.958876037888e-01 9.959291431444e-01 9.959698517130e-01 9.960097541713e-01 9.960488742284e-01 9.960872346728e-01 9.961248574163e-01 9.961617635362e-01 9.961979733141e-01 9.962335062738e-01 9.962683812157e-01 9.963026162504e-01 9.963362288300e-01 9.963692357775e-01 9.964016533152e-01 9.964334970911e-01 9.964647822044e-01 9.964955232287e-01 9.965257342353e-01 9.965554288145e-01 9.965846200957e-01 9.966133207672e-01 9.966415430942e-01
1.000000000000e-12 6.058220451423e-01 8.024652724756e-01 8.683044978946e-01 9.012280086277e-01 9.209823584916e-01 9.341519556623e-01 9.435588165627e-01 9.506139636670e-01 9.561013007323e-01 9.604911705331e-01 9.640828822459e-01 9.670759753645e-01 9.696085926299e-01 9.717794074344e-01 9.736607802677e-01 9.753069814984e-01 9.767595119969e-01 9.780506502184e-01 9.792058791536e-01 9.802455851955e-01 9.811862716145e-01 9.820414410864e-01 9.828222479955e-01 9.835379876623e-01 9.841964681557e-01 9.848042963035e-01 9.853671001441e-01 9.858897037104e-01 9.863762656514e-01 9.868303901296e-01 9.872552162545e-01 9.876534907465e-01 9.880276273906e-01 9.883797559967e-01 9.887117629682e-01 9.890253251080e-01 9.893219379429e-01 9.896029395760e-01 9.898695308689e-01 9.901227925972e-01 9.903637000948e-01 9.905931358068e-01 9.908119000904e-01 9.910207205429e-01 9.912202600864e-01 9.914111239975e-01 9.915938660402e-01 9.917689938310e-01 9.919369735487e-01 9.920982340777e-01 9.922531706645e-01 9.924021481517e-01 9.925455038469e-01 9.926835500720e-01 9.928165764343e-01 9.929448518551e-01 9.930686263840e-01 9.931881328256e-01 9.933035882015e-01 9.934151950648e-01 9.935231426867e-01 9.936276081272e-01 9.937287572046e-01 9.938267453732e-01 9.939217185213e-01 9.940138136953e-01 9.941031597595e-01 9.941898779983e-01 9.942740826650e-01 9.943558814841e-01 9.944353761111e-01 9.945126625540e-01 9.945878315601e-01 9.946609689714e-01 9.947321560518e-01 9.948014697880e-01 9.948689831674e-01 9.949347654345e-01 9.949988823277e-01 9.950613962986e-01 9.951223667147e-01 9.951818500474e-01 9.952399000468e-01 9.952965679034e-01 9.953519023987e-01 9.954059500452e-01 9.954587552171e-01 9.955103602714e-01 9.955608056617e-01 9.956101300432e-01 9.956583703724e-01 9.957055619988e-01 9.957517387515e-01 9.957969330201e-01 9.958411758304e-01 9.958844969155e-01 9.959269247823e-01 9.959684867744e-01 9.960092091302e-01 9.960491170389e-01 9.960882346920e-01 9.961265853322e-01 9.961641912999e-01 9.962010740758e-01 9.962372543227e-01 9.962727519235e-01 9.963075860176e-01 9.963417750360e-01 9.963753367329e-01 9.964082882172e-01 9.964406459810e-01 9.964724259276e-01 9.965036433972e-01 9.965343131920e-01 9.965644495990e-01 9.965940664128e-01 9.966231769563e-01 9.966517941007e-01 9.966799302848e-01 9.967075975324e-01
1.000000000000e-12 6.137185698260e-01 8.064679592397e-01 8.709736891774e-01 9.032299497707e-01 9.225839177700e-01 9.354865896799e-01 9.447027889183e-01 9.516149395875e-01 9.569910571464e-01 9.612919513225e-01 9.648108647893e-01 9.677432926996e-01 9.702245778642e-01 9.723513937244e-01 9.741946341390e-01 9.758074695031e-01 9.772305595309e-01 9.784955284450e-01 9.796273427369e-01 9.806459755997e-01 9.815675958090e-01 9.824054323629e-01 9.831704135644e-01 9.838716463325e-01 9.845167804791e-01 9.851122889222e-01 9.856636856288e-01 9.861756968563e-01 9.866523969647e-01 9.870973170658e-01 9.875135326443e-01 9.879037347492e-01 9.882702882416e-01 9.886152797639e-01 9.889405574850e-01 9.892477642215e-01 9.895383651885e-01 9.898136713677e-01 9.900748592814e-01 9.903229877993e-01 9.905590124872e-01 9.907837979041e-01 9.909981281854e-01 9.912027161812e-01 9.913982113772e-01 9.915852067820e-01 9.917642449356e-01 9.919358231661e-01 9.921003982035e-01 9.922583902395e-01 9.924101865093e-01 9.925561444610e-01 9.926965945655e-01 9.928318428143e-01 9.929621729450e-01 9.930878484281e-01 9.932091142452e-01 9.933261984823e-01 9.934393137623e-01 9.935486585329e-01 9.936544182291e-01 9.937567663222e-01 9.938558652694e-01 9.939518673746e-01 9.940449155688e-01 9.941351441208e-01 9.942226792832e-01 9.943076398820e-01 9.943901378547e-01 9.944702787425e-01 9.945481621405e-01 9.946238821107e-01 9.946975275613e-01 9.947691825942e-01 9.948389268263e-01 9.949068356839e-01 9.949729806750e-01 9.950374296407e-01 9.951002469870e-01 9.951614938997e-01 9.952212285429e-01 9.952795062436e-01 9.953363796623e-01 9.953918989521e-01 9.954461119056e-01 9.954990640927e-01 9.955507989882e-01 9.956013580906e-01 9.956507810334e-01 9.956991056886e-01 9.957463682634e-01 9.957926033910e-01 9.958378442148e-01 9.958821224678e-01 9.959254685471e-01 9.959679115831e-01 9.960094795049e-01 9.960501991018e-01 9.960900960805e-01 9.961291951197e-01 9.961675199205e-01 9.962050932546e-01 9.962419370095e-01 9.962780722305e-01 9.963135191617e-01 9.963482972828e-01 9.963824253455e-01 9.964159214072e-01 9.964488028621e-01 9.964810864725e-01 9.965127883962e-01 9.965439242140e-01 9.965745089555e-01 9.966045571226e-01 9.966340827128e-01 9.966630992411e-01 9.966916197605e-01 9.967196568811e-01 9.967472227897e-01 9.967743292664e-01
1.000000000000e-12 6.216994033590e-01 8.105076607441e-01 8.736674809732e-01 9.052503362598e-01 9.242002326470e-01 9.368335198919e-01 9.458573008326e-01 9.526251376099e-01 9.578890109803e-01 9.621001097878e-01 9.655455543100e-01 9.684167580968e-01 9.708462382326e-01 9.729286497816e-01 9.747334064596e-01 9.763125685539e-01 9.777059468731e-01 9.789445053795e-01 9.800526893064e-01 9.810500548408e-01 9.819524331815e-01 9.827727771276e-01 9.835217868176e-01 9.842083790335e-01 9.848400438721e-01 9.854231191077e-01 9.859630035852e-01 9.864643248857e-01 9.869310723034e-01 9.873667032266e-01 9.877742289290e-01 9.881562842750e-01 9.885151847515e-01 9.888529734352e-01 9.891714599085e-01 9.894722526888e-01 9.897567863999e-01 9.900263446526e-01 9.902820794051e-01 9.905250274199e-01 9.907561243121e-01 9.909762165904e-01 9.911860720186e-01 9.913863885636e-01 9.915778021511e-01 9.917608934086e-01 9.919361935489e-01 9.921041895166e-01 9.922653285061e-01 9.924200219360e-01 9.925686489568e-01 9.927115595538e-01 9.928490772981e-01 9.929815017926e-01 9.931091108509e-01 9.932321624428e-01 9.933508964351e-01 9.934655361517e-01 9.935762897762e-01 9.936833516133e-01 9.937869032262e-01 9.938871144645e-01 9.939841443936e-01 9.940781421375e-01 9.941692476430e-01 9.942575923757e-01 9.943432999522e-01 9.944264867176e-01 9.945072622724e-01 9.945857299543e-01 9.946619872788e-01 9.947361263444e-01 9.948082342027e-01 9.948783932000e-01 9.949466812906e-01 9.950131723263e-01 9.950779363220e-01 9.951410397025e-01 9.952025455291e-01 9.952625137100e-01 9.953210011950e-01 9.953780621561e-01 9.954337481542e-01 9.954881082952e-01 9.955411893741e-01 9.955930360093e-01 9.956436907678e-01 9.956931942818e-01 9.957415853573e-01 9.957889010755e-01 9.958351768879e-01 9.958804467043e-01 9.959247429763e-01 9.959680967744e-01 9.960105378610e-01 9.960520947583e-01 9.960927948124e-01 9.961326642530e-01 9.961717282505e-01 9.962100109680e-01 9.962475356119e-01 9.962843244784e-01 9.963203989980e-01 9.963557797769e-01 9.963904866362e-01 9.964245386490e-01 9.964579541757e-01 9.964907508963e-01 9.965229458422e-01 9.965545554254e-01 9.965855954667e-01 9.966160812214e-01 9.966460274053e-01 9.966754482175e-01 9.967043573635e-01 9.967327680758e-01 9.967606931350e-01 9.967881448881e-01 9.968151352672e-01 9.968416758067e-01
1.000000000000e-12 6.297564006506e-01 8.145805731724e-01 8.763833424743e-01 9.072872703408e-01 9.258297849673e-01 9.381914811789e-01 9.470212679200e-01 9.536436088980e-01 9.587943188239e-01 9.629148868603e-01 9.662862607455e-01 9.690957389990e-01 9.714729898360e-01 9.735106334142e-01 9.752765911838e-01 9.768218042332e-01 9.781852275126e-01 9.793971593168e-01 9.804815193523e-01 9.814574433845e-01 9.823404222707e-01 9.831431303492e-01 9.838760377253e-01 9.845478694866e-01 9.851659547071e-01 9.857364949107e-01 9.862647728769e-01 9.867553167027e-01 9.872120299199e-01 9.876382955892e-01 9.880370602476e-01 9.884109021149e-01 9.887620868992e-01 9.890926137551e-01 9.894042533621e-01 9.896985796576e-01 9.899769964236e-01 9.902407596756e-01 9.904909966070e-01 9.907287216919e-01 9.909548504311e-01 9.911702111351e-01 9.913755550622e-01 9.915715651744e-01 9.917588637261e-01 9.919380188625e-01 9.921095503761e-01 9.922739347432e-01 9.924316095444e-01 9.925829773535e-01 9.927284091701e-01 9.928682474553e-01 9.930028088240e-01 9.931323864384e-01 9.932572521395e-01 9.933776583513e-01 9.934938397838e-01 9.936060149599e-01 9.937143875877e-01 9.938191477946e-01 9.939204732406e-01 9.940185301238e-01 9.941134740901e-01 9.942054510574e-01 9.942945979642e-01 9.943810434496e-01 9.944649084728e-01 9.945463068776e-01 9.946253459083e-01 9.947021266811e-01 9.947767446151e-01 9.948492898288e-01 9.949198475024e-01 9.949884982118e-01 9.950553182357e-01 9.951203798378e-01 9.951837515282e-01 9.952454983035e-01 9.953056818693e-01 9.953643608459e-01 9.954215909589e-01 9.954774252155e-01 9.955319140684e-01 9.955851055676e-01 9.956370455021e-01 9.956877775311e-01 9.957373433066e-01 9.957857825872e-01 9.958331333447e-01 9.958794318630e-01 9.959247128316e-01 9.959690094312e-01 9.960123534158e-01 9.960547751880e-01 9.960963038703e-01 9.961369673716e-01 9.961767924503e-01 9.962158047722e-01 9.962540289664e-01 9.962914886767e-01 9.963282066106e-01 9.963642045850e-01 9.963995035697e-01 9.964341237276e-01 9.964680844540e-01 9.965014044120e-01 9.965341015670e-01 9.965661932192e-01 9.965976960337e-01 9.966286260698e-01 9.966589988079e-01 9.966888291757e-01 9.967181315723e-01 9.967469198919e-01 9.967752075450e-01 9.968030074800e-01 9.968303322023e-01 9.968571937939e-01 9.968836039300e-01 9.969095738973e-01
1.000000000000e-12 6.378813259143e-01 8.186828631826e-01 8.791187232526e-01 9.093388395455e-01 9.274710448046e-01 9.395591986121e-01 9.481935973871e-01 9.546693972582e-01 9.597061307279e-01 9.637355175857e-01 9.670322886829e-01 9.697795979441e-01 9.721042442483e-01 9.740967982263e-01 9.758236783422e-01 9.773346984444e-01 9.786679514762e-01 9.798530652825e-01 9.809134302673e-01 9.818677587537e-01 9.827311988129e-01 9.835161443213e-01 9.842328336986e-01 9.848897989611e-01 9.854942070026e-01 9.860521221179e-01 9.865687101876e-01 9.870483991094e-01 9.874950060367e-01 9.879118391688e-01 9.883017798407e-01 9.886673492207e-01 9.890107628807e-01 9.893339757371e-01 9.896387192875e-01 9.899265326406e-01 9.901987885152e-01 9.904567151332e-01 9.907014147452e-01 9.909338793765e-01 9.911550042698e-01 9.913655994062e-01 9.915663994200e-01 9.917580721605e-01 9.919412261125e-01 9.921164168492e-01 9.922841526609e-01 9.924448994805e-01 9.925990852053e-01 9.927471035012e-01 9.928893171581e-01 9.930260610589e-01 9.931576448125e-01 9.932843550937e-01 9.934064577284e-01 9.935241995547e-01 9.936378100888e-01 9.937475030183e-01 9.938534775434e-01 9.939559195844e-01 9.940550028699e-01 9.941508899204e-01 9.942437329375e-01 9.943336746103e-01 9.944208488471e-01 9.945053814403e-01 9.945873906726e-01 9.946669878686e-01 9.947442778994e-01 9.948193596437e-01 9.948923264093e-01 9.949632663203e-01 9.950322626721e-01 9.950993942576e-01 9.951647356675e-01 9.952283575666e-01 9.952903269489e-01 9.953507073726e-01 9.954095591780e-01 9.954669396883e-01 9.955229033958e-01 9.955775021349e-01 9.956307852417e-01 9.956827997031e-01 9.957335902948e-01 9.957831997100e-01 9.958316686789e-01 9.958790360803e-01 9.959253390456e-01 9.959706130562e-01 9.960148920336e-01 9.960582084246e-01 9.961005932802e-01 9.961420763304e-01 9.961826860533e-01 9.962224497402e-01 9.962613935573e-01 9.962995426027e-01 9.963369209602e-01 9.963735517506e-01 9.964094571788e-01 9.964446585790e-01 9.964791764569e-01 9.965130305294e-01 9.965462397625e-01 9.965788224062e-01 9.966107960286e-01 9.966421775469e-01 9.966729832574e-01 9.967032288642e-01 9.967329295051e-01 9.967620997773e-01 9.967907537616e-01 9.968189050444e-01 9.968465667397e-01 9.968737515092e-01 9.969004715817e-01 9.969267387717e-01 9.969525644963e-01 9.969779597922e-01
1.000000000000e-12 6.460658951296e-01 8.228106843864e-01 8.818710641775e-01 9.114031248763e-01 9.291224770086e-01 9.409353929093e-01 9.493731927090e-01 9.557015432322e-01 9.606235938408e-01 9.645612343975e-01 9.677829403347e-01 9.704676952938e-01 9.727394110338e-01 9.746865959563e-01 9.763741562239e-01 9.778507714587e-01 9.791536672545e-01 9.803117968510e-01 9.813480180691e-01 9.822806171654e-01 9.831243973003e-01 9.838914701502e-01 9.845918410132e-01 9.852338476376e-01 9.858244937320e-01 9.863697055115e-01 9.868745312333e-01 9.873432979750e-01 9.877797359758e-01 9.881870781100e-01 9.885681401064e-01 9.889253857281e-01 9.892609801000e-01 9.895768336264e-01 9.898746383800e-01 9.901558984250e-01 9.904219552243e-01 9.906740090342e-01 9.909131370076e-01 9.911403085824e-01 9.913563986170e-01 9.915621986500e-01 9.917584265883e-01 9.919457350750e-01 9.921247187400e-01 9.922959205065e-01 9.924598370914e-01 9.926169238187e-01 9.927675988428e-01 9.929122468660e-01 9.930512224176e-01 9.931848527557e-01 9.933134404396e-01 9.934372656166e-01 9.935565880600e-01 9.936716489875e-01 9.937826726894e-01 9.938898679879e-01 9.939934295474e-01 9.940935390550e-01 9.941903662836e-01 9.942840700532e-01 9.943747991000e-01 9.944626928640e-01 9.945478822046e-01 9.946304900500e-01 9.947106319895e-01 9.947884168132e-01 9.948639470043e-01 9.949373191900e-01 9.950086245535e-01 9.950779492125e-01 9.951453745657e-01 9.952109776121e-01 9.952748312440e-01 9.953370045171e-01 9.953975629000e-01 9.954565685038e-01 9.955140802949e-01 9.955701542912e-01 9.956248437444e-01 9.956781993085e-01 9.957302691964e-01 9.957810993250e-01 9.958307334506e-01 9.958792132942e-01 9.959265786586e-01 9.959728675375e-01 9.960181162168e-01 9.960623593700e-01 9.961056301461e-01 9.961479602532e-01 9.961893800355e-01 9.962299185457e-01 9.962696036137e-01 9.963084619094e-01 9.963465190031e-01 9.963837994214e-01 9.964203267000e-01 9.964561234330e-01 9.964912113198e-01 9.965256112088e-01 9.965593431388e-01 9.965924263779e-01 9.966248794600e-01 9.966567202198e-01 9.966879658252e-01 9.967186328083e-01 9.967487370945e-01 9.967782940300e-01 9.968073184081e-01 9.968358244937e-01 9.968638260469e-01 9.968913363447e-01 9.969183682026e-01 9.969449339939e-01 9.969710456692e-01 9.969967147737e-01 9.970219524647e-01 9.970467695275e-01
1.000000000000e-12 6.543018174907e-01 8.269601934981e-01 8.846378081218e-01 9.134782088315e-01 9.307825476248e-01 9.423187857848e-01 9.505589582146e-01 9.567390881085e-01 9.615458559748e-01 9.653912703271e-01 9.685375184566e-01 9.711593919076e-01 9.733779002167e-01 9.752794787696e-01 9.769275135166e-01 9.783695439208e-01 9.796419236895e-01 9.807729279286e-01 9.817848790900e-01 9.826956351353e-01 9.835196525097e-01 9.842687592138e-01 9.849527262044e-01 9.855796959458e-01 9.861565081080e-01 9.866889501038e-01 9.871819519518e-01 9.876397393821e-01 9.880659552655e-01 9.884637567566e-01 9.888358936354e-01 9.891847719593e-01 9.895125061424e-01 9.898209618441e-01 9.901117915057e-01 9.903864639638e-01 9.906462892621e-01 9.908924395447e-01 9.911259667358e-01 9.913478175674e-01 9.915588464073e-01 9.917598262547e-01 9.919514582023e-01 9.921343796068e-01 9.923091711711e-01 9.924763631021e-01 9.926364404829e-01 9.927898479729e-01 9.929369939326e-01 9.930782540539e-01 9.932139745627e-01 9.933444750519e-01 9.934700509943e-01 9.935909759759e-01 9.937075036854e-01 9.938198696910e-01 9.939282930298e-01 9.940329776327e-01 9.941341136050e-01 9.942318783783e-01 9.943264377491e-01 9.944179468177e-01 9.945065508365e-01 9.945923859796e-01 9.946755800415e-01 9.947562530712e-01 9.948345179507e-01 9.949104809220e-01 9.949842420681e-01 9.950558957528e-01 9.951255310239e-01 9.951932319819e-01 9.952590781191e-01 9.953231446310e-01 9.953855027026e-01 9.954462197723e-01 9.955053597753e-01 9.955629833679e-01 9.956191481354e-01 9.956739087837e-01 9.957273173173e-01 9.957794232036e-01 9.958302735265e-01 9.958799131273e-01 9.959283847376e-01 9.959757291011e-01 9.960219850885e-01 9.960671898034e-01 9.961113786820e-01 9.961545855855e-01 9.961968428868e-01 9.962381815511e-01 9.962786312118e-01 9.963182202415e-01 9.963569758179e-01 9.963949239864e-01 9.964320897185e-01 9.964684969663e-01 9.965041687141e-01 9.965391270270e-01 9.965733930960e-01 9.966069872813e-01 9.966399291524e-01 9.966722375259e-01 9.967039305019e-01 9.967350254971e-01 9.967655392775e-01 9.967954879879e-01 9.968248871807e-01 9.968537518427e-01 9.968820964207e-01 9.969099348455e-01 9.969372805548e-01 9.969641465149e-01 9.969905452408e-01 9.970164888164e-01 9.970419889119e-01 9.970670568025e-01 9.970917033840e-01 9.971159391891e-01
1.000000000000e-12 6.625808353826e-01 8.311275660125e-01 8.874164103591e-01 9.155621832002e-01 9.324497301295e-01 9.437081051446e-01 9.517498035403e-01 9.577810778197e-01 9.624720690705e-01 9.662248621210e-01 9.692953291818e-01 9.718540517408e-01 9.740191246790e-01 9.758749014851e-01 9.774832413846e-01 9.788905387972e-01 9.801322718086e-01 9.812360344856e-01 9.822236116177e-01 9.831124310367e-01 9.839166009872e-01 9.846476645787e-01 9.853151574230e-01 9.859270258637e-01 9.864899448291e-01 9.870095623357e-01 9.874906896566e-01 9.879374507403e-01 9.883534007147e-01 9.887416206909e-01 9.891047942170e-01 9.894452693977e-01 9.897651097190e-01 9.900661359037e-01 9.903499605922e-01 9.906180172424e-01 9.908715843439e-01 9.911118058086e-01 9.913397082237e-01 9.915562155181e-01 9.917621614811e-01 9.919583004935e-01 9.921453167611e-01 9.923238322892e-01 9.924944137939e-01 9.926575787114e-01 9.928138004410e-01 9.929635129318e-01 9.931071147087e-01 9.932449724145e-01 9.933774239358e-01 9.935047811678e-01 9.936273324665e-01 9.937453448283e-01 9.938590658314e-01 9.939687253701e-01 9.940745372057e-01 9.941767003573e-01 9.942754003513e-01 9.943708103454e-01 9.944630921431e-01 9.945523971085e-01 9.946388669957e-01 9.947226346988e-01 9.948038249342e-01 9.948825548595e-01 9.949589346377e-01 9.950330679519e-01 9.951050524743e-01 9.951749802961e-01 9.952429383201e-01 9.953090086212e-01 9.953732687771e-01 9.954357921720e-01 9.954966482763e-01 9.955559029043e-01 9.956136184510e-01 9.956698541119e-01 9.957246660851e-01 9.957781077591e-01 9.958302298855e-01 9.958810807406e-01 9.959307062738e-01 9.959791502467e-01 9.960264543615e-01 9.960726583805e-01 9.961178002382e-01 9.961619161446e-01 9.962050406823e-01 9.962472068970e-01 9.962884463816e-01 9.963287893557e-01 9.963682647390e-01 9.964069002205e-01 9.964447223234e-01 9.964817564659e-01 9.965180270178e-01 9.965535573543e-01 9.965883699063e-01 9.966224862073e-01 9.966559269379e-01 9.966887119679e-01 9.967208603954e-01 9.967523905839e-01 9.967833201974e-01 9.968136662333e-01 9.968434450535e-01 9.968726724141e-01 9.969013634929e-01 9.969295329157e-01 9.969571947813e-01 9.969843626851e-01 9.970110497409e-01 9.970372686029e-01 9.970630314846e-01 9.970883501787e-01 9.971132360746e-01 9.971377001756e-01 9.971617531153e-01 9.971854051727e-01
1.000000000000e-12 6.708947624725e-01 8.353090112799e-01 8.902043485672e-01 9.176531565616e-01 9.341225114298e-01 9.451020900868e-01 9.529446479152e-01 9.588265666922e-01 9.634013925291e-01 9.670612532406e-01 9.700556847481e-01 9.725510443447e-01 9.746625024680e-01 9.764723237181e-01 9.780408354690e-01 9.794132832515e-01 9.806242665892e-01 9.817006962228e-01 9.826638174741e-01 9.835306266003e-01 9.843148824764e-01 9.850278423638e-01 9.856788057392e-01 9.862755221667e-01 9.868245012800e-01 9.873312512308e-01 9.878004641482e-01 9.882361618571e-01 9.886418114483e-01 9.890204177333e-01 9.893745978064e-01 9.897066416250e-01 9.900185615757e-01 9.903121332941e-01 9.905889294857e-01 9.908503481111e-01 9.910976360000e-01 9.913319087368e-01 9.915541674872e-01 9.917653133000e-01 9.919661593171e-01 9.921574412381e-01 9.923398263256e-01 9.925139211818e-01 9.926802784889e-01 9.928394028695e-01 9.929917560000e-01 9.931377610833e-01 9.932778067755e-01 9.934122506400e-01 9.935414221961e-01 9.936656256154e-01 9.937851421132e-01 9.939002320741e-01 9.940111369454e-01 9.941180809286e-01 9.942212724912e-01 9.943209057241e-01 9.944171615593e-01 9.945102088667e-01 9.946002054426e-01 9.946872989032e-01 9.947716274921e-01 9.948533208125e-01 9.949325004923e-01 9.950092807879e-01 9.950837691343e-01 9.951560666470e-01 9.952262685797e-01 9.952944647428e-01 9.953607398873e-01 9.954251740555e-01 9.954878429041e-01 9.955488180000e-01 9.956081670933e-01 9.956659543684e-01 9.957222406753e-01 9.957770837436e-01 9.958305383797e-01 9.958826566500e-01 9.959334880494e-01 9.959830796585e-01 9.960314762891e-01 9.960787206190e-01 9.961248533176e-01 9.961699131628e-01 9.962139371494e-01 9.962569605909e-01 9.962990172135e-01 9.963401392444e-01 9.963803574945e-01 9.964197014348e-01 9.964581992688e-01 9.964958780000e-01 9.965327634947e-01 9.965688805417e-01 9.966042529072e-01 9.966389033877e-01 9.966728538586e-01 9.967061253200e-01 9.967387379406e-01 9.967707110980e-01 9.968020634175e-01 9.968328128077e-01 9.968629764952e-01 9.968925710566e-01 9.969216124486e-01 9.969501160370e-01 9.969780966238e-01 9.970055684727e-01 9.970325453333e-01 9.970590404643e-01 9.970850666549e-01 9.971106362456e-01 9.971357611478e-01 9.971604528621e-01 9.971847224957e-01 9.972085807797e-01 9.972320380840e-01 9.972551044333e-01
1.000000000000e-12 6.792355195662e-01 8.395007868622e-01 8.929991323602e-01 9.197492614317e-01 9.357993975796e-01 9.464994956648e-01 9.541424242446e-01 9.598746210187e-01 9.643329963890e-01 9.678996967204e-01 9.708179060960e-01 9.732497472482e-01 9.753074589950e-01 9.770712119221e-01 9.785997977929e-01 9.799373104303e-01 9.811174686399e-01 9.821664981597e-01 9.831051035195e-01 9.839498483435e-01 9.847141412794e-01 9.854089530394e-01 9.860433463855e-01 9.866248736194e-01 9.871598786746e-01 9.876537294948e-01 9.881109987728e-01 9.885356059594e-01 9.889309298919e-01 9.892998988955e-01 9.896450634472e-01 9.899686552145e-01 9.902726353595e-01 9.905587343195e-01 9.908284847675e-01 9.910832490796e-01 9.913242423477e-01 9.915525517596e-01 9.917691529965e-01 9.919749241716e-01 9.921706577284e-01 9.923570706396e-01 9.925348131829e-01 9.927044765196e-01 9.928665992636e-01 9.930216731927e-01 9.931701482311e-01 9.933124368097e-01 9.934489176911e-01 9.935799393373e-01 9.937058228797e-01 9.938268647474e-01 9.939433389974e-01 9.940554993864e-01 9.941635812157e-01 9.942678029797e-01 9.943683678397e-01 9.944654649459e-01 9.945592706248e-01 9.946499494477e-01 9.947376551945e-01 9.948225317236e-01 9.949047137597e-01 9.949843276072e-01 9.950614917979e-01 9.951363176798e-01 9.952089099532e-01 9.952793671598e-01 9.953477821285e-01 9.954142423838e-01 9.954788305192e-01 9.955416245398e-01 9.956026981762e-01 9.956621211738e-01 9.957199595582e-01 9.957762758798e-01 9.958311294398e-01 9.958845764983e-01 9.959366704666e-01 9.959874620858e-01 9.960369995909e-01 9.960853288642e-01 9.961324935767e-01 9.961785353198e-01 9.962234937278e-01 9.962674065914e-01 9.963103099640e-01 9.963522382598e-01 9.963932243468e-01 9.964332996318e-01 9.964724941414e-01 9.965108365963e-01 9.965483544824e-01 9.965850741156e-01 9.966210207038e-01 9.966562184048e-01 9.966906903800e-01 9.967244588455e-01 9.967575451198e-01 9.967899696686e-01 9.968217521472e-01 9.968529114398e-01 9.968834656977e-01 9.969134323737e-01 9.969428282558e-01 9.969716694987e-01 9.969999716529e-01 9.970277496932e-01 9.970550180446e-01 9.970817906079e-01 9.971080807826e-01 9.971339014899e-01 9.971592651935e-01 9.971841839199e-01 9.972086692771e-01 9.972327324730e-01 9.972563843322e-01 9.972796353124e-01 9.973024955199e-01 9.973249747239e-01
1.000000000000e-12 6.875951679388e-01 8.436992120667e-01 8.957983122796e-01 9.218486610051e-01 9.374789191735e-01 9.478990973819e-01 9.553420829619e-01 9.609243224292e-01 9.652660643216e-01 9.687394578647e-01 9.715813253204e-01 9.739495482050e-01 9.759534291095e-01 9.776710413144e-01 9.791596385593e-01 9.804621611488e-01 9.816114457868e-01 9.826330321318e-01 9.835470830721e-01 9.843697289184e-01 9.851140275413e-01 9.857906626530e-01 9.864084599290e-01 9.869747740986e-01 9.874957831346e-01 9.879767145525e-01 9.884220214209e-01 9.888355206559e-01 9.892205027022e-01 9.895798192788e-01 9.899159541408e-01 9.902310805739e-01 9.905271084353e-01 9.908057228931e-01 9.910684165247e-01 9.913165160657e-01 9.915512048207e-01 9.917735415359e-01 9.919844763683e-01 9.921848644591e-01 9.923754775211e-01 9.925570137706e-01 9.927301064736e-01 9.928953313265e-01 9.930532128525e-01 9.932042299644e-01 9.933488208163e-01 9.934873870493e-01 9.936202975176e-01 9.937478915673e-01 9.938704819287e-01 9.939883572762e-01 9.941017844974e-01 9.942110107104e-01 9.943162650612e-01 9.944177603279e-01 9.945156943573e-01 9.946102513511e-01 9.947016030231e-01 9.947899096394e-01 9.948753209568e-01 9.949579770704e-01 9.950380091804e-01 9.951155402869e-01 9.951906858210e-01 9.952635542176e-01 9.953342474383e-01 9.954028614465e-01 9.954694866430e-01 9.955342082624e-01 9.955971067375e-01 9.956582580328e-01 9.957177339502e-01 9.957756024103e-01 9.958319277115e-01 9.958867707680e-01 9.959401893294e-01 9.959922381842e-01 9.960429693464e-01 9.960924322296e-01 9.961406738070e-01 9.961877387605e-01 9.962336696188e-01 9.962785068853e-01 9.963222891572e-01 9.963650532368e-01 9.964068342341e-01 9.964476656632e-01 9.964875795322e-01 9.965266064263e-01 9.965647755864e-01 9.966021149822e-01 9.966386513803e-01 9.966744104081e-01 9.967094166144e-01 9.967436935246e-01 9.967772636945e-01 9.968101487588e-01 9.968423694784e-01 9.968739457836e-01 9.969048968155e-01 9.969352409644e-01 9.969649959064e-01 9.969941786381e-01 9.970228055082e-01 9.970508922487e-01 9.970784540034e-01 9.971055053552e-01 9.971320603520e-01 9.971581325306e-01 9.971837349402e-01 9.972088801640e-01 9.972335803395e-01 9.972578471786e-01 9.972816919858e-01 9.973051256756e-01 9.973281587894e-01 9.973508015116e-01 9.973730636837e-01 9.973949548197e-01
1.000000000000e-12 6.959659399120e-01 8.479006805710e-01 8.985994881873e-01 9.239495554482e-01 9.391596363809e-01 9.492996953866e-01 9.565425956250e-01 9.619747710375e-01 9.661997964281e-01 9.695798167649e-01 9.723452879588e-01 9.746498472911e-01 9.765998590357e-01 9.782712976747e-01 9.797198778290e-01 9.809873854643e-01 9.821057745544e-01 9.830998981901e-01 9.839893772326e-01 9.847899083709e-01 9.855141984485e-01 9.861726439735e-01 9.867738333659e-01 9.873249236423e-01 9.878319266966e-01 9.882999295160e-01 9.887332654598e-01 9.891356488363e-01 9.895102816350e-01 9.898599389138e-01 9.901870376586e-01 9.904936927317e-01 9.907817626489e-01 9.910528872769e-01 9.913085190690e-01 9.915499490949e-01 9.917783288491e-01 9.919946886162e-01 9.921999530106e-01 9.923949541854e-01 9.925804431077e-01 9.927570992242e-01 9.929255387771e-01 9.930863219867e-01 9.932399592759e-01 9.933869166829e-01 9.935276205833e-01 9.936624618211e-01 9.937917993350e-01 9.939159633483e-01 9.940352581846e-01 9.941499647580e-01 9.942603427814e-01 9.943666327299e-01 9.944690575894e-01 9.945678244181e-01 9.946631257441e-01 9.947551408175e-01 9.948440367358e-01 9.949299694569e-01 9.950130847117e-01 9.950935188293e-01 9.951713994828e-01 9.952468463659e-01 9.953199718064e-01 9.953908813245e-01 9.954596741405e-01 9.955264436385e-01 9.955912777886e-01 9.956542595345e-01 9.957154671467e-01 9.957749745474e-01 9.958328516084e-01 9.958891644245e-01 9.959439755655e-01 9.959973443081e-01 9.960493268495e-01 9.960999765053e-01 9.961493438913e-01 9.961974770927e-01 9.962444218199e-01 9.962902215538e-01 9.963349176797e-01 9.963785496121e-01 9.964211549108e-01 9.964627693886e-01 9.965034272117e-01 9.965431609934e-01 9.965820018811e-01 9.966199796379e-01 9.966571227188e-01 9.966934583415e-01 9.967290125528e-01 9.967638102916e-01 9.967978754465e-01 9.968312309106e-01 9.968638986331e-01 9.968958996675e-01 9.969272542163e-01 9.969579816741e-01 9.969881006675e-01 9.970176290923e-01 9.970465841497e-01 9.970749823790e-01 9.971028396897e-01 9.971301713907e-01 9.971569922188e-01 9.971833163650e-01 9.972091574992e-01 9.972345287947e-01 9.972594429497e-01 9.972839122091e-01 9.973079483842e-01 9.973315628721e-01 9.973547666732e-01 9.973775704088e-01 9.973999843369e-01 9.974220183679e-01 9.974436820791e-01 9.974649847285e-01
1.000000000000e-12 7.043402665128e-01 8.521016720677e-01 9.014003170123e-01 9.260501877081e-01 9.408401435931e-01 9.507001183454e-01 9.577429582354e-01 9.630250883453e-01 9.671334118217e-01 9.704200706227e-01 9.731091551040e-01 9.753500588416e-01 9.772462081596e-01 9.788714790043e-01 9.802800470701e-01 9.815125441279e-01 9.826000415319e-01 9.835667058911e-01 9.844316161073e-01 9.852100353019e-01 9.859143193351e-01 9.865545775471e-01 9.871391611320e-01 9.876750294182e-01 9.881680282414e-01 9.886231040783e-01 9.890444705939e-01 9.894357395013e-01 9.898000243460e-01 9.901400235345e-01 9.904580872914e-01 9.907562720636e-01 9.910363850314e-01 9.913000207657e-01 9.915485916010e-01 9.917833529454e-01 9.920054244874e-01 9.922158080535e-01 9.924154027188e-01 9.926050176509e-01 9.927853830740e-01 9.929571596675e-01 9.931209466520e-01 9.932772887735e-01 9.934266823563e-01 9.935695805660e-01 9.937063980007e-01 9.938375147091e-01 9.939632797150e-01 9.940840141207e-01 9.942000138438e-01 9.943115520391e-01 9.944188812459e-01 9.945222352969e-01 9.946218310188e-01 9.947178697506e-01 9.948105387024e-01 9.949000121730e-01 9.949864526447e-01 9.950700117672e-01 9.951508312465e-01 9.952290436457e-01 9.953047731117e-01 9.953781360318e-01 9.954492416313e-01 9.955181925157e-01 9.955850851647e-01 9.956500103829e-01 9.957130537106e-01 9.957742958005e-01 9.958338127611e-01 9.958916764727e-01 9.959479548772e-01 9.960027122437e-01 9.960560094138e-01 9.961079040268e-01 9.961584507277e-01 9.962077013594e-01 9.962557051397e-01 9.963025088254e-01 9.963481568646e-01 9.963926915370e-01 9.964361530848e-01 9.964785798337e-01 9.965200083063e-01 9.965604733260e-01 9.966000081153e-01 9.966386443868e-01 9.966764124274e-01 9.967133411782e-01 9.967494583081e-01 9.967847902830e-01 9.968193624305e-01 9.968531990004e-01 9.968863232214e-01 9.969187573545e-01 9.969505227426e-01 9.969816398575e-01 9.970121283438e-01 9.970420070603e-01 9.970712941192e-01 9.971000069219e-01 9.971281621945e-01 9.971557760196e-01 9.971828638670e-01 9.972094406230e-01 9.972355206171e-01 9.972611176485e-01 9.972862450095e-01 9.973109155094e-01 9.973351414958e-01 9.973589348753e-01 9.973823071330e-01 9.974052693512e-01 9.974278322264e-01 9.974500060865e-01 9.974718009063e-01 9.974932263223e-01 9.975142916473e-01 9.975350058836e-01
1.000000000000e-12 7.127108021134e-01 8.562987628740e-01 9.041985198133e-01 9.281488488095e-01 9.425190736609e-01 9.520992269732e-01 9.589421942649e-01 9.640744198912e-01 9.680661509810e-01 9.712595358691e-01 9.738723053294e-01 9.760496132156e-01 9.778919506590e-01 9.794710970396e-01 9.808396905699e-01 9.820372099090e-01 9.830938446200e-01 9.840330754744e-01 9.848734399230e-01 9.856297679268e-01 9.863140646922e-01 9.869361526607e-01 9.875041460233e-01 9.880248066056e-01 9.885038143414e-01 9.889459753283e-01 9.893553836494e-01 9.897355485191e-01 9.900894951219e-01 9.904198452845e-01 9.907288825334e-01 9.910186049542e-01 9.912907684404e-01 9.915469223098e-01 9.917884388153e-01 9.920165377371e-01 9.922323069874e-01 9.924367199614e-01 9.926306502188e-01 9.928148839634e-01 9.929901306960e-01 9.931570323460e-01 9.933161711287e-01 9.934680763303e-01 9.936132301896e-01 9.937520730116e-01 9.938850076284e-01 9.940124033028e-01 9.941345991538e-01 9.942519071707e-01 9.943646148732e-01 9.944729876641e-01 9.945772709157e-01 9.946776918247e-01 9.947744610643e-01 9.948677742595e-01 9.949578133076e-01 9.950447475609e-01 9.951287348904e-01 9.952099226422e-01 9.952884485006e-01 9.953644412667e-01 9.954380215640e-01 9.955093024771e-01 9.955783901313e-01 9.956453842202e-01 9.957103784856e-01 9.957734611549e-01 9.958347153411e-01 9.958942194076e-01 9.959520473033e-01 9.960082688685e-01 9.960629501169e-01 9.961161534937e-01 9.961679381138e-01 9.962183599807e-01 9.962674721888e-01 9.963153251094e-01 9.963619665637e-01 9.964074419817e-01 9.964517945498e-01 9.964950653480e-01 9.965372934763e-01 9.965785161730e-01 9.966187689239e-01 9.966580855643e-01 9.966964983740e-01 9.967340381652e-01 9.967707343656e-01 9.968066150948e-01 9.968417072366e-01 9.968760365058e-01 9.969096275111e-01 9.969425038142e-01 9.969746879846e-01 9.970062016514e-01 9.970370655519e-01 9.970672995769e-01 9.970969228135e-01 9.971259535853e-01 9.971544094904e-01 9.971823074366e-01 9.972096636751e-01 9.972364938321e-01 9.972628129384e-01 9.972886354579e-01 9.973139753134e-01 9.973388459124e-01 9.973632601700e-01 9.973872305321e-01 9.974107689958e-01 9.974338871298e-01 9.974565960932e-01 9.974789066538e-01 9.975008292046e-01 9.975223737805e-01 9.975435500729e-01 9.975643674452e-01 9.975848349457e-01 9.976049613211e-01
1.000000000000e-12 7.210704460020e-01 8.604886354666e-01 9.069918881318e-01 9.302438826194e-01 9.441951017060e-01 9.534959172107e-01 9.601393573783e-01 9.651219376323e-01 9.689972778682e-01 9.720975500701e-01 9.746341364223e-01 9.767479583847e-01 9.785365769692e-01 9.800696786136e-01 9.813983667056e-01 9.825609687863e-01 9.835867941517e-01 9.844986389210e-01 9.853145000303e-01 9.860487750288e-01 9.867131190750e-01 9.873170682079e-01 9.878685000250e-01 9.883739791906e-01 9.888390200230e-01 9.892682884836e-01 9.896657592805e-01 9.900348393062e-01 9.903784655370e-01 9.906991833525e-01 9.909992096959e-01 9.912804843929e-01 9.915447121386e-01 9.917933970757e-01 9.920278714450e-01 9.922493194604e-01 9.924587973128e-01 9.926572500151e-01 9.928455256557e-01 9.930243875143e-01 9.931945244042e-01 9.933565595375e-01 9.935110581529e-01 9.936585341039e-01 9.937994555683e-01 9.939342500125e-01 9.940633085228e-01 9.941869895953e-01 9.943056224607e-01 9.944195100115e-01 9.945289313838e-01 9.946341442418e-01 9.947353868033e-01 9.948328796402e-01 9.949268272832e-01 9.950174196531e-01 9.951048333434e-01 9.951892327685e-01 9.952707711962e-01 9.953495916762e-01 9.954258278783e-01 9.954996048480e-01 9.955710396916e-01 9.956402421965e-01 9.957073153934e-01 9.957723560693e-01 9.958354552324e-01 9.958966985378e-01 9.959561666750e-01 9.960139357225e-01 9.960700774729e-01 9.961246597302e-01 9.961777465832e-01 9.962293986564e-01 9.962796733410e-01 9.963286250075e-01 9.963763052023e-01 9.964227628279e-01 9.964680443111e-01 9.965121937572e-01 9.965552530935e-01 9.965972622021e-01 9.966382590430e-01 9.966782797687e-01 9.967173588303e-01 9.967555290764e-01 9.967928218457e-01 9.968292670520e-01 9.968648932649e-01 9.968997277841e-01 9.969337967096e-01 9.969671250062e-01 9.969997365653e-01 9.970316542614e-01 9.970629000060e-01 9.970934947976e-01 9.971234587688e-01 9.971528112303e-01 9.971815707129e-01 9.972097550057e-01 9.972373811938e-01 9.972644656919e-01 9.972910242774e-01 9.973170721209e-01 9.973426238150e-01 9.973676934016e-01 9.973922943979e-01 9.974164398201e-01 9.974401422071e-01 9.974634136416e-01 9.974862657709e-01 9.975087098265e-01 9.975307566422e-01 9.975524166717e-01 9.975737000050e-01 9.975946163843e-01 9.976151752186e-01 9.976353855981e-01 9.976552563073e-01 9.976747958381e-01
1.000000000000e-12 7.294123608942e-01 8.646680869188e-01 9.097782896179e-01 9.323336900664e-01 9.458669484969e-01 9.548891230367e-01 9.613335338445e-01 9.661668420543e-01 9.699260818040e-01 9.729334736146e-01 9.753940669182e-01 9.774445613397e-01 9.791795950818e-01 9.806667668611e-01 9.819556490701e-01 9.830834210030e-01 9.840785138851e-01 9.849630408914e-01 9.857544597918e-01 9.864667368022e-01 9.871111779068e-01 9.876970334565e-01 9.882319450453e-01 9.887222806684e-01 9.891733894417e-01 9.895897975401e-01 9.899753605942e-01 9.903333834301e-01 9.906667150359e-01 9.909778245347e-01 9.912688624530e-01 9.915417105013e-01 9.917980223043e-01 9.920392569424e-01 9.922667067441e-01 9.924815204456e-01 9.926847225957e-01 9.928772298958e-01 9.930598650267e-01 9.932333684011e-01 9.933984081962e-01 9.935555889534e-01 9.937054589777e-01 9.938485167282e-01 9.939852163565e-01 9.941159725227e-01 9.942411645966e-01 9.943611403342e-01 9.944762191029e-01 9.945866947208e-01 9.946928379616e-01 9.947948987700e-01 9.948931082272e-01 9.949876802971e-01 9.950788133826e-01 9.951666917150e-01 9.952514865972e-01 9.953333575180e-01 9.954124531533e-01 9.954889122674e-01 9.955628645253e-01 9.956344312265e-01 9.957037259689e-01 9.957708552507e-01 9.958359190160e-01 9.958990111522e-01 9.959602199409e-01 9.960196284712e-01 9.960773150151e-01 9.961333533720e-01 9.961878131837e-01 9.962407602228e-01 9.962922566581e-01 9.963423612979e-01 9.963911298139e-01 9.964386149479e-01 9.964848667018e-01 9.965299325134e-01 9.965738574183e-01 9.966166842005e-01 9.966584535314e-01 9.966992040981e-01 9.967389727234e-01 9.967777944767e-01 9.968157027770e-01 9.968527294889e-01 9.968889050120e-01 9.969242583641e-01 9.969588172589e-01 9.969926081782e-01 9.970256564400e-01 9.970579862613e-01 9.970896208177e-01 9.971205822983e-01 9.971508919583e-01 9.971805701671e-01 9.972096364540e-01 9.972381095515e-01 9.972660074348e-01 9.972933473604e-01 9.973201459014e-01 9.973464189808e-01 9.973721819033e-01 9.973974493850e-01 9.974222355814e-01 9.974465541136e-01 9.974704180938e-01 9.974938401485e-01 9.975168324408e-01 9.975394066913e-01 9.975615741986e-01 9.975833458575e-01 9.976047321774e-01 9.976257432986e-01 9.976463890091e-01 9.976666787590e-01 9.976866216756e-01 9.977062265766e-01 9.977255019835e-01 9.977444561337e-01
1.000000000000e-12 7.377299884342e-01 8.688340362300e-01 9.125556729223e-01 9.344167328107e-01 9.475333833845e-01 9.562778189150e-01 9.625238446339e-01 9.672083640066e-01 9.708518790993e-01 9.737666911821e-01 9.761515374350e-01 9.781389093138e-01 9.798205316735e-01 9.812619222678e-01 9.825111274497e-01 9.836041819839e-01 9.845686418671e-01 9.854259395411e-01 9.861929953547e-01 9.868833455869e-01 9.875079481780e-01 9.880757687154e-01 9.885942135538e-01 9.890694546557e-01 9.895066764695e-01 9.899102658361e-01 9.902839596940e-01 9.906309611335e-01 9.909540314392e-01 9.912555637246e-01 9.915376423141e-01 9.918020909918e-01 9.920505124769e-01 9.922843209335e-01 9.925047689068e-01 9.927129697705e-01 9.929099165334e-01 9.930964976773e-01 9.932735105574e-01 9.934416727934e-01 9.936016319936e-01 9.937539740890e-01 9.938992305055e-01 9.940378843577e-01 9.941703758164e-01 9.942971067769e-01 9.944184449306e-01 9.945347273279e-01 9.946462635049e-01 9.947533382347e-01 9.948562139556e-01 9.949551329180e-01 9.950503190894e-01 9.951419798470e-01 9.952303074861e-01 9.953154805667e-01 9.953976651182e-01 9.954770157196e-01 9.955536764701e-01 9.956277818623e-01 9.956994575695e-01 9.957688211571e-01 9.958359827260e-01 9.959010454959e-01 9.959641063344e-01 9.960252562384e-01 9.960845807722e-01 9.961421604667e-01 9.961980711846e-01 9.962523844534e-01 9.963051677709e-01 9.963564848852e-01 9.964063960512e-01 9.964549582667e-01 9.965022254898e-01 9.965482488386e-01 9.965930767758e-01 9.966367552787e-01 9.966793279967e-01 9.967208363967e-01 9.967613198980e-01 9.968008159968e-01 9.968393603824e-01 9.968769870445e-01 9.969137283734e-01 9.969496152528e-01 9.969846771464e-01 9.970189421788e-01 9.970524372105e-01 9.970851879082e-01 9.971172188103e-01 9.971485533884e-01 9.971792141047e-01 9.972092224653e-01 9.972385990709e-01 9.972673636639e-01 9.972955351726e-01 9.973231317524e-01 9.973501708256e-01 9.973766691174e-01 9.974026426905e-01 9.974281069778e-01 9.974530768130e-01 9.974775664590e-01 9.975015896356e-01 9.975251595447e-01 9.975482888947e-01 9.975709899235e-01 9.975932744196e-01 9.976151537431e-01 9.976366388445e-01 9.976577402834e-01 9.976784682455e-01 9.976988325591e-01 9.977188427108e-01 9.977385078598e-01 9.977578368525e-01 9.977768382351e-01 9.977955202667e-01 9.978138909311e-01
1.000000000000e-12 7.460170617815e-01 8.729835305521e-01 9.153220718576e-01 9.364915363653e-01 9.491932267998e-01 9.576610218755e-01 9.637094472016e-01 9.682457662630e-01 9.717740144418e-01 9.745966129918e-01 9.769060118081e-01 9.788305108228e-01 9.804589330666e-01 9.818547235615e-01 9.830644086572e-01 9.841228831160e-01 9.850568311679e-01 9.858870072141e-01 9.866297963081e-01 9.872983064926e-01 9.879031490406e-01 9.884530059024e-01 9.889550491240e-01 9.894152554105e-01 9.898386451941e-01 9.902294665328e-01 9.905913381427e-01 9.909273617804e-01 9.912402113742e-01 9.915322043284e-01 9.918053590275e-01 9.920614415579e-01 9.923020039349e-01 9.925284155839e-01 9.927418894243e-01 9.929435036070e-01 9.931342197257e-01 9.933148981540e-01 9.934863110218e-01 9.936491532463e-01 9.938040519476e-01 9.939515745203e-01 9.940922355779e-01 9.942265029512e-01 9.943548028856e-01 9.944775245620e-01 9.945950240394e-01 9.947076277052e-01 9.948156353031e-01 9.949193225970e-01 9.950189437226e-01 9.951147332664e-01 9.952069081104e-01 9.952956690713e-01 9.953812023609e-01 9.954636808902e-01 9.955432654360e-01 9.956201056871e-01 9.956943411839e-01 9.957661021642e-01 9.958355103254e-01 9.959026795137e-01 9.959677163469e-01 9.960307207789e-01 9.960917866131e-01 9.961510019675e-01 9.962084496993e-01 9.962642077919e-01 9.963183497080e-01 9.963709447122e-01 9.964220581669e-01 9.964717518035e-01 9.965200839706e-01 9.965671098629e-01 9.966128817314e-01 9.966574490770e-01 9.967008588292e-01 9.967431555109e-01 9.967843813905e-01 9.968245766231e-01 9.968637793809e-01 9.969020259738e-01 9.969393509621e-01 9.969757872601e-01 9.970113662335e-01 9.970461177890e-01 9.970800704581e-01 9.971132514756e-01 9.971456868523e-01 9.971774014428e-01 9.972084190094e-01 9.972387622810e-01 9.972684530092e-01 9.972975120197e-01 9.973259592616e-01 9.973538138526e-01 9.973810941222e-01 9.974078176516e-01 9.974340013116e-01 9.974596612985e-01 9.974848131669e-01 9.975094718613e-01 9.975336517461e-01 9.975573666332e-01 9.975806298081e-01 9.976034540552e-01 9.976258516809e-01 9.976478345357e-01 9.976694140353e-01 9.976906011805e-01 9.977114065752e-01 9.977318404451e-01 9.977519126536e-01 9.977716327180e-01 9.977910098248e-01 9.978100528435e-01 9.978287703406e-01 9.978471705920e-01 9.978652615954e-01 9.978830510821e-01
1.000000000000e-12 7.542676154053e-01 8.771137503306e-01 9.180756088374e-01 9.385566926768e-01 9.508453523183e-01 9.590377932348e-01 9.648895369628e-01 9.692783448119e-01 9.726918620438e-01 9.754226758348e-01 9.776569780295e-01 9.795188965261e-01 9.810943660235e-01 9.824447684502e-01 9.836151172200e-01 9.846391723936e-01 9.855427504881e-01 9.863459310165e-01 9.870645662261e-01 9.877113379148e-01 9.882965122998e-01 9.888284890134e-01 9.893142068824e-01 9.897594482623e-01 9.901690703318e-01 9.905471830114e-01 9.908972873443e-01 9.912223842248e-01 9.915250606309e-01 9.918075586098e-01 9.920718309128e-01 9.923195861967e-01 9.925523260089e-01 9.927713752440e-01 9.929779073799e-01 9.931729655082e-01 9.933574799539e-01 9.935322831130e-01 9.936981220076e-01 9.938556689574e-01 9.940055306901e-01 9.941482561499e-01 9.942843432162e-01 9.944142445067e-01 9.945383724066e-01 9.946571034412e-01 9.947707820914e-01 9.948797241311e-01 9.949842195570e-01 9.950845351659e-01 9.951809168293e-01 9.952735915057e-01 9.953627690244e-01 9.954486436721e-01 9.955313956054e-01 9.956111921124e-01 9.956881887420e-01 9.957625303154e-01 9.958343518355e-01 9.959037793049e-01 9.959709304639e-01 9.960359154564e-01 9.960988374333e-01 9.961597930984e-01 9.962188732045e-01 9.962761630045e-01 9.963317426611e-01 9.963856876220e-01 9.964380689608e-01 9.964889536899e-01 9.965384050464e-01 9.965864827541e-01 9.966332432643e-01 9.966787399770e-01 9.967230234439e-01 9.967661415565e-01 9.968081397181e-01 9.968490610038e-01 9.968889463075e-01 9.969278344787e-01 9.969657624481e-01 9.970027653451e-01 9.970388766060e-01 9.970741280749e-01 9.971085500976e-01 9.971421716081e-01 9.971750202103e-01 9.972071222534e-01 9.972385029022e-01 9.972691862033e-01 9.972991951461e-01 9.973285517206e-01 9.973572769709e-01 9.973853910457e-01 9.974129132452e-01 9.974398620656e-01 9.974662552402e-01 9.974921097785e-01 9.975174420030e-01 9.975422675829e-01 9.975666015673e-01 9.975904584147e-01 9.976138520223e-01 9.976367957528e-01 9.976593024600e-01 9.976813845122e-01 9.977030538158e-01 9.977243218361e-01 9.977451996174e-01 9.977656978027e-01 9.977858266513e-01 9.978055960562e-01 9.978250155601e-01 9.978440943710e-01 9.978628413765e-01 9.978812651577e-01 9.978993740025e-01 9.979171759178e-01 9.979346786411e-01 9.979518896525e-01
1.000000000000e-12 7.624759922411e-01 8.812220133875e-01 9.208144976140e-01 9.406108621796e-01 9.524886883033e-01 9.604072399655e-01 9.660633484664e-01 9.703054298840e-01 9.736048265547e-01 9.762443438956e-01 9.784039489943e-01 9.802036199107e-01 9.817264183787e-01 9.830316742085e-01 9.841628959278e-01 9.851527149323e-01 9.860260846421e-01 9.868024132731e-01 9.874970231008e-01 9.881221719457e-01 9.886877828055e-01 9.892019744961e-01 9.896714538658e-01 9.901018099548e-01 9.904977375566e-01 9.908632091890e-01 9.912016088487e-01 9.915158371041e-01 9.918083944453e-01 9.920814479638e-01 9.923368851263e-01 9.925763574661e-01 9.928013163307e-01 9.930130423210e-01 9.932126696833e-01 9.934012066365e-01 9.935795524031e-01 9.937485115504e-01 9.939088061260e-01 9.940610859729e-01 9.942059375345e-01 9.943438914027e-01 9.944754288120e-01 9.946009872480e-01 9.947209653092e-01 9.948357269329e-01 9.949456050833e-01 9.950509049774e-01 9.951519069166e-01 9.952488687783e-01 9.953420282140e-01 9.954316045945e-01 9.955178007342e-01 9.956008044243e-01 9.956807897984e-01 9.957579185520e-01 9.958323410336e-01 9.959041972227e-01 9.959736176087e-01 9.960407239819e-01 9.961056301461e-01 9.961684425631e-01 9.962292609351e-01 9.962881787330e-01 9.963452836756e-01 9.964006581654e-01 9.964543796853e-01 9.965065211605e-01 9.965571512886e-01 9.966063348416e-01 9.966541329425e-01 9.967006033183e-01 9.967458005331e-01 9.967897762015e-01 9.968325791855e-01 9.968742557752e-01 9.969148498560e-01 9.969544030630e-01 9.969929549230e-01 9.970305429864e-01 9.970672029496e-01 9.971029687672e-01 9.971378727580e-01 9.971719457014e-01 9.972052169284e-01 9.972377144060e-01 9.972694648151e-01 9.973004936240e-01 9.973308251563e-01 9.973604826546e-01 9.973894883397e-01 9.974178634665e-01 9.974456283754e-01 9.974728025416e-01 9.974994046201e-01 9.975254524887e-01 9.975509632878e-01 9.975759534583e-01 9.976004387769e-01 9.976244343891e-01 9.976479548407e-01 9.976710141070e-01 9.976936256205e-01 9.977158022973e-01 9.977375565611e-01 9.977589003671e-01 9.977798452235e-01 9.978004022122e-01 9.978205820084e-01 9.978403948992e-01 9.978598508010e-01 9.978789592760e-01 9.978977295479e-01 9.979161705168e-01 9.979342907732e-01 9.979520986113e-01 9.979696020420e-01 9.979868088044e-01 9.980037263774e-01 9.980203619909e-01
1.000000000000e-12 7.706368483815e-01 8.853057779843e-01 9.235370453369e-01 9.426527753409e-01 9.541222191427e-01 9.617685157269e-01 9.672301562782e-01 9.713263867245e-01 9.745123437482e-01 9.770611093705e-01 9.791464630628e-01 9.808842578070e-01 9.823546995138e-01 9.836150781198e-01 9.847074062450e-01 9.856631933547e-01 9.865065349220e-01 9.872561718707e-01 9.879268996670e-01 9.885305546837e-01 9.890767187463e-01 9.895732315306e-01 9.900265692901e-01 9.904421289030e-01 9.908244437469e-01 9.911773497566e-01 9.915041145805e-01 9.918075390597e-01 9.920900377128e-01 9.923537031224e-01 9.926003578604e-01 9.928315966773e-01 9.930488210204e-01 9.932532674610e-01 9.934460312478e-01 9.936280859353e-01 9.938002998290e-01 9.939634498335e-01 9.941182331711e-01 9.942652773418e-01 9.944051486262e-01 9.945383593732e-01 9.946653742715e-01 9.947866157653e-01 9.949024687483e-01 9.950132846451e-01 9.951193849718e-01 9.952210644515e-01 9.953185937484e-01 9.954122218734e-01 9.955021783073e-01 9.955886748783e-01 9.956719074278e-01 9.957520572902e-01 9.958292926122e-01 9.959037695299e-01 9.959756332223e-01 9.960450188564e-01 9.961120524351e-01 9.961768515612e-01 9.962395261258e-01 9.963001789302e-01 9.963589062488e-01 9.964157983386e-01 9.964709399027e-01 9.965244105102e-01 9.965762849802e-01 9.966266337305e-01 9.966755230967e-01 9.967230156239e-01 9.967691703334e-01 9.968140429677e-01 9.968576862147e-01 9.969001499145e-01 9.969414812490e-01 9.969817249167e-01 9.970209232945e-01 9.970591165855e-01 9.970963429579e-01 9.971326386709e-01 9.971680381935e-01 9.972025743131e-01 9.972362782370e-01 9.972691796866e-01 9.973013069844e-01 9.973326871357e-01 9.973633459043e-01 9.973933078826e-01 9.974225965581e-01 9.974512343741e-01 9.974792427876e-01 9.975066423225e-01 9.975334526201e-01 9.975596924859e-01 9.975853799334e-01 9.976105322258e-01 9.976351659141e-01 9.976592968742e-01 9.976829403401e-01 9.977061109367e-01 9.977288227096e-01 9.977510891537e-01 9.977729232395e-01 9.977943374392e-01 9.978153437493e-01 9.978359537139e-01 9.978561784455e-01 9.978760286451e-01 9.978955146209e-01 9.979146463061e-01 9.979334332763e-01 9.979518847649e-01 9.979700096785e-01 9.979878166112e-01 9.980053138580e-01 9.980225094282e-01 9.980394110570e-01 9.980560262176e-01 9.980723621317e-01 9.980884257806e-01
1.000000000000e-12 7.787451554864e-01 8.893626449121e-01 9.262416539640e-01 9.446812337204e-01 9.557449860960e-01 9.631208215712e-01 9.683892755864e-01 9.723406161235e-01 9.754138809932e-01 9.778724928917e-01 9.798840844460e-01 9.815604107417e-01 9.829788406844e-01 9.841946377782e-01 9.852483285929e-01 9.861703080558e-01 9.869838193466e-01 9.877069404940e-01 9.883539436259e-01 9.889362464446e-01 9.894630918520e-01 9.899420422223e-01 9.903793447344e-01 9.907802053705e-01 9.911489971557e-01 9.914894203420e-01 9.918046269960e-01 9.920973188890e-01 9.923698251342e-01 9.926241642964e-01 9.928620944804e-01 9.930851540279e-01 9.932946948149e-01 9.934919096733e-01 9.936778551112e-01 9.938534702470e-01 9.940195926727e-01 9.941769718129e-01 9.943262802280e-01 9.944681232223e-01 9.946030470461e-01 9.947315459260e-01 9.948540681138e-01 9.949710211112e-01 9.950827761976e-01 9.951896723672e-01 9.952920197636e-01 9.953901026852e-01 9.954841822223e-01 9.955744985778e-01 9.956612731155e-01 9.957447101710e-01 9.958249986583e-01 9.959023134980e-01 9.959768168889e-01 9.960486594445e-01 9.961179812086e-01 9.961849125671e-01 9.962495750660e-01 9.963120821482e-01 9.963725398179e-01 9.964310472402e-01 9.964876972840e-01 9.965425770139e-01 9.965957681368e-01 9.966473474074e-01 9.966973869984e-01 9.967459548366e-01 9.967931149115e-01 9.968389275556e-01 9.968834497027e-01 9.969267351235e-01 9.969688346423e-01 9.970097963364e-01 9.970496657186e-01 9.970884859065e-01 9.971262977778e-01 9.971631401140e-01 9.971990497328e-01 9.972340616111e-01 9.972682089987e-01 9.973015235231e-01 9.973340352878e-01 9.973657729630e-01 9.973967638693e-01 9.974270340569e-01 9.974566083781e-01 9.974855105556e-01 9.975137632460e-01 9.975413880988e-01 9.975684058120e-01 9.975948361836e-01 9.976206981601e-01 9.976460098818e-01 9.976707887252e-01 9.976950513426e-01 9.977188136999e-01 9.977420911111e-01 9.977648982716e-01 9.977872492889e-01 9.978091577118e-01 9.978306365578e-01 9.978516983388e-01 9.978723550855e-01 9.978926183704e-01 9.979124993292e-01 9.979320086812e-01 9.979511567490e-01 9.979699534761e-01 9.979884084445e-01 9.980065308909e-01 9.980243297222e-01 9.980418135300e-01 9.980589906043e-01 9.980758689469e-01 9.980924562835e-01 9.981087600760e-01 9.981247875330e-01 9.981405456209e-01 9.981560410741e-01
1.000000000000e-12 7.867962011096e-01 8.933903586606e-01 9.289268210592e-01 9.466951105697e-01 9.573560877751e-01 9.644634063437e-01 9.695400625448e-01 9.733475547153e-01 9.763089375206e-01 9.786780437668e-01 9.806164034236e-01 9.822317031379e-01 9.835984952040e-01 9.847700312608e-01 9.857853625100e-01 9.866737773531e-01 9.874576728029e-01 9.881544687583e-01 9.887779177710e-01 9.893390218824e-01 9.898466875071e-01 9.903082017113e-01 9.907295842456e-01 9.911158515687e-01 9.914712175059e-01 9.917992476019e-01 9.921029791722e-01 9.923850156303e-01 9.926476012982e-01 9.928926812549e-01 9.931219496016e-01 9.933368886765e-01 9.935388011409e-01 9.937288364014e-01 9.939080125042e-01 9.940772343791e-01 9.942373091256e-01 9.943889588855e-01 9.945328317346e-01 9.946695109412e-01 9.947995228695e-01 9.949233437535e-01 9.950414055267e-01 9.951541008556e-01 9.952617875033e-01 9.953647921228e-01 9.954634135670e-01 9.955579257843e-01 9.956485803602e-01 9.957356087530e-01 9.958192242676e-01 9.958996238009e-01 9.959769893896e-01 9.960514895861e-01 9.961232806845e-01 9.961925078151e-01 9.962593059237e-01 9.963238006491e-01 9.963861091127e-01 9.964463406275e-01 9.965045973385e-01 9.965609748008e-01 9.966155625024e-01 9.966684443383e-01 9.967196990407e-01 9.967694005704e-01 9.968176184724e-01 9.968644182007e-01 9.969098614152e-01 9.969540062521e-01 9.969969075725e-01 9.970386171896e-01 9.970791840774e-01 9.971186545628e-01 9.971570725020e-01 9.971944794427e-01 9.972309147747e-01 9.972664158673e-01 9.973010181981e-01 9.973347554706e-01 9.973676597241e-01 9.973997614347e-01 9.974310896102e-01 9.974616718768e-01 9.974915345606e-01 9.975207027634e-01 9.975492004327e-01 9.975770504278e-01 9.976042745803e-01 9.976308937516e-01 9.976569278862e-01 9.976823960614e-01 9.977073165339e-01 9.977317067835e-01 9.977555835542e-01 9.977789628922e-01 9.978018601819e-01 9.978242901801e-01 9.978462670470e-01 9.978678043765e-01 9.978889152242e-01 9.979096121338e-01 9.979299071616e-01 9.979498119005e-01 9.979693375014e-01 9.979884946948e-01 9.980072938098e-01 9.980257447930e-01 9.980438572261e-01 9.980616403423e-01 9.980791030419e-01 9.980962539076e-01 9.981131012181e-01 9.981296529618e-01 9.981459168491e-01 9.981619003246e-01 9.981776105782e-01 9.981930545563e-01 9.982082389718e-01 9.982231703137e-01
1.000000000000e-12 7.947855871385e-01 8.973868077268e-01 9.315911400165e-01 9.486933510016e-01 9.589546802792e-01 9.657955667954e-01 9.706819143688e-01 9.743466750640e-01 9.771970444981e-01 9.794773400470e-01 9.813430364058e-01 9.828977833717e-01 9.842133384968e-01 9.853409571755e-01 9.863182266971e-01 9.871733375285e-01 9.879278470856e-01 9.885985222475e-01 9.891986000240e-01 9.897386700228e-01 9.902273047836e-01 9.906715182025e-01 9.910771043676e-01 9.914488916856e-01 9.917909360182e-01 9.921066692483e-01 9.923990148317e-01 9.926704785877e-01 9.929232207054e-01 9.931591133485e-01 9.933797871115e-01 9.935866687642e-01 9.937810121350e-01 9.939639235428e-01 9.941363828701e-01 9.942992611238e-01 9.944533351474e-01 9.945993000120e-01 9.947377794988e-01 9.948693350114e-01 9.949944731818e-01 9.951136523918e-01 9.952272883827e-01 9.953357591013e-01 9.954394088990e-01 9.955385521838e-01 9.956334766054e-01 9.957244458428e-01 9.958117020501e-01 9.958954680091e-01 9.959759490285e-01 9.960533346241e-01 9.961278000086e-01 9.961995074158e-01 9.962686072810e-01 9.963352392938e-01 9.963995333413e-01 9.964616103527e-01 9.965215830586e-01 9.965795566743e-01 9.966356295157e-01 9.966898935557e-01 9.967424349279e-01 9.967933343821e-01 9.968426676993e-01 9.968905060675e-01 9.969369164247e-01 9.969819617714e-01 9.970257014559e-01 9.970681914351e-01 9.971094845135e-01 9.971496305619e-01 9.971886767186e-01 9.972266675737e-01 9.972636453394e-01 9.972996500060e-01 9.973347194864e-01 9.973688897494e-01 9.974021949425e-01 9.974346675057e-01 9.974663382772e-01 9.974972365909e-01 9.975273903669e-01 9.975568261959e-01 9.975855694171e-01 9.976136441913e-01 9.976410735685e-01 9.976678795506e-01 9.976940831512e-01 9.977197044495e-01 9.977447626424e-01 9.977692760919e-01 9.977932623705e-01 9.978167383027e-01 9.978397200048e-01 9.978622229214e-01 9.978842618604e-01 9.979058510251e-01 9.979270040450e-01 9.979477340045e-01 9.979680534699e-01 9.979879745143e-01 9.980075087423e-01 9.980266673121e-01 9.980454609567e-01 9.980639000043e-01 9.980819943968e-01 9.980997537079e-01 9.981171871601e-01 9.981343036405e-01 9.981511117158e-01 9.981676196469e-01 9.981838354023e-01 9.981997666707e-01 9.982154208735e-01 9.982308051763e-01 9.982459264996e-01 9.982607915293e-01 9.982754067265e-01 9.982897783371e-01
1.000000000000e-12 8.027092265484e-01 9.013500241240e-01 9.342332997510e-01 9.506749717599e-01 9.605399770107e-01 9.671166474299e-01 9.718142692049e-01 9.753374855477e-01 9.780777649289e-01 9.802699884350e-01 9.820636258495e-01 9.835583236952e-01 9.848230680262e-01 9.859071345957e-01 9.868466589560e-01 9.876687427712e-01 9.883941108435e-01 9.890388824633e-01 9.896157833862e-01 9.901349942169e-01 9.906047563971e-01 9.910318129245e-01 9.914217341017e-01 9.917791618474e-01 9.921079953735e-01 9.924115340130e-01 9.926925883088e-01 9.929535672978e-01 9.931965477358e-01 9.934233294779e-01 9.936354801399e-01 9.938343713856e-01 9.940212086163e-01 9.941970554217e-01 9.943628538382e-01 9.945194412316e-01 9.946675644416e-01 9.948078916931e-01 9.949410226753e-01 9.950674971085e-01 9.951878020570e-01 9.953023781985e-01 9.954116252172e-01 9.955159064622e-01 9.956155529853e-01 9.957108670508e-01 9.958021251987e-01 9.958895809237e-01 9.959734670273e-01 9.960539976868e-01 9.961313702811e-01 9.962057670065e-01 9.962773563083e-01 9.963462941544e-01 9.964127251698e-01 9.964767836489e-01 9.965385944621e-01 9.965982738679e-01 9.966559302430e-01 9.967116647390e-01 9.967655718744e-01 9.968177400700e-01 9.968682521324e-01 9.969171856928e-01 9.969646136052e-01 9.970106043082e-01 9.970552221543e-01 9.970985277109e-01 9.971405780339e-01 9.971814269191e-01 9.972211251315e-01 9.972597206158e-01 9.972972586896e-01 9.973337822208e-01 9.973693317912e-01 9.974039458466e-01 9.974376608356e-01 9.974705113377e-01 9.975025301815e-01 9.975337485542e-01 9.975641961029e-01 9.975939010285e-01 9.976228901727e-01 9.976511890993e-01 9.976788221687e-01 9.977058126086e-01 9.977321825786e-01 9.977579532311e-01 9.977831447678e-01 9.978077764926e-01 9.978318668609e-01 9.978554335254e-01 9.978784933800e-01 9.979010625993e-01 9.979231566772e-01 9.979447904619e-01 9.979659781891e-01 9.979867335137e-01 9.980070695388e-01 9.980269988434e-01 9.980465335083e-01 9.980656851406e-01 9.980844648965e-01 9.981028835032e-01 9.981209512794e-01 9.981386781541e-01 9.981560736854e-01 9.981731470772e-01 9.981899071958e-01 9.982063625849e-01 9.982225214805e-01 9.982383918244e-01 9.982539812773e-01 9.982692972310e-01 9.982843468203e-01 9.982991369340e-01 9.983136742251e-01 9.983279651215e-01 9.983420158348e-01 9.983558323695e-01
1.000000000000e-12 8.105633386634e-01 9.052781821595e-01 9.368520839012e-01 9.526390606216e-01 9.621112481977e-01 9.684260401052e-01 9.729366057888e-01 9.763195300603e-01 9.789506933851e-01 9.810556240458e-01 9.827778400413e-01 9.842130200377e-01 9.854274031116e-01 9.864683028893e-01 9.873704160300e-01 9.881597650281e-01 9.888562494382e-01 9.894753466917e-01 9.900292758131e-01 9.905278120225e-01 9.909788685928e-01 9.913889200204e-01 9.917633148022e-01 9.921065100187e-01 9.924222496180e-01 9.927137015558e-01 9.929835644611e-01 9.932341514446e-01 9.934674565672e-01 9.936852080150e-01 9.938889109822e-01 9.940798825141e-01 9.942592800136e-01 9.944281247191e-01 9.945873211557e-01 9.947376733458e-01 9.948798983905e-01 9.950146379066e-01 9.951424677038e-01 9.952639060112e-01 9.953794204988e-01 9.954894342964e-01 9.955943311732e-01 9.956944600102e-01 9.957901386767e-01 9.958816574011e-01 9.959692817117e-01 9.960532550094e-01 9.961338008255e-01 9.962111248090e-01 9.962854164794e-01 9.963568507779e-01 9.964255894424e-01 9.964917822306e-01 9.965555680082e-01 9.966170757223e-01 9.966764252710e-01 9.967337282836e-01 9.967890888212e-01 9.968426040075e-01 9.968943645975e-01 9.969444554911e-01 9.969929561976e-01 9.970399412570e-01 9.970854806223e-01 9.971296400068e-01 9.971724812007e-01 9.972140623596e-01 9.972544382674e-01 9.972936605778e-01 9.973317780345e-01 9.973688366729e-01 9.974048800062e-01 9.974399491953e-01 9.974740832060e-01 9.975073189533e-01 9.975396914344e-01 9.975712338519e-01 9.976019777272e-01 9.976319530056e-01 9.976611881537e-01 9.976897102494e-01 9.977175450657e-01 9.977447171482e-01 9.977712498876e-01 9.977971655866e-01 9.978224855224e-01 9.978472300051e-01 9.978714184320e-01 9.978950693383e-01 9.979182004445e-01 9.979408287005e-01 9.979629703274e-01 9.979846408558e-01 9.980058551626e-01 9.980266275047e-01 9.980469715510e-01 9.980669004128e-01 9.980864266712e-01 9.981055624045e-01 9.981243192124e-01 9.981427082397e-01 9.981607401985e-01 9.981784253889e-01 9.981957737186e-01 9.982127947212e-01 9.982294975743e-01 9.982458911153e-01 9.982619838573e-01 9.982777840041e-01 9.982932994635e-01 9.983085378612e-01 9.983235065526e-01 9.983382126355e-01 9.983526629604e-01 9.983668641418e-01 9.983808225679e-01 9.983945444106e-01 9.984080356340e-01 9.984213020037e-01
1.000000000000e-12 8.183444431146e-01 9.091695965460e-01 9.394463695865e-01 9.545847754669e-01 9.636678201497e-01 9.697231834136e-01 9.740484429143e-01 9.772923875463e-01 9.798154555953e-01 9.818339100352e-01 9.834853727591e-01 9.848615916957e-01 9.860260846421e-01 9.870242214533e-01 9.878892733564e-01 9.886461937716e-01 9.893140647263e-01 9.899077277970e-01 9.904389000182e-01 9.909169550173e-01 9.913494809689e-01 9.917426863794e-01 9.921017000150e-01 9.924307958478e-01 9.927335640138e-01 9.930130423210e-01 9.932718185313e-01 9.935121107266e-01 9.937358310464e-01 9.939446366782e-01 9.941399709789e-01 9.943230968858e-01 9.944951242529e-01 9.946570323631e-01 9.948096885813e-01 9.949538638985e-01 9.950902459553e-01 9.952194500091e-01 9.953420282140e-01 9.954584775087e-01 9.955692463499e-01 9.956747404844e-01 9.957753279150e-01 9.958713431897e-01 9.959630911188e-01 9.960508500075e-01 9.961348744755e-01 9.962153979239e-01 9.962926347009e-01 9.963667820069e-01 9.964380215754e-01 9.965065211605e-01 9.965724358556e-01 9.966359092657e-01 9.966970745517e-01 9.967560553633e-01 9.968129666727e-01 9.968679155232e-01 9.969210017008e-01 9.969723183391e-01 9.970219524647e-01 9.970699854895e-01 9.971164936563e-01 9.971615484429e-01 9.972052169284e-01 9.972475621265e-01 9.972886432887e-01 9.973285161816e-01 9.973672333384e-01 9.974048442907e-01 9.974413957795e-01 9.974769319493e-01 9.975114945253e-01 9.975451229776e-01 9.975778546713e-01 9.976097250045e-01 9.976407675370e-01 9.976710141070e-01 9.977004949411e-01 9.977292387543e-01 9.977572728438e-01 9.977846231750e-01 9.978113144620e-01 9.978373702422e-01 9.978628129453e-01 9.978876639575e-01 9.979119436821e-01 9.979356715948e-01 9.979588662960e-01 9.979815455594e-01 9.980037263774e-01 9.980254250038e-01 9.980466569930e-01 9.980674372377e-01 9.980877800036e-01 9.981076989619e-01 9.981272072201e-01 9.981463173505e-01 9.981650414176e-01 9.981833910035e-01 9.982013772311e-01 9.982190107877e-01 9.982363019451e-01 9.982532605802e-01 9.982698961938e-01 9.982862179278e-01 9.983022345827e-01 9.983179546328e-01 9.983333862417e-01 9.983485372759e-01 9.983634153184e-01 9.983780276817e-01 9.983923814190e-01 9.984064833364e-01 9.984203400030e-01 9.984339577616e-01 9.984473427380e-01 9.984605008504e-01 9.984734378180e-01 9.984861591695e-01
1.000000000000e-12 8.260493526743e-01 9.130227199172e-01 9.420151257667e-01 9.565113430493e-01 9.652090742739e-01 9.710075618620e-01 9.751493387302e-01 9.782556713862e-01 9.806717078978e-01 9.826045371076e-01 9.841859428249e-01 9.855037809228e-01 9.866188746979e-01 9.875746693623e-01 9.884030247381e-01 9.891278356920e-01 9.897673747689e-01 9.903358539484e-01 9.908444932143e-01 9.913022685536e-01 9.917164462415e-01 9.920929714123e-01 9.924367552640e-01 9.927518904613e-01 9.930418148429e-01 9.933094373489e-01 9.935572359656e-01 9.937873346811e-01 9.940015645197e-01 9.942015123691e-01 9.943885603571e-01 9.945639178460e-01 9.947286476082e-01 9.948836873845e-01 9.950298677449e-01 9.951679269742e-01 9.952985235425e-01 9.954222466071e-01 9.955396248993e-01 9.956511342768e-01 9.957572041725e-01 9.958582231208e-01 9.959545435133e-01 9.960464857062e-01 9.961343415794e-01 9.962183776320e-01 9.962988376824e-01 9.963759452307e-01 9.964499055321e-01 9.965209074214e-01 9.965891249230e-01 9.966547186745e-01 9.967178371900e-01 9.967786179828e-01 9.968371885649e-01 9.968936673406e-01 9.969481644048e-01 9.970007822599e-01 9.970516164588e-01 9.971007561845e-01 9.971482847717e-01 9.971942801786e-01 9.972388154138e-01 9.972819589230e-01 9.973237749396e-01 9.973643238041e-01 9.974036622548e-01 9.974418436922e-01 9.974789184213e-01 9.975149338724e-01 9.975499348038e-01 9.975839634871e-01 9.976170598777e-01 9.976492617712e-01 9.976806049476e-01 9.977111233036e-01 9.977408489750e-01 9.977698124496e-01 9.977980426718e-01 9.978255671384e-01 9.978524119885e-01 9.978786020862e-01 9.979041610972e-01 9.979291115604e-01 9.979534749538e-01 9.979772717566e-01 9.980005215066e-01 9.980232428531e-01 9.980454536075e-01 9.980671707897e-01 9.980884106711e-01 9.981091888160e-01 9.981295201191e-01 9.981494188412e-01 9.981688986429e-01 9.981879726153e-01 9.982066533100e-01 9.982249527660e-01 9.982428825361e-01 9.982604537107e-01 9.982776769413e-01 9.982945624615e-01 9.983111201075e-01 9.983273593372e-01 9.983432892483e-01 9.983589185950e-01 9.983742558044e-01 9.983893089914e-01 9.984040859731e-01 9.984185942825e-01 9.984328411808e-01 9.984468336703e-01 9.984605785051e-01 9.984740822024e-01 9.984873510528e-01 9.985003911299e-01 9.985132082998e-01 9.985258082294e-01 9.985381963956e-01 9.985503780923e-01
1.000000000000e-12 8.336751651367e-01 9.168361398132e-01 9.445574112463e-01 9.584180575000e-01 9.667344458788e-01 9.722787048749e-01 9.762388898865e-01 9.792090286486e-01 9.815191365758e-01 9.833672229179e-01 9.848792935616e-01 9.861393524314e-01 9.872055560905e-01 9.881194449412e-01 9.889114819451e-01 9.896045143235e-01 9.902160134809e-01 9.907595682876e-01 9.912459067987e-01 9.916836114588e-01 9.920796299608e-01 9.924396467807e-01 9.927683577903e-01 9.930696762157e-01 9.933468891670e-01 9.936027780452e-01 9.938397121917e-01 9.940597224706e-01 9.942645596268e-01 9.944557409725e-01 9.946345880379e-01 9.948022571617e-01 9.949597645205e-01 9.951080067405e-01 9.952477779765e-01 9.953797841438e-01 9.955046548426e-01 9.956229533994e-01 9.957351853635e-01 9.958418057294e-01 9.959432251019e-01 9.960398149804e-01 9.961319123064e-01 9.962198233904e-01 9.963038273150e-01 9.963841788951e-01 9.964611112591e-01 9.965348381078e-01 9.966055556975e-01 9.966734445835e-01 9.967386711603e-01 9.968013890226e-01 9.968617401731e-01 9.969198560958e-01 9.969758587123e-01 9.970298612353e-01 9.970819689329e-01 9.971322798134e-01 9.971808852403e-01 9.972278704863e-01 9.972733152324e-01 9.973172940190e-01 9.973598766536e-01 9.974011285809e-01 9.974411112181e-01 9.974798822602e-01 9.975174959578e-01 9.975540033702e-01 9.975894525968e-01 9.976238889882e-01 9.976573553405e-01 9.976898920719e-01 9.977215373860e-01 9.977523274213e-01 9.977822963890e-01 9.978114766997e-01 9.978398990802e-01 9.978675926817e-01 9.978945851794e-01 9.979209028647e-01 9.979465707306e-01 9.979716125509e-01 9.979960509539e-01 9.980199074902e-01 9.980432026962e-01 9.980659561532e-01 9.980881865423e-01 9.981099116952e-01 9.981311486424e-01 9.981519136575e-01 9.981722222986e-01 9.981920894476e-01 9.982115293460e-01 9.982305556295e-01 9.982491813597e-01 9.982674190539e-01 9.982852807132e-01 9.983027778487e-01 9.983199215068e-01 9.983367222918e-01 9.983531903879e-01 9.983693355802e-01 9.983851672736e-01 9.984006945113e-01 9.984159259921e-01 9.984308700866e-01 9.984455348521e-01 9.984599280479e-01 9.984740571484e-01 9.984879293561e-01 9.985015516142e-01 9.985149306176e-01 9.985280728246e-01 9.985409844665e-01 9.985536715580e-01 9.985661399067e-01 9.985783951212e-01 9.985904426201e-01 9.986022876401e-01 9.986139352431e-01
1.000000000000e-12 8.412192544031e-01 9.206085752044e-01 9.470723723704e-01 9.603042786005e-01 9.682434227926e-01 9.735361856431e-01 9.773167305467e-01 9.801521392269e-01 9.823574570900e-01 9.841217113808e-01 9.855651921643e-01 9.867680928172e-01 9.877859318312e-01 9.886583652718e-01 9.894144742537e-01 9.900760696128e-01 9.906598302239e-01 9.911787285447e-01 9.916430059898e-01 9.920608556903e-01 9.924389101812e-01 9.927825960821e-01 9.930963962524e-01 9.933840464086e-01 9.936486845522e-01 9.938929659156e-01 9.941191523632e-01 9.943291826359e-01 9.945247280623e-01 9.947072371269e-01 9.948779714131e-01 9.950380348064e-01 9.951883973880e-01 9.953299151119e-01 9.954633461087e-01 9.955893642724e-01 9.957085706434e-01 9.958215029949e-01 9.959286439437e-01 9.960304278451e-01 9.961272466782e-01 9.962194550906e-01 9.963073747397e-01 9.963912980410e-01 9.964714914179e-01 9.965481981262e-01 9.966216407193e-01 9.966920232043e-01 9.967595329348e-01 9.968243422761e-01 9.968866100746e-01 9.969464829578e-01 9.970040964869e-01 9.970595761816e-01 9.971130384328e-01 9.971645913180e-01 9.972143353299e-01 9.972623640311e-01 9.973087646408e-01 9.973536185634e-01 9.973970018657e-01 9.974389857065e-01 9.974796367271e-01 9.975190174032e-01 9.975571863662e-01 9.975941986940e-01 9.976301061762e-01 9.976649575560e-01 9.976987987508e-01 9.977316730544e-01 9.977636213212e-01 9.977946821362e-01 9.978248919699e-01 9.978542853217e-01 9.978828948507e-01 9.979107514974e-01 9.979378845949e-01 9.979643219719e-01 9.979900900482e-01 9.980152139226e-01 9.980397174544e-01 9.980636233391e-01 9.980869531784e-01 9.981097275453e-01 9.981319660448e-01 9.981536873698e-01 9.981749093541e-01 9.981956490205e-01 9.982159226270e-01 9.982357457089e-01 9.982551331187e-01 9.982740990631e-01 9.982926571377e-01 9.983108203596e-01 9.983286011980e-01 9.983460116021e-01 9.983630630289e-01 9.983797664674e-01 9.983961324627e-01 9.984121711381e-01 9.984278922159e-01 9.984433050373e-01 9.984584185806e-01 9.984732414789e-01 9.984877820362e-01 9.985020482434e-01 9.985160477926e-01 9.985297880908e-01 9.985432762734e-01 9.985565192164e-01 9.985695235478e-01 9.985822956590e-01 9.985948417151e-01 9.986071676650e-01 9.986192792505e-01 9.986311820156e-01 9.986428813146e-01 9.986543823204e-01 9.986656900320e-01 9.986768092817e-01
1.000000000000e-12 8.486792609187e-01 9.243388726162e-01 9.495592404528e-01 9.621694298547e-01 9.697355438209e-01 9.747796198383e-01 9.783825312867e-01 9.810847148748e-01 9.831864132217e-01 9.848677718994e-01 9.862434289994e-01 9.873898099160e-01 9.883598245379e-01 9.891912656423e-01 9.899118479328e-01 9.905423574370e-01 9.910986893525e-01 9.915932066107e-01 9.920356694206e-01 9.924338859496e-01 9.927941770948e-01 9.931217144996e-01 9.934207703909e-01 9.936949049580e-01 9.939471087597e-01 9.941799122689e-01 9.943954710738e-01 9.945956328211e-01 9.947819903101e-01 9.949559239664e-01 9.951186360965e-01 9.952711787185e-01 9.954144763331e-01 9.955493446762e-01 9.956765062569e-01 9.957966033053e-01 9.959102086214e-01 9.960178347103e-01 9.961199415126e-01 9.962169429748e-01 9.963092126583e-01 9.963970885474e-01 9.964808771859e-01 9.965608572498e-01 9.966372826443e-01 9.967103851955e-01 9.967803769998e-01 9.968474524790e-01 9.969117901835e-01 9.969735543798e-01 9.970328964508e-01 9.970899561345e-01 9.971448626225e-01 9.971977355369e-01 9.972486857999e-01 9.972978164106e-01 9.973452231402e-01 9.973909951550e-01 9.974352155761e-01 9.974779619832e-01 9.975193068687e-01 9.975593180483e-01 9.975980590316e-01 9.976355893592e-01 9.976719649076e-01 9.977072381665e-01 9.977414584924e-01 9.977746723381e-01 9.978069234636e-01 9.978382531285e-01 9.978687002675e-01 9.978983016527e-01 9.979270920410e-01 9.979551043107e-01 9.979823695866e-01 9.980089173552e-01 9.980347755713e-01 9.980599707563e-01 9.980845280885e-01 9.981084714874e-01 9.981318236913e-01 9.981546063292e-01 9.981768399879e-01 9.981985442737e-01 9.982197378705e-01 9.982404385929e-01 9.982606634367e-01 9.982804286249e-01 9.982997496516e-01 9.983186413221e-01 9.983371177911e-01 9.983551925977e-01 9.983728786988e-01 9.983901884999e-01 9.984071338841e-01 9.984237262395e-01 9.984399764844e-01 9.984558950918e-01 9.984714921110e-01 9.984867771899e-01 9.985017595940e-01 9.985164482254e-01 9.985308516407e-01 9.985449780672e-01 9.985588354190e-01 9.985724313112e-01 9.985857730747e-01 9.985988677684e-01 9.986117221926e-01 9.986243428999e-01 9.986367362071e-01 9.986489082053e-01 9.986608647698e-01 9.986726115701e-01 9.986841540782e-01 9.986954975775e-01 9.987066471709e-01 9.987176077881e-01 9.987283841932e-01 9.987389809916e-01
1.000000000000e-12 8.560530815951e-01 9.280260019188e-01 9.520173289799e-01 9.640129963922e-01 9.712103970694e-01 9.760086642157e-01 9.794359978968e-01 9.820064981590e-01 9.840057761411e-01 9.856051985269e-01 9.869138168425e-01 9.880043321056e-01 9.889270757898e-01 9.897179989477e-01 9.904034656845e-01 9.910032490792e-01 9.915324697216e-01 9.920028880704e-01 9.924237886983e-01 9.928025992634e-01 9.931453326318e-01 9.934569084212e-01 9.937413906638e-01 9.940021660528e-01 9.942420794107e-01 9.944635378949e-01 9.946685920469e-01 9.948589994738e-01 9.950362753540e-01 9.952017328422e-01 9.953565156538e-01 9.955016245396e-01 9.956379389475e-01 9.957662348608e-01 9.958871995791e-01 9.960014440352e-01 9.961095131153e-01 9.962118943491e-01 9.963090252633e-01 9.964012996317e-01 9.964890728114e-01 9.965726663159e-01 9.966523717504e-01 9.967284542106e-01 9.968011552282e-01 9.968706953319e-01 9.969372762823e-01 9.970010830264e-01 9.970622854136e-01 9.971210397053e-01 9.971774899072e-01 9.972317689474e-01 9.972839997220e-01 9.973342960235e-01 9.973827633685e-01 9.974294997369e-01 9.974745962328e-01 9.975181376770e-01 9.975602031401e-01 9.976008664211e-01 9.976401964798e-01 9.976782578269e-01 9.977151108773e-01 9.977508122698e-01 9.977854151580e-01 9.978189694737e-01 9.978515221682e-01 9.978831174304e-01 9.979137968879e-01 9.979435997895e-01 9.979725631728e-01 9.980007220176e-01 9.980281093872e-01 9.980547565577e-01 9.980806931369e-01 9.981059471746e-01 9.981305452632e-01 9.981545126316e-01 9.981778732312e-01 9.982006498158e-01 9.982228640156e-01 9.982445364057e-01 9.982656865695e-01 9.982863331579e-01 9.983064939443e-01 9.983261858752e-01 9.983454251180e-01 9.983642271053e-01 9.983826065760e-01 9.984005776141e-01 9.984181536843e-01 9.984353476659e-01 9.984521718846e-01 9.984686381411e-01 9.984847577397e-01 9.985005415132e-01 9.985159998481e-01 9.985311427068e-01 9.985459796492e-01 9.985605198527e-01 9.985747721314e-01 9.985887449536e-01 9.986024464589e-01 9.986158844737e-01 9.986290665264e-01 9.986419998610e-01 9.986546914511e-01 9.986671480117e-01 9.986793760116e-01 9.986913816843e-01 9.987031710384e-01 9.987147498685e-01 9.987261237634e-01 9.987372981164e-01 9.987482781328e-01 9.987590688385e-01 9.987696750878e-01 9.987801015701e-01 9.987903528174e-01 9.988004332106e-01
1.000000000000e-12 8.633388593427e-01 9.316690518397e-01 9.544460306283e-01 9.658345227323e-01 9.726676181549e-01 9.772230151230e-01 9.804768701038e-01 9.829172613403e-01 9.848153434134e-01 9.863338090720e-01 9.875761900654e-01 9.886115075600e-01 9.894875454400e-01 9.902384350514e-01 9.908892060480e-01 9.914586306700e-01 9.919610641600e-01 9.924076717066e-01 9.928072679326e-01 9.931669045360e-01 9.934922900342e-01 9.937880950327e-01 9.940581778574e-01 9.943057537800e-01 9.945335236288e-01 9.947437727200e-01 9.949384478044e-01 9.951192175257e-01 9.952875203696e-01 9.954446030240e-01 9.955915513135e-01 9.957293153350e-01 9.958587300218e-01 9.959805320800e-01 9.960953740205e-01 9.962038358533e-01 9.963064348843e-01 9.964036339663e-01 9.964958484800e-01 9.965834522680e-01 9.966667827005e-01 9.967461450171e-01 9.968218160632e-01 9.968940475163e-01 9.969630686826e-01 9.970290889287e-01 9.970922998025e-01 9.971528768900e-01 9.972109814432e-01 9.972667618144e-01 9.973203547200e-01 9.973718863600e-01 9.974214734098e-01 9.974692239022e-01 9.975152380131e-01 9.975596087628e-01 9.976024226442e-01 9.976437601848e-01 9.976836964529e-01 9.977223015120e-01 9.977596408315e-01 9.977957756568e-01 9.978307633447e-01 9.978646576675e-01 9.978975090880e-01 9.979293650109e-01 9.979602700107e-01 9.979902660400e-01 9.980193926191e-01 9.980476870103e-01 9.980751843763e-01 9.981019179267e-01 9.981279190510e-01 9.981532174422e-01 9.981778412096e-01 9.982018169831e-01 9.982251700093e-01 9.982479242400e-01 9.982701024142e-01 9.982917261340e-01 9.983128159348e-01 9.983333913502e-01 9.983534709725e-01 9.983730725086e-01 9.983922128320e-01 9.984109080316e-01 9.984291734565e-01 9.984470237582e-01 9.984644729294e-01 9.984815343413e-01 9.984982207771e-01 9.985145444643e-01 9.985305171045e-01 9.985461499013e-01 9.985614535865e-01 9.985764384450e-01 9.985911143373e-01 9.986054907216e-01 9.986195766739e-01 9.986333809072e-01 9.986469117893e-01 9.986601773600e-01 9.986731853468e-01 9.986859431800e-01 9.986984580068e-01 9.987107367049e-01 9.987227858946e-01 9.987346119511e-01 9.987462210158e-01 9.987576190065e-01 9.987688116281e-01 9.987798043814e-01 9.987906025727e-01 9.988012113221e-01 9.988116355715e-01 9.988218800924e-01 9.988319494933e-01 9.988418482264e-01 9.988515805943e-01 9.988611507560e-01
1.000000000000e-12 8.705349723213e-01 9.352672252549e-01 9.568448141336e-01 9.676336104362e-01 9.741068883277e-01 9.784224069356e-01 9.815049202294e-01 9.838168052004e-01 9.856149379558e-01 9.870534441601e-01 9.882304037819e-01 9.892112034667e-01 9.900411108924e-01 9.907524601143e-01 9.913689627734e-01 9.919084026000e-01 9.923843789177e-01 9.928074689778e-01 9.931860232421e-01 9.935267220800e-01 9.938349734096e-01 9.941152018909e-01 9.943710626783e-01 9.946056017334e-01 9.948213776640e-01 9.950205554462e-01 9.952049793185e-01 9.953762300572e-01 9.955356704000e-01 9.956844813867e-01 9.958236916645e-01 9.959542013000e-01 9.960768012606e-01 9.961921894588e-01 9.963009840457e-01 9.964037344889e-01 9.965009308541e-01 9.965930116211e-01 9.966803702975e-01 9.967633610400e-01 9.968423034537e-01 9.969174867048e-01 9.969891730605e-01 9.970576009455e-01 9.971229875911e-01 9.971855313391e-01 9.972454136511e-01 9.973028008667e-01 9.973578457470e-01 9.974106888320e-01 9.974614596392e-01 9.975102777231e-01 9.975572536151e-01 9.976024896593e-01 9.976460807564e-01 9.976881150286e-01 9.977286744141e-01 9.977678352000e-01 9.978056685017e-01 9.978422406933e-01 9.978776137967e-01 9.979118458323e-01 9.979449911365e-01 9.979771006500e-01 9.980082221785e-01 9.980384006303e-01 9.980676782328e-01 9.980960947294e-01 9.981236875594e-01 9.981504920229e-01 9.981765414310e-01 9.982018672444e-01 9.982264992000e-01 9.982504654270e-01 9.982737925547e-01 9.982965058105e-01 9.983186291117e-01 9.983401851487e-01 9.983611954633e-01 9.983816805200e-01 9.984016597728e-01 9.984211517268e-01 9.984401739952e-01 9.984587433524e-01 9.984768757835e-01 9.984945865302e-01 9.985118901333e-01 9.985288004727e-01 9.985453308045e-01 9.985614937956e-01 9.985773015561e-01 9.985927656696e-01 9.986078972215e-01 9.986227068255e-01 9.986372046484e-01 9.986514004333e-01 9.986653035217e-01 9.986789228735e-01 9.986922670869e-01 9.987053444160e-01 9.987181627881e-01 9.987307298196e-01 9.987430528311e-01 9.987551388615e-01 9.987669946819e-01 9.987786268076e-01 9.987900415103e-01 9.988012448296e-01 9.988122425835e-01 9.988230403782e-01 9.988336436180e-01 9.988440575143e-01 9.988542870938e-01 9.988643372070e-01 9.988742125357e-01 9.988839176000e-01 9.988934567658e-01 9.989028342509e-01 9.989120541311e-01 9.989211203467e-01
1.000000000000e-12 8.776400230109e-01 9.388198343107e-01 9.592132210459e-01 9.694099156736e-01 9.755279325246e-01 9.796066104343e-01 9.825199518001e-01 9.847049578249e-01 9.864044069553e-01 9.877639662598e-01 9.888763329634e-01 9.898033052165e-01 9.905876663537e-01 9.912599758998e-01 9.918426441732e-01 9.923524789123e-01 9.928023330940e-01 9.932022034776e-01 9.935599822420e-01 9.938819831299e-01 9.941733172665e-01 9.944381664817e-01 9.946799853303e-01 9.949016526082e-01 9.951055865039e-01 9.952938331768e-01 9.954681356518e-01 9.956299879499e-01 9.957806780206e-01 9.959213220866e-01 9.960528923419e-01 9.961762394562e-01 9.962921109878e-01 9.964011665470e-01 9.965039903599e-01 9.966011017388e-01 9.966929638540e-01 9.967799911210e-01 9.968625554512e-01 9.969409915649e-01 9.970156015268e-01 9.970866586333e-01 9.971544107581e-01 9.972190832409e-01 9.972808813911e-01 9.973399926652e-01 9.973965885659e-01 9.974508263041e-01 9.975028502571e-01 9.975527932519e-01 9.976007776980e-01 9.976469165884e-01 9.976913143886e-01 9.977340678259e-01 9.977752665927e-01 9.978149939750e-01 9.978533274140e-01 9.978903390103e-01 9.979260959762e-01 9.979606610433e-01 9.979940928295e-01 9.980264461709e-01 9.980577724222e-01 9.980881197281e-01 9.981175332707e-01 9.981460554939e-01 9.981737263074e-01 9.982005832735e-01 9.982266617768e-01 9.982519951800e-01 9.982766149662e-01 9.983005508694e-01 9.983238309945e-01 9.983464819270e-01 9.983685288346e-01 9.983899955605e-01 9.984109047091e-01 9.984312777256e-01 9.984511349696e-01 9.984704957825e-01 9.984893785506e-01 9.985078007634e-01 9.985257790674e-01 9.985433293166e-01 9.985604666188e-01 9.985772053790e-01 9.985935593402e-01 9.986095416204e-01 9.986251647483e-01 9.986404406955e-01 9.986553809077e-01 9.986699963326e-01 9.986842974473e-01 9.986982942830e-01 9.987119964484e-01 9.987254131521e-01 9.987385532227e-01 9.987514251285e-01 9.987640369959e-01 9.987763966260e-01 9.987885115109e-01 9.988003888490e-01 9.988120355592e-01 9.988234582942e-01 9.988346634533e-01 9.988456571943e-01 9.988564454448e-01 9.988670339129e-01 9.988774280972e-01 9.988876332963e-01 9.988976546180e-01 9.989074969875e-01 9.989171651557e-01 9.989266637070e-01 9.989359970661e-01 9.989451695051e-01 9.989541851504e-01 9.989630479881e-01 9.989717618706e-01 9.989803305216e-01
1.000000000000e-12 8.846528271902e-01 9.423262954246e-01 9.615508624025e-01 9.711631467284e-01 9.769305173732e-01 9.807754311425e-01 9.835217981216e-01 9.855815733563e-01 9.871836207611e-01 9.884652586849e-01 9.895138715318e-01 9.903877155708e-01 9.911271220653e-01 9.917608990607e-01 9.923101724566e-01 9.927907866781e-01 9.932148580500e-01 9.935918103805e-01 9.939290835184e-01 9.942326293425e-01 9.945072660404e-01 9.947569357659e-01 9.949848950804e-01 9.951938577854e-01 9.953861034740e-01 9.955635610327e-01 9.957278735870e-01 9.958804495303e-01 9.960225029948e-01 9.961550862283e-01 9.962791157048e-01 9.963953933390e-01 9.965046238439e-01 9.966074290250e-01 9.967043596243e-01 9.967959051903e-01 9.968825023473e-01 9.969645417592e-01 9.970423740218e-01 9.971163146712e-01 9.971866484597e-01 9.972536330202e-01 9.973175020197e-01 9.973784678829e-01 9.974367241522e-01 9.974924475402e-01 9.975457997202e-01 9.975969288927e-01 9.976459711602e-01 9.976930517370e-01 9.977382860166e-01 9.977817805163e-01 9.978236337141e-01 9.978639367935e-01 9.979027743064e-01 9.979402247652e-01 9.979763611728e-01 9.980112514974e-01 9.980449590991e-01 9.980775431141e-01 9.981090588008e-01 9.981395578524e-01 9.981690886801e-01 9.981976966695e-01 9.982254244131e-01 9.982523119220e-01 9.982783968186e-01 9.983037145125e-01 9.983282983601e-01 9.983521798121e-01 9.983753885472e-01 9.983979525951e-01 9.984198984500e-01 9.984412511736e-01 9.984620344913e-01 9.984822708796e-01 9.985019816474e-01 9.985211870109e-01 9.985399061626e-01 9.985581573356e-01 9.985759578623e-01 9.985933242299e-01 9.986102721307e-01 9.986268165101e-01 9.986429716100e-01 9.986587510099e-01 9.986741676649e-01 9.986892339415e-01 9.987039616500e-01 9.987183620761e-01 9.987324460093e-01 9.987462237701e-01 9.987597052349e-01 9.987728998601e-01 9.987858167037e-01 9.987984644463e-01 9.988108514108e-01 9.988229855801e-01 9.988348746146e-01 9.988465258685e-01 9.988579464044e-01 9.988691430083e-01 9.988801222024e-01 9.988908902582e-01 9.989014532081e-01 9.989118168571e-01 9.989219867930e-01 9.989319683968e-01 9.989417668518e-01 9.989513871532e-01 9.989608341158e-01 9.989701123826e-01 9.989792264323e-01 9.989881805864e-01 9.989969790161e-01 9.990056257487e-01 9.990141246739e-01 9.990224795496e-01 9.990306940071e-01 9.990387715571e-01
1.000000000000e-12 8.915724029005e-01 9.457861242087e-01 9.638574153489e-01 9.728930614639e-01 9.783144491649e-01 9.819287076362e-01 9.845103208307e-01 9.864465307268e-01 9.879524717571e-01 9.891572245814e-01 9.901429314376e-01 9.909643538178e-01 9.916594035241e-01 9.922551604153e-01 9.927714830542e-01 9.932232653634e-01 9.936218968126e-01 9.939762358785e-01 9.942932760955e-01 9.945786122907e-01 9.948367736102e-01 9.950714657188e-01 9.952857498180e-01 9.954821769089e-01 9.956628898325e-01 9.958297017621e-01 9.959841572524e-01 9.961275802076e-01 9.962611119246e-01 9.963857415271e-01 9.965023305101e-01 9.966116326817e-01 9.967143104792e-01 9.968109484063e-01 9.969020641661e-01 9.969881179393e-01 9.970695201571e-01 9.971466380477e-01 9.972198011747e-01 9.972893061453e-01 9.973554206296e-01 9.974183868051e-01 9.974784243212e-01 9.975357328594e-01 9.975904943514e-01 9.976428749090e-01 9.976930265067e-01 9.977410884545e-01 9.977871886901e-01 9.978314449163e-01 9.978739656042e-01 9.979148508810e-01 9.979541933172e-01 9.979920786262e-01 9.980285862875e-01 9.980637901038e-01 9.980977586985e-01 9.981305559623e-01 9.981622414545e-01 9.981928707636e-01 9.982224958330e-01 9.982511652551e-01 9.982789245367e-01 9.983058163408e-01 9.983318807048e-01 9.983571552396e-01 9.983816753107e-01 9.984054742031e-01 9.984285832727e-01 9.984510320831e-01 9.984728485326e-01 9.984940589696e-01 9.985146882988e-01 9.985347600786e-01 9.985542966108e-01 9.985733190239e-01 9.985918473482e-01 9.986099005874e-01 9.986274967825e-01 9.986446530727e-01 9.986613857508e-01 9.986777103148e-01 9.986936415158e-01 9.987091934025e-01 9.987243793625e-01 9.987392121606e-01 9.987537039749e-01 9.987678664297e-01 9.987817106271e-01 9.987952471757e-01 9.988084862177e-01 9.988214374545e-01 9.988341101700e-01 9.988465132533e-01 9.988586552191e-01 9.988705442272e-01 9.988821881012e-01 9.988935943450e-01 9.989047701597e-01 9.989157224581e-01 9.989264578793e-01 9.989369828021e-01 9.989473033574e-01 9.989574254405e-01 9.989673547220e-01 9.989770966586e-01 9.989866565029e-01 9.989960393131e-01 9.990052499616e-01 9.990142931438e-01 9.990231733857e-01 9.990318950519e-01 9.990404623523e-01 9.990488793492e-01 9.990571499636e-01 9.990652779812e-01 9.990732670582e-01 9.990811207272e-01 9.990888424018e-01 9.990964353818e-01
1.000000000000e-12 8.983979594660e-01 9.491989303555e-01 9.661326197338e-01 9.745994647700e-01 9.796795718121e-01 9.830663098426e-01 9.854854084363e-01 9.872997323817e-01 9.887108732282e-01 9.898397859053e-01 9.907634417321e-01 9.915331549211e-01 9.921844506964e-01 9.927427042181e-01 9.932265239369e-01 9.936498661908e-01 9.940234034737e-01 9.943554366141e-01 9.946525188975e-01 9.949198929527e-01 9.951618028121e-01 9.953817208661e-01 9.955825156110e-01 9.957665774606e-01 9.959359143621e-01 9.960922253482e-01 9.962369577427e-01 9.963713521090e-01 9.964964778984e-01 9.966132619684e-01 9.967225115824e-01 9.968249330954e-01 9.969211472440e-01 9.970117017369e-01 9.970970816872e-01 9.971777183070e-01 9.972539961906e-01 9.973262594488e-01 9.973948168988e-01 9.974599464763e-01 9.975218990013e-01 9.975809014060e-01 9.976371595129e-01 9.976908604330e-01 9.977421746456e-01 9.977912578055e-01 9.978382523203e-01 9.978832887303e-01 9.979264869195e-01 9.979679571811e-01 9.980078011579e-01 9.980461126741e-01 9.980829784727e-01 9.981184788714e-01 9.981526883464e-01 9.981856760545e-01 9.982175062992e-01 9.982482389492e-01 9.982779298145e-01 9.983066309842e-01 9.983343911320e-01 9.983612557912e-01 9.983872676040e-01 9.984124665477e-01 9.984368901393e-01 9.984605736220e-01 9.984835501351e-01 9.985058508684e-01 9.985275052037e-01 9.985485408436e-01 9.985689839303e-01 9.985888591535e-01 9.986081898500e-01 9.986269980953e-01 9.986453047874e-01 9.986631297244e-01 9.986804916760e-01 9.986974084494e-01 9.987138969500e-01 9.987299732382e-01 9.987456525809e-01 9.987609495007e-01 9.987758778199e-01 9.987904507030e-01 9.988046806947e-01 9.988185797564e-01 9.988321592995e-01 9.988454302165e-01 9.988584029107e-01 9.988710873228e-01 9.988834929566e-01 9.988956289027e-01 9.989075038608e-01 9.989191261601e-01 9.989305037795e-01 9.989416443651e-01 9.989525552480e-01 9.989632434597e-01 9.989737157480e-01 9.989839785905e-01 9.989940382084e-01 9.990039005790e-01 9.990135714471e-01 9.990230563371e-01 9.990323605624e-01 9.990414892363e-01 9.990504472809e-01 9.990592394357e-01 9.990678702665e-01 9.990763441732e-01 9.990846653969e-01 9.990928380273e-01 9.991008660093e-01 9.991087531496e-01 9.991165031222e-01 9.991241194746e-01 9.991316056329e-01 9.991389649072e-01 9.991462004962e-01 9.991533154921e-01
1.000000000000e-12 9.051288866279e-01 9.525644125233e-01 9.683762747030e-01 9.762822060084e-01 9.810257648043e-01 9.841881373364e-01 9.864469748597e-01 9.881411030022e-01 9.894587582241e-01 9.905128824017e-01 9.913753476379e-01 9.920940686681e-01 9.927022172321e-01 9.932234874298e-01 9.936752549345e-01 9.940705515011e-01 9.944193425892e-01 9.947293791121e-01 9.950067802114e-01 9.952564412008e-01 9.954823249532e-01 9.956876738190e-01 9.958751662616e-01 9.960470343340e-01 9.962051529607e-01 9.963511086160e-01 9.964862527414e-01 9.966117437149e-01 9.967285801385e-01 9.968376274672e-01 9.969396394844e-01 9.970352757505e-01 9.971251158793e-01 9.972096712946e-01 9.972893949719e-01 9.973646895560e-01 9.974359141626e-01 9.975033901057e-01 9.975674057440e-01 9.976282206004e-01 9.976860688785e-01 9.977411624766e-01 9.977936935818e-01 9.978438369095e-01 9.978917516448e-01 9.979375831308e-01 9.979814643408e-01 9.980235171670e-01 9.980638535514e-01 9.981025764803e-01 9.981397808631e-01 9.981755543080e-01 9.982099778116e-01 9.982431263707e-01 9.982750695276e-01 9.983058718574e-01 9.983355934038e-01 9.983642900693e-01 9.983920139664e-01 9.984188137336e-01 9.984447348199e-01 9.984698197422e-01 9.984941083177e-01 9.985176378753e-01 9.985404434464e-01 9.985625579397e-01 9.985840122988e-01 9.986048356473e-01 9.986250554205e-01 9.986446974860e-01 9.986637862538e-01 9.986823447780e-01 9.987003948495e-01 9.987179570813e-01 9.987350509869e-01 9.987516950529e-01 9.987679068054e-01 9.987837028720e-01 9.987990990382e-01 9.988141103002e-01 9.988287509138e-01 9.988430344392e-01 9.988569737833e-01 9.988705812383e-01 9.988838685179e-01 9.988968467909e-01 9.989095267128e-01 9.989219184547e-01 9.989340317305e-01 9.989458758224e-01 9.989574596046e-01 9.989687915654e-01 9.989798798281e-01 9.989907321704e-01 9.990013560423e-01 9.990117585835e-01 9.990219466394e-01 9.990319267757e-01 9.990417052931e-01 9.990512882402e-01 9.990606814259e-01 9.990698904315e-01 9.990789206215e-01 9.990877771540e-01 9.990964649906e-01 9.991049889058e-01 9.991133534955e-01 9.991215631853e-01 9.991296222387e-01 9.991375347638e-01 9.991453047209e-01 9.991529359287e-01 9.991604320709e-01 9.991677967019e-01 9.991750332523e-01 9.991821450346e-01 9.991891352480e-01 9.991960069832e-01 9.992027632270e-01 9.992094068668e-01
1.000000000000e-12 9.117647438470e-01 9.558823532521e-01 9.705882353126e-01 9.779411764731e-01 9.823529411770e-01 9.852941176472e-01 9.873949579832e-01 9.889705882353e-01 9.901960784314e-01 9.911764705882e-01 9.919786096257e-01 9.926470588235e-01 9.932126696833e-01 9.936974789916e-01 9.941176470588e-01 9.944852941176e-01 9.948096885813e-01 9.950980392157e-01 9.953560371517e-01 9.955882352941e-01 9.957983193277e-01 9.959893048128e-01 9.961636828645e-01 9.963235294118e-01 9.964705882353e-01 9.966063348416e-01 9.967320261438e-01 9.968487394958e-01 9.969574036511e-01 9.970588235294e-01 9.971537001898e-01 9.972426470588e-01 9.973262032086e-01 9.974048442907e-01 9.974789915966e-01 9.975490196078e-01 9.976152623211e-01 9.976780185759e-01 9.977375565611e-01 9.977941176471e-01 9.978479196557e-01 9.978991596639e-01 9.979480164159e-01 9.979946524064e-01 9.980392156863e-01 9.980818414322e-01 9.981226533166e-01 9.981617647059e-01 9.981992797119e-01 9.982352941176e-01 9.982698961938e-01 9.983031674208e-01 9.983351831299e-01 9.983660130719e-01 9.983957219251e-01 9.984243697479e-01 9.984520123839e-01 9.984787018256e-01 9.985044865404e-01 9.985294117647e-01 9.985535197686e-01 9.985768500949e-01 9.985994397759e-01 9.986213235294e-01 9.986425339367e-01 9.986631016043e-01 9.986830553117e-01 9.987024221453e-01 9.987212276215e-01 9.987394957983e-01 9.987572493786e-01 9.987745098039e-01 9.987912973409e-01 9.988076311606e-01 9.988235294118e-01 9.988390092879e-01 9.988540870894e-01 9.988687782805e-01 9.988830975428e-01 9.988970588235e-01 9.989106753813e-01 9.989239598278e-01 9.989369241673e-01 9.989495798319e-01 9.989619377163e-01 9.989740082079e-01 9.989858012170e-01 9.989973262032e-01 9.990085922009e-01 9.990196078431e-01 9.990303813833e-01 9.990409207161e-01 9.990512333966e-01 9.990613266583e-01 9.990712074303e-01 9.990808823529e-01 9.990903577926e-01 9.990996398559e-01 9.991087344028e-01 9.991176470588e-01 9.991263832266e-01 9.991349480969e-01 9.991433466590e-01 9.991515837104e-01 9.991596638656e-01 9.991675915649e-01 9.991753710830e-01 9.991830065360e-01 9.991905018888e-01 9.991978609626e-01 9.992050874404e-01 9.992121848739e-01 9.992191566892e-01 9.992260061919e-01 9.992327365729e-01 9.992393509128e-01 9.992458521870e-01 9.992522432702e-01 9.992585269402e-01 9.992647058824e-01
1.000000000000e-12 9.183052498162e-01 9.591526139390e-01 9.727684091822e-01 9.795763068800e-01 9.836610455031e-01 9.863842045858e-01 9.883293182163e-01 9.897881534393e-01 9.909228030571e-01 9.918305227514e-01 9.925732025013e-01 9.931921022928e-01 9.937157867319e-01 9.941646591081e-01 9.945536818343e-01 9.948940767196e-01 9.951944251479e-01 9.954614015286e-01 9.957002751323e-01 9.959152613757e-01 9.961097727388e-01 9.962866012506e-01 9.964480533702e-01 9.965960511464e-01 9.967322091006e-01 9.968578933659e-01 9.969742676857e-01 9.970823295541e-01 9.971829388798e-01 9.972768409171e-01 9.973646847585e-01 9.974470383598e-01 9.975244008338e-01 9.975972125739e-01 9.976658636433e-01 9.977307007643e-01 9.977920331761e-01 9.978501375662e-01 9.979052622439e-01 9.979576306878e-01 9.980074445735e-01 9.980548863694e-01 9.981001215701e-01 9.981433006253e-01 9.981845606114e-01 9.982240266851e-01 9.982618133514e-01 9.982980255732e-01 9.983327597452e-01 9.983661045503e-01 9.983981417160e-01 9.984289466830e-01 9.984585891984e-01 9.984871338429e-01 9.985146405003e-01 9.985411647770e-01 9.985667583774e-01 9.985914694399e-01 9.986153428392e-01 9.986384204586e-01 9.986607414347e-01 9.986823423793e-01 9.987032575796e-01 9.987235191799e-01 9.987431573464e-01 9.987622004169e-01 9.987806750375e-01 9.987986062870e-01 9.988160177901e-01 9.988329318216e-01 9.988493694016e-01 9.988653503821e-01 9.988808935276e-01 9.988960165880e-01 9.989107363669e-01 9.989250687831e-01 9.989390289287e-01 9.989526311220e-01 9.989658889559e-01 9.989788153439e-01 9.989914225619e-01 9.990037222868e-01 9.990157256327e-01 9.990274431847e-01 9.990388850296e-01 9.990500607850e-01 9.990609796266e-01 9.990716503127e-01 9.990820812080e-01 9.990922803057e-01 9.991022552474e-01 9.991120133425e-01 9.991215615862e-01 9.991309066757e-01 9.991400550265e-01 9.991490127866e-01 9.991577858507e-01 9.991663798726e-01 9.991748002779e-01 9.991830522751e-01 9.991911408665e-01 9.991990708580e-01 9.992068468691e-01 9.992144733415e-01 9.992219545478e-01 9.992292945992e-01 9.992364974534e-01 9.992435669214e-01 9.992505066744e-01 9.992573202501e-01 9.992640110587e-01 9.992705823885e-01 9.992770374116e-01 9.992833791887e-01 9.992896106740e-01 9.992957347199e-01 9.993017540813e-01 9.993076714196e-01 9.993134893068e-01 9.993192102293e-01
1.000000000000e-12 9.247502722237e-01 9.623751298973e-01 9.749167532025e-01 9.811875648981e-01 9.849500519180e-01 9.874583765982e-01 9.892500370842e-01 9.905937824487e-01 9.916389177321e-01 9.924750259589e-01 9.931591145081e-01 9.937291882991e-01 9.942115584299e-01 9.946250185421e-01 9.949833506393e-01 9.952968912243e-01 9.955735446817e-01 9.958194588661e-01 9.960394873468e-01 9.962375129795e-01 9.964166790281e-01 9.965795572540e-01 9.967282721560e-01 9.968645941496e-01 9.969900103836e-01 9.971057792150e-01 9.972129725774e-01 9.973125092710e-01 9.974051813651e-01 9.974916753196e-01 9.975725890190e-01 9.976484456122e-01 9.977197048360e-01 9.977867723409e-01 9.978500074168e-01 9.979097294330e-01 9.979662232321e-01 9.980197436734e-01 9.980705194766e-01 9.981187564897e-01 9.981646404778e-01 9.982083395140e-01 9.982500060370e-01 9.982897786270e-01 9.983277835464e-01 9.983641360780e-01 9.983989416934e-01 9.984322970748e-01 9.984642910120e-01 9.984950051918e-01 9.985245148939e-01 9.985528896075e-01 9.985801935772e-01 9.986064862887e-01 9.986318229016e-01 9.986562546355e-01 9.986798291156e-01 9.987025906826e-01 9.987245806710e-01 9.987458376598e-01 9.987663976982e-01 9.987862945095e-01 9.988055596760e-01 9.988242228061e-01 9.988423116860e-01 9.988598524180e-01 9.988768695461e-01 9.988933861704e-01 9.989094240520e-01 9.989250037084e-01 9.989401445013e-01 9.989548647165e-01 9.989691816382e-01 9.989831116161e-01 9.989966701279e-01 9.990098718367e-01 9.990227306440e-01 9.990352597383e-01 9.990474716404e-01 9.990593782449e-01 9.990709908591e-01 9.990823202389e-01 9.990933766216e-01 9.991041697570e-01 9.991147089363e-01 9.991250030185e-01 9.991350604550e-01 9.991448893135e-01 9.991544972988e-01 9.991638917732e-01 9.991730797757e-01 9.991820680390e-01 9.991908630063e-01 9.991994708467e-01 9.992078974694e-01 9.992161485374e-01 9.992242294803e-01 9.992321455060e-01 9.992399016120e-01 9.992475025959e-01 9.992549530652e-01 9.992622574470e-01 9.992694199960e-01 9.992764448037e-01 9.992833358056e-01 9.992900967886e-01 9.992967313980e-01 9.993032431443e-01 9.993096354091e-01 9.993159114508e-01 9.993220744107e-01 9.993281273178e-01 9.993340730937e-01 9.993399145578e-01 9.993456544312e-01 9.993512953413e-01 9.993568398255e-01 9.993622903355e-01 9.993676492402e-01 9.993729188299e-01
1.000000000000e-12 9.310998177949e-01 9.655499055214e-01 9.770332703138e-01 9.827749527333e-01 9.862199621864e-01 9.885166351553e-01 9.901571158474e-01 9.913874763664e-01 9.923444234368e-01 9.931099810931e-01 9.937363464483e-01 9.942583175776e-01 9.946999854563e-01 9.950785579237e-01 9.954066540621e-01 9.956937381832e-01 9.959470477019e-01 9.961722117184e-01 9.963736742596e-01 9.965549905466e-01 9.967190386158e-01 9.968681732242e-01 9.970043396057e-01 9.971291587888e-01 9.972439924373e-01 9.973499927281e-01 9.974481411456e-01 9.975392789618e-01 9.976241314114e-01 9.977033270311e-01 9.977774132559e-01 9.978468690916e-01 9.979121154828e-01 9.979735238509e-01 9.980314231695e-01 9.980861058592e-01 9.981378327279e-01 9.981868371298e-01 9.982333284854e-01 9.982774952733e-01 9.983195075837e-01 9.983595193079e-01 9.983976700217e-01 9.984340866121e-01 9.984688846874e-01 9.985021698029e-01 9.985340385305e-01 9.985645793944e-01 9.985938736925e-01 9.986219962186e-01 9.986490159006e-01 9.986749963641e-01 9.986999964327e-01 9.987240705728e-01 9.987472692897e-01 9.987696394809e-01 9.987912247532e-01 9.988120657057e-01 9.988322001853e-01 9.988516635155e-01 9.988704887038e-01 9.988887066279e-01 9.989063462053e-01 9.989234345458e-01 9.989399970913e-01 9.989560577414e-01 9.989716389691e-01 9.989867619255e-01 9.990014465352e-01 9.990157115847e-01 9.990295748019e-01 9.990430529296e-01 9.990561617936e-01 9.990689163639e-01 9.990813308124e-01 9.990934185649e-01 9.991051923498e-01 9.991166642427e-01 9.991278457080e-01 9.991387476366e-01 9.991493803819e-01 9.991597537918e-01 9.991698772401e-01 9.991797596539e-01 9.991894095404e-01 9.991988350108e-01 9.992080438038e-01 9.992170433060e-01 9.992258405723e-01 9.992344423437e-01 9.992428550652e-01 9.992510849014e-01 9.992591377520e-01 9.992670192652e-01 9.992747348519e-01 9.992822896972e-01 9.992896887725e-01 9.992969368462e-01 9.993040384943e-01 9.993109981093e-01 9.993178199102e-01 9.993245079503e-01 9.993310661255e-01 9.993374981820e-01 9.993438077232e-01 9.993499982163e-01 9.993560729994e-01 9.993620352864e-01 9.993678881737e-01 9.993736346448e-01 9.993792775760e-01 9.993848197405e-01 9.993902638135e-01 9.993956123766e-01 9.994008679211e-01 9.994060328529e-01 9.994111094951e-01 9.994161000926e-01 9.994210068146e-01 9.994258317578e-01
1.000000000000e-12 9.373540226417e-01 9.686770095748e-01 9.791180063658e-01 9.843385047733e-01 9.874708038185e-01 9.895590031821e-01 9.910505741560e-01 9.921692523865e-01 9.930393354547e-01 9.937354019092e-01 9.943049108266e-01 9.947795015910e-01 9.951810783917e-01 9.955252870780e-01 9.958236012728e-01 9.960846261933e-01 9.963149422995e-01 9.965196677274e-01 9.967028431101e-01 9.968677009546e-01 9.970168580520e-01 9.971524554133e-01 9.972762616997e-01 9.973897507955e-01 9.974941607637e-01 9.975905391959e-01 9.976797784849e-01 9.977626435390e-01 9.978397937618e-01 9.979118006364e-01 9.979791619062e-01 9.980423130966e-01 9.981016369422e-01 9.981574711498e-01 9.982101148312e-01 9.982598338637e-01 9.983068653809e-01 9.983514215551e-01 9.983936927972e-01 9.984338504773e-01 9.984720492462e-01 9.985084290260e-01 9.985431167231e-01 9.985762277066e-01 9.986078670909e-01 9.986381308498e-01 9.986671067892e-01 9.986948753978e-01 9.987215105937e-01 9.987470803818e-01 9.987716474332e-01 9.987952695979e-01 9.988180003602e-01 9.988398892424e-01 9.988609821653e-01 9.988813217695e-01 9.989009477034e-01 9.989198968809e-01 9.989382037134e-01 9.989559003182e-01 9.989730167064e-01 9.989895809531e-01 9.990056193507e-01 9.990211565483e-01 9.990362156783e-01 9.990508184711e-01 9.990649853596e-01 9.990787355749e-01 9.990920872332e-01 9.991050574156e-01 9.991176622407e-01 9.991299169318e-01 9.991418358780e-01 9.991534326904e-01 9.991647202546e-01 9.991757107775e-01 9.991864158324e-01 9.991968463986e-01 9.992070128999e-01 9.992169252387e-01 9.992265928283e-01 9.992360246231e-01 9.992452291457e-01 9.992542145130e-01 9.992629884599e-01 9.992715583615e-01 9.992799312539e-01 9.992881138533e-01 9.992961125741e-01 9.993039335455e-01 9.993115826274e-01 9.993190654249e-01 9.993263873021e-01 9.993335533946e-01 9.993405686220e-01 9.993474376989e-01 9.993541651453e-01 9.993607552969e-01 9.993672123141e-01 9.993735401909e-01 9.993797427633e-01 9.993858237166e-01 9.993917865931e-01 9.993976347990e-01 9.994033716104e-01 9.994090001801e-01 9.994145235429e-01 9.994199446212e-01 9.994252662302e-01 9.994304910827e-01 9.994356217936e-01 9.994406608848e-01 9.994456107884e-01 9.994504738517e-01 9.994552523399e-01 9.994599484405e-01 9.994645642657e-01 9.994691018567e-01 9.994735631857e-01 9.994779501591e-01
1.000000000000e-12 9.435131429374e-01 9.717565706170e-01 9.811710470695e-01 9.858782853016e-01 9.887026282412e-01 9.905855235344e-01 9.919304487437e-01 9.929391426508e-01 9.937236823562e-01 9.943513141206e-01 9.948648310187e-01 9.952927617672e-01 9.956548570159e-01 9.959652243719e-01 9.962342094137e-01 9.964695713254e-01 9.966772436004e-01 9.968618411781e-01 9.970270074319e-01 9.971756570603e-01 9.973101495812e-01 9.974324155094e-01 9.975440496177e-01 9.976463808836e-01 9.977405256482e-01 9.978274285079e-01 9.979078941187e-01 9.979826121859e-01 9.980521772830e-01 9.981171047069e-01 9.981778432647e-01 9.982347856627e-01 9.982882770062e-01 9.983386218002e-01 9.983860897487e-01 9.984309205891e-01 9.984733281407e-01 9.985135037160e-01 9.985516190053e-01 9.985878285302e-01 9.986222717367e-01 9.986550747906e-01 9.986863521211e-01 9.987162077547e-01 9.987447364712e-01 9.987720248088e-01 9.987981519406e-01 9.988231904418e-01 9.988472069634e-01 9.988702628241e-01 9.988924145335e-01 9.989137142540e-01 9.989342102114e-01 9.989539470594e-01 9.989729662037e-01 9.989913060930e-01 9.990090024773e-01 9.990260886415e-01 9.990425956137e-01 9.990585523534e-01 9.990739859214e-01 9.990889216324e-01 9.991033831938e-01 9.991173928313e-01 9.991309714032e-01 9.991441385031e-01 9.991569125553e-01 9.991693109001e-01 9.991813498726e-01 9.991930448744e-01 9.992044104395e-01 9.992154602945e-01 9.992262074138e-01 9.992366640704e-01 9.992468418828e-01 9.992567518580e-01 9.992664044313e-01 9.992758095026e-01 9.992849764710e-01 9.992939142651e-01 9.993026313729e-01 9.993111358684e-01 9.993194354362e-01 9.993275373953e-01 9.993354487201e-01 9.993431760605e-01 9.993507257610e-01 9.993581038773e-01 9.993653161933e-01 9.993723682356e-01 9.993792652880e-01 9.993860124044e-01 9.993926144216e-01 9.993990759703e-01 9.994054014864e-01 9.994115952209e-01 9.994176612495e-01 9.994236034817e-01 9.994294256688e-01 9.994351314121e-01 9.994407241704e-01 9.994462072667e-01 9.994515838952e-01 9.994568571270e-01 9.994620299162e-01 9.994671051057e-01 9.994720854318e-01 9.994769735297e-01 9.994817719377e-01 9.994864831019e-01 9.994911093802e-01 9.994956530465e-01 9.995001162939e-01 9.995045012386e-01 9.995088099235e-01 9.995130443207e-01 9.995172063351e-01 9.995212978068e-01 9.995253205143e-01 9.995292761767e-01
1.000000000000e-12 9.495775459351e-01 9.747887725804e-01 9.831925150498e-01 9.873943862871e-01 9.899155090297e-01 9.915962575247e-01 9.927967921640e-01 9.936971931435e-01 9.943975050165e-01 9.949577545148e-01 9.954161404680e-01 9.957981287624e-01 9.961213496268e-01 9.963983960820e-01 9.966385030099e-01 9.968485965718e-01 9.970339732440e-01 9.971987525082e-01 9.973461865868e-01 9.974788772574e-01 9.975989307213e-01 9.977080702340e-01 9.978077193543e-01 9.978990643812e-01 9.979831018059e-01 9.980606748134e-01 9.981325016722e-01 9.981991980410e-01 9.982612946603e-01 9.983192515049e-01 9.983734691983e-01 9.984242982859e-01 9.984720468227e-01 9.985169866220e-01 9.985593584328e-01 9.985993762541e-01 9.986372309500e-01 9.986730932934e-01 9.987071165423e-01 9.987394386287e-01 9.987701840280e-01 9.987994653607e-01 9.988273847709e-01 9.988540351170e-01 9.988795010033e-01 9.989038596771e-01 9.989271818117e-01 9.989495321906e-01 9.989709703092e-01 9.989915509030e-01 9.990113244147e-01 9.990303374067e-01 9.990486329273e-01 9.990662508361e-01 9.990832280936e-01 9.990995990205e-01 9.991153955289e-01 9.991306473301e-01 9.991453821212e-01 9.991596257525e-01 9.991734023795e-01 9.991867345992e-01 9.991996435738e-01 9.992121491429e-01 9.992242699254e-01 9.992360234113e-01 9.992474260470e-01 9.992584933110e-01 9.992692397848e-01 9.992796792164e-01 9.992898245796e-01 9.992996881271e-01 9.993092814404e-01 9.993186154750e-01 9.993277006020e-01 9.993365466467e-01 9.993451629240e-01 9.993535582711e-01 9.993617410778e-01 9.993697193143e-01 9.993775005574e-01 9.993850920140e-01 9.993925005440e-01 9.993997326803e-01 9.994067946488e-01 9.994136923854e-01 9.994204315534e-01 9.994270175585e-01 9.994334555635e-01 9.994397505016e-01 9.994459070895e-01 9.994519298386e-01 9.994578230661e-01 9.994635909058e-01 9.994692373174e-01 9.994747660953e-01 9.994801808778e-01 9.994854851546e-01 9.994906822742e-01 9.994957754515e-01 9.995007677737e-01 9.995056622073e-01 9.995104616034e-01 9.995151687033e-01 9.995197861443e-01 9.995243164637e-01 9.995287621042e-01 9.995331254180e-01 9.995374086711e-01 9.995416140468e-01 9.995457436500e-01 9.995497995102e-01 9.995537835854e-01 9.995576977645e-01 9.995615438709e-01 9.995653236651e-01 9.995690388474e-01 9.995726910606e-01 9.995762818920e-01 9.995798128762e-01
1.000000000000e-12 9.555477013401e-01 9.777738505088e-01 9.851825670043e-01 9.888869252531e-01 9.911095402025e-01 9.925912835021e-01 9.936496715732e-01 9.944434626265e-01 9.950608556680e-01 9.955547701012e-01 9.959588819102e-01 9.962956417510e-01 9.965805923856e-01 9.968248357866e-01 9.970365134008e-01 9.972217313133e-01 9.973851588831e-01 9.975304278340e-01 9.976604053164e-01 9.977773850506e-01 9.978832238577e-01 9.979794409551e-01 9.980672913484e-01 9.981478208755e-01 9.982219080405e-01 9.982902961928e-01 9.983536185560e-01 9.984124178933e-01 9.984671621039e-01 9.985182567004e-01 9.985660548714e-01 9.986108656566e-01 9.986529606367e-01 9.986925794415e-01 9.987299343146e-01 9.987652139170e-01 9.987985865139e-01 9.988302026582e-01 9.988601974619e-01 9.988886925253e-01 9.989157975857e-01 9.989416119289e-01 9.989662256049e-01 9.989897204776e-01 9.990121711336e-01 9.990336456742e-01 9.990542064045e-01 9.990739104378e-01 9.990928102247e-01 9.991109540203e-01 9.991283862944e-01 9.991451480964e-01 9.991612773776e-01 9.991768092780e-01 9.991917763820e-01 9.992062089467e-01 9.992201351055e-01 9.992335810519e-01 9.992465712036e-01 9.992591283502e-01 9.992712737871e-01 9.992830274357e-01 9.992944079526e-01 9.993054328283e-01 9.993161184771e-01 9.993264803184e-01 9.993365328509e-01 9.993462897208e-01 9.993557637828e-01 9.993649671573e-01 9.993739112819e-01 9.993826069585e-01 9.993910643974e-01 9.993992932569e-01 9.994073026802e-01 9.994151013291e-01 9.994226974157e-01 9.994300987309e-01 9.994373126710e-01 9.994443462627e-01 9.994512061853e-01 9.994578987928e-01 9.994644301327e-01 9.994708059644e-01 9.994770317766e-01 9.994831128025e-01 9.994890540346e-01 9.994948602388e-01 9.995005359664e-01 9.995060855668e-01 9.995115131979e-01 9.995168228371e-01 9.995220182905e-01 9.995271032023e-01 9.995320810633e-01 9.995369552189e-01 9.995417288764e-01 9.995464051124e-01 9.995509868789e-01 9.995554770101e-01 9.995598782278e-01 9.995641931472e-01 9.995684242817e-01 9.995725740482e-01 9.995766447715e-01 9.995806386888e-01 9.995845579534e-01 9.995884046390e-01 9.995921807432e-01 9.995958881910e-01 9.995995288379e-01 9.996031044733e-01 9.996066168231e-01 9.996100675527e-01 9.996134582697e-01 9.996167905260e-01 9.996200658206e-01 9.996232856018e-01 9.996264512690e-01 9.996295641751e-01
1.000000000000e-12 9.614241730452e-01 9.807120864625e-01 9.871413909744e-01 9.903560432308e-01 9.922848345846e-01 9.935706954872e-01 9.944891675604e-01 9.951780216154e-01 9.957137969914e-01 9.961424172923e-01 9.964931066294e-01 9.967853477436e-01 9.970326286864e-01 9.972445837802e-01 9.974282781949e-01 9.975890108077e-01 9.977308337014e-01 9.978568984957e-01 9.979696933117e-01 9.980712086461e-01 9.981630558535e-01 9.982465533147e-01 9.983227901271e-01 9.983926738718e-01 9.984569669169e-01 9.985163143432e-01 9.985712656638e-01 9.986222918901e-01 9.986697990663e-01 9.987141390974e-01 9.987556184814e-01 9.987945054038e-01 9.988310355431e-01 9.988654168507e-01 9.988978335121e-01 9.989284492479e-01 9.989574100790e-01 9.989848466559e-01 9.990108762288e-01 9.990356043231e-01 9.990591261689e-01 9.990815279267e-01 9.991028877424e-01 9.991232766573e-01 9.991427593983e-01 9.991613950635e-01 9.991792377218e-01 9.991963369359e-01 9.992127382229e-01 9.992284834585e-01 9.992436112338e-01 9.992581571716e-01 9.992721542061e-01 9.992856328319e-01 9.992986213259e-01 9.993111459451e-01 9.993232311039e-01 9.993348995332e-01 9.993461724224e-01 9.993570695487e-01 9.993676093922e-01 9.993778092407e-01 9.993876852845e-01 9.993972527019e-01 9.994065257373e-01 9.994155177716e-01 9.994242413869e-01 9.994327084253e-01 9.994409300424e-01 9.994489167560e-01 9.994566784919e-01 9.994642246239e-01 9.994715640126e-01 9.994787050395e-01 9.994856556390e-01 9.994924233279e-01 9.994990152328e-01 9.995054381144e-01 9.995116983914e-01 9.995178021615e-01 9.995237552213e-01 9.995295630844e-01 9.995352309991e-01 9.995407639634e-01 9.995461667403e-01 9.995514438712e-01 9.995565996888e-01 9.995616383287e-01 9.995665637407e-01 9.995713796991e-01 9.995760898123e-01 9.995806975318e-01 9.995852061605e-01 9.995896188609e-01 9.995939386623e-01 9.995981684679e-01 9.996023110611e-01 9.996063691115e-01 9.996103451810e-01 9.996142417292e-01 9.996180611180e-01 9.996218056169e-01 9.996254774070e-01 9.996290785858e-01 9.996326111707e-01 9.996360771030e-01 9.996394782516e-01 9.996428164159e-01 9.996460933296e-01 9.996493106629e-01 9.996524700263e-01 9.996555729725e-01 9.996586209993e-01 9.996616155520e-01 9.996645580254e-01 9.996674497666e-01 9.996702920763e-01 9.996730862112e-01 9.996758333859e-01 9.996785347744e-01
1.000000000000e-12 9.632352942051e-01 9.816176470595e-01 9.877450980393e-01 9.908088235294e-01 9.926470588235e-01 9.938725490196e-01 9.947478991597e-01 9.954044117647e-01 9.959150326797e-01 9.963235294118e-01 9.966577540107e-01 9.969362745098e-01 9.971719457014e-01 9.973739495798e-01 9.975490196078e-01 9.977022058824e-01 9.978373702422e-01 9.979575163399e-01 9.980650154799e-01 9.981617647059e-01 9.982492997199e-01 9.983288770054e-01 9.984015345269e-01 9.984681372549e-01 9.985294117647e-01 9.985859728507e-01 9.986383442266e-01 9.986869747899e-01 9.987322515213e-01 9.987745098039e-01 9.988140417457e-01 9.988511029412e-01 9.988859180036e-01 9.989186851211e-01 9.989495798319e-01 9.989787581699e-01 9.990063593005e-01 9.990325077399e-01 9.990573152338e-01 9.990808823529e-01 9.991032998565e-01 9.991246498599e-01 9.991450068399e-01 9.991644385027e-01 9.991830065360e-01 9.992007672634e-01 9.992177722153e-01 9.992340686274e-01 9.992496998800e-01 9.992647058824e-01 9.992791234141e-01 9.992929864253e-01 9.993063263041e-01 9.993191721133e-01 9.993315508021e-01 9.993434873950e-01 9.993550051600e-01 9.993661257606e-01 9.993768693918e-01 9.993872549020e-01 9.993972999036e-01 9.994070208729e-01 9.994164332400e-01 9.994255514706e-01 9.994343891403e-01 9.994429590018e-01 9.994512730465e-01 9.994593425606e-01 9.994671781756e-01 9.994747899160e-01 9.994821872411e-01 9.994893790850e-01 9.994963738920e-01 9.995031796502e-01 9.995098039216e-01 9.995162538700e-01 9.995225362872e-01 9.995286576169e-01 9.995346239762e-01 9.995404411765e-01 9.995461147422e-01 9.995516499283e-01 9.995570517364e-01 9.995623249300e-01 9.995674740484e-01 9.995725034200e-01 9.995774171738e-01 9.995822192513e-01 9.995869134171e-01 9.995915032680e-01 9.995959922431e-01 9.996003836317e-01 9.996046805819e-01 9.996088861076e-01 9.996130030960e-01 9.996170343137e-01 9.996209824136e-01 9.996248499400e-01 9.996286393345e-01 9.996323529412e-01 9.996359930111e-01 9.996395617070e-01 9.996430611079e-01 9.996464932127e-01 9.996498599440e-01 9.996531631521e-01 9.996564046179e-01 9.996595860566e-01 9.996627091203e-01 9.996657754011e-01 9.996687864335e-01 9.996717436975e-01 9.996746486205e-01 9.996775025800e-01 9.996803069054e-01 9.996830628803e-01 9.996857717446e-01 9.996884346959e-01 9.996910528917e-01 9.996936274510e-01
1.000000000000e-12 9.632352942051e-01 9.816176470595e-01 9.877450980393e-01 9.908088235294e-01 9.926470588235e-01 9.938725490196e-01 9.947478991597e-01 9.954044117647e-01 9.959150326797e-01 9.963235294118e-01 9.966577540107e-01 9.969362745098e-01 9.971719457014e-01 9.973739495798e-01 9.975490196078e-01 9.977022058824e-01 9.978373702422e-01 9.979575163399e-01 9.980650154799e-01 9.981617647059e-01 9.982492997199e-01 9.983288770054e-01 9.984015345269e-01 9.984681372549e-01 9.985294117647e-01 9.985859728507e-01 9.986383442266e-01 9.986869747899e-01 9.987322515213e-01 9.987745098039e-01 9.988140417457e-01 9.988511029412e-01 9.988859180036e-01 9.989186851211e-01 9.989495798319e-01 9.989787581699e-01 9.990063593005e-01 9.990325077399e-01 9.990573152338e-01 9.990808823529e-01 9.991032998565e-01 9.991246498599e-01 9.991450068399e-01 9.991644385027e-01 9.991830065360e-01 9.992007672634e-01 9.992177722153e-01 9.992340686274e-01 9.992496998800e-01 9.992647058824e-01 9.992791234141e-01 9.992929864253e-01 9.993063263041e-01 9.993191721133e-01 9.993315508021e-01 9.993434873950e-01 9.993550051600e-01 9.993661257606e-01 9.993768693918e-01 9.993872549020e-01 9.993972999036e-01 9.994070208729e-01 9.994164332400e-01 9.994255514706e-01 9.994343891403e-01 9.994429590018e-01 9.994512730465e-01 9.994593425606e-01 9.994671781756e-01 9.994747899160e-01 9.994821872411e-01 9.994893790850e-01 9.994963738920e-01 9.995031796502e-01 9.995098039216e-01 9.995162538700e-01 9.995225362872e-01 9.995286576169e-01 9.995346239762e-01 9.995404411765e-01 9.995461147422e-01 9.995516499283e-01 9.995570517364e-01 9.995623249300e-01 9.995674740484e-01 9.995725034200e-01 9.995774171738e-01 9.995822192513e-01 9.995869134171e-01 9.995915032680e-01 9.995959922431e-01 9.996003836317e-01 9.996046805819e-01 9.996088861076e-01 9.996130030960e-01 9.996170343137e-01 9.996209824136e-01 9.996248499400e-01 9.996286393345e-01 9.996323529412e-01 9.996359930111e-01 9.996395617070e-01 9.996430611079e-01 9.996464932127e-01 9.996498599440e-01 9.996531631521e-01 9.996564046179e-01 9.996595860566e-01 9.996627091203e-01 9.996657754011e-01 9.996687864335e-01 9.996717436975e-01 9.996746486205e-01 9.996775025800e-01 9.996803069054e-01 9.996830628803e-01 9.996857717446e-01 9.996884346959e-01 9.996910528917e-01 9.996936274510e-01
1.000000000000e-12 9.632352942051e-01 9.816176470595e-01 9.877450980393e-01 9.908088235294e-01 9.926470588235e-01 9.938725490196e-01 9.947478991597e-01 9.954044117647e-01 9.959150326797e-01 9.963235294118e-01 9.966577540107e-01 9.969362745098e-01 9.971719457014e-01 9.973739495798e-01 9.975490196078e-01 9.977022058824e-01 9.978373702422e-01 9.979575163399e-01 9.980650154799e-01 9.981617647059e-01 9.982492997199e-01 9.983288770054e-01 9.984015345269e-01 9.984681372549e-01 9.985294117647e-01 9.985859728507e-01 9.986383442266e-01 9.986869747899e-01 9.987322515213e-01 9.987745098039e-01 9.988140417457e-01 9.988511029412e-01 9.988859180036e-01 9.989186851211e-01 9.989495798319e-01 9.989787581699e-01 9.990063593005e-01 9.990325077399e-01 9.990573152338e-01 9.990808823529e-01 9.991032998565e-01 9.991246498599e-01 9.991450068399e-01 9.991644385027e-01 9.991830065360e-01 9.992007672634e-01 9.992177722153e-01 9.992340686274e-01 9.992496998800e-01 9.992647058824e-01 9.992791234141e-01 9.992929864253e-01 9.993063263041e-01 9.993191721133e-01 9.993315508021e-01 9.993434873950e-01 9.993550051600e-01 9.993661257606e-01 9.993768693918e-01 9.993872549020e-01 9.993972999036e-01 9.994070208729e-01 9.994164332400e-01 9.994255514706e-01 9.994343891403e-01 9.994429590018e-01 9.994512730465e-01 9.994593425606e-01 9.994671781756e-01 9.994747899160e-01 9.994821872411e-01 9.994893790850e-01 9.994963738920e-01 9.995031796502e-01 9.995098039216e-01 9.995162538700e-01 9.995225362872e-01 9.995286576169e-01 9.995346239762e-01 9.995404411765e-01 9.995461147422e-01 9.995516499283e-01 9.995570517364e-01 9.995623249300e-01 9.995674740484e-01 9.995725034200e-01 9.995774171738e-01 9.995822192513e-01 9.995869134171e-01 9.995915032680e-01 9.995959922431e-01 9.996003836317e-01 9.996046805819e-01 9.996088861076e-01 9.996130030960e-01 9.996170343137e-01 9.996209824136e-01 9.996248499400e-01 9.996286393345e-01 9.996323529412e-01 9.996359930111e-01 9.996395617070e-01 9.996430611079e-01 9.996464932127e-01 9.996498599440e-01 9.996531631521e-01 9.996564046179e-01 9.996595860566e-01 9.996627091203e-01 9.996657754011e-01 9.996687864335e-01 9.996717436975e-01 9.996746486205e-01 9.996775025800e-01 9.996803069054e-01 9.996830628803e-01 9.996857717446e-01 9.996884346959e-01 9.996910528917e-01 9.996936274510e-01
1.000000000000e-12 9.632352942051e-01 9.816176470595e-01 9.877450980393e-01 9.908088235294e-01 9.926470588235e-01 9.938725490196e-01 9.947478991597e-01 9.954044117647e-01 9.959150326797e-01 9.963235294118e-01 9.966577540107e-01 9.969362745098e-01 9.971719457014e-01 9.973739495798e-01 9.975490196078e-01 9.977022058824e-01 9.978373702422e-01 9.979575163399e-01 9.980650154799e-01 9.981617647059e-01 9.982492997199e-01 9.983288770054e-01 9.984015345269e-01 9.984681372549e-01 9.985294117647e-01 9.985859728507e-01 9.986383442266e-01 9.986869747899e-01 9.987322515213e-01 9.987745098039e-01 9.988140417457e-01 9.988511029412e-01 9.988859180036e-01 9.989186851211e-01 9.989495798319e-01 9.989787581699e-01 9.990063593005e-01 9.990325077399e-01 9.990573152338e-01 9.990808823529e-01 9.991032998565e-01 9.991246498599e-01 9.991450068399e-01 9.991644385027e-01 9.991830065360e-01 9.992007672634e-01 9.992177722153e-01 9.992340686274e-01 9.992496998800e-01 9.992647058824e-01 9.992791234141e-01 9.992929864253e-01 9.993063263041e-01 9.993191721133e-01 9.993315508021e-01 9.993434873950e-01 9.993550051600e-01 9.993661257606e-01 9.993768693918e-01 9.993872549020e-01 9.993972999036e-01 9.994070208729e-01 9.994164332400e-01 9.994255514706e-01 9.994343891403e-01 9.994429590018e-01 9.994512730465e-01 9.994593425606e-01 9.994671781756e-01 9.994747899160e-01 9.994821872411e-01 9.994893790850e-01 9.994963738920e-01 9.995031796502e-01 9.995098039216e-01 9.995162538700e-01 9.995225362872e-01 9.995286576169e-01 9.995346239762e-01 9.995404411765e-01 9.995461147422e-01 9.995516499283e-01 9.995570517364e-01 9.995623249300e-01 9.995674740484e-01 9.995725034200e-01 9.995774171738e-01 9.995822192513e-01 9.995869134171e-01 9.995915032680e-01 9.995959922431e-01 9.996003836317e-01 9.996046805819e-01 9.996088861076e-01 9.996130030960e-01 9.996170343137e-01 9.996209824136e-01 9.996248499400e-01 9.996286393345e-01 9.996323529412e-01 9.996359930111e-01 9.996395617070e-01 9.996430611079e-01 9.996464932127e-01 9.996498599440e-01 9.996531631521e-01 9.996564046179e-01 9.996595860566e-01 9.996627091203e-01 9.996657754011e-01 9.996687864335e-01 9.996717436975e-01 9.996746486205e-01 9.996775025800e-01 9.996803069054e-01 9.996830628803e-01 9.996857717446e-01 9.996884346959e-01 9.996910528917e-01 9.996936274510e-01
1.000000000000e-12 9.632352942051e-01 9.816176470595e-01 9.877450980393e-01 9.908088235294e-01 9.926470588235e-01 9.938725490196e-01 9.947478991597e-01 9.954044117647e-01 9.959150326797e-01 9.963235294118e-01 9.966577540107e-01 9.969362745098e-01 9.971719457014e-01 9.973739495798e-01 9.975490196078e-01 9.977022058824e-01 9.978373702422e-01 9.979575163399e-01 9.980650154799e-01 9.981617647059e-01 9.982492997199e-01 9.983288770054e-01 9.984015345269e-01 9.984681372549e-01 9.985294117647e-01 9.985859728507e-01 9.986383442266e-01 9.986869747899e-01 9.987322515213e-01 9.987745098039e-01 9.988140417457e-01 9.988511029412e-01 9.988859180036e-01 9.989186851211e-01 9.989495798319e-01 9.989787581699e-01 9.990063593005e-01 9.990325077399e-01 9.990573152338e-01 9.990808823529e-01 9.991032998565e-01 9.991246498599e-01 9.991450068399e-01 9.991644385027e-01 9.991830065360e-01 9.992007672634e-01 9.992177722153e-01 9.992340686274e-01 9.992496998800e-01 9.992647058824e-01 9.992791234141e-01 9.992929864253e-01 9.993063263041e-01 9.993191721133e-01 9.993315508021e-01 9.993434873950e-01 9.993550051600e-01 9.993661257606e-01 9.993768693918e-01 9.993872549020e-01 9.993972999036e-01 9.994070208729e-01 9.994164332400e-01 9.994255514706e-01 9.994343891403e-01 9.994429590018e-01 9.994512730465e-01 9.994593425606e-01 9.994671781756e-01 9.994747899160e-01 9.994821872411e-01 9.994893790850e-01 9.994963738920e-01 9.995031796502e-01 9.995098039216e-01 9.995162538700e-01 9.995225362872e-01 9.995286576169e-01 9.995346239762e-01 9.995404411765e-01 9.995461147422e-01 9.995516499283e-01 9.995570517364e-01 9.995623249300e-01 9.995674740484e-01 9.995725034200e-01 9.995774171738e-01 9.995822192513e-01 9.995869134171e-01 9.995915032680e-01 9.995959922431e-01 9.996003836317e-01 9.996046805819e-01 9.996088861076e-01 9.996130030960e-01 9.996170343137e-01 9.996209824136e-01 9.996248499400e-01 9.996286393345e-01 9.996323529412e-01 9.996359930111e-01 9.996395617070e-01 9.996430611079e-01 9.996464932127e-01 9.996498599440e-01 9.996531631521e-01 9.996564046179e-01 9.996595860566e-01 9.996627091203e-01 9.996657754011e-01 9.996687864335e-01 9.996717436975e-01 9.996746486205e-01 9.996775025800e-01 9.996803069054e-01 9.996830628803e-01 9.996857717446e-01 9.996884346959e-01 9.996910528917e-01 9.996936274510e-01
1.000000000000e-12 9.632352942051e-01 9.816176470595e-01 9.877450980393e-01 9.908088235294e-01 9.926470588235e-01 9.938725490196e-01 9.947478991597e-01 9.954044117647e-01 9.959150326797e-01 9.963235294118e-01 9.966577540107e-01 9.969362745098e-01 9.971719457014e-01 9.973739495798e-01 9.975490196078e-01 9.977022058824e-01 9.978373702422e-01 9.979575163399e-01 9.980650154799e-01 9.981617647059e-01 9.982492997199e-01 9.983288770054e-01 9.984015345269e-01 9.984681372549e-01 9.985294117647e-01 9.985859728507e-01 9.986383442266e-01 9.986869747899e-01 9.987322515213e-01 9.987745098039e-01 9.988140417457e-01 9.988511029412e-01 9.988859180036e-01 9.989186851211e-01 9.989495798319e-01 9.989787581699e-01 9.990063593005e-01 9.990325077399e-01 9.990573152338e-01 9.990808823529e-01 9.991032998565e-01 9.991246498599e-01 9.991450068399e-01 9.991644385027e-01 9.991830065360e-01 9.992007672634e-01 9.992177722153e-01 9.992340686274e-01 9.992496998800e-01 9.992647058824e-01 9.992791234141e-01 9.992929864253e-01 9.993063263041e-01 9.993191721133e-01 9.993315508021e-01 9.993434873950e-01 9.993550051600e-01 9.993661257606e-01 9.993768693918e-01 9.993872549020e-01 9.993972999036e-01 9.994070208729e-01 9.994164332400e-01 9.994255514706e-01 9.994343891403e-01 9.994429590018e-01 9.994512730465e-01 9.994593425606e-01 9.994671781756e-01 9.994747899160e-01 9.994821872411e-01 9.994893790850e-01 9.994963738920e-01 9.995031796502e-01 9.995098039216e-01 9.995162538700e-01 9.995225362872e-01 9.995286576169e-01 9.995346239762e-01 9.995404411765e-01 9.995461147422e-01 9.995516499283e-01 9.995570517364e-01 9.995623249300e-01 9.995674740484e-01 9.995725034200e-01 9.995774171738e-01 9.995822192513e-01 9.995869134171e-01 9.995915032680e-01 9.995959922431e-01 9.996003836317e-01 9.996046805819e-01 9.996088861076e-01 9.996130030960e-01 9.996170343137e-01 9.996209824136e-01 9.996248499400e-01 9.996286393345e-01 9.996323529412e-01 9.996359930111e-01 9.996395617070e-01 9.996430611079e-01 9.996464932127e-01 9.996498599440e-01 9.996531631521e-01 9.996564046179e-01 9.996595860566e-01 9.996627091203e-01 9.996657754011e-01 9.996687864335e-01 9.996717436975e-01 9.996746486205e-01 9.996775025800e-01 9.996803069054e-01 9.996830628803e-01 9.996857717446e-01 9.996884346959e-01 9.996910528917e-01 9.996936274510e-01
1.000000000000e-12 9.632352942051e-01 9.816176470595e-01 9.877450980393e-01 9.908088235294e-01 9.926470588235e-01 9.938725490196e-01 9.947478991597e-01 9.954044117647e-01 9.959150326797e-01 9.963235294118e-01 9.966577540107e-01 9.969362745098e-01 9.971719457014e-01 9.973739495798e-01 9.975490196078e-01 9.977022058824e-01 9.978373702422e-01 9.979575163399e-01 9.980650154799e-01 9.981617647059e-01 9.982492997199e-01 9.983288770054e-01 9.984015345269e-01 9.984681372549e-01 9.985294117647e-01 9.985859728507e-01 9.986383442266e-01 9.986869747899e-01 9.987322515213e-01 9.987745098039e-01 9.988140417457e-01 9.988511029412e-01 9.988859180036e-01 9.989186851211e-01 9.989495798319e-01 9.989787581699e-01 9.990063593005e-01 9.990325077399e-01 9.990573152338e-01 9.990808823529e-01 9.991032998565e-01 9.991246498599e-01 9.991450068399e-01 9.991644385027e-01 9.991830065360e-01 9.992007672634e-01 9.992177722153e-01 9.992340686274e-01 9.992496998800e-01 9.992647058824e-01 9.992791234141e-01 9.992929864253e-01 9.993063263041e-01 9.993191721133e-01 9.993315508021e-01 9.993434873950e-01 9.993550051600e-01 9.993661257606e-01 9.993768693918e-01 9.993872549020e-01 9.993972999036e-01 9.994070208729e-01 9.994164332400e-01 9.994255514706e-01 9.994343891403e-01 9.994429590018e-01 9.994512730465e-01 9.994593425606e-01 9.994671781756e-01 9.994747899160e-01 9.994821872411e-01 9.994893790850e-01 9.994963738920e-01 9.995031796502e-01 9.995098039216e-01 9.995162538700e-01 9.995225362872e-01 9.995286576169e-01 9.995346239762e-01 9.995404411765e-01 9.995461147422e-01 9.995516499283e-01 9.995570517364e-01 9.995623249300e-01 9.995674740484e-01 9.995725034200e-01 9.995774171738e-01 9.995822192513e-01 9.995869134171e-01 9.995915032680e-01 9.995959922431e-01 9.996003836317e-01 9.996046805819e-01 9.996088861076e-01 9.996130030960e-01 9.996170343137e-01 9.996209824136e-01 9.996248499400e-01 9.996286393345e-01 9.996323529412e-01 9.996359930111e-01 9.996395617070e-01 9.996430611079e-01 9.996464932127e-01 9.996498599440e-01 9.996531631521e-01 9.996564046179e-01 9.996595860566e-01 9.996627091203e-01 9.996657754011e-01 9.996687864335e-01 9.996717436975e-01 9.996746486205e-01 9.996775025800e-01 9.996803069054e-01 9.996830628803e-01 9.996857717446e-01 9.996884346959e-01 9.996910528917e-01 9.996936274510e-01
