121 101
-1.00000000 -0.98333333 -0.96666667 -0.95000000 -0.93333333 -0.91666667 -0.90000000 -0.88333333 -0.86666667 -0.85000000 -0.83333333 -0.81666667 -0.80000000 -0.78333333 -0.76666667 -0.75000000 -0.73333333 -0.71666667 -0.70000000 -0.68333333 -0.66666667 -0.65000000 -0.63333333 -0.61666667 -0.60000000 -0.58333333 -0.56666667 -0.55000000 -0.53333333 -0.51666667 -0.50000000 -0.48333333 -0.46666667 -0.45000000 -0.43333333 -0.41666667 -0.40000000 -0.38333333 -0.36666667 -0.35000000 -0.33333333 -0.31666667 -0.30000000 -0.28333333 -0.26666667 -0.25000000 -0.23333333 -0.21666667 -0.20000000 -0.18333333 -0.16666667 -0.15000000 -0.13333333 -0.11666667 -0.10000000 -0.08333333 -0.06666667 -0.05000000 -0.03333333 -0.01666667 0.00000000 0.01666667 0.03333333 0.05000000 0.06666667 0.08333333 0.10000000 0.11666667 0.13333333 0.15000000 0.16666667 0.18333333 0.20000000 0.21666667 0.23333333 0.25000000 0.26666667 0.28333333 0.30000000 0.31666667 0.33333333 0.35000000 0.36666667 0.38333333 0.40000000 0.41666667 0.43333333 0.45000000 0.46666667 0.48333333 0.50000000 0.51666667 0.53333333 0.55000000 0.56666667 0.58333333 0.60000000 0.61666667 0.63333333 0.65000000 0.66666667 0.68333333 0.70000000 0.71666667 0.73333333 0.75000000 0.76666667 0.78333333 0.80000000 0.81666667 0.83333333 0.85000000 0.86666667 0.88333333 0.90000000 0.91666667 0.93333333 0.95000000 0.96666667 0.98333333 1.00000000
0.45000000 0.45550000 0.46100000 0.46650000 0.47200000 0.47750000 0.48300000 0.48850000 0.49400000 0.49950000 0.50500000 0.51050000 0.51600000 0.52150000 0.52700000 0.53250000 0.53800000 0.54350000 0.54900000 0.55450000 0.56000000 0.56550000 0.57100000 0.57650000 0.58200000 0.58750000 0.59300000 0.59850000 0.60400000 0.60950000 0.61500000 0.62050000 0.62600000 0.63150000 0.63700000 0.64250000 0.64800000 0.65350000 0.65900000 0.66450000 0.67000000 0.67550000 0.68100000 0.68650000 0.69200000 0.69750000 0.70300000 0.70850000 0.71400000 0.71950000 0.72500000 0.73050000 0.73600000 0.74150000 0.74700000 0.75250000 0.75800000 0.76350000 0.76900000 0.77450000 0.78000000 0.78550000 0.79100000 0.79650000 0.80200000 0.80750000 0.81300000 0.81850000 0.82400000 0.82950000 0.83500000 0.84050000 0.84600000 0.85150000 0.85700000 0.86250000 0.86800000 0.87350000 0.87900000 0.88450000 0.89000000 0.89550000 0.90100000 0.90650000 0.91200000 0.91750000 0.92300000 0.92850000 0.93400000 0.93950000 0.94500000 0.95050000 0.95600000 0.96150000 0.96700000 0.97250000 0.97800000 0.98350000 0.98900000 0.99450000 1.00000000
1.000000000000e+00 1.000000000000e+00 1.000000000000e+00 1.000000000000e+00 1.000000000000e+00 1.000000000000e+00 1.000000000000e+00 1.000000000000e+00 1.000000000000e+00 1.000000000000e+00 1.000000000000e+00 1.000000000000e+00 1.000000000000e+00 1.000000000000e+00 1.000000000000e+00 1.000000000000e+00 1.000000000000e+00 1.000000000000e+00 1.000000000000e+00 1.000000000000e+00 1.000000000000e+00 1.000000000000e+00 1.000000000000e+00 1.000000000000e+00 1.000000000000e+00 1.000000000000e+00 1.000000000000e+00 1.000000000000e+00 1.000000000000e+00 1.000000000000e+00 1.000000000000e+00 1.000000000000e+00 1.000000000000e+00 1.000000000000e+00 1.000000000000e+00 1.000000000000e+00 1.000000000000e+00 1.000000000000e+00 1.000000000000e+00 1.000000000000e+00 1.000000000000e+00 1.000000000000e+00 1.000000000000e+00 1.000000000000e+00 1.000000000000e+00 1.000000000000e+00 1.000000000000e+00 1.000000000000e+00 1.000000000000e+00 1.000000000000e+00 1.000000000000e+00 1.000000000000e+00 1.000000000000e+00 1.000000000000e+00 1.000000000000e+00 1.000000000000e+00 1.000000000000e+00 1.000000000000e+00 1.000000000000e+00 1.000000000000e+00 1.000000000000e+00 1.000000000000e+00 1.000000000000e+00 1.000000000000e+00 1.000000000000e+00 1.000000000000e+00 1.000000000000e+00 1.000000000000e+00 1.000000000000e+00 1.000000000000e+00 1.000000000000e+00 1.000000000000e+00 1.000000000000e+00 1.000000000000e+00 1.000000000000e+00 1.000000000000e+00 1.000000000000e+00 1.000000000000e+00 1.000000000000e+00 1.000000000000e+00 1.000000000000e+00 1.000000000000e+00 1.000000000000e+00 1.000000000000e+00 1.000000000000e+00 1.000000000000e+00 1.000000000000e+00 1.000000000000e+00 1.000000000000e+00 1.000000000000e+00 1.000000000000e+00 1.000000000000e+00 1.000000000000e+00 1.000000000000e+00 1.000000000000e+00 1.000000000000e+00 1.000000000000e+00 1.000000000000e+00 1.000000000000e+00 1.000000000000e+00 1.000000000000e+00
1.000000000000e+00 1.000000000000e+00 1.000000000000e+00 1.000000000000e+00 1.000000000000e+00 1.000000000000e+00 1.000000000000e+00 1.000000000000e+00 1.000000000000e+00 1.000000000000e+00 1.000000000000e+00 1.000000000000e+00 1.000000000000e+00 1.000000000000e+00 1.000000000000e+00 1.000000000000e+00 1.000000000000e+00 1.000000000000e+00 1.000000000000e+00 1.000000000000e+00 1.000000000000e+00 1.000000000000e+00 1.000000000000e+00 1.000000000000e+00 1.000000000000e+00 1.000000000000e+00 1.000000000000e+00 1.000000000000e+00 1.000000000000e+00 1.000000000000e+00 1.000000000000e+00 1.000000000000e+00 1.000000000000e+00 1.000000000000e+00 1.000000000000e+00 1.000000000000e+00 1.000000000000e+00 1.000000000000e+00 1.000000000000e+00 1.000000000000e+00 1.000000000000e+00 1.000000000000e+00 1.000000000000e+00 1.000000000000e+00 1.000000000000e+00 1.000000000000e+00 1.000000000000e+00 1.000000000000e+00 1.000000000000e+00 1.000000000000e+00 1.000000000000e+00 1.000000000000e+00 1.000000000000e+00 1.000000000000e+00 1.000000000000e+00 1.000000000000e+00 1.000000000000e+00 1.000000000000e+00 1.000000000000e+00 1.000000000000e+00 1.000000000000e+00 1.000000000000e+00 1.000000000000e+00 1.000000000000e+00 1.000000000000e+00 1.000000000000e+00 1.000000000000e+00 1.000000000000e+00 1.000000000000e+00 1.000000000000e+00 1.000000000000e+00 1.000000000000e+00 1.000000000000e+00 1.000000000000e+00 1.000000000000e+00 1.000000000000e+00 1.000000000000e+00 1.000000000000e+00 1.000000000000e+00 1.000000000000e+00 1.000000000000e+00 1.000000000000e+00 1.000000000000e+00 1.000000000000e+00 1.000000000000e+00 1.000000000000e+00 1.000000000000e+00 1.000000000000e+00 1.000000000000e+00 1.000000000000e+00 1.000000000000e+00 1.000000000000e+00 1.000000000000e+00 1.000000000000e+00 1.000000000000e+00 1.000000000000e+00 1.000000000000e+00 1.000000000000e+00 1.000000000000e+00 1.000000000000e+00 1.000000000000e+00
1.000000000000e+00 1.000000000000e+00 1.000000000000e+00 1.000000000000e+00 1.000000000000e+00 1.000000000000e+00 1.000000000000e+00 1.000000000000e+00 1.000000000000e+00 1.000000000000e+00 1.000000000000e+00 1.000000000000e+00 1.000000000000e+00 1.000000000000e+00 1.000000000000e+00 1.000000000000e+00 1.000000000000e+00 1.000000000000e+00 1.000000000000e+00 1.000000000000e+00 1.000000000000e+00 1.000000000000e+00 1.000000000000e+00 1.000000000000e+00 1.000000000000e+00 1.000000000000e+00 1.000000000000e+00 1.000000000000e+00 1.000000000000e+00 1.000000000000e+00 1.000000000000e+00 1.000000000000e+00 1.000000000000e+00 1.000000000000e+00 1.000000000000e+00 1.000000000000e+00 1.000000000000e+00 1.000000000000e+00 1.000000000000e+00 1.000000000000e+00 1.000000000000e+00 1.000000000000e+00 1.000000000000e+00 1.000000000000e+00 1.000000000000e+00 1.000000000000e+00 1.000000000000e+00 1.000000000000e+00 1.000000000000e+00 1.000000000000e+00 1.000000000000e+00 1.000000000000e+00 1.000000000000e+00 1.000000000000e+00 1.000000000000e+00 1.000000000000e+00 1.000000000000e+00 1.000000000000e+00 1.000000000000e+00 1.000000000000e+00 1.000000000000e+00 1.000000000000e+00 1.000000000000e+00 1.000000000000e+00 1.000000000000e+00 1.000000000000e+00 1.000000000000e+00 1.000000000000e+00 1.000000000000e+00 1.000000000000e+00 1.000000000000e+00 1.000000000000e+00 1.000000000000e+00 1.000000000000e+00 1.000000000000e+00 1.000000000000e+00 1.000000000000e+00 1.000000000000e+00 1.000000000000e+00 1.000000000000e+00 1.000000000000e+00 1.000000000000e+00 1.000000000000e+00 1.000000000000e+00 1.000000000000e+00 1.000000000000e+00 1.000000000000e+00 1.000000000000e+00 1.000000000000e+00 1.000000000000e+00 1.000000000000e+00 1.000000000000e+00 1.000000000000e+00 1.000000000000e+00 1.000000000000e+00 1.000000000000e+00 1.000000000000e+00 1.000000000000e+00 1.000000000000e+00 1.000000000000e+00 1.000000000000e+00
1.000000000000e+00 1.000000000000e+00 1.000000000000e+00 1.000000000000e+00 1.000000000000e+00 1.000000000000e+00 1.000000000000e+00 1.000000000000e+00 1.000000000000e+00 1.000000000000e+00 1.000000000000e+00 1.000000000000e+00 1.000000000000e+00 1.000000000000e+00 1.000000000000e+00 1.000000000000e+00 1.000000000000e+00 1.000000000000e+00 1.000000000000e+00 1.000000000000e+00 1.000000000000e+00 1.000000000000e+00 1.000000000000e+00 1.000000000000e+00 1.000000000000e+00 1.000000000000e+00 1.000000000000e+00 1.000000000000e+00 1.000000000000e+00 1.000000000000e+00 1.000000000000e+00 1.000000000000e+00 1.000000000000e+00 1.000000000000e+00 1.000000000000e+00 1.000000000000e+00 1.000000000000e+00 1.000000000000e+00 1.000000000000e+00 1.000000000000e+00 1.000000000000e+00 1.000000000000e+00 1.000000000000e+00 1.000000000000e+00 1.000000000000e+00 1.000000000000e+00 1.000000000000e+00 1.000000000000e+00 1.000000000000e+00 1.000000000000e+00 1.000000000000e+00 1.000000000000e+00 1.000000000000e+00 1.000000000000e+00 1.000000000000e+00 1.000000000000e+00 1.000000000000e+00 1.000000000000e+00 1.000000000000e+00 1.000000000000e+00 1.000000000000e+00 1.000000000000e+00 1.000000000000e+00 1.000000000000e+00 1.000000000000e+00 1.000000000000e+00 1.000000000000e+00 1.000000000000e+00 1.000000000000e+00 1.000000000000e+00 1.000000000000e+00 1.000000000000e+00 1.000000000000e+00 1.000000000000e+00 1.000000000000e+00 1.000000000000e+00 1.000000000000e+00 1.000000000000e+00 1.000000000000e+00 1.000000000000e+00 1.000000000000e+00 1.000000000000e+00 1.000000000000e+00 1.000000000000e+00 1.000000000000e+00 1.000000000000e+00 1.000000000000e+00 1.000000000000e+00 1.000000000000e+00 1.000000000000e+00 1.000000000000e+00 1.000000000000e+00 1.000000000000e+00 1.000000000000e+00 1.000000000000e+00 1.000000000000e+00 1.000000000000e+00 1.000000000000e+00 1.000000000000e+00 1.000000000000e+00 1.000000000000e+00
1.000000000000e+00 1.000000000000e+00 1.000000000000e+00 1.000000000000e+00 1.000000000000e+00 1.000000000000e+00 1.000000000000e+00 1.000000000000e+00 1.000000000000e+00 1.000000000000e+00 1.000000000000e+00 1.000000000000e+00 1.000000000000e+00 1.000000000000e+00 1.000000000000e+00 1.000000000000e+00 1.000000000000e+00 1.000000000000e+00 1.000000000000e+00 1.000000000000e+00 1.000000000000e+00 1.000000000000e+00 1.000000000000e+00 1.000000000000e+00 1.000000000000e+00 1.000000000000e+00 1.000000000000e+00 1.000000000000e+00 1.000000000000e+00 1.000000000000e+00 1.000000000000e+00 1.000000000000e+00 1.000000000000e+00 1.000000000000e+00 1.000000000000e+00 1.000000000000e+00 1.000000000000e+00 1.000000000000e+00 1.000000000000e+00 1.000000000000e+00 1.000000000000e+00 1.000000000000e+00 1.000000000000e+00 1.000000000000e+00 1.000000000000e+00 1.000000000000e+00 1.000000000000e+00 1.000000000000e+00 1.000000000000e+00 1.000000000000e+00 1.000000000000e+00 1.000000000000e+00 1.000000000000e+00 1.000000000000e+00 1.000000000000e+00 1.000000000000e+00 1.000000000000e+00 1.000000000000e+00 1.000000000000e+00 1.000000000000e+00 1.000000000000e+00 1.000000000000e+00 1.000000000000e+00 1.000000000000e+00 1.000000000000e+00 1.000000000000e+00 1.000000000000e+00 1.000000000000e+00 1.000000000000e+00 1.000000000000e+00 1.000000000000e+00 1.000000000000e+00 1.000000000000e+00 1.000000000000e+00 1.000000000000e+00 1.000000000000e+00 1.000000000000e+00 1.000000000000e+00 1.000000000000e+00 1.000000000000e+00 1.000000000000e+00 1.000000000000e+00 1.000000000000e+00 1.000000000000e+00 1.000000000000e+00 1.000000000000e+00 1.000000000000e+00 1.000000000000e+00 1.000000000000e+00 1.000000000000e+00 1.000000000000e+00 1.000000000000e+00 1.000000000000e+00 1.000000000000e+00 1.000000000000e+00 1.000000000000e+00 1.000000000000e+00 1.000000000000e+00 1.000000000000e+00 1.000000000000e+00 1.000000000000e+00
1.000000000000e+00 1.000000000000e+00 1.000000000000e+00 1.000000000000e+00 1.000000000000e+00 1.000000000000e+00 1.000000000000e+00 1.000000000000e+00 1.000000000000e+00 1.000000000000e+00 1.000000000000e+00 1.000000000000e+00 1.000000000000e+00 1.000000000000e+00 1.000000000000e+00 1.000000000000e+00 1.000000000000e+00 1.000000000000e+00 1.000000000000e+00 1.000000000000e+00 1.000000000000e+00 1.000000000000e+00 1.000000000000e+00 1.000000000000e+00 1.000000000000e+00 1.000000000000e+00 1.000000000000e+00 1.000000000000e+00 1.000000000000e+00 1.000000000000e+00 1.000000000000e+00 1.000000000000e+00 1.000000000000e+00 1.000000000000e+00 1.000000000000e+00 1.000000000000e+00 1.000000000000e+00 1.000000000000e+00 1.000000000000e+00 1.000000000000e+00 1.000000000000e+00 1.000000000000e+00 1.000000000000e+00 1.000000000000e+00 1.000000000000e+00 1.000000000000e+00 1.000000000000e+00 1.000000000000e+00 1.000000000000e+00 1.000000000000e+00 1.000000000000e+00 1.000000000000e+00 1.000000000000e+00 1.000000000000e+00 1.000000000000e+00 1.000000000000e+00 1.000000000000e+00 1.000000000000e+00 1.000000000000e+00 1.000000000000e+00 1.000000000000e+00 1.000000000000e+00 1.000000000000e+00 1.000000000000e+00 1.000000000000e+00 1.000000000000e+00 1.000000000000e+00 1.000000000000e+00 1.000000000000e+00 1.000000000000e+00 1.000000000000e+00 1.000000000000e+00 1.000000000000e+00 1.000000000000e+00 1.000000000000e+00 1.000000000000e+00 1.000000000000e+00 1.000000000000e+00 1.000000000000e+00 1.000000000000e+00 1.000000000000e+00 1.000000000000e+00 1.000000000000e+00 1.000000000000e+00 1.000000000000e+00 1.000000000000e+00 1.000000000000e+00 1.000000000000e+00 1.000000000000e+00 1.000000000000e+00 1.000000000000e+00 1.000000000000e+00 1.000000000000e+00 1.000000000000e+00 1.000000000000e+00 1.000000000000e+00 1.000000000000e+00 1.000000000000e+00 1.000000000000e+00 1.000000000000e+00 1.000000000000e+00
1.000000000000e+00 1.000000000000e+00 1.000000000000e+00 1.000000000000e+00 1.000000000000e+00 1.000000000000e+00 1.000000000000e+00 1.000000000000e+00 1.000000000000e+00 1.000000000000e+00 1.000000000000e+00 1.000000000000e+00 1.000000000000e+00 1.000000000000e+00 1.000000000000e+00 1.000000000000e+00 1.000000000000e+00 1.000000000000e+00 1.000000000000e+00 1.000000000000e+00 1.000000000000e+00 1.000000000000e+00 1.000000000000e+00 1.000000000000e+00 1.000000000000e+00 1.000000000000e+00 1.000000000000e+00 1.000000000000e+00 1.000000000000e+00 1.000000000000e+00 1.000000000000e+00 1.000000000000e+00 1.000000000000e+00 1.000000000000e+00 1.000000000000e+00 1.000000000000e+00 1.000000000000e+00 1.000000000000e+00 1.000000000000e+00 1.000000000000e+00 1.000000000000e+00 1.000000000000e+00 1.000000000000e+00 1.000000000000e+00 1.000000000000e+00 1.000000000000e+00 1.000000000000e+00 1.000000000000e+00 1.000000000000e+00 1.000000000000e+00 1.000000000000e+00 1.000000000000e+00 1.000000000000e+00 1.000000000000e+00 1.000000000000e+00 1.000000000000e+00 1.000000000000e+00 1.000000000000e+00 1.000000000000e+00 1.000000000000e+00 1.000000000000e+00 1.000000000000e+00 1.000000000000e+00 1.000000000000e+00 1.000000000000e+00 1.000000000000e+00 1.000000000000e+00 1.000000000000e+00 1.000000000000e+00 1.000000000000e+00 1.000000000000e+00 1.000000000000e+00 1.000000000000e+00 1.000000000000e+00 1.000000000000e+00 1.000000000000e+00 1.000000000000e+00 1.000000000000e+00 1.000000000000e+00 1.000000000000e+00 1.000000000000e+00 1.000000000000e+00 1.000000000000e+00 1.000000000000e+00 1.000000000000e+00 1.000000000000e+00 1.000000000000e+00 1.000000000000e+00 1.000000000000e+00 1.000000000000e+00 1.000000000000e+00 1.000000000000e+00 1.000000000000e+00 1.000000000000e+00 1.000000000000e+00 1.000000000000e+00 1.000000000000e+00 1.000000000000e+00 1.000000000000e+00 1.000000000000e+00 1.000000000000e+00
1.000000000000e+00 1.000000000000e+00 1.000000000000e+00 1.000000000000e+00 1.000000000000e+00 1.000000000000e+00 1.000000000000e+00 1.000000000000e+00 1.000000000000e+00 1.000000000000e+00 1.000000000000e+00 1.000000000000e+00 1.000000000000e+00 1.000000000000e+00 1.000000000000e+00 1.000000000000e+00 1.000000000000e+00 1.000000000000e+00 1.000000000000e+00 1.000000000000e+00 1.000000000000e+00 1.000000000000e+00 1.000000000000e+00 1.000000000000e+00 1.000000000000e+00 1.000000000000e+00 1.000000000000e+00 1.000000000000e+00 1.000000000000e+00 1.000000000000e+00 1.000000000000e+00 1.000000000000e+00 1.000000000000e+00 1.000000000000e+00 1.000000000000e+00 1.000000000000e+00 1.000000000000e+00 1.000000000000e+00 1.000000000000e+00 1.000000000000e+00 1.000000000000e+00 1.000000000000e+00 1.000000000000e+00 1.000000000000e+00 1.000000000000e+00 1.000000000000e+00 1.000000000000e+00 1.000000000000e+00 1.000000000000e+00 1.000000000000e+00 1.000000000000e+00 1.000000000000e+00 1.000000000000e+00 1.000000000000e+00 1.000000000000e+00 1.000000000000e+00 1.000000000000e+00 1.000000000000e+00 1.000000000000e+00 1.000000000000e+00 1.000000000000e+00 1.000000000000e+00 1.000000000000e+00 1.000000000000e+00 1.000000000000e+00 1.000000000000e+00 1.000000000000e+00 1.000000000000e+00 1.000000000000e+00 1.000000000000e+00 1.000000000000e+00 1.000000000000e+00 1.000000000000e+00 1.000000000000e+00 1.000000000000e+00 1.000000000000e+00 1.000000000000e+00 1.000000000000e+00 1.000000000000e+00 1.000000000000e+00 1.000000000000e+00 1.000000000000e+00 1.000000000000e+00 1.000000000000e+00 1.000000000000e+00 1.000000000000e+00 1.000000000000e+00 1.000000000000e+00 1.000000000000e+00 1.000000000000e+00 1.000000000000e+00 1.000000000000e+00 1.000000000000e+00 1.000000000000e+00 1.000000000000e+00 1.000000000000e+00 1.000000000000e+00 1.000000000000e+00 1.000000000000e+00 1.000000000000e+00 1.000000000000e+00
1.000000000000e+00 1.000000000000e+00 1.000000000000e+00 1.000000000000e+00 1.000000000000e+00 1.000000000000e+00 1.000000000000e+00 1.000000000000e+00 1.000000000000e+00 1.000000000000e+00 1.000000000000e+00 1.000000000000e+00 1.000000000000e+00 1.000000000000e+00 1.000000000000e+00 1.000000000000e+00 1.000000000000e+00 1.000000000000e+00 1.000000000000e+00 1.000000000000e+00 1.000000000000e+00 1.000000000000e+00 1.000000000000e+00 1.000000000000e+00 1.000000000000e+00 1.000000000000e+00 1.000000000000e+00 1.000000000000e+00 1.000000000000e+00 1.000000000000e+00 1.000000000000e+00 1.000000000000e+00 1.000000000000e+00 1.000000000000e+00 1.000000000000e+00 1.000000000000e+00 1.000000000000e+00 1.000000000000e+00 1.000000000000e+00 1.000000000000e+00 1.000000000000e+00 1.000000000000e+00 1.000000000000e+00 1.000000000000e+00 1.000000000000e+00 1.000000000000e+00 1.000000000000e+00 1.000000000000e+00 1.000000000000e+00 1.000000000000e+00 1.000000000000e+00 1.000000000000e+00 1.000000000000e+00 1.000000000000e+00 1.000000000000e+00 1.000000000000e+00 1.000000000000e+00 1.000000000000e+00 1.000000000000e+00 1.000000000000e+00 1.000000000000e+00 1.000000000000e+00 1.000000000000e+00 1.000000000000e+00 1.000000000000e+00 1.000000000000e+00 1.000000000000e+00 1.000000000000e+00 1.000000000000e+00 1.000000000000e+00 1.000000000000e+00 1.000000000000e+00 1.000000000000e+00 1.000000000000e+00 1.000000000000e+00 1.000000000000e+00 1.000000000000e+00 1.000000000000e+00 1.000000000000e+00 1.000000000000e+00 1.000000000000e+00 1.000000000000e+00 1.000000000000e+00 1.000000000000e+00 1.000000000000e+00 1.000000000000e+00 1.000000000000e+00 1.000000000000e+00 1.000000000000e+00 1.000000000000e+00 1.000000000000e+00 1.000000000000e+00 1.000000000000e+00 1.000000000000e+00 1.000000000000e+00 1.000000000000e+00 1.000000000000e+00 1.000000000000e+00 1.000000000000e+00 1.000000000000e+00 1.000000000000e+00
1.000000000000e+00 1.000000000000e+00 1.000000000000e+00 1.000000000000e+00 1.000000000000e+00 1.000000000000e+00 1.000000000000e+00 1.000000000000e+00 1.000000000000e+00 1.000000000000e+00 1.000000000000e+00 1.000000000000e+00 1.000000000000e+00 1.000000000000e+00 1.000000000000e+00 1.000000000000e+00 1.000000000000e+00 1.000000000000e+00 1.000000000000e+00 1.000000000000e+00 1.000000000000e+00 1.000000000000e+00 1.000000000000e+00 1.000000000000e+00 1.000000000000e+00 1.000000000000e+00 1.000000000000e+00 1.000000000000e+00 1.000000000000e+00 1.000000000000e+00 1.000000000000e+00 1.000000000000e+00 1.000000000000e+00 1.000000000000e+00 1.000000000000e+00 1.000000000000e+00 1.000000000000e+00 1.000000000000e+00 1.000000000000e+00 1.000000000000e+00 1.000000000000e+00 1.000000000000e+00 1.000000000000e+00 1.000000000000e+00 1.000000000000e+00 1.000000000000e+00 1.000000000000e+00 1.000000000000e+00 1.000000000000e+00 1.000000000000e+00 1.000000000000e+00 1.000000000000e+00 1.000000000000e+00 1.000000000000e+00 1.000000000000e+00 1.000000000000e+00 1.000000000000e+00 1.000000000000e+00 1.000000000000e+00 1.000000000000e+00 1.000000000000e+00 1.000000000000e+00 1.000000000000e+00 1.000000000000e+00 1.000000000000e+00 1.000000000000e+00 1.000000000000e+00 1.000000000000e+00 1.000000000000e+00 1.000000000000e+00 1.000000000000e+00 1.000000000000e+00 1.000000000000e+00 1.000000000000e+00 1.000000000000e+00 1.000000000000e+00 1.000000000000e+00 1.000000000000e+00 1.000000000000e+00 1.000000000000e+00 1.000000000000e+00 1.000000000000e+00 1.000000000000e+00 1.000000000000e+00 1.000000000000e+00 1.000000000000e+00 1.000000000000e+00 1.000000000000e+00 1.000000000000e+00 1.000000000000e+00 1.000000000000e+00 1.000000000000e+00 1.000000000000e+00 1.000000000000e+00 1.000000000000e+00 1.000000000000e+00 1.000000000000e+00 1.000000000000e+00 1.000000000000e+00 1.000000000000e+00 1.000000000000e+00
1.000000000000e+00 1.000000000000e+00 1.000000000000e+00 1.000000000000e+00 1.000000000000e+00 1.000000000000e+00 1.000000000000e+00 1.000000000000e+00 1.000000000000e+00 1.000000000000e+00 1.000000000000e+00 1.000000000000e+00 1.000000000000e+00 1.000000000000e+00 1.000000000000e+00 1.000000000000e+00 1.000000000000e+00 1.000000000000e+00 1.000000000000e+00 1.000000000000e+00 1.000000000000e+00 1.000000000000e+00 1.000000000000e+00 1.000000000000e+00 1.000000000000e+00 1.000000000000e+00 1.000000000000e+00 1.000000000000e+00 1.000000000000e+00 1.000000000000e+00 1.000000000000e+00 1.000000000000e+00 1.000000000000e+00 1.000000000000e+00 1.000000000000e+00 1.000000000000e+00 1.000000000000e+00 1.000000000000e+00 1.000000000000e+00 1.000000000000e+00 1.000000000000e+00 1.000000000000e+00 1.000000000000e+00 1.000000000000e+00 1.000000000000e+00 1.000000000000e+00 1.000000000000e+00 1.000000000000e+00 1.000000000000e+00 1.000000000000e+00 1.000000000000e+00 1.000000000000e+00 1.000000000000e+00 1.000000000000e+00 1.000000000000e+00 1.000000000000e+00 1.000000000000e+00 1.000000000000e+00 1.000000000000e+00 1.000000000000e+00 1.000000000000e+00 1.000000000000e+00 1.000000000000e+00 1.000000000000e+00 1.000000000000e+00 1.000000000000e+00 1.000000000000e+00 1.000000000000e+00 1.000000000000e+00 1.000000000000e+00 1.000000000000e+00 1.000000000000e+00 1.000000000000e+00 1.000000000000e+00 1.000000000000e+00 1.000000000000e+00 1.000000000000e+00 1.000000000000e+00 1.000000000000e+00 1.000000000000e+00 1.000000000000e+00 1.000000000000e+00 1.000000000000e+00 1.000000000000e+00 1.000000000000e+00 1.000000000000e+00 1.000000000000e+00 1.000000000000e+00 1.000000000000e+00 1.000000000000e+00 1.000000000000e+00 1.000000000000e+00 1.000000000000e+00 1.000000000000e+00 1.000000000000e+00 1.000000000000e+00 1.000000000000e+00 1.000000000000e+00 1.000000000000e+00 1.000000000000e+00 1.000000000000e+00
1.000000000000e+00 1.000000000000e+00 1.000000000000e+00 1.000000000000e+00 1.000000000000e+00 1.000000000000e+00 1.000000000000e+00 1.000000000000e+00 1.000000000000e+00 1.000000000000e+00 1.000000000000e+00 1.000000000000e+00 1.000000000000e+00 1.000000000000e+00 1.000000000000e+00 1.000000000000e+00 1.000000000000e+00 1.000000000000e+00 1.000000000000e+00 1.000000000000e+00 1.000000000000e+00 1.000000000000e+00 1.000000000000e+00 1.000000000000e+00 1.000000000000e+00 1.000000000000e+00 1.000000000000e+00 1.000000000000e+00 1.000000000000e+00 1.000000000000e+00 1.000000000000e+00 1.000000000000e+00 1.000000000000e+00 1.000000000000e+00 1.000000000000e+00 1.000000000000e+00 1.000000000000e+00 1.000000000000e+00 1.000000000000e+00 1.000000000000e+00 1.000000000000e+00 1.000000000000e+00 1.000000000000e+00 1.000000000000e+00 1.000000000000e+00 1.000000000000e+00 1.000000000000e+00 1.000000000000e+00 1.000000000000e+00 1.000000000000e+00 1.000000000000e+00 1.000000000000e+00 1.000000000000e+00 1.000000000000e+00 1.000000000000e+00 1.000000000000e+00 1.000000000000e+00 1.000000000000e+00 1.000000000000e+00 1.000000000000e+00 1.000000000000e+00 1.000000000000e+00 1.000000000000e+00 1.000000000000e+00 1.000000000000e+00 1.000000000000e+00 1.000000000000e+00 1.000000000000e+00 1.000000000000e+00 1.000000000000e+00 1.000000000000e+00 1.000000000000e+00 1.000000000000e+00 1.000000000000e+00 1.000000000000e+00 1.000000000000e+00 1.000000000000e+00 1.000000000000e+00 1.000000000000e+00 1.000000000000e+00 1.000000000000e+00 1.000000000000e+00 1.000000000000e+00 1.000000000000e+00 1.000000000000e+00 1.000000000000e+00 1.000000000000e+00 1.000000000000e+00 1.000000000000e+00 1.000000000000e+00 1.000000000000e+00 1.000000000000e+00 1.000000000000e+00 1.000000000000e+00 1.000000000000e+00 1.000000000000e+00 1.000000000000e+00 1.000000000000e+00 1.000000000000e+00 1.000000000000e+00 1.000000000000e+00
1.018527372689e+00 1.000000000000e+00 1.000000000000e+00 1.000000000000e+00 1.000000000000e+00 1.000000000000e+00 1.000000000000e+00 1.000000000000e+00 1.000000000000e+00 1.000000000000e+00 1.000000000000e+00 1.000000000000e+00 1.000000000000e+00 1.000000000000e+00 1.000000000000e+00 1.000000000000e+00 1.000000000000e+00 1.000000000000e+00 1.000000000000e+00 1.000000000000e+00 1.000000000000e+00 1.000000000000e+00 1.000000000000e+00 1.000000000000e+00 1.000000000000e+00 1.000000000000e+00 1.000000000000e+00 1.000000000000e+00 1.000000000000e+00 1.000000000000e+00 1.000000000000e+00 1.000000000000e+00 1.000000000000e+00 1.000000000000e+00 1.000000000000e+00 1.000000000000e+00 1.000000000000e+00 1.000000000000e+00 1.000000000000e+00 1.000000000000e+00 1.000000000000e+00 1.000000000000e+00 1.000000000000e+00 1.000000000000e+00 1.000000000000e+00 1.000000000000e+00 1.000000000000e+00 1.000000000000e+00 1.000000000000e+00 1.000000000000e+00 1.000000000000e+00 1.000000000000e+00 1.000000000000e+00 1.000000000000e+00 1.000000000000e+00 1.000000000000e+00 1.000000000000e+00 1.000000000000e+00 1.000000000000e+00 1.000000000000e+00 1.000000000000e+00 1.000000000000e+00 1.000000000000e+00 1.000000000000e+00 1.000000000000e+00 1.000000000000e+00 1.000000000000e+00 1.000000000000e+00 1.000000000000e+00 1.000000000000e+00 1.000000000000e+00 1.000000000000e+00 1.000000000000e+00 1.000000000000e+00 1.000000000000e+00 1.000000000000e+00 1.000000000000e+00 1.000000000000e+00 1.000000000000e+00 1.000000000000e+00 1.000000000000e+00 1.000000000000e+00 1.000000000000e+00 1.000000000000e+00 1.000000000000e+00 1.000000000000e+00 1.000000000000e+00 1.000000000000e+00 1.000000000000e+00 1.000000000000e+00 1.000000000000e+00 1.000000000000e+00 1.000000000000e+00 1.000000000000e+00 1.000000000000e+00 1.000000000000e+00 1.000000000000e+00 1.000000000000e+00 1.000000000000e+00 1.000000000000e+00 1.000000000000e+00
1.041463474726e+00 1.000000000000e+00 1.000000000000e+00 1.000000000000e+00 1.000000000000e+00 1.000000000000e+00 1.000000000000e+00 1.000000000000e+00 1.000000000000e+00 1.000000000000e+00 1.000000000000e+00 1.000000000000e+00 1.000000000000e+00 1.000000000000e+00 1.000000000000e+00 1.000000000000e+00 1.000000000000e+00 1.000000000000e+00 1.000000000000e+00 1.000000000000e+00 1.000000000000e+00 1.000000000000e+00 1.000000000000e+00 1.000000000000e+00 1.000000000000e+00 1.000000000000e+00 1.000000000000e+00 1.000000000000e+00 1.000000000000e+00 1.000000000000e+00 1.000000000000e+00 1.000000000000e+00 1.000000000000e+00 1.000000000000e+00 1.000000000000e+00 1.000000000000e+00 1.000000000000e+00 1.000000000000e+00 1.000000000000e+00 1.000000000000e+00 1.000000000000e+00 1.000000000000e+00 1.000000000000e+00 1.000000000000e+00 1.000000000000e+00 1.000000000000e+00 1.000000000000e+00 1.000000000000e+00 1.000000000000e+00 1.000000000000e+00 1.000000000000e+00 1.000000000000e+00 1.000000000000e+00 1.000000000000e+00 1.000000000000e+00 1.000000000000e+00 1.000000000000e+00 1.000000000000e+00 1.000000000000e+00 1.000000000000e+00 1.000000000000e+00 1.000000000000e+00 1.000000000000e+00 1.000000000000e+00 1.000000000000e+00 1.000000000000e+00 1.000000000000e+00 1.000000000000e+00 1.000000000000e+00 1.000000000000e+00 1.000000000000e+00 1.000000000000e+00 1.000000000000e+00 1.000000000000e+00 1.000000000000e+00 1.000000000000e+00 1.000000000000e+00 1.000000000000e+00 1.000000000000e+00 1.000000000000e+00 1.000000000000e+00 1.000000000000e+00 1.000000000000e+00 1.000000000000e+00 1.000000000000e+00 1.000000000000e+00 1.000000000000e+00 1.000000000000e+00 1.000000000000e+00 1.000000000000e+00 1.000000000000e+00 1.000000000000e+00 1.000000000000e+00 1.000000000000e+00 1.000000000000e+00 1.000000000000e+00 1.000000000000e+00 1.000000000000e+00 1.000000000000e+00 1.000000000000e+00 1.000000000000e+00
1.067477484149e+00 1.000000000000e+00 1.000000000000e+00 1.000000000000e+00 1.000000000000e+00 1.000000000000e+00 1.000000000000e+00 1.000000000000e+00 1.000000000000e+00 1.000000000000e+00 1.000000000000e+00 1.000000000000e+00 1.000000000000e+00 1.000000000000e+00 1.000000000000e+00 1.000000000000e+00 1.000000000000e+00 1.000000000000e+00 1.000000000000e+00 1.000000000000e+00 1.000000000000e+00 1.000000000000e+00 1.000000000000e+00 1.000000000000e+00 1.000000000000e+00 1.000000000000e+00 1.000000000000e+00 1.000000000000e+00 1.000000000000e+00 1.000000000000e+00 1.000000000000e+00 1.000000000000e+00 1.000000000000e+00 1.000000000000e+00 1.000000000000e+00 1.000000000000e+00 1.000000000000e+00 1.000000000000e+00 1.000000000000e+00 1.000000000000e+00 1.000000000000e+00 1.000000000000e+00 1.000000000000e+00 1.000000000000e+00 1.000000000000e+00 1.000000000000e+00 1.000000000000e+00 1.000000000000e+00 1.000000000000e+00 1.000000000000e+00 1.000000000000e+00 1.000000000000e+00 1.000000000000e+00 1.000000000000e+00 1.000000000000e+00 1.000000000000e+00 1.000000000000e+00 1.000000000000e+00 1.000000000000e+00 1.000000000000e+00 1.000000000000e+00 1.000000000000e+00 1.000000000000e+00 1.000000000000e+00 1.000000000000e+00 1.000000000000e+00 1.000000000000e+00 1.000000000000e+00 1.000000000000e+00 1.000000000000e+00 1.000000000000e+00 1.000000000000e+00 1.000000000000e+00 1.000000000000e+00 1.000000000000e+00 1.000000000000e+00 1.000000000000e+00 1.000000000000e+00 1.000000000000e+00 1.000000000000e+00 1.000000000000e+00 1.000000000000e+00 1.000000000000e+00 1.000000000000e+00 1.000000000000e+00 1.000000000000e+00 1.000000000000e+00 1.000000000000e+00 1.000000000000e+00 1.000000000000e+00 1.000000000000e+00 1.000000000000e+00 1.000000000000e+00 1.000000000000e+00 1.000000000000e+00 1.000000000000e+00 1.000000000000e+00 1.000000000000e+00 1.000000000000e+00 1.000000000000e+00 1.000000000000e+00
1.096892761047e+00 1.000000000000e+00 1.000000000000e+00 1.000000000000e+00 1.000000000000e+00 1.000000000000e+00 1.000000000000e+00 1.000000000000e+00 1.000000000000e+00 1.000000000000e+00 1.000000000000e+00 1.000000000000e+00 1.000000000000e+00 1.000000000000e+00 1.000000000000e+00 1.000000000000e+00 1.000000000000e+00 1.000000000000e+00 1.000000000000e+00 1.000000000000e+00 1.000000000000e+00 1.000000000000e+00 1.000000000000e+00 1.000000000000e+00 1.000000000000e+00 1.000000000000e+00 1.000000000000e+00 1.000000000000e+00 1.000000000000e+00 1.000000000000e+00 1.000000000000e+00 1.000000000000e+00 1.000000000000e+00 1.000000000000e+00 1.000000000000e+00 1.000000000000e+00 1.000000000000e+00 1.000000000000e+00 1.000000000000e+00 1.000000000000e+00 1.000000000000e+00 1.000000000000e+00 1.000000000000e+00 1.000000000000e+00 1.000000000000e+00 1.000000000000e+00 1.000000000000e+00 1.000000000000e+00 1.000000000000e+00 1.000000000000e+00 1.000000000000e+00 1.000000000000e+00 1.000000000000e+00 1.000000000000e+00 1.000000000000e+00 1.000000000000e+00 1.000000000000e+00 1.000000000000e+00 1.000000000000e+00 1.000000000000e+00 1.000000000000e+00 1.000000000000e+00 1.000000000000e+00 1.000000000000e+00 1.000000000000e+00 1.000000000000e+00 1.000000000000e+00 1.000000000000e+00 1.000000000000e+00 1.000000000000e+00 1.000000000000e+00 1.000000000000e+00 1.000000000000e+00 1.000000000000e+00 1.000000000000e+00 1.000000000000e+00 1.000000000000e+00 1.000000000000e+00 1.000000000000e+00 1.000000000000e+00 1.000000000000e+00 1.000000000000e+00 1.000000000000e+00 1.000000000000e+00 1.000000000000e+00 1.000000000000e+00 1.000000000000e+00 1.000000000000e+00 1.000000000000e+00 1.000000000000e+00 1.000000000000e+00 1.000000000000e+00 1.000000000000e+00 1.000000000000e+00 1.000000000000e+00 1.000000000000e+00 1.000000000000e+00 1.000000000000e+00 1.000000000000e+00 1.000000000000e+00 1.000000000000e+00
1.130080726717e+00 1.000000000000e+00 1.000000000000e+00 1.000000000000e+00 1.000000000000e+00 1.000000000000e+00 1.000000000000e+00 1.000000000000e+00 1.000000000000e+00 1.000000000000e+00 1.000000000000e+00 1.000000000000e+00 1.000000000000e+00 1.000000000000e+00 1.000000000000e+00 1.000000000000e+00 1.000000000000e+00 1.000000000000e+00 1.000000000000e+00 1.000000000000e+00 1.000000000000e+00 1.000000000000e+00 1.000000000000e+00 1.000000000000e+00 1.000000000000e+00 1.000000000000e+00 1.000000000000e+00 1.000000000000e+00 1.000000000000e+00 1.000000000000e+00 1.000000000000e+00 1.000000000000e+00 1.000000000000e+00 1.000000000000e+00 1.000000000000e+00 1.000000000000e+00 1.000000000000e+00 1.000000000000e+00 1.000000000000e+00 1.000000000000e+00 1.000000000000e+00 1.000000000000e+00 1.000000000000e+00 1.000000000000e+00 1.000000000000e+00 1.000000000000e+00 1.000000000000e+00 1.000000000000e+00 1.000000000000e+00 1.000000000000e+00 1.000000000000e+00 1.000000000000e+00 1.000000000000e+00 1.000000000000e+00 1.000000000000e+00 1.000000000000e+00 1.000000000000e+00 1.000000000000e+00 1.000000000000e+00 1.000000000000e+00 1.000000000000e+00 1.000000000000e+00 1.000000000000e+00 1.000000000000e+00 1.000000000000e+00 1.000000000000e+00 1.000000000000e+00 1.000000000000e+00 1.000000000000e+00 1.000000000000e+00 1.000000000000e+00 1.000000000000e+00 1.000000000000e+00 1.000000000000e+00 1.000000000000e+00 1.000000000000e+00 1.000000000000e+00 1.000000000000e+00 1.000000000000e+00 1.000000000000e+00 1.000000000000e+00 1.000000000000e+00 1.000000000000e+00 1.000000000000e+00 1.000000000000e+00 1.000000000000e+00 1.000000000000e+00 1.000000000000e+00 1.000000000000e+00 1.000000000000e+00 1.000000000000e+00 1.000000000000e+00 1.000000000000e+00 1.000000000000e+00 1.000000000000e+00 1.000000000000e+00 1.000000000000e+00 1.000000000000e+00 1.000000000000e+00 1.000000000000e+00 1.000000000000e+00
1.167469062463e+00 1.000000000000e+00 1.000000000000e+00 1.000000000000e+00 1.000000000000e+00 1.000000000000e+00 1.000000000000e+00 1.000000000000e+00 1.000000000000e+00 1.000000000000e+00 1.000000000000e+00 1.000000000000e+00 1.000000000000e+00 1.000000000000e+00 1.000000000000e+00 1.000000000000e+00 1.000000000000e+00 1.000000000000e+00 1.000000000000e+00 1.000000000000e+00 1.000000000000e+00 1.000000000000e+00 1.000000000000e+00 1.000000000000e+00 1.000000000000e+00 1.000000000000e+00 1.000000000000e+00 1.000000000000e+00 1.000000000000e+00 1.000000000000e+00 1.000000000000e+00 1.000000000000e+00 1.000000000000e+00 1.000000000000e+00 1.000000000000e+00 1.000000000000e+00 1.000000000000e+00 1.000000000000e+00 1.000000000000e+00 1.000000000000e+00 1.000000000000e+00 1.000000000000e+00 1.000000000000e+00 1.000000000000e+00 1.000000000000e+00 1.000000000000e+00 1.000000000000e+00 1.000000000000e+00 1.000000000000e+00 1.000000000000e+00 1.000000000000e+00 1.000000000000e+00 1.000000000000e+00 1.000000000000e+00 1.000000000000e+00 1.000000000000e+00 1.000000000000e+00 1.000000000000e+00 1.000000000000e+00 1.000000000000e+00 1.000000000000e+00 1.000000000000e+00 1.000000000000e+00 1.000000000000e+00 1.000000000000e+00 1.000000000000e+00 1.000000000000e+00 1.000000000000e+00 1.000000000000e+00 1.000000000000e+00 1.000000000000e+00 1.000000000000e+00 1.000000000000e+00 1.000000000000e+00 1.000000000000e+00 1.000000000000e+00 1.000000000000e+00 1.000000000000e+00 1.000000000000e+00 1.000000000000e+00 1.000000000000e+00 1.000000000000e+00 1.000000000000e+00 1.000000000000e+00 1.000000000000e+00 1.000000000000e+00 1.000000000000e+00 1.000000000000e+00 1.000000000000e+00 1.000000000000e+00 1.000000000000e+00 1.000000000000e+00 1.000000000000e+00 1.000000000000e+00 1.000000000000e+00 1.000000000000e+00 1.000000000000e+00 1.000000000000e+00 1.000000000000e+00 1.000000000000e+00 1.000000000000e+00
1.209551513753e+00 1.000000000000e+00 1.000000000000e+00 1.000000000000e+00 1.000000000000e+00 1.000000000000e+00 1.000000000000e+00 1.000000000000e+00 1.000000000000e+00 1.000000000000e+00 1.000000000000e+00 1.000000000000e+00 1.000000000000e+00 1.000000000000e+00 1.000000000000e+00 1.000000000000e+00 1.000000000000e+00 1.000000000000e+00 1.000000000000e+00 1.000000000000e+00 1.000000000000e+00 1.000000000000e+00 1.000000000000e+00 1.000000000000e+00 1.000000000000e+00 1.000000000000e+00 1.000000000000e+00 1.000000000000e+00 1.000000000000e+00 1.000000000000e+00 1.000000000000e+00 1.000000000000e+00 1.000000000000e+00 1.000000000000e+00 1.000000000000e+00 1.000000000000e+00 1.000000000000e+00 1.000000000000e+00 1.000000000000e+00 1.000000000000e+00 1.000000000000e+00 1.000000000000e+00 1.000000000000e+00 1.000000000000e+00 1.000000000000e+00 1.000000000000e+00 1.000000000000e+00 1.000000000000e+00 1.000000000000e+00 1.000000000000e+00 1.000000000000e+00 1.000000000000e+00 1.000000000000e+00 1.000000000000e+00 1.000000000000e+00 1.000000000000e+00 1.000000000000e+00 1.000000000000e+00 1.000000000000e+00 1.000000000000e+00 1.000000000000e+00 1.000000000000e+00 1.000000000000e+00 1.000000000000e+00 1.000000000000e+00 1.000000000000e+00 1.000000000000e+00 1.000000000000e+00 1.000000000000e+00 1.000000000000e+00 1.000000000000e+00 1.000000000000e+00 1.000000000000e+00 1.000000000000e+00 1.000000000000e+00 1.000000000000e+00 1.000000000000e+00 1.000000000000e+00 1.000000000000e+00 1.000000000000e+00 1.000000000000e+00 1.000000000000e+00 1.000000000000e+00 1.000000000000e+00 1.000000000000e+00 1.000000000000e+00 1.000000000000e+00 1.000000000000e+00 1.000000000000e+00 1.000000000000e+00 1.000000000000e+00 1.000000000000e+00 1.000000000000e+00 1.000000000000e+00 1.000000000000e+00 1.000000000000e+00 1.000000000000e+00 1.000000000000e+00 1.000000000000e+00 1.000000000000e+00 1.000000000000e+00
1.256899652881e+00 1.001637281698e+00 1.000000000000e+00 1.000000000000e+00 1.000000000000e+00 1.000000000000e+00 1.000000000000e+00 1.000000000000e+00 1.000000000000e+00 1.000000000000e+00 1.000000000000e+00 1.000000000000e+00 1.000000000000e+00 1.000000000000e+00 1.000000000000e+00 1.000000000000e+00 1.000000000000e+00 1.000000000000e+00 1.000000000000e+00 1.000000000000e+00 1.000000000000e+00 1.000000000000e+00 1.000000000000e+00 1.000000000000e+00 1.000000000000e+00 1.000000000000e+00 1.000000000000e+00 1.000000000000e+00 1.000000000000e+00 1.000000000000e+00 1.000000000000e+00 1.000000000000e+00 1.000000000000e+00 1.000000000000e+00 1.000000000000e+00 1.000000000000e+00 1.000000000000e+00 1.000000000000e+00 1.000000000000e+00 1.000000000000e+00 1.000000000000e+00 1.000000000000e+00 1.000000000000e+00 1.000000000000e+00 1.000000000000e+00 1.000000000000e+00 1.000000000000e+00 1.000000000000e+00 1.000000000000e+00 1.000000000000e+00 1.000000000000e+00 1.000000000000e+00 1.000000000000e+00 1.000000000000e+00 1.000000000000e+00 1.000000000000e+00 1.000000000000e+00 1.000000000000e+00 1.000000000000e+00 1.000000000000e+00 1.000000000000e+00 1.000000000000e+00 1.000000000000e+00 1.000000000000e+00 1.000000000000e+00 1.000000000000e+00 1.000000000000e+00 1.000000000000e+00 1.000000000000e+00 1.000000000000e+00 1.000000000000e+00 1.000000000000e+00 1.000000000000e+00 1.000000000000e+00 1.000000000000e+00 1.000000000000e+00 1.000000000000e+00 1.000000000000e+00 1.000000000000e+00 1.000000000000e+00 1.000000000000e+00 1.000000000000e+00 1.000000000000e+00 1.000000000000e+00 1.000000000000e+00 1.000000000000e+00 1.000000000000e+00 1.000000000000e+00 1.000000000000e+00 1.000000000000e+00 1.000000000000e+00 1.000000000000e+00 1.000000000000e+00 1.000000000000e+00 1.000000000000e+00 1.000000000000e+00 1.000000000000e+00 1.000000000000e+00 1.000000000000e+00 1.000000000000e+00 1.000000000000e+00
1.310177039294e+00 1.044106225368e+00 1.000000000000e+00 1.000000000000e+00 1.000000000000e+00 1.000000000000e+00 1.000000000000e+00 1.000000000000e+00 1.000000000000e+00 1.000000000000e+00 1.000000000000e+00 1.000000000000e+00 1.000000000000e+00 1.000000000000e+00 1.000000000000e+00 1.000000000000e+00 1.000000000000e+00 1.000000000000e+00 1.000000000000e+00 1.000000000000e+00 1.000000000000e+00 1.000000000000e+00 1.000000000000e+00 1.000000000000e+00 1.000000000000e+00 1.000000000000e+00 1.000000000000e+00 1.000000000000e+00 1.000000000000e+00 1.000000000000e+00 1.000000000000e+00 1.000000000000e+00 1.000000000000e+00 1.000000000000e+00 1.000000000000e+00 1.000000000000e+00 1.000000000000e+00 1.000000000000e+00 1.000000000000e+00 1.000000000000e+00 1.000000000000e+00 1.000000000000e+00 1.000000000000e+00 1.000000000000e+00 1.000000000000e+00 1.000000000000e+00 1.000000000000e+00 1.000000000000e+00 1.000000000000e+00 1.000000000000e+00 1.000000000000e+00 1.000000000000e+00 1.000000000000e+00 1.000000000000e+00 1.000000000000e+00 1.000000000000e+00 1.000000000000e+00 1.000000000000e+00 1.000000000000e+00 1.000000000000e+00 1.000000000000e+00 1.000000000000e+00 1.000000000000e+00 1.000000000000e+00 1.000000000000e+00 1.000000000000e+00 1.000000000000e+00 1.000000000000e+00 1.000000000000e+00 1.000000000000e+00 1.000000000000e+00 1.000000000000e+00 1.000000000000e+00 1.000000000000e+00 1.000000000000e+00 1.000000000000e+00 1.000000000000e+00 1.000000000000e+00 1.000000000000e+00 1.000000000000e+00 1.000000000000e+00 1.000000000000e+00 1.000000000000e+00 1.000000000000e+00 1.000000000000e+00 1.000000000000e+00 1.000000000000e+00 1.000000000000e+00 1.000000000000e+00 1.000000000000e+00 1.000000000000e+00 1.000000000000e+00 1.000000000000e+00 1.000000000000e+00 1.000000000000e+00 1.000000000000e+00 1.000000000000e+00 1.000000000000e+00 1.000000000000e+00 1.000000000000e+00 1.000000000000e+00
1.370156325661e+00 1.091918049450e+00 1.000000000000e+00 1.000000000000e+00 1.000000000000e+00 1.000000000000e+00 1.000000000000e+00 1.000000000000e+00 1.000000000000e+00 1.000000000000e+00 1.000000000000e+00 1.000000000000e+00 1.000000000000e+00 1.000000000000e+00 1.000000000000e+00 1.000000000000e+00 1.000000000000e+00 1.000000000000e+00 1.000000000000e+00 1.000000000000e+00 1.000000000000e+00 1.000000000000e+00 1.000000000000e+00 1.000000000000e+00 1.000000000000e+00 1.000000000000e+00 1.000000000000e+00 1.000000000000e+00 1.000000000000e+00 1.000000000000e+00 1.000000000000e+00 1.000000000000e+00 1.000000000000e+00 1.000000000000e+00 1.000000000000e+00 1.000000000000e+00 1.000000000000e+00 1.000000000000e+00 1.000000000000e+00 1.000000000000e+00 1.000000000000e+00 1.000000000000e+00 1.000000000000e+00 1.000000000000e+00 1.000000000000e+00 1.000000000000e+00 1.000000000000e+00 1.000000000000e+00 1.000000000000e+00 1.000000000000e+00 1.000000000000e+00 1.000000000000e+00 1.000000000000e+00 1.000000000000e+00 1.000000000000e+00 1.000000000000e+00 1.000000000000e+00 1.000000000000e+00 1.000000000000e+00 1.000000000000e+00 1.000000000000e+00 1.000000000000e+00 1.000000000000e+00 1.000000000000e+00 1.000000000000e+00 1.000000000000e+00 1.000000000000e+00 1.000000000000e+00 1.000000000000e+00 1.000000000000e+00 1.000000000000e+00 1.000000000000e+00 1.000000000000e+00 1.000000000000e+00 1.000000000000e+00 1.000000000000e+00 1.000000000000e+00 1.000000000000e+00 1.000000000000e+00 1.000000000000e+00 1.000000000000e+00 1.000000000000e+00 1.000000000000e+00 1.000000000000e+00 1.000000000000e+00 1.000000000000e+00 1.000000000000e+00 1.000000000000e+00 1.000000000000e+00 1.000000000000e+00 1.000000000000e+00 1.000000000000e+00 1.000000000000e+00 1.000000000000e+00 1.000000000000e+00 1.000000000000e+00 1.000000000000e+00 1.000000000000e+00 1.000000000000e+00 1.000000000000e+00 1.000000000000e+00
1.437739996281e+00 1.145792358181e+00 1.000000000000e+00 1.000000000000e+00 1.000000000000e+00 1.000000000000e+00 1.000000000000e+00 1.000000000000e+00 1.000000000000e+00 1.000000000000e+00 1.000000000000e+00 1.000000000000e+00 1.000000000000e+00 1.000000000000e+00 1.000000000000e+00 1.000000000000e+00 1.000000000000e+00 1.000000000000e+00 1.000000000000e+00 1.000000000000e+00 1.000000000000e+00 1.000000000000e+00 1.000000000000e+00 1.000000000000e+00 1.000000000000e+00 1.000000000000e+00 1.000000000000e+00 1.000000000000e+00 1.000000000000e+00 1.000000000000e+00 1.000000000000e+00 1.000000000000e+00 1.000000000000e+00 1.000000000000e+00 1.000000000000e+00 1.000000000000e+00 1.000000000000e+00 1.000000000000e+00 1.000000000000e+00 1.000000000000e+00 1.000000000000e+00 1.000000000000e+00 1.000000000000e+00 1.000000000000e+00 1.000000000000e+00 1.000000000000e+00 1.000000000000e+00 1.000000000000e+00 1.000000000000e+00 1.000000000000e+00 1.000000000000e+00 1.000000000000e+00 1.000000000000e+00 1.000000000000e+00 1.000000000000e+00 1.000000000000e+00 1.000000000000e+00 1.000000000000e+00 1.000000000000e+00 1.000000000000e+00 1.000000000000e+00 1.000000000000e+00 1.000000000000e+00 1.000000000000e+00 1.000000000000e+00 1.000000000000e+00 1.000000000000e+00 1.000000000000e+00 1.000000000000e+00 1.000000000000e+00 1.000000000000e+00 1.000000000000e+00 1.000000000000e+00 1.000000000000e+00 1.000000000000e+00 1.000000000000e+00 1.000000000000e+00 1.000000000000e+00 1.000000000000e+00 1.000000000000e+00 1.000000000000e+00 1.000000000000e+00 1.000000000000e+00 1.000000000000e+00 1.000000000000e+00 1.000000000000e+00 1.000000000000e+00 1.000000000000e+00 1.000000000000e+00 1.000000000000e+00 1.000000000000e+00 1.000000000000e+00 1.000000000000e+00 1.000000000000e+00 1.000000000000e+00 1.000000000000e+00 1.000000000000e+00 1.000000000000e+00 1.000000000000e+00 1.000000000000e+00 1.000000000000e+00
1.513985601202e+00 1.206572419530e+00 1.000000000000e+00 1.000000000000e+00 1.000000000000e+00 1.000000000000e+00 1.000000000000e+00 1.000000000000e+00 1.000000000000e+00 1.000000000000e+00 1.000000000000e+00 1.000000000000e+00 1.000000000000e+00 1.000000000000e+00 1.000000000000e+00 1.000000000000e+00 1.000000000000e+00 1.000000000000e+00 1.000000000000e+00 1.000000000000e+00 1.000000000000e+00 1.000000000000e+00 1.000000000000e+00 1.000000000000e+00 1.000000000000e+00 1.000000000000e+00 1.000000000000e+00 1.000000000000e+00 1.000000000000e+00 1.000000000000e+00 1.000000000000e+00 1.000000000000e+00 1.000000000000e+00 1.000000000000e+00 1.000000000000e+00 1.000000000000e+00 1.000000000000e+00 1.000000000000e+00 1.000000000000e+00 1.000000000000e+00 1.000000000000e+00 1.000000000000e+00 1.000000000000e+00 1.000000000000e+00 1.000000000000e+00 1.000000000000e+00 1.000000000000e+00 1.000000000000e+00 1.000000000000e+00 1.000000000000e+00 1.000000000000e+00 1.000000000000e+00 1.000000000000e+00 1.000000000000e+00 1.000000000000e+00 1.000000000000e+00 1.000000000000e+00 1.000000000000e+00 1.000000000000e+00 1.000000000000e+00 1.000000000000e+00 1.000000000000e+00 1.000000000000e+00 1.000000000000e+00 1.000000000000e+00 1.000000000000e+00 1.000000000000e+00 1.000000000000e+00 1.000000000000e+00 1.000000000000e+00 1.000000000000e+00 1.000000000000e+00 1.000000000000e+00 1.000000000000e+00 1.000000000000e+00 1.000000000000e+00 1.000000000000e+00 1.000000000000e+00 1.000000000000e+00 1.000000000000e+00 1.000000000000e+00 1.000000000000e+00 1.000000000000e+00 1.000000000000e+00 1.000000000000e+00 1.000000000000e+00 1.000000000000e+00 1.000000000000e+00 1.000000000000e+00 1.000000000000e+00 1.000000000000e+00 1.000000000000e+00 1.000000000000e+00 1.000000000000e+00 1.000000000000e+00 1.000000000000e+00 1.000000000000e+00 1.000000000000e+00 1.000000000000e+00 1.000000000000e+00 1.000000000000e+00
1.600136575980e+00 1.275249747984e+00 1.019037731971e+00 1.000000000000e+00 1.000000000000e+00 1.000000000000e+00 1.000000000000e+00 1.000000000000e+00 1.000000000000e+00 1.000000000000e+00 1.000000000000e+00 1.000000000000e+00 1.000000000000e+00 1.000000000000e+00 1.000000000000e+00 1.000000000000e+00 1.000000000000e+00 1.000000000000e+00 1.000000000000e+00 1.000000000000e+00 1.000000000000e+00 1.000000000000e+00 1.000000000000e+00 1.000000000000e+00 1.000000000000e+00 1.000000000000e+00 1.000000000000e+00 1.000000000000e+00 1.000000000000e+00 1.000000000000e+00 1.000000000000e+00 1.000000000000e+00 1.000000000000e+00 1.000000000000e+00 1.000000000000e+00 1.000000000000e+00 1.000000000000e+00 1.000000000000e+00 1.000000000000e+00 1.000000000000e+00 1.000000000000e+00 1.000000000000e+00 1.000000000000e+00 1.000000000000e+00 1.000000000000e+00 1.000000000000e+00 1.000000000000e+00 1.000000000000e+00 1.000000000000e+00 1.000000000000e+00 1.000000000000e+00 1.000000000000e+00 1.000000000000e+00 1.000000000000e+00 1.000000000000e+00 1.000000000000e+00 1.000000000000e+00 1.000000000000e+00 1.000000000000e+00 1.000000000000e+00 1.000000000000e+00 1.000000000000e+00 1.000000000000e+00 1.000000000000e+00 1.000000000000e+00 1.000000000000e+00 1.000000000000e+00 1.000000000000e+00 1.000000000000e+00 1.000000000000e+00 1.000000000000e+00 1.000000000000e+00 1.000000000000e+00 1.000000000000e+00 1.000000000000e+00 1.000000000000e+00 1.000000000000e+00 1.000000000000e+00 1.000000000000e+00 1.000000000000e+00 1.000000000000e+00 1.000000000000e+00 1.000000000000e+00 1.000000000000e+00 1.000000000000e+00 1.000000000000e+00 1.000000000000e+00 1.000000000000e+00 1.000000000000e+00 1.000000000000e+00 1.000000000000e+00 1.000000000000e+00 1.000000000000e+00 1.000000000000e+00 1.000000000000e+00 1.000000000000e+00 1.000000000000e+00 1.000000000000e+00 1.000000000000e+00 1.000000000000e+00 1.000000000000e+00
1.697660028487e+00 1.352994245465e+00 1.081179444418e+00 1.000000000000e+00 1.000000000000e+00 1.000000000000e+00 1.000000000000e+00 1.000000000000e+00 1.000000000000e+00 1.000000000000e+00 1.000000000000e+00 1.000000000000e+00 1.000000000000e+00 1.000000000000e+00 1.000000000000e+00 1.000000000000e+00 1.000000000000e+00 1.000000000000e+00 1.000000000000e+00 1.000000000000e+00 1.000000000000e+00 1.000000000000e+00 1.000000000000e+00 1.000000000000e+00 1.000000000000e+00 1.000000000000e+00 1.000000000000e+00 1.000000000000e+00 1.000000000000e+00 1.000000000000e+00 1.000000000000e+00 1.000000000000e+00 1.000000000000e+00 1.000000000000e+00 1.000000000000e+00 1.000000000000e+00 1.000000000000e+00 1.000000000000e+00 1.000000000000e+00 1.000000000000e+00 1.000000000000e+00 1.000000000000e+00 1.000000000000e+00 1.000000000000e+00 1.000000000000e+00 1.000000000000e+00 1.000000000000e+00 1.000000000000e+00 1.000000000000e+00 1.000000000000e+00 1.000000000000e+00 1.000000000000e+00 1.000000000000e+00 1.000000000000e+00 1.000000000000e+00 1.000000000000e+00 1.000000000000e+00 1.000000000000e+00 1.000000000000e+00 1.000000000000e+00 1.000000000000e+00 1.000000000000e+00 1.000000000000e+00 1.000000000000e+00 1.000000000000e+00 1.000000000000e+00 1.000000000000e+00 1.000000000000e+00 1.000000000000e+00 1.000000000000e+00 1.000000000000e+00 1.000000000000e+00 1.000000000000e+00 1.000000000000e+00 1.000000000000e+00 1.000000000000e+00 1.000000000000e+00 1.000000000000e+00 1.000000000000e+00 1.000000000000e+00 1.000000000000e+00 1.000000000000e+00 1.000000000000e+00 1.000000000000e+00 1.000000000000e+00 1.000000000000e+00 1.000000000000e+00 1.000000000000e+00 1.000000000000e+00 1.000000000000e+00 1.000000000000e+00 1.000000000000e+00 1.000000000000e+00 1.000000000000e+00 1.000000000000e+00 1.000000000000e+00 1.000000000000e+00 1.000000000000e+00 1.000000000000e+00 1.000000000000e+00 1.000000000000e+00
1.808293250752e+00 1.441191303138e+00 1.151677208421e+00 1.000000000000e+00 1.000000000000e+00 1.000000000000e+00 1.000000000000e+00 1.000000000000e+00 1.000000000000e+00 1.000000000000e+00 1.000000000000e+00 1.000000000000e+00 1.000000000000e+00 1.000000000000e+00 1.000000000000e+00 1.000000000000e+00 1.000000000000e+00 1.000000000000e+00 1.000000000000e+00 1.000000000000e+00 1.000000000000e+00 1.000000000000e+00 1.000000000000e+00 1.000000000000e+00 1.000000000000e+00 1.000000000000e+00 1.000000000000e+00 1.000000000000e+00 1.000000000000e+00 1.000000000000e+00 1.000000000000e+00 1.000000000000e+00 1.000000000000e+00 1.000000000000e+00 1.000000000000e+00 1.000000000000e+00 1.000000000000e+00 1.000000000000e+00 1.000000000000e+00 1.000000000000e+00 1.000000000000e+00 1.000000000000e+00 1.000000000000e+00 1.000000000000e+00 1.000000000000e+00 1.000000000000e+00 1.000000000000e+00 1.000000000000e+00 1.000000000000e+00 1.000000000000e+00 1.000000000000e+00 1.000000000000e+00 1.000000000000e+00 1.000000000000e+00 1.000000000000e+00 1.000000000000e+00 1.000000000000e+00 1.000000000000e+00 1.000000000000e+00 1.000000000000e+00 1.000000000000e+00 1.000000000000e+00 1.000000000000e+00 1.000000000000e+00 1.000000000000e+00 1.000000000000e+00 1.000000000000e+00 1.000000000000e+00 1.000000000000e+00 1.000000000000e+00 1.000000000000e+00 1.000000000000e+00 1.000000000000e+00 1.000000000000e+00 1.000000000000e+00 1.000000000000e+00 1.000000000000e+00 1.000000000000e+00 1.000000000000e+00 1.000000000000e+00 1.000000000000e+00 1.000000000000e+00 1.000000000000e+00 1.000000000000e+00 1.000000000000e+00 1.000000000000e+00 1.000000000000e+00 1.000000000000e+00 1.000000000000e+00 1.000000000000e+00 1.000000000000e+00 1.000000000000e+00 1.000000000000e+00 1.000000000000e+00 1.000000000000e+00 1.000000000000e+00 1.000000000000e+00 1.000000000000e+00 1.000000000000e+00 1.000000000000e+00 1.000000000000e+00
1.934101202451e+00 1.541487656811e+00 1.231847716496e+00 1.000000000000e+00 1.000000000000e+00 1.000000000000e+00 1.000000000000e+00 1.000000000000e+00 1.000000000000e+00 1.000000000000e+00 1.000000000000e+00 1.000000000000e+00 1.000000000000e+00 1.000000000000e+00 1.000000000000e+00 1.000000000000e+00 1.000000000000e+00 1.000000000000e+00 1.000000000000e+00 1.000000000000e+00 1.000000000000e+00 1.000000000000e+00 1.000000000000e+00 1.000000000000e+00 1.000000000000e+00 1.000000000000e+00 1.000000000000e+00 1.000000000000e+00 1.000000000000e+00 1.000000000000e+00 1.000000000000e+00 1.000000000000e+00 1.000000000000e+00 1.000000000000e+00 1.000000000000e+00 1.000000000000e+00 1.000000000000e+00 1.000000000000e+00 1.000000000000e+00 1.000000000000e+00 1.000000000000e+00 1.000000000000e+00 1.000000000000e+00 1.000000000000e+00 1.000000000000e+00 1.000000000000e+00 1.000000000000e+00 1.000000000000e+00 1.000000000000e+00 1.000000000000e+00 1.000000000000e+00 1.000000000000e+00 1.000000000000e+00 1.000000000000e+00 1.000000000000e+00 1.000000000000e+00 1.000000000000e+00 1.000000000000e+00 1.000000000000e+00 1.000000000000e+00 1.000000000000e+00 1.000000000000e+00 1.000000000000e+00 1.000000000000e+00 1.000000000000e+00 1.000000000000e+00 1.000000000000e+00 1.000000000000e+00 1.000000000000e+00 1.000000000000e+00 1.000000000000e+00 1.000000000000e+00 1.000000000000e+00 1.000000000000e+00 1.000000000000e+00 1.000000000000e+00 1.000000000000e+00 1.000000000000e+00 1.000000000000e+00 1.000000000000e+00 1.000000000000e+00 1.000000000000e+00 1.000000000000e+00 1.000000000000e+00 1.000000000000e+00 1.000000000000e+00 1.000000000000e+00 1.000000000000e+00 1.000000000000e+00 1.000000000000e+00 1.000000000000e+00 1.000000000000e+00 1.000000000000e+00 1.000000000000e+00 1.000000000000e+00 1.000000000000e+00 1.000000000000e+00 1.000000000000e+00 1.000000000000e+00 1.000000000000e+00 1.000000000000e+00
2.077547849294e+00 1.655848296753e+00 1.323262177065e+00 1.060231011259e+00 1.000000000000e+00 1.000000000000e+00 1.000000000000e+00 1.000000000000e+00 1.000000000000e+00 1.000000000000e+00 1.000000000000e+00 1.000000000000e+00 1.000000000000e+00 1.000000000000e+00 1.000000000000e+00 1.000000000000e+00 1.000000000000e+00 1.000000000000e+00 1.000000000000e+00 1.000000000000e+00 1.000000000000e+00 1.000000000000e+00 1.000000000000e+00 1.000000000000e+00 1.000000000000e+00 1.000000000000e+00 1.000000000000e+00 1.000000000000e+00 1.000000000000e+00 1.000000000000e+00 1.000000000000e+00 1.000000000000e+00 1.000000000000e+00 1.000000000000e+00 1.000000000000e+00 1.000000000000e+00 1.000000000000e+00 1.000000000000e+00 1.000000000000e+00 1.000000000000e+00 1.000000000000e+00 1.000000000000e+00 1.000000000000e+00 1.000000000000e+00 1.000000000000e+00 1.000000000000e+00 1.000000000000e+00 1.000000000000e+00 1.000000000000e+00 1.000000000000e+00 1.000000000000e+00 1.000000000000e+00 1.000000000000e+00 1.000000000000e+00 1.000000000000e+00 1.000000000000e+00 1.000000000000e+00 1.000000000000e+00 1.000000000000e+00 1.000000000000e+00 1.000000000000e+00 1.000000000000e+00 1.000000000000e+00 1.000000000000e+00 1.000000000000e+00 1.000000000000e+00 1.000000000000e+00 1.000000000000e+00 1.000000000000e+00 1.000000000000e+00 1.000000000000e+00 1.000000000000e+00 1.000000000000e+00 1.000000000000e+00 1.000000000000e+00 1.000000000000e+00 1.000000000000e+00 1.000000000000e+00 1.000000000000e+00 1.000000000000e+00 1.000000000000e+00 1.000000000000e+00 1.000000000000e+00 1.000000000000e+00 1.000000000000e+00 1.000000000000e+00 1.000000000000e+00 1.000000000000e+00 1.000000000000e+00 1.000000000000e+00 1.000000000000e+00 1.000000000000e+00 1.000000000000e+00 1.000000000000e+00 1.000000000000e+00 1.000000000000e+00 1.000000000000e+00 1.000000000000e+00 1.000000000000e+00 1.000000000000e+00 1.000000000000e+00
2.241585072855e+00 1.786627397881e+00 1.427803049953e+00 1.144014670996e+00 1.000000000000e+00 1.000000000000e+00 1.000000000000e+00 1.000000000000e+00 1.000000000000e+00 1.000000000000e+00 1.000000000000e+00 1.000000000000e+00 1.000000000000e+00 1.000000000000e+00 1.000000000000e+00 1.000000000000e+00 1.000000000000e+00 1.000000000000e+00 1.000000000000e+00 1.000000000000e+00 1.000000000000e+00 1.000000000000e+00 1.000000000000e+00 1.000000000000e+00 1.000000000000e+00 1.000000000000e+00 1.000000000000e+00 1.000000000000e+00 1.000000000000e+00 1.000000000000e+00 1.000000000000e+00 1.000000000000e+00 1.000000000000e+00 1.000000000000e+00 1.000000000000e+00 1.000000000000e+00 1.000000000000e+00 1.000000000000e+00 1.000000000000e+00 1.000000000000e+00 1.000000000000e+00 1.000000000000e+00 1.000000000000e+00 1.000000000000e+00 1.000000000000e+00 1.000000000000e+00 1.000000000000e+00 1.000000000000e+00 1.000000000000e+00 1.000000000000e+00 1.000000000000e+00 1.000000000000e+00 1.000000000000e+00 1.000000000000e+00 1.000000000000e+00 1.000000000000e+00 1.000000000000e+00 1.000000000000e+00 1.000000000000e+00 1.000000000000e+00 1.000000000000e+00 1.000000000000e+00 1.000000000000e+00 1.000000000000e+00 1.000000000000e+00 1.000000000000e+00 1.000000000000e+00 1.000000000000e+00 1.000000000000e+00 1.000000000000e+00 1.000000000000e+00 1.000000000000e+00 1.000000000000e+00 1.000000000000e+00 1.000000000000e+00 1.000000000000e+00 1.000000000000e+00 1.000000000000e+00 1.000000000000e+00 1.000000000000e+00 1.000000000000e+00 1.000000000000e+00 1.000000000000e+00 1.000000000000e+00 1.000000000000e+00 1.000000000000e+00 1.000000000000e+00 1.000000000000e+00 1.000000000000e+00 1.000000000000e+00 1.000000000000e+00 1.000000000000e+00 1.000000000000e+00 1.000000000000e+00 1.000000000000e+00 1.000000000000e+00 1.000000000000e+00 1.000000000000e+00 1.000000000000e+00 1.000000000000e+00 1.000000000000e+00
2.429763963854e+00 1.936657110643e+00 1.547735071151e+00 1.240135640060e+00 1.000000000000e+00 1.000000000000e+00 1.000000000000e+00 1.000000000000e+00 1.000000000000e+00 1.000000000000e+00 1.000000000000e+00 1.000000000000e+00 1.000000000000e+00 1.000000000000e+00 1.000000000000e+00 1.000000000000e+00 1.000000000000e+00 1.000000000000e+00 1.000000000000e+00 1.000000000000e+00 1.000000000000e+00 1.000000000000e+00 1.000000000000e+00 1.000000000000e+00 1.000000000000e+00 1.000000000000e+00 1.000000000000e+00 1.000000000000e+00 1.000000000000e+00 1.000000000000e+00 1.000000000000e+00 1.000000000000e+00 1.000000000000e+00 1.000000000000e+00 1.000000000000e+00 1.000000000000e+00 1.000000000000e+00 1.000000000000e+00 1.000000000000e+00 1.000000000000e+00 1.000000000000e+00 1.000000000000e+00 1.000000000000e+00 1.000000000000e+00 1.000000000000e+00 1.000000000000e+00 1.000000000000e+00 1.000000000000e+00 1.000000000000e+00 1.000000000000e+00 1.000000000000e+00 1.000000000000e+00 1.000000000000e+00 1.000000000000e+00 1.000000000000e+00 1.000000000000e+00 1.000000000000e+00 1.000000000000e+00 1.000000000000e+00 1.000000000000e+00 1.000000000000e+00 1.000000000000e+00 1.000000000000e+00 1.000000000000e+00 1.000000000000e+00 1.000000000000e+00 1.000000000000e+00 1.000000000000e+00 1.000000000000e+00 1.000000000000e+00 1.000000000000e+00 1.000000000000e+00 1.000000000000e+00 1.000000000000e+00 1.000000000000e+00 1.000000000000e+00 1.000000000000e+00 1.000000000000e+00 1.000000000000e+00 1.000000000000e+00 1.000000000000e+00 1.000000000000e+00 1.000000000000e+00 1.000000000000e+00 1.000000000000e+00 1.000000000000e+00 1.000000000000e+00 1.000000000000e+00 1.000000000000e+00 1.000000000000e+00 1.000000000000e+00 1.000000000000e+00 1.000000000000e+00 1.000000000000e+00 1.000000000000e+00 1.000000000000e+00 1.000000000000e+00 1.000000000000e+00 1.000000000000e+00 1.000000000000e+00 1.000000000000e+00
2.646374757814e+00 2.109359207957e+00 1.685794564148e+00 1.350787752429e+00 1.085106298146e+00 1.000000000000e+00 1.000000000000e+00 1.000000000000e+00 1.000000000000e+00 1.000000000000e+00 1.000000000000e+00 1.000000000000e+00 1.000000000000e+00 1.000000000000e+00 1.000000000000e+00 1.000000000000e+00 1.000000000000e+00 1.000000000000e+00 1.000000000000e+00 1.000000000000e+00 1.000000000000e+00 1.000000000000e+00 1.000000000000e+00 1.000000000000e+00 1.000000000000e+00 1.000000000000e+00 1.000000000000e+00 1.000000000000e+00 1.000000000000e+00 1.000000000000e+00 1.000000000000e+00 1.000000000000e+00 1.000000000000e+00 1.000000000000e+00 1.000000000000e+00 1.000000000000e+00 1.000000000000e+00 1.000000000000e+00 1.000000000000e+00 1.000000000000e+00 1.000000000000e+00 1.000000000000e+00 1.000000000000e+00 1.000000000000e+00 1.000000000000e+00 1.000000000000e+00 1.000000000000e+00 1.000000000000e+00 1.000000000000e+00 1.000000000000e+00 1.000000000000e+00 1.000000000000e+00 1.000000000000e+00 1.000000000000e+00 1.000000000000e+00 1.000000000000e+00 1.000000000000e+00 1.000000000000e+00 1.000000000000e+00 1.000000000000e+00 1.000000000000e+00 1.000000000000e+00 1.000000000000e+00 1.000000000000e+00 1.000000000000e+00 1.000000000000e+00 1.000000000000e+00 1.000000000000e+00 1.000000000000e+00 1.000000000000e+00 1.000000000000e+00 1.000000000000e+00 1.000000000000e+00 1.000000000000e+00 1.000000000000e+00 1.000000000000e+00 1.000000000000e+00 1.000000000000e+00 1.000000000000e+00 1.000000000000e+00 1.000000000000e+00 1.000000000000e+00 1.000000000000e+00 1.000000000000e+00 1.000000000000e+00 1.000000000000e+00 1.000000000000e+00 1.000000000000e+00 1.000000000000e+00 1.000000000000e+00 1.000000000000e+00 1.000000000000e+00 1.000000000000e+00 1.000000000000e+00 1.000000000000e+00 1.000000000000e+00 1.000000000000e+00 1.000000000000e+00 1.000000000000e+00 1.000000000000e+00 1.000000000000e+00
2.896623591939e+00 2.308886116251e+00 1.845302261898e+00 1.478633482969e+00 1.187834514840e+00 1.000000000000e+00 1.000000000000e+00 1.000000000000e+00 1.000000000000e+00 1.000000000000e+00 1.000000000000e+00 1.000000000000e+00 1.000000000000e+00 1.000000000000e+00 1.000000000000e+00 1.000000000000e+00 1.000000000000e+00 1.000000000000e+00 1.000000000000e+00 1.000000000000e+00 1.000000000000e+00 1.000000000000e+00 1.000000000000e+00 1.000000000000e+00 1.000000000000e+00 1.000000000000e+00 1.000000000000e+00 1.000000000000e+00 1.000000000000e+00 1.000000000000e+00 1.000000000000e+00 1.000000000000e+00 1.000000000000e+00 1.000000000000e+00 1.000000000000e+00 1.000000000000e+00 1.000000000000e+00 1.000000000000e+00 1.000000000000e+00 1.000000000000e+00 1.000000000000e+00 1.000000000000e+00 1.000000000000e+00 1.000000000000e+00 1.000000000000e+00 1.000000000000e+00 1.000000000000e+00 1.000000000000e+00 1.000000000000e+00 1.000000000000e+00 1.000000000000e+00 1.000000000000e+00 1.000000000000e+00 1.000000000000e+00 1.000000000000e+00 1.000000000000e+00 1.000000000000e+00 1.000000000000e+00 1.000000000000e+00 1.000000000000e+00 1.000000000000e+00 1.000000000000e+00 1.000000000000e+00 1.000000000000e+00 1.000000000000e+00 1.000000000000e+00 1.000000000000e+00 1.000000000000e+00 1.000000000000e+00 1.000000000000e+00 1.000000000000e+00 1.000000000000e+00 1.000000000000e+00 1.000000000000e+00 1.000000000000e+00 1.000000000000e+00 1.000000000000e+00 1.000000000000e+00 1.000000000000e+00 1.000000000000e+00 1.000000000000e+00 1.000000000000e+00 1.000000000000e+00 1.000000000000e+00 1.000000000000e+00 1.000000000000e+00 1.000000000000e+00 1.000000000000e+00 1.000000000000e+00 1.000000000000e+00 1.000000000000e+00 1.000000000000e+00 1.000000000000e+00 1.000000000000e+00 1.000000000000e+00 1.000000000000e+00 1.000000000000e+00 1.000000000000e+00 1.000000000000e+00 1.000000000000e+00 1.000000000000e+00
3.186856822063e+00 2.540299902381e+00 2.030306499382e+00 1.626918798151e+00 1.306989764382e+00 1.052581576656e+00 1.000000000000e+00 1.000000000000e+00 1.000000000000e+00 1.000000000000e+00 1.000000000000e+00 1.000000000000e+00 1.000000000000e+00 1.000000000000e+00 1.000000000000e+00 1.000000000000e+00 1.000000000000e+00 1.000000000000e+00 1.000000000000e+00 1.000000000000e+00 1.000000000000e+00 1.000000000000e+00 1.000000000000e+00 1.000000000000e+00 1.000000000000e+00 1.000000000000e+00 1.000000000000e+00 1.000000000000e+00 1.000000000000e+00 1.000000000000e+00 1.000000000000e+00 1.000000000000e+00 1.000000000000e+00 1.000000000000e+00 1.000000000000e+00 1.000000000000e+00 1.000000000000e+00 1.000000000000e+00 1.000000000000e+00 1.000000000000e+00 1.000000000000e+00 1.000000000000e+00 1.000000000000e+00 1.000000000000e+00 1.000000000000e+00 1.000000000000e+00 1.000000000000e+00 1.000000000000e+00 1.000000000000e+00 1.000000000000e+00 1.000000000000e+00 1.000000000000e+00 1.000000000000e+00 1.000000000000e+00 1.000000000000e+00 1.000000000000e+00 1.000000000000e+00 1.000000000000e+00 1.000000000000e+00 1.000000000000e+00 1.000000000000e+00 1.000000000000e+00 1.000000000000e+00 1.000000000000e+00 1.000000000000e+00 1.000000000000e+00 1.000000000000e+00 1.000000000000e+00 1.000000000000e+00 1.000000000000e+00 1.000000000000e+00 1.000000000000e+00 1.000000000000e+00 1.000000000000e+00 1.000000000000e+00 1.000000000000e+00 1.000000000000e+00 1.000000000000e+00 1.000000000000e+00 1.000000000000e+00 1.000000000000e+00 1.000000000000e+00 1.000000000000e+00 1.000000000000e+00 1.000000000000e+00 1.000000000000e+00 1.000000000000e+00 1.000000000000e+00 1.000000000000e+00 1.000000000000e+00 1.000000000000e+00 1.000000000000e+00 1.000000000000e+00 1.000000000000e+00 1.000000000000e+00 1.000000000000e+00 1.000000000000e+00 1.000000000000e+00 1.000000000000e+00 1.000000000000e+00 1.000000000000e+00
3.524847068563e+00 2.809800526817e+00 2.245765828899e+00 1.799619633521e+00 1.445768122364e+00 1.164376641326e+00 1.000000000000e+00 1.000000000000e+00 1.000000000000e+00 1.000000000000e+00 1.000000000000e+00 1.000000000000e+00 1.000000000000e+00 1.000000000000e+00 1.000000000000e+00 1.000000000000e+00 1.000000000000e+00 1.000000000000e+00 1.000000000000e+00 1.000000000000e+00 1.000000000000e+00 1.000000000000e+00 1.000000000000e+00 1.000000000000e+00 1.000000000000e+00 1.000000000000e+00 1.000000000000e+00 1.000000000000e+00 1.000000000000e+00 1.000000000000e+00 1.000000000000e+00 1.000000000000e+00 1.000000000000e+00 1.000000000000e+00 1.000000000000e+00 1.000000000000e+00 1.000000000000e+00 1.000000000000e+00 1.000000000000e+00 1.000000000000e+00 1.000000000000e+00 1.000000000000e+00 1.000000000000e+00 1.000000000000e+00 1.000000000000e+00 1.000000000000e+00 1.000000000000e+00 1.000000000000e+00 1.000000000000e+00 1.000000000000e+00 1.000000000000e+00 1.000000000000e+00 1.000000000000e+00 1.000000000000e+00 1.000000000000e+00 1.000000000000e+00 1.000000000000e+00 1.000000000000e+00 1.000000000000e+00 1.000000000000e+00 1.000000000000e+00 1.000000000000e+00 1.000000000000e+00 1.000000000000e+00 1.000000000000e+00 1.000000000000e+00 1.000000000000e+00 1.000000000000e+00 1.000000000000e+00 1.000000000000e+00 1.000000000000e+00 1.000000000000e+00 1.000000000000e+00 1.000000000000e+00 1.000000000000e+00 1.000000000000e+00 1.000000000000e+00 1.000000000000e+00 1.000000000000e+00 1.000000000000e+00 1.000000000000e+00 1.000000000000e+00 1.000000000000e+00 1.000000000000e+00 1.000000000000e+00 1.000000000000e+00 1.000000000000e+00 1.000000000000e+00 1.000000000000e+00 1.000000000000e+00 1.000000000000e+00 1.000000000000e+00 1.000000000000e+00 1.000000000000e+00 1.000000000000e+00 1.000000000000e+00 1.000000000000e+00 1.000000000000e+00 1.000000000000e+00 1.000000000000e+00 1.000000000000e+00
3.920159779072e+00 3.125018361466e+00 2.497783062604e+00 2.001629630733e+00 1.608103522418e+00 1.295152261115e+00 1.045635398100e+00 1.000000000000e+00 1.000000000000e+00 1.000000000000e+00 1.000000000000e+00 1.000000000000e+00 1.000000000000e+00 1.000000000000e+00 1.000000000000e+00 1.000000000000e+00 1.000000000000e+00 1.000000000000e+00 1.000000000000e+00 1.000000000000e+00 1.000000000000e+00 1.000000000000e+00 1.000000000000e+00 1.000000000000e+00 1.000000000000e+00 1.000000000000e+00 1.000000000000e+00 1.000000000000e+00 1.000000000000e+00 1.000000000000e+00 1.000000000000e+00 1.000000000000e+00 1.000000000000e+00 1.000000000000e+00 1.000000000000e+00 1.000000000000e+00 1.000000000000e+00 1.000000000000e+00 1.000000000000e+00 1.000000000000e+00 1.000000000000e+00 1.000000000000e+00 1.000000000000e+00 1.000000000000e+00 1.000000000000e+00 1.000000000000e+00 1.000000000000e+00 1.000000000000e+00 1.000000000000e+00 1.000000000000e+00 1.000000000000e+00 1.000000000000e+00 1.000000000000e+00 1.000000000000e+00 1.000000000000e+00 1.000000000000e+00 1.000000000000e+00 1.000000000000e+00 1.000000000000e+00 1.000000000000e+00 1.000000000000e+00 1.000000000000e+00 1.000000000000e+00 1.000000000000e+00 1.000000000000e+00 1.000000000000e+00 1.000000000000e+00 1.000000000000e+00 1.000000000000e+00 1.000000000000e+00 1.000000000000e+00 1.000000000000e+00 1.000000000000e+00 1.000000000000e+00 1.000000000000e+00 1.000000000000e+00 1.000000000000e+00 1.000000000000e+00 1.000000000000e+00 1.000000000000e+00 1.000000000000e+00 1.000000000000e+00 1.000000000000e+00 1.000000000000e+00 1.000000000000e+00 1.000000000000e+00 1.000000000000e+00 1.000000000000e+00 1.000000000000e+00 1.000000000000e+00 1.000000000000e+00 1.000000000000e+00 1.000000000000e+00 1.000000000000e+00 1.000000000000e+00 1.000000000000e+00 1.000000000000e+00 1.000000000000e+00 1.000000000000e+00 1.000000000000e+00 1.000000000000e+00
4.384625347473e+00 3.495390962521e+00 2.793906743367e+00 2.239001974664e+00 1.798862241888e+00 1.448830164971e+00 1.169739878341e+00 1.000000000000e+00 1.000000000000e+00 1.000000000000e+00 1.000000000000e+00 1.000000000000e+00 1.000000000000e+00 1.000000000000e+00 1.000000000000e+00 1.000000000000e+00 1.000000000000e+00 1.000000000000e+00 1.000000000000e+00 1.000000000000e+00 1.000000000000e+00 1.000000000000e+00 1.000000000000e+00 1.000000000000e+00 1.000000000000e+00 1.000000000000e+00 1.000000000000e+00 1.000000000000e+00 1.000000000000e+00 1.000000000000e+00 1.000000000000e+00 1.000000000000e+00 1.000000000000e+00 1.000000000000e+00 1.000000000000e+00 1.000000000000e+00 1.000000000000e+00 1.000000000000e+00 1.000000000000e+00 1.000000000000e+00 1.000000000000e+00 1.000000000000e+00 1.000000000000e+00 1.000000000000e+00 1.000000000000e+00 1.000000000000e+00 1.000000000000e+00 1.000000000000e+00 1.000000000000e+00 1.000000000000e+00 1.000000000000e+00 1.000000000000e+00 1.000000000000e+00 1.000000000000e+00 1.000000000000e+00 1.000000000000e+00 1.000000000000e+00 1.000000000000e+00 1.000000000000e+00 1.000000000000e+00 1.000000000000e+00 1.000000000000e+00 1.000000000000e+00 1.000000000000e+00 1.000000000000e+00 1.000000000000e+00 1.000000000000e+00 1.000000000000e+00 1.000000000000e+00 1.000000000000e+00 1.000000000000e+00 1.000000000000e+00 1.000000000000e+00 1.000000000000e+00 1.000000000000e+00 1.000000000000e+00 1.000000000000e+00 1.000000000000e+00 1.000000000000e+00 1.000000000000e+00 1.000000000000e+00 1.000000000000e+00 1.000000000000e+00 1.000000000000e+00 1.000000000000e+00 1.000000000000e+00 1.000000000000e+00 1.000000000000e+00 1.000000000000e+00 1.000000000000e+00 1.000000000000e+00 1.000000000000e+00 1.000000000000e+00 1.000000000000e+00 1.000000000000e+00 1.000000000000e+00 1.000000000000e+00 1.000000000000e+00 1.000000000000e+00 1.000000000000e+00 1.000000000000e+00
4.932950334337e+00 3.932650881123e+00 3.143521483332e+00 2.519262536423e+00 2.024094745023e+00 1.630286623733e+00 1.316281962746e+00 1.065277189976e+00 1.000000000000e+00 1.000000000000e+00 1.000000000000e+00 1.000000000000e+00 1.000000000000e+00 1.000000000000e+00 1.000000000000e+00 1.000000000000e+00 1.000000000000e+00 1.000000000000e+00 1.000000000000e+00 1.000000000000e+00 1.000000000000e+00 1.000000000000e+00 1.000000000000e+00 1.000000000000e+00 1.000000000000e+00 1.000000000000e+00 1.000000000000e+00 1.000000000000e+00 1.000000000000e+00 1.000000000000e+00 1.000000000000e+00 1.000000000000e+00 1.000000000000e+00 1.000000000000e+00 1.000000000000e+00 1.000000000000e+00 1.000000000000e+00 1.000000000000e+00 1.000000000000e+00 1.000000000000e+00 1.000000000000e+00 1.000000000000e+00 1.000000000000e+00 1.000000000000e+00 1.000000000000e+00 1.000000000000e+00 1.000000000000e+00 1.000000000000e+00 1.000000000000e+00 1.000000000000e+00 1.000000000000e+00 1.000000000000e+00 1.000000000000e+00 1.000000000000e+00 1.000000000000e+00 1.000000000000e+00 1.000000000000e+00 1.000000000000e+00 1.000000000000e+00 1.000000000000e+00 1.000000000000e+00 1.000000000000e+00 1.000000000000e+00 1.000000000000e+00 1.000000000000e+00 1.000000000000e+00 1.000000000000e+00 1.000000000000e+00 1.000000000000e+00 1.000000000000e+00 1.000000000000e+00 1.000000000000e+00 1.000000000000e+00 1.000000000000e+00 1.000000000000e+00 1.000000000000e+00 1.000000000000e+00 1.000000000000e+00 1.000000000000e+00 1.000000000000e+00 1.000000000000e+00 1.000000000000e+00 1.000000000000e+00 1.000000000000e+00 1.000000000000e+00 1.000000000000e+00 1.000000000000e+00 1.000000000000e+00 1.000000000000e+00 1.000000000000e+00 1.000000000000e+00 1.000000000000e+00 1.000000000000e+00 1.000000000000e+00 1.000000000000e+00 1.000000000000e+00 1.000000000000e+00 1.000000000000e+00 1.000000000000e+00 1.000000000000e+00 1.000000000000e+00
5.583512968046e+00 4.451460585955e+00 3.558356049203e+00 2.851817500090e+00 2.291363532196e+00 1.845616780519e+00 1.490185962702e+00 1.206056700170e+00 1.000000000000e+00 1.000000000000e+00 1.000000000000e+00 1.000000000000e+00 1.000000000000e+00 1.000000000000e+00 1.000000000000e+00 1.000000000000e+00 1.000000000000e+00 1.000000000000e+00 1.000000000000e+00 1.000000000000e+00 1.000000000000e+00 1.000000000000e+00 1.000000000000e+00 1.000000000000e+00 1.000000000000e+00 1.000000000000e+00 1.000000000000e+00 1.000000000000e+00 1.000000000000e+00 1.000000000000e+00 1.000000000000e+00 1.000000000000e+00 1.000000000000e+00 1.000000000000e+00 1.000000000000e+00 1.000000000000e+00 1.000000000000e+00 1.000000000000e+00 1.000000000000e+00 1.000000000000e+00 1.000000000000e+00 1.000000000000e+00 1.000000000000e+00 1.000000000000e+00 1.000000000000e+00 1.000000000000e+00 1.000000000000e+00 1.000000000000e+00 1.000000000000e+00 1.000000000000e+00 1.000000000000e+00 1.000000000000e+00 1.000000000000e+00 1.000000000000e+00 1.000000000000e+00 1.000000000000e+00 1.000000000000e+00 1.000000000000e+00 1.000000000000e+00 1.000000000000e+00 1.000000000000e+00 1.000000000000e+00 1.000000000000e+00 1.000000000000e+00 1.000000000000e+00 1.000000000000e+00 1.000000000000e+00 1.000000000000e+00 1.000000000000e+00 1.000000000000e+00 1.000000000000e+00 1.000000000000e+00 1.000000000000e+00 1.000000000000e+00 1.000000000000e+00 1.000000000000e+00 1.000000000000e+00 1.000000000000e+00 1.000000000000e+00 1.000000000000e+00 1.000000000000e+00 1.000000000000e+00 1.000000000000e+00 1.000000000000e+00 1.000000000000e+00 1.000000000000e+00 1.000000000000e+00 1.000000000000e+00 1.000000000000e+00 1.000000000000e+00 1.000000000000e+00 1.000000000000e+00 1.000000000000e+00 1.000000000000e+00 1.000000000000e+00 1.000000000000e+00 1.000000000000e+00 1.000000000000e+00 1.000000000000e+00 1.000000000000e+00 1.000000000000e+00
6.359404105403e+00 5.070243350721e+00 4.053148306166e+00 3.248486866056e+00 2.610172255044e+00 2.102480646786e+00 1.697640740125e+00 1.374002271775e+00 1.114640119242e+00 1.000000000000e+00 1.000000000000e+00 1.000000000000e+00 1.000000000000e+00 1.000000000000e+00 1.000000000000e+00 1.000000000000e+00 1.000000000000e+00 1.000000000000e+00 1.000000000000e+00 1.000000000000e+00 1.000000000000e+00 1.000000000000e+00 1.000000000000e+00 1.000000000000e+00 1.000000000000e+00 1.000000000000e+00 1.000000000000e+00 1.000000000000e+00 1.000000000000e+00 1.000000000000e+00 1.000000000000e+00 1.000000000000e+00 1.000000000000e+00 1.000000000000e+00 1.000000000000e+00 1.000000000000e+00 1.000000000000e+00 1.000000000000e+00 1.000000000000e+00 1.000000000000e+00 1.000000000000e+00 1.000000000000e+00 1.000000000000e+00 1.000000000000e+00 1.000000000000e+00 1.000000000000e+00 1.000000000000e+00 1.000000000000e+00 1.000000000000e+00 1.000000000000e+00 1.000000000000e+00 1.000000000000e+00 1.000000000000e+00 1.000000000000e+00 1.000000000000e+00 1.000000000000e+00 1.000000000000e+00 1.000000000000e+00 1.000000000000e+00 1.000000000000e+00 1.000000000000e+00 1.000000000000e+00 1.000000000000e+00 1.000000000000e+00 1.000000000000e+00 1.000000000000e+00 1.000000000000e+00 1.000000000000e+00 1.000000000000e+00 1.000000000000e+00 1.000000000000e+00 1.000000000000e+00 1.000000000000e+00 1.000000000000e+00 1.000000000000e+00 1.000000000000e+00 1.000000000000e+00 1.000000000000e+00 1.000000000000e+00 1.000000000000e+00 1.000000000000e+00 1.000000000000e+00 1.000000000000e+00 1.000000000000e+00 1.000000000000e+00 1.000000000000e+00 1.000000000000e+00 1.000000000000e+00 1.000000000000e+00 1.000000000000e+00 1.000000000000e+00 1.000000000000e+00 1.000000000000e+00 1.000000000000e+00 1.000000000000e+00 1.000000000000e+00 1.000000000000e+00 1.000000000000e+00 1.000000000000e+00 1.000000000000e+00 1.000000000000e+00
7.289796955769e+00 5.812276632290e+00 4.646520285399e+00 3.724206586783e+00 2.992530502933e+00 2.410558517231e+00 1.946467808301e+00 1.575448401810e+00 1.278104172501e+00 1.039230395612e+00 1.000000000000e+00 1.000000000000e+00 1.000000000000e+00 1.000000000000e+00 1.000000000000e+00 1.000000000000e+00 1.000000000000e+00 1.000000000000e+00 1.000000000000e+00 1.000000000000e+00 1.000000000000e+00 1.000000000000e+00 1.000000000000e+00 1.000000000000e+00 1.000000000000e+00 1.000000000000e+00 1.000000000000e+00 1.000000000000e+00 1.000000000000e+00 1.000000000000e+00 1.000000000000e+00 1.000000000000e+00 1.000000000000e+00 1.000000000000e+00 1.000000000000e+00 1.000000000000e+00 1.000000000000e+00 1.000000000000e+00 1.000000000000e+00 1.000000000000e+00 1.000000000000e+00 1.000000000000e+00 1.000000000000e+00 1.000000000000e+00 1.000000000000e+00 1.000000000000e+00 1.000000000000e+00 1.000000000000e+00 1.000000000000e+00 1.000000000000e+00 1.000000000000e+00 1.000000000000e+00 1.000000000000e+00 1.000000000000e+00 1.000000000000e+00 1.000000000000e+00 1.000000000000e+00 1.000000000000e+00 1.000000000000e+00 1.000000000000e+00 1.000000000000e+00 1.000000000000e+00 1.000000000000e+00 1.000000000000e+00 1.000000000000e+00 1.000000000000e+00 1.000000000000e+00 1.000000000000e+00 1.000000000000e+00 1.000000000000e+00 1.000000000000e+00 1.000000000000e+00 1.000000000000e+00 1.000000000000e+00 1.000000000000e+00 1.000000000000e+00 1.000000000000e+00 1.000000000000e+00 1.000000000000e+00 1.000000000000e+00 1.000000000000e+00 1.000000000000e+00 1.000000000000e+00 1.000000000000e+00 1.000000000000e+00 1.000000000000e+00 1.000000000000e+00 1.000000000000e+00 1.000000000000e+00 1.000000000000e+00 1.000000000000e+00 1.000000000000e+00 1.000000000000e+00 1.000000000000e+00 1.000000000000e+00 1.000000000000e+00 1.000000000000e+00 1.000000000000e+00 1.000000000000e+00 1.000000000000e+00 1.000000000000e+00
8.411759641983e+00 6.707139044948e+00 5.362136326080e+00 4.297957897271e+00 3.453701389102e+00 2.782153822413e+00 2.246608632355e+00 1.818446891104e+00 1.475293584959e+00 1.199607989956e+00 1.000000000000e+00 1.000000000000e+00 1.000000000000e+00 1.000000000000e+00 1.000000000000e+00 1.000000000000e+00 1.000000000000e+00 1.000000000000e+00 1.000000000000e+00 1.000000000000e+00 1.000000000000e+00 1.000000000000e+00 1.000000000000e+00 1.000000000000e+00 1.000000000000e+00 1.000000000000e+00 1.000000000000e+00 1.000000000000e+00 1.000000000000e+00 1.000000000000e+00 1.000000000000e+00 1.000000000000e+00 1.000000000000e+00 1.000000000000e+00 1.000000000000e+00 1.000000000000e+00 1.000000000000e+00 1.000000000000e+00 1.000000000000e+00 1.000000000000e+00 1.000000000000e+00 1.000000000000e+00 1.000000000000e+00 1.000000000000e+00 1.000000000000e+00 1.000000000000e+00 1.000000000000e+00 1.000000000000e+00 1.000000000000e+00 1.000000000000e+00 1.000000000000e+00 1.000000000000e+00 1.000000000000e+00 1.000000000000e+00 1.000000000000e+00 1.000000000000e+00 1.000000000000e+00 1.000000000000e+00 1.000000000000e+00 1.000000000000e+00 1.000000000000e+00 1.000000000000e+00 1.000000000000e+00 1.000000000000e+00 1.000000000000e+00 1.000000000000e+00 1.000000000000e+00 1.000000000000e+00 1.000000000000e+00 1.000000000000e+00 1.000000000000e+00 1.000000000000e+00 1.000000000000e+00 1.000000000000e+00 1.000000000000e+00 1.000000000000e+00 1.000000000000e+00 1.000000000000e+00 1.000000000000e+00 1.000000000000e+00 1.000000000000e+00 1.000000000000e+00 1.000000000000e+00 1.000000000000e+00 1.000000000000e+00 1.000000000000e+00 1.000000000000e+00 1.000000000000e+00 1.000000000000e+00 1.000000000000e+00 1.000000000000e+00 1.000000000000e+00 1.000000000000e+00 1.000000000000e+00 1.000000000000e+00 1.000000000000e+00 1.000000000000e+00 1.000000000000e+00 1.000000000000e+00 1.000000000000e+00 1.000000000000e+00
9.772667708681e+00 7.792636419222e+00 6.230244782836e+00 4.994004517246e+00 4.013196866874e+00 3.232995803069e+00 2.610773491464e+00 2.113292592898e+00 1.714565947411e+00 1.394220088175e+00 1.136240294139e+00 1.000000000000e+00 1.000000000000e+00 1.000000000000e+00 1.000000000000e+00 1.000000000000e+00 1.000000000000e+00 1.000000000000e+00 1.000000000000e+00 1.000000000000e+00 1.000000000000e+00 1.000000000000e+00 1.000000000000e+00 1.000000000000e+00 1.000000000000e+00 1.000000000000e+00 1.000000000000e+00 1.000000000000e+00 1.000000000000e+00 1.000000000000e+00 1.000000000000e+00 1.000000000000e+00 1.000000000000e+00 1.000000000000e+00 1.000000000000e+00 1.000000000000e+00 1.000000000000e+00 1.000000000000e+00 1.000000000000e+00 1.000000000000e+00 1.000000000000e+00 1.000000000000e+00 1.000000000000e+00 1.000000000000e+00 1.000000000000e+00 1.000000000000e+00 1.000000000000e+00 1.000000000000e+00 1.000000000000e+00 1.000000000000e+00 1.000000000000e+00 1.000000000000e+00 1.000000000000e+00 1.000000000000e+00 1.000000000000e+00 1.000000000000e+00 1.000000000000e+00 1.000000000000e+00 1.000000000000e+00 1.000000000000e+00 1.000000000000e+00 1.000000000000e+00 1.000000000000e+00 1.000000000000e+00 1.000000000000e+00 1.000000000000e+00 1.000000000000e+00 1.000000000000e+00 1.000000000000e+00 1.000000000000e+00 1.000000000000e+00 1.000000000000e+00 1.000000000000e+00 1.000000000000e+00 1.000000000000e+00 1.000000000000e+00 1.000000000000e+00 1.000000000000e+00 1.000000000000e+00 1.000000000000e+00 1.000000000000e+00 1.000000000000e+00 1.000000000000e+00 1.000000000000e+00 1.000000000000e+00 1.000000000000e+00 1.000000000000e+00 1.000000000000e+00 1.000000000000e+00 1.000000000000e+00 1.000000000000e+00 1.000000000000e+00 1.000000000000e+00 1.000000000000e+00 1.000000000000e+00 1.000000000000e+00 1.000000000000e+00 1.000000000000e+00 1.000000000000e+00 1.000000000000e+00 1.000000000000e+00
1.143343423979e+01 9.117380813642e+00 7.289742544526e+00 5.843549525248e+00 4.696110762326e+00 3.783314610318e+00 3.055310621324e+00 2.473227691602e+00 2.006672127595e+00 1.631814541816e+00 1.329922686908e+00 1.086233036731e+00 1.000000000000e+00 1.000000000000e+00 1.000000000000e+00 1.000000000000e+00 1.000000000000e+00 1.000000000000e+00 1.000000000000e+00 1.000000000000e+00 1.000000000000e+00 1.000000000000e+00 1.000000000000e+00 1.000000000000e+00 1.000000000000e+00 1.000000000000e+00 1.000000000000e+00 1.000000000000e+00 1.000000000000e+00 1.000000000000e+00 1.000000000000e+00 1.000000000000e+00 1.000000000000e+00 1.000000000000e+00 1.000000000000e+00 1.000000000000e+00 1.000000000000e+00 1.000000000000e+00 1.000000000000e+00 1.000000000000e+00 1.000000000000e+00 1.000000000000e+00 1.000000000000e+00 1.000000000000e+00 1.000000000000e+00 1.000000000000e+00 1.000000000000e+00 1.000000000000e+00 1.000000000000e+00 1.000000000000e+00 1.000000000000e+00 1.000000000000e+00 1.000000000000e+00 1.000000000000e+00 1.000000000000e+00 1.000000000000e+00 1.000000000000e+00 1.000000000000e+00 1.000000000000e+00 1.000000000000e+00 1.000000000000e+00 1.000000000000e+00 1.000000000000e+00 1.000000000000e+00 1.000000000000e+00 1.000000000000e+00 1.000000000000e+00 1.000000000000e+00 1.000000000000e+00 1.000000000000e+00 1.000000000000e+00 1.000000000000e+00 1.000000000000e+00 1.000000000000e+00 1.000000000000e+00 1.000000000000e+00 1.000000000000e+00 1.000000000000e+00 1.000000000000e+00 1.000000000000e+00 1.000000000000e+00 1.000000000000e+00 1.000000000000e+00 1.000000000000e+00 1.000000000000e+00 1.000000000000e+00 1.000000000000e+00 1.000000000000e+00 1.000000000000e+00 1.000000000000e+00 1.000000000000e+00 1.000000000000e+00 1.000000000000e+00 1.000000000000e+00 1.000000000000e+00 1.000000000000e+00 1.000000000000e+00 1.000000000000e+00 1.000000000000e+00 1.000000000000e+00 1.000000000000e+00
1.347286095037e+01 1.074426483129e+01 8.590956474700e+00 6.886967769426e+00 5.534914987734e+00 4.459290069385e+00 3.601377519232e+00 2.915390892694e+00 2.365527218536e+00 1.923714506475e+00 1.567884187232e+00 1.280642334369e+00 1.048244732551e+00 1.000000000000e+00 1.000000000000e+00 1.000000000000e+00 1.000000000000e+00 1.000000000000e+00 1.000000000000e+00 1.000000000000e+00 1.000000000000e+00 1.000000000000e+00 1.000000000000e+00 1.000000000000e+00 1.000000000000e+00 1.000000000000e+00 1.000000000000e+00 1.000000000000e+00 1.000000000000e+00 1.000000000000e+00 1.000000000000e+00 1.000000000000e+00 1.000000000000e+00 1.000000000000e+00 1.000000000000e+00 1.000000000000e+00 1.000000000000e+00 1.000000000000e+00 1.000000000000e+00 1.000000000000e+00 1.000000000000e+00 1.000000000000e+00 1.000000000000e+00 1.000000000000e+00 1.000000000000e+00 1.000000000000e+00 1.000000000000e+00 1.000000000000e+00 1.000000000000e+00 1.000000000000e+00 1.000000000000e+00 1.000000000000e+00 1.000000000000e+00 1.000000000000e+00 1.000000000000e+00 1.000000000000e+00 1.000000000000e+00 1.000000000000e+00 1.000000000000e+00 1.000000000000e+00 1.000000000000e+00 1.000000000000e+00 1.000000000000e+00 1.000000000000e+00 1.000000000000e+00 1.000000000000e+00 1.000000000000e+00 1.000000000000e+00 1.000000000000e+00 1.000000000000e+00 1.000000000000e+00 1.000000000000e+00 1.000000000000e+00 1.000000000000e+00 1.000000000000e+00 1.000000000000e+00 1.000000000000e+00 1.000000000000e+00 1.000000000000e+00 1.000000000000e+00 1.000000000000e+00 1.000000000000e+00 1.000000000000e+00 1.000000000000e+00 1.000000000000e+00 1.000000000000e+00 1.000000000000e+00 1.000000000000e+00 1.000000000000e+00 1.000000000000e+00 1.000000000000e+00 1.000000000000e+00 1.000000000000e+00 1.000000000000e+00 1.000000000000e+00 1.000000000000e+00 1.000000000000e+00 1.000000000000e+00 1.000000000000e+00 1.000000000000e+00 1.000000000000e+00
1.599353566357e+01 1.275517112733e+01 1.019941403065e+01 8.176832450000e+00 6.571894943523e+00 5.295016140711e+00 4.276529300564e+00 3.462104670383e+00 2.809256135576e+00 2.284669646193e+00 1.862154094361e+00 1.521065092563e+00 1.245089098929e+00 1.021302921357e+00 1.000000000000e+00 1.000000000000e+00 1.000000000000e+00 1.000000000000e+00 1.000000000000e+00 1.000000000000e+00 1.000000000000e+00 1.000000000000e+00 1.000000000000e+00 1.000000000000e+00 1.000000000000e+00 1.000000000000e+00 1.000000000000e+00 1.000000000000e+00 1.000000000000e+00 1.000000000000e+00 1.000000000000e+00 1.000000000000e+00 1.000000000000e+00 1.000000000000e+00 1.000000000000e+00 1.000000000000e+00 1.000000000000e+00 1.000000000000e+00 1.000000000000e+00 1.000000000000e+00 1.000000000000e+00 1.000000000000e+00 1.000000000000e+00 1.000000000000e+00 1.000000000000e+00 1.000000000000e+00 1.000000000000e+00 1.000000000000e+00 1.000000000000e+00 1.000000000000e+00 1.000000000000e+00 1.000000000000e+00 1.000000000000e+00 1.000000000000e+00 1.000000000000e+00 1.000000000000e+00 1.000000000000e+00 1.000000000000e+00 1.000000000000e+00 1.000000000000e+00 1.000000000000e+00 1.000000000000e+00 1.000000000000e+00 1.000000000000e+00 1.000000000000e+00 1.000000000000e+00 1.000000000000e+00 1.000000000000e+00 1.000000000000e+00 1.000000000000e+00 1.000000000000e+00 1.000000000000e+00 1.000000000000e+00 1.000000000000e+00 1.000000000000e+00 1.000000000000e+00 1.000000000000e+00 1.000000000000e+00 1.000000000000e+00 1.000000000000e+00 1.000000000000e+00 1.000000000000e+00 1.000000000000e+00 1.000000000000e+00 1.000000000000e+00 1.000000000000e+00 1.000000000000e+00 1.000000000000e+00 1.000000000000e+00 1.000000000000e+00 1.000000000000e+00 1.000000000000e+00 1.000000000000e+00 1.000000000000e+00 1.000000000000e+00 1.000000000000e+00 1.000000000000e+00 1.000000000000e+00 1.000000000000e+00 1.000000000000e+00 1.000000000000e+00
1.912987646627e+01 1.525739676987e+01 1.220098732178e+01 9.782044483629e+00 7.862472573293e+00 6.335181601956e+00 5.116886321399e+00 4.142632100859e+00 3.361620749456e+00 2.734018022572e+00 2.228504762461e+00 1.820393053373e+00 1.490172947350e+00 1.222388259112e+00 1.004764570340e+00 1.000000000000e+00 1.000000000000e+00 1.000000000000e+00 1.000000000000e+00 1.000000000000e+00 1.000000000000e+00 1.000000000000e+00 1.000000000000e+00 1.000000000000e+00 1.000000000000e+00 1.000000000000e+00 1.000000000000e+00 1.000000000000e+00 1.000000000000e+00 1.000000000000e+00 1.000000000000e+00 1.000000000000e+00 1.000000000000e+00 1.000000000000e+00 1.000000000000e+00 1.000000000000e+00 1.000000000000e+00 1.000000000000e+00 1.000000000000e+00 1.000000000000e+00 1.000000000000e+00 1.000000000000e+00 1.000000000000e+00 1.000000000000e+00 1.000000000000e+00 1.000000000000e+00 1.000000000000e+00 1.000000000000e+00 1.000000000000e+00 1.000000000000e+00 1.000000000000e+00 1.000000000000e+00 1.000000000000e+00 1.000000000000e+00 1.000000000000e+00 1.000000000000e+00 1.000000000000e+00 1.000000000000e+00 1.000000000000e+00 1.000000000000e+00 1.000000000000e+00 1.000000000000e+00 1.000000000000e+00 1.000000000000e+00 1.000000000000e+00 1.000000000000e+00 1.000000000000e+00 1.000000000000e+00 1.000000000000e+00 1.000000000000e+00 1.000000000000e+00 1.000000000000e+00 1.000000000000e+00 1.000000000000e+00 1.000000000000e+00 1.000000000000e+00 1.000000000000e+00 1.000000000000e+00 1.000000000000e+00 1.000000000000e+00 1.000000000000e+00 1.000000000000e+00 1.000000000000e+00 1.000000000000e+00 1.000000000000e+00 1.000000000000e+00 1.000000000000e+00 1.000000000000e+00 1.000000000000e+00 1.000000000000e+00 1.000000000000e+00 1.000000000000e+00 1.000000000000e+00 1.000000000000e+00 1.000000000000e+00 1.000000000000e+00 1.000000000000e+00 1.000000000000e+00 1.000000000000e+00 1.000000000000e+00 1.000000000000e+00
2.305917502367e+01 1.839247370295e+01 1.470895642049e+01 1.179350305345e+01 9.479770070398e+00 7.638751866677e+00 6.170111573623e+00 4.995590198758e+00 4.053980469326e+00 3.297282406962e+00 2.687754154108e+00 2.195643072815e+00 1.797435290080e+00 1.474501504472e+00 1.212046524208e+00 1.000000000000e+00 1.000000000000e+00 1.000000000000e+00 1.000000000000e+00 1.000000000000e+00 1.000000000000e+00 1.000000000000e+00 1.000000000000e+00 1.000000000000e+00 1.000000000000e+00 1.000000000000e+00 1.000000000000e+00 1.000000000000e+00 1.000000000000e+00 1.000000000000e+00 1.000000000000e+00 1.000000000000e+00 1.000000000000e+00 1.000000000000e+00 1.000000000000e+00 1.000000000000e+00 1.000000000000e+00 1.000000000000e+00 1.000000000000e+00 1.000000000000e+00 1.000000000000e+00 1.000000000000e+00 1.000000000000e+00 1.000000000000e+00 1.000000000000e+00 1.000000000000e+00 1.000000000000e+00 1.000000000000e+00 1.000000000000e+00 1.000000000000e+00 1.000000000000e+00 1.000000000000e+00 1.000000000000e+00 1.000000000000e+00 1.000000000000e+00 1.000000000000e+00 1.000000000000e+00 1.000000000000e+00 1.000000000000e+00 1.000000000000e+00 1.000000000000e+00 1.000000000000e+00 1.000000000000e+00 1.000000000000e+00 1.000000000000e+00 1.000000000000e+00 1.000000000000e+00 1.000000000000e+00 1.000000000000e+00 1.000000000000e+00 1.000000000000e+00 1.000000000000e+00 1.000000000000e+00 1.000000000000e+00 1.000000000000e+00 1.000000000000e+00 1.000000000000e+00 1.000000000000e+00 1.000000000000e+00 1.000000000000e+00 1.000000000000e+00 1.000000000000e+00 1.000000000000e+00 1.000000000000e+00 1.000000000000e+00 1.000000000000e+00 1.000000000000e+00 1.000000000000e+00 1.000000000000e+00 1.000000000000e+00 1.000000000000e+00 1.000000000000e+00 1.000000000000e+00 1.000000000000e+00 1.000000000000e+00 1.000000000000e+00 1.000000000000e+00 1.000000000000e+00 1.000000000000e+00 1.000000000000e+00 1.000000000000e+00
2.801685755079e+01 2.234835917609e+01 1.787377227111e+01 1.433194419799e+01 1.152091902664e+01 9.284059413876e+00 7.499527545840e+00 6.072287131200e+00 4.928003599794e+00 4.008378048705e+00 3.267567464971e+00 2.669430450094e+00 2.185402128633e+00 1.792849998797e+00 1.473798452322e+00 1.213936684810e+00 1.001845036428e+00 1.000000000000e+00 1.000000000000e+00 1.000000000000e+00 1.000000000000e+00 1.000000000000e+00 1.000000000000e+00 1.000000000000e+00 1.000000000000e+00 1.000000000000e+00 1.000000000000e+00 1.000000000000e+00 1.000000000000e+00 1.000000000000e+00 1.000000000000e+00 1.000000000000e+00 1.000000000000e+00 1.000000000000e+00 1.000000000000e+00 1.000000000000e+00 1.000000000000e+00 1.000000000000e+00 1.000000000000e+00 1.000000000000e+00 1.000000000000e+00 1.000000000000e+00 1.000000000000e+00 1.000000000000e+00 1.000000000000e+00 1.000000000000e+00 1.000000000000e+00 1.000000000000e+00 1.000000000000e+00 1.000000000000e+00 1.000000000000e+00 1.000000000000e+00 1.000000000000e+00 1.000000000000e+00 1.000000000000e+00 1.000000000000e+00 1.000000000000e+00 1.000000000000e+00 1.000000000000e+00 1.000000000000e+00 1.000000000000e+00 1.000000000000e+00 1.000000000000e+00 1.000000000000e+00 1.000000000000e+00 1.000000000000e+00 1.000000000000e+00 1.000000000000e+00 1.000000000000e+00 1.000000000000e+00 1.000000000000e+00 1.000000000000e+00 1.000000000000e+00 1.000000000000e+00 1.000000000000e+00 1.000000000000e+00 1.000000000000e+00 1.000000000000e+00 1.000000000000e+00 1.000000000000e+00 1.000000000000e+00 1.000000000000e+00 1.000000000000e+00 1.000000000000e+00 1.000000000000e+00 1.000000000000e+00 1.000000000000e+00 1.000000000000e+00 1.000000000000e+00 1.000000000000e+00 1.000000000000e+00 1.000000000000e+00 1.000000000000e+00 1.000000000000e+00 1.000000000000e+00 1.000000000000e+00 1.000000000000e+00 1.000000000000e+00 1.000000000000e+00 1.000000000000e+00 1.000000000000e+00
3.431771667278e+01 2.737639756043e+01 2.189664227547e+01 1.755884971665e+01 1.411584168945e+01 1.137588946846e+01 9.189847259567e+00 7.441368328267e+00 6.039442449589e+00 4.912686876506e+00 4.004965993576e+00 3.272020786458e+00 2.678868049496e+00 2.197788027190e+00 1.806763163507e+00 1.488263640604e+00 1.228300236472e+00 1.015683791074e+00 1.000000000000e+00 1.000000000000e+00 1.000000000000e+00 1.000000000000e+00 1.000000000000e+00 1.000000000000e+00 1.000000000000e+00 1.000000000000e+00 1.000000000000e+00 1.000000000000e+00 1.000000000000e+00 1.000000000000e+00 1.000000000000e+00 1.000000000000e+00 1.000000000000e+00 1.000000000000e+00 1.000000000000e+00 1.000000000000e+00 1.000000000000e+00 1.000000000000e+00 1.000000000000e+00 1.000000000000e+00 1.000000000000e+00 1.000000000000e+00 1.000000000000e+00 1.000000000000e+00 1.000000000000e+00 1.000000000000e+00 1.000000000000e+00 1.000000000000e+00 1.000000000000e+00 1.000000000000e+00 1.000000000000e+00 1.000000000000e+00 1.000000000000e+00 1.000000000000e+00 1.000000000000e+00 1.000000000000e+00 1.000000000000e+00 1.000000000000e+00 1.000000000000e+00 1.000000000000e+00 1.000000000000e+00 1.000000000000e+00 1.000000000000e+00 1.000000000000e+00 1.000000000000e+00 1.000000000000e+00 1.000000000000e+00 1.000000000000e+00 1.000000000000e+00 1.000000000000e+00 1.000000000000e+00 1.000000000000e+00 1.000000000000e+00 1.000000000000e+00 1.000000000000e+00 1.000000000000e+00 1.000000000000e+00 1.000000000000e+00 1.000000000000e+00 1.000000000000e+00 1.000000000000e+00 1.000000000000e+00 1.000000000000e+00 1.000000000000e+00 1.000000000000e+00 1.000000000000e+00 1.000000000000e+00 1.000000000000e+00 1.000000000000e+00 1.000000000000e+00 1.000000000000e+00 1.000000000000e+00 1.000000000000e+00 1.000000000000e+00 1.000000000000e+00 1.000000000000e+00 1.000000000000e+00 1.000000000000e+00 1.000000000000e+00 1.000000000000e+00 1.000000000000e+00
4.238565387772e+01 3.381508389936e+01 2.704856585815e+01 2.169173392543e+01 1.743955750143e+01 1.405541126194e+01 1.135520764488e+01 9.195329694398e+00 7.463425997584e+00 6.071367877669e+00 4.949845160644e+00 4.044207406003e+00 3.311254595507e+00 2.716753715216e+00 2.233511877539e+00 1.839877322794e+00 1.518570276250e+00 1.255768769465e+00 1.040392051885e+00 1.000000000000e+00 1.000000000000e+00 1.000000000000e+00 1.000000000000e+00 1.000000000000e+00 1.000000000000e+00 1.000000000000e+00 1.000000000000e+00 1.000000000000e+00 1.000000000000e+00 1.000000000000e+00 1.000000000000e+00 1.000000000000e+00 1.000000000000e+00 1.000000000000e+00 1.000000000000e+00 1.000000000000e+00 1.000000000000e+00 1.000000000000e+00 1.000000000000e+00 1.000000000000e+00 1.000000000000e+00 1.000000000000e+00 1.000000000000e+00 1.000000000000e+00 1.000000000000e+00 1.000000000000e+00 1.000000000000e+00 1.000000000000e+00 1.000000000000e+00 1.000000000000e+00 1.000000000000e+00 1.000000000000e+00 1.000000000000e+00 1.000000000000e+00 1.000000000000e+00 1.000000000000e+00 1.000000000000e+00 1.000000000000e+00 1.000000000000e+00 1.000000000000e+00 1.000000000000e+00 1.000000000000e+00 1.000000000000e+00 1.000000000000e+00 1.000000000000e+00 1.000000000000e+00 1.000000000000e+00 1.000000000000e+00 1.000000000000e+00 1.000000000000e+00 1.000000000000e+00 1.000000000000e+00 1.000000000000e+00 1.000000000000e+00 1.000000000000e+00 1.000000000000e+00 1.000000000000e+00 1.000000000000e+00 1.000000000000e+00 1.000000000000e+00 1.000000000000e+00 1.000000000000e+00 1.000000000000e+00 1.000000000000e+00 1.000000000000e+00 1.000000000000e+00 1.000000000000e+00 1.000000000000e+00 1.000000000000e+00 1.000000000000e+00 1.000000000000e+00 1.000000000000e+00 1.000000000000e+00 1.000000000000e+00 1.000000000000e+00 1.000000000000e+00 1.000000000000e+00 1.000000000000e+00 1.000000000000e+00 1.000000000000e+00 1.000000000000e+00
5.279563690630e+01 4.212359102733e+01 3.369719421731e+01 2.702571618279e+01 2.172955188246e+01 1.751419596310e+01 1.415050977786e+01 1.145971283248e+01 9.301932691776e+00 7.567443555943e+00 6.169942564261e+00 5.041375128333e+00 4.127941267888e+00 3.387004957333e+00 2.784695877222e+00 2.294043552701e+00 1.893521951641e+00 1.565911379608e+00 1.297406292804e+00 1.076914193910e+00 1.000000000000e+00 1.000000000000e+00 1.000000000000e+00 1.000000000000e+00 1.000000000000e+00 1.000000000000e+00 1.000000000000e+00 1.000000000000e+00 1.000000000000e+00 1.000000000000e+00 1.000000000000e+00 1.000000000000e+00 1.000000000000e+00 1.000000000000e+00 1.000000000000e+00 1.000000000000e+00 1.000000000000e+00 1.000000000000e+00 1.000000000000e+00 1.000000000000e+00 1.000000000000e+00 1.000000000000e+00 1.000000000000e+00 1.000000000000e+00 1.000000000000e+00 1.000000000000e+00 1.000000000000e+00 1.000000000000e+00 1.000000000000e+00 1.000000000000e+00 1.000000000000e+00 1.000000000000e+00 1.000000000000e+00 1.000000000000e+00 1.000000000000e+00 1.000000000000e+00 1.000000000000e+00 1.000000000000e+00 1.000000000000e+00 1.000000000000e+00 1.000000000000e+00 1.000000000000e+00 1.000000000000e+00 1.000000000000e+00 1.000000000000e+00 1.000000000000e+00 1.000000000000e+00 1.000000000000e+00 1.000000000000e+00 1.000000000000e+00 1.000000000000e+00 1.000000000000e+00 1.000000000000e+00 1.000000000000e+00 1.000000000000e+00 1.000000000000e+00 1.000000000000e+00 1.000000000000e+00 1.000000000000e+00 1.000000000000e+00 1.000000000000e+00 1.000000000000e+00 1.000000000000e+00 1.000000000000e+00 1.000000000000e+00 1.000000000000e+00 1.000000000000e+00 1.000000000000e+00 1.000000000000e+00 1.000000000000e+00 1.000000000000e+00 1.000000000000e+00 1.000000000000e+00 1.000000000000e+00 1.000000000000e+00 1.000000000000e+00 1.000000000000e+00 1.000000000000e+00 1.000000000000e+00 1.000000000000e+00 1.000000000000e+00
6.633331309844e+01 5.292941131888e+01 4.234500257893e+01 3.396418280268e+01 2.731046606516e+01 2.201414549704e+01 1.778754266495e+01 1.440618037650e+01 1.169441762421e+01 9.514456421337e+00 7.757904489147e+00 6.339281068659e+00 5.191004368315e+00 4.259512016075e+00 3.502250362480e+00 2.885331908405e+00 2.381707895183e+00 1.969739168333e+00 1.632075748596e+00 1.354776296225e+00 1.126614459847e+00 1.000000000000e+00 1.000000000000e+00 1.000000000000e+00 1.000000000000e+00 1.000000000000e+00 1.000000000000e+00 1.000000000000e+00 1.000000000000e+00 1.000000000000e+00 1.000000000000e+00 1.000000000000e+00 1.000000000000e+00 1.000000000000e+00 1.000000000000e+00 1.000000000000e+00 1.000000000000e+00 1.000000000000e+00 1.000000000000e+00 1.000000000000e+00 1.000000000000e+00 1.000000000000e+00 1.000000000000e+00 1.000000000000e+00 1.000000000000e+00 1.000000000000e+00 1.000000000000e+00 1.000000000000e+00 1.000000000000e+00 1.000000000000e+00 1.000000000000e+00 1.000000000000e+00 1.000000000000e+00 1.000000000000e+00 1.000000000000e+00 1.000000000000e+00 1.000000000000e+00 1.000000000000e+00 1.000000000000e+00 1.000000000000e+00 1.000000000000e+00 1.000000000000e+00 1.000000000000e+00 1.000000000000e+00 1.000000000000e+00 1.000000000000e+00 1.000000000000e+00 1.000000000000e+00 1.000000000000e+00 1.000000000000e+00 1.000000000000e+00 1.000000000000e+00 1.000000000000e+00 1.000000000000e+00 1.000000000000e+00 1.000000000000e+00 1.000000000000e+00 1.000000000000e+00 1.000000000000e+00 1.000000000000e+00 1.000000000000e+00 1.000000000000e+00 1.000000000000e+00 1.000000000000e+00 1.000000000000e+00 1.000000000000e+00 1.000000000000e+00 1.000000000000e+00 1.000000000000e+00 1.000000000000e+00 1.000000000000e+00 1.000000000000e+00 1.000000000000e+00 1.000000000000e+00 1.000000000000e+00 1.000000000000e+00 1.000000000000e+00 1.000000000000e+00 1.000000000000e+00 1.000000000000e+00 1.000000000000e+00
8.408032778189e+01 6.709655077298e+01 5.368393696474e+01 4.306268776133e+01 3.462945154468e+01 2.791603288973e+01 2.255807700118e+01 1.827124559978e+01 1.483303694159e+01 1.206887150274e+01 9.841411408041e+00 8.042338672859e+00 6.586008523407e+00 5.404536755405e+00 4.443986918758e+00 3.661403334318e+00 3.022496365214e+00 2.499832000359e+00 2.071412376388e+00 1.719560123324e+00 1.430039421003e+00 1.191361929703e+00 1.000000000000e+00 1.000000000000e+00 1.000000000000e+00 1.000000000000e+00 1.000000000000e+00 1.000000000000e+00 1.000000000000e+00 1.000000000000e+00 1.000000000000e+00 1.000000000000e+00 1.000000000000e+00 1.000000000000e+00 1.000000000000e+00 1.000000000000e+00 1.000000000000e+00 1.000000000000e+00 1.000000000000e+00 1.000000000000e+00 1.000000000000e+00 1.000000000000e+00 1.000000000000e+00 1.000000000000e+00 1.000000000000e+00 1.000000000000e+00 1.000000000000e+00 1.000000000000e+00 1.000000000000e+00 1.000000000000e+00 1.000000000000e+00 1.000000000000e+00 1.000000000000e+00 1.000000000000e+00 1.000000000000e+00 1.000000000000e+00 1.000000000000e+00 1.000000000000e+00 1.000000000000e+00 1.000000000000e+00 1.000000000000e+00 1.000000000000e+00 1.000000000000e+00 1.000000000000e+00 1.000000000000e+00 1.000000000000e+00 1.000000000000e+00 1.000000000000e+00 1.000000000000e+00 1.000000000000e+00 1.000000000000e+00 1.000000000000e+00 1.000000000000e+00 1.000000000000e+00 1.000000000000e+00 1.000000000000e+00 1.000000000000e+00 1.000000000000e+00 1.000000000000e+00 1.000000000000e+00 1.000000000000e+00 1.000000000000e+00 1.000000000000e+00 1.000000000000e+00 1.000000000000e+00 1.000000000000e+00 1.000000000000e+00 1.000000000000e+00 1.000000000000e+00 1.000000000000e+00 1.000000000000e+00 1.000000000000e+00 1.000000000000e+00 1.000000000000e+00 1.000000000000e+00 1.000000000000e+00 1.000000000000e+00 1.000000000000e+00 1.000000000000e+00 1.000000000000e+00 1.000000000000e+00
1.075373417846e+02 8.582387000257e+01 6.867423004499e+01 5.509227834112e+01 4.430717464836e+01 3.572068158371e+01 2.886718997021e+01 2.338330283881e+01 1.898462210103e+01 1.544797957275e+01 1.259779586481e+01 1.029557836706e+01 8.431813400773e+00 6.919689634183e+00 5.690226143534e+00 4.688480857995e+00 3.870592226093e+00 3.201465185992e+00 2.652956647855e+00 2.202449219825e+00 1.831727447111e+00 1.526090340809e+00 1.273648912786e+00 1.064768904311e+00 1.000000000000e+00 1.000000000000e+00 1.000000000000e+00 1.000000000000e+00 1.000000000000e+00 1.000000000000e+00 1.000000000000e+00 1.000000000000e+00 1.000000000000e+00 1.000000000000e+00 1.000000000000e+00 1.000000000000e+00 1.000000000000e+00 1.000000000000e+00 1.000000000000e+00 1.000000000000e+00 1.000000000000e+00 1.000000000000e+00 1.000000000000e+00 1.000000000000e+00 1.000000000000e+00 1.000000000000e+00 1.000000000000e+00 1.000000000000e+00 1.000000000000e+00 1.000000000000e+00 1.000000000000e+00 1.000000000000e+00 1.000000000000e+00 1.000000000000e+00 1.000000000000e+00 1.000000000000e+00 1.000000000000e+00 1.000000000000e+00 1.000000000000e+00 1.000000000000e+00 1.000000000000e+00 1.000000000000e+00 1.000000000000e+00 1.000000000000e+00 1.000000000000e+00 1.000000000000e+00 1.000000000000e+00 1.000000000000e+00 1.000000000000e+00 1.000000000000e+00 1.000000000000e+00 1.000000000000e+00 1.000000000000e+00 1.000000000000e+00 1.000000000000e+00 1.000000000000e+00 1.000000000000e+00 1.000000000000e+00 1.000000000000e+00 1.000000000000e+00 1.000000000000e+00 1.000000000000e+00 1.000000000000e+00 1.000000000000e+00 1.000000000000e+00 1.000000000000e+00 1.000000000000e+00 1.000000000000e+00 1.000000000000e+00 1.000000000000e+00 1.000000000000e+00 1.000000000000e+00 1.000000000000e+00 1.000000000000e+00 1.000000000000e+00 1.000000000000e+00 1.000000000000e+00 1.000000000000e+00 1.000000000000e+00 1.000000000000e+00 1.000000000000e+00
1.388027533360e+02 1.107879779048e+02 8.865894110772e+01 7.113153707509e+01 5.721196048156e+01 4.612883471856e+01 3.728172137679e+01 3.020193616949e+01 2.452263953981e+01 1.995593889910e+01 1.627530782654e+01 1.330204920881e+01 1.089484309870e+01 8.941654345447e+00 7.353450491517e+00 6.059312211298e+00 5.002617846918e+00 4.138058606983e+00 3.429297830191e+00 2.847130900841e+00 2.368035305941e+00 1.973025459318e+00 1.646746171025e+00 1.376753425142e+00 1.152942511637e+00 1.000000000000e+00 1.000000000000e+00 1.000000000000e+00 1.000000000000e+00 1.000000000000e+00 1.000000000000e+00 1.000000000000e+00 1.000000000000e+00 1.000000000000e+00 1.000000000000e+00 1.000000000000e+00 1.000000000000e+00 1.000000000000e+00 1.000000000000e+00 1.000000000000e+00 1.000000000000e+00 1.000000000000e+00 1.000000000000e+00 1.000000000000e+00 1.000000000000e+00 1.000000000000e+00 1.000000000000e+00 1.000000000000e+00 1.000000000000e+00 1.000000000000e+00 1.000000000000e+00 1.000000000000e+00 1.000000000000e+00 1.000000000000e+00 1.000000000000e+00 1.000000000000e+00 1.000000000000e+00 1.000000000000e+00 1.000000000000e+00 1.000000000000e+00 1.000000000000e+00 1.000000000000e+00 1.000000000000e+00 1.000000000000e+00 1.000000000000e+00 1.000000000000e+00 1.000000000000e+00 1.000000000000e+00 1.000000000000e+00 1.000000000000e+00 1.000000000000e+00 1.000000000000e+00 1.000000000000e+00 1.000000000000e+00 1.000000000000e+00 1.000000000000e+00 1.000000000000e+00 1.000000000000e+00 1.000000000000e+00 1.000000000000e+00 1.000000000000e+00 1.000000000000e+00 1.000000000000e+00 1.000000000000e+00 1.000000000000e+00 1.000000000000e+00 1.000000000000e+00 1.000000000000e+00 1.000000000000e+00 1.000000000000e+00 1.000000000000e+00 1.000000000000e+00 1.000000000000e+00 1.000000000000e+00 1.000000000000e+00 1.000000000000e+00 1.000000000000e+00 1.000000000000e+00 1.000000000000e+00 1.000000000000e+00 1.000000000000e+00
1.808343577811e+02 1.443524713162e+02 1.155317040323e+02 9.270140123414e+01 7.456841218633e+01 6.012887483287e+01 4.860128072838e+01 3.937552956802e+01 3.197403627017e+01 2.602195126172e+01 2.122429246401e+01 1.734833494584e+01 1.421001172358e+01 1.166338347998e+01 9.592462888435e+00 7.904850453388e+00 6.526767792841e+00 5.399171781388e+00 4.474706853863e+00 3.715308914391e+00 3.090317078091e+00 2.574982160524e+00 2.149285870520e+00 1.797003893956e+00 1.504960864061e+00 1.262436643911e+00 1.060692190939e+00 1.000000000000e+00 1.000000000000e+00 1.000000000000e+00 1.000000000000e+00 1.000000000000e+00 1.000000000000e+00 1.000000000000e+00 1.000000000000e+00 1.000000000000e+00 1.000000000000e+00 1.000000000000e+00 1.000000000000e+00 1.000000000000e+00 1.000000000000e+00 1.000000000000e+00 1.000000000000e+00 1.000000000000e+00 1.000000000000e+00 1.000000000000e+00 1.000000000000e+00 1.000000000000e+00 1.000000000000e+00 1.000000000000e+00 1.000000000000e+00 1.000000000000e+00 1.000000000000e+00 1.000000000000e+00 1.000000000000e+00 1.000000000000e+00 1.000000000000e+00 1.000000000000e+00 1.000000000000e+00 1.000000000000e+00 1.000000000000e+00 1.000000000000e+00 1.000000000000e+00 1.000000000000e+00 1.000000000000e+00 1.000000000000e+00 1.000000000000e+00 1.000000000000e+00 1.000000000000e+00 1.000000000000e+00 1.000000000000e+00 1.000000000000e+00 1.000000000000e+00 1.000000000000e+00 1.000000000000e+00 1.000000000000e+00 1.000000000000e+00 1.000000000000e+00 1.000000000000e+00 1.000000000000e+00 1.000000000000e+00 1.000000000000e+00 1.000000000000e+00 1.000000000000e+00 1.000000000000e+00 1.000000000000e+00 1.000000000000e+00 1.000000000000e+00 1.000000000000e+00 1.000000000000e+00 1.000000000000e+00 1.000000000000e+00 1.000000000000e+00 1.000000000000e+00 1.000000000000e+00 1.000000000000e+00 1.000000000000e+00 1.000000000000e+00 1.000000000000e+00 1.000000000000e+00 1.000000000000e+00
2.378354533346e+02 1.898767440601e+02 1.519843423258e+02 1.219642042064e+02 9.811779674248e+01 7.912636931383e+01 6.396312665815e+01 5.182637074460e+01 4.208845135610e+01 3.425667211049e+01 2.794326536434e+01 2.284226687046e+01 1.871165519141e+01 1.535951978357e+01 1.263332050798e+01 1.041152587219e+01 8.597086530295e+00 7.112328465509e+00 5.894947218375e+00 4.894858200775e+00 4.071714287100e+00 3.392944781825e+00 2.832202737228e+00 2.368132846889e+00 1.983391586436e+00 1.663866284798e+00 1.398051426265e+00 1.176549495061e+00 1.000000000000e+00 1.000000000000e+00 1.000000000000e+00 1.000000000000e+00 1.000000000000e+00 1.000000000000e+00 1.000000000000e+00 1.000000000000e+00 1.000000000000e+00 1.000000000000e+00 1.000000000000e+00 1.000000000000e+00 1.000000000000e+00 1.000000000000e+00 1.000000000000e+00 1.000000000000e+00 1.000000000000e+00 1.000000000000e+00 1.000000000000e+00 1.000000000000e+00 1.000000000000e+00 1.000000000000e+00 1.000000000000e+00 1.000000000000e+00 1.000000000000e+00 1.000000000000e+00 1.000000000000e+00 1.000000000000e+00 1.000000000000e+00 1.000000000000e+00 1.000000000000e+00 1.000000000000e+00 1.000000000000e+00 1.000000000000e+00 1.000000000000e+00 1.000000000000e+00 1.000000000000e+00 1.000000000000e+00 1.000000000000e+00 1.000000000000e+00 1.000000000000e+00 1.000000000000e+00 1.000000000000e+00 1.000000000000e+00 1.000000000000e+00 1.000000000000e+00 1.000000000000e+00 1.000000000000e+00 1.000000000000e+00 1.000000000000e+00 1.000000000000e+00 1.000000000000e+00 1.000000000000e+00 1.000000000000e+00 1.000000000000e+00 1.000000000000e+00 1.000000000000e+00 1.000000000000e+00 1.000000000000e+00 1.000000000000e+00 1.000000000000e+00 1.000000000000e+00 1.000000000000e+00 1.000000000000e+00 1.000000000000e+00 1.000000000000e+00 1.000000000000e+00 1.000000000000e+00 1.000000000000e+00 1.000000000000e+00 1.000000000000e+00 1.000000000000e+00 1.000000000000e+00
3.158291538112e+02 2.521754111744e+02 2.018753198992e+02 1.620199003383e+02 1.303567803971e+02 1.051369309214e+02 8.499833030460e+01 6.887738813737e+01 5.594130092416e+01 4.553624082739e+01 3.714755687023e+01 3.036911702951e+01 2.487962633986e+01 2.042428402504e+01 1.680053821738e+01 1.384699409376e+01 1.143475532222e+01 9.460648091033e+00 7.841905391417e+00 6.511986830628e+00 5.417283650787e+00 4.514515489804e+00 3.768668991821e+00 3.151361847824e+00 2.639541627483e+00 2.214448667970e+00 1.860787690973e+00 1.566064770797e+00 1.320055570357e+00 1.114378005616e+00 1.000000000000e+00 1.000000000000e+00 1.000000000000e+00 1.000000000000e+00 1.000000000000e+00 1.000000000000e+00 1.000000000000e+00 1.000000000000e+00 1.000000000000e+00 1.000000000000e+00 1.000000000000e+00 1.000000000000e+00 1.000000000000e+00 1.000000000000e+00 1.000000000000e+00 1.000000000000e+00 1.000000000000e+00 1.000000000000e+00 1.000000000000e+00 1.000000000000e+00 1.000000000000e+00 1.000000000000e+00 1.000000000000e+00 1.000000000000e+00 1.000000000000e+00 1.000000000000e+00 1.000000000000e+00 1.000000000000e+00 1.000000000000e+00 1.000000000000e+00 1.000000000000e+00 1.000000000000e+00 1.000000000000e+00 1.000000000000e+00 1.000000000000e+00 1.000000000000e+00 1.000000000000e+00 1.000000000000e+00 1.000000000000e+00 1.000000000000e+00 1.000000000000e+00 1.000000000000e+00 1.000000000000e+00 1.000000000000e+00 1.000000000000e+00 1.000000000000e+00 1.000000000000e+00 1.000000000000e+00 1.000000000000e+00 1.000000000000e+00 1.000000000000e+00 1.000000000000e+00 1.000000000000e+00 1.000000000000e+00 1.000000000000e+00 1.000000000000e+00 1.000000000000e+00 1.000000000000e+00 1.000000000000e+00 1.000000000000e+00 1.000000000000e+00 1.000000000000e+00 1.000000000000e+00 1.000000000000e+00 1.000000000000e+00 1.000000000000e+00 1.000000000000e+00 1.000000000000e+00 1.000000000000e+00 1.000000000000e+00 1.000000000000e+00
4.235196326375e+02 3.382074036213e+02 2.707824905995e+02 2.173505437751e+02 1.748957100165e+02 1.410757024451e+02 1.140662163324e+02 9.244244595003e+01 7.508858382173e+01 6.112849021032e+01 4.987242754237e+01 4.077602177889e+01 3.340855667368e+01 2.742841213228e+01 2.256398644708e+01 1.859883950019e+01 1.536009356241e+01 1.270935478776e+01 1.053559021408e+01 8.749525633810e+00 7.279229228295e+00 6.066621939407e+00 5.064713860257e+00 4.235410728086e+00 3.547769112956e+00 2.976605544682e+00 2.501385448609e+00 2.105333766396e+00 1.774721586028e+00 1.498292808606e+00 1.266802460432e+00 1.072644194786e+00 1.000000000000e+00 1.000000000000e+00 1.000000000000e+00 1.000000000000e+00 1.000000000000e+00 1.000000000000e+00 1.000000000000e+00 1.000000000000e+00 1.000000000000e+00 1.000000000000e+00 1.000000000000e+00 1.000000000000e+00 1.000000000000e+00 1.000000000000e+00 1.000000000000e+00 1.000000000000e+00 1.000000000000e+00 1.000000000000e+00 1.000000000000e+00 1.000000000000e+00 1.000000000000e+00 1.000000000000e+00 1.000000000000e+00 1.000000000000e+00 1.000000000000e+00 1.000000000000e+00 1.000000000000e+00 1.000000000000e+00 1.000000000000e+00 1.000000000000e+00 1.000000000000e+00 1.000000000000e+00 1.000000000000e+00 1.000000000000e+00 1.000000000000e+00 1.000000000000e+00 1.000000000000e+00 1.000000000000e+00 1.000000000000e+00 1.000000000000e+00 1.000000000000e+00 1.000000000000e+00 1.000000000000e+00 1.000000000000e+00 1.000000000000e+00 1.000000000000e+00 1.000000000000e+00 1.000000000000e+00 1.000000000000e+00 1.000000000000e+00 1.000000000000e+00 1.000000000000e+00 1.000000000000e+00 1.000000000000e+00 1.000000000000e+00 1.000000000000e+00 1.000000000000e+00 1.000000000000e+00 1.000000000000e+00 1.000000000000e+00 1.000000000000e+00 1.000000000000e+00 1.000000000000e+00 1.000000000000e+00 1.000000000000e+00 1.000000000000e+00 1.000000000000e+00 1.000000000000e+00 1.000000000000e+00
5.735943983230e+02 4.581181629719e+02 3.668392554953e+02 2.944927956291e+02 2.370008049875e+02 1.911955183030e+02 1.546092738977e+02 1.253144735631e+02 1.018013145825e+02 8.288410474885e+01 6.762927204592e+01 5.529988939363e+01 4.531280789637e+01 3.720544342167e+01 3.060997451514e+01 2.523324586433e+01 2.084107585667e+01 1.724597254208e+01 1.429749419028e+01 1.187466696473e+01 9.880006689905e+00 8.234794484163e+00 6.875334825943e+00 5.749985174792e+00 4.816792920303e+00 4.041611462059e+00 3.396595117597e+00 2.858994201829e+00 2.410188458766e+00 2.034910153137e+00 1.720618386447e+00 1.456994234192e+00 1.235532604708e+00 1.049211677844e+00 1.000000000000e+00 1.000000000000e+00 1.000000000000e+00 1.000000000000e+00 1.000000000000e+00 1.000000000000e+00 1.000000000000e+00 1.000000000000e+00 1.000000000000e+00 1.000000000000e+00 1.000000000000e+00 1.000000000000e+00 1.000000000000e+00 1.000000000000e+00 1.000000000000e+00 1.000000000000e+00 1.000000000000e+00 1.000000000000e+00 1.000000000000e+00 1.000000000000e+00 1.000000000000e+00 1.000000000000e+00 1.000000000000e+00 1.000000000000e+00 1.000000000000e+00 1.000000000000e+00 1.000000000000e+00 1.000000000000e+00 1.000000000000e+00 1.000000000000e+00 1.000000000000e+00 1.000000000000e+00 1.000000000000e+00 1.000000000000e+00 1.000000000000e+00 1.000000000000e+00 1.000000000000e+00 1.000000000000e+00 1.000000000000e+00 1.000000000000e+00 1.000000000000e+00 1.000000000000e+00 1.000000000000e+00 1.000000000000e+00 1.000000000000e+00 1.000000000000e+00 1.000000000000e+00 1.000000000000e+00 1.000000000000e+00 1.000000000000e+00 1.000000000000e+00 1.000000000000e+00 1.000000000000e+00 1.000000000000e+00 1.000000000000e+00 1.000000000000e+00 1.000000000000e+00 1.000000000000e+00 1.000000000000e+00 1.000000000000e+00 1.000000000000e+00 1.000000000000e+00 1.000000000000e+00 1.000000000000e+00 1.000000000000e+00 1.000000000000e+00 1.000000000000e+00
7.847101246736e+02 6.268292419479e+02 5.020101880675e+02 4.030641057124e+02 3.244216593971e+02 2.617557655669e+02 2.116950369093e+02 1.716054637246e+02 1.394235857030e+02 1.135286368136e+02 9.264427774672e+01 7.576285681315e+01 6.208687392530e+01 5.098361828993e+01 4.194992218937e+01 3.458470401355e+01 2.856752488664e+01 2.364180014066e+01 1.960162311951e+01 1.628139932367e+01 1.354767234570e+01 1.129266331968e+01 9.429153150807e+00 7.886419451581e+00 6.607003805542e+00 5.544134179577e+00 4.659665402523e+00 3.922430196210e+00 3.306916248085e+00 2.792202750812e+00 2.361103851126e+00 1.999477428445e+00 1.695666240664e+00 1.440045252419e+00 1.224654303739e+00 1.042899496772e+00 1.000000000000e+00 1.000000000000e+00 1.000000000000e+00 1.000000000000e+00 1.000000000000e+00 1.000000000000e+00 1.000000000000e+00 1.000000000000e+00 1.000000000000e+00 1.000000000000e+00 1.000000000000e+00 1.000000000000e+00 1.000000000000e+00 1.000000000000e+00 1.000000000000e+00 1.000000000000e+00 1.000000000000e+00 1.000000000000e+00 1.000000000000e+00 1.000000000000e+00 1.000000000000e+00 1.000000000000e+00 1.000000000000e+00 1.000000000000e+00 1.000000000000e+00 1.000000000000e+00 1.000000000000e+00 1.000000000000e+00 1.000000000000e+00 1.000000000000e+00 1.000000000000e+00 1.000000000000e+00 1.000000000000e+00 1.000000000000e+00 1.000000000000e+00 1.000000000000e+00 1.000000000000e+00 1.000000000000e+00 1.000000000000e+00 1.000000000000e+00 1.000000000000e+00 1.000000000000e+00 1.000000000000e+00 1.000000000000e+00 1.000000000000e+00 1.000000000000e+00 1.000000000000e+00 1.000000000000e+00 1.000000000000e+00 1.000000000000e+00 1.000000000000e+00 1.000000000000e+00 1.000000000000e+00 1.000000000000e+00 1.000000000000e+00 1.000000000000e+00 1.000000000000e+00 1.000000000000e+00 1.000000000000e+00 1.000000000000e+00 1.000000000000e+00 1.000000000000e+00 1.000000000000e+00 1.000000000000e+00 1.000000000000e+00
1.084546926287e+03 8.664837681294e+02 6.940539386872e+02 5.573421382346e+02 4.486651531320e+02 3.620522893911e+02 2.928506350544e+02 2.374242472750e+02 1.929242320197e+02 1.571124961060e+02 1.282262561102e+02 1.048735875497e+02 8.595268228414e+01 7.058926507598e+01 5.808795750189e+01 4.789438331938e+01 3.956556826818e+01 3.274676142951e+01 2.715324086093e+01 2.255599761240e+01 1.877044501908e+01 1.564749350924e+01 1.306647942532e+01 1.092955033434e+01 9.157197145927e+00 7.684691222251e+00 6.459237222479e+00 5.437693224237e+00 4.584741410503e+00 3.871417367412e+00 3.273925388883e+00 2.772682341666e+00 2.351544543545e+00 1.997181468436e+00 1.698567471734e+00 1.446568558903e+00 1.233605834714e+00 1.053380930455e+00 1.000000000000e+00 1.000000000000e+00 1.000000000000e+00 1.000000000000e+00 1.000000000000e+00 1.000000000000e+00 1.000000000000e+00 1.000000000000e+00 1.000000000000e+00 1.000000000000e+00 1.000000000000e+00 1.000000000000e+00 1.000000000000e+00 1.000000000000e+00 1.000000000000e+00 1.000000000000e+00 1.000000000000e+00 1.000000000000e+00 1.000000000000e+00 1.000000000000e+00 1.000000000000e+00 1.000000000000e+00 1.000000000000e+00 1.000000000000e+00 1.000000000000e+00 1.000000000000e+00 1.000000000000e+00 1.000000000000e+00 1.000000000000e+00 1.000000000000e+00 1.000000000000e+00 1.000000000000e+00 1.000000000000e+00 1.000000000000e+00 1.000000000000e+00 1.000000000000e+00 1.000000000000e+00 1.000000000000e+00 1.000000000000e+00 1.000000000000e+00 1.000000000000e+00 1.000000000000e+00 1.000000000000e+00 1.000000000000e+00 1.000000000000e+00 1.000000000000e+00 1.000000000000e+00 1.000000000000e+00 1.000000000000e+00 1.000000000000e+00 1.000000000000e+00 1.000000000000e+00 1.000000000000e+00 1.000000000000e+00 1.000000000000e+00 1.000000000000e+00 1.000000000000e+00 1.000000000000e+00 1.000000000000e+00 1.000000000000e+00 1.000000000000e+00 1.000000000000e+00 1.000000000000e+00
1.514547131451e+03 1.210241637937e+03 9.695703040565e+02 7.787171556737e+02 6.269739257881e+02 5.060172701484e+02 4.093594851078e+02 3.319298124320e+02 2.697543369638e+02 2.197105488186e+02 1.793386181687e+02 1.466958730953e+02 1.202442835348e+02 9.876323198839e+01 8.128171043133e+01 6.702548144561e+01 5.537579700657e+01 4.583706703780e+01 3.801147595320e+01 3.157900662007e+01 2.628168308176e+01 2.191111258815e+01 1.829861396192e+01 1.530737809707e+01 1.282622877336e+01 1.076464654264e+01 9.048791698045e+00 7.618319213928e+00 6.423822806761e+00 5.424779791576e+00 4.587895397496e+00 3.885766350393e+00 3.295800132311e+00 2.799339389587e+00 2.380951260654e+00 2.027849531515e+00 1.729423968626e+00 1.476856288797e+00 1.262806286935e+00 1.081154876451e+00 1.000000000000e+00 1.000000000000e+00 1.000000000000e+00 1.000000000000e+00 1.000000000000e+00 1.000000000000e+00 1.000000000000e+00 1.000000000000e+00 1.000000000000e+00 1.000000000000e+00 1.000000000000e+00 1.000000000000e+00 1.000000000000e+00 1.000000000000e+00 1.000000000000e+00 1.000000000000e+00 1.000000000000e+00 1.000000000000e+00 1.000000000000e+00 1.000000000000e+00 1.000000000000e+00 1.000000000000e+00 1.000000000000e+00 1.000000000000e+00 1.000000000000e+00 1.000000000000e+00 1.000000000000e+00 1.000000000000e+00 1.000000000000e+00 1.000000000000e+00 1.000000000000e+00 1.000000000000e+00 1.000000000000e+00 1.000000000000e+00 1.000000000000e+00 1.000000000000e+00 1.000000000000e+00 1.000000000000e+00 1.000000000000e+00 1.000000000000e+00 1.000000000000e+00 1.000000000000e+00 1.000000000000e+00 1.000000000000e+00 1.000000000000e+00 1.000000000000e+00 1.000000000000e+00 1.000000000000e+00 1.000000000000e+00 1.000000000000e+00 1.000000000000e+00 1.000000000000e+00 1.000000000000e+00 1.000000000000e+00 1.000000000000e+00 1.000000000000e+00 1.000000000000e+00 1.000000000000e+00 1.000000000000e+00 1.000000000000e+00 1.000000000000e+00
2.137333173605e+03 1.708222060188e+03 1.368772656550e+03 1.099534038718e+03 8.854267288327e+02 7.147269065287e+02 5.782942281445e+02 4.689830573619e+02 3.811922140082e+02 3.105196540963e+02 2.534968747688e+02 2.073840695283e+02 1.700117074704e+02 1.396576881028e+02 1.149518332973e+02 9.480144231949e+01 7.833311867832e+01 6.484719996745e+01 5.378197388224e+01 4.468551210028e+01 3.719344864204e+01 3.101140804141e+01 2.590107919057e+01 2.166915417426e+01 1.815852369251e+01 1.524125382843e+01 1.281297208086e+01 1.078837069553e+01 9.097597686011e+00 7.683354583200e+00 6.498557988061e+00 5.504451807215e+00 4.669080455731e+00 3.966051729822e+00 3.373532576420e+00 2.873432463580e+00 2.450738142925e+00 2.092970804810e+00 1.789742357547e+00 1.532392126156e+00 1.313688907797e+00 1.127586232275e+00 1.000000000000e+00 1.000000000000e+00 1.000000000000e+00 1.000000000000e+00 1.000000000000e+00 1.000000000000e+00 1.000000000000e+00 1.000000000000e+00 1.000000000000e+00 1.000000000000e+00 1.000000000000e+00 1.000000000000e+00 1.000000000000e+00 1.000000000000e+00 1.000000000000e+00 1.000000000000e+00 1.000000000000e+00 1.000000000000e+00 1.000000000000e+00 1.000000000000e+00 1.000000000000e+00 1.000000000000e+00 1.000000000000e+00 1.000000000000e+00 1.000000000000e+00 1.000000000000e+00 1.000000000000e+00 1.000000000000e+00 1.000000000000e+00 1.000000000000e+00 1.000000000000e+00 1.000000000000e+00 1.000000000000e+00 1.000000000000e+00 1.000000000000e+00 1.000000000000e+00 1.000000000000e+00 1.000000000000e+00 1.000000000000e+00 1.000000000000e+00 1.000000000000e+00 1.000000000000e+00 1.000000000000e+00 1.000000000000e+00 1.000000000000e+00 1.000000000000e+00 1.000000000000e+00 1.000000000000e+00 1.000000000000e+00 1.000000000000e+00 1.000000000000e+00 1.000000000000e+00 1.000000000000e+00 1.000000000000e+00 1.000000000000e+00 1.000000000000e+00 1.000000000000e+00 1.000000000000e+00 1.000000000000e+00
3.048424627758e+03 2.436893071112e+03 1.953030842512e+03 1.569166374950e+03 1.263841296190e+03 1.020368078955e+03 8.257332448907e+02 6.697608259844e+02 5.444724468067e+02 4.435964003512e+02 3.621899615991e+02 2.963480137526e+02 2.429776515064e+02 1.996233576647e+02 1.643310518043e+02 1.355420972288e+02 1.120104572277e+02 9.273778539040e+01 7.692244483021e+01 6.391937250387e+01 5.320840813706e+01 4.436924558672e+01 3.706157754936e+01 3.100932230166e+01 2.598806622723e+01 2.181504533753e+01 1.834113580579e+01 1.544443756594e+01 1.302512380593e+01 1.100129845693e+01 9.305657952052e+00 7.882795985008e+00 6.687023345418e+00 5.680601153420e+00 4.832306517039e+00 4.116265995873e+00 3.511005210504e+00 2.998673217130e+00 2.564408439819e+00 2.195819462702e+00 1.882559179629e+00 1.615974952403e+00 1.388820755566e+00 1.195019955215e+00 1.029469515096e+00 1.000000000000e+00 1.000000000000e+00 1.000000000000e+00 1.000000000000e+00 1.000000000000e+00 1.000000000000e+00 1.000000000000e+00 1.000000000000e+00 1.000000000000e+00 1.000000000000e+00 1.000000000000e+00 1.000000000000e+00 1.000000000000e+00 1.000000000000e+00 1.000000000000e+00 1.000000000000e+00 1.000000000000e+00 1.000000000000e+00 1.000000000000e+00 1.000000000000e+00 1.000000000000e+00 1.000000000000e+00 1.000000000000e+00 1.000000000000e+00 1.000000000000e+00 1.000000000000e+00 1.000000000000e+00 1.000000000000e+00 1.000000000000e+00 1.000000000000e+00 1.000000000000e+00 1.000000000000e+00 1.000000000000e+00 1.000000000000e+00 1.000000000000e+00 1.000000000000e+00 1.000000000000e+00 1.000000000000e+00 1.000000000000e+00 1.000000000000e+00 1.000000000000e+00 1.000000000000e+00 1.000000000000e+00 1.000000000000e+00 1.000000000000e+00 1.000000000000e+00 1.000000000000e+00 1.000000000000e+00 1.000000000000e+00 1.000000000000e+00 1.000000000000e+00 1.000000000000e+00 1.000000000000e+00 1.000000000000e+00 1.000000000000e+00 1.000000000000e+00
4.394916803907e+03 3.514044704055e+03 2.816903435941e+03 2.263708657734e+03 1.823599964004e+03 1.472571441114e+03 1.191897464685e+03 9.669316362425e+02 7.861877242237e+02 6.406343745918e+02 5.231523446313e+02 4.281156559675e+02 3.510675002488e+02 2.884687971608e+02 2.375026109954e+02 1.959216287099e+02 1.619289212138e+02 1.340844961914e+02 1.112318874879e+02 9.244034875301e+01 7.695922902953e+01 6.418188122999e+01 5.361704795991e+01 4.486612585156e+01 3.760506186755e+01 3.156990744866e+01 2.654526752862e+01 2.235504548167e+01 1.885501280874e+01 1.592683206247e+01 1.347323949180e+01 1.141415501399e+01 9.683535142334e+00 8.226822300487e+00 6.998873775204e+00 5.962277131625e+00 5.085977585720e+00 4.344157645450e+00 3.715321113898e+00 3.181542933621e+00 2.727853842971e+00 2.341734805585e+00 2.012700973024e+00 1.731958791711e+00 1.492122961317e+00 1.286982445004e+00 1.111306743314e+00 1.000000000000e+00 1.000000000000e+00 1.000000000000e+00 1.000000000000e+00 1.000000000000e+00 1.000000000000e+00 1.000000000000e+00 1.000000000000e+00 1.000000000000e+00 1.000000000000e+00 1.000000000000e+00 1.000000000000e+00 1.000000000000e+00 1.000000000000e+00 1.000000000000e+00 1.000000000000e+00 1.000000000000e+00 1.000000000000e+00 1.000000000000e+00 1.000000000000e+00 1.000000000000e+00 1.000000000000e+00 1.000000000000e+00 1.000000000000e+00 1.000000000000e+00 1.000000000000e+00 1.000000000000e+00 1.000000000000e+00 1.000000000000e+00 1.000000000000e+00 1.000000000000e+00 1.000000000000e+00 1.000000000000e+00 1.000000000000e+00 1.000000000000e+00 1.000000000000e+00 1.000000000000e+00 1.000000000000e+00 1.000000000000e+00 1.000000000000e+00 1.000000000000e+00 1.000000000000e+00 1.000000000000e+00 1.000000000000e+00 1.000000000000e+00 1.000000000000e+00 1.000000000000e+00 1.000000000000e+00 1.000000000000e+00 1.000000000000e+00 1.000000000000e+00 1.000000000000e+00 1.000000000000e+00 1.000000000000e+00
6.405536420002e+03 5.122890937866e+03 4.107512432250e+03 3.301588101558e+03 2.660258860842e+03 2.148618842165e+03 1.739432082903e+03 1.411389802757e+03 1.147776399754e+03 9.354453882659e+02 7.640310635340e+02 6.253399638263e+02 5.128798579465e+02 4.214942154485e+02 3.470778021613e+02 2.863548341081e+02 2.367054981926e+02 1.960299632220e+02 1.626415236910e+02 1.351824377003e+02 1.125574861712e+02 9.388140306633e+01 7.843718819696e+01 6.564297758582e+01 5.502565822317e+01 4.619980996153e+01 3.885086424196e+01 3.272160787241e+01 2.760134586441e+01 2.331718236377e+01 1.972699217699e+01 1.671374435864e+01 1.418090922732e+01 1.204873521727e+01 1.025122540042e+01 8.733677847212e+00 7.450681194511e+00 6.364478377967e+00 5.443628656261e+00 4.661911735525e+00 3.997428723492e+00 3.431863377387e+00 2.949874107636e+00 2.538592816394e+00 2.187211166178e+00 1.886638511431e+00 1.629218660694e+00 1.408495008826e+00 1.219015498700e+00 1.056170428502e+00 1.000000000000e+00 1.000000000000e+00 1.000000000000e+00 1.000000000000e+00 1.000000000000e+00 1.000000000000e+00 1.000000000000e+00 1.000000000000e+00 1.000000000000e+00 1.000000000000e+00 1.000000000000e+00 1.000000000000e+00 1.000000000000e+00 1.000000000000e+00 1.000000000000e+00 1.000000000000e+00 1.000000000000e+00 1.000000000000e+00 1.000000000000e+00 1.000000000000e+00 1.000000000000e+00 1.000000000000e+00 1.000000000000e+00 1.000000000000e+00 1.000000000000e+00 1.000000000000e+00 1.000000000000e+00 1.000000000000e+00 1.000000000000e+00 1.000000000000e+00 1.000000000000e+00 1.000000000000e+00 1.000000000000e+00 1.000000000000e+00 1.000000000000e+00 1.000000000000e+00 1.000000000000e+00 1.000000000000e+00 1.000000000000e+00 1.000000000000e+00 1.000000000000e+00 1.000000000000e+00 1.000000000000e+00 1.000000000000e+00 1.000000000000e+00 1.000000000000e+00 1.000000000000e+00 1.000000000000e+00 1.000000000000e+00 1.000000000000e+00 1.000000000000e+00
9.439465427538e+03 7.551237294349e+03 6.056040431422e+03 4.868953635769e+03 3.924060854035e+03 3.170054474407e+03 2.566888147039e+03 2.083221058696e+03 1.694460856679e+03 1.381260732608e+03 1.128362055272e+03 9.237006676276e+02 7.577149316610e+02 6.228085694301e+02 5.129325959629e+02 4.232591176672e+02 3.499261784041e+02 2.898376930442e+02 2.405062004983e+02 1.999289820413e+02 1.664902408223e+02 1.388836855922e+02 1.160511267308e+02 9.713366666364e+01 8.143281852821e+01 6.837946857647e+01 5.750904885718e+01 4.844163733260e+01 4.086597573797e+01 3.452660877889e+01 2.921351516830e+01 2.475373190066e+01 2.100457603364e+01 1.784814926573e+01 1.518687453674e+01 1.293986443852e+01 1.103996128590e+01 9.431320502974e+00 8.067434279685e+00 6.909512615250e+00 5.925154963626e+00 5.087258572753e+00 4.373119928268e+00 3.763693995956e+00 3.242982618729e+00 2.797528790179e+00 2.415997856912e+00 2.088830201950e+00 1.807952795055e+00 1.566539293765e+00 1.358810245277e+00 1.179866457616e+00 1.025549845564e+00 1.000000000000e+00 1.000000000000e+00 1.000000000000e+00 1.000000000000e+00 1.000000000000e+00 1.000000000000e+00 1.000000000000e+00 1.000000000000e+00 1.000000000000e+00 1.000000000000e+00 1.000000000000e+00 1.000000000000e+00 1.000000000000e+00 1.000000000000e+00 1.000000000000e+00 1.000000000000e+00 1.000000000000e+00 1.000000000000e+00 1.000000000000e+00 1.000000000000e+00 1.000000000000e+00 1.000000000000e+00 1.000000000000e+00 1.000000000000e+00 1.000000000000e+00 1.000000000000e+00 1.000000000000e+00 1.000000000000e+00 1.000000000000e+00 1.000000000000e+00 1.000000000000e+00 1.000000000000e+00 1.000000000000e+00 1.000000000000e+00 1.000000000000e+00 1.000000000000e+00 1.000000000000e+00 1.000000000000e+00 1.000000000000e+00 1.000000000000e+00 1.000000000000e+00 1.000000000000e+00 1.000000000000e+00 1.000000000000e+00 1.000000000000e+00 1.000000000000e+00 1.000000000000e+00 1.000000000000e+00
1.406642165320e+04 1.125575065107e+04 9.029435103372e+03 7.261369606141e+03 5.853634355912e+03 4.729983508672e+03 3.830885673759e+03 3.109735463843e+03 2.529951243879e+03 2.062745493061e+03 1.685407149690e+03 1.379974777142e+03 1.132208894053e+03 9.307939339144e+02 7.667169343468e+02 6.327826010325e+02 5.232338780720e+02 4.334543505821e+02 3.597342755445e+02 2.990862074115e+02 2.490993728913e+02 2.078243924235e+02 1.736818228678e+02 1.453894415987e+02 1.219043083640e+02 1.023765050877e+02 8.611212390188e+01 7.254359471882e+01 6.120584969419e+01 5.171713906005e+01 4.376356104386e+01 3.708656331550e+01 3.147282648000e+01 2.674606071888e+01 2.276034186828e+01 1.939468850955e+01 1.654864131519e+01 1.413865327342e+01 1.209513711028e+01 1.036004627545e+01 8.884889853868e+00 7.629100962238e+00 6.558693576626e+00 5.645155091346e+00 4.864531846004e+00 4.196672863550e+00 3.624603503527e+00 3.134005958057e+00 2.712787747735e+00 2.350722804960e+00 2.039152518901e+00 1.770736383558e+00 1.539243737894e+00 1.339379594869e+00 1.166638788543e+00 1.017183677259e+00 1.000000000000e+00 1.000000000000e+00 1.000000000000e+00 1.000000000000e+00 1.000000000000e+00 1.000000000000e+00 1.000000000000e+00 1.000000000000e+00 1.000000000000e+00 1.000000000000e+00 1.000000000000e+00 1.000000000000e+00 1.000000000000e+00 1.000000000000e+00 1.000000000000e+00 1.000000000000e+00 1.000000000000e+00 1.000000000000e+00 1.000000000000e+00 1.000000000000e+00 1.000000000000e+00 1.000000000000e+00 1.000000000000e+00 1.000000000000e+00 1.000000000000e+00 1.000000000000e+00 1.000000000000e+00 1.000000000000e+00 1.000000000000e+00 1.000000000000e+00 1.000000000000e+00 1.000000000000e+00 1.000000000000e+00 1.000000000000e+00 1.000000000000e+00 1.000000000000e+00 1.000000000000e+00 1.000000000000e+00 1.000000000000e+00 1.000000000000e+00 1.000000000000e+00 1.000000000000e+00 1.000000000000e+00 1.000000000000e+00 1.000000000000e+00
2.119930074488e+04 1.696846217309e+04 1.361612772064e+04 1.095296715237e+04 8.831907342258e+03 7.138384334547e+03 5.782915265856e+03 4.695421538835e+03 3.820877953035e+03 3.115968722663e+03 2.546510287936e+03 2.085459724534e+03 1.711371610827e+03 1.407199262339e+03 1.159361108365e+03 9.570117465438e+02 7.914714056753e+02 6.557783161272e+02 5.443366793319e+02 4.526391762894e+02 3.770477332087e+02 3.146199257067e+02 2.629712185252e+02 2.201654070458e+02 1.846273023488e+02 1.550729986759e+02 1.304540687176e+02 1.099128150214e+02 9.274631610374e+01 7.837748264314e+01 6.633171245390e+01 5.621802586891e+01 4.771379349549e+01 4.055234980175e+01 3.451292929053e+01 2.941247538985e+01 2.509896205975e+01 2.144593949644e+01 1.834807211755e+01 1.571748230012e+01 1.348074951708e+01 1.157644346426e+01 9.953092975655e+00 8.567511159784e+00 7.383412181505e+00 6.370267194684e+00 5.502356682783e+00 4.757984349297e+00 4.118824085674e+00 3.569376724307e+00 3.096517492805e+00 2.689118510417e+00 2.337733458662e+00 2.034333836422e+00 1.772088072168e+00 1.545176290636e+00 1.348634781298e+00 1.178225242318e+00 1.030324717504e+00 1.000000000000e+00 1.000000000000e+00 1.000000000000e+00 1.000000000000e+00 1.000000000000e+00 1.000000000000e+00 1.000000000000e+00 1.000000000000e+00 1.000000000000e+00 1.000000000000e+00 1.000000000000e+00 1.000000000000e+00 1.000000000000e+00 1.000000000000e+00 1.000000000000e+00 1.000000000000e+00 1.000000000000e+00 1.000000000000e+00 1.000000000000e+00 1.000000000000e+00 1.000000000000e+00 1.000000000000e+00 1.000000000000e+00 1.000000000000e+00 1.000000000000e+00 1.000000000000e+00 1.000000000000e+00 1.000000000000e+00 1.000000000000e+00 1.000000000000e+00 1.000000000000e+00 1.000000000000e+00 1.000000000000e+00 1.000000000000e+00 1.000000000000e+00 1.000000000000e+00 1.000000000000e+00 1.000000000000e+00 1.000000000000e+00 1.000000000000e+00 1.000000000000e+00 1.000000000000e+00
3.231607679010e+04 2.587502958011e+04 2.076957639441e+04 1.671229781699e+04 1.347982499732e+04 1.089808866635e+04 8.831072514687e+03 7.172213601200e+03 5.837808114155e+03 4.761940768524e+03 3.892575137451e+03 3.188531032011e+03 2.617141519822e+03 2.152432073761e+03 1.773701907319e+03 1.464415911849e+03 1.211337078681e+03 1.003845584398e+03 8.334031197831e+02 6.931305069013e+02 5.774738892349e+02 4.819403331651e+02 4.028879491239e+02 3.373589320205e+02 2.829464635353e+02 2.376883883486e+02 1.999821052168e+02 1.685163033285e+02 1.422161019549e+02 1.201988763374e+02 1.017386205294e+02 8.623714355950e+01 7.320074580266e+01 6.222129871687e+01 5.296086929766e+01 4.513920327048e+01 3.852351795334e+01 3.292016449274e+01 2.816780575334e+01 2.413182518489e+01 2.069973715042e+01 1.777741335016e+01 1.528597537574e+01 1.315923186487e+01 1.134156160602e+01 9.786162383945e+00 8.453600245937e+00 7.310605908796e+00 6.329074780156e+00 5.485234980482e+00 4.758954182402e+00 4.133161317455e+00 3.593363466256e+00 3.127241730738e+00 2.724312734454e+00 2.375644728327e+00 2.073619190972e+00 1.811730382556e+00 1.584416602027e+00 1.386917960616e+00 1.215156361030e+00 1.065634095580e+00 1.000000000000e+00 1.000000000000e+00 1.000000000000e+00 1.000000000000e+00 1.000000000000e+00 1.000000000000e+00 1.000000000000e+00 1.000000000000e+00 1.000000000000e+00 1.000000000000e+00 1.000000000000e+00 1.000000000000e+00 1.000000000000e+00 1.000000000000e+00 1.000000000000e+00 1.000000000000e+00 1.000000000000e+00 1.000000000000e+00 1.000000000000e+00 1.000000000000e+00 1.000000000000e+00 1.000000000000e+00 1.000000000000e+00 1.000000000000e+00 1.000000000000e+00 1.000000000000e+00 1.000000000000e+00 1.000000000000e+00 1.000000000000e+00 1.000000000000e+00 1.000000000000e+00 1.000000000000e+00 1.000000000000e+00 1.000000000000e+00 1.000000000000e+00 1.000000000000e+00 1.000000000000e+00 1.000000000000e+00 1.000000000000e+00
4.983479775904e+04 3.991615489450e+04 3.205110746982e+04 2.579842993411e+04 2.081505507465e+04 1.683350898228e+04 1.364469635011e+04 1.108472988064e+04 9.024825413192e+03 7.363527759183e+03 6.020713452804e+03 4.932951964026e+03 4.049908291288e+03 3.331545996885e+03 2.745947107791e+03 2.267608633419e+03 1.876108271271e+03 1.555056797590e+03 1.291273621385e+03 1.074136472084e+03 8.950672836655e+02 7.471248501285e+02 6.246813750927e+02 5.231650876170e+02 4.388549992718e+02 3.687169014676e+02 3.102720503819e+02 2.614918146413e+02 2.207129867671e+02 1.865695741136e+02 1.579377584041e+02 1.338913987008e+02 1.136659921786e+02 9.662943244750e+01 8.225824122202e+01 7.011821515074e+01 5.984864060542e+01 5.114939689488e+01 4.377040185947e+01 3.750296028385e+01 3.217266065887e+01 2.763353394765e+01 2.376324264732e+01 2.045911233367e+01 1.763485320405e+01 1.521784761427e+01 1.314690260439e+01 1.137038501166e+01 9.844671840350e+00 8.532860789678e+00 7.403695780959e+00 6.430670417746e+00 5.591278909702e+00 4.866389377868e+00 4.239718863898e+00 3.697392973246e+00 3.227576040703e+00 2.820160136519e+00 2.466503229657e+00 2.159208470587e+00 1.891937913385e+00 1.659255117809e+00 1.456491999029e+00 1.279636060160e+00 1.125234779154e+00 1.000000000000e+00 1.000000000000e+00 1.000000000000e+00 1.000000000000e+00 1.000000000000e+00 1.000000000000e+00 1.000000000000e+00 1.000000000000e+00 1.000000000000e+00 1.000000000000e+00 1.000000000000e+00 1.000000000000e+00 1.000000000000e+00 1.000000000000e+00 1.000000000000e+00 1.000000000000e+00 1.000000000000e+00 1.000000000000e+00 1.000000000000e+00 1.000000000000e+00 1.000000000000e+00 1.000000000000e+00 1.000000000000e+00 1.000000000000e+00 1.000000000000e+00 1.000000000000e+00 1.000000000000e+00 1.000000000000e+00 1.000000000000e+00 1.000000000000e+00 1.000000000000e+00 1.000000000000e+00 1.000000000000e+00 1.000000000000e+00 1.000000000000e+00 1.000000000000e+00
7.775383157776e+04 6.230252428597e+04 5.004502664135e+04 4.029634111186e+04 3.252357324905e+04 2.631103597552e+04 2.133361004292e+04 1.733634968483e+04 1.411882594135e+04 1.152307423064e+04 9.424291547198e+03 7.723637060765e+03 6.342646103057e+03 5.218884960589e+03 4.302562415580e+03 3.553880892458e+03 2.940960786328e+03 2.438210094445e+03 2.025040841264e+03 1.684856223584e+03 1.404249585076e+03 1.172369521788e+03 9.804155736825e+02 8.212367906190e+02 6.890115190728e+02 5.789914514732e+02 4.872966281796e+02 4.107509227716e+02 3.467497581721e+02 2.931535349236e+02 2.482016118502e+02 2.104427466883e+02 1.786787443404e+02 1.519187229671e+02 1.293419317252e+02 1.102674685662e+02 9.412957544977e+01 8.045744980088e+01 6.885871928208e+01 5.900589310660e+01 5.062523593238e+01 4.348761673566e+01 3.740097038427e+01 3.220407819712e+01 2.776142897274e+01 2.395896647778e+01 2.070056533700e+01 1.790510635151e+01 1.550404584186e+01 1.343939274280e+01 1.166202272864e+01 1.013027130989e+01 8.808758167586e+00 7.667403423521e+00 6.680603441783e+00 5.826539405460e+00 5.086596546330e+00 4.444875711395e+00 3.887782081102e+00 3.403678433152e+00 2.982592473089e+00 2.615969509981e+00 2.296463208704e+00 2.017758353827e+00 1.774420558045e+00 1.561768676653e+00 1.375766378379e+00 1.212929896202e+00 1.070249459588e+00 1.000000000000e+00 1.000000000000e+00 1.000000000000e+00 1.000000000000e+00 1.000000000000e+00 1.000000000000e+00 1.000000000000e+00 1.000000000000e+00 1.000000000000e+00 1.000000000000e+00 1.000000000000e+00 1.000000000000e+00 1.000000000000e+00 1.000000000000e+00 1.000000000000e+00 1.000000000000e+00 1.000000000000e+00 1.000000000000e+00 1.000000000000e+00 1.000000000000e+00 1.000000000000e+00 1.000000000000e+00 1.000000000000e+00 1.000000000000e+00 1.000000000000e+00 1.000000000000e+00 1.000000000000e+00 1.000000000000e+00 1.000000000000e+00 1.000000000000e+00 1.000000000000e+00 1.000000000000e+00
1.227564070029e+05 9.840377727989e+04 7.907571187316e+04 6.369665625998e+04 5.142938380070e+04 4.162044069856e+04 3.375846729050e+04 2.744226752650e+04 2.235627942018e+04 1.825168014809e+04 1.493179283488e+04 1.224078628490e+04 1.005490218031e+04 8.275627288286e+03 6.824366300770e+03 5.638275386996e+03 4.666995770703e+03 3.870086899530e+03 3.215004717379e+03 2.675505669919e+03 2.230383986408e+03 1.862470455933e+03 1.557836837557e+03 1.305162333888e+03 1.095228066767e+03 9.205128683495e+02 7.748694330457e+02 6.532643412669e+02 5.515689523670e+02 4.663908920431e+02 3.949379984257e+02 3.349082717679e+02 2.844006959761e+02 2.418428442960e+02 2.059320068663e+02 1.755872316611e+02 1.499101892353e+02 1.281531842946e+02 1.096929658159e+02 9.400924979970e+01 8.066707850461e+01 6.930230805342e+01 5.960965113220e+01 5.133280989415e+01 4.425632145346e+01 3.819880874842e+01 3.300738642576e+01 2.855301742168e+01 2.472665321958e+01 2.143602104981e+01 1.860294592230e+01 1.616111543716e+01 1.405421167478e+01 1.223434782798e+01 1.066075816778e+01 9.298698889295e+00 8.118524729404e+00 7.094912284217e+00 6.206205919254e+00 5.433866256748e+00 4.762004599327e+00 4.176989437610e+00 3.667113495566e+00 3.222311677820e+00 2.833921867426e+00 2.494481838204e+00 2.197556639669e+00 1.937591723137e+00 1.709787836639e+00 1.509994349628e+00 1.334618197680e+00 1.180546080002e+00 1.045077913316e+00 1.000000000000e+00 1.000000000000e+00 1.000000000000e+00 1.000000000000e+00 1.000000000000e+00 1.000000000000e+00 1.000000000000e+00 1.000000000000e+00 1.000000000000e+00 1.000000000000e+00 1.000000000000e+00 1.000000000000e+00 1.000000000000e+00 1.000000000000e+00 1.000000000000e+00 1.000000000000e+00 1.000000000000e+00 1.000000000000e+00 1.000000000000e+00 1.000000000000e+00 1.000000000000e+00 1.000000000000e+00 1.000000000000e+00 1.000000000000e+00 1.000000000000e+00 1.000000000000e+00 1.000000000000e+00 1.000000000000e+00
1.961363034231e+05 1.572995353648e+05 1.264596600540e+05 1.019085637736e+05 8.231574773219e+04 6.664210587779e+04 5.407399804022e+04 4.397270243902e+04 3.583555489828e+04 2.926599316950e+04 2.395040521048e+04 1.964018990070e+04 1.613782143273e+04 1.328599687577e+04 1.095916408079e+04 9.056891908507e+03 7.498669875199e+03 6.219819536740e+03 5.168272591318e+03 4.302026263885e+03 3.587129158662e+03 2.996083531447e+03 2.506575181303e+03 2.100461662213e+03 1.762964612532e+03 1.482023714832e+03 1.247778909265e+03 1.052154584597e+03 8.885250178017e+02 7.514446751903e+02 6.364303941997e+02 5.397851425663e+02 4.584551607568e+02 3.899139582853e+02 3.320679511477e+02 2.831795709003e+02 2.418045042249e+02 2.067403807097e+02 1.769847516623e+02 1.517006220033e+02 1.301881326108e+02 1.118612591746e+02 9.622860928537e+01 8.287757290344e+01 7.146122102725e+01 6.168746007332e+01 5.331004055105e+01 4.612109233303e+01 3.994491858924e+01 3.463282898709e+01 3.005883223287e+01 2.611604018329e+01 2.271366198704e+01 1.977448814752e+01 1.723278193323e+01 1.503250993200e+01 1.312585533571e+01 1.147196723214e+01 1.003590715373e+01 8.787760703605e+00 7.701887500605e+00 6.756287164947e+00 5.932062772048e+00 5.212966272561e+00 4.585012923379e+00 4.036153889619e+00 3.555997936550e+00 3.135574595035e+00 2.767132404896e+00 2.443966859627e+00 2.160273527376e+00 1.911022535445e+00 1.691851202255e+00 1.498972100989e+00 1.329094259151e+00 1.179355551233e+00 1.047264638667e+00 1.000000000000e+00 1.000000000000e+00 1.000000000000e+00 1.000000000000e+00 1.000000000000e+00 1.000000000000e+00 1.000000000000e+00 1.000000000000e+00 1.000000000000e+00 1.000000000000e+00 1.000000000000e+00 1.000000000000e+00 1.000000000000e+00 1.000000000000e+00 1.000000000000e+00 1.000000000000e+00 1.000000000000e+00 1.000000000000e+00 1.000000000000e+00 1.000000000000e+00 1.000000000000e+00 1.000000000000e+00 1.000000000000e+00 1.000000000000e+00
3.171910495264e+05 2.545147346051e+05 2.047153185325e+05 1.650489495298e+05 1.333767847664e+05 1.080272362633e+05 8.769054233243e+04 7.133786088605e+04 5.815901569469e+04 4.751446957892e+04 3.889817759934e+04 3.190878250022e+04 2.622722311019e+04 2.159928513101e+04 1.782197050811e+04 1.473282438712e+04 1.220155835637e+04 1.012346079939e+04 8.414201357318e+03 7.005725442402e+03 5.843003000859e+03 4.881448233110e+03 4.084867469372e+03 3.423823693759e+03 2.874330453636e+03 2.416806714463e+03 2.035238868087e+03 1.716507525723e+03 1.449845654847e+03 1.226401611698e+03 1.038886109286e+03 8.812864771240e+02 7.486349704957e+02 6.368205732156e+02 5.424358630992e+02 4.626521942068e+02 3.951177881214e+02 3.378743914190e+02 2.892890054677e+02 2.479978727691e+02 2.128604466113e+02 1.829215056880e+02 1.573799245387e+02 1.355628915321e+02 1.169045924185e+02 1.009285601097e+02 8.723303898750e+01 7.547883157818e+01 6.537919238504e+01 5.669141241213e+01 4.920980197933e+01 4.275983162500e+01 3.719323348600e+01 3.238390035376e+01 2.822444809274e+01 2.462333045721e+01 2.150241450664e+01 1.879494057219e+01 1.644380369186e+01 1.440010411816e+01 1.262192332142e+01 1.107328920048e+01 9.723300243944e+00 8.545383382729e+00 7.516664420697e+00 6.617433374536e+00 5.830689918644e+00 5.141756516347e+00 4.537948807858e+00 4.008294485710e+00 3.543293276107e+00 3.134711805746e+00 2.775408106335e+00 2.459181324794e+00 2.180642892001e+00 1.935105978634e+00 1.718490551104e+00 1.527241748577e+00 1.358259646239e+00 1.208838760408e+00 1.076615896577e+00 1.000000000000e+00 1.000000000000e+00 1.000000000000e+00 1.000000000000e+00 1.000000000000e+00 1.000000000000e+00 1.000000000000e+00 1.000000000000e+00 1.000000000000e+00 1.000000000000e+00 1.000000000000e+00 1.000000000000e+00 1.000000000000e+00 1.000000000000e+00 1.000000000000e+00 1.000000000000e+00 1.000000000000e+00 1.000000000000e+00 1.000000000000e+00 1.000000000000e+00
5.192654344711e+05 4.168960709749e+05 3.355062365000e+05 2.706375953250e+05 2.188119775201e+05 1.773089189738e+05 1.439952213888e+05 1.171940225314e+05 9.558395531999e+04 7.812128127122e+04 6.397961166846e+04 5.250312735190e+04 4.317018497983e+04 3.556493509006e+04 2.935513543347e+04 2.427476654260e+04 2.011037863010e+04 1.669034455474e+04 1.387638136734e+04 1.155684683684e+04 9.641427878677e+03 8.056922901257e+03 6.743885754275e+03 5.653949756595e+03 4.747689658601e+03 3.992909988992e+03 3.363272059769e+03 2.837190494388e+03 2.396944683115e+03 2.027961963487e+03 1.718238271572e+03 1.457869050699e+03 1.238668756200e+03 1.053861680928e+03 8.978302984921e+02 7.659100750184e+02 6.542218885239e+02 5.595349371442e+02 4.791544069323e+02 4.108292801920e+02 3.526765540025e+02 3.031188512072e+02 2.608329785477e+02 2.247074472070e+02 1.938073422443e+02 1.673452270990e+02 1.446570116935e+02 1.251819089503e+02 1.084457637805e+02 9.404716798617e+01 8.164587980333e+01 7.095315262869e+01 6.172364751232e+01 5.374866125597e+01 4.685044882827e+01 4.087745723498e+01 3.570031953000e+01 3.120848358985e+01 2.730737162709e+01 2.391598402193e+01 2.096487558268e+01 1.839444435816e+01 1.615348306723e+01 1.419795145044e+01 1.248993468641e+01 1.099675869634e+01 9.690237886375e+00 8.546034813764e+00 7.543114545473e+00 6.663279218684e+00 5.890770603687e+00 5.211930386959e+00 4.614909498709e+00 4.089419156606e+00 3.626517428981e+00 3.218426072003e+00 2.858373195931e+00 2.540457989999e+00 2.259534304352e+00 2.011110367728e+00 1.791262325534e+00 1.596559626327e+00 1.424000575636e+00 1.270956622572e+00 1.135124153943e+00 1.014482748318e+00 1.000000000000e+00 1.000000000000e+00 1.000000000000e+00 1.000000000000e+00 1.000000000000e+00 1.000000000000e+00 1.000000000000e+00 1.000000000000e+00 1.000000000000e+00 1.000000000000e+00 1.000000000000e+00 1.000000000000e+00 1.000000000000e+00 1.000000000000e+00 1.000000000000e+00
8.606320549724e+05 6.914008588385e+05 5.567550737045e+05 4.493673250209e+05 3.635158109971e+05 2.947212283991e+05 2.394682579674e+05 1.949913653022e+05 1.591096459482e+05 1.300991651185e+05 1.065940349013e+05 8.750957222987e+04 7.198246482405e+04 5.932406973583e+04 4.898387661633e+04 4.052085726900e+04 3.358094813323e+04 2.787931320694e+04 2.318634168501e+04 1.931656990602e+04 1.611989812810e+04 1.347461208769e+04 1.128182699516e+04 9.461054997694e+03 7.946661830028e+03 6.685028675247e+03 5.632274456386e+03 4.752424390731e+03 4.015934594260e+03 3.398501309625e+03 2.880098093104e+03 2.444195919532e+03 2.077130334646e+03 1.767587033621e+03 1.506182986231e+03 1.285124785374e+03 1.097929518042e+03 9.391963430958e+02 8.044192624850e+02 6.898334129871e+02 5.922886793929e+02 5.091456123757e+02 4.381895843906e+02 3.775598817350e+02 3.256910475503e+02 2.812642885640e+02 2.431671612485e+02 2.104600794900e+02 1.823484507636e+02 1.581594631149e+02 1.373227205146e+02 1.193540670427e+02 1.038420570242e+02 9.043662363766e+01 7.883957663573e+01 6.879662387845e+01 6.009066398944e+01 5.253614070702e+01 4.597428512955e+01 4.026910143227e+01 3.530397589076e+01 3.097880910293e+01 2.720758790586e+01 2.391632724840e+01 2.104132370483e+01 1.852767180931e+01 1.632800229079e+01 1.440140786940e+01 1.271252776511e+01 1.123076665355e+01 9.929627636663e+00 8.786142004304e+00 7.780381251114e+00 6.895039068802e+00 6.115072928198e+00 5.427396458394e+00 4.820615171005e+00 4.284799207406e+00 3.811287739833e+00 3.392520461968e+00 3.021892284940e+00 2.693627930292e+00 2.402673599033e+00 2.144603309330e+00 1.915537846237e+00 1.712074564981e+00 1.531226542763e+00 1.370369789846e+00 1.227197414486e+00 1.099679793068e+00 1.000000000000e+00 1.000000000000e+00 1.000000000000e+00 1.000000000000e+00 1.000000000000e+00 1.000000000000e+00 1.000000000000e+00 1.000000000000e+00 1.000000000000e+00 1.000000000000e+00 1.000000000000e+00
1.000000000000e+06 1.000000000000e+06 9.356212817533e+05 7.556416651373e+05 6.116510278764e+05 4.961878723110e+05 4.033908823407e+05 3.286447227589e+05 2.683065948258e+05 2.194946200263e+05 1.799236762506e+05 1.477777415240e+05 1.216103923364e+05 1.002670664217e+05 8.282418975598e+04 6.854140119924e+04 5.682397281848e+04 4.719318489341e+04 3.926292106477e+04 3.272113804590e+04 2.731516372279e+04 2.284000845552e+04 1.912905299614e+04 1.604661484026e+04 1.348200231304e+04 1.134474934254e+04 9.560789116172e+03 8.069375807871e+03 6.820603499656e+03 5.773402762579e+03 4.893920008057e+03 4.154204139900e+03 3.531140368613e+03 3.005583176700e+03 2.561650034681e+03 2.186145098781e+03 1.868088191792e+03 1.598329206457e+03 1.369231933166e+03 1.174414402985e+03 1.008535312038e+03 8.671180797956e+02 7.464056908355e+02 6.432407557380e+02 5.549662642642e+02 4.793433421508e+02 4.144830012216e+02 3.587894223497e+02 3.109127571868e+02 2.697097975162e+02 2.342111566448e+02 2.035938482875e+02 1.771583452731e+02 1.543093614367e+02 1.345397319704e+02 1.174168757156e+02 1.025714117671e+02 8.968757587822e+01 7.849514238908e+01 6.876260707916e+01 6.029142738098e+01 5.291115032595e+01 4.647528669689e+01 4.085781316254e+01 3.595020351519e+01 3.165890621237e+01 2.790319880783e+01 2.461336100849e+01 2.172911739874e+01 1.919830864484e+01 1.697575649096e+01 1.502229329978e+01 1.330393145100e+01 1.179115173803e+01 1.045829311796e+01 9.283028873580e+00 8.245916522275e+00 7.330010725066e+00 6.520530067529e+00 5.804569951296e+00 5.170854990527e+00 4.609525285864e+00 4.111951776963e+00 3.670576577413e+00 3.278774792307e+00 2.930734825583e+00 2.621354615285e+00 2.346151601879e+00 2.101184547457e+00 1.882985590370e+00 1.688501147522e+00 1.515040471113e+00 1.360230833020e+00 1.221978452432e+00 1.098434404399e+00 1.000000000000e+00 1.000000000000e+00 1.000000000000e+00 1.000000000000e+00 1.000000000000e+00 1.000000000000e+00
1.000000000000e+06 1.000000000000e+06 1.000000000000e+06 1.000000000000e+06 1.000000000000e+06 8.462590872609e+05 6.884225733485e+05 5.611975673868e+05 4.584263444693e+05 3.752328869969e+05 3.077474370415e+05 2.528920416378e+05 2.082132021597e+05 1.717509852472e+05 1.419364216217e+05 1.175109009861e+05 9.746270885221e+04 8.097695189684e+04 6.739596313966e+04 5.618792787595e+04 4.692197202076e+04 3.924834131092e+04 3.288259923838e+04 2.759300388232e+04 2.319040440295e+04 1.952013865740e+04 1.645552324032e+04 1.389261318096e+04 1.174597588764e+04 9.945276838065e+03 8.432516153003e+03 7.159788025749e+03 6.087460921339e+03 5.182696994843e+03 4.418245463694e+03 3.771457608764e+03 3.223481378883e+03 2.758601787006e+03 2.363699847733e+03 2.027808056707e+03 1.741744621800e+03 1.497812036175e+03 1.289548302282e+03 1.111521306524e+03 9.591586123360e+02 8.286063685488e+02 7.166121870012e+02 6.204277816694e+02 5.377279236480e+02 4.665428861997e+02 4.052020590822e+02 3.522868233659e+02 3.065911145976e+02 2.670883776251e+02 2.329038421152e+02 2.032912330274e+02 1.776131825089e+02 1.553247349258e+02 1.359594399482e+02 1.191176137575e+02 1.044564187986e+02 9.168147069894e+01 8.053972918653e+01 7.081346982338e+01 6.231516657697e+01 5.488314286042e+01 4.837787165674e+01 4.267882449969e+01 3.768178507037e+01 3.329655652531e+01 2.944500284385e+01 2.605937383817e+01 2.308087131295e+01 2.045842044480e+01 1.814761598294e+01 1.610981752528e+01 1.431137204241e+01 1.272294512443e+01 1.131894521279e+01 1.007702743362e+01 8.977665640144e+00 8.003782956552e+00 7.140432544247e+00 6.374521522088e+00 5.694572000785e+00 5.090514065395e+00 4.553506283254e+00 4.075779947628e+00 3.650503806782e+00 3.271666488375e+00 2.933974221956e+00 2.632761798141e+00 2.363914990281e+00 2.123802910313e+00 1.909218981216e+00 1.717329389202e+00 1.545628033889e+00 1.391897127975e+00 1.254172712505e+00 1.130714452436e+00 1.019979162127e+00
1.000000000000e+06 1.000000000000e+06 1.000000000000e+06 1.000000000000e+06 1.000000000000e+06 1.000000000000e+06 1.000000000000e+06 9.710848028489e+05 7.937614574041e+05 6.501125249037e+05 5.335045876761e+05 4.386564380617e+05 3.613544624027e+05 2.982297527359e+05 2.465831788865e+05 2.042478053239e+05 1.694804496340e+05 1.408760300592e+05 1.172997721480e+05 9.783344044826e+04 8.173260717546e+04 6.839262424858e+04 5.732147243343e+04 4.811805544832e+04 4.045481367374e+04 3.406377140280e+04 2.872531859678e+04 2.425917458062e+04 2.051709604689e+04 1.737698210190e+04 1.473810027278e+04 1.251721357826e+04 1.064543319376e+04 9.065656438495e+03 7.730477748343e+03 6.600482511471e+03 5.642851338142e+03 4.830216456366e+03 4.139723212658e+03 3.552258696089e+03 3.051816754403e+03 2.624974496892e+03 2.260460067701e+03 1.948795253300e+03 1.681999540264e+03 1.453344708152e+03 1.257151042006e+03 1.088617871459e+03 9.436824617371e+02 8.189023547164e+02 7.113571325845e+02 6.185662903751e+02 5.384204870349e+02 4.691239222549e+02 4.091459777893e+02 3.571805833649e+02 3.121120314766e+02 2.729861828386e+02 2.389861835247e+02 2.094119627871e+02 1.836629028329e+02 1.612231730286e+02 1.416493048574e+02 1.245596535191e+02 1.096254498549e+02 9.656319434035e+01 8.512818491587e+01 7.510900379447e+01 6.632281623959e+01 5.861135758497e+01 5.183750424436e+01 4.588234077268e+01 4.064264872077e+01 3.602875451065e+01 3.196268321075e+01 2.837657321160e+01 2.521131364266e+01 2.241537213836e+01 1.994378542913e+01 1.775728934653e+01 1.582156831020e+01 1.410660730952e+01 1.258613188942e+01 1.123712376692e+01 1.003940150354e+01 8.975257187033e+00 8.029141376262e+00 7.187389670767e+00 6.437985210285e+00 5.770352215174e+00 5.175176366405e+00 4.644248411752e+00 4.170327887814e+00 3.747024278171e+00 3.368693297125e+00 3.030346305089e+00 2.727571133492e+00 2.456462830656e+00 2.213563040910e+00 1.995806902115e+00 1.800476495611e+00
1.000000000000e+06 1.000000000000e+06 1.000000000000e+06 1.000000000000e+06 1.000000000000e+06 1.000000000000e+06 1.000000000000e+06 1.000000000000e+06 1.000000000000e+06 1.000000000000e+06 9.375722511536e+05 7.713773408599e+05 6.358288688303e+05 5.250632121911e+05 4.343780324494e+05 3.599947375902e+05 2.988710216509e+05 2.485526223824e+05 2.070558552508e+05 1.727743481149e+05 1.444048441492e+05 1.208880590016e+05 1.013614466190e+05 8.512140383787e+04 7.159297056662e+04 6.030549380454e+04 5.087304572833e+04 4.297863855444e+04 3.636147724017e+04 3.080664721785e+04 2.613675748325e+04 2.220515663964e+04 1.889041650067e+04 1.609183891675e+04 1.372578999798e+04 1.172270451158e+04 1.002463400979e+04 8.583236824256e+03 7.358127727344e+03 6.315520819968e+03 5.427111855068e+03 4.669156377533e+03 4.021708253068e+03 3.467989766781e+03 2.993869811602e+03 2.587431007545e+03 2.238610094972e+03 1.938898787986e+03 1.681094585417e+03 1.459092918798e+03 1.267713551334e+03 1.102555395081e+03 9.598749383919e+02 8.364843150773e+02 7.296657350522e+02 6.370995616201e+02 5.568037854502e+02 4.870830281936e+02 4.264855244080e+02 3.737667911544e+02 3.278589101730e+02 2.878445259735e+02 2.529348110850e+02 2.224507724552e+02 1.958073749988e+02 1.725000431553e+02 1.520931720135e+02 1.342103385137e+02 1.185259524708e+02 1.047581283112e+02 9.266259285951e+01 8.202747336662e+01 7.266883417840e+01 6.442685076930e+01 5.716252695389e+01 5.075487546994e+01 4.509849424203e+01 4.010148085260e+01 3.568363637380e+01 3.177491700381e+01 2.831409811921e+01 2.524762057758e+01 2.252859353241e+01 2.011593177916e+01 1.797360884193e+01 1.607000972353e+01 1.437736954991e+01 1.287128630641e+01 1.153029754006e+01 1.033551233245e+01 9.270291070103e+00 8.319966583715e+00 7.471601121774e+00 6.713774389521e+00 6.036398540599e+00 5.430556571656e+00 4.888361053670e+00 4.402830549166e+00 3.967781421850e+00 3.577733052749e+00 3.227824741952e+00
1.000000000000e+06 1.000000000000e+06 1.000000000000e+06 1.000000000000e+06 1.000000000000e+06 1.000000000000e+06 1.000000000000e+06 1.000000000000e+06 1.000000000000e+06 1.000000000000e+06 1.000000000000e+06 1.000000000000e+06 1.000000000000e+06 9.375144491383e+05 7.760838347523e+05 6.435768479839e+05 5.346151425535e+05 4.448558294439e+05 3.707855403933e+05 3.095567135245e+05 2.588571950662e+05 2.168061801143e+05 1.818710161603e+05 1.528005629269e+05 1.285717155897e+05 1.083464131972e+05 9.143701434486e+04 7.727836211058e+04 6.540520638797e+04 5.543392456913e+04 4.704769694517e+04 3.998446359949e+04 3.402712460744e+04 2.899555255969e+04 2.474007168076e+04 2.113612573256e+04 1.807991109184e+04 1.548479471716e+04 1.327837141306e+04 1.140004262491e+04 9.799021352770e+03 8.432685761146e+03 7.265218560692e+03 6.266480942514e+03 5.411079309531e+03 4.677590713284e+03 4.047919120409e+03 3.506759682013e+03 3.041152286591e+03 2.640109023487e+03 2.294302914148e+03 1.995807499327e+03 1.737878695756e+03 1.514771831567e+03 1.321587997044e+03 1.154144855760e+03 1.008867890857e+03 8.826987448952e+02 7.730178756273e+02 6.775792159570e+02 5.944549116838e+02 5.219885297619e+02 4.587553944517e+02 4.035289284548e+02 3.552520587827e+02 3.130128991218e+02 2.760240471438e+02 2.436049408891e+02 2.151668066337e+02 1.901998044636e+02 1.682620395853e+02 1.489701591953e+02 1.319912981946e+02 1.170361735418e+02 1.038531577368e+02 9.222318777188e+01 8.195538766494e+01 7.288330106340e+01 6.486164592069e+01 5.776351636519e+01 5.147796797891e+01 4.590793210494e+01 4.096841277409e+01 3.658492660645e+01 3.269215179149e+01 2.923275713797e+01 2.615638634514e+01 2.341877619117e+01 2.098099035748e+01 1.880875318743e+01 1.687186988200e+01 1.514372151981e+01 1.360082490179e+01 1.222244860263e+01 1.099027779560e+01 9.888121434004e+00 8.901656245300e+00 8.018202744437e+00 7.226529118312e+00 6.516679389046e+00 5.879822742615e+00
1.000000000000e+06 1.000000000000e+06 1.000000000000e+06 1.000000000000e+06 1.000000000000e+06 1.000000000000e+06 1.000000000000e+06 1.000000000000e+06 1.000000000000e+06 1.000000000000e+06 1.000000000000e+06 1.000000000000e+06 1.000000000000e+06 1.000000000000e+06 1.000000000000e+06 1.000000000000e+06 9.702890444224e+05 8.078933350771e+05 6.737856501918e+05 5.628509330867e+05 4.709319179888e+05 3.946438249141e+05 3.312260187488e+05 2.784230454264e+05 2.343890573752e+05 1.976108941571e+05 1.668460687964e+05 1.410726848596e+05 1.194489197450e+05 1.012801915190e+05 8.599250770700e+04 7.311079632450e+04 6.224125898737e+04 5.305697636153e+04 4.528614783420e+04 3.870246822202e+04 3.311724094746e+04 2.837290443144e+04 2.433771042439e+04 2.090134275443e+04 1.797130498337e+04 1.546993768850e+04 1.333195208599e+04 1.150238771668e+04 9.934918913276e+03 8.590448543165e+03 7.435938702600e+03 6.443437127030e+03 5.589265481385e+03 4.853341726494e+03 4.218613682737e+03 3.670584938683e+03 3.196917549324e+03 2.787098671499e+03 2.432160503370e+03 2.124444719301e+03 1.857404093456e+03 1.625435243593e+03 1.423737448438e+03 1.248193336687e+03 1.095267944588e+03 9.619232182013e+02 8.455455168779e+02 7.438840735807e+02 6.549986995465e+02 5.772152971460e+02 5.090879751651e+02 4.493667530032e+02 3.969700009442e+02 3.509608980558e+02 3.105273018295e+02 2.749645180483e+02 2.436605385814e+02 2.160833813653e+02 1.917702228235e+02 1.703180601247e+02 1.513756804251e+02 1.346367477819e+02 1.198338467574e+02 1.067333456890e+02 9.513096288167e+01 8.484793616204e+01 7.572771080447e+01 6.763307321289e+01 6.044366825501e+01 5.405384708835e+01 4.837079993083e+01 4.331293471716e+01 3.880846811668e+01 3.479420011284e+01 3.121444738247e+01 2.802011416591e+01 2.516788227547e+01 2.261950442226e+01 2.034118721342e+01 1.830305203583e+01 1.647866364372e+01 1.484461764390e+01 1.338017925704e+01 1.206696675320e+01 1.088867383889e+01
1.000000000000e+06 1.000000000000e+06 1.000000000000e+06 1.000000000000e+06 1.000000000000e+06 1.000000000000e+06 1.000000000000e+06 1.000000000000e+06 1.000000000000e+06 1.000000000000e+06 1.000000000000e+06 1.000000000000e+06 1.000000000000e+06 1.000000000000e+06 1.000000000000e+06 1.000000000000e+06 1.000000000000e+06 1.000000000000e+06 1.000000000000e+06 1.000000000000e+06 8.697668989637e+05 7.293177340196e+05 6.124811775628e+05 5.151349146544e+05 4.339021559344e+05 3.660122796972e+05 3.091883415944e+05 2.615561200939e+05 2.215704528384e+05 1.879554788368e+05 1.596560825888e+05 1.357983767772e+05 1.156574898036e+05 9.863126649606e+04 8.421876307690e+04 7.200263533797e+04 6.163469325553e+04 5.282403492729e+04 4.532728478896e+04 3.894055115367e+04 3.349279064205e+04 2.884032554709e+04 2.486230739977e+04 2.145695819263e+04 1.853845165262e+04 1.603432204768e+04 1.388330839688e+04 1.203355853852e+04 1.044113102310e+04 9.068743822395e+03 7.884727854081e+03 6.862150691200e+03 5.978081864465e+03 5.212976119809e+03 4.550155063774e+03 3.975370977882e+03 3.476439341309e+03 3.042928876303e+03 2.665899809712e+03 2.337682597731e+03 2.051690647501e+03 1.802261635684e+03 1.584522909389e+03 1.394277190525e+03 1.227905416735e+03 1.082284062054e+03 9.547147056494e+02 8.428639721560e+02 7.447122639549e+02 6.585099541812e+02 5.827399173956e+02 5.160854494455e+02 4.574027746411e+02 4.056974616069e+02 3.601041728686e+02 3.198692605946e+02 2.843357945775e+02 2.529306707281e+02 2.251535009023e+02 2.005670293327e+02 1.787888585708e+02 1.594842997479e+02 1.423601890247e+02 1.271595350819e+02 1.136568820411e+02 1.016542888258e+02 9.097784013034e+01 8.147461622703e+01 7.301005914220e+01 6.546568151953e+01 5.873707200622e+01 5.273215742576e+01 4.736968750595e+01 4.257791264847e+01 3.829342927275e+01 3.446017074056e+01 3.102852485236e+01 2.795456147287e+01 2.519935605180e+01 2.272839670847e+01 2.051106418836e+01
1.000000000000e+06 1.000000000000e+06 1.000000000000e+06 1.000000000000e+06 1.000000000000e+06 1.000000000000e+06 1.000000000000e+06 1.000000000000e+06 1.000000000000e+06 1.000000000000e+06 1.000000000000e+06 1.000000000000e+06 1.000000000000e+06 1.000000000000e+06 1.000000000000e+06 1.000000000000e+06 1.000000000000e+06 1.000000000000e+06 1.000000000000e+06 1.000000000000e+06 1.000000000000e+06 1.000000000000e+06 1.000000000000e+06 9.680860092214e+05 8.159353587306e+05 6.886852578038e+05 5.821034090499e+05 4.927027947962e+05 4.176060168624e+05 3.544351073149e+05 3.012218874271e+05 2.563349294995e+05 2.184199546309e+05 1.863511204465e+05 1.591911488012e+05 1.361586403208e+05 1.166012406336e+05 9.997357832319e+04 8.581909973306e+04 7.375509083623e+04 6.346030946472e+04 5.466475863212e+04 4.714121854976e+04 4.069822527312e+04 3.517424095026e+04 3.043280695902e+04 2.635850888475e+04 2.285361296273e+04 1.983525862395e+04 1.723311221077e+04 1.498740363454e+04 1.304728142715e+04 1.136943285642e+04 9.916924985767e+03 8.658230131862e+03 7.566405408482e+03 6.618401184054e+03 5.794477522528e+03 5.077711182846e+03 4.453578653192e+03 3.909603099629e+03 3.435055102380e+03 3.020698708781e+03 2.658575708808e+03 2.341822185253e+03 2.064512346024e+03 1.821525443254e+03 1.608432249868e+03 1.421398121340e+03 1.257100136712e+03 1.112656203918e+03 9.855643425273e+02 8.736506325978e+02 7.750245501225e+02 6.880406046398e+02 6.112653590345e+02 5.434490502603e+02 4.835011468676e+02 4.304692782436e+02 3.835210542725e+02 3.419283650999e+02 3.050538108667e+02 2.723389623517e+02 2.432941968509e+02 2.174898905134e+02 1.945487797543e+02 1.741393311164e+02 1.559699817597e+02 1.397841322251e+02 1.253557897500e+02 1.124857746272e+02 1.009984142699e+02 9.073866006328e+01 8.156957101636e+01 7.337011589471e+01 6.603325209181e+01 5.946424515582e+01 5.357919775165e+01 4.830376102631e+01 4.357200495307e+01 3.932542734065e+01
1.000000000000e+06 1.000000000000e+06 1.000000000000e+06 1.000000000000e+06 1.000000000000e+06 1.000000000000e+06 1.000000000000e+06 1.000000000000e+06 1.000000000000e+06 1.000000000000e+06 1.000000000000e+06 1.000000000000e+06 1.000000000000e+06 1.000000000000e+06 1.000000000000e+06 1.000000000000e+06 1.000000000000e+06 1.000000000000e+06 1.000000000000e+06 1.000000000000e+06 1.000000000000e+06 1.000000000000e+06 1.000000000000e+06 1.000000000000e+06 1.000000000000e+06 1.000000000000e+06 1.000000000000e+06 9.433340066495e+05 8.000452607860e+05 6.794266452153e+05 5.777521428760e+05 4.919303728349e+05 4.193928256704e+05 3.580024060127e+05 3.059784832726e+05 2.618353818650e+05 2.243318285478e+05 1.924293458861e+05 1.652579603934e+05 1.420878999131e+05 1.223062018878e+05 1.053973539480e+05 9.092725001242e+04 7.852987626080e+04 6.789624783959e+04 5.876520375602e+04 5.091573792497e+04 4.416060181884e+04 3.834096110522e+04 3.332192702729e+04 2.898881469363e+04 2.524400619182e+04 2.200431757473e+04 1.919878613721e+04 1.676680869489e+04 1.465657335397e+04 1.282373697790e+04 1.123030858321e+04 9.843705535480e+03 8.635954913704e+03 7.583016969344e+03 6.664211389899e+03 5.861730221255e+03 5.160223919592e+03 4.546449183202e+03 4.008969032422e+03 3.537897123672e+03 3.124679552359e+03 2.761908461135e+03 2.443162659490e+03 2.162871206654e+03 1.916196536143e+03 1.698934226695e+03 1.507426967284e+03 1.338490636968e+03 1.189350734865e+03 1.057587661048e+03 9.410895734308e+02 8.380117354043e+02 7.467414295726e+02 6.658676490046e+02 5.941548928364e+02 5.305204910541e+02 4.740149665626e+02 4.238050134856e+02 3.791587309539e+02 3.394328030406e+02 3.040613593428e+02 2.725462881441e+02 2.444488060728e+02 2.193821155329e+02 1.970050045990e+02 1.770162641295e+02 1.591498140596e+02 1.431704455983e+02 1.288700987350e+02 1.160646053667e+02 1.045908377349e+02 9.430420993575e+01 8.507648723310e+01 7.679386389908e+01
1.000000000000e+06 1.000000000000e+06 1.000000000000e+06 1.000000000000e+06 1.000000000000e+06 1.000000000000e+06 1.000000000000e+06 1.000000000000e+06 1.000000000000e+06 1.000000000000e+06 1.000000000000e+06 1.000000000000e+06 1.000000000000e+06 1.000000000000e+06 1.000000000000e+06 1.000000000000e+06 1.000000000000e+06 1.000000000000e+06 1.000000000000e+06 1.000000000000e+06 1.000000000000e+06 1.000000000000e+06 1.000000000000e+06 1.000000000000e+06 1.000000000000e+06 1.000000000000e+06 1.000000000000e+06 1.000000000000e+06 1.000000000000e+06 1.000000000000e+06 1.000000000000e+06 9.602099036186e+05 8.191239167021e+05 6.996352252425e+05 5.983085531729e+05 5.122750018103e+05 4.391354810356e+05 3.768811312748e+05 3.238276578054e+05 2.785610721410e+05 2.398927989952e+05 2.068224830028e+05 1.785071341042e+05 1.542354980061e+05 1.334067394208e+05 1.155126897140e+05 1.001230442539e+05 8.687300389230e+04 7.545294423107e+04 6.559976936585e+04 5.708966666481e+04 4.973202827172e+04 4.336434539584e+04 3.784791466927e+04 3.306422321709e+04 2.891190165683e+04 2.530415288387e+04 2.216657991145e+04 1.943534879307e+04 1.705563322990e+04 1.498029624121e+04 1.316877156611e+04 1.158611352890e+04 1.020218914973e+04 8.990990491868e+03 7.930048750444e+03 6.999934522922e+03 6.183831157298e+03 5.467170130258e+03 4.837319131317e+03 4.283314975604e+03 3.795634683249e+03 3.365999085420e+03 2.987204177467e+03 2.652976164774e+03 2.357846758623e+03 2.097045795933e+03 1.866408693391e+03 1.662296615943e+03 1.481527552540e+03 1.321316757320e+03 1.179225239536e+03 1.053115176755e+03 9.411112884327e+02 8.415673453301e+02 7.530371080757e+02 6.742490886484e+02 6.040846142987e+02 5.415587466429e+02 4.858036712652e+02 4.360542267188e+02 3.916352876776e+02 3.519507562995e+02 3.164739495777e+02 2.847391994043e+02 2.563345069418e+02 2.308951142868e+02 2.080978748160e+02 1.876563194625e+02 1.693163298331e+02 1.528523408721e+02
1.000000000000e+06 1.000000000000e+06 1.000000000000e+06 1.000000000000e+06 1.000000000000e+06 1.000000000000e+06 1.000000000000e+06 1.000000000000e+06 1.000000000000e+06 1.000000000000e+06 1.000000000000e+06 1.000000000000e+06 1.000000000000e+06 1.000000000000e+06 1.000000000000e+06 1.000000000000e+06 1.000000000000e+06 1.000000000000e+06 1.000000000000e+06 1.000000000000e+06 1.000000000000e+06 1.000000000000e+06 1.000000000000e+06 1.000000000000e+06 1.000000000000e+06 1.000000000000e+06 1.000000000000e+06 1.000000000000e+06 1.000000000000e+06 1.000000000000e+06 1.000000000000e+06 1.000000000000e+06 1.000000000000e+06 1.000000000000e+06 1.000000000000e+06 1.000000000000e+06 8.750634500940e+05 7.514563905437e+05 6.460459417224e+05 5.560477200340e+05 4.791191088873e+05 4.132867504572e+05 3.568863223088e+05 3.085124548013e+05 2.669770298945e+05 2.312744158594e+05 2.005524488097e+05 1.740881816902e+05 1.512675930929e+05 1.315685890852e+05 1.145467468180e+05 9.982334368387e+04 8.707529396893e+04 7.602667934638e+04 6.644161268512e+04 5.811821851808e+04 5.088354978932e+04 4.458929052558e+04 3.910811896284e+04 3.433062630514e+04 3.016270344378e+04 2.652332222741e+04 2.334264974783e+04 2.056044400344e+04 1.812468756010e+04 1.599042272782e+04 1.411875753992e+04 1.247601665074e+04 1.103301531493e+04 9.764438006638e+03 8.648306088267e+03 7.665521335615e+03 6.799474143680e+03 6.035706936778e+03 5.361624739835e+03 4.766246077459e+03 4.239988389601e+03 3.774483017211e+03 3.362415543252e+03 2.997387894766e+03 2.673799137854e+03 2.386742344173e+03 2.131915287244e+03 1.905543049825e+03 1.704310898571e+03 1.525306016545e+03 1.365966884019e+03 1.224039268643e+03 1.097537931867e+03 9.847132831988e+02 8.840223206023e+02 7.941032868080e+02 7.137535496751e+02 6.419102820487e+02 5.776335743228e+02 5.200916625975e+02 4.685479980354e+02 4.223499198156e+02 3.809187257742e+02 3.437409621540e+02 3.103607774714e+02
1.000000000000e+06 1.000000000000e+06 1.000000000000e+06 1.000000000000e+06 1.000000000000e+06 1.000000000000e+06 1.000000000000e+06 1.000000000000e+06 1.000000000000e+06 1.000000000000e+06 1.000000000000e+06 1.000000000000e+06 1.000000000000e+06 1.000000000000e+06 1.000000000000e+06 1.000000000000e+06 1.000000000000e+06 1.000000000000e+06 1.000000000000e+06 1.000000000000e+06 1.000000000000e+06 1.000000000000e+06 1.000000000000e+06 1.000000000000e+06 1.000000000000e+06 1.000000000000e+06 1.000000000000e+06 1.000000000000e+06 1.000000000000e+06 1.000000000000e+06 1.000000000000e+06 1.000000000000e+06 1.000000000000e+06 1.000000000000e+06 1.000000000000e+06 1.000000000000e+06 1.000000000000e+06 1.000000000000e+06 1.000000000000e+06 1.000000000000e+06 9.749133902285e+05 8.414646337246e+05 7.270561486594e+05 6.288638196572e+05 5.444979098523e+05 4.719339374835e+05 4.094549078226e+05 3.556029787736e+05 3.091389728000e+05 2.690084224855e+05 2.343130629195e+05 2.042868700746e+05 1.782758976528e+05 1.557212913815e+05 1.361449642561e+05 1.191375026699e+05 1.043479449438e+05 9.147513309929e+04 8.026038795223e+04 7.048129850894e+04 6.194645066239e+04 5.449094851065e+04 4.797260522650e+04 4.226870010499e+04 3.727321486950e+04 3.289447607471e+04 2.905314196174e+04 2.568048177073e+04 2.271690361117e+04 2.011069378750e+04 1.781693619045e+04 1.579658517243e+04 1.401566937357e+04 1.244460737889e+04 1.105761896796e+04 9.832218151810e+03 8.748776249620e+03 7.790144999686e+03 6.941331174352e+03 6.189215420146e+03 5.522309106312e+03 4.930543867290e+03 4.405089292006e+03 3.938194865916e+03 3.523052828126e+03 3.153679080304e+03 2.824809688990e+03 2.531810868707e+03 2.270600628953e+03 2.037580521135e+03 1.829576138128e+03 1.643785204861e+03 1.477732257587e+03 1.329229046286e+03 1.196339912113e+03 1.077351492877e+03 9.707461964848e+02 8.751789571978e+02 7.894568540955e+02 7.125212268538e+02 6.434319720237e+02
1.000000000000e+06 1.000000000000e+06 1.000000000000e+06 1.000000000000e+06 1.000000000000e+06 1.000000000000e+06 1.000000000000e+06 1.000000000000e+06 1.000000000000e+06 1.000000000000e+06 1.000000000000e+06 1.000000000000e+06 1.000000000000e+06 1.000000000000e+06 1.000000000000e+06 1.000000000000e+06 1.000000000000e+06 1.000000000000e+06 1.000000000000e+06 1.000000000000e+06 1.000000000000e+06 1.000000000000e+06 1.000000000000e+06 1.000000000000e+06 1.000000000000e+06 1.000000000000e+06 1.000000000000e+06 1.000000000000e+06 1.000000000000e+06 1.000000000000e+06 1.000000000000e+06 1.000000000000e+06 1.000000000000e+06 1.000000000000e+06 1.000000000000e+06 1.000000000000e+06 1.000000000000e+06 1.000000000000e+06 1.000000000000e+06 1.000000000000e+06 1.000000000000e+06 1.000000000000e+06 1.000000000000e+06 1.000000000000e+06 1.000000000000e+06 9.821160601403e+05 8.526036112475e+05 7.408975618778e+05 6.444522950837e+05 5.610996649493e+05 4.889910754745e+05 4.265487363167e+05 3.724245973199e+05 3.254657152070e+05 2.846850139588e+05 2.492365728728e+05 2.183947193652e+05 1.915363223689e+05 1.681257809310e+05 1.477022847693e+05 1.298689919897e+05 1.142838262272e+05 1.006516431008e+05 8.871755566889e+04 7.826124185325e+04 6.909208466699e+04 6.104501943321e+04 5.397698177438e+04 4.776386660417e+04 4.229792218288e+04 3.748551493467e+04 3.324521052557e+04 2.950612496423e+04 2.620650646051e+04 2.329251466676e+04 2.071716890730e+04 1.843944121554e+04 1.642347356921e+04 1.463790174061e+04 1.305527074837e+04 1.165152907907e+04 1.040559070270e+04 9.298955484752e+03 8.315379942528e+03 7.440591439592e+03 6.662039890677e+03 5.968681884477e+03 5.350792845843e+03 4.799803469635e+03 4.308157181379e+03 3.869185827968e+03 3.477001185886e+03 3.126400204259e+03 2.812782183339e+03 2.532076332566e+03 2.280678361923e+03 2.055394940711e+03 1.853395013362e+03 1.672167096000e+03 1.509481793195e+03 1.363358874287e+03
1.000000000000e+06 1.000000000000e+06 1.000000000000e+06 1.000000000000e+06 1.000000000000e+06 1.000000000000e+06 1.000000000000e+06 1.000000000000e+06 1.000000000000e+06 1.000000000000e+06 1.000000000000e+06 1.000000000000e+06 1.000000000000e+06 1.000000000000e+06 1.000000000000e+06 1.000000000000e+06 1.000000000000e+06 1.000000000000e+06 1.000000000000e+06 1.000000000000e+06 1.000000000000e+06 1.000000000000e+06 1.000000000000e+06 1.000000000000e+06 1.000000000000e+06 1.000000000000e+06 1.000000000000e+06 1.000000000000e+06 1.000000000000e+06 1.000000000000e+06 1.000000000000e+06 1.000000000000e+06 1.000000000000e+06 1.000000000000e+06 1.000000000000e+06 1.000000000000e+06 1.000000000000e+06 1.000000000000e+06 1.000000000000e+06 1.000000000000e+06 1.000000000000e+06 1.000000000000e+06 1.000000000000e+06 1.000000000000e+06 1.000000000000e+06 1.000000000000e+06 1.000000000000e+06 1.000000000000e+06 1.000000000000e+06 1.000000000000e+06 1.000000000000e+06 9.093518133687e+05 7.944269552845e+05 6.946499100921e+05 6.079439719338e+05 5.325278341788e+05 4.668720942310e+05 4.096623730526e+05 3.597680125997e+05 3.162154815116e+05 2.781657588850e+05 2.448950824825e+05 2.157785451486e+05 1.902761047428e+05 1.679206412048e+05 1.483077516408e+05 1.310870223942e+05 1.159545574482e+05 1.026465764716e+05 9.093392440357e+04 8.061735855778e+04 7.152349953556e+04 6.350134938027e+04 5.641929488910e+04 5.016252624566e+04 4.463081150344e+04 3.973657623262e+04 3.540324508972e+04 3.156380839012e+04 2.815958213200e+04 2.513913448578e+04 2.245735564689e+04 2.007465125886e+04 1.795624243349e+04 1.607155780160e+04 1.439370508214e+04 1.289901141385e+04 1.156662319539e+04 1.037815746589e+04 9.317397959322e+03 8.370029911030e+03 7.523408504983e+03 6.766356546956e+03 6.088987547023e+03 5.482550909631e+03 4.939296372707e+03 4.452355219034e+03 4.015636112416e+03 3.623733695173e+03 3.271848328874e+03 2.955715572178e+03
1.000000000000e+06 1.000000000000e+06 1.000000000000e+06 1.000000000000e+06 1.000000000000e+06 1.000000000000e+06 1.000000000000e+06 1.000000000000e+06 1.000000000000e+06 1.000000000000e+06 1.000000000000e+06 1.000000000000e+06 1.000000000000e+06 1.000000000000e+06 1.000000000000e+06 1.000000000000e+06 1.000000000000e+06 1.000000000000e+06 1.000000000000e+06 1.000000000000e+06 1.000000000000e+06 1.000000000000e+06 1.000000000000e+06 1.000000000000e+06 1.000000000000e+06 1.000000000000e+06 1.000000000000e+06 1.000000000000e+06 1.000000000000e+06 1.000000000000e+06 1.000000000000e+06 1.000000000000e+06 1.000000000000e+06 1.000000000000e+06 1.000000000000e+06 1.000000000000e+06 1.000000000000e+06 1.000000000000e+06 1.000000000000e+06 1.000000000000e+06 1.000000000000e+06 1.000000000000e+06 1.000000000000e+06 1.000000000000e+06 1.000000000000e+06 1.000000000000e+06 1.000000000000e+06 1.000000000000e+06 1.000000000000e+06 1.000000000000e+06 1.000000000000e+06 1.000000000000e+06 1.000000000000e+06 1.000000000000e+06 1.000000000000e+06 1.000000000000e+06 1.000000000000e+06 8.957553502904e+05 7.871081626281e+05 6.922081921734e+05 6.092457234652e+05 5.366582827269e+05 4.730956648332e+05 4.173900709860e+05 3.685305871943e+05 3.256413529657e+05 2.879628699533e+05 2.548359847422e+05 2.256881510972e+05 2.000216369638e+05 1.774033921274e+05 1.574563351769e+05 1.398518545543e+05 1.243033490413e+05 1.105606589229e+05 9.840526100879e+04 8.764611930404e+04 7.811609892445e+04 6.966886427630e+04 6.217619394156e+04 5.552565442819e+04 4.961858322548e+04 4.436833866425e+04 3.969878010570e+04 3.554294712787e+04 3.184191077556e+04 2.854377370180e+04 2.560279924897e+04 2.297865227725e+04 2.063573691412e+04 1.854261842915e+04 1.667151818228e+04 1.499787209286e+04 1.349994436595e+04 1.215848932261e+04 1.095645513697e+04 9.878724107571e+03 8.911884801648e+03 8.044032025445e+03 7.264591104326e+03 6.564163415473e+03
1.000000000000e+06 1.000000000000e+06 1.000000000000e+06 1.000000000000e+06 1.000000000000e+06 1.000000000000e+06 1.000000000000e+06 1.000000000000e+06 1.000000000000e+06 1.000000000000e+06 1.000000000000e+06 1.000000000000e+06 1.000000000000e+06 1.000000000000e+06 1.000000000000e+06 1.000000000000e+06 1.000000000000e+06 1.000000000000e+06 1.000000000000e+06 1.000000000000e+06 1.000000000000e+06 1.000000000000e+06 1.000000000000e+06 1.000000000000e+06 1.000000000000e+06 1.000000000000e+06 1.000000000000e+06 1.000000000000e+06 1.000000000000e+06 1.000000000000e+06 1.000000000000e+06 1.000000000000e+06 1.000000000000e+06 1.000000000000e+06 1.000000000000e+06 1.000000000000e+06 1.000000000000e+06 1.000000000000e+06 1.000000000000e+06 1.000000000000e+06 1.000000000000e+06 1.000000000000e+06 1.000000000000e+06 1.000000000000e+06 1.000000000000e+06 1.000000000000e+06 1.000000000000e+06 1.000000000000e+06 1.000000000000e+06 1.000000000000e+06 1.000000000000e+06 1.000000000000e+06 1.000000000000e+06 1.000000000000e+06 1.000000000000e+06 1.000000000000e+06 1.000000000000e+06 1.000000000000e+06 1.000000000000e+06 1.000000000000e+06 1.000000000000e+06 1.000000000000e+06 1.000000000000e+06 9.373353276090e+05 8.280837258489e+05 7.321188408795e+05 6.477591942365e+05 5.735441889698e+05 5.082040627823e+05 4.506340643353e+05 3.998722407369e+05 3.550803154728e+05 3.155272133085e+05 2.805748541931e+05 2.496658937562e+05 2.223131351597e+05 1.980903771453e+05 1.766244971974e+05 1.575885977461e+05 1.406960680340e+05 1.256954353255e+05 1.123658970999e+05 1.005134412016e+05 8.996747402054e+04 8.057788798258e+04 7.221250921022e+04 6.475487442879e+04 5.810229322668e+04 5.216415781493e+04 4.686046761176e+04 4.212054042855e+04 3.788188585953e+04 3.408921976965e+04 3.069360160913e+04 2.765167872541e+04 2.492502394893e+04 2.247955454632e+04 2.028502220361e+04 1.831456505814e+04 1.654431397049e+04 1.495304624242e+04
1.000000000000e+06 1.000000000000e+06 1.000000000000e+06 1.000000000000e+06 1.000000000000e+06 1.000000000000e+06 1.000000000000e+06 1.000000000000e+06 1.000000000000e+06 1.000000000000e+06 1.000000000000e+06 1.000000000000e+06 1.000000000000e+06 1.000000000000e+06 1.000000000000e+06 1.000000000000e+06 1.000000000000e+06 1.000000000000e+06 1.000000000000e+06 1.000000000000e+06 1.000000000000e+06 1.000000000000e+06 1.000000000000e+06 1.000000000000e+06 1.000000000000e+06 1.000000000000e+06 1.000000000000e+06 1.000000000000e+06 1.000000000000e+06 1.000000000000e+06 1.000000000000e+06 1.000000000000e+06 1.000000000000e+06 1.000000000000e+06 1.000000000000e+06 1.000000000000e+06 1.000000000000e+06 1.000000000000e+06 1.000000000000e+06 1.000000000000e+06 1.000000000000e+06 1.000000000000e+06 1.000000000000e+06 1.000000000000e+06 1.000000000000e+06 1.000000000000e+06 1.000000000000e+06 1.000000000000e+06 1.000000000000e+06 1.000000000000e+06 1.000000000000e+06 1.000000000000e+06 1.000000000000e+06 1.000000000000e+06 1.000000000000e+06 1.000000000000e+06 1.000000000000e+06 1.000000000000e+06 1.000000000000e+06 1.000000000000e+06 1.000000000000e+06 1.000000000000e+06 1.000000000000e+06 1.000000000000e+06 1.000000000000e+06 1.000000000000e+06 1.000000000000e+06 1.000000000000e+06 1.000000000000e+06 1.000000000000e+06 9.242317852935e+05 8.211643394853e+05 7.300927432592e+05 6.495637711684e+05 5.783069802908e+05 5.152108974872e+05 4.593024127828e+05 4.097289337270e+05 3.657429191798e+05 3.266884652484e+05 2.919896624345e+05 2.611404826553e+05 2.336959886654e+05 2.092646873866e+05 1.875018734726e+05 1.681038307069e+05 1.508027770732e+05 1.353624549995e+05 1.215742817199e+05 1.092539862634e+05 9.823866951693e+04 8.838423237060e+04 7.956312432511e+04 7.166237129452e+04 6.458184682024e+04 5.823275564360e+04 5.253630267120e+04 4.742252390127e+04 4.282925893485e+04 3.870124734182e+04 3.498933344317e+04
1.000000000000e+06 1.000000000000e+06 1.000000000000e+06 1.000000000000e+06 1.000000000000e+06 1.000000000000e+06 1.000000000000e+06 1.000000000000e+06 1.000000000000e+06 1.000000000000e+06 1.000000000000e+06 1.000000000000e+06 1.000000000000e+06 1.000000000000e+06 1.000000000000e+06 1.000000000000e+06 1.000000000000e+06 1.000000000000e+06 1.000000000000e+06 1.000000000000e+06 1.000000000000e+06 1.000000000000e+06 1.000000000000e+06 1.000000000000e+06 1.000000000000e+06 1.000000000000e+06 1.000000000000e+06 1.000000000000e+06 1.000000000000e+06 1.000000000000e+06 1.000000000000e+06 1.000000000000e+06 1.000000000000e+06 1.000000000000e+06 1.000000000000e+06 1.000000000000e+06 1.000000000000e+06 1.000000000000e+06 1.000000000000e+06 1.000000000000e+06 1.000000000000e+06 1.000000000000e+06 1.000000000000e+06 1.000000000000e+06 1.000000000000e+06 1.000000000000e+06 1.000000000000e+06 1.000000000000e+06 1.000000000000e+06 1.000000000000e+06 1.000000000000e+06 1.000000000000e+06 1.000000000000e+06 1.000000000000e+06 1.000000000000e+06 1.000000000000e+06 1.000000000000e+06 1.000000000000e+06 1.000000000000e+06 1.000000000000e+06 1.000000000000e+06 1.000000000000e+06 1.000000000000e+06 1.000000000000e+06 1.000000000000e+06 1.000000000000e+06 1.000000000000e+06 1.000000000000e+06 1.000000000000e+06 1.000000000000e+06 1.000000000000e+06 1.000000000000e+06 1.000000000000e+06 1.000000000000e+06 1.000000000000e+06 1.000000000000e+06 1.000000000000e+06 9.763832426892e+05 8.720531499659e+05 7.793603765386e+05 6.969535707781e+05 6.236443318600e+05 5.583868542091e+05 5.002602001618e+05 4.484528508732e+05 4.022492334506e+05 3.610179635082e+05 3.242015777722e+05 2.913075618525e+05 2.619005045500e+05 2.355952326836e+05 2.120507999183e+05 1.909652198991e+05 1.720708485129e+05 1.551303326497e+05 1.399330536719e+05 1.262920031839e+05 1.140410368107e+05 1.030324587247e+05 9.313489575684e+04 8.423142520855e+04
1.000000000000e+06 1.000000000000e+06 1.000000000000e+06 1.000000000000e+06 1.000000000000e+06 1.000000000000e+06 1.000000000000e+06 1.000000000000e+06 1.000000000000e+06 1.000000000000e+06 1.000000000000e+06 1.000000000000e+06 1.000000000000e+06 1.000000000000e+06 1.000000000000e+06 1.000000000000e+06 1.000000000000e+06 1.000000000000e+06 1.000000000000e+06 1.000000000000e+06 1.000000000000e+06 1.000000000000e+06 1.000000000000e+06 1.000000000000e+06 1.000000000000e+06 1.000000000000e+06 1.000000000000e+06 1.000000000000e+06 1.000000000000e+06 1.000000000000e+06 1.000000000000e+06 1.000000000000e+06 1.000000000000e+06 1.000000000000e+06 1.000000000000e+06 1.000000000000e+06 1.000000000000e+06 1.000000000000e+06 1.000000000000e+06 1.000000000000e+06 1.000000000000e+06 1.000000000000e+06 1.000000000000e+06 1.000000000000e+06 1.000000000000e+06 1.000000000000e+06 1.000000000000e+06 1.000000000000e+06 1.000000000000e+06 1.000000000000e+06 1.000000000000e+06 1.000000000000e+06 1.000000000000e+06 1.000000000000e+06 1.000000000000e+06 1.000000000000e+06 1.000000000000e+06 1.000000000000e+06 1.000000000000e+06 1.000000000000e+06 1.000000000000e+06 1.000000000000e+06 1.000000000000e+06 1.000000000000e+06 1.000000000000e+06 1.000000000000e+06 1.000000000000e+06 1.000000000000e+06 1.000000000000e+06 1.000000000000e+06 1.000000000000e+06 1.000000000000e+06 1.000000000000e+06 1.000000000000e+06 1.000000000000e+06 1.000000000000e+06 1.000000000000e+06 1.000000000000e+06 1.000000000000e+06 1.000000000000e+06 1.000000000000e+06 1.000000000000e+06 1.000000000000e+06 1.000000000000e+06 1.000000000000e+06 9.908131290139e+05 8.897457720971e+05 7.994426692575e+05 7.187100393872e+05 6.464916097429e+05 5.818522041060e+05 5.239633559040e+05 4.720906885719e+05 4.255828391992e+05 3.838617307178e+05 3.464140231954e+05 3.127835967165e+05 2.825649373489e+05 2.553973141785e+05 2.309596497154e+05 2.089659984064e+05
1.000000000000e+06 1.000000000000e+06 1.000000000000e+06 1.000000000000e+06 1.000000000000e+06 1.000000000000e+06 1.000000000000e+06 1.000000000000e+06 1.000000000000e+06 1.000000000000e+06 1.000000000000e+06 1.000000000000e+06 1.000000000000e+06 1.000000000000e+06 1.000000000000e+06 1.000000000000e+06 1.000000000000e+06 1.000000000000e+06 1.000000000000e+06 1.000000000000e+06 1.000000000000e+06 1.000000000000e+06 1.000000000000e+06 1.000000000000e+06 1.000000000000e+06 1.000000000000e+06 1.000000000000e+06 1.000000000000e+06 1.000000000000e+06 1.000000000000e+06 1.000000000000e+06 1.000000000000e+06 1.000000000000e+06 1.000000000000e+06 1.000000000000e+06 1.000000000000e+06 1.000000000000e+06 1.000000000000e+06 1.000000000000e+06 1.000000000000e+06 1.000000000000e+06 1.000000000000e+06 1.000000000000e+06 1.000000000000e+06 1.000000000000e+06 1.000000000000e+06 1.000000000000e+06 1.000000000000e+06 1.000000000000e+06 1.000000000000e+06 1.000000000000e+06 1.000000000000e+06 1.000000000000e+06 1.000000000000e+06 1.000000000000e+06 1.000000000000e+06 1.000000000000e+06 1.000000000000e+06 1.000000000000e+06 1.000000000000e+06 1.000000000000e+06 1.000000000000e+06 1.000000000000e+06 1.000000000000e+06 1.000000000000e+06 1.000000000000e+06 1.000000000000e+06 1.000000000000e+06 1.000000000000e+06 1.000000000000e+06 1.000000000000e+06 1.000000000000e+06 1.000000000000e+06 1.000000000000e+06 1.000000000000e+06 1.000000000000e+06 1.000000000000e+06 1.000000000000e+06 1.000000000000e+06 1.000000000000e+06 1.000000000000e+06 1.000000000000e+06 1.000000000000e+06 1.000000000000e+06 1.000000000000e+06 1.000000000000e+06 1.000000000000e+06 1.000000000000e+06 1.000000000000e+06 1.000000000000e+06 1.000000000000e+06 1.000000000000e+06 1.000000000000e+06 1.000000000000e+06 9.801059100587e+05 8.849730813595e+05 7.994841013070e+05 7.226207450086e+05 6.534764746281e+05 5.912437428900e+05 5.352027889967e+05
1.000000000000e+06 1.000000000000e+06 1.000000000000e+06 1.000000000000e+06 1.000000000000e+06 1.000000000000e+06 1.000000000000e+06 1.000000000000e+06 1.000000000000e+06 1.000000000000e+06 1.000000000000e+06 1.000000000000e+06 1.000000000000e+06 1.000000000000e+06 1.000000000000e+06 1.000000000000e+06 1.000000000000e+06 1.000000000000e+06 1.000000000000e+06 1.000000000000e+06 1.000000000000e+06 1.000000000000e+06 1.000000000000e+06 1.000000000000e+06 1.000000000000e+06 1.000000000000e+06 1.000000000000e+06 1.000000000000e+06 1.000000000000e+06 1.000000000000e+06 1.000000000000e+06 1.000000000000e+06 1.000000000000e+06 1.000000000000e+06 1.000000000000e+06 1.000000000000e+06 1.000000000000e+06 1.000000000000e+06 1.000000000000e+06 1.000000000000e+06 1.000000000000e+06 1.000000000000e+06 1.000000000000e+06 1.000000000000e+06 1.000000000000e+06 1.000000000000e+06 1.000000000000e+06 1.000000000000e+06 1.000000000000e+06 1.000000000000e+06 1.000000000000e+06 1.000000000000e+06 1.000000000000e+06 1.000000000000e+06 1.000000000000e+06 1.000000000000e+06 1.000000000000e+06 1.000000000000e+06 1.000000000000e+06 1.000000000000e+06 1.000000000000e+06 1.000000000000e+06 1.000000000000e+06 1.000000000000e+06 1.000000000000e+06 1.000000000000e+06 1.000000000000e+06 1.000000000000e+06 1.000000000000e+06 1.000000000000e+06 1.000000000000e+06 1.000000000000e+06 1.000000000000e+06 1.000000000000e+06 1.000000000000e+06 1.000000000000e+06 1.000000000000e+06 1.000000000000e+06 1.000000000000e+06 1.000000000000e+06 1.000000000000e+06 1.000000000000e+06 1.000000000000e+06 1.000000000000e+06 1.000000000000e+06 1.000000000000e+06 1.000000000000e+06 1.000000000000e+06 1.000000000000e+06 1.000000000000e+06 1.000000000000e+06 1.000000000000e+06 1.000000000000e+06 1.000000000000e+06 1.000000000000e+06 1.000000000000e+06 1.000000000000e+06 1.000000000000e+06 1.000000000000e+06 1.000000000000e+06 1.000000000000e+06
1.000000000000e+06 1.000000000000e+06 1.000000000000e+06 1.000000000000e+06 1.000000000000e+06 1.000000000000e+06 1.000000000000e+06 1.000000000000e+06 1.000000000000e+06 1.000000000000e+06 1.000000000000e+06 1.000000000000e+06 1.000000000000e+06 1.000000000000e+06 1.000000000000e+06 1.000000000000e+06 1.000000000000e+06 1.000000000000e+06 1.000000000000e+06 1.000000000000e+06 1.000000000000e+06 1.000000000000e+06 1.000000000000e+06 1.000000000000e+06 1.000000000000e+06 1.000000000000e+06 1.000000000000e+06 1.000000000000e+06 1.000000000000e+06 1.000000000000e+06 1.000000000000e+06 1.000000000000e+06 1.000000000000e+06 1.000000000000e+06 1.000000000000e+06 1.000000000000e+06 1.000000000000e+06 1.000000000000e+06 1.000000000000e+06 1.000000000000e+06 1.000000000000e+06 1.000000000000e+06 1.000000000000e+06 1.000000000000e+06 1.000000000000e+06 1.000000000000e+06 1.000000000000e+06 1.000000000000e+06 1.000000000000e+06 1.000000000000e+06 1.000000000000e+06 1.000000000000e+06 1.000000000000e+06 1.000000000000e+06 1.000000000000e+06 1.000000000000e+06 1.000000000000e+06 1.000000000000e+06 1.000000000000e+06 1.000000000000e+06 1.000000000000e+06 1.000000000000e+06 1.000000000000e+06 1.000000000000e+06 1.000000000000e+06 1.000000000000e+06 1.000000000000e+06 1.000000000000e+06 1.000000000000e+06 1.000000000000e+06 1.000000000000e+06 1.000000000000e+06 1.000000000000e+06 1.000000000000e+06 1.000000000000e+06 1.000000000000e+06 1.000000000000e+06 1.000000000000e+06 1.000000000000e+06 1.000000000000e+06 1.000000000000e+06 1.000000000000e+06 1.000000000000e+06 1.000000000000e+06 1.000000000000e+06 1.000000000000e+06 1.000000000000e+06 1.000000000000e+06 1.000000000000e+06 1.000000000000e+06 1.000000000000e+06 1.000000000000e+06 1.000000000000e+06 1.000000000000e+06 1.000000000000e+06 1.000000000000e+06 1.000000000000e+06 1.000000000000e+06 1.000000000000e+06 1.000000000000e+06 1.000000000000e+06
1.000000000000e+06 1.000000000000e+06 1.000000000000e+06 1.000000000000e+06 1.000000000000e+06 1.000000000000e+06 1.000000000000e+06 1.000000000000e+06 1.000000000000e+06 1.000000000000e+06 1.000000000000e+06 1.000000000000e+06 1.000000000000e+06 1.000000000000e+06 1.000000000000e+06 1.000000000000e+06 1.000000000000e+06 1.000000000000e+06 1.000000000000e+06 1.000000000000e+06 1.000000000000e+06 1.000000000000e+06 1.000000000000e+06 1.000000000000e+06 1.000000000000e+06 1.000000000000e+06 1.000000000000e+06 1.000000000000e+06 1.000000000000e+06 1.000000000000e+06 1.000000000000e+06 1.000000000000e+06 1.000000000000e+06 1.000000000000e+06 1.000000000000e+06 1.000000000000e+06 1.000000000000e+06 1.000000000000e+06 1.000000000000e+06 1.000000000000e+06 1.000000000000e+06 1.000000000000e+06 1.000000000000e+06 1.000000000000e+06 1.000000000000e+06 1.000000000000e+06 1.000000000000e+06 1.000000000000e+06 1.000000000000e+06 1.000000000000e+06 1.000000000000e+06 1.000000000000e+06 1.000000000000e+06 1.000000000000e+06 1.000000000000e+06 1.000000000000e+06 1.000000000000e+06 1.000000000000e+06 1.000000000000e+06 1.000000000000e+06 1.000000000000e+06 1.000000000000e+06 1.000000000000e+06 1.000000000000e+06 1.000000000000e+06 1.000000000000e+06 1.000000000000e+06 1.000000000000e+06 1.000000000000e+06 1.000000000000e+06 1.000000000000e+06 1.000000000000e+06 1.000000000000e+06 1.000000000000e+06 1.000000000000e+06 1.000000000000e+06 1.000000000000e+06 1.000000000000e+06 1.000000000000e+06 1.000000000000e+06 1.000000000000e+06 1.000000000000e+06 1.000000000000e+06 1.000000000000e+06 1.000000000000e+06 1.000000000000e+06 1.000000000000e+06 1.000000000000e+06 1.000000000000e+06 1.000000000000e+06 1.000000000000e+06 1.000000000000e+06 1.000000000000e+06 1.000000000000e+06 1.000000000000e+06 1.000000000000e+06 1.000000000000e+06 1.000000000000e+06 1.000000000000e+06 1.000000000000e+06 1.000000000000e+06
1.000000000000e+06 1.000000000000e+06 1.000000000000e+06 1.000000000000e+06 1.000000000000e+06 1.000000000000e+06 1.000000000000e+06 1.000000000000e+06 1.000000000000e+06 1.000000000000e+06 1.000000000000e+06 1.000000000000e+06 1.000000000000e+06 1.000000000000e+06 1.000000000000e+06 1.000000000000e+06 1.000000000000e+06 1.000000000000e+06 1.000000000000e+06 1.000000000000e+06 1.000000000000e+06 1.000000000000e+06 1.000000000000e+06 1.000000000000e+06 1.000000000000e+06 1.000000000000e+06 1.000000000000e+06 1.000000000000e+06 1.000000000000e+06 1.000000000000e+06 1.000000000000e+06 1.000000000000e+06 1.000000000000e+06 1.000000000000e+06 1.000000000000e+06 1.000000000000e+06 1.000000000000e+06 1.000000000000e+06 1.000000000000e+06 1.000000000000e+06 1.000000000000e+06 1.000000000000e+06 1.000000000000e+06 1.000000000000e+06 1.000000000000e+06 1.000000000000e+06 1.000000000000e+06 1.000000000000e+06 1.000000000000e+06 1.000000000000e+06 1.000000000000e+06 1.000000000000e+06 1.000000000000e+06 1.000000000000e+06 1.000000000000e+06 1.000000000000e+06 1.000000000000e+06 1.000000000000e+06 1.000000000000e+06 1.000000000000e+06 1.000000000000e+06 1.000000000000e+06 1.000000000000e+06 1.000000000000e+06 1.000000000000e+06 1.000000000000e+06 1.000000000000e+06 1.000000000000e+06 1.000000000000e+06 1.000000000000e+06 1.000000000000e+06 1.000000000000e+06 1.000000000000e+06 1.000000000000e+06 1.000000000000e+06 1.000000000000e+06 1.000000000000e+06 1.000000000000e+06 1.000000000000e+06 1.000000000000e+06 1.000000000000e+06 1.000000000000e+06 1.000000000000e+06 1.000000000000e+06 1.000000000000e+06 1.000000000000e+06 1.000000000000e+06 1.000000000000e+06 1.000000000000e+06 1.000000000000e+06 1.000000000000e+06 1.000000000000e+06 1.000000000000e+06 1.000000000000e+06 1.000000000000e+06 1.000000000000e+06 1.000000000000e+06 1.000000000000e+06 1.000000000000e+06 1.000000000000e+06 1.000000000000e+06
1.000000000000e+06 1.000000000000e+06 1.000000000000e+06 1.000000000000e+06 1.000000000000e+06 1.000000000000e+06 1.000000000000e+06 1.000000000000e+06 1.000000000000e+06 1.000000000000e+06 1.000000000000e+06 1.000000000000e+06 1.000000000000e+06 1.000000000000e+06 1.000000000000e+06 1.000000000000e+06 1.000000000000e+06 1.000000000000e+06 1.000000000000e+06 1.000000000000e+06 1.000000000000e+06 1.000000000000e+06 1.000000000000e+06 1.000000000000e+06 1.000000000000e+06 1.000000000000e+06 1.000000000000e+06 1.000000000000e+06 1.000000000000e+06 1.000000000000e+06 1.000000000000e+06 1.000000000000e+06 1.000000000000e+06 1.000000000000e+06 1.000000000000e+06 1.000000000000e+06 1.000000000000e+06 1.000000000000e+06 1.000000000000e+06 1.000000000000e+06 1.000000000000e+06 1.000000000000e+06 1.000000000000e+06 1.000000000000e+06 1.000000000000e+06 1.000000000000e+06 1.000000000000e+06 1.000000000000e+06 1.000000000000e+06 1.000000000000e+06 1.000000000000e+06 1.000000000000e+06 1.000000000000e+06 1.000000000000e+06 1.000000000000e+06 1.000000000000e+06 1.000000000000e+06 1.000000000000e+06 1.000000000000e+06 1.000000000000e+06 1.000000000000e+06 1.000000000000e+06 1.000000000000e+06 1.000000000000e+06 1.000000000000e+06 1.000000000000e+06 1.000000000000e+06 1.000000000000e+06 1.000000000000e+06 1.000000000000e+06 1.000000000000e+06 1.000000000000e+06 1.000000000000e+06 1.000000000000e+06 1.000000000000e+06 1.000000000000e+06 1.000000000000e+06 1.000000000000e+06 1.000000000000e+06 1.000000000000e+06 1.000000000000e+06 1.000000000000e+06 1.000000000000e+06 1.000000000000e+06 1.000000000000e+06 1.000000000000e+06 1.000000000000e+06 1.000000000000e+06 1.000000000000e+06 1.000000000000e+06 1.000000000000e+06 1.000000000000e+06 1.000000000000e+06 1.000000000000e+06 1.000000000000e+06 1.000000000000e+06 1.000000000000e+06 1.000000000000e+06 1.000000000000e+06 1.000000000000e+06 1.000000000000e+06
1.000000000000e+06 1.000000000000e+06 1.000000000000e+06 1.000000000000e+06 1.000000000000e+06 1.000000000000e+06 1.000000000000e+06 1.000000000000e+06 1.000000000000e+06 1.000000000000e+06 1.000000000000e+06 1.000000000000e+06 1.000000000000e+06 1.000000000000e+06 1.000000000000e+06 1.000000000000e+06 1.000000000000e+06 1.000000000000e+06 1.000000000000e+06 1.000000000000e+06 1.000000000000e+06 1.000000000000e+06 1.000000000000e+06 1.000000000000e+06 1.000000000000e+06 1.000000000000e+06 1.000000000000e+06 1.000000000000e+06 1.000000000000e+06 1.000000000000e+06 1.000000000000e+06 1.000000000000e+06 1.000000000000e+06 1.000000000000e+06 1.000000000000e+06 1.000000000000e+06 1.000000000000e+06 1.000000000000e+06 1.000000000000e+06 1.000000000000e+06 1.000000000000e+06 1.000000000000e+06 1.000000000000e+06 1.000000000000e+06 1.000000000000e+06 1.000000000000e+06 1.000000000000e+06 1.000000000000e+06 1.000000000000e+06 1.000000000000e+06 1.000000000000e+06 1.000000000000e+06 1.000000000000e+06 1.000000000000e+06 1.000000000000e+06 1.000000000000e+06 1.000000000000e+06 1.000000000000e+06 1.000000000000e+06 1.000000000000e+06 1.000000000000e+06 1.000000000000e+06 1.000000000000e+06 1.000000000000e+06 1.000000000000e+06 1.000000000000e+06 1.000000000000e+06 1.000000000000e+06 1.000000000000e+06 1.000000000000e+06 1.000000000000e+06 1.000000000000e+06 1.000000000000e+06 1.000000000000e+06 1.000000000000e+06 1.000000000000e+06 1.000000000000e+06 1.000000000000e+06 1.000000000000e+06 1.000000000000e+06 1.000000000000e+06 1.000000000000e+06 1.000000000000e+06 1.000000000000e+06 1.000000000000e+06 1.000000000000e+06 1.000000000000e+06 1.000000000000e+06 1.000000000000e+06 1.000000000000e+06 1.000000000000e+06 1.000000000000e+06 1.000000000000e+06 1.000000000000e+06 1.000000000000e+06 1.000000000000e+06 1.000000000000e+06 1.000000000000e+06 1.000000000000e+06 1.000000000000e+06 1.000000000000e+06
1.000000000000e+06 1.000000000000e+06 1.000000000000e+06 1.000000000000e+06 1.000000000000e+06 1.000000000000e+06 1.000000000000e+06 1.000000000000e+06 1.000000000000e+06 1.000000000000e+06 1.000000000000e+06 1.000000000000e+06 1.000000000000e+06 1.000000000000e+06 1.000000000000e+06 1.000000000000e+06 1.000000000000e+06 1.000000000000e+06 1.000000000000e+06 1.000000000000e+06 1.000000000000e+06 1.000000000000e+06 1.000000000000e+06 1.000000000000e+06 1.000000000000e+06 1.000000000000e+06 1.000000000000e+06 1.000000000000e+06 1.000000000000e+06 1.000000000000e+06 1.000000000000e+06 1.000000000000e+06 1.000000000000e+06 1.000000000000e+06 1.000000000000e+06 1.000000000000e+06 1.000000000000e+06 1.000000000000e+06 1.000000000000e+06 1.000000000000e+06 1.000000000000e+06 1.000000000000e+06 1.000000000000e+06 1.000000000000e+06 1.000000000000e+06 1.000000000000e+06 1.000000000000e+06 1.000000000000e+06 1.000000000000e+06 1.000000000000e+06 1.000000000000e+06 1.000000000000e+06 1.000000000000e+06 1.000000000000e+06 1.000000000000e+06 1.000000000000e+06 1.000000000000e+06 1.000000000000e+06 1.000000000000e+06 1.000000000000e+06 1.000000000000e+06 1.000000000000e+06 1.000000000000e+06 1.000000000000e+06 1.000000000000e+06 1.000000000000e+06 1.000000000000e+06 1.000000000000e+06 1.000000000000e+06 1.000000000000e+06 1.000000000000e+06 1.000000000000e+06 1.000000000000e+06 1.000000000000e+06 1.000000000000e+06 1.000000000000e+06 1.000000000000e+06 1.000000000000e+06 1.000000000000e+06 1.000000000000e+06 1.000000000000e+06 1.000000000000e+06 1.000000000000e+06 1.000000000000e+06 1.000000000000e+06 1.000000000000e+06 1.000000000000e+06 1.000000000000e+06 1.000000000000e+06 1.000000000000e+06 1.000000000000e+06 1.000000000000e+06 1.000000000000e+06 1.000000000000e+06 1.000000000000e+06 1.000000000000e+06 1.000000000000e+06 1.000000000000e+06 1.000000000000e+06 1.000000000000e+06 1.000000000000e+06
1.000000000000e+06 1.000000000000e+06 1.000000000000e+06 1.000000000000e+06 1.000000000000e+06 1.000000000000e+06 1.000000000000e+06 1.000000000000e+06 1.000000000000e+06 1.000000000000e+06 1.000000000000e+06 1.000000000000e+06 1.000000000000e+06 1.000000000000e+06 1.000000000000e+06 1.000000000000e+06 1.000000000000e+06 1.000000000000e+06 1.000000000000e+06 1.000000000000e+06 1.000000000000e+06 1.000000000000e+06 1.000000000000e+06 1.000000000000e+06 1.000000000000e+06 1.000000000000e+06 1.000000000000e+06 1.000000000000e+06 1.000000000000e+06 1.000000000000e+06 1.000000000000e+06 1.000000000000e+06 1.000000000000e+06 1.000000000000e+06 1.000000000000e+06 1.000000000000e+06 1.000000000000e+06 1.000000000000e+06 1.000000000000e+06 1.000000000000e+06 1.000000000000e+06 1.000000000000e+06 1.000000000000e+06 1.000000000000e+06 1.000000000000e+06 1.000000000000e+06 1.000000000000e+06 1.000000000000e+06 1.000000000000e+06 1.000000000000e+06 1.000000000000e+06 1.000000000000e+06 1.000000000000e+06 1.000000000000e+06 1.000000000000e+06 1.000000000000e+06 1.000000000000e+06 1.000000000000e+06 1.000000000000e+06 1.000000000000e+06 1.000000000000e+06 1.000000000000e+06 1.000000000000e+06 1.000000000000e+06 1.000000000000e+06 1.000000000000e+06 1.000000000000e+06 1.000000000000e+06 1.000000000000e+06 1.000000000000e+06 1.000000000000e+06 1.000000000000e+06 1.000000000000e+06 1.000000000000e+06 1.000000000000e+06 1.000000000000e+06 1.000000000000e+06 1.000000000000e+06 1.000000000000e+06 1.000000000000e+06 1.000000000000e+06 1.000000000000e+06 1.000000000000e+06 1.000000000000e+06 1.000000000000e+06 1.000000000000e+06 1.000000000000e+06 1.000000000000e+06 1.000000000000e+06 1.000000000000e+06 1.000000000000e+06 1.000000000000e+06 1.000000000000e+06 1.000000000000e+06 1.000000000000e+06 1.000000000000e+06 1.000000000000e+06 1.000000000000e+06 1.000000000000e+06 1.000000000000e+06 1.000000000000e+06
1.000000000000e+06 1.000000000000e+06 1.000000000000e+06 1.000000000000e+06 1.000000000000e+06 1.000000000000e+06 1.000000000000e+06 1.000000000000e+06 1.000000000000e+06 1.000000000000e+06 1.000000000000e+06 1.000000000000e+06 1.000000000000e+06 1.000000000000e+06 1.000000000000e+06 1.000000000000e+06 1.000000000000e+06 1.000000000000e+06 1.000000000000e+06 1.000000000000e+06 1.000000000000e+06 1.000000000000e+06 1.000000000000e+06 1.000000000000e+06 1.000000000000e+06 1.000000000000e+06 1.000000000000e+06 1.000000000000e+06 1.000000000000e+06 1.000000000000e+06 1.000000000000e+06 1.000000000000e+06 1.000000000000e+06 1.000000000000e+06 1.000000000000e+06 1.000000000000e+06 1.000000000000e+06 1.000000000000e+06 1.000000000000e+06 1.000000000000e+06 1.000000000000e+06 1.000000000000e+06 1.000000000000e+06 1.000000000000e+06 1.000000000000e+06 1.000000000000e+06 1.000000000000e+06 1.000000000000e+06 1.000000000000e+06 1.000000000000e+06 1.000000000000e+06 1.000000000000e+06 1.000000000000e+06 1.000000000000e+06 1.000000000000e+06 1.000000000000e+06 1.000000000000e+06 1.000000000000e+06 1.000000000000e+06 1.000000000000e+06 1.000000000000e+06 1.000000000000e+06 1.000000000000e+06 1.000000000000e+06 1.000000000000e+06 1.000000000000e+06 1.000000000000e+06 1.000000000000e+06 1.000000000000e+06 1.000000000000e+06 1.000000000000e+06 1.000000000000e+06 1.000000000000e+06 1.000000000000e+06 1.000000000000e+06 1.000000000000e+06 1.000000000000e+06 1.000000000000e+06 1.000000000000e+06 1.000000000000e+06 1.000000000000e+06 1.000000000000e+06 1.000000000000e+06 1.000000000000e+06 1.000000000000e+06 1.000000000000e+06 1.000000000000e+06 1.000000000000e+06 1.000000000000e+06 1.000000000000e+06 1.000000000000e+06 1.000000000000e+06 1.000000000000e+06 1.000000000000e+06 1.000000000000e+06 1.000000000000e+06 1.000000000000e+06 1.000000000000e+06 1.000000000000e+06 1.000000000000e+06 1.000000000000e+06
1.000000000000e+06 1.000000000000e+06 1.000000000000e+06 1.000000000000e+06 1.000000000000e+06 1.000000000000e+06 1.000000000000e+06 1.000000000000e+06 1.000000000000e+06 1.000000000000e+06 1.000000000000e+06 1.000000000000e+06 1.000000000000e+06 1.000000000000e+06 1.000000000000e+06 1.000000000000e+06 1.000000000000e+06 1.000000000000e+06 1.000000000000e+06 1.000000000000e+06 1.000000000000e+06 1.000000000000e+06 1.000000000000e+06 1.000000000000e+06 1.000000000000e+06 1.000000000000e+06 1.000000000000e+06 1.000000000000e+06 1.000000000000e+06 1.000000000000e+06 1.000000000000e+06 1.000000000000e+06 1.000000000000e+06 1.000000000000e+06 1.000000000000e+06 1.000000000000e+06 1.000000000000e+06 1.000000000000e+06 1.000000000000e+06 1.000000000000e+06 1.000000000000e+06 1.000000000000e+06 1.000000000000e+06 1.000000000000e+06 1.000000000000e+06 1.000000000000e+06 1.000000000000e+06 1.000000000000e+06 1.000000000000e+06 1.000000000000e+06 1.000000000000e+06 1.000000000000e+06 1.000000000000e+06 1.000000000000e+06 1.000000000000e+06 1.000000000000e+06 1.000000000000e+06 1.000000000000e+06 1.000000000000e+06 1.000000000000e+06 1.000000000000e+06 1.000000000000e+06 1.000000000000e+06 1.000000000000e+06 1.000000000000e+06 1.000000000000e+06 1.000000000000e+06 1.000000000000e+06 1.000000000000e+06 1.000000000000e+06 1.000000000000e+06 1.000000000000e+06 1.000000000000e+06 1.000000000000e+06 1.000000000000e+06 1.000000000000e+06 1.000000000000e+06 1.000000000000e+06 1.000000000000e+06 1.000000000000e+06 1.000000000000e+06 1.000000000000e+06 1.000000000000e+06 1.000000000000e+06 1.000000000000e+06 1.000000000000e+06 1.000000000000e+06 1.000000000000e+06 1.000000000000e+06 1.000000000000e+06 1.000000000000e+06 1.000000000000e+06 1.000000000000e+06 1.000000000000e+06 1.000000000000e+06 1.000000000000e+06 1.000000000000e+06 1.000000000000e+06 1.000000000000e+06 1.000000000000e+06 1.000000000000e+06
1.000000000000e+06 1.000000000000e+06 1.000000000000e+06 1.000000000000e+06 1.000000000000e+06 1.000000000000e+06 1.000000000000e+06 1.000000000000e+06 1.000000000000e+06 1.000000000000e+06 1.000000000000e+06 1.000000000000e+06 1.000000000000e+06 1.000000000000e+06 1.000000000000e+06 1.000000000000e+06 1.000000000000e+06 1.000000000000e+06 1.000000000000e+06 1.000000000000e+06 1.000000000000e+06 1.000000000000e+06 1.000000000000e+06 1.000000000000e+06 1.000000000000e+06 1.000000000000e+06 1.000000000000e+06 1.000000000000e+06 1.000000000000e+06 1.000000000000e+06 1.000000000000e+06 1.000000000000e+06 1.000000000000e+06 1.000000000000e+06 1.000000000000e+06 1.000000000000e+06 1.000000000000e+06 1.000000000000e+06 1.000000000000e+06 1.000000000000e+06 1.000000000000e+06 1.000000000000e+06 1.000000000000e+06 1.000000000000e+06 1.000000000000e+06 1.000000000000e+06 1.000000000000e+06 1.000000000000e+06 1.000000000000e+06 1.000000000000e+06 1.000000000000e+06 1.000000000000e+06 1.000000000000e+06 1.000000000000e+06 1.000000000000e+06 1.000000000000e+06 1.000000000000e+06 1.000000000000e+06 1.000000000000e+06 1.000000000000e+06 1.000000000000e+06 1.000000000000e+06 1.000000000000e+06 1.000000000000e+06 1.000000000000e+06 1.000000000000e+06 1.000000000000e+06 1.000000000000e+06 1.000000000000e+06 1.000000000000e+06 1.000000000000e+06 1.000000000000e+06 1.000000000000e+06 1.000000000000e+06 1.000000000000e+06 1.000000000000e+06 1.000000000000e+06 1.000000000000e+06 1.000000000000e+06 1.000000000000e+06 1.000000000000e+06 1.000000000000e+06 1.000000000000e+06 1.000000000000e+06 1.000000000000e+06 1.000000000000e+06 1.000000000000e+06 1.000000000000e+06 1.000000000000e+06 1.000000000000e+06 1.000000000000e+06 1.000000000000e+06 1.000000000000e+06 1.000000000000e+06 1.000000000000e+06 1.000000000000e+06 1.000000000000e+06 1.000000000000e+06 1.000000000000e+06 1.000000000000e+06 1.000000000000e+06
1.000000000000e+06 1.000000000000e+06 1.000000000000e+06 1.000000000000e+06 1.000000000000e+06 1.000000000000e+06 1.000000000000e+06 1.000000000000e+06 1.000000000000e+06 1.000000000000e+06 1.000000000000e+06 1.000000000000e+06 1.000000000000e+06 1.000000000000e+06 1.000000000000e+06 1.000000000000e+06 1.000000000000e+06 1.000000000000e+06 1.000000000000e+06 1.000000000000e+06 1.000000000000e+06 1.000000000000e+06 1.000000000000e+06 1.000000000000e+06 1.000000000000e+06 1.000000000000e+06 1.000000000000e+06 1.000000000000e+06 1.000000000000e+06 1.000000000000e+06 1.000000000000e+06 1.000000000000e+06 1.000000000000e+06 1.000000000000e+06 1.000000000000e+06 1.000000000000e+06 1.000000000000e+06 1.000000000000e+06 1.000000000000e+06 1.000000000000e+06 1.000000000000e+06 1.000000000000e+06 1.000000000000e+06 1.000000000000e+06 1.000000000000e+06 1.000000000000e+06 1.000000000000e+06 1.000000000000e+06 1.000000000000e+06 1.000000000000e+06 1.000000000000e+06 1.000000000000e+06 1.000000000000e+06 1.000000000000e+06 1.000000000000e+06 1.000000000000e+06 1.000000000000e+06 1.000000000000e+06 1.000000000000e+06 1.000000000000e+06 1.000000000000e+06 1.000000000000e+06 1.000000000000e+06 1.000000000000e+06 1.000000000000e+06 1.000000000000e+06 1.000000000000e+06 1.000000000000e+06 1.000000000000e+06 1.000000000000e+06 1.000000000000e+06 1.000000000000e+06 1.000000000000e+06 1.000000000000e+06 1.000000000000e+06 1.000000000000e+06 1.000000000000e+06 1.000000000000e+06 1.000000000000e+06 1.000000000000e+06 1.000000000000e+06 1.000000000000e+06 1.000000000000e+06 1.000000000000e+06 1.000000000000e+06 1.000000000000e+06 1.000000000000e+06 1.000000000000e+06 1.000000000000e+06 1.000000000000e+06 1.000000000000e+06 1.000000000000e+06 1.000000000000e+06 1.000000000000e+06 1.000000000000e+06 1.000000000000e+06 1.000000000000e+06 1.000000000000e+06 1.000000000000e+06 1.000000000000e+06 1.000000000000e+06
1.000000000000e+06 1.000000000000e+06 1.000000000000e+06 1.000000000000e+06 1.000000000000e+06 1.000000000000e+06 1.000000000000e+06 1.000000000000e+06 1.000000000000e+06 1.000000000000e+06 1.000000000000e+06 1.000000000000e+06 1.000000000000e+06 1.000000000000e+06 1.000000000000e+06 1.000000000000e+06 1.000000000000e+06 1.000000000000e+06 1.000000000000e+06 1.000000000000e+06 1.000000000000e+06 1.000000000000e+06 1.000000000000e+06 1.000000000000e+06 1.000000000000e+06 1.000000000000e+06 1.000000000000e+06 1.000000000000e+06 1.000000000000e+06 1.000000000000e+06 1.000000000000e+06 1.000000000000e+06 1.000000000000e+06 1.000000000000e+06 1.000000000000e+06 1.000000000000e+06 1.000000000000e+06 1.000000000000e+06 1.000000000000e+06 1.000000000000e+06 1.000000000000e+06 1.000000000000e+06 1.000000000000e+06 1.000000000000e+06 1.000000000000e+06 1.000000000000e+06 1.000000000000e+06 1.000000000000e+06 1.000000000000e+06 1.000000000000e+06 1.000000000000e+06 1.000000000000e+06 1.000000000000e+06 1.000000000000e+06 1.000000000000e+06 1.000000000000e+06 1.000000000000e+06 1.000000000000e+06 1.000000000000e+06 1.000000000000e+06 1.000000000000e+06 1.000000000000e+06 1.000000000000e+06 1.000000000000e+06 1.000000000000e+06 1.000000000000e+06 1.000000000000e+06 1.000000000000e+06 1.000000000000e+06 1.000000000000e+06 1.000000000000e+06 1.000000000000e+06 1.000000000000e+06 1.000000000000e+06 1.000000000000e+06 1.000000000000e+06 1.000000000000e+06 1.000000000000e+06 1.000000000000e+06 1.000000000000e+06 1.000000000000e+06 1.000000000000e+06 1.000000000000e+06 1.000000000000e+06 1.000000000000e+06 1.000000000000e+06 1.000000000000e+06 1.000000000000e+06 1.000000000000e+06 1.000000000000e+06 1.000000000000e+06 1.000000000000e+06 1.000000000000e+06 1.000000000000e+06 1.000000000000e+06 1.000000000000e+06 1.000000000000e+06 1.000000000000e+06 1.000000000000e+06 1.000000000000e+06 1.000000000000e+06
1.000000000000e+06 1.000000000000e+06 1.000000000000e+06 1.000000000000e+06 1.000000000000e+06 1.000000000000e+06 1.000000000000e+06 1.000000000000e+06 1.000000000000e+06 1.000000000000e+06 1.000000000000e+06 1.000000000000e+06 1.000000000000e+06 1.000000000000e+06 1.000000000000e+06 1.000000000000e+06 1.000000000000e+06 1.000000000000e+06 1.000000000000e+06 1.000000000000e+06 1.000000000000e+06 1.000000000000e+06 1.000000000000e+06 1.000000000000e+06 1.000000000000e+06 1.000000000000e+06 1.000000000000e+06 1.000000000000e+06 1.000000000000e+06 1.000000000000e+06 1.000000000000e+06 1.000000000000e+06 1.000000000000e+06 1.000000000000e+06 1.000000000000e+06 1.000000000000e+06 1.000000000000e+06 1.000000000000e+06 1.000000000000e+06 1.000000000000e+06 1.000000000000e+06 1.000000000000e+06 1.000000000000e+06 1.000000000000e+06 1.000000000000e+06 1.000000000000e+06 1.000000000000e+06 1.000000000000e+06 1.000000000000e+06 1.000000000000e+06 1.000000000000e+06 1.000000000000e+06 1.000000000000e+06 1.000000000000e+06 1.000000000000e+06 1.000000000000e+06 1.000000000000e+06 1.000000000000e+06 1.000000000000e+06 1.000000000000e+06 1.000000000000e+06 1.000000000000e+06 1.000000000000e+06 1.000000000000e+06 1.000000000000e+06 1.000000000000e+06 1.000000000000e+06 1.000000000000e+06 1.000000000000e+06 1.000000000000e+06 1.000000000000e+06 1.000000000000e+06 1.000000000000e+06 1.000000000000e+06 1.000000000000e+06 1.000000000000e+06 1.000000000000e+06 1.000000000000e+06 1.000000000000e+06 1.000000000000e+06 1.000000000000e+06 1.000000000000e+06 1.000000000000e+06 1.000000000000e+06 1.000000000000e+06 1.000000000000e+06 1.000000000000e+06 1.000000000000e+06 1.000000000000e+06 1.000000000000e+06 1.000000000000e+06 1.000000000000e+06 1.000000000000e+06 1.000000000000e+06 1.000000000000e+06 1.000000000000e+06 1.000000000000e+06 1.000000000000e+06 1.000000000000e+06 1.000000000000e+06 1.000000000000e+06
1.000000000000e+06 1.000000000000e+06 1.000000000000e+06 1.000000000000e+06 1.000000000000e+06 1.000000000000e+06 1.000000000000e+06 1.000000000000e+06 1.000000000000e+06 1.000000000000e+06 1.000000000000e+06 1.000000000000e+06 1.000000000000e+06 1.000000000000e+06 1.000000000000e+06 1.000000000000e+06 1.000000000000e+06 1.000000000000e+06 1.000000000000e+06 1.000000000000e+06 1.000000000000e+06 1.000000000000e+06 1.000000000000e+06 1.000000000000e+06 1.000000000000e+06 1.000000000000e+06 1.000000000000e+06 1.000000000000e+06 1.000000000000e+06 1.000000000000e+06 1.000000000000e+06 1.000000000000e+06 1.000000000000e+06 1.000000000000e+06 1.000000000000e+06 1.000000000000e+06 1.000000000000e+06 1.000000000000e+06 1.000000000000e+06 1.000000000000e+06 1.000000000000e+06 1.000000000000e+06 1.000000000000e+06 1.000000000000e+06 1.000000000000e+06 1.000000000000e+06 1.000000000000e+06 1.000000000000e+06 1.000000000000e+06 1.000000000000e+06 1.000000000000e+06 1.000000000000e+06 1.000000000000e+06 1.000000000000e+06 1.000000000000e+06 1.000000000000e+06 1.000000000000e+06 1.000000000000e+06 1.000000000000e+06 1.000000000000e+06 1.000000000000e+06 1.000000000000e+06 1.000000000000e+06 1.000000000000e+06 1.000000000000e+06 1.000000000000e+06 1.000000000000e+06 1.000000000000e+06 1.000000000000e+06 1.000000000000e+06 1.000000000000e+06 1.000000000000e+06 1.000000000000e+06 1.000000000000e+06 1.000000000000e+06 1.000000000000e+06 1.000000000000e+06 1.000000000000e+06 1.000000000000e+06 1.000000000000e+06 1.000000000000e+06 1.000000000000e+06 1.000000000000e+06 1.000000000000e+06 1.000000000000e+06 1.000000000000e+06 1.000000000000e+06 1.000000000000e+06 1.000000000000e+06 1.000000000000e+06 1.000000000000e+06 1.000000000000e+06 1.000000000000e+06 1.000000000000e+06 1.000000000000e+06 1.000000000000e+06 1.000000000000e+06 1.000000000000e+06 1.000000000000e+06 1.000000000000e+06 1.000000000000e+06
1.000000000000e+06 1.000000000000e+06 1.000000000000e+06 1.000000000000e+06 1.000000000000e+06 1.000000000000e+06 1.000000000000e+06 1.000000000000e+06 1.000000000000e+06 1.000000000000e+06 1.000000000000e+06 1.000000000000e+06 1.000000000000e+06 1.000000000000e+06 1.000000000000e+06 1.000000000000e+06 1.000000000000e+06 1.000000000000e+06 1.000000000000e+06 1.000000000000e+06 1.000000000000e+06 1.000000000000e+06 1.000000000000e+06 1.000000000000e+06 1.000000000000e+06 1.000000000000e+06 1.000000000000e+06 1.000000000000e+06 1.000000000000e+06 1.000000000000e+06 1.000000000000e+06 1.000000000000e+06 1.000000000000e+06 1.000000000000e+06 1.000000000000e+06 1.000000000000e+06 1.000000000000e+06 1.000000000000e+06 1.000000000000e+06 1.000000000000e+06 1.000000000000e+06 1.000000000000e+06 1.000000000000e+06 1.000000000000e+06 1.000000000000e+06 1.000000000000e+06 1.000000000000e+06 1.000000000000e+06 1.000000000000e+06 1.000000000000e+06 1.000000000000e+06 1.000000000000e+06 1.000000000000e+06 1.000000000000e+06 1.000000000000e+06 1.000000000000e+06 1.000000000000e+06 1.000000000000e+06 1.000000000000e+06 1.000000000000e+06 1.000000000000e+06 1.000000000000e+06 1.000000000000e+06 1.000000000000e+06 1.000000000000e+06 1.000000000000e+06 1.000000000000e+06 1.000000000000e+06 1.000000000000e+06 1.000000000000e+06 1.000000000000e+06 1.000000000000e+06 1.000000000000e+06 1.000000000000e+06 1.000000000000e+06 1.000000000000e+06 1.000000000000e+06 1.000000000000e+06 1.000000000000e+06 1.000000000000e+06 1.000000000000e+06 1.000000000000e+06 1.000000000000e+06 1.000000000000e+06 1.000000000000e+06 1.000000000000e+06 1.000000000000e+06 1.000000000000e+06 1.000000000000e+06 1.000000000000e+06 1.000000000000e+06 1.000000000000e+06 1.000000000000e+06 1.000000000000e+06 1.000000000000e+06 1.000000000000e+06 1.000000000000e+06 1.000000000000e+06 1.000000000000e+06 1.000000000000e+06 1.000000000000e+06
1.000000000000e+06 1.000000000000e+06 1.000000000000e+06 1.000000000000e+06 1.000000000000e+06 1.000000000000e+06 1.000000000000e+06 1.000000000000e+06 1.000000000000e+06 1.000000000000e+06 1.000000000000e+06 1.000000000000e+06 1.000000000000e+06 1.000000000000e+06 1.000000000000e+06 1.000000000000e+06 1.000000000000e+06 1.000000000000e+06 1.000000000000e+06 1.000000000000e+06 1.000000000000e+06 1.000000000000e+06 1.000000000000e+06 1.000000000000e+06 1.000000000000e+06 1.000000000000e+06 1.000000000000e+06 1.000000000000e+06 1.000000000000e+06 1.000000000000e+06 1.000000000000e+06 1.000000000000e+06 1.000000000000e+06 1.000000000000e+06 1.000000000000e+06 1.000000000000e+06 1.000000000000e+06 1.000000000000e+06 1.000000000000e+06 1.000000000000e+06 1.000000000000e+06 1.000000000000e+06 1.000000000000e+06 1.000000000000e+06 1.000000000000e+06 1.000000000000e+06 1.000000000000e+06 1.000000000000e+06 1.000000000000e+06 1.000000000000e+06 1.000000000000e+06 1.000000000000e+06 1.000000000000e+06 1.000000000000e+06 1.000000000000e+06 1.000000000000e+06 1.000000000000e+06 1.000000000000e+06 1.000000000000e+06 1.000000000000e+06 1.000000000000e+06 1.000000000000e+06 1.000000000000e+06 1.000000000000e+06 1.000000000000e+06 1.000000000000e+06 1.000000000000e+06 1.000000000000e+06 1.000000000000e+06 1.000000000000e+06 1.000000000000e+06 1.000000000000e+06 1.000000000000e+06 1.000000000000e+06 1.000000000000e+06 1.000000000000e+06 1.000000000000e+06 1.000000000000e+06 1.000000000000e+06 1.000000000000e+06 1.000000000000e+06 1.000000000000e+06 1.000000000000e+06 1.000000000000e+06 1.000000000000e+06 1.000000000000e+06 1.000000000000e+06 1.000000000000e+06 1.000000000000e+06 1.000000000000e+06 1.000000000000e+06 1.000000000000e+06 1.000000000000e+06 1.000000000000e+06 1.000000000000e+06 1.000000000000e+06 1.000000000000e+06 1.000000000000e+06 1.000000000000e+06 1.000000000000e+06 1.000000000000e+06
1.000000000000e+06 1.000000000000e+06 1.000000000000e+06 1.000000000000e+06 1.000000000000e+06 1.000000000000e+06 1.000000000000e+06 1.000000000000e+06 1.000000000000e+06 1.000000000000e+06 1.000000000000e+06 1.000000000000e+06 1.000000000000e+06 1.000000000000e+06 1.000000000000e+06 1.000000000000e+06 1.000000000000e+06 1.000000000000e+06 1.000000000000e+06 1.000000000000e+06 1.000000000000e+06 1.000000000000e+06 1.000000000000e+06 1.000000000000e+06 1.000000000000e+06 1.000000000000e+06 1.000000000000e+06 1.000000000000e+06 1.000000000000e+06 1.000000000000e+06 1.000000000000e+06 1.000000000000e+06 1.000000000000e+06 1.000000000000e+06 1.000000000000e+06 1.000000000000e+06 1.000000000000e+06 1.000000000000e+06 1.000000000000e+06 1.000000000000e+06 1.000000000000e+06 1.000000000000e+06 1.000000000000e+06 1.000000000000e+06 1.000000000000e+06 1.000000000000e+06 1.000000000000e+06 1.000000000000e+06 1.000000000000e+06 1.000000000000e+06 1.000000000000e+06 1.000000000000e+06 1.000000000000e+06 1.000000000000e+06 1.000000000000e+06 1.000000000000e+06 1.000000000000e+06 1.000000000000e+06 1.000000000000e+06 1.000000000000e+06 1.000000000000e+06 1.000000000000e+06 1.000000000000e+06 1.000000000000e+06 1.000000000000e+06 1.000000000000e+06 1.000000000000e+06 1.000000000000e+06 1.000000000000e+06 1.000000000000e+06 1.000000000000e+06 1.000000000000e+06 1.000000000000e+06 1.000000000000e+06 1.000000000000e+06 1.000000000000e+06 1.000000000000e+06 1.000000000000e+06 1.000000000000e+06 1.000000000000e+06 1.000000000000e+06 1.000000000000e+06 1.000000000000e+06 1.000000000000e+06 1.000000000000e+06 1.000000000000e+06 1.000000000000e+06 1.000000000000e+06 1.000000000000e+06 1.000000000000e+06 1.000000000000e+06 1.000000000000e+06 1.000000000000e+06 1.000000000000e+06 1.000000000000e+06 1.000000000000e+06 1.000000000000e+06 1.000000000000e+06 1.000000000000e+06 1.000000000000e+06 1.000000000000e+06
1.000000000000e+06 1.000000000000e+06 1.000000000000e+06 1.000000000000e+06 1.000000000000e+06 1.000000000000e+06 1.000000000000e+06 1.000000000000e+06 1.000000000000e+06 1.000000000000e+06 1.000000000000e+06 1.000000000000e+06 1.000000000000e+06 1.000000000000e+06 1.000000000000e+06 1.000000000000e+06 1.000000000000e+06 1.000000000000e+06 1.000000000000e+06 1.000000000000e+06 1.000000000000e+06 1.000000000000e+06 1.000000000000e+06 1.000000000000e+06 1.000000000000e+06 1.000000000000e+06 1.000000000000e+06 1.000000000000e+06 1.000000000000e+06 1.000000000000e+06 1.000000000000e+06 1.000000000000e+06 1.000000000000e+06 1.000000000000e+06 1.000000000000e+06 1.000000000000e+06 1.000000000000e+06 1.000000000000e+06 1.000000000000e+06 1.000000000000e+06 1.000000000000e+06 1.000000000000e+06 1.000000000000e+06 1.000000000000e+06 1.000000000000e+06 1.000000000000e+06 1.000000000000e+06 1.000000000000e+06 1.000000000000e+06 1.000000000000e+06 1.000000000000e+06 1.000000000000e+06 1.000000000000e+06 1.000000000000e+06 1.000000000000e+06 1.000000000000e+06 1.000000000000e+06 1.000000000000e+06 1.000000000000e+06 1.000000000000e+06 1.000000000000e+06 1.000000000000e+06 1.000000000000e+06 1.000000000000e+06 1.000000000000e+06 1.000000000000e+06 1.000000000000e+06 1.000000000000e+06 1.000000000000e+06 1.000000000000e+06 1.000000000000e+06 1.000000000000e+06 1.000000000000e+06 1.000000000000e+06 1.000000000000e+06 1.000000000000e+06 1.000000000000e+06 1.000000000000e+06 1.000000000000e+06 1.000000000000e+06 1.000000000000e+06 1.000000000000e+06 1.000000000000e+06 1.000000000000e+06 1.000000000000e+06 1.000000000000e+06 1.000000000000e+06 1.000000000000e+06 1.000000000000e+06 1.000000000000e+06 1.000000000000e+06 1.000000000000e+06 1.000000000000e+06 1.000000000000e+06 1.000000000000e+06 1.000000000000e+06 1.000000000000e+06 1.000000000000e+06 1.000000000000e+06 1.000000000000e+06 1.000000000000e+06
1.000000000000e+06 1.000000000000e+06 1.000000000000e+06 1.000000000000e+06 1.000000000000e+06 1.000000000000e+06 1.000000000000e+06 1.000000000000e+06 1.000000000000e+06 1.000000000000e+06 1.000000000000e+06 1.000000000000e+06 1.000000000000e+06 1.000000000000e+06 1.000000000000e+06 1.000000000000e+06 1.000000000000e+06 1.000000000000e+06 1.000000000000e+06 1.000000000000e+06 1.000000000000e+06 1.000000000000e+06 1.000000000000e+06 1.000000000000e+06 1.000000000000e+06 1.000000000000e+06 1.000000000000e+06 1.000000000000e+06 1.000000000000e+06 1.000000000000e+06 1.000000000000e+06 1.000000000000e+06 1.000000000000e+06 1.000000000000e+06 1.000000000000e+06 1.000000000000e+06 1.000000000000e+06 1.000000000000e+06 1.000000000000e+06 1.000000000000e+06 1.000000000000e+06 1.000000000000e+06 1.000000000000e+06 1.000000000000e+06 1.000000000000e+06 1.000000000000e+06 1.000000000000e+06 1.000000000000e+06 1.000000000000e+06 1.000000000000e+06 1.000000000000e+06 1.000000000000e+06 1.000000000000e+06 1.000000000000e+06 1.000000000000e+06 1.000000000000e+06 1.000000000000e+06 1.000000000000e+06 1.000000000000e+06 1.000000000000e+06 1.000000000000e+06 1.000000000000e+06 1.000000000000e+06 1.000000000000e+06 1.000000000000e+06 1.000000000000e+06 1.000000000000e+06 1.000000000000e+06 1.000000000000e+06 1.000000000000e+06 1.000000000000e+06 1.000000000000e+06 1.000000000000e+06 1.000000000000e+06 1.000000000000e+06 1.000000000000e+06 1.000000000000e+06 1.000000000000e+06 1.000000000000e+06 1.000000000000e+06 1.000000000000e+06 1.000000000000e+06 1.000000000000e+06 1.000000000000e+06 1.000000000000e+06 1.000000000000e+06 1.000000000000e+06 1.000000000000e+06 1.000000000000e+06 1.000000000000e+06 1.000000000000e+06 1.000000000000e+06 1.000000000000e+06 1.000000000000e+06 1.000000000000e+06 1.000000000000e+06 1.000000000000e+06 1.000000000000e+06 1.000000000000e+06 1.000000000000e+06 1.000000000000e+06
1.000000000000e+06 1.000000000000e+06 1.000000000000e+06 1.000000000000e+06 1.000000000000e+06 1.000000000000e+06 1.000000000000e+06 1.000000000000e+06 1.000000000000e+06 1.000000000000e+06 1.000000000000e+06 1.000000000000e+06 1.000000000000e+06 1.000000000000e+06 1.000000000000e+06 1.000000000000e+06 1.000000000000e+06 1.000000000000e+06 1.000000000000e+06 1.000000000000e+06 1.000000000000e+06 1.000000000000e+06 1.000000000000e+06 1.000000000000e+06 1.000000000000e+06 1.000000000000e+06 1.000000000000e+06 1.000000000000e+06 1.000000000000e+06 1.000000000000e+06 1.000000000000e+06 1.000000000000e+06 1.000000000000e+06 1.000000000000e+06 1.000000000000e+06 1.000000000000e+06 1.000000000000e+06 1.000000000000e+06 1.000000000000e+06 1.000000000000e+06 1.000000000000e+06 1.000000000000e+06 1.000000000000e+06 1.000000000000e+06 1.000000000000e+06 1.000000000000e+06 1.000000000000e+06 1.000000000000e+06 1.000000000000e+06 1.000000000000e+06 1.000000000000e+06 1.000000000000e+06 1.000000000000e+06 1.000000000000e+06 1.000000000000e+06 1.000000000000e+06 1.000000000000e+06 1.000000000000e+06 1.000000000000e+06 1.000000000000e+06 1.000000000000e+06 1.000000000000e+06 1.000000000000e+06 1.000000000000e+06 1.000000000000e+06 1.000000000000e+06 1.000000000000e+06 1.000000000000e+06 1.000000000000e+06 1.000000000000e+06 1.000000000000e+06 1.000000000000e+06 1.000000000000e+06 1.000000000000e+06 1.000000000000e+06 1.000000000000e+06 1.000000000000e+06 1.000000000000e+06 1.000000000000e+06 1.000000000000e+06 1.000000000000e+06 1.000000000000e+06 1.000000000000e+06 1.000000000000e+06 1.000000000000e+06 1.000000000000e+06 1.000000000000e+06 1.000000000000e+06 1.000000000000e+06 1.000000000000e+06 1.000000000000e+06 1.000000000000e+06 1.000000000000e+06 1.000000000000e+06 1.000000000000e+06 1.000000000000e+06 1.000000000000e+06 1.000000000000e+06 1.000000000000e+06 1.000000000000e+06 1.000000000000e+06
1.000000000000e+06 1.000000000000e+06 1.000000000000e+06 1.000000000000e+06 1.000000000000e+06 1.000000000000e+06 1.000000000000e+06 1.000000000000e+06 1.000000000000e+06 1.000000000000e+06 1.000000000000e+06 1.000000000000e+06 1.000000000000e+06 1.000000000000e+06 1.000000000000e+06 1.000000000000e+06 1.000000000000e+06 1.000000000000e+06 1.000000000000e+06 1.000000000000e+06 1.000000000000e+06 1.000000000000e+06 1.000000000000e+06 1.000000000000e+06 1.000000000000e+06 1.000000000000e+06 1.000000000000e+06 1.000000000000e+06 1.000000000000e+06 1.000000000000e+06 1.000000000000e+06 1.000000000000e+06 1.000000000000e+06 1.000000000000e+06 1.000000000000e+06 1.000000000000e+06 1.000000000000e+06 1.000000000000e+06 1.000000000000e+06 1.000000000000e+06 1.000000000000e+06 1.000000000000e+06 1.000000000000e+06 1.000000000000e+06 1.000000000000e+06 1.000000000000e+06 1.000000000000e+06 1.000000000000e+06 1.000000000000e+06 1.000000000000e+06 1.000000000000e+06 1.000000000000e+06 1.000000000000e+06 1.000000000000e+06 1.000000000000e+06 1.000000000000e+06 1.000000000000e+06 1.000000000000e+06 1.000000000000e+06 1.000000000000e+06 1.000000000000e+06 1.000000000000e+06 1.000000000000e+06 1.000000000000e+06 1.000000000000e+06 1.000000000000e+06 1.000000000000e+06 1.000000000000e+06 1.000000000000e+06 1.000000000000e+06 1.000000000000e+06 1.000000000000e+06 1.000000000000e+06 1.000000000000e+06 1.000000000000e+06 1.000000000000e+06 1.000000000000e+06 1.000000000000e+06 1.000000000000e+06 1.000000000000e+06 1.000000000000e+06 1.000000000000e+06 1.000000000000e+06 1.000000000000e+06 1.000000000000e+06 1.000000000000e+06 1.000000000000e+06 1.000000000000e+06 1.000000000000e+06 1.000000000000e+06 1.000000000000e+06 1.000000000000e+06 1.000000000000e+06 1.000000000000e+06 1.000000000000e+06 1.000000000000e+06 1.000000000000e+06 1.000000000000e+06 1.000000000000e+06 1.000000000000e+06 1.000000000000e+06
