121 121
-1.00000000 -0.98333333 -0.96666667 -0.95000000 -0.93333333 -0.91666667 -0.90000000 -0.88333333 -0.86666667 -0.85000000 -0.83333333 -0.81666667 -0.80000000 -0.78333333 -0.76666667 -0.75000000 -0.73333333 -0.71666667 -0.70000000 -0.68333333 -0.66666667 -0.65000000 -0.63333333 -0.61666667 -0.60000000 -0.58333333 -0.56666667 -0.55000000 -0.53333333 -0.51666667 -0.50000000 -0.48333333 -0.46666667 -0.45000000 -0.43333333 -0.41666667 -0.40000000 -0.38333333 -0.36666667 -0.35000000 -0.33333333 -0.31666667 -0.30000000 -0.28333333 -0.26666667 -0.25000000 -0.23333333 -0.21666667 -0.20000000 -0.18333333 -0.16666667 -0.15000000 -0.13333333 -0.11666667 -0.10000000 -0.08333333 -0.06666667 -0.05000000 -0.03333333 -0.01666667 0.00000000 0.01666667 0.03333333 0.05000000 0.06666667 0.08333333 0.10000000 0.11666667 0.13333333 0.15000000 0.16666667 0.18333333 0.20000000 0.21666667 0.23333333 0.25000000 0.26666667 0.28333333 0.30000000 0.31666667 0.33333333 0.35000000 0.36666667 0.38333333 0.40000000 0.41666667 0.43333333 0.45000000 0.46666667 0.48333333 0.50000000 0.51666667 0.53333333 0.55000000 0.56666667 0.58333333 0.60000000 0.61666667 0.63333333 0.65000000 0.66666667 0.68333333 0.70000000 0.71666667 0.73333333 0.75000000 0.76666667 0.78333333 0.80000000 0.81666667 0.83333333 0.85000000 0.86666667 0.88333333 0.90000000 0.91666667 0.93333333 0.95000000 0.96666667 0.98333333 1.00000000
0.00000000 0.00833333 0.01666667 0.02500000 0.03333333 0.04166667 0.05000000 0.05833333 0.06666667 0.07500000 0.08333333 0.09166667 0.10000000 0.10833333 0.11666667 0.12500000 0.13333333 0.14166667 0.15000000 0.15833333 0.16666667 0.17500000 0.18333333 0.19166667 0.20000000 0.20833333 0.21666667 0.22500000 0.23333333 0.24166667 0.25000000 0.25833333 0.26666667 0.27500000 0.28333333 0.29166667 0.30000000 0.30833333 0.31666667 0.32500000 0.33333333 0.34166667 0.35000000 0.35833333 0.36666667 0.37500000 0.38333333 0.39166667 0.40000000 0.40833333 0.41666667 0.42500000 0.43333333 0.44166667 0.45000000 0.45833333 0.46666667 0.47500000 0.48333333 0.49166667 0.50000000 0.50833333 0.51666667 0.52500000 0.53333333 0.54166667 0.55000000 0.55833333 0.56666667 0.57500000 0.58333333 0.59166667 0.60000000 0.60833333 0.61666667 0.62500000 0.63333333 0.64166667 0.65000000 0.65833333 0.66666667 0.67500000 0.68333333 0.69166667 0.70000000 0.70833333 0.71666667 0.72500000 0.73333333 0.74166667 0.75000000 0.75833333 0.76666667 0.77500000 0.78333333 0.79166667 0.80000000 0.80833333 0.81666667 0.82500000 0.83333333 0.84166667 0.85000000 0.85833333 0.86666667 0.87500000 0.88333333 0.89166667 0.90000000 0.90833333 0.91666667 0.92500000 0.93333333 0.94166667 0.95000000 0.95833333 0.96666667 0.97500000 0.98333333 0.99166667 1.00000000
1.000000000000e-12 2.865311460175e-04 6.656121851388e-02 2.995115516004e-01 4.701086540458e-01 5.757820903454e-01 6.464535843780e-01 6.969556163688e-01 7.348352919195e-01 7.642978349420e-01 7.878679964846e-01 8.071527071141e-01 8.232233090404e-01 8.368215138617e-01 8.484771191374e-01 8.585786441513e-01 8.674174787205e-01 8.752164504788e-01 8.821488698560e-01 8.883515608951e-01 8.939339828391e-01 8.989847455548e-01 9.035763480261e-01 9.077686807185e-01 9.116116523540e-01 9.151471862591e-01 9.184107560179e-01 9.214325798688e-01 9.242385591590e-01 9.268510226362e-01 9.292893218816e-01 9.315703114982e-01 9.337087392639e-01 9.357175653468e-01 9.376082251895e-01 9.393908473269e-01 9.410744349012e-01 9.426670177417e-01 9.441757804327e-01 9.456071706780e-01 9.469669914110e-01 9.482604794254e-01 9.494923727724e-01 9.506669687544e-01 9.517881740100e-01 9.528595479209e-01 9.538843403574e-01 9.548655246051e-01 9.558058261758e-01 9.567077480906e-01 9.575735931288e-01 9.584054834596e-01 9.592053780085e-01 9.599750878574e-01 9.607162899341e-01 9.614305392080e-01 9.621192795793e-01 9.627838536218e-01 9.634255113179e-01 9.640454179058e-01 9.646446609407e-01 9.652242566630e-01 9.657851557490e-01 9.663282485149e-01 9.668543696319e-01 9.673643024068e-01 9.678587826733e-01 9.683385023349e-01 9.688041125947e-01 9.692562269049e-01 9.696954236634e-01 9.701222486823e-01 9.705372174506e-01 9.709408172115e-01 9.713335088708e-01 9.717157287525e-01 9.720878902163e-01 9.724503851486e-01 9.728035853390e-01 9.731478437524e-01 9.734834957055e-01 9.738108599561e-01 9.741302397127e-01 9.744419235716e-01 9.747461863862e-01 9.750432900758e-01 9.753334843772e-01 9.756170075453e-01 9.758940870050e-01 9.761649399600e-01 9.764297739605e-01 9.766887874334e-01 9.769421701787e-01 9.771901038327e-01 9.774327623026e-01 9.776703121731e-01 9.779029130879e-01 9.781307181076e-01 9.783538740453e-01 9.785725217822e-01 9.787867965644e-01 9.789968282816e-01 9.792027417298e-01 9.794046568586e-01 9.796026890042e-01 9.797969491090e-01 9.799875439287e-01 9.801745762284e-01 9.803581449670e-01 9.805383454719e-01 9.807152696040e-01 9.808890059139e-01 9.810596397896e-01 9.812272535968e-01 9.813919268109e-01 9.815537361430e-01 9.817127556590e-01 9.818690568927e-01 9.820227089529e-01 9.821737786256e-01 9.823223304703e-01
1.000000000000e-12 2.866233325181e-04 6.657434411670e-02 2.995344529220e-01 4.701272250382e-01 5.757970528453e-01 6.464660644913e-01 6.969663153004e-01 7.348446538091e-01 7.643061566975e-01 7.878754860852e-01 8.071595158483e-01 8.232295503823e-01 8.368272751012e-01 8.484824688601e-01 8.585836372260e-01 8.674221597282e-01 8.752208561331e-01 8.821530307517e-01 8.883555027963e-01 8.939377276453e-01 8.989883120369e-01 9.035797523953e-01 9.077719370717e-01 9.116147730258e-01 9.151501821040e-01 9.184136366380e-01 9.214353537993e-01 9.242412340206e-01 9.268536052611e-01 9.292918184190e-01 9.315727275022e-01 9.337110797677e-01 9.357198349262e-01 9.376104280166e-01 9.393929872161e-01 9.410765153490e-01 9.426690419612e-01 9.441777513833e-01 9.456090910914e-01 9.469688638141e-01 9.482623061601e-01 9.494941560134e-01 9.506687105247e-01 9.517898761946e-01 9.528612122792e-01 9.538859685340e-01 9.548671181397e-01 9.558073865117e-01 9.567092765829e-01 9.575750910513e-01 9.584069520111e-01 9.592068183185e-01 9.599765009918e-01 9.607176768993e-01 9.614319009557e-01 9.621206170101e-01 9.627851675888e-01 9.634268026304e-01 9.640466873316e-01 9.646459092094e-01 9.652254844683e-01 9.657863637510e-01 9.663294373423e-01 9.668555398838e-01 9.673654546548e-01 9.678599174631e-01 9.683396201875e-01 9.688052140083e-01 9.692573123560e-01 9.696964936081e-01 9.701233035572e-01 9.705382576745e-01 9.709418431858e-01 9.713345209806e-01 9.717167273675e-01 9.720888756916e-01 9.724513578255e-01 9.728045455457e-01 9.731487918046e-01 9.734844319070e-01 9.738117845996e-01 9.741311530800e-01 9.744428259345e-01 9.747470780067e-01 9.750441712066e-01 9.753343552624e-01 9.756178684203e-01 9.758949380973e-01 9.761657814895e-01 9.764306061396e-01 9.766896104677e-01 9.769429842670e-01 9.771909091673e-01 9.774335590698e-01 9.776711005533e-01 9.779036932559e-01 9.781314902326e-01 9.783546382915e-01 9.785732783087e-01 9.787875455256e-01 9.789975698274e-01 9.792034760055e-01 9.794053840055e-01 9.796034091593e-01 9.797976624054e-01 9.799882504959e-01 9.801752761922e-01 9.803588384497e-01 9.805390325923e-01 9.807159504779e-01 9.808896806537e-01 9.810603085050e-01 9.812279163944e-01 9.813925837944e-01 9.815543874136e-01 9.817134013152e-01 9.818696970305e-01 9.820233436658e-01 9.821744080047e-01 9.823229546047e-01
1.000000000000e-12 2.869063092095e-04 6.661461986162e-02 2.996047042436e-01 4.701841904193e-01 5.758429491959e-01 6.465043462837e-01 6.969991334504e-01 7.348733706850e-01 7.643316830418e-01 7.878984598586e-01 8.071804011165e-01 8.232486952182e-01 8.368449472600e-01 8.484988787228e-01 8.585989530983e-01 8.674365183587e-01 8.752343701383e-01 8.821657939789e-01 8.883675942748e-01 8.939492145498e-01 8.989992519460e-01 9.035901950358e-01 9.077819256844e-01 9.116243454463e-01 9.151593716277e-01 9.184224727185e-01 9.214438626175e-01 9.242494389524e-01 9.268615272643e-01 9.292994763554e-01 9.315801384084e-01 9.337182590831e-01 9.357267966866e-01 9.376171850193e-01 9.393995511616e-01 9.410828969627e-01 9.426752510988e-01 9.441837971225e-01 9.456149818117e-01 9.469746072664e-01 9.482679095282e-01 9.494996259680e-01 9.506740532711e-01 9.517950975149e-01 9.528663175701e-01 9.538909628403e-01 9.548720061842e-01 9.558121727220e-01 9.567139651154e-01 9.575796858131e-01 9.584114566795e-01 9.592112363588e-01 9.599808356727e-01 9.607219313084e-01 9.614360780119e-01 9.621247194760e-01 9.627891980817e-01 9.634307636320e-01 9.640505811975e-01 9.646497381776e-01 9.652292506665e-01 9.657900692041e-01 9.663330839787e-01 9.668591295415e-01 9.673689890870e-01 9.678633983433e-01 9.683430491143e-01 9.688085925096e-01 9.692606418936e-01 9.696997755808e-01 9.701265393050e-01 9.705414484813e-01 9.709449902829e-01 9.713376255494e-01 9.717197905421e-01 9.720918985612e-01 9.724543414371e-01 9.728074909058e-01 9.731516998817e-01 9.734873036332e-01 9.738146208723e-01 9.741339547641e-01 9.744455938633e-01 9.747498129840e-01 9.750468740077e-01 9.753370266355e-01 9.756205090880e-01 9.758975487574e-01 9.761683628164e-01 9.764331587851e-01 9.766921350621e-01 9.769454814202e-01 9.771933794694e-01 9.774360030921e-01 9.776735188490e-01 9.779060863610e-01 9.781338586666e-01 9.783569825577e-01 9.785755988955e-01 9.787898429066e-01 9.789998444619e-01 9.792057283398e-01 9.794076144724e-01 9.796056181794e-01 9.797998503872e-01 9.799904178364e-01 9.801774232771e-01 9.803609656542e-01 9.805411402812e-01 9.807180390060e-01 9.808917503663e-01 9.810623597380e-01 9.812299494748e-01 9.813945990408e-01 9.815563851361e-01 9.817153818160e-01 9.818716606039e-01 9.820252905988e-01 9.821763385769e-01 9.823248690888e-01
1.000000000000e-12 2.873903049517e-04 6.668345490874e-02 2.997246968091e-01 4.702814817155e-01 5.759213349701e-01 6.465697271746e-01 6.970551830575e-01 7.349224157877e-01 7.643752790850e-01 7.879376964056e-01 8.072160707382e-01 8.232813923831e-01 8.368751292626e-01 8.485269048698e-01 8.586251108363e-01 8.674610412383e-01 8.752574504959e-01 8.821875920944e-01 8.883882451211e-01 8.939688328538e-01 8.990179360451e-01 9.036080298577e-01 9.077989850792e-01 9.116406940330e-01 9.151750662710e-01 9.184375637216e-01 9.214583946946e-01 9.242634520267e-01 9.268750571291e-01 9.293125552247e-01 9.315927953787e-01 9.337305205231e-01 9.357386865678e-01 9.376287251982e-01 9.394107616211e-01 9.410937960205e-01 9.426858555875e-01 9.441941225457e-01 9.456250424804e-01 9.469844164184e-01 9.482774794326e-01 9.495089680175e-01 9.506831780636e-01 9.518040149258e-01 9.528750368164e-01 9.538994925377e-01 9.548803543986e-01 9.558203470153e-01 9.567219725865e-01 9.575875331347e-01 9.584191501321e-01 9.592187818603e-01 9.599882388063e-01 9.607291973470e-01 9.614432119407e-01 9.621317260131e-01 9.627960816971e-01 9.634375285644e-01 9.640572314701e-01 9.646562776123e-01 9.652356828973e-01 9.657963976893e-01 9.663393120117e-01 9.668652602615e-01 9.673750254883e-01 9.678693432839e-01 9.683489053244e-01 9.688143625991e-01 9.692663283585e-01 9.697053808105e-01 9.701320655878e-01 9.705468980102e-01 9.709503651608e-01 9.713429277937e-01 9.717250220898e-01 9.720970612728e-01 9.724594371005e-01 9.728125212402e-01 9.731566665410e-01 9.734922082092e-01 9.738194648980e-01 9.741387397163e-01 9.744503211655e-01 9.747544840088e-01 9.750514900793e-01 9.753415890318e-01 9.756250190429e-01 9.759020074629e-01 9.761727714240e-01 9.764375184082e-01 9.766964467773e-01 9.769497462689e-01 9.771975984595e-01 9.774401771993e-01 9.776776490183e-01 9.779101735077e-01 9.781379036777e-01 9.783609862932e-01 9.785795621893e-01 9.787937665674e-01 9.790037292746e-01 9.792095750660e-01 9.794114238518e-01 9.796093909302e-01 9.798035872070e-01 9.799941194032e-01 9.801810902499e-01 9.803645986735e-01 9.805447399701e-01 9.807216059703e-01 9.808952851958e-01 9.810658630066e-01 9.812334217410e-01 9.813980408486e-01 9.815597970151e-01 9.817187642822e-01 9.818750141601e-01 9.820286157351e-01 9.821796357709e-01 9.823281388061e-01
1.000000000000e-12 2.880864188840e-04 6.678234418271e-02 2.998969174463e-01 4.704211019284e-01 5.760338228162e-01 6.466635521318e-01 6.971356171137e-01 7.349927980161e-01 7.644378416333e-01 7.879940028541e-01 8.072672584667e-01 8.233283144840e-01 8.369184419773e-01 8.485671238217e-01 8.586626485258e-01 8.674962328227e-01 8.752905719873e-01 8.822188735031e-01 8.884178801400e-01 8.939969861218e-01 8.990447486812e-01 9.036336237376e-01 9.078234661818e-01 9.116641550896e-01 9.151975888853e-01 9.184592200816e-01 9.214792489672e-01 9.242835615039e-01 9.268944731760e-01 9.293313240701e-01 9.316109587774e-01 9.337481163156e-01 9.357557491545e-01 9.376452859440e-01 9.394268492028e-01 9.411094367249e-01 9.427010735702e-01 9.442089400552e-01 9.456394800537e-01 9.469984930524e-01 9.482912127340e-01 9.495223743356e-01 9.506962726069e-01 9.518168118658e-01 9.528875493799e-01 9.539117330890e-01 9.548923345127e-01 9.558320775437e-01 9.567334637162e-01 9.575987944419e-01 9.584301906293e-01 9.592296100403e-01 9.599988626810e-01 9.607396244833e-01 9.614534494927e-01 9.621417807517e-01 9.628059600368e-01 9.634472365879e-01 9.640667749508e-01 9.646656620349e-01 9.652449134770e-01 9.658054793886e-01 9.663482495571e-01 9.668740581577e-01 9.673836880322e-01 9.678778745772e-01 9.683573092850e-01 9.688226429720e-01 9.692744887260e-01 9.697134246014e-01 9.701399960859e-01 9.705547183624e-01 9.709580783849e-01 9.713505367851e-01 9.717325296279e-01 9.721044700276e-01 9.724667496376e-01 9.728197400269e-01 9.731637939506e-01 9.734992465262e-01 9.738264163222e-01 9.741456063670e-01 9.744571050855e-01 9.747611871678e-01 9.750581143776e-01 9.753481363034e-01 9.756314910586e-01 9.759084059329e-01 9.761790980011e-01 9.764437746900e-01 9.767026343087e-01 9.769558665445e-01 9.772036529258e-01 9.774461672563e-01 9.776835760221e-01 9.779160387718e-01 9.781437084752e-01 9.783667318581e-01 9.785852497181e-01 9.787993972210e-01 9.790093041792e-01 9.792150953147e-01 9.794168905058e-01 9.796148050202e-01 9.798089497342e-01 9.799994313405e-01 9.801863525430e-01 9.803698122416e-01 9.805499057073e-01 9.807267247463e-01 9.809003578567e-01 9.810708903759e-01 9.812384046203e-01 9.814029800184e-01 9.815646932356e-01 9.817236182939e-01 9.818798266846e-01 9.820333874754e-01 9.821843674126e-01 9.823328310175e-01
1.000000000000e-12 2.890067112233e-04 6.691287471198e-02 3.001239509519e-01 4.706051265475e-01 5.761820831969e-01 6.467872142791e-01 6.972416298836e-01 7.350855623823e-01 7.645202995935e-01 7.880682152219e-01 8.073347243187e-01 8.233901582033e-01 8.369755284956e-01 8.486201327349e-01 8.587121235128e-01 8.675426156237e-01 8.753342263885e-01 8.822601026600e-01 8.884569393413e-01 8.940340923631e-01 8.990800879587e-01 9.036673566843e-01 9.078557324786e-01 9.116950769574e-01 9.152272738784e-01 9.184877633442e-01 9.215067350719e-01 9.243100659620e-01 9.269200636873e-01 9.293560615643e-01 9.316348982880e-01 9.337713077164e-01 9.357782377856e-01 9.376671131448e-01 9.394480527693e-01 9.411300513034e-01 9.427211309979e-01 9.442284696559e-01 9.456585088955e-01 9.470170461731e-01 9.483093133396e-01 9.495400439744e-01 9.507135313238e-01 9.518336783392e-01 9.529040410427e-01 9.539278662375e-01 9.549081244026e-01 9.558475384776e-01 9.567486091209e-01 9.576136369385e-01 9.584447420965e-01 9.592438816716e-01 9.600128650363e-01 9.607533675356e-01 9.614669426713e-01 9.621550329808e-01 9.628189797706e-01 9.634600318435e-01 9.640793533377e-01 9.646780307820e-01 9.652570794578e-01 9.658174491439e-01 9.663600293162e-01 9.668856538582e-01 9.673951053373e-01 9.678891188928e-01 9.683683857750e-01 9.688335565724e-01 9.692852441583e-01 9.697240263846e-01 9.701504485482e-01 9.705650256517e-01 9.709682444784e-01 9.713605654990e-01 9.717424246256e-01 9.721142348279e-01 9.724763876224e-01 9.728292544477e-01 9.731731879357e-01 9.735085230865e-01 9.738355783571e-01 9.741546566698e-01 9.744660463485e-01 9.747700219872e-01 9.750668452579e-01 9.753567656619e-01 9.756400212290e-01 9.759168391696e-01 9.761874364823e-01 9.764520205214e-01 9.767107895266e-01 9.769639331187e-01 9.772116327626e-01 9.774540622013e-01 9.776913878623e-01 9.779237692388e-01 9.781513592466e-01 9.783743045604e-01 9.785927459285e-01 9.788068184692e-01 9.790166519497e-01 9.792223710483e-01 9.794240956012e-01 9.796219408358e-01 9.798160175897e-01 9.800064325181e-01 9.801932882890e-01 9.803766837678e-01 9.805567141920e-01 9.807334713357e-01 9.809070436660e-01 9.810775164904e-01 9.812449720967e-01 9.814094898853e-01 9.815711464950e-01 9.817300159217e-01 9.818861696318e-01 9.820396766688e-01 9.821906037557e-01 9.823390153910e-01
1.000000000000e-12 2.901643048441e-04 6.707673246942e-02 3.004084823531e-01 4.708357043863e-01 5.763678449792e-01 6.469421553789e-01 6.973744573175e-01 7.352017903721e-01 7.646236142931e-01 7.881611987058e-01 8.074192548373e-01 8.234676445391e-01 8.370470543542e-01 8.486865496077e-01 8.587741125958e-01 8.676007303899e-01 8.753889226394e-01 8.823117602305e-01 8.885058780923e-01 8.940805841766e-01 8.991243658764e-01 9.037096219694e-01 9.078961601426e-01 9.117338201355e-01 9.152644673293e-01 9.185235262777e-01 9.215411734523e-01 9.243432744003e-01 9.269521270070e-01 9.293870561067e-01 9.316648930065e-01 9.338003651000e-01 9.358064146424e-01 9.376944612705e-01 9.394746195199e-01 9.411558800888e-01 9.427462617080e-01 9.442529390315e-01 9.456823508512e-01 9.470402920799e-01 9.483319922731e-01 9.495621829332e-01 9.507351554232e-01 9.518548109817e-01 9.529247040710e-01 9.539480800695e-01 9.549279081531e-01 9.558669100666e-01 9.567675853713e-01 9.576322336639e-01 9.584629741803e-01 9.592617631384e-01 9.600304091169e-01 9.607705867258e-01 9.614838487854e-01 9.621716371999e-01 9.628352926876e-01 9.634760635034e-01 9.640951132745e-01 9.646935280533e-01 9.652723226753e-01 9.658324465032e-01 9.663747886221e-01 9.669001825499e-01 9.674094105107e-01 9.679032073211e-01 9.683822639283e-01 9.688472306352e-01 9.692987200463e-01 9.697373097599e-01 9.701635448337e-01 9.705779400444e-01 9.709809819616e-01 9.713731308540e-01 9.717548224426e-01 9.721264695157e-01 9.724884634181e-01 9.728411754256e-01 9.731849580151e-01 9.735201460399e-01 9.738470578172e-01 9.741659961365e-01 9.744772491951e-01 9.747810914666e-01 9.750777845082e-01 9.753675777116e-01 9.756507090023e-01 9.759274054909e-01 9.761978840808e-01 9.764623520355e-01 9.767210075076e-01 9.769740400347e-01 9.772216310021e-01 9.774639540765e-01 9.777011756126e-01 9.779334550333e-01 9.781609451876e-01 9.783837926857e-01 9.786021382141e-01 9.788161168320e-01 9.790258582495e-01 9.792314870902e-01 9.794331231378e-01 9.796308815692e-01 9.798248731733e-01 9.800152045584e-01 9.802019783476e-01 9.803852933629e-01 9.805652448000e-01 9.807419243927e-01 9.809154205693e-01 9.810858186000e-01 9.812532007362e-01 9.814176463438e-01 9.815792320278e-01 9.817380317517e-01 9.818941169504e-01 9.820475566373e-01 9.821984175058e-01 9.823467640266e-01
1.000000000000e-12 2.915734990793e-04 6.727570975076e-02 3.007532990180e-01 4.711150582152e-01 5.765928958564e-01 6.471298661747e-01 6.975353773427e-01 7.353426002000e-01 7.647487797071e-01 7.882738478849e-01 8.075216632769e-01 8.235615189747e-01 8.371337076916e-01 8.487670134259e-01 8.588492121616e-01 8.676711362338e-01 8.754551869636e-01 8.823743432035e-01 8.885651672248e-01 8.941369088525e-01 8.991780084249e-01 9.037608262203e-01 9.079451381217e-01 9.117807573655e-01 9.153095270701e-01 9.185668529516e-01 9.215828954346e-01 9.243835063117e-01 9.269909716112e-01 9.294246058907e-01 9.317012315071e-01 9.338355680225e-01 9.358405508097e-01 9.377275934329e-01 9.395068050491e-01 9.411871715755e-01 9.427767074788e-01 9.442825835978e-01 9.457112353004e-01 9.470684544179e-01 9.483594677248e-01 9.495890042075e-01 9.507613529469e-01 9.518804131072e-01 9.529497372604e-01 9.539725690591e-01 9.549518761003e-01 9.558903786816e-01 9.567905750350e-01 9.576547635343e-01 9.584850622886e-01 9.592834264753e-01 9.600516637116e-01 9.607914477170e-01 9.615043304858e-01 9.621917531556e-01 9.628550557319e-01 9.634954858055e-01 9.641142063850e-01 9.647123029453e-01 9.652907897822e-01 9.658506157535e-01 9.663926694717e-01 9.669177840112e-01 9.674267411802e-01 9.679202754048e-01 9.683990772644e-01 9.688637967164e-01 9.693150460394e-01 9.697534025245e-01 9.701794109397e-01 9.705935857877e-01 9.709964133797e-01 9.713883537394e-01 9.717698423562e-01 9.721412917989e-01 9.725030932041e-01 9.728556176502e-01 9.731992174268e-01 9.735342272090e-01 9.738609651446e-01 9.741797338624e-01 9.744908214062e-01 9.747945021038e-01 9.750910373731e-01 9.753806764734e-01 9.756636572036e-01 9.759402065536e-01 9.762105413114e-01 9.764748686302e-01 9.767333865573e-01 9.769862845295e-01 9.772337438357e-01 9.774759380502e-01 9.777130334391e-01 9.779451893408e-01 9.781725585228e-01 9.783952875175e-01 9.786135169365e-01 9.788273817672e-01 9.790370116507e-01 9.792425311443e-01 9.794440599681e-01 9.796417132377e-01 9.798356016830e-01 9.800258318558e-01 9.802125063244e-01 9.803957238585e-01 9.805755796029e-01 9.807521652429e-01 9.809255691596e-01 9.810958765778e-01 9.812631697055e-01 9.814275278659e-01 9.815890276236e-01 9.817477429027e-01 9.819037451001e-01 9.820571031925e-01 9.822078838379e-01 9.823561514726e-01
1.000000000000e-12 2.932498973884e-04 6.751171312835e-02 3.011612925805e-01 4.714454851653e-01 5.768590825788e-01 6.473518865724e-01 6.977257100178e-01 7.355091469437e-01 7.648968225774e-01 7.884070868287e-01 8.076427897011e-01 8.236725515687e-01 8.372361993312e-01 8.488621842399e-01 8.589380382572e-01 8.677544106995e-01 8.755335629319e-01 8.824483649516e-01 8.886352930916e-01 8.942035284260e-01 8.992414556378e-01 9.038213894690e-01 9.080030681857e-01 9.118362736768e-01 9.153628227290e-01 9.186180987774e-01 9.216322432669e-01 9.244310917214e-01 9.270369161447e-01 9.294690189398e-01 9.317442118772e-01 9.338772052560e-01 9.358809263088e-01 9.377667814174e-01 9.395448733769e-01 9.412241824497e-01 9.428127180592e-01 9.443176465313e-01 9.457453991843e-01 9.471017642047e-01 9.483919650778e-01 9.496207278140e-01 9.507923387951e-01 9.519106947316e-01 9.529793459597e-01 9.540015340911e-01 9.549802248551e-01 9.559181368373e-01 9.568177666977e-01 9.576814113638e-01 9.585111876115e-01 9.593090493882e-01 9.600768031734e-01 9.608161216331e-01 9.615285557852e-01 9.622155458605e-01 9.628784310208e-01 9.635184580722e-01 9.641367892913e-01 9.647345094698e-01 9.653126322654e-01 9.658721059385e-01 9.664138185427e-01 9.669386026279e-01 9.674472395106e-01 9.679404631544e-01 9.684189637043e-01 9.688833907087e-01 9.693343560607e-01 9.697724366884e-01 9.701981770167e-01 9.706120912248e-01 9.710146653177e-01 9.714063590296e-01 9.717876075758e-01 9.721588232656e-01 9.725203969895e-01 9.728726995922e-01 9.732160831416e-01 9.735508821024e-01 9.738774144221e-01 9.741959825389e-01 9.745068743155e-01 9.748103639070e-01 9.751067125669e-01 9.753961693975e-01 9.756789720481e-01 9.759553473658e-01 9.762255120021e-01 9.764896729799e-01 9.767480282219e-01 9.770007670455e-01 9.772480706257e-01 9.774901124275e-01 9.777270586125e-01 9.779590684186e-01 9.781862945174e-01 9.784088833489e-01 9.786269754362e-01 9.788407056819e-01 9.790502036454e-01 9.792555938058e-01 9.794569958077e-01 9.796545246941e-01 9.798482911256e-01 9.800384015867e-01 9.802249585812e-01 9.804080608166e-01 9.805878033779e-01 9.807642778926e-01 9.809375726864e-01 9.811077729303e-01 9.812749607804e-01 9.814392155104e-01 9.816006136364e-01 9.817592290361e-01 9.819151330614e-01 9.820683946457e-01 9.822190804049e-01 9.823672547349e-01
1.000000000000e-12 2.952105507868e-04 6.778677201935e-02 3.016354606410e-01 4.718293568725e-01 5.771683109699e-01 6.476098056427e-01 6.979468175331e-01 7.357026225444e-01 7.650688024131e-01 7.885618690968e-01 8.077835009829e-01 8.238015369546e-01 8.373552627809e-01 8.489727431643e-01 8.590412265895e-01 8.678511497624e-01 8.756246114622e-01 8.825343552306e-01 8.887167575666e-01 8.942809196774e-01 8.993151615915e-01 9.038917451521e-01 9.080703649261e-01 9.119007663863e-01 9.154247357301e-01 9.186776305093e-01 9.216895701198e-01 9.244863711868e-01 9.270902894216e-01 9.295206131074e-01 9.317941417168e-01 9.339255747881e-01 9.359278300976e-01 9.378123056829e-01 9.395890969491e-01 9.412671775894e-01 9.428545511681e-01 9.443583787689e-01 9.457850870056e-01 9.471404598304e-01 9.484297169078e-01 9.496575807909e-01 9.508283347260e-01 9.519458725731e-01 9.530137420715e-01 9.540351824613e-01 9.550131573025e-01 9.559503831920e-01 9.568493549636e-01 9.577123678644e-01 9.585415371219e-01 9.593388152542e-01 9.601060074192e-01 9.608447850596e-01 9.615566980585e-01 9.622431855932e-01 9.629055858459e-01 9.635451447106e-01 9.641630236139e-01 9.647603065536e-01 9.653380064462e-01 9.658970708584e-01 9.664383871939e-01 9.669627873940e-01 9.674710522033e-01 9.679639150487e-01 9.684420655704e-01 9.689061528414e-01 9.693567883075e-01 9.697945484745e-01 9.702199773693e-01 9.706335887947e-01 9.710358684002e-01 9.714272755840e-01 9.718082452429e-01 9.721791893844e-01 9.725404986132e-01 9.728925435028e-01 9.732356758635e-01 9.735702299152e-01 9.738965233731e-01 9.742148584539e-01 9.745255228098e-01 9.748287903954e-01 9.751249222731e-01 9.754141673630e-01 9.756967631404e-01 9.759729362866e-01 9.762429032946e-01 9.765068710357e-01 9.767650372881e-01 9.770175912306e-01 9.772647139056e-01 9.775065786513e-01 9.777433515076e-01 9.779751915960e-01 9.782022514765e-01 9.784246774818e-01 9.786426100325e-01 9.788561839322e-01 9.790655286457e-01 9.792707685610e-01 9.794720232351e-01 9.796694076271e-01 9.798630323164e-01 9.800530037096e-01 9.802394242357e-01 9.804223925298e-01 9.806020036075e-01 9.807783490293e-01 9.809515170560e-01 9.811215927966e-01 9.812886583471e-01 9.814527929230e-01 9.816140729845e-01 9.817725723553e-01 9.819283623352e-01 9.820815118069e-01 9.822320873380e-01 9.823801532768e-01
1.000000000000e-12 2.974741192159e-04 6.810304790790e-02 3.021789082024e-01 4.722691193303e-01 5.775225457033e-01 6.479052614241e-01 6.982001040395e-01 7.359242556565e-01 7.652658113565e-01 7.887391776189e-01 8.079446906949e-01 8.239492942410e-01 8.374916541412e-01 8.490993922921e-01 8.591594324454e-01 8.679619677538e-01 8.757289107490e-01 8.826328601129e-01 8.888100779816e-01 8.943695740717e-01 8.993995943480e-01 9.039723400561e-01 9.081474557039e-01 9.119746450484e-01 9.154956592457e-01 9.187458261974e-01 9.217552400416e-01 9.245496957542e-01 9.271514303833e-01 9.295797160371e-01 9.318513381004e-01 9.339809837847e-01 9.359815600336e-01 9.378644553267e-01 9.396397566031e-01 9.413164300308e-01 9.429024724624e-01 9.444050389765e-01 9.458305507976e-01 9.471847870277e-01 9.484729629538e-01 9.496997971692e-01 9.508695693281e-01 9.519861700252e-01 9.530531440246e-01 9.540737278502e-01 9.550508825767e-01 9.559873225231e-01 9.568855404308e-01 9.577478296221e-01 9.585763035511e-01 9.593729130982e-01 9.601394619077e-01 9.608776200205e-01 9.615889360201e-01 9.622748478769e-01 9.629366926510e-01 9.635757151915e-01 9.641930759510e-01 9.647898580185e-01 9.653670734608e-01 9.659256690501e-01 9.664665314461e-01 9.669904918923e-01 9.674983304786e-01 9.679907800168e-01 9.684685295688e-01 9.689322276633e-01 9.693824852334e-01 9.698198783015e-01 9.702449504381e-01 9.706582150154e-01 9.710601572754e-01 9.714512362312e-01 9.718318864148e-01 9.722025194883e-01 9.725635257287e-01 9.729152753988e-01 9.732581200140e-01 9.735923935138e-01 9.739184133470e-01 9.742364814769e-01 9.745468853145e-01 9.748498985846e-01 9.751457821307e-01 9.754347846640e-01 9.757171434610e-01 9.759930850126e-01 9.762628256304e-01 9.765265720123e-01 9.767845217704e-01 9.770368639251e-01 9.772837793667e-01 9.775254412884e-01 9.777620155906e-01 9.779936612615e-01 9.782205307331e-01 9.784427702154e-01 9.786605200112e-01 9.788739148111e-01 9.790830839714e-01 9.792881517756e-01 9.794892376807e-01 9.796864565491e-01 9.798799188677e-01 9.800697309538e-01 9.802559951505e-01 9.804388100103e-01 9.806182704689e-01 9.807944680101e-01 9.809674908208e-01 9.811374239385e-01 9.813043493903e-01 9.814683463255e-01 9.816294911401e-01 9.817878575958e-01 9.819435169325e-01 9.820965379755e-01 9.822469872362e-01 9.823949290092e-01
1.000000000000e-12 3.000610533672e-04 6.846284426173e-02 3.027948487941e-01 4.727672924184e-01 5.779238098141e-01 6.482399405029e-01 6.984870152871e-01 7.361753113311e-01 7.654889739020e-01 7.889400244411e-01 8.081272788797e-01 8.241166668003e-01 8.376461519094e-01 8.492428545140e-01 8.592933305229e-01 8.680874972031e-01 8.758470561138e-01 8.827444418468e-01 8.889157869928e-01 8.944699976325e-01 8.994952358346e-01 9.040636342024e-01 9.082347805395e-01 9.120583313492e-01 9.155759980945e-01 9.188230750904e-01 9.218296278646e-01 9.246214268692e-01 9.272206880115e-01 9.296466650777e-01 9.319161274945e-01 9.340437485103e-01 9.360424227978e-01 9.379235280096e-01 9.396971414951e-01 9.413722208980e-01 9.429567554683e-01 9.444578934823e-01 9.458820500597e-01 9.472349988082e-01 9.485219500567e-01 9.497476179125e-01 9.509162779611e-01 9.520318170983e-01 9.530977767184e-01 9.541173902680e-01 9.550936160069e-01 9.560291656735e-01 9.569265296393e-01 9.577879990465e-01 9.586156853397e-01 9.594115375447e-01 9.601773575911e-01 9.609148139320e-01 9.616254536787e-01 9.623107134344e-01 9.629719289882e-01 9.636103440056e-01 9.642271178360e-01 9.648233325388e-01 9.653999992185e-01 9.659580637472e-01 9.664984119417e-01 9.670218742551e-01 9.675292300358e-01 9.680212113989e-01 9.684985067511e-01 9.689617640048e-01 9.694115935120e-01 9.698485707475e-01 9.702732387652e-01 9.706861104490e-01 9.710876705798e-01 9.714783777341e-01 9.718586660310e-01 9.722289467411e-01 9.725896097705e-01 9.729410250298e-01 9.732835437003e-01 9.736174994041e-01 9.739432092880e-01 9.742609750284e-01 9.745710837630e-01 9.748738089563e-01 9.751694112038e-01 9.754581389805e-01 9.757402293371e-01 9.760159085492e-01 9.762853927228e-01 9.765488883592e-01 9.768065928827e-01 9.770586951340e-01 9.773053758315e-01 9.775468080035e-01 9.777831573929e-01 9.780145828367e-01 9.782412366219e-01 9.784632648197e-01 9.786808075993e-01 9.788939995233e-01 9.791029698250e-01 9.793078426699e-01 9.795087374012e-01 9.797057687724e-01 9.798990471650e-01 9.800886787955e-01 9.802747659096e-01 9.804574069660e-01 9.806366968103e-01 9.808127268393e-01 9.809855851561e-01 9.811553567172e-01 9.813221234719e-01 9.814859644941e-01 9.816469561072e-01 9.818051720028e-01 9.819606833532e-01 9.821135589180e-01 9.822638651456e-01 9.824116662694e-01
1.000000000000e-12 3.029937998605e-04 6.886861718284e-02 3.034866052340e-01 4.733264690714e-01 5.783741839173e-01 6.486155773488e-01 6.988090380535e-01 7.364570905154e-01 7.657394464511e-01 7.891654503258e-01 8.083322116850e-01 8.243045219346e-01 8.378195566724e-01 8.494038732320e-01 8.594436146638e-01 8.682283885871e-01 8.759796597702e-01 8.828696786338e-01 8.890344323702e-01 8.945827107412e-01 8.996025816524e-01 9.041661006649e-01 9.083327919384e-01 9.121522589399e-01 9.156661685816e-01 9.189097774818e-01 9.219131190563e-01 9.247019362327e-01 9.272984211901e-01 9.297218071503e-01 9.319888456293e-01 9.341141942033e-01 9.361107337729e-01 9.379898298384e-01 9.397615489859e-01 9.414348392918e-01 9.430176814731e-01 9.445172161712e-01 9.459398516540e-01 9.472913553626e-01 9.485769320611e-01 9.498012908215e-01 9.509687026629e-01 9.520830503296e-01 9.531478714334e-01 9.541663959675e-01 9.551415790320e-01 9.560761294688e-01 9.569725349899e-01 9.578330842901e-01 9.586598865589e-01 9.594548887405e-01 9.602198908397e-01 9.609565595278e-01 9.616664402637e-01 9.623509681161e-01 9.630114774474e-01 9.636492105949e-01 9.642653256696e-01 9.648609035751e-01 9.654369543361e-01 9.659944228146e-01 9.665341938810e-01 9.670570971016e-01 9.675639109924e-01 9.680553668864e-01 9.685321524553e-01 9.689949149192e-01 9.694442639783e-01 9.698807744929e-01 9.703049889367e-01 9.707174196459e-01 9.711185508836e-01 9.715088407365e-01 9.718887228601e-01 9.722586080856e-01 9.726188859026e-01 9.729699258270e-01 9.733120786646e-01 9.736456776813e-01 9.739710396852e-01 9.742884660305e-01 9.745982435482e-01 9.749006454108e-01 9.751959319353e-01 9.754843513314e-01 9.757661403966e-01 9.760415251648e-01 9.763107215113e-01 9.765739357167e-01 9.768313649945e-01 9.770831979837e-01 9.773296152097e-01 9.775707895160e-01 9.778068864685e-01 9.780380647344e-01 9.782644764382e-01 9.784862674949e-01 9.787035779243e-01 9.789165421450e-01 9.791252892525e-01 9.793299432794e-01 9.795306234418e-01 9.797274443702e-01 9.799205163286e-01 9.801099454199e-01 9.802958337804e-01 9.804782797639e-01 9.806573781147e-01 9.808332201318e-01 9.810058938244e-01 9.811754840581e-01 9.813420726947e-01 9.815057387237e-01 9.816665583870e-01 9.818246052974e-01 9.819799505513e-01 9.821326628348e-01 9.822828085252e-01 9.824304517875e-01
1.000000000000e-12 3.062970331320e-04 6.932298683146e-02 3.042576099719e-01 4.739493140509e-01 5.788758051036e-01 6.490339533815e-01 6.991676993422e-01 7.367709293506e-01 7.660184166879e-01 7.894165241895e-01 8.085604608535e-01 8.245137504083e-01 8.380126906740e-01 8.495832119584e-01 8.596109974796e-01 8.683853099789e-01 8.761273504929e-01 8.830091643168e-01 8.891665767018e-01 8.947082478563e-01 8.997221408098e-01 9.042802253151e-01 9.084419546474e-01 9.122568732026e-01 9.157665982738e-01 9.190063444936e-01 9.220061095121e-01 9.247916056008e-01 9.273849985110e-01 9.298054985605e-01 9.320698373166e-01 9.341926549004e-01 9.361868168731e-01 9.380636752003e-01 9.398332844803e-01 9.415045821336e-01 9.430855393733e-01 9.445832883371e-01 9.460042296618e-01 9.473541239203e-01 9.486381696783e-01 9.498610704002e-01 9.510270920188e-01 9.521401126548e-01 9.532036657069e-01 9.542209773220e-01 9.551949990811e-01 9.561284366002e-01 9.570237746288e-01 9.578832991362e-01 9.587091168002e-01 9.595031722463e-01 9.602672633360e-01 9.610030547557e-01 9.617120901238e-01 9.623958028002e-01 9.630555255581e-01 9.636924992553e-01 9.643078806239e-01 9.649027492802e-01 9.654781140461e-01 9.660349186582e-01 9.665740469335e-01 9.670963274502e-01 9.676025377971e-01 9.680934084365e-01 9.685696262210e-01 9.690318376002e-01 9.694806515480e-01 9.699166422401e-01 9.703403515044e-01 9.707522910668e-01 9.711529446138e-01 9.715427696866e-01 9.719221994241e-01 9.722916441686e-01 9.726514929456e-01 9.730021148309e-01 9.733438602128e-01 9.736770619601e-01 9.740020365038e-01 9.743190848391e-01 9.746284934555e-01 9.749305352001e-01 9.752254700801e-01 9.755135460094e-01 9.757949995036e-01 9.760700563274e-01 9.763389320990e-01 9.766018328534e-01 9.768589555693e-01 9.771104886610e-01 9.773566124388e-01 9.775974995405e-01 9.778333153348e-01 9.780642183001e-01 9.782903603795e-01 9.785118873144e-01 9.787289389577e-01 9.789416495681e-01 9.791501480872e-01 9.793545584001e-01 9.795549995807e-01 9.797515861232e-01 9.799444281601e-01 9.801336316680e-01 9.803192986618e-01 9.805015273779e-01 9.806804124478e-01 9.808560450619e-01 9.810285131244e-01 9.811979014001e-01 9.813642916532e-01 9.815277627790e-01 9.816883909288e-01 9.818462496277e-01 9.820014098873e-01 9.821539403119e-01 9.823039072001e-01 9.824513746401e-01
1.000000000000e-12 3.099979179169e-04 6.982874965999e-02 3.051114049542e-01 4.746385622817e-01 5.794308654833e-01 6.494968957439e-01 6.995645653282e-01 7.371181982498e-01 7.663271027594e-01 7.896943423650e-01 8.088130230515e-01 8.247452658322e-01 8.382263972475e-01 8.497816537881e-01 8.597962098589e-01 8.685589465868e-01 8.762907731837e-01 8.831635079698e-01 8.893127970049e-01 8.948471571444e-01 8.998544353699e-01 9.044065064863e-01 9.085627453328e-01 9.123726309428e-01 9.158777257044e-01 9.191131977923e-01 9.221090052812e-01 9.248908265210e-01 9.274807980201e-01 9.298981047527e-01 9.321594562123e-01 9.342794732056e-01 9.362710043206e-01 9.381453865464e-01 9.399126612165e-01 9.415817539605e-01 9.431606254751e-01 9.446563984889e-01 9.460754651943e-01 9.474235785644e-01 9.487059303067e-01 9.499272176804e-01 9.510917009902e-01 9.522032532404e-01 9.532654031684e-01 9.542813726647e-01 9.552541094165e-01 9.561863154703e-01 9.570804722975e-01 9.579388628515e-01 9.587635910309e-01 9.595565988957e-01 9.603196819354e-01 9.610545026403e-01 9.617626025923e-01 9.624454132603e-01 9.631042656592e-01 9.637403990099e-01 9.643549685182e-01 9.649490523763e-01 9.655236580750e-01 9.660797281061e-01 9.666181451203e-01 9.671397366028e-01 9.676452791166e-01 9.681355021602e-01 9.686110916802e-01 9.690726932732e-01 9.695209151098e-01 9.699563306082e-01 9.703794808814e-01 9.707908769802e-01 9.711910019531e-01 9.715803127375e-01 9.719592419010e-01 9.723281992444e-01 9.726875732802e-01 9.730377325971e-01 9.733790271212e-01 9.737117892822e-01 9.740363350935e-01 9.743529651534e-01 9.746619655732e-01 9.749636088402e-01 9.752581546185e-01 9.755458504951e-01 9.758269326733e-01 9.761016266202e-01 9.763701476694e-01 9.766327015842e-01 9.768894850833e-01 9.771406863324e-01 9.773864854040e-01 9.776270547083e-01 9.778625593955e-01 9.780931577352e-01 9.783190014699e-01 9.785402361487e-01 9.787570014402e-01 9.789694314258e-01 9.791776548770e-01 9.793817955155e-01 9.795819722580e-01 9.797782994479e-01 9.799708870722e-01 9.801598409677e-01 9.803452630147e-01 9.805272513202e-01 9.807059003906e-01 9.808813012962e-01 9.810535418250e-01 9.812227066302e-01 9.813888773679e-01 9.815521328296e-01 9.817125490659e-01 9.818701995050e-01 9.820251550648e-01 9.821774842591e-01 9.823272532990e-01 9.824745261881e-01
1.000000000000e-12 3.141264068356e-04 7.038889149067e-02 3.060516409438e-01 4.753970167131e-01 5.800416103476e-01 6.500062757558e-01 7.000012400312e-01 7.375003007354e-01 7.666667522425e-01 7.900000276719e-01 8.090909190241e-01 8.250000038893e-01 8.384615401003e-01 8.500000007352e-01 8.600000003483e-01 8.687500001730e-01 8.764705883249e-01 8.833333333815e-01 8.894736842373e-01 8.950000000153e-01 9.000000000090e-01 9.045454545509e-01 9.086956521773e-01 9.125000000021e-01 9.160000000013e-01 9.192307692316e-01 9.222222222228e-01 9.250000000004e-01 9.275862068968e-01 9.300000000002e-01 9.322580645163e-01 9.343750000001e-01 9.363636363637e-01 9.382352941177e-01 9.400000000000e-01 9.416666666667e-01 9.432432432433e-01 9.447368421053e-01 9.461538461539e-01 9.475000000000e-01 9.487804878049e-01 9.500000000000e-01 9.511627906977e-01 9.522727272727e-01 9.533333333333e-01 9.543478260870e-01 9.553191489362e-01 9.562500000000e-01 9.571428571429e-01 9.580000000000e-01 9.588235294118e-01 9.596153846154e-01 9.603773584906e-01 9.611111111111e-01 9.618181818182e-01 9.625000000000e-01 9.631578947368e-01 9.637931034483e-01 9.644067796610e-01 9.650000000000e-01 9.655737704918e-01 9.661290322581e-01 9.666666666667e-01 9.671875000000e-01 9.676923076923e-01 9.681818181818e-01 9.686567164179e-01 9.691176470588e-01 9.695652173913e-01 9.700000000000e-01 9.704225352113e-01 9.708333333333e-01 9.712328767123e-01 9.716216216216e-01 9.720000000000e-01 9.723684210526e-01 9.727272727273e-01 9.730769230769e-01 9.734177215190e-01 9.737500000000e-01 9.740740740741e-01 9.743902439024e-01 9.746987951807e-01 9.750000000000e-01 9.752941176471e-01 9.755813953488e-01 9.758620689655e-01 9.761363636364e-01 9.764044943820e-01 9.766666666667e-01 9.769230769231e-01 9.771739130435e-01 9.774193548387e-01 9.776595744681e-01 9.778947368421e-01 9.781250000000e-01 9.783505154639e-01 9.785714285714e-01 9.787878787879e-01 9.790000000000e-01 9.792079207921e-01 9.794117647059e-01 9.796116504854e-01 9.798076923077e-01 9.800000000000e-01 9.801886792453e-01 9.803738317757e-01 9.805555555556e-01 9.807339449541e-01 9.809090909091e-01 9.810810810811e-01 9.812500000000e-01 9.814159292035e-01 9.815789473684e-01 9.817391304348e-01 9.818965517241e-01 9.820512820513e-01 9.822033898305e-01 9.823529411765e-01 9.825000000000e-01
1.000000000000e-12 3.187155783224e-04 7.100660146569e-02 3.070820762244e-01 4.762275456627e-01 5.807103359153e-01 6.505640070225e-01 7.004793636921e-01 7.379186720193e-01 7.670386408810e-01 7.903347282797e-01 8.093951925619e-01 8.252789213876e-01 8.387190024396e-01 8.502390729209e-01 8.602231343940e-01 8.689591883435e-01 8.766674713101e-01 8.835192784237e-01 8.896498426987e-01 8.951673505538e-01 9.001593814743e-01 9.046975914042e-01 9.088411743848e-01 9.126394587844e-01 9.161338804323e-01 9.193595004153e-01 9.223461855848e-01 9.251195360995e-01 9.277016210615e-01 9.301115670260e-01 9.323660326058e-01 9.344795940868e-01 9.364650609326e-01 9.383337356111e-01 9.400956288793e-01 9.417596391882e-01 9.433337029939e-01 9.448249213362e-01 9.462396669430e-01 9.475836752694e-01 9.488621222140e-01 9.500796907327e-01 9.512406281576e-01 9.523487956994e-01 9.534077113506e-01 9.544205871908e-01 9.553903619314e-01 9.563197293912e-01 9.572111634852e-01 9.580669402155e-01 9.588891570740e-01 9.596797502072e-01 9.604405096373e-01 9.611730927921e-01 9.618790365595e-01 9.625597680496e-01 9.632166142241e-01 9.638508105306e-01 9.644635086572e-01 9.650557835129e-01 9.656286395209e-01 9.661830163028e-01 9.667197938218e-01 9.672397970434e-01 9.677438001658e-01 9.682325304663e-01 9.687066718026e-01 9.691668678055e-01 9.696137247938e-01 9.700478144396e-01 9.704696762081e-01 9.708798195941e-01 9.712787261750e-01 9.716668514970e-01 9.720446268103e-01 9.724124606681e-01 9.727707403997e-01 9.731198334715e-01 9.734600887440e-01 9.737918376347e-01 9.741153951948e-01 9.744310611070e-01 9.747391206117e-01 9.750398453664e-01 9.753334942444e-01 9.756203140788e-01 9.759005403537e-01 9.761743978497e-01 9.764421012447e-01 9.767038556753e-01 9.769598572613e-01 9.772102935954e-01 9.774553442019e-01 9.776951809657e-01 9.779299685345e-01 9.781598646956e-01 9.783850207296e-01 9.786055817426e-01 9.788216869775e-01 9.790334701078e-01 9.792410595126e-01 9.794445785370e-01 9.796441457357e-01 9.798398751036e-01 9.800318762931e-01 9.802202548186e-01 9.804051122502e-01 9.805865463961e-01 9.807646514750e-01 9.809395182798e-01 9.811112343313e-01 9.812798840248e-01 9.814455487679e-01 9.816083071121e-01 9.817682348763e-01 9.819254052653e-01 9.820798889810e-01 9.822317543286e-01 9.823810673174e-01 9.825278917565e-01
1.000000000000e-12 3.238020209936e-04 7.168528689182e-02 3.082065746135e-01 4.771330796018e-01 5.814393866334e-01 6.511720431716e-01 7.010006108313e-01 7.383747773025e-01 7.674440710749e-01 7.906996163479e-01 8.097269092643e-01 8.255829951265e-01 8.389996859266e-01 8.504997076018e-01 8.604663934357e-01 8.691872436979e-01 8.768821116450e-01 8.837219942963e-01 8.898418893151e-01 8.953497948396e-01 9.003331379371e-01 9.048634498460e-01 9.089998215901e-01 9.127914956894e-01 9.162798358612e-01 9.194998421738e-01 9.224813295005e-01 9.252498534467e-01 9.278274447070e-01 9.302331965501e-01 9.324837385968e-01 9.345936217656e-01 9.365756332272e-01 9.384410557794e-01 9.401998827571e-01 9.418609971249e-01 9.434323215270e-01 9.449209446447e-01 9.463332281153e-01 9.476748974124e-01 9.489511194268e-01 9.501665689642e-01 9.513254859650e-01 9.524317249204e-01 9.534887976999e-01 9.544999107934e-01 9.554679977978e-01 9.563957478437e-01 9.572856305408e-01 9.581399179299e-01 9.589607038529e-01 9.597499210865e-01 9.605093565377e-01 9.612406647499e-01 9.619453799363e-01 9.626249267232e-01 9.632806297631e-01 9.639137223534e-01 9.645253541779e-01 9.651165982749e-01 9.656884573196e-01 9.662418692983e-01 9.667777126428e-01 9.672968108828e-01 9.677999368692e-01 9.682878166136e-01 9.687611327835e-01 9.692205278897e-01 9.696666071956e-01 9.700999413785e-01 9.705210689647e-01 9.709304985625e-01 9.713287109109e-01 9.717161607635e-01 9.720932786200e-01 9.724604723223e-01 9.728181285259e-01 9.731666140577e-01 9.735062771709e-01 9.738374487062e-01 9.741604431666e-01 9.744755597134e-01 9.747830830903e-01 9.750832844821e-01 9.753764223117e-01 9.756627429825e-01 9.759424815689e-01 9.762158624602e-01 9.764830999606e-01 9.767443988500e-01 9.769999549066e-01 9.772499553967e-01 9.774945795322e-01 9.777339988989e-01 9.779683778579e-01 9.781978739218e-01 9.784226381082e-01 9.786428152704e-01 9.788585444091e-01 9.790699589650e-01 9.792771870940e-01 9.794803519264e-01 9.796795718106e-01 9.798749605432e-01 9.800666275857e-01 9.802546782688e-01 9.804392139860e-01 9.806203323750e-01 9.807981274908e-01 9.809726899681e-01 9.811441071757e-01 9.813124633616e-01 9.814778397920e-01 9.816403148816e-01 9.817999643174e-01 9.819568611767e-01 9.821110760384e-01 9.822626770890e-01 9.824117302227e-01 9.825582991375e-01
1.000000000000e-12 3.294262715656e-04 7.242858899232e-02 3.094291027024e-01 4.781166073398e-01 5.822311519991e-01 6.518323751916e-01 7.015666879652e-01 7.388701097779e-01 7.678843701044e-01 7.910958864282e-01 8.100871550871e-01 8.259132205656e-01 8.393045094469e-01 8.507827580288e-01 8.607305738408e-01 8.694349128307e-01 8.771152120068e-01 8.839421446386e-01 8.900504527977e-01 8.955479301483e-01 9.005218382312e-01 9.050435728541e-01 9.091721131630e-01 9.129566084468e-01 9.164383441083e-01 9.196522539499e-01 9.226280963960e-01 9.253913786674e-01 9.279640897477e-01 9.303652867561e-01 9.326115678284e-01 9.347174563337e-01 9.366957152327e-01 9.385576059611e-01 9.403131029336e-01 9.419710722966e-01 9.435394216940e-01 9.450252263862e-01 9.464348359661e-01 9.477739650669e-01 9.490477707970e-01 9.502609191114e-01 9.514176419227e-01 9.525217864245e-01 9.535768578373e-01 9.545860565799e-01 9.555523106952e-01 9.564783042224e-01 9.573665020954e-01 9.582191720535e-01 9.590384039740e-01 9.598261269745e-01 9.605841245788e-01 9.613140481977e-01 9.620174291396e-01 9.626956893335e-01 9.633501509241e-01 9.639820448737e-01 9.645925186894e-01 9.651826433779e-01 9.657534197160e-01 9.663057839141e-01 9.668406127409e-01 9.673587281668e-01 9.678609015796e-01 9.683478576163e-01 9.688202776519e-01 9.692788029805e-01 9.697240377199e-01 9.701565514668e-01 9.705768817278e-01 9.709855361483e-01 9.713829945572e-01 9.717697108470e-01 9.721461147024e-01 9.725126131931e-01 9.728695922426e-01 9.732174179830e-01 9.735564380086e-01 9.738869825335e-01 9.742093654651e-01 9.745238853985e-01 9.748308265383e-01 9.751304595557e-01 9.754230423844e-01 9.757088209614e-01 9.759880299158e-01 9.762608932122e-01 9.765276247492e-01 9.767884289186e-01 9.770435011283e-01 9.772930282900e-01 9.775371892761e-01 9.777761553476e-01 9.780100905545e-01 9.782391521112e-01 9.784634907492e-01 9.786832510477e-01 9.788985717442e-01 9.791095860268e-01 9.793164218087e-01 9.795192019870e-01 9.797180446862e-01 9.799130634873e-01 9.801043676445e-01 9.802920622894e-01 9.804762486231e-01 9.806570240989e-01 9.808344825934e-01 9.810087145698e-01 9.811798072313e-01 9.813478446667e-01 9.815129079883e-01 9.816750754621e-01 9.818344226320e-01 9.819910224369e-01 9.821449453220e-01 9.822962593447e-01 9.824450302746e-01 9.825913216890e-01
1.000000000000e-12 3.356333146267e-04 7.324039956722e-02 3.107537262394e-01 4.791811715639e-01 5.830880628721e-01 6.525470283468e-01 7.021793309606e-01 7.394061883135e-01 7.683608880708e-01 7.915247536107e-01 8.104770346575e-01 8.262706102794e-01 8.396344076847e-01 8.510890921231e-01 8.610164856692e-01 8.697029551730e-01 8.773674871540e-01 8.841804045006e-01 8.902761726674e-01 8.957623640247e-01 9.007260609707e-01 9.052385127418e-01 9.093585774035e-01 9.131353033440e-01 9.166098912097e-01 9.198172030858e-01 9.227869363046e-01 9.255445457222e-01 9.281119751799e-01 9.305082426739e-01 9.327499122650e-01 9.348514775067e-01 9.368256751580e-01 9.386837435356e-01 9.404356365775e-01 9.420902022281e-01 9.436553318976e-01 9.451380863213e-01 9.465448020567e-01 9.478811820053e-01 9.491523726881e-01 9.503630304812e-01 9.515173786095e-01 9.526192563684e-01 9.536721617825e-01 9.546792887002e-01 9.556435591534e-01 9.565676516711e-01 9.574540261267e-01 9.583049456042e-01 9.591224956904e-01 9.599086015425e-01 9.606650430228e-01 9.613934681520e-01 9.620954050947e-01 9.627722728609e-01 9.634253908809e-01 9.640559875898e-01 9.646652081392e-01 9.652541213368e-01 9.658237259051e-01 9.663749561324e-01 9.669086869875e-01 9.674257387533e-01 9.679268812340e-01 9.684128375789e-01 9.688842877643e-01 9.693418717678e-01 9.697861924668e-01 9.702178182887e-01 9.706372856368e-01 9.710451011140e-01 9.714417435645e-01 9.718276659488e-01 9.722032970695e-01 9.725690431607e-01 9.729252893534e-01 9.732724010283e-01 9.736107250660e-01 9.739405910026e-01 9.742623121014e-01 9.745761863440e-01 9.748824973519e-01 9.751815152406e-01 9.754734974142e-01 9.757586893048e-01 9.760373250599e-01 9.763096281842e-01 9.765758121372e-01 9.768360808912e-01 9.770906294529e-01 9.773396443501e-01 9.775833040883e-01 9.778217795767e-01 9.780552345285e-01 9.782838258355e-01 9.785077039197e-01 9.787270130634e-01 9.789418917193e-01 9.791524728021e-01 9.793588839625e-01 9.795612478452e-01 9.797596823321e-01 9.799543007713e-01 9.801452121925e-01 9.803325215114e-01 9.805163297216e-01 9.806967340760e-01 9.808738282588e-01 9.810477025474e-01 9.812184439659e-01 9.813861364305e-01 9.815508608868e-01 9.817126954404e-01 9.818717154801e-01 9.820279937949e-01 9.821816006856e-01 9.823326040696e-01 9.824810695816e-01 9.826270606684e-01
1.000000000000e-12 3.424731539762e-04 7.412487854756e-02 3.121846055660e-01 4.803298636949e-01 5.840125872459e-01 6.533180586415e-01 7.028403020017e-01 7.399845547999e-01 7.688749955384e-01 7.919874514019e-01 8.108976693444e-01 8.266561921897e-01 8.399903294907e-01 8.514195909601e-01 8.613249512579e-01 8.699921416657e-01 8.776396626782e-01 8.844374591632e-01 8.905196981376e-01 8.959937132216e-01 9.009463935393e-01 9.054488301938e-01 9.095597506185e-01 9.133280943417e-01 9.167949705674e-01 9.199951640068e-01 9.229583060804e-01 9.257097951488e-01 9.282715263504e-01 9.306624754720e-01 9.328991698116e-01 9.349960707549e-01 9.369658867926e-01 9.388198312987e-01 9.405678361188e-01 9.422187295599e-01 9.437803855177e-01 9.452598490567e-01 9.466634426707e-01 9.479968566039e-01 9.492652259550e-01 9.504731967656e-01 9.516249828873e-01 9.527244150944e-01 9.537749836479e-01 9.547798753077e-01 9.557420056203e-01 9.566640471699e-01 9.575484543705e-01 9.583974852831e-01 9.592132208658e-01 9.599975820030e-01 9.607523446067e-01 9.614791530399e-01 9.621795320756e-01 9.628548975742e-01 9.635065660378e-01 9.641357631751e-01 9.647436315959e-01 9.653312377359e-01 9.658995781009e-01 9.664495849057e-01 9.669821311771e-01 9.674980353774e-01 9.679980656024e-01 9.684829433963e-01 9.689533472262e-01 9.694099156493e-01 9.698532502051e-01 9.702839180594e-01 9.707024544247e-01 9.711093647799e-01 9.715051269062e-01 9.718901927589e-01 9.722649901887e-01 9.726299245284e-01 9.729853800540e-01 9.733317213353e-01 9.736692944830e-01 9.739984283019e-01 9.743194353599e-01 9.746326129775e-01 9.749382441464e-01 9.752365983828e-01 9.755279325195e-01 9.758124914437e-01 9.760905087834e-01 9.763622075472e-01 9.766278007208e-01 9.768874918240e-01 9.771414754303e-01 9.773899376539e-01 9.776330566038e-01 9.778710028102e-01 9.781039396227e-01 9.783320235850e-01 9.785554047851e-01 9.787742271853e-01 9.789886289309e-01 9.791987426416e-01 9.794046956847e-01 9.796066104329e-01 9.798046045064e-01 9.799987910015e-01 9.801892787062e-01 9.803761723034e-01 9.805595725622e-01 9.807395765200e-01 9.809162776528e-01 9.810897660378e-01 9.812601285059e-01 9.814274487871e-01 9.815918076474e-01 9.817532830189e-01 9.819119501231e-01 9.820678815876e-01 9.822211475569e-01 9.823718157979e-01 9.825199517996e-01 9.826656188680e-01
1.000000000000e-12 3.500014669133e-04 7.508647240995e-02 3.137259900146e-01 4.815658180150e-01 5.850072254483e-01 6.541475488108e-01 7.035513861527e-01 7.406067711409e-01 7.694280808598e-01 7.924852293174e-01 8.113501950707e-01 8.270710075585e-01 8.403732360298e-01 8.517751470503e-01 8.616568036165e-01 8.703032532555e-01 8.779324735879e-01 8.847140028010e-01 8.907816868475e-01 8.962426024962e-01 9.011834309439e-01 9.056750931709e-01 9.097761760749e-01 9.135355020708e-01 9.169940819874e-01 9.201866172952e-01 9.231426685063e-01 9.258875732023e-01 9.284431741263e-01 9.308284016554e-01 9.330597435374e-01 9.351516265518e-01 9.371167287775e-01 9.389662367546e-01 9.407100585616e-01 9.423570013794e-01 9.439149202610e-01 9.453908434120e-01 9.467910781963e-01 9.481213012414e-01 9.493866353575e-01 9.505917154680e-01 9.517407453408e-01 9.528375465831e-01 9.538856011035e-01 9.548880880360e-01 9.558479159501e-01 9.567677510345e-01 9.576500418297e-01 9.584970409931e-01 9.593108245031e-01 9.600933086472e-01 9.608462650878e-01 9.615713342529e-01 9.622700372665e-01 9.629437866010e-01 9.635938956080e-01 9.642215870630e-01 9.648280008416e-01 9.654142008276e-01 9.659811811419e-01 9.665298717686e-01 9.670611436453e-01 9.675758132759e-01 9.680746469178e-01 9.685583643887e-01 9.690276425322e-01 9.694831183773e-01 9.699253920240e-01 9.703550292808e-01 9.707725640797e-01 9.711785006897e-01 9.715733157487e-01 9.719574601305e-01 9.723313606621e-01 9.726954217060e-01 9.730500266189e-01 9.733955390982e-01 9.737323044260e-01 9.740606506207e-01 9.743808895019e-01 9.746933176787e-01 9.749982174657e-01 9.752958577340e-01 9.755864947018e-01 9.758703726704e-01 9.761477247087e-01 9.764187732915e-01 9.766837308950e-01 9.769428005517e-01 9.771961763698e-01 9.774440440180e-01 9.776865811791e-01 9.779239579751e-01 9.781563373648e-01 9.783838755173e-01 9.786067221614e-01 9.788250209149e-01 9.790389095925e-01 9.792485204966e-01 9.794539806897e-01 9.796554122515e-01 9.798529325209e-01 9.800466543236e-01 9.802366861872e-01 9.804231325439e-01 9.806060939220e-01 9.807856671264e-01 9.809619454097e-01 9.811350186332e-01 9.813049734203e-01 9.814718933005e-01 9.816358588465e-01 9.817969478040e-01 9.819552352144e-01 9.821107935315e-01 9.822636927321e-01 9.824140004208e-01 9.825617819299e-01 9.827071004138e-01
1.000000000000e-12 3.582803548405e-04 7.612993339373e-02 3.153822111725e-01 4.828922050329e-01 5.860745047430e-01 6.550376038130e-01 7.043143874929e-01 7.412744158723e-01 7.700215471700e-01 7.930193501763e-01 8.118357598530e-01 8.275161087344e-01 8.407840987007e-01 8.521566624066e-01 8.620128846238e-01 8.706370792036e-01 8.782466627173e-01 8.850107369796e-01 8.910628034382e-01 8.965096632577e-01 9.014377745264e-01 9.059178756815e-01 9.100084028242e-01 9.137580527056e-01 9.172077305968e-01 9.203920486504e-01 9.233404912928e-01 9.260783308893e-01 9.286273539620e-01 9.310064421632e-01 9.332320408031e-01 9.353185395280e-01 9.372785837847e-01 9.391233313204e-01 9.408626647112e-01 9.425053684692e-01 9.440592774295e-01 9.455314017077e-01 9.469280324331e-01 9.482548316223e-01 9.495169088998e-01 9.507188872593e-01 9.518649596487e-01 9.529589378385e-01 9.540042947754e-01 9.550042014107e-01 9.559615588275e-01 9.568790263519e-01 9.577590462223e-01 9.586038652978e-01 9.594155542136e-01 9.601960243248e-01 9.609470427338e-01 9.616702456461e-01 9.623671502708e-01 9.630391654445e-01 9.636876011385e-01 9.643136769809e-01 9.649185299134e-01 9.655032210815e-01 9.660687420474e-01 9.666160204015e-01 9.671459248396e-01 9.676592697639e-01 9.681568194599e-01 9.686392918923e-01 9.691073621626e-01 9.695616656602e-01 9.700028009405e-01 9.704313323556e-01 9.708477924633e-01 9.712526842346e-01 9.716464830807e-01 9.720296387148e-01 9.724025768652e-01 9.727657008538e-01 9.731193930505e-01 9.734640162166e-01 9.737999147455e-01 9.741274158111e-01 9.744468304308e-01 9.747584544499e-01 9.750625694565e-01 9.753594436297e-01 9.756493325281e-01 9.759324798243e-01 9.762091179873e-01 9.764794689192e-01 9.767437445494e-01 9.770021473877e-01 9.772548710428e-01 9.775021007053e-01 9.777440136010e-01 9.779807794137e-01 9.782125606831e-01 9.784395131760e-01 9.786617862360e-01 9.788795231111e-01 9.790928612615e-01 9.793019326489e-01 9.795068640088e-01 9.797077771068e-01 9.799047889795e-01 9.800980121624e-01 9.802875549037e-01 9.804735213669e-01 9.806560118214e-01 9.808351228231e-01 9.810109473843e-01 9.811835751354e-01 9.813530924765e-01 9.815195827222e-01 9.816831262380e-01 9.818438005692e-01 9.820016805643e-01 9.821568384905e-01 9.823093441444e-01 9.824592649567e-01 9.826066660915e-01 9.827516105408e-01
1.000000000000e-12 3.673792058908e-04 7.726033943370e-02 3.171576749175e-01 4.843122240471e-01 5.872169733065e-01 6.559903458047e-01 7.051311248087e-01 7.419890803920e-01 7.706568090352e-01 7.935910870857e-01 8.123555210606e-01 8.279925566388e-01 8.412238968154e-01 8.525650463900e-01 8.623940430168e-01 8.709944152009e-01 8.785829789519e-01 8.853283689799e-01 8.913637179653e-01 8.967955320587e-01 9.017100305274e-01 9.061777564099e-01 9.102569843906e-01 9.139962767067e-01 9.174364256379e-01 9.206119477284e-01 9.235522459605e-01 9.262825228903e-01 9.288245048595e-01 9.311970213641e-01 9.334164722878e-01 9.354972075288e-01 9.374518376037e-01 9.392914894388e-01 9.410260183120e-01 9.426641844700e-01 9.442138011059e-01 9.456818589716e-01 9.470746318185e-01 9.483977660230e-01 9.496563570956e-01 9.508550152600e-01 9.519979218818e-01 9.530888782027e-01 9.541313475760e-01 9.551284921939e-01 9.560832051259e-01 9.569981383525e-01 9.578757273657e-01 9.587182128184e-01 9.595276596259e-01 9.603059738638e-01 9.610549177532e-01 9.617761229800e-01 9.624711025622e-01 9.631412614450e-01 9.637879059810e-01 9.644122524296e-01 9.650154345919e-01 9.655985106820e-01 9.661624695233e-01 9.667082361439e-01 9.672366768400e-01 9.677486037644e-01 9.682447790911e-01 9.687259188018e-01 9.691926961331e-01 9.696457447194e-01 9.700856614626e-01 9.705130091560e-01 9.709283188862e-01 9.713320922350e-01 9.717248033003e-01 9.721069005530e-01 9.724788085456e-01 9.728409294858e-01 9.731936446873e-01 9.735373159092e-01 9.738722865939e-01 9.741988830115e-01 9.745174153200e-01 9.748281785478e-01 9.751314535051e-01 9.754275076300e-01 9.757165957755e-01 9.759989609409e-01 9.762748349531e-01 9.765444391014e-01 9.768079847294e-01 9.770656737880e-01 9.773176993508e-01 9.775642460969e-01 9.778054907626e-01 9.780416025630e-01 9.782727435886e-01 9.784990691762e-01 9.787207282569e-01 9.789378636828e-01 9.791506125345e-01 9.793591064092e-01 9.795634716923e-01 9.797638298129e-01 9.799602974847e-01 9.801529869319e-01 9.803420061040e-01 9.805274588766e-01 9.807094452422e-01 9.808880614900e-01 9.810634003754e-01 9.812355512811e-01 9.814046003686e-01 9.815706307225e-01 9.817337224860e-01 9.818939529905e-01 9.820513968776e-01 9.822061262148e-01 9.823582106061e-01 9.825077172959e-01 9.826547112682e-01 9.827992553410e-01
1.000000000000e-12 3.773756880883e-04 7.848311468528e-02 3.190568521303e-01 4.858290948769e-01 5.884371935591e-01 6.570079085781e-01 7.060034268249e-01 7.427523647874e-01 7.713352887443e-01 7.942017201026e-01 8.129106423807e-01 8.285014179847e-01 8.416936150318e-01 8.530012133257e-01 8.628011321657e-01 8.713760612820e-01 8.789421752654e-01 8.856676099436e-01 8.916851041420e-01 8.971008489268e-01 9.020008084972e-01 9.064553171993e-01 9.105224773196e-01 9.142507074304e-01 9.176806791327e-01 9.208468068580e-01 9.237784066038e-01 9.265006063678e-01 9.290350682171e-01 9.314005659431e-01 9.336134509127e-01 9.356880305716e-01 9.376368781300e-01 9.394710875968e-01 9.412004850940e-01 9.428338049525e-01 9.443788372511e-01 9.458425520603e-01 9.472312045715e-01 9.485504244573e-01 9.498052921534e-01 9.510004042450e-01 9.521399297277e-01 9.532276585975e-01 9.542670439620e-01 9.552612386585e-01 9.562131271977e-01 9.571253537144e-01 9.580003464957e-01 9.588403395658e-01 9.596473917312e-01 9.604234034286e-01 9.611701316658e-01 9.618892033017e-01 9.625821268780e-01 9.632503031837e-01 9.638950347068e-01 9.645175341085e-01 9.651189318354e-01 9.657002829715e-01 9.662625734146e-01 9.668067254563e-01 9.673336028300e-01 9.678440152858e-01 9.683387227429e-01 9.688184390650e-01 9.692838354969e-01 9.697355437984e-01 9.701741591057e-01 9.706002425470e-01 9.710143236379e-01 9.714169024763e-01 9.718084517574e-01 9.721894186255e-01 9.725602263772e-01 9.729212760301e-01 9.732729477700e-01 9.736156022858e-01 9.739495820037e-01 9.742752122286e-01 9.745928022011e-01 9.749026460767e-01 9.752050238348e-01 9.755002021225e-01 9.757884350387e-01 9.760699648638e-01 9.763450227390e-01 9.766138292987e-01 9.768765952617e-01 9.771335219810e-01 9.773848019592e-01 9.776306193292e-01 9.778711503042e-01 9.781065635988e-01 9.783370208241e-01 9.785626768572e-01 9.787836801886e-01 9.790001732479e-01 9.792122927100e-01 9.794201697829e-01 9.796239304781e-01 9.798236958656e-01 9.800195823135e-01 9.802117017143e-01 9.804001616980e-01 9.805850658329e-01 9.807665138158e-01 9.809446016508e-01 9.811194218192e-01 9.812910634390e-01 9.814596124170e-01 9.816251515919e-01 9.817877608698e-01 9.819475173534e-01 9.821044954634e-01 9.822587670542e-01 9.824104015238e-01 9.825594659177e-01 9.827060250276e-01 9.828501414857e-01
1.000000000000e-12 3.883568948762e-04 7.980405047636e-02 3.210842679904e-01 4.874460487340e-01 5.897377348289e-01 6.580924314468e-01 7.069331269644e-01 7.435658732499e-01 7.720584122325e-01 7.948525325652e-01 8.135022904832e-01 8.290437622193e-01 8.421942405317e-01 8.534660798827e-01 8.632350076281e-01 8.717828195321e-01 8.793250065616e-01 8.860291728355e-01 8.920276374084e-01 8.974262555302e-01 9.023107195482e-01 9.067511413845e-01 9.108054395837e-01 9.145218796002e-01 9.179410044157e-01 9.210971196302e-01 9.240194485325e-01 9.267330396562e-01 9.292594865646e-01 9.316175036790e-01 9.338233906571e-01 9.358914096990e-01 9.378340942536e-01 9.396625032461e-01 9.413864317248e-01 9.430145863991e-01 9.445547327126e-01 9.460138186939e-01 9.473980797530e-01 9.487131277592e-01 9.499640270821e-01 9.511553597706e-01 9.522912816364e-01 9.533755706901e-01 9.544116691193e-01 9.554027197906e-01 9.563515980929e-01 9.572609397993e-01 9.581331655177e-01 9.589705022073e-01 9.597750021640e-01 9.605485598147e-01 9.612929266107e-01 9.620097242660e-01 9.627004565521e-01 9.633665198280e-01 9.640092124626e-01 9.646297432822e-01 9.652292391587e-01 9.658087518394e-01 9.663692641044e-01 9.669116953285e-01 9.674369065138e-01 9.679457048495e-01 9.684388478518e-01 9.689170471268e-01 9.693809717965e-01 9.698312516230e-01 9.702684798604e-01 9.706932158624e-01 9.711059874699e-01 9.715072931995e-01 9.718976042516e-01 9.722773663563e-01 9.726470014716e-01 9.730069093469e-01 9.733574689658e-01 9.736990398765e-01 9.740319634224e-01 9.743565638796e-01 9.746731495107e-01 9.749820135411e-01 9.752834350647e-01 9.755776798853e-01 9.758650012984e-01 9.761456408182e-01 9.764198288548e-01 9.766877853451e-01 9.769497203412e-01 9.772058345596e-01 9.774563198941e-01 9.777013598953e-01 9.779411302190e-01 9.781757990464e-01 9.784055274775e-01 9.786304698997e-01 9.788507743337e-01 9.790665827588e-01 9.792780314178e-01 9.794852511037e-01 9.796883674294e-01 9.798875010820e-01 9.800827680618e-01 9.802742799074e-01 9.804621439082e-01 9.806464633053e-01 9.808273374801e-01 9.810048621330e-01 9.811791294529e-01 9.813502282761e-01 9.815182442375e-01 9.816832599140e-01 9.818453549590e-01 9.820046062313e-01 9.821610879162e-01 9.823148716411e-01 9.824660265843e-01 9.826146195794e-01 9.827607152132e-01 9.829043759197e-01
1.000000000000e-12 4.004206688225e-04 8.122932646858e-02 3.232444897699e-01 4.891663182118e-01 5.911211653370e-01 6.592460525680e-01 7.079220576238e-01 7.444312090665e-01 7.728276046298e-01 7.955448070864e-01 8.141316313789e-01 8.296206581852e-01 8.427267599391e-01 8.539605622114e-01 8.636965244776e-01 8.722154915829e-01 8.797322273173e-01 8.864137702169e-01 8.923919928229e-01 8.977723931742e-01 9.026403744475e-01 9.070658119702e-01 9.111064288397e-01 9.148103276372e-01 9.182179145312e-01 9.213633793566e-01 9.242758467877e-01 9.269802808309e-01 9.294982021814e-01 9.318482621087e-01 9.340467052664e-01 9.361077457268e-01 9.380438746442e-01 9.398661136252e-01 9.415842246645e-01 9.432068850905e-01 9.447418341421e-01 9.461959964015e-01 9.475755862373e-01 9.488861965814e-01 9.501328747136e-01 9.513201872204e-01 9.524522758897e-01 9.535329059831e-01 9.545655080723e-01 9.555532144186e-01 9.564988907076e-01 9.574051638178e-01 9.582744461889e-01 9.591089572651e-01 9.599107424168e-01 9.606816896780e-01 9.614235445897e-01 9.621379233936e-01 9.628263247865e-01 9.634901404153e-01 9.641306642676e-01 9.647491010906e-01 9.653465739535e-01 9.659241310543e-01 9.664827518567e-01 9.670233526332e-01 9.675467914802e-01 9.680538728634e-01 9.685453517424e-01 9.690219373221e-01 9.694842964665e-01 9.699330568126e-01 9.703688096124e-01 9.707921123322e-01 9.712034910318e-01 9.716034425452e-01 9.719924364830e-01 9.723709170710e-01 9.727393048434e-01 9.730979982007e-01 9.734473748475e-01 9.737877931187e-01 9.741195932058e-01 9.744430982907e-01 9.747586155958e-01 9.750664373568e-01 9.753668417260e-01 9.756600936102e-01 9.759464454501e-01 9.762261379448e-01 9.764994007271e-01 9.767664529915e-01 9.770275040815e-01 9.772827540362e-01 9.775323941017e-01 9.777766072093e-01 9.780155684221e-01 9.782494453538e-01 9.784783985606e-01 9.787025819089e-01 9.789221429202e-01 9.791372230945e-01 9.793479582147e-01 9.795544786326e-01 9.797569095372e-01 9.799553712084e-01 9.801499792549e-01 9.803408448390e-01 9.805280748882e-01 9.807117722949e-01 9.808920361052e-01 9.810689616968e-01 9.812426409473e-01 9.814131623932e-01 9.815806113807e-01 9.817450702076e-01 9.819066182589e-01 9.820653321338e-01 9.822212857674e-01 9.823745505453e-01 9.825251954124e-01 9.826732869767e-01 9.828188896072e-01 9.829620655271e-01
1.000000000000e-12 4.136771340571e-04 8.276553175106e-02 3.255421130425e-01 4.909931263790e-01 5.925900434928e-01 6.604709016930e-01 7.089720439618e-01 7.453499691842e-01 7.736442854289e-01 7.962798212056e-01 8.147998264656e-01 8.302331704966e-01 8.432921559746e-01 8.544855728383e-01 8.641865344057e-01 8.726748758948e-01 8.801645890248e-01 8.868221118305e-01 8.927788427733e-01 8.981399006273e-01 9.029903815458e-01 9.073999096551e-01 9.114260005383e-01 9.151165838485e-01 9.185119204940e-01 9.216460773978e-01 9.245480745310e-01 9.272427861548e-01 9.297516555977e-01 9.320932670777e-01 9.342838068493e-01 9.363374378853e-01 9.382666064342e-01 9.400822944802e-01 9.417942289236e-01 9.434110558980e-01 9.449404868197e-01 9.463894213770e-01 9.477640515981e-01 9.490699503082e-01 9.503121466421e-01 9.514951907697e-01 9.526232095890e-01 9.536999548256e-01 9.547288447184e-01 9.557130002680e-01 9.566552768580e-01 9.575582919235e-01 9.584244492312e-01 9.592559602465e-01 9.600548629868e-01 9.608230386986e-01 9.615622266477e-01 9.622740372653e-01 9.629599638605e-01 9.636213930773e-01 9.642596142513e-01 9.648758277987e-01 9.654711527513e-01 9.660466335388e-01 9.666032461037e-01 9.671419034246e-01 9.676634605131e-01 9.681687189426e-01 9.686584309589e-01 9.691333032171e-01 9.695940001840e-01 9.700411472401e-01 9.704753335120e-01 9.708971144618e-01 9.713070142581e-01 9.717055279490e-01 9.720931234565e-01 9.724702434098e-01 9.728373068310e-01 9.731947106885e-01 9.735428313289e-01 9.738820257991e-01 9.742126330674e-01 9.745349751541e-01 9.748493581769e-01 9.751560733211e-01 9.754553977389e-01 9.757475953848e-01 9.760329177921e-01 9.763116047945e-01 9.765838851992e-01 9.768499774128e-01 9.771100900261e-01 9.773644223592e-01 9.776131649706e-01 9.778565001340e-01 9.780946022831e-01 9.783276384290e-01 9.785557685508e-01 9.787791459617e-01 9.789979176529e-01 9.792122246156e-01 9.794222021447e-01 9.796279801233e-01 9.798296832904e-01 9.800274314934e-01 9.802213399255e-01 9.804115193493e-01 9.805980763079e-01 9.807811133238e-01 9.809607290872e-01 9.811370186327e-01 9.813100735076e-01 9.814799819302e-01 9.816468289399e-01 9.818106965386e-01 9.819716638259e-01 9.821298071257e-01 9.822852001072e-01 9.824379138994e-01 9.825880171994e-01 9.827355763757e-01 9.828806555658e-01 9.830233167694e-01
1.000000000000e-12 4.282504736777e-04 8.441968551944e-02 3.279817462389e-01 4.929296749698e-01 5.941469084995e-01 6.617690923470e-01 7.100848971958e-01 7.463237383459e-01 7.745098632730e-01 7.970588426968e-01 8.155080282639e-01 8.308823556303e-01 8.438914038473e-01 8.550420173145e-01 8.647058825933e-01 8.731617648252e-01 8.806228374320e-01 8.872549019940e-01 8.931888545076e-01 8.985294117753e-01 9.033613445440e-01 9.077540106989e-01 9.117647058847e-01 9.154411764720e-01 9.188235294127e-01 9.219457013581e-01 9.248366013076e-01 9.275210084036e-01 9.300202839758e-01 9.323529411766e-01 9.345351043644e-01 9.365808823530e-01 9.385026737968e-01 9.403114186852e-01 9.420168067227e-01 9.436274509804e-01 9.451510333863e-01 9.465944272446e-01 9.479638009050e-01 9.492647058824e-01 9.505021520803e-01 9.516806722689e-01 9.528043775650e-01 9.538770053476e-01 9.549019607843e-01 9.558823529412e-01 9.568210262829e-01 9.577205882353e-01 9.585834333733e-01 9.594117647059e-01 9.602076124567e-01 9.609728506787e-01 9.617092119867e-01 9.624183006536e-01 9.631016042781e-01 9.637605042017e-01 9.643962848297e-01 9.650101419878e-01 9.656031904287e-01 9.661764705882e-01 9.667309546769e-01 9.672675521822e-01 9.677871148459e-01 9.682904411765e-01 9.687782805430e-01 9.692513368984e-01 9.697102721686e-01 9.701557093426e-01 9.705882352941e-01 9.710084033613e-01 9.714167357084e-01 9.718137254902e-01 9.721998388397e-01 9.725755166932e-01 9.729411764706e-01 9.732972136223e-01 9.736440030558e-01 9.739819004525e-01 9.743112434847e-01 9.746323529412e-01 9.749455337691e-01 9.752510760402e-01 9.755492558469e-01 9.758403361345e-01 9.761245674740e-01 9.764021887825e-01 9.766734279919e-01 9.769385026738e-01 9.771976206213e-01 9.774509803922e-01 9.776987718164e-01 9.779411764706e-01 9.781783681214e-01 9.784105131414e-01 9.786377708978e-01 9.788602941176e-01 9.790782292298e-01 9.792917166867e-01 9.795008912656e-01 9.797058823529e-01 9.799068142108e-01 9.801038062284e-01 9.802969731582e-01 9.804864253394e-01 9.806722689076e-01 9.808546059933e-01 9.810335349093e-01 9.812091503268e-01 9.813815434431e-01 9.815508021390e-01 9.817170111288e-01 9.818802521008e-01 9.820406038522e-01 9.821981424149e-01 9.823529411765e-01 9.825050709939e-01 9.826546003017e-01 9.828015952144e-01 9.829461196243e-01 9.830882352941e-01
1.000000000000e-12 4.442809951694e-04 8.619925691308e-02 3.305679934922e-01 4.949791316745e-01 5.957942702721e-01 6.631427134387e-01 7.112624074135e-01 7.473540827997e-01 7.754257303644e-01 7.978831245371e-01 8.162573758422e-01 8.315692577318e-01 8.445254673835e-01 8.556307906215e-01 8.652554043566e-01 8.736769414829e-01 8.811077095826e-01 8.877128368039e-01 8.936226874860e-01 8.989415531051e-01 9.037538600964e-01 9.081286846354e-01 9.121230896500e-01 9.157846275805e-01 9.191532424769e-01 9.222627331506e-01 9.251418911818e-01 9.278153950681e-01 9.303045193760e-01 9.326277020634e-01 9.348010019968e-01 9.368384706844e-01 9.387524564212e-01 9.405538547618e-01 9.422523160543e-01 9.438564183861e-01 9.453738124838e-01 9.468113437342e-01 9.481751554333e-01 9.494707765475e-01 9.507031966317e-01 9.518769300452e-01 9.529960712070e-01 9.540643423159e-01 9.550851347089e-01 9.560615448239e-01 9.569964055723e-01 9.578923137896e-01 9.587516543245e-01 9.595766212380e-01 9.603692365078e-01 9.611313665750e-01 9.618647370170e-01 9.625709455907e-01 9.632514738527e-01 9.639076975339e-01 9.645408958228e-01 9.651522596879e-01 9.657428993542e-01 9.663138510317e-01 9.668660829820e-01 9.674005009984e-01 9.679179533635e-01 9.684192353422e-01 9.689050932600e-01 9.693762282106e-01 9.698332994313e-01 9.702769273809e-01 9.707076965493e-01 9.711261580271e-01 9.715328318577e-01 9.719282091930e-01 9.723127542726e-01 9.726869062419e-01 9.730510808253e-01 9.734056718671e-01 9.737510527519e-01 9.740875777167e-01 9.744155830620e-01 9.747353882737e-01 9.750472970605e-01 9.753515983158e-01 9.756485670108e-01 9.759384650226e-01 9.762215419047e-01 9.764980356035e-01 9.767681731253e-01 9.770321711579e-01 9.772902366506e-01 9.775425673544e-01 9.777893523286e-01 9.780307724119e-01 9.782670006656e-01 9.784982027862e-01 9.787245374937e-01 9.789461568948e-01 9.791632068237e-01 9.793758271622e-01 9.795841521404e-01 9.797883106190e-01 9.799884263554e-01 9.801846182539e-01 9.803770006010e-01 9.805656832875e-01 9.807507720181e-01 9.809323685085e-01 9.811105706720e-01 9.812854727954e-01 9.814571657055e-01 9.816257369264e-01 9.817912708279e-01 9.819538487670e-01 9.821135492204e-01 9.822704479114e-01 9.824246179296e-01 9.825761298440e-01 9.827250518111e-01 9.828714496771e-01 9.830153870748e-01 9.831569255158e-01
1.000000000000e-12 4.619275350602e-04 8.811218349156e-02 3.333054357316e-01 4.971446165436e-01 5.975345986816e-01 6.645938203134e-01 7.125063359062e-01 7.484425435919e-01 7.763932565021e-01 7.987538995402e-01 8.170489899387e-01 8.322949041438e-01 8.451952948995e-01 8.562527733387e-01 8.658359215695e-01 8.742211763746e-01 8.816199306594e-01 8.881966011553e-01 8.940809905563e-01 8.993769410221e-01 9.041685152557e-01 9.085244918330e-01 9.125016878391e-01 9.161474508451e-01 9.195015528109e-01 9.225976469333e-01 9.254644007504e-01 9.281263864378e-01 9.306047869053e-01 9.329179606751e-01 9.350818974275e-01 9.371105881329e-01 9.390163278864e-01 9.408099653015e-01 9.425011091500e-01 9.440983005625e-01 9.456091573041e-01 9.470404952698e-01 9.483984312885e-01 9.496884705063e-01 9.509155809817e-01 9.520842576250e-01 9.531985772151e-01 9.542622459148e-01 9.552786404500e-01 9.562508439185e-01 9.571816770266e-01 9.580737254219e-01 9.589293636786e-01 9.597507764050e-01 9.605399768676e-01 9.612988234663e-01 9.620290343443e-01 9.627322003750e-01 9.634097967318e-01 9.640631932188e-01 9.646936635132e-01 9.653023934526e-01 9.658904884788e-01 9.664589803375e-01 9.670088331189e-01 9.675409487137e-01 9.680561717500e-01 9.685552940664e-01 9.690390587731e-01 9.695081639432e-01 9.699632659739e-01 9.704049826507e-01 9.708338959457e-01 9.712505545750e-01 9.716554763416e-01 9.720491502813e-01 9.724320386336e-01 9.728045786520e-01 9.731671842700e-01 9.735202476349e-01 9.738641405227e-01 9.741992156442e-01 9.745258078513e-01 9.748442352531e-01 9.751548002500e-01 9.754577904909e-01 9.757534797621e-01 9.760421288125e-01 9.763239861206e-01 9.765992886076e-01 9.768682623017e-01 9.771311229574e-01 9.773880766320e-01 9.776393202250e-01 9.778850419808e-01 9.781254219592e-01 9.783606324758e-01 9.785908385133e-01 9.788161981079e-01 9.790368627109e-01 9.792529775284e-01 9.794646818393e-01 9.796721092955e-01 9.798753882025e-01 9.800746417847e-01 9.802699884338e-01 9.804615419442e-01 9.806494117332e-01 9.808337030500e-01 9.810145171722e-01 9.811919515911e-01 9.813661001875e-01 9.815370533968e-01 9.817048983659e-01 9.818697191014e-01 9.820315966094e-01 9.821906090288e-01 9.823468317566e-01 9.825003375674e-01 9.826511967263e-01 9.827994770962e-01 9.829452442394e-01 9.830885615147e-01 9.832294901688e-01
1.000000000000e-12 4.813702638583e-04 9.016688773029e-02 3.361986100066e-01 4.994291875297e-01 5.993703121473e-01 6.661244252657e-01 7.138184070395e-01 7.495906294542e-01 7.774137827606e-01 7.996723746675e-01 8.178839677890e-01 8.330603006652e-01 8.459018148247e-01 8.569088275789e-01 8.664482388707e-01 8.747952238491e-01 8.821602106376e-01 8.887068655803e-01 8.945643989595e-01 8.998361790055e-01 9.046058847638e-01 9.089419809090e-01 9.129010252162e-01 9.165301491649e-01 9.198689431979e-01 9.229509069208e-01 9.258045770347e-01 9.284544135690e-01 9.309215027562e-01 9.332241193310e-01 9.353781799977e-01 9.373976118728e-01 9.392946539372e-01 9.410801052920e-01 9.427635308551e-01 9.443534327758e-01 9.458573940521e-01 9.472821994718e-01 9.486339379468e-01 9.499180894982e-01 9.511395995104e-01 9.523029423792e-01 9.534121762774e-01 9.544709904529e-01 9.554827462206e-01 9.564505126071e-01 9.573770974452e-01 9.582650745818e-01 9.591168077536e-01 9.599344715985e-01 9.607200701946e-01 9.614754534601e-01 9.622023316967e-01 9.629022885172e-01 9.635767923623e-01 9.642272067844e-01 9.648547996478e-01 9.654607513780e-01 9.660461623716e-01 9.666120596654e-01 9.671594029496e-01 9.676890899988e-01 9.682019615861e-01 9.686988059364e-01 9.691803627681e-01 9.696473269686e-01 9.701003519392e-01 9.705400526460e-01 9.709670084047e-01 9.713817654275e-01 9.717848391539e-01 9.721767163879e-01 9.725578572593e-01 9.729286970260e-01 9.732896477324e-01 9.736410997359e-01 9.739834231159e-01 9.743169689734e-01 9.746420706320e-01 9.749590447491e-01 9.752681923448e-01 9.755697997552e-01 9.758641395172e-01 9.761514711896e-01 9.764320421168e-01 9.767060881387e-01 9.769738342520e-01 9.772354952264e-01 9.774912761789e-01 9.777413731103e-01 9.779859734058e-01 9.782252563036e-01 9.784593933325e-01 9.786885487226e-01 9.789128797887e-01 9.791325372909e-01 9.793476657724e-01 9.795584038768e-01 9.797648846457e-01 9.799672357993e-01 9.801655799993e-01 9.803600350973e-01 9.805507143682e-01 9.807377267301e-01 9.809211769517e-01 9.811011658484e-01 9.812777904666e-01 9.814511442586e-01 9.816213172470e-01 9.817883961812e-01 9.819524646840e-01 9.821136033922e-01 9.822718900878e-01 9.824273998239e-01 9.825802050428e-01 9.827303756890e-01 9.828779793156e-01 9.830230811858e-01 9.831657443691e-01 9.833060298327e-01
1.000000000000e-12 5.028139641487e-04 9.237229080178e-02 3.392519870478e-01 5.018358252073e-01 6.013037656075e-01 6.677364875389e-01 7.152002996856e-01 7.507998093076e-01 7.784886148256e-01 8.006397250304e-01 8.187633776746e-01 8.338664265531e-01 8.466459310887e-01 8.575997927052e-01 8.670931396656e-01 8.753998183490e-01 8.827292407574e-01 8.892442829168e-01 8.950735311736e-01 9.003198546092e-01 9.050665281961e-01 9.093816860036e-01 9.133216126980e-01 9.169332121683e-01 9.202558836812e-01 9.233229650778e-01 9.261628552600e-01 9.287998961434e-01 9.312550721384e-01 9.335465697338e-01 9.356902287746e-01 9.376999091254e-01 9.395877906670e-01 9.413646203533e-01 9.430399169146e-01 9.446221414447e-01 9.461188403246e-01 9.475367655792e-01 9.488819767182e-01 9.501599273003e-01 9.513755388295e-01 9.525332640955e-01 9.536371416747e-01 9.546908430002e-01 9.556977131558e-01 9.566608063481e-01 9.575829168513e-01 9.584666060836e-01 9.593142263676e-01 9.601279418402e-01 9.609097469022e-01 9.616614825387e-01 9.623848507926e-01 9.630814276298e-01 9.637526744002e-01 9.643999480716e-01 9.650245103861e-01 9.656275360691e-01 9.662101202036e-01 9.667732848668e-01 9.673179851149e-01 9.678451143873e-01 9.683555093970e-01 9.688499545627e-01 9.693291860309e-01 9.697938953335e-01 9.702447327166e-01 9.706823101766e-01 9.711072042320e-01 9.715199584573e-01 9.719210858030e-01 9.723110707224e-01 9.726903711234e-01 9.730594201623e-01 9.734186278935e-01 9.737683827896e-01 9.741090531430e-01 9.744409883591e-01 9.747645201520e-01 9.750799636501e-01 9.753876184199e-01 9.756877694148e-01 9.759806878555e-01 9.762666320477e-01 9.765458481413e-01 9.768185708373e-01 9.770850240461e-01 9.773454215001e-01 9.775999673260e-01 9.778488565779e-01 9.780922757364e-01 9.783304031740e-01 9.785634095915e-01 9.787914584256e-01 9.790147062317e-01 9.792333030418e-01 9.794473927011e-01 9.796571131838e-01 9.798625968890e-01 9.800639709201e-01 9.802613573466e-01 9.804548734511e-01 9.806446319613e-01 9.808307412693e-01 9.810133056382e-01 9.811924253963e-01 9.813681971216e-01 9.815407138149e-01 9.817100650643e-01 9.818763372001e-01 9.820396134415e-01 9.821999740358e-01 9.823574963895e-01 9.825122551931e-01 9.826643225392e-01 9.828137680346e-01 9.829606589061e-01 9.831050601018e-01 9.832470343866e-01 9.833866424334e-01
1.000000000000e-12 5.264918689849e-04 9.473782278829e-02 3.424699470970e-01 5.043674167214e-01 6.033372379103e-01 6.694319028449e-01 7.166536382446e-01 7.520715044068e-01 7.796190160127e-01 8.016570876065e-01 8.196882532096e-01 8.347142292866e-01 8.474285182871e-01 8.583264808421e-01 8.677713819371e-01 8.760356704833e-01 8.833276898272e-01 8.898094848172e-01 8.956089856062e-01 9.008285363204e-01 9.055509869688e-01 9.098441239231e-01 9.137639446211e-01 9.173571135946e-01 9.206628290505e-01 9.237142587022e-01 9.265396565279e-01 9.291632402232e-01 9.316058871120e-01 9.338856908749e-01 9.360184105241e-01 9.380178351952e-01 9.398960826135e-01 9.416638448896e-01 9.433305921784e-01 9.449047423957e-01 9.463938034120e-01 9.478044927959e-01 9.491428391345e-01 9.504142681561e-01 9.516236762499e-01 9.527754934820e-01 9.538737378196e-01 9.549220619601e-01 9.559237939165e-01 9.568819723097e-01 9.577993771541e-01 9.586785567968e-01 9.595218515560e-01 9.603314145249e-01 9.611092299264e-01 9.618571293508e-01 9.625768061556e-01 9.632698282638e-01 9.639376495681e-01 9.645816201115e-01 9.652029951973e-01 9.658029435559e-01 9.663825546821e-01 9.669428454374e-01 9.674847660040e-01 9.680092052620e-01 9.685169956547e-01 9.690089175976e-01 9.694857034807e-01 9.699480413067e-01 9.703965780036e-01 9.708319224448e-01 9.712546482064e-01 9.716652960892e-01 9.720643764260e-01 9.724523711978e-01 9.728297359759e-01 9.731969017060e-01 9.735542763499e-01 9.739022463980e-01 9.742411782629e-01 9.745714195672e-01 9.748933003322e-01 9.752071340780e-01 9.755132188425e-01 9.758118381249e-01 9.761032617620e-01 9.763877467410e-01 9.766655379558e-01 9.769368689098e-01 9.772019623706e-01 9.774610309800e-01 9.777142778230e-01 9.779618969583e-01 9.782040739148e-01 9.784409861548e-01 9.786728035080e-01 9.788996885771e-01 9.791217971184e-01 9.793392783984e-01 9.795522755283e-01 9.797609257780e-01 9.799653608711e-01 9.801657072624e-01 9.803620863985e-01 9.805546149632e-01 9.807434051092e-01 9.809285646754e-01 9.811101973928e-01 9.812884030778e-01 9.814632778154e-01 9.816349141319e-01 9.818034011582e-01 9.819688247840e-01 9.821312678040e-01 9.822908100557e-01 9.824475285508e-01 9.826014975986e-01 9.827527889239e-01 9.829014717780e-01 9.830476130448e-01 9.831912773411e-01 9.833325271113e-01 9.834714227187e-01
1.000000000000e-12 5.526701649164e-04 9.727342834282e-02 3.458567540747e-01 5.070267390327e-01 6.054729186791e-01 6.712124924491e-01 7.181799832929e-01 7.534070801591e-01 7.808061999942e-01 8.027255546950e-01 8.206595873913e-01 8.356046191125e-01 8.482504166477e-01 8.590896722010e-01 8.684836938824e-01 8.767034629367e-01 8.839562003739e-01 8.904030781124e-01 8.961713371495e-01 9.013627702869e-01 9.060597812228e-01 9.103297911656e-01 9.142284958966e-01 9.178023085671e-01 9.210902162240e-01 9.241252079075e-01 9.269353853923e-01 9.295448359139e-01 9.319743243306e-01 9.342418468529e-01 9.363630775995e-01 9.383517314245e-01 9.402198607753e-01 9.419781001643e-01 9.436358687310e-01 9.452015390440e-01 9.466825785293e-01 9.480856685680e-01 9.494168052714e-01 9.506813851396e-01 9.518842781850e-01 9.530298906091e-01 9.541222187345e-01 9.551648955814e-01 9.561612312352e-01 9.571142479475e-01 9.580267107571e-01 9.589011542830e-01 9.597399062364e-01 9.605451081117e-01 9.613187334428e-01 9.620626039535e-01 9.627784038789e-01 9.634676926960e-01 9.641319164652e-01 9.647724179568e-01 9.653904457120e-01 9.659871621652e-01 9.665636509421e-01 9.671209234264e-01 9.676599246817e-01 9.681815387997e-01 9.686865937394e-01 9.691758657122e-01 9.696500831628e-01 9.701099303876e-01 9.705560508296e-01 9.709890500821e-01 9.714094986316e-01 9.718179343655e-01 9.722148648674e-01 9.726007695220e-01 9.729761014464e-01 9.733412892646e-01 9.736967387411e-01 9.740428342840e-01 9.743799403323e-01 9.747084026357e-01 9.750285494378e-01 9.753406925698e-01 9.756451284640e-01 9.759421390925e-01 9.762319928384e-01 9.765149453046e-01 9.767912400657e-01 9.770611093673e-01 9.773247747768e-01 9.775824477907e-01 9.778343303998e-01 9.780806156176e-01 9.783214879734e-01 9.785571239737e-01 9.787876925332e-01 9.790133553785e-01 9.792342674272e-01 9.794505771415e-01 9.796624268617e-01 9.798699531182e-01 9.800732869251e-01 9.802725540558e-01 9.804678753028e-01 9.806593667214e-01 9.808471398600e-01 9.810313019768e-01 9.812119562437e-01 9.813892019395e-01 9.815631346316e-01 9.817338463480e-01 9.819014257393e-01 9.820659582326e-01 9.822275261764e-01 9.823862089784e-01 9.825420832353e-01 9.826952228560e-01 9.828456991790e-01 9.829935810826e-01 9.831389350905e-01 9.832818254710e-01 9.834223143326e-01 9.835604617132e-01
1.000000000000e-12 5.816532847864e-04 9.998956668365e-02 3.494165281895e-01 5.098164415432e-01 6.077128947136e-01 6.730799918730e-01 7.197808219056e-01 7.548078376566e-01 7.820513232736e-01 8.038461671427e-01 8.216783264421e-01 8.365384634008e-01 8.491124268192e-01 8.598901102413e-01 8.692307693970e-01 8.774038462363e-01 8.846153846581e-01 8.910256410486e-01 8.967611336160e-01 9.019230769304e-01 9.065934065977e-01 9.108391608417e-01 9.147157190651e-01 9.182692307702e-01 9.215384615391e-01 9.245562130182e-01 9.273504273507e-01 9.299450549452e-01 9.323607427057e-01 9.346153846155e-01 9.367245657569e-01 9.387019230770e-01 9.405594405595e-01 9.423076923077e-01 9.439560439561e-01 9.455128205128e-01 9.469854469855e-01 9.483805668016e-01 9.497041420118e-01 9.509615384615e-01 9.521575984991e-01 9.532967032967e-01 9.543828264759e-01 9.554195804196e-01 9.564102564103e-01 9.573578595318e-01 9.582651391162e-01 9.591346153846e-01 9.599686028257e-01 9.607692307692e-01 9.615384615385e-01 9.622781065089e-01 9.629898403483e-01 9.636752136752e-01 9.643356643357e-01 9.649725274725e-01 9.655870445344e-01 9.661803713528e-01 9.667535853977e-01 9.673076923077e-01 9.678436317781e-01 9.683622828784e-01 9.688644688645e-01 9.693509615385e-01 9.698224852071e-01 9.702797202797e-01 9.707233065442e-01 9.711538461538e-01 9.715719063545e-01 9.719780219780e-01 9.723726977248e-01 9.727564102564e-01 9.731296101159e-01 9.734927234927e-01 9.738461538461e-01 9.741902834008e-01 9.745254745255e-01 9.748520710059e-01 9.751703992210e-01 9.754807692308e-01 9.757834757835e-01 9.760787992495e-01 9.763670064875e-01 9.766483516484e-01 9.769230769231e-01 9.771914132379e-01 9.774535809019e-01 9.777097902098e-01 9.779602420052e-01 9.782051282051e-01 9.784446322908e-01 9.786789297659e-01 9.789081885856e-01 9.791325695581e-01 9.793522267206e-01 9.795673076923e-01 9.797779540048e-01 9.799843014129e-01 9.801864801865e-01 9.803846153846e-01 9.805788271135e-01 9.807692307692e-01 9.809559372666e-01 9.811390532544e-01 9.813186813187e-01 9.814949201742e-01 9.816678648454e-01 9.818376068376e-01 9.820042342978e-01 9.821678321678e-01 9.823284823285e-01 9.824862637363e-01 9.826412525528e-01 9.827935222672e-01 9.829431438127e-01 9.830901856764e-01 9.832347140039e-01 9.833767926988e-01 9.835164835165e-01 9.836538461538e-01
1.000000000000e-12 6.137901405731e-04 1.028972046776e-01 3.531532171306e-01 5.127390282012e-01 6.100591360066e-01 6.750360392780e-01 7.214575577048e-01 7.562750049700e-01 7.833554774466e-01 8.050199073793e-01 8.227453634780e-01 8.375165808405e-01 8.500153045145e-01 8.607284966963e-01 8.700132634318e-01 8.781374343986e-01 8.853058205777e-01 8.916777194182e-01 8.973788920720e-01 9.025099474639e-01 9.071523309155e-01 9.113726795088e-01 9.152260412685e-01 9.187582895485e-01 9.220079579662e-01 9.250076518904e-01 9.277851462647e-01 9.303642481838e-01 9.327654810050e-01 9.350066316381e-01 9.371031919078e-01 9.390687171607e-01 9.409151196710e-01 9.426529102689e-01 9.442913985469e-01 9.458388596984e-01 9.473026743011e-01 9.486894460300e-01 9.500051012600e-01 9.512549737285e-01 9.524438768083e-01 9.535761654557e-01 9.546557895149e-01 9.556863397532e-01 9.566710877587e-01 9.576130206335e-01 9.585148712583e-01 9.593791447738e-01 9.602081418192e-01 9.610039789828e-01 9.617686068459e-01 9.625038259450e-01 9.632113009272e-01 9.638925731322e-01 9.645490718026e-01 9.651821240918e-01 9.657929640200e-01 9.663827405024e-01 9.669525245617e-01 9.675033158190e-01 9.680360483466e-01 9.685515959539e-01 9.690507769705e-01 9.695343585803e-01 9.700030607560e-01 9.704575598355e-01 9.708984917782e-01 9.713264551344e-01 9.717420137557e-01 9.721456992734e-01 9.725380133682e-01 9.729194298492e-01 9.732903965636e-01 9.736513371506e-01 9.740026526552e-01 9.743447230150e-01 9.746779084304e-01 9.750025506300e-01 9.753189740398e-01 9.756274868643e-01 9.759283820882e-01 9.762219384042e-01 9.765084210740e-01 9.767880827279e-01 9.770611641075e-01 9.773278947574e-01 9.775884936683e-01 9.778431698766e-01 9.780921230241e-01 9.783355438793e-01 9.785736148257e-01 9.788065103168e-01 9.790343973026e-01 9.792574356292e-01 9.794757784120e-01 9.796895723869e-01 9.798989582386e-01 9.801040709096e-01 9.803050398903e-01 9.805019894914e-01 9.806950391004e-01 9.808843034230e-01 9.810698927101e-01 9.812519129725e-01 9.814304661823e-01 9.816056504636e-01 9.817775602723e-01 9.819462865661e-01 9.821119169646e-01 9.822745359013e-01 9.824342247670e-01 9.825910620459e-01 9.827451234437e-01 9.828964820100e-01 9.830452082534e-01 9.831913702512e-01 9.833350337533e-01 9.834762622809e-01 9.836151172197e-01 9.837516579095e-01
1.000000000000e-12 6.494814769876e-04 1.060078016450e-01 3.570705660324e-01 5.157968392025e-01 6.125134814624e-01 6.770821636034e-01 7.232115006983e-01 7.578097282591e-01 7.847196812988e-01 8.062476923060e-01 8.238615320437e-01 8.385397355134e-01 8.509597550396e-01 8.616054864929e-01 8.708317872520e-01 8.789048004846e-01 8.860280474843e-01 8.923598226088e-01 8.980250950953e-01 9.031238403363e-01 9.077369907941e-01 9.119307639385e-01 9.157598611578e-01 9.192698669425e-01 9.224990722645e-01 9.254798771772e-01 9.282398817261e-01 9.308027430930e-01 9.331888554001e-01 9.354158935534e-01 9.374992518258e-01 9.394524002062e-01 9.412871759576e-01 9.430140237235e-01 9.446421944742e-01 9.461799112944e-01 9.476345082864e-01 9.490125475421e-01 9.503199181179e-01 9.515619201650e-01 9.527433367463e-01 9.538684953952e-01 9.549413210837e-01 9.559653819681e-01 9.569439290355e-01 9.578799305782e-01 9.587761022681e-01 9.596349334708e-01 9.604587103387e-01 9.612495361320e-01 9.620093491490e-01 9.627399385884e-01 9.634429586151e-01 9.641199408629e-01 9.647723055745e-01 9.654013715464e-01 9.660083650280e-01 9.665944277000e-01 9.671606238406e-01 9.677079467766e-01 9.682373246983e-01 9.687496259129e-01 9.692456635968e-01 9.697262001031e-01 9.701919508707e-01 9.706435879788e-01 9.710817433821e-01 9.715070118617e-01 9.719199537188e-01 9.723210972371e-01 9.727109409380e-01 9.730899556472e-01 9.734585863918e-01 9.738172541432e-01 9.741663574213e-01 9.745062737710e-01 9.748373611247e-01 9.751599590589e-01 9.754743899569e-01 9.757809600825e-01 9.760799605753e-01 9.763716683731e-01 9.766563470675e-01 9.769342476976e-01 9.772056094894e-01 9.774706605418e-01 9.777296184666e-01 9.779826909841e-01 9.782300764786e-01 9.784719645178e-01 9.787085363362e-01 9.789399652891e-01 9.791664172753e-01 9.793880511340e-01 9.796050190168e-01 9.798174667354e-01 9.800255340886e-01 9.802293551694e-01 9.804290586525e-01 9.806247680660e-01 9.808166020455e-01 9.810046745745e-01 9.811890952097e-01 9.813699692942e-01 9.815473981581e-01 9.817214793075e-01 9.818923066037e-01 9.820599704315e-01 9.822245578587e-01 9.823861527873e-01 9.825448360955e-01 9.827006857732e-01 9.828537770495e-01 9.830041825140e-01 9.831519722313e-01 9.832972138500e-01 9.834399727060e-01 9.835803119203e-01 9.837182924924e-01 9.838539733883e-01
1.000000000000e-12 6.891885634097e-04 1.093332844149e-01 3.611720864388e-01 5.189920324203e-01 6.150776244182e-01 6.792197725418e-01 7.250438569793e-01 7.594130627601e-01 7.861448727963e-01 8.075303660861e-01 8.250275995584e-01 8.396086308867e-01 8.519464277485e-01 8.625216826026e-01 8.716869036308e-01 8.797064720942e-01 8.867825619425e-01 8.930724195982e-01 8.987001869805e-01 9.037651776275e-01 9.083477882145e-01 9.125137978399e-01 9.163175457592e-01 9.198043146855e-01 9.230121420978e-01 9.259732135554e-01 9.287149463866e-01 9.312608411585e-01 9.336311569805e-01 9.358434517478e-01 9.379130178204e-01 9.398532360136e-01 9.416758652252e-01 9.433912809539e-01 9.450086729267e-01 9.465362097898e-01 9.479811770928e-01 9.493500934851e-01 9.506488090367e-01 9.518825888108e-01 9.530561842057e-01 9.541738941055e-01 9.552396174984e-01 9.562568989189e-01 9.572289678318e-01 9.581587728790e-01 9.590490117539e-01 9.599021573423e-01 9.607204806619e-01 9.615060710487e-01 9.622608539693e-01 9.629866067776e-01 9.636849726874e-01 9.643574731932e-01 9.650055191351e-01 9.656304205792e-01 9.662333956567e-01 9.668155784902e-01 9.673780263124e-01 9.679217258739e-01 9.684475992202e-01 9.689565089102e-01 9.694492627370e-01 9.699266180068e-01 9.703892854220e-01 9.708379326126e-01 9.712731873497e-01 9.716956404769e-01 9.721058485860e-01 9.725043364633e-01 9.728915993300e-01 9.732681048949e-01 9.736342952388e-01 9.739905885464e-01 9.743373806991e-01 9.746750467425e-01 9.750039422394e-01 9.753244045184e-01 9.756367538283e-01 9.759412944054e-01 9.762383154621e-01 9.765280921028e-01 9.768108861739e-01 9.770869470528e-01 9.773565123816e-01 9.776198087492e-01 9.778770523268e-01 9.781284494595e-01 9.783741972183e-01 9.786144839159e-01 9.788494895872e-01 9.790793864395e-01 9.793043392735e-01 9.795245058769e-01 9.797400373940e-01 9.799510786712e-01 9.801577685818e-01 9.803602403309e-01 9.805586217417e-01 9.807530355243e-01 9.809435995290e-01 9.811304269846e-01 9.813136267226e-01 9.814933033888e-01 9.816695576422e-01 9.818424863437e-01 9.820121827330e-01 9.821787365966e-01 9.823422344260e-01 9.825027595676e-01 9.826603923643e-01 9.828152102896e-01 9.829672880746e-01 9.831166978284e-01 9.832635091516e-01 9.834077892451e-01 9.835496030122e-01 9.836890131562e-01 9.838260802725e-01 9.839608629369e-01
1.000000000000e-12 7.334434864355e-04 1.128860110817e-01 3.654610245451e-01 5.223265647129e-01 6.177530980821e-01 6.814501404461e-01 7.269557183664e-01 7.610859637227e-01 7.876319010285e-01 8.088686928943e-01 8.262442607247e-01 8.407239037703e-01 8.529759104656e-01 8.634776308622e-01 8.725791220160e-01 8.805429268347e-01 8.875698134651e-01 8.938159349261e-01 8.994045699232e-01 9.044343414234e-01 9.089850870679e-01 9.131221285637e-01 9.168994273211e-01 9.203619511824e-01 9.235474731348e-01 9.264879549372e-01 9.292106232728e-01 9.317388152987e-01 9.340926492538e-01 9.362895609454e-01 9.383447363987e-01 9.402714633862e-01 9.420814190412e-01 9.437849067165e-01 9.453910522388e-01 9.469079674544e-01 9.483428872529e-01 9.497022849568e-01 9.509919699579e-01 9.522171707090e-01 9.533826055697e-01 9.544925435324e-01 9.555508564735e-01 9.565610642809e-01 9.575263739635e-01 9.584497136600e-01 9.593337623055e-01 9.601809755908e-01 9.609936087420e-01 9.617737365672e-01 9.625232711443e-01 9.632439774684e-01 9.639374873275e-01 9.646053116363e-01 9.652488514247e-01 9.658694076493e-01 9.664681899712e-01 9.670463246269e-01 9.676048614976e-01 9.681447804726e-01 9.686669971862e-01 9.691723681993e-01 9.696616956882e-01 9.701357316931e-01 9.705951819747e-01 9.710407095206e-01 9.714729377367e-01 9.718924533582e-01 9.722998091066e-01 9.726955261194e-01 9.730800961741e-01 9.734539837272e-01 9.738176277857e-01 9.741714436265e-01 9.745158243781e-01 9.748511424784e-01 9.751777510176e-01 9.754959849790e-01 9.758061623843e-01 9.761085853545e-01 9.764035410909e-01 9.766913027849e-01 9.769721304622e-01 9.772462717662e-01 9.775139626866e-01 9.777754282367e-01 9.780308830846e-01 9.782805321404e-01 9.785245711052e-01 9.787631869818e-01 9.789965585534e-01 9.792248568300e-01 9.794482454662e-01 9.796668811528e-01 9.798809139827e-01 9.800904877954e-01 9.802957404985e-01 9.804968043710e-01 9.806938063471e-01 9.808868682836e-01 9.810761072115e-01 9.812616355721e-01 9.814435614404e-01 9.816219887342e-01 9.817970174129e-01 9.819687436638e-01 9.821372600781e-01 9.823026558181e-01 9.824650167739e-01 9.826244257124e-01 9.827809624176e-01 9.829347038246e-01 9.830857241448e-01 9.832340949856e-01 9.833798854640e-01 9.835231623134e-01 9.836639899860e-01 9.838024307488e-01 9.839385447761e-01 9.840723902363e-01
1.000000000000e-12 7.828613594978e-04 1.166787218793e-01 3.699403290364e-01 5.258021732737e-01 6.205412610096e-01 6.837743962677e-01 7.289480520715e-01 7.628292773703e-01 7.891815181739e-01 8.102633496858e-01 8.275121309547e-01 8.418861182915e-01 8.540487239236e-01 8.644738148091e-01 8.735088937091e-01 8.814145878012e-01 8.883902002591e-01 8.945907446770e-01 9.001386002141e-01 9.051316702000e-01 9.096492097125e-01 9.137560638154e-01 9.175058001706e-01 9.209430584965e-01 9.241053361564e-01 9.270243616887e-01 9.297271631076e-01 9.322369072822e-01 9.345735656518e-01 9.367544467967e-01 9.387946259323e-01 9.407072938719e-01 9.425040425424e-01 9.441951001147e-01 9.457895258257e-01 9.472953723305e-01 9.487198217270e-01 9.500693001026e-01 9.513495744590e-01 9.525658350975e-01 9.537227659488e-01 9.548246048547e-01 9.558751954395e-01 9.568780319068e-01 9.578362978644e-01 9.587529000848e-01 9.596304979553e-01 9.604715292479e-01 9.612782327326e-01 9.620526680780e-01 9.627967334098e-01 9.635121808442e-01 9.642006302622e-01 9.648635815537e-01 9.655024255254e-01 9.661184536410e-01 9.667128667351e-01 9.672867828258e-01 9.678412441339e-01 9.683772233983e-01 9.688956295721e-01 9.693973129661e-01 9.698830699032e-01 9.703536469359e-01 9.708097446754e-01 9.712520212712e-01 9.716810955806e-01 9.720975500573e-01 9.725019333898e-01 9.728947629128e-01 9.732765268155e-01 9.736476861653e-01 9.740086767657e-01 9.743599108635e-01 9.747017787187e-01 9.750346500513e-01 9.753588753753e-01 9.756747872295e-01 9.759827013152e-01 9.762829175487e-01 9.765757210358e-01 9.768613829744e-01 9.771401614928e-01 9.774123024274e-01 9.776780400459e-01 9.779375977198e-01 9.781911885506e-01 9.784390159534e-01 9.786812742011e-01 9.789181489322e-01 9.791498176253e-01 9.793764500424e-01 9.795982086441e-01 9.798152489777e-01 9.800277200410e-01 9.802357646239e-01 9.804395196278e-01 9.806391163663e-01 9.808346808475e-01 9.810263340390e-01 9.812141921178e-01 9.813983667049e-01 9.815789650864e-01 9.817560904221e-01 9.819298419419e-01 9.821003151311e-01 9.822676019056e-01 9.824317907768e-01 9.825929670083e-01 9.827512127627e-01 9.829066072423e-01 9.830592268205e-01 9.832091451672e-01 9.833564333675e-01 9.835011600339e-01 9.836433914129e-01 9.837831914863e-01 9.839206220669e-01 9.840557428899e-01 9.841886116992e-01
1.000000000000e-12 8.381548317381e-04 1.207244756089e-01 3.746126188856e-01 5.294203572015e-01 6.234432827551e-01 6.861935116399e-01 7.310216904913e-01 7.646437319687e-01 7.907943715612e-01 8.117149190514e-01 8.288317398748e-01 8.430957599407e-01 8.551653162671e-01 8.655106505776e-01 8.744766071021e-01 8.823218191111e-01 8.892440650234e-01 8.953971725109e-01 9.009025844783e-01 9.058574552513e-01 9.103404335709e-01 9.144158684077e-01 9.181369176068e-01 9.215478793728e-01 9.246859641977e-01 9.275826578823e-01 9.302647816643e-01 9.327553251763e-01 9.350741070667e-01 9.372383034978e-01 9.392628743527e-01 9.411609095292e-01 9.429439122707e-01 9.446220324980e-01 9.462042601409e-01 9.476985862481e-01 9.491121379711e-01 9.504512922351e-01 9.517217719213e-01 9.529287276233e-01 9.540768074374e-01 9.551702167841e-01 9.562127698821e-01 9.572079342030e-01 9.581588689985e-01 9.590684588029e-01 9.599393426581e-01 9.607739396861e-01 9.615744715292e-01 9.623429820987e-01 9.630813549987e-01 9.637913289410e-01 9.644745114138e-01 9.651323908321e-01 9.657663473624e-01 9.663776625881e-01 9.669675281567e-01 9.675370535333e-01 9.680872729650e-01 9.686191517489e-01 9.691335918841e-01 9.696314371763e-01 9.701134778561e-01 9.705804547646e-01 9.710330631528e-01 9.714719561353e-01 9.718977478348e-01 9.723110162490e-01 9.727123058686e-01 9.731021300705e-01 9.734809733089e-01 9.738492931241e-01 9.742075219854e-01 9.745560689856e-01 9.748953213991e-01 9.752256461175e-01 9.755473909731e-01 9.758608859607e-01 9.761664443662e-01 9.764643638117e-01 9.767549272214e-01 9.770384037187e-01 9.773150494570e-01 9.775851083921e-01 9.778488129992e-01 9.781063849411e-01 9.783580356889e-01 9.786039671015e-01 9.788443719655e-01 9.790794344992e-01 9.793093308234e-01 9.795342294014e-01 9.797542914509e-01 9.799696713291e-01 9.801805168940e-01 9.803869698430e-01 9.805891660302e-01 9.807872357646e-01 9.809813040902e-01 9.811714910493e-01 9.813579119300e-01 9.815406774993e-01 9.817198942226e-01 9.818956644705e-01 9.820680867136e-01 9.822372557069e-01 9.824032626629e-01 9.825661954160e-01 9.827261385774e-01 9.828831736812e-01 9.830373793237e-01 9.831888312940e-01 9.833376026985e-01 9.834837640784e-01 9.836273835212e-01 9.837685267667e-01 9.839072573071e-01 9.840436364825e-01 9.841777235709e-01 9.843095758744e-01
1.000000000000e-12 9.001513579834e-04 1.250365701525e-01 3.794801515120e-01 5.331823594823e-01 6.264601298393e-01 6.887082892233e-01 7.331773212235e-01 7.665299290914e-01 7.924709959052e-01 8.132238822296e-01 8.302035249734e-01 8.443532297482e-01 8.563260576779e-01 8.665884819078e-01 8.754825830189e-01 8.832649215371e-01 8.901316908379e-01 8.962354857812e-01 9.016967759979e-01 9.066119371952e-01 9.110589878034e-01 9.151017610842e-01 9.187929888626e-01 9.221766143264e-01 9.252895497531e-01 9.281630286087e-01 9.308236571786e-01 9.332942408508e-01 9.355944394421e-01 9.377412914607e-01 9.397496368974e-01 9.416324607444e-01 9.434011740551e-01 9.450658454064e-01 9.466353926805e-01 9.481177428839e-01 9.495199660492e-01 9.508483879952e-01 9.521086857389e-01 9.533059685955e-01 9.544448474102e-01 9.555294939005e-01 9.565636917167e-01 9.575508805413e-01 9.584941943071e-01 9.593964944308e-01 9.602603988047e-01 9.610883071629e-01 9.618824233432e-01 9.626447748764e-01 9.633772302710e-01 9.640815143042e-01 9.647592215815e-01 9.654118285892e-01 9.660407044331e-01 9.666471204253e-01 9.672322586635e-01 9.677972197210e-01 9.683430295562e-01 9.688706457303e-01 9.693809630134e-01 9.698748184487e-01 9.703529959336e-01 9.708162303722e-01 9.712652114434e-01 9.717005870276e-01 9.721229663257e-01 9.725329227032e-01 9.729309962872e-01 9.733176963403e-01 9.736935034341e-01 9.740588714419e-01 9.744142293674e-01 9.747599830246e-01 9.750965165843e-01 9.754241939976e-01 9.757433603093e-01 9.760543428695e-01 9.763574524534e-01 9.766529842977e-01 9.769412190595e-01 9.772224237051e-01 9.774968523352e-01 9.777647469502e-01 9.780263381626e-01 9.782818458584e-01 9.785314798140e-01 9.787754402707e-01 9.790139184699e-01 9.792470971535e-01 9.794751510310e-01 9.796982472154e-01 9.799165456325e-01 9.801301994023e-01 9.803393551981e-01 9.805441535815e-01 9.807447293177e-01 9.809412116716e-01 9.811337246850e-01 9.813223874382e-01 9.815073142952e-01 9.816886151355e-01 9.818663955711e-01 9.820407571521e-01 9.822117975602e-01 9.823796107907e-01 9.825442873254e-01 9.827059142946e-01 9.828645756314e-01 9.830203522165e-01 9.831733220164e-01 9.833235602127e-01 9.834711393258e-01 9.836161293317e-01 9.837585977723e-01 9.838986098605e-01 9.840362285796e-01 9.841715147781e-01 9.843045272590e-01 9.844353228652e-01
1.000000000000e-12 9.698137882433e-04 1.296284457884e-01 3.845447917345e-01 5.370891495817e-01 6.295925521866e-01 6.913193514387e-01 7.354154774137e-01 7.684883351742e-01 7.942118058000e-01 8.147906123513e-01 8.316278254587e-01 8.456588386547e-01 8.575312351780e-01 8.677075753201e-01 8.765270702120e-01 8.842441282844e-01 8.910532971901e-01 8.971058917813e-01 9.025213711564e-01 9.073953025960e-01 9.118050500900e-01 9.158139114488e-01 9.194741761679e-01 9.228294188273e-01 9.259162420741e-01 9.287656173788e-01 9.314039278462e-01 9.338537875659e-01 9.361346914429e-01 9.382635350615e-01 9.402550339304e-01 9.421220641201e-01 9.438759409650e-01 9.455266485836e-01 9.470830300527e-01 9.485529458845e-01 9.499434068066e-01 9.512606855748e-01 9.525104115857e-01 9.536976512961e-01 9.548269768742e-01 9.559025250439e-01 9.569280477173e-01 9.579069557237e-01 9.588423567076e-01 9.597370880835e-01 9.605937457839e-01 9.614147094134e-01 9.622021643233e-01 9.629581210369e-01 9.636844323891e-01 9.643828086893e-01 9.650548311668e-01 9.657019639230e-01 9.663255645790e-01 9.669268937829e-01 9.675071237165e-01 9.680673457214e-01 9.686085771499e-01 9.691317675307e-01 9.696378041286e-01 9.701275169652e-01 9.706016833626e-01 9.710610320601e-01 9.715062469514e-01 9.719379704825e-01 9.723568067439e-01 9.727633242918e-01 9.731580587224e-01 9.735415150263e-01 9.739141697443e-01 9.742764729423e-01 9.746288500252e-01 9.749717034033e-01 9.753054140246e-01 9.756303427874e-01 9.759468318421e-01 9.762552057929e-01 9.765557728081e-01 9.768488256480e-01 9.771346426153e-01 9.774134884371e-01 9.776856150824e-01 9.779512625219e-01 9.782106594334e-01 9.784640238586e-01 9.787115638143e-01 9.789534778618e-01 9.791899556387e-01 9.794211783538e-01 9.796473192510e-01 9.798685440418e-01 9.800850113101e-01 9.802968728919e-01 9.805042742299e-01 9.807073547067e-01 9.809062479571e-01 9.811010821617e-01 9.812919803216e-01 9.814790605184e-01 9.816624361569e-01 9.818422161945e-01 9.820185053577e-01 9.821914043446e-01 9.823610100176e-01 9.825274155834e-01 9.826907107649e-01 9.828509819615e-01 9.830083124022e-01 9.831627822895e-01 9.833144689355e-01 9.834634468915e-01 9.836097880694e-01 9.837535618583e-01 9.838948352334e-01 9.840336728607e-01 9.841701371952e-01 9.843042885749e-01 9.844361853096e-01 9.845658837654e-01
1.000000000000e-12 1.048264952052e-03 1.345135703207e-01 3.898079819793e-01 5.411414068587e-01 6.328410701870e-01 6.940271297176e-01 7.377365285468e-01 7.705192734580e-01 7.960170885578e-01 8.164153679937e-01 8.331048764001e-01 8.470128021399e-01 8.587810476716e-01 8.688681155111e-01 8.776102410648e-01 8.852596009625e-01 8.920090361830e-01 8.980085341644e-01 9.033765060461e-01 9.082076807414e-01 9.125787435620e-01 9.165524370357e-01 9.201805919468e-01 9.235064006154e-01 9.265661445906e-01 9.293905236447e-01 9.320056894356e-01 9.344340576700e-01 9.366949522331e-01 9.388051204920e-01 9.407791488632e-01 9.426298004612e-01 9.443682913563e-01 9.460045180811e-01 9.475472461359e-01 9.490042670766e-01 9.503825301286e-01 9.516882530199e-01 9.529270157630e-01 9.541038403689e-01 9.552232588965e-01 9.562893717799e-01 9.573058980176e-01 9.582762185172e-01 9.592034136613e-01 9.600902959730e-01 9.609394386119e-01 9.617532003074e-01 9.625337472400e-01 9.632830722952e-01 9.640030120541e-01 9.646952618223e-01 9.653613889577e-01 9.660028447177e-01 9.666209748138e-01 9.672170288350e-01 9.677921686800e-01 9.683474761165e-01 9.688839595722e-01 9.694025602460e-01 9.699041576190e-01 9.703895744316e-01 9.708595811866e-01 9.713149002306e-01 9.717562094578e-01 9.721841456781e-01 9.725993076830e-01 9.730022590406e-01 9.733935306487e-01 9.737736230680e-01 9.741430086586e-01 9.745021335383e-01 9.748514193802e-01 9.751912650643e-01 9.755220481968e-01 9.758441265100e-01 9.761578391527e-01 9.764635078815e-01 9.767614381615e-01 9.770519201845e-01 9.773352298118e-01 9.776116294483e-01 9.778813688525e-01 9.781446858900e-01 9.784018072324e-01 9.786529490088e-01 9.788983174110e-01 9.791381092586e-01 9.793725125254e-01 9.796017068306e-01 9.798258638984e-01 9.800451479865e-01 9.802597162877e-01 9.804697193059e-01 9.806753012080e-01 9.808766001537e-01 9.810737486058e-01 9.812668736200e-01 9.814560971188e-01 9.816415361476e-01 9.818233031164e-01 9.820015060270e-01 9.821762486870e-01 9.823476309111e-01 9.825157487120e-01 9.826806944788e-01 9.828425571473e-01 9.830014223589e-01 9.831573726125e-01 9.833104874069e-01 9.834608433762e-01 9.836085144175e-01 9.837535718120e-01 9.838960843400e-01 9.840361183892e-01 9.841737380583e-01 9.843090052543e-01 9.844419797861e-01 9.845727194517e-01 9.847012801230e-01
1.000000000000e-12 1.136817054324e-03 1.397053054542e-01 3.952707142173e-01 5.453395050107e-01 6.362059625464e-01 6.968318544041e-01 7.401406717946e-01 7.726229164192e-01 7.978869974797e-01 8.180982871249e-01 8.346348032221e-01 8.484152351761e-01 8.600756012868e-01 8.700702010284e-01 8.787321875551e-01 8.863114258006e-01 8.929989889734e-01 8.989434895783e-01 9.042622532807e-01 9.090491406146e-01 9.133801339175e-01 9.173174005569e-01 9.209122961845e-01 9.242076171766e-01 9.272393124894e-01 9.300378004705e-01 9.326289930456e-01 9.350351004368e-01 9.372752693872e-01 9.393660937410e-01 9.413220262009e-01 9.431557128821e-01 9.448782670372e-01 9.464994944773e-01 9.480280803494e-01 9.494717447841e-01 9.508373733034e-01 9.521311266376e-01 9.533585336469e-01 9.545245703057e-01 9.556337271275e-01 9.566900669578e-01 9.576972747030e-01 9.586587002779e-01 9.595773958273e-01 9.604561480919e-01 9.612975066431e-01 9.621038085881e-01 9.628772002495e-01 9.636196562446e-01 9.643329963182e-01 9.650189002351e-01 9.656789209854e-01 9.663144965227e-01 9.669269602223e-01 9.675175502184e-01 9.680874177584e-01 9.686376346936e-01 9.691692002072e-01 9.696830468705e-01 9.701800461021e-01 9.706610131004e-01 9.711267113052e-01 9.715778564411e-01 9.720151201881e-01 9.724391335186e-01 9.728504897347e-01 9.732497472386e-01 9.736374320613e-01 9.740140401747e-01 9.743800396088e-01 9.747358723920e-01 9.750819563319e-01 9.754186866517e-01 9.757464374964e-01 9.760655633188e-01 9.763764001588e-01 9.766792668234e-01 9.769744659776e-01 9.772622851528e-01 9.775429976818e-01 9.778168635638e-01 9.780841302678e-01 9.783450334789e-01 9.785997977909e-01 9.788486373515e-01 9.790917564624e-01 9.793293501390e-01 9.795616046318e-01 9.797886979136e-01 9.800108001344e-01 9.802280740460e-01 9.804406754003e-01 9.806487533216e-01 9.808524506550e-01 9.810519042940e-01 9.812472454869e-01 9.814386001248e-01 9.816260890124e-01 9.818098281223e-01 9.819899288339e-01 9.821664981591e-01 9.823396389537e-01 9.825094501176e-01 9.826760267831e-01 9.828394604927e-01 9.829998393666e-01 9.831572482614e-01 9.833117689195e-01 9.834634801112e-01 9.836124577678e-01 9.837587751092e-01 9.839025027631e-01 9.840437088792e-01 9.841824592368e-01 9.843188173468e-01 9.844528445490e-01 9.845846001036e-01 9.847141412792e-01 9.848415234352e-01
1.000000000000e-12 1.237006869968e-03 1.452167544039e-01 4.009335041120e-01 5.496834977646e-01 6.396872550846e-01 6.997335454417e-01 7.426279240364e-01 7.747992787879e-01 7.998215456505e-01 8.198393815187e-01 8.362176166275e-01 8.498661475738e-01 8.614149050795e-01 8.713138402809e-01 8.798929175312e-01 8.873996101563e-01 8.940231624862e-01 8.999107645634e-01 9.051786190565e-01 9.099196881018e-01 9.142092267625e-01 9.181088073636e-01 9.216692939997e-01 9.249330734161e-01 9.279357504794e-01 9.307074523839e-01 9.332738430363e-01 9.356569200707e-01 9.378756469648e-01 9.399464587326e-01 9.418836697412e-01 9.436998050618e-01 9.454058715751e-01 9.470115812346e-01 9.485255360565e-01 9.499553822772e-01 9.513079395129e-01 9.525893095257e-01 9.538049682558e-01 9.549598440494e-01 9.560583844385e-01 9.571046133804e-01 9.581021805111e-01 9.590544036813e-01 9.599643058217e-01 9.608346469995e-01 9.616679523825e-01 9.624665367079e-01 9.632325257546e-01 9.639678752395e-01 9.646743874898e-01 9.653537261919e-01 9.660074294713e-01 9.666369215181e-01 9.672435229450e-01 9.678284600353e-01 9.683928730172e-01 9.689378234824e-01 9.694643010505e-01 9.699732293663e-01 9.704654715078e-01 9.709418348706e-01 9.714030755869e-01 9.718499025309e-01 9.722829809535e-01 9.727029357875e-01 9.731103546564e-01 9.735057906173e-01 9.738897646663e-01 9.742627680283e-01 9.746252642532e-01 9.749776911386e-01 9.753204624928e-01 9.756539697565e-01 9.759785834930e-01 9.762946547629e-01 9.766025163893e-01 9.769024841279e-01 9.771948577466e-01 9.774799220247e-01 9.777579476787e-01 9.780291922192e-01 9.782939007467e-01 9.785523066902e-01 9.788046324939e-01 9.790510902555e-01 9.792918823216e-01 9.795272018407e-01 9.797572332806e-01 9.799821529109e-01 9.802021292525e-01 9.804173234998e-01 9.806278899137e-01 9.808339761912e-01 9.810357238103e-01 9.812332683539e-01 9.814267398142e-01 9.816162628773e-01 9.818019571917e-01 9.819839376198e-01 9.821623144750e-01 9.823371937449e-01 9.825086773008e-01 9.826768630959e-01 9.828418453522e-01 9.830037147356e-01 9.831625585232e-01 9.833184607591e-01 9.834715024035e-01 9.836217614725e-01 9.837693131710e-01 9.839142300177e-01 9.840565819644e-01 9.841964365086e-01 9.843338587998e-01 9.844689117412e-01 9.846016560853e-01 9.847321505252e-01 9.848604517813e-01 9.849866146831e-01
1.000000000000e-12 1.350637929716e-03 1.510605914236e-01 4.067963678513e-01 5.541731060240e-01 6.432847106450e-01 7.027320039804e-01 7.451981146665e-01 7.770482112552e-01 8.018206003444e-01 8.216385317203e-01 8.378532080204e-01 8.513654397869e-01 8.627988671606e-01 8.725989479432e-01 8.810923513559e-01 8.885240793700e-01 8.950814864535e-01 9.009102927554e-01 9.061255405019e-01 9.108192634751e-01 9.150659652135e-01 9.189266031578e-01 9.224515334550e-01 9.256827195608e-01 9.286554107783e-01 9.313994334406e-01 9.339401951650e-01 9.362994739090e-01 9.384960437742e-01 9.405461756484e-01 9.424640409501e-01 9.442620396704e-01 9.459510687713e-01 9.475407432192e-01 9.490395791272e-01 9.504551463736e-01 9.517941964717e-01 9.530627702487e-01 9.542662889603e-01 9.554096317363e-01 9.564972016939e-01 9.575329826060e-01 9.585205876617e-01 9.594633015784e-01 9.603641170989e-01 9.612257667272e-01 9.620507504139e-01 9.628413597802e-01 9.635996993766e-01 9.643277053890e-01 9.650271621461e-01 9.656997167202e-01 9.663468918764e-01 9.669700975824e-01 9.675706412628e-01 9.681497369545e-01 9.687085134991e-01 9.692480218871e-01 9.697692418551e-01 9.702730878242e-01 9.707604142533e-01 9.712320204750e-01 9.716886550707e-01 9.721310198352e-01 9.725597733762e-01 9.729755343856e-01 9.733788846187e-01 9.737703716096e-01 9.741505111515e-01 9.745197895636e-01 9.748786657669e-01 9.752275731868e-01 9.755669214993e-01 9.758970982358e-01 9.762184702593e-01 9.765313851244e-01 9.768361723305e-01 9.771331444801e-01 9.774225983475e-01 9.777048158681e-01 9.779800650549e-01 9.782486008470e-01 9.785106658970e-01 9.787664913030e-01 9.790162972877e-01 9.792602938308e-01 9.794986812581e-01 9.797316507892e-01 9.799593850500e-01 9.801820585495e-01 9.803998381258e-01 9.806128833636e-01 9.808213469833e-01 9.810253752069e-01 9.812251080995e-01 9.814206798901e-01 9.816122192727e-01 9.817998496883e-01 9.819836895904e-01 9.821638526945e-01 9.823404482124e-01 9.825135810730e-01 9.826833521306e-01 9.828498583601e-01 9.830131930424e-01 9.831734459382e-01 9.833307034528e-01 9.834850487912e-01 9.836365621051e-01 9.837853206314e-01 9.839313988239e-01 9.840748684772e-01 9.842157988447e-01 9.843542567496e-01 9.844903066909e-01 9.846240109435e-01 9.847554296534e-01 9.848846209276e-01 9.850116409198e-01 9.851365439121e-01
1.000000000000e-12 1.479831135744e-03 1.572488747743e-01 4.128588021169e-01 5.588077066772e-01 6.469978202722e-01 7.058268050329e-01 7.478508793011e-01 7.793693949663e-01 8.038838781309e-01 8.234954826412e-01 8.395413455020e-01 8.529128992410e-01 8.642272913080e-01 8.739253418087e-01 8.823303189699e-01 8.896846740110e-01 8.961738108227e-01 9.019419324382e-01 9.071028833596e-01 9.117477391901e-01 9.159502277993e-01 9.197706719897e-01 9.232589036421e-01 9.264564493235e-01 9.293981913505e-01 9.321136455292e-01 9.346279549540e-01 9.369626708485e-01 9.391363718537e-01 9.411651594586e-01 9.430630575405e-01 9.448423369924e-01 9.465137813260e-01 9.480869054046e-01 9.495701366788e-01 9.509709662155e-01 9.522960752367e-01 9.535514416778e-01 9.547424303527e-01 9.558738695939e-01 9.569501166770e-01 9.579751138990e-01 9.589524368315e-01 9.598853359945e-01 9.607767729724e-01 9.616294518208e-01 9.624458464629e-01 9.632282246616e-01 9.639786690563e-01 9.646990956751e-01 9.653912702697e-01 9.660568227645e-01 9.666972600709e-01 9.673139774770e-01 9.679082687956e-01 9.684813354242e-01 9.690342944519e-01 9.695681859268e-01 9.700839793857e-01 9.705825797293e-01 9.710648325206e-01 9.715315287703e-01 9.719834092660e-01 9.724211684962e-01 9.728454582116e-01 9.732568906630e-01 9.736560415486e-01 9.740434527023e-01 9.744196345472e-01 9.747850683394e-01 9.751402082219e-01 9.754854831077e-01 9.758212984076e-01 9.761480376183e-01 9.764660637834e-01 9.767757208389e-01 9.770773348540e-01 9.773712151764e-01 9.776576554906e-01 9.779369347969e-01 9.782093183180e-01 9.784750583385e-01 9.787343949850e-01 9.789875569495e-01 9.792347621618e-01 9.794762184158e-01 9.797121239512e-01 9.799426679972e-01 9.801680312782e-01 9.803883864862e-01 9.806038987226e-01 9.808147259104e-01 9.810210191802e-01 9.812229232314e-01 9.814205766711e-01 9.816141123308e-01 9.818036575645e-01 9.819893345281e-01 9.821712604420e-01 9.823495478376e-01 9.825243047897e-01 9.826956351349e-01 9.828636386772e-01 9.830284113823e-01 9.831900455596e-01 9.833486300354e-01 9.835042503155e-01 9.836569887385e-01 9.838069246216e-01 9.839541343978e-01 9.840986917456e-01 9.842406677121e-01 9.843801308297e-01 9.845171472259e-01 9.846517807283e-01 9.847840929634e-01 9.849141434509e-01 9.850419896928e-01 9.851676872585e-01 9.852912898646e-01
1.000000000000e-12 1.627085539316e-03 1.637928456064e-01 4.191197676106e-01 5.635863232575e-01 6.508257958072e-01 7.090172913067e-01 7.505856544908e-01 7.817623368941e-01 8.060109407620e-01 8.254098398577e-01 8.412816705052e-01 8.545081972497e-01 8.656998741185e-01 8.752927401461e-01 8.836065574240e-01 8.908811475642e-01 8.972999035800e-01 9.030054644873e-01 9.081104400381e-01 9.127049180348e-01 9.168618266991e-01 9.206408345760e-01 9.240912330724e-01 9.272540983609e-01 9.301639344264e-01 9.328499369484e-01 9.353369763207e-01 9.376463700235e-01 9.397964951951e-01 9.418032786885e-01 9.436805922792e-01 9.454405737705e-01 9.470938897169e-01 9.486499517840e-01 9.501170960187e-01 9.515027322404e-01 9.528134692069e-01 9.540552200173e-01 9.552332912989e-01 9.563524590164e-01 9.574170331867e-01 9.584309133489e-01 9.593976362943e-01 9.603204172876e-01 9.612021857924e-01 9.620456165360e-01 9.628531566097e-01 9.636270491803e-01 9.643693542991e-01 9.650819672131e-01 9.657666345227e-01 9.664249684741e-01 9.670584596350e-01 9.676684881603e-01 9.682563338301e-01 9.688231850117e-01 9.693701466782e-01 9.698982475975e-01 9.704084467908e-01 9.709016393443e-01 9.713786616501e-01 9.718402961396e-01 9.722872755660e-01 9.727202868852e-01 9.731399747793e-01 9.735469448584e-01 9.739417665770e-01 9.743249758920e-01 9.746970776907e-01 9.750585480094e-01 9.754098360656e-01 9.757513661202e-01 9.760835391871e-01 9.764067346035e-01 9.767213114754e-01 9.770276100086e-01 9.773259527358e-01 9.776166456494e-01 9.778999792488e-01 9.781762295082e-01 9.784456587735e-01 9.787085165934e-01 9.789650404898e-01 9.792154566745e-01 9.794599807136e-01 9.796988181472e-01 9.799321650650e-01 9.801602086438e-01 9.803831276478e-01 9.806010928962e-01 9.808142676995e-01 9.810228082680e-01 9.812268640931e-01 9.814265783048e-01 9.816220880069e-01 9.818135245902e-01 9.820010140274e-01 9.821846771495e-01 9.823646299056e-01 9.825409836066e-01 9.827138451550e-01 9.828833172613e-01 9.830494986471e-01 9.832124842371e-01 9.833723653396e-01 9.835292298175e-01 9.836831622491e-01 9.838342440801e-01 9.839825537675e-01 9.841281669151e-01 9.842711564023e-01 9.844115925059e-01 9.845495430147e-01 9.846850733391e-01 9.848182466144e-01 9.849491237988e-01 9.850777637663e-01 9.852042233954e-01 9.853285576526e-01 9.854508196721e-01
1.000000000000e-12 1.795351360966e-03 1.707027162702e-01 4.255776765088e-01 5.685076186357e-01 6.547675640416e-01 7.123025683265e-01 7.534016735393e-01 7.842263661807e-01 8.082011919201e-01 8.273810666843e-01 8.430736951340e-01 8.561508865750e-01 8.672162027573e-01 8.767007596088e-01 8.849207089277e-01 8.921131646014e-01 8.984594490279e-01 9.041005907442e-01 9.091479280713e-01 9.136905316665e-01 9.178005063484e-01 9.215368469685e-01 9.249482884045e-01 9.280754430542e-01 9.309524253319e-01 9.336081012806e-01 9.360670604924e-01 9.383503797605e-01 9.404762287343e-01 9.424603544431e-01 9.443164720417e-01 9.460565822904e-01 9.476912313119e-01 9.492297245086e-01 9.506803038084e-01 9.520502953693e-01 9.533462333323e-01 9.545739640340e-01 9.557387341870e-01 9.568452658323e-01 9.578978203242e-01 9.589002531737e-01 9.598560612394e-01 9.607684234839e-01 9.616402362954e-01 9.624741442020e-01 9.632725666658e-01 9.640377215270e-01 9.647716455774e-01 9.654762126659e-01 9.661531496724e-01 9.668040506403e-01 9.674303893074e-01 9.680335302462e-01 9.686147387872e-01 9.691751898802e-01 9.697159760227e-01 9.702381143671e-01 9.707425531067e-01 9.712301772216e-01 9.717018136606e-01 9.721582360209e-01 9.726001687824e-01 9.730282911452e-01 9.734432405122e-01 9.738456156560e-01 9.742359796014e-01 9.746148622543e-01 9.749827628014e-01 9.753401519042e-01 9.756874737084e-01 9.760251476846e-01 9.763535703191e-01 9.766731166661e-01 9.769841417773e-01 9.772869820170e-01 9.775819562765e-01 9.778693670935e-01 9.781495016873e-01 9.784226329162e-01 9.786890201641e-01 9.789489101621e-01 9.792025377505e-01 9.794501265868e-01 9.796918898035e-01 9.799280306197e-01 9.801587429114e-01 9.803842117420e-01 9.806046138572e-01 9.808201181477e-01 9.810308860802e-01 9.812370721010e-01 9.814388240139e-01 9.816362833329e-01 9.818295856136e-01 9.820188607635e-01 9.822042333329e-01 9.823858227887e-01 9.825637437706e-01 9.827381063329e-01 9.829090161712e-01 9.830765748362e-01 9.832408799349e-01 9.834020253201e-01 9.835601012695e-01 9.837151946537e-01 9.838673890962e-01 9.840167651231e-01 9.841634003054e-01 9.843073693936e-01 9.844487444441e-01 9.845875949401e-01 9.847239879053e-01 9.848579880114e-01 9.849896576808e-01 9.851190571836e-01 9.852462447290e-01 9.853712765533e-01 9.854942070025e-01 9.856150886108e-01
1.000000000000e-12 1.988117743556e-03 1.779874526485e-01 4.322303841586e-01 5.735698899016e-01 6.588217625563e-01 7.156815009558e-01 7.562979635192e-01 7.867606315253e-01 8.104538748961e-01 8.294084820835e-01 8.449168002637e-01 8.578403996863e-01 8.687757533497e-01 8.781489137417e-01 8.862723194566e-01 8.933802994745e-01 8.996520465565e-01 9.052269328551e-01 9.102149890187e-01 9.147042395667e-01 9.187659424439e-01 9.224583996052e-01 9.258297735352e-01 9.289201996378e-01 9.317633916522e-01 9.343878765886e-01 9.368179552335e-01 9.390744568323e-01 9.411753376311e-01 9.431361597101e-01 9.449704771388e-01 9.466901497282e-01 9.483055997364e-01 9.498260232736e-01 9.512595654658e-01 9.526134664251e-01 9.538941835487e-01 9.551074945080e-01 9.562585843924e-01 9.573521197826e-01 9.583923119830e-01 9.593829712215e-01 9.603275532861e-01 9.612291998023e-01 9.620907731401e-01 9.629148867674e-01 9.637039317298e-01 9.644600998188e-01 9.651854039041e-01 9.658816958260e-01 9.665506821824e-01 9.671939382943e-01 9.678129205906e-01 9.684089776167e-01 9.689833598419e-01 9.695372284161e-01 9.700716630053e-01 9.705876688156e-01 9.710861829034e-01 9.715680798550e-01 9.720341769066e-01 9.724852385694e-01 9.729219808143e-01 9.733450748641e-01 9.737551506354e-01 9.741527998682e-01 9.745385789747e-01 9.749130116368e-01 9.752765911783e-01 9.756297827329e-01 9.759730252296e-01 9.763067332125e-01 9.766312985110e-01 9.769470917744e-01 9.772544638840e-01 9.775537472540e-01 9.778452570299e-01 9.781292921962e-01 9.784061365988e-01 9.786760598913e-01 9.789393184111e-01 9.791961559915e-01 9.794468047145e-01 9.796914856107e-01 9.799304093094e-01 9.801637766430e-01 9.803917792104e-01 9.806145999012e-01 9.808324133854e-01 9.810453865700e-01 9.812536790253e-01 9.814574433837e-01 9.816568257129e-01 9.818519658649e-01 9.820429978032e-01 9.822300499094e-01 9.824132452712e-01 9.825927019521e-01 9.827685332455e-01 9.829408479130e-01 9.831097504089e-01 9.832753410912e-01 9.834377164204e-01 9.835969691471e-01 9.837531884886e-01 9.839064602953e-01 9.840568672084e-01 9.842044888084e-01 9.843494017551e-01 9.844916799209e-01 9.846313945162e-01 9.847686142081e-01 9.849034052328e-01 9.850358315026e-01 9.851659547070e-01 9.852938344078e-01 9.854195281308e-01 9.855430914517e-01 9.856645780782e-01 9.857840399275e-01
1.000000000000e-12 2.209518205675e-03 1.856545561543e-01 4.390751852552e-01 5.787710655726e-01 6.629867373567e-01 7.191527114076e-01 7.592733435645e-01 7.893640996897e-01 8.127680712609e-01 8.314912594704e-01 8.468102344541e-01 8.595760477632e-01 8.703778900618e-01 8.796366121275e-01 8.876608379546e-01 8.946820355683e-01 9.008772099399e-01 9.063840316066e-01 9.113111878361e-01 9.157456284434e-01 9.197577413741e-01 9.234051167659e-01 9.267353290803e-01 9.297880237018e-01 9.325965027537e-01 9.351889449554e-01 9.375893544015e-01 9.398183060300e-01 9.418935368566e-01 9.438304189613e-01 9.456423409303e-01 9.473410177762e-01 9.489367445103e-01 9.504386049659e-01 9.518546448240e-01 9.531920158011e-01 9.544570964551e-01 9.556555939168e-01 9.567926299702e-01 9.578728142210e-01 9.589003065571e-01 9.598788706867e-01 9.608119202056e-01 9.617025583827e-01 9.625536126409e-01 9.633676645400e-01 9.641470759328e-01 9.648940118508e-01 9.656104605886e-01 9.662982513768e-01 9.669590699772e-01 9.675944724777e-01 9.682058975253e-01 9.687946772007e-01 9.693620467062e-01 9.699091530150e-01 9.704370626112e-01 9.709467684283e-01 9.714391960820e-01 9.719152094807e-01 9.723756158826e-01 9.728211704652e-01 9.732525804578e-01 9.736705088881e-01 9.740755779821e-01 9.744683722551e-01 9.748494413260e-01 9.752193024829e-01 9.755784430267e-01 9.759273224120e-01 9.762663742090e-01 9.765960079005e-01 9.769166105321e-01 9.772285482276e-01 9.775321675845e-01 9.778277969584e-01 9.781157476473e-01 9.783963149851e-01 9.786697793524e-01 9.789364071105e-01 9.791964514672e-01 9.794501532785e-01 9.796977417932e-01 9.799394353433e-01 9.801754419863e-01 9.804059601028e-01 9.806311789522e-01 9.808512791914e-01 9.810664333578e-01 9.812768063204e-01 9.814825557015e-01 9.816838322700e-01 9.818807803101e-01 9.820735379664e-01 9.822622375667e-01 9.824470059254e-01 9.826279646272e-01 9.828052302943e-01 9.829789148368e-01 9.831491256884e-01 9.833159660281e-01 9.834795349886e-01 9.836399278528e-01 9.837972362388e-01 9.839515482747e-01 9.841029487626e-01 9.842515193350e-01 9.843973386004e-01 9.845404822829e-01 9.846810233531e-01 9.848190321517e-01 9.849545765075e-01 9.850877218481e-01 9.852185313056e-01 9.853470658160e-01 9.854733842141e-01 9.855975433234e-01 9.857195980410e-01 9.858396014188e-01 9.859576047403e-01
1.000000000000e-12 2.464457310793e-03 1.937098519767e-01 4.461088146622e-01 5.841087052388e-01 6.672605423967e-01 7.227145788230e-01 7.623264245055e-01 7.920355551780e-01 8.151427005804e-01 8.336284264563e-01 8.487531137159e-01 8.613570204824e-01 8.720218649030e-01 8.811631602037e-01 8.890856161630e-01 8.960177651406e-01 9.021343671853e-01 9.075713467832e-01 9.124360127405e-01 9.168142121027e-01 9.207754400973e-01 9.243765564563e-01 9.276645322624e-01 9.306785100847e-01 9.334513696813e-01 9.360109323858e-01 9.383808978530e-01 9.405815800725e-01 9.426304911045e-01 9.445428080676e-01 9.463317497429e-01 9.480088825634e-01 9.495843709706e-01 9.510671835891e-01 9.524652640580e-01 9.537856733897e-01 9.550347092440e-01 9.562180063692e-01 9.573406215905e-01 9.584071060507e-01 9.594215668788e-01 9.603877200483e-01 9.613089358611e-01 9.621882782279e-01 9.630285387118e-01 9.638322661311e-01 9.646017923836e-01 9.653392550423e-01 9.660466171843e-01 9.667256848406e-01 9.673781223927e-01 9.680054661929e-01 9.686091366421e-01 9.691904489265e-01 9.697506225823e-01 9.702907900362e-01 9.708120042461e-01 9.713152455522e-01 9.718014278310e-01 9.722714040338e-01 9.727259711808e-01 9.731658748714e-01 9.735918133655e-01 9.740044412817e-01 9.744043729543e-01 9.747921854853e-01 9.751684215228e-01 9.755335917945e-01 9.758881774207e-01 9.762326320290e-01 9.765673836905e-01 9.768928366948e-01 9.772093731785e-01 9.775173546220e-01 9.778171232271e-01 9.781090031846e-01 9.783933018445e-01 9.786703107952e-01 9.789403068611e-01 9.792035530254e-01 9.794602992843e-01 9.797107834394e-01 9.799552318317e-01 9.801938600242e-01 9.804268734356e-01 9.806544679306e-01 9.808768303682e-01 9.810941391140e-01 9.813065645172e-01 9.815142693559e-01 9.817174092531e-01 9.819161330655e-01 9.821105832476e-01 9.823008961918e-01 9.824872025477e-01 9.826696275211e-01 9.828482911549e-01 9.830233085921e-01 9.831947903235e-01 9.833628424203e-01 9.835275667528e-01 9.836890611964e-01 9.838474198255e-01 9.840027330964e-01 9.841550880193e-01 9.843045683210e-01 9.844512545984e-01 9.845952244632e-01 9.847365526792e-01 9.848753112912e-01 9.850115697480e-01 9.851453950181e-01 9.852768516994e-01 9.854060021231e-01 9.855329064524e-01 9.856576227761e-01 9.857802071968e-01 9.859007139155e-01 9.860191953112e-01 9.861357020169e-01
1.000000000000e-12 2.758762685254e-03 2.021572908998e-01 4.533274529502e-01 5.895800017245e-01 6.716409410610e-01 7.263652404782e-01 7.654556098982e-01 7.947736011369e-01 8.175765212154e-01 8.358188655682e-01 8.507444221652e-01 8.631823866176e-01 8.737068182796e-01 8.827277597762e-01 8.905459091010e-01 8.973867897715e-01 9.034228609564e-01 9.087882575674e-01 9.135888755889e-01 9.179094318087e-01 9.218185064841e-01 9.253722107346e-01 9.286168972243e-01 9.315911931732e-01 9.343275454462e-01 9.368534090829e-01 9.391921717094e-01 9.413638798627e-01 9.433858150398e-01 9.452729545385e-01 9.470383431017e-01 9.486933948798e-01 9.502481404895e-01 9.517114304751e-01 9.530911038901e-01 9.543941287820e-01 9.556267198960e-01 9.567944377935e-01 9.579022727219e-01 9.589547159038e-01 9.599558203940e-01 9.609092532417e-01 9.618183403757e-01 9.626861053671e-01 9.635153030256e-01 9.643084486120e-01 9.650678433224e-01 9.657955965865e-01 9.664936456358e-01 9.671637727231e-01 9.678076203167e-01 9.684267045414e-01 9.690224270972e-01 9.695960858547e-01 9.701488842937e-01 9.706819399313e-01 9.711962918623e-01 9.716929075199e-01 9.721726887484e-01 9.726364772692e-01 9.730850596091e-01 9.735191715509e-01 9.739395021612e-01 9.743466974399e-01 9.747413636331e-01 9.751240702447e-01 9.754953527784e-01 9.758557152376e-01 9.762056324080e-01 9.765455519451e-01 9.768758962839e-01 9.771970643910e-01 9.775094333720e-01 9.778133599480e-01 9.781091818154e-01 9.783972188968e-01 9.786777744955e-01 9.789511363609e-01 9.792175776728e-01 9.794773579519e-01 9.797307239031e-01 9.799779101970e-01 9.802191401946e-01 9.804546266209e-01 9.806845721900e-01 9.809091701878e-01 9.811286050133e-01 9.813430526836e-01 9.815526813051e-01 9.817576515128e-01 9.819581168808e-01 9.821542243060e-01 9.823461143672e-01 9.825339216612e-01 9.827177751174e-01 9.828977982933e-01 9.830741096511e-01 9.832468228179e-01 9.834160468298e-01 9.835818863615e-01 9.837444419421e-01 9.839038101584e-01 9.840600838462e-01 9.842133522707e-01 9.843637012967e-01 9.845112135486e-01 9.846559685622e-01 9.847980429273e-01 9.849375104234e-01 9.850744421469e-01 9.852089066320e-01 9.853409699657e-01 9.854706958952e-01 9.855981459312e-01 9.857233794448e-01 9.858464537599e-01 9.859674242406e-01 9.860863443742e-01 9.862032658500e-01 9.863182386346e-01
1.000000000000e-12 3.099367196752e-03 2.109987724576e-01 4.607267366367e-01 5.951817858167e-01 6.761254096532e-01 7.301025946572e-01 7.686590984824e-01 7.975766615048e-01 8.200681322321e-01 8.380613159684e-01 8.527830135869e-01 8.650510954715e-01 8.754317803175e-01 8.843295102476e-01 8.920408762109e-01 8.987883214385e-01 9.047419495848e-01 9.100340634946e-01 9.147691127833e-01 9.190306571435e-01 9.228863401363e-01 9.263915064936e-01 9.295918757764e-01 9.325255476190e-01 9.352245257142e-01 9.377158901097e-01 9.400227089946e-01 9.421647551019e-01 9.441590738915e-01 9.460204380951e-01 9.477617142856e-01 9.493941607141e-01 9.509276709955e-01 9.523709747898e-01 9.537318040815e-01 9.550170317459e-01 9.562327876447e-01 9.573845563908e-01 9.584772600731e-01 9.595153285713e-01 9.605027595818e-01 9.614431700679e-01 9.623398405314e-01 9.631957532466e-01 9.640136253967e-01 9.647959378881e-01 9.655449604862e-01 9.662627738094e-01 9.669512886296e-01 9.676122628570e-01 9.682473165265e-01 9.688579450548e-01 9.694455309972e-01 9.700113544973e-01 9.705566025973e-01 9.710823775509e-01 9.715897042606e-01 9.720795369457e-01 9.725527651331e-01 9.730102190475e-01 9.734526744730e-01 9.738808571428e-01 9.742954467119e-01 9.746970803571e-01 9.750863560439e-01 9.754638354978e-01 9.758300469082e-01 9.761854873949e-01 9.765306252587e-01 9.768659020407e-01 9.771917344064e-01 9.775085158729e-01 9.778166183952e-01 9.781163938223e-01 9.784081752380e-01 9.786922781954e-01 9.789690018552e-01 9.792386300366e-01 9.795014321880e-01 9.797576642856e-01 9.800075696648e-01 9.802513797909e-01 9.804893149741e-01 9.807215850340e-01 9.809483899159e-01 9.811699202657e-01 9.813863579638e-01 9.815978766233e-01 9.818046420545e-01 9.820068126984e-01 9.822045400313e-01 9.823979689440e-01 9.825872380952e-01 9.827724802431e-01 9.829538225563e-01 9.831313869047e-01 9.833052901325e-01 9.834756443148e-01 9.836425569985e-01 9.838061314285e-01 9.839664667609e-01 9.841236582633e-01 9.842777975034e-01 9.844289725274e-01 9.845772680272e-01 9.847227654986e-01 9.848655433911e-01 9.850056772486e-01 9.851432398427e-01 9.852783012987e-01 9.854109292149e-01 9.855411887755e-01 9.856691428571e-01 9.857948521303e-01 9.859183751552e-01 9.860397684729e-01 9.861590866910e-01 9.862763825665e-01 9.863917070828e-01 9.865051095238e-01
1.000000000000e-12 3.494526822984e-03 2.202339972453e-01 4.683017730246e-01 6.009105335750e-01 6.807111429122e-01 7.339243052129e-01 7.719348880852e-01 8.004429844268e-01 8.226159764371e-01 8.403543761857e-01 8.548676139171e-01 8.669619791528e-01 8.771956729632e-01 8.859674105682e-01 8.935695831797e-01 9.002214842231e-01 9.060908086769e-01 9.113079859707e-01 9.159759867082e-01 9.201771873722e-01 9.239782736876e-01 9.274338067016e-01 9.305888585841e-01 9.334809894763e-01 9.361417498972e-01 9.385978364396e-01 9.408719906456e-01 9.429837052654e-01 9.449497843941e-01 9.467847915810e-01 9.485014112074e-01 9.501107421072e-01 9.516225378009e-01 9.530454043362e-01 9.543869642123e-01 9.556539929842e-01 9.568525337143e-01 9.579879933534e-01 9.590652242931e-01 9.600885936857e-01 9.610620426202e-01 9.619891368436e-01 9.628731104053e-01 9.637169033507e-01 9.645231943873e-01 9.652944292919e-01 9.660328456900e-01 9.667404947381e-01 9.674192601516e-01 9.680708749486e-01 9.686969362241e-01 9.692989182198e-01 9.698781839138e-01 9.704359953228e-01 9.709735226805e-01 9.714918526327e-01 9.719919955689e-01 9.724748921971e-01 9.729414194480e-01 9.733923957905e-01 9.738285860234e-01 9.742507056037e-01 9.746594245624e-01 9.750553710536e-01 9.754391345758e-01 9.758112689004e-01 9.761722947378e-01 9.765227021681e-01 9.768629528613e-01 9.771934821061e-01 9.775147006680e-01 9.778269964921e-01 9.781307362662e-01 9.784262668572e-01 9.787139166324e-01 9.789939966767e-01 9.792668019147e-01 9.795326121465e-01 9.797916930054e-01 9.800442968429e-01 9.802906635485e-01 9.805310213101e-01 9.807655873184e-01 9.809945684218e-01 9.812181617345e-01 9.814365552027e-01 9.816499281314e-01 9.818584516753e-01 9.820622892970e-01 9.822615971937e-01 9.824565246970e-01 9.826472146460e-01 9.828338037358e-01 9.830164228450e-01 9.831951973414e-01 9.833702473691e-01 9.835416881178e-01 9.837096300758e-01 9.838741792670e-01 9.840354374743e-01 9.841935024498e-01 9.843484681121e-01 9.845004247323e-01 9.846494591099e-01 9.847956547374e-01 9.849390919569e-01 9.850798481068e-01 9.852179976614e-01 9.853536123617e-01 9.854867613403e-01 9.856175112381e-01 9.857459263163e-01 9.858720685613e-01 9.859959977845e-01 9.861177717168e-01 9.862374460985e-01 9.863550747644e-01 9.864707097240e-01 9.865844012389e-01 9.866961978952e-01
1.000000000000e-12 3.954080457145e-03 2.298603558072e-01 4.760471594471e-01 6.067623762046e-01 6.853950615507e-01 7.378278078100e-01 7.752807809665e-01 8.033706469308e-01 8.252183445337e-01 8.426965078564e-01 8.569968246444e-01 8.689137556929e-01 8.789973128614e-01 8.876403619082e-01 8.951310044329e-01 9.016853166492e-01 9.074685333137e-01 9.126091703503e-01 9.172086876994e-01 9.213482533140e-01 9.250935745845e-01 9.284984121033e-01 9.316071767944e-01 9.344568777612e-01 9.370786026508e-01 9.394986563949e-01 9.417394468988e-01 9.438201809381e-01 9.457574160782e-01 9.475655022089e-01 9.492569376215e-01 9.508426583209e-01 9.523322747354e-01 9.537342666549e-01 9.550561447505e-01 9.563045851741e-01 9.574855423316e-01 9.586043438491e-01 9.596657709299e-01 9.606741266567e-01 9.616332942992e-01 9.625467872921e-01 9.634177922388e-01 9.642492060515e-01 9.650436681393e-01 9.658035883971e-01 9.665311716227e-01 9.672284388806e-01 9.678972462504e-01 9.685393013253e-01 9.691561777699e-01 9.697493281975e-01 9.703200955900e-01 9.708697234494e-01 9.713993648412e-01 9.719100904691e-01 9.724028958994e-01 9.728787080391e-01 9.733383909537e-01 9.737827511045e-01 9.742125420700e-01 9.746284688108e-01 9.750311915281e-01 9.754213291604e-01 9.757994625580e-01 9.761661373677e-01 9.765218666607e-01 9.768671333275e-01 9.772023922647e-01 9.775280723752e-01 9.778445783981e-01 9.781522925870e-01 9.784515762502e-01 9.787427711658e-01 9.790262008836e-01 9.793021719246e-01 9.795709748866e-01 9.798328854650e-01 9.800881653958e-01 9.803370633283e-01 9.805798156329e-01 9.808166471496e-01 9.810477718827e-01 9.812733936460e-01 9.814937066620e-01 9.817088961194e-01 9.819191386927e-01 9.821246030258e-01 9.823254501828e-01 9.825218340696e-01 9.827139018271e-01 9.829017941986e-01 9.830856458738e-01 9.832655858113e-01 9.834417375397e-01 9.836142194403e-01 9.837831450131e-01 9.839486231252e-01 9.841107582451e-01 9.842696506627e-01 9.844253966957e-01 9.845780888850e-01 9.847278161774e-01 9.848746640987e-01 9.850187149168e-01 9.851600477950e-01 9.852987389371e-01 9.854348617247e-01 9.855684868465e-01 9.856996824206e-01 9.858285141105e-01 9.859550452345e-01 9.860793368696e-01 9.862014479497e-01 9.863214353588e-01 9.864393540195e-01 9.865552569766e-01 9.866691954768e-01 9.867812190443e-01 9.868913755522e-01
1.000000000000e-12 4.489758543370e-03 2.398728606157e-01 4.839570066492e-01 6.127331124385e-01 6.901738217850e-01 7.418103178275e-01 7.786943905867e-01 8.063575608481e-01 8.278733803844e-01 8.450860404603e-01 8.591691271152e-01 8.709050329931e-01 8.808354149977e-01 8.893471710401e-01 8.967240262916e-01 9.031787746427e-01 9.088741408375e-01 9.139366885674e-01 9.184663365369e-01 9.225430197097e-01 9.262314473423e-01 9.295845633721e-01 9.326461040950e-01 9.354525164243e-01 9.380344157673e-01 9.404177074686e-01 9.426244590438e-01 9.446735855065e-01 9.465813929028e-01 9.483620131394e-01 9.500277546510e-01 9.515893873182e-01 9.530563755813e-01 9.544370704171e-01 9.557388684052e-01 9.569683442828e-01 9.581313620049e-01 9.592331682680e-01 9.602784716457e-01 9.612715098546e-01 9.622161071752e-01 9.631157236710e-01 9.639734975391e-01 9.647922816860e-01 9.655746754263e-01 9.663230520474e-01 9.670395828549e-01 9.677262582121e-01 9.683849060037e-01 9.690172078836e-01 9.696247136114e-01 9.702088537343e-01 9.707709508336e-01 9.713122295219e-01 9.718338253488e-01 9.723367927533e-01 9.728221121786e-01 9.732906964514e-01 9.737433965116e-01 9.741810065697e-01 9.746042687571e-01 9.750138773255e-01 9.754104824473e-01 9.757946936591e-01 9.761670829874e-01 9.765281877906e-01 9.768785133460e-01 9.772185352086e-01 9.775487013650e-01 9.778694342026e-01 9.781811323124e-01 9.784841721414e-01 9.787789095093e-01 9.790656810025e-01 9.793448052558e-01 9.796165841340e-01 9.798813038206e-01 9.801392358229e-01 9.803906379010e-01 9.806357549273e-01 9.808748196813e-01 9.811080535876e-01 9.813356673998e-01 9.815578618355e-01 9.817748281669e-01 9.819867487696e-01 9.821937976343e-01 9.823961408430e-01 9.825939370133e-01 9.827873377131e-01 9.829764878482e-01 9.831615260237e-01 9.833425848837e-01 9.835197914275e-01 9.836932673072e-01 9.838631291061e-01 9.840294885998e-01 9.841924530019e-01 9.843521251938e-01 9.845086039418e-01 9.846619841008e-01 9.848123568057e-01 9.849598096523e-01 9.851044268671e-01 9.852462894684e-01 9.853854754168e-01 9.855220597587e-01 9.856561147610e-01 9.857877100384e-01 9.859169126744e-01 9.860437873350e-01 9.861683963766e-01 9.862907999485e-01 9.864110560893e-01 9.865292208190e-01 9.866453482257e-01 9.867594905486e-01 9.868716982558e-01 9.869820201192e-01 9.870905032849e-01
1.000000000000e-12 5.115547900348e-03 2.502641262583e-01 4.920249659651e-01 6.188182233403e-01 6.950438267955e-01 7.458688398693e-01 7.821731497531e-01 8.094014799406e-01 8.305790873461e-01 8.475211770219e-01 8.613828877163e-01 8.729343135750e-01 8.827085970848e-01 8.910865544113e-01 8.983474507734e-01 9.047007350953e-01 9.103065742051e-01 9.152895423037e-01 9.197479874450e-01 9.237605880724e-01 9.273910362593e-01 9.306914437020e-01 9.337048591931e-01 9.364671567267e-01 9.390084704576e-01 9.413542985169e-01 9.435263615348e-01 9.455432771943e-01 9.474210952221e-01 9.491737253813e-01 9.508132826271e-01 9.523503675450e-01 9.537942958012e-01 9.551532871012e-01 9.564346217554e-01 9.576447711511e-01 9.587895070659e-01 9.598739937221e-01 9.609028656779e-01 9.618802940360e-01 9.628100429619e-01 9.636955181295e-01 9.645398084056e-01 9.653457218509e-01 9.661158169209e-01 9.668524295965e-01 9.675576970519e-01 9.682335783633e-01 9.688818726824e-01 9.695042352288e-01 9.701021914008e-01 9.706771492585e-01 9.712304105932e-01 9.717631807674e-01 9.722765774807e-01 9.727716385971e-01 9.732493291481e-01 9.737105476110e-01 9.741561315498e-01 9.745868626907e-01 9.750034714990e-01 9.754066413135e-01 9.757970120863e-01 9.761751837725e-01 9.765417194068e-01 9.768971479006e-01 9.772419665886e-01 9.775766435506e-01 9.779016197310e-01 9.782173108777e-01 9.785241093161e-01 9.788223855755e-01 9.791124898827e-01 9.793947535330e-01 9.796694901525e-01 9.799369968610e-01 9.801975553434e-01 9.804514328390e-01 9.806988830562e-01 9.809401470180e-01 9.811754538449e-01 9.814050214810e-01 9.816290573667e-01 9.818477590648e-01 9.820613148405e-01 9.822699042028e-01 9.824736984073e-01 9.826728609254e-01 9.828675478813e-01 9.830579084604e-01 9.832440852906e-01 9.834262147983e-01 9.836044275424e-01 9.837788485260e-01 9.839495974888e-01 9.841167891817e-01 9.842805336231e-01 9.844409363412e-01 9.845980986004e-01 9.847521176144e-01 9.849030867469e-01 9.850510957004e-01 9.851962306936e-01 9.853385746292e-01 9.854782072518e-01 9.856152052966e-01 9.857496426303e-01 9.858815903837e-01 9.860111170774e-01 9.861382887404e-01 9.862631690220e-01 9.863858192986e-01 9.865062987738e-01 9.866246645740e-01 9.867409718386e-01 9.868552738055e-01 9.869676218927e-01 9.870780657749e-01 9.871866534575e-01 9.872934313453e-01
1.000000000000e-12 5.848120206283e-03 2.610244010876e-01 5.002442598925e-01 6.250128894064e-01 7.000012400312e-01 7.500001788140e-01 7.857143200851e-01 8.125000081816e-01 8.333333356303e-01 8.500000007352e-01 8.636363638982e-01 8.750000001019e-01 8.846153846581e-01 8.928571428762e-01 9.000000000090e-01 9.062500000045e-01 9.117647058847e-01 9.166666666679e-01 9.210526315796e-01 9.250000000004e-01 9.285714285717e-01 9.318181818183e-01 9.347826086957e-01 9.375000000001e-01 9.400000000000e-01 9.423076923077e-01 9.444444444445e-01 9.464285714286e-01 9.482758620690e-01 9.500000000000e-01 9.516129032258e-01 9.531250000000e-01 9.545454545455e-01 9.558823529412e-01 9.571428571429e-01 9.583333333333e-01 9.594594594595e-01 9.605263157895e-01 9.615384615385e-01 9.625000000000e-01 9.634146341463e-01 9.642857142857e-01 9.651162790698e-01 9.659090909091e-01 9.666666666667e-01 9.673913043478e-01 9.680851063830e-01 9.687500000000e-01 9.693877551020e-01 9.700000000000e-01 9.705882352941e-01 9.711538461538e-01 9.716981132075e-01 9.722222222222e-01 9.727272727273e-01 9.732142857143e-01 9.736842105263e-01 9.741379310345e-01 9.745762711864e-01 9.750000000000e-01 9.754098360656e-01 9.758064516129e-01 9.761904761905e-01 9.765625000000e-01 9.769230769231e-01 9.772727272727e-01 9.776119402985e-01 9.779411764706e-01 9.782608695652e-01 9.785714285714e-01 9.788732394366e-01 9.791666666667e-01 9.794520547945e-01 9.797297297297e-01 9.800000000000e-01 9.802631578947e-01 9.805194805195e-01 9.807692307692e-01 9.810126582279e-01 9.812500000000e-01 9.814814814815e-01 9.817073170732e-01 9.819277108434e-01 9.821428571429e-01 9.823529411765e-01 9.825581395349e-01 9.827586206897e-01 9.829545454545e-01 9.831460674157e-01 9.833333333333e-01 9.835164835165e-01 9.836956521739e-01 9.838709677419e-01 9.840425531915e-01 9.842105263158e-01 9.843750000000e-01 9.845360824742e-01 9.846938775510e-01 9.848484848485e-01 9.850000000000e-01 9.851485148515e-01 9.852941176471e-01 9.854368932039e-01 9.855769230769e-01 9.857142857143e-01 9.858490566038e-01 9.859813084112e-01 9.861111111111e-01 9.862385321101e-01 9.863636363636e-01 9.864864864865e-01 9.866071428571e-01 9.867256637168e-01 9.868421052632e-01 9.869565217391e-01 9.870689655172e-01 9.871794871795e-01 9.872881355932e-01 9.873949579832e-01 9.875000000000e-01
1.000000000000e-12 6.707331136088e-03 2.721416513773e-01 5.086077156200e-01 6.313120098141e-01 7.050420002467e-01 7.542009523091e-01 7.893150027194e-01 8.156506091217e-01 8.361338706285e-01 8.525204824562e-01 8.659277109853e-01 8.771004016215e-01 8.865542168387e-01 8.946574870474e-01 9.016803212369e-01 9.078253011563e-01 9.132473422632e-01 9.180669343589e-01 9.223792009712e-01 9.262602409224e-01 9.297716580212e-01 9.329638553838e-01 9.358784703671e-01 9.385502007684e-01 9.410081927377e-01 9.432771084016e-01 9.453779562386e-01 9.473287435158e-01 9.491449937394e-01 9.508401606147e-01 9.524259618852e-01 9.539126505763e-01 9.553092369225e-01 9.566236711306e-01 9.578629948126e-01 9.590334671789e-01 9.601406707687e-01 9.611896004853e-01 9.621847389344e-01 9.631301204610e-01 9.640293858157e-01 9.648858290105e-01 9.657024376382e-01 9.664819276919e-01 9.672267737431e-01 9.679392351835e-01 9.686213791158e-01 9.692751003842e-01 9.699021391519e-01 9.705040963688e-01 9.710824474204e-01 9.716385542008e-01 9.721736758197e-01 9.726889781193e-01 9.731855421535e-01 9.736643717579e-01 9.741264003235e-01 9.745724968697e-01 9.750034714990e-01 9.754200803074e-01 9.758230298105e-01 9.762129809426e-01 9.765905526737e-01 9.769563252881e-01 9.773108433606e-01 9.776546184612e-01 9.779881316185e-01 9.783118355653e-01 9.786261567890e-01 9.789314974063e-01 9.792282368795e-01 9.795167335895e-01 9.797973262800e-01 9.800703353843e-01 9.803360642459e-01 9.805948002427e-01 9.808468158239e-01 9.810923694672e-01 9.813317065626e-01 9.815650602305e-01 9.817926520795e-01 9.820146929078e-01 9.822313833547e-01 9.824429145053e-01 9.826494684523e-01 9.828512188191e-01 9.830483312465e-01 9.832409638459e-01 9.834292676229e-01 9.836133868716e-01 9.837934595433e-01 9.839696175918e-01 9.841419872951e-01 9.843106895579e-01 9.844758401941e-01 9.846375501921e-01 9.847959259633e-01 9.849510695759e-01 9.851030789742e-01 9.852520481844e-01 9.853980675093e-01 9.855412237102e-01 9.856816001790e-01 9.858192771004e-01 9.859543316042e-01 9.860868379098e-01 9.862168674621e-01 9.863444890596e-01 9.864697689765e-01 9.865927710767e-01 9.867135569229e-01 9.868321858789e-01 9.869487152074e-01 9.870632001618e-01 9.871756940734e-01 9.872862484348e-01 9.873949129781e-01 9.875017357495e-01 9.876067631802e-01 9.877100401537e-01
1.000000000000e-12 7.716795713304e-03 2.836016965918e-01 5.171078010322e-01 6.377102236334e-01 7.101618381339e-01 7.584676045986e-01 7.929721501566e-01 8.188506162543e-01 8.389783221252e-01 8.550804889943e-01 8.682549897148e-01 8.792337404768e-01 8.885234527125e-01 8.964860632188e-01 9.033869923315e-01 9.094253053081e-01 9.147532285239e-01 9.194891602720e-01 9.237265728889e-01 9.275402442443e-01 9.309907088040e-01 9.341274947674e-01 9.369915167340e-01 9.396168702034e-01 9.420321953952e-01 9.442617263416e-01 9.463261068474e-01 9.482430316029e-01 9.500277546510e-01 9.516934961627e-01 9.532517704800e-01 9.547126526525e-01 9.560849965115e-01 9.573766142612e-01 9.585944252823e-01 9.597445801356e-01 9.608325644562e-01 9.618632864442e-01 9.628411508944e-01 9.637701221220e-01 9.646537776800e-01 9.654953544019e-01 9.662977880205e-01 9.670637473836e-01 9.677956641084e-01 9.684957583670e-01 9.691660613804e-01 9.698084351017e-01 9.704245894874e-01 9.710160976976e-01 9.715844095075e-01 9.721308631708e-01 9.726566959411e-01 9.731630534237e-01 9.736509979069e-01 9.741215158014e-01 9.745755242961e-01 9.750138773255e-01 9.754373709302e-01 9.758467480813e-01 9.762427030308e-01 9.766258852400e-01 9.769969029346e-01 9.773563263263e-01 9.777046905366e-01 9.780424982558e-01 9.783702221624e-01 9.786883071306e-01 9.789971722446e-01 9.792972126411e-01 9.795888011955e-01 9.798722900678e-01 9.801480121216e-01 9.804162822281e-01 9.806773984651e-01 9.809316432221e-01 9.811792842192e-01 9.814205754472e-01 9.816557580365e-01 9.818850610610e-01 9.821087022825e-01 9.823268888400e-01 9.825398178901e-01 9.827476772010e-01 9.829506457045e-01 9.831488940102e-01 9.833425848837e-01 9.835318736918e-01 9.837169088189e-01 9.838978320542e-01 9.840747789547e-01 9.842478791835e-01 9.844172568267e-01 9.845830306902e-01 9.847453145777e-01 9.849042175508e-01 9.850598441740e-01 9.852122947437e-01 9.853616655038e-01 9.855080488488e-01 9.856515335137e-01 9.857922047537e-01 9.859301445134e-01 9.860654315854e-01 9.861981417608e-01 9.863283479706e-01 9.864561204194e-01 9.865815267119e-01 9.867046319714e-01 9.868254989535e-01 9.869441881521e-01 9.870607579007e-01 9.871752644680e-01 9.872877621481e-01 9.873983033468e-01 9.875069386628e-01 9.876137169648e-01 9.877186854651e-01 9.878218897889e-01 9.879233740407e-01
1.000000000000e-12 8.904542591135e-03 2.953883919068e-01 5.257366627028e-01 6.442019327966e-01 7.153562943906e-01 7.627964215504e-01 7.966825791383e-01 8.220972442818e-01 8.418642143129e-01 8.576777921261e-01 8.706161744298e-01 8.813981598158e-01 8.905213782625e-01 8.983412798036e-01 9.051185278117e-01 9.110486198212e-01 9.162810539483e-01 9.209321065062e-01 9.250935745845e-01 9.288388958552e-01 9.322275198620e-01 9.353080871409e-01 9.381207790044e-01 9.406990798792e-01 9.430711166840e-01 9.452606891192e-01 9.472880710037e-01 9.491706398964e-01 9.509233764517e-01 9.525592639033e-01 9.540896102290e-01 9.555243099093e-01 9.568720580939e-01 9.581405269735e-01 9.593365119171e-01 9.604660532527e-01 9.615345383000e-01 9.625467872921e-01 9.635071260795e-01 9.644194479275e-01 9.652872662707e-01 9.661137599309e-01 9.669018120256e-01 9.676540435704e-01 9.683728426022e-01 9.690603895022e-01 9.697186790872e-01 9.703495399396e-01 9.709546513694e-01 9.715355583420e-01 9.720936846490e-01 9.726303445596e-01 9.731467531528e-01 9.736440355018e-01 9.741232348563e-01 9.745853199482e-01 9.750311915281e-01 9.754616882258e-01 9.758775918152e-01 9.762796319516e-01 9.766684904442e-01 9.770448051145e-01 9.774091732873e-01 9.777621549547e-01 9.781042756477e-01 9.784360290470e-01 9.787578793597e-01 9.790702634867e-01 9.793735930014e-01 9.796682559586e-01 9.799546185507e-01 9.802330266264e-01 9.805038070835e-01 9.807672691500e-01 9.810237055613e-01 9.812733936460e-01 9.815165963260e-01 9.817535630397e-01 9.819845305962e-01 9.822097239637e-01 9.824293570012e-01 9.826436331354e-01 9.828527459891e-01 9.830568799655e-01 9.832562107894e-01 9.834509060128e-01 9.836411254839e-01 9.838270217852e-01 9.840087406416e-01 9.841864213011e-01 9.843601968912e-01 9.845301947511e-01 9.846965367430e-01 9.848593395436e-01 9.850187149168e-01 9.851747699698e-01 9.853276073928e-01 9.854773256847e-01 9.856240193646e-01 9.857677791710e-01 9.859086922485e-01 9.860468423245e-01 9.861823098747e-01 9.863151722798e-01 9.864455039724e-01 9.865733765764e-01 9.866988590383e-01 9.868220177509e-01 9.869429166706e-01 9.870616174282e-01 9.871781794333e-01 9.872926599741e-01 9.874051143106e-01 9.875155957640e-01 9.876241558009e-01 9.877308441129e-01 9.878357086932e-01 9.879387959076e-01 9.880401505639e-01 9.881398159758e-01
1.000000000000e-12 1.030374509253e-02 3.074838517995e-01 5.344861653797e-01 6.507813265929e-01 7.206207390472e-01 7.671835467370e-01 8.004429844268e-01 8.253876011725e-01 8.447889765084e-01 8.603100782401e-01 8.730091618483e-01 8.835917316304e-01 8.925462137890e-01 9.002214842231e-01 9.068733852709e-01 9.126937986896e-01 9.178294575893e-01 9.223944877228e-01 9.264789883688e-01 9.301550389502e-01 9.334809894763e-01 9.365045808637e-01 9.392652512609e-01 9.417958657917e-01 9.441240311600e-01 9.462731068847e-01 9.482629918149e-01 9.501107421072e-01 9.518310613449e-01 9.534366926334e-01 9.549387348065e-01 9.563468993438e-01 9.576697205758e-01 9.589147287941e-01 9.600885936857e-01 9.611972438611e-01 9.622459670000e-01 9.632394941842e-01 9.641820712564e-01 9.650775194750e-01 9.659292872927e-01 9.667404947381e-01 9.675139716047e-01 9.682522904318e-01 9.689577950889e-01 9.696326256304e-01 9.702787399787e-01 9.708979328958e-01 9.714918526327e-01 9.720620155800e-01 9.726098191961e-01 9.731365534423e-01 9.736434109245e-01 9.741314959074e-01 9.746018323455e-01 9.750553710536e-01 9.754929961228e-01 9.759155306724e-01 9.763237420170e-01 9.767183463167e-01 9.771000127705e-01 9.774693674032e-01 9.778269964921e-01 9.781734496719e-01 9.785092427539e-01 9.788348602879e-01 9.791507578955e-01 9.794573643971e-01 9.797550837536e-01 9.800442968429e-01 9.803253630845e-01 9.805986219306e-01 9.808643942329e-01 9.811229835000e-01 9.813746770533e-01 9.816197470921e-01 9.818584516753e-01 9.820910356282e-01 9.823177313798e-01 9.825387597375e-01 9.827543306049e-01 9.829646436464e-01 9.831698889036e-01 9.833702473691e-01 9.835658915177e-01 9.837569858023e-01 9.839436871150e-01 9.841261452159e-01 9.843045031348e-01 9.844788975444e-01 9.846494591099e-01 9.848163128152e-01 9.849795782688e-01 9.851393699894e-01 9.852957976737e-01 9.854489664479e-01 9.855989771031e-01 9.857459263163e-01 9.858899068586e-01 9.860310077900e-01 9.861693146436e-01 9.863049095980e-01 9.864378716408e-01 9.865682767212e-01 9.866961978952e-01 9.868217054623e-01 9.869448670935e-01 9.870657479537e-01 9.871844108165e-01 9.873009161727e-01 9.874153223333e-01 9.875276855268e-01 9.876380599912e-01 9.877464980614e-01 9.878530502522e-01 9.879577653362e-01 9.880606904188e-01 9.881618710085e-01 9.882613510840e-01 9.883591731583e-01
1.000000000000e-12 1.195351915902e-02 3.198687065501e-01 5.433479324790e-01 6.574424074432e-01 7.259503918576e-01 7.716249984074e-01 8.042499533498e-01 8.287187008864e-01 8.477499544652e-01 8.629749585173e-01 8.754317803175e-01 8.858124652392e-01 8.945961217401e-01 9.021249701795e-01 9.086499721642e-01 9.143593489025e-01 9.193970342605e-01 9.238749768012e-01 9.278815569694e-01 9.314874791208e-01 9.347499801150e-01 9.377158901097e-01 9.404238948876e-01 9.429062326006e-01 9.451899832965e-01 9.472980608621e-01 9.492499845338e-01 9.510624850862e-01 9.527499856005e-01 9.543249860804e-01 9.557983736262e-01 9.571796744504e-01 9.584772600731e-01 9.596985171298e-01 9.608499880690e-01 9.619374884004e-01 9.629662049301e-01 9.639407784846e-01 9.648653739080e-01 9.657437395603e-01 9.665792581076e-01 9.673749900575e-01 9.681337112189e-01 9.688579450548e-01 9.695499907203e-01 9.702119474438e-01 9.708457357960e-01 9.714531163003e-01 9.720357057635e-01 9.725949916483e-01 9.731323447532e-01 9.736490304310e-01 9.741462185361e-01 9.746249922669e-01 9.750863560439e-01 9.755312425431e-01 9.759605189897e-01 9.763749928002e-01 9.767754166511e-01 9.771624930402e-01 9.775368784002e-01 9.778991868131e-01 9.782499933716e-01 9.785898372252e-01 9.789192243448e-01 9.792386300366e-01 9.795485012300e-01 9.798492585649e-01 9.801412982959e-01 9.804249940345e-01 9.807006983439e-01 9.809687442002e-01 9.812294463344e-01 9.814831024650e-01 9.817299944322e-01 9.819703892423e-01 9.822045400313e-01 9.824326869540e-01 9.826550580052e-01 9.828718697802e-01 9.830833281779e-01 9.832896290538e-01 9.834909588243e-01 9.836874950287e-01 9.838794068519e-01 9.840668556095e-01 9.842499952002e-01 9.844289725274e-01 9.846039278923e-01 9.847749953602e-01 9.849423031034e-01 9.851059737219e-01 9.852661245421e-01 9.854228678980e-01 9.855763113938e-01 9.857265581501e-01 9.858737070352e-01 9.860178528818e-01 9.861590866910e-01 9.862974958241e-01 9.864331641823e-01 9.865661723766e-01 9.866965978875e-01 9.868245152155e-01 9.869499960230e-01 9.870731092681e-01 9.871939213310e-01 9.873124961335e-01 9.874288952515e-01 9.875431780219e-01 9.876554016434e-01 9.877656212715e-01 9.878738901099e-01 9.879802594948e-01 9.880847789775e-01 9.881874964001e-01 9.882884579693e-01 9.883877083255e-01 9.884852906085e-01 9.885812465201e-01
1.000000000000e-12 1.389976701360e-02 3.325223820328e-01 5.523133871221e-01 6.641790176925e-01 7.313403435482e-01 7.761166871780e-01 8.080999809620e-01 8.320874766414e-01 8.507444221652e-01 8.656699795441e-01 8.778817994624e-01 8.880583161321e-01 8.966692148757e-01 9.040499852355e-01 9.104466528838e-01 9.160437370774e-01 9.209823407781e-01 9.253722107346e-01 9.292999891169e-01 9.328349896609e-01 9.360333234866e-01 9.389408996917e-01 9.415956431834e-01 9.440291580507e-01 9.462679917287e-01 9.483346074314e-01 9.502481404895e-01 9.520249926149e-01 9.536793032144e-01 9.552233264406e-01 9.566677352650e-01 9.580218685380e-01 9.592939331278e-01 9.604911703887e-01 9.616199940919e-01 9.626861053671e-01 9.636945890058e-01 9.646499945583e-01 9.655564049543e-01 9.664174948304e-01 9.672365803224e-01 9.680166617433e-01 9.687604603074e-01 9.694704498458e-01 9.701488842937e-01 9.707978215917e-01 9.714191445365e-01 9.720145790253e-01 9.725857100656e-01 9.731339958643e-01 9.736607802592e-01 9.741673037157e-01 9.746547130796e-01 9.751240702448e-01 9.755763598767e-01 9.760124963074e-01 9.764333297056e-01 9.768396516072e-01 9.772321998850e-01 9.776116632203e-01 9.779786851347e-01 9.783338676325e-01 9.786777744955e-01 9.790109342690e-01 9.793338429726e-01 9.796469665639e-01 9.799507431823e-01 9.802455851944e-01 9.805318810611e-01 9.808099970459e-01 9.810802787777e-01 9.813430526836e-01 9.815986273043e-01 9.818472945029e-01 9.820893305762e-01 9.823249972792e-01 9.825545427690e-01 9.827782024771e-01 9.829961999141e-01 9.832087474152e-01 9.834160468298e-01 9.836182901612e-01 9.838156601592e-01 9.840083308716e-01 9.841964681555e-01 9.843802301537e-01 9.845597677381e-01 9.847352249229e-01 9.849067392496e-01 9.850744421468e-01 9.852384592661e-01 9.853989107958e-01 9.855559117550e-01 9.857095722683e-01 9.858599978233e-01 9.860072895127e-01 9.861515442600e-01 9.862928550328e-01 9.864313110426e-01 9.865669979322e-01 9.866999979526e-01 9.868303901296e-01 9.869582504196e-01 9.870836518579e-01 9.872066646973e-01 9.873273565398e-01 9.874457924600e-01 9.875620351224e-01 9.876761448919e-01 9.877881799383e-01 9.878981963353e-01 9.880062481537e-01 9.881123875506e-01 9.882166648528e-01 9.883191286367e-01 9.884198258036e-01 9.885188016514e-01 9.886160999425e-01 9.887117629682e-01 9.888058316101e-01
1.000000000000e-12 1.619602945459e-02 3.454233923256e-01 5.613737932802e-01 6.709848671502e-01 7.367855777079e-01 7.806544342628e-01 8.119894856689e-01 8.354907945841e-01 8.537695939703e-01 8.683926342491e-01 8.803569401278e-01 8.903271950837e-01 8.987635646802e-01 9.059947386267e-01 9.122617560495e-01 9.177453962954e-01 9.225839023952e-01 9.268847967064e-01 9.307329653007e-01 9.341963170356e-01 9.373298257481e-01 9.401784700323e-01 9.427794061178e-01 9.451635975296e-01 9.473570536284e-01 9.493817823350e-01 9.512565311374e-01 9.529973693111e-01 9.546181496796e-01 9.561308780236e-01 9.575460109906e-01 9.588726981472e-01 9.601189800215e-01 9.612919511973e-01 9.623978954488e-01 9.634423983530e-01 9.644304416408e-01 9.653664826502e-01 9.662545215567e-01 9.670981585177e-01 9.679006424563e-01 9.686649128740e-01 9.693936358304e-01 9.700892350161e-01 9.707539186824e-01 9.713897030589e-01 9.719984327811e-01 9.725817987648e-01 9.731413538920e-01 9.736785268142e-01 9.741946341316e-01 9.746908911675e-01 9.751684215228e-01 9.756282655687e-01 9.760713880129e-01 9.764986846555e-01 9.769109884335e-01 9.773090748398e-01 9.776936667917e-01 9.780654390118e-01 9.784250219788e-01 9.787730054953e-01 9.791099419160e-01 9.794363490736e-01 9.797527129340e-01 9.800594900108e-01 9.803571095628e-01 9.806459755987e-01 9.809264687059e-01 9.811989477244e-01 9.814637512776e-01 9.817211991765e-01 9.819715937084e-01 9.822152208204e-01 9.824523512095e-01 9.826832413251e-01 9.829081342949e-01 9.831272607783e-01 9.833408397558e-01 9.835490792589e-01 9.837521770458e-01 9.839503212282e-01 9.841436908519e-01 9.843324564370e-01 9.845167804789e-01 9.846968179152e-01 9.848727165599e-01 9.850446175081e-01 9.852126555136e-01 9.853769593412e-01 9.855376520957e-01 9.856948515295e-01 9.858486703302e-01 9.859992163905e-01 9.861465930601e-01 9.862908993824e-01 9.864322303166e-01 9.865706769460e-01 9.867063266738e-01 9.868392634071e-01 9.869695677298e-01 9.870973170658e-01 9.872225858321e-01 9.873454455837e-01 9.874659651496e-01 9.875842107614e-01 9.877002461749e-01 9.878141327843e-01 9.879259297313e-01 9.880356940064e-01 9.881434805469e-01 9.882493423278e-01 9.883533304488e-01 9.884554942168e-01 9.885558812236e-01 9.886545374199e-01 9.887515071855e-01 9.888468333958e-01 9.889405574850e-01 9.890327195059e-01
1.000000000000e-12 1.890428857219e-02 3.585496345127e-01 5.705202966247e-01 6.778535611024e-01 7.422809930996e-01 7.852339900584e-01 8.159148251567e-01 8.389254677277e-01 8.568226370122e-01 8.711403730530e-01 8.828548845151e-01 8.926169774456e-01 9.008772099399e-01 9.079574092260e-01 9.140935819426e-01 9.194627330704e-01 9.242002193600e-01 9.284113182843e-01 9.321791436376e-01 9.355701864557e-01 9.386382728149e-01 9.414274422324e-01 9.439740751788e-01 9.463084887130e-01 9.484561491645e-01 9.504386049659e-01 9.522742121894e-01 9.539787046112e-01 9.555656458315e-01 9.570467909704e-01 9.584323783585e-01 9.597313665348e-01 9.609516281549e-01 9.621001096798e-01 9.631829636889e-01 9.642056591420e-01 9.651730737598e-01 9.660895718188e-01 9.669590699772e-01 9.677850932278e-01 9.685708226613e-01 9.693191364074e-01 9.700326448631e-01 9.707137211162e-01 9.713645273136e-01 9.719870375894e-01 9.725830580662e-01 9.731542443565e-01 9.737021169207e-01 9.742280745823e-01 9.747334064532e-01 9.752193024829e-01 9.756868628134e-01 9.761371060947e-01 9.765709768930e-01 9.769893523056e-01 9.773930478792e-01 9.777828229157e-01 9.781593852392e-01 9.785233954852e-01 9.788754709691e-01 9.792161891792e-01 9.795460909383e-01 9.798656832674e-01 9.801754419863e-01 9.804758140775e-01 9.807672198375e-01 9.810500548399e-01 9.813246917263e-01 9.815914818445e-01 9.818507567481e-01 9.821028295710e-01 9.823479962892e-01 9.825865368799e-01 9.828187163882e-01 9.830447859094e-01 9.832649834950e-01 9.834795349886e-01 9.836886547989e-01 9.838925466139e-01 9.840914040631e-01 9.842854113306e-01 9.844747437242e-01 9.846595682037e-01 9.848400438719e-01 9.850163224315e-01 9.851885486105e-01 9.853568605581e-01 9.855213902147e-01 9.856822636568e-01 9.858396014188e-01 9.859935187947e-01 9.861441261195e-01 9.862915290331e-01 9.864358287275e-01 9.865771221783e-01 9.867155023620e-01 9.868510584603e-01 9.869838760516e-01 9.871140372911e-01 9.872416210803e-01 9.873667032266e-01 9.874893565933e-01 9.876096512415e-01 9.877276545630e-01 9.878434314067e-01 9.879570441973e-01 9.880685530473e-01 9.881780158634e-01 9.882854884465e-01 9.883910245866e-01 9.884946761528e-01 9.885964931780e-01 9.886965239396e-01 9.887948150358e-01 9.888914114579e-01 9.889863566591e-01 9.890796926196e-01 9.891714599085e-01 9.892616977426e-01
1.000000000000e-12 2.209563614733e-02 3.718786755564e-01 5.797439647177e-01 6.847786285235e-01 7.478214261701e-01 7.898510528989e-01 8.198723124666e-01 8.423882700176e-01 8.599006836946e-01 8.739106151212e-01 8.853732864118e-01 8.949255125232e-01 9.030081653982e-01 9.099361535809e-01 9.159404100076e-01 9.211941343815e-01 9.258297735352e-01 9.299503416720e-01 9.336371657945e-01 9.369553075047e-01 9.399574357187e-01 9.426866431861e-01 9.451785282649e-01 9.474627562539e-01 9.495642460037e-01 9.515040826959e-01 9.533002277812e-01 9.549680767890e-01 9.565209017273e-01 9.579702050031e-01 9.593260048417e-01 9.605970671904e-01 9.617910954574e-01 9.629148867674e-01 9.639744614312e-01 9.649751708359e-01 9.659217878403e-01 9.668185828972e-01 9.676693884639e-01 9.684776537523e-01 9.692464914657e-01 9.699787178594e-01 9.706768872115e-01 9.713433215930e-01 9.719801366687e-01 9.725892641325e-01 9.731724712786e-01 9.737313781269e-01 9.742674724509e-01 9.747821230019e-01 9.752765911783e-01 9.757520413479e-01 9.762095500018e-01 9.766501138906e-01 9.770746572744e-01 9.774840383945e-01 9.778790552648e-01 9.782604508637e-01 9.786289177982e-01 9.789851025015e-01 9.793296090179e-01 9.796630024209e-01 9.799858119062e-01 9.802985335952e-01 9.806016330784e-01 9.808955477287e-01 9.811806888074e-01 9.814574433837e-01 9.817261760883e-01 9.819872307156e-01 9.822409316915e-01 9.824875854180e-01 9.827274815081e-01 9.829608939202e-01 9.831880820012e-01 9.834092914486e-01 9.836247551960e-01 9.838346942320e-01 9.840393183556e-01 9.842388268762e-01 9.844334092604e-01 9.846232457328e-01 9.848085078324e-01 9.849893589297e-01 9.851659547070e-01 9.853384436057e-01 9.855069672424e-01 9.856716607965e-01 9.858326533718e-01 9.859900683344e-01 9.861440236274e-01 9.862946320662e-01 9.864420016139e-01 9.865862356393e-01 9.867274331589e-01 9.868656890635e-01 9.870010943309e-01 9.871337362254e-01 9.872636984858e-01 9.873910615009e-01 9.875159024762e-01 9.876382955891e-01 9.877583121368e-01 9.878760206740e-01 9.879914871437e-01 9.881047750009e-01 9.882159453280e-01 9.883250569453e-01 9.884321665146e-01 9.885373286372e-01 9.886405959468e-01 9.887420191973e-01 9.888416473460e-01 9.889395276324e-01 9.890357056530e-01 9.891302254318e-01 9.892231294880e-01 9.893144588991e-01 9.894042533621e-01 9.894925512508e-01
1.000000000000e-12 2.585069192486e-02 3.853880222303e-01 5.890358262233e-01 6.917535502162e-01 7.534016735393e-01 7.945012877961e-01 8.238582320591e-01 8.458759503872e-01 8.630008441876e-01 8.767007596088e-01 8.879097814139e-01 8.972506329462e-01 9.051544304058e-01 9.119291139458e-01 9.178005063484e-01 9.229379747011e-01 9.274710350126e-01 9.315004219562e-01 9.351056629059e-01 9.383503797605e-01 9.412860759624e-01 9.439548906914e-01 9.463916345744e-01 9.486253164671e-01 9.506803038084e-01 9.525772152004e-01 9.543336146374e-01 9.559645569718e-01 9.574830205245e-01 9.589002531737e-01 9.602260514584e-01 9.614689873503e-01 9.626365937942e-01 9.637355175062e-01 9.647716455774e-01 9.657502109780e-01 9.666758809516e-01 9.675528314529e-01 9.683848101336e-01 9.691751898802e-01 9.699270145173e-01 9.706430379812e-01 9.713257580281e-01 9.719774453457e-01 9.726001687824e-01 9.731958172872e-01 9.737661190470e-01 9.743126582335e-01 9.748368896982e-01 9.753401519042e-01 9.758236783374e-01 9.762886076002e-01 9.767359923625e-01 9.771668073187e-01 9.775819562765e-01 9.779822784859e-01 9.783685543019e-01 9.787415102622e-01 9.791018236476e-01 9.794501265868e-01 9.797870097575e-01 9.801130257292e-01 9.804286919875e-01 9.807344936752e-01 9.810308860802e-01 9.813182968971e-01 9.815971282867e-01 9.818677587531e-01 9.821305448581e-01 9.823858227887e-01 9.826339097917e-01 9.828751054890e-01 9.831096930851e-01 9.833379404758e-01 9.835601012695e-01 9.837764157264e-01 9.839871116261e-01 9.841924050668e-01 9.843925012052e-01 9.845875949401e-01 9.847778715458e-01 9.849635072587e-01 9.851446698218e-01 9.853215189906e-01 9.854942070025e-01 9.856628790141e-01 9.858276735082e-01 9.859887226728e-01 9.861461527552e-01 9.863000843912e-01 9.864506329144e-01 9.865979086436e-01 9.867420171528e-01 9.868830595235e-01 9.870211325812e-01 9.871563291168e-01 9.872887380950e-01 9.874184448491e-01 9.875455312647e-01 9.876700759521e-01 9.877921544080e-01 9.879118391687e-01 9.880291999535e-01 9.881443038001e-01 9.882572151925e-01 9.883679961812e-01 9.884767064973e-01 9.885834036593e-01 9.886881430753e-01 9.887909781383e-01 9.888919603172e-01 9.889911392429e-01 9.890885627895e-01 9.891842771510e-01 9.892783269149e-01 9.893707551311e-01 9.894616033779e-01 9.895509118238e-01 9.896387192875e-01 9.897250632934e-01
1.000000000000e-12 3.025962294839e-02 3.990553666852e-01 5.983869088518e-01 6.987717866191e-01 7.590165142556e-01 7.991803449892e-01 8.278688557130e-01 8.493852466701e-01 8.661202187937e-01 8.795081967897e-01 8.904619970436e-01 8.995901639438e-01 9.073139974819e-01 9.139344262313e-01 9.196721311484e-01 9.246926229512e-01 9.291224686598e-01 9.330601092897e-01 9.365832614323e-01 9.397540983607e-01 9.426229508197e-01 9.452309985097e-01 9.476122594441e-01 9.497950819672e-01 9.518032786885e-01 9.536569987390e-01 9.553734061931e-01 9.569672131148e-01 9.584511023177e-01 9.598360655738e-01 9.611316763617e-01 9.623463114754e-01 9.634873323398e-01 9.645612343298e-01 9.655737704918e-01 9.665300546448e-01 9.674346477625e-01 9.682916307161e-01 9.691046658260e-01 9.698770491803e-01 9.706117552979e-01 9.713114754098e-01 9.719786504003e-01 9.726154992548e-01 9.732240437158e-01 9.738061297220e-01 9.743634461109e-01 9.748975409836e-01 9.754098360656e-01 9.759016393443e-01 9.763741562199e-01 9.768284993695e-01 9.772656974946e-01 9.776867030965e-01 9.780923994039e-01 9.784836065574e-01 9.788610871441e-01 9.792255511588e-01 9.795776604612e-01 9.799180327869e-01 9.802472453642e-01 9.805658381809e-01 9.808743169399e-01 9.811731557377e-01 9.814627994956e-01 9.817436661699e-01 9.820161487644e-01 9.822806171649e-01 9.825374198147e-01 9.827868852459e-01 9.830293234819e-01 9.832650273224e-01 9.834942735235e-01 9.837173238813e-01 9.839344262295e-01 9.841458153581e-01 9.843517138599e-01 9.845523329130e-01 9.847478730027e-01 9.849385245902e-01 9.851244687310e-01 9.853058776489e-01 9.854829152676e-01 9.856557377049e-01 9.858244937319e-01 9.859893252002e-01 9.861503674392e-01 9.863077496274e-01 9.864615951372e-01 9.866120218579e-01 9.867591424968e-01 9.869030648610e-01 9.870438921206e-01 9.871817230555e-01 9.873166522865e-01 9.874487704918e-01 9.875781646104e-01 9.877049180328e-01 9.878291107799e-01 9.879508196721e-01 9.880701184873e-01 9.881870781099e-01 9.883017666720e-01 9.884142496847e-01 9.885245901639e-01 9.886328487473e-01 9.887390838057e-01 9.888433515483e-01 9.889457061212e-01 9.890461997019e-01 9.891448825875e-01 9.892418032787e-01 9.893370085594e-01 9.894305435720e-01 9.895224518888e-01 9.896127755794e-01 9.897015552753e-01 9.897888302306e-01 9.898746383799e-01 9.899590163934e-01
1.000000000000e-12 3.542158530632e-02 4.128588021169e-01 6.077882757980e-01 7.058268050329e-01 7.646607316139e-01 8.038838781309e-01 8.319004581153e-01 8.529128992410e-01 8.692559100738e-01 8.823303189699e-01 8.930275626706e-01 9.019419324382e-01 9.094848607085e-01 9.159502277993e-01 9.215535459454e-01 9.264564493235e-01 9.307825405396e-01 9.346279549540e-01 9.380685889038e-01 9.411651594586e-01 9.439668185320e-01 9.465137813260e-01 9.488392690944e-01 9.509709662155e-01 9.529321275668e-01 9.547424303527e-01 9.564186366360e-01 9.579751138990e-01 9.594242479024e-01 9.607767729724e-01 9.620420383604e-01 9.632282246616e-01 9.643425208840e-01 9.653912702697e-01 9.663800911192e-01 9.673139774770e-01 9.681973834911e-01 9.690342944519e-01 9.698282869018e-01 9.705825797293e-01 9.713000777847e-01 9.719834092660e-01 9.726349578877e-01 9.732568906630e-01 9.738511819816e-01 9.744196345472e-01 9.749638976419e-01 9.754854831077e-01 9.759857793708e-01 9.764660637834e-01 9.769275135131e-01 9.773712151764e-01 9.777981733806e-01 9.782093183180e-01 9.786055125304e-01 9.789875569495e-01 9.793561963012e-01 9.797121239512e-01 9.800559862571e-01 9.803883864862e-01 9.807098883471e-01 9.810210191802e-01 9.813222728440e-01 9.816141123308e-01 9.818969721411e-01 9.821712604420e-01 9.824373610324e-01 9.826956351349e-01 9.829464230315e-01 9.831900455596e-01 9.834268054813e-01 9.836569887385e-01 9.838808656051e-01 9.840986917456e-01 9.843107091889e-01 9.845171472259e-01 9.847182232360e-01 9.849141434509e-01 9.851051036604e-01 9.852912898646e-01 9.854728788787e-01 9.856500388923e-01 9.858229299900e-01 9.859917046330e-01 9.861565081079e-01 9.863174789438e-01 9.864747493008e-01 9.866284453315e-01 9.867786875188e-01 9.869255909908e-01 9.870692658151e-01 9.872098172736e-01 9.873473461201e-01 9.874819488210e-01 9.876137177807e-01 9.877427415539e-01 9.878691050430e-01 9.879928896854e-01 9.881141736280e-01 9.882330318917e-01 9.883495365264e-01 9.884637567566e-01 9.885757591182e-01 9.886856075882e-01 9.887933637064e-01 9.888990866903e-01 9.890028335437e-01 9.891046591590e-01 9.892046164144e-01 9.893027562652e-01 9.893991278304e-01 9.894937784747e-01 9.895867538865e-01 9.896780981506e-01 9.897678538189e-01 9.898560619756e-01 9.899427623006e-01 9.900279931286e-01 9.901117915056e-01 9.901941932431e-01
1.000000000000e-12 4.144339122419e-02 4.267770050412e-01 6.172310604622e-01 7.129121060347e-01 7.703291343445e-01 8.086075619520e-01 8.359493320031e-01 8.564556642652e-01 8.724050346238e-01 8.851645310874e-01 8.956041191479e-01 9.043037758779e-01 9.116650238845e-01 9.179746650345e-01 9.234430206984e-01 9.282278319045e-01 9.324497241453e-01 9.362025172483e-01 9.395602794984e-01 9.425822655234e-01 9.453164433557e-01 9.478020595668e-01 9.500715352378e-01 9.521518879362e-01 9.540658124187e-01 9.558325119411e-01 9.574683448322e-01 9.589873325167e-01 9.604015624299e-01 9.617215103490e-01 9.629563003377e-01 9.641139159521e-01 9.652013730445e-01 9.662248620726e-01 9.671898660134e-01 9.681012586241e-01 9.689633867694e-01 9.697801397492e-01 9.705550079607e-01 9.712911327617e-01 9.719913490358e-01 9.726582216778e-01 9.732940769876e-01 9.739010297834e-01 9.744810068993e-01 9.750357676189e-01 9.755669214993e-01 9.760759439681e-01 9.765641900096e-01 9.770329062094e-01 9.774832413817e-01 9.779162559705e-01 9.783329303862e-01 9.787341724161e-01 9.791208238267e-01 9.794936662584e-01 9.798534264994e-01 9.802007812150e-01 9.805363611944e-01 9.808607551745e-01 9.811745132864e-01 9.814781501688e-01 9.817721477852e-01 9.820569579761e-01 9.823330047764e-01 9.826006865223e-01 9.828603777682e-01 9.831124310363e-01 9.833571784126e-01 9.835949330067e-01 9.838259902883e-01 9.840506293121e-01 9.842691138420e-01 9.844816933847e-01 9.846886041396e-01 9.848900698746e-01 9.850863027334e-01 9.852775039804e-01 9.854638646895e-01 9.856455663809e-01 9.858227816107e-01 9.859956745179e-01 9.861644013310e-01 9.863291108389e-01 9.864899448290e-01 9.866470384938e-01 9.868005208100e-01 9.869505148917e-01 9.870971383199e-01 9.872405034496e-01 9.873807176975e-01 9.875178838094e-01 9.876521001126e-01 9.877834607497e-01 9.879120558997e-01 9.880379719841e-01 9.881612918605e-01 9.882820950048e-01 9.884004576815e-01 9.885164531047e-01 9.886301515888e-01 9.887416206909e-01 9.888509253444e-01 9.889581279853e-01 9.890632886711e-01 9.891664651931e-01 9.892677131819e-01 9.893670862080e-01 9.894646358759e-01 9.895604119133e-01 9.896544622565e-01 9.897468331292e-01 9.898375691192e-01 9.899267132497e-01 9.900143070476e-01 9.901003906075e-01 9.901850026536e-01 9.902681805972e-01 9.903499605922e-01 9.904303775872e-01
1.000000000000e-12 4.843720893593e-02 4.407893826867e-01 6.267064992839e-01 7.200212488652e-01 7.760165769985e-01 8.133471092583e-01 8.400118027333e-01 8.600103264476e-01 8.755647344077e-01 8.880082609106e-01 8.981893280834e-01 9.066735507373e-01 9.138525083708e-01 9.200059006291e-01 9.253388405868e-01 9.300051630500e-01 9.341225063999e-01 9.377823671554e-01 9.410569794104e-01 9.440041304399e-01 9.466706004189e-01 9.490946640362e-01 9.513079395129e-01 9.533367753665e-01 9.552033043519e-01 9.569262541845e-01 9.585215781036e-01 9.600029503142e-01 9.613821589240e-01 9.626694202932e-01 9.638736325418e-01 9.650025815249e-01 9.660631093575e-01 9.670612531999e-01 9.680023602513e-01 9.688911835777e-01 9.697319623999e-01 9.705284897052e-01 9.712841694563e-01 9.720020652199e-01 9.726849416780e-01 9.733353002095e-01 9.739554095069e-01 9.745473320181e-01 9.751129468622e-01 9.756539697565e-01 9.761719703999e-01 9.766683876833e-01 9.771445430367e-01 9.776016521759e-01 9.780408354666e-01 9.784631270922e-01 9.788694831848e-01 9.792607890518e-01 9.796378656145e-01 9.800014751571e-01 9.803523264701e-01 9.806910794620e-01 9.810183493016e-01 9.813347101466e-01 9.816406985049e-01 9.819368162709e-01 9.822235334730e-01 9.825012907625e-01 9.827705016738e-01 9.830315546787e-01 9.832848150567e-01 9.835306266000e-01 9.837693131710e-01 9.840011801257e-01 9.842265156169e-01 9.844455917888e-01 9.846586658739e-01 9.848659812000e-01 9.850677681173e-01 9.852642448526e-01 9.854556182961e-01 9.856420847282e-01 9.858238304911e-01 9.860010326100e-01 9.861738593679e-01 9.863424708390e-01 9.865070193831e-01 9.866676501047e-01 9.868245012800e-01 9.869777047535e-01 9.871273863080e-01 9.872736660091e-01 9.874166585258e-01 9.875564734311e-01 9.876932154813e-01 9.878269848782e-01 9.879578775139e-01 9.880859852000e-01 9.882113958821e-01 9.883341938416e-01 9.884544598845e-01 9.885722715183e-01 9.886877031192e-01 9.888008260880e-01 9.889117089980e-01 9.890204177333e-01 9.891270156194e-01 9.892315635461e-01 9.893341200838e-01 9.894347415924e-01 9.895334823252e-01 9.896303945259e-01 9.897255285211e-01 9.898189328072e-01 9.899106541333e-01 9.900007375785e-01 9.900892266265e-01 9.901761632351e-01 9.902615879026e-01 9.903455397310e-01 9.904280564854e-01 9.905091746508e-01 9.905889294857e-01 9.906673550733e-01
1.000000000000e-12 5.651714381110e-02 4.548761858450e-01 6.362059625464e-01 7.271478755996e-01 7.817179793706e-01 8.180982871249e-01 8.440842421654e-01 8.635737111802e-01 8.787321875551e-01 8.908589687570e-01 9.007808806752e-01 9.090491406146e-01 9.160453605657e-01 9.220421205246e-01 9.272393124894e-01 9.317868554587e-01 9.357993933728e-01 9.393660937410e-01 9.425573519651e-01 9.454294843668e-01 9.480280803494e-01 9.503904403335e-01 9.525473777103e-01 9.545245703057e-01 9.563435874935e-01 9.580226802822e-01 9.595773958273e-01 9.610210602620e-01 9.623651616323e-01 9.636196562446e-01 9.647932157205e-01 9.658934277293e-01 9.669269602223e-01 9.678996966864e-01 9.688168482096e-01 9.696830468705e-01 9.705024239821e-01 9.712786759825e-01 9.720151201881e-01 9.727147421834e-01 9.733802362765e-01 9.740140401747e-01 9.746183648218e-01 9.751952201667e-01 9.757464374964e-01 9.762736888551e-01 9.767785039859e-01 9.772622851528e-01 9.777263201497e-01 9.781717937467e-01 9.785997977909e-01 9.790113401411e-01 9.794073525913e-01 9.797886979136e-01 9.801561761334e-01 9.805105301310e-01 9.808524506550e-01 9.811825808162e-01 9.815015201243e-01 9.818098281223e-01 9.821080276613e-01 9.823966078603e-01 9.826760267831e-01 9.829467138646e-01 9.832090721129e-01 9.834634801112e-01 9.837102938408e-01 9.839498483432e-01 9.841824592368e-01 9.844084241048e-01 9.846280237653e-01 9.848415234352e-01 9.850491737991e-01 9.852512119910e-01 9.854478624978e-01 9.856393379913e-01 9.858258400953e-01 9.860075600941e-01 9.861846795865e-01 9.863573710917e-01 9.865257986091e-01 9.866901181383e-01 9.868504781607e-01 9.870070200873e-01 9.871598786745e-01 9.873091824109e-01 9.874550538774e-01 9.875976100834e-01 9.877369627791e-01 9.878732187482e-01 9.880064800806e-01 9.881368444276e-01 9.882644052402e-01 9.883892519929e-01 9.885114703930e-01 9.886311425764e-01 9.887483472921e-01 9.888631600749e-01 9.889756534074e-01 9.890858968734e-01 9.891939573004e-01 9.892998988955e-01 9.894037833722e-01 9.895056700705e-01 9.896056160699e-01 9.897036762956e-01 9.897999036200e-01 9.898943489568e-01 9.899870613517e-01 9.900780880667e-01 9.901674746607e-01 9.902552650655e-01 9.903415016578e-01 9.904262253275e-01 9.905094755421e-01 9.905912904081e-01 9.906717067294e-01 9.907507600622e-01 9.908284847675e-01 9.909049140611e-01
1.000000000000e-12 6.579463966330e-02 4.690185890621e-01 6.457209830374e-01 7.342857339317e-01 7.874283448211e-01 8.228569321747e-01 8.481630817586e-01 8.671426960022e-01 8.819046185481e-01 8.937141566613e-01 9.033765060461e-01 9.114284638723e-01 9.182416589578e-01 9.240815404603e-01 9.291427710961e-01 9.335713479025e-01 9.374789156729e-01 9.409523092466e-01 9.440600824442e-01 9.468570783219e-01 9.493876936399e-01 9.516882530199e-01 9.537887637582e-01 9.557142319349e-01 9.574856626575e-01 9.591208294784e-01 9.606348728311e-01 9.620407702300e-01 9.633497091875e-01 9.645713855479e-01 9.657142440787e-01 9.667856739512e-01 9.677921686800e-01 9.687394578364e-01 9.696326161840e-01 9.704761546233e-01 9.712740963902e-01 9.720300412221e-01 9.727472196523e-01 9.734285391610e-01 9.740766235717e-01 9.746938468200e-01 9.752823620102e-01 9.758441265100e-01 9.763809236986e-01 9.768943818791e-01 9.773859907753e-01 9.778571159675e-01 9.783090115600e-01 9.787428313288e-01 9.791596385576e-01 9.795604147392e-01 9.799460672913e-01 9.803174364155e-01 9.806753012080e-01 9.810203851150e-01 9.813533608147e-01 9.816748545938e-01 9.819854502786e-01 9.822856927740e-01 9.825760912531e-01 9.828571220393e-01 9.831292312133e-01 9.833928369756e-01 9.836483317914e-01 9.838960843400e-01 9.841364412901e-01 9.843697289182e-01 9.845962545861e-01 9.848163080920e-01 9.850301629076e-01 9.852380773117e-01 9.854402954307e-01 9.856370481951e-01 9.858285542192e-01 9.860150206110e-01 9.861966437200e-01 9.863736098261e-01 9.865460957777e-01 9.867142695805e-01 9.868782909437e-01 9.870383117858e-01 9.871944767041e-01 9.873469234100e-01 9.874957831346e-01 9.876411810051e-01 9.877832363959e-01 9.879220632550e-01 9.880577704094e-01 9.881904618493e-01 9.883202369938e-01 9.884471909396e-01 9.885714146929e-01 9.886929953876e-01 9.888120164888e-01 9.889285579837e-01 9.890426965612e-01 9.891545057800e-01 9.892640562267e-01 9.893714156644e-01 9.894766491727e-01 9.895798192788e-01 9.896809860819e-01 9.897802073696e-01 9.898775387280e-01 9.899730336456e-01 9.900667436116e-01 9.901587182078e-01 9.902490051967e-01 9.903376506040e-01 9.904246987967e-01 9.905101925575e-01 9.905941731543e-01 9.906766804074e-01 9.907577527516e-01 9.908374272969e-01 9.909157398841e-01 9.909927251393e-01 9.910684165247e-01 9.911428463870e-01
1.000000000000e-12 7.637278599217e-02 4.831987412422e-01 6.552432824799e-01 7.414286984311e-01 7.931427773780e-01 8.276189648405e-01 8.522448247975e-01 8.707142212982e-01 8.850793077310e-01 8.965713769341e-01 9.059739790238e-01 9.138094807694e-01 9.204395207093e-01 9.261224120868e-01 9.310475846142e-01 9.353571105758e-01 9.391596334830e-01 9.425396538451e-01 9.455638825901e-01 9.482856884606e-01 9.507482747243e-01 9.529869895096e-01 9.550310334440e-01 9.569047403838e-01 9.586285507684e-01 9.602197603543e-01 9.616931025634e-01 9.630612060432e-01 9.643349575590e-01 9.655237923070e-01 9.666359280391e-01 9.676785552878e-01 9.686579930064e-01 9.695798167415e-01 9.704489648346e-01 9.712698269225e-01 9.720463180868e-01 9.727819412950e-01 9.734798402362e-01 9.741428442303e-01 9.747735065661e-01 9.753741373622e-01 9.759468318421e-01 9.764934947548e-01 9.770158615380e-01 9.775155167220e-01 9.779939099832e-01 9.784523701919e-01 9.788921177390e-01 9.793142753842e-01 9.797198778277e-01 9.801098801771e-01 9.804851654568e-01 9.808465512817e-01 9.811947958038e-01 9.815306030216e-01 9.818546275300e-01 9.821674787795e-01 9.824697249019e-01 9.827618961535e-01 9.830444880199e-01 9.833179640195e-01 9.835827582414e-01 9.838392776439e-01 9.840879041417e-01 9.843289965032e-01 9.845628920778e-01 9.847899083708e-01 9.850103444813e-01 9.852244824173e-01 9.854325882987e-01 9.856349134613e-01 9.858316954686e-01 9.860231590434e-01 9.862095169228e-01 9.863909706475e-01 9.865677112885e-01 9.867399201181e-01 9.869077692305e-01 9.870714221151e-01 9.872310341878e-01 9.873867532831e-01 9.875387201110e-01 9.876870686811e-01 9.878319266966e-01 9.879734159211e-01 9.881116525197e-01 9.882467473774e-01 9.883788063956e-01 9.885079307690e-01 9.886342172441e-01 9.887577583610e-01 9.888786426797e-01 9.889969549916e-01 9.891127765180e-01 9.892261850960e-01 9.893372553527e-01 9.894460588695e-01 9.895526643355e-01 9.896571376921e-01 9.897595422694e-01 9.898599389138e-01 9.899583861088e-01 9.900549400886e-01 9.901496549449e-01 9.902425827284e-01 9.903337735440e-01 9.904232756408e-01 9.905111354974e-01 9.905973979019e-01 9.906821060289e-01 9.907653015108e-01 9.908470245063e-01 9.909273137650e-01 9.910062066888e-01 9.910837393898e-01 9.911599467454e-01 9.912348624509e-01 9.913085190690e-01 9.913809480768e-01
1.000000000000e-12 8.833981449662e-02 4.973997905392e-01 6.647647956692e-01 7.485707901539e-01 7.988564975230e-01 8.323804025291e-01 8.563260576779e-01 8.742853001731e-01 8.882536000877e-01 8.994282400614e-01 9.085711273232e-01 9.161902000445e-01 9.226371077327e-01 9.281630286087e-01 9.329521600346e-01 9.371426500324e-01 9.408401412070e-01 9.441268000288e-01 9.470674947641e-01 9.497141200259e-01 9.521086857389e-01 9.542855636599e-01 9.562731478486e-01 9.580951000216e-01 9.597712960207e-01 9.613185538661e-01 9.627512000192e-01 9.640815143042e-01 9.653200827765e-01 9.664760800173e-01 9.675574967909e-01 9.685713250162e-01 9.695237091066e-01 9.704200706035e-01 9.712652114434e-01 9.720634000144e-01 9.728184432572e-01 9.735337473821e-01 9.742123692440e-01 9.748570600129e-01 9.754703024517e-01 9.760543428695e-01 9.766112186167e-01 9.771427818299e-01 9.776507200115e-01 9.781365739243e-01 9.786017532025e-01 9.790475500108e-01 9.794751510310e-01 9.798856480104e-01 9.802800470690e-01 9.806592769330e-01 9.810241962362e-01 9.813756000096e-01 9.817142254640e-01 9.820407571521e-01 9.823558315880e-01 9.826600413882e-01 9.829539389918e-01 9.832380400086e-01 9.835128262380e-01 9.837787483955e-01 9.840362285796e-01 9.842856625081e-01 9.845274215464e-01 9.847618545533e-01 9.849892895600e-01 9.852100353017e-01 9.854243826162e-01 9.856326057217e-01 9.858349633876e-01 9.860317000072e-01 9.862230465824e-01 9.864092216286e-01 9.865904320069e-01 9.867668736910e-01 9.869387324743e-01 9.871061846220e-01 9.872693974749e-01 9.874285300065e-01 9.875837333397e-01 9.877351512258e-01 9.878829204882e-01 9.880271714347e-01 9.881680282414e-01 9.883056093083e-01 9.884400275922e-01 9.885713909150e-01 9.886998022530e-01 9.888253600058e-01 9.889481582474e-01 9.890682869622e-01 9.891858322636e-01 9.893008766012e-01 9.894134989528e-01 9.895237750054e-01 9.896317773249e-01 9.897375755155e-01 9.898412363689e-01 9.899428240052e-01 9.900424000051e-01 9.901400235345e-01 9.902357514613e-01 9.903296384665e-01 9.904217371478e-01 9.905120981181e-01 9.906007700983e-01 9.906878000048e-01 9.907732330323e-01 9.908571127320e-01 9.909394810857e-01 9.910203785761e-01 9.910998442524e-01 9.911779157940e-01 9.912546295697e-01 9.913300206941e-01 9.914041230814e-01 9.914769694959e-01 9.915485916010e-01 9.916190200043e-01
1.000000000000e-12 1.017622920507e-01 5.116058878436e-01 6.742776922719e-01 7.557061945170e-01 8.045648565849e-01 8.371373716258e-01 8.604034601969e-01 8.778530274562e-01 8.914249132460e-01 9.022824219085e-01 9.111658380948e-01 9.185686849189e-01 9.248326322324e-01 9.302017299299e-01 9.348549479344e-01 9.389265136885e-01 9.425190717068e-01 9.457124566120e-01 9.485696957377e-01 9.511412109508e-01 9.534678199531e-01 9.555829190462e-01 9.575140964789e-01 9.592843424590e-01 9.609129687606e-01 9.624163161160e-01 9.638083044080e-01 9.651008649648e-01 9.663042834143e-01 9.674274739672e-01 9.684782006134e-01 9.694632568442e-01 9.703886126974e-01 9.712595358534e-01 9.720806919719e-01 9.728562283060e-01 9.735898437572e-01 9.742848478688e-01 9.749442107440e-01 9.755706054754e-01 9.761664443662e-01 9.767339099766e-01 9.772749818376e-01 9.777914595231e-01 9.782849826448e-01 9.787570482395e-01 9.792090259365e-01 9.796421712295e-01 9.800576371228e-01 9.804564843803e-01 9.808396905689e-01 9.812081580580e-01 9.815627211135e-01 9.819041522040e-01 9.822331676185e-01 9.825504324824e-01 9.828565652459e-01 9.831521417072e-01 9.834376986274e-01 9.837137369836e-01 9.839807249019e-01 9.842391003067e-01 9.844892733177e-01 9.847316284221e-01 9.849665264464e-01 9.851943063487e-01 9.854152868510e-01 9.856297679267e-01 9.858380321596e-01 9.860403459859e-01 9.862369608312e-01 9.864281141530e-01 9.866140303975e-01 9.867949218786e-01 9.869709895869e-01 9.871424239344e-01 9.873094054418e-01 9.874721053720e-01 9.876306863167e-01 9.877853027377e-01 9.879361014693e-01 9.880832221831e-01 9.882267978195e-01 9.883669549883e-01 9.885038143414e-01 9.886374909188e-01 9.887680944714e-01 9.888957297615e-01 9.890204968429e-01 9.891424913224e-01 9.892618046046e-01 9.893785241197e-01 9.894927335378e-01 9.896045129683e-01 9.897139391475e-01 9.898210856147e-01 9.899260228764e-01 9.900288185614e-01 9.901295375658e-01 9.902282421902e-01 9.903249922675e-01 9.904198452845e-01 9.905128564953e-01 9.906040790290e-01 9.906935639906e-01 9.907813605568e-01 9.908675160656e-01 9.909520761020e-01 9.910350845781e-01 9.911165838092e-01 9.911966145857e-01 9.912752162412e-01 9.913524267170e-01 9.914282826229e-01 9.915028192958e-01 9.915760708536e-01 9.916480702480e-01 9.917188493137e-01 9.917884388153e-01 9.918568684918e-01
1.000000000000e-12 1.166787218793e-01 5.258021732737e-01 6.837743962677e-01 7.628292773703e-01 8.102633496858e-01 8.418861182915e-01 8.644738148091e-01 8.814145878012e-01 8.945907446770e-01 9.051316702000e-01 9.137560638154e-01 9.209430584965e-01 9.270243616887e-01 9.322369072822e-01 9.367544467967e-01 9.407072938719e-01 9.441951001147e-01 9.472953723305e-01 9.500693001026e-01 9.525658350975e-01 9.548246048547e-01 9.568780319068e-01 9.587529000848e-01 9.604715292479e-01 9.620526680780e-01 9.635121808442e-01 9.648635815537e-01 9.661184536410e-01 9.672867828258e-01 9.683772233983e-01 9.693973129661e-01 9.703536469359e-01 9.712520212712e-01 9.720975500573e-01 9.728947629128e-01 9.736476861653e-01 9.743599108635e-01 9.750346500513e-01 9.756747872295e-01 9.762829175487e-01 9.768613829744e-01 9.774123024274e-01 9.779375977198e-01 9.784390159534e-01 9.789181489322e-01 9.793764500424e-01 9.798152489777e-01 9.802357646239e-01 9.806391163663e-01 9.810263340390e-01 9.813983667049e-01 9.817560904221e-01 9.821003151311e-01 9.824317907768e-01 9.827512127627e-01 9.830592268205e-01 9.833564333675e-01 9.836433914129e-01 9.839206220669e-01 9.841886116992e-01 9.844478147861e-01 9.846986564831e-01 9.849415349516e-01 9.851768234680e-01 9.854048723377e-01 9.856260106356e-01 9.858405477903e-01 9.860487750287e-01 9.862509666949e-01 9.864473814564e-01 9.866382634077e-01 9.868238430826e-01 9.870043383829e-01 9.871799554317e-01 9.873508893593e-01 9.875173250256e-01 9.876794376877e-01 9.878373936147e-01 9.879913506576e-01 9.881414587744e-01 9.882878605179e-01 9.884306914872e-01 9.885700807464e-01 9.887061512137e-01 9.888390200229e-01 9.889687988599e-01 9.890955942753e-01 9.892195079767e-01 9.893406371006e-01 9.894590744661e-01 9.895749088126e-01 9.896882250212e-01 9.897991043220e-01 9.899076244888e-01 9.900138600205e-01 9.901178823120e-01 9.902197598139e-01 9.903195581832e-01 9.904173404237e-01 9.905131670195e-01 9.906070960589e-01 9.906991833524e-01 9.907894825432e-01 9.908780452110e-01 9.909649209709e-01 9.910501575656e-01 9.911338009528e-01 9.912158953884e-01 9.912964835041e-01 9.913756063814e-01 9.914533036212e-01 9.915296134103e-01 9.916045725836e-01 9.916782166838e-01 9.917505800170e-01 9.918216957065e-01 9.918915957432e-01 9.919603110335e-01 9.920278714450e-01 9.920943058496e-01
1.000000000000e-12 1.330943891669e-01 5.399747498993e-01 6.932476030274e-01 7.699345992259e-01 8.159476272078e-01 8.466230180260e-01 8.685340148251e-01 8.849672628592e-01 8.977486780718e-01 9.079738102580e-01 9.163398275052e-01 9.233115085458e-01 9.292106232728e-01 9.342670073246e-01 9.386492068363e-01 9.424836314090e-01 9.458669472084e-01 9.488743390302e-01 9.515651632917e-01 9.539869051272e-01 9.561780048830e-01 9.581699137520e-01 9.599886131540e-01 9.616557542726e-01 9.631895241017e-01 9.646053116363e-01 9.659162260201e-01 9.671335036623e-01 9.682668311222e-01 9.693246034181e-01 9.703141323401e-01 9.712418157045e-01 9.721132758346e-01 9.729334736042e-01 9.737068029298e-01 9.744371695151e-01 9.751280568255e-01 9.757825816459e-01 9.764035410909e-01 9.769934525636e-01 9.775545878669e-01 9.780890024415e-01 9.785985605243e-01 9.790849568760e-01 9.795497356121e-01 9.799943065770e-01 9.804199596286e-01 9.808278771363e-01 9.812191449499e-01 9.815947620509e-01 9.819556490695e-01 9.823026558181e-01 9.826365679725e-01 9.829581130101e-01 9.832679655008e-01 9.835667518311e-01 9.838550544306e-01 9.841334155611e-01 9.844023407211e-01 9.846623017091e-01 9.849137393860e-01 9.851570661700e-01 9.853926682943e-01 9.856209078522e-01 9.858421246545e-01 9.860566379173e-01 9.862647477991e-01 9.864667368021e-01 9.866628710513e-01 9.868534014649e-01 9.870385648246e-01 9.872185847575e-01 9.873936726376e-01 9.875640284127e-01 9.877298413672e-01 9.878912908229e-01 9.880485467863e-01 9.882017705454e-01 9.883511152221e-01 9.884967262818e-01 9.886387420067e-01 9.887772939334e-01 9.889125072596e-01 9.890445012208e-01 9.891733894417e-01 9.892992802621e-01 9.894222770407e-01 9.895424784380e-01 9.896599786803e-01 9.897748678060e-01 9.898872318961e-01 9.899971532885e-01 9.901047107800e-01 9.902099798143e-01 9.903130326583e-01 9.904139385682e-01 9.905127639437e-01 9.906095724749e-01 9.907044252782e-01 9.907973810254e-01 9.908884960648e-01 9.909778245347e-01 9.910654184713e-01 9.911513279091e-01 9.912356009766e-01 9.913182839863e-01 9.913994215191e-01 9.914790565050e-01 9.915572302986e-01 9.916339827504e-01 9.917093522752e-01 9.917833759156e-01 9.918560894030e-01 9.919275272153e-01 9.919977226308e-01 9.920667077805e-01 9.921345136969e-01 9.922011703605e-01 9.922667067441e-01 9.923311508545e-01
1.000000000000e-12 1.509782720240e-01 5.541106485520e-01 7.026902940463e-01 7.770169276299e-01 8.216135047640e-01 8.513445839849e-01 8.725810715408e-01 8.885084375179e-01 9.008963888868e-01 9.108067499934e-01 9.189152272653e-01 9.256722916593e-01 9.313898076854e-01 9.362905357078e-01 9.405378333272e-01 9.442542187442e-01 9.475333823475e-01 9.504481944393e-01 9.530561842057e-01 9.554033749954e-01 9.575270238051e-01 9.594576136322e-01 9.612203260829e-01 9.628361458295e-01 9.643226999963e-01 9.656949038426e-01 9.669654629595e-01 9.681452678538e-01 9.692437068934e-01 9.702689166636e-01 9.712279838680e-01 9.721271093721e-01 9.729717424214e-01 9.737666911738e-01 9.745162142831e-01 9.752240972197e-01 9.758937162137e-01 9.765280921028e-01 9.771299358951e-01 9.777016874977e-01 9.782455487782e-01 9.787635119026e-01 9.792573837188e-01 9.797288068161e-01 9.801792777757e-01 9.806101630415e-01 9.810227127640e-01 9.814180729147e-01 9.817972959165e-01 9.821613499981e-01 9.825111274492e-01 9.828474519213e-01 9.831710849039e-01 9.834827314798e-01 9.837830454529e-01 9.840726339269e-01 9.843520614019e-01 9.846218534467e-01 9.848824999984e-01 9.851344583318e-01 9.853781557362e-01 9.856139919340e-01 9.858423412684e-01 9.860635546861e-01 9.862779615370e-01 9.864858712107e-01 9.866875746255e-01 9.868833455869e-01 9.870734420276e-01 9.872581071415e-01 9.874375704212e-01 9.876120486098e-01 9.877817465741e-01 9.879468581069e-01 9.881075666654e-01 9.882640460514e-01 9.884164610378e-01 9.885649679475e-01 9.887097151887e-01 9.888508437488e-01 9.889884876532e-01 9.891227743891e-01 9.892538253001e-01 9.893817559513e-01 9.895066764695e-01 9.896286918594e-01 9.897479022978e-01 9.898644034080e-01 9.899782865158e-01 9.900896388879e-01 9.901985439550e-01 9.903050815207e-01 9.904093279560e-01 9.905113563820e-01 9.906112368411e-01 9.907090364574e-01 9.908048195867e-01 9.908986479582e-01 9.909905808071e-01 9.910806749991e-01 9.911689851476e-01 9.912555637246e-01 9.913404611642e-01 9.914237259606e-01 9.915054047610e-01 9.915855424520e-01 9.916641822421e-01 9.917413657399e-01 9.918171330267e-01 9.918915227264e-01 9.919645720712e-01 9.920363169635e-01 9.921067920346e-01 9.921760307009e-01 9.922440652166e-01 9.923109267233e-01 9.923766452984e-01 9.924412499992e-01 9.925047689068e-01 9.925672291659e-01
1.000000000000e-12 1.702626483103e-01 5.681977870532e-01 7.120957493613e-01 7.840712476793e-01 8.272569716801e-01 8.560474740535e-01 8.766121203021e-01 8.920356052077e-01 9.040316490608e-01 9.136284841514e-01 9.214804401366e-01 9.280237367915e-01 9.335603724228e-01 9.383060601069e-01 9.424189894331e-01 9.460178025935e-01 9.491932259703e-01 9.520158245275e-01 9.545413074471e-01 9.568142420748e-01 9.588707067379e-01 9.607402200680e-01 9.624471670215e-01 9.640118683957e-01 9.654513936598e-01 9.667801862114e-01 9.680105496850e-01 9.691530300534e-01 9.702167186723e-01 9.712094947165e-01 9.721382206934e-01 9.730089012967e-01 9.738268133787e-01 9.745966129852e-01 9.753224240427e-01 9.760079122638e-01 9.766563470675e-01 9.772706537236e-01 9.778534574742e-01 9.784071210374e-01 9.789337766218e-01 9.794353533689e-01 9.799136009650e-01 9.803701100340e-01 9.808063298110e-01 9.812235835108e-01 9.816230817339e-01 9.820059341978e-01 9.823731600305e-01 9.827256968299e-01 9.830644086568e-01 9.833900931057e-01 9.837034875754e-01 9.840052748425e-01 9.842960880272e-01 9.845765150267e-01 9.848471024824e-01 9.851083593361e-01 9.853607600254e-01 9.856047473583e-01 9.858407351065e-01 9.860691103467e-01 9.862902355793e-01 9.865044506484e-01 9.867120744845e-01 9.869134066893e-01 9.871087289775e-01 9.872983064926e-01 9.874823890072e-01 9.876612120214e-01 9.878349977675e-01 9.880039561319e-01 9.881682854999e-01 9.883281735337e-01 9.884837978866e-01 9.886353268618e-01 9.887829200194e-01 9.889267287371e-01 9.890668967278e-01 9.892035605187e-01 9.893368498950e-01 9.894668883109e-01 9.895937932710e-01 9.897176766845e-01 9.898386451941e-01 9.899568004825e-01 9.900722395574e-01 9.901850550170e-01 9.902953352977e-01 9.904031649055e-01 9.905086246318e-01 9.906117917554e-01 9.907127402311e-01 9.908115408670e-01 9.909082614894e-01 9.910029670989e-01 9.910957200154e-01 9.911865800153e-01 9.912756044596e-01 9.913628484150e-01 9.914483647673e-01 9.915322043284e-01 9.916144159369e-01 9.916950465528e-01 9.917741413476e-01 9.918517437877e-01 9.919278957149e-01 9.920026374213e-01 9.920760077201e-01 9.921480440136e-01 9.922187823558e-01 9.922882575134e-01 9.923565030221e-01 9.924235512412e-01 9.924894334043e-01 9.925541796681e-01 9.926178191581e-01 9.926803800127e-01 9.927418894243e-01 9.928023736791e-01
1.000000000000e-12 1.908456743172e-01 5.822249266133e-01 7.214575577048e-01 7.910927707155e-01 8.328741980069e-01 8.607284966963e-01 8.806244255194e-01 8.955463722899e-01 9.071523309155e-01 9.164370978216e-01 9.240337252917e-01 9.303642481838e-01 9.357208444772e-01 9.403122127288e-01 9.442913985469e-01 9.477731861377e-01 9.508453516590e-01 9.535761654557e-01 9.560195251686e-01 9.582185489102e-01 9.602081418192e-01 9.620168626456e-01 9.636683034001e-01 9.651821240918e-01 9.665748391281e-01 9.678604222386e-01 9.690507769705e-01 9.701561063644e-01 9.711852061449e-01 9.721456992734e-01 9.730442251033e-01 9.738865930688e-01 9.746779084304e-01 9.754226758295e-01 9.761248850915e-01 9.767880827279e-01 9.774154318433e-01 9.780097625843e-01 9.785736148257e-01 9.791092744551e-01 9.796188043464e-01 9.801040709096e-01 9.805667669350e-01 9.810084313228e-01 9.814304661823e-01 9.818341517001e-01 9.822206591107e-01 9.825910620459e-01 9.829463464939e-01 9.832874195641e-01 9.836151172197e-01 9.839302111193e-01 9.842334146831e-01 9.845253884853e-01 9.848067450582e-01 9.850780531822e-01 9.853398417229e-01 9.855926030725e-01 9.858367962407e-01 9.860728496367e-01 9.863011635771e-01 9.865221125517e-01 9.867360472731e-01 9.869432965344e-01 9.871441688954e-01 9.873389542152e-01 9.875279250478e-01 9.877113379148e-01 9.878894344667e-01 9.880624425458e-01 9.882305771578e-01 9.883940413639e-01 9.885530270987e-01 9.887077159217e-01 9.888582797094e-01 9.890048812921e-01 9.891476750416e-01 9.892868074129e-01 9.894224174456e-01 9.895546372275e-01 9.896835923235e-01 9.898094021732e-01 9.899321804603e-01 9.900520354548e-01 9.901690703318e-01 9.902833834675e-01 9.903950687150e-01 9.905042156614e-01 9.906109098675e-01 9.907152330911e-01 9.908172634967e-01 9.909170758500e-01 9.910147417011e-01 9.911103295554e-01 9.912039050337e-01 9.912955310230e-01 9.913852678165e-01 9.914731732470e-01 9.915593028101e-01 9.916437097820e-01 9.917264453287e-01 9.918075586098e-01 9.918870968758e-01 9.919651055596e-01 9.920416283638e-01 9.921167073415e-01 9.921903829739e-01 9.922626942426e-01 9.923336786991e-01 9.924033725291e-01 9.924718106144e-01 9.925390265911e-01 9.926050529045e-01 9.926699208614e-01 9.927336606800e-01 9.927963015362e-01 9.928578716086e-01 9.929183981204e-01 9.929779073799e-01 9.930364248184e-01
1.000000000000e-12 2.125967581824e-01 5.961816275489e-01 7.307696244572e-01 7.980769412359e-01 8.384615401003e-01 8.653846156123e-01 8.846153846581e-01 8.990384615484e-01 9.102564102592e-01 9.192307692316e-01 9.265734265737e-01 9.326923076924e-01 9.378698224853e-01 9.423076923077e-01 9.461538461539e-01 9.495192307692e-01 9.524886877828e-01 9.551282051282e-01 9.574898785425e-01 9.596153846154e-01 9.615384615385e-01 9.632867132867e-01 9.648829431438e-01 9.663461538462e-01 9.676923076923e-01 9.689349112426e-01 9.700854700855e-01 9.711538461538e-01 9.721485411141e-01 9.730769230769e-01 9.739454094293e-01 9.747596153846e-01 9.755244755245e-01 9.762443438914e-01 9.769230769231e-01 9.775641025641e-01 9.781704781705e-01 9.787449392712e-01 9.792899408284e-01 9.798076923077e-01 9.803001876173e-01 9.807692307692e-01 9.812164579606e-01 9.816433566434e-01 9.820512820513e-01 9.824414715719e-01 9.828150572831e-01 9.831730769231e-01 9.835164835165e-01 9.838461538462e-01 9.841628959276e-01 9.844674556213e-01 9.847605224964e-01 9.850427350427e-01 9.853146853147e-01 9.855769230769e-01 9.858299595142e-01 9.860742705570e-01 9.863102998696e-01 9.865384615385e-01 9.867591424968e-01 9.869727047146e-01 9.871794871795e-01 9.873798076923e-01 9.875739644970e-01 9.877622377622e-01 9.879448909300e-01 9.881221719457e-01 9.882943143813e-01 9.884615384615e-01 9.886240520043e-01 9.887820512820e-01 9.889357218124e-01 9.890852390852e-01 9.892307692308e-01 9.893724696356e-01 9.895104895105e-01 9.896449704142e-01 9.897760467381e-01 9.899038461538e-01 9.900284900285e-01 9.901500938086e-01 9.902687673772e-01 9.903846153846e-01 9.904977375566e-01 9.906082289803e-01 9.907161803714e-01 9.908216783217e-01 9.909248055315e-01 9.910256410256e-01 9.911242603550e-01 9.912207357859e-01 9.913151364764e-01 9.914075286416e-01 9.914979757085e-01 9.915865384615e-01 9.916732751784e-01 9.917582417582e-01 9.918414918415e-01 9.919230769231e-01 9.920030464585e-01 9.920814479638e-01 9.921583271098e-01 9.922337278107e-01 9.923076923077e-01 9.923802612482e-01 9.924514737599e-01 9.925213675214e-01 9.925899788285e-01 9.926573426573e-01 9.927234927235e-01 9.927884615385e-01 9.928522804629e-01 9.929149797571e-01 9.929765886288e-01 9.930371352785e-01 9.930966469428e-01 9.931551499348e-01 9.932126696833e-01 9.932692307692e-01
1.000000000000e-12 2.353641049883e-01 6.100582059001e-01 7.400261774797e-01 8.050194420872e-01 8.440155448200e-01 8.700129532368e-01 8.885825312416e-01 9.025097148176e-01 9.133419687226e-01 9.220077718493e-01 9.290979744081e-01 9.350064765406e-01 9.400059783452e-01 9.442912656062e-01 9.480051812324e-01 9.512548574054e-01 9.541222187345e-01 9.566709843604e-01 9.589514588677e-01 9.610038859243e-01 9.628608437375e-01 9.645489872039e-01 9.660903355864e-01 9.675032382703e-01 9.688031087395e-01 9.700029891726e-01 9.711139895736e-01 9.721456328031e-01 9.731061282237e-01 9.740025906162e-01 9.748412167254e-01 9.756274287027e-01 9.763659914693e-01 9.770611093673e-01 9.777165062425e-01 9.783354921802e-01 9.789210194186e-01 9.794757294339e-01 9.800019927817e-01 9.805019429622e-01 9.809775053289e-01 9.814304218687e-01 9.818622725229e-01 9.822744936020e-01 9.826683937441e-01 9.830451677932e-01 9.834059089040e-01 9.837516191351e-01 9.840832187446e-01 9.844015543697e-01 9.847074062448e-01 9.850014945863e-01 9.852844852545e-01 9.855569947868e-01 9.858195948816e-01 9.860728164016e-01 9.863171529559e-01 9.865530641118e-01 9.867809782794e-01 9.870012953081e-01 9.872143888277e-01 9.874206083627e-01 9.876202812458e-01 9.878137143513e-01 9.880011956690e-01 9.881829957346e-01 9.883593689326e-01 9.885305546836e-01 9.886967785288e-01 9.888582531212e-01 9.890151791336e-01 9.891677460901e-01 9.893161331299e-01 9.894605097093e-01 9.896010362465e-01 9.897378647169e-01 9.898711392011e-01 9.900009963909e-01 9.901275660568e-01 9.902509714811e-01 9.903713298579e-01 9.904887526645e-01 9.906033460059e-01 9.907152109344e-01 9.908244437469e-01 9.909311362615e-01 9.910353760746e-01 9.911372468010e-01 9.912368282976e-01 9.913341968721e-01 9.914294254779e-01 9.915225838966e-01 9.916137389085e-01 9.917029544520e-01 9.917902917735e-01 9.918758095676e-01 9.919595641081e-01 9.920416093723e-01 9.921219971564e-01 9.922007771849e-01 9.922779972127e-01 9.923537031224e-01 9.924279390144e-01 9.925007472931e-01 9.925721687475e-01 9.926422426272e-01 9.927110067148e-01 9.927784973934e-01 9.928447497109e-01 9.929097974408e-01 9.929736731395e-01 9.930364082008e-01 9.930980329070e-01 9.931585764779e-01 9.932180671173e-01 9.932765320559e-01 9.933339975939e-01 9.933904891397e-01 9.934460312478e-01 9.935006476541e-01
1.000000000000e-12 2.589834839268e-01 6.238456920160e-01 7.492217709194e-01 8.119161980178e-01 8.495329524065e-01 8.746107931438e-01 8.925235369098e-01 9.059580947834e-01 9.164071953602e-01 9.247664758235e-01 9.316058871120e-01 9.373053965193e-01 9.421280583255e-01 9.462617684450e-01 9.498443172154e-01 9.529790473894e-01 9.557449857783e-01 9.582035976795e-01 9.604034083279e-01 9.623832379115e-01 9.641745122967e-01 9.658029435559e-01 9.672897720970e-01 9.686526982596e-01 9.699065903292e-01 9.710640291627e-01 9.721357317863e-01 9.731308842225e-01 9.740574054562e-01 9.749221586077e-01 9.757311212332e-01 9.764895236947e-01 9.772019623706e-01 9.778724928891e-01 9.785047073780e-01 9.791017988397e-01 9.796666150873e-01 9.802017041640e-01 9.807093527751e-01 9.811916189558e-01 9.816503599568e-01 9.820872561483e-01 9.825038315868e-01 9.829014717780e-01 9.832814390718e-01 9.836448860485e-01 9.839928671964e-01 9.843263491298e-01 9.846462195557e-01 9.849532951646e-01 9.852483285928e-01 9.855320145814e-01 9.858049954383e-01 9.860678658932e-01 9.863211774224e-01 9.865654421113e-01 9.868011361093e-01 9.870287027281e-01 9.872485552242e-01 9.874610793038e-01 9.876666353808e-01 9.878655606166e-01 9.880581707656e-01 9.882447618474e-01 9.884256116651e-01 9.886009811853e-01 9.887711157945e-01 9.889362464446e-01 9.890965906990e-01 9.892523536890e-01 9.894037289892e-01 9.895508994199e-01 9.896940377840e-01 9.898333075437e-01 9.899688634431e-01 9.901008520820e-01 9.902294124445e-01 9.903546763876e-01 9.904767690915e-01 9.905958094779e-01 9.907119105954e-01 9.908251799784e-01 9.909357199787e-01 9.910436280742e-01 9.911489971557e-01 9.912519157934e-01 9.913524684854e-01 9.914507358890e-01 9.915467950363e-01 9.916407195359e-01 9.917325797608e-01 9.918224430242e-01 9.919103737444e-01 9.919964335982e-01 9.920806816656e-01 9.921631745649e-01 9.922439665797e-01 9.923231097779e-01 9.924006541235e-01 9.924766475823e-01 9.925511362201e-01 9.926241642964e-01 9.926957743517e-01 9.927660072907e-01 9.928349024593e-01 9.929024977192e-01 9.929688295162e-01 9.930339329466e-01 9.930978418186e-01 9.931605887112e-01 9.932222050291e-01 9.932827210556e-01 9.933421660020e-01 9.934005680547e-01 9.934579544194e-01 9.935143513641e-01 9.935697842584e-01 9.936242776121e-01 9.936778551112e-01 9.937305396519e-01
1.000000000000e-12 2.832871392924e-01 6.375357917444e-01 7.583512870914e-01 8.187633776746e-01 8.550106981097e-01 8.791755814044e-01 8.964362125851e-01 9.093816860036e-01 9.194503875568e-01 9.275053488006e-01 9.340957716368e-01 9.395877906670e-01 9.442348836926e-01 9.482181062860e-01 9.516702325336e-01 9.546908430002e-01 9.573560875296e-01 9.597251937780e-01 9.618449204212e-01 9.637526744002e-01 9.654787375240e-01 9.670478858183e-01 9.684805864349e-01 9.697938953335e-01 9.710021395202e-01 9.721174418463e-01 9.731501291853e-01 9.741090531430e-01 9.750018444139e-01 9.758351162668e-01 9.766146286453e-01 9.773454215001e-01 9.780319238789e-01 9.786780437648e-01 9.792872425144e-01 9.798625968890e-01 9.804068510271e-01 9.809224602106e-01 9.814116278975e-01 9.818763372001e-01 9.823183777562e-01 9.827393687620e-01 9.831407787908e-01 9.835239429092e-01 9.838900775112e-01 9.842402932175e-01 9.845756061277e-01 9.848969476667e-01 9.852051732246e-01 9.855010697601e-01 9.857853625099e-01 9.860587209232e-01 9.863217639246e-01 9.865750645927e-01 9.868191543273e-01 9.870545265715e-01 9.872816401404e-01 9.875009222070e-01 9.877127709831e-01 9.879175581334e-01 9.881156309509e-01 9.883073143226e-01 9.884929125080e-01 9.886727107501e-01 9.888469767385e-01 9.890159619394e-01 9.891799028060e-01 9.893390218824e-01 9.894935288117e-01 9.896436212572e-01 9.897894857465e-01 9.899312984445e-01 9.900692258631e-01 9.902034255136e-01 9.903340465067e-01 9.904612301053e-01 9.905851102338e-01 9.907058139488e-01 9.908234618735e-01 9.909381686001e-01 9.910500430618e-01 9.911591888781e-01 9.912657046747e-01 9.913696843810e-01 9.914712175059e-01 9.915703893954e-01 9.916672814713e-01 9.917619714546e-01 9.918545335731e-01 9.919450387556e-01 9.920335548132e-01 9.921201466087e-01 9.922048762151e-01 9.922878030639e-01 9.923689840842e-01 9.924484738334e-01 9.925263246186e-01 9.926025866123e-01 9.926773079596e-01 9.927505348800e-01 9.928223117624e-01 9.928926812549e-01 9.929616843495e-01 9.930293604616e-01 9.930957475048e-01 9.931608819623e-01 9.932247989533e-01 9.932875322963e-01 9.933491145688e-01 9.934095771637e-01 9.934689503424e-01 9.935272632858e-01 9.935845441416e-01 9.936408200702e-01 9.936961172870e-01 9.937504611035e-01 9.938038759658e-01 9.938563854916e-01 9.939080125042e-01 9.939587790667e-01
1.000000000000e-12 3.081118543298e-01 6.511208505108e-01 7.674099365542e-01 8.255573941446e-01 8.604459126459e-01 8.837049269711e-01 9.003185088012e-01 9.127786951955e-01 9.224699512836e-01 9.302229561549e-01 9.365663237771e-01 9.418524634623e-01 9.463253508883e-01 9.501592543963e-01 9.534819707698e-01 9.563893475967e-01 9.589546800910e-01 9.612349756415e-01 9.632752400814e-01 9.651114780774e-01 9.667728362642e-01 9.682831618885e-01 9.696621548499e-01 9.709262317311e-01 9.720891824619e-01 9.731626754441e-01 9.741566504277e-01 9.750796271981e-01 9.759389503982e-01 9.767409853849e-01 9.774912761789e-01 9.781946737984e-01 9.788554412590e-01 9.794773400455e-01 9.800637017585e-01 9.806174878208e-01 9.811413395013e-01 9.816376200407e-01 9.821084502961e-01 9.825557390387e-01 9.829812088182e-01 9.833864181321e-01 9.837727805011e-01 9.841415809443e-01 9.844939902566e-01 9.848310774249e-01 9.851538204585e-01 9.854631158656e-01 9.857597869704e-01 9.860445912309e-01 9.863182266970e-01 9.865813377221e-01 9.868345200292e-01 9.870783252138e-01 9.873132647554e-01 9.875398135991e-01 9.877584133605e-01 9.879694751991e-01 9.881733823991e-01 9.883704926925e-01 9.885611403532e-01 9.887456380895e-01 9.889242787547e-01 9.890973368992e-01 9.892650701777e-01 9.894277206295e-01 9.895855158440e-01 9.897386700228e-01 9.898873849500e-01 9.900318508792e-01 9.901722473457e-01 9.903087439104e-01 9.904415008431e-01 9.905706697506e-01 9.906963941540e-01 9.908188100204e-01 9.909380462539e-01 9.910542251480e-01 9.911674628044e-01 9.912778695193e-01 9.913855501426e-01 9.914906044091e-01 9.915931272476e-01 9.916932090660e-01 9.917909360182e-01 9.918863902505e-01 9.919796501327e-01 9.920707904721e-01 9.921598827140e-01 9.922469951283e-01 9.923321929840e-01 9.924155387125e-01 9.924970920597e-01 9.925769102292e-01 9.926550480163e-01 9.927315579328e-01 9.928064903252e-01 9.928798934852e-01 9.929518137530e-01 9.930222956155e-01 9.930913817975e-01 9.931591133485e-01 9.932255297238e-01 9.932906688610e-01 9.933545672528e-01 9.934172600146e-01 9.934787809490e-01 9.935391626069e-01 9.935984363445e-01 9.936566323777e-01 9.937137798338e-01 9.937699067995e-01 9.938250403677e-01 9.938792066802e-01 9.939324309700e-01 9.939847375995e-01 9.940361500987e-01 9.940866911996e-01 9.941363828701e-01 9.941852463462e-01
1.000000000000e-12 3.333054357316e-01 6.645938203134e-01 7.763932565021e-01 8.322949041438e-01 8.658359215695e-01 8.881966011553e-01 9.041685152557e-01 9.161474508451e-01 9.254644007504e-01 9.329179606751e-01 9.390163278864e-01 9.440983005625e-01 9.483984312885e-01 9.520842576250e-01 9.552786404500e-01 9.580737254219e-01 9.605399768676e-01 9.627322003750e-01 9.646936635132e-01 9.664589803375e-01 9.680561717500e-01 9.695081639432e-01 9.708338959457e-01 9.720491502813e-01 9.731671842700e-01 9.741992156442e-01 9.751548002500e-01 9.760421288125e-01 9.768682623017e-01 9.776393202250e-01 9.783606324758e-01 9.790368627109e-01 9.796721092955e-01 9.802699884338e-01 9.808337030500e-01 9.813661001875e-01 9.818697191014e-01 9.823468317566e-01 9.827994770962e-01 9.832294901688e-01 9.836385269939e-01 9.840280858750e-01 9.843995257384e-01 9.847540819716e-01 9.850928801500e-01 9.854169479728e-01 9.857272256755e-01 9.860245751406e-01 9.863097878929e-01 9.865835921350e-01 9.868466589559e-01 9.870996078221e-01 9.873430114481e-01 9.875774001250e-01 9.878032655773e-01 9.880210644063e-01 9.882312211710e-01 9.884341311509e-01 9.886301628263e-01 9.888196601125e-01 9.890029443730e-01 9.891803162379e-01 9.893520572500e-01 9.895184313555e-01 9.896796862577e-01 9.898360546477e-01 9.899877553246e-01 9.901349942169e-01 9.902779653152e-01 9.904168515250e-01 9.905518254472e-01 9.906830500938e-01 9.908106795445e-01 9.909348595507e-01 9.910557280900e-01 9.911734158783e-01 9.912880468409e-01 9.913997385481e-01 9.915086026171e-01 9.916147450844e-01 9.917182667500e-01 9.918192634970e-01 9.919178265874e-01 9.920140429375e-01 9.921079953735e-01 9.921997628692e-01 9.922894207672e-01 9.923770409858e-01 9.924626922107e-01 9.925464400750e-01 9.926283473269e-01 9.927084739864e-01 9.927868774919e-01 9.928636128378e-01 9.929387327026e-01 9.930122875703e-01 9.930843258428e-01 9.931548939464e-01 9.932240364318e-01 9.932917960675e-01 9.933582139282e-01 9.934233294779e-01 9.934871806481e-01 9.935498039111e-01 9.936112343500e-01 9.936715057241e-01 9.937306505304e-01 9.937887000625e-01 9.938456844656e-01 9.939016327886e-01 9.939565730338e-01 9.940105322031e-01 9.940635363429e-01 9.941156105855e-01 9.941667791891e-01 9.942170655754e-01 9.942664923654e-01 9.943150814131e-01 9.943628538382e-01 9.944098300563e-01
1.000000000000e-12 3.587312324295e-01 6.779482294684e-01 7.852971076050e-01 8.389728059657e-01 8.711782436469e-01 8.926485362742e-01 9.079844596505e-01 9.194864021919e-01 9.284323575034e-01 9.355891217529e-01 9.414446561390e-01 9.463242681274e-01 9.504531705791e-01 9.539922298235e-01 9.570594145019e-01 9.597432010955e-01 9.621112480899e-01 9.642161787516e-01 9.660995377646e-01 9.677945608764e-01 9.693281532156e-01 9.707223280695e-01 9.719952703273e-01 9.731621340637e-01 9.742356487011e-01 9.752265852896e-01 9.761441191677e-01 9.769961149117e-01 9.777893523286e-01 9.785297072509e-01 9.792222973396e-01 9.798716005478e-01 9.804815520463e-01 9.810556240450e-01 9.815968919294e-01 9.821080893758e-01 9.825916545278e-01 9.830497688823e-01 9.834843901930e-01 9.838972804382e-01 9.842900296958e-01 9.846640766078e-01 9.850207259890e-01 9.853611640347e-01 9.856864715006e-01 9.859976351637e-01 9.862955578197e-01 9.865810670318e-01 9.868549228067e-01 9.871178243506e-01 9.873704160300e-01 9.876132926448e-01 9.878470041043e-01 9.880720595839e-01 9.882889312278e-01 9.884980574559e-01 9.886998459215e-01 9.888946761643e-01 9.890829019920e-01 9.892648536255e-01 9.894408396316e-01 9.896111486698e-01 9.897760510719e-01 9.899358002739e-01 9.900906341158e-01 9.902407760232e-01 9.903864360825e-01 9.905278120225e-01 9.906650901091e-01 9.907984459647e-01 9.909280453173e-01 9.910540446879e-01 9.911765920209e-01 9.912958272639e-01 9.914118829004e-01 9.915248844412e-01 9.916349508770e-01 9.917421950965e-01 9.918467242725e-01 9.919486402191e-01 9.920480397226e-01 9.921450148479e-01 9.922396532232e-01 9.923320383039e-01 9.924222496180e-01 9.925103629945e-01 9.925964507762e-01 9.926805820174e-01 9.927628226689e-01 9.928432357503e-01 9.929218815113e-01 9.929988175818e-01 9.930740991132e-01 9.931477789099e-01 9.932199075529e-01 9.932905335159e-01 9.933597032735e-01 9.934274614034e-01 9.934938506821e-01 9.935589121753e-01 9.936226853221e-01 9.936852080150e-01 9.937465166750e-01 9.938066463224e-01 9.938656306431e-01 9.939235020521e-01 9.939802917526e-01 9.940360297919e-01 9.940907451149e-01 9.941444656139e-01 9.941972181759e-01 9.942490287279e-01 9.942999222790e-01 9.943499229608e-01 9.943990540655e-01 9.944473380821e-01 9.944947967310e-01 9.945414509960e-01 9.945873211557e-01 9.946324268127e-01
1.000000000000e-12 3.842706442447e-01 6.911781548291e-01 7.941176694303e-01 8.455882363002e-01 8.764705883249e-01 8.970588235418e-01 9.117647058847e-01 9.227941176476e-01 9.313725490198e-01 9.382352941177e-01 9.438502673797e-01 9.485294117647e-01 9.524886877828e-01 9.558823529412e-01 9.588235294118e-01 9.613970588235e-01 9.636678200692e-01 9.656862745098e-01 9.674922600619e-01 9.691176470588e-01 9.705882352941e-01 9.719251336898e-01 9.731457800511e-01 9.742647058824e-01 9.752941176471e-01 9.762443438914e-01 9.771241830065e-01 9.779411764706e-01 9.787018255578e-01 9.794117647059e-01 9.800759013283e-01 9.806985294118e-01 9.812834224599e-01 9.818339100346e-01 9.823529411765e-01 9.828431372549e-01 9.833068362480e-01 9.837461300310e-01 9.841628959276e-01 9.845588235294e-01 9.849354375897e-01 9.852941176471e-01 9.856361149111e-01 9.859625668449e-01 9.862745098039e-01 9.865728900256e-01 9.868585732165e-01 9.871323529412e-01 9.873949579832e-01 9.876470588235e-01 9.878892733564e-01 9.881221719457e-01 9.883462819090e-01 9.885620915033e-01 9.887700534759e-01 9.889705882353e-01 9.891640866873e-01 9.893509127789e-01 9.895314057827e-01 9.897058823529e-01 9.898746383799e-01 9.900379506641e-01 9.901960784314e-01 9.903492647059e-01 9.904977375566e-01 9.906417112299e-01 9.907813871817e-01 9.909169550173e-01 9.910485933504e-01 9.911764705882e-01 9.913007456504e-01 9.914215686275e-01 9.915390813860e-01 9.916534181240e-01 9.917647058824e-01 9.918730650155e-01 9.919786096257e-01 9.920814479638e-01 9.921816827997e-01 9.922794117647e-01 9.923747276688e-01 9.924677187948e-01 9.925584691708e-01 9.926470588235e-01 9.927335640138e-01 9.928180574555e-01 9.929006085193e-01 9.929812834225e-01 9.930601454065e-01 9.931372549020e-01 9.932126696833e-01 9.932864450128e-01 9.933586337761e-01 9.934292866083e-01 9.934984520124e-01 9.935661764706e-01 9.936325045482e-01 9.936974789916e-01 9.937611408200e-01 9.938235294118e-01 9.938846825859e-01 9.939446366782e-01 9.940034266134e-01 9.940610859728e-01 9.941176470588e-01 9.941731409545e-01 9.942275975811e-01 9.942810457516e-01 9.943335132218e-01 9.943850267380e-01 9.944356120827e-01 9.944852941176e-01 9.945340968246e-01 9.945820433437e-01 9.946291560102e-01 9.946754563894e-01 9.947209653092e-01 9.947657028913e-01 9.948096885813e-01 9.948529411765e-01
1.000000000000e-12 4.098238449366e-01 7.042781961372e-01 8.028514345877e-01 8.521385660402e-01 8.817108523846e-01 9.014257102816e-01 9.155077516648e-01 9.260692827057e-01 9.342838068493e-01 9.408554261644e-01 9.462322056039e-01 9.507128551369e-01 9.545041739726e-01 9.577538758317e-01 9.605702841095e-01 9.630346413527e-01 9.652090742143e-01 9.671419034246e-01 9.688712769286e-01 9.704277130822e-01 9.718359172211e-01 9.731161028020e-01 9.742849678975e-01 9.753564275685e-01 9.763421704657e-01 9.772520869863e-01 9.780946022831e-01 9.788769379158e-01 9.796053193670e-01 9.802851420548e-01 9.809211052143e-01 9.815173206764e-01 9.820774018680e-01 9.826045371072e-01 9.831015503327e-01 9.835709517123e-01 9.840149800444e-01 9.844356384643e-01 9.848347246575e-01 9.852138565411e-01 9.855744941864e-01 9.859179586106e-01 9.862454479452e-01 9.865580514010e-01 9.868567613698e-01 9.871424839488e-01 9.874160481201e-01 9.876782137842e-01 9.879296788091e-01 9.881710852329e-01 9.884030247381e-01 9.886260434931e-01 9.888406464461e-01 9.890473011415e-01 9.892464411208e-01 9.894384689579e-01 9.896237589762e-01 9.898026596835e-01 9.899754959601e-01 9.901425710274e-01 9.903041682237e-01 9.904605526071e-01 9.906119724070e-01 9.907586603382e-01 9.909008347945e-01 9.910387009340e-01 9.911724516663e-01 9.913022685536e-01 9.914283226325e-01 9.915507751663e-01 9.916697783330e-01 9.917854758562e-01 9.918980035842e-01 9.920074900222e-01 9.921140568219e-01 9.922178192321e-01 9.923188865149e-01 9.924173623288e-01 9.925133450841e-01 9.926069282705e-01 9.926982007610e-01 9.927872470932e-01 9.928741477306e-01 9.929589793053e-01 9.930418148429e-01 9.931227239726e-01 9.932017731223e-01 9.932790257005e-01 9.933545422657e-01 9.934283806849e-01 9.935005962818e-01 9.935712419744e-01 9.936403684048e-01 9.937080240600e-01 9.937742553857e-01 9.938391068921e-01 9.939026212540e-01 9.939648394045e-01 9.940258006227e-01 9.940855426164e-01 9.941441016004e-01 9.942015123691e-01 9.942578083655e-01 9.943130217466e-01 9.943671834442e-01 9.944203232231e-01 9.944724697350e-01 9.945236505708e-01 9.945738923087e-01 9.946232205604e-01 9.946716600148e-01 9.947192344790e-01 9.947659669172e-01 9.948118794881e-01 9.948569935795e-01 9.949013298418e-01 9.949449082192e-01 9.949877479800e-01 9.950298677449e-01 9.950712855137e-01
1.000000000000e-12 4.353091070236e-01 7.172434521469e-01 8.114952017324e-01 8.586213951869e-01 8.868971158740e-01 9.057475965378e-01 9.192122256007e-01 9.293106974000e-01 9.371650643554e-01 9.434485579199e-01 9.485895981090e-01 9.528737982665e-01 9.564988907076e-01 9.596061127999e-01 9.622990386132e-01 9.646553486999e-01 9.667344458352e-01 9.685825321777e-01 9.702360831157e-01 9.717242789599e-01 9.730707418666e-01 9.742947990545e-01 9.754124164869e-01 9.764368991333e-01 9.773794231679e-01 9.782494453538e-01 9.790550214518e-01 9.798030563999e-01 9.804995027310e-01 9.811495193066e-01 9.817575993290e-01 9.823276743500e-01 9.828631993697e-01 9.833672229176e-01 9.838424451200e-01 9.842912660888e-01 9.847158264648e-01 9.851180415578e-01 9.854996302359e-01 9.858621394800e-01 9.862069653463e-01 9.865353709333e-01 9.868485018418e-01 9.871473995272e-01 9.874330128711e-01 9.877062082434e-01 9.879677782808e-01 9.882184495666e-01 9.884588893714e-01 9.886897115840e-01 9.889114819451e-01 9.891247226769e-01 9.893299165887e-01 9.895275107259e-01 9.897179196218e-01 9.899015282000e-01 9.900786943719e-01 9.902497513655e-01 9.904150098169e-01 9.905747596533e-01 9.907292717901e-01 9.908787996645e-01 9.910235806222e-01 9.911638371750e-01 9.912997781415e-01 9.914315996848e-01 9.915594862567e-01 9.916836114588e-01 9.918041388290e-01 9.919212225600e-01 9.920350081577e-01 9.921456330444e-01 9.922532271123e-01 9.923579132324e-01 9.924598077226e-01 9.925590207789e-01 9.926556568727e-01 9.927498151179e-01 9.928415896101e-01 9.929310697400e-01 9.930183404839e-01 9.931034826732e-01 9.931865732434e-01 9.932676854666e-01 9.933468891670e-01 9.934242509209e-01 9.934998342437e-01 9.935736997636e-01 9.936459053842e-01 9.937165064355e-01 9.937855558154e-01 9.938531041217e-01 9.939191997763e-01 9.939838891404e-01 9.940472166231e-01 9.941092247833e-01 9.941699544247e-01 9.942294446857e-01 9.942877331232e-01 9.943448557920e-01 9.944008473188e-01 9.944557409725e-01 9.945095687301e-01 9.945623613384e-01 9.946141483733e-01 9.946649582943e-01 9.947148184972e-01 9.947637553629e-01 9.948117943046e-01 9.948589598109e-01 9.949052754883e-01 9.949507641000e-01 9.949954476035e-01 9.950393471859e-01 9.950824832974e-01 9.951248756827e-01 9.951665434120e-01 9.952075049085e-01 9.952477779765e-01 9.952873798267e-01
1.000000000000e-12 4.606611732322e-01 7.300694981783e-01 8.200460675683e-01 8.650345469688e-01 8.920276374084e-01 9.100230311593e-01 9.228768838489e-01 9.325172733674e-01 9.400153541043e-01 9.460138186939e-01 9.509216533580e-01 9.550115155782e-01 9.584721682260e-01 9.614384419242e-01 9.640092124626e-01 9.662586366837e-01 9.682434227611e-01 9.700076770521e-01 9.715862203652e-01 9.730069093469e-01 9.742922946161e-01 9.754608266790e-01 9.765277472582e-01 9.775057577891e-01 9.784055274775e-01 9.792360841130e-01 9.800051180348e-01 9.807192209621e-01 9.813840754117e-01 9.820046062313e-01 9.825851028045e-01 9.831293183418e-01 9.836405511193e-01 9.841217113805e-01 9.845753767697e-01 9.850038385261e-01 9.854091401875e-01 9.857931101826e-01 9.861573894087e-01 9.865034546735e-01 9.868326387058e-01 9.871461473081e-01 9.874450741148e-01 9.877304133395e-01 9.880030708209e-01 9.882638736291e-01 9.885135784455e-01 9.887528788946e-01 9.889824119783e-01 9.892027637388e-01 9.894144742537e-01 9.896180420565e-01 9.898139280554e-01 9.900025590174e-01 9.901843306716e-01 9.903596104810e-01 9.905287401217e-01 9.906920377058e-01 9.908497997786e-01 9.910023031156e-01 9.911498063433e-01 9.912925514022e-01 9.914307648720e-01 9.915646591709e-01 9.916944336452e-01 9.918202755597e-01 9.919423609991e-01 9.920608556903e-01 9.921759157527e-01 9.922876883848e-01 9.923963124921e-01 9.925019192630e-01 9.926046326978e-01 9.927045700938e-01 9.928018424925e-01 9.928965550913e-01 9.929888076226e-01 9.930786947043e-01 9.931663061638e-01 9.932517273367e-01 9.933350393449e-01 9.934163193529e-01 9.934956408065e-01 9.935730736540e-01 9.936486845522e-01 9.937225370574e-01 9.937946918039e-01 9.938652066698e-01 9.939341369319e-01 9.940015354104e-01 9.940674526037e-01 9.941319368146e-01 9.941950342682e-01 9.942567892227e-01 9.943172440730e-01 9.943764394473e-01 9.944344142983e-01 9.944912059892e-01 9.945468503731e-01 9.946013818694e-01 9.946548335340e-01 9.947072371268e-01 9.947586231742e-01 9.948090210283e-01 9.948584589232e-01 9.949069640277e-01 9.949545624947e-01 9.950012795087e-01 9.950471393297e-01 9.950921653358e-01 9.951363800625e-01 9.951798052405e-01 9.952224618313e-01 9.952643700609e-01 9.953055494516e-01 9.953460188529e-01 9.953857964696e-01 9.954248998893e-01 9.954633461087e-01 9.955011515578e-01
1.000000000000e-12 4.858290948769e-01 7.427523647874e-01 8.285014179847e-01 8.713760612820e-01 8.971008489268e-01 9.142507074304e-01 9.265006063678e-01 9.356880305716e-01 9.428338049525e-01 9.485504244573e-01 9.532276585975e-01 9.571253537144e-01 9.604234034286e-01 9.632503031837e-01 9.657002829715e-01 9.678440152858e-01 9.697355437984e-01 9.714169024763e-01 9.729212760301e-01 9.742752122286e-01 9.755002021225e-01 9.766138292987e-01 9.776306193292e-01 9.785626768572e-01 9.794201697829e-01 9.802117017143e-01 9.809446016508e-01 9.816251515919e-01 9.822587670542e-01 9.828501414857e-01 9.834033627281e-01 9.839220076429e-01 9.844092195325e-01 9.848677718992e-01 9.853001212735e-01 9.857084512381e-01 9.860947093128e-01 9.864606380151e-01 9.868078011429e-01 9.871376061143e-01 9.874513230383e-01 9.877501010613e-01 9.880349824319e-01 9.883069146494e-01 9.885667609905e-01 9.888153096646e-01 9.890532817994e-01 9.892813384286e-01 9.895000866239e-01 9.897100848915e-01 9.899118479328e-01 9.901058508572e-01 9.902925329165e-01 9.904723008254e-01 9.906455317195e-01 9.908125757959e-01 9.909737586767e-01 9.911293835271e-01 9.912797329589e-01 9.914250707429e-01 9.915656433536e-01 9.917016813641e-01 9.918334007075e-01 9.919610038215e-01 9.920846806857e-01 9.922046097663e-01 9.923209588742e-01 9.924338859496e-01 9.925435397764e-01 9.926500606368e-01 9.927535809095e-01 9.928542256191e-01 9.929521129393e-01 9.930473546564e-01 9.931400565943e-01 9.932303190075e-01 9.933182369425e-01 9.934039005714e-01 9.934873955009e-01 9.935688030572e-01 9.936482005503e-01 9.937256615192e-01 9.938012559587e-01 9.938750505306e-01 9.939471087597e-01 9.940174912160e-01 9.940862556847e-01 9.941534573247e-01 9.942191488154e-01 9.942833804953e-01 9.943462004898e-01 9.944076548323e-01 9.944677875761e-01 9.945266408997e-01 9.945842552060e-01 9.946406692143e-01 9.946959200471e-01 9.947500433120e-01 9.948030731775e-01 9.948550424457e-01 9.949059826195e-01 9.949559239664e-01 9.950048955784e-01 9.950529254286e-01 9.951000404245e-01 9.951462664582e-01 9.951916284540e-01 9.952361504127e-01 9.952798554548e-01 9.953227658598e-01 9.953649031043e-01 9.954062878980e-01 9.954469402175e-01 9.954868793383e-01 9.955261238658e-01 9.955646917636e-01 9.956026003810e-01 9.956398664794e-01 9.956765062569e-01 9.957125353714e-01
1.000000000000e-12 5.107738828702e-01 7.552885172899e-01 8.368589184595e-01 8.776441875579e-01 9.021153499889e-01 9.184294583191e-01 9.300823928443e-01 9.388220937386e-01 9.456196388788e-01 9.510576749909e-01 9.555069772644e-01 9.592147291591e-01 9.623520576853e-01 9.650411964221e-01 9.673717833272e-01 9.694110468693e-01 9.712103970535e-01 9.728098194394e-01 9.742408815741e-01 9.755288374954e-01 9.766941309480e-01 9.777534886322e-01 9.787207282569e-01 9.796073645795e-01 9.804230699964e-01 9.811760288426e-01 9.818732129596e-01 9.825205982110e-01 9.831233362038e-01 9.836858916636e-01 9.842121532229e-01 9.847055234346e-01 9.851689924215e-01 9.856051985267e-01 9.860164785688e-01 9.864049097197e-01 9.867723445921e-01 9.871204407871e-01 9.874506858951e-01 9.877644187477e-01 9.880628475588e-01 9.883470654740e-01 9.886180639514e-01 9.888767443161e-01 9.891239277758e-01 9.893603641284e-01 9.895867393598e-01 9.898036822898e-01 9.900117704063e-01 9.902115349982e-01 9.904034656845e-01 9.905880144213e-01 9.907655990549e-01 9.909366064798e-01 9.911013954529e-01 9.912602991055e-01 9.914136271914e-01 9.915616681019e-01 9.917046906764e-01 9.918429458318e-01 9.919766680313e-01 9.921060766114e-01 9.922313769827e-01 9.923527617173e-01 9.924704115371e-01 9.925844962107e-01 9.926951753718e-01 9.928025992634e-01 9.929069094190e-01 9.930082392844e-01 9.931067147874e-01 9.932024548598e-01 9.932955719166e-01 9.933861722961e-01 9.934743566654e-01 9.935602203935e-01 9.936438538949e-01 9.937253429475e-01 9.938047689862e-01 9.938822093739e-01 9.939577376532e-01 9.940314237794e-01 9.941033343363e-01 9.941735327370e-01 9.942420794107e-01 9.943090319757e-01 9.943744454013e-01 9.944383721581e-01 9.945008623585e-01 9.945619638879e-01 9.946217225265e-01 9.946801820642e-01 9.947373844076e-01 9.947933696799e-01 9.948481763148e-01 9.949018411449e-01 9.949543994836e-01 9.950058852032e-01 9.950563308072e-01 9.951057674991e-01 9.951542252466e-01 9.952017328422e-01 9.952483179603e-01 9.952940072107e-01 9.953388261896e-01 9.953827995274e-01 9.954259509337e-01 9.954683032399e-01 9.955098784395e-01 9.955506977264e-01 9.955907815307e-01 9.956301495528e-01 9.956688207957e-01 9.957068135957e-01 9.957441456514e-01 9.957808340509e-01 9.958168952984e-01 9.958523453382e-01 9.958871995791e-01 9.959214729159e-01
1.000000000000e-12 5.354662223208e-01 7.676748359255e-01 8.451165038549e-01 8.838373771572e-01 9.070699016931e-01 9.225582514081e-01 9.336213583494e-01 9.419186885557e-01 9.483721676050e-01 9.535349508445e-01 9.577590462223e-01 9.612791257038e-01 9.642576544958e-01 9.668106791747e-01 9.690233005630e-01 9.709593442778e-01 9.726676181438e-01 9.741860838025e-01 9.755447109708e-01 9.767674754223e-01 9.778737861164e-01 9.788795231111e-01 9.797978047150e-01 9.806395628519e-01 9.814139803378e-01 9.821288272479e-01 9.827907225350e-01 9.834053395873e-01 9.839775692567e-01 9.845116502815e-01 9.850112744660e-01 9.854796721389e-01 9.859196820741e-01 9.863338090719e-01 9.867242716699e-01 9.870930419013e-01 9.874418786066e-01 9.877723554854e-01 9.880858848319e-01 9.883837377111e-01 9.886670611816e-01 9.889368930582e-01 9.891941746150e-01 9.894397615556e-01 9.896744335210e-01 9.898989023575e-01 9.901138193286e-01 9.903197814259e-01 9.905173369070e-01 9.907069901689e-01 9.908892060479e-01 9.910644136239e-01 9.912330095933e-01 9.913953612675e-01 9.915518092445e-01 9.917026697937e-01 9.918482369903e-01 9.919887846284e-01 9.921245679398e-01 9.922558251408e-01 9.923827788270e-01 9.925056372330e-01 9.926245953721e-01 9.927398360695e-01 9.928515308992e-01 9.929598410371e-01 9.930649180365e-01 9.931669045360e-01 9.932659349050e-01 9.933621358349e-01 9.934556268795e-01 9.935465209506e-01 9.936349247732e-01 9.937209393033e-01 9.938046601126e-01 9.938861777427e-01 9.939655780318e-01 9.940429424160e-01 9.941183482082e-01 9.941918688556e-01 9.942635741783e-01 9.943335305908e-01 9.944018013066e-01 9.944684465291e-01 9.945335236288e-01 9.945970873075e-01 9.946591897522e-01 9.947198807778e-01 9.947792079601e-01 9.948372167605e-01 9.948939506423e-01 9.949494511788e-01 9.950037581553e-01 9.950569096643e-01 9.951089421942e-01 9.951598907130e-01 9.952097887469e-01 9.952586684535e-01 9.953065606914e-01 9.953534950845e-01 9.953995000836e-01 9.954446030240e-01 9.954888301791e-01 9.955322068120e-01 9.955747572233e-01 9.956165047967e-01 9.956574720415e-01 9.956976806338e-01 9.957371514536e-01 9.957759046222e-01 9.958139595355e-01 9.958513348968e-01 9.958880487473e-01 9.959241184951e-01 9.959595609430e-01 9.959943923142e-01 9.960286282773e-01 9.960622839699e-01 9.960953740205e-01 9.961279125704e-01
1.000000000000e-12 5.598844089017e-01 7.799085965014e-01 8.532723677264e-01 8.899542753860e-01 9.119634202907e-01 9.266361835740e-01 9.371167287775e-01 9.449771376803e-01 9.510907890491e-01 9.559817101442e-01 9.599833728584e-01 9.633180917868e-01 9.661397770340e-01 9.685583643887e-01 9.706544734295e-01 9.724885688401e-01 9.741068883201e-01 9.755453945246e-01 9.768324790233e-01 9.779908550721e-01 9.790389095925e-01 9.799916864292e-01 9.808616131062e-01 9.816590458934e-01 9.823926840577e-01 9.830698885170e-01 9.836969296830e-01 9.842791821944e-01 9.848212793601e-01 9.853272367147e-01 9.858005516594e-01 9.862442844201e-01 9.866611242861e-01 9.870534441601e-01 9.874233457555e-01 9.877726972623e-01 9.881031649038e-01 9.884162395116e-01 9.887132590113e-01 9.889954275360e-01 9.892638317425e-01 9.895194547962e-01 9.897631884056e-01 9.899958432146e-01 9.902181578098e-01 9.904308065531e-01 9.906344064137e-01 9.908295229467e-01 9.910166755396e-01 9.911963420288e-01 9.913689627734e-01 9.915349442585e-01 9.916946622914e-01 9.918484648415e-01 9.919966745717e-01 9.921395910972e-01 9.922774930078e-01 9.924106396800e-01 9.925392729058e-01 9.926636183574e-01 9.927838869089e-01 9.929002758297e-01 9.930129698642e-01 9.931221422100e-01 9.932279554068e-01 9.933305621431e-01 9.934301059917e-01 9.935267220800e-01 9.936205377021e-01 9.937116728777e-01 9.938002408654e-01 9.938863486311e-01 9.939700972800e-01 9.940515824519e-01 9.941308946859e-01 9.942081197558e-01 9.942833389798e-01 9.943566295057e-01 9.944280645752e-01 9.944977137680e-01 9.945656432277e-01 9.946319158712e-01 9.946965915836e-01 9.947597273981e-01 9.948213776640e-01 9.948815942028e-01 9.949404264534e-01 9.949979216073e-01 9.950541247353e-01 9.951090789049e-01 9.951628252906e-01 9.952154032765e-01 9.952668505531e-01 9.953172032068e-01 9.953664958047e-01 9.954147614734e-01 9.954620319736e-01 9.955083377698e-01 9.955537080954e-01 9.955981710144e-01 9.956417534796e-01 9.956844813867e-01 9.957263796257e-01 9.957674721293e-01 9.958077819185e-01 9.958473311457e-01 9.958861411350e-01 9.959242324208e-01 9.959616247839e-01 9.959983372858e-01 9.960343883013e-01 9.960697955486e-01 9.961045761190e-01 9.961387465039e-01 9.961723226212e-01 9.962053198400e-01 9.962377530038e-01 9.962696364529e-01 9.963009840457e-01 9.963318091787e-01
1.000000000000e-12 5.840125872459e-01 7.919874514019e-01 8.613249512578e-01 8.959937132216e-01 9.167949705674e-01 9.306624754720e-01 9.405678361188e-01 9.479968566039e-01 9.537749836479e-01 9.583974852831e-01 9.621795320756e-01 9.653312377359e-01 9.679980656024e-01 9.702839180594e-01 9.722649901887e-01 9.739984283019e-01 9.755279325195e-01 9.768874918240e-01 9.781039396227e-01 9.791987426416e-01 9.801892787062e-01 9.810897660378e-01 9.819119501231e-01 9.826656188680e-01 9.833589941132e-01 9.839990328012e-01 9.845916612160e-01 9.851419590297e-01 9.856543052700e-01 9.861324950944e-01 9.865798339623e-01 9.869992141510e-01 9.873931773585e-01 9.877639662597e-01 9.881135672237e-01 9.884437459120e-01 9.887560771035e-01 9.890519698113e-01 9.893326885341e-01 9.895993713208e-01 9.898530451910e-01 9.900946393531e-01 9.903249965775e-01 9.905448830189e-01 9.907549967296e-01 9.909559750616e-01 9.911484011241e-01 9.913328094340e-01 9.915096908741e-01 9.916794970566e-01 9.918426441732e-01 9.919995164006e-01 9.921504689213e-01 9.922958306080e-01 9.924359064151e-01 9.925709795148e-01 9.927013132076e-01 9.928271526350e-01 9.929487263192e-01 9.930662475472e-01 9.931799156202e-01 9.932899169811e-01 9.933964262354e-01 9.934996070755e-01 9.935996131205e-01 9.936965886793e-01 9.937906694452e-01 9.938819831299e-01 9.939706500410e-01 9.940567836119e-01 9.941404908849e-01 9.942218729560e-01 9.943010253813e-01 9.943780385518e-01 9.944529980378e-01 9.945259849057e-01 9.945970760108e-01 9.946663442671e-01 9.947338588966e-01 9.947996856604e-01 9.948638870720e-01 9.949265225955e-01 9.949876488293e-01 9.950473196766e-01 9.951055865039e-01 9.951624982887e-01 9.952181017567e-01 9.952724415094e-01 9.953255601442e-01 9.953774983648e-01 9.954282950861e-01 9.954779875308e-01 9.955266113208e-01 9.955742005620e-01 9.956207879245e-01 9.956664047170e-01 9.957110809570e-01 9.957548454371e-01 9.957977257862e-01 9.958397485283e-01 9.958809391369e-01 9.959213220866e-01 9.959609209013e-01 9.959997582003e-01 9.960378557412e-01 9.960752344607e-01 9.961119145124e-01 9.961479153040e-01 9.961832555306e-01 9.962179532076e-01 9.962520257012e-01 9.962854897574e-01 9.963183615295e-01 9.963506566038e-01 9.963823900246e-01 9.964135763175e-01 9.964442295114e-01 9.964743631596e-01 9.965039903599e-01 9.965331237736e-01
1.000000000000e-12 6.078393136792e-01 8.039094108940e-01 8.692729319280e-01 9.019546988290e-01 9.215637590581e-01 9.346364658813e-01 9.439741136125e-01 9.509773494109e-01 9.564243105875e-01 9.607818795287e-01 9.643471632079e-01 9.673182329406e-01 9.698322150221e-01 9.719870568062e-01 9.738545863525e-01 9.754886747054e-01 9.769305173698e-01 9.782121552937e-01 9.793588839625e-01 9.803909397644e-01 9.813247045375e-01 9.821735816040e-01 9.829486432734e-01 9.836591164703e-01 9.843127518115e-01 9.849161075110e-01 9.854747701958e-01 9.859935284031e-01 9.864765101823e-01 9.869272931762e-01 9.873489933964e-01 9.877443373527e-01 9.881157210693e-01 9.884652586849e-01 9.887948227225e-01 9.891060776469e-01 9.894005079807e-01 9.896794419812e-01 9.899440716740e-01 9.901954698822e-01 9.904346047631e-01 9.906623522687e-01 9.908795068671e-01 9.910867908020e-01 9.912848621175e-01 9.914743216367e-01 9.916557190487e-01 9.918295582351e-01 9.919963019446e-01 9.921563759057e-01 9.923101724566e-01 9.924580537555e-01 9.926003546281e-01 9.927373850979e-01 9.928694326416e-01 9.929967642016e-01 9.931196279875e-01 9.932382550912e-01 9.933528609371e-01 9.934636465881e-01 9.935707999227e-01 9.936744966982e-01 9.937749015125e-01 9.938721686764e-01 9.939664430044e-01 9.940578605347e-01 9.941465491834e-01 9.942326293425e-01 9.943162144244e-01 9.943974113612e-01 9.944763210604e-01 9.945530388234e-01 9.946276547300e-01 9.947002539904e-01 9.947709172705e-01 9.948397209906e-01 9.949067376011e-01 9.949720358370e-01 9.950356809530e-01 9.950977349411e-01 9.951582567319e-01 9.952173023815e-01 9.952749252444e-01 9.953311761344e-01 9.953861034740e-01 9.954397534336e-01 9.954921700608e-01 9.955433954010e-01 9.955934696100e-01 9.956424310587e-01 9.956903164317e-01 9.957371608183e-01 9.957829977988e-01 9.958278595243e-01 9.958717767925e-01 9.959147791176e-01 9.959568947968e-01 9.959981509723e-01 9.960385736898e-01 9.960781879529e-01 9.961170177751e-01 9.961550862283e-01 9.961924154882e-01 9.962290268778e-01 9.962649409075e-01 9.963001773140e-01 9.963347550961e-01 9.963686925490e-01 9.964020072962e-01 9.964347163208e-01 9.964668359936e-01 9.964983821008e-01 9.965293698698e-01 9.965598139938e-01 9.965897286547e-01 9.966191275456e-01 9.966480238913e-01 9.966764304685e-01 9.967043596243e-01 9.967318232941e-01
1.000000000000e-12 6.313564274147e-01 8.156728246909e-01 8.771152120068e-01 9.078364089453e-01 9.262691271536e-01 9.385576059611e-01 9.473350908238e-01 9.539182044708e-01 9.590384039740e-01 9.631345635766e-01 9.664859668879e-01 9.692788029805e-01 9.716419719820e-01 9.736675454119e-01 9.754230423844e-01 9.769591022354e-01 9.783144491627e-01 9.795192019870e-01 9.805971387245e-01 9.815672817883e-01 9.824450302746e-01 9.832429834439e-01 9.839715493811e-01 9.846394014903e-01 9.852538254307e-01 9.858209859910e-01 9.863461346580e-01 9.868337727059e-01 9.872877805437e-01 9.877115211922e-01 9.881079237344e-01 9.884795511177e-01 9.888286556293e-01 9.891572245814e-01 9.894670181647e-01 9.897596009935e-01 9.900363685342e-01 9.902985693623e-01 9.905473239940e-01 9.907836408942e-01 9.910084301406e-01 9.912225151373e-01 9.914266426922e-01 9.916214917220e-01 9.918076807948e-01 9.919857746906e-01 9.921562901227e-01 9.923197007451e-01 9.924764415463e-01 9.926269127153e-01 9.927714830542e-01 9.929104929955e-01 9.930442572786e-01 9.931730673290e-01 9.932971933776e-01 9.934168863530e-01 9.935323795748e-01 9.936438902718e-01 9.937516209452e-01 9.938557605961e-01 9.939564858322e-01 9.940539618672e-01 9.941483434249e-01 9.942397755588e-01 9.943283943964e-01 9.944143278146e-01 9.944976960562e-01 9.945786122907e-01 9.946571831270e-01 9.947335090824e-01 9.948076850108e-01 9.948798004968e-01 9.949499402160e-01 9.950181842671e-01 9.950846084769e-01 9.951492846811e-01 9.952122809840e-01 9.952736619970e-01 9.953334890603e-01 9.953918204471e-01 9.954487115527e-01 9.955042150703e-01 9.955583811538e-01 9.956112575687e-01 9.956628898325e-01 9.957133213461e-01 9.957625935146e-01 9.958107458610e-01 9.958578161322e-01 9.959038403974e-01 9.959488531403e-01 9.959928873453e-01 9.960359745781e-01 9.960781450613e-01 9.961194277449e-01 9.961598503726e-01 9.961994395440e-01 9.962382207731e-01 9.962762185431e-01 9.963134563577e-01 9.963499567898e-01 9.963857415271e-01 9.964208314152e-01 9.964552464978e-01 9.964890060549e-01 9.965221286393e-01 9.965546321100e-01 9.965865336645e-01 9.966178498694e-01 9.966485966888e-01 9.966787895114e-01 9.967084431765e-01 9.967375719979e-01 9.967661897874e-01 9.967943098762e-01 9.968219451359e-01 9.968491079980e-01 9.968758104726e-01 9.969020641661e-01 9.969278802981e-01
1.000000000000e-12 6.545581928027e-01 8.272763637674e-01 8.848509069688e-01 9.136381801971e-01 9.309105441564e-01 9.424254534635e-01 9.506503886830e-01 9.568190900976e-01 9.616169689757e-01 9.654552720781e-01 9.685957018892e-01 9.712127267318e-01 9.734271323678e-01 9.753251943415e-01 9.769701813854e-01 9.784095450488e-01 9.796795718106e-01 9.808084844878e-01 9.818185642516e-01 9.827276360391e-01 9.835501295610e-01 9.842978509446e-01 9.849805530774e-01 9.856063633659e-01 9.861821088312e-01 9.867135661839e-01 9.872056563252e-01 9.876625971707e-01 9.880880248545e-01 9.884850906927e-01 9.888565393800e-01 9.892047725244e-01 9.895319006297e-01 9.898397859053e-01 9.901300777366e-01 9.904042422439e-01 9.906635870481e-01 9.909092821258e-01 9.911423774559e-01 9.913638180195e-01 9.915744566044e-01 9.917750647805e-01 9.919663423437e-01 9.921489254723e-01 9.923233937951e-01 9.924902765387e-01 9.926500578890e-01 9.928031816829e-01 9.929500555261e-01 9.930910544156e-01 9.932265239369e-01 9.933567830919e-01 9.934821268072e-01 9.936028281626e-01 9.937191403778e-01 9.938312985854e-01 9.939395214172e-01 9.940440124273e-01 9.941449613692e-01 9.942425453464e-01 9.943369298489e-01 9.944282696900e-01 9.945167098537e-01 9.946023862622e-01 9.946854264736e-01 9.947659503149e-01 9.948440704594e-01 9.949198929527e-01 9.949935176925e-01 9.950650388683e-01 9.951345453631e-01 9.952021211220e-01 9.952678454902e-01 9.953317935241e-01 9.953940362771e-01 9.954546410629e-01 9.955136716985e-01 9.955711887280e-01 9.956272496301e-01 9.956819090098e-01 9.957352187751e-01 9.957872283022e-01 9.958379845877e-01 9.958875323902e-01 9.959359143621e-01 9.959831711719e-01 9.960293416182e-01 9.960744627361e-01 9.961185698964e-01 9.961616968976e-01 9.962038760525e-01 9.962451382694e-01 9.962855131267e-01 9.963250289445e-01 9.963637128503e-01 9.964015908415e-01 9.964386878431e-01 9.964750277631e-01 9.965106335432e-01 9.965455272078e-01 9.965797299087e-01 9.966132619684e-01 9.966461429202e-01 9.966783915460e-01 9.967100259122e-01 9.967410634036e-01 9.967715207550e-01 9.968014140813e-01 9.968307589063e-01 9.968595701889e-01 9.968878623494e-01 9.969156492927e-01 9.969429444317e-01 9.969697607086e-01 9.969961106155e-01 9.970220062136e-01 9.970474591520e-01 9.970724806846e-01 9.970970816872e-01 9.971212726732e-01
1.000000000000e-12 6.774406661623e-01 8.387190024396e-01 8.924793339057e-01 9.193595004153e-01 9.354876003316e-01 9.462396669430e-01 9.539197145225e-01 9.596797502072e-01 9.641597779620e-01 9.677438001658e-01 9.706761819689e-01 9.731198334715e-01 9.751875385891e-01 9.769598572613e-01 9.784958667772e-01 9.798398751036e-01 9.810257648034e-01 9.820798889810e-01 9.830230527188e-01 9.838719000829e-01 9.846399048408e-01 9.853380909844e-01 9.859755652895e-01 9.865599167357e-01 9.870975200663e-01 9.875937692945e-01 9.880532593207e-01 9.884799286306e-01 9.888771724710e-01 9.892479333886e-01 9.895947742470e-01 9.899199375518e-01 9.902253939896e-01 9.905128824017e-01 9.907839429045e-01 9.910399444905e-01 9.912821081529e-01 9.915115263594e-01 9.917291795297e-01 9.919359500414e-01 9.921326341868e-01 9.923199524204e-01 9.924985581781e-01 9.926690454922e-01 9.928319555924e-01 9.929877826447e-01 9.931369787587e-01 9.932799583679e-01 9.934171020747e-01 9.935487600331e-01 9.936752549345e-01 9.937968846473e-01 9.939139245596e-01 9.940266296603e-01 9.941352363938e-01 9.942399643153e-01 9.943410175729e-01 9.944385862355e-01 9.945328474857e-01 9.946239666943e-01 9.947120983878e-01 9.947973871235e-01 9.948799682803e-01 9.949599687759e-01 9.950375077178e-01 9.951126969948e-01 9.951856418158e-01 9.952564412009e-01 9.953251884298e-01 9.953919714522e-01 9.954568732628e-01 9.955199722452e-01 9.955813424885e-01 9.956410540765e-01 9.956991733554e-01 9.957557631797e-01 9.958108831384e-01 9.958645897648e-01 9.959169367298e-01 9.959679750207e-01 9.960177531069e-01 9.960663170934e-01 9.961137108633e-01 9.961599762102e-01 9.962051529607e-01 9.962492790890e-01 9.962923908236e-01 9.963345227461e-01 9.963757078838e-01 9.964159777962e-01 9.964553626556e-01 9.964938913224e-01 9.965315914157e-01 9.965684893793e-01 9.966046105438e-01 9.966399791839e-01 9.966746185738e-01 9.967085510373e-01 9.967417979965e-01 9.967743800166e-01 9.968063168481e-01 9.968376274672e-01 9.968683301132e-01 9.968984423236e-01 9.969279809682e-01 9.969569622798e-01 9.969854018846e-01 9.970133148302e-01 9.970407156115e-01 9.970676181969e-01 9.970940360510e-01 9.971199821577e-01 9.971454690412e-01 9.971705087865e-01 9.971951130579e-01 9.972192931177e-01 9.972430598432e-01 9.972664237429e-01 9.972893949719e-01 9.973119833471e-01
1.000000000000e-12 7.000012400312e-01 8.500000007352e-01 9.000000000090e-01 9.250000000004e-01 9.400000000000e-01 9.500000000000e-01 9.571428571429e-01 9.625000000000e-01 9.666666666667e-01 9.700000000000e-01 9.727272727273e-01 9.750000000000e-01 9.769230769231e-01 9.785714285714e-01 9.800000000000e-01 9.812500000000e-01 9.823529411765e-01 9.833333333333e-01 9.842105263158e-01 9.850000000000e-01 9.857142857143e-01 9.863636363636e-01 9.869565217391e-01 9.875000000000e-01 9.880000000000e-01 9.884615384615e-01 9.888888888889e-01 9.892857142857e-01 9.896551724138e-01 9.900000000000e-01 9.903225806452e-01 9.906250000000e-01 9.909090909091e-01 9.911764705882e-01 9.914285714286e-01 9.916666666667e-01 9.918918918919e-01 9.921052631579e-01 9.923076923077e-01 9.925000000000e-01 9.926829268293e-01 9.928571428571e-01 9.930232558140e-01 9.931818181818e-01 9.933333333333e-01 9.934782608696e-01 9.936170212766e-01 9.937500000000e-01 9.938775510204e-01 9.940000000000e-01 9.941176470588e-01 9.942307692308e-01 9.943396226415e-01 9.944444444444e-01 9.945454545455e-01 9.946428571429e-01 9.947368421053e-01 9.948275862069e-01 9.949152542373e-01 9.950000000000e-01 9.950819672131e-01 9.951612903226e-01 9.952380952381e-01 9.953125000000e-01 9.953846153846e-01 9.954545454545e-01 9.955223880597e-01 9.955882352941e-01 9.956521739130e-01 9.957142857143e-01 9.957746478873e-01 9.958333333333e-01 9.958904109589e-01 9.959459459459e-01 9.960000000000e-01 9.960526315789e-01 9.961038961039e-01 9.961538461538e-01 9.962025316456e-01 9.962500000000e-01 9.962962962963e-01 9.963414634146e-01 9.963855421687e-01 9.964285714286e-01 9.964705882353e-01 9.965116279070e-01 9.965517241379e-01 9.965909090909e-01 9.966292134832e-01 9.966666666667e-01 9.967032967033e-01 9.967391304348e-01 9.967741935484e-01 9.968085106383e-01 9.968421052632e-01 9.968750000000e-01 9.969072164948e-01 9.969387755102e-01 9.969696969697e-01 9.970000000000e-01 9.970297029703e-01 9.970588235294e-01 9.970873786408e-01 9.971153846154e-01 9.971428571429e-01 9.971698113208e-01 9.971962616822e-01 9.972222222222e-01 9.972477064220e-01 9.972727272727e-01 9.972972972973e-01 9.973214285714e-01 9.973451327434e-01 9.973684210526e-01 9.973913043478e-01 9.974137931035e-01 9.974358974359e-01 9.974576271186e-01 9.974789915966e-01 9.975000000000e-01
1.000000000000e-12 7.222383219328e-01 8.611188870932e-01 9.074125911865e-01 9.305594433871e-01 9.444475547096e-01 9.537062955913e-01 9.603196819354e-01 9.652797216935e-01 9.691375303942e-01 9.722237773548e-01 9.747488885043e-01 9.768531477957e-01 9.786336748883e-01 9.801598409677e-01 9.814825182365e-01 9.826398608467e-01 9.836610455028e-01 9.845687651971e-01 9.853809354499e-01 9.861118886774e-01 9.867732273118e-01 9.873744442522e-01 9.879233814586e-01 9.884265738978e-01 9.888895109419e-01 9.893168374442e-01 9.897125101314e-01 9.900799204839e-01 9.904219921913e-01 9.907412591183e-01 9.910399281790e-01 9.913199304234e-01 9.915829628348e-01 9.918305227514e-01 9.920639363871e-01 9.922843825986e-01 9.924929127986e-01 9.926904677249e-01 9.928778916294e-01 9.930559443387e-01 9.932253115500e-01 9.933866136559e-01 9.935404133383e-01 9.936872221261e-01 9.938275060788e-01 9.939616907293e-01 9.940901653946e-01 9.942132869489e-01 9.943313831336e-01 9.944447554710e-01 9.945536818343e-01 9.946584187221e-01 9.947592032745e-01 9.948562550657e-01 9.949497777009e-01 9.950399602419e-01 9.951269784833e-01 9.952109960956e-01 9.952921656534e-01 9.953706295591e-01 9.954465208778e-01 9.955199640895e-01 9.955910757706e-01 9.956599652117e-01 9.957267349777e-01 9.957914814174e-01 9.958542951276e-01 9.959152613757e-01 9.959744604862e-01 9.960319681935e-01 9.960878559655e-01 9.961421912993e-01 9.961950379938e-01 9.962464563993e-01 9.962965036473e-01 9.963452338625e-01 9.963926983578e-01 9.964389458147e-01 9.964840224500e-01 9.965279721694e-01 9.965708367105e-01 9.966126557750e-01 9.966534671512e-01 9.966933068280e-01 9.967322091006e-01 9.967702066692e-01 9.968073307304e-01 9.968436110630e-01 9.968790761073e-01 9.969137530394e-01 9.969476678412e-01 9.969808453647e-01 9.970133093930e-01 9.970450826973e-01 9.970761870900e-01 9.971066434745e-01 9.971364718923e-01 9.971656915668e-01 9.971943209449e-01 9.972223777355e-01 9.972498789460e-01 9.972768409171e-01 9.973032793548e-01 9.973292093610e-01 9.973546454624e-01 9.973796016372e-01 9.974040913416e-01 9.974281275328e-01 9.974517226931e-01 9.974748888504e-01 9.974976375995e-01 9.975199801210e-01 9.975419271995e-01 9.975634892416e-01 9.975846762917e-01 9.976054980478e-01 9.976259638765e-01 9.976460828267e-01 9.976658636433e-01 9.976853147796e-01
1.000000000000e-12 7.441511114180e-01 8.720754414325e-01 9.147169608693e-01 9.360377206508e-01 9.488301765206e-01 9.573584804338e-01 9.634501260862e-01 9.680188603254e-01 9.715723202892e-01 9.744150882603e-01 9.767409893276e-01 9.786792402169e-01 9.803192986618e-01 9.817250630431e-01 9.829433921735e-01 9.840094301627e-01 9.849500519178e-01 9.857861601446e-01 9.865342569791e-01 9.872075441302e-01 9.878167086954e-01 9.883704946638e-01 9.888761253306e-01 9.893396201085e-01 9.897660353041e-01 9.901596493309e-01 9.905241067631e-01 9.908625315215e-01 9.911776166415e-01 9.914716960868e-01 9.917468026646e-01 9.920047150813e-01 9.922469964425e-01 9.924750259589e-01 9.926900252172e-01 9.928930800723e-01 9.930851589893e-01 9.932671284896e-01 9.934397662206e-01 9.936037720651e-01 9.937597776245e-01 9.939083543477e-01 9.940500205257e-01 9.941852473319e-01 9.943144640578e-01 9.944380626653e-01 9.945564017575e-01 9.946698100542e-01 9.947785894409e-01 9.948830176521e-01 9.949833506393e-01 9.950798246654e-01 9.951726581623e-01 9.952620533815e-01 9.953481978655e-01 9.954312657608e-01 9.955114189930e-01 9.955888083207e-01 9.956635742814e-01 9.957358480434e-01 9.958057521738e-01 9.958734013323e-01 9.959389028985e-01 9.960023575407e-01 9.960638597324e-01 9.961234982213e-01 9.961813564568e-01 9.962375129795e-01 9.962920417769e-01 9.963450126086e-01 9.963964913043e-01 9.964465400362e-01 9.964952175699e-01 9.965425794946e-01 9.965886784347e-01 9.966335642448e-01 9.966772841897e-01 9.967198831103e-01 9.967614035773e-01 9.968018860325e-01 9.968413689210e-01 9.968798888122e-01 9.969174805133e-01 9.969541771738e-01 9.969900103836e-01 9.970250102628e-01 9.970592055472e-01 9.970926236660e-01 9.971252908158e-01 9.971572320289e-01 9.971884712374e-01 9.972190313326e-01 9.972489342215e-01 9.972782008788e-01 9.973068513958e-01 9.973349050271e-01 9.973623802330e-01 9.973892947204e-01 9.974156654808e-01 9.974415088260e-01 9.974668404218e-01 9.974916753196e-01 9.975160279864e-01 9.975399123327e-01 9.975633417391e-01 9.975863290812e-01 9.976088867533e-01 9.976310266908e-01 9.976527603909e-01 9.976740989328e-01 9.976950529964e-01 9.977156328804e-01 9.977358485186e-01 9.977557094965e-01 9.977752250661e-01 9.977944041604e-01 9.978132554069e-01 9.978317871407e-01 9.978500074168e-01 9.978679240217e-01
1.000000000000e-12 7.657394464511e-01 8.828696786338e-01 9.219131190563e-01 9.414348392918e-01 9.531478714334e-01 9.609565595278e-01 9.665341938810e-01 9.707174196459e-01 9.739710396852e-01 9.765739357167e-01 9.787035779243e-01 9.804782797639e-01 9.819799505513e-01 9.832670969405e-01 9.843826238111e-01 9.853587098229e-01 9.862199621863e-01 9.869855198426e-01 9.876704924825e-01 9.882869678584e-01 9.888447312937e-01 9.893517889621e-01 9.898147546594e-01 9.902391398820e-01 9.906295742867e-01 9.909899752757e-01 9.913236798951e-01 9.916335484703e-01 9.919220467989e-01 9.921913119056e-01 9.924432050699e-01 9.926793549115e-01 9.929011926414e-01 9.931099810931e-01 9.933068387762e-01 9.934927599213e-01 9.936686312748e-01 9.938352462412e-01 9.939933168504e-01 9.941434839292e-01 9.942863257846e-01 9.944223656468e-01 9.945520780737e-01 9.946758944811e-01 9.947942079370e-01 9.949073773297e-01 9.950157310035e-01 9.951195699410e-01 9.952191705544e-01 9.953147871433e-01 9.954066540621e-01 9.954949876378e-01 9.955799878711e-01 9.956618399475e-01 9.957407155849e-01 9.958167742351e-01 9.958901641608e-01 9.959610233994e-01 9.960294806300e-01 9.960956559528e-01 9.961596615929e-01 9.962216025350e-01 9.962815770979e-01 9.963396774557e-01 9.963959901103e-01 9.964505963207e-01 9.965035724950e-01 9.965549905466e-01 9.966049182198e-01 9.966534193881e-01 9.967005543263e-01 9.967463799607e-01 9.967909500982e-01 9.968343156374e-01 9.968765247622e-01 9.969176231206e-01 9.969576539892e-01 9.969966584252e-01 9.970346754072e-01 9.970717419646e-01 9.971078932984e-01 9.971431628923e-01 9.971775826165e-01 9.972111828234e-01 9.972439924373e-01 9.972760390368e-01 9.973073489329e-01 9.973379472405e-01 9.973678579457e-01 9.973971039685e-01 9.974257072216e-01 9.974536886649e-01 9.974810683566e-01 9.975078655018e-01 9.975340984965e-01 9.975597849705e-01 9.975849418265e-01 9.976095852772e-01 9.976337308805e-01 9.976573935717e-01 9.976805876947e-01 9.977033270311e-01 9.977256248269e-01 9.977474938189e-01 9.977689462587e-01 9.977899939355e-01 9.978106481978e-01 9.978309199738e-01 9.978508197905e-01 9.978703577924e-01 9.978895437583e-01 9.979083871176e-01 9.979268969661e-01 9.979450820804e-01 9.979629509319e-01 9.979805116997e-01 9.979977722835e-01 9.980147403150e-01 9.980314231695e-01 9.980478279764e-01
1.000000000000e-12 7.870036971296e-01 8.935018324747e-01 9.290012216381e-01 9.467509162284e-01 9.574007329827e-01 9.645006108189e-01 9.695719521305e-01 9.733754581142e-01 9.763337405460e-01 9.787003664914e-01 9.806366968103e-01 9.822503054095e-01 9.836156665318e-01 9.847859760653e-01 9.858002443276e-01 9.866877290571e-01 9.874708038185e-01 9.881668702730e-01 9.887896665744e-01 9.893501832457e-01 9.898573173768e-01 9.903183484052e-01 9.907392897788e-01 9.911251527047e-01 9.914801465965e-01 9.918078332659e-01 9.921112468486e-01 9.923929880326e-01 9.926552987901e-01 9.929001221638e-01 9.931291504811e-01 9.933438645286e-01 9.935455656034e-01 9.937354019092e-01 9.939143904261e-01 9.940834351365e-01 9.942433422950e-01 9.943948332872e-01 9.945385555106e-01 9.946750916228e-01 9.948049674369e-01 9.949286586884e-01 9.950465968585e-01 9.951591742026e-01 9.952667481092e-01 9.953696448894e-01 9.954681630833e-01 9.955625763524e-01 9.956531360187e-01 9.957400732983e-01 9.958236012728e-01 9.959039166330e-01 9.959812012248e-01 9.960556234243e-01 9.961273393621e-01 9.961964940163e-01 9.962632221915e-01 9.963276493951e-01 9.963898926257e-01 9.964500610819e-01 9.965082568019e-01 9.965645752405e-01 9.966191057923e-01 9.966719322643e-01 9.967231333064e-01 9.967727828017e-01 9.968209502226e-01 9.968677009546e-01 9.969130965929e-01 9.969571952130e-01 9.970000516185e-01 9.970417175682e-01 9.970822419851e-01 9.971216711475e-01 9.971600488655e-01 9.971974166436e-01 9.972338138301e-01 9.972692777553e-01 9.973038438597e-01 9.973375458114e-01 9.973704156162e-01 9.974024837185e-01 9.974337790953e-01 9.974643293442e-01 9.974941607637e-01 9.975232984292e-01 9.975517662634e-01 9.975795871013e-01 9.976067827518e-01 9.976333740546e-01 9.976593809331e-01 9.976848224447e-01 9.977097168270e-01 9.977340815416e-01 9.977579333149e-01 9.977812881762e-01 9.978041614940e-01 9.978265680093e-01 9.978485218678e-01 9.978700366491e-01 9.978911253952e-01 9.979118006364e-01 9.979320744166e-01 9.979519583165e-01 9.979714634754e-01 9.979906006124e-01 9.980093800459e-01 9.980278117122e-01 9.980459051827e-01 9.980636696810e-01 9.980811140983e-01 9.980982470082e-01 9.981150766807e-01 9.981316110957e-01 9.981478579558e-01 9.981638246975e-01 9.981795185035e-01 9.981949463128e-01 9.982101148312e-01 9.982250305410e-01
1.000000000000e-12 8.079446906949e-01 9.039723400561e-01 9.359815600336e-01 9.519861700252e-01 9.615889360201e-01 9.679907800168e-01 9.725635257287e-01 9.759930850126e-01 9.786605200112e-01 9.807944680101e-01 9.825404254637e-01 9.839953900084e-01 9.852265138539e-01 9.862817628643e-01 9.871963120067e-01 9.879965425063e-01 9.887026282412e-01 9.893302600056e-01 9.898918252685e-01 9.903972340050e-01 9.908545085762e-01 9.912702127318e-01 9.916497687000e-01 9.919976950042e-01 9.923177872040e-01 9.926132569269e-01 9.928868400037e-01 9.931408814322e-01 9.933774027621e-01 9.935981560034e-01 9.938046671000e-01 9.939982712531e-01 9.941801418212e-01 9.943513141206e-01 9.945127051457e-01 9.946651300028e-01 9.948093156784e-01 9.949459126342e-01 9.950755046180e-01 9.951986170025e-01 9.953157239049e-01 9.954272542881e-01 9.955335972116e-01 9.956351063659e-01 9.957321040022e-01 9.958248843500e-01 9.959137165979e-01 9.959988475021e-01 9.960805036755e-01 9.961588936020e-01 9.962342094137e-01 9.963066284635e-01 9.963763147189e-01 9.964434200019e-01 9.965080850927e-01 9.965704407161e-01 9.966306084228e-01 9.966887013811e-01 9.967448250864e-01 9.967990780017e-01 9.968515521328e-01 9.969023335500e-01 9.969515028587e-01 9.969991356266e-01 9.970453027708e-01 9.970900709106e-01 9.971335026881e-01 9.971756570603e-01 9.972165895667e-01 9.972563525729e-01 9.972949954944e-01 9.973325650014e-01 9.973691052069e-01 9.974046578392e-01 9.974392624013e-01 9.974729563171e-01 9.975057750662e-01 9.975377523090e-01 9.975689200013e-01 9.975993085013e-01 9.976289466679e-01 9.976578619525e-01 9.976860804831e-01 9.977136271441e-01 9.977405256482e-01 9.977667986058e-01 9.977924675874e-01 9.978175531830e-01 9.978420750573e-01 9.978660520011e-01 9.978895019791e-01 9.979124421750e-01 9.979348890333e-01 9.979568582989e-01 9.979783650537e-01 9.979994237510e-01 9.980200482485e-01 9.980402518378e-01 9.980600472737e-01 9.980794468010e-01 9.980984621792e-01 9.981171047069e-01 9.981353852437e-01 9.981533142317e-01 9.981709017152e-01 9.981881573594e-01 9.982050904682e-01 9.982217100009e-01 9.982380245881e-01 9.982540425464e-01 9.982697718928e-01 9.982852203580e-01 9.983003953991e-01 9.983153042114e-01 9.983299537400e-01 9.983443506905e-01 9.983585015393e-01 9.983724125432e-01 9.983860897487e-01 9.983995390008e-01
1.000000000000e-12 8.285636566191e-01 9.142818267537e-01 9.428545511681e-01 9.571409133760e-01 9.657127307008e-01 9.714272755840e-01 9.755090933577e-01 9.785704566880e-01 9.809515170560e-01 9.828563653504e-01 9.844148775913e-01 9.857136377920e-01 9.868125887311e-01 9.877545466789e-01 9.885709102336e-01 9.892852283440e-01 9.899155090297e-01 9.904757585280e-01 9.909770343950e-01 9.914281826752e-01 9.918363644526e-01 9.922074387956e-01 9.925462458045e-01 9.928568188960e-01 9.931425461402e-01 9.934062943655e-01 9.936505056853e-01 9.938772733394e-01 9.940884018450e-01 9.942854551168e-01 9.944697952743e-01 9.946426141720e-01 9.948049591971e-01 9.949577545148e-01 9.951018186715e-01 9.952378792640e-01 9.953665852298e-01 9.954885171975e-01 9.956041962437e-01 9.957140913376e-01 9.958186256952e-01 9.959181822263e-01 9.960131082210e-01 9.961037193978e-01 9.961903034112e-01 9.962731229023e-01 9.963524181597e-01 9.964284094480e-01 9.965012990511e-01 9.965712730701e-01 9.966385030099e-01 9.967031471828e-01 9.967653519529e-01 9.968252528427e-01 9.968829755183e-01 9.969386366697e-01 9.969923447983e-01 9.970442009225e-01 9.970942992119e-01 9.971427275584e-01 9.971895680902e-01 9.972348976372e-01 9.972787881509e-01 9.973213070860e-01 9.973625177462e-01 9.974024795985e-01 9.974412485598e-01 9.974788772574e-01 9.975154152682e-01 9.975509093358e-01 9.975854035705e-01 9.976189396320e-01 9.976515568973e-01 9.976832926149e-01 9.977141820467e-01 9.977442585987e-01 9.977735539416e-01 9.978020981219e-01 9.978299196646e-01 9.978570456688e-01 9.978835018951e-01 9.979093128476e-01 9.979345018495e-01 9.979590911131e-01 9.979831018059e-01 9.980065541105e-01 9.980294672816e-01 9.980518596989e-01 9.980737489158e-01 9.980951517056e-01 9.981160841044e-01 9.981365614511e-01 9.981565984248e-01 9.981762090798e-01 9.981954068790e-01 9.982142047240e-01 9.982326149846e-01 9.982506495256e-01 9.982683197324e-01 9.982856365350e-01 9.983026104307e-01 9.983192515049e-01 9.983355694515e-01 9.983515735914e-01 9.983672728905e-01 9.983826759764e-01 9.983977911542e-01 9.984126264213e-01 9.984271894817e-01 9.984414877591e-01 9.984555284099e-01 9.984693183348e-01 9.984828641903e-01 9.984961723992e-01 9.985092491609e-01 9.985221004612e-01 9.985347320812e-01 9.985471496060e-01 9.985593584328e-01 9.985713637792e-01
1.000000000000e-12 8.488621842399e-01 9.244310917214e-01 9.496207278140e-01 9.622155458605e-01 9.697724366884e-01 9.748103639070e-01 9.784088833489e-01 9.811077729303e-01 9.832069092713e-01 9.848862183442e-01 9.862601984947e-01 9.874051819535e-01 9.883740141109e-01 9.892044416744e-01 9.899241455628e-01 9.905538864651e-01 9.911095402025e-01 9.916034546357e-01 9.920453780759e-01 9.924431091721e-01 9.928029611163e-01 9.931300992474e-01 9.934287905844e-01 9.937025909767e-01 9.939544873377e-01 9.941870070555e-01 9.944023030904e-01 9.946022208372e-01 9.947883511532e-01 9.949620727814e-01 9.951245865626e-01 9.952769432326e-01 9.954200661649e-01 9.955547701012e-01 9.956817766698e-01 9.958017273178e-01 9.959151941471e-01 9.960226890379e-01 9.961246713703e-01 9.962215545860e-01 9.963137117913e-01 9.964014805581e-01 9.964851670568e-01 9.965650496237e-01 9.966413818543e-01 9.967143952922e-01 9.967843017754e-01 9.968512954884e-01 9.969155547641e-01 9.969772436688e-01 9.970365134008e-01 9.970935035277e-01 9.971483430838e-01 9.972011515452e-01 9.972520396989e-01 9.973011104186e-01 9.973484593586e-01 9.973941755766e-01 9.974383420922e-01 9.974810363907e-01 9.975223308761e-01 9.975622932813e-01 9.976009870388e-01 9.976384716163e-01 9.976748028222e-01 9.977100330825e-01 9.977442116932e-01 9.977773850506e-01 9.978095968615e-01 9.978408883349e-01 9.978712983583e-01 9.979008636589e-01 9.979296189513e-01 9.979575970735e-01 9.979848291126e-01 9.980113445190e-01 9.980371712135e-01 9.980623356852e-01 9.980868630815e-01 9.981107772930e-01 9.981341010301e-01 9.981568558956e-01 9.981790624511e-01 9.982007402791e-01 9.982219080405e-01 9.982425835284e-01 9.982627837177e-01 9.982825248118e-01 9.983018222859e-01 9.983206909271e-01 9.983391448730e-01 9.983571976461e-01 9.983748621875e-01 9.983921508877e-01 9.984090756152e-01 9.984256477442e-01 9.984418781798e-01 9.984577773821e-01 9.984733553883e-01 9.984886218344e-01 9.985035859747e-01 9.985182567004e-01 9.985326425577e-01 9.985467517639e-01 9.985605922233e-01 9.985741715419e-01 9.985874970415e-01 9.986005757726e-01 9.986134145270e-01 9.986260198495e-01 9.986383980490e-01 9.986505552093e-01 9.986624971986e-01 9.986742296793e-01 9.986857581169e-01 9.986970877883e-01 9.987082237901e-01 9.987191710461e-01 9.987299343146e-01 9.987405181954e-01
1.000000000000e-12 8.688421881098e-01 9.344210939692e-01 9.562807293127e-01 9.672105469845e-01 9.737684375876e-01 9.781403646564e-01 9.812631697055e-01 9.836052734923e-01 9.854269097709e-01 9.868842187938e-01 9.880765625398e-01 9.890701823282e-01 9.899109375337e-01 9.906315848527e-01 9.912561458625e-01 9.918026367461e-01 9.922848345846e-01 9.927134548855e-01 9.930969572599e-01 9.934421093969e-01 9.937543899018e-01 9.940382812699e-01 9.942974864321e-01 9.945350911641e-01 9.947536875175e-01 9.949554687669e-01 9.951423032570e-01 9.953157924264e-01 9.954773168255e-01 9.956280729313e-01 9.957691028367e-01 9.959013183731e-01 9.960255208466e-01 9.961424172923e-01 9.962526339411e-01 9.963567274427e-01 9.964551942686e-01 9.965484786299e-01 9.966369791779e-01 9.967210546985e-01 9.968010289741e-01 9.968771949509e-01 9.969498183241e-01 9.970191406350e-01 9.970853819542e-01 9.971487432161e-01 9.972094082540e-01 9.972675455820e-01 9.973233099579e-01 9.973768437588e-01 9.974282781949e-01 9.974777343834e-01 9.975253243007e-01 9.975711516285e-01 9.976153125080e-01 9.976578962132e-01 9.976989857533e-01 9.977386584127e-01 9.977769862362e-01 9.978140364656e-01 9.978498719334e-01 9.978845514184e-01 9.979181299673e-01 9.979506591865e-01 9.979821875067e-01 9.980127604233e-01 9.980424207155e-01 9.980712086462e-01 9.980991621440e-01 9.981263169705e-01 9.981527068724e-01 9.981783637214e-01 9.982033176430e-01 9.982275971343e-01 9.982512291725e-01 9.982742393150e-01 9.982966517914e-01 9.983184895890e-01 9.983397745309e-01 9.983605273492e-01 9.983807677523e-01 9.984005144870e-01 9.984197853968e-01 9.984385974754e-01 9.984569669169e-01 9.984749091621e-01 9.984924389418e-01 9.985095703175e-01 9.985263167184e-01 9.985426909771e-01 9.985587053620e-01 9.985743716080e-01 9.985897009456e-01 9.986047041270e-01 9.986193914520e-01 9.986337727910e-01 9.986478576076e-01 9.986616549790e-01 9.986751736155e-01 9.986884218794e-01 9.987014078014e-01 9.987141390974e-01 9.987266231839e-01 9.987388671917e-01 9.987508779804e-01 9.987626621504e-01 9.987742260555e-01 9.987855758142e-01 9.987967173205e-01 9.988076562540e-01 9.988183980895e-01 9.988289481066e-01 9.988393113977e-01 9.988494928767e-01 9.988594972864e-01 9.988693292064e-01 9.988789930593e-01 9.988884931181e-01 9.988978335121e-01 9.989070182328e-01
1.000000000000e-12 8.750000001019e-01 9.375000000001e-01 9.583333333333e-01 9.687500000000e-01 9.750000000000e-01 9.791666666667e-01 9.821428571429e-01 9.843750000000e-01 9.861111111111e-01 9.875000000000e-01 9.886363636364e-01 9.895833333333e-01 9.903846153846e-01 9.910714285714e-01 9.916666666667e-01 9.921875000000e-01 9.926470588235e-01 9.930555555556e-01 9.934210526316e-01 9.937500000000e-01 9.940476190476e-01 9.943181818182e-01 9.945652173913e-01 9.947916666667e-01 9.950000000000e-01 9.951923076923e-01 9.953703703704e-01 9.955357142857e-01 9.956896551724e-01 9.958333333333e-01 9.959677419355e-01 9.960937500000e-01 9.962121212121e-01 9.963235294118e-01 9.964285714286e-01 9.965277777778e-01 9.966216216216e-01 9.967105263158e-01 9.967948717949e-01 9.968750000000e-01 9.969512195122e-01 9.970238095238e-01 9.970930232558e-01 9.971590909091e-01 9.972222222222e-01 9.972826086957e-01 9.973404255319e-01 9.973958333333e-01 9.974489795918e-01 9.975000000000e-01 9.975490196078e-01 9.975961538462e-01 9.976415094340e-01 9.976851851852e-01 9.977272727273e-01 9.977678571429e-01 9.978070175439e-01 9.978448275862e-01 9.978813559322e-01 9.979166666667e-01 9.979508196721e-01 9.979838709677e-01 9.980158730159e-01 9.980468750000e-01 9.980769230769e-01 9.981060606061e-01 9.981343283582e-01 9.981617647059e-01 9.981884057971e-01 9.982142857143e-01 9.982394366197e-01 9.982638888889e-01 9.982876712329e-01 9.983108108108e-01 9.983333333333e-01 9.983552631579e-01 9.983766233766e-01 9.983974358974e-01 9.984177215190e-01 9.984375000000e-01 9.984567901234e-01 9.984756097561e-01 9.984939759036e-01 9.985119047619e-01 9.985294117647e-01 9.985465116279e-01 9.985632183908e-01 9.985795454546e-01 9.985955056180e-01 9.986111111111e-01 9.986263736264e-01 9.986413043478e-01 9.986559139785e-01 9.986702127660e-01 9.986842105263e-01 9.986979166667e-01 9.987113402062e-01 9.987244897959e-01 9.987373737374e-01 9.987500000000e-01 9.987623762376e-01 9.987745098039e-01 9.987864077670e-01 9.987980769231e-01 9.988095238095e-01 9.988207547170e-01 9.988317757009e-01 9.988425925926e-01 9.988532110092e-01 9.988636363636e-01 9.988738738739e-01 9.988839285714e-01 9.988938053097e-01 9.989035087719e-01 9.989130434783e-01 9.989224137931e-01 9.989316239316e-01 9.989406779661e-01 9.989495798319e-01 9.989583333333e-01
1.000000000000e-12 8.750000001019e-01 9.375000000001e-01 9.583333333333e-01 9.687500000000e-01 9.750000000000e-01 9.791666666667e-01 9.821428571429e-01 9.843750000000e-01 9.861111111111e-01 9.875000000000e-01 9.886363636364e-01 9.895833333333e-01 9.903846153846e-01 9.910714285714e-01 9.916666666667e-01 9.921875000000e-01 9.926470588235e-01 9.930555555556e-01 9.934210526316e-01 9.937500000000e-01 9.940476190476e-01 9.943181818182e-01 9.945652173913e-01 9.947916666667e-01 9.950000000000e-01 9.951923076923e-01 9.953703703704e-01 9.955357142857e-01 9.956896551724e-01 9.958333333333e-01 9.959677419355e-01 9.960937500000e-01 9.962121212121e-01 9.963235294118e-01 9.964285714286e-01 9.965277777778e-01 9.966216216216e-01 9.967105263158e-01 9.967948717949e-01 9.968750000000e-01 9.969512195122e-01 9.970238095238e-01 9.970930232558e-01 9.971590909091e-01 9.972222222222e-01 9.972826086957e-01 9.973404255319e-01 9.973958333333e-01 9.974489795918e-01 9.975000000000e-01 9.975490196078e-01 9.975961538462e-01 9.976415094340e-01 9.976851851852e-01 9.977272727273e-01 9.977678571429e-01 9.978070175439e-01 9.978448275862e-01 9.978813559322e-01 9.979166666667e-01 9.979508196721e-01 9.979838709677e-01 9.980158730159e-01 9.980468750000e-01 9.980769230769e-01 9.981060606061e-01 9.981343283582e-01 9.981617647059e-01 9.981884057971e-01 9.982142857143e-01 9.982394366197e-01 9.982638888889e-01 9.982876712329e-01 9.983108108108e-01 9.983333333333e-01 9.983552631579e-01 9.983766233766e-01 9.983974358974e-01 9.984177215190e-01 9.984375000000e-01 9.984567901234e-01 9.984756097561e-01 9.984939759036e-01 9.985119047619e-01 9.985294117647e-01 9.985465116279e-01 9.985632183908e-01 9.985795454546e-01 9.985955056180e-01 9.986111111111e-01 9.986263736264e-01 9.986413043478e-01 9.986559139785e-01 9.986702127660e-01 9.986842105263e-01 9.986979166667e-01 9.987113402062e-01 9.987244897959e-01 9.987373737374e-01 9.987500000000e-01 9.987623762376e-01 9.987745098039e-01 9.987864077670e-01 9.987980769231e-01 9.988095238095e-01 9.988207547170e-01 9.988317757009e-01 9.988425925926e-01 9.988532110092e-01 9.988636363636e-01 9.988738738739e-01 9.988839285714e-01 9.988938053097e-01 9.989035087719e-01 9.989130434783e-01 9.989224137931e-01 9.989316239316e-01 9.989406779661e-01 9.989495798319e-01 9.989583333333e-01
1.000000000000e-12 8.750000001019e-01 9.375000000001e-01 9.583333333333e-01 9.687500000000e-01 9.750000000000e-01 9.791666666667e-01 9.821428571429e-01 9.843750000000e-01 9.861111111111e-01 9.875000000000e-01 9.886363636364e-01 9.895833333333e-01 9.903846153846e-01 9.910714285714e-01 9.916666666667e-01 9.921875000000e-01 9.926470588235e-01 9.930555555556e-01 9.934210526316e-01 9.937500000000e-01 9.940476190476e-01 9.943181818182e-01 9.945652173913e-01 9.947916666667e-01 9.950000000000e-01 9.951923076923e-01 9.953703703704e-01 9.955357142857e-01 9.956896551724e-01 9.958333333333e-01 9.959677419355e-01 9.960937500000e-01 9.962121212121e-01 9.963235294118e-01 9.964285714286e-01 9.965277777778e-01 9.966216216216e-01 9.967105263158e-01 9.967948717949e-01 9.968750000000e-01 9.969512195122e-01 9.970238095238e-01 9.970930232558e-01 9.971590909091e-01 9.972222222222e-01 9.972826086957e-01 9.973404255319e-01 9.973958333333e-01 9.974489795918e-01 9.975000000000e-01 9.975490196078e-01 9.975961538462e-01 9.976415094340e-01 9.976851851852e-01 9.977272727273e-01 9.977678571429e-01 9.978070175439e-01 9.978448275862e-01 9.978813559322e-01 9.979166666667e-01 9.979508196721e-01 9.979838709677e-01 9.980158730159e-01 9.980468750000e-01 9.980769230769e-01 9.981060606061e-01 9.981343283582e-01 9.981617647059e-01 9.981884057971e-01 9.982142857143e-01 9.982394366197e-01 9.982638888889e-01 9.982876712329e-01 9.983108108108e-01 9.983333333333e-01 9.983552631579e-01 9.983766233766e-01 9.983974358974e-01 9.984177215190e-01 9.984375000000e-01 9.984567901234e-01 9.984756097561e-01 9.984939759036e-01 9.985119047619e-01 9.985294117647e-01 9.985465116279e-01 9.985632183908e-01 9.985795454546e-01 9.985955056180e-01 9.986111111111e-01 9.986263736264e-01 9.986413043478e-01 9.986559139785e-01 9.986702127660e-01 9.986842105263e-01 9.986979166667e-01 9.987113402062e-01 9.987244897959e-01 9.987373737374e-01 9.987500000000e-01 9.987623762376e-01 9.987745098039e-01 9.987864077670e-01 9.987980769231e-01 9.988095238095e-01 9.988207547170e-01 9.988317757009e-01 9.988425925926e-01 9.988532110092e-01 9.988636363636e-01 9.988738738739e-01 9.988839285714e-01 9.988938053097e-01 9.989035087719e-01 9.989130434783e-01 9.989224137931e-01 9.989316239316e-01 9.989406779661e-01 9.989495798319e-01 9.989583333333e-01
1.000000000000e-12 8.750000001019e-01 9.375000000001e-01 9.583333333333e-01 9.687500000000e-01 9.750000000000e-01 9.791666666667e-01 9.821428571429e-01 9.843750000000e-01 9.861111111111e-01 9.875000000000e-01 9.886363636364e-01 9.895833333333e-01 9.903846153846e-01 9.910714285714e-01 9.916666666667e-01 9.921875000000e-01 9.926470588235e-01 9.930555555556e-01 9.934210526316e-01 9.937500000000e-01 9.940476190476e-01 9.943181818182e-01 9.945652173913e-01 9.947916666667e-01 9.950000000000e-01 9.951923076923e-01 9.953703703704e-01 9.955357142857e-01 9.956896551724e-01 9.958333333333e-01 9.959677419355e-01 9.960937500000e-01 9.962121212121e-01 9.963235294118e-01 9.964285714286e-01 9.965277777778e-01 9.966216216216e-01 9.967105263158e-01 9.967948717949e-01 9.968750000000e-01 9.969512195122e-01 9.970238095238e-01 9.970930232558e-01 9.971590909091e-01 9.972222222222e-01 9.972826086957e-01 9.973404255319e-01 9.973958333333e-01 9.974489795918e-01 9.975000000000e-01 9.975490196078e-01 9.975961538462e-01 9.976415094340e-01 9.976851851852e-01 9.977272727273e-01 9.977678571429e-01 9.978070175439e-01 9.978448275862e-01 9.978813559322e-01 9.979166666667e-01 9.979508196721e-01 9.979838709677e-01 9.980158730159e-01 9.980468750000e-01 9.980769230769e-01 9.981060606061e-01 9.981343283582e-01 9.981617647059e-01 9.981884057971e-01 9.982142857143e-01 9.982394366197e-01 9.982638888889e-01 9.982876712329e-01 9.983108108108e-01 9.983333333333e-01 9.983552631579e-01 9.983766233766e-01 9.983974358974e-01 9.984177215190e-01 9.984375000000e-01 9.984567901234e-01 9.984756097561e-01 9.984939759036e-01 9.985119047619e-01 9.985294117647e-01 9.985465116279e-01 9.985632183908e-01 9.985795454546e-01 9.985955056180e-01 9.986111111111e-01 9.986263736264e-01 9.986413043478e-01 9.986559139785e-01 9.986702127660e-01 9.986842105263e-01 9.986979166667e-01 9.987113402062e-01 9.987244897959e-01 9.987373737374e-01 9.987500000000e-01 9.987623762376e-01 9.987745098039e-01 9.987864077670e-01 9.987980769231e-01 9.988095238095e-01 9.988207547170e-01 9.988317757009e-01 9.988425925926e-01 9.988532110092e-01 9.988636363636e-01 9.988738738739e-01 9.988839285714e-01 9.988938053097e-01 9.989035087719e-01 9.989130434783e-01 9.989224137931e-01 9.989316239316e-01 9.989406779661e-01 9.989495798319e-01 9.989583333333e-01
1.000000000000e-12 8.750000001019e-01 9.375000000001e-01 9.583333333333e-01 9.687500000000e-01 9.750000000000e-01 9.791666666667e-01 9.821428571429e-01 9.843750000000e-01 9.861111111111e-01 9.875000000000e-01 9.886363636364e-01 9.895833333333e-01 9.903846153846e-01 9.910714285714e-01 9.916666666667e-01 9.921875000000e-01 9.926470588235e-01 9.930555555556e-01 9.934210526316e-01 9.937500000000e-01 9.940476190476e-01 9.943181818182e-01 9.945652173913e-01 9.947916666667e-01 9.950000000000e-01 9.951923076923e-01 9.953703703704e-01 9.955357142857e-01 9.956896551724e-01 9.958333333333e-01 9.959677419355e-01 9.960937500000e-01 9.962121212121e-01 9.963235294118e-01 9.964285714286e-01 9.965277777778e-01 9.966216216216e-01 9.967105263158e-01 9.967948717949e-01 9.968750000000e-01 9.969512195122e-01 9.970238095238e-01 9.970930232558e-01 9.971590909091e-01 9.972222222222e-01 9.972826086957e-01 9.973404255319e-01 9.973958333333e-01 9.974489795918e-01 9.975000000000e-01 9.975490196078e-01 9.975961538462e-01 9.976415094340e-01 9.976851851852e-01 9.977272727273e-01 9.977678571429e-01 9.978070175439e-01 9.978448275862e-01 9.978813559322e-01 9.979166666667e-01 9.979508196721e-01 9.979838709677e-01 9.980158730159e-01 9.980468750000e-01 9.980769230769e-01 9.981060606061e-01 9.981343283582e-01 9.981617647059e-01 9.981884057971e-01 9.982142857143e-01 9.982394366197e-01 9.982638888889e-01 9.982876712329e-01 9.983108108108e-01 9.983333333333e-01 9.983552631579e-01 9.983766233766e-01 9.983974358974e-01 9.984177215190e-01 9.984375000000e-01 9.984567901234e-01 9.984756097561e-01 9.984939759036e-01 9.985119047619e-01 9.985294117647e-01 9.985465116279e-01 9.985632183908e-01 9.985795454546e-01 9.985955056180e-01 9.986111111111e-01 9.986263736264e-01 9.986413043478e-01 9.986559139785e-01 9.986702127660e-01 9.986842105263e-01 9.986979166667e-01 9.987113402062e-01 9.987244897959e-01 9.987373737374e-01 9.987500000000e-01 9.987623762376e-01 9.987745098039e-01 9.987864077670e-01 9.987980769231e-01 9.988095238095e-01 9.988207547170e-01 9.988317757009e-01 9.988425925926e-01 9.988532110092e-01 9.988636363636e-01 9.988738738739e-01 9.988839285714e-01 9.988938053097e-01 9.989035087719e-01 9.989130434783e-01 9.989224137931e-01 9.989316239316e-01 9.989406779661e-01 9.989495798319e-01 9.989583333333e-01
1.000000000000e-12 8.750000001019e-01 9.375000000001e-01 9.583333333333e-01 9.687500000000e-01 9.750000000000e-01 9.791666666667e-01 9.821428571429e-01 9.843750000000e-01 9.861111111111e-01 9.875000000000e-01 9.886363636364e-01 9.895833333333e-01 9.903846153846e-01 9.910714285714e-01 9.916666666667e-01 9.921875000000e-01 9.926470588235e-01 9.930555555556e-01 9.934210526316e-01 9.937500000000e-01 9.940476190476e-01 9.943181818182e-01 9.945652173913e-01 9.947916666667e-01 9.950000000000e-01 9.951923076923e-01 9.953703703704e-01 9.955357142857e-01 9.956896551724e-01 9.958333333333e-01 9.959677419355e-01 9.960937500000e-01 9.962121212121e-01 9.963235294118e-01 9.964285714286e-01 9.965277777778e-01 9.966216216216e-01 9.967105263158e-01 9.967948717949e-01 9.968750000000e-01 9.969512195122e-01 9.970238095238e-01 9.970930232558e-01 9.971590909091e-01 9.972222222222e-01 9.972826086957e-01 9.973404255319e-01 9.973958333333e-01 9.974489795918e-01 9.975000000000e-01 9.975490196078e-01 9.975961538462e-01 9.976415094340e-01 9.976851851852e-01 9.977272727273e-01 9.977678571429e-01 9.978070175439e-01 9.978448275862e-01 9.978813559322e-01 9.979166666667e-01 9.979508196721e-01 9.979838709677e-01 9.980158730159e-01 9.980468750000e-01 9.980769230769e-01 9.981060606061e-01 9.981343283582e-01 9.981617647059e-01 9.981884057971e-01 9.982142857143e-01 9.982394366197e-01 9.982638888889e-01 9.982876712329e-01 9.983108108108e-01 9.983333333333e-01 9.983552631579e-01 9.983766233766e-01 9.983974358974e-01 9.984177215190e-01 9.984375000000e-01 9.984567901234e-01 9.984756097561e-01 9.984939759036e-01 9.985119047619e-01 9.985294117647e-01 9.985465116279e-01 9.985632183908e-01 9.985795454546e-01 9.985955056180e-01 9.986111111111e-01 9.986263736264e-01 9.986413043478e-01 9.986559139785e-01 9.986702127660e-01 9.986842105263e-01 9.986979166667e-01 9.987113402062e-01 9.987244897959e-01 9.987373737374e-01 9.987500000000e-01 9.987623762376e-01 9.987745098039e-01 9.987864077670e-01 9.987980769231e-01 9.988095238095e-01 9.988207547170e-01 9.988317757009e-01 9.988425925926e-01 9.988532110092e-01 9.988636363636e-01 9.988738738739e-01 9.988839285714e-01 9.988938053097e-01 9.989035087719e-01 9.989130434783e-01 9.989224137931e-01 9.989316239316e-01 9.989406779661e-01 9.989495798319e-01 9.989583333333e-01
1.000000000000e-12 8.750000001019e-01 9.375000000001e-01 9.583333333333e-01 9.687500000000e-01 9.750000000000e-01 9.791666666667e-01 9.821428571429e-01 9.843750000000e-01 9.861111111111e-01 9.875000000000e-01 9.886363636364e-01 9.895833333333e-01 9.903846153846e-01 9.910714285714e-01 9.916666666667e-01 9.921875000000e-01 9.926470588235e-01 9.930555555556e-01 9.934210526316e-01 9.937500000000e-01 9.940476190476e-01 9.943181818182e-01 9.945652173913e-01 9.947916666667e-01 9.950000000000e-01 9.951923076923e-01 9.953703703704e-01 9.955357142857e-01 9.956896551724e-01 9.958333333333e-01 9.959677419355e-01 9.960937500000e-01 9.962121212121e-01 9.963235294118e-01 9.964285714286e-01 9.965277777778e-01 9.966216216216e-01 9.967105263158e-01 9.967948717949e-01 9.968750000000e-01 9.969512195122e-01 9.970238095238e-01 9.970930232558e-01 9.971590909091e-01 9.972222222222e-01 9.972826086957e-01 9.973404255319e-01 9.973958333333e-01 9.974489795918e-01 9.975000000000e-01 9.975490196078e-01 9.975961538462e-01 9.976415094340e-01 9.976851851852e-01 9.977272727273e-01 9.977678571429e-01 9.978070175439e-01 9.978448275862e-01 9.978813559322e-01 9.979166666667e-01 9.979508196721e-01 9.979838709677e-01 9.980158730159e-01 9.980468750000e-01 9.980769230769e-01 9.981060606061e-01 9.981343283582e-01 9.981617647059e-01 9.981884057971e-01 9.982142857143e-01 9.982394366197e-01 9.982638888889e-01 9.982876712329e-01 9.983108108108e-01 9.983333333333e-01 9.983552631579e-01 9.983766233766e-01 9.983974358974e-01 9.984177215190e-01 9.984375000000e-01 9.984567901234e-01 9.984756097561e-01 9.984939759036e-01 9.985119047619e-01 9.985294117647e-01 9.985465116279e-01 9.985632183908e-01 9.985795454546e-01 9.985955056180e-01 9.986111111111e-01 9.986263736264e-01 9.986413043478e-01 9.986559139785e-01 9.986702127660e-01 9.986842105263e-01 9.986979166667e-01 9.987113402062e-01 9.987244897959e-01 9.987373737374e-01 9.987500000000e-01 9.987623762376e-01 9.987745098039e-01 9.987864077670e-01 9.987980769231e-01 9.988095238095e-01 9.988207547170e-01 9.988317757009e-01 9.988425925926e-01 9.988532110092e-01 9.988636363636e-01 9.988738738739e-01 9.988839285714e-01 9.988938053097e-01 9.989035087719e-01 9.989130434783e-01 9.989224137931e-01 9.989316239316e-01 9.989406779661e-01 9.989495798319e-01 9.989583333333e-01
