121 121
-0.25000000 -0.24000000 -0.23000000 -0.22000000 -0.21000000 -0.20000000 -0.19000000 -0.18000000 -0.17000000 -0.16000000 -0.15000000 -0.14000000 -0.13000000 -0.12000000 -0.11000000 -0.10000000 -0.09000000 -0.08000000 -0.07000000 -0.06000000 -0.05000000 -0.04000000 -0.03000000 -0.02000000 -0.01000000 0.00000000 0.01000000 0.02000000 0.03000000 0.04000000 0.05000000 0.06000000 0.07000000 0.08000000 0.09000000 0.10000000 0.11000000 0.12000000 0.13000000 0.14000000 0.15000000 0.16000000 0.17000000 0.18000000 0.19000000 0.20000000 0.21000000 0.22000000 0.23000000 0.24000000 0.25000000 0.26000000 0.27000000 0.28000000 0.29000000 0.30000000 0.31000000 0.32000000 0.33000000 0.34000000 0.35000000 0.36000000 0.37000000 0.38000000 0.39000000 0.40000000 0.41000000 0.42000000 0.43000000 0.44000000 0.45000000 0.46000000 0.47000000 0.48000000 0.49000000 0.50000000 0.51000000 0.52000000 0.53000000 0.54000000 0.55000000 0.56000000 0.57000000 0.58000000 0.59000000 0.60000000 0.61000000 0.62000000 0.63000000 0.64000000 0.65000000 0.66000000 0.67000000 0.68000000 0.69000000 0.70000000 0.71000000 0.72000000 0.73000000 0.74000000 0.75000000 0.76000000 0.77000000 0.78000000 0.79000000 0.80000000 0.81000000 0.82000000 0.83000000 0.84000000 0.85000000 0.86000000 0.87000000 0.88000000 0.89000000 0.90000000 0.91000000 0.92000000 0.93000000 0.94000000 0.95000000
0.00500000 0.00745833 0.00991667 0.01237500 0.01483333 0.01729167 0.01975000 0.02220833 0.02466667 0.02712500 0.02958333 0.03204167 0.03450000 0.03695833 0.03941667 0.04187500 0.04433333 0.04679167 0.04925000 0.05170833 0.05416667 0.05662500 0.05908333 0.06154167 0.06400000 0.06645833 0.06891667 0.07137500 0.07383333 0.07629167 0.07875000 0.08120833 0.08366667 0.08612500 0.08858333 0.09104167 0.09350000 0.09595833 0.09841667 0.10087500 0.10333333 0.10579167 0.10825000 0.11070833 0.11316667 0.11562500 0.11808333 0.12054167 0.12300000 0.12545833 0.12791667 0.13037500 0.13283333 0.13529167 0.13775000 0.14020833 0.14266667 0.14512500 0.14758333 0.15004167 0.15250000 0.15495833 0.15741667 0.15987500 0.16233333 0.16479167 0.16725000 0.16970833 0.17216667 0.17462500 0.17708333 0.17954167 0.18200000 0.18445833 0.18691667 0.18937500 0.19183333 0.19429167 0.19675000 0.19920833 0.20166667 0.20412500 0.20658333 0.20904167 0.21150000 0.21395833 0.21641667 0.21887500 0.22133333 0.22379167 0.22625000 0.22870833 0.23116667 0.23362500 0.23608333 0.23854167 0.24100000 0.24345833 0.24591667 0.24837500 0.25083333 0.25329167 0.25575000 0.25820833 0.26066667 0.26312500 0.26558333 0.26804167 0.27050000 0.27295833 0.27541667 0.27787500 0.28033333 0.28279167 0.28525000 0.28770833 0.29016667 0.29262500 0.29508333 0.29754167 0.30000000
2.206709592811e-05 8.747643077963e-04 9.618860218855e-03 4.601058238778e-02 1.203084943378e-01 2.121769185362e-01 2.990441369161e-01 3.729984205773e-01 4.342673265449e-01 4.851064102967e-01 5.277292816200e-01 5.638971794318e-01 5.949438949987e-01 6.218740378958e-01 6.454509513320e-01 6.662623228609e-01 6.847669446134e-01 7.013278113833e-01 7.162357162585e-01 7.297262791694e-01 7.419924066851e-01 7.531935358616e-01 7.634625837617e-01 7.729112375934e-01 7.816340286487e-01 7.897115035530e-01 7.972127175456e-01 8.041972129115e-01 8.107166023863e-01 8.168158465493e-01 8.225342920229e-01 8.279065211401e-01 8.329630518422e-01 8.377309177221e-01 8.422341514928e-01 8.464941901317e-01 8.505302161154e-01 8.543594462030e-01 8.579973769409e-01 8.614579942700e-01 8.647539532133e-01 8.678967325113e-01 8.708967681874e-01 8.737635693174e-01 8.765058187104e-01 8.791314607464e-01 8.816477782408e-01 8.840614599050e-01 8.863786597160e-01 8.886050493068e-01 8.907458643151e-01 8.928059454890e-01 8.947897752274e-01 8.967015101376e-01 8.985450101058e-01 9.003238643103e-01 9.020414145443e-01 9.037007761688e-01 9.053048569714e-01 9.068563741711e-01 9.083578697781e-01 9.098117244920e-01 9.112201702976e-01 9.125853018981e-01 9.139090871103e-01 9.151933763289e-01 9.164399111560e-01 9.176503322807e-01 9.188261866841e-01 9.199689342349e-01 9.210799537360e-01 9.221605484747e-01 9.232119513226e-01 9.242353294278e-01 9.252317885369e-01 9.262023769805e-01 9.271480893519e-01 9.280698699070e-01 9.289686157086e-01 9.298451795390e-01 9.307003725983e-01 9.315349670087e-01 9.323496981395e-01 9.331452667681e-01 9.339223410905e-01 9.346815585931e-01 9.354235277966e-01 9.361488298830e-01 9.368580202137e-01 9.375516297478e-01 9.382301663675e-01 9.388941161186e-01 9.395439443719e-01 9.401800969102e-01 9.408030009487e-01 9.414130660917e-01 9.420106852308e-01 9.425962353885e-01 9.431700785115e-01 9.437325622169e-01 9.442840204942e-01 9.448247743667e-01 9.453551325147e-01 9.458753918630e-01 9.463858381354e-01 9.468867463777e-01 9.473783814520e-01 9.478609985038e-01 9.483348434034e-01 9.488001531637e-01 9.492571563351e-01 9.497060733806e-01 9.501471170296e-01 9.505804926146e-01 9.510063983896e-01 9.514250258327e-01 9.518365599332e-01 9.522411794639e-01 9.526390572402e-01 9.530303603662e-01 9.534152504688e-01
2.291988232929e-05 9.064578844019e-04 9.925109989174e-03 4.716355197236e-02 1.224478541376e-01 2.147737531339e-01 3.016479347690e-01 3.754361346857e-01 4.365060581931e-01 4.871585370632e-01 5.296172192623e-01 5.656428722925e-01 5.965663234964e-01 6.233890605547e-01 6.468717287660e-01 6.675998120661e-01 6.860303305156e-01 7.025248546605e-01 7.173730267036e-01 7.308095294340e-01 7.430264999392e-01 7.541827381911e-01 7.644106295689e-01 7.738214142188e-01 7.825092448801e-01 7.905543455375e-01 7.980254947687e-01 8.049819962801e-01 8.114752559844e-01 8.175500542836e-01 8.232455801143e-01 8.285962772134e-01 8.336325412121e-01 8.383812973564e-01 8.428664820386e-01 8.471094463182e-01 8.511292957890e-01 8.549431782059e-01 8.585665280054e-01 8.620132750726e-01 8.652960237092e-01 8.684262066488e-01 8.714142180870e-01 8.742695289870e-01 8.770007873573e-01 8.796159057362e-01 8.821221377498e-01 8.845261453006e-01 8.868340577006e-01 8.890515238506e-01 8.911837584037e-01 8.932355827062e-01 8.952114611913e-01 8.971155338066e-01 8.989516449678e-01 9.007233694675e-01 9.024340357050e-01 9.040867465547e-01 9.056843981499e-01 9.072296968188e-01 9.087251743832e-01 9.101732020007e-01 9.115760027102e-01 9.129356628193e-01 9.142541422579e-01 9.155332840040e-01 9.167748226794e-01 9.179803923974e-01 9.191515339385e-01 9.202897013203e-01 9.213962678195e-01 9.224725314998e-01 9.235197202913e-01 9.245389966641e-01 9.255314619331e-01 9.264981602270e-01 9.274400821528e-01 9.283581681817e-01 9.292533117813e-01 9.301263623156e-01 9.309781277337e-01 9.318093770628e-01 9.326208427251e-01 9.334132226890e-01 9.341871824725e-01 9.349433570069e-01 9.356823523740e-01 9.364047474263e-01 9.371110952994e-01 9.378019248241e-01 9.384777418472e-01 9.391390304665e-01 9.397862541872e-01 9.404198570056e-01 9.410402644247e-01 9.416478844070e-01 9.422431082694e-01 9.428263115232e-01 9.433978546646e-01 9.439580839172e-01 9.445073319319e-01 9.450459184455e-01 9.455741509010e-01 9.460923250331e-01 9.466007254204e-01 9.470996260064e-01 9.475892905915e-01 9.480699732987e-01 9.485419190127e-01 9.490053637964e-01 9.494605352845e-01 9.499076530560e-01 9.503469289878e-01 9.507785675895e-01 9.512027663205e-01 9.516197158914e-01 9.520296005500e-01 9.524325983526e-01 9.528288814219e-01 9.532186161924e-01 9.536019636431e-01
2.381259533669e-05 9.395342763644e-04 1.024277870124e-02 4.834783392634e-02 1.246231907129e-01 2.173965671219e-01 3.042689677906e-01 3.778863853464e-01 4.387549141891e-01 4.892194041615e-01 5.315129804946e-01 5.673957077960e-01 5.981953499808e-01 6.249102258365e-01 6.482982577842e-01 6.689427112318e-01 6.872988243344e-01 7.037267363956e-01 7.185149334872e-01 7.318971571734e-01 7.440647717989e-01 7.551759375967e-01 7.653625060705e-01 7.747352684739e-01 7.833879974501e-01 7.914005930313e-01 7.988415560112e-01 8.057699505507e-01 8.122369749018e-01 8.182872285605e-01 8.239597421396e-01 8.292888202193e-01 8.343047356264e-01 8.390343048222e-01 8.435013674887e-01 8.477271884202e-01 8.517307960173e-01 8.555292687517e-01 8.591379786989e-01 8.625707994620e-01 8.658402844161e-01 8.689578201022e-01 8.719337587190e-01 8.747775329634e-01 8.774977559020e-01 8.801023081036e-01 8.825984138863e-01 8.849927082361e-01 8.872912956997e-01 8.894998023540e-01 8.916234217831e-01 8.936669558526e-01 8.956348509578e-01 8.975312303190e-01 8.993599228190e-01 9.011244888067e-01 9.028282432331e-01 9.044742764360e-01 9.060654728469e-01 9.076045278593e-01 9.090939630654e-01 9.105361400424e-01 9.119332728471e-01 9.132874393576e-01 9.146005915847e-01 9.158745650602e-01 9.171110873972e-01 9.183117861065e-01 9.194781957433e-01 9.206117644502e-01 9.217138599554e-01 9.227857750777e-01 9.238287327861e-01 9.248438908537e-01 9.258323461456e-01 9.267951385719e-01 9.277332547369e-01 9.286476313122e-01 9.295391581552e-01 9.304086811982e-01 9.312570051257e-01 9.320848958580e-01 9.328930828577e-01 9.336822612733e-01 9.344530939338e-01 9.352062132051e-01 9.359422227201e-01 9.366616989926e-01 9.373651929232e-01 9.380532312061e-01 9.387263176442e-01 9.393849343793e-01 9.400295430440e-01 9.406605858405e-01 9.412784865527e-01 9.418836514948e-01 9.424764704025e-01 9.430573172699e-01 9.436265511365e-01 9.441845168273e-01 9.447315456491e-01 9.452679560467e-01 9.457940542209e-01 9.463101347116e-01 9.468164809475e-01 9.473133657653e-01 9.478010518996e-01 9.482797924464e-01 9.487498313013e-01 9.492114035732e-01 9.496647359770e-01 9.501100472046e-01 9.505475482770e-01 9.509774428772e-01 9.513999276669e-01 9.518151925862e-01 9.522234211384e-01 9.526247906604e-01 9.530194725795e-01 9.534076326576e-01 9.537894312233e-01
2.474743536100e-05 9.740639730664e-04 1.057234574841e-02 4.956427260950e-02 1.268349359754e-01 2.200454722689e-01 3.069073049274e-01 3.803492570126e-01 4.410139877848e-01 4.912891049749e-01 5.334166548577e-01 5.691557703873e-01 5.998310536992e-01 6.264376081074e-01 6.497306083071e-01 6.702910862715e-01 6.885724883795e-01 7.049335156526e-01 7.196614927403e-01 7.329892158589e-01 7.451072733139e-01 7.561731829150e-01 7.663182600729e-01 7.756528452965e-01 7.842703295712e-01 7.922502876491e-01 7.996609414036e-01 8.065611144716e-01 8.130017965969e-01 8.190274056313e-01 8.246768132185e-01 8.299841842145e-01 8.349796681413e-01 8.396899722320e-01 8.441388390644e-01 8.483474468161e-01 8.523347463799e-01 8.561177466622e-01 8.597117571234e-01 8.631305948551e-01 8.663867620988e-01 8.694915990143e-01 8.724554156327e-01 8.752876062282e-01 8.779967487839e-01 8.805906917681e-01 8.830766300720e-01 8.854611716552e-01 8.877503961984e-01 8.899499068619e-01 8.920648760742e-01 8.941000861416e-01 8.960599653476e-01 8.979486201173e-01 8.997698637371e-01 9.015272420535e-01 9.032240565146e-01 9.048633848701e-01 9.064480998023e-01 9.079808857255e-01 9.094642539605e-01 9.109005564652e-01 9.122919982775e-01 9.136406488119e-01 9.149484521279e-01 9.162172362805e-01 9.174487218458e-01 9.186445297049e-01 9.198061881626e-01 9.209351394625e-01 9.220327457616e-01 9.231002946128e-01 9.241390040033e-01 9.251500269903e-01 9.261344559710e-01 9.270933266195e-01 9.280276215216e-01 9.289382735332e-01 9.298261688872e-01 9.306921500701e-01 9.315370184887e-01 9.323615369433e-01 9.331664319252e-01 9.339523957514e-01 9.347200885510e-01 9.354701401139e-01 9.362031516143e-01 9.369196972177e-01 9.376203255807e-01 9.383055612520e-01 9.389759059824e-01 9.396318399498e-01 9.402738229064e-01 9.409022952532e-01 9.415176790477e-01 9.421203789493e-01 9.427107831059e-01 9.432892639884e-01 9.438561791739e-01 9.444118720826e-01 9.449566726718e-01 9.454908980892e-01 9.460148532884e-01 9.465288316096e-01 9.470331153268e-01 9.475279761654e-01 9.480136757898e-01 9.484904662653e-01 9.489585904936e-01 9.494182826262e-01 9.498697684545e-01 9.503132657796e-01 9.507489847628e-01 9.511771282576e-01 9.515978921245e-01 9.520114655300e-01 9.524180312298e-01 9.528177658386e-01 9.532108400853e-01 9.535974190568e-01 9.539776624284e-01
2.572674258316e-05 1.010121567702e-03 1.091431237068e-02 5.081373132741e-02 1.290835198658e-01 2.227205792292e-01 3.095630171370e-01 3.828248367578e-01 4.432833746780e-01 4.933677350734e-01 5.353283338627e-01 5.709231463103e-01 6.014735155592e-01 6.279712832783e-01 6.511688517001e-01 6.716450044571e-01 6.898513862430e-01 7.061452527099e-01 7.208127617478e-01 7.340857600606e-01 7.461540565825e-01 7.571745239855e-01 7.672779393439e-01 7.765741905474e-01 7.851562853432e-01 7.931034718598e-01 8.004836919001e-01 8.073555275868e-01 8.137697592972e-01 8.197706224920e-01 8.253968291920e-01 8.306824039551e-01 8.356573724916e-01 8.403483323577e-01 8.447789286281e-01 8.489702525080e-01 8.529411770640e-01 8.567086413511e-01 8.602878919579e-01 8.636926892322e-01 8.669354840717e-01 8.700275700650e-01 8.729792149018e-01 8.757997742764e-01 8.784977909438e-01 8.810810811403e-01 8.835568102095e-01 8.859315589731e-01 8.882113821441e-01 8.904018598716e-01 8.925081433422e-01 8.945349952222e-01 8.964868256091e-01 8.983677240637e-01 9.001814882121e-01 9.019316493386e-01 9.036214953331e-01 9.052540913056e-01 9.068322981408e-01 9.083587892287e-01 9.098360655767e-01 9.112664694835e-01 9.126521969317e-01 9.139953088368e-01 9.152977412746e-01 9.165613147927e-01 9.177877429009e-01 9.189786398241e-01 9.201355275903e-01 9.212598425203e-01 9.223529411770e-01 9.234161058255e-01 9.244505494510e-01 9.254574203753e-01 9.264378065095e-01 9.273927392742e-01 9.283231972200e-01 9.292301093719e-01 9.301143583229e-01 9.309767830999e-01 9.318181818183e-01 9.326393141459e-01 9.334409035903e-01 9.342236396254e-01 9.349881796691e-01 9.357351509251e-01 9.364651520986e-01 9.371787549972e-01 9.378765060241e-01 9.385589275741e-01 9.392265193371e-01 9.398797595191e-01 9.405191059842e-01 9.411449973248e-01 9.417578538652e-01 9.423580786026e-01 9.429460580913e-01 9.435221632723e-01 9.440867502542e-01 9.446401610468e-01 9.451827242525e-01 9.457147557164e-01 9.462365591398e-01 9.467484266581e-01 9.472506393862e-01 9.477434679335e-01 9.482271728899e-01 9.487020052853e-01 9.491682070240e-01 9.496260112960e-01 9.500756429652e-01 9.505173189384e-01 9.509512485137e-01 9.513776337115e-01 9.517966695881e-01 9.522085445330e-01 9.526134405514e-01 9.530115335327e-01 9.534029935047e-01 9.537879848761e-01 9.541666666667e-01
2.675300702380e-05 1.047786025270e-03 1.126920269083e-02 5.209709243124e-02 1.313693700926e-01 2.254219976386e-01 3.122361775060e-01 3.853132143631e-01 4.455631730827e-01 4.954553922757e-01 5.372481110473e-01 5.726979236595e-01 6.031228181759e-01 6.295113288480e-01 6.526130608151e-01 6.730045344583e-01 6.911355828365e-01 7.073620090955e-01 7.219687989813e-01 7.351868454786e-01 7.472051747823e-01 7.581800116798e-01 7.682415926401e-01 7.774993510369e-01 7.860459097791e-01 7.939601890117e-01 8.013098493034e-01 8.081532302592e-01 8.145409020218e-01 8.205169169043e-01 8.261198266433e-01 8.313835149168e-01 8.363378831107e-01 8.410094186499e-01 8.454216687022e-01 8.495956371400e-01 8.535501188814e-01 8.573019828412e-01 8.608664124750e-01 8.642571111525e-01 8.674864782149e-01 8.705657604862e-01 8.735051831401e-01 8.763140631307e-01 8.790009078392e-01 8.815735011366e-01 8.840389786961e-01 8.864038940896e-01 8.886742769588e-01 8.908556843464e-01 8.929532461091e-01 8.949717051917e-01 8.969154534306e-01 8.987885634525e-01 9.005948171581e-01 9.023377312096e-01 9.040205798822e-01 9.056464155939e-01 9.072180873831e-01 9.087382575698e-01 9.102094168052e-01 9.116338976891e-01 9.130138871107e-01 9.143514374520e-01 9.156484767717e-01 9.169068180788e-01 9.181281677880e-01 9.193141334398e-01 9.204662307599e-01 9.215858901216e-01 9.226744624704e-01 9.237332247619e-01 9.247633849585e-01 9.257660866272e-01 9.267424131739e-01 9.276933917488e-01 9.286199968501e-01 9.295231536560e-01 9.304037411050e-01 9.312625947496e-01 9.321005094003e-01 9.329182415794e-01 9.337165117986e-01 9.344960066768e-01 9.352573809096e-01 9.360012591037e-01 9.367282374850e-01 9.374388854935e-01 9.381337472698e-01 9.388133430455e-01 9.394781704415e-01 9.401287056836e-01 9.407654047399e-01 9.413887043868e-01 9.419990232081e-01 9.425967625322e-01 9.431823073128e-01 9.437560269548e-01 9.443182760923e-01 9.448693953191e-01 9.454097118766e-01 9.459395403022e-01 9.464591830396e-01 9.469689310145e-01 9.474690641779e-01 9.479598520185e-01 9.484415540472e-01 9.489144202545e-01 9.493786915430e-01 9.498346001369e-01 9.502823699693e-01 9.507222170486e-01 9.511543498063e-01 9.515789694264e-01 9.519962701573e-01 9.524064396085e-01 9.528096590317e-01 9.532061035878e-01 9.535959426005e-01 9.539793397979e-01 9.543564535412e-01
2.782887942517e-05 1.087140969912e-03 1.163756479841e-02 5.341525739185e-02 1.336929118705e-01 2.281498362175e-01 3.149268613721e-01 3.878144824067e-01 4.478534838015e-01 4.975521767129e-01 5.391760820331e-01 5.744801924326e-01 6.047790459218e-01 6.310578239505e-01 6.540633100341e-01 6.743697463834e-01 6.924251444295e-01 7.085838476235e-01 7.231296641343e-01 7.362925289769e-01 7.482606822010e-01 7.591896979321e-01 7.692092697366e-01 7.784283745527e-01 7.869392488317e-01 7.948204833584e-01 8.021394562883e-01 8.089542636942e-01 8.153152646042e-01 8.212663274184e-01 8.268458429191e-01 8.320875533159e-01 8.370212351508e-01 8.416732652575e-01 8.460670924879e-01 8.502236330168e-01 8.541616032877e-01 8.578978017818e-01 8.614473485588e-01 8.648238897718e-01 8.680397729902e-01 8.711061980787e-01 8.740333475168e-01 8.768304993570e-01 8.795061254590e-01 8.820679771932e-01 8.845231604386e-01 8.868782014036e-01 8.891391045537e-01 8.913114037290e-01 8.934002073669e-01 8.954102386088e-01 8.973458709533e-01 8.992111600224e-01 9.010098719261e-01 9.027455086429e-01 9.044213307768e-01 9.060403780008e-01 9.076054874575e-01 9.091193103506e-01 9.105843269319e-01 9.120028600616e-01 9.133770874982e-01 9.147090530537e-01 9.160006767367e-01 9.172537639862e-01 9.184700140919e-01 9.196510278822e-01 9.207983147541e-01 9.219132991084e-01 9.229973262501e-01 9.240516678029e-01 9.250775266856e-01 9.260760416902e-01 9.270482916991e-01 9.279952995736e-01 9.289180357433e-01 9.298174215230e-01 9.306943321816e-01 9.315495997828e-01 9.323840158185e-01 9.331983336521e-01 9.339932707869e-01 9.347695109750e-01 9.355277061784e-01 9.362684783956e-01 9.369924213633e-01 9.377001021438e-01 9.383920626056e-01 9.390688208083e-01 9.397308722949e-01 9.403786913028e-01 9.410127318964e-01 9.416334290282e-01 9.422411995342e-01 9.428364430674e-01 9.434195429739e-01 9.439908671164e-01 9.445507686481e-01 9.450995867406e-01 9.456376472693e-01 9.461652634580e-01 9.466827364876e-01 9.471903560692e-01 9.476884009848e-01 9.481771395979e-01 9.486568303359e-01 9.491277221453e-01 9.495900549231e-01 9.500440599238e-01 9.504899601454e-01 9.509279706944e-01 9.513582991321e-01 9.517811458024e-01 9.521967041427e-01 9.526051609791e-01 9.530066968066e-01 9.534014860545e-01 9.537896973399e-01 9.541714937069e-01 9.545470328557e-01
2.895718301800e-05 1.128274993099e-03 1.201997188345e-02 5.476914684632e-02 1.360545676610e-01 2.309042028822e-01 3.176351464499e-01 3.903287363563e-01 4.501544103007e-01 4.996581908937e-01 5.411123445859e-01 5.762700445864e-01 6.064422849776e-01 6.326108494022e-01 6.555196753135e-01 6.757407118214e-01 6.937201386893e-01 7.098108324323e-01 7.242954181579e-01 7.374028686171e-01 7.493206342700e-01 7.602036357698e-01 7.701810214562e-01 7.793613098886e-01 7.878363494212e-01 7.956844000849e-01 8.029725564287e-01 8.097586699648e-01 8.160928877169e-01 8.220188933962e-01 8.275749161525e-01 8.327945561311e-01 8.377074645042e-01 8.423399070483e-01 8.467152338852e-01 8.508542731232e-01 8.547756624003e-01 8.584961294679e-01 8.620307307223e-01 8.653930548595e-01 8.685953974591e-01 8.716489112283e-01 8.745637357732e-01 8.773491100806e-01 8.800134703392e-01 8.825645352820e-01 8.850093808682e-01 8.873545058276e-01 8.896058893435e-01 8.917690419555e-01 8.938490505918e-01 8.958506185068e-01 8.977781007843e-01 8.996355359699e-01 9.014266743162e-01 9.031550030566e-01 9.048237690660e-01 9.064359992188e-01 9.079945187117e-01 9.095019675854e-01 9.109608156484e-01 9.123733759806e-01 9.137418171707e-01 9.150681744253e-01 9.163543596686e-01 9.176021707379e-01 9.188132997677e-01 9.199893408464e-01 9.211317970152e-01 9.222420866777e-01 9.233215494744e-01 9.243714516746e-01 9.253929911322e-01 9.263873018445e-01 9.273554581510e-01 9.282984786062e-01 9.292173295536e-01 9.301129284291e-01 9.309861468159e-01 9.318378132743e-01 9.326687159638e-01 9.334796050754e-01 9.342711950917e-01 9.350441668855e-01 9.357991696738e-01 9.365368228363e-01 9.372577176096e-01 9.379624186682e-01 9.386514655994e-01 9.393253742812e-01 9.399846381702e-01 9.406297295070e-01 9.412611004441e-01 9.418791841028e-01 9.424843955637e-01 9.430771327972e-01 9.436577775353e-01 9.442266960917e-01 9.447842401328e-01 9.453307474021e-01 9.458665424027e-01 9.463919370397e-01 9.469072312258e-01 9.474127134523e-01 9.479086613274e-01 9.483953420846e-01 9.488730130631e-01 9.493419221614e-01 9.498023082662e-01 9.502544016584e-01 9.506984243970e-01 9.511345906829e-01 9.515631072033e-01 9.519841734587e-01 9.523979820719e-01 9.528047190824e-01 9.532045642252e-01 9.535976911952e-01 9.539842678995e-01 9.543644566957e-01 9.547384146200e-01
3.014092625324e-05 1.171281984339e-03 1.241702342177e-02 5.615970061490e-02 1.384547569148e-01 2.336852048660e-01 3.203611129605e-01 3.928560746650e-01 4.524660587881e-01 5.017735397739e-01 5.430569986777e-01 5.780675740941e-01 6.081126233858e-01 6.341704877518e-01 6.569822342314e-01 6.771175038862e-01 6.950206347227e-01 7.110430290232e-01 7.254661232982e-01 7.385179236939e-01 7.503850875976e-01 7.612218793467e-01 7.711568997012e-01 7.802982068746e-01 7.887372594644e-01 7.965519853358e-01 8.038091942233e-01 8.105664920375e-01 8.168738128956e-01 8.227746550352e-01 8.283070852864e-01 8.335045611265e-01 8.383966078253e-01 8.430093796303e-01 8.473661275143e-01 8.514875911444e-01 8.553923290188e-01 8.590969978585e-01 8.626165901265e-01 8.659646368171e-01 8.691533812996e-01 8.721939289237e-01 8.750963762397e-01 8.778699230028e-01 8.805229695794e-01 8.830632019262e-01 8.854976659561e-01 8.878328328030e-01 8.900746562611e-01 8.922286234704e-01 8.942997997586e-01 8.962928684085e-01 8.982121660110e-01 9.000617139628e-01 9.018452465918e-01 9.035662363235e-01 9.052279162457e-01 9.068333003798e-01 9.083852019256e-01 9.098862497136e-01 9.113389030648e-01 9.127454652368e-01 9.141080956100e-01 9.154288207490e-01 9.167095444592e-01 9.179520569437e-01 9.191580431519e-01 9.203290904030e-01 9.214666953560e-01 9.225722703914e-01 9.236471494612e-01 9.246925934579e-01 9.257097951488e-01 9.266998837157e-01 9.276639289366e-01 9.286029450405e-01 9.295178942678e-01 9.304096901585e-01 9.312792005949e-01 9.321272506189e-01 9.329546250431e-01 9.337620708734e-01 9.345502995580e-01 9.353199890789e-01 9.360717858961e-01 9.368063067592e-01 9.375241403944e-01 9.382258490783e-01 9.389119701070e-01 9.395830171678e-01 9.402394816222e-01 9.408818337053e-01 9.415105236497e-01 9.421259827374e-01 9.427286242867e-01 9.433188445779e-01 9.438970237220e-01 9.444635264775e-01 9.450187030173e-01 9.455628896508e-01 9.460964095030e-01 9.466195731548e-01 9.471326792454e-01 9.476360150409e-01 9.481298569706e-01 9.486144711335e-01 9.490901137760e-01 9.495570317439e-01 9.500154629095e-01 9.504656365758e-01 9.509077738590e-01 9.513420880504e-01 9.517687849596e-01 9.521880632398e-01 9.526001146959e-01 9.530051245776e-01 9.534032718564e-01 9.537947294900e-01 9.541796646722e-01 9.545582390713e-01 9.549306090567e-01
3.138331658631e-05 1.216261486171e-03 1.282934641377e-02 5.758787768619e-02 1.408938958180e-01 2.364929488475e-01 3.231048437658e-01 3.953965988694e-01 4.547885382935e-01 5.038983308266e-01 5.450101465515e-01 5.798728770044e-01 6.097901511063e-01 6.357368233324e-01 6.584510660360e-01 6.785001972620e-01 6.963267031190e-01 7.122805043021e-01 7.266418431352e-01 7.396377547725e-01 7.514541000051e-01 7.622444839763e-01 7.721369574853e-01 7.812391164078e-01 7.896420279038e-01 7.974232862439e-01 8.046494151238e-01 8.113777737987e-01 8.176580825658e-01 8.235336533938e-01 8.290423900975e-01 8.342176068747e-01 8.390887025533e-01 8.436817193743e-01 8.480198087363e-01 8.521236214868e-01 8.560116366450e-01 8.597004395974e-01 8.632049585995e-01 8.665386666972e-01 8.697137548258e-01 8.727412807743e-01 8.756312978531e-01 8.783929664180e-01 8.810346508592e-01 8.835640042172e-01 8.859880422294e-01 8.883132083161e-01 8.905454307734e-01 8.926901732416e-01 8.947524793551e-01 8.967370123400e-01 8.986480902149e-01 9.004897171542e-01 9.022656114928e-01 9.039792307850e-01 9.056337942723e-01 9.072323030680e-01 9.087775583240e-01 9.102721776123e-01 9.117186097214e-01 9.131191480449e-01 9.144759427152e-01 9.157910116177e-01 9.170662504046e-01 9.183034416121e-01 9.195042629734e-01 9.206702950098e-01 9.218030279706e-01 9.229038681876e-01 9.239741438997e-01 9.250151105996e-01 9.260279559463e-01 9.270138042858e-01 9.279737208143e-01 9.289087154176e-01 9.298197462148e-01 9.307077228335e-01 9.315735094394e-01 9.324179275408e-01 9.332417585894e-01 9.340457463916e-01 9.348305993490e-01 9.355969925398e-01 9.363455696557e-01 9.370769448047e-01 9.377917041918e-01 9.384904076855e-01 9.391735902809e-01 9.398417634653e-01 9.404954164958e-01 9.411350175937e-01 9.417610150635e-01 9.423738383399e-01 9.429738989714e-01 9.435615915410e-01 9.441372945318e-01 9.447013711402e-01 9.452541700393e-01 9.457960260983e-01 9.463272610585e-01 9.468481841704e-01 9.473590927944e-01 9.478602729663e-01 9.483519999316e-01 9.488345386496e-01 9.493081442692e-01 9.497730625792e-01 9.502295304331e-01 9.506777761520e-01 9.511180199050e-01 9.515504740699e-01 9.519753435749e-01 9.523928262225e-01 9.528031129962e-01 9.532063883522e-01 9.536028304957e-01 9.539926116435e-01 9.543758982734e-01 9.547528513614e-01 9.551236266072e-01
3.268777541029e-05 1.263319075415e-03 1.325759667848e-02 5.905465616855e-02 1.433723970421e-01 2.393275410894e-01 3.258664245066e-01 3.979504136916e-01 4.571219607524e-01 5.060326741165e-01 5.469718927886e-01 5.816860515039e-01 6.114749600732e-01 6.373099423144e-01 6.599262516957e-01 6.798888682511e-01 6.976384159949e-01 7.135233266213e-01 7.278226426232e-01 7.407624237268e-01 7.525277305627e-01 7.632715061670e-01 7.731212489675e-01 7.821840904848e-01 7.905507047395e-01 7.982983509599e-01 8.054932655637e-01 8.121925600827e-01 8.184457400691e-01 8.242959304171e-01 8.297808712215e-01 8.349337327813e-01 8.397837869363e-01 8.443569634365e-01 8.486763136764e-01 8.527623993001e-01 8.566336195045e-01 8.603064880331e-01 8.637958686570e-01 8.671151762231e-01 8.702765490060e-01 8.732909970291e-01 8.761685301756e-01 8.789182692317e-01 8.815485424563e-01 8.840669698313e-01 8.864805367884e-01 8.887956589146e-01 8.910182388973e-01 8.931537167761e-01 8.952071143984e-01 8.971830748467e-01 8.990858974871e-01 9.009195691973e-01 9.026877922502e-01 9.043940092647e-01 9.060414255761e-01 9.076330293340e-01 9.091716095901e-01 9.106597726094e-01 9.120999566025e-01 9.134944450562e-01 9.148453788150e-01 9.161547670477e-01 9.174244972180e-01 9.186563441620e-01 9.198519783658e-01 9.210129735232e-01 9.221408134462e-01 9.232368983916e-01 9.243025508609e-01 9.253390209233e-01 9.263474911077e-01 9.273290809032e-01 9.282848509046e-01 9.292158066354e-01 9.301229020760e-01 9.310070429247e-01 9.318690896141e-01 9.327098601041e-01 9.335301324706e-01 9.343306473071e-01 9.351121099551e-01 9.358751925767e-01 9.366205360830e-01 9.373487519294e-01 9.380604237885e-01 9.387561091105e-01 9.394363405793e-01 9.401016274730e-01 9.407524569350e-01 9.413892951644e-01 9.420125885287e-01 9.426227646080e-01 9.432202331728e-01 9.438053871017e-01 9.443786032429e-01 9.449402432239e-01 9.454906542117e-01 9.460301696288e-01 9.465591098268e-01 9.470777827204e-01 9.475864843853e-01 9.480854996219e-01 9.485751024868e-01 9.490555567945e-01 9.495271165920e-01 9.499900266061e-01 9.504445226675e-01 9.508908321107e-01 9.513291741539e-01 9.517597602575e-01 9.521827944645e-01 9.525984737229e-01 9.530069881912e-01 9.534085215289e-01 9.538032511713e-01 9.541913485914e-01 9.545729795477e-01 9.549483043211e-01 9.553174779385e-01
3.405795424433e-05 1.312566772768e-03 1.370246020478e-02 6.056103320552e-02 1.458906694998e-01 2.421890875860e-01 3.286459437454e-01 4.005176271448e-01 4.594664410924e-01 5.081766823764e-01 5.489423443777e-01 5.835071979812e-01 6.131671442553e-01 6.388899327622e-01 6.614078739513e-01 6.812835948225e-01 6.989558470409e-01 7.147715658240e-01 7.290085881323e-01 7.418919937793e-01 7.536060396278e-01 7.643030036589e-01 7.741098294867e-01 7.831331822350e-01 7.914633410607e-01 7.991772286838e-01 8.063407929882e-01 8.130108967007e-01 8.192368296915e-01 8.250615289642e-01 8.305225701797e-01 8.356529791108e-01 8.404819000554e-01 8.450351497826e-01 8.493356792468e-01 8.534039604998e-01 8.572583125683e-01 8.609151772410e-01 8.643893535231e-01 8.676941978091e-01 8.708417954836e-01 8.738431085959e-01 8.767081034130e-01 8.794458609792e-01 8.820646732644e-01 8.845721270479e-01 8.869751773238e-01 8.892802117241e-01 8.914931072167e-01 8.936192801369e-01 8.956637304505e-01 8.976310810084e-01 8.995256124433e-01 9.013512942606e-01 9.031118126014e-01 9.048105950837e-01 9.064508330765e-01 9.080355017088e-01 9.095673778796e-01 9.110490564977e-01 9.124829651494e-01 9.138713773718e-01 9.152164246810e-01 9.165201074912e-01 9.177843050419e-01 9.190107844356e-01 9.202012088795e-01 9.213571452103e-01 9.224800707748e-01 9.235713797282e-01 9.246323888096e-01 9.256643426411e-01 9.266684185990e-01 9.276457312944e-01 9.285973367009e-01 9.295242359604e-01 9.304273788966e-01 9.313076672614e-01 9.321659577382e-01 9.330030647228e-01 9.338197629007e-01 9.346167896386e-01 9.353948472044e-01 9.361546048315e-01 9.368967006382e-01 9.376217434156e-01 9.383303142933e-01 9.390229682923e-01 9.397002357755e-01 9.403626238018e-01 9.410106173921e-01 9.416446807140e-01 9.422652581902e-01 9.428727755376e-01 9.434676407411e-01 9.440502449675e-01 9.446209634231e-01 9.451801561594e-01 9.457281688308e-01 9.462653334070e-01 9.467919688437e-01 9.473083817140e-01 9.478148668034e-01 9.483117076713e-01 9.487991771802e-01 9.492775379951e-01 9.497470430560e-01 9.502079360235e-01 9.506604517004e-01 9.511048164309e-01 9.515412484779e-01 9.519699583804e-01 9.523911492924e-01 9.528050173035e-01 9.532117517439e-01 9.536115354727e-01 9.540045451521e-01 9.543909515078e-01 9.547709195763e-01 9.551446089398e-01 9.555121739499e-01
3.549775229396e-05 1.364123483055e-03 1.416465456158e-02 6.210802485299e-02 1.484491181068e-01 2.450776942203e-01 3.314434931141e-01 4.030983506417e-01 4.618220973234e-01 5.103304710864e-01 5.509216107882e-01 5.853364190937e-01 6.148667997174e-01 6.404768846915e-01 6.628960173710e-01 6.826844566638e-01 7.002790715697e-01 7.160252932897e-01 7.301997474924e-01 7.430265295426e-01 7.546890888851e-01 7.653390354608e-01 7.751027555984e-01 7.840864459556e-01 7.923799890798e-01 8.000599696968e-01 8.071920458853e-01 8.138328304708e-01 8.200313966924e-01 8.258304928362e-01 8.312675294058e-01 8.363753870123e-01 8.411830818508e-01 8.457163172129e-01 8.499979431709e-01 8.540483417907e-01 8.578857515763e-01 8.615265420452e-01 8.649854471521e-01 8.682757645822e-01 8.714095265974e-01 8.743976470620e-01 8.772500484354e-01 8.799757718450e-01 8.825830728123e-01 8.850795047681e-01 8.874719921348e-01 8.897668944670e-01 8.919700628996e-01 8.940868899597e-01 8.961223536351e-01 8.980810564566e-01 8.999672602405e-01 9.017849170440e-01 9.035376968052e-01 9.052290120757e-01 9.068620401963e-01 9.084397432185e-01 9.099648858352e-01 9.114400515486e-01 9.128676572747e-01 9.142499665567e-01 9.155891015414e-01 9.168870538500e-01 9.181456944615e-01 9.193667827108e-01 9.205519744945e-01 9.217028297620e-01 9.228208193660e-01 9.239073313338e-01 9.249636766164e-01 9.259910943651e-01 9.269907567810e-01 9.279637735756e-01 9.289111960809e-01 9.298340210382e-01 9.307331940962e-01 9.316096130428e-01 9.324641307960e-01 9.332975581716e-01 9.341106664501e-01 9.349041897568e-01 9.356788272728e-01 9.364352452897e-01 9.371740791210e-01 9.378959348818e-01 9.386013911471e-01 9.392910004984e-01 9.399652909673e-01 9.406247673838e-01 9.412699126369e-01 9.419011888537e-01 9.425190385036e-01 9.431238854322e-01 9.437161358309e-01 9.442961791473e-01 9.448643889381e-01 9.454211236724e-01 9.459667274853e-01 9.465015308871e-01 9.470258514316e-01 9.475399943441e-01 9.480442531147e-01 9.485389100562e-01 9.490242368315e-01 9.495004949514e-01 9.499679362438e-01 9.504268032983e-01 9.508773298857e-01 9.513197413552e-01 9.517542550103e-01 9.521810804645e-01 9.526004199789e-01 9.530124687812e-01 9.534174153693e-01 9.538154417984e-01 9.542067239543e-01 9.545914318123e-01 9.549697296834e-01 9.553417764484e-01 9.557077257803e-01
3.701133551263e-05 1.418115468608e-03 1.464493036869e-02 6.369666591610e-02 1.510481435522e-01 2.479934669310e-01 3.342591674660e-01 4.056926991071e-01 4.641890506303e-01 5.124941585573e-01 5.529098040450e-01 5.871738198374e-01 6.165740246859e-01 6.420708901299e-01 6.643907684063e-01 6.840915352340e-01 7.016081665665e-01 7.172845819824e-01 7.313961900382e-01 7.441660970623e-01 7.557769413872e-01 7.663796618907e-01 7.761000851122e-01 7.850439371481e-01 7.933007021667e-01 8.009466253952e-01 8.080470738180e-01 8.146584092493e-01 8.208294873347e-01 8.266028668053e-01 8.320157922745e-01 8.371009985476e-01 8.418873731486e-01 8.464005053878e-01 8.506631440085e-01 8.546955806914e-01 8.585159730608e-01 8.621406180421e-01 8.655841842512e-01 8.688599104036e-01 8.719797754031e-01 8.749546447152e-01 8.777943967973e-01 8.805080326828e-01 8.831037712834e-01 8.855891325334e-01 8.879710101482e-01 8.902557354801e-01 8.924491337164e-01 8.945565734708e-01 8.965830106554e-01 8.985330273906e-01 9.004108665934e-01 9.022204627949e-01 9.039654696586e-01 9.056492846028e-01 9.072750708779e-01 9.088457773999e-01 9.103641566013e-01 9.118327805278e-01 9.132540553768e-01 9.146302346540e-01 9.159634310951e-01 9.172556274893e-01 9.185086865185e-01 9.197243597157e-01 9.209042956340e-01 9.220500473053e-01 9.231630790596e-01 9.242447727688e-01 9.252964335703e-01 9.263192951204e-01 9.273145244216e-01 9.282832262646e-01 9.292264473190e-01 9.301451799061e-01 9.310403654807e-01 9.319128978496e-01 9.327636261484e-01 9.335933575973e-01 9.344028600563e-01 9.351928643953e-01 9.359640666948e-01 9.367171302915e-01 9.374526876817e-01 9.381713422926e-01 9.388736701333e-01 9.395602213349e-01 9.402315215874e-01 9.408880734821e-01 9.415303577666e-01 9.421588345186e-01 9.427739442452e-01 9.433761089125e-01 9.439657329108e-01 9.445432039602e-01 9.451088939613e-01 9.456631597933e-01 9.462063440651e-01 9.467387758216e-01 9.472607712080e-01 9.477726340964e-01 9.482746566752e-01 9.487671200052e-01 9.492502945448e-01 9.497244406449e-01 9.501898090167e-01 9.506466411740e-01 9.510951698509e-01 9.515356193974e-01 9.519682061531e-01 9.523931388023e-01 9.528106187087e-01 9.532208402346e-01 9.536239910418e-01 9.540202523783e-01 9.544097993498e-01 9.547928011779e-01 9.551694214448e-01 9.555398183269e-01 9.559041448156e-01
3.860315730631e-05 1.474676858511e-03 1.514407283024e-02 6.532800974349e-02 1.536881420766e-01 2.509365118897e-01 3.370930650330e-01 4.083007910948e-01 4.665674254705e-01 5.146678660158e-01 5.549070388074e-01 5.890195076190e-01 6.182889196151e-01 6.436720431795e-01 6.658922154514e-01 6.855049138193e-01 7.029432107416e-01 7.185495064999e-01 7.325979866567e-01 7.453107638625e-01 7.568696615975e-01 7.674249446159e-01 7.771018771312e-01 7.860057125555e-01 7.942255348855e-01 8.018372483251e-01 8.089059274584e-01 8.154876819631e-01 8.216311489164e-01 8.273786966456e-01 8.327674031310e-01 8.378298567193e-01 8.425948156877e-01 8.470877548552e-01 8.513313211824e-01 8.553457155602e-01 8.591490143712e-01 8.627574416244e-01 8.661856003042e-01 8.694466698925e-01 8.725525756961e-01 8.755141345655e-01 8.783411807589e-01 8.810426750367e-01 8.836267995367e-01 8.861010405468e-01 8.884722609379e-01 8.907467637341e-01 8.929303480590e-01 8.950283585056e-01 8.970457288118e-01 8.989870205963e-01 9.008564577919e-01 9.026579573256e-01 9.043951565132e-01 9.060714375720e-01 9.076899495991e-01 9.092536283162e-01 9.107652138407e-01 9.122272667099e-01 9.136421823555e-01 9.150122042001e-01 9.163394355265e-01 9.176258502524e-01 9.188733027254e-01 9.200835366416e-01 9.212581931782e-01 9.223988184181e-01 9.235068701395e-01 9.245837240315e-01 9.256306793920e-01 9.266489643573e-01 9.276397407087e-01 9.286041082935e-01 9.295431090984e-01 9.304577310044e-01 9.313489112544e-01 9.322175396558e-01 9.330644615449e-01 9.338904805302e-01 9.346963610361e-01 9.354828306623e-01 9.362505823749e-01 9.370002765427e-01 9.377325428319e-01 9.384479819697e-01 9.391471673883e-01 9.398306467570e-01 9.404989434139e-01 9.411525577015e-01 9.417919682163e-01 9.424176329777e-01 9.430299905217e-01 9.436294609264e-01 9.442164467728e-01 9.447913340462e-01 9.453544929831e-01 9.459062788661e-01 9.464470327710e-01 9.469770822705e-01 9.474967420954e-01 9.480063147581e-01 9.485060911395e-01 9.489963510432e-01 9.494773637171e-01 9.499493883475e-01 9.504126745238e-01 9.508674626791e-01 9.513139845062e-01 9.517524633513e-01 9.521831145861e-01 9.526061459611e-01 9.530217579391e-01 9.534301440127e-01 9.538314910042e-01 9.542259793504e-01 9.546137833737e-01 9.549950715384e-01 9.553700066951e-01 9.557387463121e-01 9.561014426964e-01
4.027798103850e-05 1.533950196624e-03 1.566290333197e-02 6.700312797673e-02 1.563695052611e-01 2.539069356889e-01 3.399452875883e-01 4.109227489079e-01 4.689573496739e-01 5.168517176948e-01 5.569134324502e-01 5.908735923314e-01 6.200115872576e-01 6.452804400827e-01 6.674004489041e-01 6.869246775901e-01 7.042842845844e-01 7.198201431252e-01 7.338052098357e-01 7.464605989918e-01 7.579673154353e-01 7.684749466961e-01 7.781081920929e-01 7.869718302019e-01 7.951545430323e-01 8.027318922189e-01 8.097686586224e-01 8.163206986435e-01 8.224364298032e-01 8.281580291643e-01 8.335224073213e-01 8.385620055010e-01 8.433054521498e-01 8.477781070783e-01 8.520025150049e-01 8.559987856209e-01 8.597849137003e-01 8.633770500063e-01 8.667897315956e-01 8.700360784491e-01 8.731279620346e-01 8.760761503680e-01 8.788904333090e-01 8.815797311627e-01 8.841521891274e-01 8.866152596926e-01 8.889757747454e-01 8.912400088537e-01 8.934137349601e-01 8.955022735280e-01 8.975105360212e-01 8.994430634640e-01 9.013040607195e-01 9.030974270310e-01 9.048267832929e-01 9.064954964528e-01 9.081067013905e-01 9.096633205740e-01 9.111680817498e-01 9.126235338951e-01 9.140320616271e-01 9.153958982399e-01 9.167171375208e-01 9.179977444756e-01 9.192395650802e-01 9.204443351585e-01 9.216136884782e-01 9.227491641422e-01 9.238522133473e-01 9.249242055716e-01 9.259664342472e-01 9.269801219657e-01 9.279664252633e-01 9.289264390219e-01 9.298612005238e-01 9.307716931902e-01 9.316588500325e-01 9.325235568410e-01 9.333666551354e-01 9.341889448963e-01 9.349911870970e-01 9.357741060521e-01 9.365383915993e-01 9.372847011260e-01 9.380136614557e-01 9.387258706035e-01 9.394218994126e-01 9.401022930800e-01 9.407675725808e-01 9.414182359987e-01 9.420547597696e-01 9.426775998450e-01 9.432871927810e-01 9.438839567592e-01 9.444682925431e-01 9.450405843754e-01 9.456012008211e-01 9.461504955586e-01 9.466888081242e-01 9.472164646115e-01 9.477337783304e-01 9.482410504275e-01 9.487385704707e-01 9.492266170000e-01 9.497054580481e-01 9.501753516309e-01 9.506365462110e-01 9.510892811362e-01 9.515337870531e-01 9.519702862996e-01 9.523989932752e-01 9.528201147922e-01 9.532338504086e-01 9.536403927433e-01 9.540399277752e-01 9.544326351266e-01 9.548186883327e-01 9.551982550974e-01 9.555714975359e-01 9.559385724057e-01 9.562996313262e-01
4.204090450910e-05 1.596087031621e-03 1.620228110432e-02 6.872311025286e-02 1.590926198278e-01 2.569048455399e-01 3.428159406136e-01 4.135586987238e-01 4.713589545477e-01 5.190458409258e-01 5.589291051489e-01 5.927361864317e-01 6.217421327368e-01 6.468961792895e-01 6.689155612296e-01 6.883509136619e-01 7.056314704205e-01 7.210965698808e-01 7.350179337152e-01 7.476156730724e-01 7.590699703214e-01 7.695297326278e-01 7.791190918115e-01 7.879423494334e-01 7.960877836739e-01 8.036306120330e-01 8.106353203063e-01 8.171575104618e-01 8.232453794625e-01 8.289409122350e-01 8.342808512247e-01 8.392974898679e-01 8.440193261884e-01 8.484716044647e-01 8.526767667069e-01 8.566548309911e-01 8.604237101109e-01 8.639994812499e-01 8.673966152368e-01 8.706281722804e-01 8.737059697642e-01 8.766407266470e-01 8.794421881876e-01 8.821192340519e-01 8.846799723299e-01 8.871318215589e-01 8.894815825012e-01 8.917355011388e-01 8.938993241136e-01 8.959783476501e-01 8.979774608362e-01 8.999011840080e-01 9.017537028721e-01 9.035388989074e-01 9.052603765122e-01 9.069214872947e-01 9.085253518529e-01 9.100748793404e-01 9.115727850765e-01 9.130216064259e-01 9.144237171417e-01 9.157813403436e-01 9.170965602798e-01 9.183713330040e-01 9.196074960821e-01 9.208067774300e-01 9.219708033720e-01 9.231011059992e-01 9.241991298970e-01 9.252662383045e-01 9.263037187610e-01 9.273127882882e-01 9.282945981533e-01 9.292502382502e-01 9.301807411354e-01 9.310870857499e-01 9.319702008543e-01 9.328309682036e-01 9.336702254835e-01 9.344887690301e-01 9.352873563498e-01 9.360667084574e-01 9.368275120478e-01 9.375704215134e-01 9.382960608221e-01 9.390050252644e-01 9.396978830830e-01 9.403751769908e-01 9.410374255898e-01 9.416851246943e-01 9.423187485696e-01 9.429387510900e-01 9.435455668228e-01 9.441396120444e-01 9.447212856923e-01 9.452909702590e-01 9.458490326301e-01 9.463958248730e-01 9.469316849767e-01 9.474569375495e-01 9.479718944739e-01 9.484768555244e-01 9.489721089496e-01 9.494579320208e-01 9.499345915494e-01 9.504023443757e-01 9.508614378307e-01 9.513121101714e-01 9.517545909939e-01 9.521891016231e-01 9.526158554815e-01 9.530350584395e-01 9.534469091458e-01 9.538515993418e-01 9.542493141590e-01 9.546402324016e-01 9.550245268140e-01 9.554023643361e-01 9.557739063446e-01 9.561393088829e-01 9.564987228795e-01
4.389738659899e-05 1.661248552510e-03 1.676310495231e-02 7.048906385776e-02 1.618578674530e-01 2.599303494821e-01 3.457051334730e-01 4.162087707237e-01 4.737723749851e-01 5.212503662362e-01 5.609541799683e-01 5.946074050234e-01 6.234806636233e-01 6.485193615285e-01 6.704376470271e-01 6.897837111571e-01 7.069848524705e-01 7.223788665842e-01 7.362362341405e-01 7.487760583504e-01 7.601776952273e-01 7.705893683902e-01 7.801346395226e-01 7.889173309603e-01 7.970253151894e-01 8.045334639873e-01 8.115059667248e-01 8.179981697654e-01 8.240580484991e-01 8.297273948317e-01 8.350427822864e-01 8.400363558290e-01 8.447364824610e-01 8.491682903972e-01 8.533541184672e-01 8.573138927106e-01 8.610654435637e-01 8.646247742922e-01 8.680062891922e-01 8.712229884256e-01 8.742866350429e-01 8.772078987203e-01 8.799964799105e-01 8.826612174534e-01 8.852101821602e-01 8.876507584599e-01 8.899897158467e-01 8.922332715853e-01 8.943871458963e-01 8.964566106533e-01 8.984465324659e-01 9.003614108868e-01 9.022054123777e-01 9.039824005717e-01 9.056959632950e-01 9.073494367461e-01 9.089459271754e-01 9.104883303609e-01 9.119793491376e-01 9.134215092042e-01 9.148171733998e-01 9.161685546229e-01 9.174777275389e-01 9.187466392080e-01 9.199771187476e-01 9.211708861290e-01 9.223295601993e-01 9.234546660053e-01 9.245476414906e-01 9.256098436266e-01 9.266425540327e-01 9.276469841352e-01 9.286242799081e-01 9.295755262341e-01 9.305017509225e-01 9.314039284133e-01 9.322829831968e-01 9.331397929741e-01 9.339751915794e-01 9.347899716875e-01 9.355848873219e-01 9.363606561825e-01 9.371179618068e-01 9.378574555786e-01 9.385797585969e-01 9.392854634153e-01 9.399751356638e-01 9.406493155602e-01 9.413085193219e-01 9.419532404837e-01 9.425839511303e-01 9.432011030493e-01 9.438051288100e-01 9.443964427747e-01 9.449754420469e-01 9.455425073603e-01 9.460980039138e-01 9.466422821560e-01 9.471756785221e-01 9.476985161278e-01 9.482111054215e-01 9.487137447997e-01 9.492067211857e-01 9.496903105757e-01 9.501647785546e-01 9.506303807819e-01 9.510873634512e-01 9.515359637242e-01 9.519764101413e-01 9.524089230099e-01 9.528337147712e-01 9.532509903490e-01 9.536609474788e-01 9.540637770204e-01 9.544596632541e-01 9.548487841619e-01 9.552313116941e-01 9.556074120230e-01 9.559772457833e-01 9.563409683010e-01 9.566987298108e-01
4.585327629303e-05 1.729606273446e-03 1.734631505372e-02 7.230211332835e-02 1.646656245946e-01 2.629835566041e-01 3.486129795919e-01 4.188730992270e-01 4.761977495781e-01 5.234654274497e-01 5.629887829543e-01 5.964873659406e-01 6.252272900131e-01 6.501500898810e-01 6.719668030985e-01 6.912231612705e-01 7.083445169118e-01 7.236671149061e-01 7.374601887176e-01 7.499418287491e-01 7.612905607248e-01 7.716539214939e-01 7.811548999289e-01 7.898968369017e-01 7.979671973124e-01 8.054405056061e-01 8.123806533505e-01 8.188427301165e-01 8.248744886917e-01 8.305175270650e-01 8.358082490528e-01 8.407786504610e-01 8.454569666610e-01 8.498682092649e-01 8.540346134430e-01 8.579760127713e-01 8.617101549467e-01 8.652529689736e-01 8.686187923071e-01 8.718205647832e-01 8.748699948677e-01 8.777777027251e-01 8.805533437944e-01 8.832057158998e-01 8.857428524008e-01 8.881721034597e-01 8.905002071577e-01 8.927333519088e-01 8.948772313896e-01 8.969370930103e-01 8.989177807972e-01 9.008237734235e-01 9.026592180169e-01 9.044279602815e-01 9.061335713948e-01 9.077793720740e-01 9.093684541551e-01 9.109036999785e-01 9.123877998373e-01 9.138232677097e-01 9.152124554704e-01 9.165575657491e-01 9.178606635840e-01 9.191236870002e-01 9.203484566271e-01 9.215366844548e-01 9.226899818183e-01 9.238098666875e-01 9.248977703335e-01 9.259550434306e-01 9.269829616512e-01 9.279827308001e-01 9.289554915333e-01 9.299023236994e-01 9.308242503382e-01 9.317222413679e-01 9.325972169889e-01 9.334500508293e-01 9.342815728540e-01 9.350925720596e-01 9.358837989704e-01 9.366559679560e-01 9.374097593821e-01 9.381458216098e-01 9.388647728559e-01 9.395672029243e-01 9.402536748203e-01 9.409247262548e-01 9.415808710498e-01 9.422226004499e-01 9.428503843493e-01 9.434646724388e-01 9.440658952805e-01 9.446544653141e-01 9.452307778003e-01 9.457952117059e-01 9.463481305353e-01 9.468898831108e-01 9.474208043064e-01 9.479412157384e-01 9.484514264147e-01 9.489517333470e-01 9.494424221271e-01 9.499237674708e-01 9.503960337302e-01 9.508594753787e-01 9.513143374673e-01 9.517608560573e-01 9.521992586285e-01 9.526297644659e-01 9.530525850252e-01 9.534679242790e-01 9.538759790452e-01 9.542769392981e-01 9.546709884628e-01 9.550583036953e-01 9.554390561482e-01 9.558134112226e-01 9.561815288077e-01 9.565435635088e-01 9.568996648634e-01
4.791484431668e-05 1.801342771964e-03 1.795289482651e-02 7.416340000162e-02 1.675162623358e-01 2.660645772750e-01 3.515395966425e-01 4.215518228303e-01 4.786352207355e-01 5.256911617920e-01 5.650330432299e-01 5.983761898374e-01 6.269821246105e-01 6.517884698575e-01 6.735031285213e-01 6.926693573369e-01 7.097105519422e-01 7.249613984316e-01 7.386898768707e-01 7.511130599230e-01 7.624086390390e-01 7.727234610304e-01 7.821799392489e-01 7.908809308317e-01 7.989134911754e-01 8.063517957611e-01 8.132594369552e-01 8.196912463317e-01 8.256947530320e-01 8.313113602190e-01 8.365773012070e-01 8.415244219432e-01 8.461808255520e-01 8.505714064967e-01 8.547182958026e-01 8.586412341489e-01 8.623578861054e-01 8.658841060677e-01 8.692341643365e-01 8.724209401397e-01 8.754560871021e-01 8.783501756451e-01 8.811128159830e-01 8.837527647322e-01 8.862780176250e-01 8.886958903966e-01 8.910130895679e-01 8.932357745674e-01 8.953696124031e-01 8.974198259071e-01 8.993912364169e-01 9.012883016283e-01 9.031151492443e-01 9.048756069564e-01 9.065732292149e-01 9.082113211834e-01 9.097929602162e-01 9.113210151533e-01 9.127981636865e-01 9.142269080190e-01 9.156095890097e-01 9.169483989714e-01 9.182453932700e-01 9.195025008532e-01 9.207215338227e-01 9.219041961499e-01 9.230520916224e-01 9.241667311005e-01 9.252495391510e-01 9.263018601221e-01 9.273249637110e-01 9.283200500746e-01 9.292882545264e-01 9.302306518571e-01 9.311482603145e-01 9.320420452741e-01 9.329129226262e-01 9.337617619067e-01 9.345893891933e-01 9.353965897868e-01 9.361841106964e-01 9.369526629456e-01 9.377029237133e-01 9.384355383238e-01 9.391511220982e-01 9.398502620780e-01 9.405335186312e-01 9.412014269504e-01 9.418544984508e-01 9.424932220761e-01 9.431180655194e-01 9.437294763655e-01 9.443278831598e-01 9.449136964099e-01 9.454873095253e-01 9.460490996979e-01 9.465994287293e-01 9.471386438081e-01 9.476670782397e-01 9.481850521339e-01 9.486928730516e-01 9.491908366130e-01 9.496792270724e-01 9.501583178587e-01 9.506283720861e-01 9.510896430357e-01 9.515423746110e-01 9.519868017675e-01 9.524231509197e-01 9.528516403252e-01 9.532724804494e-01 9.536858743096e-01 9.540920178018e-01 9.544911000104e-01 9.548833035014e-01 9.552688046011e-01 9.556477736603e-01 9.560203753055e-01 9.563867686770e-01 9.567471076558e-01 9.571015410792e-01
5.008881764725e-05 1.876652485149e-03 1.858387286623e-02 7.607408150853e-02 1.704101462451e-01 2.691735233892e-01 3.544851067348e-01 4.242450845523e-01 4.810849348047e-01 5.279277099999e-01 5.670870930957e-01 6.002740002799e-01 6.287452828136e-01 6.534346094780e-01 6.750467247228e-01 6.941223949021e-01 7.110830478473e-01 7.262618027232e-01 7.399253799028e-01 7.522898293163e-01 7.635320041028e-01 7.737980577251e-01 7.832098252664e-01 7.918696778274e-01 7.998642593563e-01 8.072673947157e-01 8.141423756530e-01 8.205437745237e-01 8.265188957644e-01 8.321089467902e-01 8.373499896067e-01 8.422737195939e-01 8.469081070031e-01 8.512779285953e-01 8.554052107581e-01 8.593096008347e-01 8.630086798747e-01 8.665182273120e-01 8.698524459755e-01 8.730241541981e-01 8.760449505048e-01 8.789253553384e-01 8.816749334746e-01 8.843024001272e-01 8.868157132236e-01 8.892221539089e-01 8.915283969947e-01 8.937405727866e-01 8.958643214981e-01 8.979048412671e-01 8.998669306349e-01 9.017550262207e-01 9.035732362110e-01 9.053253701994e-01 9.070149658302e-01 9.086453126397e-01 9.102194734319e-01 9.117403034824e-01 9.132104678227e-01 9.146324568250e-01 9.160086002804e-01 9.173410801359e-01 9.186319420394e-01 9.198831058182e-01 9.210963750061e-01 9.222734455179e-01 9.234159135583e-01 9.245252828438e-01 9.256029712059e-01 9.266503166362e-01 9.276685828288e-01 9.286589642660e-01 9.296225908933e-01 9.305605324197e-01 9.314738022786e-01 9.323633612809e-01 9.332301209865e-01 9.340749468200e-01 9.348986609533e-01 9.357020449742e-01 9.364858423598e-01 9.372507607719e-01 9.379974741875e-01 9.387266248797e-01 9.394388252603e-01 9.401346595952e-01 9.408146856029e-01 9.414794359454e-01 9.421294196200e-01 9.427651232585e-01 9.433870123428e-01 9.439955323413e-01 9.445911097731e-01 9.451741532051e-01 9.457450541866e-01 9.463041881260e-01 9.468519151143e-01 9.473885806985e-01 9.479145166081e-01 9.484300414396e-01 9.489354612992e-01 9.494310704098e-01 9.499171516815e-01 9.503939772505e-01 9.508618089868e-01 9.513208989741e-01 9.517714899625e-01 9.522138157969e-01 9.526481018209e-01 9.530745652605e-01 9.534934155857e-01 9.539048548540e-01 9.543090780353e-01 9.547062733198e-01 9.550966224103e-01 9.554803007996e-01 9.558574780329e-01 9.562283179583e-01 9.565929789637e-01 9.569516142027e-01 9.573043718085e-01
5.238241718949e-05 1.955742568634e-03 1.924032495416e-02 7.803533121113e-02 1.733476362564e-01 2.723105086225e-01 3.574496366156e-01 4.269530319838e-01 4.835470421998e-01 5.301752164357e-01 5.691510681337e-01 6.021809238425e-01 6.305168828039e-01 6.550886193553e-01 6.765976955591e-01 6.955823717966e-01 7.124620970700e-01 7.275684153869e-01 7.411667810579e-01 7.534722162216e-01 7.646607316139e-01 7.748777839917e-01 7.842446273834e-01 7.928631445192e-01 8.008195659268e-01 8.081873641717e-01 8.150295289450e-01 8.214003721441e-01 8.273469724278e-01 8.329103405281e-01 8.381263663237e-01 8.430265939083e-01 8.476388600262e-01 8.519878231736e-01 8.560954046011e-01 8.599811578703e-01 8.636625801117e-01 8.671553754401e-01 8.704736788901e-01 8.736302476093e-01 8.766366247594e-01 8.795032805664e-01 8.822397341504e-01 8.848546591251e-01 8.873559754322e-01 8.897509294619e-01 8.920461641648e-01 8.942477805850e-01 8.963613920134e-01 8.983921717757e-01 9.003448955085e-01 9.022239786534e-01 9.040335097876e-01 9.057772803202e-01 9.074588110094e-01 9.090813756895e-01 9.106480225448e-01 9.121615932220e-01 9.136247400313e-01 9.150399414579e-01 9.164095161719e-01 9.177356357054e-01 9.190203359417e-01 9.202655275443e-01 9.214730054381e-01 9.226444574429e-01 9.237814721441e-01 9.248855460805e-01 9.259580903160e-01 9.270004364557e-01 9.280138421613e-01 9.289994962138e-01 9.299585231651e-01 9.308919876181e-01 9.318008981688e-01 9.326862110418e-01 9.335488334459e-01 9.343896266749e-01 9.352094089760e-01 9.360089582064e-01 9.367890142944e-01 9.375502815237e-01 9.382934306544e-01 9.390191008939e-01 9.397279017306e-01 9.404204146416e-01 9.410971946832e-01 9.417587719750e-01 9.424056530844e-01 9.430383223207e-01 9.436572429437e-01 9.442628582956e-01 9.448555928595e-01 9.454358532521e-01 9.460040291536e-01 9.465604941807e-01 9.471056067055e-01 9.476397106254e-01 9.481631360868e-01 9.486762001652e-01 9.491792075057e-01 9.496724509269e-01 9.501562119883e-01 9.506307615273e-01 9.510963601638e-01 9.515532587782e-01 9.520016989621e-01 9.524419134439e-01 9.528741264918e-01 9.532985542947e-01 9.537154053229e-01 9.541248806694e-01 9.545271743734e-01 9.549224737269e-01 9.553109595654e-01 9.556928065437e-01 9.560681833981e-01 9.564372531944e-01 9.568001735646e-01 9.571570969310e-01 9.575081707201e-01
5.480339893728e-05 2.038833823802e-03 1.992337613616e-02 8.004833758105e-02 1.763290865687e-01 2.754756487005e-01 3.604333178729e-01 4.296758174436e-01 4.860216975342e-01 5.324338292061e-01 5.712251073166e-01 6.040970902084e-01 6.322970456399e-01 6.567506127828e-01 6.781561473969e-01 6.970493882125e-01 7.138477942829e-01 7.288813261411e-01 7.424141655870e-01 7.546603018430e-01 7.657948990946e-01 7.759627139888e-01 7.852844166744e-01 7.938613991431e-01 8.017794765023e-01 8.091117673179e-01 8.159209577660e-01 8.222610980295e-01 8.281790398996e-01 8.337155964773e-01 8.389064846844e-01 8.437830965987e-01 8.483731348139e-01 8.527011389916e-01 8.567889247384e-01 8.606559513823e-01 8.643196317307e-01 8.677955942154e-01 8.710979057507e-01 8.742392620036e-01 8.772311505060e-01 8.800839910248e-01 8.828072568047e-01 8.854095796584e-01 8.878988413593e-01 8.902822533750e-01 8.925664266418e-01 8.947574328008e-01 8.968608580909e-01 8.988818509060e-01 9.008251638673e-01 9.026951911371e-01 9.044960015887e-01 9.062313683590e-01 9.079047952388e-01 9.095195402845e-01 9.110786369906e-01 9.125849133088e-01 9.140410087672e-01 9.154493899063e-01 9.168123642218e-01 9.181320927806e-01 9.194106016544e-01 9.206497922987e-01 9.218514509881e-01 9.230172574082e-01 9.241487924885e-01 9.252475455558e-01 9.263149208733e-01 9.273522436288e-01 9.283607654231e-01 9.293416693080e-01 9.302960744157e-01 9.312250402186e-01 9.321295704520e-01 9.330106167322e-01 9.338690818957e-01 9.347058230855e-01 9.355216546056e-01 9.363173505642e-01 9.370936473239e-01 9.378512457741e-01 9.385908134424e-01 9.393129864555e-01 9.400183713647e-01 9.407075468447e-01 9.413810652767e-01 9.420394542257e-01 9.426832178176e-01 9.433128380278e-01 9.439287758835e-01 9.445314725901e-01 9.451213505853e-01 9.456988145260e-01 9.462642522145e-01 9.468180354668e-01 9.473605209280e-01 9.478920508381e-01 9.484129537525e-01 9.489235452185e-01 9.494241284132e-01 9.499149947437e-01 9.503964244130e-01 9.508686869529e-01 9.513320417275e-01 9.517867384081e-01 9.522330174219e-01 9.526711103758e-01 9.531012404571e-01 9.535236228129e-01 9.539384649088e-01 9.543459668687e-01 9.547463217966e-01 9.551397160818e-01 9.555263296885e-01 9.559063364297e-01 9.562799042285e-01 9.566471953648e-01 9.570083667110e-01 9.573635699548e-01 9.577129518121e-01
5.736009897899e-05 2.126161699005e-03 2.063420287234e-02 8.211430351819e-02 1.793548455685e-01 2.786690616810e-01 3.634362871489e-01 4.324135981410e-01 4.885090597592e-01 5.347037002866e-01 5.733093531215e-01 6.060226322749e-01 6.340858953543e-01 6.584207058248e-01 6.797221891984e-01 6.985235467841e-01 7.152402364649e-01 7.302006268886e-01 7.436676208160e-01 7.558541693608e-01 7.669345859534e-01 7.770529236798e-01 7.863292659431e-01 7.948645115957e-01 8.027440582950e-01 8.100406688805e-01 8.168167245336e-01 8.231260124476e-01 8.290151564413e-01 8.345247710220e-01 8.396903993127e-01 8.445432806354e-01 8.491109827804e-01 8.534179259958e-01 8.574858197305e-01 8.613340286202e-01 8.649798807384e-01 8.684389284663e-01 8.717251702658e-01 8.748512400244e-01 8.778285693735e-01 8.806675273751e-01 8.833775411754e-01 8.859672005830e-01 8.884443490167e-01 8.908161628519e-01 8.930892208546e-01 8.952695651200e-01 8.973627547034e-01 8.993739129452e-01 9.013077693398e-01 9.031686966663e-01 9.049607439980e-01 9.066876661111e-01 9.083529497461e-01 9.099598371051e-01 9.115113469209e-01 9.130102933839e-01 9.144593031776e-01 9.158608308398e-01 9.172171726375e-01 9.185304791215e-01 9.198027665040e-01 9.210359269877e-01 9.222317381549e-01 9.233918715173e-01 9.245179003116e-01 9.256113066169e-01 9.266734878631e-01 9.277057627894e-01 9.287093769059e-01 9.296855075075e-01 9.306352682806e-01 9.315597135419e-01 9.324598421422e-01 9.333366010670e-01 9.341908887597e-01 9.350235581920e-01 9.358354197055e-01 9.366272436414e-01 9.373997627788e-01 9.381536745967e-01 9.388896433742e-01 9.396083021426e-01 9.403102545014e-01 9.409960763095e-01 9.416663172602e-01 9.423215023509e-01 9.429621332548e-01 9.435886896014e-01 9.442016301748e-01 9.448013940334e-01 9.453884015590e-01 9.459630554395e-01 9.465257415900e-01 9.470768300173e-01 9.476166756309e-01 9.481456190055e-01 9.486639870975e-01 9.491720939187e-01 9.496702411710e-01 9.501587188434e-01 9.506378057754e-01 9.511077701871e-01 9.515688701805e-01 9.520213542121e-01 9.524654615389e-01 9.529014226409e-01 9.533294596194e-01 9.537497865744e-01 9.541626099620e-01 9.545681289322e-01 9.549665356494e-01 9.553580155959e-01 9.557427478599e-01 9.561209054090e-01 9.564926553488e-01 9.568581591698e-01 9.572175729807e-01 9.575710477313e-01 9.579187294235e-01
6.006148274470e-05 2.217977371181e-03 2.137403525682e-02 8.423444560812e-02 1.824252557753e-01 2.818908682484e-01 3.664586863595e-01 4.351665363441e-01 4.910092923083e-01 5.369849856515e-01 5.754039516481e-01 6.079576862624e-01 6.358835590557e-01 6.600990174121e-01 6.812959326109e-01 7.000049526713e-01 7.166395229796e-01 7.315264117916e-01 7.449272362175e-01 7.570539039997e-01 7.680798735507e-01 7.781484908946e-01 7.873792497825e-01 7.958725534910e-01 8.037133801686e-01 8.109741351762e-01 8.177168931992e-01 8.239951771472e-01 8.298553817457e-01 8.353379219316e-01 8.404781661748e-01 8.453072002905e-01 8.498524566028e-01 8.541382353599e-01 8.581861393310e-01 8.620154379939e-01 8.656433742721e-01 8.690854241224e-01 8.723555172178e-01 8.754662253627e-01 8.784289240134e-01 8.812539312779e-01 8.839506279771e-01 8.865275617091e-01 8.889925373500e-01 8.913526960101e-01 8.936145841272e-01 8.957842141055e-01 8.978671176829e-01 8.998683930235e-01 9.017927463808e-01 9.036445290461e-01 9.054277701951e-01 9.071462061532e-01 9.088033065267e-01 9.104022975856e-01 9.119461832284e-01 9.134377638165e-01 9.148796531259e-01 9.162742936326e-01 9.176239703198e-01 9.189308231701e-01 9.201968584884e-01 9.214239591787e-01 9.226138940884e-01 9.237683265154e-01 9.248888219651e-01 9.259768552339e-01 9.270338168847e-01 9.280610191762e-01 9.290597014982e-01 9.300310353602e-01 9.309761289760e-01 9.318960314811e-01 9.327917368183e-01 9.336641873194e-01 9.345142770128e-01 9.353428546787e-01 9.361507266766e-01 9.369386595622e-01 9.377073825138e-01 9.384575895829e-01 9.391899417843e-01 9.399050690386e-01 9.406035719792e-01 9.412860236352e-01 9.419529709986e-01 9.426049364871e-01 9.432424193084e-01 9.438658967355e-01 9.444758252977e-01 9.450726418959e-01 9.456567648462e-01 9.462285948576e-01 9.467885159489e-01 9.473368963085e-01 9.478740891021e-01 9.484004332306e-01 9.489162540438e-01 9.494218640105e-01 9.499175633499e-01 9.504036406262e-01 9.508803733083e-01 9.513480282986e-01 9.518068624307e-01 9.522571229400e-01 9.526990479081e-01 9.531328666822e-01 9.535588002721e-01 9.539770617259e-01 9.543878564851e-01 9.547913827210e-01 9.551878316537e-01 9.555773878542e-01 9.559602295306e-01 9.563365288003e-01 9.567064519481e-01 9.570701596706e-01 9.574278073096e-01 9.577795450730e-01 9.581255182453e-01
6.291719893859e-05 2.314548914799e-03 2.214415930676e-02 8.640999331736e-02 1.855406538136e-01 2.851411920231e-01 3.695006629225e-01 4.379347995556e-01 4.935225632480e-01 5.392778454087e-01 5.775090527431e-01 6.099023918295e-01 6.376901670353e-01 6.617856694411e-01 6.828774920598e-01 7.014937136481e-01 7.180457556591e-01 7.328587773504e-01 7.461931034849e-01 7.582595930995e-01 7.692308452658e-01 7.792494953948e-01 7.884344446368e-01 7.968855982200e-01 8.046875126957e-01 8.119122341674e-01 8.186215293009e-01 8.248686554095e-01 8.306997769870e-01 8.361551084093e-01 8.412698426256e-01 8.460749111827e-01 8.505976102659e-01 8.548621195277e-01 8.588899345280e-01 8.627002291149e-01 8.663101606390e-01 8.697351282532e-01 8.729889925005e-01 8.760842627940e-01 8.790322581359e-01 8.818432454275e-01 8.845265589345e-01 8.870907038350e-01 8.895434462710e-01 8.918918919129e-01 8.941425547097e-01 8.963014172273e-01 8.983739837506e-01 9.003653271425e-01 9.022801303002e-01 9.041227229204e-01 9.058971141828e-01 9.076070218701e-01 9.092558983697e-01 9.108469539402e-01 9.123831775722e-01 9.138673557296e-01 9.153020892166e-01 9.166898083878e-01 9.180327868863e-01 9.193331540745e-01 9.205929063004e-01 9.218139171234e-01 9.229979466124e-01 9.241466498108e-01 9.252615844548e-01 9.263442180214e-01 9.273959341726e-01 9.284180386545e-01 9.294117647061e-01 9.303782780229e-01 9.313186813188e-01 9.322340185228e-01 9.331252786448e-01 9.339933993400e-01 9.348392701999e-01 9.356637357925e-01 9.364675984753e-01 9.372516209998e-01 9.380165289257e-01 9.387630128598e-01 9.394917305365e-01 9.402033087503e-01 9.408983451537e-01 9.415774099319e-01 9.422410473624e-01 9.428897772702e-01 9.435240963856e-01 9.441444796127e-01 9.447513812155e-01 9.453452359264e-01 9.459264599856e-01 9.464954521134e-01 9.470525944229e-01 9.475982532751e-01 9.481327800830e-01 9.486565120657e-01 9.491697729583e-01 9.496728736789e-01 9.501661129568e-01 9.506497779240e-01 9.511241446725e-01 9.515894787801e-01 9.520460358056e-01 9.524940617577e-01 9.529337935362e-01 9.533654593502e-01 9.537892791128e-01 9.542054648145e-01 9.546142208775e-01 9.550157444894e-01 9.554102259215e-01 9.557978488286e-01 9.561787905346e-01 9.565532223027e-01 9.569213095922e-01 9.572832123024e-01 9.576390850042e-01 9.579890771601e-01 9.583333333333e-01
6.593763865078e-05 2.416162565712e-03 2.294591931894e-02 8.864218812570e-02 1.887013704115e-01 2.884201598836e-01 3.725623699938e-01 4.407185606957e-01 4.960490454356e-01 5.415824439420e-01 5.796248101298e-01 6.118568921921e-01 6.395058528781e-01 6.634807868775e-01 6.844669848459e-01 7.029899401935e-01 7.194590388898e-01 7.341978224852e-01 7.474653166108e-01 7.594713261898e-01 7.703875865681e-01 7.803560189412e-01 7.894949288659e-01 7.979037210136e-01 8.056665282177e-01 8.128550355197e-01 8.195307000198e-01 8.257465121016e-01 8.315484048727e-01 8.369763911417e-01 8.420654874576e-01 8.468464703247e-01 8.513464991071e-01 8.555896322571e-01 8.595972575879e-01 8.633884528382e-01 8.669802893569e-01 8.703880891080e-01 8.736256431579e-01 8.767053982158e-01 8.796386165466e-01 8.824355135884e-01 8.851053768183e-01 8.876566687817e-01 8.900971166923e-01 8.924337906030e-01 8.946731718112e-01 8.968212128948e-01 8.988833905481e-01 9.008647522061e-01 9.027699572926e-01 9.046033138015e-01 9.063688108162e-01 9.080701474837e-01 9.097107588862e-01 9.112938391906e-01 9.128223624051e-01 9.142991010261e-01 9.157266428213e-01 9.171074059628e-01 9.184436526972e-01 9.197375017131e-01 9.209909393517e-01 9.222058297811e-01 9.233839242479e-01 9.245268694993e-01 9.256362154632e-01 9.267134222610e-01 9.277598666188e-01 9.287768477378e-01 9.297655926750e-01 9.307272612831e-01 9.316629507483e-01 9.325736997670e-01 9.334604923915e-01 9.343242615772e-01 9.351658924562e-01 9.359862253631e-01 9.367860586337e-01 9.375661511960e-01 9.383272249728e-01 9.390699671092e-01 9.397950320428e-01 9.405030434260e-01 9.411945959157e-01 9.418702568390e-01 9.425305677451e-01 9.431760458534e-01 9.438071854044e-01 9.444244589216e-01 9.450283183919e-01 9.456191963688e-01 9.461975070058e-01 9.467636470248e-01 9.473179966234e-01 9.478609203263e-01 9.483927677849e-01 9.489138745282e-01 9.494245626683e-01 9.499251415648e-01 9.504159084498e-01 9.508971490160e-01 9.513691379713e-01 9.518321395624e-01 9.522864080671e-01 9.527321882610e-01 9.531697158563e-01 9.535992179182e-01 9.540209132576e-01 9.544350128023e-01 9.548417199498e-01 9.552412308994e-01 9.556337349685e-01 9.560194148914e-01 9.563984471031e-01 9.567710020084e-01 9.571372442372e-01 9.574973328874e-01 9.578514217549e-01 9.581996595530e-01 9.585421901206e-01
6.913400020040e-05 2.523124088186e-03 2.378072029180e-02 9.093228259518e-02 1.919077304290e-01 2.917279023040e-01 3.756439667127e-01 4.435179982922e-01 4.985889166827e-01 5.438989500587e-01 5.817513815433e-01 6.138213342486e-01 6.413307535785e-01 6.651844978651e-01 6.860645312470e-01 7.044937455876e-01 7.208794797031e-01 7.355436486218e-01 7.487439719680e-01 7.606891950672e-01 7.715501850914e-01 7.814681453649e-01 7.905607828140e-01 7.989269990071e-01 8.066505009076e-01 8.138026106629e-01 8.204444742376e-01 8.266288137330e-01 8.324013296978e-01 8.378018323525e-01 8.428651609518e-01 8.476219361727e-01 8.520991798651e-01 8.563208286672e-01 8.603081621000e-01 8.640801613061e-01 8.676538111972e-01 8.710443561575e-01 8.742655174251e-01 8.773296786876e-01 8.802480451856e-01 8.830307806331e-01 8.856871254819e-01 8.882254994287e-01 8.906535905620e-01 8.929784331365e-01 8.952064756331e-01 8.973436404896e-01 8.993953766701e-01 9.013667060528e-01 9.032622644694e-01 9.050863381009e-01 9.068428958328e-01 9.085356180821e-01 9.101679225381e-01 9.117429871945e-01 9.132637710012e-01 9.147330324166e-01 9.161533461057e-01 9.175271179966e-01 9.188565988812e-01 9.201438967208e-01 9.213909877989e-01 9.225997268449e-01 9.237718562381e-01 9.249090143877e-01 9.260127433739e-01 9.270844959251e-01 9.281256417964e-01 9.291374736107e-01 9.301212122123e-01 9.310780115809e-01 9.320089633476e-01 9.329151009492e-01 9.337974034557e-01 9.346567990984e-01 9.354941685278e-01 9.363103478237e-01 9.371061312795e-01 9.378822739807e-01 9.386394941946e-01 9.393784755872e-01 9.400998692823e-01 9.408042957747e-01 9.414923467104e-01 9.421645865437e-01 9.428215540820e-01 9.434637639257e-01 9.440917078128e-01 9.447058558745e-01 9.453066578088e-01 9.458945439792e-01 9.464699264423e-01 9.470331999111e-01 9.475847426583e-01 9.481249173627e-01 9.486540719055e-01 9.491725401167e-01 9.496806424774e-01 9.501786867810e-01 9.506669687544e-01 9.511457726438e-01 9.516153717663e-01 9.520760290304e-01 9.525279974267e-01 9.529715204912e-01 9.534068327426e-01 9.538341600966e-01 9.542537202560e-01 9.546657230807e-01 9.550703709382e-01 9.554678590346e-01 9.558583757285e-01 9.562421028292e-01 9.566192158781e-01 9.569898844173e-01 9.573542722432e-01 9.577125376480e-01 9.580648336489e-01 9.584113082064e-01 9.587521044308e-01
7.251836032606e-05 2.635760254125e-03 2.465003041018e-02 9.328153937562e-02 1.951600529162e-01 2.950645537069e-01 3.787456184560e-01 4.463332966799e-01 5.011423599280e-01 5.462275371446e-01 5.838889288724e-01 6.157958687111e-01 6.431650096625e-01 6.668969338390e-01 6.876702546246e-01 7.060052460118e-01 7.223071878702e-01 7.368963597815e-01 7.500291683951e-01 7.619132938766e-01 7.727187307110e-01 7.825859606412e-01 7.916320888802e-01 7.999555113089e-01 8.076395068355e-01 8.147550328534e-01 8.213629225979e-01 8.275156285142e-01 8.332586174019e-01 8.386314958562e-01 8.436689249309e-01 8.484013686779e-01 8.528557107296e-01 8.570557652869e-01 8.610227030244e-01 8.647754079947e-01 8.683307782299e-01 8.717039801378e-01 8.749086647708e-01 8.779571524726e-01 8.808605911678e-01 8.836290925817e-01 8.862718499003e-01 8.887972397524e-01 8.912129109010e-01 8.935258616200e-01 8.957425074052e-01 8.978687404006e-01 8.999099816982e-01 9.018712274886e-01 9.037570898907e-01 9.055718331611e-01 9.073194058841e-01 9.090034696509e-01 9.106274246687e-01 9.121944326756e-01 9.137074374861e-01 9.151691834486e-01 9.165822320583e-01 9.179489769369e-01 9.192716573632e-01 9.205523705160e-01 9.217930825697e-01 9.229956387668e-01 9.241617725739e-01 9.252931140196e-01 9.263911972963e-01 9.274574677013e-01 9.284932879833e-01 9.294999441534e-01 9.304786508110e-01 9.314305560331e-01 9.323567458669e-01 9.332582484632e-01 9.341360378838e-01 9.349910376120e-01 9.358241237938e-01 9.366361282321e-01 9.374278411576e-01 9.382000137934e-01 9.389533607327e-01 9.396885621446e-01 9.404062658222e-01 9.411070890864e-01 9.417916205568e-01 9.424604218006e-01 9.431140288691e-01 9.437529537305e-01 9.443776856073e-01 9.449886922261e-01 9.455864209846e-01 9.461713000448e-01 9.467437393558e-01 9.473041316116e-01 9.478528531497e-01 9.483902647941e-01 9.489167126463e-01 9.494325288287e-01 9.499380321834e-01 9.504335289291e-01 9.509193132801e-01 9.513956680286e-01 9.518628650939e-01 9.523211660394e-01 9.527708225617e-01 9.532120769511e-01 9.536451625268e-01 9.540703040488e-01 9.544877181063e-01 9.548976134859e-01 9.553001915198e-01 9.556956464157e-01 9.560841655687e-01 9.564659298580e-01 9.568411139273e-01 9.572098864513e-01 9.575724103886e-01 9.579288432217e-01 9.582793371853e-01 9.586240394827e-01 9.589630924925e-01
7.610375241293e-05 2.754420444342e-03 2.555538358899e-02 9.569123014715e-02 1.984586512060e-01 2.984302528300e-01 3.818674971021e-01 4.491646462066e-01 5.037095634160e-01 5.485683833258e-01 5.860376183077e-01 6.177806502420e-01 6.450087653148e-01 6.686182296444e-01 6.892842815354e-01 7.075245606538e-01 7.237422760011e-01 7.382560626749e-01 7.513210072853e-01 7.631437191960e-01 7.738933156248e-01 7.837095529671e-01 7.927089315932e-01 8.009893390717e-01 8.086336240374e-01 8.157123772409e-01 8.222861175698e-01 8.284070264185e-01 8.341203356283e-01 8.394654471169e-01 8.444768428153e-01 8.491848293410e-01 8.536161513942e-01 8.577945001058e-01 8.617409367415e-01 8.654742477619e-01 8.690112438707e-01 8.723670130960e-01 8.755551359421e-01 8.785878690813e-01 8.814763028257e-01 8.842304966437e-01 8.868595962108e-01 8.893719348656e-01 8.917751218423e-01 8.940761192478e-01 8.962813094227e-01 8.983965540605e-01 9.004272462369e-01 9.023783563224e-01 9.042544726004e-01 9.060598372900e-01 9.077983785690e-01 9.094737391056e-01 9.110893015349e-01 9.126482112550e-01 9.141533968668e-01 9.156075885360e-01 9.170133345201e-01 9.183730160704e-01 9.196888608932e-01 9.209629553290e-01 9.221972553913e-01 9.233935967860e-01 9.245537040215e-01 9.256791987023e-01 9.267716070920e-01 9.278323670187e-01 9.288628341885e-01 9.298642879663e-01 9.308379366745e-01 9.317849224569e-01 9.327063257478e-01 9.336031693848e-01 9.344764223955e-01 9.353270034910e-01 9.361557842890e-01 9.369635922939e-01 9.377512136523e-01 9.385193957051e-01 9.392688493525e-01 9.400002512485e-01 9.407142458383e-01 9.414114472526e-01 9.420924410690e-01 9.427577859525e-01 9.434080151841e-01 9.440436380861e-01 9.446651413528e-01 9.452729902934e-01 9.458676299938e-01 9.464494864030e-01 9.470189673515e-01 9.475764635038e-01 9.481223492527e-01 9.486569835574e-01 9.491807107306e-01 9.496938611785e-01 9.501967520952e-01 9.506896881171e-01 9.511729619379e-01 9.516468548883e-01 9.521116374822e-01 9.525675699316e-01 9.530149026320e-01 9.534538766217e-01 9.538847240141e-01 9.543076684076e-01 9.547229252720e-01 9.551307023151e-01 9.555311998284e-01 9.559246110160e-01 9.563111223047e-01 9.566909136387e-01 9.570641587593e-01 9.574310254694e-01 9.577916758854e-01 9.581462666761e-01 9.584949492892e-01 9.588378701675e-01 9.591751709536e-01
7.990425252777e-05 2.879478382634e-03 2.649838207149e-02 9.816263450016e-02 2.018038330396e-01 3.018251431107e-01 3.850097813058e-01 4.520122434507e-01 5.062907208858e-01 5.509216716380e-01 5.881976204971e-01 6.197758375973e-01 6.468621685116e-01 6.703485236615e-01 6.909067418475e-01 7.090518118170e-01 7.251848596483e-01 7.396228668001e-01 7.526195926803e-01 7.643805701260e-01 7.750740344386e-01 7.848390128429e-01 7.937913976888e-01 8.020285655671e-01 8.096329325868e-01 8.166747209371e-01 8.232141335146e-01 8.293030792461e-01 8.349865537869e-01 8.403037533077e-01 8.452889796812e-01 8.499723812681e-01 8.543805631110e-01 8.585370926277e-01 8.624629211037e-01 8.661767368981e-01 8.696952629299e-01 8.730335084384e-01 8.762049830111e-01 8.792218793166e-01 8.820952297539e-01 8.848350412611e-01 8.874504117553e-01 8.899496310589e-01 8.923402686710e-01 8.946292503423e-01 8.968229250852e-01 8.989271239837e-01 9.009472119511e-01 9.028881334027e-01 9.047544526619e-01 9.065503897952e-01 9.082798524677e-01 9.099464643256e-01 9.115535903399e-01 9.131043594836e-01 9.146016850646e-01 9.160482829918e-01 9.174466882156e-01 9.187992695526e-01 9.201082430761e-01 9.213756842318e-01 9.226035388189e-01 9.237936329574e-01 9.249476821502e-01 9.260672995340e-01 9.271540034023e-01 9.282092240748e-01 9.292343101783e-01 9.302305343967e-01 9.311990987427e-01 9.321411393958e-01 9.330577311484e-01 9.339498914968e-01 9.348185844084e-01 9.356647237967e-01 9.364891767281e-01 9.372927663856e-01 9.380762748107e-01 9.388404454415e-01 9.395859854661e-01 9.403135680049e-01 9.410238341379e-01 9.417173947889e-01 9.423948324775e-01 9.430567029515e-01 9.437035367069e-01 9.443358404066e-01 9.449540982033e-01 9.455587729763e-01 9.461503074873e-01 9.467291254611e-01 9.472956325984e-01 9.478502175238e-01 9.483932526749e-01 9.489250951364e-01 9.494460874232e-01 9.499565582159e-01 9.504568230525e-01 9.509471849783e-01 9.514279351588e-01 9.518993534555e-01 9.523617089697e-01 9.528152605544e-01 9.532602572979e-01 9.536969389795e-01 9.541255365007e-01 9.545462722922e-01 9.549593606987e-01 9.553650083431e-01 9.557634144714e-01 9.561547712784e-01 9.565392642176e-01 9.569170722935e-01 9.572883683400e-01 9.576533192840e-01 9.580120863951e-01 9.583648255241e-01 9.587116873278e-01 9.590528174844e-01 9.593883568966e-01
8.393507412631e-05 3.011334014405e-03 2.748069907665e-02 1.006970387542e-01 2.051959007301e-01 3.052493730863e-01 3.881726567830e-01 4.548762914458e-01 5.088860317670e-01 5.532875902048e-01 5.903691107083e-01 6.217815937771e-01 6.487253711608e-01 6.720879579349e-01 6.925377688631e-01 7.105871250360e-01 7.266350574154e-01 7.409968845456e-01 7.539250313676e-01 7.656239483820e-01 7.762609842546e-01 7.859744331570e-01 7.948795761913e-01 8.030732762643e-01 8.106375146701e-01 8.176421430887e-01 8.241470467560e-01 8.302038606918e-01 8.358573431189e-01 8.411464833743e-01 8.461054023221e-01 8.507640892308e-01 8.551490087482e-01 8.592836039264e-01 8.631887154900e-01 8.668829331787e-01 8.703828916639e-01 8.737035209802e-01 8.768582594240e-01 8.798592353223e-01 8.827174228554e-01 8.854427761541e-01 8.880443451251e-01 8.905303758446e-01 8.929083978669e-01 8.951853003952e-01 8.973673989375e-01 8.994604938066e-01 9.014699216049e-01 9.034006006555e-01 9.052570711956e-01 9.070435310220e-01 9.087638671787e-01 9.104216841897e-01 9.120203292687e-01 9.135629148770e-01 9.150523389487e-01 9.164913030604e-01 9.178823287856e-01 9.192277724405e-01 9.205298384037e-01 9.217905911689e-01 9.230119662671e-01 9.241957801816e-01 9.253437393625e-01 9.264574484339e-01 9.275384176772e-01 9.285880698640e-01 9.296077465043e-01 9.305987135661e-01 9.315621667190e-01 9.324992361466e-01 9.334109909697e-01 9.342984433150e-01 9.351625520632e-01 9.360042263048e-01 9.368243285307e-01 9.376236775799e-01 9.384030513671e-01 9.391631894071e-01 9.399047951560e-01 9.406285381823e-01 9.413350561830e-01 9.420249568577e-01 9.426988196523e-01 9.433571973817e-01 9.440006177426e-01 9.446295847240e-01 9.452445799238e-01 9.458460637786e-01 9.464344767136e-01 9.470102402177e-01 9.475737578506e-01 9.481254161860e-01 9.486655856963e-01 9.491946215817e-01 9.497128645496e-01 9.502206415463e-01 9.507182664444e-01 9.512060406903e-01 9.516842539128e-01 9.521531844966e-01 9.526131001230e-01 9.530642582790e-01 9.535069067383e-01 9.539412840151e-01 9.543676197921e-01 9.547861353264e-01 9.551970438316e-01 9.556005508403e-01 9.559968545469e-01 9.563861461321e-01 9.567686100706e-01 9.571444244224e-01 9.575137611094e-01 9.578767861774e-01 9.582336600452e-01 9.585845377410e-01 9.589295691267e-01 9.592688991115e-01 9.596026678549e-01
8.821267240260e-05 3.150415542660e-03 2.850408148930e-02 1.032957347172e-01 2.086351513639e-01 3.087030968106e-01 3.913563166078e-01 4.577569999176e-01 5.114957013860e-01 5.556663324227e-01 5.925522689993e-01 6.237980861829e-01 6.505985292476e-01 6.738366783111e-01 6.941774994461e-01 7.121306291970e-01 7.280929910712e-01 7.423782312985e-01 7.552374329833e-01 7.668739583928e-01 7.774542647649e-01 7.871159092750e-01 7.959735584997e-01 8.041235589116e-01 8.116474546656e-01 8.186147249530e-01 8.250849356527e-01 8.311094464159e-01 8.367327767653e-01 8.419937081010e-01 8.469261793126e-01 8.515600197280e-01 8.559215528510e-01 8.600340967045e-01 8.639183808629e-01 8.675928959203e-01 8.710741878298e-01 8.743771069986e-01 8.775150200521e-01 8.804999906326e-01 8.833429343909e-01 8.860537523690e-01 8.886414462069e-01 8.911142180017e-01 8.934795571498e-01 8.957443161115e-01 8.979147767121e-01 8.999967083292e-01 9.019954191028e-01 9.039158011251e-01 9.057623704185e-01 9.075393023912e-01 9.092504633564e-01 9.108994386137e-01 9.124895575249e-01 9.140239159513e-01 9.155053963712e-01 9.169366859530e-01 9.183202928215e-01 9.196585607257e-01 9.209536822876e-01 9.222077109902e-01 9.234225720413e-01 9.246000722366e-01 9.257419089249e-01 9.268496781723e-01 9.279248822051e-01 9.289689362070e-01 9.299831745331e-01 9.309688563996e-01 9.319271710990e-01 9.328592427874e-01 9.337661348834e-01 9.346488541158e-01 9.355083542511e-01 9.363455395315e-01 9.371612678476e-01 9.379563536715e-01 9.387315707688e-01 9.394876547104e-01 9.402253052005e-01 9.409451882364e-01 9.416479381142e-01 9.423341592925e-01 9.430044281265e-01 9.436592944830e-01 9.442992832442e-01 9.449248957111e-01 9.455366109131e-01 9.461348868312e-01 9.467201615415e-01 9.472928542850e-01 9.478533664690e-01 9.484020826057e-01 9.489393711914e-01 9.494655855319e-01 9.499810645177e-01 9.504861333511e-01 9.509811042308e-01 9.514662769955e-01 9.519419397293e-01 9.524083693322e-01 9.528658320577e-01 9.533145840197e-01 9.537548716704e-01 9.541869322518e-01 9.546109942219e-01 9.550272776574e-01 9.554359946350e-01 9.558373495909e-01 9.562315396627e-01 9.566187550113e-01 9.569991791276e-01 9.573729891219e-01 9.577403559992e-01 9.581014449197e-01 9.584564154466e-01 9.588054217813e-01 9.591486129865e-01 9.594861331985e-01 9.598181218292e-01
9.275485936909e-05 3.297181635371e-03 2.957035258519e-02 1.059600183876e-01 2.121218770427e-01 3.121864742900e-01 3.945609615208e-01 4.606545855304e-01 5.141199411819e-01 5.580580971572e-01 5.947472803969e-01 6.258254867826e-01 6.524818029884e-01 6.755948345809e-01 6.958260741568e-01 7.136824566639e-01 7.295587856687e-01 7.437670255573e-01 7.565569101194e-01 7.681307074024e-01 7.786539783490e-01 7.882635391336e-01 7.970734384764e-01 8.051795036228e-01 8.126628392260e-01 8.195925499776e-01 8.260278806760e-01 8.320199141179e-01 8.376129298388e-01 8.428455001801e-01 8.477513810760e-01 8.523602410509e-01 8.566982617039e-01 8.607886353548e-01 8.646519798281e-01 8.683066860381e-01 8.717692107410e-01 8.750543242878e-01 8.781753212461e-01 8.811442002247e-01 8.839718180297e-01 8.866680223279e-01 8.892417662326e-01 8.917012076245e-01 8.940537955254e-01 8.963063454552e-01 8.984651053745e-01 9.005358135589e-01 9.025237495330e-01 9.044337790162e-01 9.062703936856e-01 9.080377464406e-01 9.097396827511e-01 9.113797685892e-01 9.129613153684e-01 9.144874022605e-01 9.159608962050e-01 9.173844698838e-01 9.187606179008e-01 9.200916713702e-01 9.213798110939e-01 9.226270794846e-01 9.238353913719e-01 9.250065438110e-01 9.261422250006e-01 9.272440224026e-01 9.283134301450e-01 9.293518557825e-01 9.303606264768e-01 9.313409946557e-01 9.322941432004e-01 9.332211902069e-01 9.341231933612e-01 9.350011539647e-01 9.358560206423e-01 9.366886927616e-01 9.375000235885e-01 9.382908232043e-01 9.390618612032e-01 9.398138691908e-01 9.405475430995e-01 9.412635453361e-01 9.419625067772e-01 9.426450286229e-01 9.433116841216e-01 9.439630201755e-01 9.445995588374e-01 9.452217987057e-01 9.458302162277e-01 9.464252669152e-01 9.470073864827e-01 9.475769919113e-01 9.481344824444e-01 9.486802405210e-01 9.492146326511e-01 9.497380102360e-01 9.502507103391e-01 9.507530564096e-01 9.512453589633e-01 9.517279162223e-01 9.522010147178e-01 9.526649298571e-01 9.531199264583e-01 9.535662592547e-01 9.540041733698e-01 9.544339047666e-01 9.548556806717e-01 9.552697199753e-01 9.556762336108e-01 9.560754249124e-01 9.564674899548e-01 9.568526178739e-01 9.572309911714e-01 9.576027860028e-01 9.579681724512e-01 9.583273147866e-01 9.586803717118e-01 9.590274965971e-01 9.593688377014e-01 9.597045383842e-01 9.600347373057e-01
9.758093089141e-05 3.452123819519e-03 3.068141478226e-02 1.086911886019e-01 2.156563651679e-01 3.156996719363e-01 3.977868002511e-01 4.635692721452e-01 5.167589689324e-01 5.604630889466e-01 5.969543350846e-01 6.278639722837e-01 6.543753569912e-01 6.773625806302e-01 6.974836373923e-01 7.152427434114e-01 7.310325696707e-01 7.451633890506e-01 7.578835784369e-01 7.693943055775e-01 7.798602301766e-01 7.894174233379e-01 7.981793125418e-01 8.062412029672e-01 8.136837573654e-01 8.205757038842e-01 8.269759644898e-01 8.329353436149e-01 8.384978794987e-01 8.437019342849e-01 8.485810799543e-01 8.531648233517e-01 8.574792033981e-01 8.615472860247e-01 8.653895766974e-01 8.690243661073e-01 8.724680213276e-01 8.757352322167e-01 8.788392208918e-01 8.817919205739e-01 8.846041289036e-01 8.872856398814e-01 8.898453578298e-01 8.922913961718e-01 8.946311633351e-01 8.968714376972e-01 8.990184331698e-01 9.010778567570e-01 9.030549592120e-01 9.049545797378e-01 9.067811855335e-01 9.085389068666e-01 9.102315682509e-01 9.118627162249e-01 9.134356441564e-01 9.149534144369e-01 9.164188783818e-01 9.178346941081e-01 9.192033426251e-01 9.205271423431e-01 9.218082621796e-01 9.230487334167e-01 9.242504604491e-01 9.254152305385e-01 9.265447226838e-01 9.276405156956e-01 9.287040955595e-01 9.297368621595e-01 9.307401354249e-01 9.317151609581e-01 9.326631151942e-01 9.335851101358e-01 9.344821977050e-01 9.353553737464e-01 9.362055817154e-01 9.370337160781e-01 9.378406254507e-01 9.386271154997e-01 9.393939516254e-01 9.401418614464e-01 9.408715371023e-01 9.415836373903e-01 9.422787897489e-01 9.429575921019e-01 9.436206145735e-01 9.442684010857e-01 9.449014708462e-01 9.455203197363e-01 9.461254216067e-01 9.467172294871e-01 9.472961767173e-01 9.478626780060e-01 9.484171304209e-01 9.489599143169e-01 9.494913942067e-01 9.500119195764e-01 9.505218256527e-01 9.510214341220e-01 9.515110538080e-01 9.519909813077e-01 9.524615015905e-01 9.529228885631e-01 9.533754056003e-01 9.538193060473e-01 9.542548336916e-01 9.546822232106e-01 9.551017005922e-01 9.555134835341e-01 9.559177818199e-01 9.563147976759e-01 9.567047261082e-01 9.570877552219e-01 9.574640665242e-01 9.578338352107e-01 9.581972304375e-01 9.585544155793e-01 9.589055484743e-01 9.592507816567e-01 9.595902625776e-01 9.599241338153e-01 9.602525332743e-01
1.027118070553e-04 3.615769078497e-03 3.183925240786e-02 1.114905456315e-01 2.192388987695e-01 3.192428630400e-01 4.010340498514e-01 4.665012910905e-01 5.194130089917e-01 5.628815182171e-01 5.991736285990e-01 6.299137243148e-01 6.562793604247e-01 6.791400745971e-01 6.991503375348e-01 7.168116291637e-01 7.325144750813e-01 7.465674468619e-01 7.592175567837e-01 7.706648661203e-01 7.810731283149e-01 7.905776652651e-01 7.992912797728e-01 8.073087520645e-01 8.147103005501e-01 8.215642747558e-01 8.279292720354e-01 8.338558169226e-01 8.393877050304e-01 8.445630871457e-01 8.494153502826e-01 8.539738387154e-01 8.582644479004e-01 8.623101166840e-01 8.661312375543e-01 8.697460004269e-01 8.731706821981e-01 8.764198917899e-01 8.795067784701e-01 8.824432097115e-01 8.852399236632e-01 8.879066603639e-01 8.904522750762e-01 8.928848365207e-01 8.952117123069e-01 8.974396434659e-01 8.995748096724e-01 9.016228864869e-01 9.035890957326e-01 9.054782499500e-01 9.072947917254e-01 9.090428285698e-01 9.107261639251e-01 9.123483247896e-01 9.139125863856e-01 9.154219942317e-01 9.168793839337e-01 9.182873989631e-01 9.196485066595e-01 9.209650126596e-01 9.222390739309e-01 9.234727105638e-01 9.246678164601e-01 9.258261690347e-01 9.269494380354e-01 9.280391935742e-01 9.290969134494e-01 9.301239898320e-01 9.311217353789e-01 9.320913888297e-01 9.330341201377e-01 9.339510351788e-01 9.348431800790e-01 9.357115451966e-01 9.365570687885e-01 9.373806403928e-01 9.381831039498e-01 9.389652606873e-01 9.397278717884e-01 9.404716608628e-01 9.411973162366e-01 9.419054930772e-01 9.425968153661e-01 9.432718777327e-01 9.439312471602e-01 9.445754645735e-01 9.452050463198e-01 9.458204855482e-01 9.464222534987e-01 9.470108007047e-01 9.475865581188e-01 9.481499381645e-01 9.487013357219e-01 9.492411290503e-01 9.497696806539e-01 9.502873380934e-01 9.507944347484e-01 9.512912905331e-01 9.517782125694e-01 9.522554958203e-01 9.527234236852e-01 9.531822685614e-01 9.536322923729e-01 9.540737470687e-01 9.545068750935e-01 9.549319098313e-01 9.553490760252e-01 9.557585901733e-01 9.561606609034e-01 9.565554893276e-01 9.569432693774e-01 9.573241881219e-01 9.576984260679e-01 9.580661574458e-01 9.584275504798e-01 9.587827676444e-01 9.591319659082e-01 9.594752969650e-01 9.598129074534e-01 9.601449391661e-01 9.604715292479e-01
1.081701874178e-04 3.788682671116e-03 3.304593446989e-02 1.143593897320e-01 2.228697568818e-01 3.228162282625e-01 4.043029360473e-01 4.694508814453e-01 5.220822925390e-01 5.653136015083e-01 6.014053620367e-01 6.319749296169e-01 6.581939871957e-01 6.809274790380e-01 7.008263271064e-01 7.183892575411e-01 7.340046375835e-01 7.479793275603e-01 7.605589673190e-01 7.719425053869e-01 7.822927838417e-01 7.917443711724e-01 8.004094420061e-01 8.083822486842e-01 8.157425627945e-01 8.225583531296e-01 8.288878906205e-01 8.347814183416e-01 8.402824879274e-01 8.454290376303e-01 8.502542684670e-01 8.547873612349e-01 8.590540671268e-01 8.630771971960e-01 8.668770303232e-01 8.704716550873e-01 8.738772577051e-01 8.771083657114e-01 8.801780551187e-01 8.830981272852e-01 8.858792605372e-01 8.885311406510e-01 8.910625735557e-01 8.934815830206e-01 8.957954956099e-01 8.980110147997e-01 9.001342858375e-01 9.021709526646e-01 9.041262080132e-01 9.060048376128e-01 9.078112592996e-01 9.095495577014e-01 9.112235150709e-01 9.128366387573e-01 9.143921857362e-01 9.158931845596e-01 9.173424550357e-01 9.187426259091e-01 9.200961507739e-01 9.214053224217e-01 9.226722858034e-01 9.238990497553e-01 9.250874976283e-01 9.262393969350e-01 9.273564081210e-01 9.284400925510e-01 9.294919197905e-01 9.305132742546e-01 9.315054612872e-01 9.324697127270e-01 9.334071920091e-01 9.343189988486e-01 9.352061735436e-01 9.360697009349e-01 9.369105140523e-01 9.377294974782e-01 9.385274904515e-01 9.393052897359e-01 9.400636522741e-01 9.408032976445e-01 9.415249103385e-01 9.422291418735e-01 9.429166127548e-01 9.435879142991e-01 9.442436103306e-01 9.448842387611e-01 9.455103130609e-01 9.461223236319e-01 9.467207390885e-01 9.473060074545e-01 9.478785572815e-01 9.484387986953e-01 9.489871243761e-01 9.495239104759e-01 9.500495174794e-01 9.505642910111e-01 9.510685625931e-01 9.515626503574e-01 9.520468597151e-01 9.525214839856e-01 9.529868049898e-01 9.534430936072e-01 9.538906103028e-01 9.543296056218e-01 9.547603206583e-01 9.551829874962e-01 9.555978296263e-01 9.560050623408e-01 9.564048931051e-01 9.567975219109e-01 9.571831416094e-01 9.575619382274e-01 9.579340912661e-01 9.582997739853e-01 9.586591536720e-01 9.590123918955e-01 9.593596447499e-01 9.597010630839e-01 9.600367927193e-01 9.603669746588e-01 9.606917452831e-01
1.139807228930e-04 3.971471192112e-03 3.430361741870e-02 1.172990196515e-01 2.265492149671e-01 3.264199561500e-01 4.075936936023e-01 4.724182903361e-01 5.247670578402e-01 5.677595617096e-01 6.036497422711e-01 6.340477802437e-01 6.601194161350e-01 6.827249611012e-01 7.025117629327e-01 7.199757762131e-01 7.355031966848e-01 7.493991633376e-01 7.619079356443e-01 7.732273430116e-01 7.835193109643e-01 7.929176503102e-01 8.015339039475e-01 8.094617933501e-01 8.167806407615e-01 8.235580320929e-01 8.298519100121e-01 8.357122345472e-01 8.411823119793e-01 8.462998668285e-01 8.510979130656e-01 8.556054670905e-01 8.598481350190e-01 8.638485993917e-01 8.676270248419e-01 8.712013980406e-01 8.745878140140e-01 8.778007184516e-01 8.808531136975e-01 8.837567346231e-01 8.865221993947e-01 8.891591392204e-01 8.916763104182e-01 8.940816915526e-01 8.963825679111e-01 8.985856052035e-01 9.006969140558e-01 9.027221066125e-01 9.046663463504e-01 9.065343920371e-01 9.083306366193e-01 9.100591417128e-01 9.117236682616e-01 9.133277038549e-01 9.148744871191e-01 9.163670295438e-01 9.178081350509e-01 9.192004175750e-01 9.205463168868e-01 9.218481128611e-01 9.231079383641e-01 9.243277909148e-01 9.255095432536e-01 9.266549529350e-01 9.277656710502e-01 9.288432501672e-01 9.298891515723e-01 9.309047518810e-01 9.318913490830e-01 9.328501680771e-01 9.337823657438e-01 9.346890356025e-01 9.355712120904e-01 9.364298744999e-01 9.372659506043e-01 9.380803200024e-01 9.388738172048e-01 9.396472344865e-01 9.404013245258e-01 9.411368028468e-01 9.418543500849e-01 9.425546140867e-01 9.432382118618e-01 9.439057313954e-01 9.445577333354e-01 9.451947525629e-01 9.458172996555e-01 9.464258622522e-01 9.470209063273e-01 9.476028773805e-01 9.481722015489e-01 9.487292866480e-01 9.492745231454e-01 9.498082850741e-01 9.503309308879e-01 9.508428042639e-01 9.513442348566e-01 9.518355390058e-01 9.523170204017e-01 9.527889707114e-01 9.532516701679e-01 9.537053881248e-01 9.541503835794e-01 9.545869056657e-01 9.550151941193e-01 9.554354797166e-01 9.558479846895e-01 9.562529231168e-01 9.566505012955e-01 9.570409180905e-01 9.574243652664e-01 9.578010278019e-01 9.581710841871e-01 9.585347067056e-01 9.588920617018e-01 9.592433098350e-01 9.595886063197e-01 9.599281011549e-01 9.602619393407e-01 9.605902610854e-01 9.609132020015e-01
1.201702062496e-04 4.164785895869e-03 3.561454788445e-02 1.203107311018e-01 2.302775453900e-01 3.300542436685e-01 4.109065666987e-01 4.754037732490e-01 5.274675505230e-01 5.702196283100e-01 6.059069821812e-01 6.361324737723e-01 6.620558311940e-01 6.845326927097e-01 7.042068063139e-01 7.215713370603e-01 7.370102958693e-01 7.508270901534e-01 7.632645909400e-01 7.745195020377e-01 7.847528271442e-01 7.940976150420e-01 8.026647732861e-01 8.105474894500e-01 8.178246338679e-01 8.245634073854e-01 8.308214225348e-01 8.366483546844e-01 8.420872633631e-01 8.471756581402e-01 8.519463648750e-01 8.564282346327e-01 8.606467276257e-01 8.646243971493e-01 8.683812929381e-01 8.719352991748e-01 8.753024191756e-01 8.784970163177e-01 8.815320188576e-01 8.844190948008e-01 8.871688018106e-01 8.897907162163e-01 8.922935444418e-01 8.946852195895e-01 8.969729854349e-01 8.991634697062e-01 9.012627482109e-01 9.032764011149e-01 9.052095624736e-01 9.070669639387e-01 9.088529734259e-01 9.105716294074e-01 9.122266713972e-01 9.138215671121e-01 9.153595367248e-01 9.168435745651e-01 9.182764685779e-01 9.196608178037e-01 9.209990481112e-01 9.222934263842e-01 9.235460733358e-01 9.247589751032e-01 9.259339937556e-01 9.270728768331e-01 9.281772660186e-01 9.292487050337e-01 9.302886468381e-01 9.312984602033e-01 9.322794357231e-01 9.332327913166e-01 9.341596772724e-01 9.350611808790e-01 9.359383306794e-01 9.367921003857e-01 9.376234124850e-01 9.384331415638e-01 9.392221173778e-01 9.399911276876e-01 9.407409208826e-01 9.414722084098e-01 9.421856670263e-01 9.428819408874e-01 9.435616434868e-01 9.442253594593e-01 9.448736462584e-01 9.455070357171e-01 9.461260355039e-01 9.467311304792e-01 9.473227839622e-01 9.479014389141e-01 9.484675190437e-01 9.490214298428e-01 9.495635595543e-01 9.500942800798e-01 9.506139478305e-01 9.511229045253e-01 9.516214779404e-01 9.521099826129e-01 9.525887205028e-01 9.530579816151e-01 9.535180445859e-01 9.539691772343e-01 9.544116370817e-01 9.548456718424e-01 9.552715198861e-01 9.556894106742e-01 9.560995651722e-01 9.565021962393e-01 9.568975089968e-01 9.572857011765e-01 9.576669634504e-01 9.580414797432e-01 9.584094275278e-01 9.587709781063e-01 9.591262968752e-01 9.594755435782e-01 9.598188725456e-01 9.601564329214e-01 9.604883688799e-01 9.608148198302e-01 9.611359206121e-01
1.267677834560e-04 4.369326307065e-03 3.698106537274e-02 1.233958152001e-01 2.340550179448e-01 3.337192967620e-01 4.142418093359e-01 4.784075943562e-01 5.301840238657e-01 5.726940376593e-01 6.081773008911e-01 6.382292135253e-01 6.640034216498e-01 6.863508507541e-01 7.059116232053e-01 7.231760963437e-01 7.385260827583e-01 7.522632478867e-01 7.646290661103e-01 7.758191090548e-01 7.859934532283e-01 7.952843809695e-01 8.038021608146e-01 8.116394433515e-01 8.188746443961e-01 8.255745775062e-01 8.317965231742e-01 8.375898704673e-01 8.429974307390e-01 8.480564973690e-01 8.527997070203e-01 8.572557444704e-01 8.614499231872e-01 8.654046664755e-01 8.691399085095e-01 8.726734303922e-01 8.760211432015e-01 8.791973275280e-01 8.822148371132e-01 8.850852727113e-01 8.878191311343e-01 8.904259335159e-01 8.929143360987e-01 8.952922262607e-01 8.975668060261e-01 8.997446649228e-01 9.018318437389e-01 9.038338904778e-01 9.057559096033e-01 9.076026054954e-01 9.093783208940e-01 9.110870709949e-01 9.127325737584e-01 9.143182769142e-01 9.158473820749e-01 9.173228663117e-01 9.187475015007e-01 9.201238717019e-01 9.214543888022e-01 9.227413066196e-01 9.239867336439e-01 9.251926445648e-01 9.263608907190e-01 9.274932095742e-01 9.285912333511e-01 9.296564968738e-01 9.306904447274e-01 9.316944377942e-01 9.326697592293e-01 9.336176199321e-01 9.345391635613e-01 9.354354711384e-01 9.363075652783e-01 9.371564140807e-01 9.379829347159e-01 9.387879967294e-01 9.395724250945e-01 9.403370030314e-01 9.410824746157e-01 9.418095471942e-01 9.425188936230e-01 9.432111543448e-01 9.438869393173e-01 9.445468298057e-01 9.451913800503e-01 9.458211188189e-01 9.464365508539e-01 9.470381582211e-01 9.476264015691e-01 9.482017213061e-01 9.487645386989e-01 9.493152569020e-01 9.498542619205e-01 9.503819235126e-01 9.508985960352e-01 9.514046192376e-01 9.519003190068e-01 9.523860080669e-01 9.528619866376e-01 9.533285430524e-01 9.537859543414e-01 9.542344867799e-01 9.546743964052e-01 9.551059295038e-01 9.555293230715e-01 9.559448052471e-01 9.563525957225e-01 9.567529061301e-01 9.571459404090e-01 9.575318951511e-01 9.579109599297e-01 9.582833176091e-01 9.586491446396e-01 9.590086113357e-01 9.593618821407e-01 9.597091158776e-01 9.600504659872e-01 9.603860807540e-01 9.607161035209e-01 9.610406728939e-01 9.613599229354e-01
1.338051884022e-04 4.585844144060e-03 3.840560489969e-02 1.265555568874e-01 2.378819004375e-01 3.374153309343e-01 4.175996857467e-01 4.814300268601e-01 5.329167391012e-01 5.751830332442e-01 6.104609240233e-01 6.403382088038e-01 6.659623823228e-01 6.881796172945e-01 7.076263844075e-01 7.247902148841e-01 7.400507092793e-01 7.537077804958e-01 7.660014979350e-01 7.771262943440e-01 7.872413135871e-01 7.964780670654e-01 8.049461805564e-01 8.127377645236e-01 8.199307776104e-01 8.265916438259e-01 8.327773096853e-01 8.385368762839e-01 8.439129053526e-01 8.489424728202e-01 8.536580250502e-01 8.580880795626e-01 8.622578022249e-01 8.661894855937e-01 8.699029476084e-01 8.734158656917e-01 8.767440581450e-01 8.799017222897e-01 8.829016369177e-01 8.857553351400e-01 8.884732525622e-01 8.910648548008e-01 8.935387476241e-01 8.959027724194e-01 8.981640892161e-01 9.003292491190e-01 9.024042576926e-01 9.043946305901e-01 9.063054425116e-01 9.081413704058e-01 9.099067316906e-01 9.116055181491e-01 9.132414260625e-01 9.148178830571e-01 9.163380720767e-01 9.178049528335e-01 9.192212810410e-01 9.205896256916e-01 9.219123846085e-01 9.231917984679e-01 9.244299634652e-01 9.256288427756e-01 9.267902769408e-01 9.279159932974e-01 9.290076145488e-01 9.300666665694e-01 9.310945855211e-01 9.320927243510e-01 9.330623587323e-01 9.340046925034e-01 9.349208626545e-01 9.358119439038e-01 9.366789529033e-01 9.375228521078e-01 9.383445533396e-01 9.391449210740e-01 9.399247754738e-01 9.406848951922e-01 9.414260199664e-01 9.421488530185e-01 9.428540632813e-01 9.435422874630e-01 9.442141319648e-01 9.448701746624e-01 9.455109665645e-01 9.461370333557e-01 9.467488768351e-01 9.473469762576e-01 9.479317895861e-01 9.485037546604e-01 9.490632902912e-01 9.496107972821e-01 9.501466593874e-01 9.506712442092e-01 9.511849040383e-01 9.516879766430e-01 9.521807860099e-01 9.526636430397e-01 9.531368462015e-01 9.536006821475e-01 9.540554262926e-01 9.545013433593e-01 9.549386878920e-01 9.553677047412e-01 9.557886295207e-01 9.562016890390e-01 9.566071017071e-01 9.570050779234e-01 9.573958204377e-01 9.577795246957e-01 9.581563791651e-01 9.585265656442e-01 9.588902595543e-01 9.592476302168e-01 9.595988411162e-01 9.599440501493e-01 9.602834098623e-01 9.606170676750e-01 9.609451660945e-01 9.612678429185e-01 9.615852314279e-01
1.413170038676e-04 4.815147583218e-03 3.989069954494e-02 1.297912333331e-01 2.417584593242e-01 3.411425718558e-01 4.209804708340e-01 4.844713533544e-01 5.356659657374e-01 5.776868659781e-01 6.127580839643e-01 6.424596751338e-01 6.679329138050e-01 6.900191797739e-01 7.093512657659e-01 7.264138582496e-01 7.415843318432e-01 7.551608361871e-01 7.673820272297e-01 7.784411920301e-01 7.884965362606e-01 7.976787958121e-01 8.060969498983e-01 8.138425656648e-01 8.209931418806e-01 8.276147107060e-01 8.337638827069e-01 8.394894693069e-01 8.448337811411e-01 8.498336754042e-01 8.545214070372e-01 8.589253253156e-01 8.630704476357e-01 8.669789350344e-01 8.706704885306e-01 8.741626812549e-01 8.774712381848e-01 8.806102728811e-01 8.835924887441e-01 8.864293508425e-01 8.891312332142e-01 8.917075456310e-01 8.941668430893e-01 8.965169207141e-01 8.987648962926e-01 9.009172822794e-01 9.029800488077e-01 9.049586789898e-01 9.068582175863e-01 9.086833139531e-01 9.104382600361e-01 9.121270240682e-01 9.137532805233e-01 9.153204368055e-01 9.168316570800e-01 9.182898835976e-01 9.196978558135e-01 9.210581275639e-01 9.223730825253e-01 9.236449481545e-01 9.248758082798e-01 9.260676144942e-01 9.272221964806e-01 9.283412713848e-01 9.294264523366e-01 9.304792562082e-01 9.315011106884e-01 9.324933607422e-01 9.334572745167e-01 9.343940487480e-01 9.353048137183e-01 9.361906378053e-01 9.370525316627e-01 9.378914520675e-01 9.387083054621e-01 9.395039512217e-01 9.402792046705e-01 9.410348398676e-01 9.417715921861e-01 9.424901606992e-01 9.431912103931e-01 9.438753742198e-01 9.445432550026e-01 9.451954272080e-01 9.458324385939e-01 9.464548117435e-01 9.470630454953e-01 9.476576162769e-01 9.482389793491e-01 9.488075699688e-01 9.493638044756e-01 9.499080813086e-01 9.504407819579e-01 9.509622718571e-01 9.514729012183e-01 9.519730058171e-01 9.524629077287e-01 9.529429160196e-01 9.534133273979e-01 9.538744268248e-01 9.543264880901e-01 9.547697743548e-01 9.552045386612e-01 9.556310244155e-01 9.560494658412e-01 9.564600884090e-01 9.568631092411e-01 9.572587374946e-01 9.576471747231e-01 9.580286152195e-01 9.584032463393e-01 9.587712488083e-01 9.591327970129e-01 9.594880592755e-01 9.598371981161e-01 9.601803705000e-01 9.605177280733e-01 9.608494173861e-01 9.611755801049e-01 9.614963532142e-01 9.618118692087e-01
1.493409519902e-04 5.058105894827e-03 4.143898289942e-02 1.331041123335e-01 2.456849604095e-01 3.449012559967e-01 4.243844506270e-01 4.875318662043e-01 5.384319818935e-01 5.802057945075e-01 6.150690201458e-01 6.445938345247e-01 6.699152227001e-01 6.918697312432e-01 7.110864483814e-01 7.280471969546e-01 7.431271115323e-01 7.566225675923e-01 7.687707990141e-01 7.797639402421e-01 7.897592531111e-01 7.988866933485e-01 8.072545897317e-01 8.149539628377e-01 8.220618488117e-01 8.286438856232e-01 8.347563458820e-01 8.404477496098e-01 8.457601548460e-01 8.507301987453e-01 8.553899436829e-01 8.597675696853e-01 8.638879447913e-01 8.677730977325e-01 8.714426119094e-01 8.749139555377e-01 8.782027597140e-01 8.813230537382e-01 8.842874651692e-01 8.871073906267e-01 8.897931422137e-01 8.923540735237e-01 8.947986884782e-01 8.971347356636e-01 8.993692903726e-01 9.015088261790e-01 9.035592775733e-01 9.055260949325e-01 9.074142928988e-01 9.092284930704e-01 9.109729617699e-01 9.126516435386e-01 9.142681909131e-01 9.158259909548e-01 9.173281889381e-01 9.187777095479e-01 9.201772758844e-01 9.215294265369e-01 9.228365309508e-01 9.241008032844e-01 9.253243149254e-01 9.265090058152e-01 9.276566947132e-01 9.287690885136e-01 9.298477907152e-01 9.308943091343e-01 9.319100629363e-01 9.328963890563e-01 9.338545480702e-01 9.347857295696e-01 9.356910570885e-01 9.365715926261e-01 9.374283408026e-01 9.382622526826e-01 9.390742292969e-01 9.398651248902e-01 9.406357499187e-01 9.413868738207e-01 9.421192275785e-01 9.428335060920e-01 9.435303703772e-01 9.442104496072e-01 9.448743430064e-01 9.455226216117e-01 9.461558299105e-01 9.467744873663e-01 9.473790898394e-01 9.479701109129e-01 9.485480031298e-01 9.491131991483e-01 9.496661128224e-01 9.502071402124e-01 9.507366605309e-01 9.512550370297e-01 9.517626178302e-01 9.522597367032e-01 9.527467138011e-01 9.532238563453e-01 9.536914592724e-01 9.541498058423e-01 9.545991682102e-01 9.550398079661e-01 9.554719766415e-01 9.558959161894e-01 9.563118594350e-01 9.567200305029e-01 9.571206452190e-01 9.575139114916e-01 9.579000296712e-01 9.582791928905e-01 9.586515873866e-01 9.590173928064e-01 9.593767824949e-01 9.597299237698e-01 9.600769781808e-01 9.604181017561e-01 9.607534452363e-01 9.610831542967e-01 9.614073697579e-01 9.617262277868e-01 9.620398600869e-01
1.579182179343e-04 5.315654484026e-03 4.305319138183e-02 1.364954507145e-01 2.496616696054e-01 3.486916312879e-01 4.278119227607e-01 4.906118679467e-01 5.412150746565e-01 5.827400855342e-01 6.173939793395e-01 6.467409157426e-01 6.719095218778e-01 6.937314705977e-01 7.128321188330e-01 7.296904066685e-01 7.446792142976e-01 7.580931319555e-01 7.701679626903e-01 7.810946812829e-01 7.910295999851e-01 8.001018896248e-01 8.084192246007e-01 8.160720756118e-01 8.231370133807e-01 8.296792793017e-01 8.357548059852e-01 8.414118202895e-01 8.466921261318e-01 8.516321392964e-01 8.562637284293e-01 8.606149032853e-01 8.647103816426e-01 8.685720591285e-01 8.722194008141e-01 8.756697693665e-01 8.789387014337e-01 8.820401415462e-01 8.849866409624e-01 8.877895274400e-01 8.904590507726e-01 8.930045080361e-01 8.954343517682e-01 8.977562837359e-01 8.999773364803e-01 9.021039444597e-01 9.041420063063e-01 9.060969394639e-01 9.079737282746e-01 9.097769664114e-01 9.115108944180e-01 9.131794330016e-01 9.147862126289e-01 9.163345998953e-01 9.178277210706e-01 9.192684831676e-01 9.206595928325e-01 9.220035733155e-01 9.233027797452e-01 9.245594129012e-01 9.257755316550e-01 9.269530642261e-01 9.280938183845e-01 9.291994907106e-01 9.302716750145e-01 9.313118700016e-01 9.323214862622e-01 9.333018526532e-01 9.342542221337e-01 9.351797771072e-01 9.360796343191e-01 9.369548493516e-01 9.378064207546e-01 9.386352938460e-01 9.394423642122e-01 9.402284809364e-01 9.409944495778e-01 9.417410349252e-01 9.424689635443e-01 9.431789261360e-01 9.438715797223e-01 9.445475496746e-01 9.452074315966e-01 9.458517930747e-01 9.464811753065e-01 9.470960946165e-01 9.476970438691e-01 9.482844937856e-01 9.488588941747e-01 9.494206750802e-01 9.499702478556e-01 9.505080061680e-01 9.510343269387e-01 9.515495712245e-01 9.520540850434e-01 9.525482001495e-01 9.530322347607e-01 9.535064942420e-01 9.539712717479e-01 9.544268488267e-01 9.548734959893e-01 9.553114732449e-01 9.557410306054e-01 9.561624085615e-01 9.565758385320e-01 9.569815432868e-01 9.573797373480e-01 9.577706273676e-01 9.581544124855e-01 9.585312846674e-01 9.589014290251e-01 9.592650241199e-01 9.596222422497e-01 9.599732497209e-01 9.603182071072e-01 9.606572694940e-01 9.609905867111e-01 9.613183035534e-01 9.616405599909e-01 9.619574913676e-01 9.622692285911e-01
1.670938109667e-04 5.588800373080e-03 4.473616639583e-02 1.399664927496e-01 2.536888537543e-01 3.525139578110e-01 4.312631969784e-01 4.937116717114e-01 5.440155404551e-01 5.852900141553e-01 6.197332159699e-01 6.489011545987e-01 6.739160307415e-01 6.956046028270e-01 7.145884694119e-01 7.313436684363e-01 7.462408111671e-01 7.595726913313e-01 7.715736722299e-01 7.824335618075e-01 7.923077168841e-01 8.013245185657e-01 8.095909828584e-01 8.171970272135e-01 8.242187540808e-01 8.307210058518e-01 8.367593730566e-01 8.423817875963e-01 8.476297977109e-01 8.525395964604e-01 8.571428575763e-01 8.614674195000e-01 8.655378488304e-01 8.693759072760e-01 8.730009408548e-01 8.764302060396e-01 8.796791444523e-01 8.827616153352e-01 8.856900931800e-01 8.884758364607e-01 8.911290322808e-01 8.936589208525e-01 8.960739030160e-01 8.983816334319e-01 9.005891016285e-01 9.027027027094e-01 9.047282992290e-01 9.066712754968e-01 9.085365853693e-01 9.103287944232e-01 9.120521172661e-01 9.137104506250e-01 9.153074027618e-01 9.168463196809e-01 9.183303085309e-01 9.197622585446e-01 9.211448598138e-01 9.224806201556e-01 9.237718802941e-01 9.250208275483e-01 9.262295081970e-01 9.273998386666e-01 9.285336156699e-01 9.296325254107e-01 9.306981519509e-01 9.317319848295e-01 9.327354260091e-01 9.337097962191e-01 9.346563407552e-01 9.355762347889e-01 9.364705882354e-01 9.373404502205e-01 9.381868131869e-01 9.390106166705e-01 9.398127507802e-01 9.405940594060e-01 9.413553431799e-01 9.420973622132e-01 9.428208386277e-01 9.435264588998e-01 9.442148760331e-01 9.448867115738e-01 9.455425574829e-01 9.461829778752e-01 9.468085106383e-01 9.474196689387e-01 9.480169426261e-01 9.486007995431e-01 9.491716867470e-01 9.497300316515e-01 9.502762430939e-01 9.508107123338e-01 9.513338139870e-01 9.518459069021e-01 9.523473349806e-01 9.528384279476e-01 9.533195020747e-01 9.537908608591e-01 9.542527956625e-01 9.547055863110e-01 9.551495016611e-01 9.555848001316e-01 9.560117302053e-01 9.564305309020e-01 9.568414322251e-01 9.572446555820e-01 9.576404141826e-01 9.580289134152e-01 9.584103512015e-01 9.587849183331e-01 9.591527987897e-01 9.595141700405e-01 9.598692033294e-01 9.602180639458e-01 9.605609114812e-01 9.608979000724e-01 9.612291786330e-01 9.615548910722e-01 9.618751765038e-01 9.621901694441e-01 9.625000000000e-01
1.769169677355e-04 5.878628164473e-03 4.649085629712e-02 1.435184686056e-01 2.577667815180e-01 3.563685085196e-01 4.347385956602e-01 4.968316016662e-01 5.468336854554e-01 5.878558642230e-01 6.220869924433e-01 6.510747942533e-01 6.759349755105e-01 6.974893392795e-01 7.163556983688e-01 7.330071689120e-01 7.478120784659e-01 7.610614127922e-01 7.729880863725e-01 7.837807330124e-01 7.935937481445e-01 8.025547182424e-01 8.107699968318e-01 8.183289446846e-01 8.253071930741e-01 8.317691829170e-01 8.377701605433e-01 8.433577610699e-01 8.485732754760e-01 8.534526727178e-01 8.580274304053e-01 8.623252146055e-01 8.663704398018e-01 8.701847329547e-01 8.737873202919e-01 8.771953514342e-01 8.804241723891e-01 8.834875565824e-01 8.863979012638e-01 8.891663951949e-01 8.918031624003e-01 8.943173858770e-01 8.967174144470e-01 8.990108553732e-01 9.012046549048e-01 9.033051685468e-01 9.053182225526e-01 9.072491678920e-01 9.091029277471e-01 9.108840394247e-01 9.125966914353e-01 9.142447563775e-01 9.158318201708e-01 9.173612081009e-01 9.188360080772e-01 9.202590914421e-01 9.216331316303e-01 9.229606209308e-01 9.242438855736e-01 9.254850993339e-01 9.266862958200e-01 9.278493795915e-01 9.289761362363e-01 9.300682415170e-01 9.311272696870e-01 9.321547010621e-01 9.331519289239e-01 9.341202658238e-01 9.350609493467e-01 9.359751473873e-01 9.368639629883e-01 9.377284387794e-01 9.385695610577e-01 9.393882635419e-01 9.401854308293e-01 9.409619015842e-01 9.417184714813e-01 9.424558959254e-01 9.431748925667e-01 9.438761436311e-01 9.445602980785e-01 9.452279736069e-01 9.458797585115e-01 9.465162134144e-01 9.471378728724e-01 9.477452468744e-01 9.483388222372e-01 9.489190639063e-01 9.494864161709e-01 9.500413037982e-01 9.505841330939e-01 9.511152928949e-01 9.516351554975e-01 9.521440775281e-01 9.526424007589e-01 9.531304528734e-01 9.536085481847e-01 9.540769883108e-01 9.545360628092e-01 9.549860497735e-01 9.554272163954e-01 9.558598194933e-01 9.562841060117e-01 9.567003134904e-01 9.571086705083e-01 9.575093971021e-01 9.579027051616e-01 9.582887988031e-01 9.586678747227e-01 9.590401225309e-01 9.594057250681e-01 9.597648587045e-01 9.601176936237e-01 9.604643940916e-01 9.608051187117e-01 9.611400206662e-01 9.614692479466e-01 9.617929435711e-01 9.621112457921e-01 9.624242882930e-01 9.627322003750e-01
1.874416032226e-04 6.186306527680e-03 4.832031813726e-02 1.471525928264e-01 2.618957243345e-01 3.602555699926e-01 4.382384543778e-01 4.999719934852e-01 5.496698259795e-01 5.904379287232e-01 6.244555794958e-01 6.532620855374e-01 6.779665895191e-01 6.993858979405e-01 7.181340101756e-01 7.346811006041e-01 7.493931980488e-01 7.625594686500e-01 7.744113688348e-01 7.851363508341e-01 7.948878426277e-01 8.037926310549e-01 8.119564029968e-01 8.194679590494e-01 8.264024563527e-01 8.328239318288e-01 8.387872854490e-01 8.443398536841e-01 8.495226686394e-01 8.543714737618e-01 8.589175493101e-01 8.631883878960e-01 8.672082509337e-01 8.709986297905e-01 8.745786301529e-01 8.779652941199e-01 8.811738714850e-01 8.842180493194e-01 8.871101471465e-01 8.898612835782e-01 8.924815191652e-01 8.949799793302e-01 8.973649605510e-01 8.996440223957e-01 9.018240675628e-01 9.039114117105e-01 9.059118445638e-01 9.078306835435e-01 9.096728209652e-01 9.114427656884e-01 9.131446799630e-01 9.147824121078e-01 9.163595255598e-01 9.178793247564e-01 9.193448782466e-01 9.207590393709e-01 9.221244648021e-01 9.234436312036e-01 9.247188502208e-01 9.259522819999e-01 9.271459473993e-01 9.283017390378e-01 9.294214313079e-01 9.305066894660e-01 9.315590778956e-01 9.325800676311e-01 9.335710432190e-01 9.345333089813e-01 9.354680947437e-01 9.363765610787e-01 9.372598041131e-01 9.381188599398e-01 9.389547086723e-01 9.397682781750e-01 9.405604474990e-01 9.413320500507e-01 9.420838765162e-01 9.428166775639e-01 9.435311663449e-01 9.442280208075e-01 9.449078858431e-01 9.455713752767e-01 9.462190737153e-01 9.468515382660e-01 9.474693001341e-01 9.480728661111e-01 9.486627199616e-01 9.492393237161e-01 9.498031188781e-01 9.503545275518e-01 9.508939534955e-01 9.514217831081e-01 9.519383863519e-01 9.524441176174e-01 9.529393165338e-01 9.534243087302e-01 9.538994065492e-01 9.543649097177e-01 9.548211059777e-01 9.552682716793e-01 9.557066723390e-01 9.561365631651e-01 9.565581895537e-01 9.569717875554e-01 9.573775843159e-01 9.577757984926e-01 9.581666406465e-01 9.585503136143e-01 9.589270128590e-01 9.592969268021e-01 9.596602371377e-01 9.600171191304e-01 9.603677418966e-01 9.607122686725e-01 9.610508570670e-01 9.613836593020e-01 9.617108224412e-01 9.620324886061e-01 9.623487951822e-01 9.626598750148e-01 9.629658565945e-01
1.987268156192e-04 6.513095256087e-03 5.022771914847e-02 1.508700628722e-01 2.660759574466e-01 3.641754432225e-01 4.417631224790e-01 5.031331948443e-01 5.525242889460e-01 5.930365101776e-01 6.268392565615e-01 6.554632872922e-01 6.800111135321e-01 7.012945037272e-01 7.199236158016e-01 7.363656621363e-01 7.509843575457e-01 7.640670366878e-01 7.758436885319e-01 7.865005761604e-01 7.961901539215e-01 8.050384039243e-01 8.131503421619e-01 8.206142054925e-01 8.275046739086e-01 8.338853777711e-01 8.398108684920e-01 8.453281819996e-01 8.504780898808e-01 8.552961086414e-01 8.598133199354e-01 8.640570418182e-01 8.680513816624e-01 8.718176943816e-01 8.753749643555e-01 8.787401254783e-01 8.819283307189e-01 8.849531802455e-01 8.878269153617e-01 8.905605840844e-01 8.931641830871e-01 8.956467798529e-01 8.980166181829e-01 9.002812096475e-01 9.024474131181e-01 9.045215041532e-01 9.065092357172e-01 9.084158914691e-01 9.102463326620e-01 9.120050395274e-01 9.136961478879e-01 9.153234816282e-01 9.168905815602e-01 9.184007311405e-01 9.198569794352e-01 9.212621616679e-01 9.226189176437e-01 9.239297083008e-01 9.251968306074e-01 9.264224309945e-01 9.276085174894e-01 9.287569706940e-01 9.298695537350e-01 9.309479212955e-01 9.319936278262e-01 9.330081350216e-01 9.339928186374e-01 9.349489747141e-01 9.358778252687e-01 9.367805235052e-01 9.376581585907e-01 9.385117600395e-01 9.393423017423e-01 9.401507056721e-01 9.409378452988e-01 9.417045487371e-01 9.424516016530e-01 9.431797499486e-01 9.438897022470e-01 9.445821321921e-01 9.452576805806e-01 9.459169573403e-01 9.465605433663e-01 9.471889922285e-01 9.478028317593e-01 9.484025655327e-01 9.489886742415e-01 9.495616169827e-01 9.501218324567e-01 9.506697400875e-01 9.512057410700e-01 9.517302193496e-01 9.522435425397e-01 9.527460627805e-01 9.532381175450e-01 9.537200303948e-01 9.541921116892e-01 9.546546592521e-01 9.551079589987e-01 9.555522855243e-01 9.559879026595e-01 9.564150639925e-01 9.568340133611e-01 9.572449853171e-01 9.576482055643e-01 9.580438913714e-01 9.584322519627e-01 9.588134888870e-01 9.591877963663e-01 9.595553616257e-01 9.599163652058e-01 9.602709812581e-01 9.606193778255e-01 9.609617171077e-01 9.612981557128e-01 9.616288448965e-01 9.619539307884e-01 9.622735546077e-01 9.625878528679e-01 9.628969575704e-01 9.632009963903e-01
2.108374522735e-04 6.860352944324e-03 5.221633793131e-02 1.546720577255e-01 2.703077610030e-01 3.681284444410e-01 4.453129637030e-01 5.063155659445e-01 5.553974123379e-01 5.956519210672e-01 6.292383121614e-01 6.576786667290e-01 6.820687960786e-01 7.032153888006e-01 7.217247330061e-01 7.380610585223e-01 7.525857506219e-01 7.655843004066e-01 7.772852198109e-01 7.878735750528e-01 7.975008405529e-01 8.062921884962e-01 8.143519596639e-01 8.217678235452e-01 8.286139799139e-01 8.349536499530e-01 8.408410342727e-01 8.463228663252e-01 8.514396555033e-01 8.562266899120e-01 8.607148513232e-01 8.649312821131e-01 8.688999346222e-01 8.726420264326e-01 8.761764198371e-01 8.795199398295e-01 8.826876419309e-01 8.856930388480e-01 8.885482931615e-01 8.912643818391e-01 8.938512372665e-01 8.963178686145e-01 8.986724666687e-01 9.009224946932e-01 9.030747674505e-01 9.051355201414e-01 9.071104687331e-01 9.090048629062e-01 9.108235326510e-01 9.125709293871e-01 9.142511623399e-01 9.158680308030e-01 9.174250528174e-01 9.189254907241e-01 9.203723739809e-01 9.217685195781e-01 9.231165503446e-01 9.244189113924e-01 9.256778849180e-01 9.268956035488e-01 9.280740623987e-01 9.292151299755e-01 9.303205580675e-01 9.313919907164e-01 9.324309723765e-01 9.334389553423e-01 9.344173065218e-01 9.353673136211e-01 9.362901907983e-01 9.371870838412e-01 9.380590749126e-01 9.389071869061e-01 9.397323874493e-01 9.405355925860e-01 9.413176701690e-01 9.420794429875e-01 9.428216916547e-01 9.435451572761e-01 9.442505439175e-01 9.449385208907e-01 9.456097248715e-01 9.462647618653e-01 9.469042090315e-01 9.475286163800e-01 9.481385083488e-01 9.487343852733e-01 9.493167247552e-01 9.498859829389e-01 9.504425957037e-01 9.509869797763e-01 9.515195337713e-01 9.520406391653e-01 9.525506612073e-01 9.530499497732e-01 9.535388401656e-01 9.540176538652e-01 9.544866992355e-01 9.549462721852e-01 9.553966567906e-01 9.558381258813e-01 9.562709415911e-01 9.566953558773e-01 9.571116110098e-01 9.575199400320e-01 9.579205671960e-01 9.583137083734e-01 9.586995714431e-01 9.590783566576e-01 9.594502569899e-01 9.598154584610e-01 9.601741404506e-01 9.605264759901e-01 9.608726320419e-01 9.612127697625e-01 9.615470447529e-01 9.618756072959e-01 9.621986025816e-01 9.625161709210e-01 9.628284479495e-01 9.631355648198e-01 9.634376483859e-01
2.238447449049e-04 7.229545340361e-03 5.428956530455e-02 1.585597365815e-01 2.745914212365e-01 3.721149059829e-01 4.488883568288e-01 5.095194800652e-01 5.582895456967e-01 5.982844842821e-01 6.316530443157e-01 6.599084998096e-01 6.841398938055e-01 7.051487928954e-01 7.235375866474e-01 7.397675014574e-01 7.541975772532e-01 7.671114492860e-01 7.787361426991e-01 7.892555189831e-01 7.988200662131e-01 8.075541413565e-01 8.155614055740e-01 8.229289572846e-01 8.297305129116e-01 8.360288817928e-01 8.418779114503e-01 8.473240308889e-01 8.524074855988e-01 8.571633337958e-01 8.616222560675e-01 8.658112179663e-01 8.697540157904e-01 8.734717288959e-01 8.769830966931e-01 8.803048345659e-01 8.834518999529e-01 8.864377175294e-01 8.892743706401e-01 8.919727647410e-01 8.945427675110e-01 8.969933294286e-01 8.993325879187e-01 9.015679576243e-01 9.037062089115e-01 9.057535363606e-01 9.077156187008e-01 9.095976714125e-01 9.114044930199e-01 9.131405059427e-01 9.148097926360e-01 9.164161276419e-01 9.179630060825e-01 9.194536690454e-01 9.208911262522e-01 9.222781763416e-01 9.236174250553e-01 9.249113015759e-01 9.261620732323e-01 9.273718587583e-01 9.285426402701e-01 9.296762741028e-01 9.307745006321e-01 9.318389531895e-01 9.328711661674e-01 9.338725823990e-01 9.348445598874e-01 9.357883779494e-01 9.367052428334e-01 9.375962928627e-01 9.384626031501e-01 9.393051899252e-01 9.401250145118e-01 9.409229869862e-01 9.416999695470e-01 9.424567796232e-01 9.431941927428e-01 9.439129451829e-01 9.446137364226e-01 9.452972314134e-01 9.459640626834e-01 9.466148322898e-01 9.472501136320e-01 9.478704531369e-01 9.484763718258e-01 9.490683667746e-01 9.496469124735e-01 9.502124620955e-01 9.507654486799e-01 9.513062862386e-01 9.518353707896e-01 9.523530813240e-01 9.528597807115e-01 9.533558165485e-01 9.538415219533e-01 9.543172163122e-01 9.547832059799e-01 9.552397849371e-01 9.556872354096e-01 9.561258284495e-01 9.565558244830e-01 9.569774738259e-01 9.573910171697e-01 9.577966860396e-01 9.581947032269e-01 9.585852831968e-01 9.589686324737e-01 9.593449500058e-01 9.597144275089e-01 9.600772497920e-01 9.604335950662e-01 9.607836352358e-01 9.611275361753e-01 9.614654579914e-01 9.617975552713e-01 9.621239773190e-01 9.624448683785e-01 9.627603678467e-01 9.630706104755e-01 9.633757265632e-01 9.636758421372e-01
2.378270234805e-04 7.622254430951e-03 5.645090477454e-02 1.625342376392e-01 2.789272317209e-01 3.761351771926e-01 4.524896963600e-01 5.127453241498e-01 5.612010506460e-01 6.009345335971e-01 6.340837609801e-01 6.621530716492e-01 6.862246718526e-01 7.070949636697e-01 7.253624090112e-01 7.414852096269e-01 7.558200440173e-01 7.686486790607e-01 7.801966431664e-01 7.906465850825e-01 8.001479999962e-01 8.088244242591e-01 8.167788349167e-01 8.240977555429e-01 8.308544160173e-01 8.371112111126e-01 8.429216329307e-01 8.483318040188e-01 8.533817042226e-01 8.581061603508e-01 8.625356504786e-01 8.666969621671e-01 8.706137346425e-01 8.743069081220e-01 8.777950983227e-01 8.810949102947e-01 8.842212027469e-01 8.871873117419e-01 8.900052408656e-01 8.926858235901e-01 8.952388624604e-01 8.976732488752e-01 8.999970665466e-01 9.022176811755e-01 9.043418184388e-01 9.063756320277e-01 9.083247631879e-01 9.101943929736e-01 9.119892882355e-01 9.137138422020e-01 9.153721103808e-01 9.169678423996e-01 9.185045103098e-01 9.199853338057e-01 9.214133027425e-01 9.227911972857e-01 9.241216059773e-01 9.254069419655e-01 9.266494576131e-01 9.278512576689e-01 9.290143111654e-01 9.301404621848e-01 9.312314396149e-01 9.322888660060e-01 9.333142656225e-01 9.343090717737e-01 9.352746334990e-01 9.362122216707e-01 9.371230345752e-01 9.380082030219e-01 9.388687950270e-01 9.397058201125e-01 9.405202332566e-01 9.413129385283e-01 9.420847924353e-01 9.428366070109e-01 9.435691526639e-01 9.442831608117e-01 9.449793263161e-01 9.456583097395e-01 9.463207394349e-01 9.469672134853e-01 9.475983015056e-01 9.482145463155e-01 9.488164654974e-01 9.494045528461e-01 9.499792797198e-01 9.505410963002e-01 9.510904327682e-01 9.516277004030e-01 9.521532926086e-01 9.526675858744e-01 9.531709406750e-01 9.536637023122e-01 9.541462017057e-01 9.546187561336e-01 9.550816699282e-01 9.555352351300e-01 9.559797321018e-01 9.564154301065e-01 9.568425878513e-01 9.572614539998e-01 9.576722676547e-01 9.580752588131e-01 9.584706487955e-01 9.588586506516e-01 9.592394695426e-01 9.596133031035e-01 9.599803417845e-01 9.603407691749e-01 9.606947623093e-01 9.610424919575e-01 9.613841228990e-01 9.617198141837e-01 9.620497193784e-01 9.623739868015e-01 9.626927597451e-01 9.630061766858e-01 9.633143714861e-01 9.636174735842e-01 9.639156081756e-01
2.528705195574e-04 8.040188323443e-03 5.870397257918e-02 1.665966770101e-01 2.833154947101e-01 3.801896253743e-01 4.561173932473e-01 5.159934994266e-01 5.641323014470e-01 6.036024141766e-01 6.365307805089e-01 6.644126769446e-01 6.883234042491e-01 7.090541570758e-01 7.271994401582e-01 7.432144090337e-01 7.574533644031e-01 7.701961920128e-01 7.816669134034e-01 7.920469564075e-01 8.014848166524e-01 8.101032043687e-01 8.180044079017e-01 8.252743721305e-01 8.319858371337e-01 8.382007803439e-01 8.439723360648e-01 8.493463183356e-01 8.543624395797e-01 8.590552936508e-01 8.634551547570e-01 8.675886312774e-01 8.714792043154e-01 8.751476740187e-01 8.786125315834e-01 8.818902709881e-01 8.849956515513e-01 8.879419201304e-01 8.907410000188e-01 8.934036522232e-01 8.959396137190e-01 8.983577164301e-01 9.006659899963e-01 9.028717508491e-01 9.049816796770e-01 9.070018890090e-01 9.089379823564e-01 9.107951061169e-01 9.125779952557e-01 9.142910136147e-01 9.159381895742e-01 9.175232476805e-01 9.190496367602e-01 9.205205549711e-01 9.219389721690e-01 9.233076499229e-01 9.246291594597e-01 9.259058977864e-01 9.271401021992e-01 9.283338633684e-01 9.294891371556e-01 9.306077553077e-01 9.316914351480e-01 9.327417883735e-01 9.337603290526e-01 9.347484809075e-01 9.357075839534e-01 9.366389005620e-01 9.375436210041e-01 9.384228685252e-01 9.392777039974e-01 9.401091301900e-01 9.409180956934e-01 9.417054985292e-01 9.424721894759e-01 9.432189751351e-01 9.439466207621e-01 9.446558528820e-01 9.453473617088e-01 9.460218033861e-01 9.466798020638e-01 9.473219518246e-01 9.479488184729e-01 9.485609411977e-01 9.491588341191e-01 9.497429877291e-01 9.503138702327e-01 9.508719288004e-01 9.514175907358e-01 9.519512645669e-01 9.524733410661e-01 9.529841942045e-01 9.534841820456e-01 9.539736475814e-01 9.544529195180e-01 9.549223130111e-01 9.553821303577e-01 9.558326616445e-01 9.562741853590e-01 9.567069689630e-01 9.571312694333e-01 9.575473337701e-01 9.579553994768e-01 9.583556950119e-01 9.587484402156e-01 9.591338467124e-01 9.595121182913e-01 9.598834512652e-01 9.602480348103e-01 9.606060512882e-01 9.609576765490e-01 9.613030802202e-01 9.616424259793e-01 9.619758718121e-01 9.623035702584e-01 9.626256686443e-01 9.629423093034e-01 9.632536297862e-01 9.635597630597e-01 9.638608376962e-01 9.641569780540e-01
2.690702715168e-04 8.485191991594e-03 6.105249726003e-02 1.707481477633e-01 2.877565225626e-01 3.842786367910e-01 4.597718756534e-01 5.192644220660e-01 5.670836855868e-01 6.062884831098e-01 6.389944321460e-01 6.666876204268e-01 6.904363743349e-01 7.110266377534e-01 7.290489282926e-01 7.449553333453e-01 7.590977591385e-01 7.717541972832e-01 7.831471521166e-01 7.934568222206e-01 8.028306968562e-01 8.113906545169e-01 8.192382901702e-01 8.264589660724e-01 8.331249291774e-01 8.392977367472e-01 8.450301628602e-01 8.503677109556e-01 8.553498242211e-01 8.600108619758e-01 8.643808931782e-01 8.684863458107e-01 8.723505417815e-01 8.759941402194e-01 8.794355069552e-01 8.826910241429e-01 8.857753510367e-01 8.887016446839e-01 8.914817475412e-01 8.941263476584e-01 8.966451159969e-01 8.990468246025e-01 9.013394486762e-01 9.035302550458e-01 9.056258791066e-01 9.076323919463e-01 9.095553590857e-01 9.113998920316e-01 9.131706936471e-01 9.148720981884e-01 9.165081067245e-01 9.180824185502e-01 9.195984591101e-01 9.210594048792e-01 9.224682055784e-01 9.238276040541e-01 9.251401541010e-01 9.264082364748e-01 9.276340733036e-01 9.288197410834e-01 9.299671824156e-01 9.310782166284e-01 9.321545494021e-01 9.331977815066e-01 9.342094167456e-01 9.351908691886e-01 9.361434697660e-01 9.370684722909e-01 9.379670589643e-01 9.388403454165e-01 9.396893853272e-01 9.405151746671e-01 9.413186555954e-01 9.421007200453e-01 9.428622130273e-01 9.436039356745e-01 9.443266480540e-01 9.450310717651e-01 9.457178923423e-01 9.463877614810e-01 9.470412990993e-01 9.476790952522e-01 9.483017119081e-01 9.489096846005e-01 9.495035239638e-01 9.500837171647e-01 9.506507292338e-01 9.512050043100e-01 9.517469667998e-01 9.522770224615e-01 9.527955594181e-01 9.533029491056e-01 9.537995471594e-01 9.542856942466e-01 9.547617168444e-01 9.552279279721e-01 9.556846278770e-01 9.561321046792e-01 9.565706349781e-01 9.570004844222e-01 9.574219082459e-01 9.578351517750e-01 9.582404509026e-01 9.586380325384e-01 9.590281150320e-01 9.594109085733e-01 9.597866155696e-01 9.601554310027e-01 9.605175427666e-01 9.608731319860e-01 9.612223733193e-01 9.615654352437e-01 9.619024803271e-01 9.622336654841e-01 9.625591422203e-01 9.628790568632e-01 9.631935507812e-01 9.635027605924e-01 9.638068183621e-01 9.641058517911e-01 9.643999843945e-01
2.865311460172e-04 8.959258957676e-03 6.350031871466e-02 1.749897191270e-01 2.922506392552e-01 3.884026177139e-01 4.634535897612e-01 5.225585238791e-01 5.700556044045e-01 6.089931099792e-01 6.414750565461e-01 6.689782173436e-01 6.925638752088e-01 7.130126794477e-01 7.309111301541e-01 7.467082242623e-01 7.607534565388e-01 7.733229112011e-01 7.846375648419e-01 7.948763782888e-01 8.041858274916e-01 8.126869534752e-01 8.204806530560e-01 8.276517018584e-01 8.342718503205e-01 8.404022326436e-01 8.460952602048e-01 8.513961237076e-01 8.563439952533e-01 8.609729980142e-01 8.653129942887e-01 8.693902304220e-01 8.732278680334e-01 8.768464242632e-01 8.802641387152e-01 8.834972809503e-01 8.865604094708e-01 8.894665908964e-01 8.922275862916e-01 8.948540102480e-01 8.973554672591e-01 8.997406690809e-01 9.020175361014e-01 9.041932852043e-01 9.062745061800e-01 9.082672283901e-01 9.101769791040e-01 9.120088346973e-01 9.137674657107e-01 9.154571766115e-01 9.170819409695e-01 9.186454326545e-01 9.201510535682e-01 9.216019583538e-01 9.230010764593e-01 9.243511318794e-01 9.256546608569e-01 9.269140277846e-01 9.281314395183e-01 9.293089582820e-01 9.304485133261e-01 9.315519114744e-01 9.326208466843e-01 9.336569087238e-01 9.346615910609e-01 9.356362980463e-01 9.365823514632e-01 9.375009965070e-01 9.383934072539e-01 9.392606916662e-01 9.401038961819e-01 9.409240099264e-01 9.417219685836e-01 9.424986579564e-01 9.432549172476e-01 9.439915420843e-01 9.447092873095e-01 9.454088695631e-01 9.460909696681e-01 9.467562348406e-01 9.474052807382e-01 9.480386933605e-01 9.486570308134e-01 9.492608249497e-01 9.498505828946e-01 9.504267884660e-01 9.509899034988e-01 9.515403690792e-01 9.520786066967e-01 9.526050193210e-01 9.531199924075e-01 9.536238948393e-01 9.541170798077e-01 9.545998856381e-01 9.550726365642e-01 9.555356434538e-01 9.559892044905e-01 9.564336058143e-01 9.568691221235e-01 9.572960172409e-01 9.577145446467e-01 9.581249479804e-01 9.585274615140e-01 9.589223105975e-01 9.593097120801e-01 9.596898747067e-01 9.600629994937e-01 9.604292800828e-01 9.607889030765e-01 9.611420483549e-01 9.614888893756e-01 9.618295934582e-01 9.621643220530e-01 9.624932309964e-01 9.628164707527e-01 9.631341866434e-01 9.634465190656e-01 9.637536036982e-01 9.640555716991e-01 9.643525498912e-01 9.646446609407e-01
3.053689922033e-04 9.464543987953e-03 6.605138668054e-02 1.793224358644e-01 2.967981819893e-01 3.925619955263e-01 4.671630006312e-01 5.258762530586e-01 5.730484737553e-01 6.117166774650e-01 6.439730063297e-01 6.712847939709e-01 6.947062102030e-01 7.150125654528e-01 7.327863114339e-01 7.484733319106e-01 7.624206928769e-01 7.749025576347e-01 7.861383642782e-01 7.963058272015e-01 8.055504019549e-01 8.139922862447e-01 8.217316738631e-01 8.288527497106e-01 8.354267642465e-01 8.415144256623e-01 8.471677801050e-01 8.524317033625e-01 8.573450945605e-01 8.619418390785e-01 8.662515911142e-01 8.703004141103e-01 8.741113082797e-01 8.777046477846e-01 8.810985451225e-01 8.843091564763e-01 8.873509388942e-01 8.902368679383e-01 8.929786227135e-01 8.955867438412e-01 8.980707688839e-01 9.004393488879e-01 9.027003490462e-01 9.048609359498e-01 9.069276534668e-01 9.089064889419e-01 9.108029311263e-01 9.126220210199e-01 9.143683966157e-01 9.160463323842e-01 9.176597742046e-01 9.192123703443e-01 9.207074989984e-01 9.221482928262e-01 9.235376608610e-01 9.248783081147e-01 9.261727531559e-01 9.274233439006e-01 9.286322718254e-01 9.298015847835e-01 9.309331985807e-01 9.320289074496e-01 9.330903935429e-01 9.341192355499e-01 9.351169165311e-01 9.360848310506e-01 9.370242916804e-01 9.379365349386e-01 9.388227267195e-01 9.396839672643e-01 9.405212957188e-01 9.413356943153e-01 9.421280922172e-01 9.428993690546e-01 9.436503581821e-01 9.443818496820e-01 9.450945931374e-01 9.457893001940e-01 9.464666469303e-01 9.471272760520e-01 9.477717989266e-01 9.484007974698e-01 9.490148258985e-01 9.496144123589e-01 9.502000604422e-01 9.507722505949e-01 9.513314414333e-01 9.518780709699e-01 9.524125577569e-01 9.529353019558e-01 9.534466863360e-01 9.539470772098e-01 9.544368253073e-01 9.549162665962e-01 9.553857230506e-01 9.558455033720e-01 9.562959036661e-01 9.567372080789e-01 9.571696893942e-01 9.575936095965e-01 9.580092203995e-01 9.584167637448e-01 9.588164722719e-01 9.592085697603e-01 9.595932715481e-01 9.599707849255e-01 9.603413095081e-01 9.607050375882e-01 9.610621544678e-01 9.614128387734e-01 9.617572627541e-01 9.620955925633e-01 9.624279885263e-01 9.627546053934e-01 9.630755925803e-01 9.633910943960e-01 9.637012502592e-01 9.640061949031e-01 9.643060585717e-01 9.646009672041e-01 9.648910426118e-01
3.257119477897e-04 1.000337688324e-02 6.870975860156e-02 1.837473178473e-01 3.013995028934e-01 3.967572198876e-01 4.709005931099e-01 5.292180749668e-01 5.760627247171e-01 6.144595819876e-01 6.464886466717e-01 6.736076881573e-01 6.968636933895e-01 7.170265890841e-01 7.346747472178e-01 7.502509152582e-01 7.640997127765e-01 7.764933683645e-01 7.876497706411e-01 7.977453787074e-01 8.069246204771e-01 8.153068443644e-01 8.229915361616e-01 8.300622858664e-01 8.365898404236e-01 8.426344790028e-01 8.482478799388e-01 8.534746018780e-01 8.583532690408e-01 8.629175273333e-01 8.671968213816e-01 8.712170304331e-01 8.750009921535e-01 8.785689367167e-01 8.819388486154e-01 8.851267698529e-01 8.881470553066e-01 8.910125888375e-01 8.937349670114e-01 8.963246559571e-01 8.987911258327e-01 9.011429665459e-01 9.033879877043e-01 9.055333052513e-01 9.075854168079e-01 9.095502674047e-01 9.114333070030e-01 9.132395409766e-01 9.149735745408e-01 9.166396519573e-01 9.182416912192e-01 9.197833148106e-01 9.212678770520e-01 9.226984884637e-01 9.240780375200e-01 9.254092101162e-01 9.266945070213e-01 9.279362595580e-01 9.291366437156e-01 9.302976928743e-01 9.314213093006e-01 9.325092745470e-01 9.335632588778e-01 9.345848298254e-01 9.355754599692e-01 9.365365340177e-01 9.374693552666e-01 9.383751514952e-01 9.392550803582e-01 9.401102343211e-01 9.409416451859e-01 9.417502882432e-01 9.425370860897e-01 9.433029121391e-01 9.440485938564e-01 9.447749157403e-01 9.454826220764e-01 9.461724194810e-01 9.468449792545e-01 9.475009395607e-01 9.481409074462e-01 9.487654607144e-01 9.493751496651e-01 9.499704987123e-01 9.505520078881e-01 9.511201542434e-01 9.516753931536e-01 9.522181595355e-01 9.527488689834e-01 9.532679188307e-01 9.537756891418e-01 9.542725436400e-01 9.547588305767e-01 9.552348835455e-01 9.557010222449e-01 9.561575531947e-01 9.566047704080e-01 9.570429560226e-01 9.574723808946e-01 9.578933051568e-01 9.583059787442e-01 9.587106418884e-01 9.591075255848e-01 9.594968520316e-01 9.598788350447e-01 9.602536804497e-01 9.606215864512e-01 9.609827439826e-01 9.613373370363e-01 9.616855429766e-01 9.620275328351e-01 9.623634715909e-01 9.626935184364e-01 9.630178270281e-01 9.633365457259e-01 9.636498178189e-01 9.639577817403e-01 9.642605712715e-01 9.645583157356e-01 9.648511401820e-01 9.651391655611e-01
3.477019191644e-04 1.057827745087e-02 7.147959682864e-02 1.882653598475e-01 3.060549708279e-01 4.009887639595e-01 4.746668727945e-01 5.325844729744e-01 5.790988043432e-01 6.172222343921e-01 6.490223559296e-01 6.759472499036e-01 6.990366501183e-01 7.190550541811e-01 7.365767224571e-01 7.520412425584e-01 7.657907696319e-01 7.780955834801e-01 7.891720120404e-01 7.991952500741e-01 8.083086904667e-01 8.166308262391e-01 8.242604301017e-01 8.312804928805e-01 8.377612543946e-01 8.437625617146e-01 8.493357227256e-01 8.545249766587e-01 8.593686708580e-01 8.639002100393e-01 8.681488277545e-01 8.721402177354e-01 8.758970539351e-01 8.794394215068e-01 8.827851760208e-01 8.859502444827e-01 8.889488788662e-01 8.917938706736e-01 8.944967333406e-01 8.970678579687e-01 8.995166468290e-01 9.018516282517e-01 9.040805558612e-01 9.062104945895e-01 9.082478954794e-01 9.101986609442e-01 9.120682018768e-01 9.138614877696e-01 9.155830908254e-01 9.172372248807e-01 9.188277798421e-01 9.203583522259e-01 9.218322723069e-01 9.232526283074e-01 9.246222879957e-01 9.259439180130e-01 9.272200012014e-01 9.284528521715e-01 9.296446313137e-01 9.307973574321e-01 9.319129191565e-01 9.329930852683e-01 9.340395140584e-01 9.350537618225e-01 9.360372905834e-01 9.369914751233e-01 9.379176093953e-01 9.388169123773e-01 9.396905334251e-01 9.405395571731e-01 9.413650080265e-01 9.421678542847e-01 9.429490119305e-01 9.437093481167e-01 9.444496843764e-01 9.451707995847e-01 9.458734326917e-01 9.465582852482e-01 9.472260237426e-01 9.478772817638e-01 9.485126620067e-01 9.491327381328e-01 9.497380564971e-01 9.503291377541e-01 9.509064783515e-01 9.514705519206e-01 9.520218105723e-01 9.525606861056e-01 9.530875911356e-01 9.536029201475e-01 9.541070504811e-01 9.546003432524e-01 9.550831442164e-01 9.555557845751e-01 9.560185817353e-01 9.564718400196e-01 9.569158513334e-01 9.573508957920e-01 9.577772423098e-01 9.581951491549e-01 9.586048644705e-01 9.590066267663e-01 9.594006653816e-01 9.597872009218e-01 9.601664456701e-01 9.605386039766e-01 9.609038726251e-01 9.612624411802e-01 9.616144923155e-01 9.619602021237e-01 9.622997404104e-01 9.626332709720e-01 9.629609518598e-01 9.632829356288e-01 9.635993695753e-01 9.639103959612e-01 9.642161522275e-01 9.645167711964e-01 9.648123812641e-01 9.651031065835e-01 9.653890672378e-01
3.714962611961e-04 1.119197174847e-02 7.436516510738e-02 1.928775315680e-01 3.107649732949e-01 4.052571257015e-01 4.784623670583e-01 5.359759493525e-01 5.821571764636e-01 6.200050606768e-01 6.515745263120e-01 6.783038419805e-01 7.012254175910e-01 7.210982756426e-01 7.384925324710e-01 7.538445918228e-01 7.674941260535e-01 7.797094518032e-01 7.907053248824e-01 8.006556664708e-01 8.097028268750e-01 8.179644374892e-01 8.255385527487e-01 8.325075599469e-01 8.389411880863e-01 8.448988489949e-01 8.504314774133e-01 8.555829908337e-01 8.603914577097e-01 8.648900398125e-01 8.691077580848e-01 8.730701193932e-01 8.767996327877e-01 8.803162373460e-01 8.836376587782e-01 8.867797082558e-01 8.897565341004e-01 8.925808347842e-01 8.952640400077e-01 8.978164652997e-01 9.002474445503e-01 9.025654440647e-01 9.047781610765e-01 9.068926091358e-01 9.089151923681e-01 9.108517702595e-01 9.127077143503e-01 9.144879579909e-01 9.161970401310e-01 9.178391439609e-01 9.194181310963e-01 9.209375718968e-01 9.224007724168e-01 9.238107984184e-01 9.251704968131e-01 9.264825148481e-01 9.277493173084e-01 9.289732019706e-01 9.301563135131e-01 9.313006560576e-01 9.324081044982e-01 9.334804147522e-01 9.345192330501e-01 9.355261043688e-01 9.365024800984e-01 9.374497250223e-01 9.383691236829e-01 9.392618861928e-01 9.401291535487e-01 9.409720024966e-01 9.417914499913e-01 9.425884572901e-01 9.433639337141e-01 9.441187401091e-01 9.448536920337e-01 9.455695626981e-01 9.462670856783e-01 9.469469574229e-01 9.476098395728e-01 9.482563611092e-01 9.488871203436e-01 9.495026867652e-01 9.501036027557e-01 9.506903851830e-01 9.512635268840e-01 9.518234980454e-01 9.523707474900e-01 9.529057038764e-01 9.534287768191e-01 9.539403579339e-01 9.544408218164e-01 9.549305269563e-01 9.554098165939e-01 9.558790195226e-01 9.563384508406e-01 9.567884126573e-01 9.572291947550e-01 9.576610752119e-01 9.580843209866e-01 9.584991884689e-01 9.589059239972e-01 9.593047643466e-01 9.596959371885e-01 9.600796615238e-01 9.604561480919e-01 9.608255997566e-01 9.611882118706e-01 9.615441726198e-01 9.618936633492e-01 9.622368588709e-01 9.625739277554e-01 9.629050326080e-01 9.632303303304e-01 9.635499723682e-01 9.638641049464e-01 9.641728692922e-01 9.644764018471e-01 9.647748344672e-01 9.650682946149e-01 9.653569055403e-01 9.656407864532e-01
3.972696865925e-04 1.184740969401e-02 7.737082430789e-02 1.975847779379e-01 3.155299184600e-01 4.095628292395e-01 4.822876261408e-01 5.393930262253e-01 5.852383225395e-01 6.228085027707e-01 6.541455645914e-01 6.806778405870e-01 7.034303454725e-01 7.231565799979e-01 7.404224834821e-01 7.556612513253e-01 7.692100543450e-01 7.813352313388e-01 7.922499542978e-01 8.021268613767e-01 8.111072525863e-01 8.193078913232e-01 8.268261084406e-01 8.337436832412e-01 8.401298301392e-01 8.460435225067e-01 8.515353191848e-01 8.566488135521e-01 8.614217931130e-01 8.658871749012e-01 8.700737656808e-01 8.740068840740e-01 8.777088730105e-01 8.811995244146e-01 8.844964331776e-01 8.876152937821e-01 8.905701501327e-01 8.933736069846e-01 8.960370096851e-01 8.985705976329e-01 9.009836358322e-01 9.032845281054e-01 9.054809148793e-01 9.075797579428e-01 9.095874141576e-01 9.115096997659e-01 9.133519466652e-01 9.151190517968e-01 9.168155206123e-01 9.184455054290e-01 9.200128393636e-01 9.215210664256e-01 9.229734682702e-01 9.243730880336e-01 9.257227516168e-01 9.270250867295e-01 9.282825399663e-01 9.294973921460e-01 9.306717721187e-01 9.318076692153e-01 9.329069444930e-01 9.339713409100e-01 9.350024925474e-01 9.360019329800e-01 9.369711028861e-01 9.379113569770e-01 9.388239703149e-01 9.397101440815e-01 9.405710108528e-01 9.414076394283e-01 9.422210392574e-01 9.430121645031e-01 9.437819177756e-01 9.445311535676e-01 9.452606814186e-01 9.459712688325e-01 9.466636439713e-01 9.473384981437e-01 9.479964881075e-01 9.486382382020e-01 9.492643423231e-01 9.498753657571e-01 9.504718468826e-01 9.510542987530e-01 9.516232105681e-01 9.521790490446e-01 9.527222596927e-01 9.532532680076e-01 9.537724805805e-01 9.542802861374e-01 9.547770565090e-01 9.552631475394e-01 9.557388999358e-01 9.562046400649e-01 9.566606806996e-01 9.571073217194e-01 9.575448507683e-01 9.579735438720e-01 9.583936660189e-01 9.588054717067e-01 9.592092054558e-01 9.596051022938e-01 9.599933882118e-01 9.603742805944e-01 9.607479886259e-01 9.611147136728e-01 9.614746496460e-01 9.618279833427e-01 9.621748947695e-01 9.625155574483e-01 9.628501387056e-01 9.631787999466e-01 9.635016969150e-01 9.638189799387e-01 9.641307941636e-01 9.644372797746e-01 9.647385722062e-01 9.650348023414e-01 9.653260967020e-01 9.656125776283e-01 9.658943634505e-01
4.252164395467e-04 1.254778413917e-02 8.050102735553e-02 2.023880196935e-01 3.203502372910e-01 4.139064263152e-01 4.861432243097e-01 5.428362465846e-01 5.883427425761e-01 6.256330193639e-01 6.567358928661e-01 6.830696360538e-01 7.056517965440e-01 7.252303060168e-01 7.423668931879e-01 7.574915201403e-01 7.709388370109e-01 7.829731897567e-01 7.938061545998e-01 8.036090770167e-01 8.125221988334e-01 8.206614089361e-01 8.281233091692e-01 8.349890662876e-01 8.413273762599e-01 8.471967707171e-01 8.526474297846e-01 8.577226202986e-01 8.624598467100e-01 8.668917794811e-01 8.710470095930e-01 8.749506660135e-01 8.786249243075e-01 8.820894281435e-01 8.853616406141e-01 8.884571386387e-01 8.913898609227e-01 8.941723178026e-01 8.968157696405e-01 8.993303791344e-01 9.017253418869e-01 9.040089987694e-01 9.061889329764e-01 9.082720541476e-01 9.102646715274e-01 9.121725577899e-01 9.140010048927e-01 9.157548730954e-01 9.174386341003e-01 9.190564091211e-01 9.206120025613e-01 9.221089318833e-01 9.235504541601e-01 9.249395897327e-01 9.262791433339e-01 9.275717229901e-01 9.288197569689e-01 9.300255090042e-01 9.311910919993e-01 9.323184803836e-01 9.334095212736e-01 9.344659445715e-01 9.354893721178e-01 9.364813259998e-01 9.374432361040e-01 9.383764469940e-01 9.392822241806e-01 9.401617598480e-01 9.410161780883e-01 9.418465396948e-01 9.426538465555e-01 9.434390456860e-01 9.442030329352e-01 9.449466563951e-01 9.456707195410e-01 9.463759841278e-01 9.470631728629e-01 9.477329718767e-01 9.483860330074e-01 9.490229759174e-01 9.496443900539e-01 9.502508364689e-01 9.508428495081e-01 9.514209383817e-01 9.519855886251e-01 9.525372634588e-01 9.530764050560e-01 9.536034357245e-01 9.541187590100e-01 9.546227607263e-01 9.551158099191e-01 9.555982597670e-01 9.560704484248e-01 9.565326998147e-01 9.569853243666e-01 9.574286197137e-01 9.578628713453e-01 9.582883532194e-01 9.587053283397e-01 9.591140492973e-01 9.595147587809e-01 9.599076900577e-01 9.602930674260e-01 9.606711066421e-01 9.610420153230e-01 9.614059933271e-01 9.617632331128e-01 9.621139200779e-01 9.624582328806e-01 9.627963437431e-01 9.631284187384e-01 9.634546180628e-01 9.637750962932e-01 9.640900026316e-01 9.643994811366e-01 9.647036709429e-01 9.650027064706e-01 9.652967176222e-01 9.655858299719e-01 9.658701649434e-01 9.661498399807e-01
4.555527741749e-04 1.329655150560e-02 8.376031332608e-02 2.072881542688e-01 3.252263858207e-01 4.182884978212e-01 4.900297610992e-01 5.463061753753e-01 5.914709560973e-01 6.284790867936e-01 6.593459493728e-01 6.854796335938e-01 7.078901474011e-01 7.273198053601e-01 7.443260913716e-01 7.593357087175e-01 7.726807672997e-01 7.846236049063e-01 7.953741897726e-01 8.051025648267e-01 8.139479056424e-01 8.220252199341e-01 8.294303749880e-01 8.362439203492e-01 8.425340295970e-01 8.483587892604e-01 8.537679978684e-01 8.588045932313e-01 8.635057945936e-01 8.679040239709e-01 8.720276549204e-01 8.759016253128e-01 8.795479420756e-01 8.829860994939e-01 8.862334278593e-01 8.893053856341e-01 8.922158055244e-01 8.949771027297e-01 8.976004519808e-01 9.000959386917e-01 9.024726885355e-01 9.047389789541e-01 9.069023354741e-01 9.089696151899e-01 9.109470793660e-01 9.128404567772e-01 9.146549991375e-01 9.163955297458e-01 9.180664862988e-01 9.196719586694e-01 9.212157223300e-01 9.227012679938e-01 9.241318279650e-01 9.255103996157e-01 9.268397663497e-01 9.281225163601e-01 9.293610594485e-01 9.305576421337e-01 9.317143612511e-01 9.328331762153e-01 9.339159200960e-01 9.349643096401e-01 9.359799543545e-01 9.369643647514e-01 9.379189598437e-01 9.388450739700e-01 9.397439630172e-01 9.406168101034e-01 9.414647307723e-01 9.422887777502e-01 9.430899453061e-01 9.438691732539e-01 9.446273506298e-01 9.453653190764e-01 9.460838759588e-01 9.467837772390e-01 9.474657401284e-01 9.481304455396e-01 9.487785403539e-01 9.494106395212e-01 9.500273280064e-01 9.506291625946e-01 9.512166735682e-01 9.517903662649e-01 9.523507225278e-01 9.528982020547e-01 9.534332436563e-01 9.539562664289e-01 9.544676708492e-01 9.549678397973e-01 9.554571395122e-01 9.559359204866e-01 9.564045183041e-01 9.568632544232e-01 9.573124369133e-01 9.577523611443e-01 9.581833104341e-01 9.586055566577e-01 9.590193608185e-01 9.594249735868e-01 9.598226358058e-01 9.602125789688e-01 9.605950256681e-01 9.609701900195e-01 9.613382780612e-01 9.616994881316e-01 9.620540112255e-01 9.624020313308e-01 9.627437257472e-01 9.630792653871e-01 9.634088150607e-01 9.637325337458e-01 9.640505748441e-01 9.643630864227e-01 9.646702114448e-01 9.649720879871e-01 9.652688494473e-01 9.655606247403e-01 9.658475384850e-01 9.661297111821e-01 9.664072593821e-01
4.885197850513e-04 1.409745408403e-02 8.715330067502e-02 2.122860570223e-01 3.301588475400e-01 4.227096554303e-01 4.939478626320e-01 5.498034006544e-01 5.946235031877e-01 6.313471999930e-01 6.619761893569e-01 6.879082541058e-01 7.101457891993e-01 7.294254432773e-01 7.463004205554e-01 7.611941394967e-01 7.744361497851e-01 7.862867653665e-01 7.969543339945e-01 8.066075859522e-01 8.153846223079e-01 8.233995627895e-01 8.307475344472e-01 8.375084648472e-01 8.437500011435e-01 8.495297813248e-01 8.548972193766e-01 8.598949215420e-01 8.645598196563e-01 8.689240853699e-01 8.730158731367e-01 8.768599282549e-01 8.804780877120e-01 8.838896952562e-01 8.871119473526e-01 8.901601830914e-01 8.930481283609e-01 8.957881024891e-01 8.983911939142e-01 9.008674101693e-01 9.032258064579e-01 9.054745963026e-01 9.076212471170e-01 9.096725630440e-01 9.116347569979e-01 9.135135135154e-01 9.153140437559e-01 9.170411337723e-01 9.186991869928e-01 9.202922617078e-01 9.218241042351e-01 9.232981783322e-01 9.247176913429e-01 9.260856174934e-01 9.274047186936e-01 9.286775631503e-01 9.299065420563e-01 9.310938845824e-01 9.322416713722e-01 9.333518467094e-01 9.344262295083e-01 9.354665232590e-01 9.364743250398e-01 9.374511336983e-01 9.383983572896e-01 9.393173198483e-01 9.402092675636e-01 9.410753744169e-01 9.419167473379e-01 9.427344309234e-01 9.435294117647e-01 9.443026224182e-01 9.450549450550e-01 9.457872148182e-01 9.465002229157e-01 9.471947194720e-01 9.478714161599e-01 9.485309886339e-01 9.491740787802e-01 9.498012967998e-01 9.504132231405e-01 9.510104102878e-01 9.515933844292e-01 9.521626470002e-01 9.527186761229e-01 9.532619279455e-01 9.537928378899e-01 9.543118218161e-01 9.548192771084e-01 9.553155836902e-01 9.558011049724e-01 9.562761887411e-01 9.567411679885e-01 9.571963616907e-01 9.576420755383e-01 9.580786026201e-01 9.585062240664e-01 9.589252096526e-01 9.593358183667e-01 9.597382989431e-01 9.601328903654e-01 9.605198223392e-01 9.608993157380e-01 9.612715830240e-01 9.616368286445e-01 9.619952494062e-01 9.623470348290e-01 9.626923674802e-01 9.630314232902e-01 9.633643718516e-01 9.636913767020e-01 9.640125955915e-01 9.643281807372e-01 9.646382790629e-01 9.649430324277e-01 9.652425778421e-01 9.655370476738e-01 9.658265698419e-01 9.661112680034e-01 9.663912617281e-01 9.666666666667e-01
5.243866451914e-04 1.495454409528e-02 9.068467957879e-02 2.173825828209e-01 3.351481359310e-01 4.271705433270e-01 4.978981830324e-01 5.533285348322e-01 5.978009456095e-01 6.342378735063e-01 6.646270860038e-01 6.903559350349e-01 7.124191284535e-01 7.315475993514e-01 7.482902366997e-01 7.630671475662e-01 7.762053009871e-01 7.879629710348e-01 7.985468721973e-01 8.081244117807e-01 8.168326079018e-01 8.247846853277e-01 8.320750250613e-01 8.387829278085e-01 8.449755101675e-01 8.507099580678e-01 8.560352979345e-01 8.609938018426e-01 8.656221119638e-01 8.699521476192e-01 8.740118424412e-01 8.778257476445e-01 8.814155289440e-01 8.848003783701e-01 8.879973575117e-01 8.910216851507e-01 8.938869795199e-01 8.966054633235e-01 8.991881380302e-01 9.016449326817e-01 9.039848314591e-01 9.062159834642e-01 9.083457975417e-01 9.103810244680e-01 9.123278284278e-01 9.141918493726e-01 9.159782575893e-01 9.176918015926e-01 9.193368502733e-01 9.209174300918e-01 9.224372579824e-01 9.238997705355e-01 9.253081499390e-01 9.266653470912e-01 9.279741022399e-01 9.292369634487e-01 9.304563031556e-01 9.316343330476e-01 9.327731174491e-01 9.338745853942e-01 9.349405415313e-01 9.359726759894e-01 9.369725733204e-01 9.379417206162e-01 9.388815148882e-01 9.397932697862e-01 9.406782217250e-01 9.415375354786e-01 9.423723092944e-01 9.431835795763e-01 9.439723251775e-01 9.447394713400e-01 9.454858933160e-01 9.462124196983e-01 9.469198354891e-01 9.476088849294e-01 9.482802741104e-01 9.489346733871e-01 9.495727196112e-01 9.501950181979e-01 9.508021450422e-01 9.513946482964e-01 9.519730500210e-01 9.525378477186e-01 9.530895157613e-01 9.536285067194e-01 9.541552526000e-01 9.546701660012e-01 9.551736411905e-01 9.556660551116e-01 9.561477683249e-01 9.566191258889e-01 9.570804581839e-01 9.575320816844e-01 9.579742996831e-01 9.584074029702e-01 9.588316704710e-01 9.592473698450e-01 9.596547580488e-01 9.600540818662e-01 9.604455784060e-01 9.608294755723e-01 9.612059925064e-01 9.615753400039e-01 9.619377209086e-01 9.622933304836e-01 9.626423567625e-01 9.629849808805e-01 9.633213773882e-01 9.636517145480e-01 9.639761546149e-01 9.642948541017e-01 9.646079640315e-01 9.649156301759e-01 9.652179932814e-01 9.655151892837e-01 9.658073495124e-01 9.660946008834e-01 9.663770660836e-01 9.666548637452e-01 9.669281086117e-01
5.634543163679e-04 1.587220960881e-02 9.435920337522e-02 2.225785680093e-01 3.401947971469e-01 4.316718400495e-01 5.018814059377e-01 5.568822160028e-01 6.010038679984e-01 6.371516425774e-01 6.672991314372e-01 6.928231312935e-01 7.147105878941e-01 7.336866682990e-01 7.502959099528e-01 7.649550813686e-01 7.779885500391e-01 7.896525337593e-01 8.001521006665e-01 8.096533245136e-01 8.182921318191e-01 8.261808452486e-01 8.334130938081e-01 8.400675463455e-01 8.462107846738e-01 8.518995390603e-01 8.571824452808e-01 8.621014385791e-01 8.666928691549e-01 8.709884019893e-01 8.750157481333e-01 8.787992631717e-01 8.823604401820e-01 8.857183182676e-01 8.888898230667e-01 8.918900520941e-01 8.947325150691e-01 8.974293373022e-01 8.999914325999e-01 9.024286508865e-01 9.047499047552e-01 9.069632783734e-01 9.090761215504e-01 9.110951312707e-01 9.130264226012e-01 9.148755905528e-01 9.166477642142e-01 9.183476542629e-01 9.199795947771e-01 9.215475801334e-01 9.230552976486e-01 9.245061565295e-01 9.259033136075e-01 9.272496962675e-01 9.285480229221e-01 9.298008213314e-01 9.310104450293e-01 9.321790880793e-01 9.333087983569e-01 9.344014895251e-01 9.354589518524e-01 9.364828620005e-01 9.374747918951e-01 9.384362167787e-01 9.393685225308e-01 9.402730123337e-01 9.411509127503e-01 9.420033792732e-01 9.428315013988e-01 9.436363072727e-01 9.444187679482e-01 9.451798012949e-01 9.459202755906e-01 9.466410128258e-01 9.473427917476e-01 9.480263506666e-01 9.486923900477e-01 9.493415749045e-01 9.499745370139e-01 9.505918769671e-01 9.511941660702e-01 9.517819481077e-01 9.523557409802e-01 9.529160382260e-01 9.534633104373e-01 9.539980065783e-01 9.545205552136e-01 9.550313656538e-01 9.555308290248e-01 9.560193192664e-01 9.564971940662e-01 9.569647957332e-01 9.574224520151e-01 9.578704768646e-01 9.583091711577e-01 9.587388233676e-01 9.591597101970e-01 9.595720971726e-01 9.599762392036e-01 9.603723811071e-01 9.607607581029e-01 9.611415962789e-01 9.615151130302e-01 9.618815174729e-01 9.622410108343e-01 9.625937868218e-01 9.629400319704e-01 9.632799259723e-01 9.636136419870e-01 9.639413469363e-01 9.642632017821e-01 9.645793617903e-01 9.648899767806e-01 9.651951913628e-01 9.654951451621e-01 9.657899730311e-01 9.660798052527e-01 9.663647677317e-01 9.666449821773e-01 9.669205662764e-01 9.671916338583e-01
6.060598079514e-04 1.685520240828e-02 9.818167910234e-02 2.278748327889e-01 3.452994128506e-01 4.362142604530e-01 5.058982461185e-01 5.604651093697e-01 6.042328791468e-01 6.400890643168e-01 6.699928377897e-01 6.953103162512e-01 7.170206073854e-01 7.358430608274e-01 7.523178254547e-01 7.668583034571e-01 7.797862394023e-01 7.913557780152e-01 8.017703276846e-01 8.111946177790e-01 8.197634743627e-01 8.275883106868e-01 8.347619976662e-01 8.413625671718e-01 8.474560618994e-01 8.530987527638e-01 8.583388817275e-01 8.632180444755e-01 8.677722968708e-01 8.720330474950e-01 8.760277830152e-01 8.797806618024e-01 8.833130028982e-01 8.866436912412e-01 8.897895154176e-01 8.927654506933e-01 8.955848973953e-01 8.982598826521e-01 9.008012318977e-01 9.032187152987e-01 9.055211732802e-01 9.077166245500e-01 9.098123594035e-01 9.118150205980e-01 9.137306736847e-01 9.155648683700e-01 9.173226922110e-01 9.190088177412e-01 9.206275439448e-01 9.221828328544e-01 9.236783419297e-01 9.251174527721e-01 9.265032966511e-01 9.278387772478e-01 9.291265909629e-01 9.303692450887e-01 9.315690741014e-01 9.327282542989e-01 9.338488169744e-01 9.349326602952e-01 9.359815600336e-01 9.369971792748e-01 9.379810772162e-01 9.389347171548e-01 9.398594737482e-01 9.407566396265e-01 9.416274314208e-01 9.424729952671e-01 9.432944118400e-01 9.440927009599e-01 9.448688258171e-01 9.456236968491e-01 9.463581753028e-01 9.470730765130e-01 9.477691729208e-01 9.484471968587e-01 9.491078431196e-01 9.497517713324e-01 9.503796081582e-01 9.509919493250e-01 9.515893615130e-01 9.521723841035e-01 9.527415308033e-01 9.532972911546e-01 9.538401319391e-01 9.543704984855e-01 9.548888158881e-01 9.553954901433e-01 9.558909092099e-01 9.563754439998e-01 9.568494493044e-01 9.573132646607e-01 9.577672151627e-01 9.582116122209e-01 9.586467542751e-01 9.590729274625e-01 9.594904062453e-01 9.598994540001e-01 9.603003235721e-01 9.606932577961e-01 9.610784899872e-01 9.614562444025e-01 9.618267366769e-01 9.621901742331e-01 9.625467566692e-01 9.628966761240e-01 9.632401176220e-01 9.635772594004e-01 9.639082732167e-01 9.642333246409e-01 9.645525733317e-01 9.648661732978e-01 9.651742731455e-01 9.654770163140e-01 9.657745412975e-01 9.660669818570e-01 9.663544672204e-01 9.666371222729e-01 9.669150677383e-01 9.671884203505e-01 9.674572930171e-01
6.525810739218e-04 1.790866788388e-02 1.021569571482e-01 2.332721840319e-01 3.504626032218e-01 4.407985578051e-01 5.099494512153e-01 5.640779087787e-01 6.074886133828e-01 6.430507189564e-01 6.727087383534e-01 6.978179827964e-01 7.193496449125e-01 7.380172045561e-01 7.543563842012e-01 7.687771913089e-01 7.815987256340e-01 7.930730416332e-01 8.034018742227e-01 8.127485972900e-01 8.212469273722e-01 8.290073608124e-01 8.361220041904e-01 8.426682471546e-01 8.487115888453e-01 8.543078370426e-01 8.595048366542e-01 8.643438410108e-01 8.688606092163e-01 8.730862913422e-01 8.770481478246e-01 8.807701381972e-01 8.842734060339e-01 8.875766808389e-01 8.906966130188e-01 8.936480545840e-01 8.964442955691e-01 8.990972641122e-01 9.016176965476e-01 9.040152826276e-01 9.062987900155e-01 9.084761714203e-01 9.105546571341e-01 9.125408352402e-01 9.144407213667e-01 9.162598195428e-01 9.180031754518e-01 9.196754231697e-01 9.212808262973e-01 9.228233142574e-01 9.243065144068e-01 9.257337805141e-01 9.271082180767e-01 9.284327068766e-01 9.297099211217e-01 9.309423474675e-01 9.321323011764e-01 9.332819406339e-01 9.343932804144e-01 9.354682030624e-01 9.365084697344e-01 9.375157298273e-01 9.384915297056e-01 9.394373206223e-01 9.403544659209e-01 9.412442475923e-01 9.421078722540e-01 9.429464766088e-01 9.437611324365e-01 9.445528511638e-01 9.453225880536e-01 9.460712460496e-01 9.467996793103e-01 9.475086964598e-01 9.481990635817e-01 9.488715069808e-01 9.495267157314e-01 9.501653440334e-01 9.507880133900e-01 9.513953146261e-01 9.519878097578e-01 9.525660337268e-01 9.531304960120e-01 9.536816821263e-01 9.542200550094e-01 9.547460563247e-01 9.552601076680e-01 9.557626116938e-01 9.562539531678e-01 9.567344999493e-01 9.572046039093e-01 9.576646017904e-01 9.581148160107e-01 9.585555554178e-01 9.589871159950e-01 9.594097815245e-01 9.598238242095e-01 9.602295052589e-01 9.606270754367e-01 9.610167755792e-01 9.613988370810e-01 9.617734823536e-01 9.621409252570e-01 9.625013715068e-01 9.628550190581e-01 9.632020584683e-01 9.635426732393e-01 9.638770401411e-01 9.642053295175e-01 9.645277055759e-01 9.648443266608e-01 9.651553455132e-01 9.654609095166e-01 9.657611609294e-01 9.660562371060e-01 9.663462707064e-01 9.666313898948e-01 9.669117185288e-01 9.671873763383e-01 9.674584790964e-01 9.677251387816e-01
7.034426537152e-04 1.903817701648e-02 1.062899200406e-01 2.387714185571e-01 3.556850301467e-01 4.454255260250e-01 5.140358036048e-01 5.677213383641e-01 6.107717320524e-01 6.460372111981e-01 6.754473888169e-01 7.003466444790e-01 7.216981776423e-01 7.402095450069e-01 7.564120039722e-01 7.707121381995e-01 7.834263802131e-01 7.948046765816e-01 8.050470746834e-01 8.143155815528e-01 8.227427948997e-01 8.304382864779e-01 8.374933921317e-01 8.439848539104e-01 8.499776228484e-01 8.555270397147e-01 8.606805490389e-01 8.654790589322e-01 8.699580292558e-01 8.741483494073e-01 8.780770516988e-01 8.817678951629e-01 8.852418464366e-01 8.885174782896e-01 8.916113017921e-01 8.945380446677e-01 8.973108857357e-01 8.999416533152e-01 9.024409938951e-01 9.048185161407e-01 9.070829143443e-01 9.092420746640e-01 9.113031668862e-01 9.132727239627e-01 9.151567111812e-01 9.169605865107e-01 9.186893534109e-01 9.203476071781e-01 9.219395757336e-01 9.234691556179e-01 9.249399438323e-01 9.263552660802e-01 9.277182018710e-01 9.290316068878e-01 9.302981329596e-01 9.315202459330e-01 9.327002416952e-01 9.338402605697e-01 9.349423002722e-01 9.360082275935e-01 9.370397889520e-01 9.380386199420e-01 9.390062539873e-01 9.399441301965e-01 9.408536005041e-01 9.417359361730e-01 9.425923337230e-01 9.434239203447e-01 9.442317588490e-01 9.450168521985e-01 9.457801476621e-01 9.465225406275e-01 9.472448781053e-01 9.479479619526e-01 9.486325518422e-01 9.492993680009e-01 9.499490937367e-01 9.505823777748e-01 9.511998364176e-01 9.518020555457e-01 9.523895924719e-01 9.529629776616e-01 9.535227163300e-01 9.540692899270e-01 9.546031575185e-01 9.551247570718e-01 9.556345066546e-01 9.561328055519e-01 9.566200353095e-01 9.570965607082e-01 9.575627306748e-01 9.580188791335e-01 9.584653258046e-01 9.589023769509e-01 9.593303260791e-01 9.597494545963e-01 9.601600324281e-01 9.605623185973e-01 9.609565617696e-01 9.613430007656e-01 9.617218650438e-01 9.620933751545e-01 9.624577431678e-01 9.628151730779e-01 9.631658611835e-01 9.635099964472e-01 9.638477608353e-01 9.641793296384e-01 9.645048717751e-01 9.648245500785e-01 9.651385215679e-01 9.654469377064e-01 9.657499446439e-01 9.660476834483e-01 9.663402903249e-01 9.666278968232e-01 9.669106300350e-01 9.671886127814e-01 9.674619637904e-01 9.677307978664e-01 9.679952260505e-01
7.591221816963e-04 2.024976049943e-02 1.105854704227e-01 2.443733268950e-01 3.609674006025e-01 4.500960020812e-01 5.181581224063e-01 5.713961543225e-01 6.140829251155e-01 6.490491716653e-01 6.782093685969e-01 7.028968367400e-01 7.240667030657e-01 7.424205466707e-01 7.584851203322e-01 7.726635541439e-01 7.852695904296e-01 7.965510498084e-01 8.067062777016e-01 8.158959026293e-01 8.242513939373e-01 8.318813909140e-01 8.388764521045e-01 8.453126664448e-01 8.512544321974e-01 8.567566191448e-01 8.618662680303e-01 8.666239388072e-01 8.710647895467e-01 8.752194467543e-01 8.791147126762e-01 8.827741441370e-01 8.862185293315e-01 8.894662829605e-01 8.925337755720e-01 8.954356095451e-01 8.981848515368e-01 9.007932291980e-01 9.032712984077e-01 9.056285860536e-01 9.078737124327e-01 9.100144965858e-01 9.120580472786e-01 9.140108418625e-01 9.158787948556e-01 9.176673177755e-01 9.193813714984e-01 9.210255122109e-01 9.226039318515e-01 9.241204937979e-01 9.255787644382e-01 9.269820411713e-01 9.283333772976e-01 9.296356041961e-01 9.308913511266e-01 9.321030629493e-01 9.332730160118e-01 9.344033324216e-01 9.354959928923e-01 9.365528483267e-01 9.375756302799e-01 9.385659604260e-01 9.395253591382e-01 9.404552532771e-01 9.413569832711e-01 9.422318095636e-01 9.430809184913e-01 9.439054276514e-01 9.447063908093e-01 9.454848023918e-01 9.462416016057e-01 9.469776762182e-01 9.476938660312e-01 9.483909660773e-01 9.490697295640e-01 9.497308705884e-01 9.503750666429e-01 9.510029609316e-01 9.516151645117e-01 9.522122582774e-01 9.527947947984e-01 9.533633000253e-01 9.539182748738e-01 9.544601966960e-01 9.549895206509e-01 9.555066809784e-01 9.560120921879e-01 9.565061501664e-01 9.569892332124e-01 9.574617030021e-01 9.579239054925e-01 9.583761717661e-01 9.588188188219e-01 9.592521503164e-01 9.596764572580e-01 9.600920186592e-01 9.604991021480e-01 9.608979645429e-01 9.612888523931e-01 9.616720024868e-01 9.620476423296e-01 9.624159905945e-01 9.627772575471e-01 9.631316454452e-01 9.634793489169e-01 9.638205553166e-01 9.641554450618e-01 9.644841919515e-01 9.648069634664e-01 9.651239210539e-01 9.654352203970e-01 9.657410116695e-01 9.660414397777e-01 9.663366445888e-01 9.666267611487e-01 9.669119198876e-01 9.671922468156e-01 9.674678637084e-01 9.677388882835e-01 9.680054343683e-01 9.682676120589e-01
8.201579129097e-04 2.154994501694e-02 1.150485182834e-01 2.500786975681e-01 3.663104702544e-01 4.548108685620e-01 5.223172656428e-01 5.751031468234e-01 6.174229128665e-01 6.520872584689e-01 6.809952822743e-01 7.054691182375e-01 7.264557402293e-01 7.446506941566e-01 7.605761877075e-01 7.746318669108e-01 7.871287603423e-01 7.983125441497e-01 8.083798470070e-01 8.174899069580e-01 8.257730552017e-01 8.333369904803e-01 8.402714873055e-01 8.466519758435e-01 8.525422967971e-01 8.579968448839e-01 8.630622535642e-01 8.677787316187e-01 8.721811327155e-01 8.762998181914e-01 8.801613582347e-01 8.837891057115e-01 8.872036688291e-01 8.904233028506e-01 8.934642365851e-01 8.963409459821e-01 8.990663845652e-01 9.016521784451e-01 9.041087921064e-01 9.064456699514e-01 9.086713576412e-01 9.107936065177e-01 9.128194637980e-01 9.147553507513e-01 9.166071306868e-01 9.183801682683e-01 9.200793814199e-01 9.217092868799e-01 9.232740402925e-01 9.247774715852e-01 9.262231162680e-01 9.276142431904e-01 9.289538792166e-01 9.302448312111e-01 9.314897056692e-01 9.326909262830e-01 9.338507496911e-01 9.349712796274e-01 9.360544796562e-01 9.371021846548e-01 9.381161111864e-01 9.390978668841e-01 9.400489589577e-01 9.409708019135e-01 9.418647245744e-01 9.427319764708e-01 9.435737336676e-01 9.443911040859e-01 9.451851323674e-01 9.459568043288e-01 9.467070510452e-01 9.474367525973e-01 9.481467415160e-01 9.488378059503e-01 9.495106925862e-01 9.501661093382e-01 9.508047278327e-01 9.514271857049e-01 9.520340887213e-01 9.526260127467e-01 9.532035055665e-01 9.537670885776e-01 9.543172583586e-01 9.548544881287e-01 9.553792291060e-01 9.558919117706e-01 9.563929470431e-01 9.568827273828e-01 9.573616278129e-01 9.578300068780e-01 9.582882075399e-01 9.587365580146e-01 9.591753725562e-01 9.596049521922e-01 9.600255854116e-01 9.604375488108e-01 9.608411077009e-01 9.612365166767e-01 9.616240201528e-01 9.620038528673e-01 9.623762403558e-01 9.627413993982e-01 9.630995384395e-01 9.634508579864e-01 9.637955509818e-01 9.641338031579e-01 9.644657933702e-01 9.647916939129e-01 9.651116708167e-01 9.654258841310e-01 9.657344881909e-01 9.660376318701e-01 9.663354588201e-01 9.666281076973e-01 9.669157123783e-01 9.671984021639e-01 9.674763019733e-01 9.677495325277e-01 9.680182105255e-01 9.682824488086e-01 9.685423565197e-01
8.871574401592e-04 2.294579166397e-02 1.196839675302e-01 2.558883219158e-01 3.717150472821e-01 4.595710564369e-01 5.265141325714e-01 5.788431420720e-01 6.207924477914e-01 6.551521588963e-01 6.838057611432e-01 7.080640722774e-01 7.288658310641e-01 7.469004934332e-01 7.626856805501e-01 7.766175231184e-01 7.890043118139e-01 8.000895593094e-01 8.100681623550e-01 8.190979562415e-01 8.273081239807e-01 8.348054154745e-01 8.416788142900e-01 8.480030860166e-01 8.538415088843e-01 8.592479983588e-01 8.642687770286e-01 8.689436994076e-01 8.733073120781e-01 8.773897088721e-01 8.812172258752e-01 8.848130101977e-01 8.881974884733e-01 8.913887551230e-01 8.944028959681e-01 8.972542594142e-01 8.999556848547e-01 9.025186959658e-01 9.049536650321e-01 9.072699532438e-01 9.094760309682e-01 9.115795812523e-01 9.135875892218e-01 9.155064195700e-01 9.173418839457e-01 9.190992997463e-01 9.207835415651e-01 9.223990863447e-01 9.239500531148e-01 9.254402380587e-01 9.268731455357e-01 9.282520155942e-01 9.295798484298e-01 9.308594261762e-01 9.320933323636e-01 9.332839693295e-01 9.344335738300e-01 9.355442310634e-01 9.366178872936e-01 9.376563612313e-01 9.386613543152e-01 9.396344600144e-01 9.405771722588e-01 9.414908930919e-01 9.423769396288e-01 9.432365503903e-01 9.440708910796e-01 9.448810598560e-01 9.456680921572e-01 9.464329651142e-01 9.471766015985e-01 9.478998739368e-01 9.486036073245e-01 9.492885829667e-01 9.499555409705e-01 9.506051830129e-01 9.512381748031e-01 9.518551483580e-01 9.524567041071e-01 9.530434128412e-01 9.536158175193e-01 9.541744349446e-01 9.547197573202e-01 9.552522536961e-01 9.557723713147e-01 9.562805368634e-01 9.567771576422e-01 9.572626226525e-01 9.577373036133e-01 9.582015559102e-01 9.586557194832e-01 9.591001196563e-01 9.595350679152e-01 9.599608626348e-01 9.603777897624e-01 9.607861234574e-01 9.611861266932e-01 9.615780518216e-01 9.619621411036e-01 9.623386272091e-01 9.627077336866e-01 9.630696754061e-01 9.634246589758e-01 9.637728831360e-01 9.641145391294e-01 9.644498110520e-01 9.647788761835e-01 9.651019052998e-01 9.654190629688e-01 9.657305078299e-01 9.660363928583e-01 9.663368656161e-01 9.666320684889e-01 9.669221389117e-01 9.672072095813e-01 9.674874086595e-01 9.677628599646e-01 9.680336831544e-01 9.682999938991e-01 9.685619040462e-01 9.688195217769e-01
9.608078103395e-04 2.444493644862e-02 1.244967020213e-01 2.618029994930e-01 3.771819964558e-01 4.643775480264e-01 5.307496661992e-01 5.826170045376e-01 6.241923165748e-01 6.582445912375e-01 6.866414648858e-01 7.106823083599e-01 7.312975418220e-01 7.491704731686e-01 7.648140945947e-01 7.786209894173e-01 7.908966856280e-01 8.018825129186e-01 8.117716205331e-01 8.207204284049e-01 8.288569610481e-01 8.362870110084e-01 8.430987638104e-01 8.493663145049e-01 8.551523738025e-01 8.605103736182e-01 8.654861219834e-01 8.701191159671e-01 8.744435923118e-01 8.784893749450e-01 8.822825637500e-01 8.858460982356e-01 8.892002218338e-01 8.923628666805e-01 8.953499743267e-01 8.981757644902e-01 9.008529614107e-01 9.033929854109e-01 9.058061157486e-01 9.081016296554e-01 9.102879215298e-01 9.123726055110e-01 9.143626040768e-01 9.162642248365e-01 9.180832273159e-01 9.198248812214e-01 9.214940174273e-01 9.230950727233e-01 9.246321291966e-01 9.261089489831e-01 9.275290050124e-01 9.288955082735e-01 9.302114320539e-01 9.314795335348e-01 9.327023730755e-01 9.338823314673e-01 9.350216254052e-01 9.361223213860e-01 9.371863482178e-01 9.382155082997e-01 9.392114878107e-01 9.401758659283e-01 9.411101231835e-01 9.420156490454e-01 9.428937488160e-01 9.437456499083e-01 9.445725075703e-01 9.453754101122e-01 9.461553836852e-01 9.469133966564e-01 9.476503636205e-01 9.483671490803e-01 9.490645708304e-01 9.497434030692e-01 9.504043792660e-01 9.510481948047e-01 9.516755094238e-01 9.522869494718e-01 9.528831099930e-01 9.534645566591e-01 9.540318275593e-01 9.545854348616e-01 9.551258663548e-01 9.556535868820e-01 9.561690396744e-01 9.566726475924e-01 9.571648142832e-01 9.576459252593e-01 9.581163489057e-01 9.585764374208e-01 9.590265276956e-01 9.594669421365e-01 9.598979894353e-01 9.603199652911e-01 9.607331530863e-01 9.611378245218e-01 9.615342402122e-01 9.619226502460e-01 9.623032947115e-01 9.626764041918e-01 9.630422002304e-01 9.634008957702e-01 9.637526955665e-01 9.640977965769e-01 9.644363883291e-01 9.647686532680e-01 9.650947670830e-01 9.654148990187e-01 9.657292121668e-01 9.660378637440e-01 9.663410053536e-01 9.666387832339e-01 9.669313384939e-01 9.672188073357e-01 9.675013212660e-01 9.677790072972e-01 9.680519881372e-01 9.683203823704e-01 9.685843046296e-01 9.688438657593e-01 9.690991729704e-01
1.041887287481e-03 2.605563276343e-02 1.294915711981e-01 2.678235440721e-01 3.827122434860e-01 4.692313802033e-01 5.350248560052e-01 5.864256393665e-01 6.276233422719e-01 6.613653067611e-01 6.895030833851e-01 7.133244638530e-01 7.337514646303e-01 7.514611861825e-01 7.669619482194e-01 7.806427537713e-01 7.928063426997e-01 8.036918416815e-01 8.134906364500e-01 8.223577186325e-01 8.304199436539e-01 8.377821379543e-01 8.445316817245e-01 8.507419933505e-01 8.564752108397e-01 8.617842781397e-01 8.667145849381e-01 8.713052675942e-01 8.755902501811e-01 8.795990842565e-01 8.833576313441e-01 8.868886214554e-01 8.902121131471e-01 8.933458747881e-01 8.963057023414e-01 8.991056856619e-01 9.017584327835e-01 9.042752597318e-01 9.066663518880e-01 9.089409017585e-01 9.111072270789e-01 9.131728724515e-01 9.151446971337e-01 9.170289511301e-01 9.188313413667e-01 9.205570894240e-01 9.222109820576e-01 9.237974155378e-01 9.253204346716e-01 9.267837672369e-01 9.281908544463e-01 9.295448779642e-01 9.308487839241e-01 9.321053043271e-01 9.333169761494e-01 9.344861584398e-01 9.356150476489e-01 9.367056914010e-01 9.377600008892e-01 9.387797620521e-01 9.397666456693e-01 9.407222164963e-01 9.416479415430e-01 9.425451975892e-01 9.434152780158e-01 9.442593990264e-01 9.450787053188e-01 9.458742752638e-01 9.466471256412e-01 9.473982159746e-01 9.481284525058e-01 9.488386918425e-01 9.495297443108e-01 9.502023770385e-01 9.508573167966e-01 9.514952526182e-01 9.521168382167e-01 9.527226942204e-01 9.533134102392e-01 9.538895467788e-01 9.544516370144e-01 9.550001884363e-01 9.555356843787e-01 9.560585854394e-01 9.565693308017e-01 9.570683394644e-01 9.575560113880e-01 9.580327285645e-01 9.584988560146e-01 9.589547427201e-01 9.594007224953e-01 9.598371148022e-01 9.602642255136e-01 9.606823476279e-01 9.610917619396e-01 9.614927376680e-01 9.618855330480e-01 9.622703958839e-01 9.626475640714e-01 9.630172660878e-01 9.633797214534e-01 9.637351411662e-01 9.640837281117e-01 9.644256774487e-01 9.647611769740e-01 9.650904074663e-01 9.654135430106e-01 9.657307513057e-01 9.660421939540e-01 9.663480267363e-01 9.666483998713e-01 9.669434582620e-01 9.672333417285e-01 9.675181852290e-01 9.677981190695e-01 9.680732691020e-01 9.683437569141e-01 9.686097000070e-01 9.688712119669e-01 9.691284026256e-01 9.693813782152e-01
1.131279057595e-03 2.778679564445e-02 1.346733754891e-01 2.739507902817e-01 3.883067796711e-01 4.741336478482e-01 5.393407408875e-01 5.902699949947e-01 6.310863866628e-01 6.645150918565e-01 6.923913386887e-01 7.159912058065e-01 7.362282191761e-01 7.537732110181e-01 7.691297839202e-01 7.826833268458e-01 7.947337653861e-01 8.055180026181e-01 8.152256443156e-01 8.240102404923e-01 8.319974665973e-01 8.392911739721e-01 8.459779299787e-01 8.521304700418e-01 8.578103541370e-01 8.630700337043e-01 8.679544761953e-01 8.725024539042e-01 8.767475753253e-01 8.807191171129e-01 8.844427002135e-01 8.879408431925e-01 8.912334180113e-01 8.943380277482e-01 8.972703214239e-01 9.000442578220e-01 9.026723276901e-01 9.051657417860e-01 9.075345907412e-01 9.097879815484e-01 9.119341545674e-01 9.139805842166e-01 9.159340659450e-01 9.178007916163e-01 9.195864150677e-01 9.212961093057e-01 9.229346165572e-01 9.245062921959e-01 9.260151434020e-01 9.274648632755e-01 9.288588610170e-01 9.302002886936e-01 9.314920650320e-01 9.327368966190e-01 9.339372968306e-01 9.350956027702e-01 9.362139904561e-01 9.372944884645e-01 9.383389902094e-01 9.393492650158e-01 9.403269681207e-01 9.412736497235e-01 9.421907631873e-01 9.430796724841e-01 9.439416589635e-01 9.447779275150e-01 9.455896121878e-01 9.463777813213e-01 9.471434422366e-01 9.478875455313e-01 9.486109890169e-01 9.493146213325e-01 9.499992452659e-01 9.506656208090e-01 9.513144679718e-01 9.519464693777e-01 9.525622726589e-01 9.531624926703e-01 9.537477135370e-01 9.543184905504e-01 9.548753519259e-01 9.554188004331e-01 9.559493149096e-01 9.564673516686e-01 9.569733458080e-01 9.574677124287e-01 9.579508477708e-01 9.584231302725e-01 9.588849215590e-01 9.593365673658e-01 9.597783984018e-01 9.602107311572e-01 9.606338686593e-01 9.610481011810e-01 9.614537069046e-01 9.618509525453e-01 9.622400939353e-01 9.626213765739e-01 9.629950361439e-01 9.633612989971e-01 9.637203826116e-01 9.640724960226e-01 9.644178402283e-01 9.647566085721e-01 9.650889871038e-01 9.654151549203e-01 9.657352844872e-01 9.660495419434e-01 9.663580873878e-01 9.666610751521e-01 9.669586540577e-01 9.672509676596e-01 9.675381544770e-01 9.678203482130e-01 9.680976779611e-01 9.683702684028e-01 9.686382399945e-01 9.689017091445e-01 9.691607883820e-01 9.694155865175e-01 9.696662087947e-01
1.229987227881e-03 2.964804755480e-02 1.400468516860e-01 2.801856009155e-01 3.939666668736e-01 4.790855075867e-01 5.436984123609e-01 5.941510659862e-01 6.345823528078e-01 6.676947703575e-01 6.953069871407e-01 7.186832329200e-01 7.387284545351e-01 7.561071536491e-01 7.713181699115e-01 7.847432435139e-01 7.966794589094e-01 8.073614744115e-01 8.169770989223e-01 8.256784271561e-01 8.335899433915e-01 8.408145146230e-01 8.474378876759e-01 8.535321085384e-01 8.591581536738e-01 8.643679773455e-01 8.692061207664e-01 8.737109887141e-01 8.779158711128e-01 8.818497671072e-01 8.855380547863e-01 8.890030392646e-01 8.922644041399e-01 8.953395856327e-01 8.982440844286e-01 9.009917269976e-01 9.035948856888e-01 9.060646649946e-01 9.084110598985e-01 9.106430910692e-01 9.127689207569e-01 9.147959525310e-01 9.167309174270e-01 9.185799486168e-01 9.203486463454e-01 9.220421345852e-01 9.236651106117e-01 9.252218885148e-01 9.267164374909e-01 9.281524156336e-01 9.295331998283e-01 9.308619122636e-01 9.321414440002e-01 9.333744759694e-01 9.345634977231e-01 9.357108242117e-01 9.368186108272e-01 9.378888669171e-01 9.389234679481e-01 9.399241664738e-01 9.408926020416e-01 9.418303101566e-01 9.427387304056e-01 9.436192138317e-01 9.444730296387e-01 9.453013712951e-01 9.461053621007e-01 9.468860602682e-01 9.476444635702e-01 9.483815135939e-01 9.490980996405e-01 9.497950623050e-01 9.504731967656e-01 9.511332558103e-01 9.517759526242e-01 9.524019633602e-01 9.530119295118e-01 9.536064601056e-01 9.541861337298e-01 9.547515004125e-01 9.553030833620e-01 9.558413805822e-01 9.563668663720e-01 9.568799927192e-01 9.573811905974e-01 9.578708711728e-01 9.583494269296e-01 9.588172327189e-01 9.592746467380e-01 9.597220114452e-01 9.601596544148e-01 9.605878891368e-01 9.610070157664e-01 9.614173218249e-01 9.618190828578e-01 9.622125630519e-01 9.625980158147e-01 9.629756843184e-01 9.633458020116e-01 9.637085931005e-01 9.640642730020e-01 9.644130487699e-01 9.647551194969e-01 9.650906766939e-01 9.654199046471e-01 9.657429807557e-01 9.660600758507e-01 9.663713544959e-01 9.666769752730e-01 9.669770910506e-01 9.672718492394e-01 9.675613920336e-01 9.678458566397e-01 9.681253754932e-01 9.684000764639e-01 9.686700830517e-01 9.689355145710e-01 9.691964863267e-01 9.694531097814e-01 9.697054927142e-01 9.699537393711e-01
1.339155542344e-03 3.164976533117e-02 1.456166585276e-01 2.865288749487e-01 3.996930428583e-01 4.840881818380e-01 5.480990180303e-01 5.980698961155e-01 6.381121878242e-01 6.709052060699e-01 6.982508216992e-01 7.214012776834e-01 7.412528511585e-01 7.584636493353e-01 7.735277018657e-01 7.868230644940e-01 7.986439529038e-01 8.092227588745e-01 8.187454770365e-01 8.273627327251e-01 8.351978075293e-01 8.423525745804e-01 8.489119522363e-01 8.549472903852e-01 8.605189763395e-01 8.656784623814e-01 8.704698593662e-01 8.749312010036e-01 8.790954555697e-01 8.829913420179e-01 8.866439932329e-01 8.900754988162e-01 8.933053521814e-01 8.963508210794e-01 8.992272564273e-01 9.019483511028e-01 9.045263579126e-01 9.069722740569e-01 9.092959979471e-01 9.115064630935e-01 9.136117528824e-01 9.156191993491e-01 9.175354684937e-01 9.193666342288e-01 9.211182426898e-01 9.227953683406e-01 9.244026630716e-01 9.259443992896e-01 9.274245078403e-01 9.288466114727e-01 9.302140544444e-01 9.315299287773e-01 9.327970975985e-01 9.340182159360e-01 9.351957492873e-01 9.363319902359e-01 9.374290733481e-01 9.384889885570e-01 9.395135932083e-01 9.405046229225e-01 9.414637014054e-01 9.423923493261e-01 9.432919923620e-01 9.441639685024e-01 9.450095346878e-01 9.458298728556e-01 9.466260954519e-01 9.473992504650e-01 9.481503260270e-01 9.488802546275e-01 9.495899169750e-01 9.502801455428e-01 9.509517278259e-01 9.516054093390e-01 9.522418963762e-01 9.528618585575e-01 9.534659311780e-01 9.540547173802e-01 9.546287901617e-01 9.551886942363e-01 9.557349477570e-01 9.562680439158e-01 9.567884524291e-01 9.572966209176e-01 9.577929761906e-01 9.582779254418e-01 9.587518573631e-01 9.592151431837e-01 9.596681376400e-01 9.601111798815e-01 9.605445943174e-01 9.609686914089e-01 9.613837684109e-01 9.617901100666e-01 9.621879892594e-01 9.625776676234e-01 9.629593961175e-01 9.633334155646e-01 9.636999571575e-01 9.640592429364e-01 9.644114862365e-01 9.647568921112e-01 9.650956577295e-01 9.654279727519e-01 9.657540196841e-01 9.660739742112e-01 9.663880055136e-01 9.666962765652e-01 9.669989444152e-01 9.672961604555e-01 9.675880706723e-01 9.678748158860e-01 9.681565319774e-01 9.684333501022e-01 9.687053968951e-01 9.689727946624e-01 9.692356615657e-01 9.694941117961e-01 9.697482557390e-01 9.699982001322e-01 9.702440482144e-01
1.460089320012e-03 3.380312781499e-02 1.513873627553e-01 2.929815563023e-01 4.054871270287e-01 4.891429632108e-01 5.525437653717e-01 6.020275817255e-01 6.416768859112e-01 6.741473055220e-01 7.012236744592e-01 7.241461087060e-01 7.438021230372e-01 7.608433646420e-01 7.757590048071e-01 7.889233781328e-01 8.006278030989e-01 8.111023825440e-01 8.205312789152e-01 8.290636336743e-01 8.368215138617e-01 8.439057889488e-01 8.504005406607e-01 8.563764159259e-01 8.618932071000e-01 8.670018595376e-01 8.717460494962e-01 8.761634359613e-01 8.802866623910e-01 8.841441647874e-01 8.877608284147e-01 8.911585252376e-01 8.943565566120e-01 8.973720201590e-01 9.002201155516e-01 9.029144007589e-01 9.054670078676e-01 9.078888257284e-01 9.101896552289e-01 9.123783418625e-01 9.144628893742e-01 9.164505575610e-01 9.183479467462e-01 9.201610709997e-01 9.218954218136e-01 9.235560236560e-01 9.251474825847e-01 9.266740289129e-01 9.281395547577e-01 9.295476471752e-01 9.309016174738e-01 9.322045272114e-01 9.334592113063e-01 9.346682986278e-01 9.358342303824e-01 9.369592765659e-01 9.380455507138e-01 9.390950231537e-01 9.401095329317e-01 9.410907985682e-01 9.420404277716e-01 9.429599262286e-01 9.438507055702e-01 9.447140906031e-01 9.455513258840e-01 9.463635817052e-01 9.471519595526e-01 9.479174970891e-01 9.486611727115e-01 9.493839097218e-01 9.500865801515e-01 9.507700082720e-01 9.514349738196e-01 9.520822149636e-01 9.527124310397e-01 9.533262850702e-01 9.539244060912e-01 9.545073913026e-01 9.550758080568e-01 9.556301957005e-01 9.561710672818e-01 9.566989111337e-01 9.572141923445e-01 9.577173541248e-01 9.582088190788e-01 9.586889903883e-01 9.591582529157e-01 9.596169742326e-01 9.600655055806e-01 9.605041827675e-01 9.609333270063e-01 9.613532456994e-01 9.617642331730e-01 9.621665713651e-01 9.625605304702e-01 9.629463695448e-01 9.633243370754e-01 9.636946715119e-01 9.640576017696e-01 9.644133477007e-01 9.647621205389e-01 9.651041233170e-01 9.654395512617e-01 9.657685921646e-01 9.660914267334e-01 9.664082289223e-01 9.667191662448e-01 9.670244000690e-01 9.673240858971e-01 9.676183736291e-01 9.679074078130e-01 9.681913278818e-01 9.684702683775e-01 9.687443591637e-01 9.690137256272e-01 9.692784888695e-01 9.695387658880e-01 9.697946697486e-01 9.700463097492e-01 9.702937915760e-01 9.705372174506e-01
1.594281224019e-03 3.612016355377e-02 1.573634259417e-01 2.995446433993e-01 4.113502266073e-01 4.942512192825e-01 5.570339258528e-01 6.060252753886e-01 6.452774916467e-01 6.774220209648e-01 7.042264194034e-01 7.269185332568e-01 7.463770200610e-01 7.632469996428e-01 7.780127351770e-01 7.910448023487e-01 8.026315931566e-01 8.130008984212e-01 8.223350299586e-01 8.307816304261e-01 8.384615401003e-01 8.454746147007e-01 8.519040909083e-01 8.578199056250e-01 8.632812502693e-01 8.683385581727e-01 8.730350666261e-01 8.774080561245e-01 8.814898420435e-01 8.853085745894e-01 8.888888889172e-01 8.922524371675e-01 8.954183267079e-01 8.984034833198e-01 9.012229539119e-01 9.038901601889e-01 9.064171123038e-01 9.088145896689e-01 9.110922946680e-01 9.132589838929e-01 9.153225806466e-01 9.172902717617e-01 9.191685912249e-01 9.209634926616e-01 9.226804123717e-01 9.243243243248e-01 9.258997882855e-01 9.274109920500e-01 9.288617886181e-01 9.302557289939e-01 9.315960912054e-01 9.328859060404e-01 9.341279799248e-01 9.353249153065e-01 9.364791288567e-01 9.375928677564e-01 9.386682242991e-01 9.397071490095e-01 9.407114624506e-01 9.416828658706e-01 9.426229508197e-01 9.435332078516e-01 9.444150344098e-01 9.452697419859e-01 9.460985626283e-01 9.469026548673e-01 9.476831091181e-01 9.484409526148e-01 9.491771539206e-01 9.498926270580e-01 9.505882352941e-01 9.512647946159e-01 9.519230769231e-01 9.525638129659e-01 9.531876950513e-01 9.537953795380e-01 9.543874891399e-01 9.549646150547e-01 9.555273189327e-01 9.560761346999e-01 9.566115702479e-01 9.571341090018e-01 9.576442113756e-01 9.581423161252e-01 9.586288416076e-01 9.591041869523e-01 9.595687331536e-01 9.600228440891e-01 9.604668674699e-01 9.609011357289e-01 9.613259668508e-01 9.617416651485e-01 9.621485219899e-01 9.625468164794e-01 9.629368160960e-01 9.633187772926e-01 9.636929460581e-01 9.640595584460e-01 9.644188410708e-01 9.647710115752e-01 9.651162790698e-01 9.654548445468e-01 9.657869012708e-01 9.661126351460e-01 9.664322250639e-01 9.667458432304e-01 9.670536554754e-01 9.673558215452e-01 9.676524953789e-01 9.679438253702e-01 9.682299546142e-01 9.685110211426e-01 9.687871581451e-01 9.690584941800e-01 9.693251533742e-01 9.695872556119e-01 9.698449167145e-01 9.700982486117e-01 9.703473595030e-01 9.705923540120e-01 9.708333333333e-01
1.743441593761e-03 3.861379780139e-02 1.635491924244e-01 3.062191995633e-01 4.172837433074e-01 4.994143978090e-01 5.615708394339e-01 6.100641899054e-01 6.489151035904e-01 6.807303536485e-01 7.072599754080e-01 7.297194000400e-01 7.489783305959e-01 7.656752903257e-01 7.802895830900e-01 7.931879867560e-01 8.046559366762e-01 8.149188878722e-01 8.241572825156e-01 8.325172490707e-01 8.401183884596e-01 8.470595322476e-01 8.534230634018e-01 8.592782015136e-01 8.646835308995e-01 8.696889676156e-01 8.743373054838e-01 8.786654426258e-01 8.827053629696e-01 8.864849279941e-01 8.900285201797e-01 8.933575695880e-01 8.964909876086e-01 8.994455264207e-01 9.022360786015e-01 9.048759281937e-01 9.073769621660e-01 9.097498493697e-01 9.120041926744e-01 9.141486588583e-01 9.161910899577e-01 9.181385990919e-01 9.199976532309e-01 9.217741449354e-01 9.234734547471e-01 9.251005056190e-01 9.266598105478e-01 9.281555143769e-01 9.295914305868e-01 9.309710737603e-01 9.322976883036e-01 9.335742739188e-01 9.348036082472e-01 9.359882670440e-01 9.371306421936e-01 9.382329578282e-01 9.392972847815e-01 9.403255535722e-01 9.413195660903e-01 9.422810061349e-01 9.432114489322e-01 9.441123697477e-01 9.449851516918e-01 9.458310928047e-01 9.466514124979e-01 9.474472574189e-01 9.482197067991e-01 9.489697773365e-01 9.496984276602e-01 9.504065624175e-01 9.510950360216e-01 9.517646560900e-01 9.524161866053e-01 9.530503508226e-01 9.536678339482e-01 9.542692856087e-01 9.548553221311e-01 9.554265286493e-01 9.559834610529e-01 9.565266477916e-01 9.570565915479e-01 9.575737707883e-01 9.580786412045e-01 9.585716370524e-01 9.590531723979e-01 9.595236422769e-01 9.599834237758e-01 9.604328770401e-01 9.608723462146e-01 9.613021603224e-01 9.617226340869e-01 9.621340686995e-01 9.625367525400e-01 9.629309618498e-01 9.633169613646e-01 9.636950049068e-01 9.640653359426e-01 9.644281881040e-01 9.647837856814e-01 9.651323440852e-01 9.654740702810e-01 9.658091631998e-01 9.661378141238e-01 9.664602070505e-01 9.667765190364e-01 9.670869205213e-01 9.673915756341e-01 9.676906424828e-01 9.679842734276e-01 9.682726153399e-01 9.685558098475e-01 9.688339935660e-01 9.691072983192e-01 9.693758513470e-01 9.696397755027e-01 9.698991894412e-01 9.701542077961e-01 9.704049413487e-01 9.706514971889e-01 9.708939788674e-01 9.711324865405e-01
1.909534223177e-03 4.129789786786e-02 1.699488787110e-01 3.130063643140e-01 4.232891805526e-01 5.046340324119e-01 5.661559194910e-01 6.141456026817e-01 6.525908782254e-01 6.840733574095e-01 7.103253095312e-01 7.325496022310e-01 7.516068843047e-01 7.681290112257e-01 7.825902748020e-01 7.953536149882e-01 8.067014793898e-01 8.168569627071e-01 8.259986178595e-01 8.342710432474e-01 8.417925874529e-01 8.486610471582e-01 8.549579426745e-01 8.607517687699e-01 8.661004963008e-01 8.710535186305e-01 8.756531814674e-01 8.799359965561e-01 8.839336129055e-01 8.876736002438e-01 8.911800857305e-01 8.944742750228e-01 8.975748814798e-01 9.004984818605e-01 9.032598127946e-01 9.058720192211e-01 9.083468636345e-01 9.106949031672e-01 9.129256401324e-01 9.150476505542e-01 9.170686943512e-01 9.189958101576e-01 9.208353972247e-01 9.225932864093e-01 9.242748019106e-01 9.258848151311e-01 9.274277918097e-01 9.289078333870e-01 9.303287134107e-01 9.316939096607e-01 9.330066325695e-01 9.342698504277e-01 9.354863117905e-01 9.366585654414e-01 9.377889782178e-01 9.388797509623e-01 9.399329328236e-01 9.409504341051e-01 9.419340378284e-01 9.428854101605e-01 9.438061098328e-01 9.446975966626e-01 9.455612392769e-01 9.463983221235e-01 9.472100518450e-01 9.479975630817e-01 9.487619237638e-01 9.495041399430e-01 9.502251602101e-01 9.509258797394e-01 9.516071439972e-01 9.522697521439e-01 9.529144601621e-01 9.535419837335e-01 9.541530008890e-01 9.547481544528e-01 9.553280542980e-01 9.558932794313e-01 9.564443799212e-01 9.569818786840e-01 9.575062731380e-01 9.580180367397e-01 9.585176204090e-01 9.590054538545e-01 9.594819468061e-01 9.599474901632e-01 9.604024570635e-01 9.608472038812e-01 9.612820711574e-01 9.617073844699e-01 9.621234552464e-01 9.625305815245e-01 9.629290486640e-01 9.633191300139e-01 9.637010875376e-01 9.640751723996e-01 9.644416255166e-01 9.648006780743e-01 9.651525520142e-01 9.654974604912e-01 9.658356083037e-01 9.661671922994e-01 9.664924017576e-01 9.668114187491e-01 9.671244184763e-01 9.674315695943e-01 9.677330345133e-01 9.680289696857e-01 9.683195258761e-01 9.686048484183e-01 9.688850774566e-01 9.691603481763e-01 9.694307910208e-01 9.696965318974e-01 9.699576923734e-01 9.702143898607e-01 9.704667377926e-01 9.707148457907e-01 9.709588198232e-01 9.711987623565e-01 9.714347724983e-01
2.094818651837e-03 4.418731567122e-02 1.765665647527e-01 3.199073656256e-01 4.293681513096e-01 5.099117488021e-01 5.707906582124e-01 6.182708605260e-01 6.563060342804e-01 6.874521426007e-01 7.134234406182e-01 7.354100808056e-01 7.542635552388e-01 7.706089783111e-01 7.849155754175e-01 7.975424072457e-01 8.087689015683e-01 8.188157674603e-01 8.278596483542e-01 8.360435962080e-01 8.434846938618e-01 8.502796920423e-01 8.565092391757e-01 8.622410974530e-01 8.675326177083e-01 8.724326650212e-01 8.769831321934e-01 8.812201404591e-01 8.851750003262e-01 8.888749866511e-01 8.923439685419e-01 8.956029248508e-01 8.986703687884e-01 9.015626998171e-01 9.042944969511e-01 9.068787645379e-01 9.093271392661e-01 9.116500653546e-01 9.138569434845e-01 9.159562579552e-01 9.179556856890e-01 9.198621900387e-01 9.216821018121e-01 9.234211895023e-01 9.250847203635e-01 9.266775136962e-01 9.282039874760e-01 9.296681992765e-01 9.310738822855e-01 9.324244770862e-01 9.337231597741e-01 9.349728668925e-01 9.361763175993e-01 9.373360334174e-01 9.384543558701e-01 9.395334622604e-01 9.405753798208e-01 9.415819984227e-01 9.425550820176e-01 9.434962789520e-01 9.444071312859e-01 9.452890832230e-01 9.461434887523e-01 9.469716185839e-01 9.477746664544e-01 9.485537548688e-01 9.493099403354e-01 9.500442181454e-01 9.507575267440e-01 9.514507517314e-01 9.521247295309e-01 9.527802507557e-01 9.534180633027e-01 9.540388751991e-01 9.546433572239e-01 9.552321453259e-01 9.558058428554e-01 9.563650226263e-01 9.569102288239e-01 9.574419787714e-01 9.579607645674e-01 9.584670546043e-01 9.589612949791e-01 9.594439108045e-01 9.599153074283e-01 9.603758715689e-01 9.608259723732e-01 9.612659624036e-01 9.616961785592e-01 9.621169429354e-01 9.625285636291e-01 9.629313354903e-01 9.633255408266e-01 9.637114500635e-01 9.640893223626e-01 9.644594062020e-01 9.648219399215e-01 9.651771522345e-01 9.655252627086e-01 9.658664822188e-01 9.662010133731e-01 9.665290509140e-01 9.668507820962e-01 9.671663870431e-01 9.674760390835e-01 9.677799050683e-01 9.680781456709e-01 9.683709156702e-01 9.686583642185e-01 9.689406350948e-01 9.692178669450e-01 9.694901935082e-01 9.697577438327e-01 9.700206424792e-01 9.702790097146e-01 9.705329616953e-01 9.707826106413e-01 9.710280650016e-01 9.712694296112e-01 9.715068058404e-01 9.717402917370e-01
2.301900259428e-03 4.729792612749e-02 1.834061875120e-01 3.269235332185e-01 4.355223866081e-01 5.152492716050e-01 5.754766325259e-01 6.224413849201e-01 6.600618574769e-01 6.908678804108e-01 7.165554432616e-01 7.383018281968e-01 7.569492652340e-01 7.731160521540e-01 7.872662918610e-01 7.997551230935e-01 8.108589206641e-01 8.207959818941e-01 8.297410198333e-01 8.378355230826e-01 8.451952948995e-01 8.519160286199e-01 8.580774912535e-01 8.637467044065e-01 8.689803921131e-01 8.738268853949e-01 8.783276191963e-01 8.825183199731e-01 8.864299560320e-01 8.900895041350e-01 8.935205725178e-01 8.967439107490e-01 8.997778297030e-01 9.026385496076e-01 9.053404901390e-01 9.078965135163e-01 9.103181292474e-01 9.126156674033e-01 9.147984259224e-01 9.168747963767e-01 9.188523717852e-01 9.207380393962e-01 9.225380608262e-01 9.242581415228e-01 9.259034911730e-01 9.274788764057e-01 9.289886669110e-01 9.304368759162e-01 9.318271958081e-01 9.331630295667e-01 9.344475185750e-01 9.356835672820e-01 9.368738651271e-01 9.380209060749e-01 9.391270060572e-01 9.401943185810e-01 9.412248487223e-01 9.422204656977e-01 9.431829141799e-01 9.441138245002e-01 9.450147218648e-01 9.458870346935e-01 9.467321021771e-01 9.475511811376e-01 9.483454522652e-01 9.491160257965e-01 9.498639466928e-01 9.505901993678e-01 9.512957120099e-01 9.519813605404e-01 9.526479722412e-01 9.532963290845e-01 9.539271707933e-01 9.545411976564e-01 9.551390731219e-01 9.557214261881e-01 9.562888536110e-01 9.568419219440e-01 9.573811694250e-01 9.579071077233e-01 9.584202235589e-01 9.589209802051e-01 9.594098188836e-01 9.598871600608e-01 9.603534046543e-01 9.608089351558e-01 9.612541166779e-01 9.616892979298e-01 9.621148121282e-01 9.625309778486e-01 9.629380998204e-01 9.633364696712e-01 9.637263666231e-01 9.641080581461e-01 9.644818005692e-01 9.648478396550e-01 9.652064111385e-01 9.655577412331e-01 9.659020471069e-01 9.662395373302e-01 9.665704122965e-01 9.668948646200e-01 9.672130795088e-01 9.675252351178e-01 9.678315028812e-01 9.681320478266e-01 9.684270288712e-01 9.687165991023e-01 9.690009060421e-01 9.692800918982e-01 9.695542938011e-01 9.698236440283e-01 9.700882702177e-01 9.703482955687e-01 9.706038390337e-01 9.708550154996e-01 9.711019359599e-01 9.713447076783e-01 9.715834343441e-01 9.718182162197e-01 9.720491502813e-01
2.533789727382e-03 5.064665978467e-02 1.904715372806e-01 3.340563129717e-01 4.417537448312e-01 5.206484318594e-01 5.802155106204e-01 6.266586778194e-01 6.638597057541e-01 6.943218076167e-01 7.197224521599e-01 7.412258923187e-01 7.596649876489e-01 7.756511414192e-01 7.896432761497e-01 8.019925645414e-01 8.129722942205e-01 8.227983237551e-01 8.316434142184e-01 8.396474733737e-01 8.469250105917e-01 8.535706499989e-01 8.596632673382e-01 8.652691353541e-01 8.704443442770e-01 8.752366851021e-01 8.796871298004e-01 8.838310056377e-01 8.876989348956e-01 8.913175929107e-01 8.947103241315e-01 8.978976462805e-01 9.008976656350e-01 9.037264211858e-01 9.063981714901e-01 9.089256350507e-01 9.113201927737e-01 9.135920593065e-01 9.157504286968e-01 9.178035987531e-01 9.197590776535e-01 9.216236756913e-01 9.234035845188e-01 9.251044458335e-01 9.267314111117e-01 9.282891937223e-01 9.297821145304e-01 9.312141419216e-01 9.325889270254e-01 9.339098347987e-01 9.351799715241e-01 9.364022091975e-01 9.375792072079e-01 9.387134316535e-01 9.398071725889e-01 9.408625594588e-01 9.418815749354e-01 9.428660673496e-01 9.438177618799e-01 9.447382706411e-01 9.456291017975e-01 9.464916678082e-01 9.473272929007e-01 9.481372198537e-01 9.489226161650e-01 9.496845796659e-01 9.504241436419e-01 9.511422815072e-01 9.518399110791e-01 9.525178984917e-01 9.531770617832e-01 9.538181741886e-01 9.544419671655e-01 9.550491331779e-01 9.556403282610e-01 9.562161743847e-01 9.567772616374e-01 9.573241502421e-01 9.578573724224e-01 9.583774341307e-01 9.588848166485e-01 9.593799780728e-01 9.598633546952e-01 9.603353622840e-01 9.607963972771e-01 9.612468378926e-01 9.616870451634e-01 9.621173639023e-01 9.625381236029e-01 9.629496392811e-01 9.633522122613e-01 9.637461309125e-01 9.641316713372e-01 9.645090980165e-01 9.648786644156e-01 9.652406135509e-01 9.655951785233e-01 9.659425830188e-01 9.662830417788e-01 9.666167610432e-01 9.669439389666e-01 9.672647660106e-01 9.675794253142e-01 9.678880930416e-01 9.681909387114e-01 9.684881255073e-01 9.687798105709e-01 9.690661452788e-01 9.693472755050e-01 9.696233418682e-01 9.698944799665e-01 9.701608205996e-01 9.704224899790e-01 9.706796099276e-01 9.709322980688e-01 9.711806680056e-01 9.714248294915e-01 9.716648885916e-01 9.719009478366e-01 9.721331063687e-01 9.723614600804e-01
2.793973764791e-03 5.425152786907e-02 1.977662572247e-01 3.413072825518e-01 4.480642218771e-01 5.261111752795e-01 5.850090591390e-01 6.309243280512e-01 6.677010150323e-01 6.978152318255e-01 7.229256669246e-01 7.441833810055e-01 7.624117514867e-01 7.782152067128e-01 7.920474290011e-01 8.042555794398e-01 8.151098230792e-01 8.248235518133e-01 8.335675524070e-01 8.414801337063e-01 8.486744964017e-01 8.552441831866e-01 8.612671683487e-01 8.668089672109e-01 8.719250289548e-01 8.766625983771e-01 8.810621791833e-01 8.851586948864e-01 8.889824177882e-01 8.925597183544e-01 8.959136742313e-01 8.990645686456e-01 9.020303009389e-01 9.048267267933e-01 9.074679418058e-01 9.099665191200e-01 9.123337095703e-01 9.145796110615e-01 9.167133125630e-01 9.187430170480e-01 9.206761468842e-01 9.225194345303e-01 9.242790008745e-01 9.259604231358e-01 9.275687939145e-01 9.291087727105e-01 9.305846310061e-01 9.320002918325e-01 9.333593645905e-01 9.346651757792e-01 9.359207961795e-01 9.371290649636e-01 9.382926111264e-01 9.394138725812e-01 9.404951132096e-01 9.415384381192e-01 9.425458073221e-01 9.435190480250e-01 9.444598656892e-01 9.453698540047e-01 9.462505038992e-01 9.471032116889e-01 9.479292864666e-01 9.487299568077e-01 9.495063768663e-01 9.502596319269e-01 9.509907434656e-01 9.517006737714e-01 9.523903301721e-01 9.530605689026e-01 9.537121986520e-01 9.543459838178e-01 9.549626474979e-01 9.555628742424e-01 9.561473125883e-01 9.567165773973e-01 9.572712520137e-01 9.578118902575e-01 9.583390182700e-01 9.588531362207e-01 9.593547198907e-01 9.598442221414e-01 9.603220742781e-01 9.607886873173e-01 9.612444531661e-01 9.616897457198e-01 9.621249218850e-01 9.625503225340e-01 9.629662733944e-01 9.633730858818e-01 9.637710578768e-01 9.641604744527e-01 9.645416085564e-01 9.649147216463e-01 9.652800642907e-01 9.656378767286e-01 9.659883893968e-01 9.663318234248e-01 9.666683910998e-01 9.669982963045e-01 9.673217349287e-01 9.676388952576e-01 9.679499583367e-01 9.682550983171e-01 9.685544827799e-01 9.688482730437e-01 9.691366244542e-01 9.694196866580e-01 9.696976038618e-01 9.699705150772e-01 9.702385543526e-01 9.705018509928e-01 9.707605297668e-01 9.710147111052e-01 9.712645112870e-01 9.715100426171e-01 9.717514135943e-01 9.719887290718e-01 9.722220904082e-01 9.724515956128e-01 9.726773394821e-01
3.086499402723e-03 5.813163767815e-02 2.052938466602e-01 3.486781683759e-01 4.544559623031e-01 5.316395713748e-01 5.898591511289e-01 6.352400183865e-01 6.715873055824e-01 7.013495372688e-01 7.261663573932e-01 7.471754669172e-01 7.651906459518e-01 7.808092648351e-01 7.944797038212e-01 8.065450652342e-01 8.172723549266e-01 8.268724692225e-01 8.355141974642e-01 8.433342308688e-01 8.504444461333e-01 8.569372918662e-01 8.628898303538e-01 8.683668106374e-01 8.734230333509e-01 8.781051907031e-01 8.824533126567e-01 8.865019142492e-01 8.902809137085e-01 8.938163730636e-01 8.971311000375e-01 9.002451406182e-01 9.031761847911e-01 9.059399027853e-01 9.085502253316e-01 9.110195785141e-01 9.133590815740e-01 9.155787143079e-01 9.176874593778e-01 9.196934238124e-01 9.216039431651e-01 9.234256711497e-01 9.251646570626e-01 9.268264128899e-01 9.284159716673e-01 9.299379383958e-01 9.313965345971e-01 9.327956374173e-01 9.341388140407e-01 9.354293520585e-01 9.366702863348e-01 9.378644228341e-01 9.390143598017e-01 9.401225066362e-01 9.411911007404e-01 9.422222225997e-01 9.432178093014e-01 9.441796666804e-01 9.451094802506e-01 9.460088250619e-01 9.468791746032e-01 9.477219088593e-01 9.485383216114e-01 9.493296270648e-01 9.500969658747e-01 9.508414106316e-01 9.515639708639e-01 9.522655976056e-01 9.529471875721e-01 9.536095869835e-01 9.542535950701e-01 9.548799672889e-01 9.554894182802e-01 9.560826245873e-01 9.566602271618e-01 9.572228336739e-01 9.577710206446e-01 9.583053354166e-01 9.588262979771e-01 9.593344026454e-01 9.598301196380e-01 9.603138965192e-01 9.607861595498e-01 9.612473149388e-01 9.616977500094e-01 9.621378342839e-01 9.625679204944e-01 9.629883455259e-01 9.633994312966e-01 9.638014855796e-01 9.641948027712e-01 9.645796646106e-01 9.649563408522e-01 9.653250898962e-01 9.656861593801e-01 9.660397867332e-01 9.663861996970e-01 9.667256168146e-01 9.670582478902e-01 9.673842944217e-01 9.677039500079e-01 9.680174007317e-01 9.683248255210e-01 9.686263964899e-01 9.689222792595e-01 9.692126332617e-01 9.694976120251e-01 9.697773634459e-01 9.700520300443e-01 9.703217492059e-01 9.705866534112e-01 9.708468704525e-01 9.711025236397e-01 9.713537319947e-01 9.716006104364e-01 9.718432699562e-01 9.720818177840e-01 9.723163575463e-01 9.725469894165e-01 9.727738102574e-01 9.729969137566e-01
3.416074657577e-03 6.230719603666e-02 2.130576685762e-01 3.561708640427e-01 4.609312715848e-01 5.372358235456e-01 5.947677748475e-01 6.396075333747e-01 6.755201890832e-01 7.049261912218e-01 7.294458695158e-01 7.502033929744e-01 7.680028254980e-01 7.834343934934e-01 7.969411111233e-01 8.088619731239e-01 8.194607882219e-01 8.289459272412e-01 8.374841581595e-01 8.452105351805e-01 8.522355951457e-01 8.586506794718e-01 8.645319275195e-01 8.699433128696e-01 8.749389798400e-01 8.795650614329e-01 8.838611081940e-01 8.878612217926e-01 8.915949621419e-01 8.950880791397e-01 8.983631073531e-01 9.014398526896e-01 9.043357932710e-01 9.070664116523e-01 9.096454717231e-01 9.120852507468e-01 9.143967347953e-01 9.165897841424e-01 9.186732738693e-01 9.206552139111e-01 9.225428519671e-01 9.243427620631e-01 9.260609210461e-01 9.277027748881e-01 9.292732963467e-01 9.307770352712e-01 9.322181626243e-01 9.336005091176e-01 9.349275992132e-01 9.362026811283e-01 9.374287533802e-01 9.386085883276e-01 9.397447530982e-01 9.408396282344e-01 9.418954243427e-01 9.429141969917e-01 9.438978600692e-01 9.448481977827e-01 9.457668754594e-01 9.466554492855e-01 9.475153751030e-01 9.483480163692e-01 9.491546513703e-01 9.499364797699e-01 9.506946285619e-01 9.514301574910e-01 9.521440639953e-01 9.528372877184e-01 9.535107146363e-01 9.541651808344e-01 9.548014759711e-01 9.554203464556e-01 9.560224983693e-01 9.566086001529e-01 9.571792850818e-01 9.577351535483e-01 9.582767751688e-01 9.588046907307e-01 9.593194139934e-01 9.598214333564e-01 9.603112134043e-01 9.607891963415e-01 9.612558033233e-01 9.617114356940e-01 9.621564761381e-01 9.625912897521e-01 9.630162250437e-01 9.634316148633e-01 9.638377772735e-01 9.642350163614e-01 9.646236229976e-01 9.650038755469e-01 9.653760405330e-01 9.657403732615e-01 9.660971184040e-01 9.664465105462e-01 9.667887747021e-01 9.671241267974e-01 9.674527741235e-01 9.677749157653e-01 9.680907430028e-01 9.684004396902e-01 9.687041826127e-01 9.690021418230e-01 9.692944809586e-01 9.695813575419e-01 9.698629232628e-01 9.701393242464e-01 9.704107013058e-01 9.706771901812e-01 9.709389217666e-01 9.711960223237e-01 9.714486136856e-01 9.716968134488e-01 9.719407351559e-01 9.721804884688e-01 9.724161793333e-01 9.726479101349e-01 9.728757798471e-01 9.730998841727e-01 9.733203156774e-01
3.788188969332e-03 6.679949835178e-02 2.210609619451e-01 3.637874503914e-01 4.674926296427e-01 5.429022802831e-01 5.997370435428e-01 6.440287680451e-01 6.795013764588e-01 7.085467511312e-01 7.327656318914e-01 7.532684783940e-01 7.708495154333e-01 7.860917365341e-01 7.994327234338e-01 8.112073126804e-01 8.216760765594e-01 8.310448293666e-01 8.394782928927e-01 8.471098642318e-01 8.540487239236e-01 8.603850926043e-01 8.661941753824e-01 8.715391608614e-01 8.764735289892e-01 8.810428466989e-01 8.852861792359e-01 8.892372098288e-01 8.929251356792e-01 8.963753907232e-01 8.996102330199e-01 9.026492254505e-01 9.055096316731e-01 9.082067442657e-01 9.107541582293e-01 9.131640001804e-01 9.154471213873e-01 9.176132611344e-01 9.196711856020e-01 9.216288064401e-01 9.234932824158e-01 9.252711068889e-01 9.269681833682e-01 9.285898910013e-01 9.301411415281e-01 9.316264289695e-01 9.330498731088e-01 9.344152576530e-01 9.357260638178e-01 9.369854999635e-01 9.381965278143e-01 9.393618857111e-01 9.404841092817e-01 9.415655498583e-01 9.426083909226e-01 9.436146628202e-01 9.445862559550e-01 9.455249326414e-01 9.464323377724e-01 9.473100084393e-01 9.481593826202e-01 9.489818070422e-01 9.497785443065e-01 9.505507793562e-01 9.512996253568e-01 9.520261290493e-01 9.527312756328e-01 9.534159932212e-01 9.540811569191e-01 9.547275925531e-01 9.553560800917e-01 9.559673567858e-01 9.565621200526e-01 9.571410301310e-01 9.577047125256e-01 9.582537602618e-01 9.587887359665e-01 9.593101737915e-01 9.598185811923e-01 9.603144405752e-01 9.607982108244e-01 9.612703287181e-01 9.617312102440e-01 9.621812518218e-01 9.626208314401e-01 9.630503097157e-01 9.634700308798e-01 9.638803236988e-01 9.642815023324e-01 9.646738671365e-01 9.650577054125e-01 9.654332921097e-01 9.658008904812e-01 9.661607527002e-01 9.665131204359e-01 9.668582253956e-01 9.671962898323e-01 9.675275270221e-01 9.678521417130e-01 9.681703305469e-01 9.684822824568e-01 9.687881790409e-01 9.690881949153e-01 9.693824980458e-01 9.696712500623e-01 9.699546065542e-01 9.702327173502e-01 9.705057267822e-01 9.707737739356e-01 9.710369928850e-01 9.712955129183e-01 9.715494587479e-01 9.717989507119e-01 9.720441049639e-01 9.722850336532e-01 9.725218450963e-01 9.727546439388e-01 9.729835313100e-01 9.732086049689e-01 9.734299594440e-01 9.736476861653e-01
4.209257556893e-03 7.163090068212e-02 2.293068593673e-01 3.715302173784e-01 4.741427058136e-01 5.486414476312e-01 6.047692063400e-01 6.485057375932e-01 6.835326866028e-01 7.122128725514e-01 7.361271630451e-01 7.563721254078e-01 7.737320181607e-01 7.887825097681e-01 8.019556807541e-01 8.135821569887e-01 8.239192335249e-01 8.331701359350e-01 8.414975140659e-01 8.490330870477e-01 8.558846620521e-01 8.621413248333e-01 8.678773344934e-01 8.731550847830e-01 8.780273829218e-01 8.825392226525e-01 8.867291778149e-01 8.906305079328e-01 8.942720429330e-01 8.976788968155e-01 9.008730476527e-01 9.038738122419e-01 9.066982370799e-01 9.093614223776e-01 9.118767921227e-01 9.142563203898e-01 9.165107219478e-01 9.186496135694e-01 9.206816511642e-01 9.226146468605e-01 9.244556693746e-01 9.262111303855e-01 9.278868591412e-01 9.294881671240e-01 9.310199042888e-01 9.324865081255e-01 9.338920465943e-01 9.352402558065e-01 9.365345731871e-01 9.377781667380e-01 9.389739609277e-01 9.401246596511e-01 9.412327666399e-01 9.423006036489e-01 9.433303266933e-01 9.443239405789e-01 9.452833119299e-01 9.462101808924e-01 9.471061716680e-01 9.479728020128e-01 9.488114918164e-01 9.496235708653e-01 9.504102858783e-01 9.511728068929e-01 9.519122330719e-01 9.526295979894e-01 9.533258744514e-01 9.540019788971e-01 9.546587754231e-01 9.552970794674e-01 9.559176611878e-01 9.565212485607e-01 9.571085302308e-01 9.576801581315e-01 9.582367498993e-01 9.587788910997e-01 9.593071372824e-01 9.598220158799e-01 9.603240279644e-01 9.608136498741e-01 9.612913347207e-01 9.617575137881e-01 9.622125978314e-01 9.626569782834e-01 9.630910283783e-01 9.635151041963e-01 9.639295456388e-01 9.643346773364e-01 9.647308094970e-01 9.651182386982e-01 9.654972486276e-01 9.658681107757e-01 9.662310850844e-01 9.665864205543e-01 9.669343558150e-01 9.672751196590e-01 9.676089315436e-01 9.679360020620e-01 9.682565333867e-01 9.685707196860e-01 9.688787475163e-01 9.691807961915e-01 9.694770381310e-01 9.697676391880e-01 9.700527589591e-01 9.703325510765e-01 9.706071634842e-01 9.708767386986e-01 9.711414140555e-01 9.714013219429e-01 9.716565900224e-01 9.719073414377e-01 9.721536950131e-01 9.723957654410e-01 9.726336634601e-01 9.728674960243e-01 9.730973664630e-01 9.733233746331e-01 9.735456170641e-01 9.737641870954e-01 9.739791750067e-01
4.686794726170e-03 7.682477220476e-02 2.377984106178e-01 3.794016879949e-01 4.808843754766e-01 5.544560030871e-01 6.098666603946e-01 6.530405881943e-01 6.876160561180e-01 7.159263180019e-01 7.395320795505e-01 7.595158267623e-01 7.766517201432e-01 7.915080074730e-01 8.045111966578e-01 8.159876483859e-01 8.261913381157e-01 8.353228692579e-01 8.435427929628e-01 8.509811287355e-01 8.577442926533e-01 8.639202209410e-01 8.695822144851e-01 8.747918619256e-01 8.796012890723e-01 8.840549090801e-01 8.881907980418e-01 8.920417863085e-01 8.956363317925e-01 8.989992244289e-01 9.021521586901e-01 9.051142021143e-01 9.079021812342e-01 9.105310014110e-01 9.130139134126e-01 9.153627368028e-01 9.175880480897e-01 9.196993399535e-01 9.217051566098e-01 9.236132093813e-01 9.254304757709e-01 9.271632847230e-01 9.288173902662e-01 9.303980353449e-01 9.319100073311e-01 9.333576864545e-01 9.347450881832e-01 9.360759004186e-01 9.373535162300e-01 9.385810627403e-01 9.397614266811e-01 9.408972770569e-01 9.419910852920e-01 9.430451431817e-01 9.440615789204e-01 9.450423714446e-01 9.459893632918e-01 9.469042721536e-01 9.477887012736e-01 9.486441488228e-01 9.494720163691e-01 9.502736165396e-01 9.510501799658e-01 9.518028615874e-01 9.525327463837e-01 9.532408545919e-01 9.539281464651e-01 9.545955266170e-01 9.552438479939e-01 9.558739155120e-01 9.564864893908e-01 9.570822882133e-01 9.576619917379e-01 9.582262434856e-01 9.587756531233e-01 9.593107986603e-01 9.598322284776e-01 9.603404632020e-01 9.608359974398e-01 9.613193013828e-01 9.617908222956e-01 9.622509858973e-01 9.627001976424e-01 9.631388439129e-01 9.635672931267e-01 9.639858967694e-01 9.643949903564e-01 9.647948943291e-01 9.651859148929e-01 9.655683447982e-01 9.659424640720e-01 9.663085407016e-01 9.666668312745e-01 9.670175815786e-01 9.673610271639e-01 9.676973938709e-01 9.680268983249e-01 9.683497484017e-01 9.686661436650e-01 9.689762757777e-01 9.692803288889e-01 9.695784799985e-01 9.698708993012e-01 9.701577505101e-01 9.704391911622e-01 9.707153729075e-01 9.709864417808e-01 9.712525384596e-01 9.715137985075e-01 9.717703526043e-01 9.720223267641e-01 9.722698425417e-01 9.725130172281e-01 9.727519640358e-01 9.729867922745e-01 9.732176075179e-01 9.734445117620e-01 9.736676035755e-01 9.738869782421e-01 9.741027278968e-01 9.743149416543e-01
5.229622246237e-03 8.240542556060e-02 2.465386126698e-01 3.874046444943e-01 4.877207385765e-01 5.603488111537e-01 6.150319644945e-01 6.576356091060e-01 6.917535502162e-01 7.196889668821e-01 7.429821051207e-01 7.627011741125e-01 7.796100997002e-01 7.942696096706e-01 8.071005651137e-01 8.184250048845e-01 8.284935408083e-01 8.375041193702e-01 8.456151652098e-01 8.529549756863e-01 8.596285573515e-01 8.657226816719e-01 8.713096786242e-01 8.764503210722e-01 8.811960443888e-01 8.855906734502e-01 8.896717800087e-01 8.934717595574e-01 8.970186930660e-01 9.003370421119e-01 9.034482138109e-01 9.063710231399e-01 9.091220737537e-01 9.117160735829e-01 9.141660978808e-01 9.164838096539e-01 9.186796453178e-01 9.207629718162e-01 9.227422201915e-01 9.246249996250e-01 9.264181951983e-01 9.281280520251e-01 9.297602479182e-01 9.313199563762e-01 9.328119013591e-01 9.342404050779e-01 9.356094298134e-01 9.369226146185e-01 9.381833076190e-01 9.393945945172e-01 9.405593238082e-01 9.416801291439e-01 9.427594492130e-01 9.437995454546e-01 9.448025178739e-01 9.457703191950e-01 9.467047675500e-01 9.476075578786e-01 9.484802721883e-01 9.493243888062e-01 9.501412907353e-01 9.509322732162e-01 9.516985505800e-01 9.524412624684e-01 9.531614794895e-01 9.538602083669e-01 9.545383966345e-01 9.551969369239e-01 9.558366708836e-01 9.564583927681e-01 9.570628527273e-01 9.576507598262e-01 9.582227848194e-01 9.587795627041e-01 9.593216950716e-01 9.598497522753e-01 9.603642754325e-01 9.608657782739e-01 9.613547488545e-01 9.618316511381e-01 9.622969264651e-01 9.627509949155e-01 9.631942565734e-01 9.636270927030e-01 9.640498668422e-01 9.644629258210e-01 9.648666007106e-01 9.652612077082e-01 9.656470489629e-01 9.660244133478e-01 9.663935771807e-01 9.667548048991e-01 9.671083496920e-01 9.674544540915e-01 9.677933505279e-01 9.681252618500e-01 9.684504018138e-01 9.687689755419e-01 9.690811799544e-01 9.693872041756e-01 9.696872299155e-01 9.699814318294e-01 9.702699778578e-01 9.705530295451e-01 9.708307423419e-01 9.711032658893e-01 9.713707442879e-01 9.716333163518e-01 9.718911158489e-01 9.721442717281e-01 9.723929083345e-01 9.726371456127e-01 9.728770993001e-01 9.731128811096e-01 9.733445989032e-01 9.735723568561e-01 9.737962556133e-01 9.740163924378e-01 9.742328613515e-01 9.744457532686e-01 9.746551561238e-01
5.848120206283e-03 8.839802282126e-02 2.555304467951e-01 3.955421572469e-01 4.946551403345e-01 5.663229407906e-01 6.202678543295e-01 6.622932462551e-01 6.959473749557e-01 7.235028266001e-01 7.464790808136e-01 7.659298674446e-01 7.826087357581e-01 7.970687902959e-01 8.097251681461e-01 8.208955273822e-01 8.308270703678e-01 8.397150504824e-01 8.477157369065e-01 8.549556814135e-01 8.615384618474e-01 8.675496690651e-01 8.730606489215e-01 8.781313474030e-01 8.828125000505e-01 8.871473354567e-01 8.911729141701e-01 8.949211909086e-01 8.984198645705e-01 9.016930639070e-01 9.047619047672e-01 9.076449461300e-01 9.103585657398e-01 9.129172714098e-01 9.153339604906e-01 9.176201373009e-01 9.197860962575e-01 9.218410768569e-01 9.237933954281e-01 9.256505576212e-01 9.274193548390e-01 9.291059472235e-01 9.307159353350e-01 9.322544222809e-01 9.337260677468e-01 9.351351351352e-01 9.364855328159e-01 9.377808503284e-01 9.390243902439e-01 9.402191962803e-01 9.413680781759e-01 9.424736337488e-01 9.435382685069e-01 9.445642131198e-01 9.455535390200e-01 9.465081723626e-01 9.474299065421e-01 9.483204134367e-01 9.491812535291e-01 9.500138850319e-01 9.508196721311e-01 9.515998924442e-01 9.523557437798e-01 9.530883502737e-01 9.537987679672e-01 9.544879898862e-01 9.551569506726e-01 9.558065308127e-01 9.564375605034e-01 9.570508231926e-01 9.576470588235e-01 9.582269668136e-01 9.587912087912e-01 9.593404111136e-01 9.598751671868e-01 9.603960396040e-01 9.609035621199e-01 9.613982414754e-01 9.618805590851e-01 9.623509725999e-01 9.628099173554e-01 9.632578077159e-01 9.636950383219e-01 9.641219852501e-01 9.645390070922e-01 9.649464459591e-01 9.653446284174e-01 9.657338663621e-01 9.661144578313e-01 9.664866877676e-01 9.668508287293e-01 9.672071415558e-01 9.675558759914e-01 9.678972712681e-01 9.682315566537e-01 9.685589519651e-01 9.688796680498e-01 9.691939072394e-01 9.695018637750e-01 9.698037242073e-01 9.700996677741e-01 9.703898667544e-01 9.706744868035e-01 9.709536872680e-01 9.712276214834e-01 9.714964370546e-01 9.717602761217e-01 9.720192756101e-01 9.722735674677e-01 9.725232788887e-01 9.727685325265e-01 9.730094466937e-01 9.732461355529e-01 9.734787092972e-01 9.737072743208e-01 9.739319333816e-01 9.741527857553e-01 9.743699273815e-01 9.745834510025e-01 9.747934462960e-01 9.750000000000e-01
6.554529312953e-03 9.482845529747e-02 2.647769233571e-01 4.038176166053e-01 5.016911944849e-01 5.723816850577e-01 6.255772596853e-01 6.670161175364e-01 7.001998910180e-01 7.273700451039e-01 7.500249765221e-01 7.692037256847e-01 7.856493177039e-01 7.999071263950e-01 8.123864844581e-01 8.234006077799e-01 8.331932415162e-01 8.419569082456e-01 8.498456915277e-01 8.569843731277e-01 8.634750821937e-01 8.694022124575e-01 8.748361118854e-01 8.798358880197e-01 8.844515667797e-01 8.887257721335e-01 8.926950462751e-01 8.963908969817e-01 8.998406357355e-01 9.030680538060e-01 9.060939717014e-01 9.089366888216e-01 9.116123538405e-01 9.141352716548e-01 9.165181592237e-01 9.187723599584e-01 9.209080242908e-01 9.229342624873e-01 9.248592745588e-01 9.266904611763e-01 9.284345187531e-01 9.300975212712e-01 9.316849909574e-01 9.332019595436e-01 9.346530215417e-01 9.360423807233e-01 9.373738907929e-01 9.386510910844e-01 9.398772379767e-01 9.410553326161e-01 9.421881454420e-01 9.432782379377e-01 9.443279819658e-01 9.453395769963e-01 9.463150654891e-01 9.472563466589e-01 9.481651888163e-01 9.490432404557e-01 9.498920402335e-01 9.507130259670e-01 9.515075427615e-01 9.522768503649e-01 9.530221298325e-01 9.537444895770e-01 9.544449708694e-01 9.551245528463e-01 9.557841570770e-01 9.564246517326e-01 9.570468553986e-01 9.576515405648e-01 9.582394368252e-01 9.588112338146e-01 9.593675839073e-01 9.599091047000e-01 9.604363812989e-01 9.609499684284e-01 9.614503923777e-01 9.619381528001e-01 9.624137243767e-01 9.628775583575e-01 9.633300839890e-01 9.637717098402e-01 9.642028250317e-01 9.646238003801e-01 9.650349894616e-01 9.654367296021e-01 9.658293428007e-01 9.662131365900e-01 9.665884048394e-01 9.669554285062e-01 9.673144763365e-01 9.676658055214e-01 9.680096623120e-01 9.683462825944e-01 9.686758924298e-01 9.689987085602e-01 9.693149388843e-01 9.696247829038e-01 9.699284321428e-01 9.702260705430e-01 9.705178748351e-01 9.708040148885e-01 9.710846540415e-01 9.713599494121e-01 9.716300521910e-01 9.718951079188e-01 9.721552567473e-01 9.724106336868e-01 9.726613688397e-01 9.729075876213e-01 9.731494109693e-01 9.733869555416e-01 9.736203339041e-01 9.738496547086e-01 9.740750228611e-01 9.742965396824e-01 9.745143030596e-01 9.747284075903e-01 9.749389447200e-01 9.751460028717e-01 9.753496675704e-01
7.363315411767e-03 1.017231961453e-01 2.742811349549e-01 4.122347682391e-01 5.088328094451e-01 5.785285832994e-01 6.309633238655e-01 6.718070300933e-01 7.045136292722e-01 7.312929250359e-01 7.536219039531e-01 7.725246986825e-01 7.887336565148e-01 8.027863085145e-01 8.150860991744e-01 8.259417381516e-01 8.355934635935e-01 8.442310279579e-01 8.520062977206e-01 8.590422591619e-01 8.654395718841e-01 8.712814152649e-01 8.766371250210e-01 8.815649581844e-01 8.861142208408e-01 8.903269236325e-01 8.942390829396e-01 8.978817531664e-01 9.012818528039e-01 9.044628307835e-01 9.074452080222e-01 9.102470206055e-01 9.128841848400e-01 9.153707997860e-01 9.177193994153e-01 9.199411639160e-01 9.220460976631e-01 9.240431798331e-01 9.259404924452e-01 9.277453296800e-01 9.294642915948e-01 9.311033647716e-01 9.326679919765e-01 9.341631325385e-01 9.355933148582e-01 9.369626822179e-01 9.382750328704e-01 9.395338552211e-01 9.407423587923e-01 9.419035015459e-01 9.430200140569e-01 9.440944209507e-01 9.451290599607e-01 9.461260989081e-01 9.470875508635e-01 9.480152877131e-01 9.489110523232e-01 9.497764694673e-01 9.506130556620e-01 9.514222280352e-01 9.522053123373e-01 9.529635501895e-01 9.536981056524e-01 9.544100711896e-01 9.551004730890e-01 9.557702763981e-01 9.564203894257e-01 9.570516678504e-01 9.576649184789e-01 9.582609026854e-01 9.588403395658e-01 9.594039088314e-01 9.599522534695e-01 9.604859821899e-01 9.610056716796e-01 9.615118686809e-01 9.620050919102e-01 9.624858338311e-01 9.629545622945e-01 9.634117220570e-01 9.638577361890e-01 9.642930073800e-01 9.647179191518e-01 9.651328369852e-01 9.655381093685e-01 9.659340687740e-01 9.663210325673e-01 9.666993038558e-01 9.670691722806e-01 9.674309147560e-01 9.677847961611e-01 9.681310699863e-01 9.684699789392e-01 9.688017555118e-01 9.691266225123e-01 9.694447935641e-01 9.697564735745e-01 9.700618591742e-01 9.703611391316e-01 9.706544947416e-01 9.709421001918e-01 9.712241229075e-01 9.715007238766e-01 9.717720579562e-01 9.720382741615e-01 9.722995159390e-01 9.725559214237e-01 9.728076236833e-01 9.730547509480e-01 9.732974268287e-01 9.735357705226e-01 9.737698970092e-01 9.739999172346e-01 9.742259382871e-01 9.744480635633e-01 9.746663929261e-01 9.748810228539e-01 9.750920465833e-01 9.752995542438e-01 9.755036329862e-01 9.757043671048e-01
8.291609135128e-03 1.091091257688e-01 2.840463186204e-01 4.207977524927e-01 5.160842179007e-01 5.847674462852e-01 6.364294257071e-01 6.766689999065e-01 7.088913084147e-01 7.352739397759e-01 7.572721313385e-01 7.758948807940e-01 7.918636973734e-01 8.057081524778e-01 8.178257148817e-01 8.285205211373e-01 8.380292503746e-01 8.465388438653e-01 8.541989181412e-01 8.611306373890e-01 8.674331698880e-01 8.731884626679e-01 8.784648241963e-01 8.833196483921e-01 8.878015108413e-01 8.919517997725e-01 8.958059979608e-01 8.993946997200e-01 9.027444247267e-01 9.058782745016e-01 9.088164659313e-01 9.115767678853e-01 9.141748608602e-01 9.166246350297e-01 9.189384386669e-01 9.211272863182e-01 9.232010341377e-01 9.251685282695e-01 9.270377309926e-01 9.288158284198e-01 9.305093228243e-01 9.321241120930e-01 9.336655583542e-01 9.351385474611e-01 9.365475407231e-01 9.378966200375e-01 9.391895273832e-01 9.404296994829e-01 9.416202983076e-01 9.427642379953e-01 9.438642086658e-01 9.449226975404e-01 9.459420077177e-01 9.469242749011e-01 9.478714823363e-01 9.487854741765e-01 9.496679674661e-01 9.505205629067e-01 9.513447545465e-01 9.521419385182e-01 9.529134209300e-01 9.536604250078e-01 9.543840975659e-01 9.550855148824e-01 9.557656880400e-01 9.564255677886e-01 9.570660489795e-01 9.576879746143e-01 9.582921395459e-01 9.588792938687e-01 9.594501460244e-01 9.600053656542e-01 9.605455862188e-01 9.610714074099e-01 9.615833973705e-01 9.620820947423e-01 9.625680105569e-01 9.630416299815e-01 9.635034139356e-01 9.639538005865e-01 9.643932067363e-01 9.648220291088e-01 9.652406455433e-01 9.656494161060e-01 9.660486841221e-01 9.664387771380e-01 9.668200078175e-01 9.671926747771e-01 9.675570633667e-01 9.679134463980e-01 9.682620848258e-01 9.686032283847e-01 9.689371161867e-01 9.692639772791e-01 9.695840311691e-01 9.698974883151e-01 9.702045505885e-01 9.705054117070e-01 9.708002576421e-01 9.710892670028e-01 9.713726113960e-01 9.716504557664e-01 9.719229587168e-01 9.721902728100e-01 9.724525448536e-01 9.727099161685e-01 9.729625228434e-01 9.732104959745e-01 9.734539618922e-01 9.736930423758e-01 9.739278548569e-01 9.741585126112e-01 9.743851249411e-01 9.746077973484e-01 9.748266316979e-01 9.750417263728e-01 9.752531764221e-01 9.754610737012e-01 9.756655070042e-01 9.758665621907e-01 9.760643223061e-01
9.359735987511e-03 1.170133314063e-01 2.940759278491e-01 4.295111484342e-01 5.234500103854e-01 5.911023848041e-01 6.419792046237e-01 6.816052740756e-01 7.133358550349e-01 7.393157516909e-01 7.609781001686e-01 7.793165263311e-01 7.950415340160e-01 8.086746127790e-01 8.206071641885e-01 8.311386817651e-01 8.405022312359e-01 8.488818997418e-01 8.564250195061e-01 8.632509047947e-01 8.694572097902e-01 8.751246303548e-01 8.803204320207e-01 8.851011324140e-01 8.895145654662e-01 8.936014874880e-01 8.973968395012e-01 9.009307487035e-01 9.042293298675e-01 9.073153317982e-01 9.102086627093e-01 9.129268201740e-01 9.154852452779e-01 9.178976161187e-01 9.201760924350e-01 9.223315206025e-01 9.243736062906e-01 9.263110605801e-01 9.281517241811e-01 9.299026734885e-01 9.315703114982e-01 9.331604460479e-01 9.346783573962e-01 9.361288567992e-01 9.375163374504e-01 9.388448189245e-01 9.401179860675e-01 9.413392231301e-01 9.425116438060e-01 9.436381177400e-01 9.447212939789e-01 9.457636217690e-01 9.467673690449e-01 9.477346389021e-01 9.486673843059e-01 9.495674212527e-01 9.504364405710e-01 9.512760185229e-01 9.520876263454e-01 9.528726388546e-01 9.536323422173e-01 9.543679409829e-01 9.550805644561e-01 9.557712724825e-01 9.564410607072e-01 9.570908653642e-01 9.577215676421e-01 9.583339976713e-01 9.589289381692e-01 9.595071277774e-01 9.600692641212e-01 9.606160066176e-01 9.611479790557e-01 9.616657719709e-01 9.621699448317e-01 9.626610280562e-01 9.631395248730e-01 9.636059130421e-01 9.640606464454e-01 9.645041565604e-01 9.649368538255e-01 9.653591289070e-01 9.657713538756e-01 9.661738832998e-01 9.665670552630e-01 9.669511923107e-01 9.673266023325e-01 9.676935793861e-01 9.680524044645e-01 9.684033462140e-01 9.687466616050e-01 9.690825965595e-01 9.694113865384e-01 9.697332570921e-01 9.700484243761e-01 9.703570956358e-01 9.706594696603e-01 9.709557372095e-01 9.712460814157e-01 9.715306781606e-01 9.718096964311e-01 9.720832986536e-01 9.723516410093e-01 9.726148737317e-01 9.728731413867e-01 9.731265831378e-01 9.733753329958e-01 9.736195200552e-01 9.738592687177e-01 9.740946989033e-01 9.743259262504e-01 9.745530623055e-01 9.747762147020e-01 9.749954873310e-01 9.752109805018e-01 9.754227910956e-01 9.756310127104e-01 9.758357357988e-01 9.760370477994e-01 9.762350332608e-01 9.764297739605e-01
1.059185482948e-02 1.254628840464e-01 3.043737153486e-01 4.383800234100e-01 5.309351735555e-01 5.975378423128e-01 6.476165892035e-01 6.866193562623e-01 7.178504265277e-01 7.434212329716e-01 7.647424442985e-01 7.827920672026e-01 7.982694251176e-01 8.116877978782e-01 8.234324240654e-01 8.337980809502e-01 8.430141639053e-01 8.512618609694e-01 8.586861840699e-01 8.654045684103e-01 8.715131302259e-01 8.770912945036e-01 8.822052674125e-01 8.869106764833e-01 8.912546023109e-01 8.952771593347e-01 8.990127382900e-01 9.024909919012e-01 9.057376236588e-01 9.087750240968e-01 9.116227878939e-01 9.142981370541e-01 9.168162694808e-01 9.191906478553e-01 9.214332404123e-01 9.235547227076e-01 9.255646475561e-01 9.274715888475e-01 9.292832638085e-01 9.310066373876e-01 9.326480117401e-01 9.342131032357e-01 9.357071089743e-01 9.371347644393e-01 9.385003936359e-01 9.398079528343e-01 9.410610688480e-01 9.422630726288e-01 9.434170288330e-01 9.445257619114e-01 9.455918791906e-01 9.466177913439e-01 9.476057305882e-01 9.485577668972e-01 9.494758224789e-01 9.503616847296e-01 9.512170178490e-01 9.520433732745e-01 9.528421990726e-01 9.536148484074e-01 9.543625871899e-01 9.550866009989e-01 9.557880013539e-01 9.564678314087e-01 9.571270711281e-01 9.577666420013e-01 9.583874113391e-01 9.589901961982e-01 9.595757669688e-01 9.601448506598e-01 9.606981339094e-01 9.612362657496e-01 9.617598601454e-01 9.622694983318e-01 9.627657309664e-01 9.632490801133e-01 9.637200410763e-01 9.641790840907e-01 9.646266558905e-01 9.650631811577e-01 9.654890638668e-01 9.659046885314e-01 9.663104213625e-01 9.667066113444e-01 9.670935912362e-01 9.674716785034e-01 9.678411761870e-01 9.682023737131e-01 9.685555476497e-01 9.689009624120e-01 9.692388709236e-01 9.695695152332e-01 9.698931270936e-01 9.702099285028e-01 9.705201322123e-01 9.708239422035e-01 9.711215541347e-01 9.714131557616e-01 9.716989273323e-01 9.719790419586e-01 9.722536659660e-01 9.725229592228e-01 9.727870754505e-01 9.730461625166e-01 9.733003627102e-01 9.735498130032e-01 9.737946452957e-01 9.740349866493e-01 9.742709595063e-01 9.745026818982e-01 9.747302676422e-01 9.749538265280e-01 9.751734644939e-01 9.753892837948e-01 9.756013831603e-01 9.758098579457e-01 9.760148002750e-01 9.762162991763e-01 9.764144407110e-01 9.766093080962e-01 9.768009818215e-01
1.201672549890e-02 1.344845979622e-01 3.149438275376e-01 4.474099890944e-01 5.385451340043e-01 6.040786323651e-01 6.533458299964e-01 6.917150358602e-01 7.224384373615e-01 7.475934895225e-01 7.685680118531e-01 7.863241331389e-01 8.015498130748e-01 8.147499877347e-01 8.263036322860e-01 8.365007309699e-01 8.455669490795e-01 8.536805283877e-01 8.609841227832e-01 8.675932578441e-01 8.736024868445e-01 8.790899432266e-01 8.841207565669e-01 8.887496498246e-01 8.930229380060e-01 8.969800832403e-01 9.006549170268e-01 9.040766098997e-01 9.072704473789e-01 9.102584559003e-01 9.130599115091e-01 9.156917561576e-01 9.181689406128e-01 9.205047086357e-01 9.227108338427e-01 9.247978181919e-01 9.267750591574e-01 9.286509912067e-01 9.304332060749e-01 9.321285554518e-01 9.337432390116e-01 9.352828801688e-01 9.367525915122e-01 9.381570315200e-01 9.395004538839e-01 9.407867505400e-01 9.420194893255e-01 9.432019470268e-01 9.443371384649e-01 9.454278421616e-01 9.464766230451e-01 9.474858525882e-01 9.484577267091e-01 9.493942817211e-01 9.502974085749e-01 9.511688656013e-01 9.520102899382e-01 9.528232077946e-01 9.536090436896e-01 9.543691287832e-01 9.551047084012e-01 9.558169488434e-01 9.565069435544e-01 9.571757187252e-01 9.578242383851e-01 9.584534090388e-01 9.590640838935e-01 9.596570667195e-01 9.602331153796e-01 9.607929450605e-01 9.613372312349e-01 9.618666123807e-01 9.623816924790e-01 9.628830433134e-01 9.633712065868e-01 9.638466958742e-01 9.643099984249e-01 9.647615768279e-01 9.652018705524e-01 9.656312973747e-01 9.660502547001e-01 9.664591207896e-01 9.668582558992e-01 9.672480033383e-01 9.676286904548e-01 9.680006295518e-01 9.683641187425e-01 9.687194427467e-01 9.690668736349e-01 9.694066715227e-01 9.697390852207e-01 9.700643528418e-01 9.703827023699e-01 9.706943521934e-01 9.709995116040e-01 9.712983812661e-01 9.715911536564e-01 9.718780134774e-01 9.721591380462e-01 9.724346976595e-01 9.727048559383e-01 9.729697701511e-01 9.732295915198e-01 9.734844655072e-01 9.737345320889e-01 9.739799260093e-01 9.742207770236e-01 9.744572101272e-01 9.746893457715e-01 9.749173000685e-01 9.751411849846e-01 9.753611085243e-01 9.755771749032e-01 9.757894847132e-01 9.759981350786e-01 9.762032198043e-01 9.764048295159e-01 9.766030517939e-01 9.767979713003e-01 9.769896698990e-01 9.771782267706e-01
1.366862897679e-02 1.441047806543e-01 3.257909120331e-01 4.566072652491e-01 5.462858086495e-01 6.107299817076e-01 6.591715372673e-01 6.968964215827e-01 7.271035893222e-01 7.518358884667e-01 7.724578904473e-01 7.899155749775e-01 8.048853456329e-01 8.178636539960e-01 8.292231063559e-01 8.392488132818e-01 8.481626472542e-01 8.561398542396e-01 8.633206904427e-01 8.698187397119e-01 8.757269660848e-01 8.811221897470e-01 8.860684455844e-01 8.906195367781e-01 8.948209998762e-01 8.987116337320e-01 9.023247012077e-01 9.056888825418e-01 9.088290382572e-01 9.117668245714e-01 9.145211935392e-01 9.171088023542e-01 9.195443504919e-01 9.218408591133e-01 9.240099039449e-01 9.260618104287e-01 9.280058180867e-01 9.298502196207e-01 9.316024791644e-01 9.332693332450e-01 9.348568773331e-01 9.363706403254e-01 9.378156488784e-01 9.391964831713e-01 9.405173253999e-01 9.417820020851e-01 9.429940210960e-01 9.441566041431e-01 9.452727153747e-01 9.463450866111e-01 9.473762396697e-01 9.483685061636e-01 9.493240451023e-01 9.502448585728e-01 9.511328057429e-01 9.519896153896e-01 9.528168971338e-01 9.536161515320e-01 9.543887791604e-01 9.551360888048e-01 9.558593048596e-01 9.565595740215e-01 9.572379713568e-01 9.578955058082e-01 9.585331252017e-01 9.591517208056e-01 9.597521314863e-01 9.603351475045e-01 9.609015139850e-01 9.614519340935e-01 9.619870719496e-01 9.625075552996e-01 9.630139779730e-01 9.635069021428e-01 9.639868604070e-01 9.644543577087e-01 9.649098731073e-01 9.653538614167e-01 9.657867547196e-01 9.662089637703e-01 9.666208792946e-01 9.670228731957e-01 9.674152996745e-01 9.677984962699e-01 9.681727848278e-01 9.685384724023e-01 9.688958520959e-01 9.692452038427e-01 9.695867951404e-01 9.699208817326e-01 9.702477082479e-01 9.705675087969e-01 9.708805075317e-01 9.711869191700e-01 9.714869494857e-01 9.717807957705e-01 9.720686472659e-01 9.723506855701e-01 9.726270850197e-01 9.728980130491e-01 9.731636305292e-01 9.734240920852e-01 9.736795463972e-01 9.739301364831e-01 9.741759999658e-01 9.744172693248e-01 9.746540721346e-01 9.748865312896e-01 9.751147652166e-01 9.753388880760e-01 9.755590099525e-01 9.757752370349e-01 9.759876717874e-01 9.761964131112e-01 9.764015564981e-01 9.766031941761e-01 9.768014152478e-01 9.769963058217e-01 9.771879491367e-01 9.773764256807e-01 9.775618133036e-01
1.558846565276e-02 1.543489838099e-01 3.369202396494e-01 4.659787526887e-01 5.541636629596e-01 6.174975801288e-01 6.650987246663e-01 7.021679803113e-01 7.318499064966e-01 7.561520899606e-01 7.764154363581e-01 7.935694915972e-01 8.082789009001e-01 8.210314833481e-01 8.321933654070e-01 8.420446991328e-01 8.508034981901e-01 8.586419606147e-01 8.656979032136e-01 8.720829343260e-01 8.778884011068e-01 8.831897876398e-01 8.880500150774e-01 8.925219508228e-01 8.966503394244e-01 9.004733049215e-01 9.040235316479e-01 9.073292010174e-01 9.104147411631e-01 9.133014316437e-01 9.160078948882e-01 9.185504983776e-01 9.209436859251e-01 9.232002522192e-01 9.253315716542e-01 9.273477900855e-01 9.292579863354e-01 9.310703088739e-01 9.327920920137e-01 9.344299551162e-01 9.359898876356e-01 9.374773223065e-01 9.388971983588e-01 9.402540163102e-01 9.415518856172e-01 9.427945662473e-01 9.439855050586e-01 9.451278677277e-01 9.462245668483e-01 9.472782867274e-01 9.482915053212e-01 9.492665136900e-01 9.502054332924e-01 9.511102313939e-01 9.519827348264e-01 9.528246422990e-01 9.536375354370e-01 9.544228886983e-01 9.551820782993e-01 9.559163902627e-01 9.566270276875e-01 9.573151173262e-01 9.579817155469e-01 9.586278137441e-01 9.592543432588e-01 9.598621798574e-01 9.604521478167e-01 9.610250236524e-01 9.615815395296e-01 9.621223863842e-01 9.626482167850e-01 9.631596475600e-01 9.636572622107e-01 9.641416131322e-01 9.646132236594e-01 9.650725899529e-01 9.655201827403e-01 9.659564489248e-01 9.663818130741e-01 9.667966787986e-01 9.672014300281e-01 9.675964321976e-01 9.679820333473e-01 9.683585651457e-01 9.687263438408e-01 9.690856711463e-01 9.694368350666e-01 9.697801106674e-01 9.701157607937e-01 9.704440367410e-01 9.707651788833e-01 9.710794172593e-01 9.713869721226e-01 9.716880544562e-01 9.719828664554e-01 9.722716019801e-01 9.725544469807e-01 9.728315798967e-01 9.731031720326e-01 9.733693879108e-01 9.736303856040e-01 9.738863170482e-01 9.741373283376e-01 9.743835600026e-01 9.746251472724e-01 9.748622203224e-01 9.750949045083e-01 9.753233205870e-01 9.755475849255e-01 9.757678096987e-01 9.759841030766e-01 9.761965694011e-01 9.764053093544e-01 9.766104201173e-01 9.768119955209e-01 9.770101261892e-01 9.772048996749e-01 9.773964005889e-01 9.775847107224e-01 9.777699091634e-01 9.779520724078e-01
1.782505817947e-02 1.652417689253e-01 3.483378428080e-01 4.755321173053e-01 5.621857785809e-01 6.243876384013e-01 6.711328599890e-01 7.075345822524e-01 7.366817759333e-01 7.605460841714e-01 7.804443084293e-01 7.972892612219e-01 8.117336164219e-01 8.242564046562e-01 8.352171556455e-01 8.448909735129e-01 8.534919435385e-01 8.611891608863e-01 8.681179589968e-01 8.743879350944e-01 8.800887903101e-01 8.852946485454e-01 8.900672971471e-01 8.944586508752e-01 8.985126480046e-01 9.022667255987e-01 9.057529790366e-01 9.089990819173e-01 9.120290221912e-01 9.148636959703e-01 9.175213901169e-01 9.200181771782e-01 9.223682406972e-01 9.245841448087e-01 9.266770589461e-01 9.286569461416e-01 9.305327216217e-01 9.323123870252e-01 9.340031445042e-01 9.356114941425e-01 9.371433174673e-01 9.386039493182e-01 9.399982399226e-01 9.413306087011e-01 9.426050910600e-01 9.438253792140e-01 9.449948579107e-01 9.461166357825e-01 9.471935729400e-01 9.482283053201e-01 9.492232662276e-01 9.501807054391e-01 9.511027061853e-01 9.519912002830e-01 9.528479816451e-01 9.536747183711e-01 9.544729635861e-01 9.552441651791e-01 9.559896745677e-01 9.567107546012e-01 9.574085866991e-01 9.580842773108e-01 9.587388637689e-01 9.593733196035e-01 9.599885593734e-01 9.605854430642e-01 9.611647800994e-01 9.617273330024e-01 9.622738207451e-01 9.628049218131e-01 9.633212770162e-01 9.638234920675e-01 9.643121399539e-01 9.647877631170e-01 9.652508754612e-01 9.657019642066e-01 9.661414915984e-01 9.665698964870e-01 9.669875957897e-01 9.673949858437e-01 9.677924436609e-01 9.681803280912e-01 9.685589809033e-01 9.689287277893e-01 9.692898792984e-01 9.696427317077e-01 9.699875678319e-01 9.703246577801e-01 9.706542596609e-01 9.709766202418e-01 9.712919755652e-01 9.716005515246e-01 9.719025644050e-01 9.721982213873e-01 9.724877210234e-01 9.727712536801e-01 9.730490019569e-01 9.733211410780e-01 9.735878392611e-01 9.738492580639e-01 9.741055527108e-01 9.743568723999e-01 9.746033605928e-01 9.748451552879e-01 9.750823892773e-01 9.753151903909e-01 9.755436817256e-01 9.757679818621e-01 9.759882050707e-01 9.762044615049e-01 9.764168573856e-01 9.766254951745e-01 9.768304737394e-01 9.770318885102e-01 9.772298316271e-01 9.774243920809e-01 9.776156558470e-01 9.778037060115e-01 9.779886228917e-01 9.781704841505e-01 9.783493649054e-01
2.043668403517e-02 1.768065043860e-01 3.600506727777e-01 4.852758874624e-01 5.703599323108e-01 6.314069559867e-01 6.772799244875e-01 7.130015536977e-01 7.416039951501e-01 7.650222344816e-01 7.845485076871e-01 8.010785779973e-01 8.152529231508e-01 8.275416206745e-01 8.382974800841e-01 8.477904631421e-01 8.562306532767e-01 8.637839847576e-01 8.705832612248e-01 8.767360311852e-01 8.823303189699e-01 8.874388628672e-01 8.921222952196e-01 8.964315603329e-01 9.004097751337e-01 9.040936768660e-01 9.075147609423e-01 9.107001836525e-01 9.136734845347e-01 9.164551690849e-01 9.190631823248e-01 9.215132963538e-01 9.238194295783e-01 9.259939112689e-01 9.280477020662e-01 9.299905787609e-01 9.318312899254e-01 9.335776876216e-01 9.352368393702e-01 9.368151237474e-01 9.383183123356e-01 9.397516402490e-01 9.411198670486e-01 9.424273295417e-01 9.436779876997e-01 9.448754647179e-01 9.460230820721e-01 9.471238902842e-01 9.481806960001e-01 9.491960858825e-01 9.501724477499e-01 9.511119893232e-01 9.520167548909e-01 9.528886401578e-01 9.537294055028e-01 9.545406878432e-01 9.553240112711e-01 9.560807966099e-01 9.568123700147e-01 9.575199707282e-01 9.582047580853e-01 9.588678178522e-01 9.595101679704e-01 9.601327637717e-01 9.607365027187e-01 9.613222287212e-01 9.618907360718e-01 9.624427730401e-01 9.629790451578e-01 9.635002182277e-01 9.640069210805e-01 9.644997481068e-01 9.649792615825e-01 9.654459938089e-01 9.659004490843e-01 9.663431055208e-01 9.667744167229e-01 9.671948133374e-01 9.676047044880e-01 9.680044791032e-01 9.683945071472e-01 9.687751407618e-01 9.691467153272e-01 9.695095504469e-01 9.698639508653e-01 9.702102073208e-01 9.705485973416e-01 9.708793859875e-01 9.712028265422e-01 9.715191611603e-01 9.718286214719e-01 9.721314291478e-01 9.724277964297e-01 9.727179266260e-01 9.730020145768e-01 9.732802470903e-01 9.735528033527e-01 9.738198553127e-01 9.740815680434e-01 9.743381000826e-01 9.745896037529e-01 9.748362254634e-01 9.750781059942e-01 9.753153807636e-01 9.755481800819e-01 9.757766293891e-01 9.760008494810e-01 9.762209567219e-01 9.764370632459e-01 9.766492771473e-01 9.768577026615e-01 9.770624403347e-01 9.772635871867e-01 9.774612368635e-01 9.776554797827e-01 9.778464032719e-01 9.780340916991e-01 9.782186265972e-01 9.784000867823e-01 9.785785484655e-01 9.787540853600e-01
2.349285757991e-02 1.890652138938e-01 3.720667788475e-01 4.952195676604e-01 5.786946888502e-01 6.385630005886e-01 6.835464825612e-01 7.185747390152e-01 7.466218279532e-01 7.695853282507e-01 7.887324238845e-01 8.049414949640e-01 8.188405853578e-01 8.308906453033e-01 8.414376334757e-01 8.507462693533e-01 8.590225567665e-01 8.664292076892e-01 8.730964468205e-01 8.791297341561e-01 8.846153846581e-01 8.896247240882e-01 8.942172073509e-01 8.984427894487e-01 9.023437500070e-01 9.059561128573e-01 9.093107617927e-01 9.124343257464e-01 9.153498871346e-01 9.180775532506e-01 9.206349206356e-01 9.230374551057e-01 9.252988047812e-01 9.274310595068e-01 9.294449670745e-01 9.313501144166e-01 9.331550802140e-01 9.348675640470e-01 9.364944961897e-01 9.380421313507e-01 9.395161290323e-01 9.409216226861e-01 9.422632794458e-01 9.435453519007e-01 9.447717231223e-01 9.459459459460e-01 9.470712773465e-01 9.481507086070e-01 9.491869918699e-01 9.501826635669e-01 9.511400651466e-01 9.520613614573e-01 9.529485570891e-01 9.538035109332e-01 9.546279491833e-01 9.554234769688e-01 9.561915887850e-01 9.569336778639e-01 9.576510446076e-01 9.583449041933e-01 9.590163934426e-01 9.596665770368e-01 9.602964531498e-01 9.609069585614e-01 9.614989733060e-01 9.620733249052e-01 9.626307922272e-01 9.631721090106e-01 9.636979670862e-01 9.642090193271e-01 9.647058823529e-01 9.651891390114e-01 9.656593406593e-01 9.661170092613e-01 9.665626393223e-01 9.669966996700e-01 9.674196350999e-01 9.678318678962e-01 9.682337992376e-01 9.686258104999e-01 9.690082644628e-01 9.693815064299e-01 9.697458652683e-01 9.701016543751e-01 9.704491725768e-01 9.707887049659e-01 9.711205236812e-01 9.714448886351e-01 9.717620481928e-01 9.720722398064e-01 9.723756906077e-01 9.726726179632e-01 9.729632299928e-01 9.732477260567e-01 9.735262972114e-01 9.737991266375e-01 9.740663900415e-01 9.743282560329e-01 9.745848864792e-01 9.748364368395e-01 9.750830564784e-01 9.753248889620e-01 9.755620723363e-01 9.757947393900e-01 9.760230179028e-01 9.762470308789e-01 9.764668967681e-01 9.766827296751e-01 9.768946395564e-01 9.771027324073e-01 9.773071104387e-01 9.775078722447e-01 9.777051129608e-01 9.778989244143e-01 9.780893952673e-01 9.782766111513e-01 9.784606547961e-01 9.786416061512e-01 9.788195425021e-01 9.789945385800e-01 9.791666666667e-01
2.707636969216e-02 2.020384990207e-01 3.843955134604e-01 5.053737721434e-01 5.871995104102e-01 6.458640021946e-01 6.899397641346e-01 7.242605739260e-01 7.517410704159e-01 7.742406368167e-01 7.930008905168e-01 8.088824748529e-01 8.225007478087e-01 8.343073476273e-01 8.446412436045e-01 8.537618069595e-01 8.618708794674e-01 8.691278856824e-01 8.756604192442e-01 8.815718094306e-01 8.869466272904e-01 8.918547575141e-01 8.963544537742e-01 9.004946617777e-01 9.043168069281e-01 9.078561852281e-01 9.111430564916e-01 9.142035116380e-01 9.170601667241e-01 9.197327227933e-01 9.222384208646e-01 9.245924142811e-01 9.268080754151e-01 9.288972498469e-01 9.308704682189e-01 9.327371237681e-01 9.345056218508e-01 9.361835064842e-01 9.377775679226e-01 9.392939345036e-01 9.407381513843e-01 9.421152482998e-01 9.434297980882e-01 9.446859674193e-01 9.458875609105e-01 9.470380596155e-01 9.481406547047e-01 9.491982770249e-01 9.502136231142e-01 9.511891781578e-01 9.521272362974e-01 9.530299186427e-01 9.538991892826e-01 9.547368695513e-01 9.555446507662e-01 9.563241056264e-01 9.570766984325e-01 9.578037942673e-01 9.585066672595e-01 9.591865080347e-01 9.598444304462e-01 9.604814776642e-01 9.610986276953e-01 9.616967983928e-01 9.622768520105e-01 9.628395993510e-01 9.633858035458e-01 9.639161835092e-01 9.644314170941e-01 9.649321439831e-01 9.654189683372e-01 9.658924612284e-01 9.663531628739e-01 9.668015846923e-01 9.672382111977e-01 9.676635017454e-01 9.680778921444e-01 9.684817961469e-01 9.688756068261e-01 9.692596978525e-01 9.696344246762e-01 9.700001256242e-01 9.703571229191e-01 9.707057236263e-01 9.710462205345e-01 9.713788929762e-01 9.717040075920e-01 9.720218190430e-01 9.723325706764e-01 9.726364951467e-01 9.729338149969e-01 9.732247432015e-01 9.735094836757e-01 9.737882317519e-01 9.740611746264e-01 9.743284917787e-01 9.745903553653e-01 9.748469305893e-01 9.750983760476e-01 9.753448440586e-01 9.755864809689e-01 9.758234274442e-01 9.760558187411e-01 9.762837849658e-01 9.765074513160e-01 9.767269383108e-01 9.769423620071e-01 9.771538342038e-01 9.773614626360e-01 9.775653511575e-01 9.777655999142e-01 9.779623055080e-01 9.781555611523e-01 9.783454568194e-01 9.785320793796e-01 9.787155127347e-01 9.788958379427e-01 9.790731333380e-01 9.792474746446e-01 9.794189350837e-01 9.795875854768e-01
3.128557169505e-02 2.157455612009e-01 3.970477685693e-01 5.157503831304e-01 5.958848870931e-01 6.533190649665e-01 6.964677626668e-01 7.300661726807e-01 7.569681293733e-01 7.789939868787e-01 7.973592502740e-01 8.129064505162e-01 8.262379918883e-01 8.377960043069e-01 8.479123204105e-01 8.568408504939e-01 8.647791866118e-01 8.718833966608e-01 8.782783878095e-01 8.840653137441e-01 8.893269648738e-01 8.941317544690e-01 8.985367096725e-01 9.025897456402e-01 9.063314155647e-01 9.097962722917e-01 9.130139385150e-01 9.160099558102e-01 9.188064640532e-01 9.214227494821e-01 9.238756901066e-01 9.261801202161e-01 9.283491306280e-01 9.303943175138e-01 9.323259897935e-01 9.341533429294e-01 9.358846053034e-01 9.375271620932e-01 9.390876605846e-01 9.405721000829e-01 9.419859089922e-01 9.433340111464e-01 9.446208831026e-01 9.458506038015e-01 9.470268977543e-01 9.481531727210e-01 9.492325526819e-01 9.502679067752e-01 9.512618747631e-01 9.522168895054e-01 9.531351968406e-01 9.540188732185e-01 9.548698413741e-01 9.556898842934e-01 9.564806576832e-01 9.572437011295e-01 9.579804481018e-01 9.586922349413e-01 9.593803089499e-01 9.600458356847e-01 9.606899055466e-01 9.613135397420e-01 9.619176956857e-01 9.625032719053e-01 9.630711125002e-01 9.636220112012e-01 9.641567150724e-01 9.646759278911e-01 9.651803132383e-01 9.656704973278e-01 9.661470716001e-01 9.666105951034e-01 9.670615966805e-01 9.675005769823e-01 9.679280103211e-01 9.683443463808e-01 9.687500117942e-01 9.691454116021e-01 9.695309306016e-01 9.699069345954e-01 9.702737715497e-01 9.706317726680e-01 9.709812533886e-01 9.713225143115e-01 9.716558420608e-01 9.719815100878e-01 9.722997794187e-01 9.726108993529e-01 9.729151081138e-01 9.732126334576e-01 9.735036932414e-01 9.737884959557e-01 9.740672412222e-01 9.743401202605e-01 9.746073163256e-01 9.748690051180e-01 9.751253551695e-01 9.753765282048e-01 9.756226794816e-01 9.758639581112e-01 9.761005073589e-01 9.763324649285e-01 9.765599632292e-01 9.767831296273e-01 9.770020866849e-01 9.772169523833e-01 9.774278403358e-01 9.776348599877e-01 9.778381168054e-01 9.780377124562e-01 9.782337449774e-01 9.784263089370e-01 9.786154955857e-01 9.788013930014e-01 9.789840862256e-01 9.791636573933e-01 9.793401858559e-01 9.795137482985e-01 9.796844188507e-01 9.798522691921e-01 9.800173686529e-01
3.623685495903e-02 2.302043505491e-01 4.100362501411e-01 5.263627397002e-01 6.047624930838e-01 6.609383013018e-01 7.031393525770e-01 7.359994325040e-01 7.623101164632e-01 7.838518460170e-01 8.018134334546e-01 8.170188973249e-01 8.300574028406e-01 8.413613623454e-01 8.512553148418e-01 8.599875896076e-01 8.677514355311e-01 8.746994900469e-01 8.809539147852e-01 8.866136400073e-01 8.917596363331e-01 8.964588132621e-01 9.007669444408e-01 9.047308918166e-01 9.083903171944e-01 9.117790139241e-01 9.149259535719e-01 9.178561162914e-01 9.205911553085e-01 9.231499329362e-01 9.255489561936e-01 9.278027333021e-01 9.299240673335e-01 9.319242995673e-01 9.338135123262e-01 9.356006989499e-01 9.372939069543e-01 9.389003591860e-01 9.404265568185e-01 9.418783672885e-01 9.432610996796e-01 9.445795695964e-01 9.458381551984e-01 9.470408457679e-01 9.481912839489e-01 9.492928025965e-01 9.503484570237e-01 9.513610533029e-01 9.523331731725e-01 9.532671960164e-01 9.541653183079e-01 9.550295708550e-01 9.558618341296e-01 9.566638519265e-01 9.574372435588e-01 9.581835147713e-01 9.589040675249e-01 9.596002087870e-01 9.602731584431e-01 9.609240564302e-01 9.615539691818e-01 9.621638954572e-01 9.627547716266e-01 9.633274764674e-01 9.638828355250e-01 9.644216250835e-01 9.649445757861e-01 9.654523759404e-01 9.659456745415e-01 9.664250840385e-01 9.668911828718e-01 9.673445178012e-01 9.677856060452e-01 9.682149372499e-01 9.686329753021e-01 9.690401600012e-01 9.694369086024e-01 9.698236172433e-01 9.702006622629e-01 9.705684014234e-01 9.709271750424e-01 9.712773070433e-01 9.716191059309e-01 9.719528656977e-01 9.722788666677e-01 9.725973762815e-01 9.729086498277e-01 9.732129311261e-01 9.735104531636e-01 9.738014386902e-01 9.740861007745e-01 9.743646433240e-01 9.746372615727e-01 9.749041425371e-01 9.751654654439e-01 9.754214021319e-01 9.756721174283e-01 9.759177695029e-01 9.761585102008e-01 9.763944853557e-01 9.766258350839e-01 9.768526940624e-01 9.770751917897e-01 9.772934528329e-01 9.775075970597e-01 9.777177398583e-01 9.779239923447e-01 9.781264615584e-01 9.783252506478e-01 9.785204590452e-01 9.787121826332e-01 9.789005139009e-01 9.790855420935e-01 9.792673533528e-01 9.794460308509e-01 9.796216549175e-01 9.797943031599e-01 9.799640505774e-01 9.801309696703e-01 9.802951305427e-01 9.804566010007e-01
4.206722333655e-02 2.454318705449e-01 4.233757999928e-01 5.372258651675e-01 6.138453752020e-01 6.687329936827e-01 7.099644310011e-01 7.420691596785e-01 7.677749616502e-01 7.888214259310e-01 8.063700526255e-01 8.212259205671e-01 8.339646509382e-01 8.450087148598e-01 8.546751898996e-01 8.632066959439e-01 8.707920388220e-01 8.775803466096e-01 8.836909722558e-01 8.892205714628e-01 8.942482532099e-01 8.988393886425e-01 9.030484690835e-01 9.069212790504e-01 9.104965684606e-01 9.138073537017e-01 9.168819402378e-01 9.197447338895e-01 9.224168900408e-01 9.249168373304e-01 9.272607032550e-01 9.294626624688e-01 9.315352236811e-01 9.334894674173e-01 9.353352441917e-01 9.370813405727e-01 9.387356190514e-01 9.403051364096e-01 9.417962443486e-01 9.432146754033e-01 9.445656165933e-01 9.458537728048e-01 9.470834215363e-01 9.482584603505e-01 9.493824481411e-01 9.504586411356e-01 9.514900244006e-01 9.524793394923e-01 9.534291087911e-01 9.543416569749e-01 9.552191300167e-01 9.560635120330e-01 9.568766402608e-01 9.576602184020e-01 9.584158285394e-01 9.591449417983e-01 9.598489279063e-01 9.605290637816e-01 9.611865412624e-01 9.618224740770e-01 9.624379041397e-01 9.630338072469e-01 9.636110982402e-01 9.641706356923e-01 9.647132261682e-01 9.652396281040e-01 9.657505553441e-01 9.662466803711e-01 9.667286372583e-01 9.671970243740e-01 9.676524068591e-01 9.680953189026e-01 9.685262658313e-01 9.689457260337e-01 9.693541527310e-01 9.697519756109e-01 9.701396023352e-01 9.705174199338e-01 9.708857960930e-01 9.712450803496e-01 9.715956051966e-01 9.719376871099e-01 9.722716275013e-01 9.725977136040e-01 9.729162192969e-01 9.732274058717e-01 9.735315227477e-01 9.738288081385e-01 9.741194896746e-01 9.744037849844e-01 9.746819022378e-01 9.749540406543e-01 9.752203909790e-01 9.754811359285e-01 9.757364506091e-01 9.759865029085e-01 9.762314538643e-01 9.764714580098e-01 9.767066636990e-01 9.769372134124e-01 9.771632440451e-01 9.773848871774e-01 9.776022693306e-01 9.778155122077e-01 9.780247329206e-01 9.782300442045e-01 9.784315546205e-01 9.786293687473e-01 9.788235873616e-01 9.790143076097e-01 9.792016231696e-01 9.793856244042e-01 9.795663985064e-01 9.797440296377e-01 9.799185990580e-01 9.800901852500e-01 9.802588640367e-01 9.804247086931e-01 9.805877900524e-01 9.807481766071e-01 9.809059346044e-01
4.893677767698e-02 2.614446690259e-01 4.370837772233e-01 5.483567432555e-01 6.231481824176e-01 6.767157916929e-01 7.169540903438e-01 7.482852230141e-01 7.733715514064e-01 7.939108080980e-01 8.110365178397e-01 8.255343618255e-01 8.379660902809e-01 8.487439933075e-01 8.581775071131e-01 8.665034045363e-01 8.739059412304e-01 8.805306513090e-01 8.864940113301e-01 8.918903476036e-01 8.967968625896e-01 9.012773519946e-01 9.053849939048e-01 9.091644694344e-01 9.126535946310e-01 9.158845901895e-01 9.188850794145e-01 9.216788799481e-01 9.242866373311e-01 9.267263360735e-01 9.290137150002e-01 9.311626071577e-01 9.331852197959e-01 9.350923664007e-01 9.368936600894e-01 9.385976756751e-01 9.402120861631e-01 9.417437782675e-01 9.431989506139e-01 9.445831975837e-01 9.459015811895e-01 9.471586929303e-01 9.483587072171e-01 9.495054276816e-01 9.506023274485e-01 9.516525842703e-01 9.526591112738e-01 9.536245839440e-01 9.545514638720e-01 9.554420197111e-01 9.562983457166e-01 9.571223781879e-01 9.579159100847e-01 9.586806040499e-01 9.594180040381e-01 9.601295457207e-01 9.608165658148e-01 9.614803104651e-01 9.621219427866e-01 9.627425496668e-01 9.633431479098e-01 9.639246897956e-01 9.644880681181e-01 9.650341207584e-01 9.655636348434e-01 9.660773505310e-01 9.665759644619e-01 9.670601329119e-01 9.675304746733e-01 9.679875736936e-01 9.684319814941e-01 9.688642193897e-01 9.692847805288e-01 9.696941317710e-01 9.700927154146e-01 9.704809507921e-01 9.708592357407e-01 9.712279479627e-01 9.715874462834e-01 9.719380718155e-01 9.722801490393e-01 9.726139868034e-01 9.729398792558e-01 9.732581067072e-01 9.735689364362e-01 9.738726234372e-01 9.741694111186e-01 9.744595319532e-01 9.747432080855e-01 9.750206518991e-01 9.752920665470e-01 9.755576464474e-01 9.758175777487e-01 9.760720387640e-01 9.763212003795e-01 9.765652264367e-01 9.768042740923e-01 9.770384941554e-01 9.772680314046e-01 9.774930248868e-01 9.777136081977e-01 9.779299097467e-01 9.781420530059e-01 9.783501567452e-01 9.785543352542e-01 9.787546985511e-01 9.789513525808e-01 9.791443994015e-01 9.793339373614e-01 9.795200612655e-01 9.797028625340e-01 9.798824293522e-01 9.800588468118e-01 9.802321970458e-01 9.804025593558e-01 9.805700103331e-01 9.807346239733e-01 9.808964717856e-01 9.810556228961e-01 9.812121441465e-01 9.813661001875e-01
5.703082755170e-02 2.782595475540e-01 4.511805157776e-01 5.597746567711e-01 6.326874477673e-01 6.849009540144e-01 7.241208302143e-01 7.546587423435e-01 7.791098984266e-01 7.991290981102e-01 8.158211781486e-01 8.299519296332e-01 8.420688801410e-01 8.525738807604e-01 8.617685327493e-01 8.698836137831e-01 8.770987140827e-01 8.835556827665e-01 8.893680471453e-01 8.946277451358e-01 8.994100243894e-01 9.037770652699e-01 9.077806993646e-01 9.114644764369e-01 9.148652550105e-01 9.180144399344e-01 9.209389550755e-01 9.236620149998e-01 9.262037424912e-01 9.285816666817e-01 9.308111278805e-01 9.329056088733e-01 9.348770078157e-01 9.367358643899e-01 9.384915483038e-01 9.401524172512e-01 9.417259499527e-01 9.432188587468e-01 9.446371853064e-01 9.459863823601e-01 9.472713837475e-01 9.484966647081e-01 9.496662939545e-01 9.507839788084e-01 9.518531044528e-01 9.528767681779e-01 9.538578093485e-01 9.547988357047e-01 9.557022465087e-01 9.565702529704e-01 9.574048963172e-01 9.582080638203e-01 9.589815030407e-01 9.597268345223e-01 9.604455631258e-01 9.611390881705e-01 9.618087125274e-01 9.624556507878e-01 9.630810366160e-01 9.636859293790e-01 9.642713201349e-01 9.648381370513e-01 9.653872503160e-01 9.659194765947e-01 9.664355830836e-01 9.669362911994e-01 9.674222799436e-01 9.678941889747e-01 9.683526214167e-01 9.687981464313e-01 9.692313015750e-01 9.696525949626e-01 9.700625072559e-01 9.704614934931e-01 9.708499847735e-01 9.712283898116e-01 9.715970963714e-01 9.719564725914e-01 9.723068682113e-01 9.726486157067e-01 9.729820313417e-01 9.733074161449e-01 9.736250568160e-01 9.739352265684e-01 9.742381859129e-01 9.745341833873e-01 9.748234562368e-01 9.751062310477e-01 9.753827243399e-01 9.756531431193e-01 9.759176853948e-01 9.761765406620e-01 9.764298903558e-01 9.766779082743e-01 9.769207609767e-01 9.771586081561e-01 9.773916029899e-01 9.776198924686e-01 9.778436177048e-01 9.780629142248e-01 9.782779122415e-01 9.784887369129e-01 9.786955085848e-01 9.788983430198e-01 9.790973516135e-01 9.792926415984e-01 9.794843162369e-01 9.796724750029e-01 9.798572137544e-01 9.800386248960e-01 9.802167975331e-01 9.803918176179e-01 9.805637680877e-01 9.807327289957e-01 9.808987776357e-01 9.810619886595e-01 9.812224341892e-01 9.813801839234e-01 9.815353052378e-01 9.816878632816e-01 9.818379210686e-01
6.656121851384e-02 2.958945238881e-01 4.656898806539e-01 5.715016072560e-01 6.424819380907e-01 6.933046486276e-01 7.314788203247e-01 7.612023223383e-01 7.850013521487e-01 8.044866171171e-01 8.207334971366e-01 8.344873615411e-01 8.462811354830e-01 8.565059524125e-01 8.654553695566e-01 8.733540094571e-01 8.803766724189e-01 8.866614242439e-01 8.923187643065e-01 8.974381784054e-01 9.020929072275e-01 9.063434726949e-01 9.102403239706e-01 9.138258492817e-01 9.171359240809e-01 9.202011156035e-01 9.230476296175e-01 9.256980615219e-01 9.281719973966e-01 9.304864988458e-01 9.326564970300e-01 9.346951151291e-01 9.366139339574e-01 9.384232120883e-01 9.401320693257e-01 9.417486404515e-01 9.432802047177e-01 9.447332954348e-01 9.461137931357e-01 9.474270051162e-01 9.486777336236e-01 9.498703345358e-01 9.510087680471e-01 9.520966425993e-01 9.531372530878e-01 9.541336141933e-01 9.550884895506e-01 9.560044173475e-01 9.568837328545e-01 9.577285883050e-01 9.585409704842e-01 9.593227163268e-01 9.600755267837e-01 9.608009791766e-01 9.615005382294e-01 9.621755659395e-01 9.628273304283e-01 9.634570138922e-01 9.640657197590e-01 9.646544791409e-01 9.652242566630e-01 9.657759557371e-01 9.663104233421e-01 9.668284543618e-01 9.673307955304e-01 9.678181490231e-01 9.682911757315e-01 9.687504982535e-01 9.691967036269e-01 9.696303458331e-01 9.700519480909e-01 9.704620049632e-01 9.708609842918e-01 9.712493289782e-01 9.716274586238e-01 9.719957710421e-01 9.723546436547e-01 9.727044347816e-01 9.730454848341e-01 9.733781174203e-01 9.737026403691e-01 9.740193466802e-01 9.743285154067e-01 9.746304124749e-01 9.749252914473e-01 9.752133942330e-01 9.754949517494e-01 9.757701845396e-01 9.760393033484e-01 9.763025096605e-01 9.765599962038e-01 9.768119474196e-01 9.770585399038e-01 9.772999428191e-01 9.775363182821e-01 9.777678217269e-01 9.779946022452e-01 9.782168029071e-01 9.784345610617e-01 9.786480086204e-01 9.788572723233e-01 9.790624739902e-01 9.792637307570e-01 9.794611552988e-01 9.796548560400e-01 9.798449373534e-01 9.800314997468e-01 9.802146400414e-01 9.803944515383e-01 9.805710241774e-01 9.807444446878e-01 9.809147967291e-01 9.810821610265e-01 9.812466154982e-01 9.814082353763e-01 9.815670933217e-01 9.817232595328e-01 9.818768018491e-01 9.820277858495e-01 9.821762749456e-01 9.823223304703e-01
7.776632950354e-02 3.143700873646e-01 4.806399537750e-01 5.835628408712e-01 6.525530926560e-01 7.019453292916e-01 7.390442301762e-01 7.679303457214e-01 7.910588627500e-01 8.099951418983e-01 8.257842730454e-01 8.391506273534e-01 8.506121157173e-01 8.605488517785e-01 8.692461219752e-01 8.769222202169e-01 8.837470218804e-01 8.898547028142e-01 8.953526491108e-01 9.003278253362e-01 9.048514086448e-01 9.089822157733e-01 9.127692744953e-01 9.162537787633e-01 9.194705932505e-01 9.224494239701e-01 9.252157383507e-01 9.277914951733e-01 9.301957286861e-01 9.324450197879e-01 9.345538789585e-01 9.365350596365e-01 9.383998163504e-01 9.401581186413e-01 9.418188293657e-01 9.433898541105e-01 9.448782670372e-01 9.462904173823e-01 9.476320199964e-01 9.489082326441e-01 9.501237222708e-01 9.512827220289e-01 9.523890805356e-01 9.534463045659e-01 9.544575961824e-01 9.554258851285e-01 9.563538571741e-01 9.572439789946e-01 9.580985200649e-01 9.589195719799e-01 9.597090655477e-01 9.604687859481e-01 9.612003862081e-01 9.619053992090e-01 9.625852484064e-01 9.632412574239e-01 9.638746586540e-01 9.644866009852e-01 9.650781567565e-01 9.656503280287e-01 9.662040522490e-01 9.667402073760e-01 9.672596165250e-01 9.677630521844e-01 9.682512400491e-01 9.687248625111e-01 9.691845618414e-01 9.696309430964e-01 9.700645767743e-01 9.704860012483e-01 9.708957249956e-01 9.712942286450e-01 9.716819668570e-01 9.720593700545e-01 9.724268460168e-01 9.727847813491e-01 9.731335428392e-01 9.734734787114e-01 9.738049197864e-01 9.741281805546e-01 9.744435601718e-01 9.747513433826e-01 9.750518013779e-01 9.753451925915e-01 9.756317634420e-01 9.759117490227e-01 9.761853737450e-01 9.764528519382e-01 9.767143884095e-01 9.769701789669e-01 9.772204109082e-01 9.774652634781e-01 9.777049082970e-01 9.779395097613e-01 9.781692254203e-01 9.783942063286e-01 9.786145973775e-01 9.788305376059e-01 9.790421604933e-01 9.792495942344e-01 9.794529619986e-01 9.796523821733e-01 9.798479685942e-01 9.800398307619e-01 9.802280740460e-01 9.804127998783e-01 9.805941059353e-01 9.807720863099e-01 9.809468316746e-01 9.811184294354e-01 9.812869638777e-01 9.814525163040e-01 9.816151651652e-01 9.817749861841e-01 9.819320524732e-01 9.820864346461e-01 9.822382009235e-01 9.823874172336e-01 9.825341473075e-01 9.826784527701e-01 9.828203932266e-01
9.090909090909e-02 3.337107965635e-01 4.960638928637e-01 5.959875156068e-01 6.629255799526e-01 7.108442134162e-01 7.468356475209e-01 7.748593454281e-01 7.972973162240e-01 8.156682095745e-01 8.309859181644e-01 8.439531870833e-01 8.550724642747e-01 8.647125143327e-01 8.731501058277e-01 8.805970149873e-01 8.872180451461e-01 8.931433660025e-01 8.984771573710e-01 9.033037872746e-01 9.076923076961e-01 9.116997792518e-01 9.153737658689e-01 9.187542315514e-01 9.218750000006e-01 9.247648902825e-01 9.274486094320e-01 9.299474605956e-01 9.322799097067e-01 9.344620425998e-01 9.365079365080e-01 9.384299640842e-01 9.402390438247e-01 9.419448476052e-01 9.435559736595e-01 9.450800915332e-01 9.465240641711e-01 9.478940512375e-01 9.491955969517e-01 9.504337050805e-01 9.516129032258e-01 9.527372981489e-01 9.538106235566e-01 9.548362815205e-01 9.558173784978e-01 9.567567567568e-01 9.576570218772e-01 9.585205668856e-01 9.593495934959e-01 9.601461308535e-01 9.609120521173e-01 9.616490891659e-01 9.623588456713e-01 9.630428087465e-01 9.637023593466e-01 9.643387815750e-01 9.649532710280e-01 9.655469422911e-01 9.661208356861e-01 9.666759233546e-01 9.672131147541e-01 9.677332616295e-01 9.682371625199e-01 9.687255668491e-01 9.691991786448e-01 9.696586599241e-01 9.701046337818e-01 9.705376872084e-01 9.709583736689e-01 9.713672154617e-01 9.717647058824e-01 9.721513112091e-01 9.725274725275e-01 9.728936074091e-01 9.732501114579e-01 9.735973597360e-01 9.739357080799e-01 9.742654943170e-01 9.745870393901e-01 9.749006483999e-01 9.752066115702e-01 9.755052051439e-01 9.757966922146e-01 9.760813235001e-01 9.763593380615e-01 9.766309639727e-01 9.768964189449e-01 9.771559109081e-01 9.774096385542e-01 9.776577918451e-01 9.779005524862e-01 9.781380943706e-01 9.783705839942e-01 9.785981808454e-01 9.788210377692e-01 9.790393013100e-01 9.792531120332e-01 9.794626048263e-01 9.796679091833e-01 9.798691494716e-01 9.800664451827e-01 9.802599111696e-01 9.804496578690e-01 9.806357915120e-01 9.808184143222e-01 9.809976247031e-01 9.811735174145e-01 9.813461837401e-01 9.815157116451e-01 9.816821859258e-01 9.818456883510e-01 9.820062977958e-01 9.821640903686e-01 9.823191395315e-01 9.824715162138e-01 9.826212889211e-01 9.827685238369e-01 9.829132849210e-01 9.830556340017e-01 9.831956308640e-01 9.833333333333e-01
1.062723654582e-01 3.539472859718e-01 5.120010248479e-01 6.088095594350e-01 6.736280140440e-01 7.200258968351e-01 7.548746166859e-01 7.820084833614e-01 8.037339654289e-01 8.215215095922e-01 8.363528182427e-01 8.489083227898e-01 8.596745167989e-01 8.690084552018e-01 8.771781180691e-01 8.843885568732e-01 8.907993417657e-01 8.965365090191e-01 9.017009303068e-01 9.063742946166e-01 9.106234612440e-01 9.145036788933e-01 9.180610011391e-01 9.213341229619e-01 9.243557940198e-01 9.271539182534e-01 9.297524181464e-01 9.321719203818e-01 9.344303045225e-01 9.365431456111e-01 9.385240738698e-01 9.403850690682e-01 9.421367029949e-01 9.437883404034e-01 9.453483064976e-01 9.468240272832e-01 9.482221477780e-01 9.495486320511e-01 9.508088482700e-01 9.520076413109e-01 9.531493950056e-01 9.542380857085e-01 9.552773285657e-01 9.562704176190e-01 9.572203606825e-01 9.581299097707e-01 9.590015877254e-01 9.598377115844e-01 9.606404131483e-01 9.614116571285e-01 9.621532572032e-01 9.628668902569e-01 9.635541090382e-01 9.642163534382e-01 9.648549605607e-01 9.654711737337e-01 9.660661505881e-01 9.666409703169e-01 9.671966402072e-01 9.677341015312e-01 9.682542348671e-01 9.687578649136e-01 9.692457648528e-01 9.697186603111e-01 9.701772329604e-01 9.706221237962e-01 9.710539361270e-01 9.714732383044e-01 9.718805662182e-01 9.722764255819e-01 9.726612940268e-01 9.730356230248e-01 9.733998396552e-01 9.737543482299e-01 9.740995317909e-01 9.744357534904e-01 9.747633578657e-01 9.750826720167e-01 9.753940066950e-01 9.756976573131e-01 9.759939048789e-01 9.762830168634e-01 9.765652480060e-01 9.768408410631e-01 9.771100275047e-01 9.773730281624e-01 9.776300538340e-01 9.778813058469e-01 9.781269765839e-01 9.783672499746e-01 9.786023019547e-01 9.788323008952e-01 9.790574080054e-01 9.792777777089e-01 9.794935579975e-01 9.797048907622e-01 9.799119121047e-01 9.801147526294e-01 9.803135377184e-01 9.805083877896e-01 9.806994185405e-01 9.808867411768e-01 9.810704626285e-01 9.812506857534e-01 9.814275095291e-01 9.816010292342e-01 9.817713366197e-01 9.819385200705e-01 9.821026647587e-01 9.822638527879e-01 9.824221633304e-01 9.825776727566e-01 9.827304547583e-01 9.828805804647e-01 9.830281185530e-01 9.831731353532e-01 9.833156949474e-01 9.834558592644e-01 9.835936881691e-01 9.837292395482e-01 9.838625693908e-01
1.241512213992e-01 3.751187785101e-01 5.284982627707e-01 6.220687909716e-01 6.846938901820e-01 7.295191566915e-01 7.631863415986e-01 7.894001756181e-01 8.103889930082e-01 8.275733956293e-01 8.419018018574e-01 8.540315719347e-01 8.644327036235e-01 8.734501448704e-01 8.813427890608e-01 8.883087347531e-01 8.945021413665e-01 9.000447715110e-01 9.050340764829e-01 9.095489753429e-01 9.136540603070e-01 9.174027066948e-01 9.208394064864e-01 9.240015425846e-01 9.269207541649e-01 9.296239989950e-01 9.321343883900e-01 9.344718496188e-01 9.366536559802e-01 9.386948543948e-01 9.406086129084e-01 9.424065050779e-01 9.440987442215e-01 9.456943775505e-01 9.472014479759e-01 9.486271297010e-01 9.499778424228e-01 9.512593479795e-01 9.524768325135e-01 9.536349766199e-01 9.547380154826e-01 9.557897906250e-01 9.567937946100e-01 9.577532097843e-01 9.586709419723e-01 9.595496498727e-01 9.603917707822e-01 9.611995431721e-01 9.619750265572e-01 9.627201190292e-01 9.634365727677e-01 9.641260077970e-01 9.647899242148e-01 9.654297130880e-01 9.660466661817e-01 9.666419846647e-01 9.672167869149e-01 9.677721155317e-01 9.683089436468e-01 9.688281806156e-01 9.693306771576e-01 9.698172300072e-01 9.702885861294e-01 9.707454465459e-01 9.711884698144e-01 9.716182751951e-01 9.720354455398e-01 9.724405299280e-01 9.728340460786e-01 9.732164825571e-01 9.735883007992e-01 9.739499369684e-01 9.743018036623e-01 9.746442914833e-01 9.749777704852e-01 9.753025915064e-01 9.756190874016e-01 9.759275741790e-01 9.762283520535e-01 9.765217064206e-01 9.768079087597e-01 9.770872174723e-01 9.773598786601e-01 9.776261268481e-01 9.778861856574e-01 9.781402684317e-01 9.783885788211e-01 9.786313113263e-01 9.788686518066e-01 9.791007779551e-01 9.793278597416e-01 9.795500598282e-01 9.797675339576e-01 9.799804313174e-01 9.801888948812e-01 9.803930617287e-01 9.805930633466e-01 9.807890259108e-01 9.809810705518e-01 9.811693136046e-01 9.813538668433e-01 9.815348377030e-01 9.817123294879e-01 9.818864415680e-01 9.820572695647e-01 9.822249055260e-01 9.823894380917e-01 9.825509526499e-01 9.827095314844e-01 9.828652539149e-01 9.830181964292e-01 9.831684328080e-01 9.833160342445e-01 9.834610694558e-01 9.836036047906e-01 9.837437043297e-01 9.838814299823e-01 9.840168415772e-01 9.841499969496e-01 9.842809520231e-01 9.844097608884e-01
1.448421335629e-01 3.972762519603e-01 5.456119776325e-01 6.358124081794e-01 6.961628277200e-01 7.393580179585e-01 7.718006196333e-01 7.970609229853e-01 8.172862591249e-01 8.338455655645e-01 8.476527638783e-01 8.593413030141e-01 8.693640843867e-01 8.780535082358e-01 8.856590504997e-01 8.923716037375e-01 8.983397196875e-01 9.036807317389e-01 9.084885463114e-01 9.128392117152e-01 9.167949705674e-01 9.204072566130e-01 9.237189433969e-01 9.267660539855e-01 9.295790766513e-01 9.321839885494e-01 9.346030603000e-01 9.368554943002e-01 9.389579355170e-01 9.409248835260e-01 9.427690273736e-01 9.445015196183e-01 9.461322020598e-01 9.476697928090e-01 9.491220422089e-01 9.504958634948e-01 9.517974428414e-01 9.530323324950e-01 9.542055299475e-01 9.553215455333e-01 9.563844603775e-01 9.573979762647e-01 9.583654587129e-01 9.592899743079e-01 9.601743231723e-01 9.610210672923e-01 9.618325553056e-01 9.626109442572e-01 9.633582187453e-01 9.640762078167e-01 9.647665999140e-01 9.654309561317e-01 9.660707220000e-01 9.666872379846e-01 9.672817488615e-01 9.678554121058e-01 9.684093054136e-01 9.689444334585e-01 9.694617339740e-01 9.699620832369e-01 9.704463010208e-01 9.709151550783e-01 9.713693652028e-01 9.718096069158e-01 9.722365148193e-01 9.726506856476e-01 9.730526810503e-01 9.734430301341e-01 9.738222317851e-01 9.741907567970e-01 9.745490498203e-01 9.748975311525e-01 9.752365983828e-01 9.755666279051e-01 9.758879763121e-01 9.762009816801e-01 9.765059647559e-01 9.768032300528e-01 9.770930668649e-01 9.773757502062e-01 9.776515416810e-01 9.779206902911e-01 9.781834331860e-01 9.784399963596e-01 9.786905952987e-01 9.789354355864e-01 9.791747134648e-01 9.794086163594e-01 9.796373233690e-01 9.798610057226e-01 9.800798272074e-01 9.802939445684e-01 9.805035078832e-01 9.807086609124e-01 9.809095414289e-01 9.811062815260e-01 9.812990079073e-01 9.814878421592e-01 9.816729010058e-01 9.818542965503e-01 9.820321365010e-01 9.822065243849e-01 9.823775597485e-01 9.825453383470e-01 9.827099523235e-01 9.828714903778e-01 9.830300379253e-01 9.831856772479e-01 9.833384876365e-01 9.834885455253e-01 9.836359246197e-01 9.837806960168e-01 9.839229283199e-01 9.840626877466e-01 9.842000382320e-01 9.843350415259e-01 9.844677572855e-01 9.845982431633e-01 9.847265548907e-01 9.848527463571e-01 9.849768696856e-01
1.686300828928e-01 4.204864933567e-01 5.634105241151e-01 6.500970046996e-01 7.080822534573e-01 7.495831977941e-01 7.807531062652e-01 8.050224356265e-01 8.244543140658e-01 8.403639823110e-01 8.536295097835e-01 8.648594950955e-01 8.744890720218e-01 8.828376004403e-01 8.901447691010e-01 8.965939816506e-01 9.023279619862e-01 9.074594403831e-01 9.120786392119e-01 9.162586233259e-01 9.200591934976e-01 9.235297656707e-01 9.267115314149e-01 9.296391005729e-01 9.323417653295e-01 9.348444837279e-01 9.371686526880e-01 9.393327212761e-01 9.413526814593e-01 9.432424639792e-01 9.450142600772e-01 9.466787847850e-01 9.482454937977e-01 9.497227632056e-01 9.511180392972e-01 9.524379640942e-01 9.536884810810e-01 9.548749246834e-01 9.560020963361e-01 9.570743294283e-01 9.580955449782e-01 9.590692995454e-01 9.599988266150e-01 9.608870724674e-01 9.617367273733e-01 9.625502528093e-01 9.633299052738e-01 9.640777571883e-01 9.647957152933e-01 9.654855368801e-01 9.661488441518e-01 9.667871369594e-01 9.674018041235e-01 9.679941335220e-01 9.685653210967e-01 9.691164789141e-01 9.696486423907e-01 9.701627767861e-01 9.706597830451e-01 9.711405030674e-01 9.716057244661e-01 9.720561848739e-01 9.724925758459e-01 9.729155464024e-01 9.733257062489e-01 9.737236287094e-01 9.741098533996e-01 9.744848886683e-01 9.748492138301e-01 9.752032812087e-01 9.755475180108e-01 9.758823280450e-01 9.762080933026e-01 9.765251754113e-01 9.768339169741e-01 9.771346428044e-01 9.774276610656e-01 9.777132643247e-01 9.779917305264e-01 9.782633238958e-01 9.785282957739e-01 9.787868853941e-01 9.790393206022e-01 9.792858185262e-01 9.795265861990e-01 9.797618211384e-01 9.799917118879e-01 9.802164385201e-01 9.804361731073e-01 9.806510801612e-01 9.808613170434e-01 9.810670343498e-01 9.812683762700e-01 9.814654809249e-01 9.816584806823e-01 9.818475024534e-01 9.820326679713e-01 9.822140940520e-01 9.823918928407e-01 9.825661720426e-01 9.827370351405e-01 9.829045815999e-01 9.830689070619e-01 9.832301035252e-01 9.833882595182e-01 9.835434602606e-01 9.836957878171e-01 9.838453212414e-01 9.839921367138e-01 9.841363076700e-01 9.842779049237e-01 9.844169967830e-01 9.845536491596e-01 9.846879256735e-01 9.848198877514e-01 9.849495947206e-01 9.850771038980e-01 9.852024706743e-01 9.853257485944e-01 9.854469894337e-01 9.855662432703e-01
1.957759180758e-01 4.448374208762e-01 5.819777299680e-01 6.649913621550e-01 7.205097325912e-01 7.602441054564e-01 7.900870661342e-01 8.133231903345e-01 8.319278003011e-01 8.471601488106e-01 8.598609247032e-01 8.706128171694e-01 8.798324351984e-01 8.878255426350e-01 8.948216240001e-01 9.009962749228e-01 9.064861431334e-01 9.113991596545e-01 9.158217058299e-01 9.198237359310e-01 9.234625048384e-01 9.267853247165e-01 9.298316334906e-01 9.326345675623e-01 9.352221720634e-01 9.376183425012e-01 9.398435648666e-01 9.419155027959e-01 9.438494674319e-01 9.456587964442e-01 9.473551620579e-01 9.489488231346e-01 9.504488328134e-01 9.518632105899e-01 9.531990857429e-01 9.544628175237e-01 9.556600963856e-01 9.567960296523e-01 9.578752143477e-01 9.589017993760e-01 9.598795388263e-01 9.608118378453e-01 9.617017922592e-01 9.625522229166e-01 9.633657055557e-01 9.641445968610e-01 9.648910572651e-01 9.656070709607e-01 9.662944635127e-01 9.669549173993e-01 9.675899857620e-01 9.682011045987e-01 9.687896036039e-01 9.693567158267e-01 9.699035862944e-01 9.704312797294e-01 9.709407874677e-01 9.714330336748e-01 9.719088809400e-01 9.723691353206e-01 9.728145508987e-01 9.732458339041e-01 9.736636464503e-01 9.740686099269e-01 9.744613080825e-01 9.748422898330e-01 9.752120718210e-01 9.755711407536e-01 9.759199555395e-01 9.762589492458e-01 9.765885308916e-01 9.769090870943e-01 9.772209835827e-01 9.775245665890e-01 9.778201641305e-01 9.781080871924e-01 9.783886308187e-01 9.786620751210e-01 9.789286862112e-01 9.791887170653e-01 9.794424083242e-01 9.796899890364e-01 9.799316773476e-01 9.801676811420e-01 9.803981986386e-01 9.806234189463e-01 9.808435225817e-01 9.810586819511e-01 9.812690618015e-01 9.814748196405e-01 9.816761061306e-01 9.818730654562e-01 9.820658356686e-01 9.822545490083e-01 9.824393322078e-01 9.826203067754e-01 9.827975892616e-01 9.829712915094e-01 9.831415208894e-01 9.833083805216e-01 9.834719694833e-01 9.836323830053e-01 9.837897126571e-01 9.839440465208e-01 9.840954693557e-01 9.842440627537e-01 9.843899052854e-01 9.845330726394e-01 9.846736377525e-01 9.848116709341e-01 9.849472399833e-01 9.850804102998e-01 9.852112449895e-01 9.853398049638e-01 9.854661490344e-01 9.855903340028e-01 9.857124147457e-01 9.858324442958e-01 9.859504739183e-01 9.860665531843e-01 9.861807300402e-01
2.265080641050e-01 4.704453037026e-01 6.014178474907e-01 6.805804178911e-01 7.335162805292e-01 7.714016836479e-01 7.998558608045e-01 8.220106429333e-01 8.397494443998e-01 8.542729194239e-01 8.663826342874e-01 8.766341615902e-01 8.854247224972e-01 8.930458514223e-01 8.997163532809e-01 9.056036519401e-01 9.108380359001e-01 9.155224133540e-01 9.197391456818e-01 9.235549316644e-01 9.270243616887e-01 9.301925461333e-01 9.330970875847e-01 9.357695803623e-01 9.382367644499e-01 9.405214233197e-01 9.426430895979e-01 9.446186049007e-01 9.464625678301e-01 9.481876953550e-01 9.498051165053e-01 9.513246127219e-01 9.527548158341e-01 9.541033721311e-01 9.553770791133e-01 9.565820000892e-01 9.577235606929e-01 9.588066305666e-01 9.598355928006e-01 9.608144032197e-01 9.617466412076e-01 9.626355534442e-01 9.634840916840e-01 9.642949455005e-01 9.650705707640e-01 9.658132144847e-01 9.665249365543e-01 9.672076288265e-01 9.678630319089e-01 9.684927499817e-01 9.690982639071e-01 9.696809428555e-01 9.702420546408e-01 9.707827749291e-01 9.713041954613e-01 9.718073314101e-01 9.722931279775e-01 9.727624663207e-01 9.732161688862e-01 9.736550042196e-01 9.740796913101e-01 9.744909035211e-01 9.748892721532e-01 9.752753896781e-01 9.756498126784e-01 9.760130645246e-01 9.763656378164e-01 9.767079966106e-01 9.770405784596e-01 9.773637962765e-01 9.776780400459e-01 9.779836783929e-01 9.782810600263e-01 9.785705150655e-01 9.788523562628e-01 9.791268801309e-01 9.793943679833e-01 9.796550868958e-01 9.799092905961e-01 9.801572202876e-01 9.803991054122e-01 9.806351643590e-01 9.808656051220e-01 9.810906259109e-01 9.813104157200e-01 9.815251548578e-01 9.817350154399e-01 9.819401618494e-01 9.821407511662e-01 9.823369335682e-01 9.825288527063e-01 9.827166460548e-01 9.829004452406e-01 9.830803763501e-01 9.832565602180e-01 9.834291126978e-01 9.835981449161e-01 9.837637635110e-01 9.839260708565e-01 9.840851652734e-01 9.842411412284e-01 9.843940895205e-01 9.845440974576e-01 9.846912490229e-01 9.848356250312e-01 9.849773032771e-01 9.851163586751e-01 9.852528633911e-01 9.853868869678e-01 9.855184964425e-01 9.856477564591e-01 9.857747293740e-01 9.858994753560e-01 9.860220524819e-01 9.861425168266e-01 9.862609225481e-01 9.863773219694e-01 9.864917656550e-01 9.866043024845e-01 9.867149797220e-01 9.868238430826e-01
2.610244010876e-01 4.974649577322e-01 6.218628004779e-01 6.969710759606e-01 7.471912126777e-01 7.831325692022e-01 8.101265916467e-01 8.311444679353e-01 8.479729738232e-01 8.617511523776e-01 8.732394367383e-01 8.829648895167e-01 8.913043478484e-01 8.985343855799e-01 9.048625792864e-01 9.104477611967e-01 9.154135338360e-01 9.198575244888e-01 9.238578680208e-01 9.274778404515e-01 9.307692307694e-01 9.337748344372e-01 9.365303244006e-01 9.390656736629e-01 9.414062500000e-01 9.435736677116e-01 9.455864570738e-01 9.474605954466e-01 9.492099322799e-01 9.508465319498e-01 9.523809523810e-01 9.538224730631e-01 9.551792828685e-01 9.564586357039e-01 9.576669802446e-01 9.588100686499e-01 9.598930481283e-01 9.609205384281e-01 9.618966977138e-01 9.628252788104e-01 9.637096774194e-01 9.645529736117e-01 9.653579676674e-01 9.661272111404e-01 9.668630338733e-01 9.675675675676e-01 9.682427664079e-01 9.688904251642e-01 9.695121951219e-01 9.701095981402e-01 9.706840390879e-01 9.712368168744e-01 9.717691342534e-01 9.722821065599e-01 9.727767695100e-01 9.732540861813e-01 9.737149532710e-01 9.741602067183e-01 9.745906267645e-01 9.750069425160e-01 9.754098360656e-01 9.757999462221e-01 9.761778718899e-01 9.765441751368e-01 9.768993839836e-01 9.772439949431e-01 9.775784753363e-01 9.779032654063e-01 9.782187802517e-01 9.785254115963e-01 9.788235294118e-01 9.791134834068e-01 9.793956043956e-01 9.796702055568e-01 9.799375835934e-01 9.801980198020e-01 9.804517810600e-01 9.806991207377e-01 9.809402795426e-01 9.811754862999e-01 9.814049586777e-01 9.816289038579e-01 9.818475191609e-01 9.820609926251e-01 9.822695035461e-01 9.824732229796e-01 9.826723142087e-01 9.828669331810e-01 9.830572289157e-01 9.832433438838e-01 9.834254143646e-01 9.836035707779e-01 9.837779379957e-01 9.839486356340e-01 9.841157783269e-01 9.842794759825e-01 9.844398340249e-01 9.845969536197e-01 9.847509318875e-01 9.849018621037e-01 9.850498338870e-01 9.851949333772e-01 9.853372434018e-01 9.854768436340e-01 9.856138107417e-01 9.857482185273e-01 9.858801380609e-01 9.860096378051e-01 9.861367837338e-01 9.862616394444e-01 9.863842662632e-01 9.865047233468e-01 9.866230677765e-01 9.867393546486e-01 9.868536371604e-01 9.869659666908e-01 9.870763928777e-01 9.871849636907e-01 9.872917255013e-01 9.873967231480e-01 9.875000000000e-01
2.995115516003e-01 5.261048296124e-01 6.434831848725e-01 7.143010298461e-01 7.616495070321e-01 7.955354093437e-01 8.209856299832e-01 8.408014765547e-01 8.566675448034e-01 8.696577363472e-01 8.804889947916e-01 8.896582396330e-01 8.975207563615e-01 9.043373013106e-01 9.103035795563e-01 9.155693395612e-01 9.202511149045e-01 9.244409494729e-01 9.282125095244e-01 9.316254522625e-01 9.347286048136e-01 9.375623151271e-01 9.401602159786e-01 9.425505661866e-01 9.447572827198e-01 9.468007437352e-01 9.486984197446e-01 9.504653743477e-01 9.521146649309e-01 9.536576658971e-01 9.551043313532e-01 9.564634100860e-01 9.577426226383e-01 9.589488080588e-01 9.600880462171e-01 9.611657603010e-01 9.621868031451e-01 9.631555302899e-01 9.640758620904e-01 9.649513367442e-01 9.657851557490e-01 9.665802230239e-01 9.673391786981e-01 9.680644283996e-01 9.687581687252e-01 9.694224094622e-01 9.700589930337e-01 9.706696115650e-01 9.712558219030e-01 9.718190588700e-01 9.723606469895e-01 9.728818108845e-01 9.733836845225e-01 9.738673194511e-01 9.743336921529e-01 9.747837106263e-01 9.752182202855e-01 9.756380092614e-01 9.760438131727e-01 9.764363194273e-01 9.768161711086e-01 9.771839704914e-01 9.775402822281e-01 9.778856362412e-01 9.782205303536e-01 9.785454326821e-01 9.788607838210e-01 9.791669988357e-01 9.794644690846e-01 9.797535638887e-01 9.800346320606e-01 9.803080033088e-01 9.805739895278e-01 9.808328859855e-01 9.810849724159e-01 9.813305140281e-01 9.815697624365e-01 9.818029565210e-01 9.820303232227e-01 9.822520782802e-01 9.824684269127e-01 9.826795644535e-01 9.828856769378e-01 9.830869416499e-01 9.832835276315e-01 9.834755961553e-01 9.836633011663e-01 9.838467896931e-01 9.840262022322e-01 9.842016731070e-01 9.843733308025e-01 9.845412982798e-01 9.847056932692e-01 9.848666285460e-01 9.850242121881e-01 9.851785478179e-01 9.853297348302e-01 9.854778686048e-01 9.856230407078e-01 9.857653390803e-01 9.859048482156e-01 9.860416493268e-01 9.861758205047e-01 9.863074368658e-01 9.864365706933e-01 9.865632915689e-01 9.866876664979e-01 9.868097600276e-01 9.869296343588e-01 9.870473494516e-01 9.871629631252e-01 9.872765311527e-01 9.873881073510e-01 9.874977436655e-01 9.876054902509e-01 9.877113955478e-01 9.878155063552e-01 9.879178678994e-01 9.880185238997e-01 9.881175166304e-01 9.882148869802e-01
3.421899997368e-01 5.566505316835e-01 6.665057185281e-01 7.327527567448e-01 7.770434814287e-01 8.087408792107e-01 8.325473877923e-01 8.510834165673e-01 8.659247648599e-01 8.780759765264e-01 8.882076911121e-01 8.967847343015e-01 9.041394452570e-01 9.105157392000e-01 9.160966814686e-01 9.210223489241e-01 9.254017487485e-01 9.293209801142e-01 9.328489514959e-01 9.360414670976e-01 9.389442005139e-01 9.415948937955e-01 9.440250075233e-01 9.462609754015e-01 9.483251697058e-01 9.502366524565e-01 9.520117658211e-01 9.536646005068e-01 9.552073705802e-01 9.566507158209e-01 9.580039474434e-01 9.592752491883e-01 9.604718429622e-01 9.616001261094e-01 9.626657858269e-01 9.636738950426e-01 9.646289931676e-01 9.655351544369e-01 9.663960460068e-01 9.672149775581e-01 9.679949438178e-01 9.687386611532e-01 9.694485991794e-01 9.701270081551e-01 9.707759428086e-01 9.713972831236e-01 9.719927525293e-01 9.725639338638e-01 9.731122834241e-01 9.736391433637e-01 9.741457526606e-01 9.746332568450e-01 9.751027166462e-01 9.755551156970e-01 9.759913674132e-01 9.764123211495e-01 9.768187677185e-01 9.772114443491e-01 9.775910391497e-01 9.779581951314e-01 9.783135138437e-01 9.786575586631e-01 9.789908577734e-01 9.793139068720e-01 9.796271716294e-01 9.799310899287e-01 9.802260739083e-01 9.805125118262e-01 9.807907697648e-01 9.810611931921e-01 9.813241083925e-01 9.815798237800e-01 9.818286311053e-01 9.820708065661e-01 9.823066118297e-01 9.825362949765e-01 9.827600913701e-01 9.829782244624e-01 9.831909065371e-01 9.833983393993e-01 9.836007150141e-01 9.837982160988e-01 9.839910166737e-01 9.841792825729e-01 9.843631719204e-01 9.845428355731e-01 9.847184175333e-01 9.848900553337e-01 9.850578803969e-01 9.852220183705e-01 9.853825894416e-01 9.855397086296e-01 9.856934860613e-01 9.858440272281e-01 9.859914332277e-01 9.861358009901e-01 9.862772234903e-01 9.864157899483e-01 9.865515860163e-01 9.866846939554e-01 9.868151928020e-01 9.869431585241e-01 9.870686641688e-01 9.871917800013e-01 9.873125736362e-01 9.874311101612e-01 9.875474522542e-01 9.876616602935e-01 9.877737924627e-01 9.878839048493e-01 9.879920515383e-01 9.880982847006e-01 9.882026546772e-01 9.883052100587e-01 9.884059977605e-01 9.885050630946e-01 9.886024498375e-01 9.886982002945e-01 9.887923553612e-01 9.888849545817e-01 9.889760362039e-01
3.893958944095e-01 5.895038983694e-01 6.912424692676e-01 7.525769537599e-01 7.935823480506e-01 8.229284567446e-01 8.449690046719e-01 8.621300335342e-01 8.758704523182e-01 8.871202883846e-01 8.965004334166e-01 9.044412324067e-01 9.112503716407e-01 9.171536727368e-01 9.223206212654e-01 9.268809032008e-01 9.309354395833e-01 9.345639427574e-01 9.378302095741e-01 9.407859046870e-01 9.434733136281e-01 9.459273787465e-01 9.481772268805e-01 9.502473308846e-01 9.521584034613e-01 9.539280926122e-01 9.555715282446e-01 9.571017558182e-01 9.585300833615e-01 9.598663613962e-01 9.611192104320e-01 9.622962071403e-01 9.634040377074e-01 9.644486249233e-01 9.654352341094e-01 9.663685618840e-01 9.672528109254e-01 9.680917532421e-01 9.688887839613e-01 9.696469672518e-01 9.703690756921e-01 9.710576241499e-01 9.717148990441e-01 9.723429837096e-01 9.729437804553e-01 9.735190298077e-01 9.740703273523e-01 9.745991385124e-01 9.751068115571e-01 9.755945890789e-01 9.760636181487e-01 9.765149593213e-01 9.769495946413e-01 9.773684347756e-01 9.777723253831e-01 9.781620528132e-01 9.785383492163e-01 9.789018971336e-01 9.792533336297e-01 9.795932540174e-01 9.799222152231e-01 9.802407388321e-01 9.805493138477e-01 9.808483991964e-01 9.811384260053e-01 9.814197996755e-01 9.816929017729e-01 9.819580917546e-01 9.822157085471e-01 9.824660719915e-01 9.827094841686e-01 9.829462306142e-01 9.831765814369e-01 9.834007923462e-01 9.836191055989e-01 9.838317508727e-01 9.840389460722e-01 9.842408980734e-01 9.844378034131e-01 9.846298489263e-01 9.848172123381e-01 9.850000628121e-01 9.851785614596e-01 9.853528618131e-01 9.855231102672e-01 9.856894464881e-01 9.858520037960e-01 9.860109095215e-01 9.861662853382e-01 9.863182475734e-01 9.864669074984e-01 9.866123716007e-01 9.867547418379e-01 9.868941158760e-01 9.870305873132e-01 9.871642458894e-01 9.872951776827e-01 9.874234652946e-01 9.875491880238e-01 9.876724220293e-01 9.877932404845e-01 9.879117137221e-01 9.880279093706e-01 9.881418924829e-01 9.882537256580e-01 9.883634691554e-01 9.884711810035e-01 9.885769171019e-01 9.886807313180e-01 9.887826755788e-01 9.888827999571e-01 9.889811527540e-01 9.890777805762e-01 9.891727284097e-01 9.892660396898e-01 9.893577563673e-01 9.894479189714e-01 9.895365666690e-01 9.896237373223e-01 9.897094675419e-01 9.897937927384e-01
4.417189095354e-01 6.252528076374e-01 7.181433324329e-01 7.741346081450e-01 8.115673138975e-01 8.383565333973e-01 8.584767106764e-01 8.741425154474e-01 8.866857444185e-01 8.969553927544e-01 9.055182544767e-01 9.127671790332e-01 9.189830442944e-01 9.243719962518e-01 9.290887533565e-01 9.332517021643e-01 9.369529705593e-01 9.402653256234e-01 9.432470056472e-01 9.459451737913e-01 9.483984312885e-01 9.506386759934e-01 9.526924969499e-01 9.545822347156e-01 9.563267973145e-01 9.579422950940e-01 9.594425397068e-01 9.608394399737e-01 9.621433186654e-01 9.633631680366e-01 9.645068575000e-01 9.655813035788e-01 9.665926098979e-01 9.675461832003e-01 9.684468300447e-01 9.692988378375e-01 9.701060430816e-01 9.708718891337e-01 9.715994753069e-01 9.722915987918e-01 9.729507905948e-01 9.735793464651e-01 9.741793536085e-01 9.747527138408e-01 9.753011637242e-01 9.758262921351e-01 9.763295556369e-01 9.768122919720e-01 9.772757319360e-01 9.777210098555e-01 9.781491728583e-01 9.785611890940e-01 9.789579550424e-01 9.793403020250e-01 9.797090020191e-01 9.800647728603e-01 9.804082829074e-01 9.807401552326e-01 9.810609713933e-01 9.813712748334e-01 9.816715739549e-01 9.819623448978e-01 9.822440340590e-01 9.825170603792e-01 9.827818174217e-01 9.830386752655e-01 9.832879822309e-01 9.835300664559e-01 9.837652373366e-01 9.839937868468e-01 9.842159907471e-01 9.844321096948e-01 9.846423902644e-01 9.848470658855e-01 9.850463577073e-01 9.852404753960e-01 9.854296178703e-01 9.856139739813e-01 9.857937231417e-01 9.859690359078e-01 9.861400745196e-01 9.863069934017e-01 9.864699396279e-01 9.866290533536e-01 9.867844682181e-01 9.869363117186e-01 9.870847055593e-01 9.872297659766e-01 9.873716040427e-01 9.875103259495e-01 9.876460332735e-01 9.877788232237e-01 9.879087888744e-01 9.880360193820e-01 9.881606001897e-01 9.882826132183e-01 9.884021370462e-01 9.885192470777e-01 9.886340157023e-01 9.887465124434e-01 9.888568040988e-01 9.889649548733e-01 9.890710265029e-01 9.891750783726e-01 9.892771676271e-01 9.893773492755e-01 9.894756762904e-01 9.895721997008e-01 9.896669686807e-01 9.897600306327e-01 9.898514312670e-01 9.899412146761e-01 9.900294234059e-01 9.901160985229e-01 9.902012796779e-01 9.902850051665e-01 9.903673119866e-01 9.904482358928e-01 9.905278114480e-01 9.906060720732e-01 9.906830500938e-01
