121 121
-0.25000000 -0.24000000 -0.23000000 -0.22000000 -0.21000000 -0.20000000 -0.19000000 -0.18000000 -0.17000000 -0.16000000 -0.15000000 -0.14000000 -0.13000000 -0.12000000 -0.11000000 -0.10000000 -0.09000000 -0.08000000 -0.07000000 -0.06000000 -0.05000000 -0.04000000 -0.03000000 -0.02000000 -0.01000000 0.00000000 0.01000000 0.02000000 0.03000000 0.04000000 0.05000000 0.06000000 0.07000000 0.08000000 0.09000000 0.10000000 0.11000000 0.12000000 0.13000000 0.14000000 0.15000000 0.16000000 0.17000000 0.18000000 0.19000000 0.20000000 0.21000000 0.22000000 0.23000000 0.24000000 0.25000000 0.26000000 0.27000000 0.28000000 0.29000000 0.30000000 0.31000000 0.32000000 0.33000000 0.34000000 0.35000000 0.36000000 0.37000000 0.38000000 0.39000000 0.40000000 0.41000000 0.42000000 0.43000000 0.44000000 0.45000000 0.46000000 0.47000000 0.48000000 0.49000000 0.50000000 0.51000000 0.52000000 0.53000000 0.54000000 0.55000000 0.56000000 0.57000000 0.58000000 0.59000000 0.60000000 0.61000000 0.62000000 0.63000000 0.64000000 0.65000000 0.66000000 0.67000000 0.68000000 0.69000000 0.70000000 0.71000000 0.72000000 0.73000000 0.74000000 0.75000000 0.76000000 0.77000000 0.78000000 0.79000000 0.80000000 0.81000000 0.82000000 0.83000000 0.84000000 0.85000000 0.86000000 0.87000000 0.88000000 0.89000000 0.90000000 0.91000000 0.92000000 0.93000000 0.94000000 0.95000000
0.00500000 0.00745833 0.00991667 0.01237500 0.01483333 0.01729167 0.01975000 0.02220833 0.02466667 0.02712500 0.02958333 0.03204167 0.03450000 0.03695833 0.03941667 0.04187500 0.04433333 0.04679167 0.04925000 0.05170833 0.05416667 0.05662500 0.05908333 0.06154167 0.06400000 0.06645833 0.06891667 0.07137500 0.07383333 0.07629167 0.07875000 0.08120833 0.08366667 0.08612500 0.08858333 0.09104167 0.09350000 0.09595833 0.09841667 0.10087500 0.10333333 0.10579167 0.10825000 0.11070833 0.11316667 0.11562500 0.11808333 0.12054167 0.12300000 0.12545833 0.12791667 0.13037500 0.13283333 0.13529167 0.13775000 0.14020833 0.14266667 0.14512500 0.14758333 0.15004167 0.15250000 0.15495833 0.15741667 0.15987500 0.16233333 0.16479167 0.16725000 0.16970833 0.17216667 0.17462500 0.17708333 0.17954167 0.18200000 0.18445833 0.18691667 0.18937500 0.19183333 0.19429167 0.19675000 0.19920833 0.20166667 0.20412500 0.20658333 0.20904167 0.21150000 0.21395833 0.21641667 0.21887500 0.22133333 0.22379167 0.22625000 0.22870833 0.23116667 0.23362500 0.23608333 0.23854167 0.24100000 0.24345833 0.24591667 0.24837500 0.25083333 0.25329167 0.25575000 0.25820833 0.26066667 0.26312500 0.26558333 0.26804167 0.27050000 0.27295833 0.27541667 0.27787500 0.28033333 0.28279167 0.28525000 0.28770833 0.29016667 0.29262500 0.29508333 0.29754167 0.30000000
1.000000000000e-12 1.000000000000e-12 1.000000000000e-12 1.000000000000e-12 1.000000000000e-12 1.000000000000e-12 1.000000000000e-12 1.000000000000e-12 1.000000000000e-12 1.000000000000e-12 1.000000000000e-12 1.000000000000e-12 1.000000000000e-12 1.000000000000e-12 1.000000000000e-12 1.000000000000e-12 1.000000000000e-12 1.000000000000e-12 1.000000000000e-12 1.000000000000e-12 1.000000000000e-12 1.000000000000e-12 1.000000000000e-12 1.000000000000e-12 1.000000000000e-12 1.000000000000e-12 1.000000000000e-12 1.000000000000e-12 1.000000000000e-12 1.000000000000e-12 1.000000000000e-12 1.000000000000e-12 1.000000000000e-12 1.000000000000e-12 1.000000000000e-12 1.000000000000e-12 1.000000000000e-12 1.000000000000e-12 1.000000000000e-12 1.000000000000e-12 1.000000000000e-12 1.000000000000e-12 1.000000000000e-12 1.000000000000e-12 1.000000000000e-12 1.000000000000e-12 1.000000000000e-12 1.000000000000e-12 1.000000000000e-12 1.000000000000e-12 1.000000000000e-12 1.000000000000e-12 1.000000000000e-12 1.000000000000e-12 1.000000000000e-12 1.000000000000e-12 1.000000000000e-12 1.000000000000e-12 1.000000000000e-12 1.000000000000e-12 1.000000000000e-12 1.000000000000e-12 1.000000000000e-12 1.000000000000e-12 1.000000000000e-12 1.000000000000e-12 1.000000000000e-12 1.000000000000e-12 1.000000000000e-12 1.000000000000e-12 1.000000000000e-12 1.000000000000e-12 1.000000000000e-12 1.000000000000e-12 1.000000000000e-12 1.000000000000e-12 1.000000000000e-12 1.000000000000e-12 1.000000000000e-12 1.000000000000e-12 1.000000000000e-12 1.000000000000e-12 1.000000000000e-12 1.000000000000e-12 1.000000000000e-12 1.000000000000e-12 1.000000000000e-12 1.000000000000e-12 1.000000000000e-12 1.000000000000e-12 1.000000000000e-12 1.000000000000e-12 1.000000000000e-12 1.000000000000e-12 1.000000000000e-12 1.000000000000e-12 1.000000000000e-12 1.000000000000e-12 1.000000000000e-12 1.000000000000e-12 1.000000000000e-12 1.160877056939e-12 1.235048149803e-11 1.269620545183e-10 1.258349533076e-09 1.198454830671e-08 1.091153315198e-07 9.417118583491e-07 7.590688092908e-06 5.555251437152e-05 3.486364979306e-04 1.687331528415e-03 5.554902717574e-03 1.222491324303e-02 2.023902487860e-02 2.851791134302e-02 3.673373626766e-02 4.482394647595e-02 5.278119420813e-02 6.060721410686e-02 6.830501030520e-02
1.000000000000e-12 1.000000000000e-12 1.000000000000e-12 1.000000000000e-12 1.000000000000e-12 1.000000000000e-12 1.000000000000e-12 1.000000000000e-12 1.000000000000e-12 1.000000000000e-12 1.000000000000e-12 1.000000000000e-12 1.000000000000e-12 1.000000000000e-12 1.000000000000e-12 1.000000000000e-12 1.000000000000e-12 1.000000000000e-12 1.000000000000e-12 1.000000000000e-12 1.000000000000e-12 1.000000000000e-12 1.000000000000e-12 1.000000000000e-12 1.000000000000e-12 1.000000000000e-12 1.000000000000e-12 1.000000000000e-12 1.000000000000e-12 1.000000000000e-12 1.000000000000e-12 1.000000000000e-12 1.000000000000e-12 1.000000000000e-12 1.000000000000e-12 1.000000000000e-12 1.000000000000e-12 1.000000000000e-12 1.000000000000e-12 1.000000000000e-12 1.000000000000e-12 1.000000000000e-12 1.000000000000e-12 1.000000000000e-12 1.000000000000e-12 1.000000000000e-12 1.000000000000e-12 1.000000000000e-12 1.000000000000e-12 1.000000000000e-12 1.000000000000e-12 1.000000000000e-12 1.000000000000e-12 1.000000000000e-12 1.000000000000e-12 1.000000000000e-12 1.000000000000e-12 1.000000000000e-12 1.000000000000e-12 1.000000000000e-12 1.000000000000e-12 1.000000000000e-12 1.000000000000e-12 1.000000000000e-12 1.000000000000e-12 1.000000000000e-12 1.000000000000e-12 1.000000000000e-12 1.000000000000e-12 1.000000000000e-12 1.000000000000e-12 1.000000000000e-12 1.000000000000e-12 1.000000000000e-12 1.000000000000e-12 1.000000000000e-12 1.000000000000e-12 1.000000000000e-12 1.000000000000e-12 1.000000000000e-12 1.000000000000e-12 1.000000000000e-12 1.000000000000e-12 1.000000000000e-12 1.000000000000e-12 1.000000000000e-12 1.000000000000e-12 1.000000000000e-12 1.000000000000e-12 1.000000000000e-12 1.000000000000e-12 1.000000000000e-12 1.000000000000e-12 1.000000000000e-12 1.000000000000e-12 1.000000000000e-12 1.000000000000e-12 1.000000000000e-12 1.000000000000e-12 1.000000000000e-12 1.000000000000e-12 3.106891270265e-12 3.290130527278e-11 3.362913104848e-10 3.308917335653e-09 3.121528359600e-08 2.805231620590e-07 2.375709863767e-06 1.859051725024e-05 1.292877474804e-04 7.389971749453e-04 3.058822577340e-03 8.341870453075e-03 1.585670271932e-02 2.410263229880e-02 3.240138680528e-02 4.059301400688e-02 4.865210572545e-02 5.657764738080e-02 6.437232642557e-02 7.203927321253e-02
1.000000000000e-12 1.000000000000e-12 1.000000000000e-12 1.000000000000e-12 1.000000000000e-12 1.000000000000e-12 1.000000000000e-12 1.000000000000e-12 1.000000000000e-12 1.000000000000e-12 1.000000000000e-12 1.000000000000e-12 1.000000000000e-12 1.000000000000e-12 1.000000000000e-12 1.000000000000e-12 1.000000000000e-12 1.000000000000e-12 1.000000000000e-12 1.000000000000e-12 1.000000000000e-12 1.000000000000e-12 1.000000000000e-12 1.000000000000e-12 1.000000000000e-12 1.000000000000e-12 1.000000000000e-12 1.000000000000e-12 1.000000000000e-12 1.000000000000e-12 1.000000000000e-12 1.000000000000e-12 1.000000000000e-12 1.000000000000e-12 1.000000000000e-12 1.000000000000e-12 1.000000000000e-12 1.000000000000e-12 1.000000000000e-12 1.000000000000e-12 1.000000000000e-12 1.000000000000e-12 1.000000000000e-12 1.000000000000e-12 1.000000000000e-12 1.000000000000e-12 1.000000000000e-12 1.000000000000e-12 1.000000000000e-12 1.000000000000e-12 1.000000000000e-12 1.000000000000e-12 1.000000000000e-12 1.000000000000e-12 1.000000000000e-12 1.000000000000e-12 1.000000000000e-12 1.000000000000e-12 1.000000000000e-12 1.000000000000e-12 1.000000000000e-12 1.000000000000e-12 1.000000000000e-12 1.000000000000e-12 1.000000000000e-12 1.000000000000e-12 1.000000000000e-12 1.000000000000e-12 1.000000000000e-12 1.000000000000e-12 1.000000000000e-12 1.000000000000e-12 1.000000000000e-12 1.000000000000e-12 1.000000000000e-12 1.000000000000e-12 1.000000000000e-12 1.000000000000e-12 1.000000000000e-12 1.000000000000e-12 1.000000000000e-12 1.000000000000e-12 1.000000000000e-12 1.000000000000e-12 1.000000000000e-12 1.000000000000e-12 1.000000000000e-12 1.000000000000e-12 1.000000000000e-12 1.000000000000e-12 1.000000000000e-12 1.000000000000e-12 1.000000000000e-12 1.000000000000e-12 1.000000000000e-12 1.000000000000e-12 1.000000000000e-12 1.000000000000e-12 1.000000000000e-12 1.000000000000e-12 1.000000000000e-12 8.366293759200e-12 8.814580165492e-11 8.952187377261e-10 8.736321329761e-09 8.151615543288e-08 7.213812920540e-07 5.970091644783e-06 4.498874067087e-05 2.924386116531e-04 1.479048199101e-03 5.105333131727e-03 1.164588634790e-02 1.967444534868e-02 2.801805929898e-02 3.630666141043e-02 4.446881251824e-02 5.249586628300e-02 6.038945876080e-02 6.815265411914e-02 7.578862459682e-02
1.000000000000e-12 1.000000000000e-12 1.000000000000e-12 1.000000000000e-12 1.000000000000e-12 1.000000000000e-12 1.000000000000e-12 1.000000000000e-12 1.000000000000e-12 1.000000000000e-12 1.000000000000e-12 1.000000000000e-12 1.000000000000e-12 1.000000000000e-12 1.000000000000e-12 1.000000000000e-12 1.000000000000e-12 1.000000000000e-12 1.000000000000e-12 1.000000000000e-12 1.000000000000e-12 1.000000000000e-12 1.000000000000e-12 1.000000000000e-12 1.000000000000e-12 1.000000000000e-12 1.000000000000e-12 1.000000000000e-12 1.000000000000e-12 1.000000000000e-12 1.000000000000e-12 1.000000000000e-12 1.000000000000e-12 1.000000000000e-12 1.000000000000e-12 1.000000000000e-12 1.000000000000e-12 1.000000000000e-12 1.000000000000e-12 1.000000000000e-12 1.000000000000e-12 1.000000000000e-12 1.000000000000e-12 1.000000000000e-12 1.000000000000e-12 1.000000000000e-12 1.000000000000e-12 1.000000000000e-12 1.000000000000e-12 1.000000000000e-12 1.000000000000e-12 1.000000000000e-12 1.000000000000e-12 1.000000000000e-12 1.000000000000e-12 1.000000000000e-12 1.000000000000e-12 1.000000000000e-12 1.000000000000e-12 1.000000000000e-12 1.000000000000e-12 1.000000000000e-12 1.000000000000e-12 1.000000000000e-12 1.000000000000e-12 1.000000000000e-12 1.000000000000e-12 1.000000000000e-12 1.000000000000e-12 1.000000000000e-12 1.000000000000e-12 1.000000000000e-12 1.000000000000e-12 1.000000000000e-12 1.000000000000e-12 1.000000000000e-12 1.000000000000e-12 1.000000000000e-12 1.000000000000e-12 1.000000000000e-12 1.000000000000e-12 1.000000000000e-12 1.000000000000e-12 1.000000000000e-12 1.000000000000e-12 1.000000000000e-12 1.000000000000e-12 1.000000000000e-12 1.000000000000e-12 1.000000000000e-12 1.000000000000e-12 1.000000000000e-12 1.000000000000e-12 1.000000000000e-12 1.000000000000e-12 1.000000000000e-12 1.000000000000e-12 1.000000000000e-12 1.000000000000e-12 1.000000000000e-12 2.087711527784e-12 2.266576222909e-11 2.374533031447e-10 2.394364598554e-09 2.314823372854e-08 2.132479919225e-07 1.852717057538e-06 1.489971059069e-05 1.069043447533e-04 6.350227762345e-04 2.752501762976e-03 7.832567972023e-03 1.530082586584e-02 2.359554112896e-02 3.196566988363e-02 4.023040563929e-02 4.836077367928e-02 5.635533681228e-02 6.421680438913e-02 7.194838149469e-02 7.955324861607e-02
1.000000000000e-12 1.000000000000e-12 1.000000000000e-12 1.000000000000e-12 1.000000000000e-12 1.000000000000e-12 1.000000000000e-12 1.000000000000e-12 1.000000000000e-12 1.000000000000e-12 1.000000000000e-12 1.000000000000e-12 1.000000000000e-12 1.000000000000e-12 1.000000000000e-12 1.000000000000e-12 1.000000000000e-12 1.000000000000e-12 1.000000000000e-12 1.000000000000e-12 1.000000000000e-12 1.000000000000e-12 1.000000000000e-12 1.000000000000e-12 1.000000000000e-12 1.000000000000e-12 1.000000000000e-12 1.000000000000e-12 1.000000000000e-12 1.000000000000e-12 1.000000000000e-12 1.000000000000e-12 1.000000000000e-12 1.000000000000e-12 1.000000000000e-12 1.000000000000e-12 1.000000000000e-12 1.000000000000e-12 1.000000000000e-12 1.000000000000e-12 1.000000000000e-12 1.000000000000e-12 1.000000000000e-12 1.000000000000e-12 1.000000000000e-12 1.000000000000e-12 1.000000000000e-12 1.000000000000e-12 1.000000000000e-12 1.000000000000e-12 1.000000000000e-12 1.000000000000e-12 1.000000000000e-12 1.000000000000e-12 1.000000000000e-12 1.000000000000e-12 1.000000000000e-12 1.000000000000e-12 1.000000000000e-12 1.000000000000e-12 1.000000000000e-12 1.000000000000e-12 1.000000000000e-12 1.000000000000e-12 1.000000000000e-12 1.000000000000e-12 1.000000000000e-12 1.000000000000e-12 1.000000000000e-12 1.000000000000e-12 1.000000000000e-12 1.000000000000e-12 1.000000000000e-12 1.000000000000e-12 1.000000000000e-12 1.000000000000e-12 1.000000000000e-12 1.000000000000e-12 1.000000000000e-12 1.000000000000e-12 1.000000000000e-12 1.000000000000e-12 1.000000000000e-12 1.000000000000e-12 1.000000000000e-12 1.000000000000e-12 1.000000000000e-12 1.000000000000e-12 1.000000000000e-12 1.000000000000e-12 1.000000000000e-12 1.000000000000e-12 1.000000000000e-12 1.000000000000e-12 1.000000000000e-12 1.000000000000e-12 1.000000000000e-12 1.000000000000e-12 1.000000000000e-12 1.000000000000e-12 5.718547931546e-12 6.177130662862e-11 6.430576735255e-10 6.431897407471e-09 6.151487458430e-08 5.582236477796e-07 4.742355470567e-06 3.677387118485e-05 2.472312196659e-04 1.303652815357e-03 4.708465693567e-03 1.112245521813e-02 1.916523551539e-02 2.757426270761e-02 3.593646034357e-02 4.417130992041e-02 5.226886721664e-02 6.023067812256e-02 6.805987108453e-02 7.575969765329e-02 8.333333335099e-02
1.000000000000e-12 1.000000000000e-12 1.000000000000e-12 1.000000000000e-12 1.000000000000e-12 1.000000000000e-12 1.000000000000e-12 1.000000000000e-12 1.000000000000e-12 1.000000000000e-12 1.000000000000e-12 1.000000000000e-12 1.000000000000e-12 1.000000000000e-12 1.000000000000e-12 1.000000000000e-12 1.000000000000e-12 1.000000000000e-12 1.000000000000e-12 1.000000000000e-12 1.000000000000e-12 1.000000000000e-12 1.000000000000e-12 1.000000000000e-12 1.000000000000e-12 1.000000000000e-12 1.000000000000e-12 1.000000000000e-12 1.000000000000e-12 1.000000000000e-12 1.000000000000e-12 1.000000000000e-12 1.000000000000e-12 1.000000000000e-12 1.000000000000e-12 1.000000000000e-12 1.000000000000e-12 1.000000000000e-12 1.000000000000e-12 1.000000000000e-12 1.000000000000e-12 1.000000000000e-12 1.000000000000e-12 1.000000000000e-12 1.000000000000e-12 1.000000000000e-12 1.000000000000e-12 1.000000000000e-12 1.000000000000e-12 1.000000000000e-12 1.000000000000e-12 1.000000000000e-12 1.000000000000e-12 1.000000000000e-12 1.000000000000e-12 1.000000000000e-12 1.000000000000e-12 1.000000000000e-12 1.000000000000e-12 1.000000000000e-12 1.000000000000e-12 1.000000000000e-12 1.000000000000e-12 1.000000000000e-12 1.000000000000e-12 1.000000000000e-12 1.000000000000e-12 1.000000000000e-12 1.000000000000e-12 1.000000000000e-12 1.000000000000e-12 1.000000000000e-12 1.000000000000e-12 1.000000000000e-12 1.000000000000e-12 1.000000000000e-12 1.000000000000e-12 1.000000000000e-12 1.000000000000e-12 1.000000000000e-12 1.000000000000e-12 1.000000000000e-12 1.000000000000e-12 1.000000000000e-12 1.000000000000e-12 1.000000000000e-12 1.000000000000e-12 1.000000000000e-12 1.000000000000e-12 1.000000000000e-12 1.000000000000e-12 1.000000000000e-12 1.000000000000e-12 1.000000000000e-12 1.000000000000e-12 1.000000000000e-12 1.000000000000e-12 1.000000000000e-12 1.000000000000e-12 1.415709494745e-12 1.576348041973e-11 1.693223607505e-10 1.750234416234e-09 1.734480264749e-08 1.638167836592e-07 1.460045753621e-06 1.206305580851e-05 8.921176462814e-05 5.496867608711e-04 2.489040785425e-03 7.378456958151e-03 1.480134836751e-02 2.314555268611e-02 3.158793745202e-02 3.992658166525e-02 4.812895008552e-02 5.619320151583e-02 6.412207450406e-02 7.191885237256e-02 7.958679600618e-02 8.712907083111e-02
1.000000000000e-12 1.000000000000e-12 1.000000000000e-12 1.000000000000e-12 1.000000000000e-12 1.000000000000e-12 1.000000000000e-12 1.000000000000e-12 1.000000000000e-12 1.000000000000e-12 1.000000000000e-12 1.000000000000e-12 1.000000000000e-12 1.000000000000e-12 1.000000000000e-12 1.000000000000e-12 1.000000000000e-12 1.000000000000e-12 1.000000000000e-12 1.000000000000e-12 1.000000000000e-12 1.000000000000e-12 1.000000000000e-12 1.000000000000e-12 1.000000000000e-12 1.000000000000e-12 1.000000000000e-12 1.000000000000e-12 1.000000000000e-12 1.000000000000e-12 1.000000000000e-12 1.000000000000e-12 1.000000000000e-12 1.000000000000e-12 1.000000000000e-12 1.000000000000e-12 1.000000000000e-12 1.000000000000e-12 1.000000000000e-12 1.000000000000e-12 1.000000000000e-12 1.000000000000e-12 1.000000000000e-12 1.000000000000e-12 1.000000000000e-12 1.000000000000e-12 1.000000000000e-12 1.000000000000e-12 1.000000000000e-12 1.000000000000e-12 1.000000000000e-12 1.000000000000e-12 1.000000000000e-12 1.000000000000e-12 1.000000000000e-12 1.000000000000e-12 1.000000000000e-12 1.000000000000e-12 1.000000000000e-12 1.000000000000e-12 1.000000000000e-12 1.000000000000e-12 1.000000000000e-12 1.000000000000e-12 1.000000000000e-12 1.000000000000e-12 1.000000000000e-12 1.000000000000e-12 1.000000000000e-12 1.000000000000e-12 1.000000000000e-12 1.000000000000e-12 1.000000000000e-12 1.000000000000e-12 1.000000000000e-12 1.000000000000e-12 1.000000000000e-12 1.000000000000e-12 1.000000000000e-12 1.000000000000e-12 1.000000000000e-12 1.000000000000e-12 1.000000000000e-12 1.000000000000e-12 1.000000000000e-12 1.000000000000e-12 1.000000000000e-12 1.000000000000e-12 1.000000000000e-12 1.000000000000e-12 1.000000000000e-12 1.000000000000e-12 1.000000000000e-12 1.000000000000e-12 1.000000000000e-12 1.000000000000e-12 1.000000000000e-12 1.000000000000e-12 1.000000000000e-12 3.946632917487e-12 4.372415047454e-11 4.667271663984e-10 4.785873011661e-09 4.692599618688e-08 4.366976908403e-07 3.807820436192e-06 3.036739360874e-05 2.108827916717e-04 1.156756772989e-03 4.361686708606e-03 1.065572920908e-02 1.871406592767e-02 2.718955058071e-02 3.562621952676e-02 4.393452717011e-02 5.210327815515e-02 6.013394378743e-02 6.802972208964e-02 7.579394692807e-02 8.342987415508e-02 9.094065711597e-02
1.000000000000e-12 1.000000000000e-12 1.000000000000e-12 1.000000000000e-12 1.000000000000e-12 1.000000000000e-12 1.000000000000e-12 1.000000000000e-12 1.000000000000e-12 1.000000000000e-12 1.000000000000e-12 1.000000000000e-12 1.000000000000e-12 1.000000000000e-12 1.000000000000e-12 1.000000000000e-12 1.000000000000e-12 1.000000000000e-12 1.000000000000e-12 1.000000000000e-12 1.000000000000e-12 1.000000000000e-12 1.000000000000e-12 1.000000000000e-12 1.000000000000e-12 1.000000000000e-12 1.000000000000e-12 1.000000000000e-12 1.000000000000e-12 1.000000000000e-12 1.000000000000e-12 1.000000000000e-12 1.000000000000e-12 1.000000000000e-12 1.000000000000e-12 1.000000000000e-12 1.000000000000e-12 1.000000000000e-12 1.000000000000e-12 1.000000000000e-12 1.000000000000e-12 1.000000000000e-12 1.000000000000e-12 1.000000000000e-12 1.000000000000e-12 1.000000000000e-12 1.000000000000e-12 1.000000000000e-12 1.000000000000e-12 1.000000000000e-12 1.000000000000e-12 1.000000000000e-12 1.000000000000e-12 1.000000000000e-12 1.000000000000e-12 1.000000000000e-12 1.000000000000e-12 1.000000000000e-12 1.000000000000e-12 1.000000000000e-12 1.000000000000e-12 1.000000000000e-12 1.000000000000e-12 1.000000000000e-12 1.000000000000e-12 1.000000000000e-12 1.000000000000e-12 1.000000000000e-12 1.000000000000e-12 1.000000000000e-12 1.000000000000e-12 1.000000000000e-12 1.000000000000e-12 1.000000000000e-12 1.000000000000e-12 1.000000000000e-12 1.000000000000e-12 1.000000000000e-12 1.000000000000e-12 1.000000000000e-12 1.000000000000e-12 1.000000000000e-12 1.000000000000e-12 1.000000000000e-12 1.000000000000e-12 1.000000000000e-12 1.000000000000e-12 1.000000000000e-12 1.000000000000e-12 1.000000000000e-12 1.000000000000e-12 1.000000000000e-12 1.000000000000e-12 1.000000000000e-12 1.000000000000e-12 1.000000000000e-12 1.000000000000e-12 1.000000000000e-12 1.000000000000e-12 1.107530053133e-11 1.220192108031e-10 1.293349155380e-09 1.314143632132e-08 1.272686903875e-07 1.163629883475e-06 9.874335500882e-06 7.520828415965e-05 4.798566252428e-04 2.264365430353e-03 6.978885728467e-03 1.436041977384e-02 2.275566394892e-02 3.127134754578e-02 3.968471860057e-02 4.795980612055e-02 5.609440305890e-02 6.409128727373e-02 7.195382426311e-02 7.968535803592e-02 8.728913392011e-02 9.476829240079e-02
1.000000000000e-12 1.000000000000e-12 1.000000000000e-12 1.000000000000e-12 1.000000000000e-12 1.000000000000e-12 1.000000000000e-12 1.000000000000e-12 1.000000000000e-12 1.000000000000e-12 1.000000000000e-12 1.000000000000e-12 1.000000000000e-12 1.000000000000e-12 1.000000000000e-12 1.000000000000e-12 1.000000000000e-12 1.000000000000e-12 1.000000000000e-12 1.000000000000e-12 1.000000000000e-12 1.000000000000e-12 1.000000000000e-12 1.000000000000e-12 1.000000000000e-12 1.000000000000e-12 1.000000000000e-12 1.000000000000e-12 1.000000000000e-12 1.000000000000e-12 1.000000000000e-12 1.000000000000e-12 1.000000000000e-12 1.000000000000e-12 1.000000000000e-12 1.000000000000e-12 1.000000000000e-12 1.000000000000e-12 1.000000000000e-12 1.000000000000e-12 1.000000000000e-12 1.000000000000e-12 1.000000000000e-12 1.000000000000e-12 1.000000000000e-12 1.000000000000e-12 1.000000000000e-12 1.000000000000e-12 1.000000000000e-12 1.000000000000e-12 1.000000000000e-12 1.000000000000e-12 1.000000000000e-12 1.000000000000e-12 1.000000000000e-12 1.000000000000e-12 1.000000000000e-12 1.000000000000e-12 1.000000000000e-12 1.000000000000e-12 1.000000000000e-12 1.000000000000e-12 1.000000000000e-12 1.000000000000e-12 1.000000000000e-12 1.000000000000e-12 1.000000000000e-12 1.000000000000e-12 1.000000000000e-12 1.000000000000e-12 1.000000000000e-12 1.000000000000e-12 1.000000000000e-12 1.000000000000e-12 1.000000000000e-12 1.000000000000e-12 1.000000000000e-12 1.000000000000e-12 1.000000000000e-12 1.000000000000e-12 1.000000000000e-12 1.000000000000e-12 1.000000000000e-12 1.000000000000e-12 1.000000000000e-12 1.000000000000e-12 1.000000000000e-12 1.000000000000e-12 1.000000000000e-12 1.000000000000e-12 1.000000000000e-12 1.000000000000e-12 1.000000000000e-12 1.000000000000e-12 1.000000000000e-12 1.000000000000e-12 1.000000000000e-12 1.000000000000e-12 2.752064136564e-12 3.128347666342e-11 3.425197433404e-10 3.601802253247e-09 3.621416491695e-08 3.456451698030e-07 3.093112980301e-06 2.535778195144e-05 1.816804444019e-04 1.034484697123e-03 4.062315479341e-03 1.024673962814e-02 1.832372542811e-02 2.686712326604e-02 3.537920224625e-02 4.376172832264e-02 5.200235399257e-02 6.010249926966e-02 6.806543811869e-02 7.589458992724e-02 8.359329345968e-02 9.116478142839e-02 9.861218113429e-02
1.000000000000e-12 1.000000000000e-12 1.000000000000e-12 1.000000000000e-12 1.000000000000e-12 1.000000000000e-12 1.000000000000e-12 1.000000000000e-12 1.000000000000e-12 1.000000000000e-12 1.000000000000e-12 1.000000000000e-12 1.000000000000e-12 1.000000000000e-12 1.000000000000e-12 1.000000000000e-12 1.000000000000e-12 1.000000000000e-12 1.000000000000e-12 1.000000000000e-12 1.000000000000e-12 1.000000000000e-12 1.000000000000e-12 1.000000000000e-12 1.000000000000e-12 1.000000000000e-12 1.000000000000e-12 1.000000000000e-12 1.000000000000e-12 1.000000000000e-12 1.000000000000e-12 1.000000000000e-12 1.000000000000e-12 1.000000000000e-12 1.000000000000e-12 1.000000000000e-12 1.000000000000e-12 1.000000000000e-12 1.000000000000e-12 1.000000000000e-12 1.000000000000e-12 1.000000000000e-12 1.000000000000e-12 1.000000000000e-12 1.000000000000e-12 1.000000000000e-12 1.000000000000e-12 1.000000000000e-12 1.000000000000e-12 1.000000000000e-12 1.000000000000e-12 1.000000000000e-12 1.000000000000e-12 1.000000000000e-12 1.000000000000e-12 1.000000000000e-12 1.000000000000e-12 1.000000000000e-12 1.000000000000e-12 1.000000000000e-12 1.000000000000e-12 1.000000000000e-12 1.000000000000e-12 1.000000000000e-12 1.000000000000e-12 1.000000000000e-12 1.000000000000e-12 1.000000000000e-12 1.000000000000e-12 1.000000000000e-12 1.000000000000e-12 1.000000000000e-12 1.000000000000e-12 1.000000000000e-12 1.000000000000e-12 1.000000000000e-12 1.000000000000e-12 1.000000000000e-12 1.000000000000e-12 1.000000000000e-12 1.000000000000e-12 1.000000000000e-12 1.000000000000e-12 1.000000000000e-12 1.000000000000e-12 1.000000000000e-12 1.000000000000e-12 1.000000000000e-12 1.000000000000e-12 1.000000000000e-12 1.000000000000e-12 1.000000000000e-12 1.000000000000e-12 1.000000000000e-12 1.000000000000e-12 1.000000000000e-12 1.000000000000e-12 1.000000000000e-12 7.866761291155e-12 8.892880910436e-11 9.668945313019e-10 1.007573843227e-08 1.000745323513e-07 9.386813524037e-07 8.179329726341e-06 6.411460033649e-05 4.229268004842e-04 2.074693754459e-03 6.633101258982e-03 1.398025239421e-02 2.242903849039e-02 3.101924095703e-02 3.950817531938e-02 4.785669339863e-02 5.606228150965e-02 6.412776978861e-02 7.205661026292e-02 7.985223291359e-02 8.751796547293e-02 9.505702722923e-02 1.024725321443e-01
1.000000000000e-12 1.000000000000e-12 1.000000000000e-12 1.000000000000e-12 1.000000000000e-12 1.000000000000e-12 1.000000000000e-12 1.000000000000e-12 1.000000000000e-12 1.000000000000e-12 1.000000000000e-12 1.000000000000e-12 1.000000000000e-12 1.000000000000e-12 1.000000000000e-12 1.000000000000e-12 1.000000000000e-12 1.000000000000e-12 1.000000000000e-12 1.000000000000e-12 1.000000000000e-12 1.000000000000e-12 1.000000000000e-12 1.000000000000e-12 1.000000000000e-12 1.000000000000e-12 1.000000000000e-12 1.000000000000e-12 1.000000000000e-12 1.000000000000e-12 1.000000000000e-12 1.000000000000e-12 1.000000000000e-12 1.000000000000e-12 1.000000000000e-12 1.000000000000e-12 1.000000000000e-12 1.000000000000e-12 1.000000000000e-12 1.000000000000e-12 1.000000000000e-12 1.000000000000e-12 1.000000000000e-12 1.000000000000e-12 1.000000000000e-12 1.000000000000e-12 1.000000000000e-12 1.000000000000e-12 1.000000000000e-12 1.000000000000e-12 1.000000000000e-12 1.000000000000e-12 1.000000000000e-12 1.000000000000e-12 1.000000000000e-12 1.000000000000e-12 1.000000000000e-12 1.000000000000e-12 1.000000000000e-12 1.000000000000e-12 1.000000000000e-12 1.000000000000e-12 1.000000000000e-12 1.000000000000e-12 1.000000000000e-12 1.000000000000e-12 1.000000000000e-12 1.000000000000e-12 1.000000000000e-12 1.000000000000e-12 1.000000000000e-12 1.000000000000e-12 1.000000000000e-12 1.000000000000e-12 1.000000000000e-12 1.000000000000e-12 1.000000000000e-12 1.000000000000e-12 1.000000000000e-12 1.000000000000e-12 1.000000000000e-12 1.000000000000e-12 1.000000000000e-12 1.000000000000e-12 1.000000000000e-12 1.000000000000e-12 1.000000000000e-12 1.000000000000e-12 1.000000000000e-12 1.000000000000e-12 1.000000000000e-12 1.000000000000e-12 1.000000000000e-12 1.000000000000e-12 1.000000000000e-12 1.000000000000e-12 1.000000000000e-12 1.940451839297e-12 2.264104113125e-11 2.543627267317e-10 2.743840881236e-09 2.829617634352e-08 2.770264687172e-07 2.544096952611e-06 2.143196066738e-05 1.582575891018e-04 9.334847123945e-04 3.807754310908e-03 9.896521447663e-03 1.799715252121e-02 2.661036875141e-02 3.519886133831e-02 4.365636493120e-02 5.196953502809e-02 6.013977146910e-02 6.817043154135e-02 7.606502354818e-02 8.382697184259e-02 9.145959095677e-02 9.896608642258e-02 1.063495587697e-01
1.000000000000e-12 1.000000000000e-12 1.000000000000e-12 1.000000000000e-12 1.000000000000e-12 1.000000000000e-12 1.000000000000e-12 1.000000000000e-12 1.000000000000e-12 1.000000000000e-12 1.000000000000e-12 1.000000000000e-12 1.000000000000e-12 1.000000000000e-12 1.000000000000e-12 1.000000000000e-12 1.000000000000e-12 1.000000000000e-12 1.000000000000e-12 1.000000000000e-12 1.000000000000e-12 1.000000000000e-12 1.000000000000e-12 1.000000000000e-12 1.000000000000e-12 1.000000000000e-12 1.000000000000e-12 1.000000000000e-12 1.000000000000e-12 1.000000000000e-12 1.000000000000e-12 1.000000000000e-12 1.000000000000e-12 1.000000000000e-12 1.000000000000e-12 1.000000000000e-12 1.000000000000e-12 1.000000000000e-12 1.000000000000e-12 1.000000000000e-12 1.000000000000e-12 1.000000000000e-12 1.000000000000e-12 1.000000000000e-12 1.000000000000e-12 1.000000000000e-12 1.000000000000e-12 1.000000000000e-12 1.000000000000e-12 1.000000000000e-12 1.000000000000e-12 1.000000000000e-12 1.000000000000e-12 1.000000000000e-12 1.000000000000e-12 1.000000000000e-12 1.000000000000e-12 1.000000000000e-12 1.000000000000e-12 1.000000000000e-12 1.000000000000e-12 1.000000000000e-12 1.000000000000e-12 1.000000000000e-12 1.000000000000e-12 1.000000000000e-12 1.000000000000e-12 1.000000000000e-12 1.000000000000e-12 1.000000000000e-12 1.000000000000e-12 1.000000000000e-12 1.000000000000e-12 1.000000000000e-12 1.000000000000e-12 1.000000000000e-12 1.000000000000e-12 1.000000000000e-12 1.000000000000e-12 1.000000000000e-12 1.000000000000e-12 1.000000000000e-12 1.000000000000e-12 1.000000000000e-12 1.000000000000e-12 1.000000000000e-12 1.000000000000e-12 1.000000000000e-12 1.000000000000e-12 1.000000000000e-12 1.000000000000e-12 1.000000000000e-12 1.000000000000e-12 1.000000000000e-12 1.000000000000e-12 1.000000000000e-12 1.000000000000e-12 5.653387957819e-12 6.559934891005e-11 7.318733879935e-10 7.824008594326e-09 7.971347573088e-08 7.671084962289e-07 6.862586712928e-06 5.532642907911e-05 3.767573236498e-04 1.916629218023e-03 6.340381704728e-03 1.366317839705e-02 2.216902994013e-02 3.083515579100e-02 3.940050574129e-02 4.782315620742e-02 5.610036744911e-02 6.423503754867e-02 7.223070978790e-02 8.009090308344e-02 8.781903016068e-02 9.541839152584e-02 1.028921787959e-01 1.102434789974e-01
1.000000000000e-12 1.000000000000e-12 1.000000000000e-12 1.000000000000e-12 1.000000000000e-12 1.000000000000e-12 1.000000000000e-12 1.000000000000e-12 1.000000000000e-12 1.000000000000e-12 1.000000000000e-12 1.000000000000e-12 1.000000000000e-12 1.000000000000e-12 1.000000000000e-12 1.000000000000e-12 1.000000000000e-12 1.000000000000e-12 1.000000000000e-12 1.000000000000e-12 1.000000000000e-12 1.000000000000e-12 1.000000000000e-12 1.000000000000e-12 1.000000000000e-12 1.000000000000e-12 1.000000000000e-12 1.000000000000e-12 1.000000000000e-12 1.000000000000e-12 1.000000000000e-12 1.000000000000e-12 1.000000000000e-12 1.000000000000e-12 1.000000000000e-12 1.000000000000e-12 1.000000000000e-12 1.000000000000e-12 1.000000000000e-12 1.000000000000e-12 1.000000000000e-12 1.000000000000e-12 1.000000000000e-12 1.000000000000e-12 1.000000000000e-12 1.000000000000e-12 1.000000000000e-12 1.000000000000e-12 1.000000000000e-12 1.000000000000e-12 1.000000000000e-12 1.000000000000e-12 1.000000000000e-12 1.000000000000e-12 1.000000000000e-12 1.000000000000e-12 1.000000000000e-12 1.000000000000e-12 1.000000000000e-12 1.000000000000e-12 1.000000000000e-12 1.000000000000e-12 1.000000000000e-12 1.000000000000e-12 1.000000000000e-12 1.000000000000e-12 1.000000000000e-12 1.000000000000e-12 1.000000000000e-12 1.000000000000e-12 1.000000000000e-12 1.000000000000e-12 1.000000000000e-12 1.000000000000e-12 1.000000000000e-12 1.000000000000e-12 1.000000000000e-12 1.000000000000e-12 1.000000000000e-12 1.000000000000e-12 1.000000000000e-12 1.000000000000e-12 1.000000000000e-12 1.000000000000e-12 1.000000000000e-12 1.000000000000e-12 1.000000000000e-12 1.000000000000e-12 1.000000000000e-12 1.000000000000e-12 1.000000000000e-12 1.000000000000e-12 1.000000000000e-12 1.000000000000e-12 1.000000000000e-12 1.000000000000e-12 1.384528929085e-12 1.658879883795e-11 1.913036346358e-10 2.117592436238e-09 2.240442055838e-08 2.250276733856e-07 2.120741101430e-06 1.835193060808e-05 1.395317723679e-04 8.509188119973e-04 3.595631035969e-03 9.606214290946e-03 1.773747480167e-02 2.642288115506e-02 3.508885301417e-02 4.362208893976e-02 5.200845956009e-02 6.024938305721e-02 6.834830830491e-02 7.630883608216e-02 8.413447910087e-02 9.182863624830e-02 9.939459366857e-02 1.068355289679e-01 1.141545156054e-01
1.000000000000e-12 1.000000000000e-12 1.000000000000e-12 1.000000000000e-12 1.000000000000e-12 1.000000000000e-12 1.000000000000e-12 1.000000000000e-12 1.000000000000e-12 1.000000000000e-12 1.000000000000e-12 1.000000000000e-12 1.000000000000e-12 1.000000000000e-12 1.000000000000e-12 1.000000000000e-12 1.000000000000e-12 1.000000000000e-12 1.000000000000e-12 1.000000000000e-12 1.000000000000e-12 1.000000000000e-12 1.000000000000e-12 1.000000000000e-12 1.000000000000e-12 1.000000000000e-12 1.000000000000e-12 1.000000000000e-12 1.000000000000e-12 1.000000000000e-12 1.000000000000e-12 1.000000000000e-12 1.000000000000e-12 1.000000000000e-12 1.000000000000e-12 1.000000000000e-12 1.000000000000e-12 1.000000000000e-12 1.000000000000e-12 1.000000000000e-12 1.000000000000e-12 1.000000000000e-12 1.000000000000e-12 1.000000000000e-12 1.000000000000e-12 1.000000000000e-12 1.000000000000e-12 1.000000000000e-12 1.000000000000e-12 1.000000000000e-12 1.000000000000e-12 1.000000000000e-12 1.000000000000e-12 1.000000000000e-12 1.000000000000e-12 1.000000000000e-12 1.000000000000e-12 1.000000000000e-12 1.000000000000e-12 1.000000000000e-12 1.000000000000e-12 1.000000000000e-12 1.000000000000e-12 1.000000000000e-12 1.000000000000e-12 1.000000000000e-12 1.000000000000e-12 1.000000000000e-12 1.000000000000e-12 1.000000000000e-12 1.000000000000e-12 1.000000000000e-12 1.000000000000e-12 1.000000000000e-12 1.000000000000e-12 1.000000000000e-12 1.000000000000e-12 1.000000000000e-12 1.000000000000e-12 1.000000000000e-12 1.000000000000e-12 1.000000000000e-12 1.000000000000e-12 1.000000000000e-12 1.000000000000e-12 1.000000000000e-12 1.000000000000e-12 1.000000000000e-12 1.000000000000e-12 1.000000000000e-12 1.000000000000e-12 1.000000000000e-12 1.000000000000e-12 1.000000000000e-12 1.000000000000e-12 1.000000000000e-12 4.113872725419e-12 4.901887185540e-11 5.613806782733e-10 6.158555768478e-09 6.437742119352e-08 6.356667077644e-07 5.837599774281e-06 4.837690092181e-05 3.396143876927e-04 1.787230468514e-03 6.100180843123e-03 1.341172072963e-02 2.197920941271e-02 3.072284340301e-02 3.936547255020e-02 4.786294473257e-02 5.621239495444e-02 6.441680723945e-02 7.247982114886e-02 8.040504760480e-02 8.819598700148e-02 9.585602355819e-02 1.033884288966e-01 1.107963665376e-01 1.180828963118e-01
1.000000000000e-12 1.000000000000e-12 1.000000000000e-12 1.000000000000e-12 1.000000000000e-12 1.000000000000e-12 1.000000000000e-12 1.000000000000e-12 1.000000000000e-12 1.000000000000e-12 1.000000000000e-12 1.000000000000e-12 1.000000000000e-12 1.000000000000e-12 1.000000000000e-12 1.000000000000e-12 1.000000000000e-12 1.000000000000e-12 1.000000000000e-12 1.000000000000e-12 1.000000000000e-12 1.000000000000e-12 1.000000000000e-12 1.000000000000e-12 1.000000000000e-12 1.000000000000e-12 1.000000000000e-12 1.000000000000e-12 1.000000000000e-12 1.000000000000e-12 1.000000000000e-12 1.000000000000e-12 1.000000000000e-12 1.000000000000e-12 1.000000000000e-12 1.000000000000e-12 1.000000000000e-12 1.000000000000e-12 1.000000000000e-12 1.000000000000e-12 1.000000000000e-12 1.000000000000e-12 1.000000000000e-12 1.000000000000e-12 1.000000000000e-12 1.000000000000e-12 1.000000000000e-12 1.000000000000e-12 1.000000000000e-12 1.000000000000e-12 1.000000000000e-12 1.000000000000e-12 1.000000000000e-12 1.000000000000e-12 1.000000000000e-12 1.000000000000e-12 1.000000000000e-12 1.000000000000e-12 1.000000000000e-12 1.000000000000e-12 1.000000000000e-12 1.000000000000e-12 1.000000000000e-12 1.000000000000e-12 1.000000000000e-12 1.000000000000e-12 1.000000000000e-12 1.000000000000e-12 1.000000000000e-12 1.000000000000e-12 1.000000000000e-12 1.000000000000e-12 1.000000000000e-12 1.000000000000e-12 1.000000000000e-12 1.000000000000e-12 1.000000000000e-12 1.000000000000e-12 1.000000000000e-12 1.000000000000e-12 1.000000000000e-12 1.000000000000e-12 1.000000000000e-12 1.000000000000e-12 1.000000000000e-12 1.000000000000e-12 1.000000000000e-12 1.000000000000e-12 1.000000000000e-12 1.000000000000e-12 1.000000000000e-12 1.000000000000e-12 1.000000000000e-12 1.000000000000e-12 1.000000000000e-12 1.000508580673e-12 1.231522952904e-11 1.458390289508e-10 1.657129110756e-09 1.799244807883e-08 1.854289672458e-07 1.793384640405e-06 1.593700229022e-05 1.246528135520e-04 7.844421798187e-04 3.423933186115e-03 9.377180481792e-03 1.754805580191e-02 2.630848122761e-02 3.505305181594e-02 4.366276661944e-02 5.212297750520e-02 6.043516587071e-02 6.860288111540e-02 7.662982018788e-02 8.451958702058e-02 9.227566747551e-02 9.990143076887e-02 1.074001339012e-01 1.147749262412e-01 1.220288539289e-01
1.000000000000e-12 1.000000000000e-12 1.000000000000e-12 1.000000000000e-12 1.000000000000e-12 1.000000000000e-12 1.000000000000e-12 1.000000000000e-12 1.000000000000e-12 1.000000000000e-12 1.000000000000e-12 1.000000000000e-12 1.000000000000e-12 1.000000000000e-12 1.000000000000e-12 1.000000000000e-12 1.000000000000e-12 1.000000000000e-12 1.000000000000e-12 1.000000000000e-12 1.000000000000e-12 1.000000000000e-12 1.000000000000e-12 1.000000000000e-12 1.000000000000e-12 1.000000000000e-12 1.000000000000e-12 1.000000000000e-12 1.000000000000e-12 1.000000000000e-12 1.000000000000e-12 1.000000000000e-12 1.000000000000e-12 1.000000000000e-12 1.000000000000e-12 1.000000000000e-12 1.000000000000e-12 1.000000000000e-12 1.000000000000e-12 1.000000000000e-12 1.000000000000e-12 1.000000000000e-12 1.000000000000e-12 1.000000000000e-12 1.000000000000e-12 1.000000000000e-12 1.000000000000e-12 1.000000000000e-12 1.000000000000e-12 1.000000000000e-12 1.000000000000e-12 1.000000000000e-12 1.000000000000e-12 1.000000000000e-12 1.000000000000e-12 1.000000000000e-12 1.000000000000e-12 1.000000000000e-12 1.000000000000e-12 1.000000000000e-12 1.000000000000e-12 1.000000000000e-12 1.000000000000e-12 1.000000000000e-12 1.000000000000e-12 1.000000000000e-12 1.000000000000e-12 1.000000000000e-12 1.000000000000e-12 1.000000000000e-12 1.000000000000e-12 1.000000000000e-12 1.000000000000e-12 1.000000000000e-12 1.000000000000e-12 1.000000000000e-12 1.000000000000e-12 1.000000000000e-12 1.000000000000e-12 1.000000000000e-12 1.000000000000e-12 1.000000000000e-12 1.000000000000e-12 1.000000000000e-12 1.000000000000e-12 1.000000000000e-12 1.000000000000e-12 1.000000000000e-12 1.000000000000e-12 1.000000000000e-12 1.000000000000e-12 1.000000000000e-12 1.000000000000e-12 1.000000000000e-12 1.000000000000e-12 3.033907965518e-12 3.713822217743e-11 4.367550348067e-10 4.918436845364e-09 5.276410115402e-08 5.346326405753e-07 5.039535425504e-06 4.290713446293e-05 3.101166032749e-04 1.684064701749e-03 5.912281766654e-03 1.322867625877e-02 2.186339633504e-02 3.068628564223e-02 3.940706201112e-02 4.798002936279e-02 5.640231564660e-02 6.467701055358e-02 7.280785515336e-02 8.079855553853e-02 8.865270253560e-02 9.637376665461e-02 1.039651019478e-01 1.114299507172e-01 1.187714481136e-01 1.259926265249e-01
1.000000000000e-12 1.000000000000e-12 1.000000000000e-12 1.000000000000e-12 1.000000000000e-12 1.000000000000e-12 1.000000000000e-12 1.000000000000e-12 1.000000000000e-12 1.000000000000e-12 1.000000000000e-12 1.000000000000e-12 1.000000000000e-12 1.000000000000e-12 1.000000000000e-12 1.000000000000e-12 1.000000000000e-12 1.000000000000e-12 1.000000000000e-12 1.000000000000e-12 1.000000000000e-12 1.000000000000e-12 1.000000000000e-12 1.000000000000e-12 1.000000000000e-12 1.000000000000e-12 1.000000000000e-12 1.000000000000e-12 1.000000000000e-12 1.000000000000e-12 1.000000000000e-12 1.000000000000e-12 1.000000000000e-12 1.000000000000e-12 1.000000000000e-12 1.000000000000e-12 1.000000000000e-12 1.000000000000e-12 1.000000000000e-12 1.000000000000e-12 1.000000000000e-12 1.000000000000e-12 1.000000000000e-12 1.000000000000e-12 1.000000000000e-12 1.000000000000e-12 1.000000000000e-12 1.000000000000e-12 1.000000000000e-12 1.000000000000e-12 1.000000000000e-12 1.000000000000e-12 1.000000000000e-12 1.000000000000e-12 1.000000000000e-12 1.000000000000e-12 1.000000000000e-12 1.000000000000e-12 1.000000000000e-12 1.000000000000e-12 1.000000000000e-12 1.000000000000e-12 1.000000000000e-12 1.000000000000e-12 1.000000000000e-12 1.000000000000e-12 1.000000000000e-12 1.000000000000e-12 1.000000000000e-12 1.000000000000e-12 1.000000000000e-12 1.000000000000e-12 1.000000000000e-12 1.000000000000e-12 1.000000000000e-12 1.000000000000e-12 1.000000000000e-12 1.000000000000e-12 1.000000000000e-12 1.000000000000e-12 1.000000000000e-12 1.000000000000e-12 1.000000000000e-12 1.000000000000e-12 1.000000000000e-12 1.000000000000e-12 1.000000000000e-12 1.000000000000e-12 1.000000000000e-12 1.000000000000e-12 1.000000000000e-12 1.000000000000e-12 1.000000000000e-12 1.000000000000e-12 1.000000000000e-12 9.272039935197e-12 1.127997815139e-10 1.316166854532e-09 1.466948047194e-08 1.551571163955e-07 1.540022124151e-06 1.405038518507e-05 1.129607051294e-04 7.321791351046e-04 3.291136035017e-03 9.211137520026e-03 1.743254787690e-02 2.627123852135e-02 3.509556671966e-02 4.378249363744e-02 5.231716514133e-02 6.070117541061e-02 6.893818370402e-02 7.703198692995e-02 8.498628319184e-02 9.280464803232e-02 1.004905362801e-01 1.080472867227e-01 1.154781268926e-01 1.227861776577e-01 1.299744575908e-01
1.000000000000e-12 1.000000000000e-12 1.000000000000e-12 1.000000000000e-12 1.000000000000e-12 1.000000000000e-12 1.000000000000e-12 1.000000000000e-12 1.000000000000e-12 1.000000000000e-12 1.000000000000e-12 1.000000000000e-12 1.000000000000e-12 1.000000000000e-12 1.000000000000e-12 1.000000000000e-12 1.000000000000e-12 1.000000000000e-12 1.000000000000e-12 1.000000000000e-12 1.000000000000e-12 1.000000000000e-12 1.000000000000e-12 1.000000000000e-12 1.000000000000e-12 1.000000000000e-12 1.000000000000e-12 1.000000000000e-12 1.000000000000e-12 1.000000000000e-12 1.000000000000e-12 1.000000000000e-12 1.000000000000e-12 1.000000000000e-12 1.000000000000e-12 1.000000000000e-12 1.000000000000e-12 1.000000000000e-12 1.000000000000e-12 1.000000000000e-12 1.000000000000e-12 1.000000000000e-12 1.000000000000e-12 1.000000000000e-12 1.000000000000e-12 1.000000000000e-12 1.000000000000e-12 1.000000000000e-12 1.000000000000e-12 1.000000000000e-12 1.000000000000e-12 1.000000000000e-12 1.000000000000e-12 1.000000000000e-12 1.000000000000e-12 1.000000000000e-12 1.000000000000e-12 1.000000000000e-12 1.000000000000e-12 1.000000000000e-12 1.000000000000e-12 1.000000000000e-12 1.000000000000e-12 1.000000000000e-12 1.000000000000e-12 1.000000000000e-12 1.000000000000e-12 1.000000000000e-12 1.000000000000e-12 1.000000000000e-12 1.000000000000e-12 1.000000000000e-12 1.000000000000e-12 1.000000000000e-12 1.000000000000e-12 1.000000000000e-12 1.000000000000e-12 1.000000000000e-12 1.000000000000e-12 1.000000000000e-12 1.000000000000e-12 1.000000000000e-12 1.000000000000e-12 1.000000000000e-12 1.000000000000e-12 1.000000000000e-12 1.000000000000e-12 1.000000000000e-12 1.000000000000e-12 1.000000000000e-12 1.000000000000e-12 1.000000000000e-12 1.000000000000e-12 1.000000000000e-12 2.269702949764e-12 2.855522122090e-11 3.449822924690e-10 3.989333234267e-09 4.393191994564e-08 4.568531564005e-07 4.419868544894e-06 3.864354329982e-05 2.871894100264e-04 1.605252786242e-03 5.776958710016e-03 1.311720854124e-02 2.182569170253e-02 3.072971327319e-02 3.952949995616e-02 4.817861617750e-02 5.667431390695e-02 6.501980916039e-02 7.321894983420e-02 8.127554043901e-02 8.919326508576e-02 9.697568323752e-02 1.046262338817e-01 1.121482404602e-01 1.195449156668e-01 1.268193660205e-01 1.339745962156e-01
1.000000000000e-12 1.000000000000e-12 1.000000000000e-12 1.000000000000e-12 1.000000000000e-12 1.000000000000e-12 1.000000000000e-12 1.000000000000e-12 1.000000000000e-12 1.000000000000e-12 1.000000000000e-12 1.000000000000e-12 1.000000000000e-12 1.000000000000e-12 1.000000000000e-12 1.000000000000e-12 1.000000000000e-12 1.000000000000e-12 1.000000000000e-12 1.000000000000e-12 1.000000000000e-12 1.000000000000e-12 1.000000000000e-12 1.000000000000e-12 1.000000000000e-12 1.000000000000e-12 1.000000000000e-12 1.000000000000e-12 1.000000000000e-12 1.000000000000e-12 1.000000000000e-12 1.000000000000e-12 1.000000000000e-12 1.000000000000e-12 1.000000000000e-12 1.000000000000e-12 1.000000000000e-12 1.000000000000e-12 1.000000000000e-12 1.000000000000e-12 1.000000000000e-12 1.000000000000e-12 1.000000000000e-12 1.000000000000e-12 1.000000000000e-12 1.000000000000e-12 1.000000000000e-12 1.000000000000e-12 1.000000000000e-12 1.000000000000e-12 1.000000000000e-12 1.000000000000e-12 1.000000000000e-12 1.000000000000e-12 1.000000000000e-12 1.000000000000e-12 1.000000000000e-12 1.000000000000e-12 1.000000000000e-12 1.000000000000e-12 1.000000000000e-12 1.000000000000e-12 1.000000000000e-12 1.000000000000e-12 1.000000000000e-12 1.000000000000e-12 1.000000000000e-12 1.000000000000e-12 1.000000000000e-12 1.000000000000e-12 1.000000000000e-12 1.000000000000e-12 1.000000000000e-12 1.000000000000e-12 1.000000000000e-12 1.000000000000e-12 1.000000000000e-12 1.000000000000e-12 1.000000000000e-12 1.000000000000e-12 1.000000000000e-12 1.000000000000e-12 1.000000000000e-12 1.000000000000e-12 1.000000000000e-12 1.000000000000e-12 1.000000000000e-12 1.000000000000e-12 1.000000000000e-12 1.000000000000e-12 1.000000000000e-12 1.000000000000e-12 1.000000000000e-12 1.000000000000e-12 7.086566678619e-12 8.860458335707e-11 1.062043689497e-09 1.215486237065e-08 1.319678926866e-07 1.344332074563e-06 1.258915141709e-05 1.039524844850e-04 6.927022666814e-04 3.196329447824e-03 9.110302017794e-03 1.739494896535e-02 2.631549472446e-02 3.522075839545e-02 4.398561135905e-02 5.259534108481e-02 6.105170655626e-02 6.935848628604e-02 7.751958098758e-02 8.553878597219e-02 9.341976925720e-02 1.011660739070e-01 1.087811229648e-01 1.162682244521e-01 1.236305761546e-01 1.308712701760e-01 1.379932972676e-01
1.000000000000e-12 1.000000000000e-12 1.000000000000e-12 1.000000000000e-12 1.000000000000e-12 1.000000000000e-12 1.000000000000e-12 1.000000000000e-12 1.000000000000e-12 1.000000000000e-12 1.000000000000e-12 1.000000000000e-12 1.000000000000e-12 1.000000000000e-12 1.000000000000e-12 1.000000000000e-12 1.000000000000e-12 1.000000000000e-12 1.000000000000e-12 1.000000000000e-12 1.000000000000e-12 1.000000000000e-12 1.000000000000e-12 1.000000000000e-12 1.000000000000e-12 1.000000000000e-12 1.000000000000e-12 1.000000000000e-12 1.000000000000e-12 1.000000000000e-12 1.000000000000e-12 1.000000000000e-12 1.000000000000e-12 1.000000000000e-12 1.000000000000e-12 1.000000000000e-12 1.000000000000e-12 1.000000000000e-12 1.000000000000e-12 1.000000000000e-12 1.000000000000e-12 1.000000000000e-12 1.000000000000e-12 1.000000000000e-12 1.000000000000e-12 1.000000000000e-12 1.000000000000e-12 1.000000000000e-12 1.000000000000e-12 1.000000000000e-12 1.000000000000e-12 1.000000000000e-12 1.000000000000e-12 1.000000000000e-12 1.000000000000e-12 1.000000000000e-12 1.000000000000e-12 1.000000000000e-12 1.000000000000e-12 1.000000000000e-12 1.000000000000e-12 1.000000000000e-12 1.000000000000e-12 1.000000000000e-12 1.000000000000e-12 1.000000000000e-12 1.000000000000e-12 1.000000000000e-12 1.000000000000e-12 1.000000000000e-12 1.000000000000e-12 1.000000000000e-12 1.000000000000e-12 1.000000000000e-12 1.000000000000e-12 1.000000000000e-12 1.000000000000e-12 1.000000000000e-12 1.000000000000e-12 1.000000000000e-12 1.000000000000e-12 1.000000000000e-12 1.000000000000e-12 1.000000000000e-12 1.000000000000e-12 1.000000000000e-12 1.000000000000e-12 1.000000000000e-12 1.000000000000e-12 1.000000000000e-12 1.000000000000e-12 1.000000000000e-12 1.000000000000e-12 1.724184686156e-12 2.230471391063e-11 2.769369563834e-10 3.289666129352e-09 3.719788479118e-08 3.970631058865e-07 3.942445086095e-06 3.538066895836e-05 2.700292380779e-04 1.549515131603e-03 5.695147424978e-03 1.308094659683e-02 2.187051241209e-02 3.085762541030e-02 3.973726902220e-02 4.846316373260e-02 5.703282337927e-02 6.544961093833e-02 7.371748641689e-02 8.184035606195e-02 8.982200021051e-02 9.766607002780e-02 1.053760920214e-01 1.129554732062e-01 1.204075061096e-01 1.277353735397e-01 1.349421531169e-01 1.420308215844e-01
1.000000000000e-12 1.000000000000e-12 1.000000000000e-12 1.000000000000e-12 1.000000000000e-12 1.000000000000e-12 1.000000000000e-12 1.000000000000e-12 1.000000000000e-12 1.000000000000e-12 1.000000000000e-12 1.000000000000e-12 1.000000000000e-12 1.000000000000e-12 1.000000000000e-12 1.000000000000e-12 1.000000000000e-12 1.000000000000e-12 1.000000000000e-12 1.000000000000e-12 1.000000000000e-12 1.000000000000e-12 1.000000000000e-12 1.000000000000e-12 1.000000000000e-12 1.000000000000e-12 1.000000000000e-12 1.000000000000e-12 1.000000000000e-12 1.000000000000e-12 1.000000000000e-12 1.000000000000e-12 1.000000000000e-12 1.000000000000e-12 1.000000000000e-12 1.000000000000e-12 1.000000000000e-12 1.000000000000e-12 1.000000000000e-12 1.000000000000e-12 1.000000000000e-12 1.000000000000e-12 1.000000000000e-12 1.000000000000e-12 1.000000000000e-12 1.000000000000e-12 1.000000000000e-12 1.000000000000e-12 1.000000000000e-12 1.000000000000e-12 1.000000000000e-12 1.000000000000e-12 1.000000000000e-12 1.000000000000e-12 1.000000000000e-12 1.000000000000e-12 1.000000000000e-12 1.000000000000e-12 1.000000000000e-12 1.000000000000e-12 1.000000000000e-12 1.000000000000e-12 1.000000000000e-12 1.000000000000e-12 1.000000000000e-12 1.000000000000e-12 1.000000000000e-12 1.000000000000e-12 1.000000000000e-12 1.000000000000e-12 1.000000000000e-12 1.000000000000e-12 1.000000000000e-12 1.000000000000e-12 1.000000000000e-12 1.000000000000e-12 1.000000000000e-12 1.000000000000e-12 1.000000000000e-12 1.000000000000e-12 1.000000000000e-12 1.000000000000e-12 1.000000000000e-12 1.000000000000e-12 1.000000000000e-12 1.000000000000e-12 1.000000000000e-12 1.000000000000e-12 1.000000000000e-12 1.000000000000e-12 1.000000000000e-12 1.000000000000e-12 1.000000000000e-12 5.503963029801e-12 7.075801122211e-11 8.715958969253e-10 1.024629602221e-08 1.142205038119e-07 1.194250161863e-06 1.147682357496e-05 9.725729671111e-05 6.650205985662e-04 3.139350714673e-03 9.077541697446e-03 1.743966030616e-02 2.644588754293e-02 3.543325764357e-02 4.427672449805e-02 5.296208362589e-02 6.149131061679e-02 6.986831233215e-02 7.809709715079e-02 8.618156071338e-02 9.412546639616e-02 1.019324482070e-01 1.096060159919e-01 1.171495606583e-01 1.245663591662e-01 1.318595792748e-01 1.390322840532e-01 1.460874361700e-01
1.000000000000e-12 1.000000000000e-12 1.000000000000e-12 1.000000000000e-12 1.000000000000e-12 1.000000000000e-12 1.000000000000e-12 1.000000000000e-12 1.000000000000e-12 1.000000000000e-12 1.000000000000e-12 1.000000000000e-12 1.000000000000e-12 1.000000000000e-12 1.000000000000e-12 1.000000000000e-12 1.000000000000e-12 1.000000000000e-12 1.000000000000e-12 1.000000000000e-12 1.000000000000e-12 1.000000000000e-12 1.000000000000e-12 1.000000000000e-12 1.000000000000e-12 1.000000000000e-12 1.000000000000e-12 1.000000000000e-12 1.000000000000e-12 1.000000000000e-12 1.000000000000e-12 1.000000000000e-12 1.000000000000e-12 1.000000000000e-12 1.000000000000e-12 1.000000000000e-12 1.000000000000e-12 1.000000000000e-12 1.000000000000e-12 1.000000000000e-12 1.000000000000e-12 1.000000000000e-12 1.000000000000e-12 1.000000000000e-12 1.000000000000e-12 1.000000000000e-12 1.000000000000e-12 1.000000000000e-12 1.000000000000e-12 1.000000000000e-12 1.000000000000e-12 1.000000000000e-12 1.000000000000e-12 1.000000000000e-12 1.000000000000e-12 1.000000000000e-12 1.000000000000e-12 1.000000000000e-12 1.000000000000e-12 1.000000000000e-12 1.000000000000e-12 1.000000000000e-12 1.000000000000e-12 1.000000000000e-12 1.000000000000e-12 1.000000000000e-12 1.000000000000e-12 1.000000000000e-12 1.000000000000e-12 1.000000000000e-12 1.000000000000e-12 1.000000000000e-12 1.000000000000e-12 1.000000000000e-12 1.000000000000e-12 1.000000000000e-12 1.000000000000e-12 1.000000000000e-12 1.000000000000e-12 1.000000000000e-12 1.000000000000e-12 1.000000000000e-12 1.000000000000e-12 1.000000000000e-12 1.000000000000e-12 1.000000000000e-12 1.000000000000e-12 1.000000000000e-12 1.000000000000e-12 1.000000000000e-12 1.000000000000e-12 1.000000000000e-12 1.331403254763e-12 1.771839698996e-11 2.261865345419e-10 2.760986176567e-09 3.206572240212e-08 3.513968360228e-07 3.580620534894e-06 3.296859476440e-05 2.580787049597e-04 1.516227995407e-03 5.668625651838e-03 1.312408496064e-02 2.200262501939e-02 3.107480979754e-02 4.003512724127e-02 4.883840127496e-02 5.748254488803e-02 6.597108759805e-02 7.430810665159e-02 8.249761341069e-02 9.054348747113e-02 9.844947453819e-02 1.062191913072e-01 1.138561308745e-01 1.213636679622e-01 1.287450638885e-01 1.360034712918e-01 1.431419386205e-01 1.501634144012e-01
1.000000000000e-12 1.000000000000e-12 1.000000000000e-12 1.000000000000e-12 1.000000000000e-12 1.000000000000e-12 1.000000000000e-12 1.000000000000e-12 1.000000000000e-12 1.000000000000e-12 1.000000000000e-12 1.000000000000e-12 1.000000000000e-12 1.000000000000e-12 1.000000000000e-12 1.000000000000e-12 1.000000000000e-12 1.000000000000e-12 1.000000000000e-12 1.000000000000e-12 1.000000000000e-12 1.000000000000e-12 1.000000000000e-12 1.000000000000e-12 1.000000000000e-12 1.000000000000e-12 1.000000000000e-12 1.000000000000e-12 1.000000000000e-12 1.000000000000e-12 1.000000000000e-12 1.000000000000e-12 1.000000000000e-12 1.000000000000e-12 1.000000000000e-12 1.000000000000e-12 1.000000000000e-12 1.000000000000e-12 1.000000000000e-12 1.000000000000e-12 1.000000000000e-12 1.000000000000e-12 1.000000000000e-12 1.000000000000e-12 1.000000000000e-12 1.000000000000e-12 1.000000000000e-12 1.000000000000e-12 1.000000000000e-12 1.000000000000e-12 1.000000000000e-12 1.000000000000e-12 1.000000000000e-12 1.000000000000e-12 1.000000000000e-12 1.000000000000e-12 1.000000000000e-12 1.000000000000e-12 1.000000000000e-12 1.000000000000e-12 1.000000000000e-12 1.000000000000e-12 1.000000000000e-12 1.000000000000e-12 1.000000000000e-12 1.000000000000e-12 1.000000000000e-12 1.000000000000e-12 1.000000000000e-12 1.000000000000e-12 1.000000000000e-12 1.000000000000e-12 1.000000000000e-12 1.000000000000e-12 1.000000000000e-12 1.000000000000e-12 1.000000000000e-12 1.000000000000e-12 1.000000000000e-12 1.000000000000e-12 1.000000000000e-12 1.000000000000e-12 1.000000000000e-12 1.000000000000e-12 1.000000000000e-12 1.000000000000e-12 1.000000000000e-12 1.000000000000e-12 1.000000000000e-12 1.000000000000e-12 1.000000000000e-12 1.000000000000e-12 4.348871348781e-12 5.751162874710e-11 7.283240555017e-10 8.797640855766e-09 1.007175062175e-07 1.080944256535e-06 1.065803258088e-05 9.261907953519e-05 6.485824928593e-04 3.120932317518e-03 9.116531253514e-03 1.757154152790e-02 2.666737447348e-02 3.573798505123e-02 4.466072025017e-02 5.342224956238e-02 6.202481385696e-02 7.047245678641e-02 7.876929823572e-02 8.691933738037e-02 9.492643593191e-02 1.027943216363e-01 1.105265937693e-01 1.181267285945e-01 1.255980845699e-01 1.329439072967e-01 1.401673342198e-01 1.472713990960e-01 1.542590362423e-01
1.000000000000e-12 1.000000000000e-12 1.000000000000e-12 1.000000000000e-12 1.000000000000e-12 1.000000000000e-12 1.000000000000e-12 1.000000000000e-12 1.000000000000e-12 1.000000000000e-12 1.000000000000e-12 1.000000000000e-12 1.000000000000e-12 1.000000000000e-12 1.000000000000e-12 1.000000000000e-12 1.000000000000e-12 1.000000000000e-12 1.000000000000e-12 1.000000000000e-12 1.000000000000e-12 1.000000000000e-12 1.000000000000e-12 1.000000000000e-12 1.000000000000e-12 1.000000000000e-12 1.000000000000e-12 1.000000000000e-12 1.000000000000e-12 1.000000000000e-12 1.000000000000e-12 1.000000000000e-12 1.000000000000e-12 1.000000000000e-12 1.000000000000e-12 1.000000000000e-12 1.000000000000e-12 1.000000000000e-12 1.000000000000e-12 1.000000000000e-12 1.000000000000e-12 1.000000000000e-12 1.000000000000e-12 1.000000000000e-12 1.000000000000e-12 1.000000000000e-12 1.000000000000e-12 1.000000000000e-12 1.000000000000e-12 1.000000000000e-12 1.000000000000e-12 1.000000000000e-12 1.000000000000e-12 1.000000000000e-12 1.000000000000e-12 1.000000000000e-12 1.000000000000e-12 1.000000000000e-12 1.000000000000e-12 1.000000000000e-12 1.000000000000e-12 1.000000000000e-12 1.000000000000e-12 1.000000000000e-12 1.000000000000e-12 1.000000000000e-12 1.000000000000e-12 1.000000000000e-12 1.000000000000e-12 1.000000000000e-12 1.000000000000e-12 1.000000000000e-12 1.000000000000e-12 1.000000000000e-12 1.000000000000e-12 1.000000000000e-12 1.000000000000e-12 1.000000000000e-12 1.000000000000e-12 1.000000000000e-12 1.000000000000e-12 1.000000000000e-12 1.000000000000e-12 1.000000000000e-12 1.000000000000e-12 1.000000000000e-12 1.000000000000e-12 1.000000000000e-12 1.000000000000e-12 1.000000000000e-12 1.000000000000e-12 1.046265471063e-12 1.433082558523e-11 1.881754916618e-10 2.361304590236e-09 2.817525729206e-08 3.170404906555e-07 3.315221836316e-06 3.130427057025e-05 2.510143177632e-04 1.505500901607e-03 5.700205586319e-03 1.325147913145e-02 2.222717711779e-02 3.138636380836e-02 4.042812811221e-02 4.930934853491e-02 5.802846592000e-02 6.658919384025e-02 7.499573165012e-02 8.325219925901e-02 9.136257864692e-02 9.933071298816e-02 1.071603119173e-01 1.148549571988e-01 1.224181081800e-01 1.298531069763e-01 1.371631833950e-01 1.443514596135e-01 1.514209546258e-01 1.583745884698e-01
1.000000000000e-12 1.000000000000e-12 1.000000000000e-12 1.000000000000e-12 1.000000000000e-12 1.000000000000e-12 1.000000000000e-12 1.000000000000e-12 1.000000000000e-12 1.000000000000e-12 1.000000000000e-12 1.000000000000e-12 1.000000000000e-12 1.000000000000e-12 1.000000000000e-12 1.000000000000e-12 1.000000000000e-12 1.000000000000e-12 1.000000000000e-12 1.000000000000e-12 1.000000000000e-12 1.000000000000e-12 1.000000000000e-12 1.000000000000e-12 1.000000000000e-12 1.000000000000e-12 1.000000000000e-12 1.000000000000e-12 1.000000000000e-12 1.000000000000e-12 1.000000000000e-12 1.000000000000e-12 1.000000000000e-12 1.000000000000e-12 1.000000000000e-12 1.000000000000e-12 1.000000000000e-12 1.000000000000e-12 1.000000000000e-12 1.000000000000e-12 1.000000000000e-12 1.000000000000e-12 1.000000000000e-12 1.000000000000e-12 1.000000000000e-12 1.000000000000e-12 1.000000000000e-12 1.000000000000e-12 1.000000000000e-12 1.000000000000e-12 1.000000000000e-12 1.000000000000e-12 1.000000000000e-12 1.000000000000e-12 1.000000000000e-12 1.000000000000e-12 1.000000000000e-12 1.000000000000e-12 1.000000000000e-12 1.000000000000e-12 1.000000000000e-12 1.000000000000e-12 1.000000000000e-12 1.000000000000e-12 1.000000000000e-12 1.000000000000e-12 1.000000000000e-12 1.000000000000e-12 1.000000000000e-12 1.000000000000e-12 1.000000000000e-12 1.000000000000e-12 1.000000000000e-12 1.000000000000e-12 1.000000000000e-12 1.000000000000e-12 1.000000000000e-12 1.000000000000e-12 1.000000000000e-12 1.000000000000e-12 1.000000000000e-12 1.000000000000e-12 1.000000000000e-12 1.000000000000e-12 1.000000000000e-12 1.000000000000e-12 1.000000000000e-12 1.000000000000e-12 1.000000000000e-12 1.000000000000e-12 1.000000000000e-12 3.499896970978e-12 4.763423688107e-11 6.204397397001e-10 7.703389231258e-09 9.059173298019e-08 9.980908714432e-07 1.009486096476e-05 8.988668752946e-05 6.432996315026e-04 3.142874847562e-03 9.231906451797e-03 1.779595907302e-02 2.698525587966e-02 3.614017196298e-02 4.514278906809e-02 5.398099468909e-02 6.265733765160e-02 7.117600588153e-02 7.954123456650e-02 8.775712970697e-02 9.582765442068e-02 1.037566330749e-01 1.115477570838e-01 1.192045906117e-01 1.267305760069e-01 1.341290389614e-01 1.414031934113e-01 1.485561461914e-01 1.555909014602e-01 1.625103649066e-01
1.000000000000e-12 1.000000000000e-12 1.000000000000e-12 1.000000000000e-12 1.000000000000e-12 1.000000000000e-12 1.000000000000e-12 1.000000000000e-12 1.000000000000e-12 1.000000000000e-12 1.000000000000e-12 1.000000000000e-12 1.000000000000e-12 1.000000000000e-12 1.000000000000e-12 1.000000000000e-12 1.000000000000e-12 1.000000000000e-12 1.000000000000e-12 1.000000000000e-12 1.000000000000e-12 1.000000000000e-12 1.000000000000e-12 1.000000000000e-12 1.000000000000e-12 1.000000000000e-12 1.000000000000e-12 1.000000000000e-12 1.000000000000e-12 1.000000000000e-12 1.000000000000e-12 1.000000000000e-12 1.000000000000e-12 1.000000000000e-12 1.000000000000e-12 1.000000000000e-12 1.000000000000e-12 1.000000000000e-12 1.000000000000e-12 1.000000000000e-12 1.000000000000e-12 1.000000000000e-12 1.000000000000e-12 1.000000000000e-12 1.000000000000e-12 1.000000000000e-12 1.000000000000e-12 1.000000000000e-12 1.000000000000e-12 1.000000000000e-12 1.000000000000e-12 1.000000000000e-12 1.000000000000e-12 1.000000000000e-12 1.000000000000e-12 1.000000000000e-12 1.000000000000e-12 1.000000000000e-12 1.000000000000e-12 1.000000000000e-12 1.000000000000e-12 1.000000000000e-12 1.000000000000e-12 1.000000000000e-12 1.000000000000e-12 1.000000000000e-12 1.000000000000e-12 1.000000000000e-12 1.000000000000e-12 1.000000000000e-12 1.000000000000e-12 1.000000000000e-12 1.000000000000e-12 1.000000000000e-12 1.000000000000e-12 1.000000000000e-12 1.000000000000e-12 1.000000000000e-12 1.000000000000e-12 1.000000000000e-12 1.000000000000e-12 1.000000000000e-12 1.000000000000e-12 1.000000000000e-12 1.000000000000e-12 1.000000000000e-12 1.000000000000e-12 1.000000000000e-12 1.000000000000e-12 1.000000000000e-12 1.000000000000e-12 1.181611342756e-11 1.596664611794e-10 2.060460389624e-09 2.526689943263e-08 2.919882959708e-07 3.133160057331e-06 3.032637147473e-05 2.487488662066e-04 1.518287368641e-03 5.793939349870e-03 1.346872936994e-02 2.254972461261e-02 3.179771613730e-02 4.092164231877e-02 4.988133726699e-02 5.867588183427e-02 6.730918820934e-02 7.578558238612e-02 8.410929630499e-02 9.228441755075e-02 1.003148897888e-01 1.082045184305e-01 1.159569765729e-01 1.235758106924e-01 1.310644460536e-01 1.384261918438e-01 1.456642460487e-01 1.527817000847e-01 1.597815432012e-01 1.666666666667e-01
1.000000000000e-12 1.000000000000e-12 1.000000000000e-12 1.000000000000e-12 1.000000000000e-12 1.000000000000e-12 1.000000000000e-12 1.000000000000e-12 1.000000000000e-12 1.000000000000e-12 1.000000000000e-12 1.000000000000e-12 1.000000000000e-12 1.000000000000e-12 1.000000000000e-12 1.000000000000e-12 1.000000000000e-12 1.000000000000e-12 1.000000000000e-12 1.000000000000e-12 1.000000000000e-12 1.000000000000e-12 1.000000000000e-12 1.000000000000e-12 1.000000000000e-12 1.000000000000e-12 1.000000000000e-12 1.000000000000e-12 1.000000000000e-12 1.000000000000e-12 1.000000000000e-12 1.000000000000e-12 1.000000000000e-12 1.000000000000e-12 1.000000000000e-12 1.000000000000e-12 1.000000000000e-12 1.000000000000e-12 1.000000000000e-12 1.000000000000e-12 1.000000000000e-12 1.000000000000e-12 1.000000000000e-12 1.000000000000e-12 1.000000000000e-12 1.000000000000e-12 1.000000000000e-12 1.000000000000e-12 1.000000000000e-12 1.000000000000e-12 1.000000000000e-12 1.000000000000e-12 1.000000000000e-12 1.000000000000e-12 1.000000000000e-12 1.000000000000e-12 1.000000000000e-12 1.000000000000e-12 1.000000000000e-12 1.000000000000e-12 1.000000000000e-12 1.000000000000e-12 1.000000000000e-12 1.000000000000e-12 1.000000000000e-12 1.000000000000e-12 1.000000000000e-12 1.000000000000e-12 1.000000000000e-12 1.000000000000e-12 1.000000000000e-12 1.000000000000e-12 1.000000000000e-12 1.000000000000e-12 1.000000000000e-12 1.000000000000e-12 1.000000000000e-12 1.000000000000e-12 1.000000000000e-12 1.000000000000e-12 1.000000000000e-12 1.000000000000e-12 1.000000000000e-12 1.000000000000e-12 1.000000000000e-12 1.000000000000e-12 1.000000000000e-12 1.000000000000e-12 1.000000000000e-12 1.000000000000e-12 2.872530653765e-12 4.025555843869e-11 5.395171188021e-10 6.887843622011e-09 8.322751933389e-08 9.413848509689e-07 9.764641462092e-06 8.901185384386e-05 6.496000316291e-04 3.208255876356e-03 9.429408568565e-03 1.811882381222e-02 2.740519698548e-02 3.664538292670e-02 4.572844726373e-02 5.464379612139e-02 6.339432044167e-02 7.198435872068e-02 8.041826518941e-02 8.870025605063e-02 9.683439899596e-02 1.048246179878e-01 1.126746993698e-01 1.203882978282e-01 1.279689420626e-01 1.354200401680e-01 1.427448847444e-01 1.499466577474e-01 1.570284350975e-01 1.639931910601e-01 1.708438024112e-01
1.000000000000e-12 1.000000000000e-12 1.000000000000e-12 1.000000000000e-12 1.000000000000e-12 1.000000000000e-12 1.000000000000e-12 1.000000000000e-12 1.000000000000e-12 1.000000000000e-12 1.000000000000e-12 1.000000000000e-12 1.000000000000e-12 1.000000000000e-12 1.000000000000e-12 1.000000000000e-12 1.000000000000e-12 1.000000000000e-12 1.000000000000e-12 1.000000000000e-12 1.000000000000e-12 1.000000000000e-12 1.000000000000e-12 1.000000000000e-12 1.000000000000e-12 1.000000000000e-12 1.000000000000e-12 1.000000000000e-12 1.000000000000e-12 1.000000000000e-12 1.000000000000e-12 1.000000000000e-12 1.000000000000e-12 1.000000000000e-12 1.000000000000e-12 1.000000000000e-12 1.000000000000e-12 1.000000000000e-12 1.000000000000e-12 1.000000000000e-12 1.000000000000e-12 1.000000000000e-12 1.000000000000e-12 1.000000000000e-12 1.000000000000e-12 1.000000000000e-12 1.000000000000e-12 1.000000000000e-12 1.000000000000e-12 1.000000000000e-12 1.000000000000e-12 1.000000000000e-12 1.000000000000e-12 1.000000000000e-12 1.000000000000e-12 1.000000000000e-12 1.000000000000e-12 1.000000000000e-12 1.000000000000e-12 1.000000000000e-12 1.000000000000e-12 1.000000000000e-12 1.000000000000e-12 1.000000000000e-12 1.000000000000e-12 1.000000000000e-12 1.000000000000e-12 1.000000000000e-12 1.000000000000e-12 1.000000000000e-12 1.000000000000e-12 1.000000000000e-12 1.000000000000e-12 1.000000000000e-12 1.000000000000e-12 1.000000000000e-12 1.000000000000e-12 1.000000000000e-12 1.000000000000e-12 1.000000000000e-12 1.000000000000e-12 1.000000000000e-12 1.000000000000e-12 1.000000000000e-12 1.000000000000e-12 1.000000000000e-12 1.000000000000e-12 1.000000000000e-12 1.000000000000e-12 1.000000000000e-12 9.945137760006e-12 1.383568589281e-10 1.836909625572e-09 2.315703877606e-08 2.748780481132e-07 3.026588438758e-06 3.001364935654e-05 2.514520529948e-04 1.556543395562e-03 5.955335790182e-03 1.378224480547e-02 2.297625353621e-02 3.231464930585e-02 4.152138130283e-02 5.056003473318e-02 5.943041898718e-02 6.813665582474e-02 7.668320203608e-02 8.507440513015e-02 9.331446161515e-02 1.014074187646e-01 1.093571806917e-01 1.171675145709e-01 1.248420565836e-01 1.323843175625e-01 1.397976883466e-01 1.470854448640e-01 1.542507529593e-01 1.612966729784e-01 1.682261641273e-01 1.750420886157e-01
1.000000000000e-12 1.000000000000e-12 1.000000000000e-12 1.000000000000e-12 1.000000000000e-12 1.000000000000e-12 1.000000000000e-12 1.000000000000e-12 1.000000000000e-12 1.000000000000e-12 1.000000000000e-12 1.000000000000e-12 1.000000000000e-12 1.000000000000e-12 1.000000000000e-12 1.000000000000e-12 1.000000000000e-12 1.000000000000e-12 1.000000000000e-12 1.000000000000e-12 1.000000000000e-12 1.000000000000e-12 1.000000000000e-12 1.000000000000e-12 1.000000000000e-12 1.000000000000e-12 1.000000000000e-12 1.000000000000e-12 1.000000000000e-12 1.000000000000e-12 1.000000000000e-12 1.000000000000e-12 1.000000000000e-12 1.000000000000e-12 1.000000000000e-12 1.000000000000e-12 1.000000000000e-12 1.000000000000e-12 1.000000000000e-12 1.000000000000e-12 1.000000000000e-12 1.000000000000e-12 1.000000000000e-12 1.000000000000e-12 1.000000000000e-12 1.000000000000e-12 1.000000000000e-12 1.000000000000e-12 1.000000000000e-12 1.000000000000e-12 1.000000000000e-12 1.000000000000e-12 1.000000000000e-12 1.000000000000e-12 1.000000000000e-12 1.000000000000e-12 1.000000000000e-12 1.000000000000e-12 1.000000000000e-12 1.000000000000e-12 1.000000000000e-12 1.000000000000e-12 1.000000000000e-12 1.000000000000e-12 1.000000000000e-12 1.000000000000e-12 1.000000000000e-12 1.000000000000e-12 1.000000000000e-12 1.000000000000e-12 1.000000000000e-12 1.000000000000e-12 1.000000000000e-12 1.000000000000e-12 1.000000000000e-12 1.000000000000e-12 1.000000000000e-12 1.000000000000e-12 1.000000000000e-12 1.000000000000e-12 1.000000000000e-12 1.000000000000e-12 1.000000000000e-12 1.000000000000e-12 1.000000000000e-12 1.000000000000e-12 1.000000000000e-12 1.000000000000e-12 1.000000000000e-12 2.407675733747e-12 3.475963379622e-11 4.795637277327e-10 6.297655914525e-09 7.820771347144e-08 9.082403914834e-07 9.659137123640e-06 9.005624134130e-05 6.685209158695e-04 3.321685007818e-03 9.716008114649e-03 1.854661412272e-02 2.793324874299e-02 3.725953986258e-02 4.642356165498e-02 5.541647665439e-02 6.424154168701e-02 7.290325081667e-02 8.140608100611e-02 8.975436212920e-02 9.795226971830e-02 1.060038303968e-01 1.139129283134e-01 1.216833113737e-01 1.293185971596e-01 1.368222785455e-01 1.441977290257e-01 1.514482077717e-01 1.585768644343e-01 1.655867437055e-01 1.724807896544e-01 1.792618498503e-01
1.000000000000e-12 1.000000000000e-12 1.000000000000e-12 1.000000000000e-12 1.000000000000e-12 1.000000000000e-12 1.000000000000e-12 1.000000000000e-12 1.000000000000e-12 1.000000000000e-12 1.000000000000e-12 1.000000000000e-12 1.000000000000e-12 1.000000000000e-12 1.000000000000e-12 1.000000000000e-12 1.000000000000e-12 1.000000000000e-12 1.000000000000e-12 1.000000000000e-12 1.000000000000e-12 1.000000000000e-12 1.000000000000e-12 1.000000000000e-12 1.000000000000e-12 1.000000000000e-12 1.000000000000e-12 1.000000000000e-12 1.000000000000e-12 1.000000000000e-12 1.000000000000e-12 1.000000000000e-12 1.000000000000e-12 1.000000000000e-12 1.000000000000e-12 1.000000000000e-12 1.000000000000e-12 1.000000000000e-12 1.000000000000e-12 1.000000000000e-12 1.000000000000e-12 1.000000000000e-12 1.000000000000e-12 1.000000000000e-12 1.000000000000e-12 1.000000000000e-12 1.000000000000e-12 1.000000000000e-12 1.000000000000e-12 1.000000000000e-12 1.000000000000e-12 1.000000000000e-12 1.000000000000e-12 1.000000000000e-12 1.000000000000e-12 1.000000000000e-12 1.000000000000e-12 1.000000000000e-12 1.000000000000e-12 1.000000000000e-12 1.000000000000e-12 1.000000000000e-12 1.000000000000e-12 1.000000000000e-12 1.000000000000e-12 1.000000000000e-12 1.000000000000e-12 1.000000000000e-12 1.000000000000e-12 1.000000000000e-12 1.000000000000e-12 1.000000000000e-12 1.000000000000e-12 1.000000000000e-12 1.000000000000e-12 1.000000000000e-12 1.000000000000e-12 1.000000000000e-12 1.000000000000e-12 1.000000000000e-12 1.000000000000e-12 1.000000000000e-12 1.000000000000e-12 1.000000000000e-12 1.000000000000e-12 1.000000000000e-12 1.000000000000e-12 1.000000000000e-12 1.000000000000e-12 8.556527897459e-12 1.226161411816e-10 1.675522788145e-09 2.172154807635e-08 2.648904902860e-07 2.992564068972e-06 3.038716178045e-05 2.595951523996e-04 1.623451127185e-03 6.191581833163e-03 1.419927931959e-02 2.351319576126e-02 3.294332330043e-02 4.223342294996e-02 5.135146934930e-02 6.029805998207e-02 6.907753319462e-02 7.769448036159e-02 8.615336816007e-02 9.445850544148e-02 1.026140463015e-01 1.106239965689e-01 1.184922203209e-01 1.262224460940e-01 1.338182727745e-01 1.412831751856e-01 1.486205093875e-01 1.558335177083e-01 1.629253335213e-01 1.698989857837e-01 1.767574033497e-01 1.835034190723e-01
1.000000000000e-12 1.000000000000e-12 1.000000000000e-12 1.000000000000e-12 1.000000000000e-12 1.000000000000e-12 1.000000000000e-12 1.000000000000e-12 1.000000000000e-12 1.000000000000e-12 1.000000000000e-12 1.000000000000e-12 1.000000000000e-12 1.000000000000e-12 1.000000000000e-12 1.000000000000e-12 1.000000000000e-12 1.000000000000e-12 1.000000000000e-12 1.000000000000e-12 1.000000000000e-12 1.000000000000e-12 1.000000000000e-12 1.000000000000e-12 1.000000000000e-12 1.000000000000e-12 1.000000000000e-12 1.000000000000e-12 1.000000000000e-12 1.000000000000e-12 1.000000000000e-12 1.000000000000e-12 1.000000000000e-12 1.000000000000e-12 1.000000000000e-12 1.000000000000e-12 1.000000000000e-12 1.000000000000e-12 1.000000000000e-12 1.000000000000e-12 1.000000000000e-12 1.000000000000e-12 1.000000000000e-12 1.000000000000e-12 1.000000000000e-12 1.000000000000e-12 1.000000000000e-12 1.000000000000e-12 1.000000000000e-12 1.000000000000e-12 1.000000000000e-12 1.000000000000e-12 1.000000000000e-12 1.000000000000e-12 1.000000000000e-12 1.000000000000e-12 1.000000000000e-12 1.000000000000e-12 1.000000000000e-12 1.000000000000e-12 1.000000000000e-12 1.000000000000e-12 1.000000000000e-12 1.000000000000e-12 1.000000000000e-12 1.000000000000e-12 1.000000000000e-12 1.000000000000e-12 1.000000000000e-12 1.000000000000e-12 1.000000000000e-12 1.000000000000e-12 1.000000000000e-12 1.000000000000e-12 1.000000000000e-12 1.000000000000e-12 1.000000000000e-12 1.000000000000e-12 1.000000000000e-12 1.000000000000e-12 1.000000000000e-12 1.000000000000e-12 1.000000000000e-12 1.000000000000e-12 1.000000000000e-12 1.000000000000e-12 1.000000000000e-12 1.000000000000e-12 2.063916878465e-12 3.071216288753e-11 4.363860310000e-10 5.896841110221e-09 7.528119978514e-08 8.976651548528e-07 9.785211058148e-06 9.321011940066e-05 7.018567564524e-04 3.489612630757e-03 1.009999301399e-02 1.908638183121e-02 2.857586799482e-02 3.798894829677e-02 4.723437650705e-02 5.630523138516e-02 6.520514803628e-02 7.393877980372e-02 8.251073003684e-02 9.092544584632e-02 9.918721397353e-02 1.073001668623e-01 1.152682894273e-01 1.230954255682e-01 1.307852843512e-01 1.383414458693e-01 1.457673668003e-01 1.530663856792e-01 1.602417279027e-01 1.672965104819e-01 1.742337465567e-01 1.810563496870e-01 1.877671379326e-01
1.000000000000e-12 1.000000000000e-12 1.000000000000e-12 1.000000000000e-12 1.000000000000e-12 1.000000000000e-12 1.000000000000e-12 1.000000000000e-12 1.000000000000e-12 1.000000000000e-12 1.000000000000e-12 1.000000000000e-12 1.000000000000e-12 1.000000000000e-12 1.000000000000e-12 1.000000000000e-12 1.000000000000e-12 1.000000000000e-12 1.000000000000e-12 1.000000000000e-12 1.000000000000e-12 1.000000000000e-12 1.000000000000e-12 1.000000000000e-12 1.000000000000e-12 1.000000000000e-12 1.000000000000e-12 1.000000000000e-12 1.000000000000e-12 1.000000000000e-12 1.000000000000e-12 1.000000000000e-12 1.000000000000e-12 1.000000000000e-12 1.000000000000e-12 1.000000000000e-12 1.000000000000e-12 1.000000000000e-12 1.000000000000e-12 1.000000000000e-12 1.000000000000e-12 1.000000000000e-12 1.000000000000e-12 1.000000000000e-12 1.000000000000e-12 1.000000000000e-12 1.000000000000e-12 1.000000000000e-12 1.000000000000e-12 1.000000000000e-12 1.000000000000e-12 1.000000000000e-12 1.000000000000e-12 1.000000000000e-12 1.000000000000e-12 1.000000000000e-12 1.000000000000e-12 1.000000000000e-12 1.000000000000e-12 1.000000000000e-12 1.000000000000e-12 1.000000000000e-12 1.000000000000e-12 1.000000000000e-12 1.000000000000e-12 1.000000000000e-12 1.000000000000e-12 1.000000000000e-12 1.000000000000e-12 1.000000000000e-12 1.000000000000e-12 1.000000000000e-12 1.000000000000e-12 1.000000000000e-12 1.000000000000e-12 1.000000000000e-12 1.000000000000e-12 1.000000000000e-12 1.000000000000e-12 1.000000000000e-12 1.000000000000e-12 1.000000000000e-12 1.000000000000e-12 1.000000000000e-12 1.000000000000e-12 1.000000000000e-12 1.000000000000e-12 1.000000000000e-12 7.536999939958e-12 1.113072542420e-10 1.566117340188e-09 2.088565808704e-08 2.617055523912e-07 3.033241544480e-06 3.151736252650e-05 2.740290395843e-04 1.723728451398e-03 6.511753480368e-03 1.472793121331e-02 2.416743901660e-02 3.369030087659e-02 4.306423969300e-02 5.226205874475e-02 6.128517128154e-02 7.013813534355e-02 7.882568035957e-02 8.735239584856e-02 9.572270652952e-02 1.039408766329e-01 1.120110168067e-01 1.199370909380e-01 1.277229226421e-01 1.353722014121e-01 1.428884884486e-01 1.502752221882e-01 1.575357235482e-01 1.646732009047e-01 1.716907548199e-01 1.785913825332e-01 1.853779822294e-01 1.920533570973e-01
1.000000000000e-12 1.000000000000e-12 1.000000000000e-12 1.000000000000e-12 1.000000000000e-12 1.000000000000e-12 1.000000000000e-12 1.000000000000e-12 1.000000000000e-12 1.000000000000e-12 1.000000000000e-12 1.000000000000e-12 1.000000000000e-12 1.000000000000e-12 1.000000000000e-12 1.000000000000e-12 1.000000000000e-12 1.000000000000e-12 1.000000000000e-12 1.000000000000e-12 1.000000000000e-12 1.000000000000e-12 1.000000000000e-12 1.000000000000e-12 1.000000000000e-12 1.000000000000e-12 1.000000000000e-12 1.000000000000e-12 1.000000000000e-12 1.000000000000e-12 1.000000000000e-12 1.000000000000e-12 1.000000000000e-12 1.000000000000e-12 1.000000000000e-12 1.000000000000e-12 1.000000000000e-12 1.000000000000e-12 1.000000000000e-12 1.000000000000e-12 1.000000000000e-12 1.000000000000e-12 1.000000000000e-12 1.000000000000e-12 1.000000000000e-12 1.000000000000e-12 1.000000000000e-12 1.000000000000e-12 1.000000000000e-12 1.000000000000e-12 1.000000000000e-12 1.000000000000e-12 1.000000000000e-12 1.000000000000e-12 1.000000000000e-12 1.000000000000e-12 1.000000000000e-12 1.000000000000e-12 1.000000000000e-12 1.000000000000e-12 1.000000000000e-12 1.000000000000e-12 1.000000000000e-12 1.000000000000e-12 1.000000000000e-12 1.000000000000e-12 1.000000000000e-12 1.000000000000e-12 1.000000000000e-12 1.000000000000e-12 1.000000000000e-12 1.000000000000e-12 1.000000000000e-12 1.000000000000e-12 1.000000000000e-12 1.000000000000e-12 1.000000000000e-12 1.000000000000e-12 1.000000000000e-12 1.000000000000e-12 1.000000000000e-12 1.000000000000e-12 1.000000000000e-12 1.000000000000e-12 1.000000000000e-12 1.000000000000e-12 1.000000000000e-12 1.812308215560e-12 2.781135944301e-11 4.071680643166e-10 5.663714444260e-09 7.434842824102e-08 9.103144036690e-07 1.016733923407e-05 9.882720283551e-05 7.523844097355e-04 3.720693387098e-03 1.059100280976e-02 1.974574039404e-02 2.933993788843e-02 3.884032609112e-02 4.816754305280e-02 5.731665685547e-02 6.629168196310e-02 7.509743356571e-02 8.373864505214e-02 9.221988443905e-02 1.005455531487e-01 1.087198926994e-01 1.167469918187e-01 1.246307932533e-01 1.323751002256e-01 1.399835825512e-01 1.474597824376e-01 1.548071199831e-01 1.620288983931e-01 1.691283089323e-01 1.761084356264e-01 1.829722597295e-01 1.897226639692e-01 1.963624365839e-01
1.000000000000e-12 1.000000000000e-12 1.000000000000e-12 1.000000000000e-12 1.000000000000e-12 1.000000000000e-12 1.000000000000e-12 1.000000000000e-12 1.000000000000e-12 1.000000000000e-12 1.000000000000e-12 1.000000000000e-12 1.000000000000e-12 1.000000000000e-12 1.000000000000e-12 1.000000000000e-12 1.000000000000e-12 1.000000000000e-12 1.000000000000e-12 1.000000000000e-12 1.000000000000e-12 1.000000000000e-12 1.000000000000e-12 1.000000000000e-12 1.000000000000e-12 1.000000000000e-12 1.000000000000e-12 1.000000000000e-12 1.000000000000e-12 1.000000000000e-12 1.000000000000e-12 1.000000000000e-12 1.000000000000e-12 1.000000000000e-12 1.000000000000e-12 1.000000000000e-12 1.000000000000e-12 1.000000000000e-12 1.000000000000e-12 1.000000000000e-12 1.000000000000e-12 1.000000000000e-12 1.000000000000e-12 1.000000000000e-12 1.000000000000e-12 1.000000000000e-12 1.000000000000e-12 1.000000000000e-12 1.000000000000e-12 1.000000000000e-12 1.000000000000e-12 1.000000000000e-12 1.000000000000e-12 1.000000000000e-12 1.000000000000e-12 1.000000000000e-12 1.000000000000e-12 1.000000000000e-12 1.000000000000e-12 1.000000000000e-12 1.000000000000e-12 1.000000000000e-12 1.000000000000e-12 1.000000000000e-12 1.000000000000e-12 1.000000000000e-12 1.000000000000e-12 1.000000000000e-12 1.000000000000e-12 1.000000000000e-12 1.000000000000e-12 1.000000000000e-12 1.000000000000e-12 1.000000000000e-12 1.000000000000e-12 1.000000000000e-12 1.000000000000e-12 1.000000000000e-12 1.000000000000e-12 1.000000000000e-12 1.000000000000e-12 1.000000000000e-12 1.000000000000e-12 1.000000000000e-12 1.000000000000e-12 1.000000000000e-12 1.000000000000e-12 6.808117529684e-12 1.036684298383e-10 1.502555886639e-09 2.061935874943e-08 2.655169928571e-07 3.156718788359e-06 3.353795799558e-05 2.961104870590e-04 1.864047889051e-03 6.926990175807e-03 1.537710089598e-02 2.494633290968e-02 3.456257526821e-02 4.402072938453e-02 5.329864051775e-02 6.239853345067e-02 7.132518551655e-02 8.008346743725e-02 8.867809533671e-02 9.711361343386e-02 1.053943995065e-01 1.135246722158e-01 1.215084982483e-01 1.293497990960e-01 1.370523574786e-01 1.446198234282e-01 1.520557200567e-01 1.593634490249e-01 1.665462957313e-01 1.736074342368e-01 1.805499319414e-01 1.873767540278e-01 1.940907676831e-01 2.006947461145e-01
1.000000000000e-12 1.000000000000e-12 1.000000000000e-12 1.000000000000e-12 1.000000000000e-12 1.000000000000e-12 1.000000000000e-12 1.000000000000e-12 1.000000000000e-12 1.000000000000e-12 1.000000000000e-12 1.000000000000e-12 1.000000000000e-12 1.000000000000e-12 1.000000000000e-12 1.000000000000e-12 1.000000000000e-12 1.000000000000e-12 1.000000000000e-12 1.000000000000e-12 1.000000000000e-12 1.000000000000e-12 1.000000000000e-12 1.000000000000e-12 1.000000000000e-12 1.000000000000e-12 1.000000000000e-12 1.000000000000e-12 1.000000000000e-12 1.000000000000e-12 1.000000000000e-12 1.000000000000e-12 1.000000000000e-12 1.000000000000e-12 1.000000000000e-12 1.000000000000e-12 1.000000000000e-12 1.000000000000e-12 1.000000000000e-12 1.000000000000e-12 1.000000000000e-12 1.000000000000e-12 1.000000000000e-12 1.000000000000e-12 1.000000000000e-12 1.000000000000e-12 1.000000000000e-12 1.000000000000e-12 1.000000000000e-12 1.000000000000e-12 1.000000000000e-12 1.000000000000e-12 1.000000000000e-12 1.000000000000e-12 1.000000000000e-12 1.000000000000e-12 1.000000000000e-12 1.000000000000e-12 1.000000000000e-12 1.000000000000e-12 1.000000000000e-12 1.000000000000e-12 1.000000000000e-12 1.000000000000e-12 1.000000000000e-12 1.000000000000e-12 1.000000000000e-12 1.000000000000e-12 1.000000000000e-12 1.000000000000e-12 1.000000000000e-12 1.000000000000e-12 1.000000000000e-12 1.000000000000e-12 1.000000000000e-12 1.000000000000e-12 1.000000000000e-12 1.000000000000e-12 1.000000000000e-12 1.000000000000e-12 1.000000000000e-12 1.000000000000e-12 1.000000000000e-12 1.000000000000e-12 1.000000000000e-12 1.000000000000e-12 1.632881175773e-12 2.585552159962e-11 3.902124510954e-10 5.589477975620e-09 7.546524122597e-08 9.487643430372e-07 1.085269219397e-05 1.074834014146e-04 8.241964058362e-04 4.026192590788e-03 1.119998857505e-02 2.053283750423e-02 3.023279002012e-02 3.982083517307e-02 4.923015191166e-02 5.845778300588e-02 6.750811315107e-02 7.638612105718e-02 8.509667384387e-02 9.364446421302e-02 1.020340118448e-01 1.102696706822e-01 1.183556363984e-01 1.262959535183e-01 1.340945221631e-01 1.417551044382e-01 1.492813304843e-01 1.566767042137e-01 1.639446087494e-01 1.710883115856e-01 1.781109694857e-01 1.850156331338e-01 1.918052515530e-01 1.984826763056e-01 2.050506654859e-01
1.000000000000e-12 1.000000000000e-12 1.000000000000e-12 1.000000000000e-12 1.000000000000e-12 1.000000000000e-12 1.000000000000e-12 1.000000000000e-12 1.000000000000e-12 1.000000000000e-12 1.000000000000e-12 1.000000000000e-12 1.000000000000e-12 1.000000000000e-12 1.000000000000e-12 1.000000000000e-12 1.000000000000e-12 1.000000000000e-12 1.000000000000e-12 1.000000000000e-12 1.000000000000e-12 1.000000000000e-12 1.000000000000e-12 1.000000000000e-12 1.000000000000e-12 1.000000000000e-12 1.000000000000e-12 1.000000000000e-12 1.000000000000e-12 1.000000000000e-12 1.000000000000e-12 1.000000000000e-12 1.000000000000e-12 1.000000000000e-12 1.000000000000e-12 1.000000000000e-12 1.000000000000e-12 1.000000000000e-12 1.000000000000e-12 1.000000000000e-12 1.000000000000e-12 1.000000000000e-12 1.000000000000e-12 1.000000000000e-12 1.000000000000e-12 1.000000000000e-12 1.000000000000e-12 1.000000000000e-12 1.000000000000e-12 1.000000000000e-12 1.000000000000e-12 1.000000000000e-12 1.000000000000e-12 1.000000000000e-12 1.000000000000e-12 1.000000000000e-12 1.000000000000e-12 1.000000000000e-12 1.000000000000e-12 1.000000000000e-12 1.000000000000e-12 1.000000000000e-12 1.000000000000e-12 1.000000000000e-12 1.000000000000e-12 1.000000000000e-12 1.000000000000e-12 1.000000000000e-12 1.000000000000e-12 1.000000000000e-12 1.000000000000e-12 1.000000000000e-12 1.000000000000e-12 1.000000000000e-12 1.000000000000e-12 1.000000000000e-12 1.000000000000e-12 1.000000000000e-12 1.000000000000e-12 1.000000000000e-12 1.000000000000e-12 1.000000000000e-12 1.000000000000e-12 1.000000000000e-12 1.000000000000e-12 1.000000000000e-12 6.317585097071e-12 9.924054179204e-11 1.482324381679e-09 2.093836280375e-08 2.771177870255e-07 3.378793652899e-06 3.666993307750e-05 3.279002650360e-04 2.053587567550e-03 7.450592482462e-03 1.615640538548e-02 2.585769403064e-02 3.556760119256e-02 4.511024932725e-02 5.446850600399e-02 6.364537433645e-02 7.264584775724e-02 8.147494140336e-02 9.013750187255e-02 9.863819662687e-02 1.069815205047e-01 1.151718034660e-01 1.232132180679e-01 1.311097865512e-01 1.388653875487e-01 1.464837624377e-01 1.539685213580e-01 1.613231489166e-01 1.685510095964e-01 1.756553528888e-01 1.826393181644e-01 1.895059392990e-01 1.962581490676e-01 2.028987833212e-01 2.094305849579e-01
1.000000000000e-12 1.000000000000e-12 1.000000000000e-12 1.000000000000e-12 1.000000000000e-12 1.000000000000e-12 1.000000000000e-12 1.000000000000e-12 1.000000000000e-12 1.000000000000e-12 1.000000000000e-12 1.000000000000e-12 1.000000000000e-12 1.000000000000e-12 1.000000000000e-12 1.000000000000e-12 1.000000000000e-12 1.000000000000e-12 1.000000000000e-12 1.000000000000e-12 1.000000000000e-12 1.000000000000e-12 1.000000000000e-12 1.000000000000e-12 1.000000000000e-12 1.000000000000e-12 1.000000000000e-12 1.000000000000e-12 1.000000000000e-12 1.000000000000e-12 1.000000000000e-12 1.000000000000e-12 1.000000000000e-12 1.000000000000e-12 1.000000000000e-12 1.000000000000e-12 1.000000000000e-12 1.000000000000e-12 1.000000000000e-12 1.000000000000e-12 1.000000000000e-12 1.000000000000e-12 1.000000000000e-12 1.000000000000e-12 1.000000000000e-12 1.000000000000e-12 1.000000000000e-12 1.000000000000e-12 1.000000000000e-12 1.000000000000e-12 1.000000000000e-12 1.000000000000e-12 1.000000000000e-12 1.000000000000e-12 1.000000000000e-12 1.000000000000e-12 1.000000000000e-12 1.000000000000e-12 1.000000000000e-12 1.000000000000e-12 1.000000000000e-12 1.000000000000e-12 1.000000000000e-12 1.000000000000e-12 1.000000000000e-12 1.000000000000e-12 1.000000000000e-12 1.000000000000e-12 1.000000000000e-12 1.000000000000e-12 1.000000000000e-12 1.000000000000e-12 1.000000000000e-12 1.000000000000e-12 1.000000000000e-12 1.000000000000e-12 1.000000000000e-12 1.000000000000e-12 1.000000000000e-12 1.000000000000e-12 1.000000000000e-12 1.000000000000e-12 1.000000000000e-12 1.000000000000e-12 1.000000000000e-12 1.512355830113e-12 2.472311000724e-11 3.848178550874e-10 5.678453123279e-09 7.886877228317e-08 1.018092298876e-06 1.192012467333e-05 1.200725071781e-04 9.231852283551e-04 4.420401720805e-03 1.193908030623e-02 2.145631773431e-02 3.126223018630e-02 4.093811681382e-02 5.042976876223e-02 5.973610827073e-02 6.886187294906e-02 7.781220613177e-02 8.659211244340e-02 9.520641316664e-02 1.036597499234e-01 1.119565925268e-01 1.201012468158e-01 1.280978621020e-01 1.359504382180e-01 1.436628321885e-01 1.512387645473e-01 1.586818253219e-01 1.659954797062e-01 1.731830734394e-01 1.802478379096e-01 1.871928949980e-01 1.940212616782e-01 2.007358543866e-01 2.073394931755e-01 2.138349056620e-01
1.000000000000e-12 1.000000000000e-12 1.000000000000e-12 1.000000000000e-12 1.000000000000e-12 1.000000000000e-12 1.000000000000e-12 1.000000000000e-12 1.000000000000e-12 1.000000000000e-12 1.000000000000e-12 1.000000000000e-12 1.000000000000e-12 1.000000000000e-12 1.000000000000e-12 1.000000000000e-12 1.000000000000e-12 1.000000000000e-12 1.000000000000e-12 1.000000000000e-12 1.000000000000e-12 1.000000000000e-12 1.000000000000e-12 1.000000000000e-12 1.000000000000e-12 1.000000000000e-12 1.000000000000e-12 1.000000000000e-12 1.000000000000e-12 1.000000000000e-12 1.000000000000e-12 1.000000000000e-12 1.000000000000e-12 1.000000000000e-12 1.000000000000e-12 1.000000000000e-12 1.000000000000e-12 1.000000000000e-12 1.000000000000e-12 1.000000000000e-12 1.000000000000e-12 1.000000000000e-12 1.000000000000e-12 1.000000000000e-12 1.000000000000e-12 1.000000000000e-12 1.000000000000e-12 1.000000000000e-12 1.000000000000e-12 1.000000000000e-12 1.000000000000e-12 1.000000000000e-12 1.000000000000e-12 1.000000000000e-12 1.000000000000e-12 1.000000000000e-12 1.000000000000e-12 1.000000000000e-12 1.000000000000e-12 1.000000000000e-12 1.000000000000e-12 1.000000000000e-12 1.000000000000e-12 1.000000000000e-12 1.000000000000e-12 1.000000000000e-12 1.000000000000e-12 1.000000000000e-12 1.000000000000e-12 1.000000000000e-12 1.000000000000e-12 1.000000000000e-12 1.000000000000e-12 1.000000000000e-12 1.000000000000e-12 1.000000000000e-12 1.000000000000e-12 1.000000000000e-12 1.000000000000e-12 1.000000000000e-12 1.000000000000e-12 1.000000000000e-12 1.000000000000e-12 1.000000000000e-12 1.000000000000e-12 6.033902509267e-12 9.783237798846e-11 1.506585430488e-09 2.191175529602e-08 2.980847928685e-07 3.726119739887e-06 4.126169541329e-05 3.724699028142e-04 2.304728501605e-03 8.097989735280e-03 1.707605554994e-02 2.690981438033e-02 3.671333010816e-02 4.634065388181e-02 5.577943741674e-02 6.503340552984e-02 7.410776269965e-02 8.300767160804e-02 9.173811331665e-02 1.003038823870e-01 1.087095943329e-01 1.169596937891e-01 1.250584623367e-01 1.330100259106e-01 1.408183618092e-01 1.484873053271e-01 1.560205560372e-01 1.634216837414e-01 1.706941341111e-01 1.778412340362e-01 1.848661966998e-01 1.917721263946e-01 1.985620230972e-01 2.052387868133e-01 2.118052217073e-01 2.182640400294e-01
1.000000000000e-12 1.000000000000e-12 1.000000000000e-12 1.000000000000e-12 1.000000000000e-12 1.000000000000e-12 1.000000000000e-12 1.000000000000e-12 1.000000000000e-12 1.000000000000e-12 1.000000000000e-12 1.000000000000e-12 1.000000000000e-12 1.000000000000e-12 1.000000000000e-12 1.000000000000e-12 1.000000000000e-12 1.000000000000e-12 1.000000000000e-12 1.000000000000e-12 1.000000000000e-12 1.000000000000e-12 1.000000000000e-12 1.000000000000e-12 1.000000000000e-12 1.000000000000e-12 1.000000000000e-12 1.000000000000e-12 1.000000000000e-12 1.000000000000e-12 1.000000000000e-12 1.000000000000e-12 1.000000000000e-12 1.000000000000e-12 1.000000000000e-12 1.000000000000e-12 1.000000000000e-12 1.000000000000e-12 1.000000000000e-12 1.000000000000e-12 1.000000000000e-12 1.000000000000e-12 1.000000000000e-12 1.000000000000e-12 1.000000000000e-12 1.000000000000e-12 1.000000000000e-12 1.000000000000e-12 1.000000000000e-12 1.000000000000e-12 1.000000000000e-12 1.000000000000e-12 1.000000000000e-12 1.000000000000e-12 1.000000000000e-12 1.000000000000e-12 1.000000000000e-12 1.000000000000e-12 1.000000000000e-12 1.000000000000e-12 1.000000000000e-12 1.000000000000e-12 1.000000000000e-12 1.000000000000e-12 1.000000000000e-12 1.000000000000e-12 1.000000000000e-12 1.000000000000e-12 1.000000000000e-12 1.000000000000e-12 1.000000000000e-12 1.000000000000e-12 1.000000000000e-12 1.000000000000e-12 1.000000000000e-12 1.000000000000e-12 1.000000000000e-12 1.000000000000e-12 1.000000000000e-12 1.000000000000e-12 1.000000000000e-12 1.000000000000e-12 1.000000000000e-12 1.000000000000e-12 1.442736999754e-12 2.436313655694e-11 3.912904025072e-10 5.950285350437e-09 8.503440125364e-08 1.126932351180e-06 1.349547600979e-05 1.379606565764e-04 1.057734604878e-03 4.920995179443e-03 1.282135239031e-02 2.252528427698e-02 3.243656978577e-02 4.220033101410e-02 5.177447366216e-02 6.115963818889e-02 7.036089226299e-02 7.938354473665e-02 8.823274163829e-02 9.691343684839e-02 1.054303977217e-01 1.137882134833e-01 1.219913034432e-01 1.300439247857e-01 1.379501799363e-01 1.457140235303e-01 1.533392690086e-01 1.608295948638e-01 1.681885505569e-01 1.754195621256e-01 1.825259375032e-01 1.895108715636e-01 1.963774509114e-01 2.031286584290e-01 2.097673775977e-01 2.162963966037e-01 2.227184122426e-01
1.000000000000e-12 1.000000000000e-12 1.000000000000e-12 1.000000000000e-12 1.000000000000e-12 1.000000000000e-12 1.000000000000e-12 1.000000000000e-12 1.000000000000e-12 1.000000000000e-12 1.000000000000e-12 1.000000000000e-12 1.000000000000e-12 1.000000000000e-12 1.000000000000e-12 1.000000000000e-12 1.000000000000e-12 1.000000000000e-12 1.000000000000e-12 1.000000000000e-12 1.000000000000e-12 1.000000000000e-12 1.000000000000e-12 1.000000000000e-12 1.000000000000e-12 1.000000000000e-12 1.000000000000e-12 1.000000000000e-12 1.000000000000e-12 1.000000000000e-12 1.000000000000e-12 1.000000000000e-12 1.000000000000e-12 1.000000000000e-12 1.000000000000e-12 1.000000000000e-12 1.000000000000e-12 1.000000000000e-12 1.000000000000e-12 1.000000000000e-12 1.000000000000e-12 1.000000000000e-12 1.000000000000e-12 1.000000000000e-12 1.000000000000e-12 1.000000000000e-12 1.000000000000e-12 1.000000000000e-12 1.000000000000e-12 1.000000000000e-12 1.000000000000e-12 1.000000000000e-12 1.000000000000e-12 1.000000000000e-12 1.000000000000e-12 1.000000000000e-12 1.000000000000e-12 1.000000000000e-12 1.000000000000e-12 1.000000000000e-12 1.000000000000e-12 1.000000000000e-12 1.000000000000e-12 1.000000000000e-12 1.000000000000e-12 1.000000000000e-12 1.000000000000e-12 1.000000000000e-12 1.000000000000e-12 1.000000000000e-12 1.000000000000e-12 1.000000000000e-12 1.000000000000e-12 1.000000000000e-12 1.000000000000e-12 1.000000000000e-12 1.000000000000e-12 1.000000000000e-12 1.000000000000e-12 1.000000000000e-12 1.000000000000e-12 1.000000000000e-12 1.000000000000e-12 1.000000000000e-12 5.943764973855e-12 9.952285650785e-11 1.580799203279e-09 2.367907714035e-08 3.311184663328e-07 4.241655191128e-06 4.785573250687e-05 4.343740810472e-04 2.633887452868e-03 8.886517732833e-03 1.814671120011e-02 2.811147800062e-02 3.800825064068e-02 4.772033609735e-02 5.723974876322e-02 6.657086250642e-02 7.571908696103e-02 8.468973561067e-02 9.348792810518e-02 1.021185900764e-01 1.105864614295e-01 1.188961049410e-01 1.270519144497e-01 1.350581226026e-01 1.429188081797e-01 1.506379030228e-01 1.582191985934e-01 1.656663521821e-01 1.729828927917e-01 1.801722267132e-01 1.872376428137e-01 1.941823175529e-01 2.010093197448e-01 2.077216150794e-01 2.143220704183e-01 2.208134578774e-01 2.271984587087e-01
1.000000000000e-12 1.000000000000e-12 1.000000000000e-12 1.000000000000e-12 1.000000000000e-12 1.000000000000e-12 1.000000000000e-12 1.000000000000e-12 1.000000000000e-12 1.000000000000e-12 1.000000000000e-12 1.000000000000e-12 1.000000000000e-12 1.000000000000e-12 1.000000000000e-12 1.000000000000e-12 1.000000000000e-12 1.000000000000e-12 1.000000000000e-12 1.000000000000e-12 1.000000000000e-12 1.000000000000e-12 1.000000000000e-12 1.000000000000e-12 1.000000000000e-12 1.000000000000e-12 1.000000000000e-12 1.000000000000e-12 1.000000000000e-12 1.000000000000e-12 1.000000000000e-12 1.000000000000e-12 1.000000000000e-12 1.000000000000e-12 1.000000000000e-12 1.000000000000e-12 1.000000000000e-12 1.000000000000e-12 1.000000000000e-12 1.000000000000e-12 1.000000000000e-12 1.000000000000e-12 1.000000000000e-12 1.000000000000e-12 1.000000000000e-12 1.000000000000e-12 1.000000000000e-12 1.000000000000e-12 1.000000000000e-12 1.000000000000e-12 1.000000000000e-12 1.000000000000e-12 1.000000000000e-12 1.000000000000e-12 1.000000000000e-12 1.000000000000e-12 1.000000000000e-12 1.000000000000e-12 1.000000000000e-12 1.000000000000e-12 1.000000000000e-12 1.000000000000e-12 1.000000000000e-12 1.000000000000e-12 1.000000000000e-12 1.000000000000e-12 1.000000000000e-12 1.000000000000e-12 1.000000000000e-12 1.000000000000e-12 1.000000000000e-12 1.000000000000e-12 1.000000000000e-12 1.000000000000e-12 1.000000000000e-12 1.000000000000e-12 1.000000000000e-12 1.000000000000e-12 1.000000000000e-12 1.000000000000e-12 1.000000000000e-12 1.000000000000e-12 1.000000000000e-12 1.420626290095e-12 2.479552353745e-11 4.111147298390e-10 6.444939823434e-09 9.478157561387e-08 1.289319797975e-06 1.577749823765e-05 1.632362238218e-04 1.239683963585e-03 5.549215712849e-03 1.386049532644e-02 2.374927144852e-02 3.376466477370e-02 4.361620053882e-02 5.327290445267e-02 6.273692795694e-02 7.201364330312e-02 8.110852588317e-02 9.002686718902e-02 9.877375784065e-02 1.073540948240e-01 1.157725904131e-01 1.240337807798e-01 1.321420341425e-01 1.401015584679e-01 1.479164087530e-01 1.555904939130e-01 1.631275833017e-01 1.705313128841e-01 1.778051910857e-01 1.849526043354e-01 1.919768223231e-01 1.988810029869e-01 2.056681972464e-01 2.123413534991e-01 2.189033218899e-01 2.253568583706e-01 2.317046285589e-01
1.000000000000e-12 1.000000000000e-12 1.000000000000e-12 1.000000000000e-12 1.000000000000e-12 1.000000000000e-12 1.000000000000e-12 1.000000000000e-12 1.000000000000e-12 1.000000000000e-12 1.000000000000e-12 1.000000000000e-12 1.000000000000e-12 1.000000000000e-12 1.000000000000e-12 1.000000000000e-12 1.000000000000e-12 1.000000000000e-12 1.000000000000e-12 1.000000000000e-12 1.000000000000e-12 1.000000000000e-12 1.000000000000e-12 1.000000000000e-12 1.000000000000e-12 1.000000000000e-12 1.000000000000e-12 1.000000000000e-12 1.000000000000e-12 1.000000000000e-12 1.000000000000e-12 1.000000000000e-12 1.000000000000e-12 1.000000000000e-12 1.000000000000e-12 1.000000000000e-12 1.000000000000e-12 1.000000000000e-12 1.000000000000e-12 1.000000000000e-12 1.000000000000e-12 1.000000000000e-12 1.000000000000e-12 1.000000000000e-12 1.000000000000e-12 1.000000000000e-12 1.000000000000e-12 1.000000000000e-12 1.000000000000e-12 1.000000000000e-12 1.000000000000e-12 1.000000000000e-12 1.000000000000e-12 1.000000000000e-12 1.000000000000e-12 1.000000000000e-12 1.000000000000e-12 1.000000000000e-12 1.000000000000e-12 1.000000000000e-12 1.000000000000e-12 1.000000000000e-12 1.000000000000e-12 1.000000000000e-12 1.000000000000e-12 1.000000000000e-12 1.000000000000e-12 1.000000000000e-12 1.000000000000e-12 1.000000000000e-12 1.000000000000e-12 1.000000000000e-12 1.000000000000e-12 1.000000000000e-12 1.000000000000e-12 1.000000000000e-12 1.000000000000e-12 1.000000000000e-12 1.000000000000e-12 1.000000000000e-12 1.000000000000e-12 1.000000000000e-12 1.000000000000e-12 6.052097587715e-12 1.047071468804e-10 1.716150080374e-09 2.648236039265e-08 3.806426579880e-07 4.994043196172e-06 5.730010340201e-05 5.203747135671e-04 3.062420867927e-03 9.834956316842e-03 1.937933859895e-02 2.947199049951e-02 3.946143494969e-02 4.925827383686e-02 5.885833099692e-02 6.826654889829e-02 7.748853657962e-02 8.652976181032e-02 9.539548709609e-02 1.040907732247e-01 1.126204883093e-01 1.209893168243e-01 1.292017681794e-01 1.372621848216e-01 1.451747498917e-01 1.529434944629e-01 1.605723043891e-01 1.680649267856e-01 1.754249761663e-01 1.826559402576e-01 1.897611855095e-01 1.967439623215e-01 2.036074100004e-01 2.103545614665e-01 2.169883477222e-01 2.235116020973e-01 2.299270642841e-01 2.362373841740e-01
1.000000000000e-12 1.000000000000e-12 1.000000000000e-12 1.000000000000e-12 1.000000000000e-12 1.000000000000e-12 1.000000000000e-12 1.000000000000e-12 1.000000000000e-12 1.000000000000e-12 1.000000000000e-12 1.000000000000e-12 1.000000000000e-12 1.000000000000e-12 1.000000000000e-12 1.000000000000e-12 1.000000000000e-12 1.000000000000e-12 1.000000000000e-12 1.000000000000e-12 1.000000000000e-12 1.000000000000e-12 1.000000000000e-12 1.000000000000e-12 1.000000000000e-12 1.000000000000e-12 1.000000000000e-12 1.000000000000e-12 1.000000000000e-12 1.000000000000e-12 1.000000000000e-12 1.000000000000e-12 1.000000000000e-12 1.000000000000e-12 1.000000000000e-12 1.000000000000e-12 1.000000000000e-12 1.000000000000e-12 1.000000000000e-12 1.000000000000e-12 1.000000000000e-12 1.000000000000e-12 1.000000000000e-12 1.000000000000e-12 1.000000000000e-12 1.000000000000e-12 1.000000000000e-12 1.000000000000e-12 1.000000000000e-12 1.000000000000e-12 1.000000000000e-12 1.000000000000e-12 1.000000000000e-12 1.000000000000e-12 1.000000000000e-12 1.000000000000e-12 1.000000000000e-12 1.000000000000e-12 1.000000000000e-12 1.000000000000e-12 1.000000000000e-12 1.000000000000e-12 1.000000000000e-12 1.000000000000e-12 1.000000000000e-12 1.000000000000e-12 1.000000000000e-12 1.000000000000e-12 1.000000000000e-12 1.000000000000e-12 1.000000000000e-12 1.000000000000e-12 1.000000000000e-12 1.000000000000e-12 1.000000000000e-12 1.000000000000e-12 1.000000000000e-12 1.000000000000e-12 1.000000000000e-12 1.000000000000e-12 1.000000000000e-12 1.000000000000e-12 1.447216002005e-12 2.612328179296e-11 4.473523337335e-10 7.232151916250e-09 1.094624362527e-07 1.527908447908e-06 1.908226948446e-05 1.991167088592e-04 1.485627749005e-03 6.329729913151e-03 1.507042779570e-02 2.513824034995e-02 3.525596360648e-02 4.519506011122e-02 5.493430473803e-02 6.447712941433e-02 7.382918566724e-02 8.299611686439e-02 9.198336420661e-02 1.007961593213e-01 1.094395328305e-01 1.179183237879e-01 1.262371887010e-01 1.344006100575e-01 1.424129043793e-01 1.502782298326e-01 1.580005934247e-01 1.655838578100e-01 1.730317477327e-01 1.803478561274e-01 1.875356498980e-01 1.945984753961e-01 2.015395636157e-01 2.083620351214e-01 2.150689047262e-01 2.216630859338e-01 2.281473951586e-01 2.345245557364e-01 2.407972017380e-01
1.000000000000e-12 1.000000000000e-12 1.000000000000e-12 1.000000000000e-12 1.000000000000e-12 1.000000000000e-12 1.000000000000e-12 1.000000000000e-12 1.000000000000e-12 1.000000000000e-12 1.000000000000e-12 1.000000000000e-12 1.000000000000e-12 1.000000000000e-12 1.000000000000e-12 1.000000000000e-12 1.000000000000e-12 1.000000000000e-12 1.000000000000e-12 1.000000000000e-12 1.000000000000e-12 1.000000000000e-12 1.000000000000e-12 1.000000000000e-12 1.000000000000e-12 1.000000000000e-12 1.000000000000e-12 1.000000000000e-12 1.000000000000e-12 1.000000000000e-12 1.000000000000e-12 1.000000000000e-12 1.000000000000e-12 1.000000000000e-12 1.000000000000e-12 1.000000000000e-12 1.000000000000e-12 1.000000000000e-12 1.000000000000e-12 1.000000000000e-12 1.000000000000e-12 1.000000000000e-12 1.000000000000e-12 1.000000000000e-12 1.000000000000e-12 1.000000000000e-12 1.000000000000e-12 1.000000000000e-12 1.000000000000e-12 1.000000000000e-12 1.000000000000e-12 1.000000000000e-12 1.000000000000e-12 1.000000000000e-12 1.000000000000e-12 1.000000000000e-12 1.000000000000e-12 1.000000000000e-12 1.000000000000e-12 1.000000000000e-12 1.000000000000e-12 1.000000000000e-12 1.000000000000e-12 1.000000000000e-12 1.000000000000e-12 1.000000000000e-12 1.000000000000e-12 1.000000000000e-12 1.000000000000e-12 1.000000000000e-12 1.000000000000e-12 1.000000000000e-12 1.000000000000e-12 1.000000000000e-12 1.000000000000e-12 1.000000000000e-12 1.000000000000e-12 1.000000000000e-12 1.000000000000e-12 1.000000000000e-12 1.000000000000e-12 1.000000000000e-12 6.385205147777e-12 1.142055128118e-10 1.932268488524e-09 3.072374520859e-08 4.538629504633e-07 6.093977181678e-06 7.093744081147e-05 6.405412845844e-04 3.617439092432e-03 1.096281393945e-02 2.078510168956e-02 3.100122502343e-02 4.108259160403e-02 5.096408090687e-02 6.064470193204e-02 7.012988541767e-02 7.942543500724e-02 8.853697653810e-02 9.746991978735e-02 1.062294648985e-01 1.148206121078e-01 1.232481712308e-01 1.315167706390e-01 1.396308657352e-01 1.475947469591e-01 1.554125473523e-01 1.630882497100e-01 1.706256933472e-01 1.780285805019e-01 1.853004823988e-01 1.924448449937e-01 1.994649944184e-01 2.063641421440e-01 2.131453898794e-01 2.198117342214e-01 2.263660710690e-01 2.328111998189e-01 2.391498273516e-01 2.453845718219e-01
1.000000000000e-12 1.000000000000e-12 1.000000000000e-12 1.000000000000e-12 1.000000000000e-12 1.000000000000e-12 1.000000000000e-12 1.000000000000e-12 1.000000000000e-12 1.000000000000e-12 1.000000000000e-12 1.000000000000e-12 1.000000000000e-12 1.000000000000e-12 1.000000000000e-12 1.000000000000e-12 1.000000000000e-12 1.000000000000e-12 1.000000000000e-12 1.000000000000e-12 1.000000000000e-12 1.000000000000e-12 1.000000000000e-12 1.000000000000e-12 1.000000000000e-12 1.000000000000e-12 1.000000000000e-12 1.000000000000e-12 1.000000000000e-12 1.000000000000e-12 1.000000000000e-12 1.000000000000e-12 1.000000000000e-12 1.000000000000e-12 1.000000000000e-12 1.000000000000e-12 1.000000000000e-12 1.000000000000e-12 1.000000000000e-12 1.000000000000e-12 1.000000000000e-12 1.000000000000e-12 1.000000000000e-12 1.000000000000e-12 1.000000000000e-12 1.000000000000e-12 1.000000000000e-12 1.000000000000e-12 1.000000000000e-12 1.000000000000e-12 1.000000000000e-12 1.000000000000e-12 1.000000000000e-12 1.000000000000e-12 1.000000000000e-12 1.000000000000e-12 1.000000000000e-12 1.000000000000e-12 1.000000000000e-12 1.000000000000e-12 1.000000000000e-12 1.000000000000e-12 1.000000000000e-12 1.000000000000e-12 1.000000000000e-12 1.000000000000e-12 1.000000000000e-12 1.000000000000e-12 1.000000000000e-12 1.000000000000e-12 1.000000000000e-12 1.000000000000e-12 1.000000000000e-12 1.000000000000e-12 1.000000000000e-12 1.000000000000e-12 1.000000000000e-12 1.000000000000e-12 1.000000000000e-12 1.000000000000e-12 1.000000000000e-12 1.529087269420e-12 2.856162908628e-11 5.054078978739e-10 8.428571506715e-09 1.312981742737e-07 1.879668820876e-06 2.392065679797e-05 2.506154915203e-04 1.818567516350e-03 7.289973045103e-03 1.646491234428e-02 2.670260813529e-02 3.692056492279e-02 4.694691125650e-02 5.676857699813e-02 6.639004302298e-02 7.581721731291e-02 8.505591326088e-02 9.411172622140e-02 1.029900332227e-01 1.116960026320e-01 1.202346041056e-01 1.286106180410e-01 1.368286445013e-01 1.448931116390e-01 1.528082836523e-01 1.605782683041e-01 1.682070240296e-01 1.756983666616e-01 1.830559757943e-01 1.902834008097e-01 1.973840665874e-01 2.043612789156e-01 2.112182296231e-01 2.179580014482e-01 2.245835726594e-01 2.310978214438e-01 2.375035300763e-01 2.438033888811e-01 2.500000000000e-01
1.000000000000e-12 1.000000000000e-12 1.000000000000e-12 1.000000000000e-12 1.000000000000e-12 1.000000000000e-12 1.000000000000e-12 1.000000000000e-12 1.000000000000e-12 1.000000000000e-12 1.000000000000e-12 1.000000000000e-12 1.000000000000e-12 1.000000000000e-12 1.000000000000e-12 1.000000000000e-12 1.000000000000e-12 1.000000000000e-12 1.000000000000e-12 1.000000000000e-12 1.000000000000e-12 1.000000000000e-12 1.000000000000e-12 1.000000000000e-12 1.000000000000e-12 1.000000000000e-12 1.000000000000e-12 1.000000000000e-12 1.000000000000e-12 1.000000000000e-12 1.000000000000e-12 1.000000000000e-12 1.000000000000e-12 1.000000000000e-12 1.000000000000e-12 1.000000000000e-12 1.000000000000e-12 1.000000000000e-12 1.000000000000e-12 1.000000000000e-12 1.000000000000e-12 1.000000000000e-12 1.000000000000e-12 1.000000000000e-12 1.000000000000e-12 1.000000000000e-12 1.000000000000e-12 1.000000000000e-12 1.000000000000e-12 1.000000000000e-12 1.000000000000e-12 1.000000000000e-12 1.000000000000e-12 1.000000000000e-12 1.000000000000e-12 1.000000000000e-12 1.000000000000e-12 1.000000000000e-12 1.000000000000e-12 1.000000000000e-12 1.000000000000e-12 1.000000000000e-12 1.000000000000e-12 1.000000000000e-12 1.000000000000e-12 1.000000000000e-12 1.000000000000e-12 1.000000000000e-12 1.000000000000e-12 1.000000000000e-12 1.000000000000e-12 1.000000000000e-12 1.000000000000e-12 1.000000000000e-12 1.000000000000e-12 1.000000000000e-12 1.000000000000e-12 1.000000000000e-12 1.000000000000e-12 1.000000000000e-12 1.000000000000e-12 6.998402239572e-12 1.294744207150e-10 2.262210335554e-09 3.706925005319e-08 5.626659699880e-07 7.723365958236e-06 9.093038701096e-05 8.098933769920e-04 4.332227392019e-03 1.228941683606e-02 2.237531882638e-02 3.270968627052e-02 4.288212532961e-02 5.284806375924e-02 6.260906152569e-02 7.217096403200e-02 8.153976624457e-02 9.072125618685e-02 9.972099547085e-02 1.085443279071e-01 1.171963898668e-01 1.256821202347e-01 1.340062698081e-01 1.421734101663e-01 1.501879420428e-01 1.580541032320e-01 1.657759760610e-01 1.733574944548e-01 1.808024506183e-01 1.881145013617e-01 1.952971740891e-01 2.023538724733e-01 2.092878818330e-01 2.161023742332e-01 2.228004133238e-01 2.293849589317e-01 2.358588714225e-01 2.422249158431e-01 2.484857658592e-01 2.546440075001e-01
1.000000000000e-12 1.000000000000e-12 1.000000000000e-12 1.000000000000e-12 1.000000000000e-12 1.000000000000e-12 1.000000000000e-12 1.000000000000e-12 1.000000000000e-12 1.000000000000e-12 1.000000000000e-12 1.000000000000e-12 1.000000000000e-12 1.000000000000e-12 1.000000000000e-12 1.000000000000e-12 1.000000000000e-12 1.000000000000e-12 1.000000000000e-12 1.000000000000e-12 1.000000000000e-12 1.000000000000e-12 1.000000000000e-12 1.000000000000e-12 1.000000000000e-12 1.000000000000e-12 1.000000000000e-12 1.000000000000e-12 1.000000000000e-12 1.000000000000e-12 1.000000000000e-12 1.000000000000e-12 1.000000000000e-12 1.000000000000e-12 1.000000000000e-12 1.000000000000e-12 1.000000000000e-12 1.000000000000e-12 1.000000000000e-12 1.000000000000e-12 1.000000000000e-12 1.000000000000e-12 1.000000000000e-12 1.000000000000e-12 1.000000000000e-12 1.000000000000e-12 1.000000000000e-12 1.000000000000e-12 1.000000000000e-12 1.000000000000e-12 1.000000000000e-12 1.000000000000e-12 1.000000000000e-12 1.000000000000e-12 1.000000000000e-12 1.000000000000e-12 1.000000000000e-12 1.000000000000e-12 1.000000000000e-12 1.000000000000e-12 1.000000000000e-12 1.000000000000e-12 1.000000000000e-12 1.000000000000e-12 1.000000000000e-12 1.000000000000e-12 1.000000000000e-12 1.000000000000e-12 1.000000000000e-12 1.000000000000e-12 1.000000000000e-12 1.000000000000e-12 1.000000000000e-12 1.000000000000e-12 1.000000000000e-12 1.000000000000e-12 1.000000000000e-12 1.000000000000e-12 1.000000000000e-12 1.000000000000e-12 1.680168833770e-12 3.249492908090e-11 5.944429330836e-10 1.022893844709e-08 1.639899742484e-07 2.406223057034e-06 3.113636192416e-05 3.256375287945e-04 2.269807537160e-03 8.458846619616e-03 1.805725988087e-02 2.845331658852e-02 3.876928495369e-02 4.888248330116e-02 5.878634147703e-02 6.848617549177e-02 7.798813105707e-02 8.729819436014e-02 9.642211955501e-02 1.053654335868e-01 1.141334467792e-01 1.227312633016e-01 1.311637910737e-01 1.394357511071e-01 1.475516863188e-01 1.555159698513e-01 1.633328129292e-01 1.710062722852e-01 1.785402571797e-01 1.859385360419e-01 1.932047427550e-01 2.003423826077e-01 2.073548379326e-01 2.142453734508e-01 2.210171413396e-01 2.276731860406e-01 2.342164488240e-01 2.406497721217e-01 2.469759036445e-01 2.531975002956e-01 2.593171318904e-01
1.000000000000e-12 1.000000000000e-12 1.000000000000e-12 1.000000000000e-12 1.000000000000e-12 1.000000000000e-12 1.000000000000e-12 1.000000000000e-12 1.000000000000e-12 1.000000000000e-12 1.000000000000e-12 1.000000000000e-12 1.000000000000e-12 1.000000000000e-12 1.000000000000e-12 1.000000000000e-12 1.000000000000e-12 1.000000000000e-12 1.000000000000e-12 1.000000000000e-12 1.000000000000e-12 1.000000000000e-12 1.000000000000e-12 1.000000000000e-12 1.000000000000e-12 1.000000000000e-12 1.000000000000e-12 1.000000000000e-12 1.000000000000e-12 1.000000000000e-12 1.000000000000e-12 1.000000000000e-12 1.000000000000e-12 1.000000000000e-12 1.000000000000e-12 1.000000000000e-12 1.000000000000e-12 1.000000000000e-12 1.000000000000e-12 1.000000000000e-12 1.000000000000e-12 1.000000000000e-12 1.000000000000e-12 1.000000000000e-12 1.000000000000e-12 1.000000000000e-12 1.000000000000e-12 1.000000000000e-12 1.000000000000e-12 1.000000000000e-12 1.000000000000e-12 1.000000000000e-12 1.000000000000e-12 1.000000000000e-12 1.000000000000e-12 1.000000000000e-12 1.000000000000e-12 1.000000000000e-12 1.000000000000e-12 1.000000000000e-12 1.000000000000e-12 1.000000000000e-12 1.000000000000e-12 1.000000000000e-12 1.000000000000e-12 1.000000000000e-12 1.000000000000e-12 1.000000000000e-12 1.000000000000e-12 1.000000000000e-12 1.000000000000e-12 1.000000000000e-12 1.000000000000e-12 1.000000000000e-12 1.000000000000e-12 1.000000000000e-12 1.000000000000e-12 1.000000000000e-12 1.000000000000e-12 1.000000000000e-12 7.991055310168e-12 1.529992042893e-10 2.761597310471e-09 4.663940730447e-08 7.271169825839e-07 1.018865724027e-05 1.208304840553e-04 1.050769353845e-03 5.245812806162e-03 1.383295412683e-02 2.416150850187e-02 3.460859180000e-02 4.487120386719e-02 5.492128441993e-02 6.476235323065e-02 7.440060808452e-02 8.384223379883e-02 9.309318504377e-02 1.021591799736e-01 1.110457104854e-01 1.197580531899e-01 1.283012798492e-01 1.366802672211e-01 1.448997063423e-01 1.529641112857e-01 1.608778274273e-01 1.686450392537e-01 1.762697777403e-01 1.837559273264e-01 1.911072325146e-01 1.983273041155e-01 2.054196251617e-01 2.123875565106e-01 2.192343421546e-01 2.259631142570e-01 2.325768979295e-01 2.390786157673e-01 2.454710921548e-01 2.517570573571e-01 2.579391514078e-01 2.640199278060e-01
1.000000000000e-12 1.000000000000e-12 1.000000000000e-12 1.000000000000e-12 1.000000000000e-12 1.000000000000e-12 1.000000000000e-12 1.000000000000e-12 1.000000000000e-12 1.000000000000e-12 1.000000000000e-12 1.000000000000e-12 1.000000000000e-12 1.000000000000e-12 1.000000000000e-12 1.000000000000e-12 1.000000000000e-12 1.000000000000e-12 1.000000000000e-12 1.000000000000e-12 1.000000000000e-12 1.000000000000e-12 1.000000000000e-12 1.000000000000e-12 1.000000000000e-12 1.000000000000e-12 1.000000000000e-12 1.000000000000e-12 1.000000000000e-12 1.000000000000e-12 1.000000000000e-12 1.000000000000e-12 1.000000000000e-12 1.000000000000e-12 1.000000000000e-12 1.000000000000e-12 1.000000000000e-12 1.000000000000e-12 1.000000000000e-12 1.000000000000e-12 1.000000000000e-12 1.000000000000e-12 1.000000000000e-12 1.000000000000e-12 1.000000000000e-12 1.000000000000e-12 1.000000000000e-12 1.000000000000e-12 1.000000000000e-12 1.000000000000e-12 1.000000000000e-12 1.000000000000e-12 1.000000000000e-12 1.000000000000e-12 1.000000000000e-12 1.000000000000e-12 1.000000000000e-12 1.000000000000e-12 1.000000000000e-12 1.000000000000e-12 1.000000000000e-12 1.000000000000e-12 1.000000000000e-12 1.000000000000e-12 1.000000000000e-12 1.000000000000e-12 1.000000000000e-12 1.000000000000e-12 1.000000000000e-12 1.000000000000e-12 1.000000000000e-12 1.000000000000e-12 1.000000000000e-12 1.000000000000e-12 1.000000000000e-12 1.000000000000e-12 1.000000000000e-12 1.000000000000e-12 1.000000000000e-12 1.925630296460e-12 3.858347982392e-11 7.299949828456e-10 1.296398553451e-08 2.138597138825e-07 3.213132867811e-06 4.215760995859e-05 4.367715050886e-04 2.880714719474e-03 9.864788773156e-03 1.986020952993e-02 3.040193904211e-02 4.081373406843e-02 5.101330110994e-02 6.099900159892e-02 7.077680380004e-02 8.035307734297e-02 8.973398471352e-02 9.892544370465e-02 1.079331358124e-01 1.167625176254e-01 1.254188318214e-01 1.339071175464e-01 1.422322201963e-01 1.503988006398e-01 1.584113439202e-01 1.662741674687e-01 1.739914288617e-01 1.815671331517e-01 1.890051397974e-01 1.963091692207e-01 2.034828090113e-01 2.105295198028e-01 2.174526408390e-01 2.242553952504e-01 2.309408950577e-01 2.375121459181e-01 2.439720516319e-01 2.503234184202e-01 2.565689589897e-01 2.627112963961e-01 2.687529677173e-01
1.000000000000e-12 1.000000000000e-12 1.000000000000e-12 1.000000000000e-12 1.000000000000e-12 1.000000000000e-12 1.000000000000e-12 1.000000000000e-12 1.000000000000e-12 1.000000000000e-12 1.000000000000e-12 1.000000000000e-12 1.000000000000e-12 1.000000000000e-12 1.000000000000e-12 1.000000000000e-12 1.000000000000e-12 1.000000000000e-12 1.000000000000e-12 1.000000000000e-12 1.000000000000e-12 1.000000000000e-12 1.000000000000e-12 1.000000000000e-12 1.000000000000e-12 1.000000000000e-12 1.000000000000e-12 1.000000000000e-12 1.000000000000e-12 1.000000000000e-12 1.000000000000e-12 1.000000000000e-12 1.000000000000e-12 1.000000000000e-12 1.000000000000e-12 1.000000000000e-12 1.000000000000e-12 1.000000000000e-12 1.000000000000e-12 1.000000000000e-12 1.000000000000e-12 1.000000000000e-12 1.000000000000e-12 1.000000000000e-12 1.000000000000e-12 1.000000000000e-12 1.000000000000e-12 1.000000000000e-12 1.000000000000e-12 1.000000000000e-12 1.000000000000e-12 1.000000000000e-12 1.000000000000e-12 1.000000000000e-12 1.000000000000e-12 1.000000000000e-12 1.000000000000e-12 1.000000000000e-12 1.000000000000e-12 1.000000000000e-12 1.000000000000e-12 1.000000000000e-12 1.000000000000e-12 1.000000000000e-12 1.000000000000e-12 1.000000000000e-12 1.000000000000e-12 1.000000000000e-12 1.000000000000e-12 1.000000000000e-12 1.000000000000e-12 1.000000000000e-12 1.000000000000e-12 1.000000000000e-12 1.000000000000e-12 1.000000000000e-12 1.000000000000e-12 1.000000000000e-12 1.000000000000e-12 9.535030360539e-12 1.890284094090e-10 3.525776660956e-09 6.136984985473e-08 9.821032869294e-07 1.402109393832e-05 1.665847598939e-04 1.396029019120e-03 6.401146943206e-03 1.560971265261e-02 2.615553082316e-02 3.670996783248e-02 4.706183219341e-02 5.719563042221e-02 6.711633223710e-02 7.683043916602e-02 8.634432625263e-02 9.566411959800e-02 1.047956987423e-01 1.137447081923e-01 1.225165689903e-01 1.311164896597e-01 1.395494765177e-01 1.478203433938e-01 1.559337207925e-01 1.638940645382e-01 1.717056639353e-01 1.793726494746e-01 1.868990001168e-01 1.942885501773e-01 2.015449958405e-01 2.086719013239e-01 2.156727047160e-01 2.225507235064e-01 2.293091598278e-01 2.359511054267e-01 2.424795463796e-01 2.488973675691e-01 2.552073569345e-01 2.614122095102e-01 2.675145312633e-01 2.735168427432e-01
1.000000000000e-12 1.000000000000e-12 1.000000000000e-12 1.000000000000e-12 1.000000000000e-12 1.000000000000e-12 1.000000000000e-12 1.000000000000e-12 1.000000000000e-12 1.000000000000e-12 1.000000000000e-12 1.000000000000e-12 1.000000000000e-12 1.000000000000e-12 1.000000000000e-12 1.000000000000e-12 1.000000000000e-12 1.000000000000e-12 1.000000000000e-12 1.000000000000e-12 1.000000000000e-12 1.000000000000e-12 1.000000000000e-12 1.000000000000e-12 1.000000000000e-12 1.000000000000e-12 1.000000000000e-12 1.000000000000e-12 1.000000000000e-12 1.000000000000e-12 1.000000000000e-12 1.000000000000e-12 1.000000000000e-12 1.000000000000e-12 1.000000000000e-12 1.000000000000e-12 1.000000000000e-12 1.000000000000e-12 1.000000000000e-12 1.000000000000e-12 1.000000000000e-12 1.000000000000e-12 1.000000000000e-12 1.000000000000e-12 1.000000000000e-12 1.000000000000e-12 1.000000000000e-12 1.000000000000e-12 1.000000000000e-12 1.000000000000e-12 1.000000000000e-12 1.000000000000e-12 1.000000000000e-12 1.000000000000e-12 1.000000000000e-12 1.000000000000e-12 1.000000000000e-12 1.000000000000e-12 1.000000000000e-12 1.000000000000e-12 1.000000000000e-12 1.000000000000e-12 1.000000000000e-12 1.000000000000e-12 1.000000000000e-12 1.000000000000e-12 1.000000000000e-12 1.000000000000e-12 1.000000000000e-12 1.000000000000e-12 1.000000000000e-12 1.000000000000e-12 1.000000000000e-12 1.000000000000e-12 1.000000000000e-12 1.000000000000e-12 1.000000000000e-12 1.000000000000e-12 2.309307473252e-12 4.796510582602e-11 9.389475119422e-10 1.721133856421e-08 2.920512384527e-07 4.487053042952e-06 5.946642437489e-05 6.041686422817e-04 3.703518698702e-03 1.153351441910e-02 2.188604165738e-02 3.256081791942e-02 4.306640164194e-02 5.335176028829e-02 6.341881679411e-02 7.327404649838e-02 8.292403413431e-02 9.237512267288e-02 1.016333985640e-01 1.107047026003e-01 1.195946420355e-01 1.283086021294e-01 1.368517570255e-01 1.452290799956e-01 1.534453530944e-01 1.615051762616e-01 1.694129759101e-01 1.771730130314e-01 1.847893908524e-01 1.922660620695e-01 1.996068356891e-01 2.068153834977e-01 2.138952461866e-01 2.208498391503e-01 2.276824579806e-01 2.343962836737e-01 2.409943875684e-01 2.474797360309e-01 2.538551949014e-01 2.601235337168e-01 2.662874297223e-01 2.723494716837e-01 2.783121635130e-01
1.000000000000e-12 1.000000000000e-12 1.000000000000e-12 1.000000000000e-12 1.000000000000e-12 1.000000000000e-12 1.000000000000e-12 1.000000000000e-12 1.000000000000e-12 1.000000000000e-12 1.000000000000e-12 1.000000000000e-12 1.000000000000e-12 1.000000000000e-12 1.000000000000e-12 1.000000000000e-12 1.000000000000e-12 1.000000000000e-12 1.000000000000e-12 1.000000000000e-12 1.000000000000e-12 1.000000000000e-12 1.000000000000e-12 1.000000000000e-12 1.000000000000e-12 1.000000000000e-12 1.000000000000e-12 1.000000000000e-12 1.000000000000e-12 1.000000000000e-12 1.000000000000e-12 1.000000000000e-12 1.000000000000e-12 1.000000000000e-12 1.000000000000e-12 1.000000000000e-12 1.000000000000e-12 1.000000000000e-12 1.000000000000e-12 1.000000000000e-12 1.000000000000e-12 1.000000000000e-12 1.000000000000e-12 1.000000000000e-12 1.000000000000e-12 1.000000000000e-12 1.000000000000e-12 1.000000000000e-12 1.000000000000e-12 1.000000000000e-12 1.000000000000e-12 1.000000000000e-12 1.000000000000e-12 1.000000000000e-12 1.000000000000e-12 1.000000000000e-12 1.000000000000e-12 1.000000000000e-12 1.000000000000e-12 1.000000000000e-12 1.000000000000e-12 1.000000000000e-12 1.000000000000e-12 1.000000000000e-12 1.000000000000e-12 1.000000000000e-12 1.000000000000e-12 1.000000000000e-12 1.000000000000e-12 1.000000000000e-12 1.000000000000e-12 1.000000000000e-12 1.000000000000e-12 1.000000000000e-12 1.000000000000e-12 1.000000000000e-12 1.000000000000e-12 1.000000000000e-12 1.192890677838e-11 2.449821279965e-10 4.723091498102e-09 8.471754166138e-08 1.390395425128e-06 2.017076808749e-05 2.383272548073e-04 1.892878370076e-03 7.841581664101e-03 1.763375379653e-02 2.836981053784e-02 3.902675561606e-02 4.946693454535e-02 5.968389268035e-02 6.968364156054e-02 7.947295167671e-02 8.905839036285e-02 9.844626022290e-02 1.076426071533e-01 1.166532328897e-01 1.254837071797e-01 1.341393792609e-01 1.426253886668e-01 1.509466754029e-01 1.591079895364e-01 1.671139002379e-01 1.749688043118e-01 1.826769342477e-01 1.902423658259e-01 1.976690253030e-01 2.049606962068e-01 2.121210257632e-01 2.191535309795e-01 2.260616044046e-01 2.328485195860e-01 2.395174362420e-01 2.460714051672e-01 2.525133728855e-01 2.588461860675e-01 2.650725957247e-01 2.711952611938e-01 2.772167539244e-01 2.831395610798e-01
1.000000000000e-12 1.000000000000e-12 1.000000000000e-12 1.000000000000e-12 1.000000000000e-12 1.000000000000e-12 1.000000000000e-12 1.000000000000e-12 1.000000000000e-12 1.000000000000e-12 1.000000000000e-12 1.000000000000e-12 1.000000000000e-12 1.000000000000e-12 1.000000000000e-12 1.000000000000e-12 1.000000000000e-12 1.000000000000e-12 1.000000000000e-12 1.000000000000e-12 1.000000000000e-12 1.000000000000e-12 1.000000000000e-12 1.000000000000e-12 1.000000000000e-12 1.000000000000e-12 1.000000000000e-12 1.000000000000e-12 1.000000000000e-12 1.000000000000e-12 1.000000000000e-12 1.000000000000e-12 1.000000000000e-12 1.000000000000e-12 1.000000000000e-12 1.000000000000e-12 1.000000000000e-12 1.000000000000e-12 1.000000000000e-12 1.000000000000e-12 1.000000000000e-12 1.000000000000e-12 1.000000000000e-12 1.000000000000e-12 1.000000000000e-12 1.000000000000e-12 1.000000000000e-12 1.000000000000e-12 1.000000000000e-12 1.000000000000e-12 1.000000000000e-12 1.000000000000e-12 1.000000000000e-12 1.000000000000e-12 1.000000000000e-12 1.000000000000e-12 1.000000000000e-12 1.000000000000e-12 1.000000000000e-12 1.000000000000e-12 1.000000000000e-12 1.000000000000e-12 1.000000000000e-12 1.000000000000e-12 1.000000000000e-12 1.000000000000e-12 1.000000000000e-12 1.000000000000e-12 1.000000000000e-12 1.000000000000e-12 1.000000000000e-12 1.000000000000e-12 1.000000000000e-12 1.000000000000e-12 1.000000000000e-12 1.000000000000e-12 1.000000000000e-12 2.907989826150e-12 6.264594520796e-11 1.269283443583e-09 2.401583124479e-08 4.189377919914e-07 6.569750903319e-06 8.749128630589e-05 8.599796552586e-04 4.799824272906e-03 1.348603111118e-02 2.414692582805e-02 3.494322057634e-02 4.554074868119e-02 5.591121079061e-02 6.605898377754e-02 7.599094331257e-02 8.571388494058e-02 9.523433688908e-02 1.045585594428e-01 1.136925575397e-01 1.226420935837e-01 1.314126995611e-01 1.400096884431e-01 1.484381649185e-01 1.567030355008e-01 1.648090180530e-01 1.727606507680e-01 1.805623006409e-01 1.882181714663e-01 1.957323113915e-01 2.031086200543e-01 2.103508553311e-01 2.174626397206e-01 2.244474663857e-01 2.313087048747e-01 2.380496065412e-01 2.446733096817e-01 2.511828444069e-01 2.575811372642e-01 2.638710156246e-01 2.700552118481e-01 2.761363672422e-01 2.821170358226e-01 2.879996878902e-01
1.000000000000e-12 1.000000000000e-12 1.000000000000e-12 1.000000000000e-12 1.000000000000e-12 1.000000000000e-12 1.000000000000e-12 1.000000000000e-12 1.000000000000e-12 1.000000000000e-12 1.000000000000e-12 1.000000000000e-12 1.000000000000e-12 1.000000000000e-12 1.000000000000e-12 1.000000000000e-12 1.000000000000e-12 1.000000000000e-12 1.000000000000e-12 1.000000000000e-12 1.000000000000e-12 1.000000000000e-12 1.000000000000e-12 1.000000000000e-12 1.000000000000e-12 1.000000000000e-12 1.000000000000e-12 1.000000000000e-12 1.000000000000e-12 1.000000000000e-12 1.000000000000e-12 1.000000000000e-12 1.000000000000e-12 1.000000000000e-12 1.000000000000e-12 1.000000000000e-12 1.000000000000e-12 1.000000000000e-12 1.000000000000e-12 1.000000000000e-12 1.000000000000e-12 1.000000000000e-12 1.000000000000e-12 1.000000000000e-12 1.000000000000e-12 1.000000000000e-12 1.000000000000e-12 1.000000000000e-12 1.000000000000e-12 1.000000000000e-12 1.000000000000e-12 1.000000000000e-12 1.000000000000e-12 1.000000000000e-12 1.000000000000e-12 1.000000000000e-12 1.000000000000e-12 1.000000000000e-12 1.000000000000e-12 1.000000000000e-12 1.000000000000e-12 1.000000000000e-12 1.000000000000e-12 1.000000000000e-12 1.000000000000e-12 1.000000000000e-12 1.000000000000e-12 1.000000000000e-12 1.000000000000e-12 1.000000000000e-12 1.000000000000e-12 1.000000000000e-12 1.000000000000e-12 1.000000000000e-12 1.000000000000e-12 1.000000000000e-12 1.000000000000e-12 1.570421897077e-11 3.342496633846e-10 6.661901234397e-09 1.230989479263e-07 2.069299073842e-06 3.039326114244e-05 3.535505454912e-04 2.606314611794e-03 9.605972700470e-03 1.991719688241e-02 3.081760942460e-02 4.157292465846e-02 5.210044503317e-02 6.239985243303e-02 7.247789709849e-02 8.234159617602e-02 9.199771276377e-02 1.014527312844e-01 1.107128690754e-01 1.197840898093e-01 1.286721162856e-01 1.373824424698e-01 1.459203448175e-01 1.542908929330e-01 1.624989596080e-01 1.705492302797e-01 1.784462119504e-01 1.861942416012e-01 1.937974941341e-01 2.012599898740e-01 2.085856016566e-01 2.157780615306e-01 2.228409670977e-01 2.297777875124e-01 2.365918691643e-01 2.432864410608e-01 2.498646199288e-01 2.563294150536e-01 2.626837328685e-01 2.689303813120e-01 2.750720739651e-01 2.811114339815e-01 2.870509978234e-01 2.928932188135e-01
1.000000000000e-12 1.000000000000e-12 1.000000000000e-12 1.000000000000e-12 1.000000000000e-12 1.000000000000e-12 1.000000000000e-12 1.000000000000e-12 1.000000000000e-12 1.000000000000e-12 1.000000000000e-12 1.000000000000e-12 1.000000000000e-12 1.000000000000e-12 1.000000000000e-12 1.000000000000e-12 1.000000000000e-12 1.000000000000e-12 1.000000000000e-12 1.000000000000e-12 1.000000000000e-12 1.000000000000e-12 1.000000000000e-12 1.000000000000e-12 1.000000000000e-12 1.000000000000e-12 1.000000000000e-12 1.000000000000e-12 1.000000000000e-12 1.000000000000e-12 1.000000000000e-12 1.000000000000e-12 1.000000000000e-12 1.000000000000e-12 1.000000000000e-12 1.000000000000e-12 1.000000000000e-12 1.000000000000e-12 1.000000000000e-12 1.000000000000e-12 1.000000000000e-12 1.000000000000e-12 1.000000000000e-12 1.000000000000e-12 1.000000000000e-12 1.000000000000e-12 1.000000000000e-12 1.000000000000e-12 1.000000000000e-12 1.000000000000e-12 1.000000000000e-12 1.000000000000e-12 1.000000000000e-12 1.000000000000e-12 1.000000000000e-12 1.000000000000e-12 1.000000000000e-12 1.000000000000e-12 1.000000000000e-12 1.000000000000e-12 1.000000000000e-12 1.000000000000e-12 1.000000000000e-12 1.000000000000e-12 1.000000000000e-12 1.000000000000e-12 1.000000000000e-12 1.000000000000e-12 1.000000000000e-12 1.000000000000e-12 1.000000000000e-12 1.000000000000e-12 1.000000000000e-12 1.000000000000e-12 1.000000000000e-12 1.000000000000e-12 3.859729994914e-12 8.628631030919e-11 1.810005485535e-09 3.534547395106e-08 6.333071530137e-07 1.011082278045e-05 1.343305494616e-04 1.254639197144e-03 6.235397502174e-03 1.573767957566e-02 2.665544061082e-02 3.756350034033e-02 4.825130832907e-02 5.870605014074e-02 6.893372751055e-02 7.894154425329e-02 8.873650614945e-02 9.832533192365e-02 1.077144610121e-01 1.169100674400e-01 1.259180733220e-01 1.347441615770e-01 1.433937878845e-01 1.518721919299e-01 1.601844079891e-01 1.683352748962e-01 1.763294454373e-01 1.841713952064e-01 1.918654309613e-01 1.994156985106e-01 2.068261901623e-01 2.141007517634e-01 2.212430893552e-01 2.282567754685e-01 2.351452550823e-01 2.419118512662e-01 2.485597705253e-01 2.550921078671e-01 2.615118516059e-01 2.678218879210e-01 2.740250051830e-01 2.801238980627e-01 2.861211714338e-01 2.920193440826e-01 2.978208522353e-01
1.000000000000e-12 1.000000000000e-12 1.000000000000e-12 1.000000000000e-12 1.000000000000e-12 1.000000000000e-12 1.000000000000e-12 1.000000000000e-12 1.000000000000e-12 1.000000000000e-12 1.000000000000e-12 1.000000000000e-12 1.000000000000e-12 1.000000000000e-12 1.000000000000e-12 1.000000000000e-12 1.000000000000e-12 1.000000000000e-12 1.000000000000e-12 1.000000000000e-12 1.000000000000e-12 1.000000000000e-12 1.000000000000e-12 1.000000000000e-12 1.000000000000e-12 1.000000000000e-12 1.000000000000e-12 1.000000000000e-12 1.000000000000e-12 1.000000000000e-12 1.000000000000e-12 1.000000000000e-12 1.000000000000e-12 1.000000000000e-12 1.000000000000e-12 1.000000000000e-12 1.000000000000e-12 1.000000000000e-12 1.000000000000e-12 1.000000000000e-12 1.000000000000e-12 1.000000000000e-12 1.000000000000e-12 1.000000000000e-12 1.000000000000e-12 1.000000000000e-12 1.000000000000e-12 1.000000000000e-12 1.000000000000e-12 1.000000000000e-12 1.000000000000e-12 1.000000000000e-12 1.000000000000e-12 1.000000000000e-12 1.000000000000e-12 1.000000000000e-12 1.000000000000e-12 1.000000000000e-12 1.000000000000e-12 1.000000000000e-12 1.000000000000e-12 1.000000000000e-12 1.000000000000e-12 1.000000000000e-12 1.000000000000e-12 1.000000000000e-12 1.000000000000e-12 1.000000000000e-12 1.000000000000e-12 1.000000000000e-12 1.000000000000e-12 1.000000000000e-12 1.000000000000e-12 1.000000000000e-12 1.000000000000e-12 1.000000000000e-12 2.184177002521e-11 4.819827222145e-10 9.931495390302e-09 1.889459394391e-07 3.247224348906e-06 4.804125939439e-05 5.425807397703e-04 3.619811175590e-03 1.172375937608e-02 2.247108952855e-02 3.351330795455e-02 4.436359065517e-02 5.497740807242e-02 6.535837861166e-02 7.551378297606e-02 8.545087280935e-02 9.517661153561e-02 1.046976709106e-01 1.140204448986e-01 1.231510638944e-01 1.320954081597e-01 1.408591204511e-01 1.494476178915e-01 1.578661031363e-01 1.661195748830e-01 1.742128377686e-01 1.821505116969e-01 1.899370406318e-01 1.975767008944e-01 2.050736089938e-01 2.124317290235e-01 2.196548796511e-01 2.267467407264e-01 2.337108595322e-01 2.405506567013e-01 2.472694318182e-01 2.538703687270e-01 2.603565405622e-01 2.667309145188e-01 2.729963563788e-01 2.791556348069e-01 2.852114254301e-01 2.911663147127e-01 2.970228036403e-01 3.027833112216e-01
1.000000000000e-12 1.000000000000e-12 1.000000000000e-12 1.000000000000e-12 1.000000000000e-12 1.000000000000e-12 1.000000000000e-12 1.000000000000e-12 1.000000000000e-12 1.000000000000e-12 1.000000000000e-12 1.000000000000e-12 1.000000000000e-12 1.000000000000e-12 1.000000000000e-12 1.000000000000e-12 1.000000000000e-12 1.000000000000e-12 1.000000000000e-12 1.000000000000e-12 1.000000000000e-12 1.000000000000e-12 1.000000000000e-12 1.000000000000e-12 1.000000000000e-12 1.000000000000e-12 1.000000000000e-12 1.000000000000e-12 1.000000000000e-12 1.000000000000e-12 1.000000000000e-12 1.000000000000e-12 1.000000000000e-12 1.000000000000e-12 1.000000000000e-12 1.000000000000e-12 1.000000000000e-12 1.000000000000e-12 1.000000000000e-12 1.000000000000e-12 1.000000000000e-12 1.000000000000e-12 1.000000000000e-12 1.000000000000e-12 1.000000000000e-12 1.000000000000e-12 1.000000000000e-12 1.000000000000e-12 1.000000000000e-12 1.000000000000e-12 1.000000000000e-12 1.000000000000e-12 1.000000000000e-12 1.000000000000e-12 1.000000000000e-12 1.000000000000e-12 1.000000000000e-12 1.000000000000e-12 1.000000000000e-12 1.000000000000e-12 1.000000000000e-12 1.000000000000e-12 1.000000000000e-12 1.000000000000e-12 1.000000000000e-12 1.000000000000e-12 1.000000000000e-12 1.000000000000e-12 1.000000000000e-12 1.000000000000e-12 1.000000000000e-12 1.000000000000e-12 1.000000000000e-12 1.000000000000e-12 1.000000000000e-12 5.422214914640e-12 1.258507610565e-10 2.733679084474e-09 5.507836452109e-08 1.012342281465e-06 1.639410904656e-05 2.150966066409e-04 1.864314217503e-03 8.070860468877e-03 1.829872462440e-02 2.942515623850e-02 4.043725301310e-02 5.121379530848e-02 6.175182777068e-02 7.205840329999e-02 8.214100964659e-02 9.200686504983e-02 1.016628843277e-01 1.111156915016e-01 1.203716347069e-01 1.294368003929e-01 1.383170266682e-01 1.470179158393e-01 1.555448461961e-01 1.639029830983e-01 1.720972894102e-01 1.801325353264e-01 1.880133076326e-01 1.957440184362e-01 2.033289134030e-01 2.107720795327e-01 2.180774525022e-01 2.252488236047e-01 2.322898463107e-01 2.392040424743e-01 2.459948082071e-01 2.526654194406e-01 2.592190371952e-01 2.656587125754e-01 2.719873915059e-01 2.782079192251e-01 2.843230445504e-01 2.903354239284e-01 2.962476252823e-01 3.020621316691e-01 3.077813447568e-01
1.000000000000e-12 1.000000000000e-12 1.000000000000e-12 1.000000000000e-12 1.000000000000e-12 1.000000000000e-12 1.000000000000e-12 1.000000000000e-12 1.000000000000e-12 1.000000000000e-12 1.000000000000e-12 1.000000000000e-12 1.000000000000e-12 1.000000000000e-12 1.000000000000e-12 1.000000000000e-12 1.000000000000e-12 1.000000000000e-12 1.000000000000e-12 1.000000000000e-12 1.000000000000e-12 1.000000000000e-12 1.000000000000e-12 1.000000000000e-12 1.000000000000e-12 1.000000000000e-12 1.000000000000e-12 1.000000000000e-12 1.000000000000e-12 1.000000000000e-12 1.000000000000e-12 1.000000000000e-12 1.000000000000e-12 1.000000000000e-12 1.000000000000e-12 1.000000000000e-12 1.000000000000e-12 1.000000000000e-12 1.000000000000e-12 1.000000000000e-12 1.000000000000e-12 1.000000000000e-12 1.000000000000e-12 1.000000000000e-12 1.000000000000e-12 1.000000000000e-12 1.000000000000e-12 1.000000000000e-12 1.000000000000e-12 1.000000000000e-12 1.000000000000e-12 1.000000000000e-12 1.000000000000e-12 1.000000000000e-12 1.000000000000e-12 1.000000000000e-12 1.000000000000e-12 1.000000000000e-12 1.000000000000e-12 1.000000000000e-12 1.000000000000e-12 1.000000000000e-12 1.000000000000e-12 1.000000000000e-12 1.000000000000e-12 1.000000000000e-12 1.000000000000e-12 1.000000000000e-12 1.000000000000e-12 1.000000000000e-12 1.000000000000e-12 1.000000000000e-12 1.000000000000e-12 1.000000000000e-12 1.320194046872e-12 3.223226915743e-11 7.376625347780e-10 1.571261249609e-08 3.075038082087e-07 5.388788136492e-06 7.972281835048e-05 8.574668957022e-04 5.029489002371e-03 1.421212118095e-02 2.530664226878e-02 3.647266159089e-02 4.741513828591e-02 5.811409034762e-02 6.857553724844e-02 7.880715873679e-02 8.881643633164e-02 9.861053912559e-02 1.081963318780e-01 1.175803904510e-01 1.267690168124e-01 1.357682531456e-01 1.445838951001e-01 1.532215042373e-01 1.616864197321e-01 1.699837693774e-01 1.781184799433e-01 1.860952869319e-01 1.939187437698e-01 2.015932304758e-01 2.091229618380e-01 2.165119951320e-01 2.237642374112e-01 2.308834523953e-01 2.378732669838e-01 2.447371774170e-01 2.514785551072e-01 2.581006521606e-01 2.646066066080e-01 2.709994473639e-01 2.772820989277e-01 2.834573858449e-01 2.895280369412e-01 2.954966893434e-01 3.013658922986e-01 3.071381108050e-01 3.128157290637e-01
1.000000000000e-12 1.000000000000e-12 1.000000000000e-12 1.000000000000e-12 1.000000000000e-12 1.000000000000e-12 1.000000000000e-12 1.000000000000e-12 1.000000000000e-12 1.000000000000e-12 1.000000000000e-12 1.000000000000e-12 1.000000000000e-12 1.000000000000e-12 1.000000000000e-12 1.000000000000e-12 1.000000000000e-12 1.000000000000e-12 1.000000000000e-12 1.000000000000e-12 1.000000000000e-12 1.000000000000e-12 1.000000000000e-12 1.000000000000e-12 1.000000000000e-12 1.000000000000e-12 1.000000000000e-12 1.000000000000e-12 1.000000000000e-12 1.000000000000e-12 1.000000000000e-12 1.000000000000e-12 1.000000000000e-12 1.000000000000e-12 1.000000000000e-12 1.000000000000e-12 1.000000000000e-12 1.000000000000e-12 1.000000000000e-12 1.000000000000e-12 1.000000000000e-12 1.000000000000e-12 1.000000000000e-12 1.000000000000e-12 1.000000000000e-12 1.000000000000e-12 1.000000000000e-12 1.000000000000e-12 1.000000000000e-12 1.000000000000e-12 1.000000000000e-12 1.000000000000e-12 1.000000000000e-12 1.000000000000e-12 1.000000000000e-12 1.000000000000e-12 1.000000000000e-12 1.000000000000e-12 1.000000000000e-12 1.000000000000e-12 1.000000000000e-12 1.000000000000e-12 1.000000000000e-12 1.000000000000e-12 1.000000000000e-12 1.000000000000e-12 1.000000000000e-12 1.000000000000e-12 1.000000000000e-12 1.000000000000e-12 1.000000000000e-12 1.000000000000e-12 1.000000000000e-12 1.000000000000e-12 8.098861691611e-12 1.952444313531e-10 4.391857074708e-09 9.124498958956e-08 1.717106644291e-06 2.805962705067e-05 3.583220308934e-04 2.796275654246e-03 1.035061130371e-02 2.117643532120e-02 3.247116576294e-02 4.358146533348e-02 5.444522634430e-02 6.506536230615e-02 7.544961175397e-02 8.560572275705e-02 9.554113018049e-02 1.052629507883e-01 1.147779987160e-01 1.240928012978e-01 1.332136139916e-01 1.421464343889e-01 1.508970153659e-01 1.594708774391e-01 1.678733203789e-01 1.761094341346e-01 1.841841091157e-01 1.921020458754e-01 1.998677642353e-01 2.074856118891e-01 2.149597725186e-01 2.222942734563e-01 2.294929929207e-01 2.365596668547e-01 2.434978953907e-01 2.503111489660e-01 2.570027741114e-01 2.635759989319e-01 2.700339382991e-01 2.763795987736e-01 2.826158832715e-01 2.887455954926e-01 2.947714441236e-01 3.006960468285e-01 3.065219340407e-01 3.122515525664e-01 3.178872690106e-01
1.000000000000e-12 1.000000000000e-12 1.000000000000e-12 1.000000000000e-12 1.000000000000e-12 1.000000000000e-12 1.000000000000e-12 1.000000000000e-12 1.000000000000e-12 1.000000000000e-12 1.000000000000e-12 1.000000000000e-12 1.000000000000e-12 1.000000000000e-12 1.000000000000e-12 1.000000000000e-12 1.000000000000e-12 1.000000000000e-12 1.000000000000e-12 1.000000000000e-12 1.000000000000e-12 1.000000000000e-12 1.000000000000e-12 1.000000000000e-12 1.000000000000e-12 1.000000000000e-12 1.000000000000e-12 1.000000000000e-12 1.000000000000e-12 1.000000000000e-12 1.000000000000e-12 1.000000000000e-12 1.000000000000e-12 1.000000000000e-12 1.000000000000e-12 1.000000000000e-12 1.000000000000e-12 1.000000000000e-12 1.000000000000e-12 1.000000000000e-12 1.000000000000e-12 1.000000000000e-12 1.000000000000e-12 1.000000000000e-12 1.000000000000e-12 1.000000000000e-12 1.000000000000e-12 1.000000000000e-12 1.000000000000e-12 1.000000000000e-12 1.000000000000e-12 1.000000000000e-12 1.000000000000e-12 1.000000000000e-12 1.000000000000e-12 1.000000000000e-12 1.000000000000e-12 1.000000000000e-12 1.000000000000e-12 1.000000000000e-12 1.000000000000e-12 1.000000000000e-12 1.000000000000e-12 1.000000000000e-12 1.000000000000e-12 1.000000000000e-12 1.000000000000e-12 1.000000000000e-12 1.000000000000e-12 1.000000000000e-12 1.000000000000e-12 1.000000000000e-12 1.000000000000e-12 1.996653041375e-12 5.070780326695e-11 1.203792023355e-09 2.649752787575e-08 5.327144959746e-07 9.483310078464e-06 1.388239214109e-04 1.384599035774e-03 6.928760130962e-03 1.707691973975e-02 2.843649033751e-02 3.971301342129e-02 5.074535147321e-02 6.152810647719e-02 7.206871483864e-02 8.237518022206e-02 9.245521452738e-02 1.023161983829e-01 1.119651953395e-01 1.214089684965e-01 1.306539962936e-01 1.397064873312e-01 1.485723942740e-01 1.572574269050e-01 1.657670643879e-01 1.741065667940e-01 1.822809859450e-01 1.902951756177e-01 1.981538011545e-01 2.058613485204e-01 2.134221328414e-01 2.208403064607e-01 2.281198665429e-01 2.352646622558e-01 2.422784015573e-01 2.491646576122e-01 2.559268748616e-01 2.625683747683e-01 2.690923612563e-01 2.755019258648e-01 2.818000526327e-01 2.879896227313e-01 2.940734188586e-01 3.000541294110e-01 3.059343524446e-01 3.117165994378e-01 3.174032988683e-01 3.229967996137e-01
1.000000000000e-12 1.000000000000e-12 1.000000000000e-12 1.000000000000e-12 1.000000000000e-12 1.000000000000e-12 1.000000000000e-12 1.000000000000e-12 1.000000000000e-12 1.000000000000e-12 1.000000000000e-12 1.000000000000e-12 1.000000000000e-12 1.000000000000e-12 1.000000000000e-12 1.000000000000e-12 1.000000000000e-12 1.000000000000e-12 1.000000000000e-12 1.000000000000e-12 1.000000000000e-12 1.000000000000e-12 1.000000000000e-12 1.000000000000e-12 1.000000000000e-12 1.000000000000e-12 1.000000000000e-12 1.000000000000e-12 1.000000000000e-12 1.000000000000e-12 1.000000000000e-12 1.000000000000e-12 1.000000000000e-12 1.000000000000e-12 1.000000000000e-12 1.000000000000e-12 1.000000000000e-12 1.000000000000e-12 1.000000000000e-12 1.000000000000e-12 1.000000000000e-12 1.000000000000e-12 1.000000000000e-12 1.000000000000e-12 1.000000000000e-12 1.000000000000e-12 1.000000000000e-12 1.000000000000e-12 1.000000000000e-12 1.000000000000e-12 1.000000000000e-12 1.000000000000e-12 1.000000000000e-12 1.000000000000e-12 1.000000000000e-12 1.000000000000e-12 1.000000000000e-12 1.000000000000e-12 1.000000000000e-12 1.000000000000e-12 1.000000000000e-12 1.000000000000e-12 1.000000000000e-12 1.000000000000e-12 1.000000000000e-12 1.000000000000e-12 1.000000000000e-12 1.000000000000e-12 1.000000000000e-12 1.000000000000e-12 1.000000000000e-12 1.000000000000e-12 1.000000000000e-12 1.292580840271e-11 3.237647891808e-10 7.540873127749e-09 1.613962374936e-07 3.101135497362e-06 5.074955361125e-05 6.176770076795e-04 4.184834992132e-03 1.309521403608e-02 2.437795058728e-02 3.581048721261e-02 4.701465868348e-02 5.796405441246e-02 6.866487397382e-02 7.912532863228e-02 8.935341698786e-02 9.935679594528e-02 1.091427902433e-01 1.187184097324e-01 1.280903660816e-01 1.372650884646e-01 1.462487382670e-01 1.550472228857e-01 1.636662086827e-01 1.721111331544e-01 1.803872163709e-01 1.884994717364e-01 1.964527161164e-01 2.042515793750e-01 2.119005133628e-01 2.194038003907e-01 2.267655612246e-01 2.339897626320e-01 2.410802245091e-01 2.480406266160e-01 2.548745149447e-01 2.615853077425e-01 2.681763012134e-01 2.746506749169e-01 2.810114968818e-01 2.872617284545e-01 2.934042288958e-01 2.994417597423e-01 3.053769889461e-01 3.112124948058e-01 3.169507697008e-01 3.225942236411e-01 3.281451876418e-01
1.000000000000e-12 1.000000000000e-12 1.000000000000e-12 1.000000000000e-12 1.000000000000e-12 1.000000000000e-12 1.000000000000e-12 1.000000000000e-12 1.000000000000e-12 1.000000000000e-12 1.000000000000e-12 1.000000000000e-12 1.000000000000e-12 1.000000000000e-12 1.000000000000e-12 1.000000000000e-12 1.000000000000e-12 1.000000000000e-12 1.000000000000e-12 1.000000000000e-12 1.000000000000e-12 1.000000000000e-12 1.000000000000e-12 1.000000000000e-12 1.000000000000e-12 1.000000000000e-12 1.000000000000e-12 1.000000000000e-12 1.000000000000e-12 1.000000000000e-12 1.000000000000e-12 1.000000000000e-12 1.000000000000e-12 1.000000000000e-12 1.000000000000e-12 1.000000000000e-12 1.000000000000e-12 1.000000000000e-12 1.000000000000e-12 1.000000000000e-12 1.000000000000e-12 1.000000000000e-12 1.000000000000e-12 1.000000000000e-12 1.000000000000e-12 1.000000000000e-12 1.000000000000e-12 1.000000000000e-12 1.000000000000e-12 1.000000000000e-12 1.000000000000e-12 1.000000000000e-12 1.000000000000e-12 1.000000000000e-12 1.000000000000e-12 1.000000000000e-12 1.000000000000e-12 1.000000000000e-12 1.000000000000e-12 1.000000000000e-12 1.000000000000e-12 1.000000000000e-12 1.000000000000e-12 1.000000000000e-12 1.000000000000e-12 1.000000000000e-12 1.000000000000e-12 1.000000000000e-12 1.000000000000e-12 1.000000000000e-12 1.000000000000e-12 1.000000000000e-12 3.234428471896e-12 8.548308139246e-11 2.105166987566e-09 4.785475641764e-08 9.863128224925e-07 1.773809035507e-05 2.529670223914e-04 2.257589001533e-03 9.386032431593e-03 2.031737994403e-02 3.187568225961e-02 4.325346491757e-02 5.437355554213e-02 6.523856096963e-02 7.585675792606e-02 8.623643633021e-02 9.638554216919e-02 1.063116738038e-01 1.160220994475e-01 1.255237748224e-01 1.348233597693e-01 1.439272338149e-01 1.528415107660e-01 1.615720524017e-01 1.701244813278e-01 1.785041930515e-01 1.867163673331e-01 1.947659788626e-01 2.026578073090e-01 2.103964467840e-01 2.179863147605e-01 2.254316604809e-01 2.327365728900e-01 2.399049881235e-01 2.469406965799e-01 2.538473496036e-01 2.606284658041e-01 2.672874370325e-01 2.738275340393e-01 2.802519118309e-01 2.865636147444e-01 2.927655812583e-01 2.988606485539e-01 3.048515568429e-01 3.107409534750e-01 3.165313968390e-01 3.222253600678e-01 3.278252345610e-01 3.333333333333e-01
1.000000000000e-12 1.000000000000e-12 1.000000000000e-12 1.000000000000e-12 1.000000000000e-12 1.000000000000e-12 1.000000000000e-12 1.000000000000e-12 1.000000000000e-12 1.000000000000e-12 1.000000000000e-12 1.000000000000e-12 1.000000000000e-12 1.000000000000e-12 1.000000000000e-12 1.000000000000e-12 1.000000000000e-12 1.000000000000e-12 1.000000000000e-12 1.000000000000e-12 1.000000000000e-12 1.000000000000e-12 1.000000000000e-12 1.000000000000e-12 1.000000000000e-12 1.000000000000e-12 1.000000000000e-12 1.000000000000e-12 1.000000000000e-12 1.000000000000e-12 1.000000000000e-12 1.000000000000e-12 1.000000000000e-12 1.000000000000e-12 1.000000000000e-12 1.000000000000e-12 1.000000000000e-12 1.000000000000e-12 1.000000000000e-12 1.000000000000e-12 1.000000000000e-12 1.000000000000e-12 1.000000000000e-12 1.000000000000e-12 1.000000000000e-12 1.000000000000e-12 1.000000000000e-12 1.000000000000e-12 1.000000000000e-12 1.000000000000e-12 1.000000000000e-12 1.000000000000e-12 1.000000000000e-12 1.000000000000e-12 1.000000000000e-12 1.000000000000e-12 1.000000000000e-12 1.000000000000e-12 1.000000000000e-12 1.000000000000e-12 1.000000000000e-12 1.000000000000e-12 1.000000000000e-12 1.000000000000e-12 1.000000000000e-12 1.000000000000e-12 1.000000000000e-12 1.000000000000e-12 1.000000000000e-12 1.000000000000e-12 1.000000000000e-12 1.000000000000e-12 2.216381868090e-11 5.769245852459e-10 1.390805839138e-08 3.061949612216e-07 5.982668809333e-06 9.694384486861e-05 1.091114980795e-03 6.168685945746e-03 1.630240816196e-02 2.791294667056e-02 3.946231874770e-02 5.075703642911e-02 6.179032023371e-02 7.257013469356e-02 8.310505201795e-02 9.340332002473e-02 1.034728238110e-01 1.133211022312e-01 1.229553664979e-01 1.323825177781e-01 1.416091636777e-01 1.506416336871e-01 1.594859936611e-01 1.681480594033e-01 1.766334094197e-01 1.849473968995e-01 1.930951609766e-01 2.010816373232e-01 2.089115681202e-01 2.165895114466e-01 2.241198501277e-01 2.315068000781e-01 2.387544181720e-01 2.458666096728e-01 2.528471352500e-01 2.596996176098e-01 2.664275477640e-01 2.730342909607e-01 2.795230922971e-01 2.858970820338e-01 2.921592806308e-01 2.983126035190e-01 3.043598656272e-01 3.103037856747e-01 3.161469902475e-01 3.218920176682e-01 3.275413216724e-01 3.330972749032e-01 3.385621722339e-01
1.000000000000e-12 1.000000000000e-12 1.000000000000e-12 1.000000000000e-12 1.000000000000e-12 1.000000000000e-12 1.000000000000e-12 1.000000000000e-12 1.000000000000e-12 1.000000000000e-12 1.000000000000e-12 1.000000000000e-12 1.000000000000e-12 1.000000000000e-12 1.000000000000e-12 1.000000000000e-12 1.000000000000e-12 1.000000000000e-12 1.000000000000e-12 1.000000000000e-12 1.000000000000e-12 1.000000000000e-12 1.000000000000e-12 1.000000000000e-12 1.000000000000e-12 1.000000000000e-12 1.000000000000e-12 1.000000000000e-12 1.000000000000e-12 1.000000000000e-12 1.000000000000e-12 1.000000000000e-12 1.000000000000e-12 1.000000000000e-12 1.000000000000e-12 1.000000000000e-12 1.000000000000e-12 1.000000000000e-12 1.000000000000e-12 1.000000000000e-12 1.000000000000e-12 1.000000000000e-12 1.000000000000e-12 1.000000000000e-12 1.000000000000e-12 1.000000000000e-12 1.000000000000e-12 1.000000000000e-12 1.000000000000e-12 1.000000000000e-12 1.000000000000e-12 1.000000000000e-12 1.000000000000e-12 1.000000000000e-12 1.000000000000e-12 1.000000000000e-12 1.000000000000e-12 1.000000000000e-12 1.000000000000e-12 1.000000000000e-12 1.000000000000e-12 1.000000000000e-12 1.000000000000e-12 1.000000000000e-12 1.000000000000e-12 1.000000000000e-12 1.000000000000e-12 1.000000000000e-12 1.000000000000e-12 1.000000000000e-12 1.000000000000e-12 5.644442718380e-12 1.552950710584e-10 3.966611251658e-09 9.301926886019e-08 1.959478068764e-06 3.530843264818e-05 4.792374198266e-04 3.658144431998e-03 1.242695645973e-02 2.393246094862e-02 3.564225307165e-02 4.711502262661e-02 5.832077668079e-02 6.926620946983e-02 7.996013160968e-02 9.041110427543e-02 1.006273130771e-01 1.106165804957e-01 1.203863853273e-01 1.299438813247e-01 1.392959146644e-01 1.484490403015e-01 1.574095372914e-01 1.661834231544e-01 1.747764673525e-01 1.831942039407e-01 1.914419434525e-01 1.995247840720e-01 2.074476221427e-01 2.152151620586e-01 2.228319255787e-01 2.303022606049e-01 2.376303494583e-01 2.448202166868e-01 2.518757364359e-01 2.588006394090e-01 2.655985194455e-01 2.722728397401e-01 2.788269387258e-01 2.852640356419e-01 2.915872358064e-01 2.977995356113e-01 3.039038272569e-01 3.099029032417e-01 3.157994606217e-01 3.215961050535e-01 3.272953546338e-01 3.328996435460e-01 3.384113255276e-01 3.438326771657e-01
1.000000000000e-12 1.000000000000e-12 1.000000000000e-12 1.000000000000e-12 1.000000000000e-12 1.000000000000e-12 1.000000000000e-12 1.000000000000e-12 1.000000000000e-12 1.000000000000e-12 1.000000000000e-12 1.000000000000e-12 1.000000000000e-12 1.000000000000e-12 1.000000000000e-12 1.000000000000e-12 1.000000000000e-12 1.000000000000e-12 1.000000000000e-12 1.000000000000e-12 1.000000000000e-12 1.000000000000e-12 1.000000000000e-12 1.000000000000e-12 1.000000000000e-12 1.000000000000e-12 1.000000000000e-12 1.000000000000e-12 1.000000000000e-12 1.000000000000e-12 1.000000000000e-12 1.000000000000e-12 1.000000000000e-12 1.000000000000e-12 1.000000000000e-12 1.000000000000e-12 1.000000000000e-12 1.000000000000e-12 1.000000000000e-12 1.000000000000e-12 1.000000000000e-12 1.000000000000e-12 1.000000000000e-12 1.000000000000e-12 1.000000000000e-12 1.000000000000e-12 1.000000000000e-12 1.000000000000e-12 1.000000000000e-12 1.000000000000e-12 1.000000000000e-12 1.000000000000e-12 1.000000000000e-12 1.000000000000e-12 1.000000000000e-12 1.000000000000e-12 1.000000000000e-12 1.000000000000e-12 1.000000000000e-12 1.000000000000e-12 1.000000000000e-12 1.000000000000e-12 1.000000000000e-12 1.000000000000e-12 1.000000000000e-12 1.000000000000e-12 1.000000000000e-12 1.000000000000e-12 1.000000000000e-12 1.000000000000e-12 1.412127356274e-12 4.107531486992e-11 1.111125876549e-09 2.770385578882e-08 6.259446671675e-07 1.236105267236e-05 1.949358884232e-04 1.944619845562e-03 8.850021468461e-03 1.995708317231e-02 3.179537524572e-02 4.344818257131e-02 5.483064554379e-02 6.594582480837e-02 7.680263888190e-02 8.740996971497e-02 9.777631776239e-02 1.079098028662e-01 1.178181841973e-01 1.275088799955e-01 1.369889860877e-01 1.462652932148e-01 1.553443032545e-01 1.642322444188e-01 1.729350855023e-01 1.814585492500e-01 1.898081249059e-01 1.979890800027e-01 2.060064714429e-01 2.138651559228e-01 2.215697997435e-01 2.291248880500e-01 2.365347335380e-01 2.438034846629e-01 2.509351333849e-01 2.579335224792e-01 2.648023524405e-01 2.715451880081e-01 2.781654643340e-01 2.846664928188e-01 2.910514666348e-01 2.973234659553e-01 3.034854629096e-01 3.095403262791e-01 3.154908259503e-01 3.213396371406e-01 3.270893444078e-01 3.327424454586e-01 3.383013547665e-01 3.437684070097e-01 3.491458603411e-01
1.000000000000e-12 1.000000000000e-12 1.000000000000e-12 1.000000000000e-12 1.000000000000e-12 1.000000000000e-12 1.000000000000e-12 1.000000000000e-12 1.000000000000e-12 1.000000000000e-12 1.000000000000e-12 1.000000000000e-12 1.000000000000e-12 1.000000000000e-12 1.000000000000e-12 1.000000000000e-12 1.000000000000e-12 1.000000000000e-12 1.000000000000e-12 1.000000000000e-12 1.000000000000e-12 1.000000000000e-12 1.000000000000e-12 1.000000000000e-12 1.000000000000e-12 1.000000000000e-12 1.000000000000e-12 1.000000000000e-12 1.000000000000e-12 1.000000000000e-12 1.000000000000e-12 1.000000000000e-12 1.000000000000e-12 1.000000000000e-12 1.000000000000e-12 1.000000000000e-12 1.000000000000e-12 1.000000000000e-12 1.000000000000e-12 1.000000000000e-12 1.000000000000e-12 1.000000000000e-12 1.000000000000e-12 1.000000000000e-12 1.000000000000e-12 1.000000000000e-12 1.000000000000e-12 1.000000000000e-12 1.000000000000e-12 1.000000000000e-12 1.000000000000e-12 1.000000000000e-12 1.000000000000e-12 1.000000000000e-12 1.000000000000e-12 1.000000000000e-12 1.000000000000e-12 1.000000000000e-12 1.000000000000e-12 1.000000000000e-12 1.000000000000e-12 1.000000000000e-12 1.000000000000e-12 1.000000000000e-12 1.000000000000e-12 1.000000000000e-12 1.000000000000e-12 1.000000000000e-12 1.000000000000e-12 1.000000000000e-12 1.067877809122e-11 3.059054168575e-10 8.100216091995e-09 1.956211578794e-07 4.192486798795e-06 7.474114563998e-05 9.321915320878e-04 5.784151113135e-03 1.603499225437e-02 2.792621272770e-02 3.975742283691e-02 5.132074579958e-02 6.260992429769e-02 7.363364275656e-02 8.440110020064e-02 9.492112649563e-02 1.052021533599e-01 1.152522338761e-01 1.250790633568e-01 1.346899989855e-01 1.440920781862e-01 1.532920358082e-01 1.622963202147e-01 1.711111083558e-01 1.797423198996e-01 1.881956304893e-01 1.964764841893e-01 2.045901051773e-01 2.125415087345e-01 2.203355115838e-01 2.279767416198e-01 2.354696470721e-01 2.428185051403e-01 2.500274301357e-01 2.571003811623e-01 2.640411693668e-01 2.708534647868e-01 2.775408028216e-01 2.841065903498e-01 2.905541115175e-01 2.968865332150e-01 3.031069102641e-01 3.092181903316e-01 3.152232185872e-01 3.211247421196e-01 3.269254141276e-01 3.326277978965e-01 3.382343705754e-01 3.437475267652e-01 3.491695819285e-01 3.545027756321e-01
1.000000000000e-12 1.000000000000e-12 1.000000000000e-12 1.000000000000e-12 1.000000000000e-12 1.000000000000e-12 1.000000000000e-12 1.000000000000e-12 1.000000000000e-12 1.000000000000e-12 1.000000000000e-12 1.000000000000e-12 1.000000000000e-12 1.000000000000e-12 1.000000000000e-12 1.000000000000e-12 1.000000000000e-12 1.000000000000e-12 1.000000000000e-12 1.000000000000e-12 1.000000000000e-12 1.000000000000e-12 1.000000000000e-12 1.000000000000e-12 1.000000000000e-12 1.000000000000e-12 1.000000000000e-12 1.000000000000e-12 1.000000000000e-12 1.000000000000e-12 1.000000000000e-12 1.000000000000e-12 1.000000000000e-12 1.000000000000e-12 1.000000000000e-12 1.000000000000e-12 1.000000000000e-12 1.000000000000e-12 1.000000000000e-12 1.000000000000e-12 1.000000000000e-12 1.000000000000e-12 1.000000000000e-12 1.000000000000e-12 1.000000000000e-12 1.000000000000e-12 1.000000000000e-12 1.000000000000e-12 1.000000000000e-12 1.000000000000e-12 1.000000000000e-12 1.000000000000e-12 1.000000000000e-12 1.000000000000e-12 1.000000000000e-12 1.000000000000e-12 1.000000000000e-12 1.000000000000e-12 1.000000000000e-12 1.000000000000e-12 1.000000000000e-12 1.000000000000e-12 1.000000000000e-12 1.000000000000e-12 1.000000000000e-12 1.000000000000e-12 1.000000000000e-12 1.000000000000e-12 1.000000000000e-12 2.729463866700e-12 8.281628690162e-11 2.327539034799e-09 5.994416294711e-08 1.385128610617e-06 2.738866804589e-05 4.091831987083e-04 3.421253033881e-03 1.225830282749e-02 2.404465140668e-02 3.604410189312e-02 4.779202111805e-02 5.925956280367e-02 7.045432713035e-02 8.138579857042e-02 9.206315037182e-02 1.024951414371e-01 1.126901330918e-01 1.226561110373e-01 1.324007061895e-01 1.419312141647e-01 1.512546134952e-01 1.603775826706e-01 1.693065160921e-01 1.780475390189e-01 1.866065215812e-01 1.949890919264e-01 2.032006485613e-01 2.112463719457e-01 2.191312353912e-01 2.268600153127e-01 2.344373008769e-01 2.418675030891e-01 2.491548633560e-01 2.563034615586e-01 2.633172236699e-01 2.701999289436e-01 2.769552167052e-01 2.835865927684e-01 2.900974355020e-01 2.964910015690e-01 3.027704313584e-01 3.089387541279e-01 3.149988928774e-01 3.209536689670e-01 3.268058064971e-01 3.325579364633e-01 3.382126007006e-01 3.437722556285e-01 3.492392758089e-01 3.546159573279e-01 3.599045210110e-01
1.000000000000e-12 1.000000000000e-12 1.000000000000e-12 1.000000000000e-12 1.000000000000e-12 1.000000000000e-12 1.000000000000e-12 1.000000000000e-12 1.000000000000e-12 1.000000000000e-12 1.000000000000e-12 1.000000000000e-12 1.000000000000e-12 1.000000000000e-12 1.000000000000e-12 1.000000000000e-12 1.000000000000e-12 1.000000000000e-12 1.000000000000e-12 1.000000000000e-12 1.000000000000e-12 1.000000000000e-12 1.000000000000e-12 1.000000000000e-12 1.000000000000e-12 1.000000000000e-12 1.000000000000e-12 1.000000000000e-12 1.000000000000e-12 1.000000000000e-12 1.000000000000e-12 1.000000000000e-12 1.000000000000e-12 1.000000000000e-12 1.000000000000e-12 1.000000000000e-12 1.000000000000e-12 1.000000000000e-12 1.000000000000e-12 1.000000000000e-12 1.000000000000e-12 1.000000000000e-12 1.000000000000e-12 1.000000000000e-12 1.000000000000e-12 1.000000000000e-12 1.000000000000e-12 1.000000000000e-12 1.000000000000e-12 1.000000000000e-12 1.000000000000e-12 1.000000000000e-12 1.000000000000e-12 1.000000000000e-12 1.000000000000e-12 1.000000000000e-12 1.000000000000e-12 1.000000000000e-12 1.000000000000e-12 1.000000000000e-12 1.000000000000e-12 1.000000000000e-12 1.000000000000e-12 1.000000000000e-12 1.000000000000e-12 1.000000000000e-12 1.000000000000e-12 1.000000000000e-12 1.000000000000e-12 2.205589354737e-11 6.578026700481e-10 1.804057294872e-08 4.474748901303e-07 9.688583374329e-06 1.674947114861e-04 1.823307476923e-03 8.778621222413e-03 2.017191346775e-02 3.231051120298e-02 4.424557724151e-02 5.589591848222e-02 6.726600172498e-02 7.836549754137e-02 8.920393392465e-02 9.979041301866e-02 1.101336195680e-01 1.202418437585e-01 1.301230033279e-01 1.397846642473e-01 1.492340600413e-01 1.584781098493e-01 1.675234353219e-01 1.763763764387e-01 1.850430063281e-01 1.935291451609e-01 2.018403731846e-01 2.099820429602e-01 2.179592908577e-01 2.257770478620e-01 2.334400497369e-01 2.409528465916e-01 2.483198118904e-01 2.555451509419e-01 2.626329089046e-01 2.695869783379e-01 2.764111063312e-01 2.831089012365e-01 2.896838390303e-01 2.961392693287e-01 3.024784210780e-01 3.087044079397e-01 3.148202333906e-01 3.208287955532e-01 3.267328917757e-01 3.325352229742e-01 3.382383977526e-01 3.438449363127e-01 3.493572741680e-01 3.547777656709e-01 3.601086873661e-01 3.653522411780e-01
1.000000000000e-12 1.000000000000e-12 1.000000000000e-12 1.000000000000e-12 1.000000000000e-12 1.000000000000e-12 1.000000000000e-12 1.000000000000e-12 1.000000000000e-12 1.000000000000e-12 1.000000000000e-12 1.000000000000e-12 1.000000000000e-12 1.000000000000e-12 1.000000000000e-12 1.000000000000e-12 1.000000000000e-12 1.000000000000e-12 1.000000000000e-12 1.000000000000e-12 1.000000000000e-12 1.000000000000e-12 1.000000000000e-12 1.000000000000e-12 1.000000000000e-12 1.000000000000e-12 1.000000000000e-12 1.000000000000e-12 1.000000000000e-12 1.000000000000e-12 1.000000000000e-12 1.000000000000e-12 1.000000000000e-12 1.000000000000e-12 1.000000000000e-12 1.000000000000e-12 1.000000000000e-12 1.000000000000e-12 1.000000000000e-12 1.000000000000e-12 1.000000000000e-12 1.000000000000e-12 1.000000000000e-12 1.000000000000e-12 1.000000000000e-12 1.000000000000e-12 1.000000000000e-12 1.000000000000e-12 1.000000000000e-12 1.000000000000e-12 1.000000000000e-12 1.000000000000e-12 1.000000000000e-12 1.000000000000e-12 1.000000000000e-12 1.000000000000e-12 1.000000000000e-12 1.000000000000e-12 1.000000000000e-12 1.000000000000e-12 1.000000000000e-12 1.000000000000e-12 1.000000000000e-12 1.000000000000e-12 1.000000000000e-12 1.000000000000e-12 1.000000000000e-12 1.000000000000e-12 5.780332390131e-12 1.829676480218e-10 5.339240677977e-09 1.417433147451e-07 3.331628785636e-06 6.499160623127e-05 8.817604030987e-04 5.793893262924e-03 1.635136852972e-02 2.856093784845e-02 4.068275585801e-02 5.252030768458e-02 6.407011411584e-02 7.534177170019e-02 8.634516717963e-02 9.708976257518e-02 1.075845821193e-01 1.178382354114e-01 1.278589408621e-01 1.376545476561e-01 1.472325562571e-01 1.566001375605e-01 1.657641507988e-01 1.747311602910e-01 1.835074511243e-01 1.920990438448e-01 2.005117082311e-01 2.087509762162e-01 2.168221540176e-01 2.247303335337e-01 2.324804030562e-01 2.400770573457e-01 2.475248071159e-01 2.548279879647e-01 2.619907687907e-01 2.690171597285e-01 2.759110196352e-01 2.826760631572e-01 2.893158674047e-01 2.958338782586e-01 3.022334163336e-01 3.085176826191e-01 3.146897638181e-01 3.207526374025e-01 3.267091764027e-01 3.325621539469e-01 3.383142475661e-01 3.439680432784e-01 3.495260394655e-01 3.549906505535e-01 3.603642105108e-01 3.656489761711e-01 3.708471303941e-01
1.000000000000e-12 1.000000000000e-12 1.000000000000e-12 1.000000000000e-12 1.000000000000e-12 1.000000000000e-12 1.000000000000e-12 1.000000000000e-12 1.000000000000e-12 1.000000000000e-12 1.000000000000e-12 1.000000000000e-12 1.000000000000e-12 1.000000000000e-12 1.000000000000e-12 1.000000000000e-12 1.000000000000e-12 1.000000000000e-12 1.000000000000e-12 1.000000000000e-12 1.000000000000e-12 1.000000000000e-12 1.000000000000e-12 1.000000000000e-12 1.000000000000e-12 1.000000000000e-12 1.000000000000e-12 1.000000000000e-12 1.000000000000e-12 1.000000000000e-12 1.000000000000e-12 1.000000000000e-12 1.000000000000e-12 1.000000000000e-12 1.000000000000e-12 1.000000000000e-12 1.000000000000e-12 1.000000000000e-12 1.000000000000e-12 1.000000000000e-12 1.000000000000e-12 1.000000000000e-12 1.000000000000e-12 1.000000000000e-12 1.000000000000e-12 1.000000000000e-12 1.000000000000e-12 1.000000000000e-12 1.000000000000e-12 1.000000000000e-12 1.000000000000e-12 1.000000000000e-12 1.000000000000e-12 1.000000000000e-12 1.000000000000e-12 1.000000000000e-12 1.000000000000e-12 1.000000000000e-12 1.000000000000e-12 1.000000000000e-12 1.000000000000e-12 1.000000000000e-12 1.000000000000e-12 1.000000000000e-12 1.000000000000e-12 1.000000000000e-12 1.000000000000e-12 1.491116150126e-12 5.011430810750e-11 1.555503456070e-09 4.411446709751e-08 1.119133415740e-06 2.420914816999e-05 3.928556280865e-04 3.480241136912e-03 1.266431303384e-02 2.480392266958e-02 3.710528924005e-02 4.913420514550e-02 6.086826316735e-02 7.231635071292e-02 8.348869890881e-02 9.439514640494e-02 1.050450739230e-01 1.154474262946e-01 1.256107372680e-01 1.355431528439e-01 1.452524530499e-01 1.547460722649e-01 1.640311182036e-01 1.731143896632e-01 1.820023931265e-01 1.907013583041e-01 1.992172526969e-01 2.075557952473e-01 2.157224691478e-01 2.237225338643e-01 2.315610364318e-01 2.392428220724e-01 2.467725441824e-01 2.541546737328e-01 2.613935081216e-01 2.684931795163e-01 2.754576627193e-01 2.822907825881e-01 2.889962210406e-01 2.955775236698e-01 3.020381059958e-01 3.083812593763e-01 3.146101565977e-01 3.207278571666e-01 3.267373123214e-01 3.326413697787e-01 3.384427782336e-01 3.441441916260e-01 3.497481731892e-01 3.552571992923e-01 3.606736630886e-01 3.659998779824e-01 3.712380809230e-01 3.763904355377e-01
1.000000000000e-12 1.000000000000e-12 1.000000000000e-12 1.000000000000e-12 1.000000000000e-12 1.000000000000e-12 1.000000000000e-12 1.000000000000e-12 1.000000000000e-12 1.000000000000e-12 1.000000000000e-12 1.000000000000e-12 1.000000000000e-12 1.000000000000e-12 1.000000000000e-12 1.000000000000e-12 1.000000000000e-12 1.000000000000e-12 1.000000000000e-12 1.000000000000e-12 1.000000000000e-12 1.000000000000e-12 1.000000000000e-12 1.000000000000e-12 1.000000000000e-12 1.000000000000e-12 1.000000000000e-12 1.000000000000e-12 1.000000000000e-12 1.000000000000e-12 1.000000000000e-12 1.000000000000e-12 1.000000000000e-12 1.000000000000e-12 1.000000000000e-12 1.000000000000e-12 1.000000000000e-12 1.000000000000e-12 1.000000000000e-12 1.000000000000e-12 1.000000000000e-12 1.000000000000e-12 1.000000000000e-12 1.000000000000e-12 1.000000000000e-12 1.000000000000e-12 1.000000000000e-12 1.000000000000e-12 1.000000000000e-12 1.000000000000e-12 1.000000000000e-12 1.000000000000e-12 1.000000000000e-12 1.000000000000e-12 1.000000000000e-12 1.000000000000e-12 1.000000000000e-12 1.000000000000e-12 1.000000000000e-12 1.000000000000e-12 1.000000000000e-12 1.000000000000e-12 1.000000000000e-12 1.000000000000e-12 1.000000000000e-12 1.000000000000e-12 1.000000000000e-12 1.352221539364e-11 4.464560764359e-10 1.351100743604e-08 3.685155333098e-07 8.736366208886e-06 1.640748151239e-04 1.895300066919e-03 9.243749755048e-03 2.105676294981e-02 3.351563038282e-02 4.573927459567e-02 5.766221424161e-02 6.929113390138e-02 8.063655122273e-02 9.170869723447e-02 1.025173270962e-01 1.130717376405e-01 1.233807934875e-01 1.334529518486e-01 1.432962856647e-01 1.529185051861e-01 1.623269781142e-01 1.715287484160e-01 1.805305539121e-01 1.893388427296e-01 1.979597887063e-01 2.063993058218e-01 2.146630617265e-01 2.227564904354e-01 2.306848042432e-01 2.384530049191e-01 2.460658942295e-01 2.535280838354e-01 2.608440046084e-01 2.680179154043e-01 2.750539113298e-01 2.819559315383e-01 2.887277665829e-01 2.953730653591e-01 3.018953416603e-01 3.082979803735e-01 3.145842433368e-01 3.207572748806e-01 3.268201070715e-01 3.327756646788e-01 3.386267698785e-01 3.443761467132e-01 3.500264253203e-01 3.555801459439e-01 3.610397627430e-01 3.664076474075e-01 3.716860925929e-01 3.768773151859e-01 3.819834594087e-01
1.000000000000e-12 1.000000000000e-12 1.000000000000e-12 1.000000000000e-12 1.000000000000e-12 1.000000000000e-12 1.000000000000e-12 1.000000000000e-12 1.000000000000e-12 1.000000000000e-12 1.000000000000e-12 1.000000000000e-12 1.000000000000e-12 1.000000000000e-12 1.000000000000e-12 1.000000000000e-12 1.000000000000e-12 1.000000000000e-12 1.000000000000e-12 1.000000000000e-12 1.000000000000e-12 1.000000000000e-12 1.000000000000e-12 1.000000000000e-12 1.000000000000e-12 1.000000000000e-12 1.000000000000e-12 1.000000000000e-12 1.000000000000e-12 1.000000000000e-12 1.000000000000e-12 1.000000000000e-12 1.000000000000e-12 1.000000000000e-12 1.000000000000e-12 1.000000000000e-12 1.000000000000e-12 1.000000000000e-12 1.000000000000e-12 1.000000000000e-12 1.000000000000e-12 1.000000000000e-12 1.000000000000e-12 1.000000000000e-12 1.000000000000e-12 1.000000000000e-12 1.000000000000e-12 1.000000000000e-12 1.000000000000e-12 1.000000000000e-12 1.000000000000e-12 1.000000000000e-12 1.000000000000e-12 1.000000000000e-12 1.000000000000e-12 1.000000000000e-12 1.000000000000e-12 1.000000000000e-12 1.000000000000e-12 1.000000000000e-12 1.000000000000e-12 1.000000000000e-12 1.000000000000e-12 1.000000000000e-12 1.000000000000e-12 1.000000000000e-12 3.595789482139e-12 1.263274913129e-10 4.077237735738e-09 1.192619900306e-07 3.074052292971e-06 6.523138853141e-05 9.420004031177e-04 6.266179266241e-03 1.735360675886e-02 2.991765245328e-02 4.233742078850e-02 5.445391682643e-02 6.626820636230e-02 7.779093565343e-02 8.903274029107e-02 1.000037687265e-01 1.107136875737e-01 1.211717087882e-01 1.313866160343e-01 1.413667892873e-01 1.511202277609e-01 1.606545712907e-01 1.699771202918e-01 1.790948544015e-01 1.880144499061e-01 1.967422960449e-01 2.052845102722e-01 2.136469525576e-01 2.218352387911e-01 2.298547533607e-01 2.377106609596e-01 2.454079176776e-01 2.529512814284e-01 2.603453217565e-01 2.675944290682e-01 2.747028233246e-01 2.816745622337e-01 2.885135489737e-01 2.952235394805e-01 3.018081493255e-01 3.082708602118e-01 3.146150261138e-01 3.208438790804e-01 3.269605347260e-01 3.329679974267e-01 3.388691652407e-01 3.446668345705e-01 3.503637045809e-01 3.559623813892e-01 3.614653820406e-01 3.668751382812e-01 3.721940001410e-01 3.774242393378e-01 3.825680525123e-01 3.876275643042e-01
1.000000000000e-12 1.000000000000e-12 1.000000000000e-12 1.000000000000e-12 1.000000000000e-12 1.000000000000e-12 1.000000000000e-12 1.000000000000e-12 1.000000000000e-12 1.000000000000e-12 1.000000000000e-12 1.000000000000e-12 1.000000000000e-12 1.000000000000e-12 1.000000000000e-12 1.000000000000e-12 1.000000000000e-12 1.000000000000e-12 1.000000000000e-12 1.000000000000e-12 1.000000000000e-12 1.000000000000e-12 1.000000000000e-12 1.000000000000e-12 1.000000000000e-12 1.000000000000e-12 1.000000000000e-12 1.000000000000e-12 1.000000000000e-12 1.000000000000e-12 1.000000000000e-12 1.000000000000e-12 1.000000000000e-12 1.000000000000e-12 1.000000000000e-12 1.000000000000e-12 1.000000000000e-12 1.000000000000e-12 1.000000000000e-12 1.000000000000e-12 1.000000000000e-12 1.000000000000e-12 1.000000000000e-12 1.000000000000e-12 1.000000000000e-12 1.000000000000e-12 1.000000000000e-12 1.000000000000e-12 1.000000000000e-12 1.000000000000e-12 1.000000000000e-12 1.000000000000e-12 1.000000000000e-12 1.000000000000e-12 1.000000000000e-12 1.000000000000e-12 1.000000000000e-12 1.000000000000e-12 1.000000000000e-12 1.000000000000e-12 1.000000000000e-12 1.000000000000e-12 1.000000000000e-12 1.000000000000e-12 1.000000000000e-12 1.000000000000e-12 3.525994372559e-11 1.213562767292e-09 3.800860908143e-08 1.059541594144e-06 2.498393061789e-05 4.333397546379e-04 3.898737001780e-03 1.375759691485e-02 2.631808792731e-02 3.893088603210e-02 5.124552579645e-02 6.324985684737e-02 7.495427090260e-02 8.636981101634e-02 9.750703851933e-02 1.083760086613e-01 1.189862981911e-01 1.293470333729e-01 1.394669161607e-01 1.493542485748e-01 1.590169554162e-01 1.684626054505e-01 1.776984311807e-01 1.867313473155e-01 1.955679680353e-01 2.042146231430e-01 2.126773731852e-01 2.209620236190e-01 2.290741380924e-01 2.370190509051e-01 2.448018787053e-01 2.524275314790e-01 2.599007228790e-01 2.672259799416e-01 2.744076522312e-01 2.814499204527e-01 2.883568045669e-01 2.951321714429e-01 3.017797420767e-01 3.083030984057e-01 3.147056897445e-01 3.209908388670e-01 3.271617477560e-01 3.332215030425e-01 3.391730811546e-01 3.450193531911e-01 3.507630895410e-01 3.564069642599e-01 3.619535592217e-01 3.674053680567e-01 3.727647998897e-01 3.780341828893e-01 3.832157676407e-01 3.883117303503e-01 3.933241758933e-01
1.000000000000e-12 1.000000000000e-12 1.000000000000e-12 1.000000000000e-12 1.000000000000e-12 1.000000000000e-12 1.000000000000e-12 1.000000000000e-12 1.000000000000e-12 1.000000000000e-12 1.000000000000e-12 1.000000000000e-12 1.000000000000e-12 1.000000000000e-12 1.000000000000e-12 1.000000000000e-12 1.000000000000e-12 1.000000000000e-12 1.000000000000e-12 1.000000000000e-12 1.000000000000e-12 1.000000000000e-12 1.000000000000e-12 1.000000000000e-12 1.000000000000e-12 1.000000000000e-12 1.000000000000e-12 1.000000000000e-12 1.000000000000e-12 1.000000000000e-12 1.000000000000e-12 1.000000000000e-12 1.000000000000e-12 1.000000000000e-12 1.000000000000e-12 1.000000000000e-12 1.000000000000e-12 1.000000000000e-12 1.000000000000e-12 1.000000000000e-12 1.000000000000e-12 1.000000000000e-12 1.000000000000e-12 1.000000000000e-12 1.000000000000e-12 1.000000000000e-12 1.000000000000e-12 1.000000000000e-12 1.000000000000e-12 1.000000000000e-12 1.000000000000e-12 1.000000000000e-12 1.000000000000e-12 1.000000000000e-12 1.000000000000e-12 1.000000000000e-12 1.000000000000e-12 1.000000000000e-12 1.000000000000e-12 1.000000000000e-12 1.000000000000e-12 1.000000000000e-12 1.000000000000e-12 1.000000000000e-12 1.000000000000e-12 9.713011998513e-12 3.565785763245e-10 1.194761392495e-08 3.589344433931e-07 9.299013661210e-06 1.875420392892e-04 2.216165698745e-03 1.037323971789e-02 2.272934019621e-02 3.552243841361e-02 4.803942866637e-02 6.023859768915e-02 7.212920245362e-02 8.372267461210e-02 9.503000825074e-02 1.060616672404e-01 1.168276116439e-01 1.273373274391e-01 1.375998543837e-01 1.476238119470e-01 1.574174234553e-01 1.669885385913e-01 1.763446543772e-01 1.854929347596e-01 1.944402289040e-01 2.031930882953e-01 2.117577827370e-01 2.201403153286e-01 2.283464364978e-01 2.363816571555e-01 2.442512610381e-01 2.519603162938e-01 2.595136863671e-01 2.669160402310e-01 2.741718620103e-01 2.812854600404e-01 2.882609753978e-01 2.951023899386e-01 3.018135338782e-01 3.083980929417e-01 3.148596151137e-01 3.212015170134e-01 3.274270899181e-01 3.335395054595e-01 3.395418210110e-01 3.454369847872e-01 3.512278406722e-01 3.569171327948e-01 3.625075098634e-01 3.680015292789e-01 3.734016610345e-01 3.787102914192e-01 3.839297265333e-01 3.890621956288e-01 3.941098542842e-01 3.990747874227e-01
1.000000000000e-12 1.000000000000e-12 1.000000000000e-12 1.000000000000e-12 1.000000000000e-12 1.000000000000e-12 1.000000000000e-12 1.000000000000e-12 1.000000000000e-12 1.000000000000e-12 1.000000000000e-12 1.000000000000e-12 1.000000000000e-12 1.000000000000e-12 1.000000000000e-12 1.000000000000e-12 1.000000000000e-12 1.000000000000e-12 1.000000000000e-12 1.000000000000e-12 1.000000000000e-12 1.000000000000e-12 1.000000000000e-12 1.000000000000e-12 1.000000000000e-12 1.000000000000e-12 1.000000000000e-12 1.000000000000e-12 1.000000000000e-12 1.000000000000e-12 1.000000000000e-12 1.000000000000e-12 1.000000000000e-12 1.000000000000e-12 1.000000000000e-12 1.000000000000e-12 1.000000000000e-12 1.000000000000e-12 1.000000000000e-12 1.000000000000e-12 1.000000000000e-12 1.000000000000e-12 1.000000000000e-12 1.000000000000e-12 1.000000000000e-12 1.000000000000e-12 1.000000000000e-12 1.000000000000e-12 1.000000000000e-12 1.000000000000e-12 1.000000000000e-12 1.000000000000e-12 1.000000000000e-12 1.000000000000e-12 1.000000000000e-12 1.000000000000e-12 1.000000000000e-12 1.000000000000e-12 1.000000000000e-12 1.000000000000e-12 1.000000000000e-12 1.000000000000e-12 1.000000000000e-12 1.000000000000e-12 2.641916815065e-12 1.035088633183e-10 3.709081867628e-09 1.198162902502e-07 3.384561138617e-06 7.749398941432e-05 1.156221432769e-03 7.346270915689e-03 1.917453922101e-02 3.211574436420e-02 4.483828346591e-02 5.723718717105e-02 6.931862427523e-02 8.109434763541e-02 9.257580323617e-02 1.037738847259e-01 1.146989551393e-01 1.253608783169e-01 1.357690485830e-01 1.459324183525e-01 1.558595238129e-01 1.655585088363e-01 1.750371472611e-01 1.843028636730e-01 1.933627528001e-01 2.022235976307e-01 2.108918863489e-01 2.193738281790e-01 2.276753682181e-01 2.358022013330e-01 2.437597851878e-01 2.515533524671e-01 2.591879223503e-01 2.666683112912e-01 2.739991431505e-01 2.811848587274e-01 2.882297247299e-01 2.951378422231e-01 3.019131545901e-01 3.085594550386e-01 3.150803936820e-01 3.214794842240e-01 3.277601102721e-01 3.339255313033e-01 3.399788883047e-01 3.459232091092e-01 3.517614134454e-01 3.574963177199e-01 3.631306395473e-01 3.686670020442e-01 3.741079379016e-01 3.794558932475e-01 3.847132313145e-01 3.898822359212e-01 3.949651147803e-01 3.999640026431e-01 4.048809642881e-01
1.000000000000e-12 1.000000000000e-12 1.000000000000e-12 1.000000000000e-12 1.000000000000e-12 1.000000000000e-12 1.000000000000e-12 1.000000000000e-12 1.000000000000e-12 1.000000000000e-12 1.000000000000e-12 1.000000000000e-12 1.000000000000e-12 1.000000000000e-12 1.000000000000e-12 1.000000000000e-12 1.000000000000e-12 1.000000000000e-12 1.000000000000e-12 1.000000000000e-12 1.000000000000e-12 1.000000000000e-12 1.000000000000e-12 1.000000000000e-12 1.000000000000e-12 1.000000000000e-12 1.000000000000e-12 1.000000000000e-12 1.000000000000e-12 1.000000000000e-12 1.000000000000e-12 1.000000000000e-12 1.000000000000e-12 1.000000000000e-12 1.000000000000e-12 1.000000000000e-12 1.000000000000e-12 1.000000000000e-12 1.000000000000e-12 1.000000000000e-12 1.000000000000e-12 1.000000000000e-12 1.000000000000e-12 1.000000000000e-12 1.000000000000e-12 1.000000000000e-12 1.000000000000e-12 1.000000000000e-12 1.000000000000e-12 1.000000000000e-12 1.000000000000e-12 1.000000000000e-12 1.000000000000e-12 1.000000000000e-12 1.000000000000e-12 1.000000000000e-12 1.000000000000e-12 1.000000000000e-12 1.000000000000e-12 1.000000000000e-12 1.000000000000e-12 1.000000000000e-12 1.000000000000e-12 1.000000000000e-12 2.970507659130e-11 1.138476495270e-09 3.949135571867e-08 1.210142628929e-06 3.093252686669e-05 5.603091065160e-04 4.832481797118e-03 1.569547162053e-02 2.871609722817e-02 4.164507624717e-02 5.424865493635e-02 6.652570288027e-02 7.848812188878e-02 9.014782605488e-02 1.015161611354e-01 1.126039140098e-01 1.234213456365e-01 1.339782226742e-01 1.442838468900e-01 1.543470824957e-01 1.641763815762e-01 1.737798077664e-01 1.831650583136e-01 1.923394846527e-01 2.013101116116e-01 2.100836553492e-01 2.186665401254e-01 2.270649139881e-01 2.352846634608e-01 2.433314273017e-01 2.512106094036e-01 2.589273908962e-01 2.664867415077e-01 2.738934302380e-01 2.811520353915e-01 2.882669540145e-01 2.952424107775e-01 3.020824663400e-01 3.087910252331e-01 3.153718432920e-01 3.218285346676e-01 3.281645784451e-01 3.343833248950e-01 3.404880013805e-01 3.464817179422e-01 3.523674725814e-01 3.581481562603e-01 3.638265576369e-01 3.694053675506e-01 3.748871832740e-01 3.802745125447e-01 3.855697773904e-01 3.907753177600e-01 3.958933949709e-01 4.009261949846e-01 4.058758315195e-01 4.107443490112e-01
1.000000000000e-12 1.000000000000e-12 1.000000000000e-12 1.000000000000e-12 1.000000000000e-12 1.000000000000e-12 1.000000000000e-12 1.000000000000e-12 1.000000000000e-12 1.000000000000e-12 1.000000000000e-12 1.000000000000e-12 1.000000000000e-12 1.000000000000e-12 1.000000000000e-12 1.000000000000e-12 1.000000000000e-12 1.000000000000e-12 1.000000000000e-12 1.000000000000e-12 1.000000000000e-12 1.000000000000e-12 1.000000000000e-12 1.000000000000e-12 1.000000000000e-12 1.000000000000e-12 1.000000000000e-12 1.000000000000e-12 1.000000000000e-12 1.000000000000e-12 1.000000000000e-12 1.000000000000e-12 1.000000000000e-12 1.000000000000e-12 1.000000000000e-12 1.000000000000e-12 1.000000000000e-12 1.000000000000e-12 1.000000000000e-12 1.000000000000e-12 1.000000000000e-12 1.000000000000e-12 1.000000000000e-12 1.000000000000e-12 1.000000000000e-12 1.000000000000e-12 1.000000000000e-12 1.000000000000e-12 1.000000000000e-12 1.000000000000e-12 1.000000000000e-12 1.000000000000e-12 1.000000000000e-12 1.000000000000e-12 1.000000000000e-12 1.000000000000e-12 1.000000000000e-12 1.000000000000e-12 1.000000000000e-12 1.000000000000e-12 1.000000000000e-12 1.000000000000e-12 1.000000000000e-12 8.433290852179e-12 3.458494077827e-10 1.287366579056e-08 4.265082913976e-07 1.203171396820e-05 2.560204485193e-04 2.934497778273e-03 1.236222078954e-02 2.533179292481e-02 3.846321537529e-02 5.127633137839e-02 6.375390404781e-02 7.590759088597e-02 8.774978280297e-02 9.929230109395e-02 1.105463786531e-01 1.215226939971e-01 1.322314049587e-01 1.426821800367e-01 1.528842275111e-01 1.628463225035e-01 1.725768321513e-01 1.820837390458e-01 1.913746630728e-01 2.004568817818e-01 2.093373493976e-01 2.180227145783e-01 2.265193370166e-01 2.348333029696e-01 2.429704397981e-01 2.509363295880e-01 2.587363219202e-01 2.663755458515e-01 2.738589211618e-01 2.811911689201e-01 2.883768214165e-01 2.954202315048e-01 3.023255813953e-01 3.090968909360e-01 3.157380254154e-01 3.222527029208e-01 3.286445012788e-01 3.349168646081e-01 3.410731095074e-01 3.471164309032e-01 3.530499075786e-01 3.588765074035e-01 3.645990922844e-01 3.702204228520e-01 3.757431629013e-01 3.811698836010e-01 3.865030674847e-01 3.917451122375e-01 3.968983342906e-01 4.019649722341e-01 4.069471900593e-01 4.118470802409e-01 4.166666666667e-01
1.000000000000e-12 1.000000000000e-12 1.000000000000e-12 1.000000000000e-12 1.000000000000e-12 1.000000000000e-12 1.000000000000e-12 1.000000000000e-12 1.000000000000e-12 1.000000000000e-12 1.000000000000e-12 1.000000000000e-12 1.000000000000e-12 1.000000000000e-12 1.000000000000e-12 1.000000000000e-12 1.000000000000e-12 1.000000000000e-12 1.000000000000e-12 1.000000000000e-12 1.000000000000e-12 1.000000000000e-12 1.000000000000e-12 1.000000000000e-12 1.000000000000e-12 1.000000000000e-12 1.000000000000e-12 1.000000000000e-12 1.000000000000e-12 1.000000000000e-12 1.000000000000e-12 1.000000000000e-12 1.000000000000e-12 1.000000000000e-12 1.000000000000e-12 1.000000000000e-12 1.000000000000e-12 1.000000000000e-12 1.000000000000e-12 1.000000000000e-12 1.000000000000e-12 1.000000000000e-12 1.000000000000e-12 1.000000000000e-12 1.000000000000e-12 1.000000000000e-12 1.000000000000e-12 1.000000000000e-12 1.000000000000e-12 1.000000000000e-12 1.000000000000e-12 1.000000000000e-12 1.000000000000e-12 1.000000000000e-12 1.000000000000e-12 1.000000000000e-12 1.000000000000e-12 1.000000000000e-12 1.000000000000e-12 1.000000000000e-12 1.000000000000e-12 1.000000000000e-12 2.370005927138e-12 1.040768971304e-10 4.156654553997e-09 1.485732711395e-07 4.589710276226e-06 1.118931925344e-04 1.647103258768e-03 9.278790595123e-03 2.197657686799e-02 3.529669411695e-02 4.832388256018e-02 6.100702257505e-02 7.335667921284e-02 8.538571218504e-02 9.710644262308e-02 1.085305729862e-01 1.196692210578e-01 1.305329558324e-01 1.411318309576e-01 1.514754157654e-01 1.615728240893e-01 1.714327410474e-01 1.810634479580e-01 1.904728455374e-01 1.996684755169e-01 2.086575408023e-01 2.174469242912e-01 2.260432064485e-01 2.344526817375e-01 2.426813739907e-01 2.507350507993e-01 2.586192369957e-01 2.663392272917e-01 2.739000981371e-01 2.813067188511e-01 2.885637620802e-01 2.956757136284e-01 3.026468817035e-01 3.094814056204e-01 3.161832639965e-01 3.227562824755e-01 3.292041410093e-01 3.355303807281e-01 3.417384104251e-01 3.478315126819e-01 3.538128496556e-01 3.596854685512e-01 3.654523067982e-01 3.711161969493e-01 3.766798713202e-01 3.821459663845e-01 3.875170269390e-01 3.927955100547e-01 3.979837888247e-01 4.030841559211e-01 4.080988269735e-01 4.130299437778e-01 4.178795773470e-01 4.226497308104e-01
1.000000000000e-12 1.000000000000e-12 1.000000000000e-12 1.000000000000e-12 1.000000000000e-12 1.000000000000e-12 1.000000000000e-12 1.000000000000e-12 1.000000000000e-12 1.000000000000e-12 1.000000000000e-12 1.000000000000e-12 1.000000000000e-12 1.000000000000e-12 1.000000000000e-12 1.000000000000e-12 1.000000000000e-12 1.000000000000e-12 1.000000000000e-12 1.000000000000e-12 1.000000000000e-12 1.000000000000e-12 1.000000000000e-12 1.000000000000e-12 1.000000000000e-12 1.000000000000e-12 1.000000000000e-12 1.000000000000e-12 1.000000000000e-12 1.000000000000e-12 1.000000000000e-12 1.000000000000e-12 1.000000000000e-12 1.000000000000e-12 1.000000000000e-12 1.000000000000e-12 1.000000000000e-12 1.000000000000e-12 1.000000000000e-12 1.000000000000e-12 1.000000000000e-12 1.000000000000e-12 1.000000000000e-12 1.000000000000e-12 1.000000000000e-12 1.000000000000e-12 1.000000000000e-12 1.000000000000e-12 1.000000000000e-12 1.000000000000e-12 1.000000000000e-12 1.000000000000e-12 1.000000000000e-12 1.000000000000e-12 1.000000000000e-12 1.000000000000e-12 1.000000000000e-12 1.000000000000e-12 1.000000000000e-12 1.000000000000e-12 1.000000000000e-12 1.000000000000e-12 3.105316953017e-11 1.331035236379e-09 5.126622680457e-08 1.725291646879e-06 4.733333523740e-05 8.618325600787e-04 6.573291891523e-03 1.867360495777e-02 3.215037657008e-02 4.539535324404e-02 5.828921550135e-02 7.083967514920e-02 8.306001779862e-02 9.496308905673e-02 1.065610859599e-01 1.178655886252e-01 1.288875984243e-01 1.396375736790e-01 1.501254627602e-01 1.603607347947e-01 1.703524081806e-01 1.801090770898e-01 1.896389361228e-01 1.989498032638e-01 2.080491412706e-01 2.169440776241e-01 2.256414231475e-01 2.341476893985e-01 2.424691049281e-01 2.506116304900e-01 2.585809732803e-01 2.663826002781e-01 2.740217507517e-01 2.815034479929e-01 2.888325103318e-01 2.960135614854e-01 3.030510402845e-01 3.099492098237e-01 3.167121660730e-01 3.233438459877e-01 3.298480351514e-01 3.362283749813e-01 3.424883695268e-01 3.486313918859e-01 3.546606902666e-01 3.605793937136e-01 3.663905175230e-01 3.720969683650e-01 3.777015491315e-01 3.832069635267e-01 3.886158204161e-01 3.939306379489e-01 3.991538474670e-01 4.042877972135e-01 4.093347558529e-01 4.142969158137e-01 4.191763964642e-01 4.239752471306e-01 4.286954499666e-01
1.000000000000e-12 1.000000000000e-12 1.000000000000e-12 1.000000000000e-12 1.000000000000e-12 1.000000000000e-12 1.000000000000e-12 1.000000000000e-12 1.000000000000e-12 1.000000000000e-12 1.000000000000e-12 1.000000000000e-12 1.000000000000e-12 1.000000000000e-12 1.000000000000e-12 1.000000000000e-12 1.000000000000e-12 1.000000000000e-12 1.000000000000e-12 1.000000000000e-12 1.000000000000e-12 1.000000000000e-12 1.000000000000e-12 1.000000000000e-12 1.000000000000e-12 1.000000000000e-12 1.000000000000e-12 1.000000000000e-12 1.000000000000e-12 1.000000000000e-12 1.000000000000e-12 1.000000000000e-12 1.000000000000e-12 1.000000000000e-12 1.000000000000e-12 1.000000000000e-12 1.000000000000e-12 1.000000000000e-12 1.000000000000e-12 1.000000000000e-12 1.000000000000e-12 1.000000000000e-12 1.000000000000e-12 1.000000000000e-12 1.000000000000e-12 1.000000000000e-12 1.000000000000e-12 1.000000000000e-12 1.000000000000e-12 1.000000000000e-12 1.000000000000e-12 1.000000000000e-12 1.000000000000e-12 1.000000000000e-12 1.000000000000e-12 1.000000000000e-12 1.000000000000e-12 1.000000000000e-12 1.000000000000e-12 1.000000000000e-12 1.000000000000e-12 9.194212438884e-12 4.232160845205e-10 1.755572362739e-08 6.414451960900e-07 1.955887206669e-05 4.257910686001e-04 4.363381807551e-03 1.546093232948e-02 2.903049627781e-02 4.249522229679e-02 5.560503934930e-02 6.836126697082e-02 8.077750401613e-02 9.286714447858e-02 1.046429065182e-01 1.161168571079e-01 1.273004525252e-01 1.382045764771e-01 1.488395754287e-01 1.592152913481e-01 1.693410920851e-01 1.792258995815e-01 1.888782160903e-01 1.983061485668e-01 2.075174313778e-01 2.165194474634e-01 2.253192480725e-01 2.339235711831e-01 2.423388587088e-01 2.505712725828e-01 2.586267098059e-01 2.665108165330e-01 2.742290012707e-01 2.817864472511e-01 2.891881240393e-01 2.964387984310e-01 3.035430446902e-01 3.105052541723e-01 3.173296443759e-01 3.240202674626e-01 3.305810182801e-01 3.370156419232e-01 3.433277408625e-01 3.495207816696e-01 3.555981013658e-01 3.615629134178e-01 3.674183134035e-01 3.731672843692e-01 3.788127018966e-01 3.843573388994e-01 3.898038701642e-01 3.951548766535e-01 4.004128495837e-01 4.055801942923e-01 4.106592339066e-01 4.156522128267e-01 4.205613000320e-01 4.253885922232e-01 4.301361168079e-01 4.348058347396e-01
1.000000000000e-12 1.000000000000e-12 1.000000000000e-12 1.000000000000e-12 1.000000000000e-12 1.000000000000e-12 1.000000000000e-12 1.000000000000e-12 1.000000000000e-12 1.000000000000e-12 1.000000000000e-12 1.000000000000e-12 1.000000000000e-12 1.000000000000e-12 1.000000000000e-12 1.000000000000e-12 1.000000000000e-12 1.000000000000e-12 1.000000000000e-12 1.000000000000e-12 1.000000000000e-12 1.000000000000e-12 1.000000000000e-12 1.000000000000e-12 1.000000000000e-12 1.000000000000e-12 1.000000000000e-12 1.000000000000e-12 1.000000000000e-12 1.000000000000e-12 1.000000000000e-12 1.000000000000e-12 1.000000000000e-12 1.000000000000e-12 1.000000000000e-12 1.000000000000e-12 1.000000000000e-12 1.000000000000e-12 1.000000000000e-12 1.000000000000e-12 1.000000000000e-12 1.000000000000e-12 1.000000000000e-12 1.000000000000e-12 1.000000000000e-12 1.000000000000e-12 1.000000000000e-12 1.000000000000e-12 1.000000000000e-12 1.000000000000e-12 1.000000000000e-12 1.000000000000e-12 1.000000000000e-12 1.000000000000e-12 1.000000000000e-12 1.000000000000e-12 1.000000000000e-12 1.000000000000e-12 1.000000000000e-12 1.000000000000e-12 2.703680622184e-12 1.337718832057e-10 5.976360145515e-09 2.365742590715e-07 7.949549097142e-06 2.013571101865e-04 2.707513106619e-03 1.239712266449e-02 2.594549694470e-02 3.962847731736e-02 5.295949206250e-02 6.592658341382e-02 7.854341592867e-02 9.082395313097e-02 1.027814624389e-01 1.144285237625e-01 1.257770722199e-01 1.368384388806e-01 1.476233885007e-01 1.581421544657e-01 1.684044711778e-01 1.784196041030e-01 1.881963776725e-01 1.977432012159e-01 2.070680930852e-01 2.161787031159e-01 2.250823335580e-01 2.337859585952e-01 2.422962425641e-01 2.506195569727e-01 2.587619964089e-01 2.667293934233e-01 2.745273324622e-01 2.821611629214e-01 2.896360113838e-01 2.969567931005e-01 3.041282227698e-01 3.111548246621e-01 3.180409421383e-01 3.247907466030e-01 3.314082459303e-01 3.378972924001e-01 3.442615901760e-01 3.505047023560e-01 3.566300576247e-01 3.626409565321e-01 3.685405774240e-01 3.743319820458e-01 3.800181208411e-01 3.856018379637e-01 3.910858760212e-01 3.964728805669e-01 4.017654043550e-01 4.069659113747e-01 4.120767806749e-01 4.171003099928e-01 4.220387191988e-01 4.268941535669e-01 4.316686868823e-01 4.363643243944e-01 4.409830056250e-01
1.000000000000e-12 1.000000000000e-12 1.000000000000e-12 1.000000000000e-12 1.000000000000e-12 1.000000000000e-12 1.000000000000e-12 1.000000000000e-12 1.000000000000e-12 1.000000000000e-12 1.000000000000e-12 1.000000000000e-12 1.000000000000e-12 1.000000000000e-12 1.000000000000e-12 1.000000000000e-12 1.000000000000e-12 1.000000000000e-12 1.000000000000e-12 1.000000000000e-12 1.000000000000e-12 1.000000000000e-12 1.000000000000e-12 1.000000000000e-12 1.000000000000e-12 1.000000000000e-12 1.000000000000e-12 1.000000000000e-12 1.000000000000e-12 1.000000000000e-12 1.000000000000e-12 1.000000000000e-12 1.000000000000e-12 1.000000000000e-12 1.000000000000e-12 1.000000000000e-12 1.000000000000e-12 1.000000000000e-12 1.000000000000e-12 1.000000000000e-12 1.000000000000e-12 1.000000000000e-12 1.000000000000e-12 1.000000000000e-12 1.000000000000e-12 1.000000000000e-12 1.000000000000e-12 1.000000000000e-12 1.000000000000e-12 1.000000000000e-12 1.000000000000e-12 1.000000000000e-12 1.000000000000e-12 1.000000000000e-12 1.000000000000e-12 1.000000000000e-12 1.000000000000e-12 1.000000000000e-12 1.000000000000e-12 1.000000000000e-12 4.208195042100e-11 2.025674626284e-09 8.677197799018e-08 3.194969710123e-06 9.226652611404e-05 1.576231333979e-03 9.562931899443e-03 2.290736762234e-02 3.680071892827e-02 5.035806049273e-02 6.354123885701e-02 7.636348388450e-02 8.883934331298e-02 1.009826635587e-01 1.128065652192e-01 1.243234876949e-01 1.355452327484e-01 1.464830048410e-01 1.571474484484e-01 1.675486826132e-01 1.776963329697e-01 1.875995614561e-01 1.972670939035e-01 2.067072456794e-01 2.159279455425e-01 2.249367578527e-01 2.337409032679e-01 2.423472780456e-01 2.507624720583e-01 2.589927856216e-01 2.670442452253e-01 2.749226182499e-01 2.826334267436e-01 2.901819603306e-01 2.975732883116e-01 3.048122710172e-01 3.119035704657e-01 3.188516603754e-01 3.256608355767e-01 3.323352208645e-01 3.388787793311e-01 3.452953202128e-01 3.515885062844e-01 3.577618608316e-01 3.638187742285e-01 3.697625101462e-01 3.755962114172e-01 3.813229055765e-01 3.869455101007e-01 3.924668373643e-01 3.978895993303e-01 4.032164119918e-01 4.084497995799e-01 4.135921985522e-01 4.186459613750e-01 4.236133601120e-01 4.284965898296e-01 4.332977718316e-01 4.380189567316e-01 4.426621273734e-01 4.472292016074e-01
1.000000000000e-12 1.000000000000e-12 1.000000000000e-12 1.000000000000e-12 1.000000000000e-12 1.000000000000e-12 1.000000000000e-12 1.000000000000e-12 1.000000000000e-12 1.000000000000e-12 1.000000000000e-12 1.000000000000e-12 1.000000000000e-12 1.000000000000e-12 1.000000000000e-12 1.000000000000e-12 1.000000000000e-12 1.000000000000e-12 1.000000000000e-12 1.000000000000e-12 1.000000000000e-12 1.000000000000e-12 1.000000000000e-12 1.000000000000e-12 1.000000000000e-12 1.000000000000e-12 1.000000000000e-12 1.000000000000e-12 1.000000000000e-12 1.000000000000e-12 1.000000000000e-12 1.000000000000e-12 1.000000000000e-12 1.000000000000e-12 1.000000000000e-12 1.000000000000e-12 1.000000000000e-12 1.000000000000e-12 1.000000000000e-12 1.000000000000e-12 1.000000000000e-12 1.000000000000e-12 1.000000000000e-12 1.000000000000e-12 1.000000000000e-12 1.000000000000e-12 1.000000000000e-12 1.000000000000e-12 1.000000000000e-12 1.000000000000e-12 1.000000000000e-12 1.000000000000e-12 1.000000000000e-12 1.000000000000e-12 1.000000000000e-12 1.000000000000e-12 1.000000000000e-12 1.000000000000e-12 1.000000000000e-12 1.319050246915e-11 6.846653581119e-10 3.172241485195e-08 1.275090747205e-06 4.137838780563e-05 8.685907611996e-04 7.052756095180e-03 1.993357220391e-02 3.401830942270e-02 4.780677449456e-02 6.121138386292e-02 7.424397323641e-02 8.691967636294e-02 9.925294995875e-02 1.112574848473e-01 1.229462517652e-01 1.343315479469e-01 1.454250402734e-01 1.562378051509e-01 1.667803654000e-01 1.770627244131e-01 1.870943978138e-01 1.968844428289e-01 2.064414855625e-01 2.157737463462e-01 2.248890633213e-01 2.337949143951e-01 2.424984377010e-01 2.510064506794e-01 2.593254678876e-01 2.674617176352e-01 2.754211575357e-01 2.832094890543e-01 2.908321711281e-01 2.982944329265e-01 3.056012858134e-01 3.127575345710e-01 3.197677879355e-01 3.266364684954e-01 3.333678219957e-01 3.399659260894e-01 3.464346985746e-01 3.527779051520e-01 3.589991667349e-01 3.651019663416e-01 3.710896555976e-01 3.769654608739e-01 3.827324890836e-01 3.883937331601e-01 3.939520772364e-01 3.994103015446e-01 4.047710870528e-01 4.100370198559e-01 4.152105953357e-01 4.202942221039e-01 4.252902257404e-01 4.302008523416e-01 4.350282718867e-01 4.397745814351e-01 4.444418081642e-01 4.490319122558e-01 4.535467896415e-01
1.000000000000e-12 1.000000000000e-12 1.000000000000e-12 1.000000000000e-12 1.000000000000e-12 1.000000000000e-12 1.000000000000e-12 1.000000000000e-12 1.000000000000e-12 1.000000000000e-12 1.000000000000e-12 1.000000000000e-12 1.000000000000e-12 1.000000000000e-12 1.000000000000e-12 1.000000000000e-12 1.000000000000e-12 1.000000000000e-12 1.000000000000e-12 1.000000000000e-12 1.000000000000e-12 1.000000000000e-12 1.000000000000e-12 1.000000000000e-12 1.000000000000e-12 1.000000000000e-12 1.000000000000e-12 1.000000000000e-12 1.000000000000e-12 1.000000000000e-12 1.000000000000e-12 1.000000000000e-12 1.000000000000e-12 1.000000000000e-12 1.000000000000e-12 1.000000000000e-12 1.000000000000e-12 1.000000000000e-12 1.000000000000e-12 1.000000000000e-12 1.000000000000e-12 1.000000000000e-12 1.000000000000e-12 1.000000000000e-12 1.000000000000e-12 1.000000000000e-12 1.000000000000e-12 1.000000000000e-12 1.000000000000e-12 1.000000000000e-12 1.000000000000e-12 1.000000000000e-12 1.000000000000e-12 1.000000000000e-12 1.000000000000e-12 1.000000000000e-12 1.000000000000e-12 1.000000000000e-12 4.124642365440e-12 2.311109712448e-10 1.158318891858e-08 5.070821406162e-07 1.830562384329e-05 4.583710595248e-04 4.952102715738e-03 1.704943981835e-02 3.128858389205e-02 4.531226889155e-02 5.894376181719e-02 7.219174000673e-02 8.507190141233e-02 9.759934577788e-02 1.097883656033e-01 1.216524917450e-01 1.332045432357e-01 1.444566734775e-01 1.554204128921e-01 1.661067083327e-01 1.765259595416e-01 1.866880529084e-01 1.966023927594e-01 2.062779303848e-01 2.157231909954e-01 2.249462987752e-01 2.339550001882e-01 2.427566856778e-01 2.513584098874e-01 2.597669105188e-01 2.679886259328e-01 2.760297115910e-01 2.838960554245e-01 2.915932922127e-01 2.991268170431e-01 3.065017979232e-01 3.137231876024e-01 3.207957346647e-01 3.277239939411e-01 3.345123362922e-01 3.411649578033e-01 3.476858884340e-01 3.540790001587e-01 3.603480146332e-01 3.664965104196e-01 3.725279297975e-01 3.784455851911e-01 3.842526652344e-01 3.899522405013e-01 3.955472689189e-01 4.010406008865e-01 4.064349841177e-01 4.117330682232e-01 4.169374090501e-01 4.220504727936e-01 4.270746398932e-01 4.320122087285e-01 4.368653991246e-01 4.416363556800e-01 4.463271509263e-01 4.509397883303e-01 4.554762051471e-01 4.599382751327e-01
1.000000000000e-12 1.000000000000e-12 1.000000000000e-12 1.000000000000e-12 1.000000000000e-12 1.000000000000e-12 1.000000000000e-12 1.000000000000e-12 1.000000000000e-12 1.000000000000e-12 1.000000000000e-12 1.000000000000e-12 1.000000000000e-12 1.000000000000e-12 1.000000000000e-12 1.000000000000e-12 1.000000000000e-12 1.000000000000e-12 1.000000000000e-12 1.000000000000e-12 1.000000000000e-12 1.000000000000e-12 1.000000000000e-12 1.000000000000e-12 1.000000000000e-12 1.000000000000e-12 1.000000000000e-12 1.000000000000e-12 1.000000000000e-12 1.000000000000e-12 1.000000000000e-12 1.000000000000e-12 1.000000000000e-12 1.000000000000e-12 1.000000000000e-12 1.000000000000e-12 1.000000000000e-12 1.000000000000e-12 1.000000000000e-12 1.000000000000e-12 1.000000000000e-12 1.000000000000e-12 1.000000000000e-12 1.000000000000e-12 1.000000000000e-12 1.000000000000e-12 1.000000000000e-12 1.000000000000e-12 1.000000000000e-12 1.000000000000e-12 1.000000000000e-12 1.000000000000e-12 1.000000000000e-12 1.000000000000e-12 1.000000000000e-12 1.000000000000e-12 1.000000000000e-12 1.288323356424e-12 7.803111958512e-11 4.232852367835e-09 2.015564462830e-07 8.038764217026e-06 2.344516334632e-04 3.307876613875e-03 1.429035404232e-02 2.862014104366e-02 4.288185471111e-02 5.674577251876e-02 7.021429329065e-02 8.330361670601e-02 9.602951942182e-02 1.084069291112e-01 1.204499673856e-01 1.321720030586e-01 1.435857016363e-01 1.547030709660e-01 1.655355033754e-01 1.760938146130e-01 1.863882798688e-01 1.964286671283e-01 2.062242680868e-01 2.157839268300e-01 2.251160664664e-01 2.342287138809e-01 2.431295227621e-01 2.518257950419e-01 2.603245008741e-01 2.686322972664e-01 2.767555454707e-01 2.847003272278e-01 2.924724599522e-01 3.000775109383e-01 3.075208106597e-01 3.148074652292e-01 3.219423680798e-01 3.289302109241e-01 3.357754940422e-01 3.424825359473e-01 3.490554824704e-01 3.554983153062e-01 3.618148600565e-01 3.680087938049e-01 3.740836522549e-01 3.800428364596e-01 3.858896191720e-01 3.916271508377e-01 3.972584652558e-01 4.027864849278e-01 4.082140261153e-01 4.135438036239e-01 4.187784353314e-01 4.239204464748e-01 4.289722737129e-01 4.339362689760e-01 4.388147031172e-01 4.436097693759e-01 4.483235866657e-01 4.529582026969e-01 4.575155969416e-01 4.619976834533e-01 4.664063135473e-01
1.000000000000e-12 1.000000000000e-12 1.000000000000e-12 1.000000000000e-12 1.000000000000e-12 1.000000000000e-12 1.000000000000e-12 1.000000000000e-12 1.000000000000e-12 1.000000000000e-12 1.000000000000e-12 1.000000000000e-12 1.000000000000e-12 1.000000000000e-12 1.000000000000e-12 1.000000000000e-12 1.000000000000e-12 1.000000000000e-12 1.000000000000e-12 1.000000000000e-12 1.000000000000e-12 1.000000000000e-12 1.000000000000e-12 1.000000000000e-12 1.000000000000e-12 1.000000000000e-12 1.000000000000e-12 1.000000000000e-12 1.000000000000e-12 1.000000000000e-12 1.000000000000e-12 1.000000000000e-12 1.000000000000e-12 1.000000000000e-12 1.000000000000e-12 1.000000000000e-12 1.000000000000e-12 1.000000000000e-12 1.000000000000e-12 1.000000000000e-12 1.000000000000e-12 1.000000000000e-12 1.000000000000e-12 1.000000000000e-12 1.000000000000e-12 1.000000000000e-12 1.000000000000e-12 1.000000000000e-12 1.000000000000e-12 1.000000000000e-12 1.000000000000e-12 1.000000000000e-12 1.000000000000e-12 1.000000000000e-12 1.000000000000e-12 1.000000000000e-12 1.000000000000e-12 2.639490149720e-11 1.551119658025e-09 8.029742976710e-08 3.522037180088e-06 1.175064162144e-04 2.109265472761e-03 1.170229064508e-02 2.602321921762e-02 4.052360099958e-02 5.462554369997e-02 6.831986535028e-02 8.162313841072e-02 9.455185106217e-02 1.071216018348e-01 1.193471357155e-01 1.312424010526e-01 1.428206026198e-01 1.540942505122e-01 1.650752052361e-01 1.757747193306e-01 1.862034758306e-01 1.963716238454e-01 2.062888115034e-01 2.159642164872e-01 2.254065743617e-01 2.346242048806e-01 2.436250364357e-01 2.524166288018e-01 2.610061943131e-01 2.694006175968e-01 2.776064739764e-01 2.856300466487e-01 2.934773427291e-01 3.011541082501e-01 3.086658421931e-01 3.160178096247e-01 3.232150540036e-01 3.302624087183e-01 3.371645079123e-01 3.439257966456e-01 3.505505404412e-01 3.570428342592e-01 3.634066109374e-01 3.696456491359e-01 3.757635808189e-01 3.817638983053e-01 3.876499609162e-01 3.934250012465e-01 3.990921310844e-01 4.046543470031e-01 4.101145356440e-01 4.154754787119e-01 4.207398577008e-01 4.259102583658e-01 4.309891749585e-01 4.359790142387e-01 4.408820992777e-01 4.457006730643e-01 4.504369019258e-01 4.550928787763e-01 4.596706261993e-01 4.641720993784e-01 4.685991888808e-01 4.729537233053e-01
1.000000000000e-12 1.000000000000e-12 1.000000000000e-12 1.000000000000e-12 1.000000000000e-12 1.000000000000e-12 1.000000000000e-12 1.000000000000e-12 1.000000000000e-12 1.000000000000e-12 1.000000000000e-12 1.000000000000e-12 1.000000000000e-12 1.000000000000e-12 1.000000000000e-12 1.000000000000e-12 1.000000000000e-12 1.000000000000e-12 1.000000000000e-12 1.000000000000e-12 1.000000000000e-12 1.000000000000e-12 1.000000000000e-12 1.000000000000e-12 1.000000000000e-12 1.000000000000e-12 1.000000000000e-12 1.000000000000e-12 1.000000000000e-12 1.000000000000e-12 1.000000000000e-12 1.000000000000e-12 1.000000000000e-12 1.000000000000e-12 1.000000000000e-12 1.000000000000e-12 1.000000000000e-12 1.000000000000e-12 1.000000000000e-12 1.000000000000e-12 1.000000000000e-12 1.000000000000e-12 1.000000000000e-12 1.000000000000e-12 1.000000000000e-12 1.000000000000e-12 1.000000000000e-12 1.000000000000e-12 1.000000000000e-12 1.000000000000e-12 1.000000000000e-12 1.000000000000e-12 1.000000000000e-12 1.000000000000e-12 1.000000000000e-12 1.000000000000e-12 8.960224503633e-12 5.711473205859e-10 3.214724486187e-08 1.546222532506e-06 5.824559876661e-05 1.293208799768e-03 9.338679000414e-03 2.351013170412e-02 3.824642800390e-02 5.259201159727e-02 6.651749050816e-02 8.003957798527e-02 9.317550846227e-02 1.059415893489e-01 1.183532237555e-01 1.304249712140e-01 1.421706046156e-01 1.536031626295e-01 1.647349979851e-01 1.755778219936e-01 1.861427456475e-01 1.964403175983e-01 2.064805592886e-01 2.162729974819e-01 2.258266944134e-01 2.351502757626e-01 2.442519566279e-01 2.531395656689e-01 2.618205675652e-01 2.703020839262e-01 2.785909127765e-01 2.866935467278e-01 2.946161899399e-01 3.023647739641e-01 3.099449725527e-01 3.173622155148e-01 3.246217016873e-01 3.317284110863e-01 3.386871163009e-01 3.455023931810e-01 3.521786308715e-01 3.587200412393e-01 3.651306677331e-01 3.714143937193e-01 3.775749503257e-01 3.836159238297e-01 3.895407626199e-01 3.953527837600e-01 4.010551791817e-01 4.066510215298e-01 4.121432696832e-01 4.175347739719e-01 4.228282811092e-01 4.280264388583e-01 4.331318004480e-01 4.381468287541e-01 4.430739002617e-01 4.479153088199e-01 4.526732692026e-01 4.573499204867e-01 4.619473292592e-01 4.664674926614e-01 4.709123412823e-01 4.752837419074e-01 4.795835001335e-01
1.000000000000e-12 1.000000000000e-12 1.000000000000e-12 1.000000000000e-12 1.000000000000e-12 1.000000000000e-12 1.000000000000e-12 1.000000000000e-12 1.000000000000e-12 1.000000000000e-12 1.000000000000e-12 1.000000000000e-12 1.000000000000e-12 1.000000000000e-12 1.000000000000e-12 1.000000000000e-12 1.000000000000e-12 1.000000000000e-12 1.000000000000e-12 1.000000000000e-12 1.000000000000e-12 1.000000000000e-12 1.000000000000e-12 1.000000000000e-12 1.000000000000e-12 1.000000000000e-12 1.000000000000e-12 1.000000000000e-12 1.000000000000e-12 1.000000000000e-12 1.000000000000e-12 1.000000000000e-12 1.000000000000e-12 1.000000000000e-12 1.000000000000e-12 1.000000000000e-12 1.000000000000e-12 1.000000000000e-12 1.000000000000e-12 1.000000000000e-12 1.000000000000e-12 1.000000000000e-12 1.000000000000e-12 1.000000000000e-12 1.000000000000e-12 1.000000000000e-12 1.000000000000e-12 1.000000000000e-12 1.000000000000e-12 1.000000000000e-12 1.000000000000e-12 1.000000000000e-12 1.000000000000e-12 1.000000000000e-12 1.000000000000e-12 3.058166076770e-12 2.117699789416e-10 1.296766720486e-08 6.828010902862e-07 2.877406449253e-05 7.697413965297e-04 7.252202651566e-03 2.109567687880e-02 3.606021128097e-02 5.065501185093e-02 6.481709413508e-02 7.856292936496e-02 9.191053234121e-02 1.048769598787e-01 1.174783102407e-01 1.297297878161e-01 1.416457642652e-01 1.532398347570e-01 1.645248697128e-01 1.755130624651e-01 1.862159732054e-01 1.966445695523e-01 2.068092640400e-01 2.167199487968e-01 2.263860276550e-01 2.358164459129e-01 2.450197179462e-01 2.540039528476e-01 2.627768782576e-01 2.713458625332e-01 2.797179353882e-01 2.878998071272e-01 2.958978865826e-01 3.037182978574e-01 3.113668959632e-01 3.188492814399e-01 3.261708140314e-01 3.333366254900e-01 3.403516315710e-01 3.472205432790e-01 3.539478774181e-01 3.605379664970e-01 3.669949680333e-01 3.733228733003e-01 3.795255155542e-01 3.856065777772e-01 3.915695999702e-01 3.974179860245e-01 4.031550102015e-01 4.087838232447e-01 4.143074581502e-01 4.197288356163e-01 4.250507691930e-01 4.302759701507e-01 4.354070520865e-01 4.404465352827e-01 4.453968508350e-01 4.502603445628e-01 4.550392807159e-01 4.597358454891e-01 4.643521503575e-01 4.688902352410e-01 4.733520715106e-01 4.777395648431e-01 4.820545579357e-01 4.862988330859e-01
1.000000000000e-12 1.000000000000e-12 1.000000000000e-12 1.000000000000e-12 1.000000000000e-12 1.000000000000e-12 1.000000000000e-12 1.000000000000e-12 1.000000000000e-12 1.000000000000e-12 1.000000000000e-12 1.000000000000e-12 1.000000000000e-12 1.000000000000e-12 1.000000000000e-12 1.000000000000e-12 1.000000000000e-12 1.000000000000e-12 1.000000000000e-12 1.000000000000e-12 1.000000000000e-12 1.000000000000e-12 1.000000000000e-12 1.000000000000e-12 1.000000000000e-12 1.000000000000e-12 1.000000000000e-12 1.000000000000e-12 1.000000000000e-12 1.000000000000e-12 1.000000000000e-12 1.000000000000e-12 1.000000000000e-12 1.000000000000e-12 1.000000000000e-12 1.000000000000e-12 1.000000000000e-12 1.000000000000e-12 1.000000000000e-12 1.000000000000e-12 1.000000000000e-12 1.000000000000e-12 1.000000000000e-12 1.000000000000e-12 1.000000000000e-12 1.000000000000e-12 1.000000000000e-12 1.000000000000e-12 1.000000000000e-12 1.000000000000e-12 1.000000000000e-12 1.000000000000e-12 1.000000000000e-12 1.000000000000e-12 1.051505686411e-12 7.924545494267e-11 5.284657486696e-09 3.043847436039e-07 1.425900678764e-05 4.494867827684e-04 5.482754550529e-03 1.879735667391e-02 3.397589420362e-02 4.882538219381e-02 6.322959324928e-02 7.720416742791e-02 9.076793269324e-02 1.039387384781e-01 1.167334176721e-01 1.291678553617e-01 1.412570545461e-01 1.530151965238e-01 1.644556963876e-01 1.755912540820e-01 1.864339014314e-01 1.969950455052e-01 2.072855086492e-01 2.173155654774e-01 2.270949770904e-01 2.366330227612e-01 2.459385293019e-01 2.550198983101e-01 2.638851314686e-01 2.725418540604e-01 2.809973368442e-01 2.892585164209e-01 2.973320142128e-01 3.052241541635e-01 3.129409792585e-01 3.204882669561e-01 3.278715436135e-01 3.350960979816e-01 3.421669938394e-01 3.490890818300e-01 3.558670105579e-01 3.625052369993e-01 3.690080362761e-01 3.753795108371e-01 3.816235990886e-01 3.877440835130e-01 3.937445983091e-01 3.996286365884e-01 4.053995571556e-01 4.110605909022e-01 4.166148468384e-01 4.220653177864e-01 4.274148857579e-01 4.326663270358e-01 4.378223169780e-01 4.428854345628e-01 4.478581666900e-01 4.527429122539e-01 4.575419860019e-01 4.622576221926e-01 4.668919780633e-01 4.714471371211e-01 4.759251122661e-01 4.803278487571e-01 4.846572270292e-01 4.889150653719e-01 4.931031224752e-01
1.000000000000e-12 1.000000000000e-12 1.000000000000e-12 1.000000000000e-12 1.000000000000e-12 1.000000000000e-12 1.000000000000e-12 1.000000000000e-12 1.000000000000e-12 1.000000000000e-12 1.000000000000e-12 1.000000000000e-12 1.000000000000e-12 1.000000000000e-12 1.000000000000e-12 1.000000000000e-12 1.000000000000e-12 1.000000000000e-12 1.000000000000e-12 1.000000000000e-12 1.000000000000e-12 1.000000000000e-12 1.000000000000e-12 1.000000000000e-12 1.000000000000e-12 1.000000000000e-12 1.000000000000e-12 1.000000000000e-12 1.000000000000e-12 1.000000000000e-12 1.000000000000e-12 1.000000000000e-12 1.000000000000e-12 1.000000000000e-12 1.000000000000e-12 1.000000000000e-12 1.000000000000e-12 1.000000000000e-12 1.000000000000e-12 1.000000000000e-12 1.000000000000e-12 1.000000000000e-12 1.000000000000e-12 1.000000000000e-12 1.000000000000e-12 1.000000000000e-12 1.000000000000e-12 1.000000000000e-12 1.000000000000e-12 1.000000000000e-12 1.000000000000e-12 1.000000000000e-12 1.000000000000e-12 1.000000000000e-12 3.000085895352e-11 2.181826248383e-09 1.374616061664e-07 7.128100247177e-06 2.601447706630e-04 4.046203176466e-03 1.663516081604e-02 3.200560357620e-02 4.711507861610e-02 6.176701051147e-02 7.597535946756e-02 8.975979772754e-02 1.031390134530e-01 1.161306162534e-01 1.287512100678e-01 1.410164638511e-01 1.529411764706e-01 1.645393362729e-01 1.758241758242e-01 1.868082222724e-01 1.975033437361e-01 2.079207920792e-01 2.180712423979e-01 2.279648295089e-01 2.376111817027e-01 2.470194519975e-01 2.561983471074e-01 2.651561543172e-01 2.739007664381e-01 2.824397050030e-01 2.907801418440e-01 2.989289191821e-01 3.068925683481e-01 3.146773272416e-01 3.222891566265e-01 3.297337553528e-01 3.370165745856e-01 3.441428311168e-01 3.511175198270e-01 3.579454253612e-01 3.646311330745e-01 3.711790393013e-01 3.775933609959e-01 3.838781447886e-01 3.900372754998e-01 3.960744841470e-01 4.019933554817e-01 4.077973350880e-01 4.134897360704e-01 4.190737453607e-01 4.245524296675e-01 4.299287410926e-01 4.352055224349e-01 4.403855122027e-01 4.454713493530e-01 4.504655777744e-01 4.553706505295e-01 4.601889338731e-01 4.649227110583e-01 4.695741859437e-01 4.741454864154e-01 4.786386676321e-01 4.830557151063e-01 4.873985476292e-01 4.916690200508e-01 4.958689259207e-01 5.000000000000e-01
1.000000000000e-12 1.000000000000e-12 1.000000000000e-12 1.000000000000e-12 1.000000000000e-12 1.000000000000e-12 1.000000000000e-12 1.000000000000e-12 1.000000000000e-12 1.000000000000e-12 1.000000000000e-12 1.000000000000e-12 1.000000000000e-12 1.000000000000e-12 1.000000000000e-12 1.000000000000e-12 1.000000000000e-12 1.000000000000e-12 1.000000000000e-12 1.000000000000e-12 1.000000000000e-12 1.000000000000e-12 1.000000000000e-12 1.000000000000e-12 1.000000000000e-12 1.000000000000e-12 1.000000000000e-12 1.000000000000e-12 1.000000000000e-12 1.000000000000e-12 1.000000000000e-12 1.000000000000e-12 1.000000000000e-12 1.000000000000e-12 1.000000000000e-12 1.000000000000e-12 1.000000000000e-12 1.000000000000e-12 1.000000000000e-12 1.000000000000e-12 1.000000000000e-12 1.000000000000e-12 1.000000000000e-12 1.000000000000e-12 1.000000000000e-12 1.000000000000e-12 1.000000000000e-12 1.000000000000e-12 1.000000000000e-12 1.000000000000e-12 1.000000000000e-12 1.000000000000e-12 1.000000000000e-12 1.152103367894e-11 9.152914472513e-10 6.311135566415e-08 3.613065996981e-06 1.506252246867e-04 2.929718233186e-03 1.463066684303e-02 3.016276060243e-02 4.553730700374e-02 6.044260372386e-02 7.488979170627e-02 8.889941739108e-02 1.024910569256e-01 1.156831415397e-01 1.284930346526e-01 1.409371079720e-01 1.530308112957e-01 1.647887365036e-01 1.762246762915e-01 1.873516781457e-01 1.981820940005e-01 2.087276259787e-01 2.189993685677e-01 2.290078475544e-01 2.387630560026e-01 2.482744875350e-01 2.575511671492e-01 2.666016797810e-01 2.754341968035e-01 2.840565006334e-01 2.924760076022e-01 3.006997892317e-01 3.087345920429e-01 3.165868560147e-01 3.242627317990e-01 3.317680967884e-01 3.391085701248e-01 3.462895267293e-01 3.533161104282e-01 3.601932462401e-01 3.669256518887e-01 3.735178485952e-01 3.799741712035e-01 3.862987776868e-01 3.924956580764e-01 3.985686428567e-01 4.045214108606e-01 4.103574967010e-01 4.160802977694e-01 4.216930808309e-01 4.271989882427e-01 4.326010438204e-01 4.379021583753e-01 4.431051349451e-01 4.482126737355e-01 4.532273767930e-01 4.581517524256e-01 4.629882193858e-01 4.677391108322e-01 4.724066780827e-01 4.769930941712e-01 4.815004572218e-01 4.859307936481e-01 4.902860611919e-01 4.945681518070e-01 4.987788943999e-01 5.029200574346e-01 5.069933514084e-01
1.000000000000e-12 1.000000000000e-12 1.000000000000e-12 1.000000000000e-12 1.000000000000e-12 1.000000000000e-12 1.000000000000e-12 1.000000000000e-12 1.000000000000e-12 1.000000000000e-12 1.000000000000e-12 1.000000000000e-12 1.000000000000e-12 1.000000000000e-12 1.000000000000e-12 1.000000000000e-12 1.000000000000e-12 1.000000000000e-12 1.000000000000e-12 1.000000000000e-12 1.000000000000e-12 1.000000000000e-12 1.000000000000e-12 1.000000000000e-12 1.000000000000e-12 1.000000000000e-12 1.000000000000e-12 1.000000000000e-12 1.000000000000e-12 1.000000000000e-12 1.000000000000e-12 1.000000000000e-12 1.000000000000e-12 1.000000000000e-12 1.000000000000e-12 1.000000000000e-12 1.000000000000e-12 1.000000000000e-12 1.000000000000e-12 1.000000000000e-12 1.000000000000e-12 1.000000000000e-12 1.000000000000e-12 1.000000000000e-12 1.000000000000e-12 1.000000000000e-12 1.000000000000e-12 1.000000000000e-12 1.000000000000e-12 1.000000000000e-12 1.000000000000e-12 1.000000000000e-12 4.501003564986e-12 3.914019046011e-10 2.956626671123e-08 1.865967351801e-06 8.798487867389e-05 2.096127395669e-03 1.280534280835e-02 2.846217926939e-02 4.410667270579e-02 5.927101333411e-02 7.396211325915e-02 8.820142379754e-02 1.020094617796e-01 1.154055279628e-01 1.284077885134e-01 1.410333570078e-01 1.532983695772e-01 1.652180537086e-01 1.768067913160e-01 1.880781766286e-01 1.990450693894e-01 2.097196437978e-01 2.201134335918e-01 2.302373736178e-01 2.401018382043e-01 2.497166766230e-01 2.590912458900e-01 2.682344411405e-01 2.771547237795e-01 2.858601476001e-01 2.943583830361e-01 3.026567397036e-01 3.107621873705e-01 3.186813754806e-01 3.264206513463e-01 3.339860771165e-01 3.413834456124e-01 3.486182951206e-01 3.556959232215e-01 3.626213997254e-01 3.693995787839e-01 3.760351102359e-01 3.825324502458e-01 3.888958712826e-01 3.951294714891e-01 4.012371834833e-01 4.072227826318e-01 4.130898948319e-01 4.188420038360e-01 4.244824581498e-01 4.300144775322e-01 4.354411591242e-01 4.407654832309e-01 4.459903187795e-01 4.511184284739e-01 4.561524736659e-01 4.610950189607e-01 4.659485365735e-01 4.707154104528e-01 4.753979401849e-01 4.799983446928e-01 4.845187657423e-01 4.889612712668e-01 4.933278585218e-01 4.976204570782e-01 5.018409316664e-01 5.059910848761e-01 5.100726597245e-01 5.140873420962e-01
1.000000000000e-12 1.000000000000e-12 1.000000000000e-12 1.000000000000e-12 1.000000000000e-12 1.000000000000e-12 1.000000000000e-12 1.000000000000e-12 1.000000000000e-12 1.000000000000e-12 1.000000000000e-12 1.000000000000e-12 1.000000000000e-12 1.000000000000e-12 1.000000000000e-12 1.000000000000e-12 1.000000000000e-12 1.000000000000e-12 1.000000000000e-12 1.000000000000e-12 1.000000000000e-12 1.000000000000e-12 1.000000000000e-12 1.000000000000e-12 1.000000000000e-12 1.000000000000e-12 1.000000000000e-12 1.000000000000e-12 1.000000000000e-12 1.000000000000e-12 1.000000000000e-12 1.000000000000e-12 1.000000000000e-12 1.000000000000e-12 1.000000000000e-12 1.000000000000e-12 1.000000000000e-12 1.000000000000e-12 1.000000000000e-12 1.000000000000e-12 1.000000000000e-12 1.000000000000e-12 1.000000000000e-12 1.000000000000e-12 1.000000000000e-12 1.000000000000e-12 1.000000000000e-12 1.000000000000e-12 1.000000000000e-12 1.000000000000e-12 1.000000000000e-12 1.794662524046e-12 1.712083209353e-10 1.418858538809e-08 9.866027483344e-07 5.224479008704e-05 1.494528737094e-03 1.117824620913e-02 2.692014921394e-02 4.283935116516e-02 5.826843092512e-02 7.320850041340e-02 8.768195132291e-02 1.017102976486e-01 1.153137608001e-01 1.285113557717e-01 1.413209795907e-01 1.537594922851e-01 1.658427909190e-01 1.775858773747e-01 1.890029204887e-01 2.001073130836e-01 2.109117243766e-01 2.214281481990e-01 2.316679474091e-01 2.416418948465e-01 2.513602111375e-01 2.608325996305e-01 2.700682787118e-01 2.790760117292e-01 2.878641347267e-01 2.964405821754e-01 3.048129108667e-01 3.129883221202e-01 3.209736824423e-01 3.287755427609e-01 3.364001563491e-01 3.438534955411e-01 3.511412673338e-01 3.582689279607e-01 3.652416965151e-01 3.720645676949e-01 3.787423237342e-01 3.852795455818e-01 3.916806233811e-01 3.979497663017e-01 4.040910117699e-01 4.101082341395e-01 4.160051528426e-01 4.217853400566e-01 4.274522279198e-01 4.330091153277e-01 4.384591743365e-01 4.438054562009e-01 4.490508970712e-01 4.541983233693e-01 4.592504568681e-01 4.642099194897e-01 4.690792378431e-01 4.738608475160e-01 4.785570971372e-01 4.831702522233e-01 4.877024988224e-01 4.921559469688e-01 4.965326339581e-01 5.008345274551e-01 5.050635284430e-01 5.092214740249e-01 5.133101400843e-01 5.173312438142e-01 5.212864461218e-01
1.000000000000e-12 1.000000000000e-12 1.000000000000e-12 1.000000000000e-12 1.000000000000e-12 1.000000000000e-12 1.000000000000e-12 1.000000000000e-12 1.000000000000e-12 1.000000000000e-12 1.000000000000e-12 1.000000000000e-12 1.000000000000e-12 1.000000000000e-12 1.000000000000e-12 1.000000000000e-12 1.000000000000e-12 1.000000000000e-12 1.000000000000e-12 1.000000000000e-12 1.000000000000e-12 1.000000000000e-12 1.000000000000e-12 1.000000000000e-12 1.000000000000e-12 1.000000000000e-12 1.000000000000e-12 1.000000000000e-12 1.000000000000e-12 1.000000000000e-12 1.000000000000e-12 1.000000000000e-12 1.000000000000e-12 1.000000000000e-12 1.000000000000e-12 1.000000000000e-12 1.000000000000e-12 1.000000000000e-12 1.000000000000e-12 1.000000000000e-12 1.000000000000e-12 1.000000000000e-12 1.000000000000e-12 1.000000000000e-12 1.000000000000e-12 1.000000000000e-12 1.000000000000e-12 1.000000000000e-12 1.000000000000e-12 1.000000000000e-12 1.000000000000e-12 7.690092540808e-11 7.004173642323e-09 5.366870837929e-07 3.175880817770e-05 1.071698790891e-03 9.763690986648e-03 2.555451296978e-02 4.175328370051e-02 5.745279225831e-02 7.264684464472e-02 8.735881966305e-02 1.016112891226e-01 1.154254496494e-01 1.288212141439e-01 1.418173072831e-01 1.544313528412e-01 1.666799534261e-01 1.785787633845e-01 1.901425555487e-01 2.013852824246e-01 2.123201323520e-01 2.229595811137e-01 2.333154394182e-01 2.433988966350e-01 2.532205611231e-01 2.627904974597e-01 2.721182608416e-01 2.812129289082e-01 2.900831312078e-01 2.987370765092e-01 3.071825781393e-01 3.154270775120e-01 3.234776659965e-01 3.313411052609e-01 3.390238462132e-01 3.465320466509e-01 3.538715877222e-01 3.610480892893e-01 3.680669242794e-01 3.749332321003e-01 3.816519311905e-01 3.882277307687e-01 3.946651418414e-01 4.009684875229e-01 4.071419127170e-01 4.131893932062e-01 4.191147441904e-01 4.249216283132e-01 4.306135632116e-01 4.361939286220e-01 4.416659730720e-01 4.470328201865e-01 4.522974746336e-01 4.574628277341e-01 4.625316627561e-01 4.675066599160e-01 4.723904011044e-01 4.771853743538e-01 4.818939780651e-01 4.865185250083e-01 4.910612461095e-01 4.955242940405e-01 4.999097466192e-01 5.042196100357e-01 5.084558219123e-01 5.126202542080e-01 5.167147159767e-01 5.207409559876e-01 5.247006652156e-01 5.285954792090e-01
1.000000000000e-12 1.000000000000e-12 1.000000000000e-12 1.000000000000e-12 1.000000000000e-12 1.000000000000e-12 1.000000000000e-12 1.000000000000e-12 1.000000000000e-12 1.000000000000e-12 1.000000000000e-12 1.000000000000e-12 1.000000000000e-12 1.000000000000e-12 1.000000000000e-12 1.000000000000e-12 1.000000000000e-12 1.000000000000e-12 1.000000000000e-12 1.000000000000e-12 1.000000000000e-12 1.000000000000e-12 1.000000000000e-12 1.000000000000e-12 1.000000000000e-12 1.000000000000e-12 1.000000000000e-12 1.000000000000e-12 1.000000000000e-12 1.000000000000e-12 1.000000000000e-12 1.000000000000e-12 1.000000000000e-12 1.000000000000e-12 1.000000000000e-12 1.000000000000e-12 1.000000000000e-12 1.000000000000e-12 1.000000000000e-12 1.000000000000e-12 1.000000000000e-12 1.000000000000e-12 1.000000000000e-12 1.000000000000e-12 1.000000000000e-12 1.000000000000e-12 1.000000000000e-12 1.000000000000e-12 1.000000000000e-12 1.000000000000e-12 3.561973608307e-11 3.573038301825e-09 3.019095837412e-07 1.989820610132e-05 7.801798652843e-04 8.569688193316e-03 2.438476833386e-02 4.086840373264e-02 5.684399915570e-02 7.229696847625e-02 8.725174380453e-02 1.017320199791e-01 1.157600270783e-01 1.293566281736e-01 1.425414225621e-01 1.553328400258e-01 1.677482267818e-01 1.798039239632e-01 1.915153393761e-01 2.028970131954e-01 2.139626781887e-01 2.247253149923e-01 2.351972029080e-01 2.453899666370e-01 2.553146193272e-01 2.649816022667e-01 2.744008215252e-01 2.835816818147e-01 2.925331178107e-01 3.012636231546e-01 3.097812773351e-01 3.180937706271e-01 3.262084272493e-01 3.341322268890e-01 3.418718247246e-01 3.494335700685e-01 3.568235237393e-01 3.640474742627e-01 3.711109529936e-01 3.780192482409e-01 3.847774184718e-01 3.913903046642e-01 3.978625418713e-01 4.041985700556e-01 4.104026442467e-01 4.164788440702e-01 4.224310826940e-01 4.282631152322e-01 4.339785466455e-01 4.395808391716e-01 4.450733193193e-01 4.504591844550e-01 4.557415090098e-01 4.609232503311e-01 4.660072542043e-01 4.709962600637e-01 4.758929059150e-01 4.806997329865e-01 4.854191901266e-01 4.900536379640e-01 4.946053528445e-01 4.990765305596e-01 5.034692898784e-01 5.077856758954e-01 5.120276632051e-01 5.161971589141e-01 5.202960055000e-01 5.243259835258e-01 5.282888142194e-01 5.321861619244e-01 5.360196364308e-01
1.000000000000e-12 1.000000000000e-12 1.000000000000e-12 1.000000000000e-12 1.000000000000e-12 1.000000000000e-12 1.000000000000e-12 1.000000000000e-12 1.000000000000e-12 1.000000000000e-12 1.000000000000e-12 1.000000000000e-12 1.000000000000e-12 1.000000000000e-12 1.000000000000e-12 1.000000000000e-12 1.000000000000e-12 1.000000000000e-12 1.000000000000e-12 1.000000000000e-12 1.000000000000e-12 1.000000000000e-12 1.000000000000e-12 1.000000000000e-12 1.000000000000e-12 1.000000000000e-12 1.000000000000e-12 1.000000000000e-12 1.000000000000e-12 1.000000000000e-12 1.000000000000e-12 1.000000000000e-12 1.000000000000e-12 1.000000000000e-12 1.000000000000e-12 1.000000000000e-12 1.000000000000e-12 1.000000000000e-12 1.000000000000e-12 1.000000000000e-12 1.000000000000e-12 1.000000000000e-12 1.000000000000e-12 1.000000000000e-12 1.000000000000e-12 1.000000000000e-12 1.000000000000e-12 1.000000000000e-12 1.000000000000e-12 1.709479587002e-11 1.893095558722e-09 1.766061089720e-07 1.293661917261e-05 5.819741864712e-04 7.597863091740e-03 2.343225057151e-02 4.020690004939e-02 5.646417538623e-02 7.218087412945e-02 8.738257567078e-02 1.020941680244e-01 1.163389768672e-01 1.301388710876e-01 1.435143745033e-01 1.564847677025e-01 1.690681807760e-01 1.812816778697e-01 1.931413343896e-01 2.046623075917e-01 2.158589012095e-01 2.267446246986e-01 2.373322476141e-01 2.476338495808e-01 2.576608662681e-01 2.674241317363e-01 2.769339174849e-01 2.861999684989e-01 2.952315365578e-01 3.040374110481e-01 3.126259474940e-01 3.210050940019e-01 3.291824157928e-01 3.371651179849e-01 3.449600667668e-01 3.525738090955e-01 3.600125910358e-01 3.672823748496e-01 3.743888549341e-01 3.813374726975e-01 3.881334304541e-01 3.947817044142e-01 4.012870568353e-01 4.076540473989e-01 4.138870438682e-01 4.199902320807e-01 4.259676253221e-01 4.318230731274e-01 4.375602695480e-01 4.431827609232e-01 4.486939531906e-01 4.540971187656e-01 4.593954030217e-01 4.645918303957e-01 4.696893101451e-01 4.746906417789e-01 4.795985201851e-01 4.844155404721e-01 4.891442025445e-01 4.937869154296e-01 4.983460013691e-01 5.028236996927e-01 5.072221704857e-01 5.115434980632e-01 5.157896942639e-01 5.199627015730e-01 5.240643960853e-01 5.280965903172e-01 5.320610358777e-01 5.359594260052e-01 5.397933979791e-01 5.435645354124e-01
1.000000000000e-12 1.000000000000e-12 1.000000000000e-12 1.000000000000e-12 1.000000000000e-12 1.000000000000e-12 1.000000000000e-12 1.000000000000e-12 1.000000000000e-12 1.000000000000e-12 1.000000000000e-12 1.000000000000e-12 1.000000000000e-12 1.000000000000e-12 1.000000000000e-12 1.000000000000e-12 1.000000000000e-12 1.000000000000e-12 1.000000000000e-12 1.000000000000e-12 1.000000000000e-12 1.000000000000e-12 1.000000000000e-12 1.000000000000e-12 1.000000000000e-12 1.000000000000e-12 1.000000000000e-12 1.000000000000e-12 1.000000000000e-12 1.000000000000e-12 1.000000000000e-12 1.000000000000e-12 1.000000000000e-12 1.000000000000e-12 1.000000000000e-12 1.000000000000e-12 1.000000000000e-12 1.000000000000e-12 1.000000000000e-12 1.000000000000e-12 1.000000000000e-12 1.000000000000e-12 1.000000000000e-12 1.000000000000e-12 1.000000000000e-12 1.000000000000e-12 1.000000000000e-12 1.000000000000e-12 8.546028260479e-12 1.047602856012e-09 1.080725364616e-07 8.788054063296e-06 4.489093825532e-04 6.845129570838e-03 2.272046531625e-02 3.979352481449e-02 5.633796280409e-02 7.232303096578e-02 8.777558321239e-02 1.027217760954e-01 1.171860971911e-01 1.311914804300e-01 1.447594271359e-01 1.579101161635e-01 1.706625040347e-01 1.830344161111e-01 1.950426297258e-01 2.067029500907e-01 2.180302796997e-01 2.290386818705e-01 2.397414389928e-01 2.501511059919e-01 2.602795594595e-01 2.701380428550e-01 2.797372081407e-01 2.890871541737e-01 2.981974621458e-01 3.070772283335e-01 3.157350943921e-01 3.241792754067e-01 3.324175858924e-01 3.404574639149e-01 3.483059934892e-01 3.559699253975e-01 3.634556965562e-01 3.707694480466e-01 3.779170419175e-01 3.849040768550e-01 3.917359028086e-01 3.984176346526e-01 4.049541649575e-01 4.113501759372e-01 4.176101506343e-01 4.237383833992e-01 4.297389897140e-01 4.356159154095e-01 4.413729453180e-01 4.470137114016e-01 4.525417003930e-01 4.579602609829e-01 4.632726105846e-01 4.684818417041e-01 4.735909279438e-01 4.786027296626e-01 4.835199993158e-01 4.883453864955e-01 4.930814426921e-01 4.977306257919e-01 5.022953043314e-01 5.067777615203e-01 5.111801990498e-01 5.155047406987e-01 5.197534357490e-01 5.239282622247e-01 5.280311299619e-01 5.320638835220e-01 5.360283049568e-01 5.399261164345e-01 5.437589827336e-01 5.475285136142e-01 5.512362660721e-01
1.000000000000e-12 1.000000000000e-12 1.000000000000e-12 1.000000000000e-12 1.000000000000e-12 1.000000000000e-12 1.000000000000e-12 1.000000000000e-12 1.000000000000e-12 1.000000000000e-12 1.000000000000e-12 1.000000000000e-12 1.000000000000e-12 1.000000000000e-12 1.000000000000e-12 1.000000000000e-12 1.000000000000e-12 1.000000000000e-12 1.000000000000e-12 1.000000000000e-12 1.000000000000e-12 1.000000000000e-12 1.000000000000e-12 1.000000000000e-12 1.000000000000e-12 1.000000000000e-12 1.000000000000e-12 1.000000000000e-12 1.000000000000e-12 1.000000000000e-12 1.000000000000e-12 1.000000000000e-12 1.000000000000e-12 1.000000000000e-12 1.000000000000e-12 1.000000000000e-12 1.000000000000e-12 1.000000000000e-12 1.000000000000e-12 1.000000000000e-12 1.000000000000e-12 1.000000000000e-12 1.000000000000e-12 1.000000000000e-12 1.000000000000e-12 1.000000000000e-12 1.000000000000e-12 4.477132731373e-12 6.093054753556e-10 6.964312072461e-08 6.283469233928e-06 3.612972088880e-04 6.306915903069e-03 2.227563670737e-02 3.965595466291e-02 5.649286533364e-02 7.275070903021e-02 8.845777397015e-02 1.036415659861e-01 1.183278052548e-01 1.325405537493e-01 1.463023465239e-01 1.596343109377e-01 1.725562748821e-01 1.850868651752e-01 1.972435971485e-01 2.090429563335e-01 2.205004730475e-01 2.316307905911e-01 2.424477276837e-01 2.529643356994e-01 2.631929512004e-01 2.731452442130e-01 2.828322626434e-01 2.922644731882e-01 3.014517990589e-01 3.104036548051e-01 3.191289784951e-01 3.276362614829e-01 3.359335759721e-01 3.440286005625e-01 3.519286439523e-01 3.596406669469e-01 3.671713029146e-01 3.745268768169e-01 3.817134229255e-01 3.887367013328e-01 3.956022133490e-01 4.023152158740e-01 4.088807348208e-01 4.153035776653e-01 4.215883451854e-01 4.277394424518e-01 4.337610891247e-01 4.396573291074e-01 4.454320396022e-01 4.510889396132e-01 4.566315979330e-01 4.620634406510e-01 4.673877582155e-01 4.726077120802e-01 4.777263409644e-01 4.827465667518e-01 4.876712000520e-01 4.925029454480e-01 4.972444064485e-01 5.018980901667e-01 5.064664117399e-01 5.109516985093e-01 5.153561939738e-01 5.196820615314e-01 5.239313880226e-01 5.281061870872e-01 5.322084023460e-01 5.362399104181e-01 5.402025237831e-01 5.440979934983e-01 5.479280117788e-01 5.516942144482e-01 5.553981832688e-01 5.590414481559e-01
1.000000000000e-12 1.000000000000e-12 1.000000000000e-12 1.000000000000e-12 1.000000000000e-12 1.000000000000e-12 1.000000000000e-12 1.000000000000e-12 1.000000000000e-12 1.000000000000e-12 1.000000000000e-12 1.000000000000e-12 1.000000000000e-12 1.000000000000e-12 1.000000000000e-12 1.000000000000e-12 1.000000000000e-12 1.000000000000e-12 1.000000000000e-12 1.000000000000e-12 1.000000000000e-12 1.000000000000e-12 1.000000000000e-12 1.000000000000e-12 1.000000000000e-12 1.000000000000e-12 1.000000000000e-12 1.000000000000e-12 1.000000000000e-12 1.000000000000e-12 1.000000000000e-12 1.000000000000e-12 1.000000000000e-12 1.000000000000e-12 1.000000000000e-12 1.000000000000e-12 1.000000000000e-12 1.000000000000e-12 1.000000000000e-12 1.000000000000e-12 1.000000000000e-12 1.000000000000e-12 1.000000000000e-12 1.000000000000e-12 1.000000000000e-12 1.000000000000e-12 2.474714195139e-12 3.751070491551e-10 4.760895175621e-08 4.765942376617e-06 3.061397613641e-04 5.981480330788e-03 2.212749498786e-02 3.982521340129e-02 5.695965009435e-02 7.349436766182e-02 8.945927172537e-02 1.048833035820e-01 1.197934913540e-01 1.342150920233e-01 1.481717339825e-01 1.616855462157e-01 1.747772753775e-01 1.874663920709e-01 1.997711874682e-01 2.117088612834e-01 2.232956019871e-01 2.345466600481e-01 2.454764149022e-01 2.560984362625e-01 2.664255403238e-01 2.764698413497e-01 2.862427990788e-01 2.957552623393e-01 3.050175092234e-01 3.140392841311e-01 3.228298319670e-01 3.313979297397e-01 3.397519157933e-01 3.478997168743e-01 3.558488732182e-01 3.636065618240e-01 3.711796180670e-01 3.785745557855e-01 3.857975859685e-01 3.928546341531e-01 3.997513566377e-01 4.064931556018e-01 4.130851932184e-01 4.195324048364e-01 4.258395113031e-01 4.320110304930e-01 4.380512880995e-01 4.439644277467e-01 4.497544204688e-01 4.554250736028e-01 4.609800391383e-01 4.664228215602e-01 4.717567852213e-01 4.769851612776e-01 4.821110542153e-01 4.871374479974e-01 4.920672118566e-01 4.969031057570e-01 5.016477855460e-01 5.063038078188e-01 5.108736345115e-01 5.153596372417e-01 5.197641014134e-01 5.240892300986e-01 5.283371477120e-01 5.325099034902e-01 5.366094747883e-01 5.406377702042e-01 5.445966325410e-01 5.484878416185e-01 5.523131169408e-01 5.560741202301e-01 5.597724578334e-01 5.634096830102e-01 5.669872981078e-01
1.000000000000e-12 1.000000000000e-12 1.000000000000e-12 1.000000000000e-12 1.000000000000e-12 1.000000000000e-12 1.000000000000e-12 1.000000000000e-12 1.000000000000e-12 1.000000000000e-12 1.000000000000e-12 1.000000000000e-12 1.000000000000e-12 1.000000000000e-12 1.000000000000e-12 1.000000000000e-12 1.000000000000e-12 1.000000000000e-12 1.000000000000e-12 1.000000000000e-12 1.000000000000e-12 1.000000000000e-12 1.000000000000e-12 1.000000000000e-12 1.000000000000e-12 1.000000000000e-12 1.000000000000e-12 1.000000000000e-12 1.000000000000e-12 1.000000000000e-12 1.000000000000e-12 1.000000000000e-12 1.000000000000e-12 1.000000000000e-12 1.000000000000e-12 1.000000000000e-12 1.000000000000e-12 1.000000000000e-12 1.000000000000e-12 1.000000000000e-12 1.000000000000e-12 1.000000000000e-12 1.000000000000e-12 1.000000000000e-12 1.000000000000e-12 1.454456156128e-12 2.463930992587e-10 3.481176820378e-08 3.867757173293e-06 2.755912402476e-04 5.874938480306e-03 2.231025398352e-02 4.033616518865e-02 5.777281713692e-02 7.458811023541e-02 9.081375686546e-02 1.064802254219e-01 1.216159321976e-01 1.362474002948e-01 1.503994145638e-01 1.640951617061e-01 1.773563570434e-01 1.902033594082e-01 2.026552754351e-01 2.147300543748e-01 2.264445744233e-01 2.378147214361e-01 2.488554608015e-01 2.595809031569e-01 2.700043645536e-01 2.801384216104e-01 2.899949621361e-01 2.995852316493e-01 3.089198761790e-01 3.180089816862e-01 3.268621104168e-01 3.354883344579e-01 3.438962667477e-01 3.520940897595e-01 3.600895820632e-01 3.678901429430e-01 3.755028152366e-01 3.829343065438e-01 3.901910089385e-01 3.972790173058e-01 4.042041464156e-01 4.109719468318e-01 4.175877197495e-01 4.240565308442e-01 4.303832232069e-01 4.365724294373e-01 4.426285829558e-01 4.485559285949e-01 4.543585325208e-01 4.600402915362e-01 4.656049418069e-01 4.710560670547e-01 4.763971062544e-01 4.816313608682e-01 4.867620016515e-01 4.917920750572e-01 4.967245092687e-01 5.015621198834e-01 5.063076152726e-01 5.109636016375e-01 5.155325877822e-01 5.200169896210e-01 5.244191344387e-01 5.287412649175e-01 5.329855429468e-01 5.371540532291e-01 5.412488066943e-01 5.452717437343e-01 5.492247372689e-01 5.531095956536e-01 5.569280654373e-01 5.606818339811e-01 5.643725319442e-01 5.680017356459e-01 5.715709693102e-01 5.750817072006e-01
1.000000000000e-12 1.000000000000e-12 1.000000000000e-12 1.000000000000e-12 1.000000000000e-12 1.000000000000e-12 1.000000000000e-12 1.000000000000e-12 1.000000000000e-12 1.000000000000e-12 1.000000000000e-12 1.000000000000e-12 1.000000000000e-12 1.000000000000e-12 1.000000000000e-12 1.000000000000e-12 1.000000000000e-12 1.000000000000e-12 1.000000000000e-12 1.000000000000e-12 1.000000000000e-12 1.000000000000e-12 1.000000000000e-12 1.000000000000e-12 1.000000000000e-12 1.000000000000e-12 1.000000000000e-12 1.000000000000e-12 1.000000000000e-12 1.000000000000e-12 1.000000000000e-12 1.000000000000e-12 1.000000000000e-12 1.000000000000e-12 1.000000000000e-12 1.000000000000e-12 1.000000000000e-12 1.000000000000e-12 1.000000000000e-12 1.000000000000e-12 1.000000000000e-12 1.000000000000e-12 1.000000000000e-12 1.000000000000e-12 1.000000000000e-12 1.742621679913e-10 2.748069999469e-08 3.390259619641e-06 2.660221517869e-04 6.006902271953e-03 2.286364231514e-02 4.122808897205e-02 5.897115208537e-02 7.607021878494e-02 9.255898366753e-02 1.084695393759e-01 1.238317757009e-01 1.386735572782e-01 1.530208921513e-01 1.668980838656e-01 1.803278688525e-01 1.933315407368e-01 2.059290629963e-01 2.181391712275e-01 2.299794661191e-01 2.414664981037e-01 2.526158445441e-01 2.634421802111e-01 2.739593417231e-01 2.841803865426e-01 2.941176470588e-01 3.037827802274e-01 3.131868131868e-01 3.223401852270e-01 3.312527864467e-01 3.399339933993e-01 3.483927019983e-01 3.566373579241e-01 3.646759847522e-01 3.725162099979e-01 3.801652892562e-01 3.876301285977e-01 3.949173053651e-01 4.020330875025e-01 4.089834515366e-01 4.157740993184e-01 4.224104736234e-01 4.288977727013e-01 4.352409638554e-01 4.414447961274e-01 4.475138121547e-01 4.534523592640e-01 4.592645998558e-01 4.649545211343e-01 4.705259442287e-01 4.759825327511e-01 4.813278008299e-01 4.865651206572e-01 4.916977295832e-01 4.967287367891e-01 5.016611295681e-01 5.064977792400e-01 5.112414467253e-01 5.158947878005e-01 5.204603580563e-01 5.249406175772e-01 5.293379353624e-01 5.336545935023e-01 5.378927911275e-01 5.420546481453e-01 5.461422087746e-01 5.501574448943e-01 5.541022592152e-01 5.579784882864e-01 5.617879053462e-01 5.655322230268e-01 5.692130959219e-01 5.728321230244e-01 5.763908500424e-01 5.798907716006e-01 5.833333333333e-01
1.000000000000e-12 1.000000000000e-12 1.000000000000e-12 1.000000000000e-12 1.000000000000e-12 1.000000000000e-12 1.000000000000e-12 1.000000000000e-12 1.000000000000e-12 1.000000000000e-12 1.000000000000e-12 1.000000000000e-12 1.000000000000e-12 1.000000000000e-12 1.000000000000e-12 1.000000000000e-12 1.000000000000e-12 1.000000000000e-12 1.000000000000e-12 1.000000000000e-12 1.000000000000e-12 1.000000000000e-12 1.000000000000e-12 1.000000000000e-12 1.000000000000e-12 1.000000000000e-12 1.000000000000e-12 1.000000000000e-12 1.000000000000e-12 1.000000000000e-12 1.000000000000e-12 1.000000000000e-12 1.000000000000e-12 1.000000000000e-12 1.000000000000e-12 1.000000000000e-12 1.000000000000e-12 1.000000000000e-12 1.000000000000e-12 1.000000000000e-12 1.000000000000e-12 1.000000000000e-12 1.000000000000e-12 1.000000000000e-12 1.340881606460e-10 2.366858170662e-08 3.243616048153e-06 2.779444094233e-04 6.416784794410e-03 2.383379728308e-02 4.254534995143e-02 6.059837965224e-02 7.798378572580e-02 9.473739102643e-02 1.108930153237e-01 1.264821125290e-01 1.415339686508e-01 1.560758853460e-01 1.701333451892e-01 1.837301606943e-01 1.968886089235e-01 2.096295532832e-01 2.219725539069e-01 2.339359678551e-01 2.455370402105e-01 2.567919870190e-01 2.677160709168e-01 2.783236701842e-01 2.886283418829e-01 2.986428796612e-01 3.083793667436e-01 3.178492245672e-01 3.270632574772e-01 3.360316938469e-01 3.447642239546e-01 3.532700349087e-01 3.615578428888e-01 3.696359229381e-01 3.775121365227e-01 3.851939570509e-01 3.926884935248e-01 4.000025124842e-01 4.071424583824e-01 4.141144725255e-01 4.209244106896e-01 4.275778595249e-01 4.340801518406e-01 4.404363808605e-01 4.466514135279e-01 4.527299029343e-01 4.586762999374e-01 4.644948640299e-01 4.701896735148e-01 4.757646350384e-01 4.812234925274e-01 4.865698355738e-01 4.918071073064e-01 4.969386117851e-01 5.019675209522e-01 5.068968811710e-01 5.117296193788e-01 5.164685488831e-01 5.211163748224e-01 5.256756993158e-01 5.301490263204e-01 5.345387662170e-01 5.388472401412e-01 5.430766840759e-01 5.472292527203e-01 5.513070231507e-01 5.553119982844e-01 5.592461101605e-01 5.631112230470e-01 5.669091363872e-01 5.706415875928e-01 5.743102546937e-01 5.779167588541e-01 5.814626667607e-01 5.849494928919e-01 5.883787016749e-01 5.917517095361e-01
1.000000000000e-12 1.000000000000e-12 1.000000000000e-12 1.000000000000e-12 1.000000000000e-12 1.000000000000e-12 1.000000000000e-12 1.000000000000e-12 1.000000000000e-12 1.000000000000e-12 1.000000000000e-12 1.000000000000e-12 1.000000000000e-12 1.000000000000e-12 1.000000000000e-12 1.000000000000e-12 1.000000000000e-12 1.000000000000e-12 1.000000000000e-12 1.000000000000e-12 1.000000000000e-12 1.000000000000e-12 1.000000000000e-12 1.000000000000e-12 1.000000000000e-12 1.000000000000e-12 1.000000000000e-12 1.000000000000e-12 1.000000000000e-12 1.000000000000e-12 1.000000000000e-12 1.000000000000e-12 1.000000000000e-12 1.000000000000e-12 1.000000000000e-12 1.000000000000e-12 1.000000000000e-12 1.000000000000e-12 1.000000000000e-12 1.000000000000e-12 1.000000000000e-12 1.000000000000e-12 1.000000000000e-12 1.135977479190e-10 2.251007242537e-08 3.427190552382e-06 3.172793627346e-04 7.170432923322e-03 2.527386736393e-02 4.433819255313e-02 6.270394077238e-02 8.037746440840e-02 9.739682748232e-02 1.137976858677e-01 1.296131536638e-01 1.448740225891e-01 1.596089620363e-01 1.738446988264e-01 1.876061789984e-01 2.009167136941e-01 2.137981109323e-01 2.262707948406e-01 2.383539137142e-01 2.500654381059e-01 2.614222500032e-01 2.724402240234e-01 2.831343014480e-01 2.935185578228e-01 3.036062647658e-01 3.134099465551e-01 3.229414320029e-01 3.322119020683e-01 3.412319336109e-01 3.500115396459e-01 3.585602064227e-01 3.668869276155e-01 3.750002358845e-01 3.829082320421e-01 3.906186120314e-01 3.981386919080e-01 4.054754309943e-01 4.126354533603e-01 4.196250677718e-01 4.264502862293e-01 4.331168412160e-01 4.396302017551e-01 4.459955883736e-01 4.522179870574e-01 4.583021622764e-01 4.642526691514e-01 4.700738648273e-01 4.757699191132e-01 4.813448244435e-01 4.868024052100e-01 4.921463265112e-01 4.973801023602e-01 5.025071033908e-01 5.075305640959e-01 5.124535896327e-01 5.172791622232e-01 5.220101471781e-01 5.266492985709e-01 5.311992645833e-01 5.356625925468e-01 5.400417336976e-01 5.443390476663e-01 5.485568067167e-01 5.526971997532e-01 5.567623361079e-01 5.607542491242e-01 5.646748995480e-01 5.685261787393e-01 5.723099117141e-01 5.760278600283e-01 5.796817245125e-01 5.832731478657e-01 5.868037171184e-01 5.902749659707e-01 5.936883770139e-01 5.970453838415e-01 6.003473730573e-01
1.000000000000e-12 1.000000000000e-12 1.000000000000e-12 1.000000000000e-12 1.000000000000e-12 1.000000000000e-12 1.000000000000e-12 1.000000000000e-12 1.000000000000e-12 1.000000000000e-12 1.000000000000e-12 1.000000000000e-12 1.000000000000e-12 1.000000000000e-12 1.000000000000e-12 1.000000000000e-12 1.000000000000e-12 1.000000000000e-12 1.000000000000e-12 1.000000000000e-12 1.000000000000e-12 1.000000000000e-12 1.000000000000e-12 1.000000000000e-12 1.000000000000e-12 1.000000000000e-12 1.000000000000e-12 1.000000000000e-12 1.000000000000e-12 1.000000000000e-12 1.000000000000e-12 1.000000000000e-12 1.000000000000e-12 1.000000000000e-12 1.000000000000e-12 1.000000000000e-12 1.000000000000e-12 1.000000000000e-12 1.000000000000e-12 1.000000000000e-12 1.000000000000e-12 1.000000000000e-12 1.074271856764e-10 2.396693281428e-08 4.051779305589e-06 3.991711170133e-04 8.365335374150e-03 2.724434163994e-02 4.666369044533e-02 6.534392233227e-02 8.330636617607e-02 1.005914171002e-01 1.172366825928e-01 1.332770385297e-01 1.487448711754e-01 1.636702954252e-01 1.780813504982e-01 1.920041757410e-01 2.054631688611e-01 2.184811286048e-01 2.310793836355e-01 2.432779091438e-01 2.550954325320e-01 2.665495293474e-01 2.776567104995e-01 2.884325016703e-01 2.988915157215e-01 3.090475188082e-01 3.189134908291e-01 3.285016807697e-01 3.378236574367e-01 3.468903560237e-01 3.557121209034e-01 3.642987449980e-01 3.726595060423e-01 3.808032000233e-01 3.887381720473e-01 3.964723448651e-01 4.040132452575e-01 4.113680284681e-01 4.185435008483e-01 4.255461408667e-01 4.323821186176e-01 4.390573139538e-01 4.455773333542e-01 4.519475256292e-01 4.581729965549e-01 4.642586225216e-01 4.702090632730e-01 4.760287738049e-01 4.817220154891e-01 4.872928664795e-01 4.927452314538e-01 4.980828507412e-01 5.033093088786e-01 5.084280426386e-01 5.134423485660e-01 5.183553900575e-01 5.231702040166e-01 5.278897071139e-01 5.325167016787e-01 5.370538812479e-01 5.415038357944e-01 5.458690566574e-01 5.501519411934e-01 5.543547971664e-01 5.584798468946e-01 5.625292311683e-01 5.665050129553e-01 5.704091809046e-01 5.742436526635e-01 5.780102780186e-01 5.817108418707e-01 5.853470670555e-01 5.889206170181e-01 5.924330983499e-01 5.958860631973e-01 5.992810115486e-01 6.026193934067e-01 6.059026108536e-01 6.091320200147e-01
1.000000000000e-12 1.000000000000e-12 1.000000000000e-12 1.000000000000e-12 1.000000000000e-12 1.000000000000e-12 1.000000000000e-12 1.000000000000e-12 1.000000000000e-12 1.000000000000e-12 1.000000000000e-12 1.000000000000e-12 1.000000000000e-12 1.000000000000e-12 1.000000000000e-12 1.000000000000e-12 1.000000000000e-12 1.000000000000e-12 1.000000000000e-12 1.000000000000e-12 1.000000000000e-12 1.000000000000e-12 1.000000000000e-12 1.000000000000e-12 1.000000000000e-12 1.000000000000e-12 1.000000000000e-12 1.000000000000e-12 1.000000000000e-12 1.000000000000e-12 1.000000000000e-12 1.000000000000e-12 1.000000000000e-12 1.000000000000e-12 1.000000000000e-12 1.000000000000e-12 1.000000000000e-12 1.000000000000e-12 1.000000000000e-12 1.000000000000e-12 1.000000000000e-12 1.152244626975e-10 2.902255326055e-08 5.438501751181e-06 5.573153288190e-04 1.013019983957e-02 2.981339546991e-02 4.958689973659e-02 6.858217668738e-02 8.683313950425e-02 1.043826003344e-01 1.212702406604e-01 1.375328052153e-01 1.532043680402e-01 1.683165707884e-01 1.828988359663e-01 1.969785581269e-01 2.105812756321e-01 2.237308252475e-01 2.364494815403e-01 2.487580827941e-01 2.606761449386e-01 2.722219648032e-01 2.834127138458e-01 2.942645233641e-01 3.047925620800e-01 3.150111068825e-01 3.249336074212e-01 3.345727451661e-01 3.439404874795e-01 3.530481371827e-01 3.619063780521e-01 3.705253166269e-01 3.789145206746e-01 3.870830546203e-01 3.950395122171e-01 4.027920467043e-01 4.103483986761e-01 4.177159218608e-01 4.249016069915e-01 4.319121039311e-01 4.387537421977e-01 4.454325500255e-01 4.519542720802e-01 4.583243859390e-01 4.645481174346e-01 4.706304549531e-01 4.765761627692e-01 4.823897934914e-01 4.880756996884e-01 4.936380447563e-01 4.990808130855e-01 5.044078195794e-01 5.096227185708e-01 5.147290121826e-01 5.197300581706e-01 5.246290772867e-01 5.294291601962e-01 5.341332739794e-01 5.387442682480e-01 5.432648809014e-01 5.476977435477e-01 5.520453866123e-01 5.563102441547e-01 5.604946584122e-01 5.646008840897e-01 5.686310924108e-01 5.725873749458e-01 5.764717472314e-01 5.802861521945e-01 5.840324633928e-01 5.877124880831e-01 5.913279701288e-01 5.948805927548e-01 5.983719811608e-01 6.018037050002e-01 6.051772807333e-01 6.084941738611e-01 6.117558010486e-01 6.149635321421e-01 6.181186920870e-01
1.000000000000e-12 1.000000000000e-12 1.000000000000e-12 1.000000000000e-12 1.000000000000e-12 1.000000000000e-12 1.000000000000e-12 1.000000000000e-12 1.000000000000e-12 1.000000000000e-12 1.000000000000e-12 1.000000000000e-12 1.000000000000e-12 1.000000000000e-12 1.000000000000e-12 1.000000000000e-12 1.000000000000e-12 1.000000000000e-12 1.000000000000e-12 1.000000000000e-12 1.000000000000e-12 1.000000000000e-12 1.000000000000e-12 1.000000000000e-12 1.000000000000e-12 1.000000000000e-12 1.000000000000e-12 1.000000000000e-12 1.000000000000e-12 1.000000000000e-12 1.000000000000e-12 1.000000000000e-12 1.000000000000e-12 1.000000000000e-12 1.000000000000e-12 1.000000000000e-12 1.000000000000e-12 1.000000000000e-12 1.000000000000e-12 1.000000000000e-12 1.427963415321e-10 4.070430643547e-08 8.421500548632e-06 8.657174428760e-04 1.261326714485e-02 3.305774589901e-02 5.318227014130e-02 7.249167919178e-02 9.102927744134e-02 1.088403942213e-01 1.259669143323e-01 1.424475637585e-01 1.583182016939e-01 1.736120809979e-01 1.883600807623e-01 2.025909144132e-01 2.163313162968e-01 2.296062093024e-01 2.424388557313e-01 2.548509933353e-01 2.668629581968e-01 2.784937959129e-01 2.897613623611e-01 3.006824151682e-01 3.112726968686e-01 3.215470106195e-01 3.315192892377e-01 3.412026582372e-01 3.506094934657e-01 3.597514738726e-01 3.686396298824e-01 3.772843877931e-01 3.856956105770e-01 3.938826354191e-01 4.018543082925e-01 4.096190158416e-01 4.171847148133e-01 4.245589592538e-01 4.317489256671e-01 4.387614363104e-01 4.456029807852e-01 4.522797360686e-01 4.587975851150e-01 4.651621341440e-01 4.713787287235e-01 4.774524687440e-01 4.833882223720e-01 4.891906390634e-01 4.948641617094e-01 5.004130379818e-01 5.058413309393e-01 5.111529289488e-01 5.163515549748e-01 5.214407752809e-01 5.264240075892e-01 5.313045287337e-01 5.360854818465e-01 5.407698831080e-01 5.453606280922e-01 5.498604977353e-01 5.542721639535e-01 5.585981949334e-01 5.628410601173e-01 5.670031349040e-01 5.710867050832e-01 5.750939710214e-01 5.790270516160e-01 5.828879880305e-01 5.866787472274e-01 5.904012253092e-01 5.940572506808e-01 5.976485870446e-01 6.011769362367e-01 6.046439409165e-01 6.080511871166e-01 6.114002066619e-01 6.146924794659e-01 6.179294357113e-01 6.211124579215e-01 6.242428829296e-01 6.273220037500e-01
1.000000000000e-12 1.000000000000e-12 1.000000000000e-12 1.000000000000e-12 1.000000000000e-12 1.000000000000e-12 1.000000000000e-12 1.000000000000e-12 1.000000000000e-12 1.000000000000e-12 1.000000000000e-12 1.000000000000e-12 1.000000000000e-12 1.000000000000e-12 1.000000000000e-12 1.000000000000e-12 1.000000000000e-12 1.000000000000e-12 1.000000000000e-12 1.000000000000e-12 1.000000000000e-12 1.000000000000e-12 1.000000000000e-12 1.000000000000e-12 1.000000000000e-12 1.000000000000e-12 1.000000000000e-12 1.000000000000e-12 1.000000000000e-12 1.000000000000e-12 1.000000000000e-12 1.000000000000e-12 1.000000000000e-12 1.000000000000e-12 1.000000000000e-12 1.000000000000e-12 1.000000000000e-12 1.000000000000e-12 1.000000000000e-12 2.089541834146e-10 6.751841924124e-08 1.530302325995e-05 1.486495123308e-03 1.595879400499e-02 3.706443392379e-02 5.753537841099e-02 7.715618706216e-02 9.597671409515e-02 1.140449301747e-01 1.314050594074e-01 1.480979263438e-01 1.641612764064e-01 1.796300608142e-01 1.945366904452e-01 2.089112625153e-01 2.227817634103e-01 2.361742505478e-01 2.491130157553e-01 2.616207323195e-01 2.737185875800e-01 2.854264026983e-01 2.967627410260e-01 3.077450063196e-01 3.183895318936e-01 3.287116616724e-01 3.387258239888e-01 3.484455988728e-01 3.578837794931e-01 3.670524283339e-01 3.759629286270e-01 3.846260315001e-01 3.930518992517e-01 4.012501451180e-01 4.092298698612e-01 4.169996954694e-01 4.245677962323e-01 4.319419274274e-01 4.391294518284e-01 4.461373642261e-01 4.529723141342e-01 4.596406268338e-01 4.661483228977e-01 4.725011363202e-01 4.787045313685e-01 4.847637182576e-01 4.906836677460e-01 4.964691247354e-01 5.021246209548e-01 5.076544867989e-01 5.130628623861e-01 5.183537078961e-01 5.235308132402e-01 5.285978071153e-01 5.335581654852e-01 5.384152195333e-01 5.431721631224e-01 5.478320597987e-01 5.523978493711e-01 5.568723540962e-01 5.612582844952e-01 5.655582448298e-01 5.697747382589e-01 5.739101716969e-01 5.779668603963e-01 5.819470322691e-01 5.858528319676e-01 5.896863247373e-01 5.934495000584e-01 5.971442750887e-01 6.007724979203e-01 6.043359506620e-01 6.078363523580e-01 6.112753617532e-01 6.146545799139e-01 6.179755527133e-01 6.212397731898e-01 6.244486837845e-01 6.276036784673e-01 6.307061047551e-01 6.337572656317e-01 6.367584213716e-01
1.000000000000e-12 1.000000000000e-12 1.000000000000e-12 1.000000000000e-12 1.000000000000e-12 1.000000000000e-12 1.000000000000e-12 1.000000000000e-12 1.000000000000e-12 1.000000000000e-12 1.000000000000e-12 1.000000000000e-12 1.000000000000e-12 1.000000000000e-12 1.000000000000e-12 1.000000000000e-12 1.000000000000e-12 1.000000000000e-12 1.000000000000e-12 1.000000000000e-12 1.000000000000e-12 1.000000000000e-12 1.000000000000e-12 1.000000000000e-12 1.000000000000e-12 1.000000000000e-12 1.000000000000e-12 1.000000000000e-12 1.000000000000e-12 1.000000000000e-12 1.000000000000e-12 1.000000000000e-12 1.000000000000e-12 1.000000000000e-12 1.000000000000e-12 1.000000000000e-12 1.000000000000e-12 1.000000000000e-12 3.703461548261e-10 1.356861153941e-07 3.318356952964e-05 2.756905624534e-03 2.028530219195e-02 4.193357629702e-02 6.274506567455e-02 8.267228388717e-02 1.017697910123e-01 1.200883469507e-01 1.376746570896e-01 1.545717661004e-01 1.708194096835e-01 1.864543265351e-01 2.015105356739e-01 2.160195835320e-01 2.300107645882e-01 2.435113187900e-01 2.565466085655e-01 2.691402778434e-01 2.813143951802e-01 2.930895828182e-01 3.044851332591e-01 3.155191147428e-01 3.262084668418e-01 3.365690872370e-01 3.466159106079e-01 3.563629804623e-01 3.658235146309e-01 3.750099650696e-01 3.839340725383e-01 3.926069166615e-01 4.010389618185e-01 4.092400992640e-01 4.172196858353e-01 4.249865795637e-01 4.325491724762e-01 4.399154208423e-01 4.470928730948e-01 4.540886956312e-01 4.609096966812e-01 4.675623484059e-01 4.740528073819e-01 4.803869336045e-01 4.865703081340e-01 4.926082494974e-01 4.985058289457e-01 5.042678846599e-01 5.098990349881e-01 5.154036907916e-01 5.207860669669e-01 5.260501932095e-01 5.311999240752e-01 5.362389483929e-01 5.411707980765e-01 5.459988563810e-01 5.507263656421e-01 5.553564345377e-01 5.598920449046e-01 5.643360581428e-01 5.686912212349e-01 5.729601724087e-01 5.771454464665e-01 5.812494798040e-01 5.852746151399e-01 5.892231059752e-01 5.930971208006e-01 5.968987470671e-01 6.006299949370e-01 6.042928008283e-01 6.078890307653e-01 6.114204835488e-01 6.148888937562e-01 6.182959345822e-01 6.216432205304e-01 6.249323099644e-01 6.281647075268e-01 6.313418664342e-01 6.344651906560e-01 6.375360369826e-01 6.405557169907e-01 6.435254989117e-01 6.464466094067e-01
1.000000000000e-12 1.000000000000e-12 1.000000000000e-12 1.000000000000e-12 1.000000000000e-12 1.000000000000e-12 1.000000000000e-12 1.000000000000e-12 1.000000000000e-12 1.000000000000e-12 1.000000000000e-12 1.000000000000e-12 1.000000000000e-12 1.000000000000e-12 1.000000000000e-12 1.000000000000e-12 1.000000000000e-12 1.000000000000e-12 1.000000000000e-12 1.000000000000e-12 1.000000000000e-12 1.000000000000e-12 1.000000000000e-12 1.000000000000e-12 1.000000000000e-12 1.000000000000e-12 1.000000000000e-12 1.000000000000e-12 1.000000000000e-12 1.000000000000e-12 1.000000000000e-12 1.000000000000e-12 1.000000000000e-12 1.000000000000e-12 1.000000000000e-12 1.000000000000e-12 1.472702940718e-12 8.192588330776e-10 3.395328385887e-07 8.697021072845e-05 5.268552618203e-03 2.568757303894e-02 4.778178282848e-02 6.892609210833e-02 8.915192365223e-02 1.085177025692e-01 1.270771434825e-01 1.448795798926e-01 1.619704012972e-01 1.783914395979e-01 1.941813109542e-01 2.093757189611e-01 2.240077241623e-01 2.381079841791e-01 2.517049681275e-01 2.648251484783e-01 2.774931730810e-01 2.897320197041e-01 3.015631351297e-01 3.130065605747e-01 3.240810449807e-01 3.348041475207e-01 3.451923305001e-01 3.552610436876e-01 3.650248009829e-01 3.744972502224e-01 3.836912368285e-01 3.926188619272e-01 4.012915354863e-01 4.097200249653e-01 4.179144999128e-01 4.258845729008e-01 4.336393371404e-01 4.411874010909e-01 4.485369203365e-01 4.556956269812e-01 4.626708567831e-01 4.694695742289e-01 4.760983957284e-01 4.825636110917e-01 4.888712034358e-01 4.950268676525e-01 5.010360275574e-01 5.069038518297e-01 5.126352688395e-01 5.182349804536e-01 5.237074748998e-01 5.290570387644e-01 5.342877681908e-01 5.394035793389e-01 5.444082181638e-01 5.493052695627e-01 5.540981659390e-01 5.587901952255e-01 5.633845084062e-01 5.678841265728e-01 5.722919475500e-01 5.766107521187e-01 5.808432098660e-01 5.849918846887e-01 5.890592399717e-01 5.930476434659e-01 5.969593718849e-01 6.007966152379e-01 6.045614809190e-01 6.082559975660e-01 6.118821187056e-01 6.154417261976e-01 6.189366334919e-01 6.223685887085e-01 6.257392775536e-01 6.290503260803e-01 6.323033033040e-01 6.354997236819e-01 6.386410494638e-01 6.417286929224e-01 6.447640184706e-01 6.477483446717e-01 6.506829461493e-01 6.535690554025e-01 6.564078645318e-01
1.000000000000e-12 1.000000000000e-12 1.000000000000e-12 1.000000000000e-12 1.000000000000e-12 1.000000000000e-12 1.000000000000e-12 1.000000000000e-12 1.000000000000e-12 1.000000000000e-12 1.000000000000e-12 1.000000000000e-12 1.000000000000e-12 1.000000000000e-12 1.000000000000e-12 1.000000000000e-12 1.000000000000e-12 1.000000000000e-12 1.000000000000e-12 1.000000000000e-12 1.000000000000e-12 1.000000000000e-12 1.000000000000e-12 1.000000000000e-12 1.000000000000e-12 1.000000000000e-12 1.000000000000e-12 1.000000000000e-12 1.000000000000e-12 1.000000000000e-12 1.000000000000e-12 1.000000000000e-12 1.000000000000e-12 1.000000000000e-12 1.000000000000e-12 3.618079579384e-12 2.343549568738e-09 1.090584402153e-06 2.750686985708e-04 9.718890297183e-03 3.226536218462e-02 5.474599309227e-02 7.621247124872e-02 9.672563041071e-02 1.163475699558e-01 1.351351351351e-01 1.531404375441e-01 1.704113377117e-01 1.869918699187e-01 2.029226170707e-01 2.182410423453e-01 2.329817833174e-01 2.471769134253e-01 2.608561749307e-01 2.740471869329e-01 2.867756315007e-01 2.990654205607e-01 3.109388458226e-01 3.224167137211e-01 3.335184670925e-01 3.442622950820e-01 3.546652325894e-01 3.647432503970e-01 3.745113369820e-01 3.839835728953e-01 3.931731984829e-01 4.020926756353e-01 4.107537441689e-01 4.191674733785e-01 4.273443092341e-01 4.352941176471e-01 4.430262241820e-01 4.505494505495e-01 4.578721481816e-01 4.650022291574e-01 4.719471947195e-01 4.787141615986e-01 4.853098863393e-01 4.917407878018e-01 4.980129679983e-01 5.041322314050e-01 5.101041028781e-01 5.159338442921e-01 5.216264700020e-01 5.271867612293e-01 5.326192794547e-01 5.379283788987e-01 5.431182181610e-01 5.481927710843e-01 5.531558369019e-01 5.580110497238e-01 5.627618874112e-01 5.674116798846e-01 5.719636169074e-01 5.764207553830e-01 5.807860262009e-01 5.850622406639e-01 5.892520965258e-01 5.933581836666e-01 5.973829894313e-01 6.013289036545e-01 6.051982233920e-01 6.089931573803e-01 6.127158302404e-01 6.163682864450e-01 6.199524940618e-01 6.234703482899e-01 6.269236748018e-01 6.303142329020e-01 6.336437185162e-01 6.369137670197e-01 6.401259559154e-01 6.432818073722e-01 6.463827906292e-01 6.494303242770e-01 6.524257784214e-01 6.553704767375e-01 6.582656984195e-01 6.611126800339e-01 6.639126172805e-01 6.666666666667e-01
1.000000000000e-12 1.000000000000e-12 1.000000000000e-12 1.000000000000e-12 1.000000000000e-12 1.000000000000e-12 1.000000000000e-12 1.000000000000e-12 1.000000000000e-12 1.000000000000e-12 1.000000000000e-12 1.000000000000e-12 1.000000000000e-12 1.000000000000e-12 1.000000000000e-12 1.000000000000e-12 1.000000000000e-12 1.000000000000e-12 1.000000000000e-12 1.000000000000e-12 1.000000000000e-12 1.000000000000e-12 1.000000000000e-12 1.000000000000e-12 1.000000000000e-12 1.000000000000e-12 1.000000000000e-12 1.000000000000e-12 1.000000000000e-12 1.000000000000e-12 1.000000000000e-12 1.000000000000e-12 1.000000000000e-12 1.000000000000e-12 1.197938265995e-11 9.038045794969e-09 4.639074177069e-06 1.005215698871e-03 1.642953073224e-02 4.015394170273e-02 6.298790379264e-02 8.476171418123e-02 1.055465713147e-01 1.254083523807e-01 1.444072136508e-01 1.625981954146e-01 1.800317545080e-01 1.967542316887e-01 2.128082629660e-01 2.282331425691e-01 2.430651440637e-01 2.573378051376e-01 2.710821807640e-01 2.843270687636e-01 2.970992112146e-01 3.094234746733e-01 3.213230117627e-01 3.328194063381e-01 3.439328041433e-01 3.546820306236e-01 3.650846973430e-01 3.751572982725e-01 3.849152970555e-01 3.943732062225e-01 4.035446592083e-01 4.124424759230e-01 4.210787225400e-01 4.294647660878e-01 4.376113243648e-01 4.455285116382e-01 4.532258805354e-01 4.607124604956e-01 4.679967931034e-01 4.750869645980e-01 4.819906358171e-01 4.887150698076e-01 4.952671573144e-01 5.016534403336e-01 5.078801339000e-01 5.139531462614e-01 5.198780975776e-01 5.256603372679e-01 5.313049601201e-01 5.368168212628e-01 5.422005500937e-01 5.474605632474e-01 5.526010766799e-01 5.576261169381e-01 5.625395316784e-01 5.673449994928e-01 5.720460390931e-01 5.766460179041e-01 5.811481601073e-01 5.855555541779e-01 5.898711599498e-01 5.940978152446e-01 5.982382420947e-01 6.022950525887e-01 6.062707543673e-01 6.101677557919e-01 6.139883708099e-01 6.177348235360e-01 6.214092525701e-01 6.250137150679e-01 6.285501905811e-01 6.320205846834e-01 6.354267323934e-01 6.387704014108e-01 6.420532951749e-01 6.452770557587e-01 6.484432666075e-01 6.515534551320e-01 6.546090951658e-01 6.576116092936e-01 6.605623710598e-01 6.634627070638e-01 6.663138989482e-01 6.691171852877e-01 6.718737633826e-01 6.745847909642e-01 6.772513878160e-01
1.000000000000e-12 1.000000000000e-12 1.000000000000e-12 1.000000000000e-12 1.000000000000e-12 1.000000000000e-12 1.000000000000e-12 1.000000000000e-12 1.000000000000e-12 1.000000000000e-12 1.000000000000e-12 1.000000000000e-12 1.000000000000e-12 1.000000000000e-12 1.000000000000e-12 1.000000000000e-12 1.000000000000e-12 1.000000000000e-12 1.000000000000e-12 1.000000000000e-12 1.000000000000e-12 1.000000000000e-12 1.000000000000e-12 1.000000000000e-12 1.000000000000e-12 1.000000000000e-12 1.000000000000e-12 1.000000000000e-12 1.000000000000e-12 1.000000000000e-12 1.000000000000e-12 1.000000000000e-12 1.000000000000e-12 5.637924975223e-11 4.932302520461e-08 2.676350121025e-05 3.689727378923e-03 2.522374453447e-02 4.953676154052e-02 7.269953269314e-02 9.476030965228e-02 1.157958124993e-01 1.358758922000e-01 1.550641956852e-01 1.734188394461e-01 1.909929974543e-01 2.078354156442e-01 2.239908634413e-01 2.395005311435e-01 2.544023805831e-01 2.687314553536e-01 2.825201559398e-01 2.957984842960e-01 3.085942617603e-01 3.209333236345e-01 3.328396932944e-01 3.443357382990e-01 3.554423106333e-01 3.661788729350e-01 3.765636123120e-01 3.866135431518e-01 3.963446001440e-01 4.057717225875e-01 4.149089309188e-01 4.237693962874e-01 4.323655039028e-01 4.407089107961e-01 4.488105985602e-01 4.566809215720e-01 4.643296511419e-01 4.717660159849e-01 4.789987393678e-01 4.860360732453e-01 4.928858296670e-01 4.995554097048e-01 5.060518301289e-01 5.123817480312e-01 5.185514835805e-01 5.245670410707e-01 5.304341284115e-01 5.361581751933e-01 5.417443494459e-01 5.471975732020e-01 5.525225369615e-01 5.577237131473e-01 5.628053686340e-01 5.677715764220e-01 5.726262265250e-01 5.773730361325e-01 5.820155591018e-01 5.865571948316e-01 5.910011965633e-01 5.953506791521e-01 5.996086263484e-01 6.037778976237e-01 6.078612345739e-01 6.118612669322e-01 6.157805182159e-01 6.196214110362e-01 6.233862720912e-01 6.270773368664e-01 6.306967540608e-01 6.342465897582e-01 6.377288313596e-01 6.411453912940e-01 6.444981105203e-01 6.477887618349e-01 6.510190529979e-01 6.541906296882e-01 6.573050782988e-01 6.603639285833e-01 6.633686561607e-01 6.663206848894e-01 6.692213891168e-01 6.720720958130e-01 6.748740865946e-01 6.776285996461e-01 6.803368315443e-01 6.829999389912e-01 6.856190404615e-01 6.881952177689e-01
1.000000000000e-12 1.000000000000e-12 1.000000000000e-12 1.000000000000e-12 1.000000000000e-12 1.000000000000e-12 1.000000000000e-12 1.000000000000e-12 1.000000000000e-12 1.000000000000e-12 1.000000000000e-12 1.000000000000e-12 1.000000000000e-12 1.000000000000e-12 1.000000000000e-12 1.000000000000e-12 1.000000000000e-12 1.000000000000e-12 1.000000000000e-12 1.000000000000e-12 1.000000000000e-12 1.000000000000e-12 1.000000000000e-12 1.000000000000e-12 1.000000000000e-12 1.000000000000e-12 1.000000000000e-12 1.000000000000e-12 1.000000000000e-12 1.000000000000e-12 1.000000000000e-12 1.000000000000e-12 4.022851037121e-10 4.019028650477e-07 2.062051226703e-04 1.075585084088e-02 3.595191414818e-02 6.064665661555e-02 8.411059896507e-02 1.064309106657e-01 1.276892075490e-01 1.479595252941e-01 1.673091742577e-01 1.857994861579e-01 2.034864634468e-01 2.204213458456e-01 2.366511061121e-01 2.522188851440e-01 2.671643749057e-01 2.815241563340e-01 2.953319982807e-01 3.086191226339e-01 3.214144400005e-01 3.337447596925e-01 3.456349772298e-01 3.571082421164e-01 3.681861082715e-01 3.788886691707e-01 3.892346794810e-01 3.992416647380e-01 4.089260204157e-01 4.183031015654e-01 4.273873040555e-01 4.361921383168e-01 4.447302963864e-01 4.530137129511e-01 4.610536210069e-01 4.688606026815e-01 4.764446357022e-01 4.838151359393e-01 4.909809964051e-01 4.979506230498e-01 5.047319676561e-01 5.113325581029e-01 5.177595262420e-01 5.240196336021e-01 5.301192951176e-01 5.360646010555e-01 5.418613372981e-01 5.475150041250e-01 5.530308336202e-01 5.584138058219e-01 5.636686637196e-01 5.687999271919e-01 5.738119059735e-01 5.787087117277e-01 5.834942692956e-01 5.881723271886e-01 5.927464673798e-01 5.972201144520e-01 6.015965441476e-01 6.058788913685e-01 6.100701576643e-01 6.141732182489e-01 6.181908285778e-01 6.221256305191e-01 6.259801581469e-01 6.297568431836e-01 6.334580201155e-01 6.370859310051e-01 6.406427300202e-01 6.441304876989e-01 6.475511949693e-01 6.509067669391e-01 6.541990464708e-01 6.574298075569e-01 6.606007585067e-01 6.637135449590e-01 6.667697527298e-01 6.697709105055e-01 6.727184923936e-01 6.756139203361e-01 6.784585663974e-01 6.812537549317e-01 6.840007646394e-01 6.867008305173e-01 6.893551457096e-01 6.919648632666e-01 6.945310978144e-01 6.970549271421e-01 6.995373937113e-01
1.000000000000e-12 1.000000000000e-12 1.000000000000e-12 1.000000000000e-12 1.000000000000e-12 1.000000000000e-12 1.000000000000e-12 1.000000000000e-12 1.000000000000e-12 1.000000000000e-12 1.000000000000e-12 1.000000000000e-12 1.000000000000e-12 1.000000000000e-12 1.000000000000e-12 1.000000000000e-12 1.000000000000e-12 1.000000000000e-12 1.000000000000e-12 1.000000000000e-12 1.000000000000e-12 1.000000000000e-12 1.000000000000e-12 1.000000000000e-12 1.000000000000e-12 1.000000000000e-12 1.000000000000e-12 1.000000000000e-12 1.000000000000e-12 1.000000000000e-12 2.698123918051e-12 4.701519774021e-09 5.138522621061e-06 1.777913700704e-03 2.242942053330e-02 4.875941690780e-02 7.376962184374e-02 9.749849366836e-02 1.200419267220e-01 1.414865885656e-01 1.619108995634e-01 1.813859909088e-01 1.999765323008e-01 2.177414493479e-01 2.347345474659e-01 2.510050561864e-01 2.665981054754e-01 2.815551437668e-01 2.959143058663e-01 3.097107376012e-01 3.229768830350e-01 3.357427391874e-01 3.480360824709e-01 3.598826704396e-01 3.713064219351e-01 3.823295782815e-01 3.929728478146e-01 4.032555357213e-01 4.131956609027e-01 4.228100613489e-01 4.321144893217e-01 4.411236974771e-01 4.498515169183e-01 4.583109280473e-01 4.665141249788e-01 4.744725741890e-01 4.821970679914e-01 4.896977733654e-01 4.969842766015e-01 5.040656241750e-01 5.109503602159e-01 5.176465608998e-01 5.241618660525e-01 5.305035082262e-01 5.366783394822e-01 5.426928560874e-01 5.485532213113e-01 5.542652864931e-01 5.598346105289e-01 5.652664779162e-01 5.705659154788e-01 5.757377078827e-01 5.807864120446e-01 5.857163705237e-01 5.905317239790e-01 5.952364227687e-01 5.998342377584e-01 6.043287704012e-01 6.087234621456e-01 6.130216032242e-01 6.172263408688e-01 6.213406869953e-01 6.253675253997e-01 6.293096184978e-01 6.331696136458e-01 6.369500490685e-01 6.406533594255e-01 6.442818810401e-01 6.478378568142e-01 6.513234408518e-01 6.547407028102e-01 6.580916319982e-01 6.613781412377e-01 6.646020705046e-01 6.677651903640e-01 6.708692052125e-01 6.739157563410e-01 6.769064248278e-01 6.798427342756e-01 6.827261533991e-01 6.855580984746e-01 6.883399356601e-01 6.910729831922e-01 6.937585134695e-01 6.963977550274e-01 6.989918944124e-01 7.015420779605e-01 7.040494134868e-01 7.065149718889e-01 7.089397886735e-01 7.113248654052e-01
1.000000000000e-12 1.000000000000e-12 1.000000000000e-12 1.000000000000e-12 1.000000000000e-12 1.000000000000e-12 1.000000000000e-12 1.000000000000e-12 1.000000000000e-12 1.000000000000e-12 1.000000000000e-12 1.000000000000e-12 1.000000000000e-12 1.000000000000e-12 1.000000000000e-12 1.000000000000e-12 1.000000000000e-12 1.000000000000e-12 1.000000000000e-12 1.000000000000e-12 1.000000000000e-12 1.000000000000e-12 1.000000000000e-12 1.000000000000e-12 1.000000000000e-12 1.000000000000e-12 1.000000000000e-12 1.000000000000e-12 1.000000000000e-12 4.806981920757e-11 9.832590205431e-08 1.027234629940e-04 9.967640629873e-03 3.726644608927e-02 6.398171770737e-02 8.925635047809e-02 1.132019277125e-01 1.359205930468e-01 1.575042869546e-01 1.780359875203e-01 1.975907765269e-01 2.162367569070e-01 2.340358451835e-01 2.510444583315e-01 2.673141111144e-01 2.828919372205e-01 2.978211453023e-01 3.121414192142e-01 3.258892702530e-01 3.390983479863e-01 3.517997152400e-01 3.640220919740e-01 3.757920720787e-01 3.871343165343e-01 3.980717258883e-01 4.086255945875e-01 4.188157493536e-01 4.286606734961e-01 4.381776187992e-01 4.473827064112e-01 4.562910179745e-01 4.649166780819e-01 4.732729290065e-01 4.813721985371e-01 4.892261616496e-01 4.968457966591e-01 5.042414364192e-01 5.114228150716e-01 5.183991107906e-01 5.251789849169e-01 5.317706178322e-01 5.381817418860e-01 5.444196716545e-01 5.504913317793e-01 5.564032826096e-01 5.621617438475e-01 5.677726163742e-01 5.732415024205e-01 5.785737242242e-01 5.837743413066e-01 5.888481664849e-01 5.937997807281e-01 5.986335469517e-01 6.033536228397e-01 6.079639727712e-01 6.124683789263e-01 6.168704516339e-01 6.211736390228e-01 6.253812360291e-01 6.294963928108e-01 6.335221226127e-01 6.374613091249e-01 6.413167133718e-01 6.450909801653e-01 6.487866441558e-01 6.524061355086e-01 6.559517852329e-01 6.594258301877e-01 6.628304177883e-01 6.661676104323e-01 6.694393896656e-01 6.726476601064e-01 6.757942531422e-01 6.788809304158e-01 6.819093871143e-01 6.848812550731e-01 6.877981057086e-01 6.906614527882e-01 6.934727550503e-01 6.962334186822e-01 6.989447996652e-01 7.016082059959e-01 7.042248997899e-01 7.067960992761e-01 7.093229806875e-01 7.118066800560e-01 7.142482949148e-01 7.166488859158e-01 7.190094783658e-01 7.213310636867e-01 7.236146008037e-01
1.000000000000e-12 1.000000000000e-12 1.000000000000e-12 1.000000000000e-12 1.000000000000e-12 1.000000000000e-12 1.000000000000e-12 1.000000000000e-12 1.000000000000e-12 1.000000000000e-12 1.000000000000e-12 1.000000000000e-12 1.000000000000e-12 1.000000000000e-12 1.000000000000e-12 1.000000000000e-12 1.000000000000e-12 1.000000000000e-12 1.000000000000e-12 1.000000000000e-12 1.000000000000e-12 1.000000000000e-12 1.000000000000e-12 1.000000000000e-12 1.000000000000e-12 1.000000000000e-12 1.000000000000e-12 1.000000000000e-12 1.777091225235e-09 3.988458050741e-06 2.283261830036e-03 2.651969909900e-02 5.509634424620e-02 8.206744264642e-02 1.075415822667e-01 1.316400017844e-01 1.544712138587e-01 1.761326113326e-01 1.967118560114e-01 2.162880643945e-01 2.349328241528e-01 2.527110688850e-01 2.696818336794e-01 2.858989100109e-01 3.014114152794e-01 3.162642896933e-01 3.304987310864e-01 3.441525765292e-01 3.572606381772e-01 3.698549996343e-01 3.819652781430e-01 3.936188571106e-01 4.048410928165e-01 4.156554985830e-01 4.260839092253e-01 4.361466282018e-01 4.458625595499e-01 4.552493264137e-01 4.643233777242e-01 4.731000843929e-01 4.815938262019e-01 4.898180704219e-01 4.977854430648e-01 5.055077935624e-01 5.129962535675e-01 5.202612904928e-01 5.273127563276e-01 5.341599322119e-01 5.408115691914e-01 5.472759255306e-01 5.535608009174e-01 5.596735678577e-01 5.656212005263e-01 5.714103013099e-01 5.770471252561e-01 5.825376026180e-01 5.878873596653e-01 5.931017379153e-01 5.981858119227e-01 6.031444057517e-01 6.079821082436e-01 6.127032871809e-01 6.173121024403e-01 6.218125182179e-01 6.262083144009e-01 6.305030971566e-01 6.347003087984e-01 6.388032369882e-01 6.428150233244e-01 6.467386713645e-01 6.505770541251e-01 6.543329210965e-01 6.580089048124e-01 6.616075270018e-01 6.651312043591e-01 6.685822539562e-01 6.719628983228e-01 6.752752702206e-01 6.785214171296e-01 6.817033054687e-01 6.848228245679e-01 6.878817904095e-01 6.908819491526e-01 6.938249804581e-01 6.967125006232e-01 6.995460655422e-01 7.023271735016e-01 7.050572678220e-01 7.077377393560e-01 7.103699288504e-01 7.129551291829e-01 7.154945874792e-01 7.179895071193e-01 7.204410496389e-01 7.228503365321e-01 7.252184509629e-01 7.275464393881e-01 7.298353130997e-01 7.320860496892e-01 7.342995944404e-01 7.364768616526e-01
1.000000000000e-12 1.000000000000e-12 1.000000000000e-12 1.000000000000e-12 1.000000000000e-12 1.000000000000e-12 1.000000000000e-12 1.000000000000e-12 1.000000000000e-12 1.000000000000e-12 1.000000000000e-12 1.000000000000e-12 1.000000000000e-12 1.000000000000e-12 1.000000000000e-12 1.000000000000e-12 1.000000000000e-12 1.000000000000e-12 1.000000000000e-12 1.000000000000e-12 1.000000000000e-12 1.000000000000e-12 1.000000000000e-12 1.000000000000e-12 1.000000000000e-12 1.000000000000e-12 3.476525183640e-11 1.577200300174e-07 2.907796628542e-04 1.714727987028e-02 4.761922681235e-02 7.644946137216e-02 1.035856573706e-01 1.291727140784e-01 1.533396048918e-01 1.762013729977e-01 1.978609625668e-01 2.184107685627e-01 2.379339542760e-01 2.565055762082e-01 2.741935483871e-01 2.910594722332e-01 3.071593533487e-01 3.225442228077e-01 3.372606774669e-01 3.513513513514e-01 3.648553281581e-01 3.778085032838e-01 3.902439024390e-01 4.021919628031e-01 4.136807817590e-01 4.247363374880e-01 4.353826850690e-01 4.456421311980e-01 4.555353901996e-01 4.650817236256e-01 4.742990654206e-01 4.832041343669e-01 4.918125352908e-01 5.001388503194e-01 5.081967213115e-01 5.159989244421e-01 5.235574377978e-01 5.308835027365e-01 5.379876796715e-01 5.448798988622e-01 5.515695067265e-01 5.580653081267e-01 5.643756050339e-01 5.705082319255e-01 5.764705882353e-01 5.822696681365e-01 5.879120879121e-01 5.934041111362e-01 5.987516718680e-01 6.039603960396e-01 6.090356211990e-01 6.139824147545e-01 6.188055908513e-01 6.235097259987e-01 6.280991735537e-01 6.325780771586e-01 6.369503832190e-01 6.412198525015e-01 6.453900709220e-01 6.494644595911e-01 6.534462841740e-01 6.573386636208e-01 6.611445783133e-01 6.648668776764e-01 6.685082872928e-01 6.720714155584e-01 6.755587599135e-01 6.789727126806e-01 6.823155665372e-01 6.855895196507e-01 6.887966804979e-01 6.919390723943e-01 6.950186377499e-01 6.980372420735e-01 7.009966777409e-01 7.038986675440e-01 7.067448680352e-01 7.095368726803e-01 7.122762148338e-01 7.149643705463e-01 7.176027612175e-01 7.201927561014e-01 7.227356746765e-01 7.252327888872e-01 7.276853252648e-01 7.300944669366e-01 7.324613555291e-01 7.347870929719e-01 7.370727432077e-01 7.393193338161e-01 7.415278575531e-01 7.436992738146e-01 7.458345100254e-01 7.479344629604e-01 7.500000000000e-01
1.000000000000e-12 1.000000000000e-12 1.000000000000e-12 1.000000000000e-12 1.000000000000e-12 1.000000000000e-12 1.000000000000e-12 1.000000000000e-12 1.000000000000e-12 1.000000000000e-12 1.000000000000e-12 1.000000000000e-12 1.000000000000e-12 1.000000000000e-12 1.000000000000e-12 1.000000000000e-12 1.000000000000e-12 1.000000000000e-12 1.000000000000e-12 1.000000000000e-12 1.000000000000e-12 1.000000000000e-12 1.000000000000e-12 1.000000000000e-12 1.000000000000e-12 8.139104404686e-09 3.622060589997e-05 1.024236216025e-02 4.229396206396e-02 7.315331820424e-02 1.020866270648e-01 1.292682017200e-01 1.548524527651e-01 1.789761611767e-01 2.017609243426e-01 2.233152060194e-01 2.437360629021e-01 2.631106057978e-01 2.815172418088e-01 2.990267348832e-01 3.157031149808e-01 3.316044604775e-01 3.467835739616e-01 3.612885679911e-01 3.751633745038e-01 3.884481892441e-01 4.011798606748e-01 4.133922313005e-01 4.251164380597e-01 4.363811774003e-01 4.472129397890e-01 4.576362176901e-01 4.676736904493e-01 4.773463890213e-01 4.866738430588e-01 4.956742125267e-01 5.043644057104e-01 5.127601852289e-01 5.208762634535e-01 5.287263885455e-01 5.363234221728e-01 5.436794098285e-01 5.508056445612e-01 5.577127248247e-01 5.644106070719e-01 5.709086536415e-01 5.772156764206e-01 5.833399767131e-01 5.892893816922e-01 5.950712777743e-01 6.006926412123e-01 6.061600661760e-01 6.114797905568e-01 6.166577197091e-01 6.216994483175e-01 6.266102805616e-01 6.313952487299e-01 6.360591304208e-01 6.406064644541e-01 6.450415656039e-01 6.493685382546e-01 6.535912890697e-01 6.577135387560e-01 6.617388329982e-01 6.656705526305e-01 6.695119231066e-01 6.732660233254e-01 6.769357938611e-01 6.805240446446e-01 6.840334621397e-01 6.874666160501e-01 6.908259655953e-01 6.941138653843e-01 6.973325709207e-01 7.004842437615e-01 7.035709563585e-01 7.065946966031e-01 7.095573720952e-01 7.124608141566e-01 7.153067816058e-01 7.180969643110e-01 7.208329865360e-01 7.235164100932e-01 7.261487373168e-01 7.287314138670e-01 7.312658313780e-01 7.337533299580e-01 7.361952005522e-01 7.385926871769e-01 7.409469890326e-01 7.432592625041e-01 7.455306230548e-01 7.477621470202e-01 7.499548733096e-01 7.521098050179e-01 7.542279109562e-01 7.563101271040e-01 7.583573579884e-01 7.603704779938e-01 7.623503326078e-01 7.642977396045e-01
1.000000000000e-12 1.000000000000e-12 1.000000000000e-12 1.000000000000e-12 1.000000000000e-12 1.000000000000e-12 1.000000000000e-12 1.000000000000e-12 1.000000000000e-12 1.000000000000e-12 1.000000000000e-12 1.000000000000e-12 1.000000000000e-12 1.000000000000e-12 1.000000000000e-12 1.000000000000e-12 1.000000000000e-12 1.000000000000e-12 1.000000000000e-12 1.000000000000e-12 1.000000000000e-12 1.000000000000e-12 1.000000000000e-12 7.176718338018e-10 7.277415061786e-06 6.731183415827e-03 4.023640987200e-02 7.329201038760e-02 1.041474116035e-01 1.330143164179e-01 1.600789488684e-01 1.855049837667e-01 2.094368592436e-01 2.320025221873e-01 2.533157165387e-01 2.734779008518e-01 2.925798633517e-01 3.107030887370e-01 3.279209201360e-01 3.442995511612e-01 3.598988763553e-01 3.747732230647e-01 3.889719835879e-01 4.025401631017e-01 4.155188561713e-01 4.279456624725e-01 4.398550505862e-01 4.512786772766e-01 4.622456684828e-01 4.727828672737e-01 4.829150532121e-01 4.926651369004e-01 5.020543329239e-01 5.111023139394e-01 5.198273482641e-01 5.282464229900e-01 5.363753543695e-01 5.442288869828e-01 5.518207829930e-01 5.591639026274e-01 5.662702768747e-01 5.731511732620e-01 5.798171554688e-01 5.862781374410e-01 5.925434325876e-01 5.986217985743e-01 6.045214781667e-01 6.102502365238e-01 6.158153952955e-01 6.212238638419e-01 6.264821678497e-01 6.315964756002e-01 6.365726221065e-01 6.414161313217e-01 6.461322365941e-01 6.507258995294e-01 6.552018274025e-01 6.595644892475e-01 6.638181307415e-01 6.679667879860e-01 6.720143002812e-01 6.759643219761e-01 6.798203334734e-01 6.835856514573e-01 6.872634384084e-01 6.908567114628e-01 6.943683506664e-01 6.978011066745e-01 7.011576079370e-01 7.044403674104e-01 7.076517888327e-01 7.107941725927e-01 7.138697212259e-01 7.168805445624e-01 7.198286645537e-01 7.227160198011e-01 7.255444698066e-01 7.283157989665e-01 7.310317203255e-01 7.336938791078e-01 7.363038560401e-01 7.388631704822e-01 7.413732833759e-01 7.438356000260e-01 7.462514727240e-01 7.486222032243e-01 7.509490450834e-01 7.532332058699e-01 7.554758492547e-01 7.576780969869e-01 7.598410307657e-01 7.619656940113e-01 7.640530935436e-01 7.661042011730e-01 7.681199552091e-01 7.701012618916e-01 7.720489967492e-01 7.739640058894e-01 7.758471072241e-01 7.776990916344e-01 7.795207240779e-01
1.000000000000e-12 1.000000000000e-12 1.000000000000e-12 1.000000000000e-12 1.000000000000e-12 1.000000000000e-12 1.000000000000e-12 1.000000000000e-12 1.000000000000e-12 1.000000000000e-12 1.000000000000e-12 1.000000000000e-12 1.000000000000e-12 1.000000000000e-12 1.000000000000e-12 1.000000000000e-12 1.000000000000e-12 1.000000000000e-12 1.000000000000e-12 1.000000000000e-12 1.000000000000e-12 1.603263096004e-10 3.809280365941e-06 6.879653582860e-03 4.316860514159e-02 7.856185230746e-02 1.114305648912e-01 1.420351163632e-01 1.706016672292e-01 1.973272279247e-01 2.223842086403e-01 2.459241428066e-01 2.680807541485e-01 2.889724984664e-01 3.087046821872e-01 3.273712376797e-01 3.450562185072e-01 3.618350648416e-01 3.777756792253e-01 3.929393450351e-01 4.073815138428e-01 4.211524829973e-01 4.342979808815e-01 4.468596741927e-01 4.588756091053e-01 4.703805961550e-01 4.814065470466e-01 4.919827702489e-01 5.021362311416e-01 5.118917815776e-01 5.212723629740e-01 5.302991864270e-01 5.389918928263e-01 5.473686955128e-01 5.554465076619e-01 5.632410562645e-01 5.707669843254e-01 5.780379426730e-01 5.850666725946e-01 5.918650803471e-01 5.984443044618e-01 6.048147766416e-01 6.109862769534e-01 6.169679839276e-01 6.227685201053e-01 6.283959935095e-01 6.338580354584e-01 6.391618350921e-01 6.443141709415e-01 6.493214398306e-01 6.541896833718e-01 6.589246122836e-01 6.635316287386e-01 6.680158469235e-01 6.723821119773e-01 6.766350174544e-01 6.807789214444e-01 6.848179614690e-01 6.887560682613e-01 6.925969785254e-01 6.963442467624e-01 7.000012562421e-01 7.035712291912e-01 7.070572362627e-01 7.104622053448e-01 7.137889297624e-01 7.170400759203e-01 7.202181904303e-01 7.233257067640e-01 7.263649514671e-01 7.293381499687e-01 7.322474320150e-01 7.350948367574e-01 7.378823175192e-01 7.406117462637e-01 7.432849177869e-01 7.459035536532e-01 7.484693058925e-01 7.509837604761e-01 7.534484405855e-01 7.558648096894e-01 7.582342744415e-01 7.605581874112e-01 7.628378496579e-01 7.650745131602e-01 7.672693831085e-01 7.694236200706e-01 7.715383420379e-01 7.736146263602e-01 7.756535115753e-01 7.776559991422e-01 7.796230550802e-01 7.815556115235e-01 7.834545681936e-01 7.853207937964e-01 7.871551273469e-01 7.889583794271e-01 7.907313333803e-01 7.924747464459e-01 7.941893508374e-01 7.958758547681e-01
1.000000000000e-12 1.000000000000e-12 1.000000000000e-12 1.000000000000e-12 1.000000000000e-12 1.000000000000e-12 1.000000000000e-12 1.000000000000e-12 1.000000000000e-12 1.000000000000e-12 1.000000000000e-12 1.000000000000e-12 1.000000000000e-12 1.000000000000e-12 1.000000000000e-12 1.000000000000e-12 1.000000000000e-12 1.000000000000e-12 1.000000000000e-12 1.736591424028e-10 1.000757317546e-05 1.326723938412e-02 5.384997675164e-02 9.164469431477e-02 1.265359462891e-01 1.588459018810e-01 1.888507941355e-01 2.167887994747e-01 2.428663733071e-01 2.672633607319e-01 2.901371500001e-01 3.116260715752e-01 3.318521979582e-01 3.509236640059e-01 3.689366008938e-01 3.859767567506e-01 4.021208616311e-01 4.174377826748e-01 4.319895061389e-01 4.458319758365e-01 4.590158118952e-01 4.715869293029e-01 4.835870721710e-01 4.950542768160e-01 5.060232744846e-01 5.165258427027e-01 5.265911127382e-01 5.362458394401e-01 5.455146387196e-01 5.544201971106e-01 5.629834571662e-01 5.712237818792e-01 5.791591008470e-01 5.868060404990e-01 5.941800403812e-01 6.012954572066e-01 6.081656581484e-01 6.148031046512e-01 6.212194278656e-01 6.274254966676e-01 6.334314790984e-01 6.392468979565e-01 6.448806811806e-01 6.503412075841e-01 6.556363484343e-01 6.607735053098e-01 6.657596446189e-01 6.706013291186e-01 6.753047467328e-01 6.798757369363e-01 6.843198149412e-01 6.886421938965e-01 6.928478052885e-01 6.969413177095e-01 7.009271541462e-01 7.048095079208e-01 7.085923574067e-01 7.122794796269e-01 7.158744628336e-01 7.193807181552e-01 7.228014903926e-01 7.261398680343e-01 7.293987925575e-01 7.325810670720e-01 7.356893643617e-01 7.387262343720e-01 7.416941111860e-01 7.445953195317e-01 7.474320808547e-01 7.502065189909e-01 7.529206654696e-01 7.555764644744e-01 7.581757774874e-01 7.607203876405e-01 7.632120037946e-01 7.656522643669e-01 7.680427409233e-01 7.703849415540e-01 7.726803140461e-01 7.749302488677e-01 7.771360819767e-01 7.792990974667e-01 7.814205300587e-01 7.835015674520e-01 7.855433525416e-01 7.875469855107e-01 7.895135258080e-01 7.914439940153e-01 7.933393736137e-01 7.952006126546e-01 7.970286253404e-01 7.988242935223e-01 8.005884681184e-01 8.023219704582e-01 8.040255935583e-01 8.057001033309e-01 8.073462397329e-01 8.089647178556e-01 8.105562289607e-01 8.121214414648e-01 8.136610018750e-01
