run_tag,mode,component,rank,frame,lane,shd,rtl_hits,tlm_hits,delta_hits,is_first_by_frame,notes
component_b000_rho0750_f0261_seed7101,normal,ingress_accept_hits,1,110,2,40,6,0,-6,0,rtl_ing_rows=1 rtl_drop_rows=0 rtl_lane_credit_min=1 rtl_lane_credit_max=1 rtl_ticket_credit_min=1252 | tlm_ing_rows=1 tlm_lane_credit_min=1 tlm_effective_min=1 tlm_ticket_credit_min=883 tlm_reasons=lane_credit
component_b000_rho0750_f0261_seed7101,normal,ingress_accept_hits,2,111,2,68,6,0,-6,0,rtl_ing_rows=1 rtl_drop_rows=0 rtl_lane_credit_min=58 rtl_lane_credit_max=58 rtl_ticket_credit_min=1286 | tlm_ing_rows=1 tlm_lane_credit_min=5 tlm_effective_min=5 tlm_ticket_credit_min=880 tlm_reasons=lane_credit
component_b000_rho0750_f0261_seed7101,normal,ingress_accept_hits,3,145,2,23,6,0,-6,0,rtl_ing_rows=1 rtl_drop_rows=0 rtl_lane_credit_min=1 rtl_lane_credit_max=1 rtl_ticket_credit_min=514 | tlm_ing_rows=1 tlm_lane_credit_min=6 tlm_effective_min=6 tlm_ticket_credit_min=305 tlm_reasons=lane_credit
component_b000_rho0750_f0261_seed7101,normal,ingress_accept_hits,4,156,3,102,6,0,-6,0,rtl_ing_rows=1 rtl_drop_rows=0 rtl_lane_credit_min=1 rtl_lane_credit_max=1 rtl_ticket_credit_min=244 | tlm_ing_rows=1 tlm_lane_credit_min=1 tlm_effective_min=1 tlm_ticket_credit_min=140 tlm_reasons=lane_credit
component_b000_rho0750_f0261_seed7101,normal,ingress_accept_hits,5,159,2,110,6,0,-6,0,rtl_ing_rows=1 rtl_drop_rows=0 rtl_lane_credit_min=1 rtl_lane_credit_max=1 rtl_ticket_credit_min=163 | tlm_ing_rows=1 tlm_lane_credit_min=1 tlm_effective_min=1 tlm_ticket_credit_min=93 tlm_reasons=lane_credit
component_b000_rho0750_f0261_seed7101,normal,ingress_accept_hits,6,169,3,9,6,0,-6,0,rtl_ing_rows=1 rtl_drop_rows=0 rtl_lane_credit_min=66 rtl_lane_credit_max=66 rtl_ticket_credit_min=85 | tlm_ing_rows=1 tlm_lane_credit_min=1 tlm_effective_min=1 tlm_ticket_credit_min=48 tlm_reasons=lane_credit
component_b000_rho0750_f0261_seed7101,normal,ingress_accept_hits,7,198,0,98,6,0,-6,0,rtl_ing_rows=1 rtl_drop_rows=0 rtl_lane_credit_min=2 rtl_lane_credit_max=2 rtl_ticket_credit_min=0 | tlm_ing_rows=1 tlm_lane_credit_min=1 tlm_effective_min=1 tlm_ticket_credit_min=80 tlm_reasons=lane_credit
component_b000_rho0750_f0261_seed7101,normal,ingress_accept_hits,8,203,1,54,6,0,-6,0,rtl_ing_rows=1 rtl_drop_rows=0 rtl_lane_credit_min=16 rtl_lane_credit_max=16 rtl_ticket_credit_min=22 | tlm_ing_rows=1 tlm_lane_credit_min=1 tlm_effective_min=1 tlm_ticket_credit_min=6 tlm_reasons=lane_credit
component_b000_rho0750_f0261_seed7101,normal,ingress_predrop_flag_hits,1,110,2,40,0,6,6,0,rtl_ing_rows=1 rtl_drop_rows=0 rtl_lane_credit_min=1 rtl_lane_credit_max=1 rtl_ticket_credit_min=1252 | tlm_ing_rows=1 tlm_lane_credit_min=1 tlm_effective_min=1 tlm_ticket_credit_min=883 tlm_reasons=lane_credit
component_b000_rho0750_f0261_seed7101,normal,ingress_predrop_flag_hits,2,111,2,68,0,6,6,0,rtl_ing_rows=1 rtl_drop_rows=0 rtl_lane_credit_min=58 rtl_lane_credit_max=58 rtl_ticket_credit_min=1286 | tlm_ing_rows=1 tlm_lane_credit_min=5 tlm_effective_min=5 tlm_ticket_credit_min=880 tlm_reasons=lane_credit
component_b000_rho0750_f0261_seed7101,normal,ingress_predrop_flag_hits,3,145,2,23,0,6,6,0,rtl_ing_rows=1 rtl_drop_rows=0 rtl_lane_credit_min=1 rtl_lane_credit_max=1 rtl_ticket_credit_min=514 | tlm_ing_rows=1 tlm_lane_credit_min=6 tlm_effective_min=6 tlm_ticket_credit_min=305 tlm_reasons=lane_credit
component_b000_rho0750_f0261_seed7101,normal,ingress_predrop_flag_hits,4,156,3,102,0,6,6,0,rtl_ing_rows=1 rtl_drop_rows=0 rtl_lane_credit_min=1 rtl_lane_credit_max=1 rtl_ticket_credit_min=244 | tlm_ing_rows=1 tlm_lane_credit_min=1 tlm_effective_min=1 tlm_ticket_credit_min=140 tlm_reasons=lane_credit
component_b000_rho0750_f0261_seed7101,normal,ingress_predrop_flag_hits,5,159,2,110,0,6,6,0,rtl_ing_rows=1 rtl_drop_rows=0 rtl_lane_credit_min=1 rtl_lane_credit_max=1 rtl_ticket_credit_min=163 | tlm_ing_rows=1 tlm_lane_credit_min=1 tlm_effective_min=1 tlm_ticket_credit_min=93 tlm_reasons=lane_credit
component_b000_rho0750_f0261_seed7101,normal,ingress_predrop_flag_hits,6,169,3,9,0,6,6,0,rtl_ing_rows=1 rtl_drop_rows=0 rtl_lane_credit_min=66 rtl_lane_credit_max=66 rtl_ticket_credit_min=85 | tlm_ing_rows=1 tlm_lane_credit_min=1 tlm_effective_min=1 tlm_ticket_credit_min=48 tlm_reasons=lane_credit
component_b000_rho0750_f0261_seed7101,normal,ingress_predrop_flag_hits,7,198,0,98,0,6,6,0,rtl_ing_rows=1 rtl_drop_rows=0 rtl_lane_credit_min=2 rtl_lane_credit_max=2 rtl_ticket_credit_min=0 | tlm_ing_rows=1 tlm_lane_credit_min=1 tlm_effective_min=1 tlm_ticket_credit_min=80 tlm_reasons=lane_credit
component_b000_rho0750_f0261_seed7101,normal,ingress_predrop_flag_hits,8,203,1,54,0,6,6,0,rtl_ing_rows=1 rtl_drop_rows=0 rtl_lane_credit_min=16 rtl_lane_credit_max=16 rtl_ticket_credit_min=22 | tlm_ing_rows=1 tlm_lane_credit_min=1 tlm_effective_min=1 tlm_ticket_credit_min=6 tlm_reasons=lane_credit
component_b000_rho0750_f0261_seed7101,normal,controlled_predrop_exact_hits,1,111,2,68,0,6,6,0,rtl_ing_rows=1 rtl_drop_rows=0 rtl_lane_credit_min=58 rtl_lane_credit_max=58 rtl_ticket_credit_min=1286 | tlm_ing_rows=1 tlm_lane_credit_min=5 tlm_effective_min=5 tlm_ticket_credit_min=880 tlm_reasons=lane_credit
component_b000_rho0750_f0261_seed7101,normal,controlled_predrop_exact_hits,2,120,2,42,6,0,-6,0,rtl_ing_rows=1 rtl_drop_rows=0 rtl_lane_credit_min=6 rtl_lane_credit_max=6 rtl_ticket_credit_min=1122 | tlm_ing_rows=1 tlm_lane_credit_min=93 tlm_effective_min=93 tlm_ticket_credit_min=771 tlm_reasons=accept
component_b000_rho0750_f0261_seed7101,normal,controlled_predrop_exact_hits,3,123,0,21,6,0,-6,0,rtl_ing_rows=1 rtl_drop_rows=0 rtl_lane_credit_min=4 rtl_lane_credit_max=4 rtl_ticket_credit_min=1061 | tlm_ing_rows=1 tlm_lane_credit_min=47 tlm_effective_min=47 tlm_ticket_credit_min=712 tlm_reasons=accept
component_b000_rho0750_f0261_seed7101,normal,controlled_predrop_exact_hits,4,155,3,59,6,0,-6,0,rtl_ing_rows=1 rtl_drop_rows=0 rtl_lane_credit_min=1 rtl_lane_credit_max=1 rtl_ticket_credit_min=269 | tlm_ing_rows=1 tlm_lane_credit_min=13 tlm_effective_min=13 tlm_ticket_credit_min=164 tlm_reasons=accept
component_b000_rho0750_f0261_seed7101,normal,controlled_predrop_exact_hits,5,169,3,9,0,6,6,0,rtl_ing_rows=1 rtl_drop_rows=0 rtl_lane_credit_min=66 rtl_lane_credit_max=66 rtl_ticket_credit_min=85 | tlm_ing_rows=1 tlm_lane_credit_min=1 tlm_effective_min=1 tlm_ticket_credit_min=48 tlm_reasons=lane_credit
component_b000_rho0750_f0261_seed7101,normal,controlled_predrop_exact_hits,6,193,3,105,6,0,-6,0,rtl_ing_rows=1 rtl_drop_rows=0 rtl_lane_credit_min=1 rtl_lane_credit_max=1 rtl_ticket_credit_min=9 | tlm_ing_rows=1 tlm_lane_credit_min=8 tlm_effective_min=8 tlm_ticket_credit_min=9 tlm_reasons=accept
component_b000_rho0750_f0261_seed7101,normal,controlled_predrop_exact_hits,7,203,1,54,0,6,6,0,rtl_ing_rows=1 rtl_drop_rows=0 rtl_lane_credit_min=16 rtl_lane_credit_max=16 rtl_ticket_credit_min=22 | tlm_ing_rows=1 tlm_lane_credit_min=1 tlm_effective_min=1 tlm_ticket_credit_min=6 tlm_reasons=lane_credit
component_b000_rho0750_f0261_seed7101,normal,controlled_predrop_exact_hits,8,76,3,89,0,5,5,0,rtl_ing_rows=1 rtl_drop_rows=0 rtl_lane_credit_min=444 rtl_lane_credit_max=444 rtl_ticket_credit_min=2026 | tlm_ing_rows=1 tlm_lane_credit_min=1 tlm_effective_min=1 tlm_ticket_credit_min=1546 tlm_reasons=lane_credit
component_b000_rho0750_f0261_seed7101,normal,pa_load_hits,1,18,3,50,6,0,-6,0,
component_b000_rho0750_f0261_seed7101,normal,pa_load_hits,2,111,2,68,6,0,-6,0,
component_b000_rho0750_f0261_seed7101,normal,pa_load_hits,3,120,2,42,0,6,6,0,
component_b000_rho0750_f0261_seed7101,normal,pa_load_hits,4,123,0,21,0,6,6,0,
component_b000_rho0750_f0261_seed7101,normal,pa_load_hits,5,155,3,59,0,6,6,0,
component_b000_rho0750_f0261_seed7101,normal,pa_load_hits,6,193,3,105,0,6,6,0,
component_b000_rho0750_f0261_seed7101,normal,pa_load_hits,7,6,1,26,5,0,-5,0,
component_b000_rho0750_f0261_seed7101,normal,pa_load_hits,8,30,2,85,5,0,-5,0,
component_b000_rho0750_f0261_seed7101,normal,late_drop_pa_action_hits,1,18,3,50,0,6,6,0,
component_b000_rho0750_f0261_seed7101,normal,late_drop_pa_action_hits,2,169,3,9,6,0,-6,0,
component_b000_rho0750_f0261_seed7101,normal,late_drop_pa_action_hits,3,171,3,27,0,6,6,0,
component_b000_rho0750_f0261_seed7101,normal,late_drop_pa_action_hits,4,203,1,54,6,0,-6,0,
component_b000_rho0750_f0261_seed7101,normal,late_drop_pa_action_hits,5,6,1,26,0,5,5,0,
component_b000_rho0750_f0261_seed7101,normal,late_drop_pa_action_hits,6,30,2,85,0,5,5,0,
component_b000_rho0750_f0261_seed7101,normal,late_drop_pa_action_hits,7,42,3,88,0,5,5,0,
component_b000_rho0750_f0261_seed7101,normal,late_drop_pa_action_hits,8,54,1,38,0,5,5,0,
component_b000_rho0750_f0261_seed7101,normal,late_drop_control_exact_hits,1,18,3,50,0,6,6,0,
component_b000_rho0750_f0261_seed7101,normal,late_drop_control_exact_hits,2,169,3,9,6,0,-6,0,
component_b000_rho0750_f0261_seed7101,normal,late_drop_control_exact_hits,3,171,3,27,0,6,6,0,
component_b000_rho0750_f0261_seed7101,normal,late_drop_control_exact_hits,4,203,1,54,6,0,-6,0,
component_b000_rho0750_f0261_seed7101,normal,late_drop_control_exact_hits,5,6,1,26,0,5,5,0,
component_b000_rho0750_f0261_seed7101,normal,late_drop_control_exact_hits,6,30,2,85,0,5,5,0,
component_b000_rho0750_f0261_seed7101,normal,late_drop_control_exact_hits,7,42,3,88,0,5,5,0,
component_b000_rho0750_f0261_seed7101,normal,late_drop_control_exact_hits,8,54,1,38,0,5,5,0,
component_b000_rho0750_f0261_seed7101,normal,transaction_deliver_hits,1,76,-1,89,13,1,-12,0,
component_b000_rho0750_f0261_seed7101,normal,transaction_deliver_hits,2,54,-1,38,11,1,-10,0,
component_b000_rho0750_f0261_seed7101,normal,transaction_deliver_hits,3,152,-1,54,0,10,10,0,
component_b000_rho0750_f0261_seed7101,normal,transaction_deliver_hits,4,181,-1,43,0,10,10,0,
component_b000_rho0750_f0261_seed7101,normal,transaction_deliver_hits,5,181,-1,50,0,10,10,0,
component_b000_rho0750_f0261_seed7101,normal,transaction_deliver_hits,6,184,-1,48,0,10,10,0,
component_b000_rho0750_f0261_seed7101,normal,transaction_deliver_hits,7,199,-1,20,0,10,10,0,
component_b000_rho0750_f0261_seed7101,normal,transaction_deliver_hits,8,42,-1,88,10,1,-9,0,
component_b000_rho0750_f0261_seed7101,normal,ingress_decision_ticket,1,73,1,108,1,0,-1,1,decision=accept | rtl_ing_rows=1 rtl_drop_rows=0 rtl_lane_credit_min=520 rtl_lane_credit_max=520 rtl_ticket_credit_min=2063 | tlm_ing_rows=1 tlm_lane_credit_min=2 tlm_effective_min=2 tlm_ticket_credit_min=1559 tlm_reasons=lane_credit
component_b000_rho0750_f0261_seed7101,normal,ingress_decision_ticket,2,73,1,108,0,1,1,0,decision=drop | rtl_ing_rows=1 rtl_drop_rows=0 rtl_lane_credit_min=520 rtl_lane_credit_max=520 rtl_ticket_credit_min=2063 | tlm_ing_rows=1 tlm_lane_credit_min=2 tlm_effective_min=2 tlm_ticket_credit_min=1559 tlm_reasons=lane_credit
component_b000_rho0750_f0261_seed7101,normal,ingress_decision_ticket,3,73,1,112,1,0,-1,0,decision=accept | rtl_ing_rows=1 rtl_drop_rows=0 rtl_lane_credit_min=517 rtl_lane_credit_max=517 rtl_ticket_credit_min=2059 | tlm_ing_rows=1 tlm_lane_credit_min=2 tlm_effective_min=2 tlm_ticket_credit_min=1557 tlm_reasons=lane_credit
component_b000_rho0750_f0261_seed7101,normal,ingress_decision_ticket,4,73,1,112,0,1,1,0,decision=drop | rtl_ing_rows=1 rtl_drop_rows=0 rtl_lane_credit_min=517 rtl_lane_credit_max=517 rtl_ticket_credit_min=2059 | tlm_ing_rows=1 tlm_lane_credit_min=2 tlm_effective_min=2 tlm_ticket_credit_min=1557 tlm_reasons=lane_credit
component_b000_rho0750_f0261_seed7101,normal,ingress_decision_ticket,5,73,1,113,1,0,-1,0,decision=accept | rtl_ing_rows=1 rtl_drop_rows=0 rtl_lane_credit_min=515 rtl_lane_credit_max=515 rtl_ticket_credit_min=2058 | tlm_ing_rows=1 tlm_lane_credit_min=2 tlm_effective_min=2 tlm_ticket_credit_min=1557 tlm_reasons=lane_credit
component_b000_rho0750_f0261_seed7101,normal,ingress_decision_ticket,6,73,1,113,0,1,1,0,decision=drop | rtl_ing_rows=1 rtl_drop_rows=0 rtl_lane_credit_min=515 rtl_lane_credit_max=515 rtl_ticket_credit_min=2058 | tlm_ing_rows=1 tlm_lane_credit_min=2 tlm_effective_min=2 tlm_ticket_credit_min=1557 tlm_reasons=lane_credit
component_b000_rho0750_f0261_seed7101,normal,ingress_decision_ticket,7,73,1,117,1,0,-1,0,decision=accept | rtl_ing_rows=1 rtl_drop_rows=0 rtl_lane_credit_min=514 rtl_lane_credit_max=514 rtl_ticket_credit_min=2054 | tlm_ing_rows=1 tlm_lane_credit_min=1 tlm_effective_min=1 tlm_ticket_credit_min=1554 tlm_reasons=lane_credit
component_b000_rho0750_f0261_seed7101,normal,ingress_decision_ticket,8,73,1,117,0,1,1,0,decision=drop | rtl_ing_rows=1 rtl_drop_rows=0 rtl_lane_credit_min=514 rtl_lane_credit_max=514 rtl_ticket_credit_min=2054 | tlm_ing_rows=1 tlm_lane_credit_min=1 tlm_effective_min=1 tlm_ticket_credit_min=1554 tlm_reasons=lane_credit
component_b000_rho0750_f0261_seed7101,forced_ingress,ingress_accept_hits,1,110,2,40,6,0,-6,0,rtl_ing_rows=1 rtl_drop_rows=0 rtl_lane_credit_min=1 rtl_lane_credit_max=1 rtl_ticket_credit_min=1252 | tlm_ing_rows=1 tlm_lane_credit_min=-556 tlm_effective_min=0 tlm_ticket_credit_min=485 tlm_reasons=rtl_forced_pre
component_b000_rho0750_f0261_seed7101,forced_ingress,ingress_accept_hits,2,120,2,42,6,0,-6,0,rtl_ing_rows=1 rtl_drop_rows=0 rtl_lane_credit_min=6 rtl_lane_credit_max=6 rtl_ticket_credit_min=1122 | tlm_ing_rows=1 tlm_lane_credit_min=-568 tlm_effective_min=0 tlm_ticket_credit_min=319 tlm_reasons=rtl_forced_pre
component_b000_rho0750_f0261_seed7101,forced_ingress,ingress_accept_hits,3,123,0,21,6,0,-6,0,rtl_ing_rows=1 rtl_drop_rows=0 rtl_lane_credit_min=4 rtl_lane_credit_max=4 rtl_ticket_credit_min=1061 | tlm_ing_rows=1 tlm_lane_credit_min=-578 tlm_effective_min=0 tlm_ticket_credit_min=261 tlm_reasons=rtl_forced_pre
component_b000_rho0750_f0261_seed7101,forced_ingress,ingress_accept_hits,4,145,2,23,6,0,-6,0,rtl_ing_rows=1 rtl_drop_rows=0 rtl_lane_credit_min=1 rtl_lane_credit_max=1 rtl_ticket_credit_min=514 | tlm_ing_rows=1 tlm_lane_credit_min=-259 tlm_effective_min=0 tlm_ticket_credit_min=126 tlm_reasons=rtl_forced_pre
component_b000_rho0750_f0261_seed7101,forced_ingress,ingress_accept_hits,5,155,3,59,6,0,-6,0,rtl_ing_rows=1 rtl_drop_rows=0 rtl_lane_credit_min=1 rtl_lane_credit_max=1 rtl_ticket_credit_min=269 | tlm_ing_rows=1 tlm_lane_credit_min=-139 tlm_effective_min=0 tlm_ticket_credit_min=25 tlm_reasons=rtl_forced_pre
component_b000_rho0750_f0261_seed7101,forced_ingress,ingress_accept_hits,6,156,3,102,6,0,-6,0,rtl_ing_rows=1 rtl_drop_rows=0 rtl_lane_credit_min=1 rtl_lane_credit_max=1 rtl_ticket_credit_min=244 | tlm_ing_rows=1 tlm_lane_credit_min=-159 tlm_effective_min=0 tlm_ticket_credit_min=-17 tlm_reasons=rtl_forced_pre
component_b000_rho0750_f0261_seed7101,forced_ingress,ingress_accept_hits,7,159,2,110,6,0,-6,0,rtl_ing_rows=1 rtl_drop_rows=0 rtl_lane_credit_min=1 rtl_lane_credit_max=1 rtl_ticket_credit_min=163 | tlm_ing_rows=1 tlm_lane_credit_min=-173 tlm_effective_min=0 tlm_ticket_credit_min=-95 tlm_reasons=rtl_forced_pre
component_b000_rho0750_f0261_seed7101,forced_ingress,ingress_accept_hits,8,193,3,105,6,0,-6,0,rtl_ing_rows=1 rtl_drop_rows=0 rtl_lane_credit_min=1 rtl_lane_credit_max=1 rtl_ticket_credit_min=9 | tlm_ing_rows=1 tlm_lane_credit_min=-158 tlm_effective_min=0 tlm_ticket_credit_min=-481 tlm_reasons=rtl_forced_pre
component_b000_rho0750_f0261_seed7101,forced_ingress,ingress_predrop_flag_hits,1,110,2,40,0,6,6,0,rtl_ing_rows=1 rtl_drop_rows=0 rtl_lane_credit_min=1 rtl_lane_credit_max=1 rtl_ticket_credit_min=1252 | tlm_ing_rows=1 tlm_lane_credit_min=-556 tlm_effective_min=0 tlm_ticket_credit_min=485 tlm_reasons=rtl_forced_pre
component_b000_rho0750_f0261_seed7101,forced_ingress,ingress_predrop_flag_hits,2,120,2,42,0,6,6,0,rtl_ing_rows=1 rtl_drop_rows=0 rtl_lane_credit_min=6 rtl_lane_credit_max=6 rtl_ticket_credit_min=1122 | tlm_ing_rows=1 tlm_lane_credit_min=-568 tlm_effective_min=0 tlm_ticket_credit_min=319 tlm_reasons=rtl_forced_pre
component_b000_rho0750_f0261_seed7101,forced_ingress,ingress_predrop_flag_hits,3,123,0,21,0,6,6,0,rtl_ing_rows=1 rtl_drop_rows=0 rtl_lane_credit_min=4 rtl_lane_credit_max=4 rtl_ticket_credit_min=1061 | tlm_ing_rows=1 tlm_lane_credit_min=-578 tlm_effective_min=0 tlm_ticket_credit_min=261 tlm_reasons=rtl_forced_pre
component_b000_rho0750_f0261_seed7101,forced_ingress,ingress_predrop_flag_hits,4,145,2,23,0,6,6,0,rtl_ing_rows=1 rtl_drop_rows=0 rtl_lane_credit_min=1 rtl_lane_credit_max=1 rtl_ticket_credit_min=514 | tlm_ing_rows=1 tlm_lane_credit_min=-259 tlm_effective_min=0 tlm_ticket_credit_min=126 tlm_reasons=rtl_forced_pre
component_b000_rho0750_f0261_seed7101,forced_ingress,ingress_predrop_flag_hits,5,155,3,59,0,6,6,0,rtl_ing_rows=1 rtl_drop_rows=0 rtl_lane_credit_min=1 rtl_lane_credit_max=1 rtl_ticket_credit_min=269 | tlm_ing_rows=1 tlm_lane_credit_min=-139 tlm_effective_min=0 tlm_ticket_credit_min=25 tlm_reasons=rtl_forced_pre
component_b000_rho0750_f0261_seed7101,forced_ingress,ingress_predrop_flag_hits,6,156,3,102,0,6,6,0,rtl_ing_rows=1 rtl_drop_rows=0 rtl_lane_credit_min=1 rtl_lane_credit_max=1 rtl_ticket_credit_min=244 | tlm_ing_rows=1 tlm_lane_credit_min=-159 tlm_effective_min=0 tlm_ticket_credit_min=-17 tlm_reasons=rtl_forced_pre
component_b000_rho0750_f0261_seed7101,forced_ingress,ingress_predrop_flag_hits,7,159,2,110,0,6,6,0,rtl_ing_rows=1 rtl_drop_rows=0 rtl_lane_credit_min=1 rtl_lane_credit_max=1 rtl_ticket_credit_min=163 | tlm_ing_rows=1 tlm_lane_credit_min=-173 tlm_effective_min=0 tlm_ticket_credit_min=-95 tlm_reasons=rtl_forced_pre
component_b000_rho0750_f0261_seed7101,forced_ingress,ingress_predrop_flag_hits,8,193,3,105,0,6,6,0,rtl_ing_rows=1 rtl_drop_rows=0 rtl_lane_credit_min=1 rtl_lane_credit_max=1 rtl_ticket_credit_min=9 | tlm_ing_rows=1 tlm_lane_credit_min=-158 tlm_effective_min=0 tlm_ticket_credit_min=-481 tlm_reasons=rtl_forced_pre
component_b000_rho0750_f0261_seed7101,forced_ingress,pa_load_hits,1,18,3,50,6,0,-6,0,
component_b000_rho0750_f0261_seed7101,forced_ingress,pa_load_hits,2,169,3,9,0,6,6,0,
component_b000_rho0750_f0261_seed7101,forced_ingress,pa_load_hits,3,171,3,27,0,6,6,0,
component_b000_rho0750_f0261_seed7101,forced_ingress,pa_load_hits,4,203,1,54,0,6,6,0,
component_b000_rho0750_f0261_seed7101,forced_ingress,pa_load_hits,5,6,1,26,5,0,-5,0,
component_b000_rho0750_f0261_seed7101,forced_ingress,pa_load_hits,6,30,2,85,5,0,-5,0,
component_b000_rho0750_f0261_seed7101,forced_ingress,pa_load_hits,7,42,3,88,5,0,-5,0,
component_b000_rho0750_f0261_seed7101,forced_ingress,pa_load_hits,8,54,1,38,5,0,-5,0,
component_b000_rho0750_f0261_seed7101,forced_ingress,late_drop_pa_action_hits,1,18,3,50,0,6,6,0,
component_b000_rho0750_f0261_seed7101,forced_ingress,late_drop_pa_action_hits,2,169,3,9,6,0,-6,0,
component_b000_rho0750_f0261_seed7101,forced_ingress,late_drop_pa_action_hits,3,203,1,54,6,0,-6,0,
component_b000_rho0750_f0261_seed7101,forced_ingress,late_drop_pa_action_hits,4,6,1,26,0,5,5,0,
component_b000_rho0750_f0261_seed7101,forced_ingress,late_drop_pa_action_hits,5,30,2,85,0,5,5,0,
component_b000_rho0750_f0261_seed7101,forced_ingress,late_drop_pa_action_hits,6,42,3,88,0,5,5,0,
component_b000_rho0750_f0261_seed7101,forced_ingress,late_drop_pa_action_hits,7,54,1,38,0,5,5,0,
component_b000_rho0750_f0261_seed7101,forced_ingress,late_drop_pa_action_hits,8,78,1,60,0,5,5,0,
component_b000_rho0750_f0261_seed7101,forced_ingress,late_drop_control_exact_hits,1,18,3,50,0,6,6,0,
component_b000_rho0750_f0261_seed7101,forced_ingress,late_drop_control_exact_hits,2,169,3,9,6,0,-6,0,
component_b000_rho0750_f0261_seed7101,forced_ingress,late_drop_control_exact_hits,3,203,1,54,6,0,-6,0,
component_b000_rho0750_f0261_seed7101,forced_ingress,late_drop_control_exact_hits,4,6,1,26,0,5,5,0,
component_b000_rho0750_f0261_seed7101,forced_ingress,late_drop_control_exact_hits,5,30,2,85,0,5,5,0,
component_b000_rho0750_f0261_seed7101,forced_ingress,late_drop_control_exact_hits,6,42,3,88,0,5,5,0,
component_b000_rho0750_f0261_seed7101,forced_ingress,late_drop_control_exact_hits,7,54,1,38,0,5,5,0,
component_b000_rho0750_f0261_seed7101,forced_ingress,late_drop_control_exact_hits,8,78,1,60,0,5,5,0,
component_b000_rho0750_f0261_seed7101,forced_ingress,transaction_deliver_hits,1,54,-1,38,11,1,-10,0,
component_b000_rho0750_f0261_seed7101,forced_ingress,transaction_deliver_hits,2,181,-1,43,0,10,10,0,
component_b000_rho0750_f0261_seed7101,forced_ingress,transaction_deliver_hits,3,181,-1,50,0,10,10,0,
component_b000_rho0750_f0261_seed7101,forced_ingress,transaction_deliver_hits,4,189,-1,40,0,10,10,0,
component_b000_rho0750_f0261_seed7101,forced_ingress,transaction_deliver_hits,5,199,-1,20,0,10,10,0,
component_b000_rho0750_f0261_seed7101,forced_ingress,transaction_deliver_hits,6,231,-1,38,0,10,10,0,
component_b000_rho0750_f0261_seed7101,forced_ingress,transaction_deliver_hits,7,42,-1,88,10,1,-9,0,
component_b000_rho0750_f0261_seed7101,forced_ingress,transaction_deliver_hits,8,182,-1,22,0,9,9,0,
component_b000_rho0750_f0261_seed7101,forced_ingress,ingress_decision_ticket,1,97,3,118,1,0,-1,1,decision=accept | rtl_ing_rows=1 rtl_drop_rows=0 rtl_lane_credit_min=1 rtl_lane_credit_max=1 rtl_ticket_credit_min=1396 | tlm_ing_rows=1 tlm_lane_credit_min=-581 tlm_effective_min=0 tlm_ticket_credit_min=739 tlm_reasons=rtl_forced_pre
component_b000_rho0750_f0261_seed7101,forced_ingress,ingress_decision_ticket,2,97,3,118,0,1,1,0,decision=drop | rtl_ing_rows=1 rtl_drop_rows=0 rtl_lane_credit_min=1 rtl_lane_credit_max=1 rtl_ticket_credit_min=1396 | tlm_ing_rows=1 tlm_lane_credit_min=-581 tlm_effective_min=0 tlm_ticket_credit_min=739 tlm_reasons=rtl_forced_pre
component_b000_rho0750_f0261_seed7101,forced_ingress,ingress_decision_ticket,3,97,3,119,1,0,-1,0,decision=accept | rtl_ing_rows=1 rtl_drop_rows=0 rtl_lane_credit_min=1 rtl_lane_credit_max=1 rtl_ticket_credit_min=1396 | tlm_ing_rows=1 tlm_lane_credit_min=-581 tlm_effective_min=0 tlm_ticket_credit_min=739 tlm_reasons=rtl_forced_pre
component_b000_rho0750_f0261_seed7101,forced_ingress,ingress_decision_ticket,4,97,3,119,0,1,1,0,decision=drop | rtl_ing_rows=1 rtl_drop_rows=0 rtl_lane_credit_min=1 rtl_lane_credit_max=1 rtl_ticket_credit_min=1396 | tlm_ing_rows=1 tlm_lane_credit_min=-581 tlm_effective_min=0 tlm_ticket_credit_min=739 tlm_reasons=rtl_forced_pre
component_b000_rho0750_f0261_seed7101,forced_ingress,ingress_decision_ticket,5,97,3,120,1,0,-1,0,decision=accept | rtl_ing_rows=1 rtl_drop_rows=0 rtl_lane_credit_min=1 rtl_lane_credit_max=1 rtl_ticket_credit_min=1396 | tlm_ing_rows=1 tlm_lane_credit_min=-581 tlm_effective_min=0 tlm_ticket_credit_min=739 tlm_reasons=rtl_forced_pre
component_b000_rho0750_f0261_seed7101,forced_ingress,ingress_decision_ticket,6,97,3,120,0,1,1,0,decision=drop | rtl_ing_rows=1 rtl_drop_rows=0 rtl_lane_credit_min=1 rtl_lane_credit_max=1 rtl_ticket_credit_min=1396 | tlm_ing_rows=1 tlm_lane_credit_min=-581 tlm_effective_min=0 tlm_ticket_credit_min=739 tlm_reasons=rtl_forced_pre
component_b000_rho0750_f0261_seed7101,forced_ingress,ingress_decision_ticket,7,97,3,124,1,0,-1,0,decision=accept | rtl_ing_rows=1 rtl_drop_rows=0 rtl_lane_credit_min=1 rtl_lane_credit_max=1 rtl_ticket_credit_min=1393 | tlm_ing_rows=1 tlm_lane_credit_min=-581 tlm_effective_min=0 tlm_ticket_credit_min=736 tlm_reasons=rtl_forced_pre
component_b000_rho0750_f0261_seed7101,forced_ingress,ingress_decision_ticket,8,97,3,124,0,1,1,0,decision=drop | rtl_ing_rows=1 rtl_drop_rows=0 rtl_lane_credit_min=1 rtl_lane_credit_max=1 rtl_ticket_credit_min=1393 | tlm_ing_rows=1 tlm_lane_credit_min=-581 tlm_effective_min=0 tlm_ticket_credit_min=736 tlm_reasons=rtl_forced_pre
component_b000_rho0750_f0261_seed7102,normal,ingress_accept_hits,1,258,3,62,0,7,7,0,rtl_ing_rows=1 rtl_drop_rows=1 rtl_lane_credit_min=2 rtl_lane_credit_max=2 rtl_ticket_credit_min=0 | tlm_ing_rows=1 tlm_lane_credit_min=20 tlm_effective_min=20 tlm_ticket_credit_min=222 tlm_reasons=accept
component_b000_rho0750_f0261_seed7102,normal,ingress_accept_hits,2,259,1,74,7,0,-7,0,rtl_ing_rows=1 rtl_drop_rows=0 rtl_lane_credit_min=54 rtl_lane_credit_max=54 rtl_ticket_credit_min=65 | tlm_ing_rows=1 tlm_lane_credit_min=1 tlm_effective_min=1 tlm_ticket_credit_min=251 tlm_reasons=lane_credit
component_b000_rho0750_f0261_seed7102,normal,ingress_accept_hits,3,162,2,17,6,0,-6,0,rtl_ing_rows=1 rtl_drop_rows=0 rtl_lane_credit_min=1 rtl_lane_credit_max=1 rtl_ticket_credit_min=145 | tlm_ing_rows=1 tlm_lane_credit_min=1 tlm_effective_min=1 tlm_ticket_credit_min=287 tlm_reasons=lane_credit
component_b000_rho0750_f0261_seed7102,normal,ingress_accept_hits,4,208,2,34,6,0,-6,0,rtl_ing_rows=1 rtl_drop_rows=0 rtl_lane_credit_min=33 rtl_lane_credit_max=33 rtl_ticket_credit_min=55 | tlm_ing_rows=1 tlm_lane_credit_min=1 tlm_effective_min=1 tlm_ticket_credit_min=0 tlm_reasons=lane_credit
component_b000_rho0750_f0261_seed7102,normal,ingress_accept_hits,5,223,1,32,6,0,-6,0,rtl_ing_rows=1 rtl_drop_rows=0 rtl_lane_credit_min=27 rtl_lane_credit_max=27 rtl_ticket_credit_min=38 | tlm_ing_rows=1 tlm_lane_credit_min=1 tlm_effective_min=1 tlm_ticket_credit_min=85 tlm_reasons=lane_credit
component_b000_rho0750_f0261_seed7102,normal,ingress_accept_hits,6,91,3,98,5,0,-5,0,rtl_ing_rows=1 rtl_drop_rows=0 rtl_lane_credit_min=182 rtl_lane_credit_max=182 rtl_ticket_credit_min=1622 | tlm_ing_rows=1 tlm_lane_credit_min=1 tlm_effective_min=1 tlm_ticket_credit_min=1156 tlm_reasons=lane_credit
component_b000_rho0750_f0261_seed7102,normal,ingress_accept_hits,7,95,0,43,5,0,-5,0,rtl_ing_rows=1 rtl_drop_rows=0 rtl_lane_credit_min=140 rtl_lane_credit_max=140 rtl_ticket_credit_min=1519 | tlm_ing_rows=1 tlm_lane_credit_min=3 tlm_effective_min=3 tlm_ticket_credit_min=1173 tlm_reasons=lane_credit
component_b000_rho0750_f0261_seed7102,normal,ingress_accept_hits,8,95,3,122,5,0,-5,0,rtl_ing_rows=1 rtl_drop_rows=0 rtl_lane_credit_min=1 rtl_lane_credit_max=1 rtl_ticket_credit_min=1446 | tlm_ing_rows=1 tlm_lane_credit_min=1 tlm_effective_min=1 tlm_ticket_credit_min=1206 tlm_reasons=lane_credit
component_b000_rho0750_f0261_seed7102,normal,ingress_predrop_flag_hits,1,258,3,62,7,0,-7,0,rtl_ing_rows=1 rtl_drop_rows=1 rtl_lane_credit_min=2 rtl_lane_credit_max=2 rtl_ticket_credit_min=0 | tlm_ing_rows=1 tlm_lane_credit_min=20 tlm_effective_min=20 tlm_ticket_credit_min=222 tlm_reasons=accept
component_b000_rho0750_f0261_seed7102,normal,ingress_predrop_flag_hits,2,259,1,74,0,7,7,0,rtl_ing_rows=1 rtl_drop_rows=0 rtl_lane_credit_min=54 rtl_lane_credit_max=54 rtl_ticket_credit_min=65 | tlm_ing_rows=1 tlm_lane_credit_min=1 tlm_effective_min=1 tlm_ticket_credit_min=251 tlm_reasons=lane_credit
component_b000_rho0750_f0261_seed7102,normal,ingress_predrop_flag_hits,3,162,2,17,0,6,6,0,rtl_ing_rows=1 rtl_drop_rows=0 rtl_lane_credit_min=1 rtl_lane_credit_max=1 rtl_ticket_credit_min=145 | tlm_ing_rows=1 tlm_lane_credit_min=1 tlm_effective_min=1 tlm_ticket_credit_min=287 tlm_reasons=lane_credit
component_b000_rho0750_f0261_seed7102,normal,ingress_predrop_flag_hits,4,208,2,34,0,6,6,0,rtl_ing_rows=1 rtl_drop_rows=0 rtl_lane_credit_min=33 rtl_lane_credit_max=33 rtl_ticket_credit_min=55 | tlm_ing_rows=1 tlm_lane_credit_min=1 tlm_effective_min=1 tlm_ticket_credit_min=0 tlm_reasons=lane_credit
component_b000_rho0750_f0261_seed7102,normal,ingress_predrop_flag_hits,5,223,1,32,0,6,6,0,rtl_ing_rows=1 rtl_drop_rows=0 rtl_lane_credit_min=27 rtl_lane_credit_max=27 rtl_ticket_credit_min=38 | tlm_ing_rows=1 tlm_lane_credit_min=1 tlm_effective_min=1 tlm_ticket_credit_min=85 tlm_reasons=lane_credit
component_b000_rho0750_f0261_seed7102,normal,ingress_predrop_flag_hits,6,91,3,98,0,5,5,0,rtl_ing_rows=1 rtl_drop_rows=0 rtl_lane_credit_min=182 rtl_lane_credit_max=182 rtl_ticket_credit_min=1622 | tlm_ing_rows=1 tlm_lane_credit_min=1 tlm_effective_min=1 tlm_ticket_credit_min=1156 tlm_reasons=lane_credit
component_b000_rho0750_f0261_seed7102,normal,ingress_predrop_flag_hits,7,95,0,43,0,5,5,0,rtl_ing_rows=1 rtl_drop_rows=0 rtl_lane_credit_min=140 rtl_lane_credit_max=140 rtl_ticket_credit_min=1519 | tlm_ing_rows=1 tlm_lane_credit_min=3 tlm_effective_min=3 tlm_ticket_credit_min=1173 tlm_reasons=lane_credit
component_b000_rho0750_f0261_seed7102,normal,ingress_predrop_flag_hits,8,95,3,122,0,5,5,0,rtl_ing_rows=1 rtl_drop_rows=0 rtl_lane_credit_min=1 rtl_lane_credit_max=1 rtl_ticket_credit_min=1446 | tlm_ing_rows=1 tlm_lane_credit_min=1 tlm_effective_min=1 tlm_ticket_credit_min=1206 tlm_reasons=lane_credit
component_b000_rho0750_f0261_seed7102,normal,controlled_predrop_exact_hits,1,258,3,62,7,0,-7,0,rtl_ing_rows=1 rtl_drop_rows=1 rtl_lane_credit_min=2 rtl_lane_credit_max=2 rtl_ticket_credit_min=0 | tlm_ing_rows=1 tlm_lane_credit_min=20 tlm_effective_min=20 tlm_ticket_credit_min=222 tlm_reasons=accept
component_b000_rho0750_f0261_seed7102,normal,controlled_predrop_exact_hits,2,259,1,74,0,7,7,0,rtl_ing_rows=1 rtl_drop_rows=0 rtl_lane_credit_min=54 rtl_lane_credit_max=54 rtl_ticket_credit_min=65 | tlm_ing_rows=1 tlm_lane_credit_min=1 tlm_effective_min=1 tlm_ticket_credit_min=251 tlm_reasons=lane_credit
component_b000_rho0750_f0261_seed7102,normal,controlled_predrop_exact_hits,3,208,2,34,0,6,6,0,rtl_ing_rows=1 rtl_drop_rows=0 rtl_lane_credit_min=33 rtl_lane_credit_max=33 rtl_ticket_credit_min=55 | tlm_ing_rows=1 tlm_lane_credit_min=1 tlm_effective_min=1 tlm_ticket_credit_min=0 tlm_reasons=lane_credit
component_b000_rho0750_f0261_seed7102,normal,controlled_predrop_exact_hits,4,215,0,23,6,0,-6,0,rtl_ing_rows=1 rtl_drop_rows=0 rtl_lane_credit_min=1 rtl_lane_credit_max=1 rtl_ticket_credit_min=42 | tlm_ing_rows=1 tlm_lane_credit_min=11 tlm_effective_min=11 tlm_ticket_credit_min=99 tlm_reasons=accept
component_b000_rho0750_f0261_seed7102,normal,controlled_predrop_exact_hits,5,223,1,32,0,6,6,0,rtl_ing_rows=1 rtl_drop_rows=0 rtl_lane_credit_min=27 rtl_lane_credit_max=27 rtl_ticket_credit_min=38 | tlm_ing_rows=1 tlm_lane_credit_min=1 tlm_effective_min=1 tlm_ticket_credit_min=85 tlm_reasons=lane_credit
component_b000_rho0750_f0261_seed7102,normal,controlled_predrop_exact_hits,6,237,1,5,6,0,-6,0,rtl_ing_rows=1 rtl_drop_rows=0 rtl_lane_credit_min=1 rtl_lane_credit_max=1 rtl_ticket_credit_min=27 | tlm_ing_rows=1 tlm_lane_credit_min=17 tlm_effective_min=17 tlm_ticket_credit_min=89 tlm_reasons=accept
component_b000_rho0750_f0261_seed7102,normal,controlled_predrop_exact_hits,7,91,3,98,0,5,5,0,rtl_ing_rows=1 rtl_drop_rows=0 rtl_lane_credit_min=182 rtl_lane_credit_max=182 rtl_ticket_credit_min=1622 | tlm_ing_rows=1 tlm_lane_credit_min=1 tlm_effective_min=1 tlm_ticket_credit_min=1156 tlm_reasons=lane_credit
component_b000_rho0750_f0261_seed7102,normal,controlled_predrop_exact_hits,8,95,0,43,0,5,5,0,rtl_ing_rows=1 rtl_drop_rows=0 rtl_lane_credit_min=140 rtl_lane_credit_max=140 rtl_ticket_credit_min=1519 | tlm_ing_rows=1 tlm_lane_credit_min=3 tlm_effective_min=3 tlm_ticket_credit_min=1173 tlm_reasons=lane_credit
component_b000_rho0750_f0261_seed7102,normal,pa_load_hits,1,258,3,62,0,7,7,0,
component_b000_rho0750_f0261_seed7102,normal,pa_load_hits,2,259,1,74,7,0,-7,0,
component_b000_rho0750_f0261_seed7102,normal,pa_load_hits,3,215,0,23,0,6,6,0,
component_b000_rho0750_f0261_seed7102,normal,pa_load_hits,4,223,1,32,6,0,-6,0,
component_b000_rho0750_f0261_seed7102,normal,pa_load_hits,5,237,1,5,0,6,6,0,
component_b000_rho0750_f0261_seed7102,normal,pa_load_hits,6,8,2,83,5,0,-5,0,
component_b000_rho0750_f0261_seed7102,normal,pa_load_hits,7,20,1,97,5,0,-5,0,
component_b000_rho0750_f0261_seed7102,normal,pa_load_hits,8,44,0,116,5,0,-5,0,
component_b000_rho0750_f0261_seed7102,normal,late_drop_pa_action_hits,1,208,2,34,6,0,-6,0,
component_b000_rho0750_f0261_seed7102,normal,late_drop_pa_action_hits,2,8,2,83,0,5,5,0,
component_b000_rho0750_f0261_seed7102,normal,late_drop_pa_action_hits,3,20,1,97,0,5,5,0,
component_b000_rho0750_f0261_seed7102,normal,late_drop_pa_action_hits,4,44,0,116,0,5,5,0,
component_b000_rho0750_f0261_seed7102,normal,late_drop_pa_action_hits,5,54,0,107,0,5,5,0,
component_b000_rho0750_f0261_seed7102,normal,late_drop_pa_action_hits,6,68,2,29,0,5,5,0,
component_b000_rho0750_f0261_seed7102,normal,late_drop_pa_action_hits,7,95,0,18,0,5,5,0,
component_b000_rho0750_f0261_seed7102,normal,late_drop_pa_action_hits,8,138,2,61,0,5,5,0,
component_b000_rho0750_f0261_seed7102,normal,late_drop_control_exact_hits,1,208,2,34,6,0,-6,0,
component_b000_rho0750_f0261_seed7102,normal,late_drop_control_exact_hits,2,8,2,83,0,5,5,0,
component_b000_rho0750_f0261_seed7102,normal,late_drop_control_exact_hits,3,20,1,97,0,5,5,0,
component_b000_rho0750_f0261_seed7102,normal,late_drop_control_exact_hits,4,44,0,116,0,5,5,0,
component_b000_rho0750_f0261_seed7102,normal,late_drop_control_exact_hits,5,54,0,107,0,5,5,0,
component_b000_rho0750_f0261_seed7102,normal,late_drop_control_exact_hits,6,68,2,29,0,5,5,0,
component_b000_rho0750_f0261_seed7102,normal,late_drop_control_exact_hits,7,95,0,18,0,5,5,0,
component_b000_rho0750_f0261_seed7102,normal,late_drop_control_exact_hits,8,138,2,61,0,5,5,0,
component_b000_rho0750_f0261_seed7102,normal,transaction_deliver_hits,1,81,-1,100,11,0,-11,0,
component_b000_rho0750_f0261_seed7102,normal,transaction_deliver_hits,2,81,-1,116,11,0,-11,0,
component_b000_rho0750_f0261_seed7102,normal,transaction_deliver_hits,3,220,-1,27,11,0,-11,0,
component_b000_rho0750_f0261_seed7102,normal,transaction_deliver_hits,4,222,-1,27,0,11,11,0,
component_b000_rho0750_f0261_seed7102,normal,transaction_deliver_hits,5,224,-1,94,0,11,11,0,
component_b000_rho0750_f0261_seed7102,normal,transaction_deliver_hits,6,103,-1,89,10,0,-10,0,
component_b000_rho0750_f0261_seed7102,normal,transaction_deliver_hits,7,160,-1,87,10,0,-10,0,
component_b000_rho0750_f0261_seed7102,normal,transaction_deliver_hits,8,170,-1,15,0,10,10,0,
component_b000_rho0750_f0261_seed7102,normal,ingress_decision_ticket,1,73,1,83,1,0,-1,1,decision=accept | rtl_ing_rows=1 rtl_drop_rows=0 rtl_lane_credit_min=489 rtl_lane_credit_max=489 rtl_ticket_credit_min=2089 | tlm_ing_rows=1 tlm_lane_credit_min=1 tlm_effective_min=1 tlm_ticket_credit_min=1584 tlm_reasons=lane_credit
component_b000_rho0750_f0261_seed7102,normal,ingress_decision_ticket,2,73,1,83,0,1,1,0,decision=drop | rtl_ing_rows=1 rtl_drop_rows=0 rtl_lane_credit_min=489 rtl_lane_credit_max=489 rtl_ticket_credit_min=2089 | tlm_ing_rows=1 tlm_lane_credit_min=1 tlm_effective_min=1 tlm_ticket_credit_min=1584 tlm_reasons=lane_credit
component_b000_rho0750_f0261_seed7102,normal,ingress_decision_ticket,3,73,1,85,1,0,-1,0,decision=accept | rtl_ing_rows=1 rtl_drop_rows=0 rtl_lane_credit_min=488 rtl_lane_credit_max=488 rtl_ticket_credit_min=2087 | tlm_ing_rows=1 tlm_lane_credit_min=1 tlm_effective_min=1 tlm_ticket_credit_min=1583 tlm_reasons=lane_credit
component_b000_rho0750_f0261_seed7102,normal,ingress_decision_ticket,4,73,1,85,0,1,1,0,decision=drop | rtl_ing_rows=1 rtl_drop_rows=0 rtl_lane_credit_min=488 rtl_lane_credit_max=488 rtl_ticket_credit_min=2087 | tlm_ing_rows=1 tlm_lane_credit_min=1 tlm_effective_min=1 tlm_ticket_credit_min=1583 tlm_reasons=lane_credit
component_b000_rho0750_f0261_seed7102,normal,ingress_decision_ticket,5,73,1,87,1,0,-1,0,decision=accept | rtl_ing_rows=1 rtl_drop_rows=0 rtl_lane_credit_min=485 rtl_lane_credit_max=485 rtl_ticket_credit_min=2085 | tlm_ing_rows=1 tlm_lane_credit_min=1 tlm_effective_min=1 tlm_ticket_credit_min=1582 tlm_reasons=lane_credit
component_b000_rho0750_f0261_seed7102,normal,ingress_decision_ticket,6,73,1,87,0,1,1,0,decision=drop | rtl_ing_rows=1 rtl_drop_rows=0 rtl_lane_credit_min=485 rtl_lane_credit_max=485 rtl_ticket_credit_min=2085 | tlm_ing_rows=1 tlm_lane_credit_min=1 tlm_effective_min=1 tlm_ticket_credit_min=1582 tlm_reasons=lane_credit
component_b000_rho0750_f0261_seed7102,normal,ingress_decision_ticket,7,73,1,88,1,0,-1,0,decision=accept | rtl_ing_rows=1 rtl_drop_rows=0 rtl_lane_credit_min=485 rtl_lane_credit_max=485 rtl_ticket_credit_min=2084 | tlm_ing_rows=1 tlm_lane_credit_min=1 tlm_effective_min=1 tlm_ticket_credit_min=1582 tlm_reasons=lane_credit
component_b000_rho0750_f0261_seed7102,normal,ingress_decision_ticket,8,73,1,88,0,1,1,0,decision=drop | rtl_ing_rows=1 rtl_drop_rows=0 rtl_lane_credit_min=485 rtl_lane_credit_max=485 rtl_ticket_credit_min=2084 | tlm_ing_rows=1 tlm_lane_credit_min=1 tlm_effective_min=1 tlm_ticket_credit_min=1582 tlm_reasons=lane_credit
component_b000_rho0750_f0261_seed7102,forced_ingress,ingress_accept_hits,1,162,2,17,6,0,-6,0,rtl_ing_rows=1 rtl_drop_rows=0 rtl_lane_credit_min=1 rtl_lane_credit_max=1 rtl_ticket_credit_min=145 | tlm_ing_rows=1 tlm_lane_credit_min=-43 tlm_effective_min=0 tlm_ticket_credit_min=95 tlm_reasons=rtl_forced_pre
component_b000_rho0750_f0261_seed7102,forced_ingress,ingress_accept_hits,2,215,0,23,6,0,-6,0,rtl_ing_rows=1 rtl_drop_rows=0 rtl_lane_credit_min=1 rtl_lane_credit_max=1 rtl_ticket_credit_min=42 | tlm_ing_rows=1 tlm_lane_credit_min=-366 tlm_effective_min=0 tlm_ticket_credit_min=-790 tlm_reasons=rtl_forced_pre
component_b000_rho0750_f0261_seed7102,forced_ingress,ingress_accept_hits,3,237,1,5,6,0,-6,0,rtl_ing_rows=1 rtl_drop_rows=0 rtl_lane_credit_min=1 rtl_lane_credit_max=1 rtl_ticket_credit_min=27 | tlm_ing_rows=1 tlm_lane_credit_min=-637 tlm_effective_min=0 tlm_ticket_credit_min=-1358 tlm_reasons=rtl_forced_pre
component_b000_rho0750_f0261_seed7102,forced_ingress,ingress_accept_hits,4,95,3,122,5,0,-5,1,rtl_ing_rows=1 rtl_drop_rows=0 rtl_lane_credit_min=1 rtl_lane_credit_max=1 rtl_ticket_credit_min=1446 | tlm_ing_rows=1 tlm_lane_credit_min=-530 tlm_effective_min=0 tlm_ticket_credit_min=835 tlm_reasons=rtl_forced_pre
component_b000_rho0750_f0261_seed7102,forced_ingress,ingress_accept_hits,5,123,0,75,5,0,-5,0,rtl_ing_rows=1 rtl_drop_rows=0 rtl_lane_credit_min=1 rtl_lane_credit_max=1 rtl_ticket_credit_min=1067 | tlm_ing_rows=1 tlm_lane_credit_min=-581 tlm_effective_min=0 tlm_ticket_credit_min=261 tlm_reasons=rtl_forced_pre
component_b000_rho0750_f0261_seed7102,forced_ingress,ingress_accept_hits,6,123,1,109,5,0,-5,0,rtl_ing_rows=1 rtl_drop_rows=0 rtl_lane_credit_min=1 rtl_lane_credit_max=1 rtl_ticket_credit_min=1036 | tlm_ing_rows=1 tlm_lane_credit_min=-652 tlm_effective_min=0 tlm_ticket_credit_min=228 tlm_reasons=rtl_forced_pre
component_b000_rho0750_f0261_seed7102,forced_ingress,ingress_accept_hits,7,135,1,64,5,0,-5,0,rtl_ing_rows=1 rtl_drop_rows=0 rtl_lane_credit_min=1 rtl_lane_credit_max=1 rtl_ticket_credit_min=762 | tlm_ing_rows=1 tlm_lane_credit_min=-409 tlm_effective_min=0 tlm_ticket_credit_min=222 tlm_reasons=rtl_forced_pre
component_b000_rho0750_f0261_seed7102,forced_ingress,ingress_accept_hits,8,139,3,123,5,0,-5,0,rtl_ing_rows=1 rtl_drop_rows=0 rtl_lane_credit_min=1 rtl_lane_credit_max=1 rtl_ticket_credit_min=565 | tlm_ing_rows=1 tlm_lane_credit_min=-352 tlm_effective_min=0 tlm_ticket_credit_min=67 tlm_reasons=rtl_forced_pre
component_b000_rho0750_f0261_seed7102,forced_ingress,ingress_predrop_flag_hits,1,162,2,17,0,6,6,0,rtl_ing_rows=1 rtl_drop_rows=0 rtl_lane_credit_min=1 rtl_lane_credit_max=1 rtl_ticket_credit_min=145 | tlm_ing_rows=1 tlm_lane_credit_min=-43 tlm_effective_min=0 tlm_ticket_credit_min=95 tlm_reasons=rtl_forced_pre
component_b000_rho0750_f0261_seed7102,forced_ingress,ingress_predrop_flag_hits,2,215,0,23,0,6,6,0,rtl_ing_rows=1 rtl_drop_rows=0 rtl_lane_credit_min=1 rtl_lane_credit_max=1 rtl_ticket_credit_min=42 | tlm_ing_rows=1 tlm_lane_credit_min=-366 tlm_effective_min=0 tlm_ticket_credit_min=-790 tlm_reasons=rtl_forced_pre
component_b000_rho0750_f0261_seed7102,forced_ingress,ingress_predrop_flag_hits,3,237,1,5,0,6,6,0,rtl_ing_rows=1 rtl_drop_rows=0 rtl_lane_credit_min=1 rtl_lane_credit_max=1 rtl_ticket_credit_min=27 | tlm_ing_rows=1 tlm_lane_credit_min=-637 tlm_effective_min=0 tlm_ticket_credit_min=-1358 tlm_reasons=rtl_forced_pre
component_b000_rho0750_f0261_seed7102,forced_ingress,ingress_predrop_flag_hits,4,95,3,122,0,5,5,1,rtl_ing_rows=1 rtl_drop_rows=0 rtl_lane_credit_min=1 rtl_lane_credit_max=1 rtl_ticket_credit_min=1446 | tlm_ing_rows=1 tlm_lane_credit_min=-530 tlm_effective_min=0 tlm_ticket_credit_min=835 tlm_reasons=rtl_forced_pre
component_b000_rho0750_f0261_seed7102,forced_ingress,ingress_predrop_flag_hits,5,123,0,75,0,5,5,0,rtl_ing_rows=1 rtl_drop_rows=0 rtl_lane_credit_min=1 rtl_lane_credit_max=1 rtl_ticket_credit_min=1067 | tlm_ing_rows=1 tlm_lane_credit_min=-581 tlm_effective_min=0 tlm_ticket_credit_min=261 tlm_reasons=rtl_forced_pre
component_b000_rho0750_f0261_seed7102,forced_ingress,ingress_predrop_flag_hits,6,123,1,109,0,5,5,0,rtl_ing_rows=1 rtl_drop_rows=0 rtl_lane_credit_min=1 rtl_lane_credit_max=1 rtl_ticket_credit_min=1036 | tlm_ing_rows=1 tlm_lane_credit_min=-652 tlm_effective_min=0 tlm_ticket_credit_min=228 tlm_reasons=rtl_forced_pre
component_b000_rho0750_f0261_seed7102,forced_ingress,ingress_predrop_flag_hits,7,135,1,64,0,5,5,0,rtl_ing_rows=1 rtl_drop_rows=0 rtl_lane_credit_min=1 rtl_lane_credit_max=1 rtl_ticket_credit_min=762 | tlm_ing_rows=1 tlm_lane_credit_min=-409 tlm_effective_min=0 tlm_ticket_credit_min=222 tlm_reasons=rtl_forced_pre
component_b000_rho0750_f0261_seed7102,forced_ingress,ingress_predrop_flag_hits,8,139,3,123,0,5,5,0,rtl_ing_rows=1 rtl_drop_rows=0 rtl_lane_credit_min=1 rtl_lane_credit_max=1 rtl_ticket_credit_min=565 | tlm_ing_rows=1 tlm_lane_credit_min=-352 tlm_effective_min=0 tlm_ticket_credit_min=67 tlm_reasons=rtl_forced_pre
component_b000_rho0750_f0261_seed7102,forced_ingress,pa_load_hits,1,208,2,34,0,6,6,0,
component_b000_rho0750_f0261_seed7102,forced_ingress,pa_load_hits,2,8,2,83,5,0,-5,0,
component_b000_rho0750_f0261_seed7102,forced_ingress,pa_load_hits,3,20,1,97,5,0,-5,0,
component_b000_rho0750_f0261_seed7102,forced_ingress,pa_load_hits,4,44,0,116,5,0,-5,0,
component_b000_rho0750_f0261_seed7102,forced_ingress,pa_load_hits,5,54,0,107,5,0,-5,0,
component_b000_rho0750_f0261_seed7102,forced_ingress,pa_load_hits,6,68,2,29,5,0,-5,0,
component_b000_rho0750_f0261_seed7102,forced_ingress,pa_load_hits,7,167,1,14,0,5,5,0,
component_b000_rho0750_f0261_seed7102,forced_ingress,pa_load_hits,8,169,3,82,0,5,5,0,
component_b000_rho0750_f0261_seed7102,forced_ingress,late_drop_pa_action_hits,1,208,2,34,6,0,-6,0,
component_b000_rho0750_f0261_seed7102,forced_ingress,late_drop_pa_action_hits,2,8,2,83,0,5,5,0,
component_b000_rho0750_f0261_seed7102,forced_ingress,late_drop_pa_action_hits,3,20,1,97,0,5,5,0,
component_b000_rho0750_f0261_seed7102,forced_ingress,late_drop_pa_action_hits,4,44,0,116,0,5,5,0,
component_b000_rho0750_f0261_seed7102,forced_ingress,late_drop_pa_action_hits,5,54,0,107,0,5,5,0,
component_b000_rho0750_f0261_seed7102,forced_ingress,late_drop_pa_action_hits,6,68,2,29,0,5,5,0,
component_b000_rho0750_f0261_seed7102,forced_ingress,late_drop_pa_action_hits,7,167,1,14,5,0,-5,0,
component_b000_rho0750_f0261_seed7102,forced_ingress,late_drop_pa_action_hits,8,173,0,56,5,0,-5,0,
component_b000_rho0750_f0261_seed7102,forced_ingress,late_drop_control_exact_hits,1,208,2,34,6,0,-6,0,
component_b000_rho0750_f0261_seed7102,forced_ingress,late_drop_control_exact_hits,2,8,2,83,0,5,5,0,
component_b000_rho0750_f0261_seed7102,forced_ingress,late_drop_control_exact_hits,3,20,1,97,0,5,5,0,
component_b000_rho0750_f0261_seed7102,forced_ingress,late_drop_control_exact_hits,4,44,0,116,0,5,5,0,
component_b000_rho0750_f0261_seed7102,forced_ingress,late_drop_control_exact_hits,5,54,0,107,0,5,5,0,
component_b000_rho0750_f0261_seed7102,forced_ingress,late_drop_control_exact_hits,6,68,2,29,0,5,5,0,
component_b000_rho0750_f0261_seed7102,forced_ingress,late_drop_control_exact_hits,7,167,1,14,5,0,-5,0,
component_b000_rho0750_f0261_seed7102,forced_ingress,late_drop_control_exact_hits,8,173,0,56,5,0,-5,0,
component_b000_rho0750_f0261_seed7102,forced_ingress,transaction_deliver_hits,1,216,-1,31,0,12,12,0,
component_b000_rho0750_f0261_seed7102,forced_ingress,transaction_deliver_hits,2,170,-1,15,0,10,10,0,
component_b000_rho0750_f0261_seed7102,forced_ingress,transaction_deliver_hits,3,173,-1,56,0,10,10,0,
component_b000_rho0750_f0261_seed7102,forced_ingress,transaction_deliver_hits,4,184,-1,1,0,9,9,0,
component_b000_rho0750_f0261_seed7102,forced_ingress,transaction_deliver_hits,5,203,-1,8,0,9,9,0,
component_b000_rho0750_f0261_seed7102,forced_ingress,transaction_deliver_hits,6,211,-1,39,0,9,9,0,
component_b000_rho0750_f0261_seed7102,forced_ingress,transaction_deliver_hits,7,218,-1,32,0,9,9,0,
component_b000_rho0750_f0261_seed7102,forced_ingress,transaction_deliver_hits,8,4,-1,59,10,2,-8,0,
component_b000_rho0750_f0261_seed7102,forced_ingress,ingress_decision_ticket,1,95,3,122,1,0,-1,1,decision=accept | rtl_ing_rows=1 rtl_drop_rows=0 rtl_lane_credit_min=1 rtl_lane_credit_max=1 rtl_ticket_credit_min=1446 | tlm_ing_rows=1 tlm_lane_credit_min=-530 tlm_effective_min=0 tlm_ticket_credit_min=835 tlm_reasons=rtl_forced_pre
component_b000_rho0750_f0261_seed7102,forced_ingress,ingress_decision_ticket,2,95,3,122,0,1,1,0,decision=drop | rtl_ing_rows=1 rtl_drop_rows=0 rtl_lane_credit_min=1 rtl_lane_credit_max=1 rtl_ticket_credit_min=1446 | tlm_ing_rows=1 tlm_lane_credit_min=-530 tlm_effective_min=0 tlm_ticket_credit_min=835 tlm_reasons=rtl_forced_pre
component_b000_rho0750_f0261_seed7102,forced_ingress,ingress_decision_ticket,3,95,3,125,1,0,-1,0,decision=accept | rtl_ing_rows=1 rtl_drop_rows=0 rtl_lane_credit_min=1 rtl_lane_credit_max=1 rtl_ticket_credit_min=1444 | tlm_ing_rows=1 tlm_lane_credit_min=-530 tlm_effective_min=0 tlm_ticket_credit_min=833 tlm_reasons=rtl_forced_pre
component_b000_rho0750_f0261_seed7102,forced_ingress,ingress_decision_ticket,4,95,3,125,0,1,1,0,decision=drop | rtl_ing_rows=1 rtl_drop_rows=0 rtl_lane_credit_min=1 rtl_lane_credit_max=1 rtl_ticket_credit_min=1444 | tlm_ing_rows=1 tlm_lane_credit_min=-530 tlm_effective_min=0 tlm_ticket_credit_min=833 tlm_reasons=rtl_forced_pre
component_b000_rho0750_f0261_seed7102,forced_ingress,ingress_decision_ticket,5,95,3,127,1,0,-1,0,decision=accept | rtl_ing_rows=1 rtl_drop_rows=0 rtl_lane_credit_min=1 rtl_lane_credit_max=1 rtl_ticket_credit_min=1444 | tlm_ing_rows=1 tlm_lane_credit_min=-530 tlm_effective_min=0 tlm_ticket_credit_min=832 tlm_reasons=rtl_forced_pre
component_b000_rho0750_f0261_seed7102,forced_ingress,ingress_decision_ticket,6,95,3,127,0,1,1,0,decision=drop | rtl_ing_rows=1 rtl_drop_rows=0 rtl_lane_credit_min=1 rtl_lane_credit_max=1 rtl_ticket_credit_min=1444 | tlm_ing_rows=1 tlm_lane_credit_min=-530 tlm_effective_min=0 tlm_ticket_credit_min=832 tlm_reasons=rtl_forced_pre
component_b000_rho0750_f0261_seed7102,forced_ingress,ingress_decision_ticket,7,97,0,117,1,0,-1,0,decision=accept | rtl_ing_rows=1 rtl_drop_rows=0 rtl_lane_credit_min=2 rtl_lane_credit_max=2 rtl_ticket_credit_min=1397 | tlm_ing_rows=1 tlm_lane_credit_min=-512 tlm_effective_min=0 tlm_ticket_credit_min=741 tlm_reasons=rtl_forced_pre
component_b000_rho0750_f0261_seed7102,forced_ingress,ingress_decision_ticket,8,97,0,117,0,1,1,0,decision=drop | rtl_ing_rows=1 rtl_drop_rows=0 rtl_lane_credit_min=2 rtl_lane_credit_max=2 rtl_ticket_credit_min=1397 | tlm_ing_rows=1 tlm_lane_credit_min=-512 tlm_effective_min=0 tlm_ticket_credit_min=741 tlm_reasons=rtl_forced_pre
component_b000_rho0750_f0261_seed7103,normal,ingress_accept_hits,1,161,1,25,8,0,-8,0,rtl_ing_rows=1 rtl_drop_rows=0 rtl_lane_credit_min=40 rtl_lane_credit_max=40 rtl_ticket_credit_min=317 | tlm_ing_rows=1 tlm_lane_credit_min=1 tlm_effective_min=1 tlm_ticket_credit_min=285 tlm_reasons=lane_credit
component_b000_rho0750_f0261_seed7103,normal,ingress_accept_hits,2,237,3,101,0,7,7,0,rtl_ing_rows=1 rtl_drop_rows=1 rtl_lane_credit_min=1 rtl_lane_credit_max=1 rtl_ticket_credit_min=0 | tlm_ing_rows=1 tlm_lane_credit_min=53 tlm_effective_min=53 tlm_ticket_credit_min=88 tlm_reasons=accept
component_b000_rho0750_f0261_seed7103,normal,ingress_accept_hits,3,89,2,57,6,0,-6,0,rtl_ing_rows=1 rtl_drop_rows=0 rtl_lane_credit_min=263 rtl_lane_credit_max=263 rtl_ticket_credit_min=1715 | tlm_ing_rows=1 tlm_lane_credit_min=1 tlm_effective_min=1 tlm_ticket_credit_min=1291 tlm_reasons=lane_credit
component_b000_rho0750_f0261_seed7103,normal,ingress_accept_hits,4,103,0,79,6,0,-6,0,rtl_ing_rows=1 rtl_drop_rows=0 rtl_lane_credit_min=40 rtl_lane_credit_max=40 rtl_ticket_credit_min=1405 | tlm_ing_rows=1 tlm_lane_credit_min=5 tlm_effective_min=5 tlm_ticket_credit_min=1112 tlm_reasons=lane_credit
component_b000_rho0750_f0261_seed7103,normal,ingress_accept_hits,5,167,2,17,6,0,-6,0,rtl_ing_rows=1 rtl_drop_rows=0 rtl_lane_credit_min=24 rtl_lane_credit_max=24 rtl_ticket_credit_min=135 | tlm_ing_rows=1 tlm_lane_credit_min=1 tlm_effective_min=1 tlm_ticket_credit_min=139 tlm_reasons=lane_credit
component_b000_rho0750_f0261_seed7103,normal,ingress_accept_hits,6,173,2,67,6,0,-6,0,rtl_ing_rows=1 rtl_drop_rows=0 rtl_lane_credit_min=12 rtl_lane_credit_max=12 rtl_ticket_credit_min=34 | tlm_ing_rows=1 tlm_lane_credit_min=1 tlm_effective_min=1 tlm_ticket_credit_min=71 tlm_reasons=lane_credit
component_b000_rho0750_f0261_seed7103,normal,ingress_accept_hits,7,203,2,47,6,0,-6,0,rtl_ing_rows=1 rtl_drop_rows=0 rtl_lane_credit_min=61 rtl_lane_credit_max=61 rtl_ticket_credit_min=76 | tlm_ing_rows=1 tlm_lane_credit_min=1 tlm_effective_min=1 tlm_ticket_credit_min=17 tlm_reasons=lane_credit
component_b000_rho0750_f0261_seed7103,normal,ingress_accept_hits,8,205,1,42,6,0,-6,0,rtl_ing_rows=1 rtl_drop_rows=0 rtl_lane_credit_min=1 rtl_lane_credit_max=1 rtl_ticket_credit_min=0 | tlm_ing_rows=1 tlm_lane_credit_min=6 tlm_effective_min=6 tlm_ticket_credit_min=0 tlm_reasons=lane_credit
component_b000_rho0750_f0261_seed7103,normal,ingress_predrop_flag_hits,1,161,1,25,0,8,8,0,rtl_ing_rows=1 rtl_drop_rows=0 rtl_lane_credit_min=40 rtl_lane_credit_max=40 rtl_ticket_credit_min=317 | tlm_ing_rows=1 tlm_lane_credit_min=1 tlm_effective_min=1 tlm_ticket_credit_min=285 tlm_reasons=lane_credit
component_b000_rho0750_f0261_seed7103,normal,ingress_predrop_flag_hits,2,237,3,101,7,0,-7,0,rtl_ing_rows=1 rtl_drop_rows=1 rtl_lane_credit_min=1 rtl_lane_credit_max=1 rtl_ticket_credit_min=0 | tlm_ing_rows=1 tlm_lane_credit_min=53 tlm_effective_min=53 tlm_ticket_credit_min=88 tlm_reasons=accept
component_b000_rho0750_f0261_seed7103,normal,ingress_predrop_flag_hits,3,89,2,57,0,6,6,0,rtl_ing_rows=1 rtl_drop_rows=0 rtl_lane_credit_min=263 rtl_lane_credit_max=263 rtl_ticket_credit_min=1715 | tlm_ing_rows=1 tlm_lane_credit_min=1 tlm_effective_min=1 tlm_ticket_credit_min=1291 tlm_reasons=lane_credit
component_b000_rho0750_f0261_seed7103,normal,ingress_predrop_flag_hits,4,103,0,79,0,6,6,0,rtl_ing_rows=1 rtl_drop_rows=0 rtl_lane_credit_min=40 rtl_lane_credit_max=40 rtl_ticket_credit_min=1405 | tlm_ing_rows=1 tlm_lane_credit_min=5 tlm_effective_min=5 tlm_ticket_credit_min=1112 tlm_reasons=lane_credit
component_b000_rho0750_f0261_seed7103,normal,ingress_predrop_flag_hits,5,167,2,17,0,6,6,0,rtl_ing_rows=1 rtl_drop_rows=0 rtl_lane_credit_min=24 rtl_lane_credit_max=24 rtl_ticket_credit_min=135 | tlm_ing_rows=1 tlm_lane_credit_min=1 tlm_effective_min=1 tlm_ticket_credit_min=139 tlm_reasons=lane_credit
component_b000_rho0750_f0261_seed7103,normal,ingress_predrop_flag_hits,6,173,2,67,0,6,6,0,rtl_ing_rows=1 rtl_drop_rows=0 rtl_lane_credit_min=12 rtl_lane_credit_max=12 rtl_ticket_credit_min=34 | tlm_ing_rows=1 tlm_lane_credit_min=1 tlm_effective_min=1 tlm_ticket_credit_min=71 tlm_reasons=lane_credit
component_b000_rho0750_f0261_seed7103,normal,ingress_predrop_flag_hits,7,203,2,47,0,6,6,0,rtl_ing_rows=1 rtl_drop_rows=0 rtl_lane_credit_min=61 rtl_lane_credit_max=61 rtl_ticket_credit_min=76 | tlm_ing_rows=1 tlm_lane_credit_min=1 tlm_effective_min=1 tlm_ticket_credit_min=17 tlm_reasons=lane_credit
component_b000_rho0750_f0261_seed7103,normal,ingress_predrop_flag_hits,8,205,1,42,0,6,6,0,rtl_ing_rows=1 rtl_drop_rows=0 rtl_lane_credit_min=1 rtl_lane_credit_max=1 rtl_ticket_credit_min=0 | tlm_ing_rows=1 tlm_lane_credit_min=6 tlm_effective_min=6 tlm_ticket_credit_min=0 tlm_reasons=lane_credit
component_b000_rho0750_f0261_seed7103,normal,controlled_predrop_exact_hits,1,161,1,25,0,8,8,0,rtl_ing_rows=1 rtl_drop_rows=0 rtl_lane_credit_min=40 rtl_lane_credit_max=40 rtl_ticket_credit_min=317 | tlm_ing_rows=1 tlm_lane_credit_min=1 tlm_effective_min=1 tlm_ticket_credit_min=285 tlm_reasons=lane_credit
component_b000_rho0750_f0261_seed7103,normal,controlled_predrop_exact_hits,2,237,3,101,7,0,-7,0,rtl_ing_rows=1 rtl_drop_rows=1 rtl_lane_credit_min=1 rtl_lane_credit_max=1 rtl_ticket_credit_min=0 | tlm_ing_rows=1 tlm_lane_credit_min=53 tlm_effective_min=53 tlm_ticket_credit_min=88 tlm_reasons=accept
component_b000_rho0750_f0261_seed7103,normal,controlled_predrop_exact_hits,3,89,2,57,0,6,6,0,rtl_ing_rows=1 rtl_drop_rows=0 rtl_lane_credit_min=263 rtl_lane_credit_max=263 rtl_ticket_credit_min=1715 | tlm_ing_rows=1 tlm_lane_credit_min=1 tlm_effective_min=1 tlm_ticket_credit_min=1291 tlm_reasons=lane_credit
component_b000_rho0750_f0261_seed7103,normal,controlled_predrop_exact_hits,4,103,0,79,0,6,6,0,rtl_ing_rows=1 rtl_drop_rows=0 rtl_lane_credit_min=40 rtl_lane_credit_max=40 rtl_ticket_credit_min=1405 | tlm_ing_rows=1 tlm_lane_credit_min=5 tlm_effective_min=5 tlm_ticket_credit_min=1112 tlm_reasons=lane_credit
component_b000_rho0750_f0261_seed7103,normal,controlled_predrop_exact_hits,5,167,2,17,0,6,6,0,rtl_ing_rows=1 rtl_drop_rows=0 rtl_lane_credit_min=24 rtl_lane_credit_max=24 rtl_ticket_credit_min=135 | tlm_ing_rows=1 tlm_lane_credit_min=1 tlm_effective_min=1 tlm_ticket_credit_min=139 tlm_reasons=lane_credit
component_b000_rho0750_f0261_seed7103,normal,controlled_predrop_exact_hits,6,173,2,67,0,6,6,0,rtl_ing_rows=1 rtl_drop_rows=0 rtl_lane_credit_min=12 rtl_lane_credit_max=12 rtl_ticket_credit_min=34 | tlm_ing_rows=1 tlm_lane_credit_min=1 tlm_effective_min=1 tlm_ticket_credit_min=71 tlm_reasons=lane_credit
component_b000_rho0750_f0261_seed7103,normal,controlled_predrop_exact_hits,7,203,2,47,0,6,6,0,rtl_ing_rows=1 rtl_drop_rows=0 rtl_lane_credit_min=61 rtl_lane_credit_max=61 rtl_ticket_credit_min=76 | tlm_ing_rows=1 tlm_lane_credit_min=1 tlm_effective_min=1 tlm_ticket_credit_min=17 tlm_reasons=lane_credit
component_b000_rho0750_f0261_seed7103,normal,controlled_predrop_exact_hits,8,233,0,110,0,6,6,0,rtl_ing_rows=1 rtl_drop_rows=0 rtl_lane_credit_min=1 rtl_lane_credit_max=1 rtl_ticket_credit_min=0 | tlm_ing_rows=1 tlm_lane_credit_min=9 tlm_effective_min=9 tlm_ticket_credit_min=0 tlm_reasons=ticket_credit
component_b000_rho0750_f0261_seed7103,normal,pa_load_hits,1,161,1,25,8,0,-8,0,
component_b000_rho0750_f0261_seed7103,normal,pa_load_hits,2,237,3,101,0,7,7,0,
component_b000_rho0750_f0261_seed7103,normal,pa_load_hits,3,89,2,57,6,0,-6,0,
component_b000_rho0750_f0261_seed7103,normal,pa_load_hits,4,103,0,79,6,0,-6,0,
component_b000_rho0750_f0261_seed7103,normal,pa_load_hits,5,167,2,17,6,0,-6,0,
component_b000_rho0750_f0261_seed7103,normal,pa_load_hits,6,203,2,47,6,0,-6,0,
component_b000_rho0750_f0261_seed7103,normal,pa_load_hits,7,256,1,16,0,6,6,0,
component_b000_rho0750_f0261_seed7103,normal,pa_load_hits,8,2,2,33,5,0,-5,0,
component_b000_rho0750_f0261_seed7103,normal,late_drop_pa_action_hits,1,173,2,67,6,0,-6,0,
component_b000_rho0750_f0261_seed7103,normal,late_drop_pa_action_hits,2,2,2,33,0,5,5,0,
component_b000_rho0750_f0261_seed7103,normal,late_drop_pa_action_hits,3,4,3,54,0,5,5,0,
component_b000_rho0750_f0261_seed7103,normal,late_drop_pa_action_hits,4,28,1,74,0,5,5,0,
component_b000_rho0750_f0261_seed7103,normal,late_drop_pa_action_hits,5,42,2,88,0,5,5,0,
component_b000_rho0750_f0261_seed7103,normal,late_drop_pa_action_hits,6,50,1,70,0,5,5,0,
component_b000_rho0750_f0261_seed7103,normal,late_drop_pa_action_hits,7,64,3,63,0,5,5,0,
component_b000_rho0750_f0261_seed7103,normal,late_drop_pa_action_hits,8,72,1,121,0,5,5,0,
component_b000_rho0750_f0261_seed7103,normal,late_drop_control_exact_hits,1,173,2,67,6,0,-6,0,
component_b000_rho0750_f0261_seed7103,normal,late_drop_control_exact_hits,2,2,2,33,0,5,5,0,
component_b000_rho0750_f0261_seed7103,normal,late_drop_control_exact_hits,3,4,3,54,0,5,5,0,
component_b000_rho0750_f0261_seed7103,normal,late_drop_control_exact_hits,4,28,1,74,0,5,5,0,
component_b000_rho0750_f0261_seed7103,normal,late_drop_control_exact_hits,5,42,2,88,0,5,5,0,
component_b000_rho0750_f0261_seed7103,normal,late_drop_control_exact_hits,6,50,1,70,0,5,5,0,
component_b000_rho0750_f0261_seed7103,normal,late_drop_control_exact_hits,7,64,3,63,0,5,5,0,
component_b000_rho0750_f0261_seed7103,normal,late_drop_control_exact_hits,8,72,1,121,0,5,5,0,
component_b000_rho0750_f0261_seed7103,normal,transaction_deliver_hits,1,89,-1,71,11,0,-11,0,
component_b000_rho0750_f0261_seed7103,normal,transaction_deliver_hits,2,188,-1,82,11,0,-11,0,
component_b000_rho0750_f0261_seed7103,normal,transaction_deliver_hits,3,68,-1,25,10,0,-10,0,
component_b000_rho0750_f0261_seed7103,normal,transaction_deliver_hits,4,147,-1,25,10,0,-10,0,
component_b000_rho0750_f0261_seed7103,normal,transaction_deliver_hits,5,163,-1,66,0,10,10,0,
component_b000_rho0750_f0261_seed7103,normal,transaction_deliver_hits,6,172,-1,54,0,10,10,0,
component_b000_rho0750_f0261_seed7103,normal,transaction_deliver_hits,7,64,-1,63,9,0,-9,0,
component_b000_rho0750_f0261_seed7103,normal,transaction_deliver_hits,8,103,-1,110,9,0,-9,0,
component_b000_rho0750_f0261_seed7103,normal,ingress_decision_ticket,1,75,3,90,1,0,-1,1,decision=accept | rtl_ing_rows=1 rtl_drop_rows=0 rtl_lane_credit_min=427 rtl_lane_credit_max=427 rtl_ticket_credit_min=2004 | tlm_ing_rows=1 tlm_lane_credit_min=1 tlm_effective_min=1 tlm_ticket_credit_min=1478 tlm_reasons=lane_credit
component_b000_rho0750_f0261_seed7103,normal,ingress_decision_ticket,2,75,3,90,0,1,1,0,decision=drop | rtl_ing_rows=1 rtl_drop_rows=0 rtl_lane_credit_min=427 rtl_lane_credit_max=427 rtl_ticket_credit_min=2004 | tlm_ing_rows=1 tlm_lane_credit_min=1 tlm_effective_min=1 tlm_ticket_credit_min=1478 tlm_reasons=lane_credit
component_b000_rho0750_f0261_seed7103,normal,ingress_decision_ticket,3,75,3,93,1,0,-1,0,decision=accept | rtl_ing_rows=1 rtl_drop_rows=0 rtl_lane_credit_min=426 rtl_lane_credit_max=426 rtl_ticket_credit_min=2001 | tlm_ing_rows=1 tlm_lane_credit_min=1 tlm_effective_min=1 tlm_ticket_credit_min=1476 tlm_reasons=lane_credit
component_b000_rho0750_f0261_seed7103,normal,ingress_decision_ticket,4,75,3,93,0,1,1,0,decision=drop | rtl_ing_rows=1 rtl_drop_rows=0 rtl_lane_credit_min=426 rtl_lane_credit_max=426 rtl_ticket_credit_min=2001 | tlm_ing_rows=1 tlm_lane_credit_min=1 tlm_effective_min=1 tlm_ticket_credit_min=1476 tlm_reasons=lane_credit
component_b000_rho0750_f0261_seed7103,normal,ingress_decision_ticket,5,75,3,94,1,0,-1,0,decision=accept | rtl_ing_rows=1 rtl_drop_rows=0 rtl_lane_credit_min=425 rtl_lane_credit_max=425 rtl_ticket_credit_min=2000 | tlm_ing_rows=1 tlm_lane_credit_min=1 tlm_effective_min=1 tlm_ticket_credit_min=1477 tlm_reasons=lane_credit
component_b000_rho0750_f0261_seed7103,normal,ingress_decision_ticket,6,75,3,94,0,1,1,0,decision=drop | rtl_ing_rows=1 rtl_drop_rows=0 rtl_lane_credit_min=425 rtl_lane_credit_max=425 rtl_ticket_credit_min=2000 | tlm_ing_rows=1 tlm_lane_credit_min=1 tlm_effective_min=1 tlm_ticket_credit_min=1477 tlm_reasons=lane_credit
component_b000_rho0750_f0261_seed7103,normal,ingress_decision_ticket,7,75,3,95,1,0,-1,0,decision=accept | rtl_ing_rows=1 rtl_drop_rows=0 rtl_lane_credit_min=424 rtl_lane_credit_max=424 rtl_ticket_credit_min=1999 | tlm_ing_rows=1 tlm_lane_credit_min=1 tlm_effective_min=1 tlm_ticket_credit_min=1477 tlm_reasons=lane_credit
component_b000_rho0750_f0261_seed7103,normal,ingress_decision_ticket,8,75,3,95,0,1,1,0,decision=drop | rtl_ing_rows=1 rtl_drop_rows=0 rtl_lane_credit_min=424 rtl_lane_credit_max=424 rtl_ticket_credit_min=1999 | tlm_ing_rows=1 tlm_lane_credit_min=1 tlm_effective_min=1 tlm_ticket_credit_min=1477 tlm_reasons=lane_credit
component_b000_rho0750_f0261_seed7103,forced_ingress,ingress_accept_hits,1,205,1,42,6,0,-6,0,rtl_ing_rows=1 rtl_drop_rows=0 rtl_lane_credit_min=1 rtl_lane_credit_max=1 rtl_ticket_credit_min=0 | tlm_ing_rows=1 tlm_lane_credit_min=-257 tlm_effective_min=0 tlm_ticket_credit_min=-634 tlm_reasons=rtl_forced_pre
component_b000_rho0750_f0261_seed7103,forced_ingress,ingress_accept_hits,2,256,1,16,6,0,-6,0,rtl_ing_rows=1 rtl_drop_rows=0 rtl_lane_credit_min=4 rtl_lane_credit_max=4 rtl_ticket_credit_min=5 | tlm_ing_rows=1 tlm_lane_credit_min=-573 tlm_effective_min=0 tlm_ticket_credit_min=-1591 tlm_reasons=rtl_forced_pre
component_b000_rho0750_f0261_seed7103,forced_ingress,ingress_accept_hits,3,102,0,55,5,0,-5,0,rtl_ing_rows=1 rtl_drop_rows=0 rtl_lane_credit_min=1 rtl_lane_credit_max=1 rtl_ticket_credit_min=1398 | tlm_ing_rows=1 tlm_lane_credit_min=-591 tlm_effective_min=0 tlm_ticket_credit_min=682 tlm_reasons=rtl_forced_pre
component_b000_rho0750_f0261_seed7103,forced_ingress,ingress_accept_hits,4,120,1,50,5,0,-5,0,rtl_ing_rows=1 rtl_drop_rows=0 rtl_lane_credit_min=1 rtl_lane_credit_max=1 rtl_ticket_credit_min=1097 | tlm_ing_rows=1 tlm_lane_credit_min=-582 tlm_effective_min=0 tlm_ticket_credit_min=324 tlm_reasons=rtl_forced_pre
component_b000_rho0750_f0261_seed7103,forced_ingress,ingress_accept_hits,5,126,0,110,5,0,-5,0,rtl_ing_rows=1 rtl_drop_rows=0 rtl_lane_credit_min=4 rtl_lane_credit_max=4 rtl_ticket_credit_min=1005 | tlm_ing_rows=1 tlm_lane_credit_min=-629 tlm_effective_min=0 tlm_ticket_credit_min=177 tlm_reasons=rtl_forced_pre
component_b000_rho0750_f0261_seed7103,forced_ingress,ingress_accept_hits,6,127,2,108,5,0,-5,0,rtl_ing_rows=1 rtl_drop_rows=0 rtl_lane_credit_min=1 rtl_lane_credit_max=1 rtl_ticket_credit_min=895 | tlm_ing_rows=1 tlm_lane_credit_min=-634 tlm_effective_min=0 tlm_ticket_credit_min=102 tlm_reasons=rtl_forced_pre
component_b000_rho0750_f0261_seed7103,forced_ingress,ingress_accept_hits,7,128,3,63,5,0,-5,0,rtl_ing_rows=1 rtl_drop_rows=0 rtl_lane_credit_min=1 rtl_lane_credit_max=1 rtl_ticket_credit_min=952 | tlm_ing_rows=1 tlm_lane_credit_min=-553 tlm_effective_min=0 tlm_ticket_credit_min=217 tlm_reasons=rtl_forced_pre
component_b000_rho0750_f0261_seed7103,forced_ingress,ingress_accept_hits,8,141,1,120,5,0,-5,0,rtl_ing_rows=1 rtl_drop_rows=0 rtl_lane_credit_min=1 rtl_lane_credit_max=1 rtl_ticket_credit_min=684 | tlm_ing_rows=1 tlm_lane_credit_min=-508 tlm_effective_min=0 tlm_ticket_credit_min=51 tlm_reasons=rtl_forced_pre
component_b000_rho0750_f0261_seed7103,forced_ingress,ingress_predrop_flag_hits,1,205,1,42,0,6,6,0,rtl_ing_rows=1 rtl_drop_rows=0 rtl_lane_credit_min=1 rtl_lane_credit_max=1 rtl_ticket_credit_min=0 | tlm_ing_rows=1 tlm_lane_credit_min=-257 tlm_effective_min=0 tlm_ticket_credit_min=-634 tlm_reasons=rtl_forced_pre
component_b000_rho0750_f0261_seed7103,forced_ingress,ingress_predrop_flag_hits,2,256,1,16,0,6,6,0,rtl_ing_rows=1 rtl_drop_rows=0 rtl_lane_credit_min=4 rtl_lane_credit_max=4 rtl_ticket_credit_min=5 | tlm_ing_rows=1 tlm_lane_credit_min=-573 tlm_effective_min=0 tlm_ticket_credit_min=-1591 tlm_reasons=rtl_forced_pre
component_b000_rho0750_f0261_seed7103,forced_ingress,ingress_predrop_flag_hits,3,102,0,55,0,5,5,0,rtl_ing_rows=1 rtl_drop_rows=0 rtl_lane_credit_min=1 rtl_lane_credit_max=1 rtl_ticket_credit_min=1398 | tlm_ing_rows=1 tlm_lane_credit_min=-591 tlm_effective_min=0 tlm_ticket_credit_min=682 tlm_reasons=rtl_forced_pre
component_b000_rho0750_f0261_seed7103,forced_ingress,ingress_predrop_flag_hits,4,120,1,50,0,5,5,0,rtl_ing_rows=1 rtl_drop_rows=0 rtl_lane_credit_min=1 rtl_lane_credit_max=1 rtl_ticket_credit_min=1097 | tlm_ing_rows=1 tlm_lane_credit_min=-582 tlm_effective_min=0 tlm_ticket_credit_min=324 tlm_reasons=rtl_forced_pre
component_b000_rho0750_f0261_seed7103,forced_ingress,ingress_predrop_flag_hits,5,126,0,110,0,5,5,0,rtl_ing_rows=1 rtl_drop_rows=0 rtl_lane_credit_min=4 rtl_lane_credit_max=4 rtl_ticket_credit_min=1005 | tlm_ing_rows=1 tlm_lane_credit_min=-629 tlm_effective_min=0 tlm_ticket_credit_min=177 tlm_reasons=rtl_forced_pre
component_b000_rho0750_f0261_seed7103,forced_ingress,ingress_predrop_flag_hits,6,127,2,108,0,5,5,0,rtl_ing_rows=1 rtl_drop_rows=0 rtl_lane_credit_min=1 rtl_lane_credit_max=1 rtl_ticket_credit_min=895 | tlm_ing_rows=1 tlm_lane_credit_min=-634 tlm_effective_min=0 tlm_ticket_credit_min=102 tlm_reasons=rtl_forced_pre
component_b000_rho0750_f0261_seed7103,forced_ingress,ingress_predrop_flag_hits,7,128,3,63,0,5,5,0,rtl_ing_rows=1 rtl_drop_rows=0 rtl_lane_credit_min=1 rtl_lane_credit_max=1 rtl_ticket_credit_min=952 | tlm_ing_rows=1 tlm_lane_credit_min=-553 tlm_effective_min=0 tlm_ticket_credit_min=217 tlm_reasons=rtl_forced_pre
component_b000_rho0750_f0261_seed7103,forced_ingress,ingress_predrop_flag_hits,8,141,1,120,0,5,5,0,rtl_ing_rows=1 rtl_drop_rows=0 rtl_lane_credit_min=1 rtl_lane_credit_max=1 rtl_ticket_credit_min=684 | tlm_ing_rows=1 tlm_lane_credit_min=-508 tlm_effective_min=0 tlm_ticket_credit_min=51 tlm_reasons=rtl_forced_pre
component_b000_rho0750_f0261_seed7103,forced_ingress,pa_load_hits,1,173,2,67,0,6,6,0,
component_b000_rho0750_f0261_seed7103,forced_ingress,pa_load_hits,2,185,0,27,0,6,6,0,
component_b000_rho0750_f0261_seed7103,forced_ingress,pa_load_hits,3,233,0,110,0,6,6,0,
component_b000_rho0750_f0261_seed7103,forced_ingress,pa_load_hits,4,2,2,33,5,0,-5,0,
component_b000_rho0750_f0261_seed7103,forced_ingress,pa_load_hits,5,4,3,54,5,0,-5,0,
component_b000_rho0750_f0261_seed7103,forced_ingress,pa_load_hits,6,28,1,74,5,0,-5,0,
component_b000_rho0750_f0261_seed7103,forced_ingress,pa_load_hits,7,42,2,88,5,0,-5,0,
component_b000_rho0750_f0261_seed7103,forced_ingress,pa_load_hits,8,50,1,70,5,0,-5,0,
component_b000_rho0750_f0261_seed7103,forced_ingress,late_drop_pa_action_hits,1,173,2,67,6,0,-6,0,
component_b000_rho0750_f0261_seed7103,forced_ingress,late_drop_pa_action_hits,2,185,0,27,6,0,-6,0,
component_b000_rho0750_f0261_seed7103,forced_ingress,late_drop_pa_action_hits,3,2,2,33,0,5,5,0,
component_b000_rho0750_f0261_seed7103,forced_ingress,late_drop_pa_action_hits,4,4,3,54,0,5,5,0,
component_b000_rho0750_f0261_seed7103,forced_ingress,late_drop_pa_action_hits,5,28,1,74,0,5,5,0,
component_b000_rho0750_f0261_seed7103,forced_ingress,late_drop_pa_action_hits,6,42,2,88,0,5,5,0,
component_b000_rho0750_f0261_seed7103,forced_ingress,late_drop_pa_action_hits,7,50,1,70,0,5,5,0,
component_b000_rho0750_f0261_seed7103,forced_ingress,late_drop_pa_action_hits,8,64,3,63,0,5,5,0,
component_b000_rho0750_f0261_seed7103,forced_ingress,late_drop_control_exact_hits,1,173,2,67,6,0,-6,0,
component_b000_rho0750_f0261_seed7103,forced_ingress,late_drop_control_exact_hits,2,185,0,27,6,0,-6,0,
component_b000_rho0750_f0261_seed7103,forced_ingress,late_drop_control_exact_hits,3,2,2,33,0,5,5,0,
component_b000_rho0750_f0261_seed7103,forced_ingress,late_drop_control_exact_hits,4,4,3,54,0,5,5,0,
component_b000_rho0750_f0261_seed7103,forced_ingress,late_drop_control_exact_hits,5,28,1,74,0,5,5,0,
component_b000_rho0750_f0261_seed7103,forced_ingress,late_drop_control_exact_hits,6,42,2,88,0,5,5,0,
component_b000_rho0750_f0261_seed7103,forced_ingress,late_drop_control_exact_hits,7,50,1,70,0,5,5,0,
component_b000_rho0750_f0261_seed7103,forced_ingress,late_drop_control_exact_hits,8,64,3,63,0,5,5,0,
component_b000_rho0750_f0261_seed7103,forced_ingress,transaction_deliver_hits,1,185,-1,27,0,11,11,0,
component_b000_rho0750_f0261_seed7103,forced_ingress,transaction_deliver_hits,2,68,-1,25,10,0,-10,0,
component_b000_rho0750_f0261_seed7103,forced_ingress,transaction_deliver_hits,3,64,-1,63,9,0,-9,0,
component_b000_rho0750_f0261_seed7103,forced_ingress,transaction_deliver_hits,4,98,-1,121,11,2,-9,0,
component_b000_rho0750_f0261_seed7103,forced_ingress,transaction_deliver_hits,5,108,-1,102,9,0,-9,0,
component_b000_rho0750_f0261_seed7103,forced_ingress,transaction_deliver_hits,6,170,-1,0,0,9,9,0,
component_b000_rho0750_f0261_seed7103,forced_ingress,transaction_deliver_hits,7,173,-1,35,0,9,9,0,
component_b000_rho0750_f0261_seed7103,forced_ingress,transaction_deliver_hits,8,198,-1,11,0,9,9,0,
component_b000_rho0750_f0261_seed7103,forced_ingress,ingress_decision_ticket,1,95,0,116,1,0,-1,1,decision=accept | rtl_ing_rows=1 rtl_drop_rows=0 rtl_lane_credit_min=1 rtl_lane_credit_max=1 rtl_ticket_credit_min=1449 | tlm_ing_rows=1 tlm_lane_credit_min=-527 tlm_effective_min=0 tlm_ticket_credit_min=839 tlm_reasons=rtl_forced_pre
component_b000_rho0750_f0261_seed7103,forced_ingress,ingress_decision_ticket,2,95,0,116,0,1,1,0,decision=drop | rtl_ing_rows=1 rtl_drop_rows=0 rtl_lane_credit_min=1 rtl_lane_credit_max=1 rtl_ticket_credit_min=1449 | tlm_ing_rows=1 tlm_lane_credit_min=-527 tlm_effective_min=0 tlm_ticket_credit_min=839 tlm_reasons=rtl_forced_pre
component_b000_rho0750_f0261_seed7103,forced_ingress,ingress_decision_ticket,3,95,0,119,1,0,-1,0,decision=accept | rtl_ing_rows=1 rtl_drop_rows=0 rtl_lane_credit_min=1 rtl_lane_credit_max=1 rtl_ticket_credit_min=1447 | tlm_ing_rows=1 tlm_lane_credit_min=-527 tlm_effective_min=0 tlm_ticket_credit_min=837 tlm_reasons=rtl_forced_pre
component_b000_rho0750_f0261_seed7103,forced_ingress,ingress_decision_ticket,4,95,0,119,0,1,1,0,decision=drop | rtl_ing_rows=1 rtl_drop_rows=0 rtl_lane_credit_min=1 rtl_lane_credit_max=1 rtl_ticket_credit_min=1447 | tlm_ing_rows=1 tlm_lane_credit_min=-527 tlm_effective_min=0 tlm_ticket_credit_min=837 tlm_reasons=rtl_forced_pre
component_b000_rho0750_f0261_seed7103,forced_ingress,ingress_decision_ticket,5,95,0,121,1,0,-1,0,decision=accept | rtl_ing_rows=1 rtl_drop_rows=0 rtl_lane_credit_min=1 rtl_lane_credit_max=1 rtl_ticket_credit_min=1447 | tlm_ing_rows=1 tlm_lane_credit_min=-527 tlm_effective_min=0 tlm_ticket_credit_min=836 tlm_reasons=rtl_forced_pre
component_b000_rho0750_f0261_seed7103,forced_ingress,ingress_decision_ticket,6,95,0,121,0,1,1,0,decision=drop | rtl_ing_rows=1 rtl_drop_rows=0 rtl_lane_credit_min=1 rtl_lane_credit_max=1 rtl_ticket_credit_min=1447 | tlm_ing_rows=1 tlm_lane_credit_min=-527 tlm_effective_min=0 tlm_ticket_credit_min=836 tlm_reasons=rtl_forced_pre
component_b000_rho0750_f0261_seed7103,forced_ingress,ingress_decision_ticket,7,95,0,122,1,0,-1,0,decision=accept | rtl_ing_rows=1 rtl_drop_rows=0 rtl_lane_credit_min=1 rtl_lane_credit_max=1 rtl_ticket_credit_min=1447 | tlm_ing_rows=1 tlm_lane_credit_min=-527 tlm_effective_min=0 tlm_ticket_credit_min=836 tlm_reasons=rtl_forced_pre
component_b000_rho0750_f0261_seed7103,forced_ingress,ingress_decision_ticket,8,95,0,122,0,1,1,0,decision=drop | rtl_ing_rows=1 rtl_drop_rows=0 rtl_lane_credit_min=1 rtl_lane_credit_max=1 rtl_ticket_credit_min=1447 | tlm_ing_rows=1 tlm_lane_credit_min=-527 tlm_effective_min=0 tlm_ticket_credit_min=836 tlm_reasons=rtl_forced_pre
component_b000_rho0800_f0245_seed7101,normal,ingress_accept_hits,1,84,2,107,7,0,-7,0,rtl_ing_rows=1 rtl_drop_rows=0 rtl_lane_credit_min=226 rtl_lane_credit_max=226 rtl_ticket_credit_min=1794 | tlm_ing_rows=1 tlm_lane_credit_min=1 tlm_effective_min=1 tlm_ticket_credit_min=1422 tlm_reasons=lane_credit
component_b000_rho0800_f0245_seed7101,normal,ingress_accept_hits,2,107,2,62,6,0,-6,0,rtl_ing_rows=1 rtl_drop_rows=0 rtl_lane_credit_min=6 rtl_lane_credit_max=6 rtl_ticket_credit_min=1369 | tlm_ing_rows=1 tlm_lane_credit_min=1 tlm_effective_min=1 tlm_ticket_credit_min=1003 tlm_reasons=lane_credit
component_b000_rho0800_f0245_seed7101,normal,ingress_accept_hits,3,108,2,89,6,0,-6,0,rtl_ing_rows=1 rtl_drop_rows=0 rtl_lane_credit_min=15 rtl_lane_credit_max=15 rtl_ticket_credit_min=1348 | tlm_ing_rows=1 tlm_lane_credit_min=1 tlm_effective_min=1 tlm_ticket_credit_min=1034 tlm_reasons=lane_credit
component_b000_rho0800_f0245_seed7101,normal,ingress_accept_hits,4,141,2,44,6,0,-6,0,rtl_ing_rows=1 rtl_drop_rows=0 rtl_lane_credit_min=3 rtl_lane_credit_max=3 rtl_ticket_credit_min=727 | tlm_ing_rows=1 tlm_lane_credit_min=1 tlm_effective_min=1 tlm_ticket_credit_min=587 tlm_reasons=lane_credit
component_b000_rho0800_f0245_seed7101,normal,ingress_accept_hits,5,151,3,41,6,0,-6,0,rtl_ing_rows=1 rtl_drop_rows=0 rtl_lane_credit_min=71 rtl_lane_credit_max=71 rtl_ticket_credit_min=609 | tlm_ing_rows=1 tlm_lane_credit_min=1 tlm_effective_min=1 tlm_ticket_credit_min=444 tlm_reasons=lane_credit
component_b000_rho0800_f0245_seed7101,normal,ingress_accept_hits,6,152,3,83,6,0,-6,0,rtl_ing_rows=1 rtl_drop_rows=0 rtl_lane_credit_min=1 rtl_lane_credit_max=1 rtl_ticket_credit_min=499 | tlm_ing_rows=1 tlm_lane_credit_min=1 tlm_effective_min=1 tlm_ticket_credit_min=465 tlm_reasons=lane_credit
component_b000_rho0800_f0245_seed7101,normal,ingress_accept_hits,7,155,2,76,6,0,-6,0,rtl_ing_rows=1 rtl_drop_rows=0 rtl_lane_credit_min=1 rtl_lane_credit_max=1 rtl_ticket_credit_min=402 | tlm_ing_rows=1 tlm_lane_credit_min=1 tlm_effective_min=1 tlm_ticket_credit_min=428 tlm_reasons=lane_credit
component_b000_rho0800_f0245_seed7101,normal,ingress_accept_hits,8,164,3,60,6,0,-6,0,rtl_ing_rows=1 rtl_drop_rows=0 rtl_lane_credit_min=1 rtl_lane_credit_max=1 rtl_ticket_credit_min=285 | tlm_ing_rows=1 tlm_lane_credit_min=1 tlm_effective_min=1 tlm_ticket_credit_min=398 tlm_reasons=lane_credit
component_b000_rho0800_f0245_seed7101,normal,ingress_predrop_flag_hits,1,84,2,107,0,7,7,0,rtl_ing_rows=1 rtl_drop_rows=0 rtl_lane_credit_min=226 rtl_lane_credit_max=226 rtl_ticket_credit_min=1794 | tlm_ing_rows=1 tlm_lane_credit_min=1 tlm_effective_min=1 tlm_ticket_credit_min=1422 tlm_reasons=lane_credit
component_b000_rho0800_f0245_seed7101,normal,ingress_predrop_flag_hits,2,107,2,62,0,6,6,0,rtl_ing_rows=1 rtl_drop_rows=0 rtl_lane_credit_min=6 rtl_lane_credit_max=6 rtl_ticket_credit_min=1369 | tlm_ing_rows=1 tlm_lane_credit_min=1 tlm_effective_min=1 tlm_ticket_credit_min=1003 tlm_reasons=lane_credit
component_b000_rho0800_f0245_seed7101,normal,ingress_predrop_flag_hits,3,108,2,89,0,6,6,0,rtl_ing_rows=1 rtl_drop_rows=0 rtl_lane_credit_min=15 rtl_lane_credit_max=15 rtl_ticket_credit_min=1348 | tlm_ing_rows=1 tlm_lane_credit_min=1 tlm_effective_min=1 tlm_ticket_credit_min=1034 tlm_reasons=lane_credit
component_b000_rho0800_f0245_seed7101,normal,ingress_predrop_flag_hits,4,141,2,44,0,6,6,0,rtl_ing_rows=1 rtl_drop_rows=0 rtl_lane_credit_min=3 rtl_lane_credit_max=3 rtl_ticket_credit_min=727 | tlm_ing_rows=1 tlm_lane_credit_min=1 tlm_effective_min=1 tlm_ticket_credit_min=587 tlm_reasons=lane_credit
component_b000_rho0800_f0245_seed7101,normal,ingress_predrop_flag_hits,5,151,3,41,0,6,6,0,rtl_ing_rows=1 rtl_drop_rows=0 rtl_lane_credit_min=71 rtl_lane_credit_max=71 rtl_ticket_credit_min=609 | tlm_ing_rows=1 tlm_lane_credit_min=1 tlm_effective_min=1 tlm_ticket_credit_min=444 tlm_reasons=lane_credit
component_b000_rho0800_f0245_seed7101,normal,ingress_predrop_flag_hits,6,152,3,83,0,6,6,0,rtl_ing_rows=1 rtl_drop_rows=0 rtl_lane_credit_min=1 rtl_lane_credit_max=1 rtl_ticket_credit_min=499 | tlm_ing_rows=1 tlm_lane_credit_min=1 tlm_effective_min=1 tlm_ticket_credit_min=465 tlm_reasons=lane_credit
component_b000_rho0800_f0245_seed7101,normal,ingress_predrop_flag_hits,7,155,2,76,0,6,6,0,rtl_ing_rows=1 rtl_drop_rows=0 rtl_lane_credit_min=1 rtl_lane_credit_max=1 rtl_ticket_credit_min=402 | tlm_ing_rows=1 tlm_lane_credit_min=1 tlm_effective_min=1 tlm_ticket_credit_min=428 tlm_reasons=lane_credit
component_b000_rho0800_f0245_seed7101,normal,ingress_predrop_flag_hits,8,164,3,60,0,6,6,0,rtl_ing_rows=1 rtl_drop_rows=0 rtl_lane_credit_min=1 rtl_lane_credit_max=1 rtl_ticket_credit_min=285 | tlm_ing_rows=1 tlm_lane_credit_min=1 tlm_effective_min=1 tlm_ticket_credit_min=398 tlm_reasons=lane_credit
component_b000_rho0800_f0245_seed7101,normal,controlled_predrop_exact_hits,1,84,2,107,0,7,7,0,rtl_ing_rows=1 rtl_drop_rows=0 rtl_lane_credit_min=226 rtl_lane_credit_max=226 rtl_ticket_credit_min=1794 | tlm_ing_rows=1 tlm_lane_credit_min=1 tlm_effective_min=1 tlm_ticket_credit_min=1422 tlm_reasons=lane_credit
component_b000_rho0800_f0245_seed7101,normal,controlled_predrop_exact_hits,2,108,2,89,0,6,6,0,rtl_ing_rows=1 rtl_drop_rows=0 rtl_lane_credit_min=15 rtl_lane_credit_max=15 rtl_ticket_credit_min=1348 | tlm_ing_rows=1 tlm_lane_credit_min=1 tlm_effective_min=1 tlm_ticket_credit_min=1034 tlm_reasons=lane_credit
component_b000_rho0800_f0245_seed7101,normal,controlled_predrop_exact_hits,3,151,3,41,0,6,6,0,rtl_ing_rows=1 rtl_drop_rows=0 rtl_lane_credit_min=71 rtl_lane_credit_max=71 rtl_ticket_credit_min=609 | tlm_ing_rows=1 tlm_lane_credit_min=1 tlm_effective_min=1 tlm_ticket_credit_min=444 tlm_reasons=lane_credit
component_b000_rho0800_f0245_seed7101,normal,controlled_predrop_exact_hits,4,166,3,71,0,6,6,0,rtl_ing_rows=1 rtl_drop_rows=0 rtl_lane_credit_min=37 rtl_lane_credit_max=37 rtl_ticket_credit_min=220 | tlm_ing_rows=1 tlm_lane_credit_min=1 tlm_effective_min=1 tlm_ticket_credit_min=311 tlm_reasons=lane_credit
component_b000_rho0800_f0245_seed7101,normal,controlled_predrop_exact_hits,5,173,3,85,6,0,-6,0,rtl_ing_rows=1 rtl_drop_rows=0 rtl_lane_credit_min=1 rtl_lane_credit_max=1 rtl_ticket_credit_min=48 | tlm_ing_rows=1 tlm_lane_credit_min=20 tlm_effective_min=20 tlm_ticket_credit_min=234 tlm_reasons=accept
component_b000_rho0800_f0245_seed7101,normal,controlled_predrop_exact_hits,6,197,1,62,0,6,6,0,rtl_ing_rows=1 rtl_drop_rows=0 rtl_lane_credit_min=24 rtl_lane_credit_max=24 rtl_ticket_credit_min=34 | tlm_ing_rows=1 tlm_lane_credit_min=1 tlm_effective_min=1 tlm_ticket_credit_min=7 tlm_reasons=lane_credit
component_b000_rho0800_f0245_seed7101,normal,controlled_predrop_exact_hits,7,75,0,120,0,5,5,0,rtl_ing_rows=1 rtl_drop_rows=0 rtl_lane_credit_min=373 rtl_lane_credit_max=373 rtl_ticket_credit_min=1973 | tlm_ing_rows=1 tlm_lane_credit_min=1 tlm_effective_min=1 tlm_ticket_credit_min=1498 tlm_reasons=lane_credit
component_b000_rho0800_f0245_seed7101,normal,controlled_predrop_exact_hits,8,76,2,119,0,5,5,0,rtl_ing_rows=1 rtl_drop_rows=0 rtl_lane_credit_min=340 rtl_lane_credit_max=340 rtl_ticket_credit_min=1997 | tlm_ing_rows=1 tlm_lane_credit_min=1 tlm_effective_min=1 tlm_ticket_credit_min=1588 tlm_reasons=lane_credit
component_b000_rho0800_f0245_seed7101,normal,pa_load_hits,1,84,2,107,7,0,-7,0,
component_b000_rho0800_f0245_seed7101,normal,pa_load_hits,2,108,2,89,6,0,-6,0,
component_b000_rho0800_f0245_seed7101,normal,pa_load_hits,3,151,3,41,6,0,-6,0,
component_b000_rho0800_f0245_seed7101,normal,pa_load_hits,4,166,3,71,6,0,-6,0,
component_b000_rho0800_f0245_seed7101,normal,pa_load_hits,5,173,3,85,0,6,6,0,
component_b000_rho0800_f0245_seed7101,normal,pa_load_hits,6,188,3,68,0,6,6,0,
component_b000_rho0800_f0245_seed7101,normal,pa_load_hits,7,197,1,62,6,0,-6,0,
component_b000_rho0800_f0245_seed7101,normal,pa_load_hits,8,20,0,112,5,0,-5,0,
component_b000_rho0800_f0245_seed7101,normal,late_drop_pa_action_hits,1,20,0,112,0,5,5,0,
component_b000_rho0800_f0245_seed7101,normal,late_drop_pa_action_hits,2,38,1,126,0,5,5,0,
component_b000_rho0800_f0245_seed7101,normal,late_drop_pa_action_hits,3,54,0,27,0,5,5,0,
component_b000_rho0800_f0245_seed7101,normal,late_drop_pa_action_hits,4,55,1,124,0,5,5,0,
component_b000_rho0800_f0245_seed7101,normal,late_drop_pa_action_hits,5,60,2,85,0,5,5,0,
component_b000_rho0800_f0245_seed7101,normal,late_drop_pa_action_hits,6,64,3,94,0,5,5,0,
component_b000_rho0800_f0245_seed7101,normal,late_drop_pa_action_hits,7,109,1,125,0,5,5,0,
component_b000_rho0800_f0245_seed7101,normal,late_drop_pa_action_hits,8,138,1,72,5,0,-5,0,
component_b000_rho0800_f0245_seed7101,normal,late_drop_control_exact_hits,1,20,0,112,0,5,5,0,
component_b000_rho0800_f0245_seed7101,normal,late_drop_control_exact_hits,2,38,1,126,0,5,5,0,
component_b000_rho0800_f0245_seed7101,normal,late_drop_control_exact_hits,3,54,0,27,0,5,5,0,
component_b000_rho0800_f0245_seed7101,normal,late_drop_control_exact_hits,4,55,1,124,0,5,5,0,
component_b000_rho0800_f0245_seed7101,normal,late_drop_control_exact_hits,5,60,2,85,0,5,5,0,
component_b000_rho0800_f0245_seed7101,normal,late_drop_control_exact_hits,6,64,3,94,0,5,5,0,
component_b000_rho0800_f0245_seed7101,normal,late_drop_control_exact_hits,7,109,1,125,0,5,5,0,
component_b000_rho0800_f0245_seed7101,normal,late_drop_control_exact_hits,8,138,1,72,5,0,-5,0,
component_b000_rho0800_f0245_seed7101,normal,transaction_deliver_hits,1,151,-1,41,11,0,-11,0,
component_b000_rho0800_f0245_seed7101,normal,transaction_deliver_hits,2,84,-1,107,10,0,-10,0,
component_b000_rho0800_f0245_seed7101,normal,transaction_deliver_hits,3,111,-1,90,10,0,-10,0,
component_b000_rho0800_f0245_seed7101,normal,transaction_deliver_hits,4,173,-1,55,0,10,10,0,
component_b000_rho0800_f0245_seed7101,normal,transaction_deliver_hits,5,64,-1,53,9,0,-9,0,
component_b000_rho0800_f0245_seed7101,normal,transaction_deliver_hits,6,73,-1,109,9,0,-9,0,
component_b000_rho0800_f0245_seed7101,normal,transaction_deliver_hits,7,81,-1,103,9,0,-9,0,
component_b000_rho0800_f0245_seed7101,normal,transaction_deliver_hits,8,97,-1,25,10,1,-9,0,
component_b000_rho0800_f0245_seed7101,normal,ingress_decision_ticket,1,70,1,73,1,0,-1,1,decision=accept | rtl_ing_rows=1 rtl_drop_rows=0 rtl_lane_credit_min=487 rtl_lane_credit_max=487 rtl_ticket_credit_min=2149 | tlm_ing_rows=1 tlm_lane_credit_min=1 tlm_effective_min=1 tlm_ticket_credit_min=1680 tlm_reasons=lane_credit
component_b000_rho0800_f0245_seed7101,normal,ingress_decision_ticket,2,70,1,73,0,1,1,0,decision=drop | rtl_ing_rows=1 rtl_drop_rows=0 rtl_lane_credit_min=487 rtl_lane_credit_max=487 rtl_ticket_credit_min=2149 | tlm_ing_rows=1 tlm_lane_credit_min=1 tlm_effective_min=1 tlm_ticket_credit_min=1680 tlm_reasons=lane_credit
component_b000_rho0800_f0245_seed7101,normal,ingress_decision_ticket,3,70,1,75,1,0,-1,0,decision=accept | rtl_ing_rows=1 rtl_drop_rows=0 rtl_lane_credit_min=486 rtl_lane_credit_max=486 rtl_ticket_credit_min=2148 | tlm_ing_rows=1 tlm_lane_credit_min=1 tlm_effective_min=1 tlm_ticket_credit_min=1679 tlm_reasons=lane_credit
component_b000_rho0800_f0245_seed7101,normal,ingress_decision_ticket,4,70,1,75,0,1,1,0,decision=drop | rtl_ing_rows=1 rtl_drop_rows=0 rtl_lane_credit_min=486 rtl_lane_credit_max=486 rtl_ticket_credit_min=2148 | tlm_ing_rows=1 tlm_lane_credit_min=1 tlm_effective_min=1 tlm_ticket_credit_min=1679 tlm_reasons=lane_credit
component_b000_rho0800_f0245_seed7101,normal,ingress_decision_ticket,5,70,1,76,1,0,-1,0,decision=accept | rtl_ing_rows=1 rtl_drop_rows=0 rtl_lane_credit_min=485 rtl_lane_credit_max=485 rtl_ticket_credit_min=2147 | tlm_ing_rows=1 tlm_lane_credit_min=1 tlm_effective_min=1 tlm_ticket_credit_min=1679 tlm_reasons=lane_credit
component_b000_rho0800_f0245_seed7101,normal,ingress_decision_ticket,6,70,1,76,0,1,1,0,decision=drop | rtl_ing_rows=1 rtl_drop_rows=0 rtl_lane_credit_min=485 rtl_lane_credit_max=485 rtl_ticket_credit_min=2147 | tlm_ing_rows=1 tlm_lane_credit_min=1 tlm_effective_min=1 tlm_ticket_credit_min=1679 tlm_reasons=lane_credit
component_b000_rho0800_f0245_seed7101,normal,ingress_decision_ticket,7,70,1,78,1,0,-1,0,decision=accept | rtl_ing_rows=1 rtl_drop_rows=0 rtl_lane_credit_min=484 rtl_lane_credit_max=484 rtl_ticket_credit_min=2145 | tlm_ing_rows=1 tlm_lane_credit_min=1 tlm_effective_min=1 tlm_ticket_credit_min=1678 tlm_reasons=lane_credit
component_b000_rho0800_f0245_seed7101,normal,ingress_decision_ticket,8,70,1,78,0,1,1,0,decision=drop | rtl_ing_rows=1 rtl_drop_rows=0 rtl_lane_credit_min=484 rtl_lane_credit_max=484 rtl_ticket_credit_min=2145 | tlm_ing_rows=1 tlm_lane_credit_min=1 tlm_effective_min=1 tlm_ticket_credit_min=1678 tlm_reasons=lane_credit
component_b000_rho0800_f0245_seed7101,forced_ingress,ingress_accept_hits,1,107,2,62,6,0,-6,0,rtl_ing_rows=1 rtl_drop_rows=0 rtl_lane_credit_min=6 rtl_lane_credit_max=6 rtl_ticket_credit_min=1369 | tlm_ing_rows=1 tlm_lane_credit_min=-582 tlm_effective_min=0 tlm_ticket_credit_min=599 tlm_reasons=rtl_forced_pre
component_b000_rho0800_f0245_seed7101,forced_ingress,ingress_accept_hits,2,141,2,44,6,0,-6,0,rtl_ing_rows=1 rtl_drop_rows=0 rtl_lane_credit_min=3 rtl_lane_credit_max=3 rtl_ticket_credit_min=727 | tlm_ing_rows=1 tlm_lane_credit_min=-296 tlm_effective_min=0 tlm_ticket_credit_min=386 tlm_reasons=rtl_forced_pre
component_b000_rho0800_f0245_seed7101,forced_ingress,ingress_accept_hits,3,152,3,83,6,0,-6,0,rtl_ing_rows=1 rtl_drop_rows=0 rtl_lane_credit_min=1 rtl_lane_credit_max=1 rtl_ticket_credit_min=499 | tlm_ing_rows=1 tlm_lane_credit_min=-182 tlm_effective_min=0 tlm_ticket_credit_min=262 tlm_reasons=rtl_forced_pre
component_b000_rho0800_f0245_seed7101,forced_ingress,ingress_accept_hits,4,155,2,76,6,0,-6,0,rtl_ing_rows=1 rtl_drop_rows=0 rtl_lane_credit_min=1 rtl_lane_credit_max=1 rtl_ticket_credit_min=402 | tlm_ing_rows=1 tlm_lane_credit_min=-93 tlm_effective_min=0 tlm_ticket_credit_min=213 tlm_reasons=rtl_forced_pre
component_b000_rho0800_f0245_seed7101,forced_ingress,ingress_accept_hits,5,164,3,60,6,0,-6,0,rtl_ing_rows=1 rtl_drop_rows=0 rtl_lane_credit_min=1 rtl_lane_credit_max=1 rtl_ticket_credit_min=285 | tlm_ing_rows=1 tlm_lane_credit_min=3 tlm_effective_min=3 tlm_ticket_credit_min=286 tlm_reasons=rtl_forced_pre
component_b000_rho0800_f0245_seed7101,forced_ingress,ingress_accept_hits,6,173,3,85,6,0,-6,0,rtl_ing_rows=1 rtl_drop_rows=0 rtl_lane_credit_min=1 rtl_lane_credit_max=1 rtl_ticket_credit_min=48 | tlm_ing_rows=1 tlm_lane_credit_min=43 tlm_effective_min=43 tlm_ticket_credit_min=215 tlm_reasons=rtl_forced_pre
component_b000_rho0800_f0245_seed7101,forced_ingress,ingress_accept_hits,7,192,0,116,6,0,-6,0,rtl_ing_rows=1 rtl_drop_rows=0 rtl_lane_credit_min=1 rtl_lane_credit_max=1 rtl_ticket_credit_min=23 | tlm_ing_rows=1 tlm_lane_credit_min=-21 tlm_effective_min=0 tlm_ticket_credit_min=-4 tlm_reasons=rtl_forced_pre
component_b000_rho0800_f0245_seed7101,forced_ingress,ingress_accept_hits,8,97,0,89,5,0,-5,0,rtl_ing_rows=1 rtl_drop_rows=0 rtl_lane_credit_min=1 rtl_lane_credit_max=1 rtl_ticket_credit_min=1482 | tlm_ing_rows=1 tlm_lane_credit_min=-602 tlm_effective_min=0 tlm_ticket_credit_min=825 tlm_reasons=rtl_forced_pre
component_b000_rho0800_f0245_seed7101,forced_ingress,ingress_predrop_flag_hits,1,107,2,62,0,6,6,0,rtl_ing_rows=1 rtl_drop_rows=0 rtl_lane_credit_min=6 rtl_lane_credit_max=6 rtl_ticket_credit_min=1369 | tlm_ing_rows=1 tlm_lane_credit_min=-582 tlm_effective_min=0 tlm_ticket_credit_min=599 tlm_reasons=rtl_forced_pre
component_b000_rho0800_f0245_seed7101,forced_ingress,ingress_predrop_flag_hits,2,141,2,44,0,6,6,0,rtl_ing_rows=1 rtl_drop_rows=0 rtl_lane_credit_min=3 rtl_lane_credit_max=3 rtl_ticket_credit_min=727 | tlm_ing_rows=1 tlm_lane_credit_min=-296 tlm_effective_min=0 tlm_ticket_credit_min=386 tlm_reasons=rtl_forced_pre
component_b000_rho0800_f0245_seed7101,forced_ingress,ingress_predrop_flag_hits,3,152,3,83,0,6,6,0,rtl_ing_rows=1 rtl_drop_rows=0 rtl_lane_credit_min=1 rtl_lane_credit_max=1 rtl_ticket_credit_min=499 | tlm_ing_rows=1 tlm_lane_credit_min=-182 tlm_effective_min=0 tlm_ticket_credit_min=262 tlm_reasons=rtl_forced_pre
component_b000_rho0800_f0245_seed7101,forced_ingress,ingress_predrop_flag_hits,4,155,2,76,0,6,6,0,rtl_ing_rows=1 rtl_drop_rows=0 rtl_lane_credit_min=1 rtl_lane_credit_max=1 rtl_ticket_credit_min=402 | tlm_ing_rows=1 tlm_lane_credit_min=-93 tlm_effective_min=0 tlm_ticket_credit_min=213 tlm_reasons=rtl_forced_pre
component_b000_rho0800_f0245_seed7101,forced_ingress,ingress_predrop_flag_hits,5,164,3,60,0,6,6,0,rtl_ing_rows=1 rtl_drop_rows=0 rtl_lane_credit_min=1 rtl_lane_credit_max=1 rtl_ticket_credit_min=285 | tlm_ing_rows=1 tlm_lane_credit_min=3 tlm_effective_min=3 tlm_ticket_credit_min=286 tlm_reasons=rtl_forced_pre
component_b000_rho0800_f0245_seed7101,forced_ingress,ingress_predrop_flag_hits,6,173,3,85,0,6,6,0,rtl_ing_rows=1 rtl_drop_rows=0 rtl_lane_credit_min=1 rtl_lane_credit_max=1 rtl_ticket_credit_min=48 | tlm_ing_rows=1 tlm_lane_credit_min=43 tlm_effective_min=43 tlm_ticket_credit_min=215 tlm_reasons=rtl_forced_pre
component_b000_rho0800_f0245_seed7101,forced_ingress,ingress_predrop_flag_hits,7,192,0,116,0,6,6,0,rtl_ing_rows=1 rtl_drop_rows=0 rtl_lane_credit_min=1 rtl_lane_credit_max=1 rtl_ticket_credit_min=23 | tlm_ing_rows=1 tlm_lane_credit_min=-21 tlm_effective_min=0 tlm_ticket_credit_min=-4 tlm_reasons=rtl_forced_pre
component_b000_rho0800_f0245_seed7101,forced_ingress,ingress_predrop_flag_hits,8,97,0,89,0,5,5,0,rtl_ing_rows=1 rtl_drop_rows=0 rtl_lane_credit_min=1 rtl_lane_credit_max=1 rtl_ticket_credit_min=1482 | tlm_ing_rows=1 tlm_lane_credit_min=-602 tlm_effective_min=0 tlm_ticket_credit_min=825 tlm_reasons=rtl_forced_pre
component_b000_rho0800_f0245_seed7101,forced_ingress,pa_load_hits,1,188,3,68,0,6,6,0,
component_b000_rho0800_f0245_seed7101,forced_ingress,pa_load_hits,2,20,0,112,5,0,-5,0,
component_b000_rho0800_f0245_seed7101,forced_ingress,pa_load_hits,3,38,1,126,5,0,-5,0,
component_b000_rho0800_f0245_seed7101,forced_ingress,pa_load_hits,4,54,0,27,5,0,-5,0,
component_b000_rho0800_f0245_seed7101,forced_ingress,pa_load_hits,5,55,1,124,5,0,-5,0,
component_b000_rho0800_f0245_seed7101,forced_ingress,pa_load_hits,6,60,2,85,5,0,-5,0,
component_b000_rho0800_f0245_seed7101,forced_ingress,pa_load_hits,7,64,3,94,5,0,-5,0,
component_b000_rho0800_f0245_seed7101,forced_ingress,pa_load_hits,8,109,1,125,5,0,-5,0,
component_b000_rho0800_f0245_seed7101,forced_ingress,late_drop_pa_action_hits,1,20,0,112,0,5,5,0,
component_b000_rho0800_f0245_seed7101,forced_ingress,late_drop_pa_action_hits,2,38,1,126,0,5,5,0,
component_b000_rho0800_f0245_seed7101,forced_ingress,late_drop_pa_action_hits,3,54,0,27,0,5,5,0,
component_b000_rho0800_f0245_seed7101,forced_ingress,late_drop_pa_action_hits,4,55,1,124,0,5,5,0,
component_b000_rho0800_f0245_seed7101,forced_ingress,late_drop_pa_action_hits,5,60,2,85,0,5,5,0,
component_b000_rho0800_f0245_seed7101,forced_ingress,late_drop_pa_action_hits,6,64,3,94,0,5,5,0,
component_b000_rho0800_f0245_seed7101,forced_ingress,late_drop_pa_action_hits,7,109,1,125,0,5,5,0,
component_b000_rho0800_f0245_seed7101,forced_ingress,late_drop_pa_action_hits,8,180,1,28,5,0,-5,0,
component_b000_rho0800_f0245_seed7101,forced_ingress,late_drop_control_exact_hits,1,20,0,112,0,5,5,0,
component_b000_rho0800_f0245_seed7101,forced_ingress,late_drop_control_exact_hits,2,38,1,126,0,5,5,0,
component_b000_rho0800_f0245_seed7101,forced_ingress,late_drop_control_exact_hits,3,54,0,27,0,5,5,0,
component_b000_rho0800_f0245_seed7101,forced_ingress,late_drop_control_exact_hits,4,55,1,124,0,5,5,0,
component_b000_rho0800_f0245_seed7101,forced_ingress,late_drop_control_exact_hits,5,60,2,85,0,5,5,0,
component_b000_rho0800_f0245_seed7101,forced_ingress,late_drop_control_exact_hits,6,64,3,94,0,5,5,0,
component_b000_rho0800_f0245_seed7101,forced_ingress,late_drop_control_exact_hits,7,109,1,125,0,5,5,0,
component_b000_rho0800_f0245_seed7101,forced_ingress,late_drop_control_exact_hits,8,180,1,28,5,0,-5,0,
component_b000_rho0800_f0245_seed7101,forced_ingress,transaction_deliver_hits,1,222,-1,85,0,10,10,0,
component_b000_rho0800_f0245_seed7101,forced_ingress,transaction_deliver_hits,2,64,-1,53,9,0,-9,0,
component_b000_rho0800_f0245_seed7101,forced_ingress,transaction_deliver_hits,3,84,-1,39,10,1,-9,0,
component_b000_rho0800_f0245_seed7101,forced_ingress,transaction_deliver_hits,4,180,-1,37,0,9,9,0,
component_b000_rho0800_f0245_seed7101,forced_ingress,transaction_deliver_hits,5,187,-1,10,0,9,9,0,
component_b000_rho0800_f0245_seed7101,forced_ingress,transaction_deliver_hits,6,189,-1,11,0,9,9,0,
component_b000_rho0800_f0245_seed7101,forced_ingress,transaction_deliver_hits,7,208,-1,53,0,9,9,0,
component_b000_rho0800_f0245_seed7101,forced_ingress,transaction_deliver_hits,8,80,-1,114,8,0,-8,0,
component_b000_rho0800_f0245_seed7101,forced_ingress,ingress_decision_ticket,1,90,3,101,1,0,-1,1,decision=accept | rtl_ing_rows=1 rtl_drop_rows=0 rtl_lane_credit_min=1 rtl_lane_credit_max=1 rtl_ticket_credit_min=1593 | tlm_ing_rows=1 tlm_lane_credit_min=-455 tlm_effective_min=0 tlm_ticket_credit_min=1027 tlm_reasons=rtl_forced_pre
component_b000_rho0800_f0245_seed7101,forced_ingress,ingress_decision_ticket,2,90,3,101,0,1,1,0,decision=drop | rtl_ing_rows=1 rtl_drop_rows=0 rtl_lane_credit_min=1 rtl_lane_credit_max=1 rtl_ticket_credit_min=1593 | tlm_ing_rows=1 tlm_lane_credit_min=-455 tlm_effective_min=0 tlm_ticket_credit_min=1027 tlm_reasons=rtl_forced_pre
component_b000_rho0800_f0245_seed7101,forced_ingress,ingress_decision_ticket,3,90,3,102,1,0,-1,0,decision=accept | rtl_ing_rows=1 rtl_drop_rows=0 rtl_lane_credit_min=1 rtl_lane_credit_max=1 rtl_ticket_credit_min=1594 | tlm_ing_rows=1 tlm_lane_credit_min=-455 tlm_effective_min=0 tlm_ticket_credit_min=1027 tlm_reasons=rtl_forced_pre
component_b000_rho0800_f0245_seed7101,forced_ingress,ingress_decision_ticket,4,90,3,102,0,1,1,0,decision=drop | rtl_ing_rows=1 rtl_drop_rows=0 rtl_lane_credit_min=1 rtl_lane_credit_max=1 rtl_ticket_credit_min=1594 | tlm_ing_rows=1 tlm_lane_credit_min=-455 tlm_effective_min=0 tlm_ticket_credit_min=1027 tlm_reasons=rtl_forced_pre
component_b000_rho0800_f0245_seed7101,forced_ingress,ingress_decision_ticket,5,90,3,103,1,0,-1,0,decision=accept | rtl_ing_rows=1 rtl_drop_rows=0 rtl_lane_credit_min=1 rtl_lane_credit_max=1 rtl_ticket_credit_min=1594 | tlm_ing_rows=1 tlm_lane_credit_min=-455 tlm_effective_min=0 tlm_ticket_credit_min=1027 tlm_reasons=rtl_forced_pre
component_b000_rho0800_f0245_seed7101,forced_ingress,ingress_decision_ticket,6,90,3,103,0,1,1,0,decision=drop | rtl_ing_rows=1 rtl_drop_rows=0 rtl_lane_credit_min=1 rtl_lane_credit_max=1 rtl_ticket_credit_min=1594 | tlm_ing_rows=1 tlm_lane_credit_min=-455 tlm_effective_min=0 tlm_ticket_credit_min=1027 tlm_reasons=rtl_forced_pre
component_b000_rho0800_f0245_seed7101,forced_ingress,ingress_decision_ticket,7,90,3,104,1,0,-1,0,decision=accept | rtl_ing_rows=1 rtl_drop_rows=0 rtl_lane_credit_min=1 rtl_lane_credit_max=1 rtl_ticket_credit_min=1594 | tlm_ing_rows=1 tlm_lane_credit_min=-455 tlm_effective_min=0 tlm_ticket_credit_min=1027 tlm_reasons=rtl_forced_pre
component_b000_rho0800_f0245_seed7101,forced_ingress,ingress_decision_ticket,8,90,3,104,0,1,1,0,decision=drop | rtl_ing_rows=1 rtl_drop_rows=0 rtl_lane_credit_min=1 rtl_lane_credit_max=1 rtl_ticket_credit_min=1594 | tlm_ing_rows=1 tlm_lane_credit_min=-455 tlm_effective_min=0 tlm_ticket_credit_min=1027 tlm_reasons=rtl_forced_pre
component_b000_rho0800_f0245_seed7102,normal,ingress_accept_hits,1,92,0,106,6,0,-6,0,rtl_ing_rows=1 rtl_drop_rows=0 rtl_lane_credit_min=33 rtl_lane_credit_max=33 rtl_ticket_credit_min=1537 | tlm_ing_rows=1 tlm_lane_credit_min=1 tlm_effective_min=1 tlm_ticket_credit_min=1282 tlm_reasons=lane_credit
component_b000_rho0800_f0245_seed7102,normal,ingress_accept_hits,2,105,0,46,6,0,-6,0,rtl_ing_rows=1 rtl_drop_rows=0 rtl_lane_credit_min=17 rtl_lane_credit_max=17 rtl_ticket_credit_min=1418 | tlm_ing_rows=1 tlm_lane_credit_min=1 tlm_effective_min=1 tlm_ticket_credit_min=1152 tlm_reasons=lane_credit
component_b000_rho0800_f0245_seed7102,normal,ingress_accept_hits,3,153,1,30,6,0,-6,0,rtl_ing_rows=1 rtl_drop_rows=0 rtl_lane_credit_min=18 rtl_lane_credit_max=18 rtl_ticket_credit_min=549 | tlm_ing_rows=1 tlm_lane_credit_min=2 tlm_effective_min=2 tlm_ticket_credit_min=417 tlm_reasons=lane_credit
component_b000_rho0800_f0245_seed7102,normal,ingress_accept_hits,4,157,2,78,6,0,-6,0,rtl_ing_rows=1 rtl_drop_rows=0 rtl_lane_credit_min=2 rtl_lane_credit_max=2 rtl_ticket_credit_min=360 | tlm_ing_rows=1 tlm_lane_credit_min=1 tlm_effective_min=1 tlm_ticket_credit_min=327 tlm_reasons=lane_credit
component_b000_rho0800_f0245_seed7102,normal,ingress_accept_hits,5,193,0,43,6,0,-6,0,rtl_ing_rows=1 rtl_drop_rows=0 rtl_lane_credit_min=2 rtl_lane_credit_max=2 rtl_ticket_credit_min=9 | tlm_ing_rows=1 tlm_lane_credit_min=1 tlm_effective_min=1 tlm_ticket_credit_min=41 tlm_reasons=lane_credit
component_b000_rho0800_f0245_seed7102,normal,ingress_accept_hits,6,202,2,61,6,0,-6,0,rtl_ing_rows=1 rtl_drop_rows=0 rtl_lane_credit_min=1 rtl_lane_credit_max=1 rtl_ticket_credit_min=0 | tlm_ing_rows=1 tlm_lane_credit_min=1 tlm_effective_min=1 tlm_ticket_credit_min=25 tlm_reasons=lane_credit
component_b000_rho0800_f0245_seed7102,normal,ingress_accept_hits,7,209,0,22,6,0,-6,0,rtl_ing_rows=1 rtl_drop_rows=0 rtl_lane_credit_min=27 rtl_lane_credit_max=27 rtl_ticket_credit_min=34 | tlm_ing_rows=1 tlm_lane_credit_min=1 tlm_effective_min=1 tlm_ticket_credit_min=29 tlm_reasons=lane_credit
component_b000_rho0800_f0245_seed7102,normal,ingress_accept_hits,8,214,0,13,6,0,-6,0,rtl_ing_rows=1 rtl_drop_rows=0 rtl_lane_credit_min=21 rtl_lane_credit_max=21 rtl_ticket_credit_min=28 | tlm_ing_rows=1 tlm_lane_credit_min=2 tlm_effective_min=2 tlm_ticket_credit_min=128 tlm_reasons=lane_credit
component_b000_rho0800_f0245_seed7102,normal,ingress_predrop_flag_hits,1,92,0,106,0,6,6,0,rtl_ing_rows=1 rtl_drop_rows=0 rtl_lane_credit_min=33 rtl_lane_credit_max=33 rtl_ticket_credit_min=1537 | tlm_ing_rows=1 tlm_lane_credit_min=1 tlm_effective_min=1 tlm_ticket_credit_min=1282 tlm_reasons=lane_credit
component_b000_rho0800_f0245_seed7102,normal,ingress_predrop_flag_hits,2,105,0,46,0,6,6,0,rtl_ing_rows=1 rtl_drop_rows=0 rtl_lane_credit_min=17 rtl_lane_credit_max=17 rtl_ticket_credit_min=1418 | tlm_ing_rows=1 tlm_lane_credit_min=1 tlm_effective_min=1 tlm_ticket_credit_min=1152 tlm_reasons=lane_credit
component_b000_rho0800_f0245_seed7102,normal,ingress_predrop_flag_hits,3,153,1,30,0,6,6,0,rtl_ing_rows=1 rtl_drop_rows=0 rtl_lane_credit_min=18 rtl_lane_credit_max=18 rtl_ticket_credit_min=549 | tlm_ing_rows=1 tlm_lane_credit_min=2 tlm_effective_min=2 tlm_ticket_credit_min=417 tlm_reasons=lane_credit
component_b000_rho0800_f0245_seed7102,normal,ingress_predrop_flag_hits,4,157,2,78,0,6,6,0,rtl_ing_rows=1 rtl_drop_rows=0 rtl_lane_credit_min=2 rtl_lane_credit_max=2 rtl_ticket_credit_min=360 | tlm_ing_rows=1 tlm_lane_credit_min=1 tlm_effective_min=1 tlm_ticket_credit_min=327 tlm_reasons=lane_credit
component_b000_rho0800_f0245_seed7102,normal,ingress_predrop_flag_hits,5,193,0,43,0,6,6,0,rtl_ing_rows=1 rtl_drop_rows=0 rtl_lane_credit_min=2 rtl_lane_credit_max=2 rtl_ticket_credit_min=9 | tlm_ing_rows=1 tlm_lane_credit_min=1 tlm_effective_min=1 tlm_ticket_credit_min=41 tlm_reasons=lane_credit
component_b000_rho0800_f0245_seed7102,normal,ingress_predrop_flag_hits,6,202,2,61,0,6,6,0,rtl_ing_rows=1 rtl_drop_rows=0 rtl_lane_credit_min=1 rtl_lane_credit_max=1 rtl_ticket_credit_min=0 | tlm_ing_rows=1 tlm_lane_credit_min=1 tlm_effective_min=1 tlm_ticket_credit_min=25 tlm_reasons=lane_credit
component_b000_rho0800_f0245_seed7102,normal,ingress_predrop_flag_hits,7,209,0,22,0,6,6,0,rtl_ing_rows=1 rtl_drop_rows=0 rtl_lane_credit_min=27 rtl_lane_credit_max=27 rtl_ticket_credit_min=34 | tlm_ing_rows=1 tlm_lane_credit_min=1 tlm_effective_min=1 tlm_ticket_credit_min=29 tlm_reasons=lane_credit
component_b000_rho0800_f0245_seed7102,normal,ingress_predrop_flag_hits,8,214,0,13,0,6,6,0,rtl_ing_rows=1 rtl_drop_rows=0 rtl_lane_credit_min=21 rtl_lane_credit_max=21 rtl_ticket_credit_min=28 | tlm_ing_rows=1 tlm_lane_credit_min=2 tlm_effective_min=2 tlm_ticket_credit_min=128 tlm_reasons=lane_credit
component_b000_rho0800_f0245_seed7102,normal,controlled_predrop_exact_hits,1,92,0,106,0,6,6,0,rtl_ing_rows=1 rtl_drop_rows=0 rtl_lane_credit_min=33 rtl_lane_credit_max=33 rtl_ticket_credit_min=1537 | tlm_ing_rows=1 tlm_lane_credit_min=1 tlm_effective_min=1 tlm_ticket_credit_min=1282 tlm_reasons=lane_credit
component_b000_rho0800_f0245_seed7102,normal,controlled_predrop_exact_hits,2,105,0,46,0,6,6,0,rtl_ing_rows=1 rtl_drop_rows=0 rtl_lane_credit_min=17 rtl_lane_credit_max=17 rtl_ticket_credit_min=1418 | tlm_ing_rows=1 tlm_lane_credit_min=1 tlm_effective_min=1 tlm_ticket_credit_min=1152 tlm_reasons=lane_credit
component_b000_rho0800_f0245_seed7102,normal,controlled_predrop_exact_hits,3,141,0,28,6,0,-6,0,rtl_ing_rows=1 rtl_drop_rows=0 rtl_lane_credit_min=1 rtl_lane_credit_max=1 rtl_ticket_credit_min=686 | tlm_ing_rows=1 tlm_lane_credit_min=54 tlm_effective_min=54 tlm_ticket_credit_min=564 tlm_reasons=accept
component_b000_rho0800_f0245_seed7102,normal,controlled_predrop_exact_hits,4,153,1,30,0,6,6,0,rtl_ing_rows=1 rtl_drop_rows=0 rtl_lane_credit_min=18 rtl_lane_credit_max=18 rtl_ticket_credit_min=549 | tlm_ing_rows=1 tlm_lane_credit_min=2 tlm_effective_min=2 tlm_ticket_credit_min=417 tlm_reasons=lane_credit
component_b000_rho0800_f0245_seed7102,normal,controlled_predrop_exact_hits,5,209,0,22,0,6,6,0,rtl_ing_rows=1 rtl_drop_rows=0 rtl_lane_credit_min=27 rtl_lane_credit_max=27 rtl_ticket_credit_min=34 | tlm_ing_rows=1 tlm_lane_credit_min=1 tlm_effective_min=1 tlm_ticket_credit_min=29 tlm_reasons=lane_credit
component_b000_rho0800_f0245_seed7102,normal,controlled_predrop_exact_hits,6,214,0,13,0,6,6,0,rtl_ing_rows=1 rtl_drop_rows=0 rtl_lane_credit_min=21 rtl_lane_credit_max=21 rtl_ticket_credit_min=28 | tlm_ing_rows=1 tlm_lane_credit_min=2 tlm_effective_min=2 tlm_ticket_credit_min=128 tlm_reasons=lane_credit
component_b000_rho0800_f0245_seed7102,normal,controlled_predrop_exact_hits,7,230,1,4,0,6,6,0,rtl_ing_rows=1 rtl_drop_rows=0 rtl_lane_credit_min=8 rtl_lane_credit_max=8 rtl_ticket_credit_min=33 | tlm_ing_rows=1 tlm_lane_credit_min=6 tlm_effective_min=6 tlm_ticket_credit_min=69 tlm_reasons=lane_credit
component_b000_rho0800_f0245_seed7102,normal,controlled_predrop_exact_hits,8,76,3,96,0,5,5,0,rtl_ing_rows=1 rtl_drop_rows=0 rtl_lane_credit_min=448 rtl_lane_credit_max=448 rtl_ticket_credit_min=2017 | tlm_ing_rows=1 tlm_lane_credit_min=1 tlm_effective_min=1 tlm_ticket_credit_min=1540 tlm_reasons=lane_credit
component_b000_rho0800_f0245_seed7102,normal,pa_load_hits,1,56,3,98,6,0,-6,0,
component_b000_rho0800_f0245_seed7102,normal,pa_load_hits,2,92,0,106,6,0,-6,0,
component_b000_rho0800_f0245_seed7102,normal,pa_load_hits,3,105,0,46,6,0,-6,0,
component_b000_rho0800_f0245_seed7102,normal,pa_load_hits,4,141,0,28,0,6,6,0,
component_b000_rho0800_f0245_seed7102,normal,pa_load_hits,5,153,1,30,6,0,-6,0,
component_b000_rho0800_f0245_seed7102,normal,pa_load_hits,6,230,1,4,6,0,-6,0,
component_b000_rho0800_f0245_seed7102,normal,pa_load_hits,7,8,2,50,5,0,-5,0,
component_b000_rho0800_f0245_seed7102,normal,pa_load_hits,8,20,0,97,5,0,-5,0,
component_b000_rho0800_f0245_seed7102,normal,late_drop_pa_action_hits,1,56,3,98,0,6,6,0,
component_b000_rho0800_f0245_seed7102,normal,late_drop_pa_action_hits,2,209,0,22,6,0,-6,0,
component_b000_rho0800_f0245_seed7102,normal,late_drop_pa_action_hits,3,214,0,13,6,0,-6,0,
component_b000_rho0800_f0245_seed7102,normal,late_drop_pa_action_hits,4,8,2,50,0,5,5,0,
component_b000_rho0800_f0245_seed7102,normal,late_drop_pa_action_hits,5,20,0,97,0,5,5,0,
component_b000_rho0800_f0245_seed7102,normal,late_drop_pa_action_hits,6,20,1,15,0,5,5,0,
component_b000_rho0800_f0245_seed7102,normal,late_drop_pa_action_hits,7,22,0,111,0,5,5,0,
component_b000_rho0800_f0245_seed7102,normal,late_drop_pa_action_hits,8,36,2,25,0,5,5,0,
component_b000_rho0800_f0245_seed7102,normal,late_drop_control_exact_hits,1,56,3,98,0,6,6,0,
component_b000_rho0800_f0245_seed7102,normal,late_drop_control_exact_hits,2,209,0,22,6,0,-6,0,
component_b000_rho0800_f0245_seed7102,normal,late_drop_control_exact_hits,3,214,0,13,6,0,-6,0,
component_b000_rho0800_f0245_seed7102,normal,late_drop_control_exact_hits,4,8,2,50,0,5,5,0,
component_b000_rho0800_f0245_seed7102,normal,late_drop_control_exact_hits,5,20,0,97,0,5,5,0,
component_b000_rho0800_f0245_seed7102,normal,late_drop_control_exact_hits,6,20,1,15,0,5,5,0,
component_b000_rho0800_f0245_seed7102,normal,late_drop_control_exact_hits,7,22,0,111,0,5,5,0,
component_b000_rho0800_f0245_seed7102,normal,late_drop_control_exact_hits,8,36,2,25,0,5,5,0,
component_b000_rho0800_f0245_seed7102,normal,transaction_deliver_hits,1,232,-1,13,0,12,12,0,
component_b000_rho0800_f0245_seed7102,normal,transaction_deliver_hits,2,102,-1,56,10,0,-10,0,
component_b000_rho0800_f0245_seed7102,normal,transaction_deliver_hits,3,105,-1,15,10,0,-10,0,
component_b000_rho0800_f0245_seed7102,normal,transaction_deliver_hits,4,162,-1,71,10,0,-10,0,
component_b000_rho0800_f0245_seed7102,normal,transaction_deliver_hits,5,168,-1,39,0,10,10,0,
component_b000_rho0800_f0245_seed7102,normal,transaction_deliver_hits,6,186,-1,13,0,10,10,0,
component_b000_rho0800_f0245_seed7102,normal,transaction_deliver_hits,7,202,-1,12,0,10,10,0,
component_b000_rho0800_f0245_seed7102,normal,transaction_deliver_hits,8,215,-1,78,0,10,10,0,
component_b000_rho0800_f0245_seed7102,normal,ingress_decision_ticket,1,70,1,23,1,0,-1,1,decision=accept | rtl_ing_rows=1 rtl_drop_rows=0 rtl_lane_credit_min=465 rtl_lane_credit_max=465 rtl_ticket_credit_min=2195 | tlm_ing_rows=1 tlm_lane_credit_min=2 tlm_effective_min=2 tlm_ticket_credit_min=1726 tlm_reasons=lane_credit
component_b000_rho0800_f0245_seed7102,normal,ingress_decision_ticket,2,70,1,23,0,1,1,0,decision=drop | rtl_ing_rows=1 rtl_drop_rows=0 rtl_lane_credit_min=465 rtl_lane_credit_max=465 rtl_ticket_credit_min=2195 | tlm_ing_rows=1 tlm_lane_credit_min=2 tlm_effective_min=2 tlm_ticket_credit_min=1726 tlm_reasons=lane_credit
component_b000_rho0800_f0245_seed7102,normal,ingress_decision_ticket,3,70,1,24,1,0,-1,0,decision=accept | rtl_ing_rows=1 rtl_drop_rows=0 rtl_lane_credit_min=463 rtl_lane_credit_max=463 rtl_ticket_credit_min=2194 | tlm_ing_rows=1 tlm_lane_credit_min=2 tlm_effective_min=2 tlm_ticket_credit_min=1726 tlm_reasons=lane_credit
component_b000_rho0800_f0245_seed7102,normal,ingress_decision_ticket,4,70,1,24,0,1,1,0,decision=drop | rtl_ing_rows=1 rtl_drop_rows=0 rtl_lane_credit_min=463 rtl_lane_credit_max=463 rtl_ticket_credit_min=2194 | tlm_ing_rows=1 tlm_lane_credit_min=2 tlm_effective_min=2 tlm_ticket_credit_min=1726 tlm_reasons=lane_credit
component_b000_rho0800_f0245_seed7102,normal,ingress_decision_ticket,5,70,1,27,1,0,-1,0,decision=accept | rtl_ing_rows=1 rtl_drop_rows=0 rtl_lane_credit_min=461 rtl_lane_credit_max=461 rtl_ticket_credit_min=2192 | tlm_ing_rows=1 tlm_lane_credit_min=2 tlm_effective_min=2 tlm_ticket_credit_min=1724 tlm_reasons=lane_credit
component_b000_rho0800_f0245_seed7102,normal,ingress_decision_ticket,6,70,1,27,0,1,1,0,decision=drop | rtl_ing_rows=1 rtl_drop_rows=0 rtl_lane_credit_min=461 rtl_lane_credit_max=461 rtl_ticket_credit_min=2192 | tlm_ing_rows=1 tlm_lane_credit_min=2 tlm_effective_min=2 tlm_ticket_credit_min=1724 tlm_reasons=lane_credit
component_b000_rho0800_f0245_seed7102,normal,ingress_decision_ticket,7,70,1,28,1,0,-1,0,decision=accept | rtl_ing_rows=1 rtl_drop_rows=0 rtl_lane_credit_min=459 rtl_lane_credit_max=459 rtl_ticket_credit_min=2191 | tlm_ing_rows=1 tlm_lane_credit_min=2 tlm_effective_min=2 tlm_ticket_credit_min=1724 tlm_reasons=lane_credit
component_b000_rho0800_f0245_seed7102,normal,ingress_decision_ticket,8,70,1,28,0,1,1,0,decision=drop | rtl_ing_rows=1 rtl_drop_rows=0 rtl_lane_credit_min=459 rtl_lane_credit_max=459 rtl_ticket_credit_min=2191 | tlm_ing_rows=1 tlm_lane_credit_min=2 tlm_effective_min=2 tlm_ticket_credit_min=1724 tlm_reasons=lane_credit
component_b000_rho0800_f0245_seed7102,forced_ingress,ingress_accept_hits,1,141,0,28,6,0,-6,0,rtl_ing_rows=1 rtl_drop_rows=0 rtl_lane_credit_min=1 rtl_lane_credit_max=1 rtl_ticket_credit_min=686 | tlm_ing_rows=1 tlm_lane_credit_min=-274 tlm_effective_min=0 tlm_ticket_credit_min=414 tlm_reasons=rtl_forced_pre
component_b000_rho0800_f0245_seed7102,forced_ingress,ingress_accept_hits,2,157,2,78,6,0,-6,0,rtl_ing_rows=1 rtl_drop_rows=0 rtl_lane_credit_min=2 rtl_lane_credit_max=2 rtl_ticket_credit_min=360 | tlm_ing_rows=1 tlm_lane_credit_min=-112 tlm_effective_min=0 tlm_ticket_credit_min=247 tlm_reasons=rtl_forced_pre
component_b000_rho0800_f0245_seed7102,forced_ingress,ingress_accept_hits,3,193,0,43,6,0,-6,0,rtl_ing_rows=1 rtl_drop_rows=0 rtl_lane_credit_min=2 rtl_lane_credit_max=2 rtl_ticket_credit_min=9 | tlm_ing_rows=1 tlm_lane_credit_min=77 tlm_effective_min=77 tlm_ticket_credit_min=40 tlm_reasons=rtl_forced_pre
component_b000_rho0800_f0245_seed7102,forced_ingress,ingress_accept_hits,4,202,2,61,6,0,-6,0,rtl_ing_rows=1 rtl_drop_rows=0 rtl_lane_credit_min=1 rtl_lane_credit_max=1 rtl_ticket_credit_min=0 | tlm_ing_rows=1 tlm_lane_credit_min=26 tlm_effective_min=26 tlm_ticket_credit_min=-69 tlm_reasons=rtl_forced_pre
component_b000_rho0800_f0245_seed7102,forced_ingress,ingress_accept_hits,5,216,1,80,6,0,-6,0,rtl_ing_rows=1 rtl_drop_rows=0 rtl_lane_credit_min=1 rtl_lane_credit_max=1 rtl_ticket_credit_min=0 | tlm_ing_rows=1 tlm_lane_credit_min=-268 tlm_effective_min=0 tlm_ticket_credit_min=-531 tlm_reasons=rtl_forced_pre
component_b000_rho0800_f0245_seed7102,forced_ingress,ingress_accept_hits,6,100,1,55,5,0,-5,0,rtl_ing_rows=1 rtl_drop_rows=0 rtl_lane_credit_min=1 rtl_lane_credit_max=1 rtl_ticket_credit_min=1489 | tlm_ing_rows=1 tlm_lane_credit_min=-596 tlm_effective_min=0 tlm_ticket_credit_min=830 tlm_reasons=rtl_forced_pre
component_b000_rho0800_f0245_seed7102,forced_ingress,ingress_accept_hits,7,100,2,94,5,0,-5,0,rtl_ing_rows=1 rtl_drop_rows=0 rtl_lane_credit_min=1 rtl_lane_credit_max=1 rtl_ticket_credit_min=1458 | tlm_ing_rows=1 tlm_lane_credit_min=-614 tlm_effective_min=0 tlm_ticket_credit_min=799 tlm_reasons=rtl_forced_pre
component_b000_rho0800_f0245_seed7102,forced_ingress,ingress_accept_hits,8,108,3,95,5,0,-5,0,rtl_ing_rows=1 rtl_drop_rows=0 rtl_lane_credit_min=1 rtl_lane_credit_max=1 rtl_ticket_credit_min=1387 | tlm_ing_rows=1 tlm_lane_credit_min=-683 tlm_effective_min=0 tlm_ticket_credit_min=644 tlm_reasons=rtl_forced_pre
component_b000_rho0800_f0245_seed7102,forced_ingress,ingress_predrop_flag_hits,1,141,0,28,0,6,6,0,rtl_ing_rows=1 rtl_drop_rows=0 rtl_lane_credit_min=1 rtl_lane_credit_max=1 rtl_ticket_credit_min=686 | tlm_ing_rows=1 tlm_lane_credit_min=-274 tlm_effective_min=0 tlm_ticket_credit_min=414 tlm_reasons=rtl_forced_pre
component_b000_rho0800_f0245_seed7102,forced_ingress,ingress_predrop_flag_hits,2,157,2,78,0,6,6,0,rtl_ing_rows=1 rtl_drop_rows=0 rtl_lane_credit_min=2 rtl_lane_credit_max=2 rtl_ticket_credit_min=360 | tlm_ing_rows=1 tlm_lane_credit_min=-112 tlm_effective_min=0 tlm_ticket_credit_min=247 tlm_reasons=rtl_forced_pre
component_b000_rho0800_f0245_seed7102,forced_ingress,ingress_predrop_flag_hits,3,193,0,43,0,6,6,0,rtl_ing_rows=1 rtl_drop_rows=0 rtl_lane_credit_min=2 rtl_lane_credit_max=2 rtl_ticket_credit_min=9 | tlm_ing_rows=1 tlm_lane_credit_min=77 tlm_effective_min=77 tlm_ticket_credit_min=40 tlm_reasons=rtl_forced_pre
component_b000_rho0800_f0245_seed7102,forced_ingress,ingress_predrop_flag_hits,4,202,2,61,0,6,6,0,rtl_ing_rows=1 rtl_drop_rows=0 rtl_lane_credit_min=1 rtl_lane_credit_max=1 rtl_ticket_credit_min=0 | tlm_ing_rows=1 tlm_lane_credit_min=26 tlm_effective_min=26 tlm_ticket_credit_min=-69 tlm_reasons=rtl_forced_pre
component_b000_rho0800_f0245_seed7102,forced_ingress,ingress_predrop_flag_hits,5,216,1,80,0,6,6,0,rtl_ing_rows=1 rtl_drop_rows=0 rtl_lane_credit_min=1 rtl_lane_credit_max=1 rtl_ticket_credit_min=0 | tlm_ing_rows=1 tlm_lane_credit_min=-268 tlm_effective_min=0 tlm_ticket_credit_min=-531 tlm_reasons=rtl_forced_pre
component_b000_rho0800_f0245_seed7102,forced_ingress,ingress_predrop_flag_hits,6,100,1,55,0,5,5,0,rtl_ing_rows=1 rtl_drop_rows=0 rtl_lane_credit_min=1 rtl_lane_credit_max=1 rtl_ticket_credit_min=1489 | tlm_ing_rows=1 tlm_lane_credit_min=-596 tlm_effective_min=0 tlm_ticket_credit_min=830 tlm_reasons=rtl_forced_pre
component_b000_rho0800_f0245_seed7102,forced_ingress,ingress_predrop_flag_hits,7,100,2,94,0,5,5,0,rtl_ing_rows=1 rtl_drop_rows=0 rtl_lane_credit_min=1 rtl_lane_credit_max=1 rtl_ticket_credit_min=1458 | tlm_ing_rows=1 tlm_lane_credit_min=-614 tlm_effective_min=0 tlm_ticket_credit_min=799 tlm_reasons=rtl_forced_pre
component_b000_rho0800_f0245_seed7102,forced_ingress,ingress_predrop_flag_hits,8,108,3,95,0,5,5,0,rtl_ing_rows=1 rtl_drop_rows=0 rtl_lane_credit_min=1 rtl_lane_credit_max=1 rtl_ticket_credit_min=1387 | tlm_ing_rows=1 tlm_lane_credit_min=-683 tlm_effective_min=0 tlm_ticket_credit_min=644 tlm_reasons=rtl_forced_pre
component_b000_rho0800_f0245_seed7102,forced_ingress,pa_load_hits,1,56,3,98,6,0,-6,0,
component_b000_rho0800_f0245_seed7102,forced_ingress,pa_load_hits,2,209,0,22,0,6,6,0,
component_b000_rho0800_f0245_seed7102,forced_ingress,pa_load_hits,3,214,0,13,0,6,6,0,
component_b000_rho0800_f0245_seed7102,forced_ingress,pa_load_hits,4,8,2,50,5,0,-5,0,
component_b000_rho0800_f0245_seed7102,forced_ingress,pa_load_hits,5,20,0,97,5,0,-5,0,
component_b000_rho0800_f0245_seed7102,forced_ingress,pa_load_hits,6,20,1,15,5,0,-5,0,
component_b000_rho0800_f0245_seed7102,forced_ingress,pa_load_hits,7,22,0,111,5,0,-5,0,
component_b000_rho0800_f0245_seed7102,forced_ingress,pa_load_hits,8,36,2,25,5,0,-5,0,
component_b000_rho0800_f0245_seed7102,forced_ingress,late_drop_pa_action_hits,1,56,3,98,0,6,6,0,
component_b000_rho0800_f0245_seed7102,forced_ingress,late_drop_pa_action_hits,2,209,0,22,6,0,-6,0,
component_b000_rho0800_f0245_seed7102,forced_ingress,late_drop_pa_action_hits,3,214,0,13,6,0,-6,0,
component_b000_rho0800_f0245_seed7102,forced_ingress,late_drop_pa_action_hits,4,8,2,50,0,5,5,0,
component_b000_rho0800_f0245_seed7102,forced_ingress,late_drop_pa_action_hits,5,20,0,97,0,5,5,0,
component_b000_rho0800_f0245_seed7102,forced_ingress,late_drop_pa_action_hits,6,20,1,15,0,5,5,0,
component_b000_rho0800_f0245_seed7102,forced_ingress,late_drop_pa_action_hits,7,22,0,111,0,5,5,0,
component_b000_rho0800_f0245_seed7102,forced_ingress,late_drop_pa_action_hits,8,36,2,25,0,5,5,0,
component_b000_rho0800_f0245_seed7102,forced_ingress,late_drop_control_exact_hits,1,56,3,98,0,6,6,0,
component_b000_rho0800_f0245_seed7102,forced_ingress,late_drop_control_exact_hits,2,209,0,22,6,0,-6,0,
component_b000_rho0800_f0245_seed7102,forced_ingress,late_drop_control_exact_hits,3,214,0,13,6,0,-6,0,
component_b000_rho0800_f0245_seed7102,forced_ingress,late_drop_control_exact_hits,4,8,2,50,0,5,5,0,
component_b000_rho0800_f0245_seed7102,forced_ingress,late_drop_control_exact_hits,5,20,0,97,0,5,5,0,
component_b000_rho0800_f0245_seed7102,forced_ingress,late_drop_control_exact_hits,6,20,1,15,0,5,5,0,
component_b000_rho0800_f0245_seed7102,forced_ingress,late_drop_control_exact_hits,7,22,0,111,0,5,5,0,
component_b000_rho0800_f0245_seed7102,forced_ingress,late_drop_control_exact_hits,8,36,2,25,0,5,5,0,
component_b000_rho0800_f0245_seed7102,forced_ingress,transaction_deliver_hits,1,229,-1,11,0,12,12,0,
component_b000_rho0800_f0245_seed7102,forced_ingress,transaction_deliver_hits,2,181,-1,48,0,10,10,0,
component_b000_rho0800_f0245_seed7102,forced_ingress,transaction_deliver_hits,3,200,-1,45,0,10,10,0,
component_b000_rho0800_f0245_seed7102,forced_ingress,transaction_deliver_hits,4,214,-1,13,0,10,10,0,
component_b000_rho0800_f0245_seed7102,forced_ingress,transaction_deliver_hits,5,173,-1,22,0,9,9,0,
component_b000_rho0800_f0245_seed7102,forced_ingress,transaction_deliver_hits,6,186,-1,13,0,9,9,0,
component_b000_rho0800_f0245_seed7102,forced_ingress,transaction_deliver_hits,7,200,-1,37,0,9,9,0,
component_b000_rho0800_f0245_seed7102,forced_ingress,transaction_deliver_hits,8,201,-1,4,0,9,9,0,
component_b000_rho0800_f0245_seed7102,forced_ingress,ingress_decision_ticket,1,90,2,120,1,0,-1,1,decision=accept | rtl_ing_rows=1 rtl_drop_rows=0 rtl_lane_credit_min=1 rtl_lane_credit_max=1 rtl_ticket_credit_min=1575 | tlm_ing_rows=1 tlm_lane_credit_min=-471 tlm_effective_min=0 tlm_ticket_credit_min=1008 tlm_reasons=rtl_forced_pre
component_b000_rho0800_f0245_seed7102,forced_ingress,ingress_decision_ticket,2,90,2,120,0,1,1,0,decision=drop | rtl_ing_rows=1 rtl_drop_rows=0 rtl_lane_credit_min=1 rtl_lane_credit_max=1 rtl_ticket_credit_min=1575 | tlm_ing_rows=1 tlm_lane_credit_min=-471 tlm_effective_min=0 tlm_ticket_credit_min=1008 tlm_reasons=rtl_forced_pre
component_b000_rho0800_f0245_seed7102,forced_ingress,ingress_decision_ticket,3,90,2,126,1,0,-1,0,decision=accept | rtl_ing_rows=1 rtl_drop_rows=0 rtl_lane_credit_min=1 rtl_lane_credit_max=1 rtl_ticket_credit_min=1571 | tlm_ing_rows=1 tlm_lane_credit_min=-471 tlm_effective_min=0 tlm_ticket_credit_min=1003 tlm_reasons=rtl_forced_pre
component_b000_rho0800_f0245_seed7102,forced_ingress,ingress_decision_ticket,4,90,2,126,0,1,1,0,decision=drop | rtl_ing_rows=1 rtl_drop_rows=0 rtl_lane_credit_min=1 rtl_lane_credit_max=1 rtl_ticket_credit_min=1571 | tlm_ing_rows=1 tlm_lane_credit_min=-471 tlm_effective_min=0 tlm_ticket_credit_min=1003 tlm_reasons=rtl_forced_pre
component_b000_rho0800_f0245_seed7102,forced_ingress,ingress_decision_ticket,5,90,3,115,1,0,-1,0,decision=accept | rtl_ing_rows=1 rtl_drop_rows=0 rtl_lane_credit_min=1 rtl_lane_credit_max=1 rtl_ticket_credit_min=1580 | tlm_ing_rows=1 tlm_lane_credit_min=-485 tlm_effective_min=0 tlm_ticket_credit_min=1013 tlm_reasons=rtl_forced_pre
component_b000_rho0800_f0245_seed7102,forced_ingress,ingress_decision_ticket,6,90,3,115,0,1,1,0,decision=drop | rtl_ing_rows=1 rtl_drop_rows=0 rtl_lane_credit_min=1 rtl_lane_credit_max=1 rtl_ticket_credit_min=1580 | tlm_ing_rows=1 tlm_lane_credit_min=-485 tlm_effective_min=0 tlm_ticket_credit_min=1013 tlm_reasons=rtl_forced_pre
component_b000_rho0800_f0245_seed7102,forced_ingress,ingress_decision_ticket,7,90,3,116,1,0,-1,0,decision=accept | rtl_ing_rows=1 rtl_drop_rows=0 rtl_lane_credit_min=1 rtl_lane_credit_max=1 rtl_ticket_credit_min=1580 | tlm_ing_rows=1 tlm_lane_credit_min=-485 tlm_effective_min=0 tlm_ticket_credit_min=1013 tlm_reasons=rtl_forced_pre
component_b000_rho0800_f0245_seed7102,forced_ingress,ingress_decision_ticket,8,90,3,116,0,1,1,0,decision=drop | rtl_ing_rows=1 rtl_drop_rows=0 rtl_lane_credit_min=1 rtl_lane_credit_max=1 rtl_ticket_credit_min=1580 | tlm_ing_rows=1 tlm_lane_credit_min=-485 tlm_effective_min=0 tlm_ticket_credit_min=1013 tlm_reasons=rtl_forced_pre
component_b000_rho0800_f0245_seed7103,normal,ingress_accept_hits,1,156,1,79,8,0,-8,0,rtl_ing_rows=1 rtl_drop_rows=0 rtl_lane_credit_min=1 rtl_lane_credit_max=1 rtl_ticket_credit_min=304 | tlm_ing_rows=1 tlm_lane_credit_min=1 tlm_effective_min=1 tlm_ticket_credit_min=244 tlm_reasons=lane_credit
component_b000_rho0800_f0245_seed7103,normal,ingress_accept_hits,2,231,3,30,0,7,7,0,rtl_ing_rows=1 rtl_drop_rows=1 rtl_lane_credit_min=1 rtl_lane_credit_max=1 rtl_ticket_credit_min=0 | tlm_ing_rows=1 tlm_lane_credit_min=29 tlm_effective_min=29 tlm_ticket_credit_min=130 tlm_reasons=accept
component_b000_rho0800_f0245_seed7103,normal,ingress_accept_hits,3,86,2,123,6,0,-6,0,rtl_ing_rows=1 rtl_drop_rows=0 rtl_lane_credit_min=123 rtl_lane_credit_max=123 rtl_ticket_credit_min=1727 | tlm_ing_rows=1 tlm_lane_credit_min=1 tlm_effective_min=1 tlm_ticket_credit_min=1382 tlm_reasons=lane_credit
component_b000_rho0800_f0245_seed7103,normal,ingress_accept_hits,4,162,2,70,6,0,-6,0,rtl_ing_rows=1 rtl_drop_rows=0 rtl_lane_credit_min=18 rtl_lane_credit_max=18 rtl_ticket_credit_min=195 | tlm_ing_rows=1 tlm_lane_credit_min=1 tlm_effective_min=1 tlm_ticket_credit_min=223 tlm_reasons=lane_credit
component_b000_rho0800_f0245_seed7103,normal,ingress_accept_hits,5,168,2,92,6,0,-6,0,rtl_ing_rows=1 rtl_drop_rows=0 rtl_lane_credit_min=1 rtl_lane_credit_max=1 rtl_ticket_credit_min=48 | tlm_ing_rows=1 tlm_lane_credit_min=1 tlm_effective_min=1 tlm_ticket_credit_min=80 tlm_reasons=lane_credit
component_b000_rho0800_f0245_seed7103,normal,ingress_accept_hits,6,179,0,124,6,0,-6,0,rtl_ing_rows=1 rtl_drop_rows=0 rtl_lane_credit_min=1 rtl_lane_credit_max=1 rtl_ticket_credit_min=0 | tlm_ing_rows=1 tlm_lane_credit_min=48 tlm_effective_min=48 tlm_ticket_credit_min=0 tlm_reasons=ticket_credit
component_b000_rho0800_f0245_seed7103,normal,ingress_accept_hits,7,83,1,54,5,0,-5,0,rtl_ing_rows=1 rtl_drop_rows=0 rtl_lane_credit_min=248 rtl_lane_credit_max=248 rtl_ticket_credit_min=1846 | tlm_ing_rows=1 tlm_lane_credit_min=1 tlm_effective_min=1 tlm_ticket_credit_min=1434 tlm_reasons=lane_credit
component_b000_rho0800_f0245_seed7103,normal,ingress_accept_hits,8,87,3,94,5,0,-5,0,rtl_ing_rows=1 rtl_drop_rows=0 rtl_lane_credit_min=106 rtl_lane_credit_max=106 rtl_ticket_credit_min=1678 | tlm_ing_rows=1 tlm_lane_credit_min=1 tlm_effective_min=1 tlm_ticket_credit_min=1404 tlm_reasons=lane_credit
component_b000_rho0800_f0245_seed7103,normal,ingress_predrop_flag_hits,1,156,1,79,0,8,8,0,rtl_ing_rows=1 rtl_drop_rows=0 rtl_lane_credit_min=1 rtl_lane_credit_max=1 rtl_ticket_credit_min=304 | tlm_ing_rows=1 tlm_lane_credit_min=1 tlm_effective_min=1 tlm_ticket_credit_min=244 tlm_reasons=lane_credit
component_b000_rho0800_f0245_seed7103,normal,ingress_predrop_flag_hits,2,231,3,30,7,0,-7,0,rtl_ing_rows=1 rtl_drop_rows=1 rtl_lane_credit_min=1 rtl_lane_credit_max=1 rtl_ticket_credit_min=0 | tlm_ing_rows=1 tlm_lane_credit_min=29 tlm_effective_min=29 tlm_ticket_credit_min=130 tlm_reasons=accept
component_b000_rho0800_f0245_seed7103,normal,ingress_predrop_flag_hits,3,86,2,123,0,6,6,0,rtl_ing_rows=1 rtl_drop_rows=0 rtl_lane_credit_min=123 rtl_lane_credit_max=123 rtl_ticket_credit_min=1727 | tlm_ing_rows=1 tlm_lane_credit_min=1 tlm_effective_min=1 tlm_ticket_credit_min=1382 tlm_reasons=lane_credit
component_b000_rho0800_f0245_seed7103,normal,ingress_predrop_flag_hits,4,162,2,70,0,6,6,0,rtl_ing_rows=1 rtl_drop_rows=0 rtl_lane_credit_min=18 rtl_lane_credit_max=18 rtl_ticket_credit_min=195 | tlm_ing_rows=1 tlm_lane_credit_min=1 tlm_effective_min=1 tlm_ticket_credit_min=223 tlm_reasons=lane_credit
component_b000_rho0800_f0245_seed7103,normal,ingress_predrop_flag_hits,5,168,2,92,0,6,6,0,rtl_ing_rows=1 rtl_drop_rows=0 rtl_lane_credit_min=1 rtl_lane_credit_max=1 rtl_ticket_credit_min=48 | tlm_ing_rows=1 tlm_lane_credit_min=1 tlm_effective_min=1 tlm_ticket_credit_min=80 tlm_reasons=lane_credit
component_b000_rho0800_f0245_seed7103,normal,ingress_predrop_flag_hits,6,179,0,124,0,6,6,0,rtl_ing_rows=1 rtl_drop_rows=0 rtl_lane_credit_min=1 rtl_lane_credit_max=1 rtl_ticket_credit_min=0 | tlm_ing_rows=1 tlm_lane_credit_min=48 tlm_effective_min=48 tlm_ticket_credit_min=0 tlm_reasons=ticket_credit
component_b000_rho0800_f0245_seed7103,normal,ingress_predrop_flag_hits,7,83,1,54,0,5,5,0,rtl_ing_rows=1 rtl_drop_rows=0 rtl_lane_credit_min=248 rtl_lane_credit_max=248 rtl_ticket_credit_min=1846 | tlm_ing_rows=1 tlm_lane_credit_min=1 tlm_effective_min=1 tlm_ticket_credit_min=1434 tlm_reasons=lane_credit
component_b000_rho0800_f0245_seed7103,normal,ingress_predrop_flag_hits,8,87,3,94,0,5,5,0,rtl_ing_rows=1 rtl_drop_rows=0 rtl_lane_credit_min=106 rtl_lane_credit_max=106 rtl_ticket_credit_min=1678 | tlm_ing_rows=1 tlm_lane_credit_min=1 tlm_effective_min=1 tlm_ticket_credit_min=1404 tlm_reasons=lane_credit
component_b000_rho0800_f0245_seed7103,normal,controlled_predrop_exact_hits,1,231,3,30,7,0,-7,0,rtl_ing_rows=1 rtl_drop_rows=1 rtl_lane_credit_min=1 rtl_lane_credit_max=1 rtl_ticket_credit_min=0 | tlm_ing_rows=1 tlm_lane_credit_min=29 tlm_effective_min=29 tlm_ticket_credit_min=130 tlm_reasons=accept
component_b000_rho0800_f0245_seed7103,normal,controlled_predrop_exact_hits,2,86,2,123,0,6,6,0,rtl_ing_rows=1 rtl_drop_rows=0 rtl_lane_credit_min=123 rtl_lane_credit_max=123 rtl_ticket_credit_min=1727 | tlm_ing_rows=1 tlm_lane_credit_min=1 tlm_effective_min=1 tlm_ticket_credit_min=1382 tlm_reasons=lane_credit
component_b000_rho0800_f0245_seed7103,normal,controlled_predrop_exact_hits,3,162,2,70,0,6,6,0,rtl_ing_rows=1 rtl_drop_rows=0 rtl_lane_credit_min=18 rtl_lane_credit_max=18 rtl_ticket_credit_min=195 | tlm_ing_rows=1 tlm_lane_credit_min=1 tlm_effective_min=1 tlm_ticket_credit_min=223 tlm_reasons=lane_credit
component_b000_rho0800_f0245_seed7103,normal,controlled_predrop_exact_hits,4,199,1,64,6,0,-6,0,rtl_ing_rows=1 rtl_drop_rows=0 rtl_lane_credit_min=1 rtl_lane_credit_max=1 rtl_ticket_credit_min=32 | tlm_ing_rows=1 tlm_lane_credit_min=57 tlm_effective_min=57 tlm_ticket_credit_min=73 tlm_reasons=accept
component_b000_rho0800_f0245_seed7103,normal,controlled_predrop_exact_hits,5,212,1,112,0,6,6,0,rtl_ing_rows=1 rtl_drop_rows=1 rtl_lane_credit_min=2 rtl_lane_credit_max=2 rtl_ticket_credit_min=0 | tlm_ing_rows=1 tlm_lane_credit_min=5 tlm_effective_min=5 tlm_ticket_credit_min=0 tlm_reasons=lane_credit
component_b000_rho0800_f0245_seed7103,normal,controlled_predrop_exact_hits,6,227,0,33,6,0,-6,0,rtl_ing_rows=1 rtl_drop_rows=0 rtl_lane_credit_min=1 rtl_lane_credit_max=1 rtl_ticket_credit_min=34 | tlm_ing_rows=1 tlm_lane_credit_min=58 tlm_effective_min=58 tlm_ticket_credit_min=142 tlm_reasons=accept
component_b000_rho0800_f0245_seed7103,normal,controlled_predrop_exact_hits,7,231,3,87,0,6,6,0,rtl_ing_rows=1 rtl_drop_rows=1 rtl_lane_credit_min=1 rtl_lane_credit_max=1 rtl_ticket_credit_min=0 | tlm_ing_rows=1 tlm_lane_credit_min=1 tlm_effective_min=1 tlm_ticket_credit_min=95 tlm_reasons=lane_credit
component_b000_rho0800_f0245_seed7103,normal,controlled_predrop_exact_hits,8,83,1,54,0,5,5,0,rtl_ing_rows=1 rtl_drop_rows=0 rtl_lane_credit_min=248 rtl_lane_credit_max=248 rtl_ticket_credit_min=1846 | tlm_ing_rows=1 tlm_lane_credit_min=1 tlm_effective_min=1 tlm_ticket_credit_min=1434 tlm_reasons=lane_credit
component_b000_rho0800_f0245_seed7103,normal,pa_load_hits,1,231,3,30,0,7,7,0,
component_b000_rho0800_f0245_seed7103,normal,pa_load_hits,2,36,3,52,6,0,-6,0,
component_b000_rho0800_f0245_seed7103,normal,pa_load_hits,3,86,2,123,6,0,-6,0,
component_b000_rho0800_f0245_seed7103,normal,pa_load_hits,4,162,2,70,6,0,-6,0,
component_b000_rho0800_f0245_seed7103,normal,pa_load_hits,5,199,1,64,0,6,6,0,
component_b000_rho0800_f0245_seed7103,normal,pa_load_hits,6,227,0,33,0,6,6,0,
component_b000_rho0800_f0245_seed7103,normal,pa_load_hits,7,4,3,35,5,0,-5,0,
component_b000_rho0800_f0245_seed7103,normal,pa_load_hits,8,30,1,113,5,0,-5,0,
component_b000_rho0800_f0245_seed7103,normal,late_drop_pa_action_hits,1,36,3,52,0,6,6,0,
component_b000_rho0800_f0245_seed7103,normal,late_drop_pa_action_hits,2,4,3,35,0,5,5,0,
component_b000_rho0800_f0245_seed7103,normal,late_drop_pa_action_hits,3,30,1,113,0,5,5,0,
component_b000_rho0800_f0245_seed7103,normal,late_drop_pa_action_hits,4,72,2,81,0,5,5,0,
component_b000_rho0800_f0245_seed7103,normal,late_drop_pa_action_hits,5,138,0,40,0,5,5,0,
component_b000_rho0800_f0245_seed7103,normal,late_drop_pa_action_hits,6,165,2,24,5,0,-5,0,
component_b000_rho0800_f0245_seed7103,normal,late_drop_pa_action_hits,7,182,2,30,5,0,-5,0,
component_b000_rho0800_f0245_seed7103,normal,late_drop_pa_action_hits,8,194,2,60,0,5,5,0,
component_b000_rho0800_f0245_seed7103,normal,late_drop_control_exact_hits,1,36,3,52,0,6,6,0,
component_b000_rho0800_f0245_seed7103,normal,late_drop_control_exact_hits,2,4,3,35,0,5,5,0,
component_b000_rho0800_f0245_seed7103,normal,late_drop_control_exact_hits,3,30,1,113,0,5,5,0,
component_b000_rho0800_f0245_seed7103,normal,late_drop_control_exact_hits,4,72,2,81,0,5,5,0,
component_b000_rho0800_f0245_seed7103,normal,late_drop_control_exact_hits,5,138,0,40,0,5,5,0,
component_b000_rho0800_f0245_seed7103,normal,late_drop_control_exact_hits,6,165,2,24,5,0,-5,0,
component_b000_rho0800_f0245_seed7103,normal,late_drop_control_exact_hits,7,165,3,8,0,5,5,0,
component_b000_rho0800_f0245_seed7103,normal,late_drop_control_exact_hits,8,182,2,30,5,0,-5,0,
component_b000_rho0800_f0245_seed7103,normal,transaction_deliver_hits,1,86,-1,123,10,0,-10,0,
component_b000_rho0800_f0245_seed7103,normal,transaction_deliver_hits,2,162,-1,70,10,0,-10,0,
component_b000_rho0800_f0245_seed7103,normal,transaction_deliver_hits,3,163,-1,64,0,10,10,0,
component_b000_rho0800_f0245_seed7103,normal,transaction_deliver_hits,4,201,-1,31,0,10,10,0,
component_b000_rho0800_f0245_seed7103,normal,transaction_deliver_hits,5,202,-1,39,10,0,-10,0,
component_b000_rho0800_f0245_seed7103,normal,transaction_deliver_hits,6,222,-1,28,10,0,-10,0,
component_b000_rho0800_f0245_seed7103,normal,transaction_deliver_hits,7,231,-1,4,0,10,10,0,
component_b000_rho0800_f0245_seed7103,normal,transaction_deliver_hits,8,231,-1,30,0,10,10,0,
component_b000_rho0800_f0245_seed7103,normal,ingress_decision_ticket,1,71,3,99,1,0,-1,1,decision=accept | rtl_ing_rows=1 rtl_drop_rows=0 rtl_lane_credit_min=461 rtl_lane_credit_max=461 rtl_ticket_credit_min=2147 | tlm_ing_rows=1 tlm_lane_credit_min=1 tlm_effective_min=1 tlm_ticket_credit_min=1667 tlm_reasons=lane_credit
component_b000_rho0800_f0245_seed7103,normal,ingress_decision_ticket,2,71,3,99,0,1,1,0,decision=drop | rtl_ing_rows=1 rtl_drop_rows=0 rtl_lane_credit_min=461 rtl_lane_credit_max=461 rtl_ticket_credit_min=2147 | tlm_ing_rows=1 tlm_lane_credit_min=1 tlm_effective_min=1 tlm_ticket_credit_min=1667 tlm_reasons=lane_credit
component_b000_rho0800_f0245_seed7103,normal,ingress_decision_ticket,3,71,3,102,1,0,-1,0,decision=accept | rtl_ing_rows=1 rtl_drop_rows=0 rtl_lane_credit_min=459 rtl_lane_credit_max=459 rtl_ticket_credit_min=2144 | tlm_ing_rows=1 tlm_lane_credit_min=1 tlm_effective_min=1 tlm_ticket_credit_min=1665 tlm_reasons=lane_credit
component_b000_rho0800_f0245_seed7103,normal,ingress_decision_ticket,4,71,3,102,0,1,1,0,decision=drop | rtl_ing_rows=1 rtl_drop_rows=0 rtl_lane_credit_min=459 rtl_lane_credit_max=459 rtl_ticket_credit_min=2144 | tlm_ing_rows=1 tlm_lane_credit_min=1 tlm_effective_min=1 tlm_ticket_credit_min=1665 tlm_reasons=lane_credit
component_b000_rho0800_f0245_seed7103,normal,ingress_decision_ticket,5,71,3,103,1,0,-1,0,decision=accept | rtl_ing_rows=1 rtl_drop_rows=0 rtl_lane_credit_min=458 rtl_lane_credit_max=458 rtl_ticket_credit_min=2143 | tlm_ing_rows=1 tlm_lane_credit_min=1 tlm_effective_min=1 tlm_ticket_credit_min=1665 tlm_reasons=lane_credit
component_b000_rho0800_f0245_seed7103,normal,ingress_decision_ticket,6,71,3,103,0,1,1,0,decision=drop | rtl_ing_rows=1 rtl_drop_rows=0 rtl_lane_credit_min=458 rtl_lane_credit_max=458 rtl_ticket_credit_min=2143 | tlm_ing_rows=1 tlm_lane_credit_min=1 tlm_effective_min=1 tlm_ticket_credit_min=1665 tlm_reasons=lane_credit
component_b000_rho0800_f0245_seed7103,normal,ingress_decision_ticket,7,71,3,104,1,0,-1,0,decision=accept | rtl_ing_rows=1 rtl_drop_rows=0 rtl_lane_credit_min=457 rtl_lane_credit_max=457 rtl_ticket_credit_min=2142 | tlm_ing_rows=1 tlm_lane_credit_min=1 tlm_effective_min=1 tlm_ticket_credit_min=1665 tlm_reasons=lane_credit
component_b000_rho0800_f0245_seed7103,normal,ingress_decision_ticket,8,71,3,104,0,1,1,0,decision=drop | rtl_ing_rows=1 rtl_drop_rows=0 rtl_lane_credit_min=457 rtl_lane_credit_max=457 rtl_ticket_credit_min=2142 | tlm_ing_rows=1 tlm_lane_credit_min=1 tlm_effective_min=1 tlm_ticket_credit_min=1665 tlm_reasons=lane_credit
component_b000_rho0800_f0245_seed7103,forced_ingress,ingress_accept_hits,1,156,1,79,8,0,-8,0,rtl_ing_rows=1 rtl_drop_rows=0 rtl_lane_credit_min=1 rtl_lane_credit_max=1 rtl_ticket_credit_min=304 | tlm_ing_rows=1 tlm_lane_credit_min=-66 tlm_effective_min=0 tlm_ticket_credit_min=177 tlm_reasons=rtl_forced_pre
component_b000_rho0800_f0245_seed7103,forced_ingress,ingress_accept_hits,2,168,2,92,6,0,-6,0,rtl_ing_rows=1 rtl_drop_rows=0 rtl_lane_credit_min=1 rtl_lane_credit_max=1 rtl_ticket_credit_min=48 | tlm_ing_rows=1 tlm_lane_credit_min=3 tlm_effective_min=3 tlm_ticket_credit_min=90 tlm_reasons=rtl_forced_pre
component_b000_rho0800_f0245_seed7103,forced_ingress,ingress_accept_hits,3,179,0,124,6,0,-6,0,rtl_ing_rows=1 rtl_drop_rows=0 rtl_lane_credit_min=1 rtl_lane_credit_max=1 rtl_ticket_credit_min=0 | tlm_ing_rows=1 tlm_lane_credit_min=18 tlm_effective_min=18 tlm_ticket_credit_min=-153 tlm_reasons=rtl_forced_pre
component_b000_rho0800_f0245_seed7103,forced_ingress,ingress_accept_hits,4,199,1,64,6,0,-6,0,rtl_ing_rows=1 rtl_drop_rows=0 rtl_lane_credit_min=1 rtl_lane_credit_max=1 rtl_ticket_credit_min=32 | tlm_ing_rows=1 tlm_lane_credit_min=-57 tlm_effective_min=0 tlm_ticket_credit_min=-318 tlm_reasons=rtl_forced_pre
component_b000_rho0800_f0245_seed7103,forced_ingress,ingress_accept_hits,5,212,1,112,0,6,6,0,rtl_ing_rows=1 rtl_drop_rows=1 rtl_lane_credit_min=2 rtl_lane_credit_max=2 rtl_ticket_credit_min=0 | tlm_ing_rows=1 tlm_lane_credit_min=-346 tlm_effective_min=0 tlm_ticket_credit_min=-659 tlm_reasons=rtl_forced_accept
component_b000_rho0800_f0245_seed7103,forced_ingress,ingress_accept_hits,6,227,0,33,6,0,-6,0,rtl_ing_rows=1 rtl_drop_rows=0 rtl_lane_credit_min=1 rtl_lane_credit_max=1 rtl_ticket_credit_min=34 | tlm_ing_rows=1 tlm_lane_credit_min=-594 tlm_effective_min=0 tlm_ticket_credit_min=-1030 tlm_reasons=rtl_forced_pre
component_b000_rho0800_f0245_seed7103,forced_ingress,ingress_accept_hits,7,231,3,87,0,6,6,0,rtl_ing_rows=1 rtl_drop_rows=1 rtl_lane_credit_min=1 rtl_lane_credit_max=1 rtl_ticket_credit_min=0 | tlm_ing_rows=1 tlm_lane_credit_min=-633 tlm_effective_min=0 tlm_ticket_credit_min=-1113 tlm_reasons=rtl_forced_accept
component_b000_rho0800_f0245_seed7103,forced_ingress,ingress_accept_hits,8,100,0,108,5,0,-5,0,rtl_ing_rows=1 rtl_drop_rows=0 rtl_lane_credit_min=1 rtl_lane_credit_max=1 rtl_ticket_credit_min=1484 | tlm_ing_rows=1 tlm_lane_credit_min=-637 tlm_effective_min=0 tlm_ticket_credit_min=826 tlm_reasons=rtl_forced_pre
component_b000_rho0800_f0245_seed7103,forced_ingress,ingress_predrop_flag_hits,1,156,1,79,0,8,8,0,rtl_ing_rows=1 rtl_drop_rows=0 rtl_lane_credit_min=1 rtl_lane_credit_max=1 rtl_ticket_credit_min=304 | tlm_ing_rows=1 tlm_lane_credit_min=-66 tlm_effective_min=0 tlm_ticket_credit_min=177 tlm_reasons=rtl_forced_pre
component_b000_rho0800_f0245_seed7103,forced_ingress,ingress_predrop_flag_hits,2,168,2,92,0,6,6,0,rtl_ing_rows=1 rtl_drop_rows=0 rtl_lane_credit_min=1 rtl_lane_credit_max=1 rtl_ticket_credit_min=48 | tlm_ing_rows=1 tlm_lane_credit_min=3 tlm_effective_min=3 tlm_ticket_credit_min=90 tlm_reasons=rtl_forced_pre
component_b000_rho0800_f0245_seed7103,forced_ingress,ingress_predrop_flag_hits,3,179,0,124,0,6,6,0,rtl_ing_rows=1 rtl_drop_rows=0 rtl_lane_credit_min=1 rtl_lane_credit_max=1 rtl_ticket_credit_min=0 | tlm_ing_rows=1 tlm_lane_credit_min=18 tlm_effective_min=18 tlm_ticket_credit_min=-153 tlm_reasons=rtl_forced_pre
component_b000_rho0800_f0245_seed7103,forced_ingress,ingress_predrop_flag_hits,4,199,1,64,0,6,6,0,rtl_ing_rows=1 rtl_drop_rows=0 rtl_lane_credit_min=1 rtl_lane_credit_max=1 rtl_ticket_credit_min=32 | tlm_ing_rows=1 tlm_lane_credit_min=-57 tlm_effective_min=0 tlm_ticket_credit_min=-318 tlm_reasons=rtl_forced_pre
component_b000_rho0800_f0245_seed7103,forced_ingress,ingress_predrop_flag_hits,5,212,1,112,6,0,-6,0,rtl_ing_rows=1 rtl_drop_rows=1 rtl_lane_credit_min=2 rtl_lane_credit_max=2 rtl_ticket_credit_min=0 | tlm_ing_rows=1 tlm_lane_credit_min=-346 tlm_effective_min=0 tlm_ticket_credit_min=-659 tlm_reasons=rtl_forced_accept
component_b000_rho0800_f0245_seed7103,forced_ingress,ingress_predrop_flag_hits,6,227,0,33,0,6,6,0,rtl_ing_rows=1 rtl_drop_rows=0 rtl_lane_credit_min=1 rtl_lane_credit_max=1 rtl_ticket_credit_min=34 | tlm_ing_rows=1 tlm_lane_credit_min=-594 tlm_effective_min=0 tlm_ticket_credit_min=-1030 tlm_reasons=rtl_forced_pre
component_b000_rho0800_f0245_seed7103,forced_ingress,ingress_predrop_flag_hits,7,231,3,87,6,0,-6,0,rtl_ing_rows=1 rtl_drop_rows=1 rtl_lane_credit_min=1 rtl_lane_credit_max=1 rtl_ticket_credit_min=0 | tlm_ing_rows=1 tlm_lane_credit_min=-633 tlm_effective_min=0 tlm_ticket_credit_min=-1113 tlm_reasons=rtl_forced_accept
component_b000_rho0800_f0245_seed7103,forced_ingress,ingress_predrop_flag_hits,8,100,0,108,0,5,5,0,rtl_ing_rows=1 rtl_drop_rows=0 rtl_lane_credit_min=1 rtl_lane_credit_max=1 rtl_ticket_credit_min=1484 | tlm_ing_rows=1 tlm_lane_credit_min=-637 tlm_effective_min=0 tlm_ticket_credit_min=826 tlm_reasons=rtl_forced_pre
component_b000_rho0800_f0245_seed7103,forced_ingress,pa_load_hits,1,36,3,52,6,0,-6,0,
component_b000_rho0800_f0245_seed7103,forced_ingress,pa_load_hits,2,212,1,112,0,6,6,0,
component_b000_rho0800_f0245_seed7103,forced_ingress,pa_load_hits,3,231,3,87,0,6,6,0,
component_b000_rho0800_f0245_seed7103,forced_ingress,pa_load_hits,4,4,3,35,5,0,-5,0,
component_b000_rho0800_f0245_seed7103,forced_ingress,pa_load_hits,5,30,1,113,5,0,-5,0,
component_b000_rho0800_f0245_seed7103,forced_ingress,pa_load_hits,6,74,0,60,5,0,-5,0,
component_b000_rho0800_f0245_seed7103,forced_ingress,pa_load_hits,7,170,3,38,0,5,5,0,
component_b000_rho0800_f0245_seed7103,forced_ingress,pa_load_hits,8,175,0,31,0,5,5,0,
component_b000_rho0800_f0245_seed7103,forced_ingress,late_drop_pa_action_hits,1,36,3,52,0,6,6,0,
component_b000_rho0800_f0245_seed7103,forced_ingress,late_drop_pa_action_hits,2,4,3,35,0,5,5,0,
component_b000_rho0800_f0245_seed7103,forced_ingress,late_drop_pa_action_hits,3,30,1,113,0,5,5,0,
component_b000_rho0800_f0245_seed7103,forced_ingress,late_drop_pa_action_hits,4,74,0,60,0,5,5,0,
component_b000_rho0800_f0245_seed7103,forced_ingress,late_drop_pa_action_hits,5,175,0,31,5,0,-5,0,
component_b000_rho0800_f0245_seed7103,forced_ingress,late_drop_pa_action_hits,6,182,2,30,5,0,-5,0,
component_b000_rho0800_f0245_seed7103,forced_ingress,late_drop_pa_action_hits,7,197,2,22,5,0,-5,0,
component_b000_rho0800_f0245_seed7103,forced_ingress,late_drop_pa_action_hits,8,201,1,40,5,0,-5,0,
component_b000_rho0800_f0245_seed7103,forced_ingress,late_drop_control_exact_hits,1,36,3,52,0,6,6,0,
component_b000_rho0800_f0245_seed7103,forced_ingress,late_drop_control_exact_hits,2,4,3,35,0,5,5,0,
component_b000_rho0800_f0245_seed7103,forced_ingress,late_drop_control_exact_hits,3,30,1,113,0,5,5,0,
component_b000_rho0800_f0245_seed7103,forced_ingress,late_drop_control_exact_hits,4,74,0,60,0,5,5,0,
component_b000_rho0800_f0245_seed7103,forced_ingress,late_drop_control_exact_hits,5,165,3,8,0,5,5,0,
component_b000_rho0800_f0245_seed7103,forced_ingress,late_drop_control_exact_hits,6,175,0,31,5,0,-5,0,
component_b000_rho0800_f0245_seed7103,forced_ingress,late_drop_control_exact_hits,7,182,2,30,5,0,-5,0,
component_b000_rho0800_f0245_seed7103,forced_ingress,late_drop_control_exact_hits,8,197,2,22,5,0,-5,0,
component_b000_rho0800_f0245_seed7103,forced_ingress,transaction_deliver_hits,1,182,-1,30,0,11,11,0,
component_b000_rho0800_f0245_seed7103,forced_ingress,transaction_deliver_hits,2,201,-1,31,0,10,10,0,
component_b000_rho0800_f0245_seed7103,forced_ingress,transaction_deliver_hits,3,205,-1,1,0,9,9,0,
component_b000_rho0800_f0245_seed7103,forced_ingress,transaction_deliver_hits,4,232,-1,38,0,9,9,0,
component_b000_rho0800_f0245_seed7103,forced_ingress,transaction_deliver_hits,5,235,-1,104,0,9,9,0,
component_b000_rho0800_f0245_seed7103,forced_ingress,transaction_deliver_hits,6,10,-1,105,8,0,-8,0,
component_b000_rho0800_f0245_seed7103,forced_ingress,transaction_deliver_hits,7,18,-1,111,8,0,-8,0,
component_b000_rho0800_f0245_seed7103,forced_ingress,transaction_deliver_hits,8,64,-1,108,8,0,-8,0,
component_b000_rho0800_f0245_seed7103,forced_ingress,ingress_decision_ticket,1,90,0,85,1,0,-1,1,decision=accept | rtl_ing_rows=1 rtl_drop_rows=0 rtl_lane_credit_min=1 rtl_lane_credit_max=1 rtl_ticket_credit_min=1607 | tlm_ing_rows=1 tlm_lane_credit_min=-489 tlm_effective_min=0 tlm_ticket_credit_min=1043 tlm_reasons=rtl_forced_pre
component_b000_rho0800_f0245_seed7103,forced_ingress,ingress_decision_ticket,2,90,0,85,0,1,1,0,decision=drop | rtl_ing_rows=1 rtl_drop_rows=0 rtl_lane_credit_min=1 rtl_lane_credit_max=1 rtl_ticket_credit_min=1607 | tlm_ing_rows=1 tlm_lane_credit_min=-489 tlm_effective_min=0 tlm_ticket_credit_min=1043 tlm_reasons=rtl_forced_pre
component_b000_rho0800_f0245_seed7103,forced_ingress,ingress_decision_ticket,3,90,0,86,1,0,-1,0,decision=accept | rtl_ing_rows=1 rtl_drop_rows=0 rtl_lane_credit_min=1 rtl_lane_credit_max=1 rtl_ticket_credit_min=1607 | tlm_ing_rows=1 tlm_lane_credit_min=-489 tlm_effective_min=0 tlm_ticket_credit_min=1043 tlm_reasons=rtl_forced_pre
component_b000_rho0800_f0245_seed7103,forced_ingress,ingress_decision_ticket,4,90,0,86,0,1,1,0,decision=drop | rtl_ing_rows=1 rtl_drop_rows=0 rtl_lane_credit_min=1 rtl_lane_credit_max=1 rtl_ticket_credit_min=1607 | tlm_ing_rows=1 tlm_lane_credit_min=-489 tlm_effective_min=0 tlm_ticket_credit_min=1043 tlm_reasons=rtl_forced_pre
component_b000_rho0800_f0245_seed7103,forced_ingress,ingress_decision_ticket,5,90,0,87,1,0,-1,0,decision=accept | rtl_ing_rows=1 rtl_drop_rows=0 rtl_lane_credit_min=1 rtl_lane_credit_max=1 rtl_ticket_credit_min=1607 | tlm_ing_rows=1 tlm_lane_credit_min=-488 tlm_effective_min=0 tlm_ticket_credit_min=1043 tlm_reasons=rtl_forced_pre
component_b000_rho0800_f0245_seed7103,forced_ingress,ingress_decision_ticket,6,90,0,87,0,1,1,0,decision=drop | rtl_ing_rows=1 rtl_drop_rows=0 rtl_lane_credit_min=1 rtl_lane_credit_max=1 rtl_ticket_credit_min=1607 | tlm_ing_rows=1 tlm_lane_credit_min=-488 tlm_effective_min=0 tlm_ticket_credit_min=1043 tlm_reasons=rtl_forced_pre
component_b000_rho0800_f0245_seed7103,forced_ingress,ingress_decision_ticket,7,90,0,88,1,0,-1,0,decision=accept | rtl_ing_rows=1 rtl_drop_rows=0 rtl_lane_credit_min=1 rtl_lane_credit_max=1 rtl_ticket_credit_min=1608 | tlm_ing_rows=1 tlm_lane_credit_min=-488 tlm_effective_min=0 tlm_ticket_credit_min=1043 tlm_reasons=rtl_forced_pre
component_b000_rho0800_f0245_seed7103,forced_ingress,ingress_decision_ticket,8,90,0,88,0,1,1,0,decision=drop | rtl_ing_rows=1 rtl_drop_rows=0 rtl_lane_credit_min=1 rtl_lane_credit_max=1 rtl_ticket_credit_min=1608 | tlm_ing_rows=1 tlm_lane_credit_min=-488 tlm_effective_min=0 tlm_ticket_credit_min=1043 tlm_reasons=rtl_forced_pre
component_b403_rho0750_f0261_seed7101,normal,ingress_accept_hits,1,133,3,49,16,0,-16,0,rtl_ing_rows=1 rtl_drop_rows=0 rtl_lane_credit_min=56 rtl_lane_credit_max=56 rtl_ticket_credit_min=728 | tlm_ing_rows=1 tlm_lane_credit_min=1 tlm_effective_min=1 tlm_ticket_credit_min=0 tlm_reasons=lane_credit
component_b403_rho0750_f0261_seed7101,normal,ingress_accept_hits,2,104,1,90,13,0,-13,0,rtl_ing_rows=1 rtl_drop_rows=0 rtl_lane_credit_min=1 rtl_lane_credit_max=1 rtl_ticket_credit_min=1328 | tlm_ing_rows=1 tlm_lane_credit_min=3 tlm_effective_min=3 tlm_ticket_credit_min=714 tlm_reasons=lane_credit
component_b403_rho0750_f0261_seed7101,normal,ingress_accept_hits,3,176,2,94,13,0,-13,0,rtl_ing_rows=1 rtl_drop_rows=0 rtl_lane_credit_min=1 rtl_lane_credit_max=1 rtl_ticket_credit_min=1 | tlm_ing_rows=1 tlm_lane_credit_min=1 tlm_effective_min=1 tlm_ticket_credit_min=0 tlm_reasons=lane_credit
component_b403_rho0750_f0261_seed7101,normal,ingress_accept_hits,4,106,1,108,12,0,-12,0,rtl_ing_rows=1 rtl_drop_rows=0 rtl_lane_credit_min=3 rtl_lane_credit_max=3 rtl_ticket_credit_min=1296 | tlm_ing_rows=1 tlm_lane_credit_min=1 tlm_effective_min=1 tlm_ticket_credit_min=649 tlm_reasons=lane_credit
component_b403_rho0750_f0261_seed7101,normal,ingress_accept_hits,5,109,1,98,12,0,-12,0,rtl_ing_rows=1 rtl_drop_rows=0 rtl_lane_credit_min=2 rtl_lane_credit_max=2 rtl_ticket_credit_min=1232 | tlm_ing_rows=1 tlm_lane_credit_min=1 tlm_effective_min=1 tlm_ticket_credit_min=581 tlm_reasons=lane_credit
component_b403_rho0750_f0261_seed7101,normal,ingress_accept_hits,6,114,0,110,12,0,-12,0,rtl_ing_rows=1 rtl_drop_rows=0 rtl_lane_credit_min=1 rtl_lane_credit_max=1 rtl_ticket_credit_min=1120 | tlm_ing_rows=1 tlm_lane_credit_min=1 tlm_effective_min=1 tlm_ticket_credit_min=456 tlm_reasons=lane_credit
component_b403_rho0750_f0261_seed7101,normal,ingress_accept_hits,7,150,1,84,12,0,-12,0,rtl_ing_rows=1 rtl_drop_rows=0 rtl_lane_credit_min=25 rtl_lane_credit_max=25 rtl_ticket_credit_min=253 | tlm_ing_rows=1 tlm_lane_credit_min=2 tlm_effective_min=2 tlm_ticket_credit_min=58 tlm_reasons=lane_credit
component_b403_rho0750_f0261_seed7101,normal,ingress_accept_hits,8,151,1,116,12,0,-12,0,rtl_ing_rows=1 rtl_drop_rows=0 rtl_lane_credit_min=1 rtl_lane_credit_max=1 rtl_ticket_credit_min=217 | tlm_ing_rows=1 tlm_lane_credit_min=1 tlm_effective_min=1 tlm_ticket_credit_min=10 tlm_reasons=lane_credit
component_b403_rho0750_f0261_seed7101,normal,ingress_predrop_flag_hits,1,133,3,49,0,16,16,0,rtl_ing_rows=1 rtl_drop_rows=0 rtl_lane_credit_min=56 rtl_lane_credit_max=56 rtl_ticket_credit_min=728 | tlm_ing_rows=1 tlm_lane_credit_min=1 tlm_effective_min=1 tlm_ticket_credit_min=0 tlm_reasons=lane_credit
component_b403_rho0750_f0261_seed7101,normal,ingress_predrop_flag_hits,2,104,1,90,0,13,13,0,rtl_ing_rows=1 rtl_drop_rows=0 rtl_lane_credit_min=1 rtl_lane_credit_max=1 rtl_ticket_credit_min=1328 | tlm_ing_rows=1 tlm_lane_credit_min=3 tlm_effective_min=3 tlm_ticket_credit_min=714 tlm_reasons=lane_credit
component_b403_rho0750_f0261_seed7101,normal,ingress_predrop_flag_hits,3,176,2,94,0,13,13,0,rtl_ing_rows=1 rtl_drop_rows=0 rtl_lane_credit_min=1 rtl_lane_credit_max=1 rtl_ticket_credit_min=1 | tlm_ing_rows=1 tlm_lane_credit_min=1 tlm_effective_min=1 tlm_ticket_credit_min=0 tlm_reasons=lane_credit
component_b403_rho0750_f0261_seed7101,normal,ingress_predrop_flag_hits,4,106,1,108,0,12,12,0,rtl_ing_rows=1 rtl_drop_rows=0 rtl_lane_credit_min=3 rtl_lane_credit_max=3 rtl_ticket_credit_min=1296 | tlm_ing_rows=1 tlm_lane_credit_min=1 tlm_effective_min=1 tlm_ticket_credit_min=649 tlm_reasons=lane_credit
component_b403_rho0750_f0261_seed7101,normal,ingress_predrop_flag_hits,5,109,1,98,0,12,12,0,rtl_ing_rows=1 rtl_drop_rows=0 rtl_lane_credit_min=2 rtl_lane_credit_max=2 rtl_ticket_credit_min=1232 | tlm_ing_rows=1 tlm_lane_credit_min=1 tlm_effective_min=1 tlm_ticket_credit_min=581 tlm_reasons=lane_credit
component_b403_rho0750_f0261_seed7101,normal,ingress_predrop_flag_hits,6,114,0,110,0,12,12,0,rtl_ing_rows=1 rtl_drop_rows=0 rtl_lane_credit_min=1 rtl_lane_credit_max=1 rtl_ticket_credit_min=1120 | tlm_ing_rows=1 tlm_lane_credit_min=1 tlm_effective_min=1 tlm_ticket_credit_min=456 tlm_reasons=lane_credit
component_b403_rho0750_f0261_seed7101,normal,ingress_predrop_flag_hits,7,150,1,84,0,12,12,0,rtl_ing_rows=1 rtl_drop_rows=0 rtl_lane_credit_min=25 rtl_lane_credit_max=25 rtl_ticket_credit_min=253 | tlm_ing_rows=1 tlm_lane_credit_min=2 tlm_effective_min=2 tlm_ticket_credit_min=58 tlm_reasons=lane_credit
component_b403_rho0750_f0261_seed7101,normal,ingress_predrop_flag_hits,8,151,1,116,0,12,12,0,rtl_ing_rows=1 rtl_drop_rows=0 rtl_lane_credit_min=1 rtl_lane_credit_max=1 rtl_ticket_credit_min=217 | tlm_ing_rows=1 tlm_lane_credit_min=1 tlm_effective_min=1 tlm_ticket_credit_min=10 tlm_reasons=lane_credit
component_b403_rho0750_f0261_seed7101,normal,controlled_predrop_exact_hits,1,133,3,49,0,16,16,0,rtl_ing_rows=1 rtl_drop_rows=0 rtl_lane_credit_min=56 rtl_lane_credit_max=56 rtl_ticket_credit_min=728 | tlm_ing_rows=1 tlm_lane_credit_min=1 tlm_effective_min=1 tlm_ticket_credit_min=0 tlm_reasons=lane_credit
component_b403_rho0750_f0261_seed7101,normal,controlled_predrop_exact_hits,2,124,2,72,12,0,-12,0,rtl_ing_rows=1 rtl_drop_rows=0 rtl_lane_credit_min=3 rtl_lane_credit_max=3 rtl_ticket_credit_min=912 | tlm_ing_rows=1 tlm_lane_credit_min=34 tlm_effective_min=34 tlm_ticket_credit_min=255 tlm_reasons=accept
component_b403_rho0750_f0261_seed7101,normal,controlled_predrop_exact_hits,3,134,3,127,12,0,-12,0,rtl_ing_rows=1 rtl_drop_rows=0 rtl_lane_credit_min=1 rtl_lane_credit_max=1 rtl_ticket_credit_min=663 | tlm_ing_rows=1 tlm_lane_credit_min=23 tlm_effective_min=23 tlm_ticket_credit_min=17 tlm_reasons=accept
component_b403_rho0750_f0261_seed7101,normal,controlled_predrop_exact_hits,4,150,1,84,0,12,12,0,rtl_ing_rows=1 rtl_drop_rows=0 rtl_lane_credit_min=25 rtl_lane_credit_max=25 rtl_ticket_credit_min=253 | tlm_ing_rows=1 tlm_lane_credit_min=2 tlm_effective_min=2 tlm_ticket_credit_min=58 tlm_reasons=lane_credit
component_b403_rho0750_f0261_seed7101,normal,controlled_predrop_exact_hits,5,150,2,126,12,0,-12,0,rtl_ing_rows=1 rtl_drop_rows=0 rtl_lane_credit_min=4 rtl_lane_credit_max=4 rtl_ticket_credit_min=146 | tlm_ing_rows=1 tlm_lane_credit_min=49 tlm_effective_min=49 tlm_ticket_credit_min=16 tlm_reasons=accept
component_b403_rho0750_f0261_seed7101,normal,controlled_predrop_exact_hits,6,155,2,62,12,0,-12,0,rtl_ing_rows=1 rtl_drop_rows=0 rtl_lane_credit_min=6 rtl_lane_credit_max=6 rtl_ticket_credit_min=12 | tlm_ing_rows=1 tlm_lane_credit_min=23 tlm_effective_min=23 tlm_ticket_credit_min=31 tlm_reasons=accept
component_b403_rho0750_f0261_seed7101,normal,controlled_predrop_exact_hits,7,157,0,99,0,12,12,0,rtl_ing_rows=1 rtl_drop_rows=1 rtl_lane_credit_min=4 rtl_lane_credit_max=4 rtl_ticket_credit_min=0 | tlm_ing_rows=1 tlm_lane_credit_min=3 tlm_effective_min=3 tlm_ticket_credit_min=0 tlm_reasons=lane_credit
component_b403_rho0750_f0261_seed7101,normal,controlled_predrop_exact_hits,8,159,1,42,12,0,-12,0,rtl_ing_rows=1 rtl_drop_rows=0 rtl_lane_credit_min=11 rtl_lane_credit_max=11 rtl_ticket_credit_min=35 | tlm_ing_rows=1 tlm_lane_credit_min=39 tlm_effective_min=39 tlm_ticket_credit_min=68 tlm_reasons=accept
component_b403_rho0750_f0261_seed7101,normal,pa_load_hits,1,133,3,49,16,0,-16,0,
component_b403_rho0750_f0261_seed7101,normal,pa_load_hits,2,228,2,47,0,16,16,0,
component_b403_rho0750_f0261_seed7101,normal,pa_load_hits,3,177,0,4,0,13,13,0,
component_b403_rho0750_f0261_seed7101,normal,pa_load_hits,4,254,0,69,0,13,13,0,
component_b403_rho0750_f0261_seed7101,normal,pa_load_hits,5,124,2,72,0,12,12,0,
component_b403_rho0750_f0261_seed7101,normal,pa_load_hits,6,134,3,127,0,12,12,0,
component_b403_rho0750_f0261_seed7101,normal,pa_load_hits,7,147,1,9,12,0,-12,0,
component_b403_rho0750_f0261_seed7101,normal,pa_load_hits,8,150,1,84,12,0,-12,0,
component_b403_rho0750_f0261_seed7101,normal,late_drop_pa_action_hits,1,228,2,47,16,0,-16,0,
component_b403_rho0750_f0261_seed7101,normal,late_drop_pa_action_hits,2,177,0,4,13,0,-13,0,
component_b403_rho0750_f0261_seed7101,normal,late_drop_pa_action_hits,3,254,0,69,13,0,-13,0,
component_b403_rho0750_f0261_seed7101,normal,late_drop_pa_action_hits,4,147,1,9,0,12,12,0,
component_b403_rho0750_f0261_seed7101,normal,late_drop_pa_action_hits,5,155,2,62,0,12,12,0,
component_b403_rho0750_f0261_seed7101,normal,late_drop_pa_action_hits,6,159,1,42,0,12,12,0,
component_b403_rho0750_f0261_seed7101,normal,late_drop_pa_action_hits,7,174,0,36,12,0,-12,0,
component_b403_rho0750_f0261_seed7101,normal,late_drop_pa_action_hits,8,181,3,13,0,12,12,0,
component_b403_rho0750_f0261_seed7101,normal,late_drop_control_exact_hits,1,228,2,47,16,0,-16,0,
component_b403_rho0750_f0261_seed7101,normal,late_drop_control_exact_hits,2,177,0,4,13,0,-13,0,
component_b403_rho0750_f0261_seed7101,normal,late_drop_control_exact_hits,3,254,0,69,13,0,-13,0,
component_b403_rho0750_f0261_seed7101,normal,late_drop_control_exact_hits,4,147,1,9,0,12,12,0,
component_b403_rho0750_f0261_seed7101,normal,late_drop_control_exact_hits,5,155,2,62,0,12,12,0,
component_b403_rho0750_f0261_seed7101,normal,late_drop_control_exact_hits,6,159,1,42,0,12,12,0,
component_b403_rho0750_f0261_seed7101,normal,late_drop_control_exact_hits,7,174,0,36,12,0,-12,0,
component_b403_rho0750_f0261_seed7101,normal,late_drop_control_exact_hits,8,181,3,13,0,12,12,0,
component_b403_rho0750_f0261_seed7101,normal,transaction_deliver_hits,1,213,-1,29,0,24,24,0,
component_b403_rho0750_f0261_seed7101,normal,transaction_deliver_hits,2,200,-1,52,0,21,21,0,
component_b403_rho0750_f0261_seed7101,normal,transaction_deliver_hits,3,133,-1,49,20,0,-20,0,
component_b403_rho0750_f0261_seed7101,normal,transaction_deliver_hits,4,187,-1,24,0,20,20,0,
component_b403_rho0750_f0261_seed7101,normal,transaction_deliver_hits,5,194,-1,46,0,20,20,0,
component_b403_rho0750_f0261_seed7101,normal,transaction_deliver_hits,6,215,-1,48,0,20,20,0,
component_b403_rho0750_f0261_seed7101,normal,transaction_deliver_hits,7,228,-1,47,0,20,20,0,
component_b403_rho0750_f0261_seed7101,normal,transaction_deliver_hits,8,228,-1,93,0,20,20,0,
component_b403_rho0750_f0261_seed7101,normal,ingress_decision_ticket,1,79,3,125,1,0,-1,1,decision=accept | rtl_ing_rows=1 rtl_drop_rows=0 rtl_lane_credit_min=452 rtl_lane_credit_max=452 rtl_ticket_credit_min=1916 | tlm_ing_rows=1 tlm_lane_credit_min=3 tlm_effective_min=3 tlm_ticket_credit_min=1390 tlm_reasons=lane_credit
component_b403_rho0750_f0261_seed7101,normal,ingress_decision_ticket,2,79,3,125,0,1,1,0,decision=drop | rtl_ing_rows=1 rtl_drop_rows=0 rtl_lane_credit_min=452 rtl_lane_credit_max=452 rtl_ticket_credit_min=1916 | tlm_ing_rows=1 tlm_lane_credit_min=3 tlm_effective_min=3 tlm_ticket_credit_min=1390 tlm_reasons=lane_credit
component_b403_rho0750_f0261_seed7101,normal,ingress_decision_ticket,3,80,3,80,1,0,-1,0,decision=accept | rtl_ing_rows=1 rtl_drop_rows=0 rtl_lane_credit_min=500 rtl_lane_credit_max=500 rtl_ticket_credit_min=1982 | tlm_ing_rows=1 tlm_lane_credit_min=3 tlm_effective_min=3 tlm_ticket_credit_min=1379 tlm_reasons=lane_credit
component_b403_rho0750_f0261_seed7101,normal,ingress_decision_ticket,4,80,3,80,0,1,1,0,decision=drop | rtl_ing_rows=1 rtl_drop_rows=0 rtl_lane_credit_min=500 rtl_lane_credit_max=500 rtl_ticket_credit_min=1982 | tlm_ing_rows=1 tlm_lane_credit_min=3 tlm_effective_min=3 tlm_ticket_credit_min=1379 tlm_reasons=lane_credit
component_b403_rho0750_f0261_seed7101,normal,ingress_decision_ticket,5,80,3,81,1,0,-1,0,decision=accept | rtl_ing_rows=1 rtl_drop_rows=0 rtl_lane_credit_min=500 rtl_lane_credit_max=500 rtl_ticket_credit_min=1981 | tlm_ing_rows=1 tlm_lane_credit_min=3 tlm_effective_min=3 tlm_ticket_credit_min=1379 tlm_reasons=lane_credit
component_b403_rho0750_f0261_seed7101,normal,ingress_decision_ticket,6,80,3,81,0,1,1,0,decision=drop | rtl_ing_rows=1 rtl_drop_rows=0 rtl_lane_credit_min=500 rtl_lane_credit_max=500 rtl_ticket_credit_min=1981 | tlm_ing_rows=1 tlm_lane_credit_min=3 tlm_effective_min=3 tlm_ticket_credit_min=1379 tlm_reasons=lane_credit
component_b403_rho0750_f0261_seed7101,normal,ingress_decision_ticket,7,80,3,86,1,0,-1,0,decision=accept | rtl_ing_rows=1 rtl_drop_rows=0 rtl_lane_credit_min=491 rtl_lane_credit_max=491 rtl_ticket_credit_min=1976 | tlm_ing_rows=1 tlm_lane_credit_min=2 tlm_effective_min=2 tlm_ticket_credit_min=1376 tlm_reasons=lane_credit
component_b403_rho0750_f0261_seed7101,normal,ingress_decision_ticket,8,80,3,86,0,1,1,0,decision=drop | rtl_ing_rows=1 rtl_drop_rows=0 rtl_lane_credit_min=491 rtl_lane_credit_max=491 rtl_ticket_credit_min=1976 | tlm_ing_rows=1 tlm_lane_credit_min=2 tlm_effective_min=2 tlm_ticket_credit_min=1376 tlm_reasons=lane_credit
component_b403_rho0750_f0261_seed7101,forced_ingress,ingress_accept_hits,1,104,1,90,13,0,-13,0,rtl_ing_rows=1 rtl_drop_rows=0 rtl_lane_credit_min=1 rtl_lane_credit_max=1 rtl_ticket_credit_min=1328 | tlm_ing_rows=1 tlm_lane_credit_min=-512 tlm_effective_min=0 tlm_ticket_credit_min=589 tlm_reasons=rtl_forced_pre
component_b403_rho0750_f0261_seed7101,forced_ingress,ingress_accept_hits,2,176,2,94,13,0,-13,0,rtl_ing_rows=1 rtl_drop_rows=0 rtl_lane_credit_min=1 rtl_lane_credit_max=1 rtl_ticket_credit_min=1 | tlm_ing_rows=1 tlm_lane_credit_min=-678 tlm_effective_min=0 tlm_ticket_credit_min=-1390 tlm_reasons=rtl_forced_pre
component_b403_rho0750_f0261_seed7101,forced_ingress,ingress_accept_hits,3,106,1,108,12,0,-12,0,rtl_ing_rows=1 rtl_drop_rows=0 rtl_lane_credit_min=3 rtl_lane_credit_max=3 rtl_ticket_credit_min=1296 | tlm_ing_rows=1 tlm_lane_credit_min=-517 tlm_effective_min=0 tlm_ticket_credit_min=523 tlm_reasons=rtl_forced_pre
component_b403_rho0750_f0261_seed7101,forced_ingress,ingress_accept_hits,4,109,1,98,12,0,-12,0,rtl_ing_rows=1 rtl_drop_rows=0 rtl_lane_credit_min=2 rtl_lane_credit_max=2 rtl_ticket_credit_min=1232 | tlm_ing_rows=1 tlm_lane_credit_min=-576 tlm_effective_min=0 tlm_ticket_credit_min=439 tlm_reasons=rtl_forced_pre
component_b403_rho0750_f0261_seed7101,forced_ingress,ingress_accept_hits,5,114,0,110,12,0,-12,0,rtl_ing_rows=1 rtl_drop_rows=0 rtl_lane_credit_min=1 rtl_lane_credit_max=1 rtl_ticket_credit_min=1120 | tlm_ing_rows=1 tlm_lane_credit_min=-556 tlm_effective_min=0 tlm_ticket_credit_min=315 tlm_reasons=rtl_forced_pre
component_b403_rho0750_f0261_seed7101,forced_ingress,ingress_accept_hits,6,124,2,72,12,0,-12,0,rtl_ing_rows=1 rtl_drop_rows=0 rtl_lane_credit_min=3 rtl_lane_credit_max=3 rtl_ticket_credit_min=912 | tlm_ing_rows=1 tlm_lane_credit_min=-605 tlm_effective_min=0 tlm_ticket_credit_min=81 tlm_reasons=rtl_forced_pre
component_b403_rho0750_f0261_seed7101,forced_ingress,ingress_accept_hits,7,134,3,127,12,0,-12,0,rtl_ing_rows=1 rtl_drop_rows=0 rtl_lane_credit_min=1 rtl_lane_credit_max=1 rtl_ticket_credit_min=663 | tlm_ing_rows=1 tlm_lane_credit_min=-540 tlm_effective_min=0 tlm_ticket_credit_min=-205 tlm_reasons=rtl_forced_pre
component_b403_rho0750_f0261_seed7101,forced_ingress,ingress_accept_hits,8,150,2,126,12,0,-12,0,rtl_ing_rows=1 rtl_drop_rows=0 rtl_lane_credit_min=4 rtl_lane_credit_max=4 rtl_ticket_credit_min=146 | tlm_ing_rows=1 tlm_lane_credit_min=-412 tlm_effective_min=0 tlm_ticket_credit_min=-604 tlm_reasons=rtl_forced_pre
component_b403_rho0750_f0261_seed7101,forced_ingress,ingress_predrop_flag_hits,1,104,1,90,0,13,13,0,rtl_ing_rows=1 rtl_drop_rows=0 rtl_lane_credit_min=1 rtl_lane_credit_max=1 rtl_ticket_credit_min=1328 | tlm_ing_rows=1 tlm_lane_credit_min=-512 tlm_effective_min=0 tlm_ticket_credit_min=589 tlm_reasons=rtl_forced_pre
component_b403_rho0750_f0261_seed7101,forced_ingress,ingress_predrop_flag_hits,2,176,2,94,0,13,13,0,rtl_ing_rows=1 rtl_drop_rows=0 rtl_lane_credit_min=1 rtl_lane_credit_max=1 rtl_ticket_credit_min=1 | tlm_ing_rows=1 tlm_lane_credit_min=-678 tlm_effective_min=0 tlm_ticket_credit_min=-1390 tlm_reasons=rtl_forced_pre
component_b403_rho0750_f0261_seed7101,forced_ingress,ingress_predrop_flag_hits,3,106,1,108,0,12,12,0,rtl_ing_rows=1 rtl_drop_rows=0 rtl_lane_credit_min=3 rtl_lane_credit_max=3 rtl_ticket_credit_min=1296 | tlm_ing_rows=1 tlm_lane_credit_min=-517 tlm_effective_min=0 tlm_ticket_credit_min=523 tlm_reasons=rtl_forced_pre
component_b403_rho0750_f0261_seed7101,forced_ingress,ingress_predrop_flag_hits,4,109,1,98,0,12,12,0,rtl_ing_rows=1 rtl_drop_rows=0 rtl_lane_credit_min=2 rtl_lane_credit_max=2 rtl_ticket_credit_min=1232 | tlm_ing_rows=1 tlm_lane_credit_min=-576 tlm_effective_min=0 tlm_ticket_credit_min=439 tlm_reasons=rtl_forced_pre
component_b403_rho0750_f0261_seed7101,forced_ingress,ingress_predrop_flag_hits,5,114,0,110,0,12,12,0,rtl_ing_rows=1 rtl_drop_rows=0 rtl_lane_credit_min=1 rtl_lane_credit_max=1 rtl_ticket_credit_min=1120 | tlm_ing_rows=1 tlm_lane_credit_min=-556 tlm_effective_min=0 tlm_ticket_credit_min=315 tlm_reasons=rtl_forced_pre
component_b403_rho0750_f0261_seed7101,forced_ingress,ingress_predrop_flag_hits,6,124,2,72,0,12,12,0,rtl_ing_rows=1 rtl_drop_rows=0 rtl_lane_credit_min=3 rtl_lane_credit_max=3 rtl_ticket_credit_min=912 | tlm_ing_rows=1 tlm_lane_credit_min=-605 tlm_effective_min=0 tlm_ticket_credit_min=81 tlm_reasons=rtl_forced_pre
component_b403_rho0750_f0261_seed7101,forced_ingress,ingress_predrop_flag_hits,7,134,3,127,0,12,12,0,rtl_ing_rows=1 rtl_drop_rows=0 rtl_lane_credit_min=1 rtl_lane_credit_max=1 rtl_ticket_credit_min=663 | tlm_ing_rows=1 tlm_lane_credit_min=-540 tlm_effective_min=0 tlm_ticket_credit_min=-205 tlm_reasons=rtl_forced_pre
component_b403_rho0750_f0261_seed7101,forced_ingress,ingress_predrop_flag_hits,8,150,2,126,0,12,12,0,rtl_ing_rows=1 rtl_drop_rows=0 rtl_lane_credit_min=4 rtl_lane_credit_max=4 rtl_ticket_credit_min=146 | tlm_ing_rows=1 tlm_lane_credit_min=-412 tlm_effective_min=0 tlm_ticket_credit_min=-604 tlm_reasons=rtl_forced_pre
component_b403_rho0750_f0261_seed7101,forced_ingress,pa_load_hits,1,228,2,47,0,16,16,0,
component_b403_rho0750_f0261_seed7101,forced_ingress,pa_load_hits,2,177,0,4,0,13,13,0,
component_b403_rho0750_f0261_seed7101,forced_ingress,pa_load_hits,3,254,0,69,0,13,13,0,
component_b403_rho0750_f0261_seed7101,forced_ingress,pa_load_hits,4,157,0,99,0,12,12,0,
component_b403_rho0750_f0261_seed7101,forced_ingress,pa_load_hits,5,169,1,105,0,12,12,0,
component_b403_rho0750_f0261_seed7101,forced_ingress,pa_load_hits,6,174,0,36,0,12,12,0,
component_b403_rho0750_f0261_seed7101,forced_ingress,pa_load_hits,7,200,1,52,0,12,12,0,
component_b403_rho0750_f0261_seed7101,forced_ingress,pa_load_hits,8,200,3,51,0,12,12,0,
component_b403_rho0750_f0261_seed7101,forced_ingress,late_drop_pa_action_hits,1,228,2,47,16,0,-16,0,
component_b403_rho0750_f0261_seed7101,forced_ingress,late_drop_pa_action_hits,2,177,0,4,13,0,-13,0,
component_b403_rho0750_f0261_seed7101,forced_ingress,late_drop_pa_action_hits,3,254,0,69,13,0,-13,0,
component_b403_rho0750_f0261_seed7101,forced_ingress,late_drop_pa_action_hits,4,174,0,36,12,0,-12,0,
component_b403_rho0750_f0261_seed7101,forced_ingress,late_drop_pa_action_hits,5,200,1,52,12,0,-12,0,
component_b403_rho0750_f0261_seed7101,forced_ingress,late_drop_pa_action_hits,6,200,3,51,12,0,-12,0,
component_b403_rho0750_f0261_seed7101,forced_ingress,late_drop_pa_action_hits,7,213,0,6,12,0,-12,0,
component_b403_rho0750_f0261_seed7101,forced_ingress,late_drop_pa_action_hits,8,237,0,7,12,0,-12,0,
component_b403_rho0750_f0261_seed7101,forced_ingress,late_drop_control_exact_hits,1,228,2,47,16,0,-16,0,
component_b403_rho0750_f0261_seed7101,forced_ingress,late_drop_control_exact_hits,2,177,0,4,13,0,-13,0,
component_b403_rho0750_f0261_seed7101,forced_ingress,late_drop_control_exact_hits,3,254,0,69,13,0,-13,0,
component_b403_rho0750_f0261_seed7101,forced_ingress,late_drop_control_exact_hits,4,174,0,36,12,0,-12,0,
component_b403_rho0750_f0261_seed7101,forced_ingress,late_drop_control_exact_hits,5,200,1,52,12,0,-12,0,
component_b403_rho0750_f0261_seed7101,forced_ingress,late_drop_control_exact_hits,6,200,3,51,12,0,-12,0,
component_b403_rho0750_f0261_seed7101,forced_ingress,late_drop_control_exact_hits,7,213,0,6,12,0,-12,0,
component_b403_rho0750_f0261_seed7101,forced_ingress,late_drop_control_exact_hits,8,237,0,7,12,0,-12,0,
component_b403_rho0750_f0261_seed7101,forced_ingress,transaction_deliver_hits,1,213,-1,29,0,24,24,0,
component_b403_rho0750_f0261_seed7101,forced_ingress,transaction_deliver_hits,2,200,-1,52,0,21,21,0,
component_b403_rho0750_f0261_seed7101,forced_ingress,transaction_deliver_hits,3,187,-1,24,0,20,20,0,
component_b403_rho0750_f0261_seed7101,forced_ingress,transaction_deliver_hits,4,228,-1,47,0,20,20,0,
component_b403_rho0750_f0261_seed7101,forced_ingress,transaction_deliver_hits,5,163,-1,7,0,17,17,0,
component_b403_rho0750_f0261_seed7101,forced_ingress,transaction_deliver_hits,6,172,-1,70,0,17,17,0,
component_b403_rho0750_f0261_seed7101,forced_ingress,transaction_deliver_hits,7,173,-1,70,0,17,17,0,
component_b403_rho0750_f0261_seed7101,forced_ingress,transaction_deliver_hits,8,176,-1,25,0,17,17,0,
component_b403_rho0750_f0261_seed7101,forced_ingress,ingress_decision_ticket,1,99,3,63,1,0,-1,1,decision=accept | rtl_ing_rows=1 rtl_drop_rows=0 rtl_lane_credit_min=3 rtl_lane_credit_max=3 rtl_ticket_credit_min=1472 | tlm_ing_rows=1 tlm_lane_credit_min=-491 tlm_effective_min=0 tlm_ticket_credit_min=786 tlm_reasons=rtl_forced_pre
component_b403_rho0750_f0261_seed7101,forced_ingress,ingress_decision_ticket,2,99,3,63,0,1,1,0,decision=drop | rtl_ing_rows=1 rtl_drop_rows=0 rtl_lane_credit_min=3 rtl_lane_credit_max=3 rtl_ticket_credit_min=1472 | tlm_ing_rows=1 tlm_lane_credit_min=-491 tlm_effective_min=0 tlm_ticket_credit_min=786 tlm_reasons=rtl_forced_pre
component_b403_rho0750_f0261_seed7101,forced_ingress,ingress_decision_ticket,3,99,3,66,1,0,-1,0,decision=accept | rtl_ing_rows=1 rtl_drop_rows=0 rtl_lane_credit_min=3 rtl_lane_credit_max=3 rtl_ticket_credit_min=1470 | tlm_ing_rows=1 tlm_lane_credit_min=-491 tlm_effective_min=0 tlm_ticket_credit_min=784 tlm_reasons=rtl_forced_pre
component_b403_rho0750_f0261_seed7101,forced_ingress,ingress_decision_ticket,4,99,3,66,0,1,1,0,decision=drop | rtl_ing_rows=1 rtl_drop_rows=0 rtl_lane_credit_min=3 rtl_lane_credit_max=3 rtl_ticket_credit_min=1470 | tlm_ing_rows=1 tlm_lane_credit_min=-491 tlm_effective_min=0 tlm_ticket_credit_min=784 tlm_reasons=rtl_forced_pre
component_b403_rho0750_f0261_seed7101,forced_ingress,ingress_decision_ticket,5,99,3,75,1,0,-1,0,decision=accept | rtl_ing_rows=1 rtl_drop_rows=0 rtl_lane_credit_min=3 rtl_lane_credit_max=3 rtl_ticket_credit_min=1462 | tlm_ing_rows=1 tlm_lane_credit_min=-491 tlm_effective_min=0 tlm_ticket_credit_min=777 tlm_reasons=rtl_forced_pre
component_b403_rho0750_f0261_seed7101,forced_ingress,ingress_decision_ticket,6,99,3,75,0,1,1,0,decision=drop | rtl_ing_rows=1 rtl_drop_rows=0 rtl_lane_credit_min=3 rtl_lane_credit_max=3 rtl_ticket_credit_min=1462 | tlm_ing_rows=1 tlm_lane_credit_min=-491 tlm_effective_min=0 tlm_ticket_credit_min=777 tlm_reasons=rtl_forced_pre
component_b403_rho0750_f0261_seed7101,forced_ingress,ingress_decision_ticket,7,99,3,77,1,0,-1,0,decision=accept | rtl_ing_rows=1 rtl_drop_rows=0 rtl_lane_credit_min=3 rtl_lane_credit_max=3 rtl_ticket_credit_min=1462 | tlm_ing_rows=1 tlm_lane_credit_min=-491 tlm_effective_min=0 tlm_ticket_credit_min=776 tlm_reasons=rtl_forced_pre
component_b403_rho0750_f0261_seed7101,forced_ingress,ingress_decision_ticket,8,99,3,77,0,1,1,0,decision=drop | rtl_ing_rows=1 rtl_drop_rows=0 rtl_lane_credit_min=3 rtl_lane_credit_max=3 rtl_ticket_credit_min=1462 | tlm_ing_rows=1 tlm_lane_credit_min=-491 tlm_effective_min=0 tlm_ticket_credit_min=776 tlm_reasons=rtl_forced_pre
component_b403_rho0750_f0261_seed7102,normal,ingress_accept_hits,1,202,3,52,21,0,-21,0,rtl_ing_rows=1 rtl_drop_rows=0 rtl_lane_credit_min=55 rtl_lane_credit_max=55 rtl_ticket_credit_min=80 | tlm_ing_rows=1 tlm_lane_credit_min=10 tlm_effective_min=10 tlm_ticket_credit_min=0 tlm_reasons=lane_credit
component_b403_rho0750_f0261_seed7102,normal,ingress_accept_hits,2,155,0,84,20,0,-20,0,rtl_ing_rows=1 rtl_drop_rows=0 rtl_lane_credit_min=31 rtl_lane_credit_max=31 rtl_ticket_credit_min=176 | tlm_ing_rows=1 tlm_lane_credit_min=1 tlm_effective_min=1 tlm_ticket_credit_min=19 tlm_reasons=lane_credit
component_b403_rho0750_f0261_seed7102,normal,ingress_accept_hits,3,82,2,71,12,0,-12,0,rtl_ing_rows=1 rtl_drop_rows=0 rtl_lane_credit_min=407 rtl_lane_credit_max=407 rtl_ticket_credit_min=1918 | tlm_ing_rows=1 tlm_lane_credit_min=3 tlm_effective_min=3 tlm_ticket_credit_min=1320 tlm_reasons=lane_credit
component_b403_rho0750_f0261_seed7102,normal,ingress_accept_hits,4,93,1,103,12,0,-12,0,rtl_ing_rows=1 rtl_drop_rows=0 rtl_lane_credit_min=289 rtl_lane_credit_max=289 rtl_ticket_credit_min=1660 | tlm_ing_rows=1 tlm_lane_credit_min=1 tlm_effective_min=1 tlm_ticket_credit_min=993 tlm_reasons=lane_credit
component_b403_rho0750_f0261_seed7102,normal,ingress_accept_hits,5,95,3,103,12,0,-12,0,rtl_ing_rows=1 rtl_drop_rows=0 rtl_lane_credit_min=130 rtl_lane_credit_max=130 rtl_ticket_credit_min=1586 | tlm_ing_rows=1 tlm_lane_credit_min=4 tlm_effective_min=4 tlm_ticket_credit_min=1013 tlm_reasons=lane_credit
component_b403_rho0750_f0261_seed7102,normal,ingress_accept_hits,6,114,0,92,12,0,-12,0,rtl_ing_rows=1 rtl_drop_rows=0 rtl_lane_credit_min=2 rtl_lane_credit_max=2 rtl_ticket_credit_min=1132 | tlm_ing_rows=1 tlm_lane_credit_min=4 tlm_effective_min=4 tlm_ticket_credit_min=483 tlm_reasons=lane_credit
component_b403_rho0750_f0261_seed7102,normal,ingress_accept_hits,7,130,3,86,12,0,-12,0,rtl_ing_rows=1 rtl_drop_rows=0 rtl_lane_credit_min=18 rtl_lane_credit_max=18 rtl_ticket_credit_min=795 | tlm_ing_rows=1 tlm_lane_credit_min=2 tlm_effective_min=2 tlm_ticket_credit_min=43 tlm_reasons=lane_credit
component_b403_rho0750_f0261_seed7102,normal,ingress_accept_hits,8,133,2,52,12,0,-12,0,rtl_ing_rows=1 rtl_drop_rows=0 rtl_lane_credit_min=27 rtl_lane_credit_max=27 rtl_ticket_credit_min=796 | tlm_ing_rows=1 tlm_lane_credit_min=2 tlm_effective_min=2 tlm_ticket_credit_min=21 tlm_reasons=lane_credit
component_b403_rho0750_f0261_seed7102,normal,ingress_predrop_flag_hits,1,202,3,52,0,21,21,0,rtl_ing_rows=1 rtl_drop_rows=0 rtl_lane_credit_min=55 rtl_lane_credit_max=55 rtl_ticket_credit_min=80 | tlm_ing_rows=1 tlm_lane_credit_min=10 tlm_effective_min=10 tlm_ticket_credit_min=0 tlm_reasons=lane_credit
component_b403_rho0750_f0261_seed7102,normal,ingress_predrop_flag_hits,2,155,0,84,0,20,20,0,rtl_ing_rows=1 rtl_drop_rows=0 rtl_lane_credit_min=31 rtl_lane_credit_max=31 rtl_ticket_credit_min=176 | tlm_ing_rows=1 tlm_lane_credit_min=1 tlm_effective_min=1 tlm_ticket_credit_min=19 tlm_reasons=lane_credit
component_b403_rho0750_f0261_seed7102,normal,ingress_predrop_flag_hits,3,82,2,71,0,12,12,0,rtl_ing_rows=1 rtl_drop_rows=0 rtl_lane_credit_min=407 rtl_lane_credit_max=407 rtl_ticket_credit_min=1918 | tlm_ing_rows=1 tlm_lane_credit_min=3 tlm_effective_min=3 tlm_ticket_credit_min=1320 tlm_reasons=lane_credit
component_b403_rho0750_f0261_seed7102,normal,ingress_predrop_flag_hits,4,93,1,103,0,12,12,0,rtl_ing_rows=1 rtl_drop_rows=0 rtl_lane_credit_min=289 rtl_lane_credit_max=289 rtl_ticket_credit_min=1660 | tlm_ing_rows=1 tlm_lane_credit_min=1 tlm_effective_min=1 tlm_ticket_credit_min=993 tlm_reasons=lane_credit
component_b403_rho0750_f0261_seed7102,normal,ingress_predrop_flag_hits,5,95,3,103,0,12,12,0,rtl_ing_rows=1 rtl_drop_rows=0 rtl_lane_credit_min=130 rtl_lane_credit_max=130 rtl_ticket_credit_min=1586 | tlm_ing_rows=1 tlm_lane_credit_min=4 tlm_effective_min=4 tlm_ticket_credit_min=1013 tlm_reasons=lane_credit
component_b403_rho0750_f0261_seed7102,normal,ingress_predrop_flag_hits,6,114,0,92,0,12,12,0,rtl_ing_rows=1 rtl_drop_rows=0 rtl_lane_credit_min=2 rtl_lane_credit_max=2 rtl_ticket_credit_min=1132 | tlm_ing_rows=1 tlm_lane_credit_min=4 tlm_effective_min=4 tlm_ticket_credit_min=483 tlm_reasons=lane_credit
component_b403_rho0750_f0261_seed7102,normal,ingress_predrop_flag_hits,7,130,3,86,0,12,12,0,rtl_ing_rows=1 rtl_drop_rows=0 rtl_lane_credit_min=18 rtl_lane_credit_max=18 rtl_ticket_credit_min=795 | tlm_ing_rows=1 tlm_lane_credit_min=2 tlm_effective_min=2 tlm_ticket_credit_min=43 tlm_reasons=lane_credit
component_b403_rho0750_f0261_seed7102,normal,ingress_predrop_flag_hits,8,133,2,52,0,12,12,0,rtl_ing_rows=1 rtl_drop_rows=0 rtl_lane_credit_min=27 rtl_lane_credit_max=27 rtl_ticket_credit_min=796 | tlm_ing_rows=1 tlm_lane_credit_min=2 tlm_effective_min=2 tlm_ticket_credit_min=21 tlm_reasons=lane_credit
component_b403_rho0750_f0261_seed7102,normal,controlled_predrop_exact_hits,1,202,3,52,0,21,21,0,rtl_ing_rows=1 rtl_drop_rows=0 rtl_lane_credit_min=55 rtl_lane_credit_max=55 rtl_ticket_credit_min=80 | tlm_ing_rows=1 tlm_lane_credit_min=10 tlm_effective_min=10 tlm_ticket_credit_min=0 tlm_reasons=lane_credit
component_b403_rho0750_f0261_seed7102,normal,controlled_predrop_exact_hits,2,155,0,84,0,20,20,0,rtl_ing_rows=1 rtl_drop_rows=0 rtl_lane_credit_min=31 rtl_lane_credit_max=31 rtl_ticket_credit_min=176 | tlm_ing_rows=1 tlm_lane_credit_min=1 tlm_effective_min=1 tlm_ticket_credit_min=19 tlm_reasons=lane_credit
component_b403_rho0750_f0261_seed7102,normal,controlled_predrop_exact_hits,3,226,2,96,0,16,16,0,rtl_ing_rows=1 rtl_drop_rows=1 rtl_lane_credit_min=4 rtl_lane_credit_max=4 rtl_ticket_credit_min=0 | tlm_ing_rows=1 tlm_lane_credit_min=2 tlm_effective_min=2 tlm_ticket_credit_min=48 tlm_reasons=lane_credit
component_b403_rho0750_f0261_seed7102,normal,controlled_predrop_exact_hits,4,237,3,58,13,0,-13,0,rtl_ing_rows=1 rtl_drop_rows=0 rtl_lane_credit_min=3 rtl_lane_credit_max=3 rtl_ticket_credit_min=31 | tlm_ing_rows=1 tlm_lane_credit_min=180 tlm_effective_min=180 tlm_ticket_credit_min=484 tlm_reasons=accept
component_b403_rho0750_f0261_seed7102,normal,controlled_predrop_exact_hits,5,82,2,71,0,12,12,0,rtl_ing_rows=1 rtl_drop_rows=0 rtl_lane_credit_min=407 rtl_lane_credit_max=407 rtl_ticket_credit_min=1918 | tlm_ing_rows=1 tlm_lane_credit_min=3 tlm_effective_min=3 tlm_ticket_credit_min=1320 tlm_reasons=lane_credit
component_b403_rho0750_f0261_seed7102,normal,controlled_predrop_exact_hits,6,93,1,103,0,12,12,0,rtl_ing_rows=1 rtl_drop_rows=0 rtl_lane_credit_min=289 rtl_lane_credit_max=289 rtl_ticket_credit_min=1660 | tlm_ing_rows=1 tlm_lane_credit_min=1 tlm_effective_min=1 tlm_ticket_credit_min=993 tlm_reasons=lane_credit
component_b403_rho0750_f0261_seed7102,normal,controlled_predrop_exact_hits,7,95,3,103,0,12,12,0,rtl_ing_rows=1 rtl_drop_rows=0 rtl_lane_credit_min=130 rtl_lane_credit_max=130 rtl_ticket_credit_min=1586 | tlm_ing_rows=1 tlm_lane_credit_min=4 tlm_effective_min=4 tlm_ticket_credit_min=1013 tlm_reasons=lane_credit
component_b403_rho0750_f0261_seed7102,normal,controlled_predrop_exact_hits,8,124,0,30,12,0,-12,0,rtl_ing_rows=1 rtl_drop_rows=0 rtl_lane_credit_min=1 rtl_lane_credit_max=1 rtl_ticket_credit_min=971 | tlm_ing_rows=1 tlm_lane_credit_min=60 tlm_effective_min=60 tlm_ticket_credit_min=323 tlm_reasons=accept
component_b403_rho0750_f0261_seed7102,normal,pa_load_hits,1,202,3,52,21,0,-21,0,
component_b403_rho0750_f0261_seed7102,normal,pa_load_hits,2,155,0,84,20,0,-20,0,
component_b403_rho0750_f0261_seed7102,normal,pa_load_hits,3,231,1,20,0,13,13,0,
component_b403_rho0750_f0261_seed7102,normal,pa_load_hits,4,237,3,58,0,13,13,0,
component_b403_rho0750_f0261_seed7102,normal,pa_load_hits,5,82,2,71,12,0,-12,0,
component_b403_rho0750_f0261_seed7102,normal,pa_load_hits,6,93,1,103,12,0,-12,0,
component_b403_rho0750_f0261_seed7102,normal,pa_load_hits,7,95,3,103,12,0,-12,0,
component_b403_rho0750_f0261_seed7102,normal,pa_load_hits,8,124,0,30,0,12,12,0,
component_b403_rho0750_f0261_seed7102,normal,late_drop_pa_action_hits,1,231,1,20,13,0,-13,0,
component_b403_rho0750_f0261_seed7102,normal,late_drop_pa_action_hits,2,139,3,73,0,12,12,0,
component_b403_rho0750_f0261_seed7102,normal,late_drop_pa_action_hits,3,179,3,68,12,0,-12,0,
component_b403_rho0750_f0261_seed7102,normal,late_drop_pa_action_hits,4,191,3,62,12,0,-12,0,
component_b403_rho0750_f0261_seed7102,normal,late_drop_pa_action_hits,5,222,2,4,12,0,-12,0,
component_b403_rho0750_f0261_seed7102,normal,late_drop_pa_action_hits,6,230,0,66,12,0,-12,0,
component_b403_rho0750_f0261_seed7102,normal,late_drop_pa_action_hits,7,258,2,6,12,0,-12,0,
component_b403_rho0750_f0261_seed7102,normal,late_drop_pa_action_hits,8,259,3,35,0,12,12,0,
component_b403_rho0750_f0261_seed7102,normal,late_drop_control_exact_hits,1,231,1,20,13,0,-13,0,
component_b403_rho0750_f0261_seed7102,normal,late_drop_control_exact_hits,2,139,3,73,0,12,12,0,
component_b403_rho0750_f0261_seed7102,normal,late_drop_control_exact_hits,3,179,3,68,12,0,-12,0,
component_b403_rho0750_f0261_seed7102,normal,late_drop_control_exact_hits,4,191,3,62,12,0,-12,0,
component_b403_rho0750_f0261_seed7102,normal,late_drop_control_exact_hits,5,222,2,4,12,0,-12,0,
component_b403_rho0750_f0261_seed7102,normal,late_drop_control_exact_hits,6,230,0,66,12,0,-12,0,
component_b403_rho0750_f0261_seed7102,normal,late_drop_control_exact_hits,7,258,2,6,12,0,-12,0,
component_b403_rho0750_f0261_seed7102,normal,late_drop_control_exact_hits,8,259,3,35,0,12,12,0,
component_b403_rho0750_f0261_seed7102,normal,transaction_deliver_hits,1,202,-1,52,21,0,-21,0,
component_b403_rho0750_f0261_seed7102,normal,transaction_deliver_hits,2,130,-1,86,20,0,-20,0,
component_b403_rho0750_f0261_seed7102,normal,transaction_deliver_hits,3,136,-1,13,20,0,-20,0,
component_b403_rho0750_f0261_seed7102,normal,transaction_deliver_hits,4,155,-1,84,20,0,-20,0,
component_b403_rho0750_f0261_seed7102,normal,transaction_deliver_hits,5,205,-1,41,0,20,20,0,
component_b403_rho0750_f0261_seed7102,normal,transaction_deliver_hits,6,234,-1,81,0,20,20,0,
component_b403_rho0750_f0261_seed7102,normal,transaction_deliver_hits,7,174,-1,76,0,18,18,0,
component_b403_rho0750_f0261_seed7102,normal,transaction_deliver_hits,8,174,-1,45,0,17,17,0,
component_b403_rho0750_f0261_seed7102,normal,ingress_decision_ticket,1,72,1,120,1,0,-1,1,decision=accept | rtl_ing_rows=1 rtl_drop_rows=0 rtl_lane_credit_min=552 rtl_lane_credit_max=552 rtl_ticket_credit_min=2122 | tlm_ing_rows=1 tlm_lane_credit_min=1 tlm_effective_min=1 tlm_ticket_credit_min=1604 tlm_reasons=lane_credit
component_b403_rho0750_f0261_seed7102,normal,ingress_decision_ticket,2,72,1,120,0,1,1,0,decision=drop | rtl_ing_rows=1 rtl_drop_rows=0 rtl_lane_credit_min=552 rtl_lane_credit_max=552 rtl_ticket_credit_min=2122 | tlm_ing_rows=1 tlm_lane_credit_min=1 tlm_effective_min=1 tlm_ticket_credit_min=1604 tlm_reasons=lane_credit
component_b403_rho0750_f0261_seed7102,normal,ingress_decision_ticket,3,72,1,124,1,0,-1,0,decision=accept | rtl_ing_rows=1 rtl_drop_rows=0 rtl_lane_credit_min=548 rtl_lane_credit_max=548 rtl_ticket_credit_min=2118 | tlm_ing_rows=1 tlm_lane_credit_min=1 tlm_effective_min=1 tlm_ticket_credit_min=1601 tlm_reasons=lane_credit
component_b403_rho0750_f0261_seed7102,normal,ingress_decision_ticket,4,72,1,124,0,1,1,0,decision=drop | rtl_ing_rows=1 rtl_drop_rows=0 rtl_lane_credit_min=548 rtl_lane_credit_max=548 rtl_ticket_credit_min=2118 | tlm_ing_rows=1 tlm_lane_credit_min=1 tlm_effective_min=1 tlm_ticket_credit_min=1601 tlm_reasons=lane_credit
component_b403_rho0750_f0261_seed7102,normal,ingress_decision_ticket,5,72,1,125,1,0,-1,0,decision=accept | rtl_ing_rows=1 rtl_drop_rows=0 rtl_lane_credit_min=540 rtl_lane_credit_max=540 rtl_ticket_credit_min=2117 | tlm_ing_rows=1 tlm_lane_credit_min=1 tlm_effective_min=1 tlm_ticket_credit_min=1602 tlm_reasons=lane_credit
component_b403_rho0750_f0261_seed7102,normal,ingress_decision_ticket,6,72,1,125,0,1,1,0,decision=drop | rtl_ing_rows=1 rtl_drop_rows=0 rtl_lane_credit_min=540 rtl_lane_credit_max=540 rtl_ticket_credit_min=2117 | tlm_ing_rows=1 tlm_lane_credit_min=1 tlm_effective_min=1 tlm_ticket_credit_min=1602 tlm_reasons=lane_credit
component_b403_rho0750_f0261_seed7102,normal,ingress_decision_ticket,7,72,1,127,1,0,-1,0,decision=accept | rtl_ing_rows=1 rtl_drop_rows=0 rtl_lane_credit_min=536 rtl_lane_credit_max=536 rtl_ticket_credit_min=2115 | tlm_ing_rows=1 tlm_lane_credit_min=1 tlm_effective_min=1 tlm_ticket_credit_min=1601 tlm_reasons=lane_credit
component_b403_rho0750_f0261_seed7102,normal,ingress_decision_ticket,8,72,1,127,0,1,1,0,decision=drop | rtl_ing_rows=1 rtl_drop_rows=0 rtl_lane_credit_min=536 rtl_lane_credit_max=536 rtl_ticket_credit_min=2115 | tlm_ing_rows=1 tlm_lane_credit_min=1 tlm_effective_min=1 tlm_ticket_credit_min=1601 tlm_reasons=lane_credit
component_b403_rho0750_f0261_seed7102,forced_ingress,ingress_accept_hits,1,226,2,96,0,16,16,0,rtl_ing_rows=1 rtl_drop_rows=1 rtl_lane_credit_min=4 rtl_lane_credit_max=4 rtl_ticket_credit_min=0 | tlm_ing_rows=1 tlm_lane_credit_min=-1160 tlm_effective_min=0 tlm_ticket_credit_min=-2742 tlm_reasons=rtl_forced_accept
component_b403_rho0750_f0261_seed7102,forced_ingress,ingress_accept_hits,2,237,3,58,13,0,-13,0,rtl_ing_rows=1 rtl_drop_rows=0 rtl_lane_credit_min=3 rtl_lane_credit_max=3 rtl_ticket_credit_min=31 | tlm_ing_rows=1 tlm_lane_credit_min=-1487 tlm_effective_min=0 tlm_ticket_credit_min=-3095 tlm_reasons=rtl_forced_pre
component_b403_rho0750_f0261_seed7102,forced_ingress,ingress_accept_hits,3,114,0,92,12,0,-12,0,rtl_ing_rows=1 rtl_drop_rows=0 rtl_lane_credit_min=2 rtl_lane_credit_max=2 rtl_ticket_credit_min=1132 | tlm_ing_rows=1 tlm_lane_credit_min=-566 tlm_effective_min=0 tlm_ticket_credit_min=328 tlm_reasons=rtl_forced_pre
component_b403_rho0750_f0261_seed7102,forced_ingress,ingress_accept_hits,4,124,0,30,12,0,-12,0,rtl_ing_rows=1 rtl_drop_rows=0 rtl_lane_credit_min=1 rtl_lane_credit_max=1 rtl_ticket_credit_min=971 | tlm_ing_rows=1 tlm_lane_credit_min=-646 tlm_effective_min=0 tlm_ticket_credit_min=141 tlm_reasons=rtl_forced_pre
component_b403_rho0750_f0261_seed7102,forced_ingress,ingress_accept_hits,5,124,1,90,12,0,-12,0,rtl_ing_rows=1 rtl_drop_rows=0 rtl_lane_credit_min=1 rtl_lane_credit_max=1 rtl_ticket_credit_min=894 | tlm_ing_rows=1 tlm_lane_credit_min=-609 tlm_effective_min=0 tlm_ticket_credit_min=62 tlm_reasons=rtl_forced_pre
component_b403_rho0750_f0261_seed7102,forced_ingress,ingress_accept_hits,6,124,2,5,12,0,-12,0,rtl_ing_rows=1 rtl_drop_rows=0 rtl_lane_credit_min=9 rtl_lane_credit_max=9 rtl_ticket_credit_min=1003 | tlm_ing_rows=1 tlm_lane_credit_min=-526 tlm_effective_min=0 tlm_ticket_credit_min=172 tlm_reasons=rtl_forced_pre
component_b403_rho0750_f0261_seed7102,forced_ingress,ingress_accept_hits,7,129,2,29,12,0,-12,0,rtl_ing_rows=1 rtl_drop_rows=0 rtl_lane_credit_min=1 rtl_lane_credit_max=1 rtl_ticket_credit_min=875 | tlm_ing_rows=1 tlm_lane_credit_min=-582 tlm_effective_min=0 tlm_ticket_credit_min=10 tlm_reasons=rtl_forced_pre
component_b403_rho0750_f0261_seed7102,forced_ingress,ingress_accept_hits,8,134,0,120,12,0,-12,0,rtl_ing_rows=1 rtl_drop_rows=0 rtl_lane_credit_min=1 rtl_lane_credit_max=1 rtl_ticket_credit_min=669 | tlm_ing_rows=1 tlm_lane_credit_min=-586 tlm_effective_min=0 tlm_ticket_credit_min=-194 tlm_reasons=rtl_forced_pre
component_b403_rho0750_f0261_seed7102,forced_ingress,ingress_predrop_flag_hits,1,226,2,96,16,0,-16,0,rtl_ing_rows=1 rtl_drop_rows=1 rtl_lane_credit_min=4 rtl_lane_credit_max=4 rtl_ticket_credit_min=0 | tlm_ing_rows=1 tlm_lane_credit_min=-1160 tlm_effective_min=0 tlm_ticket_credit_min=-2742 tlm_reasons=rtl_forced_accept
component_b403_rho0750_f0261_seed7102,forced_ingress,ingress_predrop_flag_hits,2,237,3,58,0,13,13,0,rtl_ing_rows=1 rtl_drop_rows=0 rtl_lane_credit_min=3 rtl_lane_credit_max=3 rtl_ticket_credit_min=31 | tlm_ing_rows=1 tlm_lane_credit_min=-1487 tlm_effective_min=0 tlm_ticket_credit_min=-3095 tlm_reasons=rtl_forced_pre
component_b403_rho0750_f0261_seed7102,forced_ingress,ingress_predrop_flag_hits,3,114,0,92,0,12,12,0,rtl_ing_rows=1 rtl_drop_rows=0 rtl_lane_credit_min=2 rtl_lane_credit_max=2 rtl_ticket_credit_min=1132 | tlm_ing_rows=1 tlm_lane_credit_min=-566 tlm_effective_min=0 tlm_ticket_credit_min=328 tlm_reasons=rtl_forced_pre
component_b403_rho0750_f0261_seed7102,forced_ingress,ingress_predrop_flag_hits,4,124,0,30,0,12,12,0,rtl_ing_rows=1 rtl_drop_rows=0 rtl_lane_credit_min=1 rtl_lane_credit_max=1 rtl_ticket_credit_min=971 | tlm_ing_rows=1 tlm_lane_credit_min=-646 tlm_effective_min=0 tlm_ticket_credit_min=141 tlm_reasons=rtl_forced_pre
component_b403_rho0750_f0261_seed7102,forced_ingress,ingress_predrop_flag_hits,5,124,1,90,0,12,12,0,rtl_ing_rows=1 rtl_drop_rows=0 rtl_lane_credit_min=1 rtl_lane_credit_max=1 rtl_ticket_credit_min=894 | tlm_ing_rows=1 tlm_lane_credit_min=-609 tlm_effective_min=0 tlm_ticket_credit_min=62 tlm_reasons=rtl_forced_pre
component_b403_rho0750_f0261_seed7102,forced_ingress,ingress_predrop_flag_hits,6,124,2,5,0,12,12,0,rtl_ing_rows=1 rtl_drop_rows=0 rtl_lane_credit_min=9 rtl_lane_credit_max=9 rtl_ticket_credit_min=1003 | tlm_ing_rows=1 tlm_lane_credit_min=-526 tlm_effective_min=0 tlm_ticket_credit_min=172 tlm_reasons=rtl_forced_pre
component_b403_rho0750_f0261_seed7102,forced_ingress,ingress_predrop_flag_hits,7,129,2,29,0,12,12,0,rtl_ing_rows=1 rtl_drop_rows=0 rtl_lane_credit_min=1 rtl_lane_credit_max=1 rtl_ticket_credit_min=875 | tlm_ing_rows=1 tlm_lane_credit_min=-582 tlm_effective_min=0 tlm_ticket_credit_min=10 tlm_reasons=rtl_forced_pre
component_b403_rho0750_f0261_seed7102,forced_ingress,ingress_predrop_flag_hits,8,134,0,120,0,12,12,0,rtl_ing_rows=1 rtl_drop_rows=0 rtl_lane_credit_min=1 rtl_lane_credit_max=1 rtl_ticket_credit_min=669 | tlm_ing_rows=1 tlm_lane_credit_min=-586 tlm_effective_min=0 tlm_ticket_credit_min=-194 tlm_reasons=rtl_forced_pre
component_b403_rho0750_f0261_seed7102,forced_ingress,pa_load_hits,1,226,2,96,0,16,16,0,
component_b403_rho0750_f0261_seed7102,forced_ingress,pa_load_hits,2,231,1,20,0,13,13,0,
component_b403_rho0750_f0261_seed7102,forced_ingress,pa_load_hits,3,174,0,82,0,12,12,0,
component_b403_rho0750_f0261_seed7102,forced_ingress,pa_load_hits,4,179,3,68,0,12,12,0,
component_b403_rho0750_f0261_seed7102,forced_ingress,pa_load_hits,5,184,0,118,0,12,12,0,
component_b403_rho0750_f0261_seed7102,forced_ingress,pa_load_hits,6,191,3,62,0,12,12,0,
component_b403_rho0750_f0261_seed7102,forced_ingress,pa_load_hits,7,203,1,105,0,12,12,0,
component_b403_rho0750_f0261_seed7102,forced_ingress,pa_load_hits,8,203,2,67,0,12,12,0,
component_b403_rho0750_f0261_seed7102,forced_ingress,late_drop_pa_action_hits,1,231,1,20,13,0,-13,0,
component_b403_rho0750_f0261_seed7102,forced_ingress,late_drop_pa_action_hits,2,179,3,68,12,0,-12,0,
component_b403_rho0750_f0261_seed7102,forced_ingress,late_drop_pa_action_hits,3,191,3,62,12,0,-12,0,
component_b403_rho0750_f0261_seed7102,forced_ingress,late_drop_pa_action_hits,4,222,2,4,12,0,-12,0,
component_b403_rho0750_f0261_seed7102,forced_ingress,late_drop_pa_action_hits,5,230,0,66,12,0,-12,0,
component_b403_rho0750_f0261_seed7102,forced_ingress,late_drop_pa_action_hits,6,252,2,9,12,0,-12,0,
component_b403_rho0750_f0261_seed7102,forced_ingress,late_drop_pa_action_hits,7,258,2,6,12,0,-12,0,
component_b403_rho0750_f0261_seed7102,forced_ingress,late_drop_pa_action_hits,8,253,0,62,10,0,-10,0,
component_b403_rho0750_f0261_seed7102,forced_ingress,late_drop_control_exact_hits,1,231,1,20,13,0,-13,0,
component_b403_rho0750_f0261_seed7102,forced_ingress,late_drop_control_exact_hits,2,179,3,68,12,0,-12,0,
component_b403_rho0750_f0261_seed7102,forced_ingress,late_drop_control_exact_hits,3,191,3,62,12,0,-12,0,
component_b403_rho0750_f0261_seed7102,forced_ingress,late_drop_control_exact_hits,4,222,2,4,12,0,-12,0,
component_b403_rho0750_f0261_seed7102,forced_ingress,late_drop_control_exact_hits,5,230,0,66,12,0,-12,0,
component_b403_rho0750_f0261_seed7102,forced_ingress,late_drop_control_exact_hits,6,252,2,9,12,0,-12,0,
component_b403_rho0750_f0261_seed7102,forced_ingress,late_drop_control_exact_hits,7,258,2,6,12,0,-12,0,
component_b403_rho0750_f0261_seed7102,forced_ingress,late_drop_control_exact_hits,8,253,0,62,10,0,-10,0,
component_b403_rho0750_f0261_seed7102,forced_ingress,transaction_deliver_hits,1,165,-1,54,0,20,20,0,
component_b403_rho0750_f0261_seed7102,forced_ingress,transaction_deliver_hits,2,179,-1,68,0,20,20,0,
component_b403_rho0750_f0261_seed7102,forced_ingress,transaction_deliver_hits,3,184,-1,55,0,17,17,0,
component_b403_rho0750_f0261_seed7102,forced_ingress,transaction_deliver_hits,4,231,-1,20,0,17,17,0,
component_b403_rho0750_f0261_seed7102,forced_ingress,transaction_deliver_hits,5,248,-1,81,0,17,17,0,
component_b403_rho0750_f0261_seed7102,forced_ingress,transaction_deliver_hits,6,249,-1,0,0,17,17,0,
component_b403_rho0750_f0261_seed7102,forced_ingress,transaction_deliver_hits,7,259,-1,74,0,17,17,0,
component_b403_rho0750_f0261_seed7102,forced_ingress,transaction_deliver_hits,8,167,-1,11,0,16,16,0,
component_b403_rho0750_f0261_seed7102,forced_ingress,ingress_decision_ticket,1,101,2,111,1,0,-1,1,decision=accept | rtl_ing_rows=1 rtl_drop_rows=0 rtl_lane_credit_min=4 rtl_lane_credit_max=4 rtl_ticket_credit_min=1403 | tlm_ing_rows=1 tlm_lane_credit_min=-517 tlm_effective_min=0 tlm_ticket_credit_min=645 tlm_reasons=rtl_forced_pre
component_b403_rho0750_f0261_seed7102,forced_ingress,ingress_decision_ticket,2,101,2,111,0,1,1,0,decision=drop | rtl_ing_rows=1 rtl_drop_rows=0 rtl_lane_credit_min=4 rtl_lane_credit_max=4 rtl_ticket_credit_min=1403 | tlm_ing_rows=1 tlm_lane_credit_min=-517 tlm_effective_min=0 tlm_ticket_credit_min=645 tlm_reasons=rtl_forced_pre
component_b403_rho0750_f0261_seed7102,forced_ingress,ingress_decision_ticket,3,101,2,113,1,0,-1,0,decision=accept | rtl_ing_rows=1 rtl_drop_rows=0 rtl_lane_credit_min=4 rtl_lane_credit_max=4 rtl_ticket_credit_min=1402 | tlm_ing_rows=1 tlm_lane_credit_min=-517 tlm_effective_min=0 tlm_ticket_credit_min=644 tlm_reasons=rtl_forced_pre
component_b403_rho0750_f0261_seed7102,forced_ingress,ingress_decision_ticket,4,101,2,113,0,1,1,0,decision=drop | rtl_ing_rows=1 rtl_drop_rows=0 rtl_lane_credit_min=4 rtl_lane_credit_max=4 rtl_ticket_credit_min=1402 | tlm_ing_rows=1 tlm_lane_credit_min=-517 tlm_effective_min=0 tlm_ticket_credit_min=644 tlm_reasons=rtl_forced_pre
component_b403_rho0750_f0261_seed7102,forced_ingress,ingress_decision_ticket,5,101,2,123,1,0,-1,0,decision=accept | rtl_ing_rows=1 rtl_drop_rows=0 rtl_lane_credit_min=4 rtl_lane_credit_max=4 rtl_ticket_credit_min=1393 | tlm_ing_rows=1 tlm_lane_credit_min=-517 tlm_effective_min=0 tlm_ticket_credit_min=635 tlm_reasons=rtl_forced_pre
component_b403_rho0750_f0261_seed7102,forced_ingress,ingress_decision_ticket,6,101,2,123,0,1,1,0,decision=drop | rtl_ing_rows=1 rtl_drop_rows=0 rtl_lane_credit_min=4 rtl_lane_credit_max=4 rtl_ticket_credit_min=1393 | tlm_ing_rows=1 tlm_lane_credit_min=-517 tlm_effective_min=0 tlm_ticket_credit_min=635 tlm_reasons=rtl_forced_pre
component_b403_rho0750_f0261_seed7102,forced_ingress,ingress_decision_ticket,7,101,2,125,1,0,-1,0,decision=accept | rtl_ing_rows=1 rtl_drop_rows=0 rtl_lane_credit_min=4 rtl_lane_credit_max=4 rtl_ticket_credit_min=1392 | tlm_ing_rows=1 tlm_lane_credit_min=-517 tlm_effective_min=0 tlm_ticket_credit_min=635 tlm_reasons=rtl_forced_pre
component_b403_rho0750_f0261_seed7102,forced_ingress,ingress_decision_ticket,8,101,2,125,0,1,1,0,decision=drop | rtl_ing_rows=1 rtl_drop_rows=0 rtl_lane_credit_min=4 rtl_lane_credit_max=4 rtl_ticket_credit_min=1392 | tlm_ing_rows=1 tlm_lane_credit_min=-517 tlm_effective_min=0 tlm_ticket_credit_min=635 tlm_reasons=rtl_forced_pre
component_b403_rho0750_f0261_seed7103,normal,ingress_accept_hits,1,76,0,119,12,0,-12,1,rtl_ing_rows=1 rtl_drop_rows=0 rtl_lane_credit_min=441 rtl_lane_credit_max=441 rtl_ticket_credit_min=2040 | tlm_ing_rows=1 tlm_lane_credit_min=2 tlm_effective_min=2 tlm_ticket_credit_min=1525 tlm_reasons=lane_credit
component_b403_rho0750_f0261_seed7103,normal,ingress_accept_hits,2,85,3,78,12,0,-12,0,rtl_ing_rows=1 rtl_drop_rows=0 rtl_lane_credit_min=345 rtl_lane_credit_max=345 rtl_ticket_credit_min=1859 | tlm_ing_rows=1 tlm_lane_credit_min=2 tlm_effective_min=2 tlm_ticket_credit_min=1235 tlm_reasons=lane_credit
component_b403_rho0750_f0261_seed7103,normal,ingress_accept_hits,3,85,3,79,12,0,-12,0,rtl_ing_rows=1 rtl_drop_rows=0 rtl_lane_credit_min=333 rtl_lane_credit_max=333 rtl_ticket_credit_min=1858 | tlm_ing_rows=1 tlm_lane_credit_min=2 tlm_effective_min=2 tlm_ticket_credit_min=1236 tlm_reasons=lane_credit
component_b403_rho0750_f0261_seed7103,normal,ingress_accept_hits,4,90,1,107,12,0,-12,0,rtl_ing_rows=1 rtl_drop_rows=0 rtl_lane_credit_min=305 rtl_lane_credit_max=305 rtl_ticket_credit_min=1706 | tlm_ing_rows=1 tlm_lane_credit_min=1 tlm_effective_min=1 tlm_ticket_credit_min=1073 tlm_reasons=lane_credit
component_b403_rho0750_f0261_seed7103,normal,ingress_accept_hits,5,91,2,108,12,0,-12,0,rtl_ing_rows=1 rtl_drop_rows=0 rtl_lane_credit_min=282 rtl_lane_credit_max=282 rtl_ticket_credit_min=1664 | tlm_ing_rows=1 tlm_lane_credit_min=1 tlm_effective_min=1 tlm_ticket_credit_min=1058 tlm_reasons=lane_credit
component_b403_rho0750_f0261_seed7103,normal,ingress_accept_hits,6,91,3,101,12,0,-12,0,rtl_ing_rows=1 rtl_drop_rows=0 rtl_lane_credit_min=169 rtl_lane_credit_max=169 rtl_ticket_credit_min=1671 | tlm_ing_rows=1 tlm_lane_credit_min=1 tlm_effective_min=1 tlm_ticket_credit_min=1088 tlm_reasons=lane_credit
component_b403_rho0750_f0261_seed7103,normal,ingress_accept_hits,7,104,0,73,12,0,-12,0,rtl_ing_rows=1 rtl_drop_rows=0 rtl_lane_credit_min=1 rtl_lane_credit_max=1 rtl_ticket_credit_min=1372 | tlm_ing_rows=1 tlm_lane_credit_min=1 tlm_effective_min=1 tlm_ticket_credit_min=779 tlm_reasons=lane_credit
component_b403_rho0750_f0261_seed7103,normal,ingress_accept_hits,8,104,2,102,12,0,-12,0,rtl_ing_rows=1 rtl_drop_rows=0 rtl_lane_credit_min=108 rtl_lane_credit_max=108 rtl_ticket_credit_min=1309 | tlm_ing_rows=1 tlm_lane_credit_min=1 tlm_effective_min=1 tlm_ticket_credit_min=671 tlm_reasons=lane_credit
component_b403_rho0750_f0261_seed7103,normal,ingress_predrop_flag_hits,1,76,0,119,0,12,12,1,rtl_ing_rows=1 rtl_drop_rows=0 rtl_lane_credit_min=441 rtl_lane_credit_max=441 rtl_ticket_credit_min=2040 | tlm_ing_rows=1 tlm_lane_credit_min=2 tlm_effective_min=2 tlm_ticket_credit_min=1525 tlm_reasons=lane_credit
component_b403_rho0750_f0261_seed7103,normal,ingress_predrop_flag_hits,2,85,3,78,0,12,12,0,rtl_ing_rows=1 rtl_drop_rows=0 rtl_lane_credit_min=345 rtl_lane_credit_max=345 rtl_ticket_credit_min=1859 | tlm_ing_rows=1 tlm_lane_credit_min=2 tlm_effective_min=2 tlm_ticket_credit_min=1235 tlm_reasons=lane_credit
component_b403_rho0750_f0261_seed7103,normal,ingress_predrop_flag_hits,3,85,3,79,0,12,12,0,rtl_ing_rows=1 rtl_drop_rows=0 rtl_lane_credit_min=333 rtl_lane_credit_max=333 rtl_ticket_credit_min=1858 | tlm_ing_rows=1 tlm_lane_credit_min=2 tlm_effective_min=2 tlm_ticket_credit_min=1236 tlm_reasons=lane_credit
component_b403_rho0750_f0261_seed7103,normal,ingress_predrop_flag_hits,4,90,1,107,0,12,12,0,rtl_ing_rows=1 rtl_drop_rows=0 rtl_lane_credit_min=305 rtl_lane_credit_max=305 rtl_ticket_credit_min=1706 | tlm_ing_rows=1 tlm_lane_credit_min=1 tlm_effective_min=1 tlm_ticket_credit_min=1073 tlm_reasons=lane_credit
component_b403_rho0750_f0261_seed7103,normal,ingress_predrop_flag_hits,5,91,2,108,0,12,12,0,rtl_ing_rows=1 rtl_drop_rows=0 rtl_lane_credit_min=282 rtl_lane_credit_max=282 rtl_ticket_credit_min=1664 | tlm_ing_rows=1 tlm_lane_credit_min=1 tlm_effective_min=1 tlm_ticket_credit_min=1058 tlm_reasons=lane_credit
component_b403_rho0750_f0261_seed7103,normal,ingress_predrop_flag_hits,6,91,3,101,0,12,12,0,rtl_ing_rows=1 rtl_drop_rows=0 rtl_lane_credit_min=169 rtl_lane_credit_max=169 rtl_ticket_credit_min=1671 | tlm_ing_rows=1 tlm_lane_credit_min=1 tlm_effective_min=1 tlm_ticket_credit_min=1088 tlm_reasons=lane_credit
component_b403_rho0750_f0261_seed7103,normal,ingress_predrop_flag_hits,7,104,0,73,0,12,12,0,rtl_ing_rows=1 rtl_drop_rows=0 rtl_lane_credit_min=1 rtl_lane_credit_max=1 rtl_ticket_credit_min=1372 | tlm_ing_rows=1 tlm_lane_credit_min=1 tlm_effective_min=1 tlm_ticket_credit_min=779 tlm_reasons=lane_credit
component_b403_rho0750_f0261_seed7103,normal,ingress_predrop_flag_hits,8,104,2,102,0,12,12,0,rtl_ing_rows=1 rtl_drop_rows=0 rtl_lane_credit_min=108 rtl_lane_credit_max=108 rtl_ticket_credit_min=1309 | tlm_ing_rows=1 tlm_lane_credit_min=1 tlm_effective_min=1 tlm_ticket_credit_min=671 tlm_reasons=lane_credit
component_b403_rho0750_f0261_seed7103,normal,controlled_predrop_exact_hits,1,200,2,106,16,0,-16,0,rtl_ing_rows=1 rtl_drop_rows=0 rtl_lane_credit_min=3 rtl_lane_credit_max=3 rtl_ticket_credit_min=12 | tlm_ing_rows=1 tlm_lane_credit_min=72 tlm_effective_min=72 tlm_ticket_credit_min=916 tlm_reasons=accept
component_b403_rho0750_f0261_seed7103,normal,controlled_predrop_exact_hits,2,116,2,87,13,0,-13,0,rtl_ing_rows=1 rtl_drop_rows=0 rtl_lane_credit_min=2 rtl_lane_credit_max=2 rtl_ticket_credit_min=1056 | tlm_ing_rows=1 tlm_lane_credit_min=20 tlm_effective_min=20 tlm_ticket_credit_min=415 tlm_reasons=accept
component_b403_rho0750_f0261_seed7103,normal,controlled_predrop_exact_hits,3,207,1,11,13,0,-13,0,rtl_ing_rows=1 rtl_drop_rows=0 rtl_lane_credit_min=12 rtl_lane_credit_max=12 rtl_ticket_credit_min=62 | tlm_ing_rows=1 tlm_lane_credit_min=139 tlm_effective_min=139 tlm_ticket_credit_min=1099 tlm_reasons=accept
component_b403_rho0750_f0261_seed7103,normal,controlled_predrop_exact_hits,4,76,0,119,0,12,12,1,rtl_ing_rows=1 rtl_drop_rows=0 rtl_lane_credit_min=441 rtl_lane_credit_max=441 rtl_ticket_credit_min=2040 | tlm_ing_rows=1 tlm_lane_credit_min=2 tlm_effective_min=2 tlm_ticket_credit_min=1525 tlm_reasons=lane_credit
component_b403_rho0750_f0261_seed7103,normal,controlled_predrop_exact_hits,5,85,3,78,0,12,12,0,rtl_ing_rows=1 rtl_drop_rows=0 rtl_lane_credit_min=345 rtl_lane_credit_max=345 rtl_ticket_credit_min=1859 | tlm_ing_rows=1 tlm_lane_credit_min=2 tlm_effective_min=2 tlm_ticket_credit_min=1235 tlm_reasons=lane_credit
component_b403_rho0750_f0261_seed7103,normal,controlled_predrop_exact_hits,6,85,3,79,0,12,12,0,rtl_ing_rows=1 rtl_drop_rows=0 rtl_lane_credit_min=333 rtl_lane_credit_max=333 rtl_ticket_credit_min=1858 | tlm_ing_rows=1 tlm_lane_credit_min=2 tlm_effective_min=2 tlm_ticket_credit_min=1236 tlm_reasons=lane_credit
component_b403_rho0750_f0261_seed7103,normal,controlled_predrop_exact_hits,7,90,1,107,0,12,12,0,rtl_ing_rows=1 rtl_drop_rows=0 rtl_lane_credit_min=305 rtl_lane_credit_max=305 rtl_ticket_credit_min=1706 | tlm_ing_rows=1 tlm_lane_credit_min=1 tlm_effective_min=1 tlm_ticket_credit_min=1073 tlm_reasons=lane_credit
component_b403_rho0750_f0261_seed7103,normal,controlled_predrop_exact_hits,8,91,2,108,0,12,12,0,rtl_ing_rows=1 rtl_drop_rows=0 rtl_lane_credit_min=282 rtl_lane_credit_max=282 rtl_ticket_credit_min=1664 | tlm_ing_rows=1 tlm_lane_credit_min=1 tlm_effective_min=1 tlm_ticket_credit_min=1058 tlm_reasons=lane_credit
component_b403_rho0750_f0261_seed7103,normal,pa_load_hits,1,200,2,106,0,16,16,0,
component_b403_rho0750_f0261_seed7103,normal,pa_load_hits,2,116,2,87,0,13,13,0,
component_b403_rho0750_f0261_seed7103,normal,pa_load_hits,3,207,1,11,0,13,13,0,
component_b403_rho0750_f0261_seed7103,normal,pa_load_hits,4,76,0,119,12,0,-12,1,
component_b403_rho0750_f0261_seed7103,normal,pa_load_hits,5,85,3,78,12,0,-12,0,
component_b403_rho0750_f0261_seed7103,normal,pa_load_hits,6,85,3,79,12,0,-12,0,
component_b403_rho0750_f0261_seed7103,normal,pa_load_hits,7,90,1,107,12,0,-12,0,
component_b403_rho0750_f0261_seed7103,normal,pa_load_hits,8,91,2,108,12,0,-12,0,
component_b403_rho0750_f0261_seed7103,normal,late_drop_pa_action_hits,1,139,3,6,0,12,12,0,
component_b403_rho0750_f0261_seed7103,normal,late_drop_pa_action_hits,2,146,3,2,0,12,12,0,
component_b403_rho0750_f0261_seed7103,normal,late_drop_pa_action_hits,3,197,3,40,12,0,-12,0,
component_b403_rho0750_f0261_seed7103,normal,late_drop_pa_action_hits,4,205,0,44,12,0,-12,0,
component_b403_rho0750_f0261_seed7103,normal,late_drop_pa_action_hits,5,139,2,39,0,9,9,0,
component_b403_rho0750_f0261_seed7103,normal,late_drop_pa_action_hits,6,143,2,38,0,9,9,0,
component_b403_rho0750_f0261_seed7103,normal,late_drop_pa_action_hits,7,176,0,24,9,0,-9,0,
component_b403_rho0750_f0261_seed7103,normal,late_drop_pa_action_hits,8,216,3,39,9,0,-9,0,
component_b403_rho0750_f0261_seed7103,normal,late_drop_control_exact_hits,1,139,3,6,0,12,12,0,
component_b403_rho0750_f0261_seed7103,normal,late_drop_control_exact_hits,2,146,3,2,0,12,12,0,
component_b403_rho0750_f0261_seed7103,normal,late_drop_control_exact_hits,3,197,3,40,12,0,-12,0,
component_b403_rho0750_f0261_seed7103,normal,late_drop_control_exact_hits,4,205,0,44,12,0,-12,0,
component_b403_rho0750_f0261_seed7103,normal,late_drop_control_exact_hits,5,139,2,39,0,9,9,0,
component_b403_rho0750_f0261_seed7103,normal,late_drop_control_exact_hits,6,143,2,38,0,9,9,0,
component_b403_rho0750_f0261_seed7103,normal,late_drop_control_exact_hits,7,176,0,24,9,0,-9,0,
component_b403_rho0750_f0261_seed7103,normal,late_drop_control_exact_hits,8,216,3,39,9,0,-9,0,
component_b403_rho0750_f0261_seed7103,normal,transaction_deliver_hits,1,197,-1,40,0,20,20,0,
component_b403_rho0750_f0261_seed7103,normal,transaction_deliver_hits,2,85,-1,79,17,0,-17,0,
component_b403_rho0750_f0261_seed7103,normal,transaction_deliver_hits,3,91,-1,108,17,0,-17,0,
component_b403_rho0750_f0261_seed7103,normal,transaction_deliver_hits,4,116,-1,87,0,17,17,0,
component_b403_rho0750_f0261_seed7103,normal,transaction_deliver_hits,5,147,-1,79,17,0,-17,0,
component_b403_rho0750_f0261_seed7103,normal,transaction_deliver_hits,6,183,-1,100,0,17,17,0,
component_b403_rho0750_f0261_seed7103,normal,transaction_deliver_hits,7,186,-1,37,0,17,17,0,
component_b403_rho0750_f0261_seed7103,normal,transaction_deliver_hits,8,191,-1,102,0,17,17,0,
component_b403_rho0750_f0261_seed7103,normal,ingress_decision_ticket,1,76,0,119,1,0,-1,1,decision=accept | rtl_ing_rows=1 rtl_drop_rows=0 rtl_lane_credit_min=441 rtl_lane_credit_max=441 rtl_ticket_credit_min=2040 | tlm_ing_rows=1 tlm_lane_credit_min=2 tlm_effective_min=2 tlm_ticket_credit_min=1525 tlm_reasons=lane_credit
component_b403_rho0750_f0261_seed7103,normal,ingress_decision_ticket,2,76,0,119,0,1,1,0,decision=drop | rtl_ing_rows=1 rtl_drop_rows=0 rtl_lane_credit_min=441 rtl_lane_credit_max=441 rtl_ticket_credit_min=2040 | tlm_ing_rows=1 tlm_lane_credit_min=2 tlm_effective_min=2 tlm_ticket_credit_min=1525 tlm_reasons=lane_credit
component_b403_rho0750_f0261_seed7103,normal,ingress_decision_ticket,3,76,0,120,1,0,-1,0,decision=accept | rtl_ing_rows=1 rtl_drop_rows=0 rtl_lane_credit_min=429 rtl_lane_credit_max=429 rtl_ticket_credit_min=2039 | tlm_ing_rows=1 tlm_lane_credit_min=2 tlm_effective_min=2 tlm_ticket_credit_min=1525 tlm_reasons=lane_credit
component_b403_rho0750_f0261_seed7103,normal,ingress_decision_ticket,4,76,0,120,0,1,1,0,decision=drop | rtl_ing_rows=1 rtl_drop_rows=0 rtl_lane_credit_min=429 rtl_lane_credit_max=429 rtl_ticket_credit_min=2039 | tlm_ing_rows=1 tlm_lane_credit_min=2 tlm_effective_min=2 tlm_ticket_credit_min=1525 tlm_reasons=lane_credit
component_b403_rho0750_f0261_seed7103,normal,ingress_decision_ticket,5,77,0,37,1,0,-1,0,decision=accept | rtl_ing_rows=1 rtl_drop_rows=0 rtl_lane_credit_min=462 rtl_lane_credit_max=462 rtl_ticket_credit_min=2073 | tlm_ing_rows=1 tlm_lane_credit_min=3 tlm_effective_min=3 tlm_ticket_credit_min=1503 tlm_reasons=lane_credit
component_b403_rho0750_f0261_seed7103,normal,ingress_decision_ticket,6,77,0,37,0,1,1,0,decision=drop | rtl_ing_rows=1 rtl_drop_rows=0 rtl_lane_credit_min=462 rtl_lane_credit_max=462 rtl_ticket_credit_min=2073 | tlm_ing_rows=1 tlm_lane_credit_min=3 tlm_effective_min=3 tlm_ticket_credit_min=1503 tlm_reasons=lane_credit
component_b403_rho0750_f0261_seed7103,normal,ingress_decision_ticket,7,77,0,39,1,0,-1,0,decision=accept | rtl_ing_rows=1 rtl_drop_rows=0 rtl_lane_credit_min=454 rtl_lane_credit_max=454 rtl_ticket_credit_min=2071 | tlm_ing_rows=1 tlm_lane_credit_min=3 tlm_effective_min=3 tlm_ticket_credit_min=1503 tlm_reasons=lane_credit
component_b403_rho0750_f0261_seed7103,normal,ingress_decision_ticket,8,77,0,39,0,1,1,0,decision=drop | rtl_ing_rows=1 rtl_drop_rows=0 rtl_lane_credit_min=454 rtl_lane_credit_max=454 rtl_ticket_credit_min=2071 | tlm_ing_rows=1 tlm_lane_credit_min=3 tlm_effective_min=3 tlm_ticket_credit_min=1503 tlm_reasons=lane_credit
component_b403_rho0750_f0261_seed7103,forced_ingress,ingress_accept_hits,1,200,2,106,16,0,-16,0,rtl_ing_rows=1 rtl_drop_rows=0 rtl_lane_credit_min=3 rtl_lane_credit_max=3 rtl_ticket_credit_min=12 | tlm_ing_rows=1 tlm_lane_credit_min=-779 tlm_effective_min=0 tlm_ticket_credit_min=-1987 tlm_reasons=rtl_forced_pre
component_b403_rho0750_f0261_seed7103,forced_ingress,ingress_accept_hits,2,116,2,87,13,0,-13,0,rtl_ing_rows=1 rtl_drop_rows=0 rtl_lane_credit_min=2 rtl_lane_credit_max=2 rtl_ticket_credit_min=1056 | tlm_ing_rows=1 tlm_lane_credit_min=-537 tlm_effective_min=0 tlm_ticket_credit_min=269 tlm_reasons=rtl_forced_pre
component_b403_rho0750_f0261_seed7103,forced_ingress,ingress_accept_hits,3,207,1,11,13,0,-13,0,rtl_ing_rows=1 rtl_drop_rows=0 rtl_lane_credit_min=12 rtl_lane_credit_max=12 rtl_ticket_credit_min=62 | tlm_ing_rows=1 tlm_lane_credit_min=-731 tlm_effective_min=0 tlm_ticket_credit_min=-2025 tlm_reasons=rtl_forced_pre
component_b403_rho0750_f0261_seed7103,forced_ingress,ingress_accept_hits,4,104,0,73,12,0,-12,0,rtl_ing_rows=1 rtl_drop_rows=0 rtl_lane_credit_min=1 rtl_lane_credit_max=1 rtl_ticket_credit_min=1372 | tlm_ing_rows=1 tlm_lane_credit_min=-564 tlm_effective_min=0 tlm_ticket_credit_min=632 tlm_reasons=rtl_forced_pre
component_b403_rho0750_f0261_seed7103,forced_ingress,ingress_accept_hits,5,106,0,98,12,0,-12,0,rtl_ing_rows=1 rtl_drop_rows=0 rtl_lane_credit_min=3 rtl_lane_credit_max=3 rtl_ticket_credit_min=1343 | tlm_ing_rows=1 tlm_lane_credit_min=-569 tlm_effective_min=0 tlm_ticket_credit_min=570 tlm_reasons=rtl_forced_pre
component_b403_rho0750_f0261_seed7103,forced_ingress,ingress_accept_hits,6,116,2,81,12,0,-12,0,rtl_ing_rows=1 rtl_drop_rows=0 rtl_lane_credit_min=3 rtl_lane_credit_max=3 rtl_ticket_credit_min=1059 | tlm_ing_rows=1 tlm_lane_credit_min=-536 tlm_effective_min=0 tlm_ticket_credit_min=271 tlm_reasons=rtl_forced_pre
component_b403_rho0750_f0261_seed7103,forced_ingress,ingress_accept_hits,7,124,2,29,12,0,-12,0,rtl_ing_rows=1 rtl_drop_rows=0 rtl_lane_credit_min=11 rtl_lane_credit_max=11 rtl_ticket_credit_min=938 | tlm_ing_rows=1 tlm_lane_credit_min=-555 tlm_effective_min=0 tlm_ticket_credit_min=108 tlm_reasons=rtl_forced_pre
component_b403_rho0750_f0261_seed7103,forced_ingress,ingress_accept_hits,8,124,2,94,12,0,-12,0,rtl_ing_rows=1 rtl_drop_rows=0 rtl_lane_credit_min=1 rtl_lane_credit_max=1 rtl_ticket_credit_min=887 | tlm_ing_rows=1 tlm_lane_credit_min=-569 tlm_effective_min=0 tlm_ticket_credit_min=56 tlm_reasons=rtl_forced_pre
component_b403_rho0750_f0261_seed7103,forced_ingress,ingress_predrop_flag_hits,1,200,2,106,0,16,16,0,rtl_ing_rows=1 rtl_drop_rows=0 rtl_lane_credit_min=3 rtl_lane_credit_max=3 rtl_ticket_credit_min=12 | tlm_ing_rows=1 tlm_lane_credit_min=-779 tlm_effective_min=0 tlm_ticket_credit_min=-1987 tlm_reasons=rtl_forced_pre
component_b403_rho0750_f0261_seed7103,forced_ingress,ingress_predrop_flag_hits,2,116,2,87,0,13,13,0,rtl_ing_rows=1 rtl_drop_rows=0 rtl_lane_credit_min=2 rtl_lane_credit_max=2 rtl_ticket_credit_min=1056 | tlm_ing_rows=1 tlm_lane_credit_min=-537 tlm_effective_min=0 tlm_ticket_credit_min=269 tlm_reasons=rtl_forced_pre
component_b403_rho0750_f0261_seed7103,forced_ingress,ingress_predrop_flag_hits,3,207,1,11,0,13,13,0,rtl_ing_rows=1 rtl_drop_rows=0 rtl_lane_credit_min=12 rtl_lane_credit_max=12 rtl_ticket_credit_min=62 | tlm_ing_rows=1 tlm_lane_credit_min=-731 tlm_effective_min=0 tlm_ticket_credit_min=-2025 tlm_reasons=rtl_forced_pre
component_b403_rho0750_f0261_seed7103,forced_ingress,ingress_predrop_flag_hits,4,104,0,73,0,12,12,0,rtl_ing_rows=1 rtl_drop_rows=0 rtl_lane_credit_min=1 rtl_lane_credit_max=1 rtl_ticket_credit_min=1372 | tlm_ing_rows=1 tlm_lane_credit_min=-564 tlm_effective_min=0 tlm_ticket_credit_min=632 tlm_reasons=rtl_forced_pre
component_b403_rho0750_f0261_seed7103,forced_ingress,ingress_predrop_flag_hits,5,106,0,98,0,12,12,0,rtl_ing_rows=1 rtl_drop_rows=0 rtl_lane_credit_min=3 rtl_lane_credit_max=3 rtl_ticket_credit_min=1343 | tlm_ing_rows=1 tlm_lane_credit_min=-569 tlm_effective_min=0 tlm_ticket_credit_min=570 tlm_reasons=rtl_forced_pre
component_b403_rho0750_f0261_seed7103,forced_ingress,ingress_predrop_flag_hits,6,116,2,81,0,12,12,0,rtl_ing_rows=1 rtl_drop_rows=0 rtl_lane_credit_min=3 rtl_lane_credit_max=3 rtl_ticket_credit_min=1059 | tlm_ing_rows=1 tlm_lane_credit_min=-536 tlm_effective_min=0 tlm_ticket_credit_min=271 tlm_reasons=rtl_forced_pre
component_b403_rho0750_f0261_seed7103,forced_ingress,ingress_predrop_flag_hits,7,124,2,29,0,12,12,0,rtl_ing_rows=1 rtl_drop_rows=0 rtl_lane_credit_min=11 rtl_lane_credit_max=11 rtl_ticket_credit_min=938 | tlm_ing_rows=1 tlm_lane_credit_min=-555 tlm_effective_min=0 tlm_ticket_credit_min=108 tlm_reasons=rtl_forced_pre
component_b403_rho0750_f0261_seed7103,forced_ingress,ingress_predrop_flag_hits,8,124,2,94,0,12,12,0,rtl_ing_rows=1 rtl_drop_rows=0 rtl_lane_credit_min=1 rtl_lane_credit_max=1 rtl_ticket_credit_min=887 | tlm_ing_rows=1 tlm_lane_credit_min=-569 tlm_effective_min=0 tlm_ticket_credit_min=56 tlm_reasons=rtl_forced_pre
component_b403_rho0750_f0261_seed7103,forced_ingress,pa_load_hits,1,174,0,121,0,12,12,0,
component_b403_rho0750_f0261_seed7103,forced_ingress,pa_load_hits,2,175,1,11,0,12,12,0,
component_b403_rho0750_f0261_seed7103,forced_ingress,pa_load_hits,3,183,0,99,0,12,12,0,
component_b403_rho0750_f0261_seed7103,forced_ingress,pa_load_hits,4,197,3,40,0,12,12,0,
component_b403_rho0750_f0261_seed7103,forced_ingress,pa_load_hits,5,205,0,44,0,12,12,0,
component_b403_rho0750_f0261_seed7103,forced_ingress,pa_load_hits,6,216,1,64,0,12,12,0,
component_b403_rho0750_f0261_seed7103,forced_ingress,pa_load_hits,7,222,3,111,0,12,12,0,
component_b403_rho0750_f0261_seed7103,forced_ingress,pa_load_hits,8,252,0,45,0,12,12,0,
component_b403_rho0750_f0261_seed7103,forced_ingress,late_drop_pa_action_hits,1,175,1,11,12,0,-12,0,
component_b403_rho0750_f0261_seed7103,forced_ingress,late_drop_pa_action_hits,2,197,3,40,12,0,-12,0,
component_b403_rho0750_f0261_seed7103,forced_ingress,late_drop_pa_action_hits,3,205,0,44,12,0,-12,0,
component_b403_rho0750_f0261_seed7103,forced_ingress,late_drop_pa_action_hits,4,176,0,24,9,0,-9,0,
component_b403_rho0750_f0261_seed7103,forced_ingress,late_drop_pa_action_hits,5,216,3,39,9,0,-9,0,
component_b403_rho0750_f0261_seed7103,forced_ingress,late_drop_pa_action_hits,6,238,3,12,9,0,-9,0,
component_b403_rho0750_f0261_seed7103,forced_ingress,late_drop_pa_action_hits,7,249,1,66,9,0,-9,0,
component_b403_rho0750_f0261_seed7103,forced_ingress,late_drop_pa_action_hits,8,152,1,31,8,0,-8,0,
component_b403_rho0750_f0261_seed7103,forced_ingress,late_drop_control_exact_hits,1,175,1,11,12,0,-12,0,
component_b403_rho0750_f0261_seed7103,forced_ingress,late_drop_control_exact_hits,2,197,3,40,12,0,-12,0,
component_b403_rho0750_f0261_seed7103,forced_ingress,late_drop_control_exact_hits,3,205,0,44,12,0,-12,0,
component_b403_rho0750_f0261_seed7103,forced_ingress,late_drop_control_exact_hits,4,176,0,24,9,0,-9,0,
component_b403_rho0750_f0261_seed7103,forced_ingress,late_drop_control_exact_hits,5,216,3,39,9,0,-9,0,
component_b403_rho0750_f0261_seed7103,forced_ingress,late_drop_control_exact_hits,6,238,3,12,9,0,-9,0,
component_b403_rho0750_f0261_seed7103,forced_ingress,late_drop_control_exact_hits,7,249,1,66,9,0,-9,0,
component_b403_rho0750_f0261_seed7103,forced_ingress,late_drop_control_exact_hits,8,152,1,31,8,0,-8,0,
component_b403_rho0750_f0261_seed7103,forced_ingress,transaction_deliver_hits,1,191,-1,102,0,17,17,0,
component_b403_rho0750_f0261_seed7103,forced_ingress,transaction_deliver_hits,2,158,-1,4,0,16,16,0,
component_b403_rho0750_f0261_seed7103,forced_ingress,transaction_deliver_hits,3,161,-1,61,0,16,16,0,
component_b403_rho0750_f0261_seed7103,forced_ingress,transaction_deliver_hits,4,161,-1,95,0,16,16,0,
component_b403_rho0750_f0261_seed7103,forced_ingress,transaction_deliver_hits,5,163,-1,19,0,16,16,0,
component_b403_rho0750_f0261_seed7103,forced_ingress,transaction_deliver_hits,6,178,-1,20,0,16,16,0,
component_b403_rho0750_f0261_seed7103,forced_ingress,transaction_deliver_hits,7,188,-1,10,0,16,16,0,
component_b403_rho0750_f0261_seed7103,forced_ingress,transaction_deliver_hits,8,195,-1,22,0,16,16,0,
component_b403_rho0750_f0261_seed7103,forced_ingress,ingress_decision_ticket,1,99,0,45,1,0,-1,1,decision=accept | rtl_ing_rows=1 rtl_drop_rows=0 rtl_lane_credit_min=3 rtl_lane_credit_max=3 rtl_ticket_credit_min=1488 | tlm_ing_rows=1 tlm_lane_credit_min=-502 tlm_effective_min=0 tlm_ticket_credit_min=803 tlm_reasons=rtl_forced_pre
component_b403_rho0750_f0261_seed7103,forced_ingress,ingress_decision_ticket,2,99,0,45,0,1,1,0,decision=drop | rtl_ing_rows=1 rtl_drop_rows=0 rtl_lane_credit_min=3 rtl_lane_credit_max=3 rtl_ticket_credit_min=1488 | tlm_ing_rows=1 tlm_lane_credit_min=-502 tlm_effective_min=0 tlm_ticket_credit_min=803 tlm_reasons=rtl_forced_pre
component_b403_rho0750_f0261_seed7103,forced_ingress,ingress_decision_ticket,3,99,0,46,1,0,-1,0,decision=accept | rtl_ing_rows=1 rtl_drop_rows=0 rtl_lane_credit_min=3 rtl_lane_credit_max=3 rtl_ticket_credit_min=1488 | tlm_ing_rows=1 tlm_lane_credit_min=-502 tlm_effective_min=0 tlm_ticket_credit_min=803 tlm_reasons=rtl_forced_pre
component_b403_rho0750_f0261_seed7103,forced_ingress,ingress_decision_ticket,4,99,0,46,0,1,1,0,decision=drop | rtl_ing_rows=1 rtl_drop_rows=0 rtl_lane_credit_min=3 rtl_lane_credit_max=3 rtl_ticket_credit_min=1488 | tlm_ing_rows=1 tlm_lane_credit_min=-502 tlm_effective_min=0 tlm_ticket_credit_min=803 tlm_reasons=rtl_forced_pre
component_b403_rho0750_f0261_seed7103,forced_ingress,ingress_decision_ticket,5,99,0,49,1,0,-1,0,decision=accept | rtl_ing_rows=1 rtl_drop_rows=0 rtl_lane_credit_min=3 rtl_lane_credit_max=3 rtl_ticket_credit_min=1486 | tlm_ing_rows=1 tlm_lane_credit_min=-502 tlm_effective_min=0 tlm_ticket_credit_min=801 tlm_reasons=rtl_forced_pre
component_b403_rho0750_f0261_seed7103,forced_ingress,ingress_decision_ticket,6,99,0,49,0,1,1,0,decision=drop | rtl_ing_rows=1 rtl_drop_rows=0 rtl_lane_credit_min=3 rtl_lane_credit_max=3 rtl_ticket_credit_min=1486 | tlm_ing_rows=1 tlm_lane_credit_min=-502 tlm_effective_min=0 tlm_ticket_credit_min=801 tlm_reasons=rtl_forced_pre
component_b403_rho0750_f0261_seed7103,forced_ingress,ingress_decision_ticket,7,99,0,50,1,0,-1,0,decision=accept | rtl_ing_rows=1 rtl_drop_rows=0 rtl_lane_credit_min=3 rtl_lane_credit_max=3 rtl_ticket_credit_min=1487 | tlm_ing_rows=1 tlm_lane_credit_min=-501 tlm_effective_min=0 tlm_ticket_credit_min=801 tlm_reasons=rtl_forced_pre
component_b403_rho0750_f0261_seed7103,forced_ingress,ingress_decision_ticket,8,99,0,50,0,1,1,0,decision=drop | rtl_ing_rows=1 rtl_drop_rows=0 rtl_lane_credit_min=3 rtl_lane_credit_max=3 rtl_ticket_credit_min=1487 | tlm_ing_rows=1 tlm_lane_credit_min=-501 tlm_effective_min=0 tlm_ticket_credit_min=801 tlm_reasons=rtl_forced_pre
component_b700_rho0700_f0280_seed7101,normal,ingress_accept_hits,1,87,3,73,34,0,-34,0,rtl_ing_rows=1 rtl_drop_rows=0 rtl_lane_credit_min=426 rtl_lane_credit_max=426 rtl_ticket_credit_min=1940 | tlm_ing_rows=1 tlm_lane_credit_min=20 tlm_effective_min=20 tlm_ticket_credit_min=1246 tlm_reasons=lane_credit
component_b700_rho0700_f0280_seed7101,normal,ingress_accept_hits,2,103,3,84,34,0,-34,0,rtl_ing_rows=1 rtl_drop_rows=0 rtl_lane_credit_min=106 rtl_lane_credit_max=106 rtl_ticket_credit_min=1480 | tlm_ing_rows=1 tlm_lane_credit_min=6 tlm_effective_min=6 tlm_ticket_credit_min=757 tlm_reasons=lane_credit
component_b700_rho0700_f0280_seed7101,normal,ingress_accept_hits,3,109,3,48,34,0,-34,0,rtl_ing_rows=1 rtl_drop_rows=0 rtl_lane_credit_min=89 rtl_lane_credit_max=89 rtl_ticket_credit_min=1427 | tlm_ing_rows=1 tlm_lane_credit_min=6 tlm_effective_min=6 tlm_ticket_credit_min=635 tlm_reasons=lane_credit
component_b700_rho0700_f0280_seed7101,normal,ingress_accept_hits,4,110,0,37,34,0,-34,0,rtl_ing_rows=1 rtl_drop_rows=0 rtl_lane_credit_min=221 rtl_lane_credit_max=221 rtl_ticket_credit_min=1348 | tlm_ing_rows=1 tlm_lane_credit_min=18 tlm_effective_min=18 tlm_ticket_credit_min=598 tlm_reasons=lane_credit
component_b700_rho0700_f0280_seed7101,normal,ingress_accept_hits,5,111,1,85,34,0,-34,0,rtl_ing_rows=1 rtl_drop_rows=0 rtl_lane_credit_min=2 rtl_lane_credit_max=2 rtl_ticket_credit_min=1326 | tlm_ing_rows=1 tlm_lane_credit_min=3 tlm_effective_min=3 tlm_ticket_credit_min=510 tlm_reasons=lane_credit
component_b700_rho0700_f0280_seed7101,normal,ingress_accept_hits,6,113,3,100,34,0,-34,0,rtl_ing_rows=1 rtl_drop_rows=0 rtl_lane_credit_min=37 rtl_lane_credit_max=37 rtl_ticket_credit_min=1238 | tlm_ing_rows=1 tlm_lane_credit_min=5 tlm_effective_min=5 tlm_ticket_credit_min=416 tlm_reasons=lane_credit
component_b700_rho0700_f0280_seed7101,normal,ingress_accept_hits,7,116,1,122,34,0,-34,0,rtl_ing_rows=1 rtl_drop_rows=0 rtl_lane_credit_min=3 rtl_lane_credit_max=3 rtl_ticket_credit_min=1184 | tlm_ing_rows=1 tlm_lane_credit_min=4 tlm_effective_min=4 tlm_ticket_credit_min=319 tlm_reasons=lane_credit
component_b700_rho0700_f0280_seed7101,normal,ingress_accept_hits,8,121,3,50,34,0,-34,0,rtl_ing_rows=1 rtl_drop_rows=0 rtl_lane_credit_min=53 rtl_lane_credit_max=53 rtl_ticket_credit_min=1133 | tlm_ing_rows=1 tlm_lane_credit_min=3 tlm_effective_min=3 tlm_ticket_credit_min=227 tlm_reasons=lane_credit
component_b700_rho0700_f0280_seed7101,normal,ingress_predrop_flag_hits,1,87,3,73,0,34,34,0,rtl_ing_rows=1 rtl_drop_rows=0 rtl_lane_credit_min=426 rtl_lane_credit_max=426 rtl_ticket_credit_min=1940 | tlm_ing_rows=1 tlm_lane_credit_min=20 tlm_effective_min=20 tlm_ticket_credit_min=1246 tlm_reasons=lane_credit
component_b700_rho0700_f0280_seed7101,normal,ingress_predrop_flag_hits,2,103,3,84,0,34,34,0,rtl_ing_rows=1 rtl_drop_rows=0 rtl_lane_credit_min=106 rtl_lane_credit_max=106 rtl_ticket_credit_min=1480 | tlm_ing_rows=1 tlm_lane_credit_min=6 tlm_effective_min=6 tlm_ticket_credit_min=757 tlm_reasons=lane_credit
component_b700_rho0700_f0280_seed7101,normal,ingress_predrop_flag_hits,3,109,3,48,0,34,34,0,rtl_ing_rows=1 rtl_drop_rows=0 rtl_lane_credit_min=89 rtl_lane_credit_max=89 rtl_ticket_credit_min=1427 | tlm_ing_rows=1 tlm_lane_credit_min=6 tlm_effective_min=6 tlm_ticket_credit_min=635 tlm_reasons=lane_credit
component_b700_rho0700_f0280_seed7101,normal,ingress_predrop_flag_hits,4,110,0,37,0,34,34,0,rtl_ing_rows=1 rtl_drop_rows=0 rtl_lane_credit_min=221 rtl_lane_credit_max=221 rtl_ticket_credit_min=1348 | tlm_ing_rows=1 tlm_lane_credit_min=18 tlm_effective_min=18 tlm_ticket_credit_min=598 tlm_reasons=lane_credit
component_b700_rho0700_f0280_seed7101,normal,ingress_predrop_flag_hits,5,111,1,85,0,34,34,0,rtl_ing_rows=1 rtl_drop_rows=0 rtl_lane_credit_min=2 rtl_lane_credit_max=2 rtl_ticket_credit_min=1326 | tlm_ing_rows=1 tlm_lane_credit_min=3 tlm_effective_min=3 tlm_ticket_credit_min=510 tlm_reasons=lane_credit
component_b700_rho0700_f0280_seed7101,normal,ingress_predrop_flag_hits,6,113,3,100,0,34,34,0,rtl_ing_rows=1 rtl_drop_rows=0 rtl_lane_credit_min=37 rtl_lane_credit_max=37 rtl_ticket_credit_min=1238 | tlm_ing_rows=1 tlm_lane_credit_min=5 tlm_effective_min=5 tlm_ticket_credit_min=416 tlm_reasons=lane_credit
component_b700_rho0700_f0280_seed7101,normal,ingress_predrop_flag_hits,7,116,1,122,0,34,34,0,rtl_ing_rows=1 rtl_drop_rows=0 rtl_lane_credit_min=3 rtl_lane_credit_max=3 rtl_ticket_credit_min=1184 | tlm_ing_rows=1 tlm_lane_credit_min=4 tlm_effective_min=4 tlm_ticket_credit_min=319 tlm_reasons=lane_credit
component_b700_rho0700_f0280_seed7101,normal,ingress_predrop_flag_hits,8,121,3,50,0,34,34,0,rtl_ing_rows=1 rtl_drop_rows=0 rtl_lane_credit_min=53 rtl_lane_credit_max=53 rtl_ticket_credit_min=1133 | tlm_ing_rows=1 tlm_lane_credit_min=3 tlm_effective_min=3 tlm_ticket_credit_min=227 tlm_reasons=lane_credit
component_b700_rho0700_f0280_seed7101,normal,controlled_predrop_exact_hits,1,87,3,73,0,34,34,0,rtl_ing_rows=1 rtl_drop_rows=0 rtl_lane_credit_min=426 rtl_lane_credit_max=426 rtl_ticket_credit_min=1940 | tlm_ing_rows=1 tlm_lane_credit_min=20 tlm_effective_min=20 tlm_ticket_credit_min=1246 tlm_reasons=lane_credit
component_b700_rho0700_f0280_seed7101,normal,controlled_predrop_exact_hits,2,103,3,84,0,34,34,0,rtl_ing_rows=1 rtl_drop_rows=0 rtl_lane_credit_min=106 rtl_lane_credit_max=106 rtl_ticket_credit_min=1480 | tlm_ing_rows=1 tlm_lane_credit_min=6 tlm_effective_min=6 tlm_ticket_credit_min=757 tlm_reasons=lane_credit
component_b700_rho0700_f0280_seed7101,normal,controlled_predrop_exact_hits,3,109,3,48,0,34,34,0,rtl_ing_rows=1 rtl_drop_rows=0 rtl_lane_credit_min=89 rtl_lane_credit_max=89 rtl_ticket_credit_min=1427 | tlm_ing_rows=1 tlm_lane_credit_min=6 tlm_effective_min=6 tlm_ticket_credit_min=635 tlm_reasons=lane_credit
component_b700_rho0700_f0280_seed7101,normal,controlled_predrop_exact_hits,4,110,0,37,0,34,34,0,rtl_ing_rows=1 rtl_drop_rows=0 rtl_lane_credit_min=221 rtl_lane_credit_max=221 rtl_ticket_credit_min=1348 | tlm_ing_rows=1 tlm_lane_credit_min=18 tlm_effective_min=18 tlm_ticket_credit_min=598 tlm_reasons=lane_credit
component_b700_rho0700_f0280_seed7101,normal,controlled_predrop_exact_hits,5,113,3,100,0,34,34,0,rtl_ing_rows=1 rtl_drop_rows=0 rtl_lane_credit_min=37 rtl_lane_credit_max=37 rtl_ticket_credit_min=1238 | tlm_ing_rows=1 tlm_lane_credit_min=5 tlm_effective_min=5 tlm_ticket_credit_min=416 tlm_reasons=lane_credit
component_b700_rho0700_f0280_seed7101,normal,controlled_predrop_exact_hits,6,121,3,50,0,34,34,0,rtl_ing_rows=1 rtl_drop_rows=0 rtl_lane_credit_min=53 rtl_lane_credit_max=53 rtl_ticket_credit_min=1133 | tlm_ing_rows=1 tlm_lane_credit_min=3 tlm_effective_min=3 tlm_ticket_credit_min=227 tlm_reasons=lane_credit
component_b700_rho0700_f0280_seed7101,normal,controlled_predrop_exact_hits,7,126,3,30,0,34,34,0,rtl_ing_rows=1 rtl_drop_rows=0 rtl_lane_credit_min=121 rtl_lane_credit_max=121 rtl_ticket_credit_min=1046 | tlm_ing_rows=1 tlm_lane_credit_min=3 tlm_effective_min=3 tlm_ticket_credit_min=126 tlm_reasons=lane_credit
component_b700_rho0700_f0280_seed7101,normal,controlled_predrop_exact_hits,8,158,0,83,0,34,34,0,rtl_ing_rows=1 rtl_drop_rows=0 rtl_lane_credit_min=52 rtl_lane_credit_max=52 rtl_ticket_credit_min=73 | tlm_ing_rows=1 tlm_lane_credit_min=53 tlm_effective_min=53 tlm_ticket_credit_min=0 tlm_reasons=ticket_credit
component_b700_rho0700_f0280_seed7101,normal,pa_load_hits,1,87,3,73,34,0,-34,0,
component_b700_rho0700_f0280_seed7101,normal,pa_load_hits,2,103,3,84,34,0,-34,0,
component_b700_rho0700_f0280_seed7101,normal,pa_load_hits,3,109,3,48,34,0,-34,0,
component_b700_rho0700_f0280_seed7101,normal,pa_load_hits,4,110,0,37,34,0,-34,0,
component_b700_rho0700_f0280_seed7101,normal,pa_load_hits,5,113,3,100,34,0,-34,0,
component_b700_rho0700_f0280_seed7101,normal,pa_load_hits,6,121,3,50,34,0,-34,0,
component_b700_rho0700_f0280_seed7101,normal,pa_load_hits,7,126,3,30,34,0,-34,0,
component_b700_rho0700_f0280_seed7101,normal,pa_load_hits,8,135,1,13,34,0,-34,0,
component_b700_rho0700_f0280_seed7101,normal,late_drop_pa_action_hits,1,135,1,13,0,34,34,0,
component_b700_rho0700_f0280_seed7101,normal,late_drop_pa_action_hits,2,135,2,25,0,34,34,0,
component_b700_rho0700_f0280_seed7101,normal,late_drop_pa_action_hits,3,135,3,15,0,34,34,0,
component_b700_rho0700_f0280_seed7101,normal,late_drop_pa_action_hits,4,169,0,22,34,0,-34,0,
component_b700_rho0700_f0280_seed7101,normal,late_drop_pa_action_hits,5,201,3,49,34,0,-34,0,
component_b700_rho0700_f0280_seed7101,normal,late_drop_pa_action_hits,6,218,1,102,34,0,-34,0,
component_b700_rho0700_f0280_seed7101,normal,late_drop_pa_action_hits,7,222,2,65,34,0,-34,0,
component_b700_rho0700_f0280_seed7101,normal,late_drop_pa_action_hits,8,226,2,110,0,34,34,0,
component_b700_rho0700_f0280_seed7101,normal,late_drop_control_exact_hits,1,135,1,13,0,34,34,0,
component_b700_rho0700_f0280_seed7101,normal,late_drop_control_exact_hits,2,135,2,25,0,34,34,0,
component_b700_rho0700_f0280_seed7101,normal,late_drop_control_exact_hits,3,135,3,15,0,34,34,0,
component_b700_rho0700_f0280_seed7101,normal,late_drop_control_exact_hits,4,169,0,22,34,0,-34,0,
component_b700_rho0700_f0280_seed7101,normal,late_drop_control_exact_hits,5,201,3,49,34,0,-34,0,
component_b700_rho0700_f0280_seed7101,normal,late_drop_control_exact_hits,6,218,1,102,34,0,-34,0,
component_b700_rho0700_f0280_seed7101,normal,late_drop_control_exact_hits,7,222,2,65,34,0,-34,0,
component_b700_rho0700_f0280_seed7101,normal,late_drop_control_exact_hits,8,226,2,110,0,34,34,0,
component_b700_rho0700_f0280_seed7101,normal,transaction_deliver_hits,1,222,-1,125,0,51,51,0,
component_b700_rho0700_f0280_seed7101,normal,transaction_deliver_hits,2,240,-1,118,0,51,51,0,
component_b700_rho0700_f0280_seed7101,normal,transaction_deliver_hits,3,258,-1,36,0,51,51,0,
component_b700_rho0700_f0280_seed7101,normal,transaction_deliver_hits,4,87,-1,73,34,0,-34,0,
component_b700_rho0700_f0280_seed7101,normal,transaction_deliver_hits,5,94,-1,121,34,0,-34,0,
component_b700_rho0700_f0280_seed7101,normal,transaction_deliver_hits,6,100,-1,79,34,0,-34,0,
component_b700_rho0700_f0280_seed7101,normal,transaction_deliver_hits,7,101,-1,91,34,0,-34,0,
component_b700_rho0700_f0280_seed7101,normal,transaction_deliver_hits,8,103,-1,84,34,0,-34,0,
component_b700_rho0700_f0280_seed7101,normal,ingress_decision_ticket,1,81,3,61,1,0,-1,1,decision=accept | rtl_ing_rows=1 rtl_drop_rows=0 rtl_lane_credit_min=426 rtl_lane_credit_max=426 rtl_ticket_credit_min=2042 | tlm_ing_rows=1 tlm_lane_credit_min=3 tlm_effective_min=3 tlm_ticket_credit_min=1454 tlm_reasons=lane_credit
component_b700_rho0700_f0280_seed7101,normal,ingress_decision_ticket,2,81,3,61,0,1,1,0,decision=drop | rtl_ing_rows=1 rtl_drop_rows=0 rtl_lane_credit_min=426 rtl_lane_credit_max=426 rtl_ticket_credit_min=2042 | tlm_ing_rows=1 tlm_lane_credit_min=3 tlm_effective_min=3 tlm_ticket_credit_min=1454 tlm_reasons=lane_credit
component_b700_rho0700_f0280_seed7101,normal,ingress_decision_ticket,3,81,3,72,1,0,-1,0,decision=accept | rtl_ing_rows=1 rtl_drop_rows=0 rtl_lane_credit_min=409 rtl_lane_credit_max=409 rtl_ticket_credit_min=2032 | tlm_ing_rows=1 tlm_lane_credit_min=3 tlm_effective_min=3 tlm_ticket_credit_min=1444 tlm_reasons=lane_credit
component_b700_rho0700_f0280_seed7101,normal,ingress_decision_ticket,4,81,3,72,0,1,1,0,decision=drop | rtl_ing_rows=1 rtl_drop_rows=0 rtl_lane_credit_min=409 rtl_lane_credit_max=409 rtl_ticket_credit_min=2032 | tlm_ing_rows=1 tlm_lane_credit_min=3 tlm_effective_min=3 tlm_ticket_credit_min=1444 tlm_reasons=lane_credit
component_b700_rho0700_f0280_seed7101,normal,ingress_decision_ticket,5,81,3,107,1,0,-1,0,decision=accept | rtl_ing_rows=1 rtl_drop_rows=0 rtl_lane_credit_min=392 rtl_lane_credit_max=392 rtl_ticket_credit_min=1999 | tlm_ing_rows=1 tlm_lane_credit_min=3 tlm_effective_min=3 tlm_ticket_credit_min=1410 tlm_reasons=lane_credit
component_b700_rho0700_f0280_seed7101,normal,ingress_decision_ticket,6,81,3,107,0,1,1,0,decision=drop | rtl_ing_rows=1 rtl_drop_rows=0 rtl_lane_credit_min=392 rtl_lane_credit_max=392 rtl_ticket_credit_min=1999 | tlm_ing_rows=1 tlm_lane_credit_min=3 tlm_effective_min=3 tlm_ticket_credit_min=1410 tlm_reasons=lane_credit
component_b700_rho0700_f0280_seed7101,normal,ingress_decision_ticket,7,81,3,116,1,0,-1,0,decision=accept | rtl_ing_rows=1 rtl_drop_rows=0 rtl_lane_credit_min=375 rtl_lane_credit_max=375 rtl_ticket_credit_min=1991 | tlm_ing_rows=1 tlm_lane_credit_min=3 tlm_effective_min=3 tlm_ticket_credit_min=1402 tlm_reasons=lane_credit
component_b700_rho0700_f0280_seed7101,normal,ingress_decision_ticket,8,81,3,116,0,1,1,0,decision=drop | rtl_ing_rows=1 rtl_drop_rows=0 rtl_lane_credit_min=375 rtl_lane_credit_max=375 rtl_ticket_credit_min=1991 | tlm_ing_rows=1 tlm_lane_credit_min=3 tlm_effective_min=3 tlm_ticket_credit_min=1402 tlm_reasons=lane_credit
component_b700_rho0700_f0280_seed7101,forced_ingress,ingress_accept_hits,1,111,1,85,34,0,-34,0,rtl_ing_rows=1 rtl_drop_rows=0 rtl_lane_credit_min=2 rtl_lane_credit_max=2 rtl_ticket_credit_min=1326 | tlm_ing_rows=1 tlm_lane_credit_min=-439 tlm_effective_min=0 tlm_ticket_credit_min=484 tlm_reasons=rtl_forced_pre
component_b700_rho0700_f0280_seed7101,forced_ingress,ingress_accept_hits,2,116,1,122,34,0,-34,0,rtl_ing_rows=1 rtl_drop_rows=0 rtl_lane_credit_min=3 rtl_lane_credit_max=3 rtl_ticket_credit_min=1184 | tlm_ing_rows=1 tlm_lane_credit_min=-557 tlm_effective_min=0 tlm_ticket_credit_min=286 tlm_reasons=rtl_forced_pre
component_b700_rho0700_f0280_seed7101,forced_ingress,ingress_accept_hits,3,122,0,61,34,0,-34,0,rtl_ing_rows=1 rtl_drop_rows=0 rtl_lane_credit_min=17 rtl_lane_credit_max=17 rtl_ticket_credit_min=1073 | tlm_ing_rows=1 tlm_lane_credit_min=-527 tlm_effective_min=0 tlm_ticket_credit_min=179 tlm_reasons=rtl_forced_pre
component_b700_rho0700_f0280_seed7101,forced_ingress,ingress_accept_hits,4,138,2,117,34,0,-34,0,rtl_ing_rows=1 rtl_drop_rows=0 rtl_lane_credit_min=2 rtl_lane_credit_max=2 rtl_ticket_credit_min=602 | tlm_ing_rows=1 tlm_lane_credit_min=-438 tlm_effective_min=0 tlm_ticket_credit_min=-333 tlm_reasons=rtl_forced_pre
component_b700_rho0700_f0280_seed7101,forced_ingress,ingress_accept_hits,5,152,0,40,34,0,-34,0,rtl_ing_rows=1 rtl_drop_rows=0 rtl_lane_credit_min=34 rtl_lane_credit_max=34 rtl_ticket_credit_min=339 | tlm_ing_rows=1 tlm_lane_credit_min=-476 tlm_effective_min=0 tlm_ticket_credit_min=-669 tlm_reasons=rtl_forced_pre
component_b700_rho0700_f0280_seed7101,forced_ingress,ingress_accept_hits,6,153,2,90,34,0,-34,0,rtl_ing_rows=1 rtl_drop_rows=0 rtl_lane_credit_min=18 rtl_lane_credit_max=18 rtl_ticket_credit_min=186 | tlm_ing_rows=1 tlm_lane_credit_min=-609 tlm_effective_min=0 tlm_ticket_credit_min=-826 tlm_reasons=rtl_forced_pre
component_b700_rho0700_f0280_seed7101,forced_ingress,ingress_accept_hits,7,158,2,77,34,0,-34,0,rtl_ing_rows=1 rtl_drop_rows=0 rtl_lane_credit_min=17 rtl_lane_credit_max=17 rtl_ticket_credit_min=86 | tlm_ing_rows=1 tlm_lane_credit_min=-593 tlm_effective_min=0 tlm_ticket_credit_min=-964 tlm_reasons=rtl_forced_pre
component_b700_rho0700_f0280_seed7101,forced_ingress,ingress_accept_hits,8,163,3,120,0,34,34,0,rtl_ing_rows=1 rtl_drop_rows=1 rtl_lane_credit_min=49 rtl_lane_credit_max=49 rtl_ticket_credit_min=0 | tlm_ing_rows=1 tlm_lane_credit_min=-646 tlm_effective_min=0 tlm_ticket_credit_min=-1135 tlm_reasons=rtl_forced_accept
component_b700_rho0700_f0280_seed7101,forced_ingress,ingress_predrop_flag_hits,1,111,1,85,0,34,34,0,rtl_ing_rows=1 rtl_drop_rows=0 rtl_lane_credit_min=2 rtl_lane_credit_max=2 rtl_ticket_credit_min=1326 | tlm_ing_rows=1 tlm_lane_credit_min=-439 tlm_effective_min=0 tlm_ticket_credit_min=484 tlm_reasons=rtl_forced_pre
component_b700_rho0700_f0280_seed7101,forced_ingress,ingress_predrop_flag_hits,2,116,1,122,0,34,34,0,rtl_ing_rows=1 rtl_drop_rows=0 rtl_lane_credit_min=3 rtl_lane_credit_max=3 rtl_ticket_credit_min=1184 | tlm_ing_rows=1 tlm_lane_credit_min=-557 tlm_effective_min=0 tlm_ticket_credit_min=286 tlm_reasons=rtl_forced_pre
component_b700_rho0700_f0280_seed7101,forced_ingress,ingress_predrop_flag_hits,3,122,0,61,0,34,34,0,rtl_ing_rows=1 rtl_drop_rows=0 rtl_lane_credit_min=17 rtl_lane_credit_max=17 rtl_ticket_credit_min=1073 | tlm_ing_rows=1 tlm_lane_credit_min=-527 tlm_effective_min=0 tlm_ticket_credit_min=179 tlm_reasons=rtl_forced_pre
component_b700_rho0700_f0280_seed7101,forced_ingress,ingress_predrop_flag_hits,4,138,2,117,0,34,34,0,rtl_ing_rows=1 rtl_drop_rows=0 rtl_lane_credit_min=2 rtl_lane_credit_max=2 rtl_ticket_credit_min=602 | tlm_ing_rows=1 tlm_lane_credit_min=-438 tlm_effective_min=0 tlm_ticket_credit_min=-333 tlm_reasons=rtl_forced_pre
component_b700_rho0700_f0280_seed7101,forced_ingress,ingress_predrop_flag_hits,5,152,0,40,0,34,34,0,rtl_ing_rows=1 rtl_drop_rows=0 rtl_lane_credit_min=34 rtl_lane_credit_max=34 rtl_ticket_credit_min=339 | tlm_ing_rows=1 tlm_lane_credit_min=-476 tlm_effective_min=0 tlm_ticket_credit_min=-669 tlm_reasons=rtl_forced_pre
component_b700_rho0700_f0280_seed7101,forced_ingress,ingress_predrop_flag_hits,6,153,2,90,0,34,34,0,rtl_ing_rows=1 rtl_drop_rows=0 rtl_lane_credit_min=18 rtl_lane_credit_max=18 rtl_ticket_credit_min=186 | tlm_ing_rows=1 tlm_lane_credit_min=-609 tlm_effective_min=0 tlm_ticket_credit_min=-826 tlm_reasons=rtl_forced_pre
component_b700_rho0700_f0280_seed7101,forced_ingress,ingress_predrop_flag_hits,7,158,2,77,0,34,34,0,rtl_ing_rows=1 rtl_drop_rows=0 rtl_lane_credit_min=17 rtl_lane_credit_max=17 rtl_ticket_credit_min=86 | tlm_ing_rows=1 tlm_lane_credit_min=-593 tlm_effective_min=0 tlm_ticket_credit_min=-964 tlm_reasons=rtl_forced_pre
component_b700_rho0700_f0280_seed7101,forced_ingress,ingress_predrop_flag_hits,8,163,3,120,34,0,-34,0,rtl_ing_rows=1 rtl_drop_rows=1 rtl_lane_credit_min=49 rtl_lane_credit_max=49 rtl_ticket_credit_min=0 | tlm_ing_rows=1 tlm_lane_credit_min=-646 tlm_effective_min=0 tlm_ticket_credit_min=-1135 tlm_reasons=rtl_forced_accept
component_b700_rho0700_f0280_seed7101,forced_ingress,pa_load_hits,1,163,3,120,0,34,34,0,
component_b700_rho0700_f0280_seed7101,forced_ingress,pa_load_hits,2,169,0,22,0,34,34,0,
component_b700_rho0700_f0280_seed7101,forced_ingress,pa_load_hits,3,169,1,26,0,34,34,0,
component_b700_rho0700_f0280_seed7101,forced_ingress,pa_load_hits,4,201,3,49,0,34,34,0,
component_b700_rho0700_f0280_seed7101,forced_ingress,pa_load_hits,5,202,3,58,0,34,34,0,
component_b700_rho0700_f0280_seed7101,forced_ingress,pa_load_hits,6,212,1,119,0,34,34,0,
component_b700_rho0700_f0280_seed7101,forced_ingress,pa_load_hits,7,218,1,102,0,34,34,0,
component_b700_rho0700_f0280_seed7101,forced_ingress,pa_load_hits,8,222,1,125,0,34,34,0,
component_b700_rho0700_f0280_seed7101,forced_ingress,late_drop_pa_action_hits,1,169,0,22,34,0,-34,0,
component_b700_rho0700_f0280_seed7101,forced_ingress,late_drop_pa_action_hits,2,169,1,26,34,0,-34,0,
component_b700_rho0700_f0280_seed7101,forced_ingress,late_drop_pa_action_hits,3,201,3,49,34,0,-34,0,
component_b700_rho0700_f0280_seed7101,forced_ingress,late_drop_pa_action_hits,4,218,1,102,34,0,-34,0,
component_b700_rho0700_f0280_seed7101,forced_ingress,late_drop_pa_action_hits,5,222,2,65,34,0,-34,0,
component_b700_rho0700_f0280_seed7101,forced_ingress,late_drop_pa_action_hits,6,227,3,46,34,0,-34,0,
component_b700_rho0700_f0280_seed7101,forced_ingress,late_drop_pa_action_hits,7,231,2,20,34,0,-34,0,
component_b700_rho0700_f0280_seed7101,forced_ingress,late_drop_pa_action_hits,8,244,0,16,34,0,-34,0,
component_b700_rho0700_f0280_seed7101,forced_ingress,late_drop_control_exact_hits,1,169,0,22,34,0,-34,0,
component_b700_rho0700_f0280_seed7101,forced_ingress,late_drop_control_exact_hits,2,169,1,26,34,0,-34,0,
component_b700_rho0700_f0280_seed7101,forced_ingress,late_drop_control_exact_hits,3,201,3,49,34,0,-34,0,
component_b700_rho0700_f0280_seed7101,forced_ingress,late_drop_control_exact_hits,4,218,1,102,34,0,-34,0,
component_b700_rho0700_f0280_seed7101,forced_ingress,late_drop_control_exact_hits,5,222,2,65,34,0,-34,0,
component_b700_rho0700_f0280_seed7101,forced_ingress,late_drop_control_exact_hits,6,227,3,46,34,0,-34,0,
component_b700_rho0700_f0280_seed7101,forced_ingress,late_drop_control_exact_hits,7,231,2,20,34,0,-34,0,
component_b700_rho0700_f0280_seed7101,forced_ingress,late_drop_control_exact_hits,8,244,0,16,34,0,-34,0,
component_b700_rho0700_f0280_seed7101,forced_ingress,transaction_deliver_hits,1,222,-1,125,0,51,51,0,
component_b700_rho0700_f0280_seed7101,forced_ingress,transaction_deliver_hits,2,240,-1,118,0,51,51,0,
component_b700_rho0700_f0280_seed7101,forced_ingress,transaction_deliver_hits,3,163,-1,120,0,34,34,0,
component_b700_rho0700_f0280_seed7101,forced_ingress,transaction_deliver_hits,4,166,-1,106,0,34,34,0,
component_b700_rho0700_f0280_seed7101,forced_ingress,transaction_deliver_hits,5,166,-1,110,0,34,34,0,
component_b700_rho0700_f0280_seed7101,forced_ingress,transaction_deliver_hits,6,168,-1,60,0,34,34,0,
component_b700_rho0700_f0280_seed7101,forced_ingress,transaction_deliver_hits,7,169,-1,22,0,34,34,0,
component_b700_rho0700_f0280_seed7101,forced_ingress,transaction_deliver_hits,8,169,-1,26,0,34,34,0,
component_b700_rho0700_f0280_seed7101,forced_ingress,ingress_decision_ticket,1,101,2,120,1,0,-1,1,decision=accept | rtl_ing_rows=1 rtl_drop_rows=0 rtl_lane_credit_min=17 rtl_lane_credit_max=17 rtl_ticket_credit_min=1519 | tlm_ing_rows=1 tlm_lane_credit_min=-389 tlm_effective_min=0 tlm_ticket_credit_min=787 tlm_reasons=rtl_forced_pre
component_b700_rho0700_f0280_seed7101,forced_ingress,ingress_decision_ticket,2,101,2,120,0,1,1,0,decision=drop | rtl_ing_rows=1 rtl_drop_rows=0 rtl_lane_credit_min=17 rtl_lane_credit_max=17 rtl_ticket_credit_min=1519 | tlm_ing_rows=1 tlm_lane_credit_min=-389 tlm_effective_min=0 tlm_ticket_credit_min=787 tlm_reasons=rtl_forced_pre
component_b700_rho0700_f0280_seed7101,forced_ingress,ingress_decision_ticket,3,103,2,37,1,0,-1,0,decision=accept | rtl_ing_rows=1 rtl_drop_rows=0 rtl_lane_credit_min=17 rtl_lane_credit_max=17 rtl_ticket_credit_min=1527 | tlm_ing_rows=1 tlm_lane_credit_min=-440 tlm_effective_min=0 tlm_ticket_credit_min=774 tlm_reasons=rtl_forced_pre
component_b700_rho0700_f0280_seed7101,forced_ingress,ingress_decision_ticket,4,103,2,37,0,1,1,0,decision=drop | rtl_ing_rows=1 rtl_drop_rows=0 rtl_lane_credit_min=17 rtl_lane_credit_max=17 rtl_ticket_credit_min=1527 | tlm_ing_rows=1 tlm_lane_credit_min=-440 tlm_effective_min=0 tlm_ticket_credit_min=774 tlm_reasons=rtl_forced_pre
component_b700_rho0700_f0280_seed7101,forced_ingress,ingress_decision_ticket,5,103,2,79,1,0,-1,0,decision=accept | rtl_ing_rows=1 rtl_drop_rows=0 rtl_lane_credit_min=17 rtl_lane_credit_max=17 rtl_ticket_credit_min=1488 | tlm_ing_rows=1 tlm_lane_credit_min=-440 tlm_effective_min=0 tlm_ticket_credit_min=735 tlm_reasons=rtl_forced_pre
component_b700_rho0700_f0280_seed7101,forced_ingress,ingress_decision_ticket,6,103,2,79,0,1,1,0,decision=drop | rtl_ing_rows=1 rtl_drop_rows=0 rtl_lane_credit_min=17 rtl_lane_credit_max=17 rtl_ticket_credit_min=1488 | tlm_ing_rows=1 tlm_lane_credit_min=-440 tlm_effective_min=0 tlm_ticket_credit_min=735 tlm_reasons=rtl_forced_pre
component_b700_rho0700_f0280_seed7101,forced_ingress,ingress_decision_ticket,7,103,2,83,1,0,-1,0,decision=accept | rtl_ing_rows=1 rtl_drop_rows=0 rtl_lane_credit_min=17 rtl_lane_credit_max=17 rtl_ticket_credit_min=1486 | tlm_ing_rows=1 tlm_lane_credit_min=-440 tlm_effective_min=0 tlm_ticket_credit_min=732 tlm_reasons=rtl_forced_pre
component_b700_rho0700_f0280_seed7101,forced_ingress,ingress_decision_ticket,8,103,2,83,0,1,1,0,decision=drop | rtl_ing_rows=1 rtl_drop_rows=0 rtl_lane_credit_min=17 rtl_lane_credit_max=17 rtl_ticket_credit_min=1486 | tlm_ing_rows=1 tlm_lane_credit_min=-440 tlm_effective_min=0 tlm_ticket_credit_min=732 tlm_reasons=rtl_forced_pre
component_b700_rho0700_f0280_seed7102,normal,ingress_accept_hits,1,87,1,107,34,0,-34,0,rtl_ing_rows=1 rtl_drop_rows=0 rtl_lane_credit_min=409 rtl_lane_credit_max=409 rtl_ticket_credit_min=1909 | tlm_ing_rows=1 tlm_lane_credit_min=3 tlm_effective_min=3 tlm_ticket_credit_min=1211 tlm_reasons=lane_credit
component_b700_rho0700_f0280_seed7102,normal,ingress_accept_hits,2,95,2,125,34,0,-34,0,rtl_ing_rows=1 rtl_drop_rows=0 rtl_lane_credit_min=204 rtl_lane_credit_max=204 rtl_ticket_credit_min=1647 | tlm_ing_rows=1 tlm_lane_credit_min=3 tlm_effective_min=3 tlm_ticket_credit_min=960 tlm_reasons=lane_credit
component_b700_rho0700_f0280_seed7102,normal,ingress_accept_hits,3,98,2,112,34,0,-34,0,rtl_ing_rows=1 rtl_drop_rows=0 rtl_lane_credit_min=85 rtl_lane_credit_max=85 rtl_ticket_credit_min=1572 | tlm_ing_rows=1 tlm_lane_credit_min=3 tlm_effective_min=3 tlm_ticket_credit_min=899 tlm_reasons=lane_credit
component_b700_rho0700_f0280_seed7102,normal,ingress_accept_hits,4,105,0,12,34,0,-34,0,rtl_ing_rows=1 rtl_drop_rows=0 rtl_lane_credit_min=51 rtl_lane_credit_max=51 rtl_ticket_credit_min=1509 | tlm_ing_rows=1 tlm_lane_credit_min=17 tlm_effective_min=17 tlm_ticket_credit_min=768 tlm_reasons=lane_credit
component_b700_rho0700_f0280_seed7102,normal,ingress_accept_hits,5,105,0,36,34,0,-34,0,rtl_ing_rows=1 rtl_drop_rows=0 rtl_lane_credit_min=17 rtl_lane_credit_max=17 rtl_ticket_credit_min=1485 | tlm_ing_rows=1 tlm_lane_credit_min=17 tlm_effective_min=17 tlm_ticket_credit_min=745 tlm_reasons=lane_credit
component_b700_rho0700_f0280_seed7102,normal,ingress_accept_hits,6,116,2,29,34,0,-34,0,rtl_ing_rows=1 rtl_drop_rows=0 rtl_lane_credit_min=224 rtl_lane_credit_max=224 rtl_ticket_credit_min=1252 | tlm_ing_rows=1 tlm_lane_credit_min=21 tlm_effective_min=21 tlm_ticket_credit_min=380 tlm_reasons=lane_credit
component_b700_rho0700_f0280_seed7102,normal,ingress_accept_hits,7,118,2,114,34,0,-34,0,rtl_ing_rows=1 rtl_drop_rows=0 rtl_lane_credit_min=188 rtl_lane_credit_max=188 rtl_ticket_credit_min=1102 | tlm_ing_rows=1 tlm_lane_credit_min=2 tlm_effective_min=2 tlm_ticket_credit_min=264 tlm_reasons=lane_credit
component_b700_rho0700_f0280_seed7102,normal,ingress_accept_hits,8,119,2,66,34,0,-34,0,rtl_ing_rows=1 rtl_drop_rows=0 rtl_lane_credit_min=205 rtl_lane_credit_max=205 rtl_ticket_credit_min=1173 | tlm_ing_rows=1 tlm_lane_credit_min=2 tlm_effective_min=2 tlm_ticket_credit_min=267 tlm_reasons=lane_credit
component_b700_rho0700_f0280_seed7102,normal,ingress_predrop_flag_hits,1,87,1,107,0,34,34,0,rtl_ing_rows=1 rtl_drop_rows=0 rtl_lane_credit_min=409 rtl_lane_credit_max=409 rtl_ticket_credit_min=1909 | tlm_ing_rows=1 tlm_lane_credit_min=3 tlm_effective_min=3 tlm_ticket_credit_min=1211 tlm_reasons=lane_credit
component_b700_rho0700_f0280_seed7102,normal,ingress_predrop_flag_hits,2,95,2,125,0,34,34,0,rtl_ing_rows=1 rtl_drop_rows=0 rtl_lane_credit_min=204 rtl_lane_credit_max=204 rtl_ticket_credit_min=1647 | tlm_ing_rows=1 tlm_lane_credit_min=3 tlm_effective_min=3 tlm_ticket_credit_min=960 tlm_reasons=lane_credit
component_b700_rho0700_f0280_seed7102,normal,ingress_predrop_flag_hits,3,98,2,112,0,34,34,0,rtl_ing_rows=1 rtl_drop_rows=0 rtl_lane_credit_min=85 rtl_lane_credit_max=85 rtl_ticket_credit_min=1572 | tlm_ing_rows=1 tlm_lane_credit_min=3 tlm_effective_min=3 tlm_ticket_credit_min=899 tlm_reasons=lane_credit
component_b700_rho0700_f0280_seed7102,normal,ingress_predrop_flag_hits,4,105,0,12,0,34,34,0,rtl_ing_rows=1 rtl_drop_rows=0 rtl_lane_credit_min=51 rtl_lane_credit_max=51 rtl_ticket_credit_min=1509 | tlm_ing_rows=1 tlm_lane_credit_min=17 tlm_effective_min=17 tlm_ticket_credit_min=768 tlm_reasons=lane_credit
component_b700_rho0700_f0280_seed7102,normal,ingress_predrop_flag_hits,5,105,0,36,0,34,34,0,rtl_ing_rows=1 rtl_drop_rows=0 rtl_lane_credit_min=17 rtl_lane_credit_max=17 rtl_ticket_credit_min=1485 | tlm_ing_rows=1 tlm_lane_credit_min=17 tlm_effective_min=17 tlm_ticket_credit_min=745 tlm_reasons=lane_credit
component_b700_rho0700_f0280_seed7102,normal,ingress_predrop_flag_hits,6,116,2,29,0,34,34,0,rtl_ing_rows=1 rtl_drop_rows=0 rtl_lane_credit_min=224 rtl_lane_credit_max=224 rtl_ticket_credit_min=1252 | tlm_ing_rows=1 tlm_lane_credit_min=21 tlm_effective_min=21 tlm_ticket_credit_min=380 tlm_reasons=lane_credit
component_b700_rho0700_f0280_seed7102,normal,ingress_predrop_flag_hits,7,118,2,114,0,34,34,0,rtl_ing_rows=1 rtl_drop_rows=0 rtl_lane_credit_min=188 rtl_lane_credit_max=188 rtl_ticket_credit_min=1102 | tlm_ing_rows=1 tlm_lane_credit_min=2 tlm_effective_min=2 tlm_ticket_credit_min=264 tlm_reasons=lane_credit
component_b700_rho0700_f0280_seed7102,normal,ingress_predrop_flag_hits,8,119,2,66,0,34,34,0,rtl_ing_rows=1 rtl_drop_rows=0 rtl_lane_credit_min=205 rtl_lane_credit_max=205 rtl_ticket_credit_min=1173 | tlm_ing_rows=1 tlm_lane_credit_min=2 tlm_effective_min=2 tlm_ticket_credit_min=267 tlm_reasons=lane_credit
component_b700_rho0700_f0280_seed7102,normal,controlled_predrop_exact_hits,1,264,1,67,51,0,-51,0,rtl_ing_rows=1 rtl_drop_rows=0 rtl_lane_credit_min=17 rtl_lane_credit_max=17 rtl_ticket_credit_min=8 | tlm_ing_rows=1 tlm_lane_credit_min=104 tlm_effective_min=104 tlm_ticket_credit_min=54 tlm_reasons=accept
component_b700_rho0700_f0280_seed7102,normal,controlled_predrop_exact_hits,2,87,1,107,0,34,34,0,rtl_ing_rows=1 rtl_drop_rows=0 rtl_lane_credit_min=409 rtl_lane_credit_max=409 rtl_ticket_credit_min=1909 | tlm_ing_rows=1 tlm_lane_credit_min=3 tlm_effective_min=3 tlm_ticket_credit_min=1211 tlm_reasons=lane_credit
component_b700_rho0700_f0280_seed7102,normal,controlled_predrop_exact_hits,3,95,2,125,0,34,34,0,rtl_ing_rows=1 rtl_drop_rows=0 rtl_lane_credit_min=204 rtl_lane_credit_max=204 rtl_ticket_credit_min=1647 | tlm_ing_rows=1 tlm_lane_credit_min=3 tlm_effective_min=3 tlm_ticket_credit_min=960 tlm_reasons=lane_credit
component_b700_rho0700_f0280_seed7102,normal,controlled_predrop_exact_hits,4,98,2,112,0,34,34,0,rtl_ing_rows=1 rtl_drop_rows=0 rtl_lane_credit_min=85 rtl_lane_credit_max=85 rtl_ticket_credit_min=1572 | tlm_ing_rows=1 tlm_lane_credit_min=3 tlm_effective_min=3 tlm_ticket_credit_min=899 tlm_reasons=lane_credit
component_b700_rho0700_f0280_seed7102,normal,controlled_predrop_exact_hits,5,105,0,12,0,34,34,0,rtl_ing_rows=1 rtl_drop_rows=0 rtl_lane_credit_min=51 rtl_lane_credit_max=51 rtl_ticket_credit_min=1509 | tlm_ing_rows=1 tlm_lane_credit_min=17 tlm_effective_min=17 tlm_ticket_credit_min=768 tlm_reasons=lane_credit
component_b700_rho0700_f0280_seed7102,normal,controlled_predrop_exact_hits,6,116,2,29,0,34,34,0,rtl_ing_rows=1 rtl_drop_rows=0 rtl_lane_credit_min=224 rtl_lane_credit_max=224 rtl_ticket_credit_min=1252 | tlm_ing_rows=1 tlm_lane_credit_min=21 tlm_effective_min=21 tlm_ticket_credit_min=380 tlm_reasons=lane_credit
component_b700_rho0700_f0280_seed7102,normal,controlled_predrop_exact_hits,7,118,2,114,0,34,34,0,rtl_ing_rows=1 rtl_drop_rows=0 rtl_lane_credit_min=188 rtl_lane_credit_max=188 rtl_ticket_credit_min=1102 | tlm_ing_rows=1 tlm_lane_credit_min=2 tlm_effective_min=2 tlm_ticket_credit_min=264 tlm_reasons=lane_credit
component_b700_rho0700_f0280_seed7102,normal,controlled_predrop_exact_hits,8,119,2,66,0,34,34,0,rtl_ing_rows=1 rtl_drop_rows=0 rtl_lane_credit_min=205 rtl_lane_credit_max=205 rtl_ticket_credit_min=1173 | tlm_ing_rows=1 tlm_lane_credit_min=2 tlm_effective_min=2 tlm_ticket_credit_min=267 tlm_reasons=lane_credit
component_b700_rho0700_f0280_seed7102,normal,pa_load_hits,1,87,1,107,34,0,-34,0,
component_b700_rho0700_f0280_seed7102,normal,pa_load_hits,2,95,2,125,34,0,-34,0,
component_b700_rho0700_f0280_seed7102,normal,pa_load_hits,3,98,2,112,34,0,-34,0,
component_b700_rho0700_f0280_seed7102,normal,pa_load_hits,4,105,0,12,34,0,-34,0,
component_b700_rho0700_f0280_seed7102,normal,pa_load_hits,5,116,2,29,34,0,-34,0,
component_b700_rho0700_f0280_seed7102,normal,pa_load_hits,6,118,2,114,34,0,-34,0,
component_b700_rho0700_f0280_seed7102,normal,pa_load_hits,7,119,2,66,34,0,-34,0,
component_b700_rho0700_f0280_seed7102,normal,pa_load_hits,8,123,0,5,34,0,-34,0,
component_b700_rho0700_f0280_seed7102,normal,late_drop_pa_action_hits,1,264,1,67,0,51,51,0,
component_b700_rho0700_f0280_seed7102,normal,late_drop_pa_action_hits,2,147,3,10,0,34,34,0,
component_b700_rho0700_f0280_seed7102,normal,late_drop_pa_action_hits,3,185,1,45,34,0,-34,0,
component_b700_rho0700_f0280_seed7102,normal,late_drop_pa_action_hits,4,192,3,21,34,0,-34,0,
component_b700_rho0700_f0280_seed7102,normal,late_drop_pa_action_hits,5,201,1,8,34,0,-34,0,
component_b700_rho0700_f0280_seed7102,normal,late_drop_pa_action_hits,6,208,1,7,34,0,-34,0,
component_b700_rho0700_f0280_seed7102,normal,late_drop_pa_action_hits,7,224,1,25,34,0,-34,0,
component_b700_rho0700_f0280_seed7102,normal,late_drop_pa_action_hits,8,228,2,76,34,0,-34,0,
component_b700_rho0700_f0280_seed7102,normal,late_drop_control_exact_hits,1,264,1,67,0,51,51,0,
component_b700_rho0700_f0280_seed7102,normal,late_drop_control_exact_hits,2,147,3,10,0,34,34,0,
component_b700_rho0700_f0280_seed7102,normal,late_drop_control_exact_hits,3,185,1,45,34,0,-34,0,
component_b700_rho0700_f0280_seed7102,normal,late_drop_control_exact_hits,4,192,3,21,34,0,-34,0,
component_b700_rho0700_f0280_seed7102,normal,late_drop_control_exact_hits,5,201,1,8,34,0,-34,0,
component_b700_rho0700_f0280_seed7102,normal,late_drop_control_exact_hits,6,208,1,7,34,0,-34,0,
component_b700_rho0700_f0280_seed7102,normal,late_drop_control_exact_hits,7,224,1,25,34,0,-34,0,
component_b700_rho0700_f0280_seed7102,normal,late_drop_control_exact_hits,8,228,2,76,34,0,-34,0,
component_b700_rho0700_f0280_seed7102,normal,transaction_deliver_hits,1,87,-1,107,34,0,-34,0,
component_b700_rho0700_f0280_seed7102,normal,transaction_deliver_hits,2,92,-1,82,34,0,-34,0,
component_b700_rho0700_f0280_seed7102,normal,transaction_deliver_hits,3,95,-1,125,34,0,-34,0,
component_b700_rho0700_f0280_seed7102,normal,transaction_deliver_hits,4,98,-1,99,34,0,-34,0,
component_b700_rho0700_f0280_seed7102,normal,transaction_deliver_hits,5,98,-1,112,34,0,-34,0,
component_b700_rho0700_f0280_seed7102,normal,transaction_deliver_hits,6,102,-1,57,34,0,-34,0,
component_b700_rho0700_f0280_seed7102,normal,transaction_deliver_hits,7,105,-1,12,34,0,-34,0,
component_b700_rho0700_f0280_seed7102,normal,transaction_deliver_hits,8,116,-1,29,34,0,-34,0,
component_b700_rho0700_f0280_seed7102,normal,ingress_decision_ticket,1,77,2,109,1,0,-1,1,decision=accept | rtl_ing_rows=1 rtl_drop_rows=0 rtl_lane_credit_min=612 rtl_lane_credit_max=612 rtl_ticket_credit_min=2141 | tlm_ing_rows=1 tlm_lane_credit_min=1 tlm_effective_min=1 tlm_ticket_credit_min=1550 tlm_reasons=lane_credit
component_b700_rho0700_f0280_seed7102,normal,ingress_decision_ticket,2,77,2,109,0,1,1,0,decision=drop | rtl_ing_rows=1 rtl_drop_rows=0 rtl_lane_credit_min=612 rtl_lane_credit_max=612 rtl_ticket_credit_min=2141 | tlm_ing_rows=1 tlm_lane_credit_min=1 tlm_effective_min=1 tlm_ticket_credit_min=1550 tlm_reasons=lane_credit
component_b700_rho0700_f0280_seed7102,normal,ingress_decision_ticket,3,84,1,121,1,0,-1,0,decision=accept | rtl_ing_rows=1 rtl_drop_rows=0 rtl_lane_credit_min=274 rtl_lane_credit_max=274 rtl_ticket_credit_min=1939 | tlm_ing_rows=1 tlm_lane_credit_min=4 tlm_effective_min=4 tlm_ticket_credit_min=1270 tlm_reasons=lane_credit
component_b700_rho0700_f0280_seed7102,normal,ingress_decision_ticket,4,84,1,121,0,1,1,0,decision=drop | rtl_ing_rows=1 rtl_drop_rows=0 rtl_lane_credit_min=274 rtl_lane_credit_max=274 rtl_ticket_credit_min=1939 | tlm_ing_rows=1 tlm_lane_credit_min=4 tlm_effective_min=4 tlm_ticket_credit_min=1270 tlm_reasons=lane_credit
component_b700_rho0700_f0280_seed7102,normal,ingress_decision_ticket,5,84,2,42,1,0,-1,0,decision=accept | rtl_ing_rows=1 rtl_drop_rows=0 rtl_lane_credit_min=425 rtl_lane_credit_max=425 rtl_ticket_credit_min=2014 | tlm_ing_rows=1 tlm_lane_credit_min=17 tlm_effective_min=17 tlm_ticket_credit_min=1346 tlm_reasons=lane_credit
component_b700_rho0700_f0280_seed7102,normal,ingress_decision_ticket,6,84,2,42,0,1,1,0,decision=drop | rtl_ing_rows=1 rtl_drop_rows=0 rtl_lane_credit_min=425 rtl_lane_credit_max=425 rtl_ticket_credit_min=2014 | tlm_ing_rows=1 tlm_lane_credit_min=17 tlm_effective_min=17 tlm_ticket_credit_min=1346 tlm_reasons=lane_credit
component_b700_rho0700_f0280_seed7102,normal,ingress_decision_ticket,7,84,2,79,1,0,-1,0,decision=accept | rtl_ing_rows=1 rtl_drop_rows=0 rtl_lane_credit_min=425 rtl_lane_credit_max=425 rtl_ticket_credit_min=1979 | tlm_ing_rows=1 tlm_lane_credit_min=17 tlm_effective_min=17 tlm_ticket_credit_min=1312 tlm_reasons=lane_credit
component_b700_rho0700_f0280_seed7102,normal,ingress_decision_ticket,8,84,2,79,0,1,1,0,decision=drop | rtl_ing_rows=1 rtl_drop_rows=0 rtl_lane_credit_min=425 rtl_lane_credit_max=425 rtl_ticket_credit_min=1979 | tlm_ing_rows=1 tlm_lane_credit_min=17 tlm_effective_min=17 tlm_ticket_credit_min=1312 tlm_reasons=lane_credit
component_b700_rho0700_f0280_seed7102,forced_ingress,ingress_accept_hits,1,264,1,67,51,0,-51,0,rtl_ing_rows=1 rtl_drop_rows=0 rtl_lane_credit_min=17 rtl_lane_credit_max=17 rtl_ticket_credit_min=8 | tlm_ing_rows=1 tlm_lane_credit_min=-1852 tlm_effective_min=0 tlm_ticket_credit_min=-4222 tlm_reasons=rtl_forced_pre
component_b700_rho0700_f0280_seed7102,forced_ingress,ingress_accept_hits,2,105,0,36,34,0,-34,0,rtl_ing_rows=1 rtl_drop_rows=0 rtl_lane_credit_min=17 rtl_lane_credit_max=17 rtl_ticket_credit_min=1485 | tlm_ing_rows=1 tlm_lane_credit_min=-561 tlm_effective_min=0 tlm_ticket_credit_min=712 tlm_reasons=rtl_forced_pre
component_b700_rho0700_f0280_seed7102,forced_ingress,ingress_accept_hits,3,119,3,98,34,0,-34,0,rtl_ing_rows=1 rtl_drop_rows=0 rtl_lane_credit_min=18 rtl_lane_credit_max=18 rtl_ticket_credit_min=1149 | tlm_ing_rows=1 tlm_lane_credit_min=-644 tlm_effective_min=0 tlm_ticket_credit_min=218 tlm_reasons=rtl_forced_pre
component_b700_rho0700_f0280_seed7102,forced_ingress,ingress_accept_hits,4,131,2,49,34,0,-34,0,rtl_ing_rows=1 rtl_drop_rows=0 rtl_lane_credit_min=14 rtl_lane_credit_max=14 rtl_ticket_credit_min=808 | tlm_ing_rows=1 tlm_lane_credit_min=-409 tlm_effective_min=0 tlm_ticket_credit_min=-79 tlm_reasons=rtl_forced_pre
component_b700_rho0700_f0280_seed7102,forced_ingress,ingress_accept_hits,5,133,0,58,34,0,-34,0,rtl_ing_rows=1 rtl_drop_rows=0 rtl_lane_credit_min=14 rtl_lane_credit_max=14 rtl_ticket_credit_min=732 | tlm_ing_rows=1 tlm_lane_credit_min=-579 tlm_effective_min=0 tlm_ticket_credit_min=-133 tlm_reasons=rtl_forced_pre
component_b700_rho0700_f0280_seed7102,forced_ingress,ingress_accept_hits,6,140,2,127,34,0,-34,0,rtl_ing_rows=1 rtl_drop_rows=0 rtl_lane_credit_min=15 rtl_lane_credit_max=15 rtl_ticket_credit_min=516 | tlm_ing_rows=1 tlm_lane_credit_min=-579 tlm_effective_min=0 tlm_ticket_credit_min=-454 tlm_reasons=rtl_forced_pre
component_b700_rho0700_f0280_seed7102,forced_ingress,ingress_accept_hits,7,144,1,106,34,0,-34,0,rtl_ing_rows=1 rtl_drop_rows=0 rtl_lane_credit_min=4 rtl_lane_credit_max=4 rtl_ticket_credit_min=501 | tlm_ing_rows=1 tlm_lane_credit_min=-542 tlm_effective_min=0 tlm_ticket_credit_min=-494 tlm_reasons=rtl_forced_pre
component_b700_rho0700_f0280_seed7102,forced_ingress,ingress_accept_hits,8,150,0,41,34,0,-34,0,rtl_ing_rows=1 rtl_drop_rows=0 rtl_lane_credit_min=30 rtl_lane_credit_max=30 rtl_ticket_credit_min=363 | tlm_ing_rows=1 tlm_lane_credit_min=-548 tlm_effective_min=0 tlm_ticket_credit_min=-676 tlm_reasons=rtl_forced_pre
component_b700_rho0700_f0280_seed7102,forced_ingress,ingress_predrop_flag_hits,1,264,1,67,0,51,51,0,rtl_ing_rows=1 rtl_drop_rows=0 rtl_lane_credit_min=17 rtl_lane_credit_max=17 rtl_ticket_credit_min=8 | tlm_ing_rows=1 tlm_lane_credit_min=-1852 tlm_effective_min=0 tlm_ticket_credit_min=-4222 tlm_reasons=rtl_forced_pre
component_b700_rho0700_f0280_seed7102,forced_ingress,ingress_predrop_flag_hits,2,105,0,36,0,34,34,0,rtl_ing_rows=1 rtl_drop_rows=0 rtl_lane_credit_min=17 rtl_lane_credit_max=17 rtl_ticket_credit_min=1485 | tlm_ing_rows=1 tlm_lane_credit_min=-561 tlm_effective_min=0 tlm_ticket_credit_min=712 tlm_reasons=rtl_forced_pre
component_b700_rho0700_f0280_seed7102,forced_ingress,ingress_predrop_flag_hits,3,119,3,98,0,34,34,0,rtl_ing_rows=1 rtl_drop_rows=0 rtl_lane_credit_min=18 rtl_lane_credit_max=18 rtl_ticket_credit_min=1149 | tlm_ing_rows=1 tlm_lane_credit_min=-644 tlm_effective_min=0 tlm_ticket_credit_min=218 tlm_reasons=rtl_forced_pre
component_b700_rho0700_f0280_seed7102,forced_ingress,ingress_predrop_flag_hits,4,131,2,49,0,34,34,0,rtl_ing_rows=1 rtl_drop_rows=0 rtl_lane_credit_min=14 rtl_lane_credit_max=14 rtl_ticket_credit_min=808 | tlm_ing_rows=1 tlm_lane_credit_min=-409 tlm_effective_min=0 tlm_ticket_credit_min=-79 tlm_reasons=rtl_forced_pre
component_b700_rho0700_f0280_seed7102,forced_ingress,ingress_predrop_flag_hits,5,133,0,58,0,34,34,0,rtl_ing_rows=1 rtl_drop_rows=0 rtl_lane_credit_min=14 rtl_lane_credit_max=14 rtl_ticket_credit_min=732 | tlm_ing_rows=1 tlm_lane_credit_min=-579 tlm_effective_min=0 tlm_ticket_credit_min=-133 tlm_reasons=rtl_forced_pre
component_b700_rho0700_f0280_seed7102,forced_ingress,ingress_predrop_flag_hits,6,140,2,127,0,34,34,0,rtl_ing_rows=1 rtl_drop_rows=0 rtl_lane_credit_min=15 rtl_lane_credit_max=15 rtl_ticket_credit_min=516 | tlm_ing_rows=1 tlm_lane_credit_min=-579 tlm_effective_min=0 tlm_ticket_credit_min=-454 tlm_reasons=rtl_forced_pre
component_b700_rho0700_f0280_seed7102,forced_ingress,ingress_predrop_flag_hits,7,144,1,106,0,34,34,0,rtl_ing_rows=1 rtl_drop_rows=0 rtl_lane_credit_min=4 rtl_lane_credit_max=4 rtl_ticket_credit_min=501 | tlm_ing_rows=1 tlm_lane_credit_min=-542 tlm_effective_min=0 tlm_ticket_credit_min=-494 tlm_reasons=rtl_forced_pre
component_b700_rho0700_f0280_seed7102,forced_ingress,ingress_predrop_flag_hits,8,150,0,41,0,34,34,0,rtl_ing_rows=1 rtl_drop_rows=0 rtl_lane_credit_min=30 rtl_lane_credit_max=30 rtl_ticket_credit_min=363 | tlm_ing_rows=1 tlm_lane_credit_min=-548 tlm_effective_min=0 tlm_ticket_credit_min=-676 tlm_reasons=rtl_forced_pre
component_b700_rho0700_f0280_seed7102,forced_ingress,pa_load_hits,1,178,1,32,0,34,34,0,
component_b700_rho0700_f0280_seed7102,forced_ingress,pa_load_hits,2,185,1,45,0,34,34,0,
component_b700_rho0700_f0280_seed7102,forced_ingress,pa_load_hits,3,192,3,21,0,34,34,0,
component_b700_rho0700_f0280_seed7102,forced_ingress,pa_load_hits,4,201,1,8,0,34,34,0,
component_b700_rho0700_f0280_seed7102,forced_ingress,pa_load_hits,5,208,1,7,0,34,34,0,
component_b700_rho0700_f0280_seed7102,forced_ingress,pa_load_hits,6,209,3,23,0,34,34,0,
component_b700_rho0700_f0280_seed7102,forced_ingress,pa_load_hits,7,222,2,56,0,34,34,0,
component_b700_rho0700_f0280_seed7102,forced_ingress,pa_load_hits,8,224,1,25,0,34,34,0,
component_b700_rho0700_f0280_seed7102,forced_ingress,late_drop_pa_action_hits,1,185,1,45,34,0,-34,0,
component_b700_rho0700_f0280_seed7102,forced_ingress,late_drop_pa_action_hits,2,192,3,21,34,0,-34,0,
component_b700_rho0700_f0280_seed7102,forced_ingress,late_drop_pa_action_hits,3,201,1,8,34,0,-34,0,
component_b700_rho0700_f0280_seed7102,forced_ingress,late_drop_pa_action_hits,4,208,1,7,34,0,-34,0,
component_b700_rho0700_f0280_seed7102,forced_ingress,late_drop_pa_action_hits,5,224,1,25,34,0,-34,0,
component_b700_rho0700_f0280_seed7102,forced_ingress,late_drop_pa_action_hits,6,228,2,76,34,0,-34,0,
component_b700_rho0700_f0280_seed7102,forced_ingress,late_drop_pa_action_hits,7,261,1,67,34,0,-34,0,
component_b700_rho0700_f0280_seed7102,forced_ingress,late_drop_pa_action_hits,8,269,2,7,34,0,-34,0,
component_b700_rho0700_f0280_seed7102,forced_ingress,late_drop_control_exact_hits,1,185,1,45,34,0,-34,0,
component_b700_rho0700_f0280_seed7102,forced_ingress,late_drop_control_exact_hits,2,192,3,21,34,0,-34,0,
component_b700_rho0700_f0280_seed7102,forced_ingress,late_drop_control_exact_hits,3,201,1,8,34,0,-34,0,
component_b700_rho0700_f0280_seed7102,forced_ingress,late_drop_control_exact_hits,4,208,1,7,34,0,-34,0,
component_b700_rho0700_f0280_seed7102,forced_ingress,late_drop_control_exact_hits,5,224,1,25,34,0,-34,0,
component_b700_rho0700_f0280_seed7102,forced_ingress,late_drop_control_exact_hits,6,228,2,76,34,0,-34,0,
component_b700_rho0700_f0280_seed7102,forced_ingress,late_drop_control_exact_hits,7,261,1,67,34,0,-34,0,
component_b700_rho0700_f0280_seed7102,forced_ingress,late_drop_control_exact_hits,8,269,2,7,34,0,-34,0,
component_b700_rho0700_f0280_seed7102,forced_ingress,transaction_deliver_hits,1,228,-1,76,0,51,51,0,
component_b700_rho0700_f0280_seed7102,forced_ingress,transaction_deliver_hits,2,252,-1,77,0,51,51,0,
component_b700_rho0700_f0280_seed7102,forced_ingress,transaction_deliver_hits,3,167,-1,4,0,34,34,0,
component_b700_rho0700_f0280_seed7102,forced_ingress,transaction_deliver_hits,4,178,-1,3,0,34,34,0,
component_b700_rho0700_f0280_seed7102,forced_ingress,transaction_deliver_hits,5,178,-1,32,0,34,34,0,
component_b700_rho0700_f0280_seed7102,forced_ingress,transaction_deliver_hits,6,183,-1,26,0,34,34,0,
component_b700_rho0700_f0280_seed7102,forced_ingress,transaction_deliver_hits,7,183,-1,118,0,34,34,0,
component_b700_rho0700_f0280_seed7102,forced_ingress,transaction_deliver_hits,8,185,-1,45,0,34,34,0,
component_b700_rho0700_f0280_seed7102,forced_ingress,ingress_decision_ticket,1,100,0,92,1,0,-1,1,decision=accept | rtl_ing_rows=1 rtl_drop_rows=0 rtl_lane_credit_min=16 rtl_lane_credit_max=16 rtl_ticket_credit_min=1551 | tlm_ing_rows=1 tlm_lane_credit_min=-358 tlm_effective_min=0 tlm_ticket_credit_min=798 tlm_reasons=rtl_forced_pre
component_b700_rho0700_f0280_seed7102,forced_ingress,ingress_decision_ticket,2,100,0,92,0,1,1,0,decision=drop | rtl_ing_rows=1 rtl_drop_rows=0 rtl_lane_credit_min=16 rtl_lane_credit_max=16 rtl_ticket_credit_min=1551 | tlm_ing_rows=1 tlm_lane_credit_min=-358 tlm_effective_min=0 tlm_ticket_credit_min=798 tlm_reasons=rtl_forced_pre
component_b700_rho0700_f0280_seed7102,forced_ingress,ingress_decision_ticket,3,100,0,101,1,0,-1,0,decision=accept | rtl_ing_rows=1 rtl_drop_rows=0 rtl_lane_credit_min=16 rtl_lane_credit_max=16 rtl_ticket_credit_min=1543 | tlm_ing_rows=1 tlm_lane_credit_min=-358 tlm_effective_min=0 tlm_ticket_credit_min=791 tlm_reasons=rtl_forced_pre
component_b700_rho0700_f0280_seed7102,forced_ingress,ingress_decision_ticket,4,100,0,101,0,1,1,0,decision=drop | rtl_ing_rows=1 rtl_drop_rows=0 rtl_lane_credit_min=16 rtl_lane_credit_max=16 rtl_ticket_credit_min=1543 | tlm_ing_rows=1 tlm_lane_credit_min=-358 tlm_effective_min=0 tlm_ticket_credit_min=791 tlm_reasons=rtl_forced_pre
component_b700_rho0700_f0280_seed7102,forced_ingress,ingress_decision_ticket,5,100,0,106,1,0,-1,0,decision=accept | rtl_ing_rows=1 rtl_drop_rows=0 rtl_lane_credit_min=16 rtl_lane_credit_max=16 rtl_ticket_credit_min=1539 | tlm_ing_rows=1 tlm_lane_credit_min=-358 tlm_effective_min=0 tlm_ticket_credit_min=788 tlm_reasons=rtl_forced_pre
component_b700_rho0700_f0280_seed7102,forced_ingress,ingress_decision_ticket,6,100,0,106,0,1,1,0,decision=drop | rtl_ing_rows=1 rtl_drop_rows=0 rtl_lane_credit_min=16 rtl_lane_credit_max=16 rtl_ticket_credit_min=1539 | tlm_ing_rows=1 tlm_lane_credit_min=-358 tlm_effective_min=0 tlm_ticket_credit_min=788 tlm_reasons=rtl_forced_pre
component_b700_rho0700_f0280_seed7102,forced_ingress,ingress_decision_ticket,7,103,0,103,1,0,-1,0,decision=accept | rtl_ing_rows=1 rtl_drop_rows=0 rtl_lane_credit_min=17 rtl_lane_credit_max=17 rtl_ticket_credit_min=1466 | tlm_ing_rows=1 tlm_lane_credit_min=-527 tlm_effective_min=0 tlm_ticket_credit_min=714 tlm_reasons=rtl_forced_pre
component_b700_rho0700_f0280_seed7102,forced_ingress,ingress_decision_ticket,8,103,0,103,0,1,1,0,decision=drop | rtl_ing_rows=1 rtl_drop_rows=0 rtl_lane_credit_min=17 rtl_lane_credit_max=17 rtl_ticket_credit_min=1466 | tlm_ing_rows=1 tlm_lane_credit_min=-527 tlm_effective_min=0 tlm_ticket_credit_min=714 tlm_reasons=rtl_forced_pre
component_b700_rho0700_f0280_seed7103,normal,ingress_accept_hits,1,102,3,59,34,0,-34,0,rtl_ing_rows=1 rtl_drop_rows=0 rtl_lane_credit_min=407 rtl_lane_credit_max=407 rtl_ticket_credit_min=1584 | tlm_ing_rows=1 tlm_lane_credit_min=34 tlm_effective_min=34 tlm_ticket_credit_min=819 tlm_reasons=lane_credit
component_b700_rho0700_f0280_seed7103,normal,ingress_accept_hits,2,103,0,72,34,0,-34,0,rtl_ing_rows=1 rtl_drop_rows=0 rtl_lane_credit_min=186 rtl_lane_credit_max=186 rtl_ticket_credit_min=1492 | tlm_ing_rows=1 tlm_lane_credit_min=33 tlm_effective_min=33 tlm_ticket_credit_min=762 tlm_reasons=lane_credit
component_b700_rho0700_f0280_seed7103,normal,ingress_accept_hits,3,119,0,77,34,0,-34,0,rtl_ing_rows=1 rtl_drop_rows=0 rtl_lane_credit_min=135 rtl_lane_credit_max=135 rtl_ticket_credit_min=1182 | tlm_ing_rows=1 tlm_lane_credit_min=34 tlm_effective_min=34 tlm_ticket_credit_min=281 tlm_reasons=lane_credit
component_b700_rho0700_f0280_seed7103,normal,ingress_accept_hits,4,124,1,51,34,0,-34,0,rtl_ing_rows=1 rtl_drop_rows=0 rtl_lane_credit_min=204 rtl_lane_credit_max=204 rtl_ticket_credit_min=1074 | tlm_ing_rows=1 tlm_lane_credit_min=16 tlm_effective_min=16 tlm_ticket_credit_min=111 tlm_reasons=lane_credit
component_b700_rho0700_f0280_seed7103,normal,ingress_accept_hits,5,134,2,94,34,0,-34,0,rtl_ing_rows=1 rtl_drop_rows=0 rtl_lane_credit_min=87 rtl_lane_credit_max=87 rtl_ticket_credit_min=781 | tlm_ing_rows=1 tlm_lane_credit_min=2 tlm_effective_min=2 tlm_ticket_credit_min=0 tlm_reasons=lane_credit
component_b700_rho0700_f0280_seed7103,normal,ingress_accept_hits,6,142,1,22,34,0,-34,0,rtl_ing_rows=1 rtl_drop_rows=0 rtl_lane_credit_min=1 rtl_lane_credit_max=1 rtl_ticket_credit_min=621 | tlm_ing_rows=1 tlm_lane_credit_min=2 tlm_effective_min=2 tlm_ticket_credit_min=38 tlm_reasons=lane_credit
component_b700_rho0700_f0280_seed7103,normal,ingress_accept_hits,7,142,3,77,34,0,-34,0,rtl_ing_rows=1 rtl_drop_rows=0 rtl_lane_credit_min=104 rtl_lane_credit_max=104 rtl_ticket_credit_min=565 | tlm_ing_rows=1 tlm_lane_credit_min=55 tlm_effective_min=55 tlm_ticket_credit_min=0 tlm_reasons=ticket_credit
component_b700_rho0700_f0280_seed7103,normal,ingress_accept_hits,8,144,1,41,34,0,-34,0,rtl_ing_rows=1 rtl_drop_rows=0 rtl_lane_credit_min=18 rtl_lane_credit_max=18 rtl_ticket_credit_min=577 | tlm_ing_rows=1 tlm_lane_credit_min=2 tlm_effective_min=2 tlm_ticket_credit_min=93 tlm_reasons=lane_credit
component_b700_rho0700_f0280_seed7103,normal,ingress_predrop_flag_hits,1,102,3,59,0,34,34,0,rtl_ing_rows=1 rtl_drop_rows=0 rtl_lane_credit_min=407 rtl_lane_credit_max=407 rtl_ticket_credit_min=1584 | tlm_ing_rows=1 tlm_lane_credit_min=34 tlm_effective_min=34 tlm_ticket_credit_min=819 tlm_reasons=lane_credit
component_b700_rho0700_f0280_seed7103,normal,ingress_predrop_flag_hits,2,103,0,72,0,34,34,0,rtl_ing_rows=1 rtl_drop_rows=0 rtl_lane_credit_min=186 rtl_lane_credit_max=186 rtl_ticket_credit_min=1492 | tlm_ing_rows=1 tlm_lane_credit_min=33 tlm_effective_min=33 tlm_ticket_credit_min=762 tlm_reasons=lane_credit
component_b700_rho0700_f0280_seed7103,normal,ingress_predrop_flag_hits,3,119,0,77,0,34,34,0,rtl_ing_rows=1 rtl_drop_rows=0 rtl_lane_credit_min=135 rtl_lane_credit_max=135 rtl_ticket_credit_min=1182 | tlm_ing_rows=1 tlm_lane_credit_min=34 tlm_effective_min=34 tlm_ticket_credit_min=281 tlm_reasons=lane_credit
component_b700_rho0700_f0280_seed7103,normal,ingress_predrop_flag_hits,4,124,1,51,0,34,34,0,rtl_ing_rows=1 rtl_drop_rows=0 rtl_lane_credit_min=204 rtl_lane_credit_max=204 rtl_ticket_credit_min=1074 | tlm_ing_rows=1 tlm_lane_credit_min=16 tlm_effective_min=16 tlm_ticket_credit_min=111 tlm_reasons=lane_credit
component_b700_rho0700_f0280_seed7103,normal,ingress_predrop_flag_hits,5,134,2,94,0,34,34,0,rtl_ing_rows=1 rtl_drop_rows=0 rtl_lane_credit_min=87 rtl_lane_credit_max=87 rtl_ticket_credit_min=781 | tlm_ing_rows=1 tlm_lane_credit_min=2 tlm_effective_min=2 tlm_ticket_credit_min=0 tlm_reasons=lane_credit
component_b700_rho0700_f0280_seed7103,normal,ingress_predrop_flag_hits,6,142,1,22,0,34,34,0,rtl_ing_rows=1 rtl_drop_rows=0 rtl_lane_credit_min=1 rtl_lane_credit_max=1 rtl_ticket_credit_min=621 | tlm_ing_rows=1 tlm_lane_credit_min=2 tlm_effective_min=2 tlm_ticket_credit_min=38 tlm_reasons=lane_credit
component_b700_rho0700_f0280_seed7103,normal,ingress_predrop_flag_hits,7,142,3,77,0,34,34,0,rtl_ing_rows=1 rtl_drop_rows=0 rtl_lane_credit_min=104 rtl_lane_credit_max=104 rtl_ticket_credit_min=565 | tlm_ing_rows=1 tlm_lane_credit_min=55 tlm_effective_min=55 tlm_ticket_credit_min=0 tlm_reasons=ticket_credit
component_b700_rho0700_f0280_seed7103,normal,ingress_predrop_flag_hits,8,144,1,41,0,34,34,0,rtl_ing_rows=1 rtl_drop_rows=0 rtl_lane_credit_min=18 rtl_lane_credit_max=18 rtl_ticket_credit_min=577 | tlm_ing_rows=1 tlm_lane_credit_min=2 tlm_effective_min=2 tlm_ticket_credit_min=93 tlm_reasons=lane_credit
component_b700_rho0700_f0280_seed7103,normal,controlled_predrop_exact_hits,1,102,3,59,0,34,34,0,rtl_ing_rows=1 rtl_drop_rows=0 rtl_lane_credit_min=407 rtl_lane_credit_max=407 rtl_ticket_credit_min=1584 | tlm_ing_rows=1 tlm_lane_credit_min=34 tlm_effective_min=34 tlm_ticket_credit_min=819 tlm_reasons=lane_credit
component_b700_rho0700_f0280_seed7103,normal,controlled_predrop_exact_hits,2,103,0,72,0,34,34,0,rtl_ing_rows=1 rtl_drop_rows=0 rtl_lane_credit_min=186 rtl_lane_credit_max=186 rtl_ticket_credit_min=1492 | tlm_ing_rows=1 tlm_lane_credit_min=33 tlm_effective_min=33 tlm_ticket_credit_min=762 tlm_reasons=lane_credit
component_b700_rho0700_f0280_seed7103,normal,controlled_predrop_exact_hits,3,119,0,77,0,34,34,0,rtl_ing_rows=1 rtl_drop_rows=0 rtl_lane_credit_min=135 rtl_lane_credit_max=135 rtl_ticket_credit_min=1182 | tlm_ing_rows=1 tlm_lane_credit_min=34 tlm_effective_min=34 tlm_ticket_credit_min=281 tlm_reasons=lane_credit
component_b700_rho0700_f0280_seed7103,normal,controlled_predrop_exact_hits,4,124,1,51,0,34,34,0,rtl_ing_rows=1 rtl_drop_rows=0 rtl_lane_credit_min=204 rtl_lane_credit_max=204 rtl_ticket_credit_min=1074 | tlm_ing_rows=1 tlm_lane_credit_min=16 tlm_effective_min=16 tlm_ticket_credit_min=111 tlm_reasons=lane_credit
component_b700_rho0700_f0280_seed7103,normal,controlled_predrop_exact_hits,5,134,2,94,0,34,34,0,rtl_ing_rows=1 rtl_drop_rows=0 rtl_lane_credit_min=87 rtl_lane_credit_max=87 rtl_ticket_credit_min=781 | tlm_ing_rows=1 tlm_lane_credit_min=2 tlm_effective_min=2 tlm_ticket_credit_min=0 tlm_reasons=lane_credit
component_b700_rho0700_f0280_seed7103,normal,controlled_predrop_exact_hits,6,136,1,100,34,0,-34,0,rtl_ing_rows=1 rtl_drop_rows=0 rtl_lane_credit_min=1 rtl_lane_credit_max=1 rtl_ticket_credit_min=743 | tlm_ing_rows=1 tlm_lane_credit_min=35 tlm_effective_min=35 tlm_ticket_credit_min=44 tlm_reasons=accept
component_b700_rho0700_f0280_seed7103,normal,controlled_predrop_exact_hits,7,138,1,47,34,0,-34,0,rtl_ing_rows=1 rtl_drop_rows=0 rtl_lane_credit_min=19 rtl_lane_credit_max=19 rtl_ticket_credit_min=727 | tlm_ing_rows=1 tlm_lane_credit_min=35 tlm_effective_min=35 tlm_ticket_credit_min=91 tlm_reasons=accept
component_b700_rho0700_f0280_seed7103,normal,controlled_predrop_exact_hits,8,142,3,77,0,34,34,0,rtl_ing_rows=1 rtl_drop_rows=0 rtl_lane_credit_min=104 rtl_lane_credit_max=104 rtl_ticket_credit_min=565 | tlm_ing_rows=1 tlm_lane_credit_min=55 tlm_effective_min=55 tlm_ticket_credit_min=0 tlm_reasons=ticket_credit
component_b700_rho0700_f0280_seed7103,normal,pa_load_hits,1,143,3,57,51,0,-51,0,
component_b700_rho0700_f0280_seed7103,normal,pa_load_hits,2,102,3,59,34,0,-34,0,
component_b700_rho0700_f0280_seed7103,normal,pa_load_hits,3,103,0,72,34,0,-34,0,
component_b700_rho0700_f0280_seed7103,normal,pa_load_hits,4,119,0,77,34,0,-34,0,
component_b700_rho0700_f0280_seed7103,normal,pa_load_hits,5,124,1,51,34,0,-34,0,
component_b700_rho0700_f0280_seed7103,normal,pa_load_hits,6,134,2,94,34,0,-34,0,
component_b700_rho0700_f0280_seed7103,normal,pa_load_hits,7,136,1,100,0,34,34,0,
component_b700_rho0700_f0280_seed7103,normal,pa_load_hits,8,138,1,47,0,34,34,0,
component_b700_rho0700_f0280_seed7103,normal,late_drop_pa_action_hits,1,143,3,57,0,51,51,0,
component_b700_rho0700_f0280_seed7103,normal,late_drop_pa_action_hits,2,140,0,44,0,34,34,0,
component_b700_rho0700_f0280_seed7103,normal,late_drop_pa_action_hits,3,143,0,48,0,34,34,0,
component_b700_rho0700_f0280_seed7103,normal,late_drop_pa_action_hits,4,147,0,79,0,34,34,0,
component_b700_rho0700_f0280_seed7103,normal,late_drop_pa_action_hits,5,147,3,62,0,34,34,0,
component_b700_rho0700_f0280_seed7103,normal,late_drop_pa_action_hits,6,150,3,15,0,34,34,0,
component_b700_rho0700_f0280_seed7103,normal,late_drop_pa_action_hits,7,173,2,25,34,0,-34,0,
component_b700_rho0700_f0280_seed7103,normal,late_drop_pa_action_hits,8,183,2,21,34,0,-34,0,
component_b700_rho0700_f0280_seed7103,normal,late_drop_control_exact_hits,1,143,3,57,0,51,51,0,
component_b700_rho0700_f0280_seed7103,normal,late_drop_control_exact_hits,2,140,0,44,0,34,34,0,
component_b700_rho0700_f0280_seed7103,normal,late_drop_control_exact_hits,3,143,0,48,0,34,34,0,
component_b700_rho0700_f0280_seed7103,normal,late_drop_control_exact_hits,4,147,0,79,0,34,34,0,
component_b700_rho0700_f0280_seed7103,normal,late_drop_control_exact_hits,5,147,3,62,0,34,34,0,
component_b700_rho0700_f0280_seed7103,normal,late_drop_control_exact_hits,6,150,3,15,0,34,34,0,
component_b700_rho0700_f0280_seed7103,normal,late_drop_control_exact_hits,7,173,2,25,34,0,-34,0,
component_b700_rho0700_f0280_seed7103,normal,late_drop_control_exact_hits,8,183,2,21,34,0,-34,0,
component_b700_rho0700_f0280_seed7103,normal,transaction_deliver_hits,1,142,-1,77,51,0,-51,0,
component_b700_rho0700_f0280_seed7103,normal,transaction_deliver_hits,2,143,-1,57,51,0,-51,0,
component_b700_rho0700_f0280_seed7103,normal,transaction_deliver_hits,3,211,-1,77,0,51,51,0,
component_b700_rho0700_f0280_seed7103,normal,transaction_deliver_hits,4,224,-1,8,0,51,51,0,
component_b700_rho0700_f0280_seed7103,normal,transaction_deliver_hits,5,235,-1,1,0,51,51,0,
component_b700_rho0700_f0280_seed7103,normal,transaction_deliver_hits,6,238,-1,92,0,51,51,0,
component_b700_rho0700_f0280_seed7103,normal,transaction_deliver_hits,7,246,-1,76,0,51,51,0,
component_b700_rho0700_f0280_seed7103,normal,transaction_deliver_hits,8,102,-1,59,34,0,-34,0,
component_b700_rho0700_f0280_seed7103,normal,ingress_decision_ticket,1,84,0,58,1,0,-1,1,decision=accept | rtl_ing_rows=1 rtl_drop_rows=0 rtl_lane_credit_min=511 rtl_lane_credit_max=511 rtl_ticket_credit_min=2000 | tlm_ing_rows=1 tlm_lane_credit_min=3 tlm_effective_min=3 tlm_ticket_credit_min=1331 tlm_reasons=lane_credit
component_b700_rho0700_f0280_seed7103,normal,ingress_decision_ticket,2,84,0,58,0,1,1,0,decision=drop | rtl_ing_rows=1 rtl_drop_rows=0 rtl_lane_credit_min=511 rtl_lane_credit_max=511 rtl_ticket_credit_min=2000 | tlm_ing_rows=1 tlm_lane_credit_min=3 tlm_effective_min=3 tlm_ticket_credit_min=1331 tlm_reasons=lane_credit
component_b700_rho0700_f0280_seed7103,normal,ingress_decision_ticket,3,84,0,120,1,0,-1,0,decision=accept | rtl_ing_rows=1 rtl_drop_rows=0 rtl_lane_credit_min=476 rtl_lane_credit_max=476 rtl_ticket_credit_min=1942 | tlm_ing_rows=1 tlm_lane_credit_min=2 tlm_effective_min=2 tlm_ticket_credit_min=1274 tlm_reasons=lane_credit
component_b700_rho0700_f0280_seed7103,normal,ingress_decision_ticket,4,84,0,120,0,1,1,0,decision=drop | rtl_ing_rows=1 rtl_drop_rows=0 rtl_lane_credit_min=476 rtl_lane_credit_max=476 rtl_ticket_credit_min=1942 | tlm_ing_rows=1 tlm_lane_credit_min=2 tlm_effective_min=2 tlm_ticket_credit_min=1274 tlm_reasons=lane_credit
component_b700_rho0700_f0280_seed7103,normal,ingress_decision_ticket,5,85,0,107,1,0,-1,0,decision=accept | rtl_ing_rows=1 rtl_drop_rows=0 rtl_lane_credit_min=510 rtl_lane_credit_max=510 rtl_ticket_credit_min=1923 | tlm_ing_rows=1 tlm_lane_credit_min=2 tlm_effective_min=2 tlm_ticket_credit_min=1302 tlm_reasons=lane_credit
component_b700_rho0700_f0280_seed7103,normal,ingress_decision_ticket,6,85,0,107,0,1,1,0,decision=drop | rtl_ing_rows=1 rtl_drop_rows=0 rtl_lane_credit_min=510 rtl_lane_credit_max=510 rtl_ticket_credit_min=1923 | tlm_ing_rows=1 tlm_lane_credit_min=2 tlm_effective_min=2 tlm_ticket_credit_min=1302 tlm_reasons=lane_credit
component_b700_rho0700_f0280_seed7103,normal,ingress_decision_ticket,7,85,0,121,1,0,-1,0,decision=accept | rtl_ing_rows=1 rtl_drop_rows=0 rtl_lane_credit_min=493 rtl_lane_credit_max=493 rtl_ticket_credit_min=1909 | tlm_ing_rows=1 tlm_lane_credit_min=2 tlm_effective_min=2 tlm_ticket_credit_min=1290 tlm_reasons=lane_credit
component_b700_rho0700_f0280_seed7103,normal,ingress_decision_ticket,8,85,0,121,0,1,1,0,decision=drop | rtl_ing_rows=1 rtl_drop_rows=0 rtl_lane_credit_min=493 rtl_lane_credit_max=493 rtl_ticket_credit_min=1909 | tlm_ing_rows=1 tlm_lane_credit_min=2 tlm_effective_min=2 tlm_ticket_credit_min=1290 tlm_reasons=lane_credit
component_b700_rho0700_f0280_seed7103,forced_ingress,ingress_accept_hits,1,136,1,100,34,0,-34,0,rtl_ing_rows=1 rtl_drop_rows=0 rtl_lane_credit_min=1 rtl_lane_credit_max=1 rtl_ticket_credit_min=743 | tlm_ing_rows=1 tlm_lane_credit_min=-662 tlm_effective_min=0 tlm_ticket_credit_min=-250 tlm_reasons=rtl_forced_pre
component_b700_rho0700_f0280_seed7103,forced_ingress,ingress_accept_hits,2,138,1,47,34,0,-34,0,rtl_ing_rows=1 rtl_drop_rows=0 rtl_lane_credit_min=19 rtl_lane_credit_max=19 rtl_ticket_credit_min=727 | tlm_ing_rows=1 tlm_lane_credit_min=-611 tlm_effective_min=0 tlm_ticket_credit_min=-289 tlm_reasons=rtl_forced_pre
component_b700_rho0700_f0280_seed7103,forced_ingress,ingress_accept_hits,3,142,1,22,34,0,-34,0,rtl_ing_rows=1 rtl_drop_rows=0 rtl_lane_credit_min=1 rtl_lane_credit_max=1 rtl_ticket_credit_min=621 | tlm_ing_rows=1 tlm_lane_credit_min=-593 tlm_effective_min=0 tlm_ticket_credit_min=-410 tlm_reasons=rtl_forced_pre
component_b700_rho0700_f0280_seed7103,forced_ingress,ingress_accept_hits,4,143,0,48,34,0,-34,0,rtl_ing_rows=1 rtl_drop_rows=0 rtl_lane_credit_min=17 rtl_lane_credit_max=17 rtl_ticket_credit_min=526 | tlm_ing_rows=1 tlm_lane_credit_min=-611 tlm_effective_min=0 tlm_ticket_credit_min=-457 tlm_reasons=rtl_forced_pre
component_b700_rho0700_f0280_seed7103,forced_ingress,ingress_accept_hits,5,144,1,41,34,0,-34,0,rtl_ing_rows=1 rtl_drop_rows=0 rtl_lane_credit_min=18 rtl_lane_credit_max=18 rtl_ticket_credit_min=577 | tlm_ing_rows=1 tlm_lane_credit_min=-508 tlm_effective_min=0 tlm_ticket_credit_min=-428 tlm_reasons=rtl_forced_pre
component_b700_rho0700_f0280_seed7103,forced_ingress,ingress_accept_hits,6,150,3,15,34,0,-34,0,rtl_ing_rows=1 rtl_drop_rows=0 rtl_lane_credit_min=1 rtl_lane_credit_max=1 rtl_ticket_credit_min=365 | tlm_ing_rows=1 tlm_lane_credit_min=-695 tlm_effective_min=0 tlm_ticket_credit_min=-660 tlm_reasons=rtl_forced_pre
component_b700_rho0700_f0280_seed7103,forced_ingress,ingress_accept_hits,7,153,2,50,34,0,-34,0,rtl_ing_rows=1 rtl_drop_rows=0 rtl_lane_credit_min=18 rtl_lane_credit_max=18 rtl_ticket_credit_min=227 | tlm_ing_rows=1 tlm_lane_credit_min=-559 tlm_effective_min=0 tlm_ticket_credit_min=-783 tlm_reasons=rtl_forced_pre
component_b700_rho0700_f0280_seed7103,forced_ingress,ingress_accept_hits,8,154,2,71,34,0,-34,0,rtl_ing_rows=1 rtl_drop_rows=0 rtl_lane_credit_min=18 rtl_lane_credit_max=18 rtl_ticket_credit_min=176 | tlm_ing_rows=1 tlm_lane_credit_min=-627 tlm_effective_min=0 tlm_ticket_credit_min=-783 tlm_reasons=rtl_forced_pre
component_b700_rho0700_f0280_seed7103,forced_ingress,ingress_predrop_flag_hits,1,136,1,100,0,34,34,0,rtl_ing_rows=1 rtl_drop_rows=0 rtl_lane_credit_min=1 rtl_lane_credit_max=1 rtl_ticket_credit_min=743 | tlm_ing_rows=1 tlm_lane_credit_min=-662 tlm_effective_min=0 tlm_ticket_credit_min=-250 tlm_reasons=rtl_forced_pre
component_b700_rho0700_f0280_seed7103,forced_ingress,ingress_predrop_flag_hits,2,138,1,47,0,34,34,0,rtl_ing_rows=1 rtl_drop_rows=0 rtl_lane_credit_min=19 rtl_lane_credit_max=19 rtl_ticket_credit_min=727 | tlm_ing_rows=1 tlm_lane_credit_min=-611 tlm_effective_min=0 tlm_ticket_credit_min=-289 tlm_reasons=rtl_forced_pre
component_b700_rho0700_f0280_seed7103,forced_ingress,ingress_predrop_flag_hits,3,142,1,22,0,34,34,0,rtl_ing_rows=1 rtl_drop_rows=0 rtl_lane_credit_min=1 rtl_lane_credit_max=1 rtl_ticket_credit_min=621 | tlm_ing_rows=1 tlm_lane_credit_min=-593 tlm_effective_min=0 tlm_ticket_credit_min=-410 tlm_reasons=rtl_forced_pre
component_b700_rho0700_f0280_seed7103,forced_ingress,ingress_predrop_flag_hits,4,143,0,48,0,34,34,0,rtl_ing_rows=1 rtl_drop_rows=0 rtl_lane_credit_min=17 rtl_lane_credit_max=17 rtl_ticket_credit_min=526 | tlm_ing_rows=1 tlm_lane_credit_min=-611 tlm_effective_min=0 tlm_ticket_credit_min=-457 tlm_reasons=rtl_forced_pre
component_b700_rho0700_f0280_seed7103,forced_ingress,ingress_predrop_flag_hits,5,144,1,41,0,34,34,0,rtl_ing_rows=1 rtl_drop_rows=0 rtl_lane_credit_min=18 rtl_lane_credit_max=18 rtl_ticket_credit_min=577 | tlm_ing_rows=1 tlm_lane_credit_min=-508 tlm_effective_min=0 tlm_ticket_credit_min=-428 tlm_reasons=rtl_forced_pre
component_b700_rho0700_f0280_seed7103,forced_ingress,ingress_predrop_flag_hits,6,150,3,15,0,34,34,0,rtl_ing_rows=1 rtl_drop_rows=0 rtl_lane_credit_min=1 rtl_lane_credit_max=1 rtl_ticket_credit_min=365 | tlm_ing_rows=1 tlm_lane_credit_min=-695 tlm_effective_min=0 tlm_ticket_credit_min=-660 tlm_reasons=rtl_forced_pre
component_b700_rho0700_f0280_seed7103,forced_ingress,ingress_predrop_flag_hits,7,153,2,50,0,34,34,0,rtl_ing_rows=1 rtl_drop_rows=0 rtl_lane_credit_min=18 rtl_lane_credit_max=18 rtl_ticket_credit_min=227 | tlm_ing_rows=1 tlm_lane_credit_min=-559 tlm_effective_min=0 tlm_ticket_credit_min=-783 tlm_reasons=rtl_forced_pre
component_b700_rho0700_f0280_seed7103,forced_ingress,ingress_predrop_flag_hits,8,154,2,71,0,34,34,0,rtl_ing_rows=1 rtl_drop_rows=0 rtl_lane_credit_min=18 rtl_lane_credit_max=18 rtl_ticket_credit_min=176 | tlm_ing_rows=1 tlm_lane_credit_min=-627 tlm_effective_min=0 tlm_ticket_credit_min=-783 tlm_reasons=rtl_forced_pre
component_b700_rho0700_f0280_seed7103,forced_ingress,pa_load_hits,1,173,2,25,0,34,34,0,
component_b700_rho0700_f0280_seed7103,forced_ingress,pa_load_hits,2,181,1,74,0,34,34,0,
component_b700_rho0700_f0280_seed7103,forced_ingress,pa_load_hits,3,183,2,21,0,34,34,0,
component_b700_rho0700_f0280_seed7103,forced_ingress,pa_load_hits,4,198,2,106,0,34,34,0,
component_b700_rho0700_f0280_seed7103,forced_ingress,pa_load_hits,5,201,1,93,0,34,34,0,
component_b700_rho0700_f0280_seed7103,forced_ingress,pa_load_hits,6,202,0,26,0,34,34,0,
component_b700_rho0700_f0280_seed7103,forced_ingress,pa_load_hits,7,205,0,36,0,34,34,0,
component_b700_rho0700_f0280_seed7103,forced_ingress,pa_load_hits,8,207,0,26,0,34,34,0,
component_b700_rho0700_f0280_seed7103,forced_ingress,late_drop_pa_action_hits,1,173,2,25,34,0,-34,0,
component_b700_rho0700_f0280_seed7103,forced_ingress,late_drop_pa_action_hits,2,183,2,21,34,0,-34,0,
component_b700_rho0700_f0280_seed7103,forced_ingress,late_drop_pa_action_hits,3,202,0,26,34,0,-34,0,
component_b700_rho0700_f0280_seed7103,forced_ingress,late_drop_pa_action_hits,4,205,0,36,34,0,-34,0,
component_b700_rho0700_f0280_seed7103,forced_ingress,late_drop_pa_action_hits,5,207,0,26,34,0,-34,0,
component_b700_rho0700_f0280_seed7103,forced_ingress,late_drop_pa_action_hits,6,213,2,21,34,0,-34,0,
component_b700_rho0700_f0280_seed7103,forced_ingress,late_drop_pa_action_hits,7,219,2,37,34,0,-34,0,
component_b700_rho0700_f0280_seed7103,forced_ingress,late_drop_pa_action_hits,8,235,1,1,34,0,-34,0,
component_b700_rho0700_f0280_seed7103,forced_ingress,late_drop_control_exact_hits,1,173,2,25,34,0,-34,0,
component_b700_rho0700_f0280_seed7103,forced_ingress,late_drop_control_exact_hits,2,183,2,21,34,0,-34,0,
component_b700_rho0700_f0280_seed7103,forced_ingress,late_drop_control_exact_hits,3,202,0,26,34,0,-34,0,
component_b700_rho0700_f0280_seed7103,forced_ingress,late_drop_control_exact_hits,4,205,0,36,34,0,-34,0,
component_b700_rho0700_f0280_seed7103,forced_ingress,late_drop_control_exact_hits,5,207,0,26,34,0,-34,0,
component_b700_rho0700_f0280_seed7103,forced_ingress,late_drop_control_exact_hits,6,213,2,21,34,0,-34,0,
component_b700_rho0700_f0280_seed7103,forced_ingress,late_drop_control_exact_hits,7,219,2,37,34,0,-34,0,
component_b700_rho0700_f0280_seed7103,forced_ingress,late_drop_control_exact_hits,8,235,1,1,34,0,-34,0,
component_b700_rho0700_f0280_seed7103,forced_ingress,transaction_deliver_hits,1,224,-1,8,0,51,51,0,
component_b700_rho0700_f0280_seed7103,forced_ingress,transaction_deliver_hits,2,235,-1,1,0,51,51,0,
component_b700_rho0700_f0280_seed7103,forced_ingress,transaction_deliver_hits,3,238,-1,92,0,51,51,0,
component_b700_rho0700_f0280_seed7103,forced_ingress,transaction_deliver_hits,4,168,-1,60,0,34,34,0,
component_b700_rho0700_f0280_seed7103,forced_ingress,transaction_deliver_hits,5,168,-1,118,0,34,34,0,
component_b700_rho0700_f0280_seed7103,forced_ingress,transaction_deliver_hits,6,173,-1,25,0,34,34,0,
component_b700_rho0700_f0280_seed7103,forced_ingress,transaction_deliver_hits,7,175,-1,123,0,34,34,0,
component_b700_rho0700_f0280_seed7103,forced_ingress,transaction_deliver_hits,8,181,-1,74,0,34,34,0,
component_b700_rho0700_f0280_seed7103,forced_ingress,ingress_decision_ticket,1,106,2,103,1,0,-1,1,decision=accept | rtl_ing_rows=1 rtl_drop_rows=0 rtl_lane_credit_min=17 rtl_lane_credit_max=17 rtl_ticket_credit_min=1419 | tlm_ing_rows=1 tlm_lane_credit_min=-525 tlm_effective_min=0 tlm_ticket_credit_min=632 tlm_reasons=rtl_forced_pre
component_b700_rho0700_f0280_seed7103,forced_ingress,ingress_decision_ticket,2,106,2,103,0,1,1,0,decision=drop | rtl_ing_rows=1 rtl_drop_rows=0 rtl_lane_credit_min=17 rtl_lane_credit_max=17 rtl_ticket_credit_min=1419 | tlm_ing_rows=1 tlm_lane_credit_min=-525 tlm_effective_min=0 tlm_ticket_credit_min=632 tlm_reasons=rtl_forced_pre
component_b700_rho0700_f0280_seed7103,forced_ingress,ingress_decision_ticket,3,106,2,114,1,0,-1,0,decision=accept | rtl_ing_rows=1 rtl_drop_rows=0 rtl_lane_credit_min=17 rtl_lane_credit_max=17 rtl_ticket_credit_min=1410 | tlm_ing_rows=1 tlm_lane_credit_min=-525 tlm_effective_min=0 tlm_ticket_credit_min=623 tlm_reasons=rtl_forced_pre
component_b700_rho0700_f0280_seed7103,forced_ingress,ingress_decision_ticket,4,106,2,114,0,1,1,0,decision=drop | rtl_ing_rows=1 rtl_drop_rows=0 rtl_lane_credit_min=17 rtl_lane_credit_max=17 rtl_ticket_credit_min=1410 | tlm_ing_rows=1 tlm_lane_credit_min=-525 tlm_effective_min=0 tlm_ticket_credit_min=623 tlm_reasons=rtl_forced_pre
component_b700_rho0700_f0280_seed7103,forced_ingress,ingress_decision_ticket,5,106,2,122,1,0,-1,0,decision=accept | rtl_ing_rows=1 rtl_drop_rows=0 rtl_lane_credit_min=17 rtl_lane_credit_max=17 rtl_ticket_credit_min=1404 | tlm_ing_rows=1 tlm_lane_credit_min=-525 tlm_effective_min=0 tlm_ticket_credit_min=617 tlm_reasons=rtl_forced_pre
component_b700_rho0700_f0280_seed7103,forced_ingress,ingress_decision_ticket,6,106,2,122,0,1,1,0,decision=drop | rtl_ing_rows=1 rtl_drop_rows=0 rtl_lane_credit_min=17 rtl_lane_credit_max=17 rtl_ticket_credit_min=1404 | tlm_ing_rows=1 tlm_lane_credit_min=-525 tlm_effective_min=0 tlm_ticket_credit_min=617 tlm_reasons=rtl_forced_pre
component_b700_rho0700_f0280_seed7103,forced_ingress,ingress_decision_ticket,7,108,2,20,1,0,-1,0,decision=accept | rtl_ing_rows=1 rtl_drop_rows=0 rtl_lane_credit_min=17 rtl_lane_credit_max=17 rtl_ticket_credit_min=1427 | tlm_ing_rows=1 tlm_lane_credit_min=-508 tlm_effective_min=0 tlm_ticket_credit_min=619 tlm_reasons=rtl_forced_pre
component_b700_rho0700_f0280_seed7103,forced_ingress,ingress_decision_ticket,8,108,2,20,0,1,1,0,decision=drop | rtl_ing_rows=1 rtl_drop_rows=0 rtl_lane_credit_min=17 rtl_lane_credit_max=17 rtl_ticket_credit_min=1427 | tlm_ing_rows=1 tlm_lane_credit_min=-508 tlm_effective_min=0 tlm_ticket_credit_min=619 tlm_reasons=rtl_forced_pre
