run_tag,component,status,metric,rtl_value,tlm_value,compared,mismatches,threshold,discrepancy,notes
component_b000_rho0750_f0261_seed7101,ingress_source_ticket_stream,PASS,raw_subheader_ticket_identity,133632,133632,133632,0,0.01,0,source_missing_tlm=0 source_extra_tlm=0
component_b000_rho0750_f0261_seed7101,ingress_lane_fifo,DEBUG,raw_subheader_ticket_decision,133632,133632,133632,59068,0.01,0,missing_tlm=29534 extra_tlm=29534 key_count=163166
component_b000_rho0750_f0261_seed7101,ticket_drop_control,DEBUG,controlled_pre_post_drop_hits_by_serial_lane,35578,42167,1112,34885,0.01,0.18519872,exact_pre_post key_count=1112 hit_delta_sum=34885 rtl_aggregate_only_pre=3744 rtl_aggregate_only_post=0
component_b000_rho0750_f0261_seed7101,page_allocator_handle_fifo,PASS,handle_accept_hits_by_lane_timestamp,58090,58430,39876,26696,0.01,0.0058529867,rtl_handles=41058 rtl_accept_trace=1 tlm_handle_events=41342
component_b000_rho0750_f0261_seed7101,block_mover_credit_return,PASS,mover_done_credit_return_hits,58090,58430,24,498,0.01,0.0058529867,rtl_return_events=41058 tlm_return_events=41342
component_b000_rho0750_f0261_seed7101,page_allocator_lane_action_load,PASS,load_hits,58090,58430,187930,340,0.01,0.0058529867,"rtl_action_counts={0: 87632, 1: 1010, 2: 85888, 3: 13400}"
component_b000_rho0750_f0261_seed7101,page_allocator_lane_action_late_drop,DEBUG,late_drop_hits,6844,5297,187930,1547,0.01,0.22603741,"rtl_action_counts={0: 87632, 1: 1010, 2: 85888, 3: 13400}"
component_b000_rho0750_f0261_seed7101,page_allocator_ticket_visibility_net,DEBUG,ingress_accept_minus_predrop_hits,68073,63727,118311,25858,0.01,0.063843227,rtl_ingress_accept=95042 tlm_ingress_accept=63727 rtl_pa_action_extra=29 tlm_pa_action_extra=0
component_b000_rho0750_f0261_seed7101,page_allocator_ticket_visibility_unconsumed,DEBUG,net_ingress_not_seen_as_pa_load_or_late,3168,0,63250,3168,0.01,1,rtl_pa_ticket_seen=0 rtl_pa_ticket_curr_seen=0 rtl_pa_ticket_future_only=0 rtl_pa_ticket_never_seen=3168 rtl_keys=8455 tlm_keys=60099
component_b000_rho0750_f0261_seed7101,page_allocator_ticket_visibility_rtl_local_trace,PASS,pa_ticket_debug_samples,187930,-,187930,0,0.01,-,"f171/l3/shd27:hits=6,ticket={};f194/l0/shd79:hits=5,ticket={};f194/l3/shd48:hits=5,ticket={}"
component_b000_rho0750_f0261_seed7101,page_allocator_state_trace,PASS,rtl_wait_samples,1240693,231,1240693,0,0.01,0.99981381,"frame_wait=5 active_wait=0 ingress_busy=49436 future_only=791325 top_states=[(20, 186960), (21, 186960), (0, 47577), (2, 46994), (3, 46994)]"
component_b000_rho0750_f0261_seed7101,frame_table_header_ledger,DEBUG,wr_hdr,192,231,1,39,0.01,0.203125,rtl_rd_hdr=192 rtl_drop_hdr=0
component_b000_rho0750_f0261_seed7101,frame_table_subheader_ledger,DEBUG,wr_shd,19206,20096,1,890,0.01,0.046339686,rtl_rd_shd=19206 rtl_drop_shd=0
component_b000_rho0750_f0261_seed7101,frame_table_hit_ledger,PASS,rd_plus_drop_hit,58090,58430,1,0,0.01,0.0058529867,rtl_ft_drop_hit=0 tlm_ft_drop_hit=0 tlm_wr_hit=58430
component_b000_rho0750_f0261_seed7101,transaction_bucket_order,DEBUG,OPQ_TXN_deliver_bucket_count_and_order,58090,58430,58090,27998,0.01,0.0058529867,missing_bucket=14169 extra_bucket=13829 bucket_order_violations=0
component_b000_rho0750_f0261_seed7101,transaction_word_identity,DEBUG,OPQ_TXN_deliver_word_identity,58090,58430,58090,28262,0.01,0.0058529867,missing_word=14301 extra_word=13961
component_b000_rho0750_f0261_seed7101,collective_loss,DEBUG,dropped_hits,39339,42167,100597,2828,0.01,0.071887948,rtl_expected=100597 rtl_uvm_clean=0 tlm_pre=36870 tlm_post=5297 tlm_ft=0
component_b000_rho0750_f0261_seed7101,ticket_drop_control_forced_ingress,DEBUG,controlled_pre_post_drop_hits_by_serial_lane,35578,36895,860,8737,0.01,0.037017258,exact_pre_post key_count=860 hit_delta_sum=8737 rtl_aggregate_only_pre=3744 rtl_aggregate_only_post=0
component_b000_rho0750_f0261_seed7101,page_allocator_handle_fifo_forced_ingress,DEBUG,handle_accept_hits_by_lane_timestamp,58090,63702,36189,7942,0.01,0.096608711,rtl_handles=41058 rtl_accept_trace=1 tlm_handle_events=45112
component_b000_rho0750_f0261_seed7101,block_mover_credit_return_forced_ingress,DEBUG,mover_done_credit_return_hits,58090,63702,24,4054,0.01,0.096608711,rtl_return_events=41058 tlm_return_events=45112
component_b000_rho0750_f0261_seed7101,page_allocator_lane_action_load_forced_ingress,DEBUG,load_hits,58090,63702,187930,5612,0.01,0.096608711,"rtl_action_counts={0: 87632, 1: 1010, 2: 85888, 3: 13400}"
component_b000_rho0750_f0261_seed7101,page_allocator_lane_action_late_drop_forced_ingress,DEBUG,late_drop_hits,6844,4371,187930,2473,0.01,0.3613384,"rtl_action_counts={0: 87632, 1: 1010, 2: 85888, 3: 13400}"
component_b000_rho0750_f0261_seed7101,page_allocator_ticket_visibility_net_forced_ingress,PASS,ingress_accept_minus_predrop_hits,68073,68073,107666,0,0.01,0,rtl_ingress_accept=95042 tlm_ingress_accept=68073 rtl_pa_action_extra=29 tlm_pa_action_extra=0
component_b000_rho0750_f0261_seed7101,page_allocator_ticket_visibility_unconsumed_forced_ingress,DEBUG,net_ingress_not_seen_as_pa_load_or_late,3168,0,61748,3168,0.01,1,rtl_pa_ticket_seen=0 rtl_pa_ticket_curr_seen=0 rtl_pa_ticket_future_only=0 rtl_pa_ticket_never_seen=3168 rtl_keys=8455 tlm_keys=59481
component_b000_rho0750_f0261_seed7101,page_allocator_ticket_visibility_rtl_local_trace_forced_ingress,PASS,pa_ticket_debug_samples,187930,-,187930,0,0.01,-,"f171/l3/shd27:hits=6,ticket={};f194/l0/shd79:hits=5,ticket={};f194/l3/shd48:hits=5,ticket={}"
component_b000_rho0750_f0261_seed7101,frame_table_header_ledger_forced_ingress,DEBUG,wr_hdr,192,237,1,45,0.01,0.234375,rtl_rd_hdr=192 rtl_drop_hdr=0
component_b000_rho0750_f0261_seed7101,frame_table_subheader_ledger_forced_ingress,DEBUG,wr_shd,19206,21607,1,2401,0.01,0.12501302,rtl_rd_shd=19206 rtl_drop_shd=0
component_b000_rho0750_f0261_seed7101,frame_table_hit_ledger_forced_ingress,DEBUG,rd_plus_drop_hit,58090,63702,1,5612,0.01,0.096608711,rtl_ft_drop_hit=0 tlm_ft_drop_hit=0 tlm_wr_hit=63702
component_b000_rho0750_f0261_seed7101,transaction_bucket_order_forced_ingress,DEBUG,OPQ_TXN_deliver_bucket_count_and_order,58090,63702,58090,8110,0.01,0.096608711,missing_bucket=6861 extra_bucket=1249 bucket_order_violations=0
component_b000_rho0750_f0261_seed7101,transaction_word_identity_forced_ingress,DEBUG,OPQ_TXN_deliver_word_identity,58090,63702,58090,8110,0.01,0.096608711,missing_word=6861 extra_word=1249
component_b000_rho0750_f0261_seed7101,collective_loss_forced_ingress,DEBUG,dropped_hits,39339,36895,100597,2444,0.01,0.062126643,forced_ingress_decisions rtl_expected=100597 rtl_uvm_clean=0 tlm_pre=32524 tlm_post=4371 tlm_ft=0
component_b000_rho0750_f0261_seed7101,ingress_parser_ticket_fifo_write_parser_ticket_stream,PASS,parser_ticket_body_hits,64934,64934,100298,0,0.01,0,sop_rows=1010 eop_rows=599 pa_late_tail_frames=241 postdrop_tail_candidates=204 predrop_tail_candidates=568 ignored_rows=0
component_b000_rho0750_f0261_seed7101,page_allocator_handle_fifo_parser_ticket_stream,PASS,handle_accept_hits_by_lane_timestamp,58090,58090,32002,0,0.01,0,rtl_handles=41058 rtl_accept_trace=1 tlm_handle_events=41058
component_b000_rho0750_f0261_seed7101,block_mover_credit_return_parser_ticket_stream,PASS,mover_done_credit_return_hits,58090,58090,24,0,0.01,0,rtl_return_events=41058 tlm_return_events=41058
component_b000_rho0750_f0261_seed7101,page_allocator_lane_action_load_parser_ticket_stream,PASS,load_hits,58090,58090,187930,0,0.01,0,"rtl_action_counts={0: 87632, 1: 1010, 2: 85888, 3: 13400}"
component_b000_rho0750_f0261_seed7101,page_allocator_lane_action_late_drop_parser_ticket_stream,PASS,late_drop_hits,6844,6844,187930,0,0.01,0,"rtl_action_counts={0: 87632, 1: 1010, 2: 85888, 3: 13400}"
component_b000_rho0750_f0261_seed7101,frame_table_header_ledger_parser_ticket_stream,PASS,wr_hdr,192,193,1,1,0.01,0.0052083333,rtl_rd_hdr=192 rtl_drop_hdr=0
component_b000_rho0750_f0261_seed7101,frame_table_subheader_ledger_parser_ticket_stream,PASS,wr_shd,19206,19206,1,0,0.01,0,rtl_rd_shd=19206 rtl_drop_shd=0
component_b000_rho0750_f0261_seed7101,frame_table_hit_ledger_parser_ticket_stream,PASS,rd_plus_drop_hit,58090,58090,1,0,0.01,0,rtl_ft_drop_hit=0 tlm_ft_drop_hit=0 tlm_wr_hit=58090
component_b000_rho0750_f0261_seed7101,transaction_bucket_order_parser_ticket_stream,PASS,OPQ_TXN_deliver_bucket_count_and_order,58090,58090,58090,0,0.01,0,missing_bucket=0 extra_bucket=0 bucket_order_violations=0
component_b000_rho0750_f0261_seed7101,transaction_word_identity_parser_ticket_stream,PASS,OPQ_TXN_deliver_word_identity,58090,58090,58090,0,0.01,0,missing_word=0 extra_word=0
component_b000_rho0750_f0261_seed7101,page_allocator_local_loss_parser_ticket_stream,PASS,late_drop_hits_from_parser_ticket_stream,6844,6844,64934,0,0.01,0,parser_ticket_stream uses PA late-action local hook for tail-state handoff; rtl_uvm_clean=0 tlm_pre=0 tlm_post=6844 tlm_ft=0
component_b000_rho0750_f0261_seed7102,ingress_source_ticket_stream,PASS,raw_subheader_ticket_identity,133632,133632,133632,0,0.01,0,source_missing_tlm=0 source_extra_tlm=0
component_b000_rho0750_f0261_seed7102,ingress_lane_fifo,DEBUG,raw_subheader_ticket_decision,133632,133632,133632,57742,0.01,0,missing_tlm=28871 extra_tlm=28871 key_count=162503
component_b000_rho0750_f0261_seed7102,ticket_drop_control,DEBUG,controlled_pre_post_drop_hits_by_serial_lane,37047,40873,1102,37494,0.01,0.10327422,exact_pre_post key_count=1102 hit_delta_sum=37494 rtl_aggregate_only_pre=4584 rtl_aggregate_only_post=0
component_b000_rho0750_f0261_seed7102,page_allocator_handle_fifo,DEBUG,handle_accept_hits_by_lane_timestamp,56884,59353,40096,27663,0.01,0.043404121,rtl_handles=40207 rtl_accept_trace=1 tlm_handle_events=42135
component_b000_rho0750_f0261_seed7102,block_mover_credit_return,DEBUG,mover_done_credit_return_hits,56884,59353,26,1958,0.01,0.043404121,rtl_return_events=40207 tlm_return_events=42135
component_b000_rho0750_f0261_seed7102,page_allocator_lane_action_load,DEBUG,load_hits,56884,59353,198517,2469,0.01,0.043404121,"rtl_action_counts={0: 99007, 1: 1026, 2: 83578, 3: 14906}"
component_b000_rho0750_f0261_seed7102,page_allocator_lane_action_late_drop,DEBUG,late_drop_hits,7157,5245,198517,1912,0.01,0.26715104,"rtl_action_counts={0: 99007, 1: 1026, 2: 83578, 3: 14906}"
component_b000_rho0750_f0261_seed7102,page_allocator_ticket_visibility_net,DEBUG,ingress_accept_minus_predrop_hits,65681,64598,118910,29613,0.01,0.016488787,rtl_ingress_accept=93652 tlm_ingress_accept=64598 rtl_pa_action_extra=56 tlm_pa_action_extra=0
component_b000_rho0750_f0261_seed7102,page_allocator_ticket_visibility_unconsumed,DEBUG,net_ingress_not_seen_as_pa_load_or_late,1696,0,62321,1696,0.01,1,rtl_pa_ticket_seen=0 rtl_pa_ticket_curr_seen=0 rtl_pa_ticket_future_only=0 rtl_pa_ticket_never_seen=1696 rtl_keys=7139 tlm_keys=60271
component_b000_rho0750_f0261_seed7102,page_allocator_ticket_visibility_rtl_local_trace,PASS,pa_ticket_debug_samples,198517,-,198517,0,0.01,-,"f202/l1/shd46:hits=5,ticket={};f202/l3/shd115:hits=5,ticket={};f216/l0/shd46:hits=5,ticket={}"
component_b000_rho0750_f0261_seed7102,page_allocator_state_trace,PASS,rtl_wait_samples,1291638,228,1291638,0,0.01,0.99982348,"frame_wait=5 active_wait=0 ingress_busy=49442 future_only=846361 top_states=[(20, 189508), (21, 189508), (0, 50246), (2, 49681), (3, 49681)]"
component_b000_rho0750_f0261_seed7102,frame_table_header_ledger,DEBUG,wr_hdr,186,228,1,42,0.01,0.22580645,rtl_rd_hdr=186 rtl_drop_hdr=0
component_b000_rho0750_f0261_seed7102,frame_table_subheader_ledger,DEBUG,wr_shd,18799,20490,1,1691,0.01,0.089951593,rtl_rd_shd=18799 rtl_drop_shd=0
component_b000_rho0750_f0261_seed7102,frame_table_hit_ledger,DEBUG,rd_plus_drop_hit,56884,59353,1,2469,0.01,0.043404121,rtl_ft_drop_hit=0 tlm_ft_drop_hit=0 tlm_wr_hit=59353
component_b000_rho0750_f0261_seed7102,transaction_bucket_order,DEBUG,OPQ_TXN_deliver_bucket_count_and_order,56884,59353,56884,29871,0.01,0.043404121,missing_bucket=16170 extra_bucket=13701 bucket_order_violations=0
component_b000_rho0750_f0261_seed7102,transaction_word_identity,DEBUG,OPQ_TXN_deliver_word_identity,56884,59353,56884,29971,0.01,0.043404121,missing_word=16220 extra_word=13751
component_b000_rho0750_f0261_seed7102,collective_loss,DEBUG,dropped_hits,41646,40873,100226,773,0.01,0.018561206,rtl_expected=100226 rtl_uvm_clean=0 tlm_pre=35628 tlm_post=5245 tlm_ft=0
component_b000_rho0750_f0261_seed7102,ticket_drop_control_forced_ingress,DEBUG,controlled_pre_post_drop_hits_by_serial_lane,37047,38093,876,9866,0.01,0.028234405,exact_pre_post key_count=876 hit_delta_sum=9866 rtl_aggregate_only_pre=4584 rtl_aggregate_only_post=0
component_b000_rho0750_f0261_seed7102,page_allocator_handle_fifo_forced_ingress,DEBUG,handle_accept_hits_by_lane_timestamp,56884,62133,34993,6853,0.01,0.092275508,rtl_handles=40207 rtl_accept_trace=1 tlm_handle_events=43941
component_b000_rho0750_f0261_seed7102,block_mover_credit_return_forced_ingress,DEBUG,mover_done_credit_return_hits,56884,62133,26,3738,0.01,0.092275508,rtl_return_events=40207 tlm_return_events=43941
component_b000_rho0750_f0261_seed7102,page_allocator_lane_action_load_forced_ingress,DEBUG,load_hits,56884,62133,198517,5249,0.01,0.092275508,"rtl_action_counts={0: 99007, 1: 1026, 2: 83578, 3: 14906}"
component_b000_rho0750_f0261_seed7102,page_allocator_lane_action_late_drop_forced_ingress,DEBUG,late_drop_hits,7157,3548,198517,3609,0.01,0.50426156,"rtl_action_counts={0: 99007, 1: 1026, 2: 83578, 3: 14906}"
component_b000_rho0750_f0261_seed7102,page_allocator_ticket_visibility_net_forced_ingress,PASS,ingress_accept_minus_predrop_hits,65681,65681,105527,0,0.01,0,rtl_ingress_accept=93652 tlm_ingress_accept=65681 rtl_pa_action_extra=56 tlm_pa_action_extra=0
component_b000_rho0750_f0261_seed7102,page_allocator_ticket_visibility_unconsumed_forced_ingress,DEBUG,net_ingress_not_seen_as_pa_load_or_late,1696,0,60276,1696,0.01,1,rtl_pa_ticket_seen=0 rtl_pa_ticket_curr_seen=0 rtl_pa_ticket_future_only=0 rtl_pa_ticket_never_seen=1696 rtl_keys=7139 tlm_keys=59080
component_b000_rho0750_f0261_seed7102,page_allocator_ticket_visibility_rtl_local_trace_forced_ingress,PASS,pa_ticket_debug_samples,198517,-,198517,0,0.01,-,"f202/l1/shd46:hits=5,ticket={};f202/l3/shd115:hits=5,ticket={};f216/l0/shd46:hits=5,ticket={}"
component_b000_rho0750_f0261_seed7102,frame_table_header_ledger_forced_ingress,DEBUG,wr_hdr,186,240,1,54,0.01,0.29032258,rtl_rd_hdr=186 rtl_drop_hdr=0
component_b000_rho0750_f0261_seed7102,frame_table_subheader_ledger_forced_ingress,DEBUG,wr_shd,18799,21105,1,2306,0.01,0.1226661,rtl_rd_shd=18799 rtl_drop_shd=0
component_b000_rho0750_f0261_seed7102,frame_table_hit_ledger_forced_ingress,DEBUG,rd_plus_drop_hit,56884,62133,1,5249,0.01,0.092275508,rtl_ft_drop_hit=0 tlm_ft_drop_hit=0 tlm_wr_hit=62133
component_b000_rho0750_f0261_seed7102,transaction_bucket_order_forced_ingress,DEBUG,OPQ_TXN_deliver_bucket_count_and_order,56884,62133,56884,6909,0.01,0.092275508,missing_bucket=6079 extra_bucket=830 bucket_order_violations=0
component_b000_rho0750_f0261_seed7102,transaction_word_identity_forced_ingress,DEBUG,OPQ_TXN_deliver_word_identity,56884,62133,56884,6909,0.01,0.092275508,missing_word=6079 extra_word=830
component_b000_rho0750_f0261_seed7102,collective_loss_forced_ingress,DEBUG,dropped_hits,41646,38093,100226,3553,0.01,0.085314316,forced_ingress_decisions rtl_expected=100226 rtl_uvm_clean=0 tlm_pre=34545 tlm_post=3548 tlm_ft=0
component_b000_rho0750_f0261_seed7102,ingress_parser_ticket_fifo_write_parser_ticket_stream,PASS,parser_ticket_body_hits,64041,64041,99510,0,0.01,0,sop_rows=1026 eop_rows=643 pa_late_tail_frames=279 postdrop_tail_candidates=229 predrop_tail_candidates=574 ignored_rows=0
component_b000_rho0750_f0261_seed7102,page_allocator_handle_fifo_parser_ticket_stream,PASS,handle_accept_hits_by_lane_timestamp,56884,56884,31204,0,0.01,0,rtl_handles=40207 rtl_accept_trace=1 tlm_handle_events=40207
component_b000_rho0750_f0261_seed7102,block_mover_credit_return_parser_ticket_stream,PASS,mover_done_credit_return_hits,56884,56884,25,0,0.01,0,rtl_return_events=40207 tlm_return_events=40207
component_b000_rho0750_f0261_seed7102,page_allocator_lane_action_load_parser_ticket_stream,PASS,load_hits,56884,56884,198517,0,0.01,0,"rtl_action_counts={0: 99007, 1: 1026, 2: 83578, 3: 14906}"
component_b000_rho0750_f0261_seed7102,page_allocator_lane_action_late_drop_parser_ticket_stream,PASS,late_drop_hits,7157,7157,198517,0,0.01,0,"rtl_action_counts={0: 99007, 1: 1026, 2: 83578, 3: 14906}"
component_b000_rho0750_f0261_seed7102,frame_table_header_ledger_parser_ticket_stream,DEBUG,wr_hdr,186,189,1,3,0.01,0.016129032,rtl_rd_hdr=186 rtl_drop_hdr=0
component_b000_rho0750_f0261_seed7102,frame_table_subheader_ledger_parser_ticket_stream,PASS,wr_shd,18799,18799,1,0,0.01,0,rtl_rd_shd=18799 rtl_drop_shd=0
component_b000_rho0750_f0261_seed7102,frame_table_hit_ledger_parser_ticket_stream,PASS,rd_plus_drop_hit,56884,56884,1,0,0.01,0,rtl_ft_drop_hit=0 tlm_ft_drop_hit=0 tlm_wr_hit=56884
component_b000_rho0750_f0261_seed7102,transaction_bucket_order_parser_ticket_stream,PASS,OPQ_TXN_deliver_bucket_count_and_order,56884,56884,56884,0,0.01,0,missing_bucket=0 extra_bucket=0 bucket_order_violations=0
component_b000_rho0750_f0261_seed7102,transaction_word_identity_parser_ticket_stream,PASS,OPQ_TXN_deliver_word_identity,56884,56884,56884,0,0.01,0,missing_word=0 extra_word=0
component_b000_rho0750_f0261_seed7102,page_allocator_local_loss_parser_ticket_stream,PASS,late_drop_hits_from_parser_ticket_stream,7157,7157,64041,0,0.01,0,parser_ticket_stream uses PA late-action local hook for tail-state handoff; rtl_uvm_clean=0 tlm_pre=0 tlm_post=7157 tlm_ft=0
component_b000_rho0750_f0261_seed7103,ingress_source_ticket_stream,PASS,raw_subheader_ticket_identity,133632,133632,133632,0,0.01,0,source_missing_tlm=0 source_extra_tlm=0
component_b000_rho0750_f0261_seed7103,ingress_lane_fifo,DEBUG,raw_subheader_ticket_decision,133632,133632,133632,58104,0.01,0,missing_tlm=29052 extra_tlm=29052 key_count=162684
component_b000_rho0750_f0261_seed7103,ticket_drop_control,DEBUG,controlled_pre_post_drop_hits_by_serial_lane,35218,40903,1077,35633,0.01,0.16142314,exact_pre_post key_count=1077 hit_delta_sum=35633 rtl_aggregate_only_pre=3846 rtl_aggregate_only_post=0
component_b000_rho0750_f0261_seed7103,page_allocator_handle_fifo,DEBUG,handle_accept_hits_by_lane_timestamp,58523,59409,40355,26752,0.01,0.015139347,rtl_handles=41331 rtl_accept_trace=1 tlm_handle_events=42098
component_b000_rho0750_f0261_seed7103,block_mover_credit_return,DEBUG,mover_done_credit_return_hits,58523,59409,27,875,0.01,0.015139347,rtl_return_events=41331 tlm_return_events=42098
component_b000_rho0750_f0261_seed7103,page_allocator_lane_action_load,DEBUG,load_hits,58523,59409,188660,886,0.01,0.015139347,"rtl_action_counts={0: 87865, 1: 1016, 2: 86261, 3: 13518}"
component_b000_rho0750_f0261_seed7103,page_allocator_lane_action_late_drop,DEBUG,late_drop_hits,6690,5152,188660,1538,0.01,0.22989537,"rtl_action_counts={0: 87865, 1: 1016, 2: 86261, 3: 13518}"
component_b000_rho0750_f0261_seed7103,page_allocator_ticket_visibility_net,DEBUG,ingress_accept_minus_predrop_hits,67881,64561,119135,28552,0.01,0.04890912,rtl_ingress_accept=94625 tlm_ingress_accept=64561 rtl_pa_action_extra=39 tlm_pa_action_extra=0
component_b000_rho0750_f0261_seed7103,page_allocator_ticket_visibility_unconsumed,DEBUG,net_ingress_not_seen_as_pa_load_or_late,2707,0,62481,2707,0.01,1,rtl_pa_ticket_seen=0 rtl_pa_ticket_curr_seen=0 rtl_pa_ticket_future_only=0 rtl_pa_ticket_never_seen=2707 rtl_keys=7745 tlm_keys=59299
component_b000_rho0750_f0261_seed7103,page_allocator_ticket_visibility_rtl_local_trace,PASS,pa_ticket_debug_samples,188660,-,188660,0,0.01,-,"f233/l0/shd110:hits=6,ticket={};f186/l2/shd49:hits=5,ticket={};f233/l0/shd93:hits=5,ticket={}"
component_b000_rho0750_f0261_seed7103,page_allocator_state_trace,PASS,rtl_wait_samples,1245439,225,1245439,0,0.01,0.99981934,"frame_wait=5 active_wait=0 ingress_busy=51206 future_only=793539 top_states=[(20, 187660), (21, 187660), (0, 47745), (2, 47174), (3, 47174)]"
component_b000_rho0750_f0261_seed7103,frame_table_header_ledger,DEBUG,wr_hdr,188,225,1,37,0.01,0.19680851,rtl_rd_hdr=188 rtl_drop_hdr=0
component_b000_rho0750_f0261_seed7103,frame_table_subheader_ledger,DEBUG,wr_shd,19357,20323,1,966,0.01,0.049904427,rtl_rd_shd=19357 rtl_drop_shd=0
component_b000_rho0750_f0261_seed7103,frame_table_hit_ledger,DEBUG,rd_plus_drop_hit,58523,59409,1,886,0.01,0.015139347,rtl_ft_drop_hit=0 tlm_ft_drop_hit=0 tlm_wr_hit=59409
component_b000_rho0750_f0261_seed7103,transaction_bucket_order,DEBUG,OPQ_TXN_deliver_bucket_count_and_order,58523,59409,58523,27826,0.01,0.015139347,missing_bucket=14356 extra_bucket=13470 bucket_order_violations=0
component_b000_rho0750_f0261_seed7103,transaction_word_identity,DEBUG,OPQ_TXN_deliver_word_identity,58523,59409,58523,28134,0.01,0.015139347,missing_word=14510 extra_word=13624
component_b000_rho0750_f0261_seed7103,collective_loss,DEBUG,dropped_hits,39082,40903,100312,1821,0.01,0.04659434,rtl_expected=100312 rtl_uvm_clean=0 tlm_pre=35751 tlm_post=5152 tlm_ft=0
component_b000_rho0750_f0261_seed7103,ticket_drop_control_forced_ingress,DEBUG,controlled_pre_post_drop_hits_by_serial_lane,35218,36056,829,8394,0.01,0.02379465,exact_pre_post key_count=829 hit_delta_sum=8394 rtl_aggregate_only_pre=3846 rtl_aggregate_only_post=0
component_b000_rho0750_f0261_seed7103,page_allocator_handle_fifo_forced_ingress,DEBUG,handle_accept_hits_by_lane_timestamp,58523,64256,36049,7115,0.01,0.097961485,rtl_handles=41331 rtl_accept_trace=1 tlm_handle_events=45370
component_b000_rho0750_f0261_seed7103,block_mover_credit_return_forced_ingress,DEBUG,mover_done_credit_return_hits,58523,64256,25,4039,0.01,0.097961485,rtl_return_events=41331 tlm_return_events=45370
component_b000_rho0750_f0261_seed7103,page_allocator_lane_action_load_forced_ingress,DEBUG,load_hits,58523,64256,188660,5733,0.01,0.097961485,"rtl_action_counts={0: 87865, 1: 1016, 2: 86261, 3: 13518}"
component_b000_rho0750_f0261_seed7103,page_allocator_lane_action_late_drop_forced_ingress,DEBUG,late_drop_hits,6690,3625,188660,3065,0.01,0.45814649,"rtl_action_counts={0: 87865, 1: 1016, 2: 86261, 3: 13518}"
component_b000_rho0750_f0261_seed7103,page_allocator_ticket_visibility_net_forced_ingress,PASS,ingress_accept_minus_predrop_hits,67881,67881,107456,0,0.01,0,rtl_ingress_accept=94625 tlm_ingress_accept=67881 rtl_pa_action_extra=39 tlm_pa_action_extra=0
component_b000_rho0750_f0261_seed7103,page_allocator_ticket_visibility_unconsumed_forced_ingress,DEBUG,net_ingress_not_seen_as_pa_load_or_late,2707,0,61404,2707,0.01,1,rtl_pa_ticket_seen=0 rtl_pa_ticket_curr_seen=0 rtl_pa_ticket_future_only=0 rtl_pa_ticket_never_seen=2707 rtl_keys=7745 tlm_keys=59526
component_b000_rho0750_f0261_seed7103,page_allocator_ticket_visibility_rtl_local_trace_forced_ingress,PASS,pa_ticket_debug_samples,188660,-,188660,0,0.01,-,"f233/l0/shd110:hits=6,ticket={};f186/l2/shd49:hits=5,ticket={};f233/l0/shd93:hits=5,ticket={}"
component_b000_rho0750_f0261_seed7103,frame_table_header_ledger_forced_ingress,DEBUG,wr_hdr,188,238,1,50,0.01,0.26595745,rtl_rd_hdr=188 rtl_drop_hdr=0
component_b000_rho0750_f0261_seed7103,frame_table_subheader_ledger_forced_ingress,DEBUG,wr_shd,19357,21887,1,2530,0.01,0.13070207,rtl_rd_shd=19357 rtl_drop_shd=0
component_b000_rho0750_f0261_seed7103,frame_table_hit_ledger_forced_ingress,DEBUG,rd_plus_drop_hit,58523,64256,1,5733,0.01,0.097961485,rtl_ft_drop_hit=0 tlm_ft_drop_hit=0 tlm_wr_hit=64256
component_b000_rho0750_f0261_seed7103,transaction_bucket_order_forced_ingress,DEBUG,OPQ_TXN_deliver_bucket_count_and_order,58523,64256,58523,7171,0.01,0.097961485,missing_bucket=6452 extra_bucket=719 bucket_order_violations=0
component_b000_rho0750_f0261_seed7103,transaction_word_identity_forced_ingress,DEBUG,OPQ_TXN_deliver_word_identity,58523,64256,58523,7171,0.01,0.097961485,missing_word=6452 extra_word=719
component_b000_rho0750_f0261_seed7103,collective_loss_forced_ingress,DEBUG,dropped_hits,39082,36056,100312,3026,0.01,0.077426948,forced_ingress_decisions rtl_expected=100312 rtl_uvm_clean=0 tlm_pre=32431 tlm_post=3625 tlm_ft=0
component_b000_rho0750_f0261_seed7103,ingress_parser_ticket_fifo_write_parser_ticket_stream,PASS,parser_ticket_body_hits,65213,65213,100795,0,0.01,0,sop_rows=1016 eop_rows=594 pa_late_tail_frames=262 postdrop_tail_candidates=212 predrop_tail_candidates=556 ignored_rows=0
component_b000_rho0750_f0261_seed7103,page_allocator_handle_fifo_parser_ticket_stream,PASS,handle_accept_hits_by_lane_timestamp,58523,58523,32195,0,0.01,0,rtl_handles=41331 rtl_accept_trace=1 tlm_handle_events=41331
component_b000_rho0750_f0261_seed7103,block_mover_credit_return_parser_ticket_stream,PASS,mover_done_credit_return_hits,58523,58523,25,0,0.01,0,rtl_return_events=41331 tlm_return_events=41331
component_b000_rho0750_f0261_seed7103,page_allocator_lane_action_load_parser_ticket_stream,PASS,load_hits,58523,58523,188660,0,0.01,0,"rtl_action_counts={0: 87865, 1: 1016, 2: 86261, 3: 13518}"
component_b000_rho0750_f0261_seed7103,page_allocator_lane_action_late_drop_parser_ticket_stream,PASS,late_drop_hits,6690,6690,188660,0,0.01,0,"rtl_action_counts={0: 87865, 1: 1016, 2: 86261, 3: 13518}"
component_b000_rho0750_f0261_seed7103,frame_table_header_ledger_parser_ticket_stream,DEBUG,wr_hdr,188,190,1,2,0.01,0.010638298,rtl_rd_hdr=188 rtl_drop_hdr=0
component_b000_rho0750_f0261_seed7103,frame_table_subheader_ledger_parser_ticket_stream,PASS,wr_shd,19357,19357,1,0,0.01,0,rtl_rd_shd=19357 rtl_drop_shd=0
component_b000_rho0750_f0261_seed7103,frame_table_hit_ledger_parser_ticket_stream,PASS,rd_plus_drop_hit,58523,58523,1,0,0.01,0,rtl_ft_drop_hit=0 tlm_ft_drop_hit=0 tlm_wr_hit=58523
component_b000_rho0750_f0261_seed7103,transaction_bucket_order_parser_ticket_stream,PASS,OPQ_TXN_deliver_bucket_count_and_order,58523,58523,58523,0,0.01,0,missing_bucket=0 extra_bucket=0 bucket_order_violations=0
component_b000_rho0750_f0261_seed7103,transaction_word_identity_parser_ticket_stream,PASS,OPQ_TXN_deliver_word_identity,58523,58523,58523,0,0.01,0,missing_word=0 extra_word=0
component_b000_rho0750_f0261_seed7103,page_allocator_local_loss_parser_ticket_stream,PASS,late_drop_hits_from_parser_ticket_stream,6690,6690,65213,0,0.01,0,parser_ticket_stream uses PA late-action local hook for tail-state handoff; rtl_uvm_clean=0 tlm_pre=0 tlm_post=6690 tlm_ft=0
component_b000_rho0800_f0245_seed7101,ingress_source_ticket_stream,PASS,raw_subheader_ticket_identity,125440,125440,125440,0,0.01,0,source_missing_tlm=0 source_extra_tlm=0
component_b000_rho0800_f0245_seed7101,ingress_lane_fifo,DEBUG,raw_subheader_ticket_decision,125440,125440,125440,60872,0.01,0,missing_tlm=30436 extra_tlm=30436 key_count=155876
component_b000_rho0800_f0245_seed7101,ticket_drop_control,DEBUG,controlled_pre_post_drop_hits_by_serial_lane,35745,47572,1048,36285,0.01,0.33087145,exact_pre_post key_count=1048 hit_delta_sum=36285 rtl_aggregate_only_pre=3045 rtl_aggregate_only_post=0
component_b000_rho0800_f0245_seed7101,page_allocator_handle_fifo,DEBUG,handle_accept_hits_by_lane_timestamp,59675,53236,36727,23829,0.01,0.10790113,rtl_handles=41243 rtl_accept_trace=1 tlm_handle_events=36883
component_b000_rho0800_f0245_seed7101,block_mover_credit_return,DEBUG,mover_done_credit_return_hits,59675,53236,25,4360,0.01,0.10790113,rtl_return_events=41243 tlm_return_events=36883
component_b000_rho0800_f0245_seed7101,page_allocator_lane_action_load,DEBUG,load_hits,59675,53236,179282,6439,0.01,0.10790113,"rtl_action_counts={0: 84535, 1: 956, 2: 83763, 3: 10028}"
component_b000_rho0800_f0245_seed7101,page_allocator_lane_action_late_drop,DEBUG,late_drop_hits,4800,6388,179282,1588,0.01,0.33083333,"rtl_action_counts={0: 84535, 1: 956, 2: 83763, 3: 10028}"
component_b000_rho0800_f0245_seed7101,page_allocator_ticket_visibility_net,DEBUG,ingress_accept_minus_predrop_hits,66780,59624,108717,28310,0.01,0.10715783,rtl_ingress_accept=96397 tlm_ingress_accept=59624 rtl_pa_action_extra=34 tlm_pa_action_extra=0
component_b000_rho0800_f0245_seed7101,page_allocator_ticket_visibility_unconsumed,DEBUG,net_ingress_not_seen_as_pa_load_or_late,2339,0,55219,2339,0.01,1,rtl_pa_ticket_seen=0 rtl_pa_ticket_curr_seen=0 rtl_pa_ticket_future_only=0 rtl_pa_ticket_never_seen=2339 rtl_keys=6213 tlm_keys=52087
component_b000_rho0800_f0245_seed7101,page_allocator_ticket_visibility_rtl_local_trace,PASS,pa_ticket_debug_samples,179282,-,179282,0,0.01,-,"f188/l3/shd68:hits=6,ticket={};f188/l2/shd24:hits=5,ticket={};f215/l0/shd126:hits=5,ticket={}"
component_b000_rho0800_f0245_seed7101,page_allocator_state_trace,PASS,rtl_wait_samples,1184391,202,1184391,0,0.01,0.99982945,"frame_wait=5 active_wait=0 ingress_busy=47303 future_only=773443 top_states=[(20, 178404), (21, 178404), (0, 45416), (2, 44842), (3, 44842)]"
component_b000_rho0800_f0245_seed7101,frame_table_header_ledger,DEBUG,wr_hdr,189,202,1,13,0.01,0.068783069,rtl_rd_hdr=189 rtl_drop_hdr=0
component_b000_rho0800_f0245_seed7101,frame_table_subheader_ledger,DEBUG,wr_shd,18769,17254,1,1515,0.01,0.080718206,rtl_rd_shd=18769 rtl_drop_shd=0
component_b000_rho0800_f0245_seed7101,frame_table_hit_ledger,DEBUG,rd_plus_drop_hit,59675,53236,1,6439,0.01,0.10790113,rtl_ft_drop_hit=0 tlm_ft_drop_hit=0 tlm_wr_hit=53236
component_b000_rho0800_f0245_seed7101,transaction_bucket_order,DEBUG,OPQ_TXN_deliver_bucket_count_and_order,59675,53236,59675,25413,0.01,0.10790113,missing_bucket=9487 extra_bucket=15926 bucket_order_violations=0
component_b000_rho0800_f0245_seed7101,transaction_word_identity,DEBUG,OPQ_TXN_deliver_word_identity,59675,53236,59675,25601,0.01,0.10790113,missing_word=9581 extra_word=16020
component_b000_rho0800_f0245_seed7101,collective_loss,DEBUG,dropped_hits,38794,47572,100808,8778,0.01,0.2262721,rtl_expected=100808 rtl_uvm_clean=0 tlm_pre=41184 tlm_post=6388 tlm_ft=0
component_b000_rho0800_f0245_seed7101,ticket_drop_control_forced_ingress,DEBUG,controlled_pre_post_drop_hits_by_serial_lane,35745,37207,775,6684,0.01,0.040900825,exact_pre_post key_count=775 hit_delta_sum=6684 rtl_aggregate_only_pre=3045 rtl_aggregate_only_post=0
component_b000_rho0800_f0245_seed7101,page_allocator_handle_fifo_forced_ingress,DEBUG,handle_accept_hits_by_lane_timestamp,59675,63601,34707,5814,0.01,0.065789694,rtl_handles=41243 rtl_accept_trace=1 tlm_handle_events=44006
component_b000_rho0800_f0245_seed7101,block_mover_credit_return_forced_ingress,DEBUG,mover_done_credit_return_hits,59675,63601,25,2763,0.01,0.065789694,rtl_return_events=41243 tlm_return_events=44006
component_b000_rho0800_f0245_seed7101,page_allocator_lane_action_load_forced_ingress,DEBUG,load_hits,59675,63601,179282,3926,0.01,0.065789694,"rtl_action_counts={0: 84535, 1: 956, 2: 83763, 3: 10028}"
component_b000_rho0800_f0245_seed7101,page_allocator_lane_action_late_drop_forced_ingress,DEBUG,late_drop_hits,4800,3179,179282,1621,0.01,0.33770833,"rtl_action_counts={0: 84535, 1: 956, 2: 83763, 3: 10028}"
component_b000_rho0800_f0245_seed7101,page_allocator_ticket_visibility_net_forced_ingress,PASS,ingress_accept_minus_predrop_hits,66780,66780,99951,0,0.01,0,rtl_ingress_accept=96397 tlm_ingress_accept=66780 rtl_pa_action_extra=34 tlm_pa_action_extra=0
component_b000_rho0800_f0245_seed7101,page_allocator_ticket_visibility_unconsumed_forced_ingress,DEBUG,net_ingress_not_seen_as_pa_load_or_late,2339,0,55353,2339,0.01,1,rtl_pa_ticket_seen=0 rtl_pa_ticket_curr_seen=0 rtl_pa_ticket_future_only=0 rtl_pa_ticket_never_seen=2339 rtl_keys=6213 tlm_keys=53699
component_b000_rho0800_f0245_seed7101,page_allocator_ticket_visibility_rtl_local_trace_forced_ingress,PASS,pa_ticket_debug_samples,179282,-,179282,0,0.01,-,"f188/l3/shd68:hits=6,ticket={};f188/l2/shd24:hits=5,ticket={};f215/l0/shd126:hits=5,ticket={}"
component_b000_rho0800_f0245_seed7101,frame_table_header_ledger_forced_ingress,DEBUG,wr_hdr,189,224,1,35,0.01,0.18518519,rtl_rd_hdr=189 rtl_drop_hdr=0
component_b000_rho0800_f0245_seed7101,frame_table_subheader_ledger_forced_ingress,DEBUG,wr_shd,18769,20507,1,1738,0.01,0.092599499,rtl_rd_shd=18769 rtl_drop_shd=0
component_b000_rho0800_f0245_seed7101,frame_table_hit_ledger_forced_ingress,DEBUG,rd_plus_drop_hit,59675,63601,1,3926,0.01,0.065789694,rtl_ft_drop_hit=0 tlm_ft_drop_hit=0 tlm_wr_hit=63601
component_b000_rho0800_f0245_seed7101,transaction_bucket_order_forced_ingress,DEBUG,OPQ_TXN_deliver_bucket_count_and_order,59675,63601,59675,5916,0.01,0.065789694,missing_bucket=4921 extra_bucket=995 bucket_order_violations=0
component_b000_rho0800_f0245_seed7101,transaction_word_identity_forced_ingress,DEBUG,OPQ_TXN_deliver_word_identity,59675,63601,59675,5916,0.01,0.065789694,missing_word=4921 extra_word=995
component_b000_rho0800_f0245_seed7101,collective_loss_forced_ingress,DEBUG,dropped_hits,38794,37207,100808,1587,0.01,0.040908388,forced_ingress_decisions rtl_expected=100808 rtl_uvm_clean=0 tlm_pre=34028 tlm_post=3179 tlm_ft=0
component_b000_rho0800_f0245_seed7101,ingress_parser_ticket_fifo_write_parser_ticket_stream,PASS,parser_ticket_body_hits,64475,64475,94747,0,0.01,0,sop_rows=956 eop_rows=500 pa_late_tail_frames=200 postdrop_tail_candidates=155 predrop_tail_candidates=533 ignored_rows=0
component_b000_rho0800_f0245_seed7101,page_allocator_handle_fifo_parser_ticket_stream,PASS,handle_accept_hits_by_lane_timestamp,59675,59675,31741,0,0.01,0,rtl_handles=41243 rtl_accept_trace=1 tlm_handle_events=41243
component_b000_rho0800_f0245_seed7101,block_mover_credit_return_parser_ticket_stream,PASS,mover_done_credit_return_hits,59675,59675,25,0,0.01,0,rtl_return_events=41243 tlm_return_events=41243
component_b000_rho0800_f0245_seed7101,page_allocator_lane_action_load_parser_ticket_stream,PASS,load_hits,59675,59675,179282,0,0.01,0,"rtl_action_counts={0: 84535, 1: 956, 2: 83763, 3: 10028}"
component_b000_rho0800_f0245_seed7101,page_allocator_lane_action_late_drop_parser_ticket_stream,PASS,late_drop_hits,4800,4800,179282,0,0.01,0,"rtl_action_counts={0: 84535, 1: 956, 2: 83763, 3: 10028}"
component_b000_rho0800_f0245_seed7101,frame_table_header_ledger_parser_ticket_stream,PASS,wr_hdr,189,189,1,0,0.01,0,rtl_rd_hdr=189 rtl_drop_hdr=0
component_b000_rho0800_f0245_seed7101,frame_table_subheader_ledger_parser_ticket_stream,PASS,wr_shd,18769,18769,1,0,0.01,0,rtl_rd_shd=18769 rtl_drop_shd=0
component_b000_rho0800_f0245_seed7101,frame_table_hit_ledger_parser_ticket_stream,PASS,rd_plus_drop_hit,59675,59675,1,0,0.01,0,rtl_ft_drop_hit=0 tlm_ft_drop_hit=0 tlm_wr_hit=59675
component_b000_rho0800_f0245_seed7101,transaction_bucket_order_parser_ticket_stream,PASS,OPQ_TXN_deliver_bucket_count_and_order,59675,59675,59675,0,0.01,0,missing_bucket=0 extra_bucket=0 bucket_order_violations=0
component_b000_rho0800_f0245_seed7101,transaction_word_identity_parser_ticket_stream,PASS,OPQ_TXN_deliver_word_identity,59675,59675,59675,0,0.01,0,missing_word=0 extra_word=0
component_b000_rho0800_f0245_seed7101,page_allocator_local_loss_parser_ticket_stream,PASS,late_drop_hits_from_parser_ticket_stream,4800,4800,64475,0,0.01,0,parser_ticket_stream uses PA late-action local hook for tail-state handoff; rtl_uvm_clean=0 tlm_pre=0 tlm_post=4800 tlm_ft=0
component_b000_rho0800_f0245_seed7102,ingress_source_ticket_stream,PASS,raw_subheader_ticket_identity,125440,125440,125440,0,0.01,0,source_missing_tlm=0 source_extra_tlm=0
component_b000_rho0800_f0245_seed7102,ingress_lane_fifo,DEBUG,raw_subheader_ticket_decision,125440,125440,125440,59766,0.01,0,missing_tlm=29883 extra_tlm=29883 key_count=155323
component_b000_rho0800_f0245_seed7102,ticket_drop_control,DEBUG,controlled_pre_post_drop_hits_by_serial_lane,36924,44646,1029,36402,0.01,0.20913227,exact_pre_post key_count=1029 hit_delta_sum=36402 rtl_aggregate_only_pre=3131 rtl_aggregate_only_post=0
component_b000_rho0800_f0245_seed7102,page_allocator_handle_fifo,DEBUG,handle_accept_hits_by_lane_timestamp,58758,55754,37738,26162,0.01,0.051124953,rtl_handles=40671 rtl_accept_trace=1 tlm_handle_events=38723
component_b000_rho0800_f0245_seed7102,block_mover_credit_return,DEBUG,mover_done_credit_return_hits,58758,55754,26,1968,0.01,0.051124953,rtl_return_events=40671 tlm_return_events=38723
component_b000_rho0800_f0245_seed7102,page_allocator_lane_action_load,DEBUG,load_hits,58758,55754,180723,3004,0.01,0.051124953,"rtl_action_counts={0: 85839, 1: 965, 2: 82780, 3: 11139}"
component_b000_rho0800_f0245_seed7102,page_allocator_lane_action_late_drop,DEBUG,late_drop_hits,5226,5744,180723,518,0.01,0.099119786,"rtl_action_counts={0: 85839, 1: 965, 2: 82780, 3: 11139}"
component_b000_rho0800_f0245_seed7102,page_allocator_ticket_visibility_net,DEBUG,ingress_accept_minus_predrop_hits,65519,61498,109917,29261,0.01,0.061371511,rtl_ingress_accept=95877 tlm_ingress_accept=61498 rtl_pa_action_extra=30 tlm_pa_action_extra=0
component_b000_rho0800_f0245_seed7102,page_allocator_ticket_visibility_unconsumed,DEBUG,net_ingress_not_seen_as_pa_load_or_late,1565,0,55043,1565,0.01,1,rtl_pa_ticket_seen=0 rtl_pa_ticket_curr_seen=0 rtl_pa_ticket_future_only=0 rtl_pa_ticket_never_seen=1565 rtl_keys=5183 tlm_keys=53421
component_b000_rho0800_f0245_seed7102,page_allocator_ticket_visibility_rtl_local_trace,PASS,pa_ticket_debug_samples,180723,-,180723,0,0.01,-,"f179/l2/shd92:hits=5,ticket={};f196/l1/shd38:hits=5,ticket={};f179/l0/shd90:hits=4,ticket={}"
component_b000_rho0800_f0245_seed7102,page_allocator_state_trace,PASS,rtl_wait_samples,1193033,209,1193033,0,0.01,0.99982482,"frame_wait=5 active_wait=0 ingress_busy=47676 future_only=779530 top_states=[(20, 179772), (21, 179772), (0, 45755), (2, 45187), (3, 45187)]"
component_b000_rho0800_f0245_seed7102,frame_table_header_ledger,DEBUG,wr_hdr,187,209,1,22,0.01,0.11764706,rtl_rd_hdr=187 rtl_drop_hdr=0
component_b000_rho0800_f0245_seed7102,frame_table_subheader_ledger,DEBUG,wr_shd,18488,18272,1,216,0.01,0.011683254,rtl_rd_shd=18488 rtl_drop_shd=0
component_b000_rho0800_f0245_seed7102,frame_table_hit_ledger,DEBUG,rd_plus_drop_hit,58758,55754,1,3004,0.01,0.051124953,rtl_ft_drop_hit=0 tlm_ft_drop_hit=0 tlm_wr_hit=55754
component_b000_rho0800_f0245_seed7102,transaction_bucket_order,DEBUG,OPQ_TXN_deliver_bucket_count_and_order,58758,55754,58758,27314,0.01,0.051124953,missing_bucket=12155 extra_bucket=15159 bucket_order_violations=0
component_b000_rho0800_f0245_seed7102,transaction_word_identity,DEBUG,OPQ_TXN_deliver_word_identity,58758,55754,58758,27564,0.01,0.051124953,missing_word=12280 extra_word=15284
component_b000_rho0800_f0245_seed7102,collective_loss,DEBUG,dropped_hits,40077,44646,100400,4569,0.01,0.11400554,rtl_expected=100400 rtl_uvm_clean=0 tlm_pre=38902 tlm_post=5744 tlm_ft=0
component_b000_rho0800_f0245_seed7102,ticket_drop_control_forced_ingress,DEBUG,controlled_pre_post_drop_hits_by_serial_lane,36924,38319,801,6937,0.01,0.037780305,exact_pre_post key_count=801 hit_delta_sum=6937 rtl_aggregate_only_pre=3131 rtl_aggregate_only_post=0
component_b000_rho0800_f0245_seed7102,page_allocator_handle_fifo_forced_ingress,DEBUG,handle_accept_hits_by_lane_timestamp,58758,62081,33855,5237,0.01,0.056554001,rtl_handles=40671 rtl_accept_trace=1 tlm_handle_events=42976
component_b000_rho0800_f0245_seed7102,block_mover_credit_return_forced_ingress,DEBUG,mover_done_credit_return_hits,58758,62081,26,2307,0.01,0.056554001,rtl_return_events=40671 tlm_return_events=42976
component_b000_rho0800_f0245_seed7102,page_allocator_lane_action_load_forced_ingress,DEBUG,load_hits,58758,62081,180723,3323,0.01,0.056554001,"rtl_action_counts={0: 85839, 1: 965, 2: 82780, 3: 11139}"
component_b000_rho0800_f0245_seed7102,page_allocator_lane_action_late_drop_forced_ingress,DEBUG,late_drop_hits,5226,3438,180723,1788,0.01,0.34213548,"rtl_action_counts={0: 85839, 1: 965, 2: 82780, 3: 11139}"
component_b000_rho0800_f0245_seed7102,page_allocator_ticket_visibility_net_forced_ingress,PASS,ingress_accept_minus_predrop_hits,65519,65519,99026,0,0.01,0,rtl_ingress_accept=95877 tlm_ingress_accept=65519 rtl_pa_action_extra=30 tlm_pa_action_extra=0
component_b000_rho0800_f0245_seed7102,page_allocator_ticket_visibility_unconsumed_forced_ingress,DEBUG,net_ingress_not_seen_as_pa_load_or_late,1565,0,54724,1565,0.01,1,rtl_pa_ticket_seen=0 rtl_pa_ticket_curr_seen=0 rtl_pa_ticket_future_only=0 rtl_pa_ticket_never_seen=1565 rtl_keys=5183 tlm_keys=53663
component_b000_rho0800_f0245_seed7102,page_allocator_ticket_visibility_rtl_local_trace_forced_ingress,PASS,pa_ticket_debug_samples,180723,-,180723,0,0.01,-,"f179/l2/shd92:hits=5,ticket={};f196/l1/shd38:hits=5,ticket={};f179/l0/shd90:hits=4,ticket={}"
component_b000_rho0800_f0245_seed7102,frame_table_header_ledger_forced_ingress,DEBUG,wr_hdr,187,219,1,32,0.01,0.17112299,rtl_rd_hdr=187 rtl_drop_hdr=0
component_b000_rho0800_f0245_seed7102,frame_table_subheader_ledger_forced_ingress,DEBUG,wr_shd,18488,20026,1,1538,0.01,0.083189096,rtl_rd_shd=18488 rtl_drop_shd=0
component_b000_rho0800_f0245_seed7102,frame_table_hit_ledger_forced_ingress,DEBUG,rd_plus_drop_hit,58758,62081,1,3323,0.01,0.056554001,rtl_ft_drop_hit=0 tlm_ft_drop_hit=0 tlm_wr_hit=62081
component_b000_rho0800_f0245_seed7102,transaction_bucket_order_forced_ingress,DEBUG,OPQ_TXN_deliver_bucket_count_and_order,58758,62081,58758,5303,0.01,0.056554001,missing_bucket=4313 extra_bucket=990 bucket_order_violations=0
component_b000_rho0800_f0245_seed7102,transaction_word_identity_forced_ingress,DEBUG,OPQ_TXN_deliver_word_identity,58758,62081,58758,5303,0.01,0.056554001,missing_word=4313 extra_word=990
component_b000_rho0800_f0245_seed7102,collective_loss_forced_ingress,DEBUG,dropped_hits,40077,38319,100400,1758,0.01,0.043865559,forced_ingress_decisions rtl_expected=100400 rtl_uvm_clean=0 tlm_pre=34881 tlm_post=3438 tlm_ft=0
component_b000_rho0800_f0245_seed7102,ingress_parser_ticket_fifo_write_parser_ticket_stream,PASS,parser_ticket_body_hits,63984,63984,94884,0,0.01,0,sop_rows=965 eop_rows=581 pa_late_tail_frames=213 postdrop_tail_candidates=164 predrop_tail_candidates=552 ignored_rows=0
component_b000_rho0800_f0245_seed7102,page_allocator_handle_fifo_parser_ticket_stream,PASS,handle_accept_hits_by_lane_timestamp,58758,58758,31257,0,0.01,0,rtl_handles=40671 rtl_accept_trace=1 tlm_handle_events=40671
component_b000_rho0800_f0245_seed7102,block_mover_credit_return_parser_ticket_stream,PASS,mover_done_credit_return_hits,58758,58758,26,0,0.01,0,rtl_return_events=40671 tlm_return_events=40671
component_b000_rho0800_f0245_seed7102,page_allocator_lane_action_load_parser_ticket_stream,PASS,load_hits,58758,58758,180723,0,0.01,0,"rtl_action_counts={0: 85839, 1: 965, 2: 82780, 3: 11139}"
component_b000_rho0800_f0245_seed7102,page_allocator_lane_action_late_drop_parser_ticket_stream,PASS,late_drop_hits,5226,5226,180723,0,0.01,0,"rtl_action_counts={0: 85839, 1: 965, 2: 82780, 3: 11139}"
component_b000_rho0800_f0245_seed7102,frame_table_header_ledger_parser_ticket_stream,DEBUG,wr_hdr,187,191,1,4,0.01,0.021390374,rtl_rd_hdr=187 rtl_drop_hdr=0
component_b000_rho0800_f0245_seed7102,frame_table_subheader_ledger_parser_ticket_stream,PASS,wr_shd,18488,18488,1,0,0.01,0,rtl_rd_shd=18488 rtl_drop_shd=0
component_b000_rho0800_f0245_seed7102,frame_table_hit_ledger_parser_ticket_stream,PASS,rd_plus_drop_hit,58758,58758,1,0,0.01,0,rtl_ft_drop_hit=0 tlm_ft_drop_hit=0 tlm_wr_hit=58758
component_b000_rho0800_f0245_seed7102,transaction_bucket_order_parser_ticket_stream,PASS,OPQ_TXN_deliver_bucket_count_and_order,58758,58758,58758,0,0.01,0,missing_bucket=0 extra_bucket=0 bucket_order_violations=0
component_b000_rho0800_f0245_seed7102,transaction_word_identity_parser_ticket_stream,PASS,OPQ_TXN_deliver_word_identity,58758,58758,58758,0,0.01,0,missing_word=0 extra_word=0
component_b000_rho0800_f0245_seed7102,page_allocator_local_loss_parser_ticket_stream,PASS,late_drop_hits_from_parser_ticket_stream,5226,5226,63984,0,0.01,0,parser_ticket_stream uses PA late-action local hook for tail-state handoff; rtl_uvm_clean=0 tlm_pre=0 tlm_post=5226 tlm_ft=0
component_b000_rho0800_f0245_seed7103,ingress_source_ticket_stream,PASS,raw_subheader_ticket_identity,125440,125440,125440,0,0.01,0,source_missing_tlm=0 source_extra_tlm=0
component_b000_rho0800_f0245_seed7103,ingress_lane_fifo,DEBUG,raw_subheader_ticket_decision,125440,125440,125440,57232,0.01,0,missing_tlm=28616 extra_tlm=28616 key_count=154056
component_b000_rho0800_f0245_seed7103,ticket_drop_control,DEBUG,controlled_pre_post_drop_hits_by_serial_lane,34398,44651,997,33471,0.01,0.29806966,exact_pre_post key_count=997 hit_delta_sum=33471 rtl_aggregate_only_pre=3120 rtl_aggregate_only_post=0
component_b000_rho0800_f0245_seed7103,page_allocator_handle_fifo,DEBUG,handle_accept_hits_by_lane_timestamp,60165,55770,38442,26185,0.01,0.073049115,rtl_handles=41595 rtl_accept_trace=1 tlm_handle_events=38561
component_b000_rho0800_f0245_seed7103,block_mover_credit_return,DEBUG,mover_done_credit_return_hits,60165,55770,26,3048,0.01,0.073049115,rtl_return_events=41595 tlm_return_events=38561
component_b000_rho0800_f0245_seed7103,page_allocator_lane_action_load,DEBUG,load_hits,60165,55770,178571,4395,0.01,0.073049115,"rtl_action_counts={0: 83916, 1: 954, 2: 84664, 3: 9037}"
component_b000_rho0800_f0245_seed7103,page_allocator_lane_action_late_drop,DEBUG,late_drop_hits,4020,6423,178571,2403,0.01,0.59776119,"rtl_action_counts={0: 83916, 1: 954, 2: 84664, 3: 9037}"
component_b000_rho0800_f0245_seed7103,page_allocator_ticket_visibility_net,DEBUG,ingress_accept_minus_predrop_hits,66874,62193,109796,26757,0.01,0.069997308,rtl_ingress_accept=95972 tlm_ingress_accept=62193 rtl_pa_action_extra=34 tlm_pa_action_extra=0
component_b000_rho0800_f0245_seed7103,page_allocator_ticket_visibility_unconsumed,DEBUG,net_ingress_not_seen_as_pa_load_or_late,2723,0,56644,2723,0.01,1,rtl_pa_ticket_seen=0 rtl_pa_ticket_curr_seen=0 rtl_pa_ticket_future_only=0 rtl_pa_ticket_never_seen=2723 rtl_keys=6535 tlm_keys=54120
component_b000_rho0800_f0245_seed7103,page_allocator_ticket_visibility_rtl_local_trace,PASS,pa_ticket_debug_samples,178571,-,178571,0,0.01,-,"f187/l1/shd97:hits=5,ticket={};f200/l3/shd60:hits=5,ticket={};f228/l2/shd82:hits=5,ticket={}"
component_b000_rho0800_f0245_seed7103,page_allocator_state_trace,PASS,rtl_wait_samples,1179994,212,1179994,0,0.01,0.99982034,"frame_wait=5 active_wait=0 ingress_busy=48263 future_only=771491 top_states=[(20, 177684), (21, 177684), (0, 45247), (2, 44664), (3, 44664)]"
component_b000_rho0800_f0245_seed7103,frame_table_header_ledger,DEBUG,wr_hdr,192,212,1,20,0.01,0.10416667,rtl_rd_hdr=192 rtl_drop_hdr=0
component_b000_rho0800_f0245_seed7103,frame_table_subheader_ledger,DEBUG,wr_shd,18988,18144,1,844,0.01,0.044449126,rtl_rd_shd=18988 rtl_drop_shd=0
component_b000_rho0800_f0245_seed7103,frame_table_hit_ledger,DEBUG,rd_plus_drop_hit,60165,55770,1,4395,0.01,0.073049115,rtl_ft_drop_hit=0 tlm_ft_drop_hit=0 tlm_wr_hit=55770
component_b000_rho0800_f0245_seed7103,transaction_bucket_order,DEBUG,OPQ_TXN_deliver_bucket_count_and_order,60165,55770,60165,27809,0.01,0.073049115,missing_bucket=11707 extra_bucket=16102 bucket_order_violations=0
component_b000_rho0800_f0245_seed7103,transaction_word_identity,DEBUG,OPQ_TXN_deliver_word_identity,60165,55770,60165,28093,0.01,0.073049115,missing_word=11849 extra_word=16244
component_b000_rho0800_f0245_seed7103,collective_loss,DEBUG,dropped_hits,37533,44651,100421,7118,0.01,0.18964644,rtl_expected=100421 rtl_uvm_clean=0 tlm_pre=38228 tlm_post=6423 tlm_ft=0
component_b000_rho0800_f0245_seed7103,ticket_drop_control_forced_ingress,DEBUG,controlled_pre_post_drop_hits_by_serial_lane,34398,36440,773,6462,0.01,0.059363917,exact_pre_post key_count=773 hit_delta_sum=6462 rtl_aggregate_only_pre=3120 rtl_aggregate_only_post=0
component_b000_rho0800_f0245_seed7103,page_allocator_handle_fifo_forced_ingress,DEBUG,handle_accept_hits_by_lane_timestamp,60165,63981,34792,5920,0.01,0.06342558,rtl_handles=41595 rtl_accept_trace=1 tlm_handle_events=44188
component_b000_rho0800_f0245_seed7103,block_mover_credit_return_forced_ingress,DEBUG,mover_done_credit_return_hits,60165,63981,25,2593,0.01,0.06342558,rtl_return_events=41595 tlm_return_events=44188
component_b000_rho0800_f0245_seed7103,page_allocator_lane_action_load_forced_ingress,DEBUG,load_hits,60165,63981,178571,3816,0.01,0.06342558,"rtl_action_counts={0: 83916, 1: 954, 2: 84664, 3: 9037}"
component_b000_rho0800_f0245_seed7103,page_allocator_lane_action_late_drop_forced_ingress,DEBUG,late_drop_hits,4020,2893,178571,1127,0.01,0.28034826,"rtl_action_counts={0: 83916, 1: 954, 2: 84664, 3: 9037}"
component_b000_rho0800_f0245_seed7103,page_allocator_ticket_visibility_net_forced_ingress,PASS,ingress_accept_minus_predrop_hits,66874,66874,100175,0,0.01,0,rtl_ingress_accept=95972 tlm_ingress_accept=66874 rtl_pa_action_extra=34 tlm_pa_action_extra=0
component_b000_rho0800_f0245_seed7103,page_allocator_ticket_visibility_unconsumed_forced_ingress,DEBUG,net_ingress_not_seen_as_pa_load_or_late,2723,0,55827,2723,0.01,1,rtl_pa_ticket_seen=0 rtl_pa_ticket_curr_seen=0 rtl_pa_ticket_future_only=0 rtl_pa_ticket_never_seen=2723 rtl_keys=6535 tlm_keys=53972
component_b000_rho0800_f0245_seed7103,page_allocator_ticket_visibility_rtl_local_trace_forced_ingress,PASS,pa_ticket_debug_samples,178571,-,178571,0,0.01,-,"f187/l1/shd97:hits=5,ticket={};f200/l3/shd60:hits=5,ticket={};f228/l2/shd82:hits=5,ticket={}"
component_b000_rho0800_f0245_seed7103,frame_table_header_ledger_forced_ingress,DEBUG,wr_hdr,192,228,1,36,0.01,0.1875,rtl_rd_hdr=192 rtl_drop_hdr=0
component_b000_rho0800_f0245_seed7103,frame_table_subheader_ledger_forced_ingress,DEBUG,wr_shd,18988,20707,1,1719,0.01,0.090530862,rtl_rd_shd=18988 rtl_drop_shd=0
component_b000_rho0800_f0245_seed7103,frame_table_hit_ledger_forced_ingress,DEBUG,rd_plus_drop_hit,60165,63981,1,3816,0.01,0.06342558,rtl_ft_drop_hit=0 tlm_ft_drop_hit=0 tlm_wr_hit=63981
component_b000_rho0800_f0245_seed7103,transaction_bucket_order_forced_ingress,DEBUG,OPQ_TXN_deliver_bucket_count_and_order,60165,63981,60165,6010,0.01,0.06342558,missing_bucket=4913 extra_bucket=1097 bucket_order_violations=0
component_b000_rho0800_f0245_seed7103,transaction_word_identity_forced_ingress,DEBUG,OPQ_TXN_deliver_word_identity,60165,63981,60165,6010,0.01,0.06342558,missing_word=4913 extra_word=1097
component_b000_rho0800_f0245_seed7103,collective_loss_forced_ingress,DEBUG,dropped_hits,37533,36440,100421,1093,0.01,0.02912104,forced_ingress_decisions rtl_expected=100421 rtl_uvm_clean=0 tlm_pre=33547 tlm_post=2893 tlm_ft=0
component_b000_rho0800_f0245_seed7103,ingress_parser_ticket_fifo_write_parser_ticket_stream,PASS,parser_ticket_body_hits,64185,64185,94655,0,0.01,0,sop_rows=954 eop_rows=513 pa_late_tail_frames=186 postdrop_tail_candidates=148 predrop_tail_candidates=530 ignored_rows=0
component_b000_rho0800_f0245_seed7103,page_allocator_handle_fifo_parser_ticket_stream,PASS,handle_accept_hits_by_lane_timestamp,60165,60165,32029,0,0.01,0,rtl_handles=41595 rtl_accept_trace=1 tlm_handle_events=41595
component_b000_rho0800_f0245_seed7103,block_mover_credit_return_parser_ticket_stream,PASS,mover_done_credit_return_hits,60165,60165,25,0,0.01,0,rtl_return_events=41595 tlm_return_events=41595
component_b000_rho0800_f0245_seed7103,page_allocator_lane_action_load_parser_ticket_stream,PASS,load_hits,60165,60165,178571,0,0.01,0,"rtl_action_counts={0: 83916, 1: 954, 2: 84664, 3: 9037}"
component_b000_rho0800_f0245_seed7103,page_allocator_lane_action_late_drop_parser_ticket_stream,PASS,late_drop_hits,4020,4020,178571,0,0.01,0,"rtl_action_counts={0: 83916, 1: 954, 2: 84664, 3: 9037}"
component_b000_rho0800_f0245_seed7103,frame_table_header_ledger_parser_ticket_stream,PASS,wr_hdr,192,192,1,0,0.01,0,rtl_rd_hdr=192 rtl_drop_hdr=0
component_b000_rho0800_f0245_seed7103,frame_table_subheader_ledger_parser_ticket_stream,PASS,wr_shd,18988,18988,1,0,0.01,0,rtl_rd_shd=18988 rtl_drop_shd=0
component_b000_rho0800_f0245_seed7103,frame_table_hit_ledger_parser_ticket_stream,PASS,rd_plus_drop_hit,60165,60165,1,0,0.01,0,rtl_ft_drop_hit=0 tlm_ft_drop_hit=0 tlm_wr_hit=60165
component_b000_rho0800_f0245_seed7103,transaction_bucket_order_parser_ticket_stream,PASS,OPQ_TXN_deliver_bucket_count_and_order,60165,60165,60165,0,0.01,0,missing_bucket=0 extra_bucket=0 bucket_order_violations=0
component_b000_rho0800_f0245_seed7103,transaction_word_identity_parser_ticket_stream,PASS,OPQ_TXN_deliver_word_identity,60165,60165,60165,0,0.01,0,missing_word=0 extra_word=0
component_b000_rho0800_f0245_seed7103,page_allocator_local_loss_parser_ticket_stream,PASS,late_drop_hits_from_parser_ticket_stream,4020,4020,64185,0,0.01,0,parser_ticket_stream uses PA late-action local hook for tail-state handoff; rtl_uvm_clean=0 tlm_pre=0 tlm_post=4020 tlm_ft=0
component_b403_rho0750_f0261_seed7101,ingress_source_ticket_stream,PASS,raw_subheader_ticket_identity,133632,133632,133632,0,0.01,0,source_missing_tlm=0 source_extra_tlm=0
component_b403_rho0750_f0261_seed7101,ingress_lane_fifo,DEBUG,raw_subheader_ticket_decision,133632,133632,133632,43860,0.01,0,missing_tlm=21930 extra_tlm=21930 key_count=155562
component_b403_rho0750_f0261_seed7101,ticket_drop_control,DEBUG,controlled_pre_post_drop_hits_by_serial_lane,32509,31972,1016,32477,0.01,0.016518503,exact_pre_post key_count=1016 hit_delta_sum=32477 rtl_aggregate_only_pre=6174 rtl_aggregate_only_post=0
component_b403_rho0750_f0261_seed7101,page_allocator_handle_fifo,DEBUG,handle_accept_hits_by_lane_timestamp,59413,67987,19765,27974,0.01,0.14431185,rtl_handles=16467 rtl_accept_trace=1 tlm_handle_events=19021
component_b403_rho0750_f0261_seed7101,block_mover_credit_return,DEBUG,mover_done_credit_return_hits,59413,67987,39,2568,0.01,0.14431185,rtl_return_events=16467 tlm_return_events=19021
component_b403_rho0750_f0261_seed7101,page_allocator_lane_action_load,DEBUG,load_hits,59413,67987,190642,8574,0.01,0.14431185,"rtl_action_counts={0: 81245, 1: 1023, 2: 88841, 3: 19533}"
component_b403_rho0750_f0261_seed7101,page_allocator_lane_action_late_drop,DEBUG,late_drop_hits,9263,4394,190642,4869,0.01,0.52563964,"rtl_action_counts={0: 81245, 1: 1023, 2: 88841, 3: 19533}"
component_b403_rho0750_f0261_seed7101,page_allocator_ticket_visibility_net,DEBUG,ingress_accept_minus_predrop_hits,70451,72381,127208,24560,0.01,0.027394927,rtl_ingress_accept=89136 tlm_ingress_accept=72381 rtl_pa_action_extra=72 tlm_pa_action_extra=0
component_b403_rho0750_f0261_seed7101,page_allocator_ticket_visibility_unconsumed,DEBUG,net_ingress_not_seen_as_pa_load_or_late,1847,0,99787,1847,0.01,1,rtl_pa_ticket_seen=0 rtl_pa_ticket_curr_seen=0 rtl_pa_ticket_future_only=0 rtl_pa_ticket_never_seen=1847 rtl_keys=6129 tlm_keys=98338
component_b403_rho0750_f0261_seed7101,page_allocator_ticket_visibility_rtl_local_trace,PASS,pa_ticket_debug_samples,190642,-,190642,0,0.01,-,"f169/l1/shd105:hits=12,ticket={};f202/l3/shd19:hits=9,ticket={};f256/l2/shd79:hits=9,ticket={}"
component_b403_rho0750_f0261_seed7101,page_allocator_state_trace,PASS,rtl_wait_samples,1251078,227,1251078,0,0.01,0.99981856,"frame_wait=5 active_wait=0 ingress_busy=53468 future_only=717917 top_states=[(20, 189620), (21, 189620), (0, 48220), (2, 47664), (3, 47664)]"
component_b403_rho0750_f0261_seed7101,frame_table_header_ledger,DEBUG,wr_hdr,183,227,1,44,0.01,0.24043716,rtl_rd_hdr=183 rtl_drop_hdr=0
component_b403_rho0750_f0261_seed7101,frame_table_subheader_ledger,DEBUG,wr_shd,12306,14410,1,2104,0.01,0.17097351,rtl_rd_shd=12306 rtl_drop_shd=0
component_b403_rho0750_f0261_seed7101,frame_table_hit_ledger,DEBUG,rd_plus_drop_hit,59413,67987,1,8574,0.01,0.14431185,rtl_ft_drop_hit=0 tlm_ft_drop_hit=0 tlm_wr_hit=67987
component_b403_rho0750_f0261_seed7101,transaction_bucket_order,DEBUG,OPQ_TXN_deliver_bucket_count_and_order,59413,67987,59413,28208,0.01,0.14431185,missing_bucket=18391 extra_bucket=9817 bucket_order_violations=0
component_b403_rho0750_f0261_seed7101,transaction_word_identity,DEBUG,OPQ_TXN_deliver_word_identity,59413,67987,59413,28422,0.01,0.14431185,missing_word=18498 extra_word=9924
component_b403_rho0750_f0261_seed7101,collective_loss,DEBUG,dropped_hits,38699,31972,99959,6727,0.01,0.17382878,rtl_expected=99959 rtl_uvm_clean=0 tlm_pre=27578 tlm_post=4394 tlm_ft=0
component_b403_rho0750_f0261_seed7101,ticket_drop_control_forced_ingress,DEBUG,controlled_pre_post_drop_hits_by_serial_lane,32509,34119,834,11796,0.01,0.049524747,exact_pre_post key_count=834 hit_delta_sum=11796 rtl_aggregate_only_pre=6174 rtl_aggregate_only_post=0
component_b403_rho0750_f0261_seed7101,page_allocator_handle_fifo_forced_ingress,DEBUG,handle_accept_hits_by_lane_timestamp,59413,65840,16889,7349,0.01,0.10817498,rtl_handles=16467 rtl_accept_trace=1 tlm_handle_events=18308
component_b403_rho0750_f0261_seed7101,block_mover_credit_return_forced_ingress,DEBUG,mover_done_credit_return_hits,59413,65840,39,1841,0.01,0.10817498,rtl_return_events=16467 tlm_return_events=18308
component_b403_rho0750_f0261_seed7101,page_allocator_lane_action_load_forced_ingress,DEBUG,load_hits,59413,65840,190642,6427,0.01,0.10817498,"rtl_action_counts={0: 81245, 1: 1023, 2: 88841, 3: 19533}"
component_b403_rho0750_f0261_seed7101,page_allocator_lane_action_late_drop_forced_ingress,DEBUG,late_drop_hits,9263,4611,190642,4652,0.01,0.50221311,"rtl_action_counts={0: 81245, 1: 1023, 2: 88841, 3: 19533}"
component_b403_rho0750_f0261_seed7101,page_allocator_ticket_visibility_net_forced_ingress,PASS,ingress_accept_minus_predrop_hits,70451,70451,114297,0,0.01,0,rtl_ingress_accept=89136 tlm_ingress_accept=70451 rtl_pa_action_extra=72 tlm_pa_action_extra=0
component_b403_rho0750_f0261_seed7101,page_allocator_ticket_visibility_unconsumed_forced_ingress,DEBUG,net_ingress_not_seen_as_pa_load_or_late,1847,0,95178,1847,0.01,1,rtl_pa_ticket_seen=0 rtl_pa_ticket_curr_seen=0 rtl_pa_ticket_future_only=0 rtl_pa_ticket_never_seen=1847 rtl_keys=6129 tlm_keys=94654
component_b403_rho0750_f0261_seed7101,page_allocator_ticket_visibility_rtl_local_trace_forced_ingress,PASS,pa_ticket_debug_samples,190642,-,190642,0,0.01,-,"f169/l1/shd105:hits=12,ticket={};f202/l3/shd19:hits=9,ticket={};f256/l2/shd79:hits=9,ticket={}"
component_b403_rho0750_f0261_seed7101,frame_table_header_ledger_forced_ingress,DEBUG,wr_hdr,183,229,1,46,0.01,0.25136612,rtl_rd_hdr=183 rtl_drop_hdr=0
component_b403_rho0750_f0261_seed7101,frame_table_subheader_ledger_forced_ingress,DEBUG,wr_shd,12306,13831,1,1525,0.01,0.12392329,rtl_rd_shd=12306 rtl_drop_shd=0
component_b403_rho0750_f0261_seed7101,frame_table_hit_ledger_forced_ingress,DEBUG,rd_plus_drop_hit,59413,65840,1,6427,0.01,0.10817498,rtl_ft_drop_hit=0 tlm_ft_drop_hit=0 tlm_wr_hit=65840
component_b403_rho0750_f0261_seed7101,transaction_bucket_order_forced_ingress,DEBUG,OPQ_TXN_deliver_bucket_count_and_order,59413,65840,59413,7385,0.01,0.10817498,missing_bucket=6906 extra_bucket=479 bucket_order_violations=0
component_b403_rho0750_f0261_seed7101,transaction_word_identity_forced_ingress,DEBUG,OPQ_TXN_deliver_word_identity,59413,65840,59413,7385,0.01,0.10817498,missing_word=6906 extra_word=479
component_b403_rho0750_f0261_seed7101,collective_loss_forced_ingress,DEBUG,dropped_hits,38699,34119,99959,4580,0.01,0.11834931,forced_ingress_decisions rtl_expected=99959 rtl_uvm_clean=0 tlm_pre=29508 tlm_post=4611 tlm_ft=0
component_b403_rho0750_f0261_seed7101,ingress_parser_ticket_fifo_write_parser_ticket_stream,PASS,parser_ticket_body_hits,68676,68676,109397,0,0.01,0,sop_rows=1023 eop_rows=757 pa_late_tail_frames=290 postdrop_tail_candidates=258 predrop_tail_candidates=530 ignored_rows=0
component_b403_rho0750_f0261_seed7101,page_allocator_handle_fifo_parser_ticket_stream,PASS,handle_accept_hits_by_lane_timestamp,59413,59413,15041,0,0.01,0,rtl_handles=16467 rtl_accept_trace=1 tlm_handle_events=16467
component_b403_rho0750_f0261_seed7101,block_mover_credit_return_parser_ticket_stream,PASS,mover_done_credit_return_hits,59413,59413,38,0,0.01,0,rtl_return_events=16467 tlm_return_events=16467
component_b403_rho0750_f0261_seed7101,page_allocator_lane_action_load_parser_ticket_stream,PASS,load_hits,59413,59413,190642,0,0.01,0,"rtl_action_counts={0: 81245, 1: 1023, 2: 88841, 3: 19533}"
component_b403_rho0750_f0261_seed7101,page_allocator_lane_action_late_drop_parser_ticket_stream,PASS,late_drop_hits,9263,9263,190642,0,0.01,0,"rtl_action_counts={0: 81245, 1: 1023, 2: 88841, 3: 19533}"
component_b403_rho0750_f0261_seed7101,frame_table_header_ledger_parser_ticket_stream,PASS,wr_hdr,183,184,1,1,0.01,0.0054644809,rtl_rd_hdr=183 rtl_drop_hdr=0
component_b403_rho0750_f0261_seed7101,frame_table_subheader_ledger_parser_ticket_stream,PASS,wr_shd,12306,12306,1,0,0.01,0,rtl_rd_shd=12306 rtl_drop_shd=0
component_b403_rho0750_f0261_seed7101,frame_table_hit_ledger_parser_ticket_stream,PASS,rd_plus_drop_hit,59413,59413,1,0,0.01,0,rtl_ft_drop_hit=0 tlm_ft_drop_hit=0 tlm_wr_hit=59413
component_b403_rho0750_f0261_seed7101,transaction_bucket_order_parser_ticket_stream,PASS,OPQ_TXN_deliver_bucket_count_and_order,59413,59413,59413,0,0.01,0,missing_bucket=0 extra_bucket=0 bucket_order_violations=0
component_b403_rho0750_f0261_seed7101,transaction_word_identity_parser_ticket_stream,PASS,OPQ_TXN_deliver_word_identity,59413,59413,59413,0,0.01,0,missing_word=0 extra_word=0
component_b403_rho0750_f0261_seed7101,page_allocator_local_loss_parser_ticket_stream,PASS,late_drop_hits_from_parser_ticket_stream,9263,9263,68676,0,0.01,0,parser_ticket_stream uses PA late-action local hook for tail-state handoff; rtl_uvm_clean=0 tlm_pre=0 tlm_post=9263 tlm_ft=0
component_b403_rho0750_f0261_seed7102,ingress_source_ticket_stream,PASS,raw_subheader_ticket_identity,133632,133632,133632,0,0.01,0,source_missing_tlm=0 source_extra_tlm=0
component_b403_rho0750_f0261_seed7102,ingress_lane_fifo,DEBUG,raw_subheader_ticket_decision,133632,133632,133632,45864,0.01,0,missing_tlm=22932 extra_tlm=22932 key_count=156564
component_b403_rho0750_f0261_seed7102,ticket_drop_control,DEBUG,controlled_pre_post_drop_hits_by_serial_lane,29950,32586,1009,34138,0.01,0.088013356,exact_pre_post key_count=1009 hit_delta_sum=34138 rtl_aggregate_only_pre=5975 rtl_aggregate_only_post=0
component_b403_rho0750_f0261_seed7102,page_allocator_handle_fifo,DEBUG,handle_accept_hits_by_lane_timestamp,62214,67379,20284,29867,0.01,0.083019899,rtl_handles=17193 rtl_accept_trace=1 tlm_handle_events=18730
component_b403_rho0750_f0261_seed7102,block_mover_credit_return,DEBUG,mover_done_credit_return_hits,62214,67379,43,1563,0.01,0.083019899,rtl_return_events=17193 tlm_return_events=18730
component_b403_rho0750_f0261_seed7102,page_allocator_lane_action_load,DEBUG,load_hits,62214,67379,189625,5165,0.01,0.083019899,"rtl_action_counts={0: 79289, 1: 1025, 2: 92969, 3: 16342}"
component_b403_rho0750_f0261_seed7102,page_allocator_lane_action_late_drop,DEBUG,late_drop_hits,7731,4302,189625,3429,0.01,0.443539,"rtl_action_counts={0: 79289, 1: 1025, 2: 92969, 3: 16342}"
component_b403_rho0750_f0261_seed7102,page_allocator_ticket_visibility_net,PASS,ingress_accept_minus_predrop_hits,71661,71681,128071,27210,0.01,0.00027909184,rtl_ingress_accept=89285 tlm_ingress_accept=71681 rtl_pa_action_extra=94 tlm_pa_action_extra=0
component_b403_rho0750_f0261_seed7102,page_allocator_ticket_visibility_unconsumed,DEBUG,net_ingress_not_seen_as_pa_load_or_late,1810,0,99711,1810,0.01,1,rtl_pa_ticket_seen=0 rtl_pa_ticket_curr_seen=0 rtl_pa_ticket_future_only=0 rtl_pa_ticket_never_seen=1810 rtl_keys=5848 tlm_keys=98368
component_b403_rho0750_f0261_seed7102,page_allocator_ticket_visibility_rtl_local_trace,PASS,pa_ticket_debug_samples,189625,-,189625,0,0.01,-,"f203/l2/shd67:hits=12,ticket={};f259/l3/shd35:hits=12,ticket={};f162/l0/shd112:hits=8,ticket={}"
component_b403_rho0750_f0261_seed7102,page_allocator_state_trace,PASS,rtl_wait_samples,1245167,225,1245167,0,0.01,0.9998193,"frame_wait=5 active_wait=0 ingress_busy=52843 future_only=709167 top_states=[(20, 188612), (21, 188612), (0, 47988), (2, 47411), (3, 47411)]"
component_b403_rho0750_f0261_seed7102,frame_table_header_ledger,DEBUG,wr_hdr,190,225,1,35,0.01,0.18421053,rtl_rd_hdr=190 rtl_drop_hdr=0
component_b403_rho0750_f0261_seed7102,frame_table_subheader_ledger,DEBUG,wr_shd,12894,14204,1,1310,0.01,0.10159764,rtl_rd_shd=12894 rtl_drop_shd=0
component_b403_rho0750_f0261_seed7102,frame_table_hit_ledger,DEBUG,rd_plus_drop_hit,62214,67379,1,5165,0.01,0.083019899,rtl_ft_drop_hit=0 tlm_ft_drop_hit=0 tlm_wr_hit=67379
component_b403_rho0750_f0261_seed7102,transaction_bucket_order,DEBUG,OPQ_TXN_deliver_bucket_count_and_order,62214,67379,62214,30651,0.01,0.083019899,missing_bucket=17908 extra_bucket=12743 bucket_order_violations=0
component_b403_rho0750_f0261_seed7102,transaction_word_identity,DEBUG,OPQ_TXN_deliver_word_identity,62214,67379,62214,30829,0.01,0.083019899,missing_word=17997 extra_word=12832
component_b403_rho0750_f0261_seed7102,collective_loss,DEBUG,dropped_hits,35941,32586,99965,3355,0.01,0.093347431,rtl_expected=99965 rtl_uvm_clean=0 tlm_pre=28284 tlm_post=4302 tlm_ft=0
component_b403_rho0750_f0261_seed7102,ticket_drop_control_forced_ingress,DEBUG,controlled_pre_post_drop_hits_by_serial_lane,29950,33310,782,10114,0.01,0.11218698,exact_pre_post key_count=782 hit_delta_sum=10114 rtl_aggregate_only_pre=5975 rtl_aggregate_only_post=0
component_b403_rho0750_f0261_seed7102,page_allocator_handle_fifo_forced_ingress,DEBUG,handle_accept_hits_by_lane_timestamp,62214,66655,17066,5783,0.01,0.071382647,rtl_handles=17193 rtl_accept_trace=1 tlm_handle_events=18459
component_b403_rho0750_f0261_seed7102,block_mover_credit_return_forced_ingress,DEBUG,mover_done_credit_return_hits,62214,66655,43,1270,0.01,0.071382647,rtl_return_events=17193 tlm_return_events=18459
component_b403_rho0750_f0261_seed7102,page_allocator_lane_action_load_forced_ingress,DEBUG,load_hits,62214,66655,189625,4441,0.01,0.071382647,"rtl_action_counts={0: 79289, 1: 1025, 2: 92969, 3: 16342}"
component_b403_rho0750_f0261_seed7102,page_allocator_lane_action_late_drop_forced_ingress,DEBUG,late_drop_hits,7731,5006,189625,2725,0.01,0.35247704,"rtl_action_counts={0: 79289, 1: 1025, 2: 92969, 3: 16342}"
component_b403_rho0750_f0261_seed7102,page_allocator_ticket_visibility_net_forced_ingress,PASS,ingress_accept_minus_predrop_hits,71661,71661,114888,0,0.01,0,rtl_ingress_accept=89285 tlm_ingress_accept=71661 rtl_pa_action_extra=94 tlm_pa_action_extra=0
component_b403_rho0750_f0261_seed7102,page_allocator_ticket_visibility_unconsumed_forced_ingress,DEBUG,net_ingress_not_seen_as_pa_load_or_late,1810,0,95472,1810,0.01,1,rtl_pa_ticket_seen=0 rtl_pa_ticket_curr_seen=0 rtl_pa_ticket_future_only=0 rtl_pa_ticket_never_seen=1810 rtl_keys=5848 tlm_keys=94976
component_b403_rho0750_f0261_seed7102,page_allocator_ticket_visibility_rtl_local_trace_forced_ingress,PASS,pa_ticket_debug_samples,189625,-,189625,0,0.01,-,"f203/l2/shd67:hits=12,ticket={};f259/l3/shd35:hits=12,ticket={};f162/l0/shd112:hits=8,ticket={}"
component_b403_rho0750_f0261_seed7102,frame_table_header_ledger_forced_ingress,DEBUG,wr_hdr,190,222,1,32,0.01,0.16842105,rtl_rd_hdr=190 rtl_drop_hdr=0
component_b403_rho0750_f0261_seed7102,frame_table_subheader_ledger_forced_ingress,DEBUG,wr_shd,12894,13901,1,1007,0.01,0.07809834,rtl_rd_shd=12894 rtl_drop_shd=0
component_b403_rho0750_f0261_seed7102,frame_table_hit_ledger_forced_ingress,DEBUG,rd_plus_drop_hit,62214,66655,1,4441,0.01,0.071382647,rtl_ft_drop_hit=0 tlm_ft_drop_hit=0 tlm_wr_hit=66655
component_b403_rho0750_f0261_seed7102,transaction_bucket_order_forced_ingress,DEBUG,OPQ_TXN_deliver_bucket_count_and_order,62214,66655,62214,5815,0.01,0.071382647,missing_bucket=5128 extra_bucket=687 bucket_order_violations=0
component_b403_rho0750_f0261_seed7102,transaction_word_identity_forced_ingress,DEBUG,OPQ_TXN_deliver_word_identity,62214,66655,62214,5815,0.01,0.071382647,missing_word=5128 extra_word=687
component_b403_rho0750_f0261_seed7102,collective_loss_forced_ingress,DEBUG,dropped_hits,35941,33310,99965,2631,0.01,0.073203305,forced_ingress_decisions rtl_expected=99965 rtl_uvm_clean=0 tlm_pre=28304 tlm_post=5006 tlm_ft=0
component_b403_rho0750_f0261_seed7102,ingress_parser_ticket_fifo_write_parser_ticket_stream,PASS,parser_ticket_body_hits,69945,69945,110336,0,0.01,0,sop_rows=1025 eop_rows=727 pa_late_tail_frames=261 postdrop_tail_candidates=230 predrop_tail_candidates=504 ignored_rows=0
component_b403_rho0750_f0261_seed7102,page_allocator_handle_fifo_parser_ticket_stream,PASS,handle_accept_hits_by_lane_timestamp,62214,62214,15703,0,0.01,0,rtl_handles=17193 rtl_accept_trace=1 tlm_handle_events=17193
component_b403_rho0750_f0261_seed7102,block_mover_credit_return_parser_ticket_stream,PASS,mover_done_credit_return_hits,62214,62214,42,0,0.01,0,rtl_return_events=17193 tlm_return_events=17193
component_b403_rho0750_f0261_seed7102,page_allocator_lane_action_load_parser_ticket_stream,PASS,load_hits,62214,62214,189625,0,0.01,0,"rtl_action_counts={0: 79289, 1: 1025, 2: 92969, 3: 16342}"
component_b403_rho0750_f0261_seed7102,page_allocator_lane_action_late_drop_parser_ticket_stream,PASS,late_drop_hits,7731,7731,189625,0,0.01,0,"rtl_action_counts={0: 79289, 1: 1025, 2: 92969, 3: 16342}"
component_b403_rho0750_f0261_seed7102,frame_table_header_ledger_parser_ticket_stream,DEBUG,wr_hdr,190,194,1,4,0.01,0.021052632,rtl_rd_hdr=190 rtl_drop_hdr=0
component_b403_rho0750_f0261_seed7102,frame_table_subheader_ledger_parser_ticket_stream,PASS,wr_shd,12894,12894,1,0,0.01,0,rtl_rd_shd=12894 rtl_drop_shd=0
component_b403_rho0750_f0261_seed7102,frame_table_hit_ledger_parser_ticket_stream,PASS,rd_plus_drop_hit,62214,62214,1,0,0.01,0,rtl_ft_drop_hit=0 tlm_ft_drop_hit=0 tlm_wr_hit=62214
component_b403_rho0750_f0261_seed7102,transaction_bucket_order_parser_ticket_stream,PASS,OPQ_TXN_deliver_bucket_count_and_order,62214,62214,62214,0,0.01,0,missing_bucket=0 extra_bucket=0 bucket_order_violations=0
component_b403_rho0750_f0261_seed7102,transaction_word_identity_parser_ticket_stream,PASS,OPQ_TXN_deliver_word_identity,62214,62214,62214,0,0.01,0,missing_word=0 extra_word=0
component_b403_rho0750_f0261_seed7102,page_allocator_local_loss_parser_ticket_stream,PASS,late_drop_hits_from_parser_ticket_stream,7731,7731,69945,0,0.01,0,parser_ticket_stream uses PA late-action local hook for tail-state handoff; rtl_uvm_clean=0 tlm_pre=0 tlm_post=7731 tlm_ft=0
component_b403_rho0750_f0261_seed7103,ingress_source_ticket_stream,PASS,raw_subheader_ticket_identity,133632,133632,133632,0,0.01,0,source_missing_tlm=0 source_extra_tlm=0
component_b403_rho0750_f0261_seed7103,ingress_lane_fifo,DEBUG,raw_subheader_ticket_decision,133632,133632,133632,44120,0.01,0,missing_tlm=22060 extra_tlm=22060 key_count=155692
component_b403_rho0750_f0261_seed7103,ticket_drop_control,DEBUG,controlled_pre_post_drop_hits_by_serial_lane,34195,32615,1067,33958,0.01,0.046205586,exact_pre_post key_count=1067 hit_delta_sum=33958 rtl_aggregate_only_pre=6697 rtl_aggregate_only_post=0
component_b403_rho0750_f0261_seed7103,page_allocator_handle_fifo,DEBUG,handle_accept_hits_by_lane_timestamp,59701,68648,19889,29055,0.01,0.14986349,rtl_handles=16458 rtl_accept_trace=1 tlm_handle_events=19077
component_b403_rho0750_f0261_seed7103,block_mover_credit_return,DEBUG,mover_done_credit_return_hits,59701,68648,37,2637,0.01,0.14986349,rtl_return_events=16458 tlm_return_events=19077
component_b403_rho0750_f0261_seed7103,page_allocator_lane_action_load,DEBUG,load_hits,59701,68648,189289,8947,0.01,0.14986349,"rtl_action_counts={0: 79966, 1: 1038, 2: 87845, 3: 20440}"
component_b403_rho0750_f0261_seed7103,page_allocator_lane_action_late_drop,DEBUG,late_drop_hits,9774,5145,189289,4629,0.01,0.47360344,"rtl_action_counts={0: 79966, 1: 1038, 2: 87845, 3: 20440}"
component_b403_rho0750_f0261_seed7103,page_allocator_ticket_visibility_net,DEBUG,ingress_accept_minus_predrop_hits,70026,73793,127009,24841,0.01,0.053794305,rtl_ingress_accept=89060 tlm_ingress_accept=73793 rtl_pa_action_extra=101 tlm_pa_action_extra=0
component_b403_rho0750_f0261_seed7103,page_allocator_ticket_visibility_unconsumed,DEBUG,net_ingress_not_seen_as_pa_load_or_late,652,0,99657,652,0.01,1,rtl_pa_ticket_seen=0 rtl_pa_ticket_curr_seen=0 rtl_pa_ticket_future_only=0 rtl_pa_ticket_never_seen=652 rtl_keys=4565 tlm_keys=98882
component_b403_rho0750_f0261_seed7103,page_allocator_ticket_visibility_rtl_local_trace,PASS,pa_ticket_debug_samples,189289,-,189289,0,0.01,-,"f161/l1/shd4:hits=8,ticket={};f161/l1/shd5:hits=8,ticket={};f161/l2/shd96:hits=8,ticket={}"
component_b403_rho0750_f0261_seed7103,page_allocator_state_trace,PASS,rtl_wait_samples,1242114,224,1242114,0,0.01,0.99981966,"frame_wait=5 active_wait=0 ingress_busy=54255 future_only=706404 top_states=[(20, 188260), (21, 188260), (0, 47873), (2, 47326), (3, 47326)]"
component_b403_rho0750_f0261_seed7103,frame_table_header_ledger,DEBUG,wr_hdr,180,224,1,44,0.01,0.24444444,rtl_rd_hdr=180 rtl_drop_hdr=0
component_b403_rho0750_f0261_seed7103,frame_table_subheader_ledger,DEBUG,wr_shd,12178,14290,1,2112,0.01,0.17342749,rtl_rd_shd=12178 rtl_drop_shd=0
component_b403_rho0750_f0261_seed7103,frame_table_hit_ledger,DEBUG,rd_plus_drop_hit,59701,68648,1,8947,0.01,0.14986349,rtl_ft_drop_hit=0 tlm_ft_drop_hit=0 tlm_wr_hit=68648
component_b403_rho0750_f0261_seed7103,transaction_bucket_order,DEBUG,OPQ_TXN_deliver_bucket_count_and_order,59701,68648,59701,29547,0.01,0.14986349,missing_bucket=19247 extra_bucket=10300 bucket_order_violations=0
component_b403_rho0750_f0261_seed7103,transaction_word_identity,DEBUG,OPQ_TXN_deliver_word_identity,59701,68648,59701,29685,0.01,0.14986349,missing_word=19316 extra_word=10369
component_b403_rho0750_f0261_seed7103,collective_loss,DEBUG,dropped_hits,40910,32615,101263,8295,0.01,0.20276216,rtl_expected=101263 rtl_uvm_clean=0 tlm_pre=27470 tlm_post=5145 tlm_ft=0
component_b403_rho0750_f0261_seed7103,ticket_drop_control_forced_ingress,DEBUG,controlled_pre_post_drop_hits_by_serial_lane,34195,37667,893,11838,0.01,0.10153531,exact_pre_post key_count=893 hit_delta_sum=11838 rtl_aggregate_only_pre=6697 rtl_aggregate_only_post=0
component_b403_rho0750_f0261_seed7103,page_allocator_handle_fifo_forced_ingress,DEBUG,handle_accept_hits_by_lane_timestamp,59701,63596,16309,5617,0.01,0.065241788,rtl_handles=16458 rtl_accept_trace=1 tlm_handle_events=17590
component_b403_rho0750_f0261_seed7103,block_mover_credit_return_forced_ingress,DEBUG,mover_done_credit_return_hits,59701,63596,38,1138,0.01,0.065241788,rtl_return_events=16458 tlm_return_events=17590
component_b403_rho0750_f0261_seed7103,page_allocator_lane_action_load_forced_ingress,DEBUG,load_hits,59701,63596,189289,3895,0.01,0.065241788,"rtl_action_counts={0: 79966, 1: 1038, 2: 87845, 3: 20440}"
component_b403_rho0750_f0261_seed7103,page_allocator_lane_action_late_drop_forced_ingress,DEBUG,late_drop_hits,9774,6430,189289,3344,0.01,0.34213219,"rtl_action_counts={0: 79966, 1: 1038, 2: 87845, 3: 20440}"
component_b403_rho0750_f0261_seed7103,page_allocator_ticket_visibility_net_forced_ingress,PASS,ingress_accept_minus_predrop_hits,70026,70026,112624,0,0.01,0,rtl_ingress_accept=89060 tlm_ingress_accept=70026 rtl_pa_action_extra=101 tlm_pa_action_extra=0
component_b403_rho0750_f0261_seed7103,page_allocator_ticket_visibility_unconsumed_forced_ingress,DEBUG,net_ingress_not_seen_as_pa_load_or_late,652,0,93377,652,0.01,1,rtl_pa_ticket_seen=0 rtl_pa_ticket_curr_seen=0 rtl_pa_ticket_future_only=0 rtl_pa_ticket_never_seen=652 rtl_keys=4565 tlm_keys=93198
component_b403_rho0750_f0261_seed7103,page_allocator_ticket_visibility_rtl_local_trace_forced_ingress,PASS,pa_ticket_debug_samples,189289,-,189289,0,0.01,-,"f161/l1/shd4:hits=8,ticket={};f161/l1/shd5:hits=8,ticket={};f161/l2/shd96:hits=8,ticket={}"
component_b403_rho0750_f0261_seed7103,frame_table_header_ledger_forced_ingress,DEBUG,wr_hdr,180,217,1,37,0.01,0.20555556,rtl_rd_hdr=180 rtl_drop_hdr=0
component_b403_rho0750_f0261_seed7103,frame_table_subheader_ledger_forced_ingress,DEBUG,wr_shd,12178,13112,1,934,0.01,0.076695681,rtl_rd_shd=12178 rtl_drop_shd=0
component_b403_rho0750_f0261_seed7103,frame_table_hit_ledger_forced_ingress,DEBUG,rd_plus_drop_hit,59701,63596,1,3895,0.01,0.065241788,rtl_ft_drop_hit=0 tlm_ft_drop_hit=0 tlm_wr_hit=63596
component_b403_rho0750_f0261_seed7103,transaction_bucket_order_forced_ingress,DEBUG,OPQ_TXN_deliver_bucket_count_and_order,59701,63596,59701,5657,0.01,0.065241788,missing_bucket=4776 extra_bucket=881 bucket_order_violations=0
component_b403_rho0750_f0261_seed7103,transaction_word_identity_forced_ingress,DEBUG,OPQ_TXN_deliver_word_identity,59701,63596,59701,5657,0.01,0.065241788,missing_word=4776 extra_word=881
component_b403_rho0750_f0261_seed7103,collective_loss_forced_ingress,DEBUG,dropped_hits,40910,37667,101263,3243,0.01,0.079271572,forced_ingress_decisions rtl_expected=101263 rtl_uvm_clean=0 tlm_pre=31237 tlm_post=6430 tlm_ft=0
component_b403_rho0750_f0261_seed7103,ingress_parser_ticket_fifo_write_parser_ticket_stream,PASS,parser_ticket_body_hits,69475,69475,109323,0,0.01,0,sop_rows=1038 eop_rows=784 pa_late_tail_frames=318 postdrop_tail_candidates=301 predrop_tail_candidates=543 ignored_rows=0
component_b403_rho0750_f0261_seed7103,page_allocator_handle_fifo_parser_ticket_stream,PASS,handle_accept_hits_by_lane_timestamp,59701,59701,15021,0,0.01,0,rtl_handles=16458 rtl_accept_trace=1 tlm_handle_events=16458
component_b403_rho0750_f0261_seed7103,block_mover_credit_return_parser_ticket_stream,PASS,mover_done_credit_return_hits,59701,59701,37,0,0.01,0,rtl_return_events=16458 tlm_return_events=16458
component_b403_rho0750_f0261_seed7103,page_allocator_lane_action_load_parser_ticket_stream,PASS,load_hits,59701,59701,189289,0,0.01,0,"rtl_action_counts={0: 79966, 1: 1038, 2: 87845, 3: 20440}"
component_b403_rho0750_f0261_seed7103,page_allocator_lane_action_late_drop_parser_ticket_stream,PASS,late_drop_hits,9774,9774,189289,0,0.01,0,"rtl_action_counts={0: 79966, 1: 1038, 2: 87845, 3: 20440}"
component_b403_rho0750_f0261_seed7103,frame_table_header_ledger_parser_ticket_stream,PASS,wr_hdr,180,180,1,0,0.01,0,rtl_rd_hdr=180 rtl_drop_hdr=0
component_b403_rho0750_f0261_seed7103,frame_table_subheader_ledger_parser_ticket_stream,PASS,wr_shd,12178,12178,1,0,0.01,0,rtl_rd_shd=12178 rtl_drop_shd=0
component_b403_rho0750_f0261_seed7103,frame_table_hit_ledger_parser_ticket_stream,PASS,rd_plus_drop_hit,59701,59701,1,0,0.01,0,rtl_ft_drop_hit=0 tlm_ft_drop_hit=0 tlm_wr_hit=59701
component_b403_rho0750_f0261_seed7103,transaction_bucket_order_parser_ticket_stream,PASS,OPQ_TXN_deliver_bucket_count_and_order,59701,59701,59701,0,0.01,0,missing_bucket=0 extra_bucket=0 bucket_order_violations=0
component_b403_rho0750_f0261_seed7103,transaction_word_identity_parser_ticket_stream,PASS,OPQ_TXN_deliver_word_identity,59701,59701,59701,0,0.01,0,missing_word=0 extra_word=0
component_b403_rho0750_f0261_seed7103,page_allocator_local_loss_parser_ticket_stream,PASS,late_drop_hits_from_parser_ticket_stream,9774,9774,69475,0,0.01,0,parser_ticket_stream uses PA late-action local hook for tail-state handoff; rtl_uvm_clean=0 tlm_pre=0 tlm_post=9774 tlm_ft=0
component_b700_rho0700_f0280_seed7101,ingress_source_ticket_stream,PASS,raw_subheader_ticket_identity,143360,143360,143360,0,0.01,0,source_missing_tlm=0 source_extra_tlm=0
component_b700_rho0700_f0280_seed7101,ingress_lane_fifo,DEBUG,raw_subheader_ticket_decision,143360,143360,143360,45668,0.01,0,missing_tlm=22834 extra_tlm=22834 key_count=166194
component_b700_rho0700_f0280_seed7101,ticket_drop_control,DEBUG,controlled_pre_post_drop_hits_by_serial_lane,29961,29428,958,35265,0.01,0.017789793,exact_pre_post key_count=958 hit_delta_sum=35265 rtl_aggregate_only_pre=6165 rtl_aggregate_only_post=0
component_b700_rho0700_f0280_seed7101,page_allocator_handle_fifo,DEBUG,handle_accept_hits_by_lane_timestamp,62319,70244,4790,31623,0.01,0.12716828,rtl_handles=3696 rtl_accept_trace=1 tlm_handle_events=4184
component_b700_rho0700_f0280_seed7101,block_mover_credit_return,DEBUG,mover_done_credit_return_hits,62319,70244,17,506,0.01,0.12716828,rtl_return_events=3696 tlm_return_events=4184
component_b700_rho0700_f0280_seed7101,page_allocator_lane_action_load,DEBUG,load_hits,62319,70244,205805,7925,0.01,0.12716828,"rtl_action_counts={0: 82325, 1: 1108, 2: 98953, 3: 23419}"
component_b700_rho0700_f0280_seed7101,page_allocator_lane_action_late_drop,DEBUG,late_drop_hits,10586,5966,205805,4620,0.01,0.43642547,"rtl_action_counts={0: 82325, 1: 1108, 2: 98953, 3: 23419}"
component_b700_rho0700_f0280_seed7101,page_allocator_ticket_visibility_net,DEBUG,ingress_accept_minus_predrop_hits,73979,76210,139788,24017,0.01,0.030157207,rtl_ingress_accept=87721 tlm_ingress_accept=76210 rtl_pa_action_extra=136 tlm_pa_action_extra=0
component_b700_rho0700_f0280_seed7101,page_allocator_ticket_visibility_unconsumed,DEBUG,net_ingress_not_seen_as_pa_load_or_late,1210,0,127704,1210,0.01,1,rtl_pa_ticket_seen=0 rtl_pa_ticket_curr_seen=0 rtl_pa_ticket_future_only=0 rtl_pa_ticket_never_seen=1210 rtl_keys=2956 tlm_keys=127230
component_b700_rho0700_f0280_seed7101,page_allocator_ticket_visibility_rtl_local_trace,PASS,pa_ticket_debug_samples,205805,-,205805,0,0.01,-,"f202/l3/shd58:hits=34,ticket={};f202/l0/shd15:hits=17,ticket={};f202/l0/shd35:hits=17,ticket={}"
component_b700_rho0700_f0280_seed7101,page_allocator_state_trace,PASS,rtl_wait_samples,1340889,237,1340889,0,0.01,0.99982325,"frame_wait=5 active_wait=0 ingress_busy=60752 future_only=703868 top_states=[(20, 204728), (21, 204728), (0, 52056), (2, 51458), (3, 51458)]"
component_b700_rho0700_f0280_seed7101,frame_table_header_ledger,DEBUG,wr_hdr,197,237,1,40,0.01,0.20304569,rtl_rd_hdr=197 rtl_drop_hdr=0
component_b700_rho0700_f0280_seed7101,frame_table_subheader_ledger,DEBUG,wr_shd,3486,3969,1,483,0.01,0.13855422,rtl_rd_shd=3486 rtl_drop_shd=0
component_b700_rho0700_f0280_seed7101,frame_table_hit_ledger,DEBUG,rd_plus_drop_hit,62319,70244,1,7925,0.01,0.12716828,rtl_ft_drop_hit=0 tlm_ft_drop_hit=0 tlm_wr_hit=70244
component_b700_rho0700_f0280_seed7101,transaction_bucket_order,DEBUG,OPQ_TXN_deliver_bucket_count_and_order,62319,70244,62319,31555,0.01,0.12716828,missing_bucket=19740 extra_bucket=11815 bucket_order_violations=0
component_b700_rho0700_f0280_seed7101,transaction_word_identity,DEBUG,OPQ_TXN_deliver_word_identity,62319,70244,62319,31725,0.01,0.12716828,missing_word=19825 extra_word=11900
component_b700_rho0700_f0280_seed7101,collective_loss,DEBUG,dropped_hits,36143,29428,99672,6715,0.01,0.18578978,rtl_expected=99672 rtl_uvm_clean=0 tlm_pre=23462 tlm_post=5966 tlm_ft=0
component_b700_rho0700_f0280_seed7101,ticket_drop_control_forced_ingress,DEBUG,controlled_pre_post_drop_hits_by_serial_lane,29961,34694,765,8657,0.01,0.15797203,exact_pre_post key_count=765 hit_delta_sum=8657 rtl_aggregate_only_pre=6165 rtl_aggregate_only_post=0
component_b700_rho0700_f0280_seed7101,page_allocator_handle_fifo_forced_ingress,DEBUG,handle_accept_hits_by_lane_timestamp,62319,64978,3815,3515,0.01,0.042667565,rtl_handles=3696 rtl_accept_trace=1 tlm_handle_events=3856
component_b700_rho0700_f0280_seed7101,block_mover_credit_return_forced_ingress,DEBUG,mover_done_credit_return_hits,62319,64978,17,160,0.01,0.042667565,rtl_return_events=3696 tlm_return_events=3856
component_b700_rho0700_f0280_seed7101,page_allocator_lane_action_load_forced_ingress,DEBUG,load_hits,62319,64978,205805,2659,0.01,0.042667565,"rtl_action_counts={0: 82325, 1: 1108, 2: 98953, 3: 23419}"
component_b700_rho0700_f0280_seed7101,page_allocator_lane_action_late_drop_forced_ingress,DEBUG,late_drop_hits,10586,9001,205805,1585,0.01,0.14972605,"rtl_action_counts={0: 82325, 1: 1108, 2: 98953, 3: 23419}"
component_b700_rho0700_f0280_seed7101,page_allocator_ticket_visibility_net_forced_ingress,PASS,ingress_accept_minus_predrop_hits,73979,73979,124943,0,0.01,0,rtl_ingress_accept=87721 tlm_ingress_accept=73979 rtl_pa_action_extra=136 tlm_pa_action_extra=0
component_b700_rho0700_f0280_seed7101,page_allocator_ticket_visibility_unconsumed_forced_ingress,DEBUG,net_ingress_not_seen_as_pa_load_or_late,1210,0,120615,1210,0.01,1,rtl_pa_ticket_seen=0 rtl_pa_ticket_curr_seen=0 rtl_pa_ticket_future_only=0 rtl_pa_ticket_never_seen=1210 rtl_keys=2956 tlm_keys=120542
component_b700_rho0700_f0280_seed7101,page_allocator_ticket_visibility_rtl_local_trace_forced_ingress,PASS,pa_ticket_debug_samples,205805,-,205805,0,0.01,-,"f202/l3/shd58:hits=34,ticket={};f202/l0/shd15:hits=17,ticket={};f202/l0/shd35:hits=17,ticket={}"
component_b700_rho0700_f0280_seed7101,frame_table_header_ledger_forced_ingress,DEBUG,wr_hdr,197,214,1,17,0.01,0.086294416,rtl_rd_hdr=197 rtl_drop_hdr=0
component_b700_rho0700_f0280_seed7101,frame_table_subheader_ledger_forced_ingress,DEBUG,wr_shd,3486,3637,1,151,0.01,0.043316122,rtl_rd_shd=3486 rtl_drop_shd=0
component_b700_rho0700_f0280_seed7101,frame_table_hit_ledger_forced_ingress,DEBUG,rd_plus_drop_hit,62319,64978,1,2659,0.01,0.042667565,rtl_ft_drop_hit=0 tlm_ft_drop_hit=0 tlm_wr_hit=64978
component_b700_rho0700_f0280_seed7101,transaction_bucket_order_forced_ingress,DEBUG,OPQ_TXN_deliver_bucket_count_and_order,62319,64978,62319,3515,0.01,0.042667565,missing_bucket=3087 extra_bucket=428 bucket_order_violations=0
component_b700_rho0700_f0280_seed7101,transaction_word_identity_forced_ingress,DEBUG,OPQ_TXN_deliver_word_identity,62319,64978,62319,3515,0.01,0.042667565,missing_word=3087 extra_word=428
component_b700_rho0700_f0280_seed7101,collective_loss_forced_ingress,DEBUG,dropped_hits,36143,34694,99672,1449,0.01,0.040090751,forced_ingress_decisions rtl_expected=99672 rtl_uvm_clean=0 tlm_pre=25693 tlm_post=9001 tlm_ft=0
component_b700_rho0700_f0280_seed7101,ingress_parser_ticket_fifo_write_parser_ticket_stream,PASS,parser_ticket_body_hits,72905,72905,123480,0,0.01,0,sop_rows=1108 eop_rows=863 pa_late_tail_frames=320 postdrop_tail_candidates=261 predrop_tail_candidates=407 ignored_rows=0
component_b700_rho0700_f0280_seed7101,page_allocator_handle_fifo_parser_ticket_stream,PASS,handle_accept_hits_by_lane_timestamp,62319,62319,3630,0,0.01,0,rtl_handles=3696 rtl_accept_trace=1 tlm_handle_events=3696
component_b700_rho0700_f0280_seed7101,block_mover_credit_return_parser_ticket_stream,PASS,mover_done_credit_return_hits,62319,62319,17,0,0.01,0,rtl_return_events=3696 tlm_return_events=3696
component_b700_rho0700_f0280_seed7101,page_allocator_lane_action_load_parser_ticket_stream,PASS,load_hits,62319,62319,205805,0,0.01,0,"rtl_action_counts={0: 82325, 1: 1108, 2: 98953, 3: 23419}"
component_b700_rho0700_f0280_seed7101,page_allocator_lane_action_late_drop_parser_ticket_stream,PASS,late_drop_hits,10586,10586,205805,0,0.01,0,"rtl_action_counts={0: 82325, 1: 1108, 2: 98953, 3: 23419}"
component_b700_rho0700_f0280_seed7101,frame_table_header_ledger_parser_ticket_stream,PASS,wr_hdr,197,197,1,0,0.01,0,rtl_rd_hdr=197 rtl_drop_hdr=0
component_b700_rho0700_f0280_seed7101,frame_table_subheader_ledger_parser_ticket_stream,PASS,wr_shd,3486,3486,1,0,0.01,0,rtl_rd_shd=3486 rtl_drop_shd=0
component_b700_rho0700_f0280_seed7101,frame_table_hit_ledger_parser_ticket_stream,PASS,rd_plus_drop_hit,62319,62319,1,0,0.01,0,rtl_ft_drop_hit=0 tlm_ft_drop_hit=0 tlm_wr_hit=62319
component_b700_rho0700_f0280_seed7101,transaction_bucket_order_parser_ticket_stream,PASS,OPQ_TXN_deliver_bucket_count_and_order,62319,62319,62319,0,0.01,0,missing_bucket=0 extra_bucket=0 bucket_order_violations=0
component_b700_rho0700_f0280_seed7101,transaction_word_identity_parser_ticket_stream,PASS,OPQ_TXN_deliver_word_identity,62319,62319,62319,0,0.01,0,missing_word=0 extra_word=0
component_b700_rho0700_f0280_seed7101,page_allocator_local_loss_parser_ticket_stream,PASS,late_drop_hits_from_parser_ticket_stream,10586,10586,72905,0,0.01,0,parser_ticket_stream uses PA late-action local hook for tail-state handoff; rtl_uvm_clean=0 tlm_pre=0 tlm_post=10586 tlm_ft=0
component_b700_rho0700_f0280_seed7102,ingress_source_ticket_stream,PASS,raw_subheader_ticket_identity,143360,143360,143360,0,0.01,0,source_missing_tlm=0 source_extra_tlm=0
component_b700_rho0700_f0280_seed7102,ingress_lane_fifo,DEBUG,raw_subheader_ticket_decision,143360,143360,143360,47032,0.01,0,missing_tlm=23516 extra_tlm=23516 key_count=166876
component_b700_rho0700_f0280_seed7102,ticket_drop_control,DEBUG,controlled_pre_post_drop_hits_by_serial_lane,29564,31248,939,36104,0.01,0.056961169,exact_pre_post key_count=939 hit_delta_sum=36104 rtl_aggregate_only_pre=6686 rtl_aggregate_only_post=0
component_b700_rho0700_f0280_seed7102,page_allocator_handle_fifo,DEBUG,handle_accept_hits_by_lane_timestamp,64034,69650,4790,30816,0.01,0.087703408,rtl_handles=3795 rtl_accept_trace=1 tlm_handle_events=4143
component_b700_rho0700_f0280_seed7102,block_mover_credit_return,DEBUG,mover_done_credit_return_hits,64034,69650,17,354,0.01,0.087703408,rtl_return_events=3795 tlm_return_events=4143
component_b700_rho0700_f0280_seed7102,page_allocator_lane_action_load,DEBUG,load_hits,64034,69650,205045,5616,0.01,0.087703408,"rtl_action_counts={0: 82488, 1: 1113, 2: 102438, 3: 19006}"
component_b700_rho0700_f0280_seed7102,page_allocator_lane_action_late_drop,DEBUG,late_drop_hits,9140,6290,205045,2850,0.01,0.31181619,"rtl_action_counts={0: 82488, 1: 1113, 2: 102438, 3: 19006}"
component_b700_rho0700_f0280_seed7102,page_allocator_ticket_visibility_net,DEBUG,ingress_accept_minus_predrop_hits,73601,75940,138653,25179,0.01,0.03177946,rtl_ingress_accept=87498 tlm_ingress_accept=75940 rtl_pa_action_extra=170 tlm_pa_action_extra=0
component_b700_rho0700_f0280_seed7102,page_allocator_ticket_visibility_unconsumed,DEBUG,net_ingress_not_seen_as_pa_load_or_late,597,0,126383,597,0.01,1,rtl_pa_ticket_seen=0 rtl_pa_ticket_curr_seen=0 rtl_pa_ticket_future_only=0 rtl_pa_ticket_never_seen=597 rtl_keys=2344 tlm_keys=125845
component_b700_rho0700_f0280_seed7102,page_allocator_ticket_visibility_rtl_local_trace,PASS,pa_ticket_debug_samples,205045,-,205045,0,0.01,-,"f178/l0/shd71:hits=17,ticket={};f178/l2/shd3:hits=17,ticket={};f178/l2/shd40:hits=17,ticket={}"
component_b700_rho0700_f0280_seed7102,page_allocator_state_trace,PASS,rtl_wait_samples,1335986,235,1335986,0,0.01,0.9998241,"frame_wait=5 active_wait=0 ingress_busy=60894 future_only=711544 top_states=[(20, 203940), (21, 203940), (0, 51888), (2, 51263), (3, 51263)]"
component_b700_rho0700_f0280_seed7102,frame_table_header_ledger,DEBUG,wr_hdr,206,235,1,29,0.01,0.1407767,rtl_rd_hdr=206 rtl_drop_hdr=0
component_b700_rho0700_f0280_seed7102,frame_table_subheader_ledger,DEBUG,wr_shd,3581,3928,1,347,0.01,0.096900307,rtl_rd_shd=3581 rtl_drop_shd=0
component_b700_rho0700_f0280_seed7102,frame_table_hit_ledger,DEBUG,rd_plus_drop_hit,64034,69650,1,5616,0.01,0.087703408,rtl_ft_drop_hit=0 tlm_ft_drop_hit=0 tlm_wr_hit=69650
component_b700_rho0700_f0280_seed7102,transaction_bucket_order,DEBUG,OPQ_TXN_deliver_bucket_count_and_order,64034,69650,64034,30986,0.01,0.087703408,missing_bucket=18301 extra_bucket=12685 bucket_order_violations=0
component_b700_rho0700_f0280_seed7102,transaction_word_identity,DEBUG,OPQ_TXN_deliver_word_identity,64034,69650,64034,31020,0.01,0.087703408,missing_word=18318 extra_word=12702
component_b700_rho0700_f0280_seed7102,collective_loss,DEBUG,dropped_hits,36267,31248,100898,5019,0.01,0.13839027,rtl_expected=100898 rtl_uvm_clean=0 tlm_pre=24958 tlm_post=6290 tlm_ft=0
component_b700_rho0700_f0280_seed7102,ticket_drop_control_forced_ingress,DEBUG,controlled_pre_post_drop_hits_by_serial_lane,29564,34577,732,10331,0.01,0.16956434,exact_pre_post key_count=732 hit_delta_sum=10331 rtl_aggregate_only_pre=6686 rtl_aggregate_only_post=0
component_b700_rho0700_f0280_seed7102,page_allocator_handle_fifo_forced_ingress,DEBUG,handle_accept_hits_by_lane_timestamp,64034,66321,3911,3885,0.01,0.035715401,rtl_handles=3795 rtl_accept_trace=1 tlm_handle_events=3936
component_b700_rho0700_f0280_seed7102,block_mover_credit_return_forced_ingress,DEBUG,mover_done_credit_return_hits,64034,66321,17,143,0.01,0.035715401,rtl_return_events=3795 tlm_return_events=3936
component_b700_rho0700_f0280_seed7102,page_allocator_lane_action_load_forced_ingress,DEBUG,load_hits,64034,66321,205045,2287,0.01,0.035715401,"rtl_action_counts={0: 82488, 1: 1113, 2: 102438, 3: 19006}"
component_b700_rho0700_f0280_seed7102,page_allocator_lane_action_late_drop_forced_ingress,DEBUG,late_drop_hits,9140,7280,205045,1860,0.01,0.20350109,"rtl_action_counts={0: 82488, 1: 1113, 2: 102438, 3: 19006}"
component_b700_rho0700_f0280_seed7102,page_allocator_ticket_visibility_net_forced_ingress,PASS,ingress_accept_minus_predrop_hits,73601,73601,123443,0,0.01,0,rtl_ingress_accept=87498 tlm_ingress_accept=73601 rtl_pa_action_extra=170 tlm_pa_action_extra=0
component_b700_rho0700_f0280_seed7102,page_allocator_ticket_visibility_unconsumed_forced_ingress,DEBUG,net_ingress_not_seen_as_pa_load_or_late,597,0,119104,597,0.01,1,rtl_pa_ticket_seen=0 rtl_pa_ticket_curr_seen=0 rtl_pa_ticket_future_only=0 rtl_pa_ticket_never_seen=597 rtl_keys=2344 tlm_keys=119067
component_b700_rho0700_f0280_seed7102,page_allocator_ticket_visibility_rtl_local_trace_forced_ingress,PASS,pa_ticket_debug_samples,205045,-,205045,0,0.01,-,"f178/l0/shd71:hits=17,ticket={};f178/l2/shd3:hits=17,ticket={};f178/l2/shd40:hits=17,ticket={}"
component_b700_rho0700_f0280_seed7102,frame_table_header_ledger_forced_ingress,DEBUG,wr_hdr,206,224,1,18,0.01,0.087378641,rtl_rd_hdr=206 rtl_drop_hdr=0
component_b700_rho0700_f0280_seed7102,frame_table_subheader_ledger_forced_ingress,DEBUG,wr_shd,3581,3714,1,133,0.01,0.037140464,rtl_rd_shd=3581 rtl_drop_shd=0
component_b700_rho0700_f0280_seed7102,frame_table_hit_ledger_forced_ingress,DEBUG,rd_plus_drop_hit,64034,66321,1,2287,0.01,0.035715401,rtl_ft_drop_hit=0 tlm_ft_drop_hit=0 tlm_wr_hit=66321
component_b700_rho0700_f0280_seed7102,transaction_bucket_order_forced_ingress,DEBUG,OPQ_TXN_deliver_bucket_count_and_order,64034,66321,64034,3885,0.01,0.035715401,missing_bucket=3086 extra_bucket=799 bucket_order_violations=0
component_b700_rho0700_f0280_seed7102,transaction_word_identity_forced_ingress,DEBUG,OPQ_TXN_deliver_word_identity,64034,66321,64034,3885,0.01,0.035715401,missing_word=3086 extra_word=799
component_b700_rho0700_f0280_seed7102,collective_loss_forced_ingress,DEBUG,dropped_hits,36267,34577,100898,1690,0.01,0.046598836,forced_ingress_decisions rtl_expected=100898 rtl_uvm_clean=0 tlm_pre=27297 tlm_post=7280 tlm_ft=0
component_b700_rho0700_f0280_seed7102,ingress_parser_ticket_fifo_write_parser_ticket_stream,PASS,parser_ticket_body_hits,73174,73174,122557,0,0.01,0,sop_rows=1113 eop_rows=797 pa_late_tail_frames=289 postdrop_tail_candidates=226 predrop_tail_candidates=422 ignored_rows=0
component_b700_rho0700_f0280_seed7102,page_allocator_handle_fifo_parser_ticket_stream,PASS,handle_accept_hits_by_lane_timestamp,64034,64034,3724,0,0.01,0,rtl_handles=3795 rtl_accept_trace=1 tlm_handle_events=3795
component_b700_rho0700_f0280_seed7102,block_mover_credit_return_parser_ticket_stream,PASS,mover_done_credit_return_hits,64034,64034,17,0,0.01,0,rtl_return_events=3795 tlm_return_events=3795
component_b700_rho0700_f0280_seed7102,page_allocator_lane_action_load_parser_ticket_stream,PASS,load_hits,64034,64034,205045,0,0.01,0,"rtl_action_counts={0: 82488, 1: 1113, 2: 102438, 3: 19006}"
component_b700_rho0700_f0280_seed7102,page_allocator_lane_action_late_drop_parser_ticket_stream,PASS,late_drop_hits,9140,9140,205045,0,0.01,0,"rtl_action_counts={0: 82488, 1: 1113, 2: 102438, 3: 19006}"
component_b700_rho0700_f0280_seed7102,frame_table_header_ledger_parser_ticket_stream,PASS,wr_hdr,206,206,1,0,0.01,0,rtl_rd_hdr=206 rtl_drop_hdr=0
component_b700_rho0700_f0280_seed7102,frame_table_subheader_ledger_parser_ticket_stream,PASS,wr_shd,3581,3581,1,0,0.01,0,rtl_rd_shd=3581 rtl_drop_shd=0
component_b700_rho0700_f0280_seed7102,frame_table_hit_ledger_parser_ticket_stream,PASS,rd_plus_drop_hit,64034,64034,1,0,0.01,0,rtl_ft_drop_hit=0 tlm_ft_drop_hit=0 tlm_wr_hit=64034
component_b700_rho0700_f0280_seed7102,transaction_bucket_order_parser_ticket_stream,PASS,OPQ_TXN_deliver_bucket_count_and_order,64034,64034,64034,0,0.01,0,missing_bucket=0 extra_bucket=0 bucket_order_violations=0
component_b700_rho0700_f0280_seed7102,transaction_word_identity_parser_ticket_stream,PASS,OPQ_TXN_deliver_word_identity,64034,64034,64034,0,0.01,0,missing_word=0 extra_word=0
component_b700_rho0700_f0280_seed7102,page_allocator_local_loss_parser_ticket_stream,PASS,late_drop_hits_from_parser_ticket_stream,9140,9140,73174,0,0.01,0,parser_ticket_stream uses PA late-action local hook for tail-state handoff; rtl_uvm_clean=0 tlm_pre=0 tlm_post=9140 tlm_ft=0
component_b700_rho0700_f0280_seed7103,ingress_source_ticket_stream,PASS,raw_subheader_ticket_identity,143360,143360,143360,0,0.01,0,source_missing_tlm=0 source_extra_tlm=0
component_b700_rho0700_f0280_seed7103,ingress_lane_fifo,DEBUG,raw_subheader_ticket_decision,143360,143360,143360,44306,0.01,0,missing_tlm=22153 extra_tlm=22153 key_count=165513
component_b700_rho0700_f0280_seed7103,ticket_drop_control,DEBUG,controlled_pre_post_drop_hits_by_serial_lane,30126,29642,917,34828,0.01,0.016065857,exact_pre_post key_count=917 hit_delta_sum=34828 rtl_aggregate_only_pre=7374 rtl_aggregate_only_post=0
component_b700_rho0700_f0280_seed7103,page_allocator_handle_fifo,DEBUG,handle_accept_hits_by_lane_timestamp,62179,70701,4761,30986,0.01,0.13705592,rtl_handles=3675 rtl_accept_trace=1 tlm_handle_events=4186
component_b700_rho0700_f0280_seed7103,block_mover_credit_return,DEBUG,mover_done_credit_return_hits,62179,70701,16,519,0.01,0.13705592,rtl_return_events=3675 tlm_return_events=4186
component_b700_rho0700_f0280_seed7103,page_allocator_lane_action_load,DEBUG,load_hits,62179,70701,204512,8522,0.01,0.13705592,"rtl_action_counts={0: 81526, 1: 1114, 2: 99153, 3: 22719}"
component_b700_rho0700_f0280_seed7103,page_allocator_lane_action_late_drop,DEBUG,late_drop_hits,10645,6083,204512,4562,0.01,0.42855801,"rtl_action_counts={0: 81526, 1: 1114, 2: 99153, 3: 22719}"
component_b700_rho0700_f0280_seed7103,page_allocator_ticket_visibility_net,DEBUG,ingress_accept_minus_predrop_hits,73318,76784,138637,24454,0.01,0.047273521,rtl_ingress_accept=86891 tlm_ingress_accept=76784 rtl_pa_action_extra=153 tlm_pa_action_extra=0
component_b700_rho0700_f0280_seed7103,page_allocator_ticket_visibility_unconsumed,DEBUG,net_ingress_not_seen_as_pa_load_or_late,647,0,127287,647,0.01,1,rtl_pa_ticket_seen=0 rtl_pa_ticket_curr_seen=0 rtl_pa_ticket_future_only=0 rtl_pa_ticket_never_seen=647 rtl_keys=2276 tlm_keys=126789
component_b700_rho0700_f0280_seed7103,page_allocator_ticket_visibility_rtl_local_trace,PASS,pa_ticket_debug_samples,204512,-,204512,0,0.01,-,"f224/l1/shd4:hits=17,ticket={};f224/l1/shd31:hits=17,ticket={};f224/l1/shd54:hits=17,ticket={}"
component_b700_rho0700_f0280_seed7103,page_allocator_state_trace,PASS,rtl_wait_samples,1332599,236,1332599,0,0.01,0.9998229,"frame_wait=5 active_wait=0 ingress_busy=61022 future_only=699482 top_states=[(20, 203448), (21, 203448), (0, 51741), (2, 51140), (3, 51140)]"
component_b700_rho0700_f0280_seed7103,frame_table_header_ledger,DEBUG,wr_hdr,198,236,1,38,0.01,0.19191919,rtl_rd_hdr=198 rtl_drop_hdr=0
component_b700_rho0700_f0280_seed7103,frame_table_subheader_ledger,DEBUG,wr_shd,3472,3956,1,484,0.01,0.13940092,rtl_rd_shd=3472 rtl_drop_shd=0
component_b700_rho0700_f0280_seed7103,frame_table_hit_ledger,DEBUG,rd_plus_drop_hit,62179,70701,1,8522,0.01,0.13705592,rtl_ft_drop_hit=0 tlm_ft_drop_hit=0 tlm_wr_hit=70701
component_b700_rho0700_f0280_seed7103,transaction_bucket_order,DEBUG,OPQ_TXN_deliver_bucket_count_and_order,62179,70701,62179,31088,0.01,0.13705592,missing_bucket=19805 extra_bucket=11283 bucket_order_violations=0
component_b700_rho0700_f0280_seed7103,transaction_word_identity,DEBUG,OPQ_TXN_deliver_word_identity,62179,70701,62179,31190,0.01,0.13705592,missing_word=19856 extra_word=11334
component_b700_rho0700_f0280_seed7103,collective_loss,DEBUG,dropped_hits,37517,29642,100343,7875,0.01,0.20990484,rtl_expected=100343 rtl_uvm_clean=0 tlm_pre=23559 tlm_post=6083 tlm_ft=0
component_b700_rho0700_f0280_seed7103,ticket_drop_control_forced_ingress,DEBUG,controlled_pre_post_drop_hits_by_serial_lane,30126,35726,762,10406,0.01,0.18588595,exact_pre_post key_count=762 hit_delta_sum=10406 rtl_aggregate_only_pre=7374 rtl_aggregate_only_post=0
component_b700_rho0700_f0280_seed7103,page_allocator_handle_fifo_forced_ingress,DEBUG,handle_accept_hits_by_lane_timestamp,62179,64617,3787,3356,0.01,0.039209379,rtl_handles=3675 rtl_accept_trace=1 tlm_handle_events=3822
component_b700_rho0700_f0280_seed7103,block_mover_credit_return_forced_ingress,DEBUG,mover_done_credit_return_hits,62179,64617,14,149,0.01,0.039209379,rtl_return_events=3675 tlm_return_events=3822
component_b700_rho0700_f0280_seed7103,page_allocator_lane_action_load_forced_ingress,DEBUG,load_hits,62179,64617,204512,2438,0.01,0.039209379,"rtl_action_counts={0: 81526, 1: 1114, 2: 99153, 3: 22719}"
component_b700_rho0700_f0280_seed7103,page_allocator_lane_action_late_drop_forced_ingress,DEBUG,late_drop_hits,10645,8701,204512,1944,0.01,0.18262095,"rtl_action_counts={0: 81526, 1: 1114, 2: 99153, 3: 22719}"
component_b700_rho0700_f0280_seed7103,page_allocator_ticket_visibility_net_forced_ingress,PASS,ingress_accept_minus_predrop_hits,73318,73318,123773,0,0.01,0,rtl_ingress_accept=86891 tlm_ingress_accept=73318 rtl_pa_action_extra=153 tlm_pa_action_extra=0
component_b700_rho0700_f0280_seed7103,page_allocator_ticket_visibility_unconsumed_forced_ingress,DEBUG,net_ingress_not_seen_as_pa_load_or_late,647,0,119475,647,0.01,1,rtl_pa_ticket_seen=0 rtl_pa_ticket_curr_seen=0 rtl_pa_ticket_future_only=0 rtl_pa_ticket_never_seen=647 rtl_keys=2276 tlm_keys=119436
component_b700_rho0700_f0280_seed7103,page_allocator_ticket_visibility_rtl_local_trace_forced_ingress,PASS,pa_ticket_debug_samples,204512,-,204512,0,0.01,-,"f224/l1/shd4:hits=17,ticket={};f224/l1/shd31:hits=17,ticket={};f224/l1/shd54:hits=17,ticket={}"
component_b700_rho0700_f0280_seed7103,frame_table_header_ledger_forced_ingress,DEBUG,wr_hdr,198,219,1,21,0.01,0.10606061,rtl_rd_hdr=198 rtl_drop_hdr=0
component_b700_rho0700_f0280_seed7103,frame_table_subheader_ledger_forced_ingress,DEBUG,wr_shd,3472,3610,1,138,0.01,0.039746544,rtl_rd_shd=3472 rtl_drop_shd=0
component_b700_rho0700_f0280_seed7103,frame_table_hit_ledger_forced_ingress,DEBUG,rd_plus_drop_hit,62179,64617,1,2438,0.01,0.039209379,rtl_ft_drop_hit=0 tlm_ft_drop_hit=0 tlm_wr_hit=64617
component_b700_rho0700_f0280_seed7103,transaction_bucket_order_forced_ingress,DEBUG,OPQ_TXN_deliver_bucket_count_and_order,62179,64617,62179,3356,0.01,0.039209379,missing_bucket=2897 extra_bucket=459 bucket_order_violations=0
component_b700_rho0700_f0280_seed7103,transaction_word_identity_forced_ingress,DEBUG,OPQ_TXN_deliver_word_identity,62179,64617,62179,3356,0.01,0.039209379,missing_word=2897 extra_word=459
component_b700_rho0700_f0280_seed7103,collective_loss_forced_ingress,DEBUG,dropped_hits,37517,35726,100343,1791,0.01,0.047738359,forced_ingress_decisions rtl_expected=100343 rtl_uvm_clean=0 tlm_pre=27025 tlm_post=8701 tlm_ft=0
component_b700_rho0700_f0280_seed7103,ingress_parser_ticket_fifo_write_parser_ticket_stream,PASS,parser_ticket_body_hits,72824,72824,122986,0,0.01,0,sop_rows=1114 eop_rows=855 pa_late_tail_frames=320 postdrop_tail_candidates=250 predrop_tail_candidates=402 ignored_rows=0
component_b700_rho0700_f0280_seed7103,page_allocator_handle_fifo_parser_ticket_stream,PASS,handle_accept_hits_by_lane_timestamp,62179,62179,3614,0,0.01,0,rtl_handles=3675 rtl_accept_trace=1 tlm_handle_events=3675
component_b700_rho0700_f0280_seed7103,block_mover_credit_return_parser_ticket_stream,PASS,mover_done_credit_return_hits,62179,62179,14,0,0.01,0,rtl_return_events=3675 tlm_return_events=3675
component_b700_rho0700_f0280_seed7103,page_allocator_lane_action_load_parser_ticket_stream,PASS,load_hits,62179,62179,204512,0,0.01,0,"rtl_action_counts={0: 81526, 1: 1114, 2: 99153, 3: 22719}"
component_b700_rho0700_f0280_seed7103,page_allocator_lane_action_late_drop_parser_ticket_stream,PASS,late_drop_hits,10645,10645,204512,0,0.01,0,"rtl_action_counts={0: 81526, 1: 1114, 2: 99153, 3: 22719}"
component_b700_rho0700_f0280_seed7103,frame_table_header_ledger_parser_ticket_stream,PASS,wr_hdr,198,199,1,1,0.01,0.0050505051,rtl_rd_hdr=198 rtl_drop_hdr=0
component_b700_rho0700_f0280_seed7103,frame_table_subheader_ledger_parser_ticket_stream,PASS,wr_shd,3472,3472,1,0,0.01,0,rtl_rd_shd=3472 rtl_drop_shd=0
component_b700_rho0700_f0280_seed7103,frame_table_hit_ledger_parser_ticket_stream,PASS,rd_plus_drop_hit,62179,62179,1,0,0.01,0,rtl_ft_drop_hit=0 tlm_ft_drop_hit=0 tlm_wr_hit=62179
component_b700_rho0700_f0280_seed7103,transaction_bucket_order_parser_ticket_stream,PASS,OPQ_TXN_deliver_bucket_count_and_order,62179,62179,62179,0,0.01,0,missing_bucket=0 extra_bucket=0 bucket_order_violations=0
component_b700_rho0700_f0280_seed7103,transaction_word_identity_parser_ticket_stream,PASS,OPQ_TXN_deliver_word_identity,62179,62179,62179,0,0.01,0,missing_word=0 extra_word=0
component_b700_rho0700_f0280_seed7103,page_allocator_local_loss_parser_ticket_stream,PASS,late_drop_hits_from_parser_ticket_stream,10645,10645,72824,0,0.01,0,parser_ticket_stream uses PA late-action local hook for tail-state handoff; rtl_uvm_clean=0 tlm_pre=0 tlm_post=10645 tlm_ft=0
