run_tag,case,sim_pass,profile,lane,n_lane,n_shd,egress_symbols_per_beat,lane_fifo_depth,ticket_fifo_depth,page_ram_depth,ready_duty_ppm,rho_ppm,burstiness_milli,frame_count,subheaders_per_frame,inter_frame_gap_cycles,frame_ts_step_ticks,frame_launch_period_cycles,feb_header_latency_cycles,hit_period,hit_count,noise_rho_ppm,cluster_rho_ppm,cluster_size_min,cluster_size_max,rng_seed,expected_hits,accepted_hits,dropped_hits,delivered_hits,unexplained_hits,drop_events,hdr_drop_events,pre_drop_hits,post_drop_hits,monitor_dropped_hits,loss_ppm,drr_allowance,drr_quantum,drr_grants,drr_beats,drr_defers
scan128_b700_rho8000,RTL-LS-002,0,3,0,4,128,1,2048,4096,65536,1000000,8000000,700,245,128,4096,2048,4096,4096,1,1,13423,7986577,17,17,1545722689,250340,34713,215627,17235,17929,15831,0,213520,2107,215627,861336,256,958,2617,21653,1474
scan128_b700_rho8000,RTL-LS-002,0,3,1,4,128,1,2048,4096,65536,1000000,8000000,700,245,128,4096,2048,4096,4096,1,1,13423,7986577,17,17,1545722689,251134,30050,221084,16261,14481,16146,0,218826,2258,221084,880342,256,979,2533,20617,1441
scan128_b700_rho8000,RTL-LS-002,0,3,2,4,128,1,2048,4096,65536,1000000,8000000,700,245,128,4096,2048,4096,4096,1,1,13423,7986577,17,17,1545722689,254365,31973,222392,16693,15749,16126,0,220635,1757,222392,874302,256,989,2581,21314,1500
scan128_b700_rho8000,RTL-LS-002,0,3,3,4,128,1,2048,4096,65536,1000000,8000000,700,245,128,4096,2048,4096,4096,1,1,13423,7986577,17,17,1545722689,246344,31555,214789,16511,15560,15977,0,213010,1779,214789,871906,256,1006,2540,21078,1520
scan128_b600_rho8000,RTL-LS-002,0,3,0,4,128,1,2048,4096,65536,1000000,8000000,600,245,128,4096,2048,4096,4096,1,1,58824,7941176,9,9,1545697089,251353,24487,226866,16899,7778,19434,0,226150,716,226866,902579,256,1022,3845,21530,1799
scan128_b600_rho8000,RTL-LS-002,0,3,1,4,128,1,2048,4096,65536,1000000,8000000,600,245,128,4096,2048,4096,4096,1,1,58824,7941176,9,9,1545697089,250737,23728,227009,16623,7358,19475,0,225996,1013,227009,905366,256,1007,3681,21110,1573
scan128_b600_rho8000,RTL-LS-002,0,3,2,4,128,1,2048,4096,65536,1000000,8000000,600,245,128,4096,2048,4096,4096,1,1,58824,7941176,9,9,1545697089,253438,22236,231202,17344,5168,19762,0,230456,746,231202,912262,256,1011,3950,21967,1834
scan128_b600_rho8000,RTL-LS-002,0,3,3,4,128,1,2048,4096,65536,1000000,8000000,600,245,128,4096,2048,4096,4096,1,1,58824,7941176,9,9,1545697089,253222,24242,228980,17070,7311,19555,0,228409,571,228980,904265,256,995,3956,21698,1792
scan128_b500_rho8000,RTL-LS-002,1,3,0,4,128,1,2048,4096,65536,1000000,8000000,500,245,128,4096,2048,4096,4096,1,1,0,8000000,5,5,1545671489,251095,14915,236180,14915,0,25624,0,230300,5880,236180,940600,256,928,3459,17143,1787
scan128_b500_rho8000,RTL-LS-002,1,3,1,4,128,1,2048,4096,65536,1000000,8000000,500,245,128,4096,2048,4096,4096,1,1,0,8000000,5,5,1545671489,251560,15350,236210,15350,0,25558,0,230545,5665,236210,938980,256,953,3642,17709,1748
scan128_b500_rho8000,RTL-LS-002,1,3,2,4,128,1,2048,4096,65536,1000000,8000000,500,245,128,4096,2048,4096,4096,1,1,0,8000000,5,5,1545671489,251105,15205,235900,15205,0,25500,0,230295,5605,235900,939447,256,973,3604,17571,1768
scan128_b500_rho8000,RTL-LS-002,1,3,3,4,128,1,2048,4096,65536,1000000,8000000,500,245,128,4096,2048,4096,4096,1,1,0,8000000,5,5,1545671489,249525,15500,234025,15500,0,25530,0,228360,5665,234025,937881,256,955,3609,17830,1765
scan128_b403_rho8000,RTL-LS-002,0,3,0,4,128,1,2048,4096,65536,1000000,8000000,403,245,128,4096,2048,4096,4096,1,1,603865,7396135,4,4,1545646657,253877,16186,237691,16096,90,28030,0,230050,7641,237691,936244,256,1003,4734,19178,2047
scan128_b403_rho8000,RTL-LS-002,0,3,1,4,128,1,2048,4096,65536,1000000,8000000,403,245,128,4096,2048,4096,4096,1,1,603865,7396135,4,4,1545646657,252216,15851,236365,15851,0,28041,0,228570,7795,236365,937153,256,896,4612,18732,1987
scan128_b403_rho8000,RTL-LS-002,0,3,2,4,128,1,2048,4096,65536,1000000,8000000,403,245,128,4096,2048,4096,4096,1,1,603865,7396135,4,4,1545646657,251618,16004,235614,15957,47,27957,0,227906,7708,235614,936395,256,1015,4821,19082,2044
scan128_b403_rho8000,RTL-LS-002,0,3,3,4,128,1,2048,4096,65536,1000000,8000000,403,245,128,4096,2048,4096,4096,1,1,603865,7396135,4,4,1545646657,250427,15841,234586,15760,81,28037,0,226879,7707,234586,936744,256,983,4660,18800,2040
scan128_b300_rho8000,RTL-LS-002,0,3,0,4,128,1,2048,4096,65536,1000000,8000000,300,245,128,4096,2048,4096,4096,1,1,1394495,6605505,3,3,1545620289,252773,11907,240866,11895,12,29477,0,227104,13762,240866,952894,256,933,3490,14118,1503
scan128_b300_rho8000,RTL-LS-002,0,3,1,4,128,1,2048,4096,65536,1000000,8000000,300,245,128,4096,2048,4096,4096,1,1,1394495,6605505,3,3,1545620289,251443,12159,239284,12159,0,29423,0,225739,13545,239284,951643,256,1002,3638,14457,1413
scan128_b300_rho8000,RTL-LS-002,0,3,2,4,128,1,2048,4096,65536,1000000,8000000,300,245,128,4096,2048,4096,4096,1,1,1394495,6605505,3,3,1545620289,250362,12069,238293,12069,0,29438,0,224431,13862,238293,951793,256,994,3710,14362,1449
scan128_b300_rho8000,RTL-LS-002,0,3,3,4,128,1,2048,4096,65536,1000000,8000000,300,245,128,4096,2048,4096,4096,1,1,1394495,6605505,3,3,1545620289,250965,11792,239173,11792,0,29476,0,225303,13870,239173,953013,256,994,3587,14070,1467
scan128_b200_rho8000,RTL-LS-002,0,3,0,4,128,1,2048,4096,65536,1000000,8000000,200,245,128,4096,2048,4096,4096,1,1,1846154,6153846,2,2,1545594689,251404,10914,240490,10815,99,29731,0,220543,19947,240490,956587,256,1007,3200,12913,1302
scan128_b200_rho8000,RTL-LS-002,0,3,1,4,128,1,2048,4096,65536,1000000,8000000,200,245,128,4096,2048,4096,4096,1,1,1846154,6153846,2,2,1545594689,250367,10570,239797,10419,151,29788,0,219511,20286,239797,957781,256,1002,3155,12533,1288
scan128_b200_rho8000,RTL-LS-002,0,3,2,4,128,1,2048,4096,65536,1000000,8000000,200,245,128,4096,2048,4096,4096,1,1,1846154,6153846,2,2,1545594689,252279,10947,241332,10815,132,29764,0,221312,20020,241332,956607,256,1015,3239,12926,1285
scan128_b200_rho8000,RTL-LS-002,0,3,3,4,128,1,2048,4096,65536,1000000,8000000,200,245,128,4096,2048,4096,4096,1,1,1846154,6153846,2,2,1545594689,250675,10628,240047,10522,106,29759,0,219893,20154,240047,957602,256,991,3226,12647,1298
scan128_b100_rho8000,RTL-LS-002,0,3,0,4,128,1,2048,4096,65536,1000000,8000000,100,245,128,4096,2048,4096,4096,1,1,4831683,3168317,2,2,1545569089,250359,12686,237673,12324,362,29567,0,219081,18592,237673,949328,256,1014,3709,14992,1565
scan128_b100_rho8000,RTL-LS-002,0,3,1,4,128,1,2048,4096,65536,1000000,8000000,100,245,128,4096,2048,4096,4096,1,1,4831683,3168317,2,2,1545569089,250887,12517,238370,12130,387,29603,0,219587,18783,238370,950109,256,1014,3698,14784,1502
scan128_b100_rho8000,RTL-LS-002,0,3,2,4,128,1,2048,4096,65536,1000000,8000000,100,245,128,4096,2048,4096,4096,1,1,4831683,3168317,2,2,1545569089,250730,13098,237632,12649,449,29562,0,219560,18072,237632,947760,256,1016,3787,15474,1541
scan128_b100_rho8000,RTL-LS-002,0,3,3,4,128,1,2048,4096,65536,1000000,8000000,100,245,128,4096,2048,4096,4096,1,1,4831683,3168317,2,2,1545569089,250546,12833,237713,12451,382,29596,0,219345,18368,237713,948779,256,1019,3738,15145,1553
scan128_b000_rho8000,RTL-LS-002,0,3,0,4,128,1,2048,4096,65536,1000000,8000000,0,245,128,4096,2048,4096,4096,1,1,8000000,0,1,1,1545543489,250244,13068,237176,13064,4,29445,0,203376,33800,237176,947778,256,1019,3678,15309,1360
scan128_b000_rho8000,RTL-LS-002,0,3,1,4,128,1,2048,4096,65536,1000000,8000000,0,245,128,4096,2048,4096,4096,1,1,8000000,0,1,1,1545543489,251754,12938,238816,12874,64,29495,0,204761,34055,238816,948608,256,928,3721,15255,1255
scan128_b000_rho8000,RTL-LS-002,0,3,2,4,128,1,2048,4096,65536,1000000,8000000,0,245,128,4096,2048,4096,4096,1,1,8000000,0,1,1,1545543489,250156,12847,237309,12826,21,29468,0,203250,34059,237309,948644,256,1015,3763,15181,1326
scan128_b000_rho8000,RTL-LS-002,0,3,3,4,128,1,2048,4096,65536,1000000,8000000,0,245,128,4096,2048,4096,4096,1,1,8000000,0,1,1,1545543489,250155,13071,237084,13007,64,29453,0,203219,33865,237084,947748,256,991,3807,15460,1324
scan128_b700_rho6000,RTL-LS-002,0,3,0,4,128,1,2048,4096,65536,1000000,6000000,700,326,128,4096,2048,4096,4096,1,1,10067,5989933,17,17,1545720689,250424,41961,208463,18233,24967,21978,0,205482,2981,208463,832440,256,963,2801,23247,1601
scan128_b700_rho6000,RTL-LS-002,0,3,1,4,128,1,2048,4096,65536,1000000,6000000,700,326,128,4096,2048,4096,4096,1,1,10067,5989933,17,17,1545720689,250550,38988,211562,18190,21978,22315,0,209448,2114,211562,844390,256,965,2981,23648,1600
scan128_b700_rho6000,RTL-LS-002,0,3,2,4,128,1,2048,4096,65536,1000000,6000000,700,326,128,4096,2048,4096,4096,1,1,10067,5989933,17,17,1545720689,250109,38203,211906,17787,21921,22398,0,209393,2513,211906,847254,256,948,3000,23196,1714
scan128_b700_rho6000,RTL-LS-002,0,3,3,4,128,1,2048,4096,65536,1000000,6000000,700,326,128,4096,2048,4096,4096,1,1,10067,5989933,17,17,1545720689,249977,40054,209923,18348,22445,22294,0,208313,1610,209923,839769,256,883,3028,24235,1672
scan128_b600_rho6000,RTL-LS-002,0,3,0,4,128,1,2048,4096,65536,1000000,6000000,600,326,128,4096,2048,4096,4096,1,1,44118,5955882,9,9,1545695089,250563,35125,215438,18317,17374,25545,0,213794,1644,215438,859815,256,967,4464,24128,2203
scan128_b600_rho6000,RTL-LS-002,0,3,1,4,128,1,2048,4096,65536,1000000,6000000,600,326,128,4096,2048,4096,4096,1,1,44118,5955882,9,9,1545695089,247900,35023,212877,18385,17352,25329,0,210965,1912,212877,858721,256,995,4465,24093,2132
scan128_b600_rho6000,RTL-LS-002,0,3,2,4,128,1,2048,4096,65536,1000000,6000000,600,326,128,4096,2048,4096,4096,1,1,44118,5955882,9,9,1545695089,247799,32214,215585,17881,14877,25852,0,213826,1759,215585,869999,256,951,4695,24201,2257
scan128_b600_rho6000,RTL-LS-002,0,3,3,4,128,1,2048,4096,65536,1000000,6000000,600,326,128,4096,2048,4096,4096,1,1,44118,5955882,9,9,1545695089,250298,36116,214182,18258,18229,25348,0,212587,1595,214182,855707,256,992,4565,24299,2255
scan128_b500_rho6000,RTL-LS-002,0,3,0,4,128,1,2048,4096,65536,1000000,6000000,500,326,128,4096,2048,4096,4096,1,1,0,6000000,5,5,1545669489,249565,22525,227040,15995,6810,30263,0,222405,4635,227040,909742,256,1013,4556,20656,2533
scan128_b500_rho6000,RTL-LS-002,0,3,1,4,128,1,2048,4096,65536,1000000,6000000,500,326,128,4096,2048,4096,4096,1,1,0,6000000,5,5,1545669489,249860,22440,227420,16055,6810,30395,0,222820,4600,227420,910189,256,973,4675,20729,2458
scan128_b500_rho6000,RTL-LS-002,0,3,2,4,128,1,2048,4096,65536,1000000,6000000,500,326,128,4096,2048,4096,4096,1,1,0,6000000,5,5,1545669489,249565,22780,226785,16025,7230,30173,0,222110,4675,226785,908721,256,1015,4696,20670,2534
scan128_b500_rho6000,RTL-LS-002,0,3,3,4,128,1,2048,4096,65536,1000000,6000000,500,326,128,4096,2048,4096,4096,1,1,0,6000000,5,5,1545669489,251805,21550,230255,15125,6705,30485,0,224845,5410,230255,914417,256,933,4372,19738,2413
scan128_b403_rho6000,RTL-LS-002,0,3,0,4,128,1,2048,4096,65536,1000000,6000000,403,326,128,4096,2048,4096,4096,1,1,452899,5547101,4,4,1545644657,249950,14779,235171,14755,24,35848,0,226102,9069,235171,940872,256,1013,5034,17902,2116
scan128_b403_rho6000,RTL-LS-002,0,3,1,4,128,1,2048,4096,65536,1000000,6000000,403,326,128,4096,2048,4096,4096,1,1,452899,5547101,4,4,1545644657,250511,15225,235286,15127,98,35848,0,226824,8462,235286,939224,256,965,5158,18456,2075
scan128_b403_rho6000,RTL-LS-002,0,3,2,4,128,1,2048,4096,65536,1000000,6000000,403,326,128,4096,2048,4096,4096,1,1,452899,5547101,4,4,1545644657,251194,15037,236157,14974,63,35743,0,227558,8599,236157,940137,256,978,5295,18300,2109
scan128_b403_rho6000,RTL-LS-002,0,3,3,4,128,1,2048,4096,65536,1000000,6000000,403,326,128,4096,2048,4096,4096,1,1,452899,5547101,4,4,1545644657,251164,15015,236149,14895,120,35834,0,227443,8706,236149,940218,256,962,5257,18276,2107
scan128_b300_rho6000,RTL-LS-002,0,3,0,4,128,1,2048,4096,65536,1000000,6000000,300,326,128,4096,2048,4096,4096,1,1,1045872,4954128,3,3,1545618289,250662,14783,235879,14601,182,38062,0,224011,11868,235879,941024,256,1021,5443,18152,2073
scan128_b300_rho6000,RTL-LS-002,0,3,1,4,128,1,2048,4096,65536,1000000,6000000,300,326,128,4096,2048,4096,4096,1,1,1045872,4954128,3,3,1545618289,248105,14873,233232,14851,22,38029,0,221538,11694,233232,940053,256,1011,5576,18245,2057
scan128_b300_rho6000,RTL-LS-002,0,3,2,4,128,1,2048,4096,65536,1000000,6000000,300,326,128,4096,2048,4096,4096,1,1,1045872,4954128,3,3,1545618289,250562,14630,235932,14514,116,37991,0,224160,11772,235932,941611,256,1014,5752,18081,2056
scan128_b300_rho6000,RTL-LS-002,0,3,3,4,128,1,2048,4096,65536,1000000,6000000,300,326,128,4096,2048,4096,4096,1,1,1045872,4954128,3,3,1545618289,250062,14823,235239,14716,107,37955,0,223658,11581,235239,940722,256,1014,5664,18229,2086
scan128_b200_rho6000,RTL-LS-002,1,3,0,4,128,1,2048,4096,65536,1000000,6000000,200,326,128,4096,2048,4096,4096,1,1,1384615,4615385,2,2,1545592689,250278,10414,239864,10414,0,39548,0,222277,17587,239864,958390,256,1022,3958,12812,1426
scan128_b200_rho6000,RTL-LS-002,1,3,1,4,128,1,2048,4096,65536,1000000,6000000,200,326,128,4096,2048,4096,4096,1,1,1384615,4615385,2,2,1545592689,249748,10057,239691,10057,0,39590,0,221844,17847,239691,959731,256,1017,3875,12358,1333
scan128_b200_rho6000,RTL-LS-002,1,3,2,4,128,1,2048,4096,65536,1000000,6000000,200,326,128,4096,2048,4096,4096,1,1,1384615,4615385,2,2,1545592689,249179,10223,238956,10223,0,39595,0,221130,17826,238956,958973,256,1004,3902,12554,1379
scan128_b200_rho6000,RTL-LS-002,1,3,3,4,128,1,2048,4096,65536,1000000,6000000,200,326,128,4096,2048,4096,4096,1,1,1384615,4615385,2,2,1545592689,250623,10088,240535,10088,0,39578,0,222654,17881,240535,959748,256,1002,3942,12426,1371
scan128_b100_rho6000,RTL-LS-002,0,3,0,4,128,1,2048,4096,65536,1000000,6000000,100,326,128,4096,2048,4096,4096,1,1,3623762,2376238,2,2,1545567089,250809,12256,238553,12087,169,39420,0,221226,17327,238553,951134,256,992,4611,15070,1689
scan128_b100_rho6000,RTL-LS-002,0,3,1,4,128,1,2048,4096,65536,1000000,6000000,100,326,128,4096,2048,4096,4096,1,1,3623762,2376238,2,2,1545567089,250793,12023,238770,11868,155,39448,0,221131,17639,238770,952060,256,969,4597,14717,1600
scan128_b100_rho6000,RTL-LS-002,0,3,2,4,128,1,2048,4096,65536,1000000,6000000,100,326,128,4096,2048,4096,4096,1,1,3623762,2376238,2,2,1545567089,249557,12087,237470,11947,140,39429,0,219992,17478,237470,951566,256,975,4673,14890,1658
scan128_b100_rho6000,RTL-LS-002,0,3,3,4,128,1,2048,4096,65536,1000000,6000000,100,326,128,4096,2048,4096,4096,1,1,3623762,2376238,2,2,1545567089,250480,12154,238326,11977,177,39373,0,220847,17479,238326,951477,256,1009,4826,15027,1689
scan128_b000_rho6000,RTL-LS-002,1,3,0,4,128,1,2048,4096,65536,1000000,6000000,0,326,128,4096,2048,4096,4096,1,1,6000000,0,1,1,1545541489,250868,10977,239891,10977,0,39694,0,218407,21484,239891,956243,256,944,4126,13501,1643
scan128_b000_rho6000,RTL-LS-002,1,3,1,4,128,1,2048,4096,65536,1000000,6000000,0,326,128,4096,2048,4096,4096,1,1,6000000,0,1,1,1545541489,250695,10913,239782,10913,0,39676,0,218302,21480,239782,956469,256,937,4217,13408,1579
scan128_b000_rho6000,RTL-LS-002,1,3,2,4,128,1,2048,4096,65536,1000000,6000000,0,326,128,4096,2048,4096,4096,1,1,6000000,0,1,1,1545541489,250323,11001,239322,11001,0,39697,0,217882,21440,239322,956052,256,1018,4188,13521,1644
scan128_b000_rho6000,RTL-LS-002,1,3,3,4,128,1,2048,4096,65536,1000000,6000000,0,326,128,4096,2048,4096,4096,1,1,6000000,0,1,1,1545541489,250162,11044,239118,11044,0,39707,0,217557,21561,239118,955852,256,902,4115,13540,1623
scan128_b700_rho4000,RTL-LS-002,0,3,0,4,128,1,2048,4096,65536,1000000,4000000,700,489,128,4096,2048,4096,4096,1,1,6711,3993289,17,17,1545718689,253461,40380,213081,21743,19628,38487,0,207725,5356,213081,840685,256,885,3035,26666,1076
scan128_b700_rho4000,RTL-LS-002,0,3,1,4,128,1,2048,4096,65536,1000000,4000000,700,489,128,4096,2048,4096,4096,1,1,6711,3993289,17,17,1545718689,251169,39397,211772,21287,19100,38749,0,206108,5664,211772,843145,256,817,3065,26118,716
scan128_b700_rho4000,RTL-LS-002,0,3,2,4,128,1,2048,4096,65536,1000000,4000000,700,489,128,4096,2048,4096,4096,1,1,6711,3993289,17,17,1545718689,248174,39723,208451,21413,19231,38256,0,202929,5522,208451,839938,256,906,3397,26654,1144
scan128_b700_rho4000,RTL-LS-002,0,3,3,4,128,1,2048,4096,65536,1000000,4000000,700,489,128,4096,2048,4096,4096,1,1,6711,3993289,17,17,1545718689,249931,39330,210601,20855,19247,38429,0,205195,5406,210601,842636,256,925,3230,26208,1066
scan128_b600_rho4000,RTL-LS-002,0,3,0,4,128,1,2048,4096,65536,1000000,4000000,600,489,128,4096,2048,4096,4096,1,1,29412,3970588,9,9,1545693089,250790,39237,211553,20237,19806,40891,0,206931,4622,211553,843546,256,959,5020,26696,2440
scan128_b600_rho4000,RTL-LS-002,0,3,1,4,128,1,2048,4096,65536,1000000,4000000,600,489,128,4096,2048,4096,4096,1,1,29412,3970588,9,9,1545693089,250738,36317,214421,18956,19384,41273,0,209616,4805,214421,855159,256,1001,5138,25993,2161
scan128_b600_rho4000,RTL-LS-002,0,3,2,4,128,1,2048,4096,65536,1000000,4000000,600,489,128,4096,2048,4096,4096,1,1,29412,3970588,9,9,1545693089,252451,36631,215820,19523,18482,41222,0,211300,4520,215820,854898,256,1011,5289,26635,2346
scan128_b600_rho4000,RTL-LS-002,0,3,3,4,128,1,2048,4096,65536,1000000,4000000,600,489,128,4096,2048,4096,4096,1,1,29412,3970588,9,9,1545693089,248700,37984,210716,19849,18927,41014,0,206135,4581,210716,847269,256,995,5374,26748,2369
scan128_b500_rho4000,RTL-LS-002,0,3,0,4,128,1,2048,4096,65536,1000000,4000000,500,489,128,4096,2048,4096,4096,1,1,0,4000000,5,5,1545667489,251715,36530,215185,18475,19045,43395,0,210965,4220,215185,854875,256,1018,6291,25569,4047
scan128_b500_rho4000,RTL-LS-002,0,3,1,4,128,1,2048,4096,65536,1000000,4000000,500,489,128,4096,2048,4096,4096,1,1,0,4000000,5,5,1545667489,249220,36160,213060,18520,18670,43387,0,208910,4150,213060,854907,256,968,6508,25645,3954
scan128_b500_rho4000,RTL-LS-002,0,3,2,4,128,1,2048,4096,65536,1000000,4000000,500,489,128,4096,2048,4096,4096,1,1,0,4000000,5,5,1545667489,247730,34610,213120,17945,17875,43606,0,209040,4080,213120,860291,256,986,6476,25286,3913
scan128_b500_rho4000,RTL-LS-002,0,3,3,4,128,1,2048,4096,65536,1000000,4000000,500,489,128,4096,2048,4096,4096,1,1,0,4000000,5,5,1545667489,251655,38745,212910,18755,20575,42850,0,208990,3920,212910,846039,256,993,6567,26151,3937
scan128_b403_rho4000,RTL-LS-002,0,3,0,4,128,1,2048,4096,65536,1000000,4000000,403,489,128,4096,2048,4096,4096,1,1,301933,3698067,4,4,1545642657,250541,30278,220263,18104,13078,46845,0,215919,4344,220263,879149,256,1016,8302,25513,3800
scan128_b403_rho4000,RTL-LS-002,0,3,1,4,128,1,2048,4096,65536,1000000,4000000,403,489,128,4096,2048,4096,4096,1,1,301933,3698067,4,4,1545642657,250828,31459,219369,18799,13468,46662,0,215080,4289,219369,874579,256,1008,8569,26269,3729
scan128_b403_rho4000,RTL-LS-002,0,3,2,4,128,1,2048,4096,65536,1000000,4000000,403,489,128,4096,2048,4096,4096,1,1,301933,3698067,4,4,1545642657,250385,30460,219925,18635,12804,46814,0,215730,4195,219925,878347,256,988,8648,26193,3748
scan128_b403_rho4000,RTL-LS-002,0,3,3,4,128,1,2048,4096,65536,1000000,4000000,403,489,128,4096,2048,4096,4096,1,1,301933,3698067,4,4,1545642657,249410,30710,218700,17916,13802,46724,0,214021,4679,218700,876869,256,1013,8391,25249,3718
scan128_b300_rho4000,RTL-LS-002,1,3,0,4,128,1,2048,4096,65536,1000000,4000000,300,489,128,4096,2048,4096,4096,1,1,697248,3302752,3,3,1545616289,248509,17378,231131,17378,0,52695,0,223551,7580,231131,930070,256,1014,8448,22470,3449
scan128_b300_rho4000,RTL-LS-002,1,3,1,4,128,1,2048,4096,65536,1000000,4000000,300,489,128,4096,2048,4096,4096,1,1,697248,3302752,3,3,1545616289,249140,17239,231901,17239,0,52782,0,224074,7827,231901,930805,256,1004,8371,22279,3256
scan128_b300_rho4000,RTL-LS-002,1,3,2,4,128,1,2048,4096,65536,1000000,4000000,300,489,128,4096,2048,4096,4096,1,1,697248,3302752,3,3,1545616289,249823,17322,232501,17322,0,52764,0,224842,7659,232501,930662,256,1010,8606,22493,3392
scan128_b300_rho4000,RTL-LS-002,1,3,3,4,128,1,2048,4096,65536,1000000,4000000,300,489,128,4096,2048,4096,4096,1,1,697248,3302752,3,3,1545616289,250173,17425,232748,17425,0,53015,0,225054,7694,232748,930348,256,998,8378,22489,3307
scan128_b200_rho4000,RTL-LS-002,1,3,0,4,128,1,2048,4096,65536,1000000,4000000,200,489,128,4096,2048,4096,4096,1,1,923077,3076923,2,2,1545590689,251754,15962,235792,15962,0,56613,0,223054,12738,235792,936596,256,963,8472,21077,3114
scan128_b200_rho4000,RTL-LS-002,1,3,1,4,128,1,2048,4096,65536,1000000,4000000,200,489,128,4096,2048,4096,4096,1,1,923077,3076923,2,2,1545590689,251803,16060,235743,16060,0,56574,0,223018,12725,235743,936219,256,881,8540,21122,2962
scan128_b200_rho4000,RTL-LS-002,1,3,2,4,128,1,2048,4096,65536,1000000,4000000,200,489,128,4096,2048,4096,4096,1,1,923077,3076923,2,2,1545590689,251811,16552,235259,16552,0,56488,0,223015,12244,235259,934268,256,869,8713,21618,3061
scan128_b200_rho4000,RTL-LS-002,1,3,3,4,128,1,2048,4096,65536,1000000,4000000,200,489,128,4096,2048,4096,4096,1,1,923077,3076923,2,2,1545590689,251076,16605,234471,16605,0,56473,0,222446,12025,234471,933864,256,923,8982,21879,3081
scan128_b100_rho4000,RTL-LS-002,1,3,0,4,128,1,2048,4096,65536,1000000,4000000,100,489,128,4096,2048,4096,4096,1,1,2415842,1584158,2,2,1545565089,249465,12558,236907,12558,0,58707,0,217603,19304,236907,949660,256,1014,6783,16545,2495
scan128_b100_rho4000,RTL-LS-002,1,3,1,4,128,1,2048,4096,65536,1000000,4000000,100,489,128,4096,2048,4096,4096,1,1,2415842,1584158,2,2,1545565089,250078,12536,237542,12536,0,58569,0,218339,19203,237542,949871,256,989,6960,16644,2399
scan128_b100_rho4000,RTL-LS-002,1,3,2,4,128,1,2048,4096,65536,1000000,4000000,100,489,128,4096,2048,4096,4096,1,1,2415842,1584158,2,2,1545565089,251662,12836,238826,12836,0,58623,0,219879,18947,238826,948995,256,1019,6972,16919,2464
scan128_b100_rho4000,RTL-LS-002,1,3,3,4,128,1,2048,4096,65536,1000000,4000000,100,489,128,4096,2048,4096,4096,1,1,2415842,1584158,2,2,1545565089,250230,12831,237399,12831,0,58516,0,218644,18755,237399,948723,256,1006,7068,17020,2447
scan128_b000_rho4000,RTL-LS-002,1,3,0,4,128,1,2048,4096,65536,1000000,4000000,0,489,128,4096,2048,4096,4096,1,1,4000000,0,1,1,1545539489,249779,11342,238437,11342,0,59345,0,217620,20817,238437,954591,256,930,6108,14988,2106
scan128_b000_rho4000,RTL-LS-002,1,3,1,4,128,1,2048,4096,65536,1000000,4000000,0,489,128,4096,2048,4096,4096,1,1,4000000,0,1,1,1545539489,250089,11255,238834,11255,0,59348,0,217998,20836,238834,954996,256,941,6171,14864,2109
scan128_b000_rho4000,RTL-LS-002,1,3,2,4,128,1,2048,4096,65536,1000000,4000000,0,489,128,4096,2048,4096,4096,1,1,4000000,0,1,1,1545539489,249880,11330,238550,11330,0,59355,0,217724,20826,238550,954658,256,942,6148,14891,2137
scan128_b000_rho4000,RTL-LS-002,1,3,3,4,128,1,2048,4096,65536,1000000,4000000,0,489,128,4096,2048,4096,4096,1,1,4000000,0,1,1,1545539489,251111,11440,239671,11440,0,59298,0,218977,20694,239671,954442,256,911,6296,15131,2180
scan128_b700_rho3000,RTL-LS-002,0,3,0,4,128,1,2048,4096,65536,1000000,3000000,700,652,128,4096,2048,4096,4096,1,1,5034,2994966,17,17,1545717689,250462,32583,217879,20257,13545,58103,0,207859,10020,217879,869908,256,1006,2728,25009,463
scan128_b700_rho3000,RTL-LS-002,0,3,1,4,128,1,2048,4096,65536,1000000,3000000,700,652,128,4096,2048,4096,4096,1,1,5034,2994966,17,17,1545717689,248166,32987,215179,21707,12288,57839,0,205719,9460,215179,867076,256,382,2893,26202,249
scan128_b700_rho3000,RTL-LS-002,0,3,2,4,128,1,2048,4096,65536,1000000,3000000,700,652,128,4096,2048,4096,4096,1,1,5034,2994966,17,17,1545717689,250486,31885,218601,20260,12853,57879,0,208093,10508,218601,872707,256,867,2965,24884,469
scan128_b700_rho3000,RTL-LS-002,0,3,3,4,128,1,2048,4096,65536,1000000,3000000,700,652,128,4096,2048,4096,4096,1,1,5034,2994966,17,17,1545717689,247635,33733,213902,21097,13248,57588,0,203778,10124,213902,863779,256,974,3043,25510,575
scan128_b600_rho3000,RTL-LS-002,0,3,0,4,128,1,2048,4096,65536,1000000,3000000,600,652,128,4096,2048,4096,4096,1,1,22059,2977941,9,9,1545692089,253003,36672,216331,20771,16583,58600,0,209558,6773,216331,855053,256,966,4897,27047,1283
scan128_b600_rho3000,RTL-LS-002,0,3,1,4,128,1,2048,4096,65536,1000000,3000000,600,652,128,4096,2048,4096,4096,1,1,22059,2977941,9,9,1545692089,249993,37539,212454,21267,17021,58484,0,205851,6603,212454,849839,256,1018,5255,27802,967
scan128_b600_rho3000,RTL-LS-002,0,3,2,4,128,1,2048,4096,65536,1000000,3000000,600,652,128,4096,2048,4096,4096,1,1,22059,2977941,9,9,1545692089,251332,36513,214819,20546,16876,58516,0,208257,6562,214819,854722,256,984,5571,28033,1291
scan128_b600_rho3000,RTL-LS-002,0,3,3,4,128,1,2048,4096,65536,1000000,3000000,600,652,128,4096,2048,4096,4096,1,1,22059,2977941,9,9,1545692089,251091,37660,213431,21436,17031,58487,0,207043,6388,213431,850014,256,993,5590,28294,1396
scan128_b500_rho3000,RTL-LS-002,0,3,0,4,128,1,2048,4096,65536,1000000,3000000,500,652,128,4096,2048,4096,4096,1,1,0,3000000,5,5,1545666489,251960,35725,216235,19415,17570,59846,0,209760,6475,216235,858211,256,963,6346,26158,2544
scan128_b500_rho3000,RTL-LS-002,0,3,1,4,128,1,2048,4096,65536,1000000,3000000,500,652,128,4096,2048,4096,4096,1,1,0,3000000,5,5,1545666489,248265,34725,213540,19245,16530,59726,0,206925,6615,213540,860129,256,1021,6898,26326,2118
scan128_b500_rho3000,RTL-LS-002,0,3,2,4,128,1,2048,4096,65536,1000000,3000000,500,652,128,4096,2048,4096,4096,1,1,0,3000000,5,5,1545666489,252275,36265,216010,19660,17960,59743,0,209925,6085,216010,856248,256,958,7288,27578,2410
scan128_b500_rho3000,RTL-LS-002,0,3,3,4,128,1,2048,4096,65536,1000000,3000000,500,652,128,4096,2048,4096,4096,1,1,0,3000000,5,5,1545666489,248340,34915,213425,18905,17330,59738,0,206805,6620,213425,859406,256,983,6690,25946,2265
scan128_b403_rho3000,RTL-LS-002,0,3,0,4,128,1,2048,4096,65536,1000000,3000000,403,652,128,4096,2048,4096,4096,1,1,226450,2773550,4,4,1545641657,250230,32131,218099,19135,13681,62529,0,212985,5114,218099,871594,256,991,9682,28110,4095
scan128_b403_rho3000,RTL-LS-002,0,3,1,4,128,1,2048,4096,65536,1000000,3000000,403,652,128,4096,2048,4096,4096,1,1,226450,2773550,4,4,1545641657,250225,30577,219648,18718,12783,63015,0,214412,5236,219648,877801,256,993,10046,28300,3613
scan128_b403_rho3000,RTL-LS-002,0,3,2,4,128,1,2048,4096,65536,1000000,3000000,403,652,128,4096,2048,4096,4096,1,1,226450,2773550,4,4,1545641657,250092,31384,218708,18941,13101,62833,0,213755,4953,218708,874510,256,1002,10171,28375,3806
scan128_b403_rho3000,RTL-LS-002,0,3,3,4,128,1,2048,4096,65536,1000000,3000000,403,652,128,4096,2048,4096,4096,1,1,226450,2773550,4,4,1545641657,249826,31032,218794,18706,13275,63047,0,213160,5634,218794,875785,256,991,9823,28079,3810
scan128_b300_rho3000,RTL-LS-002,0,3,0,4,128,1,2048,4096,65536,1000000,3000000,300,652,128,4096,2048,4096,4096,1,1,522936,2477064,3,3,1545615289,250655,33687,216968,18530,16169,64452,0,211078,5890,216968,865604,256,1016,11008,26977,4517
scan128_b300_rho3000,RTL-LS-002,0,3,1,4,128,1,2048,4096,65536,1000000,3000000,300,652,128,4096,2048,4096,4096,1,1,522936,2477064,3,3,1545615289,250824,35125,215699,18740,17301,63926,0,210055,5644,215699,859961,256,1003,11215,27348,4178
scan128_b300_rho3000,RTL-LS-002,0,3,2,4,128,1,2048,4096,65536,1000000,3000000,300,652,128,4096,2048,4096,4096,1,1,522936,2477064,3,3,1545615289,250347,34784,215563,18735,16831,64119,0,209906,5657,215563,861056,256,1002,11634,27680,4453
scan128_b300_rho3000,RTL-LS-002,0,3,3,4,128,1,2048,4096,65536,1000000,3000000,300,652,128,4096,2048,4096,4096,1,1,522936,2477064,3,3,1545615289,250380,35866,214514,18104,18449,63553,0,208771,5743,214514,856753,256,954,11274,26881,4360
scan128_b200_rho3000,RTL-LS-002,0,3,0,4,128,1,2048,4096,65536,1000000,3000000,200,652,128,4096,2048,4096,4096,1,1,692308,2307692,2,2,1545589689,250958,20980,229978,18829,2899,70485,0,221640,8338,229978,916400,256,1018,11981,26599,4407
scan128_b200_rho3000,RTL-LS-002,0,3,1,4,128,1,2048,4096,65536,1000000,3000000,200,652,128,4096,2048,4096,4096,1,1,692308,2307692,2,2,1545589689,250002,20619,229383,18781,2572,70850,0,220824,8559,229383,917524,256,1005,11997,26470,4132
scan128_b200_rho3000,RTL-LS-002,0,3,2,4,128,1,2048,4096,65536,1000000,3000000,200,652,128,4096,2048,4096,4096,1,1,692308,2307692,2,2,1545589689,249893,20232,229661,18585,2473,70755,0,221207,8454,229661,919037,256,1012,12439,26823,4367
scan128_b200_rho3000,RTL-LS-002,0,3,3,4,128,1,2048,4096,65536,1000000,3000000,200,652,128,4096,2048,4096,4096,1,1,692308,2307692,2,2,1545589689,250413,20259,230154,18407,2560,70653,0,221592,8562,230154,919097,256,967,12128,26243,4261
scan128_b100_rho3000,RTL-LS-002,1,3,0,4,128,1,2048,4096,65536,1000000,3000000,100,652,128,4096,2048,4096,4096,1,1,1811881,1188119,2,2,1545564089,251063,16993,234070,16993,0,74949,0,221189,12881,234070,932315,256,1022,11266,23549,4042
scan128_b100_rho3000,RTL-LS-002,1,3,1,4,128,1,2048,4096,65536,1000000,3000000,100,652,128,4096,2048,4096,4096,1,1,1811881,1188119,2,2,1545564089,249068,16730,232338,16730,0,74906,0,219486,12852,232338,932829,256,1000,11297,23199,3815
scan128_b100_rho3000,RTL-LS-002,1,3,2,4,128,1,2048,4096,65536,1000000,3000000,100,652,128,4096,2048,4096,4096,1,1,1811881,1188119,2,2,1545564089,249933,16907,233026,16907,0,75008,0,220204,12822,233026,932353,256,1022,11269,23420,3955
scan128_b100_rho3000,RTL-LS-002,1,3,3,4,128,1,2048,4096,65536,1000000,3000000,100,652,128,4096,2048,4096,4096,1,1,1811881,1188119,2,2,1545564089,250096,16743,233353,16743,0,74931,0,220470,12883,233353,933053,256,1021,11496,23415,3941
scan128_b000_rho3000,RTL-LS-002,1,3,0,4,128,1,2048,4096,65536,1000000,3000000,0,652,128,4096,2048,4096,4096,1,1,3000000,0,1,1,1545538489,250169,14926,235243,14926,0,77125,0,218983,16260,235243,940336,256,1006,10194,20795,3341
scan128_b000_rho3000,RTL-LS-002,1,3,1,4,128,1,2048,4096,65536,1000000,3000000,0,652,128,4096,2048,4096,4096,1,1,3000000,0,1,1,1545538489,250206,14890,235316,14890,0,77129,0,219123,16193,235316,940489,256,1007,10327,20711,3164
scan128_b000_rho3000,RTL-LS-002,1,3,2,4,128,1,2048,4096,65536,1000000,3000000,0,652,128,4096,2048,4096,4096,1,1,3000000,0,1,1,1545538489,250143,14828,235315,14828,0,77107,0,218949,16366,235315,940721,256,992,10453,20797,3286
scan128_b000_rho3000,RTL-LS-002,1,3,3,4,128,1,2048,4096,65536,1000000,3000000,0,652,128,4096,2048,4096,4096,1,1,3000000,0,1,1,1545538489,250568,14910,235658,14910,0,77165,0,219476,16182,235658,940495,256,953,10391,20836,3222
scan128_b700_rho2000,RTL-LS-002,0,3,0,4,128,1,2048,4096,65536,1000000,2000000,700,977,128,4096,2048,4096,4096,1,1,3356,1996644,17,17,1545716689,249268,33457,215811,23714,10537,92221,0,201038,14773,215811,865779,256,1006,3116,27834,239
scan128_b700_rho2000,RTL-LS-002,0,3,1,4,128,1,2048,4096,65536,1000000,2000000,700,977,128,4096,2048,4096,4096,1,1,3356,1996644,17,17,1545716689,248556,31975,216581,23530,9667,92710,0,202080,14501,216581,871356,256,512,3060,27769,139
scan128_b700_rho2000,RTL-LS-002,0,3,2,4,128,1,2048,4096,65536,1000000,2000000,700,977,128,4096,2048,4096,4096,1,1,3356,1996644,17,17,1545716689,248244,31737,216507,23280,9647,92627,0,201574,14933,216507,872154,256,635,3113,27552,203
scan128_b700_rho2000,RTL-LS-002,0,3,3,4,128,1,2048,4096,65536,1000000,2000000,700,977,128,4096,2048,4096,4096,1,1,3356,1996644,17,17,1545716689,252176,33479,218697,24268,10152,92470,0,204606,14091,218697,867239,256,629,3245,28782,214
scan128_b600_rho2000,RTL-LS-002,0,3,0,4,128,1,2048,4096,65536,1000000,2000000,600,977,128,4096,2048,4096,4096,1,1,14706,1985294,9,9,1545691089,252305,31628,220677,20935,11896,95651,0,206605,14072,220677,874643,256,1002,4891,26498,576
scan128_b600_rho2000,RTL-LS-002,0,3,1,4,128,1,2048,4096,65536,1000000,2000000,600,977,128,4096,2048,4096,4096,1,1,14706,1985294,9,9,1545691089,250116,31213,218903,21142,11346,95883,0,204331,14572,218903,875205,256,793,5176,26727,346
scan128_b600_rho2000,RTL-LS-002,0,3,2,4,128,1,2048,4096,65536,1000000,2000000,600,977,128,4096,2048,4096,4096,1,1,14706,1985294,9,9,1545691089,252246,30997,221249,20443,11932,95771,0,206262,14987,221249,877115,256,991,5203,26234,548
scan128_b600_rho2000,RTL-LS-002,0,3,3,4,128,1,2048,4096,65536,1000000,2000000,600,977,128,4096,2048,4096,4096,1,1,14706,1985294,9,9,1545691089,249619,31355,218264,20360,12046,95520,0,203634,14630,218264,874388,256,824,5305,26582,642
scan128_b500_rho2000,RTL-LS-002,0,3,0,4,128,1,2048,4096,65536,1000000,2000000,500,977,128,4096,2048,4096,4096,1,1,0,2000000,5,5,1545665489,249635,30940,218695,19525,11910,96639,0,204915,13780,218695,876059,256,1018,6375,25065,666
scan128_b500_rho2000,RTL-LS-002,0,3,1,4,128,1,2048,4096,65536,1000000,2000000,500,977,128,4096,2048,4096,4096,1,1,0,2000000,5,5,1545665489,249425,31390,218035,20250,11610,97142,0,204770,13265,218035,874150,256,914,7107,26443,359
scan128_b500_rho2000,RTL-LS-002,0,3,2,4,128,1,2048,4096,65536,1000000,2000000,500,977,128,4096,2048,4096,4096,1,1,0,2000000,5,5,1545665489,251590,30710,220880,19540,11830,97129,0,207380,13500,220880,877936,256,986,7245,26277,659
scan128_b500_rho2000,RTL-LS-002,0,3,3,4,128,1,2048,4096,65536,1000000,2000000,500,977,128,4096,2048,4096,4096,1,1,0,2000000,5,5,1545665489,250240,30730,219510,19565,11875,97327,0,205885,13625,219510,877197,256,988,7392,26577,816
scan128_b403_rho2000,RTL-LS-002,0,3,0,4,128,1,2048,4096,65536,1000000,2000000,403,977,128,4096,2048,4096,4096,1,1,150966,1849034,4,4,1545640657,251170,32901,218269,19741,13599,97672,0,207591,10678,218269,869009,256,953,9413,27422,1402
scan128_b403_rho2000,RTL-LS-002,0,3,1,4,128,1,2048,4096,65536,1000000,2000000,403,977,128,4096,2048,4096,4096,1,1,150966,1849034,4,4,1545640657,250190,34087,216103,20646,13837,97430,0,205593,10510,216103,863755,256,761,10269,28235,608
scan128_b403_rho2000,RTL-LS-002,0,3,2,4,128,1,2048,4096,65536,1000000,2000000,403,977,128,4096,2048,4096,4096,1,1,150966,1849034,4,4,1545640657,249129,32290,216839,19810,12919,97911,0,206294,10545,216839,870388,256,896,10594,28331,1131
scan128_b403_rho2000,RTL-LS-002,0,3,3,4,128,1,2048,4096,65536,1000000,2000000,403,977,128,4096,2048,4096,4096,1,1,150966,1849034,4,4,1545640657,251527,32472,219055,20084,12743,98139,0,208477,10578,219055,870900,256,1012,10532,28672,1304
scan128_b300_rho2000,RTL-LS-002,0,3,0,4,128,1,2048,4096,65536,1000000,2000000,300,977,128,4096,2048,4096,4096,1,1,348624,1651376,3,3,1545614289,250322,27027,223295,18713,9671,102132,0,213987,9308,223295,892031,256,1003,11703,27804,2677
scan128_b300_rho2000,RTL-LS-002,0,3,1,4,128,1,2048,4096,65536,1000000,2000000,300,977,128,4096,2048,4096,4096,1,1,348624,1651376,3,3,1545614289,251546,26943,224603,19385,8418,102104,0,215320,9283,224603,892890,256,949,12535,28323,1267
scan128_b300_rho2000,RTL-LS-002,0,3,2,4,128,1,2048,4096,65536,1000000,2000000,300,977,128,4096,2048,4096,4096,1,1,348624,1651376,3,3,1545614289,250860,25367,225493,18519,8315,102876,0,216118,9375,225493,898879,256,960,13071,28559,2033
scan128_b300_rho2000,RTL-LS-002,0,3,3,4,128,1,2048,4096,65536,1000000,2000000,300,977,128,4096,2048,4096,4096,1,1,348624,1651376,3,3,1545614289,249553,26865,222688,18959,8699,102139,0,213429,9259,222688,892347,256,979,12683,29076,2263
scan128_b200_rho2000,RTL-LS-002,0,3,0,4,128,1,2048,4096,65536,1000000,2000000,200,977,128,4096,2048,4096,4096,1,1,461538,1538462,2,2,1545588689,250583,25904,224679,17633,9065,103819,0,215077,9602,224679,896625,256,1013,13609,27506,4349
scan128_b200_rho2000,RTL-LS-002,0,3,1,4,128,1,2048,4096,65536,1000000,2000000,200,977,128,4096,2048,4096,4096,1,1,461538,1538462,2,2,1545588689,249421,26419,223002,18169,8916,103737,0,213581,9421,223002,894078,256,881,14431,27950,2806
scan128_b200_rho2000,RTL-LS-002,0,3,2,4,128,1,2048,4096,65536,1000000,2000000,200,977,128,4096,2048,4096,4096,1,1,461538,1538462,2,2,1545588689,249417,24407,225010,18062,7328,104613,0,215488,9522,225010,902143,256,966,15105,28599,3801
scan128_b200_rho2000,RTL-LS-002,0,3,3,4,128,1,2048,4096,65536,1000000,2000000,200,977,128,4096,2048,4096,4096,1,1,461538,1538462,2,2,1545588689,249904,24455,225449,17694,7925,104490,0,215786,9663,225449,902142,256,1010,13938,28092,3702
scan128_b100_rho2000,RTL-LS-002,0,3,0,4,128,1,2048,4096,65536,1000000,2000000,100,977,128,4096,2048,4096,4096,1,1,1207921,792079,2,2,1545563089,249903,25205,224698,18150,7692,105435,0,216503,8195,224698,899140,256,1010,16488,29032,5327
scan128_b100_rho2000,RTL-LS-002,0,3,1,4,128,1,2048,4096,65536,1000000,2000000,100,977,128,4096,2048,4096,4096,1,1,1207921,792079,2,2,1545563089,250339,26166,224173,18492,8321,105100,0,216011,8162,224173,895477,256,973,16703,29314,4386
scan128_b100_rho2000,RTL-LS-002,0,3,2,4,128,1,2048,4096,65536,1000000,2000000,100,977,128,4096,2048,4096,4096,1,1,1207921,792079,2,2,1545563089,251220,26387,224833,18382,8764,105110,0,216600,8233,224833,894964,256,966,17253,29682,5059
scan128_b100_rho2000,RTL-LS-002,0,3,3,4,128,1,2048,4096,65536,1000000,2000000,100,977,128,4096,2048,4096,4096,1,1,1207921,792079,2,2,1545563089,249356,25575,223781,18324,7682,105383,0,215630,8151,223781,897435,256,865,16545,29363,4883
scan128_b000_rho2000,RTL-LS-002,0,3,0,4,128,1,2048,4096,65536,1000000,2000000,0,977,128,4096,2048,4096,4096,1,1,2000000,0,1,1,1545537489,250430,22214,228216,18321,4766,108475,0,217685,10531,228216,911296,256,1019,17319,28649,5448
scan128_b000_rho2000,RTL-LS-002,0,3,1,4,128,1,2048,4096,65536,1000000,2000000,0,977,128,4096,2048,4096,4096,1,1,2000000,0,1,1,1545537489,249266,22144,227122,18148,5011,108343,0,216670,10452,227122,911163,256,1018,17874,28720,4873
scan128_b000_rho2000,RTL-LS-002,0,3,2,4,128,1,2048,4096,65536,1000000,2000000,0,977,128,4096,2048,4096,4096,1,1,2000000,0,1,1,1545537489,250348,22291,228057,18129,5074,108363,0,217522,10535,228057,910959,256,1021,17760,28793,5118
scan128_b000_rho2000,RTL-LS-002,0,3,3,4,128,1,2048,4096,65536,1000000,2000000,0,977,128,4096,2048,4096,4096,1,1,2000000,0,1,1,1545537489,250597,22635,227962,18212,5400,108414,0,217611,10351,227962,909675,256,996,17693,29095,5217
scan128_b700_rho1500,RTL-LS-002,0,3,0,4,128,1,2048,4096,65536,1000000,1500000,700,1303,128,4096,2048,4096,4096,1,1,2517,1497483,17,17,1545716189,248118,35730,212388,26462,9404,125585,0,190859,21529,212388,855995,256,841,3392,30072,191
scan128_b700_rho1500,RTL-LS-002,0,3,1,4,128,1,2048,4096,65536,1000000,1500000,700,1303,128,4096,2048,4096,4096,1,1,2517,1497483,17,17,1545716189,248805,34715,214090,25656,9723,125770,0,191903,22187,214090,860473,256,82,3233,29422,108
scan128_b700_rho1500,RTL-LS-002,0,3,2,4,128,1,2048,4096,65536,1000000,1500000,700,1303,128,4096,2048,4096,4096,1,1,2517,1497483,17,17,1545716189,250530,34682,215848,25759,9503,125769,0,194006,21842,215848,861565,256,988,3387,29829,139
scan128_b700_rho1500,RTL-LS-002,0,3,3,4,128,1,2048,4096,65536,1000000,1500000,700,1303,128,4096,2048,4096,4096,1,1,2517,1497483,17,17,1545716189,245539,35429,210110,26591,9420,125948,0,187977,22133,210110,855709,256,157,3429,30225,144
scan128_b600_rho1500,RTL-LS-002,0,3,0,4,128,1,2048,4096,65536,1000000,1500000,600,1303,128,4096,2048,4096,4096,1,1,11029,1488971,9,9,1545690589,249467,31977,217490,23461,8610,131158,0,196311,21179,217490,871818,256,804,5346,28100,353
scan128_b600_rho1500,RTL-LS-002,0,3,1,4,128,1,2048,4096,65536,1000000,1500000,600,1303,128,4096,2048,4096,4096,1,1,11029,1488971,9,9,1545690589,251504,30724,220780,22619,8259,131757,0,199562,21218,220780,877838,256,11,5386,27774,193
scan128_b600_rho1500,RTL-LS-002,0,3,2,4,128,1,2048,4096,65536,1000000,1500000,600,1303,128,4096,2048,4096,4096,1,1,11029,1488971,9,9,1545690589,248737,31841,216896,23238,8633,131075,0,195941,20955,216896,871989,256,937,5765,28331,309
scan128_b600_rho1500,RTL-LS-002,0,3,3,4,128,1,2048,4096,65536,1000000,1500000,600,1303,128,4096,2048,4096,4096,1,1,11029,1488971,9,9,1545690589,251096,30720,220376,22651,8139,131528,0,199321,21055,220376,877656,256,896,5652,27943,431
scan128_b500_rho1500,RTL-LS-002,0,3,0,4,128,1,2048,4096,65536,1000000,1500000,500,1303,128,4096,2048,4096,4096,1,1,0,1500000,5,5,1545664989,251470,29480,221990,20695,9215,135155,0,201140,20850,221990,882769,256,893,6985,26374,337
scan128_b500_rho1500,RTL-LS-002,0,3,1,4,128,1,2048,4096,65536,1000000,1500000,500,1303,128,4096,2048,4096,4096,1,1,0,1500000,5,5,1545664989,250325,29400,220925,20830,8955,135243,0,200025,20900,220925,882552,256,35,7307,26477,151
scan128_b500_rho1500,RTL-LS-002,0,3,2,4,128,1,2048,4096,65536,1000000,1500000,500,1303,128,4096,2048,4096,4096,1,1,0,1500000,5,5,1545664989,249560,29455,220105,20845,8930,134963,0,199750,20355,220105,881972,256,954,7771,27013,324
scan128_b500_rho1500,RTL-LS-002,0,3,3,4,128,1,2048,4096,65536,1000000,1500000,500,1303,128,4096,2048,4096,4096,1,1,0,1500000,5,5,1545664989,249870,28440,221430,20300,8555,135347,0,200675,20755,221430,886180,256,1005,7697,26425,431
scan128_b403_rho1500,RTL-LS-002,0,3,0,4,128,1,2048,4096,65536,1000000,1500000,403,1303,128,4096,2048,4096,4096,1,1,113225,1386775,4,4,1545640157,250367,28273,222094,19190,9418,136575,0,203237,18857,222094,887073,256,816,9628,26630,613
scan128_b403_rho1500,RTL-LS-002,0,3,1,4,128,1,2048,4096,65536,1000000,1500000,403,1303,128,4096,2048,4096,4096,1,1,113225,1386775,4,4,1545640157,249321,28279,221042,19039,9532,136646,0,202192,18850,221042,886575,256,388,10214,26585,178
scan128_b403_rho1500,RTL-LS-002,0,3,2,4,128,1,2048,4096,65536,1000000,1500000,403,1303,128,4096,2048,4096,4096,1,1,113225,1386775,4,4,1545640157,249956,28968,220988,19295,9942,136413,0,202119,18869,220988,884107,256,912,10806,27257,495
scan128_b403_rho1500,RTL-LS-002,0,3,3,4,128,1,2048,4096,65536,1000000,1500000,403,1303,128,4096,2048,4096,4096,1,1,113225,1386775,4,4,1545640157,250165,27892,222273,19055,9156,136697,0,203612,18661,222273,888505,256,824,10724,27344,695
scan128_b300_rho1500,RTL-LS-002,0,3,0,4,128,1,2048,4096,65536,1000000,1500000,300,1303,128,4096,2048,4096,4096,1,1,261468,1238532,3,3,1545613789,250976,27139,223837,18722,9174,138032,0,207886,15951,223837,891866,256,997,12479,28137,1077
scan128_b300_rho1500,RTL-LS-002,0,3,1,4,128,1,2048,4096,65536,1000000,1500000,300,1303,128,4096,2048,4096,4096,1,1,261468,1238532,3,3,1545613789,248716,27356,221360,18814,9031,137579,0,205165,16195,221360,890011,256,296,13221,27864,206
scan128_b300_rho1500,RTL-LS-002,0,3,2,4,128,1,2048,4096,65536,1000000,1500000,300,1303,128,4096,2048,4096,4096,1,1,261468,1238532,3,3,1545613789,251224,27200,224024,19006,8819,137991,0,207952,16072,224024,891730,256,993,13894,28736,680
scan128_b300_rho1500,RTL-LS-002,0,3,3,4,128,1,2048,4096,65536,1000000,1500000,300,1303,128,4096,2048,4096,4096,1,1,261468,1238532,3,3,1545613789,251120,26387,224733,18342,8798,138231,0,208284,16449,224733,894922,256,947,13142,28097,1002
scan128_b200_rho1500,RTL-LS-002,0,3,0,4,128,1,2048,4096,65536,1000000,1500000,200,1303,128,4096,2048,4096,4096,1,1,346154,1153846,2,2,1545588189,249704,29921,219783,18927,11194,137840,0,206536,13247,219783,880174,256,1019,14572,29149,1651
scan128_b200_rho1500,RTL-LS-002,0,3,1,4,128,1,2048,4096,65536,1000000,1500000,200,1303,128,4096,2048,4096,4096,1,1,346154,1153846,2,2,1545588189,250145,30801,219344,18849,12151,136976,0,206099,13245,219344,876867,256,963,15792,28929,278
scan128_b200_rho1500,RTL-LS-002,0,3,2,4,128,1,2048,4096,65536,1000000,1500000,200,1303,128,4096,2048,4096,4096,1,1,346154,1153846,2,2,1545588189,250578,30483,220095,18702,11938,137234,0,206736,13359,220095,878349,256,1015,16349,29425,847
scan128_b200_rho1500,RTL-LS-002,0,3,3,4,128,1,2048,4096,65536,1000000,1500000,200,1303,128,4096,2048,4096,4096,1,1,346154,1153846,2,2,1545588189,249386,30708,218678,18717,12203,137195,0,205528,13150,218678,876865,256,977,15923,30192,1494
scan128_b100_rho1500,RTL-LS-002,0,3,0,4,128,1,2048,4096,65536,1000000,1500000,100,1303,128,4096,2048,4096,4096,1,1,905941,594059,2,2,1545562589,249542,24381,225161,17766,7368,142739,0,212163,12998,225161,902297,256,1003,16637,28606,3003
scan128_b100_rho1500,RTL-LS-002,0,3,1,4,128,1,2048,4096,65536,1000000,1500000,100,1303,128,4096,2048,4096,4096,1,1,905941,594059,2,2,1545562589,249313,25054,224259,17887,7755,142371,0,211388,12871,224259,899507,256,901,17417,28519,637
scan128_b100_rho1500,RTL-LS-002,0,3,2,4,128,1,2048,4096,65536,1000000,1500000,100,1303,128,4096,2048,4096,4096,1,1,905941,594059,2,2,1545562589,250037,24794,225243,17965,7248,142353,0,212433,12810,225243,900838,256,854,18473,29621,1625
scan128_b100_rho1500,RTL-LS-002,0,3,3,4,128,1,2048,4096,65536,1000000,1500000,100,1303,128,4096,2048,4096,4096,1,1,905941,594059,2,2,1545562589,249452,25105,224347,17839,7711,142181,0,211389,12958,224347,899359,256,974,17722,30051,2685
scan128_b000_rho1500,RTL-LS-002,0,3,0,4,128,1,2048,4096,65536,1000000,1500000,0,1303,128,4096,2048,4096,4096,1,1,1500000,0,1,1,1545536989,250411,27584,222827,19214,9027,141186,0,212712,10115,222827,889845,256,989,21014,32070,5573
scan128_b000_rho1500,RTL-LS-002,0,3,1,4,128,1,2048,4096,65536,1000000,1500000,0,1303,128,4096,2048,4096,4096,1,1,1500000,0,1,1,1545536989,250173,28427,221746,19432,9571,140891,0,211575,10171,221746,886370,256,1016,21766,32370,2564
scan128_b000_rho1500,RTL-LS-002,0,3,2,4,128,1,2048,4096,65536,1000000,1500000,0,1303,128,4096,2048,4096,4096,1,1,1500000,0,1,1,1545536989,250168,26826,223342,19198,8210,141988,0,212962,10380,223342,892768,256,1020,22227,32909,3799
scan128_b000_rho1500,RTL-LS-002,0,3,3,4,128,1,2048,4096,65536,1000000,1500000,0,1303,128,4096,2048,4096,4096,1,1,1500000,0,1,1,1545536989,249965,27697,222268,18889,9963,141142,0,211875,10393,222268,889196,256,1021,21980,33449,5191
scan128_b700_rho1200,RTL-LS-002,0,3,0,4,128,1,2048,4096,65536,1000000,1200000,700,1628,128,4096,2048,4096,4096,1,1,2013,1197987,17,17,1545715889,246052,33244,212808,26560,7166,164761,0,185043,27765,212808,864890,256,989,3300,29852,143
scan128_b700_rho1200,RTL-LS-002,0,3,1,4,128,1,2048,4096,65536,1000000,1200000,700,1628,128,4096,2048,4096,4096,1,1,2013,1197987,17,17,1545715889,247830,33111,214719,26749,7235,164889,0,186974,27745,214719,866396,256,603,3313,30248,117
scan128_b700_rho1200,RTL-LS-002,0,3,2,4,128,1,2048,4096,65536,1000000,1200000,700,1628,128,4096,2048,4096,4096,1,1,2013,1197987,17,17,1545715889,247547,32791,214756,25810,7254,165090,0,186836,27920,214756,867536,256,618,3229,29080,121
scan128_b700_rho1200,RTL-LS-002,0,3,3,4,128,1,2048,4096,65536,1000000,1200000,700,1628,128,4096,2048,4096,4096,1,1,2013,1197987,17,17,1545715889,250928,32570,218358,25556,7507,164359,0,190220,28138,218358,870201,256,156,3244,28687,117
scan128_b600_rho1200,RTL-LS-002,0,3,0,4,128,1,2048,4096,65536,1000000,1200000,600,1628,128,4096,2048,4096,4096,1,1,8824,1191176,9,9,1545690289,249656,32027,217629,24285,8067,168185,0,188905,28724,217629,871715,256,618,5511,28772,259
scan128_b600_rho1200,RTL-LS-002,0,3,1,4,128,1,2048,4096,65536,1000000,1200000,600,1628,128,4096,2048,4096,4096,1,1,8824,1191176,9,9,1545690289,250346,32142,218204,24841,7980,167998,0,189945,28259,218204,871609,256,997,5711,29096,127
scan128_b600_rho1200,RTL-LS-002,0,3,2,4,128,1,2048,4096,65536,1000000,1200000,600,1628,128,4096,2048,4096,4096,1,1,8824,1191176,9,9,1545690289,249703,31065,218638,23618,8227,168343,0,190227,28411,218638,875592,256,773,5690,28345,211
scan128_b600_rho1200,RTL-LS-002,0,3,3,4,128,1,2048,4096,65536,1000000,1200000,600,1628,128,4096,2048,4096,4096,1,1,8824,1191176,9,9,1545690289,251110,33075,218035,25221,8525,167689,0,189970,28065,218035,868284,256,923,6043,30143,333
scan128_b500_rho1200,RTL-LS-002,0,3,0,4,128,1,2048,4096,65536,1000000,1200000,500,1628,128,4096,2048,4096,4096,1,1,0,1200000,5,5,1545664689,248980,29535,219445,21435,8600,171071,0,191730,27715,219445,881376,256,993,7537,27464,200
scan128_b500_rho1200,RTL-LS-002,0,3,1,4,128,1,2048,4096,65536,1000000,1200000,500,1628,128,4096,2048,4096,4096,1,1,0,1200000,5,5,1545664689,250150,30405,219745,22390,8755,170843,0,192480,27265,219745,878452,256,618,8109,28205,106
scan128_b500_rho1200,RTL-LS-002,0,3,2,4,128,1,2048,4096,65536,1000000,1200000,500,1628,128,4096,2048,4096,4096,1,1,0,1200000,5,5,1545664689,251080,30600,220480,22895,8395,170896,0,193170,27310,220480,878126,256,766,8480,28837,213
scan128_b500_rho1200,RTL-LS-002,0,3,3,4,128,1,2048,4096,65536,1000000,1200000,500,1628,128,4096,2048,4096,4096,1,1,0,1200000,5,5,1545664689,249070,30645,218425,22780,8535,170625,0,191205,27220,218425,876962,256,896,8678,28879,308
scan128_b403_rho1200,RTL-LS-002,0,3,0,4,128,1,2048,4096,65536,1000000,1200000,403,1628,128,4096,2048,4096,4096,1,1,90580,1109420,4,4,1545639857,249764,31269,218495,21077,10392,171104,0,193653,24842,218495,874805,256,955,10914,28855,369
scan128_b403_rho1200,RTL-LS-002,0,3,1,4,128,1,2048,4096,65536,1000000,1200000,403,1628,128,4096,2048,4096,4096,1,1,90580,1109420,4,4,1545639857,248838,29563,219275,20562,9316,172046,0,194003,25272,219275,881195,256,303,11201,28244,106
scan128_b403_rho1200,RTL-LS-002,0,3,2,4,128,1,2048,4096,65536,1000000,1200000,403,1628,128,4096,2048,4096,4096,1,1,90580,1109420,4,4,1545639857,249813,31114,218699,21125,10114,171567,0,193800,24899,218699,875450,256,937,11771,28977,277
scan128_b403_rho1200,RTL-LS-002,0,3,3,4,128,1,2048,4096,65536,1000000,1200000,403,1628,128,4096,2048,4096,4096,1,1,90580,1109420,4,4,1545639857,248181,30087,218094,21288,8995,172279,0,192812,25282,218094,878769,256,938,12021,29176,431
scan128_b300_rho1200,RTL-LS-002,0,3,0,4,128,1,2048,4096,65536,1000000,1200000,300,1628,128,4096,2048,4096,4096,1,1,209174,990826,3,3,1545613489,249133,30629,218504,21471,9462,171927,0,195765,22739,218504,877057,256,956,14603,31066,692
scan128_b300_rho1200,RTL-LS-002,0,3,1,4,128,1,2048,4096,65536,1000000,1200000,300,1628,128,4096,2048,4096,4096,1,1,209174,990826,3,3,1545613489,249815,30463,219352,21396,9280,172253,0,196584,22768,219352,878057,256,560,15138,30976,108
scan128_b300_rho1200,RTL-LS-002,0,3,2,4,128,1,2048,4096,65536,1000000,1200000,300,1628,128,4096,2048,4096,4096,1,1,209174,990826,3,3,1545613489,249769,30465,219304,21097,9715,172089,0,196661,22643,219304,878027,256,813,15998,31313,339
scan128_b300_rho1200,RTL-LS-002,0,3,3,4,128,1,2048,4096,65536,1000000,1200000,300,1628,128,4096,2048,4096,4096,1,1,209174,990826,3,3,1545613489,250424,30918,219506,21835,9355,172370,0,197000,22506,219506,876537,256,921,15912,32124,741
scan128_b200_rho1200,RTL-LS-002,0,3,0,4,128,1,2048,4096,65536,1000000,1200000,200,1628,128,4096,2048,4096,4096,1,1,276923,923077,2,2,1545587889,249980,26096,223884,18929,7310,178023,0,203103,20781,223884,895607,256,937,15901,29450,850
scan128_b200_rho1200,RTL-LS-002,0,3,1,4,128,1,2048,4096,65536,1000000,1200000,200,1628,128,4096,2048,4096,4096,1,1,276923,923077,2,2,1545587889,249921,26039,223882,18870,7221,177989,0,203049,20833,223882,895811,256,435,16687,29301,90
scan128_b200_rho1200,RTL-LS-002,0,3,2,4,128,1,2048,4096,65536,1000000,1200000,200,1628,128,4096,2048,4096,4096,1,1,276923,923077,2,2,1545587889,250446,26156,224290,18751,7501,177955,0,203582,20708,224290,895562,256,977,17342,29414,295
scan128_b200_rho1200,RTL-LS-002,0,3,3,4,128,1,2048,4096,65536,1000000,1200000,200,1628,128,4096,2048,4096,4096,1,1,276923,923077,2,2,1545587889,249289,26474,222815,18944,7690,177659,0,202149,20666,222815,893801,256,939,17376,30432,931
scan128_b100_rho1200,RTL-LS-002,0,3,0,4,128,1,2048,4096,65536,1000000,1200000,100,1628,128,4096,2048,4096,4096,1,1,724752,475248,2,2,1545562289,249702,26899,222803,19229,7936,177230,0,205003,17800,222803,892275,256,1022,19503,31574,1580
scan128_b100_rho1200,RTL-LS-002,0,3,1,4,128,1,2048,4096,65536,1000000,1200000,100,1628,128,4096,2048,4096,4096,1,1,724752,475248,2,2,1545562289,250748,26829,223919,19086,7981,177349,0,205983,17936,223919,893004,256,18,20055,31190,133
scan128_b100_rho1200,RTL-LS-002,0,3,2,4,128,1,2048,4096,65536,1000000,1200000,100,1628,128,4096,2048,4096,4096,1,1,724752,475248,2,2,1545562289,250675,27593,223082,19302,8491,176810,0,205346,17736,223082,889925,256,1007,21040,31790,412
scan128_b100_rho1200,RTL-LS-002,0,3,3,4,128,1,2048,4096,65536,1000000,1200000,100,1628,128,4096,2048,4096,4096,1,1,724752,475248,2,2,1545562289,249664,26867,222797,19225,7905,177460,0,204801,17996,222797,892387,256,1020,20592,32706,1763
scan128_b000_rho1200,RTL-LS-002,0,3,0,4,128,1,2048,4096,65536,1000000,1200000,0,1628,128,4096,2048,4096,4096,1,1,1200000,0,1,1,1545536689,250180,27209,222971,19080,8345,178215,0,208101,14870,222971,891242,256,1022,22457,32623,2746
scan128_b000_rho1200,RTL-LS-002,0,3,1,4,128,1,2048,4096,65536,1000000,1200000,0,1628,128,4096,2048,4096,4096,1,1,1200000,0,1,1,1545536689,250338,26638,223700,19278,7479,178831,0,208871,14829,223700,893591,256,1013,23341,32846,230
scan128_b000_rho1200,RTL-LS-002,0,3,2,4,128,1,2048,4096,65536,1000000,1200000,0,1628,128,4096,2048,4096,4096,1,1,1200000,0,1,1,1545536689,250253,26516,223737,18902,7848,178931,0,208585,15152,223737,894043,256,1017,23465,32586,643
scan128_b000_rho1200,RTL-LS-002,0,3,3,4,128,1,2048,4096,65536,1000000,1200000,0,1628,128,4096,2048,4096,4096,1,1,1200000,0,1,1,1545536689,249426,26213,223213,18714,7766,179104,0,208201,15012,223213,894906,256,1008,23827,34634,3045
scan128_b700_rho1000,RTL-LS-002,0,3,0,4,128,1,2048,4096,65536,1000000,1000000,700,1954,128,4096,2048,4096,4096,1,1,1678,998322,17,17,1545715689,249472,34496,214976,26718,8274,200303,0,178240,36736,214976,861723,256,237,3317,29922,141
scan128_b700_rho1000,RTL-LS-002,0,3,1,4,128,1,2048,4096,65536,1000000,1000000,700,1954,128,4096,2048,4096,4096,1,1,1678,998322,17,17,1545715689,248277,34314,213963,26741,8001,200094,0,177305,36658,213963,861791,256,242,3242,29809,110
scan128_b700_rho1000,RTL-LS-002,0,3,2,4,128,1,2048,4096,65536,1000000,1000000,700,1954,128,4096,2048,4096,4096,1,1,1678,998322,17,17,1545715689,251345,33494,217851,26383,7472,200487,0,181360,36491,217851,866740,256,138,3287,29570,113
scan128_b700_rho1000,RTL-LS-002,0,3,3,4,128,1,2048,4096,65536,1000000,1000000,700,1954,128,4096,2048,4096,4096,1,1,1678,998322,17,17,1545715689,247520,33962,213558,26731,7488,200652,0,176840,36718,213558,862790,256,193,3346,30015,119
scan128_b600_rho1000,RTL-LS-002,0,3,0,4,128,1,2048,4096,65536,1000000,1000000,600,1954,128,4096,2048,4096,4096,1,1,7353,992647,9,9,1545690089,250605,31495,219110,24966,6973,205370,0,182349,36761,219110,874324,256,941,5696,29517,187
scan128_b600_rho1000,RTL-LS-002,0,3,1,4,128,1,2048,4096,65536,1000000,1000000,600,1954,128,4096,2048,4096,4096,1,1,7353,992647,9,9,1545690089,251173,31811,219362,25577,6661,205676,0,182925,36437,219362,873350,256,830,5948,30225,129
scan128_b600_rho1000,RTL-LS-002,0,3,2,4,128,1,2048,4096,65536,1000000,1000000,600,1954,128,4096,2048,4096,4096,1,1,7353,992647,9,9,1545690089,249888,31529,218359,25165,6879,205228,0,181762,36597,218359,873827,256,996,6045,29832,178
scan128_b600_rho1000,RTL-LS-002,0,3,3,4,128,1,2048,4096,65536,1000000,1000000,600,1954,128,4096,2048,4096,4096,1,1,7353,992647,9,9,1545690089,251164,31551,219613,25161,6833,205507,0,182867,36746,219613,874380,256,1005,6122,29986,212
scan128_b500_rho1000,RTL-LS-002,0,3,0,4,128,1,2048,4096,65536,1000000,1000000,500,1954,128,4096,2048,4096,4096,1,1,0,1000000,5,5,1545664489,249540,30700,218840,23500,7520,206901,0,184400,34440,218840,876973,256,259,8252,29177,150
scan128_b500_rho1000,RTL-LS-002,0,3,1,4,128,1,2048,4096,65536,1000000,1000000,500,1954,128,4096,2048,4096,4096,1,1,0,1000000,5,5,1545664489,250640,30375,220265,23445,7315,207423,0,185890,34375,220265,878810,256,164,8676,29446,97
scan128_b500_rho1000,RTL-LS-002,0,3,2,4,128,1,2048,4096,65536,1000000,1000000,500,1954,128,4096,2048,4096,4096,1,1,0,1000000,5,5,1545664489,250415,30965,219450,24015,7225,207147,0,185400,34050,219450,876345,256,203,9012,29936,140
scan128_b500_rho1000,RTL-LS-002,0,3,3,4,128,1,2048,4096,65536,1000000,1000000,500,1954,128,4096,2048,4096,4096,1,1,0,1000000,5,5,1545664489,248605,30570,218035,23330,7615,207234,0,183600,34435,218035,877033,256,869,9002,29497,190
scan128_b403_rho1000,RTL-LS-002,0,3,0,4,128,1,2048,4096,65536,1000000,1000000,403,1954,128,4096,2048,4096,4096,1,1,75483,924517,4,4,1545639657,251238,30017,221221,22094,8174,209316,0,187442,33779,221221,880523,256,546,11389,29550,214
scan128_b403_rho1000,RTL-LS-002,0,3,1,4,128,1,2048,4096,65536,1000000,1000000,403,1954,128,4096,2048,4096,4096,1,1,75483,924517,4,4,1545639657,249061,29989,219072,22325,7997,209304,0,185716,33356,219072,879591,256,29,12135,30041,98
scan128_b403_rho1000,RTL-LS-002,0,3,2,4,128,1,2048,4096,65536,1000000,1000000,403,1954,128,4096,2048,4096,4096,1,1,75483,924517,4,4,1545639657,247949,29717,218232,21957,8104,209112,0,184948,33284,218232,880148,256,773,12539,29739,177
scan128_b403_rho1000,RTL-LS-002,0,3,3,4,128,1,2048,4096,65536,1000000,1000000,403,1954,128,4096,2048,4096,4096,1,1,75483,924517,4,4,1545639657,249617,29148,220469,21719,7567,209843,0,186614,33855,220469,883229,256,995,12518,29810,289
scan128_b300_rho1000,RTL-LS-002,0,3,0,4,128,1,2048,4096,65536,1000000,1000000,300,1954,128,4096,2048,4096,4096,1,1,174312,825688,3,3,1545613289,250460,29357,221103,21431,8106,210384,0,190356,30747,221103,882787,256,999,14858,30907,403
scan128_b300_rho1000,RTL-LS-002,0,3,1,4,128,1,2048,4096,65536,1000000,1000000,300,1954,128,4096,2048,4096,4096,1,1,174312,825688,3,3,1545613289,250507,28876,221631,21301,7727,210884,0,191126,30505,221631,884729,256,350,15923,31202,92
scan128_b300_rho1000,RTL-LS-002,0,3,2,4,128,1,2048,4096,65536,1000000,1000000,300,1954,128,4096,2048,4096,4096,1,1,174312,825688,3,3,1545613289,250387,29120,221267,21290,8016,210622,0,190553,30714,221267,883700,256,749,16248,31038,190
scan128_b300_rho1000,RTL-LS-002,0,3,3,4,128,1,2048,4096,65536,1000000,1000000,300,1954,128,4096,2048,4096,4096,1,1,174312,825688,3,3,1545613289,251171,29237,221934,21047,8506,210679,0,191189,30745,221934,883597,256,902,16093,31199,456
scan128_b200_rho1000,RTL-LS-002,0,3,0,4,128,1,2048,4096,65536,1000000,1000000,200,1954,128,4096,2048,4096,4096,1,1,230769,769231,2,2,1545587689,250602,28167,222435,20932,7319,212656,0,195033,27402,222435,887602,256,896,18087,32630,521
scan128_b200_rho1000,RTL-LS-002,0,3,1,4,128,1,2048,4096,65536,1000000,1000000,200,1954,128,4096,2048,4096,4096,1,1,230769,769231,2,2,1545587689,250028,27889,222139,21103,6786,212876,0,194724,27415,222139,888456,256,350,19289,32564,87
scan128_b200_rho1000,RTL-LS-002,0,3,2,4,128,1,2048,4096,65536,1000000,1000000,200,1954,128,4096,2048,4096,4096,1,1,230769,769231,2,2,1545587689,249487,27645,221842,20931,6744,213079,0,194682,27160,221842,889192,256,643,19993,32684,151
scan128_b200_rho1000,RTL-LS-002,0,3,3,4,128,1,2048,4096,65536,1000000,1000000,200,1954,128,4096,2048,4096,4096,1,1,230769,769231,2,2,1545587689,250040,28558,221482,20963,7595,212470,0,194087,27395,221482,885786,256,977,19965,33189,566
scan128_b100_rho1000,RTL-LS-002,0,3,0,4,128,1,2048,4096,65536,1000000,1000000,100,1954,128,4096,2048,4096,4096,1,1,603960,396040,2,2,1545562089,251636,26053,225583,19734,6570,216365,0,200095,25488,225583,896465,256,943,21192,32831,949
scan128_b100_rho1000,RTL-LS-002,0,3,1,4,128,1,2048,4096,65536,1000000,1000000,100,1954,128,4096,2048,4096,4096,1,1,603960,396040,2,2,1545562089,251162,26601,224561,19669,6996,215635,0,199078,25483,224561,894088,256,308,21804,32591,85
scan128_b100_rho1000,RTL-LS-002,0,3,2,4,128,1,2048,4096,65536,1000000,1000000,100,1954,128,4096,2048,4096,4096,1,1,603960,396040,2,2,1545562089,249948,26110,223838,19189,6970,216011,0,198093,25745,223838,895538,256,973,21840,31873,160
scan128_b100_rho1000,RTL-LS-002,0,3,3,4,128,1,2048,4096,65536,1000000,1000000,100,1954,128,4096,2048,4096,4096,1,1,603960,396040,2,2,1545562089,250192,25956,224236,19571,6492,216336,0,198622,25614,224236,896255,256,947,22386,33313,1094
scan128_b000_rho1000,RTL-LS-002,0,3,0,4,128,1,2048,4096,65536,1000000,1000000,0,1954,128,4096,2048,4096,4096,1,1,1000000,0,1,1,1545536489,250774,26324,224450,19051,7437,216242,0,202031,22419,224450,895028,256,1016,23622,33056,1673
scan128_b000_rho1000,RTL-LS-002,0,3,1,4,128,1,2048,4096,65536,1000000,1000000,0,1954,128,4096,2048,4096,4096,1,1,1000000,0,1,1,1545536489,250097,26465,223632,19307,7248,216295,0,201258,22374,223632,894181,256,30,24457,33381,88
scan128_b000_rho1000,RTL-LS-002,0,3,2,4,128,1,2048,4096,65536,1000000,1000000,0,1954,128,4096,2048,4096,4096,1,1,1000000,0,1,1,1545536489,249894,27476,222418,19226,8435,215291,0,200020,22398,222418,890049,256,832,25217,33387,187
scan128_b000_rho1000,RTL-LS-002,0,3,3,4,128,1,2048,4096,65536,1000000,1000000,0,1954,128,4096,2048,4096,4096,1,1,1000000,0,1,1,1545536489,250547,26167,224380,19260,7210,216985,0,202260,22120,224380,895560,256,1017,25603,35406,1915
scan128_b700_rho0900,RTL-LS-002,0,3,0,4,128,1,2048,4096,65536,1000000,900000,700,2171,128,4096,2048,4096,4096,1,1,1510,898490,17,17,1545715589,249224,32564,216660,26728,6691,228417,0,175320,41340,216660,869338,256,369,3304,29653,119
scan128_b700_rho0900,RTL-LS-002,0,3,1,4,128,1,2048,4096,65536,1000000,900000,700,2171,128,4096,2048,4096,4096,1,1,1510,898490,17,17,1545715589,253804,32102,221702,26658,6059,228612,0,179893,41809,221702,873516,256,314,3291,29887,111
scan128_b700_rho0900,RTL-LS-002,0,3,2,4,128,1,2048,4096,65536,1000000,900000,700,2171,128,4096,2048,4096,4096,1,1,1510,898490,17,17,1545715589,250329,31591,218738,26012,6640,228810,0,176534,42204,218738,873802,256,147,3238,28878,107
scan128_b700_rho0900,RTL-LS-002,0,3,3,4,128,1,2048,4096,65536,1000000,900000,700,2171,128,4096,2048,4096,4096,1,1,1510,898490,17,17,1545715589,251481,32848,218633,26826,6703,228566,0,177075,41558,218633,869381,256,379,3276,29708,112
scan128_b600_rho0900,RTL-LS-002,0,3,0,4,128,1,2048,4096,65536,1000000,900000,600,2171,128,4096,2048,4096,4096,1,1,6618,893382,9,9,1545689989,250828,32573,218255,27510,5510,229204,0,178290,39965,218255,870138,256,526,6139,31843,187
scan128_b600_rho0900,RTL-LS-002,0,3,1,4,128,1,2048,4096,65536,1000000,900000,600,2171,128,4096,2048,4096,4096,1,1,6618,893382,9,9,1545689989,250341,32590,217751,27489,5511,228859,0,177606,40145,217751,869817,256,718,6279,31896,117
scan128_b600_rho0900,RTL-LS-002,0,3,2,4,128,1,2048,4096,65536,1000000,900000,600,2171,128,4096,2048,4096,4096,1,1,6618,893382,9,9,1545689989,250569,33348,217221,27697,6060,228671,0,177459,39762,217221,866910,256,995,6532,32282,154
scan128_b600_rho0900,RTL-LS-002,0,3,3,4,128,1,2048,4096,65536,1000000,900000,600,2171,128,4096,2048,4096,4096,1,1,6618,893382,9,9,1545689989,247057,31941,215116,26831,5606,229009,0,175042,40074,215116,870714,256,1004,6491,31521,220
scan128_b500_rho0900,RTL-LS-002,0,3,0,4,128,1,2048,4096,65536,1000000,900000,500,2171,128,4096,2048,4096,4096,1,1,0,900000,5,5,1545664389,250040,33225,216815,26620,6930,228774,0,178225,38590,216815,867121,256,465,9418,33079,152
scan128_b500_rho0900,RTL-LS-002,0,3,1,4,128,1,2048,4096,65536,1000000,900000,500,2171,128,4096,2048,4096,4096,1,1,0,900000,5,5,1545664389,249395,32655,216740,26110,6825,229097,0,177655,39085,216740,869063,256,625,9626,32490,110
scan128_b500_rho0900,RTL-LS-002,0,3,2,4,128,1,2048,4096,65536,1000000,900000,500,2171,128,4096,2048,4096,4096,1,1,0,900000,5,5,1545664389,252315,33005,219310,26485,6780,229180,0,180485,38825,219310,869191,256,113,10003,32909,141
scan128_b500_rho0900,RTL-LS-002,0,3,3,4,128,1,2048,4096,65536,1000000,900000,500,2171,128,4096,2048,4096,4096,1,1,0,900000,5,5,1545664389,249900,31910,217990,25890,6215,229636,0,178925,39065,217990,872308,256,770,10059,32723,205
scan128_b403_rho0900,RTL-LS-002,0,3,0,4,128,1,2048,4096,65536,1000000,900000,403,2171,128,4096,2048,4096,4096,1,1,67935,832065,4,4,1545639557,249025,31804,217221,24586,7775,230866,0,179456,37765,217221,872285,256,350,12679,32690,240
scan128_b403_rho0900,RTL-LS-002,0,3,1,4,128,1,2048,4096,65536,1000000,900000,403,2171,128,4096,2048,4096,4096,1,1,67935,832065,4,4,1545639557,251161,31803,219358,23852,8604,231047,0,181206,38152,219358,873376,256,557,13286,32213,101
scan128_b403_rho0900,RTL-LS-002,0,3,2,4,128,1,2048,4096,65536,1000000,900000,403,2171,128,4096,2048,4096,4096,1,1,67935,832065,4,4,1545639557,250305,32062,218243,24401,8139,231083,0,180515,37728,218243,871908,256,837,13928,32976,180
scan128_b403_rho0900,RTL-LS-002,0,3,3,4,128,1,2048,4096,65536,1000000,900000,403,2171,128,4096,2048,4096,4096,1,1,67935,832065,4,4,1545639557,248846,31944,216902,23884,8531,230894,0,178578,38324,216902,871631,256,885,13862,32490,246
scan128_b300_rho0900,RTL-LS-002,0,3,0,4,128,1,2048,4096,65536,1000000,900000,300,2171,128,4096,2048,4096,4096,1,1,156881,743119,3,3,1545613189,250226,31793,218433,23085,8931,232035,0,182541,35892,218433,872942,256,802,16422,33571,296
scan128_b300_rho0900,RTL-LS-002,0,3,1,4,128,1,2048,4096,65536,1000000,900000,300,2171,128,4096,2048,4096,4096,1,1,156881,743119,3,3,1545613189,250615,32086,218529,23047,9209,231403,0,182556,35973,218529,871970,256,206,17268,33358,94
scan128_b300_rho0900,RTL-LS-002,0,3,2,4,128,1,2048,4096,65536,1000000,900000,300,2171,128,4096,2048,4096,4096,1,1,156881,743119,3,3,1545613189,250942,31814,219128,23288,8658,232464,0,183339,35789,219128,873221,256,900,17799,33587,151
scan128_b300_rho0900,RTL-LS-002,0,3,3,4,128,1,2048,4096,65536,1000000,900000,300,2171,128,4096,2048,4096,4096,1,1,156881,743119,3,3,1545613189,251008,31663,219345,23017,8883,232611,0,183353,35992,219345,873856,256,990,17937,33852,322
scan128_b200_rho0900,RTL-LS-002,0,3,0,4,128,1,2048,4096,65536,1000000,900000,200,2171,128,4096,2048,4096,4096,1,1,207692,692308,2,2,1545587589,250129,27287,222842,21075,6457,238494,0,188098,34744,222842,890908,256,1013,18661,33105,366
scan128_b200_rho0900,RTL-LS-002,0,3,1,4,128,1,2048,4096,65536,1000000,900000,200,2171,128,4096,2048,4096,4096,1,1,207692,692308,2,2,1545587589,250731,27153,223578,20869,6623,238265,0,188718,34860,223578,891704,256,173,19627,32672,89
scan128_b200_rho0900,RTL-LS-002,0,3,2,4,128,1,2048,4096,65536,1000000,900000,200,2171,128,4096,2048,4096,4096,1,1,207692,692308,2,2,1545587589,249705,27648,222057,20787,6995,237632,0,187152,34905,222057,889277,256,931,20349,32586,128
scan128_b200_rho0900,RTL-LS-002,0,3,3,4,128,1,2048,4096,65536,1000000,900000,200,2171,128,4096,2048,4096,4096,1,1,207692,692308,2,2,1545587589,249896,27297,222599,21015,6461,238534,0,187844,34755,222599,890766,256,1012,20295,33147,422
scan128_b100_rho0900,RTL-LS-002,0,3,0,4,128,1,2048,4096,65536,1000000,900000,100,2171,128,4096,2048,4096,4096,1,1,543564,356436,2,2,1545561989,248726,28386,220340,20311,8221,237945,0,189022,31318,220340,885874,256,1021,21925,33400,682
scan128_b100_rho0900,RTL-LS-002,0,3,1,4,128,1,2048,4096,65536,1000000,900000,100,2171,128,4096,2048,4096,4096,1,1,543564,356436,2,2,1545561989,249991,28156,221835,20318,7930,238583,0,190687,31148,221835,887371,256,379,22852,33466,86
scan128_b100_rho0900,RTL-LS-002,0,3,2,4,128,1,2048,4096,65536,1000000,900000,100,2171,128,4096,2048,4096,4096,1,1,543564,356436,2,2,1545561989,250686,28314,222372,20558,7861,238783,0,191386,30986,222372,887053,256,501,23861,33934,134
scan128_b100_rho0900,RTL-LS-002,0,3,3,4,128,1,2048,4096,65536,1000000,900000,100,2171,128,4096,2048,4096,4096,1,1,543564,356436,2,2,1545561989,249530,27589,221941,20044,7693,239086,0,190733,31208,221941,889436,256,1008,23605,34087,785
scan128_b000_rho0900,RTL-LS-002,0,3,0,4,128,1,2048,4096,65536,1000000,900000,0,2171,128,4096,2048,4096,4096,1,1,900000,0,1,1,1545536389,250675,26967,223708,20249,6780,239886,0,195743,27965,223708,892422,256,1010,25794,35441,1166
scan128_b000_rho0900,RTL-LS-002,0,3,1,4,128,1,2048,4096,65536,1000000,900000,0,2171,128,4096,2048,4096,4096,1,1,900000,0,1,1,1545536389,250062,26687,223375,20247,6551,240341,0,195467,27908,223375,893278,256,266,26528,35367,89
scan128_b000_rho0900,RTL-LS-002,0,3,2,4,128,1,2048,4096,65536,1000000,900000,0,2171,128,4096,2048,4096,4096,1,1,900000,0,1,1,1545536389,249661,26533,223128,20064,6630,240139,0,195069,28059,223128,893723,256,462,26921,34943,115
scan128_b000_rho0900,RTL-LS-002,0,3,3,4,128,1,2048,4096,65536,1000000,900000,0,2171,128,4096,2048,4096,4096,1,1,900000,0,1,1,1545536389,249496,26250,223246,20182,6139,240714,0,195315,27931,223246,894787,256,1014,27213,36325,1283
scan128_b700_rho0750,RTL-LS-002,0,3,0,4,128,1,2048,4096,65536,1000000,750000,700,2605,128,4096,2048,4096,4096,1,1,1258,748742,17,17,1545715439,251806,32948,218858,27360,6013,277996,0,164999,53859,218858,869153,256,35,3371,30161,122
scan128_b700_rho0750,RTL-LS-002,0,3,1,4,128,1,2048,4096,65536,1000000,750000,700,2605,128,4096,2048,4096,4096,1,1,1258,748742,17,17,1545715439,250655,32532,218123,27021,5887,277841,0,164157,53966,218123,870212,256,227,3260,29854,110
scan128_b700_rho0750,RTL-LS-002,0,3,2,4,128,1,2048,4096,65536,1000000,750000,700,2605,128,4096,2048,4096,4096,1,1,1258,748742,17,17,1545715439,246253,33335,212918,27754,5888,277558,0,159713,53205,212918,864631,256,249,3372,30568,117
scan128_b700_rho0750,RTL-LS-002,0,3,3,4,128,1,2048,4096,65536,1000000,750000,700,2605,128,4096,2048,4096,4096,1,1,1258,748742,17,17,1545715439,252327,33520,218807,28035,5826,277569,0,164973,53834,218807,867156,256,201,3422,30881,116
scan128_b600_rho0750,RTL-LS-002,0,3,0,4,128,1,2048,4096,65536,1000000,750000,600,2605,128,4096,2048,4096,4096,1,1,5515,744485,9,9,1545689839,250332,29896,220436,25415,5025,282887,0,165146,55290,220436,880574,256,970,5812,29646,141
scan128_b600_rho0750,RTL-LS-002,0,3,1,4,128,1,2048,4096,65536,1000000,750000,600,2605,128,4096,2048,4096,4096,1,1,5515,744485,9,9,1545689839,250094,29741,220353,25381,4902,283085,0,165023,55330,220353,881080,256,113,5832,29517,104
scan128_b600_rho0750,RTL-LS-002,0,3,2,4,128,1,2048,4096,65536,1000000,750000,600,2605,128,4096,2048,4096,4096,1,1,5515,744485,9,9,1545689839,247700,29769,217931,25331,4934,282898,0,162355,55576,217931,879818,256,537,5957,29647,118
scan128_b600_rho0750,RTL-LS-002,0,3,3,4,128,1,2048,4096,65536,1000000,750000,600,2605,128,4096,2048,4096,4096,1,1,5515,744485,9,9,1545689839,250535,30608,219927,25831,5312,282834,0,164820,55107,219927,877829,256,959,6195,30326,168
scan128_b500_rho0750,RTL-LS-002,0,3,0,4,128,1,2048,4096,65536,1000000,750000,500,2605,128,4096,2048,4096,4096,1,1,0,750000,5,5,1545664239,250770,34260,216510,27115,7340,277276,0,166165,50345,216510,863380,256,311,9657,33310,115
scan128_b500_rho0750,RTL-LS-002,0,3,1,4,128,1,2048,4096,65536,1000000,750000,500,2605,128,4096,2048,4096,4096,1,1,0,750000,5,5,1545664239,251250,34125,217125,27545,6785,277803,0,167130,49995,217125,864179,256,438,10207,33813,113
scan128_b500_rho0750,RTL-LS-002,0,3,2,4,128,1,2048,4096,65536,1000000,750000,500,2605,128,4096,2048,4096,4096,1,1,0,750000,5,5,1545664239,250850,34560,216290,27375,7290,277241,0,166170,50120,216290,862228,256,294,10473,33718,124
scan128_b500_rho0750,RTL-LS-002,0,3,3,4,128,1,2048,4096,65536,1000000,750000,500,2605,128,4096,2048,4096,4096,1,1,0,750000,5,5,1545664239,250080,34580,215500,27555,7205,277368,0,165305,50195,215500,861724,256,969,10514,33909,147
scan128_b403_rho0750,RTL-LS-002,0,3,0,4,128,1,2048,4096,65536,1000000,750000,403,2605,128,4096,2048,4096,4096,1,1,56612,693388,4,4,1545639407,252295,33327,218968,25604,8055,278777,0,169513,49455,218968,867904,256,178,13666,34152,151
scan128_b403_rho0750,RTL-LS-002,0,3,1,4,128,1,2048,4096,65536,1000000,750000,403,2605,128,4096,2048,4096,4096,1,1,56612,693388,4,4,1545639407,250550,32764,217786,25334,7821,279164,0,168295,49491,217786,869231,256,261,14143,33893,104
scan128_b403_rho0750,RTL-LS-002,0,3,2,4,128,1,2048,4096,65536,1000000,750000,403,2605,128,4096,2048,4096,4096,1,1,56612,693388,4,4,1545639407,250337,32933,217404,25476,7836,278626,0,168011,49393,217404,868445,256,44,14648,34084,119
scan128_b403_rho0750,RTL-LS-002,0,3,3,4,128,1,2048,4096,65536,1000000,750000,403,2605,128,4096,2048,4096,4096,1,1,56612,693388,4,4,1545639407,250234,34054,216180,26057,8295,278217,0,167121,49059,216180,863911,256,105,15088,34979,153
scan128_b300_rho0750,RTL-LS-002,0,3,0,4,128,1,2048,4096,65536,1000000,750000,300,2605,128,4096,2048,4096,4096,1,1,130734,619266,3,3,1545613039,250197,35779,214418,26591,9417,276166,0,168247,46171,214418,856996,256,853,19158,38329,220
scan128_b300_rho0750,RTL-LS-002,0,3,1,4,128,1,2048,4096,65536,1000000,750000,300,2605,128,4096,2048,4096,4096,1,1,130734,619266,3,3,1545613039,249951,35413,214538,26840,8767,276361,0,168643,45895,214538,858320,256,312,20323,38669,109
scan128_b300_rho0750,RTL-LS-002,0,3,2,4,128,1,2048,4096,65536,1000000,750000,300,2605,128,4096,2048,4096,4096,1,1,130734,619266,3,3,1545613039,250371,35475,214896,26609,9032,275995,0,168611,46285,214896,858310,256,565,20682,38143,137
scan128_b300_rho0750,RTL-LS-002,0,3,3,4,128,1,2048,4096,65536,1000000,750000,300,2605,128,4096,2048,4096,4096,1,1,130734,619266,3,3,1545613039,250518,35615,214903,26459,9377,276229,0,168611,46292,214903,857834,256,832,20869,38286,203
scan128_b200_rho0750,RTL-LS-002,0,3,0,4,128,1,2048,4096,65536,1000000,750000,200,2605,128,4096,2048,4096,4096,1,1,173077,576923,2,2,1545587439,250404,28486,221918,22718,5878,287163,0,176885,45033,221918,886239,256,868,20816,35542,256
scan128_b200_rho0750,RTL-LS-002,0,3,1,4,128,1,2048,4096,65536,1000000,750000,200,2605,128,4096,2048,4096,4096,1,1,173077,576923,2,2,1545587439,251022,28977,222045,22673,6378,286864,0,176949,45096,222045,884563,256,26,21987,35485,92
scan128_b200_rho0750,RTL-LS-002,0,3,2,4,128,1,2048,4096,65536,1000000,750000,200,2605,128,4096,2048,4096,4096,1,1,173077,576923,2,2,1545587439,249089,28366,220723,22450,5986,287229,0,175580,45143,220723,886121,256,847,22735,35242,110
scan128_b200_rho0750,RTL-LS-002,0,3,3,4,128,1,2048,4096,65536,1000000,750000,200,2605,128,4096,2048,4096,4096,1,1,173077,576923,2,2,1545587439,250198,29248,220950,23288,6003,286688,0,176262,44688,220950,883100,256,910,23256,36661,287
scan128_b100_rho0750,RTL-LS-002,0,3,0,4,128,1,2048,4096,65536,1000000,750000,100,2605,128,4096,2048,4096,4096,1,1,452970,297030,2,2,1545561839,250480,30482,219998,22687,7796,284545,0,177588,42410,219998,878305,256,995,25765,37877,426
scan128_b100_rho0750,RTL-LS-002,0,3,1,4,128,1,2048,4096,65536,1000000,750000,100,2605,128,4096,2048,4096,4096,1,1,452970,297030,2,2,1545561839,250575,30289,220286,22507,7815,284950,0,177787,42499,220286,879122,256,635,26424,37578,94
scan128_b100_rho0750,RTL-LS-002,0,3,2,4,128,1,2048,4096,65536,1000000,750000,100,2605,128,4096,2048,4096,4096,1,1,452970,297030,2,2,1545561839,250438,30498,219940,22531,7995,284579,0,177350,42590,219940,878221,256,818,27470,37528,101
scan128_b100_rho0750,RTL-LS-002,0,3,3,4,128,1,2048,4096,65536,1000000,750000,100,2605,128,4096,2048,4096,4096,1,1,452970,297030,2,2,1545561839,248973,31369,217604,22662,8748,283500,0,175215,42389,217604,874006,256,1003,27706,38195,513
scan128_b000_rho0750,RTL-LS-002,0,3,0,4,128,1,2048,4096,65536,1000000,750000,0,2605,128,4096,2048,4096,4096,1,1,750000,0,1,1,1545536239,250028,26105,223923,20329,5802,291269,0,182663,41260,223923,895591,256,971,27146,35978,679
scan128_b000_rho0750,RTL-LS-002,0,3,1,4,128,1,2048,4096,65536,1000000,750000,0,2605,128,4096,2048,4096,4096,1,1,750000,0,1,1,1545536239,250472,26468,224004,20619,5955,291119,0,182729,41275,224004,894327,256,469,27946,36224,84
scan128_b000_rho0750,RTL-LS-002,0,3,2,4,128,1,2048,4096,65536,1000000,750000,0,2605,128,4096,2048,4096,4096,1,1,750000,0,1,1,1545536239,250554,27296,223258,20612,6730,289723,0,182085,41173,223258,891057,256,593,29033,36328,93
scan128_b000_rho0750,RTL-LS-002,0,3,3,4,128,1,2048,4096,65536,1000000,750000,0,2605,128,4096,2048,4096,4096,1,1,750000,0,1,1,1545536239,249366,25568,223798,20290,5358,291906,0,182601,41197,223798,897467,256,976,28870,36688,740
scan128_b700_rho0600,RTL-LS-002,0,3,0,4,128,1,2048,4096,65536,1000000,600000,700,3256,128,4096,2048,4096,4096,1,1,1007,598993,17,17,1545715289,248529,34059,214470,27616,6885,351366,0,143743,70727,214470,862957,256,439,3317,30218,115
scan128_b700_rho0600,RTL-LS-002,0,3,1,4,128,1,2048,4096,65536,1000000,600000,700,3256,128,4096,2048,4096,4096,1,1,1007,598993,17,17,1545715289,249605,35004,214601,28620,7032,351532,0,143826,70775,214601,859762,256,342,3409,31128,115
scan128_b700_rho0600,RTL-LS-002,0,3,2,4,128,1,2048,4096,65536,1000000,600000,700,3256,128,4096,2048,4096,4096,1,1,1007,598993,17,17,1545715289,248276,34217,214059,27419,7224,351429,0,141960,72099,214059,862181,256,210,3317,29963,111
scan128_b700_rho0600,RTL-LS-002,0,3,3,4,128,1,2048,4096,65536,1000000,600000,700,3256,128,4096,2048,4096,4096,1,1,1007,598993,17,17,1545715289,247867,34430,213437,27942,6896,351380,0,143290,70147,213437,861094,256,50,3360,30372,111
scan128_b600_rho0600,RTL-LS-002,0,3,0,4,128,1,2048,4096,65536,1000000,600000,600,3256,128,4096,2048,4096,4096,1,1,4412,595588,9,9,1545689689,247209,34966,212243,29610,5587,349583,0,141253,70990,212243,858556,256,574,6598,33660,125
scan128_b600_rho0600,RTL-LS-002,0,3,1,4,128,1,2048,4096,65536,1000000,600000,600,3256,128,4096,2048,4096,4096,1,1,4412,595588,9,9,1545689689,251349,35487,215862,29782,6022,349546,0,144712,71150,215862,858813,256,401,6829,34000,123
scan128_b600_rho0600,RTL-LS-002,0,3,2,4,128,1,2048,4096,65536,1000000,600000,600,3256,128,4096,2048,4096,4096,1,1,4412,595588,9,9,1545689689,247919,35139,212780,29754,5715,349626,0,142169,70611,212780,858264,256,494,6949,33961,126
scan128_b600_rho0600,RTL-LS-002,0,3,3,4,128,1,2048,4096,65536,1000000,600000,600,3256,128,4096,2048,4096,4096,1,1,4412,595588,9,9,1545689689,248183,35209,212974,29889,5556,349769,0,141931,71043,212974,858132,256,383,7045,34343,142
scan128_b500_rho0600,RTL-LS-002,0,3,0,4,128,1,2048,4096,65536,1000000,600000,500,3256,128,4096,2048,4096,4096,1,1,0,600000,5,5,1545664089,250140,35390,214750,29665,6215,350394,0,146710,68040,214750,858519,256,209,10733,36430,128
scan128_b500_rho0600,RTL-LS-002,0,3,1,4,128,1,2048,4096,65536,1000000,600000,500,3256,128,4096,2048,4096,4096,1,1,0,600000,5,5,1545664089,250485,35310,215175,29590,6295,350220,0,147220,67955,215175,859033,256,119,11154,36203,120
scan128_b500_rho0600,RTL-LS-002,0,3,2,4,128,1,2048,4096,65536,1000000,600000,500,3256,128,4096,2048,4096,4096,1,1,0,600000,5,5,1545664089,250590,35875,214715,29345,7015,350042,0,146800,67915,214715,856837,256,224,11271,36114,126
scan128_b500_rho0600,RTL-LS-002,0,3,3,4,128,1,2048,4096,65536,1000000,600000,500,3256,128,4096,2048,4096,4096,1,1,0,600000,5,5,1545664089,248980,34800,214180,29045,6345,350493,0,145915,68265,214180,860229,256,27,11244,35624,116
scan128_b403_rho0600,RTL-LS-002,0,3,0,4,128,1,2048,4096,65536,1000000,600000,403,3256,128,4096,2048,4096,4096,1,1,45290,554710,4,4,1545639257,249220,32958,216262,27573,5518,353710,0,148604,67658,216262,867755,256,858,14783,36315,150
scan128_b403_rho0600,RTL-LS-002,0,3,1,4,128,1,2048,4096,65536,1000000,600000,403,3256,128,4096,2048,4096,4096,1,1,45290,554710,4,4,1545639257,248758,33247,215511,27923,5450,353923,0,148004,67507,215511,866348,256,192,15452,36724,112
scan128_b403_rho0600,RTL-LS-002,0,3,2,4,128,1,2048,4096,65536,1000000,600000,403,3256,128,4096,2048,4096,4096,1,1,45290,554710,4,4,1545639257,249728,33308,216420,27932,5501,353853,0,149291,67129,216420,866622,256,687,16030,36809,119
scan128_b403_rho0600,RTL-LS-002,0,3,3,4,128,1,2048,4096,65536,1000000,600000,403,3256,128,4096,2048,4096,4096,1,1,45290,554710,4,4,1545639257,249843,33362,216481,27815,5674,353739,0,148907,67574,216481,866468,256,835,16135,36800,130
scan128_b300_rho0600,RTL-LS-002,0,3,0,4,128,1,2048,4096,65536,1000000,600000,300,3256,128,4096,2048,4096,4096,1,1,104587,495413,3,3,1545612889,249512,32563,216949,26901,6151,355430,0,148624,68325,216949,869493,256,441,19853,38642,181
scan128_b300_rho0600,RTL-LS-002,0,3,1,4,128,1,2048,4096,65536,1000000,600000,300,3256,128,4096,2048,4096,4096,1,1,104587,495413,3,3,1545612889,249277,32443,216834,26810,5963,355908,0,148838,67996,216834,869851,256,751,20889,38717,110
scan128_b300_rho0600,RTL-LS-002,0,3,2,4,128,1,2048,4096,65536,1000000,600000,300,3256,128,4096,2048,4096,4096,1,1,104587,495413,3,3,1545612889,251059,32637,218422,26813,6192,355655,0,150162,68260,218422,870002,256,58,21380,38447,120
scan128_b300_rho0600,RTL-LS-002,0,3,3,4,128,1,2048,4096,65536,1000000,600000,300,3256,128,4096,2048,4096,4096,1,1,104587,495413,3,3,1545612889,249455,32518,216937,27010,5958,356106,0,148788,68149,216937,869643,256,928,21771,38830,130
scan128_b200_rho0600,RTL-LS-002,0,3,0,4,128,1,2048,4096,65536,1000000,600000,200,3256,128,4096,2048,4096,4096,1,1,138462,461538,2,2,1545587289,248264,33345,214919,27086,6406,354859,0,150049,64870,214919,865687,256,893,25511,42187,169
scan128_b200_rho0600,RTL-LS-002,0,3,1,4,128,1,2048,4096,65536,1000000,600000,200,3256,128,4096,2048,4096,4096,1,1,138462,461538,2,2,1545587289,249891,33482,216409,27325,6316,355042,0,151750,64659,216409,866013,256,226,27042,42443,110
scan128_b200_rho0600,RTL-LS-002,0,3,2,4,128,1,2048,4096,65536,1000000,600000,200,3256,128,4096,2048,4096,4096,1,1,138462,461538,2,2,1545587289,249657,33234,216423,26801,6615,354439,0,151416,65007,216423,866881,256,269,27664,41831,114
scan128_b200_rho0600,RTL-LS-002,0,3,3,4,128,1,2048,4096,65536,1000000,600000,200,3256,128,4096,2048,4096,4096,1,1,138462,461538,2,2,1545587289,250095,32958,217137,26804,6346,355047,0,152043,65094,217137,868218,256,935,27780,41911,157
scan128_b100_rho0600,RTL-LS-002,0,3,0,4,128,1,2048,4096,65536,1000000,600000,100,3256,128,4096,2048,4096,4096,1,1,362376,237624,2,2,1545561689,249932,34266,215666,27174,7153,353446,0,153850,61816,215666,862898,256,989,31934,45567,281
scan128_b100_rho0600,RTL-LS-002,0,3,1,4,128,1,2048,4096,65536,1000000,600000,100,3256,128,4096,2048,4096,4096,1,1,362376,237624,2,2,1545561689,249204,33551,215653,26884,6730,353897,0,153808,61845,215653,865367,256,268,32897,45085,108
scan128_b100_rho0600,RTL-LS-002,0,3,2,4,128,1,2048,4096,65536,1000000,600000,100,3256,128,4096,2048,4096,4096,1,1,362376,237624,2,2,1545561689,249971,33852,216119,26962,6984,354146,0,154038,62081,216119,864576,256,291,34068,45224,121
scan128_b100_rho0600,RTL-LS-002,0,3,3,4,128,1,2048,4096,65536,1000000,600000,100,3256,128,4096,2048,4096,4096,1,1,362376,237624,2,2,1545561689,250039,34143,215896,26935,7229,353461,0,153782,62114,215896,863449,256,904,34389,45418,286
scan128_b000_rho0600,RTL-LS-002,0,3,0,4,128,1,2048,4096,65536,1000000,600000,0,3256,128,4096,2048,4096,4096,1,1,600000,0,1,1,1545536089,249830,33612,216218,25410,8338,354846,0,156807,59411,216218,865460,256,1014,36272,46090,485
scan128_b000_rho0600,RTL-LS-002,0,3,1,4,128,1,2048,4096,65536,1000000,600000,0,3256,128,4096,2048,4096,4096,1,1,600000,0,1,1,1545536089,250107,33887,216220,25282,8734,354419,0,156718,59502,216220,864509,256,157,36535,45652,106
scan128_b000_rho0600,RTL-LS-002,0,3,2,4,128,1,2048,4096,65536,1000000,600000,0,3256,128,4096,2048,4096,4096,1,1,600000,0,1,1,1545536089,249864,34045,215819,25531,8691,354447,0,156345,59474,215819,863745,256,893,38075,45928,120
scan128_b000_rho0600,RTL-LS-002,0,3,3,4,128,1,2048,4096,65536,1000000,600000,0,3256,128,4096,2048,4096,4096,1,1,600000,0,1,1,1545536089,250518,33587,216931,25183,8487,354776,0,157249,59682,216931,865929,256,796,37923,45581,354
scan128_b700_rho0500,RTL-LS-002,0,3,0,4,128,1,2048,4096,65536,1000000,500000,700,3907,128,4096,2048,4096,4096,1,1,839,499161,17,17,1545715189,251695,36940,214755,32853,4804,422375,0,133234,81521,214755,853235,256,180,3909,35441,133
scan128_b700_rho0500,RTL-LS-002,0,3,1,4,128,1,2048,4096,65536,1000000,500000,700,3907,128,4096,2048,4096,4096,1,1,839,499161,17,17,1545715189,247864,36531,211333,31851,5140,421984,0,131398,79935,211333,852616,256,167,3757,34559,127
scan128_b700_rho0500,RTL-LS-002,0,3,2,4,128,1,2048,4096,65536,1000000,500000,700,3907,128,4096,2048,4096,4096,1,1,839,499161,17,17,1545715189,253843,36549,217294,31714,5243,421936,0,135789,81505,217294,856017,256,306,3802,34351,127
scan128_b700_rho0500,RTL-LS-002,0,3,3,4,128,1,2048,4096,65536,1000000,500000,700,3907,128,4096,2048,4096,4096,1,1,839,499161,17,17,1545715189,251621,36153,215468,31744,4819,421832,0,135058,80410,215468,856319,256,104,3788,34378,126
scan128_b600_rho0500,RTL-LS-002,0,3,0,4,128,1,2048,4096,65536,1000000,500000,600,3907,128,4096,2048,4096,4096,1,1,3676,496324,9,9,1545689589,253612,36801,216811,32067,5152,423462,0,130605,86206,216811,854892,256,459,7188,36577,130
scan128_b600_rho0500,RTL-LS-002,0,3,1,4,128,1,2048,4096,65536,1000000,500000,600,3907,128,4096,2048,4096,4096,1,1,3676,496324,9,9,1545689589,248321,35762,212559,31353,4986,423253,0,126448,86111,212559,855984,256,270,7201,35788,126
scan128_b600_rho0500,RTL-LS-002,0,3,2,4,128,1,2048,4096,65536,1000000,500000,600,3907,128,4096,2048,4096,4096,1,1,3676,496324,9,9,1545689589,248545,35936,212609,31373,4866,423039,0,127353,85256,212609,855414,256,418,7259,35802,132
scan128_b600_rho0500,RTL-LS-002,0,3,3,4,128,1,2048,4096,65536,1000000,500000,600,3907,128,4096,2048,4096,4096,1,1,3676,496324,9,9,1545689589,247911,37484,210427,32726,5144,423498,0,125831,84596,210427,848800,256,329,7670,37513,146
scan128_b500_rho0500,RTL-LS-002,0,3,0,4,128,1,2048,4096,65536,1000000,500000,500,3907,128,4096,2048,4096,4096,1,1,0,500000,5,5,1545663989,251090,36755,214335,33240,3880,423042,0,129615,84720,214335,853618,256,332,12176,40395,136
scan128_b500_rho0500,RTL-LS-002,0,3,1,4,128,1,2048,4096,65536,1000000,500000,500,3907,128,4096,2048,4096,4096,1,1,0,500000,5,5,1545663989,252070,36525,215545,32910,3915,422999,0,130050,85495,215545,855099,256,257,12376,39939,131
scan128_b500_rho0500,RTL-LS-002,0,3,2,4,128,1,2048,4096,65536,1000000,500000,500,3907,128,4096,2048,4096,4096,1,1,0,500000,5,5,1545663989,251480,37135,214345,33570,3825,423127,0,128715,85630,214345,852334,256,294,12808,40738,144
scan128_b500_rho0500,RTL-LS-002,0,3,3,4,128,1,2048,4096,65536,1000000,500000,500,3907,128,4096,2048,4096,4096,1,1,0,500000,5,5,1545663989,249910,36830,213080,32985,4135,422730,0,128515,84565,213080,852626,256,82,12660,39998,131
scan128_b403_rho0500,RTL-LS-002,0,3,0,4,128,1,2048,4096,65536,1000000,500000,403,3907,128,4096,2048,4096,4096,1,1,37742,462258,4,4,1545639157,250200,37407,212793,32437,5301,421535,0,126554,86239,212793,850491,256,511,17551,42712,141
scan128_b403_rho0500,RTL-LS-002,0,3,1,4,128,1,2048,4096,65536,1000000,500000,403,3907,128,4096,2048,4096,4096,1,1,37742,462258,4,4,1545639157,250280,37523,212757,32777,5175,421516,0,126432,86325,212757,850075,256,73,18173,42925,130
scan128_b403_rho0500,RTL-LS-002,0,3,2,4,128,1,2048,4096,65536,1000000,500000,403,3907,128,4096,2048,4096,4096,1,1,37742,462258,4,4,1545639157,249802,37194,212608,32298,5178,421553,0,126250,86358,212608,851106,256,920,18430,42463,143
scan128_b403_rho0500,RTL-LS-002,0,3,3,4,128,1,2048,4096,65536,1000000,500000,403,3907,128,4096,2048,4096,4096,1,1,37742,462258,4,4,1545639157,250681,37522,213159,32484,5378,421546,0,126745,86414,213159,850319,256,593,18825,42779,138
scan128_b300_rho0500,RTL-LS-002,0,3,0,4,128,1,2048,4096,65536,1000000,500000,300,3907,128,4096,2048,4096,4096,1,1,87156,412844,3,3,1545612789,250703,35477,215226,31128,4771,426313,0,128460,86766,215226,858489,256,889,23223,44549,165
scan128_b300_rho0500,RTL-LS-002,0,3,1,4,128,1,2048,4096,65536,1000000,500000,300,3907,128,4096,2048,4096,4096,1,1,87156,412844,3,3,1545612789,250374,35199,215175,30964,4663,426507,0,127783,87392,215175,859414,256,259,23918,44102,123
scan128_b300_rho0500,RTL-LS-002,0,3,2,4,128,1,2048,4096,65536,1000000,500000,300,3907,128,4096,2048,4096,4096,1,1,87156,412844,3,3,1545612789,251106,34960,216146,30742,4551,426521,0,128464,87682,216146,860775,256,629,24850,44024,128
scan128_b300_rho0500,RTL-LS-002,0,3,3,4,128,1,2048,4096,65536,1000000,500000,300,3907,128,4096,2048,4096,4096,1,1,87156,412844,3,3,1545612789,249988,35079,214909,30801,4703,426470,0,127697,87212,214909,859677,256,706,24959,44066,127
scan128_b200_rho0500,RTL-LS-002,0,3,0,4,128,1,2048,4096,65536,1000000,500000,200,3907,128,4096,2048,4096,4096,1,1,115385,384615,2,2,1545587189,248898,34069,214829,30071,4163,427867,0,126787,88042,214829,863120,256,419,29287,47158,167
scan128_b200_rho0500,RTL-LS-002,0,3,1,4,128,1,2048,4096,65536,1000000,500000,200,3907,128,4096,2048,4096,4096,1,1,115385,384615,2,2,1545587189,249847,34294,215553,30393,4206,427735,0,127409,88144,215553,862739,256,501,30667,47241,123
scan128_b200_rho0500,RTL-LS-002,0,3,2,4,128,1,2048,4096,65536,1000000,500000,200,3907,128,4096,2048,4096,4096,1,1,115385,384615,2,2,1545587189,250104,34745,215359,30614,4373,427352,0,128082,87277,215359,861077,256,199,32340,47843,130
scan128_b200_rho0500,RTL-LS-002,0,3,3,4,128,1,2048,4096,65536,1000000,500000,200,3907,128,4096,2048,4096,4096,1,1,115385,384615,2,2,1545587189,249126,34409,214717,30252,4368,427492,0,126949,87768,214717,861881,256,406,31949,47287,130
scan128_b100_rho0500,RTL-LS-002,0,3,0,4,128,1,2048,4096,65536,1000000,500000,100,3907,128,4096,2048,4096,4096,1,1,301980,198020,2,2,1545561589,250667,34000,216667,29733,4591,428860,0,130184,86483,216667,864361,256,843,36502,50598,246
scan128_b100_rho0500,RTL-LS-002,0,3,1,4,128,1,2048,4096,65536,1000000,500000,100,3907,128,4096,2048,4096,4096,1,1,301980,198020,2,2,1545561589,250245,33412,216833,29447,4278,429303,0,130442,86391,216833,866482,256,760,37128,49869,119
scan128_b100_rho0500,RTL-LS-002,0,3,2,4,128,1,2048,4096,65536,1000000,500000,100,3907,128,4096,2048,4096,4096,1,1,301980,198020,2,2,1545561589,250301,33757,216544,29876,4175,429332,0,129929,86615,216544,865134,256,778,38600,50279,131
scan128_b100_rho0500,RTL-LS-002,0,3,3,4,128,1,2048,4096,65536,1000000,500000,100,3907,128,4096,2048,4096,4096,1,1,301980,198020,2,2,1545561589,251253,34128,217125,30084,4313,429256,0,130807,86318,217125,864168,256,837,39338,50920,215
scan128_b000_rho0500,RTL-LS-002,0,3,0,4,128,1,2048,4096,65536,1000000,500000,0,3907,128,4096,2048,4096,4096,1,1,500000,0,1,1,1545535989,250114,35532,214582,30867,5021,426048,0,128451,86131,214582,857936,256,982,45474,56416,460
scan128_b000_rho0500,RTL-LS-002,0,3,1,4,128,1,2048,4096,65536,1000000,500000,0,3907,128,4096,2048,4096,4096,1,1,500000,0,1,1,1545535989,249975,35560,214415,30677,5172,425542,0,128026,86389,214415,857745,256,98,45671,55674,127
scan128_b000_rho0500,RTL-LS-002,0,3,2,4,128,1,2048,4096,65536,1000000,500000,0,3907,128,4096,2048,4096,4096,1,1,500000,0,1,1,1545535989,250659,35903,214756,30965,5266,425590,0,128387,86369,214756,856765,256,939,47886,56206,150
scan128_b000_rho0500,RTL-LS-002,0,3,3,4,128,1,2048,4096,65536,1000000,500000,0,3907,128,4096,2048,4096,4096,1,1,500000,0,1,1,1545535989,250220,35479,214741,30692,5046,425730,0,128159,86582,214741,858208,256,1000,48133,55934,247
scan128_b700_rho0400,RTL-LS-002,0,3,0,4,128,1,2048,4096,65536,1000000,400000,700,4883,128,4096,2048,4096,4096,1,1,671,399329,17,17,1545715089,253234,32609,220625,27979,5074,541418,0,129255,91370,220625,871229,256,179,3375,30281,113
scan128_b700_rho0400,RTL-LS-002,0,3,1,4,128,1,2048,4096,65536,1000000,400000,700,4883,128,4096,2048,4096,4096,1,1,671,399329,17,17,1545715089,245930,30535,215395,25975,5037,541057,0,123905,91490,215395,875838,256,139,3094,28091,103
scan128_b700_rho0400,RTL-LS-002,0,3,2,4,128,1,2048,4096,65536,1000000,400000,700,4883,128,4096,2048,4096,4096,1,1,671,399329,17,17,1545715089,251674,32896,218778,28540,4784,541566,0,126652,92126,218778,869291,256,155,3373,30801,115
scan128_b700_rho0400,RTL-LS-002,0,3,3,4,128,1,2048,4096,65536,1000000,400000,700,4883,128,4096,2048,4096,4096,1,1,671,399329,17,17,1545715089,250526,31618,218908,27798,4296,541841,0,129329,89579,218908,873793,256,54,3303,30077,110
scan128_b600_rho0400,RTL-LS-002,0,3,0,4,128,1,2048,4096,65536,1000000,400000,600,4883,128,4096,2048,4096,4096,1,1,2941,397059,9,9,1545689489,250356,32640,217716,28961,4016,541101,0,124428,93288,217716,869625,256,85,6538,32946,116
scan128_b600_rho0400,RTL-LS-002,0,3,1,4,128,1,2048,4096,65536,1000000,400000,600,4883,128,4096,2048,4096,4096,1,1,2941,397059,9,9,1545689489,251859,32861,218998,29007,4083,541232,0,124761,94237,218998,869526,256,187,6587,32950,116
scan128_b600_rho0400,RTL-LS-002,0,3,2,4,128,1,2048,4096,65536,1000000,400000,600,4883,128,4096,2048,4096,4096,1,1,2941,397059,9,9,1545689489,251644,32230,219414,28444,4161,541288,0,125011,94403,219414,871922,256,245,6655,32415,116
scan128_b600_rho0400,RTL-LS-002,0,3,3,4,128,1,2048,4096,65536,1000000,400000,600,4883,128,4096,2048,4096,4096,1,1,2941,397059,9,9,1545689489,250503,32433,218070,28435,4217,540975,0,124530,93540,218070,870528,256,97,6652,32429,114
scan128_b500_rho0400,RTL-LS-002,0,3,0,4,128,1,2048,4096,65536,1000000,400000,500,4883,128,4096,2048,4096,4096,1,1,0,400000,5,5,1545663889,248900,32510,216390,28190,4640,538368,0,123580,92810,216390,869385,256,290,10520,34270,115
scan128_b500_rho0400,RTL-LS-002,0,3,1,4,128,1,2048,4096,65536,1000000,400000,500,4883,128,4096,2048,4096,4096,1,1,0,400000,5,5,1545663889,249585,32670,216915,28605,4340,538617,0,124255,92660,216915,869102,256,425,10844,34587,114
scan128_b500_rho0400,RTL-LS-002,0,3,2,4,128,1,2048,4096,65536,1000000,400000,500,4883,128,4096,2048,4096,4096,1,1,0,400000,5,5,1545663889,249820,33375,216445,28775,4930,538411,0,122990,93455,216445,866403,256,384,11179,34939,119
scan128_b500_rho0400,RTL-LS-002,0,3,3,4,128,1,2048,4096,65536,1000000,400000,500,4883,128,4096,2048,4096,4096,1,1,0,400000,5,5,1545663889,247030,33265,213765,28870,4735,538033,0,121705,92060,213765,865340,256,478,11214,34901,116
scan128_b403_rho0400,RTL-LS-002,0,3,0,4,128,1,2048,4096,65536,1000000,400000,403,4883,128,4096,2048,4096,4096,1,1,30193,369807,4,4,1545639057,250542,33585,216957,30228,3705,536794,0,126716,90241,216957,865950,256,381,16647,39639,125
scan128_b403_rho0400,RTL-LS-002,0,3,1,4,128,1,2048,4096,65536,1000000,400000,403,4883,128,4096,2048,4096,4096,1,1,30193,369807,4,4,1545639057,250571,34109,216462,30720,3736,536836,0,125973,90489,216462,863874,256,72,17488,40211,121
scan128_b403_rho0400,RTL-LS-002,0,3,2,4,128,1,2048,4096,65536,1000000,400000,403,4883,128,4096,2048,4096,4096,1,1,30193,369807,4,4,1545639057,249634,34367,215267,30855,3966,536959,0,124861,90406,215267,862330,256,519,17830,40345,129
scan128_b403_rho0400,RTL-LS-002,0,3,3,4,128,1,2048,4096,65536,1000000,400000,403,4883,128,4096,2048,4096,4096,1,1,30193,369807,4,4,1545639057,249756,33787,215969,30390,3751,537016,0,125689,90280,215969,864719,256,877,17815,39846,124
scan128_b300_rho0400,RTL-LS-002,0,3,0,4,128,1,2048,4096,65536,1000000,400000,300,4883,128,4096,2048,4096,4096,1,1,69725,330275,3,3,1545612689,251381,35991,215390,31737,4584,532586,0,123826,91564,215390,856826,256,454,24462,45540,153
scan128_b300_rho0400,RTL-LS-002,0,3,1,4,128,1,2048,4096,65536,1000000,400000,300,4883,128,4096,2048,4096,4096,1,1,69725,330275,3,3,1545612689,249467,35857,213610,31198,4953,532622,0,122280,91330,213610,856265,256,670,24845,44577,125
scan128_b300_rho0400,RTL-LS-002,0,3,2,4,128,1,2048,4096,65536,1000000,400000,300,4883,128,4096,2048,4096,4096,1,1,69725,330275,3,3,1545612689,249586,36170,213416,31484,4920,532420,0,122569,90847,213416,855080,256,754,25640,44964,131
scan128_b300_rho0400,RTL-LS-002,0,3,3,4,128,1,2048,4096,65536,1000000,400000,300,4883,128,4096,2048,4096,4096,1,1,69725,330275,3,3,1545612689,249641,35977,213664,31724,4520,532685,0,122546,91118,213664,855885,256,413,26067,45308,129
scan128_b200_rho0400,RTL-LS-002,0,3,0,4,128,1,2048,4096,65536,1000000,400000,200,4883,128,4096,2048,4096,4096,1,1,92308,307692,2,2,1545587089,249627,36591,213036,32611,4222,530512,0,120430,92606,213036,853417,256,578,32455,51047,172
scan128_b200_rho0400,RTL-LS-002,0,3,1,4,128,1,2048,4096,65536,1000000,400000,200,4883,128,4096,2048,4096,4096,1,1,92308,307692,2,2,1545587089,248959,36233,212726,31955,4487,530040,0,120005,92721,212726,854461,256,460,33376,49976,127
scan128_b200_rho0400,RTL-LS-002,0,3,2,4,128,1,2048,4096,65536,1000000,400000,200,4883,128,4096,2048,4096,4096,1,1,92308,307692,2,2,1545587089,250542,36461,214081,32083,4601,530077,0,120939,93142,214081,854471,256,549,34712,50199,138
scan128_b200_rho0400,RTL-LS-002,0,3,3,4,128,1,2048,4096,65536,1000000,400000,200,4883,128,4096,2048,4096,4096,1,1,92308,307692,2,2,1545587089,250395,36959,213436,32624,4602,530273,0,121170,92266,213436,852397,256,546,35348,50941,132
scan128_b100_rho0400,RTL-LS-002,0,3,0,4,128,1,2048,4096,65536,1000000,400000,100,4883,128,4096,2048,4096,4096,1,1,241584,158416,2,2,1545561489,250055,31822,218233,28908,3197,542729,0,124260,93973,218233,872739,256,865,36819,49668,195
scan128_b100_rho0400,RTL-LS-002,0,3,1,4,128,1,2048,4096,65536,1000000,400000,100,4883,128,4096,2048,4096,4096,1,1,241584,158416,2,2,1545561489,250890,31144,219746,28224,3138,542716,0,125715,94031,219746,875865,256,216,37117,48382,113
scan128_b100_rho0400,RTL-LS-002,0,3,2,4,128,1,2048,4096,65536,1000000,400000,100,4883,128,4096,2048,4096,4096,1,1,241584,158416,2,2,1545561489,250119,31281,218838,28443,3088,542895,0,125712,93126,218838,874935,256,377,38557,48689,135
scan128_b100_rho0400,RTL-LS-002,0,3,3,4,128,1,2048,4096,65536,1000000,400000,100,4883,128,4096,2048,4096,4096,1,1,241584,158416,2,2,1545561489,250052,31222,218830,28170,3325,542824,0,125280,93550,218830,875137,256,560,38625,48268,118
scan128_b000_rho0400,RTL-LS-002,0,3,0,4,128,1,2048,4096,65536,1000000,400000,0,4883,128,4096,2048,4096,4096,1,1,400000,0,1,1,1545535889,249360,33424,215936,29628,4017,536968,0,124887,91049,215936,865960,256,962,45918,55114,308
scan128_b000_rho0400,RTL-LS-002,0,3,1,4,128,1,2048,4096,65536,1000000,400000,0,4883,128,4096,2048,4096,4096,1,1,400000,0,1,1,1545535889,249622,33594,216028,29784,4013,537059,0,124943,91085,216028,865420,256,38,46188,54881,118
scan128_b000_rho0400,RTL-LS-002,0,3,2,4,128,1,2048,4096,65536,1000000,400000,0,4883,128,4096,2048,4096,4096,1,1,400000,0,1,1,1545535889,249459,33705,215754,30041,3947,537287,0,124482,91272,215754,864887,256,912,48511,55388,150
scan128_b000_rho0400,RTL-LS-002,0,3,3,4,128,1,2048,4096,65536,1000000,400000,0,4883,128,4096,2048,4096,4096,1,1,400000,0,1,1,1545535889,250535,33571,216964,29681,4125,537023,0,125786,91178,216964,866002,256,918,48663,54829,129
scan128_b700_rho0300,RTL-LS-002,0,3,0,4,128,1,2048,4096,65536,1000000,300000,700,6511,128,4096,2048,4096,4096,1,1,503,299497,17,17,1545714989,247105,32138,214967,28461,3952,721625,0,123603,91364,214967,869941,256,109,3370,30562,112
scan128_b700_rho0300,RTL-LS-002,0,3,1,4,128,1,2048,4096,65536,1000000,300000,700,6511,128,4096,2048,4096,4096,1,1,503,299497,17,17,1545714989,246308,32356,213952,28610,3900,721584,0,122304,91648,213952,868636,256,251,3375,30674,113
scan128_b700_rho0300,RTL-LS-002,0,3,2,4,128,1,2048,4096,65536,1000000,300000,700,6511,128,4096,2048,4096,4096,1,1,503,299497,17,17,1545714989,248677,31064,217613,27095,4241,721687,0,124113,93500,217613,875082,256,112,3230,29208,110
scan128_b700_rho0300,RTL-LS-002,0,3,3,4,128,1,2048,4096,65536,1000000,300000,700,6511,128,4096,2048,4096,4096,1,1,503,299497,17,17,1545714989,247572,32117,215455,28058,4144,721660,0,123395,92060,215455,870272,256,151,3330,30244,111
scan128_b600_rho0300,RTL-LS-002,0,3,0,4,128,1,2048,4096,65536,1000000,300000,600,6511,128,4096,2048,4096,4096,1,1,2206,297794,9,9,1545689389,249447,30110,219337,26736,3702,730409,0,125678,93659,219337,879292,256,101,6095,30346,106
scan128_b600_rho0300,RTL-LS-002,0,3,1,4,128,1,2048,4096,65536,1000000,300000,600,6511,128,4096,2048,4096,4096,1,1,2206,297794,9,9,1545689389,248665,29738,218927,26700,3246,730358,0,125739,93188,218927,880409,256,98,6128,30167,105
scan128_b600_rho0300,RTL-LS-002,0,3,2,4,128,1,2048,4096,65536,1000000,300000,600,6511,128,4096,2048,4096,4096,1,1,2206,297794,9,9,1545689389,249223,29169,220054,25809,3577,730621,0,125588,94466,220054,882960,256,416,5992,29338,104
scan128_b600_rho0300,RTL-LS-002,0,3,3,4,128,1,2048,4096,65536,1000000,300000,600,6511,128,4096,2048,4096,4096,1,1,2206,297794,9,9,1545689389,251958,29453,222505,26137,3498,730526,0,126635,95870,222505,883103,256,334,6100,29667,104
scan128_b500_rho0300,RTL-LS-002,0,3,0,4,128,1,2048,4096,65536,1000000,300000,500,6511,128,4096,2048,4096,4096,1,1,0,300000,5,5,1545663789,247125,29730,217395,26735,3215,726899,0,124425,92970,217395,879696,256,26,10134,32443,105
scan128_b500_rho0300,RTL-LS-002,0,3,1,4,128,1,2048,4096,65536,1000000,300000,500,6511,128,4096,2048,4096,4096,1,1,0,300000,5,5,1545663789,249745,30255,219490,27530,2930,726808,0,125020,94470,219490,878856,256,59,10622,33267,108
scan128_b500_rho0300,RTL-LS-002,0,3,2,4,128,1,2048,4096,65536,1000000,300000,500,6511,128,4096,2048,4096,4096,1,1,0,300000,5,5,1545663789,251310,30510,220800,27735,3000,726818,0,125910,94890,220800,878596,256,325,10823,33503,110
scan128_b500_rho0300,RTL-LS-002,0,3,3,4,128,1,2048,4096,65536,1000000,300000,500,6511,128,4096,2048,4096,4096,1,1,0,300000,5,5,1545663789,250815,30795,220020,27640,3380,726880,0,125065,94955,220020,877220,256,682,10852,33452,111
scan128_b403_rho0300,RTL-LS-002,0,3,0,4,128,1,2048,4096,65536,1000000,300000,403,6511,128,4096,2048,4096,4096,1,1,22645,277355,4,4,1545638957,249982,32671,217311,29308,3618,720278,0,124829,92482,217311,869306,256,660,16621,38560,121
scan128_b403_rho0300,RTL-LS-002,0,3,1,4,128,1,2048,4096,65536,1000000,300000,403,6511,128,4096,2048,4096,4096,1,1,22645,277355,4,4,1545638957,250283,32648,217635,29300,3603,720091,0,125514,92121,217635,869555,256,561,16752,38284,117
scan128_b403_rho0300,RTL-LS-002,0,3,2,4,128,1,2048,4096,65536,1000000,300000,403,6511,128,4096,2048,4096,4096,1,1,22645,277355,4,4,1545638957,250741,32685,218056,29070,3860,720025,0,125242,92814,218056,869646,256,209,17077,38064,117
scan128_b403_rho0300,RTL-LS-002,0,3,3,4,128,1,2048,4096,65536,1000000,300000,403,6511,128,4096,2048,4096,4096,1,1,22645,277355,4,4,1545638957,249182,32626,216556,29265,3545,720244,0,124384,92172,216556,869067,256,3,17399,38457,115
scan128_b300_rho0300,RTL-LS-002,0,3,0,4,128,1,2048,4096,65536,1000000,300000,300,6511,128,4096,2048,4096,4096,1,1,52294,247706,3,3,1545612589,250600,32023,218577,28553,3629,721689,0,123818,94759,218577,872214,256,275,22877,41151,115
scan128_b300_rho0300,RTL-LS-002,0,3,1,4,128,1,2048,4096,65536,1000000,300000,300,6511,128,4096,2048,4096,4096,1,1,52294,247706,3,3,1545612589,251050,31854,219196,28520,3466,721874,0,125181,94015,219196,873116,256,366,23362,40954,113
scan128_b300_rho0300,RTL-LS-002,0,3,2,4,128,1,2048,4096,65536,1000000,300000,300,6511,128,4096,2048,4096,4096,1,1,52294,247706,3,3,1545612589,250495,31805,218690,28476,3594,722150,0,124398,94292,218690,873031,256,509,23977,40967,118
scan128_b300_rho0300,RTL-LS-002,0,3,3,4,128,1,2048,4096,65536,1000000,300000,300,6511,128,4096,2048,4096,4096,1,1,52294,247706,3,3,1545612589,250315,32006,218309,28734,3529,721941,0,124134,94175,218309,872137,256,191,24257,41181,113
scan128_b200_rho0300,RTL-LS-002,0,3,0,4,128,1,2048,4096,65536,1000000,300000,200,6511,128,4096,2048,4096,4096,1,1,69231,230769,2,2,1545586989,250298,32329,217969,28614,3941,721932,0,123291,94678,217969,870837,256,928,29963,45384,133
scan128_b200_rho0300,RTL-LS-002,0,3,1,4,128,1,2048,4096,65536,1000000,300000,200,6511,128,4096,2048,4096,4096,1,1,69231,230769,2,2,1545586989,250111,31805,218306,28226,3907,721921,0,123768,94538,218306,872836,256,340,30665,44588,112
scan128_b200_rho0300,RTL-LS-002,0,3,2,4,128,1,2048,4096,65536,1000000,300000,200,6511,128,4096,2048,4096,4096,1,1,69231,230769,2,2,1545586989,251513,32030,219483,28540,3700,722149,0,124687,94796,219483,872650,256,821,31767,45073,134
scan128_b200_rho0300,RTL-LS-002,0,3,3,4,128,1,2048,4096,65536,1000000,300000,200,6511,128,4096,2048,4096,4096,1,1,69231,230769,2,2,1545586989,249806,31955,217851,28427,3734,722270,0,122967,94884,217851,872080,256,43,32135,44991,112
scan128_b100_rho0300,RTL-LS-002,0,3,0,4,128,1,2048,4096,65536,1000000,300000,100,6511,128,4096,2048,4096,4096,1,1,181188,118812,2,2,1545561389,250483,30645,219838,26808,4114,726630,0,124822,95016,219838,877656,256,915,35977,46778,164
scan128_b100_rho0300,RTL-LS-002,0,3,1,4,128,1,2048,4096,65536,1000000,300000,100,6511,128,4096,2048,4096,4096,1,1,181188,118812,2,2,1545561389,250552,30743,219809,27118,3911,726766,0,125114,94695,219809,877298,256,126,36956,46925,107
scan128_b100_rho0300,RTL-LS-002,0,3,2,4,128,1,2048,4096,65536,1000000,300000,100,6511,128,4096,2048,4096,4096,1,1,181188,118812,2,2,1545561389,250415,30548,219867,26881,3939,726866,0,125235,94632,219867,878010,256,492,37977,46629,111
scan128_b100_rho0300,RTL-LS-002,0,3,3,4,128,1,2048,4096,65536,1000000,300000,100,6511,128,4096,2048,4096,4096,1,1,181188,118812,2,2,1545561389,250653,30555,220098,26963,3869,726864,0,125079,95019,220098,878098,256,118,38410,46685,106
scan128_b000_rho0300,RTL-LS-002,0,3,0,4,128,1,2048,4096,65536,1000000,300000,0,6511,128,4096,2048,4096,4096,1,1,300000,0,1,1,1545535789,250260,30869,219391,27824,3251,725971,0,125212,94179,219391,876652,256,885,45347,52711,206
scan128_b000_rho0300,RTL-LS-002,0,3,1,4,128,1,2048,4096,65536,1000000,300000,0,6511,128,4096,2048,4096,4096,1,1,300000,0,1,1,1545535789,250061,30565,219496,27464,3312,725907,0,125134,94362,219496,877769,256,141,45226,51821,111
scan128_b000_rho0300,RTL-LS-002,0,3,2,4,128,1,2048,4096,65536,1000000,300000,0,6511,128,4096,2048,4096,4096,1,1,300000,0,1,1,1545535789,249946,30603,219343,27593,3175,726131,0,125432,93911,219343,877561,256,965,46900,51962,131
scan128_b000_rho0300,RTL-LS-002,0,3,3,4,128,1,2048,4096,65536,1000000,300000,0,6511,128,4096,2048,4096,4096,1,1,300000,0,1,1,1545535789,249593,30661,218932,27585,3233,725998,0,124927,94005,218932,877156,256,880,47540,51944,112
scan128_b700_rho0200,RTL-LS-002,0,3,0,4,128,1,2048,4096,65536,1000000,200000,700,9766,128,4096,2048,4096,4096,1,1,336,199664,17,17,1545714889,250152,28100,222052,25054,3285,1100032,0,124255,97797,222052,887668,256,206,3012,26967,99
scan128_b700_rho0200,RTL-LS-002,0,3,1,4,128,1,2048,4096,65536,1000000,200000,700,9766,128,4096,2048,4096,4096,1,1,336,199664,17,17,1545714889,246733,27539,219194,24897,2829,1100285,0,122655,96539,219194,888385,256,121,2968,26749,98
scan128_b700_rho0200,RTL-LS-002,0,3,2,4,128,1,2048,4096,65536,1000000,200000,700,9766,128,4096,2048,4096,4096,1,1,336,199664,17,17,1545714889,251484,29379,222105,26705,2878,1100237,0,124713,97392,222105,883177,256,91,3187,28685,105
scan128_b700_rho0200,RTL-LS-002,0,3,3,4,128,1,2048,4096,65536,1000000,200000,700,9766,128,4096,2048,4096,4096,1,1,336,199664,17,17,1545714889,249632,29176,220456,26332,3085,1100115,0,126313,94143,220456,883123,256,209,3111,28277,104
scan128_b600_rho0200,RTL-LS-002,0,3,0,4,128,1,2048,4096,65536,1000000,200000,600,9766,128,4096,2048,4096,4096,1,1,1471,198529,9,9,1545689289,251953,27208,224745,24312,3032,1103318,0,125576,99169,224745,892011,256,503,5575,27466,98
scan128_b600_rho0200,RTL-LS-002,0,3,1,4,128,1,2048,4096,65536,1000000,200000,600,9766,128,4096,2048,4096,4096,1,1,1471,198529,9,9,1545689289,250754,28115,222639,25648,2597,1103316,0,124287,98352,222639,887878,256,169,5976,28971,101
scan128_b600_rho0200,RTL-LS-002,0,3,2,4,128,1,2048,4096,65536,1000000,200000,600,9766,128,4096,2048,4096,4096,1,1,1471,198529,9,9,1545689289,249932,28096,221836,25536,2876,1103589,0,124592,97244,221836,887585,256,129,5913,28734,100
scan128_b600_rho0200,RTL-LS-002,0,3,3,4,128,1,2048,4096,65536,1000000,200000,600,9766,128,4096,2048,4096,4096,1,1,1471,198529,9,9,1545689289,246727,27272,219455,24671,2792,1103234,0,124360,95095,219455,889464,256,650,5764,27889,99
scan128_b500_rho0200,RTL-LS-002,0,3,0,4,128,1,2048,4096,65536,1000000,200000,500,9766,128,4096,2048,4096,4096,1,1,0,200000,5,5,1545663689,249980,28100,221880,24960,3345,1101045,0,124815,97065,221880,887591,256,154,9622,30194,98
scan128_b500_rho0200,RTL-LS-002,0,3,1,4,128,1,2048,4096,65536,1000000,200000,500,9766,128,4096,2048,4096,4096,1,1,0,200000,5,5,1545663689,248850,28065,220785,24780,3395,1101352,0,125590,95195,220785,887221,256,18,9719,30004,97
scan128_b500_rho0200,RTL-LS-002,0,3,2,4,128,1,2048,4096,65536,1000000,200000,500,9766,128,4096,2048,4096,4096,1,1,0,200000,5,5,1545663689,248110,27825,220285,24800,3170,1101411,0,123975,96310,220285,887852,256,279,9746,29977,98
scan128_b500_rho0200,RTL-LS-002,0,3,3,4,128,1,2048,4096,65536,1000000,200000,500,9766,128,4096,2048,4096,4096,1,1,0,200000,5,5,1545663689,251440,28335,223105,25310,3140,1101229,0,125605,97500,223105,887309,256,577,10004,30565,101
scan128_b403_rho0200,RTL-LS-002,0,3,0,4,128,1,2048,4096,65536,1000000,200000,403,9766,128,4096,2048,4096,4096,1,1,15097,184903,4,4,1545638857,250332,29178,221154,26147,3170,1094652,0,125950,95204,221154,883442,256,604,15138,34324,106
scan128_b403_rho0200,RTL-LS-002,0,3,1,4,128,1,2048,4096,65536,1000000,200000,403,9766,128,4096,2048,4096,4096,1,1,15097,184903,4,4,1545638857,250319,30143,220176,26952,3340,1094836,0,124170,96006,220176,879581,256,226,15897,35272,106
scan128_b403_rho0200,RTL-LS-002,0,3,2,4,128,1,2048,4096,65536,1000000,200000,403,9766,128,4096,2048,4096,4096,1,1,15097,184903,4,4,1545638857,250798,29695,221103,26551,3232,1095008,0,126750,94353,221103,881597,256,450,15814,34800,111
scan128_b403_rho0200,RTL-LS-002,0,3,3,4,128,1,2048,4096,65536,1000000,200000,403,9766,128,4096,2048,4096,4096,1,1,15097,184903,4,4,1545638857,251684,29733,221951,26746,3170,1094913,0,126118,95833,221951,881863,256,407,15854,34948,106
scan128_b300_rho0200,RTL-LS-002,0,3,0,4,128,1,2048,4096,65536,1000000,200000,300,9766,128,4096,2048,4096,4096,1,1,34862,165138,3,3,1545612489,249307,30344,218963,27085,3387,1089886,0,123934,95029,218963,878286,256,483,22426,39103,113
scan128_b300_rho0200,RTL-LS-002,0,3,1,4,128,1,2048,4096,65536,1000000,200000,300,9766,128,4096,2048,4096,4096,1,1,34862,165138,3,3,1545612489,251312,30166,221146,26767,3508,1090236,0,124962,96184,221146,879965,256,643,22815,38716,107
scan128_b300_rho0200,RTL-LS-002,0,3,2,4,128,1,2048,4096,65536,1000000,200000,300,9766,128,4096,2048,4096,4096,1,1,34862,165138,3,3,1545612489,250080,30434,219646,27118,3410,1090153,0,124334,95312,219646,878302,256,197,23351,39098,112
scan128_b300_rho0200,RTL-LS-002,0,3,3,4,128,1,2048,4096,65536,1000000,200000,300,9766,128,4096,2048,4096,4096,1,1,34862,165138,3,3,1545612489,251461,31138,220323,27739,3474,1090120,0,124879,95444,220323,876171,256,673,23876,39981,111
scan128_b200_rho0200,RTL-LS-002,0,3,0,4,128,1,2048,4096,65536,1000000,200000,200,9766,128,4096,2048,4096,4096,1,1,46154,153846,2,2,1545586889,249884,31757,218127,28401,3454,1085459,0,121843,96284,218127,872913,256,860,31333,45449,140
scan128_b200_rho0200,RTL-LS-002,0,3,1,4,128,1,2048,4096,65536,1000000,200000,200,9766,128,4096,2048,4096,4096,1,1,46154,153846,2,2,1545586889,248640,31382,217258,28153,3347,1085453,0,121179,96079,217258,873785,256,292,31734,44782,111
scan128_b200_rho0200,RTL-LS-002,0,3,2,4,128,1,2048,4096,65536,1000000,200000,200,9766,128,4096,2048,4096,4096,1,1,46154,153846,2,2,1545586889,249402,31252,218150,28127,3261,1085340,0,121979,96171,218150,874692,256,566,32411,44770,128
scan128_b200_rho0200,RTL-LS-002,0,3,3,4,128,1,2048,4096,65536,1000000,200000,200,9766,128,4096,2048,4096,4096,1,1,46154,153846,2,2,1545586889,249263,31479,217784,28227,3383,1085352,0,122478,95306,217784,873711,256,488,32706,44870,112
scan128_b100_rho0200,RTL-LS-002,0,3,0,4,128,1,2048,4096,65536,1000000,200000,100,9766,128,4096,2048,4096,4096,1,1,120792,79208,2,2,1545561289,249711,31977,217734,28269,3919,1081871,0,121363,96371,217734,871943,256,949,39689,49754,150
scan128_b100_rho0200,RTL-LS-002,0,3,1,4,128,1,2048,4096,65536,1000000,200000,100,9766,128,4096,2048,4096,4096,1,1,120792,79208,2,2,1545561289,249876,32167,217709,28287,4039,1081108,0,121645,96064,217709,871268,256,420,40563,49681,113
scan128_b100_rho0200,RTL-LS-002,0,3,2,4,128,1,2048,4096,65536,1000000,200000,100,9766,128,4096,2048,4096,4096,1,1,120792,79208,2,2,1545561289,249630,32298,217332,28603,3874,1081409,0,120947,96385,217332,870616,256,649,41881,50116,134
scan128_b100_rho0200,RTL-LS-002,0,3,3,4,128,1,2048,4096,65536,1000000,200000,100,9766,128,4096,2048,4096,4096,1,1,120792,79208,2,2,1545561289,249818,32151,217667,28256,4043,1081416,0,121562,96105,217667,871302,256,693,42031,49614,113
scan128_b000_rho0200,RTL-LS-002,0,3,0,4,128,1,2048,4096,65536,1000000,200000,0,9766,128,4096,2048,4096,4096,1,1,200000,0,1,1,1545535689,249732,30388,219344,27380,3165,1090068,0,121315,98029,219344,878317,256,812,47423,52940,188
scan128_b000_rho0200,RTL-LS-002,0,3,1,4,128,1,2048,4096,65536,1000000,200000,0,9766,128,4096,2048,4096,4096,1,1,200000,0,1,1,1545535689,249558,30215,219343,27080,3307,1090194,0,122130,97213,219343,878925,256,605,47176,52092,108
scan128_b000_rho0200,RTL-LS-002,0,3,2,4,128,1,2048,4096,65536,1000000,200000,0,9766,128,4096,2048,4096,4096,1,1,200000,0,1,1,1545535689,251212,30610,220602,27414,3351,1090278,0,122494,98108,220602,878150,256,738,48880,52569,155
scan128_b000_rho0200,RTL-LS-002,0,3,3,4,128,1,2048,4096,65536,1000000,200000,0,9766,128,4096,2048,4096,4096,1,1,200000,0,1,1,1545535689,249789,30342,219447,27295,3221,1090195,0,121862,97585,219447,878529,256,39,49575,52379,107
scan128_b700_rho0100,RTL-LS-002,0,3,0,4,128,1,2048,4096,65536,1000000,100000,700,19532,128,4096,2048,4096,4096,1,1,168,99832,17,17,1545714789,252191,28189,224002,25651,2657,2208203,0,122446,101556,224002,888223,256,529,3057,27430,102
scan128_b700_rho0100,RTL-LS-002,0,3,1,4,128,1,2048,4096,65536,1000000,100000,700,19532,128,4096,2048,4096,4096,1,1,168,99832,17,17,1545714789,248484,27398,221086,25165,2404,2208497,0,120255,100831,221086,889739,256,266,2960,26856,99
scan128_b700_rho0100,RTL-LS-002,0,3,2,4,128,1,2048,4096,65536,1000000,100000,700,19532,128,4096,2048,4096,4096,1,1,168,99832,17,17,1545714789,247278,27137,220141,24703,2553,2207911,0,120199,99942,220141,890257,256,215,2917,26373,97
scan128_b700_rho0100,RTL-LS-002,0,3,3,4,128,1,2048,4096,65536,1000000,100000,700,19532,128,4096,2048,4096,4096,1,1,168,99832,17,17,1545714789,245985,27330,218655,25085,2364,2207887,0,119539,99116,218655,888895,256,157,2965,26713,98
scan128_b600_rho0100,RTL-LS-002,0,3,0,4,128,1,2048,4096,65536,1000000,100000,600,19532,128,4096,2048,4096,4096,1,1,735,99265,9,9,1545689189,249724,26699,223025,24094,2750,2221913,0,121596,101429,223025,893085,256,349,5571,27081,95
scan128_b600_rho0100,RTL-LS-002,0,3,1,4,128,1,2048,4096,65536,1000000,100000,600,19532,128,4096,2048,4096,4096,1,1,735,99265,9,9,1545689189,250599,25744,224855,22975,2970,2222336,0,125143,99712,224855,897270,256,222,5362,25781,90
scan128_b600_rho0100,RTL-LS-002,0,3,2,4,128,1,2048,4096,65536,1000000,100000,600,19532,128,4096,2048,4096,4096,1,1,735,99265,9,9,1545689189,250478,25928,224550,23268,2732,2221867,0,124351,100199,224550,896485,256,122,5461,26194,91
scan128_b600_rho0100,RTL-LS-002,0,3,3,4,128,1,2048,4096,65536,1000000,100000,600,19532,128,4096,2048,4096,4096,1,1,735,99265,9,9,1545689189,253645,27002,226643,24492,2673,2221941,0,126403,100240,226643,893544,256,468,5701,27503,97
scan128_b500_rho0100,RTL-LS-002,0,3,0,4,128,1,2048,4096,65536,1000000,100000,500,19532,128,4096,2048,4096,4096,1,1,0,100000,5,5,1545663589,250280,28205,222075,25325,2995,2203541,0,122605,99470,222075,887306,256,118,9967,30580,99
scan128_b500_rho0100,RTL-LS-002,0,3,1,4,128,1,2048,4096,65536,1000000,100000,500,19532,128,4096,2048,4096,4096,1,1,0,100000,5,5,1545663589,250175,28435,221740,25250,3295,2203431,0,122180,99560,221740,886339,256,752,9971,30378,101
scan128_b500_rho0100,RTL-LS-002,0,3,2,4,128,1,2048,4096,65536,1000000,100000,500,19532,128,4096,2048,4096,4096,1,1,0,100000,5,5,1545663589,249615,28700,220915,25650,3160,2203175,0,121865,99050,220915,885022,256,96,10159,30867,100
scan128_b500_rho0100,RTL-LS-002,0,3,3,4,128,1,2048,4096,65536,1000000,100000,500,19532,128,4096,2048,4096,4096,1,1,0,100000,5,5,1545663589,250810,28345,222465,25560,2910,2203545,0,122970,99495,222465,886986,256,437,10117,30755,101
scan128_b403_rho0100,RTL-LS-002,0,3,0,4,128,1,2048,4096,65536,1000000,100000,403,19532,128,4096,2048,4096,4096,1,1,7548,92452,4,4,1545638757,249684,28228,221456,25198,3130,2203256,0,123768,97688,221456,886945,256,334,15143,33124,104
scan128_b403_rho0100,RTL-LS-002,0,3,1,4,128,1,2048,4096,65536,1000000,100000,403,19532,128,4096,2048,4096,4096,1,1,7548,92452,4,4,1545638757,249502,27848,221654,24650,3240,2203625,0,123449,98205,221654,888385,256,570,14860,32290,98
scan128_b403_rho0100,RTL-LS-002,0,3,2,4,128,1,2048,4096,65536,1000000,100000,403,19532,128,4096,2048,4096,4096,1,1,7548,92452,4,4,1545638757,249866,27967,221899,24912,3110,2203682,0,123829,98070,221899,888072,256,45,15069,32626,98
scan128_b403_rho0100,RTL-LS-002,0,3,3,4,128,1,2048,4096,65536,1000000,100000,403,19532,128,4096,2048,4096,4096,1,1,7548,92452,4,4,1545638757,247178,28011,219167,24955,3131,2203863,0,121427,97740,219167,886676,256,22,15176,32675,97
scan128_b300_rho0100,RTL-LS-002,0,3,0,4,128,1,2048,4096,65536,1000000,100000,300,19532,128,4096,2048,4096,4096,1,1,17431,82569,3,3,1545612389,249716,28787,220929,25795,3043,2198849,0,122864,98065,220929,884721,256,528,22266,37443,104
scan128_b300_rho0100,RTL-LS-002,0,3,1,4,128,1,2048,4096,65536,1000000,100000,300,19532,128,4096,2048,4096,4096,1,1,17431,82569,3,3,1545612389,250897,29097,221800,26207,2964,2198867,0,122892,98908,221800,884028,256,268,23020,38022,103
scan128_b300_rho0100,RTL-LS-002,0,3,2,4,128,1,2048,4096,65536,1000000,100000,300,19532,128,4096,2048,4096,4096,1,1,17431,82569,3,3,1545612389,250306,28459,221847,25698,2820,2199135,0,122958,98889,221847,886303,256,185,22561,37193,107
scan128_b300_rho0100,RTL-LS-002,0,3,3,4,128,1,2048,4096,65536,1000000,100000,300,19532,128,4096,2048,4096,4096,1,1,17431,82569,3,3,1545612389,250205,28091,222114,25426,2728,2199230,0,123338,98776,222114,887728,256,37,22644,36907,99
scan128_b200_rho0100,RTL-LS-002,0,3,0,4,128,1,2048,4096,65536,1000000,100000,200,19532,128,4096,2048,4096,4096,1,1,23077,76923,2,2,1545586789,251232,27999,223233,25040,3073,2205309,0,122668,100565,223233,888553,256,683,29086,40337,110
scan128_b200_rho0100,RTL-LS-002,0,3,1,4,128,1,2048,4096,65536,1000000,100000,200,19532,128,4096,2048,4096,4096,1,1,23077,76923,2,2,1545586789,250556,27684,222872,24913,2851,2205522,0,123216,99656,222872,889509,256,312,29448,40005,98
scan128_b200_rho0100,RTL-LS-002,0,3,2,4,128,1,2048,4096,65536,1000000,100000,200,19532,128,4096,2048,4096,4096,1,1,23077,76923,2,2,1545586789,250673,27726,222947,24909,2898,2205554,0,122752,100195,222947,889393,256,570,29607,39935,116
scan128_b200_rho0100,RTL-LS-002,0,3,3,4,128,1,2048,4096,65536,1000000,100000,200,19532,128,4096,2048,4096,4096,1,1,23077,76923,2,2,1545586789,250657,27451,223206,24674,2852,2205505,0,123031,100175,223206,890483,256,563,29677,39640,98
scan128_b100_rho0100,RTL-LS-002,0,3,0,4,128,1,2048,4096,65536,1000000,100000,100,19532,128,4096,2048,4096,4096,1,1,60396,39604,2,2,1545561189,250426,29643,220783,26885,2844,2188763,0,122033,98750,220783,881629,256,754,40437,48096,142
scan128_b100_rho0100,RTL-LS-002,0,3,1,4,128,1,2048,4096,65536,1000000,100000,100,19532,128,4096,2048,4096,4096,1,1,60396,39604,2,2,1545561189,249238,29404,219834,26696,2777,2189048,0,121603,98231,219834,882024,256,578,40501,47541,106
scan128_b100_rho0100,RTL-LS-002,0,3,2,4,128,1,2048,4096,65536,1000000,100000,100,19532,128,4096,2048,4096,4096,1,1,60396,39604,2,2,1545561189,250080,29660,220420,26881,2857,2189130,0,121499,98921,220420,881397,256,502,41208,47806,131
scan128_b100_rho0100,RTL-LS-002,0,3,3,4,128,1,2048,4096,65536,1000000,100000,100,19532,128,4096,2048,4096,4096,1,1,60396,39604,2,2,1545561189,249089,29404,219685,26538,2922,2188257,0,121068,98617,219685,881953,256,718,41210,47306,106
scan128_b000_rho0100,RTL-LS-002,0,3,0,4,128,1,2048,4096,65536,1000000,100000,0,19532,128,4096,2048,4096,4096,1,1,100000,0,1,1,1545535589,250129,27903,222226,25074,2902,2205848,0,122122,100104,222226,888445,256,681,46576,49515,189
scan128_b000_rho0100,RTL-LS-002,0,3,1,4,128,1,2048,4096,65536,1000000,100000,0,19532,128,4096,2048,4096,4096,1,1,100000,0,1,1,1545535589,250327,27945,222382,25170,2838,2205939,0,121817,100565,222382,888366,256,65,46891,49374,98
scan128_b000_rho0100,RTL-LS-002,0,3,2,4,128,1,2048,4096,65536,1000000,100000,0,19532,128,4096,2048,4096,4096,1,1,100000,0,1,1,1545535589,249722,28039,221683,25213,2877,2205413,0,120958,100725,221683,887719,256,700,47576,49364,160
scan128_b000_rho0100,RTL-LS-002,0,3,3,4,128,1,2048,4096,65536,1000000,100000,0,19532,128,4096,2048,4096,4096,1,1,100000,0,1,1,1545535589,250637,27825,222812,24979,2877,2205638,0,121867,100945,222812,888982,256,513,47753,48992,99
