burstiness_target,burstiness_measured,scv_target,scv_measured,rate_per_lane,loss_probability,arrivals_measured,drops_measured
-1.0,-1.0,0.0,2.7529880238673796e-22,0.85,0.0,500000,0
-1.0,-1.0,0.0,0.0,0.8533333333333333,0.0,500000,0
-1.0,-1.0,0.0,2.7260741951808725e-22,0.8566666666666667,0.0,500000,0
-1.0,-1.0,0.0,1.4240756859225652e-22,0.86,0.0,500000,0
-1.0,-1.0,0.0,2.679267495537814e-22,0.8633333333333333,0.0,500000,0
-1.0,-1.0,0.0,1.5367688128591997e-22,0.8666666666666667,0.0,500000,0
-1.0,-1.0,0.0,1.4644254368371767e-22,0.87,0.0,500000,0
-1.0,-1.0,0.0,3.460276789588967e-24,0.8733333333333333,0.0,500000,0
-1.0,-1.0,0.0,2.328891939200429e-22,0.8766666666666667,0.0,500000,0
-1.0,-1.0,0.0,1.9884240606525297e-23,0.88,0.0,500000,0
-1.0,-1.0,0.0,2.5470353102625436e-23,0.8833333333333333,0.0,500000,0
-1.0,-1.0,0.0,2.201681139991461e-22,0.8866666666666667,0.0,500000,0
-1.0,-1.0,0.0,2.814770970618146e-23,0.89,0.0,500000,0
-1.0,-1.0,0.0,2.8442506289621085e-23,0.8933333333333333,0.0,500000,0
-1.0,-1.0,0.0,1.2384713354441943e-22,0.8966666666666666,0.0,500000,0
-1.0,-1.0,0.0,2.874685513131947e-23,0.9,0.0,500000,0
-1.0,-1.0,0.0,1.1877208595871125e-22,0.9033333333333333,0.0,500000,0
-1.0,-1.0,0.0,2.5575125112024826e-22,0.9066666666666666,0.0,500000,0
-1.0,-1.0,0.0,2.290793621897888e-22,0.91,0.0,500000,0
-1.0,-1.0,0.0,1.6462322936100514e-22,0.9133333333333333,0.0,500000,0
-1.0,-1.0,0.0,2.550088691485813e-22,0.9166666666666666,0.0,500000,0
-1.0,-1.0,0.0,2.2508181624314857e-23,0.92,0.0,500000,0
-1.0,-1.0,0.0,1.4161120328954606e-22,0.9233333333333333,0.0,500000,0
-1.0,-1.0,0.0,1.3372881107190892e-22,0.9266666666666666,0.0,500000,0
-1.0,-1.0,0.0,1.4099338529018823e-22,0.93,0.0,500000,0
-1.0,-1.0,0.0,1.281969055003317e-22,0.9333333333333333,0.0,500000,0
-1.0,-1.0,0.0,2.3772700990144747e-22,0.9366666666666666,0.0,500000,0
-1.0,-1.0,0.0,1.9240445205037255e-22,0.94,0.0,500000,0
-1.0,-1.0,0.0,3.0898956929674522e-24,0.9433333333333334,0.0,500000,0
-1.0,-1.0,0.0,3.281278068780779e-26,0.9466666666666667,0.0,500000,0
-1.0,-1.0,0.0,1.777871106887616e-22,0.95,0.0,500000,0
-1.0,-1.0,0.0,2.0893502070459978e-22,0.9533333333333334,0.0,500000,0
-1.0,-1.0,0.0,2.3473217594446302e-23,0.9566666666666667,0.0,500000,0
-1.0,-1.0,0.0,1.6907733691056522e-22,0.96,0.0,500000,0
-1.0,-1.0,0.0,2.0832203007325343e-22,0.9633333333333334,0.0,500000,0
-1.0,-1.0,0.0,3.297646927198629e-23,0.9666666666666667,0.0,500000,0
-1.0,-1.0,0.0,1.474205890663855e-22,0.97,0.0,500000,0
-1.0,-1.0,0.0,2.0053897663827827e-22,0.9733333333333334,0.0,500000,0
-1.0,-1.0,0.0,1.4288793313296202e-22,0.9766666666666667,0.0,500000,0
-1.0,-1.0,0.0,2.6816102926334635e-23,0.98,0.0,500000,0
-1.0,-1.0,0.0,2.0121512969696563e-22,0.9833333333333334,0.0,500000,0
-1.0,-1.0,0.0,1.885018613479027e-22,0.9866666666666667,0.0,500000,0
-1.0,-1.0,0.0,2.725913819482416e-23,0.99,0.0,500000,0
-1.0,-1.0,0.0,2.0533950782072855e-22,0.9933333333333334,0.0,500000,0
-1.0,-1.0,0.0,2.0671428688999669e-22,0.9966666666666667,0.0,500000,0
-1.0,-1.0,0.0,0.0,1.0,0.0,500000,0
-1.0,-1.0,0.0,1.603470654412225e-22,1.0033333333333334,0.002882,500000,1441
-1.0,-1.0,0.0,5.068861715435905e-24,1.0066666666666666,0.006248,500000,3124
-1.0,-1.0,0.0,1.5385785402262835e-22,1.01,0.009592,500000,4796
-1.0,-1.0,0.0,1.6136113739322852e-22,1.0133333333333334,0.012914,500000,6457
-1.0,-1.0,0.0,1.5428246509523788e-22,1.0166666666666666,0.016214,500000,8107
-1.0,-1.0,0.0,4.075560624919543e-24,1.02,0.019492,500000,9746
-1.0,-1.0,0.0,2.0547567553552479e-22,1.0233333333333334,0.02275,500000,11375
-1.0,-1.0,0.0,2.0677328310847885e-22,1.0266666666666666,0.025974,500000,12987
-1.0,-1.0,0.0,1.6724662657184065e-22,1.03,0.029126,500000,14563
-1.0,-1.0,0.0,2.2498056984564845e-22,1.0333333333333334,0.032258,500000,16129
-1.0,-1.0,0.0,3.128661110000117e-23,1.0366666666666666,0.03537,500000,17685
-1.0,-1.0,0.0,2.090435296169614e-22,1.04,0.038462,500000,19231
-1.0,-1.0,0.0,1.7421169591708118e-22,1.0433333333333334,0.041534,500000,20767
-1.0,-1.0,0.0,2.1452720832980923e-22,1.0466666666666666,0.044586,500000,22293
-1.0,-1.0,0.0,4.438034941110809e-23,1.05,0.047618,500000,23809
-0.9722222222222222,-0.9722990783677253,0.014084507042253527,0.014044990405410473,0.85,0.0,500000,0
-0.9722222222222222,-0.972147607278706,0.014084507042253527,0.014122874281061805,0.8533333333333333,0.0,500000,0
-0.9722222222222222,-0.9722966757703002,0.014084507042253527,0.014046225687055953,0.8566666666666667,0.0,500000,0
-0.9722222222222222,-0.9722765291934596,0.014084507042253527,0.014056584052073847,0.86,0.0,500000,0
-0.9722222222222222,-0.972083003061251,0.014084507042253527,0.014156096318163962,0.8633333333333333,0.0,500000,0
-0.9722222222222222,-0.9721527901773244,0.014084507042253527,0.01412020912445218,0.8666666666666667,0.0,500000,0
-0.9722222222222222,-0.9721665913458475,0.014084507042253527,0.014113112338627795,0.87,0.0,500000,0
-0.9722222222222222,-0.9723139185516629,0.014084507042253527,0.014037360476910258,0.8733333333333333,0.0,500000,0
-0.9722222222222222,-0.9722117517581487,0.014084507042253527,0.014089890812727959,0.8766666666666667,0.0,500000,0
-0.9722222222222222,-0.9721787003121618,0.014084507042253527,0.01410688579256769,0.88,0.0,500000,0
-0.9722222222222222,-0.972171159041141,0.014084507042253527,0.014110763577127476,0.8833333333333333,0.0,500000,0
-0.9722222222222222,-0.9722550016748396,0.014084507042253527,0.01406765266235832,0.8866666666666667,0.0,500000,0
-0.9722222222222222,-0.9722939158154649,0.014084507042253527,0.01404764470567245,0.89,0.0,500000,0
-0.9722222222222222,-0.9721586603897131,0.014084507042253527,0.01411719055341381,0.8933333333333333,0.0,500000,0
-0.9722222222222222,-0.972095434122715,0.014084507042253527,0.014149703606863337,0.8966666666666666,0.0,500000,0
-0.9722222222222222,-0.9721858003189261,0.014084507042253527,0.014103234936878678,0.9,0.0,500000,0
-0.9722222222222222,-0.9722604970708906,0.014084507042253527,0.014064827121116506,0.9033333333333333,0.0,500000,0
-0.9722222222222222,-0.9721943781651012,0.014084507042253527,0.014098824204523278,0.9066666666666666,0.0,500000,0
-0.9722222222222222,-0.9722451456216684,0.014084507042253527,0.01407272034105225,0.91,0.0,500000,0
-0.9722222222222222,-0.9722585062139284,0.014084507042253527,0.014065850748604947,0.9133333333333333,0.0,500000,0
-0.9722222222222222,-0.9722032278490497,0.014084507042253527,0.01409427373327369,0.9166666666666666,0.0,500000,0
-0.9722222222222222,-0.9721846475674316,0.014084507042253527,0.014103827685139361,0.92,0.0,500000,0
-0.9722222222222222,-0.9722935110344914,0.014084507042253527,0.014047852822360193,0.9233333333333333,0.0,500000,0
-0.9722222222222222,-0.972224316101987,0.014084507042253527,0.014083430404564914,0.9266666666666666,0.0,500000,0
-0.9722222222222222,-0.9721289907981215,0.014084507042253527,0.014132447386516611,0.93,0.0,500000,0
-0.9722222222222222,-0.9721389005460638,0.014084507042253527,0.014127351499542914,0.9333333333333333,0.0,500000,0
-0.9722222222222222,-0.9722204683785154,0.014084507042253527,0.014085408840890823,0.9366666666666666,0.0,500000,0
-0.9722222222222222,-0.9721366929439996,0.014084507042253527,0.014128486709714878,0.94,0.0,500000,0
-0.9722222222222222,-0.9721375933419254,0.014084507042253527,0.014128023699837183,0.9433333333333334,0.0,500000,0
-0.9722222222222222,-0.9723184405484243,0.014084507042253527,0.01403503556143727,0.9466666666666667,0.0,500000,0
-0.9722222222222222,-0.9722661967617374,0.014084507042253527,0.01406189655524117,0.95,0.0,500000,0
-0.9722222222222222,-0.9721102041539816,0.014084507042253527,0.014142108177967043,0.9533333333333334,0.0,500000,0
-0.9722222222222222,-0.9720920886494421,0.014084507042253527,0.014151424018779097,0.9566666666666667,0.0,500000,0
-0.9722222222222222,-0.9722164804152925,0.014084507042253527,0.014087459394344566,0.96,0.0,500000,0
-0.9722222222222222,-0.9722386629984484,0.014084507042253527,0.014076053533675935,0.9633333333333334,0.0,500000,0
-0.9722222222222222,-0.9722174862989761,0.014084507042253527,0.014086942182608825,0.9666666666666667,0.0,500000,0
-0.9722222222222222,-0.9722883232030363,0.014084507042253527,0.014050520134885404,0.97,0.0,500000,0
-0.9722222222222222,-0.9721299039036677,0.014084507042253527,0.0141319778383593,0.9733333333333334,0.0,500000,0
-0.9722222222222222,-0.9721732514006357,0.014084507042253527,0.01410968766542278,0.9766666666666667,0.0,500000,0
-0.9722222222222222,-0.9722071948469081,0.014084507042253527,0.014092233932474536,0.98,0.0,500000,0
-0.9722222222222222,-0.9722333889278684,0.014084507042253527,0.014078765336807242,0.9833333333333334,0.0,500000,0
-0.9722222222222222,-0.9722432049606026,0.014084507042253527,0.0140737181751132,0.9866666666666667,0.0,500000,0
-0.9722222222222222,-0.9721366132638894,0.014084507042253527,0.014128527683483617,0.99,0.0,500000,0
-0.9722222222222222,-0.972267938590854,0.014084507042253527,0.014061000975841002,0.9933333333333334,0.0,500000,0
-0.9722222222222222,-0.9722484934154008,0.014084507042253527,0.014070999003041994,0.9966666666666667,0.0,500000,0
-0.9722222222222222,-0.9722367728361946,0.014084507042253527,0.014077025409013254,1.0,0.0,500000,0
-0.9722222222222222,-0.9722597241421164,0.014084507042253527,0.01406522453321917,1.0033333333333334,0.00297,500000,1485
-0.9722222222222222,-0.9721464323362969,0.014084507042253527,0.014123478463364625,1.0066666666666666,0.006274,500000,3137
-0.9722222222222222,-0.9723079579402555,0.014084507042253527,0.014040425050388251,1.01,0.009634,500000,4817
-0.9722222222222222,-0.9723133922984307,0.014084507042253527,0.014037631042653306,1.0133333333333334,0.01265,500000,6325
-0.9722222222222222,-0.972184893910804,0.014084507042253527,0.014103701014583421,1.0166666666666666,0.016058,500000,8029
-0.9722222222222222,-0.9721602454431931,0.014084507042253527,0.014116375492880237,1.02,0.019564,500000,9782
-0.9722222222222222,-0.9722637418930253,0.014084507042253527,0.014063158753987318,1.0233333333333334,0.022844,500000,11422
-0.9722222222222222,-0.9721329474050298,0.014084507042253527,0.014130412775486736,1.0266666666666666,0.026056,500000,13028
-0.9722222222222222,-0.9722314572888093,0.014084507042253527,0.014079758543839214,1.03,0.028926,500000,14463
-0.9722222222222222,-0.9721806488483002,0.014084507042253527,0.014105883843828113,1.0333333333333334,0.032248,500000,16124
-0.9722222222222222,-0.9722388987982163,0.014084507042253527,0.014075932291316106,1.0366666666666666,0.035538,500000,17769
-0.9722222222222222,-0.9723110701262606,0.014084507042253527,0.014038824956738093,1.04,0.03867,500000,19335
-0.9722222222222222,-0.9721918353304975,0.014084507042253527,0.014100131727217314,1.0433333333333334,0.041478,500000,20739
-0.9722222222222222,-0.972170434113096,0.014084507042253527,0.014111136342746747,1.0466666666666666,0.044552,500000,22276
-0.9722222222222222,-0.9722064955041733,0.014084507042253527,0.014092593528712463,1.05,0.04746,500000,23730
-0.9444444444444444,-0.9442277225865666,0.028571428571428584,0.028686082790361073,0.85,0.0,500000,0
-0.9444444444444444,-0.9444092597558335,0.028571428571428584,0.028590040890438487,0.8533333333333333,0.0,500000,0
-0.9444444444444444,-0.9443514392616753,0.028571428571428584,0.02862062876835474,0.8566666666666667,0.0,500000,0
-0.9444444444444444,-0.9443847452278608,0.028571428571428584,0.02860300920825307,0.86,0.0,500000,0
-0.9444444444444444,-0.9444037576581501,0.028571428571428584,0.028592951501395115,0.8633333333333333,0.0,500000,0
-0.9444444444444444,-0.944379609761646,0.028571428571428584,0.02860572593906813,0.8666666666666667,0.0,500000,0
-0.9444444444444444,-0.9445230626621401,0.028571428571428584,0.028529842820125533,0.87,0.0,500000,0
-0.9444444444444444,-0.9445011940221876,0.028571428571428584,0.028541410079061746,0.8733333333333333,0.0,500000,0
-0.9444444444444444,-0.9443651214621777,0.028571428571428584,0.0286133905220355,0.8766666666666667,0.0,500000,0
-0.9444444444444444,-0.9445261612220718,0.028571428571428584,0.028528203880304002,0.88,0.0,500000,0
-0.9444444444444444,-0.9443306430984586,0.028571428571428584,0.028631630684391958,0.8833333333333333,0.0,500000,0
-0.9444444444444444,-0.9444862775308588,0.028571428571428584,0.02854930019852519,0.8866666666666667,0.0,500000,0
-0.9444444444444444,-0.944340329890732,0.028571428571428584,0.028626505994655778,0.89,0.0,500000,0
-0.9444444444444444,-0.9445803513839195,0.028571428571428584,0.028499541598597068,0.8933333333333333,0.0,500000,0
-0.9444444444444444,-0.9441953774091458,0.028571428571428584,0.028703196828510052,0.8966666666666666,0.0,500000,0
-0.9444444444444444,-0.9444847535612052,0.028571428571428584,0.028550106313316163,0.9,0.0,500000,0
-0.9444444444444444,-0.9443361064776369,0.028571428571428584,0.0286287403381116,0.9033333333333333,0.0,500000,0
-0.9444444444444444,-0.9444623292786661,0.028571428571428584,0.028561967946139955,0.9066666666666666,0.0,500000,0
-0.9444444444444444,-0.9444114884683911,0.028571428571428584,0.02858886190566371,0.91,0.0,500000,0
-0.9444444444444444,-0.9444006404726374,0.028571428571428584,0.028594600500567488,0.9133333333333333,0.0,500000,0
-0.9444444444444444,-0.9444384701936037,0.028571428571428584,0.02857458883790969,0.9166666666666666,0.0,500000,0
-0.9444444444444444,-0.9444031228286874,0.028571428571428584,0.028593287327388705,0.92,0.0,500000,0
-0.9444444444444444,-0.9444633903776075,0.028571428571428584,0.028561406657086782,0.9233333333333333,0.0,500000,0
-0.9444444444444444,-0.9445027606095469,0.028571428571428584,0.028540581435356916,0.9266666666666666,0.0,500000,0
-0.9444444444444444,-0.9444918467687635,0.028571428571428584,0.02854635432052675,0.93,0.0,500000,0
-0.9444444444444444,-0.9445136452257301,0.028571428571428584,0.02853482407310583,0.9333333333333333,0.0,500000,0
-0.9444444444444444,-0.9443150548323146,0.028571428571428584,0.028639877590459707,0.9366666666666666,0.0,500000,0
-0.9444444444444444,-0.9445155617267577,0.028571428571428584,0.028533810356329216,0.94,0.0,500000,0
-0.9444444444444444,-0.9445174266518577,0.028571428571428584,0.02853282392211534,0.9433333333333334,0.0,500000,0
-0.9444444444444444,-0.9443685131540218,0.028571428571428584,0.02861159624300679,0.9466666666666667,0.0,500000,0
-0.9444444444444444,-0.9444582094158346,0.028571428571428584,0.02856414723402649,0.95,0.0,500000,0
-0.9444444444444444,-0.9445056125435171,0.028571428571428584,0.02853907291318811,0.9533333333333334,0.0,500000,0
-0.9444444444444444,-0.9444996068758288,0.028571428571428584,0.028542249598775736,0.9566666666666667,0.0,500000,0
-0.9444444444444444,-0.9444576518202394,0.028571428571428584,0.028564442186625398,0.96,0.0,500000,0
-0.9444444444444444,-0.9446157687565562,0.028571428571428584,0.028480809491151168,0.9633333333333334,0.0,500000,0
-0.9444444444444444,-0.944536856938371,0.028571428571428584,0.0285225465712974,0.9666666666666667,0.0,500000,0
-0.9444444444444444,-0.9444401155907307,0.028571428571428584,0.028573718451797025,0.97,0.0,500000,0
-0.9444444444444444,-0.9443972243241964,0.028571428571428584,0.02859640765797182,0.9733333333333334,0.0,500000,0
-0.9444444444444444,-0.944198909830813,0.028571428571428584,0.02870132777414371,0.9766666666666667,0.0,500000,0
-0.9444444444444444,-0.9445167421219703,0.028571428571428584,0.028533185997402667,0.98,0.0,500000,0
-0.9444444444444444,-0.9445304888536667,0.028571428571428584,0.02852591484900479,0.9833333333333334,0.0,500000,0
-0.9444444444444444,-0.9444114539406531,0.028571428571428584,0.028588880170751972,0.9866666666666667,0.0,500000,0
-0.9444444444444444,-0.944320410736495,0.028571428571428584,0.028637044057164482,0.99,0.0,500000,0
-0.9444444444444444,-0.9443286515263131,0.028571428571428584,0.028632684309817923,0.9933333333333334,0.0,500000,0
-0.9444444444444444,-0.9444433912419495,0.028571428571428584,0.0285719856943562,0.9966666666666667,0.0,500000,0
-0.9444444444444444,-0.944365347054398,0.028571428571428584,0.02861327117863175,1.0,3.6e-05,500000,18
-0.9444444444444444,-0.9443084518027312,0.028571428571428584,0.028643370935117107,1.0033333333333334,0.00342,500000,1710
-0.9444444444444444,-0.9445522584611582,0.028571428571428584,0.02851440031893044,1.0066666666666666,0.005782,500000,2891
-0.9444444444444444,-0.944432939987071,0.028571428571428584,0.028577514230600527,1.01,0.009528,500000,4764
-0.9444444444444444,-0.9443687730879007,0.028571428571428584,0.028611458732568446,1.0133333333333334,0.0129,500000,6450
-0.9444444444444444,-0.9445014550241465,0.028571428571428584,0.028541272022429225,1.0166666666666666,0.01642,500000,8210
-0.9444444444444444,-0.9444468255747821,0.028571428571428584,0.0285701690036169,1.02,0.019458,500000,9729
-0.9444444444444444,-0.9444624293231517,0.028571428571428584,0.028561915025625002,1.0233333333333334,0.022578,500000,11289
-0.9444444444444444,-0.9442431417432466,0.028571428571428584,0.02867792461737103,1.0266666666666666,0.026086,500000,13043
-0.9444444444444444,-0.944552385129551,0.028571428571428584,0.02851433332137001,1.03,0.029138,500000,14569
-0.9444444444444444,-0.9443115478915853,0.028571428571428584,0.028641732940795053,1.0333333333333334,0.031996,500000,15998
-0.9444444444444444,-0.9441961572685386,0.028571428571428584,0.028702784193268847,1.0366666666666666,0.035436,500000,17718
-0.9444444444444444,-0.944413012291975,0.028571428571428584,0.028588055807393455,1.04,0.038534,500000,19267
-0.9444444444444444,-0.9443606354612731,0.028571428571428584,0.02861576372406198,1.0433333333333334,0.041842,500000,20921
-0.9444444444444444,-0.9444720667353119,0.028571428571428584,0.02855681715084603,1.0466666666666666,0.044726,500000,22363
-0.9444444444444444,-0.9443220487967356,0.028571428571428584,0.028636177446900498,1.05,0.047822,500000,23911
-0.9166666666666666,-0.9165999492622363,0.04347826086956524,0.04351458465282077,0.85,0.0,500000,0
-0.9166666666666666,-0.9166669571203503,0.04347826086956524,0.043478102739795486,0.8533333333333333,0.0,500000,0
-0.9166666666666666,-0.916643107884487,0.04347826086956524,0.04349108698046495,0.8566666666666667,0.0,500000,0
-0.9166666666666666,-0.9166984186292074,0.04347826086956524,0.04346097464324543,0.86,0.0,500000,0
-0.9166666666666666,-0.9166401969654827,0.04347826086956524,0.043492671794370434,0.8633333333333333,0.0,500000,0
-0.9166666666666666,-0.9164700888685344,0.04347826086956524,0.04358529340824774,0.8666666666666667,0.0,500000,0
-0.9166666666666666,-0.9166305228063629,0.04347826086956524,0.043497938805423,0.87,0.0,500000,0
-0.9166666666666666,-0.9166200117319837,0.04347826086956524,0.043503661527914815,0.8733333333333333,0.0,500000,0
-0.9166666666666666,-0.9165554590460174,0.04347826086956524,0.04353880841805533,0.8766666666666667,0.0,500000,0
-0.9166666666666666,-0.9164347262404499,0.04347826086956524,0.043604549956931554,0.88,0.0,500000,0
-0.9166666666666666,-0.9165857494670704,0.04347826086956524,0.04352231594966411,0.8833333333333333,0.0,500000,0
-0.9166666666666666,-0.9163227526845251,0.04347826086956524,0.04366552930515162,0.8866666666666667,0.0,500000,0
-0.9166666666666666,-0.9166452951633048,0.04347826086956524,0.04348989614669048,0.89,0.0,500000,0
-0.9166666666666666,-0.9166250544425448,0.04347826086956524,0.04350091603164653,0.8933333333333333,0.0,500000,0
-0.9166666666666666,-0.916637636939635,0.04347826086956524,0.043494065572808376,0.8966666666666666,0.0,500000,0
-0.9166666666666666,-0.9164213047380071,0.04347826086956524,0.04361185875744523,0.9,0.0,500000,0
-0.9166666666666666,-0.9165646757502535,0.04347826086956524,0.04353379007002995,0.9033333333333333,0.0,500000,0
-0.9166666666666666,-0.9165195113280891,0.04347826086956524,0.043558381836698114,0.9066666666666666,0.0,500000,0
-0.9166666666666666,-0.9165559067869868,0.04347826086956524,0.04353856462914412,0.91,0.0,500000,0
-0.9166666666666666,-0.9166182228952401,0.04347826086956524,0.043504635460891936,0.9133333333333333,0.0,500000,0
-0.9166666666666666,-0.9165669510884681,0.04347826086956524,0.043532551192197164,0.9166666666666666,0.0,500000,0
-0.9166666666666666,-0.916737192151428,0.04347826086956524,0.043439866555265286,0.92,0.0,500000,0
-0.9166666666666666,-0.9166701506951301,0.04347826086956524,0.04347636408625041,0.9233333333333333,0.0,500000,0
-0.9166666666666666,-0.9166515061090604,0.04347826086956524,0.04348651469778294,0.9266666666666666,0.0,500000,0
-0.9166666666666666,-0.9168630371882642,0.04347826086956524,0.04337136310671662,0.93,0.0,500000,0
-0.9166666666666666,-0.9164701996500701,0.04347826086956524,0.04358523308381298,0.9333333333333333,0.0,500000,0
-0.9166666666666666,-0.9165127320604165,0.04347826086956524,0.04356207320878458,0.9366666666666666,0.0,500000,0
-0.9166666666666666,-0.9167999985712951,0.04347826086956524,0.04340567690459039,0.94,0.0,500000,0
-0.9166666666666666,-0.916948296674004,0.04347826086956524,0.04332495741804541,0.9433333333333334,0.0,500000,0
-0.9166666666666666,-0.9169198940359815,0.04347826086956524,0.04334041616579885,0.9466666666666667,0.0,500000,0
-0.9166666666666666,-0.9166345278803784,0.04347826086956524,0.04349575827156584,0.95,0.0,500000,0
-0.9166666666666666,-0.9167004365725534,0.04347826086956524,0.04345987606514192,0.9533333333333334,0.0,500000,0
-0.9166666666666666,-0.9164228171433628,0.04347826086956524,0.04361103515831552,0.9566666666666667,0.0,500000,0
-0.9166666666666666,-0.9168283014983486,0.04347826086956524,0.043390270498738795,0.96,0.0,500000,0
-0.9166666666666666,-0.9166962486451395,0.04347826086956524,0.04346215599563345,0.9633333333333334,0.0,500000,0
-0.9166666666666666,-0.9166905586347199,0.04347826086956524,0.04346525368425795,0.9666666666666667,0.0,500000,0
-0.9166666666666666,-0.916453527808437,0.04347826086956524,0.04359431156522888,0.97,0.0,500000,0
-0.9166666666666666,-0.916776055696848,0.04347826086956524,0.04341871031610721,0.9733333333333334,0.0,500000,0
-0.9166666666666666,-0.9165446373868938,0.04347826086956524,0.043544700699949784,0.9766666666666667,0.0,500000,0
-0.9166666666666666,-0.9169373392739625,0.04347826086956524,0.043330921164850045,0.98,0.0,500000,0
-0.9166666666666666,-0.916721779078642,0.04347826086956524,0.043448257243359205,0.9833333333333334,0.0,500000,0
-0.9166666666666666,-0.9163214683360739,0.04347826086956524,0.04366622878602069,0.9866666666666667,0.0,500000,0
-0.9166666666666666,-0.9165050154214248,0.04347826086956524,0.04356627501974751,0.99,0.0,500000,0
-0.9166666666666666,-0.9164189502984703,0.04347826086956524,0.0436131408993385,0.9933333333333334,0.0,500000,0
-0.9166666666666666,-0.9167627628843444,0.04347826086956524,0.0434259464590183,0.9966666666666667,0.0,500000,0
-0.9166666666666666,-0.9166302160924813,0.04347826086956524,0.043498105793974375,1.0,0.0,500000,0
-0.9166666666666666,-0.916996804602116,0.04347826086956524,0.04329855699217597,1.0033333333333334,0.002918,500000,1459
-0.9166666666666666,-0.916548206887433,0.04347826086956524,0.043542757136329435,1.0066666666666666,0.006742,500000,3371
-0.9166666666666666,-0.9167159273677924,0.04347826086956524,0.04345144287843466,1.01,0.009484,500000,4742
-0.9166666666666666,-0.9165770654548895,0.04347826086956524,0.04352704415009294,1.0133333333333334,0.012612,500000,6306
-0.9166666666666666,-0.9164659653737749,0.04347826086956524,0.04358753880084327,1.0166666666666666,0.01633,500000,8165
-0.9166666666666666,-0.9166563555774415,0.04347826086956524,0.043483874498435555,1.02,0.019788,500000,9894
-0.9166666666666666,-0.9164546479961804,0.04347826086956524,0.04359370157346195,1.0233333333333334,0.02267,500000,11335
-0.9166666666666666,-0.9163811521631758,0.04347826086956524,0.04363372481640035,1.0266666666666666,0.026124,500000,13062
-0.9166666666666666,-0.916610920218972,0.04347826086956524,0.043508611425161305,1.03,0.02925,500000,14625
-0.9166666666666666,-0.9167083632370506,0.04347826086956524,0.04345556077309624,1.0333333333333334,0.03249,500000,16245
-0.9166666666666666,-0.9166327295853358,0.04347826086956524,0.043496737339292255,1.0366666666666666,0.034882,500000,17441
-0.9166666666666666,-0.9164042918019271,0.04347826086956524,0.04362112345275058,1.04,0.038742,500000,19371
-0.9166666666666666,-0.9166860004484423,0.04347826086956524,0.043467735211748314,1.0433333333333334,0.041656,500000,20828
-0.9166666666666666,-0.9161554879878159,0.04347826086956524,0.043756632766911066,1.0466666666666666,0.044844,500000,22422
-0.9166666666666666,-0.9165844135987953,0.04347826086956524,0.04352304328958523,1.05,0.047892,500000,23946
-0.8888888888888888,-0.8889157741028649,0.05882352941176473,0.058808459021892745,0.85,0.0,500000,0
-0.8888888888888888,-0.88887985729503,0.05882352941176473,0.058828592128723066,0.8533333333333333,0.0,500000,0
-0.8888888888888888,-0.8889505757779915,0.05882352941176473,0.05878895173118604,0.8566666666666667,0.0,500000,0
-0.8888888888888888,-0.888984193856507,0.05882352941176473,0.05877010856128217,0.86,0.0,500000,0
-0.8888888888888888,-0.888695997530284,0.05882352941176473,0.05893166640648387,0.8633333333333333,0.0,500000,0
-0.8888888888888888,-0.8888355033253064,0.05882352941176473,0.05885345572919813,0.8666666666666667,0.0,500000,0
-0.8888888888888888,-0.8889795288166615,0.05882352941176473,0.0587727233089109,0.87,0.0,500000,0
-0.8888888888888888,-0.8891311880310904,0.05882352941176473,0.05868772516770549,0.8733333333333333,0.0,500000,0
-0.8888888888888888,-0.8889334189200911,0.05882352941176473,0.05879856852943288,0.8766666666666667,0.0,500000,0
-0.8888888888888888,-0.8885148391539851,0.05882352941176473,0.05903324587905173,0.88,0.0,500000,0
-0.8888888888888888,-0.8889173247009978,0.05882352941176473,0.05880758985393169,0.8833333333333333,0.0,500000,0
-0.8888888888888888,-0.8888193811688766,0.05882352941176473,0.05886249365056832,0.8866666666666667,0.0,500000,0
-0.8888888888888888,-0.8886937239627118,0.05882352941176473,0.0589329411249135,0.89,0.0,500000,0
-0.8888888888888888,-0.8890401713993551,0.05882352941176473,0.05873873424218849,0.8933333333333333,0.0,500000,0
-0.8888888888888888,-0.8885161296797595,0.05882352941176473,0.05903252218404145,0.8966666666666666,0.0,500000,0
-0.8888888888888888,-0.8889421219288414,0.05882352941176473,0.05879369027874437,0.9,0.0,500000,0
-0.8888888888888888,-0.8890751234733429,0.05882352941176473,0.0587191452305536,0.9033333333333333,0.0,500000,0
-0.8888888888888888,-0.888890503449261,0.05882352941176473,0.05882262436485568,0.9066666666666666,0.0,500000,0
-0.8888888888888888,-0.8889293935897028,0.05882352941176473,0.05880082484143034,0.91,0.0,500000,0
-0.8888888888888888,-0.8887766275927248,0.05882352941176473,0.058886461629415195,0.9133333333333333,0.0,500000,0
-0.8888888888888888,-0.8890889503837041,0.05882352941176473,0.058711396090569565,0.9166666666666666,0.0,500000,0
-0.8888888888888888,-0.8888170004069299,0.05882352941176473,0.05886382829523268,0.92,0.0,500000,0
-0.8888888888888888,-0.8891524995640149,0.05882352941176473,0.05867578210947337,0.9233333333333333,0.0,500000,0
-0.8888888888888888,-0.8888763267136565,0.05882352941176473,0.05883057123156442,0.9266666666666666,0.0,500000,0
-0.8888888888888888,-0.8889377777720395,0.05882352941176473,0.05879612527997393,0.93,0.0,500000,0
-0.8888888888888888,-0.8887014071905849,0.05882352941176473,0.05892863339100809,0.9333333333333333,0.0,500000,0
-0.8888888888888888,-0.8888140225560689,0.05882352941176473,0.05886549767004947,0.9366666666666666,0.0,500000,0
-0.8888888888888888,-0.8889893685509291,0.05882352941176473,0.0587672081681586,0.94,0.0,500000,0
-0.8888888888888888,-0.8891019643378574,0.05882352941176473,0.05870410266658796,0.9433333333333334,0.0,500000,0
-0.8888888888888888,-0.8887884199726382,0.05882352941176473,0.058879850623487426,0.9466666666666667,0.0,500000,0
-0.8888888888888888,-0.8888591737743219,0.05882352941176473,0.058840186589239604,0.95,0.0,500000,0
-0.8888888888888888,-0.8888988718886236,0.05882352941176473,0.05881793343456841,0.9533333333333334,0.0,500000,0
-0.8888888888888888,-0.8886397163403499,0.05882352941176473,0.05896322241673225,0.9566666666666667,0.0,500000,0
-0.8888888888888888,-0.888987682185126,0.05882352941176473,0.05876815336691773,0.96,0.0,500000,0
-0.8888888888888888,-0.8885081291776248,0.05882352941176473,0.05903700868416483,0.9633333333333334,0.0,500000,0
-0.8888888888888888,-0.8884308241890998,0.05882352941176473,0.059080361526511575,0.9666666666666667,0.0,500000,0
-0.8888888888888888,-0.8888935396623545,0.05882352941176473,0.05882092241022014,0.97,0.0,500000,0
-0.8888888888888888,-0.8888359124216852,0.05882352941176473,0.058853226395823195,0.9733333333333334,0.0,500000,0
-0.8888888888888888,-0.8888663175318378,0.05882352941176473,0.05883618201915926,0.9766666666666667,0.0,500000,0
-0.8888888888888888,-0.8884722622413964,0.05882352941176473,0.05905712251565348,0.98,0.0,500000,0
-0.8888888888888888,-0.8887466163069837,0.05882352941176473,0.05890328683184991,0.9833333333333334,0.0,500000,0
-0.8888888888888888,-0.8886085569896722,0.05882352941176473,0.05898069380130257,0.9866666666666667,0.0,500000,0
-0.8888888888888888,-0.8889324100259394,0.05882352941176473,0.05879913404235328,0.99,0.0,500000,0
-0.8888888888888888,-0.888903126881139,0.05882352941176473,0.0588155483136388,0.9933333333333334,0.0,500000,0
-0.8888888888888888,-0.8886859724493179,0.05882352941176473,0.058937287179787703,0.9966666666666667,0.0,500000,0
-0.8888888888888888,-0.8887658476890675,0.05882352941176473,0.0588925050963988,1.0,0.0,500000,0
-0.8888888888888888,-0.8886844302612777,0.05882352941176473,0.058938151845368374,1.0033333333333334,0.003234,500000,1617
-0.8888888888888888,-0.8888949961764295,0.05882352941176473,0.058820105960613614,1.0066666666666666,0.00558,500000,2790
-0.8888888888888888,-0.8889264995780045,0.05882352941176473,0.05880244702311597,1.01,0.009422,500000,4711
-0.8888888888888888,-0.8890573104871068,0.05882352941176473,0.05872912849017044,1.0133333333333334,0.012542,500000,6271
-0.8888888888888888,-0.888869336080062,0.05882352941176473,0.058834489923249765,1.0166666666666666,0.015922,500000,7961
-0.8888888888888888,-0.8889762281364363,0.05882352941176473,0.058774573342880956,1.02,0.019678,500000,9839
-0.8888888888888888,-0.8887818308365166,0.05882352941176473,0.058883544593515275,1.0233333333333334,0.021976,500000,10988
-0.8888888888888888,-0.8886516937634512,0.05882352941176473,0.058956506699585735,1.0266666666666666,0.025866,500000,12933
-0.8888888888888888,-0.889044139365968,0.05882352941176473,0.05873651034500057,1.03,0.028948,500000,14474
-0.8888888888888888,-0.8892628397655575,0.05882352941176473,0.05861395138020298,1.0333333333333334,0.031986,500000,15993
-0.8888888888888888,-0.888936548342781,0.05882352941176473,0.05879681440578728,1.0366666666666666,0.035368,500000,17684
-0.8888888888888888,-0.8888368992016543,0.05882352941176473,0.05885267322198668,1.04,0.038564,500000,19282
-0.8888888888888888,-0.8891526875240605,0.05882352941176473,0.05867567677719953,1.0433333333333334,0.041574,500000,20787
-0.8888888888888888,-0.8885300046481657,0.05882352941176473,0.05902474150660962,1.0466666666666666,0.045034,500000,22517
-0.8888888888888888,-0.8886900102952867,0.05882352941176473,0.0589350232690173,1.05,0.047728,500000,23864
-0.8611111111111112,-0.8609848596118769,0.07462686567164176,0.07469976967846795,0.85,0.0,500000,0
-0.8611111111111112,-0.8615754855995857,0.07462686567164176,0.07435879741176857,0.8533333333333333,0.0,500000,0
-0.8611111111111112,-0.8608179907298695,0.07462686567164176,0.07479614339688272,0.8566666666666667,0.0,500000,0
-0.8611111111111112,-0.8607469379573238,0.07462686567164176,0.07483718457467638,0.86,0.0,500000,0
-0.8611111111111112,-0.8609782576757481,0.07462686567164176,0.07470358224275105,0.8633333333333333,0.0,500000,0
-0.8611111111111112,-0.861269478340513,0.07462686567164176,0.07453543040053372,0.8666666666666667,0.0,500000,0
-0.8611111111111112,-0.8607192457876892,0.07462686567164176,0.07485318084800573,0.87,0.0,500000,0
-0.8611111111111112,-0.8612370257154404,0.07462686567164176,0.07455416605588992,0.8733333333333333,0.0,500000,0
-0.8611111111111112,-0.8612576163575136,0.07462686567164176,0.07454227852348867,0.8766666666666667,0.0,500000,0
-0.8611111111111112,-0.8610556122586838,0.07462686567164176,0.07465891230014636,0.88,0.0,500000,0
-0.8611111111111112,-0.8610470890403406,0.07462686567164176,0.07466383402007917,0.8833333333333333,0.0,500000,0
-0.8611111111111112,-0.8610888153371811,0.07462686567164176,0.07463973966102842,0.8866666666666667,0.0,500000,0
-0.8611111111111112,-0.8611421251658435,0.07462686567164176,0.07460895809973837,0.89,0.0,500000,0
-0.8611111111111112,-0.8610016089195935,0.07462686567164176,0.07469009721120132,0.8933333333333333,0.0,500000,0
-0.8611111111111112,-0.8608505034760863,0.07462686567164176,0.07477736457817603,0.8966666666666666,0.0,500000,0
-0.8611111111111112,-0.8607211792683171,0.07462686567164176,0.07485206396503248,0.9,0.0,500000,0
-0.8611111111111112,-0.8612462589472204,0.07462686567164176,0.0745488354299033,0.9033333333333333,0.0,500000,0
-0.8611111111111112,-0.861247584844396,0.07462686567164176,0.07454806995341458,0.9066666666666666,0.0,500000,0
-0.8611111111111112,-0.8606158811000435,0.07462686567164176,0.07491289326067078,0.91,0.0,500000,0
-0.8611111111111112,-0.8609638788806938,0.07462686567164176,0.07471188597326864,0.9133333333333333,0.0,500000,0
-0.8611111111111112,-0.861109249369378,0.07462686567164176,0.07462794066371112,0.9166666666666666,0.0,500000,0
-0.8611111111111112,-0.8611674081674544,0.07462686567164176,0.07459436008996263,0.92,0.0,500000,0
-0.8611111111111112,-0.8610191900242848,0.07462686567164176,0.07467994458128162,0.9233333333333333,0.0,500000,0
-0.8611111111111112,-0.860985996194749,0.07462686567164176,0.07469911331385609,0.9266666666666666,0.0,500000,0
-0.8611111111111112,-0.8609029894540057,0.07462686567164176,0.07474705093939679,0.93,0.0,500000,0
-0.8611111111111112,-0.8609947666963468,0.07462686567164176,0.07469404846872103,0.9333333333333333,0.0,500000,0
-0.8611111111111112,-0.8613684504551362,0.07462686567164176,0.07447829553088535,0.9366666666666666,0.0,500000,0
-0.8611111111111112,-0.8613515063714186,0.07462686567164176,0.07448807662281233,0.94,0.0,500000,0
-0.8611111111111112,-0.8613375650825544,0.07462686567164176,0.07449612446375115,0.9433333333333334,0.0,500000,0
-0.8611111111111112,-0.8614296820565691,0.07462686567164176,0.0744429506412157,0.9466666666666667,0.0,500000,0
-0.8611111111111112,-0.8612309265950029,0.07462686567164176,0.07455768729292814,0.95,0.0,500000,0
-0.8611111111111112,-0.8606790884579812,0.07462686567164176,0.07487637841809658,0.9533333333333334,0.0,500000,0
-0.8611111111111112,-0.8609884040043361,0.07462686567164176,0.07469772283188292,0.9566666666666667,0.0,500000,0
-0.8611111111111112,-0.8606558015832732,0.07462686567164176,0.07488983093926124,0.96,0.0,500000,0
-0.8611111111111112,-0.8612977208290172,0.07462686567164176,0.07451912588664493,0.9633333333333334,0.0,500000,0
-0.8611111111111112,-0.8613696180857329,0.07462686567164176,0.07447762151444014,0.9666666666666667,0.0,500000,0
-0.8611111111111112,-0.8611404496042186,0.07462686567164176,0.07460992555683296,0.97,0.0,500000,0
-0.8611111111111112,-0.8611145306092435,0.07462686567164176,0.07462489121789397,0.9733333333333334,0.0,500000,0
-0.8611111111111112,-0.8614170902244285,0.07462686567164176,0.07445021887000233,0.9766666666666667,0.0,500000,0
-0.8611111111111112,-0.8611280574835785,0.07462686567164176,0.07461708073123646,0.98,0.0,500000,0
-0.8611111111111112,-0.8609887016514087,0.07462686567164176,0.07469755094441734,0.9833333333333334,0.0,500000,0
-0.8611111111111112,-0.8613490784662527,0.07462686567164176,0.07448947816279326,0.9866666666666667,0.0,500000,0
-0.8611111111111112,-0.8612290345722119,0.07462686567164176,0.07455877962901197,0.99,0.0,500000,0
-0.8611111111111112,-0.8608294529677339,0.07462686567164176,0.074789522925011,0.9933333333333334,0.0,500000,0
-0.8611111111111112,-0.8614410904168764,0.07462686567164176,0.07443636561826021,0.9966666666666667,0.0,500000,0
-0.8611111111111112,-0.8609232976510682,0.07462686567164176,0.07473532225883789,1.0,0.0,500000,0
-0.8611111111111112,-0.8609766771471505,0.07462686567164176,0.074704494989142,1.0033333333333334,0.002378,500000,1189
-0.8611111111111112,-0.86143314704881,0.07462686567164176,0.07444095060350638,1.0066666666666666,0.00568,500000,2840
-0.8611111111111112,-0.860391415858481,0.07462686567164176,0.07504258671130039,1.01,0.009952,500000,4976
-0.8611111111111112,-0.8611404951037813,0.07462686567164176,0.07460989928569337,1.0133333333333334,0.012446,500000,6223
-0.8611111111111112,-0.8610245644082194,0.07462686567164176,0.07467684105285996,1.0166666666666666,0.016174,500000,8087
-0.8611111111111112,-0.8609882748818685,0.07462686567164176,0.07469779739851165,1.02,0.01998,500000,9990
-0.8611111111111112,-0.860752204423396,0.07462686567164176,0.07483414247506098,1.0233333333333334,0.023338,500000,11669
-0.8611111111111112,-0.8606741172657475,0.07462686567164176,0.074879250182182,1.0266666666666666,0.025562,500000,12781
-0.8611111111111112,-0.8607449219591315,0.07462686567164176,0.07483834909206695,1.03,0.029828,500000,14914
-0.8611111111111112,-0.8613409530923827,0.07462686567164176,0.07449416866762264,1.0333333333333334,0.032334,500000,16167
-0.8611111111111112,-0.8611769764602827,0.07462686567164176,0.07458883561075458,1.0366666666666666,0.035196,500000,17598
-0.8611111111111112,-0.8612142538800107,0.07462686567164176,0.07456731315627271,1.04,0.037356,500000,18678
-0.8611111111111112,-0.8613057240472235,0.07462686567164176,0.07451450568324673,1.0433333333333334,0.041894,500000,20947
-0.8611111111111112,-0.8612849492120538,0.07462686567164176,0.07452649893648419,1.0466666666666666,0.044064,500000,22032
-0.8611111111111112,-0.8612284376836484,0.07462686567164176,0.07455912423574226,1.05,0.047208,500000,23604
-0.8333333333333334,-0.8331470496663215,0.09090909090909088,0.0910199486528099,0.85,0.0,500000,0
-0.8333333333333334,-0.833428649808023,0.09090909090909088,0.090852376616575,0.8533333333333333,0.0,500000,0
-0.8333333333333334,-0.8334363813936638,0.09090909090909088,0.09084777650137225,0.8566666666666667,0.0,500000,0
-0.8333333333333334,-0.8336483013206168,0.09090909090909088,0.090721704134634,0.86,0.0,500000,0
-0.8333333333333334,-0.8334664318798004,0.09090909090909088,0.09082989752338007,0.8633333333333333,0.0,500000,0
-0.8333333333333334,-0.8328109583261082,0.09090909090909088,0.09122001421607835,0.8666666666666667,0.0,500000,0
-0.8333333333333334,-0.8335039242806244,0.09090909090909088,0.09080759169070247,0.87,0.0,500000,0
-0.8333333333333334,-0.8336797411269444,0.09090909090909088,0.09070300289778982,0.8733333333333333,0.0,500000,0
-0.8333333333333334,-0.8337777698965342,0.09090909090909088,0.09064469688322399,0.8766666666666667,0.0,500000,0
-0.8333333333333334,-0.8327744519301015,0.09090909090909088,0.09124174984750175,0.88,0.0,500000,0
-0.8333333333333334,-0.8335465809102051,0.09090909090909088,0.09078221454682898,0.8833333333333333,0.0,500000,0
-0.8333333333333334,-0.8336161633486633,0.09090909090909088,0.09074082132188245,0.8866666666666667,0.0,500000,0
-0.8333333333333334,-0.833503171541188,0.09090909090909088,0.09080803951861165,0.89,0.0,500000,0
-0.8333333333333334,-0.8334176342037444,0.09090909090909088,0.0908589307141701,0.8933333333333333,0.0,500000,0
-0.8333333333333334,-0.8332601126714642,0.09090909090909088,0.09095266196871483,0.8966666666666666,0.0,500000,0
-0.8333333333333334,-0.8333372497025376,0.09090909090909088,0.09090676051255912,0.9,0.0,500000,0
-0.8333333333333334,-0.8334626312041349,0.09090909090909088,0.09083215875880207,0.9033333333333333,0.0,500000,0
-0.8333333333333334,-0.8335253256735953,0.09090909090909088,0.09079485949573436,0.9066666666666666,0.0,500000,0
-0.8333333333333334,-0.8332720507953776,0.09090909090909088,0.0909455577704828,0.91,0.0,500000,0
-0.8333333333333334,-0.8333008837458409,0.09090909090909088,0.09092840009630924,0.9133333333333333,0.0,500000,0
-0.8333333333333334,-0.8334908692438701,0.09090909090909088,0.09081535858686776,0.9166666666666666,0.0,500000,0
-0.8333333333333334,-0.8333289668306536,0.09090909090909088,0.09091168916480771,0.92,0.0,500000,0
-0.8333333333333334,-0.8339387353318849,0.09090909090909088,0.09054897062200029,0.9233333333333333,0.0,500000,0
-0.8333333333333334,-0.8329125110488866,0.09090909090909088,0.09115955504908266,0.9266666666666666,0.0,500000,0
-0.8333333333333334,-0.8339180900018116,0.09090909090909088,0.09056124747535714,0.93,0.0,500000,0
-0.8333333333333334,-0.833345575886972,0.09090909090909088,0.09090180613243122,0.9333333333333333,0.0,500000,0
-0.8333333333333334,-0.8334985794823148,0.09090909090909088,0.0908107714840426,0.9366666666666666,0.0,500000,0
-0.8333333333333334,-0.832949393180412,0.09090909090909088,0.09113759901997778,0.94,0.0,500000,0
-0.8333333333333334,-0.833233427461847,0.09090909090909088,0.09096854227071617,0.9433333333333334,0.0,500000,0
-0.8333333333333334,-0.8330148175911887,0.09090909090909088,0.09109865387135864,0.9466666666666667,0.0,500000,0
-0.8333333333333334,-0.8335655164471221,0.09090909090909088,0.09077094985696293,0.95,0.0,500000,0
-0.8333333333333334,-0.8337123266911585,0.09090909090909088,0.09068362081030407,0.9533333333333334,0.0,500000,0
-0.8333333333333334,-0.8340401788302286,0.09090909090909088,0.0904886507315355,0.9566666666666667,0.0,500000,0
-0.8333333333333334,-0.833205616628569,0.09090909090909088,0.0909850929205536,0.96,0.0,500000,0
-0.8333333333333334,-0.833330009916962,0.09090909090909088,0.09091106848274795,0.9633333333333334,0.0,500000,0
-0.8333333333333334,-0.8332790503058924,0.09090909090909088,0.09094139250993417,0.9666666666666667,0.0,500000,0
-0.8333333333333334,-0.8334852653033887,0.09090909090909088,0.09081869260021447,0.97,0.0,500000,0
-0.8333333333333334,-0.8336760637007261,0.09090909090909088,0.09070519029604325,0.9733333333333334,0.0,500000,0
-0.8333333333333334,-0.8330568964604882,0.09090909090909088,0.09107360707780966,0.9766666666666667,0.0,500000,0
-0.8333333333333334,-0.8332801217183587,0.09090909090909088,0.09094075493786098,0.98,0.0,500000,0
-0.8333333333333334,-0.8327180296075151,0.09090909090909088,0.09127534497399424,0.9833333333333334,0.0,500000,0
-0.8333333333333334,-0.8333276745768757,0.09090909090909088,0.09091245811340935,0.9866666666666667,0.0,500000,0
-0.8333333333333334,-0.8333286802107192,0.09090909090909088,0.09091185971635156,0.99,0.0,500000,0
-0.8333333333333334,-0.8335727536827698,0.09090909090909088,0.09076664451026417,0.9933333333333334,0.0,500000,0
-0.8333333333333334,-0.8334082057175644,0.09090909090909088,0.09086454056598622,0.9966666666666667,0.0,500000,0
-0.8333333333333334,-0.8331473801349437,0.09090909090909088,0.09101975197039186,1.0,3e-05,500000,15
-0.8333333333333334,-0.833587696344002,0.09090909090909088,0.09075775540368655,1.0033333333333334,0.002144,500000,1072
-0.8333333333333334,-0.8336293759939577,0.09090909090909088,0.09073296173380592,1.0066666666666666,0.006356,500000,3178
-0.8333333333333334,-0.8333583928061206,0.09090909090909088,0.09089417969108562,1.01,0.008566,500000,4283
-0.8333333333333334,-0.8335685465018504,0.09090909090909088,0.09076914730876776,1.0133333333333334,0.012814,500000,6407
-0.8333333333333334,-0.8332047155106127,0.09090909090909088,0.09098562919795286,1.0166666666666666,0.016346,500000,8173
-0.8333333333333334,-0.8335165649513073,0.09090909090909088,0.09080007142074227,1.02,0.019598,500000,9799
-0.8333333333333334,-0.8337685171768868,0.09090909090909088,0.09065019999308803,1.0233333333333334,0.022458,500000,11229
-0.8333333333333334,-0.8334346875429638,0.09090909090909088,0.09084878430016781,1.0266666666666666,0.025842,500000,12921
-0.8333333333333334,-0.8330134717731408,0.09090909090909088,0.09109945496763153,1.03,0.028836,500000,14418
-0.8333333333333334,-0.8336318636267513,0.09090909090909088,0.09073148196944399,1.0333333333333334,0.03203,500000,16015
-0.8333333333333334,-0.8335948191548747,0.09090909090909088,0.09075351822919273,1.0366666666666666,0.035446,500000,17723
-0.8333333333333334,-0.8333253249784138,0.09090909090909088,0.09091385623200765,1.04,0.03886,500000,19430
-0.8333333333333334,-0.8331531671309002,0.09090909090909088,0.0910163077808903,1.0433333333333334,0.041332,500000,20666
-0.8333333333333334,-0.8331145385066921,0.09090909090909088,0.09103929841135706,1.0466666666666666,0.044722,500000,22361
-0.8333333333333334,-0.833001549852873,0.09090909090909088,0.091106551525028,1.05,0.047552,500000,23776
-0.8055555555555556,-0.8056395538901201,0.10769230769230767,0.1076407778568786,0.85,0.0,500000,0
-0.8055555555555556,-0.8049838109467644,0.10769230769230767,0.10804317904155836,0.8533333333333333,0.0,500000,0
-0.8055555555555556,-0.8057128727318865,0.10769230769230767,0.10759580340930618,0.8566666666666667,0.0,500000,0
-0.8055555555555556,-0.8059916376946773,0.10769230769230767,0.10742483977000669,0.86,0.0,500000,0
-0.8055555555555556,-0.8053268215744678,0.10769230769230767,0.10783265173878774,0.8633333333333333,0.0,500000,0
-0.8055555555555556,-0.8057556130821074,0.10769230769230767,0.10756958777292772,0.8666666666666667,0.0,500000,0
-0.8055555555555556,-0.80581730370991,0.10769230769230767,0.10753175079846496,0.87,0.0,500000,0
-0.8055555555555556,-0.8051644721249751,0.10769230769230767,0.10793228588510362,0.8733333333333333,0.0,500000,0
-0.8055555555555556,-0.8056683595062624,0.10769230769230767,0.10762310779310282,0.8766666666666667,0.0,500000,0
-0.8055555555555556,-0.80563721408922,0.10769230769230767,0.10764221317227252,0.88,0.0,500000,0
-0.8055555555555556,-0.8055703577837682,0.10769230769230767,0.10768322673112711,0.8833333333333333,0.0,500000,0
-0.8055555555555556,-0.8054840191287674,0.10769230769230767,0.1077361963940816,0.8866666666666667,0.0,500000,0
-0.8055555555555556,-0.8056645307170072,0.10769230769230767,0.10762545643283176,0.89,0.0,500000,0
-0.8055555555555556,-0.8060794933082661,0.10769230769230767,0.1073709697774831,0.8933333333333333,0.0,500000,0
-0.8055555555555556,-0.805358224724719,0.10769230769230767,0.107813381637852,0.8966666666666666,0.0,500000,0
-0.8055555555555556,-0.8056835853552589,0.10769230769230767,0.10761376811569691,0.9,0.0,500000,0
-0.8055555555555556,-0.8057504206069583,0.10769230769230767,0.10757277261369795,0.9033333333333333,0.0,500000,0
-0.8055555555555556,-0.806382605439576,0.10769230769230767,0.10718515223595611,0.9066666666666666,0.0,500000,0
-0.8055555555555556,-0.8052326055680987,0.10769230769230767,0.10789047008743173,0.91,0.0,500000,0
-0.8055555555555556,-0.8064116979697925,0.10769230769230767,0.1071673208537009,0.9133333333333333,0.0,500000,0
-0.8055555555555556,-0.8054232380005566,0.10769230769230767,0.10777348928716035,0.9166666666666666,0.0,500000,0
-0.8055555555555556,-0.8066624611593569,0.10769230769230767,0.10701364698560017,0.92,0.0,500000,0
-0.8055555555555556,-0.8059067403619363,0.10769230769230767,0.1074769008277603,0.9233333333333333,0.0,500000,0
-0.8055555555555556,-0.805973467519141,0.10769230769230767,0.1074359817408572,0.9266666666666666,0.0,500000,0
-0.8055555555555556,-0.805767267638243,0.10769230769230767,0.10756243943650248,0.93,0.0,500000,0
-0.8055555555555556,-0.8053252211863696,0.10769230769230767,0.10783363381236093,0.9333333333333333,0.0,500000,0
-0.8055555555555556,-0.8052286751624645,0.10769230769230767,0.10789288222446758,0.9366666666666666,0.0,500000,0
-0.8055555555555556,-0.8061328852011602,0.10769230769230767,0.10733823429456442,0.94,0.0,500000,0
-0.8055555555555556,-0.805613657852563,0.10769230769230767,0.10765666359581201,0.9433333333333334,0.0,500000,0
-0.8055555555555556,-0.8055565342995045,0.10769230769230767,0.10769170724190762,0.9466666666666667,0.0,500000,0
-0.8055555555555556,-0.8054174606710888,0.10769230769230767,0.1077770341583953,0.95,0.0,500000,0
-0.8055555555555556,-0.8055802119589892,0.10769230769230767,0.10767718141420721,0.9533333333333334,0.0,500000,0
-0.8055555555555556,-0.8057806167296772,0.10769230769230767,0.10755425186812555,0.9566666666666667,0.0,500000,0
-0.8055555555555556,-0.805403334568222,0.10769230769230767,0.1077857017907401,0.96,0.0,500000,0
-0.8055555555555556,-0.8053427127816258,0.10769230769230767,0.10782290023950694,0.9633333333333334,0.0,500000,0
-0.8055555555555556,-0.8063144953291494,0.10769230769230767,0.10722690050469694,0.9666666666666667,0.0,500000,0
-0.8055555555555556,-0.80544597028154,0.10769230769230767,0.10775954136590496,0.97,0.0,500000,0
-0.8055555555555556,-0.8054854429838154,0.10769230769230767,0.10773532280311404,0.9733333333333334,0.0,500000,0
-0.8055555555555556,-0.8058750041363747,0.10769230769230767,0.10749636349081747,0.9766666666666667,0.0,500000,0
-0.8055555555555556,-0.8057981200418217,0.10769230769230767,0.10754351652203546,0.98,0.0,500000,0
-0.8055555555555556,-0.8062299193319669,0.10769230769230767,0.10727874596369154,0.9833333333333334,0.0,500000,0
-0.8055555555555556,-0.8054877234997979,0.10769230769230767,0.1077339236199043,0.9866666666666667,0.0,500000,0
-0.8055555555555556,-0.8052167417977791,0.10769230769230767,0.10790020593773136,0.99,0.0,500000,0
-0.8055555555555556,-0.8056804599260564,0.10769230769230767,0.10761568527019504,0.9933333333333334,0.0,500000,0
-0.8055555555555556,-0.8065445553908662,0.10769230769230767,0.10708589723505467,0.9966666666666667,0.0,500000,0
-0.8055555555555556,-0.8058322952976005,0.10769230769230767,0.1075225563348344,1.0,0.000556,500000,278
-0.8055555555555556,-0.8057125499313751,0.10769230769230767,0.10759600141008527,1.0033333333333334,0.003376,500000,1688
-0.8055555555555556,-0.8056299976850301,0.10769230769230767,0.10764663998946004,1.0066666666666666,0.006566,500000,3283
-0.8055555555555556,-0.8055022453253847,0.10769230769230767,0.10772501401102562,1.01,0.009112,500000,4556
-0.8055555555555556,-0.8064027289452925,0.10769230769230767,0.10717281808345332,1.0133333333333334,0.012536,500000,6268
-0.8055555555555556,-0.8056499679110174,0.10769230769230767,0.10763438957874494,1.0166666666666666,0.015586,500000,7793
-0.8055555555555556,-0.8051246395107309,0.10769230769230767,0.1079567339694,1.02,0.018952,500000,9476
-0.8055555555555556,-0.8064187927960229,0.10769230769230767,0.10716297238269261,1.0233333333333334,0.02269,500000,11345
-0.8055555555555556,-0.8051831675573371,0.10769230769230767,0.10792081155192523,1.0266666666666666,0.025846,500000,12923
-0.8055555555555556,-0.8056418993983118,0.10769230769230767,0.10763933904416689,1.03,0.02888,500000,14440
-0.8055555555555556,-0.8050966213402,0.10769230769230767,0.10797393134285153,1.0333333333333334,0.031636,500000,15818
-0.8055555555555556,-0.8051072025314508,0.10769230769230767,0.10796743661275901,1.0366666666666666,0.035404,500000,17702
-0.8055555555555556,-0.8055024006017791,0.10769230769230767,0.10772491874471854,1.04,0.037806,500000,18903
-0.8055555555555556,-0.8054036940742757,0.10769230769230767,0.10778548119981772,1.0433333333333334,0.04196,500000,20980
-0.8055555555555556,-0.8050701262336422,0.10769230769230767,0.10799019436053021,1.0466666666666666,0.044228,500000,22114
-0.8055555555555556,-0.8054508115007503,0.10769230769230767,0.10775657096829681,1.05,0.047958,500000,23979
-0.7777777777777778,-0.7780937211166481,0.125,0.12480010263125733,0.85,0.0,500000,0
-0.7777777777777778,-0.7779814831262007,0.125,0.12487110747825511,0.8533333333333333,0.0,500000,0
-0.7777777777777778,-0.7773296573841594,0.125,0.12528364768501224,0.8566666666666667,0.0,500000,0
-0.7777777777777778,-0.7774938697487878,0.125,0.1251796892456563,0.86,0.0,500000,0
-0.7777777777777778,-0.7787638101963411,0.125,0.12437637225104024,0.8633333333333333,0.0,500000,0
-0.7777777777777778,-0.7778493575345609,0.125,0.1249547052588906,0.8666666666666667,0.0,500000,0
-0.7777777777777778,-0.7782771802043001,0.125,0.12468406065370916,0.87,0.0,500000,0
-0.7777777777777778,-0.7780384041698718,0.125,0.1248350965364876,0.8733333333333333,0.0,500000,0
-0.7777777777777778,-0.7782021530178469,0.125,0.12473151413394282,0.8766666666666667,0.0,500000,0
-0.7777777777777778,-0.7776572369854553,0.125,0.12507628489257736,0.88,0.0,500000,0
-0.7777777777777778,-0.777627670516127,0.125,0.12509499777268218,0.8833333333333333,0.0,500000,0
-0.7777777777777778,-0.7783144910266206,0.125,0.12466046365364782,0.8866666666666667,0.0,500000,0
-0.7777777777777778,-0.7772385582338853,0.125,0.1253413283962744,0.89,0.0,500000,0
-0.7777777777777778,-0.777815971743609,0.125,0.12497583090024895,0.8933333333333333,0.0,500000,0
-0.7777777777777778,-0.778302332858182,0.125,0.1246681529037269,0.8966666666666666,0.0,500000,0
-0.7777777777777778,-0.777989014095469,0.125,0.12486634289890508,0.9,0.0,500000,0
-0.7777777777777778,-0.7779047013977618,0.125,0.12491968688064672,0.9033333333333333,0.0,500000,0
-0.7777777777777778,-0.7776954520448428,0.125,0.12505209916549279,0.9066666666666666,0.0,500000,0
-0.7777777777777778,-0.7783627543900977,0.125,0.12462994125510367,0.91,0.0,500000,0
-0.7777777777777778,-0.7780437608434189,0.125,0.12483170777039573,0.9133333333333333,0.0,500000,0
-0.7777777777777778,-0.7777375064611829,0.125,0.12502548476982941,0.9166666666666666,0.0,500000,0
-0.7777777777777778,-0.7778503102248047,0.125,0.12495410243346365,0.92,0.0,500000,0
-0.7777777777777778,-0.778018088499966,0.125,0.1248479489245861,0.9233333333333333,0.0,500000,0
-0.7777777777777778,-0.7774013180549711,0.125,0.12523827887593839,0.9266666666666666,0.0,500000,0
-0.7777777777777778,-0.7779443899136324,0.125,0.12489457563807974,0.93,0.0,500000,0
-0.7777777777777778,-0.7772405524847251,0.125,0.1253400656449344,0.9333333333333333,0.0,500000,0
-0.7777777777777778,-0.7782163089017118,0.125,0.12472256046018923,0.9366666666666666,0.0,500000,0
-0.7777777777777778,-0.7774965948731506,0.125,0.12517796420461114,0.94,0.0,500000,0
-0.7777777777777778,-0.7770470490525268,0.125,0.12546260441801224,0.9433333333333334,0.0,500000,0
-0.7777777777777778,-0.7774231003606025,0.125,0.12522448908998726,0.9466666666666667,0.0,500000,0
-0.7777777777777778,-0.7782646769473747,0.125,0.12469196848315245,0.95,0.0,500000,0
-0.7777777777777778,-0.7768021041820907,0.125,0.12561775748270695,0.9533333333333334,0.0,500000,0
-0.7777777777777778,-0.7778031540304459,0.125,0.12498394181932519,0.9566666666666667,0.0,500000,0
-0.7777777777777778,-0.7788222255923035,0.125,0.12433944844266256,0.96,0.0,500000,0
-0.7777777777777778,-0.7776237042818417,0.125,0.12509750808481598,0.9633333333333334,0.0,500000,0
-0.7777777777777778,-0.7778188651555575,0.125,0.12497399999465181,0.9666666666666667,0.0,500000,0
-0.7777777777777778,-0.7783728264387442,0.125,0.12462357176536047,0.97,0.0,500000,0
-0.7777777777777778,-0.7767500606388792,0.125,0.12565072843213812,0.9733333333333334,0.0,500000,0
-0.7777777777777778,-0.7781169264171642,0.125,0.12478542343664735,0.9766666666666667,0.0,500000,0
-0.7777777777777778,-0.7774699999333977,0.125,0.1251947993917988,0.98,0.0,500000,0
-0.7777777777777778,-0.776672468776946,0.125,0.1256998884981833,0.9833333333333334,0.0,500000,0
-0.7777777777777778,-0.7783631388683806,0.125,0.12462969811253106,0.9866666666666667,0.0,500000,0
-0.7777777777777778,-0.7778019247623232,0.125,0.1249847196938898,0.99,0.0,500000,0
-0.7777777777777778,-0.7776475266795078,0.125,0.12508243056250168,0.9933333333333334,0.0,500000,0
-0.7777777777777778,-0.777947232711205,0.125,0.12489277702026352,0.9966666666666667,0.0,500000,0
-0.7777777777777778,-0.7769081614460571,0.125,0.125550573402955,1.0,0.0,500000,0
-0.7777777777777778,-0.7772124342741595,0.125,0.1253578702406672,1.0033333333333334,0.00304,500000,1520
-0.7777777777777778,-0.7774982108368222,0.125,0.12517694127997292,1.0066666666666666,0.006484,500000,3242
-0.7777777777777778,-0.7777837735446804,0.125,0.12499620581655323,1.01,0.009716,500000,4858
-0.7777777777777778,-0.7766237814838335,0.125,0.1257307376182948,1.0133333333333334,0.012772,500000,6386
-0.7777777777777778,-0.7776428358376646,0.125,0.12508539942870794,1.0166666666666666,0.016342,500000,8171
-0.7777777777777778,-0.7780576865105565,0.125,0.12482289813948955,1.02,0.018692,500000,9346
-0.7777777777777778,-0.7770314303404862,0.125,0.12547249635128405,1.0233333333333334,0.022598,500000,11299
-0.7777777777777778,-0.7784605621363432,0.125,0.12456809140458901,1.0266666666666666,0.026074,500000,13037
-0.7777777777777778,-0.7780758623530157,0.125,0.1248113999777833,1.03,0.02889,500000,14445
-0.7777777777777778,-0.7774788544189114,0.125,0.1251891942499842,1.0333333333333334,0.031934,500000,15967
-0.7777777777777778,-0.7777272956803318,0.125,0.1250319466094517,1.0366666666666666,0.035096,500000,17548
-0.7777777777777778,-0.7776482713258983,0.125,0.12508195927209811,1.04,0.038358,500000,19179
-0.7777777777777778,-0.7778534984557727,0.125,0.12495208504929214,1.0433333333333334,0.042036,500000,21018
-0.7777777777777778,-0.7778896871236066,0.125,0.12492918682471181,1.0466666666666666,0.04436,500000,22180
-0.7777777777777778,-0.7780543274872683,0.125,0.12482502310623061,1.05,0.048502,500000,24251
-0.75,-0.7504876550062932,0.14285714285714285,0.14253876300133614,0.85,0.0,500000,0
-0.75,-0.7503870567814547,0.14285714285714285,0.14260442697601067,0.8533333333333333,0.0,500000,0
-0.75,-0.7497560953256213,0.14285714285714285,0.14301644974570557,0.8566666666666667,0.0,500000,0
-0.75,-0.7510835919591397,0.14285714285714285,0.14214992886911168,0.86,0.0,500000,0
-0.75,-0.7498013277781383,0.14285714285714285,0.142986902712869,0.8633333333333333,0.0,500000,0
-0.75,-0.7501168073466691,0.14285714285714285,0.14278086559958003,0.8666666666666667,0.0,500000,0
-0.75,-0.7499649156928596,0.14285714285714285,0.14288005551708136,0.87,0.0,500000,0
-0.75,-0.7501959198944346,0.14285714285714285,0.14272920949366208,0.8733333333333333,0.0,500000,0
-0.75,-0.7500234027358261,0.14285714285714285,0.1428418596422102,0.8766666666666667,0.0,500000,0
-0.75,-0.7506257820736857,0.14285714285714285,0.14244861493523803,0.88,0.0,500000,0
-0.75,-0.7509775837914171,0.14285714285714285,0.1422190772250614,0.8833333333333333,0.0,500000,0
-0.75,-0.7496579346446338,0.14285714285714285,0.14308057615056746,0.8866666666666667,0.0,500000,0
-0.75,-0.7503495459089295,0.14285714285714285,0.14262891356447932,0.89,0.0,500000,0
-0.75,-0.7505556815729528,0.14285714285714285,0.1424943639627105,0.8933333333333333,0.0,500000,0
-0.75,-0.7501962103736373,0.14285714285714285,0.1427290198354583,0.8966666666666666,0.0,500000,0
-0.75,-0.7501537220150246,0.14285714285714285,0.14275676178736857,0.9,0.0,500000,0
-0.75,-0.7497936016107177,0.14285714285714285,0.1429919495413416,0.9033333333333333,0.0,500000,0
-0.75,-0.7491800107595429,0.14285714285714285,0.14339289707040734,0.9066666666666666,0.0,500000,0
-0.75,-0.7497382549608127,0.14285714285714285,0.14302810396335086,0.91,0.0,500000,0
-0.75,-0.7502538603720654,0.14285714285714285,0.1426913805377033,0.9133333333333333,0.0,500000,0
-0.75,-0.7499591179742974,0.14285714285714285,0.14288384194662948,0.9166666666666666,0.0,500000,0
-0.75,-0.7502040079217457,0.14285714285714285,0.14272392872352693,0.92,0.0,500000,0
-0.75,-0.7503532508315308,0.14285714285714285,0.14262649499457944,0.9233333333333333,0.0,500000,0
-0.75,-0.750338478061109,0.14285714285714285,0.1426361387058387,0.9266666666666666,0.0,500000,0
-0.75,-0.7496325018655313,0.14285714285714285,0.1430971920489111,0.93,0.0,500000,0
-0.75,-0.7491368805111797,0.14285714285714285,0.14342109087283467,0.9333333333333333,0.0,500000,0
-0.75,-0.7500625513132344,0.14285714285714285,0.14281629447999694,0.9366666666666666,0.0,500000,0
-0.75,-0.750141382128327,0.14285714285714285,0.14276481913011088,0.94,0.0,500000,0
-0.75,-0.7496123836075702,0.14285714285714285,0.14311033617408966,0.9433333333333334,0.0,500000,0
-0.75,-0.7497334675335623,0.14285714285714285,0.14303123139046736,0.9466666666666667,0.0,500000,0
-0.75,-0.7495595137592009,0.14285714285714285,0.14314487976615822,0.95,0.0,500000,0
-0.75,-0.7501108892183532,0.14285714285714285,0.14278472999688266,0.9533333333333334,0.0,500000,0
-0.75,-0.7493910136753539,0.14285714285714285,0.14325498665854774,0.9566666666666667,0.0,500000,0
-0.75,-0.7502774305254042,0.14285714285714285,0.14267599245659776,0.96,0.0,500000,0
-0.75,-0.7503527958638958,0.14285714285714285,0.14262679199646128,0.9633333333333334,0.0,500000,0
-0.75,-0.7490040749134234,0.14285714285714285,0.14350791326715517,0.9666666666666667,0.0,500000,0
-0.75,-0.7497195078784625,0.14285714285714285,0.14304035075027716,0.97,0.0,500000,0
-0.75,-0.7500302658775333,0.14285714285714285,0.14283737772793448,0.9733333333333334,0.0,500000,0
-0.75,-0.7499382686370412,0.14285714285714285,0.14289745863876802,0.9766666666666667,0.0,500000,0
-0.75,-0.7505450313666797,0.14285714285714285,0.14250131482682657,0.98,0.0,500000,0
-0.75,-0.749872346572443,0.14285714285714285,0.1429405144423786,0.9833333333333334,0.0,500000,0
-0.75,-0.7502780291042096,0.14285714285714285,0.1426756016720371,0.9866666666666667,0.0,500000,0
-0.75,-0.7505506587135292,0.14285714285714285,0.14249764212467284,0.99,0.0,500000,0
-0.75,-0.7500464032107622,0.14285714285714285,0.14282683952302908,0.9933333333333334,0.0,500000,0
-0.75,-0.7502513239657485,0.14285714285714285,0.14269303648824955,0.9966666666666667,0.0,500000,0
-0.75,-0.7494922870519671,0.14285714285714285,0.143188806719553,1.0,0.00049,500000,245
-0.75,-0.7491268576455394,0.14285714285714285,0.1434276429167381,1.0033333333333334,0.00309,500000,1545
-0.75,-0.7506422785253776,0.14285714285714285,0.14243784954437663,1.0066666666666666,0.005486,500000,2743
-0.75,-0.7497434601209112,0.14285714285714285,0.14302470366815692,1.01,0.009176,500000,4588
-0.75,-0.7504246808966459,0.14285714285714285,0.1425798675184987,1.0133333333333334,0.012232,500000,6116
-0.75,-0.7498119511293606,0.14285714285714285,0.14297996348074057,1.0166666666666666,0.01552,500000,7760
-0.75,-0.7493974950524469,0.14285714285714285,0.14325075099072332,1.02,0.018778,500000,9389
-0.75,-0.749807778183178,0.14285714285714285,0.14298268926235785,1.0233333333333334,0.023856,500000,11928
-0.75,-0.7491478667852799,0.14285714285714285,0.1434139091257937,1.0266666666666666,0.026306,500000,13153
-0.75,-0.7498320097835784,0.14285714285714285,0.14296686128593714,1.03,0.028414,500000,14207
-0.75,-0.7501741700808399,0.14285714285714285,0.14274341045018432,1.0333333333333334,0.032422,500000,16211
-0.75,-0.7499669022598094,0.14285714285714285,0.14287875811668885,1.0366666666666666,0.034578,500000,17289
-0.75,-0.7507214935534263,0.14285714285714285,0.14238615757245038,1.04,0.038376,500000,19188
-0.75,-0.7498450656495877,0.14285714285714285,0.14295833343253644,1.0433333333333334,0.040942,500000,20471
-0.75,-0.7497544642289904,0.14285714285714285,0.14301751524964812,1.0466666666666666,0.044596,500000,22298
-0.75,-0.7495191421674615,0.14285714285714285,0.143171258773551,1.05,0.047738,500000,23869
-0.7222222222222222,-0.7222209297266664,0.16129032258064516,0.16129119410795906,0.85,0.0,500000,0
-0.7222222222222222,-0.721862535532804,0.16129032258064516,0.1615329091187472,0.8533333333333333,0.0,500000,0
-0.7222222222222222,-0.7224963370376474,0.16129032258064516,0.16110551703094134,0.8566666666666667,0.0,500000,0
-0.7222222222222222,-0.7221937119335065,0.16129032258064516,0.16130954731834465,0.86,0.0,500000,0
-0.7222222222222222,-0.7222356237121279,0.16129032258064516,0.16128128605839392,0.8633333333333333,0.0,500000,0
-0.7222222222222222,-0.7217948656037922,0.16129032258064516,0.16157855964952467,0.8666666666666667,0.0,500000,0
-0.7222222222222222,-0.7216590693718051,0.16129032258064516,0.16167017941000092,0.87,0.0,500000,0
-0.7222222222222222,-0.7224882010982824,0.16129032258064516,0.16111100135534884,0.8733333333333333,0.0,500000,0
-0.7222222222222222,-0.7220669870847565,0.16129032258064516,0.1613950066981711,0.8766666666666667,0.0,500000,0
-0.7222222222222222,-0.7230377157967064,0.16129032258064516,0.16074069746942848,0.88,0.0,500000,0
-0.7222222222222222,-0.7225130132482188,0.16129032258064516,0.16109427598953913,0.8833333333333333,0.0,500000,0
-0.7222222222222222,-0.7226266851541631,0.16129032258064516,0.1610176582287265,0.8866666666666667,0.0,500000,0
-0.7222222222222222,-0.7218822309587247,0.16129032258064516,0.16151962314311263,0.89,0.0,500000,0
-0.7222222222222222,-0.7222819853789019,0.16129032258064516,0.16125002582547487,0.8933333333333333,0.0,500000,0
-0.7222222222222222,-0.7215651244794709,0.16129032258064516,0.16173357113325362,0.8966666666666666,0.0,500000,0
-0.7222222222222222,-0.7220401545344849,0.16129032258064516,0.1614131033667187,0.9,0.0,500000,0
-0.7222222222222222,-0.7221808373591936,0.16129032258064516,0.16131822896532555,0.9033333333333333,0.0,500000,0
-0.7222222222222222,-0.7220584762594012,0.16129032258064516,0.16140074659040277,0.9066666666666666,0.0,500000,0
-0.7222222222222222,-0.7223484454094271,0.16129032258064516,0.16120521682508396,0.91,0.0,500000,0
-0.7222222222222222,-0.7223595646829077,0.16129032258064516,0.16119772027289017,0.9133333333333333,0.0,500000,0
-0.7222222222222222,-0.7224579352059196,0.16129032258064516,0.16113140363041736,0.9166666666666666,0.0,500000,0
-0.7222222222222222,-0.7217384356303469,0.16129032258064516,0.1616166303842655,0.92,0.0,500000,0
-0.7222222222222222,-0.7215779372277771,0.16129032258064516,0.1617249249955889,0.9233333333333333,0.0,500000,0
-0.7222222222222222,-0.7214769568275153,0.16129032258064516,0.16179307080924898,0.9266666666666666,0.0,500000,0
-0.7222222222222222,-0.7223575649877214,0.16129032258064516,0.1611990684490986,0.93,0.0,500000,0
-0.7222222222222222,-0.722915404567562,0.16129032258064516,0.16082309943823628,0.9333333333333333,0.0,500000,0
-0.7222222222222222,-0.7218018775036711,0.16129032258064516,0.16157382921411975,0.9366666666666666,0.0,500000,0
-0.7222222222222222,-0.7218760911748128,0.16129032258064516,0.16152376483456898,0.94,0.0,500000,0
-0.7222222222222222,-0.722260092689221,0.16129032258064516,0.16126478717689055,0.9433333333333334,0.0,500000,0
-0.7222222222222222,-0.723123003028962,0.16129032258064516,0.16068324576036336,0.9466666666666667,0.0,500000,0
-0.7222222222222222,-0.7215389228038763,0.16129032258064516,0.16175125261913523,0.95,0.0,500000,0
-0.7222222222222222,-0.7231746618722781,0.16129032258064516,0.16064844977870282,0.9533333333333334,0.0,500000,0
-0.7222222222222222,-0.7230960864432782,0.16129032258064516,0.16070137686186256,0.9566666666666667,0.0,500000,0
-0.7222222222222222,-0.7221741643314051,0.16129032258064516,0.16132272880568646,0.96,0.0,500000,0
-0.7222222222222222,-0.7216143387006189,0.16129032258064516,0.16170036171369925,0.9633333333333334,0.0,500000,0
-0.7222222222222222,-0.721601120612794,0.16129032258064516,0.1617092810023912,0.9666666666666667,0.0,500000,0
-0.7222222222222222,-0.7218700936988411,0.16129032258064516,0.1615278105583988,0.97,0.0,500000,0
-0.7222222222222222,-0.7220947033101567,0.16129032258064516,0.16137631464498578,0.9733333333333334,0.0,500000,0
-0.7222222222222222,-0.7223206873587715,0.16129032258064516,0.16122393157052403,0.9766666666666667,0.0,500000,0
-0.7222222222222222,-0.7216622576571028,0.16129032258064516,0.16166802815417985,0.98,0.0,500000,0
-0.7222222222222222,-0.7213454988595489,0.16129032258064516,0.1618817961443936,0.9833333333333334,0.0,500000,0
-0.7222222222222222,-0.7223492389240188,0.16129032258064516,0.1612046818387624,0.9866666666666667,0.0,500000,0
-0.7222222222222222,-0.722280409979387,0.16129032258064516,0.16125108804084745,0.99,0.0,500000,0
-0.7222222222222222,-0.7230729511352155,0.16129032258064516,0.16071696133488492,0.9933333333333334,0.0,500000,0
-0.7222222222222222,-0.7223842639864224,0.16129032258064516,0.16118106848644895,0.9966666666666667,0.0,500000,0
-0.7222222222222222,-0.721974283092985,0.16129032258064516,0.16145753141424932,1.0,0.0,500000,0
-0.7222222222222222,-0.7217138627682984,0.16129032258064516,0.1616332093558524,1.0033333333333334,0.00262,500000,1310
-0.7222222222222222,-0.7214721535134251,0.16129032258064516,0.161796312486447,1.0066666666666666,0.006754,500000,3377
-0.7222222222222222,-0.7224921820812782,0.16129032258064516,0.1611083178231964,1.01,0.00896,500000,4480
-0.7222222222222222,-0.7227011274214871,0.16129032258064516,0.16096748772293995,1.0133333333333334,0.012486,500000,6243
-0.7222222222222222,-0.7215554900470366,0.16129032258064516,0.16174007260454662,1.0166666666666666,0.016484,500000,8242
-0.7222222222222222,-0.7224195481991095,0.16129032258064516,0.1611572813900755,1.02,0.020228,500000,10114
-0.7222222222222222,-0.722675759189045,0.16129032258064516,0.1609845842037657,1.0233333333333334,0.022652,500000,11326
-0.7222222222222222,-0.7214250953646629,0.16129032258064516,0.16182807220916245,1.0266666666666666,0.026596,500000,13298
-0.7222222222222222,-0.7227764066275373,0.16129032258064516,0.16091675756992074,1.03,0.029602,500000,14801
-0.7222222222222222,-0.7225059552374392,0.16129032258064516,0.16109903360206937,1.0333333333333334,0.032374,500000,16187
-0.7222222222222222,-0.72270448798577,0.16129032258064516,0.16096522296662213,1.0366666666666666,0.035088,500000,17544
-0.7222222222222222,-0.7220583113115436,0.16129032258064516,0.16140085783551203,1.04,0.03785,500000,18925
-0.7222222222222222,-0.722399496861548,0.16129032258064516,0.16117079901862416,1.0433333333333334,0.041292,500000,20646
-0.7222222222222222,-0.7227851671534122,0.16129032258064516,0.16091085419816709,1.0466666666666666,0.04473,500000,22365
-0.7222222222222222,-0.7222995223838328,0.16129032258064516,0.1612382016060728,1.05,0.046418,500000,23209
-0.6944444444444444,-0.6946255322395035,0.18032786885245902,0.18020173893930072,0.85,0.0,500000,0
-0.6944444444444444,-0.6951176662381434,0.18032786885245902,0.17985909759200416,0.8533333333333333,0.0,500000,0
-0.6944444444444444,-0.6942255572326799,0.18032786885245902,0.18048036252431884,0.8566666666666667,0.0,500000,0
-0.6944444444444444,-0.6940188907215697,0.18032786885245902,0.1806243784849986,0.86,0.0,500000,0
-0.6944444444444444,-0.6942019006639419,0.18032786885245902,0.18049684586956175,0.8633333333333333,0.0,500000,0
-0.6944444444444444,-0.6943031907140419,0.18032786885245902,0.18042627255935592,0.8666666666666667,0.0,500000,0
-0.6944444444444444,-0.6943185196339128,0.18032786885245902,0.18041559295009954,0.87,0.0,500000,0
-0.6944444444444444,-0.693761344176561,0.18032786885245902,0.18080389948462308,0.8733333333333333,0.0,500000,0
-0.6944444444444444,-0.6944886867823274,0.18032786885245902,0.18029705102239976,0.8766666666666667,0.0,500000,0
-0.6944444444444444,-0.6932461452360669,0.18032786885245902,0.1811631791556014,0.88,0.0,500000,0
-0.6944444444444444,-0.6943124511980281,0.18032786885245902,0.18041982078678812,0.8833333333333333,0.0,500000,0
-0.6944444444444444,-0.695515080953762,0.18032786885245902,0.1795825483751869,0.8866666666666667,0.0,500000,0
-0.6944444444444444,-0.6947962575522139,0.18032786885245902,0.18008285130897708,0.89,0.0,500000,0
-0.6944444444444444,-0.6948071558552593,0.18032786885245902,0.18007526289368872,0.8933333333333333,0.0,500000,0
-0.6944444444444444,-0.6936563523128622,0.18032786885245902,0.18087709898693094,0.8966666666666666,0.0,500000,0
-0.6944444444444444,-0.69464187945459,0.18032786885245902,0.1801903542261611,0.9,0.0,500000,0
-0.6944444444444444,-0.6941376038112234,0.18032786885245902,0.18054164874251782,0.9033333333333333,0.0,500000,0
-0.6944444444444444,-0.6947701644556997,0.18032786885245902,0.18010102015356713,0.9066666666666666,0.0,500000,0
-0.6944444444444444,-0.6938617203467741,0.18032786885245902,0.18073392649227124,0.91,0.0,500000,0
-0.6944444444444444,-0.6940695358457013,0.18032786885245902,0.18058908308127644,0.9133333333333333,0.0,500000,0
-0.6944444444444444,-0.6948222253543338,0.18032786885245902,0.1800647702633609,0.9166666666666666,0.0,500000,0
-0.6944444444444444,-0.6949209326554645,0.18032786885245902,0.17999604669851016,0.92,0.0,500000,0
-0.6944444444444444,-0.695067978195214,0.18032786885245902,0.1798936831603978,0.9233333333333333,0.0,500000,0
-0.6944444444444444,-0.6943556829609862,0.18032786885245902,0.18038970218158826,0.9266666666666666,0.0,500000,0
-0.6944444444444444,-0.6938314472593397,0.18032786885245902,0.18075502921854972,0.93,0.0,500000,0
-0.6944444444444444,-0.6953428702673827,0.18032786885245902,0.17970236881025012,0.9333333333333333,0.0,500000,0
-0.6944444444444444,-0.6940138611444358,0.18032786885245902,0.1806278837936115,0.9366666666666666,0.0,500000,0
-0.6944444444444444,-0.6937580611139059,0.18032786885245902,0.18080618827265865,0.94,0.0,500000,0
-0.6944444444444444,-0.6944033016767105,0.18032786885245902,0.18035652906299446,0.9433333333333334,0.0,500000,0
-0.6944444444444444,-0.6940127696128375,0.18032786885245902,0.1806286445273344,0.9466666666666667,0.0,500000,0
-0.6944444444444444,-0.6940084607581275,0.18032786885245902,0.18063164755678424,0.95,0.0,500000,0
-0.6944444444444444,-0.6941666525274981,0.18032786885245902,0.18052140680271,0.9533333333333334,0.0,500000,0
-0.6944444444444444,-0.6937800231781719,0.18032786885245902,0.18079087758234605,0.9566666666666667,0.0,500000,0
-0.6944444444444444,-0.6934267759457753,0.18032786885245902,0.18103718944859845,0.96,0.0,500000,0
-0.6944444444444444,-0.6947213939833793,0.18032786885245902,0.18013498094756147,0.9633333333333334,0.0,500000,0
-0.6944444444444444,-0.694664637493811,0.18032786885245902,0.1801745051798215,0.9666666666666667,0.0,500000,0
-0.6944444444444444,-0.6942494469603531,0.18032786885245902,0.18046371718650572,0.97,0.0,500000,0
-0.6944444444444444,-0.6941729639515096,0.18032786885245902,0.18051700892167213,0.9733333333333334,0.0,500000,0
-0.6944444444444444,-0.6942689761246378,0.18032786885245902,0.1804501104509815,0.9766666666666667,0.0,500000,0
-0.6944444444444444,-0.6942606577493364,0.18032786885245902,0.1804559061513056,0.98,0.0,500000,0
-0.6944444444444444,-0.6949110422082315,0.18032786885245902,0.1800029324219165,0.9833333333333334,0.0,500000,0
-0.6944444444444444,-0.6944731727051391,0.18032786885245902,0.18030785746055983,0.9866666666666667,0.0,500000,0
-0.6944444444444444,-0.6955331991965389,0.18032786885245902,0.1795699435126003,0.99,0.0,500000,0
-0.6944444444444444,-0.6956708037522268,0.18032786885245902,0.17947422080650635,0.9933333333333334,0.0,500000,0
-0.6944444444444444,-0.6942623910126787,0.18032786885245902,0.18045469852197962,0.9966666666666667,0.0,500000,0
-0.6944444444444444,-0.6953543725267758,0.18032786885245902,0.17969436503070266,1.0,0.000216,500000,108
-0.6944444444444444,-0.6959896148054642,0.18032786885245902,0.1792525039897764,1.0033333333333334,0.003124,500000,1562
-0.6944444444444444,-0.6948474459279811,0.18032786885245902,0.18004721003366675,1.0066666666666666,0.006594,500000,3297
-0.6944444444444444,-0.6950997680521088,0.18032786885245902,0.17987155546499864,1.01,0.009028,500000,4514
-0.6944444444444444,-0.6947029242916584,0.18032786885245902,0.1801478426290837,1.0133333333333334,0.012228,500000,6114
-0.6944444444444444,-0.6938795017351875,0.18032786885245902,0.18072153181570869,1.0166666666666666,0.016256,500000,8128
-0.6944444444444444,-0.6944896764514757,0.18032786885245902,0.18029636166819862,1.02,0.01975,500000,9875
-0.6944444444444444,-0.6944846673170065,0.18032786885245902,0.18029985078987867,1.0233333333333334,0.022664,500000,11332
-0.6944444444444444,-0.6940619937747525,0.18032786885245902,0.1805943391384093,1.0266666666666666,0.026168,500000,13084
-0.6944444444444444,-0.6941083700190309,0.18032786885245902,0.18056202034910712,1.03,0.028808,500000,14404
-0.6944444444444444,-0.6946008038346638,0.18032786885245902,0.18021896099320678,1.0333333333333334,0.03263,500000,16315
-0.6944444444444444,-0.6940147488784939,0.18032786885245902,0.18062726509558477,1.0366666666666666,0.035724,500000,17862
-0.6944444444444444,-0.6943413772089724,0.18032786885245902,0.18039966850985378,1.04,0.038512,500000,19256
-0.6944444444444444,-0.6949441406815905,0.18032786885245902,0.17997988960021832,1.0433333333333334,0.04124,500000,20620
-0.6944444444444444,-0.693999326210433,0.18032786885245902,0.18063801387342152,1.0466666666666666,0.04454,500000,22270
-0.6944444444444444,-0.6945216523410378,0.18032786885245902,0.18027408929058752,1.05,0.049372,500000,24686
-0.6666666666666667,-0.6669429865487576,0.19999999999999996,0.19980108266378355,0.85,0.0,500000,0
-0.6666666666666667,-0.6663320743825285,0.19999999999999996,0.20024095481755314,0.8533333333333333,0.0,500000,0
-0.6666666666666667,-0.667305449026995,0.19999999999999996,0.1995402529075634,0.8566666666666667,0.0,500000,0
-0.6666666666666667,-0.6670718279369989,0.19999999999999996,0.19970835478336874,0.86,0.0,500000,0
-0.6666666666666667,-0.6654514249418055,0.19999999999999996,0.20087561249039987,0.8633333333333333,0.0,500000,0
-0.6666666666666667,-0.6671291884915094,0.19999999999999996,0.1996670766766951,0.8666666666666667,0.0,500000,0
-0.6666666666666667,-0.6670390856495405,0.19999999999999996,0.1997319182355737,0.87,0.0,500000,0
-0.6666666666666667,-0.666943098234095,0.19999999999999996,0.19980100227700306,0.8733333333333333,0.0,500000,0
-0.6666666666666667,-0.6678895339362967,0.19999999999999996,0.19912018110690288,0.8766666666666667,0.0,500000,0
-0.6666666666666667,-0.6662898339057943,0.19999999999999996,0.200271380946967,0.88,0.0,500000,0
-0.6666666666666667,-0.6661823422347737,0.19999999999999996,0.2003488149547258,0.8833333333333333,0.0,500000,0
-0.6666666666666667,-0.6670855275071493,0.19999999999999996,0.1996984959677919,0.8866666666666667,0.0,500000,0
-0.6666666666666667,-0.6682426704075723,0.19999999999999996,0.19886634928920457,0.89,0.0,500000,0
-0.6666666666666667,-0.6662628542269606,0.19999999999999996,0.20029081541751834,0.8933333333333333,0.0,500000,0
-0.6666666666666667,-0.6676961978967096,0.19999999999999996,0.19925919512342252,0.8966666666666666,0.0,500000,0
-0.6666666666666667,-0.6666271258502074,0.19999999999999996,0.20002847006328844,0.9,0.0,500000,0
-0.6666666666666667,-0.6665991307327435,0.19999999999999996,0.2000486278429008,0.9033333333333333,0.0,500000,0
-0.6666666666666667,-0.6671376863509713,0.19999999999999996,0.19966096164354444,0.9066666666666666,0.0,500000,0
-0.6666666666666667,-0.666631256921978,0.19999999999999996,0.20002549555785057,0.91,0.0,500000,0
-0.6666666666666667,-0.6669112311019632,0.19999999999999996,0.19982393944147722,0.9133333333333333,0.0,500000,0
-0.6666666666666667,-0.6667444400364749,0.19999999999999996,0.1999440057866532,0.9166666666666666,0.0,500000,0
-0.6666666666666667,-0.6663920394042477,0.19999999999999996,0.20019776421580873,0.92,0.0,500000,0
-0.6666666666666667,-0.6664262161215231,0.19999999999999996,0.20017314937282002,0.9233333333333333,0.0,500000,0
-0.6666666666666667,-0.6680615280180523,0.19999999999999996,0.19899653963984676,0.9266666666666666,0.0,500000,0
-0.6666666666666667,-0.6660093171818352,0.19999999999999996,0.20047347837353757,0.93,0.0,500000,0
-0.6666666666666667,-0.6660606952166986,0.19999999999999996,0.2004364581326775,0.9333333333333333,0.0,500000,0
-0.6666666666666667,-0.6652901334056663,0.19999999999999996,0.20099192319708412,0.9366666666666666,0.0,500000,0
-0.6666666666666667,-0.6659222200071736,0.19999999999999996,0.20053624111657978,0.94,0.0,500000,0
-0.6666666666666667,-0.6668951557844889,0.19999999999999996,0.19983551038562009,0.9433333333333334,0.0,500000,0
-0.6666666666666667,-0.6679486445535833,0.19999999999999996,0.19907768535360898,0.9466666666666667,0.0,500000,0
-0.6666666666666667,-0.6672206561731135,0.19999999999999996,0.19960126009399254,0.95,0.0,500000,0
-0.6666666666666667,-0.6665185601154934,0.19999999999999996,0.2001066461938448,0.9533333333333334,0.0,500000,0
-0.6666666666666667,-0.6662155112880939,0.19999999999999996,0.20032491982616873,0.9566666666666667,0.0,500000,0
-0.6666666666666667,-0.6672636230850502,0.19999999999999996,0.1995703452698532,0.96,0.0,500000,0
-0.6666666666666667,-0.6662714890725916,0.19999999999999996,0.20028459534715676,0.9633333333333334,0.0,500000,0
-0.6666666666666667,-0.6657471171900814,0.19999999999999996,0.2006624411115679,0.9666666666666667,0.0,500000,0
-0.6666666666666667,-0.6677061614325889,0.19999999999999996,0.19925203027490462,0.97,0.0,500000,0
-0.6666666666666667,-0.6670555905824841,0.19999999999999996,0.19972004011046937,0.9733333333333334,0.0,500000,0
-0.6666666666666667,-0.6662617465528158,0.19999999999999996,0.2002916133300343,0.9766666666666667,0.0,500000,0
-0.6666666666666667,-0.6666610537621711,0.19999999999999996,0.20000404130484686,0.98,0.0,500000,0
-0.6666666666666667,-0.6652299449668102,0.19999999999999996,0.20103533211436578,0.9833333333333334,0.0,500000,0
-0.6666666666666667,-0.6677924845763291,0.19999999999999996,0.19918995828072805,0.9866666666666667,0.0,500000,0
-0.6666666666666667,-0.6672222865918195,0.19999999999999996,0.19960008697367745,0.99,0.0,500000,0
-0.6666666666666667,-0.6665932753410948,0.19999999999999996,0.20005284408139004,0.9933333333333334,0.0,500000,0
-0.6666666666666667,-0.6675507071708555,0.19999999999999996,0.19936382827792604,0.9966666666666667,0.0,500000,0
-0.6666666666666667,-0.6667161019637855,0.19999999999999996,0.19996440764178577,1.0,0.000738,500000,369
-0.6666666666666667,-0.6667775269812886,0.19999999999999996,0.19992018588240318,1.0033333333333334,0.002836,500000,1418
-0.6666666666666667,-0.6666481935882078,0.19999999999999996,0.20001330076391402,1.0066666666666666,0.00623,500000,3115
-0.6666666666666667,-0.6671901150133669,0.19999999999999996,0.19962323552042213,1.01,0.010042,500000,5021
-0.6666666666666667,-0.6682670999024896,0.19999999999999996,0.1988487935276672,1.0133333333333334,0.013088,500000,6544
-0.6666666666666667,-0.6669094629897762,0.19999999999999996,0.1998252121100753,1.0166666666666666,0.01514,500000,7570
-0.6666666666666667,-0.6662977603635006,0.19999999999999996,0.20026567134297937,1.02,0.019674,500000,9837
-0.6666666666666667,-0.666944891770607,0.19999999999999996,0.19979971136035946,1.0233333333333334,0.022498,500000,11249
-0.6666666666666667,-0.6665477497762488,0.19999999999999996,0.20008562627054677,1.0266666666666666,0.025982,500000,12991
-0.6666666666666667,-0.6666303099438449,0.19999999999999996,0.20002617741146667,1.03,0.02963,500000,14815
-0.6666666666666667,-0.667092703197365,0.19999999999999996,0.19969333208893697,1.0333333333333334,0.032578,500000,16289
-0.6666666666666667,-0.6667098795347431,0.19999999999999996,0.19996888754166012,1.0366666666666666,0.034866,500000,17433
-0.6666666666666667,-0.667556295835371,0.19999999999999996,0.19935980871823555,1.04,0.037942,500000,18971
-0.6666666666666667,-0.6658808567911224,0.19999999999999996,0.20056604999499753,1.0433333333333334,0.041258,500000,20629
-0.6666666666666667,-0.6669771731116212,0.19999999999999996,0.1997764770028315,1.0466666666666666,0.045198,500000,22599
-0.6666666666666667,-0.6663417701730517,0.19999999999999996,0.20023397108523386,1.05,0.047878,500000,23939
-0.6388888888888888,-0.6388262719476234,0.22033898305084748,0.2203856102594379,0.85,0.0,500000,0
-0.6388888888888888,-0.6398655715206611,0.22033898305084748,0.21961216500532008,0.8533333333333333,0.0,500000,0
-0.6388888888888888,-0.6398516257904371,0.22033898305084748,0.2196225369084627,0.8566666666666667,0.0,500000,0
-0.6388888888888888,-0.6395652066204467,0.22033898305084748,0.21983559539086556,0.86,0.0,500000,0
-0.6388888888888888,-0.6385296404257736,0.22033898305084748,0.22060654299808566,0.8633333333333333,0.0,500000,0
-0.6388888888888888,-0.6385319317040906,0.22033898305084748,0.22060483613522186,0.8666666666666667,0.0,500000,0
-0.6388888888888888,-0.6396077232078217,0.22033898305084748,0.21980396389392853,0.87,0.0,500000,0
-0.6388888888888888,-0.6391965455458557,0.22033898305084748,0.2201099407112257,0.8733333333333333,0.0,500000,0
-0.6388888888888888,-0.6395634483507352,0.22033898305084748,0.21983690354394897,0.8766666666666667,0.0,500000,0
-0.6388888888888888,-0.6397453908083476,0.22033898305084748,0.21970155318689885,0.88,0.0,500000,0
-0.6388888888888888,-0.637518713481895,0.22033898305084748,0.22136008800006465,0.8833333333333333,0.0,500000,0
-0.6388888888888888,-0.6382164088110037,0.22033898305084748,0.22083992642435693,0.8866666666666667,0.0,500000,0
-0.6388888888888888,-0.6385089100171935,0.22033898305084748,0.22062198610748682,0.89,0.0,500000,0
-0.6388888888888888,-0.6392716349048436,0.22033898305084748,0.22005405169845202,0.8933333333333333,0.0,500000,0
-0.6388888888888888,-0.6382209551398575,0.22033898305084748,0.22083653839555278,0.8966666666666666,0.0,500000,0
-0.6388888888888888,-0.639241016689615,0.22033898305084748,0.22007684021897164,0.9,0.0,500000,0
-0.6388888888888888,-0.6391640182573743,0.22033898305084748,0.22013415236276174,0.9033333333333333,0.0,500000,0
-0.6388888888888888,-0.6391243377207465,0.22033898305084748,0.2201636898278641,0.9066666666666666,0.0,500000,0
-0.6388888888888888,-0.6386573062229836,0.22033898305084748,0.22051144702725659,0.91,0.0,500000,0
-0.6388888888888888,-0.6392307440774592,0.22033898305084748,0.2200844861078895,0.9133333333333333,0.0,500000,0
-0.6388888888888888,-0.6389079523091677,0.22033898305084748,0.22032478833363728,0.9166666666666666,0.0,500000,0
-0.6388888888888888,-0.639038088713432,0.22033898305084748,0.22022789694283804,0.92,0.0,500000,0
-0.6388888888888888,-0.6377059473142936,0.22033898305084748,0.22122045369612267,0.9233333333333333,0.0,500000,0
-0.6388888888888888,-0.6378514474593753,0.22033898305084748,0.2211119653753625,0.9266666666666666,0.0,500000,0
-0.6388888888888888,-0.638995602556586,0.22033898305084748,0.2202595277743891,0.93,0.0,500000,0
-0.6388888888888888,-0.6392762039806049,0.22033898305084748,0.2200506511004432,0.9333333333333333,0.0,500000,0
-0.6388888888888888,-0.6384163327614851,0.22033898305084748,0.22069095626572524,0.9366666666666666,0.0,500000,0
-0.6388888888888888,-0.6388349493005282,0.22033898305084748,0.22037914852476193,0.94,0.0,500000,0
-0.6388888888888888,-0.6394957576905463,0.22033898305084748,0.21988726754454857,0.9433333333333334,0.0,500000,0
-0.6388888888888888,-0.6381062569521324,0.22033898305084748,0.2209220198701937,0.9466666666666667,0.0,500000,0
-0.6388888888888888,-0.6390972340909923,0.22033898305084748,0.22018386609575147,0.95,0.0,500000,0
-0.6388888888888888,-0.639572216807959,0.22033898305084748,0.21983037983758266,0.9533333333333334,0.0,500000,0
-0.6388888888888888,-0.6388787982640189,0.22033898305084748,0.22034649671378903,0.9566666666666667,0.0,500000,0
-0.6388888888888888,-0.6380095422570595,0.22033898305084748,0.22099410803440347,0.96,0.0,500000,0
-0.6388888888888888,-0.6393326467511579,0.22033898305084748,0.22000864434903777,0.9633333333333334,0.0,500000,0
-0.6388888888888888,-0.6385969317669049,0.22033898305084748,0.22055641703380516,0.9666666666666667,0.0,500000,0
-0.6388888888888888,-0.6391661336257227,0.22033898305084748,0.22013257776143633,0.97,0.0,500000,0
-0.6388888888888888,-0.6381428518190715,0.22033898305084748,0.2208947453997099,0.9733333333333334,0.0,500000,0
-0.6388888888888888,-0.6381024713605565,0.22033898305084748,0.22092484137385057,0.9766666666666667,0.0,500000,0
-0.6388888888888888,-0.6370099345596905,0.22033898305084748,0.221739683906038,0.98,0.0,500000,0
-0.6388888888888888,-0.6397798144858913,0.22033898305084748,0.2196759481559089,0.9833333333333334,0.0,500000,0
-0.6388888888888888,-0.6391381372420497,0.22033898305084748,0.2201534175546196,0.9866666666666667,0.0,500000,0
-0.6388888888888888,-0.6387149560054044,0.22033898305084748,0.22046850959075776,0.99,0.0,500000,0
-0.6388888888888888,-0.6389501495802136,0.22033898305084748,0.22029336921093218,0.9933333333333334,0.0,500000,0
-0.6388888888888888,-0.6388515728628126,0.22033898305084748,0.220366769704665,0.9966666666666667,0.0,500000,0
-0.6388888888888888,-0.6391165515606348,0.22033898305084748,0.22016948587076435,1.0,0.00014,500000,70
-0.6388888888888888,-0.6388932939043255,0.22033898305084748,0.2203357030251873,1.0033333333333334,0.003666,500000,1833
-0.6388888888888888,-0.639454485099339,0.22033898305084748,0.21991797770391566,1.0066666666666666,0.006038,500000,3019
-0.6388888888888888,-0.6390289936518491,0.22033898305084748,0.22023466805421613,1.01,0.010776,500000,5388
-0.6388888888888888,-0.6376077152142773,0.22033898305084748,0.22129370875509372,1.0133333333333334,0.012852,500000,6426
-0.6388888888888888,-0.640137294845673,0.22033898305084748,0.21941011053479384,1.0166666666666666,0.017342,500000,8671
-0.6388888888888888,-0.6393441593249349,0.22033898305084748,0.22000007663038829,1.02,0.020626,500000,10313
-0.6388888888888888,-0.6386040120001211,0.22033898305084748,0.22055114313967172,1.0233333333333334,0.022972,500000,11486
-0.6388888888888888,-0.6403240926868174,0.22033898305084748,0.2192712457963357,1.0266666666666666,0.025978,500000,12989
-0.6388888888888888,-0.6391348188303574,0.22033898305084748,0.22015588774274603,1.03,0.030026,500000,15013
-0.6388888888888888,-0.6390316421627763,0.22033898305084748,0.2202326962772419,1.0333333333333334,0.032032,500000,16016
-0.6388888888888888,-0.6378793194988619,0.22033898305084748,0.22109118552881873,1.0366666666666666,0.035456,500000,17728
-0.6388888888888888,-0.6399330037784798,0.22033898305084748,0.21956201588230095,1.04,0.038598,500000,19299
-0.6388888888888888,-0.6385753276451318,0.22033898305084748,0.22057250970224687,1.0433333333333334,0.040404,500000,20202
-0.6388888888888888,-0.6390509589981065,0.22033898305084748,0.2202183153735067,1.0466666666666666,0.046492,500000,23246
-0.6388888888888888,-0.63794808343371,0.22033898305084748,0.2210399219780538,1.05,0.047434,500000,23717
-0.6111111111111112,-0.6103613959428268,0.24137931034482754,0.2419572432864049,0.85,0.0,500000,0
-0.6111111111111112,-0.6099870000351185,0.24137931034482754,0.24224605537583485,0.8533333333333333,0.0,500000,0
-0.6111111111111112,-0.6116987753086118,0.24137931034482754,0.2409266735448349,0.8566666666666667,0.0,500000,0
-0.6111111111111112,-0.610869136665228,0.24137931034482754,0.2415657823951726,0.86,0.0,500000,0
-0.6111111111111112,-0.6112656633931786,0.24137931034482754,0.24126023748820075,0.8633333333333333,0.0,500000,0
-0.6111111111111112,-0.611175416642738,0.24137931034482754,0.24132976418388336,0.8666666666666667,0.0,500000,0
-0.6111111111111112,-0.6108899563638203,0.24137931034482754,0.24154973596985985,0.87,0.0,500000,0
-0.6111111111111112,-0.611134617236779,0.24137931034482754,0.24136119887372,0.8733333333333333,0.0,500000,0
-0.6111111111111112,-0.6111863569367191,0.24137931034482754,0.24132133529389854,0.8766666666666667,0.0,500000,0
-0.6111111111111112,-0.6109787650888463,0.24137931034482754,0.24148129282740668,0.88,0.0,500000,0
-0.6111111111111112,-0.6118400014990324,0.24137931034482754,0.24081794603681123,0.8833333333333333,0.0,500000,0
-0.6111111111111112,-0.6106929882314753,0.24137931034482754,0.24170156237904777,0.8866666666666667,0.0,500000,0
-0.6111111111111112,-0.609888803015695,0.24137931034482754,0.24232182760296003,0.89,0.0,500000,0
-0.6111111111111112,-0.6115333771280589,0.24137931034482754,0.24105403486227142,0.8933333333333333,0.0,500000,0
-0.6111111111111112,-0.6105584848750814,0.24137931034482754,0.24180526120734114,0.8966666666666666,0.0,500000,0
-0.6111111111111112,-0.6124309458996083,0.24137931034482754,0.24036319514083684,0.9,0.0,500000,0
-0.6111111111111112,-0.6114815332493178,0.24137931034482754,0.2410939615096248,0.9033333333333333,0.0,500000,0
-0.6111111111111112,-0.6107147230752636,0.24137931034482754,0.241684806966619,0.9066666666666666,0.0,500000,0
-0.6111111111111112,-0.6108617443873197,0.24137931034482754,0.2415714799662626,0.91,0.0,500000,0
-0.6111111111111112,-0.610884290087582,0.24137931034482754,0.24155410311392514,0.9133333333333333,0.0,500000,0
-0.6111111111111112,-0.6119844659863202,0.24137931034482754,0.24070674513371682,0.9166666666666666,0.0,500000,0
-0.6111111111111112,-0.6109922816140693,0.24137931034482754,0.24147087656818572,0.92,0.0,500000,0
-0.6111111111111112,-0.6116212065985347,0.24137931034482754,0.24098640040929484,0.9233333333333333,0.0,500000,0
-0.6111111111111112,-0.611536455523768,0.24137931034482754,0.24105166417099572,0.9266666666666666,0.0,500000,0
-0.6111111111111112,-0.6118785569598102,0.24137931034482754,0.24078826619061913,0.93,0.0,500000,0
-0.6111111111111112,-0.6107289020477187,0.24137931034482754,0.24167387662653925,0.9333333333333333,0.0,500000,0
-0.6111111111111112,-0.6115953755319055,0.24137931034482754,0.24100629125961723,0.9366666666666666,0.0,500000,0
-0.6111111111111112,-0.6120951104743162,0.24137931034482754,0.24062159050377194,0.94,0.0,500000,0
-0.6111111111111112,-0.6109861014522954,0.24137931034482754,0.24147563917342968,0.9433333333333334,0.0,500000,0
-0.6111111111111112,-0.6124832046921275,0.24137931034482754,0.24032299634516904,0.9466666666666667,0.0,500000,0
-0.6111111111111112,-0.6107155916750802,0.24137931034482754,0.24168413737156383,0.95,0.0,500000,0
-0.6111111111111112,-0.6104944394145116,0.24137931034482754,0.24185464479286953,0.9533333333333334,0.0,500000,0
-0.6111111111111112,-0.6113274625820808,0.24137931034482754,0.24121263147534808,0.9566666666666667,0.0,500000,0
-0.6111111111111112,-0.6116939129586972,0.24137931034482754,0.24093041732003725,0.96,0.0,500000,0
-0.6111111111111112,-0.6116392902333863,0.24137931034482754,0.24097247573951494,0.9633333333333334,0.0,500000,0
-0.6111111111111112,-0.6130851858551183,0.24137931034482754,0.2398601248946272,0.9666666666666667,0.0,500000,0
-0.6111111111111112,-0.6107973393147128,0.24137931034482754,0.24162112215237902,0.97,0.0,500000,0
-0.6111111111111112,-0.6117614139509882,0.24137931034482754,0.24087844682750156,0.9733333333333334,0.0,500000,0
-0.6111111111111112,-0.6111176800234293,0.24137931034482754,0.24137424894432014,0.9766666666666667,0.0,500000,0
-0.6111111111111112,-0.6103429194547575,0.24137931034482754,0.2419714930514152,0.98,0.0,500000,0
-0.6111111111111112,-0.6118112271517842,0.24137931034482754,0.24084009734451378,0.9833333333333334,0.0,500000,0
-0.6111111111111112,-0.6105251188603653,0.24137931034482754,0.2418309882774344,0.9866666666666667,0.0,500000,0
-0.6111111111111112,-0.6098394681805112,0.24137931034482754,0.24235989956219678,0.99,0.0,500000,0
-0.6111111111111112,-0.6099653855140915,0.24137931034482754,0.24226273309681334,0.9933333333333334,0.0,500000,0
-0.6111111111111112,-0.6119976187652543,0.24137931034482754,0.24069662182996576,0.9966666666666667,0.0,500000,0
-0.6111111111111112,-0.6122830111195509,0.24137931034482754,0.24047700447530163,1.0,0.000838,500000,419
-0.6111111111111112,-0.611791099338776,0.24137931034482754,0.2408555927753191,1.0033333333333334,0.0028,500000,1400
-0.6111111111111112,-0.6103915277847667,0.24137931034482754,0.24193400517399247,1.0066666666666666,0.006246,500000,3123
-0.6111111111111112,-0.611009893160154,0.24137931034482754,0.24145730481940353,1.01,0.00944,500000,4720
-0.6111111111111112,-0.611709434432549,0.24137931034482754,0.24091846661191785,1.0133333333333334,0.014226,500000,7113
-0.6111111111111112,-0.6113802606701672,0.24137931034482754,0.2411719622084779,1.0166666666666666,0.014956,500000,7478
-0.6111111111111112,-0.6114898955043095,0.24137931034482754,0.24108752129290126,1.02,0.017904,500000,8952
-0.6111111111111112,-0.6108016199293502,0.24137931034482754,0.2416178226141342,1.0233333333333334,0.02294,500000,11470
-0.6111111111111112,-0.6115736123295696,0.24137931034482754,0.24102305020305614,1.0266666666666666,0.026424,500000,13212
-0.6111111111111112,-0.6097354006427658,0.24137931034482754,0.24244021669735413,1.03,0.030556,500000,15278
-0.6111111111111112,-0.6115179111272777,0.24137931034482754,0.24106594546068308,1.0333333333333334,0.032692,500000,16346
-0.6111111111111112,-0.6126657133605806,0.24137931034482754,0.2401826264615413,1.0366666666666666,0.035756,500000,17878
-0.6111111111111112,-0.6106194018494512,0.24137931034482754,0.2417582935505611,1.04,0.038046,500000,19023
-0.6111111111111112,-0.6109512105187342,0.24137931034482754,0.24150252778666714,1.0433333333333334,0.041442,500000,20721
-0.6111111111111112,-0.6106272038993725,0.24137931034482754,0.24175227834097504,1.0466666666666666,0.044864,500000,22432
-0.6111111111111112,-0.6115426596708762,0.24137931034482754,0.24104688634705965,1.05,0.048484,500000,24242
-0.5833333333333334,-0.5844040243444623,0.26315789473684204,0.2623042918787638,0.85,0.0,500000,0
-0.5833333333333334,-0.5837580825950073,0.26315789473684204,0.2628191274787215,0.8533333333333333,0.0,500000,0
-0.5833333333333334,-0.5821305740384748,0.26315789473684204,0.26411816623636236,0.8566666666666667,0.0,500000,0
-0.5833333333333334,-0.5837976966809998,0.26315789473684204,0.2627875417366702,0.86,0.0,500000,0
-0.5833333333333334,-0.5832030898681761,0.26315789473684204,0.2632618094287121,0.8633333333333333,0.0,500000,0
-0.5833333333333334,-0.5815977819782163,0.26315789473684204,0.2645440090959526,0.8666666666666667,0.0,500000,0
-0.5833333333333334,-0.5837923522622728,0.26315789473684204,0.26279180294261467,0.87,0.0,500000,0
-0.5833333333333334,-0.5826877306754624,0.26315789473684204,0.263673156262124,0.8733333333333333,0.0,500000,0
-0.5833333333333334,-0.5842983442346064,0.26315789473684204,0.2623884934792532,0.8766666666666667,0.0,500000,0
-0.5833333333333334,-0.5832846731771786,0.26315789473684204,0.26319671622071505,0.88,0.0,500000,0
-0.5833333333333334,-0.5835836840456126,0.26315789473684204,0.26295820053573704,0.8833333333333333,0.0,500000,0
-0.5833333333333334,-0.5833408293870197,0.26315789473684204,0.26315191453395864,0.8866666666666667,0.0,500000,0
-0.5833333333333334,-0.5836265896382566,0.26315789473684204,0.26292398289223873,0.89,0.0,500000,0
-0.5833333333333334,-0.5830910147532858,0.26315789473684204,0.263351242197333,0.8933333333333333,0.0,500000,0
-0.5833333333333334,-0.5831832204340194,0.26315789473684204,0.26327766375120687,0.8966666666666666,0.0,500000,0
-0.5833333333333334,-0.5846393838197349,0.26315789473684204,0.2621168074082877,0.9,0.0,500000,0
-0.5833333333333334,-0.5833647849956726,0.26315789473684204,0.26313280360436087,0.9033333333333333,0.0,500000,0
-0.5833333333333334,-0.5824169142415448,0.26315789473684204,0.26388942256636805,0.9066666666666666,0.0,500000,0
-0.5833333333333334,-0.5832004180703013,0.26315789473684204,0.2632639413004443,0.91,0.0,500000,0
-0.5833333333333334,-0.5837044508822499,0.26315789473684204,0.2628618924988436,0.9133333333333333,0.0,500000,0
-0.5833333333333334,-0.5832922104444823,0.26315789473684204,0.263190702768969,0.9166666666666666,0.0,500000,0
-0.5833333333333334,-0.5834872393174754,0.26315789473684204,0.2630351229493031,0.92,0.0,500000,0
-0.5833333333333334,-0.5819058916300253,0.26315789473684204,0.26429771238740557,0.9233333333333333,0.0,500000,0
-0.5833333333333334,-0.5842414332441749,0.26315789473684204,0.26243384248854285,0.9266666666666666,0.0,500000,0
-0.5833333333333334,-0.5825960073925912,0.26315789473684204,0.26374639557893453,0.93,0.0,500000,0
-0.5833333333333334,-0.5836253359818283,0.26315789473684204,0.26292498266960634,0.9333333333333333,0.0,500000,0
-0.5833333333333334,-0.5840958787161707,0.26315789473684204,0.26254984112508295,0.9366666666666666,0.0,500000,0
-0.5833333333333334,-0.5838005576545213,0.26315789473684204,0.2627852606402892,0.94,0.0,500000,0
-0.5833333333333334,-0.583258950696615,0.26315789473684204,0.263217238797244,0.9433333333333334,0.0,500000,0
-0.5833333333333334,-0.5831749151845274,0.26315789473684204,0.2632842908371179,0.9466666666666667,0.0,500000,0
-0.5833333333333334,-0.5828175802920895,0.26315789473684204,0.2635694882987871,0.95,0.0,500000,0
-0.5833333333333334,-0.5842227054107961,0.26315789473684204,0.26244876630611796,0.9533333333333334,0.0,500000,0
-0.5833333333333334,-0.5839639312992541,0.26315789473684204,0.26265501409460146,0.9566666666666667,0.0,500000,0
-0.5833333333333334,-0.5831973949939343,0.26315789473684204,0.26326635347177446,0.96,0.0,500000,0
-0.5833333333333334,-0.5834411789027277,0.26315789473684204,0.26307186313414793,0.9633333333333334,0.0,500000,0
-0.5833333333333334,-0.582311084785364,0.26315789473684204,0.2639739550780525,0.9666666666666667,0.0,500000,0
-0.5833333333333334,-0.5833196684101137,0.26315789473684204,0.26316879648712677,0.97,0.0,500000,0
-0.5833333333333334,-0.583256467160959,0.26315789473684204,0.2632192203113695,0.9733333333333334,0.0,500000,0
-0.5833333333333334,-0.5830231077647026,0.26315789473684204,0.26340543621254336,0.9766666666666667,0.0,500000,0
-0.5833333333333334,-0.582083724579194,0.26315789473684204,0.2641555999395445,0.98,0.0,500000,0
-0.5833333333333334,-0.5830247983797676,0.26315789473684204,0.2634040869397676,0.9833333333333334,0.0,500000,0
-0.5833333333333334,-0.5833530070171893,0.26315789473684204,0.26314219958296864,0.9866666666666667,0.0,500000,0
-0.5833333333333334,-0.5844440181926839,0.26315789473684204,0.26227242934169753,0.99,0.0,500000,0
-0.5833333333333334,-0.5843606002180654,0.26315789473684204,0.2623388890917432,0.9933333333333334,0.0,500000,0
-0.5833333333333334,-0.5830943168791511,0.26315789473684204,0.26334860701333335,0.9966666666666667,0.0,500000,0
-0.5833333333333334,-0.5834318934835742,0.26315789473684204,0.2630792699267725,1.0,0.000324,500000,162
-0.5833333333333334,-0.5841477244394919,0.26315789473684204,0.2625085206038131,1.0033333333333334,0.002708,500000,1354
-0.5833333333333334,-0.5831903551883046,0.26315789473684204,0.2632719707050767,1.0066666666666666,0.007054,500000,3527
-0.5833333333333334,-0.58167909895716,0.26315789473684204,0.2644789966047154,1.01,0.008938,500000,4469
-0.5833333333333334,-0.5837288793742347,0.26315789473684204,0.2628424132735668,1.0133333333333334,0.014116,500000,7058
-0.5833333333333334,-0.5822572483274735,0.26315789473684204,0.2640169619157073,1.0166666666666666,0.017002,500000,8501
-0.5833333333333334,-0.582162149846448,0.26315789473684204,0.26409293775236886,1.02,0.019398,500000,9699
-0.5833333333333334,-0.5840026674612079,0.26315789473684204,0.2626241363630657,1.0233333333333334,0.02296,500000,11480
-0.5833333333333334,-0.5839647902388814,0.26315789473684204,0.2626543293922433,1.0266666666666666,0.025348,500000,12674
-0.5833333333333334,-0.5833940109922073,0.26315789473684204,0.2631094889305117,1.03,0.029824,500000,14912
-0.5833333333333334,-0.5832648928830897,0.26315789473684204,0.263212497788696,1.0333333333333334,0.034478,500000,17239
-0.5833333333333334,-0.5823111199111741,0.26315789473684204,0.2639739270190262,1.0366666666666666,0.035702,500000,17851
-0.5833333333333334,-0.5833216984264755,0.26315789473684204,0.26316717694681035,1.04,0.037394,500000,18697
-0.5833333333333334,-0.5834195964598171,0.26315789473684204,0.26308907914968743,1.0433333333333334,0.04256,500000,21280
-0.5833333333333334,-0.5843743353422296,0.26315789473684204,0.26232794573006885,1.0466666666666666,0.04494,500000,22470
-0.5833333333333334,-0.5834632343325994,0.26315789473684204,0.26305427030831147,1.05,0.048,500000,24000
-0.5555555555555556,-0.5566648696828899,0.2857142857142857,0.2847980570200846,0.85,0.0,500000,0
-0.5555555555555556,-0.5550943591951958,0.2857142857142857,0.286095591675257,0.8533333333333333,0.0,500000,0
-0.5555555555555556,-0.5551131656435406,0.2857142857142857,0.2860800385368451,0.8566666666666667,0.0,500000,0
-0.5555555555555556,-0.5557449426257957,0.2857142857142857,0.2855577705587061,0.86,0.0,500000,0
-0.5555555555555556,-0.5545105174305789,0.2857142857142857,0.28657862238575416,0.8633333333333333,0.0,500000,0
-0.5555555555555556,-0.555258322949131,0.2857142857142857,0.28596000451393533,0.8666666666666667,0.0,500000,0
-0.5555555555555556,-0.556536278952791,0.2857142857142857,0.2849041985359719,0.87,0.0,500000,0
-0.5555555555555556,-0.5549590148105711,0.2857142857142857,0.28620753405751015,0.8733333333333333,0.0,500000,0
-0.5555555555555556,-0.5562545387343869,0.2857142857142857,0.28513681420424064,0.8766666666666667,0.0,500000,0
-0.5555555555555556,-0.555596279284516,0.2857142857142857,0.28568062718681986,0.88,0.0,500000,0
-0.5555555555555556,-0.554484678980757,0.2857142857142857,0.2866000077346263,0.8833333333333333,0.0,500000,0
-0.5555555555555556,-0.5549367333549239,0.2857142857142857,0.28622596475987155,0.8866666666666667,0.0,500000,0
-0.5555555555555556,-0.5559422590178932,0.2857142857142857,0.2853947429015745,0.89,0.0,500000,0
-0.5555555555555556,-0.554586874167949,0.2857142857142857,0.28651542942587,0.8933333333333333,0.0,500000,0
-0.5555555555555556,-0.5556415435959136,0.2857142857142857,0.28564321789513153,0.8966666666666666,0.0,500000,0
-0.5555555555555556,-0.5538073404607309,0.2857142857142857,0.28716086474849906,0.9,0.0,500000,0
-0.5555555555555556,-0.5570604678621707,0.2857142857142857,0.2844716318217116,0.9033333333333333,0.0,500000,0
-0.5555555555555556,-0.5547583969388985,0.2857142857142857,0.2863734995338954,0.9066666666666666,0.0,500000,0
-0.5555555555555556,-0.5552298973519236,0.2857142857142857,0.2859835085509753,0.91,0.0,500000,0
-0.5555555555555556,-0.5557432393685455,0.2857142857142857,0.2855591780117728,0.9133333333333333,0.0,500000,0
-0.5555555555555556,-0.5550910702350218,0.2857142857142857,0.28609831171992955,0.9166666666666666,0.0,500000,0
-0.5555555555555556,-0.5562009070143734,0.2857142857142857,0.2851811041782971,0.92,0.0,500000,0
-0.5555555555555556,-0.5537900610304397,0.2857142857142857,0.28717517904165485,0.9233333333333333,0.0,500000,0
-0.5555555555555556,-0.5559662092395822,0.2857142857142857,0.2853749574532355,0.9266666666666666,0.0,500000,0
-0.5555555555555556,-0.5551001855757958,0.2857142857142857,0.2860907731545762,0.93,0.0,500000,0
-0.5555555555555556,-0.5552657749994488,0.2857142857142857,0.2859538428412396,0.9333333333333333,0.0,500000,0
-0.5555555555555556,-0.5554499505206049,0.2857142857142857,0.285801577434623,0.9366666666666666,0.0,500000,0
-0.5555555555555556,-0.5563529696406121,0.2857142857142857,0.28505553625270064,0.94,0.0,500000,0
-0.5555555555555556,-0.5564005995631168,0.2857142857142857,0.28501621019768436,0.9433333333333334,0.0,500000,0
-0.5555555555555556,-0.5551664181946112,0.2857142857142857,0.2860360001354678,0.9466666666666667,0.0,500000,0
-0.5555555555555556,-0.5562383827241172,0.2857142857142857,0.2851501557872518,0.95,0.0,500000,0
-0.5555555555555556,-0.556386752076079,0.2857142857142857,0.28502764324624397,0.9533333333333334,0.0,500000,0
-0.5555555555555556,-0.5555027558678653,0.2857142857142857,0.28575792775380543,0.9566666666666667,0.0,500000,0
-0.5555555555555556,-0.5561869052349493,0.2857142857142857,0.28519266758516054,0.96,0.0,500000,0
-0.5555555555555556,-0.5552417144248434,0.2857142857142857,0.28597373736187126,0.9633333333333334,0.0,500000,0
-0.5555555555555556,-0.5559899275844594,0.2857142857142857,0.2853553641602475,0.9666666666666667,0.0,500000,0
-0.5555555555555556,-0.5543270331742085,0.2857142857142857,0.2867304996398661,0.97,0.0,500000,0
-0.5555555555555556,-0.5547585932330993,0.2857142857142857,0.286373337124336,0.9733333333333334,0.0,500000,0
-0.5555555555555556,-0.5545304908949823,0.2857142857142857,0.2865620917146178,0.9766666666666667,0.0,500000,0
-0.5555555555555556,-0.5547710629689834,0.2857142857142857,0.2863630200196867,0.98,0.0,500000,0
-0.5555555555555556,-0.5564397719251066,0.2857142857142857,0.2849838690039828,0.9833333333333334,0.0,500000,0
-0.5555555555555556,-0.5550181865814169,0.2857142857142857,0.28615859110743913,0.9866666666666667,0.0,500000,0
-0.5555555555555556,-0.5561608587058849,0.2857142857142857,0.2852141787342056,0.99,0.0,500000,0
-0.5555555555555556,-0.5550301351319854,0.2857142857142857,0.28614870851377244,0.9933333333333334,0.0,500000,0
-0.5555555555555556,-0.5552384327258094,0.2857142857142857,0.2859764508871307,0.9966666666666667,0.0,500000,0
-0.5555555555555556,-0.5562286572054332,0.2857142857142857,0.2851581872238881,1.0,0.000492,500000,246
-0.5555555555555556,-0.5562425808341992,0.2857142857142857,0.2851466889743704,1.0033333333333334,0.004292,500000,2146
-0.5555555555555556,-0.5571229628774893,0.2857142857142857,0.2844200796474641,1.0066666666666666,0.005236,500000,2618
-0.5555555555555556,-0.5562953339940369,0.2857142857142857,0.2851031268385614,1.01,0.010006,500000,5003
-0.5555555555555556,-0.5547468579695948,0.2857142857142857,0.28638304669859815,1.0133333333333334,0.012906,500000,6453
-0.5555555555555556,-0.554958789111963,0.2857142857142857,0.28620772074750617,1.0166666666666666,0.015344,500000,7672
-0.5555555555555556,-0.5558466728144298,0.2857142857142857,0.28547371341041233,1.02,0.01915,500000,9575
-0.5555555555555556,-0.5555553476258951,0.2857142857142857,0.2857144575745383,1.0233333333333334,0.023458,500000,11729
-0.5555555555555556,-0.5546514033637775,0.2857142857142857,0.2864620297982095,1.0266666666666666,0.025646,500000,12823
-0.5555555555555556,-0.554876417362872,0.2857142857142857,0.28627585939728517,1.03,0.02968,500000,14840
-0.5555555555555556,-0.5550862071222635,0.2857142857142857,0.286102333645582,1.0333333333333334,0.032014,500000,16007
-0.5555555555555556,-0.5564454305352985,0.2857142857142857,0.28497919731895294,1.0366666666666666,0.035594,500000,17797
-0.5555555555555556,-0.5561774320054024,0.2857142857142857,0.2852004911950535,1.04,0.037342,500000,18671
-0.5555555555555556,-0.5548613518494538,0.2857142857142857,0.28628832250609937,1.0433333333333334,0.041252,500000,20626
-0.5555555555555556,-0.5559444171602953,0.2857142857142857,0.2853929600198292,1.0466666666666666,0.044806,500000,22403
-0.5555555555555556,-0.5535454476712655,0.2857142857142857,0.28737785109406444,1.05,0.04774,500000,23870
-0.5277777777777778,-0.5262245551448796,0.3090909090909091,0.31042315710229573,0.85,0.0,500000,0
-0.5277777777777778,-0.5267829979559724,0.3090909090909091,0.30994385101062916,0.8533333333333333,0.0,500000,0
-0.5277777777777778,-0.5277714830631672,0.3090909090909091,0.30909630279917205,0.8566666666666667,0.0,500000,0
-0.5277777777777778,-0.5278604261606501,0.3090909090909091,0.3090200948693894,0.86,0.0,500000,0
-0.5277777777777778,-0.5282941978256058,0.3090909090909091,0.30864855918809203,0.8633333333333333,0.0,500000,0
-0.5277777777777778,-0.527759011172337,0.3090909090909091,0.30910698963266825,0.8666666666666667,0.0,500000,0
-0.5277777777777778,-0.527004317233595,0.3090909090909091,0.30975399180488894,0.87,0.0,500000,0
-0.5277777777777778,-0.5274523537042235,0.3090909090909091,0.30936981120871077,0.8733333333333333,0.0,500000,0
-0.5277777777777778,-0.5286611348671783,0.3090909090909091,0.3083344335654712,0.8766666666666667,0.0,500000,0
-0.5277777777777778,-0.5285508888166139,0.3090909090909091,0.30842879660249745,0.88,0.0,500000,0
-0.5277777777777778,-0.5284454397014421,0.3090909090909091,0.30851906652989114,0.8833333333333333,0.0,500000,0
-0.5277777777777778,-0.5288688398150526,0.3090909090909091,0.30815668938739055,0.8866666666666667,0.0,500000,0
-0.5277777777777778,-0.5280202054115389,0.3090909090909091,0.308883215625636,0.89,0.0,500000,0
-0.5277777777777778,-0.5286216328559722,0.3090909090909091,0.3083682430055216,0.8933333333333333,0.0,500000,0
-0.5277777777777778,-0.5271842653658189,0.3090909090909091,0.30959966348325607,0.8966666666666666,0.0,500000,0
-0.5277777777777778,-0.5273744117248359,0.3090909090909091,0.3094366284043195,0.9,0.0,500000,0
-0.5277777777777778,-0.5270175771217143,0.3090909090909091,0.30974261852952173,0.9033333333333333,0.0,500000,0
-0.5277777777777778,-0.5263849434548318,0.3090909090909091,0.3102854614597968,0.9066666666666666,0.0,500000,0
-0.5277777777777778,-0.5267490420590614,0.3090909090909091,0.30997298501834014,0.91,0.0,500000,0
-0.5277777777777778,-0.5288607749414935,0.3090909090909091,0.3081635900277029,0.9133333333333333,0.0,500000,0
-0.5277777777777778,-0.5270810185575436,0.3090909090909091,0.3096882062545497,0.9166666666666666,0.0,500000,0
-0.5277777777777778,-0.5271416265966237,0.3090909090909091,0.30963622834195476,0.92,0.0,500000,0
-0.5277777777777778,-0.5290261372990817,0.3090909090909091,0.30802211369183063,0.9233333333333333,0.0,500000,0
-0.5277777777777778,-0.5273269248657254,0.3090909090909091,0.30947734073098304,0.9266666666666666,0.0,500000,0
-0.5277777777777778,-0.527403617865515,0.3090909090909091,0.30941159010407443,0.93,0.0,500000,0
-0.5277777777777778,-0.5267600499361572,0.3090909090909091,0.30996354016705613,0.9333333333333333,0.0,500000,0
-0.5277777777777778,-0.5261485558306462,0.3090909090909091,0.31048841369931235,0.9366666666666666,0.0,500000,0
-0.5277777777777778,-0.5272294611777623,0.3090909090909091,0.30956090806266184,0.94,0.0,500000,0
-0.5277777777777778,-0.5278053665113399,0.3090909090909091,0.30906726984922867,0.9433333333333334,0.0,500000,0
-0.5277777777777778,-0.5290125770735283,0.3090909090909091,0.3080337140378032,0.9466666666666667,0.0,500000,0
-0.5277777777777778,-0.5282459848076978,0.3090909090909091,0.3086898443588347,0.95,0.0,500000,0
-0.5277777777777778,-0.5272562744170454,0.3090909090909091,0.30953791678701803,0.9533333333333334,0.0,500000,0
-0.5277777777777778,-0.5259849870050025,0.3090909090909091,0.31062888365981256,0.9566666666666667,0.0,500000,0
-0.5277777777777778,-0.5282225201991428,0.3090909090909091,0.30870993822246506,0.96,0.0,500000,0
-0.5277777777777778,-0.5273648496175158,0.3090909090909091,0.30944482616634905,0.9633333333333334,0.0,500000,0
-0.5277777777777778,-0.5281194528532446,0.3090909090909091,0.3087982070156091,0.9666666666666667,0.0,500000,0
-0.5277777777777778,-0.5270022796783859,0.3090909090909091,0.30975573947488527,0.97,0.0,500000,0
-0.5277777777777778,-0.5273862484235216,0.3090909090909091,0.30942648073745765,0.9733333333333334,0.0,500000,0
-0.5277777777777778,-0.5273192772327117,0.3090909090909091,0.3094838975801572,0.9766666666666667,0.0,500000,0
-0.5277777777777778,-0.528149362305629,0.3090909090909091,0.30877259077768143,0.98,0.0,500000,0
-0.5277777777777778,-0.5277996551429361,0.3090909090909091,0.3090721635310792,0.9833333333333334,0.0,500000,0
-0.5277777777777778,-0.5269460956315084,0.3090909090909091,0.3098039319933215,0.9866666666666667,0.0,500000,0
-0.5277777777777778,-0.5271629036774025,0.3090909090909091,0.3096179819350036,0.99,0.0,500000,0
-0.5277777777777778,-0.5276771797276407,0.3090909090909091,0.30917711316245916,0.9933333333333334,0.0,500000,0
-0.5277777777777778,-0.5284087027049892,0.3090909090909091,0.30855051823532864,0.9966666666666667,0.0,500000,0
-0.5277777777777778,-0.5290956949216647,0.3090909090909091,0.30796261257047075,1.0,0.000394,500000,197
-0.5277777777777778,-0.5283667222527827,0.3090909090909091,0.30858646088030434,1.0033333333333334,0.003156,500000,1578
-0.5277777777777778,-0.5276288136431468,0.3090909090909091,0.3092185628721709,1.0066666666666666,0.006676,500000,3338
-0.5277777777777778,-0.526442969386842,0.3090909090909091,0.310235652500913,1.01,0.01054,500000,5270
-0.5277777777777778,-0.5264869769499317,0.3090909090909091,0.31019787931384324,1.0133333333333334,0.013088,500000,6544
-0.5277777777777778,-0.5272108436257804,0.3090909090909091,0.3095768723405354,1.0166666666666666,0.015238,500000,7619
-0.5277777777777778,-0.5277133414276275,0.3090909090909091,0.3091461243187331,1.02,0.02101,500000,10505
-0.5277777777777778,-0.527439981263841,0.3090909090909091,0.3093804172555123,1.0233333333333334,0.023018,500000,11509
-0.5277777777777778,-0.528373543283192,0.3090909090909091,0.3085806207451607,1.0266666666666666,0.027414,500000,13707
-0.5277777777777778,-0.5283000498648541,0.3090909090909091,0.30864354822003565,1.03,0.029332,500000,14666
-0.5277777777777778,-0.5280472646966395,0.3090909090909091,0.3088600373870348,1.0333333333333334,0.032504,500000,16252
-0.5277777777777778,-0.5279158935502821,0.3090909090909091,0.30897257397642364,1.0366666666666666,0.034876,500000,17438
-0.5277777777777778,-0.5279836374898705,0.3090909090909091,0.3089145400048556,1.04,0.038756,500000,19378
-0.5277777777777778,-0.5285321709703451,0.3090909090909091,0.30844481914329414,1.0433333333333334,0.041662,500000,20831
-0.5277777777777778,-0.5277391112754205,0.3090909090909091,0.3091240416894979,1.0466666666666666,0.044904,500000,22452
-0.5277777777777778,-0.5278408572815776,0.3090909090909091,0.30903686105011946,1.05,0.047484,500000,23742
-0.5,-0.5003110285286213,0.3333333333333333,0.3330569208448942,0.85,0.0,500000,0
-0.5,-0.5003876193729673,0.3333333333333333,0.33298887179289544,0.8533333333333333,0.0,500000,0
-0.5,-0.5001546537704549,0.3333333333333333,0.3331958774871945,0.8566666666666667,0.0,500000,0
-0.5,-0.4992660031397941,0.3333333333333333,0.3339860944032336,0.86,0.0,500000,0
-0.5,-0.5009626965391268,0.3333333333333333,0.33247815192978336,0.8633333333333333,0.0,500000,0
-0.5,-0.5011638546485513,0.3333333333333333,0.33229959794644476,0.8666666666666667,0.0,500000,0
-0.5,-0.5011092699974194,0.3333333333333333,0.3323480441923047,0.87,0.0,500000,0
-0.5,-0.4989508154832645,0.3333333333333333,0.33426659456814556,0.8733333333333333,0.0,500000,0
-0.5,-0.4991222278532415,0.3333333333333333,0.33411403209198,0.8766666666666667,0.0,500000,0
-0.5,-0.5014534745654197,0.3333333333333333,0.3320426066341346,0.88,0.0,500000,0
-0.5,-0.5003588655475172,0.3333333333333333,0.333014418034016,0.8833333333333333,0.0,500000,0
-0.5,-0.4996616234757108,0.3333333333333333,0.33363418033240944,0.8866666666666667,0.0,500000,0
-0.5,-0.4998620259692887,0.3333333333333333,0.33345598819831196,0.89,0.0,500000,0
-0.5,-0.4977005135978905,0.3333333333333333,0.3353804594721326,0.8933333333333333,0.0,500000,0
-0.5,-0.5009483772426462,0.3333333333333333,0.3324908639923705,0.8966666666666666,0.0,500000,0
-0.5,-0.4991166896209923,0.3333333333333333,0.3341189607499076,0.9,0.0,500000,0
-0.5,-0.49921583775974954,0.3333333333333333,0.33403073101773184,0.9033333333333333,0.0,500000,0
-0.5,-0.5006139997105571,0.3333333333333333,0.33278777912625496,0.9066666666666666,0.0,500000,0
-0.5,-0.49883399679866663,0.3333333333333333,0.33437058691740723,0.91,0.0,500000,0
-0.5,-0.49955041836523056,0.3333333333333333,0.33373308126601436,0.9133333333333333,0.0,500000,0
-0.5,-0.4989442797489103,0.3333333333333333,0.3342724122707363,0.9166666666666666,0.0,500000,0
-0.5,-0.4988456630201852,0.3333333333333333,0.33436020088284807,0.92,0.0,500000,0
-0.5,-0.49881107479047737,0.3333333333333333,0.33439099406146644,0.9233333333333333,0.0,500000,0
-0.5,-0.4987242283583418,0.3333333333333333,0.33446831789110454,0.9266666666666666,0.0,500000,0
-0.5,-0.499479764851552,0.3333333333333333,0.33379592501403266,0.93,0.0,500000,0
-0.5,-0.499469049909669,0.3333333333333333,0.3338054560849281,0.9333333333333333,0.0,500000,0
-0.5,-0.498908344579795,0.3333333333333333,0.33430440042061504,0.9366666666666666,0.0,500000,0
-0.5,-0.5000856538177068,0.3333333333333333,0.33325720095383543,0.94,0.0,500000,0
-0.5,-0.49981405545698876,0.3333333333333333,0.33349863786321576,0.9433333333333334,0.0,500000,0
-0.5,-0.4989346035448775,0.3333333333333333,0.3342810255164817,0.9466666666666667,0.0,500000,0
-0.5,-0.4991451262188848,0.3333333333333333,0.3340936544578322,0.95,0.0,500000,0
-0.5,-0.49938593524161823,0.3333333333333333,0.33387939221779506,0.9533333333333334,0.0,500000,0
-0.5,-0.4997977511285214,0.3333333333333333,0.3335131343510163,0.9566666666666667,0.0,500000,0
-0.5,-0.4998496050071725,0.3333333333333333,0.333467031176393,0.96,0.0,500000,0
-0.5,-0.5002530971051775,0.3333333333333333,0.33310839608270915,0.9633333333333334,0.0,500000,0
-0.5,-0.500055651277948,0.3333333333333333,0.33328386736594245,0.9666666666666667,0.0,500000,0
-0.5,-0.49834973289995443,0.3333333333333333,0.33480185305545157,0.97,0.0,500000,0
-0.5,-0.5014296090774104,0.3333333333333333,0.3320637796859143,0.9733333333333334,0.0,500000,0
-0.5,-0.5007450749931266,0.3333333333333333,0.3326713732571537,0.9766666666666667,0.0,500000,0
-0.5,-0.5002345250543321,0.3333333333333333,0.3331248992070547,0.98,0.0,500000,0
-0.5,-0.5005915450937767,0.3333333333333333,0.3328077227537715,0.9833333333333334,0.0,500000,0
-0.5,-0.49947413475390257,0.3333333333333333,0.33380093303726444,0.9866666666666667,0.0,500000,0
-0.5,-0.499615632561612,0.3333333333333333,0.3336750808496453,0.99,0.0,500000,0
-0.5,-0.5015262314777018,0.3333333333333333,0.3319780621026738,0.9933333333333334,0.0,500000,0
-0.5,-0.4996707369100378,0.3333333333333333,0.3336260758950688,0.9966666666666667,0.0,500000,0
-0.5,-0.5000186338077919,0.3333333333333333,0.3333167701543862,1.0,0.000232,500000,116
-0.5,-0.500231705921687,0.3333333333333333,0.3331274043240367,1.0033333333333334,0.003138,500000,1569
-0.5,-0.5010224186520575,0.3333333333333333,0.33242513579246363,1.0066666666666666,0.00639,500000,3195
-0.5,-0.49959916910917845,0.3333333333333333,0.3336897226930844,1.01,0.009436,500000,4718
-0.5,-0.4999759203670641,0.3333333333333333,0.3333547377951062,1.0133333333333334,0.011544,500000,5772
-0.5,-0.49990397193994374,0.3333333333333333,0.3334186970738152,1.0166666666666666,0.016528,500000,8264
-0.5,-0.5002470216730965,0.3333333333333333,0.33311379466667557,1.02,0.018718,500000,9359
-0.5,-0.4983854038687789,0.3333333333333333,0.3347700764009511,1.0233333333333334,0.024094,500000,12047
-0.5,-0.4998209351959217,0.3333333333333333,0.333492521051348,1.0266666666666666,0.025722,500000,12861
-0.5,-0.5000390495948412,0.3333333333333333,0.333298623485967,1.03,0.030436,500000,15218
-0.5,-0.5005272163958882,0.3333333333333333,0.33286486119445,1.0333333333333334,0.032324,500000,16162
-0.5,-0.4989406923842315,0.3333333333333333,0.33427560554032204,1.0366666666666666,0.034642,500000,17321
-0.5,-0.501485417721435,0.3333333333333333,0.33201426826714125,1.04,0.03882,500000,19410
-0.5,-0.5001881664808909,0.3333333333333333,0.3331660952182797,1.0433333333333334,0.041458,500000,20729
-0.5,-0.4998070042392752,0.3333333333333333,0.3335049071959964,1.0466666666666666,0.045384,500000,22692
-0.5,-0.4987869353639704,0.3333333333333333,0.3344124857308776,1.05,0.047412,500000,23706
-0.4722222222222222,-0.471942725960492,0.3584905660377358,0.3587485197122279,0.85,0.0,500000,0
-0.4722222222222222,-0.4718472317174038,0.3584905660377358,0.3588366760498158,0.8533333333333333,0.0,500000,0
-0.4722222222222222,-0.4718409015023705,0.3584905660377358,0.35884252024693364,0.8566666666666667,0.0,500000,0
-0.4722222222222222,-0.47357777484796443,0.3584905660377358,0.35724088279381716,0.86,0.0,500000,0
-0.4722222222222222,-0.47276016296881346,0.3584905660377358,0.35799436343278607,0.8633333333333333,0.0,500000,0
-0.4722222222222222,-0.4729107229869745,0.3584905660377358,0.35785555009343684,0.8666666666666667,0.0,500000,0
-0.4722222222222222,-0.46864418528464796,0.3584905660377358,0.36180023727964195,0.87,0.0,500000,0
-0.4722222222222222,-0.4729689709016696,0.3584905660377358,0.35780185428869654,0.8733333333333333,0.0,500000,0
-0.4722222222222222,-0.47165982056618394,0.3584905660377358,0.35900971953596617,0.8766666666666667,0.0,500000,0
-0.4722222222222222,-0.470539970486595,0.3584905660377358,0.36004463675897846,0.88,0.0,500000,0
-0.4722222222222222,-0.4717146618743618,0.3584905660377358,0.35895907801368165,0.8833333333333333,0.0,500000,0
-0.4722222222222222,-0.4716095458094307,0.3584905660377358,0.35905614753262444,0.8866666666666667,0.0,500000,0
-0.4722222222222222,-0.4712187491247867,0.3584905660377358,0.3594171507056853,0.89,0.0,500000,0
-0.4722222222222222,-0.4720543595883526,0.3584905660377358,0.3586454786624068,0.8933333333333333,0.0,500000,0
-0.4722222222222222,-0.4726246580072511,0.3584905660377358,0.35811932057853135,0.8966666666666666,0.0,500000,0
-0.4722222222222222,-0.4731656414018432,0.3584905660377358,0.3576205850801874,0.9,0.0,500000,0
-0.4722222222222222,-0.4706898363192171,0.3584905660377358,0.3599060458631569,0.9033333333333333,0.0,500000,0
-0.4722222222222222,-0.4715858519002784,0.3584905660377358,0.3590780296082443,0.9066666666666666,0.0,500000,0
-0.4722222222222222,-0.4715914753383727,0.3584905660377358,0.35907283612126584,0.91,0.0,500000,0
-0.4722222222222222,-0.47287763608208666,0.3584905660377358,0.35788605312799776,0.9133333333333333,0.0,500000,0
-0.4722222222222222,-0.4723300557009908,0.3584905660377358,0.35839107016516103,0.9166666666666666,0.0,500000,0
-0.4722222222222222,-0.4718834980872812,0.3584905660377358,0.35880319508915515,0.92,0.0,500000,0
-0.4722222222222222,-0.47146699997629715,0.3584905660377358,0.3591878037578938,0.9233333333333333,0.0,500000,0
-0.4722222222222222,-0.47075338685062706,0.3584905660377358,0.3598472849909027,0.9266666666666666,0.0,500000,0
-0.4722222222222222,-0.4735064163375102,0.3584905660377358,0.3573066108331727,0.93,0.0,500000,0
-0.4722222222222222,-0.47127174758136064,0.3584905660377358,0.35936818149863986,0.9333333333333333,0.0,500000,0
-0.4722222222222222,-0.4733740559596767,0.3584905660377358,0.35742854430629123,0.9366666666666666,0.0,500000,0
-0.4722222222222222,-0.47133321299186265,0.3584905660377358,0.35931139346275404,0.94,0.0,500000,0
-0.4722222222222222,-0.47018749823925887,0.3584905660377358,0.360370702645248,0.9433333333333334,0.0,500000,0
-0.4722222222222222,-0.47116208194776993,0.3584905660377358,0.3594695136188299,0.9466666666666667,0.0,500000,0
-0.4722222222222222,-0.4732522850827019,0.3584905660377358,0.3575407418341311,0.95,0.0,500000,0
-0.4722222222222222,-0.4728647237089934,0.3584905660377358,0.3578979575011923,0.9533333333333334,0.0,500000,0
-0.4722222222222222,-0.4721643849571675,0.3584905660377358,0.35854393737299234,0.9566666666666667,0.0,500000,0
-0.4722222222222222,-0.4723176062851767,0.3584905660377358,0.3584025562570195,0.96,0.0,500000,0
-0.4722222222222222,-0.47228608280907,0.3584905660377358,0.3584316413451864,0.9633333333333334,0.0,500000,0
-0.4722222222222222,-0.4718587911550755,0.3584905660377358,0.3588260042462724,0.9666666666666667,0.0,500000,0
-0.4722222222222222,-0.47126307705917714,0.3584905660377358,0.3593761925961499,0.97,0.0,500000,0
-0.4722222222222222,-0.4720337385415928,0.3584905660377358,0.358664511304942,0.9733333333333334,0.0,500000,0
-0.4722222222222222,-0.4726633361928312,0.3584905660377358,0.3580836507890892,0.9766666666666667,0.0,500000,0
-0.4722222222222222,-0.4723664635520628,0.3584905660377358,0.35835748063361145,0.98,0.0,500000,0
-0.4722222222222222,-0.4727061936093327,0.3584905660377358,0.3580441290182714,0.9833333333333334,0.0,500000,0
-0.4722222222222222,-0.4728843027264009,0.3584905660377358,0.35787990699464645,0.9866666666666667,0.0,500000,0
-0.4722222222222222,-0.47216845291963494,0.3584905660377358,0.3585401833829265,0.99,0.0,500000,0
-0.4722222222222222,-0.46987614784693554,0.3584905660377358,0.36065885750278087,0.9933333333333334,0.0,500000,0
-0.4722222222222222,-0.47314763268826276,0.3584905660377358,0.35763718151609464,0.9966666666666667,0.0,500000,0
-0.4722222222222222,-0.47134379372624163,0.3584905660377358,0.3593016183762964,1.0,0.000216,500000,108
-0.4722222222222222,-0.4737391511385306,0.3584905660377358,0.3570922632101542,1.0033333333333334,0.002486,500000,1243
-0.4722222222222222,-0.47084087064222363,0.3584905660377358,0.35976640296018286,1.0066666666666666,0.007216,500000,3608
-0.4722222222222222,-0.4718568804089201,0.3584905660377358,0.358827768257161,1.01,0.008238,500000,4119
-0.4722222222222222,-0.4709580080034578,0.3584905660377358,0.3596581201625292,1.0133333333333334,0.012474,500000,6237
-0.4722222222222222,-0.47326319563752844,0.3584905660377358,0.35753068828583306,1.0166666666666666,0.016504,500000,8252
-0.4722222222222222,-0.4717821115179011,0.3584905660377358,0.3588967988864391,1.02,0.019874,500000,9937
-0.4722222222222222,-0.472742438598717,0.3584905660377358,0.3580107068164324,1.0233333333333334,0.022558,500000,11279
-0.4722222222222222,-0.47150600048536623,0.3584905660377358,0.3591517801084831,1.0266666666666666,0.024292,500000,12146
-0.4722222222222222,-0.4739960920302913,0.3584905660377358,0.3568557005094821,1.03,0.02824,500000,14120
-0.4722222222222222,-0.4724090761435983,0.3584905660377358,0.35831816877835376,1.0333333333333334,0.032824,500000,16412
-0.4722222222222222,-0.4725457770385039,0.3584905660377358,0.3581920719791004,1.0366666666666666,0.034704,500000,17352
-0.4722222222222222,-0.4720712569263672,0.3584905660377358,0.35862988329513973,1.04,0.038514,500000,19257
-0.4722222222222222,-0.4730503255615951,0.3584905660377358,0.35772686465243964,1.0433333333333334,0.04225,500000,21125
-0.4722222222222222,-0.4726173431469799,0.3584905660377358,0.35812606669836206,1.0466666666666666,0.044222,500000,22111
-0.4722222222222222,-0.47247413698274077,0.3584905660377358,0.3582581518872833,1.05,0.04564,500000,22820
-0.4444444444444444,-0.44320465253266533,0.38461538461538464,0.3858048451342088,0.85,0.0,500000,0
-0.4444444444444444,-0.44361544078323306,0.38461538461538464,0.3854105071880504,0.8533333333333333,0.0,500000,0
-0.4444444444444444,-0.4444503914060829,0.38461538461538464,0.3846096840010712,0.8566666666666667,0.0,500000,0
-0.4444444444444444,-0.44566538807860245,0.38461538461538464,0.3834460010543309,0.86,0.0,500000,0
-0.4444444444444444,-0.44632954191122004,0.38461538461538464,0.38281072331354343,0.8633333333333333,0.0,500000,0
-0.4444444444444444,-0.4444260906491967,0.38461538461538464,0.3846329784178163,0.8666666666666667,0.0,500000,0
-0.4444444444444444,-0.44445232038942223,0.38461538461538464,0.3846078349341451,0.87,0.0,500000,0
-0.4444444444444444,-0.4447594881119013,0.38461538461538464,0.3843134559467198,0.8733333333333333,0.0,500000,0
-0.4444444444444444,-0.44277920290864586,0.38461538461538464,0.3862134940453784,0.8766666666666667,0.0,500000,0
-0.4444444444444444,-0.44559810006342054,0.38461538461538464,0.38351039608606086,0.88,0.0,500000,0
-0.4444444444444444,-0.4429899677571458,0.38461538461538464,0.38601102203684795,0.8833333333333333,0.0,500000,0
-0.4444444444444444,-0.44407547367467604,0.38461538461538464,0.38496916294180045,0.8866666666666667,0.0,500000,0
-0.4444444444444444,-0.44490903677497823,0.38461538461538464,0.38417017895048877,0.89,0.0,500000,0
-0.4444444444444444,-0.4447478212981681,0.38461538461538464,0.3843246347330802,0.8933333333333333,0.0,500000,0
-0.4444444444444444,-0.4445127768433213,0.38461538461538464,0.38454988565111836,0.8966666666666666,0.0,500000,0
-0.4444444444444444,-0.44448594282391174,0.38461538461538464,0.38457560624652437,0.9,0.0,500000,0
-0.4444444444444444,-0.4427305420190358,0.38461538461538464,0.38626024870943054,0.9033333333333333,0.0,500000,0
-0.4444444444444444,-0.4457505779937949,0.38461538461538464,0.3833644823959281,0.9066666666666666,0.0,500000,0
-0.4444444444444444,-0.44513397557136036,0.38461538461538464,0.38395472932484553,0.91,0.0,500000,0
-0.4444444444444444,-0.4450474304541739,0.38461538461538464,0.38403761554830507,0.9133333333333333,0.0,500000,0
-0.4444444444444444,-0.4445233399956788,0.38461538461538464,0.3845397610577777,0.9166666666666666,0.0,500000,0
-0.4444444444444444,-0.4443258038375341,0.38461538461538464,0.3847291204561012,0.92,0.0,500000,0
-0.4444444444444444,-0.44226322712131916,0.38461538461538464,0.3867094178029442,0.9233333333333333,0.0,500000,0
-0.4444444444444444,-0.4436218849321115,0.38461538461538464,0.3854043228875358,0.9266666666666666,0.0,500000,0
-0.4444444444444444,-0.44511977684854787,0.38461538461538464,0.383968327083247,0.93,0.0,500000,0
-0.4444444444444444,-0.4446250420177291,0.38461538461538464,0.3844422890569379,0.9333333333333333,0.0,500000,0
-0.4444444444444444,-0.44572750316485116,0.38461538461538464,0.3833865618671482,0.9366666666666666,0.0,500000,0
-0.4444444444444444,-0.44453861328897254,0.38461538461538464,0.3845251221400962,0.94,0.0,500000,0
-0.4444444444444444,-0.44571053688050527,0.38461538461538464,0.38340279674209043,0.9433333333333334,0.0,500000,0
-0.4444444444444444,-0.44408301024916164,0.38461538461538464,0.3849619348786055,0.9466666666666667,0.0,500000,0
-0.4444444444444444,-0.4447447399486842,0.38461538461538464,0.38432758721865146,0.95,0.0,500000,0
-0.4444444444444444,-0.44434975996176934,0.38461538461538464,0.3847061532055353,0.9533333333333334,0.0,500000,0
-0.4444444444444444,-0.44333303478529035,0.38461538461538464,0.3856815799255362,0.9566666666666667,0.0,500000,0
-0.4444444444444444,-0.44519890265096923,0.38461538461538464,0.38389255370409114,0.96,0.0,500000,0
-0.4444444444444444,-0.44429256845719395,0.38461538461538464,0.3847609851904297,0.9633333333333334,0.0,500000,0
-0.4444444444444444,-0.44506135562637883,0.38461538461538464,0.3840242784245493,0.9666666666666667,0.0,500000,0
-0.4444444444444444,-0.4458177289870388,0.38461538461538464,0.38330023204323926,0.97,0.0,500000,0
-0.4444444444444444,-0.44395264132698137,0.38461538461538464,0.38508697775712053,0.9733333333333334,0.0,500000,0
-0.4444444444444444,-0.4437363380857293,0.38461538461538464,0.38529449404302496,0.9766666666666667,0.0,500000,0
-0.4444444444444444,-0.44570682239790055,0.38461538461538464,0.3834063511457525,0.98,0.0,500000,0
-0.4444444444444444,-0.4431626610923886,0.38461538461538464,0.3858451676445942,0.9833333333333334,0.0,500000,0
-0.4444444444444444,-0.44440596565218643,0.38461538461538464,0.3846522705941252,0.9866666666666667,0.0,500000,0
-0.4444444444444444,-0.44384677046673277,0.38461538461538464,0.385188540023182,0.99,0.0,500000,0
-0.4444444444444444,-0.4457263870119099,0.38461538461538464,0.3833876298914948,0.9933333333333334,0.0,500000,0
-0.4444444444444444,-0.44436226766470877,0.38461538461538464,0.38469416210495727,0.9966666666666667,0.0,500000,0
-0.4444444444444444,-0.44392944131933726,0.38461538461538464,0.38510923232687444,1.0,0.00076,500000,380
-0.4444444444444444,-0.44500445731938965,0.38461538461538464,0.38407877558397,1.0033333333333334,0.00384,500000,1920
-0.4444444444444444,-0.44459357826015544,0.38461538461538464,0.3844724426982203,1.0066666666666666,0.00587,500000,2935
-0.4444444444444444,-0.44482623601458354,0.38461538461538464,0.384249503605922,1.01,0.009066,500000,4533
-0.4444444444444444,-0.44397790655960373,0.38461538461538464,0.3850627429370887,1.0133333333333334,0.013404,500000,6702
-0.4444444444444444,-0.44665807837630944,0.38461538461538464,0.3824966866011261,1.0166666666666666,0.016482,500000,8241
-0.4444444444444444,-0.44520474541336186,0.38461538461538464,0.3838869588183879,1.02,0.021208,500000,10604
-0.4444444444444444,-0.44458133717017423,0.38461538461538464,0.384484174437591,1.0233333333333334,0.023202,500000,11601
-0.4444444444444444,-0.44442731446368283,0.38461538461538464,0.384631805265052,1.0266666666666666,0.024688,500000,12344
-0.4444444444444444,-0.44465552742243286,0.38461538461538464,0.3844130742838174,1.03,0.028148,500000,14074
-0.4444444444444444,-0.44640016213263495,0.38461538461538464,0.3827432078347623,1.0333333333333334,0.032876,500000,16438
-0.4444444444444444,-0.44506512283540645,0.38461538461538464,0.38402067034580345,1.0366666666666666,0.034498,500000,17249
-0.4444444444444444,-0.44498194014710074,0.38461538461538464,0.38410034370145685,1.04,0.038564,500000,19282
-0.4444444444444444,-0.44566445701811624,0.38461538461538464,0.3834468920438687,1.0433333333333334,0.041544,500000,20772
-0.4444444444444444,-0.4464897757750713,0.38461538461538464,0.38265754345089775,1.0466666666666666,0.044232,500000,22116
-0.4444444444444444,-0.44403427865288925,0.38461538461538464,0.38500867296984115,1.05,0.04815,500000,24075
-0.41666666666666674,-0.416179570731283,0.41176470588235287,0.4122502833219416,0.85,0.0,500000,0
-0.41666666666666674,-0.4160405913734857,0.41176470588235287,0.4123888906744574,0.8533333333333333,0.0,500000,0
-0.41666666666666674,-0.41490512362134285,0.41176470588235287,0.4135223391382957,0.8566666666666667,0.0,500000,0
-0.41666666666666674,-0.41621918719217393,0.41176470588235287,0.41221077788477234,0.86,0.0,500000,0
-0.41666666666666674,-0.417326301613519,0.41176470588235287,0.41110765934644056,0.8633333333333333,0.0,500000,0
-0.41666666666666674,-0.417712559366808,0.41176470588235287,0.41072320110732363,0.8666666666666667,0.0,500000,0
-0.41666666666666674,-0.41575494609599883,0.41176470588235287,0.41267385681051677,0.87,0.0,500000,0
-0.41666666666666674,-0.41622527873345994,0.41176470588235287,0.41220470361086475,0.8733333333333333,0.0,500000,0
-0.41666666666666674,-0.41651800955924423,0.41176470588235287,0.4119128641522241,0.8766666666666667,0.0,500000,0
-0.41666666666666674,-0.41827011210791804,0.41176470588235287,0.4101686152206085,0.88,0.0,500000,0
-0.41666666666666674,-0.4169482730735653,0.41176470588235287,0.4114841296653063,0.8833333333333333,0.0,500000,0
-0.41666666666666674,-0.4153643910813622,0.41176470588235287,0.41306366940033473,0.8866666666666667,0.0,500000,0
-0.41666666666666674,-0.415079386698006,0.41176470588235287,0.4133482678076935,0.89,0.0,500000,0
-0.41666666666666674,-0.4186322930013664,0.41176470588235287,0.4098085951283738,0.8933333333333333,0.0,500000,0
-0.41666666666666674,-0.41800324357115054,0.41176470588235287,0.4104340092785175,0.8966666666666666,0.0,500000,0
-0.41666666666666674,-0.4167692197947826,0.41176470588235287,0.4116625150069944,0.9,0.0,500000,0
-0.41666666666666674,-0.4153973897397066,0.41176470588235287,0.41303072515048417,0.9033333333333333,0.0,500000,0
-0.41666666666666674,-0.4166708688295322,0.41176470588235287,0.41176051827226473,0.9066666666666666,0.0,500000,0
-0.41666666666666674,-0.4164140317207608,0.41176470588235287,0.4120165115635414,0.91,0.0,500000,0
-0.41666666666666674,-0.4148063430629286,0.41176470588235287,0.4136210300486636,0.9133333333333333,0.0,500000,0
-0.41666666666666674,-0.4167990840787885,0.41176470588235287,0.4116327589951912,0.9166666666666666,0.0,500000,0
-0.41666666666666674,-0.41654392306250876,0.41176470588235287,0.4118870353670951,0.92,0.0,500000,0
-0.41666666666666674,-0.4169099454010955,0.41176470588235287,0.4115223105684708,0.9233333333333333,0.0,500000,0
-0.41666666666666674,-0.41661288055538775,0.41176470588235287,0.4118183079176108,0.9266666666666666,0.0,500000,0
-0.41666666666666674,-0.415932982809208,0.41176470588235287,0.4124962298935959,0.93,0.0,500000,0
-0.41666666666666674,-0.41672739668894015,0.41176470588235287,0.41170418859283525,0.9333333333333333,0.0,500000,0
-0.41666666666666674,-0.4147159849186408,0.41176470588235287,0.41371131825800245,0.9366666666666666,0.0,500000,0
-0.41666666666666674,-0.4172492449486866,0.41176470588235287,0.4111843820896956,0.94,0.0,500000,0
-0.41666666666666674,-0.41715432275665465,0.41176470588235287,0.41127890441006554,0.9433333333333334,0.0,500000,0
-0.41666666666666674,-0.4171315731957732,0.41176470588235287,0.4113015600166189,0.9466666666666667,0.0,500000,0
-0.41666666666666674,-0.41762572720991686,0.41176470588235287,0.4108096104719235,0.95,0.0,500000,0
-0.41666666666666674,-0.41710706360506583,0.41176470588235287,0.41132596919817543,0.9533333333333334,0.0,500000,0
-0.41666666666666674,-0.41716139161189714,0.41176470588235287,0.4112718648968943,0.9566666666666667,0.0,500000,0
-0.41666666666666674,-0.41564807672643317,0.41176470588235287,0.41278050165181696,0.96,0.0,500000,0
-0.41666666666666674,-0.4176422166038652,0.41176470588235287,0.41079320055185986,0.9633333333333334,0.0,500000,0
-0.41666666666666674,-0.4152490671391706,0.41176470588235287,0.41317881526172884,0.9666666666666667,0.0,500000,0
-0.41666666666666674,-0.4160816499817076,0.41176470588235287,0.41234793913602036,0.97,0.0,500000,0
-0.41666666666666674,-0.41736938860681383,0.41176470588235287,0.4110647627051378,0.9733333333333334,0.0,500000,0
-0.41666666666666674,-0.4158770130192418,0.41176470588235287,0.4125520660407953,0.9766666666666667,0.0,500000,0
-0.41666666666666674,-0.4168539638830587,0.41176470588235287,0.41157808142679675,0.98,0.0,500000,0
-0.41666666666666674,-0.41733307449610063,0.41176470588235287,0.4111009162126925,0.9833333333333334,0.0,500000,0
-0.41666666666666674,-0.4174606587739143,0.41176470588235287,0.4109739043692224,0.9866666666666667,0.0,500000,0
-0.41666666666666674,-0.4138687931426555,0.41176470588235287,0.4145584156748591,0.99,0.0,500000,0
-0.41666666666666674,-0.41745980370163954,0.41176470588235287,0.4109747555289259,0.9933333333333334,0.0,500000,0
-0.41666666666666674,-0.41658446487075784,0.41176470588235287,0.4118466279964958,0.9966666666666667,0.0,500000,0
-0.41666666666666674,-0.41913039365658333,0.41176470588235287,0.409313766331737,1.0,0.000396,500000,198
-0.41666666666666674,-0.4169602184714414,0.41176470588235287,0.41147223043249453,1.0033333333333334,0.00236,500000,1180
-0.41666666666666674,-0.41664787177591106,0.41176470588235287,0.41178343598737643,1.0066666666666666,0.005642,500000,2821
-0.41666666666666674,-0.4164705378292026,0.41176470588235287,0.41196018313595106,1.01,0.01065,500000,5325
-0.41666666666666674,-0.4158904039971867,0.41176470588235287,0.41253870663564,1.0133333333333334,0.012324,500000,6162
-0.41666666666666674,-0.416224825160661,0.41176470588235287,0.4122051558961436,1.0166666666666666,0.016158,500000,8079
-0.41666666666666674,-0.41592409518494505,0.41176470588235287,0.4125050960014663,1.02,0.01864,500000,9320
-0.41666666666666674,-0.41756366358739055,0.41176470588235287,0.4108713783892099,1.0233333333333334,0.022252,500000,11126
-0.41666666666666674,-0.4161274670023496,0.41176470588235287,0.4123022443972423,1.0266666666666666,0.02682,500000,13410
-0.41666666666666674,-0.4165077418337074,0.41176470588235287,0.4119230985712412,1.03,0.02898,500000,14490
-0.41666666666666674,-0.4161908044950102,0.41176470588235287,0.41223908081592603,1.0333333333333334,0.032098,500000,16049
-0.41666666666666674,-0.4172004558121671,0.41176470588235287,0.4112329641143412,1.0366666666666666,0.035814,500000,17907
-0.41666666666666674,-0.416350106128297,0.41176470588235287,0.4120802415634051,1.04,0.03868,500000,19340
-0.41666666666666674,-0.41774066638521795,0.41176470588235287,0.4106952332116957,1.0433333333333334,0.041302,500000,20651
-0.41666666666666674,-0.41640742220899024,0.41176470588235287,0.4120231005856032,1.0466666666666666,0.043686,500000,21843
-0.41666666666666674,-0.41495375081874375,0.41176470588235287,0.4134737611336959,1.05,0.048174,500000,24087
-0.38888888888888895,-0.387646992746417,0.43999999999999995,0.44128875027619235,0.85,0.0,500000,0
-0.38888888888888895,-0.38880113452450077,0.43999999999999995,0.4400909894739985,0.8533333333333333,0.0,500000,0
-0.38888888888888895,-0.3887518339064381,0.43999999999999995,0.4401421126294206,0.8566666666666667,0.0,500000,0
-0.38888888888888895,-0.38937571201192334,0.43999999999999995,0.43949543864117613,0.86,0.0,500000,0
-0.38888888888888895,-0.3898390198836721,0.43999999999999995,0.43901557762236215,0.8633333333333333,0.0,500000,0
-0.38888888888888895,-0.3901427493642112,0.43999999999999995,0.4387011700163239,0.8666666666666667,0.0,500000,0
-0.38888888888888895,-0.38978197291405936,0.43999999999999995,0.43907464550461184,0.87,0.0,500000,0
-0.38888888888888895,-0.38937118163076107,0.43999999999999995,0.4395001324646156,0.8733333333333333,0.0,500000,0
-0.38888888888888895,-0.3896629832351367,0.43999999999999995,0.43919786604950656,0.8766666666666667,0.0,500000,0
-0.38888888888888895,-0.3901128880550529,0.43999999999999995,0.4387320750606505,0.88,0.0,500000,0
-0.38888888888888895,-0.3888181219751441,0.43999999999999995,0.4400733748747802,0.8833333333333333,0.0,500000,0
-0.38888888888888895,-0.3877035884998553,0.43999999999999995,0.44122996911902024,0.8866666666666667,0.0,500000,0
-0.38888888888888895,-0.3886117493455159,0.43999999999999995,0.4402873956256277,0.89,0.0,500000,0
-0.38888888888888895,-0.3898174250513315,0.43999999999999995,0.4390379368902588,0.8933333333333333,0.0,500000,0
-0.38888888888888895,-0.3864960472143034,0.43999999999999995,0.44248517983035446,0.8966666666666666,0.0,500000,0
-0.38888888888888895,-0.3906475719617648,0.43999999999999995,0.43817890335696724,0.9,0.0,500000,0
-0.38888888888888895,-0.38897039580012804,0.43999999999999995,0.4399154985933903,0.9033333333333333,0.0,500000,0
-0.38888888888888895,-0.38869641656295906,0.43999999999999995,0.4401995829657463,0.9066666666666666,0.0,500000,0
-0.38888888888888895,-0.39044837413031525,0.43999999999999995,0.43838493913946386,0.91,0.0,500000,0
-0.38888888888888895,-0.38889674421402476,0.43999999999999995,0.4399918556449622,0.9133333333333333,0.0,500000,0
-0.38888888888888895,-0.3892815187715497,0.43999999999999995,0.43959303638363273,0.9166666666666666,0.0,500000,0
-0.38888888888888895,-0.38886584513117856,0.43999999999999995,0.4400238921644011,0.92,0.0,500000,0
-0.38888888888888895,-0.38771550132407057,0.43999999999999995,0.44121759690060836,0.9233333333333333,0.0,500000,0
-0.38888888888888895,-0.3891763568115814,0.43999999999999995,0.439702014933779,0.9266666666666666,0.0,500000,0
-0.38888888888888895,-0.3887581198062806,0.43999999999999995,0.4401355941515447,0.93,0.0,500000,0
-0.38888888888888895,-0.3884170707460257,0.43999999999999995,0.4404893472862286,0.9333333333333333,0.0,500000,0
-0.38888888888888895,-0.3888371326563041,0.43999999999999995,0.44005366286166286,0.9366666666666666,0.0,500000,0
-0.38888888888888895,-0.3895403383364376,0.43999999999999995,0.439324893866994,0.94,0.0,500000,0
-0.38888888888888895,-0.3872984270353039,0.43999999999999995,0.44165088132771596,0.9433333333333334,0.0,500000,0
-0.38888888888888895,-0.38825380424441847,0.43999999999999995,0.44065875698322704,0.9466666666666667,0.0,500000,0
-0.38888888888888895,-0.38764019285075196,0.43999999999999995,0.44129581306752375,0.95,0.0,500000,0
-0.38888888888888895,-0.38780775657669164,0.43999999999999995,0.4411217912006806,0.9533333333333334,0.0,500000,0
-0.38888888888888895,-0.3914982096593833,0.43999999999999995,0.4372997292533839,0.9566666666666667,0.0,500000,0
-0.38888888888888895,-0.38801891367396896,0.43999999999999995,0.44090255564758035,0.96,0.0,500000,0
-0.38888888888888895,-0.38818701717436804,0.43999999999999995,0.4407280685213201,0.9633333333333334,0.0,500000,0
-0.38888888888888895,-0.38950847225239627,0.43999999999999995,0.4393579024084651,0.9666666666666667,0.0,500000,0
-0.38888888888888895,-0.3888378488662758,0.43999999999999995,0.4400529202402014,0.97,0.0,500000,0
-0.38888888888888895,-0.3880993427634918,0.43999999999999995,0.44081906704048174,0.9733333333333334,0.0,500000,0
-0.38888888888888895,-0.3897657289823218,0.43999999999999995,0.43909146577138,0.9766666666666667,0.0,500000,0
-0.38888888888888895,-0.39009387578919286,0.43999999999999995,0.4387517525494797,0.98,0.0,500000,0
-0.38888888888888895,-0.3890405894521484,0.43999999999999995,0.43984273403329427,0.9833333333333334,0.0,500000,0
-0.38888888888888895,-0.388443920492464,0.43999999999999995,0.44046149108465577,0.9866666666666667,0.0,500000,0
-0.38888888888888895,-0.3911256001356267,0.43999999999999995,0.43768470640250706,0.99,0.0,500000,0
-0.38888888888888895,-0.38734851477361276,0.43999999999999995,0.4415988330995255,0.9933333333333334,0.0,500000,0
-0.38888888888888895,-0.38829495534802955,0.43999999999999995,0.4406160537395477,0.9966666666666667,0.000226,500000,113
-0.38888888888888895,-0.3885014332204008,0.43999999999999995,0.440401826133754,1.0,0.000718,500000,359
-0.38888888888888895,-0.38893668064312176,0.43999999999999995,0.4399504512141882,1.0033333333333334,0.003234,500000,1617
-0.38888888888888895,-0.3899391322911172,0.43999999999999995,0.4389119304118621,1.0066666666666666,0.006978,500000,3489
-0.38888888888888895,-0.38909655879620675,0.43999999999999995,0.43978472002925634,1.01,0.010222,500000,5111
-0.38888888888888895,-0.389061614450478,0.43999999999999995,0.43982094040602604,1.0133333333333334,0.011924,500000,5962
-0.38888888888888895,-0.3889747538471731,0.43999999999999995,0.4399109807146698,1.0166666666666666,0.015038,500000,7519
-0.38888888888888895,-0.3888891801578019,0.43999999999999995,0.43999969801245425,1.02,0.019592,500000,9796
-0.38888888888888895,-0.3889931861251936,0.43999999999999995,0.4398918727451084,1.0233333333333334,0.022906,500000,11453
-0.38888888888888895,-0.3901852130581208,0.43999999999999995,0.43865722438552796,1.0266666666666666,0.025744,500000,12872
-0.38888888888888895,-0.3892277139014724,0.43999999999999995,0.439648791905576,1.03,0.028852,500000,14426
-0.38888888888888895,-0.3893056673168383,0.43999999999999995,0.4395680137565362,1.0333333333333334,0.030414,500000,15207
-0.38888888888888895,-0.3892889789575344,0.43999999999999995,0.4395853060755713,1.0366666666666666,0.034848,500000,17424
-0.38888888888888895,-0.3906589145622362,0.43999999999999995,0.43816717317026477,1.04,0.04012,500000,20060
-0.38888888888888895,-0.38912522325901133,0.43999999999999995,0.43975501021270214,1.0433333333333334,0.042122,500000,21061
-0.38888888888888895,-0.3893986485492054,0.43999999999999995,0.4394716750936657,1.0466666666666666,0.04598,500000,22990
-0.38888888888888895,-0.3886605869473018,0.43999999999999995,0.4402367423681319,1.05,0.046198,500000,23099
-0.36111111111111116,-0.3631109993523736,0.4693877551020408,0.4672319429233702,0.85,0.0,500000,0
-0.36111111111111116,-0.3607890890232255,0.4693877551020408,0.4697354763739325,0.8533333333333333,0.0,500000,0
-0.36111111111111116,-0.3623838605276673,0.4693877551020408,0.4680150418292364,0.8566666666666667,0.0,500000,0
-0.36111111111111116,-0.36033343667164885,0.4693877551020408,0.4702277736357303,0.86,0.0,500000,0
-0.36111111111111116,-0.35989787882694413,0.4693877551020408,0.47069866873034005,0.8633333333333333,0.0,500000,0
-0.36111111111111116,-0.3605266359827448,0.4693877551020408,0.47001899639792527,0.8666666666666667,0.0,500000,0
-0.36111111111111116,-0.3595348175770155,0.4693877551020408,0.47109141608041477,0.87,0.0,500000,0
-0.36111111111111116,-0.3624035893627554,0.4693877551020408,0.46799378364488237,0.8733333333333333,0.0,500000,0
-0.36111111111111116,-0.36078405071070985,0.4693877551020408,0.46974091807986773,0.8766666666666667,0.0,500000,0
-0.36111111111111116,-0.36248252583832347,0.4693877551020408,0.46790873429324725,0.88,0.0,500000,0
-0.36111111111111116,-0.36170424375916144,0.4693877551020408,0.46874771755042804,0.8833333333333333,0.0,500000,0
-0.36111111111111116,-0.36180754774335655,0.4693877551020408,0.46863630129983375,0.8866666666666667,0.0,500000,0
-0.36111111111111116,-0.36122218707055936,0.4693877551020408,0.4692678528140457,0.89,0.0,500000,0
-0.36111111111111116,-0.36232866227958826,0.4693877551020408,0.4680745222326854,0.8933333333333333,0.0,500000,0
-0.36111111111111116,-0.36125565934903414,0.4693877551020408,0.4692317245949373,0.8966666666666666,0.0,500000,0
-0.36111111111111116,-0.3609635119406513,0.4693877551020408,0.4695471130949878,0.9,0.0,500000,0
-0.36111111111111116,-0.36209346599715775,0.4693877551020408,0.46832801854448763,0.9033333333333333,0.0,500000,0
-0.36111111111111116,-0.3618836953277612,0.4693877551020408,0.4685541848114019,0.9066666666666666,0.0,500000,0
-0.36111111111111116,-0.3607742454644696,0.4693877551020408,0.4697515085004751,0.91,0.0,500000,0
-0.36111111111111116,-0.3598449610589295,0.4693877551020408,0.47075590032158754,0.9133333333333333,0.0,500000,0
-0.36111111111111116,-0.3622596854438255,0.4693877551020408,0.4681488569107865,0.9166666666666666,0.0,500000,0
-0.36111111111111116,-0.36229350931625615,0.4693877551020408,0.4681124047958012,0.92,0.0,500000,0
-0.36111111111111116,-0.3616504979223416,0.4693877551020408,0.4688056906318298,0.9233333333333333,0.0,500000,0
-0.36111111111111116,-0.3616239767078849,0.4693877551020408,0.46883429949256,0.9266666666666666,0.0,500000,0
-0.36111111111111116,-0.35971517305121864,0.4693877551020408,0.4708962874275896,0.93,0.0,500000,0
-0.36111111111111116,-0.361198361709782,0.4693877551020408,0.4692935697394084,0.9333333333333333,0.0,500000,0
-0.36111111111111116,-0.36245950594922527,0.4693877551020408,0.46793353583496083,0.9366666666666666,0.0,500000,0
-0.36111111111111116,-0.3594926855500004,0.4693877551020408,0.47113700666280095,0.94,0.0,500000,0
-0.36111111111111116,-0.36036032076990737,0.4693877551020408,0.47019871828375825,0.9433333333333334,0.0,500000,0
-0.36111111111111116,-0.36058411062051393,0.4693877551020408,0.469956898943845,0.9466666666666667,0.0,500000,0
-0.36111111111111116,-0.35947457852619596,0.4693877551020408,0.4711566009334257,0.95,0.0,500000,0
-0.36111111111111116,-0.36173379331238026,0.4693877551020408,0.4687158458005618,0.9533333333333334,0.0,500000,0
-0.36111111111111116,-0.36204269664509425,0.4693877551020408,0.4683827496203207,0.9566666666666667,0.0,500000,0
-0.36111111111111116,-0.3624190818094356,0.4693877551020408,0.46797709067887533,0.96,0.0,500000,0
-0.36111111111111116,-0.3607128546428314,0.4693877551020408,0.46981781878218,0.9633333333333334,0.0,500000,0
-0.36111111111111116,-0.3615598846610374,0.4693877551020408,0.4689034412158107,0.9666666666666667,0.0,500000,0
-0.36111111111111116,-0.36224063468390655,0.4693877551020408,0.46816938878356,0.97,0.0,500000,0
-0.36111111111111116,-0.3610907366007657,0.4693877551020408,0.4694097507377561,0.9733333333333334,0.0,500000,0
-0.36111111111111116,-0.3596358520623643,0.4693877551020408,0.47098209933659746,0.9766666666666667,0.0,500000,0
-0.36111111111111116,-0.3604286623978498,0.4693877551020408,0.4701248623171915,0.98,0.0,500000,0
-0.36111111111111116,-0.36198931158893,0.4693877551020408,0.46844030491454525,0.9833333333333334,0.0,500000,0
-0.36111111111111116,-0.3617454872323573,0.4693877551020408,0.4687032332780819,0.9866666666666667,0.0,500000,0
-0.36111111111111116,-0.360703719040713,0.4693877551020408,0.4698276869633211,0.99,0.0,500000,0
-0.36111111111111116,-0.3607076288801723,0.4693877551020408,0.4698234635797177,0.9933333333333334,0.0,500000,0
-0.36111111111111116,-0.364455466182043,0.4693877551020408,0.46578620524443265,0.9966666666666667,0.0,500000,0
-0.36111111111111116,-0.360357697034588,0.4693877551020408,0.47020155387053963,1.0,0.00147,500000,735
-0.36111111111111116,-0.36328203940775466,0.4693877551020408,0.46704786110792756,1.0033333333333334,0.002686,500000,1343
-0.36111111111111116,-0.36152869725222014,0.4693877551020408,0.46893708816884705,1.0066666666666666,0.005394,500000,2697
-0.36111111111111116,-0.3612489629221131,0.4693877551020408,0.4692389522242262,1.01,0.010992,500000,5496
-0.36111111111111116,-0.36046761087006385,0.4693877551020408,0.4700827744961412,1.0133333333333334,0.011728,500000,5864
-0.36111111111111116,-0.36377400108208285,0.4693877551020408,0.46651864488771994,1.0166666666666666,0.016318,500000,8159
-0.36111111111111116,-0.3611742454659137,0.4693877551020408,0.4693196015587438,1.02,0.021252,500000,10626
-0.36111111111111116,-0.36050132744513597,0.4693877551020408,0.4700463422228102,1.0233333333333334,0.023152,500000,11576
-0.36111111111111116,-0.36134271544024665,0.4693877551020408,0.4691377691422965,1.0266666666666666,0.02625,500000,13125
-0.36111111111111116,-0.3637757502807683,0.4693877551020408,0.466516763909498,1.03,0.029452,500000,14726
-0.36111111111111116,-0.3614895083522173,0.4693877551020408,0.46897936982309824,1.0333333333333334,0.0326,500000,16300
-0.36111111111111116,-0.361788629626986,0.4693877551020408,0.46865670375572865,1.0366666666666666,0.035416,500000,17708
-0.36111111111111116,-0.3599910897831019,0.4693877551020408,0.4705978701073474,1.04,0.038758,500000,19379
-0.36111111111111116,-0.36173598561012027,0.4693877551020408,0.46871348127288287,1.0433333333333334,0.04008,500000,20040
-0.36111111111111116,-0.3615138364711878,0.4693877551020408,0.4689531214634291,1.0466666666666666,0.043036,500000,21518
-0.36111111111111116,-0.3629733432501293,0.4693877551020408,0.46738012882249386,1.05,0.04693,500000,23465
-0.33333333333333337,-0.3335092879600577,0.49999999999999994,0.49980207716401415,0.85,0.0,500000,0
-0.33333333333333337,-0.3343524646098911,0.49999999999999994,0.49885435298739933,0.8533333333333333,0.0,500000,0
-0.33333333333333337,-0.33260793055595717,0.49999999999999994,0.5008165223552364,0.8566666666666667,0.0,500000,0
-0.33333333333333337,-0.33391051426951535,0.49999999999999994,0.4993509524102168,0.86,0.0,500000,0
-0.33333333333333337,-0.33428122569042407,0.49999999999999994,0.49893437866900936,0.8633333333333333,0.0,500000,0
-0.33333333333333337,-0.3344025544929752,0.49999999999999994,0.498798090026085,0.8666666666666667,0.0,500000,0
-0.33333333333333337,-0.3346119903892107,0.49999999999999994,0.4985628889912366,0.87,0.0,500000,0
-0.33333333333333337,-0.33382192242136355,0.49999999999999994,0.4994505386215914,0.8733333333333333,0.0,500000,0
-0.33333333333333337,-0.33390903688160367,0.49999999999999994,0.49935261303542533,0.8766666666666667,0.0,500000,0
-0.33333333333333337,-0.3312798817724068,0.49999999999999994,0.5023136963035068,0.88,0.0,500000,0
-0.33333333333333337,-0.3327310592827306,0.49999999999999994,0.5006778645020776,0.8833333333333333,0.0,500000,0
-0.33333333333333337,-0.33408116476230126,0.49999999999999994,0.49915916124664594,0.8866666666666667,0.0,500000,0
-0.33333333333333337,-0.33315130861716513,0.49999999999999994,0.5002048057654728,0.89,0.0,500000,0
-0.33333333333333337,-0.33430185316105865,0.49999999999999994,0.4989112060826819,0.8933333333333333,0.0,500000,0
-0.33333333333333337,-0.33323206996862387,0.49999999999999994,0.5001139299379948,0.8966666666666666,0.0,500000,0
-0.33333333333333337,-0.3322635517343433,0.49999999999999994,0.5012044706892987,0.9,0.0,500000,0
-0.33333333333333337,-0.33352673800513594,0.49999999999999994,0.49978245130042315,0.9033333333333333,0.0,500000,0
-0.33333333333333337,-0.33464680256114476,0.49999999999999994,0.4985238013248626,0.9066666666666666,0.0,500000,0
-0.33333333333333337,-0.3338465907724371,0.49999999999999994,0.4994228075672407,0.91,0.0,500000,0
-0.33333333333333337,-0.3338791034716965,0.49999999999999994,0.49938625981514057,0.9133333333333333,0.0,500000,0
-0.33333333333333337,-0.3347183981056966,0.49999999999999994,0.49844341910511347,0.9166666666666666,0.0,500000,0
-0.33333333333333337,-0.3347114364517026,0.49999999999999994,0.49845123476048925,0.92,0.0,500000,0
-0.33333333333333337,-0.33438103747165465,0.49999999999999994,0.4988222582880376,0.9233333333333333,0.0,500000,0
-0.33333333333333337,-0.33378208093255934,0.49999999999999994,0.49949532880336167,0.9266666666666666,0.0,500000,0
-0.33333333333333337,-0.33271489229581586,0.49999999999999994,0.5006960690254448,0.93,0.0,500000,0
-0.33333333333333337,-0.33302575083483255,0.49999999999999994,0.5003461101538828,0.9333333333333333,0.0,500000,0
-0.33333333333333337,-0.334491803295041,0.49999999999999994,0.49869785266700706,0.9366666666666666,0.0,500000,0
-0.33333333333333337,-0.3335946345343552,0.49999999999999994,0.49970609374739294,0.94,0.0,500000,0
-0.33333333333333337,-0.33426413569289665,0.49999999999999994,0.49895357785464284,0.9433333333333334,0.0,500000,0
-0.33333333333333337,-0.33447565220157527,0.49999999999999994,0.4987159913337227,0.9466666666666667,0.0,500000,0
-0.33333333333333337,-0.33395446898873443,0.49999999999999994,0.49930154776286484,0.95,0.0,500000,0
-0.33333333333333337,-0.3351273492797241,0.49999999999999994,0.4979844440149938,0.9533333333333334,0.0,500000,0
-0.33333333333333337,-0.33435367139015115,0.49999999999999994,0.498852997433857,0.9566666666666667,0.0,500000,0
-0.33333333333333337,-0.33498617143874093,0.49999999999999994,0.49814285929610835,0.96,0.0,500000,0
-0.33333333333333337,-0.3304685587891105,0.49999999999999994,0.5032298108722277,0.9633333333333334,0.0,500000,0
-0.33333333333333337,-0.33446240566591984,0.49999999999999994,0.4987308683319298,0.9666666666666667,0.0,500000,0
-0.33333333333333337,-0.33176009543490476,0.49999999999999994,0.5017719834493706,0.97,0.0,500000,0
-0.33333333333333337,-0.3339402678589611,0.49999999999999994,0.49931750932903257,0.9733333333333334,0.0,500000,0
-0.33333333333333337,-0.3322930345826921,0.49999999999999994,0.501171249931852,0.9766666666666667,0.0,500000,0
-0.33333333333333337,-0.3350375851876773,0.49999999999999994,0.4980851641857284,0.98,0.0,500000,0
-0.33333333333333337,-0.33602244190123537,0.49999999999999994,0.4969808419938568,0.9833333333333334,0.0,500000,0
-0.33333333333333337,-0.3339852269512955,0.49999999999999994,0.4992669780690315,0.9866666666666667,0.0,500000,0
-0.33333333333333337,-0.33435766666417,0.49999999999999994,0.49884850963527927,0.99,0.0,500000,0
-0.33333333333333337,-0.33411564780766534,0.49999999999999994,0.49912041230201715,0.9933333333333334,0.0,500000,0
-0.33333333333333337,-0.3337341161951318,0.49999999999999994,0.49954925476869944,0.9966666666666667,0.0,500000,0
-0.33333333333333337,-0.332152133266471,0.49999999999999994,0.5013300283473998,1.0,0.0,500000,0
-0.33333333333333337,-0.33225349167248946,0.49999999999999994,0.5012158065273542,1.0033333333333334,0.002534,500000,1267
-0.33333333333333337,-0.33311793974645015,0.49999999999999994,0.500242356936841,1.0066666666666666,0.006436,500000,3218
-0.33333333333333337,-0.33171194336462084,0.49999999999999994,0.5018262845543939,1.01,0.009764,500000,4882
-0.33333333333333337,-0.33373359634537925,0.49999999999999994,0.49954983924847207,1.0133333333333334,0.012346,500000,6173
-0.33333333333333337,-0.33290370960024,0.49999999999999994,0.500483482486393,1.0166666666666666,0.015036,500000,7518
-0.33333333333333337,-0.3335133803618093,0.49999999999999994,0.4997974744410584,1.02,0.020962,500000,10481
-0.33333333333333337,-0.3334143444785972,0.49999999999999994,0.499908867998609,1.0233333333333334,0.023132,500000,11566
-0.33333333333333337,-0.3344018191013811,0.49999999999999994,0.49879891601680293,1.0266666666666666,0.027832,500000,13916
-0.33333333333333337,-0.3338043278692061,0.49999999999999994,0.4994703182550488,1.03,0.02792,500000,13960
-0.33333333333333337,-0.3340576381036678,0.49999999999999994,0.4991855995389779,1.0333333333333334,0.033304,500000,16652
-0.33333333333333337,-0.33483937842746575,0.49999999999999994,0.4983076108798498,1.0366666666666666,0.035208,500000,17604
-0.33333333333333337,-0.3337162856877855,0.49999999999999994,0.499569302303764,1.04,0.036892,500000,18446
-0.33333333333333337,-0.33320900160154854,0.49999999999999994,0.500139886242482,1.0433333333333334,0.039432,500000,19716
-0.33333333333333337,-0.3345331021710533,0.49999999999999994,0.4986514734976208,1.0466666666666666,0.04449,500000,22245
-0.33333333333333337,-0.33267733662462895,0.49999999999999994,0.5007383595683774,1.05,0.049592,500000,24796
-0.3055555555555556,-0.3072674218422832,0.5319148936170213,0.5299088515351164,0.85,0.0,500000,0
-0.3055555555555556,-0.30545708399677723,0.5319148936170213,0.5320304470498682,0.8533333333333333,0.0,500000,0
-0.3055555555555556,-0.3047477920639285,0.5319148936170213,0.5328632952398255,0.8566666666666667,0.0,500000,0
-0.3055555555555556,-0.3058406824562594,0.5319148936170213,0.5315804040030682,0.86,0.0,500000,0
-0.3055555555555556,-0.30725399722301955,0.5319148936170213,0.5299245626699712,0.8633333333333333,0.0,500000,0
-0.3055555555555556,-0.30529642204849344,0.5319148936170213,0.532219016475399,0.8666666666666667,0.0,500000,0
-0.3055555555555556,-0.30461542627713417,0.5319148936170213,0.5330188189689151,0.87,0.0,500000,0
-0.3055555555555556,-0.3055595985300776,0.5319148936170213,0.5319101496797152,0.8733333333333333,0.0,500000,0
-0.3055555555555556,-0.3061620477764117,0.5319148936170213,0.5312035772320642,0.8766666666666667,0.0,500000,0
-0.3055555555555556,-0.30639964922251806,0.5319148936170213,0.5309250895698469,0.88,0.0,500000,0
-0.3055555555555556,-0.30607085105560794,0.5319148936170213,0.5313104939012585,0.8833333333333333,0.0,500000,0
-0.3055555555555556,-0.3056857211880541,0.5319148936170213,0.5317621748824699,0.8866666666666667,0.0,500000,0
-0.3055555555555556,-0.3072860029456018,0.5319148936170213,0.5298871061830095,0.89,0.0,500000,0
-0.3055555555555556,-0.304882266102126,0.5319148936170213,0.5327053267221512,0.8933333333333333,0.0,500000,0
-0.3055555555555556,-0.3047703423353875,0.5319148936170213,0.5328368028508619,0.8966666666666666,0.0,500000,0
-0.3055555555555556,-0.3035682582319565,0.5319148936170213,0.5342503067024824,0.9,0.0,500000,0
-0.3055555555555556,-0.30373823673219463,0.5319148936170213,0.5340502745497269,0.9033333333333333,0.0,500000,0
-0.3055555555555556,-0.305445049439849,0.5319148936170213,0.5320445704383928,0.9066666666666666,0.0,500000,0
-0.3055555555555556,-0.3047727953519834,0.5319148936170213,0.5328339210662864,0.91,0.0,500000,0
-0.3055555555555556,-0.30403788041635893,0.5319148936170213,0.5336977782895626,0.9133333333333333,0.0,500000,0
-0.3055555555555556,-0.3066132163272734,0.5319148936170213,0.5306748584877706,0.9166666666666666,0.0,500000,0
-0.3055555555555556,-0.30511520902521966,0.5319148936170213,0.532431762475425,0.92,0.0,500000,0
-0.3055555555555556,-0.30705501501043947,0.5319148936170213,0.5301574738872227,0.9233333333333333,0.0,500000,0
-0.3055555555555556,-0.30638812332362797,0.5319148936170213,0.5309385964959094,0.9266666666666666,0.0,500000,0
-0.3055555555555556,-0.3056655266731366,0.5319148936170213,0.5317858663972252,0.93,0.0,500000,0
-0.3055555555555556,-0.30484457591050007,0.5319148936170213,0.5327495986289642,0.9333333333333333,0.0,500000,0
-0.3055555555555556,-0.30477995727398893,0.5319148936170213,0.5328255073587268,0.9366666666666666,0.0,500000,0
-0.3055555555555556,-0.3036435397396903,0.5319148936170213,0.534161708345026,0.94,0.0,500000,0
-0.3055555555555556,-0.30642183328473394,0.5319148936170213,0.5308990932671447,0.9433333333333334,0.0,500000,0
-0.3055555555555556,-0.3065514368745743,0.5319148936170213,0.530747235473742,0.9466666666666667,0.0,500000,0
-0.3055555555555556,-0.3049898042619521,0.5319148936170213,0.5325790235818101,0.95,0.0,500000,0
-0.3055555555555556,-0.3057608442135563,0.5319148936170213,0.5316740495496902,0.9533333333333334,0.0,500000,0
-0.3055555555555556,-0.3055877989361492,0.5319148936170213,0.5318770607612056,0.9566666666666667,0.0,500000,0
-0.3055555555555556,-0.3048253043178462,0.5319148936170213,0.5327722365451721,0.96,0.0,500000,0
-0.3055555555555556,-0.30660980954377853,0.5319148936170213,0.5306788494863118,0.9633333333333334,0.0,500000,0
-0.3055555555555556,-0.3052748324524556,0.5319148936170213,0.5322443597891477,0.9666666666666667,0.0,500000,0
-0.3055555555555556,-0.30606054917687703,0.5319148936170213,0.5313225724951778,0.97,0.0,500000,0
-0.3055555555555556,-0.30530215451706916,0.5319148936170213,0.5322122874607164,0.9733333333333334,0.0,500000,0
-0.3055555555555556,-0.30417358634230063,0.5319148936170213,0.533538189198588,0.9766666666666667,0.0,500000,0
-0.3055555555555556,-0.3031792002317923,0.5319148936170213,0.5347083498909946,0.98,0.0,500000,0
-0.3055555555555556,-0.3070417799355601,0.5319148936170213,0.5301729682264665,0.9833333333333334,0.0,500000,0
-0.3055555555555556,-0.30650816541679343,0.5319148936170213,0.5307979337136202,0.9866666666666667,0.0,500000,0
-0.3055555555555556,-0.3045413147795797,0.5319148936170213,0.5331059103620093,0.99,0.0,500000,0
-0.3055555555555556,-0.30521451519058396,0.5319148936170213,0.5323151686739902,0.9933333333333334,0.0,500000,0
-0.3055555555555556,-0.3030846385470994,0.5319148936170213,0.5348197199453909,0.9966666666666667,0.00028,500000,140
-0.3055555555555556,-0.3053012658912098,0.5319148936170213,0.5322133305635588,1.0,0.001902,500000,951
-0.3055555555555556,-0.30531865717641377,0.5319148936170213,0.5321929162694102,1.0033333333333334,0.00206,500000,1030
-0.3055555555555556,-0.3064508331793677,0.5319148936170213,0.5308651111904585,1.0066666666666666,0.00686,500000,3430
-0.3055555555555556,-0.30464253300712063,0.5319148936170213,0.5329869672347132,1.01,0.01185,500000,5925
-0.3055555555555556,-0.3060073002718654,0.5319148936170213,0.5313850080192273,1.0133333333333334,0.013588,500000,6794
-0.3055555555555556,-0.30544512718380207,0.5319148936170213,0.5320444791996278,1.0166666666666666,0.01459,500000,7295
-0.3055555555555556,-0.3061073759900559,0.5319148936170213,0.5312676712234011,1.02,0.017706,500000,8853
-0.3055555555555556,-0.30392206179250475,0.5319148936170213,0.5338340063443633,1.0233333333333334,0.022808,500000,11404
-0.3055555555555556,-0.30472383804243924,0.5319148936170213,0.5328914377779195,1.0266666666666666,0.024474,500000,12237
-0.3055555555555556,-0.3042547879188109,0.5319148936170213,0.5334427126707231,1.03,0.028944,500000,14472
-0.3055555555555556,-0.30690902956484806,0.5319148936170213,0.5303283968172792,1.0333333333333334,0.03155,500000,15775
-0.3055555555555556,-0.3070916178776733,0.5319148936170213,0.5301146244418605,1.0366666666666666,0.034482,500000,17241
-0.3055555555555556,-0.3035668805315126,0.5319148936170213,0.5342519282052685,1.04,0.037682,500000,18841
-0.3055555555555556,-0.30769976247987313,0.5319148936170213,0.5294030460074983,1.0433333333333334,0.041616,500000,20808
-0.3055555555555556,-0.3076997488563161,0.5319148936170213,0.5294030619407503,1.0466666666666666,0.045346,500000,22673
-0.3055555555555556,-0.3065725465979307,0.5319148936170213,0.5307225038576113,1.05,0.047706,500000,23853
-0.2777777777777778,-0.27731931880314054,0.5652173913043479,0.5657791834496151,0.85,0.0,500000,0
-0.2777777777777778,-0.27814521859617475,0.5652173913043479,0.5647674230606284,0.8533333333333333,0.0,500000,0
-0.2777777777777778,-0.2794185333616004,0.5652173913043479,0.5632101207296977,0.8566666666666667,0.0,500000,0
-0.2777777777777778,-0.27909065179427156,0.5652173913043479,0.5636108333638883,0.86,0.0,500000,0
-0.2777777777777778,-0.27785867655245206,0.5652173913043479,0.5651183004022169,0.8633333333333333,0.0,500000,0
-0.2777777777777778,-0.2771297158401083,0.5652173913043479,0.5660116393771173,0.8666666666666667,0.0,500000,0
-0.2777777777777778,-0.2783164632648442,0.5652173913043479,0.5645578051087307,0.87,0.0,500000,0
-0.2777777777777778,-0.2773156974108944,0.5652173913043479,0.565783622681518,0.8733333333333333,0.0,500000,0
-0.2777777777777778,-0.27785282124186594,0.5652173913043479,0.5651254720057072,0.8766666666666667,0.0,500000,0
-0.2777777777777778,-0.2775382139605874,0.5652173913043479,0.565510900687391,0.88,0.0,500000,0
-0.2777777777777778,-0.27636124584410976,0.5652173913043479,0.5669545017228398,0.8833333333333333,0.0,500000,0
-0.2777777777777778,-0.27968223253173924,0.5652173913043479,0.5628879960638159,0.8866666666666667,0.0,500000,0
-0.2777777777777778,-0.27895018319120146,0.5652173913043479,0.5637825665810179,0.89,0.0,500000,0
-0.2777777777777778,-0.2761745827575821,0.5652173913043479,0.5671836965114618,0.8933333333333333,0.0,500000,0
-0.2777777777777778,-0.2785815640787657,0.5652173913043479,0.5642334100453149,0.8966666666666666,0.0,500000,0
-0.2777777777777778,-0.27706554388074933,0.5652173913043479,0.5660903307455903,0.9,0.0,500000,0
-0.2777777777777778,-0.27806528844049244,0.5652173913043479,0.5648652835571641,0.9033333333333333,0.0,500000,0
-0.2777777777777778,-0.2781839601711305,0.5652173913043479,0.5647199951814672,0.9066666666666666,0.0,500000,0
-0.2777777777777778,-0.2795912668928042,0.5652173913043479,0.5629991011555934,0.91,0.0,500000,0
-0.2777777777777778,-0.27674810498957375,0.5652173913043479,0.5664797090232082,0.9133333333333333,0.0,500000,0
-0.2777777777777778,-0.27899224072301565,0.5652173913043479,0.5637311441931797,0.9166666666666666,0.0,500000,0
-0.2777777777777778,-0.27794499063630945,0.5652173913043479,0.565012590255679,0.92,0.0,500000,0
-0.2777777777777778,-0.2754878406294023,0.5652173913043479,0.5680274921422065,0.9233333333333333,0.0,500000,0
-0.2777777777777778,-0.2776113372735238,0.5652173913043479,0.565421299616896,0.9266666666666666,0.0,500000,0
-0.2777777777777778,-0.2768049798994589,0.5652173913043479,0.5664099306359915,0.93,0.0,500000,0
-0.2777777777777778,-0.27802295836092583,0.5652173913043479,0.5649171142942653,0.9333333333333333,0.0,500000,0
-0.2777777777777778,-0.2774691433654411,0.5652173913043479,0.5655955452129986,0.9366666666666666,0.0,500000,0
-0.2777777777777778,-0.27653153066088426,0.5652173913043479,0.56674547550311,0.94,0.0,500000,0
-0.2777777777777778,-0.27854876948694557,0.5652173913043479,0.5642735324070254,0.9433333333333334,0.0,500000,0
-0.2777777777777778,-0.27914709386636594,0.5652173913043479,0.5635418393945415,0.9466666666666667,0.0,500000,0
-0.2777777777777778,-0.2791415281508861,0.5652173913043479,0.5635486425737264,0.95,0.0,500000,0
-0.2777777777777778,-0.27796841031618574,0.5652173913043479,0.5649839102870895,0.9533333333333334,0.0,500000,0
-0.2777777777777778,-0.27686963107379625,0.5652173913043479,0.5663306192959418,0.9566666666666667,0.0,500000,0
-0.2777777777777778,-0.27576754741737924,0.5652173913043479,0.5676837085633135,0.96,0.0,500000,0
-0.2777777777777778,-0.27608289131809177,0.5652173913043479,0.5672963046578892,0.9633333333333334,0.0,500000,0
-0.2777777777777778,-0.277240223191036,0.5652173913043479,0.565876147404153,0.9666666666666667,0.0,500000,0
-0.2777777777777778,-0.2772442878312986,0.5652173913043479,0.565871164235862,0.97,0.0,500000,0
-0.2777777777777778,-0.2777704113191947,0.5652173913043479,0.5652264149200024,0.9733333333333334,0.0,500000,0
-0.2777777777777778,-0.2782459771598834,0.5652173913043479,0.5646440792591201,0.9766666666666667,0.0,500000,0
-0.2777777777777778,-0.27822221594189706,0.5652173913043479,0.5646731648504787,0.98,0.0,500000,0
-0.2777777777777778,-0.275705115320313,0.5652173913043479,0.5677604298841633,0.9833333333333334,0.0,500000,0
-0.2777777777777778,-0.27908475500607943,0.5652173913043479,0.5636180418634527,0.9866666666666667,0.0,500000,0
-0.2777777777777778,-0.2772465290301833,0.5652173913043479,0.5658684165840758,0.99,0.0,500000,0
-0.2777777777777778,-0.27853093995284695,0.5652173913043479,0.5642953467154743,0.9933333333333334,0.0,500000,0
-0.2777777777777778,-0.27696452907714175,0.5652173913043479,0.5662142169645022,0.9966666666666667,0.00023,500000,115
-0.2777777777777778,-0.2779378022088115,0.5652173913043479,0.5650213934850059,1.0,0.002022,500000,1011
-0.2777777777777778,-0.2799851999162209,0.5652173913043479,0.562518066717417,1.0033333333333334,0.00413,500000,2065
-0.2777777777777778,-0.27755703190188175,0.5652173913043479,0.5654878412923979,1.0066666666666666,0.009184,500000,4592
-0.2777777777777778,-0.2787612139395064,0.5652173913043479,0.5640136549329317,1.01,0.009628,500000,4814
-0.2777777777777778,-0.27948910561468326,0.5652173913043479,0.5631238993935582,1.0133333333333334,0.01359,500000,6795
-0.2777777777777778,-0.2774116340675663,0.5652173913043479,0.5656660286015633,1.0166666666666666,0.014678,500000,7339
-0.2777777777777778,-0.27756610182414904,0.5652173913043479,0.5654767273054108,1.02,0.018856,500000,9428
-0.2777777777777778,-0.2755583449531255,0.5652173913043479,0.5679408220825026,1.0233333333333334,0.02278,500000,11390
-0.2777777777777778,-0.2773657075912694,0.5652173913043479,0.565722320643321,1.0266666666666666,0.024896,500000,12448
-0.2777777777777778,-0.27688618625309075,0.5652173913043479,0.5663103113902599,1.03,0.02973,500000,14865
-0.2777777777777778,-0.27965184653703185,0.5652173913043479,0.5629251076473338,1.0333333333333334,0.032742,500000,16371
-0.2777777777777778,-0.27787631815527564,0.5652173913043479,0.5650966933068859,1.0366666666666666,0.035192,500000,17596
-0.2777777777777778,-0.2764460907435194,0.5652173913043479,0.5668503468368307,1.04,0.03733,500000,18665
-0.2777777777777778,-0.27927078867799265,0.5652173913043479,0.5633906579441355,1.0433333333333334,0.041542,500000,20771
-0.2777777777777778,-0.2785358682556196,0.5652173913043479,0.5642893169111599,1.0466666666666666,0.044044,500000,22022
-0.2777777777777778,-0.2789484885211133,0.5652173913043479,0.5637846386703661,1.05,0.049368,500000,24684
-0.25,-0.2509402635052027,0.6,0.5987973673466158,0.85,0.0,500000,0
-0.25,-0.2502341129991461,0.6,0.5997003914748933,0.8533333333333333,0.0,500000,0
-0.25,-0.2500328658920011,0.6,0.5999579327643004,0.8566666666666667,0.0,500000,0
-0.25,-0.24920801651136784,0.6,0.6010143815642092,0.86,0.0,500000,0
-0.25,-0.24969323000726215,0.6,0.6003927619807764,0.8633333333333333,0.0,500000,0
-0.25,-0.25087628291313757,0.6,0.5988791436210182,0.8666666666666667,0.0,500000,0
-0.25,-0.24969781426632195,0.6,0.6003868912695256,0.87,0.0,500000,0
-0.25,-0.2499789268838153,0.6,0.6000269740434582,0.8733333333333333,0.0,500000,0
-0.25,-0.24785757031749742,0.6,0.6027470182283159,0.8766666666666667,0.0,500000,0
-0.25,-0.24955347746019096,0.6,0.6005717530914696,0.88,0.0,500000,0
-0.25,-0.25000749678877227,0.6,0.5999904041679218,0.8833333333333333,0.0,500000,0
-0.25,-0.2504689068381135,0.6,0.5994000243133765,0.8866666666666667,0.0,500000,0
-0.25,-0.25128989607476426,0.6,0.5983506350318204,0.89,0.0,500000,0
-0.25,-0.25041725821171185,0.6,0.5994660877124379,0.8933333333333333,0.0,500000,0
-0.25,-0.25062616503132545,0.6,0.5991989100515136,0.8966666666666666,0.0,500000,0
-0.25,-0.25055298651354074,0.6,0.5992924902573445,0.9,0.0,500000,0
-0.25,-0.24922647648405713,0.6,0.600990723178548,0.9033333333333333,0.0,500000,0
-0.25,-0.25148066090105636,0.6,0.5981069963638236,0.9066666666666666,0.0,500000,0
-0.25,-0.24890537192498233,0.6,0.6014023519791005,0.91,0.0,500000,0
-0.25,-0.2501029999272861,0.6,0.5998681709557794,0.9133333333333333,0.0,500000,0
-0.25,-0.25166321248184653,0.6,0.5978739169255619,0.9166666666666666,0.0,500000,0
-0.25,-0.2529712336965933,0.6,0.5962058395382919,0.92,0.0,500000,0
-0.25,-0.25040885955558756,0.6,0.5994768308909995,0.9233333333333333,0.0,500000,0
-0.25,-0.25067928758022057,0.6,0.5991309841466587,0.9266666666666666,0.0,500000,0
-0.25,-0.25103385542193074,0.6,0.5986777586650273,0.93,0.0,500000,0
-0.25,-0.24838144628356892,0.6,0.6020744348243874,0.9333333333333333,0.0,500000,0
-0.25,-0.24898629853468535,0.6,0.6012985909824682,0.9366666666666666,0.0,500000,0
-0.25,-0.2519076707781727,0.6,0.5975619022741676,0.94,0.0,500000,0
-0.25,-0.2478438053026308,0.6,0.6027646981947024,0.9433333333333334,0.0,500000,0
-0.25,-0.25040579439043453,0.6,0.5994807517466666,0.9466666666666667,0.0,500000,0
-0.25,-0.25302485997006147,0.6,0.5961375259927293,0.95,0.0,500000,0
-0.25,-0.2505623927839812,0.6,0.5992804609673519,0.9533333333333334,0.0,500000,0
-0.25,-0.2496244761260044,0.6,0.6004808150047249,0.9566666666666667,0.0,500000,0
-0.25,-0.24890874859011755,0.6,0.6013980222796765,0.96,0.0,500000,0
-0.25,-0.2527801281388642,0.6,0.5964493330295788,0.9633333333333334,0.0,500000,0
-0.25,-0.2525595190933693,0.6,0.596730510217706,0.9666666666666667,0.0,500000,0
-0.25,-0.2491113208132365,0.6,0.6011383186391233,0.97,0.0,500000,0
-0.25,-0.24927073639033767,0.6,0.6009340023274948,0.9733333333333334,0.0,500000,0
-0.25,-0.25010478415394344,0.6,0.5998658875252422,0.9766666666666667,0.0,500000,0
-0.25,-0.250392478416641,0.6,0.5994977853134396,0.98,0.0,500000,0
-0.25,-0.2500633631878157,0.6,0.5999188992306386,0.9833333333333334,0.0,500000,0
-0.25,-0.2508490569161122,0.6,0.5989139448454885,0.9866666666666667,0.0,500000,0
-0.25,-0.24974340709383228,0.6,0.6003285063538147,0.99,0.0,500000,0
-0.25,-0.24897283453671853,0.6,0.6013158530720646,0.9933333333333334,0.0,500000,0
-0.25,-0.2506756367135809,0.6,0.5991356521947049,0.9966666666666667,0.0,500000,0
-0.25,-0.249069595898147,0.6,0.6011918043380876,1.0,0.000392,500000,196
-0.25,-0.24828088244725785,0.6,0.6022035009292098,1.0033333333333334,0.004288,500000,2144
-0.25,-0.2515792407417234,0.6,0.5979811224854928,1.0066666666666666,0.00538,500000,2690
-0.25,-0.25007608123058633,0.6,0.5999026219517629,1.01,0.009424,500000,4712
-0.25,-0.2496531621182711,0.6,0.6004440757064349,1.0133333333333334,0.011494,500000,5747
-0.25,-0.2508983708797439,0.6,0.598850911120318,1.0166666666666666,0.014998,500000,7499
-0.25,-0.2508227806530702,0.6,0.5989475335233142,1.02,0.020726,500000,10363
-0.25,-0.25055625190281533,0.6,0.5992883142656316,1.0233333333333334,0.02349,500000,11745
-0.25,-0.24957797371521578,0.6,0.6005403760868536,1.0266666666666666,0.024466,500000,12233
-0.25,-0.2512931628391296,0.6,0.5983464622008221,1.03,0.030766,500000,15383
-0.25,-0.24956817994824368,0.6,0.600552920676036,1.0333333333333334,0.030906,500000,15453
-0.25,-0.25039289846477847,0.6,0.599497247989478,1.0366666666666666,0.035102,500000,17551
-0.25,-0.24996425972401173,0.6,0.6000457488613266,1.04,0.03977,500000,19885
-0.25,-0.24920378457087256,0.6,0.6010198053370784,1.0433333333333334,0.042004,500000,21002
-0.25,-0.24983503589695633,0.6,0.600211181921845,1.0466666666666666,0.046148,500000,23074
-0.25,-0.25030758871262143,0.6,0.5996063833054864,1.05,0.049668,500000,24834
-0.22222222222222232,-0.2236691728565173,0.6363636363636362,0.6344286873969589,0.85,0.0,500000,0
-0.22222222222222232,-0.2229995275995353,0.6363636363636362,0.6353236079539103,0.8533333333333333,0.0,500000,0
-0.22222222222222232,-0.22064916216849795,0.6363636363636362,0.6384724308883118,0.8566666666666667,0.0,500000,0
-0.22222222222222232,-0.2243011736980952,0.6363636363636362,0.6335849731801263,0.86,0.0,500000,0
-0.22222222222222232,-0.2236085932459504,0.6363636363636362,0.6345096062904093,0.8633333333333333,0.0,500000,0
-0.22222222222222232,-0.22376934748318905,0.6363636363636362,0.6342948972477627,0.8666666666666667,0.0,500000,0
-0.22222222222222232,-0.22264030439425372,0.6363636363636362,0.6358040813899737,0.87,0.0,500000,0
-0.22222222222222232,-0.22351270162460973,0.6363636363636362,0.6346377093955393,0.8733333333333333,0.0,500000,0
-0.22222222222222232,-0.21958840083074485,0.6363636363636362,0.639897524966344,0.8766666666666667,0.0,500000,0
-0.22222222222222232,-0.22029223601441994,0.6363636363636362,0.6389516715538346,0.88,0.0,500000,0
-0.22222222222222232,-0.22191198089523917,0.6363636363636362,0.6367791062451906,0.8833333333333333,0.0,500000,0
-0.22222222222222232,-0.22240417741572419,0.6363636363636362,0.636120063192344,0.8866666666666667,0.0,500000,0
-0.22222222222222232,-0.22210258524873663,0.6363636363636362,0.6365238271654066,0.89,0.0,500000,0
-0.22222222222222232,-0.22028955786548104,0.6363636363636362,0.6389552685334627,0.8933333333333333,0.0,500000,0
-0.22222222222222232,-0.22389855616494717,0.6363636363636362,0.6341223624504841,0.8966666666666666,0.0,500000,0
-0.22222222222222232,-0.22121202883791508,0.6363636363636362,0.6377172454673301,0.9,0.0,500000,0
-0.22222222222222232,-0.22382323347546854,0.6363636363636362,0.6342229378341753,0.9033333333333333,0.0,500000,0
-0.22222222222222232,-0.22285986799204635,0.6363636363636362,0.6355103739597154,0.9066666666666666,0.0,500000,0
-0.22222222222222232,-0.22260952457406893,0.6363636363636362,0.6358452635944885,0.91,0.0,500000,0
-0.22222222222222232,-0.22028120798633802,0.6363636363636362,0.6389664832258825,0.9133333333333333,0.0,500000,0
-0.22222222222222232,-0.2212946648754431,0.6363636363636362,0.6376064331730911,0.9166666666666666,0.0,500000,0
-0.22222222222222232,-0.22114244542917394,0.6363636363636362,0.6378105662334048,0.92,0.0,500000,0
-0.22222222222222232,-0.22080109023954766,0.6363636363636362,0.6382685238326226,0.9233333333333333,0.0,500000,0
-0.22222222222222232,-0.22351263954229023,0.6363636363636362,0.6346377923387777,0.9266666666666666,0.0,500000,0
-0.22222222222222232,-0.22301132929153716,0.6363636363636362,0.6353078275722555,0.93,0.0,500000,0
-0.22222222222222232,-0.22156248193829234,0.6363636363636362,0.6372474020539137,0.9333333333333333,0.0,500000,0
-0.22222222222222232,-0.21976550626615332,0.6363636363636362,0.6396594179173314,0.9366666666666666,0.0,500000,0
-0.22222222222222232,-0.22322795767636325,0.6363636363636362,0.6350182216233746,0.94,0.0,500000,0
-0.22222222222222232,-0.2210007504707838,0.6363636363636362,0.6380006312271764,0.9433333333333334,0.0,500000,0
-0.22222222222222232,-0.22455110505911205,0.6363636363636362,0.6332515578461343,0.9466666666666667,0.0,500000,0
-0.22222222222222232,-0.22313883685837899,0.6363636363636362,0.6351373529573976,0.95,0.0,500000,0
-0.22222222222222232,-0.22205169893392038,0.6363636363636362,0.6365919721274782,0.9533333333333334,0.0,500000,0
-0.22222222222222232,-0.2237247838238604,0.6363636363636362,0.6343544123952911,0.9566666666666667,0.0,500000,0
-0.22222222222222232,-0.2206218516751016,0.6363636363636362,0.6385090904732951,0.96,0.0,500000,0
-0.22222222222222232,-0.22379895274546946,0.6363636363636362,0.6342553615634348,0.9633333333333334,0.0,500000,0
-0.22222222222222232,-0.2209985387238816,0.6363636363636362,0.6380035983419657,0.9666666666666667,0.0,500000,0
-0.22222222222222232,-0.2237458341215445,0.6363636363636362,0.6343262990028341,0.97,0.0,500000,0
-0.22222222222222232,-0.2230051493084557,0.6363636363636362,0.635316090967314,0.9733333333333334,0.0,500000,0
-0.22222222222222232,-0.22039939906409345,0.6363636363636362,0.6388077555051002,0.9766666666666667,0.0,500000,0
-0.22222222222222232,-0.22307252252883109,0.6363636363636362,0.6352260092188071,0.98,0.0,500000,0
-0.22222222222222232,-0.2202847583984128,0.6363636363636362,0.6389617146615353,0.9833333333333334,0.0,500000,0
-0.22222222222222232,-0.22241555217821946,0.6363636363636362,0.6361048388464992,0.9866666666666667,0.0,500000,0
-0.22222222222222232,-0.2208865233957741,0.6363636363636362,0.6381538838164905,0.99,0.0,500000,0
-0.22222222222222232,-0.22498987852177837,0.6363636363636362,0.6326665510195423,0.9933333333333334,5.6e-05,500000,28
-0.22222222222222232,-0.22166270509282665,0.6363636363636362,0.6371130850294986,0.9966666666666667,0.000356,500000,178
-0.22222222222222232,-0.2211504071339659,0.6363636363636362,0.6377998879712045,1.0,0.00045,500000,225
-0.22222222222222232,-0.22297357781917462,0.6363636363636362,0.6353583072223284,1.0033333333333334,0.004376,500000,2188
-0.22222222222222232,-0.22207046965394417,0.6363636363636362,0.636566834452962,1.0066666666666666,0.004428,500000,2214
-0.22222222222222232,-0.2220996922080332,0.6363636363636362,0.6365277012601914,1.01,0.007774,500000,3887
-0.22222222222222232,-0.22185623599664672,0.6363636363636362,0.6368537812213522,1.0133333333333334,0.014584,500000,7292
-0.22222222222222232,-0.22282508989327748,0.6363636363636362,0.6355568891496581,1.0166666666666666,0.017408,500000,8704
-0.22222222222222232,-0.22101148859554431,0.6363636363636362,0.6379862259121567,1.02,0.019444,500000,9722
-0.22222222222222232,-0.22253159419980123,0.6363636363636362,0.6359495406816744,1.0233333333333334,0.023914,500000,11957
-0.22222222222222232,-0.2210073079627257,0.6363636363636362,0.6379918342479364,1.0266666666666666,0.026962,500000,13481
-0.22222222222222232,-0.22254752420024213,0.6363636363636362,0.6359282239832325,1.03,0.029842,500000,14921
-0.22222222222222232,-0.22119758662498173,0.6363636363636362,0.637736613554397,1.0333333333333334,0.0338,500000,16900
-0.22222222222222232,-0.22199930925404826,0.6363636363636362,0.6366621362665671,1.0366666666666666,0.034618,500000,17309
-0.22222222222222232,-0.22177783219205485,0.6363636363636362,0.6369588212381432,1.04,0.038138,500000,19069
-0.22222222222222232,-0.22023165896655503,0.6363636363636362,0.6390330354924986,1.0433333333333334,0.043074,500000,21537
-0.22222222222222232,-0.22189237038031648,0.6363636363636362,0.6368053754010232,1.0466666666666666,0.04526,500000,22630
-0.22222222222222232,-0.22241028798387869,0.6363636363636362,0.6361118845773133,1.05,0.047194,500000,23597
-0.19444444444444453,-0.19388019378720883,0.6744186046511627,0.6752099669696588,0.85,0.0,500000,0
-0.19444444444444453,-0.19407612589000545,0.6744186046511627,0.6749350871656518,0.8533333333333333,0.0,500000,0
-0.19444444444444453,-0.1950384084334085,0.6744186046511627,0.6735863767105412,0.8566666666666667,0.0,500000,0
-0.19444444444444453,-0.19621861738523197,0.6744186046511627,0.6719351888802088,0.86,0.0,500000,0
-0.19444444444444453,-0.1955152735120915,0.6744186046511627,0.6729188194514287,0.8633333333333333,0.0,500000,0
-0.19444444444444453,-0.19528547093769139,0.6744186046511627,0.6732404506105281,0.8666666666666667,0.0,500000,0
-0.19444444444444453,-0.1946422266615671,0.6744186046511627,0.674141391761288,0.87,0.0,500000,0
-0.19444444444444453,-0.19618542784085571,0.6744186046511627,0.6719815786504351,0.8733333333333333,0.0,500000,0
-0.19444444444444453,-0.19384201522517688,0.6744186046511627,0.675263539474919,0.8766666666666667,0.0,500000,0
-0.19444444444444453,-0.1927481545315116,0.6744186046511627,0.6767999115333457,0.88,0.0,500000,0
-0.19444444444444453,-0.19402163663897878,0.6744186046511627,0.6750115229316525,0.8833333333333333,0.0,500000,0
-0.19444444444444453,-0.1937758442805134,0.6744186046511627,0.6753563992622053,0.8866666666666667,0.0,500000,0
-0.19444444444444453,-0.19344457700904658,0.6744186046511627,0.6758214319531317,0.89,0.0,500000,0
-0.19444444444444453,-0.19428924483774704,0.6744186046511627,0.674636197759375,0.8933333333333333,0.0,500000,0
-0.19444444444444453,-0.19254073375884131,0.6744186046511627,0.6770915603830814,0.8966666666666666,0.0,500000,0
-0.19444444444444453,-0.1956808371744791,0.6744186046511627,0.6726871735489318,0.9,0.0,500000,0
-0.19444444444444453,-0.19277686896324264,0.6744186046511627,0.6767595449251064,0.9033333333333333,0.0,500000,0
-0.19444444444444453,-0.19458982054606871,0.6744186046511627,0.6742148355874685,0.9066666666666666,0.0,500000,0
-0.19444444444444453,-0.19376971062571835,0.6744186046511627,0.6753650073360409,0.91,0.0,500000,0
-0.19444444444444453,-0.19498388050711798,0.6744186046511627,0.6736627435938763,0.9133333333333333,0.0,500000,0
-0.19444444444444453,-0.19359783488750876,0.6744186046511627,0.6756062565985561,0.9166666666666666,0.0,500000,0
-0.19444444444444453,-0.19170812875810542,0.6744186046511627,0.6782632858972155,0.92,0.0,500000,0
-0.19444444444444453,-0.19400802244111404,0.6744186046511627,0.6750306215791241,0.9233333333333333,0.0,500000,0
-0.19444444444444453,-0.19439426346116687,0.6744186046511627,0.6744889532576239,0.9266666666666666,0.0,500000,0
-0.19444444444444453,-0.1922031275367732,0.6744186046511627,0.6775664765552383,0.93,0.0,500000,0
-0.19444444444444453,-0.19339670782263316,0.6744186046511627,0.6758886520216939,0.9333333333333333,0.0,500000,0
-0.19444444444444453,-0.19482035712913895,0.6744186046511627,0.6738918014466299,0.9366666666666666,0.0,500000,0
-0.19444444444444453,-0.19327763965262298,0.6744186046511627,0.6760558763023694,0.94,0.0,500000,0
-0.19444444444444453,-0.1954856641594363,0.6744186046511627,0.6729602536942421,0.9433333333333334,0.0,500000,0
-0.19444444444444453,-0.19226123700611655,0.6744186046511627,0.6774847138553239,0.9466666666666667,0.0,500000,0
-0.19444444444444453,-0.19302753904751865,0.6744186046511627,0.6764072366650871,0.95,0.0,500000,0
-0.19444444444444453,-0.19536449803470451,0.6744186046511627,0.6731298305146208,0.9533333333333334,0.0,500000,0
-0.19444444444444453,-0.19556630633595273,0.6744186046511627,0.6728474108051706,0.9566666666666667,0.0,500000,0
-0.19444444444444453,-0.19413659904285321,0.6744186046511627,0.6748502655417123,0.96,0.0,500000,0
-0.19444444444444453,-0.19378035561785095,0.6744186046511627,0.6753500680323085,0.9633333333333334,0.0,500000,0
-0.19444444444444453,-0.19488703565294951,0.6744186046511627,0.6737983929226365,0.9666666666666667,0.0,500000,0
-0.19444444444444453,-0.19351942550306728,0.6744186046511627,0.6757163371320931,0.97,0.0,500000,0
-0.19444444444444453,-0.19599408610394234,0.6744186046511627,0.6722490714943071,0.9733333333333334,0.0,500000,0
-0.19444444444444453,-0.19252646831109468,0.6744186046511627,0.6771116223797387,0.9766666666666667,0.0,500000,0
-0.19444444444444453,-0.1956482449471826,0.6744186046511627,0.6727327694010452,0.98,0.0,500000,0
-0.19444444444444453,-0.19462193898509433,0.6744186046511627,0.6741698228806382,0.9833333333333334,0.0,500000,0
-0.19444444444444453,-0.19516955118043727,0.6744186046511627,0.6734027385693127,0.9866666666666667,0.0,500000,0
-0.19444444444444453,-0.1930230975588577,0.6744186046511627,0.6764134777376598,0.99,0.0,500000,0
-0.19444444444444453,-0.19245355266874106,0.6744186046511627,0.6772141736874779,0.9933333333333334,0.0,500000,0
-0.19444444444444453,-0.1930727012924568,0.6744186046511627,0.6763437784079697,0.9966666666666667,0.00034,500000,170
-0.19444444444444453,-0.19506449021273337,0.6744186046511627,0.673549851392522,1.0,0.00127,500000,635
-0.19444444444444453,-0.19510669412915516,0.6744186046511627,0.6734907517670218,1.0033333333333334,0.002844,500000,1422
-0.19444444444444453,-0.19374329942926816,0.6744186046511627,0.6754020742618663,1.0066666666666666,0.006906,500000,3453
-0.19444444444444453,-0.1953713258147278,0.6744186046511627,0.6731202738503556,1.01,0.009868,500000,4934
-0.19444444444444453,-0.19414622757327643,0.6744186046511627,0.6748367610425449,1.0133333333333334,0.012166,500000,6083
-0.19444444444444453,-0.1932561128097762,0.6744186046511627,0.6760861130562936,1.0166666666666666,0.015746,500000,7873
-0.19444444444444453,-0.1940044126781445,0.6744186046511627,0.6750356856002001,1.02,0.019852,500000,9926
-0.19444444444444453,-0.19236336095048823,0.6744186046511627,0.6773410400716331,1.0233333333333334,0.023382,500000,11691
-0.19444444444444453,-0.19331950149263036,0.6744186046511627,0.675997079992706,1.0266666666666666,0.023834,500000,11917
-0.19444444444444453,-0.19363598043186656,0.6744186046511627,0.6755527085203856,1.03,0.027278,500000,13639
-0.19444444444444453,-0.1936769649300055,0.6744186046511627,0.675495178980249,1.0333333333333334,0.030568,500000,15284
-0.19444444444444453,-0.1955535798009452,0.6744186046511627,0.6728652180799725,1.0366666666666666,0.035476,500000,17738
-0.19444444444444453,-0.1920797281574692,0.6744186046511627,0.6777401316028483,1.04,0.039406,500000,19703
-0.19444444444444453,-0.19487204375702702,0.6744186046511627,0.6738193938418839,1.0433333333333334,0.043052,500000,21526
-0.19444444444444453,-0.19424854339786735,0.6744186046511627,0.6746932713935865,1.0466666666666666,0.045604,500000,22802
-0.19444444444444453,-0.1941407106121348,0.6744186046511627,0.674844498831942,1.05,0.046956,500000,23478
-0.16666666666666674,-0.16889187311405168,0.7142857142857142,0.7110222476539154,0.85,0.0,500000,0
-0.16666666666666674,-0.16476687430314166,0.7142857142857142,0.7170817990480394,0.8533333333333333,0.0,500000,0
-0.16666666666666674,-0.167130682606159,0.7142857142857142,0.7136041660168466,0.8566666666666667,0.0,500000,0
-0.16666666666666674,-0.16811564114315627,0.7142857142857142,0.7121592499546829,0.86,0.0,500000,0
-0.16666666666666674,-0.16605168907540682,0.7142857142857142,0.7151898314094917,0.8633333333333333,0.0,500000,0
-0.16666666666666674,-0.16573572254455754,0.7142857142857142,0.7156547245840745,0.8666666666666667,0.0,500000,0
-0.16666666666666674,-0.1661218020477515,0.7142857142857142,0.715086705769439,0.87,0.0,500000,0
-0.16666666666666674,-0.1648584747023975,0.7142857142857142,0.7169467737365843,0.8733333333333333,0.0,500000,0
-0.16666666666666674,-0.16627893389952367,0.7142857142857142,0.7148556334743009,0.8766666666666667,0.0,500000,0
-0.16666666666666674,-0.16505334541092437,0.7142857142857142,0.7166595914924245,0.88,0.0,500000,0
-0.16666666666666674,-0.16536306525819702,0.7142857142857142,0.7162033529498221,0.8833333333333333,0.0,500000,0
-0.16666666666666674,-0.16688596188252894,0.7142857142857142,0.7139635451380476,0.8866666666666667,0.0,500000,0
-0.16666666666666674,-0.1657923333083227,0.7142857142857142,0.7155714125553873,0.89,0.0,500000,0
-0.16666666666666674,-0.16741964185469035,0.7142857142857142,0.7131800153906795,0.8933333333333333,0.0,500000,0
-0.16666666666666674,-0.16780687217096238,0.7142857142857142,0.7126119460848727,0.8966666666666666,0.0,500000,0
-0.16666666666666674,-0.16519287251558304,0.7142857142857142,0.7164540284923966,0.9,0.0,500000,0
-0.16666666666666674,-0.16673999599495762,0.7142857142857142,0.7141779718406461,0.9033333333333333,0.0,500000,0
-0.16666666666666674,-0.16701044363617526,0.7142857142857142,0.7137807214204467,0.9066666666666666,0.0,500000,0
-0.16666666666666674,-0.16642045257536853,0.7142857142857142,0.7146475746238422,0.91,0.0,500000,0
-0.16666666666666674,-0.1673216776229227,0.7142857142857142,0.7133237892683558,0.9133333333333333,0.0,500000,0
-0.16666666666666674,-0.16577107116525905,0.7142857142857142,0.7156027023392152,0.9166666666666666,0.0,500000,0
-0.16666666666666674,-0.1678798664279386,0.7142857142857142,0.7125049052495208,0.92,0.0,500000,0
-0.16666666666666674,-0.16584727798550788,0.7142857142857142,0.7154905601836994,0.9233333333333333,0.0,500000,0
-0.16666666666666674,-0.16819591231800268,0.7142857142857142,0.7120416009943769,0.9266666666666666,0.0,500000,0
-0.16666666666666674,-0.16435698121390757,0.7142857142857142,0.7176862699916031,0.93,0.0,500000,0
-0.16666666666666674,-0.16762710268787273,0.7142857142857142,0.7128756221879471,0.9333333333333333,0.0,500000,0
-0.16666666666666674,-0.1666088505725823,0.7142857142857142,0.7143706727566671,0.9366666666666666,0.0,500000,0
-0.16666666666666674,-0.16728534536335793,0.7142857142857142,0.713377117209872,0.94,0.0,500000,0
-0.16666666666666674,-0.16754473231392467,0.7142857142857142,0.7129964656996527,0.9433333333333334,0.0,500000,0
-0.16666666666666674,-0.16437118525345407,0.7142857142857142,0.7176653161205211,0.9466666666666667,0.0,500000,0
-0.16666666666666674,-0.16403529442303977,0.7142857142857142,0.7181609609108206,0.95,0.0,500000,0
-0.16666666666666674,-0.16765591984606174,0.7142857142857142,0.7128333492829554,0.9533333333333334,0.0,500000,0
-0.16666666666666674,-0.16782456139142557,0.7142857142857142,0.7125860048850694,0.9566666666666667,0.0,500000,0
-0.16666666666666674,-0.16352743941680922,0.7142857142857142,0.718910901665072,0.96,0.0,500000,0
-0.16666666666666674,-0.16641623425970167,0.7142857142857142,0.7146537756046882,0.9633333333333334,0.0,500000,0
-0.16666666666666674,-0.16821904889577993,0.7142857142857142,0.7120076940111816,0.9666666666666667,0.0,500000,0
-0.16666666666666674,-0.1667927211557255,0.7142857142857142,0.71410051137358,0.97,0.0,500000,0
-0.16666666666666674,-0.16757167253723051,0.7142857142857142,0.7129569404967092,0.9733333333333334,0.0,500000,0
-0.16666666666666674,-0.16855568886752878,0.7142857142857142,0.7115144952468982,0.9766666666666667,0.0,500000,0
-0.16666666666666674,-0.16680174807687356,0.7142857142857142,0.7140872502945822,0.98,0.0,500000,0
-0.16666666666666674,-0.1671332417732906,0.7142857142857142,0.7136004086056948,0.9833333333333334,0.0,500000,0
-0.16666666666666674,-0.16812818522426995,0.7142857142857142,0.7121408637323636,0.9866666666666667,0.0,500000,0
-0.16666666666666674,-0.1672482817414641,0.7142857142857142,0.7134315220546913,0.99,0.0,500000,0
-0.16666666666666674,-0.16423087452796684,0.7142857142857142,0.7178723256337732,0.9933333333333334,0.0,500000,0
-0.16666666666666674,-0.1678649823923606,0.7142857142857142,0.7125267305326841,0.9966666666666667,0.00056,500000,280
-0.16666666666666674,-0.1652139682138153,0.7142857142857142,0.7164229528297266,1.0,0.001106,500000,553
-0.16666666666666674,-0.16816700797991263,0.7142857142857142,0.7120839625992855,1.0033333333333334,0.004122,500000,2061
-0.16666666666666674,-0.16735233537246133,0.7142857142857142,0.7132787928692239,1.0066666666666666,0.007784,500000,3892
-0.16666666666666674,-0.16462152472111521,0.7142857142857142,0.7172960979567399,1.01,0.011554,500000,5777
-0.16666666666666674,-0.16309099817681455,0.7142857142857142,0.7195559101867948,1.0133333333333334,0.013618,500000,6809
-0.16666666666666674,-0.1659145325141585,0.7142857142857142,0.7153916039516496,1.0166666666666666,0.015896,500000,7948
-0.16666666666666674,-0.1673718581097692,0.7142857142857142,0.7132501405665528,1.02,0.01971,500000,9855
-0.16666666666666674,-0.16721939290333937,0.7142857142857142,0.7134739297170206,1.0233333333333334,0.022666,500000,11333
-0.16666666666666674,-0.16572249474128867,0.7142857142857142,0.7156741926335258,1.0266666666666666,0.02715,500000,13575
-0.16666666666666674,-0.1674692901471253,0.7142857142857142,0.7131071599733116,1.03,0.027286,500000,13643
-0.16666666666666674,-0.1660355993326084,0.7142857142857142,0.7152134987514267,1.0333333333333334,0.030796,500000,15398
-0.16666666666666674,-0.16518446337475107,0.7142857142857142,0.7164664161478373,1.0366666666666666,0.034292,500000,17146
-0.16666666666666674,-0.16518254240075947,0.7142857142857142,0.716469245993997,1.04,0.037798,500000,18899
-0.16666666666666674,-0.16861650923276436,0.7142857142857142,0.7114254198865174,1.0433333333333334,0.04252,500000,21260
-0.16666666666666674,-0.16788596137357714,0.7142857142857142,0.7124959680547531,1.0466666666666666,0.044918,500000,22459
-0.16666666666666674,-0.16595144180448657,0.7142857142857142,0.7153373016158348,1.05,0.04798,500000,23990
-0.13888888888888895,-0.1383491650721604,0.7560975609756098,0.7569301769314507,0.85,0.0,500000,0
-0.13888888888888895,-0.13878513891621938,0.7560975609756098,0.75625755171287,0.8533333333333333,0.0,500000,0
-0.13888888888888895,-0.13894993095617086,0.7560975609756098,0.7560034428563165,0.8566666666666667,0.0,500000,0
-0.13888888888888895,-0.1390170508524527,0.7560975609756098,0.7558999652403608,0.86,0.0,500000,0
-0.13888888888888895,-0.13851828864674134,0.7560975609756098,0.7566691900726757,0.8633333333333333,0.0,500000,0
-0.13888888888888895,-0.13819170963246089,0.7560975609756098,0.7571732275627187,0.8666666666666667,0.0,500000,0
-0.13888888888888895,-0.13642738876052315,0.7560975609756098,0.7599012658268971,0.87,0.0,500000,0
-0.13888888888888895,-0.13954050348214425,0.7560975609756098,0.7550933853500702,0.8733333333333333,0.0,500000,0
-0.13888888888888895,-0.13932927209778023,0.7560975609756098,0.7554187792590611,0.8766666666666667,0.0,500000,0
-0.13888888888888895,-0.13978413790717018,0.7560975609756098,0.7547182255688578,0.88,0.0,500000,0
-0.13888888888888895,-0.13855961490605798,0.7560975609756098,0.7566054283112958,0.8833333333333333,0.0,500000,0
-0.13888888888888895,-0.1378634971802806,0.7560975609756098,0.7576800775806277,0.8866666666666667,0.0,500000,0
-0.13888888888888895,-0.13796357403729878,0.7560975609756098,0.7575255004906215,0.89,0.0,500000,0
-0.13888888888888895,-0.13994651861155832,0.7560975609756098,0.7544682731572152,0.8933333333333333,0.0,500000,0
-0.13888888888888895,-0.13906454075867833,0.7560975609756098,0.755826758216784,0.8966666666666666,0.0,500000,0
-0.13888888888888895,-0.13872895892812107,0.7560975609756098,0.7563441979051699,0.9,0.0,500000,0
-0.13888888888888895,-0.13783226457176478,0.7560975609756098,0.7577283245283268,0.9033333333333333,0.0,500000,0
-0.13888888888888895,-0.13792430018021898,0.7560975609756098,0.7575861590118513,0.9066666666666666,0.0,500000,0
-0.13888888888888895,-0.13667889944578948,0.7560975609756098,0.7595118559648991,0.91,0.0,500000,0
-0.13888888888888895,-0.13734417030727408,0.7560975609756098,0.7584826582965329,0.9133333333333333,0.0,500000,0
-0.13888888888888895,-0.13750470583955215,0.7560975609756098,0.7582344844225242,0.9166666666666666,0.0,500000,0
-0.13888888888888895,-0.13857130369562545,0.7560975609756098,0.7565873946658509,0.92,0.0,500000,0
-0.13888888888888895,-0.13737460440950358,0.7560975609756098,0.7584356044579964,0.9233333333333333,0.0,500000,0
-0.13888888888888895,-0.13845406676364616,0.7560975609756098,0.7567682863881577,0.9266666666666666,0.0,500000,0
-0.13888888888888895,-0.1393181327929683,0.7560975609756098,0.7554359422834104,0.93,0.0,500000,0
-0.13888888888888895,-0.13859405610172315,0.7560975609756098,0.7565522929634176,0.9333333333333333,0.0,500000,0
-0.13888888888888895,-0.13714907666550047,0.7560975609756098,0.7587843503023065,0.9366666666666666,0.0,500000,0
-0.13888888888888895,-0.1372438578001486,0.7560975609756098,0.7586377682168728,0.94,0.0,500000,0
-0.13888888888888895,-0.13950462056848442,0.7560975609756098,0.7551486531070188,0.9433333333333334,0.0,500000,0
-0.13888888888888895,-0.13707308779099092,0.7560975609756098,0.7589018872000833,0.9466666666666667,0.0,500000,0
-0.13888888888888895,-0.13771454504760136,0.7560975609756098,0.7579101969873481,0.95,0.0,500000,0
-0.13888888888888895,-0.13978552573812053,0.7560975609756098,0.7547160889806949,0.9533333333333334,0.0,500000,0
-0.13888888888888895,-0.14014805393814594,0.7560975609756098,0.7541581491034162,0.9566666666666667,0.0,500000,0
-0.13888888888888895,-0.14073353237327693,0.7560975609756098,0.7532578321240664,0.96,0.0,500000,0
-0.13888888888888895,-0.1380192778406664,0.7560975609756098,0.7574394730772032,0.9633333333333334,0.0,500000,0
-0.13888888888888895,-0.13964158126766252,0.7560975609756098,0.7549377215381446,0.9666666666666667,0.0,500000,0
-0.13888888888888895,-0.1386949328497754,0.7560975609756098,0.7563966803599134,0.97,0.0,500000,0
-0.13888888888888895,-0.1399717624960933,0.7560975609756098,0.7544294216733759,0.9733333333333334,0.0,500000,0
-0.13888888888888895,-0.13841435026092647,0.7560975609756098,0.7568295757529732,0.9766666666666667,0.0,500000,0
-0.13888888888888895,-0.14087952331874834,0.7560975609756098,0.7530334791022658,0.98,0.0,500000,0
-0.13888888888888895,-0.13678459381671423,0.7560975609756098,0.7593482625279697,0.9833333333333334,0.0,500000,0
-0.13888888888888895,-0.14161985037992667,0.7560975609756098,0.7518966574857714,0.9866666666666667,0.0,500000,0
-0.13888888888888895,-0.13919603108619005,0.7560975609756098,0.7556240940315238,0.99,0.0,500000,0
-0.13888888888888895,-0.13701167509530812,0.7560975609756098,0.7589968896602168,0.9933333333333334,0.000184,500000,92
-0.13888888888888895,-0.13899060773178404,0.7560975609756098,0.7559407306991344,0.9966666666666667,0.0,500000,0
-0.13888888888888895,-0.1383344848015998,0.7560975609756098,0.7569528347799986,1.0,0.001986,500000,993
-0.13888888888888895,-0.1373639021775508,0.7560975609756098,0.7584521507767928,1.0033333333333334,0.00363,500000,1815
-0.13888888888888895,-0.1390445770799783,0.7560975609756098,0.7558575320442174,1.0066666666666666,0.004668,500000,2334
-0.13888888888888895,-0.13744144135313188,0.7560975609756098,0.7583322774144263,1.01,0.010444,500000,5222
-0.13888888888888895,-0.13776856885648198,0.7560975609756098,0.7578267274601429,1.0133333333333334,0.014246,500000,7123
-0.13888888888888895,-0.13866142092126602,0.7560975609756098,0.7564483728462881,1.0166666666666666,0.01789,500000,8945
-0.13888888888888895,-0.13754785905123598,0.7560975609756098,0.7581677852816552,1.02,0.020764,500000,10382
-0.13888888888888895,-0.13706523667967008,0.7560975609756098,0.7589140319162117,1.0233333333333334,0.02334,500000,11670
-0.13888888888888895,-0.13817018636631476,0.7560975609756098,0.7572064564308569,1.0266666666666666,0.026778,500000,13389
-0.13888888888888895,-0.14006985728723295,0.7560975609756098,0.7542784656713483,1.03,0.028368,500000,14184
-0.13888888888888895,-0.13881139166535164,0.7560975609756098,0.7562170651237349,1.0333333333333334,0.030888,500000,15444
-0.13888888888888895,-0.1391370780684076,0.7560975609756098,0.7557149516995142,1.0366666666666666,0.036362,500000,18181
-0.13888888888888895,-0.14004283758191743,0.7560975609756098,0.7543200431328446,1.04,0.040148,500000,20074
-0.13888888888888895,-0.13630267489419667,0.7560975609756098,0.7600944221892497,1.0433333333333334,0.042008,500000,21004
-0.13888888888888895,-0.1389244053924782,0.7560975609756098,0.7560427983899348,1.0466666666666666,0.045918,500000,22959
-0.13888888888888895,-0.1386639187870403,0.7560975609756098,0.756444519758294,1.05,0.047676,500000,23838
-0.11111111111111116,-0.11092443137379984,0.7999999999999999,0.8003024719932973,0.85,0.0,500000,0
-0.11111111111111116,-0.11451489249277923,0.7999999999999999,0.7945027145637336,0.8533333333333333,0.0,500000,0
-0.11111111111111116,-0.11066355459741632,0.7999999999999999,0.8007253337172323,0.8566666666666667,0.0,500000,0
-0.11111111111111116,-0.1107299107031444,0.7999999999999999,0.8006177566010676,0.86,0.0,500000,0
-0.11111111111111116,-0.10792352778351011,0.7999999999999999,0.8051787418949036,0.8633333333333333,0.0,500000,0
-0.11111111111111116,-0.11374274762296484,0.7999999999999999,0.795746822386546,0.8666666666666667,0.0,500000,0
-0.11111111111111116,-0.11058337860273458,0.7999999999999999,0.8008553329118547,0.87,0.0,500000,0
-0.11111111111111116,-0.11134523592093744,0.7999999999999999,0.7996207977106788,0.8733333333333333,0.0,500000,0
-0.11111111111111116,-0.11296587092099004,0.7999999999999999,0.7970002964645992,0.8766666666666667,0.0,500000,0
-0.11111111111111116,-0.10974233120647972,0.7999999999999999,0.8022201584629631,0.88,0.0,500000,0
-0.11111111111111116,-0.11191777531364346,0.7999999999999999,0.7986941520346245,0.8833333333333333,0.0,500000,0
-0.11111111111111116,-0.11051929352258628,0.7999999999999999,0.8009592554272206,0.8866666666666667,0.0,500000,0
-0.11111111111111116,-0.11167370644302974,0.7999999999999999,0.7990890568054418,0.89,0.0,500000,0
-0.11111111111111116,-0.10984949999996484,0.7999999999999999,0.8020461332820922,0.8933333333333333,0.0,500000,0
-0.11111111111111116,-0.11093052268151206,0.7999999999999999,0.8002926008122395,0.8966666666666666,0.0,500000,0
-0.11111111111111116,-0.10931708230054515,0.7999999999999999,0.8029110268926192,0.9,0.0,500000,0
-0.11111111111111116,-0.10942918742902198,0.7999999999999999,0.8027288471063,0.9033333333333333,0.0,500000,0
-0.11111111111111116,-0.11111501678832637,0.7999999999999999,0.799993672825152,0.9066666666666666,0.0,500000,0
-0.11111111111111116,-0.11272811787318827,0.7999999999999999,0.7973842557539553,0.91,0.0,500000,0
-0.11111111111111116,-0.11293757450937814,0.7999999999999999,0.7970459851548009,0.9133333333333333,0.0,500000,0
-0.11111111111111116,-0.11275903709216455,0.7999999999999999,0.7973343134793607,0.9166666666666666,0.0,500000,0
-0.11111111111111116,-0.11129424796267076,0.7999999999999999,0.799703367192432,0.92,0.0,500000,0
-0.11111111111111116,-0.11076159113110311,0.7999999999999999,0.8005664005390876,0.9233333333333333,0.0,500000,0
-0.11111111111111116,-0.11093364240794897,0.7999999999999999,0.8002875452263732,0.9266666666666666,0.0,500000,0
-0.11111111111111116,-0.11210797663905911,0.7999999999999999,0.7983865254201942,0.93,0.0,500000,0
-0.11111111111111116,-0.11058290176194265,0.7999999999999999,0.8008561061285878,0.9333333333333333,0.0,500000,0
-0.11111111111111116,-0.11209890701451622,0.7999999999999999,0.7984011920028746,0.9366666666666666,0.0,500000,0
-0.11111111111111116,-0.11027447734818073,0.7999999999999999,0.8013563680008853,0.94,0.0,500000,0
-0.11111111111111116,-0.10971118986619686,0.7999999999999999,0.8022707333798711,0.9433333333333334,0.0,500000,0
-0.11111111111111116,-0.1117952696599782,0.7999999999999999,0.7988923451811974,0.9466666666666667,0.0,500000,0
-0.11111111111111116,-0.11261484758953354,0.7999999999999999,0.7975672393128453,0.95,0.0,500000,0
-0.11111111111111116,-0.11179226334213654,0.7999999999999999,0.7988972094371658,0.9533333333333334,0.0,500000,0
-0.11111111111111116,-0.11211968093211751,0.7999999999999999,0.7983675986416409,0.9566666666666667,0.0,500000,0
-0.11111111111111116,-0.11011776224568127,0.7999999999999999,0.8016106651191282,0.96,0.0,500000,0
-0.11111111111111116,-0.10872188404886197,0.7999999999999999,0.8038788886319654,0.9633333333333334,0.0,500000,0
-0.11111111111111116,-0.11195089712019715,0.7999999999999999,0.7986405741294245,0.9666666666666667,0.0,500000,0
-0.11111111111111116,-0.1085658012312954,0.7999999999999999,0.8041328694955044,0.97,0.0,500000,0
-0.11111111111111116,-0.11247966807538633,0.7999999999999999,0.797785665116957,0.9733333333333334,0.0,500000,0
-0.11111111111111116,-0.11104413097178115,0.7999999999999999,0.8001085143671912,0.9766666666666667,0.0,500000,0
-0.11111111111111116,-0.11114010114554997,0.7999999999999999,0.7999530373695125,0.98,0.0,500000,0
-0.11111111111111116,-0.11212673995951934,0.7999999999999999,0.7983561838219974,0.9833333333333334,0.0,500000,0
-0.11111111111111116,-0.11251854431572479,0.7999999999999999,0.7977228426606922,0.9866666666666667,0.0,500000,0
-0.11111111111111116,-0.11209422361197001,0.7999999999999999,0.7984087656747298,0.99,0.0,500000,0
-0.11111111111111116,-0.11028247202159185,0.7999999999999999,0.8013433971973086,0.9933333333333334,0.000156,500000,78
-0.11111111111111116,-0.11211797796828517,0.7999999999999999,0.7983703524456782,0.9966666666666667,0.000596,500000,298
-0.11111111111111116,-0.11295061680353843,0.7999999999999999,0.7970249261769773,1.0,0.00189,500000,945
-0.11111111111111116,-0.10988733427119399,0.7999999999999999,0.8019847044324524,1.0033333333333334,0.003782,500000,1891
-0.11111111111111116,-0.11189608686736591,0.7999999999999999,0.7987292370411704,1.0066666666666666,0.00613,500000,3065
-0.11111111111111116,-0.11156122565838175,0.7999999999999999,0.7992711097091325,1.01,0.010846,500000,5423
-0.11111111111111116,-0.1134642741223617,0.7999999999999999,0.7961959323539234,1.0133333333333334,0.015132,500000,7566
-0.11111111111111116,-0.11123003323029568,0.7999999999999999,0.7998073667844362,1.0166666666666666,0.01585,500000,7925
-0.11111111111111116,-0.11277878176160203,0.7999999999999999,0.7973024223501713,1.02,0.020404,500000,10202
-0.11111111111111116,-0.113223653952901,0.7999999999999999,0.7965841750651638,1.0233333333333334,0.024146,500000,12073
-0.11111111111111116,-0.11066404448398516,0.7999999999999999,0.800724539461616,1.0266666666666666,0.024726,500000,12363
-0.11111111111111116,-0.11024166788250397,0.7999999999999999,0.8014096010416162,1.03,0.026866,500000,13433
-0.11111111111111116,-0.11233879141774174,0.7999999999999999,0.7980133529739455,1.0333333333333334,0.033618,500000,16809
-0.11111111111111116,-0.1090099176290444,0.7999999999999999,0.8034103827275106,1.0366666666666666,0.033286,500000,16643
-0.11111111111111116,-0.11039969201361718,0.7999999999999999,0.8011532373294943,1.04,0.038806,500000,19403
-0.11111111111111116,-0.11113999043302483,0.7999999999999999,0.7999532167144624,1.0433333333333334,0.042562,500000,21281
-0.11111111111111116,-0.11075942256934,0.7999999999999999,0.8005699158272488,1.0466666666666666,0.045278,500000,22639
-0.11111111111111116,-0.1104725765174608,0.7999999999999999,0.8010350208486688,1.05,0.047108,500000,23554
-0.08333333333333337,-0.0838244403052996,0.846153846153846,0.8453173093574319,0.85,0.0,500000,0
-0.08333333333333337,-0.08208819005686048,0.846153846153846,0.8482781887628826,0.8533333333333333,0.0,500000,0
-0.08333333333333337,-0.0831616938778221,0.846153846153846,0.8464463905105519,0.8566666666666667,0.0,500000,0
-0.08333333333333337,-0.08152477724379656,0.846153846153846,0.8492410364345832,0.86,0.0,500000,0
-0.08333333333333337,-0.0849935109376627,0.846153846153846,0.8433289967527816,0.8633333333333333,0.0,500000,0
-0.08333333333333337,-0.0827117561196076,0.846153846153846,0.8472137101086942,0.8666666666666667,0.0,500000,0
-0.08333333333333337,-0.08259084636494614,0.846153846153846,0.8474200171888311,0.87,0.0,500000,0
-0.08333333333333337,-0.08469723621048718,0.846153846153846,0.8438324845255685,0.8733333333333333,0.0,500000,0
-0.08333333333333337,-0.084555295677072,0.846153846153846,0.8440737950123873,0.8766666666666667,0.0,500000,0
-0.08333333333333337,-0.08238768014846119,0.846153846153846,0.8477667814231573,0.88,0.0,500000,0
-0.08333333333333337,-0.08334895206873771,0.846153846153846,0.8461272299944048,0.8833333333333333,0.0,500000,0
-0.08333333333333337,-0.08145324578041457,0.846153846153846,0.8493633523257216,0.8866666666666667,0.0,500000,0
-0.08333333333333337,-0.0834367926560698,0.846153846153846,0.8459775536115538,0.89,0.0,500000,0
-0.08333333333333337,-0.0830863332085845,0.846153846153846,0.8465748654358037,0.8933333333333333,0.0,500000,0
-0.08333333333333337,-0.08317547696605106,0.846153846153846,0.8464228950252389,0.8966666666666666,0.0,500000,0
-0.08333333333333337,-0.08626310642233061,0.846153846153846,0.8411745627512969,0.9,0.0,500000,0
-0.08333333333333337,-0.08451005869516105,0.846153846153846,0.8441507148456693,0.9033333333333333,0.0,500000,0
-0.08333333333333337,-0.08386381046113904,0.846153846153846,0.8452502802442339,0.9066666666666666,0.0,500000,0
-0.08333333333333337,-0.08266476378025854,0.846153846153846,0.8472938871832787,0.91,0.0,500000,0
-0.08333333333333337,-0.08162355605026456,0.846153846153846,0.8490721552915746,0.9133333333333333,0.0,500000,0
-0.08333333333333337,-0.08022108592209587,0.846153846153846,0.8514728383521273,0.9166666666666666,0.0,500000,0
-0.08333333333333337,-0.08270179544450705,0.846153846153846,0.847230704165308,0.92,0.0,500000,0
-0.08333333333333337,-0.08537955551703269,0.846153846153846,0.8426733669654185,0.9233333333333333,0.0,500000,0
-0.08333333333333337,-0.0824885789166543,0.846153846153846,0.847594551068228,0.9266666666666666,0.0,500000,0
-0.08333333333333337,-0.08304814987242204,0.846153846153846,0.8466399672402289,0.93,0.0,500000,0
-0.08333333333333337,-0.08616109784373645,0.846153846153846,0.8413474796422284,0.9333333333333333,0.0,500000,0
-0.08333333333333337,-0.084444652351039,0.846153846153846,0.8442619415053302,0.9366666666666666,0.0,500000,0
-0.08333333333333337,-0.08440258017331445,0.846153846153846,0.8443334943747094,0.94,0.0,500000,0
-0.08333333333333337,-0.08597641270457905,0.846153846153846,0.8416606259606351,0.9433333333333334,0.0,500000,0
-0.08333333333333337,-0.08583732223305783,0.846153846153846,0.8418965337155095,0.9466666666666667,0.0,500000,0
-0.08333333333333337,-0.0809202880329832,0.846153846153846,0.8502751980347435,0.95,0.0,500000,0
-0.08333333333333337,-0.08299889486766959,0.846153846153846,0.8467239527925629,0.9533333333333334,0.0,500000,0
-0.08333333333333337,-0.08259344072623265,0.846153846153846,0.8474155899728586,0.9566666666666667,0.0,500000,0
-0.08333333333333337,-0.08371596334983804,0.846153846153846,0.8455020204905602,0.96,0.0,500000,0
-0.08333333333333337,-0.08633829491955895,0.846153846153846,0.8410471299348752,0.9633333333333334,0.0,500000,0
-0.08333333333333337,-0.08356277532853498,0.846153846153846,0.8457629272042889,0.9666666666666667,0.0,500000,0
-0.08333333333333337,-0.08294123128496556,0.846153846153846,0.8468222856626273,0.97,0.0,500000,0
-0.08333333333333337,-0.0837120850671876,0.846153846153846,0.8455086249924072,0.9733333333333334,0.0,500000,0
-0.08333333333333337,-0.08333201365158291,0.846153846153846,0.8461560950816989,0.9766666666666667,0.0,500000,0
-0.08333333333333337,-0.08225235634725832,0.846153846153846,0.8479978244170876,0.98,0.0,500000,0
-0.08333333333333337,-0.0833136318583846,0.846153846153846,0.8461874208755905,0.9833333333333334,4.6e-05,500000,23
-0.08333333333333337,-0.08257483797637134,0.846153846153846,0.8474473355934887,0.9866666666666667,0.0,500000,0
-0.08333333333333337,-0.08310006574278038,0.846153846153846,0.8465514528691472,0.99,0.0,500000,0
-0.08333333333333337,-0.08373228764524174,0.846153846153846,0.8454742216323975,0.9933333333333334,0.000518,500000,259
-0.08333333333333337,-0.08390175302152489,0.846153846153846,0.8451856862715883,0.9966666666666667,0.00136,500000,680
-0.08333333333333337,-0.0849716327859037,0.846153846153846,0.8433661669702455,1.0,0.001976,500000,988
-0.08333333333333337,-0.08230756381361322,0.846153846153846,0.8479035598280498,1.0033333333333334,0.003308,500000,1654
-0.08333333333333337,-0.08345521767818607,0.846153846153846,0.8459461612875366,1.0066666666666666,0.006488,500000,3244
-0.08333333333333337,-0.08331569163276356,0.846153846153846,0.8461839106065363,1.01,0.00879,500000,4395
-0.08333333333333337,-0.0825999377603521,0.846153846153846,0.8474045030314112,1.0133333333333334,0.013366,500000,6683
-0.08333333333333337,-0.08432590122003936,0.846153846153846,0.8444639178587189,1.0166666666666666,0.013864,500000,6932
-0.08333333333333337,-0.08046852256396178,0.846153846153846,0.8510488350498,1.02,0.020508,500000,10254
-0.08333333333333337,-0.08329459389692398,0.846153846153846,0.846219866015782,1.0233333333333334,0.020914,500000,10457
-0.08333333333333337,-0.08452327986468841,0.846153846153846,0.8441282332358342,1.0266666666666666,0.027144,500000,13572
-0.08333333333333337,-0.0835125017965576,0.846153846153846,0.8458485681372635,1.03,0.028738,500000,14369
-0.08333333333333337,-0.0838715339421536,0.846153846153846,0.8452371313100103,1.0333333333333334,0.033586,500000,16793
-0.08333333333333337,-0.08115678903019229,0.846153846153846,0.8498704538441817,1.0366666666666666,0.035394,500000,17697
-0.08333333333333337,-0.08214435596428606,0.846153846153846,0.8481822586579252,1.04,0.03732,500000,18660
-0.08333333333333337,-0.0835980813788977,0.846153846153846,0.8457027881176798,1.0433333333333334,0.043014,500000,21507
-0.08333333333333337,-0.08397786197363617,0.846153846153846,0.8450561309052295,1.0466666666666666,0.047298,500000,23649
-0.08333333333333337,-0.08421954733005228,0.846153846153846,0.8446448460785505,1.05,0.046688,500000,23344
-0.05555555555555558,-0.05392846065608527,0.8947368421052632,0.8976620090086304,0.85,0.0,500000,0
-0.05555555555555558,-0.057104801640054194,0.8947368421052632,0.8919599995166828,0.8533333333333333,0.0,500000,0
-0.05555555555555558,-0.05487806678217917,0.8947368421052632,0.8959537248706283,0.8566666666666667,0.0,500000,0
-0.05555555555555558,-0.056803146669207424,0.8947368421052632,0.8925000425136177,0.86,0.0,500000,0
-0.05555555555555558,-0.05492040646920124,0.8947368421052632,0.8958776299474217,0.8633333333333333,0.0,500000,0
-0.05555555555555558,-0.05583608429017128,0.8947368421052632,0.894233422931914,0.8666666666666667,0.0,500000,0
-0.05555555555555558,-0.054392912581986995,0.8947368421052632,0.8968261035655292,0.87,0.0,500000,0
-0.05555555555555558,-0.05500500192997858,0.8947368421052632,0.8957256092068665,0.8733333333333333,0.0,500000,0
-0.05555555555555558,-0.05621995034821466,0.8947368421052632,0.8935449944309799,0.8766666666666667,0.0,500000,0
-0.05555555555555558,-0.05564518455946804,0.8947368421052632,0.8945759704617241,0.88,0.0,500000,0
-0.05555555555555558,-0.05673529113082358,0.8947368421052632,0.892621564535598,0.8833333333333333,0.0,500000,0
-0.05555555555555558,-0.05761929162153943,0.8947368421052632,0.8910396357592955,0.8866666666666667,0.0,500000,0
-0.05555555555555558,-0.056155922783883205,0.8947368421052632,0.8936597872104645,0.89,0.0,500000,0
-0.05555555555555558,-0.055479657196184494,0.8947368421052632,0.8948730905083235,0.8933333333333333,0.0,500000,0
-0.05555555555555558,-0.05679822671296926,0.8947368421052632,0.8925088531050386,0.8966666666666666,0.0,500000,0
-0.05555555555555558,-0.05576517811269423,0.8947368421052632,0.8943606414214549,0.9,0.0,500000,0
-0.05555555555555558,-0.05910529936998161,0.8947368421052632,0.8883863589292945,0.9033333333333333,0.0,500000,0
-0.05555555555555558,-0.054860254163166595,0.8947368421052632,0.8959857403923368,0.9066666666666666,0.0,500000,0
-0.05555555555555558,-0.05672957034038338,0.8947368421052632,0.8926318105736168,0.91,0.0,500000,0
-0.05555555555555558,-0.05566752124348877,0.8947368421052632,0.8945358834608892,0.9133333333333333,0.0,500000,0
-0.05555555555555558,-0.05768087099287574,0.8947368421052632,0.8909295373022507,0.9166666666666666,0.0,500000,0
-0.05555555555555558,-0.05614898546216125,0.8947368421052632,0.8936722257275266,0.92,0.0,500000,0
-0.05555555555555558,-0.056116547272098215,0.8947368421052632,0.8937303890994895,0.9233333333333333,0.0,500000,0
-0.05555555555555558,-0.054904864033534985,0.8947368421052632,0.8959055628512306,0.9266666666666666,0.0,500000,0
-0.05555555555555558,-0.05487374135341431,0.8947368421052632,0.8959614990832728,0.93,0.0,500000,0
-0.05555555555555558,-0.057793982553231364,0.8947368421052632,0.8907273372576158,0.9333333333333333,0.0,500000,0
-0.05555555555555558,-0.05651308539106177,0.8947368421052632,0.8930196205376031,0.9366666666666666,0.0,500000,0
-0.05555555555555558,-0.05555308451984177,0.8947368421052632,0.8947412776589778,0.94,0.0,500000,0
-0.05555555555555558,-0.05700748220447816,0.8947368421052632,0.8921341936282527,0.9433333333333334,0.0,500000,0
-0.05555555555555558,-0.05425589611804787,0.8947368421052632,0.897072624743523,0.9466666666666667,0.0,500000,0
-0.05555555555555558,-0.05433214015102231,0.8947368421052632,0.8969354379290007,0.95,0.0,500000,0
-0.05555555555555558,-0.05379226610517077,0.8947368421052632,0.8979072672378065,0.9533333333333334,0.0,500000,0
-0.05555555555555558,-0.053079839350506586,0.8947368421052632,0.899191234383057,0.9566666666666667,0.0,500000,0
-0.05555555555555558,-0.05673614000814821,0.8947368421052632,0.8926200441905758,0.96,0.0,500000,0
-0.05555555555555558,-0.05649613695519471,0.8947368421052632,0.8930499885820393,0.9633333333333334,0.0,500000,0
-0.05555555555555558,-0.055811053486000614,0.8947368421052632,0.8942783307643395,0.9666666666666667,0.0,500000,0
-0.05555555555555558,-0.05546058692922097,0.8947368421052632,0.8949073274435019,0.97,0.0,500000,0
-0.05555555555555558,-0.05496992541025357,0.8947368421052632,0.8957886398725973,0.9733333333333334,0.0,500000,0
-0.05555555555555558,-0.05668555950504053,0.8947368421052632,0.8927106384768001,0.9766666666666667,0.0,500000,0
-0.05555555555555558,-0.05899913276804913,0.8947368421052632,0.8885756731191363,0.98,0.0,500000,0
-0.05555555555555558,-0.05423378524636874,0.8947368421052632,0.8971124128151621,0.9833333333333334,0.0,500000,0
-0.05555555555555558,-0.053215641607984455,0.8947368421052632,0.8989463515244834,0.9866666666666667,0.0,500000,0
-0.05555555555555558,-0.053996311961349686,0.8947368421052632,0.8975398464898429,0.99,0.0,500000,0
-0.05555555555555558,-0.05360963488407413,0.8947368421052632,0.8982362478301128,0.9933333333333334,0.000278,500000,139
-0.05555555555555558,-0.05696102077799323,0.8947368421052632,0.8922173672288006,0.9966666666666667,0.000134,500000,67
-0.05555555555555558,-0.05710967864113468,0.8947368421052632,0.8919512709134467,1.0,0.001888,500000,944
-0.05555555555555558,-0.055286537567233285,0.8947368421052632,0.895219856220878,1.0033333333333334,0.002494,500000,1247
-0.05555555555555558,-0.05564143223588456,0.8947368421052632,0.8945827048147701,1.0066666666666666,0.00703,500000,3515
-0.05555555555555558,-0.05399159201932974,0.8947368421052632,0.8975483439751395,1.01,0.008258,500000,4129
-0.05555555555555558,-0.055867205994400024,0.8947368421052632,0.8941775903688852,1.0133333333333334,0.01214,500000,6070
-0.05555555555555558,-0.05592471399624822,0.8947368421052632,0.8940744292562378,1.0166666666666666,0.019258,500000,9629
-0.05555555555555558,-0.055426047075509764,0.8947368421052632,0.8949693401463981,1.02,0.017162,500000,8581
-0.05555555555555558,-0.05265586937956428,0.8947368421052632,0.8999561567816087,1.0233333333333334,0.022604,500000,11302
-0.05555555555555558,-0.05519452213262257,0.8947368421052632,0.8953851238327687,1.0266666666666666,0.02407,500000,12035
-0.05555555555555558,-0.057193782934333755,0.8947368421052632,0.891800758086966,1.03,0.029942,500000,14971
-0.05555555555555558,-0.05435578359671491,0.8947368421052632,0.8968929000203489,1.0333333333333334,0.033518,500000,16759
-0.05555555555555558,-0.0531170230398868,0.8947368421052632,0.8991241773178041,1.0366666666666666,0.032538,500000,16269
-0.05555555555555558,-0.055482131557806263,0.8947368421052632,0.8948686483665638,1.04,0.039798,500000,19899
-0.05555555555555558,-0.0561702491077551,0.8947368421052632,0.8936341008370434,1.0433333333333334,0.03954,500000,19770
-0.05555555555555558,-0.05730403473813801,0.8947368421052632,0.8916034880121677,1.0466666666666666,0.045732,500000,22866
-0.05555555555555558,-0.05767944545684227,0.8947368421052632,0.8909320858893521,1.05,0.046942,500000,23471
-0.02777777777777779,-0.028128988829688225,0.945945945945946,0.9452812066670598,0.85,0.0,500000,0
-0.02777777777777779,-0.029031878751856983,0.945945945945946,0.9435743841345895,0.8533333333333333,0.0,500000,0
-0.02777777777777779,-0.02838094316669646,0.945945945945946,0.9448046108686088,0.8566666666666667,0.0,500000,0
-0.02777777777777779,-0.030381519661168355,0.945945945945946,0.9410286013841571,0.86,0.0,500000,0
-0.02777777777777779,-0.02698027546534143,0.945945945945946,0.9474570717473298,0.8633333333333333,0.0,500000,0
-0.02777777777777779,-0.028365251455104774,0.945945945945946,0.9448342864269892,0.8666666666666667,0.0,500000,0
-0.02777777777777779,-0.029884559739033967,0.945945945945946,0.941965224244926,0.87,0.0,500000,0
-0.02777777777777779,-0.02866709660786051,0.945945945945946,0.9442636073373138,0.8733333333333333,0.0,500000,0
-0.02777777777777779,-0.027540640717880673,0.945945945945946,0.9463950336822888,0.8766666666666667,0.0,500000,0
-0.02777777777777779,-0.02850410262172941,0.945945945945946,0.9445717279122748,0.88,0.0,500000,0
-0.02777777777777779,-0.02612658237249431,0.945945945945946,0.9490772721001197,0.8833333333333333,0.0,500000,0
-0.02777777777777779,-0.02901683307598612,0.945945945945946,0.9436028019303676,0.8866666666666667,0.0,500000,0
-0.02777777777777779,-0.027295818442470705,0.945945945945946,0.9468588931202794,0.89,0.0,500000,0
-0.02777777777777779,-0.02768307321837961,0.945945945945946,0.9461252716137769,0.8933333333333333,0.0,500000,0
-0.02777777777777779,-0.027552350990068225,0.945945945945946,0.9463728520235082,0.8966666666666666,0.0,500000,0
-0.02777777777777779,-0.029874274509120235,0.945945945945946,0.9419846184169237,0.9,0.0,500000,0
-0.02777777777777779,-0.025212015681899746,0.945945945945946,0.9508159965036491,0.9033333333333333,0.0,500000,0
-0.02777777777777779,-0.027043848736121638,0.945945945945946,0.947336525564314,0.9066666666666666,0.0,500000,0
-0.02777777777777779,-0.030025711926612936,0.945945945945946,0.9416991021118273,0.91,0.0,500000,0
-0.02777777777777779,-0.027213574566177973,0.945945945945946,0.9470147684182015,0.9133333333333333,0.0,500000,0
-0.02777777777777779,-0.027031618381720617,0.945945945945946,0.9473597153234407,0.9166666666666666,0.0,500000,0
-0.02777777777777779,-0.02518364204924963,0.945945945945946,0.9508699885243783,0.92,0.0,500000,0
-0.02777777777777779,-0.02770746055150164,0.945945945945946,0.9460790903733775,0.9233333333333333,0.0,500000,0
-0.02777777777777779,-0.027592184178580635,0.945945945945946,0.946297403574285,0.9266666666666666,0.0,500000,0
-0.02777777777777779,-0.029792143093799895,0.945945945945946,0.9421395020468976,0.93,0.0,500000,0
-0.02777777777777779,-0.02826402768146239,0.945945945945946,0.9450257386807699,0.9333333333333333,0.0,500000,0
-0.02777777777777779,-0.02785555203604579,0.945945945945946,0.9457987029775388,0.9366666666666666,0.0,500000,0
-0.02777777777777779,-0.02880683593352659,0.945945945945946,0.9439995246388743,0.94,0.0,500000,0
-0.02777777777777779,-0.02762268988414703,0.945945945945946,0.9462396263607975,0.9433333333333334,0.0,500000,0
-0.02777777777777779,-0.028903805236173852,0.945945945945946,0.9438163119057776,0.9466666666666667,0.0,500000,0
-0.02777777777777779,-0.02851542994560298,0.945945945945946,0.9445503118079402,0.95,0.0,500000,0
-0.02777777777777779,-0.028178874134938706,0.945945945945946,0.9451868252814529,0.9533333333333334,0.0,500000,0
-0.02777777777777779,-0.02787631618208972,0.945945945945946,0.9457593958665521,0.9566666666666667,0.0,500000,0
-0.02777777777777779,-0.030869864057758253,0.945945945945946,0.9401090959507792,0.96,0.0,500000,0
-0.02777777777777779,-0.027451883542931634,0.945945945945946,0.9465631744266795,0.9633333333333334,0.0,500000,0
-0.02777777777777779,-0.02711695999945544,0.945945945945946,0.9471979121063879,0.9666666666666667,0.0,500000,0
-0.02777777777777779,-0.030118231292336796,0.945945945945946,0.9415247097324898,0.97,0.0,500000,0
-0.02777777777777779,-0.028062663176095636,0.945945945945946,0.9454067068452834,0.9733333333333334,0.0,500000,0
-0.02777777777777779,-0.02830934794720025,0.945945945945946,0.9449400163409701,0.9766666666666667,0.0,500000,0
-0.02777777777777779,-0.026645434787910944,0.945945945945946,0.9480922353813116,0.98,0.0,500000,0
-0.02777777777777779,-0.024581395912284143,0.945945945945946,0.9520167045578708,0.9833333333333334,0.0,500000,0
-0.02777777777777779,-0.026458634818170953,0.945945945945946,0.9484467587476472,0.9866666666666667,0.0,500000,0
-0.02777777777777779,-0.027257778027432743,0.945945945945946,0.9469309873130893,0.99,0.000376,500000,188
-0.02777777777777779,-0.028152495393076175,0.945945945945946,0.9452367318676533,0.9933333333333334,9.6e-05,500000,48
-0.02777777777777779,-0.02471407961847741,0.945945945945946,0.9517639503349481,0.9966666666666667,0.001038,500000,519
-0.02777777777777779,-0.026209385422759898,0.945945945945946,0.9489200044453645,1.0,0.000772,500000,386
-0.02777777777777779,-0.028307939130064085,0.945945945945946,0.9449426809754824,1.0033333333333334,0.00359,500000,1795
-0.02777777777777779,-0.028823524979280448,0.945945945945946,0.9439679900790353,1.0066666666666666,0.006044,500000,3022
-0.02777777777777779,-0.031654652603755794,0.945945945945946,0.9386332383150432,1.01,0.009246,500000,4623
-0.02777777777777779,-0.028908604259737493,0.945945945945946,0.9438072455803085,1.0133333333333334,0.014182,500000,7091
-0.02777777777777779,-0.027738743709115974,0.945945945945946,0.9460198540165827,1.0166666666666666,0.01395,500000,6975
-0.02777777777777779,-0.025310829343990607,0.945945945945946,0.9506279878850302,1.02,0.01984,500000,9920
-0.02777777777777779,-0.028897022950281844,0.945945945945946,0.9438291251588582,1.0233333333333334,0.023748,500000,11874
-0.02777777777777779,-0.0276279218236349,0.945945945945946,0.9462297175136966,1.0266666666666666,0.025024,500000,12512
-0.02777777777777779,-0.027422674573083953,0.945945945945946,0.946618513973368,1.03,0.03003,500000,15015
-0.02777777777777779,-0.027073437495973057,0.945945945945946,0.9472804251232927,1.0333333333333334,0.032942,500000,16471
-0.02777777777777779,-0.026219140370525997,0.945945945945946,0.948901478565174,1.0366666666666666,0.035112,500000,17556
-0.02777777777777779,-0.028156453335406343,0.945945945945946,0.9452292435765686,1.04,0.036954,500000,18477
-0.02777777777777779,-0.02790676856375375,0.945945945945946,0.9457017515260716,1.0433333333333334,0.044148,500000,22074
-0.02777777777777779,-0.02748096226933675,0.945945945945946,0.9465080847655977,1.0466666666666666,0.04555,500000,22775
-0.02777777777777779,-0.029591859146050673,0.945945945945946,0.9425173016216458,1.05,0.04713,500000,23565
0.0,-0.0001999785547691902,1.0,0.9996001228573147,0.85,0.0,500000,0
0.0,-0.0013578827380100276,1.0,0.9972879172143786,0.8533333333333333,0.0,500000,0
0.0,-0.00021238720691571516,1.0,0.9995753157836631,0.8566666666666667,0.0,500000,0
0.0,0.002189652992334373,1.0,1.0043889161881332,0.86,0.0,500000,0
0.0,0.0012703463610410496,1.0,1.00254392438717,0.8633333333333333,0.0,500000,0
0.0,-0.001747012874805951,1.0,0.9965120677129999,0.8666666666666667,0.0,500000,0
0.0,2.690224295345494e-05,1.0,1.0000538059334072,0.87,0.0,500000,0
0.0,0.00040474738258236976,1.0,1.0008098225387176,0.8733333333333333,0.0,500000,0
0.0,0.0017444329715293977,1.0,1.0034949626711767,0.8766666666666667,0.0,500000,0
0.0,0.0019585824757874523,1.0,1.0039248520981143,0.88,0.0,500000,0
0.0,0.002058597873509843,1.0,1.0041256888813777,0.8833333333333333,0.0,500000,0
0.0,-0.0008130853593511265,1.0,0.9983751504227002,0.8866666666666667,0.0,500000,0
0.0,-6.08657731536583e-05,1.0,0.9998782758625264,0.89,0.0,500000,0
0.0,-0.0009643046429133554,1.0,0.9980732486894078,0.8933333333333333,0.0,500000,0
0.0,0.0017817625882461789,1.0,1.003569885865572,0.8966666666666666,0.0,500000,0
0.0,-0.0008902297471132407,1.0,0.9982211241140037,0.9,0.0,500000,0
0.0,-0.002556635939346848,1.0,0.9948997675588643,0.9033333333333333,0.0,500000,0
0.0,-0.00243487482462766,1.0,0.9951420787808213,0.9066666666666666,0.0,500000,0
0.0,-0.0004387048651590954,1.0,0.9991229750248053,0.91,0.0,500000,0
0.0,-0.0012189635354767408,1.0,0.9975650410552106,0.9133333333333333,0.0,500000,0
0.0,0.0006752147957902158,1.0,1.0013513420377185,0.9166666666666666,0.0,500000,0
0.0,0.001267570707738004,1.0,1.0025383589649457,0.92,0.0,500000,0
0.0,-0.0013715272509642234,1.0,0.997260702519215,0.9233333333333333,0.0,500000,0
0.0,0.0006715452237045047,1.0,1.0013439929994885,0.9266666666666666,0.0,500000,0
0.0,-0.00015583716720661325,1.0,0.9996883742284642,0.93,0.0,500000,0
0.0,0.00015375782063915933,1.0,1.0003075629314844,0.9333333333333333,0.0,500000,0
0.0,0.002697895105484059,1.0,1.005410386867216,0.9366666666666666,0.0,500000,0
0.0,0.0016618103262761269,1.0,1.0033291530735076,0.94,0.0,500000,0
0.0,0.0010644511479423174,1.0,1.0021311708231138,0.9433333333333334,0.0,500000,0
0.0,0.0013215442102734575,1.0,1.0026465860009535,0.9466666666666667,0.0,500000,0
0.0,-0.00028917929746004746,1.0,0.999421808606061,0.95,0.0,500000,0
0.0,0.0007131777623551064,1.0,1.001427373495746,0.9533333333333334,0.0,500000,0
0.0,-0.0013382693989963854,1.0,0.9973270383447951,0.9566666666666667,0.0,500000,0
0.0,0.0011515246790146153,1.0,1.002305704433587,0.96,0.0,500000,0
0.0,0.00015622104823230436,1.0,1.0003124909141228,0.9633333333333334,0.0,500000,0
0.0,-0.0006505075484029696,1.0,0.9986998306731554,0.9666666666666667,0.0,500000,0
0.0,0.0006818143421153189,1.0,1.0013645590601685,0.97,0.0,500000,0
0.0,0.002634115477211258,1.0,1.0052821447336182,0.9733333333333334,0.0,500000,0
0.0,0.0008123729487204665,1.0,1.001626066870179,0.9766666666666667,0.0,500000,0
0.0,-0.0014188433529198807,1.0,0.9971663338225805,0.98,0.0,500000,0
0.0,0.001219852320870852,1.0,1.0024426843559224,0.9833333333333334,0.0,500000,0
0.0,-0.0009955494786866546,1.0,0.9980108813087029,0.9866666666666667,0.0,500000,0
0.0,0.00038111026721521517,1.0,1.000762511135253,0.99,0.000478,500000,239
0.0,0.0007246319272157086,1.0,1.0014503147988392,0.9933333333333334,0.000638,500000,319
0.0,-0.0005109464022693206,1.0,0.9989786290612679,0.9966666666666667,0.000728,500000,364
0.0,-0.0019641001539534996,1.0,0.996079499946851,1.0,0.002884,500000,1442
0.0,0.00033036928090764915,1.0,1.0006609569216782,1.0033333333333334,0.004208,500000,2104
0.0,0.0009315502798691061,1.0,1.001864837749866,1.0066666666666666,0.007272,500000,3636
0.0,-0.00037966562644486,1.0,0.9992409569296731,1.01,0.01037,500000,5185
0.0,-0.001833904995895247,1.0,0.9963389041102522,1.0133333333333334,0.011304,500000,5652
0.0,0.0003414029990643394,1.0,1.0006830391897565,1.0166666666666666,0.015348,500000,7674
0.0,0.0012893928802262848,1.0,1.002582115121306,1.02,0.019562,500000,9781
0.0,0.0013053800132066043,1.0,1.0026141725149653,1.0233333333333334,0.022342,500000,11171
0.0,0.0020432708587152827,1.0,1.0040949087250977,1.0266666666666666,0.024888,500000,12444
0.0,0.0006531570124026103,1.0,1.0013071678106271,1.03,0.034058,500000,17029
0.0,0.004265396597471764,1.0,1.00856733628197,1.0333333333333334,0.033876,500000,16938
0.0,-0.0010884976602162201,1.0,0.9978253717573216,1.0366666666666666,0.034468,500000,17234
0.0,0.0009745586699642534,1.0,1.0019510187221394,1.04,0.040498,500000,20249
0.0,-0.0011385206447563643,1.0,0.9977255482207934,1.0433333333333334,0.040968,500000,20484
0.0,-0.0022287856108983662,1.0,0.9955523416551245,1.0466666666666666,0.040692,500000,20346
0.0,-0.0020516945431127346,1.0,0.9959050125771242,1.05,0.049212,500000,24606
0.02777777777777768,0.02848007540341658,1.057142857142857,1.0586299357992945,0.85,0.0,500000,0
0.02777777777777768,0.027672262242165277,1.057142857142857,1.056919619111097,0.8533333333333333,0.0,500000,0
0.02777777777777768,0.026536514586513096,1.057142857142857,1.0545197944948936,0.8566666666666667,0.0,500000,0
0.02777777777777768,0.027612537983570915,1.057142857142857,1.056793282641286,0.86,0.0,500000,0
0.02777777777777768,0.02726875570027656,1.057142857142857,1.0560663715904541,0.8633333333333333,0.0,500000,0
0.02777777777777768,0.026028968669735954,1.057142857142857,1.0534491639534396,0.8666666666666667,0.0,500000,0
0.02777777777777768,0.029440255182166628,1.057142857142857,1.060666549049368,0.87,0.0,500000,0
0.02777777777777768,0.026904425624227967,1.057142857142857,1.0552965738056856,0.8733333333333333,0.0,500000,0
0.02777777777777768,0.028491387029945685,1.057142857142857,1.0586539051729928,0.8766666666666667,0.0,500000,0
0.02777777777777768,0.026353277754433177,1.057142857142857,1.0541331412150259,0.88,0.0,500000,0
0.02777777777777768,0.027933971590460713,1.057142857142857,1.0574734036044142,0.8833333333333333,0.0,500000,0
0.02777777777777768,0.028648691072376026,1.057142857142857,1.0589872908165519,0.8866666666666667,0.0,500000,0
0.02777777777777768,0.026079982872745957,1.057142857142857,1.0535567241952237,0.89,0.0,500000,0
0.02777777777777768,0.028868825948925175,1.057142857142857,1.0594540196428848,0.8933333333333333,0.0,500000,0
0.02777777777777768,0.02603519225888912,1.057142857142857,1.0534622853966804,0.8966666666666666,0.0,500000,0
0.02777777777777768,0.02824734969964181,1.057142857142857,1.0581369131144862,0.9,0.0,500000,0
0.02777777777777768,0.031103222701504528,1.057142857142857,1.0642033773468158,0.9033333333333333,0.0,500000,0
0.02777777777777768,0.027483099745255195,1.057142857142857,1.056519531409801,0.9066666666666666,0.0,500000,0
0.02777777777777768,0.027803411018683305,1.057142857142857,1.0571970964181558,0.91,0.0,500000,0
0.02777777777777768,0.029851678599866455,1.057142857142857,1.0615404427166024,0.9133333333333333,0.0,500000,0
0.02777777777777768,0.0279068171843578,1.057142857142857,1.0574159302373183,0.9166666666666666,0.0,500000,0
0.02777777777777768,0.025996481252846686,1.057142857142857,1.0533806721484653,0.92,0.0,500000,0
0.02777777777777768,0.02995590984925251,1.057142857142857,1.0617619552624609,0.9233333333333333,0.0,500000,0
0.02777777777777768,0.026744479154373446,1.057142857142857,1.0549588028663555,0.9266666666666666,0.0,500000,0
0.02777777777777768,0.028265184086729643,1.057142857142857,1.058174686393561,0.93,0.0,500000,0
0.02777777777777768,0.02543773264844074,1.057142857142857,1.0522034014667314,0.9333333333333333,0.0,500000,0
0.02777777777777768,0.028237076307044022,1.057142857142857,1.0581151546711325,0.9366666666666666,0.0,500000,0
0.02777777777777768,0.028018265855526556,1.057142857142857,1.0576518361843248,0.94,0.0,500000,0
0.02777777777777768,0.025958314921157393,1.057142857142857,1.0533002135715706,0.9433333333333334,0.0,500000,0
0.02777777777777768,0.027826781529008346,1.057142857142857,1.0572465503066903,0.9466666666666667,0.0,500000,0
0.02777777777777768,0.02616667453152317,1.057142857142857,1.0537395339575903,0.95,0.0,500000,0
0.02777777777777768,0.02642192153981271,1.057142857142857,1.0542779713807888,0.9533333333333334,0.0,500000,0
0.02777777777777768,0.02705081600043842,1.057142857142857,1.055605814661849,0.9566666666666667,0.0,500000,0
0.02777777777777768,0.0277562568265073,1.057142857142857,1.057097321574749,0.96,0.0,500000,0
0.02777777777777768,0.02756054495810245,1.057142857142857,1.0566833129100361,0.9633333333333334,0.0,500000,0
0.02777777777777768,0.028450855153156818,1.057142857142857,1.0585680205763381,0.9666666666666667,0.0,500000,0
0.02777777777777768,0.0278747871401894,1.057142857142857,1.0573481415180808,0.97,0.0,500000,0
0.02777777777777768,0.025994983486600846,1.057142857142857,1.0533775145833517,0.9733333333333334,0.0,500000,0
0.02777777777777768,0.028532964602276042,1.057142857142857,1.0587420129816232,0.9766666666666667,0.0,500000,0
0.02777777777777768,0.026314644026578907,1.057142857142857,1.0540516376571596,0.98,0.0,500000,0
0.02777777777777768,0.027448544240813562,1.057142857142857,1.0564464616823526,0.9833333333333334,0.0,500000,0
0.02777777777777768,0.026805050185486748,1.057142857142857,1.0550867021876669,0.9866666666666667,4.2e-05,500000,21
0.02777777777777768,0.028632988013632253,1.057142857142857,1.0589540053559778,0.99,3e-05,500000,15
0.02777777777777768,0.026181525300879034,1.057142857142857,1.0537708535648151,0.9933333333333334,0.000174,500000,87
0.02777777777777768,0.02723199415732006,1.057142857142857,1.0559886714895188,0.9966666666666667,0.000222,500000,111
0.02777777777777768,0.027099321458579278,1.057142857142857,1.0557083000480723,1.0,0.001898,500000,949
0.02777777777777768,0.02899196968393834,1.057142857142857,1.0597152006549349,1.0033333333333334,0.002998,500000,1499
0.02777777777777768,0.029263278429233718,1.057142857142857,1.060290865234566,1.0066666666666666,0.006578,500000,3289
0.02777777777777768,0.02652203690640238,1.057142857142857,1.0544892394320227,1.01,0.008426,500000,4213
0.02777777777777768,0.026775387840680755,1.057142857142857,1.0550240663997872,1.0133333333333334,0.013666,500000,6833
0.02777777777777768,0.028447200090238524,1.057142857142857,1.0585602760712145,1.0166666666666666,0.016822,500000,8411
0.02777777777777768,0.02934342685103451,1.057142857142857,1.0604609862288157,1.02,0.01959,500000,9795
0.02777777777777768,0.028988939462748175,1.057142857142857,1.05970877292934,1.0233333333333334,0.021194,500000,10597
0.02777777777777768,0.028804129864273637,1.057142857142857,1.0593168293852984,1.0266666666666666,0.02546,500000,12730
0.02777777777777768,0.0283698118288561,1.057142857142857,1.058396316158631,1.03,0.02744,500000,13720
0.02777777777777768,0.030045348664835037,1.057142857142857,1.0619520688384285,1.0333333333333334,0.033308,500000,16654
0.02777777777777768,0.026576850240786775,1.057142857142857,1.0546049274611167,1.0366666666666666,0.036748,500000,18374
0.02777777777777768,0.027179341105057233,1.057142857142857,1.0558773929326934,1.04,0.037646,500000,18823
0.02777777777777768,0.029366675028608725,1.057142857142857,1.0605103374736784,1.0433333333333334,0.040992,500000,20496
0.02777777777777768,0.02875447873218497,1.057142857142857,1.0592115548592704,1.0466666666666666,0.044104,500000,22052
0.02777777777777768,0.026500483790950043,1.057142857142857,1.054443753386025,1.05,0.048314,500000,24157
0.05555555555555558,0.057406951299578686,1.1176470588235294,1.1218064389053732,0.85,0.0,500000,0
0.05555555555555558,0.05655883650822578,1.1176470588235294,1.1198990222111904,0.8533333333333333,0.0,500000,0
0.05555555555555558,0.053603724542776655,1.1176470588235294,1.1132796608204731,0.8566666666666667,0.0,500000,0
0.05555555555555558,0.05352226545634003,1.1176470588235294,1.1130977803342528,0.86,0.0,500000,0
0.05555555555555558,0.05699471002746375,1.1176470588235294,1.1208788765736906,0.8633333333333333,0.0,500000,0
0.05555555555555558,0.05350422079125279,1.1176470588235294,1.1130574947433602,0.8666666666666667,0.0,500000,0
0.05555555555555558,0.05373783611081217,1.1176470588235294,1.1135791711040137,0.87,0.0,500000,0
0.05555555555555558,0.05481491114713081,1.1176470588235294,1.1159876764743661,0.8733333333333333,0.0,500000,0
0.05555555555555558,0.05462021615127272,1.1176470588235294,1.1155519021760945,0.8766666666666667,0.0,500000,0
0.05555555555555558,0.05586099194593221,1.1176470588235294,1.118332134292524,0.88,0.0,500000,0
0.05555555555555558,0.05774528238135093,1.1176470588235294,1.1225683062161578,0.8833333333333333,0.0,500000,0
0.05555555555555558,0.05472822016986416,1.1176470588235294,1.1157936190154725,0.8866666666666667,0.0,500000,0
0.05555555555555558,0.055462758227874186,1.1176470588235294,1.1174390077490557,0.89,0.0,500000,0
0.05555555555555558,0.054139628356285524,1.1176470588235294,1.1144769988876937,0.8933333333333333,0.0,500000,0
0.05555555555555558,0.05436468362280939,1.1176470588235294,1.1149802311341017,0.8966666666666666,0.0,500000,0
0.05555555555555558,0.05518479750544272,1.1176470588235294,1.1168160659560527,0.9,0.0,500000,0
0.05555555555555558,0.05528259912176177,1.1176470588235294,1.1170352087732678,0.9033333333333333,0.0,500000,0
0.05555555555555558,0.056428186555118255,1.1176470588235294,1.1196054942529596,0.9066666666666666,0.0,500000,0
0.05555555555555558,0.053941586090201055,1.1176470588235294,1.1140343667940658,0.91,0.0,500000,0
0.05555555555555558,0.05472593742724074,1.1176470588235294,1.1157885095848135,0.9133333333333333,0.0,500000,0
0.05555555555555558,0.054509947818694456,1.1176470588235294,1.1153051746931373,0.9166666666666666,0.0,500000,0
0.05555555555555558,0.05272851559952283,1.1176470588235294,1.1113271463732373,0.92,0.0,500000,0
0.05555555555555558,0.056692666385271984,1.1176470588235294,1.120199778725407,0.9233333333333333,0.0,500000,0
0.05555555555555558,0.0556739426015138,1.1176470588235294,1.1179125412569666,0.9266666666666666,0.0,500000,0
0.05555555555555558,0.057538055370535086,1.1176470588235294,1.1221015993237935,0.93,0.0,500000,0
0.05555555555555558,0.05611607388771697,1.1176470588235294,1.118904607516415,0.9333333333333333,0.0,500000,0
0.05555555555555558,0.05466140240670324,1.1176470588235294,1.1156440719671528,0.9366666666666666,0.0,500000,0
0.05555555555555558,0.053710549149662494,1.1176470588235294,1.1135182244743362,0.94,0.0,500000,0
0.05555555555555558,0.05554329564543071,1.1176470588235294,1.1176195698317126,0.9433333333333334,0.0,500000,0
0.05555555555555558,0.05392559805350034,1.1176470588235294,1.113998641000224,0.9466666666666667,0.0,500000,0
0.05555555555555558,0.054068049721402965,1.1176470588235294,1.1143169964932018,0.95,0.0,500000,0
0.05555555555555558,0.05788233567480318,1.1176470588235294,1.1228770839707418,0.9533333333333334,0.0,500000,0
0.05555555555555558,0.0527673746736798,1.1176470588235294,1.1114137610188448,0.9566666666666667,0.0,500000,0
0.05555555555555558,0.05289507695474982,1.1176470588235294,1.1116984521306783,0.96,0.0,500000,0
0.05555555555555558,0.05697990325877513,1.1176470588235294,1.1208455757320113,0.9633333333333334,0.0,500000,0
0.05555555555555558,0.05752168593392211,1.1176470588235294,1.1220647415976284,0.9666666666666667,0.0,500000,0
0.05555555555555558,0.05340898164229809,1.1176470588235294,1.112844894165509,0.97,0.0,500000,0
0.05555555555555558,0.05480099705565388,1.1176470588235294,1.1159565274295589,0.9733333333333334,0.0,500000,0
0.05555555555555558,0.05639174988464319,1.1176470588235294,1.1195236473986938,0.9766666666666667,0.0,500000,0
0.05555555555555558,0.056655673303253495,1.1176470588235294,1.1201166354636198,0.98,0.0,500000,0
0.05555555555555558,0.057073187348342734,1.1176470588235294,1.1210553917495336,0.9833333333333334,0.0,500000,0
0.05555555555555558,0.05504418493583993,1.1176470588235294,1.116501076681776,0.9866666666666667,0.000126,500000,63
0.05555555555555558,0.056768936160371826,1.1176470588235294,1.1203712183296455,0.99,0.000424,500000,212
0.05555555555555558,0.05548543866418165,1.1176470588235294,1.1174898533818454,0.9933333333333334,0.000292,500000,146
0.05555555555555558,0.05433829723748104,1.1176470588235294,1.1149212177647567,0.9966666666666667,0.00042,500000,210
0.05555555555555558,0.05276777469076066,1.1176470588235294,1.1114146526709092,1.0,0.002144,500000,1072
0.05555555555555558,0.058203652455633186,1.1176470588235294,1.123601355234373,1.0033333333333334,0.003154,500000,1577
0.05555555555555558,0.056615916241763826,1.1176470588235294,1.1200272873297128,1.0066666666666666,0.006968,500000,3484
0.05555555555555558,0.05773947717790503,1.1176470588235294,1.12255522921617,1.01,0.007784,500000,3892
0.05555555555555558,0.05495873627471455,1.1176470588235294,1.1163097070662737,1.0133333333333334,0.01256,500000,6280
0.05555555555555558,0.05848386187191421,1.1176470588235294,1.124233371056584,1.0166666666666666,0.016344,500000,8172
0.05555555555555558,0.057284252617912965,1.1176470588235294,1.121530276283155,1.02,0.019828,500000,9914
0.05555555555555558,0.05858501510502126,1.1176470588235294,1.124461615854897,1.0233333333333334,0.021912,500000,10956
0.05555555555555558,0.05372015594421887,1.1176470588235294,1.1135396812722393,1.0266666666666666,0.027236,500000,13618
0.05555555555555558,0.05661896166303154,1.1176470588235294,1.120034131198655,1.03,0.02484,500000,12420
0.05555555555555558,0.058434094203787014,1.1176470588235294,1.1241210919895694,1.0333333333333334,0.033622,500000,16811
0.05555555555555558,0.05516440843923278,1.1176470588235294,1.1167703861538643,1.0366666666666666,0.034404,500000,17202
0.05555555555555558,0.05527911085785052,1.1176470588235294,1.117027391885124,1.04,0.039224,500000,19612
0.05555555555555558,0.05768766562878368,1.1176470588235294,1.122438523883437,1.0433333333333334,0.041708,500000,20854
0.05555555555555558,0.05367135682161136,1.1176470588235294,1.113430692832773,1.0466666666666666,0.04308,500000,21540
0.05555555555555558,0.055206043396515615,1.1176470588235294,1.1168636674920747,1.05,0.048848,500000,24424
0.08333333333333326,0.08306332984647181,1.1818181818181817,1.1811757181279794,0.85,0.0,500000,0
0.08333333333333326,0.08307615134503041,1.1818181818181817,1.1812062178705338,0.8533333333333333,0.0,500000,0
0.08333333333333326,0.08187352712636844,1.1818181818181817,1.1783491262812924,0.8566666666666667,0.0,500000,0
0.08333333333333326,0.08309474924813266,1.1818181818181817,1.1812504600229838,0.86,0.0,500000,0
0.08333333333333326,0.08380962001274322,1.1818181818181817,1.182952412169857,0.8633333333333333,0.0,500000,0
0.08333333333333326,0.08293598402334622,1.1818181818181817,1.1808728345643813,0.8666666666666667,0.0,500000,0
0.08333333333333326,0.08262395346669518,1.1818181818181817,1.180131046104648,0.87,0.0,500000,0
0.08333333333333326,0.08462197398881026,1.1818181818181817,1.1848896774539261,0.8733333333333333,0.0,500000,0
0.08333333333333326,0.08146081166497524,1.1818181818181817,1.1773703565389166,0.8766666666666667,0.0,500000,0
0.08333333333333326,0.08380354409351677,1.1818181818181817,1.182937935533928,0.88,0.0,500000,0
0.08333333333333326,0.0862604435246242,1.1818181818181817,1.1888075062819037,0.8833333333333333,0.0,500000,0
0.08333333333333326,0.08427093839040965,1.1818181818181817,1.1840521217974351,0.8866666666666667,0.0,500000,0
0.08333333333333326,0.083747797308637,1.1818181818181817,1.182805120822934,0.89,0.0,500000,0
0.08333333333333326,0.0845860896706097,1.1818181818181817,1.184804029556801,0.8933333333333333,0.0,500000,0
0.08333333333333326,0.08389362727871709,1.1818181818181817,1.1831525896485406,0.8966666666666666,0.0,500000,0
0.08333333333333326,0.08059661041122801,1.1818181818181817,1.175323718237056,0.9,0.0,500000,0
0.08333333333333326,0.08262549077414791,1.1818181818181817,1.1801346994999313,0.9033333333333333,0.0,500000,0
0.08333333333333326,0.08457830832667328,1.1818181818181817,1.184785458103074,0.9066666666666666,0.0,500000,0
0.08333333333333326,0.08233798981518596,1.1818181818181817,1.179451669353956,0.91,0.0,500000,0
0.08333333333333326,0.08088370839933944,1.1818181818181817,1.1760032090356678,0.9133333333333333,0.0,500000,0
0.08333333333333326,0.08283370591837717,1.1818181818181817,1.1806296338033666,0.9166666666666666,0.0,500000,0
0.08333333333333326,0.08499570517499459,1.1818181818181817,1.1857820901075662,0.92,0.0,500000,0
0.08333333333333326,0.08343143109528434,1.1818181818181817,1.1820516956957918,0.9233333333333333,0.0,500000,0
0.08333333333333326,0.08291497651948272,1.1818181818181817,1.1808228776974334,0.9266666666666666,0.0,500000,0
0.08333333333333326,0.08050572298201288,1.1818181818181817,1.1751086983229544,0.93,0.0,500000,0
0.08333333333333326,0.08181642358588742,1.1818181818181817,1.1782136507067889,0.9333333333333333,0.0,500000,0
0.08333333333333326,0.08124532169310614,1.1818181818181817,1.176859663654344,0.9366666666666666,0.0,500000,0
0.08333333333333326,0.08387648763407643,1.1818181818181817,1.1831117453092372,0.94,0.0,500000,0
0.08333333333333326,0.08403197691928897,1.1818181818181817,1.1834823373782437,0.9433333333333334,0.0,500000,0
0.08333333333333326,0.08086383323623858,1.1818181818181817,1.175956155704234,0.9466666666666667,0.0,500000,0
0.08333333333333326,0.08205130637530308,1.1818181818181817,1.178771007454257,0.95,0.0,500000,0
0.08333333333333326,0.08513441992067057,1.1818181818181817,1.1861135051409157,0.9533333333333334,0.0,500000,0
0.08333333333333326,0.0815032838827796,1.1818181818181817,1.1774710403480158,0.9566666666666667,0.0,500000,0
0.08333333333333326,0.08452870807234053,1.1818181818181817,1.1846670863798534,0.96,0.0,500000,0
0.08333333333333326,0.08288220934620034,1.1818181818181817,1.1807449603329903,0.9633333333333334,0.0,500000,0
0.08333333333333326,0.08559664513836139,1.1818181818181817,1.1872185719426047,0.9666666666666667,0.0,500000,0
0.08333333333333326,0.08150540746708942,1.1818181818181817,1.1774760747198825,0.97,0.0,500000,0
0.08333333333333326,0.0842024853144122,1.1818181818181817,1.1838888705508677,0.9733333333333334,0.0,500000,0
0.08333333333333326,0.08515417973707379,1.1818181818181817,1.1861607231535485,0.9766666666666667,0.0,500000,0
0.08333333333333326,0.08339108793991294,1.1818181818181817,1.181955655989621,0.98,1.4e-05,500000,7
0.08333333333333326,0.08654883356652952,1.1818181818181817,1.1894985451810316,0.9833333333333334,1.4e-05,500000,7
0.08333333333333326,0.08363178261466526,1.1818181818181817,1.1825287717928303,0.9866666666666667,0.000374,500000,187
0.08333333333333326,0.08204882552403668,1.1818181818181817,1.178765119116224,0.99,0.0,500000,0
0.08333333333333326,0.08274721231604702,1.1818181818181817,1.1804240083586603,0.9933333333333334,0.000362,500000,181
0.08333333333333326,0.08476010184523258,1.1818181818181817,1.1852194206483329,0.9966666666666667,0.001792,500000,896
0.08333333333333326,0.08301334314961042,1.1818181818181817,1.1810568180669927,1.0,0.00231,500000,1155
0.08333333333333326,0.0859541973332429,1.1818181818181817,1.1880741579524108,1.0033333333333334,0.002778,500000,1389
0.08333333333333326,0.08514150506984748,1.1818181818181817,1.1861304355628197,1.0066666666666666,0.006882,500000,3441
0.08333333333333326,0.08276991972535724,1.1818181818181817,1.1804779880323457,1.01,0.009812,500000,4906
0.08333333333333326,0.07941853083445226,1.1818181818181817,1.1725399293697285,1.0133333333333334,0.013772,500000,6886
0.08333333333333326,0.08354512561411405,1.1818181818181817,1.182322398950843,1.0166666666666666,0.015164,500000,7582
0.08333333333333326,0.08250385364400448,1.1818181818181817,1.1798456679555194,1.02,0.020922,500000,10461
0.08333333333333326,0.08081783262703336,1.1818181818181817,1.1758472596525924,1.0233333333333334,0.022892,500000,11446
0.08333333333333326,0.08445641797717603,1.1818181818181817,1.1844945879923618,1.0266666666666666,0.027182,500000,13591
0.08333333333333326,0.0838134932456002,1.1818181818181817,1.1829616407307948,1.03,0.028996,500000,14498
0.08333333333333326,0.08116947075510074,1.1818181818181817,1.1766799603879212,1.0333333333333334,0.03254,500000,16270
0.08333333333333326,0.08210659873169954,1.1818181818181817,1.1789022529593276,1.0366666666666666,0.035134,500000,17567
0.08333333333333326,0.08193230001978236,1.1818181818181817,1.178488579919646,1.04,0.038382,500000,19191
0.08333333333333326,0.08230942684601429,1.1818181818181817,1.1793838342767917,1.0433333333333334,0.041638,500000,20819
0.08333333333333326,0.0835376800213122,1.1818181818181817,1.1823046691614225,1.0466666666666666,0.046384,500000,23192
0.08333333333333326,0.0824466723682627,1.1818181818181817,1.1797098215120918,1.05,0.047468,500000,23734
0.11111111111111116,0.11174354973451534,1.2500000000000002,1.2516020000780566,0.85,0.0,500000,0
0.11111111111111116,0.10807088649580088,1.2500000000000002,1.2423306625146777,0.8533333333333333,0.0,500000,0
0.11111111111111116,0.11125613278621262,1.2500000000000002,1.250367146014747,0.8566666666666667,0.0,500000,0
0.11111111111111116,0.1097259592177338,1.2500000000000002,1.246499289412774,0.86,0.0,500000,0
0.11111111111111116,0.11102351789662174,1.2500000000000002,1.2497783015225163,0.8633333333333333,0.0,500000,0
0.11111111111111116,0.11072377867589923,1.2500000000000002,1.2490199918109481,0.8666666666666667,0.0,500000,0
0.11111111111111116,0.11181622844023753,1.2500000000000002,1.2517862451908441,0.87,0.0,500000,0
0.11111111111111116,0.11398490341056411,1.2500000000000002,1.2572978809262496,0.8733333333333333,0.0,500000,0
0.11111111111111116,0.10984774238217028,1.2500000000000002,1.246806636599761,0.8766666666666667,0.0,500000,0
0.11111111111111116,0.11496752766065488,1.2500000000000002,1.2598040891240276,0.88,0.0,500000,0
0.11111111111111116,0.11114503878740001,1.2500000000000002,1.250085882708632,0.8833333333333333,0.0,500000,0
0.11111111111111116,0.1094161979126648,1.2500000000000002,1.2457179159473077,0.8866666666666667,0.0,500000,0
0.11111111111111116,0.11179522506761112,1.2500000000000002,1.2517329972159204,0.89,0.0,500000,0
0.11111111111111116,0.11041650747718078,1.2500000000000002,1.2482431573995252,0.8933333333333333,0.0,500000,0
0.11111111111111116,0.11107871565535757,1.2500000000000002,1.249918001991032,0.8966666666666666,0.0,500000,0
0.11111111111111116,0.11032919898698727,1.2500000000000002,1.2480225244244552,0.9,0.0,500000,0
0.11111111111111116,0.11188130518331939,1.2500000000000002,1.2519512444367882,0.9033333333333333,0.0,500000,0
0.11111111111111116,0.11065060027341742,1.2500000000000002,1.2488349355325035,0.9066666666666666,0.0,500000,0
0.11111111111111116,0.11265921844567572,1.2500000000000002,1.2539254833939548,0.91,0.0,500000,0
0.11111111111111116,0.11059308011080742,1.2500000000000002,1.2486894977713592,0.9133333333333333,0.0,500000,0
0.11111111111111116,0.11450376299606715,1.2500000000000002,1.2586205524339424,0.9166666666666666,0.0,500000,0
0.11111111111111116,0.11075082357620128,1.2500000000000002,1.2490883916735158,0.92,0.0,500000,0
0.11111111111111116,0.11201812689004603,1.2500000000000002,1.2522982287864235,0.9233333333333333,0.0,500000,0
0.11111111111111116,0.11234864333245782,1.2500000000000002,1.253136870661116,0.9266666666666666,0.0,500000,0
0.11111111111111116,0.11188929383067892,1.2500000000000002,1.2519715009703911,0.93,0.0,500000,0
0.11111111111111116,0.11041422030936929,1.2500000000000002,1.2482373770582704,0.9333333333333333,0.0,500000,0
0.11111111111111116,0.10948198228894157,1.2500000000000002,1.2458838116950142,0.9366666666666666,0.0,500000,0
0.11111111111111116,0.11009387770438571,1.2500000000000002,1.2474280712225825,0.94,0.0,500000,0
0.11111111111111116,0.10964269873354081,1.2500000000000002,1.2462892112584087,0.9433333333333334,0.0,500000,0
0.11111111111111116,0.11303690493754652,1.2500000000000002,1.254885249604635,0.9466666666666667,0.0,500000,0
0.11111111111111116,0.10928463504423751,1.2500000000000002,1.2453862127991138,0.95,0.0,500000,0
0.11111111111111116,0.1098437695101206,1.2500000000000002,1.2467966088372382,0.9533333333333334,0.0,500000,0
0.11111111111111116,0.11031882404208763,1.2500000000000002,1.2479963092920523,0.9566666666666667,0.0,500000,0
0.11111111111111116,0.10903675943941729,1.2500000000000002,1.2447615220821293,0.96,0.0,500000,0
0.11111111111111116,0.11023288976145953,1.2500000000000002,1.2477791963605103,0.9633333333333334,0.0,500000,0
0.11111111111111116,0.11111558152341235,1.2500000000000002,1.250011315788047,0.9666666666666667,0.0,500000,0
0.11111111111111116,0.11335579790513113,1.2500000000000002,1.2556962480266742,0.97,0.0,500000,0
0.11111111111111116,0.10840608457932203,1.2500000000000002,1.243173675154957,0.9733333333333334,0.0,500000,0
0.11111111111111116,0.11225999939369322,1.2500000000000002,1.2529118870773472,0.9766666666666667,0.0,500000,0
0.11111111111111116,0.1086239518001956,1.2500000000000002,1.2437219443344236,0.98,0.0,500000,0
0.11111111111111116,0.11053941042852354,1.2500000000000002,1.2485538127816975,0.9833333333333334,0.0,500000,0
0.11111111111111116,0.1112008480161467,1.2500000000000002,1.2502271694745426,0.9866666666666667,0.0,500000,0
0.11111111111111116,0.11164004899923005,1.2500000000000002,1.2513396712075178,0.99,0.000158,500000,79
0.11111111111111116,0.10813086147135301,1.2500000000000002,1.2424814511459403,0.9933333333333334,0.00039,500000,195
0.11111111111111116,0.1103329439205175,1.2500000000000002,1.2480319871721999,0.9966666666666667,0.001362,500000,681
0.11111111111111116,0.11219066792616872,1.2500000000000002,1.2527359510044862,1.0,0.001722,500000,861
0.11111111111111116,0.11254992511021916,1.2500000000000002,1.2536479026703504,1.0033333333333334,0.00378,500000,1890
0.11111111111111116,0.11308760107825058,1.2500000000000002,1.2550141394251229,1.0066666666666666,0.00737,500000,3685
0.11111111111111116,0.10895275203190236,1.2500000000000002,1.244549887293526,1.01,0.00881,500000,4405
0.11111111111111116,0.1121863449818771,1.2500000000000002,1.2527249819774107,1.0133333333333334,0.013374,500000,6687
0.11111111111111116,0.11041752627801231,1.2500000000000002,1.2482457322164375,1.0166666666666666,0.017002,500000,8501
0.11111111111111116,0.11104146203769737,1.2500000000000002,1.2498237145958009,1.02,0.022452,500000,11226
0.11111111111111116,0.11301861283365532,1.2500000000000002,1.2548387473940528,1.0233333333333334,0.0213,500000,10650
0.11111111111111116,0.11191020390650752,1.2500000000000002,1.252024523643387,1.0266666666666666,0.027872,500000,13936
0.11111111111111116,0.10997204240949479,1.2500000000000002,1.2471204223903538,1.03,0.03022,500000,15110
0.11111111111111116,0.10919519411875084,1.2500000000000002,1.2451607656308656,1.0333333333333334,0.0346,500000,17300
0.11111111111111116,0.11125559072310125,1.2500000000000002,1.2503657734705103,1.0366666666666666,0.033576,500000,16788
0.11111111111111116,0.11162276429677462,1.2500000000000002,1.2512958680405983,1.04,0.04145,500000,20725
0.11111111111111116,0.1096329917029242,1.2500000000000002,1.2462647215839888,1.0433333333333334,0.043986,500000,21993
0.11111111111111116,0.10970235031395666,1.2500000000000002,1.2464397167680772,1.0466666666666666,0.04386,500000,21930
0.11111111111111116,0.10932745224650403,1.2500000000000002,1.245494155000636,1.05,0.048806,500000,24403
0.13888888888888884,0.13933069399282855,1.3225806451612903,1.323772889355642,0.85,0.0,500000,0
0.13888888888888884,0.13805105273165622,1.3225806451612903,1.320323038085173,0.8533333333333333,0.0,500000,0
0.13888888888888884,0.13864022620592795,1.3225806451612903,1.321910148172471,0.8566666666666667,0.0,500000,0
0.13888888888888884,0.1384501218705744,1.3225806451612903,1.3213978096571115,0.86,0.0,500000,0
0.13888888888888884,0.13990889356939712,1.3225806451612903,1.3253350546781542,0.8633333333333333,0.0,500000,0
0.13888888888888884,0.14086076808743167,1.3225806451612903,1.327911385850359,0.8666666666666667,0.0,500000,0
0.13888888888888884,0.13753020376469577,1.3225806451612903,1.3189217857019864,0.87,0.0,500000,0
0.13888888888888884,0.13757266015788266,1.3225806451612903,1.3190359437887667,0.8733333333333333,0.0,500000,0
0.13888888888888884,0.1371880991661818,1.3225806451612903,1.318002334074446,0.8766666666666667,0.0,500000,0
0.13888888888888884,0.13646539814244124,1.3225806451612903,1.3160623739891582,0.88,0.0,500000,0
0.13888888888888884,0.13740656692816405,1.3225806451612903,1.3185894110944871,0.8833333333333333,0.0,500000,0
0.13888888888888884,0.13808842304680377,1.3225806451612903,1.3204236414480885,0.8866666666666667,0.0,500000,0
0.13888888888888884,0.13832733522502041,1.3225806451612903,1.3210670150738593,0.89,0.0,500000,0
0.13888888888888884,0.13867330636887504,1.3225806451612903,1.3219993235882779,0.8933333333333333,0.0,500000,0
0.13888888888888884,0.14022154506004178,1.3225806451612903,1.3261806439888844,0.8966666666666666,0.0,500000,0
0.13888888888888884,0.13995570877996139,1.3225806451612903,1.3254616307758371,0.9,0.0,500000,0
0.13888888888888884,0.13894667092102284,1.3225806451612903,1.3227365047636404,0.9033333333333333,0.0,500000,0
0.13888888888888884,0.14036822312401923,1.3225806451612903,1.3265775577402141,0.9066666666666666,0.0,500000,0
0.13888888888888884,0.13883012785672222,1.3225806451612903,1.3224221662822506,0.91,0.0,500000,0
0.13888888888888884,0.13961158986570868,1.3225806451612903,1.3245315446402115,0.9133333333333333,0.0,500000,0
0.13888888888888884,0.13872618435786016,1.3225806451612903,1.322141882960717,0.9166666666666666,0.0,500000,0
0.13888888888888884,0.13871947952884245,1.3225806451612903,1.322123805732787,0.92,0.0,500000,0
0.13888888888888884,0.14068126670918243,1.3225806451612903,1.3274251130786694,0.9233333333333333,0.0,500000,0
0.13888888888888884,0.136787106169511,1.3225806451612903,1.3169255397993909,0.9266666666666666,0.0,500000,0
0.13888888888888884,0.13721162427387487,1.3225806451612903,1.3180655375853834,0.93,0.0,500000,0
0.13888888888888884,0.13812153687632547,1.3225806451612903,1.3205127933600675,0.9333333333333333,0.0,500000,0
0.13888888888888884,0.13747163472636237,1.3225806451612903,1.3187643218730538,0.9366666666666666,0.0,500000,0
0.13888888888888884,0.13962048412557448,1.3225806451612903,1.3245555747190811,0.94,0.0,500000,0
0.13888888888888884,0.13659202261932757,1.3225806451612903,1.3164020398183205,0.9433333333333334,0.0,500000,0
0.13888888888888884,0.13544079763578457,1.3225806451612903,1.3133175779412432,0.9466666666666667,0.0,500000,0
0.13888888888888884,0.1385393490491772,1.3225806451612903,1.3216382521854404,0.95,0.0,500000,0
0.13888888888888884,0.1378300583068246,1.3225806451612903,1.319728284741977,0.9533333333333334,0.0,500000,0
0.13888888888888884,0.13741824666447644,1.3225806451612903,1.3186208058148525,0.9566666666666667,0.0,500000,0
0.13888888888888884,0.14101809040213956,1.3225806451612903,1.3283377422189446,0.96,0.0,500000,0
0.13888888888888884,0.13710396625390772,1.3225806451612903,1.3177763273721355,0.9633333333333334,0.0,500000,0
0.13888888888888884,0.1385647288434221,1.3225806451612903,1.3217066527990726,0.9666666666666667,0.0,500000,0
0.13888888888888884,0.13951181558663073,1.3225806451612903,1.3242620133866028,0.97,0.0,500000,0
0.13888888888888884,0.13758162524783743,1.3225806451612903,1.3190600508422028,0.9733333333333334,0.0,500000,0
0.13888888888888884,0.1387143664705633,1.3225806451612903,1.3221100203474423,0.9766666666666667,0.0,500000,0
0.13888888888888884,0.1383757598859555,1.3225806451612903,1.3211974627539265,0.98,0.0,500000,0
0.13888888888888884,0.1396993625727525,1.3225806451612903,1.3247687064152998,0.9833333333333334,0.0,500000,0
0.13888888888888884,0.13895891670348806,1.3225806451612903,1.322769538873758,0.9866666666666667,0.0,500000,0
0.13888888888888884,0.13863242180121982,1.3225806451612903,1.3218891105493344,0.99,5.4e-05,500000,27
0.13888888888888884,0.1388953697927184,1.3225806451612903,1.3225981255246162,0.9933333333333334,0.000224,500000,112
0.13888888888888884,0.13671937044817856,1.3225806451612903,1.3167437465130138,0.9966666666666667,0.001556,500000,778
0.13888888888888884,0.13838575235637326,1.3225806451612903,1.3212243825698926,1.0,0.002912,500000,1456
0.13888888888888884,0.1369917533273397,1.3225806451612903,1.3174749577550695,1.0033333333333334,0.003726,500000,1863
0.13888888888888884,0.13651906366636046,1.3225806451612903,1.3162063177584988,1.0066666666666666,0.00587,500000,2935
0.13888888888888884,0.14039436459625232,1.3225806451612903,1.326648311304545,1.01,0.009872,500000,4936
0.13888888888888884,0.13684370587524813,1.3225806451612903,1.3170774674452415,1.0133333333333334,0.01322,500000,6610
0.13888888888888884,0.13925718358811315,1.3225806451612903,1.3235744311375701,1.0166666666666666,0.014894,500000,7447
0.13888888888888884,0.14044298380605108,1.3225806451612903,1.326779913746552,1.02,0.017408,500000,8704
0.13888888888888884,0.139798459744785,1.3225806451612903,1.3250365250527403,1.0233333333333334,0.025598,500000,12799
0.13888888888888884,0.13857614668979287,1.3225806451612903,1.3217374261399522,1.0266666666666666,0.02414,500000,12070
0.13888888888888884,0.13960235857196007,1.3225806451612903,1.3245066045049958,1.03,0.030536,500000,15268
0.13888888888888884,0.1404782073755049,1.3225806451612903,1.3268752661792638,1.0333333333333334,0.0323,500000,16150
0.13888888888888884,0.14079124869117654,1.3225806451612903,1.327723032328781,1.0366666666666666,0.03722,500000,18610
0.13888888888888884,0.13722658885014993,1.3225806451612903,1.318105743818097,1.04,0.03925,500000,19625
0.13888888888888884,0.14041985209682695,1.3225806451612903,1.326717298996171,1.0433333333333334,0.04,500000,20000
0.13888888888888884,0.13967308320723856,1.3225806451612903,1.3246976945181026,1.0466666666666666,0.043994,500000,21997
0.13888888888888884,0.13774286839345193,1.3225806451612903,1.3194937179279942,1.05,0.049946,500000,24973
0.16666666666666652,0.1641677720553603,1.3999999999999995,1.3928246999019371,0.85,0.0,500000,0
0.16666666666666652,0.16613852193450737,1.3999999999999995,1.3984799065665883,0.8533333333333333,0.0,500000,0
0.16666666666666652,0.16716458194735284,1.3999999999999995,1.401434853330855,0.8566666666666667,0.0,500000,0
0.16666666666666652,0.16608976671042375,1.3999999999999995,1.39833967753397,0.86,0.0,500000,0
0.16666666666666652,0.16736892004044532,1.3999999999999995,1.4020241955142374,0.8633333333333333,0.0,500000,0
0.16666666666666652,0.16674998449365785,1.3999999999999995,1.4002399793352027,0.8666666666666667,0.0,500000,0
0.16666666666666652,0.16810435975953958,1.3999999999999995,1.4041477118715247,0.87,0.0,500000,0
0.16666666666666652,0.16603386743538748,1.3999999999999995,1.3981789210667348,0.8733333333333333,0.0,500000,0
0.16666666666666652,0.17047934951209393,1.3999999999999995,1.4110309958210725,0.8766666666666667,0.0,500000,0
0.16666666666666652,0.16460437937762643,1.3999999999999995,1.3940752747901537,0.88,0.0,500000,0
0.16666666666666652,0.16821391986561707,1.3999999999999995,1.4044643782411952,0.8833333333333333,0.0,500000,0
0.16666666666666652,0.16681677384184657,1.3999999999999995,1.4004323865497064,0.8866666666666667,0.0,500000,0
0.16666666666666652,0.16589323369821227,1.3999999999999995,1.397774578508072,0.89,0.0,500000,0
0.16666666666666652,0.16693501689202375,1.3999999999999995,1.4007730976021273,0.8933333333333333,0.0,500000,0
0.16666666666666652,0.16993352976002432,1.3999999999999995,1.4094455946664026,0.8966666666666666,0.0,500000,0
0.16666666666666652,0.16694380189052074,1.3999999999999995,1.4007984149673927,0.9,0.0,500000,0
0.16666666666666652,0.16594734040724682,1.3999999999999995,1.3979301270696138,0.9033333333333333,0.0,500000,0
0.16666666666666652,0.16571524688789047,1.3999999999999995,1.397263035839328,0.9066666666666666,0.0,500000,0
0.16666666666666652,0.16740034804407178,1.3999999999999995,1.402114864330817,0.91,0.0,500000,0
0.16666666666666652,0.16648007837996895,1.3999999999999995,1.3994627460286682,0.9133333333333333,0.0,500000,0
0.16666666666666652,0.16536274463992462,1.3999999999999995,1.396250571318158,0.9166666666666666,0.0,500000,0
0.16666666666666652,0.16668489116909987,1.3999999999999995,1.4000524877148826,0.92,0.0,500000,0
0.16666666666666652,0.16668532600967095,1.3999999999999995,1.4000537401111586,0.9233333333333333,0.0,500000,0
0.16666666666666652,0.16845301853002154,1.3999999999999995,1.4051557453368093,0.9266666666666666,0.0,500000,0
0.16666666666666652,0.16641243282307666,1.3999999999999995,1.3992680298403652,0.93,0.0,500000,0
0.16666666666666652,0.16638723533987287,1.3999999999999995,1.3991955075393088,0.9333333333333333,0.0,500000,0
0.16666666666666652,0.16624660903963406,1.3999999999999995,1.3987908435326217,0.9366666666666666,0.0,500000,0
0.16666666666666652,0.1681745656405679,1.3999999999999995,1.4043506214018928,0.94,0.0,500000,0
0.16666666666666652,0.16475863940829324,1.3999999999999995,1.3945174345570577,0.9433333333333334,0.0,500000,0
0.16666666666666652,0.1662832969016922,1.3999999999999995,1.3988964027798418,0.9466666666666667,0.0,500000,0
0.16666666666666652,0.16930236995108988,1.3999999999999995,1.4076149102318292,0.95,0.0,500000,0
0.16666666666666652,0.16658313195978236,1.3999999999999995,1.3997594441578873,0.9533333333333334,0.0,500000,0
0.16666666666666652,0.16818991573036055,1.3999999999999995,1.4043949909023707,0.9566666666666667,0.0,500000,0
0.16666666666666652,0.1649681193327157,1.3999999999999995,1.3951181341744405,0.96,0.0,500000,0
0.16666666666666652,0.16703980467809687,1.3999999999999995,1.4010751188741815,0.9633333333333334,0.0,500000,0
0.16666666666666652,0.16670470951539046,1.3999999999999995,1.4001095684062776,0.9666666666666667,0.0,500000,0
0.16666666666666652,0.16540490815003975,1.3999999999999995,1.396371629225386,0.97,0.0,500000,0
0.16666666666666652,0.1672121072098472,1.3999999999999995,1.4015718976163876,0.9733333333333334,0.0,500000,0
0.16666666666666652,0.16883497351465204,1.3999999999999995,1.406261014683414,0.9766666666666667,0.0,500000,0
0.16666666666666652,0.16559312006124532,1.3999999999999995,1.3969121636998003,0.98,0.0,500000,0
0.16666666666666652,0.1662567531615649,1.3999999999999995,1.3988200295283053,0.9833333333333334,0.0,500000,0
0.16666666666666652,0.1676730214834205,1.3999999999999995,1.4029018061681886,0.9866666666666667,0.00012,500000,60
0.16666666666666652,0.16733405319151037,1.3999999999999995,1.4019236137442201,0.99,0.0,500000,0
0.16666666666666652,0.16664525492301216,1.3999999999999995,1.3999383357626816,0.9933333333333334,0.001332,500000,666
0.16666666666666652,0.16188010252075075,1.3999999999999995,1.3862934241452218,0.9966666666666667,0.002714,500000,1357
0.16666666666666652,0.1655311450282033,1.3999999999999995,1.3967341478162127,1.0,0.002708,500000,1354
0.16666666666666652,0.16697763854043024,1.3999999999999995,1.4008959333285183,1.0033333333333334,0.004252,500000,2126
0.16666666666666652,0.16750557302756508,1.3999999999999995,1.402418484978306,1.0066666666666666,0.007822,500000,3911
0.16666666666666652,0.1666914615438896,1.3999999999999995,1.4000714113711654,1.01,0.010652,500000,5326
0.16666666666666652,0.16476899786971047,1.3999999999999995,1.394547131151647,1.0133333333333334,0.01347,500000,6735
0.16666666666666652,0.16467565219487007,1.3999999999999995,1.3942795457299102,1.0166666666666666,0.015854,500000,7927
0.16666666666666652,0.16409459250749936,1.3999999999999995,1.392615219465419,1.02,0.01782,500000,8910
0.16666666666666652,0.16818825712862276,1.3999999999999995,1.404390196628012,1.0233333333333334,0.0222,500000,11100
0.16666666666666652,0.16717880972015428,1.3999999999999995,1.4014758790274744,1.0266666666666666,0.028982,500000,14491
0.16666666666666652,0.1667733524312172,1.3999999999999995,1.4003072943426238,1.03,0.029758,500000,14879
0.16666666666666652,0.164903035769718,1.3999999999999995,1.394931469836466,1.0333333333333334,0.028944,500000,14472
0.16666666666666652,0.16278301086977331,1.3999999999999995,1.3888669555998532,1.0366666666666666,0.035156,500000,17578
0.16666666666666652,0.16829705922693264,1.3999999999999995,1.4047047352519895,1.04,0.041222,500000,20611
0.16666666666666652,0.1667356899639299,1.3999999999999995,1.400198803562611,1.0433333333333334,0.043322,500000,21661
0.16666666666666652,0.16720561368560932,1.3999999999999995,1.4015531719073981,1.0466666666666666,0.046364,500000,23182
0.16666666666666652,0.1640258446976456,1.3999999999999995,1.3924184585307446,1.05,0.047358,500000,23679
0.19444444444444442,0.19139600781384256,1.482758620689655,1.4733986219790496,0.85,0.0,500000,0
0.19444444444444442,0.19334563646623995,1.482758620689655,1.4793766579758867,0.8533333333333333,0.0,500000,0
0.19444444444444442,0.19428154979836318,1.482758620689655,1.482256673530916,0.8566666666666667,0.0,500000,0
0.19444444444444442,0.19391934898794277,1.482758620689655,1.4811413070006618,0.86,0.0,500000,0
0.19444444444444442,0.1954511849795976,1.482758620689655,1.4858653230994845,0.8633333333333333,0.0,500000,0
0.19444444444444442,0.1949232248370309,1.482758620689655,1.4842351210481093,0.8666666666666667,0.0,500000,0
0.19444444444444442,0.1950085577861682,1.482758620689655,1.484498461871518,0.87,0.0,500000,0
0.19444444444444442,0.19445653162334103,1.482758620689655,1.48279587448015,0.8733333333333333,0.0,500000,0
0.19444444444444442,0.1926004827432905,1.482758620689655,1.4770884267993782,0.8766666666666667,0.0,500000,0
0.19444444444444442,0.1944253100924156,1.482758620689655,1.48269964915288,0.88,0.0,500000,0
0.19444444444444442,0.1977514712215959,1.482758620689655,1.4929930417515755,0.8833333333333333,0.0,500000,0
0.19444444444444442,0.19467036052076123,1.482758620689655,1.4834550995705151,0.8866666666666667,0.0,500000,0
0.19444444444444442,0.1945663783200459,1.482758620689655,1.483134483296647,0.89,0.0,500000,0
0.19444444444444442,0.19493359467400986,1.482758620689655,1.4842671197913835,0.8933333333333333,0.0,500000,0
0.19444444444444442,0.19436295578378948,1.482758620689655,1.4825074943590302,0.8966666666666666,0.0,500000,0
0.19444444444444442,0.1960065977313405,1.482758620689655,1.4875826024896748,0.9,0.0,500000,0
0.19444444444444442,0.19355432779424733,1.482758620689655,1.480018268967447,0.9033333333333333,0.0,500000,0
0.19444444444444442,0.19409695848927344,1.482758620689655,1.4816881150502272,0.9066666666666666,0.0,500000,0
0.19444444444444442,0.19581743911491312,1.482758620689655,1.4869974770390335,0.91,0.0,500000,0
0.19444444444444442,0.19711868114059689,1.482758620689655,1.4910281918643455,0.9133333333333333,0.0,500000,0
0.19444444444444442,0.1968640799789278,1.482758620689655,1.4902385139834429,0.9166666666666666,0.0,500000,0
0.19444444444444442,0.1922217380134553,1.482758620689655,1.4759269890247608,0.92,0.0,500000,0
0.19444444444444442,0.19524793250439362,1.482758620689655,1.485237479692364,0.9233333333333333,0.0,500000,0
0.19444444444444442,0.19612702538728588,1.482758620689655,1.4879552655238222,0.9266666666666666,0.0,500000,0
0.19444444444444442,0.19426233028063722,1.482758620689655,1.482197463470458,0.93,0.0,500000,0
0.19444444444444442,0.1953375560771558,1.482758620689655,1.4855142862760125,0.9333333333333333,0.0,500000,0
0.19444444444444442,0.19383196341673553,1.482758620689655,1.4808723606513658,0.9366666666666666,0.0,500000,0
0.19444444444444442,0.19284366352370114,1.482758620689655,1.477834726208245,0.94,0.0,500000,0
0.19444444444444442,0.1967431307448184,1.482758620689655,1.4898635499432407,0.9433333333333334,0.0,500000,0
0.19444444444444442,0.1962805828820418,1.482758620689655,1.4884306107369671,0.9466666666666667,0.0,500000,0
0.19444444444444442,0.19322741257582526,1.482758620689655,1.4790133318553933,0.95,0.0,500000,0
0.19444444444444442,0.19675916074031696,1.482758620689655,1.4899132392761865,0.9533333333333334,0.0,500000,0
0.19444444444444442,0.19361600488352038,1.482758620689655,1.4802079556540633,0.9566666666666667,0.0,500000,0
0.19444444444444442,0.19240825096933253,1.482758620689655,1.476498803263593,0.96,0.0,500000,0
0.19444444444444442,0.19435344848779074,1.482758620689655,1.4824781987162652,0.9633333333333334,0.0,500000,0
0.19444444444444442,0.19720134498613495,1.482758620689655,1.491284692007186,0.9666666666666667,0.0,500000,0
0.19444444444444442,0.1966469782003692,1.482758620689655,1.4895655405884964,0.97,0.0,500000,0
0.19444444444444442,0.19298863715289669,1.482758620689655,1.4782798509107495,0.9733333333333334,0.0,500000,0
0.19444444444444442,0.19301477859470795,1.482758620689655,1.4783601321932267,0.9766666666666667,1.8e-05,500000,9
0.19444444444444442,0.192874050872297,1.482758620689655,1.477928013789532,0.98,0.0,500000,0
0.19444444444444442,0.19457022171008853,1.482758620689655,1.4831463324417928,0.9833333333333334,2.2e-05,500000,11
0.19444444444444442,0.19271462500167855,1.482758620689655,1.477438662881956,0.9866666666666667,8.2e-05,500000,41
0.19444444444444442,0.19557761374721228,1.482758620689655,1.4862560194483512,0.99,0.000148,500000,74
0.19444444444444442,0.19261148425168542,1.482758620689655,1.4771221797059293,0.9933333333333334,0.00072,500000,360
0.19444444444444442,0.19431809624037344,1.482758620689655,1.4823692708837304,0.9966666666666667,0.001584,500000,792
0.19444444444444442,0.19357039025116285,1.482758620689655,1.4800676659465677,1.0,0.001934,500000,967
0.19444444444444442,0.19711934240842066,1.482758620689655,1.4910302435226783,1.0033333333333334,0.005186,500000,2593
0.19444444444444442,0.19483537946398258,1.482758620689655,1.4839640850942406,1.0066666666666666,0.007492,500000,3746
0.19444444444444442,0.19655877583587394,1.482758620689655,1.4892922342648456,1.01,0.011592,500000,5796
0.19444444444444442,0.1962549665590379,1.482758620689655,1.4883513014539915,1.0133333333333334,0.014668,500000,7334
0.19444444444444442,0.1949768423725718,1.482758620689655,1.484400580344072,1.0166666666666666,0.01459,500000,7295
0.19444444444444442,0.19322634438337313,1.482758620689655,1.47901004956759,1.02,0.018634,500000,9317
0.19444444444444442,0.1922240534938913,1.482758620689655,1.4759340862409243,1.0233333333333334,0.024988,500000,12494
0.19444444444444442,0.1923319748830044,1.482758620689655,1.4762649229679334,1.0266666666666666,0.02676,500000,13380
0.19444444444444442,0.19568880152670712,1.482758620689655,1.4865997188604478,1.03,0.031948,500000,15974
0.19444444444444442,0.1955272215056306,1.482758620689655,1.48610028016504,1.0333333333333334,0.03131,500000,15655
0.19444444444444442,0.1954497859736341,1.482758620689655,1.4858610005098551,1.0366666666666666,0.034698,500000,17349
0.19444444444444442,0.19384575352251787,1.482758620689655,1.480914798550112,1.04,0.036586,500000,18293
0.19444444444444442,0.19488038193500595,1.482758620689655,1.484102927223105,1.0433333333333334,0.039124,500000,19562
0.19444444444444442,0.19240349910103427,1.482758620689655,1.4764842316351365,1.0466666666666666,0.046066,500000,23033
0.19444444444444442,0.1955358316492874,1.482758620689655,1.4861268887840433,1.05,0.049504,500000,24752
0.2222222222222221,0.22145745153801338,1.571428571428571,1.5689026296006643,0.85,0.0,500000,0
0.2222222222222221,0.22226839874758048,1.571428571428571,1.5715812457399203,0.8533333333333333,0.0,500000,0
0.2222222222222221,0.2232908013737668,1.571428571428571,1.5749662853708997,0.8566666666666667,0.0,500000,0
0.2222222222222221,0.2223123030973119,1.571428571428571,1.571726424328736,0.86,0.0,500000,0
0.2222222222222221,0.22042699510001126,1.571428571428571,1.565506998612118,0.8633333333333333,0.0,500000,0
0.2222222222222221,0.22379518878467763,1.571428571428571,1.5766395300597948,0.8666666666666667,0.0,500000,0
0.2222222222222221,0.22451538471263138,1.571428571428571,1.5790324663744193,0.87,0.0,500000,0
0.2222222222222221,0.22096158711412853,1.571428571428571,1.5672675017284396,0.8733333333333333,0.0,500000,0
0.2222222222222221,0.2230378617018568,1.571428571428571,1.5741280062639824,0.8766666666666667,0.0,500000,0
0.2222222222222221,0.2195300783081196,1.571428571428571,1.562558715478051,0.88,0.0,500000,0
0.2222222222222221,0.2232609859363753,1.571428571428571,1.5748674442612391,0.8833333333333333,0.0,500000,0
0.2222222222222221,0.22168529701116774,1.571428571428571,1.5696546555265283,0.8866666666666667,0.0,500000,0
0.2222222222222221,0.22326711605010982,1.571428571428571,1.5748877655719635,0.89,0.0,500000,0
0.2222222222222221,0.22187020531546614,1.571428571428571,1.5702652869253408,0.8933333333333333,0.0,500000,0
0.2222222222222221,0.22171774848425194,1.571428571428571,1.5697618005612854,0.8966666666666666,0.0,500000,0
0.2222222222222221,0.22247337710117357,1.571428571428571,1.5722591884294161,0.9,0.0,500000,0
0.2222222222222221,0.2223122151645888,1.571428571428571,1.571726133545067,0.9033333333333333,0.0,500000,0
0.2222222222222221,0.22386411395212352,1.571428571428571,1.5768683499278742,0.9066666666666666,0.0,500000,0
0.2222222222222221,0.2208096555580623,1.571428571428571,1.566766919362195,0.91,0.0,500000,0
0.2222222222222221,0.22315539142810895,1.571428571428571,1.5745174490902258,0.9133333333333333,0.0,500000,0
0.2222222222222221,0.22216692900134286,1.571428571428571,1.5712457782647464,0.9166666666666666,0.0,500000,0
0.2222222222222221,0.2202796892604323,1.571428571428571,1.5650223194814463,0.92,0.0,500000,0
0.2222222222222221,0.2225494997512713,1.571428571428571,1.5725110465041088,0.9233333333333333,0.0,500000,0
0.2222222222222221,0.22119093905154544,1.571428571428571,1.5680235378416711,0.9266666666666666,0.0,500000,0
0.2222222222222221,0.22507472032000891,1.571428571428571,1.5808939938388757,0.93,0.0,500000,0
0.2222222222222221,0.22181695660162745,1.571428571428571,1.5700894114396,0.9333333333333333,0.0,500000,0
0.2222222222222221,0.22222855368466615,1.571428571428571,1.5714495041890943,0.9366666666666666,0.0,500000,0
0.2222222222222221,0.2200356502670626,1.571428571428571,1.5642197629735348,0.94,0.0,500000,0
0.2222222222222221,0.2219105676703552,1.571428571428571,1.5703986160201202,0.9433333333333334,0.0,500000,0
0.2222222222222221,0.22006420869581528,1.571428571428571,1.564313655430098,0.9466666666666667,0.0,500000,0
0.2222222222222221,0.22118121930239878,1.571428571428571,1.5679914886086415,0.95,0.0,500000,0
0.2222222222222221,0.22242165423807658,1.571428571428571,1.5720880872013814,0.9533333333333334,0.0,500000,0
0.2222222222222221,0.22147369513824455,1.571428571428571,1.5689562285954413,0.9566666666666667,0.0,500000,0
0.2222222222222221,0.2216175588708267,1.571428571428571,1.5694310332831598,0.96,0.0,500000,0
0.2222222222222221,0.2217392548895422,1.571428571428571,1.5698328131867192,0.9633333333333334,0.0,500000,0
0.2222222222222221,0.21967409695928775,1.571428571428571,1.5630316669055304,0.9666666666666667,0.0,500000,0
0.2222222222222221,0.21946581663267664,1.571428571428571,1.5623477390467981,0.97,0.0,500000,0
0.2222222222222221,0.221875170211738,1.571428571428571,1.570281686736852,0.9733333333333334,0.0,500000,0
0.2222222222222221,0.22212369035334117,1.571428571428571,1.5711028542680217,0.9766666666666667,0.0,500000,0
0.2222222222222221,0.22155627763375266,1.571428571428571,1.5692287605847335,0.98,0.0,500000,0
0.2222222222222221,0.2227155005354689,1.571428571428571,1.5730604448921777,0.9833333333333334,0.0,500000,0
0.2222222222222221,0.22208323553203524,1.571428571428571,1.570969146509969,0.9866666666666667,0.000134,500000,67
0.2222222222222221,0.2237650422449765,1.571428571428571,1.5765394614335209,0.99,0.000258,500000,129
0.2222222222222221,0.22104183004254432,1.571428571428571,1.5675319640196264,0.9933333333333334,0.001104,500000,552
0.2222222222222221,0.22118601153384546,1.571428571428571,1.5680072900833821,0.9966666666666667,0.001,500000,500
0.2222222222222221,0.22233345846388647,1.571428571428571,1.5717963846682008,1.0,0.00431,500000,2155
0.2222222222222221,0.223509775656191,1.571428571428571,1.575692439257875,1.0033333333333334,0.00701,500000,3505
0.2222222222222221,0.22197447462743508,1.571428571428571,1.570609748365622,1.0066666666666666,0.007136,500000,3568
0.2222222222222221,0.22448129540835143,1.571428571428571,1.5789191004143548,1.01,0.013326,500000,6663
0.2222222222222221,0.22288345364192141,1.571428571428571,1.5736165435839826,1.0133333333333334,0.013392,500000,6696
0.2222222222222221,0.22416011990895082,1.571428571428571,1.5778515017367871,1.0166666666666666,0.016592,500000,8296
0.2222222222222221,0.22260751146216656,1.571428571428571,1.5727030161581832,1.02,0.017618,500000,8809
0.2222222222222221,0.22389889873086144,1.571428571428571,1.5769838449261964,1.0233333333333334,0.023046,500000,11523
0.2222222222222221,0.22359562384056209,1.571428571428571,1.5759772373942564,1.0266666666666666,0.023614,500000,11807
0.2222222222222221,0.22295075339450654,1.571428571428571,1.573839442914223,1.03,0.031036,500000,15518
0.2222222222222221,0.2219112440840272,1.571428571428571,1.570400850537395,1.0333333333333334,0.031132,500000,15566
0.2222222222222221,0.22298309102647657,1.571428571428571,1.5739465601103788,1.0366666666666666,0.036418,500000,18209
0.2222222222222221,0.22294914037359245,1.571428571428571,1.5738341000762357,1.04,0.039868,500000,19934
0.2222222222222221,0.2211559738083315,1.571428571428571,1.5679082495881054,1.0433333333333334,0.043682,500000,21841
0.2222222222222221,0.2239866087103464,1.571428571428571,1.5772751120650224,1.0466666666666666,0.04361,500000,21805
0.2222222222222221,0.2237224146003225,1.571428571428571,1.5763979762088218,1.05,0.050084,500000,25042
0.25,0.2496594019343339,1.6666666666666667,1.6654562010317477,0.85,0.0,500000,0
0.25,0.2490112177308094,1.6666666666666667,1.6631556252502098,0.8533333333333333,0.0,500000,0
0.25,0.2520424800249287,1.6666666666666667,1.67394864893752,0.8566666666666667,0.0,500000,0
0.25,0.24840532543624758,1.6666666666666667,1.6610087427254039,0.86,0.0,500000,0
0.25,0.2507915535740076,1.6666666666666667,1.6694840528570605,0.8633333333333333,0.0,500000,0
0.25,0.2524609539605094,1.6666666666666667,1.6754455310343015,0.8666666666666667,0.0,500000,0
0.25,0.24931431221011727,1.6666666666666667,1.6642308925434062,0.87,0.0,500000,0
0.25,0.25204919789214036,1.6666666666666667,1.6739726655331353,0.8733333333333333,0.0,500000,0
0.25,0.2510077460337459,1.6666666666666667,1.6702545846223267,0.8766666666666667,0.0,500000,0
0.25,0.2473156163152725,1.6666666666666667,1.6571562308880428,0.88,0.0,500000,0
0.25,0.25332507785769515,1.6666666666666667,1.678541813433009,0.8833333333333333,0.0,500000,0
0.25,0.2493820121210579,1.6666666666666667,1.664471185471451,0.8866666666666667,0.0,500000,0
0.25,0.2505954475001224,1.6666666666666667,1.668785495535573,0.89,0.0,500000,0
0.25,0.2513391477455981,1.6666666666666667,1.671436597729811,0.8933333333333333,0.0,500000,0
0.25,0.2509986896317707,1.6666666666666667,1.6702222977644003,0.8966666666666666,0.0,500000,0
0.25,0.24890804769204972,1.6666666666666667,1.6627898140226554,0.9,0.0,500000,0
0.25,0.24997448879331835,1.6666666666666667,1.6665759632392927,0.9033333333333333,0.0,500000,0
0.25,0.2499442696418791,1.6666666666666667,1.6664685290052805,0.9066666666666666,0.0,500000,0
0.25,0.2501609708685667,1.6666666666666667,1.6672391303993273,0.91,0.0,500000,0
0.25,0.2508711112706407,1.6666666666666667,1.669767552806988,0.9133333333333333,0.0,500000,0
0.25,0.2509389892753504,1.6666666666666667,1.6700094803561845,0.9166666666666666,0.0,500000,0
0.25,0.2516173785293419,1.6666666666666667,1.6724297740502974,0.92,0.0,500000,0
0.25,0.25326731762277715,1.6666666666666667,1.6783346265667678,0.9233333333333333,0.0,500000,0
0.25,0.24880811160792587,1.6666666666666667,1.6624355652734737,0.9266666666666666,0.0,500000,0
0.25,0.2482550196455378,1.6666666666666667,1.6604766939141538,0.93,0.0,500000,0
0.25,0.24956609351163114,1.6666666666666667,1.6651247800874767,0.9333333333333333,0.0,500000,0
0.25,0.2507046243484122,1.6666666666666667,1.6691743536529884,0.9366666666666666,0.0,500000,0
0.25,0.25131777603379946,1.6666666666666667,1.6713603395107328,0.94,0.0,500000,0
0.25,0.2495573010764351,1.6666666666666667,1.6650935546029033,0.9433333333333334,0.0,500000,0
0.25,0.25087503247790227,1.6666666666666667,1.6697815273938308,0.9466666666666667,0.0,500000,0
0.25,0.2511771337918145,1.6666666666666667,1.6708586105648728,0.95,0.0,500000,0
0.25,0.2477311334623358,1.6666666666666667,1.658623916213692,0.9533333333333334,0.0,500000,0
0.25,0.2512668166517298,1.6666666666666667,1.6711785245795738,0.9566666666666667,0.0,500000,0
0.25,0.24932385664059184,1.6666666666666667,1.6642647667603332,0.96,0.0,500000,0
0.25,0.25061559955696033,1.6666666666666667,1.668857263131699,0.9633333333333334,0.0,500000,0
0.25,0.2507169196384919,1.6666666666666667,1.669218153217948,0.9666666666666667,0.0,500000,0
0.25,0.24904006822311156,1.6666666666666667,1.6632579387660373,0.97,0.0,500000,0
0.25,0.25078329353407036,1.6666666666666667,1.6694546220599384,0.9733333333333334,2e-06,500000,1
0.25,0.25026624333130676,1.6666666666666667,1.667613645791593,0.9766666666666667,0.0,500000,0
0.25,0.2514881219013553,1.6666666666666667,1.6719682860349003,0.98,2.2e-05,500000,11
0.25,0.24826540471707187,1.6666666666666667,1.6605134478974801,0.9833333333333334,2.4e-05,500000,12
0.25,0.25297474369769013,1.6666666666666667,1.6772856514915877,0.9866666666666667,0.0,500000,0
0.25,0.24898240171739416,1.6666666666666667,1.6630534418547747,0.99,0.001272,500000,636
0.25,0.25033366305702226,1.6666666666666667,1.6678535522292328,0.9933333333333334,0.001906,500000,953
0.25,0.2494251118815791,1.6666666666666667,1.6646241856208395,0.9966666666666667,0.00186,500000,930
0.25,0.24959505959989112,1.6666666666666667,1.6652276555290517,1.0,0.005366,500000,2683
0.25,0.2503507357515523,1.6666666666666667,1.6679143105743952,1.0033333333333334,0.006032,500000,3016
0.25,0.2507883823767222,1.6666666666666667,1.669472753698875,1.0066666666666666,0.008446,500000,4223
0.25,0.24870822049235455,1.6666666666666667,1.6620815701067406,1.01,0.009828,500000,4914
0.25,0.24971357842129044,1.6666666666666667,1.6656486676004545,1.0133333333333334,0.010032,500000,5016
0.25,0.2519118823721808,1.6666666666666667,1.673481843745871,1.0166666666666666,0.014466,500000,7233
0.25,0.2524552813191088,1.6666666666666667,1.6754252287798608,1.02,0.017688,500000,8844
0.25,0.250391538885448,1.6666666666666667,1.6680595320739962,1.0233333333333334,0.02581,500000,12905
0.25,0.2498379974460352,1.6666666666666667,1.6660907819789565,1.0266666666666666,0.023536,500000,11768
0.25,0.252714800850419,1.6666666666666667,1.6763543587856717,1.03,0.024888,500000,12444
0.25,0.24897457767551778,1.6666666666666667,1.6630256986638936,1.0333333333333334,0.03334,500000,16670
0.25,0.2500466569806268,1.6666666666666667,1.6668325684739762,1.0366666666666666,0.034478,500000,17239
0.25,0.2500706193040856,1.6666666666666667,1.6669177811703464,1.04,0.039672,500000,19836
0.25,0.2502932101734832,1.6666666666666667,1.6677095994592803,1.0433333333333334,0.041562,500000,20781
0.25,0.24908400235158706,1.6666666666666667,1.6634137590133242,1.0466666666666666,0.046178,500000,23089
0.25,0.25307782182120375,1.6666666666666667,1.67765512717343,1.05,0.047296,500000,23648
0.2777777777777777,0.2807740767992984,1.769230769230769,1.7807673993445527,0.85,0.0,500000,0
0.2777777777777777,0.2783737077410494,1.769230769230769,1.771517642101535,0.8533333333333333,0.0,500000,0
0.2777777777777777,0.27734971740535164,1.769230769230769,1.7675904212187892,0.8566666666666667,0.0,500000,0
0.2777777777777777,0.27923915602753,1.769230769230769,1.7748455215422212,0.86,0.0,500000,0
0.2777777777777777,0.28068936007733847,1.769230769230769,1.7804398948068318,0.8633333333333333,0.0,500000,0
0.2777777777777777,0.2780388096953576,1.769230769230769,1.7702320108869978,0.8666666666666667,0.0,500000,0
0.2777777777777777,0.2786115428519927,1.769230769230769,1.7724313858679608,0.87,0.0,500000,0
0.2777777777777777,0.2754628750128382,1.769230769230769,1.7603830515040046,0.8733333333333333,0.0,500000,0
0.2777777777777777,0.2767573841274596,1.769230769230769,1.7653237739415333,0.8766666666666667,0.0,500000,0
0.2777777777777777,0.27837955251142765,1.769230769230769,1.7715400900300462,0.88,0.0,500000,0
0.2777777777777777,0.2752478336501678,1.769230769230769,1.759564017687414,0.8833333333333333,0.0,500000,0
0.2777777777777777,0.27735104179592457,1.769230769230769,1.7675954933504545,0.8866666666666667,0.0,500000,0
0.2777777777777777,0.27902649306431404,1.769230769230769,1.774027035335168,0.89,0.0,500000,0
0.2777777777777777,0.277057704121086,1.769230769230769,1.7664725267851544,0.8933333333333333,0.0,500000,0
0.2777777777777777,0.2785510564535052,1.769230769230769,1.772198944763036,0.8966666666666666,0.0,500000,0
0.2777777777777777,0.2802068099742804,1.769230769230769,1.7785758850101598,0.9,0.0,500000,0
0.2777777777777777,0.27690875482038524,1.769230769230769,1.7659026621228184,0.9033333333333333,0.0,500000,0
0.2777777777777777,0.2769721758383498,1.769230769230769,1.7661452756939158,0.9066666666666666,0.0,500000,0
0.2777777777777777,0.27841757797887323,1.769230769230769,1.7716861427944308,0.91,0.0,500000,0
0.2777777777777777,0.2769802087204232,1.769230769230769,1.766176008073673,0.9133333333333333,0.0,500000,0
0.2777777777777777,0.2790191856644696,1.769230769230769,1.7739989195735228,0.9166666666666666,0.0,500000,0
0.2777777777777777,0.27737810093633447,1.769230769230769,1.7676991281214867,0.92,0.0,500000,0
0.2777777777777777,0.27931137786247107,1.769230769230769,1.775123595080623,0.9233333333333333,0.0,500000,0
0.2777777777777777,0.28100362591091044,1.769230769230769,1.7816551961528857,0.9266666666666666,0.0,500000,0
0.2777777777777777,0.28076479455675946,1.769230769230769,1.7807315115609046,0.93,0.0,500000,0
0.2777777777777777,0.27910863720186907,1.769230769230769,1.7743431302006794,0.9333333333333333,0.0,500000,0
0.2777777777777777,0.2786740035534921,1.769230769230769,1.7726714548659914,0.9366666666666666,0.0,500000,0
0.2777777777777777,0.27838132159025175,1.769230769230769,1.7715468845782336,0.94,0.0,500000,0
0.2777777777777777,0.27777867460949884,1.769230769230769,1.7692342079744194,0.9433333333333334,0.0,500000,0
0.2777777777777777,0.2781735589671227,1.769230769230769,1.7707491528547445,0.9466666666666667,0.0,500000,0
0.2777777777777777,0.2793030219213224,1.769230769230769,1.77509141960307,0.95,0.0,500000,0
0.2777777777777777,0.27696041486942224,1.769230769230769,1.7661002815479445,0.9533333333333334,0.0,500000,0
0.2777777777777777,0.27654002062178756,1.769230769230769,1.7644929325861636,0.9566666666666667,0.0,500000,0
0.2777777777777777,0.2779617855196139,1.769230769230769,1.7699364935127395,0.96,0.0,500000,0
0.2777777777777777,0.2787105902798323,1.769230769230769,1.772812096015554,0.9633333333333334,0.0,500000,0
0.2777777777777777,0.2787416729723616,1.769230769230769,1.772931590602434,0.9666666666666667,0.0,500000,0
0.2777777777777777,0.2784667329137775,1.769230769230769,1.771874965760937,0.97,0.0,500000,0
0.2777777777777777,0.2762360912973996,1.769230769230769,1.7633320423301377,0.9733333333333334,8e-06,500000,4
0.2777777777777777,0.2801350818663199,1.769230769230769,1.7782990247464687,0.9766666666666667,0.0,500000,0
0.2777777777777777,0.2763690823075022,1.769230769230769,1.763839895588716,0.98,0.0,500000,0
0.2777777777777777,0.27584974853169536,1.769230769230769,1.7618577718432762,0.9833333333333334,0.0,500000,0
0.2777777777777777,0.2772872723275856,1.769230769230769,1.7673512910741824,0.9866666666666667,0.000222,500000,111
0.2777777777777777,0.278758161692495,1.769230769230769,1.7729949841696373,0.99,0.0007,500000,350
0.2777777777777777,0.27864873442227955,1.769230769230769,1.7725743274301005,0.9933333333333334,0.001898,500000,949
0.2777777777777777,0.2766945404291907,1.769230769230769,1.7650835114486048,0.9966666666666667,0.00221,500000,1105
0.2777777777777777,0.27868436399964214,1.769230769230769,1.7727112794751723,1.0,0.004536,500000,2268
0.2777777777777777,0.2792338673137118,1.769230769230769,1.7748251607577896,1.0033333333333334,0.004734,500000,2367
0.2777777777777777,0.2786806529488877,1.769230769230769,1.7726970144033598,1.0066666666666666,0.008216,500000,4108
0.2777777777777777,0.27904136842252286,1.769230769230769,1.7740842711376457,1.01,0.013492,500000,6746
0.2777777777777777,0.27883306619499426,1.769230769230769,1.7732830032120888,1.0133333333333334,0.011148,500000,5574
0.2777777777777777,0.2764628040124451,1.769230769230769,1.764197903150235,1.0166666666666666,0.014972,500000,7486
0.2777777777777777,0.28042968261277634,1.769230769230769,1.779436493798196,1.02,0.02139,500000,10695
0.2777777777777777,0.2796936220572708,1.769230769230769,1.776596266872175,1.0233333333333334,0.0248,500000,12400
0.2777777777777777,0.2757114533750848,1.769230769230769,1.7613304246211325,1.0266666666666666,0.026226,500000,13113
0.2777777777777777,0.2772245318767498,1.769230769230769,1.767111071427445,1.03,0.028862,500000,14431
0.2777777777777777,0.27995334879616224,1.769230769230769,1.7775978079423365,1.0333333333333334,0.031216,500000,15608
0.2777777777777777,0.27945237359278824,1.769230769230769,1.7756666273017683,1.0366666666666666,0.03329,500000,16645
0.2777777777777777,0.2786039050083158,1.769230769230769,1.7724020325103849,1.04,0.034776,500000,17388
0.2777777777777777,0.27761362335517675,1.769230769230769,1.7686014917517512,1.0433333333333334,0.041574,500000,20787
0.2777777777777777,0.2755219597021868,1.769230769230769,1.760608174097112,1.0466666666666666,0.042178,500000,21089
0.2777777777777777,0.2783991684433147,1.769230769230769,1.771615431325747,1.05,0.046888,500000,23444
0.3055555555555556,0.30594268769240807,1.8800000000000001,1.88160640992374,0.85,0.0,500000,0
0.3055555555555556,0.305644355619848,1.8800000000000001,1.8803683187243196,0.8533333333333333,0.0,500000,0
0.3055555555555556,0.30517962910153434,1.8800000000000001,1.8784418013159556,0.8566666666666667,0.0,500000,0
0.3055555555555556,0.3082894028303133,1.8800000000000001,1.8913826218414445,0.86,0.0,500000,0
0.3055555555555556,0.3047591734063797,1.8800000000000001,1.8767010271809497,0.8633333333333333,0.0,500000,0
0.3055555555555556,0.3036270665703845,1.8800000000000001,1.8720243191389718,0.8666666666666667,0.0,500000,0
0.3055555555555556,0.3051582145018447,1.8800000000000001,1.8783530894966733,0.87,0.0,500000,0
0.3055555555555556,0.30535128545158324,1.8800000000000001,1.8791531001395105,0.8733333333333333,0.0,500000,0
0.3055555555555556,0.3035147810966919,1.8800000000000001,1.8715612991029702,0.8766666666666667,0.0,500000,0
0.3055555555555556,0.3059013636570172,1.8800000000000001,1.881434849861479,0.88,0.0,500000,0
0.3055555555555556,0.309464268760405,1.8800000000000001,1.896301971817966,0.8833333333333333,0.0,500000,0
0.3055555555555556,0.3062992443066612,1.8800000000000001,1.8830875324635383,0.8866666666666667,0.0,500000,0
0.3055555555555556,0.30822799865115746,1.8800000000000001,1.891125972286138,0.89,0.0,500000,0
0.3055555555555556,0.30693098841582483,1.8800000000000001,1.8857155154412706,0.8933333333333333,0.0,500000,0
0.3055555555555556,0.30270276925886264,1.8800000000000001,1.8682173280313432,0.8966666666666666,0.0,500000,0
0.3055555555555556,0.30729806627520934,1.8800000000000001,1.887244719017338,0.9,0.0,500000,0
0.3055555555555556,0.30509686789034485,1.8800000000000001,1.8780989861539459,0.9033333333333333,0.0,500000,0
0.3055555555555556,0.305890917451749,1.8800000000000001,1.8813914848333224,0.9066666666666666,0.0,500000,0
0.3055555555555556,0.3053669744778306,1.8800000000000001,1.8792181288768417,0.91,0.0,500000,0
0.3055555555555556,0.3035167595636663,1.8800000000000001,1.8715694562112328,0.9133333333333333,0.0,500000,0
0.3055555555555556,0.3083399451014851,1.8800000000000001,1.8915939063351774,0.9166666666666666,0.0,500000,0
0.3055555555555556,0.3072691082760924,1.8800000000000001,1.8871240244864278,0.92,0.0,500000,0
0.3055555555555556,0.30789507967176777,1.8800000000000001,1.8897352717150107,0.9233333333333333,0.0,500000,0
0.3055555555555556,0.306440249595986,1.8800000000000001,1.883673683247846,0.9266666666666666,0.0,500000,0
0.3055555555555556,0.3053102157379557,1.8800000000000001,1.8789828860439655,0.93,0.0,500000,0
0.3055555555555556,0.30613065729263866,1.8800000000000001,1.8823870387418138,0.9333333333333333,0.0,500000,0
0.3055555555555556,0.30464123137898286,1.8800000000000001,1.8762131007080685,0.9366666666666666,0.0,500000,0
0.3055555555555556,0.30608392131804213,1.8800000000000001,1.882192906956201,0.94,0.0,500000,0
0.3055555555555556,0.3041819135982993,1.8800000000000001,1.8743144782893526,0.9433333333333334,0.0,500000,0
0.3055555555555556,0.3054390435192192,1.8800000000000001,1.8795168823390982,0.9466666666666667,0.0,500000,0
0.3055555555555556,0.30746358592232953,1.8800000000000001,1.8879347848641685,0.95,0.0,500000,0
0.3055555555555556,0.3062406742525024,1.8800000000000001,1.8828441301961325,0.9533333333333334,0.0,500000,0
0.3055555555555556,0.30285726557846826,1.8800000000000001,1.8688529640340301,0.9566666666666667,0.0,500000,0
0.3055555555555556,0.30419584450437603,1.8800000000000001,1.874372025811476,0.96,0.0,500000,0
0.3055555555555556,0.30238845020079186,1.8800000000000001,1.8669250108827116,0.9633333333333334,0.0,500000,0
0.3055555555555556,0.30542012480057745,1.8800000000000001,1.8794384510863853,0.9666666666666667,0.0,500000,0
0.3055555555555556,0.3052109975200319,1.8800000000000001,1.8785717575569474,0.97,0.0,500000,0
0.3055555555555556,0.30546427363506434,1.8800000000000001,1.8796214853735593,0.9733333333333334,0.0,500000,0
0.3055555555555556,0.3053501292778829,1.8800000000000001,1.879148308083492,0.9766666666666667,0.0,500000,0
0.3055555555555556,0.30281608190407866,1.8800000000000001,1.8686834966908001,0.98,0.0,500000,0
0.3055555555555556,0.3068619152096289,1.8800000000000001,1.885427945580092,0.9833333333333334,0.000168,500000,84
0.3055555555555556,0.30597397470702115,1.8800000000000001,1.8817363140751273,0.9866666666666667,4.4e-05,500000,22
0.3055555555555556,0.30580862770759476,1.8800000000000001,1.8810499234461329,0.99,0.000864,500000,432
0.3055555555555556,0.3052252843951729,1.8800000000000001,1.8786309505505334,0.9933333333333334,0.000564,500000,282
0.3055555555555556,0.30671608563937636,1.8800000000000001,1.8848210070537788,0.9966666666666667,0.001318,500000,659
0.3055555555555556,0.30807730341607464,1.8800000000000001,1.890496308148513,1.0,0.004828,500000,2414
0.3055555555555556,0.30521962037505435,1.8800000000000001,1.8786074832447548,1.0033333333333334,0.005858,500000,2929
0.3055555555555556,0.305797669604935,1.8800000000000001,1.8810044455797432,1.0066666666666666,0.006124,500000,3062
0.3055555555555556,0.30594430706871073,1.8800000000000001,1.8816131333108996,1.01,0.012718,500000,6359
0.3055555555555556,0.30527666542583914,1.8800000000000001,1.878843851165478,1.0133333333333334,0.01377,500000,6885
0.3055555555555556,0.30460619228847646,1.8800000000000001,1.8760681757892186,1.0166666666666666,0.016702,500000,8351
0.3055555555555556,0.3069310067561963,1.8800000000000001,1.8857155918046555,1.02,0.022088,500000,11044
0.3055555555555556,0.30697750667291546,1.8800000000000001,1.885909215440232,1.0233333333333334,0.0213,500000,10650
0.3055555555555556,0.30698726042642605,1.8800000000000001,1.8859498329433946,1.0266666666666666,0.026836,500000,13418
0.3055555555555556,0.3058694385111158,1.8800000000000001,1.8813023240326352,1.03,0.027564,500000,13782
0.3055555555555556,0.3084335639492229,1.8800000000000001,1.8919853476711432,1.0333333333333334,0.031912,500000,15956
0.3055555555555556,0.30759993064992985,1.8800000000000001,1.8885034657453525,1.0366666666666666,0.034842,500000,17421
0.3055555555555556,0.30460883113077103,1.8800000000000001,1.876079089776459,1.04,0.040266,500000,20133
0.3055555555555556,0.30757734411906296,1.8800000000000001,1.888409243997791,1.0433333333333334,0.0451,500000,22550
0.3055555555555556,0.3038576935458865,1.8800000000000001,1.8729758002889467,1.0466666666666666,0.045422,500000,22711
0.3055555555555556,0.30684922366628087,1.8800000000000001,1.8853751135915848,1.05,0.047538,500000,23769
0.33333333333333326,0.33291006673273893,1.9999999999999998,1.9980965088236844,0.85,0.0,500000,0
0.33333333333333326,0.3350719682706459,1.9999999999999998,2.0078443148176084,0.8533333333333333,0.0,500000,0
0.33333333333333326,0.3346876564836364,1.9999999999999998,2.0061068601695187,0.8566666666666667,0.0,500000,0
0.33333333333333326,0.3352253839983097,1.9999999999999998,2.0085384607930257,0.86,0.0,500000,0
0.33333333333333326,0.33270118298589196,1.9999999999999998,1.997158018276115,0.8633333333333333,0.0,500000,0
0.33333333333333326,0.33477885175978095,1.9999999999999998,2.00651896785124,0.8666666666666667,0.0,500000,0
0.33333333333333326,0.33626287636822766,1.9999999999999998,2.013241129344392,0.87,0.0,500000,0
0.33333333333333326,0.3316462678873779,1.9999999999999998,1.9924273687799001,0.8733333333333333,0.0,500000,0
0.33333333333333326,0.33277549439565224,1.9999999999999998,1.9974918235181913,0.8766666666666667,0.0,500000,0
0.33333333333333326,0.33694976334484755,1.9999999999999998,2.01636269687388,0.88,0.0,500000,0
0.33333333333333326,0.33686183007668963,1.9999999999999998,2.0159627219638,0.8833333333333333,0.0,500000,0
0.33333333333333326,0.3316785222150239,1.9999999999999998,1.9925717883983292,0.8866666666666667,0.0,500000,0
0.33333333333333326,0.33251910818571995,1.9999999999999998,1.996340456374413,0.89,0.0,500000,0
0.33333333333333326,0.33278332619217765,1.9999999999999998,1.997527008109599,0.8933333333333333,0.0,500000,0
0.33333333333333326,0.3331941605707677,1.9999999999999998,1.9993738532823073,0.8966666666666666,0.0,500000,0
0.33333333333333326,0.33265403530389526,1.9999999999999998,1.996946270456221,0.9,0.0,500000,0
0.33333333333333326,0.3331146504753161,1.9999999999999998,1.9990162498328694,0.9033333333333333,0.0,500000,0
0.33333333333333326,0.3342332235353361,1.9999999999999998,2.004054979463445,0.9066666666666666,0.0,500000,0
0.33333333333333326,0.333863465606162,1.9999999999999998,2.002387493758968,0.91,0.0,500000,0
0.33333333333333326,0.33188409027858135,1.9999999999999998,1.9934925525631193,0.9133333333333333,0.0,500000,0
0.33333333333333326,0.33081804676682824,1.9999999999999998,1.9887237549323362,0.9166666666666666,0.0,500000,0
0.33333333333333326,0.3374901309772327,1.9999999999999998,2.018822954215146,0.92,0.0,500000,0
0.33333333333333326,0.3347019888693378,1.9999999999999998,2.0061716201451367,0.9233333333333333,0.0,500000,0
0.33333333333333326,0.33125552590946344,1.9999999999999998,1.9906789177135453,0.9266666666666666,0.0,500000,0
0.33333333333333326,0.33271552157918277,1.9999999999999998,1.9972224211376262,0.93,0.0,500000,0
0.33333333333333326,0.3345798180251307,1.9999999999999998,2.0056196883964263,0.9333333333333333,0.0,500000,0
0.33333333333333326,0.33496736015351664,1.9999999999999998,2.0073711877685905,0.9366666666666666,0.0,500000,0
0.33333333333333326,0.33241117037379153,1.9999999999999998,1.9958559988486109,0.94,0.0,500000,0
0.33333333333333326,0.3319672531794989,1.9999999999999998,1.9938652102295749,0.9433333333333334,0.0,500000,0
0.33333333333333326,0.3310647684294343,1.9999999999999998,1.9898260782352302,0.9466666666666667,0.0,500000,0
0.33333333333333326,0.33244649207397964,1.9999999999999998,1.9960145160702893,0.95,0.0,500000,0
0.33333333333333326,0.3325355497087321,1.9999999999999998,1.9964142646507101,0.9533333333333334,0.0,500000,0
0.33333333333333326,0.33668488190345514,1.9999999999999998,2.0151581735981208,0.9566666666666667,0.0,500000,0
0.33333333333333326,0.3313690465723595,1.9999999999999998,1.9911866774149287,0.96,0.0,500000,0
0.33333333333333326,0.3352884724443027,1.9999999999999998,2.008824004233049,0.9633333333333334,0.0,500000,0
0.33333333333333326,0.3332553886054592,1.9999999999999998,1.9996492897285916,0.9666666666666667,0.0,500000,0
0.33333333333333326,0.3353588828435812,1.9999999999999998,2.0091427514396667,0.97,0.0,500000,0
0.33333333333333326,0.33332475782190474,1.9999999999999998,1.999961410694956,0.9733333333333334,0.0,500000,0
0.33333333333333326,0.3374227345369609,1.9999999999999998,2.018515883732155,0.9766666666666667,0.0,500000,0
0.33333333333333326,0.33465330112338915,1.9999999999999998,2.005951639012944,0.98,0.0,500000,0
0.33333333333333326,0.3307920499064764,1.9999999999999998,1.9886076513593343,0.9833333333333334,4.4e-05,500000,22
0.33333333333333326,0.3343969746932231,1.9999999999999998,2.004794034820077,0.9866666666666667,4.8e-05,500000,24
0.33333333333333326,0.3331160438395604,1.9999999999999998,1.9990225158735682,0.99,0.002464,500000,1232
0.33333333333333326,0.33248529431424756,1.9999999999999998,1.9961886726455804,0.9933333333333334,0.001692,500000,846
0.33333333333333326,0.3307190182773325,1.9999999999999998,1.988281535883755,0.9966666666666667,0.003126,500000,1563
0.33333333333333326,0.33355789004821035,1.9999999999999998,2.001010845705233,1.0,0.003594,500000,1797
0.33333333333333326,0.3343855829651141,1.9999999999999998,2.0047426089558047,1.0033333333333334,0.007696,500000,3848
0.33333333333333326,0.33337319939558524,1.9999999999999998,2.0001794080085697,1.0066666666666666,0.008678,500000,4339
0.33333333333333326,0.3329811029415415,1.9999999999999998,1.9984158002418888,1.01,0.010906,500000,5453
0.33333333333333326,0.33151202354705067,1.9999999999999998,1.99182643585029,1.0133333333333334,0.018908,500000,9454
0.33333333333333326,0.3364550868320745,1.9999999999999998,2.0141139813000923,1.0166666666666666,0.016838,500000,8419
0.33333333333333326,0.32963850592912053,1.9999999999999998,1.983464918091691,1.02,0.018466,500000,9233
0.33333333333333326,0.3336465876553765,1.9999999999999998,2.0014103071263984,1.0233333333333334,0.021288,500000,10644
0.33333333333333326,0.3308776475690828,1.9999999999999998,1.988989969822429,1.0266666666666666,0.026094,500000,13047
0.33333333333333326,0.33447655566013,1.9999999999999998,2.0051533375864645,1.03,0.024592,500000,12296
0.33333333333333326,0.33429463874046544,1.9999999999999998,2.004332121069207,1.0333333333333334,0.03228,500000,16140
0.33333333333333326,0.33113679407714447,1.9999999999999998,1.990148033693265,1.0366666666666666,0.035216,500000,17608
0.33333333333333326,0.3336895006370637,1.9999999999999998,2.001603609596746,1.04,0.035476,500000,17738
0.33333333333333326,0.3340394464169253,1.9999999999999998,2.003180877965487,1.0433333333333334,0.041974,500000,20987
0.33333333333333326,0.3353022664295179,1.9999999999999998,2.008886444153833,1.0466666666666666,0.040068,500000,20034
0.33333333333333326,0.33220082371133114,1.9999999999999998,1.9949123494208416,1.05,0.052068,500000,26034
0.36111111111111094,0.36168133379841305,2.130434782608695,2.133231261904507,0.85,0.0,500000,0
0.36111111111111094,0.3615474172414533,2.130434782608695,2.1325740611129618,0.8533333333333333,0.0,500000,0
0.36111111111111094,0.3625012702995606,2.130434782608695,2.137261153351317,0.8566666666666667,0.0,500000,0
0.36111111111111094,0.3621103212413655,2.130434782608695,2.1353383925134217,0.86,0.0,500000,0
0.36111111111111094,0.362591632274585,2.130434782608695,2.1377059060849466,0.8633333333333333,0.0,500000,0
0.36111111111111094,0.36339678639240797,2.130434782608695,2.1416743699205045,0.8666666666666667,0.0,500000,0
0.36111111111111094,0.36065202786839096,2.130434782608695,2.128186976697413,0.87,0.0,500000,0
0.36111111111111094,0.3603517329053212,2.130434782608695,2.1267183902242417,0.8733333333333333,0.0,500000,0
0.36111111111111094,0.36084100581101963,2.130434782608695,2.1291118769873076,0.8766666666666667,0.0,500000,0
0.36111111111111094,0.36082809151371853,2.130434782608695,2.1290486541195137,0.88,0.0,500000,0
0.36111111111111094,0.3625820894326061,2.130434782608695,2.137658931202155,0.8833333333333333,0.0,500000,0
0.36111111111111094,0.36054694063016607,2.130434782608695,2.1276728927858337,0.8866666666666667,0.0,500000,0
0.36111111111111094,0.3614025613518724,2.130434782608695,2.131863485443787,0.89,0.0,500000,0
0.36111111111111094,0.36264382865781913,2.130434782608695,2.137962869000368,0.8933333333333333,0.0,500000,0
0.36111111111111094,0.3632170277955422,2.130434782608695,2.1407875010794752,0.8966666666666666,0.0,500000,0
0.36111111111111094,0.3623402649909567,2.130434782608695,2.13646901348042,0.9,0.0,500000,0
0.36111111111111094,0.3639774087038389,2.130434782608695,2.1445423910559,0.9033333333333333,0.0,500000,0
0.36111111111111094,0.3617765379118169,2.130434782608695,2.133698647580682,0.9066666666666666,0.0,500000,0
0.36111111111111094,0.3601616719359163,2.130434782608695,2.1257896132156806,0.91,0.0,500000,0
0.36111111111111094,0.3626890938917973,2.130434782608695,2.1381857439302,0.9133333333333333,0.0,500000,0
0.36111111111111094,0.3608794649009495,2.130434782608695,2.1293001713519364,0.9166666666666666,0.0,500000,0
0.36111111111111094,0.3615520192576897,2.130434782608695,2.1325966411149757,0.92,0.0,500000,0
0.36111111111111094,0.36147095062740076,2.130434782608695,2.132198921826883,0.9233333333333333,0.0,500000,0
0.36111111111111094,0.35991958976493355,2.130434782608695,2.1246074212230766,0.9266666666666666,0.0,500000,0
0.36111111111111094,0.3631420394215297,2.130434782608695,2.140417681492686,0.93,0.0,500000,0
0.36111111111111094,0.36213006219388555,2.130434782608695,2.135435425721404,0.9333333333333333,0.0,500000,0
0.36111111111111094,0.3602245150946842,2.130434782608695,2.1260966498208225,0.9366666666666666,0.0,500000,0
0.36111111111111094,0.3598909001575843,2.130434782608695,2.124467376721198,0.94,0.0,500000,0
0.36111111111111094,0.36109627666551114,2.130434782608695,2.130362098317165,0.9433333333333334,0.0,500000,0
0.36111111111111094,0.3611645710114479,2.130434782608695,2.130696747934811,0.9466666666666667,0.0,500000,0
0.36111111111111094,0.36060914371544367,2.130434782608695,2.1279771681781985,0.95,0.0,500000,0
0.36111111111111094,0.3608557248231676,2.130434782608695,2.129183938081365,0.9533333333333334,0.0,500000,0
0.36111111111111094,0.3606301967883025,2.130434782608695,2.128080165740629,0.9566666666666667,0.0,500000,0
0.36111111111111094,0.36072823951200755,2.130434782608695,2.1285599077195063,0.96,0.0,500000,0
0.36111111111111094,0.36232203635734805,2.130434782608695,2.136379354518167,0.9633333333333334,0.0,500000,0
0.36111111111111094,0.3613170858966264,2.130434782608695,2.1314443455994683,0.9666666666666667,0.0,500000,0
0.36111111111111094,0.3629622377817988,2.130434782608695,2.139531309785919,0.97,0.0,500000,0
0.36111111111111094,0.36185020049225947,2.130434782608695,2.1340603750761513,0.9733333333333334,3.2e-05,500000,16
0.36111111111111094,0.36084311554366116,2.130434782608695,2.1291222055774024,0.9766666666666667,0.0,500000,0
0.36111111111111094,0.35997467724607973,2.130434782608695,2.1248763586327173,0.98,2.8e-05,500000,14
0.36111111111111094,0.3608676347540107,2.130434782608695,2.12924224895142,0.9833333333333334,2.8e-05,500000,14
0.36111111111111094,0.3601845624188031,2.130434782608695,2.125901443642779,0.9866666666666667,0.000856,500000,428
0.36111111111111094,0.361118011123811,2.130434782608695,2.130468591731714,0.99,0.000844,500000,422
0.36111111111111094,0.3628457076774244,2.130434782608695,2.1389571161947836,0.9933333333333334,0.001138,500000,569
0.36111111111111094,0.3615437064828994,2.130434782608695,2.1325558543443686,0.9966666666666667,0.004728,500000,2364
0.36111111111111094,0.3620092938458131,2.130434782608695,2.1348419039769655,1.0,0.00459,500000,2295
0.36111111111111094,0.3613173740651758,2.130434782608695,2.1314457584823896,1.0033333333333334,0.007862,500000,3931
0.36111111111111094,0.360952157994362,2.130434782608695,2.12965613610875,1.0066666666666666,0.008404,500000,4202
0.36111111111111094,0.36167951217402244,2.130434782608695,2.1332223203608827,1.01,0.0109,500000,5450
0.36111111111111094,0.35820507448273015,2.130434782608695,2.1162602265638863,1.0133333333333334,0.014368,500000,7184
0.36111111111111094,0.36082734781794557,2.130434782608695,2.1290450133813663,1.0166666666666666,0.014052,500000,7026
0.36111111111111094,0.36095612043217284,2.130434782608695,2.1296755417680564,1.02,0.020308,500000,10154
0.36111111111111094,0.36237374435565123,2.130434782608695,2.1366336977120146,1.0233333333333334,0.021888,500000,10944
0.36111111111111094,0.3621093714728115,2.130434782608695,2.135333724243223,1.0266666666666666,0.02402,500000,12010
0.36111111111111094,0.3619573935828431,2.130434782608695,2.134586906712599,1.03,0.029104,500000,14552
0.36111111111111094,0.36207716593416706,2.130434782608695,2.1351754368986926,1.0333333333333334,0.03209,500000,16045
0.36111111111111094,0.3610166998291773,2.130434782608695,2.1299722535241994,1.0366666666666666,0.034112,500000,17056
0.36111111111111094,0.3594938203603708,2.130434782608695,2.1225303729704352,1.04,0.037398,500000,18699
0.36111111111111094,0.358525913154165,2.130434782608695,2.1178188503827413,1.0433333333333334,0.04049,500000,20245
0.36111111111111094,0.3607434599410114,2.130434782608695,2.128634397413355,1.0466666666666666,0.043056,500000,21528
0.36111111111111094,0.3596687201305883,2.130434782608695,2.123383259377673,1.05,0.050426,500000,25213
0.38888888888888884,0.3856567818815206,2.2727272727272725,2.255509202372751,0.85,0.0,500000,0
0.38888888888888884,0.3894838803718234,2.2727272727272725,2.275916778770825,0.8533333333333333,0.0,500000,0
0.38888888888888884,0.3865717468495814,2.2727272727272725,2.2603649892688926,0.8566666666666667,0.0,500000,0
0.38888888888888884,0.3904680619250949,2.2727272727272725,2.2812062421480874,0.86,0.0,500000,0
0.38888888888888884,0.38997664997399956,2.2727272727272725,2.2785630253575637,0.8633333333333333,0.0,500000,0
0.38888888888888884,0.38959031960178686,2.2727272727272725,2.2764880116174755,0.8666666666666667,0.0,500000,0
0.38888888888888884,0.38865582515304,2.2727272727272725,2.2714796055767885,0.87,0.0,500000,0
0.38888888888888884,0.38691590644771523,2.2727272727272725,2.262195220906407,0.8733333333333333,0.0,500000,0
0.38888888888888884,0.38562467143658496,2.2727272727272725,2.2553390525569625,0.8766666666666667,0.0,500000,0
0.38888888888888884,0.38775776321711847,2.2727272727272725,2.2666808655823867,0.88,0.0,500000,0
0.38888888888888884,0.39056756053199554,2.2727272727272725,2.281741946237506,0.8833333333333333,0.0,500000,0
0.38888888888888884,0.38583023392759563,2.2727272727272725,2.2564286138504257,0.8866666666666667,0.0,500000,0
0.38888888888888884,0.38736662066501437,2.2727272727272725,2.2645952170791,0.89,0.0,500000,0
0.38888888888888884,0.3889443997972096,2.2727272727272725,2.273024581292213,0.8933333333333333,0.0,500000,0
0.38888888888888884,0.3864501307113786,2.2727272727272725,2.259718728844151,0.8966666666666666,0.0,500000,0
0.38888888888888884,0.38952799254607706,2.2727272727272725,2.2761534936570462,0.9,0.0,500000,0
0.38888888888888884,0.38423989727649593,2.2727272727272725,2.2480181667406014,0.9033333333333333,0.0,500000,0
0.38888888888888884,0.38721113421751624,2.2727272727272725,2.2637668725363596,0.9066666666666666,0.0,500000,0
0.38888888888888884,0.3875996384410613,2.2727272727272725,2.265837392565804,0.91,0.0,500000,0
0.38888888888888884,0.39120398119821764,2.2727272727272725,2.2851726000711237,0.9133333333333333,0.0,500000,0
0.38888888888888884,0.38745815687418717,2.2727272727272725,2.265083067295389,0.9166666666666666,0.0,500000,0
0.38888888888888884,0.3879128297294796,2.2727272727272725,2.2675084483735746,0.92,0.0,500000,0
0.38888888888888884,0.3862213840404471,2.2727272727272725,2.258503877449841,0.9233333333333333,0.0,500000,0
0.38888888888888884,0.3874248695289343,2.2727272727272725,2.264905642614017,0.9266666666666666,0.0,500000,0
0.38888888888888884,0.38798670602645013,2.2727272727272725,2.2679028702380384,0.93,0.0,500000,0
0.38888888888888884,0.38756573022803203,2.2727272727272725,2.2656565752675375,0.9333333333333333,0.0,500000,0
0.38888888888888884,0.3872242657288658,2.2727272727272725,2.2638368136083247,0.9366666666666666,0.0,500000,0
0.38888888888888884,0.38878201401501883,2.2727272727272725,2.2721550181102557,0.94,0.0,500000,0
0.38888888888888884,0.3895185374889944,2.2727272727272725,2.2761027530200306,0.9433333333333334,0.0,500000,0
0.38888888888888884,0.3927689714718973,2.2727272727272725,2.293639333365258,0.9466666666666667,0.0,500000,0
0.38888888888888884,0.3889114985037855,2.2727272727272725,2.2728483601035148,0.95,0.0,500000,0
0.38888888888888884,0.3909002289714652,2.2727272727272725,2.2835343159344332,0.9533333333333334,0.0,500000,0
0.38888888888888884,0.38688217240658174,2.2727272727272725,2.2620157333384148,0.9566666666666667,0.0,500000,0
0.38888888888888884,0.3857335039378708,2.2727272727272725,2.255915816378357,0.96,0.0,500000,0
0.38888888888888884,0.3883439732814506,2.2727272727272725,2.26981164680045,0.9633333333333334,0.0,500000,0
0.38888888888888884,0.39011713938236725,2.2727272727272725,2.2793182578939595,0.9666666666666667,0.0,500000,0
0.38888888888888884,0.38965962456291603,2.2727272727272725,2.276860061187558,0.97,0.0,500000,0
0.38888888888888884,0.38830265649513757,2.2727272727272725,2.2695907890338938,0.9733333333333334,0.0,500000,0
0.38888888888888884,0.39075027452783273,2.2727272727272725,2.2827261406642476,0.9766666666666667,9.4e-05,500000,47
0.38888888888888884,0.389205835634444,2.2727272727272725,2.2744255212022852,0.98,0.000722,500000,361
0.38888888888888884,0.38851440343751126,2.2727272727272725,2.270722992075606,0.9833333333333334,0.00014,500000,70
0.38888888888888884,0.38964907880581295,2.2727272727272725,2.276803442987984,0.9866666666666667,0.000142,500000,71
0.38888888888888884,0.3905351033884785,2.2727272727272725,2.2815671765831302,0.99,0.000764,500000,382
0.38888888888888884,0.3846605699807262,2.2727272727272725,2.250238652734078,0.9933333333333334,0.00124,500000,620
0.38888888888888884,0.3872130195609933,2.2727272727272725,2.2637769140708244,0.9966666666666667,0.002726,500000,1363
0.38888888888888884,0.38494816435202506,2.2727272727272725,2.2517584438926876,1.0,0.003446,500000,1723
0.38888888888888884,0.3907145660391198,2.2727272727272725,2.282533749409168,1.0033333333333334,0.006994,500000,3497
0.38888888888888884,0.39160368416541375,2.2727272727272725,2.287330886046604,1.0066666666666666,0.009972,500000,4986
0.38888888888888884,0.3898847341657101,2.2727272727272725,2.278069099394096,1.01,0.013144,500000,6572
0.38888888888888884,0.3887312279069994,2.2727272727272725,2.2718831573089306,1.0133333333333334,0.011642,500000,5821
0.38888888888888884,0.3867959754437982,2.2727272727272725,2.2615571977817224,1.0166666666666666,0.013164,500000,6582
0.38888888888888884,0.389110581942562,2.2727272727272725,2.273914952332589,1.02,0.020048,500000,10024
0.38888888888888884,0.3891585318728246,2.2727272727272725,2.274171948626785,1.0233333333333334,0.021908,500000,10954
0.38888888888888884,0.38897318383118074,2.2727272727272725,2.2731787657702807,1.0266666666666666,0.023634,500000,11817
0.38888888888888884,0.38951889863850636,2.2727272727272725,2.276104691102811,1.03,0.031482,500000,15741
0.38888888888888884,0.38790880035279895,2.2727272727272725,2.2674869384705514,1.0333333333333334,0.034632,500000,17316
0.38888888888888884,0.39017436074309475,2.2727272727272725,2.2796259639674594,1.0366666666666666,0.034748,500000,17374
0.38888888888888884,0.3884183315982077,2.2727272727272725,2.270209202356365,1.04,0.040648,500000,20324
0.38888888888888884,0.38924023540688996,2.2727272727272725,2.2746099464040594,1.0433333333333334,0.040034,500000,20017
0.38888888888888884,0.3879154642064193,2.2727272727272725,2.267522512077449,1.0466666666666666,0.043148,500000,21574
0.38888888888888884,0.3902891856841207,2.2727272727272725,2.2802436057232844,1.05,0.048018,500000,24009
0.4166666666666665,0.4179345746575217,2.4285714285714275,2.436039855525229,0.85,0.0,500000,0
0.4166666666666665,0.41656368702024565,2.4285714285714275,2.427966267278604,0.8533333333333333,0.0,500000,0
0.4166666666666665,0.41692236433506735,2.4285714285714275,2.4300749637211365,0.8566666666666667,0.0,500000,0
0.4166666666666665,0.4161630455746303,2.4285714285714275,2.4256139232715435,0.86,0.0,500000,0
0.4166666666666665,0.4177325889743768,2.4285714285714275,2.4348479103048897,0.8633333333333333,0.0,500000,0
0.4166666666666665,0.4181648411578116,2.4285714285714275,2.4373996992204137,0.8666666666666667,0.0,500000,0
0.4166666666666665,0.41572087923852624,2.4285714285714275,2.4230215130628987,0.87,0.0,500000,0
0.4166666666666665,0.41584920917911244,2.4285714285714275,2.4237735040801143,0.8733333333333333,0.0,500000,0
0.4166666666666665,0.4162723015239939,2.4285714285714275,2.426255093293657,0.8766666666666667,0.0,500000,0
0.4166666666666665,0.41485078057764546,2.4285714285714275,2.417931586705956,0.88,0.0,500000,0
0.4166666666666665,0.41903533303128293,2.4285714285714275,2.442550147559478,0.8833333333333333,0.0,500000,0
0.4166666666666665,0.4163478422128963,2.4285714285714275,2.4266985452138625,0.8866666666666667,0.0,500000,0
0.4166666666666665,0.41784529669360315,2.4285714285714275,2.4355129120160517,0.89,0.0,500000,0
0.4166666666666665,0.4167515678519317,2.4285714285714275,2.4290705122585967,0.8933333333333333,0.0,500000,0
0.4166666666666665,0.41468555778676136,2.4285714285714275,2.4169667716337857,0.8966666666666666,0.0,500000,0
0.4166666666666665,0.41806421479295514,2.4285714285714275,2.4368053157075176,0.9,0.0,500000,0
0.4166666666666665,0.4166178629179288,2.4285714285714275,2.428284606044831,0.9033333333333333,0.0,500000,0
0.4166666666666665,0.41918190694407026,2.4285714285714275,2.4434189015654693,0.9066666666666666,0.0,500000,0
0.4166666666666665,0.41700391785961743,2.4285714285714275,2.4305547863328694,0.91,0.0,500000,0
0.4166666666666665,0.4170536503915994,2.4285714285714275,2.4308474550762997,0.9133333333333333,0.0,500000,0
0.4166666666666665,0.4166950193732672,2.4285714285714275,2.4287380811511285,0.9166666666666666,0.0,500000,0
0.4166666666666665,0.41634836739018644,2.4285714285714275,2.4267016286015473,0.92,0.0,500000,0
0.4166666666666665,0.4161660318280701,2.4285714285714275,2.425631444950513,0.9233333333333333,0.0,500000,0
0.4166666666666665,0.41473233802996473,2.4285714285714275,2.41723988861424,0.9266666666666666,0.0,500000,0
0.4166666666666665,0.41766913286963225,2.4285714285714275,2.434473617817438,0.93,0.0,500000,0
0.4166666666666665,0.41813233955931167,2.4285714285714275,2.4372076951058985,0.9333333333333333,0.0,500000,0
0.4166666666666665,0.4157969190861063,2.4285714285714275,2.423467053394027,0.9366666666666666,0.0,500000,0
0.4166666666666665,0.4134765915800871,2.4285714285714275,2.409923578988904,0.94,0.0,500000,0
0.4166666666666665,0.41607403240207125,2.4285714285714275,2.4250917256297306,0.9433333333333334,0.0,500000,0
0.4166666666666665,0.41786037243404284,2.4285714285714275,2.435601881910019,0.9466666666666667,0.0,500000,0
0.4166666666666665,0.41351631453552956,2.4285714285714275,2.4101545355282714,0.95,0.0,500000,0
0.4166666666666665,0.41471966724578985,2.4285714285714275,2.4171659084944936,0.9533333333333334,0.0,500000,0
0.4166666666666665,0.41498021396951124,2.4285714285714275,2.4186877910070694,0.9566666666666667,0.0,500000,0
0.4166666666666665,0.41647805280837685,2.4285714285714275,2.4274631993288485,0.96,0.0,500000,0
0.4166666666666665,0.41702386260044666,2.4285714285714275,2.4306721522449957,0.9633333333333334,0.0,500000,0
0.4166666666666665,0.4175213938143766,2.4285714285714275,2.4336025027546557,0.9666666666666667,0.0,500000,0
0.4166666666666665,0.4183266962275762,2.4285714285714275,2.4383561821198656,0.97,0.0,500000,0
0.4166666666666665,0.4161897223350981,2.4285714285714275,2.425770454058312,0.9733333333333334,0.0,500000,0
0.4166666666666665,0.4161550157072678,2.4285714285714275,2.425566809352303,0.9766666666666667,0.000176,500000,88
0.4166666666666665,0.4152792205668879,2.4285714285714275,2.4204359932941046,0.98,0.00049,500000,245
0.4166666666666665,0.4174606217038392,2.4285714285714275,2.4332442998955646,0.9833333333333334,0.00055,500000,275
0.4166666666666665,0.4149917766378127,2.4285714285714275,2.418755361258863,0.9866666666666667,0.000674,500000,337
0.4166666666666665,0.4170833620278009,2.4285714285714275,2.431022327579172,0.99,0.000166,500000,83
0.4166666666666665,0.41476618782630537,2.4285714285714275,2.417437541025756,0.9933333333333334,0.001184,500000,592
0.4166666666666665,0.4167684754354006,2.4285714285714275,2.4291699192581584,0.9966666666666667,0.002654,500000,1327
0.4166666666666665,0.4174582494031149,2.4285714285714275,2.43323031860078,1.0,0.00242,500000,1210
0.4166666666666665,0.4169827525733873,2.4285714285714275,2.4304302468371657,1.0033333333333334,0.008294,500000,4147
0.4166666666666665,0.41440485377644753,2.4285714285714275,2.4153288545812073,1.0066666666666666,0.00897,500000,4485
0.4166666666666665,0.41564722692227907,2.4285714285714275,2.4225900725450877,1.01,0.0139,500000,6950
0.4166666666666665,0.4174811948059229,2.4285714285714275,2.4333655534668317,1.0133333333333334,0.015328,500000,7664
0.4166666666666665,0.4147307578586054,2.4285714285714275,2.417230662391143,1.0166666666666666,0.01752,500000,8760
0.4166666666666665,0.41405368439848866,2.4285714285714275,2.41328197950502,1.02,0.023614,500000,11807
0.4166666666666665,0.4160858925009676,2.4285714285714275,2.4251612939550604,1.0233333333333334,0.026154,500000,13077
0.4166666666666665,0.41883903867559535,2.4285714285714275,2.4413873833545368,1.0266666666666666,0.027124,500000,13562
0.4166666666666665,0.4163116967463467,2.4285714285714275,2.426486343569678,1.03,0.026698,500000,13349
0.4166666666666665,0.41352801270940964,2.4285714285714275,2.4102225568175726,1.0333333333333334,0.034448,500000,17224
0.4166666666666665,0.4154987607019426,2.4285714285714275,2.421720717652971,1.0366666666666666,0.037656,500000,18828
0.4166666666666665,0.41782588405366683,2.4285714285714275,2.435398354578112,1.04,0.036818,500000,18409
0.4166666666666665,0.4169893506508927,2.4285714285714275,2.430469069875254,1.0433333333333334,0.040046,500000,20023
0.4166666666666665,0.4162663807572617,2.4285714285714275,2.426220341042795,1.0466666666666666,0.042294,500000,21147
0.4166666666666665,0.4144587841215059,2.4285714285714275,2.41564341802887,1.05,0.046878,500000,23439
0.4444444444444444,0.44573291234464263,2.5999999999999996,2.6083686809915685,0.85,0.0,500000,0
0.4444444444444444,0.4437319068315911,2.5999999999999996,2.5953886706108533,0.8533333333333333,0.0,500000,0
0.4444444444444444,0.4446485425323663,2.5999999999999996,2.6013230416642266,0.8566666666666667,0.0,500000,0
0.4444444444444444,0.44531812411087907,2.5999999999999996,2.605670361581804,0.86,0.0,500000,0
0.4444444444444444,0.4440415575440665,2.5999999999999996,2.597391184789004,0.8633333333333333,0.0,500000,0
0.4444444444444444,0.44616894425678383,2.5999999999999996,2.611209554357855,0.8666666666666667,0.0,500000,0
0.4444444444444444,0.4448826189442593,2.5999999999999996,2.602841611978233,0.87,0.0,500000,0
0.4444444444444444,0.4449324616255255,2.5999999999999996,2.6031651316829603,0.8733333333333333,0.0,500000,0
0.4444444444444444,0.44504441968415726,2.5999999999999996,2.6038920427860854,0.8766666666666667,0.0,500000,0
0.4444444444444444,0.4443951970283555,2.5999999999999996,2.5996809050300285,0.88,0.0,500000,0
0.4444444444444444,0.44538164420540893,2.5999999999999996,2.6060833167604747,0.8833333333333333,0.0,500000,0
0.4444444444444444,0.4416795734255199,2.5999999999999996,2.582172359823556,0.8866666666666667,0.0,500000,0
0.4444444444444444,0.44672985497593476,2.5999999999999996,2.614870634151075,0.89,0.0,500000,0
0.4444444444444444,0.4450162394125195,2.5999999999999996,2.6037090488609813,0.8933333333333333,0.0,500000,0
0.4444444444444444,0.4436192447771621,2.5999999999999996,2.594660637028995,0.8966666666666666,0.0,500000,0
0.4444444444444444,0.4462158250158334,2.5999999999999996,2.611515262344184,0.9,0.0,500000,0
0.4444444444444444,0.44205770239145775,2.5999999999999996,2.5846000716784148,0.9033333333333333,0.0,500000,0
0.4444444444444444,0.4448700796218289,2.5999999999999996,2.602760230681748,0.9066666666666666,0.0,500000,0
0.4444444444444444,0.4450611908200786,2.5999999999999996,2.6040009581517,0.91,0.0,500000,0
0.4444444444444444,0.4422034335174767,2.5999999999999996,2.5855365919730224,0.9133333333333333,0.0,500000,0
0.4444444444444444,0.442989779586288,2.5999999999999996,2.5905983888671313,0.9166666666666666,0.0,500000,0
0.4444444444444444,0.44518166621437905,2.5999999999999996,2.6047835448292704,0.92,0.0,500000,0
0.4444444444444444,0.446245658174824,2.5999999999999996,2.611709830406013,0.9233333333333333,0.0,500000,0
0.4444444444444444,0.44605105199260614,2.5999999999999996,2.6104410112054315,0.9266666666666666,0.0,500000,0
0.4444444444444444,0.44277534248246503,2.5999999999999996,2.5892166167055577,0.93,0.0,500000,0
0.4444444444444444,0.4480330777826739,2.5999999999999996,2.623405533008624,0.9333333333333333,0.0,500000,0
0.4444444444444444,0.44682172046500934,2.5999999999999996,2.615470950307788,0.9366666666666666,0.0,500000,0
0.4444444444444444,0.44261825726507653,2.5999999999999996,2.5882050785993345,0.94,0.0,500000,0
0.4444444444444444,0.44505007132086444,2.5999999999999996,2.6039287449956094,0.9433333333333334,0.0,500000,0
0.4444444444444444,0.442011834290604,2.5999999999999996,2.5843054080856858,0.9466666666666667,0.0,500000,0
0.4444444444444444,0.447252663217326,2.5999999999999996,2.618289708352495,0.95,0.0,500000,0
0.4444444444444444,0.44461027490509164,2.5999999999999996,2.6010749022377535,0.9533333333333334,0.0,500000,0
0.4444444444444444,0.443662534724894,2.5999999999999996,2.5949403461638347,0.9566666666666667,0.0,500000,0
0.4444444444444444,0.4432869937404054,2.5999999999999996,2.5925153131188075,0.96,0.0,500000,0
0.4444444444444444,0.44353299308999516,2.5999999999999996,2.5941034691450304,0.9633333333333334,1.2e-05,500000,6
0.4444444444444444,0.44317417346424154,2.5999999999999996,2.5917874220073793,0.9666666666666667,2e-05,500000,10
0.4444444444444444,0.44675257102702626,2.5999999999999996,2.615019058855311,0.97,0.0,500000,0
0.4444444444444444,0.44787915194422134,2.5999999999999996,2.622395363338911,0.9733333333333334,0.000122,500000,61
0.4444444444444444,0.44294047280040366,2.5999999999999996,2.590280575676059,0.9766666666666667,0.000322,500000,161
0.4444444444444444,0.4434505605375382,2.5999999999999996,2.593571133467822,0.98,0.000476,500000,238
0.4444444444444444,0.4436216555642239,2.5999999999999996,2.5946762126915672,0.9833333333333334,7.8e-05,500000,39
0.4444444444444444,0.447609784392505,2.5999999999999996,2.6206289385493298,0.9866666666666667,0.000598,500000,299
0.4444444444444444,0.4426341037956764,2.5999999999999996,2.588307095249373,0.99,0.000868,500000,434
0.4444444444444444,0.4433939558187887,2.5999999999999996,2.593205680944547,0.9933333333333334,0.001964,500000,982
0.4444444444444444,0.44557514104673346,2.5999999999999996,2.6073418565248416,0.9966666666666667,0.002916,500000,1458
0.4444444444444444,0.44383177787432104,2.5999999999999996,2.596034294005482,1.0,0.003528,500000,1764
0.4444444444444444,0.4450480529588405,2.5999999999999996,2.6039156374951227,1.0033333333333334,0.006332,500000,3166
0.4444444444444444,0.44306715289811993,2.5999999999999996,2.591097221877701,1.0066666666666666,0.009858,500000,4929
0.4444444444444444,0.4435187995328301,2.5999999999999996,2.5940117982799524,1.01,0.011422,500000,5711
0.4444444444444444,0.44632054049646513,2.5999999999999996,2.6121982957311265,1.0133333333333334,0.012894,500000,6447
0.4444444444444444,0.4445005791465308,2.5999999999999996,2.60036378962772,1.0166666666666666,0.02062,500000,10310
0.4444444444444444,0.44719885827730066,2.5999999999999996,2.617937534946801,1.02,0.017202,500000,8601
0.4444444444444444,0.44632955422792947,2.5999999999999996,2.612257102166764,1.0233333333333334,0.024246,500000,12123
0.4444444444444444,0.446054789531834,2.5999999999999996,2.610465371312991,1.0266666666666666,0.023074,500000,11537
0.4444444444444444,0.44308900775548865,2.5999999999999996,2.591238147301466,1.03,0.02982,500000,14910
0.4444444444444444,0.4412278412681797,2.5999999999999996,2.5792763987009764,1.0333333333333334,0.032088,500000,16044
0.4444444444444444,0.44074043861945605,2.5999999999999996,2.576157008497017,1.0366666666666666,0.035178,500000,17589
0.4444444444444444,0.442530044411901,2.5999999999999996,2.5876372887039523,1.04,0.039978,500000,19989
0.4444444444444444,0.44513215860546224,2.5999999999999996,2.604461911098401,1.0433333333333334,0.04038,500000,20190
0.4444444444444444,0.44398626463188295,2.5999999999999996,2.597033441405671,1.0466666666666666,0.043936,500000,21968
0.4444444444444444,0.44457024064617007,2.5999999999999996,2.600815344008105,1.05,0.048374,500000,24187
0.4722222222222221,0.47094371509114713,2.789473684210525,2.7803161157882568,0.85,0.0,500000,0
0.4722222222222221,0.47167048074741197,2.789473684210525,2.785516286936494,0.8533333333333333,0.0,500000,0
0.4722222222222221,0.4723250068877959,2.789473684210525,2.790211827557124,0.8566666666666667,0.0,500000,0
0.4722222222222221,0.4717961936660206,2.789473684210525,2.78641724277052,0.86,0.0,500000,0
0.4722222222222221,0.47195821320551895,2.789473684210525,2.787579032601106,0.8633333333333333,0.0,500000,0
0.4722222222222221,0.47216790371308115,2.789473684210525,2.7890837144409657,0.8666666666666667,0.0,500000,0
0.4722222222222221,0.47201365200183953,2.789473684210525,2.7879767300478915,0.87,0.0,500000,0
0.4722222222222221,0.4717021438186789,2.789473684210525,2.7857431685536973,0.8733333333333333,0.0,500000,0
0.4722222222222221,0.4728294047333794,2.789473684210525,2.7938383095674837,0.8766666666666667,0.0,500000,0
0.4722222222222221,0.47174252162208835,2.789473684210525,2.786032535007889,0.88,0.0,500000,0
0.4722222222222221,0.4702404216959161,2.789473684210525,2.7752974781552564,0.8833333333333333,0.0,500000,0
0.4722222222222221,0.46916463387789353,2.789473684210525,2.7676464825818443,0.8866666666666667,0.0,500000,0
0.4722222222222221,0.4700240077325191,2.789473684210525,2.773755847775445,0.89,0.0,500000,0
0.4722222222222221,0.4720543256975886,2.789473684210525,2.788268561235307,0.8933333333333333,0.0,500000,0
0.4722222222222221,0.47395788127630967,2.789473684210525,2.8019769307683955,0.8966666666666666,0.0,500000,0
0.4722222222222221,0.46821006051889164,2.789473684210525,2.7608834833383478,0.9,0.0,500000,0
0.4722222222222221,0.4711794610356803,2.789473684210525,2.7820013646159514,0.9033333333333333,0.0,500000,0
0.4722222222222221,0.4750923504327017,2.789473684210525,2.8101940439402577,0.9066666666666666,0.0,500000,0
0.4722222222222221,0.4736063698470898,2.789473684210525,2.7994380734034094,0.91,0.0,500000,0
0.4722222222222221,0.470917090496687,2.789473684210525,2.7801258821184365,0.9133333333333333,0.0,500000,0
0.4722222222222221,0.47334337224241446,2.789473684210525,2.79754074018903,0.9166666666666666,0.0,500000,0
0.4722222222222221,0.4730800372064715,2.789473684210525,2.7956428703075957,0.92,0.0,500000,0
0.4722222222222221,0.4708390982958829,2.789473684210525,2.7795687352545744,0.9233333333333333,0.0,500000,0
0.4722222222222221,0.4740095698314732,2.789473684210525,2.802350547250835,0.9266666666666666,0.0,500000,0
0.4722222222222221,0.47389068765599024,2.789473684210525,2.801491349942595,0.93,0.0,500000,0
0.4722222222222221,0.472940474617744,2.789473684210525,2.794637804049698,0.9333333333333333,0.0,500000,0
0.4722222222222221,0.4704035906933285,2.789473684210525,2.7764606497584223,0.9366666666666666,0.0,500000,0
0.4722222222222221,0.4692857941914416,2.789473684210525,2.768506623923779,0.94,0.0,500000,0
0.4722222222222221,0.4727748795484077,2.789473684210525,2.793445953953994,0.9433333333333334,0.0,500000,0
0.4722222222222221,0.47174166332607914,2.789473684210525,2.7860263835922088,0.9466666666666667,0.0,500000,0
0.4722222222222221,0.4701215313760411,2.789473684210525,2.7744504040592535,0.95,0.0,500000,0
0.4722222222222221,0.4736851183989263,2.789473684210525,2.8000065548515547,0.9533333333333334,0.000178,500000,89
0.4722222222222221,0.4735138044413887,2.789473684210525,2.7987700662843857,0.9566666666666667,0.0,500000,0
0.4722222222222221,0.4735003120590375,2.789473684210525,2.7986727168283982,0.96,9.6e-05,500000,48
0.4722222222222221,0.47126737082508147,2.789473684210525,2.7826301794935144,0.9633333333333334,0.0,500000,0
0.4722222222222221,0.47243086705084664,2.789473684210525,2.7909723581056403,0.9666666666666667,0.0,500000,0
0.4722222222222221,0.47176655411997315,2.789473684210525,2.7862047842654833,0.97,0.000226,500000,113
0.4722222222222221,0.470939868876013,2.789473684210525,2.7802886332617898,0.9733333333333334,0.000428,500000,214
0.4722222222222221,0.47242680625818423,2.789473684210525,2.7909431785473955,0.9766666666666667,0.000232,500000,116
0.4722222222222221,0.47158480675049436,2.789473684210525,2.784902526554806,0.98,0.001242,500000,621
0.4722222222222221,0.470719792723921,2.789473684210525,2.778716778949521,0.9833333333333334,0.000444,500000,222
0.4722222222222221,0.4731884206217499,2.789473684210525,2.796423765704668,0.9866666666666667,0.00108,500000,540
0.4722222222222221,0.47180298376623536,2.789473684210525,2.786465918078678,0.99,0.001848,500000,924
0.4722222222222221,0.47277979093174993,2.789473684210525,2.793481292256562,0.9933333333333334,0.002134,500000,1067
0.4722222222222221,0.4729189512664511,2.789473684210525,2.794482850038959,0.9966666666666667,0.002426,500000,1213
0.4722222222222221,0.4696463573106765,2.789473684210525,2.771068658750747,1.0,0.004962,500000,2481
0.4722222222222221,0.4745531650431579,2.789473684210525,2.8062842269556563,1.0033333333333334,0.009594,500000,4797
0.4722222222222221,0.4733227102542716,2.789473684210525,2.7973917595071716,1.0066666666666666,0.008728,500000,4364
0.4722222222222221,0.47165030790364193,2.789473684210525,2.785371752682405,1.01,0.009644,500000,4822
0.4722222222222221,0.4719797079568368,2.789473684210525,2.7877332180947874,1.0133333333333334,0.014256,500000,7128
0.4722222222222221,0.47045084781875,2.789473684210525,2.776797662241286,1.0166666666666666,0.01679,500000,8395
0.4722222222222221,0.4731383943391474,2.789473684210525,2.7960632896970385,1.02,0.018528,500000,9264
0.4722222222222221,0.4719801030107543,2.789473684210525,2.787736052000962,1.0233333333333334,0.022992,500000,11496
0.4722222222222221,0.47158748140371975,2.789473684210525,2.7849216845069633,1.0266666666666666,0.028126,500000,14063
0.4722222222222221,0.4712559999064271,2.789473684210525,2.7825488320360248,1.03,0.028782,500000,14391
0.4722222222222221,0.471002691247174,2.789473684210525,2.780737570698115,1.0333333333333334,0.036152,500000,18076
0.4722222222222221,0.4713060587207763,2.789473684210525,2.782906978583518,1.0366666666666666,0.03596,500000,17980
0.4722222222222221,0.4713589872117599,2.789473684210525,2.783285730048244,1.04,0.037922,500000,18961
0.4722222222222221,0.47410638867670146,2.789473684210525,2.8030505732279742,1.0433333333333334,0.039872,500000,19936
0.4722222222222221,0.4736791461152795,2.789473684210525,2.7999634353041576,1.0466666666666666,0.042018,500000,21009
0.4722222222222221,0.47348815189735466,2.789473684210525,2.798584983808556,1.05,0.04829,500000,24145
0.5,0.497852010982922,3.0,2.9828895937925983,0.85,0.0,500000,0
0.5,0.5015478073557481,3.0,3.01242090919522,0.8533333333333333,0.0,500000,0
0.5,0.5006164469794752,3.0,3.0049376634512415,0.8566666666666667,0.0,500000,0
0.5,0.5009329331963351,3.0,3.007477417432573,0.86,0.0,500000,0
0.5,0.5014226548560458,3.0,3.011413714400802,0.8633333333333333,0.0,500000,0
0.5,0.4981633676856627,3.0,2.985360715451423,0.8666666666666667,0.0,500000,0
0.5,0.4972922210761426,3.0,2.9784544497827037,0.87,0.0,500000,0
0.5,0.5014175382699677,3.0,3.011372548204356,0.8733333333333333,0.0,500000,0
0.5,0.49983550046491987,3.0,2.9986844365385146,0.8766666666666667,0.0,500000,0
0.5,0.49787690994563294,3.0,2.983087094806676,0.88,0.0,500000,0
0.5,0.4987783106669265,3.0,2.9902503075260047,0.8833333333333333,0.0,500000,0
0.5,0.49842497305077105,3.0,2.987439351127118,0.8866666666666667,0.0,500000,0
0.5,0.4997642756410695,3.0,2.998115093765184,0.89,0.0,500000,0
0.5,0.5008736003676816,3.0,3.007001035155224,0.8933333333333333,0.0,500000,0
0.5,0.5000595219794068,3.0,3.0004762325278596,0.8966666666666666,0.0,500000,0
0.5,0.4983671567125548,3.0,2.986979773678738,0.9,0.0,500000,0
0.5,0.5006934037440833,3.0,3.0055549335761462,0.9033333333333333,0.0,500000,0
0.5,0.4982845527711868,3.0,2.9863233453282065,0.9066666666666666,0.0,500000,0
0.5,0.4986134792563085,3.0,2.9889385080266226,0.91,0.0,500000,0
0.5,0.4976391851720536,3.0,2.9812022374495513,0.9133333333333333,0.0,500000,0
0.5,0.5023443721226533,3.0,3.018843328529431,0.9166666666666666,0.0,500000,0
0.5,0.5018669649710942,3.0,3.0149916977177456,0.92,0.0,500000,0
0.5,0.49936112268062466,3.0,2.9948955037387734,0.9233333333333333,0.0,500000,0
0.5,0.5004974696400365,3.0,3.0039837206804774,0.9266666666666666,0.0,500000,0
0.5,0.4999279740882657,3.0,2.999423875697882,0.93,0.0,500000,0
0.5,0.4975260457265475,3.0,2.9803058108591545,0.9333333333333333,0.0,500000,0
0.5,0.49943874146638717,3.0,2.99551496625802,0.9366666666666666,0.0,500000,0
0.5,0.5004609015868955,3.0,3.003690614715522,0.94,0.0,500000,0
0.5,0.5004951535508722,3.0,3.0039651551282605,0.9433333333333334,0.0,500000,0
0.5,0.5008916101231223,3.0,3.00714562320495,0.9466666666666667,0.0,500000,0
0.5,0.5007036520184768,3.0,3.005637149330824,0.95,0.0,500000,0
0.5,0.4997145470870501,3.0,2.9977176796863643,0.9533333333333334,0.0,500000,0
0.5,0.5026509378821721,3.0,3.0213205419218743,0.9566666666666667,0.0,500000,0
0.5,0.4977798170593115,3.0,2.982317055219179,0.96,0.000352,500000,176
0.5,0.5003643625595018,3.0,3.002917026186269,0.9633333333333334,0.00023,500000,115
0.5,0.49945815100314017,3.0,2.995669900545213,0.9666666666666667,0.00028,500000,140
0.5,0.49891818573622254,3.0,2.991364170616593,0.97,0.0,500000,0
0.5,0.4976850098704154,3.0,2.9815654306554746,0.9733333333333334,0.00034,500000,170
0.5,0.4964853376231747,3.0,2.9720789669938554,0.9766666666666667,0.000408,500000,204
0.5,0.5016032197348448,3.0,3.0128670151841024,0.98,0.001122,500000,561
0.5,0.4999754370246723,3.0,2.9998035058503403,0.9833333333333334,0.000914,500000,457
0.5,0.5013972279332133,3.0,3.0112091469321083,0.9866666666666667,0.001626,500000,813
0.5,0.5006139879021301,3.0,3.0049179423312298,0.99,0.001182,500000,591
0.5,0.5011396515778082,3.0,3.009138040988126,0.9933333333333334,0.002412,500000,1206
0.5,0.49924277203848705,3.0,2.993951336741794,0.9966666666666667,0.003666,500000,1833
0.5,0.49825324355082307,3.0,2.986074596981644,1.0,0.006162,500000,3081
0.5,0.49933317172444125,3.0,2.9946724788789743,1.0033333333333334,0.008036,500000,4018
0.5,0.49990110701144874,3.0,2.999209012537818,1.0066666666666666,0.009218,500000,4609
0.5,0.4997102232227056,3.0,2.997683128532739,1.01,0.012694,500000,6347
0.5,0.4991985057147504,3.0,2.9935983075578196,1.0133333333333334,0.01682,500000,8410
0.5,0.5026014412209439,3.0,3.0209203760246477,1.0166666666666666,0.016024,500000,8012
0.5,0.5012073640576986,3.0,3.0096822925656683,1.02,0.022162,500000,11081
0.5,0.49844034839478335,3.0,2.987561586341923,1.0233333333333334,0.021554,500000,10777
0.5,0.4998856871186827,3.0,2.999085705980629,1.0266666666666666,0.028874,500000,14437
0.5,0.49935812989961464,3.0,2.9948716227010204,1.03,0.033706,500000,16853
0.5,0.49691428215059286,3.0,2.9754656692493837,1.0333333333333334,0.033568,500000,16784
0.5,0.4982171760803164,3.0,2.98578808333249,1.0366666666666666,0.030356,500000,15178
0.5,0.49925200913258033,3.0,2.9940250115342533,1.04,0.038668,500000,19334
0.5,0.4980722857663885,3.0,2.984637515092747,1.0433333333333334,0.036724,500000,18362
0.5,0.4991458327617394,3.0,2.993178315812201,1.0466666666666666,0.046456,500000,23228
0.5,0.5001594959423092,3.0,3.001276374691642,1.05,0.047528,500000,23764
0.5277777777777777,0.5270093326039208,3.235294117647058,3.2284132391246816,0.85,0.0,500000,0
0.5277777777777777,0.5305395651365553,3.235294117647058,3.2602099164794454,0.8533333333333333,0.0,500000,0
0.5277777777777777,0.528781436738719,3.235294117647058,3.2443149653487686,0.8566666666666667,0.0,500000,0
0.5277777777777777,0.5255329789093671,3.235294117647058,3.215256089670264,0.86,0.0,500000,0
0.5277777777777777,0.5268677460241011,3.235294117647058,3.2271478707978325,0.8633333333333333,0.0,500000,0
0.5277777777777777,0.5277728311793756,3.235294117647058,3.2352497527724853,0.8666666666666667,0.0,500000,0
0.5277777777777777,0.5271002042689981,3.235294117647058,3.2292257642201507,0.87,0.0,500000,0
0.5277777777777777,0.525284289043495,3.235294117647058,3.213047838611027,0.8733333333333333,0.0,500000,0
0.5277777777777777,0.5284396539243166,3.235294117647058,3.24123872298416,0.8766666666666667,0.0,500000,0
0.5277777777777777,0.5287961928681963,3.235294117647058,3.2444478795150435,0.88,0.0,500000,0
0.5277777777777777,0.5256973519767213,3.235294117647058,3.2167169176374495,0.8833333333333333,0.0,500000,0
0.5277777777777777,0.52626773477518,3.235294117647058,3.221793926260978,0.8866666666666667,0.0,500000,0
0.5277777777777777,0.5291535591639178,3.235294117647058,3.2476693599904873,0.89,0.0,500000,0
0.5277777777777777,0.5268694104994297,3.235294117647058,3.2271627419211484,0.8933333333333333,0.0,500000,0
0.5277777777777777,0.5289745607675188,3.235294117647058,3.246055166911849,0.8966666666666666,0.0,500000,0
0.5277777777777777,0.5287981926942179,3.235294117647058,3.244465893362159,0.9,0.0,500000,0
0.5277777777777777,0.5294147107475055,3.235294117647058,3.250026606604975,0.9033333333333333,0.0,500000,0
0.5277777777777777,0.5288824057576117,3.235294117647058,3.2452245987888264,0.9066666666666666,0.0,500000,0
0.5277777777777777,0.5281418179241432,3.235294117647058,3.238561661051108,0.91,0.0,500000,0
0.5277777777777777,0.526184583222224,3.235294117647058,3.2210530286270083,0.9133333333333333,0.0,500000,0
0.5277777777777777,0.5283994402802127,3.235294117647058,3.240877070180636,0.9166666666666666,0.0,500000,0
0.5277777777777777,0.5321768683274127,3.235294117647058,3.2751199429782116,0.92,0.0,500000,0
0.5277777777777777,0.5273991564005316,3.235294117647058,3.2319010367552576,0.9233333333333333,0.0,500000,0
0.5277777777777777,0.5263152409922832,3.235294117647058,3.2222173332949016,0.9266666666666666,0.0,500000,0
0.5277777777777777,0.5271725129914018,3.235294117647058,3.2298725326931566,0.93,0.0,500000,0
0.5277777777777777,0.5286341182104491,3.235294117647058,3.242988466638605,0.9333333333333333,0.0,500000,0
0.5277777777777777,0.5254538985160465,3.235294117647058,3.2145536413549674,0.9366666666666666,0.0,500000,0
0.5277777777777777,0.5286698216081058,3.235294117647058,3.2433098742450377,0.94,0.0,500000,0
0.5277777777777777,0.528965955280934,3.235294117647058,3.245977594237036,0.9433333333333334,0.0,500000,0
0.5277777777777777,0.5284482620026194,3.235294117647058,3.24131614590955,0.9466666666666667,0.0,500000,0
0.5277777777777777,0.5286751724989537,3.235294117647058,3.2433580480025954,0.95,0.0,500000,0
0.5277777777777777,0.5284583204120956,3.235294117647058,3.241406617009688,0.9533333333333334,0.0,500000,0
0.5277777777777777,0.5280887243783388,3.235294117647058,3.238084791183145,0.9566666666666667,4.8e-05,500000,24
0.5277777777777777,0.5277146080606336,3.235294117647058,3.2347276331950727,0.96,0.000436,500000,218
0.5277777777777777,0.5278547846786517,3.235294117647058,3.235984894263459,0.9633333333333334,0.0,500000,0
0.5277777777777777,0.5254201649437161,3.235294117647058,3.2142540669955046,0.9666666666666667,3.2e-05,500000,16
0.5277777777777777,0.5262925429165376,3.235294117647058,3.2220150223381867,0.97,0.000144,500000,72
0.5277777777777777,0.5269235088457739,3.235294117647058,3.2276461362946627,0.9733333333333334,0.000458,500000,229
0.5277777777777777,0.5262611130653905,3.235294117647058,3.2217349159180624,0.9766666666666667,0.000508,500000,254
0.5277777777777777,0.5259509552472496,3.235294117647058,3.218972745832953,0.98,0.000582,500000,291
0.5277777777777777,0.5288000773455782,3.235294117647058,3.244482869889604,0.9833333333333334,0.001928,500000,964
0.5277777777777777,0.528610506688281,3.235294117647058,3.242775938744664,0.9866666666666667,0.001818,500000,909
0.5277777777777777,0.526204927785429,3.235294117647058,3.2212342788872355,0.99,0.002408,500000,1204
0.5277777777777777,0.5291670072022151,3.235294117647058,3.2477906828822576,0.9933333333333334,0.003592,500000,1796
0.5277777777777777,0.5281010502928484,3.235294117647058,3.2381954891850224,0.9966666666666667,0.003004,500000,1502
0.5277777777777777,0.5296428327096794,3.235294117647058,3.252087858088343,1.0,0.008586,500000,4293
0.5277777777777777,0.5278265723932167,3.235294117647058,3.2357317948555986,1.0033333333333334,0.009594,500000,4797
0.5277777777777777,0.5267358814994743,3.235294117647058,3.225970070025029,1.0066666666666666,0.00832,500000,4160
0.5277777777777777,0.5302236862439871,3.235294117647058,3.257345339549702,1.01,0.01101,500000,5505
0.5277777777777777,0.5286570973551827,3.235294117647058,3.2431953229326758,1.0133333333333334,0.018538,500000,9269
0.5277777777777777,0.5285097718776526,3.235294117647058,3.2418694613560866,1.0166666666666666,0.01814,500000,9070
0.5277777777777777,0.528940729319313,3.235294117647058,3.2457502154876887,1.02,0.019374,500000,9687
0.5277777777777777,0.5268516725845309,3.235294117647058,3.227004269305618,1.0233333333333334,0.01922,500000,9610
0.5277777777777777,0.5298885612267727,3.235294117647058,3.254310435881059,1.0266666666666666,0.025678,500000,12839
0.5277777777777777,0.5270734600425627,3.235294117647058,3.2289865994409985,1.03,0.032988,500000,16494
0.5277777777777777,0.5285304155990662,3.235294117647058,3.2420551954401717,1.0333333333333334,0.033662,500000,16831
0.5277777777777777,0.5283509625115075,3.235294117647058,3.2404411777238002,1.0366666666666666,0.036064,500000,18032
0.5277777777777777,0.5293070734388851,3.235294117647058,3.249054717290975,1.04,0.038558,500000,19279
0.5277777777777777,0.529485238604675,3.235294117647058,3.2506636647678024,1.0433333333333334,0.043022,500000,21511
0.5277777777777777,0.5265707728169794,3.235294117647058,3.2244962608251257,1.0466666666666666,0.04559,500000,22795
0.5277777777777777,0.5284979900225794,3.235294117647058,3.241763465856225,1.05,0.050496,500000,25248
0.5555555555555554,0.556434715248211,3.4999999999999982,3.508919134911928,0.85,0.0,500000,0
0.5555555555555554,0.554543563482619,3.4999999999999982,3.489776858173118,0.8533333333333333,0.0,500000,0
0.5555555555555554,0.5552720604803771,3.4999999999999982,3.4971314421133943,0.8566666666666667,0.0,500000,0
0.5555555555555554,0.5566815960892602,3.4999999999999982,3.511430119654339,0.86,0.0,500000,0
0.5555555555555554,0.5571045484804135,3.4999999999999982,3.5157384053910348,0.8633333333333333,0.0,500000,0
0.5555555555555554,0.5542484934416707,3.4999999999999982,3.4868048017203686,0.8666666666666667,0.0,500000,0
0.5555555555555554,0.5530229861223697,3.4999999999999982,3.4745030234318572,0.87,0.0,500000,0
0.5555555555555554,0.5580150745530204,3.4999999999999982,3.5250412058225713,0.8733333333333333,0.0,500000,0
0.5555555555555554,0.5535362333252065,3.4999999999999982,3.479646836507587,0.8766666666666667,0.0,500000,0
0.5555555555555554,0.5534749869113285,3.4999999999999982,3.4790323976830324,0.88,0.0,500000,0
0.5555555555555554,0.5544467885930068,3.4999999999999982,3.4888016712623093,0.8833333333333333,0.0,500000,0
0.5555555555555554,0.5549600448343222,3.4999999999999982,3.493978522120441,0.8866666666666667,0.0,500000,0
0.5555555555555554,0.5561976496293439,3.4999999999999982,3.5065106084490867,0.89,0.0,500000,0
0.5555555555555554,0.5567086582537837,3.4999999999999982,3.5117055346075254,0.8933333333333333,0.0,500000,0
0.5555555555555554,0.5553369061625192,3.4999999999999982,3.497787263475877,0.8966666666666666,0.0,500000,0
0.5555555555555554,0.554101747071134,3.4999999999999982,3.4853281816268065,0.9,0.0,500000,0
0.5555555555555554,0.5556096336915576,3.4999999999999982,3.5005476077576367,0.9033333333333333,0.0,500000,0
0.5555555555555554,0.5554246471591804,3.4999999999999982,3.4986749427742136,0.9066666666666666,0.0,500000,0
0.5555555555555554,0.5537713732304388,3.4999999999999982,3.4820073837011547,0.91,0.0,500000,0
0.5555555555555554,0.5544128300673252,3.4999999999999982,3.488459576388131,0.9133333333333333,0.0,500000,0
0.5555555555555554,0.5550601629229659,3.4999999999999982,3.494989734204744,0.9166666666666666,0.0,500000,0
0.5555555555555554,0.557914738817031,3.4999999999999982,3.5240142018040403,0.92,0.0,500000,0
0.5555555555555554,0.5562009900326151,3.4999999999999982,3.506544528224571,0.9233333333333333,0.0,500000,0
0.5555555555555554,0.5581359444815194,3.4999999999999982,3.5262790105278237,0.9266666666666666,0.0,500000,0
0.5555555555555554,0.5564360987823892,3.4999999999999982,3.508933198824057,0.93,0.0,500000,0
0.5555555555555554,0.554781641828691,3.4999999999999982,3.4921777444551143,0.9333333333333333,6e-06,500000,3
0.5555555555555554,0.554896492602859,3.4999999999999982,3.4933368683062556,0.9366666666666666,0.0,500000,0
0.5555555555555554,0.5553249452841019,3.4999999999999982,3.4976662819051003,0.94,0.0,500000,0
0.5555555555555554,0.5558681942810928,3.4999999999999982,3.5031676953706126,0.9433333333333334,0.0,500000,0
0.5555555555555554,0.553251952795048,3.4999999999999982,3.4767962893466704,0.9466666666666667,0.0,500000,0
0.5555555555555554,0.5556852766034303,3.4999999999999982,3.5013138090742837,0.95,0.000498,500000,249
0.5555555555555554,0.5549315061770724,3.4999999999999982,3.4936903594791606,0.9533333333333334,0.000262,500000,131
0.5555555555555554,0.5550033026449869,3.4999999999999982,3.4944153785582457,0.9566666666666667,0.0,500000,0
0.5555555555555554,0.5540074568242407,3.4999999999999982,3.484379908593737,0.96,0.000112,500000,56
0.5555555555555554,0.5582899175728783,3.4999999999999982,3.5278567992162193,0.9633333333333334,0.000498,500000,249
0.5555555555555554,0.5564578359609061,3.4999999999999982,3.509154173274313,0.9666666666666667,0.000258,500000,129
0.5555555555555554,0.5577528812549783,3.4999999999999982,3.5223584625615243,0.97,0.000308,500000,154
0.5555555555555554,0.555820714558103,3.4999999999999982,3.5026863375906347,0.9733333333333334,0.000448,500000,224
0.5555555555555554,0.5567818214430312,3.4999999999999982,3.5124502936941955,0.9766666666666667,0.000732,500000,366
0.5555555555555554,0.5553578021614145,3.4999999999999982,3.4979986373808867,0.98,0.000972,500000,486
0.5555555555555554,0.5574318228481046,3.4999999999999982,3.5190777449720985,0.9833333333333334,0.001704,500000,852
0.5555555555555554,0.552596760841476,3.4999999999999982,3.4702403222685656,0.9866666666666667,0.003912,500000,1956
0.5555555555555554,0.5575688101215287,3.4999999999999982,3.520476959477852,0.99,0.003228,500000,1614
0.5555555555555554,0.5563348742569734,3.4999999999999982,3.5079044620658584,0.9933333333333334,0.002822,500000,1411
0.5555555555555554,0.5571760487770248,3.4999999999999982,3.5164675363120543,0.9966666666666667,0.005166,500000,2583
0.5555555555555554,0.5549713637440171,3.4999999999999982,3.4940928224888186,1.0,0.005754,500000,2877
0.5555555555555554,0.5568502277441215,3.4999999999999982,3.5131468528549368,1.0033333333333334,0.009082,500000,4541
0.5555555555555554,0.5527736421350035,3.4999999999999982,3.472008334991152,1.0066666666666666,0.008,500000,4000
0.5555555555555554,0.554868725215398,3.4999999999999982,3.493056572957708,1.01,0.014566,500000,7283
0.5555555555555554,0.5563517769063376,3.4999999999999982,3.5080762096904947,1.0133333333333334,0.014692,500000,7346
0.5555555555555554,0.5546357019508277,3.4999999999999982,3.4907057183537002,1.0166666666666666,0.014544,500000,7272
0.5555555555555554,0.5572759010443967,3.4999999999999982,3.517486183196369,1.02,0.01816,500000,9080
0.5555555555555554,0.5557956940981591,3.4999999999999982,3.5024327171694614,1.0233333333333334,0.029162,500000,14581
0.5555555555555554,0.5559155924513134,3.4999999999999982,3.5036483290189215,1.0266666666666666,0.028578,500000,14289
0.5555555555555554,0.5574839712347395,3.4999999999999982,3.519610296559294,1.03,0.031186,500000,15593
0.5555555555555554,0.5579881445074945,3.4999999999999982,3.5247655128424737,1.0333333333333334,0.032236,500000,16118
0.5555555555555554,0.5571693144466212,3.4999999999999982,3.516398852307898,1.0366666666666666,0.03375,500000,16875
0.5555555555555554,0.555325933268216,3.4999999999999982,3.497676274893603,1.04,0.037136,500000,18568
0.5555555555555554,0.5536007143308243,3.4999999999999982,3.4802939077330644,1.0433333333333334,0.042898,500000,21449
0.5555555555555554,0.5546538244670779,3.4999999999999982,3.490888459088497,1.0466666666666666,0.04554,500000,22770
0.5555555555555554,0.553323432741532,3.4999999999999982,3.4775126939728307,1.05,0.044488,500000,22244
0.5833333333333333,0.5842653503652009,3.799999999999999,3.8107609066429604,0.85,0.0,500000,0
0.5833333333333333,0.5837069174651206,3.799999999999999,3.8043075513569913,0.8533333333333333,0.0,500000,0
0.5833333333333333,0.5834498178391359,3.799999999999999,3.801342276757513,0.8566666666666667,0.0,500000,0
0.5833333333333333,0.5796660346866429,3.799999999999999,3.7581213155330166,0.86,0.0,500000,0
0.5833333333333333,0.5829873166821435,3.799999999999999,3.796017195658184,0.8633333333333333,0.0,500000,0
0.5833333333333333,0.5829608777474407,3.799999999999999,3.7957131436431477,0.8666666666666667,0.0,500000,0
0.5833333333333333,0.586493823291056,3.799999999999999,3.8366871225910293,0.87,0.0,500000,0
0.5833333333333333,0.5814446743863563,3.799999999999999,3.7783408252369055,0.8733333333333333,0.0,500000,0
0.5833333333333333,0.5844844429074483,3.799999999999999,3.8132975188568463,0.8766666666666667,0.0,500000,0
0.5833333333333333,0.5841877284674235,3.799999999999999,3.809862856207964,0.88,0.0,500000,0
0.5833333333333333,0.5822793509887555,3.799999999999999,3.787888759471315,0.8833333333333333,0.0,500000,0
0.5833333333333333,0.5834694082352656,3.799999999999999,3.8015680949783492,0.8866666666666667,0.0,500000,0
0.5833333333333333,0.5828568579288967,3.799999999999999,3.7945172730637733,0.89,0.0,500000,0
0.5833333333333333,0.5844683777819725,3.799999999999999,3.8131114289795476,0.8933333333333333,0.0,500000,0
0.5833333333333333,0.5829974471705687,3.799999999999999,3.7961337081264106,0.8966666666666666,0.0,500000,0
0.5833333333333333,0.5809802865778002,3.799999999999999,3.773045123976831,0.9,0.0,500000,0
0.5833333333333333,0.5848320867644811,3.799999999999999,3.817327968371746,0.9033333333333333,0.0,500000,0
0.5833333333333333,0.5846686366530315,3.799999999999999,3.8154321500858988,0.9066666666666666,0.0,500000,0
0.5833333333333333,0.5820090612226351,3.799999999999999,3.784792717875788,0.91,0.0,500000,0
0.5833333333333333,0.5840353890921304,3.799999999999999,3.8081013325505517,0.9133333333333333,0.0,500000,0
0.5833333333333333,0.5823037135114476,3.799999999999999,3.7881680175167483,0.9166666666666666,0.0,500000,0
0.5833333333333333,0.5840967036820881,3.799999999999999,3.8088101674270507,0.92,0.0,500000,0
0.5833333333333333,0.5792121524701463,3.799999999999999,3.752988974706799,0.9233333333333333,0.0,500000,0
0.5833333333333333,0.5857640777063358,3.799999999999999,3.8281664924804373,0.9266666666666666,0.0,500000,0
0.5833333333333333,0.583955590917635,3.799999999999999,3.807179128812802,0.93,0.0,500000,0
0.5833333333333333,0.5854772316752201,3.799999999999999,3.8248254446496275,0.9333333333333333,0.0,500000,0
0.5833333333333333,0.5816963078055364,3.799999999999999,3.7812152685236815,0.9366666666666666,0.0,500000,0
0.5833333333333333,0.5856668520003195,3.799999999999999,3.8270335348634545,0.94,0.0,500000,0
0.5833333333333333,0.582472188427437,3.799999999999999,3.7901000713395976,0.9433333333333334,9.4e-05,500000,47
0.5833333333333333,0.5816984431919362,3.799999999999999,3.7812396761355904,0.9466666666666667,0.0001,500000,50
0.5833333333333333,0.5840150805025153,3.799999999999999,3.807866598664265,0.95,0.0,500000,0
0.5833333333333333,0.5826834835398138,3.799999999999999,3.7925253880786878,0.9533333333333334,0.0,500000,0
0.5833333333333333,0.585102359272013,3.799999999999999,3.8204660708380107,0.9566666666666667,0.000252,500000,126
0.5833333333333333,0.5854936239159869,3.799999999999999,3.8250162491942836,0.96,0.000118,500000,59
0.5833333333333333,0.5843369252846943,3.799999999999999,3.811589293491686,0.9633333333333334,0.000192,500000,96
0.5833333333333333,0.5854042148836193,3.799999999999999,3.823975717550004,0.9666666666666667,0.00022,500000,110
0.5833333333333333,0.5858839438559241,3.799999999999999,3.8295640082696427,0.97,0.000314,500000,157
0.5833333333333333,0.5815896421185479,3.799999999999999,3.7799963894934425,0.9733333333333334,0.000478,500000,239
0.5833333333333333,0.5824007046866062,3.799999999999999,3.7892801124079227,0.9766666666666667,0.000588,500000,294
0.5833333333333333,0.5843137153169522,3.799999999999999,3.8113206369677526,0.98,0.001194,500000,597
0.5833333333333333,0.5828253892832506,3.799999999999999,3.794155609239477,0.9833333333333334,0.001086,500000,543
0.5833333333333333,0.5818588457333382,3.799999999999999,3.783073800778139,0.9866666666666667,0.00174,500000,870
0.5833333333333333,0.5838276573003294,3.799999999999999,3.805701376084219,0.99,0.004034,500000,2017
0.5833333333333333,0.5834570351313361,3.799999999999999,3.801425467912056,0.9933333333333334,0.003396,500000,1698
0.5833333333333333,0.5835376830422595,3.799999999999999,3.8023552637607425,0.9966666666666667,0.004308,500000,2154
0.5833333333333333,0.5844761897517627,3.799999999999999,3.813201916889393,1.0,0.008998,500000,4499
0.5833333333333333,0.5833803630525155,3.799999999999999,3.8005418435235754,1.0033333333333334,0.011208,500000,5604
0.5833333333333333,0.5831677291441455,3.799999999999999,3.7980929976787317,1.0066666666666666,0.011352,500000,5676
0.5833333333333333,0.5830629951214439,3.799999999999999,3.7968877230807387,1.01,0.013612,500000,6806
0.5833333333333333,0.5838137266915293,3.799999999999999,3.805540519395342,1.0133333333333334,0.01635,500000,8175
0.5833333333333333,0.58388323342538,3.799999999999999,3.806343220590585,1.0166666666666666,0.01539,500000,7695
0.5833333333333333,0.5828905904177469,3.799999999999999,3.794905015456393,1.02,0.019916,500000,9958
0.5833333333333333,0.5812207202441206,3.799999999999999,3.775785471444211,1.0233333333333334,0.026202,500000,13101
0.5833333333333333,0.5847375742840398,3.799999999999999,3.816231558999758,1.0266666666666666,0.02431,500000,12155
0.5833333333333333,0.5856230536981513,3.799999999999999,3.8265233330406367,1.03,0.02865,500000,14325
0.5833333333333333,0.5829236688318158,3.799999999999999,3.795285300410655,1.0333333333333334,0.027346,500000,13673
0.5833333333333333,0.579878963189103,3.799999999999999,3.7605328578207597,1.0366666666666666,0.035996,500000,17998
0.5833333333333333,0.5843693720861204,3.799999999999999,3.8119649171148375,1.04,0.037482,500000,18741
0.5833333333333333,0.5844257245113732,3.799999999999999,3.8126174259665766,1.0433333333333334,0.041286,500000,20643
0.5833333333333333,0.5837591017971923,3.799999999999999,3.8049098698262163,1.0466666666666666,0.048162,500000,24081
0.5833333333333333,0.583251964557988,3.799999999999999,3.799062814726304,1.05,0.051266,500000,25633
0.6111111111111109,0.6116417295985179,4.142857142857141,4.149883889256211,0.85,0.0,500000,0
0.6111111111111109,0.6105215769627825,4.142857142857141,4.135072655382723,0.8533333333333333,0.0,500000,0
0.6111111111111109,0.6086969038384765,4.142857142857141,4.111127460065977,0.8566666666666667,0.0,500000,0
0.6111111111111109,0.610489867131168,4.142857142857141,4.134654611600316,0.86,0.0,500000,0
0.6111111111111109,0.6129529609859448,4.142857142857141,4.167330578460702,0.8633333333333333,0.0,500000,0
0.6111111111111109,0.6140768074589751,4.142857142857141,4.182378355733035,0.8666666666666667,0.0,500000,0
0.6111111111111109,0.6098048366484357,4.142857142857141,4.125640161249276,0.87,0.0,500000,0
0.6111111111111109,0.6124650177683062,4.142857142857141,4.160824420243612,0.8733333333333333,0.0,500000,0
0.6111111111111109,0.6111476310513939,4.142857142857141,4.143340145792802,0.8766666666666667,0.0,500000,0
0.6111111111111109,0.6111578881090576,4.142857142857141,4.143475819205856,0.88,0.0,500000,0
0.6111111111111109,0.6094084891110362,4.142857142857141,4.1204389861113855,0.8833333333333333,0.0,500000,0
0.6111111111111109,0.612483479654317,4.142857142857141,4.161070289896044,0.8866666666666667,0.0,500000,0
0.6111111111111109,0.6102012593839603,4.142857142857141,4.130852903319265,0.89,0.0,500000,0
0.6111111111111109,0.610187332098962,4.142857142857141,4.1306695874433235,0.8933333333333333,0.0,500000,0
0.6111111111111109,0.6126806315541843,4.142857142857141,4.16369735917245,0.8966666666666666,0.0,500000,0
0.6111111111111109,0.6114037570465415,4.142857142857141,4.146730150552528,0.9,0.0,500000,0
0.6111111111111109,0.6099153100607245,4.142857142857141,4.127091761307885,0.9033333333333333,0.0,500000,0
0.6111111111111109,0.6119934429693792,4.142857142857141,4.154552065578014,0.9066666666666666,0.0,500000,0
0.6111111111111109,0.6107920052459781,4.142857142857141,4.138640590525364,0.91,0.0,500000,0
0.6111111111111109,0.6122124395930738,4.142857142857141,4.1574630137730395,0.9133333333333333,0.0,500000,0
0.6111111111111109,0.6091840879914836,4.142857142857141,4.117498900496194,0.9166666666666666,0.0,500000,0
0.6111111111111109,0.6113903915377785,4.142857142857141,4.146553138287699,0.92,0.0,500000,0
0.6111111111111109,0.6091580853521126,4.142857142857141,4.117158434252928,0.9233333333333333,0.0,500000,0
0.6111111111111109,0.610359877803198,4.142857142857141,4.132941619882326,0.9266666666666666,0.0,500000,0
0.6111111111111109,0.6108779543091701,4.142857142857141,4.139775610629537,0.93,0.0,500000,0
0.6111111111111109,0.6143280401370801,4.142857142857141,4.185754237126453,0.9333333333333333,0.0,500000,0
0.6111111111111109,0.6097387692328464,4.142857142857141,4.12477244042026,0.9366666666666666,0.0,500000,0
0.6111111111111109,0.610885383882458,4.142857142857141,4.1398737471116975,0.94,0.0,500000,0
0.6111111111111109,0.611685226369361,4.142857142857141,4.150460749408364,0.9433333333333334,0.0,500000,0
0.6111111111111109,0.6092503211825435,4.142857142857141,4.118366331234593,0.9466666666666667,1.2e-05,500000,6
0.6111111111111109,0.611358498517922,4.142857142857141,4.146130797593754,0.95,0.0,500000,0
0.6111111111111109,0.6106882457617648,4.142857142857141,4.137271038511006,0.9533333333333334,0.000272,500000,136
0.6111111111111109,0.6132556946847602,4.142857142857141,4.171375434655144,0.9566666666666667,0.0003,500000,150
0.6111111111111109,0.6114367486631103,4.142857142857141,4.147167142334755,0.96,0.000416,500000,208
0.6111111111111109,0.6093523330196696,4.142857142857141,4.119702916594412,0.9633333333333334,0.000776,500000,388
0.6111111111111109,0.6101161654838836,4.142857142857141,4.129733071601169,0.9666666666666667,0.000652,500000,326
0.6111111111111109,0.6148394462459468,4.142857142857141,4.192639745961922,0.97,6e-06,500000,3
0.6111111111111109,0.6100027091626032,4.142857142857141,4.128240751892476,0.9733333333333334,0.000976,500000,488
0.6111111111111109,0.6100652234064524,4.142857142857141,4.1290629101407905,0.9766666666666667,0.002042,500000,1021
0.6111111111111109,0.6123869625494583,4.142857142857141,4.159785163973475,0.98,0.002684,500000,1342
0.6111111111111109,0.6104817761039112,4.142857142857141,4.134547955151739,0.9833333333333334,0.001682,500000,841
0.6111111111111109,0.6116501003254876,4.142857142857141,4.149994892946437,0.9866666666666667,0.004622,500000,2311
0.6111111111111109,0.6114294924434424,4.142857142857141,4.147071023420104,0.99,0.002832,500000,1416
0.6111111111111109,0.6119607206845216,4.142857142857141,4.15411739638344,0.9933333333333334,0.004598,500000,2299
0.6111111111111109,0.608894351019534,4.142857142857141,4.113707780016983,0.9966666666666667,0.008178,500000,4089
0.6111111111111109,0.609811441434139,4.142857142857141,4.1257269238006495,1.0,0.008654,500000,4327
0.6111111111111109,0.6118725802518628,4.142857142857141,4.152946940202873,1.0033333333333334,0.007032,500000,3516
0.6111111111111109,0.6102335196356177,4.142857142857141,4.131277574537074,1.0066666666666666,0.011918,500000,5959
0.6111111111111109,0.6098698190592255,4.142857142857141,4.126493918458514,1.01,0.015868,500000,7934
0.6111111111111109,0.6106260081600644,4.142857142857141,4.136449896279059,1.0133333333333334,0.01925,500000,9625
0.6111111111111109,0.6124506007387731,4.142857142857141,4.160632435019991,1.0166666666666666,0.019036,500000,9518
0.6111111111111109,0.6112212158783593,4.142857142857141,4.144313634599573,1.02,0.015534,500000,7767
0.6111111111111109,0.6128978872640843,4.142857142857141,4.166595412938025,1.0233333333333334,0.024342,500000,12171
0.6111111111111109,0.6104208335477226,4.142857142857141,4.133744748758262,1.0266666666666666,0.024336,500000,12168
0.6111111111111109,0.612097117902451,4.142857142857141,4.1559297244330455,1.03,0.03275,500000,16375
0.6111111111111109,0.6131805074902863,4.142857142857141,4.170370259843553,1.0333333333333334,0.034756,500000,17378
0.6111111111111109,0.61077917689821,4.142857142857141,4.138471225823792,1.0366666666666666,0.03456,500000,17280
0.6111111111111109,0.6100314938122257,4.142857142857141,4.128619281468276,1.04,0.043416,500000,21708
0.6111111111111109,0.6088375344712907,4.142857142857141,4.112965011345677,1.0433333333333334,0.046648,500000,23324
0.6111111111111109,0.6131292196494335,4.142857142857141,4.16968481875959,1.0466666666666666,0.040796,500000,20398
0.6111111111111109,0.6133143010256286,4.142857142857141,4.172159211744097,1.05,0.054524,500000,27262
0.6388888888888888,0.6414686463632943,4.538461538461537,4.578312690684701,0.85,0.0,500000,0
0.6388888888888888,0.6423410524860811,4.538461538461537,4.591919379906375,0.8533333333333333,0.0,500000,0
0.6388888888888888,0.6385876180924789,4.538461538461537,4.533844716232671,0.8566666666666667,0.0,500000,0
0.6388888888888888,0.6368805447640964,4.538461538461537,4.507829368990111,0.86,0.0,500000,0
0.6388888888888888,0.639405580927789,4.538461538461537,4.546397543106426,0.8633333333333333,0.0,500000,0
0.6388888888888888,0.6406439706832148,4.538461538461537,4.565511183442335,0.8666666666666667,0.0,500000,0
0.6388888888888888,0.6366262452512872,4.538461538461537,4.503974829946314,0.87,0.0,500000,0
0.6388888888888888,0.6405093571276297,4.538461538461537,4.563427142413992,0.8733333333333333,0.0,500000,0
0.6388888888888888,0.6368984669333427,4.538461538461537,4.508101227523171,0.8766666666666667,0.0,500000,0
0.6388888888888888,0.6363871279535332,4.538461538461537,4.500355333252384,0.88,0.0,500000,0
0.6388888888888888,0.6386267163220065,4.538461538461537,4.53444344209498,0.8833333333333333,0.0,500000,0
0.6388888888888888,0.6354297817911201,4.538461538461537,4.485911629934904,0.8866666666666667,0.0,500000,0
0.6388888888888888,0.6378613098924354,4.538461538461537,4.522745993823382,0.89,0.0,500000,0
0.6388888888888888,0.638723921774599,4.538461538461537,4.53593254727537,0.8933333333333333,0.0,500000,0
0.6388888888888888,0.6404211871340822,4.538461538461537,4.562062970450302,0.8966666666666666,0.0,500000,0
0.6388888888888888,0.6381019173361028,4.538461538461537,4.526417783919139,0.9,0.0,500000,0
0.6388888888888888,0.6386064139941893,4.538461538461537,4.53413252876005,0.9033333333333333,0.0,500000,0
0.6388888888888888,0.6380953074109262,4.538461538461537,4.526316847930206,0.9066666666666666,0.0,500000,0
0.6388888888888888,0.6386557168124121,4.538461538461537,4.534887621182377,0.91,0.0,500000,0
0.6388888888888888,0.6394789488751875,4.538461538461537,4.547526264444401,0.9133333333333333,0.0,500000,0
0.6388888888888888,0.6376640462781921,4.538461538461537,4.5197392901714295,0.9166666666666666,0.0,500000,0
0.6388888888888888,0.6367157709470915,4.538461538461537,4.505331198147666,0.92,0.000136,500000,68
0.6388888888888888,0.6390435454585954,4.538461538461537,4.540834565601553,0.9233333333333333,4e-05,500000,20
0.6388888888888888,0.6360321418209316,4.538461538461537,4.494990711558988,0.9266666666666666,0.0,500000,0
0.6388888888888888,0.6395997081507607,4.538461538461537,4.549385073296858,0.93,0.0,500000,0
0.6388888888888888,0.639465627266278,4.538461538461537,4.547321285444063,0.9333333333333333,0.0,500000,0
0.6388888888888888,0.6401163698907681,4.538461538461537,4.557351967892956,0.9366666666666666,0.0,500000,0
0.6388888888888888,0.6411963725805971,4.538461538461537,4.574079655728271,0.94,1e-05,500000,5
0.6388888888888888,0.6401842210236253,4.538461538461537,4.558399928123549,0.9433333333333334,2e-05,500000,10
0.6388888888888888,0.6392603925572073,4.538461538461537,4.54416526141274,0.9466666666666667,7.6e-05,500000,38
0.6388888888888888,0.6373775499936282,4.538461538461537,4.515378322453166,0.95,3e-05,500000,15
0.6388888888888888,0.6400157348521859,4.538461538461537,4.5557983879622475,0.9533333333333334,0.00036,500000,180
0.6388888888888888,0.6395432754213525,4.538461538461537,4.5485162673490995,0.9566666666666667,6e-06,500000,3
0.6388888888888888,0.6392632342930591,4.538461538461537,4.544208936066087,0.96,0.000114,500000,57
0.6388888888888888,0.6389756559550652,4.538461538461537,4.539792628917763,0.9633333333333334,0.000382,500000,191
0.6388888888888888,0.6402370286657612,4.538461538461537,4.559215815298273,0.9666666666666667,0.000568,500000,284
0.6388888888888888,0.63814838403284,4.538461538461537,4.527127451550503,0.97,0.000304,500000,152
0.6388888888888888,0.6393950499605232,4.538461538461537,4.546235568261202,0.9733333333333334,0.000774,500000,387
0.6388888888888888,0.6411373418013139,4.538461538461537,4.573162752678184,0.9766666666666667,0.00051,500000,255
0.6388888888888888,0.6371030281064204,4.538461538461537,4.511206085749607,0.98,0.00184,500000,920
0.6388888888888888,0.6389395462557987,4.538461538461537,4.539238593592779,0.9833333333333334,0.003352,500000,1676
0.6388888888888888,0.6348945083120109,4.538461538461537,4.477868850324373,0.9866666666666667,0.003476,500000,1738
0.6388888888888888,0.6371222820726448,4.538461538461537,4.511498505401154,0.99,0.00358,500000,1790
0.6388888888888888,0.6383016391907849,4.538461538461537,4.529469349889974,0.9933333333333334,0.004076,500000,2038
0.6388888888888888,0.6386940952153138,4.538461538461537,4.535475544447204,0.9966666666666667,0.00503,500000,2515
0.6388888888888888,0.6382785111966923,4.538461538461537,4.529115802925203,1.0,0.009198,500000,4599
0.6388888888888888,0.6391947091314577,4.538461538461537,4.5431559642197445,1.0033333333333334,0.012018,500000,6009
0.6388888888888888,0.6408481072575593,4.538461538461537,4.568674536915955,1.0066666666666666,0.014844,500000,7422
0.6388888888888888,0.636271020486,4.538461538461537,4.498599541538647,1.01,0.013036,500000,6518
0.6388888888888888,0.6385353030762784,4.538461538461537,4.533043799356294,1.0133333333333334,0.013916,500000,6958
0.6388888888888888,0.638550831269558,4.538461538461537,4.533281504076554,1.0166666666666666,0.015654,500000,7827
0.6388888888888888,0.6371469804996218,4.538461538461537,4.511873658248324,1.02,0.018388,500000,9194
0.6388888888888888,0.6399140811075336,4.538461538461537,4.554229963091853,1.0233333333333334,0.024656,500000,12328
0.6388888888888888,0.6380594210354936,4.538461538461537,4.525768914118164,1.0266666666666666,0.02738,500000,13690
0.6388888888888888,0.640179570040375,4.538461538461537,4.558328081105393,1.03,0.02935,500000,14675
0.6388888888888888,0.6401465826353014,4.538461538461537,4.557818554695206,1.0333333333333334,0.030816,500000,15408
0.6388888888888888,0.6405399432502296,4.538461538461537,4.563900529265904,1.0366666666666666,0.034644,500000,17322
0.6388888888888888,0.6397528971665019,4.538461538461537,4.5517448558757065,1.04,0.03788,500000,18940
0.6388888888888888,0.6376966573854208,4.538461538461537,4.520236124698451,1.0433333333333334,0.040352,500000,20176
0.6388888888888888,0.6397430549184749,4.538461538461537,4.551593181770322,1.0466666666666666,0.042018,500000,21009
0.6388888888888888,0.640367794727089,4.538461538461537,4.561237204777802,1.05,0.044212,500000,22106
0.6666666666666665,0.6687689492896441,4.999999999999997,5.038081259926609,0.85,0.0,500000,0
0.6666666666666665,0.6669517312435717,4.999999999999997,5.0051355542781115,0.8533333333333333,0.0,500000,0
0.6666666666666665,0.6675580427720578,4.999999999999997,5.016087790713732,0.8566666666666667,0.0,500000,0
0.6666666666666665,0.666929149122902,4.999999999999997,5.004728407584346,0.86,0.0,500000,0
0.6666666666666665,0.6668007609985428,4.999999999999997,5.0024146693541915,0.8633333333333333,0.0,500000,0
0.6666666666666665,0.6684659829667685,4.999999999999997,5.032563469345376,0.8666666666666667,0.0,500000,0
0.6666666666666665,0.6663809752054151,4.999999999999997,4.994861957382182,0.87,0.0,500000,0
0.6666666666666665,0.665831296959428,4.999999999999997,4.985000934564409,0.8733333333333333,0.0,500000,0
0.6666666666666665,0.6684531686923497,4.999999999999997,5.03233031096036,0.8766666666666667,0.0,500000,0
0.6666666666666665,0.6667415806882152,4.999999999999997,5.001348755509971,0.88,0.0,500000,0
0.6666666666666665,0.6672366057563516,4.999999999999997,5.010276474507907,0.8833333333333333,0.0,500000,0
0.6666666666666665,0.6676000709258738,4.999999999999997,5.016848455927299,0.8866666666666667,0.0,500000,0
0.6666666666666665,0.6677253861910847,4.999999999999997,5.019117672197977,0.89,0.0,500000,0
0.6666666666666665,0.666877401904809,4.999999999999997,5.003795633908009,0.8933333333333333,1.8e-05,500000,9
0.6666666666666665,0.6658136508706483,4.999999999999997,4.984684907718569,0.8966666666666666,0.0,500000,0
0.6666666666666665,0.667232823838176,4.999999999999997,5.010208167368658,0.9,0.0,500000,0
0.6666666666666665,0.6692745065224598,4.999999999999997,5.0473112579566575,0.9033333333333333,0.0,500000,0
0.6666666666666665,0.668497584080813,4.999999999999997,5.0331385352182645,0.9066666666666666,0.0,500000,0
0.6666666666666665,0.6677811544281054,4.999999999999997,5.020128077192976,0.91,0.0,500000,0
0.6666666666666665,0.6671173269683596,4.999999999999997,5.00812286739208,0.9133333333333333,0.0,500000,0
0.6666666666666665,0.6695885594948019,4.999999999999997,5.053059170536002,0.9166666666666666,0.0,500000,0
0.6666666666666665,0.6701094244646923,4.999999999999997,5.062616359241652,0.92,5.8e-05,500000,29
0.6666666666666665,0.665895713134512,4.999999999999997,4.986154858303897,0.9233333333333333,0.0,500000,0
0.6666666666666665,0.6655922236249477,4.999999999999997,4.980722164059118,0.9266666666666666,4.6e-05,500000,23
0.6666666666666665,0.6660415805078467,4.999999999999997,4.98876950921428,0.93,0.0,500000,0
0.6666666666666665,0.6661381805383965,4.999999999999997,4.990502307886733,0.9333333333333333,3e-05,500000,15
0.6666666666666665,0.6676750966502271,4.999999999999997,5.0182068206155295,0.9366666666666666,0.00019,500000,95
0.6666666666666665,0.6644529331222971,4.999999999999997,4.960415683588562,0.94,0.0003,500000,150
0.6666666666666665,0.6662106918059885,4.999999999999997,4.991803664476636,0.9433333333333334,0.0,500000,0
0.6666666666666665,0.6663813719729765,4.999999999999997,4.994869086980352,0.9466666666666667,0.000294,500000,147
0.6666666666666665,0.666029139918573,4.999999999999997,4.988546424416702,0.95,0.000218,500000,109
0.6666666666666665,0.6674487034453784,4.999999999999997,5.014109765082513,0.9533333333333334,0.000124,500000,62
0.6666666666666665,0.6637196353835066,4.999999999999997,4.947418316501691,0.9566666666666667,0.000584,500000,292
0.6666666666666665,0.6657473193936125,4.999999999999997,4.983497264320161,0.96,0.000236,500000,118
0.6666666666666665,0.6683655152313379,4.999999999999997,5.03073592119088,0.9633333333333334,0.001148,500000,574
0.6666666666666665,0.667284097956023,4.999999999999997,5.011134387365856,0.9666666666666667,0.000464,500000,232
0.6666666666666665,0.6662423421493475,4.999999999999997,4.992371869097147,0.97,0.001446,500000,723
0.6666666666666665,0.6672232793542978,4.999999999999997,5.010035786515676,0.9733333333333334,0.001018,500000,509
0.6666666666666665,0.6678963646305617,4.999999999999997,5.022216522186403,0.9766666666666667,0.003038,500000,1519
0.6666666666666665,0.6673010286155399,4.999999999999997,5.011440286927851,0.98,0.0026,500000,1300
0.6666666666666665,0.6683197508714731,4.999999999999997,5.029903816265511,0.9833333333333334,0.003906,500000,1953
0.6666666666666665,0.6657249928927658,4.999999999999997,4.983097621649013,0.9866666666666667,0.005158,500000,2579
0.6666666666666665,0.6686166028714466,4.999999999999997,5.035305381410347,0.99,0.006362,500000,3181
0.6666666666666665,0.6680450137136273,4.999999999999997,5.024913264217786,0.9933333333333334,0.00851,500000,4255
0.6666666666666665,0.6651955026634138,4.999999999999997,4.973635407858206,0.9966666666666667,0.008914,500000,4457
0.6666666666666665,0.667130607209177,4.999999999999997,5.008362568969541,1.0,0.009558,500000,4779
0.6666666666666665,0.6657187136389611,4.999999999999997,4.982985233100694,1.0033333333333334,0.012248,500000,6124
0.6666666666666665,0.6662217505111877,4.999999999999997,4.9920021842736535,1.0066666666666666,0.014064,500000,7032
0.6666666666666665,0.6657525330445975,4.999999999999997,4.98359059596659,1.01,0.016196,500000,8098
0.6666666666666665,0.6653565879633514,4.999999999999997,4.976510901045227,1.0133333333333334,0.01751,500000,8755
0.6666666666666665,0.6649847721543479,4.999999999999997,4.969877885435817,1.0166666666666666,0.022544,500000,11272
0.6666666666666665,0.66964298288137,4.999999999999997,5.054056358311915,1.02,0.024438,500000,12219
0.6666666666666665,0.6676117515753321,4.999999999999997,5.017059897511022,1.0233333333333334,0.020346,500000,10173
0.6666666666666665,0.6641950765783597,4.999999999999997,4.95583882338967,1.0266666666666666,0.02839,500000,14195
0.6666666666666665,0.668022686360279,4.999999999999997,5.024508054699495,1.03,0.030384,500000,15192
0.6666666666666665,0.6686685468513792,4.999999999999997,5.036251557146576,1.0333333333333334,0.032454,500000,16227
0.6666666666666665,0.6676541970704275,4.999999999999997,5.017828365426419,1.0366666666666666,0.028454,500000,14227
0.6666666666666665,0.6640304156409907,4.999999999999997,4.9529198270009065,1.04,0.044734,500000,22367
0.6666666666666665,0.6684159824181676,4.999999999999997,5.0316538010050955,1.0433333333333334,0.044638,500000,22319
0.6666666666666665,0.6662873187366328,4.999999999999997,4.993179499287871,1.0466666666666666,0.044708,500000,22354
0.6666666666666665,0.6666884784595092,4.999999999999997,5.0003926379635795,1.05,0.046978,500000,23489
0.6944444444444444,0.6942482202705837,5.545454545454545,5.541253829397025,0.85,0.0,500000,0
0.6944444444444444,0.6943377314567362,5.545454545454545,5.543169392583755,0.8533333333333333,0.0,500000,0
0.6944444444444444,0.6946270216290666,5.545454545454545,5.549367958715132,0.8566666666666667,0.0,500000,0
0.6944444444444444,0.6912203718173173,5.545454545454545,5.477111238752913,0.86,0.0,500000,0
0.6944444444444444,0.6946329397324731,5.545454545454545,5.549494887391697,0.8633333333333333,0.0,500000,0
0.6944444444444444,0.6942639577298958,5.545454545454545,5.541590533945255,0.8666666666666667,0.0,500000,0
0.6944444444444444,0.6963983894489228,5.545454545454545,5.58758033717191,0.87,0.0,500000,0
0.6944444444444444,0.695072496708673,5.545454545454545,5.5589360697621455,0.8733333333333333,0.0,500000,0
0.6944444444444444,0.6930890461567514,5.545454545454545,5.516548122363458,0.8766666666666667,0.0,500000,0
0.6944444444444444,0.694638259448201,5.545454545454545,5.549608986331858,0.88,0.0,500000,0
0.6944444444444444,0.694301940723733,5.545454545454545,5.54240332678249,0.8833333333333333,0.0,500000,0
0.6944444444444444,0.6965960267278755,5.545454545454545,5.591871485500257,0.8866666666666667,0.0,500000,0
0.6944444444444444,0.694722158648051,5.545454545454545,5.551409008733909,0.89,0.0,500000,0
0.6944444444444444,0.6935068370298709,5.545454545454545,5.52543104263282,0.8933333333333333,0.0,500000,0
0.6944444444444444,0.6939900214044376,5.545454545454545,5.5357345834898295,0.8966666666666666,0.0,500000,0
0.6944444444444444,0.693168148397368,5.545454545454545,5.518228109479764,0.9,0.0,500000,0
0.6944444444444444,0.6933048829679727,5.545454545454545,5.5211341457097465,0.9033333333333333,0.0,500000,0
0.6944444444444444,0.6952784710166162,5.545454545454545,5.563369535038852,0.9066666666666666,2e-05,500000,10
0.6944444444444444,0.6937148476988626,5.545454545454545,5.529862727506994,0.91,0.0,500000,0
0.6944444444444444,0.6937885392677474,5.545454545454545,5.531434176948638,0.9133333333333333,0.0,500000,0
0.6944444444444444,0.6925452793295004,5.545454545454545,5.505022904310543,0.9166666666666666,0.0,500000,0
0.6944444444444444,0.695014050859321,5.545454545454545,5.557679150908923,0.92,4.2e-05,500000,21
0.6944444444444444,0.6935479332391059,5.545454545454545,5.526306123954055,0.9233333333333333,0.000168,500000,84
0.6944444444444444,0.6928783255914978,5.545454545454545,5.51207702566704,0.9266666666666666,0.000266,500000,133
0.6944444444444444,0.694318971104814,5.545454545454545,5.542767823140813,0.93,0.00021,500000,105
0.6944444444444444,0.6949769529395173,5.545454545454545,5.556881584110012,0.9333333333333333,6.4e-05,500000,32
0.6944444444444444,0.6968533899873928,5.545454545454545,5.597467805814566,0.9366666666666666,0.000416,500000,208
0.6944444444444444,0.69569269958098,5.545454545454545,5.572303711564177,0.94,8.2e-05,500000,41
0.6944444444444444,0.6950458659029256,5.545454545454545,5.558363295915677,0.9433333333333334,0.00043,500000,215
0.6944444444444444,0.695020587459901,5.545454545454545,5.557819701147986,0.9466666666666667,0.0,500000,0
0.6944444444444444,0.6935888561114096,5.545454545454545,5.527177747579542,0.95,0.000876,500000,438
0.6944444444444444,0.6933976127417447,5.545454545454545,5.523106417678911,0.9533333333333334,0.000174,500000,87
0.6944444444444444,0.6935490584861141,5.545454545454545,5.526330087680206,0.9566666666666667,0.001076,500000,538
0.6944444444444444,0.6940562111698081,5.545454545454545,5.537148564601392,0.96,0.000694,500000,347
0.6944444444444444,0.6934116744816426,5.545454545454545,5.523405601366409,0.9633333333333334,0.00152,500000,760
0.6944444444444444,0.6948107980428772,5.545454545454545,5.553311805183027,0.9666666666666667,0.002008,500000,1004
0.6944444444444444,0.6951502093974434,5.545454545454545,5.5606080819240935,0.97,0.001592,500000,796
0.6944444444444444,0.694025828404362,5.545454545454545,5.536499435786077,0.9733333333333334,0.00235,500000,1175
0.6944444444444444,0.693831583987926,5.545454545454545,5.532352442000838,0.9766666666666667,0.002272,500000,1136
0.6944444444444444,0.6941357912599437,5.545454545454545,5.538849407188185,0.98,0.00336,500000,1680
0.6944444444444444,0.6939424893479618,5.545454545454545,5.5347195556126465,0.9833333333333334,0.002794,500000,1397
0.6944444444444444,0.6932930691978115,5.545454545454545,5.520882963971577,0.9866666666666667,0.00462,500000,2310
0.6944444444444444,0.6954231286454048,5.545454545454545,5.566486782483083,0.99,0.007722,500000,3861
0.6944444444444444,0.6959815115584119,5.545454545454545,5.578547279318722,0.9933333333333334,0.009242,500000,4621
0.6944444444444444,0.692852471747874,5.545454545454545,5.511528877934757,0.9966666666666667,0.012176,500000,6088
0.6944444444444444,0.6954330741010776,5.545454545454545,5.566701207286526,1.0,0.013054,500000,6527
0.6944444444444444,0.6927113157693495,5.545454545454545,5.508537745238944,1.0033333333333334,0.0145,500000,7250
0.6944444444444444,0.69467802688669,5.545454545454545,5.550462056845699,1.0066666666666666,0.013954,500000,6977
0.6944444444444444,0.6935816708992314,5.545454545454545,5.527024691601529,1.01,0.013178,500000,6589
0.6944444444444444,0.6930811262283638,5.545454545454545,5.516379965241582,1.0133333333333334,0.019114,500000,9557
0.6944444444444444,0.6935429192294824,5.545454545454545,5.526199345668401,1.0166666666666666,0.019552,500000,9776
0.6944444444444444,0.6958325849199967,5.545454545454545,5.575326286919826,1.02,0.02427,500000,12135
0.6944444444444444,0.6937313798386705,5.545454545454545,5.530215204373479,1.0233333333333334,0.02854,500000,14270
0.6944444444444444,0.6935890646704098,5.545454545454545,5.527182190311534,1.0266666666666666,0.026402,500000,13201
0.6944444444444444,0.6940565895030949,5.545454545454545,5.537156648517624,1.03,0.032636,500000,16318
0.6944444444444444,0.6934588908991781,5.545454545454545,5.524410399200965,1.0333333333333334,0.032758,500000,16379
0.6944444444444444,0.6939774278449913,5.545454545454545,5.535465622408224,1.0366666666666666,0.033594,500000,16797
0.6944444444444444,0.6941785905169073,5.545454545454545,5.539764509556255,1.04,0.040164,500000,20082
0.6944444444444444,0.6971897772406846,5.545454545454545,5.60479683207285,1.0433333333333334,0.045862,500000,22931
0.6944444444444444,0.6938887857425196,5.545454545454545,5.533573116069289,1.0466666666666666,0.044594,500000,22297
0.6944444444444444,0.694153245734795,5.545454545454545,5.539222575060468,1.05,0.043484,500000,21742
0.7222222222222221,0.7218451013646373,6.199999999999997,6.190238280224677,0.85,0.0,500000,0
0.7222222222222221,0.7221731841486082,6.199999999999997,6.198729157482733,0.8533333333333333,0.0,500000,0
0.7222222222222221,0.7233435196243935,6.199999999999997,6.229181826085085,0.8566666666666667,0.0,500000,0
0.7222222222222221,0.7214437922749031,6.199999999999997,6.179879480459365,0.86,0.0,500000,0
0.7222222222222221,0.7222486620337213,6.199999999999997,6.2006853851512895,0.8633333333333333,0.0,500000,0
0.7222222222222221,0.7205788643539944,6.199999999999997,6.157654682692902,0.8666666666666667,0.0,500000,0
0.7222222222222221,0.724150552447676,6.199999999999997,6.250331721692623,0.87,0.0,500000,0
0.7222222222222221,0.7193944310090175,6.199999999999997,6.127442292723248,0.8733333333333333,0.0,500000,0
0.7222222222222221,0.7223719402809309,6.199999999999997,6.203882784844563,0.8766666666666667,0.0,500000,0
0.7222222222222221,0.7206188451872209,6.199999999999997,6.158678978688644,0.88,0.0,500000,0
0.7222222222222221,0.7209354118085427,6.199999999999997,6.166799675162882,0.8833333333333333,0.0,500000,0
0.7222222222222221,0.7211557527604222,6.199999999999997,6.172462834715172,0.8866666666666667,0.0,500000,0
0.7222222222222221,0.7222474639984047,6.199999999999997,6.200654326297538,0.89,0.0,500000,0
0.7222222222222221,0.7248177040523395,6.199999999999997,6.267909416601418,0.8933333333333333,0.0,500000,0
0.7222222222222221,0.7222509088548827,6.199999999999997,6.200743634315073,0.8966666666666666,0.0,500000,0
0.7222222222222221,0.7214437121181179,6.199999999999997,6.179877414391996,0.9,0.0,500000,0
0.7222222222222221,0.723495915941281,6.199999999999997,6.233166218171577,0.9033333333333333,0.0,500000,0
0.7222222222222221,0.7216533871884357,6.199999999999997,6.185285927492011,0.9066666666666666,0.000118,500000,59
0.7222222222222221,0.7232664317445108,6.199999999999997,6.227168039670333,0.91,8.8e-05,500000,44
0.7222222222222221,0.7218750874828116,6.199999999999997,6.191013497851968,0.9133333333333333,0.0,500000,0
0.7222222222222221,0.7232672544639839,6.199999999999997,6.227189525858639,0.9166666666666666,5.2e-05,500000,26
0.7222222222222221,0.7232056953614198,6.199999999999997,6.225582197623134,0.92,0.0,500000,0
0.7222222222222221,0.7222370373391584,6.199999999999997,6.2003840283129135,0.9233333333333333,0.000134,500000,67
0.7222222222222221,0.7235636933916378,6.199999999999997,6.234939666711276,0.9266666666666666,4e-05,500000,20
0.7222222222222221,0.7218187394829534,6.199999999999997,6.189556896401519,0.93,0.000482,500000,241
0.7222222222222221,0.7203184663425259,6.199999999999997,6.150990535004,0.9333333333333333,0.000168,500000,84
0.7222222222222221,0.7226744396364336,6.199999999999997,6.211740588851796,0.9366666666666666,0.000316,500000,158
0.7222222222222221,0.7232692919778724,6.199999999999997,6.22724273823662,0.94,5.6e-05,500000,28
0.7222222222222221,0.7204586037168125,6.199999999999997,6.15457541026916,0.9433333333333334,0.00011,500000,55
0.7222222222222221,0.7212440875523641,6.199999999999997,6.174735712110496,0.9466666666666667,0.000374,500000,187
0.7222222222222221,0.7229232452880622,6.199999999999997,6.218216490514678,0.95,0.001052,500000,526
0.7222222222222221,0.721622986285346,6.199999999999997,6.184501239208166,0.9533333333333334,0.001024,500000,512
0.7222222222222221,0.7244614498526857,6.199999999999997,6.258512461979338,0.9566666666666667,0.000374,500000,187
0.7222222222222221,0.7234580212192082,6.199999999999997,6.232175052834753,0.96,0.0008,500000,400
0.7222222222222221,0.7224163005637313,6.199999999999997,6.205034027796672,0.9633333333333334,0.001892,500000,946
0.7222222222222221,0.7213991668590168,6.199999999999997,6.178729429670873,0.9666666666666667,0.00209,500000,1045
0.7222222222222221,0.7216051299728872,6.199999999999997,6.184040423608453,0.97,0.001856,500000,928
0.7222222222222221,0.7222008652376551,6.199999999999997,6.199446469518292,0.9733333333333334,0.002948,500000,1474
0.7222222222222221,0.7227452217518258,6.199999999999997,6.2135817194456955,0.9766666666666667,0.00422,500000,2110
0.7222222222222221,0.7214016357842024,6.199999999999997,6.178793047222752,0.98,0.003104,500000,1552
0.7222222222222221,0.723290233847866,6.199999999999997,6.2277897083704925,0.9833333333333334,0.006,500000,3000
0.7222222222222221,0.7218310222883431,6.199999999999997,6.1898743578557855,0.9866666666666667,0.006048,500000,3024
0.7222222222222221,0.7219494421586543,6.199999999999997,6.192936477189843,0.99,0.009408,500000,4704
0.7222222222222221,0.721486304571332,6.199999999999997,6.180975416385703,0.9933333333333334,0.007882,500000,3941
0.7222222222222221,0.7200552631936793,6.199999999999997,6.1442671965063465,0.9966666666666667,0.008634,500000,4317
0.7222222222222221,0.7253870553877795,6.199999999999997,6.282977875730473,1.0,0.008612,500000,4306
0.7222222222222221,0.7230007163469145,6.199999999999997,6.220235278676045,1.0033333333333334,0.011308,500000,5654
0.7222222222222221,0.7220021539334657,6.199999999999997,6.194300345483008,1.0066666666666666,0.011428,500000,5714
0.7222222222222221,0.7231245397545342,6.199999999999997,6.223464290504064,1.01,0.019286,500000,9643
0.7222222222222221,0.7210080450500876,6.199999999999997,6.168665492017723,1.0133333333333334,0.0172,500000,8600
0.7222222222222221,0.7214525535144501,6.199999999999997,6.180105311443786,1.0166666666666666,0.020986,500000,10493
0.7222222222222221,0.7225727512964238,6.199999999999997,6.209097193394109,1.02,0.024176,500000,12088
0.7222222222222221,0.7230530594777874,6.199999999999997,6.22159990729195,1.0233333333333334,0.032646,500000,16323
0.7222222222222221,0.7230333120810912,6.199999999999997,6.221085015774773,1.0266666666666666,0.026652,500000,13326
0.7222222222222221,0.7222926961492476,6.199999999999997,6.201827147747097,1.03,0.02877,500000,14385
0.7222222222222221,0.7220977261622985,6.199999999999997,6.196774507746653,1.0333333333333334,0.033512,500000,16756
0.7222222222222221,0.7226182644614098,6.199999999999997,6.210280071673116,1.0366666666666666,0.031902,500000,15951
0.7222222222222221,0.7230553138956085,6.199999999999997,6.221658693411868,1.04,0.040046,500000,20023
0.7222222222222221,0.7230579971119196,6.199999999999997,6.221728662113609,1.0433333333333334,0.041082,500000,20541
0.7222222222222221,0.7236713587799628,6.199999999999997,6.237758602111113,1.0466666666666666,0.04636,500000,23180
0.7222222222222221,0.7233687842643999,6.199999999999997,6.229842064937348,1.05,0.053928,500000,26964
0.75,0.7510969313103413,7.0,7.035256497756047,0.85,0.0,500000,0
0.75,0.7479339744416688,7.0,6.934429067027024,0.8533333333333333,0.0,500000,0
0.75,0.7512849728901538,7.0,7.041331572284495,0.8566666666666667,0.0,500000,0
0.75,0.7499268532507622,7.0,6.997659988681278,0.86,0.0,500000,0
0.75,0.7490266599157823,7.0,6.968973913041408,0.8633333333333333,0.0,500000,0
0.75,0.7509808975792222,7.0,7.03151236414192,0.8666666666666667,2e-06,500000,1
0.75,0.7494315311307539,7.0,6.981850266418229,0.87,0.0,500000,0
0.75,0.7487044752761212,7.0,6.958756934480156,0.8733333333333333,0.0,500000,0
0.75,0.751950322821815,7.0,7.062901039630507,0.8766666666666667,0.0,500000,0
0.75,0.7479356562390156,7.0,6.93448200629465,0.88,0.0,500000,0
0.75,0.7472996743025777,7.0,6.914512949202745,0.8833333333333333,0.0,500000,0
0.75,0.7508333886319691,7.0,7.026757634255841,0.8866666666666667,0.0,500000,0
0.75,0.7513582231405239,7.0,7.043700560949305,0.89,9.6e-05,500000,48
0.75,0.7496385234657955,7.0,6.988449451913818,0.8933333333333333,0.0,500000,0
0.75,0.7508161947371852,7.0,7.0262037811429785,0.8966666666666666,0.0,500000,0
0.75,0.7517968529231925,7.0,7.057915556490071,0.9,0.000148,500000,74
0.75,0.7499996343218612,7.0,6.999988298316675,0.9033333333333333,7.4e-05,500000,37
0.75,0.7495219426749726,7.0,6.984731362734677,0.9066666666666666,0.00018,500000,90
0.75,0.7488778207717981,7.0,6.964250733036778,0.91,0.00039,500000,195
0.75,0.7511252334595497,7.0,7.036170270700922,0.9133333333333333,0.000164,500000,82
0.75,0.7500653534885736,7.0,7.002091858475356,0.9166666666666666,0.000168,500000,84
0.75,0.7489128996252541,7.0,6.965363401843475,0.92,0.000338,500000,169
0.75,0.7505654944654253,7.0,7.018136848042366,0.9233333333333333,0.0,500000,0
0.75,0.7496919864827944,7.0,6.9901556961640186,0.9266666666666666,0.00014,500000,70
0.75,0.750945176372731,7.0,7.030360427763343,0.93,0.000294,500000,147
0.75,0.7499683116621688,7.0,6.998986101704411,0.9333333333333333,0.000972,500000,486
0.75,0.7501257689269804,7.0,7.004026631363799,0.9366666666666666,0.001296,500000,648
0.75,0.7494278779605164,7.0,6.9817338964980795,0.94,0.002134,500000,1067
0.75,0.7491594025878177,7.0,6.973191025030097,0.9433333333333334,0.001134,500000,567
0.75,0.7498362138070439,7.0,6.994762273294673,0.9466666666666667,0.001868,500000,934
0.75,0.7496411206820199,7.0,6.988532323871787,0.95,0.001504,500000,752
0.75,0.7479504348982684,7.0,6.934947236242066,0.9533333333333334,0.000812,500000,406
0.75,0.750726586441543,7.0,7.023318537863166,0.9566666666666667,0.0014,500000,700
0.75,0.7493948790267619,7.0,6.980682885620596,0.96,0.001474,500000,737
0.75,0.7535037719855193,7.0,7.113714421149307,0.9633333333333334,0.003294,500000,1647
0.75,0.7483082525153258,7.0,6.946227955375384,0.9666666666666667,0.003484,500000,1742
0.75,0.7494178824092429,7.0,6.981415510528718,0.97,0.004504,500000,2252
0.75,0.7491642811860038,7.0,6.973346098619522,0.9733333333333334,0.003124,500000,1562
0.75,0.7492244404411421,7.0,6.975258847067163,0.9766666666666667,0.004888,500000,2444
0.75,0.7494015804907816,7.0,6.980896303803024,0.98,0.005442,500000,2721
0.75,0.7482210308649357,7.0,6.943475211097239,0.9833333333333334,0.005184,500000,2592
0.75,0.7511963558642057,7.0,7.038467470791637,0.9866666666666667,0.006016,500000,3008
0.75,0.7504644986231928,7.0,7.014891624498477,0.99,0.0073,500000,3650
0.75,0.7503761727644137,7.0,7.0120556685178554,0.9933333333333334,0.011542,500000,5771
0.75,0.7503206200558831,7.0,7.010273016729048,0.9966666666666667,0.010954,500000,5477
0.75,0.749625346819855,7.0,6.9880290380711845,1.0,0.01445,500000,7225
0.75,0.7521131983342232,7.0,7.068198817202779,1.0033333333333334,0.018138,500000,9069
0.75,0.7494155675191225,7.0,6.981341778494653,1.0066666666666666,0.016292,500000,8146
0.75,0.7512927003423759,7.0,7.041581420220654,1.01,0.021638,500000,10819
0.75,0.7494611147906668,7.0,6.9827927642007985,1.0133333333333334,0.019504,500000,9752
0.75,0.7488180389159458,7.0,6.962355223951494,1.0166666666666666,0.025716,500000,12858
0.75,0.7514167474759534,7.0,7.045594301677788,1.02,0.022694,500000,11347
0.75,0.7497244481019838,7.0,6.991192047455646,1.0233333333333334,0.027876,500000,13938
0.75,0.7480559755804331,7.0,6.938271227538082,1.0266666666666666,0.028202,500000,14101
0.75,0.7489021510737317,7.0,6.965022434689493,1.03,0.02633,500000,13165
0.75,0.7514702117155052,7.0,7.047325086482502,1.0333333333333334,0.035352,500000,17676
0.75,0.7507286206732751,7.0,7.023384013848454,1.0366666666666666,0.039326,500000,19663
0.75,0.7503989535516157,7.0,7.012786919199018,1.04,0.040238,500000,20119
0.75,0.7488326655051121,7.0,6.962818907252076,1.0433333333333334,0.040312,500000,20156
0.75,0.7506299366659811,7.0,7.020208894606157,1.0466666666666666,0.049436,500000,24718
0.75,0.7511628889258384,7.0,7.03738635031788,1.05,0.043506,500000,21753
0.7777777777777777,0.7770963938612401,7.9999999999999964,7.972488308488734,0.85,0.0,500000,0
0.7777777777777777,0.7763223826067254,7.9999999999999964,7.941440021169213,0.8533333333333333,2e-06,500000,1
0.7777777777777777,0.7772609201729845,7.9999999999999964,7.979115840620554,0.8566666666666667,0.0,500000,0
0.7777777777777777,0.7771844809187163,7.9999999999999964,7.976035458600146,0.86,0.0,500000,0
0.7777777777777777,0.7761116395153401,7.9999999999999964,7.933023564380574,0.8633333333333333,0.0,500000,0
0.7777777777777777,0.7788547465890895,7.9999999999999964,8.043829651110782,0.8666666666666667,0.0,500000,0
0.7777777777777777,0.7773554994793691,7.9999999999999964,7.982930165906675,0.87,0.0,500000,0
0.7777777777777777,0.7774689280951593,7.9999999999999964,7.987508948212166,0.8733333333333333,0.0,500000,0
0.7777777777777777,0.7778850205105121,7.9999999999999964,8.0043454277457,0.8766666666666667,1.8e-05,500000,9
0.7777777777777777,0.7784917465521087,7.9999999999999964,8.029008936998775,0.88,2e-06,500000,1
0.7777777777777777,0.7762392934451022,7.9999999999999964,7.938119792311778,0.8833333333333333,0.000124,500000,62
0.7777777777777777,0.7774585927122211,7.9999999999999964,7.987091545681224,0.8866666666666667,0.0,500000,0
0.7777777777777777,0.7756377794817596,7.9999999999999964,7.9141567389568666,0.89,0.0,500000,0
0.7777777777777777,0.7772292661398128,7.9999999999999964,7.977839976301453,0.8933333333333333,0.000118,500000,59
0.7777777777777777,0.7764446373970342,7.9999999999999964,7.946329789243299,0.8966666666666666,4.6e-05,500000,23
0.7777777777777777,0.7759933006232956,7.9999999999999964,7.928304401453053,0.9,0.000136,500000,68
0.7777777777777777,0.7764969820734794,7.9999999999999964,7.948425030473301,0.9033333333333333,0.00032,500000,160
0.7777777777777777,0.7787997443914669,7.9999999999999964,8.041580872037871,0.9066666666666666,6.8e-05,500000,34
0.7777777777777777,0.7795059793278537,7.9999999999999964,8.070540751641564,0.91,0.000118,500000,59
0.7777777777777777,0.7773249620669596,7.9999999999999964,7.981698256638047,0.9133333333333333,7.6e-05,500000,38
0.7777777777777777,0.7777402359264588,7.9999999999999964,7.998479811839631,0.9166666666666666,0.000266,500000,133
0.7777777777777777,0.7766275588136865,7.9999999999999964,7.95365600777856,0.92,0.000416,500000,208
0.7777777777777777,0.7768458402147554,7.9999999999999964,7.962414153178799,0.9233333333333333,0.000324,500000,162
0.7777777777777777,0.7782029809601547,7.9999999999999964,8.017253742444144,0.9266666666666666,0.000318,500000,159
0.7777777777777777,0.7758397034917072,7.9999999999999964,7.922186627844729,0.93,0.001746,500000,873
0.7777777777777777,0.7748560575908425,7.9999999999999964,7.883205910845111,0.9333333333333333,0.000676,500000,338
0.7777777777777777,0.7762903031192558,7.9999999999999964,7.940157837977699,0.9366666666666666,0.00129,500000,645
0.7777777777777777,0.7759816676552657,7.9999999999999964,7.927840766720227,0.94,0.00036,500000,180
0.7777777777777777,0.7777462745355029,7.9999999999999964,7.9987242995370265,0.9433333333333334,0.00158,500000,790
0.7777777777777777,0.7767365073275716,7.9999999999999964,7.958025228667342,0.9466666666666667,0.001632,500000,816
0.7777777777777777,0.7793166704778962,7.9999999999999964,8.062759766816365,0.95,0.001504,500000,752
0.7777777777777777,0.7783123809437937,7.9999999999999964,8.021703640981972,0.9533333333333334,0.003036,500000,1518
0.7777777777777777,0.7772035474434368,7.9999999999999964,7.976803611773141,0.9566666666666667,0.00206,500000,1030
0.7777777777777777,0.7783821275910237,7.9999999999999964,8.024542913710384,0.96,0.003516,500000,1758
0.7777777777777777,0.7790261169440157,7.9999999999999964,8.050843350086284,0.9633333333333334,0.003824,500000,1912
0.7777777777777777,0.7772183947815462,7.9999999999999964,7.977401873188106,0.9666666666666667,0.004902,500000,2451
0.7777777777777777,0.7792944126851058,7.9999999999999964,8.0618458025101,0.97,0.004276,500000,2138
0.7777777777777777,0.777368142497568,7.9999999999999964,7.983440296625795,0.9733333333333334,0.004676,500000,2338
0.7777777777777777,0.7770843457672976,7.9999999999999964,7.972003365506994,0.9766666666666667,0.006386,500000,3193
0.7777777777777777,0.7798851526838472,7.9999999999999964,8.086165810193542,0.98,0.009982,500000,4991
0.7777777777777777,0.7779925883316005,7.9999999999999964,8.008708245233237,0.9833333333333334,0.009184,500000,4592
0.7777777777777777,0.7801509512380072,7.9999999999999964,8.097151028227493,0.9866666666666667,0.011086,500000,5543
0.7777777777777777,0.7753244975866421,7.9999999999999964,7.901727061993621,0.99,0.013982,500000,6991
0.7777777777777777,0.777415181439197,7.9999999999999964,7.985338770773644,0.9933333333333334,0.0135,500000,6750
0.7777777777777777,0.7776419584728806,7.9999999999999964,7.994502678042676,0.9966666666666667,0.010074,500000,5037
0.7777777777777777,0.7782335186033299,7.9999999999999964,8.018495434495499,1.0,0.014296,500000,7148
0.7777777777777777,0.7775983996238138,7.9999999999999964,7.992741044205871,1.0033333333333334,0.018418,500000,9209
0.7777777777777777,0.7801281430960971,7.9999999999999964,8.096207346236763,1.0066666666666666,0.012262,500000,6131
0.7777777777777777,0.7777865923521087,7.9999999999999964,8.000357004421192,1.01,0.025866,500000,12933
0.7777777777777777,0.7793128268595949,7.9999999999999964,8.062601924433391,1.0133333333333334,0.020216,500000,10108
0.7777777777777777,0.7772320613741572,7.9999999999999964,7.977952627910097,1.0166666666666666,0.028838,500000,14419
0.7777777777777777,0.7770763766104916,7.9999999999999964,7.971682630985473,1.02,0.025102,500000,12551
0.7777777777777777,0.7751837482480881,7.9999999999999964,7.89615401206417,1.0233333333333334,0.027218,500000,13609
0.7777777777777777,0.7793169040754258,7.9999999999999964,8.062769359931247,1.0266666666666666,0.034818,500000,17409
0.7777777777777777,0.7778749746390984,7.9999999999999964,8.003938195394525,1.03,0.03564,500000,17820
0.7777777777777777,0.7779949944329928,7.9999999999999964,8.008805882065325,1.0333333333333334,0.032696,500000,16348
0.7777777777777777,0.7795082529601628,7.9999999999999964,8.070634283824923,1.0366666666666666,0.041116,500000,20558
0.7777777777777777,0.7793059075045862,7.9999999999999964,8.062317787421344,1.04,0.04433,500000,22165
0.7777777777777777,0.7788041497239336,7.9999999999999964,8.04176094399544,1.0433333333333334,0.045244,500000,22622
0.7777777777777777,0.7765827590574059,7.9999999999999964,7.951860615420857,1.0466666666666666,0.045886,500000,22943
0.7777777777777777,0.7787782310117513,7.9999999999999964,8.040701596171756,1.05,0.0495,500000,24750
0.8055555555555554,0.8052113011679893,9.285714285714276,9.26753611473547,0.85,6.2e-05,500000,31
0.8055555555555554,0.8043901812082009,9.285714285714276,9.224435625742986,0.8533333333333333,2.6e-05,500000,13
0.8055555555555554,0.8063126707799155,9.285714285714276,9.325920689047372,0.8566666666666667,0.0,500000,0
0.8055555555555554,0.8029480924829012,9.285714285714276,9.149609943899955,0.86,2e-06,500000,1
0.8055555555555554,0.8040826433441504,9.285714285714276,9.208385995699295,0.8633333333333333,0.000166,500000,83
0.8055555555555554,0.8051592098800697,9.285714285714276,9.264791057195676,0.8666666666666667,0.000132,500000,66
0.8055555555555554,0.8054115619291532,9.285714285714276,9.27810295322803,0.87,0.000116,500000,58
0.8055555555555554,0.8050353769940277,9.285714285714276,9.258271316939046,0.8733333333333333,0.0,500000,0
0.8055555555555554,0.8036861558523989,9.285714285714276,9.187768512628557,0.8766666666666667,3e-05,500000,15
0.8055555555555554,0.8054079110098634,9.285714285714276,9.277910116383895,0.88,9.4e-05,500000,47
0.8055555555555554,0.8049283662585819,9.285714285714276,9.252643921827955,0.8833333333333333,3.4e-05,500000,17
0.8055555555555554,0.8054335415487214,9.285714285714276,9.279264041293219,0.8866666666666667,0.000168,500000,84
0.8055555555555554,0.8057357631118647,9.285714285714276,9.295255740518394,0.89,0.000246,500000,123
0.8055555555555554,0.80550337861983,9.285714285714276,9.282954972727925,0.8933333333333333,0.000188,500000,94
0.8055555555555554,0.8059006740900296,9.285714285714276,9.304002812084294,0.8966666666666666,0.000152,500000,76
0.8055555555555554,0.8039952222259801,9.285714285714276,9.203832899960544,0.9,0.000532,500000,266
0.8055555555555554,0.80535770095527,9.285714285714276,9.275258819977195,0.9033333333333333,0.000342,500000,171
0.8055555555555554,0.8058075673796883,9.285714285714276,9.299062496994582,0.9066666666666666,0.000122,500000,61
0.8055555555555554,0.8042998414319291,9.285714285714276,9.2197157868134,0.91,0.000516,500000,258
0.8055555555555554,0.805516188923628,9.285714285714276,9.283632292739357,0.9133333333333333,0.000228,500000,114
0.8055555555555554,0.8068901085401646,9.285714285714276,9.35679728718597,0.9166666666666666,0.000676,500000,338
0.8055555555555554,0.8045278241036101,9.285714285714276,9.231635222908151,0.92,0.000954,500000,477
0.8055555555555554,0.802893383726879,9.285714285714276,9.146792826216943,0.9233333333333333,0.000524,500000,262
0.8055555555555554,0.8042033174871543,9.285714285714276,9.214677666302062,0.9266666666666666,0.000666,500000,333
0.8055555555555554,0.8039884956902843,9.285714285714276,9.203482734563483,0.93,0.00064,500000,320
0.8055555555555554,0.8042209854464859,9.285714285714276,9.215599483739979,0.9333333333333333,0.002336,500000,1168
0.8055555555555554,0.8040976399993411,9.285714285714276,9.209167464819075,0.9366666666666666,0.003002,500000,1501
0.8055555555555554,0.8055907915303845,9.285714285714276,9.287578534699826,0.94,0.00264,500000,1320
0.8055555555555554,0.8054651100975814,9.285714285714276,9.28093212998053,0.9433333333333334,0.00236,500000,1180
0.8055555555555554,0.8037051113279888,9.285714285714276,9.18875230797169,0.9466666666666667,0.002514,500000,1257
0.8055555555555554,0.8061259664110337,9.285714285714276,9.315976631714458,0.95,0.00568,500000,2840
0.8055555555555554,0.8042870199251683,9.285714285714276,9.219046274985393,0.9533333333333334,0.003694,500000,1847
0.8055555555555554,0.804823385427811,9.285714285714276,9.247129269988793,0.9566666666666667,0.003414,500000,1707
0.8055555555555554,0.804618271388734,9.285714285714276,9.236371713033746,0.96,0.007178,500000,3589
0.8055555555555554,0.806815759766066,9.285714285714276,9.352811376218504,0.9633333333333334,0.00519,500000,2595
0.8055555555555554,0.8032884054527021,9.285714285714276,9.167168867715693,0.9666666666666667,0.007972,500000,3986
0.8055555555555554,0.807357404489243,9.285714285714276,9.381919921175076,0.97,0.006622,500000,3311
0.8055555555555554,0.8049466030888269,9.285714285714276,9.253602509218519,0.9733333333333334,0.006774,500000,3387
0.8055555555555554,0.8064427116810263,9.285714285714276,9.332858128824835,0.9766666666666667,0.008668,500000,4334
0.8055555555555554,0.8060386037724202,9.285714285714276,9.311330186824133,0.98,0.010438,500000,5219
0.8055555555555554,0.8059077268167124,9.285714285714276,9.30437722840896,0.9833333333333334,0.011316,500000,5658
0.8055555555555554,0.8079516681939678,9.285714285714276,9.414045158278123,0.9866666666666667,0.010098,500000,5049
0.8055555555555554,0.8084096121636288,9.285714285714276,9.438937060392146,0.99,0.014318,500000,7159
0.8055555555555554,0.8066159572235909,9.285714285714276,9.342114950572228,0.9933333333333334,0.011818,500000,5909
0.8055555555555554,0.8048553746723046,9.285714285714276,9.248809039149874,0.9966666666666667,0.016082,500000,8041
0.8055555555555554,0.8057114227381547,9.285714285714276,9.293965956138395,1.0,0.016912,500000,8456
0.8055555555555554,0.8055317489237399,9.285714285714276,9.28445511764132,1.0033333333333334,0.023584,500000,11792
0.8055555555555554,0.8042450126052221,9.285714285714276,9.216853356418513,1.0066666666666666,0.01921,500000,9605
0.8055555555555554,0.80321628173813,9.285714285714276,9.16344247209771,1.01,0.019326,500000,9663
0.8055555555555554,0.8047232770947309,9.285714285714276,9.241876093804699,1.0133333333333334,0.023414,500000,11707
0.8055555555555554,0.8056700979084829,9.285714285714276,9.291776913766602,1.0166666666666666,0.021556,500000,10778
0.8055555555555554,0.8042869509107472,9.285714285714276,9.219042671436393,1.02,0.021804,500000,10902
0.8055555555555554,0.8049199978270329,9.285714285714276,9.252204109710366,1.0233333333333334,0.030064,500000,15032
0.8055555555555554,0.8069839102303893,9.285714285714276,9.361830469093299,1.0266666666666666,0.04179,500000,20895
0.8055555555555554,0.807391980312771,9.285714285714276,9.383783620473054,1.03,0.034904,500000,17452
0.8055555555555554,0.807414744827483,9.285714285714276,9.385011034247709,1.0333333333333334,0.041452,500000,20726
0.8055555555555554,0.8065126490893061,9.285714285714276,9.336593015442757,1.0366666666666666,0.043378,500000,21689
0.8055555555555554,0.8055177266387682,9.285714285714276,9.283713602448463,1.04,0.042854,500000,21427
0.8055555555555554,0.8032745513360096,9.285714285714276,9.166452858958912,1.0433333333333334,0.044962,500000,22481
0.8055555555555554,0.8050610357471956,9.285714285714276,9.259621557270217,1.0466666666666666,0.048446,500000,24223
0.8055555555555554,0.8066871984312179,9.285714285714276,9.345926310981458,1.05,0.0512,500000,25600
0.8333333333333333,0.8334600711064556,10.999999999999995,11.009132063929485,0.85,0.00022,500000,110
0.8333333333333333,0.8337506660857358,10.999999999999995,11.030123387029102,0.8533333333333333,0.000244,500000,122
0.8333333333333333,0.831692068963629,10.999999999999995,10.882981316951753,0.8566666666666667,0.000242,500000,121
0.8333333333333333,0.8353339233447435,10.999999999999995,11.14579250702125,0.86,0.000234,500000,117
0.8333333333333333,0.8327520557052428,10.999999999999995,10.958293469217214,0.8633333333333333,7.4e-05,500000,37
0.8333333333333333,0.8345534727849073,10.999999999999995,11.088497919329864,0.8666666666666667,9.8e-05,500000,49
0.8333333333333333,0.8343312575567567,10.999999999999995,11.072283343885365,0.87,0.000424,500000,212
0.8333333333333333,0.8338675198167631,10.999999999999995,11.038585096629433,0.8733333333333333,0.000256,500000,128
0.8333333333333333,0.8338581739085759,10.999999999999995,11.037907895026049,0.8766666666666667,0.000406,500000,203
0.8333333333333333,0.8347572822583679,10.999999999999995,11.103407807218058,0.88,0.000338,500000,169
0.8333333333333333,0.8334914366475777,10.999999999999995,11.011394247435296,0.8833333333333333,7.4e-05,500000,37
0.8333333333333333,0.8345048475420025,10.999999999999995,11.084946116519019,0.8866666666666667,0.000604,500000,302
0.8333333333333333,0.8330280915571553,10.999999999999995,10.978062769071183,0.89,0.00016,500000,80
0.8333333333333333,0.832866753729632,10.999999999999995,10.966500050891383,0.8933333333333333,0.000426,500000,213
0.8333333333333333,0.8338792278895982,10.999999999999995,11.039433567469965,0.8966666666666666,0.000564,500000,282
0.8333333333333333,0.8344727672827257,10.999999999999995,11.082603974997046,0.9,0.000412,500000,206
0.8333333333333333,0.8338688263029022,10.999999999999995,11.038679770279247,0.9033333333333333,0.000298,500000,149
0.8333333333333333,0.83441400817585,10.999999999999995,11.078316396014776,0.9066666666666666,0.00131,500000,655
0.8333333333333333,0.8327933084317676,10.999999999999995,10.96124378302082,0.91,0.001254,500000,627
0.8333333333333333,0.8323086466461029,10.999999999999995,10.926673379391158,0.9133333333333333,0.00148,500000,740
0.8333333333333333,0.8330641477460616,10.999999999999995,10.980649890340235,0.9166666666666666,0.00156,500000,780
0.8333333333333333,0.8332327198597268,10.999999999999995,10.992760200428625,0.92,0.001782,500000,891
0.8333333333333333,0.8344739265080666,10.999999999999995,11.082688592848587,0.9233333333333333,0.001598,500000,799
0.8333333333333333,0.8327340883507443,10.999999999999995,10.957008934335962,0.9266666666666666,0.001762,500000,881
0.8333333333333333,0.8325519935659415,10.999999999999995,10.944006038600435,0.93,0.002452,500000,1226
0.8333333333333333,0.8336504637854734,10.999999999999995,11.02287692236648,0.9333333333333333,0.00418,500000,2090
0.8333333333333333,0.8346948244535723,10.999999999999995,11.098834736352702,0.9366666666666666,0.003022,500000,1511
0.8333333333333333,0.8352131799112843,10.999999999999995,11.136892980417166,0.94,0.003608,500000,1804
0.8333333333333333,0.8318995738427162,10.999999999999995,10.89764979018371,0.9433333333333334,0.002244,500000,1122
0.8333333333333333,0.8342925973613191,10.999999999999995,11.069466832214665,0.9466666666666667,0.00448,500000,2240
0.8333333333333333,0.831276554259693,10.999999999999995,10.853717135900176,0.95,0.003224,500000,1612
0.8333333333333333,0.8333075585889516,10.999999999999995,10.998144505353912,0.9533333333333334,0.009658,500000,4829
0.8333333333333333,0.8325780717884028,10.999999999999995,10.945866478567183,0.9566666666666667,0.007652,500000,3826
0.8333333333333333,0.8331532978094047,10.999999999999995,10.987051429493196,0.96,0.00745,500000,3725
0.8333333333333333,0.8334451140720356,10.999999999999995,11.00805361462051,0.9633333333333334,0.00905,500000,4525
0.8333333333333333,0.8328177363107075,10.999999999999995,10.962991503195529,0.9666666666666667,0.00956,500000,4780
0.8333333333333333,0.832658090564101,10.999999999999995,10.951578697421926,0.97,0.01031,500000,5155
0.8333333333333333,0.8341388707877693,10.999999999999995,11.058280378887705,0.9733333333333334,0.009852,500000,4926
0.8333333333333333,0.8358241377953203,10.999999999999995,11.18205875786161,0.9766666666666667,0.014378,500000,7189
0.8333333333333333,0.833132008964243,10.999999999999995,10.985522133909035,0.98,0.010486,500000,5243
0.8333333333333333,0.8332237538215865,10.999999999999995,10.992115459059113,0.9833333333333334,0.016726,500000,8363
0.8333333333333333,0.8303446412594256,10.999999999999995,10.788604939135853,0.9866666666666667,0.016894,500000,8447
0.8333333333333333,0.8317972681559659,10.999999999999995,10.890413301102022,0.99,0.01974,500000,9870
0.8333333333333333,0.8319214739122227,10.999999999999995,10.899200014138154,0.9933333333333334,0.021018,500000,10509
0.8333333333333333,0.8337760277099993,10.999999999999995,11.031958883227285,0.9966666666666667,0.01772,500000,8860
0.8333333333333333,0.8347005082977589,10.999999999999995,11.0992507563342,1.0,0.017354,500000,8677
0.8333333333333333,0.8326097648053475,10.999999999999995,10.948128262525394,1.0033333333333334,0.025714,500000,12857
0.8333333333333333,0.8337906375215084,10.999999999999995,11.033016493031857,1.0066666666666666,0.025156,500000,12578
0.8333333333333333,0.8351382730295436,10.999999999999995,11.131378439086738,1.01,0.022614,500000,11307
0.8333333333333333,0.8325441122039177,10.999999999999995,10.943443890342508,1.0133333333333334,0.027106,500000,13553
0.8333333333333333,0.8341405400153324,10.999999999999995,11.058401734727006,1.0166666666666666,0.028132,500000,14066
0.8333333333333333,0.832918978016782,10.999999999999995,10.970240403490502,1.02,0.033756,500000,16878
0.8333333333333333,0.8341414371956791,10.999999999999995,11.058466962357505,1.0233333333333334,0.037384,500000,18692
0.8333333333333333,0.8337578046583177,10.999999999999995,11.030639970131192,1.0266666666666666,0.031302,500000,15651
0.8333333333333333,0.8330444356101006,10.999999999999995,10.979235357075625,1.03,0.037848,500000,18924
0.8333333333333333,0.8329875431231153,10.999999999999995,10.975154652531844,1.0333333333333334,0.04282,500000,21410
0.8333333333333333,0.8326091467333488,10.999999999999995,10.948084145398495,1.0366666666666666,0.0416,500000,20800
0.8333333333333333,0.8342029885859248,10.999999999999995,11.062943613651965,1.04,0.042786,500000,21393
0.8333333333333333,0.8344752137516578,10.999999999999995,11.082782556802917,1.0433333333333334,0.053658,500000,26829
0.8333333333333333,0.8333285482396985,10.999999999999995,10.999655483149562,1.0466666666666666,0.054494,500000,27247
0.8333333333333333,0.8328989248325215,10.999999999999995,10.968803899050217,1.05,0.045484,500000,22742
0.8611111111111109,0.8621617823601464,13.399999999999983,13.509763940982165,0.85,0.000122,500000,61
0.8611111111111109,0.8612078159805574,13.399999999999983,13.410033346833362,0.8533333333333333,0.00021,500000,105
0.8611111111111109,0.8618257095808316,13.399999999999983,13.474472739702582,0.8566666666666667,0.000288,500000,144
0.8611111111111109,0.8605317431068609,13.399999999999983,13.340180658688553,0.86,0.001008,500000,504
0.8611111111111109,0.8609960533801513,13.399999999999983,13.388080688598343,0.8633333333333333,0.000746,500000,373
0.8611111111111109,0.8606974800160129,13.399999999999983,13.357242067335905,0.8666666666666667,0.00079,500000,395
0.8611111111111109,0.8617543894464703,13.399999999999983,13.46700544047716,0.87,0.00071,500000,355
0.8611111111111109,0.8599786596570587,13.399999999999983,13.283537031580938,0.8733333333333333,0.000478,500000,239
0.8611111111111109,0.8609582400201604,13.399999999999983,13.38416775140066,0.8766666666666667,0.00116,500000,580
0.8611111111111109,0.8602554767228583,13.399999999999983,13.311830997724282,0.88,0.0004,500000,200
0.8611111111111109,0.8613686323477918,13.399999999999983,13.42674939929544,0.8833333333333333,0.001366,500000,683
0.8611111111111109,0.8617490778070188,13.399999999999983,13.466449614044866,0.8866666666666667,0.001672,500000,836
0.8611111111111109,0.8623477903368026,13.399999999999983,13.529370831703545,0.89,0.000872,500000,436
0.8611111111111109,0.8620152271824797,13.399999999999983,13.494352957662407,0.8933333333333333,0.001866,500000,933
0.8611111111111109,0.861850611540924,13.399999999999983,13.4770818192399,0.8966666666666666,0.003242,500000,1621
0.8611111111111109,0.8630606718643979,13.399999999999983,13.605008124616553,0.9,0.001116,500000,558
0.8611111111111109,0.86103667568005,13.399999999999983,13.392286668352789,0.9033333333333333,0.00185,500000,925
0.8611111111111109,0.8624278501295234,13.399999999999983,13.537826165273918,0.9066666666666666,0.003568,500000,1784
0.8611111111111109,0.8627050309667634,13.399999999999983,13.567176161537551,0.91,0.003144,500000,1572
0.8611111111111109,0.8609047487776126,13.399999999999983,13.378636095939548,0.9133333333333333,0.003998,500000,1999
0.8611111111111109,0.8598675113401658,13.399999999999983,13.272207816525093,0.9166666666666666,0.003848,500000,1924
0.8611111111111109,0.860719818006697,13.399999999999983,13.359544706052766,0.92,0.00307,500000,1535
0.8611111111111109,0.8597032505974628,13.399999999999983,13.25549778250123,0.9233333333333333,0.004114,500000,2057
0.8611111111111109,0.8606778364425368,13.399999999999983,13.355217783960866,0.9266666666666666,0.002512,500000,1256
0.8611111111111109,0.8621791897265053,13.399999999999983,13.511596587127556,0.93,0.005068,500000,2534
0.8611111111111109,0.8602071497636794,13.399999999999983,13.306883339305184,0.9333333333333333,0.005304,500000,2652
0.8611111111111109,0.8607942871941899,13.399999999999983,13.367226457077741,0.9366666666666666,0.007636,500000,3818
0.8611111111111109,0.8608185758844458,13.399999999999983,13.369733696211624,0.94,0.007496,500000,3748
0.8611111111111109,0.8609350785368637,13.399999999999983,13.38177204544113,0.9433333333333334,0.00961,500000,4805
0.8611111111111109,0.8617128420891967,13.399999999999983,13.462658935329497,0.9466666666666667,0.00625,500000,3125
0.8611111111111109,0.860770125751521,13.399999999999983,13.36473322119551,0.95,0.007392,500000,3696
0.8611111111111109,0.8609592905526688,13.399999999999983,13.384276432058934,0.9533333333333334,0.009028,500000,4514
0.8611111111111109,0.8600888258776767,13.399999999999983,13.294783905189833,0.9566666666666667,0.009444,500000,4722
0.8611111111111109,0.8609526213626242,13.399999999999983,13.383586512737049,0.96,0.010676,500000,5338
0.8611111111111109,0.8618291183748578,13.399999999999983,13.474829837345926,0.9633333333333334,0.011416,500000,5708
0.8611111111111109,0.8601389863587434,13.399999999999983,13.299910660807875,0.9666666666666667,0.012314,500000,6157
0.8611111111111109,0.8617887863283726,13.399999999999983,13.470605871038451,0.97,0.011686,500000,5843
0.8611111111111109,0.8601088719722664,13.399999999999983,13.296832316653399,0.9733333333333334,0.013666,500000,6833
0.8611111111111109,0.8611370622030039,13.399999999999983,13.402691112035978,0.9766666666666667,0.016352,500000,8176
0.8611111111111109,0.8610307855263974,13.399999999999983,13.39167665713404,0.98,0.017352,500000,8676
0.8611111111111109,0.8618656523682381,13.399999999999983,13.478658163511897,0.9833333333333334,0.015884,500000,7942
0.8611111111111109,0.8597895615671814,13.399999999999983,13.264273205010305,0.9866666666666667,0.01641,500000,8205
0.8611111111111109,0.8615367656943621,13.399999999999983,13.444267534479835,0.99,0.017802,500000,8901
0.8611111111111109,0.8604591260150651,13.399999999999983,13.332718026518341,0.9933333333333334,0.0237,500000,11850
0.8611111111111109,0.8603586781014786,13.399999999999983,13.322408101044886,0.9966666666666667,0.025748,500000,12874
0.8611111111111109,0.8604635058350657,13.399999999999983,13.33316790685574,1.0,0.03057,500000,15285
0.8611111111111109,0.8611673028298138,13.399999999999983,13.405828315417128,1.0033333333333334,0.031158,500000,15579
0.8611111111111109,0.8616105542807865,13.399999999999983,13.451969148412639,1.0066666666666666,0.030006,500000,15003
0.8611111111111109,0.8620683906698323,13.399999999999983,13.49993956941798,1.01,0.037064,500000,18532
0.8611111111111109,0.8626203222018101,13.399999999999983,13.558193992403963,1.0133333333333334,0.029916,500000,14958
0.8611111111111109,0.8612382154967598,13.399999999999983,13.413190253785606,1.0166666666666666,0.037954,500000,18977
0.8611111111111109,0.859991276777395,13.399999999999983,13.284824216417759,1.02,0.03656,500000,18280
0.8611111111111109,0.8612672785294607,13.399999999999983,13.416209664168605,1.0233333333333334,0.040922,500000,20461
0.8611111111111109,0.8621752667695606,13.399999999999983,13.51118353812484,1.0266666666666666,0.041994,500000,20997
0.8611111111111109,0.8604023326539286,13.399999999999983,13.32688696038075,1.03,0.039448,500000,19724
0.8611111111111109,0.8602309997758633,13.399999999999983,13.30932464847537,1.0333333333333334,0.044138,500000,22069
0.8611111111111109,0.8600730128207797,13.399999999999983,13.293168461051579,1.0366666666666666,0.046882,500000,23441
0.8611111111111109,0.8623575247426071,13.399999999999983,13.530398383638325,1.04,0.051044,500000,25522
0.8611111111111109,0.860492424108542,13.399999999999983,13.33613900334755,1.0433333333333334,0.048502,500000,24251
0.8611111111111109,0.8592063867617756,13.399999999999983,13.205189809398368,1.0466666666666666,0.05668,500000,28340
0.8611111111111109,0.8629730780617613,13.399999999999983,13.595671943221843,1.05,0.054208,500000,27104
0.8888888888888888,0.8901589223705024,16.999999999999993,17.208124348034474,0.85,0.002306,500000,1153
0.8888888888888888,0.8878705102822092,16.999999999999993,16.836521017206366,0.8533333333333333,0.00213,500000,1065
0.8888888888888888,0.8903907456365571,16.999999999999993,17.246634480044815,0.8566666666666667,0.001322,500000,661
0.8888888888888888,0.8888810418222618,16.999999999999993,16.99872886497855,0.86,0.0022,500000,1100
0.8888888888888888,0.8885161494388183,16.999999999999993,16.939818098608022,0.8633333333333333,0.004294,500000,2147
0.8888888888888888,0.8884188931075591,16.999999999999993,16.924181393252432,0.8666666666666667,0.002002,500000,1001
0.8888888888888888,0.8890280578137233,16.999999999999993,17.022573639765763,0.87,0.001792,500000,896
0.8888888888888888,0.8888070393904268,16.999999999999993,16.98675014169745,0.8733333333333333,0.002676,500000,1338
0.8888888888888888,0.889043507395112,16.999999999999993,17.02508310281514,0.8766666666666667,0.002456,500000,1228
0.8888888888888888,0.8884873437609055,16.999999999999993,16.935183928466348,0.88,0.003708,500000,1854
0.8888888888888888,0.8895258648436746,16.999999999999993,17.103785082091104,0.8833333333333333,0.003282,500000,1641
0.8888888888888888,0.8890501418417663,16.999999999999993,17.02616094513303,0.8866666666666667,0.002082,500000,1041
0.8888888888888888,0.888560887643651,16.999999999999993,16.947020195248854,0.89,0.00152,500000,760
0.8888888888888888,0.8891060310867077,16.999999999999993,17.035245916428472,0.8933333333333333,0.00466,500000,2330
0.8888888888888888,0.8892159184080274,16.999999999999993,17.053135173031208,0.8966666666666666,0.003588,500000,1794
0.8888888888888888,0.888402941042008,16.999999999999993,16.921619249418143,0.9,0.00541,500000,2705
0.8888888888888888,0.8877845506023598,16.999999999999993,16.82285782159028,0.9033333333333333,0.004552,500000,2276
0.8888888888888888,0.8896567387796669,16.999999999999993,17.12525729148431,0.9066666666666666,0.00514,500000,2570
0.8888888888888888,0.8874287639147401,16.999999999999993,16.766527840959544,0.91,0.005822,500000,2911
0.8888888888888888,0.8871899939396332,16.999999999999993,16.728923788283122,0.9133333333333333,0.00562,500000,2810
0.8888888888888888,0.8876197737299548,16.999999999999993,16.796725156915766,0.9166666666666666,0.003664,500000,1832
0.8888888888888888,0.8879047333794094,16.999999999999993,16.841966572677958,0.92,0.005946,500000,2973
0.8888888888888888,0.8886412169926525,16.999999999999993,16.959966389611488,0.9233333333333333,0.00625,500000,3125
0.8888888888888888,0.8887551710631791,16.999999999999993,16.978363750605048,0.9266666666666666,0.007396,500000,3698
0.8888888888888888,0.8883309592850733,16.999999999999993,16.91006699077573,0.93,0.008624,500000,4312
0.8888888888888888,0.889142375397417,16.999999999999993,17.04115871298761,0.9333333333333333,0.007956,500000,3978
0.8888888888888888,0.8891716123104486,16.999999999999993,17.045918033223863,0.9366666666666666,0.011856,500000,5928
0.8888888888888888,0.8892734193651047,16.999999999999993,17.062510271085745,0.94,0.01305,500000,6525
0.8888888888888888,0.8893082972127963,16.999999999999993,17.068201587293718,0.9433333333333334,0.012574,500000,6287
0.8888888888888888,0.8881008741379967,16.999999999999993,16.873240604814445,0.9466666666666667,0.016362,500000,8181
0.8888888888888888,0.8901645086815538,16.999999999999993,17.209050426163234,0.95,0.014122,500000,7061
0.8888888888888888,0.8877870217427366,16.999999999999993,16.823250314368543,0.9533333333333334,0.01641,500000,8205
0.8888888888888888,0.8899638585136093,16.999999999999993,17.17584634451546,0.9566666666666667,0.013262,500000,6631
0.8888888888888888,0.889071919353252,16.999999999999993,17.029699859037745,0.96,0.017414,500000,8707
0.8888888888888888,0.8884921870479968,16.999999999999993,16.93596293437186,0.9633333333333334,0.016568,500000,8284
0.8888888888888888,0.8893164661520451,16.999999999999993,17.069535101286004,0.9666666666666667,0.016736,500000,8368
0.8888888888888888,0.8891330188216927,16.999999999999993,17.0396361364201,0.97,0.021888,500000,10944
0.8888888888888888,0.8875454081502393,16.999999999999993,16.78495628415067,0.9733333333333334,0.020004,500000,10002
0.8888888888888888,0.8894023489544184,16.999999999999993,17.083566704104058,0.9766666666666667,0.024722,500000,12361
0.8888888888888888,0.8900909534078673,16.999999999999993,17.19686424377699,0.98,0.021822,500000,10911
0.8888888888888888,0.8874157541524441,16.999999999999993,16.764474815669054,0.9833333333333334,0.024878,500000,12439
0.8888888888888888,0.8886379956062137,16.999999999999993,16.959446858803076,0.9866666666666667,0.026878,500000,13439
0.8888888888888888,0.8894468732230891,16.999999999999993,17.0908496965072,0.99,0.025494,500000,12747
0.8888888888888888,0.889602022763055,16.999999999999993,17.116273957696155,0.9933333333333334,0.029012,500000,14506
0.8888888888888888,0.888465615919534,16.999999999999993,16.931690002942137,0.9966666666666667,0.02949,500000,14745
0.8888888888888888,0.889720543515807,16.999999999999993,17.135744079285256,1.0,0.040458,500000,20229
0.8888888888888888,0.8901070315928004,16.999999999999993,17.199526584714306,1.0033333333333334,0.032332,500000,16166
0.8888888888888888,0.8879356049449896,16.999999999999993,16.846881688142215,1.0066666666666666,0.03103,500000,15515
0.8888888888888888,0.8895284322674731,16.999999999999993,17.104205824637056,1.01,0.041148,500000,20574
0.8888888888888888,0.8889159926780384,16.999999999999993,17.004391885172797,1.0133333333333334,0.035466,500000,17733
0.8888888888888888,0.8878791265168039,16.999999999999993,16.837891713354757,1.0166666666666666,0.039792,500000,19896
0.8888888888888888,0.8909231614307324,16.999999999999993,17.335698267693463,1.02,0.045246,500000,22623
0.8888888888888888,0.8888088923190196,16.999999999999993,16.987049879368254,1.0233333333333334,0.040436,500000,20218
0.8888888888888888,0.8882531440196128,16.999999999999993,16.897595260765286,1.0266666666666666,0.044106,500000,22053
0.8888888888888888,0.8884886668120419,16.999999999999993,16.935396724464738,1.03,0.051656,500000,25828
0.8888888888888888,0.8893638838350928,16.999999999999993,17.077279547837048,1.0333333333333334,0.04629,500000,23145
0.8888888888888888,0.8876999682881593,16.999999999999993,16.80943397355358,1.0366666666666666,0.04939,500000,24695
0.8888888888888888,0.8867754613455248,16.999999999999993,16.66401544901282,1.04,0.037366,500000,18683
0.8888888888888888,0.8896450955097834,16.999999999999993,17.123344940933816,1.0433333333333334,0.060526,500000,30263
0.8888888888888888,0.8880394227647161,16.999999999999993,16.863430587688228,1.0466666666666666,0.052792,500000,26396
0.8888888888888888,0.8896660518237699,16.999999999999993,17.126787204292867,1.05,0.058712,500000,29356
0.9166666666666665,0.9170369666769391,22.999999999999957,23.10712241212219,0.85,0.004988,500000,2494
0.9166666666666665,0.9167819811998159,22.999999999999957,23.03325660518581,0.8533333333333333,0.00746,500000,3730
0.9166666666666665,0.9173942304832922,22.999999999999957,23.211383922711118,0.8566666666666667,0.004044,500000,2022
0.9166666666666665,0.9162264467580227,22.999999999999957,22.87388289742303,0.86,0.00519,500000,2595
0.9166666666666665,0.9171987731525982,22.999999999999957,23.154231478790688,0.8633333333333333,0.006134,500000,3067
0.9166666666666665,0.91756201341086,22.999999999999957,23.26066044004368,0.8666666666666667,0.005574,500000,2787
0.9166666666666665,0.917726825051742,22.999999999999957,23.309259989757397,0.87,0.006478,500000,3239
0.9166666666666665,0.9181401136326574,22.999999999999957,23.431990914635364,0.8733333333333333,0.00705,500000,3525
0.9166666666666665,0.9164800432831203,22.999999999999957,22.946372563143242,0.8766666666666667,0.008222,500000,4111
0.9166666666666665,0.916907108233943,22.999999999999957,23.069447548303852,0.88,0.009184,500000,4592
0.9166666666666665,0.9159762633019195,22.999999999999957,22.802797621183263,0.8833333333333333,0.006274,500000,3137
0.9166666666666665,0.9162613389044343,22.999999999999957,22.883830644456154,0.8866666666666667,0.008436,500000,4218
0.9166666666666665,0.9157916593968726,22.999999999999957,22.75061645527452,0.89,0.009882,500000,4941
0.9166666666666665,0.9144531197501792,22.999999999999957,22.37899399907327,0.8933333333333333,0.009412,500000,4706
0.9166666666666665,0.9154229431292443,22.999999999999957,22.647074916028934,0.8966666666666666,0.012146,500000,6073
0.9166666666666665,0.9165237834491693,22.999999999999957,22.95892006895341,0.9,0.011212,500000,5606
0.9166666666666665,0.9159313166920074,22.999999999999957,22.790071656919334,0.9033333333333333,0.009576,500000,4788
0.9166666666666665,0.9163654774091268,22.999999999999957,22.913569875728022,0.9066666666666666,0.012346,500000,6173
0.9166666666666665,0.9173927885244028,22.999999999999957,23.21096129834638,0.91,0.013328,500000,6664
0.9166666666666665,0.9171460519544034,22.999999999999957,23.138861782414377,0.9133333333333333,0.014506,500000,7253
0.9166666666666665,0.9161961151248998,22.999999999999957,22.86524208252119,0.9166666666666666,0.018238,500000,9119
0.9166666666666665,0.9169654138394554,22.999999999999957,23.08634874307759,0.92,0.017356,500000,8678
0.9166666666666665,0.916217516594084,22.999999999999957,22.871338240360355,0.9233333333333333,0.014066,500000,7033
0.9166666666666665,0.9157313550897166,22.999999999999957,22.73362004490876,0.9266666666666666,0.016262,500000,8131
0.9166666666666665,0.9178497751283846,22.999999999999957,23.345642426732304,0.93,0.01666,500000,8330
0.9166666666666665,0.9176776038282963,22.999999999999957,23.294725287496583,0.9333333333333333,0.020678,500000,10339
0.9166666666666665,0.9175036460148941,22.999999999999957,23.24349566237902,0.9366666666666666,0.017724,500000,8862
0.9166666666666665,0.9170408130472195,22.999999999999957,23.108240129431103,0.94,0.02143,500000,10715
0.9166666666666665,0.9172589406607573,22.999999999999957,23.171795913319116,0.9433333333333334,0.019724,500000,9862
0.9166666666666665,0.9165881717997887,22.999999999999957,22.977414752251338,0.9466666666666667,0.020422,500000,10211
0.9166666666666665,0.9165577795557919,22.999999999999957,22.968681434325664,0.95,0.02002,500000,10010
0.9166666666666665,0.9156878709499197,22.999999999999957,22.72137938554518,0.9533333333333334,0.02243,500000,11215
0.9166666666666665,0.91509706646924,22.999999999999957,22.556312094627554,0.9566666666666667,0.021286,500000,10643
0.9166666666666665,0.9170253374314635,22.999999999999957,23.103743698240596,0.96,0.02563,500000,12815
0.9166666666666665,0.9174467365192507,22.999999999999957,23.22678299648786,0.9633333333333334,0.023726,500000,11863
0.9166666666666665,0.9166989691739811,22.999999999999957,23.00930672967498,0.9666666666666667,0.0299,500000,14950
0.9166666666666665,0.9163916668619377,22.999999999999957,22.921060556217565,0.97,0.032548,500000,16274
0.9166666666666665,0.9176928570730066,22.999999999999957,23.299227611071416,0.9733333333333334,0.026504,500000,13252
0.9166666666666665,0.9190354605659108,22.999999999999957,23.702172259352373,0.9766666666666667,0.029914,500000,14957
0.9166666666666665,0.917152671289138,22.999999999999957,23.140790428862477,0.98,0.034262,500000,17131
0.9166666666666665,0.9156241283786836,22.999999999999957,22.70345883922967,0.9833333333333334,0.040408,500000,20204
0.9166666666666665,0.9158365258444765,22.999999999999957,22.763277598358783,0.9866666666666667,0.040488,500000,20244
0.9166666666666665,0.9161985382780169,22.999999999999957,22.86593215563629,0.99,0.03974,500000,19870
0.9166666666666665,0.9158690844929671,22.999999999999957,22.77247398232356,0.9933333333333334,0.040152,500000,20076
0.9166666666666665,0.9159625505773593,22.999999999999957,22.79891362411074,0.9966666666666667,0.047076,500000,23538
0.9166666666666665,0.9172663585535774,22.999999999999957,23.173963154941987,1.0,0.040738,500000,20369
0.9166666666666665,0.9177018001521734,22.999999999999957,23.30186812953499,1.0033333333333334,0.044722,500000,22361
0.9166666666666665,0.9162880985703784,22.999999999999957,22.8914654409259,1.0066666666666666,0.039932,500000,19966
0.9166666666666665,0.9161491578367508,22.999999999999957,22.85187731455577,1.01,0.041832,500000,20916
0.9166666666666665,0.9172657151762837,22.999999999999957,23.1737751678333,1.0133333333333334,0.051886,500000,25943
0.9166666666666665,0.9167346633372856,22.999999999999957,23.019599033166294,1.0166666666666666,0.04255,500000,21275
0.9166666666666665,0.917003072872009,22.999999999999957,23.097277684940856,1.02,0.05584,500000,27920
0.9166666666666665,0.9163453975537136,22.999999999999957,22.907829832604556,1.0233333333333334,0.058284,500000,29142
0.9166666666666665,0.9165117444534017,22.999999999999957,22.955465195744992,1.0266666666666666,0.053622,500000,26811
0.9166666666666665,0.917547861043215,22.999999999999957,23.25649625715889,1.03,0.059088,500000,29544
0.9166666666666665,0.9172258544169999,22.999999999999957,23.162134032474437,1.0333333333333334,0.054368,500000,27184
0.9166666666666665,0.9160498762996868,22.999999999999957,22.8236694818895,1.0366666666666666,0.063788,500000,31894
0.9166666666666665,0.9174931185554459,22.999999999999957,23.240402315339367,1.04,0.066904,500000,33452
0.9166666666666665,0.9159643641001625,22.999999999999957,22.799427214233365,1.0433333333333334,0.058582,500000,29291
0.9166666666666665,0.916214259032036,22.999999999999957,22.87041013058193,1.0466666666666666,0.06893,500000,34465
0.9166666666666665,0.917088190337734,22.999999999999957,23.1220160088994,1.05,0.073278,500000,36639
0.9444444444444444,0.9434899959787312,34.999999999999986,34.391963505209674,0.85,0.013522,500000,6761
0.9444444444444444,0.9442165408516507,34.999999999999986,34.85292182546886,0.8533333333333333,0.014604,500000,7302
0.9444444444444444,0.9434555055052859,34.999999999999986,34.37037545161827,0.8566666666666667,0.017574,500000,8787
0.9444444444444444,0.9452401909568345,34.999999999999986,35.52313685797301,0.86,0.020748,500000,10374
0.9444444444444444,0.9444587961911746,34.999999999999986,35.00930233496674,0.8633333333333333,0.017098,500000,8549
0.9444444444444444,0.9441933249630919,34.999999999999986,34.83800680971026,0.8666666666666667,0.017418,500000,8709
0.9444444444444444,0.9440235034785655,34.999999999999986,34.729281471450385,0.87,0.015946,500000,7973
0.9444444444444444,0.9446250973299788,34.999999999999986,35.11744497174089,0.8733333333333333,0.020208,500000,10104
0.9444444444444444,0.9441448775403662,34.999999999999986,34.80692176344959,0.8766666666666667,0.022282,500000,11141
0.9444444444444444,0.9444108744678622,34.999999999999986,34.97825979190369,0.88,0.018134,500000,9067
0.9444444444444444,0.945048642011363,34.999999999999986,35.395824838643016,0.8833333333333333,0.020292,500000,10146
0.9444444444444444,0.9439760998146425,34.999999999999986,34.699049751675844,0.8866666666666667,0.016886,500000,8443
0.9444444444444444,0.9444256622350807,34.999999999999986,34.98783324166717,0.89,0.02136,500000,10680
0.9444444444444444,0.944998786043181,34.999999999999986,35.36283376527261,0.8933333333333333,0.024784,500000,12392
0.9444444444444444,0.94526270609847,34.999999999999986,35.53815995357593,0.8966666666666666,0.026754,500000,13377
0.9444444444444444,0.9444970111004306,34.999999999999986,35.03409545419122,0.9,0.022562,500000,11281
0.9444444444444444,0.9445186711159217,34.999999999999986,35.04816323305388,0.9033333333333333,0.021832,500000,10916
0.9444444444444444,0.9439249130891704,34.999999999999986,34.666462776605094,0.9066666666666666,0.026978,500000,13489
0.9444444444444444,0.9442055192469465,34.999999999999986,34.8458394630825,0.91,0.027312,500000,13656
0.9444444444444444,0.9440559688525386,34.999999999999986,34.75001584580587,0.9133333333333333,0.026856,500000,13428
0.9444444444444444,0.9435148944751414,34.999999999999986,34.407564196189995,0.9166666666666666,0.030634,500000,15317
0.9444444444444444,0.943451198166374,34.999999999999986,34.36768127968943,0.92,0.029664,500000,14832
0.9444444444444444,0.9439544583505246,34.999999999999986,34.68526489597625,0.9233333333333333,0.030482,500000,15241
0.9444444444444444,0.9453746563680347,34.999999999999986,35.613041987888806,0.9266666666666666,0.03651,500000,18255
0.9444444444444444,0.9445766801454804,34.999999999999986,35.08589318088106,0.93,0.039066,500000,19533
0.9444444444444444,0.944914368393279,34.999999999999986,35.30710843580454,0.9333333333333333,0.03276,500000,16380
0.9444444444444444,0.9442111635819143,34.999999999999986,34.84946610127963,0.9366666666666666,0.042378,500000,21189
0.9444444444444444,0.9444214793154934,34.999999999999986,34.98512474545819,0.94,0.03528,500000,17640
0.9444444444444444,0.9447436752050069,34.999999999999986,35.19495157197322,0.9433333333333334,0.044076,500000,22038
0.9444444444444444,0.944983298801513,34.999999999999986,35.35259760094453,0.9466666666666667,0.034602,500000,17301
0.9444444444444444,0.9453995754280061,34.999999999999986,35.629751795480644,0.95,0.04452,500000,22260
0.9444444444444444,0.9433195618179702,34.999999999999986,34.28554231668036,0.9533333333333334,0.044042,500000,22021
0.9444444444444444,0.9452847060989508,34.999999999999986,35.55285126708687,0.9566666666666667,0.046312,500000,23156
0.9444444444444444,0.9441868280211689,34.999999999999986,34.833835080338446,0.96,0.0501,500000,25050
0.9444444444444444,0.9455682962341982,34.999999999999986,35.74329226594149,0.9633333333333334,0.049688,500000,24844
0.9444444444444444,0.9444093160101317,34.999999999999986,34.97725115892638,0.9666666666666667,0.045776,500000,22888
0.9444444444444444,0.9442901219031963,34.999999999999986,34.90027600715118,0.97,0.046394,500000,23197
0.9444444444444444,0.9447768284554436,34.999999999999986,35.21668122386482,0.9733333333333334,0.050202,500000,25101
0.9444444444444444,0.9441437935356851,34.999999999999986,34.80622685641479,0.9766666666666667,0.054128,500000,27064
0.9444444444444444,0.9444242043037759,34.999999999999986,34.986889165419285,0.98,0.04927,500000,24635
0.9444444444444444,0.943827980087959,34.999999999999986,34.6049151006457,0.9833333333333334,0.057888,500000,28944
0.9444444444444444,0.9440051540752518,34.999999999999986,34.71757305463095,0.9866666666666667,0.05998,500000,29990
0.9444444444444444,0.945342641037428,34.999999999999986,35.59159604417678,0.99,0.066942,500000,33471
0.9444444444444444,0.9447973173627411,34.999999999999986,35.23012332828375,0.9933333333333334,0.055924,500000,27962
0.9444444444444444,0.9447935847527151,34.999999999999986,35.22767374120277,0.9966666666666667,0.060862,500000,30431
0.9444444444444444,0.9447424516421412,34.999999999999986,35.19415011045379,1.0,0.063764,500000,31882
0.9444444444444444,0.944119881095409,34.999999999999986,34.790904514980994,1.0033333333333334,0.05966,500000,29830
0.9444444444444444,0.9454548488406674,34.999999999999986,35.66687061069412,1.0066666666666666,0.07278,500000,36390
0.9444444444444444,0.9441771781297217,34.999999999999986,34.827640613504286,1.01,0.068228,500000,34114
0.9444444444444444,0.9442847435728913,34.999999999999986,34.8968104654883,1.0133333333333334,0.063126,500000,31563
0.9444444444444444,0.9450202553832028,34.999999999999986,35.377033286345345,1.0166666666666666,0.07398,500000,36990
0.9444444444444444,0.945824103042423,34.999999999999986,35.91678610445753,1.02,0.077828,500000,38914
0.9444444444444444,0.9442223833403376,34.999999999999986,34.85667727976574,1.0233333333333334,0.067228,500000,33614
0.9444444444444444,0.9451209625107322,34.999999999999986,35.44378785599366,1.0266666666666666,0.071946,500000,35973
0.9444444444444444,0.9435542669903636,34.999999999999986,34.432261986190554,1.03,0.079364,500000,39682
0.9444444444444444,0.945439433401063,34.999999999999986,35.656510822212866,1.0333333333333334,0.079702,500000,39851
0.9444444444444444,0.9437216733353144,34.999999999999986,34.53765931805847,1.0366666666666666,0.084916,500000,42458
0.9444444444444444,0.9445336578663409,34.999999999999986,35.05790328088578,1.04,0.078806,500000,39403
0.9444444444444444,0.9451495267857162,34.999999999999986,35.46276655055677,1.0433333333333334,0.083438,500000,41719
0.9444444444444444,0.9437499161788365,34.999999999999986,34.55550257238058,1.0466666666666666,0.085252,500000,42626
0.9444444444444444,0.9447353785760421,34.999999999999986,35.189517786744034,1.05,0.10523,500000,52615
0.9722222222222221,0.972971728915236,70.99999999999969,72.99659392669801,0.85,0.05626,500000,28130
0.9722222222222221,0.9721856295161138,70.99999999999969,70.90527648859302,0.8533333333333333,0.068502,500000,34251
0.9722222222222221,0.972230714683293,70.99999999999969,71.02201919099187,0.8566666666666667,0.058876,500000,29438
0.9722222222222221,0.9725576939806203,70.99999999999969,71.88017262789808,0.86,0.066286,500000,33143
0.9722222222222221,0.9715327291743724,70.99999999999969,69.25612016869218,0.8633333333333333,0.05727,500000,28635
0.9722222222222221,0.9716256480143275,70.99999999999969,69.48619122684784,0.8666666666666667,0.065014,500000,32507
0.9722222222222221,0.9729742509717972,70.99999999999969,73.00349932624985,0.87,0.064618,500000,32309
0.9722222222222221,0.9724540760162588,70.99999999999969,71.60602335142153,0.8733333333333333,0.06204,500000,31020
0.9722222222222221,0.9722474837044639,70.99999999999969,71.06553736252354,0.8766666666666667,0.071054,500000,35527
0.9722222222222221,0.9717959065244782,70.99999999999969,69.91169236606713,0.88,0.068056,500000,34028
0.9722222222222221,0.9721397875095913,70.99999999999969,70.78696144864386,0.8833333333333333,0.071368,500000,35684
0.9722222222222221,0.9721241436502267,70.99999999999969,70.74667478928471,0.8866666666666667,0.073498,500000,36749
0.9722222222222221,0.9722029706732568,70.99999999999969,70.95013454462288,0.89,0.075886,500000,37943
0.9722222222222221,0.972145732478622,70.99999999999969,70.80228302413667,0.8933333333333333,0.081176,500000,40588
0.9722222222222221,0.9725045251061686,70.99999999999969,71.73924191972027,0.8966666666666666,0.071328,500000,35664
0.9722222222222221,0.9719329520399844,70.99999999999969,70.25793930481056,0.9,0.078502,500000,39251
0.9722222222222221,0.9711956670244031,70.99999999999969,68.43399806183326,0.9033333333333333,0.074752,500000,37376
0.9722222222222221,0.9726485760385266,70.99999999999969,72.1223355250957,0.9066666666666666,0.082584,500000,41292
0.9722222222222221,0.9725297760317957,70.99999999999969,71.80610461403292,0.91,0.079634,500000,39817
0.9722222222222221,0.9722544345917369,70.99999999999969,71.08359139815411,0.9133333333333333,0.094074,500000,47037
0.9722222222222221,0.9723283981173919,70.99999999999969,71.27626389265956,0.9166666666666666,0.086844,500000,43422
0.9722222222222221,0.9716242075368478,70.99999999999969,69.48261304409829,0.92,0.08842,500000,44210
0.9722222222222221,0.9724242798264527,70.99999999999969,71.52757089980037,0.9233333333333333,0.085576,500000,42788
0.9722222222222221,0.9718416262972227,70.99999999999969,70.02682921644494,0.9266666666666666,0.091454,500000,45727
0.9722222222222221,0.9720273215539881,70.99999999999969,70.49833734585178,0.93,0.085896,500000,42948
0.9722222222222221,0.972437280914651,70.99999999999969,71.56178150664022,0.9333333333333333,0.08865,500000,44325
0.9722222222222221,0.9716090385493374,70.99999999999969,69.44495493664684,0.9366666666666666,0.08764,500000,43820
0.9722222222222221,0.972005219607575,70.99999999999969,70.44188923665125,0.94,0.09429,500000,47145
0.9722222222222221,0.9719607060680574,70.99999999999969,70.32847228087945,0.9433333333333334,0.094938,500000,47469
0.9722222222222221,0.971502421740631,70.99999999999969,69.18140214572341,0.9466666666666667,0.100842,500000,50421
0.9722222222222221,0.9728468085174877,70.99999999999969,72.65616676360425,0.95,0.09842,500000,49210
0.9722222222222221,0.972804241452575,70.99999999999969,72.54087941736691,0.9533333333333334,0.089588,500000,44794
0.9722222222222221,0.9717887701415306,70.99999999999969,69.89375436780446,0.9566666666666667,0.092622,500000,46311
0.9722222222222221,0.9721532158977401,70.99999999999969,70.82157884571272,0.96,0.096596,500000,48298
0.9722222222222221,0.972593357426019,70.99999999999969,71.97500941975073,0.9633333333333334,0.10762,500000,53810
0.9722222222222221,0.9722880802214092,70.99999999999969,71.1711096156221,0.9666666666666667,0.102252,500000,51126
0.9722222222222221,0.9724800885375786,70.99999999999969,71.67465241416258,0.97,0.110466,500000,55233
0.9722222222222221,0.97229232591401,70.99999999999969,71.18216851378632,0.9733333333333334,0.10332,500000,51660
0.9722222222222221,0.9722101832010823,70.99999999999969,70.96880837580377,0.9766666666666667,0.10928,500000,54640
0.9722222222222221,0.9723109016949293,70.99999999999969,71.23059335354868,0.98,0.117008,500000,58504
0.9722222222222221,0.9727530765917622,70.99999999999969,72.40278276685456,0.9833333333333334,0.115626,500000,57813
0.9722222222222221,0.9725448557433599,70.99999999999969,71.84609329693451,0.9866666666666667,0.115374,500000,57687
0.9722222222222221,0.9726028368550436,70.99999999999969,72.00025880118122,0.99,0.116852,500000,58426
0.9722222222222221,0.9726770865207027,70.99999999999969,72.19863606475985,0.9933333333333334,0.113518,500000,56759
0.9722222222222221,0.9719808151731585,70.99999999999969,70.37966405375444,0.9966666666666667,0.123932,500000,61966
0.9722222222222221,0.9719256971629712,70.99999999999969,70.23952504217063,1.0,0.112202,500000,56101
0.9722222222222221,0.9723304158638232,70.99999999999969,71.28153448772248,1.0033333333333334,0.116306,500000,58153
0.9722222222222221,0.9738069569825935,70.99999999999969,75.35615299340753,1.0066666666666666,0.12789,500000,63945
0.9722222222222221,0.9719608790035349,70.99999999999969,70.32891220991347,1.01,0.120144,500000,60072
0.9722222222222221,0.9719817014594204,70.99999999999969,70.38192196443873,1.0133333333333334,0.12431,500000,62155
0.9722222222222221,0.9718948953476211,70.99999999999969,70.16145001903475,1.0166666666666666,0.118974,500000,59487
0.9722222222222221,0.9723835234155357,70.99999999999969,71.42053467186683,1.02,0.126898,500000,63449
0.9722222222222221,0.9722007317616222,70.99999999999969,70.94433978801426,1.0233333333333334,0.1263,500000,63150
0.9722222222222221,0.9722246880514652,70.99999999999969,71.00639199681444,1.0266666666666666,0.131552,500000,65776
0.9722222222222221,0.9724208237183618,70.99999999999969,71.51848204514981,1.03,0.131892,500000,65946
0.9722222222222221,0.9729363170216406,70.99999999999969,72.89977194158091,1.0333333333333334,0.143066,500000,71533
0.9722222222222221,0.9725586396445974,70.99999999999969,71.88268417080312,1.0366666666666666,0.13693,500000,68465
0.9722222222222221,0.9710317565010509,70.99999999999969,68.04112084229597,1.04,0.133234,500000,66617
0.9722222222222221,0.9719653523357366,70.99999999999969,70.34029376618331,1.0433333333333334,0.1396,500000,69800
0.9722222222222221,0.9718118729136455,70.99999999999969,69.95185834351419,1.0466666666666666,0.155572,500000,77786
0.9722222222222221,0.9726288158258082,70.99999999999969,72.0695459601558,1.05,0.143758,500000,71879
1.0,0.9977171454338177,1000.0,875.0961077536874,0.85,0.533922,500000,266961
1.0,0.9980450947545656,1000.0,1022.0674886523842,0.8533333333333333,0.540476,500000,270238
1.0,0.9980531172244028,1000.0,1026.2832165698678,0.8566666666666667,0.556054,500000,278027
1.0,0.9980922490536495,1000.0,1047.3548724354653,0.86,0.545294,500000,272647
1.0,0.9978855878366498,1000.0,944.8893751495827,0.8633333333333333,0.560398,500000,280199
1.0,0.998196591074677,1000.0,1108.0108138628564,0.8666666666666667,0.58061,500000,290305
1.0,0.9980702787204939,1000.0,1035.4191042718571,0.87,0.574374,500000,287187
1.0,0.9981416093275259,1000.0,1075.19997755229,0.8733333333333333,0.558256,500000,279128
1.0,0.9980868201708034,1000.0,1044.3800366690648,0.8766666666666667,0.581212,500000,290606
1.0,0.9981406268353066,1000.0,1074.6313138087633,0.88,0.585888,500000,292944
1.0,0.9980096424341967,1000.0,1003.8445738405411,0.8833333333333333,0.56034,500000,280170
1.0,0.9979829682654562,1000.0,990.5560403675781,0.8866666666666667,0.577936,500000,288968
1.0,0.9981653743022854,1000.0,1089.1406224121465,0.89,0.60109,500000,300545
1.0,0.9981848200912851,1000.0,1100.8191587499061,0.8933333333333333,0.57413,500000,287065
1.0,0.9981571149158134,1000.0,1084.2548632367789,0.8966666666666666,0.57418,500000,287090
1.0,0.9980761626959531,1000.0,1038.5889485004045,0.9,0.573562,500000,286781
1.0,0.9978517458297123,1000.0,929.9885336948366,0.9033333333333333,0.571996,500000,285998
1.0,0.9977912016450949,1000.0,904.4697073450182,0.9066666666666666,0.550392,500000,275196
1.0,0.9980332224088453,1000.0,1015.8917975243928,0.91,0.56267,500000,281335
1.0,0.9980041794841651,1000.0,1001.094118249582,0.9133333333333333,0.568384,500000,284192
1.0,0.9978900929710436,1000.0,946.909065447866,0.9166666666666666,0.576712,500000,288356
1.0,0.9982850332753738,1000.0,1165.2033853373264,0.92,0.578426,500000,289213
1.0,0.9978726613445363,1000.0,939.1418034046548,0.9233333333333333,0.56552,500000,282760
1.0,0.9977568823018534,1000.0,890.6161651493367,0.9266666666666666,0.554298,500000,277149
1.0,0.9982543756623703,1000.0,1144.7218812128285,0.93,0.57471,500000,287355
1.0,0.9978093193198999,1000.0,911.9582499940756,0.9333333333333333,0.566574,500000,283287
1.0,0.9976572418649512,1000.0,852.6946132334538,0.9366666666666666,0.559318,500000,279659
1.0,0.998016930320002,1000.0,1007.5374307180534,0.94,0.56382,500000,281910
1.0,0.9979352487080132,1000.0,967.6396651073343,0.9433333333333334,0.56811,500000,284055
1.0,0.9978068656136649,1000.0,910.936820863133,0.9466666666666667,0.575882,500000,287941
1.0,0.9980320908304027,1000.0,1015.307068892419,0.95,0.583532,500000,291766
1.0,0.9980210118070135,1000.0,1009.6174494056802,0.9533333333333334,0.563372,500000,281686
1.0,0.9980215708727969,1000.0,1009.9030303387099,0.9566666666666667,0.582652,500000,291326
1.0,0.9980770274244509,1000.0,1039.0564342052323,0.96,0.594494,500000,297247
1.0,0.9979557295502378,1000.0,977.3441326135127,0.9633333333333334,0.574464,500000,287232
1.0,0.9978805759813696,1000.0,942.6526067551088,0.9666666666666667,0.575488,500000,287744
1.0,0.9978580625680327,1000.0,932.7340905252428,0.97,0.57855,500000,289275
1.0,0.998031147166569,1000.0,1014.8199566976924,0.9733333333333334,0.563194,500000,281597
1.0,0.9979028746625969,1000.0,952.6864413056858,0.9766666666666667,0.573812,500000,286906
1.0,0.9978627906291893,1000.0,934.7997523851802,0.98,0.571774,500000,285887
1.0,0.9978863719054459,1000.0,945.2402610719981,0.9833333333333334,0.560642,500000,280321
1.0,0.9979668730537896,1000.0,982.7064054105766,0.9866666666666667,0.581236,500000,290618
1.0,0.9980230209549428,1000.0,1010.6445113570015,0.99,0.590474,500000,295237
1.0,0.9978929929053492,1000.0,948.2136998862225,0.9933333333333334,0.589586,500000,294793
1.0,0.9978815421844283,1000.0,943.0829953275398,0.9966666666666667,0.590154,500000,295077
1.0,0.9977151091597082,1000.0,874.3153388039029,1.0,0.566054,500000,283027
1.0,0.9980704810615217,1000.0,1035.5277894485616,1.0033333333333334,0.579754,500000,289877
1.0,0.997886429948878,1000.0,945.2662469778608,1.0066666666666666,0.580174,500000,290087
1.0,0.9980619768574079,1000.0,1030.9794207023865,1.01,0.5795,500000,289750
1.0,0.9979258217371063,1000.0,963.2372768914398,1.0133333333333334,0.583636,500000,291818
1.0,0.9980680775226021,1000.0,1034.2382268949564,1.0166666666666666,0.581674,500000,290837
1.0,0.9980892909807227,1000.0,1045.7318570341724,1.02,0.594616,500000,297308
1.0,0.9979803262354561,1000.0,989.2589393944273,1.0233333333333334,0.585614,500000,292807
1.0,0.9981255717453025,1000.0,1065.992025428405,1.0266666666666666,0.589262,500000,294631
1.0,0.9980829359302859,1000.0,1042.2619501852114,1.03,0.579122,500000,289561
1.0,0.9978957885116572,1000.0,949.4748030698845,1.0333333333333334,0.57932,500000,289660
1.0,0.9979066905093363,1000.0,954.4248948471968,1.0366666666666666,0.57854,500000,289270
1.0,0.9980199357768088,1000.0,1009.0682475726436,1.04,0.59459,500000,297295
1.0,0.9978785430023985,1000.0,941.7483103646521,1.0433333333333334,0.593064,500000,296532
1.0,0.9979781343759653,1000.0,988.185421733847,1.0466666666666666,0.583558,500000,291779
1.0,0.9980343970451546,1000.0,1016.4994879153256,1.05,0.593928,500000,296964
