Analysis & Synthesis report for opq_native_sv_2lane_signoff
Mon Apr 20 11:05:04 2026
Quartus Prime Version 18.1.0 Build 625 09/12/2018 SJ Standard Edition


---------------------
; Table of Contents ;
---------------------
  1. Legal Notice
  2. Analysis & Synthesis Summary
  3. Analysis & Synthesis Settings
  4. Parallel Compilation
  5. Analysis & Synthesis Source Files Read
  6. Analysis & Synthesis Resource Usage Summary
  7. Analysis & Synthesis Resource Utilization by Entity
  8. Analysis & Synthesis RAM Summary
  9. State Machine - |opq_native_sv_2lane_signoff_top|ordered_priority_queue_monolithic_sv:dut_i|ordered_priority_queue_monolithic_basic_presenter:presenter_i|ordered_priority_queue_monolithic_basic_presenter_native:native_i|meta_read_owner
 10. State Machine - |opq_native_sv_2lane_signoff_top|ordered_priority_queue_monolithic_sv:dut_i|ordered_priority_queue_monolithic_basic_presenter:presenter_i|ordered_priority_queue_monolithic_basic_presenter_native:native_i|presenter_state
 11. State Machine - |opq_native_sv_2lane_signoff_top|ordered_priority_queue_monolithic_sv:dut_i|ordered_priority_queue_monolithic_block_path:block_path_i|arbiter_state
 12. State Machine - |opq_native_sv_2lane_signoff_top|ordered_priority_queue_monolithic_sv:dut_i|ordered_priority_queue_monolithic_page_allocator:page_allocator_i|page_allocator_state
 13. State Machine - |opq_native_sv_2lane_signoff_top|ordered_priority_queue_monolithic_sv:dut_i|ordered_priority_queue_monolithic_ingress_parser:g_ingress_parser[1].ingress_parser_i|ingress_parser_state
 14. State Machine - |opq_native_sv_2lane_signoff_top|ordered_priority_queue_monolithic_sv:dut_i|ordered_priority_queue_monolithic_ingress_parser:g_ingress_parser[0].ingress_parser_i|ingress_parser_state
 15. Registers Protected by Synthesis
 16. Registers Removed During Synthesis
 17. Removed Registers Triggering Further Register Optimizations
 18. General Register Statistics
 19. Inverted Register Statistics
 20. Registers Added for RAM Pass-Through Logic
 21. Multiplexer Restructuring Statistics (No Restructuring Performed)
 22. Source assignments for Top-level Entity: |opq_native_sv_2lane_signoff_top
 23. Source assignments for ordered_priority_queue_monolithic_sv:dut_i|ticket_fifo:g_storage[0].ticket_fifo_i|altsyncram:ticket_fifo_ram|altsyncram_0202:auto_generated
 24. Source assignments for ordered_priority_queue_monolithic_sv:dut_i|lane_fifo:g_storage[0].lane_fifo_i|altsyncram:lane_fifo_ram|altsyncram_g402:auto_generated
 25. Source assignments for ordered_priority_queue_monolithic_sv:dut_i|handle_fifo:g_storage[0].handle_fifo_i|altsyncram:handle_fifo_ram|altsyncram_8sv1:auto_generated
 26. Source assignments for ordered_priority_queue_monolithic_sv:dut_i|ticket_fifo:g_storage[1].ticket_fifo_i|altsyncram:ticket_fifo_ram|altsyncram_0202:auto_generated
 27. Source assignments for ordered_priority_queue_monolithic_sv:dut_i|lane_fifo:g_storage[1].lane_fifo_i|altsyncram:lane_fifo_ram|altsyncram_g402:auto_generated
 28. Source assignments for ordered_priority_queue_monolithic_sv:dut_i|handle_fifo:g_storage[1].handle_fifo_i|altsyncram:handle_fifo_ram|altsyncram_8sv1:auto_generated
 29. Source assignments for ordered_priority_queue_monolithic_sv:dut_i|ordered_priority_queue_monolithic_page_allocator:page_allocator_i
 30. Source assignments for ordered_priority_queue_monolithic_sv:dut_i|page_ram:page_ram_i|altsyncram:page_ram_i|altsyncram_0902:auto_generated
 31. Source assignments for ordered_priority_queue_monolithic_sv:dut_i|ordered_priority_queue_monolithic_basic_presenter:presenter_i|ordered_priority_queue_monolithic_basic_presenter_native:native_i|tile_fifo:meta_ram_i|altsyncram:ram_rtl_0|altsyncram_vro1:auto_generated
 32. Parameter Settings for User Entity Instance: ordered_priority_queue_monolithic_sv:dut_i
 33. Parameter Settings for User Entity Instance: ordered_priority_queue_monolithic_sv:dut_i|ticket_fifo:g_storage[0].ticket_fifo_i
 34. Parameter Settings for User Entity Instance: ordered_priority_queue_monolithic_sv:dut_i|ticket_fifo:g_storage[0].ticket_fifo_i|altsyncram:ticket_fifo_ram
 35. Parameter Settings for User Entity Instance: ordered_priority_queue_monolithic_sv:dut_i|lane_fifo:g_storage[0].lane_fifo_i
 36. Parameter Settings for User Entity Instance: ordered_priority_queue_monolithic_sv:dut_i|lane_fifo:g_storage[0].lane_fifo_i|altsyncram:lane_fifo_ram
 37. Parameter Settings for User Entity Instance: ordered_priority_queue_monolithic_sv:dut_i|handle_fifo:g_storage[0].handle_fifo_i
 38. Parameter Settings for User Entity Instance: ordered_priority_queue_monolithic_sv:dut_i|handle_fifo:g_storage[0].handle_fifo_i|altsyncram:handle_fifo_ram
 39. Parameter Settings for User Entity Instance: ordered_priority_queue_monolithic_sv:dut_i|ticket_fifo:g_storage[1].ticket_fifo_i
 40. Parameter Settings for User Entity Instance: ordered_priority_queue_monolithic_sv:dut_i|ticket_fifo:g_storage[1].ticket_fifo_i|altsyncram:ticket_fifo_ram
 41. Parameter Settings for User Entity Instance: ordered_priority_queue_monolithic_sv:dut_i|lane_fifo:g_storage[1].lane_fifo_i
 42. Parameter Settings for User Entity Instance: ordered_priority_queue_monolithic_sv:dut_i|lane_fifo:g_storage[1].lane_fifo_i|altsyncram:lane_fifo_ram
 43. Parameter Settings for User Entity Instance: ordered_priority_queue_monolithic_sv:dut_i|handle_fifo:g_storage[1].handle_fifo_i
 44. Parameter Settings for User Entity Instance: ordered_priority_queue_monolithic_sv:dut_i|handle_fifo:g_storage[1].handle_fifo_i|altsyncram:handle_fifo_ram
 45. Parameter Settings for User Entity Instance: ordered_priority_queue_monolithic_sv:dut_i|ordered_priority_queue_monolithic_ingress_parser:g_ingress_parser[0].ingress_parser_i
 46. Parameter Settings for User Entity Instance: ordered_priority_queue_monolithic_sv:dut_i|ordered_priority_queue_monolithic_ingress_parser:g_ingress_parser[1].ingress_parser_i
 47. Parameter Settings for User Entity Instance: ordered_priority_queue_monolithic_sv:dut_i|ordered_priority_queue_monolithic_page_allocator:page_allocator_i
 48. Parameter Settings for User Entity Instance: ordered_priority_queue_monolithic_sv:dut_i|ordered_priority_queue_monolithic_block_path:block_path_i
 49. Parameter Settings for User Entity Instance: ordered_priority_queue_monolithic_sv:dut_i|page_ram:page_ram_i
 50. Parameter Settings for User Entity Instance: ordered_priority_queue_monolithic_sv:dut_i|page_ram:page_ram_i|altsyncram:page_ram_i
 51. Parameter Settings for User Entity Instance: ordered_priority_queue_monolithic_sv:dut_i|ordered_priority_queue_monolithic_basic_presenter:presenter_i
 52. Parameter Settings for User Entity Instance: ordered_priority_queue_monolithic_sv:dut_i|ordered_priority_queue_monolithic_basic_presenter:presenter_i|ordered_priority_queue_monolithic_basic_presenter_native:native_i
 53. Parameter Settings for User Entity Instance: ordered_priority_queue_monolithic_sv:dut_i|ordered_priority_queue_monolithic_basic_presenter:presenter_i|ordered_priority_queue_monolithic_basic_presenter_native:native_i|tile_fifo:meta_ram_i
 54. Parameter Settings for Inferred Entity Instance: ordered_priority_queue_monolithic_sv:dut_i|ordered_priority_queue_monolithic_basic_presenter:presenter_i|ordered_priority_queue_monolithic_basic_presenter_native:native_i|tile_fifo:meta_ram_i|altsyncram:ram_rtl_0
 55. altsyncram Parameter Settings by Entity Instance
 56. Port Connectivity Checks: "ordered_priority_queue_monolithic_sv:dut_i|ordered_priority_queue_monolithic_basic_presenter:presenter_i"
 57. Port Connectivity Checks: "ordered_priority_queue_monolithic_sv:dut_i|ordered_priority_queue_monolithic_page_allocator:page_allocator_i"
 58. Port Connectivity Checks: "ordered_priority_queue_monolithic_sv:dut_i|ordered_priority_queue_monolithic_ingress_parser:g_ingress_parser[1].ingress_parser_i"
 59. Port Connectivity Checks: "ordered_priority_queue_monolithic_sv:dut_i|ordered_priority_queue_monolithic_ingress_parser:g_ingress_parser[0].ingress_parser_i"
 60. Port Connectivity Checks: "ordered_priority_queue_monolithic_sv:dut_i"
 61. Post-Synthesis Netlist Statistics for Top Partition
 62. Elapsed Time Per Partition
 63. Analysis & Synthesis Messages
 64. Analysis & Synthesis Suppressed Messages



----------------
; Legal Notice ;
----------------
Copyright (C) 2018  Intel Corporation. All rights reserved.
Your use of Intel Corporation's design tools, logic functions 
and other software and tools, and its AMPP partner logic 
functions, and any output files from any of the foregoing 
(including device programming or simulation files), and any 
associated documentation or information are expressly subject 
to the terms and conditions of the Intel Program License 
Subscription Agreement, the Intel Quartus Prime License Agreement,
the Intel FPGA IP License Agreement, or other applicable license
agreement, including, without limitation, that your use is for
the sole purpose of programming logic devices manufactured by
Intel and sold by Intel or its authorized distributors.  Please
refer to the applicable agreement for further details.



+-------------------------------------------------------------------------------+
; Analysis & Synthesis Summary                                                  ;
+-----------------------------+-------------------------------------------------+
; Analysis & Synthesis Status ; Successful - Mon Apr 20 11:05:04 2026           ;
; Quartus Prime Version       ; 18.1.0 Build 625 09/12/2018 SJ Standard Edition ;
; Revision Name               ; opq_native_sv_2lane_signoff                     ;
; Top-level Entity Name       ; opq_native_sv_2lane_signoff_top                 ;
; Family                      ; Arria 10                                        ;
; Logic utilization (in ALMs) ; N/A                                             ;
; Total registers             ; 3082                                            ;
; Total pins                  ; 0                                               ;
; Total virtual pins          ; 18                                              ;
; Total block memory bits     ; 2,098,560                                       ;
; Total DSP Blocks            ; 0                                               ;
; Total HSSI RX channels      ; 0                                               ;
; Total HSSI TX channels      ; 0                                               ;
; Total PLLs                  ; 0                                               ;
+-----------------------------+-------------------------------------------------+


+-------------------------------------------------------------------------------------------------------------------------------------------------+
; Analysis & Synthesis Settings                                                                                                                   ;
+---------------------------------------------------------------------------------+---------------------------------+-----------------------------+
; Option                                                                          ; Setting                         ; Default Value               ;
+---------------------------------------------------------------------------------+---------------------------------+-----------------------------+
; Device                                                                          ; 10AX115N2F45E1SG                ;                             ;
; Top-level entity name                                                           ; opq_native_sv_2lane_signoff_top ; opq_native_sv_2lane_signoff ;
; Family name                                                                     ; Arria 10                        ; Cyclone V                   ;
; Maximum processors allowed for parallel compilation                             ; 16                              ;                             ;
; Safe State Machine                                                              ; On                              ; Off                         ;
; Parallel Synthesis                                                              ; Off                             ; On                          ;
; Remove Duplicate Registers                                                      ; Off                             ; On                          ;
; Optimization Technique                                                          ; Speed                           ; Balanced                    ;
; Auto Shift Register Replacement                                                 ; Off                             ; Auto                        ;
; Automatic Parallel Synthesis                                                    ; Off                             ; On                          ;
; Use smart compilation                                                           ; Off                             ; Off                         ;
; Enable parallel Assembler and Timing Analyzer during compilation                ; On                              ; On                          ;
; Enable compact report table                                                     ; Off                             ; Off                         ;
; Restructure Multiplexers                                                        ; Auto                            ; Auto                        ;
; MLAB Add Timing Constraints For Mixed-Port Feed-Through Mode Setting Don't Care ; Off                             ; Off                         ;
; Create Debugging Nodes for IP Cores                                             ; Off                             ; Off                         ;
; Preserve fewer node names                                                       ; On                              ; On                          ;
; Intel FPGA IP Evaluation Mode                                                   ; Enable                          ; Enable                      ;
; Verilog Version                                                                 ; Verilog_2001                    ; Verilog_2001                ;
; VHDL Version                                                                    ; VHDL_1993                       ; VHDL_1993                   ;
; State Machine Processing                                                        ; Auto                            ; Auto                        ;
; Extract Verilog State Machines                                                  ; On                              ; On                          ;
; Extract VHDL State Machines                                                     ; On                              ; On                          ;
; Ignore Verilog initial constructs                                               ; Off                             ; Off                         ;
; Iteration limit for constant Verilog loops                                      ; 5000                            ; 5000                        ;
; Iteration limit for non-constant Verilog loops                                  ; 250                             ; 250                         ;
; Add Pass-Through Logic to Inferred RAMs                                         ; On                              ; On                          ;
; Infer RAMs from Raw Logic                                                       ; On                              ; On                          ;
; DSP Block Balancing                                                             ; Auto                            ; Auto                        ;
; NOT Gate Push-Back                                                              ; On                              ; On                          ;
; Power-Up Don't Care                                                             ; On                              ; On                          ;
; Remove Redundant Logic Cells                                                    ; Off                             ; Off                         ;
; Ignore CARRY Buffers                                                            ; Off                             ; Off                         ;
; Ignore CASCADE Buffers                                                          ; Off                             ; Off                         ;
; Ignore GLOBAL Buffers                                                           ; Off                             ; Off                         ;
; Ignore ROW GLOBAL Buffers                                                       ; Off                             ; Off                         ;
; Ignore LCELL Buffers                                                            ; Off                             ; Off                         ;
; Ignore SOFT Buffers                                                             ; On                              ; On                          ;
; Limit AHDL Integers to 32 Bits                                                  ; Off                             ; Off                         ;
; Carry Chain Length                                                              ; 70                              ; 70                          ;
; Auto Carry Chains                                                               ; On                              ; On                          ;
; Auto Open-Drain Pins                                                            ; On                              ; On                          ;
; Perform WYSIWYG Primitive Resynthesis                                           ; Off                             ; Off                         ;
; Auto ROM Replacement                                                            ; On                              ; On                          ;
; Auto RAM Replacement                                                            ; On                              ; On                          ;
; Auto DSP Block Replacement                                                      ; On                              ; On                          ;
; Allow Shift Register Merging across Hierarchies                                 ; Auto                            ; Auto                        ;
; Auto Clock Enable Replacement                                                   ; On                              ; On                          ;
; Strict RAM Replacement                                                          ; Off                             ; Off                         ;
; Allow Synchronous Control Signals                                               ; On                              ; On                          ;
; Force Use of Synchronous Clear Signals                                          ; Off                             ; Off                         ;
; Auto Resource Sharing                                                           ; Off                             ; Off                         ;
; Allow Any RAM Size For Recognition                                              ; Off                             ; Off                         ;
; Allow Any ROM Size For Recognition                                              ; Off                             ; Off                         ;
; Allow Any Shift Register Size For Recognition                                   ; Off                             ; Off                         ;
; Use LogicLock Constraints during Resource Balancing                             ; On                              ; On                          ;
; Ignore translate_off and synthesis_off directives                               ; Off                             ; Off                         ;
; Timing-Driven Synthesis                                                         ; On                              ; On                          ;
; Report Parameter Settings                                                       ; On                              ; On                          ;
; Report Source Assignments                                                       ; On                              ; On                          ;
; Report Connectivity Checks                                                      ; On                              ; On                          ;
; Ignore Maximum Fan-Out Assignments                                              ; Off                             ; Off                         ;
; Synchronization Register Chain Length                                           ; 3                               ; 3                           ;
; Power Optimization During Synthesis                                             ; Normal compilation              ; Normal compilation          ;
; HDL message level                                                               ; Level2                          ; Level2                      ;
; Suppress Register Optimization Related Messages                                 ; Off                             ; Off                         ;
; Number of Removed Registers Reported in Synthesis Report                        ; 5000                            ; 5000                        ;
; Number of Rows Reported in Synthesis Migration Checks                           ; 5000                            ; 5000                        ;
; Number of Swept Nodes Reported in Synthesis Report                              ; 5000                            ; 5000                        ;
; Number of Inverted Registers Reported in Synthesis Report                       ; 100                             ; 100                         ;
; Clock MUX Protection                                                            ; On                              ; On                          ;
; Auto Gated Clock Conversion                                                     ; Off                             ; Off                         ;
; Block Design Naming                                                             ; Auto                            ; Auto                        ;
; SDC constraint protection                                                       ; Off                             ; Off                         ;
; Synthesis Effort                                                                ; Auto                            ; Auto                        ;
; Shift Register Replacement - Allow Asynchronous Clear Signal                    ; On                              ; On                          ;
; Analysis & Synthesis Message Level                                              ; Medium                          ; Medium                      ;
; Disable Register Merging Across Hierarchies                                     ; Auto                            ; Auto                        ;
; Resource Aware Inference For Block RAM                                          ; On                              ; On                          ;
; Partial Reconfiguration Bitstream ID                                            ; Off                             ; Off                         ;
; Disable DSP Negate Inferencing                                                  ; Off                             ; Off                         ;
+---------------------------------------------------------------------------------+---------------------------------+-----------------------------+


+------------------------------------------+
; Parallel Compilation                     ;
+----------------------------+-------------+
; Processors                 ; Number      ;
+----------------------------+-------------+
; Number detected on machine ; 32          ;
; Maximum allowed            ; 16          ;
;                            ;             ;
; Average used               ; 1.05        ;
; Maximum used               ; 16          ;
;                            ;             ;
; Usage by Processor         ; % Time Used ;
;     Processor 1            ; 100.0%      ;
;     Processor 2            ;   0.4%      ;
;     Processor 3            ;   0.4%      ;
;     Processor 4            ;   0.4%      ;
;     Processor 5            ;   0.4%      ;
;     Processor 6            ;   0.4%      ;
;     Processor 7            ;   0.3%      ;
;     Processor 8            ;   0.3%      ;
;     Processors 9-16        ;   0.3%      ;
+----------------------------+-------------+


+----------------------------------------------------------------------------------------------------------------------------------------------------------------------------------------------------------------------------------------------------------------------------------------------------------------------------+
; Analysis & Synthesis Source Files Read                                                                                                                                                                                                                                                                                     ;
+--------------------------------------------------------------------------------------------------------------+-----------------+------------------------------+--------------------------------------------------------------------------------------------------------------------------------------------------+---------+
; File Name with User-Entered Path                                                                             ; Used in Netlist ; File Type                    ; File Name with Absolute Path                                                                                                                     ; Library ;
+--------------------------------------------------------------------------------------------------------------+-----------------+------------------------------+--------------------------------------------------------------------------------------------------------------------------------------------------+---------+
; src_compat/handle_fifo.v                                                                                     ; yes             ; User Verilog HDL File        ; /tmp/packet_scheduler_hw_constraints_sub/syn/quartus/opq_native_sv_2lane_signoff/src_compat/handle_fifo.v                                        ;         ;
; src_compat/lane_fifo.v                                                                                       ; yes             ; User Verilog HDL File        ; /tmp/packet_scheduler_hw_constraints_sub/syn/quartus/opq_native_sv_2lane_signoff/src_compat/lane_fifo.v                                          ;         ;
; src_compat/page_ram.v                                                                                        ; yes             ; User Verilog HDL File        ; /tmp/packet_scheduler_hw_constraints_sub/syn/quartus/opq_native_sv_2lane_signoff/src_compat/page_ram.v                                           ;         ;
; src_compat/ticket_fifo.v                                                                                     ; yes             ; User Verilog HDL File        ; /tmp/packet_scheduler_hw_constraints_sub/syn/quartus/opq_native_sv_2lane_signoff/src_compat/ticket_fifo.v                                        ;         ;
; ../../../rtl/sv_ver/vendor/alt_ram/tile_fifo.v                                                               ; yes             ; User Verilog HDL File        ; /tmp/packet_scheduler_hw_constraints_sub/rtl/sv_ver/vendor/alt_ram/tile_fifo.v                                                                   ;         ;
; ../../../rtl/sv_ver/ordered_priority_queue/monolithic_sv/ordered_priority_queue_monolithic_ingress_parser.sv ; yes             ; User SystemVerilog HDL File  ; /tmp/packet_scheduler_hw_constraints_sub/rtl/sv_ver/ordered_priority_queue/monolithic_sv/ordered_priority_queue_monolithic_ingress_parser.sv     ;         ;
; ../../../rtl/sv_ver/ordered_priority_queue/monolithic_sv/ordered_priority_queue_monolithic_page_allocator.sv ; yes             ; User SystemVerilog HDL File  ; /tmp/packet_scheduler_hw_constraints_sub/rtl/sv_ver/ordered_priority_queue/monolithic_sv/ordered_priority_queue_monolithic_page_allocator.sv     ;         ;
; src_compat/ordered_priority_queue_monolithic_block_path.sv                                                   ; yes             ; User SystemVerilog HDL File  ; /tmp/packet_scheduler_hw_constraints_sub/syn/quartus/opq_native_sv_2lane_signoff/src_compat/ordered_priority_queue_monolithic_block_path.sv      ;         ;
; src_compat/ordered_priority_queue_monolithic_basic_presenter.sv                                              ; yes             ; User SystemVerilog HDL File  ; /tmp/packet_scheduler_hw_constraints_sub/syn/quartus/opq_native_sv_2lane_signoff/src_compat/ordered_priority_queue_monolithic_basic_presenter.sv ;         ;
; src_compat/ordered_priority_queue_monolithic.sv                                                              ; yes             ; User SystemVerilog HDL File  ; /tmp/packet_scheduler_hw_constraints_sub/syn/quartus/opq_native_sv_2lane_signoff/src_compat/ordered_priority_queue_monolithic.sv                 ;         ;
; opq_native_sv_2lane_signoff_top.sv                                                                           ; yes             ; User SystemVerilog HDL File  ; /tmp/packet_scheduler_hw_constraints_sub/syn/quartus/opq_native_sv_2lane_signoff/opq_native_sv_2lane_signoff_top.sv                              ;         ;
; altsyncram.tdf                                                                                               ; yes             ; Megafunction                 ; /data1/intelFPGA/18.1/quartus/libraries/megafunctions/altsyncram.tdf                                                                             ;         ;
; stratix_ram_block.inc                                                                                        ; yes             ; Megafunction                 ; /data1/intelFPGA/18.1/quartus/libraries/megafunctions/stratix_ram_block.inc                                                                      ;         ;
; lpm_mux.inc                                                                                                  ; yes             ; Megafunction                 ; /data1/intelFPGA/18.1/quartus/libraries/megafunctions/lpm_mux.inc                                                                                ;         ;
; lpm_decode.inc                                                                                               ; yes             ; Megafunction                 ; /data1/intelFPGA/18.1/quartus/libraries/megafunctions/lpm_decode.inc                                                                             ;         ;
; aglobal181.inc                                                                                               ; yes             ; Megafunction                 ; /data1/intelFPGA/18.1/quartus/libraries/megafunctions/aglobal181.inc                                                                             ;         ;
; a_rdenreg.inc                                                                                                ; yes             ; Megafunction                 ; /data1/intelFPGA/18.1/quartus/libraries/megafunctions/a_rdenreg.inc                                                                              ;         ;
; altrom.inc                                                                                                   ; yes             ; Megafunction                 ; /data1/intelFPGA/18.1/quartus/libraries/megafunctions/altrom.inc                                                                                 ;         ;
; altram.inc                                                                                                   ; yes             ; Megafunction                 ; /data1/intelFPGA/18.1/quartus/libraries/megafunctions/altram.inc                                                                                 ;         ;
; altdpram.inc                                                                                                 ; yes             ; Megafunction                 ; /data1/intelFPGA/18.1/quartus/libraries/megafunctions/altdpram.inc                                                                               ;         ;
; db/altsyncram_0202.tdf                                                                                       ; yes             ; Auto-Generated Megafunction  ; /tmp/packet_scheduler_hw_constraints_sub/syn/quartus/opq_native_sv_2lane_signoff/db/altsyncram_0202.tdf                                          ;         ;
; db/altsyncram_g402.tdf                                                                                       ; yes             ; Auto-Generated Megafunction  ; /tmp/packet_scheduler_hw_constraints_sub/syn/quartus/opq_native_sv_2lane_signoff/db/altsyncram_g402.tdf                                          ;         ;
; db/altsyncram_8sv1.tdf                                                                                       ; yes             ; Auto-Generated Megafunction  ; /tmp/packet_scheduler_hw_constraints_sub/syn/quartus/opq_native_sv_2lane_signoff/db/altsyncram_8sv1.tdf                                          ;         ;
; db/altsyncram_0902.tdf                                                                                       ; yes             ; Auto-Generated Megafunction  ; /tmp/packet_scheduler_hw_constraints_sub/syn/quartus/opq_native_sv_2lane_signoff/db/altsyncram_0902.tdf                                          ;         ;
; db/decode_lda.tdf                                                                                            ; yes             ; Auto-Generated Megafunction  ; /tmp/packet_scheduler_hw_constraints_sub/syn/quartus/opq_native_sv_2lane_signoff/db/decode_lda.tdf                                               ;         ;
; db/mux_h9b.tdf                                                                                               ; yes             ; Auto-Generated Megafunction  ; /tmp/packet_scheduler_hw_constraints_sub/syn/quartus/opq_native_sv_2lane_signoff/db/mux_h9b.tdf                                                  ;         ;
; db/altsyncram_vro1.tdf                                                                                       ; yes             ; Auto-Generated Megafunction  ; /tmp/packet_scheduler_hw_constraints_sub/syn/quartus/opq_native_sv_2lane_signoff/db/altsyncram_vro1.tdf                                          ;         ;
+--------------------------------------------------------------------------------------------------------------+-----------------+------------------------------+--------------------------------------------------------------------------------------------------------------------------------------------------+---------+


+-------------------------------------------------------+
; Analysis & Synthesis Resource Usage Summary           ;
+---------------------------------------------+---------+
; Resource                                    ; Usage   ;
+---------------------------------------------+---------+
; Estimate of Logic utilization (ALMs needed) ; 3317    ;
;                                             ;         ;
; Combinational ALUT usage for logic          ; 5408    ;
;     -- 7 input functions                    ; 35      ;
;     -- 6 input functions                    ; 1104    ;
;     -- 5 input functions                    ; 1146    ;
;     -- 4 input functions                    ; 904     ;
;     -- <=3 input functions                  ; 2219    ;
;                                             ;         ;
; Dedicated logic registers                   ; 3082    ;
;                                             ;         ;
; Virtual pins                                ; 18      ;
; I/O pins                                    ; 0       ;
; Total MLAB memory bits                      ; 0       ;
; Total block memory bits                     ; 2098560 ;
;                                             ;         ;
; Total DSP Blocks                            ; 0       ;
;     -- Total Fixed Point DSP Blocks         ; 0       ;
;     -- Total Floating Point DSP Blocks      ; 0       ;
;                                             ;         ;
; Maximum fan-out node                        ; clk     ;
; Maximum fan-out                             ; 3588    ;
; Total fan-out                               ; 42945   ;
; Average fan-out                             ; 4.76    ;
+---------------------------------------------+---------+


+-------------------------------------------------------------------------------------------------------------------------------------------------------------------------------------------------------------------------------------------------------------------------------------------------------------------------------------------------------------------------------------------------------------------------------------------------------------------------------------------------------------------------------------------------------------------------+
; Analysis & Synthesis Resource Utilization by Entity                                                                                                                                                                                                                                                                                                                                                                                                                                                                                                                     ;
+-----------------------------------------------------------------------------------------------+---------------------+---------------------------+-------------------+------------+------+--------------+--------------------------------------------------------------------------------------------------------------------------------------------------------------------------------------------------------------------------------------------------------------------------------------+----------------------------------------------------------+--------------+
; Compilation Hierarchy Node                                                                    ; Combinational ALUTs ; Dedicated Logic Registers ; Block Memory Bits ; DSP Blocks ; Pins ; Virtual Pins ; Full Hierarchy Name                                                                                                                                                                                                                                                                  ; Entity Name                                              ; Library Name ;
+-----------------------------------------------------------------------------------------------+---------------------+---------------------------+-------------------+------------+------+--------------+--------------------------------------------------------------------------------------------------------------------------------------------------------------------------------------------------------------------------------------------------------------------------------------+----------------------------------------------------------+--------------+
; |opq_native_sv_2lane_signoff_top                                                              ; 5408 (557)          ; 3082 (550)                ; 2098560           ; 0          ; 0    ; 18           ; |opq_native_sv_2lane_signoff_top                                                                                                                                                                                                                                                     ; opq_native_sv_2lane_signoff_top                          ; work         ;
;    |ordered_priority_queue_monolithic_sv:dut_i|                                               ; 4851 (80)           ; 2532 (44)                 ; 2098560           ; 0          ; 0    ; 0            ; |opq_native_sv_2lane_signoff_top|ordered_priority_queue_monolithic_sv:dut_i                                                                                                                                                                                                          ; ordered_priority_queue_monolithic_sv                     ; work         ;
;       |handle_fifo:g_storage[0].handle_fifo_i|                                                ; 34 (34)             ; 0 (0)                     ; 2240              ; 0          ; 0    ; 0            ; |opq_native_sv_2lane_signoff_top|ordered_priority_queue_monolithic_sv:dut_i|handle_fifo:g_storage[0].handle_fifo_i                                                                                                                                                                   ; handle_fifo                                              ; work         ;
;          |altsyncram:handle_fifo_ram|                                                         ; 0 (0)               ; 0 (0)                     ; 2240              ; 0          ; 0    ; 0            ; |opq_native_sv_2lane_signoff_top|ordered_priority_queue_monolithic_sv:dut_i|handle_fifo:g_storage[0].handle_fifo_i|altsyncram:handle_fifo_ram                                                                                                                                        ; altsyncram                                               ; work         ;
;             |altsyncram_8sv1:auto_generated|                                                  ; 0 (0)               ; 0 (0)                     ; 2240              ; 0          ; 0    ; 0            ; |opq_native_sv_2lane_signoff_top|ordered_priority_queue_monolithic_sv:dut_i|handle_fifo:g_storage[0].handle_fifo_i|altsyncram:handle_fifo_ram|altsyncram_8sv1:auto_generated                                                                                                         ; altsyncram_8sv1                                          ; work         ;
;       |handle_fifo:g_storage[1].handle_fifo_i|                                                ; 34 (34)             ; 0 (0)                     ; 2240              ; 0          ; 0    ; 0            ; |opq_native_sv_2lane_signoff_top|ordered_priority_queue_monolithic_sv:dut_i|handle_fifo:g_storage[1].handle_fifo_i                                                                                                                                                                   ; handle_fifo                                              ; work         ;
;          |altsyncram:handle_fifo_ram|                                                         ; 0 (0)               ; 0 (0)                     ; 2240              ; 0          ; 0    ; 0            ; |opq_native_sv_2lane_signoff_top|ordered_priority_queue_monolithic_sv:dut_i|handle_fifo:g_storage[1].handle_fifo_i|altsyncram:handle_fifo_ram                                                                                                                                        ; altsyncram                                               ; work         ;
;             |altsyncram_8sv1:auto_generated|                                                  ; 0 (0)               ; 0 (0)                     ; 2240              ; 0          ; 0    ; 0            ; |opq_native_sv_2lane_signoff_top|ordered_priority_queue_monolithic_sv:dut_i|handle_fifo:g_storage[1].handle_fifo_i|altsyncram:handle_fifo_ram|altsyncram_8sv1:auto_generated                                                                                                         ; altsyncram_8sv1                                          ; work         ;
;       |lane_fifo:g_storage[0].lane_fifo_i|                                                    ; 6 (6)               ; 0 (0)                     ; 29696             ; 0          ; 0    ; 0            ; |opq_native_sv_2lane_signoff_top|ordered_priority_queue_monolithic_sv:dut_i|lane_fifo:g_storage[0].lane_fifo_i                                                                                                                                                                       ; lane_fifo                                                ; work         ;
;          |altsyncram:lane_fifo_ram|                                                           ; 0 (0)               ; 0 (0)                     ; 29696             ; 0          ; 0    ; 0            ; |opq_native_sv_2lane_signoff_top|ordered_priority_queue_monolithic_sv:dut_i|lane_fifo:g_storage[0].lane_fifo_i|altsyncram:lane_fifo_ram                                                                                                                                              ; altsyncram                                               ; work         ;
;             |altsyncram_g402:auto_generated|                                                  ; 0 (0)               ; 0 (0)                     ; 29696             ; 0          ; 0    ; 0            ; |opq_native_sv_2lane_signoff_top|ordered_priority_queue_monolithic_sv:dut_i|lane_fifo:g_storage[0].lane_fifo_i|altsyncram:lane_fifo_ram|altsyncram_g402:auto_generated                                                                                                               ; altsyncram_g402                                          ; work         ;
;       |lane_fifo:g_storage[1].lane_fifo_i|                                                    ; 6 (6)               ; 0 (0)                     ; 29696             ; 0          ; 0    ; 0            ; |opq_native_sv_2lane_signoff_top|ordered_priority_queue_monolithic_sv:dut_i|lane_fifo:g_storage[1].lane_fifo_i                                                                                                                                                                       ; lane_fifo                                                ; work         ;
;          |altsyncram:lane_fifo_ram|                                                           ; 0 (0)               ; 0 (0)                     ; 29696             ; 0          ; 0    ; 0            ; |opq_native_sv_2lane_signoff_top|ordered_priority_queue_monolithic_sv:dut_i|lane_fifo:g_storage[1].lane_fifo_i|altsyncram:lane_fifo_ram                                                                                                                                              ; altsyncram                                               ; work         ;
;             |altsyncram_g402:auto_generated|                                                  ; 0 (0)               ; 0 (0)                     ; 29696             ; 0          ; 0    ; 0            ; |opq_native_sv_2lane_signoff_top|ordered_priority_queue_monolithic_sv:dut_i|lane_fifo:g_storage[1].lane_fifo_i|altsyncram:lane_fifo_ram|altsyncram_g402:auto_generated                                                                                                               ; altsyncram_g402                                          ; work         ;
;       |ordered_priority_queue_monolithic_basic_presenter:presenter_i|                         ; 701 (0)             ; 412 (0)                   ; 16384             ; 0          ; 0    ; 0            ; |opq_native_sv_2lane_signoff_top|ordered_priority_queue_monolithic_sv:dut_i|ordered_priority_queue_monolithic_basic_presenter:presenter_i                                                                                                                                            ; ordered_priority_queue_monolithic_basic_presenter        ; work         ;
;          |ordered_priority_queue_monolithic_basic_presenter_native:native_i|                  ; 701 (628)           ; 412 (329)                 ; 16384             ; 0          ; 0    ; 0            ; |opq_native_sv_2lane_signoff_top|ordered_priority_queue_monolithic_sv:dut_i|ordered_priority_queue_monolithic_basic_presenter:presenter_i|ordered_priority_queue_monolithic_basic_presenter_native:native_i                                                                          ; ordered_priority_queue_monolithic_basic_presenter_native ; work         ;
;             |tile_fifo:meta_ram_i|                                                            ; 73 (73)             ; 83 (83)                   ; 16384             ; 0          ; 0    ; 0            ; |opq_native_sv_2lane_signoff_top|ordered_priority_queue_monolithic_sv:dut_i|ordered_priority_queue_monolithic_basic_presenter:presenter_i|ordered_priority_queue_monolithic_basic_presenter_native:native_i|tile_fifo:meta_ram_i                                                     ; tile_fifo                                                ; work         ;
;                |altsyncram:ram_rtl_0|                                                         ; 0 (0)               ; 0 (0)                     ; 16384             ; 0          ; 0    ; 0            ; |opq_native_sv_2lane_signoff_top|ordered_priority_queue_monolithic_sv:dut_i|ordered_priority_queue_monolithic_basic_presenter:presenter_i|ordered_priority_queue_monolithic_basic_presenter_native:native_i|tile_fifo:meta_ram_i|altsyncram:ram_rtl_0                                ; altsyncram                                               ; work         ;
;                   |altsyncram_vro1:auto_generated|                                            ; 0 (0)               ; 0 (0)                     ; 16384             ; 0          ; 0    ; 0            ; |opq_native_sv_2lane_signoff_top|ordered_priority_queue_monolithic_sv:dut_i|ordered_priority_queue_monolithic_basic_presenter:presenter_i|ordered_priority_queue_monolithic_basic_presenter_native:native_i|tile_fifo:meta_ram_i|altsyncram:ram_rtl_0|altsyncram_vro1:auto_generated ; altsyncram_vro1                                          ; work         ;
;       |ordered_priority_queue_monolithic_block_path:block_path_i|                             ; 508 (508)           ; 251 (251)                 ; 0                 ; 0          ; 0    ; 0            ; |opq_native_sv_2lane_signoff_top|ordered_priority_queue_monolithic_sv:dut_i|ordered_priority_queue_monolithic_block_path:block_path_i                                                                                                                                                ; ordered_priority_queue_monolithic_block_path             ; work         ;
;       |ordered_priority_queue_monolithic_ingress_parser:g_ingress_parser[0].ingress_parser_i| ; 788 (788)           ; 375 (375)                 ; 0                 ; 0          ; 0    ; 0            ; |opq_native_sv_2lane_signoff_top|ordered_priority_queue_monolithic_sv:dut_i|ordered_priority_queue_monolithic_ingress_parser:g_ingress_parser[0].ingress_parser_i                                                                                                                    ; ordered_priority_queue_monolithic_ingress_parser         ; work         ;
;       |ordered_priority_queue_monolithic_ingress_parser:g_ingress_parser[1].ingress_parser_i| ; 785 (785)           ; 371 (371)                 ; 0                 ; 0          ; 0    ; 0            ; |opq_native_sv_2lane_signoff_top|ordered_priority_queue_monolithic_sv:dut_i|ordered_priority_queue_monolithic_ingress_parser:g_ingress_parser[1].ingress_parser_i                                                                                                                    ; ordered_priority_queue_monolithic_ingress_parser         ; work         ;
;       |ordered_priority_queue_monolithic_page_allocator:page_allocator_i|                     ; 1593 (1593)         ; 1077 (1077)               ; 0                 ; 0          ; 0    ; 0            ; |opq_native_sv_2lane_signoff_top|ordered_priority_queue_monolithic_sv:dut_i|ordered_priority_queue_monolithic_page_allocator:page_allocator_i                                                                                                                                        ; ordered_priority_queue_monolithic_page_allocator         ; work         ;
;       |page_ram:page_ram_i|                                                                   ; 72 (39)             ; 2 (0)                     ; 1900544           ; 0          ; 0    ; 0            ; |opq_native_sv_2lane_signoff_top|ordered_priority_queue_monolithic_sv:dut_i|page_ram:page_ram_i                                                                                                                                                                                      ; page_ram                                                 ; work         ;
;          |altsyncram:page_ram_i|                                                              ; 33 (0)              ; 2 (0)                     ; 1900544           ; 0          ; 0    ; 0            ; |opq_native_sv_2lane_signoff_top|ordered_priority_queue_monolithic_sv:dut_i|page_ram:page_ram_i|altsyncram:page_ram_i                                                                                                                                                                ; altsyncram                                               ; work         ;
;             |altsyncram_0902:auto_generated|                                                  ; 33 (0)              ; 2 (2)                     ; 1900544           ; 0          ; 0    ; 0            ; |opq_native_sv_2lane_signoff_top|ordered_priority_queue_monolithic_sv:dut_i|page_ram:page_ram_i|altsyncram:page_ram_i|altsyncram_0902:auto_generated                                                                                                                                 ; altsyncram_0902                                          ; work         ;
;                |decode_lda:decode2|                                                           ; 4 (4)               ; 0 (0)                     ; 0                 ; 0          ; 0    ; 0            ; |opq_native_sv_2lane_signoff_top|ordered_priority_queue_monolithic_sv:dut_i|page_ram:page_ram_i|altsyncram:page_ram_i|altsyncram_0902:auto_generated|decode_lda:decode2                                                                                                              ; decode_lda                                               ; work         ;
;                |mux_h9b:mux3|                                                                 ; 29 (29)             ; 0 (0)                     ; 0                 ; 0          ; 0    ; 0            ; |opq_native_sv_2lane_signoff_top|ordered_priority_queue_monolithic_sv:dut_i|page_ram:page_ram_i|altsyncram:page_ram_i|altsyncram_0902:auto_generated|mux_h9b:mux3                                                                                                                    ; mux_h9b                                                  ; work         ;
;       |ticket_fifo:g_storage[0].ticket_fifo_i|                                                ; 122 (122)           ; 0 (0)                     ; 58880             ; 0          ; 0    ; 0            ; |opq_native_sv_2lane_signoff_top|ordered_priority_queue_monolithic_sv:dut_i|ticket_fifo:g_storage[0].ticket_fifo_i                                                                                                                                                                   ; ticket_fifo                                              ; work         ;
;          |altsyncram:ticket_fifo_ram|                                                         ; 0 (0)               ; 0 (0)                     ; 58880             ; 0          ; 0    ; 0            ; |opq_native_sv_2lane_signoff_top|ordered_priority_queue_monolithic_sv:dut_i|ticket_fifo:g_storage[0].ticket_fifo_i|altsyncram:ticket_fifo_ram                                                                                                                                        ; altsyncram                                               ; work         ;
;             |altsyncram_0202:auto_generated|                                                  ; 0 (0)               ; 0 (0)                     ; 58880             ; 0          ; 0    ; 0            ; |opq_native_sv_2lane_signoff_top|ordered_priority_queue_monolithic_sv:dut_i|ticket_fifo:g_storage[0].ticket_fifo_i|altsyncram:ticket_fifo_ram|altsyncram_0202:auto_generated                                                                                                         ; altsyncram_0202                                          ; work         ;
;       |ticket_fifo:g_storage[1].ticket_fifo_i|                                                ; 122 (122)           ; 0 (0)                     ; 58880             ; 0          ; 0    ; 0            ; |opq_native_sv_2lane_signoff_top|ordered_priority_queue_monolithic_sv:dut_i|ticket_fifo:g_storage[1].ticket_fifo_i                                                                                                                                                                   ; ticket_fifo                                              ; work         ;
;          |altsyncram:ticket_fifo_ram|                                                         ; 0 (0)               ; 0 (0)                     ; 58880             ; 0          ; 0    ; 0            ; |opq_native_sv_2lane_signoff_top|ordered_priority_queue_monolithic_sv:dut_i|ticket_fifo:g_storage[1].ticket_fifo_i|altsyncram:ticket_fifo_ram                                                                                                                                        ; altsyncram                                               ; work         ;
;             |altsyncram_0202:auto_generated|                                                  ; 0 (0)               ; 0 (0)                     ; 58880             ; 0          ; 0    ; 0            ; |opq_native_sv_2lane_signoff_top|ordered_priority_queue_monolithic_sv:dut_i|ticket_fifo:g_storage[1].ticket_fifo_i|altsyncram:ticket_fifo_ram|altsyncram_0202:auto_generated                                                                                                         ; altsyncram_0202                                          ; work         ;
+-----------------------------------------------------------------------------------------------+---------------------+---------------------------+-------------------+------------+------+--------------+--------------------------------------------------------------------------------------------------------------------------------------------------------------------------------------------------------------------------------------------------------------------------------------+----------------------------------------------------------+--------------+
Note: For table entries with two numbers listed, the numbers in parentheses indicate the number of resources of the given type used by the specific entity alone. The numbers listed outside of parentheses indicate the total resources of the given type used by the specific entity and all of its sub-entities in the hierarchy.


+-----------------------------------------------------------------------------------------------------------------------------------------------------------------------------------------------------------------------------------------------------------------------------------------------------------------------------------------------------------------------------+
; Analysis & Synthesis RAM Summary                                                                                                                                                                                                                                                                                                                                            ;
+----------------------------------------------------------------------------------------------------------------------------------------------------------------------------------------------------------------------------------------------------------------+------------+------------------+--------------+--------------+--------------+--------------+---------+------+
; Name                                                                                                                                                                                                                                                           ; Type       ; Mode             ; Port A Depth ; Port A Width ; Port B Depth ; Port B Width ; Size    ; MIF  ;
+----------------------------------------------------------------------------------------------------------------------------------------------------------------------------------------------------------------------------------------------------------------+------------+------------------+--------------+--------------+--------------+--------------+---------+------+
; ordered_priority_queue_monolithic_sv:dut_i|handle_fifo:g_storage[0].handle_fifo_i|altsyncram:handle_fifo_ram|altsyncram_8sv1:auto_generated|ALTSYNCRAM                                                                                                         ; M20K block ; Simple Dual Port ; 64           ; 35           ; 64           ; 35           ; 2240    ; None ;
; ordered_priority_queue_monolithic_sv:dut_i|handle_fifo:g_storage[1].handle_fifo_i|altsyncram:handle_fifo_ram|altsyncram_8sv1:auto_generated|ALTSYNCRAM                                                                                                         ; M20K block ; Simple Dual Port ; 64           ; 35           ; 64           ; 35           ; 2240    ; None ;
; ordered_priority_queue_monolithic_sv:dut_i|lane_fifo:g_storage[0].lane_fifo_i|altsyncram:lane_fifo_ram|altsyncram_g402:auto_generated|ALTSYNCRAM                                                                                                               ; M20K block ; Simple Dual Port ; 1024         ; 40           ; 1024         ; 40           ; 40960   ; None ;
; ordered_priority_queue_monolithic_sv:dut_i|lane_fifo:g_storage[1].lane_fifo_i|altsyncram:lane_fifo_ram|altsyncram_g402:auto_generated|ALTSYNCRAM                                                                                                               ; M20K block ; Simple Dual Port ; 1024         ; 40           ; 1024         ; 40           ; 40960   ; None ;
; ordered_priority_queue_monolithic_sv:dut_i|ordered_priority_queue_monolithic_basic_presenter:presenter_i|ordered_priority_queue_monolithic_basic_presenter_native:native_i|tile_fifo:meta_ram_i|altsyncram:ram_rtl_0|altsyncram_vro1:auto_generated|ALTSYNCRAM ; M20K block ; Simple Dual Port ; 512          ; 32           ; 512          ; 32           ; 16384   ; None ;
; ordered_priority_queue_monolithic_sv:dut_i|page_ram:page_ram_i|altsyncram:page_ram_i|altsyncram_0902:auto_generated|ALTSYNCRAM                                                                                                                                 ; M20K block ; Simple Dual Port ; 65536        ; 40           ; 65536        ; 40           ; 2621440 ; None ;
; ordered_priority_queue_monolithic_sv:dut_i|ticket_fifo:g_storage[0].ticket_fifo_i|altsyncram:ticket_fifo_ram|altsyncram_0202:auto_generated|ALTSYNCRAM                                                                                                         ; M20K block ; Simple Dual Port ; 512          ; 120          ; 512          ; 120          ; 61440   ; None ;
; ordered_priority_queue_monolithic_sv:dut_i|ticket_fifo:g_storage[1].ticket_fifo_i|altsyncram:ticket_fifo_ram|altsyncram_0202:auto_generated|ALTSYNCRAM                                                                                                         ; M20K block ; Simple Dual Port ; 512          ; 120          ; 512          ; 120          ; 61440   ; None ;
+----------------------------------------------------------------------------------------------------------------------------------------------------------------------------------------------------------------------------------------------------------------+------------+------------------+--------------+--------------+--------------+--------------+---------+------+


Encoding Type: Safe One-Hot
+---------------------------------------------------------------------------------------------------------------------------------------------------------------------------------------------------------------------------------------------+
; State Machine - |opq_native_sv_2lane_signoff_top|ordered_priority_queue_monolithic_sv:dut_i|ordered_priority_queue_monolithic_basic_presenter:presenter_i|ordered_priority_queue_monolithic_basic_presenter_native:native_i|meta_read_owner ;
+--------------------------------+--------------------------------+--------------------------------+------------------------------------------------------------------------------------------------------------------------------------------+
; Name                           ; meta_read_owner.META_READ_IDLE ; meta_read_owner.META_READ_SCAN ; meta_read_owner.META_READ_HEAD                                                                                                           ;
+--------------------------------+--------------------------------+--------------------------------+------------------------------------------------------------------------------------------------------------------------------------------+
; meta_read_owner.META_READ_IDLE ; 0                              ; 0                              ; 0                                                                                                                                        ;
; meta_read_owner.META_READ_HEAD ; 1                              ; 0                              ; 1                                                                                                                                        ;
; meta_read_owner.META_READ_SCAN ; 1                              ; 1                              ; 0                                                                                                                                        ;
+--------------------------------+--------------------------------+--------------------------------+------------------------------------------------------------------------------------------------------------------------------------------+


Encoding Type: Safe One-Hot
+---------------------------------------------------------------------------------------------------------------------------------------------------------------------------------------------------------------------------------------------+
; State Machine - |opq_native_sv_2lane_signoff_top|ordered_priority_queue_monolithic_sv:dut_i|ordered_priority_queue_monolithic_basic_presenter:presenter_i|ordered_priority_queue_monolithic_basic_presenter_native:native_i|presenter_state ;
+----------------------------------------------------+---------------------------------------+---------------------------------------------+----------------------------------------------------+---------------------------------------------+
; Name                                               ; presenter_state.FTABLE_PRESENTER_IDLE ; presenter_state.FTABLE_PRESENTER_PRESENTING ; presenter_state.FTABLE_PRESENTER_WAIT_FOR_COMPLETE ; presenter_state.FTABLE_PRESENTER_RESET      ;
+----------------------------------------------------+---------------------------------------+---------------------------------------------+----------------------------------------------------+---------------------------------------------+
; presenter_state.FTABLE_PRESENTER_RESET             ; 0                                     ; 0                                           ; 0                                                  ; 0                                           ;
; presenter_state.FTABLE_PRESENTER_WAIT_FOR_COMPLETE ; 0                                     ; 0                                           ; 1                                                  ; 1                                           ;
; presenter_state.FTABLE_PRESENTER_PRESENTING        ; 0                                     ; 1                                           ; 0                                                  ; 1                                           ;
; presenter_state.FTABLE_PRESENTER_IDLE              ; 1                                     ; 0                                           ; 0                                                  ; 1                                           ;
+----------------------------------------------------+---------------------------------------+---------------------------------------------+----------------------------------------------------+---------------------------------------------+


Encoding Type: Safe One-Hot
+---------------------------------------------------------------------------------------------------------------------------------------------------------------------+
; State Machine - |opq_native_sv_2lane_signoff_top|ordered_priority_queue_monolithic_sv:dut_i|ordered_priority_queue_monolithic_block_path:block_path_i|arbiter_state ;
+-------------------------------+----------------------------+------------------------------+-------------------------------+-----------------------------------------+
; Name                          ; arbiter_state.ARBITER_IDLE ; arbiter_state.ARBITER_LOCKED ; arbiter_state.ARBITER_LOCKING ; arbiter_state.ARBITER_RESET             ;
+-------------------------------+----------------------------+------------------------------+-------------------------------+-----------------------------------------+
; arbiter_state.ARBITER_RESET   ; 0                          ; 0                            ; 0                             ; 0                                       ;
; arbiter_state.ARBITER_LOCKING ; 0                          ; 0                            ; 1                             ; 1                                       ;
; arbiter_state.ARBITER_LOCKED  ; 0                          ; 1                            ; 0                             ; 1                                       ;
; arbiter_state.ARBITER_IDLE    ; 1                          ; 0                            ; 0                             ; 1                                       ;
+-------------------------------+----------------------------+------------------------------+-------------------------------+-----------------------------------------+


Encoding Type: Safe One-Hot
+-------------------------------------------------------------------------------------------------------------------------------------------------------------------------------------------------------------------------------------------------------------------------------------------------------------------------------------------------------------------------------------------------------------------------------------------------------------------------------------------------------------------------------------------------------------------------------------------------------------------------------------------------------------------------------------------------------------------------------+
; State Machine - |opq_native_sv_2lane_signoff_top|ordered_priority_queue_monolithic_sv:dut_i|ordered_priority_queue_monolithic_page_allocator:page_allocator_i|page_allocator_state                                                                                                                                                                                                                                                                                                                                                                                                                                                                                                                                            ;
+------------------------------------------------------+------------------------------------------+------------------------------------------------+---------------------------------------------------+------------------------------------------------+------------------------------------------------+------------------------------------------------+--------------------------------------------------+---------------------------------------------------+------------------------------------------------------+--------------------------------------------------+-----------------------------------------------------+--------------------------------------------------+-------------------------------------------+
; Name                                                 ; page_allocator_state.PAGE_ALLOCATOR_IDLE ; page_allocator_state.PAGE_ALLOCATOR_WRITE_PAGE ; page_allocator_state.PAGE_ALLOCATOR_FINALIZE_PAGE ; page_allocator_state.PAGE_ALLOCATOR_ALLOC_PAGE ; page_allocator_state.PAGE_ALLOCATOR_WRITE_TAIL ; page_allocator_state.PAGE_ALLOCATOR_WRITE_HEAD ; page_allocator_state.PAGE_ALLOCATOR_APPLY_TICKET ; page_allocator_state.PAGE_ALLOCATOR_DECIDE_TICKET ; page_allocator_state.PAGE_ALLOCATOR_SUMMARIZE_TICKET ; page_allocator_state.PAGE_ALLOCATOR_ACCUM_TICKET ; page_allocator_state.PAGE_ALLOCATOR_CLASSIFY_TICKET ; page_allocator_state.PAGE_ALLOCATOR_FETCH_TICKET ; page_allocator_state.PAGE_ALLOCATOR_RESET ;
+------------------------------------------------------+------------------------------------------+------------------------------------------------+---------------------------------------------------+------------------------------------------------+------------------------------------------------+------------------------------------------------+--------------------------------------------------+---------------------------------------------------+------------------------------------------------------+--------------------------------------------------+-----------------------------------------------------+--------------------------------------------------+-------------------------------------------+
; page_allocator_state.PAGE_ALLOCATOR_RESET            ; 0                                        ; 0                                              ; 0                                                 ; 0                                              ; 0                                              ; 0                                              ; 0                                                ; 0                                                 ; 0                                                    ; 0                                                ; 0                                                   ; 0                                                ; 0                                         ;
; page_allocator_state.PAGE_ALLOCATOR_FETCH_TICKET     ; 0                                        ; 0                                              ; 0                                                 ; 0                                              ; 0                                              ; 0                                              ; 0                                                ; 0                                                 ; 0                                                    ; 0                                                ; 0                                                   ; 1                                                ; 1                                         ;
; page_allocator_state.PAGE_ALLOCATOR_CLASSIFY_TICKET  ; 0                                        ; 0                                              ; 0                                                 ; 0                                              ; 0                                              ; 0                                              ; 0                                                ; 0                                                 ; 0                                                    ; 0                                                ; 1                                                   ; 0                                                ; 1                                         ;
; page_allocator_state.PAGE_ALLOCATOR_ACCUM_TICKET     ; 0                                        ; 0                                              ; 0                                                 ; 0                                              ; 0                                              ; 0                                              ; 0                                                ; 0                                                 ; 0                                                    ; 1                                                ; 0                                                   ; 0                                                ; 1                                         ;
; page_allocator_state.PAGE_ALLOCATOR_SUMMARIZE_TICKET ; 0                                        ; 0                                              ; 0                                                 ; 0                                              ; 0                                              ; 0                                              ; 0                                                ; 0                                                 ; 1                                                    ; 0                                                ; 0                                                   ; 0                                                ; 1                                         ;
; page_allocator_state.PAGE_ALLOCATOR_DECIDE_TICKET    ; 0                                        ; 0                                              ; 0                                                 ; 0                                              ; 0                                              ; 0                                              ; 0                                                ; 1                                                 ; 0                                                    ; 0                                                ; 0                                                   ; 0                                                ; 1                                         ;
; page_allocator_state.PAGE_ALLOCATOR_APPLY_TICKET     ; 0                                        ; 0                                              ; 0                                                 ; 0                                              ; 0                                              ; 0                                              ; 1                                                ; 0                                                 ; 0                                                    ; 0                                                ; 0                                                   ; 0                                                ; 1                                         ;
; page_allocator_state.PAGE_ALLOCATOR_WRITE_HEAD       ; 0                                        ; 0                                              ; 0                                                 ; 0                                              ; 0                                              ; 1                                              ; 0                                                ; 0                                                 ; 0                                                    ; 0                                                ; 0                                                   ; 0                                                ; 1                                         ;
; page_allocator_state.PAGE_ALLOCATOR_WRITE_TAIL       ; 0                                        ; 0                                              ; 0                                                 ; 0                                              ; 1                                              ; 0                                              ; 0                                                ; 0                                                 ; 0                                                    ; 0                                                ; 0                                                   ; 0                                                ; 1                                         ;
; page_allocator_state.PAGE_ALLOCATOR_ALLOC_PAGE       ; 0                                        ; 0                                              ; 0                                                 ; 1                                              ; 0                                              ; 0                                              ; 0                                                ; 0                                                 ; 0                                                    ; 0                                                ; 0                                                   ; 0                                                ; 1                                         ;
; page_allocator_state.PAGE_ALLOCATOR_FINALIZE_PAGE    ; 0                                        ; 0                                              ; 1                                                 ; 0                                              ; 0                                              ; 0                                              ; 0                                                ; 0                                                 ; 0                                                    ; 0                                                ; 0                                                   ; 0                                                ; 1                                         ;
; page_allocator_state.PAGE_ALLOCATOR_WRITE_PAGE       ; 0                                        ; 1                                              ; 0                                                 ; 0                                              ; 0                                              ; 0                                              ; 0                                                ; 0                                                 ; 0                                                    ; 0                                                ; 0                                                   ; 0                                                ; 1                                         ;
; page_allocator_state.PAGE_ALLOCATOR_IDLE             ; 1                                        ; 0                                              ; 0                                                 ; 0                                              ; 0                                              ; 0                                              ; 0                                                ; 0                                                 ; 0                                                    ; 0                                                ; 0                                                   ; 0                                                ; 1                                         ;
+------------------------------------------------------+------------------------------------------+------------------------------------------------+---------------------------------------------------+------------------------------------------------+------------------------------------------------+------------------------------------------------+--------------------------------------------------+---------------------------------------------------+------------------------------------------------------+--------------------------------------------------+-----------------------------------------------------+--------------------------------------------------+-------------------------------------------+


Encoding Type: Safe One-Hot
+----------------------------------------------------------------------------------------------------------------------------------------------------------------------------------------------------------------------------------------------------------------------------------------------------------------------------------------------------------+
; State Machine - |opq_native_sv_2lane_signoff_top|ordered_priority_queue_monolithic_sv:dut_i|ordered_priority_queue_monolithic_ingress_parser:g_ingress_parser[1].ingress_parser_i|ingress_parser_state                                                                                                                                                   ;
+-------------------------------------------------------+------------------------------------------+---------------------------------------------+----------------------------------------------+-------------------------------------------------------+------------------------------------------------------+-------------------------------------------+
; Name                                                  ; ingress_parser_state.INGRESS_PARSER_IDLE ; ingress_parser_state.INGRESS_PARSER_WR_HITS ; ingress_parser_state.INGRESS_PARSER_MASK_PKT ; ingress_parser_state.INGRESS_PARSER_MASK_PKT_EXTENDED ; ingress_parser_state.INGRESS_PARSER_UPDATE_HEADER_TS ; ingress_parser_state.INGRESS_PARSER_RESET ;
+-------------------------------------------------------+------------------------------------------+---------------------------------------------+----------------------------------------------+-------------------------------------------------------+------------------------------------------------------+-------------------------------------------+
; ingress_parser_state.INGRESS_PARSER_RESET             ; 0                                        ; 0                                           ; 0                                            ; 0                                                     ; 0                                                    ; 0                                         ;
; ingress_parser_state.INGRESS_PARSER_UPDATE_HEADER_TS  ; 0                                        ; 0                                           ; 0                                            ; 0                                                     ; 1                                                    ; 1                                         ;
; ingress_parser_state.INGRESS_PARSER_MASK_PKT_EXTENDED ; 0                                        ; 0                                           ; 0                                            ; 1                                                     ; 0                                                    ; 1                                         ;
; ingress_parser_state.INGRESS_PARSER_MASK_PKT          ; 0                                        ; 0                                           ; 1                                            ; 0                                                     ; 0                                                    ; 1                                         ;
; ingress_parser_state.INGRESS_PARSER_WR_HITS           ; 0                                        ; 1                                           ; 0                                            ; 0                                                     ; 0                                                    ; 1                                         ;
; ingress_parser_state.INGRESS_PARSER_IDLE              ; 1                                        ; 0                                           ; 0                                            ; 0                                                     ; 0                                                    ; 1                                         ;
+-------------------------------------------------------+------------------------------------------+---------------------------------------------+----------------------------------------------+-------------------------------------------------------+------------------------------------------------------+-------------------------------------------+


Encoding Type: Safe One-Hot
+----------------------------------------------------------------------------------------------------------------------------------------------------------------------------------------------------------------------------------------------------------------------------------------------------------------------------------------------------------+
; State Machine - |opq_native_sv_2lane_signoff_top|ordered_priority_queue_monolithic_sv:dut_i|ordered_priority_queue_monolithic_ingress_parser:g_ingress_parser[0].ingress_parser_i|ingress_parser_state                                                                                                                                                   ;
+-------------------------------------------------------+------------------------------------------+---------------------------------------------+----------------------------------------------+-------------------------------------------------------+------------------------------------------------------+-------------------------------------------+
; Name                                                  ; ingress_parser_state.INGRESS_PARSER_IDLE ; ingress_parser_state.INGRESS_PARSER_WR_HITS ; ingress_parser_state.INGRESS_PARSER_MASK_PKT ; ingress_parser_state.INGRESS_PARSER_MASK_PKT_EXTENDED ; ingress_parser_state.INGRESS_PARSER_UPDATE_HEADER_TS ; ingress_parser_state.INGRESS_PARSER_RESET ;
+-------------------------------------------------------+------------------------------------------+---------------------------------------------+----------------------------------------------+-------------------------------------------------------+------------------------------------------------------+-------------------------------------------+
; ingress_parser_state.INGRESS_PARSER_RESET             ; 0                                        ; 0                                           ; 0                                            ; 0                                                     ; 0                                                    ; 0                                         ;
; ingress_parser_state.INGRESS_PARSER_UPDATE_HEADER_TS  ; 0                                        ; 0                                           ; 0                                            ; 0                                                     ; 1                                                    ; 1                                         ;
; ingress_parser_state.INGRESS_PARSER_MASK_PKT_EXTENDED ; 0                                        ; 0                                           ; 0                                            ; 1                                                     ; 0                                                    ; 1                                         ;
; ingress_parser_state.INGRESS_PARSER_MASK_PKT          ; 0                                        ; 0                                           ; 1                                            ; 0                                                     ; 0                                                    ; 1                                         ;
; ingress_parser_state.INGRESS_PARSER_WR_HITS           ; 0                                        ; 1                                           ; 0                                            ; 0                                                     ; 0                                                    ; 1                                         ;
; ingress_parser_state.INGRESS_PARSER_IDLE              ; 1                                        ; 0                                           ; 0                                            ; 0                                                     ; 0                                                    ; 1                                         ;
+-------------------------------------------------------+------------------------------------------+---------------------------------------------+----------------------------------------------+-------------------------------------------------------+------------------------------------------------------+-------------------------------------------+


+-----------------------------------------------------------------------------------------------------------------------------------------------------------------------------------------------------------------------------------------------------------------------------------------------------------------------------------------------+
; Registers Protected by Synthesis                                                                                                                                                                                                                                                                                                              ;
+-------------------------------------------------------------------------------------------------------------------------------------------------------------------------------------------------------------------------------+------------------------------------------------------------------+--------------------------------------------+
; Register Name                                                                                                                                                                                                                 ; Protected by Synthesis Attribute or Preserve Register Assignment ; Not to be Touched by Netlist Optimizations ;
+-------------------------------------------------------------------------------------------------------------------------------------------------------------------------------------------------------------------------------+------------------------------------------------------------------+--------------------------------------------+
; activity_tap_q[0][31]                                                                                                                                                                                                         ; yes                                                              ; yes                                        ;
; activity_tap_q[0][30]                                                                                                                                                                                                         ; yes                                                              ; yes                                        ;
; activity_tap_q[0][29]                                                                                                                                                                                                         ; yes                                                              ; yes                                        ;
; activity_tap_q[0][28]                                                                                                                                                                                                         ; yes                                                              ; yes                                        ;
; activity_tap_q[0][27]                                                                                                                                                                                                         ; yes                                                              ; yes                                        ;
; activity_tap_q[0][26]                                                                                                                                                                                                         ; yes                                                              ; yes                                        ;
; activity_tap_q[0][25]                                                                                                                                                                                                         ; yes                                                              ; yes                                        ;
; activity_tap_q[0][24]                                                                                                                                                                                                         ; yes                                                              ; yes                                        ;
; activity_tap_q[0][23]                                                                                                                                                                                                         ; yes                                                              ; yes                                        ;
; activity_tap_q[0][22]                                                                                                                                                                                                         ; yes                                                              ; yes                                        ;
; activity_tap_q[0][21]                                                                                                                                                                                                         ; yes                                                              ; yes                                        ;
; activity_tap_q[0][20]                                                                                                                                                                                                         ; yes                                                              ; yes                                        ;
; activity_tap_q[0][19]                                                                                                                                                                                                         ; yes                                                              ; yes                                        ;
; activity_tap_q[0][18]                                                                                                                                                                                                         ; yes                                                              ; yes                                        ;
; activity_tap_q[0][17]                                                                                                                                                                                                         ; yes                                                              ; yes                                        ;
; activity_tap_q[0][16]                                                                                                                                                                                                         ; yes                                                              ; yes                                        ;
; activity_tap_q[0][15]                                                                                                                                                                                                         ; yes                                                              ; yes                                        ;
; activity_tap_q[0][14]                                                                                                                                                                                                         ; yes                                                              ; yes                                        ;
; activity_tap_q[0][13]                                                                                                                                                                                                         ; yes                                                              ; yes                                        ;
; activity_tap_q[0][12]                                                                                                                                                                                                         ; yes                                                              ; yes                                        ;
; activity_tap_q[0][11]                                                                                                                                                                                                         ; yes                                                              ; yes                                        ;
; activity_tap_q[0][10]                                                                                                                                                                                                         ; yes                                                              ; yes                                        ;
; activity_tap_q[0][9]                                                                                                                                                                                                          ; yes                                                              ; yes                                        ;
; activity_tap_q[0][8]                                                                                                                                                                                                          ; yes                                                              ; yes                                        ;
; activity_tap_q[0][7]                                                                                                                                                                                                          ; yes                                                              ; yes                                        ;
; activity_tap_q[0][6]                                                                                                                                                                                                          ; yes                                                              ; yes                                        ;
; activity_tap_q[0][5]                                                                                                                                                                                                          ; yes                                                              ; yes                                        ;
; activity_tap_q[0][4]                                                                                                                                                                                                          ; yes                                                              ; yes                                        ;
; activity_tap_q[0][3]                                                                                                                                                                                                          ; yes                                                              ; yes                                        ;
; activity_tap_q[0][2]                                                                                                                                                                                                          ; yes                                                              ; yes                                        ;
; activity_tap_q[0][1]                                                                                                                                                                                                          ; yes                                                              ; yes                                        ;
; activity_tap_q[0][0]                                                                                                                                                                                                          ; yes                                                              ; yes                                        ;
; activity_tap_q[1][31]                                                                                                                                                                                                         ; yes                                                              ; yes                                        ;
; activity_tap_q[1][30]                                                                                                                                                                                                         ; yes                                                              ; yes                                        ;
; activity_tap_q[1][29]                                                                                                                                                                                                         ; yes                                                              ; yes                                        ;
; activity_tap_q[1][28]                                                                                                                                                                                                         ; yes                                                              ; yes                                        ;
; activity_tap_q[1][27]                                                                                                                                                                                                         ; yes                                                              ; yes                                        ;
; activity_tap_q[1][26]                                                                                                                                                                                                         ; yes                                                              ; yes                                        ;
; activity_tap_q[1][25]                                                                                                                                                                                                         ; yes                                                              ; yes                                        ;
; activity_tap_q[1][24]                                                                                                                                                                                                         ; yes                                                              ; yes                                        ;
; activity_tap_q[1][23]                                                                                                                                                                                                         ; yes                                                              ; yes                                        ;
; activity_tap_q[1][22]                                                                                                                                                                                                         ; yes                                                              ; yes                                        ;
; activity_tap_q[1][21]                                                                                                                                                                                                         ; yes                                                              ; yes                                        ;
; activity_tap_q[1][20]                                                                                                                                                                                                         ; yes                                                              ; yes                                        ;
; activity_tap_q[1][19]                                                                                                                                                                                                         ; yes                                                              ; yes                                        ;
; activity_tap_q[1][18]                                                                                                                                                                                                         ; yes                                                              ; yes                                        ;
; activity_tap_q[1][17]                                                                                                                                                                                                         ; yes                                                              ; yes                                        ;
; activity_tap_q[1][16]                                                                                                                                                                                                         ; yes                                                              ; yes                                        ;
; activity_tap_q[1][15]                                                                                                                                                                                                         ; yes                                                              ; yes                                        ;
; activity_tap_q[1][14]                                                                                                                                                                                                         ; yes                                                              ; yes                                        ;
; activity_tap_q[1][13]                                                                                                                                                                                                         ; yes                                                              ; yes                                        ;
; activity_tap_q[1][12]                                                                                                                                                                                                         ; yes                                                              ; yes                                        ;
; activity_tap_q[1][11]                                                                                                                                                                                                         ; yes                                                              ; yes                                        ;
; activity_tap_q[1][10]                                                                                                                                                                                                         ; yes                                                              ; yes                                        ;
; activity_tap_q[1][9]                                                                                                                                                                                                          ; yes                                                              ; yes                                        ;
; activity_tap_q[1][8]                                                                                                                                                                                                          ; yes                                                              ; yes                                        ;
; activity_tap_q[1][7]                                                                                                                                                                                                          ; yes                                                              ; yes                                        ;
; activity_tap_q[1][6]                                                                                                                                                                                                          ; yes                                                              ; yes                                        ;
; activity_tap_q[1][5]                                                                                                                                                                                                          ; yes                                                              ; yes                                        ;
; activity_tap_q[1][4]                                                                                                                                                                                                          ; yes                                                              ; yes                                        ;
; activity_tap_q[1][3]                                                                                                                                                                                                          ; yes                                                              ; yes                                        ;
; activity_tap_q[1][2]                                                                                                                                                                                                          ; yes                                                              ; yes                                        ;
; activity_tap_q[1][1]                                                                                                                                                                                                          ; yes                                                              ; yes                                        ;
; activity_tap_q[1][0]                                                                                                                                                                                                          ; yes                                                              ; yes                                        ;
; activity_tap_q[2][31]                                                                                                                                                                                                         ; yes                                                              ; yes                                        ;
; activity_tap_q[2][30]                                                                                                                                                                                                         ; yes                                                              ; yes                                        ;
; activity_tap_q[2][29]                                                                                                                                                                                                         ; yes                                                              ; yes                                        ;
; activity_tap_q[2][28]                                                                                                                                                                                                         ; yes                                                              ; yes                                        ;
; activity_tap_q[2][27]                                                                                                                                                                                                         ; yes                                                              ; yes                                        ;
; activity_tap_q[2][26]                                                                                                                                                                                                         ; yes                                                              ; yes                                        ;
; activity_tap_q[2][25]                                                                                                                                                                                                         ; yes                                                              ; yes                                        ;
; activity_tap_q[2][24]                                                                                                                                                                                                         ; yes                                                              ; yes                                        ;
; activity_tap_q[2][23]                                                                                                                                                                                                         ; yes                                                              ; yes                                        ;
; activity_tap_q[2][22]                                                                                                                                                                                                         ; yes                                                              ; yes                                        ;
; activity_tap_q[2][21]                                                                                                                                                                                                         ; yes                                                              ; yes                                        ;
; activity_tap_q[2][20]                                                                                                                                                                                                         ; yes                                                              ; yes                                        ;
; activity_tap_q[2][19]                                                                                                                                                                                                         ; yes                                                              ; yes                                        ;
; activity_tap_q[2][18]                                                                                                                                                                                                         ; yes                                                              ; yes                                        ;
; activity_tap_q[2][17]                                                                                                                                                                                                         ; yes                                                              ; yes                                        ;
; activity_tap_q[2][16]                                                                                                                                                                                                         ; yes                                                              ; yes                                        ;
; activity_tap_q[2][15]                                                                                                                                                                                                         ; yes                                                              ; yes                                        ;
; activity_tap_q[2][14]                                                                                                                                                                                                         ; yes                                                              ; yes                                        ;
; activity_tap_q[2][13]                                                                                                                                                                                                         ; yes                                                              ; yes                                        ;
; activity_tap_q[2][12]                                                                                                                                                                                                         ; yes                                                              ; yes                                        ;
; activity_tap_q[2][11]                                                                                                                                                                                                         ; yes                                                              ; yes                                        ;
; activity_tap_q[2][10]                                                                                                                                                                                                         ; yes                                                              ; yes                                        ;
; activity_tap_q[2][9]                                                                                                                                                                                                          ; yes                                                              ; yes                                        ;
; activity_tap_q[2][8]                                                                                                                                                                                                          ; yes                                                              ; yes                                        ;
; activity_tap_q[2][7]                                                                                                                                                                                                          ; yes                                                              ; yes                                        ;
; activity_tap_q[2][6]                                                                                                                                                                                                          ; yes                                                              ; yes                                        ;
; activity_tap_q[2][5]                                                                                                                                                                                                          ; yes                                                              ; yes                                        ;
; activity_tap_q[2][4]                                                                                                                                                                                                          ; yes                                                              ; yes                                        ;
; activity_tap_q[2][3]                                                                                                                                                                                                          ; yes                                                              ; yes                                        ;
; activity_tap_q[2][2]                                                                                                                                                                                                          ; yes                                                              ; yes                                        ;
; activity_tap_q[2][1]                                                                                                                                                                                                          ; yes                                                              ; yes                                        ;
; activity_tap_q[2][0]                                                                                                                                                                                                          ; yes                                                              ; yes                                        ;
; activity_tap_q[3][31]                                                                                                                                                                                                         ; yes                                                              ; yes                                        ;
; activity_tap_q[3][30]                                                                                                                                                                                                         ; yes                                                              ; yes                                        ;
; activity_tap_q[3][29]                                                                                                                                                                                                         ; yes                                                              ; yes                                        ;
; activity_tap_q[3][28]                                                                                                                                                                                                         ; yes                                                              ; yes                                        ;
; activity_tap_q[3][27]                                                                                                                                                                                                         ; yes                                                              ; yes                                        ;
; activity_tap_q[3][26]                                                                                                                                                                                                         ; yes                                                              ; yes                                        ;
; activity_tap_q[3][25]                                                                                                                                                                                                         ; yes                                                              ; yes                                        ;
; activity_tap_q[3][24]                                                                                                                                                                                                         ; yes                                                              ; yes                                        ;
; activity_tap_q[3][23]                                                                                                                                                                                                         ; yes                                                              ; yes                                        ;
; activity_tap_q[3][22]                                                                                                                                                                                                         ; yes                                                              ; yes                                        ;
; activity_tap_q[3][21]                                                                                                                                                                                                         ; yes                                                              ; yes                                        ;
; activity_tap_q[3][20]                                                                                                                                                                                                         ; yes                                                              ; yes                                        ;
; activity_tap_q[3][19]                                                                                                                                                                                                         ; yes                                                              ; yes                                        ;
; activity_tap_q[3][18]                                                                                                                                                                                                         ; yes                                                              ; yes                                        ;
; activity_tap_q[3][17]                                                                                                                                                                                                         ; yes                                                              ; yes                                        ;
; activity_tap_q[3][16]                                                                                                                                                                                                         ; yes                                                              ; yes                                        ;
; activity_tap_q[3][15]                                                                                                                                                                                                         ; yes                                                              ; yes                                        ;
; activity_tap_q[3][14]                                                                                                                                                                                                         ; yes                                                              ; yes                                        ;
; activity_tap_q[3][13]                                                                                                                                                                                                         ; yes                                                              ; yes                                        ;
; activity_tap_q[3][12]                                                                                                                                                                                                         ; yes                                                              ; yes                                        ;
; activity_tap_q[3][11]                                                                                                                                                                                                         ; yes                                                              ; yes                                        ;
; activity_tap_q[3][10]                                                                                                                                                                                                         ; yes                                                              ; yes                                        ;
; activity_tap_q[3][9]                                                                                                                                                                                                          ; yes                                                              ; yes                                        ;
; activity_tap_q[3][8]                                                                                                                                                                                                          ; yes                                                              ; yes                                        ;
; activity_tap_q[3][7]                                                                                                                                                                                                          ; yes                                                              ; yes                                        ;
; activity_tap_q[3][6]                                                                                                                                                                                                          ; yes                                                              ; yes                                        ;
; activity_tap_q[3][5]                                                                                                                                                                                                          ; yes                                                              ; yes                                        ;
; activity_tap_q[3][4]                                                                                                                                                                                                          ; yes                                                              ; yes                                        ;
; activity_tap_q[3][3]                                                                                                                                                                                                          ; yes                                                              ; yes                                        ;
; activity_tap_q[3][2]                                                                                                                                                                                                          ; yes                                                              ; yes                                        ;
; activity_tap_q[3][1]                                                                                                                                                                                                          ; yes                                                              ; yes                                        ;
; activity_tap_q[3][0]                                                                                                                                                                                                          ; yes                                                              ; yes                                        ;
; activity_tap_q[4][31]                                                                                                                                                                                                         ; yes                                                              ; yes                                        ;
; activity_tap_q[4][30]                                                                                                                                                                                                         ; yes                                                              ; yes                                        ;
; activity_tap_q[4][29]                                                                                                                                                                                                         ; yes                                                              ; yes                                        ;
; activity_tap_q[4][28]                                                                                                                                                                                                         ; yes                                                              ; yes                                        ;
; activity_tap_q[4][27]                                                                                                                                                                                                         ; yes                                                              ; yes                                        ;
; activity_tap_q[4][26]                                                                                                                                                                                                         ; yes                                                              ; yes                                        ;
; activity_tap_q[4][25]                                                                                                                                                                                                         ; yes                                                              ; yes                                        ;
; activity_tap_q[4][24]                                                                                                                                                                                                         ; yes                                                              ; yes                                        ;
; activity_tap_q[4][23]                                                                                                                                                                                                         ; yes                                                              ; yes                                        ;
; activity_tap_q[4][22]                                                                                                                                                                                                         ; yes                                                              ; yes                                        ;
; activity_tap_q[4][21]                                                                                                                                                                                                         ; yes                                                              ; yes                                        ;
; activity_tap_q[4][20]                                                                                                                                                                                                         ; yes                                                              ; yes                                        ;
; activity_tap_q[4][19]                                                                                                                                                                                                         ; yes                                                              ; yes                                        ;
; activity_tap_q[4][18]                                                                                                                                                                                                         ; yes                                                              ; yes                                        ;
; activity_tap_q[4][17]                                                                                                                                                                                                         ; yes                                                              ; yes                                        ;
; activity_tap_q[4][16]                                                                                                                                                                                                         ; yes                                                              ; yes                                        ;
; activity_tap_q[4][15]                                                                                                                                                                                                         ; yes                                                              ; yes                                        ;
; activity_tap_q[4][14]                                                                                                                                                                                                         ; yes                                                              ; yes                                        ;
; activity_tap_q[4][13]                                                                                                                                                                                                         ; yes                                                              ; yes                                        ;
; activity_tap_q[4][12]                                                                                                                                                                                                         ; yes                                                              ; yes                                        ;
; activity_tap_q[4][11]                                                                                                                                                                                                         ; yes                                                              ; yes                                        ;
; activity_tap_q[4][10]                                                                                                                                                                                                         ; yes                                                              ; yes                                        ;
; activity_tap_q[4][9]                                                                                                                                                                                                          ; yes                                                              ; yes                                        ;
; activity_tap_q[4][8]                                                                                                                                                                                                          ; yes                                                              ; yes                                        ;
; activity_tap_q[4][7]                                                                                                                                                                                                          ; yes                                                              ; yes                                        ;
; activity_tap_q[4][6]                                                                                                                                                                                                          ; yes                                                              ; yes                                        ;
; activity_tap_q[4][5]                                                                                                                                                                                                          ; yes                                                              ; yes                                        ;
; activity_tap_q[4][4]                                                                                                                                                                                                          ; yes                                                              ; yes                                        ;
; activity_tap_q[4][3]                                                                                                                                                                                                          ; yes                                                              ; yes                                        ;
; activity_tap_q[4][2]                                                                                                                                                                                                          ; yes                                                              ; yes                                        ;
; activity_tap_q[4][1]                                                                                                                                                                                                          ; yes                                                              ; yes                                        ;
; activity_tap_q[4][0]                                                                                                                                                                                                          ; yes                                                              ; yes                                        ;
; activity_tap_q[5][31]                                                                                                                                                                                                         ; yes                                                              ; yes                                        ;
; activity_tap_q[5][30]                                                                                                                                                                                                         ; yes                                                              ; yes                                        ;
; activity_tap_q[5][29]                                                                                                                                                                                                         ; yes                                                              ; yes                                        ;
; activity_tap_q[5][28]                                                                                                                                                                                                         ; yes                                                              ; yes                                        ;
; activity_tap_q[5][27]                                                                                                                                                                                                         ; yes                                                              ; yes                                        ;
; activity_tap_q[5][26]                                                                                                                                                                                                         ; yes                                                              ; yes                                        ;
; activity_tap_q[5][25]                                                                                                                                                                                                         ; yes                                                              ; yes                                        ;
; activity_tap_q[5][24]                                                                                                                                                                                                         ; yes                                                              ; yes                                        ;
; activity_tap_q[5][23]                                                                                                                                                                                                         ; yes                                                              ; yes                                        ;
; activity_tap_q[5][22]                                                                                                                                                                                                         ; yes                                                              ; yes                                        ;
; activity_tap_q[5][21]                                                                                                                                                                                                         ; yes                                                              ; yes                                        ;
; activity_tap_q[5][20]                                                                                                                                                                                                         ; yes                                                              ; yes                                        ;
; activity_tap_q[5][19]                                                                                                                                                                                                         ; yes                                                              ; yes                                        ;
; activity_tap_q[5][18]                                                                                                                                                                                                         ; yes                                                              ; yes                                        ;
; activity_tap_q[5][17]                                                                                                                                                                                                         ; yes                                                              ; yes                                        ;
; activity_tap_q[5][16]                                                                                                                                                                                                         ; yes                                                              ; yes                                        ;
; activity_tap_q[5][15]                                                                                                                                                                                                         ; yes                                                              ; yes                                        ;
; activity_tap_q[5][14]                                                                                                                                                                                                         ; yes                                                              ; yes                                        ;
; activity_tap_q[5][13]                                                                                                                                                                                                         ; yes                                                              ; yes                                        ;
; activity_tap_q[5][12]                                                                                                                                                                                                         ; yes                                                              ; yes                                        ;
; activity_tap_q[5][11]                                                                                                                                                                                                         ; yes                                                              ; yes                                        ;
; activity_tap_q[5][10]                                                                                                                                                                                                         ; yes                                                              ; yes                                        ;
; activity_tap_q[5][9]                                                                                                                                                                                                          ; yes                                                              ; yes                                        ;
; activity_tap_q[5][8]                                                                                                                                                                                                          ; yes                                                              ; yes                                        ;
; activity_tap_q[5][7]                                                                                                                                                                                                          ; yes                                                              ; yes                                        ;
; activity_tap_q[5][6]                                                                                                                                                                                                          ; yes                                                              ; yes                                        ;
; activity_tap_q[5][5]                                                                                                                                                                                                          ; yes                                                              ; yes                                        ;
; activity_tap_q[5][4]                                                                                                                                                                                                          ; yes                                                              ; yes                                        ;
; activity_tap_q[5][3]                                                                                                                                                                                                          ; yes                                                              ; yes                                        ;
; activity_tap_q[5][2]                                                                                                                                                                                                          ; yes                                                              ; yes                                        ;
; activity_tap_q[5][1]                                                                                                                                                                                                          ; yes                                                              ; yes                                        ;
; activity_tap_q[5][0]                                                                                                                                                                                                          ; yes                                                              ; yes                                        ;
; activity_tap_q[6][31]                                                                                                                                                                                                         ; yes                                                              ; yes                                        ;
; activity_tap_q[6][30]                                                                                                                                                                                                         ; yes                                                              ; yes                                        ;
; activity_tap_q[6][29]                                                                                                                                                                                                         ; yes                                                              ; yes                                        ;
; activity_tap_q[6][28]                                                                                                                                                                                                         ; yes                                                              ; yes                                        ;
; activity_tap_q[6][27]                                                                                                                                                                                                         ; yes                                                              ; yes                                        ;
; activity_tap_q[6][26]                                                                                                                                                                                                         ; yes                                                              ; yes                                        ;
; activity_tap_q[6][25]                                                                                                                                                                                                         ; yes                                                              ; yes                                        ;
; activity_tap_q[6][24]                                                                                                                                                                                                         ; yes                                                              ; yes                                        ;
; activity_tap_q[6][23]                                                                                                                                                                                                         ; yes                                                              ; yes                                        ;
; activity_tap_q[6][22]                                                                                                                                                                                                         ; yes                                                              ; yes                                        ;
; activity_tap_q[6][21]                                                                                                                                                                                                         ; yes                                                              ; yes                                        ;
; activity_tap_q[6][20]                                                                                                                                                                                                         ; yes                                                              ; yes                                        ;
; activity_tap_q[6][19]                                                                                                                                                                                                         ; yes                                                              ; yes                                        ;
; activity_tap_q[6][18]                                                                                                                                                                                                         ; yes                                                              ; yes                                        ;
; activity_tap_q[6][17]                                                                                                                                                                                                         ; yes                                                              ; yes                                        ;
; activity_tap_q[6][16]                                                                                                                                                                                                         ; yes                                                              ; yes                                        ;
; activity_tap_q[6][15]                                                                                                                                                                                                         ; yes                                                              ; yes                                        ;
; activity_tap_q[6][14]                                                                                                                                                                                                         ; yes                                                              ; yes                                        ;
; activity_tap_q[6][13]                                                                                                                                                                                                         ; yes                                                              ; yes                                        ;
; activity_tap_q[6][12]                                                                                                                                                                                                         ; yes                                                              ; yes                                        ;
; activity_tap_q[6][11]                                                                                                                                                                                                         ; yes                                                              ; yes                                        ;
; activity_tap_q[6][10]                                                                                                                                                                                                         ; yes                                                              ; yes                                        ;
; activity_tap_q[6][9]                                                                                                                                                                                                          ; yes                                                              ; yes                                        ;
; activity_tap_q[6][8]                                                                                                                                                                                                          ; yes                                                              ; yes                                        ;
; activity_tap_q[6][7]                                                                                                                                                                                                          ; yes                                                              ; yes                                        ;
; activity_tap_q[6][6]                                                                                                                                                                                                          ; yes                                                              ; yes                                        ;
; activity_tap_q[6][5]                                                                                                                                                                                                          ; yes                                                              ; yes                                        ;
; activity_tap_q[6][4]                                                                                                                                                                                                          ; yes                                                              ; yes                                        ;
; activity_tap_q[6][3]                                                                                                                                                                                                          ; yes                                                              ; yes                                        ;
; activity_tap_q[6][2]                                                                                                                                                                                                          ; yes                                                              ; yes                                        ;
; activity_tap_q[6][1]                                                                                                                                                                                                          ; yes                                                              ; yes                                        ;
; activity_tap_q[6][0]                                                                                                                                                                                                          ; yes                                                              ; yes                                        ;
; activity_tap_q[7][31]                                                                                                                                                                                                         ; yes                                                              ; yes                                        ;
; activity_tap_q[7][30]                                                                                                                                                                                                         ; yes                                                              ; yes                                        ;
; activity_tap_q[7][29]                                                                                                                                                                                                         ; yes                                                              ; yes                                        ;
; activity_tap_q[7][28]                                                                                                                                                                                                         ; yes                                                              ; yes                                        ;
; activity_tap_q[7][27]                                                                                                                                                                                                         ; yes                                                              ; yes                                        ;
; activity_tap_q[7][26]                                                                                                                                                                                                         ; yes                                                              ; yes                                        ;
; activity_tap_q[7][25]                                                                                                                                                                                                         ; yes                                                              ; yes                                        ;
; activity_tap_q[7][24]                                                                                                                                                                                                         ; yes                                                              ; yes                                        ;
; activity_tap_q[7][23]                                                                                                                                                                                                         ; yes                                                              ; yes                                        ;
; activity_tap_q[7][22]                                                                                                                                                                                                         ; yes                                                              ; yes                                        ;
; activity_tap_q[7][21]                                                                                                                                                                                                         ; yes                                                              ; yes                                        ;
; activity_tap_q[7][20]                                                                                                                                                                                                         ; yes                                                              ; yes                                        ;
; activity_tap_q[7][19]                                                                                                                                                                                                         ; yes                                                              ; yes                                        ;
; activity_tap_q[7][18]                                                                                                                                                                                                         ; yes                                                              ; yes                                        ;
; activity_tap_q[7][17]                                                                                                                                                                                                         ; yes                                                              ; yes                                        ;
; activity_tap_q[7][16]                                                                                                                                                                                                         ; yes                                                              ; yes                                        ;
; activity_tap_q[7][15]                                                                                                                                                                                                         ; yes                                                              ; yes                                        ;
; activity_tap_q[7][14]                                                                                                                                                                                                         ; yes                                                              ; yes                                        ;
; activity_tap_q[7][13]                                                                                                                                                                                                         ; yes                                                              ; yes                                        ;
; activity_tap_q[7][12]                                                                                                                                                                                                         ; yes                                                              ; yes                                        ;
; activity_tap_q[7][11]                                                                                                                                                                                                         ; yes                                                              ; yes                                        ;
; activity_tap_q[7][10]                                                                                                                                                                                                         ; yes                                                              ; yes                                        ;
; activity_tap_q[7][9]                                                                                                                                                                                                          ; yes                                                              ; yes                                        ;
; activity_tap_q[7][8]                                                                                                                                                                                                          ; yes                                                              ; yes                                        ;
; activity_tap_q[7][7]                                                                                                                                                                                                          ; yes                                                              ; yes                                        ;
; activity_tap_q[7][6]                                                                                                                                                                                                          ; yes                                                              ; yes                                        ;
; activity_tap_q[7][5]                                                                                                                                                                                                          ; yes                                                              ; yes                                        ;
; activity_tap_q[7][4]                                                                                                                                                                                                          ; yes                                                              ; yes                                        ;
; activity_tap_q[7][3]                                                                                                                                                                                                          ; yes                                                              ; yes                                        ;
; activity_tap_q[7][2]                                                                                                                                                                                                          ; yes                                                              ; yes                                        ;
; activity_tap_q[7][1]                                                                                                                                                                                                          ; yes                                                              ; yes                                        ;
; activity_tap_q[7][0]                                                                                                                                                                                                          ; yes                                                              ; yes                                        ;
; activity_tap_q[8][31]                                                                                                                                                                                                         ; yes                                                              ; yes                                        ;
; activity_tap_q[8][30]                                                                                                                                                                                                         ; yes                                                              ; yes                                        ;
; activity_tap_q[8][29]                                                                                                                                                                                                         ; yes                                                              ; yes                                        ;
; activity_tap_q[8][28]                                                                                                                                                                                                         ; yes                                                              ; yes                                        ;
; activity_tap_q[8][27]                                                                                                                                                                                                         ; yes                                                              ; yes                                        ;
; activity_tap_q[8][26]                                                                                                                                                                                                         ; yes                                                              ; yes                                        ;
; activity_tap_q[8][25]                                                                                                                                                                                                         ; yes                                                              ; yes                                        ;
; activity_tap_q[8][24]                                                                                                                                                                                                         ; yes                                                              ; yes                                        ;
; activity_tap_q[8][23]                                                                                                                                                                                                         ; yes                                                              ; yes                                        ;
; activity_tap_q[8][22]                                                                                                                                                                                                         ; yes                                                              ; yes                                        ;
; activity_tap_q[8][21]                                                                                                                                                                                                         ; yes                                                              ; yes                                        ;
; activity_tap_q[8][20]                                                                                                                                                                                                         ; yes                                                              ; yes                                        ;
; activity_tap_q[8][19]                                                                                                                                                                                                         ; yes                                                              ; yes                                        ;
; activity_tap_q[8][18]                                                                                                                                                                                                         ; yes                                                              ; yes                                        ;
; activity_tap_q[8][17]                                                                                                                                                                                                         ; yes                                                              ; yes                                        ;
; activity_tap_q[8][16]                                                                                                                                                                                                         ; yes                                                              ; yes                                        ;
; activity_tap_q[8][15]                                                                                                                                                                                                         ; yes                                                              ; yes                                        ;
; activity_tap_q[8][14]                                                                                                                                                                                                         ; yes                                                              ; yes                                        ;
; activity_tap_q[8][13]                                                                                                                                                                                                         ; yes                                                              ; yes                                        ;
; activity_tap_q[8][12]                                                                                                                                                                                                         ; yes                                                              ; yes                                        ;
; activity_tap_q[8][11]                                                                                                                                                                                                         ; yes                                                              ; yes                                        ;
; activity_tap_q[8][10]                                                                                                                                                                                                         ; yes                                                              ; yes                                        ;
; activity_tap_q[8][9]                                                                                                                                                                                                          ; yes                                                              ; yes                                        ;
; activity_tap_q[8][8]                                                                                                                                                                                                          ; yes                                                              ; yes                                        ;
; activity_tap_q[8][7]                                                                                                                                                                                                          ; yes                                                              ; yes                                        ;
; activity_tap_q[8][6]                                                                                                                                                                                                          ; yes                                                              ; yes                                        ;
; activity_tap_q[8][5]                                                                                                                                                                                                          ; yes                                                              ; yes                                        ;
; activity_tap_q[8][4]                                                                                                                                                                                                          ; yes                                                              ; yes                                        ;
; activity_tap_q[8][3]                                                                                                                                                                                                          ; yes                                                              ; yes                                        ;
; activity_tap_q[8][2]                                                                                                                                                                                                          ; yes                                                              ; yes                                        ;
; activity_tap_q[8][1]                                                                                                                                                                                                          ; yes                                                              ; yes                                        ;
; activity_tap_q[8][0]                                                                                                                                                                                                          ; yes                                                              ; yes                                        ;
; activity_tap_q[9][31]                                                                                                                                                                                                         ; yes                                                              ; yes                                        ;
; activity_tap_q[9][30]                                                                                                                                                                                                         ; yes                                                              ; yes                                        ;
; activity_tap_q[9][29]                                                                                                                                                                                                         ; yes                                                              ; yes                                        ;
; activity_tap_q[9][28]                                                                                                                                                                                                         ; yes                                                              ; yes                                        ;
; activity_tap_q[9][27]                                                                                                                                                                                                         ; yes                                                              ; yes                                        ;
; activity_tap_q[9][26]                                                                                                                                                                                                         ; yes                                                              ; yes                                        ;
; activity_tap_q[9][25]                                                                                                                                                                                                         ; yes                                                              ; yes                                        ;
; activity_tap_q[9][24]                                                                                                                                                                                                         ; yes                                                              ; yes                                        ;
; activity_tap_q[9][23]                                                                                                                                                                                                         ; yes                                                              ; yes                                        ;
; activity_tap_q[9][22]                                                                                                                                                                                                         ; yes                                                              ; yes                                        ;
; activity_tap_q[9][21]                                                                                                                                                                                                         ; yes                                                              ; yes                                        ;
; activity_tap_q[9][20]                                                                                                                                                                                                         ; yes                                                              ; yes                                        ;
; activity_tap_q[9][19]                                                                                                                                                                                                         ; yes                                                              ; yes                                        ;
; activity_tap_q[9][18]                                                                                                                                                                                                         ; yes                                                              ; yes                                        ;
; activity_tap_q[9][17]                                                                                                                                                                                                         ; yes                                                              ; yes                                        ;
; activity_tap_q[9][16]                                                                                                                                                                                                         ; yes                                                              ; yes                                        ;
; activity_tap_q[9][15]                                                                                                                                                                                                         ; yes                                                              ; yes                                        ;
; activity_tap_q[9][14]                                                                                                                                                                                                         ; yes                                                              ; yes                                        ;
; activity_tap_q[9][13]                                                                                                                                                                                                         ; yes                                                              ; yes                                        ;
; activity_tap_q[9][12]                                                                                                                                                                                                         ; yes                                                              ; yes                                        ;
; activity_tap_q[9][11]                                                                                                                                                                                                         ; yes                                                              ; yes                                        ;
; activity_tap_q[9][10]                                                                                                                                                                                                         ; yes                                                              ; yes                                        ;
; activity_tap_q[9][9]                                                                                                                                                                                                          ; yes                                                              ; yes                                        ;
; activity_tap_q[9][8]                                                                                                                                                                                                          ; yes                                                              ; yes                                        ;
; activity_tap_q[9][7]                                                                                                                                                                                                          ; yes                                                              ; yes                                        ;
; activity_tap_q[9][6]                                                                                                                                                                                                          ; yes                                                              ; yes                                        ;
; activity_tap_q[9][5]                                                                                                                                                                                                          ; yes                                                              ; yes                                        ;
; activity_tap_q[9][4]                                                                                                                                                                                                          ; yes                                                              ; yes                                        ;
; activity_tap_q[9][3]                                                                                                                                                                                                          ; yes                                                              ; yes                                        ;
; activity_tap_q[9][2]                                                                                                                                                                                                          ; yes                                                              ; yes                                        ;
; activity_tap_q[9][1]                                                                                                                                                                                                          ; yes                                                              ; yes                                        ;
; activity_tap_q[9][0]                                                                                                                                                                                                          ; yes                                                              ; yes                                        ;
; activity_tap_q[10][31]                                                                                                                                                                                                        ; yes                                                              ; yes                                        ;
; activity_tap_q[10][30]                                                                                                                                                                                                        ; yes                                                              ; yes                                        ;
; activity_tap_q[10][29]                                                                                                                                                                                                        ; yes                                                              ; yes                                        ;
; activity_tap_q[10][28]                                                                                                                                                                                                        ; yes                                                              ; yes                                        ;
; activity_tap_q[10][27]                                                                                                                                                                                                        ; yes                                                              ; yes                                        ;
; activity_tap_q[10][26]                                                                                                                                                                                                        ; yes                                                              ; yes                                        ;
; activity_tap_q[10][25]                                                                                                                                                                                                        ; yes                                                              ; yes                                        ;
; activity_tap_q[10][24]                                                                                                                                                                                                        ; yes                                                              ; yes                                        ;
; activity_tap_q[10][23]                                                                                                                                                                                                        ; yes                                                              ; yes                                        ;
; activity_tap_q[10][22]                                                                                                                                                                                                        ; yes                                                              ; yes                                        ;
; activity_tap_q[10][21]                                                                                                                                                                                                        ; yes                                                              ; yes                                        ;
; activity_tap_q[10][20]                                                                                                                                                                                                        ; yes                                                              ; yes                                        ;
; activity_tap_q[10][19]                                                                                                                                                                                                        ; yes                                                              ; yes                                        ;
; activity_tap_q[10][18]                                                                                                                                                                                                        ; yes                                                              ; yes                                        ;
; activity_tap_q[10][17]                                                                                                                                                                                                        ; yes                                                              ; yes                                        ;
; activity_tap_q[10][16]                                                                                                                                                                                                        ; yes                                                              ; yes                                        ;
; activity_tap_q[10][15]                                                                                                                                                                                                        ; yes                                                              ; yes                                        ;
; activity_tap_q[10][14]                                                                                                                                                                                                        ; yes                                                              ; yes                                        ;
; activity_tap_q[10][13]                                                                                                                                                                                                        ; yes                                                              ; yes                                        ;
; activity_tap_q[10][12]                                                                                                                                                                                                        ; yes                                                              ; yes                                        ;
; activity_tap_q[10][11]                                                                                                                                                                                                        ; yes                                                              ; yes                                        ;
; activity_tap_q[10][10]                                                                                                                                                                                                        ; yes                                                              ; yes                                        ;
; activity_tap_q[10][9]                                                                                                                                                                                                         ; yes                                                              ; yes                                        ;
; activity_tap_q[10][8]                                                                                                                                                                                                         ; yes                                                              ; yes                                        ;
; activity_tap_q[10][7]                                                                                                                                                                                                         ; yes                                                              ; yes                                        ;
; activity_tap_q[10][6]                                                                                                                                                                                                         ; yes                                                              ; yes                                        ;
; activity_tap_q[10][5]                                                                                                                                                                                                         ; yes                                                              ; yes                                        ;
; activity_tap_q[10][4]                                                                                                                                                                                                         ; yes                                                              ; yes                                        ;
; activity_tap_q[10][3]                                                                                                                                                                                                         ; yes                                                              ; yes                                        ;
; activity_tap_q[10][2]                                                                                                                                                                                                         ; yes                                                              ; yes                                        ;
; activity_tap_q[10][1]                                                                                                                                                                                                         ; yes                                                              ; yes                                        ;
; activity_tap_q[10][0]                                                                                                                                                                                                         ; yes                                                              ; yes                                        ;
; activity_tap_q[11][31]                                                                                                                                                                                                        ; yes                                                              ; yes                                        ;
; activity_tap_q[11][30]                                                                                                                                                                                                        ; yes                                                              ; yes                                        ;
; activity_tap_q[11][29]                                                                                                                                                                                                        ; yes                                                              ; yes                                        ;
; activity_tap_q[11][28]                                                                                                                                                                                                        ; yes                                                              ; yes                                        ;
; activity_tap_q[11][27]                                                                                                                                                                                                        ; yes                                                              ; yes                                        ;
; activity_tap_q[11][26]                                                                                                                                                                                                        ; yes                                                              ; yes                                        ;
; activity_tap_q[11][25]                                                                                                                                                                                                        ; yes                                                              ; yes                                        ;
; activity_tap_q[11][24]                                                                                                                                                                                                        ; yes                                                              ; yes                                        ;
; activity_tap_q[11][23]                                                                                                                                                                                                        ; yes                                                              ; yes                                        ;
; activity_tap_q[11][22]                                                                                                                                                                                                        ; yes                                                              ; yes                                        ;
; activity_tap_q[11][21]                                                                                                                                                                                                        ; yes                                                              ; yes                                        ;
; activity_tap_q[11][20]                                                                                                                                                                                                        ; yes                                                              ; yes                                        ;
; activity_tap_q[11][19]                                                                                                                                                                                                        ; yes                                                              ; yes                                        ;
; activity_tap_q[11][18]                                                                                                                                                                                                        ; yes                                                              ; yes                                        ;
; activity_tap_q[11][17]                                                                                                                                                                                                        ; yes                                                              ; yes                                        ;
; activity_tap_q[11][16]                                                                                                                                                                                                        ; yes                                                              ; yes                                        ;
; activity_tap_q[11][15]                                                                                                                                                                                                        ; yes                                                              ; yes                                        ;
; activity_tap_q[11][14]                                                                                                                                                                                                        ; yes                                                              ; yes                                        ;
; activity_tap_q[11][13]                                                                                                                                                                                                        ; yes                                                              ; yes                                        ;
; activity_tap_q[11][12]                                                                                                                                                                                                        ; yes                                                              ; yes                                        ;
; activity_tap_q[11][11]                                                                                                                                                                                                        ; yes                                                              ; yes                                        ;
; activity_tap_q[11][10]                                                                                                                                                                                                        ; yes                                                              ; yes                                        ;
; activity_tap_q[11][9]                                                                                                                                                                                                         ; yes                                                              ; yes                                        ;
; activity_tap_q[11][8]                                                                                                                                                                                                         ; yes                                                              ; yes                                        ;
; activity_tap_q[11][7]                                                                                                                                                                                                         ; yes                                                              ; yes                                        ;
; activity_tap_q[11][6]                                                                                                                                                                                                         ; yes                                                              ; yes                                        ;
; activity_tap_q[11][5]                                                                                                                                                                                                         ; yes                                                              ; yes                                        ;
; activity_tap_q[11][4]                                                                                                                                                                                                         ; yes                                                              ; yes                                        ;
; activity_tap_q[11][3]                                                                                                                                                                                                         ; yes                                                              ; yes                                        ;
; activity_tap_q[11][2]                                                                                                                                                                                                         ; yes                                                              ; yes                                        ;
; activity_tap_q[11][1]                                                                                                                                                                                                         ; yes                                                              ; yes                                        ;
; activity_tap_q[11][0]                                                                                                                                                                                                         ; yes                                                              ; yes                                        ;
; ordered_priority_queue_monolithic_sv:dut_i|ordered_priority_queue_monolithic_basic_presenter:presenter_i|ordered_priority_queue_monolithic_basic_presenter_native:native_i|presenter_state.FTABLE_PRESENTER_PRESENTING        ; no                                                               ; yes                                        ;
; ordered_priority_queue_monolithic_sv:dut_i|ordered_priority_queue_monolithic_basic_presenter:presenter_i|ordered_priority_queue_monolithic_basic_presenter_native:native_i|presenter_state.FTABLE_PRESENTER_WAIT_FOR_COMPLETE ; no                                                               ; yes                                        ;
; ordered_priority_queue_monolithic_sv:dut_i|ordered_priority_queue_monolithic_basic_presenter:presenter_i|ordered_priority_queue_monolithic_basic_presenter_native:native_i|meta_read_owner.META_READ_SCAN                     ; no                                                               ; yes                                        ;
; ordered_priority_queue_monolithic_sv:dut_i|ordered_priority_queue_monolithic_basic_presenter:presenter_i|ordered_priority_queue_monolithic_basic_presenter_native:native_i|presenter_state.FTABLE_PRESENTER_IDLE              ; no                                                               ; yes                                        ;
; ordered_priority_queue_monolithic_sv:dut_i|ordered_priority_queue_monolithic_basic_presenter:presenter_i|ordered_priority_queue_monolithic_basic_presenter_native:native_i|presenter_state.FTABLE_PRESENTER_RESET             ; no                                                               ; yes                                        ;
; ordered_priority_queue_monolithic_sv:dut_i|ordered_priority_queue_monolithic_basic_presenter:presenter_i|ordered_priority_queue_monolithic_basic_presenter_native:native_i|meta_read_owner.META_READ_IDLE                     ; no                                                               ; yes                                        ;
; ordered_priority_queue_monolithic_sv:dut_i|ordered_priority_queue_monolithic_page_allocator:page_allocator_i|page_allocator_state.PAGE_ALLOCATOR_WRITE_HEAD                                                                   ; no                                                               ; yes                                        ;
; ordered_priority_queue_monolithic_sv:dut_i|ordered_priority_queue_monolithic_page_allocator:page_allocator_i|page_allocator_state.PAGE_ALLOCATOR_WRITE_TAIL                                                                   ; no                                                               ; yes                                        ;
; ordered_priority_queue_monolithic_sv:dut_i|ordered_priority_queue_monolithic_page_allocator:page_allocator_i|page_allocator_state.PAGE_ALLOCATOR_WRITE_PAGE                                                                   ; no                                                               ; yes                                        ;
; ordered_priority_queue_monolithic_sv:dut_i|ordered_priority_queue_monolithic_page_allocator:page_allocator_i|page_allocator_state.PAGE_ALLOCATOR_RESET                                                                        ; no                                                               ; yes                                        ;
; ordered_priority_queue_monolithic_sv:dut_i|ordered_priority_queue_monolithic_page_allocator:page_allocator_i|page_allocator_state.PAGE_ALLOCATOR_FINALIZE_PAGE                                                                ; no                                                               ; yes                                        ;
; ordered_priority_queue_monolithic_sv:dut_i|ordered_priority_queue_monolithic_page_allocator:page_allocator_i|page_allocator_state.PAGE_ALLOCATOR_IDLE                                                                         ; no                                                               ; yes                                        ;
; ordered_priority_queue_monolithic_sv:dut_i|ordered_priority_queue_monolithic_basic_presenter:presenter_i|ordered_priority_queue_monolithic_basic_presenter_native:native_i|meta_read_owner.META_READ_HEAD                     ; no                                                               ; yes                                        ;
; ordered_priority_queue_monolithic_sv:dut_i|ordered_priority_queue_monolithic_page_allocator:page_allocator_i|page_allocator_state.PAGE_ALLOCATOR_FETCH_TICKET                                                                 ; no                                                               ; yes                                        ;
; ordered_priority_queue_monolithic_sv:dut_i|ordered_priority_queue_monolithic_page_allocator:page_allocator_i|page_allocator_state.PAGE_ALLOCATOR_CLASSIFY_TICKET                                                              ; no                                                               ; yes                                        ;
; ordered_priority_queue_monolithic_sv:dut_i|ordered_priority_queue_monolithic_page_allocator:page_allocator_i|page_allocator_state.PAGE_ALLOCATOR_SUMMARIZE_TICKET                                                             ; no                                                               ; yes                                        ;
; ordered_priority_queue_monolithic_sv:dut_i|ordered_priority_queue_monolithic_page_allocator:page_allocator_i|page_allocator_state.PAGE_ALLOCATOR_APPLY_TICKET                                                                 ; no                                                               ; yes                                        ;
; ordered_priority_queue_monolithic_sv:dut_i|ordered_priority_queue_monolithic_page_allocator:page_allocator_i|page_allocator_state.PAGE_ALLOCATOR_ALLOC_PAGE                                                                   ; no                                                               ; yes                                        ;
; ordered_priority_queue_monolithic_sv:dut_i|ordered_priority_queue_monolithic_page_allocator:page_allocator_i|page_allocator_state.PAGE_ALLOCATOR_DECIDE_TICKET                                                                ; no                                                               ; yes                                        ;
; ordered_priority_queue_monolithic_sv:dut_i|ordered_priority_queue_monolithic_page_allocator:page_allocator_i|page_allocator_state.PAGE_ALLOCATOR_ACCUM_TICKET                                                                 ; no                                                               ; yes                                        ;
; ordered_priority_queue_monolithic_sv:dut_i|ordered_priority_queue_monolithic_block_path:block_path_i|arbiter_state.ARBITER_LOCKED                                                                                             ; no                                                               ; yes                                        ;
; ordered_priority_queue_monolithic_sv:dut_i|ordered_priority_queue_monolithic_page_allocator:page_allocator_i|fetch_ticket_raw_q[0][117]                                                                                       ; yes                                                              ; yes                                        ;
; ordered_priority_queue_monolithic_sv:dut_i|ordered_priority_queue_monolithic_page_allocator:page_allocator_i|fetch_ticket_raw_q[1][117]                                                                                       ; yes                                                              ; yes                                        ;
; ordered_priority_queue_monolithic_sv:dut_i|ordered_priority_queue_monolithic_page_allocator:page_allocator_i|fetch_ticket_raw_q[0][116]                                                                                       ; yes                                                              ; yes                                        ;
; ordered_priority_queue_monolithic_sv:dut_i|ordered_priority_queue_monolithic_page_allocator:page_allocator_i|fetch_ticket_raw_q[1][116]                                                                                       ; yes                                                              ; yes                                        ;
; ordered_priority_queue_monolithic_sv:dut_i|ordered_priority_queue_monolithic_page_allocator:page_allocator_i|fetch_ticket_raw_q[0][115]                                                                                       ; yes                                                              ; yes                                        ;
; ordered_priority_queue_monolithic_sv:dut_i|ordered_priority_queue_monolithic_page_allocator:page_allocator_i|fetch_ticket_raw_q[1][115]                                                                                       ; yes                                                              ; yes                                        ;
; ordered_priority_queue_monolithic_sv:dut_i|ordered_priority_queue_monolithic_page_allocator:page_allocator_i|fetch_ticket_raw_q[0][114]                                                                                       ; yes                                                              ; yes                                        ;
; ordered_priority_queue_monolithic_sv:dut_i|ordered_priority_queue_monolithic_page_allocator:page_allocator_i|fetch_ticket_raw_q[1][114]                                                                                       ; yes                                                              ; yes                                        ;
; ordered_priority_queue_monolithic_sv:dut_i|ordered_priority_queue_monolithic_page_allocator:page_allocator_i|fetch_ticket_raw_q[0][113]                                                                                       ; yes                                                              ; yes                                        ;
; ordered_priority_queue_monolithic_sv:dut_i|ordered_priority_queue_monolithic_page_allocator:page_allocator_i|fetch_ticket_raw_q[1][113]                                                                                       ; yes                                                              ; yes                                        ;
; ordered_priority_queue_monolithic_sv:dut_i|ordered_priority_queue_monolithic_page_allocator:page_allocator_i|fetch_ticket_raw_q[0][112]                                                                                       ; yes                                                              ; yes                                        ;
; ordered_priority_queue_monolithic_sv:dut_i|ordered_priority_queue_monolithic_page_allocator:page_allocator_i|fetch_ticket_raw_q[1][112]                                                                                       ; yes                                                              ; yes                                        ;
; ordered_priority_queue_monolithic_sv:dut_i|ordered_priority_queue_monolithic_page_allocator:page_allocator_i|fetch_ticket_raw_q[0][111]                                                                                       ; yes                                                              ; yes                                        ;
; ordered_priority_queue_monolithic_sv:dut_i|ordered_priority_queue_monolithic_page_allocator:page_allocator_i|fetch_ticket_raw_q[1][111]                                                                                       ; yes                                                              ; yes                                        ;
; ordered_priority_queue_monolithic_sv:dut_i|ordered_priority_queue_monolithic_page_allocator:page_allocator_i|fetch_ticket_raw_q[0][110]                                                                                       ; yes                                                              ; yes                                        ;
; ordered_priority_queue_monolithic_sv:dut_i|ordered_priority_queue_monolithic_page_allocator:page_allocator_i|fetch_ticket_raw_q[1][110]                                                                                       ; yes                                                              ; yes                                        ;
; ordered_priority_queue_monolithic_sv:dut_i|ordered_priority_queue_monolithic_page_allocator:page_allocator_i|fetch_ticket_raw_q[0][109]                                                                                       ; yes                                                              ; yes                                        ;
; ordered_priority_queue_monolithic_sv:dut_i|ordered_priority_queue_monolithic_page_allocator:page_allocator_i|fetch_ticket_raw_q[1][109]                                                                                       ; yes                                                              ; yes                                        ;
; ordered_priority_queue_monolithic_sv:dut_i|ordered_priority_queue_monolithic_page_allocator:page_allocator_i|fetch_ticket_raw_q[0][108]                                                                                       ; yes                                                              ; yes                                        ;
; ordered_priority_queue_monolithic_sv:dut_i|ordered_priority_queue_monolithic_page_allocator:page_allocator_i|fetch_ticket_raw_q[1][108]                                                                                       ; yes                                                              ; yes                                        ;
; ordered_priority_queue_monolithic_sv:dut_i|ordered_priority_queue_monolithic_page_allocator:page_allocator_i|fetch_ticket_raw_q[0][107]                                                                                       ; yes                                                              ; yes                                        ;
; ordered_priority_queue_monolithic_sv:dut_i|ordered_priority_queue_monolithic_page_allocator:page_allocator_i|fetch_ticket_raw_q[1][107]                                                                                       ; yes                                                              ; yes                                        ;
; ordered_priority_queue_monolithic_sv:dut_i|ordered_priority_queue_monolithic_page_allocator:page_allocator_i|fetch_ticket_raw_q[0][106]                                                                                       ; yes                                                              ; yes                                        ;
; ordered_priority_queue_monolithic_sv:dut_i|ordered_priority_queue_monolithic_page_allocator:page_allocator_i|fetch_ticket_raw_q[1][106]                                                                                       ; yes                                                              ; yes                                        ;
; ordered_priority_queue_monolithic_sv:dut_i|ordered_priority_queue_monolithic_page_allocator:page_allocator_i|fetch_ticket_raw_q[0][105]                                                                                       ; yes                                                              ; yes                                        ;
; ordered_priority_queue_monolithic_sv:dut_i|ordered_priority_queue_monolithic_page_allocator:page_allocator_i|fetch_ticket_raw_q[1][105]                                                                                       ; yes                                                              ; yes                                        ;
; ordered_priority_queue_monolithic_sv:dut_i|ordered_priority_queue_monolithic_page_allocator:page_allocator_i|fetch_ticket_raw_q[0][104]                                                                                       ; yes                                                              ; yes                                        ;
; ordered_priority_queue_monolithic_sv:dut_i|ordered_priority_queue_monolithic_page_allocator:page_allocator_i|fetch_ticket_raw_q[1][104]                                                                                       ; yes                                                              ; yes                                        ;
; ordered_priority_queue_monolithic_sv:dut_i|ordered_priority_queue_monolithic_page_allocator:page_allocator_i|fetch_ticket_raw_q[0][103]                                                                                       ; yes                                                              ; yes                                        ;
; ordered_priority_queue_monolithic_sv:dut_i|ordered_priority_queue_monolithic_page_allocator:page_allocator_i|fetch_ticket_raw_q[1][103]                                                                                       ; yes                                                              ; yes                                        ;
; ordered_priority_queue_monolithic_sv:dut_i|ordered_priority_queue_monolithic_page_allocator:page_allocator_i|fetch_ticket_raw_q[0][102]                                                                                       ; yes                                                              ; yes                                        ;
; ordered_priority_queue_monolithic_sv:dut_i|ordered_priority_queue_monolithic_page_allocator:page_allocator_i|fetch_ticket_raw_q[1][102]                                                                                       ; yes                                                              ; yes                                        ;
; ordered_priority_queue_monolithic_sv:dut_i|ordered_priority_queue_monolithic_page_allocator:page_allocator_i|fetch_ticket_raw_q[0][101]                                                                                       ; yes                                                              ; yes                                        ;
; ordered_priority_queue_monolithic_sv:dut_i|ordered_priority_queue_monolithic_page_allocator:page_allocator_i|fetch_ticket_raw_q[1][101]                                                                                       ; yes                                                              ; yes                                        ;
; ordered_priority_queue_monolithic_sv:dut_i|ordered_priority_queue_monolithic_page_allocator:page_allocator_i|fetch_ticket_raw_q[0][100]                                                                                       ; yes                                                              ; yes                                        ;
; ordered_priority_queue_monolithic_sv:dut_i|ordered_priority_queue_monolithic_page_allocator:page_allocator_i|fetch_ticket_raw_q[1][100]                                                                                       ; yes                                                              ; yes                                        ;
; ordered_priority_queue_monolithic_sv:dut_i|ordered_priority_queue_monolithic_page_allocator:page_allocator_i|fetch_ticket_raw_q[0][99]                                                                                        ; yes                                                              ; yes                                        ;
; ordered_priority_queue_monolithic_sv:dut_i|ordered_priority_queue_monolithic_page_allocator:page_allocator_i|fetch_ticket_raw_q[1][99]                                                                                        ; yes                                                              ; yes                                        ;
; ordered_priority_queue_monolithic_sv:dut_i|ordered_priority_queue_monolithic_page_allocator:page_allocator_i|fetch_ticket_raw_q[0][98]                                                                                        ; yes                                                              ; yes                                        ;
; ordered_priority_queue_monolithic_sv:dut_i|ordered_priority_queue_monolithic_page_allocator:page_allocator_i|fetch_ticket_raw_q[1][98]                                                                                        ; yes                                                              ; yes                                        ;
; ordered_priority_queue_monolithic_sv:dut_i|ordered_priority_queue_monolithic_page_allocator:page_allocator_i|fetch_ticket_raw_q[0][97]                                                                                        ; yes                                                              ; yes                                        ;
; ordered_priority_queue_monolithic_sv:dut_i|ordered_priority_queue_monolithic_page_allocator:page_allocator_i|fetch_ticket_raw_q[1][97]                                                                                        ; yes                                                              ; yes                                        ;
; ordered_priority_queue_monolithic_sv:dut_i|ordered_priority_queue_monolithic_page_allocator:page_allocator_i|fetch_ticket_raw_q[0][96]                                                                                        ; yes                                                              ; yes                                        ;
; ordered_priority_queue_monolithic_sv:dut_i|ordered_priority_queue_monolithic_page_allocator:page_allocator_i|fetch_ticket_raw_q[1][96]                                                                                        ; yes                                                              ; yes                                        ;
; ordered_priority_queue_monolithic_sv:dut_i|ordered_priority_queue_monolithic_page_allocator:page_allocator_i|fetch_ticket_raw_q[0][95]                                                                                        ; yes                                                              ; yes                                        ;
; ordered_priority_queue_monolithic_sv:dut_i|ordered_priority_queue_monolithic_page_allocator:page_allocator_i|fetch_ticket_raw_q[1][95]                                                                                        ; yes                                                              ; yes                                        ;
; ordered_priority_queue_monolithic_sv:dut_i|ordered_priority_queue_monolithic_page_allocator:page_allocator_i|fetch_ticket_raw_q[0][94]                                                                                        ; yes                                                              ; yes                                        ;
; ordered_priority_queue_monolithic_sv:dut_i|ordered_priority_queue_monolithic_page_allocator:page_allocator_i|fetch_ticket_raw_q[1][94]                                                                                        ; yes                                                              ; yes                                        ;
; ordered_priority_queue_monolithic_sv:dut_i|ordered_priority_queue_monolithic_page_allocator:page_allocator_i|fetch_ticket_raw_q[0][93]                                                                                        ; yes                                                              ; yes                                        ;
; ordered_priority_queue_monolithic_sv:dut_i|ordered_priority_queue_monolithic_page_allocator:page_allocator_i|fetch_ticket_raw_q[1][93]                                                                                        ; yes                                                              ; yes                                        ;
; ordered_priority_queue_monolithic_sv:dut_i|ordered_priority_queue_monolithic_page_allocator:page_allocator_i|fetch_ticket_raw_q[0][92]                                                                                        ; yes                                                              ; yes                                        ;
; ordered_priority_queue_monolithic_sv:dut_i|ordered_priority_queue_monolithic_page_allocator:page_allocator_i|fetch_ticket_raw_q[1][92]                                                                                        ; yes                                                              ; yes                                        ;
; ordered_priority_queue_monolithic_sv:dut_i|ordered_priority_queue_monolithic_page_allocator:page_allocator_i|fetch_ticket_raw_q[0][91]                                                                                        ; yes                                                              ; yes                                        ;
; ordered_priority_queue_monolithic_sv:dut_i|ordered_priority_queue_monolithic_page_allocator:page_allocator_i|fetch_ticket_raw_q[1][91]                                                                                        ; yes                                                              ; yes                                        ;
; ordered_priority_queue_monolithic_sv:dut_i|ordered_priority_queue_monolithic_page_allocator:page_allocator_i|fetch_ticket_raw_q[0][90]                                                                                        ; yes                                                              ; yes                                        ;
; ordered_priority_queue_monolithic_sv:dut_i|ordered_priority_queue_monolithic_page_allocator:page_allocator_i|fetch_ticket_raw_q[1][90]                                                                                        ; yes                                                              ; yes                                        ;
; ordered_priority_queue_monolithic_sv:dut_i|ordered_priority_queue_monolithic_page_allocator:page_allocator_i|fetch_ticket_raw_q[0][89]                                                                                        ; yes                                                              ; yes                                        ;
; ordered_priority_queue_monolithic_sv:dut_i|ordered_priority_queue_monolithic_page_allocator:page_allocator_i|fetch_ticket_raw_q[1][89]                                                                                        ; yes                                                              ; yes                                        ;
; ordered_priority_queue_monolithic_sv:dut_i|ordered_priority_queue_monolithic_page_allocator:page_allocator_i|fetch_ticket_raw_q[0][88]                                                                                        ; yes                                                              ; yes                                        ;
; ordered_priority_queue_monolithic_sv:dut_i|ordered_priority_queue_monolithic_page_allocator:page_allocator_i|fetch_ticket_raw_q[1][88]                                                                                        ; yes                                                              ; yes                                        ;
; ordered_priority_queue_monolithic_sv:dut_i|ordered_priority_queue_monolithic_page_allocator:page_allocator_i|fetch_ticket_raw_q[0][87]                                                                                        ; yes                                                              ; yes                                        ;
; ordered_priority_queue_monolithic_sv:dut_i|ordered_priority_queue_monolithic_page_allocator:page_allocator_i|fetch_ticket_raw_q[1][87]                                                                                        ; yes                                                              ; yes                                        ;
; ordered_priority_queue_monolithic_sv:dut_i|ordered_priority_queue_monolithic_page_allocator:page_allocator_i|fetch_ticket_raw_q[0][86]                                                                                        ; yes                                                              ; yes                                        ;
; ordered_priority_queue_monolithic_sv:dut_i|ordered_priority_queue_monolithic_page_allocator:page_allocator_i|fetch_ticket_raw_q[1][86]                                                                                        ; yes                                                              ; yes                                        ;
; ordered_priority_queue_monolithic_sv:dut_i|ordered_priority_queue_monolithic_page_allocator:page_allocator_i|fetch_ticket_raw_q[0][85]                                                                                        ; yes                                                              ; yes                                        ;
; ordered_priority_queue_monolithic_sv:dut_i|ordered_priority_queue_monolithic_page_allocator:page_allocator_i|fetch_ticket_raw_q[1][85]                                                                                        ; yes                                                              ; yes                                        ;
; ordered_priority_queue_monolithic_sv:dut_i|ordered_priority_queue_monolithic_page_allocator:page_allocator_i|fetch_ticket_raw_q[0][84]                                                                                        ; yes                                                              ; yes                                        ;
; ordered_priority_queue_monolithic_sv:dut_i|ordered_priority_queue_monolithic_page_allocator:page_allocator_i|fetch_ticket_raw_q[1][84]                                                                                        ; yes                                                              ; yes                                        ;
; ordered_priority_queue_monolithic_sv:dut_i|ordered_priority_queue_monolithic_page_allocator:page_allocator_i|fetch_ticket_raw_q[0][83]                                                                                        ; yes                                                              ; yes                                        ;
; ordered_priority_queue_monolithic_sv:dut_i|ordered_priority_queue_monolithic_page_allocator:page_allocator_i|fetch_ticket_raw_q[1][83]                                                                                        ; yes                                                              ; yes                                        ;
; ordered_priority_queue_monolithic_sv:dut_i|ordered_priority_queue_monolithic_page_allocator:page_allocator_i|fetch_ticket_raw_q[0][82]                                                                                        ; yes                                                              ; yes                                        ;
; ordered_priority_queue_monolithic_sv:dut_i|ordered_priority_queue_monolithic_page_allocator:page_allocator_i|fetch_ticket_raw_q[1][82]                                                                                        ; yes                                                              ; yes                                        ;
; ordered_priority_queue_monolithic_sv:dut_i|ordered_priority_queue_monolithic_page_allocator:page_allocator_i|fetch_ticket_raw_q[0][81]                                                                                        ; yes                                                              ; yes                                        ;
; ordered_priority_queue_monolithic_sv:dut_i|ordered_priority_queue_monolithic_page_allocator:page_allocator_i|fetch_ticket_raw_q[1][81]                                                                                        ; yes                                                              ; yes                                        ;
; ordered_priority_queue_monolithic_sv:dut_i|ordered_priority_queue_monolithic_page_allocator:page_allocator_i|fetch_ticket_raw_q[0][80]                                                                                        ; yes                                                              ; yes                                        ;
; ordered_priority_queue_monolithic_sv:dut_i|ordered_priority_queue_monolithic_page_allocator:page_allocator_i|fetch_ticket_raw_q[1][80]                                                                                        ; yes                                                              ; yes                                        ;
; ordered_priority_queue_monolithic_sv:dut_i|ordered_priority_queue_monolithic_page_allocator:page_allocator_i|fetch_ticket_raw_q[0][79]                                                                                        ; yes                                                              ; yes                                        ;
; ordered_priority_queue_monolithic_sv:dut_i|ordered_priority_queue_monolithic_page_allocator:page_allocator_i|fetch_ticket_raw_q[1][79]                                                                                        ; yes                                                              ; yes                                        ;
; ordered_priority_queue_monolithic_sv:dut_i|ordered_priority_queue_monolithic_page_allocator:page_allocator_i|fetch_ticket_raw_q[0][78]                                                                                        ; yes                                                              ; yes                                        ;
; ordered_priority_queue_monolithic_sv:dut_i|ordered_priority_queue_monolithic_page_allocator:page_allocator_i|fetch_ticket_raw_q[1][78]                                                                                        ; yes                                                              ; yes                                        ;
; ordered_priority_queue_monolithic_sv:dut_i|ordered_priority_queue_monolithic_page_allocator:page_allocator_i|fetch_ticket_raw_q[0][77]                                                                                        ; yes                                                              ; yes                                        ;
; ordered_priority_queue_monolithic_sv:dut_i|ordered_priority_queue_monolithic_page_allocator:page_allocator_i|fetch_ticket_raw_q[1][77]                                                                                        ; yes                                                              ; yes                                        ;
; ordered_priority_queue_monolithic_sv:dut_i|ordered_priority_queue_monolithic_page_allocator:page_allocator_i|fetch_ticket_raw_q[0][76]                                                                                        ; yes                                                              ; yes                                        ;
; ordered_priority_queue_monolithic_sv:dut_i|ordered_priority_queue_monolithic_page_allocator:page_allocator_i|fetch_ticket_raw_q[1][76]                                                                                        ; yes                                                              ; yes                                        ;
; ordered_priority_queue_monolithic_sv:dut_i|ordered_priority_queue_monolithic_page_allocator:page_allocator_i|fetch_ticket_raw_q[0][75]                                                                                        ; yes                                                              ; yes                                        ;
; ordered_priority_queue_monolithic_sv:dut_i|ordered_priority_queue_monolithic_page_allocator:page_allocator_i|fetch_ticket_raw_q[1][75]                                                                                        ; yes                                                              ; yes                                        ;
; ordered_priority_queue_monolithic_sv:dut_i|ordered_priority_queue_monolithic_page_allocator:page_allocator_i|fetch_ticket_raw_q[0][74]                                                                                        ; yes                                                              ; yes                                        ;
; ordered_priority_queue_monolithic_sv:dut_i|ordered_priority_queue_monolithic_page_allocator:page_allocator_i|fetch_ticket_raw_q[1][74]                                                                                        ; yes                                                              ; yes                                        ;
; ordered_priority_queue_monolithic_sv:dut_i|ordered_priority_queue_monolithic_page_allocator:page_allocator_i|fetch_ticket_raw_q[0][73]                                                                                        ; yes                                                              ; yes                                        ;
; ordered_priority_queue_monolithic_sv:dut_i|ordered_priority_queue_monolithic_page_allocator:page_allocator_i|fetch_ticket_raw_q[1][73]                                                                                        ; yes                                                              ; yes                                        ;
; ordered_priority_queue_monolithic_sv:dut_i|ordered_priority_queue_monolithic_page_allocator:page_allocator_i|fetch_ticket_raw_q[0][72]                                                                                        ; yes                                                              ; yes                                        ;
; ordered_priority_queue_monolithic_sv:dut_i|ordered_priority_queue_monolithic_page_allocator:page_allocator_i|fetch_ticket_raw_q[1][72]                                                                                        ; yes                                                              ; yes                                        ;
; ordered_priority_queue_monolithic_sv:dut_i|ordered_priority_queue_monolithic_page_allocator:page_allocator_i|fetch_ticket_raw_q[0][71]                                                                                        ; yes                                                              ; yes                                        ;
; ordered_priority_queue_monolithic_sv:dut_i|ordered_priority_queue_monolithic_page_allocator:page_allocator_i|fetch_ticket_raw_q[1][71]                                                                                        ; yes                                                              ; yes                                        ;
; ordered_priority_queue_monolithic_sv:dut_i|ordered_priority_queue_monolithic_page_allocator:page_allocator_i|fetch_ticket_raw_q[0][70]                                                                                        ; yes                                                              ; yes                                        ;
; ordered_priority_queue_monolithic_sv:dut_i|ordered_priority_queue_monolithic_page_allocator:page_allocator_i|fetch_ticket_raw_q[1][70]                                                                                        ; yes                                                              ; yes                                        ;
; ordered_priority_queue_monolithic_sv:dut_i|ordered_priority_queue_monolithic_ingress_parser:g_ingress_parser[0].ingress_parser_i|ingress_parser_state.INGRESS_PARSER_RESET                                                    ; no                                                               ; yes                                        ;
; ordered_priority_queue_monolithic_sv:dut_i|ordered_priority_queue_monolithic_ingress_parser:g_ingress_parser[0].ingress_parser_i|ingress_parser_state.INGRESS_PARSER_UPDATE_HEADER_TS                                         ; no                                                               ; yes                                        ;
; ordered_priority_queue_monolithic_sv:dut_i|ordered_priority_queue_monolithic_ingress_parser:g_ingress_parser[0].ingress_parser_i|ingress_parser_state.INGRESS_PARSER_WR_HITS                                                  ; no                                                               ; yes                                        ;
; ordered_priority_queue_monolithic_sv:dut_i|ordered_priority_queue_monolithic_ingress_parser:g_ingress_parser[0].ingress_parser_i|ingress_parser_state.INGRESS_PARSER_MASK_PKT                                                 ; no                                                               ; yes                                        ;
; ordered_priority_queue_monolithic_sv:dut_i|ordered_priority_queue_monolithic_ingress_parser:g_ingress_parser[0].ingress_parser_i|ingress_parser_state.INGRESS_PARSER_MASK_PKT_EXTENDED                                        ; no                                                               ; yes                                        ;
; ordered_priority_queue_monolithic_sv:dut_i|ordered_priority_queue_monolithic_ingress_parser:g_ingress_parser[0].ingress_parser_i|ingress_parser_state.INGRESS_PARSER_IDLE                                                     ; no                                                               ; yes                                        ;
; ordered_priority_queue_monolithic_sv:dut_i|ordered_priority_queue_monolithic_ingress_parser:g_ingress_parser[1].ingress_parser_i|ingress_parser_state.INGRESS_PARSER_WR_HITS                                                  ; no                                                               ; yes                                        ;
; ordered_priority_queue_monolithic_sv:dut_i|ordered_priority_queue_monolithic_ingress_parser:g_ingress_parser[1].ingress_parser_i|ingress_parser_state.INGRESS_PARSER_MASK_PKT                                                 ; no                                                               ; yes                                        ;
; ordered_priority_queue_monolithic_sv:dut_i|ordered_priority_queue_monolithic_ingress_parser:g_ingress_parser[1].ingress_parser_i|ingress_parser_state.INGRESS_PARSER_MASK_PKT_EXTENDED                                        ; no                                                               ; yes                                        ;
; ordered_priority_queue_monolithic_sv:dut_i|ordered_priority_queue_monolithic_ingress_parser:g_ingress_parser[1].ingress_parser_i|ingress_parser_state.INGRESS_PARSER_UPDATE_HEADER_TS                                         ; no                                                               ; yes                                        ;
; ordered_priority_queue_monolithic_sv:dut_i|ordered_priority_queue_monolithic_ingress_parser:g_ingress_parser[1].ingress_parser_i|ingress_parser_state.INGRESS_PARSER_IDLE                                                     ; no                                                               ; yes                                        ;
; ordered_priority_queue_monolithic_sv:dut_i|ordered_priority_queue_monolithic_ingress_parser:g_ingress_parser[1].ingress_parser_i|ingress_parser_state.INGRESS_PARSER_RESET                                                    ; no                                                               ; yes                                        ;
; ordered_priority_queue_monolithic_sv:dut_i|ordered_priority_queue_monolithic_block_path:block_path_i|arbiter_state.ARBITER_LOCKING                                                                                            ; no                                                               ; yes                                        ;
; ordered_priority_queue_monolithic_sv:dut_i|ordered_priority_queue_monolithic_block_path:block_path_i|arbiter_state.ARBITER_IDLE                                                                                               ; no                                                               ; yes                                        ;
; ordered_priority_queue_monolithic_sv:dut_i|ordered_priority_queue_monolithic_block_path:block_path_i|arbiter_state.ARBITER_RESET                                                                                              ; no                                                               ; yes                                        ;
; ordered_priority_queue_monolithic_sv:dut_i|ordered_priority_queue_monolithic_page_allocator:page_allocator_i|fetch_ticket_q[0].block_length[7]                                                                                ; yes                                                              ; yes                                        ;
; ordered_priority_queue_monolithic_sv:dut_i|ordered_priority_queue_monolithic_page_allocator:page_allocator_i|fetch_ticket_q[1].block_length[7]                                                                                ; yes                                                              ; yes                                        ;
; ordered_priority_queue_monolithic_sv:dut_i|ordered_priority_queue_monolithic_page_allocator:page_allocator_i|fetch_ticket_q[0].block_length[6]                                                                                ; yes                                                              ; yes                                        ;
; ordered_priority_queue_monolithic_sv:dut_i|ordered_priority_queue_monolithic_page_allocator:page_allocator_i|fetch_ticket_q[1].block_length[6]                                                                                ; yes                                                              ; yes                                        ;
; ordered_priority_queue_monolithic_sv:dut_i|ordered_priority_queue_monolithic_page_allocator:page_allocator_i|fetch_ticket_q[0].block_length[5]                                                                                ; yes                                                              ; yes                                        ;
; ordered_priority_queue_monolithic_sv:dut_i|ordered_priority_queue_monolithic_page_allocator:page_allocator_i|fetch_ticket_q[1].block_length[5]                                                                                ; yes                                                              ; yes                                        ;
; ordered_priority_queue_monolithic_sv:dut_i|ordered_priority_queue_monolithic_page_allocator:page_allocator_i|fetch_ticket_q[0].block_length[4]                                                                                ; yes                                                              ; yes                                        ;
; ordered_priority_queue_monolithic_sv:dut_i|ordered_priority_queue_monolithic_page_allocator:page_allocator_i|fetch_ticket_q[1].block_length[4]                                                                                ; yes                                                              ; yes                                        ;
; ordered_priority_queue_monolithic_sv:dut_i|ordered_priority_queue_monolithic_page_allocator:page_allocator_i|fetch_ticket_q[0].block_length[3]                                                                                ; yes                                                              ; yes                                        ;
; ordered_priority_queue_monolithic_sv:dut_i|ordered_priority_queue_monolithic_page_allocator:page_allocator_i|fetch_ticket_q[1].block_length[3]                                                                                ; yes                                                              ; yes                                        ;
; ordered_priority_queue_monolithic_sv:dut_i|ordered_priority_queue_monolithic_page_allocator:page_allocator_i|fetch_ticket_q[0].block_length[2]                                                                                ; yes                                                              ; yes                                        ;
; ordered_priority_queue_monolithic_sv:dut_i|ordered_priority_queue_monolithic_page_allocator:page_allocator_i|fetch_ticket_q[1].block_length[2]                                                                                ; yes                                                              ; yes                                        ;
; ordered_priority_queue_monolithic_sv:dut_i|ordered_priority_queue_monolithic_page_allocator:page_allocator_i|fetch_ticket_q[0].block_length[1]                                                                                ; yes                                                              ; yes                                        ;
; ordered_priority_queue_monolithic_sv:dut_i|ordered_priority_queue_monolithic_page_allocator:page_allocator_i|fetch_ticket_q[1].block_length[1]                                                                                ; yes                                                              ; yes                                        ;
; ordered_priority_queue_monolithic_sv:dut_i|ordered_priority_queue_monolithic_page_allocator:page_allocator_i|fetch_ticket_q[0].block_length[0]                                                                                ; yes                                                              ; yes                                        ;
; ordered_priority_queue_monolithic_sv:dut_i|ordered_priority_queue_monolithic_page_allocator:page_allocator_i|fetch_ticket_q[1].block_length[0]                                                                                ; yes                                                              ; yes                                        ;
; ordered_priority_queue_monolithic_sv:dut_i|ordered_priority_queue_monolithic_page_allocator:page_allocator_i|fetch_pending_q[1]                                                                                               ; yes                                                              ; yes                                        ;
; ordered_priority_queue_monolithic_sv:dut_i|ordered_priority_queue_monolithic_page_allocator:page_allocator_i|fetch_ticket_raw_q[1][119]                                                                                       ; yes                                                              ; yes                                        ;
; ordered_priority_queue_monolithic_sv:dut_i|ordered_priority_queue_monolithic_page_allocator:page_allocator_i|fetch_pending_q[0]                                                                                               ; yes                                                              ; yes                                        ;
; ordered_priority_queue_monolithic_sv:dut_i|ordered_priority_queue_monolithic_page_allocator:page_allocator_i|fetch_ticket_raw_q[0][119]                                                                                       ; yes                                                              ; yes                                        ;
; ordered_priority_queue_monolithic_sv:dut_i|ordered_priority_queue_monolithic_page_allocator:page_allocator_i|fetch_ticket_raw_q[1][0]                                                                                         ; yes                                                              ; yes                                        ;
; ordered_priority_queue_monolithic_sv:dut_i|ordered_priority_queue_monolithic_page_allocator:page_allocator_i|fetch_ticket_raw_q[1][1]                                                                                         ; yes                                                              ; yes                                        ;
; ordered_priority_queue_monolithic_sv:dut_i|ordered_priority_queue_monolithic_page_allocator:page_allocator_i|fetch_ticket_raw_q[1][2]                                                                                         ; yes                                                              ; yes                                        ;
; ordered_priority_queue_monolithic_sv:dut_i|ordered_priority_queue_monolithic_page_allocator:page_allocator_i|fetch_ticket_raw_q[1][3]                                                                                         ; yes                                                              ; yes                                        ;
; ordered_priority_queue_monolithic_sv:dut_i|ordered_priority_queue_monolithic_page_allocator:page_allocator_i|fetch_ticket_raw_q[1][4]                                                                                         ; yes                                                              ; yes                                        ;
; ordered_priority_queue_monolithic_sv:dut_i|ordered_priority_queue_monolithic_page_allocator:page_allocator_i|fetch_ticket_raw_q[1][5]                                                                                         ; yes                                                              ; yes                                        ;
; ordered_priority_queue_monolithic_sv:dut_i|ordered_priority_queue_monolithic_page_allocator:page_allocator_i|fetch_ticket_raw_q[1][6]                                                                                         ; yes                                                              ; yes                                        ;
; ordered_priority_queue_monolithic_sv:dut_i|ordered_priority_queue_monolithic_page_allocator:page_allocator_i|fetch_ticket_raw_q[1][7]                                                                                         ; yes                                                              ; yes                                        ;
; ordered_priority_queue_monolithic_sv:dut_i|ordered_priority_queue_monolithic_page_allocator:page_allocator_i|fetch_ticket_raw_q[1][8]                                                                                         ; yes                                                              ; yes                                        ;
; ordered_priority_queue_monolithic_sv:dut_i|ordered_priority_queue_monolithic_page_allocator:page_allocator_i|fetch_ticket_raw_q[1][9]                                                                                         ; yes                                                              ; yes                                        ;
; ordered_priority_queue_monolithic_sv:dut_i|ordered_priority_queue_monolithic_page_allocator:page_allocator_i|fetch_ticket_raw_q[1][10]                                                                                        ; yes                                                              ; yes                                        ;
; ordered_priority_queue_monolithic_sv:dut_i|ordered_priority_queue_monolithic_page_allocator:page_allocator_i|fetch_ticket_raw_q[1][11]                                                                                        ; yes                                                              ; yes                                        ;
; ordered_priority_queue_monolithic_sv:dut_i|ordered_priority_queue_monolithic_page_allocator:page_allocator_i|fetch_ticket_raw_q[1][12]                                                                                        ; yes                                                              ; yes                                        ;
; ordered_priority_queue_monolithic_sv:dut_i|ordered_priority_queue_monolithic_page_allocator:page_allocator_i|fetch_ticket_raw_q[1][13]                                                                                        ; yes                                                              ; yes                                        ;
; ordered_priority_queue_monolithic_sv:dut_i|ordered_priority_queue_monolithic_page_allocator:page_allocator_i|fetch_ticket_raw_q[1][14]                                                                                        ; yes                                                              ; yes                                        ;
; ordered_priority_queue_monolithic_sv:dut_i|ordered_priority_queue_monolithic_page_allocator:page_allocator_i|fetch_ticket_raw_q[1][15]                                                                                        ; yes                                                              ; yes                                        ;
; ordered_priority_queue_monolithic_sv:dut_i|ordered_priority_queue_monolithic_page_allocator:page_allocator_i|fetch_ticket_raw_q[0][0]                                                                                         ; yes                                                              ; yes                                        ;
; ordered_priority_queue_monolithic_sv:dut_i|ordered_priority_queue_monolithic_page_allocator:page_allocator_i|fetch_ticket_raw_q[0][1]                                                                                         ; yes                                                              ; yes                                        ;
; ordered_priority_queue_monolithic_sv:dut_i|ordered_priority_queue_monolithic_page_allocator:page_allocator_i|fetch_ticket_raw_q[0][2]                                                                                         ; yes                                                              ; yes                                        ;
; ordered_priority_queue_monolithic_sv:dut_i|ordered_priority_queue_monolithic_page_allocator:page_allocator_i|fetch_ticket_raw_q[0][3]                                                                                         ; yes                                                              ; yes                                        ;
; ordered_priority_queue_monolithic_sv:dut_i|ordered_priority_queue_monolithic_page_allocator:page_allocator_i|fetch_ticket_raw_q[0][4]                                                                                         ; yes                                                              ; yes                                        ;
; ordered_priority_queue_monolithic_sv:dut_i|ordered_priority_queue_monolithic_page_allocator:page_allocator_i|fetch_ticket_raw_q[0][5]                                                                                         ; yes                                                              ; yes                                        ;
; ordered_priority_queue_monolithic_sv:dut_i|ordered_priority_queue_monolithic_page_allocator:page_allocator_i|fetch_ticket_raw_q[0][6]                                                                                         ; yes                                                              ; yes                                        ;
; ordered_priority_queue_monolithic_sv:dut_i|ordered_priority_queue_monolithic_page_allocator:page_allocator_i|fetch_ticket_raw_q[0][7]                                                                                         ; yes                                                              ; yes                                        ;
; ordered_priority_queue_monolithic_sv:dut_i|ordered_priority_queue_monolithic_page_allocator:page_allocator_i|fetch_ticket_raw_q[0][8]                                                                                         ; yes                                                              ; yes                                        ;
; ordered_priority_queue_monolithic_sv:dut_i|ordered_priority_queue_monolithic_page_allocator:page_allocator_i|fetch_ticket_raw_q[0][9]                                                                                         ; yes                                                              ; yes                                        ;
; ordered_priority_queue_monolithic_sv:dut_i|ordered_priority_queue_monolithic_page_allocator:page_allocator_i|fetch_ticket_raw_q[0][10]                                                                                        ; yes                                                              ; yes                                        ;
; ordered_priority_queue_monolithic_sv:dut_i|ordered_priority_queue_monolithic_page_allocator:page_allocator_i|fetch_ticket_raw_q[0][11]                                                                                        ; yes                                                              ; yes                                        ;
; ordered_priority_queue_monolithic_sv:dut_i|ordered_priority_queue_monolithic_page_allocator:page_allocator_i|fetch_ticket_raw_q[0][12]                                                                                        ; yes                                                              ; yes                                        ;
; ordered_priority_queue_monolithic_sv:dut_i|ordered_priority_queue_monolithic_page_allocator:page_allocator_i|fetch_ticket_raw_q[0][13]                                                                                        ; yes                                                              ; yes                                        ;
; ordered_priority_queue_monolithic_sv:dut_i|ordered_priority_queue_monolithic_page_allocator:page_allocator_i|fetch_ticket_raw_q[0][14]                                                                                        ; yes                                                              ; yes                                        ;
; ordered_priority_queue_monolithic_sv:dut_i|ordered_priority_queue_monolithic_page_allocator:page_allocator_i|fetch_ticket_raw_q[0][15]                                                                                        ; yes                                                              ; yes                                        ;
; ordered_priority_queue_monolithic_sv:dut_i|ordered_priority_queue_monolithic_page_allocator:page_allocator_i|fetch_tk_sop_q[0]                                                                                                ; yes                                                              ; yes                                        ;
; ordered_priority_queue_monolithic_sv:dut_i|ordered_priority_queue_monolithic_page_allocator:page_allocator_i|fetch_tk_past_q[0]                                                                                               ; yes                                                              ; yes                                        ;
; ordered_priority_queue_monolithic_sv:dut_i|ordered_priority_queue_monolithic_page_allocator:page_allocator_i|fetch_tk_sop_q[1]                                                                                                ; yes                                                              ; yes                                        ;
; ordered_priority_queue_monolithic_sv:dut_i|ordered_priority_queue_monolithic_page_allocator:page_allocator_i|fetch_tk_past_q[1]                                                                                               ; yes                                                              ; yes                                        ;
; ordered_priority_queue_monolithic_sv:dut_i|ordered_priority_queue_monolithic_page_allocator:page_allocator_i|fetch_tk_future_q[1]                                                                                             ; yes                                                              ; yes                                        ;
; ordered_priority_queue_monolithic_sv:dut_i|ordered_priority_queue_monolithic_page_allocator:page_allocator_i|fetch_tk_curr_q[1]                                                                                               ; yes                                                              ; yes                                        ;
; ordered_priority_queue_monolithic_sv:dut_i|ordered_priority_queue_monolithic_page_allocator:page_allocator_i|fetch_tk_future_q[0]                                                                                             ; yes                                                              ; yes                                        ;
; ordered_priority_queue_monolithic_sv:dut_i|ordered_priority_queue_monolithic_page_allocator:page_allocator_i|fetch_tk_curr_q[0]                                                                                               ; yes                                                              ; yes                                        ;
; ordered_priority_queue_monolithic_sv:dut_i|ordered_priority_queue_monolithic_page_allocator:page_allocator_i|fetch_ticket_q[0].ticket_ts[47]                                                                                  ; yes                                                              ; yes                                        ;
; ordered_priority_queue_monolithic_sv:dut_i|ordered_priority_queue_monolithic_page_allocator:page_allocator_i|fetch_ticket_q[0].ticket_ts[46]                                                                                  ; yes                                                              ; yes                                        ;
; ordered_priority_queue_monolithic_sv:dut_i|ordered_priority_queue_monolithic_page_allocator:page_allocator_i|fetch_ticket_q[0].ticket_ts[45]                                                                                  ; yes                                                              ; yes                                        ;
; ordered_priority_queue_monolithic_sv:dut_i|ordered_priority_queue_monolithic_page_allocator:page_allocator_i|fetch_ticket_q[0].ticket_ts[44]                                                                                  ; yes                                                              ; yes                                        ;
; ordered_priority_queue_monolithic_sv:dut_i|ordered_priority_queue_monolithic_page_allocator:page_allocator_i|fetch_ticket_q[0].ticket_ts[43]                                                                                  ; yes                                                              ; yes                                        ;
; ordered_priority_queue_monolithic_sv:dut_i|ordered_priority_queue_monolithic_page_allocator:page_allocator_i|fetch_ticket_q[0].ticket_ts[42]                                                                                  ; yes                                                              ; yes                                        ;
; ordered_priority_queue_monolithic_sv:dut_i|ordered_priority_queue_monolithic_page_allocator:page_allocator_i|fetch_ticket_q[0].ticket_ts[41]                                                                                  ; yes                                                              ; yes                                        ;
; ordered_priority_queue_monolithic_sv:dut_i|ordered_priority_queue_monolithic_page_allocator:page_allocator_i|fetch_ticket_q[0].ticket_ts[40]                                                                                  ; yes                                                              ; yes                                        ;
; ordered_priority_queue_monolithic_sv:dut_i|ordered_priority_queue_monolithic_page_allocator:page_allocator_i|fetch_ticket_q[0].ticket_ts[39]                                                                                  ; yes                                                              ; yes                                        ;
; ordered_priority_queue_monolithic_sv:dut_i|ordered_priority_queue_monolithic_page_allocator:page_allocator_i|fetch_ticket_q[0].ticket_ts[38]                                                                                  ; yes                                                              ; yes                                        ;
; ordered_priority_queue_monolithic_sv:dut_i|ordered_priority_queue_monolithic_page_allocator:page_allocator_i|fetch_ticket_q[0].ticket_ts[37]                                                                                  ; yes                                                              ; yes                                        ;
; ordered_priority_queue_monolithic_sv:dut_i|ordered_priority_queue_monolithic_page_allocator:page_allocator_i|fetch_ticket_q[0].ticket_ts[36]                                                                                  ; yes                                                              ; yes                                        ;
; ordered_priority_queue_monolithic_sv:dut_i|ordered_priority_queue_monolithic_page_allocator:page_allocator_i|fetch_ticket_q[0].ticket_ts[35]                                                                                  ; yes                                                              ; yes                                        ;
; ordered_priority_queue_monolithic_sv:dut_i|ordered_priority_queue_monolithic_page_allocator:page_allocator_i|fetch_ticket_q[0].ticket_ts[34]                                                                                  ; yes                                                              ; yes                                        ;
; ordered_priority_queue_monolithic_sv:dut_i|ordered_priority_queue_monolithic_page_allocator:page_allocator_i|fetch_ticket_q[0].ticket_ts[33]                                                                                  ; yes                                                              ; yes                                        ;
; ordered_priority_queue_monolithic_sv:dut_i|ordered_priority_queue_monolithic_page_allocator:page_allocator_i|fetch_ticket_q[0].ticket_ts[32]                                                                                  ; yes                                                              ; yes                                        ;
; ordered_priority_queue_monolithic_sv:dut_i|ordered_priority_queue_monolithic_page_allocator:page_allocator_i|fetch_ticket_q[0].ticket_ts[31]                                                                                  ; yes                                                              ; yes                                        ;
; ordered_priority_queue_monolithic_sv:dut_i|ordered_priority_queue_monolithic_page_allocator:page_allocator_i|fetch_ticket_q[0].ticket_ts[30]                                                                                  ; yes                                                              ; yes                                        ;
; ordered_priority_queue_monolithic_sv:dut_i|ordered_priority_queue_monolithic_page_allocator:page_allocator_i|fetch_ticket_q[0].ticket_ts[29]                                                                                  ; yes                                                              ; yes                                        ;
; ordered_priority_queue_monolithic_sv:dut_i|ordered_priority_queue_monolithic_page_allocator:page_allocator_i|fetch_ticket_q[0].ticket_ts[28]                                                                                  ; yes                                                              ; yes                                        ;
; ordered_priority_queue_monolithic_sv:dut_i|ordered_priority_queue_monolithic_page_allocator:page_allocator_i|fetch_ticket_q[0].ticket_ts[27]                                                                                  ; yes                                                              ; yes                                        ;
; ordered_priority_queue_monolithic_sv:dut_i|ordered_priority_queue_monolithic_page_allocator:page_allocator_i|fetch_ticket_q[0].ticket_ts[26]                                                                                  ; yes                                                              ; yes                                        ;
; ordered_priority_queue_monolithic_sv:dut_i|ordered_priority_queue_monolithic_page_allocator:page_allocator_i|fetch_ticket_q[0].ticket_ts[25]                                                                                  ; yes                                                              ; yes                                        ;
; ordered_priority_queue_monolithic_sv:dut_i|ordered_priority_queue_monolithic_page_allocator:page_allocator_i|fetch_ticket_q[0].ticket_ts[24]                                                                                  ; yes                                                              ; yes                                        ;
; ordered_priority_queue_monolithic_sv:dut_i|ordered_priority_queue_monolithic_page_allocator:page_allocator_i|fetch_ticket_q[0].ticket_ts[23]                                                                                  ; yes                                                              ; yes                                        ;
; ordered_priority_queue_monolithic_sv:dut_i|ordered_priority_queue_monolithic_page_allocator:page_allocator_i|fetch_ticket_q[0].ticket_ts[22]                                                                                  ; yes                                                              ; yes                                        ;
; ordered_priority_queue_monolithic_sv:dut_i|ordered_priority_queue_monolithic_page_allocator:page_allocator_i|fetch_ticket_q[0].ticket_ts[21]                                                                                  ; yes                                                              ; yes                                        ;
; ordered_priority_queue_monolithic_sv:dut_i|ordered_priority_queue_monolithic_page_allocator:page_allocator_i|fetch_ticket_q[0].ticket_ts[20]                                                                                  ; yes                                                              ; yes                                        ;
; ordered_priority_queue_monolithic_sv:dut_i|ordered_priority_queue_monolithic_page_allocator:page_allocator_i|fetch_ticket_q[0].ticket_ts[19]                                                                                  ; yes                                                              ; yes                                        ;
; ordered_priority_queue_monolithic_sv:dut_i|ordered_priority_queue_monolithic_page_allocator:page_allocator_i|fetch_ticket_q[0].ticket_ts[18]                                                                                  ; yes                                                              ; yes                                        ;
; ordered_priority_queue_monolithic_sv:dut_i|ordered_priority_queue_monolithic_page_allocator:page_allocator_i|fetch_ticket_q[0].ticket_ts[17]                                                                                  ; yes                                                              ; yes                                        ;
; ordered_priority_queue_monolithic_sv:dut_i|ordered_priority_queue_monolithic_page_allocator:page_allocator_i|fetch_ticket_q[0].ticket_ts[16]                                                                                  ; yes                                                              ; yes                                        ;
; ordered_priority_queue_monolithic_sv:dut_i|ordered_priority_queue_monolithic_page_allocator:page_allocator_i|fetch_ticket_q[0].ticket_ts[15]                                                                                  ; yes                                                              ; yes                                        ;
; ordered_priority_queue_monolithic_sv:dut_i|ordered_priority_queue_monolithic_page_allocator:page_allocator_i|fetch_ticket_q[0].ticket_ts[14]                                                                                  ; yes                                                              ; yes                                        ;
; ordered_priority_queue_monolithic_sv:dut_i|ordered_priority_queue_monolithic_page_allocator:page_allocator_i|fetch_ticket_q[0].ticket_ts[13]                                                                                  ; yes                                                              ; yes                                        ;
; ordered_priority_queue_monolithic_sv:dut_i|ordered_priority_queue_monolithic_page_allocator:page_allocator_i|fetch_ticket_q[0].ticket_ts[12]                                                                                  ; yes                                                              ; yes                                        ;
; ordered_priority_queue_monolithic_sv:dut_i|ordered_priority_queue_monolithic_page_allocator:page_allocator_i|fetch_ticket_q[0].ticket_ts[11]                                                                                  ; yes                                                              ; yes                                        ;
; ordered_priority_queue_monolithic_sv:dut_i|ordered_priority_queue_monolithic_page_allocator:page_allocator_i|fetch_ticket_q[0].ticket_ts[10]                                                                                  ; yes                                                              ; yes                                        ;
; ordered_priority_queue_monolithic_sv:dut_i|ordered_priority_queue_monolithic_page_allocator:page_allocator_i|fetch_ticket_q[0].ticket_ts[9]                                                                                   ; yes                                                              ; yes                                        ;
; ordered_priority_queue_monolithic_sv:dut_i|ordered_priority_queue_monolithic_page_allocator:page_allocator_i|fetch_ticket_q[0].ticket_ts[8]                                                                                   ; yes                                                              ; yes                                        ;
; ordered_priority_queue_monolithic_sv:dut_i|ordered_priority_queue_monolithic_page_allocator:page_allocator_i|fetch_ticket_q[0].ticket_ts[7]                                                                                   ; yes                                                              ; yes                                        ;
; ordered_priority_queue_monolithic_sv:dut_i|ordered_priority_queue_monolithic_page_allocator:page_allocator_i|fetch_ticket_q[0].ticket_ts[6]                                                                                   ; yes                                                              ; yes                                        ;
; ordered_priority_queue_monolithic_sv:dut_i|ordered_priority_queue_monolithic_page_allocator:page_allocator_i|fetch_ticket_q[0].ticket_ts[5]                                                                                   ; yes                                                              ; yes                                        ;
; ordered_priority_queue_monolithic_sv:dut_i|ordered_priority_queue_monolithic_page_allocator:page_allocator_i|fetch_ticket_q[0].ticket_ts[4]                                                                                   ; yes                                                              ; yes                                        ;
; ordered_priority_queue_monolithic_sv:dut_i|ordered_priority_queue_monolithic_page_allocator:page_allocator_i|fetch_ticket_q[0].ticket_ts[3]                                                                                   ; yes                                                              ; yes                                        ;
; ordered_priority_queue_monolithic_sv:dut_i|ordered_priority_queue_monolithic_page_allocator:page_allocator_i|fetch_ticket_q[0].ticket_ts[2]                                                                                   ; yes                                                              ; yes                                        ;
; ordered_priority_queue_monolithic_sv:dut_i|ordered_priority_queue_monolithic_page_allocator:page_allocator_i|fetch_ticket_q[0].ticket_ts[1]                                                                                   ; yes                                                              ; yes                                        ;
; ordered_priority_queue_monolithic_sv:dut_i|ordered_priority_queue_monolithic_page_allocator:page_allocator_i|fetch_ticket_q[0].ticket_ts[0]                                                                                   ; yes                                                              ; yes                                        ;
; ordered_priority_queue_monolithic_sv:dut_i|ordered_priority_queue_monolithic_page_allocator:page_allocator_i|fetch_ticket_q[1].ticket_ts[47]                                                                                  ; yes                                                              ; yes                                        ;
; ordered_priority_queue_monolithic_sv:dut_i|ordered_priority_queue_monolithic_page_allocator:page_allocator_i|fetch_ticket_q[1].ticket_ts[46]                                                                                  ; yes                                                              ; yes                                        ;
; ordered_priority_queue_monolithic_sv:dut_i|ordered_priority_queue_monolithic_page_allocator:page_allocator_i|fetch_ticket_q[1].ticket_ts[45]                                                                                  ; yes                                                              ; yes                                        ;
; ordered_priority_queue_monolithic_sv:dut_i|ordered_priority_queue_monolithic_page_allocator:page_allocator_i|fetch_ticket_q[1].ticket_ts[44]                                                                                  ; yes                                                              ; yes                                        ;
; ordered_priority_queue_monolithic_sv:dut_i|ordered_priority_queue_monolithic_page_allocator:page_allocator_i|fetch_ticket_q[1].ticket_ts[43]                                                                                  ; yes                                                              ; yes                                        ;
; ordered_priority_queue_monolithic_sv:dut_i|ordered_priority_queue_monolithic_page_allocator:page_allocator_i|fetch_ticket_q[1].ticket_ts[42]                                                                                  ; yes                                                              ; yes                                        ;
; ordered_priority_queue_monolithic_sv:dut_i|ordered_priority_queue_monolithic_page_allocator:page_allocator_i|fetch_ticket_q[1].ticket_ts[41]                                                                                  ; yes                                                              ; yes                                        ;
; ordered_priority_queue_monolithic_sv:dut_i|ordered_priority_queue_monolithic_page_allocator:page_allocator_i|fetch_ticket_q[1].ticket_ts[40]                                                                                  ; yes                                                              ; yes                                        ;
; ordered_priority_queue_monolithic_sv:dut_i|ordered_priority_queue_monolithic_page_allocator:page_allocator_i|fetch_ticket_q[1].ticket_ts[39]                                                                                  ; yes                                                              ; yes                                        ;
; ordered_priority_queue_monolithic_sv:dut_i|ordered_priority_queue_monolithic_page_allocator:page_allocator_i|fetch_ticket_q[1].ticket_ts[38]                                                                                  ; yes                                                              ; yes                                        ;
; ordered_priority_queue_monolithic_sv:dut_i|ordered_priority_queue_monolithic_page_allocator:page_allocator_i|fetch_ticket_q[1].ticket_ts[37]                                                                                  ; yes                                                              ; yes                                        ;
; ordered_priority_queue_monolithic_sv:dut_i|ordered_priority_queue_monolithic_page_allocator:page_allocator_i|fetch_ticket_q[1].ticket_ts[36]                                                                                  ; yes                                                              ; yes                                        ;
; ordered_priority_queue_monolithic_sv:dut_i|ordered_priority_queue_monolithic_page_allocator:page_allocator_i|fetch_ticket_q[1].ticket_ts[35]                                                                                  ; yes                                                              ; yes                                        ;
; ordered_priority_queue_monolithic_sv:dut_i|ordered_priority_queue_monolithic_page_allocator:page_allocator_i|fetch_ticket_q[1].ticket_ts[34]                                                                                  ; yes                                                              ; yes                                        ;
; ordered_priority_queue_monolithic_sv:dut_i|ordered_priority_queue_monolithic_page_allocator:page_allocator_i|fetch_ticket_q[1].ticket_ts[33]                                                                                  ; yes                                                              ; yes                                        ;
; ordered_priority_queue_monolithic_sv:dut_i|ordered_priority_queue_monolithic_page_allocator:page_allocator_i|fetch_ticket_q[1].ticket_ts[32]                                                                                  ; yes                                                              ; yes                                        ;
; ordered_priority_queue_monolithic_sv:dut_i|ordered_priority_queue_monolithic_page_allocator:page_allocator_i|fetch_ticket_q[1].ticket_ts[31]                                                                                  ; yes                                                              ; yes                                        ;
; ordered_priority_queue_monolithic_sv:dut_i|ordered_priority_queue_monolithic_page_allocator:page_allocator_i|fetch_ticket_q[1].ticket_ts[30]                                                                                  ; yes                                                              ; yes                                        ;
; ordered_priority_queue_monolithic_sv:dut_i|ordered_priority_queue_monolithic_page_allocator:page_allocator_i|fetch_ticket_q[1].ticket_ts[29]                                                                                  ; yes                                                              ; yes                                        ;
; ordered_priority_queue_monolithic_sv:dut_i|ordered_priority_queue_monolithic_page_allocator:page_allocator_i|fetch_ticket_q[1].ticket_ts[28]                                                                                  ; yes                                                              ; yes                                        ;
; ordered_priority_queue_monolithic_sv:dut_i|ordered_priority_queue_monolithic_page_allocator:page_allocator_i|fetch_ticket_q[1].ticket_ts[27]                                                                                  ; yes                                                              ; yes                                        ;
; ordered_priority_queue_monolithic_sv:dut_i|ordered_priority_queue_monolithic_page_allocator:page_allocator_i|fetch_ticket_q[1].ticket_ts[26]                                                                                  ; yes                                                              ; yes                                        ;
; ordered_priority_queue_monolithic_sv:dut_i|ordered_priority_queue_monolithic_page_allocator:page_allocator_i|fetch_ticket_q[1].ticket_ts[25]                                                                                  ; yes                                                              ; yes                                        ;
; ordered_priority_queue_monolithic_sv:dut_i|ordered_priority_queue_monolithic_page_allocator:page_allocator_i|fetch_ticket_q[1].ticket_ts[24]                                                                                  ; yes                                                              ; yes                                        ;
; ordered_priority_queue_monolithic_sv:dut_i|ordered_priority_queue_monolithic_page_allocator:page_allocator_i|fetch_ticket_q[1].ticket_ts[23]                                                                                  ; yes                                                              ; yes                                        ;
; ordered_priority_queue_monolithic_sv:dut_i|ordered_priority_queue_monolithic_page_allocator:page_allocator_i|fetch_ticket_q[1].ticket_ts[22]                                                                                  ; yes                                                              ; yes                                        ;
; ordered_priority_queue_monolithic_sv:dut_i|ordered_priority_queue_monolithic_page_allocator:page_allocator_i|fetch_ticket_q[1].ticket_ts[21]                                                                                  ; yes                                                              ; yes                                        ;
; ordered_priority_queue_monolithic_sv:dut_i|ordered_priority_queue_monolithic_page_allocator:page_allocator_i|fetch_ticket_q[1].ticket_ts[20]                                                                                  ; yes                                                              ; yes                                        ;
; ordered_priority_queue_monolithic_sv:dut_i|ordered_priority_queue_monolithic_page_allocator:page_allocator_i|fetch_ticket_q[1].ticket_ts[19]                                                                                  ; yes                                                              ; yes                                        ;
; ordered_priority_queue_monolithic_sv:dut_i|ordered_priority_queue_monolithic_page_allocator:page_allocator_i|fetch_ticket_q[1].ticket_ts[18]                                                                                  ; yes                                                              ; yes                                        ;
; ordered_priority_queue_monolithic_sv:dut_i|ordered_priority_queue_monolithic_page_allocator:page_allocator_i|fetch_ticket_q[1].ticket_ts[17]                                                                                  ; yes                                                              ; yes                                        ;
; ordered_priority_queue_monolithic_sv:dut_i|ordered_priority_queue_monolithic_page_allocator:page_allocator_i|fetch_ticket_q[1].ticket_ts[16]                                                                                  ; yes                                                              ; yes                                        ;
; ordered_priority_queue_monolithic_sv:dut_i|ordered_priority_queue_monolithic_page_allocator:page_allocator_i|fetch_ticket_q[1].ticket_ts[15]                                                                                  ; yes                                                              ; yes                                        ;
; ordered_priority_queue_monolithic_sv:dut_i|ordered_priority_queue_monolithic_page_allocator:page_allocator_i|fetch_ticket_q[1].ticket_ts[14]                                                                                  ; yes                                                              ; yes                                        ;
; ordered_priority_queue_monolithic_sv:dut_i|ordered_priority_queue_monolithic_page_allocator:page_allocator_i|fetch_ticket_q[1].ticket_ts[13]                                                                                  ; yes                                                              ; yes                                        ;
; ordered_priority_queue_monolithic_sv:dut_i|ordered_priority_queue_monolithic_page_allocator:page_allocator_i|fetch_ticket_q[1].ticket_ts[12]                                                                                  ; yes                                                              ; yes                                        ;
; ordered_priority_queue_monolithic_sv:dut_i|ordered_priority_queue_monolithic_page_allocator:page_allocator_i|fetch_ticket_q[1].ticket_ts[11]                                                                                  ; yes                                                              ; yes                                        ;
; ordered_priority_queue_monolithic_sv:dut_i|ordered_priority_queue_monolithic_page_allocator:page_allocator_i|fetch_ticket_q[1].ticket_ts[10]                                                                                  ; yes                                                              ; yes                                        ;
; ordered_priority_queue_monolithic_sv:dut_i|ordered_priority_queue_monolithic_page_allocator:page_allocator_i|fetch_ticket_q[1].ticket_ts[9]                                                                                   ; yes                                                              ; yes                                        ;
; ordered_priority_queue_monolithic_sv:dut_i|ordered_priority_queue_monolithic_page_allocator:page_allocator_i|fetch_ticket_q[1].ticket_ts[8]                                                                                   ; yes                                                              ; yes                                        ;
; ordered_priority_queue_monolithic_sv:dut_i|ordered_priority_queue_monolithic_page_allocator:page_allocator_i|fetch_ticket_q[1].ticket_ts[7]                                                                                   ; yes                                                              ; yes                                        ;
; ordered_priority_queue_monolithic_sv:dut_i|ordered_priority_queue_monolithic_page_allocator:page_allocator_i|fetch_ticket_q[1].ticket_ts[6]                                                                                   ; yes                                                              ; yes                                        ;
; ordered_priority_queue_monolithic_sv:dut_i|ordered_priority_queue_monolithic_page_allocator:page_allocator_i|fetch_ticket_q[1].ticket_ts[5]                                                                                   ; yes                                                              ; yes                                        ;
; ordered_priority_queue_monolithic_sv:dut_i|ordered_priority_queue_monolithic_page_allocator:page_allocator_i|fetch_ticket_q[1].ticket_ts[4]                                                                                   ; yes                                                              ; yes                                        ;
; ordered_priority_queue_monolithic_sv:dut_i|ordered_priority_queue_monolithic_page_allocator:page_allocator_i|fetch_ticket_q[1].ticket_ts[3]                                                                                   ; yes                                                              ; yes                                        ;
; ordered_priority_queue_monolithic_sv:dut_i|ordered_priority_queue_monolithic_page_allocator:page_allocator_i|fetch_ticket_q[1].ticket_ts[2]                                                                                   ; yes                                                              ; yes                                        ;
; ordered_priority_queue_monolithic_sv:dut_i|ordered_priority_queue_monolithic_page_allocator:page_allocator_i|fetch_ticket_q[1].ticket_ts[1]                                                                                   ; yes                                                              ; yes                                        ;
; ordered_priority_queue_monolithic_sv:dut_i|ordered_priority_queue_monolithic_page_allocator:page_allocator_i|fetch_ticket_q[1].ticket_ts[0]                                                                                   ; yes                                                              ; yes                                        ;
; ordered_priority_queue_monolithic_sv:dut_i|ordered_priority_queue_monolithic_page_allocator:page_allocator_i|fetch_ticket_raw_q[0][47]                                                                                        ; yes                                                              ; yes                                        ;
; ordered_priority_queue_monolithic_sv:dut_i|ordered_priority_queue_monolithic_page_allocator:page_allocator_i|fetch_ticket_raw_q[1][47]                                                                                        ; yes                                                              ; yes                                        ;
; ordered_priority_queue_monolithic_sv:dut_i|ordered_priority_queue_monolithic_page_allocator:page_allocator_i|fetch_ticket_raw_q[0][46]                                                                                        ; yes                                                              ; yes                                        ;
; ordered_priority_queue_monolithic_sv:dut_i|ordered_priority_queue_monolithic_page_allocator:page_allocator_i|fetch_ticket_raw_q[1][46]                                                                                        ; yes                                                              ; yes                                        ;
; ordered_priority_queue_monolithic_sv:dut_i|ordered_priority_queue_monolithic_page_allocator:page_allocator_i|fetch_ticket_raw_q[0][45]                                                                                        ; yes                                                              ; yes                                        ;
; ordered_priority_queue_monolithic_sv:dut_i|ordered_priority_queue_monolithic_page_allocator:page_allocator_i|fetch_ticket_raw_q[1][45]                                                                                        ; yes                                                              ; yes                                        ;
; ordered_priority_queue_monolithic_sv:dut_i|ordered_priority_queue_monolithic_page_allocator:page_allocator_i|fetch_ticket_raw_q[0][44]                                                                                        ; yes                                                              ; yes                                        ;
; ordered_priority_queue_monolithic_sv:dut_i|ordered_priority_queue_monolithic_page_allocator:page_allocator_i|fetch_ticket_raw_q[1][44]                                                                                        ; yes                                                              ; yes                                        ;
; ordered_priority_queue_monolithic_sv:dut_i|ordered_priority_queue_monolithic_page_allocator:page_allocator_i|fetch_ticket_raw_q[0][43]                                                                                        ; yes                                                              ; yes                                        ;
; ordered_priority_queue_monolithic_sv:dut_i|ordered_priority_queue_monolithic_page_allocator:page_allocator_i|fetch_ticket_raw_q[1][43]                                                                                        ; yes                                                              ; yes                                        ;
; ordered_priority_queue_monolithic_sv:dut_i|ordered_priority_queue_monolithic_page_allocator:page_allocator_i|fetch_ticket_raw_q[0][42]                                                                                        ; yes                                                              ; yes                                        ;
; ordered_priority_queue_monolithic_sv:dut_i|ordered_priority_queue_monolithic_page_allocator:page_allocator_i|fetch_ticket_raw_q[1][42]                                                                                        ; yes                                                              ; yes                                        ;
; ordered_priority_queue_monolithic_sv:dut_i|ordered_priority_queue_monolithic_page_allocator:page_allocator_i|fetch_ticket_raw_q[0][25]                                                                                        ; yes                                                              ; yes                                        ;
; ordered_priority_queue_monolithic_sv:dut_i|ordered_priority_queue_monolithic_page_allocator:page_allocator_i|fetch_ticket_raw_q[1][25]                                                                                        ; yes                                                              ; yes                                        ;
; ordered_priority_queue_monolithic_sv:dut_i|ordered_priority_queue_monolithic_page_allocator:page_allocator_i|fetch_ticket_raw_q[0][24]                                                                                        ; yes                                                              ; yes                                        ;
; ordered_priority_queue_monolithic_sv:dut_i|ordered_priority_queue_monolithic_page_allocator:page_allocator_i|fetch_ticket_raw_q[1][24]                                                                                        ; yes                                                              ; yes                                        ;
; ordered_priority_queue_monolithic_sv:dut_i|ordered_priority_queue_monolithic_page_allocator:page_allocator_i|fetch_ticket_raw_q[0][23]                                                                                        ; yes                                                              ; yes                                        ;
; ordered_priority_queue_monolithic_sv:dut_i|ordered_priority_queue_monolithic_page_allocator:page_allocator_i|fetch_ticket_raw_q[1][23]                                                                                        ; yes                                                              ; yes                                        ;
; ordered_priority_queue_monolithic_sv:dut_i|ordered_priority_queue_monolithic_page_allocator:page_allocator_i|fetch_ticket_raw_q[0][22]                                                                                        ; yes                                                              ; yes                                        ;
; ordered_priority_queue_monolithic_sv:dut_i|ordered_priority_queue_monolithic_page_allocator:page_allocator_i|fetch_ticket_raw_q[1][22]                                                                                        ; yes                                                              ; yes                                        ;
; ordered_priority_queue_monolithic_sv:dut_i|ordered_priority_queue_monolithic_page_allocator:page_allocator_i|fetch_ticket_raw_q[0][21]                                                                                        ; yes                                                              ; yes                                        ;
; ordered_priority_queue_monolithic_sv:dut_i|ordered_priority_queue_monolithic_page_allocator:page_allocator_i|fetch_ticket_raw_q[1][21]                                                                                        ; yes                                                              ; yes                                        ;
; ordered_priority_queue_monolithic_sv:dut_i|ordered_priority_queue_monolithic_page_allocator:page_allocator_i|fetch_ticket_raw_q[0][20]                                                                                        ; yes                                                              ; yes                                        ;
; ordered_priority_queue_monolithic_sv:dut_i|ordered_priority_queue_monolithic_page_allocator:page_allocator_i|fetch_ticket_raw_q[1][20]                                                                                        ; yes                                                              ; yes                                        ;
; ordered_priority_queue_monolithic_sv:dut_i|ordered_priority_queue_monolithic_page_allocator:page_allocator_i|fetch_ticket_raw_q[0][19]                                                                                        ; yes                                                              ; yes                                        ;
; ordered_priority_queue_monolithic_sv:dut_i|ordered_priority_queue_monolithic_page_allocator:page_allocator_i|fetch_ticket_raw_q[1][19]                                                                                        ; yes                                                              ; yes                                        ;
; ordered_priority_queue_monolithic_sv:dut_i|ordered_priority_queue_monolithic_page_allocator:page_allocator_i|fetch_ticket_raw_q[0][18]                                                                                        ; yes                                                              ; yes                                        ;
; ordered_priority_queue_monolithic_sv:dut_i|ordered_priority_queue_monolithic_page_allocator:page_allocator_i|fetch_ticket_raw_q[1][18]                                                                                        ; yes                                                              ; yes                                        ;
; ordered_priority_queue_monolithic_sv:dut_i|ordered_priority_queue_monolithic_page_allocator:page_allocator_i|fetch_ticket_raw_q[0][17]                                                                                        ; yes                                                              ; yes                                        ;
; ordered_priority_queue_monolithic_sv:dut_i|ordered_priority_queue_monolithic_page_allocator:page_allocator_i|fetch_ticket_raw_q[1][17]                                                                                        ; yes                                                              ; yes                                        ;
; ordered_priority_queue_monolithic_sv:dut_i|ordered_priority_queue_monolithic_page_allocator:page_allocator_i|fetch_ticket_raw_q[0][16]                                                                                        ; yes                                                              ; yes                                        ;
; ordered_priority_queue_monolithic_sv:dut_i|ordered_priority_queue_monolithic_page_allocator:page_allocator_i|fetch_ticket_raw_q[1][16]                                                                                        ; yes                                                              ; yes                                        ;
; ordered_priority_queue_monolithic_sv:dut_i|ordered_priority_queue_monolithic_page_allocator:page_allocator_i|fetch_ticket_raw_q[0][41]                                                                                        ; yes                                                              ; yes                                        ;
; ordered_priority_queue_monolithic_sv:dut_i|ordered_priority_queue_monolithic_page_allocator:page_allocator_i|fetch_ticket_raw_q[1][41]                                                                                        ; yes                                                              ; yes                                        ;
; ordered_priority_queue_monolithic_sv:dut_i|ordered_priority_queue_monolithic_page_allocator:page_allocator_i|fetch_ticket_raw_q[0][40]                                                                                        ; yes                                                              ; yes                                        ;
; ordered_priority_queue_monolithic_sv:dut_i|ordered_priority_queue_monolithic_page_allocator:page_allocator_i|fetch_ticket_raw_q[1][40]                                                                                        ; yes                                                              ; yes                                        ;
; ordered_priority_queue_monolithic_sv:dut_i|ordered_priority_queue_monolithic_page_allocator:page_allocator_i|fetch_ticket_raw_q[0][39]                                                                                        ; yes                                                              ; yes                                        ;
; ordered_priority_queue_monolithic_sv:dut_i|ordered_priority_queue_monolithic_page_allocator:page_allocator_i|fetch_ticket_raw_q[1][39]                                                                                        ; yes                                                              ; yes                                        ;
; ordered_priority_queue_monolithic_sv:dut_i|ordered_priority_queue_monolithic_page_allocator:page_allocator_i|fetch_ticket_raw_q[0][38]                                                                                        ; yes                                                              ; yes                                        ;
; ordered_priority_queue_monolithic_sv:dut_i|ordered_priority_queue_monolithic_page_allocator:page_allocator_i|fetch_ticket_raw_q[1][38]                                                                                        ; yes                                                              ; yes                                        ;
; ordered_priority_queue_monolithic_sv:dut_i|ordered_priority_queue_monolithic_page_allocator:page_allocator_i|fetch_ticket_raw_q[0][37]                                                                                        ; yes                                                              ; yes                                        ;
; ordered_priority_queue_monolithic_sv:dut_i|ordered_priority_queue_monolithic_page_allocator:page_allocator_i|fetch_ticket_raw_q[1][37]                                                                                        ; yes                                                              ; yes                                        ;
; ordered_priority_queue_monolithic_sv:dut_i|ordered_priority_queue_monolithic_page_allocator:page_allocator_i|fetch_ticket_raw_q[0][36]                                                                                        ; yes                                                              ; yes                                        ;
; ordered_priority_queue_monolithic_sv:dut_i|ordered_priority_queue_monolithic_page_allocator:page_allocator_i|fetch_ticket_raw_q[1][36]                                                                                        ; yes                                                              ; yes                                        ;
; ordered_priority_queue_monolithic_sv:dut_i|ordered_priority_queue_monolithic_page_allocator:page_allocator_i|fetch_ticket_raw_q[0][35]                                                                                        ; yes                                                              ; yes                                        ;
; ordered_priority_queue_monolithic_sv:dut_i|ordered_priority_queue_monolithic_page_allocator:page_allocator_i|fetch_ticket_raw_q[1][35]                                                                                        ; yes                                                              ; yes                                        ;
; ordered_priority_queue_monolithic_sv:dut_i|ordered_priority_queue_monolithic_page_allocator:page_allocator_i|fetch_ticket_raw_q[0][34]                                                                                        ; yes                                                              ; yes                                        ;
; ordered_priority_queue_monolithic_sv:dut_i|ordered_priority_queue_monolithic_page_allocator:page_allocator_i|fetch_ticket_raw_q[1][34]                                                                                        ; yes                                                              ; yes                                        ;
; ordered_priority_queue_monolithic_sv:dut_i|ordered_priority_queue_monolithic_page_allocator:page_allocator_i|fetch_ticket_raw_q[0][33]                                                                                        ; yes                                                              ; yes                                        ;
; ordered_priority_queue_monolithic_sv:dut_i|ordered_priority_queue_monolithic_page_allocator:page_allocator_i|fetch_ticket_raw_q[1][33]                                                                                        ; yes                                                              ; yes                                        ;
; ordered_priority_queue_monolithic_sv:dut_i|ordered_priority_queue_monolithic_page_allocator:page_allocator_i|fetch_ticket_raw_q[0][32]                                                                                        ; yes                                                              ; yes                                        ;
; ordered_priority_queue_monolithic_sv:dut_i|ordered_priority_queue_monolithic_page_allocator:page_allocator_i|fetch_ticket_raw_q[1][32]                                                                                        ; yes                                                              ; yes                                        ;
; ordered_priority_queue_monolithic_sv:dut_i|ordered_priority_queue_monolithic_page_allocator:page_allocator_i|fetch_ticket_q[0].lane_fifo_rd_offset[0]                                                                         ; yes                                                              ; yes                                        ;
; ordered_priority_queue_monolithic_sv:dut_i|ordered_priority_queue_monolithic_page_allocator:page_allocator_i|fetch_ticket_q[0].lane_fifo_rd_offset[1]                                                                         ; yes                                                              ; yes                                        ;
; ordered_priority_queue_monolithic_sv:dut_i|ordered_priority_queue_monolithic_page_allocator:page_allocator_i|fetch_ticket_q[0].lane_fifo_rd_offset[2]                                                                         ; yes                                                              ; yes                                        ;
; ordered_priority_queue_monolithic_sv:dut_i|ordered_priority_queue_monolithic_page_allocator:page_allocator_i|fetch_ticket_q[0].lane_fifo_rd_offset[3]                                                                         ; yes                                                              ; yes                                        ;
; ordered_priority_queue_monolithic_sv:dut_i|ordered_priority_queue_monolithic_page_allocator:page_allocator_i|fetch_ticket_q[0].lane_fifo_rd_offset[4]                                                                         ; yes                                                              ; yes                                        ;
; ordered_priority_queue_monolithic_sv:dut_i|ordered_priority_queue_monolithic_page_allocator:page_allocator_i|fetch_ticket_q[0].lane_fifo_rd_offset[5]                                                                         ; yes                                                              ; yes                                        ;
; ordered_priority_queue_monolithic_sv:dut_i|ordered_priority_queue_monolithic_page_allocator:page_allocator_i|fetch_ticket_q[0].lane_fifo_rd_offset[6]                                                                         ; yes                                                              ; yes                                        ;
; ordered_priority_queue_monolithic_sv:dut_i|ordered_priority_queue_monolithic_page_allocator:page_allocator_i|fetch_ticket_q[0].lane_fifo_rd_offset[7]                                                                         ; yes                                                              ; yes                                        ;
; ordered_priority_queue_monolithic_sv:dut_i|ordered_priority_queue_monolithic_page_allocator:page_allocator_i|fetch_ticket_q[0].lane_fifo_rd_offset[8]                                                                         ; yes                                                              ; yes                                        ;
; ordered_priority_queue_monolithic_sv:dut_i|ordered_priority_queue_monolithic_page_allocator:page_allocator_i|fetch_ticket_q[0].lane_fifo_rd_offset[9]                                                                         ; yes                                                              ; yes                                        ;
; ordered_priority_queue_monolithic_sv:dut_i|ordered_priority_queue_monolithic_page_allocator:page_allocator_i|fetch_ticket_q[1].lane_fifo_rd_offset[0]                                                                         ; yes                                                              ; yes                                        ;
; ordered_priority_queue_monolithic_sv:dut_i|ordered_priority_queue_monolithic_page_allocator:page_allocator_i|fetch_ticket_q[1].lane_fifo_rd_offset[1]                                                                         ; yes                                                              ; yes                                        ;
; ordered_priority_queue_monolithic_sv:dut_i|ordered_priority_queue_monolithic_page_allocator:page_allocator_i|fetch_ticket_q[1].lane_fifo_rd_offset[2]                                                                         ; yes                                                              ; yes                                        ;
; ordered_priority_queue_monolithic_sv:dut_i|ordered_priority_queue_monolithic_page_allocator:page_allocator_i|fetch_ticket_q[1].lane_fifo_rd_offset[3]                                                                         ; yes                                                              ; yes                                        ;
; ordered_priority_queue_monolithic_sv:dut_i|ordered_priority_queue_monolithic_page_allocator:page_allocator_i|fetch_ticket_q[1].lane_fifo_rd_offset[4]                                                                         ; yes                                                              ; yes                                        ;
; ordered_priority_queue_monolithic_sv:dut_i|ordered_priority_queue_monolithic_page_allocator:page_allocator_i|fetch_ticket_q[1].lane_fifo_rd_offset[5]                                                                         ; yes                                                              ; yes                                        ;
; ordered_priority_queue_monolithic_sv:dut_i|ordered_priority_queue_monolithic_page_allocator:page_allocator_i|fetch_ticket_q[1].lane_fifo_rd_offset[6]                                                                         ; yes                                                              ; yes                                        ;
; ordered_priority_queue_monolithic_sv:dut_i|ordered_priority_queue_monolithic_page_allocator:page_allocator_i|fetch_ticket_q[1].lane_fifo_rd_offset[7]                                                                         ; yes                                                              ; yes                                        ;
; ordered_priority_queue_monolithic_sv:dut_i|ordered_priority_queue_monolithic_page_allocator:page_allocator_i|fetch_ticket_q[1].lane_fifo_rd_offset[8]                                                                         ; yes                                                              ; yes                                        ;
; ordered_priority_queue_monolithic_sv:dut_i|ordered_priority_queue_monolithic_page_allocator:page_allocator_i|fetch_ticket_q[1].lane_fifo_rd_offset[9]                                                                         ; yes                                                              ; yes                                        ;
; Total number of protected registers is 744                                                                                                                                                                                    ;                                                                  ;                                            ;
+-------------------------------------------------------------------------------------------------------------------------------------------------------------------------------------------------------------------------------+------------------------------------------------------------------+--------------------------------------------+


+---------------------------------------------------------------------------------------------------------------------------------------------------------------------------------------------------------------------------------------+
; Registers Removed During Synthesis                                                                                                                                                                                                    ;
+----------------------------------------------------------------------------------------------------------------------------------------------------------------------------------------------+----------------------------------------+
; Register name                                                                                                                                                                                ; Reason for Removal                     ;
+----------------------------------------------------------------------------------------------------------------------------------------------------------------------------------------------+----------------------------------------+
; asi_ingress_data[0][35]                                                                                                                                                                      ; Stuck at GND due to stuck port data_in ;
; asi_ingress_data[0][34]                                                                                                                                                                      ; Stuck at GND due to stuck port data_in ;
; asi_ingress_data[0][33]                                                                                                                                                                      ; Stuck at GND due to stuck port data_in ;
; asi_ingress_data[1][35]                                                                                                                                                                      ; Stuck at GND due to stuck port data_in ;
; asi_ingress_data[1][34]                                                                                                                                                                      ; Stuck at GND due to stuck port data_in ;
; asi_ingress_data[1][33]                                                                                                                                                                      ; Stuck at GND due to stuck port data_in ;
; ordered_priority_queue_monolithic_sv:dut_i|ordered_priority_queue_monolithic_block_path:block_path_i|page_ram_wr_data_o[25..31,36..39]                                                       ; Lost fanout                            ;
; ordered_priority_queue_monolithic_sv:dut_i|ordered_priority_queue_monolithic_page_allocator:page_allocator_i|late_frame_lane_credit_update[1][9]                                             ; Stuck at GND due to stuck port data_in ;
; ordered_priority_queue_monolithic_sv:dut_i|ordered_priority_queue_monolithic_page_allocator:page_allocator_i|late_frame_lane_credit_update[1][8]                                             ; Stuck at GND due to stuck port data_in ;
; ordered_priority_queue_monolithic_sv:dut_i|ordered_priority_queue_monolithic_page_allocator:page_allocator_i|late_frame_lane_credit_update[0][9]                                             ; Stuck at GND due to stuck port data_in ;
; ordered_priority_queue_monolithic_sv:dut_i|ordered_priority_queue_monolithic_page_allocator:page_allocator_i|late_frame_lane_credit_update[0][8]                                             ; Stuck at GND due to stuck port data_in ;
; ordered_priority_queue_monolithic_sv:dut_i|ordered_priority_queue_monolithic_ingress_parser:g_ingress_parser[1].ingress_parser_i|ingress_parser.feb_id[12..15]                               ; Lost fanout                            ;
; ordered_priority_queue_monolithic_sv:dut_i|ordered_priority_queue_monolithic_ingress_parser:g_ingress_parser[1].ingress_parser_i|ingress_parser.ticket_wdata[66..69,118]                     ; Lost fanout                            ;
; ordered_priority_queue_monolithic_sv:dut_i|ordered_priority_queue_monolithic_ingress_parser:g_ingress_parser[1].ingress_parser_i|ingress_parser.lane_wdata[25..31,36..39]                    ; Lost fanout                            ;
; ordered_priority_queue_monolithic_sv:dut_i|ordered_priority_queue_monolithic_ingress_parser:g_ingress_parser[0].ingress_parser_i|ingress_parser.ticket_wdata[66..69,118]                     ; Lost fanout                            ;
; ordered_priority_queue_monolithic_sv:dut_i|ordered_priority_queue_monolithic_ingress_parser:g_ingress_parser[0].ingress_parser_i|ingress_parser.lane_wdata[25..31,36..39]                    ; Lost fanout                            ;
; ordered_priority_queue_monolithic_sv:dut_i|ordered_priority_queue_monolithic_ingress_parser:g_ingress_parser[1].ingress_parser_i|ingress_parser.error_lane_wr_early_term                     ; Stuck at GND due to stuck port data_in ;
; ordered_priority_queue_monolithic_sv:dut_i|ordered_priority_queue_monolithic_ingress_parser:g_ingress_parser[0].ingress_parser_i|ingress_parser.error_lane_wr_early_term                     ; Stuck at GND due to stuck port data_in ;
; ordered_priority_queue_monolithic_sv:dut_i|ordered_priority_queue_monolithic_ingress_parser:g_ingress_parser[0].ingress_parser_i|ingress_parser.lane_wdata[35]                               ; Stuck at GND due to stuck port data_in ;
; ordered_priority_queue_monolithic_sv:dut_i|ordered_priority_queue_monolithic_ingress_parser:g_ingress_parser[1].ingress_parser_i|ingress_parser.lane_wdata[35]                               ; Stuck at GND due to stuck port data_in ;
; ordered_priority_queue_monolithic_sv:dut_i|ordered_priority_queue_monolithic_ingress_parser:g_ingress_parser[0].ingress_parser_i|ingress_parser.lane_wdata[34]                               ; Stuck at GND due to stuck port data_in ;
; ordered_priority_queue_monolithic_sv:dut_i|ordered_priority_queue_monolithic_ingress_parser:g_ingress_parser[1].ingress_parser_i|ingress_parser.lane_wdata[34]                               ; Stuck at GND due to stuck port data_in ;
; ordered_priority_queue_monolithic_sv:dut_i|ordered_priority_queue_monolithic_ingress_parser:g_ingress_parser[0].ingress_parser_i|ingress_parser.lane_wdata[33]                               ; Stuck at GND due to stuck port data_in ;
; ordered_priority_queue_monolithic_sv:dut_i|ordered_priority_queue_monolithic_ingress_parser:g_ingress_parser[1].ingress_parser_i|ingress_parser.lane_wdata[33]                               ; Stuck at GND due to stuck port data_in ;
; ordered_priority_queue_monolithic_sv:dut_i|ordered_priority_queue_monolithic_page_allocator:page_allocator_i|eop_flush_ack[0,1]                                                              ; Stuck at GND due to stuck port data_in ;
; ordered_priority_queue_monolithic_sv:dut_i|ordered_priority_queue_monolithic_page_allocator:page_allocator_i|page_allocator.frame_cnt[0..35]                                                 ; Lost fanout                            ;
; ordered_priority_queue_monolithic_sv:dut_i|ordered_priority_queue_monolithic_basic_presenter:presenter_i|ordered_priority_queue_monolithic_basic_presenter_native:native_i|presenter_state~5 ; Lost fanout                            ;
; ordered_priority_queue_monolithic_sv:dut_i|ordered_priority_queue_monolithic_basic_presenter:presenter_i|ordered_priority_queue_monolithic_basic_presenter_native:native_i|presenter_state~6 ; Lost fanout                            ;
; ordered_priority_queue_monolithic_sv:dut_i|ordered_priority_queue_monolithic_basic_presenter:presenter_i|ordered_priority_queue_monolithic_basic_presenter_native:native_i|presenter_state~7 ; Lost fanout                            ;
; ordered_priority_queue_monolithic_sv:dut_i|ordered_priority_queue_monolithic_block_path:block_path_i|arbiter_state~5                                                                         ; Lost fanout                            ;
; ordered_priority_queue_monolithic_sv:dut_i|ordered_priority_queue_monolithic_block_path:block_path_i|arbiter_state~6                                                                         ; Lost fanout                            ;
; ordered_priority_queue_monolithic_sv:dut_i|ordered_priority_queue_monolithic_page_allocator:page_allocator_i|page_allocator_state~5                                                          ; Lost fanout                            ;
; ordered_priority_queue_monolithic_sv:dut_i|ordered_priority_queue_monolithic_page_allocator:page_allocator_i|page_allocator_state~6                                                          ; Lost fanout                            ;
; ordered_priority_queue_monolithic_sv:dut_i|ordered_priority_queue_monolithic_page_allocator:page_allocator_i|page_allocator_state~7                                                          ; Lost fanout                            ;
; ordered_priority_queue_monolithic_sv:dut_i|ordered_priority_queue_monolithic_page_allocator:page_allocator_i|page_allocator_state~8                                                          ; Lost fanout                            ;
; ordered_priority_queue_monolithic_sv:dut_i|ordered_priority_queue_monolithic_ingress_parser:g_ingress_parser[1].ingress_parser_i|ingress_parser_state~7                                      ; Lost fanout                            ;
; ordered_priority_queue_monolithic_sv:dut_i|ordered_priority_queue_monolithic_ingress_parser:g_ingress_parser[1].ingress_parser_i|ingress_parser_state~8                                      ; Lost fanout                            ;
; ordered_priority_queue_monolithic_sv:dut_i|ordered_priority_queue_monolithic_ingress_parser:g_ingress_parser[1].ingress_parser_i|ingress_parser_state~9                                      ; Lost fanout                            ;
; ordered_priority_queue_monolithic_sv:dut_i|ordered_priority_queue_monolithic_ingress_parser:g_ingress_parser[0].ingress_parser_i|ingress_parser_state~7                                      ; Lost fanout                            ;
; ordered_priority_queue_monolithic_sv:dut_i|ordered_priority_queue_monolithic_ingress_parser:g_ingress_parser[0].ingress_parser_i|ingress_parser_state~8                                      ; Lost fanout                            ;
; ordered_priority_queue_monolithic_sv:dut_i|ordered_priority_queue_monolithic_ingress_parser:g_ingress_parser[0].ingress_parser_i|ingress_parser_state~9                                      ; Lost fanout                            ;
; heartbeat[6..31]                                                                                                                                                                             ; Lost fanout                            ;
; ordered_priority_queue_monolithic_sv:dut_i|ordered_priority_queue_monolithic_page_allocator:page_allocator_i|page_allocator.tail_only_flush                                                  ; Stuck at GND due to stuck port data_in ;
; ordered_priority_queue_monolithic_sv:dut_i|ordered_priority_queue_monolithic_page_allocator:page_allocator_i|page_allocator.frame_hit_cnt[8..15]                                             ; Stuck at GND due to stuck port data_in ;
; Total Number of Removed Registers = 153                                                                                                                                                      ;                                        ;
+----------------------------------------------------------------------------------------------------------------------------------------------------------------------------------------------+----------------------------------------+


+---------------------------------------------------------------------------------------------------------------------------------------------------------------------------------------------------------------------------------------------------------------------------------------------------------------------------+
; Removed Registers Triggering Further Register Optimizations                                                                                                                                                                                                                                                               ;
+-----------------------------------------------------------------------------------------------------------------------------+---------------------------+-----------------------------------------------------------------------------------------------------------------------------------------------------------------+
; Register name                                                                                                               ; Reason for Removal        ; Registers Removed due to This Register                                                                                                                          ;
+-----------------------------------------------------------------------------------------------------------------------------+---------------------------+-----------------------------------------------------------------------------------------------------------------------------------------------------------------+
; ordered_priority_queue_monolithic_sv:dut_i|ordered_priority_queue_monolithic_block_path:block_path_i|page_ram_wr_data_o[27] ; Lost Fanouts              ; ordered_priority_queue_monolithic_sv:dut_i|ordered_priority_queue_monolithic_ingress_parser:g_ingress_parser[1].ingress_parser_i|ingress_parser.lane_wdata[27], ;
;                                                                                                                             ;                           ; ordered_priority_queue_monolithic_sv:dut_i|ordered_priority_queue_monolithic_ingress_parser:g_ingress_parser[0].ingress_parser_i|ingress_parser.lane_wdata[27]  ;
; ordered_priority_queue_monolithic_sv:dut_i|ordered_priority_queue_monolithic_block_path:block_path_i|page_ram_wr_data_o[39] ; Lost Fanouts              ; ordered_priority_queue_monolithic_sv:dut_i|ordered_priority_queue_monolithic_ingress_parser:g_ingress_parser[1].ingress_parser_i|ingress_parser.lane_wdata[39], ;
;                                                                                                                             ;                           ; ordered_priority_queue_monolithic_sv:dut_i|ordered_priority_queue_monolithic_ingress_parser:g_ingress_parser[0].ingress_parser_i|ingress_parser.lane_wdata[39]  ;
; ordered_priority_queue_monolithic_sv:dut_i|ordered_priority_queue_monolithic_block_path:block_path_i|page_ram_wr_data_o[38] ; Lost Fanouts              ; ordered_priority_queue_monolithic_sv:dut_i|ordered_priority_queue_monolithic_ingress_parser:g_ingress_parser[1].ingress_parser_i|ingress_parser.lane_wdata[38], ;
;                                                                                                                             ;                           ; ordered_priority_queue_monolithic_sv:dut_i|ordered_priority_queue_monolithic_ingress_parser:g_ingress_parser[0].ingress_parser_i|ingress_parser.lane_wdata[38]  ;
; ordered_priority_queue_monolithic_sv:dut_i|ordered_priority_queue_monolithic_block_path:block_path_i|page_ram_wr_data_o[37] ; Lost Fanouts              ; ordered_priority_queue_monolithic_sv:dut_i|ordered_priority_queue_monolithic_ingress_parser:g_ingress_parser[1].ingress_parser_i|ingress_parser.lane_wdata[37], ;
;                                                                                                                             ;                           ; ordered_priority_queue_monolithic_sv:dut_i|ordered_priority_queue_monolithic_ingress_parser:g_ingress_parser[0].ingress_parser_i|ingress_parser.lane_wdata[37]  ;
; ordered_priority_queue_monolithic_sv:dut_i|ordered_priority_queue_monolithic_block_path:block_path_i|page_ram_wr_data_o[36] ; Lost Fanouts              ; ordered_priority_queue_monolithic_sv:dut_i|ordered_priority_queue_monolithic_ingress_parser:g_ingress_parser[1].ingress_parser_i|ingress_parser.lane_wdata[36], ;
;                                                                                                                             ;                           ; ordered_priority_queue_monolithic_sv:dut_i|ordered_priority_queue_monolithic_ingress_parser:g_ingress_parser[0].ingress_parser_i|ingress_parser.lane_wdata[36]  ;
; ordered_priority_queue_monolithic_sv:dut_i|ordered_priority_queue_monolithic_block_path:block_path_i|page_ram_wr_data_o[31] ; Lost Fanouts              ; ordered_priority_queue_monolithic_sv:dut_i|ordered_priority_queue_monolithic_ingress_parser:g_ingress_parser[1].ingress_parser_i|ingress_parser.lane_wdata[31], ;
;                                                                                                                             ;                           ; ordered_priority_queue_monolithic_sv:dut_i|ordered_priority_queue_monolithic_ingress_parser:g_ingress_parser[0].ingress_parser_i|ingress_parser.lane_wdata[31]  ;
; ordered_priority_queue_monolithic_sv:dut_i|ordered_priority_queue_monolithic_block_path:block_path_i|page_ram_wr_data_o[30] ; Lost Fanouts              ; ordered_priority_queue_monolithic_sv:dut_i|ordered_priority_queue_monolithic_ingress_parser:g_ingress_parser[1].ingress_parser_i|ingress_parser.lane_wdata[30], ;
;                                                                                                                             ;                           ; ordered_priority_queue_monolithic_sv:dut_i|ordered_priority_queue_monolithic_ingress_parser:g_ingress_parser[0].ingress_parser_i|ingress_parser.lane_wdata[30]  ;
; ordered_priority_queue_monolithic_sv:dut_i|ordered_priority_queue_monolithic_block_path:block_path_i|page_ram_wr_data_o[29] ; Lost Fanouts              ; ordered_priority_queue_monolithic_sv:dut_i|ordered_priority_queue_monolithic_ingress_parser:g_ingress_parser[1].ingress_parser_i|ingress_parser.lane_wdata[29], ;
;                                                                                                                             ;                           ; ordered_priority_queue_monolithic_sv:dut_i|ordered_priority_queue_monolithic_ingress_parser:g_ingress_parser[0].ingress_parser_i|ingress_parser.lane_wdata[29]  ;
; ordered_priority_queue_monolithic_sv:dut_i|ordered_priority_queue_monolithic_block_path:block_path_i|page_ram_wr_data_o[28] ; Lost Fanouts              ; ordered_priority_queue_monolithic_sv:dut_i|ordered_priority_queue_monolithic_ingress_parser:g_ingress_parser[1].ingress_parser_i|ingress_parser.lane_wdata[28], ;
;                                                                                                                             ;                           ; ordered_priority_queue_monolithic_sv:dut_i|ordered_priority_queue_monolithic_ingress_parser:g_ingress_parser[0].ingress_parser_i|ingress_parser.lane_wdata[28]  ;
; ordered_priority_queue_monolithic_sv:dut_i|ordered_priority_queue_monolithic_block_path:block_path_i|page_ram_wr_data_o[26] ; Lost Fanouts              ; ordered_priority_queue_monolithic_sv:dut_i|ordered_priority_queue_monolithic_ingress_parser:g_ingress_parser[1].ingress_parser_i|ingress_parser.lane_wdata[26], ;
;                                                                                                                             ;                           ; ordered_priority_queue_monolithic_sv:dut_i|ordered_priority_queue_monolithic_ingress_parser:g_ingress_parser[0].ingress_parser_i|ingress_parser.lane_wdata[26]  ;
; ordered_priority_queue_monolithic_sv:dut_i|ordered_priority_queue_monolithic_block_path:block_path_i|page_ram_wr_data_o[25] ; Lost Fanouts              ; ordered_priority_queue_monolithic_sv:dut_i|ordered_priority_queue_monolithic_ingress_parser:g_ingress_parser[1].ingress_parser_i|ingress_parser.lane_wdata[25], ;
;                                                                                                                             ;                           ; ordered_priority_queue_monolithic_sv:dut_i|ordered_priority_queue_monolithic_ingress_parser:g_ingress_parser[0].ingress_parser_i|ingress_parser.lane_wdata[25]  ;
; asi_ingress_data[0][35]                                                                                                     ; Stuck at GND              ; ordered_priority_queue_monolithic_sv:dut_i|ordered_priority_queue_monolithic_ingress_parser:g_ingress_parser[0].ingress_parser_i|ingress_parser.lane_wdata[35]  ;
;                                                                                                                             ; due to stuck port data_in ;                                                                                                                                                                 ;
; asi_ingress_data[1][33]                                                                                                     ; Stuck at GND              ; ordered_priority_queue_monolithic_sv:dut_i|ordered_priority_queue_monolithic_ingress_parser:g_ingress_parser[1].ingress_parser_i|ingress_parser.lane_wdata[33]  ;
;                                                                                                                             ; due to stuck port data_in ;                                                                                                                                                                 ;
; asi_ingress_data[1][34]                                                                                                     ; Stuck at GND              ; ordered_priority_queue_monolithic_sv:dut_i|ordered_priority_queue_monolithic_ingress_parser:g_ingress_parser[1].ingress_parser_i|ingress_parser.lane_wdata[34]  ;
;                                                                                                                             ; due to stuck port data_in ;                                                                                                                                                                 ;
; asi_ingress_data[1][35]                                                                                                     ; Stuck at GND              ; ordered_priority_queue_monolithic_sv:dut_i|ordered_priority_queue_monolithic_ingress_parser:g_ingress_parser[1].ingress_parser_i|ingress_parser.lane_wdata[35]  ;
;                                                                                                                             ; due to stuck port data_in ;                                                                                                                                                                 ;
; asi_ingress_data[0][33]                                                                                                     ; Stuck at GND              ; ordered_priority_queue_monolithic_sv:dut_i|ordered_priority_queue_monolithic_ingress_parser:g_ingress_parser[0].ingress_parser_i|ingress_parser.lane_wdata[33]  ;
;                                                                                                                             ; due to stuck port data_in ;                                                                                                                                                                 ;
; asi_ingress_data[0][34]                                                                                                     ; Stuck at GND              ; ordered_priority_queue_monolithic_sv:dut_i|ordered_priority_queue_monolithic_ingress_parser:g_ingress_parser[0].ingress_parser_i|ingress_parser.lane_wdata[34]  ;
;                                                                                                                             ; due to stuck port data_in ;                                                                                                                                                                 ;
+-----------------------------------------------------------------------------------------------------------------------------+---------------------------+-----------------------------------------------------------------------------------------------------------------------------------------------------------------+


+------------------------------------------------------+
; General Register Statistics                          ;
+----------------------------------------------+-------+
; Statistic                                    ; Value ;
+----------------------------------------------+-------+
; Total registers                              ; 3082  ;
; Number of registers using Synchronous Clear  ; 2370  ;
; Number of registers using Synchronous Load   ; 278   ;
; Number of registers using Asynchronous Clear ; 550   ;
; Number of registers using Asynchronous Load  ; 0     ;
; Number of registers using Clock Enable       ; 986   ;
; Number of registers using Preset             ; 0     ;
+----------------------------------------------+-------+


+-----------------------------------------------------+
; Inverted Register Statistics                        ;
+-------------------------------------------+---------+
; Inverted Register                         ; Fan out ;
+-------------------------------------------+---------+
; g_lane[0].lane_subh_left_q[1]             ; 5       ;
; activity_tap_q[0][31]                     ; 1       ;
; activity_tap_q[0][29]                     ; 1       ;
; activity_tap_q[0][27]                     ; 1       ;
; activity_tap_q[0][26]                     ; 1       ;
; activity_tap_q[0][23]                     ; 1       ;
; activity_tap_q[0][22]                     ; 1       ;
; activity_tap_q[0][21]                     ; 1       ;
; activity_tap_q[1][31]                     ; 1       ;
; activity_tap_q[1][29]                     ; 1       ;
; activity_tap_q[1][27]                     ; 1       ;
; activity_tap_q[1][26]                     ; 1       ;
; activity_tap_q[1][23]                     ; 1       ;
; activity_tap_q[1][22]                     ; 1       ;
; activity_tap_q[1][21]                     ; 1       ;
; activity_tap_q[1][0]                      ; 1       ;
; activity_tap_q[2][31]                     ; 1       ;
; activity_tap_q[2][29]                     ; 1       ;
; activity_tap_q[2][27]                     ; 1       ;
; activity_tap_q[2][26]                     ; 1       ;
; activity_tap_q[2][23]                     ; 1       ;
; activity_tap_q[2][22]                     ; 1       ;
; activity_tap_q[2][21]                     ; 1       ;
; activity_tap_q[2][1]                      ; 1       ;
; activity_tap_q[3][31]                     ; 1       ;
; activity_tap_q[3][29]                     ; 1       ;
; activity_tap_q[3][27]                     ; 1       ;
; activity_tap_q[3][26]                     ; 1       ;
; activity_tap_q[3][23]                     ; 1       ;
; activity_tap_q[3][22]                     ; 1       ;
; activity_tap_q[3][21]                     ; 1       ;
; activity_tap_q[3][1]                      ; 1       ;
; activity_tap_q[3][0]                      ; 1       ;
; activity_tap_q[4][31]                     ; 1       ;
; activity_tap_q[4][29]                     ; 1       ;
; activity_tap_q[4][27]                     ; 1       ;
; activity_tap_q[4][26]                     ; 1       ;
; activity_tap_q[4][23]                     ; 1       ;
; activity_tap_q[4][22]                     ; 1       ;
; activity_tap_q[4][21]                     ; 1       ;
; activity_tap_q[4][2]                      ; 1       ;
; activity_tap_q[5][31]                     ; 1       ;
; activity_tap_q[5][29]                     ; 1       ;
; activity_tap_q[5][27]                     ; 1       ;
; activity_tap_q[5][26]                     ; 1       ;
; activity_tap_q[5][23]                     ; 1       ;
; activity_tap_q[5][22]                     ; 1       ;
; activity_tap_q[5][21]                     ; 1       ;
; activity_tap_q[5][2]                      ; 1       ;
; activity_tap_q[5][0]                      ; 1       ;
; activity_tap_q[6][31]                     ; 1       ;
; activity_tap_q[6][29]                     ; 1       ;
; activity_tap_q[6][27]                     ; 1       ;
; activity_tap_q[6][26]                     ; 1       ;
; activity_tap_q[6][23]                     ; 1       ;
; activity_tap_q[6][22]                     ; 1       ;
; activity_tap_q[6][21]                     ; 1       ;
; activity_tap_q[6][2]                      ; 1       ;
; activity_tap_q[6][1]                      ; 1       ;
; activity_tap_q[7][31]                     ; 1       ;
; activity_tap_q[7][29]                     ; 1       ;
; activity_tap_q[7][27]                     ; 1       ;
; activity_tap_q[7][26]                     ; 1       ;
; activity_tap_q[7][23]                     ; 1       ;
; activity_tap_q[7][22]                     ; 1       ;
; activity_tap_q[7][21]                     ; 1       ;
; activity_tap_q[7][2]                      ; 1       ;
; activity_tap_q[7][1]                      ; 1       ;
; activity_tap_q[7][0]                      ; 1       ;
; activity_tap_q[8][31]                     ; 1       ;
; activity_tap_q[8][29]                     ; 1       ;
; activity_tap_q[8][27]                     ; 1       ;
; activity_tap_q[8][26]                     ; 1       ;
; activity_tap_q[8][23]                     ; 1       ;
; activity_tap_q[8][22]                     ; 1       ;
; activity_tap_q[8][21]                     ; 1       ;
; activity_tap_q[8][3]                      ; 1       ;
; activity_tap_q[9][31]                     ; 1       ;
; activity_tap_q[9][29]                     ; 1       ;
; activity_tap_q[9][27]                     ; 1       ;
; activity_tap_q[9][26]                     ; 1       ;
; activity_tap_q[9][23]                     ; 1       ;
; activity_tap_q[9][22]                     ; 1       ;
; activity_tap_q[9][21]                     ; 1       ;
; activity_tap_q[9][3]                      ; 1       ;
; activity_tap_q[9][0]                      ; 1       ;
; activity_tap_q[10][31]                    ; 1       ;
; activity_tap_q[10][29]                    ; 1       ;
; activity_tap_q[10][27]                    ; 1       ;
; activity_tap_q[10][26]                    ; 1       ;
; activity_tap_q[10][23]                    ; 1       ;
; activity_tap_q[10][22]                    ; 1       ;
; activity_tap_q[10][21]                    ; 1       ;
; activity_tap_q[10][3]                     ; 1       ;
; activity_tap_q[10][1]                     ; 1       ;
; activity_tap_q[11][31]                    ; 1       ;
; activity_tap_q[11][29]                    ; 1       ;
; activity_tap_q[11][27]                    ; 1       ;
; activity_tap_q[11][26]                    ; 1       ;
; activity_tap_q[11][23]                    ; 1       ;
; Total number of inverted registers = 114* ;         ;
+-------------------------------------------+---------+
* Table truncated at 100 items. To change the number of inverted registers reported, set the "Number of Inverted Registers Reported" option under Assignments->Settings->Analysis and Synthesis Settings->More Settings


+----------------------------------------------------------------------------------------------------------------------------------------------------------------------------------------------------------------------------------------------------------------------------------------------------------------------------------------------------------------------------------------------------------------------------------+
; Registers Added for RAM Pass-Through Logic                                                                                                                                                                                                                                                                                                                                                                                       ;
+----------------------------------------------------------------------------------------------------------------------------------------------------------------------------------------------------------------------+-----------------------------------------------------------------------------------------------------------------------------------------------------------------------------------------------------------+
; Register Name                                                                                                                                                                                                        ; RAM Name                                                                                                                                                                                                  ;
+----------------------------------------------------------------------------------------------------------------------------------------------------------------------------------------------------------------------+-----------------------------------------------------------------------------------------------------------------------------------------------------------------------------------------------------------+
; ordered_priority_queue_monolithic_sv:dut_i|ordered_priority_queue_monolithic_basic_presenter:presenter_i|ordered_priority_queue_monolithic_basic_presenter_native:native_i|tile_fifo:meta_ram_i|ram_rtl_0_bypass[0]  ; ordered_priority_queue_monolithic_sv:dut_i|ordered_priority_queue_monolithic_basic_presenter:presenter_i|ordered_priority_queue_monolithic_basic_presenter_native:native_i|tile_fifo:meta_ram_i|ram_rtl_0 ;
; ordered_priority_queue_monolithic_sv:dut_i|ordered_priority_queue_monolithic_basic_presenter:presenter_i|ordered_priority_queue_monolithic_basic_presenter_native:native_i|tile_fifo:meta_ram_i|ram_rtl_0_bypass[1]  ; ordered_priority_queue_monolithic_sv:dut_i|ordered_priority_queue_monolithic_basic_presenter:presenter_i|ordered_priority_queue_monolithic_basic_presenter_native:native_i|tile_fifo:meta_ram_i|ram_rtl_0 ;
; ordered_priority_queue_monolithic_sv:dut_i|ordered_priority_queue_monolithic_basic_presenter:presenter_i|ordered_priority_queue_monolithic_basic_presenter_native:native_i|tile_fifo:meta_ram_i|ram_rtl_0_bypass[2]  ; ordered_priority_queue_monolithic_sv:dut_i|ordered_priority_queue_monolithic_basic_presenter:presenter_i|ordered_priority_queue_monolithic_basic_presenter_native:native_i|tile_fifo:meta_ram_i|ram_rtl_0 ;
; ordered_priority_queue_monolithic_sv:dut_i|ordered_priority_queue_monolithic_basic_presenter:presenter_i|ordered_priority_queue_monolithic_basic_presenter_native:native_i|tile_fifo:meta_ram_i|ram_rtl_0_bypass[3]  ; ordered_priority_queue_monolithic_sv:dut_i|ordered_priority_queue_monolithic_basic_presenter:presenter_i|ordered_priority_queue_monolithic_basic_presenter_native:native_i|tile_fifo:meta_ram_i|ram_rtl_0 ;
; ordered_priority_queue_monolithic_sv:dut_i|ordered_priority_queue_monolithic_basic_presenter:presenter_i|ordered_priority_queue_monolithic_basic_presenter_native:native_i|tile_fifo:meta_ram_i|ram_rtl_0_bypass[4]  ; ordered_priority_queue_monolithic_sv:dut_i|ordered_priority_queue_monolithic_basic_presenter:presenter_i|ordered_priority_queue_monolithic_basic_presenter_native:native_i|tile_fifo:meta_ram_i|ram_rtl_0 ;
; ordered_priority_queue_monolithic_sv:dut_i|ordered_priority_queue_monolithic_basic_presenter:presenter_i|ordered_priority_queue_monolithic_basic_presenter_native:native_i|tile_fifo:meta_ram_i|ram_rtl_0_bypass[5]  ; ordered_priority_queue_monolithic_sv:dut_i|ordered_priority_queue_monolithic_basic_presenter:presenter_i|ordered_priority_queue_monolithic_basic_presenter_native:native_i|tile_fifo:meta_ram_i|ram_rtl_0 ;
; ordered_priority_queue_monolithic_sv:dut_i|ordered_priority_queue_monolithic_basic_presenter:presenter_i|ordered_priority_queue_monolithic_basic_presenter_native:native_i|tile_fifo:meta_ram_i|ram_rtl_0_bypass[6]  ; ordered_priority_queue_monolithic_sv:dut_i|ordered_priority_queue_monolithic_basic_presenter:presenter_i|ordered_priority_queue_monolithic_basic_presenter_native:native_i|tile_fifo:meta_ram_i|ram_rtl_0 ;
; ordered_priority_queue_monolithic_sv:dut_i|ordered_priority_queue_monolithic_basic_presenter:presenter_i|ordered_priority_queue_monolithic_basic_presenter_native:native_i|tile_fifo:meta_ram_i|ram_rtl_0_bypass[7]  ; ordered_priority_queue_monolithic_sv:dut_i|ordered_priority_queue_monolithic_basic_presenter:presenter_i|ordered_priority_queue_monolithic_basic_presenter_native:native_i|tile_fifo:meta_ram_i|ram_rtl_0 ;
; ordered_priority_queue_monolithic_sv:dut_i|ordered_priority_queue_monolithic_basic_presenter:presenter_i|ordered_priority_queue_monolithic_basic_presenter_native:native_i|tile_fifo:meta_ram_i|ram_rtl_0_bypass[8]  ; ordered_priority_queue_monolithic_sv:dut_i|ordered_priority_queue_monolithic_basic_presenter:presenter_i|ordered_priority_queue_monolithic_basic_presenter_native:native_i|tile_fifo:meta_ram_i|ram_rtl_0 ;
; ordered_priority_queue_monolithic_sv:dut_i|ordered_priority_queue_monolithic_basic_presenter:presenter_i|ordered_priority_queue_monolithic_basic_presenter_native:native_i|tile_fifo:meta_ram_i|ram_rtl_0_bypass[9]  ; ordered_priority_queue_monolithic_sv:dut_i|ordered_priority_queue_monolithic_basic_presenter:presenter_i|ordered_priority_queue_monolithic_basic_presenter_native:native_i|tile_fifo:meta_ram_i|ram_rtl_0 ;
; ordered_priority_queue_monolithic_sv:dut_i|ordered_priority_queue_monolithic_basic_presenter:presenter_i|ordered_priority_queue_monolithic_basic_presenter_native:native_i|tile_fifo:meta_ram_i|ram_rtl_0_bypass[10] ; ordered_priority_queue_monolithic_sv:dut_i|ordered_priority_queue_monolithic_basic_presenter:presenter_i|ordered_priority_queue_monolithic_basic_presenter_native:native_i|tile_fifo:meta_ram_i|ram_rtl_0 ;
; ordered_priority_queue_monolithic_sv:dut_i|ordered_priority_queue_monolithic_basic_presenter:presenter_i|ordered_priority_queue_monolithic_basic_presenter_native:native_i|tile_fifo:meta_ram_i|ram_rtl_0_bypass[11] ; ordered_priority_queue_monolithic_sv:dut_i|ordered_priority_queue_monolithic_basic_presenter:presenter_i|ordered_priority_queue_monolithic_basic_presenter_native:native_i|tile_fifo:meta_ram_i|ram_rtl_0 ;
; ordered_priority_queue_monolithic_sv:dut_i|ordered_priority_queue_monolithic_basic_presenter:presenter_i|ordered_priority_queue_monolithic_basic_presenter_native:native_i|tile_fifo:meta_ram_i|ram_rtl_0_bypass[12] ; ordered_priority_queue_monolithic_sv:dut_i|ordered_priority_queue_monolithic_basic_presenter:presenter_i|ordered_priority_queue_monolithic_basic_presenter_native:native_i|tile_fifo:meta_ram_i|ram_rtl_0 ;
; ordered_priority_queue_monolithic_sv:dut_i|ordered_priority_queue_monolithic_basic_presenter:presenter_i|ordered_priority_queue_monolithic_basic_presenter_native:native_i|tile_fifo:meta_ram_i|ram_rtl_0_bypass[13] ; ordered_priority_queue_monolithic_sv:dut_i|ordered_priority_queue_monolithic_basic_presenter:presenter_i|ordered_priority_queue_monolithic_basic_presenter_native:native_i|tile_fifo:meta_ram_i|ram_rtl_0 ;
; ordered_priority_queue_monolithic_sv:dut_i|ordered_priority_queue_monolithic_basic_presenter:presenter_i|ordered_priority_queue_monolithic_basic_presenter_native:native_i|tile_fifo:meta_ram_i|ram_rtl_0_bypass[14] ; ordered_priority_queue_monolithic_sv:dut_i|ordered_priority_queue_monolithic_basic_presenter:presenter_i|ordered_priority_queue_monolithic_basic_presenter_native:native_i|tile_fifo:meta_ram_i|ram_rtl_0 ;
; ordered_priority_queue_monolithic_sv:dut_i|ordered_priority_queue_monolithic_basic_presenter:presenter_i|ordered_priority_queue_monolithic_basic_presenter_native:native_i|tile_fifo:meta_ram_i|ram_rtl_0_bypass[15] ; ordered_priority_queue_monolithic_sv:dut_i|ordered_priority_queue_monolithic_basic_presenter:presenter_i|ordered_priority_queue_monolithic_basic_presenter_native:native_i|tile_fifo:meta_ram_i|ram_rtl_0 ;
; ordered_priority_queue_monolithic_sv:dut_i|ordered_priority_queue_monolithic_basic_presenter:presenter_i|ordered_priority_queue_monolithic_basic_presenter_native:native_i|tile_fifo:meta_ram_i|ram_rtl_0_bypass[16] ; ordered_priority_queue_monolithic_sv:dut_i|ordered_priority_queue_monolithic_basic_presenter:presenter_i|ordered_priority_queue_monolithic_basic_presenter_native:native_i|tile_fifo:meta_ram_i|ram_rtl_0 ;
; ordered_priority_queue_monolithic_sv:dut_i|ordered_priority_queue_monolithic_basic_presenter:presenter_i|ordered_priority_queue_monolithic_basic_presenter_native:native_i|tile_fifo:meta_ram_i|ram_rtl_0_bypass[17] ; ordered_priority_queue_monolithic_sv:dut_i|ordered_priority_queue_monolithic_basic_presenter:presenter_i|ordered_priority_queue_monolithic_basic_presenter_native:native_i|tile_fifo:meta_ram_i|ram_rtl_0 ;
; ordered_priority_queue_monolithic_sv:dut_i|ordered_priority_queue_monolithic_basic_presenter:presenter_i|ordered_priority_queue_monolithic_basic_presenter_native:native_i|tile_fifo:meta_ram_i|ram_rtl_0_bypass[18] ; ordered_priority_queue_monolithic_sv:dut_i|ordered_priority_queue_monolithic_basic_presenter:presenter_i|ordered_priority_queue_monolithic_basic_presenter_native:native_i|tile_fifo:meta_ram_i|ram_rtl_0 ;
; ordered_priority_queue_monolithic_sv:dut_i|ordered_priority_queue_monolithic_basic_presenter:presenter_i|ordered_priority_queue_monolithic_basic_presenter_native:native_i|tile_fifo:meta_ram_i|ram_rtl_0_bypass[19] ; ordered_priority_queue_monolithic_sv:dut_i|ordered_priority_queue_monolithic_basic_presenter:presenter_i|ordered_priority_queue_monolithic_basic_presenter_native:native_i|tile_fifo:meta_ram_i|ram_rtl_0 ;
; ordered_priority_queue_monolithic_sv:dut_i|ordered_priority_queue_monolithic_basic_presenter:presenter_i|ordered_priority_queue_monolithic_basic_presenter_native:native_i|tile_fifo:meta_ram_i|ram_rtl_0_bypass[20] ; ordered_priority_queue_monolithic_sv:dut_i|ordered_priority_queue_monolithic_basic_presenter:presenter_i|ordered_priority_queue_monolithic_basic_presenter_native:native_i|tile_fifo:meta_ram_i|ram_rtl_0 ;
; ordered_priority_queue_monolithic_sv:dut_i|ordered_priority_queue_monolithic_basic_presenter:presenter_i|ordered_priority_queue_monolithic_basic_presenter_native:native_i|tile_fifo:meta_ram_i|ram_rtl_0_bypass[21] ; ordered_priority_queue_monolithic_sv:dut_i|ordered_priority_queue_monolithic_basic_presenter:presenter_i|ordered_priority_queue_monolithic_basic_presenter_native:native_i|tile_fifo:meta_ram_i|ram_rtl_0 ;
; ordered_priority_queue_monolithic_sv:dut_i|ordered_priority_queue_monolithic_basic_presenter:presenter_i|ordered_priority_queue_monolithic_basic_presenter_native:native_i|tile_fifo:meta_ram_i|ram_rtl_0_bypass[22] ; ordered_priority_queue_monolithic_sv:dut_i|ordered_priority_queue_monolithic_basic_presenter:presenter_i|ordered_priority_queue_monolithic_basic_presenter_native:native_i|tile_fifo:meta_ram_i|ram_rtl_0 ;
; ordered_priority_queue_monolithic_sv:dut_i|ordered_priority_queue_monolithic_basic_presenter:presenter_i|ordered_priority_queue_monolithic_basic_presenter_native:native_i|tile_fifo:meta_ram_i|ram_rtl_0_bypass[23] ; ordered_priority_queue_monolithic_sv:dut_i|ordered_priority_queue_monolithic_basic_presenter:presenter_i|ordered_priority_queue_monolithic_basic_presenter_native:native_i|tile_fifo:meta_ram_i|ram_rtl_0 ;
; ordered_priority_queue_monolithic_sv:dut_i|ordered_priority_queue_monolithic_basic_presenter:presenter_i|ordered_priority_queue_monolithic_basic_presenter_native:native_i|tile_fifo:meta_ram_i|ram_rtl_0_bypass[24] ; ordered_priority_queue_monolithic_sv:dut_i|ordered_priority_queue_monolithic_basic_presenter:presenter_i|ordered_priority_queue_monolithic_basic_presenter_native:native_i|tile_fifo:meta_ram_i|ram_rtl_0 ;
; ordered_priority_queue_monolithic_sv:dut_i|ordered_priority_queue_monolithic_basic_presenter:presenter_i|ordered_priority_queue_monolithic_basic_presenter_native:native_i|tile_fifo:meta_ram_i|ram_rtl_0_bypass[25] ; ordered_priority_queue_monolithic_sv:dut_i|ordered_priority_queue_monolithic_basic_presenter:presenter_i|ordered_priority_queue_monolithic_basic_presenter_native:native_i|tile_fifo:meta_ram_i|ram_rtl_0 ;
; ordered_priority_queue_monolithic_sv:dut_i|ordered_priority_queue_monolithic_basic_presenter:presenter_i|ordered_priority_queue_monolithic_basic_presenter_native:native_i|tile_fifo:meta_ram_i|ram_rtl_0_bypass[26] ; ordered_priority_queue_monolithic_sv:dut_i|ordered_priority_queue_monolithic_basic_presenter:presenter_i|ordered_priority_queue_monolithic_basic_presenter_native:native_i|tile_fifo:meta_ram_i|ram_rtl_0 ;
; ordered_priority_queue_monolithic_sv:dut_i|ordered_priority_queue_monolithic_basic_presenter:presenter_i|ordered_priority_queue_monolithic_basic_presenter_native:native_i|tile_fifo:meta_ram_i|ram_rtl_0_bypass[27] ; ordered_priority_queue_monolithic_sv:dut_i|ordered_priority_queue_monolithic_basic_presenter:presenter_i|ordered_priority_queue_monolithic_basic_presenter_native:native_i|tile_fifo:meta_ram_i|ram_rtl_0 ;
; ordered_priority_queue_monolithic_sv:dut_i|ordered_priority_queue_monolithic_basic_presenter:presenter_i|ordered_priority_queue_monolithic_basic_presenter_native:native_i|tile_fifo:meta_ram_i|ram_rtl_0_bypass[28] ; ordered_priority_queue_monolithic_sv:dut_i|ordered_priority_queue_monolithic_basic_presenter:presenter_i|ordered_priority_queue_monolithic_basic_presenter_native:native_i|tile_fifo:meta_ram_i|ram_rtl_0 ;
; ordered_priority_queue_monolithic_sv:dut_i|ordered_priority_queue_monolithic_basic_presenter:presenter_i|ordered_priority_queue_monolithic_basic_presenter_native:native_i|tile_fifo:meta_ram_i|ram_rtl_0_bypass[29] ; ordered_priority_queue_monolithic_sv:dut_i|ordered_priority_queue_monolithic_basic_presenter:presenter_i|ordered_priority_queue_monolithic_basic_presenter_native:native_i|tile_fifo:meta_ram_i|ram_rtl_0 ;
; ordered_priority_queue_monolithic_sv:dut_i|ordered_priority_queue_monolithic_basic_presenter:presenter_i|ordered_priority_queue_monolithic_basic_presenter_native:native_i|tile_fifo:meta_ram_i|ram_rtl_0_bypass[30] ; ordered_priority_queue_monolithic_sv:dut_i|ordered_priority_queue_monolithic_basic_presenter:presenter_i|ordered_priority_queue_monolithic_basic_presenter_native:native_i|tile_fifo:meta_ram_i|ram_rtl_0 ;
; ordered_priority_queue_monolithic_sv:dut_i|ordered_priority_queue_monolithic_basic_presenter:presenter_i|ordered_priority_queue_monolithic_basic_presenter_native:native_i|tile_fifo:meta_ram_i|ram_rtl_0_bypass[31] ; ordered_priority_queue_monolithic_sv:dut_i|ordered_priority_queue_monolithic_basic_presenter:presenter_i|ordered_priority_queue_monolithic_basic_presenter_native:native_i|tile_fifo:meta_ram_i|ram_rtl_0 ;
; ordered_priority_queue_monolithic_sv:dut_i|ordered_priority_queue_monolithic_basic_presenter:presenter_i|ordered_priority_queue_monolithic_basic_presenter_native:native_i|tile_fifo:meta_ram_i|ram_rtl_0_bypass[32] ; ordered_priority_queue_monolithic_sv:dut_i|ordered_priority_queue_monolithic_basic_presenter:presenter_i|ordered_priority_queue_monolithic_basic_presenter_native:native_i|tile_fifo:meta_ram_i|ram_rtl_0 ;
; ordered_priority_queue_monolithic_sv:dut_i|ordered_priority_queue_monolithic_basic_presenter:presenter_i|ordered_priority_queue_monolithic_basic_presenter_native:native_i|tile_fifo:meta_ram_i|ram_rtl_0_bypass[33] ; ordered_priority_queue_monolithic_sv:dut_i|ordered_priority_queue_monolithic_basic_presenter:presenter_i|ordered_priority_queue_monolithic_basic_presenter_native:native_i|tile_fifo:meta_ram_i|ram_rtl_0 ;
; ordered_priority_queue_monolithic_sv:dut_i|ordered_priority_queue_monolithic_basic_presenter:presenter_i|ordered_priority_queue_monolithic_basic_presenter_native:native_i|tile_fifo:meta_ram_i|ram_rtl_0_bypass[34] ; ordered_priority_queue_monolithic_sv:dut_i|ordered_priority_queue_monolithic_basic_presenter:presenter_i|ordered_priority_queue_monolithic_basic_presenter_native:native_i|tile_fifo:meta_ram_i|ram_rtl_0 ;
; ordered_priority_queue_monolithic_sv:dut_i|ordered_priority_queue_monolithic_basic_presenter:presenter_i|ordered_priority_queue_monolithic_basic_presenter_native:native_i|tile_fifo:meta_ram_i|ram_rtl_0_bypass[35] ; ordered_priority_queue_monolithic_sv:dut_i|ordered_priority_queue_monolithic_basic_presenter:presenter_i|ordered_priority_queue_monolithic_basic_presenter_native:native_i|tile_fifo:meta_ram_i|ram_rtl_0 ;
; ordered_priority_queue_monolithic_sv:dut_i|ordered_priority_queue_monolithic_basic_presenter:presenter_i|ordered_priority_queue_monolithic_basic_presenter_native:native_i|tile_fifo:meta_ram_i|ram_rtl_0_bypass[36] ; ordered_priority_queue_monolithic_sv:dut_i|ordered_priority_queue_monolithic_basic_presenter:presenter_i|ordered_priority_queue_monolithic_basic_presenter_native:native_i|tile_fifo:meta_ram_i|ram_rtl_0 ;
; ordered_priority_queue_monolithic_sv:dut_i|ordered_priority_queue_monolithic_basic_presenter:presenter_i|ordered_priority_queue_monolithic_basic_presenter_native:native_i|tile_fifo:meta_ram_i|ram_rtl_0_bypass[37] ; ordered_priority_queue_monolithic_sv:dut_i|ordered_priority_queue_monolithic_basic_presenter:presenter_i|ordered_priority_queue_monolithic_basic_presenter_native:native_i|tile_fifo:meta_ram_i|ram_rtl_0 ;
; ordered_priority_queue_monolithic_sv:dut_i|ordered_priority_queue_monolithic_basic_presenter:presenter_i|ordered_priority_queue_monolithic_basic_presenter_native:native_i|tile_fifo:meta_ram_i|ram_rtl_0_bypass[38] ; ordered_priority_queue_monolithic_sv:dut_i|ordered_priority_queue_monolithic_basic_presenter:presenter_i|ordered_priority_queue_monolithic_basic_presenter_native:native_i|tile_fifo:meta_ram_i|ram_rtl_0 ;
; ordered_priority_queue_monolithic_sv:dut_i|ordered_priority_queue_monolithic_basic_presenter:presenter_i|ordered_priority_queue_monolithic_basic_presenter_native:native_i|tile_fifo:meta_ram_i|ram_rtl_0_bypass[39] ; ordered_priority_queue_monolithic_sv:dut_i|ordered_priority_queue_monolithic_basic_presenter:presenter_i|ordered_priority_queue_monolithic_basic_presenter_native:native_i|tile_fifo:meta_ram_i|ram_rtl_0 ;
; ordered_priority_queue_monolithic_sv:dut_i|ordered_priority_queue_monolithic_basic_presenter:presenter_i|ordered_priority_queue_monolithic_basic_presenter_native:native_i|tile_fifo:meta_ram_i|ram_rtl_0_bypass[40] ; ordered_priority_queue_monolithic_sv:dut_i|ordered_priority_queue_monolithic_basic_presenter:presenter_i|ordered_priority_queue_monolithic_basic_presenter_native:native_i|tile_fifo:meta_ram_i|ram_rtl_0 ;
; ordered_priority_queue_monolithic_sv:dut_i|ordered_priority_queue_monolithic_basic_presenter:presenter_i|ordered_priority_queue_monolithic_basic_presenter_native:native_i|tile_fifo:meta_ram_i|ram_rtl_0_bypass[41] ; ordered_priority_queue_monolithic_sv:dut_i|ordered_priority_queue_monolithic_basic_presenter:presenter_i|ordered_priority_queue_monolithic_basic_presenter_native:native_i|tile_fifo:meta_ram_i|ram_rtl_0 ;
; ordered_priority_queue_monolithic_sv:dut_i|ordered_priority_queue_monolithic_basic_presenter:presenter_i|ordered_priority_queue_monolithic_basic_presenter_native:native_i|tile_fifo:meta_ram_i|ram_rtl_0_bypass[42] ; ordered_priority_queue_monolithic_sv:dut_i|ordered_priority_queue_monolithic_basic_presenter:presenter_i|ordered_priority_queue_monolithic_basic_presenter_native:native_i|tile_fifo:meta_ram_i|ram_rtl_0 ;
; ordered_priority_queue_monolithic_sv:dut_i|ordered_priority_queue_monolithic_basic_presenter:presenter_i|ordered_priority_queue_monolithic_basic_presenter_native:native_i|tile_fifo:meta_ram_i|ram_rtl_0_bypass[43] ; ordered_priority_queue_monolithic_sv:dut_i|ordered_priority_queue_monolithic_basic_presenter:presenter_i|ordered_priority_queue_monolithic_basic_presenter_native:native_i|tile_fifo:meta_ram_i|ram_rtl_0 ;
; ordered_priority_queue_monolithic_sv:dut_i|ordered_priority_queue_monolithic_basic_presenter:presenter_i|ordered_priority_queue_monolithic_basic_presenter_native:native_i|tile_fifo:meta_ram_i|ram_rtl_0_bypass[44] ; ordered_priority_queue_monolithic_sv:dut_i|ordered_priority_queue_monolithic_basic_presenter:presenter_i|ordered_priority_queue_monolithic_basic_presenter_native:native_i|tile_fifo:meta_ram_i|ram_rtl_0 ;
; ordered_priority_queue_monolithic_sv:dut_i|ordered_priority_queue_monolithic_basic_presenter:presenter_i|ordered_priority_queue_monolithic_basic_presenter_native:native_i|tile_fifo:meta_ram_i|ram_rtl_0_bypass[45] ; ordered_priority_queue_monolithic_sv:dut_i|ordered_priority_queue_monolithic_basic_presenter:presenter_i|ordered_priority_queue_monolithic_basic_presenter_native:native_i|tile_fifo:meta_ram_i|ram_rtl_0 ;
; ordered_priority_queue_monolithic_sv:dut_i|ordered_priority_queue_monolithic_basic_presenter:presenter_i|ordered_priority_queue_monolithic_basic_presenter_native:native_i|tile_fifo:meta_ram_i|ram_rtl_0_bypass[46] ; ordered_priority_queue_monolithic_sv:dut_i|ordered_priority_queue_monolithic_basic_presenter:presenter_i|ordered_priority_queue_monolithic_basic_presenter_native:native_i|tile_fifo:meta_ram_i|ram_rtl_0 ;
; ordered_priority_queue_monolithic_sv:dut_i|ordered_priority_queue_monolithic_basic_presenter:presenter_i|ordered_priority_queue_monolithic_basic_presenter_native:native_i|tile_fifo:meta_ram_i|ram_rtl_0_bypass[47] ; ordered_priority_queue_monolithic_sv:dut_i|ordered_priority_queue_monolithic_basic_presenter:presenter_i|ordered_priority_queue_monolithic_basic_presenter_native:native_i|tile_fifo:meta_ram_i|ram_rtl_0 ;
; ordered_priority_queue_monolithic_sv:dut_i|ordered_priority_queue_monolithic_basic_presenter:presenter_i|ordered_priority_queue_monolithic_basic_presenter_native:native_i|tile_fifo:meta_ram_i|ram_rtl_0_bypass[48] ; ordered_priority_queue_monolithic_sv:dut_i|ordered_priority_queue_monolithic_basic_presenter:presenter_i|ordered_priority_queue_monolithic_basic_presenter_native:native_i|tile_fifo:meta_ram_i|ram_rtl_0 ;
; ordered_priority_queue_monolithic_sv:dut_i|ordered_priority_queue_monolithic_basic_presenter:presenter_i|ordered_priority_queue_monolithic_basic_presenter_native:native_i|tile_fifo:meta_ram_i|ram_rtl_0_bypass[49] ; ordered_priority_queue_monolithic_sv:dut_i|ordered_priority_queue_monolithic_basic_presenter:presenter_i|ordered_priority_queue_monolithic_basic_presenter_native:native_i|tile_fifo:meta_ram_i|ram_rtl_0 ;
; ordered_priority_queue_monolithic_sv:dut_i|ordered_priority_queue_monolithic_basic_presenter:presenter_i|ordered_priority_queue_monolithic_basic_presenter_native:native_i|tile_fifo:meta_ram_i|ram_rtl_0_bypass[50] ; ordered_priority_queue_monolithic_sv:dut_i|ordered_priority_queue_monolithic_basic_presenter:presenter_i|ordered_priority_queue_monolithic_basic_presenter_native:native_i|tile_fifo:meta_ram_i|ram_rtl_0 ;
+----------------------------------------------------------------------------------------------------------------------------------------------------------------------------------------------------------------------+-----------------------------------------------------------------------------------------------------------------------------------------------------------------------------------------------------------+


+----------------------------------------------------------------------------------------------------------------------------------------------------------------------------------------------------------------------------------------------------------------------------------------------------------------------------------------------------------------+
; Multiplexer Restructuring Statistics (No Restructuring Performed)                                                                                                                                                                                                                                                                                              ;
+--------------------+-----------+---------------+----------------------+------------------------+------------+--------------------------------------------------------------------------------------------------------------------------------------------------------------------------------------------------------------------------------------------------+
; Multiplexer Inputs ; Bus Width ; Baseline Area ; Area if Restructured ; Saving if Restructured ; Registered ; Example Multiplexer Output                                                                                                                                                                                                                       ;
+--------------------+-----------+---------------+----------------------+------------------------+------------+--------------------------------------------------------------------------------------------------------------------------------------------------------------------------------------------------------------------------------------------------+
; 3:1                ; 4 bits    ; 8 LEs         ; 4 LEs                ; 4 LEs                  ; Yes        ; |opq_native_sv_2lane_signoff_top|ordered_priority_queue_monolithic_sv:dut_i|ordered_priority_queue_monolithic_page_allocator:page_allocator_i|fetch_any_pending_curr_sop_q                                                                       ;
; 3:1                ; 26 bits   ; 52 LEs        ; 0 LEs                ; 52 LEs                 ; Yes        ; |opq_native_sv_2lane_signoff_top|ordered_priority_queue_monolithic_sv:dut_i|ordered_priority_queue_monolithic_page_allocator:page_allocator_i|fetch_sop_n_subh_q[0]                                                                              ;
; 3:1                ; 2 bits    ; 4 LEs         ; 2 LEs                ; 2 LEs                  ; Yes        ; |opq_native_sv_2lane_signoff_top|ordered_priority_queue_monolithic_sv:dut_i|ordered_priority_queue_monolithic_page_allocator:page_allocator_i|fetch_start_new_frame_q                                                                            ;
; 3:1                ; 9 bits    ; 18 LEs        ; 0 LEs                ; 18 LEs                 ; Yes        ; |opq_native_sv_2lane_signoff_top|ordered_priority_queue_monolithic_sv:dut_i|ordered_priority_queue_monolithic_basic_presenter:presenter_i|ordered_priority_queue_monolithic_basic_presenter_native:native_i|overwrite_scan_stop_ptr[7]           ;
; 3:1                ; 41 bits   ; 82 LEs        ; 0 LEs                ; 82 LEs                 ; Yes        ; |opq_native_sv_2lane_signoff_top|ordered_priority_queue_monolithic_sv:dut_i|ordered_priority_queue_monolithic_basic_presenter:presenter_i|ordered_priority_queue_monolithic_basic_presenter_native:native_i|pending_overlap_stop_ptr_q[1]        ;
; 3:1                ; 26 bits   ; 52 LEs        ; 0 LEs                ; 52 LEs                 ; Yes        ; |opq_native_sv_2lane_signoff_top|ordered_priority_queue_monolithic_sv:dut_i|ordered_priority_queue_monolithic_basic_presenter:presenter_i|ordered_priority_queue_monolithic_basic_presenter_native:native_i|pending_overlap_launch_stop_ptr_q[4] ;
; 3:1                ; 32 bits   ; 64 LEs        ; 64 LEs               ; 0 LEs                  ; Yes        ; |opq_native_sv_2lane_signoff_top|ordered_priority_queue_monolithic_sv:dut_i|ordered_priority_queue_monolithic_basic_presenter:presenter_i|ordered_priority_queue_monolithic_basic_presenter_native:native_i|tile_fifo:meta_ram_i|q[28]           ;
; 3:1                ; 9 bits    ; 18 LEs        ; 0 LEs                ; 18 LEs                 ; Yes        ; |opq_native_sv_2lane_signoff_top|ordered_priority_queue_monolithic_sv:dut_i|ordered_priority_queue_monolithic_basic_presenter:presenter_i|ordered_priority_queue_monolithic_basic_presenter_native:native_i|meta_wptr[6]                         ;
; 3:1                ; 42 bits   ; 84 LEs        ; 0 LEs                ; 84 LEs                 ; Yes        ; |opq_native_sv_2lane_signoff_top|ordered_priority_queue_monolithic_sv:dut_i|packet_complete_shr_cnt_presenter_delay_dbg[1][5]                                                                                                                    ;
; 3:1                ; 16 bits   ; 32 LEs        ; 0 LEs                ; 32 LEs                 ; Yes        ; |opq_native_sv_2lane_signoff_top|ordered_priority_queue_monolithic_sv:dut_i|ordered_priority_queue_monolithic_block_path:block_path_i|block_mover_page_wptr[0][14]                                                                               ;
; 3:1                ; 16 bits   ; 32 LEs        ; 0 LEs                ; 32 LEs                 ; Yes        ; |opq_native_sv_2lane_signoff_top|ordered_priority_queue_monolithic_sv:dut_i|ordered_priority_queue_monolithic_block_path:block_path_i|block_mover_page_wptr[1][5]                                                                                ;
; 3:1                ; 32 bits   ; 64 LEs        ; 0 LEs                ; 64 LEs                 ; Yes        ; |opq_native_sv_2lane_signoff_top|ordered_priority_queue_monolithic_sv:dut_i|ordered_priority_queue_monolithic_page_allocator:page_allocator_i|page_allocator.frame_ts[10]                                                                        ;
; 3:1                ; 2 bits    ; 4 LEs         ; 4 LEs                ; 0 LEs                  ; Yes        ; |opq_native_sv_2lane_signoff_top|ordered_priority_queue_monolithic_sv:dut_i|ordered_priority_queue_monolithic_page_allocator:page_allocator_i|fetch_tk_past_q[0]                                                                                 ;
; 3:1                ; 2 bits    ; 4 LEs         ; 4 LEs                ; 0 LEs                  ; Yes        ; |opq_native_sv_2lane_signoff_top|ordered_priority_queue_monolithic_sv:dut_i|ordered_priority_queue_monolithic_page_allocator:page_allocator_i|fetch_tk_past_q[1]                                                                                 ;
; 3:1                ; 282 bits  ; 564 LEs       ; 0 LEs                ; 564 LEs                ; Yes        ; |opq_native_sv_2lane_signoff_top|ordered_priority_queue_monolithic_sv:dut_i|ordered_priority_queue_monolithic_page_allocator:page_allocator_i|fetch_ticket_raw_q[0][8]                                                                           ;
; 3:1                ; 16 bits   ; 32 LEs        ; 0 LEs                ; 32 LEs                 ; Yes        ; |opq_native_sv_2lane_signoff_top|ordered_priority_queue_monolithic_sv:dut_i|ordered_priority_queue_monolithic_page_allocator:page_allocator_i|packet_complete_frame_start_addr[2]                                                                ;
; 3:1                ; 29 bits   ; 58 LEs        ; 0 LEs                ; 58 LEs                 ; Yes        ; |opq_native_sv_2lane_signoff_top|ordered_priority_queue_monolithic_sv:dut_i|ordered_priority_queue_monolithic_basic_presenter:presenter_i|ordered_priority_queue_monolithic_basic_presenter_native:native_i|page_ram_rd_data_skid[12]            ;
; 4:1                ; 66 bits   ; 132 LEs       ; 0 LEs                ; 132 LEs                ; Yes        ; |opq_native_sv_2lane_signoff_top|ordered_priority_queue_monolithic_sv:dut_i|ordered_priority_queue_monolithic_page_allocator:page_allocator_i|fetch_ticket_raw_q[0][85]                                                                          ;
; 4:1                ; 66 bits   ; 132 LEs       ; 0 LEs                ; 132 LEs                ; Yes        ; |opq_native_sv_2lane_signoff_top|ordered_priority_queue_monolithic_sv:dut_i|ordered_priority_queue_monolithic_page_allocator:page_allocator_i|fetch_ticket_q[1].block_length[1]                                                                  ;
; 4:1                ; 6 bits    ; 12 LEs        ; 6 LEs                ; 6 LEs                  ; Yes        ; |opq_native_sv_2lane_signoff_top|ordered_priority_queue_monolithic_sv:dut_i|ordered_priority_queue_monolithic_page_allocator:page_allocator_i|page_allocator.handle_wptr[1][0]                                                                   ;
; 4:1                ; 2 bits    ; 4 LEs         ; 4 LEs                ; 0 LEs                  ; Yes        ; |opq_native_sv_2lane_signoff_top|ordered_priority_queue_monolithic_sv:dut_i|ordered_priority_queue_monolithic_page_allocator:page_allocator_i|late_frame_lane_credit_update_valid[1]                                                             ;
; 4:1                ; 16 bits   ; 32 LEs        ; 0 LEs                ; 32 LEs                 ; Yes        ; |opq_native_sv_2lane_signoff_top|ordered_priority_queue_monolithic_sv:dut_i|ordered_priority_queue_monolithic_page_allocator:page_allocator_i|page_allocator.frame_serial[0]                                                                     ;
; 8:1                ; 7 bits    ; 35 LEs        ; 35 LEs               ; 0 LEs                  ; Yes        ; |opq_native_sv_2lane_signoff_top|asi_ingress_data[0][24]                                                                                                                                                                                         ;
; 8:1                ; 2 bits    ; 10 LEs        ; 8 LEs                ; 2 LEs                  ; Yes        ; |opq_native_sv_2lane_signoff_top|asi_ingress_data[0][3]                                                                                                                                                                                          ;
; 8:1                ; 3 bits    ; 15 LEs        ; 12 LEs               ; 3 LEs                  ; Yes        ; |opq_native_sv_2lane_signoff_top|asi_ingress_data[0][2]                                                                                                                                                                                          ;
; 8:1                ; 5 bits    ; 25 LEs        ; 5 LEs                ; 20 LEs                 ; Yes        ; |opq_native_sv_2lane_signoff_top|g_lane[0].lane_hits_left_q[6]                                                                                                                                                                                   ;
; 8:1                ; 3 bits    ; 15 LEs        ; 3 LEs                ; 12 LEs                 ; Yes        ; |opq_native_sv_2lane_signoff_top|g_lane[0].lane_hits_left_q[2]                                                                                                                                                                                   ;
; 8:1                ; 7 bits    ; 35 LEs        ; 28 LEs               ; 7 LEs                  ; Yes        ; |opq_native_sv_2lane_signoff_top|asi_ingress_data[0][23]                                                                                                                                                                                         ;
; 8:1                ; 2 bits    ; 10 LEs        ; 4 LEs                ; 6 LEs                  ; Yes        ; |opq_native_sv_2lane_signoff_top|asi_ingress_data[0][11]                                                                                                                                                                                         ;
; 8:1                ; 7 bits    ; 35 LEs        ; 35 LEs               ; 0 LEs                  ; Yes        ; |opq_native_sv_2lane_signoff_top|asi_ingress_data[1][26]                                                                                                                                                                                         ;
; 8:1                ; 2 bits    ; 10 LEs        ; 8 LEs                ; 2 LEs                  ; Yes        ; |opq_native_sv_2lane_signoff_top|asi_ingress_data[1][3]                                                                                                                                                                                          ;
; 8:1                ; 3 bits    ; 15 LEs        ; 12 LEs               ; 3 LEs                  ; Yes        ; |opq_native_sv_2lane_signoff_top|asi_ingress_data[1][2]                                                                                                                                                                                          ;
; 8:1                ; 5 bits    ; 25 LEs        ; 5 LEs                ; 20 LEs                 ; Yes        ; |opq_native_sv_2lane_signoff_top|g_lane[1].lane_hits_left_q[3]                                                                                                                                                                                   ;
; 8:1                ; 3 bits    ; 15 LEs        ; 3 LEs                ; 12 LEs                 ; Yes        ; |opq_native_sv_2lane_signoff_top|g_lane[1].lane_hits_left_q[2]                                                                                                                                                                                   ;
; 8:1                ; 7 bits    ; 35 LEs        ; 28 LEs               ; 7 LEs                  ; Yes        ; |opq_native_sv_2lane_signoff_top|asi_ingress_data[1][21]                                                                                                                                                                                         ;
; 8:1                ; 2 bits    ; 10 LEs        ; 4 LEs                ; 6 LEs                  ; Yes        ; |opq_native_sv_2lane_signoff_top|asi_ingress_data[1][15]                                                                                                                                                                                         ;
; 4:1                ; 32 bits   ; 64 LEs        ; 0 LEs                ; 64 LEs                 ; Yes        ; |opq_native_sv_2lane_signoff_top|ordered_priority_queue_monolithic_sv:dut_i|ordered_priority_queue_monolithic_basic_presenter:presenter_i|ordered_priority_queue_monolithic_basic_presenter_native:native_i|head_len_q[9]                        ;
; 4:1                ; 34 bits   ; 68 LEs        ; 0 LEs                ; 68 LEs                 ; Yes        ; |opq_native_sv_2lane_signoff_top|ordered_priority_queue_monolithic_sv:dut_i|ordered_priority_queue_monolithic_block_path:block_path_i|block_mover_handle_dst[1][3]                                                                               ;
; 4:1                ; 34 bits   ; 68 LEs        ; 0 LEs                ; 68 LEs                 ; Yes        ; |opq_native_sv_2lane_signoff_top|ordered_priority_queue_monolithic_sv:dut_i|ordered_priority_queue_monolithic_block_path:block_path_i|block_mover_handle_dst[0][7]                                                                               ;
; 4:1                ; 9 bits    ; 18 LEs        ; 0 LEs                ; 18 LEs                 ; Yes        ; |opq_native_sv_2lane_signoff_top|ordered_priority_queue_monolithic_sv:dut_i|ordered_priority_queue_monolithic_page_allocator:page_allocator_i|page_allocator.ticket_rptr[0][1]                                                                   ;
; 4:1                ; 9 bits    ; 18 LEs        ; 0 LEs                ; 18 LEs                 ; Yes        ; |opq_native_sv_2lane_signoff_top|ordered_priority_queue_monolithic_sv:dut_i|ordered_priority_queue_monolithic_page_allocator:page_allocator_i|page_allocator.ticket_rptr[1][8]                                                                   ;
; 4:1                ; 26 bits   ; 52 LEs        ; 0 LEs                ; 52 LEs                 ; Yes        ; |opq_native_sv_2lane_signoff_top|ordered_priority_queue_monolithic_sv:dut_i|ordered_priority_queue_monolithic_page_allocator:page_allocator_i|fetch_curr_sop_n_hit_q[0][6]                                                                       ;
; 4:1                ; 26 bits   ; 52 LEs        ; 0 LEs                ; 52 LEs                 ; Yes        ; |opq_native_sv_2lane_signoff_top|ordered_priority_queue_monolithic_sv:dut_i|ordered_priority_queue_monolithic_page_allocator:page_allocator_i|fetch_curr_sop_n_hit_q[1][15]                                                                      ;
; 4:1                ; 17 bits   ; 34 LEs        ; 0 LEs                ; 34 LEs                 ; Yes        ; |opq_native_sv_2lane_signoff_top|ordered_priority_queue_monolithic_sv:dut_i|ordered_priority_queue_monolithic_page_allocator:page_allocator_i|fetch_future_frame_serial_q[11]                                                                    ;
; 4:1                ; 96 bits   ; 192 LEs       ; 0 LEs                ; 192 LEs                ; Yes        ; |opq_native_sv_2lane_signoff_top|ordered_priority_queue_monolithic_sv:dut_i|ordered_priority_queue_monolithic_page_allocator:page_allocator_i|fetch_header_running_ts_q[26]                                                                      ;
; 4:1                ; 6 bits    ; 12 LEs        ; 6 LEs                ; 6 LEs                  ; Yes        ; |opq_native_sv_2lane_signoff_top|ordered_priority_queue_monolithic_sv:dut_i|ordered_priority_queue_monolithic_page_allocator:page_allocator_i|page_allocator.handle_wptr[0][4]                                                                   ;
; 5:1                ; 9 bits    ; 27 LEs        ; 0 LEs                ; 27 LEs                 ; Yes        ; |opq_native_sv_2lane_signoff_top|ordered_priority_queue_monolithic_sv:dut_i|ordered_priority_queue_monolithic_basic_presenter:presenter_i|ordered_priority_queue_monolithic_basic_presenter_native:native_i|meta_rptr[8]                         ;
; 5:1                ; 2 bits    ; 6 LEs         ; 4 LEs                ; 2 LEs                  ; Yes        ; |opq_native_sv_2lane_signoff_top|ordered_priority_queue_monolithic_sv:dut_i|ordered_priority_queue_monolithic_page_allocator:page_allocator_i|page_allocator.lane_masked[0]                                                                      ;
; 5:1                ; 26 bits   ; 78 LEs        ; 52 LEs               ; 26 LEs                 ; Yes        ; |opq_native_sv_2lane_signoff_top|ordered_priority_queue_monolithic_sv:dut_i|ordered_priority_queue_monolithic_basic_presenter:presenter_i|ordered_priority_queue_monolithic_basic_presenter_native:native_i|overwrite_scan_remaining_words[3]    ;
; 5:1                ; 16 bits   ; 48 LEs        ; 32 LEs               ; 16 LEs                 ; Yes        ; |opq_native_sv_2lane_signoff_top|ordered_priority_queue_monolithic_sv:dut_i|ordered_priority_queue_monolithic_block_path:block_path_i|page_ram_wr_addr_o[4]                                                                                      ;
; 6:1                ; 18 bits   ; 72 LEs        ; 0 LEs                ; 72 LEs                 ; Yes        ; |opq_native_sv_2lane_signoff_top|ordered_priority_queue_monolithic_sv:dut_i|ordered_priority_queue_monolithic_page_allocator:page_allocator_i|page_allocator.ticket[0].block_length[4]                                                           ;
; 6:1                ; 18 bits   ; 72 LEs        ; 0 LEs                ; 72 LEs                 ; Yes        ; |opq_native_sv_2lane_signoff_top|ordered_priority_queue_monolithic_sv:dut_i|ordered_priority_queue_monolithic_page_allocator:page_allocator_i|page_allocator.ticket[1].block_length[0]                                                           ;
; 5:1                ; 8 bits    ; 24 LEs        ; 0 LEs                ; 24 LEs                 ; Yes        ; |opq_native_sv_2lane_signoff_top|ordered_priority_queue_monolithic_sv:dut_i|ordered_priority_queue_monolithic_page_allocator:page_allocator_i|late_frame_lane_credit_update[0][3]                                                                ;
; 5:1                ; 8 bits    ; 24 LEs        ; 0 LEs                ; 24 LEs                 ; Yes        ; |opq_native_sv_2lane_signoff_top|ordered_priority_queue_monolithic_sv:dut_i|ordered_priority_queue_monolithic_page_allocator:page_allocator_i|late_frame_lane_credit_update[1][7]                                                                ;
; 9:1                ; 2 bits    ; 12 LEs        ; 8 LEs                ; 4 LEs                  ; Yes        ; |opq_native_sv_2lane_signoff_top|g_lane[0].lane_phase_q[2]                                                                                                                                                                                       ;
; 9:1                ; 2 bits    ; 12 LEs        ; 8 LEs                ; 4 LEs                  ; Yes        ; |opq_native_sv_2lane_signoff_top|g_lane[1].lane_phase_q[2]                                                                                                                                                                                       ;
; 9:1                ; 5 bits    ; 30 LEs        ; 5 LEs                ; 25 LEs                 ; Yes        ; |opq_native_sv_2lane_signoff_top|g_lane[0].lane_subh_left_q[6]                                                                                                                                                                                   ;
; 9:1                ; 2 bits    ; 12 LEs        ; 2 LEs                ; 10 LEs                 ; Yes        ; |opq_native_sv_2lane_signoff_top|g_lane[0].lane_subh_left_q[0]                                                                                                                                                                                   ;
; 9:1                ; 5 bits    ; 30 LEs        ; 5 LEs                ; 25 LEs                 ; Yes        ; |opq_native_sv_2lane_signoff_top|g_lane[1].lane_subh_left_q[6]                                                                                                                                                                                   ;
; 5:1                ; 2 bits    ; 6 LEs         ; 6 LEs                ; 0 LEs                  ; Yes        ; |opq_native_sv_2lane_signoff_top|ordered_priority_queue_monolithic_sv:dut_i|ordered_priority_queue_monolithic_page_allocator:page_allocator_i|page_allocator.handle_wflag[1]                                                                     ;
; 10:1               ; 8 bits    ; 48 LEs        ; 0 LEs                ; 48 LEs                 ; Yes        ; |opq_native_sv_2lane_signoff_top|ordered_priority_queue_monolithic_sv:dut_i|ordered_priority_queue_monolithic_block_path:block_path_i|block_mover_word_wr_cnt[0][2]                                                                              ;
; 10:1               ; 8 bits    ; 48 LEs        ; 0 LEs                ; 48 LEs                 ; Yes        ; |opq_native_sv_2lane_signoff_top|ordered_priority_queue_monolithic_sv:dut_i|ordered_priority_queue_monolithic_block_path:block_path_i|block_mover_word_wr_cnt[1][0]                                                                              ;
; 10:1               ; 6 bits    ; 36 LEs        ; 6 LEs                ; 30 LEs                 ; Yes        ; |opq_native_sv_2lane_signoff_top|ordered_priority_queue_monolithic_sv:dut_i|ordered_priority_queue_monolithic_block_path:block_path_i|block_mover_handle_rptr[0][0]                                                                              ;
; 10:1               ; 6 bits    ; 36 LEs        ; 6 LEs                ; 30 LEs                 ; Yes        ; |opq_native_sv_2lane_signoff_top|ordered_priority_queue_monolithic_sv:dut_i|ordered_priority_queue_monolithic_block_path:block_path_i|block_mover_handle_rptr[1][0]                                                                              ;
; 6:1                ; 16 bits   ; 64 LEs        ; 0 LEs                ; 64 LEs                 ; Yes        ; |opq_native_sv_2lane_signoff_top|ordered_priority_queue_monolithic_sv:dut_i|ordered_priority_queue_monolithic_page_allocator:page_allocator_i|fetch_sop_serial_q[1]                                                                              ;
; 6:1                ; 2 bits    ; 8 LEs         ; 4 LEs                ; 4 LEs                  ; Yes        ; |opq_native_sv_2lane_signoff_top|ordered_priority_queue_monolithic_sv:dut_i|ordered_priority_queue_monolithic_block_path:block_path_i|b2p_arb.sel_mask[0]                                                                                        ;
; 6:1                ; 26 bits   ; 104 LEs       ; 0 LEs                ; 104 LEs                ; Yes        ; |opq_native_sv_2lane_signoff_top|ordered_priority_queue_monolithic_sv:dut_i|ordered_priority_queue_monolithic_page_allocator:page_allocator_i|page_allocator.frame_shr_cnt_this[4]                                                               ;
; 7:1                ; 2 bits    ; 8 LEs         ; 8 LEs                ; 0 LEs                  ; Yes        ; |opq_native_sv_2lane_signoff_top|ordered_priority_queue_monolithic_sv:dut_i|ordered_priority_queue_monolithic_page_allocator:page_allocator_i|fetch_lane_credit_valid_q[0]                                                                       ;
; 7:1                ; 2 bits    ; 8 LEs         ; 8 LEs                ; 0 LEs                  ; Yes        ; |opq_native_sv_2lane_signoff_top|ordered_priority_queue_monolithic_sv:dut_i|ordered_priority_queue_monolithic_page_allocator:page_allocator_i|fetch_lane_credit_valid_q[1]                                                                       ;
; 6:1                ; 36 bits   ; 144 LEs       ; 0 LEs                ; 144 LEs                ; Yes        ; |opq_native_sv_2lane_signoff_top|ordered_priority_queue_monolithic_sv:dut_i|ordered_priority_queue_monolithic_page_allocator:page_allocator_i|page_allocator.frame_cnt[0]                                                                        ;
; 6:1                ; 16 bits   ; 64 LEs        ; 0 LEs                ; 64 LEs                 ; Yes        ; |opq_native_sv_2lane_signoff_top|ordered_priority_queue_monolithic_sv:dut_i|ordered_priority_queue_monolithic_page_allocator:page_allocator_i|page_allocator.frame_start_addr_last[2]                                                            ;
; 6:1                ; 16 bits   ; 64 LEs        ; 0 LEs                ; 64 LEs                 ; Yes        ; |opq_native_sv_2lane_signoff_top|ordered_priority_queue_monolithic_sv:dut_i|ordered_priority_queue_monolithic_page_allocator:page_allocator_i|page_allocator.frame_start_addr[9]                                                                 ;
; 5:1                ; 8 bits    ; 24 LEs        ; 0 LEs                ; 24 LEs                 ; Yes        ; |opq_native_sv_2lane_signoff_top|ordered_priority_queue_monolithic_sv:dut_i|ordered_priority_queue_monolithic_ingress_parser:g_ingress_parser[1].ingress_parser_i|ingress_parser.shd_len[5]                                                      ;
; 5:1                ; 8 bits    ; 24 LEs        ; 0 LEs                ; 24 LEs                 ; Yes        ; |opq_native_sv_2lane_signoff_top|ordered_priority_queue_monolithic_sv:dut_i|ordered_priority_queue_monolithic_ingress_parser:g_ingress_parser[0].ingress_parser_i|ingress_parser.shd_len[4]                                                      ;
; 11:1               ; 2 bits    ; 14 LEs        ; 4 LEs                ; 10 LEs                 ; Yes        ; |opq_native_sv_2lane_signoff_top|ordered_priority_queue_monolithic_sv:dut_i|ordered_priority_queue_monolithic_block_path:block_path_i|block_mover_lane_credit_update[0][8]                                                                       ;
; 11:1               ; 8 bits    ; 56 LEs        ; 8 LEs                ; 48 LEs                 ; Yes        ; |opq_native_sv_2lane_signoff_top|ordered_priority_queue_monolithic_sv:dut_i|ordered_priority_queue_monolithic_block_path:block_path_i|block_mover_lane_credit_update[0][7]                                                                       ;
; 11:1               ; 2 bits    ; 14 LEs        ; 4 LEs                ; 10 LEs                 ; Yes        ; |opq_native_sv_2lane_signoff_top|ordered_priority_queue_monolithic_sv:dut_i|ordered_priority_queue_monolithic_block_path:block_path_i|block_mover_lane_credit_update[1][9]                                                                       ;
; 11:1               ; 8 bits    ; 56 LEs        ; 8 LEs                ; 48 LEs                 ; Yes        ; |opq_native_sv_2lane_signoff_top|ordered_priority_queue_monolithic_sv:dut_i|ordered_priority_queue_monolithic_block_path:block_path_i|block_mover_lane_credit_update[1][0]                                                                       ;
; 7:1                ; 3 bits    ; 12 LEs        ; 12 LEs               ; 0 LEs                  ; Yes        ; |opq_native_sv_2lane_signoff_top|ordered_priority_queue_monolithic_sv:dut_i|ordered_priority_queue_monolithic_block_path:block_path_i|page_ram_wr_data_o[33]                                                                                     ;
; 7:1                ; 17 bits   ; 68 LEs        ; 51 LEs               ; 17 LEs                 ; Yes        ; |opq_native_sv_2lane_signoff_top|ordered_priority_queue_monolithic_sv:dut_i|ordered_priority_queue_monolithic_block_path:block_path_i|page_ram_wr_data_o[11]                                                                                     ;
; 6:1                ; 16 bits   ; 64 LEs        ; 0 LEs                ; 64 LEs                 ; Yes        ; |opq_native_sv_2lane_signoff_top|ordered_priority_queue_monolithic_sv:dut_i|ordered_priority_queue_monolithic_basic_presenter:presenter_i|ordered_priority_queue_monolithic_basic_presenter_native:native_i|page_ram_rptr[0]                     ;
; 7:1                ; 2 bits    ; 8 LEs         ; 8 LEs                ; 0 LEs                  ; Yes        ; |opq_native_sv_2lane_signoff_top|ordered_priority_queue_monolithic_sv:dut_i|ordered_priority_queue_monolithic_page_allocator:page_allocator_i|page_allocator.handle_we[0]                                                                        ;
; 7:1                ; 10 bits   ; 40 LEs        ; 0 LEs                ; 40 LEs                 ; Yes        ; |opq_native_sv_2lane_signoff_top|ordered_priority_queue_monolithic_sv:dut_i|ordered_priority_queue_monolithic_ingress_parser:g_ingress_parser[0].ingress_parser_i|ingress_parser.lane_wptr[9]                                                    ;
; 7:1                ; 10 bits   ; 40 LEs        ; 0 LEs                ; 40 LEs                 ; Yes        ; |opq_native_sv_2lane_signoff_top|ordered_priority_queue_monolithic_sv:dut_i|ordered_priority_queue_monolithic_ingress_parser:g_ingress_parser[1].ingress_parser_i|ingress_parser.lane_wptr[5]                                                    ;
; 7:1                ; 44 bits   ; 176 LEs       ; 0 LEs                ; 176 LEs                ; Yes        ; |opq_native_sv_2lane_signoff_top|ordered_priority_queue_monolithic_sv:dut_i|ordered_priority_queue_monolithic_page_allocator:page_allocator_i|page_allocator.running_ts[18]                                                                      ;
; 8:1                ; 9 bits    ; 45 LEs        ; 27 LEs               ; 18 LEs                 ; Yes        ; |opq_native_sv_2lane_signoff_top|ordered_priority_queue_monolithic_sv:dut_i|ordered_priority_queue_monolithic_ingress_parser:g_ingress_parser[1].ingress_parser_i|ingress_parser.lane_credit[3]                                                  ;
; 8:1                ; 9 bits    ; 45 LEs        ; 27 LEs               ; 18 LEs                 ; Yes        ; |opq_native_sv_2lane_signoff_top|ordered_priority_queue_monolithic_sv:dut_i|ordered_priority_queue_monolithic_ingress_parser:g_ingress_parser[0].ingress_parser_i|ingress_parser.lane_credit[8]                                                  ;
; 7:1                ; 18 bits   ; 72 LEs        ; 36 LEs               ; 36 LEs                 ; Yes        ; |opq_native_sv_2lane_signoff_top|ordered_priority_queue_monolithic_sv:dut_i|ordered_priority_queue_monolithic_page_allocator:page_allocator_i|page_allocator.ticket_credit_update[1][0]                                                          ;
; 6:1                ; 16 bits   ; 64 LEs        ; 0 LEs                ; 64 LEs                 ; Yes        ; |opq_native_sv_2lane_signoff_top|ordered_priority_queue_monolithic_sv:dut_i|ordered_priority_queue_monolithic_basic_presenter:presenter_i|ordered_priority_queue_monolithic_basic_presenter_native:native_i|pkt_rd_word_cnt[1]                   ;
; 8:1                ; 6 bits    ; 30 LEs        ; 12 LEs               ; 18 LEs                 ; Yes        ; |opq_native_sv_2lane_signoff_top|ordered_priority_queue_monolithic_sv:dut_i|ordered_priority_queue_monolithic_page_allocator:page_allocator_i|page_allocator.frame_join_wait[0]                                                                  ;
; 7:1                ; 22 bits   ; 88 LEs        ; 0 LEs                ; 88 LEs                 ; Yes        ; |opq_native_sv_2lane_signoff_top|ordered_priority_queue_monolithic_sv:dut_i|ordered_priority_queue_monolithic_ingress_parser:g_ingress_parser[0].ingress_parser_i|ingress_parser.feb_id[15]                                                      ;
; 8:1                ; 36 bits   ; 180 LEs       ; 0 LEs                ; 180 LEs                ; Yes        ; |opq_native_sv_2lane_signoff_top|ordered_priority_queue_monolithic_sv:dut_i|ordered_priority_queue_monolithic_page_allocator:page_allocator_i|page_allocator.frame_ts[12]                                                                        ;
; 7:1                ; 18 bits   ; 72 LEs        ; 0 LEs                ; 72 LEs                 ; Yes        ; |opq_native_sv_2lane_signoff_top|ordered_priority_queue_monolithic_sv:dut_i|ordered_priority_queue_monolithic_ingress_parser:g_ingress_parser[1].ingress_parser_i|ingress_parser.feb_id[3]                                                       ;
; 7:1                ; 4 bits    ; 16 LEs        ; 8 LEs                ; 8 LEs                  ; Yes        ; |opq_native_sv_2lane_signoff_top|ordered_priority_queue_monolithic_sv:dut_i|ordered_priority_queue_monolithic_ingress_parser:g_ingress_parser[1].ingress_parser_i|ingress_parser.running_ts[2]                                                   ;
; 7:1                ; 12 bits   ; 48 LEs        ; 0 LEs                ; 48 LEs                 ; Yes        ; |opq_native_sv_2lane_signoff_top|ordered_priority_queue_monolithic_sv:dut_i|ordered_priority_queue_monolithic_ingress_parser:g_ingress_parser[1].ingress_parser_i|ingress_parser.running_ts[12]                                                  ;
; 7:1                ; 32 bits   ; 128 LEs       ; 0 LEs                ; 128 LEs                ; Yes        ; |opq_native_sv_2lane_signoff_top|ordered_priority_queue_monolithic_sv:dut_i|ordered_priority_queue_monolithic_ingress_parser:g_ingress_parser[1].ingress_parser_i|ingress_parser.running_ts[38]                                                  ;
; 7:1                ; 4 bits    ; 16 LEs        ; 8 LEs                ; 8 LEs                  ; Yes        ; |opq_native_sv_2lane_signoff_top|ordered_priority_queue_monolithic_sv:dut_i|ordered_priority_queue_monolithic_ingress_parser:g_ingress_parser[0].ingress_parser_i|ingress_parser.running_ts[1]                                                   ;
; 7:1                ; 12 bits   ; 48 LEs        ; 0 LEs                ; 48 LEs                 ; Yes        ; |opq_native_sv_2lane_signoff_top|ordered_priority_queue_monolithic_sv:dut_i|ordered_priority_queue_monolithic_ingress_parser:g_ingress_parser[0].ingress_parser_i|ingress_parser.running_ts[15]                                                  ;
; 7:1                ; 32 bits   ; 128 LEs       ; 0 LEs                ; 128 LEs                ; Yes        ; |opq_native_sv_2lane_signoff_top|ordered_priority_queue_monolithic_sv:dut_i|ordered_priority_queue_monolithic_ingress_parser:g_ingress_parser[0].ingress_parser_i|ingress_parser.running_ts[41]                                                  ;
; 8:1                ; 15 bits   ; 75 LEs        ; 30 LEs               ; 45 LEs                 ; Yes        ; |opq_native_sv_2lane_signoff_top|ordered_priority_queue_monolithic_sv:dut_i|ordered_priority_queue_monolithic_page_allocator:page_allocator_i|page_allocator.page_start_addr[1]                                                                  ;
; 8:1                ; 26 bits   ; 130 LEs       ; 0 LEs                ; 130 LEs                ; Yes        ; |opq_native_sv_2lane_signoff_top|ordered_priority_queue_monolithic_sv:dut_i|ordered_priority_queue_monolithic_page_allocator:page_allocator_i|page_allocator.frame_shr_cnt[7]                                                                    ;
; 7:1                ; 58 bits   ; 232 LEs       ; 0 LEs                ; 232 LEs                ; Yes        ; |opq_native_sv_2lane_signoff_top|ordered_priority_queue_monolithic_sv:dut_i|ordered_priority_queue_monolithic_basic_presenter:presenter_i|ordered_priority_queue_monolithic_basic_presenter_native:native_i|output_data_pipe[1][20]              ;
; 9:1                ; 3 bits    ; 18 LEs        ; 9 LEs                ; 9 LEs                  ; Yes        ; |opq_native_sv_2lane_signoff_top|ordered_priority_queue_monolithic_sv:dut_i|ordered_priority_queue_monolithic_page_allocator:page_allocator_i|page_allocator.write_meta_flow[0]                                                                  ;
; 8:1                ; 29 bits   ; 145 LEs       ; 0 LEs                ; 145 LEs                ; Yes        ; |opq_native_sv_2lane_signoff_top|ordered_priority_queue_monolithic_sv:dut_i|ordered_priority_queue_monolithic_basic_presenter:presenter_i|ordered_priority_queue_monolithic_basic_presenter_native:native_i|output_data_pipe[0][16]              ;
; 9:1                ; 10 bits   ; 60 LEs        ; 0 LEs                ; 60 LEs                 ; Yes        ; |opq_native_sv_2lane_signoff_top|ordered_priority_queue_monolithic_sv:dut_i|ordered_priority_queue_monolithic_ingress_parser:g_ingress_parser[1].ingress_parser_i|ingress_parser.ticket_wptr[1]                                                  ;
; 9:1                ; 10 bits   ; 60 LEs        ; 0 LEs                ; 60 LEs                 ; Yes        ; |opq_native_sv_2lane_signoff_top|ordered_priority_queue_monolithic_sv:dut_i|ordered_priority_queue_monolithic_ingress_parser:g_ingress_parser[0].ingress_parser_i|ingress_parser.ticket_wptr[1]                                                  ;
; 15:1               ; 8 bits    ; 80 LEs        ; 48 LEs               ; 32 LEs                 ; Yes        ; |opq_native_sv_2lane_signoff_top|ordered_priority_queue_monolithic_sv:dut_i|ordered_priority_queue_monolithic_block_path:block_path_i|page_ram_wr_data_o[22]                                                                                     ;
; 8:1                ; 3 bits    ; 15 LEs        ; 12 LEs               ; 3 LEs                  ; Yes        ; |opq_native_sv_2lane_signoff_top|ordered_priority_queue_monolithic_sv:dut_i|ordered_priority_queue_monolithic_basic_presenter:presenter_i|ordered_priority_queue_monolithic_basic_presenter_native:native_i|output_data_valid[3]                 ;
; 8:1                ; 48 bits   ; 240 LEs       ; 0 LEs                ; 240 LEs                ; Yes        ; |opq_native_sv_2lane_signoff_top|ordered_priority_queue_monolithic_sv:dut_i|ordered_priority_queue_monolithic_ingress_parser:g_ingress_parser[0].ingress_parser_i|ingress_parser.ticket_wdata[78]                                                ;
; 8:1                ; 10 bits   ; 50 LEs        ; 0 LEs                ; 50 LEs                 ; Yes        ; |opq_native_sv_2lane_signoff_top|ordered_priority_queue_monolithic_sv:dut_i|ordered_priority_queue_monolithic_ingress_parser:g_ingress_parser[0].ingress_parser_i|ingress_parser.ticket_wdata[50]                                                ;
; 8:1                ; 48 bits   ; 240 LEs       ; 0 LEs                ; 240 LEs                ; Yes        ; |opq_native_sv_2lane_signoff_top|ordered_priority_queue_monolithic_sv:dut_i|ordered_priority_queue_monolithic_ingress_parser:g_ingress_parser[1].ingress_parser_i|ingress_parser.ticket_wdata[77]                                                ;
; 8:1                ; 10 bits   ; 50 LEs        ; 0 LEs                ; 50 LEs                 ; Yes        ; |opq_native_sv_2lane_signoff_top|ordered_priority_queue_monolithic_sv:dut_i|ordered_priority_queue_monolithic_ingress_parser:g_ingress_parser[1].ingress_parser_i|ingress_parser.ticket_wdata[57]                                                ;
; 9:1                ; 4 bits    ; 24 LEs        ; 12 LEs               ; 12 LEs                 ; Yes        ; |opq_native_sv_2lane_signoff_top|ordered_priority_queue_monolithic_sv:dut_i|ordered_priority_queue_monolithic_ingress_parser:g_ingress_parser[1].ingress_parser_i|ingress_parser.ticket_wdata[0]                                                 ;
; 9:1                ; 52 bits   ; 312 LEs       ; 104 LEs              ; 208 LEs                ; Yes        ; |opq_native_sv_2lane_signoff_top|ordered_priority_queue_monolithic_sv:dut_i|ordered_priority_queue_monolithic_ingress_parser:g_ingress_parser[1].ingress_parser_i|ingress_parser.ticket_wdata[16]                                                ;
; 9:1                ; 4 bits    ; 24 LEs        ; 12 LEs               ; 12 LEs                 ; Yes        ; |opq_native_sv_2lane_signoff_top|ordered_priority_queue_monolithic_sv:dut_i|ordered_priority_queue_monolithic_ingress_parser:g_ingress_parser[0].ingress_parser_i|ingress_parser.ticket_wdata[0]                                                 ;
; 9:1                ; 52 bits   ; 312 LEs       ; 104 LEs              ; 208 LEs                ; Yes        ; |opq_native_sv_2lane_signoff_top|ordered_priority_queue_monolithic_sv:dut_i|ordered_priority_queue_monolithic_ingress_parser:g_ingress_parser[0].ingress_parser_i|ingress_parser.ticket_wdata[36]                                                ;
; 8:1                ; 4 bits    ; 20 LEs        ; 16 LEs               ; 4 LEs                  ; Yes        ; |opq_native_sv_2lane_signoff_top|ordered_priority_queue_monolithic_sv:dut_i|ordered_priority_queue_monolithic_block_path:block_path_i|b2p_arb.quantum[1][3]                                                                                      ;
; 8:1                ; 5 bits    ; 25 LEs        ; 20 LEs               ; 5 LEs                  ; Yes        ; |opq_native_sv_2lane_signoff_top|ordered_priority_queue_monolithic_sv:dut_i|ordered_priority_queue_monolithic_block_path:block_path_i|b2p_arb.quantum[1][4]                                                                                      ;
; 8:1                ; 5 bits    ; 25 LEs        ; 20 LEs               ; 5 LEs                  ; Yes        ; |opq_native_sv_2lane_signoff_top|ordered_priority_queue_monolithic_sv:dut_i|ordered_priority_queue_monolithic_block_path:block_path_i|b2p_arb.quantum[0][0]                                                                                      ;
; 8:1                ; 4 bits    ; 20 LEs        ; 16 LEs               ; 4 LEs                  ; Yes        ; |opq_native_sv_2lane_signoff_top|ordered_priority_queue_monolithic_sv:dut_i|ordered_priority_queue_monolithic_block_path:block_path_i|b2p_arb.quantum[0][9]                                                                                      ;
; 6:1                ; 9 bits    ; 36 LEs        ; 27 LEs               ; 9 LEs                  ; Yes        ; |opq_native_sv_2lane_signoff_top|ordered_priority_queue_monolithic_sv:dut_i|ordered_priority_queue_monolithic_ingress_parser:g_ingress_parser[1].ingress_parser_i|ingress_parser.ticket_credit[1]                                                ;
; 6:1                ; 9 bits    ; 36 LEs        ; 27 LEs               ; 9 LEs                  ; Yes        ; |opq_native_sv_2lane_signoff_top|ordered_priority_queue_monolithic_sv:dut_i|ordered_priority_queue_monolithic_ingress_parser:g_ingress_parser[0].ingress_parser_i|ingress_parser.ticket_credit[3]                                                ;
; 14:1               ; 16 bits   ; 144 LEs       ; 64 LEs               ; 80 LEs                 ; Yes        ; |opq_native_sv_2lane_signoff_top|ordered_priority_queue_monolithic_sv:dut_i|ordered_priority_queue_monolithic_page_allocator:page_allocator_i|page_allocator.page_waddr[1]                                                                       ;
; 9:1                ; 2 bits    ; 12 LEs        ; 2 LEs                ; 10 LEs                 ; Yes        ; |opq_native_sv_2lane_signoff_top|g_lane[1].lane_subh_left_q[1]                                                                                                                                                                                   ;
; 3:1                ; 2 bits    ; 4 LEs         ; 4 LEs                ; 0 LEs                  ; No         ; |opq_native_sv_2lane_signoff_top|ordered_priority_queue_monolithic_sv:dut_i|ordered_priority_queue_monolithic_block_path:block_path_i|b2p_arb_gnt[0]                                                                                             ;
; 3:1                ; 48 bits   ; 96 LEs        ; 96 LEs               ; 0 LEs                  ; No         ; |opq_native_sv_2lane_signoff_top|ordered_priority_queue_monolithic_sv:dut_i|ordered_priority_queue_monolithic_page_allocator:page_allocator_i|future_frame_ts_v                                                                                  ;
; 8:1                ; 8 bits    ; 40 LEs        ; 32 LEs               ; 8 LEs                  ; No         ; |opq_native_sv_2lane_signoff_top|ordered_priority_queue_monolithic_sv:dut_i|ordered_priority_queue_monolithic_page_allocator:page_allocator_i|Mux29                                                                                              ;
; 8:1                ; 8 bits    ; 40 LEs        ; 32 LEs               ; 8 LEs                  ; No         ; |opq_native_sv_2lane_signoff_top|ordered_priority_queue_monolithic_sv:dut_i|ordered_priority_queue_monolithic_page_allocator:page_allocator_i|Mux19                                                                                              ;
; 5:1                ; 29 bits   ; 87 LEs        ; 87 LEs               ; 0 LEs                  ; No         ; |opq_native_sv_2lane_signoff_top|ordered_priority_queue_monolithic_sv:dut_i|page_ram:page_ram_i|q[35]                                                                                                                                            ;
; 5:1                ; 9 bits    ; 27 LEs        ; 27 LEs               ; 0 LEs                  ; No         ; |opq_native_sv_2lane_signoff_top|ordered_priority_queue_monolithic_sv:dut_i|ordered_priority_queue_monolithic_basic_presenter:presenter_i|ordered_priority_queue_monolithic_basic_presenter_native:native_i|meta_rd_addr                         ;
; 9:1                ; 4 bits    ; 24 LEs        ; 24 LEs               ; 0 LEs                  ; No         ; |opq_native_sv_2lane_signoff_top|ordered_priority_queue_monolithic_sv:dut_i|ordered_priority_queue_monolithic_basic_presenter:presenter_i|ordered_priority_queue_monolithic_basic_presenter_native:native_i|presenter_state                      ;
; 11:1               ; 2 bits    ; 14 LEs        ; 10 LEs               ; 4 LEs                  ; No         ; |opq_native_sv_2lane_signoff_top|ordered_priority_queue_monolithic_sv:dut_i|ordered_priority_queue_monolithic_block_path:block_path_i|arbiter_state                                                                                              ;
; 11:1               ; 2 bits    ; 14 LEs        ; 12 LEs               ; 2 LEs                  ; No         ; |opq_native_sv_2lane_signoff_top|ordered_priority_queue_monolithic_sv:dut_i|ordered_priority_queue_monolithic_block_path:block_path_i|arbiter_state                                                                                              ;
; 13:1               ; 2 bits    ; 16 LEs        ; 8 LEs                ; 8 LEs                  ; No         ; |opq_native_sv_2lane_signoff_top|ordered_priority_queue_monolithic_sv:dut_i|ordered_priority_queue_monolithic_page_allocator:page_allocator_i|page_allocator_state                                                                               ;
; 14:1               ; 2 bits    ; 18 LEs        ; 10 LEs               ; 8 LEs                  ; No         ; |opq_native_sv_2lane_signoff_top|ordered_priority_queue_monolithic_sv:dut_i|ordered_priority_queue_monolithic_page_allocator:page_allocator_i|page_allocator_state                                                                               ;
; 24:1               ; 4 bits    ; 64 LEs        ; 32 LEs               ; 32 LEs                 ; No         ; |opq_native_sv_2lane_signoff_top|ordered_priority_queue_monolithic_sv:dut_i|ordered_priority_queue_monolithic_ingress_parser:g_ingress_parser[1].ingress_parser_i|ingress_parser_state                                                           ;
; 24:1               ; 2 bits    ; 32 LEs        ; 14 LEs               ; 18 LEs                 ; No         ; |opq_native_sv_2lane_signoff_top|ordered_priority_queue_monolithic_sv:dut_i|ordered_priority_queue_monolithic_ingress_parser:g_ingress_parser[1].ingress_parser_i|ingress_parser_state                                                           ;
; 24:1               ; 4 bits    ; 64 LEs        ; 32 LEs               ; 32 LEs                 ; No         ; |opq_native_sv_2lane_signoff_top|ordered_priority_queue_monolithic_sv:dut_i|ordered_priority_queue_monolithic_ingress_parser:g_ingress_parser[0].ingress_parser_i|ingress_parser_state                                                           ;
; 24:1               ; 2 bits    ; 32 LEs        ; 14 LEs               ; 18 LEs                 ; No         ; |opq_native_sv_2lane_signoff_top|ordered_priority_queue_monolithic_sv:dut_i|ordered_priority_queue_monolithic_ingress_parser:g_ingress_parser[0].ingress_parser_i|ingress_parser_state                                                           ;
+--------------------+-----------+---------------+----------------------+------------------------+------------+--------------------------------------------------------------------------------------------------------------------------------------------------------------------------------------------------------------------------------------------------+


+---------------------------------------------------------------------------+
; Source assignments for Top-level Entity: |opq_native_sv_2lane_signoff_top ;
+---------------------------+-------+------+--------------------------------+
; Assignment                ; Value ; From ; To                             ;
+---------------------------+-------+------+--------------------------------+
; PRESERVE_REGISTER         ; on    ; -    ; activity_tap_q[0][31]          ;
; PRESERVE_REGISTER         ; on    ; -    ; activity_tap_q[0][31]          ;
; PRESERVE_FANOUT_FREE_NODE ; on    ; -    ; activity_tap_q[0][31]          ;
; PRESERVE_REGISTER         ; on    ; -    ; activity_tap_q[0][30]          ;
; PRESERVE_REGISTER         ; on    ; -    ; activity_tap_q[0][30]          ;
; PRESERVE_FANOUT_FREE_NODE ; on    ; -    ; activity_tap_q[0][30]          ;
; PRESERVE_REGISTER         ; on    ; -    ; activity_tap_q[0][29]          ;
; PRESERVE_REGISTER         ; on    ; -    ; activity_tap_q[0][29]          ;
; PRESERVE_FANOUT_FREE_NODE ; on    ; -    ; activity_tap_q[0][29]          ;
; PRESERVE_REGISTER         ; on    ; -    ; activity_tap_q[0][28]          ;
; PRESERVE_REGISTER         ; on    ; -    ; activity_tap_q[0][28]          ;
; PRESERVE_FANOUT_FREE_NODE ; on    ; -    ; activity_tap_q[0][28]          ;
; PRESERVE_REGISTER         ; on    ; -    ; activity_tap_q[0][27]          ;
; PRESERVE_REGISTER         ; on    ; -    ; activity_tap_q[0][27]          ;
; PRESERVE_FANOUT_FREE_NODE ; on    ; -    ; activity_tap_q[0][27]          ;
; PRESERVE_REGISTER         ; on    ; -    ; activity_tap_q[0][26]          ;
; PRESERVE_REGISTER         ; on    ; -    ; activity_tap_q[0][26]          ;
; PRESERVE_FANOUT_FREE_NODE ; on    ; -    ; activity_tap_q[0][26]          ;
; PRESERVE_REGISTER         ; on    ; -    ; activity_tap_q[0][25]          ;
; PRESERVE_REGISTER         ; on    ; -    ; activity_tap_q[0][25]          ;
; PRESERVE_FANOUT_FREE_NODE ; on    ; -    ; activity_tap_q[0][25]          ;
; PRESERVE_REGISTER         ; on    ; -    ; activity_tap_q[0][24]          ;
; PRESERVE_REGISTER         ; on    ; -    ; activity_tap_q[0][24]          ;
; PRESERVE_FANOUT_FREE_NODE ; on    ; -    ; activity_tap_q[0][24]          ;
; PRESERVE_REGISTER         ; on    ; -    ; activity_tap_q[0][23]          ;
; PRESERVE_REGISTER         ; on    ; -    ; activity_tap_q[0][23]          ;
; PRESERVE_FANOUT_FREE_NODE ; on    ; -    ; activity_tap_q[0][23]          ;
; PRESERVE_REGISTER         ; on    ; -    ; activity_tap_q[0][22]          ;
; PRESERVE_REGISTER         ; on    ; -    ; activity_tap_q[0][22]          ;
; PRESERVE_FANOUT_FREE_NODE ; on    ; -    ; activity_tap_q[0][22]          ;
; PRESERVE_REGISTER         ; on    ; -    ; activity_tap_q[0][21]          ;
; PRESERVE_REGISTER         ; on    ; -    ; activity_tap_q[0][21]          ;
; PRESERVE_FANOUT_FREE_NODE ; on    ; -    ; activity_tap_q[0][21]          ;
; PRESERVE_REGISTER         ; on    ; -    ; activity_tap_q[0][20]          ;
; PRESERVE_REGISTER         ; on    ; -    ; activity_tap_q[0][20]          ;
; PRESERVE_FANOUT_FREE_NODE ; on    ; -    ; activity_tap_q[0][20]          ;
; PRESERVE_REGISTER         ; on    ; -    ; activity_tap_q[0][19]          ;
; PRESERVE_REGISTER         ; on    ; -    ; activity_tap_q[0][19]          ;
; PRESERVE_FANOUT_FREE_NODE ; on    ; -    ; activity_tap_q[0][19]          ;
; PRESERVE_REGISTER         ; on    ; -    ; activity_tap_q[0][18]          ;
; PRESERVE_REGISTER         ; on    ; -    ; activity_tap_q[0][18]          ;
; PRESERVE_FANOUT_FREE_NODE ; on    ; -    ; activity_tap_q[0][18]          ;
; PRESERVE_REGISTER         ; on    ; -    ; activity_tap_q[0][17]          ;
; PRESERVE_REGISTER         ; on    ; -    ; activity_tap_q[0][17]          ;
; PRESERVE_FANOUT_FREE_NODE ; on    ; -    ; activity_tap_q[0][17]          ;
; PRESERVE_REGISTER         ; on    ; -    ; activity_tap_q[0][16]          ;
; PRESERVE_REGISTER         ; on    ; -    ; activity_tap_q[0][16]          ;
; PRESERVE_FANOUT_FREE_NODE ; on    ; -    ; activity_tap_q[0][16]          ;
; PRESERVE_REGISTER         ; on    ; -    ; activity_tap_q[0][15]          ;
; PRESERVE_REGISTER         ; on    ; -    ; activity_tap_q[0][15]          ;
; PRESERVE_FANOUT_FREE_NODE ; on    ; -    ; activity_tap_q[0][15]          ;
; PRESERVE_REGISTER         ; on    ; -    ; activity_tap_q[0][14]          ;
; PRESERVE_REGISTER         ; on    ; -    ; activity_tap_q[0][14]          ;
; PRESERVE_FANOUT_FREE_NODE ; on    ; -    ; activity_tap_q[0][14]          ;
; PRESERVE_REGISTER         ; on    ; -    ; activity_tap_q[0][13]          ;
; PRESERVE_REGISTER         ; on    ; -    ; activity_tap_q[0][13]          ;
; PRESERVE_FANOUT_FREE_NODE ; on    ; -    ; activity_tap_q[0][13]          ;
; PRESERVE_REGISTER         ; on    ; -    ; activity_tap_q[0][12]          ;
; PRESERVE_REGISTER         ; on    ; -    ; activity_tap_q[0][12]          ;
; PRESERVE_FANOUT_FREE_NODE ; on    ; -    ; activity_tap_q[0][12]          ;
; PRESERVE_REGISTER         ; on    ; -    ; activity_tap_q[0][11]          ;
; PRESERVE_REGISTER         ; on    ; -    ; activity_tap_q[0][11]          ;
; PRESERVE_FANOUT_FREE_NODE ; on    ; -    ; activity_tap_q[0][11]          ;
; PRESERVE_REGISTER         ; on    ; -    ; activity_tap_q[0][10]          ;
; PRESERVE_REGISTER         ; on    ; -    ; activity_tap_q[0][10]          ;
; PRESERVE_FANOUT_FREE_NODE ; on    ; -    ; activity_tap_q[0][10]          ;
; PRESERVE_REGISTER         ; on    ; -    ; activity_tap_q[0][9]           ;
; PRESERVE_REGISTER         ; on    ; -    ; activity_tap_q[0][9]           ;
; PRESERVE_FANOUT_FREE_NODE ; on    ; -    ; activity_tap_q[0][9]           ;
; PRESERVE_REGISTER         ; on    ; -    ; activity_tap_q[0][8]           ;
; PRESERVE_REGISTER         ; on    ; -    ; activity_tap_q[0][8]           ;
; PRESERVE_FANOUT_FREE_NODE ; on    ; -    ; activity_tap_q[0][8]           ;
; PRESERVE_REGISTER         ; on    ; -    ; activity_tap_q[0][7]           ;
; PRESERVE_REGISTER         ; on    ; -    ; activity_tap_q[0][7]           ;
; PRESERVE_FANOUT_FREE_NODE ; on    ; -    ; activity_tap_q[0][7]           ;
; PRESERVE_REGISTER         ; on    ; -    ; activity_tap_q[0][6]           ;
; PRESERVE_REGISTER         ; on    ; -    ; activity_tap_q[0][6]           ;
; PRESERVE_FANOUT_FREE_NODE ; on    ; -    ; activity_tap_q[0][6]           ;
; PRESERVE_REGISTER         ; on    ; -    ; activity_tap_q[0][5]           ;
; PRESERVE_REGISTER         ; on    ; -    ; activity_tap_q[0][5]           ;
; PRESERVE_FANOUT_FREE_NODE ; on    ; -    ; activity_tap_q[0][5]           ;
; PRESERVE_REGISTER         ; on    ; -    ; activity_tap_q[0][4]           ;
; PRESERVE_REGISTER         ; on    ; -    ; activity_tap_q[0][4]           ;
; PRESERVE_FANOUT_FREE_NODE ; on    ; -    ; activity_tap_q[0][4]           ;
; PRESERVE_REGISTER         ; on    ; -    ; activity_tap_q[0][3]           ;
; PRESERVE_REGISTER         ; on    ; -    ; activity_tap_q[0][3]           ;
; PRESERVE_FANOUT_FREE_NODE ; on    ; -    ; activity_tap_q[0][3]           ;
; PRESERVE_REGISTER         ; on    ; -    ; activity_tap_q[0][2]           ;
; PRESERVE_REGISTER         ; on    ; -    ; activity_tap_q[0][2]           ;
; PRESERVE_FANOUT_FREE_NODE ; on    ; -    ; activity_tap_q[0][2]           ;
; PRESERVE_REGISTER         ; on    ; -    ; activity_tap_q[0][1]           ;
; PRESERVE_REGISTER         ; on    ; -    ; activity_tap_q[0][1]           ;
; PRESERVE_FANOUT_FREE_NODE ; on    ; -    ; activity_tap_q[0][1]           ;
; PRESERVE_REGISTER         ; on    ; -    ; activity_tap_q[0][0]           ;
; PRESERVE_REGISTER         ; on    ; -    ; activity_tap_q[0][0]           ;
; PRESERVE_FANOUT_FREE_NODE ; on    ; -    ; activity_tap_q[0][0]           ;
; PRESERVE_REGISTER         ; on    ; -    ; activity_tap_q[1][31]          ;
; PRESERVE_REGISTER         ; on    ; -    ; activity_tap_q[1][31]          ;
; PRESERVE_FANOUT_FREE_NODE ; on    ; -    ; activity_tap_q[1][31]          ;
; PRESERVE_REGISTER         ; on    ; -    ; activity_tap_q[1][30]          ;
; PRESERVE_REGISTER         ; on    ; -    ; activity_tap_q[1][30]          ;
; PRESERVE_FANOUT_FREE_NODE ; on    ; -    ; activity_tap_q[1][30]          ;
; PRESERVE_REGISTER         ; on    ; -    ; activity_tap_q[1][29]          ;
; PRESERVE_REGISTER         ; on    ; -    ; activity_tap_q[1][29]          ;
; PRESERVE_FANOUT_FREE_NODE ; on    ; -    ; activity_tap_q[1][29]          ;
; PRESERVE_REGISTER         ; on    ; -    ; activity_tap_q[1][28]          ;
; PRESERVE_REGISTER         ; on    ; -    ; activity_tap_q[1][28]          ;
; PRESERVE_FANOUT_FREE_NODE ; on    ; -    ; activity_tap_q[1][28]          ;
; PRESERVE_REGISTER         ; on    ; -    ; activity_tap_q[1][27]          ;
; PRESERVE_REGISTER         ; on    ; -    ; activity_tap_q[1][27]          ;
; PRESERVE_FANOUT_FREE_NODE ; on    ; -    ; activity_tap_q[1][27]          ;
; PRESERVE_REGISTER         ; on    ; -    ; activity_tap_q[1][26]          ;
; PRESERVE_REGISTER         ; on    ; -    ; activity_tap_q[1][26]          ;
; PRESERVE_FANOUT_FREE_NODE ; on    ; -    ; activity_tap_q[1][26]          ;
; PRESERVE_REGISTER         ; on    ; -    ; activity_tap_q[1][25]          ;
; PRESERVE_REGISTER         ; on    ; -    ; activity_tap_q[1][25]          ;
; PRESERVE_FANOUT_FREE_NODE ; on    ; -    ; activity_tap_q[1][25]          ;
; PRESERVE_REGISTER         ; on    ; -    ; activity_tap_q[1][24]          ;
; PRESERVE_REGISTER         ; on    ; -    ; activity_tap_q[1][24]          ;
; PRESERVE_FANOUT_FREE_NODE ; on    ; -    ; activity_tap_q[1][24]          ;
; PRESERVE_REGISTER         ; on    ; -    ; activity_tap_q[1][23]          ;
; PRESERVE_REGISTER         ; on    ; -    ; activity_tap_q[1][23]          ;
; PRESERVE_FANOUT_FREE_NODE ; on    ; -    ; activity_tap_q[1][23]          ;
; PRESERVE_REGISTER         ; on    ; -    ; activity_tap_q[1][22]          ;
; PRESERVE_REGISTER         ; on    ; -    ; activity_tap_q[1][22]          ;
; PRESERVE_FANOUT_FREE_NODE ; on    ; -    ; activity_tap_q[1][22]          ;
; PRESERVE_REGISTER         ; on    ; -    ; activity_tap_q[1][21]          ;
; PRESERVE_REGISTER         ; on    ; -    ; activity_tap_q[1][21]          ;
; PRESERVE_FANOUT_FREE_NODE ; on    ; -    ; activity_tap_q[1][21]          ;
; PRESERVE_REGISTER         ; on    ; -    ; activity_tap_q[1][20]          ;
; PRESERVE_REGISTER         ; on    ; -    ; activity_tap_q[1][20]          ;
; PRESERVE_FANOUT_FREE_NODE ; on    ; -    ; activity_tap_q[1][20]          ;
; PRESERVE_REGISTER         ; on    ; -    ; activity_tap_q[1][19]          ;
; PRESERVE_REGISTER         ; on    ; -    ; activity_tap_q[1][19]          ;
; PRESERVE_FANOUT_FREE_NODE ; on    ; -    ; activity_tap_q[1][19]          ;
; PRESERVE_REGISTER         ; on    ; -    ; activity_tap_q[1][18]          ;
; PRESERVE_REGISTER         ; on    ; -    ; activity_tap_q[1][18]          ;
; PRESERVE_FANOUT_FREE_NODE ; on    ; -    ; activity_tap_q[1][18]          ;
; PRESERVE_REGISTER         ; on    ; -    ; activity_tap_q[1][17]          ;
; PRESERVE_REGISTER         ; on    ; -    ; activity_tap_q[1][17]          ;
; PRESERVE_FANOUT_FREE_NODE ; on    ; -    ; activity_tap_q[1][17]          ;
; PRESERVE_REGISTER         ; on    ; -    ; activity_tap_q[1][16]          ;
; PRESERVE_REGISTER         ; on    ; -    ; activity_tap_q[1][16]          ;
; PRESERVE_FANOUT_FREE_NODE ; on    ; -    ; activity_tap_q[1][16]          ;
; PRESERVE_REGISTER         ; on    ; -    ; activity_tap_q[1][15]          ;
; PRESERVE_REGISTER         ; on    ; -    ; activity_tap_q[1][15]          ;
; PRESERVE_FANOUT_FREE_NODE ; on    ; -    ; activity_tap_q[1][15]          ;
; PRESERVE_REGISTER         ; on    ; -    ; activity_tap_q[1][14]          ;
; PRESERVE_REGISTER         ; on    ; -    ; activity_tap_q[1][14]          ;
; PRESERVE_FANOUT_FREE_NODE ; on    ; -    ; activity_tap_q[1][14]          ;
; PRESERVE_REGISTER         ; on    ; -    ; activity_tap_q[1][13]          ;
; PRESERVE_REGISTER         ; on    ; -    ; activity_tap_q[1][13]          ;
; PRESERVE_FANOUT_FREE_NODE ; on    ; -    ; activity_tap_q[1][13]          ;
; PRESERVE_REGISTER         ; on    ; -    ; activity_tap_q[1][12]          ;
; PRESERVE_REGISTER         ; on    ; -    ; activity_tap_q[1][12]          ;
; PRESERVE_FANOUT_FREE_NODE ; on    ; -    ; activity_tap_q[1][12]          ;
; PRESERVE_REGISTER         ; on    ; -    ; activity_tap_q[1][11]          ;
; PRESERVE_REGISTER         ; on    ; -    ; activity_tap_q[1][11]          ;
; PRESERVE_FANOUT_FREE_NODE ; on    ; -    ; activity_tap_q[1][11]          ;
; PRESERVE_REGISTER         ; on    ; -    ; activity_tap_q[1][10]          ;
; PRESERVE_REGISTER         ; on    ; -    ; activity_tap_q[1][10]          ;
; PRESERVE_FANOUT_FREE_NODE ; on    ; -    ; activity_tap_q[1][10]          ;
; PRESERVE_REGISTER         ; on    ; -    ; activity_tap_q[1][9]           ;
; PRESERVE_REGISTER         ; on    ; -    ; activity_tap_q[1][9]           ;
; PRESERVE_FANOUT_FREE_NODE ; on    ; -    ; activity_tap_q[1][9]           ;
; PRESERVE_REGISTER         ; on    ; -    ; activity_tap_q[1][8]           ;
; PRESERVE_REGISTER         ; on    ; -    ; activity_tap_q[1][8]           ;
; PRESERVE_FANOUT_FREE_NODE ; on    ; -    ; activity_tap_q[1][8]           ;
; PRESERVE_REGISTER         ; on    ; -    ; activity_tap_q[1][7]           ;
; PRESERVE_REGISTER         ; on    ; -    ; activity_tap_q[1][7]           ;
; PRESERVE_FANOUT_FREE_NODE ; on    ; -    ; activity_tap_q[1][7]           ;
; PRESERVE_REGISTER         ; on    ; -    ; activity_tap_q[1][6]           ;
; PRESERVE_REGISTER         ; on    ; -    ; activity_tap_q[1][6]           ;
; PRESERVE_FANOUT_FREE_NODE ; on    ; -    ; activity_tap_q[1][6]           ;
; PRESERVE_REGISTER         ; on    ; -    ; activity_tap_q[1][5]           ;
; PRESERVE_REGISTER         ; on    ; -    ; activity_tap_q[1][5]           ;
; PRESERVE_FANOUT_FREE_NODE ; on    ; -    ; activity_tap_q[1][5]           ;
; PRESERVE_REGISTER         ; on    ; -    ; activity_tap_q[1][4]           ;
; PRESERVE_REGISTER         ; on    ; -    ; activity_tap_q[1][4]           ;
; PRESERVE_FANOUT_FREE_NODE ; on    ; -    ; activity_tap_q[1][4]           ;
; PRESERVE_REGISTER         ; on    ; -    ; activity_tap_q[1][3]           ;
; PRESERVE_REGISTER         ; on    ; -    ; activity_tap_q[1][3]           ;
; PRESERVE_FANOUT_FREE_NODE ; on    ; -    ; activity_tap_q[1][3]           ;
; PRESERVE_REGISTER         ; on    ; -    ; activity_tap_q[1][2]           ;
; PRESERVE_REGISTER         ; on    ; -    ; activity_tap_q[1][2]           ;
; PRESERVE_FANOUT_FREE_NODE ; on    ; -    ; activity_tap_q[1][2]           ;
; PRESERVE_REGISTER         ; on    ; -    ; activity_tap_q[1][1]           ;
; PRESERVE_REGISTER         ; on    ; -    ; activity_tap_q[1][1]           ;
; PRESERVE_FANOUT_FREE_NODE ; on    ; -    ; activity_tap_q[1][1]           ;
; PRESERVE_REGISTER         ; on    ; -    ; activity_tap_q[1][0]           ;
; PRESERVE_REGISTER         ; on    ; -    ; activity_tap_q[1][0]           ;
; PRESERVE_FANOUT_FREE_NODE ; on    ; -    ; activity_tap_q[1][0]           ;
; PRESERVE_REGISTER         ; on    ; -    ; activity_tap_q[2][31]          ;
; PRESERVE_REGISTER         ; on    ; -    ; activity_tap_q[2][31]          ;
; PRESERVE_FANOUT_FREE_NODE ; on    ; -    ; activity_tap_q[2][31]          ;
; PRESERVE_REGISTER         ; on    ; -    ; activity_tap_q[2][30]          ;
; PRESERVE_REGISTER         ; on    ; -    ; activity_tap_q[2][30]          ;
; PRESERVE_FANOUT_FREE_NODE ; on    ; -    ; activity_tap_q[2][30]          ;
; PRESERVE_REGISTER         ; on    ; -    ; activity_tap_q[2][29]          ;
; PRESERVE_REGISTER         ; on    ; -    ; activity_tap_q[2][29]          ;
; PRESERVE_FANOUT_FREE_NODE ; on    ; -    ; activity_tap_q[2][29]          ;
; PRESERVE_REGISTER         ; on    ; -    ; activity_tap_q[2][28]          ;
; PRESERVE_REGISTER         ; on    ; -    ; activity_tap_q[2][28]          ;
; PRESERVE_FANOUT_FREE_NODE ; on    ; -    ; activity_tap_q[2][28]          ;
; PRESERVE_REGISTER         ; on    ; -    ; activity_tap_q[2][27]          ;
; PRESERVE_REGISTER         ; on    ; -    ; activity_tap_q[2][27]          ;
; PRESERVE_FANOUT_FREE_NODE ; on    ; -    ; activity_tap_q[2][27]          ;
; PRESERVE_REGISTER         ; on    ; -    ; activity_tap_q[2][26]          ;
; PRESERVE_REGISTER         ; on    ; -    ; activity_tap_q[2][26]          ;
; PRESERVE_FANOUT_FREE_NODE ; on    ; -    ; activity_tap_q[2][26]          ;
; PRESERVE_REGISTER         ; on    ; -    ; activity_tap_q[2][25]          ;
; PRESERVE_REGISTER         ; on    ; -    ; activity_tap_q[2][25]          ;
; PRESERVE_FANOUT_FREE_NODE ; on    ; -    ; activity_tap_q[2][25]          ;
; PRESERVE_REGISTER         ; on    ; -    ; activity_tap_q[2][24]          ;
; PRESERVE_REGISTER         ; on    ; -    ; activity_tap_q[2][24]          ;
; PRESERVE_FANOUT_FREE_NODE ; on    ; -    ; activity_tap_q[2][24]          ;
; PRESERVE_REGISTER         ; on    ; -    ; activity_tap_q[2][23]          ;
; PRESERVE_REGISTER         ; on    ; -    ; activity_tap_q[2][23]          ;
; PRESERVE_FANOUT_FREE_NODE ; on    ; -    ; activity_tap_q[2][23]          ;
; PRESERVE_REGISTER         ; on    ; -    ; activity_tap_q[2][22]          ;
; PRESERVE_REGISTER         ; on    ; -    ; activity_tap_q[2][22]          ;
; PRESERVE_FANOUT_FREE_NODE ; on    ; -    ; activity_tap_q[2][22]          ;
; PRESERVE_REGISTER         ; on    ; -    ; activity_tap_q[2][21]          ;
; PRESERVE_REGISTER         ; on    ; -    ; activity_tap_q[2][21]          ;
; PRESERVE_FANOUT_FREE_NODE ; on    ; -    ; activity_tap_q[2][21]          ;
; PRESERVE_REGISTER         ; on    ; -    ; activity_tap_q[2][20]          ;
; PRESERVE_REGISTER         ; on    ; -    ; activity_tap_q[2][20]          ;
; PRESERVE_FANOUT_FREE_NODE ; on    ; -    ; activity_tap_q[2][20]          ;
; PRESERVE_REGISTER         ; on    ; -    ; activity_tap_q[2][19]          ;
; PRESERVE_REGISTER         ; on    ; -    ; activity_tap_q[2][19]          ;
; PRESERVE_FANOUT_FREE_NODE ; on    ; -    ; activity_tap_q[2][19]          ;
; PRESERVE_REGISTER         ; on    ; -    ; activity_tap_q[2][18]          ;
; PRESERVE_REGISTER         ; on    ; -    ; activity_tap_q[2][18]          ;
; PRESERVE_FANOUT_FREE_NODE ; on    ; -    ; activity_tap_q[2][18]          ;
; PRESERVE_REGISTER         ; on    ; -    ; activity_tap_q[2][17]          ;
; PRESERVE_REGISTER         ; on    ; -    ; activity_tap_q[2][17]          ;
; PRESERVE_FANOUT_FREE_NODE ; on    ; -    ; activity_tap_q[2][17]          ;
; PRESERVE_REGISTER         ; on    ; -    ; activity_tap_q[2][16]          ;
; PRESERVE_REGISTER         ; on    ; -    ; activity_tap_q[2][16]          ;
; PRESERVE_FANOUT_FREE_NODE ; on    ; -    ; activity_tap_q[2][16]          ;
; PRESERVE_REGISTER         ; on    ; -    ; activity_tap_q[2][15]          ;
; PRESERVE_REGISTER         ; on    ; -    ; activity_tap_q[2][15]          ;
; PRESERVE_FANOUT_FREE_NODE ; on    ; -    ; activity_tap_q[2][15]          ;
; PRESERVE_REGISTER         ; on    ; -    ; activity_tap_q[2][14]          ;
; PRESERVE_REGISTER         ; on    ; -    ; activity_tap_q[2][14]          ;
; PRESERVE_FANOUT_FREE_NODE ; on    ; -    ; activity_tap_q[2][14]          ;
; PRESERVE_REGISTER         ; on    ; -    ; activity_tap_q[2][13]          ;
; PRESERVE_REGISTER         ; on    ; -    ; activity_tap_q[2][13]          ;
; PRESERVE_FANOUT_FREE_NODE ; on    ; -    ; activity_tap_q[2][13]          ;
; PRESERVE_REGISTER         ; on    ; -    ; activity_tap_q[2][12]          ;
; PRESERVE_REGISTER         ; on    ; -    ; activity_tap_q[2][12]          ;
; PRESERVE_FANOUT_FREE_NODE ; on    ; -    ; activity_tap_q[2][12]          ;
; PRESERVE_REGISTER         ; on    ; -    ; activity_tap_q[2][11]          ;
; PRESERVE_REGISTER         ; on    ; -    ; activity_tap_q[2][11]          ;
; PRESERVE_FANOUT_FREE_NODE ; on    ; -    ; activity_tap_q[2][11]          ;
; PRESERVE_REGISTER         ; on    ; -    ; activity_tap_q[2][10]          ;
; PRESERVE_REGISTER         ; on    ; -    ; activity_tap_q[2][10]          ;
; PRESERVE_FANOUT_FREE_NODE ; on    ; -    ; activity_tap_q[2][10]          ;
; PRESERVE_REGISTER         ; on    ; -    ; activity_tap_q[2][9]           ;
; PRESERVE_REGISTER         ; on    ; -    ; activity_tap_q[2][9]           ;
; PRESERVE_FANOUT_FREE_NODE ; on    ; -    ; activity_tap_q[2][9]           ;
; PRESERVE_REGISTER         ; on    ; -    ; activity_tap_q[2][8]           ;
; PRESERVE_REGISTER         ; on    ; -    ; activity_tap_q[2][8]           ;
; PRESERVE_FANOUT_FREE_NODE ; on    ; -    ; activity_tap_q[2][8]           ;
; PRESERVE_REGISTER         ; on    ; -    ; activity_tap_q[2][7]           ;
; PRESERVE_REGISTER         ; on    ; -    ; activity_tap_q[2][7]           ;
; PRESERVE_FANOUT_FREE_NODE ; on    ; -    ; activity_tap_q[2][7]           ;
; PRESERVE_REGISTER         ; on    ; -    ; activity_tap_q[2][6]           ;
; PRESERVE_REGISTER         ; on    ; -    ; activity_tap_q[2][6]           ;
; PRESERVE_FANOUT_FREE_NODE ; on    ; -    ; activity_tap_q[2][6]           ;
; PRESERVE_REGISTER         ; on    ; -    ; activity_tap_q[2][5]           ;
; PRESERVE_REGISTER         ; on    ; -    ; activity_tap_q[2][5]           ;
; PRESERVE_FANOUT_FREE_NODE ; on    ; -    ; activity_tap_q[2][5]           ;
; PRESERVE_REGISTER         ; on    ; -    ; activity_tap_q[2][4]           ;
; PRESERVE_REGISTER         ; on    ; -    ; activity_tap_q[2][4]           ;
; PRESERVE_FANOUT_FREE_NODE ; on    ; -    ; activity_tap_q[2][4]           ;
; PRESERVE_REGISTER         ; on    ; -    ; activity_tap_q[2][3]           ;
; PRESERVE_REGISTER         ; on    ; -    ; activity_tap_q[2][3]           ;
; PRESERVE_FANOUT_FREE_NODE ; on    ; -    ; activity_tap_q[2][3]           ;
; PRESERVE_REGISTER         ; on    ; -    ; activity_tap_q[2][2]           ;
; PRESERVE_REGISTER         ; on    ; -    ; activity_tap_q[2][2]           ;
; PRESERVE_FANOUT_FREE_NODE ; on    ; -    ; activity_tap_q[2][2]           ;
; PRESERVE_REGISTER         ; on    ; -    ; activity_tap_q[2][1]           ;
; PRESERVE_REGISTER         ; on    ; -    ; activity_tap_q[2][1]           ;
; PRESERVE_FANOUT_FREE_NODE ; on    ; -    ; activity_tap_q[2][1]           ;
; PRESERVE_REGISTER         ; on    ; -    ; activity_tap_q[2][0]           ;
; PRESERVE_REGISTER         ; on    ; -    ; activity_tap_q[2][0]           ;
; PRESERVE_FANOUT_FREE_NODE ; on    ; -    ; activity_tap_q[2][0]           ;
; PRESERVE_REGISTER         ; on    ; -    ; activity_tap_q[3][31]          ;
; PRESERVE_REGISTER         ; on    ; -    ; activity_tap_q[3][31]          ;
; PRESERVE_FANOUT_FREE_NODE ; on    ; -    ; activity_tap_q[3][31]          ;
; PRESERVE_REGISTER         ; on    ; -    ; activity_tap_q[3][30]          ;
; PRESERVE_REGISTER         ; on    ; -    ; activity_tap_q[3][30]          ;
; PRESERVE_FANOUT_FREE_NODE ; on    ; -    ; activity_tap_q[3][30]          ;
; PRESERVE_REGISTER         ; on    ; -    ; activity_tap_q[3][29]          ;
; PRESERVE_REGISTER         ; on    ; -    ; activity_tap_q[3][29]          ;
; PRESERVE_FANOUT_FREE_NODE ; on    ; -    ; activity_tap_q[3][29]          ;
; PRESERVE_REGISTER         ; on    ; -    ; activity_tap_q[3][28]          ;
; PRESERVE_REGISTER         ; on    ; -    ; activity_tap_q[3][28]          ;
; PRESERVE_FANOUT_FREE_NODE ; on    ; -    ; activity_tap_q[3][28]          ;
; PRESERVE_REGISTER         ; on    ; -    ; activity_tap_q[3][27]          ;
; PRESERVE_REGISTER         ; on    ; -    ; activity_tap_q[3][27]          ;
; PRESERVE_FANOUT_FREE_NODE ; on    ; -    ; activity_tap_q[3][27]          ;
; PRESERVE_REGISTER         ; on    ; -    ; activity_tap_q[3][26]          ;
; PRESERVE_REGISTER         ; on    ; -    ; activity_tap_q[3][26]          ;
; PRESERVE_FANOUT_FREE_NODE ; on    ; -    ; activity_tap_q[3][26]          ;
; PRESERVE_REGISTER         ; on    ; -    ; activity_tap_q[3][25]          ;
; PRESERVE_REGISTER         ; on    ; -    ; activity_tap_q[3][25]          ;
; PRESERVE_FANOUT_FREE_NODE ; on    ; -    ; activity_tap_q[3][25]          ;
; PRESERVE_REGISTER         ; on    ; -    ; activity_tap_q[3][24]          ;
; PRESERVE_REGISTER         ; on    ; -    ; activity_tap_q[3][24]          ;
; PRESERVE_FANOUT_FREE_NODE ; on    ; -    ; activity_tap_q[3][24]          ;
; PRESERVE_REGISTER         ; on    ; -    ; activity_tap_q[3][23]          ;
; PRESERVE_REGISTER         ; on    ; -    ; activity_tap_q[3][23]          ;
; PRESERVE_FANOUT_FREE_NODE ; on    ; -    ; activity_tap_q[3][23]          ;
; PRESERVE_REGISTER         ; on    ; -    ; activity_tap_q[3][22]          ;
; PRESERVE_REGISTER         ; on    ; -    ; activity_tap_q[3][22]          ;
; PRESERVE_FANOUT_FREE_NODE ; on    ; -    ; activity_tap_q[3][22]          ;
; PRESERVE_REGISTER         ; on    ; -    ; activity_tap_q[3][21]          ;
; PRESERVE_REGISTER         ; on    ; -    ; activity_tap_q[3][21]          ;
; PRESERVE_FANOUT_FREE_NODE ; on    ; -    ; activity_tap_q[3][21]          ;
; PRESERVE_REGISTER         ; on    ; -    ; activity_tap_q[3][20]          ;
; PRESERVE_REGISTER         ; on    ; -    ; activity_tap_q[3][20]          ;
; PRESERVE_FANOUT_FREE_NODE ; on    ; -    ; activity_tap_q[3][20]          ;
; PRESERVE_REGISTER         ; on    ; -    ; activity_tap_q[3][19]          ;
; PRESERVE_REGISTER         ; on    ; -    ; activity_tap_q[3][19]          ;
; PRESERVE_FANOUT_FREE_NODE ; on    ; -    ; activity_tap_q[3][19]          ;
; PRESERVE_REGISTER         ; on    ; -    ; activity_tap_q[3][18]          ;
; PRESERVE_REGISTER         ; on    ; -    ; activity_tap_q[3][18]          ;
; PRESERVE_FANOUT_FREE_NODE ; on    ; -    ; activity_tap_q[3][18]          ;
; PRESERVE_REGISTER         ; on    ; -    ; activity_tap_q[3][17]          ;
; PRESERVE_REGISTER         ; on    ; -    ; activity_tap_q[3][17]          ;
; PRESERVE_FANOUT_FREE_NODE ; on    ; -    ; activity_tap_q[3][17]          ;
; PRESERVE_REGISTER         ; on    ; -    ; activity_tap_q[3][16]          ;
; PRESERVE_REGISTER         ; on    ; -    ; activity_tap_q[3][16]          ;
; PRESERVE_FANOUT_FREE_NODE ; on    ; -    ; activity_tap_q[3][16]          ;
; PRESERVE_REGISTER         ; on    ; -    ; activity_tap_q[3][15]          ;
; PRESERVE_REGISTER         ; on    ; -    ; activity_tap_q[3][15]          ;
; PRESERVE_FANOUT_FREE_NODE ; on    ; -    ; activity_tap_q[3][15]          ;
; PRESERVE_REGISTER         ; on    ; -    ; activity_tap_q[3][14]          ;
; PRESERVE_REGISTER         ; on    ; -    ; activity_tap_q[3][14]          ;
; PRESERVE_FANOUT_FREE_NODE ; on    ; -    ; activity_tap_q[3][14]          ;
; PRESERVE_REGISTER         ; on    ; -    ; activity_tap_q[3][13]          ;
; PRESERVE_REGISTER         ; on    ; -    ; activity_tap_q[3][13]          ;
; PRESERVE_FANOUT_FREE_NODE ; on    ; -    ; activity_tap_q[3][13]          ;
; PRESERVE_REGISTER         ; on    ; -    ; activity_tap_q[3][12]          ;
; PRESERVE_REGISTER         ; on    ; -    ; activity_tap_q[3][12]          ;
; PRESERVE_FANOUT_FREE_NODE ; on    ; -    ; activity_tap_q[3][12]          ;
; PRESERVE_REGISTER         ; on    ; -    ; activity_tap_q[3][11]          ;
; PRESERVE_REGISTER         ; on    ; -    ; activity_tap_q[3][11]          ;
; PRESERVE_FANOUT_FREE_NODE ; on    ; -    ; activity_tap_q[3][11]          ;
; PRESERVE_REGISTER         ; on    ; -    ; activity_tap_q[3][10]          ;
; PRESERVE_REGISTER         ; on    ; -    ; activity_tap_q[3][10]          ;
; PRESERVE_FANOUT_FREE_NODE ; on    ; -    ; activity_tap_q[3][10]          ;
; PRESERVE_REGISTER         ; on    ; -    ; activity_tap_q[3][9]           ;
; PRESERVE_REGISTER         ; on    ; -    ; activity_tap_q[3][9]           ;
; PRESERVE_FANOUT_FREE_NODE ; on    ; -    ; activity_tap_q[3][9]           ;
; PRESERVE_REGISTER         ; on    ; -    ; activity_tap_q[3][8]           ;
; PRESERVE_REGISTER         ; on    ; -    ; activity_tap_q[3][8]           ;
; PRESERVE_FANOUT_FREE_NODE ; on    ; -    ; activity_tap_q[3][8]           ;
; PRESERVE_REGISTER         ; on    ; -    ; activity_tap_q[3][7]           ;
; PRESERVE_REGISTER         ; on    ; -    ; activity_tap_q[3][7]           ;
; PRESERVE_FANOUT_FREE_NODE ; on    ; -    ; activity_tap_q[3][7]           ;
; PRESERVE_REGISTER         ; on    ; -    ; activity_tap_q[3][6]           ;
; PRESERVE_REGISTER         ; on    ; -    ; activity_tap_q[3][6]           ;
; PRESERVE_FANOUT_FREE_NODE ; on    ; -    ; activity_tap_q[3][6]           ;
; PRESERVE_REGISTER         ; on    ; -    ; activity_tap_q[3][5]           ;
; PRESERVE_REGISTER         ; on    ; -    ; activity_tap_q[3][5]           ;
; PRESERVE_FANOUT_FREE_NODE ; on    ; -    ; activity_tap_q[3][5]           ;
; PRESERVE_REGISTER         ; on    ; -    ; activity_tap_q[3][4]           ;
; PRESERVE_REGISTER         ; on    ; -    ; activity_tap_q[3][4]           ;
; PRESERVE_FANOUT_FREE_NODE ; on    ; -    ; activity_tap_q[3][4]           ;
; PRESERVE_REGISTER         ; on    ; -    ; activity_tap_q[3][3]           ;
; PRESERVE_REGISTER         ; on    ; -    ; activity_tap_q[3][3]           ;
; PRESERVE_FANOUT_FREE_NODE ; on    ; -    ; activity_tap_q[3][3]           ;
; PRESERVE_REGISTER         ; on    ; -    ; activity_tap_q[3][2]           ;
; PRESERVE_REGISTER         ; on    ; -    ; activity_tap_q[3][2]           ;
; PRESERVE_FANOUT_FREE_NODE ; on    ; -    ; activity_tap_q[3][2]           ;
; PRESERVE_REGISTER         ; on    ; -    ; activity_tap_q[3][1]           ;
; PRESERVE_REGISTER         ; on    ; -    ; activity_tap_q[3][1]           ;
; PRESERVE_FANOUT_FREE_NODE ; on    ; -    ; activity_tap_q[3][1]           ;
; PRESERVE_REGISTER         ; on    ; -    ; activity_tap_q[3][0]           ;
; PRESERVE_REGISTER         ; on    ; -    ; activity_tap_q[3][0]           ;
; PRESERVE_FANOUT_FREE_NODE ; on    ; -    ; activity_tap_q[3][0]           ;
; PRESERVE_REGISTER         ; on    ; -    ; activity_tap_q[4][31]          ;
; PRESERVE_REGISTER         ; on    ; -    ; activity_tap_q[4][31]          ;
; PRESERVE_FANOUT_FREE_NODE ; on    ; -    ; activity_tap_q[4][31]          ;
; PRESERVE_REGISTER         ; on    ; -    ; activity_tap_q[4][30]          ;
; PRESERVE_REGISTER         ; on    ; -    ; activity_tap_q[4][30]          ;
; PRESERVE_FANOUT_FREE_NODE ; on    ; -    ; activity_tap_q[4][30]          ;
; PRESERVE_REGISTER         ; on    ; -    ; activity_tap_q[4][29]          ;
; PRESERVE_REGISTER         ; on    ; -    ; activity_tap_q[4][29]          ;
; PRESERVE_FANOUT_FREE_NODE ; on    ; -    ; activity_tap_q[4][29]          ;
; PRESERVE_REGISTER         ; on    ; -    ; activity_tap_q[4][28]          ;
; PRESERVE_REGISTER         ; on    ; -    ; activity_tap_q[4][28]          ;
; PRESERVE_FANOUT_FREE_NODE ; on    ; -    ; activity_tap_q[4][28]          ;
; PRESERVE_REGISTER         ; on    ; -    ; activity_tap_q[4][27]          ;
; PRESERVE_REGISTER         ; on    ; -    ; activity_tap_q[4][27]          ;
; PRESERVE_FANOUT_FREE_NODE ; on    ; -    ; activity_tap_q[4][27]          ;
; PRESERVE_REGISTER         ; on    ; -    ; activity_tap_q[4][26]          ;
; PRESERVE_REGISTER         ; on    ; -    ; activity_tap_q[4][26]          ;
; PRESERVE_FANOUT_FREE_NODE ; on    ; -    ; activity_tap_q[4][26]          ;
; PRESERVE_REGISTER         ; on    ; -    ; activity_tap_q[4][25]          ;
; PRESERVE_REGISTER         ; on    ; -    ; activity_tap_q[4][25]          ;
; PRESERVE_FANOUT_FREE_NODE ; on    ; -    ; activity_tap_q[4][25]          ;
; PRESERVE_REGISTER         ; on    ; -    ; activity_tap_q[4][24]          ;
; PRESERVE_REGISTER         ; on    ; -    ; activity_tap_q[4][24]          ;
; PRESERVE_FANOUT_FREE_NODE ; on    ; -    ; activity_tap_q[4][24]          ;
; PRESERVE_REGISTER         ; on    ; -    ; activity_tap_q[4][23]          ;
; PRESERVE_REGISTER         ; on    ; -    ; activity_tap_q[4][23]          ;
; PRESERVE_FANOUT_FREE_NODE ; on    ; -    ; activity_tap_q[4][23]          ;
; PRESERVE_REGISTER         ; on    ; -    ; activity_tap_q[4][22]          ;
; PRESERVE_REGISTER         ; on    ; -    ; activity_tap_q[4][22]          ;
; PRESERVE_FANOUT_FREE_NODE ; on    ; -    ; activity_tap_q[4][22]          ;
; PRESERVE_REGISTER         ; on    ; -    ; activity_tap_q[4][21]          ;
; PRESERVE_REGISTER         ; on    ; -    ; activity_tap_q[4][21]          ;
; PRESERVE_FANOUT_FREE_NODE ; on    ; -    ; activity_tap_q[4][21]          ;
; PRESERVE_REGISTER         ; on    ; -    ; activity_tap_q[4][20]          ;
; PRESERVE_REGISTER         ; on    ; -    ; activity_tap_q[4][20]          ;
; PRESERVE_FANOUT_FREE_NODE ; on    ; -    ; activity_tap_q[4][20]          ;
; PRESERVE_REGISTER         ; on    ; -    ; activity_tap_q[4][19]          ;
; PRESERVE_REGISTER         ; on    ; -    ; activity_tap_q[4][19]          ;
; PRESERVE_FANOUT_FREE_NODE ; on    ; -    ; activity_tap_q[4][19]          ;
; PRESERVE_REGISTER         ; on    ; -    ; activity_tap_q[4][18]          ;
; PRESERVE_REGISTER         ; on    ; -    ; activity_tap_q[4][18]          ;
; PRESERVE_FANOUT_FREE_NODE ; on    ; -    ; activity_tap_q[4][18]          ;
; PRESERVE_REGISTER         ; on    ; -    ; activity_tap_q[4][17]          ;
; PRESERVE_REGISTER         ; on    ; -    ; activity_tap_q[4][17]          ;
; PRESERVE_FANOUT_FREE_NODE ; on    ; -    ; activity_tap_q[4][17]          ;
; PRESERVE_REGISTER         ; on    ; -    ; activity_tap_q[4][16]          ;
; PRESERVE_REGISTER         ; on    ; -    ; activity_tap_q[4][16]          ;
; PRESERVE_FANOUT_FREE_NODE ; on    ; -    ; activity_tap_q[4][16]          ;
; PRESERVE_REGISTER         ; on    ; -    ; activity_tap_q[4][15]          ;
; PRESERVE_REGISTER         ; on    ; -    ; activity_tap_q[4][15]          ;
; PRESERVE_FANOUT_FREE_NODE ; on    ; -    ; activity_tap_q[4][15]          ;
; PRESERVE_REGISTER         ; on    ; -    ; activity_tap_q[4][14]          ;
; PRESERVE_REGISTER         ; on    ; -    ; activity_tap_q[4][14]          ;
; PRESERVE_FANOUT_FREE_NODE ; on    ; -    ; activity_tap_q[4][14]          ;
; PRESERVE_REGISTER         ; on    ; -    ; activity_tap_q[4][13]          ;
; PRESERVE_REGISTER         ; on    ; -    ; activity_tap_q[4][13]          ;
; PRESERVE_FANOUT_FREE_NODE ; on    ; -    ; activity_tap_q[4][13]          ;
; PRESERVE_REGISTER         ; on    ; -    ; activity_tap_q[4][12]          ;
; PRESERVE_REGISTER         ; on    ; -    ; activity_tap_q[4][12]          ;
; PRESERVE_FANOUT_FREE_NODE ; on    ; -    ; activity_tap_q[4][12]          ;
; PRESERVE_REGISTER         ; on    ; -    ; activity_tap_q[4][11]          ;
; PRESERVE_REGISTER         ; on    ; -    ; activity_tap_q[4][11]          ;
; PRESERVE_FANOUT_FREE_NODE ; on    ; -    ; activity_tap_q[4][11]          ;
; PRESERVE_REGISTER         ; on    ; -    ; activity_tap_q[4][10]          ;
; PRESERVE_REGISTER         ; on    ; -    ; activity_tap_q[4][10]          ;
; PRESERVE_FANOUT_FREE_NODE ; on    ; -    ; activity_tap_q[4][10]          ;
; PRESERVE_REGISTER         ; on    ; -    ; activity_tap_q[4][9]           ;
; PRESERVE_REGISTER         ; on    ; -    ; activity_tap_q[4][9]           ;
; PRESERVE_FANOUT_FREE_NODE ; on    ; -    ; activity_tap_q[4][9]           ;
; PRESERVE_REGISTER         ; on    ; -    ; activity_tap_q[4][8]           ;
; PRESERVE_REGISTER         ; on    ; -    ; activity_tap_q[4][8]           ;
; PRESERVE_FANOUT_FREE_NODE ; on    ; -    ; activity_tap_q[4][8]           ;
; PRESERVE_REGISTER         ; on    ; -    ; activity_tap_q[4][7]           ;
; PRESERVE_REGISTER         ; on    ; -    ; activity_tap_q[4][7]           ;
; PRESERVE_FANOUT_FREE_NODE ; on    ; -    ; activity_tap_q[4][7]           ;
; PRESERVE_REGISTER         ; on    ; -    ; activity_tap_q[4][6]           ;
; PRESERVE_REGISTER         ; on    ; -    ; activity_tap_q[4][6]           ;
; PRESERVE_FANOUT_FREE_NODE ; on    ; -    ; activity_tap_q[4][6]           ;
; PRESERVE_REGISTER         ; on    ; -    ; activity_tap_q[4][5]           ;
; PRESERVE_REGISTER         ; on    ; -    ; activity_tap_q[4][5]           ;
; PRESERVE_FANOUT_FREE_NODE ; on    ; -    ; activity_tap_q[4][5]           ;
; PRESERVE_REGISTER         ; on    ; -    ; activity_tap_q[4][4]           ;
; PRESERVE_REGISTER         ; on    ; -    ; activity_tap_q[4][4]           ;
; PRESERVE_FANOUT_FREE_NODE ; on    ; -    ; activity_tap_q[4][4]           ;
; PRESERVE_REGISTER         ; on    ; -    ; activity_tap_q[4][3]           ;
; PRESERVE_REGISTER         ; on    ; -    ; activity_tap_q[4][3]           ;
; PRESERVE_FANOUT_FREE_NODE ; on    ; -    ; activity_tap_q[4][3]           ;
; PRESERVE_REGISTER         ; on    ; -    ; activity_tap_q[4][2]           ;
; PRESERVE_REGISTER         ; on    ; -    ; activity_tap_q[4][2]           ;
; PRESERVE_FANOUT_FREE_NODE ; on    ; -    ; activity_tap_q[4][2]           ;
; PRESERVE_REGISTER         ; on    ; -    ; activity_tap_q[4][1]           ;
; PRESERVE_REGISTER         ; on    ; -    ; activity_tap_q[4][1]           ;
; PRESERVE_FANOUT_FREE_NODE ; on    ; -    ; activity_tap_q[4][1]           ;
; PRESERVE_REGISTER         ; on    ; -    ; activity_tap_q[4][0]           ;
; PRESERVE_REGISTER         ; on    ; -    ; activity_tap_q[4][0]           ;
; PRESERVE_FANOUT_FREE_NODE ; on    ; -    ; activity_tap_q[4][0]           ;
; PRESERVE_REGISTER         ; on    ; -    ; activity_tap_q[5][31]          ;
; PRESERVE_REGISTER         ; on    ; -    ; activity_tap_q[5][31]          ;
; PRESERVE_FANOUT_FREE_NODE ; on    ; -    ; activity_tap_q[5][31]          ;
; PRESERVE_REGISTER         ; on    ; -    ; activity_tap_q[5][30]          ;
; PRESERVE_REGISTER         ; on    ; -    ; activity_tap_q[5][30]          ;
; PRESERVE_FANOUT_FREE_NODE ; on    ; -    ; activity_tap_q[5][30]          ;
; PRESERVE_REGISTER         ; on    ; -    ; activity_tap_q[5][29]          ;
; PRESERVE_REGISTER         ; on    ; -    ; activity_tap_q[5][29]          ;
; PRESERVE_FANOUT_FREE_NODE ; on    ; -    ; activity_tap_q[5][29]          ;
; PRESERVE_REGISTER         ; on    ; -    ; activity_tap_q[5][28]          ;
; PRESERVE_REGISTER         ; on    ; -    ; activity_tap_q[5][28]          ;
; PRESERVE_FANOUT_FREE_NODE ; on    ; -    ; activity_tap_q[5][28]          ;
; PRESERVE_REGISTER         ; on    ; -    ; activity_tap_q[5][27]          ;
; PRESERVE_REGISTER         ; on    ; -    ; activity_tap_q[5][27]          ;
; PRESERVE_FANOUT_FREE_NODE ; on    ; -    ; activity_tap_q[5][27]          ;
; PRESERVE_REGISTER         ; on    ; -    ; activity_tap_q[5][26]          ;
; PRESERVE_REGISTER         ; on    ; -    ; activity_tap_q[5][26]          ;
; PRESERVE_FANOUT_FREE_NODE ; on    ; -    ; activity_tap_q[5][26]          ;
; PRESERVE_REGISTER         ; on    ; -    ; activity_tap_q[5][25]          ;
; PRESERVE_REGISTER         ; on    ; -    ; activity_tap_q[5][25]          ;
; PRESERVE_FANOUT_FREE_NODE ; on    ; -    ; activity_tap_q[5][25]          ;
; PRESERVE_REGISTER         ; on    ; -    ; activity_tap_q[5][24]          ;
; PRESERVE_REGISTER         ; on    ; -    ; activity_tap_q[5][24]          ;
; PRESERVE_FANOUT_FREE_NODE ; on    ; -    ; activity_tap_q[5][24]          ;
; PRESERVE_REGISTER         ; on    ; -    ; activity_tap_q[5][23]          ;
; PRESERVE_REGISTER         ; on    ; -    ; activity_tap_q[5][23]          ;
; PRESERVE_FANOUT_FREE_NODE ; on    ; -    ; activity_tap_q[5][23]          ;
; PRESERVE_REGISTER         ; on    ; -    ; activity_tap_q[5][22]          ;
; PRESERVE_REGISTER         ; on    ; -    ; activity_tap_q[5][22]          ;
; PRESERVE_FANOUT_FREE_NODE ; on    ; -    ; activity_tap_q[5][22]          ;
; PRESERVE_REGISTER         ; on    ; -    ; activity_tap_q[5][21]          ;
; PRESERVE_REGISTER         ; on    ; -    ; activity_tap_q[5][21]          ;
; PRESERVE_FANOUT_FREE_NODE ; on    ; -    ; activity_tap_q[5][21]          ;
; PRESERVE_REGISTER         ; on    ; -    ; activity_tap_q[5][20]          ;
; PRESERVE_REGISTER         ; on    ; -    ; activity_tap_q[5][20]          ;
; PRESERVE_FANOUT_FREE_NODE ; on    ; -    ; activity_tap_q[5][20]          ;
; PRESERVE_REGISTER         ; on    ; -    ; activity_tap_q[5][19]          ;
; PRESERVE_REGISTER         ; on    ; -    ; activity_tap_q[5][19]          ;
; PRESERVE_FANOUT_FREE_NODE ; on    ; -    ; activity_tap_q[5][19]          ;
; PRESERVE_REGISTER         ; on    ; -    ; activity_tap_q[5][18]          ;
; PRESERVE_REGISTER         ; on    ; -    ; activity_tap_q[5][18]          ;
; PRESERVE_FANOUT_FREE_NODE ; on    ; -    ; activity_tap_q[5][18]          ;
; PRESERVE_REGISTER         ; on    ; -    ; activity_tap_q[5][17]          ;
; PRESERVE_REGISTER         ; on    ; -    ; activity_tap_q[5][17]          ;
; PRESERVE_FANOUT_FREE_NODE ; on    ; -    ; activity_tap_q[5][17]          ;
; PRESERVE_REGISTER         ; on    ; -    ; activity_tap_q[5][16]          ;
; PRESERVE_REGISTER         ; on    ; -    ; activity_tap_q[5][16]          ;
; PRESERVE_FANOUT_FREE_NODE ; on    ; -    ; activity_tap_q[5][16]          ;
; PRESERVE_REGISTER         ; on    ; -    ; activity_tap_q[5][15]          ;
; PRESERVE_REGISTER         ; on    ; -    ; activity_tap_q[5][15]          ;
; PRESERVE_FANOUT_FREE_NODE ; on    ; -    ; activity_tap_q[5][15]          ;
; PRESERVE_REGISTER         ; on    ; -    ; activity_tap_q[5][14]          ;
; PRESERVE_REGISTER         ; on    ; -    ; activity_tap_q[5][14]          ;
; PRESERVE_FANOUT_FREE_NODE ; on    ; -    ; activity_tap_q[5][14]          ;
; PRESERVE_REGISTER         ; on    ; -    ; activity_tap_q[5][13]          ;
; PRESERVE_REGISTER         ; on    ; -    ; activity_tap_q[5][13]          ;
; PRESERVE_FANOUT_FREE_NODE ; on    ; -    ; activity_tap_q[5][13]          ;
; PRESERVE_REGISTER         ; on    ; -    ; activity_tap_q[5][12]          ;
; PRESERVE_REGISTER         ; on    ; -    ; activity_tap_q[5][12]          ;
; PRESERVE_FANOUT_FREE_NODE ; on    ; -    ; activity_tap_q[5][12]          ;
; PRESERVE_REGISTER         ; on    ; -    ; activity_tap_q[5][11]          ;
; PRESERVE_REGISTER         ; on    ; -    ; activity_tap_q[5][11]          ;
; PRESERVE_FANOUT_FREE_NODE ; on    ; -    ; activity_tap_q[5][11]          ;
; PRESERVE_REGISTER         ; on    ; -    ; activity_tap_q[5][10]          ;
; PRESERVE_REGISTER         ; on    ; -    ; activity_tap_q[5][10]          ;
; PRESERVE_FANOUT_FREE_NODE ; on    ; -    ; activity_tap_q[5][10]          ;
; PRESERVE_REGISTER         ; on    ; -    ; activity_tap_q[5][9]           ;
; PRESERVE_REGISTER         ; on    ; -    ; activity_tap_q[5][9]           ;
; PRESERVE_FANOUT_FREE_NODE ; on    ; -    ; activity_tap_q[5][9]           ;
; PRESERVE_REGISTER         ; on    ; -    ; activity_tap_q[5][8]           ;
; PRESERVE_REGISTER         ; on    ; -    ; activity_tap_q[5][8]           ;
; PRESERVE_FANOUT_FREE_NODE ; on    ; -    ; activity_tap_q[5][8]           ;
; PRESERVE_REGISTER         ; on    ; -    ; activity_tap_q[5][7]           ;
; PRESERVE_REGISTER         ; on    ; -    ; activity_tap_q[5][7]           ;
; PRESERVE_FANOUT_FREE_NODE ; on    ; -    ; activity_tap_q[5][7]           ;
; PRESERVE_REGISTER         ; on    ; -    ; activity_tap_q[5][6]           ;
; PRESERVE_REGISTER         ; on    ; -    ; activity_tap_q[5][6]           ;
; PRESERVE_FANOUT_FREE_NODE ; on    ; -    ; activity_tap_q[5][6]           ;
; PRESERVE_REGISTER         ; on    ; -    ; activity_tap_q[5][5]           ;
; PRESERVE_REGISTER         ; on    ; -    ; activity_tap_q[5][5]           ;
; PRESERVE_FANOUT_FREE_NODE ; on    ; -    ; activity_tap_q[5][5]           ;
; PRESERVE_REGISTER         ; on    ; -    ; activity_tap_q[5][4]           ;
; PRESERVE_REGISTER         ; on    ; -    ; activity_tap_q[5][4]           ;
; PRESERVE_FANOUT_FREE_NODE ; on    ; -    ; activity_tap_q[5][4]           ;
; PRESERVE_REGISTER         ; on    ; -    ; activity_tap_q[5][3]           ;
; PRESERVE_REGISTER         ; on    ; -    ; activity_tap_q[5][3]           ;
; PRESERVE_FANOUT_FREE_NODE ; on    ; -    ; activity_tap_q[5][3]           ;
; PRESERVE_REGISTER         ; on    ; -    ; activity_tap_q[5][2]           ;
; PRESERVE_REGISTER         ; on    ; -    ; activity_tap_q[5][2]           ;
; PRESERVE_FANOUT_FREE_NODE ; on    ; -    ; activity_tap_q[5][2]           ;
; PRESERVE_REGISTER         ; on    ; -    ; activity_tap_q[5][1]           ;
; PRESERVE_REGISTER         ; on    ; -    ; activity_tap_q[5][1]           ;
; PRESERVE_FANOUT_FREE_NODE ; on    ; -    ; activity_tap_q[5][1]           ;
; PRESERVE_REGISTER         ; on    ; -    ; activity_tap_q[5][0]           ;
; PRESERVE_REGISTER         ; on    ; -    ; activity_tap_q[5][0]           ;
; PRESERVE_FANOUT_FREE_NODE ; on    ; -    ; activity_tap_q[5][0]           ;
; PRESERVE_REGISTER         ; on    ; -    ; activity_tap_q[6][31]          ;
; PRESERVE_REGISTER         ; on    ; -    ; activity_tap_q[6][31]          ;
; PRESERVE_FANOUT_FREE_NODE ; on    ; -    ; activity_tap_q[6][31]          ;
; PRESERVE_REGISTER         ; on    ; -    ; activity_tap_q[6][30]          ;
; PRESERVE_REGISTER         ; on    ; -    ; activity_tap_q[6][30]          ;
; PRESERVE_FANOUT_FREE_NODE ; on    ; -    ; activity_tap_q[6][30]          ;
; PRESERVE_REGISTER         ; on    ; -    ; activity_tap_q[6][29]          ;
; PRESERVE_REGISTER         ; on    ; -    ; activity_tap_q[6][29]          ;
; PRESERVE_FANOUT_FREE_NODE ; on    ; -    ; activity_tap_q[6][29]          ;
; PRESERVE_REGISTER         ; on    ; -    ; activity_tap_q[6][28]          ;
; PRESERVE_REGISTER         ; on    ; -    ; activity_tap_q[6][28]          ;
; PRESERVE_FANOUT_FREE_NODE ; on    ; -    ; activity_tap_q[6][28]          ;
; PRESERVE_REGISTER         ; on    ; -    ; activity_tap_q[6][27]          ;
; PRESERVE_REGISTER         ; on    ; -    ; activity_tap_q[6][27]          ;
; PRESERVE_FANOUT_FREE_NODE ; on    ; -    ; activity_tap_q[6][27]          ;
; PRESERVE_REGISTER         ; on    ; -    ; activity_tap_q[6][26]          ;
; PRESERVE_REGISTER         ; on    ; -    ; activity_tap_q[6][26]          ;
; PRESERVE_FANOUT_FREE_NODE ; on    ; -    ; activity_tap_q[6][26]          ;
; PRESERVE_REGISTER         ; on    ; -    ; activity_tap_q[6][25]          ;
; PRESERVE_REGISTER         ; on    ; -    ; activity_tap_q[6][25]          ;
; PRESERVE_FANOUT_FREE_NODE ; on    ; -    ; activity_tap_q[6][25]          ;
; PRESERVE_REGISTER         ; on    ; -    ; activity_tap_q[6][24]          ;
; PRESERVE_REGISTER         ; on    ; -    ; activity_tap_q[6][24]          ;
; PRESERVE_FANOUT_FREE_NODE ; on    ; -    ; activity_tap_q[6][24]          ;
; PRESERVE_REGISTER         ; on    ; -    ; activity_tap_q[6][23]          ;
; PRESERVE_REGISTER         ; on    ; -    ; activity_tap_q[6][23]          ;
; PRESERVE_FANOUT_FREE_NODE ; on    ; -    ; activity_tap_q[6][23]          ;
; PRESERVE_REGISTER         ; on    ; -    ; activity_tap_q[6][22]          ;
; PRESERVE_REGISTER         ; on    ; -    ; activity_tap_q[6][22]          ;
; PRESERVE_FANOUT_FREE_NODE ; on    ; -    ; activity_tap_q[6][22]          ;
; PRESERVE_REGISTER         ; on    ; -    ; activity_tap_q[6][21]          ;
; PRESERVE_REGISTER         ; on    ; -    ; activity_tap_q[6][21]          ;
; PRESERVE_FANOUT_FREE_NODE ; on    ; -    ; activity_tap_q[6][21]          ;
; PRESERVE_REGISTER         ; on    ; -    ; activity_tap_q[6][20]          ;
; PRESERVE_REGISTER         ; on    ; -    ; activity_tap_q[6][20]          ;
; PRESERVE_FANOUT_FREE_NODE ; on    ; -    ; activity_tap_q[6][20]          ;
; PRESERVE_REGISTER         ; on    ; -    ; activity_tap_q[6][19]          ;
; PRESERVE_REGISTER         ; on    ; -    ; activity_tap_q[6][19]          ;
; PRESERVE_FANOUT_FREE_NODE ; on    ; -    ; activity_tap_q[6][19]          ;
; PRESERVE_REGISTER         ; on    ; -    ; activity_tap_q[6][18]          ;
; PRESERVE_REGISTER         ; on    ; -    ; activity_tap_q[6][18]          ;
; PRESERVE_FANOUT_FREE_NODE ; on    ; -    ; activity_tap_q[6][18]          ;
; PRESERVE_REGISTER         ; on    ; -    ; activity_tap_q[6][17]          ;
; PRESERVE_REGISTER         ; on    ; -    ; activity_tap_q[6][17]          ;
; PRESERVE_FANOUT_FREE_NODE ; on    ; -    ; activity_tap_q[6][17]          ;
; PRESERVE_REGISTER         ; on    ; -    ; activity_tap_q[6][16]          ;
; PRESERVE_REGISTER         ; on    ; -    ; activity_tap_q[6][16]          ;
; PRESERVE_FANOUT_FREE_NODE ; on    ; -    ; activity_tap_q[6][16]          ;
; PRESERVE_REGISTER         ; on    ; -    ; activity_tap_q[6][15]          ;
; PRESERVE_REGISTER         ; on    ; -    ; activity_tap_q[6][15]          ;
; PRESERVE_FANOUT_FREE_NODE ; on    ; -    ; activity_tap_q[6][15]          ;
; PRESERVE_REGISTER         ; on    ; -    ; activity_tap_q[6][14]          ;
; PRESERVE_REGISTER         ; on    ; -    ; activity_tap_q[6][14]          ;
; PRESERVE_FANOUT_FREE_NODE ; on    ; -    ; activity_tap_q[6][14]          ;
; PRESERVE_REGISTER         ; on    ; -    ; activity_tap_q[6][13]          ;
; PRESERVE_REGISTER         ; on    ; -    ; activity_tap_q[6][13]          ;
; PRESERVE_FANOUT_FREE_NODE ; on    ; -    ; activity_tap_q[6][13]          ;
; PRESERVE_REGISTER         ; on    ; -    ; activity_tap_q[6][12]          ;
; PRESERVE_REGISTER         ; on    ; -    ; activity_tap_q[6][12]          ;
; PRESERVE_FANOUT_FREE_NODE ; on    ; -    ; activity_tap_q[6][12]          ;
; PRESERVE_REGISTER         ; on    ; -    ; activity_tap_q[6][11]          ;
; PRESERVE_REGISTER         ; on    ; -    ; activity_tap_q[6][11]          ;
; PRESERVE_FANOUT_FREE_NODE ; on    ; -    ; activity_tap_q[6][11]          ;
; PRESERVE_REGISTER         ; on    ; -    ; activity_tap_q[6][10]          ;
; PRESERVE_REGISTER         ; on    ; -    ; activity_tap_q[6][10]          ;
; PRESERVE_FANOUT_FREE_NODE ; on    ; -    ; activity_tap_q[6][10]          ;
; PRESERVE_REGISTER         ; on    ; -    ; activity_tap_q[6][9]           ;
; PRESERVE_REGISTER         ; on    ; -    ; activity_tap_q[6][9]           ;
; PRESERVE_FANOUT_FREE_NODE ; on    ; -    ; activity_tap_q[6][9]           ;
; PRESERVE_REGISTER         ; on    ; -    ; activity_tap_q[6][8]           ;
; PRESERVE_REGISTER         ; on    ; -    ; activity_tap_q[6][8]           ;
; PRESERVE_FANOUT_FREE_NODE ; on    ; -    ; activity_tap_q[6][8]           ;
; PRESERVE_REGISTER         ; on    ; -    ; activity_tap_q[6][7]           ;
; PRESERVE_REGISTER         ; on    ; -    ; activity_tap_q[6][7]           ;
; PRESERVE_FANOUT_FREE_NODE ; on    ; -    ; activity_tap_q[6][7]           ;
; PRESERVE_REGISTER         ; on    ; -    ; activity_tap_q[6][6]           ;
; PRESERVE_REGISTER         ; on    ; -    ; activity_tap_q[6][6]           ;
; PRESERVE_FANOUT_FREE_NODE ; on    ; -    ; activity_tap_q[6][6]           ;
; PRESERVE_REGISTER         ; on    ; -    ; activity_tap_q[6][5]           ;
; PRESERVE_REGISTER         ; on    ; -    ; activity_tap_q[6][5]           ;
; PRESERVE_FANOUT_FREE_NODE ; on    ; -    ; activity_tap_q[6][5]           ;
; PRESERVE_REGISTER         ; on    ; -    ; activity_tap_q[6][4]           ;
; PRESERVE_REGISTER         ; on    ; -    ; activity_tap_q[6][4]           ;
; PRESERVE_FANOUT_FREE_NODE ; on    ; -    ; activity_tap_q[6][4]           ;
; PRESERVE_REGISTER         ; on    ; -    ; activity_tap_q[6][3]           ;
; PRESERVE_REGISTER         ; on    ; -    ; activity_tap_q[6][3]           ;
; PRESERVE_FANOUT_FREE_NODE ; on    ; -    ; activity_tap_q[6][3]           ;
; PRESERVE_REGISTER         ; on    ; -    ; activity_tap_q[6][2]           ;
; PRESERVE_REGISTER         ; on    ; -    ; activity_tap_q[6][2]           ;
; PRESERVE_FANOUT_FREE_NODE ; on    ; -    ; activity_tap_q[6][2]           ;
; PRESERVE_REGISTER         ; on    ; -    ; activity_tap_q[6][1]           ;
; PRESERVE_REGISTER         ; on    ; -    ; activity_tap_q[6][1]           ;
; PRESERVE_FANOUT_FREE_NODE ; on    ; -    ; activity_tap_q[6][1]           ;
; PRESERVE_REGISTER         ; on    ; -    ; activity_tap_q[6][0]           ;
; PRESERVE_REGISTER         ; on    ; -    ; activity_tap_q[6][0]           ;
; PRESERVE_FANOUT_FREE_NODE ; on    ; -    ; activity_tap_q[6][0]           ;
; PRESERVE_REGISTER         ; on    ; -    ; activity_tap_q[7][31]          ;
; PRESERVE_REGISTER         ; on    ; -    ; activity_tap_q[7][31]          ;
; PRESERVE_FANOUT_FREE_NODE ; on    ; -    ; activity_tap_q[7][31]          ;
; PRESERVE_REGISTER         ; on    ; -    ; activity_tap_q[7][30]          ;
; PRESERVE_REGISTER         ; on    ; -    ; activity_tap_q[7][30]          ;
; PRESERVE_FANOUT_FREE_NODE ; on    ; -    ; activity_tap_q[7][30]          ;
; PRESERVE_REGISTER         ; on    ; -    ; activity_tap_q[7][29]          ;
; PRESERVE_REGISTER         ; on    ; -    ; activity_tap_q[7][29]          ;
; PRESERVE_FANOUT_FREE_NODE ; on    ; -    ; activity_tap_q[7][29]          ;
; PRESERVE_REGISTER         ; on    ; -    ; activity_tap_q[7][28]          ;
; PRESERVE_REGISTER         ; on    ; -    ; activity_tap_q[7][28]          ;
; PRESERVE_FANOUT_FREE_NODE ; on    ; -    ; activity_tap_q[7][28]          ;
; PRESERVE_REGISTER         ; on    ; -    ; activity_tap_q[7][27]          ;
; PRESERVE_REGISTER         ; on    ; -    ; activity_tap_q[7][27]          ;
; PRESERVE_FANOUT_FREE_NODE ; on    ; -    ; activity_tap_q[7][27]          ;
; PRESERVE_REGISTER         ; on    ; -    ; activity_tap_q[7][26]          ;
; PRESERVE_REGISTER         ; on    ; -    ; activity_tap_q[7][26]          ;
; PRESERVE_FANOUT_FREE_NODE ; on    ; -    ; activity_tap_q[7][26]          ;
; PRESERVE_REGISTER         ; on    ; -    ; activity_tap_q[7][25]          ;
; PRESERVE_REGISTER         ; on    ; -    ; activity_tap_q[7][25]          ;
; PRESERVE_FANOUT_FREE_NODE ; on    ; -    ; activity_tap_q[7][25]          ;
; PRESERVE_REGISTER         ; on    ; -    ; activity_tap_q[7][24]          ;
; PRESERVE_REGISTER         ; on    ; -    ; activity_tap_q[7][24]          ;
; PRESERVE_FANOUT_FREE_NODE ; on    ; -    ; activity_tap_q[7][24]          ;
; PRESERVE_REGISTER         ; on    ; -    ; activity_tap_q[7][23]          ;
; PRESERVE_REGISTER         ; on    ; -    ; activity_tap_q[7][23]          ;
; PRESERVE_FANOUT_FREE_NODE ; on    ; -    ; activity_tap_q[7][23]          ;
; PRESERVE_REGISTER         ; on    ; -    ; activity_tap_q[7][22]          ;
; PRESERVE_REGISTER         ; on    ; -    ; activity_tap_q[7][22]          ;
; PRESERVE_FANOUT_FREE_NODE ; on    ; -    ; activity_tap_q[7][22]          ;
; PRESERVE_REGISTER         ; on    ; -    ; activity_tap_q[7][21]          ;
; PRESERVE_REGISTER         ; on    ; -    ; activity_tap_q[7][21]          ;
; PRESERVE_FANOUT_FREE_NODE ; on    ; -    ; activity_tap_q[7][21]          ;
; PRESERVE_REGISTER         ; on    ; -    ; activity_tap_q[7][20]          ;
; PRESERVE_REGISTER         ; on    ; -    ; activity_tap_q[7][20]          ;
; PRESERVE_FANOUT_FREE_NODE ; on    ; -    ; activity_tap_q[7][20]          ;
; PRESERVE_REGISTER         ; on    ; -    ; activity_tap_q[7][19]          ;
; PRESERVE_REGISTER         ; on    ; -    ; activity_tap_q[7][19]          ;
; PRESERVE_FANOUT_FREE_NODE ; on    ; -    ; activity_tap_q[7][19]          ;
; PRESERVE_REGISTER         ; on    ; -    ; activity_tap_q[7][18]          ;
; PRESERVE_REGISTER         ; on    ; -    ; activity_tap_q[7][18]          ;
; PRESERVE_FANOUT_FREE_NODE ; on    ; -    ; activity_tap_q[7][18]          ;
; PRESERVE_REGISTER         ; on    ; -    ; activity_tap_q[7][17]          ;
; PRESERVE_REGISTER         ; on    ; -    ; activity_tap_q[7][17]          ;
; PRESERVE_FANOUT_FREE_NODE ; on    ; -    ; activity_tap_q[7][17]          ;
; PRESERVE_REGISTER         ; on    ; -    ; activity_tap_q[7][16]          ;
; PRESERVE_REGISTER         ; on    ; -    ; activity_tap_q[7][16]          ;
; PRESERVE_FANOUT_FREE_NODE ; on    ; -    ; activity_tap_q[7][16]          ;
; PRESERVE_REGISTER         ; on    ; -    ; activity_tap_q[7][15]          ;
; PRESERVE_REGISTER         ; on    ; -    ; activity_tap_q[7][15]          ;
; PRESERVE_FANOUT_FREE_NODE ; on    ; -    ; activity_tap_q[7][15]          ;
; PRESERVE_REGISTER         ; on    ; -    ; activity_tap_q[7][14]          ;
; PRESERVE_REGISTER         ; on    ; -    ; activity_tap_q[7][14]          ;
; PRESERVE_FANOUT_FREE_NODE ; on    ; -    ; activity_tap_q[7][14]          ;
; PRESERVE_REGISTER         ; on    ; -    ; activity_tap_q[7][13]          ;
; PRESERVE_REGISTER         ; on    ; -    ; activity_tap_q[7][13]          ;
; PRESERVE_FANOUT_FREE_NODE ; on    ; -    ; activity_tap_q[7][13]          ;
; PRESERVE_REGISTER         ; on    ; -    ; activity_tap_q[7][12]          ;
; PRESERVE_REGISTER         ; on    ; -    ; activity_tap_q[7][12]          ;
; PRESERVE_FANOUT_FREE_NODE ; on    ; -    ; activity_tap_q[7][12]          ;
; PRESERVE_REGISTER         ; on    ; -    ; activity_tap_q[7][11]          ;
; PRESERVE_REGISTER         ; on    ; -    ; activity_tap_q[7][11]          ;
; PRESERVE_FANOUT_FREE_NODE ; on    ; -    ; activity_tap_q[7][11]          ;
; PRESERVE_REGISTER         ; on    ; -    ; activity_tap_q[7][10]          ;
; PRESERVE_REGISTER         ; on    ; -    ; activity_tap_q[7][10]          ;
; PRESERVE_FANOUT_FREE_NODE ; on    ; -    ; activity_tap_q[7][10]          ;
; PRESERVE_REGISTER         ; on    ; -    ; activity_tap_q[7][9]           ;
; PRESERVE_REGISTER         ; on    ; -    ; activity_tap_q[7][9]           ;
; PRESERVE_FANOUT_FREE_NODE ; on    ; -    ; activity_tap_q[7][9]           ;
; PRESERVE_REGISTER         ; on    ; -    ; activity_tap_q[7][8]           ;
; PRESERVE_REGISTER         ; on    ; -    ; activity_tap_q[7][8]           ;
; PRESERVE_FANOUT_FREE_NODE ; on    ; -    ; activity_tap_q[7][8]           ;
; PRESERVE_REGISTER         ; on    ; -    ; activity_tap_q[7][7]           ;
; PRESERVE_REGISTER         ; on    ; -    ; activity_tap_q[7][7]           ;
; PRESERVE_FANOUT_FREE_NODE ; on    ; -    ; activity_tap_q[7][7]           ;
; PRESERVE_REGISTER         ; on    ; -    ; activity_tap_q[7][6]           ;
; PRESERVE_REGISTER         ; on    ; -    ; activity_tap_q[7][6]           ;
; PRESERVE_FANOUT_FREE_NODE ; on    ; -    ; activity_tap_q[7][6]           ;
; PRESERVE_REGISTER         ; on    ; -    ; activity_tap_q[7][5]           ;
; PRESERVE_REGISTER         ; on    ; -    ; activity_tap_q[7][5]           ;
; PRESERVE_FANOUT_FREE_NODE ; on    ; -    ; activity_tap_q[7][5]           ;
; PRESERVE_REGISTER         ; on    ; -    ; activity_tap_q[7][4]           ;
; PRESERVE_REGISTER         ; on    ; -    ; activity_tap_q[7][4]           ;
; PRESERVE_FANOUT_FREE_NODE ; on    ; -    ; activity_tap_q[7][4]           ;
; PRESERVE_REGISTER         ; on    ; -    ; activity_tap_q[7][3]           ;
; PRESERVE_REGISTER         ; on    ; -    ; activity_tap_q[7][3]           ;
; PRESERVE_FANOUT_FREE_NODE ; on    ; -    ; activity_tap_q[7][3]           ;
; PRESERVE_REGISTER         ; on    ; -    ; activity_tap_q[7][2]           ;
; PRESERVE_REGISTER         ; on    ; -    ; activity_tap_q[7][2]           ;
; PRESERVE_FANOUT_FREE_NODE ; on    ; -    ; activity_tap_q[7][2]           ;
; PRESERVE_REGISTER         ; on    ; -    ; activity_tap_q[7][1]           ;
; PRESERVE_REGISTER         ; on    ; -    ; activity_tap_q[7][1]           ;
; PRESERVE_FANOUT_FREE_NODE ; on    ; -    ; activity_tap_q[7][1]           ;
; PRESERVE_REGISTER         ; on    ; -    ; activity_tap_q[7][0]           ;
; PRESERVE_REGISTER         ; on    ; -    ; activity_tap_q[7][0]           ;
; PRESERVE_FANOUT_FREE_NODE ; on    ; -    ; activity_tap_q[7][0]           ;
; PRESERVE_REGISTER         ; on    ; -    ; activity_tap_q[8][31]          ;
; PRESERVE_REGISTER         ; on    ; -    ; activity_tap_q[8][31]          ;
; PRESERVE_FANOUT_FREE_NODE ; on    ; -    ; activity_tap_q[8][31]          ;
; PRESERVE_REGISTER         ; on    ; -    ; activity_tap_q[8][30]          ;
; PRESERVE_REGISTER         ; on    ; -    ; activity_tap_q[8][30]          ;
; PRESERVE_FANOUT_FREE_NODE ; on    ; -    ; activity_tap_q[8][30]          ;
; PRESERVE_REGISTER         ; on    ; -    ; activity_tap_q[8][29]          ;
; PRESERVE_REGISTER         ; on    ; -    ; activity_tap_q[8][29]          ;
; PRESERVE_FANOUT_FREE_NODE ; on    ; -    ; activity_tap_q[8][29]          ;
; PRESERVE_REGISTER         ; on    ; -    ; activity_tap_q[8][28]          ;
; PRESERVE_REGISTER         ; on    ; -    ; activity_tap_q[8][28]          ;
; PRESERVE_FANOUT_FREE_NODE ; on    ; -    ; activity_tap_q[8][28]          ;
; PRESERVE_REGISTER         ; on    ; -    ; activity_tap_q[8][27]          ;
; PRESERVE_REGISTER         ; on    ; -    ; activity_tap_q[8][27]          ;
; PRESERVE_FANOUT_FREE_NODE ; on    ; -    ; activity_tap_q[8][27]          ;
; PRESERVE_REGISTER         ; on    ; -    ; activity_tap_q[8][26]          ;
; PRESERVE_REGISTER         ; on    ; -    ; activity_tap_q[8][26]          ;
; PRESERVE_FANOUT_FREE_NODE ; on    ; -    ; activity_tap_q[8][26]          ;
; PRESERVE_REGISTER         ; on    ; -    ; activity_tap_q[8][25]          ;
; PRESERVE_REGISTER         ; on    ; -    ; activity_tap_q[8][25]          ;
; PRESERVE_FANOUT_FREE_NODE ; on    ; -    ; activity_tap_q[8][25]          ;
; PRESERVE_REGISTER         ; on    ; -    ; activity_tap_q[8][24]          ;
; PRESERVE_REGISTER         ; on    ; -    ; activity_tap_q[8][24]          ;
; PRESERVE_FANOUT_FREE_NODE ; on    ; -    ; activity_tap_q[8][24]          ;
; PRESERVE_REGISTER         ; on    ; -    ; activity_tap_q[8][23]          ;
; PRESERVE_REGISTER         ; on    ; -    ; activity_tap_q[8][23]          ;
; PRESERVE_FANOUT_FREE_NODE ; on    ; -    ; activity_tap_q[8][23]          ;
; PRESERVE_REGISTER         ; on    ; -    ; activity_tap_q[8][22]          ;
; PRESERVE_REGISTER         ; on    ; -    ; activity_tap_q[8][22]          ;
; PRESERVE_FANOUT_FREE_NODE ; on    ; -    ; activity_tap_q[8][22]          ;
; PRESERVE_REGISTER         ; on    ; -    ; activity_tap_q[8][21]          ;
; PRESERVE_REGISTER         ; on    ; -    ; activity_tap_q[8][21]          ;
; PRESERVE_FANOUT_FREE_NODE ; on    ; -    ; activity_tap_q[8][21]          ;
; PRESERVE_REGISTER         ; on    ; -    ; activity_tap_q[8][20]          ;
; PRESERVE_REGISTER         ; on    ; -    ; activity_tap_q[8][20]          ;
; PRESERVE_FANOUT_FREE_NODE ; on    ; -    ; activity_tap_q[8][20]          ;
; PRESERVE_REGISTER         ; on    ; -    ; activity_tap_q[8][19]          ;
; PRESERVE_REGISTER         ; on    ; -    ; activity_tap_q[8][19]          ;
; PRESERVE_FANOUT_FREE_NODE ; on    ; -    ; activity_tap_q[8][19]          ;
; PRESERVE_REGISTER         ; on    ; -    ; activity_tap_q[8][18]          ;
; PRESERVE_REGISTER         ; on    ; -    ; activity_tap_q[8][18]          ;
; PRESERVE_FANOUT_FREE_NODE ; on    ; -    ; activity_tap_q[8][18]          ;
; PRESERVE_REGISTER         ; on    ; -    ; activity_tap_q[8][17]          ;
; PRESERVE_REGISTER         ; on    ; -    ; activity_tap_q[8][17]          ;
; PRESERVE_FANOUT_FREE_NODE ; on    ; -    ; activity_tap_q[8][17]          ;
; PRESERVE_REGISTER         ; on    ; -    ; activity_tap_q[8][16]          ;
; PRESERVE_REGISTER         ; on    ; -    ; activity_tap_q[8][16]          ;
; PRESERVE_FANOUT_FREE_NODE ; on    ; -    ; activity_tap_q[8][16]          ;
; PRESERVE_REGISTER         ; on    ; -    ; activity_tap_q[8][15]          ;
; PRESERVE_REGISTER         ; on    ; -    ; activity_tap_q[8][15]          ;
; PRESERVE_FANOUT_FREE_NODE ; on    ; -    ; activity_tap_q[8][15]          ;
; PRESERVE_REGISTER         ; on    ; -    ; activity_tap_q[8][14]          ;
; PRESERVE_REGISTER         ; on    ; -    ; activity_tap_q[8][14]          ;
; PRESERVE_FANOUT_FREE_NODE ; on    ; -    ; activity_tap_q[8][14]          ;
; PRESERVE_REGISTER         ; on    ; -    ; activity_tap_q[8][13]          ;
; PRESERVE_REGISTER         ; on    ; -    ; activity_tap_q[8][13]          ;
; PRESERVE_FANOUT_FREE_NODE ; on    ; -    ; activity_tap_q[8][13]          ;
; PRESERVE_REGISTER         ; on    ; -    ; activity_tap_q[8][12]          ;
; PRESERVE_REGISTER         ; on    ; -    ; activity_tap_q[8][12]          ;
; PRESERVE_FANOUT_FREE_NODE ; on    ; -    ; activity_tap_q[8][12]          ;
; PRESERVE_REGISTER         ; on    ; -    ; activity_tap_q[8][11]          ;
; PRESERVE_REGISTER         ; on    ; -    ; activity_tap_q[8][11]          ;
; PRESERVE_FANOUT_FREE_NODE ; on    ; -    ; activity_tap_q[8][11]          ;
; PRESERVE_REGISTER         ; on    ; -    ; activity_tap_q[8][10]          ;
; PRESERVE_REGISTER         ; on    ; -    ; activity_tap_q[8][10]          ;
; PRESERVE_FANOUT_FREE_NODE ; on    ; -    ; activity_tap_q[8][10]          ;
; PRESERVE_REGISTER         ; on    ; -    ; activity_tap_q[8][9]           ;
; PRESERVE_REGISTER         ; on    ; -    ; activity_tap_q[8][9]           ;
; PRESERVE_FANOUT_FREE_NODE ; on    ; -    ; activity_tap_q[8][9]           ;
; PRESERVE_REGISTER         ; on    ; -    ; activity_tap_q[8][8]           ;
; PRESERVE_REGISTER         ; on    ; -    ; activity_tap_q[8][8]           ;
; PRESERVE_FANOUT_FREE_NODE ; on    ; -    ; activity_tap_q[8][8]           ;
; PRESERVE_REGISTER         ; on    ; -    ; activity_tap_q[8][7]           ;
; PRESERVE_REGISTER         ; on    ; -    ; activity_tap_q[8][7]           ;
; PRESERVE_FANOUT_FREE_NODE ; on    ; -    ; activity_tap_q[8][7]           ;
; PRESERVE_REGISTER         ; on    ; -    ; activity_tap_q[8][6]           ;
; PRESERVE_REGISTER         ; on    ; -    ; activity_tap_q[8][6]           ;
; PRESERVE_FANOUT_FREE_NODE ; on    ; -    ; activity_tap_q[8][6]           ;
; PRESERVE_REGISTER         ; on    ; -    ; activity_tap_q[8][5]           ;
; PRESERVE_REGISTER         ; on    ; -    ; activity_tap_q[8][5]           ;
; PRESERVE_FANOUT_FREE_NODE ; on    ; -    ; activity_tap_q[8][5]           ;
; PRESERVE_REGISTER         ; on    ; -    ; activity_tap_q[8][4]           ;
; PRESERVE_REGISTER         ; on    ; -    ; activity_tap_q[8][4]           ;
; PRESERVE_FANOUT_FREE_NODE ; on    ; -    ; activity_tap_q[8][4]           ;
; PRESERVE_REGISTER         ; on    ; -    ; activity_tap_q[8][3]           ;
; PRESERVE_REGISTER         ; on    ; -    ; activity_tap_q[8][3]           ;
; PRESERVE_FANOUT_FREE_NODE ; on    ; -    ; activity_tap_q[8][3]           ;
; PRESERVE_REGISTER         ; on    ; -    ; activity_tap_q[8][2]           ;
; PRESERVE_REGISTER         ; on    ; -    ; activity_tap_q[8][2]           ;
; PRESERVE_FANOUT_FREE_NODE ; on    ; -    ; activity_tap_q[8][2]           ;
; PRESERVE_REGISTER         ; on    ; -    ; activity_tap_q[8][1]           ;
; PRESERVE_REGISTER         ; on    ; -    ; activity_tap_q[8][1]           ;
; PRESERVE_FANOUT_FREE_NODE ; on    ; -    ; activity_tap_q[8][1]           ;
; PRESERVE_REGISTER         ; on    ; -    ; activity_tap_q[8][0]           ;
; PRESERVE_REGISTER         ; on    ; -    ; activity_tap_q[8][0]           ;
; PRESERVE_FANOUT_FREE_NODE ; on    ; -    ; activity_tap_q[8][0]           ;
; PRESERVE_REGISTER         ; on    ; -    ; activity_tap_q[9][31]          ;
; PRESERVE_REGISTER         ; on    ; -    ; activity_tap_q[9][31]          ;
; PRESERVE_FANOUT_FREE_NODE ; on    ; -    ; activity_tap_q[9][31]          ;
; PRESERVE_REGISTER         ; on    ; -    ; activity_tap_q[9][30]          ;
; PRESERVE_REGISTER         ; on    ; -    ; activity_tap_q[9][30]          ;
; PRESERVE_FANOUT_FREE_NODE ; on    ; -    ; activity_tap_q[9][30]          ;
; PRESERVE_REGISTER         ; on    ; -    ; activity_tap_q[9][29]          ;
; PRESERVE_REGISTER         ; on    ; -    ; activity_tap_q[9][29]          ;
; PRESERVE_FANOUT_FREE_NODE ; on    ; -    ; activity_tap_q[9][29]          ;
; PRESERVE_REGISTER         ; on    ; -    ; activity_tap_q[9][28]          ;
; PRESERVE_REGISTER         ; on    ; -    ; activity_tap_q[9][28]          ;
; PRESERVE_FANOUT_FREE_NODE ; on    ; -    ; activity_tap_q[9][28]          ;
; PRESERVE_REGISTER         ; on    ; -    ; activity_tap_q[9][27]          ;
; PRESERVE_REGISTER         ; on    ; -    ; activity_tap_q[9][27]          ;
; PRESERVE_FANOUT_FREE_NODE ; on    ; -    ; activity_tap_q[9][27]          ;
; PRESERVE_REGISTER         ; on    ; -    ; activity_tap_q[9][26]          ;
; PRESERVE_REGISTER         ; on    ; -    ; activity_tap_q[9][26]          ;
; PRESERVE_FANOUT_FREE_NODE ; on    ; -    ; activity_tap_q[9][26]          ;
; PRESERVE_REGISTER         ; on    ; -    ; activity_tap_q[9][25]          ;
; PRESERVE_REGISTER         ; on    ; -    ; activity_tap_q[9][25]          ;
; PRESERVE_FANOUT_FREE_NODE ; on    ; -    ; activity_tap_q[9][25]          ;
; PRESERVE_REGISTER         ; on    ; -    ; activity_tap_q[9][24]          ;
; PRESERVE_REGISTER         ; on    ; -    ; activity_tap_q[9][24]          ;
; PRESERVE_FANOUT_FREE_NODE ; on    ; -    ; activity_tap_q[9][24]          ;
; PRESERVE_REGISTER         ; on    ; -    ; activity_tap_q[9][23]          ;
; PRESERVE_REGISTER         ; on    ; -    ; activity_tap_q[9][23]          ;
; PRESERVE_FANOUT_FREE_NODE ; on    ; -    ; activity_tap_q[9][23]          ;
; PRESERVE_REGISTER         ; on    ; -    ; activity_tap_q[9][22]          ;
; PRESERVE_REGISTER         ; on    ; -    ; activity_tap_q[9][22]          ;
; PRESERVE_FANOUT_FREE_NODE ; on    ; -    ; activity_tap_q[9][22]          ;
; PRESERVE_REGISTER         ; on    ; -    ; activity_tap_q[9][21]          ;
; PRESERVE_REGISTER         ; on    ; -    ; activity_tap_q[9][21]          ;
; PRESERVE_FANOUT_FREE_NODE ; on    ; -    ; activity_tap_q[9][21]          ;
; PRESERVE_REGISTER         ; on    ; -    ; activity_tap_q[9][20]          ;
; PRESERVE_REGISTER         ; on    ; -    ; activity_tap_q[9][20]          ;
; PRESERVE_FANOUT_FREE_NODE ; on    ; -    ; activity_tap_q[9][20]          ;
; PRESERVE_REGISTER         ; on    ; -    ; activity_tap_q[9][19]          ;
; PRESERVE_REGISTER         ; on    ; -    ; activity_tap_q[9][19]          ;
; PRESERVE_FANOUT_FREE_NODE ; on    ; -    ; activity_tap_q[9][19]          ;
; PRESERVE_REGISTER         ; on    ; -    ; activity_tap_q[9][18]          ;
; PRESERVE_REGISTER         ; on    ; -    ; activity_tap_q[9][18]          ;
; PRESERVE_FANOUT_FREE_NODE ; on    ; -    ; activity_tap_q[9][18]          ;
; PRESERVE_REGISTER         ; on    ; -    ; activity_tap_q[9][17]          ;
; PRESERVE_REGISTER         ; on    ; -    ; activity_tap_q[9][17]          ;
; PRESERVE_FANOUT_FREE_NODE ; on    ; -    ; activity_tap_q[9][17]          ;
; PRESERVE_REGISTER         ; on    ; -    ; activity_tap_q[9][16]          ;
; PRESERVE_REGISTER         ; on    ; -    ; activity_tap_q[9][16]          ;
; PRESERVE_FANOUT_FREE_NODE ; on    ; -    ; activity_tap_q[9][16]          ;
; PRESERVE_REGISTER         ; on    ; -    ; activity_tap_q[9][15]          ;
; PRESERVE_REGISTER         ; on    ; -    ; activity_tap_q[9][15]          ;
; PRESERVE_FANOUT_FREE_NODE ; on    ; -    ; activity_tap_q[9][15]          ;
; PRESERVE_REGISTER         ; on    ; -    ; activity_tap_q[9][14]          ;
; PRESERVE_REGISTER         ; on    ; -    ; activity_tap_q[9][14]          ;
; PRESERVE_FANOUT_FREE_NODE ; on    ; -    ; activity_tap_q[9][14]          ;
; PRESERVE_REGISTER         ; on    ; -    ; activity_tap_q[9][13]          ;
; PRESERVE_REGISTER         ; on    ; -    ; activity_tap_q[9][13]          ;
; PRESERVE_FANOUT_FREE_NODE ; on    ; -    ; activity_tap_q[9][13]          ;
; PRESERVE_REGISTER         ; on    ; -    ; activity_tap_q[9][12]          ;
; PRESERVE_REGISTER         ; on    ; -    ; activity_tap_q[9][12]          ;
; PRESERVE_FANOUT_FREE_NODE ; on    ; -    ; activity_tap_q[9][12]          ;
; PRESERVE_REGISTER         ; on    ; -    ; activity_tap_q[9][11]          ;
; PRESERVE_REGISTER         ; on    ; -    ; activity_tap_q[9][11]          ;
; PRESERVE_FANOUT_FREE_NODE ; on    ; -    ; activity_tap_q[9][11]          ;
; PRESERVE_REGISTER         ; on    ; -    ; activity_tap_q[9][10]          ;
; PRESERVE_REGISTER         ; on    ; -    ; activity_tap_q[9][10]          ;
; PRESERVE_FANOUT_FREE_NODE ; on    ; -    ; activity_tap_q[9][10]          ;
; PRESERVE_REGISTER         ; on    ; -    ; activity_tap_q[9][9]           ;
; PRESERVE_REGISTER         ; on    ; -    ; activity_tap_q[9][9]           ;
; PRESERVE_FANOUT_FREE_NODE ; on    ; -    ; activity_tap_q[9][9]           ;
; PRESERVE_REGISTER         ; on    ; -    ; activity_tap_q[9][8]           ;
; PRESERVE_REGISTER         ; on    ; -    ; activity_tap_q[9][8]           ;
; PRESERVE_FANOUT_FREE_NODE ; on    ; -    ; activity_tap_q[9][8]           ;
; PRESERVE_REGISTER         ; on    ; -    ; activity_tap_q[9][7]           ;
; PRESERVE_REGISTER         ; on    ; -    ; activity_tap_q[9][7]           ;
; PRESERVE_FANOUT_FREE_NODE ; on    ; -    ; activity_tap_q[9][7]           ;
; PRESERVE_REGISTER         ; on    ; -    ; activity_tap_q[9][6]           ;
; PRESERVE_REGISTER         ; on    ; -    ; activity_tap_q[9][6]           ;
; PRESERVE_FANOUT_FREE_NODE ; on    ; -    ; activity_tap_q[9][6]           ;
; PRESERVE_REGISTER         ; on    ; -    ; activity_tap_q[9][5]           ;
; PRESERVE_REGISTER         ; on    ; -    ; activity_tap_q[9][5]           ;
; PRESERVE_FANOUT_FREE_NODE ; on    ; -    ; activity_tap_q[9][5]           ;
; PRESERVE_REGISTER         ; on    ; -    ; activity_tap_q[9][4]           ;
; PRESERVE_REGISTER         ; on    ; -    ; activity_tap_q[9][4]           ;
; PRESERVE_FANOUT_FREE_NODE ; on    ; -    ; activity_tap_q[9][4]           ;
; PRESERVE_REGISTER         ; on    ; -    ; activity_tap_q[9][3]           ;
; PRESERVE_REGISTER         ; on    ; -    ; activity_tap_q[9][3]           ;
; PRESERVE_FANOUT_FREE_NODE ; on    ; -    ; activity_tap_q[9][3]           ;
; PRESERVE_REGISTER         ; on    ; -    ; activity_tap_q[9][2]           ;
; PRESERVE_REGISTER         ; on    ; -    ; activity_tap_q[9][2]           ;
; PRESERVE_FANOUT_FREE_NODE ; on    ; -    ; activity_tap_q[9][2]           ;
; PRESERVE_REGISTER         ; on    ; -    ; activity_tap_q[9][1]           ;
; PRESERVE_REGISTER         ; on    ; -    ; activity_tap_q[9][1]           ;
; PRESERVE_FANOUT_FREE_NODE ; on    ; -    ; activity_tap_q[9][1]           ;
; PRESERVE_REGISTER         ; on    ; -    ; activity_tap_q[9][0]           ;
; PRESERVE_REGISTER         ; on    ; -    ; activity_tap_q[9][0]           ;
; PRESERVE_FANOUT_FREE_NODE ; on    ; -    ; activity_tap_q[9][0]           ;
; PRESERVE_REGISTER         ; on    ; -    ; activity_tap_q[10][31]         ;
; PRESERVE_REGISTER         ; on    ; -    ; activity_tap_q[10][31]         ;
; PRESERVE_FANOUT_FREE_NODE ; on    ; -    ; activity_tap_q[10][31]         ;
; PRESERVE_REGISTER         ; on    ; -    ; activity_tap_q[10][30]         ;
; PRESERVE_REGISTER         ; on    ; -    ; activity_tap_q[10][30]         ;
; PRESERVE_FANOUT_FREE_NODE ; on    ; -    ; activity_tap_q[10][30]         ;
; PRESERVE_REGISTER         ; on    ; -    ; activity_tap_q[10][29]         ;
; PRESERVE_REGISTER         ; on    ; -    ; activity_tap_q[10][29]         ;
; PRESERVE_FANOUT_FREE_NODE ; on    ; -    ; activity_tap_q[10][29]         ;
; PRESERVE_REGISTER         ; on    ; -    ; activity_tap_q[10][28]         ;
; PRESERVE_REGISTER         ; on    ; -    ; activity_tap_q[10][28]         ;
; PRESERVE_FANOUT_FREE_NODE ; on    ; -    ; activity_tap_q[10][28]         ;
; PRESERVE_REGISTER         ; on    ; -    ; activity_tap_q[10][27]         ;
; PRESERVE_REGISTER         ; on    ; -    ; activity_tap_q[10][27]         ;
; PRESERVE_FANOUT_FREE_NODE ; on    ; -    ; activity_tap_q[10][27]         ;
; PRESERVE_REGISTER         ; on    ; -    ; activity_tap_q[10][26]         ;
; PRESERVE_REGISTER         ; on    ; -    ; activity_tap_q[10][26]         ;
; PRESERVE_FANOUT_FREE_NODE ; on    ; -    ; activity_tap_q[10][26]         ;
; PRESERVE_REGISTER         ; on    ; -    ; activity_tap_q[10][25]         ;
; PRESERVE_REGISTER         ; on    ; -    ; activity_tap_q[10][25]         ;
; PRESERVE_FANOUT_FREE_NODE ; on    ; -    ; activity_tap_q[10][25]         ;
; PRESERVE_REGISTER         ; on    ; -    ; activity_tap_q[10][24]         ;
; PRESERVE_REGISTER         ; on    ; -    ; activity_tap_q[10][24]         ;
; PRESERVE_FANOUT_FREE_NODE ; on    ; -    ; activity_tap_q[10][24]         ;
; PRESERVE_REGISTER         ; on    ; -    ; activity_tap_q[10][23]         ;
; PRESERVE_REGISTER         ; on    ; -    ; activity_tap_q[10][23]         ;
; PRESERVE_FANOUT_FREE_NODE ; on    ; -    ; activity_tap_q[10][23]         ;
; PRESERVE_REGISTER         ; on    ; -    ; activity_tap_q[10][22]         ;
; PRESERVE_REGISTER         ; on    ; -    ; activity_tap_q[10][22]         ;
; PRESERVE_FANOUT_FREE_NODE ; on    ; -    ; activity_tap_q[10][22]         ;
; PRESERVE_REGISTER         ; on    ; -    ; activity_tap_q[10][21]         ;
; PRESERVE_REGISTER         ; on    ; -    ; activity_tap_q[10][21]         ;
; PRESERVE_FANOUT_FREE_NODE ; on    ; -    ; activity_tap_q[10][21]         ;
; PRESERVE_REGISTER         ; on    ; -    ; activity_tap_q[10][20]         ;
; PRESERVE_REGISTER         ; on    ; -    ; activity_tap_q[10][20]         ;
; PRESERVE_FANOUT_FREE_NODE ; on    ; -    ; activity_tap_q[10][20]         ;
; PRESERVE_REGISTER         ; on    ; -    ; activity_tap_q[10][19]         ;
; PRESERVE_REGISTER         ; on    ; -    ; activity_tap_q[10][19]         ;
; PRESERVE_FANOUT_FREE_NODE ; on    ; -    ; activity_tap_q[10][19]         ;
; PRESERVE_REGISTER         ; on    ; -    ; activity_tap_q[10][18]         ;
; PRESERVE_REGISTER         ; on    ; -    ; activity_tap_q[10][18]         ;
; PRESERVE_FANOUT_FREE_NODE ; on    ; -    ; activity_tap_q[10][18]         ;
; PRESERVE_REGISTER         ; on    ; -    ; activity_tap_q[10][17]         ;
; PRESERVE_REGISTER         ; on    ; -    ; activity_tap_q[10][17]         ;
; PRESERVE_FANOUT_FREE_NODE ; on    ; -    ; activity_tap_q[10][17]         ;
; PRESERVE_REGISTER         ; on    ; -    ; activity_tap_q[10][16]         ;
; PRESERVE_REGISTER         ; on    ; -    ; activity_tap_q[10][16]         ;
; PRESERVE_FANOUT_FREE_NODE ; on    ; -    ; activity_tap_q[10][16]         ;
; PRESERVE_REGISTER         ; on    ; -    ; activity_tap_q[10][15]         ;
; PRESERVE_REGISTER         ; on    ; -    ; activity_tap_q[10][15]         ;
; PRESERVE_FANOUT_FREE_NODE ; on    ; -    ; activity_tap_q[10][15]         ;
; PRESERVE_REGISTER         ; on    ; -    ; activity_tap_q[10][14]         ;
; PRESERVE_REGISTER         ; on    ; -    ; activity_tap_q[10][14]         ;
; PRESERVE_FANOUT_FREE_NODE ; on    ; -    ; activity_tap_q[10][14]         ;
; PRESERVE_REGISTER         ; on    ; -    ; activity_tap_q[10][13]         ;
; PRESERVE_REGISTER         ; on    ; -    ; activity_tap_q[10][13]         ;
; PRESERVE_FANOUT_FREE_NODE ; on    ; -    ; activity_tap_q[10][13]         ;
; PRESERVE_REGISTER         ; on    ; -    ; activity_tap_q[10][12]         ;
; PRESERVE_REGISTER         ; on    ; -    ; activity_tap_q[10][12]         ;
; PRESERVE_FANOUT_FREE_NODE ; on    ; -    ; activity_tap_q[10][12]         ;
; PRESERVE_REGISTER         ; on    ; -    ; activity_tap_q[10][11]         ;
; PRESERVE_REGISTER         ; on    ; -    ; activity_tap_q[10][11]         ;
; PRESERVE_FANOUT_FREE_NODE ; on    ; -    ; activity_tap_q[10][11]         ;
; PRESERVE_REGISTER         ; on    ; -    ; activity_tap_q[10][10]         ;
; PRESERVE_REGISTER         ; on    ; -    ; activity_tap_q[10][10]         ;
; PRESERVE_FANOUT_FREE_NODE ; on    ; -    ; activity_tap_q[10][10]         ;
; PRESERVE_REGISTER         ; on    ; -    ; activity_tap_q[10][9]          ;
; PRESERVE_REGISTER         ; on    ; -    ; activity_tap_q[10][9]          ;
; PRESERVE_FANOUT_FREE_NODE ; on    ; -    ; activity_tap_q[10][9]          ;
; PRESERVE_REGISTER         ; on    ; -    ; activity_tap_q[10][8]          ;
; PRESERVE_REGISTER         ; on    ; -    ; activity_tap_q[10][8]          ;
; PRESERVE_FANOUT_FREE_NODE ; on    ; -    ; activity_tap_q[10][8]          ;
; PRESERVE_REGISTER         ; on    ; -    ; activity_tap_q[10][7]          ;
; PRESERVE_REGISTER         ; on    ; -    ; activity_tap_q[10][7]          ;
; PRESERVE_FANOUT_FREE_NODE ; on    ; -    ; activity_tap_q[10][7]          ;
; PRESERVE_REGISTER         ; on    ; -    ; activity_tap_q[10][6]          ;
; PRESERVE_REGISTER         ; on    ; -    ; activity_tap_q[10][6]          ;
; PRESERVE_FANOUT_FREE_NODE ; on    ; -    ; activity_tap_q[10][6]          ;
; PRESERVE_REGISTER         ; on    ; -    ; activity_tap_q[10][5]          ;
; PRESERVE_REGISTER         ; on    ; -    ; activity_tap_q[10][5]          ;
; PRESERVE_FANOUT_FREE_NODE ; on    ; -    ; activity_tap_q[10][5]          ;
; PRESERVE_REGISTER         ; on    ; -    ; activity_tap_q[10][4]          ;
; PRESERVE_REGISTER         ; on    ; -    ; activity_tap_q[10][4]          ;
; PRESERVE_FANOUT_FREE_NODE ; on    ; -    ; activity_tap_q[10][4]          ;
; PRESERVE_REGISTER         ; on    ; -    ; activity_tap_q[10][3]          ;
; PRESERVE_REGISTER         ; on    ; -    ; activity_tap_q[10][3]          ;
; PRESERVE_FANOUT_FREE_NODE ; on    ; -    ; activity_tap_q[10][3]          ;
; PRESERVE_REGISTER         ; on    ; -    ; activity_tap_q[10][2]          ;
; PRESERVE_REGISTER         ; on    ; -    ; activity_tap_q[10][2]          ;
; PRESERVE_FANOUT_FREE_NODE ; on    ; -    ; activity_tap_q[10][2]          ;
; PRESERVE_REGISTER         ; on    ; -    ; activity_tap_q[10][1]          ;
; PRESERVE_REGISTER         ; on    ; -    ; activity_tap_q[10][1]          ;
; PRESERVE_FANOUT_FREE_NODE ; on    ; -    ; activity_tap_q[10][1]          ;
; PRESERVE_REGISTER         ; on    ; -    ; activity_tap_q[10][0]          ;
; PRESERVE_REGISTER         ; on    ; -    ; activity_tap_q[10][0]          ;
; PRESERVE_FANOUT_FREE_NODE ; on    ; -    ; activity_tap_q[10][0]          ;
; PRESERVE_REGISTER         ; on    ; -    ; activity_tap_q[11][31]         ;
; PRESERVE_REGISTER         ; on    ; -    ; activity_tap_q[11][31]         ;
; PRESERVE_FANOUT_FREE_NODE ; on    ; -    ; activity_tap_q[11][31]         ;
; PRESERVE_REGISTER         ; on    ; -    ; activity_tap_q[11][30]         ;
; PRESERVE_REGISTER         ; on    ; -    ; activity_tap_q[11][30]         ;
; PRESERVE_FANOUT_FREE_NODE ; on    ; -    ; activity_tap_q[11][30]         ;
; PRESERVE_REGISTER         ; on    ; -    ; activity_tap_q[11][29]         ;
; PRESERVE_REGISTER         ; on    ; -    ; activity_tap_q[11][29]         ;
; PRESERVE_FANOUT_FREE_NODE ; on    ; -    ; activity_tap_q[11][29]         ;
; PRESERVE_REGISTER         ; on    ; -    ; activity_tap_q[11][28]         ;
; PRESERVE_REGISTER         ; on    ; -    ; activity_tap_q[11][28]         ;
; PRESERVE_FANOUT_FREE_NODE ; on    ; -    ; activity_tap_q[11][28]         ;
; PRESERVE_REGISTER         ; on    ; -    ; activity_tap_q[11][27]         ;
; PRESERVE_REGISTER         ; on    ; -    ; activity_tap_q[11][27]         ;
; PRESERVE_FANOUT_FREE_NODE ; on    ; -    ; activity_tap_q[11][27]         ;
; PRESERVE_REGISTER         ; on    ; -    ; activity_tap_q[11][26]         ;
; PRESERVE_REGISTER         ; on    ; -    ; activity_tap_q[11][26]         ;
; PRESERVE_FANOUT_FREE_NODE ; on    ; -    ; activity_tap_q[11][26]         ;
; PRESERVE_REGISTER         ; on    ; -    ; activity_tap_q[11][25]         ;
; PRESERVE_REGISTER         ; on    ; -    ; activity_tap_q[11][25]         ;
; PRESERVE_FANOUT_FREE_NODE ; on    ; -    ; activity_tap_q[11][25]         ;
; PRESERVE_REGISTER         ; on    ; -    ; activity_tap_q[11][24]         ;
; PRESERVE_REGISTER         ; on    ; -    ; activity_tap_q[11][24]         ;
; PRESERVE_FANOUT_FREE_NODE ; on    ; -    ; activity_tap_q[11][24]         ;
; PRESERVE_REGISTER         ; on    ; -    ; activity_tap_q[11][23]         ;
; PRESERVE_REGISTER         ; on    ; -    ; activity_tap_q[11][23]         ;
; PRESERVE_FANOUT_FREE_NODE ; on    ; -    ; activity_tap_q[11][23]         ;
; PRESERVE_REGISTER         ; on    ; -    ; activity_tap_q[11][22]         ;
; PRESERVE_REGISTER         ; on    ; -    ; activity_tap_q[11][22]         ;
; PRESERVE_FANOUT_FREE_NODE ; on    ; -    ; activity_tap_q[11][22]         ;
; PRESERVE_REGISTER         ; on    ; -    ; activity_tap_q[11][21]         ;
; PRESERVE_REGISTER         ; on    ; -    ; activity_tap_q[11][21]         ;
; PRESERVE_FANOUT_FREE_NODE ; on    ; -    ; activity_tap_q[11][21]         ;
; PRESERVE_REGISTER         ; on    ; -    ; activity_tap_q[11][20]         ;
; PRESERVE_REGISTER         ; on    ; -    ; activity_tap_q[11][20]         ;
; PRESERVE_FANOUT_FREE_NODE ; on    ; -    ; activity_tap_q[11][20]         ;
; PRESERVE_REGISTER         ; on    ; -    ; activity_tap_q[11][19]         ;
; PRESERVE_REGISTER         ; on    ; -    ; activity_tap_q[11][19]         ;
; PRESERVE_FANOUT_FREE_NODE ; on    ; -    ; activity_tap_q[11][19]         ;
; PRESERVE_REGISTER         ; on    ; -    ; activity_tap_q[11][18]         ;
; PRESERVE_REGISTER         ; on    ; -    ; activity_tap_q[11][18]         ;
; PRESERVE_FANOUT_FREE_NODE ; on    ; -    ; activity_tap_q[11][18]         ;
; PRESERVE_REGISTER         ; on    ; -    ; activity_tap_q[11][17]         ;
; PRESERVE_REGISTER         ; on    ; -    ; activity_tap_q[11][17]         ;
; PRESERVE_FANOUT_FREE_NODE ; on    ; -    ; activity_tap_q[11][17]         ;
; PRESERVE_REGISTER         ; on    ; -    ; activity_tap_q[11][16]         ;
; PRESERVE_REGISTER         ; on    ; -    ; activity_tap_q[11][16]         ;
; PRESERVE_FANOUT_FREE_NODE ; on    ; -    ; activity_tap_q[11][16]         ;
; PRESERVE_REGISTER         ; on    ; -    ; activity_tap_q[11][15]         ;
; PRESERVE_REGISTER         ; on    ; -    ; activity_tap_q[11][15]         ;
; PRESERVE_FANOUT_FREE_NODE ; on    ; -    ; activity_tap_q[11][15]         ;
; PRESERVE_REGISTER         ; on    ; -    ; activity_tap_q[11][14]         ;
; PRESERVE_REGISTER         ; on    ; -    ; activity_tap_q[11][14]         ;
; PRESERVE_FANOUT_FREE_NODE ; on    ; -    ; activity_tap_q[11][14]         ;
; PRESERVE_REGISTER         ; on    ; -    ; activity_tap_q[11][13]         ;
; PRESERVE_REGISTER         ; on    ; -    ; activity_tap_q[11][13]         ;
; PRESERVE_FANOUT_FREE_NODE ; on    ; -    ; activity_tap_q[11][13]         ;
; PRESERVE_REGISTER         ; on    ; -    ; activity_tap_q[11][12]         ;
; PRESERVE_REGISTER         ; on    ; -    ; activity_tap_q[11][12]         ;
; PRESERVE_FANOUT_FREE_NODE ; on    ; -    ; activity_tap_q[11][12]         ;
; PRESERVE_REGISTER         ; on    ; -    ; activity_tap_q[11][11]         ;
; PRESERVE_REGISTER         ; on    ; -    ; activity_tap_q[11][11]         ;
; PRESERVE_FANOUT_FREE_NODE ; on    ; -    ; activity_tap_q[11][11]         ;
; PRESERVE_REGISTER         ; on    ; -    ; activity_tap_q[11][10]         ;
; PRESERVE_REGISTER         ; on    ; -    ; activity_tap_q[11][10]         ;
; PRESERVE_FANOUT_FREE_NODE ; on    ; -    ; activity_tap_q[11][10]         ;
; PRESERVE_REGISTER         ; on    ; -    ; activity_tap_q[11][9]          ;
; PRESERVE_REGISTER         ; on    ; -    ; activity_tap_q[11][9]          ;
; PRESERVE_FANOUT_FREE_NODE ; on    ; -    ; activity_tap_q[11][9]          ;
; PRESERVE_REGISTER         ; on    ; -    ; activity_tap_q[11][8]          ;
; PRESERVE_REGISTER         ; on    ; -    ; activity_tap_q[11][8]          ;
; PRESERVE_FANOUT_FREE_NODE ; on    ; -    ; activity_tap_q[11][8]          ;
; PRESERVE_REGISTER         ; on    ; -    ; activity_tap_q[11][7]          ;
; PRESERVE_REGISTER         ; on    ; -    ; activity_tap_q[11][7]          ;
; PRESERVE_FANOUT_FREE_NODE ; on    ; -    ; activity_tap_q[11][7]          ;
; PRESERVE_REGISTER         ; on    ; -    ; activity_tap_q[11][6]          ;
; PRESERVE_REGISTER         ; on    ; -    ; activity_tap_q[11][6]          ;
; PRESERVE_FANOUT_FREE_NODE ; on    ; -    ; activity_tap_q[11][6]          ;
; PRESERVE_REGISTER         ; on    ; -    ; activity_tap_q[11][5]          ;
; PRESERVE_REGISTER         ; on    ; -    ; activity_tap_q[11][5]          ;
; PRESERVE_FANOUT_FREE_NODE ; on    ; -    ; activity_tap_q[11][5]          ;
; PRESERVE_REGISTER         ; on    ; -    ; activity_tap_q[11][4]          ;
; PRESERVE_REGISTER         ; on    ; -    ; activity_tap_q[11][4]          ;
; PRESERVE_FANOUT_FREE_NODE ; on    ; -    ; activity_tap_q[11][4]          ;
; PRESERVE_REGISTER         ; on    ; -    ; activity_tap_q[11][3]          ;
; PRESERVE_REGISTER         ; on    ; -    ; activity_tap_q[11][3]          ;
; PRESERVE_FANOUT_FREE_NODE ; on    ; -    ; activity_tap_q[11][3]          ;
; PRESERVE_REGISTER         ; on    ; -    ; activity_tap_q[11][2]          ;
; PRESERVE_REGISTER         ; on    ; -    ; activity_tap_q[11][2]          ;
; PRESERVE_FANOUT_FREE_NODE ; on    ; -    ; activity_tap_q[11][2]          ;
; PRESERVE_REGISTER         ; on    ; -    ; activity_tap_q[11][1]          ;
; PRESERVE_REGISTER         ; on    ; -    ; activity_tap_q[11][1]          ;
; PRESERVE_FANOUT_FREE_NODE ; on    ; -    ; activity_tap_q[11][1]          ;
; PRESERVE_REGISTER         ; on    ; -    ; activity_tap_q[11][0]          ;
; PRESERVE_REGISTER         ; on    ; -    ; activity_tap_q[11][0]          ;
; PRESERVE_FANOUT_FREE_NODE ; on    ; -    ; activity_tap_q[11][0]          ;
+---------------------------+-------+------+--------------------------------+


+--------------------------------------------------------------------------------------------------------------------------------------------------------------------+
; Source assignments for ordered_priority_queue_monolithic_sv:dut_i|ticket_fifo:g_storage[0].ticket_fifo_i|altsyncram:ticket_fifo_ram|altsyncram_0202:auto_generated ;
+---------------------------------+--------------------+------+------------------------------------------------------------------------------------------------------+
; Assignment                      ; Value              ; From ; To                                                                                                   ;
+---------------------------------+--------------------+------+------------------------------------------------------------------------------------------------------+
; OPTIMIZE_POWER_DURING_SYNTHESIS ; NORMAL_COMPILATION ; -    ; -                                                                                                    ;
+---------------------------------+--------------------+------+------------------------------------------------------------------------------------------------------+


+--------------------------------------------------------------------------------------------------------------------------------------------------------------+
; Source assignments for ordered_priority_queue_monolithic_sv:dut_i|lane_fifo:g_storage[0].lane_fifo_i|altsyncram:lane_fifo_ram|altsyncram_g402:auto_generated ;
+---------------------------------+--------------------+------+------------------------------------------------------------------------------------------------+
; Assignment                      ; Value              ; From ; To                                                                                             ;
+---------------------------------+--------------------+------+------------------------------------------------------------------------------------------------+
; OPTIMIZE_POWER_DURING_SYNTHESIS ; NORMAL_COMPILATION ; -    ; -                                                                                              ;
+---------------------------------+--------------------+------+------------------------------------------------------------------------------------------------+


+--------------------------------------------------------------------------------------------------------------------------------------------------------------------+
; Source assignments for ordered_priority_queue_monolithic_sv:dut_i|handle_fifo:g_storage[0].handle_fifo_i|altsyncram:handle_fifo_ram|altsyncram_8sv1:auto_generated ;
+---------------------------------+--------------------+------+------------------------------------------------------------------------------------------------------+
; Assignment                      ; Value              ; From ; To                                                                                                   ;
+---------------------------------+--------------------+------+------------------------------------------------------------------------------------------------------+
; OPTIMIZE_POWER_DURING_SYNTHESIS ; NORMAL_COMPILATION ; -    ; -                                                                                                    ;
+---------------------------------+--------------------+------+------------------------------------------------------------------------------------------------------+


+--------------------------------------------------------------------------------------------------------------------------------------------------------------------+
; Source assignments for ordered_priority_queue_monolithic_sv:dut_i|ticket_fifo:g_storage[1].ticket_fifo_i|altsyncram:ticket_fifo_ram|altsyncram_0202:auto_generated ;
+---------------------------------+--------------------+------+------------------------------------------------------------------------------------------------------+
; Assignment                      ; Value              ; From ; To                                                                                                   ;
+---------------------------------+--------------------+------+------------------------------------------------------------------------------------------------------+
; OPTIMIZE_POWER_DURING_SYNTHESIS ; NORMAL_COMPILATION ; -    ; -                                                                                                    ;
+---------------------------------+--------------------+------+------------------------------------------------------------------------------------------------------+


+--------------------------------------------------------------------------------------------------------------------------------------------------------------+
; Source assignments for ordered_priority_queue_monolithic_sv:dut_i|lane_fifo:g_storage[1].lane_fifo_i|altsyncram:lane_fifo_ram|altsyncram_g402:auto_generated ;
+---------------------------------+--------------------+------+------------------------------------------------------------------------------------------------+
; Assignment                      ; Value              ; From ; To                                                                                             ;
+---------------------------------+--------------------+------+------------------------------------------------------------------------------------------------+
; OPTIMIZE_POWER_DURING_SYNTHESIS ; NORMAL_COMPILATION ; -    ; -                                                                                              ;
+---------------------------------+--------------------+------+------------------------------------------------------------------------------------------------+


+--------------------------------------------------------------------------------------------------------------------------------------------------------------------+
; Source assignments for ordered_priority_queue_monolithic_sv:dut_i|handle_fifo:g_storage[1].handle_fifo_i|altsyncram:handle_fifo_ram|altsyncram_8sv1:auto_generated ;
+---------------------------------+--------------------+------+------------------------------------------------------------------------------------------------------+
; Assignment                      ; Value              ; From ; To                                                                                                   ;
+---------------------------------+--------------------+------+------------------------------------------------------------------------------------------------------+
; OPTIMIZE_POWER_DURING_SYNTHESIS ; NORMAL_COMPILATION ; -    ; -                                                                                                    ;
+---------------------------------+--------------------+------+------------------------------------------------------------------------------------------------------+


+-------------------------------------------------------------------------------------------------------------------------------------+
; Source assignments for ordered_priority_queue_monolithic_sv:dut_i|ordered_priority_queue_monolithic_page_allocator:page_allocator_i ;
+-------------------+-------+------+--------------------------------------------------------------------------------------------------+
; Assignment        ; Value ; From ; To                                                                                               ;
+-------------------+-------+------+--------------------------------------------------------------------------------------------------+
; PRESERVE_REGISTER ; on    ; -    ; fetch_pending_q[1]                                                                               ;
; PRESERVE_REGISTER ; on    ; -    ; fetch_pending_q[0]                                                                               ;
; PRESERVE_REGISTER ; on    ; -    ; fetch_ticket_q[0].ticket_ts[47]                                                                  ;
; PRESERVE_REGISTER ; on    ; -    ; fetch_ticket_q[0].ticket_ts[46]                                                                  ;
; PRESERVE_REGISTER ; on    ; -    ; fetch_ticket_q[0].ticket_ts[45]                                                                  ;
; PRESERVE_REGISTER ; on    ; -    ; fetch_ticket_q[0].ticket_ts[44]                                                                  ;
; PRESERVE_REGISTER ; on    ; -    ; fetch_ticket_q[0].ticket_ts[43]                                                                  ;
; PRESERVE_REGISTER ; on    ; -    ; fetch_ticket_q[0].ticket_ts[42]                                                                  ;
; PRESERVE_REGISTER ; on    ; -    ; fetch_ticket_q[0].ticket_ts[41]                                                                  ;
; PRESERVE_REGISTER ; on    ; -    ; fetch_ticket_q[0].ticket_ts[40]                                                                  ;
; PRESERVE_REGISTER ; on    ; -    ; fetch_ticket_q[0].ticket_ts[39]                                                                  ;
; PRESERVE_REGISTER ; on    ; -    ; fetch_ticket_q[0].ticket_ts[38]                                                                  ;
; PRESERVE_REGISTER ; on    ; -    ; fetch_ticket_q[0].ticket_ts[37]                                                                  ;
; PRESERVE_REGISTER ; on    ; -    ; fetch_ticket_q[0].ticket_ts[36]                                                                  ;
; PRESERVE_REGISTER ; on    ; -    ; fetch_ticket_q[0].ticket_ts[35]                                                                  ;
; PRESERVE_REGISTER ; on    ; -    ; fetch_ticket_q[0].ticket_ts[34]                                                                  ;
; PRESERVE_REGISTER ; on    ; -    ; fetch_ticket_q[0].ticket_ts[33]                                                                  ;
; PRESERVE_REGISTER ; on    ; -    ; fetch_ticket_q[0].ticket_ts[32]                                                                  ;
; PRESERVE_REGISTER ; on    ; -    ; fetch_ticket_q[0].ticket_ts[31]                                                                  ;
; PRESERVE_REGISTER ; on    ; -    ; fetch_ticket_q[0].ticket_ts[30]                                                                  ;
; PRESERVE_REGISTER ; on    ; -    ; fetch_ticket_q[0].ticket_ts[29]                                                                  ;
; PRESERVE_REGISTER ; on    ; -    ; fetch_ticket_q[0].ticket_ts[28]                                                                  ;
; PRESERVE_REGISTER ; on    ; -    ; fetch_ticket_q[0].ticket_ts[27]                                                                  ;
; PRESERVE_REGISTER ; on    ; -    ; fetch_ticket_q[0].ticket_ts[26]                                                                  ;
; PRESERVE_REGISTER ; on    ; -    ; fetch_ticket_q[0].ticket_ts[25]                                                                  ;
; PRESERVE_REGISTER ; on    ; -    ; fetch_ticket_q[0].ticket_ts[24]                                                                  ;
; PRESERVE_REGISTER ; on    ; -    ; fetch_ticket_q[0].ticket_ts[23]                                                                  ;
; PRESERVE_REGISTER ; on    ; -    ; fetch_ticket_q[0].ticket_ts[22]                                                                  ;
; PRESERVE_REGISTER ; on    ; -    ; fetch_ticket_q[0].ticket_ts[21]                                                                  ;
; PRESERVE_REGISTER ; on    ; -    ; fetch_ticket_q[0].ticket_ts[20]                                                                  ;
; PRESERVE_REGISTER ; on    ; -    ; fetch_ticket_q[0].ticket_ts[19]                                                                  ;
; PRESERVE_REGISTER ; on    ; -    ; fetch_ticket_q[0].ticket_ts[18]                                                                  ;
; PRESERVE_REGISTER ; on    ; -    ; fetch_ticket_q[0].ticket_ts[17]                                                                  ;
; PRESERVE_REGISTER ; on    ; -    ; fetch_ticket_q[0].ticket_ts[16]                                                                  ;
; PRESERVE_REGISTER ; on    ; -    ; fetch_ticket_q[0].ticket_ts[15]                                                                  ;
; PRESERVE_REGISTER ; on    ; -    ; fetch_ticket_q[0].ticket_ts[14]                                                                  ;
; PRESERVE_REGISTER ; on    ; -    ; fetch_ticket_q[0].ticket_ts[13]                                                                  ;
; PRESERVE_REGISTER ; on    ; -    ; fetch_ticket_q[0].ticket_ts[12]                                                                  ;
; PRESERVE_REGISTER ; on    ; -    ; fetch_ticket_q[0].ticket_ts[11]                                                                  ;
; PRESERVE_REGISTER ; on    ; -    ; fetch_ticket_q[0].ticket_ts[10]                                                                  ;
; PRESERVE_REGISTER ; on    ; -    ; fetch_ticket_q[0].ticket_ts[9]                                                                   ;
; PRESERVE_REGISTER ; on    ; -    ; fetch_ticket_q[0].ticket_ts[8]                                                                   ;
; PRESERVE_REGISTER ; on    ; -    ; fetch_ticket_q[0].ticket_ts[7]                                                                   ;
; PRESERVE_REGISTER ; on    ; -    ; fetch_ticket_q[0].ticket_ts[6]                                                                   ;
; PRESERVE_REGISTER ; on    ; -    ; fetch_ticket_q[0].ticket_ts[5]                                                                   ;
; PRESERVE_REGISTER ; on    ; -    ; fetch_ticket_q[0].ticket_ts[4]                                                                   ;
; PRESERVE_REGISTER ; on    ; -    ; fetch_ticket_q[0].ticket_ts[3]                                                                   ;
; PRESERVE_REGISTER ; on    ; -    ; fetch_ticket_q[0].ticket_ts[2]                                                                   ;
; PRESERVE_REGISTER ; on    ; -    ; fetch_ticket_q[0].ticket_ts[1]                                                                   ;
; PRESERVE_REGISTER ; on    ; -    ; fetch_ticket_q[0].ticket_ts[0]                                                                   ;
; PRESERVE_REGISTER ; on    ; -    ; fetch_ticket_q[0].lane_fifo_rd_offset[9]                                                         ;
; PRESERVE_REGISTER ; on    ; -    ; fetch_ticket_q[0].lane_fifo_rd_offset[8]                                                         ;
; PRESERVE_REGISTER ; on    ; -    ; fetch_ticket_q[0].lane_fifo_rd_offset[7]                                                         ;
; PRESERVE_REGISTER ; on    ; -    ; fetch_ticket_q[0].lane_fifo_rd_offset[6]                                                         ;
; PRESERVE_REGISTER ; on    ; -    ; fetch_ticket_q[0].lane_fifo_rd_offset[5]                                                         ;
; PRESERVE_REGISTER ; on    ; -    ; fetch_ticket_q[0].lane_fifo_rd_offset[4]                                                         ;
; PRESERVE_REGISTER ; on    ; -    ; fetch_ticket_q[0].lane_fifo_rd_offset[3]                                                         ;
; PRESERVE_REGISTER ; on    ; -    ; fetch_ticket_q[0].lane_fifo_rd_offset[2]                                                         ;
; PRESERVE_REGISTER ; on    ; -    ; fetch_ticket_q[0].lane_fifo_rd_offset[1]                                                         ;
; PRESERVE_REGISTER ; on    ; -    ; fetch_ticket_q[0].lane_fifo_rd_offset[0]                                                         ;
; PRESERVE_REGISTER ; on    ; -    ; fetch_ticket_q[0].block_length[7]                                                                ;
; PRESERVE_REGISTER ; on    ; -    ; fetch_ticket_q[0].block_length[6]                                                                ;
; PRESERVE_REGISTER ; on    ; -    ; fetch_ticket_q[0].block_length[5]                                                                ;
; PRESERVE_REGISTER ; on    ; -    ; fetch_ticket_q[0].block_length[4]                                                                ;
; PRESERVE_REGISTER ; on    ; -    ; fetch_ticket_q[0].block_length[3]                                                                ;
; PRESERVE_REGISTER ; on    ; -    ; fetch_ticket_q[0].block_length[2]                                                                ;
; PRESERVE_REGISTER ; on    ; -    ; fetch_ticket_q[0].block_length[1]                                                                ;
; PRESERVE_REGISTER ; on    ; -    ; fetch_ticket_q[0].block_length[0]                                                                ;
; PRESERVE_REGISTER ; on    ; -    ; fetch_ticket_q[1].ticket_ts[47]                                                                  ;
; PRESERVE_REGISTER ; on    ; -    ; fetch_ticket_q[1].ticket_ts[46]                                                                  ;
; PRESERVE_REGISTER ; on    ; -    ; fetch_ticket_q[1].ticket_ts[45]                                                                  ;
; PRESERVE_REGISTER ; on    ; -    ; fetch_ticket_q[1].ticket_ts[44]                                                                  ;
; PRESERVE_REGISTER ; on    ; -    ; fetch_ticket_q[1].ticket_ts[43]                                                                  ;
; PRESERVE_REGISTER ; on    ; -    ; fetch_ticket_q[1].ticket_ts[42]                                                                  ;
; PRESERVE_REGISTER ; on    ; -    ; fetch_ticket_q[1].ticket_ts[41]                                                                  ;
; PRESERVE_REGISTER ; on    ; -    ; fetch_ticket_q[1].ticket_ts[40]                                                                  ;
; PRESERVE_REGISTER ; on    ; -    ; fetch_ticket_q[1].ticket_ts[39]                                                                  ;
; PRESERVE_REGISTER ; on    ; -    ; fetch_ticket_q[1].ticket_ts[38]                                                                  ;
; PRESERVE_REGISTER ; on    ; -    ; fetch_ticket_q[1].ticket_ts[37]                                                                  ;
; PRESERVE_REGISTER ; on    ; -    ; fetch_ticket_q[1].ticket_ts[36]                                                                  ;
; PRESERVE_REGISTER ; on    ; -    ; fetch_ticket_q[1].ticket_ts[35]                                                                  ;
; PRESERVE_REGISTER ; on    ; -    ; fetch_ticket_q[1].ticket_ts[34]                                                                  ;
; PRESERVE_REGISTER ; on    ; -    ; fetch_ticket_q[1].ticket_ts[33]                                                                  ;
; PRESERVE_REGISTER ; on    ; -    ; fetch_ticket_q[1].ticket_ts[32]                                                                  ;
; PRESERVE_REGISTER ; on    ; -    ; fetch_ticket_q[1].ticket_ts[31]                                                                  ;
; PRESERVE_REGISTER ; on    ; -    ; fetch_ticket_q[1].ticket_ts[30]                                                                  ;
; PRESERVE_REGISTER ; on    ; -    ; fetch_ticket_q[1].ticket_ts[29]                                                                  ;
; PRESERVE_REGISTER ; on    ; -    ; fetch_ticket_q[1].ticket_ts[28]                                                                  ;
; PRESERVE_REGISTER ; on    ; -    ; fetch_ticket_q[1].ticket_ts[27]                                                                  ;
; PRESERVE_REGISTER ; on    ; -    ; fetch_ticket_q[1].ticket_ts[26]                                                                  ;
; PRESERVE_REGISTER ; on    ; -    ; fetch_ticket_q[1].ticket_ts[25]                                                                  ;
; PRESERVE_REGISTER ; on    ; -    ; fetch_ticket_q[1].ticket_ts[24]                                                                  ;
; PRESERVE_REGISTER ; on    ; -    ; fetch_ticket_q[1].ticket_ts[23]                                                                  ;
; PRESERVE_REGISTER ; on    ; -    ; fetch_ticket_q[1].ticket_ts[22]                                                                  ;
; PRESERVE_REGISTER ; on    ; -    ; fetch_ticket_q[1].ticket_ts[21]                                                                  ;
; PRESERVE_REGISTER ; on    ; -    ; fetch_ticket_q[1].ticket_ts[20]                                                                  ;
; PRESERVE_REGISTER ; on    ; -    ; fetch_ticket_q[1].ticket_ts[19]                                                                  ;
; PRESERVE_REGISTER ; on    ; -    ; fetch_ticket_q[1].ticket_ts[18]                                                                  ;
; PRESERVE_REGISTER ; on    ; -    ; fetch_ticket_q[1].ticket_ts[17]                                                                  ;
; PRESERVE_REGISTER ; on    ; -    ; fetch_ticket_q[1].ticket_ts[16]                                                                  ;
; PRESERVE_REGISTER ; on    ; -    ; fetch_ticket_q[1].ticket_ts[15]                                                                  ;
; PRESERVE_REGISTER ; on    ; -    ; fetch_ticket_q[1].ticket_ts[14]                                                                  ;
; PRESERVE_REGISTER ; on    ; -    ; fetch_ticket_q[1].ticket_ts[13]                                                                  ;
; PRESERVE_REGISTER ; on    ; -    ; fetch_ticket_q[1].ticket_ts[12]                                                                  ;
; PRESERVE_REGISTER ; on    ; -    ; fetch_ticket_q[1].ticket_ts[11]                                                                  ;
; PRESERVE_REGISTER ; on    ; -    ; fetch_ticket_q[1].ticket_ts[10]                                                                  ;
; PRESERVE_REGISTER ; on    ; -    ; fetch_ticket_q[1].ticket_ts[9]                                                                   ;
; PRESERVE_REGISTER ; on    ; -    ; fetch_ticket_q[1].ticket_ts[8]                                                                   ;
; PRESERVE_REGISTER ; on    ; -    ; fetch_ticket_q[1].ticket_ts[7]                                                                   ;
; PRESERVE_REGISTER ; on    ; -    ; fetch_ticket_q[1].ticket_ts[6]                                                                   ;
; PRESERVE_REGISTER ; on    ; -    ; fetch_ticket_q[1].ticket_ts[5]                                                                   ;
; PRESERVE_REGISTER ; on    ; -    ; fetch_ticket_q[1].ticket_ts[4]                                                                   ;
; PRESERVE_REGISTER ; on    ; -    ; fetch_ticket_q[1].ticket_ts[3]                                                                   ;
; PRESERVE_REGISTER ; on    ; -    ; fetch_ticket_q[1].ticket_ts[2]                                                                   ;
; PRESERVE_REGISTER ; on    ; -    ; fetch_ticket_q[1].ticket_ts[1]                                                                   ;
; PRESERVE_REGISTER ; on    ; -    ; fetch_ticket_q[1].ticket_ts[0]                                                                   ;
; PRESERVE_REGISTER ; on    ; -    ; fetch_ticket_q[1].lane_fifo_rd_offset[9]                                                         ;
; PRESERVE_REGISTER ; on    ; -    ; fetch_ticket_q[1].lane_fifo_rd_offset[8]                                                         ;
; PRESERVE_REGISTER ; on    ; -    ; fetch_ticket_q[1].lane_fifo_rd_offset[7]                                                         ;
; PRESERVE_REGISTER ; on    ; -    ; fetch_ticket_q[1].lane_fifo_rd_offset[6]                                                         ;
; PRESERVE_REGISTER ; on    ; -    ; fetch_ticket_q[1].lane_fifo_rd_offset[5]                                                         ;
; PRESERVE_REGISTER ; on    ; -    ; fetch_ticket_q[1].lane_fifo_rd_offset[4]                                                         ;
; PRESERVE_REGISTER ; on    ; -    ; fetch_ticket_q[1].lane_fifo_rd_offset[3]                                                         ;
; PRESERVE_REGISTER ; on    ; -    ; fetch_ticket_q[1].lane_fifo_rd_offset[2]                                                         ;
; PRESERVE_REGISTER ; on    ; -    ; fetch_ticket_q[1].lane_fifo_rd_offset[1]                                                         ;
; PRESERVE_REGISTER ; on    ; -    ; fetch_ticket_q[1].lane_fifo_rd_offset[0]                                                         ;
; PRESERVE_REGISTER ; on    ; -    ; fetch_ticket_q[1].block_length[7]                                                                ;
; PRESERVE_REGISTER ; on    ; -    ; fetch_ticket_q[1].block_length[6]                                                                ;
; PRESERVE_REGISTER ; on    ; -    ; fetch_ticket_q[1].block_length[5]                                                                ;
; PRESERVE_REGISTER ; on    ; -    ; fetch_ticket_q[1].block_length[4]                                                                ;
; PRESERVE_REGISTER ; on    ; -    ; fetch_ticket_q[1].block_length[3]                                                                ;
; PRESERVE_REGISTER ; on    ; -    ; fetch_ticket_q[1].block_length[2]                                                                ;
; PRESERVE_REGISTER ; on    ; -    ; fetch_ticket_q[1].block_length[1]                                                                ;
; PRESERVE_REGISTER ; on    ; -    ; fetch_ticket_q[1].block_length[0]                                                                ;
; PRESERVE_REGISTER ; on    ; -    ; fetch_ticket_raw_q[1][119]                                                                       ;
; PRESERVE_REGISTER ; on    ; -    ; fetch_ticket_raw_q[1][117]                                                                       ;
; PRESERVE_REGISTER ; on    ; -    ; fetch_ticket_raw_q[1][116]                                                                       ;
; PRESERVE_REGISTER ; on    ; -    ; fetch_ticket_raw_q[1][115]                                                                       ;
; PRESERVE_REGISTER ; on    ; -    ; fetch_ticket_raw_q[1][114]                                                                       ;
; PRESERVE_REGISTER ; on    ; -    ; fetch_ticket_raw_q[1][113]                                                                       ;
; PRESERVE_REGISTER ; on    ; -    ; fetch_ticket_raw_q[1][112]                                                                       ;
; PRESERVE_REGISTER ; on    ; -    ; fetch_ticket_raw_q[1][111]                                                                       ;
; PRESERVE_REGISTER ; on    ; -    ; fetch_ticket_raw_q[1][110]                                                                       ;
; PRESERVE_REGISTER ; on    ; -    ; fetch_ticket_raw_q[1][109]                                                                       ;
; PRESERVE_REGISTER ; on    ; -    ; fetch_ticket_raw_q[1][108]                                                                       ;
; PRESERVE_REGISTER ; on    ; -    ; fetch_ticket_raw_q[1][107]                                                                       ;
; PRESERVE_REGISTER ; on    ; -    ; fetch_ticket_raw_q[1][106]                                                                       ;
; PRESERVE_REGISTER ; on    ; -    ; fetch_ticket_raw_q[1][105]                                                                       ;
; PRESERVE_REGISTER ; on    ; -    ; fetch_ticket_raw_q[1][104]                                                                       ;
; PRESERVE_REGISTER ; on    ; -    ; fetch_ticket_raw_q[1][103]                                                                       ;
; PRESERVE_REGISTER ; on    ; -    ; fetch_ticket_raw_q[1][102]                                                                       ;
; PRESERVE_REGISTER ; on    ; -    ; fetch_ticket_raw_q[1][101]                                                                       ;
; PRESERVE_REGISTER ; on    ; -    ; fetch_ticket_raw_q[1][100]                                                                       ;
; PRESERVE_REGISTER ; on    ; -    ; fetch_ticket_raw_q[1][99]                                                                        ;
; PRESERVE_REGISTER ; on    ; -    ; fetch_ticket_raw_q[1][98]                                                                        ;
; PRESERVE_REGISTER ; on    ; -    ; fetch_ticket_raw_q[1][97]                                                                        ;
; PRESERVE_REGISTER ; on    ; -    ; fetch_ticket_raw_q[1][96]                                                                        ;
; PRESERVE_REGISTER ; on    ; -    ; fetch_ticket_raw_q[1][95]                                                                        ;
; PRESERVE_REGISTER ; on    ; -    ; fetch_ticket_raw_q[1][94]                                                                        ;
; PRESERVE_REGISTER ; on    ; -    ; fetch_ticket_raw_q[1][93]                                                                        ;
; PRESERVE_REGISTER ; on    ; -    ; fetch_ticket_raw_q[1][92]                                                                        ;
; PRESERVE_REGISTER ; on    ; -    ; fetch_ticket_raw_q[1][91]                                                                        ;
; PRESERVE_REGISTER ; on    ; -    ; fetch_ticket_raw_q[1][90]                                                                        ;
; PRESERVE_REGISTER ; on    ; -    ; fetch_ticket_raw_q[1][89]                                                                        ;
; PRESERVE_REGISTER ; on    ; -    ; fetch_ticket_raw_q[1][88]                                                                        ;
; PRESERVE_REGISTER ; on    ; -    ; fetch_ticket_raw_q[1][87]                                                                        ;
; PRESERVE_REGISTER ; on    ; -    ; fetch_ticket_raw_q[1][86]                                                                        ;
; PRESERVE_REGISTER ; on    ; -    ; fetch_ticket_raw_q[1][85]                                                                        ;
; PRESERVE_REGISTER ; on    ; -    ; fetch_ticket_raw_q[1][84]                                                                        ;
; PRESERVE_REGISTER ; on    ; -    ; fetch_ticket_raw_q[1][83]                                                                        ;
; PRESERVE_REGISTER ; on    ; -    ; fetch_ticket_raw_q[1][82]                                                                        ;
; PRESERVE_REGISTER ; on    ; -    ; fetch_ticket_raw_q[1][81]                                                                        ;
; PRESERVE_REGISTER ; on    ; -    ; fetch_ticket_raw_q[1][80]                                                                        ;
; PRESERVE_REGISTER ; on    ; -    ; fetch_ticket_raw_q[1][79]                                                                        ;
; PRESERVE_REGISTER ; on    ; -    ; fetch_ticket_raw_q[1][78]                                                                        ;
; PRESERVE_REGISTER ; on    ; -    ; fetch_ticket_raw_q[1][77]                                                                        ;
; PRESERVE_REGISTER ; on    ; -    ; fetch_ticket_raw_q[1][76]                                                                        ;
; PRESERVE_REGISTER ; on    ; -    ; fetch_ticket_raw_q[1][75]                                                                        ;
; PRESERVE_REGISTER ; on    ; -    ; fetch_ticket_raw_q[1][74]                                                                        ;
; PRESERVE_REGISTER ; on    ; -    ; fetch_ticket_raw_q[1][73]                                                                        ;
; PRESERVE_REGISTER ; on    ; -    ; fetch_ticket_raw_q[1][72]                                                                        ;
; PRESERVE_REGISTER ; on    ; -    ; fetch_ticket_raw_q[1][71]                                                                        ;
; PRESERVE_REGISTER ; on    ; -    ; fetch_ticket_raw_q[1][70]                                                                        ;
; PRESERVE_REGISTER ; on    ; -    ; fetch_ticket_raw_q[1][47]                                                                        ;
; PRESERVE_REGISTER ; on    ; -    ; fetch_ticket_raw_q[1][46]                                                                        ;
; PRESERVE_REGISTER ; on    ; -    ; fetch_ticket_raw_q[1][45]                                                                        ;
; PRESERVE_REGISTER ; on    ; -    ; fetch_ticket_raw_q[1][44]                                                                        ;
; PRESERVE_REGISTER ; on    ; -    ; fetch_ticket_raw_q[1][43]                                                                        ;
; PRESERVE_REGISTER ; on    ; -    ; fetch_ticket_raw_q[1][42]                                                                        ;
; PRESERVE_REGISTER ; on    ; -    ; fetch_ticket_raw_q[1][41]                                                                        ;
; PRESERVE_REGISTER ; on    ; -    ; fetch_ticket_raw_q[1][40]                                                                        ;
; PRESERVE_REGISTER ; on    ; -    ; fetch_ticket_raw_q[1][39]                                                                        ;
; PRESERVE_REGISTER ; on    ; -    ; fetch_ticket_raw_q[1][38]                                                                        ;
; PRESERVE_REGISTER ; on    ; -    ; fetch_ticket_raw_q[1][37]                                                                        ;
; PRESERVE_REGISTER ; on    ; -    ; fetch_ticket_raw_q[1][36]                                                                        ;
; PRESERVE_REGISTER ; on    ; -    ; fetch_ticket_raw_q[1][35]                                                                        ;
; PRESERVE_REGISTER ; on    ; -    ; fetch_ticket_raw_q[1][34]                                                                        ;
; PRESERVE_REGISTER ; on    ; -    ; fetch_ticket_raw_q[1][33]                                                                        ;
; PRESERVE_REGISTER ; on    ; -    ; fetch_ticket_raw_q[1][32]                                                                        ;
; PRESERVE_REGISTER ; on    ; -    ; fetch_ticket_raw_q[1][25]                                                                        ;
; PRESERVE_REGISTER ; on    ; -    ; fetch_ticket_raw_q[1][24]                                                                        ;
; PRESERVE_REGISTER ; on    ; -    ; fetch_ticket_raw_q[1][23]                                                                        ;
; PRESERVE_REGISTER ; on    ; -    ; fetch_ticket_raw_q[1][22]                                                                        ;
; PRESERVE_REGISTER ; on    ; -    ; fetch_ticket_raw_q[1][21]                                                                        ;
; PRESERVE_REGISTER ; on    ; -    ; fetch_ticket_raw_q[1][20]                                                                        ;
; PRESERVE_REGISTER ; on    ; -    ; fetch_ticket_raw_q[1][19]                                                                        ;
; PRESERVE_REGISTER ; on    ; -    ; fetch_ticket_raw_q[1][18]                                                                        ;
; PRESERVE_REGISTER ; on    ; -    ; fetch_ticket_raw_q[1][17]                                                                        ;
; PRESERVE_REGISTER ; on    ; -    ; fetch_ticket_raw_q[1][16]                                                                        ;
; PRESERVE_REGISTER ; on    ; -    ; fetch_ticket_raw_q[1][15]                                                                        ;
; PRESERVE_REGISTER ; on    ; -    ; fetch_ticket_raw_q[1][14]                                                                        ;
; PRESERVE_REGISTER ; on    ; -    ; fetch_ticket_raw_q[1][13]                                                                        ;
; PRESERVE_REGISTER ; on    ; -    ; fetch_ticket_raw_q[1][12]                                                                        ;
; PRESERVE_REGISTER ; on    ; -    ; fetch_ticket_raw_q[1][11]                                                                        ;
; PRESERVE_REGISTER ; on    ; -    ; fetch_ticket_raw_q[1][10]                                                                        ;
; PRESERVE_REGISTER ; on    ; -    ; fetch_ticket_raw_q[1][9]                                                                         ;
; PRESERVE_REGISTER ; on    ; -    ; fetch_ticket_raw_q[1][8]                                                                         ;
; PRESERVE_REGISTER ; on    ; -    ; fetch_ticket_raw_q[1][7]                                                                         ;
; PRESERVE_REGISTER ; on    ; -    ; fetch_ticket_raw_q[1][6]                                                                         ;
; PRESERVE_REGISTER ; on    ; -    ; fetch_ticket_raw_q[1][5]                                                                         ;
; PRESERVE_REGISTER ; on    ; -    ; fetch_ticket_raw_q[1][4]                                                                         ;
; PRESERVE_REGISTER ; on    ; -    ; fetch_ticket_raw_q[1][3]                                                                         ;
; PRESERVE_REGISTER ; on    ; -    ; fetch_ticket_raw_q[1][2]                                                                         ;
; PRESERVE_REGISTER ; on    ; -    ; fetch_ticket_raw_q[1][1]                                                                         ;
; PRESERVE_REGISTER ; on    ; -    ; fetch_ticket_raw_q[1][0]                                                                         ;
; PRESERVE_REGISTER ; on    ; -    ; fetch_ticket_raw_q[0][119]                                                                       ;
; PRESERVE_REGISTER ; on    ; -    ; fetch_ticket_raw_q[0][117]                                                                       ;
; PRESERVE_REGISTER ; on    ; -    ; fetch_ticket_raw_q[0][116]                                                                       ;
; PRESERVE_REGISTER ; on    ; -    ; fetch_ticket_raw_q[0][115]                                                                       ;
; PRESERVE_REGISTER ; on    ; -    ; fetch_ticket_raw_q[0][114]                                                                       ;
; PRESERVE_REGISTER ; on    ; -    ; fetch_ticket_raw_q[0][113]                                                                       ;
; PRESERVE_REGISTER ; on    ; -    ; fetch_ticket_raw_q[0][112]                                                                       ;
; PRESERVE_REGISTER ; on    ; -    ; fetch_ticket_raw_q[0][111]                                                                       ;
; PRESERVE_REGISTER ; on    ; -    ; fetch_ticket_raw_q[0][110]                                                                       ;
; PRESERVE_REGISTER ; on    ; -    ; fetch_ticket_raw_q[0][109]                                                                       ;
; PRESERVE_REGISTER ; on    ; -    ; fetch_ticket_raw_q[0][108]                                                                       ;
; PRESERVE_REGISTER ; on    ; -    ; fetch_ticket_raw_q[0][107]                                                                       ;
; PRESERVE_REGISTER ; on    ; -    ; fetch_ticket_raw_q[0][106]                                                                       ;
; PRESERVE_REGISTER ; on    ; -    ; fetch_ticket_raw_q[0][105]                                                                       ;
; PRESERVE_REGISTER ; on    ; -    ; fetch_ticket_raw_q[0][104]                                                                       ;
; PRESERVE_REGISTER ; on    ; -    ; fetch_ticket_raw_q[0][103]                                                                       ;
; PRESERVE_REGISTER ; on    ; -    ; fetch_ticket_raw_q[0][102]                                                                       ;
; PRESERVE_REGISTER ; on    ; -    ; fetch_ticket_raw_q[0][101]                                                                       ;
; PRESERVE_REGISTER ; on    ; -    ; fetch_ticket_raw_q[0][100]                                                                       ;
; PRESERVE_REGISTER ; on    ; -    ; fetch_ticket_raw_q[0][99]                                                                        ;
; PRESERVE_REGISTER ; on    ; -    ; fetch_ticket_raw_q[0][98]                                                                        ;
; PRESERVE_REGISTER ; on    ; -    ; fetch_ticket_raw_q[0][97]                                                                        ;
; PRESERVE_REGISTER ; on    ; -    ; fetch_ticket_raw_q[0][96]                                                                        ;
; PRESERVE_REGISTER ; on    ; -    ; fetch_ticket_raw_q[0][95]                                                                        ;
; PRESERVE_REGISTER ; on    ; -    ; fetch_ticket_raw_q[0][94]                                                                        ;
; PRESERVE_REGISTER ; on    ; -    ; fetch_ticket_raw_q[0][93]                                                                        ;
; PRESERVE_REGISTER ; on    ; -    ; fetch_ticket_raw_q[0][92]                                                                        ;
; PRESERVE_REGISTER ; on    ; -    ; fetch_ticket_raw_q[0][91]                                                                        ;
; PRESERVE_REGISTER ; on    ; -    ; fetch_ticket_raw_q[0][90]                                                                        ;
; PRESERVE_REGISTER ; on    ; -    ; fetch_ticket_raw_q[0][89]                                                                        ;
; PRESERVE_REGISTER ; on    ; -    ; fetch_ticket_raw_q[0][88]                                                                        ;
; PRESERVE_REGISTER ; on    ; -    ; fetch_ticket_raw_q[0][87]                                                                        ;
; PRESERVE_REGISTER ; on    ; -    ; fetch_ticket_raw_q[0][86]                                                                        ;
; PRESERVE_REGISTER ; on    ; -    ; fetch_ticket_raw_q[0][85]                                                                        ;
; PRESERVE_REGISTER ; on    ; -    ; fetch_ticket_raw_q[0][84]                                                                        ;
; PRESERVE_REGISTER ; on    ; -    ; fetch_ticket_raw_q[0][83]                                                                        ;
; PRESERVE_REGISTER ; on    ; -    ; fetch_ticket_raw_q[0][82]                                                                        ;
; PRESERVE_REGISTER ; on    ; -    ; fetch_ticket_raw_q[0][81]                                                                        ;
; PRESERVE_REGISTER ; on    ; -    ; fetch_ticket_raw_q[0][80]                                                                        ;
; PRESERVE_REGISTER ; on    ; -    ; fetch_ticket_raw_q[0][79]                                                                        ;
; PRESERVE_REGISTER ; on    ; -    ; fetch_ticket_raw_q[0][78]                                                                        ;
; PRESERVE_REGISTER ; on    ; -    ; fetch_ticket_raw_q[0][77]                                                                        ;
; PRESERVE_REGISTER ; on    ; -    ; fetch_ticket_raw_q[0][76]                                                                        ;
; PRESERVE_REGISTER ; on    ; -    ; fetch_ticket_raw_q[0][75]                                                                        ;
; PRESERVE_REGISTER ; on    ; -    ; fetch_ticket_raw_q[0][74]                                                                        ;
; PRESERVE_REGISTER ; on    ; -    ; fetch_ticket_raw_q[0][73]                                                                        ;
; PRESERVE_REGISTER ; on    ; -    ; fetch_ticket_raw_q[0][72]                                                                        ;
; PRESERVE_REGISTER ; on    ; -    ; fetch_ticket_raw_q[0][71]                                                                        ;
; PRESERVE_REGISTER ; on    ; -    ; fetch_ticket_raw_q[0][70]                                                                        ;
; PRESERVE_REGISTER ; on    ; -    ; fetch_ticket_raw_q[0][47]                                                                        ;
; PRESERVE_REGISTER ; on    ; -    ; fetch_ticket_raw_q[0][46]                                                                        ;
; PRESERVE_REGISTER ; on    ; -    ; fetch_ticket_raw_q[0][45]                                                                        ;
; PRESERVE_REGISTER ; on    ; -    ; fetch_ticket_raw_q[0][44]                                                                        ;
; PRESERVE_REGISTER ; on    ; -    ; fetch_ticket_raw_q[0][43]                                                                        ;
; PRESERVE_REGISTER ; on    ; -    ; fetch_ticket_raw_q[0][42]                                                                        ;
; PRESERVE_REGISTER ; on    ; -    ; fetch_ticket_raw_q[0][41]                                                                        ;
; PRESERVE_REGISTER ; on    ; -    ; fetch_ticket_raw_q[0][40]                                                                        ;
; PRESERVE_REGISTER ; on    ; -    ; fetch_ticket_raw_q[0][39]                                                                        ;
; PRESERVE_REGISTER ; on    ; -    ; fetch_ticket_raw_q[0][38]                                                                        ;
; PRESERVE_REGISTER ; on    ; -    ; fetch_ticket_raw_q[0][37]                                                                        ;
; PRESERVE_REGISTER ; on    ; -    ; fetch_ticket_raw_q[0][36]                                                                        ;
; PRESERVE_REGISTER ; on    ; -    ; fetch_ticket_raw_q[0][35]                                                                        ;
; PRESERVE_REGISTER ; on    ; -    ; fetch_ticket_raw_q[0][34]                                                                        ;
; PRESERVE_REGISTER ; on    ; -    ; fetch_ticket_raw_q[0][33]                                                                        ;
; PRESERVE_REGISTER ; on    ; -    ; fetch_ticket_raw_q[0][32]                                                                        ;
; PRESERVE_REGISTER ; on    ; -    ; fetch_ticket_raw_q[0][25]                                                                        ;
; PRESERVE_REGISTER ; on    ; -    ; fetch_ticket_raw_q[0][24]                                                                        ;
; PRESERVE_REGISTER ; on    ; -    ; fetch_ticket_raw_q[0][23]                                                                        ;
; PRESERVE_REGISTER ; on    ; -    ; fetch_ticket_raw_q[0][22]                                                                        ;
; PRESERVE_REGISTER ; on    ; -    ; fetch_ticket_raw_q[0][21]                                                                        ;
; PRESERVE_REGISTER ; on    ; -    ; fetch_ticket_raw_q[0][20]                                                                        ;
; PRESERVE_REGISTER ; on    ; -    ; fetch_ticket_raw_q[0][19]                                                                        ;
; PRESERVE_REGISTER ; on    ; -    ; fetch_ticket_raw_q[0][18]                                                                        ;
; PRESERVE_REGISTER ; on    ; -    ; fetch_ticket_raw_q[0][17]                                                                        ;
; PRESERVE_REGISTER ; on    ; -    ; fetch_ticket_raw_q[0][16]                                                                        ;
; PRESERVE_REGISTER ; on    ; -    ; fetch_ticket_raw_q[0][15]                                                                        ;
; PRESERVE_REGISTER ; on    ; -    ; fetch_ticket_raw_q[0][14]                                                                        ;
; PRESERVE_REGISTER ; on    ; -    ; fetch_ticket_raw_q[0][13]                                                                        ;
; PRESERVE_REGISTER ; on    ; -    ; fetch_ticket_raw_q[0][12]                                                                        ;
; PRESERVE_REGISTER ; on    ; -    ; fetch_ticket_raw_q[0][11]                                                                        ;
; PRESERVE_REGISTER ; on    ; -    ; fetch_ticket_raw_q[0][10]                                                                        ;
; PRESERVE_REGISTER ; on    ; -    ; fetch_ticket_raw_q[0][9]                                                                         ;
; PRESERVE_REGISTER ; on    ; -    ; fetch_ticket_raw_q[0][8]                                                                         ;
; PRESERVE_REGISTER ; on    ; -    ; fetch_ticket_raw_q[0][7]                                                                         ;
; PRESERVE_REGISTER ; on    ; -    ; fetch_ticket_raw_q[0][6]                                                                         ;
; PRESERVE_REGISTER ; on    ; -    ; fetch_ticket_raw_q[0][5]                                                                         ;
; PRESERVE_REGISTER ; on    ; -    ; fetch_ticket_raw_q[0][4]                                                                         ;
; PRESERVE_REGISTER ; on    ; -    ; fetch_ticket_raw_q[0][3]                                                                         ;
; PRESERVE_REGISTER ; on    ; -    ; fetch_ticket_raw_q[0][2]                                                                         ;
; PRESERVE_REGISTER ; on    ; -    ; fetch_ticket_raw_q[0][1]                                                                         ;
; PRESERVE_REGISTER ; on    ; -    ; fetch_ticket_raw_q[0][0]                                                                         ;
; PRESERVE_REGISTER ; on    ; -    ; fetch_tk_sop_q[1]                                                                                ;
; PRESERVE_REGISTER ; on    ; -    ; fetch_tk_sop_q[0]                                                                                ;
; PRESERVE_REGISTER ; on    ; -    ; fetch_tk_curr_q[1]                                                                               ;
; PRESERVE_REGISTER ; on    ; -    ; fetch_tk_curr_q[0]                                                                               ;
; PRESERVE_REGISTER ; on    ; -    ; fetch_tk_future_q[1]                                                                             ;
; PRESERVE_REGISTER ; on    ; -    ; fetch_tk_future_q[0]                                                                             ;
; PRESERVE_REGISTER ; on    ; -    ; fetch_tk_past_q[1]                                                                               ;
; PRESERVE_REGISTER ; on    ; -    ; fetch_tk_past_q[0]                                                                               ;
+-------------------+-------+------+--------------------------------------------------------------------------------------------------+


+--------------------------------------------------------------------------------------------------------------------------------------------+
; Source assignments for ordered_priority_queue_monolithic_sv:dut_i|page_ram:page_ram_i|altsyncram:page_ram_i|altsyncram_0902:auto_generated ;
+---------------------------------+--------------------+------+------------------------------------------------------------------------------+
; Assignment                      ; Value              ; From ; To                                                                           ;
+---------------------------------+--------------------+------+------------------------------------------------------------------------------+
; OPTIMIZE_POWER_DURING_SYNTHESIS ; NORMAL_COMPILATION ; -    ; -                                                                            ;
+---------------------------------+--------------------+------+------------------------------------------------------------------------------+


+----------------------------------------------------------------------------------------------------------------------------------------------------------------------------------------------------------------------------------------------------------------------------+
; Source assignments for ordered_priority_queue_monolithic_sv:dut_i|ordered_priority_queue_monolithic_basic_presenter:presenter_i|ordered_priority_queue_monolithic_basic_presenter_native:native_i|tile_fifo:meta_ram_i|altsyncram:ram_rtl_0|altsyncram_vro1:auto_generated ;
+---------------------------------+--------------------+------+--------------------------------------------------------------------------------------------------------------------------------------------------------------------------------------------------------------+
; Assignment                      ; Value              ; From ; To                                                                                                                                                                                                           ;
+---------------------------------+--------------------+------+--------------------------------------------------------------------------------------------------------------------------------------------------------------------------------------------------------------+
; OPTIMIZE_POWER_DURING_SYNTHESIS ; NORMAL_COMPILATION ; -    ; -                                                                                                                                                                                                            ;
+---------------------------------+--------------------+------+--------------------------------------------------------------------------------------------------------------------------------------------------------------------------------------------------------------+


+-----------------------------------------------------------------------------------------+
; Parameter Settings for User Entity Instance: ordered_priority_queue_monolithic_sv:dut_i ;
+--------------------------+----------------------------------+---------------------------+
; Parameter Name           ; Value                            ; Type                      ;
+--------------------------+----------------------------------+---------------------------+
; N_LANE                   ; 00000000000000000000000000000010 ; Unsigned Binary           ;
; MODE                     ; MERGING                          ; String                    ;
; TRACK_HEADER             ; 1                                ; Unsigned Binary           ;
; INGRESS_DATA_WIDTH       ; 00000000000000000000000000100000 ; Unsigned Binary           ;
; INGRESS_DATAK_WIDTH      ; 00000000000000000000000000000100 ; Unsigned Binary           ;
; CHANNEL_WIDTH            ; 00000000000000000000000000000010 ; Unsigned Binary           ;
; LANE_FIFO_DEPTH          ; 00000000000000000000010000000000 ; Unsigned Binary           ;
; LANE_FIFO_WIDTH          ; 00000000000000000000000000101000 ; Unsigned Binary           ;
; TICKET_FIFO_DEPTH        ; 512                              ; Signed Integer            ;
; HANDLE_FIFO_DEPTH        ; 00000000000000000000000001000000 ; Unsigned Binary           ;
; PAGE_RAM_DEPTH           ; 65536                            ; Signed Integer            ;
; PAGE_RAM_RD_WIDTH        ; 00000000000000000000000000100100 ; Unsigned Binary           ;
; N_SHD                    ; 256                              ; Signed Integer            ;
; N_HIT                    ; 00000000000000000000000011111111 ; Unsigned Binary           ;
; HDR_SIZE                 ; 00000000000000000000000000000101 ; Unsigned Binary           ;
; SHD_SIZE                 ; 00000000000000000000000000000001 ; Unsigned Binary           ;
; HIT_SIZE                 ; 00000000000000000000000000000001 ; Unsigned Binary           ;
; TRL_SIZE                 ; 00000000000000000000000000000001 ; Unsigned Binary           ;
; FRAME_SERIAL_SIZE        ; 00000000000000000000000000010000 ; Unsigned Binary           ;
; FRAME_SUBH_CNT_SIZE      ; 00000000000000000000000000010000 ; Unsigned Binary           ;
; FRAME_HIT_CNT_SIZE       ; 00000000000000000000000000010000 ; Unsigned Binary           ;
; DEBUG_LV                 ; 00000000000000000000000000000001 ; Unsigned Binary           ;
; MAX_PKT_LENGTH           ; 00000000000000000000000011111111 ; Unsigned Binary           ;
; MAX_PKT_LENGTH_BITS      ; 00000000000000000000000000001000 ; Unsigned Binary           ;
; TICKET_FIFO_DATA_WIDTH_A ; 00000000000000000000000001000100 ; Unsigned Binary           ;
; TICKET_FIFO_DATA_WIDTH_B ; 00000000000000000000000001111000 ; Unsigned Binary           ;
; TICKET_FIFO_DATA_WIDTH   ; 00000000000000000000000001111000 ; Unsigned Binary           ;
; TICKET_FIFO_ADDR_WIDTH   ; 00000000000000000000000000001001 ; Unsigned Binary           ;
; LANE_FIFO_ADDR_WIDTH     ; 00000000000000000000000000001010 ; Unsigned Binary           ;
; HANDLE_FIFO_ADDR_WIDTH   ; 00000000000000000000000000000110 ; Unsigned Binary           ;
; PAGE_RAM_DATA_WIDTH      ; 00000000000000000000000000101000 ; Unsigned Binary           ;
; PAGE_RAM_ADDR_WIDTH      ; 00000000000000000000000000010000 ; Unsigned Binary           ;
; HANDLE_LENGTH            ; 00000000000000000000000000100010 ; Unsigned Binary           ;
+--------------------------+----------------------------------+---------------------------+
Note: In order to hide this table in the UI and the text report file, please set the "Show Parameter Settings in Synthesis Report" option in "Analysis and Synthesis Settings -> More Settings" to "Off".


+--------------------------------------------------------------------------------------------------------------------------------+
; Parameter Settings for User Entity Instance: ordered_priority_queue_monolithic_sv:dut_i|ticket_fifo:g_storage[0].ticket_fifo_i ;
+----------------+----------------------------------+----------------------------------------------------------------------------+
; Parameter Name ; Value                            ; Type                                                                       ;
+----------------+----------------------------------+----------------------------------------------------------------------------+
; DATA_WIDTH     ; 00000000000000000000000001111000 ; Unsigned Binary                                                            ;
; ADDR_WIDTH     ; 00000000000000000000000000001001 ; Unsigned Binary                                                            ;
+----------------+----------------------------------+----------------------------------------------------------------------------+
Note: In order to hide this table in the UI and the text report file, please set the "Show Parameter Settings in Synthesis Report" option in "Analysis and Synthesis Settings -> More Settings" to "Off".


+-----------------------------------------------------------------------------------------------------------------------------------------------------------+
; Parameter Settings for User Entity Instance: ordered_priority_queue_monolithic_sv:dut_i|ticket_fifo:g_storage[0].ticket_fifo_i|altsyncram:ticket_fifo_ram ;
+------------------------------------+----------------------------------+-----------------------------------------------------------------------------------+
; Parameter Name                     ; Value                            ; Type                                                                              ;
+------------------------------------+----------------------------------+-----------------------------------------------------------------------------------+
; BYTE_SIZE_BLOCK                    ; 8                                ; Untyped                                                                           ;
; AUTO_CARRY_CHAINS                  ; ON                               ; AUTO_CARRY                                                                        ;
; IGNORE_CARRY_BUFFERS               ; OFF                              ; IGNORE_CARRY                                                                      ;
; AUTO_CASCADE_CHAINS                ; ON                               ; AUTO_CASCADE                                                                      ;
; IGNORE_CASCADE_BUFFERS             ; OFF                              ; IGNORE_CASCADE                                                                    ;
; WIDTH_BYTEENA                      ; 1                                ; Untyped                                                                           ;
; OPERATION_MODE                     ; DUAL_PORT                        ; Untyped                                                                           ;
; WIDTH_A                            ; 00000000000000000000000001111000 ; Unsigned Binary                                                                   ;
; WIDTHAD_A                          ; 00000000000000000000000000001001 ; Unsigned Binary                                                                   ;
; NUMWORDS_A                         ; 512                              ; Signed Integer                                                                    ;
; OUTDATA_REG_A                      ; UNREGISTERED                     ; Untyped                                                                           ;
; ADDRESS_ACLR_A                     ; NONE                             ; Untyped                                                                           ;
; OUTDATA_ACLR_A                     ; NONE                             ; Untyped                                                                           ;
; WRCONTROL_ACLR_A                   ; NONE                             ; Untyped                                                                           ;
; INDATA_ACLR_A                      ; NONE                             ; Untyped                                                                           ;
; BYTEENA_ACLR_A                     ; NONE                             ; Untyped                                                                           ;
; WIDTH_B                            ; 00000000000000000000000001111000 ; Unsigned Binary                                                                   ;
; WIDTHAD_B                          ; 00000000000000000000000000001001 ; Unsigned Binary                                                                   ;
; NUMWORDS_B                         ; 512                              ; Signed Integer                                                                    ;
; INDATA_REG_B                       ; CLOCK0                           ; Untyped                                                                           ;
; WRCONTROL_WRADDRESS_REG_B          ; CLOCK1                           ; Untyped                                                                           ;
; RDCONTROL_REG_B                    ; CLOCK1                           ; Untyped                                                                           ;
; ADDRESS_REG_B                      ; CLOCK0                           ; Untyped                                                                           ;
; OUTDATA_REG_B                      ; UNREGISTERED                     ; Untyped                                                                           ;
; BYTEENA_REG_B                      ; CLOCK1                           ; Untyped                                                                           ;
; INDATA_ACLR_B                      ; NONE                             ; Untyped                                                                           ;
; WRCONTROL_ACLR_B                   ; NONE                             ; Untyped                                                                           ;
; ADDRESS_ACLR_B                     ; NONE                             ; Untyped                                                                           ;
; OUTDATA_ACLR_B                     ; NONE                             ; Untyped                                                                           ;
; RDCONTROL_ACLR_B                   ; NONE                             ; Untyped                                                                           ;
; BYTEENA_ACLR_B                     ; NONE                             ; Untyped                                                                           ;
; WIDTH_BYTEENA_A                    ; 1                                ; Signed Integer                                                                    ;
; WIDTH_BYTEENA_B                    ; 1                                ; Untyped                                                                           ;
; RAM_BLOCK_TYPE                     ; M20K                             ; Untyped                                                                           ;
; BYTE_SIZE                          ; 8                                ; Untyped                                                                           ;
; READ_DURING_WRITE_MODE_MIXED_PORTS ; OLD_DATA                         ; Untyped                                                                           ;
; READ_DURING_WRITE_MODE_PORT_A      ; NEW_DATA_NO_NBE_READ             ; Untyped                                                                           ;
; READ_DURING_WRITE_MODE_PORT_B      ; NEW_DATA_NO_NBE_READ             ; Untyped                                                                           ;
; INIT_FILE                          ; UNUSED                           ; Untyped                                                                           ;
; INIT_FILE_LAYOUT                   ; PORT_A                           ; Untyped                                                                           ;
; MAXIMUM_DEPTH                      ; 0                                ; Untyped                                                                           ;
; CLOCK_ENABLE_INPUT_A               ; BYPASS                           ; Untyped                                                                           ;
; CLOCK_ENABLE_INPUT_B               ; BYPASS                           ; Untyped                                                                           ;
; CLOCK_ENABLE_OUTPUT_A              ; NORMAL                           ; Untyped                                                                           ;
; CLOCK_ENABLE_OUTPUT_B              ; BYPASS                           ; Untyped                                                                           ;
; CLOCK_ENABLE_CORE_A                ; USE_INPUT_CLKEN                  ; Untyped                                                                           ;
; CLOCK_ENABLE_CORE_B                ; USE_INPUT_CLKEN                  ; Untyped                                                                           ;
; ENABLE_ECC                         ; FALSE                            ; Untyped                                                                           ;
; ECC_PIPELINE_STAGE_ENABLED         ; FALSE                            ; Untyped                                                                           ;
; WIDTH_ECCSTATUS                    ; 3                                ; Untyped                                                                           ;
; DEVICE_FAMILY                      ; Arria 10                         ; Untyped                                                                           ;
; CBXI_PARAMETER                     ; altsyncram_0202                  ; Untyped                                                                           ;
+------------------------------------+----------------------------------+-----------------------------------------------------------------------------------+
Note: In order to hide this table in the UI and the text report file, please set the "Show Parameter Settings in Synthesis Report" option in "Analysis and Synthesis Settings -> More Settings" to "Off".


+----------------------------------------------------------------------------------------------------------------------------+
; Parameter Settings for User Entity Instance: ordered_priority_queue_monolithic_sv:dut_i|lane_fifo:g_storage[0].lane_fifo_i ;
+----------------+----------------------------------+------------------------------------------------------------------------+
; Parameter Name ; Value                            ; Type                                                                   ;
+----------------+----------------------------------+------------------------------------------------------------------------+
; DATA_WIDTH     ; 00000000000000000000000000101000 ; Unsigned Binary                                                        ;
; ADDR_WIDTH     ; 00000000000000000000000000001010 ; Unsigned Binary                                                        ;
+----------------+----------------------------------+------------------------------------------------------------------------+
Note: In order to hide this table in the UI and the text report file, please set the "Show Parameter Settings in Synthesis Report" option in "Analysis and Synthesis Settings -> More Settings" to "Off".


+-----------------------------------------------------------------------------------------------------------------------------------------------------+
; Parameter Settings for User Entity Instance: ordered_priority_queue_monolithic_sv:dut_i|lane_fifo:g_storage[0].lane_fifo_i|altsyncram:lane_fifo_ram ;
+------------------------------------+----------------------------------+-----------------------------------------------------------------------------+
; Parameter Name                     ; Value                            ; Type                                                                        ;
+------------------------------------+----------------------------------+-----------------------------------------------------------------------------+
; BYTE_SIZE_BLOCK                    ; 8                                ; Untyped                                                                     ;
; AUTO_CARRY_CHAINS                  ; ON                               ; AUTO_CARRY                                                                  ;
; IGNORE_CARRY_BUFFERS               ; OFF                              ; IGNORE_CARRY                                                                ;
; AUTO_CASCADE_CHAINS                ; ON                               ; AUTO_CASCADE                                                                ;
; IGNORE_CASCADE_BUFFERS             ; OFF                              ; IGNORE_CASCADE                                                              ;
; WIDTH_BYTEENA                      ; 1                                ; Untyped                                                                     ;
; OPERATION_MODE                     ; DUAL_PORT                        ; Untyped                                                                     ;
; WIDTH_A                            ; 00000000000000000000000000101000 ; Unsigned Binary                                                             ;
; WIDTHAD_A                          ; 00000000000000000000000000001010 ; Unsigned Binary                                                             ;
; NUMWORDS_A                         ; 1024                             ; Signed Integer                                                              ;
; OUTDATA_REG_A                      ; UNREGISTERED                     ; Untyped                                                                     ;
; ADDRESS_ACLR_A                     ; NONE                             ; Untyped                                                                     ;
; OUTDATA_ACLR_A                     ; NONE                             ; Untyped                                                                     ;
; WRCONTROL_ACLR_A                   ; NONE                             ; Untyped                                                                     ;
; INDATA_ACLR_A                      ; NONE                             ; Untyped                                                                     ;
; BYTEENA_ACLR_A                     ; NONE                             ; Untyped                                                                     ;
; WIDTH_B                            ; 00000000000000000000000000101000 ; Unsigned Binary                                                             ;
; WIDTHAD_B                          ; 00000000000000000000000000001010 ; Unsigned Binary                                                             ;
; NUMWORDS_B                         ; 1024                             ; Signed Integer                                                              ;
; INDATA_REG_B                       ; CLOCK0                           ; Untyped                                                                     ;
; WRCONTROL_WRADDRESS_REG_B          ; CLOCK1                           ; Untyped                                                                     ;
; RDCONTROL_REG_B                    ; CLOCK1                           ; Untyped                                                                     ;
; ADDRESS_REG_B                      ; CLOCK0                           ; Untyped                                                                     ;
; OUTDATA_REG_B                      ; UNREGISTERED                     ; Untyped                                                                     ;
; BYTEENA_REG_B                      ; CLOCK1                           ; Untyped                                                                     ;
; INDATA_ACLR_B                      ; NONE                             ; Untyped                                                                     ;
; WRCONTROL_ACLR_B                   ; NONE                             ; Untyped                                                                     ;
; ADDRESS_ACLR_B                     ; NONE                             ; Untyped                                                                     ;
; OUTDATA_ACLR_B                     ; NONE                             ; Untyped                                                                     ;
; RDCONTROL_ACLR_B                   ; NONE                             ; Untyped                                                                     ;
; BYTEENA_ACLR_B                     ; NONE                             ; Untyped                                                                     ;
; WIDTH_BYTEENA_A                    ; 1                                ; Signed Integer                                                              ;
; WIDTH_BYTEENA_B                    ; 1                                ; Untyped                                                                     ;
; RAM_BLOCK_TYPE                     ; M20K                             ; Untyped                                                                     ;
; BYTE_SIZE                          ; 8                                ; Untyped                                                                     ;
; READ_DURING_WRITE_MODE_MIXED_PORTS ; OLD_DATA                         ; Untyped                                                                     ;
; READ_DURING_WRITE_MODE_PORT_A      ; NEW_DATA_NO_NBE_READ             ; Untyped                                                                     ;
; READ_DURING_WRITE_MODE_PORT_B      ; NEW_DATA_NO_NBE_READ             ; Untyped                                                                     ;
; INIT_FILE                          ; UNUSED                           ; Untyped                                                                     ;
; INIT_FILE_LAYOUT                   ; PORT_A                           ; Untyped                                                                     ;
; MAXIMUM_DEPTH                      ; 0                                ; Untyped                                                                     ;
; CLOCK_ENABLE_INPUT_A               ; BYPASS                           ; Untyped                                                                     ;
; CLOCK_ENABLE_INPUT_B               ; BYPASS                           ; Untyped                                                                     ;
; CLOCK_ENABLE_OUTPUT_A              ; NORMAL                           ; Untyped                                                                     ;
; CLOCK_ENABLE_OUTPUT_B              ; BYPASS                           ; Untyped                                                                     ;
; CLOCK_ENABLE_CORE_A                ; USE_INPUT_CLKEN                  ; Untyped                                                                     ;
; CLOCK_ENABLE_CORE_B                ; USE_INPUT_CLKEN                  ; Untyped                                                                     ;
; ENABLE_ECC                         ; FALSE                            ; Untyped                                                                     ;
; ECC_PIPELINE_STAGE_ENABLED         ; FALSE                            ; Untyped                                                                     ;
; WIDTH_ECCSTATUS                    ; 3                                ; Untyped                                                                     ;
; DEVICE_FAMILY                      ; Arria 10                         ; Untyped                                                                     ;
; CBXI_PARAMETER                     ; altsyncram_g402                  ; Untyped                                                                     ;
+------------------------------------+----------------------------------+-----------------------------------------------------------------------------+
Note: In order to hide this table in the UI and the text report file, please set the "Show Parameter Settings in Synthesis Report" option in "Analysis and Synthesis Settings -> More Settings" to "Off".


+--------------------------------------------------------------------------------------------------------------------------------+
; Parameter Settings for User Entity Instance: ordered_priority_queue_monolithic_sv:dut_i|handle_fifo:g_storage[0].handle_fifo_i ;
+----------------+----------------------------------+----------------------------------------------------------------------------+
; Parameter Name ; Value                            ; Type                                                                       ;
+----------------+----------------------------------+----------------------------------------------------------------------------+
; DATA_WIDTH     ; 00000000000000000000000000100011 ; Unsigned Binary                                                            ;
; ADDR_WIDTH     ; 00000000000000000000000000000110 ; Unsigned Binary                                                            ;
+----------------+----------------------------------+----------------------------------------------------------------------------+
Note: In order to hide this table in the UI and the text report file, please set the "Show Parameter Settings in Synthesis Report" option in "Analysis and Synthesis Settings -> More Settings" to "Off".


+-----------------------------------------------------------------------------------------------------------------------------------------------------------+
; Parameter Settings for User Entity Instance: ordered_priority_queue_monolithic_sv:dut_i|handle_fifo:g_storage[0].handle_fifo_i|altsyncram:handle_fifo_ram ;
+------------------------------------+----------------------------------+-----------------------------------------------------------------------------------+
; Parameter Name                     ; Value                            ; Type                                                                              ;
+------------------------------------+----------------------------------+-----------------------------------------------------------------------------------+
; BYTE_SIZE_BLOCK                    ; 8                                ; Untyped                                                                           ;
; AUTO_CARRY_CHAINS                  ; ON                               ; AUTO_CARRY                                                                        ;
; IGNORE_CARRY_BUFFERS               ; OFF                              ; IGNORE_CARRY                                                                      ;
; AUTO_CASCADE_CHAINS                ; ON                               ; AUTO_CASCADE                                                                      ;
; IGNORE_CASCADE_BUFFERS             ; OFF                              ; IGNORE_CASCADE                                                                    ;
; WIDTH_BYTEENA                      ; 1                                ; Untyped                                                                           ;
; OPERATION_MODE                     ; DUAL_PORT                        ; Untyped                                                                           ;
; WIDTH_A                            ; 00000000000000000000000000100011 ; Unsigned Binary                                                                   ;
; WIDTHAD_A                          ; 00000000000000000000000000000110 ; Unsigned Binary                                                                   ;
; NUMWORDS_A                         ; 64                               ; Signed Integer                                                                    ;
; OUTDATA_REG_A                      ; UNREGISTERED                     ; Untyped                                                                           ;
; ADDRESS_ACLR_A                     ; NONE                             ; Untyped                                                                           ;
; OUTDATA_ACLR_A                     ; NONE                             ; Untyped                                                                           ;
; WRCONTROL_ACLR_A                   ; NONE                             ; Untyped                                                                           ;
; INDATA_ACLR_A                      ; NONE                             ; Untyped                                                                           ;
; BYTEENA_ACLR_A                     ; NONE                             ; Untyped                                                                           ;
; WIDTH_B                            ; 00000000000000000000000000100011 ; Unsigned Binary                                                                   ;
; WIDTHAD_B                          ; 00000000000000000000000000000110 ; Unsigned Binary                                                                   ;
; NUMWORDS_B                         ; 64                               ; Signed Integer                                                                    ;
; INDATA_REG_B                       ; CLOCK0                           ; Untyped                                                                           ;
; WRCONTROL_WRADDRESS_REG_B          ; CLOCK1                           ; Untyped                                                                           ;
; RDCONTROL_REG_B                    ; CLOCK1                           ; Untyped                                                                           ;
; ADDRESS_REG_B                      ; CLOCK0                           ; Untyped                                                                           ;
; OUTDATA_REG_B                      ; UNREGISTERED                     ; Untyped                                                                           ;
; BYTEENA_REG_B                      ; CLOCK1                           ; Untyped                                                                           ;
; INDATA_ACLR_B                      ; NONE                             ; Untyped                                                                           ;
; WRCONTROL_ACLR_B                   ; NONE                             ; Untyped                                                                           ;
; ADDRESS_ACLR_B                     ; NONE                             ; Untyped                                                                           ;
; OUTDATA_ACLR_B                     ; NONE                             ; Untyped                                                                           ;
; RDCONTROL_ACLR_B                   ; NONE                             ; Untyped                                                                           ;
; BYTEENA_ACLR_B                     ; NONE                             ; Untyped                                                                           ;
; WIDTH_BYTEENA_A                    ; 1                                ; Signed Integer                                                                    ;
; WIDTH_BYTEENA_B                    ; 1                                ; Untyped                                                                           ;
; RAM_BLOCK_TYPE                     ; M20K                             ; Untyped                                                                           ;
; BYTE_SIZE                          ; 8                                ; Untyped                                                                           ;
; READ_DURING_WRITE_MODE_MIXED_PORTS ; OLD_DATA                         ; Untyped                                                                           ;
; READ_DURING_WRITE_MODE_PORT_A      ; NEW_DATA_NO_NBE_READ             ; Untyped                                                                           ;
; READ_DURING_WRITE_MODE_PORT_B      ; NEW_DATA_NO_NBE_READ             ; Untyped                                                                           ;
; INIT_FILE                          ; UNUSED                           ; Untyped                                                                           ;
; INIT_FILE_LAYOUT                   ; PORT_A                           ; Untyped                                                                           ;
; MAXIMUM_DEPTH                      ; 0                                ; Untyped                                                                           ;
; CLOCK_ENABLE_INPUT_A               ; BYPASS                           ; Untyped                                                                           ;
; CLOCK_ENABLE_INPUT_B               ; BYPASS                           ; Untyped                                                                           ;
; CLOCK_ENABLE_OUTPUT_A              ; NORMAL                           ; Untyped                                                                           ;
; CLOCK_ENABLE_OUTPUT_B              ; BYPASS                           ; Untyped                                                                           ;
; CLOCK_ENABLE_CORE_A                ; USE_INPUT_CLKEN                  ; Untyped                                                                           ;
; CLOCK_ENABLE_CORE_B                ; USE_INPUT_CLKEN                  ; Untyped                                                                           ;
; ENABLE_ECC                         ; FALSE                            ; Untyped                                                                           ;
; ECC_PIPELINE_STAGE_ENABLED         ; FALSE                            ; Untyped                                                                           ;
; WIDTH_ECCSTATUS                    ; 3                                ; Untyped                                                                           ;
; DEVICE_FAMILY                      ; Arria 10                         ; Untyped                                                                           ;
; CBXI_PARAMETER                     ; altsyncram_8sv1                  ; Untyped                                                                           ;
+------------------------------------+----------------------------------+-----------------------------------------------------------------------------------+
Note: In order to hide this table in the UI and the text report file, please set the "Show Parameter Settings in Synthesis Report" option in "Analysis and Synthesis Settings -> More Settings" to "Off".


+--------------------------------------------------------------------------------------------------------------------------------+
; Parameter Settings for User Entity Instance: ordered_priority_queue_monolithic_sv:dut_i|ticket_fifo:g_storage[1].ticket_fifo_i ;
+----------------+----------------------------------+----------------------------------------------------------------------------+
; Parameter Name ; Value                            ; Type                                                                       ;
+----------------+----------------------------------+----------------------------------------------------------------------------+
; DATA_WIDTH     ; 00000000000000000000000001111000 ; Unsigned Binary                                                            ;
; ADDR_WIDTH     ; 00000000000000000000000000001001 ; Unsigned Binary                                                            ;
+----------------+----------------------------------+----------------------------------------------------------------------------+
Note: In order to hide this table in the UI and the text report file, please set the "Show Parameter Settings in Synthesis Report" option in "Analysis and Synthesis Settings -> More Settings" to "Off".


+-----------------------------------------------------------------------------------------------------------------------------------------------------------+
; Parameter Settings for User Entity Instance: ordered_priority_queue_monolithic_sv:dut_i|ticket_fifo:g_storage[1].ticket_fifo_i|altsyncram:ticket_fifo_ram ;
+------------------------------------+----------------------------------+-----------------------------------------------------------------------------------+
; Parameter Name                     ; Value                            ; Type                                                                              ;
+------------------------------------+----------------------------------+-----------------------------------------------------------------------------------+
; BYTE_SIZE_BLOCK                    ; 8                                ; Untyped                                                                           ;
; AUTO_CARRY_CHAINS                  ; ON                               ; AUTO_CARRY                                                                        ;
; IGNORE_CARRY_BUFFERS               ; OFF                              ; IGNORE_CARRY                                                                      ;
; AUTO_CASCADE_CHAINS                ; ON                               ; AUTO_CASCADE                                                                      ;
; IGNORE_CASCADE_BUFFERS             ; OFF                              ; IGNORE_CASCADE                                                                    ;
; WIDTH_BYTEENA                      ; 1                                ; Untyped                                                                           ;
; OPERATION_MODE                     ; DUAL_PORT                        ; Untyped                                                                           ;
; WIDTH_A                            ; 00000000000000000000000001111000 ; Unsigned Binary                                                                   ;
; WIDTHAD_A                          ; 00000000000000000000000000001001 ; Unsigned Binary                                                                   ;
; NUMWORDS_A                         ; 512                              ; Signed Integer                                                                    ;
; OUTDATA_REG_A                      ; UNREGISTERED                     ; Untyped                                                                           ;
; ADDRESS_ACLR_A                     ; NONE                             ; Untyped                                                                           ;
; OUTDATA_ACLR_A                     ; NONE                             ; Untyped                                                                           ;
; WRCONTROL_ACLR_A                   ; NONE                             ; Untyped                                                                           ;
; INDATA_ACLR_A                      ; NONE                             ; Untyped                                                                           ;
; BYTEENA_ACLR_A                     ; NONE                             ; Untyped                                                                           ;
; WIDTH_B                            ; 00000000000000000000000001111000 ; Unsigned Binary                                                                   ;
; WIDTHAD_B                          ; 00000000000000000000000000001001 ; Unsigned Binary                                                                   ;
; NUMWORDS_B                         ; 512                              ; Signed Integer                                                                    ;
; INDATA_REG_B                       ; CLOCK0                           ; Untyped                                                                           ;
; WRCONTROL_WRADDRESS_REG_B          ; CLOCK1                           ; Untyped                                                                           ;
; RDCONTROL_REG_B                    ; CLOCK1                           ; Untyped                                                                           ;
; ADDRESS_REG_B                      ; CLOCK0                           ; Untyped                                                                           ;
; OUTDATA_REG_B                      ; UNREGISTERED                     ; Untyped                                                                           ;
; BYTEENA_REG_B                      ; CLOCK1                           ; Untyped                                                                           ;
; INDATA_ACLR_B                      ; NONE                             ; Untyped                                                                           ;
; WRCONTROL_ACLR_B                   ; NONE                             ; Untyped                                                                           ;
; ADDRESS_ACLR_B                     ; NONE                             ; Untyped                                                                           ;
; OUTDATA_ACLR_B                     ; NONE                             ; Untyped                                                                           ;
; RDCONTROL_ACLR_B                   ; NONE                             ; Untyped                                                                           ;
; BYTEENA_ACLR_B                     ; NONE                             ; Untyped                                                                           ;
; WIDTH_BYTEENA_A                    ; 1                                ; Signed Integer                                                                    ;
; WIDTH_BYTEENA_B                    ; 1                                ; Untyped                                                                           ;
; RAM_BLOCK_TYPE                     ; M20K                             ; Untyped                                                                           ;
; BYTE_SIZE                          ; 8                                ; Untyped                                                                           ;
; READ_DURING_WRITE_MODE_MIXED_PORTS ; OLD_DATA                         ; Untyped                                                                           ;
; READ_DURING_WRITE_MODE_PORT_A      ; NEW_DATA_NO_NBE_READ             ; Untyped                                                                           ;
; READ_DURING_WRITE_MODE_PORT_B      ; NEW_DATA_NO_NBE_READ             ; Untyped                                                                           ;
; INIT_FILE                          ; UNUSED                           ; Untyped                                                                           ;
; INIT_FILE_LAYOUT                   ; PORT_A                           ; Untyped                                                                           ;
; MAXIMUM_DEPTH                      ; 0                                ; Untyped                                                                           ;
; CLOCK_ENABLE_INPUT_A               ; BYPASS                           ; Untyped                                                                           ;
; CLOCK_ENABLE_INPUT_B               ; BYPASS                           ; Untyped                                                                           ;
; CLOCK_ENABLE_OUTPUT_A              ; NORMAL                           ; Untyped                                                                           ;
; CLOCK_ENABLE_OUTPUT_B              ; BYPASS                           ; Untyped                                                                           ;
; CLOCK_ENABLE_CORE_A                ; USE_INPUT_CLKEN                  ; Untyped                                                                           ;
; CLOCK_ENABLE_CORE_B                ; USE_INPUT_CLKEN                  ; Untyped                                                                           ;
; ENABLE_ECC                         ; FALSE                            ; Untyped                                                                           ;
; ECC_PIPELINE_STAGE_ENABLED         ; FALSE                            ; Untyped                                                                           ;
; WIDTH_ECCSTATUS                    ; 3                                ; Untyped                                                                           ;
; DEVICE_FAMILY                      ; Arria 10                         ; Untyped                                                                           ;
; CBXI_PARAMETER                     ; altsyncram_0202                  ; Untyped                                                                           ;
+------------------------------------+----------------------------------+-----------------------------------------------------------------------------------+
Note: In order to hide this table in the UI and the text report file, please set the "Show Parameter Settings in Synthesis Report" option in "Analysis and Synthesis Settings -> More Settings" to "Off".


+----------------------------------------------------------------------------------------------------------------------------+
; Parameter Settings for User Entity Instance: ordered_priority_queue_monolithic_sv:dut_i|lane_fifo:g_storage[1].lane_fifo_i ;
+----------------+----------------------------------+------------------------------------------------------------------------+
; Parameter Name ; Value                            ; Type                                                                   ;
+----------------+----------------------------------+------------------------------------------------------------------------+
; DATA_WIDTH     ; 00000000000000000000000000101000 ; Unsigned Binary                                                        ;
; ADDR_WIDTH     ; 00000000000000000000000000001010 ; Unsigned Binary                                                        ;
+----------------+----------------------------------+------------------------------------------------------------------------+
Note: In order to hide this table in the UI and the text report file, please set the "Show Parameter Settings in Synthesis Report" option in "Analysis and Synthesis Settings -> More Settings" to "Off".


+-----------------------------------------------------------------------------------------------------------------------------------------------------+
; Parameter Settings for User Entity Instance: ordered_priority_queue_monolithic_sv:dut_i|lane_fifo:g_storage[1].lane_fifo_i|altsyncram:lane_fifo_ram ;
+------------------------------------+----------------------------------+-----------------------------------------------------------------------------+
; Parameter Name                     ; Value                            ; Type                                                                        ;
+------------------------------------+----------------------------------+-----------------------------------------------------------------------------+
; BYTE_SIZE_BLOCK                    ; 8                                ; Untyped                                                                     ;
; AUTO_CARRY_CHAINS                  ; ON                               ; AUTO_CARRY                                                                  ;
; IGNORE_CARRY_BUFFERS               ; OFF                              ; IGNORE_CARRY                                                                ;
; AUTO_CASCADE_CHAINS                ; ON                               ; AUTO_CASCADE                                                                ;
; IGNORE_CASCADE_BUFFERS             ; OFF                              ; IGNORE_CASCADE                                                              ;
; WIDTH_BYTEENA                      ; 1                                ; Untyped                                                                     ;
; OPERATION_MODE                     ; DUAL_PORT                        ; Untyped                                                                     ;
; WIDTH_A                            ; 00000000000000000000000000101000 ; Unsigned Binary                                                             ;
; WIDTHAD_A                          ; 00000000000000000000000000001010 ; Unsigned Binary                                                             ;
; NUMWORDS_A                         ; 1024                             ; Signed Integer                                                              ;
; OUTDATA_REG_A                      ; UNREGISTERED                     ; Untyped                                                                     ;
; ADDRESS_ACLR_A                     ; NONE                             ; Untyped                                                                     ;
; OUTDATA_ACLR_A                     ; NONE                             ; Untyped                                                                     ;
; WRCONTROL_ACLR_A                   ; NONE                             ; Untyped                                                                     ;
; INDATA_ACLR_A                      ; NONE                             ; Untyped                                                                     ;
; BYTEENA_ACLR_A                     ; NONE                             ; Untyped                                                                     ;
; WIDTH_B                            ; 00000000000000000000000000101000 ; Unsigned Binary                                                             ;
; WIDTHAD_B                          ; 00000000000000000000000000001010 ; Unsigned Binary                                                             ;
; NUMWORDS_B                         ; 1024                             ; Signed Integer                                                              ;
; INDATA_REG_B                       ; CLOCK0                           ; Untyped                                                                     ;
; WRCONTROL_WRADDRESS_REG_B          ; CLOCK1                           ; Untyped                                                                     ;
; RDCONTROL_REG_B                    ; CLOCK1                           ; Untyped                                                                     ;
; ADDRESS_REG_B                      ; CLOCK0                           ; Untyped                                                                     ;
; OUTDATA_REG_B                      ; UNREGISTERED                     ; Untyped                                                                     ;
; BYTEENA_REG_B                      ; CLOCK1                           ; Untyped                                                                     ;
; INDATA_ACLR_B                      ; NONE                             ; Untyped                                                                     ;
; WRCONTROL_ACLR_B                   ; NONE                             ; Untyped                                                                     ;
; ADDRESS_ACLR_B                     ; NONE                             ; Untyped                                                                     ;
; OUTDATA_ACLR_B                     ; NONE                             ; Untyped                                                                     ;
; RDCONTROL_ACLR_B                   ; NONE                             ; Untyped                                                                     ;
; BYTEENA_ACLR_B                     ; NONE                             ; Untyped                                                                     ;
; WIDTH_BYTEENA_A                    ; 1                                ; Signed Integer                                                              ;
; WIDTH_BYTEENA_B                    ; 1                                ; Untyped                                                                     ;
; RAM_BLOCK_TYPE                     ; M20K                             ; Untyped                                                                     ;
; BYTE_SIZE                          ; 8                                ; Untyped                                                                     ;
; READ_DURING_WRITE_MODE_MIXED_PORTS ; OLD_DATA                         ; Untyped                                                                     ;
; READ_DURING_WRITE_MODE_PORT_A      ; NEW_DATA_NO_NBE_READ             ; Untyped                                                                     ;
; READ_DURING_WRITE_MODE_PORT_B      ; NEW_DATA_NO_NBE_READ             ; Untyped                                                                     ;
; INIT_FILE                          ; UNUSED                           ; Untyped                                                                     ;
; INIT_FILE_LAYOUT                   ; PORT_A                           ; Untyped                                                                     ;
; MAXIMUM_DEPTH                      ; 0                                ; Untyped                                                                     ;
; CLOCK_ENABLE_INPUT_A               ; BYPASS                           ; Untyped                                                                     ;
; CLOCK_ENABLE_INPUT_B               ; BYPASS                           ; Untyped                                                                     ;
; CLOCK_ENABLE_OUTPUT_A              ; NORMAL                           ; Untyped                                                                     ;
; CLOCK_ENABLE_OUTPUT_B              ; BYPASS                           ; Untyped                                                                     ;
; CLOCK_ENABLE_CORE_A                ; USE_INPUT_CLKEN                  ; Untyped                                                                     ;
; CLOCK_ENABLE_CORE_B                ; USE_INPUT_CLKEN                  ; Untyped                                                                     ;
; ENABLE_ECC                         ; FALSE                            ; Untyped                                                                     ;
; ECC_PIPELINE_STAGE_ENABLED         ; FALSE                            ; Untyped                                                                     ;
; WIDTH_ECCSTATUS                    ; 3                                ; Untyped                                                                     ;
; DEVICE_FAMILY                      ; Arria 10                         ; Untyped                                                                     ;
; CBXI_PARAMETER                     ; altsyncram_g402                  ; Untyped                                                                     ;
+------------------------------------+----------------------------------+-----------------------------------------------------------------------------+
Note: In order to hide this table in the UI and the text report file, please set the "Show Parameter Settings in Synthesis Report" option in "Analysis and Synthesis Settings -> More Settings" to "Off".


+--------------------------------------------------------------------------------------------------------------------------------+
; Parameter Settings for User Entity Instance: ordered_priority_queue_monolithic_sv:dut_i|handle_fifo:g_storage[1].handle_fifo_i ;
+----------------+----------------------------------+----------------------------------------------------------------------------+
; Parameter Name ; Value                            ; Type                                                                       ;
+----------------+----------------------------------+----------------------------------------------------------------------------+
; DATA_WIDTH     ; 00000000000000000000000000100011 ; Unsigned Binary                                                            ;
; ADDR_WIDTH     ; 00000000000000000000000000000110 ; Unsigned Binary                                                            ;
+----------------+----------------------------------+----------------------------------------------------------------------------+
Note: In order to hide this table in the UI and the text report file, please set the "Show Parameter Settings in Synthesis Report" option in "Analysis and Synthesis Settings -> More Settings" to "Off".


+-----------------------------------------------------------------------------------------------------------------------------------------------------------+
; Parameter Settings for User Entity Instance: ordered_priority_queue_monolithic_sv:dut_i|handle_fifo:g_storage[1].handle_fifo_i|altsyncram:handle_fifo_ram ;
+------------------------------------+----------------------------------+-----------------------------------------------------------------------------------+
; Parameter Name                     ; Value                            ; Type                                                                              ;
+------------------------------------+----------------------------------+-----------------------------------------------------------------------------------+
; BYTE_SIZE_BLOCK                    ; 8                                ; Untyped                                                                           ;
; AUTO_CARRY_CHAINS                  ; ON                               ; AUTO_CARRY                                                                        ;
; IGNORE_CARRY_BUFFERS               ; OFF                              ; IGNORE_CARRY                                                                      ;
; AUTO_CASCADE_CHAINS                ; ON                               ; AUTO_CASCADE                                                                      ;
; IGNORE_CASCADE_BUFFERS             ; OFF                              ; IGNORE_CASCADE                                                                    ;
; WIDTH_BYTEENA                      ; 1                                ; Untyped                                                                           ;
; OPERATION_MODE                     ; DUAL_PORT                        ; Untyped                                                                           ;
; WIDTH_A                            ; 00000000000000000000000000100011 ; Unsigned Binary                                                                   ;
; WIDTHAD_A                          ; 00000000000000000000000000000110 ; Unsigned Binary                                                                   ;
; NUMWORDS_A                         ; 64                               ; Signed Integer                                                                    ;
; OUTDATA_REG_A                      ; UNREGISTERED                     ; Untyped                                                                           ;
; ADDRESS_ACLR_A                     ; NONE                             ; Untyped                                                                           ;
; OUTDATA_ACLR_A                     ; NONE                             ; Untyped                                                                           ;
; WRCONTROL_ACLR_A                   ; NONE                             ; Untyped                                                                           ;
; INDATA_ACLR_A                      ; NONE                             ; Untyped                                                                           ;
; BYTEENA_ACLR_A                     ; NONE                             ; Untyped                                                                           ;
; WIDTH_B                            ; 00000000000000000000000000100011 ; Unsigned Binary                                                                   ;
; WIDTHAD_B                          ; 00000000000000000000000000000110 ; Unsigned Binary                                                                   ;
; NUMWORDS_B                         ; 64                               ; Signed Integer                                                                    ;
; INDATA_REG_B                       ; CLOCK0                           ; Untyped                                                                           ;
; WRCONTROL_WRADDRESS_REG_B          ; CLOCK1                           ; Untyped                                                                           ;
; RDCONTROL_REG_B                    ; CLOCK1                           ; Untyped                                                                           ;
; ADDRESS_REG_B                      ; CLOCK0                           ; Untyped                                                                           ;
; OUTDATA_REG_B                      ; UNREGISTERED                     ; Untyped                                                                           ;
; BYTEENA_REG_B                      ; CLOCK1                           ; Untyped                                                                           ;
; INDATA_ACLR_B                      ; NONE                             ; Untyped                                                                           ;
; WRCONTROL_ACLR_B                   ; NONE                             ; Untyped                                                                           ;
; ADDRESS_ACLR_B                     ; NONE                             ; Untyped                                                                           ;
; OUTDATA_ACLR_B                     ; NONE                             ; Untyped                                                                           ;
; RDCONTROL_ACLR_B                   ; NONE                             ; Untyped                                                                           ;
; BYTEENA_ACLR_B                     ; NONE                             ; Untyped                                                                           ;
; WIDTH_BYTEENA_A                    ; 1                                ; Signed Integer                                                                    ;
; WIDTH_BYTEENA_B                    ; 1                                ; Untyped                                                                           ;
; RAM_BLOCK_TYPE                     ; M20K                             ; Untyped                                                                           ;
; BYTE_SIZE                          ; 8                                ; Untyped                                                                           ;
; READ_DURING_WRITE_MODE_MIXED_PORTS ; OLD_DATA                         ; Untyped                                                                           ;
; READ_DURING_WRITE_MODE_PORT_A      ; NEW_DATA_NO_NBE_READ             ; Untyped                                                                           ;
; READ_DURING_WRITE_MODE_PORT_B      ; NEW_DATA_NO_NBE_READ             ; Untyped                                                                           ;
; INIT_FILE                          ; UNUSED                           ; Untyped                                                                           ;
; INIT_FILE_LAYOUT                   ; PORT_A                           ; Untyped                                                                           ;
; MAXIMUM_DEPTH                      ; 0                                ; Untyped                                                                           ;
; CLOCK_ENABLE_INPUT_A               ; BYPASS                           ; Untyped                                                                           ;
; CLOCK_ENABLE_INPUT_B               ; BYPASS                           ; Untyped                                                                           ;
; CLOCK_ENABLE_OUTPUT_A              ; NORMAL                           ; Untyped                                                                           ;
; CLOCK_ENABLE_OUTPUT_B              ; BYPASS                           ; Untyped                                                                           ;
; CLOCK_ENABLE_CORE_A                ; USE_INPUT_CLKEN                  ; Untyped                                                                           ;
; CLOCK_ENABLE_CORE_B                ; USE_INPUT_CLKEN                  ; Untyped                                                                           ;
; ENABLE_ECC                         ; FALSE                            ; Untyped                                                                           ;
; ECC_PIPELINE_STAGE_ENABLED         ; FALSE                            ; Untyped                                                                           ;
; WIDTH_ECCSTATUS                    ; 3                                ; Untyped                                                                           ;
; DEVICE_FAMILY                      ; Arria 10                         ; Untyped                                                                           ;
; CBXI_PARAMETER                     ; altsyncram_8sv1                  ; Untyped                                                                           ;
+------------------------------------+----------------------------------+-----------------------------------------------------------------------------------+
Note: In order to hide this table in the UI and the text report file, please set the "Show Parameter Settings in Synthesis Report" option in "Analysis and Synthesis Settings -> More Settings" to "Off".


+-------------------------------------------------------------------------------------------------------------------------------------------------------------------------------+
; Parameter Settings for User Entity Instance: ordered_priority_queue_monolithic_sv:dut_i|ordered_priority_queue_monolithic_ingress_parser:g_ingress_parser[0].ingress_parser_i ;
+--------------------------+----------------------------------+-----------------------------------------------------------------------------------------------------------------+
; Parameter Name           ; Value                            ; Type                                                                                                            ;
+--------------------------+----------------------------------+-----------------------------------------------------------------------------------------------------------------+
; INGRESS_DATA_WIDTH       ; 00000000000000000000000000100000 ; Unsigned Binary                                                                                                 ;
; INGRESS_DATAK_WIDTH      ; 00000000000000000000000000000100 ; Unsigned Binary                                                                                                 ;
; LANE_FIFO_DEPTH          ; 00000000000000000000010000000000 ; Unsigned Binary                                                                                                 ;
; LANE_FIFO_WIDTH          ; 00000000000000000000000000101000 ; Unsigned Binary                                                                                                 ;
; TICKET_FIFO_DEPTH        ; 00000000000000000000001000000000 ; Unsigned Binary                                                                                                 ;
; N_HIT                    ; 00000000000000000000000011111111 ; Unsigned Binary                                                                                                 ;
; HIT_SIZE                 ; 00000000000000000000000000000001 ; Unsigned Binary                                                                                                 ;
; FRAME_SERIAL_SIZE        ; 00000000000000000000000000010000 ; Unsigned Binary                                                                                                 ;
; FRAME_SUBH_CNT_SIZE      ; 00000000000000000000000000010000 ; Unsigned Binary                                                                                                 ;
; FRAME_HIT_CNT_SIZE       ; 00000000000000000000000000010000 ; Unsigned Binary                                                                                                 ;
; MAX_PKT_LENGTH           ; 00000000000000000000000011111111 ; Unsigned Binary                                                                                                 ;
; MAX_PKT_LENGTH_BITS      ; 00000000000000000000000000001000 ; Unsigned Binary                                                                                                 ;
; TICKET_FIFO_DATA_WIDTH_A ; 00000000000000000000000001000100 ; Unsigned Binary                                                                                                 ;
; TICKET_FIFO_DATA_WIDTH_B ; 00000000000000000000000001111000 ; Unsigned Binary                                                                                                 ;
; TICKET_FIFO_DATA_WIDTH   ; 00000000000000000000000001111000 ; Unsigned Binary                                                                                                 ;
; TICKET_FIFO_ADDR_WIDTH   ; 00000000000000000000000000001001 ; Unsigned Binary                                                                                                 ;
; TICKET_FIFO_MAX_CREDIT   ; 00000000000000000000000111111111 ; Unsigned Binary                                                                                                 ;
; LANE_FIFO_ADDR_WIDTH     ; 00000000000000000000000000001010 ; Unsigned Binary                                                                                                 ;
; LANE_FIFO_MAX_CREDIT     ; 00000000000000000000001111111110 ; Unsigned Binary                                                                                                 ;
+--------------------------+----------------------------------+-----------------------------------------------------------------------------------------------------------------+
Note: In order to hide this table in the UI and the text report file, please set the "Show Parameter Settings in Synthesis Report" option in "Analysis and Synthesis Settings -> More Settings" to "Off".


+-------------------------------------------------------------------------------------------------------------------------------------------------------------------------------+
; Parameter Settings for User Entity Instance: ordered_priority_queue_monolithic_sv:dut_i|ordered_priority_queue_monolithic_ingress_parser:g_ingress_parser[1].ingress_parser_i ;
+--------------------------+----------------------------------+-----------------------------------------------------------------------------------------------------------------+
; Parameter Name           ; Value                            ; Type                                                                                                            ;
+--------------------------+----------------------------------+-----------------------------------------------------------------------------------------------------------------+
; INGRESS_DATA_WIDTH       ; 00000000000000000000000000100000 ; Unsigned Binary                                                                                                 ;
; INGRESS_DATAK_WIDTH      ; 00000000000000000000000000000100 ; Unsigned Binary                                                                                                 ;
; LANE_FIFO_DEPTH          ; 00000000000000000000010000000000 ; Unsigned Binary                                                                                                 ;
; LANE_FIFO_WIDTH          ; 00000000000000000000000000101000 ; Unsigned Binary                                                                                                 ;
; TICKET_FIFO_DEPTH        ; 00000000000000000000001000000000 ; Unsigned Binary                                                                                                 ;
; N_HIT                    ; 00000000000000000000000011111111 ; Unsigned Binary                                                                                                 ;
; HIT_SIZE                 ; 00000000000000000000000000000001 ; Unsigned Binary                                                                                                 ;
; FRAME_SERIAL_SIZE        ; 00000000000000000000000000010000 ; Unsigned Binary                                                                                                 ;
; FRAME_SUBH_CNT_SIZE      ; 00000000000000000000000000010000 ; Unsigned Binary                                                                                                 ;
; FRAME_HIT_CNT_SIZE       ; 00000000000000000000000000010000 ; Unsigned Binary                                                                                                 ;
; MAX_PKT_LENGTH           ; 00000000000000000000000011111111 ; Unsigned Binary                                                                                                 ;
; MAX_PKT_LENGTH_BITS      ; 00000000000000000000000000001000 ; Unsigned Binary                                                                                                 ;
; TICKET_FIFO_DATA_WIDTH_A ; 00000000000000000000000001000100 ; Unsigned Binary                                                                                                 ;
; TICKET_FIFO_DATA_WIDTH_B ; 00000000000000000000000001111000 ; Unsigned Binary                                                                                                 ;
; TICKET_FIFO_DATA_WIDTH   ; 00000000000000000000000001111000 ; Unsigned Binary                                                                                                 ;
; TICKET_FIFO_ADDR_WIDTH   ; 00000000000000000000000000001001 ; Unsigned Binary                                                                                                 ;
; TICKET_FIFO_MAX_CREDIT   ; 00000000000000000000000111111111 ; Unsigned Binary                                                                                                 ;
; LANE_FIFO_ADDR_WIDTH     ; 00000000000000000000000000001010 ; Unsigned Binary                                                                                                 ;
; LANE_FIFO_MAX_CREDIT     ; 00000000000000000000001111111110 ; Unsigned Binary                                                                                                 ;
+--------------------------+----------------------------------+-----------------------------------------------------------------------------------------------------------------+
Note: In order to hide this table in the UI and the text report file, please set the "Show Parameter Settings in Synthesis Report" option in "Analysis and Synthesis Settings -> More Settings" to "Off".


+-----------------------------------------------------------------------------------------------------------------------------------------------------------+
; Parameter Settings for User Entity Instance: ordered_priority_queue_monolithic_sv:dut_i|ordered_priority_queue_monolithic_page_allocator:page_allocator_i ;
+--------------------------+----------------------------------+---------------------------------------------------------------------------------------------+
; Parameter Name           ; Value                            ; Type                                                                                        ;
+--------------------------+----------------------------------+---------------------------------------------------------------------------------------------+
; N_LANE                   ; 00000000000000000000000000000010 ; Unsigned Binary                                                                             ;
; CHANNEL_WIDTH            ; 00000000000000000000000000000010 ; Unsigned Binary                                                                             ;
; LANE_FIFO_DEPTH          ; 00000000000000000000010000000000 ; Unsigned Binary                                                                             ;
; TICKET_FIFO_DEPTH        ; 00000000000000000000001000000000 ; Unsigned Binary                                                                             ;
; HANDLE_FIFO_DEPTH        ; 00000000000000000000000001000000 ; Unsigned Binary                                                                             ;
; PAGE_RAM_DEPTH           ; 00000000000000010000000000000000 ; Unsigned Binary                                                                             ;
; N_SHD                    ; 00000000000000000000000100000000 ; Unsigned Binary                                                                             ;
; N_HIT                    ; 00000000000000000000000011111111 ; Unsigned Binary                                                                             ;
; HDR_SIZE                 ; 00000000000000000000000000000101 ; Unsigned Binary                                                                             ;
; SHD_SIZE                 ; 00000000000000000000000000000001 ; Unsigned Binary                                                                             ;
; HIT_SIZE                 ; 00000000000000000000000000000001 ; Unsigned Binary                                                                             ;
; TRL_SIZE                 ; 00000000000000000000000000000001 ; Unsigned Binary                                                                             ;
; FRAME_SERIAL_SIZE        ; 00000000000000000000000000010000 ; Unsigned Binary                                                                             ;
; FRAME_SUBH_CNT_SIZE      ; 00000000000000000000000000010000 ; Unsigned Binary                                                                             ;
; FRAME_HIT_CNT_SIZE       ; 00000000000000000000000000010000 ; Unsigned Binary                                                                             ;
; MAX_PKT_LENGTH           ; 00000000000000000000000011111111 ; Unsigned Binary                                                                             ;
; MAX_PKT_LENGTH_BITS      ; 00000000000000000000000000001000 ; Unsigned Binary                                                                             ;
; TICKET_FIFO_DATA_WIDTH_A ; 00000000000000000000000001000100 ; Unsigned Binary                                                                             ;
; TICKET_FIFO_DATA_WIDTH_B ; 00000000000000000000000001111000 ; Unsigned Binary                                                                             ;
; TICKET_FIFO_DATA_WIDTH   ; 00000000000000000000000001111000 ; Unsigned Binary                                                                             ;
; TICKET_FIFO_ADDR_WIDTH   ; 00000000000000000000000000001001 ; Unsigned Binary                                                                             ;
; TICKET_FIFO_MAX_CREDIT   ; 00000000000000000000000111111111 ; Unsigned Binary                                                                             ;
; LANE_FIFO_ADDR_WIDTH     ; 00000000000000000000000000001010 ; Unsigned Binary                                                                             ;
; PAGE_RAM_DATA_WIDTH      ; 00000000000000000000000000101000 ; Unsigned Binary                                                                             ;
; PAGE_RAM_ADDR_WIDTH      ; 00000000000000000000000000010000 ; Unsigned Binary                                                                             ;
; HANDLE_FIFO_ADDR_WIDTH   ; 00000000000000000000000000000110 ; Unsigned Binary                                                                             ;
; HANDLE_LENGTH            ; 00000000000000000000000000100010 ; Unsigned Binary                                                                             ;
; FIFO_RAW_DELAY           ; 00000000000000000000000000000010 ; Unsigned Binary                                                                             ;
; FRAME_DURATION_CYCLES    ; 00000000000000000001000000000000 ; Unsigned Binary                                                                             ;
; FRAME_JOIN_WAIT_CYCLES   ; 00000000000000000000000001000000 ; Unsigned Binary                                                                             ;
; MAX_SHR_CNT_BITS         ; 00000000000000000000000000001010 ; Unsigned Binary                                                                             ;
; MAX_HIT_CNT_BITS         ; 00000000000000000000000000010000 ; Unsigned Binary                                                                             ;
; ALLOC_PAGE_FLOW_WIDTH    ; 00000000000000000000000000000001 ; Unsigned Binary                                                                             ;
; WRITE_META_FLOW_WIDTH    ; 00000000000000000000000000000011 ; Unsigned Binary                                                                             ;
; PAGE_LENGTH_WIDTH        ; 00000000000000000000000000001010 ; Unsigned Binary                                                                             ;
+--------------------------+----------------------------------+---------------------------------------------------------------------------------------------+
Note: In order to hide this table in the UI and the text report file, please set the "Show Parameter Settings in Synthesis Report" option in "Analysis and Synthesis Settings -> More Settings" to "Off".


+---------------------------------------------------------------------------------------------------------------------------------------------------+
; Parameter Settings for User Entity Instance: ordered_priority_queue_monolithic_sv:dut_i|ordered_priority_queue_monolithic_block_path:block_path_i ;
+------------------------+----------------------------------+---------------------------------------------------------------------------------------+
; Parameter Name         ; Value                            ; Type                                                                                  ;
+------------------------+----------------------------------+---------------------------------------------------------------------------------------+
; N_LANE                 ; 00000000000000000000000000000010 ; Unsigned Binary                                                                       ;
; CHANNEL_WIDTH          ; 00000000000000000000000000000010 ; Unsigned Binary                                                                       ;
; LANE_FIFO_DEPTH        ; 00000000000000000000010000000000 ; Unsigned Binary                                                                       ;
; LANE_FIFO_WIDTH        ; 00000000000000000000000000101000 ; Unsigned Binary                                                                       ;
; HANDLE_FIFO_DEPTH      ; 00000000000000000000000001000000 ; Unsigned Binary                                                                       ;
; PAGE_RAM_DEPTH         ; 00000000000000010000000000000000 ; Unsigned Binary                                                                       ;
; N_HIT                  ; 00000000000000000000000011111111 ; Unsigned Binary                                                                       ;
; HIT_SIZE               ; 00000000000000000000000000000001 ; Unsigned Binary                                                                       ;
; MAX_PKT_LENGTH         ; 00000000000000000000000011111111 ; Unsigned Binary                                                                       ;
; MAX_PKT_LENGTH_BITS    ; 00000000000000000000000000001000 ; Unsigned Binary                                                                       ;
; FIFO_RAW_DELAY         ; 00000000000000000000000000000010 ; Unsigned Binary                                                                       ;
; FIFO_RD_DELAY          ; 00000000000000000000000000000001 ; Unsigned Binary                                                                       ;
; PAGE_RAM_DATA_WIDTH    ; 00000000000000000000000000101000 ; Unsigned Binary                                                                       ;
; LANE_FIFO_ADDR_WIDTH   ; 00000000000000000000000000001010 ; Unsigned Binary                                                                       ;
; PAGE_RAM_ADDR_WIDTH    ; 00000000000000000000000000010000 ; Unsigned Binary                                                                       ;
; HANDLE_FIFO_ADDR_WIDTH ; 00000000000000000000000000000110 ; Unsigned Binary                                                                       ;
; HANDLE_LENGTH          ; 00000000000000000000000000100010 ; Unsigned Binary                                                                       ;
+------------------------+----------------------------------+---------------------------------------------------------------------------------------+
Note: In order to hide this table in the UI and the text report file, please set the "Show Parameter Settings in Synthesis Report" option in "Analysis and Synthesis Settings -> More Settings" to "Off".


+-------------------------------------------------------------------------------------------------------------+
; Parameter Settings for User Entity Instance: ordered_priority_queue_monolithic_sv:dut_i|page_ram:page_ram_i ;
+----------------+----------------------------------+---------------------------------------------------------+
; Parameter Name ; Value                            ; Type                                                    ;
+----------------+----------------------------------+---------------------------------------------------------+
; DATA_WIDTH     ; 00000000000000000000000000101000 ; Unsigned Binary                                         ;
; ADDR_WIDTH     ; 00000000000000000000000000010000 ; Unsigned Binary                                         ;
+----------------+----------------------------------+---------------------------------------------------------+
Note: In order to hide this table in the UI and the text report file, please set the "Show Parameter Settings in Synthesis Report" option in "Analysis and Synthesis Settings -> More Settings" to "Off".


+-----------------------------------------------------------------------------------------------------------------------------------+
; Parameter Settings for User Entity Instance: ordered_priority_queue_monolithic_sv:dut_i|page_ram:page_ram_i|altsyncram:page_ram_i ;
+------------------------------------+----------------------------------+-----------------------------------------------------------+
; Parameter Name                     ; Value                            ; Type                                                      ;
+------------------------------------+----------------------------------+-----------------------------------------------------------+
; BYTE_SIZE_BLOCK                    ; 8                                ; Untyped                                                   ;
; AUTO_CARRY_CHAINS                  ; ON                               ; AUTO_CARRY                                                ;
; IGNORE_CARRY_BUFFERS               ; OFF                              ; IGNORE_CARRY                                              ;
; AUTO_CASCADE_CHAINS                ; ON                               ; AUTO_CASCADE                                              ;
; IGNORE_CASCADE_BUFFERS             ; OFF                              ; IGNORE_CASCADE                                            ;
; WIDTH_BYTEENA                      ; 1                                ; Untyped                                                   ;
; OPERATION_MODE                     ; DUAL_PORT                        ; Untyped                                                   ;
; WIDTH_A                            ; 00000000000000000000000000101000 ; Unsigned Binary                                           ;
; WIDTHAD_A                          ; 00000000000000000000000000010000 ; Unsigned Binary                                           ;
; NUMWORDS_A                         ; 65536                            ; Signed Integer                                            ;
; OUTDATA_REG_A                      ; UNREGISTERED                     ; Untyped                                                   ;
; ADDRESS_ACLR_A                     ; NONE                             ; Untyped                                                   ;
; OUTDATA_ACLR_A                     ; NONE                             ; Untyped                                                   ;
; WRCONTROL_ACLR_A                   ; NONE                             ; Untyped                                                   ;
; INDATA_ACLR_A                      ; NONE                             ; Untyped                                                   ;
; BYTEENA_ACLR_A                     ; NONE                             ; Untyped                                                   ;
; WIDTH_B                            ; 00000000000000000000000000101000 ; Unsigned Binary                                           ;
; WIDTHAD_B                          ; 00000000000000000000000000010000 ; Unsigned Binary                                           ;
; NUMWORDS_B                         ; 65536                            ; Signed Integer                                            ;
; INDATA_REG_B                       ; CLOCK0                           ; Untyped                                                   ;
; WRCONTROL_WRADDRESS_REG_B          ; CLOCK1                           ; Untyped                                                   ;
; RDCONTROL_REG_B                    ; CLOCK1                           ; Untyped                                                   ;
; ADDRESS_REG_B                      ; CLOCK0                           ; Untyped                                                   ;
; OUTDATA_REG_B                      ; UNREGISTERED                     ; Untyped                                                   ;
; BYTEENA_REG_B                      ; CLOCK1                           ; Untyped                                                   ;
; INDATA_ACLR_B                      ; NONE                             ; Untyped                                                   ;
; WRCONTROL_ACLR_B                   ; NONE                             ; Untyped                                                   ;
; ADDRESS_ACLR_B                     ; NONE                             ; Untyped                                                   ;
; OUTDATA_ACLR_B                     ; NONE                             ; Untyped                                                   ;
; RDCONTROL_ACLR_B                   ; NONE                             ; Untyped                                                   ;
; BYTEENA_ACLR_B                     ; NONE                             ; Untyped                                                   ;
; WIDTH_BYTEENA_A                    ; 1                                ; Signed Integer                                            ;
; WIDTH_BYTEENA_B                    ; 1                                ; Untyped                                                   ;
; RAM_BLOCK_TYPE                     ; M20K                             ; Untyped                                                   ;
; BYTE_SIZE                          ; 8                                ; Untyped                                                   ;
; READ_DURING_WRITE_MODE_MIXED_PORTS ; OLD_DATA                         ; Untyped                                                   ;
; READ_DURING_WRITE_MODE_PORT_A      ; NEW_DATA_NO_NBE_READ             ; Untyped                                                   ;
; READ_DURING_WRITE_MODE_PORT_B      ; NEW_DATA_NO_NBE_READ             ; Untyped                                                   ;
; INIT_FILE                          ; UNUSED                           ; Untyped                                                   ;
; INIT_FILE_LAYOUT                   ; PORT_A                           ; Untyped                                                   ;
; MAXIMUM_DEPTH                      ; 0                                ; Untyped                                                   ;
; CLOCK_ENABLE_INPUT_A               ; BYPASS                           ; Untyped                                                   ;
; CLOCK_ENABLE_INPUT_B               ; BYPASS                           ; Untyped                                                   ;
; CLOCK_ENABLE_OUTPUT_A              ; NORMAL                           ; Untyped                                                   ;
; CLOCK_ENABLE_OUTPUT_B              ; BYPASS                           ; Untyped                                                   ;
; CLOCK_ENABLE_CORE_A                ; USE_INPUT_CLKEN                  ; Untyped                                                   ;
; CLOCK_ENABLE_CORE_B                ; USE_INPUT_CLKEN                  ; Untyped                                                   ;
; ENABLE_ECC                         ; FALSE                            ; Untyped                                                   ;
; ECC_PIPELINE_STAGE_ENABLED         ; FALSE                            ; Untyped                                                   ;
; WIDTH_ECCSTATUS                    ; 3                                ; Untyped                                                   ;
; DEVICE_FAMILY                      ; Arria 10                         ; Untyped                                                   ;
; CBXI_PARAMETER                     ; altsyncram_0902                  ; Untyped                                                   ;
+------------------------------------+----------------------------------+-----------------------------------------------------------+
Note: In order to hide this table in the UI and the text report file, please set the "Show Parameter Settings in Synthesis Report" option in "Analysis and Synthesis Settings -> More Settings" to "Off".


+-------------------------------------------------------------------------------------------------------------------------------------------------------+
; Parameter Settings for User Entity Instance: ordered_priority_queue_monolithic_sv:dut_i|ordered_priority_queue_monolithic_basic_presenter:presenter_i ;
+---------------------+----------------------------------+----------------------------------------------------------------------------------------------+
; Parameter Name      ; Value                            ; Type                                                                                         ;
+---------------------+----------------------------------+----------------------------------------------------------------------------------------------+
; N_LANE              ; 00000000000000000000000000000010 ; Unsigned Binary                                                                              ;
; PAGE_RAM_DEPTH      ; 00000000000000010000000000000000 ; Unsigned Binary                                                                              ;
; PAGE_RAM_RD_WIDTH   ; 00000000000000000000000000100100 ; Unsigned Binary                                                                              ;
; PAGE_RAM_DATA_WIDTH ; 00000000000000000000000000101000 ; Unsigned Binary                                                                              ;
; PAGE_RAM_ADDR_WIDTH ; 00000000000000000000000000010000 ; Unsigned Binary                                                                              ;
; N_SHD               ; 00000000000000000000000100000000 ; Unsigned Binary                                                                              ;
; N_HIT               ; 00000000000000000000000011111111 ; Unsigned Binary                                                                              ;
; HDR_SIZE            ; 00000000000000000000000000000101 ; Unsigned Binary                                                                              ;
; SHD_SIZE            ; 00000000000000000000000000000001 ; Unsigned Binary                                                                              ;
; HIT_SIZE            ; 00000000000000000000000000000001 ; Unsigned Binary                                                                              ;
; TRL_SIZE            ; 00000000000000000000000000000001 ; Unsigned Binary                                                                              ;
; MAX_SHR_CNT_BITS    ; 00000000000000000000000000001010 ; Unsigned Binary                                                                              ;
; MAX_HIT_CNT_BITS    ; 00000000000000000000000000010000 ; Unsigned Binary                                                                              ;
; META_ADDR_WIDTH     ; 00000000000000000000000000001001 ; Unsigned Binary                                                                              ;
; EGRESS_DELAY        ; 00000000000000000000000000000011 ; Unsigned Binary                                                                              ;
+---------------------+----------------------------------+----------------------------------------------------------------------------------------------+
Note: In order to hide this table in the UI and the text report file, please set the "Show Parameter Settings in Synthesis Report" option in "Analysis and Synthesis Settings -> More Settings" to "Off".


+-------------------------------------------------------------------------------------------------------------------------------------------------------------------------------------------------------------------------+
; Parameter Settings for User Entity Instance: ordered_priority_queue_monolithic_sv:dut_i|ordered_priority_queue_monolithic_basic_presenter:presenter_i|ordered_priority_queue_monolithic_basic_presenter_native:native_i ;
+---------------------+----------------------------------+----------------------------------------------------------------------------------------------------------------------------------------------------------------+
; Parameter Name      ; Value                            ; Type                                                                                                                                                           ;
+---------------------+----------------------------------+----------------------------------------------------------------------------------------------------------------------------------------------------------------+
; N_LANE              ; 00000000000000000000000000000010 ; Unsigned Binary                                                                                                                                                ;
; PAGE_RAM_DEPTH      ; 00000000000000010000000000000000 ; Unsigned Binary                                                                                                                                                ;
; PAGE_RAM_RD_WIDTH   ; 00000000000000000000000000100100 ; Unsigned Binary                                                                                                                                                ;
; PAGE_RAM_DATA_WIDTH ; 00000000000000000000000000101000 ; Unsigned Binary                                                                                                                                                ;
; PAGE_RAM_ADDR_WIDTH ; 00000000000000000000000000010000 ; Unsigned Binary                                                                                                                                                ;
; N_SHD               ; 00000000000000000000000100000000 ; Unsigned Binary                                                                                                                                                ;
; N_HIT               ; 00000000000000000000000011111111 ; Unsigned Binary                                                                                                                                                ;
; HDR_SIZE            ; 00000000000000000000000000000101 ; Unsigned Binary                                                                                                                                                ;
; SHD_SIZE            ; 00000000000000000000000000000001 ; Unsigned Binary                                                                                                                                                ;
; HIT_SIZE            ; 00000000000000000000000000000001 ; Unsigned Binary                                                                                                                                                ;
; TRL_SIZE            ; 00000000000000000000000000000001 ; Unsigned Binary                                                                                                                                                ;
; MAX_SHR_CNT_BITS    ; 00000000000000000000000000001010 ; Unsigned Binary                                                                                                                                                ;
; MAX_HIT_CNT_BITS    ; 00000000000000000000000000010000 ; Unsigned Binary                                                                                                                                                ;
; META_ADDR_WIDTH     ; 00000000000000000000000000001001 ; Unsigned Binary                                                                                                                                                ;
; EGRESS_DELAY        ; 00000000000000000000000000000011 ; Unsigned Binary                                                                                                                                                ;
+---------------------+----------------------------------+----------------------------------------------------------------------------------------------------------------------------------------------------------------+
Note: In order to hide this table in the UI and the text report file, please set the "Show Parameter Settings in Synthesis Report" option in "Analysis and Synthesis Settings -> More Settings" to "Off".


+----------------------------------------------------------------------------------------------------------------------------------------------------------------------------------------------------------------------------------------------+
; Parameter Settings for User Entity Instance: ordered_priority_queue_monolithic_sv:dut_i|ordered_priority_queue_monolithic_basic_presenter:presenter_i|ordered_priority_queue_monolithic_basic_presenter_native:native_i|tile_fifo:meta_ram_i ;
+----------------+----------------------------------+------------------------------------------------------------------------------------------------------------------------------------------------------------------------------------------+
; Parameter Name ; Value                            ; Type                                                                                                                                                                                     ;
+----------------+----------------------------------+------------------------------------------------------------------------------------------------------------------------------------------------------------------------------------------+
; DATA_WIDTH     ; 00000000000000000000000000111010 ; Unsigned Binary                                                                                                                                                                          ;
; ADDR_WIDTH     ; 00000000000000000000000000001001 ; Unsigned Binary                                                                                                                                                                          ;
+----------------+----------------------------------+------------------------------------------------------------------------------------------------------------------------------------------------------------------------------------------+
Note: In order to hide this table in the UI and the text report file, please set the "Show Parameter Settings in Synthesis Report" option in "Analysis and Synthesis Settings -> More Settings" to "Off".


+-----------------------------------------------------------------------------------------------------------------------------------------------------------------------------------------------------------------------------------------------------------------------+
; Parameter Settings for Inferred Entity Instance: ordered_priority_queue_monolithic_sv:dut_i|ordered_priority_queue_monolithic_basic_presenter:presenter_i|ordered_priority_queue_monolithic_basic_presenter_native:native_i|tile_fifo:meta_ram_i|altsyncram:ram_rtl_0 ;
+------------------------------------+----------------------+-----------------------------------------------------------------------------------------------------------------------------------------------------------------------------------------------------------+
; Parameter Name                     ; Value                ; Type                                                                                                                                                                                                      ;
+------------------------------------+----------------------+-----------------------------------------------------------------------------------------------------------------------------------------------------------------------------------------------------------+
; BYTE_SIZE_BLOCK                    ; 8                    ; Untyped                                                                                                                                                                                                   ;
; AUTO_CARRY_CHAINS                  ; ON                   ; AUTO_CARRY                                                                                                                                                                                                ;
; IGNORE_CARRY_BUFFERS               ; OFF                  ; IGNORE_CARRY                                                                                                                                                                                              ;
; AUTO_CASCADE_CHAINS                ; ON                   ; AUTO_CASCADE                                                                                                                                                                                              ;
; IGNORE_CASCADE_BUFFERS             ; OFF                  ; IGNORE_CASCADE                                                                                                                                                                                            ;
; WIDTH_BYTEENA                      ; 1                    ; Untyped                                                                                                                                                                                                   ;
; OPERATION_MODE                     ; DUAL_PORT            ; Untyped                                                                                                                                                                                                   ;
; WIDTH_A                            ; 32                   ; Untyped                                                                                                                                                                                                   ;
; WIDTHAD_A                          ; 9                    ; Untyped                                                                                                                                                                                                   ;
; NUMWORDS_A                         ; 512                  ; Untyped                                                                                                                                                                                                   ;
; OUTDATA_REG_A                      ; UNREGISTERED         ; Untyped                                                                                                                                                                                                   ;
; ADDRESS_ACLR_A                     ; NONE                 ; Untyped                                                                                                                                                                                                   ;
; OUTDATA_ACLR_A                     ; NONE                 ; Untyped                                                                                                                                                                                                   ;
; WRCONTROL_ACLR_A                   ; NONE                 ; Untyped                                                                                                                                                                                                   ;
; INDATA_ACLR_A                      ; NONE                 ; Untyped                                                                                                                                                                                                   ;
; BYTEENA_ACLR_A                     ; NONE                 ; Untyped                                                                                                                                                                                                   ;
; WIDTH_B                            ; 32                   ; Untyped                                                                                                                                                                                                   ;
; WIDTHAD_B                          ; 9                    ; Untyped                                                                                                                                                                                                   ;
; NUMWORDS_B                         ; 512                  ; Untyped                                                                                                                                                                                                   ;
; INDATA_REG_B                       ; CLOCK1               ; Untyped                                                                                                                                                                                                   ;
; WRCONTROL_WRADDRESS_REG_B          ; CLOCK1               ; Untyped                                                                                                                                                                                                   ;
; RDCONTROL_REG_B                    ; CLOCK1               ; Untyped                                                                                                                                                                                                   ;
; ADDRESS_REG_B                      ; CLOCK0               ; Untyped                                                                                                                                                                                                   ;
; OUTDATA_REG_B                      ; UNREGISTERED         ; Untyped                                                                                                                                                                                                   ;
; BYTEENA_REG_B                      ; CLOCK1               ; Untyped                                                                                                                                                                                                   ;
; INDATA_ACLR_B                      ; NONE                 ; Untyped                                                                                                                                                                                                   ;
; WRCONTROL_ACLR_B                   ; NONE                 ; Untyped                                                                                                                                                                                                   ;
; ADDRESS_ACLR_B                     ; NONE                 ; Untyped                                                                                                                                                                                                   ;
; OUTDATA_ACLR_B                     ; NONE                 ; Untyped                                                                                                                                                                                                   ;
; RDCONTROL_ACLR_B                   ; NONE                 ; Untyped                                                                                                                                                                                                   ;
; BYTEENA_ACLR_B                     ; NONE                 ; Untyped                                                                                                                                                                                                   ;
; WIDTH_BYTEENA_A                    ; 1                    ; Untyped                                                                                                                                                                                                   ;
; WIDTH_BYTEENA_B                    ; 1                    ; Untyped                                                                                                                                                                                                   ;
; RAM_BLOCK_TYPE                     ; M20K                 ; Untyped                                                                                                                                                                                                   ;
; BYTE_SIZE                          ; 8                    ; Untyped                                                                                                                                                                                                   ;
; READ_DURING_WRITE_MODE_MIXED_PORTS ; OLD_DATA             ; Untyped                                                                                                                                                                                                   ;
; READ_DURING_WRITE_MODE_PORT_A      ; NEW_DATA_NO_NBE_READ ; Untyped                                                                                                                                                                                                   ;
; READ_DURING_WRITE_MODE_PORT_B      ; NEW_DATA_NO_NBE_READ ; Untyped                                                                                                                                                                                                   ;
; INIT_FILE                          ; UNUSED               ; Untyped                                                                                                                                                                                                   ;
; INIT_FILE_LAYOUT                   ; PORT_A               ; Untyped                                                                                                                                                                                                   ;
; MAXIMUM_DEPTH                      ; 0                    ; Untyped                                                                                                                                                                                                   ;
; CLOCK_ENABLE_INPUT_A               ; NORMAL               ; Untyped                                                                                                                                                                                                   ;
; CLOCK_ENABLE_INPUT_B               ; NORMAL               ; Untyped                                                                                                                                                                                                   ;
; CLOCK_ENABLE_OUTPUT_A              ; NORMAL               ; Untyped                                                                                                                                                                                                   ;
; CLOCK_ENABLE_OUTPUT_B              ; NORMAL               ; Untyped                                                                                                                                                                                                   ;
; CLOCK_ENABLE_CORE_A                ; USE_INPUT_CLKEN      ; Untyped                                                                                                                                                                                                   ;
; CLOCK_ENABLE_CORE_B                ; USE_INPUT_CLKEN      ; Untyped                                                                                                                                                                                                   ;
; ENABLE_ECC                         ; FALSE                ; Untyped                                                                                                                                                                                                   ;
; ECC_PIPELINE_STAGE_ENABLED         ; FALSE                ; Untyped                                                                                                                                                                                                   ;
; WIDTH_ECCSTATUS                    ; 3                    ; Untyped                                                                                                                                                                                                   ;
; DEVICE_FAMILY                      ; Arria 10             ; Untyped                                                                                                                                                                                                   ;
; CBXI_PARAMETER                     ; altsyncram_vro1      ; Untyped                                                                                                                                                                                                   ;
+------------------------------------+----------------------+-----------------------------------------------------------------------------------------------------------------------------------------------------------------------------------------------------------+
Note: In order to hide this table in the UI and the text report file, please set the "Show Parameter Settings in Synthesis Report" option in "Analysis and Synthesis Settings -> More Settings" to "Off".


+------------------------------------------------------------------------------------------------------------------------------------------------------------------------------------------------------------------------------------------------------------------+
; altsyncram Parameter Settings by Entity Instance                                                                                                                                                                                                                 ;
+-------------------------------------------+----------------------------------------------------------------------------------------------------------------------------------------------------------------------------------------------------------------------+
; Name                                      ; Value                                                                                                                                                                                                                ;
+-------------------------------------------+----------------------------------------------------------------------------------------------------------------------------------------------------------------------------------------------------------------------+
; Number of entity instances                ; 8                                                                                                                                                                                                                    ;
; Entity Instance                           ; ordered_priority_queue_monolithic_sv:dut_i|ticket_fifo:g_storage[0].ticket_fifo_i|altsyncram:ticket_fifo_ram                                                                                                         ;
;     -- OPERATION_MODE                     ; DUAL_PORT                                                                                                                                                                                                            ;
;     -- WIDTH_A                            ; 00000000000000000000000001111000                                                                                                                                                                                     ;
;     -- NUMWORDS_A                         ; 512                                                                                                                                                                                                                  ;
;     -- OUTDATA_REG_A                      ; UNREGISTERED                                                                                                                                                                                                         ;
;     -- WIDTH_B                            ; 00000000000000000000000001111000                                                                                                                                                                                     ;
;     -- NUMWORDS_B                         ; 512                                                                                                                                                                                                                  ;
;     -- ADDRESS_REG_B                      ; CLOCK0                                                                                                                                                                                                               ;
;     -- OUTDATA_REG_B                      ; UNREGISTERED                                                                                                                                                                                                         ;
;     -- RAM_BLOCK_TYPE                     ; M20K                                                                                                                                                                                                                 ;
;     -- READ_DURING_WRITE_MODE_MIXED_PORTS ; OLD_DATA                                                                                                                                                                                                             ;
; Entity Instance                           ; ordered_priority_queue_monolithic_sv:dut_i|lane_fifo:g_storage[0].lane_fifo_i|altsyncram:lane_fifo_ram                                                                                                               ;
;     -- OPERATION_MODE                     ; DUAL_PORT                                                                                                                                                                                                            ;
;     -- WIDTH_A                            ; 00000000000000000000000000101000                                                                                                                                                                                     ;
;     -- NUMWORDS_A                         ; 1024                                                                                                                                                                                                                 ;
;     -- OUTDATA_REG_A                      ; UNREGISTERED                                                                                                                                                                                                         ;
;     -- WIDTH_B                            ; 00000000000000000000000000101000                                                                                                                                                                                     ;
;     -- NUMWORDS_B                         ; 1024                                                                                                                                                                                                                 ;
;     -- ADDRESS_REG_B                      ; CLOCK0                                                                                                                                                                                                               ;
;     -- OUTDATA_REG_B                      ; UNREGISTERED                                                                                                                                                                                                         ;
;     -- RAM_BLOCK_TYPE                     ; M20K                                                                                                                                                                                                                 ;
;     -- READ_DURING_WRITE_MODE_MIXED_PORTS ; OLD_DATA                                                                                                                                                                                                             ;
; Entity Instance                           ; ordered_priority_queue_monolithic_sv:dut_i|handle_fifo:g_storage[0].handle_fifo_i|altsyncram:handle_fifo_ram                                                                                                         ;
;     -- OPERATION_MODE                     ; DUAL_PORT                                                                                                                                                                                                            ;
;     -- WIDTH_A                            ; 00000000000000000000000000100011                                                                                                                                                                                     ;
;     -- NUMWORDS_A                         ; 64                                                                                                                                                                                                                   ;
;     -- OUTDATA_REG_A                      ; UNREGISTERED                                                                                                                                                                                                         ;
;     -- WIDTH_B                            ; 00000000000000000000000000100011                                                                                                                                                                                     ;
;     -- NUMWORDS_B                         ; 64                                                                                                                                                                                                                   ;
;     -- ADDRESS_REG_B                      ; CLOCK0                                                                                                                                                                                                               ;
;     -- OUTDATA_REG_B                      ; UNREGISTERED                                                                                                                                                                                                         ;
;     -- RAM_BLOCK_TYPE                     ; M20K                                                                                                                                                                                                                 ;
;     -- READ_DURING_WRITE_MODE_MIXED_PORTS ; OLD_DATA                                                                                                                                                                                                             ;
; Entity Instance                           ; ordered_priority_queue_monolithic_sv:dut_i|ticket_fifo:g_storage[1].ticket_fifo_i|altsyncram:ticket_fifo_ram                                                                                                         ;
;     -- OPERATION_MODE                     ; DUAL_PORT                                                                                                                                                                                                            ;
;     -- WIDTH_A                            ; 00000000000000000000000001111000                                                                                                                                                                                     ;
;     -- NUMWORDS_A                         ; 512                                                                                                                                                                                                                  ;
;     -- OUTDATA_REG_A                      ; UNREGISTERED                                                                                                                                                                                                         ;
;     -- WIDTH_B                            ; 00000000000000000000000001111000                                                                                                                                                                                     ;
;     -- NUMWORDS_B                         ; 512                                                                                                                                                                                                                  ;
;     -- ADDRESS_REG_B                      ; CLOCK0                                                                                                                                                                                                               ;
;     -- OUTDATA_REG_B                      ; UNREGISTERED                                                                                                                                                                                                         ;
;     -- RAM_BLOCK_TYPE                     ; M20K                                                                                                                                                                                                                 ;
;     -- READ_DURING_WRITE_MODE_MIXED_PORTS ; OLD_DATA                                                                                                                                                                                                             ;
; Entity Instance                           ; ordered_priority_queue_monolithic_sv:dut_i|lane_fifo:g_storage[1].lane_fifo_i|altsyncram:lane_fifo_ram                                                                                                               ;
;     -- OPERATION_MODE                     ; DUAL_PORT                                                                                                                                                                                                            ;
;     -- WIDTH_A                            ; 00000000000000000000000000101000                                                                                                                                                                                     ;
;     -- NUMWORDS_A                         ; 1024                                                                                                                                                                                                                 ;
;     -- OUTDATA_REG_A                      ; UNREGISTERED                                                                                                                                                                                                         ;
;     -- WIDTH_B                            ; 00000000000000000000000000101000                                                                                                                                                                                     ;
;     -- NUMWORDS_B                         ; 1024                                                                                                                                                                                                                 ;
;     -- ADDRESS_REG_B                      ; CLOCK0                                                                                                                                                                                                               ;
;     -- OUTDATA_REG_B                      ; UNREGISTERED                                                                                                                                                                                                         ;
;     -- RAM_BLOCK_TYPE                     ; M20K                                                                                                                                                                                                                 ;
;     -- READ_DURING_WRITE_MODE_MIXED_PORTS ; OLD_DATA                                                                                                                                                                                                             ;
; Entity Instance                           ; ordered_priority_queue_monolithic_sv:dut_i|handle_fifo:g_storage[1].handle_fifo_i|altsyncram:handle_fifo_ram                                                                                                         ;
;     -- OPERATION_MODE                     ; DUAL_PORT                                                                                                                                                                                                            ;
;     -- WIDTH_A                            ; 00000000000000000000000000100011                                                                                                                                                                                     ;
;     -- NUMWORDS_A                         ; 64                                                                                                                                                                                                                   ;
;     -- OUTDATA_REG_A                      ; UNREGISTERED                                                                                                                                                                                                         ;
;     -- WIDTH_B                            ; 00000000000000000000000000100011                                                                                                                                                                                     ;
;     -- NUMWORDS_B                         ; 64                                                                                                                                                                                                                   ;
;     -- ADDRESS_REG_B                      ; CLOCK0                                                                                                                                                                                                               ;
;     -- OUTDATA_REG_B                      ; UNREGISTERED                                                                                                                                                                                                         ;
;     -- RAM_BLOCK_TYPE                     ; M20K                                                                                                                                                                                                                 ;
;     -- READ_DURING_WRITE_MODE_MIXED_PORTS ; OLD_DATA                                                                                                                                                                                                             ;
; Entity Instance                           ; ordered_priority_queue_monolithic_sv:dut_i|page_ram:page_ram_i|altsyncram:page_ram_i                                                                                                                                 ;
;     -- OPERATION_MODE                     ; DUAL_PORT                                                                                                                                                                                                            ;
;     -- WIDTH_A                            ; 00000000000000000000000000101000                                                                                                                                                                                     ;
;     -- NUMWORDS_A                         ; 65536                                                                                                                                                                                                                ;
;     -- OUTDATA_REG_A                      ; UNREGISTERED                                                                                                                                                                                                         ;
;     -- WIDTH_B                            ; 00000000000000000000000000101000                                                                                                                                                                                     ;
;     -- NUMWORDS_B                         ; 65536                                                                                                                                                                                                                ;
;     -- ADDRESS_REG_B                      ; CLOCK0                                                                                                                                                                                                               ;
;     -- OUTDATA_REG_B                      ; UNREGISTERED                                                                                                                                                                                                         ;
;     -- RAM_BLOCK_TYPE                     ; M20K                                                                                                                                                                                                                 ;
;     -- READ_DURING_WRITE_MODE_MIXED_PORTS ; OLD_DATA                                                                                                                                                                                                             ;
; Entity Instance                           ; ordered_priority_queue_monolithic_sv:dut_i|ordered_priority_queue_monolithic_basic_presenter:presenter_i|ordered_priority_queue_monolithic_basic_presenter_native:native_i|tile_fifo:meta_ram_i|altsyncram:ram_rtl_0 ;
;     -- OPERATION_MODE                     ; DUAL_PORT                                                                                                                                                                                                            ;
;     -- WIDTH_A                            ; 32                                                                                                                                                                                                                   ;
;     -- NUMWORDS_A                         ; 512                                                                                                                                                                                                                  ;
;     -- OUTDATA_REG_A                      ; UNREGISTERED                                                                                                                                                                                                         ;
;     -- WIDTH_B                            ; 32                                                                                                                                                                                                                   ;
;     -- NUMWORDS_B                         ; 512                                                                                                                                                                                                                  ;
;     -- ADDRESS_REG_B                      ; CLOCK0                                                                                                                                                                                                               ;
;     -- OUTDATA_REG_B                      ; UNREGISTERED                                                                                                                                                                                                         ;
;     -- RAM_BLOCK_TYPE                     ; M20K                                                                                                                                                                                                                 ;
;     -- READ_DURING_WRITE_MODE_MIXED_PORTS ; OLD_DATA                                                                                                                                                                                                             ;
+-------------------------------------------+----------------------------------------------------------------------------------------------------------------------------------------------------------------------------------------------------------------------+


+--------------------------------------------------------------------------------------------------------------------------------------+
; Port Connectivity Checks: "ordered_priority_queue_monolithic_sv:dut_i|ordered_priority_queue_monolithic_basic_presenter:presenter_i" ;
+-------------------+--------+----------+----------------------------------------------------------------------------------------------+
; Port              ; Type   ; Severity ; Details                                                                                      ;
+-------------------+--------+----------+----------------------------------------------------------------------------------------------+
; ft_drop_valid_o   ; Output ; Info     ; Connected to dangling logic. Logic that only feeds a dangling port will be removed.          ;
; ft_drop_hdr_cnt_o ; Output ; Info     ; Connected to dangling logic. Logic that only feeds a dangling port will be removed.          ;
; ft_drop_shd_cnt_o ; Output ; Info     ; Connected to dangling logic. Logic that only feeds a dangling port will be removed.          ;
; ft_drop_hit_cnt_o ; Output ; Info     ; Connected to dangling logic. Logic that only feeds a dangling port will be removed.          ;
+-------------------+--------+----------+----------------------------------------------------------------------------------------------+


+------------------------------------------------------------------------------------------------------------------------------------------+
; Port Connectivity Checks: "ordered_priority_queue_monolithic_sv:dut_i|ordered_priority_queue_monolithic_page_allocator:page_allocator_i" ;
+---------------------------+--------+----------+------------------------------------------------------------------------------------------+
; Port                      ; Type   ; Severity ; Details                                                                                  ;
+---------------------------+--------+----------+------------------------------------------------------------------------------------------+
; late_frame_drop_valid_o   ; Output ; Info     ; Connected to dangling logic. Logic that only feeds a dangling port will be removed.      ;
; late_frame_drop_hdr_cnt_o ; Output ; Info     ; Connected to dangling logic. Logic that only feeds a dangling port will be removed.      ;
; late_frame_drop_shd_cnt_o ; Output ; Info     ; Connected to dangling logic. Logic that only feeds a dangling port will be removed.      ;
; late_frame_drop_hit_cnt_o ; Output ; Info     ; Connected to dangling logic. Logic that only feeds a dangling port will be removed.      ;
; late_frame_drop_ts_o      ; Output ; Info     ; Connected to dangling logic. Logic that only feeds a dangling port will be removed.      ;
; write_meta_flow_o         ; Output ; Info     ; Connected to dangling logic. Logic that only feeds a dangling port will be removed.      ;
; write_meta_flow_d1_o      ; Output ; Info     ; Connected to dangling logic. Logic that only feeds a dangling port will be removed.      ;
; frame_start_addr_o        ; Output ; Info     ; Connected to dangling logic. Logic that only feeds a dangling port will be removed.      ;
+---------------------------+--------+----------+------------------------------------------------------------------------------------------+


+--------------------------------------------------------------------------------------------------------------------------------------------------------------+
; Port Connectivity Checks: "ordered_priority_queue_monolithic_sv:dut_i|ordered_priority_queue_monolithic_ingress_parser:g_ingress_parser[1].ingress_parser_i" ;
+-----------------------+--------+----------+------------------------------------------------------------------------------------------------------------------+
; Port                  ; Type   ; Severity ; Details                                                                                                          ;
+-----------------------+--------+----------+------------------------------------------------------------------------------------------------------------------+
; credit_drop_valid_o   ; Output ; Info     ; Connected to dangling logic. Logic that only feeds a dangling port will be removed.                              ;
; credit_drop_lane_o    ; Output ; Info     ; Connected to dangling logic. Logic that only feeds a dangling port will be removed.                              ;
; credit_drop_ticket_o  ; Output ; Info     ; Connected to dangling logic. Logic that only feeds a dangling port will be removed.                              ;
; credit_drop_ts_o      ; Output ; Info     ; Connected to dangling logic. Logic that only feeds a dangling port will be removed.                              ;
; credit_drop_shd_cnt_o ; Output ; Info     ; Connected to dangling logic. Logic that only feeds a dangling port will be removed.                              ;
; credit_drop_hit_cnt_o ; Output ; Info     ; Connected to dangling logic. Logic that only feeds a dangling port will be removed.                              ;
+-----------------------+--------+----------+------------------------------------------------------------------------------------------------------------------+


+--------------------------------------------------------------------------------------------------------------------------------------------------------------+
; Port Connectivity Checks: "ordered_priority_queue_monolithic_sv:dut_i|ordered_priority_queue_monolithic_ingress_parser:g_ingress_parser[0].ingress_parser_i" ;
+-----------------------+--------+----------+------------------------------------------------------------------------------------------------------------------+
; Port                  ; Type   ; Severity ; Details                                                                                                          ;
+-----------------------+--------+----------+------------------------------------------------------------------------------------------------------------------+
; credit_drop_valid_o   ; Output ; Info     ; Connected to dangling logic. Logic that only feeds a dangling port will be removed.                              ;
; credit_drop_lane_o    ; Output ; Info     ; Connected to dangling logic. Logic that only feeds a dangling port will be removed.                              ;
; credit_drop_ticket_o  ; Output ; Info     ; Connected to dangling logic. Logic that only feeds a dangling port will be removed.                              ;
; credit_drop_ts_o      ; Output ; Info     ; Connected to dangling logic. Logic that only feeds a dangling port will be removed.                              ;
; credit_drop_shd_cnt_o ; Output ; Info     ; Connected to dangling logic. Logic that only feeds a dangling port will be removed.                              ;
; credit_drop_hit_cnt_o ; Output ; Info     ; Connected to dangling logic. Logic that only feeds a dangling port will be removed.                              ;
+-----------------------+--------+----------+------------------------------------------------------------------------------------------------------------------+


+----------------------------------------------------------------------------------------------------------------------------------------+
; Port Connectivity Checks: "ordered_priority_queue_monolithic_sv:dut_i"                                                                 ;
+------------------------------+--------+----------+-------------------------------------------------------------------------------------+
; Port                         ; Type   ; Severity ; Details                                                                             ;
+------------------------------+--------+----------+-------------------------------------------------------------------------------------+
; asi_ingress_channel[1][1]    ; Input  ; Info     ; Stuck at GND                                                                        ;
; asi_ingress_channel[1][0]    ; Input  ; Info     ; Stuck at VCC                                                                        ;
; asi_ingress_channel[0]       ; Input  ; Info     ; Stuck at GND                                                                        ;
; asi_ingress_error            ; Input  ; Info     ; Stuck at GND                                                                        ;
; aso_egress_data              ; Output ; Info     ; Connected to dangling logic. Logic that only feeds a dangling port will be removed. ;
; aso_egress_valid             ; Output ; Info     ; Connected to dangling logic. Logic that only feeds a dangling port will be removed. ;
; aso_egress_startofpacket     ; Output ; Info     ; Connected to dangling logic. Logic that only feeds a dangling port will be removed. ;
; aso_egress_endofpacket       ; Output ; Info     ; Connected to dangling logic. Logic that only feeds a dangling port will be removed. ;
; aso_egress_error             ; Output ; Info     ; Connected to dangling logic. Logic that only feeds a dangling port will be removed. ;
; cfg_drr_allowance_i[1][5..4] ; Input  ; Info     ; Stuck at VCC                                                                        ;
; cfg_drr_allowance_i[1][9..6] ; Input  ; Info     ; Stuck at GND                                                                        ;
; cfg_drr_allowance_i[1][3..0] ; Input  ; Info     ; Stuck at GND                                                                        ;
; cfg_drr_allowance_i[0][9..6] ; Input  ; Info     ; Stuck at GND                                                                        ;
; cfg_drr_allowance_i[0][4..0] ; Input  ; Info     ; Stuck at GND                                                                        ;
; cfg_drr_allowance_i[0][5]    ; Input  ; Info     ; Stuck at VCC                                                                        ;
+------------------------------+--------+----------+-------------------------------------------------------------------------------------+


+-----------------------------------------------------+
; Post-Synthesis Netlist Statistics for Top Partition ;
+-----------------------+-----------------------------+
; Type                  ; Count                       ;
+-----------------------+-----------------------------+
; boundary_port         ; 18                          ;
; twentynm_ff           ; 3082                        ;
;     CLR               ; 458                         ;
;     CLR SCLR          ; 7                           ;
;     CLR SLD           ; 5                           ;
;     ENA               ; 8                           ;
;     ENA CLR           ; 62                          ;
;     ENA CLR SLD       ; 18                          ;
;     ENA SCLR          ; 898                         ;
;     SCLR              ; 1251                        ;
;     SCLR SLD          ; 214                         ;
;     SLD               ; 41                          ;
;     plain             ; 120                         ;
; twentynm_lcell_comb   ; 5408                        ;
;     arith             ; 1006                        ;
;         0 data inputs ; 18                          ;
;         1 data inputs ; 744                         ;
;         2 data inputs ; 147                         ;
;         3 data inputs ; 16                          ;
;         4 data inputs ; 25                          ;
;         5 data inputs ; 56                          ;
;     extend            ; 35                          ;
;         7 data inputs ; 35                          ;
;     normal            ; 4268                        ;
;         0 data inputs ; 248                         ;
;         1 data inputs ; 21                          ;
;         2 data inputs ; 319                         ;
;         3 data inputs ; 607                         ;
;         4 data inputs ; 879                         ;
;         5 data inputs ; 1090                        ;
;         6 data inputs ; 1104                        ;
;     shared            ; 99                          ;
;         0 data inputs ; 1                           ;
;         1 data inputs ; 34                          ;
;         2 data inputs ; 64                          ;
; twentynm_ram_block    ; 506                         ;
;                       ;                             ;
; Max LUT depth         ; 8.00                        ;
; Average LUT depth     ; 3.93                        ;
+-----------------------+-----------------------------+


+-------------------------------+
; Elapsed Time Per Partition    ;
+----------------+--------------+
; Partition Name ; Elapsed Time ;
+----------------+--------------+
; Top            ; 00:00:13     ;
+----------------+--------------+


+-------------------------------+
; Analysis & Synthesis Messages ;
+-------------------------------+
Info: *******************************************************************
Info: Running Quartus Prime Analysis & Synthesis
    Info: Version 18.1.0 Build 625 09/12/2018 SJ Standard Edition
    Info: Processing started: Mon Apr 20 11:04:40 2026
Info: Command: quartus_map --read_settings_files=on --write_settings_files=off opq_native_sv_2lane_signoff -c opq_native_sv_2lane_signoff
Info (16303): High Performance Effort optimization mode selected -- timing performance will be prioritized at the potential cost of increased compilation time
Info (20032): Parallel compilation is enabled and will use up to 16 processors
Info (12021): Found 1 design units, including 1 entities, in source file /tmp/packet_scheduler_hw_constraints_sub/rtl/sv_ver/vendor/alt_ram/frame_table.v
    Info (12023): Found entity 1: frame_table File: /tmp/packet_scheduler_hw_constraints_sub/rtl/sv_ver/vendor/alt_ram/frame_table.v Line: 1
Info (12021): Found 1 design units, including 1 entities, in source file src_compat/handle_fifo.v
    Info (12023): Found entity 1: handle_fifo File: /tmp/packet_scheduler_hw_constraints_sub/syn/quartus/opq_native_sv_2lane_signoff/src_compat/handle_fifo.v Line: 1
Info (12021): Found 1 design units, including 1 entities, in source file src_compat/lane_fifo.v
    Info (12023): Found entity 1: lane_fifo File: /tmp/packet_scheduler_hw_constraints_sub/syn/quartus/opq_native_sv_2lane_signoff/src_compat/lane_fifo.v Line: 1
Info (12021): Found 1 design units, including 1 entities, in source file src_compat/page_ram.v
    Info (12023): Found entity 1: page_ram File: /tmp/packet_scheduler_hw_constraints_sub/syn/quartus/opq_native_sv_2lane_signoff/src_compat/page_ram.v Line: 1
Info (12021): Found 1 design units, including 1 entities, in source file src_compat/ticket_fifo.v
    Info (12023): Found entity 1: ticket_fifo File: /tmp/packet_scheduler_hw_constraints_sub/syn/quartus/opq_native_sv_2lane_signoff/src_compat/ticket_fifo.v Line: 1
Info (12021): Found 1 design units, including 1 entities, in source file /tmp/packet_scheduler_hw_constraints_sub/rtl/sv_ver/vendor/alt_ram/tile_fifo.v
    Info (12023): Found entity 1: tile_fifo File: /tmp/packet_scheduler_hw_constraints_sub/rtl/sv_ver/vendor/alt_ram/tile_fifo.v Line: 1
Info (12021): Found 1 design units, including 1 entities, in source file /tmp/packet_scheduler_hw_constraints_sub/rtl/sv_ver/ordered_priority_queue/monolithic_sv/ordered_priority_queue_monolithic_ingress_parser.sv
    Info (12023): Found entity 1: ordered_priority_queue_monolithic_ingress_parser File: /tmp/packet_scheduler_hw_constraints_sub/rtl/sv_ver/ordered_priority_queue/monolithic_sv/ordered_priority_queue_monolithic_ingress_parser.sv Line: 8
Info (12021): Found 1 design units, including 1 entities, in source file /tmp/packet_scheduler_hw_constraints_sub/rtl/sv_ver/ordered_priority_queue/monolithic_sv/ordered_priority_queue_monolithic_page_allocator.sv
    Info (12023): Found entity 1: ordered_priority_queue_monolithic_page_allocator File: /tmp/packet_scheduler_hw_constraints_sub/rtl/sv_ver/ordered_priority_queue/monolithic_sv/ordered_priority_queue_monolithic_page_allocator.sv Line: 9
Info (12021): Found 1 design units, including 1 entities, in source file src_compat/ordered_priority_queue_monolithic_block_path.sv
    Info (12023): Found entity 1: ordered_priority_queue_monolithic_block_path File: /tmp/packet_scheduler_hw_constraints_sub/syn/quartus/opq_native_sv_2lane_signoff/src_compat/ordered_priority_queue_monolithic_block_path.sv Line: 9
Info (12021): Found 1 design units, including 1 entities, in source file /tmp/packet_scheduler_hw_constraints_sub/rtl/sv_ver/ordered_priority_queue/monolithic_sv/ordered_priority_queue_monolithic_frame_table_tracker.sv
    Info (12023): Found entity 1: ordered_priority_queue_monolithic_frame_table_tracker File: /tmp/packet_scheduler_hw_constraints_sub/rtl/sv_ver/ordered_priority_queue/monolithic_sv/ordered_priority_queue_monolithic_frame_table_tracker.sv Line: 8
Info (12021): Found 1 design units, including 1 entities, in source file src_compat/ordered_priority_queue_monolithic_frame_table_presenter.sv
    Info (12023): Found entity 1: ordered_priority_queue_monolithic_frame_table_presenter File: /tmp/packet_scheduler_hw_constraints_sub/syn/quartus/opq_native_sv_2lane_signoff/src_compat/ordered_priority_queue_monolithic_frame_table_presenter.sv Line: 8
Info (12021): Found 2 design units, including 2 entities, in source file src_compat/ordered_priority_queue_monolithic_basic_presenter.sv
    Info (12023): Found entity 1: ordered_priority_queue_monolithic_basic_presenter File: /tmp/packet_scheduler_hw_constraints_sub/syn/quartus/opq_native_sv_2lane_signoff/src_compat/ordered_priority_queue_monolithic_basic_presenter.sv Line: 9
    Info (12023): Found entity 2: ordered_priority_queue_monolithic_basic_presenter_native File: /tmp/packet_scheduler_hw_constraints_sub/syn/quartus/opq_native_sv_2lane_signoff/src_compat/ordered_priority_queue_monolithic_basic_presenter.sv Line: 700
Info (12021): Found 1 design units, including 1 entities, in source file src_compat/ordered_priority_queue_monolithic.sv
    Info (12023): Found entity 1: ordered_priority_queue_monolithic_sv File: /tmp/packet_scheduler_hw_constraints_sub/syn/quartus/opq_native_sv_2lane_signoff/src_compat/ordered_priority_queue_monolithic.sv Line: 9
Info (12021): Found 1 design units, including 1 entities, in source file opq_native_sv_2lane_signoff_top.sv
    Info (12023): Found entity 1: opq_native_sv_2lane_signoff_top File: /tmp/packet_scheduler_hw_constraints_sub/syn/quartus/opq_native_sv_2lane_signoff/opq_native_sv_2lane_signoff_top.sv Line: 1
Info (12127): Elaborating entity "opq_native_sv_2lane_signoff_top" for the top level hierarchy
Info (12128): Elaborating entity "ordered_priority_queue_monolithic_sv" for hierarchy "ordered_priority_queue_monolithic_sv:dut_i" File: /tmp/packet_scheduler_hw_constraints_sub/syn/quartus/opq_native_sv_2lane_signoff/opq_native_sv_2lane_signoff_top.sv Line: 300
Warning (10977): SystemVerilog $warning at ordered_priority_queue_monolithic.sv(441): N hits counter will likely overflow the 16-bit frame hit counter File: /tmp/packet_scheduler_hw_constraints_sub/syn/quartus/opq_native_sv_2lane_signoff/src_compat/ordered_priority_queue_monolithic.sv Line: 441
Info (12128): Elaborating entity "ticket_fifo" for hierarchy "ordered_priority_queue_monolithic_sv:dut_i|ticket_fifo:g_storage[0].ticket_fifo_i" File: /tmp/packet_scheduler_hw_constraints_sub/syn/quartus/opq_native_sv_2lane_signoff/src_compat/ordered_priority_queue_monolithic.sv Line: 194
Info (12128): Elaborating entity "altsyncram" for hierarchy "ordered_priority_queue_monolithic_sv:dut_i|ticket_fifo:g_storage[0].ticket_fifo_i|altsyncram:ticket_fifo_ram" File: /tmp/packet_scheduler_hw_constraints_sub/syn/quartus/opq_native_sv_2lane_signoff/src_compat/ticket_fifo.v Line: 23
Info (12130): Elaborated megafunction instantiation "ordered_priority_queue_monolithic_sv:dut_i|ticket_fifo:g_storage[0].ticket_fifo_i|altsyncram:ticket_fifo_ram" File: /tmp/packet_scheduler_hw_constraints_sub/syn/quartus/opq_native_sv_2lane_signoff/src_compat/ticket_fifo.v Line: 23
Info (12133): Instantiated megafunction "ordered_priority_queue_monolithic_sv:dut_i|ticket_fifo:g_storage[0].ticket_fifo_i|altsyncram:ticket_fifo_ram" with the following parameter: File: /tmp/packet_scheduler_hw_constraints_sub/syn/quartus/opq_native_sv_2lane_signoff/src_compat/ticket_fifo.v Line: 23
    Info (12134): Parameter "address_reg_b" = "CLOCK0"
    Info (12134): Parameter "clock_enable_input_a" = "BYPASS"
    Info (12134): Parameter "clock_enable_input_b" = "BYPASS"
    Info (12134): Parameter "clock_enable_output_b" = "BYPASS"
    Info (12134): Parameter "indata_reg_b" = "CLOCK0"
    Info (12134): Parameter "intended_device_family" = "Arria 10"
    Info (12134): Parameter "lpm_type" = "altsyncram"
    Info (12134): Parameter "numwords_a" = "512"
    Info (12134): Parameter "numwords_b" = "512"
    Info (12134): Parameter "operation_mode" = "DUAL_PORT"
    Info (12134): Parameter "outdata_aclr_b" = "NONE"
    Info (12134): Parameter "outdata_reg_b" = "UNREGISTERED"
    Info (12134): Parameter "power_up_uninitialized" = "FALSE"
    Info (12134): Parameter "ram_block_type" = "M20K"
    Info (12134): Parameter "read_during_write_mode_mixed_ports" = "OLD_DATA"
    Info (12134): Parameter "width_a" = "00000000000000000000000001111000"
    Info (12134): Parameter "width_b" = "00000000000000000000000001111000"
    Info (12134): Parameter "width_byteena_a" = "1"
    Info (12134): Parameter "widthad_a" = "00000000000000000000000000001001"
    Info (12134): Parameter "widthad_b" = "00000000000000000000000000001001"
Info (12021): Found 1 design units, including 1 entities, in source file db/altsyncram_0202.tdf
    Info (12023): Found entity 1: altsyncram_0202 File: /tmp/packet_scheduler_hw_constraints_sub/syn/quartus/opq_native_sv_2lane_signoff/db/altsyncram_0202.tdf Line: 27
Info (12128): Elaborating entity "altsyncram_0202" for hierarchy "ordered_priority_queue_monolithic_sv:dut_i|ticket_fifo:g_storage[0].ticket_fifo_i|altsyncram:ticket_fifo_ram|altsyncram_0202:auto_generated" File: /data1/intelFPGA/18.1/quartus/libraries/megafunctions/altsyncram.tdf Line: 791
Info (12128): Elaborating entity "lane_fifo" for hierarchy "ordered_priority_queue_monolithic_sv:dut_i|lane_fifo:g_storage[0].lane_fifo_i" File: /tmp/packet_scheduler_hw_constraints_sub/syn/quartus/opq_native_sv_2lane_signoff/src_compat/ordered_priority_queue_monolithic.sv Line: 206
Info (12128): Elaborating entity "altsyncram" for hierarchy "ordered_priority_queue_monolithic_sv:dut_i|lane_fifo:g_storage[0].lane_fifo_i|altsyncram:lane_fifo_ram" File: /tmp/packet_scheduler_hw_constraints_sub/syn/quartus/opq_native_sv_2lane_signoff/src_compat/lane_fifo.v Line: 23
Info (12130): Elaborated megafunction instantiation "ordered_priority_queue_monolithic_sv:dut_i|lane_fifo:g_storage[0].lane_fifo_i|altsyncram:lane_fifo_ram" File: /tmp/packet_scheduler_hw_constraints_sub/syn/quartus/opq_native_sv_2lane_signoff/src_compat/lane_fifo.v Line: 23
Info (12133): Instantiated megafunction "ordered_priority_queue_monolithic_sv:dut_i|lane_fifo:g_storage[0].lane_fifo_i|altsyncram:lane_fifo_ram" with the following parameter: File: /tmp/packet_scheduler_hw_constraints_sub/syn/quartus/opq_native_sv_2lane_signoff/src_compat/lane_fifo.v Line: 23
    Info (12134): Parameter "address_reg_b" = "CLOCK0"
    Info (12134): Parameter "clock_enable_input_a" = "BYPASS"
    Info (12134): Parameter "clock_enable_input_b" = "BYPASS"
    Info (12134): Parameter "clock_enable_output_b" = "BYPASS"
    Info (12134): Parameter "indata_reg_b" = "CLOCK0"
    Info (12134): Parameter "intended_device_family" = "Arria 10"
    Info (12134): Parameter "lpm_type" = "altsyncram"
    Info (12134): Parameter "numwords_a" = "1024"
    Info (12134): Parameter "numwords_b" = "1024"
    Info (12134): Parameter "operation_mode" = "DUAL_PORT"
    Info (12134): Parameter "outdata_aclr_b" = "NONE"
    Info (12134): Parameter "outdata_reg_b" = "UNREGISTERED"
    Info (12134): Parameter "power_up_uninitialized" = "FALSE"
    Info (12134): Parameter "ram_block_type" = "M20K"
    Info (12134): Parameter "read_during_write_mode_mixed_ports" = "OLD_DATA"
    Info (12134): Parameter "width_a" = "00000000000000000000000000101000"
    Info (12134): Parameter "width_b" = "00000000000000000000000000101000"
    Info (12134): Parameter "width_byteena_a" = "1"
    Info (12134): Parameter "widthad_a" = "00000000000000000000000000001010"
    Info (12134): Parameter "widthad_b" = "00000000000000000000000000001010"
Info (12021): Found 1 design units, including 1 entities, in source file db/altsyncram_g402.tdf
    Info (12023): Found entity 1: altsyncram_g402 File: /tmp/packet_scheduler_hw_constraints_sub/syn/quartus/opq_native_sv_2lane_signoff/db/altsyncram_g402.tdf Line: 27
Info (12128): Elaborating entity "altsyncram_g402" for hierarchy "ordered_priority_queue_monolithic_sv:dut_i|lane_fifo:g_storage[0].lane_fifo_i|altsyncram:lane_fifo_ram|altsyncram_g402:auto_generated" File: /data1/intelFPGA/18.1/quartus/libraries/megafunctions/altsyncram.tdf Line: 791
Info (12128): Elaborating entity "handle_fifo" for hierarchy "ordered_priority_queue_monolithic_sv:dut_i|handle_fifo:g_storage[0].handle_fifo_i" File: /tmp/packet_scheduler_hw_constraints_sub/syn/quartus/opq_native_sv_2lane_signoff/src_compat/ordered_priority_queue_monolithic.sv Line: 218
Info (12128): Elaborating entity "altsyncram" for hierarchy "ordered_priority_queue_monolithic_sv:dut_i|handle_fifo:g_storage[0].handle_fifo_i|altsyncram:handle_fifo_ram" File: /tmp/packet_scheduler_hw_constraints_sub/syn/quartus/opq_native_sv_2lane_signoff/src_compat/handle_fifo.v Line: 23
Info (12130): Elaborated megafunction instantiation "ordered_priority_queue_monolithic_sv:dut_i|handle_fifo:g_storage[0].handle_fifo_i|altsyncram:handle_fifo_ram" File: /tmp/packet_scheduler_hw_constraints_sub/syn/quartus/opq_native_sv_2lane_signoff/src_compat/handle_fifo.v Line: 23
Info (12133): Instantiated megafunction "ordered_priority_queue_monolithic_sv:dut_i|handle_fifo:g_storage[0].handle_fifo_i|altsyncram:handle_fifo_ram" with the following parameter: File: /tmp/packet_scheduler_hw_constraints_sub/syn/quartus/opq_native_sv_2lane_signoff/src_compat/handle_fifo.v Line: 23
    Info (12134): Parameter "address_reg_b" = "CLOCK0"
    Info (12134): Parameter "clock_enable_input_a" = "BYPASS"
    Info (12134): Parameter "clock_enable_input_b" = "BYPASS"
    Info (12134): Parameter "clock_enable_output_b" = "BYPASS"
    Info (12134): Parameter "indata_reg_b" = "CLOCK0"
    Info (12134): Parameter "intended_device_family" = "Arria 10"
    Info (12134): Parameter "lpm_type" = "altsyncram"
    Info (12134): Parameter "numwords_a" = "64"
    Info (12134): Parameter "numwords_b" = "64"
    Info (12134): Parameter "operation_mode" = "DUAL_PORT"
    Info (12134): Parameter "outdata_aclr_b" = "NONE"
    Info (12134): Parameter "outdata_reg_b" = "UNREGISTERED"
    Info (12134): Parameter "power_up_uninitialized" = "FALSE"
    Info (12134): Parameter "ram_block_type" = "M20K"
    Info (12134): Parameter "read_during_write_mode_mixed_ports" = "OLD_DATA"
    Info (12134): Parameter "width_a" = "00000000000000000000000000100011"
    Info (12134): Parameter "width_b" = "00000000000000000000000000100011"
    Info (12134): Parameter "width_byteena_a" = "1"
    Info (12134): Parameter "widthad_a" = "00000000000000000000000000000110"
    Info (12134): Parameter "widthad_b" = "00000000000000000000000000000110"
Info (12021): Found 1 design units, including 1 entities, in source file db/altsyncram_8sv1.tdf
    Info (12023): Found entity 1: altsyncram_8sv1 File: /tmp/packet_scheduler_hw_constraints_sub/syn/quartus/opq_native_sv_2lane_signoff/db/altsyncram_8sv1.tdf Line: 27
Info (12128): Elaborating entity "altsyncram_8sv1" for hierarchy "ordered_priority_queue_monolithic_sv:dut_i|handle_fifo:g_storage[0].handle_fifo_i|altsyncram:handle_fifo_ram|altsyncram_8sv1:auto_generated" File: /data1/intelFPGA/18.1/quartus/libraries/megafunctions/altsyncram.tdf Line: 791
Info (12128): Elaborating entity "ordered_priority_queue_monolithic_ingress_parser" for hierarchy "ordered_priority_queue_monolithic_sv:dut_i|ordered_priority_queue_monolithic_ingress_parser:g_ingress_parser[0].ingress_parser_i" File: /tmp/packet_scheduler_hw_constraints_sub/syn/quartus/opq_native_sv_2lane_signoff/src_compat/ordered_priority_queue_monolithic.sv Line: 267
Warning (10230): Verilog HDL assignment warning at ordered_priority_queue_monolithic_ingress_parser.sv(102): truncated value with size 32 to match size of target (10) File: /tmp/packet_scheduler_hw_constraints_sub/rtl/sv_ver/ordered_priority_queue/monolithic_sv/ordered_priority_queue_monolithic_ingress_parser.sv Line: 102
Warning (10230): Verilog HDL assignment warning at ordered_priority_queue_monolithic_ingress_parser.sv(103): truncated value with size 32 to match size of target (9) File: /tmp/packet_scheduler_hw_constraints_sub/rtl/sv_ver/ordered_priority_queue/monolithic_sv/ordered_priority_queue_monolithic_ingress_parser.sv Line: 103
Warning (10036): Verilog HDL or VHDL warning at ordered_priority_queue_monolithic_ingress_parser.sv(163): object "ingress_parser_if_subheader_shd_ts" assigned a value but never read File: /tmp/packet_scheduler_hw_constraints_sub/rtl/sv_ver/ordered_priority_queue/monolithic_sv/ordered_priority_queue_monolithic_ingress_parser.sv Line: 163
Info (12128): Elaborating entity "ordered_priority_queue_monolithic_page_allocator" for hierarchy "ordered_priority_queue_monolithic_sv:dut_i|ordered_priority_queue_monolithic_page_allocator:page_allocator_i" File: /tmp/packet_scheduler_hw_constraints_sub/syn/quartus/opq_native_sv_2lane_signoff/src_compat/ordered_priority_queue_monolithic.sv Line: 329
Warning (10230): Verilog HDL assignment warning at ordered_priority_queue_monolithic_page_allocator.sv(120): truncated value with size 32 to match size of target (1) File: /tmp/packet_scheduler_hw_constraints_sub/rtl/sv_ver/ordered_priority_queue/monolithic_sv/ordered_priority_queue_monolithic_page_allocator.sv Line: 120
Warning (10036): Verilog HDL or VHDL warning at ordered_priority_queue_monolithic_page_allocator.sv(331): object "fetch_header_dt_type_q" assigned a value but never read File: /tmp/packet_scheduler_hw_constraints_sub/rtl/sv_ver/ordered_priority_queue/monolithic_sv/ordered_priority_queue_monolithic_page_allocator.sv Line: 331
Warning (10036): Verilog HDL or VHDL warning at ordered_priority_queue_monolithic_page_allocator.sv(332): object "fetch_header_feb_id_q" assigned a value but never read File: /tmp/packet_scheduler_hw_constraints_sub/rtl/sv_ver/ordered_priority_queue/monolithic_sv/ordered_priority_queue_monolithic_page_allocator.sv Line: 332
Warning (10036): Verilog HDL or VHDL warning at ordered_priority_queue_monolithic_page_allocator.sv(340): object "fetch_future_frame_ts_q" assigned a value but never read File: /tmp/packet_scheduler_hw_constraints_sub/rtl/sv_ver/ordered_priority_queue/monolithic_sv/ordered_priority_queue_monolithic_page_allocator.sv Line: 340
Warning (10036): Verilog HDL or VHDL warning at ordered_priority_queue_monolithic_page_allocator.sv(346): object "page_allocator_is_tk_curr" assigned a value but never read File: /tmp/packet_scheduler_hw_constraints_sub/rtl/sv_ver/ordered_priority_queue/monolithic_sv/ordered_priority_queue_monolithic_page_allocator.sv Line: 346
Warning (10036): Verilog HDL or VHDL warning at ordered_priority_queue_monolithic_page_allocator.sv(348): object "page_allocator_is_tk_past" assigned a value but never read File: /tmp/packet_scheduler_hw_constraints_sub/rtl/sv_ver/ordered_priority_queue/monolithic_sv/ordered_priority_queue_monolithic_page_allocator.sv Line: 348
Warning (10036): Verilog HDL or VHDL warning at ordered_priority_queue_monolithic_page_allocator.sv(350): object "page_allocator_if_read_ticket_ticket_sop" assigned a value but never read File: /tmp/packet_scheduler_hw_constraints_sub/rtl/sv_ver/ordered_priority_queue/monolithic_sv/ordered_priority_queue_monolithic_page_allocator.sv Line: 350
Warning (10036): Verilog HDL or VHDL warning at ordered_priority_queue_monolithic_page_allocator.sv(368): object "lanes_with_sop_ticket" assigned a value but never read File: /tmp/packet_scheduler_hw_constraints_sub/rtl/sv_ver/ordered_priority_queue/monolithic_sv/ordered_priority_queue_monolithic_page_allocator.sv Line: 368
Warning (10036): Verilog HDL or VHDL warning at ordered_priority_queue_monolithic_page_allocator.sv(369): object "lanes_with_curr_sop_ticket" assigned a value but never read File: /tmp/packet_scheduler_hw_constraints_sub/rtl/sv_ver/ordered_priority_queue/monolithic_sv/ordered_priority_queue_monolithic_page_allocator.sv Line: 369
Warning (10036): Verilog HDL or VHDL warning at ordered_priority_queue_monolithic_page_allocator.sv(372): object "header_frame_ts" assigned a value but never read File: /tmp/packet_scheduler_hw_constraints_sub/rtl/sv_ver/ordered_priority_queue/monolithic_sv/ordered_priority_queue_monolithic_page_allocator.sv Line: 372
Warning (10036): Verilog HDL or VHDL warning at ordered_priority_queue_monolithic_page_allocator.sv(373): object "header_running_ts" assigned a value but never read File: /tmp/packet_scheduler_hw_constraints_sub/rtl/sv_ver/ordered_priority_queue/monolithic_sv/ordered_priority_queue_monolithic_page_allocator.sv Line: 373
Info (10264): Verilog HDL Case Statement information at ordered_priority_queue_monolithic_page_allocator.sv(618): all case item expressions in this case statement are onehot File: /tmp/packet_scheduler_hw_constraints_sub/rtl/sv_ver/ordered_priority_queue/monolithic_sv/ordered_priority_queue_monolithic_page_allocator.sv Line: 618
Info (12128): Elaborating entity "ordered_priority_queue_monolithic_block_path" for hierarchy "ordered_priority_queue_monolithic_sv:dut_i|ordered_priority_queue_monolithic_block_path:block_path_i" File: /tmp/packet_scheduler_hw_constraints_sub/syn/quartus/opq_native_sv_2lane_signoff/src_compat/ordered_priority_queue_monolithic.sv Line: 366
Warning (10036): Verilog HDL or VHDL warning at ordered_priority_queue_monolithic_block_path.sv(168): object "block_mover_flag" assigned a value but never read File: /tmp/packet_scheduler_hw_constraints_sub/syn/quartus/opq_native_sv_2lane_signoff/src_compat/ordered_priority_queue_monolithic_block_path.sv Line: 168
Warning (10036): Verilog HDL or VHDL warning at ordered_priority_queue_monolithic_block_path.sv(180): object "drr_lock_event_dbg" assigned a value but never read File: /tmp/packet_scheduler_hw_constraints_sub/syn/quartus/opq_native_sv_2lane_signoff/src_compat/ordered_priority_queue_monolithic_block_path.sv Line: 180
Warning (10036): Verilog HDL or VHDL warning at ordered_priority_queue_monolithic_block_path.sv(181): object "drr_defer_event_dbg" assigned a value but never read File: /tmp/packet_scheduler_hw_constraints_sub/syn/quartus/opq_native_sv_2lane_signoff/src_compat/ordered_priority_queue_monolithic_block_path.sv Line: 181
Warning (10036): Verilog HDL or VHDL warning at ordered_priority_queue_monolithic_block_path.sv(182): object "b2p_arb_quantum_update_if_updating" assigned a value but never read File: /tmp/packet_scheduler_hw_constraints_sub/syn/quartus/opq_native_sv_2lane_signoff/src_compat/ordered_priority_queue_monolithic_block_path.sv Line: 182
Info (10008): Verilog HDL or VHDL information: EDA Netlist Writer cannot regroup multidimensional array "block_mover_handle_rptr_d" into its bus
Info (12128): Elaborating entity "page_ram" for hierarchy "ordered_priority_queue_monolithic_sv:dut_i|page_ram:page_ram_i" File: /tmp/packet_scheduler_hw_constraints_sub/syn/quartus/opq_native_sv_2lane_signoff/src_compat/ordered_priority_queue_monolithic.sv Line: 378
Info (12128): Elaborating entity "altsyncram" for hierarchy "ordered_priority_queue_monolithic_sv:dut_i|page_ram:page_ram_i|altsyncram:page_ram_i" File: /tmp/packet_scheduler_hw_constraints_sub/syn/quartus/opq_native_sv_2lane_signoff/src_compat/page_ram.v Line: 25
Info (12130): Elaborated megafunction instantiation "ordered_priority_queue_monolithic_sv:dut_i|page_ram:page_ram_i|altsyncram:page_ram_i" File: /tmp/packet_scheduler_hw_constraints_sub/syn/quartus/opq_native_sv_2lane_signoff/src_compat/page_ram.v Line: 25
Info (12133): Instantiated megafunction "ordered_priority_queue_monolithic_sv:dut_i|page_ram:page_ram_i|altsyncram:page_ram_i" with the following parameter: File: /tmp/packet_scheduler_hw_constraints_sub/syn/quartus/opq_native_sv_2lane_signoff/src_compat/page_ram.v Line: 25
    Info (12134): Parameter "address_reg_b" = "CLOCK0"
    Info (12134): Parameter "clock_enable_input_a" = "BYPASS"
    Info (12134): Parameter "clock_enable_input_b" = "BYPASS"
    Info (12134): Parameter "clock_enable_output_b" = "BYPASS"
    Info (12134): Parameter "indata_reg_b" = "CLOCK0"
    Info (12134): Parameter "intended_device_family" = "Arria 10"
    Info (12134): Parameter "lpm_type" = "altsyncram"
    Info (12134): Parameter "numwords_a" = "65536"
    Info (12134): Parameter "numwords_b" = "65536"
    Info (12134): Parameter "operation_mode" = "DUAL_PORT"
    Info (12134): Parameter "outdata_aclr_b" = "NONE"
    Info (12134): Parameter "outdata_reg_b" = "UNREGISTERED"
    Info (12134): Parameter "power_up_uninitialized" = "FALSE"
    Info (12134): Parameter "ram_block_type" = "M20K"
    Info (12134): Parameter "read_during_write_mode_mixed_ports" = "OLD_DATA"
    Info (12134): Parameter "width_a" = "00000000000000000000000000101000"
    Info (12134): Parameter "width_b" = "00000000000000000000000000101000"
    Info (12134): Parameter "width_byteena_a" = "1"
    Info (12134): Parameter "widthad_a" = "00000000000000000000000000010000"
    Info (12134): Parameter "widthad_b" = "00000000000000000000000000010000"
Info (12021): Found 1 design units, including 1 entities, in source file db/altsyncram_0902.tdf
    Info (12023): Found entity 1: altsyncram_0902 File: /tmp/packet_scheduler_hw_constraints_sub/syn/quartus/opq_native_sv_2lane_signoff/db/altsyncram_0902.tdf Line: 31
Info (12128): Elaborating entity "altsyncram_0902" for hierarchy "ordered_priority_queue_monolithic_sv:dut_i|page_ram:page_ram_i|altsyncram:page_ram_i|altsyncram_0902:auto_generated" File: /data1/intelFPGA/18.1/quartus/libraries/megafunctions/altsyncram.tdf Line: 791
Info (12021): Found 1 design units, including 1 entities, in source file db/decode_lda.tdf
    Info (12023): Found entity 1: decode_lda File: /tmp/packet_scheduler_hw_constraints_sub/syn/quartus/opq_native_sv_2lane_signoff/db/decode_lda.tdf Line: 22
Info (12128): Elaborating entity "decode_lda" for hierarchy "ordered_priority_queue_monolithic_sv:dut_i|page_ram:page_ram_i|altsyncram:page_ram_i|altsyncram_0902:auto_generated|decode_lda:decode2" File: /tmp/packet_scheduler_hw_constraints_sub/syn/quartus/opq_native_sv_2lane_signoff/db/altsyncram_0902.tdf Line: 42
Info (12021): Found 1 design units, including 1 entities, in source file db/mux_h9b.tdf
    Info (12023): Found entity 1: mux_h9b File: /tmp/packet_scheduler_hw_constraints_sub/syn/quartus/opq_native_sv_2lane_signoff/db/mux_h9b.tdf Line: 22
Info (12128): Elaborating entity "mux_h9b" for hierarchy "ordered_priority_queue_monolithic_sv:dut_i|page_ram:page_ram_i|altsyncram:page_ram_i|altsyncram_0902:auto_generated|mux_h9b:mux3" File: /tmp/packet_scheduler_hw_constraints_sub/syn/quartus/opq_native_sv_2lane_signoff/db/altsyncram_0902.tdf Line: 43
Info (12128): Elaborating entity "ordered_priority_queue_monolithic_basic_presenter" for hierarchy "ordered_priority_queue_monolithic_sv:dut_i|ordered_priority_queue_monolithic_basic_presenter:presenter_i" File: /tmp/packet_scheduler_hw_constraints_sub/syn/quartus/opq_native_sv_2lane_signoff/src_compat/ordered_priority_queue_monolithic.sv Line: 435
Info (12128): Elaborating entity "ordered_priority_queue_monolithic_basic_presenter_native" for hierarchy "ordered_priority_queue_monolithic_sv:dut_i|ordered_priority_queue_monolithic_basic_presenter:presenter_i|ordered_priority_queue_monolithic_basic_presenter_native:native_i" File: /tmp/packet_scheduler_hw_constraints_sub/syn/quartus/opq_native_sv_2lane_signoff/src_compat/ordered_priority_queue_monolithic_basic_presenter.sv Line: 89
Warning (10230): Verilog HDL assignment warning at ordered_priority_queue_monolithic_basic_presenter.sv(766): truncated value with size 32 to match size of target (18) File: /tmp/packet_scheduler_hw_constraints_sub/syn/quartus/opq_native_sv_2lane_signoff/src_compat/ordered_priority_queue_monolithic_basic_presenter.sv Line: 766
Warning (10036): Verilog HDL or VHDL warning at ordered_priority_queue_monolithic_basic_presenter.sv(803): object "is_new_pkt_complete" assigned a value but never read File: /tmp/packet_scheduler_hw_constraints_sub/syn/quartus/opq_native_sv_2lane_signoff/src_compat/ordered_priority_queue_monolithic_basic_presenter.sv Line: 803
Warning (10036): Verilog HDL or VHDL warning at ordered_priority_queue_monolithic_basic_presenter.sv(804): object "output_is_trailer" assigned a value but never read File: /tmp/packet_scheduler_hw_constraints_sub/syn/quartus/opq_native_sv_2lane_signoff/src_compat/ordered_priority_queue_monolithic_basic_presenter.sv Line: 804
Warning (10230): Verilog HDL assignment warning at ordered_priority_queue_monolithic_basic_presenter.sv(863): truncated value with size 32 to match size of target (17) File: /tmp/packet_scheduler_hw_constraints_sub/syn/quartus/opq_native_sv_2lane_signoff/src_compat/ordered_priority_queue_monolithic_basic_presenter.sv Line: 863
Info (10264): Verilog HDL Case Statement information at ordered_priority_queue_monolithic_basic_presenter.sv(1038): all case item expressions in this case statement are onehot File: /tmp/packet_scheduler_hw_constraints_sub/syn/quartus/opq_native_sv_2lane_signoff/src_compat/ordered_priority_queue_monolithic_basic_presenter.sv Line: 1038
Info (12128): Elaborating entity "tile_fifo" for hierarchy "ordered_priority_queue_monolithic_sv:dut_i|ordered_priority_queue_monolithic_basic_presenter:presenter_i|ordered_priority_queue_monolithic_basic_presenter_native:native_i|tile_fifo:meta_ram_i" File: /tmp/packet_scheduler_hw_constraints_sub/syn/quartus/opq_native_sv_2lane_signoff/src_compat/ordered_priority_queue_monolithic_basic_presenter.sv Line: 906
Warning (14284): Synthesized away the following node(s):
    Warning (14285): Synthesized away the following RAM node(s):
        Warning (14320): Synthesized away node "ordered_priority_queue_monolithic_sv:dut_i|page_ram:page_ram_i|altsyncram:page_ram_i|altsyncram_0902:auto_generated|ram_block1a25" File: /tmp/packet_scheduler_hw_constraints_sub/syn/quartus/opq_native_sv_2lane_signoff/db/altsyncram_0902.tdf Line: 769
        Warning (14320): Synthesized away node "ordered_priority_queue_monolithic_sv:dut_i|page_ram:page_ram_i|altsyncram:page_ram_i|altsyncram_0902:auto_generated|ram_block1a26" File: /tmp/packet_scheduler_hw_constraints_sub/syn/quartus/opq_native_sv_2lane_signoff/db/altsyncram_0902.tdf Line: 798
        Warning (14320): Synthesized away node "ordered_priority_queue_monolithic_sv:dut_i|page_ram:page_ram_i|altsyncram:page_ram_i|altsyncram_0902:auto_generated|ram_block1a27" File: /tmp/packet_scheduler_hw_constraints_sub/syn/quartus/opq_native_sv_2lane_signoff/db/altsyncram_0902.tdf Line: 827
        Warning (14320): Synthesized away node "ordered_priority_queue_monolithic_sv:dut_i|page_ram:page_ram_i|altsyncram:page_ram_i|altsyncram_0902:auto_generated|ram_block1a28" File: /tmp/packet_scheduler_hw_constraints_sub/syn/quartus/opq_native_sv_2lane_signoff/db/altsyncram_0902.tdf Line: 856
        Warning (14320): Synthesized away node "ordered_priority_queue_monolithic_sv:dut_i|page_ram:page_ram_i|altsyncram:page_ram_i|altsyncram_0902:auto_generated|ram_block1a29" File: /tmp/packet_scheduler_hw_constraints_sub/syn/quartus/opq_native_sv_2lane_signoff/db/altsyncram_0902.tdf Line: 885
        Warning (14320): Synthesized away node "ordered_priority_queue_monolithic_sv:dut_i|page_ram:page_ram_i|altsyncram:page_ram_i|altsyncram_0902:auto_generated|ram_block1a30" File: /tmp/packet_scheduler_hw_constraints_sub/syn/quartus/opq_native_sv_2lane_signoff/db/altsyncram_0902.tdf Line: 914
        Warning (14320): Synthesized away node "ordered_priority_queue_monolithic_sv:dut_i|page_ram:page_ram_i|altsyncram:page_ram_i|altsyncram_0902:auto_generated|ram_block1a31" File: /tmp/packet_scheduler_hw_constraints_sub/syn/quartus/opq_native_sv_2lane_signoff/db/altsyncram_0902.tdf Line: 943
        Warning (14320): Synthesized away node "ordered_priority_queue_monolithic_sv:dut_i|page_ram:page_ram_i|altsyncram:page_ram_i|altsyncram_0902:auto_generated|ram_block1a36" File: /tmp/packet_scheduler_hw_constraints_sub/syn/quartus/opq_native_sv_2lane_signoff/db/altsyncram_0902.tdf Line: 1088
        Warning (14320): Synthesized away node "ordered_priority_queue_monolithic_sv:dut_i|page_ram:page_ram_i|altsyncram:page_ram_i|altsyncram_0902:auto_generated|ram_block1a37" File: /tmp/packet_scheduler_hw_constraints_sub/syn/quartus/opq_native_sv_2lane_signoff/db/altsyncram_0902.tdf Line: 1117
        Warning (14320): Synthesized away node "ordered_priority_queue_monolithic_sv:dut_i|page_ram:page_ram_i|altsyncram:page_ram_i|altsyncram_0902:auto_generated|ram_block1a38" File: /tmp/packet_scheduler_hw_constraints_sub/syn/quartus/opq_native_sv_2lane_signoff/db/altsyncram_0902.tdf Line: 1146
        Warning (14320): Synthesized away node "ordered_priority_queue_monolithic_sv:dut_i|page_ram:page_ram_i|altsyncram:page_ram_i|altsyncram_0902:auto_generated|ram_block1a39" File: /tmp/packet_scheduler_hw_constraints_sub/syn/quartus/opq_native_sv_2lane_signoff/db/altsyncram_0902.tdf Line: 1175
        Warning (14320): Synthesized away node "ordered_priority_queue_monolithic_sv:dut_i|page_ram:page_ram_i|altsyncram:page_ram_i|altsyncram_0902:auto_generated|ram_block1a65" File: /tmp/packet_scheduler_hw_constraints_sub/syn/quartus/opq_native_sv_2lane_signoff/db/altsyncram_0902.tdf Line: 1929
        Warning (14320): Synthesized away node "ordered_priority_queue_monolithic_sv:dut_i|page_ram:page_ram_i|altsyncram:page_ram_i|altsyncram_0902:auto_generated|ram_block1a66" File: /tmp/packet_scheduler_hw_constraints_sub/syn/quartus/opq_native_sv_2lane_signoff/db/altsyncram_0902.tdf Line: 1958
        Warning (14320): Synthesized away node "ordered_priority_queue_monolithic_sv:dut_i|page_ram:page_ram_i|altsyncram:page_ram_i|altsyncram_0902:auto_generated|ram_block1a67" File: /tmp/packet_scheduler_hw_constraints_sub/syn/quartus/opq_native_sv_2lane_signoff/db/altsyncram_0902.tdf Line: 1987
        Warning (14320): Synthesized away node "ordered_priority_queue_monolithic_sv:dut_i|page_ram:page_ram_i|altsyncram:page_ram_i|altsyncram_0902:auto_generated|ram_block1a68" File: /tmp/packet_scheduler_hw_constraints_sub/syn/quartus/opq_native_sv_2lane_signoff/db/altsyncram_0902.tdf Line: 2016
        Warning (14320): Synthesized away node "ordered_priority_queue_monolithic_sv:dut_i|page_ram:page_ram_i|altsyncram:page_ram_i|altsyncram_0902:auto_generated|ram_block1a69" File: /tmp/packet_scheduler_hw_constraints_sub/syn/quartus/opq_native_sv_2lane_signoff/db/altsyncram_0902.tdf Line: 2045
        Warning (14320): Synthesized away node "ordered_priority_queue_monolithic_sv:dut_i|page_ram:page_ram_i|altsyncram:page_ram_i|altsyncram_0902:auto_generated|ram_block1a70" File: /tmp/packet_scheduler_hw_constraints_sub/syn/quartus/opq_native_sv_2lane_signoff/db/altsyncram_0902.tdf Line: 2074
        Warning (14320): Synthesized away node "ordered_priority_queue_monolithic_sv:dut_i|page_ram:page_ram_i|altsyncram:page_ram_i|altsyncram_0902:auto_generated|ram_block1a71" File: /tmp/packet_scheduler_hw_constraints_sub/syn/quartus/opq_native_sv_2lane_signoff/db/altsyncram_0902.tdf Line: 2103
        Warning (14320): Synthesized away node "ordered_priority_queue_monolithic_sv:dut_i|page_ram:page_ram_i|altsyncram:page_ram_i|altsyncram_0902:auto_generated|ram_block1a76" File: /tmp/packet_scheduler_hw_constraints_sub/syn/quartus/opq_native_sv_2lane_signoff/db/altsyncram_0902.tdf Line: 2248
        Warning (14320): Synthesized away node "ordered_priority_queue_monolithic_sv:dut_i|page_ram:page_ram_i|altsyncram:page_ram_i|altsyncram_0902:auto_generated|ram_block1a77" File: /tmp/packet_scheduler_hw_constraints_sub/syn/quartus/opq_native_sv_2lane_signoff/db/altsyncram_0902.tdf Line: 2277
        Warning (14320): Synthesized away node "ordered_priority_queue_monolithic_sv:dut_i|page_ram:page_ram_i|altsyncram:page_ram_i|altsyncram_0902:auto_generated|ram_block1a78" File: /tmp/packet_scheduler_hw_constraints_sub/syn/quartus/opq_native_sv_2lane_signoff/db/altsyncram_0902.tdf Line: 2306
        Warning (14320): Synthesized away node "ordered_priority_queue_monolithic_sv:dut_i|page_ram:page_ram_i|altsyncram:page_ram_i|altsyncram_0902:auto_generated|ram_block1a79" File: /tmp/packet_scheduler_hw_constraints_sub/syn/quartus/opq_native_sv_2lane_signoff/db/altsyncram_0902.tdf Line: 2335
        Warning (14320): Synthesized away node "ordered_priority_queue_monolithic_sv:dut_i|page_ram:page_ram_i|altsyncram:page_ram_i|altsyncram_0902:auto_generated|ram_block1a105" File: /tmp/packet_scheduler_hw_constraints_sub/syn/quartus/opq_native_sv_2lane_signoff/db/altsyncram_0902.tdf Line: 3089
        Warning (14320): Synthesized away node "ordered_priority_queue_monolithic_sv:dut_i|page_ram:page_ram_i|altsyncram:page_ram_i|altsyncram_0902:auto_generated|ram_block1a106" File: /tmp/packet_scheduler_hw_constraints_sub/syn/quartus/opq_native_sv_2lane_signoff/db/altsyncram_0902.tdf Line: 3118
        Warning (14320): Synthesized away node "ordered_priority_queue_monolithic_sv:dut_i|page_ram:page_ram_i|altsyncram:page_ram_i|altsyncram_0902:auto_generated|ram_block1a107" File: /tmp/packet_scheduler_hw_constraints_sub/syn/quartus/opq_native_sv_2lane_signoff/db/altsyncram_0902.tdf Line: 3147
        Warning (14320): Synthesized away node "ordered_priority_queue_monolithic_sv:dut_i|page_ram:page_ram_i|altsyncram:page_ram_i|altsyncram_0902:auto_generated|ram_block1a108" File: /tmp/packet_scheduler_hw_constraints_sub/syn/quartus/opq_native_sv_2lane_signoff/db/altsyncram_0902.tdf Line: 3176
        Warning (14320): Synthesized away node "ordered_priority_queue_monolithic_sv:dut_i|page_ram:page_ram_i|altsyncram:page_ram_i|altsyncram_0902:auto_generated|ram_block1a109" File: /tmp/packet_scheduler_hw_constraints_sub/syn/quartus/opq_native_sv_2lane_signoff/db/altsyncram_0902.tdf Line: 3205
        Warning (14320): Synthesized away node "ordered_priority_queue_monolithic_sv:dut_i|page_ram:page_ram_i|altsyncram:page_ram_i|altsyncram_0902:auto_generated|ram_block1a110" File: /tmp/packet_scheduler_hw_constraints_sub/syn/quartus/opq_native_sv_2lane_signoff/db/altsyncram_0902.tdf Line: 3234
        Warning (14320): Synthesized away node "ordered_priority_queue_monolithic_sv:dut_i|page_ram:page_ram_i|altsyncram:page_ram_i|altsyncram_0902:auto_generated|ram_block1a111" File: /tmp/packet_scheduler_hw_constraints_sub/syn/quartus/opq_native_sv_2lane_signoff/db/altsyncram_0902.tdf Line: 3263
        Warning (14320): Synthesized away node "ordered_priority_queue_monolithic_sv:dut_i|page_ram:page_ram_i|altsyncram:page_ram_i|altsyncram_0902:auto_generated|ram_block1a116" File: /tmp/packet_scheduler_hw_constraints_sub/syn/quartus/opq_native_sv_2lane_signoff/db/altsyncram_0902.tdf Line: 3408
        Warning (14320): Synthesized away node "ordered_priority_queue_monolithic_sv:dut_i|page_ram:page_ram_i|altsyncram:page_ram_i|altsyncram_0902:auto_generated|ram_block1a117" File: /tmp/packet_scheduler_hw_constraints_sub/syn/quartus/opq_native_sv_2lane_signoff/db/altsyncram_0902.tdf Line: 3437
        Warning (14320): Synthesized away node "ordered_priority_queue_monolithic_sv:dut_i|page_ram:page_ram_i|altsyncram:page_ram_i|altsyncram_0902:auto_generated|ram_block1a118" File: /tmp/packet_scheduler_hw_constraints_sub/syn/quartus/opq_native_sv_2lane_signoff/db/altsyncram_0902.tdf Line: 3466
        Warning (14320): Synthesized away node "ordered_priority_queue_monolithic_sv:dut_i|page_ram:page_ram_i|altsyncram:page_ram_i|altsyncram_0902:auto_generated|ram_block1a119" File: /tmp/packet_scheduler_hw_constraints_sub/syn/quartus/opq_native_sv_2lane_signoff/db/altsyncram_0902.tdf Line: 3495
        Warning (14320): Synthesized away node "ordered_priority_queue_monolithic_sv:dut_i|page_ram:page_ram_i|altsyncram:page_ram_i|altsyncram_0902:auto_generated|ram_block1a145" File: /tmp/packet_scheduler_hw_constraints_sub/syn/quartus/opq_native_sv_2lane_signoff/db/altsyncram_0902.tdf Line: 4249
        Warning (14320): Synthesized away node "ordered_priority_queue_monolithic_sv:dut_i|page_ram:page_ram_i|altsyncram:page_ram_i|altsyncram_0902:auto_generated|ram_block1a146" File: /tmp/packet_scheduler_hw_constraints_sub/syn/quartus/opq_native_sv_2lane_signoff/db/altsyncram_0902.tdf Line: 4278
        Warning (14320): Synthesized away node "ordered_priority_queue_monolithic_sv:dut_i|page_ram:page_ram_i|altsyncram:page_ram_i|altsyncram_0902:auto_generated|ram_block1a147" File: /tmp/packet_scheduler_hw_constraints_sub/syn/quartus/opq_native_sv_2lane_signoff/db/altsyncram_0902.tdf Line: 4307
        Warning (14320): Synthesized away node "ordered_priority_queue_monolithic_sv:dut_i|page_ram:page_ram_i|altsyncram:page_ram_i|altsyncram_0902:auto_generated|ram_block1a148" File: /tmp/packet_scheduler_hw_constraints_sub/syn/quartus/opq_native_sv_2lane_signoff/db/altsyncram_0902.tdf Line: 4336
        Warning (14320): Synthesized away node "ordered_priority_queue_monolithic_sv:dut_i|page_ram:page_ram_i|altsyncram:page_ram_i|altsyncram_0902:auto_generated|ram_block1a149" File: /tmp/packet_scheduler_hw_constraints_sub/syn/quartus/opq_native_sv_2lane_signoff/db/altsyncram_0902.tdf Line: 4365
        Warning (14320): Synthesized away node "ordered_priority_queue_monolithic_sv:dut_i|page_ram:page_ram_i|altsyncram:page_ram_i|altsyncram_0902:auto_generated|ram_block1a150" File: /tmp/packet_scheduler_hw_constraints_sub/syn/quartus/opq_native_sv_2lane_signoff/db/altsyncram_0902.tdf Line: 4394
        Warning (14320): Synthesized away node "ordered_priority_queue_monolithic_sv:dut_i|page_ram:page_ram_i|altsyncram:page_ram_i|altsyncram_0902:auto_generated|ram_block1a151" File: /tmp/packet_scheduler_hw_constraints_sub/syn/quartus/opq_native_sv_2lane_signoff/db/altsyncram_0902.tdf Line: 4423
        Warning (14320): Synthesized away node "ordered_priority_queue_monolithic_sv:dut_i|page_ram:page_ram_i|altsyncram:page_ram_i|altsyncram_0902:auto_generated|ram_block1a156" File: /tmp/packet_scheduler_hw_constraints_sub/syn/quartus/opq_native_sv_2lane_signoff/db/altsyncram_0902.tdf Line: 4568
        Warning (14320): Synthesized away node "ordered_priority_queue_monolithic_sv:dut_i|page_ram:page_ram_i|altsyncram:page_ram_i|altsyncram_0902:auto_generated|ram_block1a157" File: /tmp/packet_scheduler_hw_constraints_sub/syn/quartus/opq_native_sv_2lane_signoff/db/altsyncram_0902.tdf Line: 4597
        Warning (14320): Synthesized away node "ordered_priority_queue_monolithic_sv:dut_i|page_ram:page_ram_i|altsyncram:page_ram_i|altsyncram_0902:auto_generated|ram_block1a158" File: /tmp/packet_scheduler_hw_constraints_sub/syn/quartus/opq_native_sv_2lane_signoff/db/altsyncram_0902.tdf Line: 4626
        Warning (14320): Synthesized away node "ordered_priority_queue_monolithic_sv:dut_i|page_ram:page_ram_i|altsyncram:page_ram_i|altsyncram_0902:auto_generated|ram_block1a159" File: /tmp/packet_scheduler_hw_constraints_sub/syn/quartus/opq_native_sv_2lane_signoff/db/altsyncram_0902.tdf Line: 4655
        Warning (14320): Synthesized away node "ordered_priority_queue_monolithic_sv:dut_i|lane_fifo:g_storage[1].lane_fifo_i|altsyncram:lane_fifo_ram|altsyncram_g402:auto_generated|q_b[25]" File: /tmp/packet_scheduler_hw_constraints_sub/syn/quartus/opq_native_sv_2lane_signoff/db/altsyncram_g402.tdf Line: 762
        Warning (14320): Synthesized away node "ordered_priority_queue_monolithic_sv:dut_i|lane_fifo:g_storage[1].lane_fifo_i|altsyncram:lane_fifo_ram|altsyncram_g402:auto_generated|q_b[26]" File: /tmp/packet_scheduler_hw_constraints_sub/syn/quartus/opq_native_sv_2lane_signoff/db/altsyncram_g402.tdf Line: 791
        Warning (14320): Synthesized away node "ordered_priority_queue_monolithic_sv:dut_i|lane_fifo:g_storage[1].lane_fifo_i|altsyncram:lane_fifo_ram|altsyncram_g402:auto_generated|q_b[27]" File: /tmp/packet_scheduler_hw_constraints_sub/syn/quartus/opq_native_sv_2lane_signoff/db/altsyncram_g402.tdf Line: 820
        Warning (14320): Synthesized away node "ordered_priority_queue_monolithic_sv:dut_i|lane_fifo:g_storage[1].lane_fifo_i|altsyncram:lane_fifo_ram|altsyncram_g402:auto_generated|q_b[28]" File: /tmp/packet_scheduler_hw_constraints_sub/syn/quartus/opq_native_sv_2lane_signoff/db/altsyncram_g402.tdf Line: 849
        Warning (14320): Synthesized away node "ordered_priority_queue_monolithic_sv:dut_i|lane_fifo:g_storage[1].lane_fifo_i|altsyncram:lane_fifo_ram|altsyncram_g402:auto_generated|q_b[29]" File: /tmp/packet_scheduler_hw_constraints_sub/syn/quartus/opq_native_sv_2lane_signoff/db/altsyncram_g402.tdf Line: 878
        Warning (14320): Synthesized away node "ordered_priority_queue_monolithic_sv:dut_i|lane_fifo:g_storage[1].lane_fifo_i|altsyncram:lane_fifo_ram|altsyncram_g402:auto_generated|q_b[30]" File: /tmp/packet_scheduler_hw_constraints_sub/syn/quartus/opq_native_sv_2lane_signoff/db/altsyncram_g402.tdf Line: 907
        Warning (14320): Synthesized away node "ordered_priority_queue_monolithic_sv:dut_i|lane_fifo:g_storage[1].lane_fifo_i|altsyncram:lane_fifo_ram|altsyncram_g402:auto_generated|q_b[31]" File: /tmp/packet_scheduler_hw_constraints_sub/syn/quartus/opq_native_sv_2lane_signoff/db/altsyncram_g402.tdf Line: 936
        Warning (14320): Synthesized away node "ordered_priority_queue_monolithic_sv:dut_i|lane_fifo:g_storage[1].lane_fifo_i|altsyncram:lane_fifo_ram|altsyncram_g402:auto_generated|q_b[36]" File: /tmp/packet_scheduler_hw_constraints_sub/syn/quartus/opq_native_sv_2lane_signoff/db/altsyncram_g402.tdf Line: 1081
        Warning (14320): Synthesized away node "ordered_priority_queue_monolithic_sv:dut_i|lane_fifo:g_storage[1].lane_fifo_i|altsyncram:lane_fifo_ram|altsyncram_g402:auto_generated|q_b[37]" File: /tmp/packet_scheduler_hw_constraints_sub/syn/quartus/opq_native_sv_2lane_signoff/db/altsyncram_g402.tdf Line: 1110
        Warning (14320): Synthesized away node "ordered_priority_queue_monolithic_sv:dut_i|lane_fifo:g_storage[1].lane_fifo_i|altsyncram:lane_fifo_ram|altsyncram_g402:auto_generated|q_b[38]" File: /tmp/packet_scheduler_hw_constraints_sub/syn/quartus/opq_native_sv_2lane_signoff/db/altsyncram_g402.tdf Line: 1139
        Warning (14320): Synthesized away node "ordered_priority_queue_monolithic_sv:dut_i|lane_fifo:g_storage[1].lane_fifo_i|altsyncram:lane_fifo_ram|altsyncram_g402:auto_generated|q_b[39]" File: /tmp/packet_scheduler_hw_constraints_sub/syn/quartus/opq_native_sv_2lane_signoff/db/altsyncram_g402.tdf Line: 1168
        Warning (14320): Synthesized away node "ordered_priority_queue_monolithic_sv:dut_i|ticket_fifo:g_storage[1].ticket_fifo_i|altsyncram:ticket_fifo_ram|altsyncram_0202:auto_generated|q_b[66]" File: /tmp/packet_scheduler_hw_constraints_sub/syn/quartus/opq_native_sv_2lane_signoff/db/altsyncram_0202.tdf Line: 1951
        Warning (14320): Synthesized away node "ordered_priority_queue_monolithic_sv:dut_i|ticket_fifo:g_storage[1].ticket_fifo_i|altsyncram:ticket_fifo_ram|altsyncram_0202:auto_generated|q_b[67]" File: /tmp/packet_scheduler_hw_constraints_sub/syn/quartus/opq_native_sv_2lane_signoff/db/altsyncram_0202.tdf Line: 1980
        Warning (14320): Synthesized away node "ordered_priority_queue_monolithic_sv:dut_i|ticket_fifo:g_storage[1].ticket_fifo_i|altsyncram:ticket_fifo_ram|altsyncram_0202:auto_generated|q_b[68]" File: /tmp/packet_scheduler_hw_constraints_sub/syn/quartus/opq_native_sv_2lane_signoff/db/altsyncram_0202.tdf Line: 2009
        Warning (14320): Synthesized away node "ordered_priority_queue_monolithic_sv:dut_i|ticket_fifo:g_storage[1].ticket_fifo_i|altsyncram:ticket_fifo_ram|altsyncram_0202:auto_generated|q_b[69]" File: /tmp/packet_scheduler_hw_constraints_sub/syn/quartus/opq_native_sv_2lane_signoff/db/altsyncram_0202.tdf Line: 2038
        Warning (14320): Synthesized away node "ordered_priority_queue_monolithic_sv:dut_i|ticket_fifo:g_storage[1].ticket_fifo_i|altsyncram:ticket_fifo_ram|altsyncram_0202:auto_generated|q_b[118]" File: /tmp/packet_scheduler_hw_constraints_sub/syn/quartus/opq_native_sv_2lane_signoff/db/altsyncram_0202.tdf Line: 3459
        Warning (14320): Synthesized away node "ordered_priority_queue_monolithic_sv:dut_i|lane_fifo:g_storage[0].lane_fifo_i|altsyncram:lane_fifo_ram|altsyncram_g402:auto_generated|q_b[25]" File: /tmp/packet_scheduler_hw_constraints_sub/syn/quartus/opq_native_sv_2lane_signoff/db/altsyncram_g402.tdf Line: 762
        Warning (14320): Synthesized away node "ordered_priority_queue_monolithic_sv:dut_i|lane_fifo:g_storage[0].lane_fifo_i|altsyncram:lane_fifo_ram|altsyncram_g402:auto_generated|q_b[26]" File: /tmp/packet_scheduler_hw_constraints_sub/syn/quartus/opq_native_sv_2lane_signoff/db/altsyncram_g402.tdf Line: 791
        Warning (14320): Synthesized away node "ordered_priority_queue_monolithic_sv:dut_i|lane_fifo:g_storage[0].lane_fifo_i|altsyncram:lane_fifo_ram|altsyncram_g402:auto_generated|q_b[27]" File: /tmp/packet_scheduler_hw_constraints_sub/syn/quartus/opq_native_sv_2lane_signoff/db/altsyncram_g402.tdf Line: 820
        Warning (14320): Synthesized away node "ordered_priority_queue_monolithic_sv:dut_i|lane_fifo:g_storage[0].lane_fifo_i|altsyncram:lane_fifo_ram|altsyncram_g402:auto_generated|q_b[28]" File: /tmp/packet_scheduler_hw_constraints_sub/syn/quartus/opq_native_sv_2lane_signoff/db/altsyncram_g402.tdf Line: 849
        Warning (14320): Synthesized away node "ordered_priority_queue_monolithic_sv:dut_i|lane_fifo:g_storage[0].lane_fifo_i|altsyncram:lane_fifo_ram|altsyncram_g402:auto_generated|q_b[29]" File: /tmp/packet_scheduler_hw_constraints_sub/syn/quartus/opq_native_sv_2lane_signoff/db/altsyncram_g402.tdf Line: 878
        Warning (14320): Synthesized away node "ordered_priority_queue_monolithic_sv:dut_i|lane_fifo:g_storage[0].lane_fifo_i|altsyncram:lane_fifo_ram|altsyncram_g402:auto_generated|q_b[30]" File: /tmp/packet_scheduler_hw_constraints_sub/syn/quartus/opq_native_sv_2lane_signoff/db/altsyncram_g402.tdf Line: 907
        Warning (14320): Synthesized away node "ordered_priority_queue_monolithic_sv:dut_i|lane_fifo:g_storage[0].lane_fifo_i|altsyncram:lane_fifo_ram|altsyncram_g402:auto_generated|q_b[31]" File: /tmp/packet_scheduler_hw_constraints_sub/syn/quartus/opq_native_sv_2lane_signoff/db/altsyncram_g402.tdf Line: 936
        Warning (14320): Synthesized away node "ordered_priority_queue_monolithic_sv:dut_i|lane_fifo:g_storage[0].lane_fifo_i|altsyncram:lane_fifo_ram|altsyncram_g402:auto_generated|q_b[36]" File: /tmp/packet_scheduler_hw_constraints_sub/syn/quartus/opq_native_sv_2lane_signoff/db/altsyncram_g402.tdf Line: 1081
        Warning (14320): Synthesized away node "ordered_priority_queue_monolithic_sv:dut_i|lane_fifo:g_storage[0].lane_fifo_i|altsyncram:lane_fifo_ram|altsyncram_g402:auto_generated|q_b[37]" File: /tmp/packet_scheduler_hw_constraints_sub/syn/quartus/opq_native_sv_2lane_signoff/db/altsyncram_g402.tdf Line: 1110
        Warning (14320): Synthesized away node "ordered_priority_queue_monolithic_sv:dut_i|lane_fifo:g_storage[0].lane_fifo_i|altsyncram:lane_fifo_ram|altsyncram_g402:auto_generated|q_b[38]" File: /tmp/packet_scheduler_hw_constraints_sub/syn/quartus/opq_native_sv_2lane_signoff/db/altsyncram_g402.tdf Line: 1139
        Warning (14320): Synthesized away node "ordered_priority_queue_monolithic_sv:dut_i|lane_fifo:g_storage[0].lane_fifo_i|altsyncram:lane_fifo_ram|altsyncram_g402:auto_generated|q_b[39]" File: /tmp/packet_scheduler_hw_constraints_sub/syn/quartus/opq_native_sv_2lane_signoff/db/altsyncram_g402.tdf Line: 1168
        Warning (14320): Synthesized away node "ordered_priority_queue_monolithic_sv:dut_i|ticket_fifo:g_storage[0].ticket_fifo_i|altsyncram:ticket_fifo_ram|altsyncram_0202:auto_generated|q_b[66]" File: /tmp/packet_scheduler_hw_constraints_sub/syn/quartus/opq_native_sv_2lane_signoff/db/altsyncram_0202.tdf Line: 1951
        Warning (14320): Synthesized away node "ordered_priority_queue_monolithic_sv:dut_i|ticket_fifo:g_storage[0].ticket_fifo_i|altsyncram:ticket_fifo_ram|altsyncram_0202:auto_generated|q_b[67]" File: /tmp/packet_scheduler_hw_constraints_sub/syn/quartus/opq_native_sv_2lane_signoff/db/altsyncram_0202.tdf Line: 1980
        Warning (14320): Synthesized away node "ordered_priority_queue_monolithic_sv:dut_i|ticket_fifo:g_storage[0].ticket_fifo_i|altsyncram:ticket_fifo_ram|altsyncram_0202:auto_generated|q_b[68]" File: /tmp/packet_scheduler_hw_constraints_sub/syn/quartus/opq_native_sv_2lane_signoff/db/altsyncram_0202.tdf Line: 2009
        Warning (14320): Synthesized away node "ordered_priority_queue_monolithic_sv:dut_i|ticket_fifo:g_storage[0].ticket_fifo_i|altsyncram:ticket_fifo_ram|altsyncram_0202:auto_generated|q_b[69]" File: /tmp/packet_scheduler_hw_constraints_sub/syn/quartus/opq_native_sv_2lane_signoff/db/altsyncram_0202.tdf Line: 2038
        Warning (14320): Synthesized away node "ordered_priority_queue_monolithic_sv:dut_i|ticket_fifo:g_storage[0].ticket_fifo_i|altsyncram:ticket_fifo_ram|altsyncram_0202:auto_generated|q_b[118]" File: /tmp/packet_scheduler_hw_constraints_sub/syn/quartus/opq_native_sv_2lane_signoff/db/altsyncram_0202.tdf Line: 3459
Warning (276020): Inferred RAM node "ordered_priority_queue_monolithic_sv:dut_i|ordered_priority_queue_monolithic_basic_presenter:presenter_i|ordered_priority_queue_monolithic_basic_presenter_native:native_i|tile_fifo:meta_ram_i|ram_rtl_0" from synchronous design logic.  Pass-through logic has been added to match the read-during-write behavior of the original design.
Info (286030): Timing-Driven Synthesis is running
Info (284007): State machine "|opq_native_sv_2lane_signoff_top|ordered_priority_queue_monolithic_sv:dut_i|ordered_priority_queue_monolithic_basic_presenter:presenter_i|ordered_priority_queue_monolithic_basic_presenter_native:native_i|meta_read_owner" will be implemented as a safe state machine. File: /tmp/packet_scheduler_hw_constraints_sub/syn/quartus/opq_native_sv_2lane_signoff/src_compat/ordered_priority_queue_monolithic_basic_presenter.sv Line: 772
Info (284007): State machine "|opq_native_sv_2lane_signoff_top|ordered_priority_queue_monolithic_sv:dut_i|ordered_priority_queue_monolithic_basic_presenter:presenter_i|ordered_priority_queue_monolithic_basic_presenter_native:native_i|presenter_state" will be implemented as a safe state machine. File: /tmp/packet_scheduler_hw_constraints_sub/syn/quartus/opq_native_sv_2lane_signoff/src_compat/ordered_priority_queue_monolithic_basic_presenter.sv Line: 768
Info (284007): State machine "|opq_native_sv_2lane_signoff_top|ordered_priority_queue_monolithic_sv:dut_i|ordered_priority_queue_monolithic_block_path:block_path_i|arbiter_state" will be implemented as a safe state machine. File: /tmp/packet_scheduler_hw_constraints_sub/syn/quartus/opq_native_sv_2lane_signoff/src_compat/ordered_priority_queue_monolithic_block_path.sv Line: 183
Info (284007): State machine "|opq_native_sv_2lane_signoff_top|ordered_priority_queue_monolithic_sv:dut_i|ordered_priority_queue_monolithic_page_allocator:page_allocator_i|page_allocator_state" will be implemented as a safe state machine. File: /tmp/packet_scheduler_hw_constraints_sub/rtl/sv_ver/ordered_priority_queue/monolithic_sv/ordered_priority_queue_monolithic_page_allocator.sv Line: 300
Info (284007): State machine "|opq_native_sv_2lane_signoff_top|ordered_priority_queue_monolithic_sv:dut_i|ordered_priority_queue_monolithic_ingress_parser:g_ingress_parser[1].ingress_parser_i|ingress_parser_state" will be implemented as a safe state machine. File: /tmp/packet_scheduler_hw_constraints_sub/rtl/sv_ver/ordered_priority_queue/monolithic_sv/ordered_priority_queue_monolithic_ingress_parser.sv Line: 151
Info (284007): State machine "|opq_native_sv_2lane_signoff_top|ordered_priority_queue_monolithic_sv:dut_i|ordered_priority_queue_monolithic_ingress_parser:g_ingress_parser[0].ingress_parser_i|ingress_parser_state" will be implemented as a safe state machine. File: /tmp/packet_scheduler_hw_constraints_sub/rtl/sv_ver/ordered_priority_queue/monolithic_sv/ordered_priority_queue_monolithic_ingress_parser.sv Line: 151
Info (19000): Inferred 1 megafunctions from design logic
    Info (276029): Inferred altsyncram megafunction from the following design logic: "ordered_priority_queue_monolithic_sv:dut_i|ordered_priority_queue_monolithic_basic_presenter:presenter_i|ordered_priority_queue_monolithic_basic_presenter_native:native_i|tile_fifo:meta_ram_i|ram_rtl_0" 
        Info (286033): Parameter OPERATION_MODE set to DUAL_PORT
        Info (286033): Parameter WIDTH_A set to 32
        Info (286033): Parameter WIDTHAD_A set to 9
        Info (286033): Parameter NUMWORDS_A set to 512
        Info (286033): Parameter WIDTH_B set to 32
        Info (286033): Parameter WIDTHAD_B set to 9
        Info (286033): Parameter NUMWORDS_B set to 512
        Info (286033): Parameter ADDRESS_ACLR_A set to NONE
        Info (286033): Parameter OUTDATA_REG_B set to UNREGISTERED
        Info (286033): Parameter ADDRESS_ACLR_B set to NONE
        Info (286033): Parameter OUTDATA_ACLR_B set to NONE
        Info (286033): Parameter ADDRESS_REG_B set to CLOCK0
        Info (286033): Parameter INDATA_ACLR_A set to NONE
        Info (286033): Parameter WRCONTROL_ACLR_A set to NONE
        Info (286033): Parameter RAM_BLOCK_TYPE set to M20K
        Info (286033): Parameter READ_DURING_WRITE_MODE_MIXED_PORTS set to OLD_DATA
Info (12130): Elaborated megafunction instantiation "ordered_priority_queue_monolithic_sv:dut_i|ordered_priority_queue_monolithic_basic_presenter:presenter_i|ordered_priority_queue_monolithic_basic_presenter_native:native_i|tile_fifo:meta_ram_i|altsyncram:ram_rtl_0"
Info (12133): Instantiated megafunction "ordered_priority_queue_monolithic_sv:dut_i|ordered_priority_queue_monolithic_basic_presenter:presenter_i|ordered_priority_queue_monolithic_basic_presenter_native:native_i|tile_fifo:meta_ram_i|altsyncram:ram_rtl_0" with the following parameter:
    Info (12134): Parameter "OPERATION_MODE" = "DUAL_PORT"
    Info (12134): Parameter "WIDTH_A" = "32"
    Info (12134): Parameter "WIDTHAD_A" = "9"
    Info (12134): Parameter "NUMWORDS_A" = "512"
    Info (12134): Parameter "WIDTH_B" = "32"
    Info (12134): Parameter "WIDTHAD_B" = "9"
    Info (12134): Parameter "NUMWORDS_B" = "512"
    Info (12134): Parameter "ADDRESS_ACLR_A" = "NONE"
    Info (12134): Parameter "OUTDATA_REG_B" = "UNREGISTERED"
    Info (12134): Parameter "ADDRESS_ACLR_B" = "NONE"
    Info (12134): Parameter "OUTDATA_ACLR_B" = "NONE"
    Info (12134): Parameter "ADDRESS_REG_B" = "CLOCK0"
    Info (12134): Parameter "INDATA_ACLR_A" = "NONE"
    Info (12134): Parameter "WRCONTROL_ACLR_A" = "NONE"
    Info (12134): Parameter "RAM_BLOCK_TYPE" = "M20K"
    Info (12134): Parameter "READ_DURING_WRITE_MODE_MIXED_PORTS" = "OLD_DATA"
Info (12021): Found 1 design units, including 1 entities, in source file db/altsyncram_vro1.tdf
    Info (12023): Found entity 1: altsyncram_vro1 File: /tmp/packet_scheduler_hw_constraints_sub/syn/quartus/opq_native_sv_2lane_signoff/db/altsyncram_vro1.tdf Line: 27
Info (17049): 124 registers lost all their fanouts during netlist optimizations.
Info (144001): Generated suppressed messages file /tmp/packet_scheduler_hw_constraints_sub/syn/quartus/opq_native_sv_2lane_signoff/output_files/opq_native_sv_2lane_signoff.map.smsg
Critical Warning (15725): clock port is fed by virtual pin "clk~input"; timing analysis treats input to the clock port as a ripple clock
Info (15717): Design contains 18 virtual pins; timing numbers associated with paths containing virtual pins are estimates
    Info (15719): Pin "activity_o[0]" is virtual output pin File: /tmp/packet_scheduler_hw_constraints_sub/syn/quartus/opq_native_sv_2lane_signoff/opq_native_sv_2lane_signoff_top.sv Line: 5
    Info (15719): Pin "activity_o[1]" is virtual output pin File: /tmp/packet_scheduler_hw_constraints_sub/syn/quartus/opq_native_sv_2lane_signoff/opq_native_sv_2lane_signoff_top.sv Line: 5
    Info (15719): Pin "activity_o[2]" is virtual output pin File: /tmp/packet_scheduler_hw_constraints_sub/syn/quartus/opq_native_sv_2lane_signoff/opq_native_sv_2lane_signoff_top.sv Line: 5
    Info (15719): Pin "activity_o[3]" is virtual output pin File: /tmp/packet_scheduler_hw_constraints_sub/syn/quartus/opq_native_sv_2lane_signoff/opq_native_sv_2lane_signoff_top.sv Line: 5
    Info (15719): Pin "activity_o[4]" is virtual output pin File: /tmp/packet_scheduler_hw_constraints_sub/syn/quartus/opq_native_sv_2lane_signoff/opq_native_sv_2lane_signoff_top.sv Line: 5
    Info (15719): Pin "activity_o[5]" is virtual output pin File: /tmp/packet_scheduler_hw_constraints_sub/syn/quartus/opq_native_sv_2lane_signoff/opq_native_sv_2lane_signoff_top.sv Line: 5
    Info (15719): Pin "activity_o[6]" is virtual output pin File: /tmp/packet_scheduler_hw_constraints_sub/syn/quartus/opq_native_sv_2lane_signoff/opq_native_sv_2lane_signoff_top.sv Line: 5
    Info (15719): Pin "activity_o[7]" is virtual output pin File: /tmp/packet_scheduler_hw_constraints_sub/syn/quartus/opq_native_sv_2lane_signoff/opq_native_sv_2lane_signoff_top.sv Line: 5
    Info (15719): Pin "activity_o[8]" is virtual output pin File: /tmp/packet_scheduler_hw_constraints_sub/syn/quartus/opq_native_sv_2lane_signoff/opq_native_sv_2lane_signoff_top.sv Line: 5
    Info (15719): Pin "activity_o[9]" is virtual output pin File: /tmp/packet_scheduler_hw_constraints_sub/syn/quartus/opq_native_sv_2lane_signoff/opq_native_sv_2lane_signoff_top.sv Line: 5
    Info (15719): Pin "activity_o[10]" is virtual output pin File: /tmp/packet_scheduler_hw_constraints_sub/syn/quartus/opq_native_sv_2lane_signoff/opq_native_sv_2lane_signoff_top.sv Line: 5
    Info (15719): Pin "activity_o[11]" is virtual output pin File: /tmp/packet_scheduler_hw_constraints_sub/syn/quartus/opq_native_sv_2lane_signoff/opq_native_sv_2lane_signoff_top.sv Line: 5
    Info (15719): Pin "activity_o[12]" is virtual output pin File: /tmp/packet_scheduler_hw_constraints_sub/syn/quartus/opq_native_sv_2lane_signoff/opq_native_sv_2lane_signoff_top.sv Line: 5
    Info (15719): Pin "activity_o[13]" is virtual output pin File: /tmp/packet_scheduler_hw_constraints_sub/syn/quartus/opq_native_sv_2lane_signoff/opq_native_sv_2lane_signoff_top.sv Line: 5
    Info (15719): Pin "activity_o[14]" is virtual output pin File: /tmp/packet_scheduler_hw_constraints_sub/syn/quartus/opq_native_sv_2lane_signoff/opq_native_sv_2lane_signoff_top.sv Line: 5
    Info (15719): Pin "activity_o[15]" is virtual output pin File: /tmp/packet_scheduler_hw_constraints_sub/syn/quartus/opq_native_sv_2lane_signoff/opq_native_sv_2lane_signoff_top.sv Line: 5
    Info (15718): Pin "clk" is virtual input pin File: /tmp/packet_scheduler_hw_constraints_sub/syn/quartus/opq_native_sv_2lane_signoff/opq_native_sv_2lane_signoff_top.sv Line: 2
    Info (15718): Pin "reset_n" is virtual input pin File: /tmp/packet_scheduler_hw_constraints_sub/syn/quartus/opq_native_sv_2lane_signoff/opq_native_sv_2lane_signoff_top.sv Line: 3
Info (21057): Implemented 6695 device resources after synthesis - the final resource count might be different
    Info (21058): Implemented 0 input pins
    Info (21059): Implemented 0 output pins
    Info (21061): Implemented 6189 logic cells
    Info (21064): Implemented 506 RAM segments
Info: Quartus Prime Analysis & Synthesis was successful. 0 errors, 103 warnings
    Info: Peak virtual memory: 1184 megabytes
    Info: Processing ended: Mon Apr 20 11:05:04 2026
    Info: Elapsed time: 00:00:24
    Info: Total CPU time (on all processors): 00:00:41


+------------------------------------------+
; Analysis & Synthesis Suppressed Messages ;
+------------------------------------------+
The suppressed messages can be found in /tmp/packet_scheduler_hw_constraints_sub/syn/quartus/opq_native_sv_2lane_signoff/output_files/opq_native_sv_2lane_signoff.map.smsg.


