121 101
-1.00000000 -0.98333333 -0.96666667 -0.95000000 -0.93333333 -0.91666667 -0.90000000 -0.88333333 -0.86666667 -0.85000000 -0.83333333 -0.81666667 -0.80000000 -0.78333333 -0.76666667 -0.75000000 -0.73333333 -0.71666667 -0.70000000 -0.68333333 -0.66666667 -0.65000000 -0.63333333 -0.61666667 -0.60000000 -0.58333333 -0.56666667 -0.55000000 -0.53333333 -0.51666667 -0.50000000 -0.48333333 -0.46666667 -0.45000000 -0.43333333 -0.41666667 -0.40000000 -0.38333333 -0.36666667 -0.35000000 -0.33333333 -0.31666667 -0.30000000 -0.28333333 -0.26666667 -0.25000000 -0.23333333 -0.21666667 -0.20000000 -0.18333333 -0.16666667 -0.15000000 -0.13333333 -0.11666667 -0.10000000 -0.08333333 -0.06666667 -0.05000000 -0.03333333 -0.01666667 0.00000000 0.01666667 0.03333333 0.05000000 0.06666667 0.08333333 0.10000000 0.11666667 0.13333333 0.15000000 0.16666667 0.18333333 0.20000000 0.21666667 0.23333333 0.25000000 0.26666667 0.28333333 0.30000000 0.31666667 0.33333333 0.35000000 0.36666667 0.38333333 0.40000000 0.41666667 0.43333333 0.45000000 0.46666667 0.48333333 0.50000000 0.51666667 0.53333333 0.55000000 0.56666667 0.58333333 0.60000000 0.61666667 0.63333333 0.65000000 0.66666667 0.68333333 0.70000000 0.71666667 0.73333333 0.75000000 0.76666667 0.78333333 0.80000000 0.81666667 0.83333333 0.85000000 0.86666667 0.88333333 0.90000000 0.91666667 0.93333333 0.95000000 0.96666667 0.98333333 1.00000000
0.01000000 0.01390000 0.01780000 0.02170000 0.02560000 0.02950000 0.03340000 0.03730000 0.04120000 0.04510000 0.04900000 0.05290000 0.05680000 0.06070000 0.06460000 0.06850000 0.07240000 0.07630000 0.08020000 0.08410000 0.08800000 0.09190000 0.09580000 0.09970000 0.10360000 0.10750000 0.11140000 0.11530000 0.11920000 0.12310000 0.12700000 0.13090000 0.13480000 0.13870000 0.14260000 0.14650000 0.15040000 0.15430000 0.15820000 0.16210000 0.16600000 0.16990000 0.17380000 0.17770000 0.18160000 0.18550000 0.18940000 0.19330000 0.19720000 0.20110000 0.20500000 0.20890000 0.21280000 0.21670000 0.22060000 0.22450000 0.22840000 0.23230000 0.23620000 0.24010000 0.24400000 0.24790000 0.25180000 0.25570000 0.25960000 0.26350000 0.26740000 0.27130000 0.27520000 0.27910000 0.28300000 0.28690000 0.29080000 0.29470000 0.29860000 0.30250000 0.30640000 0.31030000 0.31420000 0.31810000 0.32200000 0.32590000 0.32980000 0.33370000 0.33760000 0.34150000 0.34540000 0.34930000 0.35320000 0.35710000 0.36100000 0.36490000 0.36880000 0.37270000 0.37660000 0.38050000 0.38440000 0.38830000 0.39220000 0.39610000 0.40000000
0.0000000000 0.0000000000 0.0000000000 0.0000000000 0.0000000000 0.0000000000 0.0000000000 0.0000000000 0.0000000000 0.0000000000 0.0000000000 0.0000000000 0.0000000000 0.0000000003 0.0000000020 0.0000000121 0.0000000653 0.0000003202 0.0000014300 0.0000058580 0.0000221015 0.0000769763 0.0002475028 0.0007326205 0.0019841161 0.0048693354 0.0107058002 0.0208942205 0.0361425830 0.0559134573 0.0787148249 0.1029026482 0.1272431243 0.1510153483 0.1738768244 0.1957043520 0.2164845826 0.2362532599 0.2550651222 0.2729800372 0.2900570047 0.3063517816 0.3219161175 0.3367976797 0.3510402551 0.3646840492 0.3777660040 0.3903201030 0.4023776528 0.4139675367 0.4251164430 0.4358490683 0.4461882995 0.4561553760 0.4657700359 0.4750506453 0.4840143163 0.4926770117 0.5010536402 0.5091581416 0.5170035648 0.5246021372 0.5319653288 0.5391039101 0.5460280039 0.5527471340 0.5592702685 0.5656058599 0.5717618815 0.5777458610 0.5835649110 0.5892257574 0.5947347655 0.6000979634 0.6053210643 0.6104094869 0.6153683740 0.6202026097 0.6249168358 0.6295154662 0.6340027012 0.6383825400 0.6426587926 0.6468350908 0.6509148987 0.6549015221 0.6587981176 0.6626077006 0.6663331535 0.6699772327 0.6735425756 0.6770317068 0.6804470439 0.6837909037 0.6870655066 0.6902729824 0.6934153741 0.6964946428 0.6995126716 0.7024712694 0.7053721745
0.0000000000 0.0000000000 0.0000000000 0.0000000000 0.0000000000 0.0000000000 0.0000000000 0.0000000000 0.0000000000 0.0000000000 0.0000000000 0.0000000000 0.0000000000 0.0000000003 0.0000000023 0.0000000137 0.0000000742 0.0000003632 0.0000016203 0.0000066274 0.0000249558 0.0000867015 0.0002778522 0.0008187804 0.0022039442 0.0053647191 0.0116729330 0.0225080651 0.0384486641 0.0587946454 0.0819687718 0.1063405470 0.1307349093 0.1544869458 0.1772914942 0.1990462251 0.2197483303 0.2394385262 0.2581737554 0.2760147764 0.2930208750 0.3092478246 0.3247472757 0.3395667522 0.3537498846 0.3673367234 0.3803640625 0.3928657467 0.4048729533 0.4164144459 0.4275168018 0.4382046145 0.4485006756 0.4584261358 0.4680006508 0.4772425102 0.4861687544 0.4947952798 0.5031369326 0.5112075947 0.5190202602 0.5265871056 0.5339195531 0.5410283280 0.5479235111 0.5546145862 0.5611104842 0.5674196221 0.5735499400 0.5795089340 0.5853036872 0.5909408974 0.5964269033 0.6017677078 0.6069690003 0.6120361768 0.6169743586 0.6217884095 0.6264829519 0.6310623813 0.6355308804 0.6398924317 0.6441508292 0.6483096898 0.6523724629 0.6563424406 0.6602227663 0.6640164428 0.6677263405 0.6713552044 0.6749056606 0.6783802233 0.6817813001 0.6851111980 0.6883721282 0.6915662115 0.6946954825 0.6977618941 0.7007673215 0.7037135660 0.7066023587
0.0000000000 0.0000000000 0.0000000000 0.0000000000 0.0000000000 0.0000000000 0.0000000000 0.0000000000 0.0000000000 0.0000000000 0.0000000000 0.0000000000 0.0000000000 0.0000000004 0.0000000026 0.0000000156 0.0000000843 0.0000004124 0.0000018376 0.0000075043 0.0000282018 0.0000977251 0.0003121013 0.0009154050 0.0024483083 0.0059087977 0.0127189739 0.0242234822 0.0408583804 0.0617624136 0.0852857367 0.1098216238 0.1342567298 0.1579809305 0.1807243621 0.2024040197 0.2230267116 0.2426376339 0.2612956858 0.2790623950 0.2959972749 0.3121560864 0.3275903673 0.3423474904 0.3564709265 0.3700005685 0.3829730612 0.3954221095 0.4073787607 0.4188716582 0.4299272675 0.4405700790 0.4508227881 0.4607064569 0.4702406580 0.4794436041 0.4883322640 0.4969224670 0.5052289969 0.5132656771 0.5210454470 0.5285804319 0.5358820058 0.5429608489 0.5498269995 0.5564899016 0.5629584483 0.5692410213 0.5753455271 0.5812794306 0.5870497847 0.5926632592 0.5981261660 0.6034444828 0.6086238750 0.6136697159 0.6185871053 0.6233808865 0.6280556622 0.6326158097 0.6370654940 0.6414086808 0.6456491482 0.6497904977 0.6538361643 0.6577894263 0.6616534136 0.6654311167 0.6691253937 0.6727389781 0.6762744849 0.6797344178 0.6831211743 0.6864370514 0.6896842514 0.6928648859 0.6959809809 0.6990344812 0.7020272541 0.7049610933 0.7078377227
0.0000000000 0.0000000000 0.0000000000 0.0000000000 0.0000000000 0.0000000000 0.0000000000 0.0000000000 0.0000000000 0.0000000000 0.0000000000 0.0000000000 0.0000000001 0.0000000004 0.0000000029 0.0000000178 0.0000000960 0.0000004688 0.0000020860 0.0000085050 0.0000318961 0.0001102292 0.0003507692 0.0010237815 0.0027198661 0.0065058515 0.0138487970 0.0260437508 0.0433721276 0.0648151193 0.0886636498 0.1133443048 0.1378076621 0.1614968647 0.1841752833 0.2057777487 0.2263198185 0.2458507129 0.2644310599 0.2821230459 0.2989863583 0.3150767200 0.3304455427 0.3451400423 0.3592035257 0.3726757268 0.3855931394 0.3979893278 0.4098952089 0.4213393048 0.4323479690 0.4429455881 0.4531547612 0.4629964610 0.4724901770 0.4816540446 0.4905049606 0.4990586870 0.5073299449 0.5153324988 0.5230792335 0.5305822226 0.5378527918 0.5449015759 0.5517385708 0.5583731801 0.5648142594 0.5710701547 0.5771487390 0.5830574452 0.5888032967 0.5943929347 0.5998326443 0.6051283779 0.6102857769 0.6153101916 0.6202067003 0.6249801256 0.6296350508 0.6341758345 0.6386066241 0.6429313684 0.6471538295 0.6512775936 0.6553060811 0.6592425563 0.6630901360 0.6668517978 0.6705303878 0.6741286277 0.6776491218 0.6810943628 0.6844667380 0.6877685349 0.6910019463 0.6941690748 0.6972719380 0.7003124722 0.7032925369 0.7062139181 0.7090783324
0.0000000000 0.0000000000 0.0000000000 0.0000000000 0.0000000000 0.0000000000 0.0000000000 0.0000000000 0.0000000000 0.0000000000 0.0000000000 0.0000000000 0.0000000001 0.0000000005 0.0000000034 0.0000000203 0.0000001093 0.0000005334 0.0000023703 0.0000096477 0.0000361041 0.0001244219 0.0003944454 0.0011453524 0.0030215351 0.0071604295 0.0150673296 0.0279718901 0.0459899535 0.0679509295 0.0921004237 0.1169070735 0.1413868455 0.1650343560 0.1876441414 0.2091674423 0.2296277542 0.2490779005 0.2675800298 0.2851968863 0.3019882832 0.3180098816 0.3333129560 0.3479445589 0.3619478305 0.3753623433 0.3882244393 0.4005675413 0.4124224345 0.4238175197 0.4347790377 0.4453312708 0.4554967215 0.4652962725 0.4747493300 0.4838739518 0.4926869622 0.5012040558 0.5094398906 0.5174081722 0.5251217301 0.5325925863 0.5398320180 0.5468506146 0.5536583287 0.5602645243 0.5666780185 0.5729071218 0.5789596735 0.5848430747 0.5905643185 0.5961300179 0.6015464310 0.6068194847 0.6119547962 0.6169576930 0.6218332315 0.6265862138 0.6312212035 0.6357425405 0.6401543545 0.6444605773 0.6486649549 0.6527710583 0.6567822931 0.6607019096 0.6645330114 0.6682785632 0.6719413990 0.6755242289 0.6790296458 0.6824601319 0.6858180644 0.6891057208 0.6923252845 0.6954788493 0.6985684239 0.7015959365 0.7045632385 0.7074721084 0.7103242554
0.0000000000 0.0000000000 0.0000000000 0.0000000000 0.0000000000 0.0000000000 0.0000000000 0.0000000000 0.0000000000 0.0000000000 0.0000000000 0.0000000000 0.0000000001 0.0000000006 0.0000000038 0.0000000231 0.0000001247 0.0000006076 0.0000026960 0.0000109540 0.0000409012 0.0001405422 0.0004437997 0.0012817331 0.0033565101 0.0078773453 0.0163795129 0.0300106214 0.0487115566 0.0711678428 0.0955939702 0.1205084767 0.1449934818 0.1685930565 0.1911308478 0.2125731476 0.2329506324 0.2523193411 0.2707427527 0.2882840778 0.3050032113 0.3209557314 0.3361927645 0.3507611948 0.3647039922 0.3780605665 0.3908671064 0.4031568922 0.4149605772 0.4263064399 0.4372206080 0.4477272591 0.4578487984 0.4676060185 0.4770182420 0.4861034484 0.4948783894 0.5033586919 0.5115589506 0.5194928119 0.5271730497 0.5346116342 0.5418197940 0.5488080725 0.5555863795 0.5621640384 0.5685498284 0.5747520241 0.5807784307 0.5866364175 0.5923329474 0.5978746048 0.6032676208 0.6085178966 0.6136310252 0.6186123112 0.6234667889 0.6281992399 0.6328142079 0.6373160142 0.6417087706 0.6459963919 0.6501826080 0.6542709743 0.6582648819 0.6621675670 0.6659821196 0.6697114919 0.6733585055 0.6769258587 0.6804161333 0.6838318008 0.6871752281 0.6904486829 0.6936543392 0.6967942815 0.6998705102 0.7028849450 0.7058394292 0.7087357337 0.7115755603
0.0000000000 0.0000000000 0.0000000000 0.0000000000 0.0000000000 0.0000000000 0.0000000000 0.0000000000 0.0000000000 0.0000000000 0.0000000000 0.0000000000 0.0000000001 0.0000000006 0.0000000044 0.0000000264 0.0000001423 0.0000006927 0.0000030694 0.0000124486 0.0000463744 0.0001588637 0.0004995924 0.0014347302 0.0037282812 0.0086616689 0.0177902589 0.0321623316 0.0515362913 0.0744637113 0.0991422158 0.1241471292 0.1486268355 0.1721726609 0.1946353401 0.2159949276 0.2362885769 0.2555751860 0.2739193914 0.2913847866 0.3080313085 0.3239144331 0.3390851294 0.3535901077 0.3674721655 0.3807705478 0.3935212890 0.4057575261 0.4175097796 0.4288062053 0.4396728172 0.4501336875 0.4602111241 0.4699258290 0.4792970404 0.4883426597 0.4970793655 0.5055227166 0.5136872442 0.5215865351 0.5292333077 0.5366394799 0.5438162314 0.5507740597 0.5575228315 0.5640718295 0.5704297946 0.5766049652 0.5826051129 0.5884375746 0.5941092829 0.5996267935 0.6049963104 0.6102237091 0.6153145582 0.6202741391 0.6251074643 0.6298192944 0.6344141536 0.6388963441 0.6432699598 0.6475388986 0.6517068741 0.6557774260 0.6597539309 0.6636396107 0.6674375422 0.6711506644 0.6747817867 0.6783335958 0.6818086622 0.6852094466 0.6885383055 0.6917974968 0.6949891850 0.6981154456 0.7011782702 0.7041795701 0.7071211807 0.7100048651 0.7128323177
0.0000000000 0.0000000000 0.0000000000 0.0000000000 0.0000000000 0.0000000000 0.0000000000 0.0000000000 0.0000000000 0.0000000000 0.0000000000 0.0000000000 0.0000000001 0.0000000007 0.0000000050 0.0000000302 0.0000001626 0.0000007906 0.0000034979 0.0000141603 0.0000526242 0.0001797006 0.0005626867 0.0016063624 0.0041406509 0.0095187128 0.0193044024 0.0344290406 0.0544631756 0.0778362654 0.1027431158 0.1278217178 0.1522862330 0.1757729055 0.1981575813 0.2194328605 0.2396417211 0.2588455938 0.2771101140 0.2944991834 0.3110727447 0.3268861544 0.3419902151 0.3564314591 0.3702525087 0.3834924423 0.3961871391 0.4083695918 0.4200701877 0.4313169589 0.4421358054 0.4525506938 0.4625838339 0.4722558366 0.4815858557 0.4905917138 0.4992900164 0.5076962537 0.5158248930 0.5236894616 0.5313026218 0.5386762393 0.5458214445 0.5527486888 0.5594677955 0.5659880065 0.5723180244 0.5784660513 0.5844398246 0.5902466489 0.5958934266 0.6013866843 0.6067325988 0.6119370198 0.6170054914 0.6219432718 0.6267553516 0.6314464703 0.6360211321 0.6404836206 0.6448380116 0.6490881857 0.6532378403 0.6572904996 0.6612495252 0.6651181251 0.6688993622 0.6725961630 0.6762113242 0.6797475209 0.6832073122 0.6865931480 0.6899073745 0.6931522397 0.6963298984 0.6994424171 0.7024917787 0.7054798860 0.7084085663 0.7112795752 0.7140945993
0.0000000000 0.0000000000 0.0000000000 0.0000000000 0.0000000000 0.0000000000 0.0000000000 0.0000000000 0.0000000000 0.0000000000 0.0000000000 0.0000000000 0.0000000001 0.0000000008 0.0000000058 0.0000000346 0.0000001860 0.0000009033 0.0000039904 0.0000161225 0.0000597665 0.0002034131 0.0006340624 0.0017988819 0.0045977496 0.0104540125 0.0209266502 0.0368123717 0.0574909061 0.0812831375 0.1063946677 0.1315310045 0.1559710615 0.1793935661 0.2016975584 0.2228870394 0.2430102081 0.2621307293 0.2803150939 0.2976274435 0.3141276940 0.3298710667 0.3449081902 0.3592854142 0.3730451833 0.3862264082 0.3988648117 0.4109932413 0.4226419503 0.4338388469 0.4446097162 0.4549784188 0.4649670658 0.4745961770 0.4838848211 0.4928507417 0.5015104707 0.5098794296 0.5179720216 0.5258017138 0.5333811127 0.5407220310 0.5478355500 0.5547320747 0.5614213848 0.5679126812 0.5742146279 0.5803353907 0.5862826726 0.5920637459 0.5976854823 0.6031543795 0.6084765870 0.6136579284 0.6187039233 0.6236198066 0.6284105466 0.6330808620 0.6376352371 0.6420779362 0.6464130170 0.6506443433 0.6547755958 0.6588102832 0.6627517520 0.6666031962 0.6703676650 0.6740480718 0.6776472013 0.6811677163 0.6846121648 0.6879829857 0.6912825149 0.6945129903 0.6976765573 0.7007752733 0.7038111121 0.7067859683 0.7097016611 0.7125599381 0.7153624787
0.0000000000 0.0000000000 0.0000000000 0.0000000000 0.0000000000 0.0000000000 0.0000000000 0.0000000000 0.0000000000 0.0000000000 0.0000000000 0.0000000000 0.0000000001 0.0000000010 0.0000000066 0.0000000397 0.0000002131 0.0000010332 0.0000045568 0.0000183740 0.0000679357 0.0002304149 0.0007148313 0.0020147980 0.0051040492 0.0114733005 0.0226615265 0.0393135281 0.0606178752 0.0848018867 0.1100949230 0.1352738283 0.1596807681 0.1830344568 0.2052552814 0.2263575714 0.2463941903 0.2654307643 0.2835345100 0.3007697468 0.3171963348 0.3328693458 0.3478392269 0.3621521416 0.3758503547 0.3889726076 0.4015544655 0.4136286302 0.4252252201 0.4363720187 0.4470946962 0.4574170062 0.4673609611 0.4769469888 0.4861940728 0.4951198773 0.5037408601 0.5120723738 0.5201287571 0.5279234170 0.5354689034 0.5427769763 0.5498586673 0.5567243349 0.5633837151 0.5698459675 0.5761197174 0.5822130941 0.5881337661 0.5938889732 0.5994855563 0.6049299841 0.6102283784 0.6153865369 0.6204099545 0.6253038427 0.6300731476 0.6347225666 0.6392565641 0.6436793852 0.6479950696 0.6522074637 0.6563202317 0.6603368667 0.6642607003 0.6680949119 0.6718425374 0.6755064770 0.6790895029 0.6825942661 0.6860233031 0.6893790420 0.6926638081 0.6958798294 0.6990292417 0.7021140931 0.7051363487 0.7080978945 0.7110005416 0.7138460299 0.7166360311
0.0000000000 0.0000000000 0.0000000000 0.0000000000 0.0000000000 0.0000000000 0.0000000000 0.0000000000 0.0000000000 0.0000000000 0.0000000000 0.0000000000 0.0000000001 0.0000000011 0.0000000076 0.0000000455 0.0000002443 0.0000011830 0.0000052090 0.0000209599 0.0000772870 0.0002611806 0.0008062539 0.0022569012 0.0056643735 0.0125824734 0.0245133179 0.0419332747 0.0638421937 0.0883900235 0.1138419980 0.1390491069 0.1634148578 0.1866954282 0.2088307822 0.2298445768 0.2497938289 0.2687458774 0.2867685464 0.3039262779 0.3202788498 0.3358811712 0.3507835013 0.3650318140 0.3786681920 0.3917312060 0.4042562627 0.4162759173 0.4278201527 0.4389166272 0.4495908952 0.4598666032 0.4697656642 0.4793084140 0.4885137502 0.4973992574 0.5059813191 0.5142752186 0.5222952298 0.5300546992 0.5375661200 0.5448411992 0.5518909185 0.5587255896 0.5653549047 0.5717879820 0.5780334079 0.5840992749 0.5899932168 0.5957224409 0.6012937571 0.6067136050 0.6119880786 0.6171229497 0.6221236881 0.6269954819 0.6317432548 0.6363716831 0.6408852109 0.6452880643 0.6495842648 0.6537776412 0.6578718413 0.6618703424 0.6657764611 0.6695933624 0.6733240685 0.6769714666 0.6805383162 0.6840272564 0.6874408124 0.6907814011 0.6940513375 0.6972528395 0.7003880331 0.7034589573 0.7064675683 0.7094157437 0.7123052863 0.7151379280 0.7179153332
0.0000000000 0.0000000000 0.0000000000 0.0000000000 0.0000000000 0.0000000000 0.0000000000 0.0000000000 0.0000000000 0.0000000000 0.0000000000 0.0000000000 0.0000000002 0.0000000013 0.0000000087 0.0000000523 0.0000002804 0.0000013560 0.0000059607 0.0000239330 0.0000880002 0.0002962555 0.0009097587 0.0025282892 0.0062839053 0.0137875520 0.0264860162 0.0446719257 0.0671617163 0.0920450326 0.1176340824 0.1428558375 0.1671728925 0.1903763660 0.2124241137 0.2333481893 0.2532092939 0.2720762533 0.2900173927 0.3070972265 0.3233754262 0.3389067269 0.3537411939 0.3679246081 0.3814988682 0.3945023729 0.4069703693 0.4189352653 0.4304269076 0.4414728287 0.4520984667 0.4623273603 0.4721813229 0.4816805975 0.4908439958 0.4996890221 0.5082319854 0.5164880992 0.5244715726 0.5321956912 0.5396728912 0.5469148263 0.5539324283 0.5607359619 0.5673350749 0.5737388442 0.5799558169 0.5859940488 0.5918611390 0.5975642617 0.6031101959 0.6085053519 0.6137557959 0.6188672733 0.6238452292 0.6286948279 0.6334209708 0.6380283128 0.6425212777 0.6469040725 0.6511807002 0.6553549722 0.6594305199 0.6634108045 0.6672991275 0.6710986397 0.6748123493 0.6784431304 0.6819937300 0.6854667753 0.6888647796 0.6921901492 0.6954451883 0.6986321048 0.7017530150 0.7048099486 0.7078048529 0.7107395968 0.7136159751 0.7164357118 0.7192004636
0.0000000000 0.0000000000 0.0000000000 0.0000000000 0.0000000000 0.0000000000 0.0000000000 0.0000000000 0.0000000000 0.0000000000 0.0000000000 0.0000000000 0.0000000002 0.0000000015 0.0000000101 0.0000000602 0.0000003222 0.0000015561 0.0000068282 0.0000273543 0.0001002837 0.0003362654 0.0010269635 0.0028323930 0.0069681893 0.0150946331 0.0285832630 0.0475293401 0.0705740704 0.0957643960 0.1214694477 0.1466930965 0.1709544885 0.1940771890 0.2160353485 0.2368685547 0.2566407638 0.2754220836 0.2932812441 0.3102827869 0.3264862558 0.3419462011 0.3567124892 0.3708307045 0.3843425602 0.3972862815 0.4096969551 0.4216068406 0.4330456478 0.4440407830 0.4546175674 0.4647994315 0.4746080883 0.4840636879 0.4931849553 0.5019893146 0.5104929997 0.5187111542 0.5266579218 0.5343465270 0.5417893489 0.5489979876 0.5559833246 0.5627555773 0.5693243495 0.5756986760 0.5818870648 0.5878975346 0.5937376494 0.5994145508 0.6049349863 0.6103053368 0.6155316407 0.6206196170 0.6255746856 0.6304019872 0.6351064005 0.6396925592 0.6441648667 0.6485275106 0.6527844755 0.6569395555 0.6609963648 0.6649583492 0.6688287948 0.6726108378 0.6763074729 0.6799215606 0.6834558356 0.6869129127 0.6902952940 0.6936053744 0.6968454477 0.7000177116 0.7031242728 0.7061671514 0.7091482860 0.7120695368 0.7149326903 0.7177394626 0.7204915028
0.0000000000 0.0000000000 0.0000000000 0.0000000000 0.0000000000 0.0000000000 0.0000000000 0.0000000000 0.0000000000 0.0000000000 0.0000000000 0.0000000000 0.0000000002 0.0000000017 0.0000000116 0.0000000693 0.0000003707 0.0000017878 0.0000078303 0.0000312954 0.0001143790 0.0003819293 0.0011596988 0.0031730037 0.0077231279 0.0165098351 0.0308082960 0.0505049239 0.0740766871 0.0995456142 0.1253464528 0.1505600391 0.1747593146 0.1977978479 0.2196645785 0.2404058312 0.2600884257 0.2787835663 0.2965603012 0.3134831584 0.3296115349 0.3449997868 0.3596975760 0.3737502883 0.3871994490 0.4000831090 0.4124361936 0.4242908133 0.4356765403 0.4466206539 0.4571483579 0.4672829741 0.4770461149 0.4864578368 0.4955367780 0.5043002816 0.5127645062 0.5209445252 0.5288544166 0.5365073436 0.5439156279 0.5510908157 0.5580437379 0.5647845647 0.5713228552 0.5776676023 0.5838272745 0.5898098533 0.5956228677 0.6012734260 0.6067682445 0.6121136745 0.6173157263 0.6223800923 0.6273121674 0.6321170684 0.6367996514 0.6413645285 0.6458160827 0.6501584822 0.6543956932 0.6585314919 0.6625694760 0.6665130752 0.6703655604 0.6741300533 0.6778095345 0.6814068514 0.6849247259 0.6883657609 0.6917324465 0.6950271669 0.6982522050 0.7014097483 0.7045018938 0.7075306523 0.7104979532 0.7134056482 0.7162555156 0.7190492633 0.7217885330
0.0000000000 0.0000000000 0.0000000000 0.0000000000 0.0000000000 0.0000000000 0.0000000000 0.0000000000 0.0000000000 0.0000000000 0.0000000000 0.0000000000 0.0000000003 0.0000000020 0.0000000134 0.0000000800 0.0000004271 0.0000020562 0.0000089892 0.0000358398 0.0001305662 0.0004340727 0.0013100332 0.0035542992 0.0085549720 0.0180392359 0.0331638992 0.0535976389 0.0776668337 0.1033862253 0.1292635497 0.1544558983 0.1785870906 0.2015383239 0.2233119137 0.2439601884 0.2635524747 0.2821609059 0.2998547702 0.3166985458 0.3327514650 0.3480676813 0.3626966477 0.3766835487 0.3900697201 0.4028930371 0.4151882627 0.4269873575 0.4383197557 0.4492126087 0.4596910024 0.4697781495 0.4794955611 0.4888631997 0.4978996163 0.5066220729 0.5150466522 0.5231883571 0.5310611996 0.5386782813 0.5460518662 0.5531934463 0.5601138020 0.5668230557 0.5733307217 0.5796457508 0.5857765720 0.5917311292 0.5975169162 0.6031410081 0.6086100896 0.6139304822 0.6191081683 0.6241488135 0.6290577875 0.6338401830 0.6385008334 0.6430443292 0.6474750329 0.6517970932 0.6560144576 0.6601308848 0.6641499556 0.6680750835 0.6719095241 0.6756563846 0.6793186316 0.6828990992 0.6864004965 0.6898254140 0.6931763306 0.6964556189 0.6996655514 0.7028083052 0.7058859675 0.7089005397 0.7118539421 0.7147480179 0.7175845368 0.7203651991 0.7230916384
0.0000000000 0.0000000000 0.0000000000 0.0000000000 0.0000000000 0.0000000000 0.0000000000 0.0000000000 0.0000000000 0.0000000000 0.0000000000 0.0000000000 0.0000000003 0.0000000023 0.0000000155 0.0000000924 0.0000004925 0.0000023678 0.0000103309 0.0000410849 0.0001491705 0.0004936435 0.0014803021 0.0039808697 0.0094703024 0.0196888044 0.0356523578 0.0568060203 0.0813416473 0.1072838238 0.1332192869 0.1583799834 0.1824375846 0.2052986266 0.2269774814 0.2475318072 0.2670331142 0.2855543135 0.3031648632 0.3199291586 0.3359062523 0.3511500868 0.3657099024 0.3796306794 0.3929535630 0.4057162515 0.4179533444 0.4296966517 0.4409754688 0.4518168188 0.4622456691 0.4722851226 0.4819565887 0.4912799357 0.5002736267 0.5089548421 0.5173395886 0.5254427983 0.5332784168 0.5408594837 0.5481982051 0.5553060187 0.5621936538 0.5688711851 0.5753480818 0.5816332525 0.5877350862 0.5936614893 0.5994199202 0.6050174204 0.6104606432 0.6157558802 0.6209090854 0.6259258977 0.6308116612 0.6355714448 0.6402100589 0.6447320723 0.6491418270 0.6534434519 0.6576408759 0.6617378399 0.6657379079 0.6696444772 0.6734607880 0.6771899328 0.6808348640 0.6843984026 0.6878832447 0.6912919687 0.6946270417 0.6978908250 0.7010855804 0.7042134747 0.7072765853 0.7102769042 0.7132163425 0.7160967346 0.7189198420 0.7216873568 0.7244009051
0.0000000000 0.0000000000 0.0000000000 0.0000000000 0.0000000000 0.0000000000 0.0000000000 0.0000000000 0.0000000000 0.0000000000 0.0000000000 0.0000000000 0.0000000003 0.0000000027 0.0000000179 0.0000001068 0.0000005688 0.0000027298 0.0000118861 0.0000471448 0.0001705692 0.0005617297 0.0016731381 0.0044577415 0.0104760036 0.0214643272 0.0382754205 0.0601281990 0.0850981689 0.1112360757 0.1372123120 0.1623316782 0.1863106111 0.2090787934 0.2306614257 0.2511208796 0.2705305559 0.2889640070 0.3064907979 0.3231752122 0.3390761081 0.3542472104 0.3687375427 0.3825918791 0.3958511722 0.4085529424 0.4207316249 0.4324188784 0.4436438586 0.4544334597 0.4648125301 0.4748040623 0.4844293637 0.4937082076 0.5026589691 0.5112987464 0.5196434701 0.5277080007 0.5355062175 0.5430510977 0.5503547892 0.5574286751 0.5642834335 0.5709290910 0.5773750715 0.5836302412 0.5897029490 0.5956010636 0.6013320079 0.6069027896 0.6123200303 0.6175899915 0.6227185989 0.6277114644 0.6325739068 0.6373109705 0.6419274431 0.6464278716 0.6508165772 0.6550976692 0.6592750577 0.6633524657 0.6673334402 0.6712213622 0.6750194567 0.6787308011 0.6823583340 0.6859048628 0.6893730707 0.6927655238 0.6960846775 0.6993328818 0.7025123877 0.7056253517 0.7086738411 0.7116598385 0.7145852460 0.7174518892 0.7202615211 0.7230158257 0.7257164214
0.0000000000 0.0000000000 0.0000000000 0.0000000000 0.0000000000 0.0000000000 0.0000000000 0.0000000000 0.0000000000 0.0000000000 0.0000000000 0.0000000000 0.0000000004 0.0000000031 0.0000000208 0.0000001236 0.0000006576 0.0000031510 0.0000136908 0.0000541529 0.0001952011 0.0006395799 0.0018915041 0.0049903988 0.0115792267 0.0233713304 0.0410342692 0.0635619318 0.0889333765 0.1152407329 0.1412413733 0.1663104384 0.1902060289 0.2128788877 0.2343639065 0.2547276083 0.2740450192 0.2923902105 0.3098327982 0.3264369273 0.3422612490 0.3573592644 0.3717797764 0.3855673508 0.3987627465 0.4114033046 0.4235232951 0.4351542246 0.4463251084 0.4570627113 0.4673917618 0.4773351418 0.4869140559 0.4961481822 0.5050558073 0.5136539469 0.5219584548 0.5299841200 0.5377447548 0.5452532739 0.5525217667 0.5595615614 0.5663832846 0.5729969146 0.5794118300 0.5856368542 0.5916802957 0.5975499855 0.6032533106 0.6087972450 0.6141883783 0.6194329420 0.6245368331 0.6295056365 0.6343446453 0.6390588796 0.6436531040 0.6481318436 0.6524993987 0.6567598588 0.6609171151 0.6649748729 0.6689366618 0.6728058468 0.6765856371 0.6802790954 0.6838891461 0.6874185831 0.6908700766 0.6942461805 0.6975493381 0.7007818884 0.7039460712 0.7070440329 0.7100778308 0.7130494378 0.7159607468 0.7188135747 0.7216096662 0.7243506970 0.7270382777
0.0000000000 0.0000000000 0.0000000000 0.0000000000 0.0000000000 0.0000000000 0.0000000000 0.0000000000 0.0000000000 0.0000000000 0.0000000000 0.0000000001 0.0000000005 0.0000000036 0.0000000241 0.0000001433 0.0000007613 0.0000036415 0.0000157873 0.0000622658 0.0002235754 0.0007286264 0.0021387284 0.0055848000 0.0127873419 0.0254149997 0.0439294981 0.0671046358 0.0928442177 0.1192956451 0.1453053203 0.1703157899 0.1941237386 0.2166989975 0.2380850993 0.2583522065 0.2775767316 0.2958331554 0.3131910939 0.3297145301 0.3454618971 0.3604864660 0.3748368162 0.3885573029 0.4016884898 0.4142675377 0.4263285505 0.4379028818 0.4490194059 0.4597047574 0.4699835447 0.4798785382 0.4894108393 0.4986000304 0.5074643091 0.5160206084 0.5242847048 0.5322713155 0.5399941854 0.5474661665 0.5546992893 0.5617048269 0.5684933542 0.5750748009 0.5814584999 0.5876532318 0.5936672647 0.5995083914 0.6051839629 0.6107009193 0.6160658183 0.6212848609 0.6263639153 0.6313085395 0.6361240006 0.6408152945 0.6453871625 0.6498441076 0.6541904092 0.6584301370 0.6625671633 0.6666051751 0.6705476852 0.6743980419 0.6781594389 0.6818349241 0.6854274076 0.6889396696 0.6923743674 0.6957340425 0.6990211263 0.7022379462 0.7053867315 0.7084696179 0.7114886526 0.7144457992 0.7173429412 0.7201818866 0.7229643717 0.7256920641 0.7283665664
0.0000000000 0.0000000000 0.0000000000 0.0000000000 0.0000000000 0.0000000000 0.0000000000 0.0000000000 0.0000000000 0.0000000000 0.0000000000 0.0000000001 0.0000000005 0.0000000042 0.0000000280 0.0000001664 0.0000008825 0.0000042136 0.0000182257 0.0000716668 0.0002562844 0.0008305109 0.0024185422 0.0062473901 0.0141078799 0.0276001001 0.0469611034 0.0707534283 0.0968276406 0.1233987698 0.1494031033 0.1743473255 0.1980636814 0.2205392346 0.2418251941 0.2619948976 0.2811259288 0.2992930796 0.3165659209 0.3330082529 0.3486782801 0.3636290382 0.3779088801 0.3915619487 0.4046286109 0.4171458460 0.4291475912 0.4406650462 0.4517269434 0.4623597869 0.4725880638 0.4824344330 0.4919198921 0.5010639272 0.5098846465 0.5183988999 0.5266223863 0.5345697504 0.5422546699 0.5496899335 0.5568875124 0.5638586245 0.5706137928 0.5771628980 0.5835152274 0.5896795181 0.5956639978 0.6014764210 0.6071241026 0.6126139485 0.6179524842 0.6231458802 0.6281999760 0.6331203021 0.6379120999 0.6425803406 0.6471297422 0.6515647858 0.6558897295 0.6601086231 0.6642253199 0.6682434889 0.6721666253 0.6759980612 0.6797409746 0.6833983983 0.6869732282 0.6904682308 0.6938860505 0.6972292160 0.7005001469 0.7037011593 0.7068344713 0.7099022083 0.7129064074 0.7158490224 0.7187319277 0.7215569225 0.7243257344 0.7270400228 0.7297013826
0.0000000000 0.0000000000 0.0000000000 0.0000000000 0.0000000000 0.0000000000 0.0000000000 0.0000000000 0.0000000000 0.0000000000 0.0000000000 0.0000000001 0.0000000006 0.0000000048 0.0000000326 0.0000001934 0.0000010243 0.0000048817 0.0000210650 0.0000825711 0.0002940167 0.0009471142 0.0027351180 0.0069851051 0.0155484615 0.0299308973 0.0501284829 0.0745051699 0.1008806227 0.1275481801 0.1535337719 0.1784047027 0.2020258359 0.2243997334 0.2455843955 0.2656559152 0.2846928544 0.3027702280 0.3199575217 0.3363183339 0.3519106313 0.3667872094 0.3809961917 0.3945815069 0.4075833238 0.4200384393 0.4319806226 0.4434409189 0.4544479181 0.4650279929 0.4752055089 0.4850030125 0.4944413970 0.5035400521 0.5123169958 0.5207889945 0.5289716693 0.5368795922 0.5445263729 0.5519247367 0.5590865954 0.5660231112 0.5727447549 0.5792613581 0.5855821621 0.5917158606 0.5976706405 0.6034542177 0.6090738709 0.6145364718 0.6198485133 0.6250161355 0.6300451488 0.6349410562 0.6397090732 0.6443541464 0.6488809702 0.6532940035 0.6575974834 0.6617954394 0.6658917058 0.6698899333 0.6737936000 0.6776060212 0.6813303592 0.6849696318 0.6885267205 0.6920043781 0.6954052358 0.6987318098 0.7019865077 0.7051716341 0.7082893961 0.7113419084 0.7143311983 0.7172592097 0.7201278077 0.7229387826 0.7256938533 0.7283946712 0.7310428232
0.0000000000 0.0000000000 0.0000000000 0.0000000000 0.0000000000 0.0000000000 0.0000000000 0.0000000000 0.0000000000 0.0000000000 0.0000000000 0.0000000001 0.0000000007 0.0000000057 0.0000000380 0.0000002252 0.0000011906 0.0000056629 0.0000243752 0.0000952316 0.0003375730 0.0010805884 0.0030931096 0.0078053683 0.0171167158 0.0324110835 0.0534304473 0.0783565096 0.1050001973 0.1317420706 0.1576964738 0.1824876405 0.2060102174 0.2282806497 0.2493629218 0.2693355030 0.2882777601 0.3062648526 0.3233661452 0.3396450175 0.3551591901 0.3699612138 0.3840989801 0.3976162016 0.4105528478 0.4229455321 0.4348278549 0.4462307060 0.4571825321 0.4677095737 0.4778360743 0.4875844672 0.4969755413 0.5060285888 0.5147615375 0.5231910698 0.5313327285 0.5392010124 0.5468094631 0.5541707421 0.5612967015 0.5681984477 0.5748863986 0.5813703370 0.5876594575 0.5937624105 0.5996873417 0.6054419284 0.6110334127 0.6164686320 0.6217540466 0.6268957657 0.6318995708 0.6367709371 0.6415150542 0.6461368436 0.6506409764 0.6550318891 0.6593137975 0.6634907110 0.6675664447 0.6715446308 0.6754287301 0.6792220413 0.6829277108 0.6865487414 0.6900879999 0.6935482255 0.6969320362 0.7002419355 0.7034803191 0.7066494798 0.7097516138 0.7127888253 0.7157631311 0.7186764656 0.7215306846 0.7243275693 0.7270688301 0.7297561100 0.7323909879
0.0000000000 0.0000000000 0.0000000000 0.0000000000 0.0000000000 0.0000000000 0.0000000000 0.0000000000 0.0000000000 0.0000000000 0.0000000000 0.0000000001 0.0000000009 0.0000000066 0.0000000444 0.0000002625 0.0000013857 0.0000065776 0.0000282388 0.0001099453 0.0003878841 0.0012333941 0.0034976917 0.0087160752 0.0188201880 0.0350437099 0.0568652415 0.0823039319 0.1091834775 0.1359787622 0.1618904520 0.1865959165 0.2100168749 0.2321821596 0.2531610048 0.2730339145 0.2918809057 0.3097772127 0.3267920471 0.3429885545 0.3584242019 0.3731512915 0.3872174801 0.4006662627 0.4135374080 0.4258673449 0.4376895040 0.4490346190 0.4599309925 0.4704047323 0.4804799592 0.4901789929 0.4995225170 0.5085297259 0.5172184569 0.5256053078 0.5337057425 0.5415341868 0.5491041134 0.5564281199 0.5635179983 0.5703847987 0.5770388864 0.5834899945 0.5897472712 0.5958193229 0.6017142543 0.6074397036 0.6130028764 0.6184105754 0.6236692283 0.6287849132 0.6337633824 0.6386100835 0.6433301795 0.6479285673 0.6524098942 0.6567785743 0.6610388020 0.6651945665 0.6692496633 0.6732077066 0.6770721395 0.6808462439 0.6845331505 0.6881358465 0.6916571847 0.6950998901 0.6984665674 0.7017597076 0.7049816942 0.7081348084 0.7112212353 0.7142430684 0.7172023144 0.7201008978 0.7229406649 0.7257233881 0.7284507690 0.7311244423 0.7337459790
0.0000000000 0.0000000000 0.0000000000 0.0000000000 0.0000000000 0.0000000000 0.0000000000 0.0000000000 0.0000000000 0.0000000000 0.0000000000 0.0000000001 0.0000000010 0.0000000077 0.0000000518 0.0000003065 0.0000016150 0.0000076500 0.0000327537 0.0001270617 0.0004460328 0.0014083403 0.0039545987 0.0097255668 0.0206662373 0.0378311294 0.0604305770 0.0863438042 0.1134276772 0.1402567042 0.1661150418 0.1907293647 0.2140458901 0.2361044593 0.2569788896 0.2767514132 0.2955025594 0.3133075750 0.3302354899 0.3463492023 0.3617059188 0.3763576890 0.3903519328 0.4037319258 0.4165372349 0.4288041034 0.4405657910 0.4518528745 0.4626935119 0.4731136772 0.4831373681 0.4927867901 0.5020825209 0.5110436568 0.5196879439 0.5280318950 0.5360908951 0.5438792959 0.5514105014 0.5586970447 0.5657506575 0.5725823333 0.5792023845 0.5856204944 0.5918457644 0.5978867568 0.6037515349 0.6094476979 0.6149824143 0.6203624523 0.6255942065 0.6306837240 0.6356367277 0.6404586374 0.6451545895 0.6497294560 0.6541878604 0.6585341941 0.6627726303 0.6669071375 0.6709414920 0.6748792894 0.6787239552 0.6824787547 0.6861468022 0.6897310701 0.6932343961 0.6966594916 0.7000089480 0.7032852434 0.7064907491 0.7096277348 0.7126983743 0.7157047503 0.7186488593 0.7215326161 0.7243578575 0.7271263467 0.7298397767 0.7324997739 0.7351079011
0.0000000000 0.0000000000 0.0000000000 0.0000000000 0.0000000000 0.0000000000 0.0000000000 0.0000000000 0.0000000000 0.0000000000 0.0000000000 0.0000000001 0.0000000012 0.0000000091 0.0000000607 0.0000003583 0.0000018848 0.0000089090 0.0000380359 0.0001469919 0.0005132777 0.0016086290 0.0044701605 0.0108425882 0.0226619274 0.0407749498 0.0641236734 0.0904724226 0.1177301292 0.1445744755 0.1703696680 0.1948878716 0.2180973756 0.2400477637 0.2608168338 0.2804882724 0.2991429977 0.3168562136 0.3336967432 0.3497272250 0.3650045991 0.3795806589 0.3935025853 0.4068134329 0.4195525654 0.4317560393 0.4434569430 0.4546856950 0.4654703081 0.4758366221 0.4858085107 0.4954080645 0.5046557550 0.5135705799 0.5221701934 0.5304710230 0.5384883742 0.5462365246 0.5537288089 0.5609776954 0.5679948552 0.5747912249 0.5813770638 0.5877620049 0.5939551027 0.5999648754 0.6057993443 0.6114660695 0.6169721826 0.6223244166 0.6275291331 0.6325923481 0.6375197547 0.6423167447 0.6469884282 0.6515396518 0.6559750152 0.6602988871 0.6645154190 0.6686285591 0.6726420642 0.6765595111 0.6803843076 0.6841197023 0.6877687934 0.6913345378 0.6948197587 0.6982271533 0.7015592997 0.7048186633 0.7080076029 0.7111283767 0.7141831471 0.7171739862 0.7201028801 0.7229717337 0.7257823742 0.7285365559 0.7312359629 0.7338822132 0.7364768617
0.0000000000 0.0000000000 0.0000000000 0.0000000000 0.0000000000 0.0000000000 0.0000000000 0.0000000000 0.0000000000 0.0000000000 0.0000000000 0.0000000002 0.0000000014 0.0000000106 0.0000000712 0.0000004195 0.0000022030 0.0000103890 0.0000442234 0.0001702202 0.0005910818 0.0018379038 0.0050513349 0.0120762309 0.0248139124 0.0438760016 0.0679413076 0.0946860571 0.1220882997 0.1489307848 0.1746538410 0.1990713745 0.2221714731 0.2440123056 0.2646751081 0.2842447754 0.3028025057 0.3204234107 0.3371760841 0.3531228940 0.3683205081 0.3828204608 0.3966696913 0.4099110321 0.4225836422 0.4347233905 0.4463631926 0.4575333086 0.4682616049 0.4785737864 0.4884936021 0.4980430273 0.5072424267 0.5161106987 0.5246654053 0.5329228882 0.5408983730 0.5486060628 0.5560592227 0.5632702557 0.5702507721 0.5770116515 0.5835630993 0.5899146985 0.5960754561 0.6020538459 0.6078578474 0.6134949812 0.6189723416 0.6242966263 0.6294741640 0.6345109390 0.6394126149 0.6441845551 0.6488318433 0.6533593005 0.6577715026 0.6620727954 0.6662673087 0.6703589701 0.6743515168 0.6782485069 0.6820533305 0.6857692191 0.6893992547 0.6929463789 0.6964134001 0.6998030014 0.7031177474 0.7063600907 0.7095323778 0.7126368550 0.7156756735 0.7186508946 0.7215644939 0.7244183664 0.7272143299 0.7299541293 0.7326394401 0.7352718717 0.7378529710
0.0000000000 0.0000000000 0.0000000000 0.0000000000 0.0000000000 0.0000000000 0.0000000000 0.0000000000 0.0000000000 0.0000000000 0.0000000000 0.0000000002 0.0000000016 0.0000000125 0.0000000836 0.0000004919 0.0000025785 0.0000121314 0.0000514798 0.0001973169 0.0006811447 0.0021003018 0.0057057334 0.0134358584 0.0271283199 0.0471343209 0.0718798706 0.0989809935 0.1264998013 0.1533244688 0.1789671532 0.2032798579 0.2262683521 0.2479983359 0.2685539953 0.2880212155 0.3064813770 0.3240094562 0.3406737971 0.3565364877 0.3716539182 0.3860773607 0.3998535113 0.4130249781 0.4256307147 0.4377064009 0.4492847791 0.4603959495 0.4710676318 0.4813253951 0.4911928631 0.5006918953 0.5098427487 0.5186642220 0.5271737848 0.5353876923 0.5433210898 0.5509881055 0.5584019344 0.5655749143 0.5725185939 0.5792437955 0.5857606708 0.5920787521 0.5982069989 0.6041538403 0.6099272136 0.6155345998 0.6209830556 0.6262792437 0.6314294591 0.6364396546 0.6413154639 0.6460622223 0.6506849863 0.6551885518 0.6595774703 0.6638560648 0.6680284434 0.6720985128 0.6760699904 0.6799464158 0.6837311610 0.6874274406 0.6910383202 0.6945667260 0.6980154514 0.7013871655 0.7046844193 0.7079096525 0.7110651992 0.7141532938 0.7171760762 0.7201355968 0.7230338208 0.7258726332 0.7286538421 0.7313791834 0.7340503236 0.7366688637 0.7392363423
0.0000000000 0.0000000000 0.0000000000 0.0000000000 0.0000000000 0.0000000000 0.0000000000 0.0000000000 0.0000000000 0.0000000000 0.0000000000 0.0000000002 0.0000000019 0.0000000147 0.0000000983 0.0000005778 0.0000030225 0.0000141853 0.0000600001 0.0002289546 0.0007854398 0.0024005097 0.0064416372 0.0149310133 0.0296106366 0.0505491483 0.0759354290 0.1033535723 0.1309624013 0.1577544898 0.1833092756 0.2075133516 0.2303882086 0.2520061220 0.2724537908 0.2918178959 0.3101799143 0.3276146483 0.3441901746 0.3599682922 0.3750051091 0.3893516323 0.4030543125 0.4161555325 0.4286940387 0.4407053211 0.4522219477 0.4632738582 0.4738886245 0.4840916793 0.4939065205 0.5033548908 0.5124569393 0.5212313645 0.5296955425 0.5378656422 0.5457567280 0.5533828527 0.5607571409 0.5678918646 0.5747985110 0.5814878446 0.5879699630 0.5942543476 0.6003499102 0.6062650349 0.6120076166 0.6175850965 0.6230044938 0.6282724353 0.6333951826 0.6383786570 0.6432284618 0.6479499039 0.6525480130 0.6570275593 0.6613930701 0.6656488453 0.6697989710 0.6738473332 0.6777976295 0.6816533804 0.6854179402 0.6890945061 0.6926861276 0.6961957150 0.6996260471 0.7029797787 0.7062594470 0.7094674788 0.7126061958 0.7156778205 0.7186844812 0.7216282176 0.7245109843 0.7273346562 0.7301010320 0.7328118380 0.7354687320 0.7380733064 0.7406270917
0.0000000000 0.0000000000 0.0000000000 0.0000000000 0.0000000000 0.0000000000 0.0000000000 0.0000000000 0.0000000000 0.0000000000 0.0000000000 0.0000000003 0.0000000023 0.0000000174 0.0000001158 0.0000006796 0.0000035483 0.0000166101 0.0000700164 0.0002659260 0.0009062566 0.0027438215 0.0072680032 0.0165713065 0.0322655987 0.0541189451 0.0801037893 0.1078002240 0.1354740291 0.1622199330 0.1876799532 0.2117719278 0.2345312639 0.2560359482 0.2763748023 0.2956351301 0.3138984292 0.3312392938 0.3477255171 0.3634186013 0.3783743680 0.3926435562 0.4062723695 0.4193029637 0.4317738770 0.4437204084 0.4551749504 0.4661672816 0.4767248250 0.4868728765 0.4966348071 0.5060322424 0.5150852229 0.5238123463 0.5322308950 0.5403569507 0.5482054967 0.5557905099 0.5631250442 0.5702213055 0.5770907190 0.5837439913 0.5901911654 0.5964416716 0.6025043738 0.6083876108 0.6140992350 0.6196466474 0.6250368294 0.6302763720 0.6353715033 0.6403281124 0.6451517725 0.6498477619 0.6544210832 0.6588764808 0.6632184577 0.6674512905 0.6715790434 0.6756055814 0.6795345821 0.6833695472 0.6871138127 0.6907705587 0.6943428182 0.6978334859 0.7012453255 0.7045809775 0.7078429656 0.7110337033 0.7141554998 0.7172105657 0.7202010180 0.7231288850 0.7259961111 0.7288045609 0.7315560235 0.7342522159 0.7368947869 0.7394853205 0.7420253386
0.0000000000 0.0000000000 0.0000000000 0.0000000000 0.0000000000 0.0000000000 0.0000000000 0.0000000000 0.0000000000 0.0000000000 0.0000000000 0.0000000003 0.0000000027 0.0000000206 0.0000001367 0.0000008008 0.0000041719 0.0000194766 0.0000818054 0.0003091661 0.0010462487 0.0031361989 0.0081944541 0.0183662882 0.0350970932 0.0578414256 0.0843805651 0.1123175000 0.1400327798 0.1667200019 0.1920790015 0.2160556991 0.2386977634 0.2600881149 0.2803173496 0.2994732420 0.3176372429 0.3348837081 0.3512801334 0.3668877170 0.3817619900 0.3959534210 0.4095079644 0.4224675477 0.4348704996 0.4467519271 0.4581440462 0.4690764733 0.4795764820 0.4896692304 0.4993779621 0.5087241849 0.5177278300 0.5264073937 0.5347800644 0.5428618361 0.5506676104 0.5582112880 0.5655058519 0.5725634411 0.5793954189 0.5860124333 0.5924244726 0.5986409160 0.6046705786 0.6105217541 0.6162022521 0.6217194331 0.6270802406 0.6322912297 0.6373585944 0.6422881917 0.6470855647 0.6517559627 0.6563043611 0.6607354784 0.6650537931 0.6692635585 0.6733688167 0.6773734115 0.6812810007 0.6850950666 0.6888189273 0.6924557453 0.6960085374 0.6994801822 0.7028734285 0.7061909024 0.7094351138 0.7126084632 0.7157132471 0.7187516640 0.7217258194 0.7246377306 0.7274893314 0.7302824762 0.7330189444 0.7357004435 0.7383286135 0.7409050296 0.7434312055
0.0000000000 0.0000000000 0.0000000000 0.0000000000 0.0000000000 0.0000000000 0.0000000000 0.0000000000 0.0000000000 0.0000000000 0.0000000000 0.0000000004 0.0000000032 0.0000000243 0.0000001616 0.0000009450 0.0000049127 0.0000228702 0.0000956971 0.0003597780 0.0012084878 0.0035843315 0.0092312511 0.0203253041 0.0381080727 0.0617136051 0.0887612424 0.1169020992 0.1446369162 0.1712540144 0.1965063029 0.2203648162 0.2428879757 0.2641629382 0.2842817650 0.3033325659 0.3213966858 0.3385482157 0.3548543411 0.3703759497 0.3851682784 0.3992815230 0.4127613870 0.4256495680 0.4379841840 0.4498001489 0.4611295011 0.4720016940 0.4824438510 0.4924809916 0.5021362312 0.5114309593 0.5203849971 0.5290167392 0.5373432792 0.5453805229 0.5531432898 0.5606454042 0.5678997772 0.5749184814 0.5817128171 0.5882933739 0.5946700849 0.6008522776 0.6068487187 0.6126676561 0.6183168563 0.6238036395 0.6291349106 0.6343171888 0.6393566339 0.6442590707 0.6490300116 0.6536746772 0.6581980154 0.6626047186 0.6668992408 0.6710858117 0.6751684513 0.6791509820 0.6830370416 0.6868300932 0.6905334366 0.6941502169 0.6976834342 0.7011359513 0.7045105020 0.7078096976 0.7110360345 0.7141918997 0.7172795772 0.7203012535 0.7232590222 0.7261548897 0.7289907790 0.7317685345 0.7344899256 0.7371566505 0.7397703401 0.7423325609 0.7448448185
0.0000000000 0.0000000000 0.0000000000 0.0000000000 0.0000000000 0.0000000000 0.0000000000 0.0000000000 0.0000000000 0.0000000000 0.0000000000 0.0000000004 0.0000000038 0.0000000289 0.0000001914 0.0000011170 0.0000057940 0.0000268937 0.0001120860 0.0004190627 0.0013965244 0.0040956946 0.0103892452 0.0224573371 0.0413004877 0.0657318621 0.0932412447 0.1215508904 0.1492848686 0.1758213978 0.2009618025 0.2246994656 0.2471021918 0.2682607500 0.2882683929 0.3072134469 0.3251770986 0.3422331504 0.3584484666 0.3738836184 0.3885935450 0.4026281670 0.4160329353 0.4288493160 0.4411152154 0.4528653527 0.4641315884 0.4749432116 0.4853271946 0.4953084175 0.5049098671 0.5141528135 0.5230569678 0.5316406218 0.5399207740 0.5479132416 0.5556327616 0.5630930811 0.5703070396 0.5772866420 0.5840431260 0.5905870220 0.5969282079 0.6030759591 0.6090389936 0.6148255133 0.6204432414 0.6258994572 0.6312010274 0.6363544348 0.6413658047 0.6462409297 0.6509852914 0.6556040812 0.6601022195 0.6644843727 0.6687549698 0.6729182170 0.6769781118 0.6809384556 0.6848028657 0.6885747860 0.6922574977 0.6958541287 0.6993676622 0.7028009451 0.7061566958 0.7094375114 0.7126458741 0.7157841578 0.7188546336 0.7218594759 0.7248007667 0.7276805011 0.7305005915 0.7332628719 0.7359691018 0.7386209702 0.7412200988 0.7437680453 0.7462663069
0.0000000000 0.0000000000 0.0000000000 0.0000000000 0.0000000000 0.0000000000 0.0000000000 0.0000000000 0.0000000000 0.0000000000 0.0000000000 0.0000000005 0.0000000045 0.0000000343 0.0000002270 0.0000013227 0.0000068443 0.0000316707 0.0001314432 0.0004885549 0.0016144554 0.0046786041 0.0116798040 0.0247708414 0.0446752419 0.0698920123 0.0978159938 0.1262609298 0.1539752332 0.1804216836 0.2054455050 0.2290598683 0.2513407242 0.2723818975 0.2922775905 0.3111162410 0.3289788319 0.3459388559 0.3620628459 0.3774110513 0.3920381104 0.4059936662 0.4193229155 0.4320670913 0.4442638868 0.4559478258 0.4671505893 0.4779013015 0.4882267827 0.4981517730 0.5076991295 0.5168900026 0.5257439922 0.5342792872 0.5425127903 0.5504602295 0.5581362589 0.5655545481 0.5727278642 0.5796681446 0.5863865636 0.5928935923 0.5991990529 0.6053121687 0.6112416084 0.6169955276 0.6225816063 0.6280070827 0.6332787846 0.6384031585 0.6433862952 0.6482339544 0.6529515871 0.6575443554 0.6620171518 0.6663746166 0.6706211538 0.6747609460 0.6787979680 0.6827359998 0.6865786383 0.6903293082 0.6939912721 0.6975676402 0.7010613789 0.7044753193 0.7078121642 0.7110744962 0.7142647835 0.7173853865 0.7204385638 0.7234264772 0.7263511972 0.7292147076 0.7320189101 0.7347656282 0.7374566117 0.7400935399 0.7426780253 0.7452116171 0.7476958038
0.0000000000 0.0000000000 0.0000000000 0.0000000000 0.0000000000 0.0000000000 0.0000000000 0.0000000000 0.0000000000 0.0000000000 0.0000000001 0.0000000006 0.0000000054 0.0000000408 0.0000002698 0.0000015688 0.0000080981 0.0000373508 0.0001543327 0.0005700641 0.0018669975 0.0053422618 0.0131147121 0.0272735712 0.0482321697 0.0741893925 0.1024809666 0.1310294750 0.1587067685 0.1850545026 0.2099574707 0.2334462777 0.2556039063 0.2765267435 0.2963097273 0.3150413157 0.3328022468 0.3496656856 0.3656978244 0.3809585859 0.3955023043 0.4093783431 0.4226316427 0.4353032021 0.4474304998 0.4590478633 0.4701867929 0.4808762470 0.4911428932 0.5010113303 0.5105042854 0.5196427885 0.5284463276 0.5369329881 0.5451195762 0.5530217306 0.5606540215 0.5680300409 0.5751624831 0.5820632175 0.5887433545 0.5952133058 0.6014828376 0.6075611205 0.6134567739 0.6191779071 0.6247321560 0.6301267177 0.6353683812 0.6404635561 0.6454182986 0.6502383357 0.6549290870 0.6594956855 0.6639429957 0.6682756314 0.6724979716 0.6766141750 0.6806281939 0.6845437866 0.6883645295 0.6920938279 0.6957349257 0.6992909155 0.7027647468 0.7061592343 0.7094770658 0.7127208088 0.7158929176 0.7189957393 0.7220315194 0.7250024075 0.7279104623 0.7307576563 0.7335458803 0.7362769475 0.7389525976 0.7415745004 0.7441442593 0.7466634146 0.7491334463
0.0000000000 0.0000000000 0.0000000000 0.0000000000 0.0000000000 0.0000000000 0.0000000000 0.0000000000 0.0000000000 0.0000000000 0.0000000001 0.0000000007 0.0000000064 0.0000000487 0.0000003213 0.0000018640 0.0000095972 0.0000441144 0.0001814291 0.0006657233 0.0021595684 0.0060967906 0.0147060421 0.0299724127 0.0519700406 0.0786189503 0.1072317462 0.1358539939 0.1634783908 0.1897195789 0.2144978129 0.2378589783 0.2598920920 0.2806956657 0.3003651861 0.3189890499 0.3366477154 0.3534140035 0.3693537577 0.3845265695 0.3989864661 0.4127825289 0.4259594410 0.4385579653 0.4506153647 0.4621657689 0.4732404967 0.4838683396 0.4940758116 0.5038873696 0.5133256099 0.5224114410 0.5311642388 0.5396019844 0.5477413872 0.5555979956 0.5631862961 0.5705198021 0.5776111347 0.5844720951 0.5911137296 0.5975463898 0.6037797856 0.6098230349 0.6156847073 0.6213728654 0.6268951011 0.6322585699 0.6374700219 0.6425358295 0.6474620142 0.6522542699 0.6569179849 0.6614582627 0.6658799398 0.6701876034 0.6743856071 0.6784780858 0.6824689689 0.6863619932 0.6901607144 0.6938685180 0.6974886295 0.7010241235 0.7044779325 0.7078528551 0.7111515635 0.7143766104 0.7175304361 0.7206153739 0.7236336566 0.7265874213 0.7294787148 0.7323094983 0.7350816517 0.7377969777 0.7404572061 0.7430639970 0.7456189445 0.7481235800 0.7505793751
0.0000000000 0.0000000000 0.0000000000 0.0000000000 0.0000000000 0.0000000000 0.0000000000 0.0000000000 0.0000000000 0.0000000000 0.0000000001 0.0000000009 0.0000000076 0.0000000581 0.0000003832 0.0000022188 0.0000113927 0.0000521801 0.0002135408 0.0007780447 0.0024983723 0.0069532534 0.0164659970 0.0328732238 0.0558865887 0.0831753385 0.1120640671 0.1407321709 0.1682891687 0.1944167256 0.2190666944 0.2422982840 0.2642056550 0.2848890577 0.3044443624 0.3229598344 0.3405156210 0.3571841843 0.3730310118 0.3881153596 0.4024909448 0.4162065651 0.4293066440 0.4418317073 0.4538188008 0.4653018552 0.4763120068 0.4868778793 0.4970258320 0.5067801793 0.5161633856 0.5251962377 0.5338979984 0.5422865438 0.5503784862 0.5581892831 0.5657333365 0.5730240811 0.5800740646 0.5868950189 0.5934979264 0.5998930780 0.6060901273 0.6120981386 0.6179256319 0.6235806226 0.6290706584 0.6344028531 0.6395839173 0.6446201865 0.6495176468 0.6542819590 0.6589184802 0.6634322838 0.6678281783 0.6721107241 0.6762842495 0.6803528651 0.6843204776 0.6881908018 0.6919673728 0.6956535565 0.6992525593 0.7027674380 0.7062011080 0.7095563515 0.7128358253 0.7160420671 0.7191775030 0.7222444527 0.7252451359 0.7281816773 0.7310561118 0.7338703892 0.7366263782 0.7393258713 0.7419705881 0.7445621789 0.7471022286 0.7495922597 0.7520337351
0.0000000000 0.0000000000 0.0000000000 0.0000000000 0.0000000000 0.0000000000 0.0000000000 0.0000000000 0.0000000000 0.0000000000 0.0000000001 0.0000000010 0.0000000092 0.0000000696 0.0000004579 0.0000026458 0.0000135470 0.0000618125 0.0002516365 0.0009099848 0.0028904908 0.0079236493 0.0184067225 0.0359806912 0.0599785687 0.0878530097 0.1169738542 0.1456619093 0.1731383168 0.1991458388 0.2236643249 0.2467645374 0.2685449886 0.2891073280 0.3085476653 0.3269540726 0.3444063586 0.3609766141 0.3767299638 0.3917253242 0.4060160999 0.4196508029 0.4326735952 0.4451247640 0.4570411367 0.4684564440 0.4794016384 0.4899051749 0.4999932571 0.5096900561 0.5190179038 0.5279974643 0.5366478867 0.5449869418 0.5530311436 0.5607958587 0.5682954040 0.5755431351 0.5825515253 0.5893322377 0.5958961897 0.6022536115 0.6084140996 0.6143866652 0.6201797777 0.6258014052 0.6312590512 0.6365597873 0.6417102845 0.6467168409 0.6515854074 0.6563216113 0.6609307781 0.6654179514 0.6697879112 0.6740451910 0.6781940936 0.6822387054 0.6861829099 0.6900304001 0.6937846903 0.6974491264 0.7010268959 0.7045210377 0.7079344499 0.7112698983 0.7145300240 0.7177173498 0.7208342873 0.7238831428 0.7268661227 0.7297853392 0.7326428153 0.7354404891 0.7381802185 0.7408637852 0.7434928988 0.7460691998 0.7485942638 0.7510696043 0.7534966757
0.0000000000 0.0000000000 0.0000000000 0.0000000000 0.0000000000 0.0000000000 0.0000000000 0.0000000000 0.0000000000 0.0000000000 0.0000000001 0.0000000012 0.0000000110 0.0000000835 0.0000005483 0.0000031608 0.0000161360 0.0000733328 0.0002968772 0.0010650187 0.0033439752 0.0090208845 0.0205400952 0.0392982094 0.0642418341 0.0926463097 0.1219572541 0.1506413308 0.1780251892 0.2039068931 0.2282909585 0.2512581084 0.2729105059 0.2933509011 0.3126755176 0.3309721802 0.3483203353 0.3647916905 0.3804510018 0.3953568423 0.4095623019 0.4231156041 0.4360606483 0.4484374813 0.4602827110 0.4716298666 0.4825097161 0.4929505443 0.5029783986 0.5126173058 0.5218894644 0.5308154150 0.5394141927 0.5477034619 0.5556996383 0.5634179964 0.5708727679 0.5780772286 0.5850437773 0.5917840075 0.5983087713 0.6046282380 0.6107519468 0.6166888549 0.6224473813 0.6280354467 0.6334605093 0.6387295990 0.6438493466 0.6488260129 0.6536655131 0.6583734409 0.6629550901 0.6674154740 0.6717593443 0.6759912073 0.6801153401 0.6841358047 0.6880564615 0.6918809814 0.6956128578 0.6992554164 0.7028118259 0.7062851070 0.7096781404 0.7129936755 0.7162343376 0.7194026344 0.7225009632 0.7255316163 0.7284967873 0.7313985755 0.7342389919 0.7370199630 0.7397433356 0.7424108809 0.7450242981 0.7475852181 0.7500952070 0.7525557692 0.7549683505
0.0000000000 0.0000000000 0.0000000000 0.0000000000 0.0000000000 0.0000000000 0.0000000000 0.0000000000 0.0000000000 0.0000000000 0.0000000001 0.0000000015 0.0000000133 0.0000001003 0.0000006579 0.0000037832 0.0000192531 0.0000871310 0.0003506555 0.0012472251 0.0038679390 0.0102587087 0.0228774874 0.0428277905 0.0686714365 0.0975495653 0.1270106607 0.1556687725 0.1829492720 0.2086999365 0.2329468910 0.2557793933 0.2773026387 0.2976202172 0.3168283563 0.3350145864 0.3522579706 0.3686298233 0.3841945258 0.3990103047 0.4131299320 0.4266013414 0.4394681675 0.4517702157 0.4635438724 0.4748224646 0.4856365742 0.4960143153 0.5059815778 0.5155622433 0.5247783763 0.5336503932 0.5421972140 0.5504363965 0.5583842572 0.5660559783 0.5734657055 0.5806266342 0.5875510886 0.5942505920 0.6007359309 0.6070172131 0.6131039203 0.6190049555 0.6247286869 0.6302829872 0.6356752697 0.6409125217 0.6460013340 0.6509479295 0.6557581877 0.6604376686 0.6649916339 0.6694250666 0.6737426896 0.6779489822 0.6820481956 0.6860443672 0.6899413340 0.6937427448 0.6974520718 0.7010726208 0.7046075413 0.7080598356 0.7114323671 0.7147278686 0.7179489494 0.7210981023 0.7241777099 0.7271900508 0.7301373051 0.7330215597 0.7358448133 0.7386089808 0.7413158978 0.7439673249 0.7465649509 0.7491103969 0.7516052196 0.7540509142 0.7564489178
0.0000000000 0.0000000000 0.0000000000 0.0000000000 0.0000000000 0.0000000000 0.0000000000 0.0000000000 0.0000000000 0.0000000000 0.0000000002 0.0000000018 0.0000000160 0.0000001209 0.0000007909 0.0000045367 0.0000230126 0.0001036814 0.0004146411 0.0014613827 0.0044726454 0.0116516136 0.0254295190 0.0465700086 0.0732617414 0.1025571670 0.1321307337 0.1607427816 0.1879101762 0.2135250862 0.2376324580 0.2603288145 0.2817218386 0.3019157327 0.3210066327 0.3390817340 0.3562196974 0.3724914348 0.3879609481 0.4026861137 0.4167193834 0.4301083990 0.4428965286 0.4551233343 0.4668249803 0.4780345897 0.4887825574 0.4990968254 0.5090031255 0.5185251932 0.5276849578 0.5365027111 0.5449972573 0.5531860468 0.5610852962 0.5687100951 0.5760745024 0.5831916330 0.5900737356 0.5967322630 0.6031779358 0.6094208001 0.6154702794 0.6213352223 0.6270239459 0.6325442746 0.6379035765 0.6431087960 0.6481664838 0.6530828246 0.6578636620 0.6625145219 0.6670406339 0.6714469506 0.6757381659 0.6799187317 0.6839928732 0.6879646031 0.6918377350 0.6956158955 0.6993025352 0.7029009400 0.7064142400 0.7098454191 0.7131973233 0.7164726687 0.7196740485 0.7228039403 0.7258647122 0.7288586288 0.7317878569 0.7346544707 0.7374604565 0.7402077176 0.7428980785 0.7455332887 0.7481150269 0.7506449043 0.7531244680 0.7555552041 0.7579385409
0.0000000000 0.0000000000 0.0000000000 0.0000000000 0.0000000000 0.0000000000 0.0000000000 0.0000000000 0.0000000000 0.0000000000 0.0000000002 0.0000000022 0.0000000193 0.0000001459 0.0000009527 0.0000054509 0.0000275547 0.0001235611 0.0004908361 0.0017130777 0.0051695842 0.0132146879 0.0282058031 0.0505239838 0.0780065561 0.1076636428 0.1373144119 0.1658621089 0.1929076302 0.2183825239 0.2423480334 0.2649068193 0.2861685761 0.3062379203 0.3252108135 0.3431740798 0.3602059619 0.3763769608 0.3917506939 0.4063846844 0.4203310615 0.4336371728 0.4463461185 0.4584972159 0.4701264053 0.4812666047 0.4919480209 0.5021984229 0.5120433831 0.5215064900 0.5306095373 0.5393726909 0.5478146388 0.5559527233 0.5638030604 0.5713806465 0.5786994533 0.5857725146 0.5926120031 0.5992293009 0.6056350620 0.6118392704 0.6178512912 0.6236799184 0.6293334173 0.6348195641 0.6401456811 0.6453186699 0.6503450405 0.6552309392 0.6599821736 0.6646042354 0.6691023216 0.6734813544 0.6777459984 0.6819006781 0.6859495925 0.6898967294 0.6937458789 0.6975006449 0.7011644569 0.7047405803 0.7082321259 0.7116420591 0.7149732083 0.7182282727 0.7214098296 0.7245203411 0.7275621606 0.7305375389 0.7334486292 0.7362974928 0.7390861039 0.7418163540 0.7444900561 0.7471089491 0.7496747012 0.7521889136 0.7546531238 0.7570688087 0.7594373878
0.0000000000 0.0000000000 0.0000000000 0.0000000000 0.0000000000 0.0000000000 0.0000000000 0.0000000000 0.0000000000 0.0000000000 0.0000000002 0.0000000026 0.0000000234 0.0000001765 0.0000011501 0.0000065623 0.0000330524 0.0001474736 0.0005816407 0.0020088232 0.0059715335 0.0149634253 0.0312146973 0.0546874072 0.0828992641 0.1128637227 0.1425589197 0.1710257006 0.1979414730 0.2232724927 0.2470940269 0.2695138800 0.2906433414 0.3105872698 0.3294413806 0.3472920956 0.3642172247 0.3802868506 0.3955642017 0.4101064449 0.4239653842 0.4371880714 0.4498173367 0.4618922510 0.4734485295 0.4845188837 0.4951333311 0.5053194667 0.5151027024 0.5245064789 0.5335524532 0.5422606649 0.5506496847 0.5587367462 0.5665378645 0.5740679416 0.5813408621 0.5883695777 0.5951661850 0.6017419946 0.6081075939 0.6142729040 0.6202472315 0.6260393152 0.6316573686 0.6371091192 0.6424018433 0.6475423992 0.6525372562 0.6573925220 0.6621139678 0.6667070509 0.6711769357 0.6755285134 0.6797664196 0.6838950509 0.6879185800 0.6918409697 0.6956659863 0.6993972113 0.7030380525 0.7065917548 0.7100614096 0.7134499637 0.7167602278 0.7199948840 0.7231564936 0.7262475033 0.7292702517 0.7322269754 0.7351198141 0.7379508164 0.7407219439 0.7434350762 0.7460920151 0.7486944886 0.7512441543 0.7537426034 0.7561913638 0.7585919033 0.7609456322
0.0000000000 0.0000000000 0.0000000000 0.0000000000 0.0000000000 0.0000000000 0.0000000000 0.0000000000 0.0000000000 0.0000000000 0.0000000003 0.0000000032 0.0000000285 0.0000002140 0.0000013914 0.0000079160 0.0000397186 0.0001762763 0.0006899302 0.0023561892 0.0068925957 0.0169134832 0.0344630725 0.0590566060 0.0879329629 0.1181523934 0.1478617701 0.1762326891 0.2030116470 0.2281952924 0.2518708836 0.2741504934 0.2951466443 0.3149642882 0.3336988321 0.3514362684 0.3682539610 0.3842215678 0.3994019239 0.4138518367 0.4276227829 0.4407615161 0.4533105950 0.4653088426 0.4767917472 0.4877918127 0.4983388662 0.5084603272 0.5181814465 0.5275255159 0.5365140548 0.5451669758 0.5535027314 0.5615384460 0.5692900328 0.5767722995 0.5839990422 0.5909831306 0.5977365844 0.6042706424 0.6105958248 0.6167219897 0.6226583846 0.6284136928 0.6339960757 0.6394132115 0.6446723307 0.6497802479 0.6547433911 0.6595678296 0.6642592977 0.6688232180 0.6732647223 0.6775886707 0.6817996693 0.6859020867 0.6899000693 0.6937975548 0.6975982853 0.7013058197 0.7049235442 0.7084546832 0.7119023082 0.7152693474 0.7185585937 0.7217727123 0.7249142479 0.7279856320 0.7309891881 0.7339271387 0.7368016101 0.7396146375 0.7423681704 0.7450640763 0.7477041456 0.7502900952 0.7528235724 0.7553061582 0.7577393708 0.7601246686 0.7624634531
0.0000000000 0.0000000000 0.0000000000 0.0000000000 0.0000000000 0.0000000000 0.0000000000 0.0000000000 0.0000000000 0.0000000000 0.0000000004 0.0000000039 0.0000000347 0.0000002601 0.0000016869 0.0000095686 0.0000478163 0.0002110161 0.0008191467 0.0027639411 0.0079482001 0.0190803959 0.0379561116 0.0636266484 0.0931005983 0.1235249429 0.1532207623 0.1814823833 0.2081181911 0.2331512773 0.2566790819 0.2788171806 0.2996790146 0.3193695006 0.3379836829 0.3556071010 0.3723166617 0.3881815911 0.4032643275 0.4176213157 0.4313037027 0.4443579420 0.4568263188 0.4687474065 0.4801564653 0.4910857902 0.5015650162 0.5116213868 0.5212799902 0.5305639685 0.5394947028 0.5480919773 0.5563741263 0.5643581637 0.5720599006 0.5794940493 0.5866743173 0.5936134915 0.6003235143 0.6068155521 0.6131000577 0.6191868256 0.6250850440 0.6308033401 0.6363498231 0.6417321217 0.6469574198 0.6520324883 0.6569637139 0.6617571267 0.6664184243 0.6709529943 0.6753659356 0.6796620769 0.6838459949 0.6879220300 0.6918943018 0.6957667227 0.6995430110 0.7032267025 0.7068211617 0.7103295921 0.7137550457 0.7171004317 0.7203685251 0.7235619738 0.7266833065 0.7297349386 0.7327191791 0.7356382360 0.7384942218 0.7412891589 0.7440249839 0.7467035526 0.7493266438 0.7518959634 0.7544131479 0.7568797684 0.7592973332 0.7616672913 0.7639910352
0.0000000000 0.0000000000 0.0000000000 0.0000000000 0.0000000000 0.0000000000 0.0000000000 0.0000000000 0.0000000000 0.0000000000 0.0000000005 0.0000000048 0.0000000423 0.0000003168 0.0000020498 0.0000115901 0.0000576704 0.0002529712 0.0009734060 0.0032421847 0.0091550616 0.0214792452 0.0416971506 0.0683914810 0.0983950931 0.1289769942 0.1586339767 0.1867742585 0.2132612347 0.2381408527 0.2615191331 0.2835144870 0.3042410027 0.3238034503 0.3422964652 0.3598051132 0.3764058334 0.3921674149 0.4071518948 0.4214153527 0.4350086034 0.4479777982 0.4603649471 0.4722083722 0.4835431042 0.4944012275 0.5048121842 0.5148030403 0.5243987205 0.5336222163 0.5424947692 0.5510360349 0.5592642279 0.5671962514 0.5748478136 0.5822335309 0.5893670214 0.5962609888 0.6029272976 0.6093770416 0.6156206053 0.6216677196 0.6275275127 0.6332085557 0.6387189048 0.6440661392 0.6492573960 0.6542994017 0.6591985018 0.6639606868 0.6685916173 0.6730966458 0.6774808380 0.6817489911 0.6859056520 0.6899551329 0.6939015264 0.6977487196 0.7015004064 0.7051600996 0.7087311419 0.7122167158 0.7156198535 0.7189434453 0.7221902479 0.7253628922 0.7284638902 0.7314956418 0.7344604408 0.7373604808 0.7401978606 0.7429745894 0.7456925913 0.7483537099 0.7509597124 0.7535122935 0.7560130793 0.7584636304 0.7608654454 0.7632199639 0.7655285692
0.0000000000 0.0000000000 0.0000000000 0.0000000000 0.0000000000 0.0000000000 0.0000000000 0.0000000000 0.0000000000 0.0000000000 0.0000000006 0.0000000059 0.0000000517 0.0000003868 0.0000024964 0.0000140683 0.0000696838 0.0003037033 0.0011576218 0.0038025115 0.0105310839 0.0241242981 0.0456875723 0.0733440952 0.1038094645 0.1345045300 0.1640997658 0.1921079463 0.2184409918 0.2431644725 0.2663915806 0.2882429827 0.3088331797 0.3282666998 0.3466377294 0.3640308418 0.3805219999 0.3961795498 0.4110651240 0.4252344339 0.4387379598 0.4516215487 0.4639269334 0.4756921834 0.4869520978 0.4977385496 0.5080807864 0.5180056955 0.5275380372 0.5367006511 0.5455146387 0.5539995258 0.5621734067 0.5700530731 0.5776541294 0.5849910955 0.5920774997 0.5989259618 0.6055482682 0.6119554391 0.6181577907 0.6241649897 0.6299861038 0.6356296478 0.6411036246 0.6464155633 0.6515725540 0.6565812788 0.6614480412 0.6661787923 0.6707791553 0.6752544473 0.6796097006 0.6838496808 0.6879789047 0.6920016560 0.6959220004 0.6997437993 0.7034707223 0.7071062588 0.7106537296 0.7141162962 0.7174969707 0.7207986243 0.7240239957 0.7271756982 0.7302562274 0.7332679672 0.7362131963 0.7390940939 0.7419127450 0.7446711453 0.7473712064 0.7500147597 0.7526035606 0.7551392929 0.7576235716 0.7600579473 0.7624439086 0.7647828855 0.7670762523
0.0000000000 0.0000000000 0.0000000000 0.0000000000 0.0000000000 0.0000000000 0.0000000000 0.0000000000 0.0000000000 0.0000000001 0.0000000007 0.0000000072 0.0000000635 0.0000004734 0.0000030473 0.0000171128 0.0000843556 0.0003651209 0.0013776493 0.0044581390 0.0120951987 0.0270286263 0.0499267613 0.0784767119 0.1093369303 0.1401039082 0.1696167443 0.1974832244 0.2236577551 0.2482226369 0.2712969993 0.2930032624 0.3134561383 0.3327598317 0.3510080445 0.3682848422 0.3846657024 0.4002185236 0.4150045300 0.4290790619 0.4424922626 0.4552896730 0.4675127466 0.4791992984 0.4903838948 0.5010981957 0.5113712528 0.5212297739 0.5306983534 0.5397996782 0.5485547087 0.5569828400 0.5651020455 0.5729290045 0.5804792171 0.5877671059 0.5948061089 0.6016087614 0.6081867709 0.6145510841 0.6207119479 0.6266789644 0.6324611409 0.6380669350 0.6435042962 0.6487807032 0.6539031985 0.6588784198 0.6637126282 0.6684117352 0.6729813261 0.6774266828 0.6817528036 0.6859644224 0.6900660257 0.6940618687 0.6979559898 0.7017522246 0.7054542180 0.7090654363 0.7125891779 0.7160285833 0.7193866443 0.7226662130 0.7258700097 0.7290006304 0.7320605538 0.7350521480 0.7379776763 0.7408393035 0.7436391005 0.7463790498 0.7490610501 0.7516869205 0.7542584049 0.7567771755 0.7592448368 0.7616629289 0.7640329304 0.7663562618 0.7686342882
0.0000000000 0.0000000000 0.0000000000 0.0000000000 0.0000000000 0.0000000000 0.0000000000 0.0000000000 0.0000000000 0.0000000001 0.0000000008 0.0000000089 0.0000000780 0.0000005809 0.0000037287 0.0000208612 0.0001023063 0.0004395570 0.0016404488 0.0052240353 0.0138671294 0.0302037226 0.0544121244 0.0837809802 0.1149709987 0.1457718688 0.1751837761 0.2029000069 0.2289118918 0.2533158909 0.2762359951 0.2977959458 0.3181104937 0.3372834490 0.3554079995 0.3725676884 0.3888375006 0.4042848821 0.4189706451 0.4329497562 0.4462720193 0.4589826667 0.4711228712 0.4827301913 0.4938389591 0.5044806198 0.5146840283 0.5244757111 0.5338800961 0.5429197163 0.5516153900 0.5599863808 0.5680505402 0.5758244345 0.5833234586 0.5905619374 0.5975532178 0.6043097501 0.6108431624 0.6171643272 0.6232834220 0.6292099837 0.6349529585 0.6405207468 0.6459212441 0.6511618784 0.6562496446 0.6611911351 0.6659925689 0.6706598171 0.6751984274 0.6796136457 0.6839104366 0.6880935017 0.6921672972 0.6961360494 0.7000037694 0.7037742667 0.7074511615 0.7110378968 0.7145377483 0.7179538354 0.7212891296 0.7245464638 0.7277285396 0.7308379355 0.7338771134 0.7368484253 0.7397541194 0.7425963454 0.7453771605 0.7480985337 0.7507623508 0.7533704185 0.7559244688 0.7584261628 0.7608770941 0.7632787921 0.7656327255 0.7679403054 0.7702028874
0.0000000000 0.0000000000 0.0000000000 0.0000000000 0.0000000000 0.0000000000 0.0000000000 0.0000000000 0.0000000000 0.0000000001 0.0000000010 0.0000000110 0.0000000962 0.0000007146 0.0000045734 0.0000254865 0.0001243073 0.0005298624 0.0019542694 0.0061170167 0.0158670766 0.0336591375 0.0591391765 0.0892481779 0.1207055434 0.1515055347 0.1807999613 0.2083583348 0.2342038386 0.2584448221 0.2812092049 0.3026216783 0.3227968835 0.3418381762 0.3598382039 0.3768799745 0.3930379735 0.4083791897 0.4229640200 0.4368470543 0.4500777547 0.4627010429 0.4747578086 0.4862853523 0.4973177703 0.5078862916 0.5180195728 0.5277439580 0.5370837073 0.5460611988 0.5546971077 0.5630105653 0.5710193002 0.5787397650 0.5861872488 0.5933759781 0.6003192079 0.6070293030 0.6135178115 0.6197955314 0.6258725700 0.6317583989 0.6374619026 0.6429914239 0.6483548039 0.6535594197 0.6586122180 0.6635197460 0.6682881798 0.6729233503 0.6774307671 0.6818156399 0.6860828992 0.6902372144 0.6942830110 0.6982244862 0.7020656236 0.7058102065 0.7094618303 0.7130239141 0.7164997114 0.7198923200 0.7232046910 0.7264396376 0.7295998433 0.7326878685 0.7357061583 0.7386570486 0.7415427720 0.7443654637 0.7471271664 0.7498298358 0.7524753446 0.7550654872 0.7576019838 0.7600864838 0.7625205699 0.7649057612 0.7672435163 0.7695352363 0.7717822677
0.0000000000 0.0000000000 0.0000000000 0.0000000000 0.0000000000 0.0000000000 0.0000000000 0.0000000000 0.0000000000 0.0000000001 0.0000000013 0.0000000136 0.0000001190 0.0000008814 0.0000056232 0.0000312066 0.0001513192 0.0006395193 0.0023288527 0.0071558030 0.0181153216 0.0374021550 0.0641016907 0.0948694083 0.1265348624 0.1573024053 0.1864646217 0.2138583674 0.2395340976 0.2636100600 0.2862172969 0.3074811315 0.3275159696 0.3464246605 0.3642992884 0.3812223153 0.3972677203 0.4125020307 0.4269852246 0.4407715124 0.4539100119 0.4664453320 0.4784180775 0.4898652889 0.5008208251 0.5113156972 0.5213783623 0.5310349810 0.5403096441 0.5492245740 0.5578003016 0.5660558249 0.5740087492 0.5816754122 0.5890709965 0.5962096295 0.6031044738 0.6097678081 0.6162111000 0.6224450721 0.6284797616 0.6343245737 0.6399883313 0.6454793188 0.6508053229 0.6559736692 0.6609912559 0.6658645847 0.6705997886 0.6752026579 0.6796786637 0.6840329795 0.6882705015 0.6923958664 0.6964134689 0.7003274771 0.7041418467 0.7078603346 0.7114865112 0.7150237718 0.7184753473 0.7218443137 0.7251336016 0.7283460049 0.7314841879 0.7345506935 0.7375479497 0.7404782760 0.7433438896 0.7461469107 0.7488893679 0.7515732031 0.7542002761 0.7567723687 0.7592911891 0.7617583754 0.7641754990 0.7665440686 0.7688655324 0.7711412821 0.7733726546
0.0000000000 0.0000000000 0.0000000000 0.0000000000 0.0000000000 0.0000000000 0.0000000000 0.0000000000 0.0000000000 0.0000000001 0.0000000016 0.0000000169 0.0000001475 0.0000010900 0.0000069313 0.0000382963 0.0001845394 0.0007727777 0.0027756528 0.0083610140 0.0206317540 0.0414375334 0.0692919016 0.1006357853 0.1324537212 0.1631603464 0.1921772868 0.2194003737 0.2449032337 0.2688122750 0.2912609705 0.3123750039 0.3322684383 0.3510435722 0.3687919068 0.3855953476 0.4015273615 0.4166540099 0.4310348488 0.4447237063 0.4577693533 0.4702160835 0.4821042149 0.4934705264 0.5043486373 0.5147693398 0.5247608898 0.5343492629 0.5435583799 0.5524103059 0.5609254269 0.5691226066 0.5770193258 0.5846318067 0.5919751248 0.5990633074 0.6059094244 0.6125256673 0.6189234230 0.6251133383 0.6311053792 0.6369088847 0.6425326153 0.6479847967 0.6532731607 0.6584049811 0.6633871074 0.6682259953 0.6729277345 0.6774980742 0.6819424471 0.6862659900 0.6904735644 0.6945697744 0.6985589837 0.7024453307 0.7062327432 0.7099249517 0.7135255013 0.7170377634 0.7204649457 0.7238101029 0.7270761447 0.7302658451 0.7333818499 0.7364266838 0.7394027577 0.7423123748 0.7451577365 0.7479409480 0.7506640236 0.7533288915 0.7559373984 0.7584913134 0.7609923328 0.7634420828 0.7658421241 0.7681939545 0.7704990120 0.7727586784 0.7749742813
0.0000000000 0.0000000000 0.0000000000 0.0000000000 0.0000000000 0.0000000000 0.0000000000 0.0000000000 0.0000000000 0.0000000002 0.0000000020 0.0000000211 0.0000001834 0.0000013516 0.0000085656 0.0000471033 0.0002254621 0.0009348186 0.0033080678 0.0097550858 0.0234353363 0.0457673273 0.0747007547 0.1065386015 0.1384573811 0.1690775759 0.1979376789 0.2249847252 0.2503118705 0.2740521775 0.2963409567 0.3173040219 0.3370550018 0.3556956064 0.3733167361 0.3899997310 0.4058175398 0.4208357540 0.4351135040 0.4487042325 0.4616563613 0.4740138666 0.4858167773 0.4971016088 0.5079017394 0.5182477406 0.5281676657 0.5376873041 0.5468304051 0.5556188756 0.5640729555 0.5722113733 0.5800514844 0.5876093949 0.5949000720 0.6019374427 0.6087344828 0.6153032969 0.6216551900 0.6278007325 0.6337498192 0.6395117220 0.6450951385 0.6505082357 0.6557586898 0.6608537225 0.6658001342 0.6706043342 0.6752723687 0.6798099458 0.6842224589 0.6885150083 0.6926924205 0.6967592666 0.7007198790 0.7045783665 0.7083386288 0.7120043696 0.7155791085 0.7190661926 0.7224688071 0.7257899843 0.7290326133 0.7321994482 0.7352931157 0.7383161226 0.7412708624 0.7441596217 0.7469845863 0.7497478462 0.7524514013 0.7550971660 0.7576869736 0.7602225808 0.7627056715 0.7651378604 0.7675206969 0.7698556680 0.7721442016 0.7743876695 0.7765873897
0.0000000000 0.0000000000 0.0000000000 0.0000000000 0.0000000000 0.0000000000 0.0000000000 0.0000000000 0.0000000000 0.0000000002 0.0000000025 0.0000000263 0.0000002287 0.0000016808 0.0000106126 0.0000580684 0.0002759531 0.0011319472 0.0039416738 0.0113620887 0.0265435250 0.0503908090 0.0803181858 0.1125694749 0.1445416148 0.1750526460 0.2037457003 0.2306118889 0.2557606889 0.2793305180 0.3014580191 0.3222689405 0.3418763993 0.3603814837 0.3778744782 0.3944361491 0.4101389214 0.4250479123 0.4392218233 0.4527137092 0.4655716396 0.4778392710 0.4895563413 0.5007591002 0.5114806834 0.5217514399 0.5315992191 0.5410496229 0.5501262277 0.5588507812 0.5672433761 0.5753226046 0.5831056959 0.5906086391 0.5978462924 0.6048324815 0.6115800880 0.6181011283 0.6244068251 0.6305076722 0.6364134922 0.6421334897 0.6476762990 0.6530500278 0.6582622962 0.6633202736 0.6682307109 0.6729999709 0.6776340556 0.6821386317 0.6865190533 0.6907803837 0.6949274144 0.6989646831 0.7028964906 0.7067269160 0.7104598306 0.7140989110 0.7176476515 0.7211093747 0.7244872425 0.7277842654 0.7310033114 0.7341471145 0.7372182823 0.7402193034 0.7431525538 0.7460203037 0.7488247228 0.7515678860 0.7542517787 0.7568783012 0.7594492736 0.7619664398 0.7644314713 0.7668459713 0.7692114779 0.7715294672 0.7738013567 0.7760285082 0.7782122302
0.0000000000 0.0000000000 0.0000000000 0.0000000000 0.0000000000 0.0000000000 0.0000000000 0.0000000000 0.0000000000 0.0000000002 0.0000000032 0.0000000330 0.0000002860 0.0000020961 0.0000131836 0.0000717509 0.0003383433 0.0013718199 0.0046944475 0.0132074270 0.0299716790 0.0553044970 0.0861334173 0.1187204710 0.1507027095 0.1810844246 0.2096014191 0.2362824214 0.2612504246 0.2846480867 0.3066129543 0.3272705450 0.3467333979 0.3651019518 0.3824658613 0.3989053109 0.4144921969 0.4292911581 0.4433604638 0.4567527774 0.4695158142 0.4816929083 0.4933235046 0.5044435852 0.5150860413 0.5252809978 0.5350560987 0.5444367568 0.5534463747 0.5621065395 0.5704371956 0.5784567979 0.5861824487 0.5936300189 0.6008142570 0.6077488868 0.6144466948 0.6209196086 0.6271787684 0.6332345901 0.6390968241 0.6447746071 0.6502765095 0.6556105791 0.6607843802 0.6658050288 0.6706792262 0.6754132882 0.6800131726 0.6844845041 0.6888325975 0.6930624785 0.6971789033 0.7011863763 0.7050891664 0.7088913226 0.7125966876 0.7162089110 0.7197314611 0.7231676362 0.7265205748 0.7297932651 0.7329885539 0.7361091552 0.7391576573 0.7421365303 0.7450481329 0.7478947183 0.7506784402 0.7534013584 0.7560654435 0.7586725818 0.7612245800 0.7637231690 0.7661700082 0.7685666888 0.7709147375 0.7732156196 0.7754707422 0.7776814569 0.7798490627
0.0000000000 0.0000000000 0.0000000000 0.0000000000 0.0000000000 0.0000000000 0.0000000000 0.0000000000 0.0000000000 0.0000000003 0.0000000040 0.0000000415 0.0000003588 0.0000026216 0.0000164214 0.0000888625 0.0004155456 0.0016637075 0.0055869600 0.0153174061 0.0337324902 0.0605022928 0.0921352567 0.1249842002 0.1569374611 0.1871720753 0.2155050573 0.2419969635 0.2667818665 0.2900057137 0.3118065929 0.3323096513 0.3516267945 0.3698577866 0.3870916408 0.4034079522 0.4188780831 0.4335661901 0.4475301067 0.4608221021 0.4734895344 0.4855754130 0.4971188876 0.5081556706 0.5187184067 0.5288369954 0.5385388736 0.5478492636 0.5567913928 0.5653866865 0.5736549398 0.5816144694 0.5892822493 0.5966740316 0.6038044545 0.6106871388 0.6173347752 0.6237592021 0.6299714761 0.6359819352 0.6418002568 0.6474355089 0.6528961980 0.6581903115 0.6633253569 0.6683083972 0.6731460832 0.6778446836 0.6824101114 0.6868479493 0.6911634723 0.6953616684 0.6994472581 0.7034247121 0.7072982674 0.7110719427 0.7147495517 0.7183347169 0.7218308805 0.7252413161 0.7285691387 0.7318173141 0.7349886678 0.7380858935 0.7411115600 0.7440681190 0.7469579116 0.7497831739 0.7525460437 0.7552485653 0.7578926943 0.7604803032 0.7630131851 0.7654930578 0.7679215684 0.7703002961 0.7726307561 0.7749144029 0.7771526330 0.7793467878 0.7814981566
0.0000000000 0.0000000000 0.0000000000 0.0000000000 0.0000000000 0.0000000000 0.0000000000 0.0000000000 0.0000000000 0.0000000004 0.0000000050 0.0000000524 0.0000004516 0.0000032887 0.0000205104 0.0001103103 0.0005111999 0.0020187956 0.0066425167 0.0177186608 0.0378354773 0.0659757201 0.0983123838 0.1313538900 0.1632431600 0.1933150363 0.2214569795 0.2477562356 0.2723558560 0.2954042699 0.3170398010 0.3373871084 0.3565574165 0.3746497939 0.3917526008 0.4079448364 0.4232973239 0.4378737334 0.4517314593 0.4649223737 0.4774934743 0.4894874438 0.5009431341 0.5118959859 0.5223783959 0.5324200361 0.5420481346 0.5512877221 0.5601618493 0.5686917787 0.5768971546 0.5847961546 0.5924056235 0.5997411938 0.6068173921 0.6136477358 0.6202448191 0.6266203904 0.6327854221 0.6387501736 0.6445242487 0.6501166466 0.6555358089 0.6607896625 0.6658856575 0.6708308034 0.6756317004 0.6802945694 0.6848252787 0.6892293683 0.6935120731 0.6976783433 0.7017328634 0.7056800702 0.7095241684 0.7132691461 0.7169187881 0.7204766893 0.7239462657 0.7273307661 0.7306332816 0.7338567557 0.7370039924 0.7400776646 0.7430803219 0.7460143973 0.7488822139 0.7516859911 0.7544278502 0.7571098199 0.7597338412 0.7623017722 0.7648153923 0.7672764065 0.7696864490 0.7720470872 0.7743598249 0.7766261053 0.7788473144 0.7810247834 0.7831597917
0.0000000000 0.0000000000 0.0000000000 0.0000000000 0.0000000000 0.0000000000 0.0000000000 0.0000000000 0.0000000000 0.0000000005 0.0000000064 0.0000000663 0.0000005702 0.0000041382 0.0000256885 0.0001372518 0.0006298525 0.0024505199 0.0078872126 0.0204374483 0.0422865824 0.0717142509 0.1046536152 0.1378234331 0.1696175705 0.1995130010 0.2274576822 0.2535610341 0.2779732861 0.3008446675 0.3223134809 0.3425037989 0.3615261240 0.3794788107 0.3964495561 0.4125167567 0.4277506919 0.4422145412 0.4559652563 0.4690543090 0.4815283340 0.4934296847 0.5047969127 0.5156651853 0.5260666488 0.5360307462 0.5455844953 0.5547527337 0.5635583338 0.5720223939 0.5801644069 0.5880024098 0.5955531176 0.6028320416 0.6098535966 0.6166311956 0.6231773355 0.6295036738 0.6356210983 0.6415397893 0.6472692763 0.6528184890 0.6581958039 0.6634090865 0.6684657297 0.6733726885 0.6781365124 0.6827633742 0.6872590967 0.6916291774 0.6958788107 0.7000129084 0.7040361190 0.7079528450 0.7117672586 0.7154833171 0.7191047762 0.7226352028 0.7260779867 0.7294363515 0.7327133647 0.7359119467 0.7390348800 0.7420848170 0.7450642874 0.7479757055 0.7508213764 0.7536035025 0.7563241886 0.7589854478 0.7615892061 0.7641373073 0.7666315169 0.7690735267 0.7714649586 0.7738073677 0.7761022461 0.7783510261 0.7805550827 0.7827157370 0.7848342585
0.0000000000 0.0000000000 0.0000000000 0.0000000000 0.0000000000 0.0000000000 0.0000000000 0.0000000000 0.0000000000 0.0000000006 0.0000000081 0.0000000843 0.0000007223 0.0000052233 0.0000322643 0.0001711667 0.0007771769 0.0029749314 0.0093498682 0.0234988257 0.0470879083 0.0777056992 0.1111481374 0.1443874137 0.1760589064 0.2057658973 0.2335077849 0.2594122279 0.2836351015 0.3063278609 0.3276285732 0.3476606413 0.3665338113 0.3843457071 0.4011833533 0.4171245375 0.4322389902 0.4465893963 0.4602322612 0.4732186531 0.4855948412 0.4974028465 0.5086809184 0.5194639483 0.5297838305 0.5396697769 0.5491485935 0.5582449230 0.5669814585 0.5753791329 0.5834572859 0.5912338134 0.5987252990 0.6059471325 0.6129136157 0.6196380562 0.6261328530 0.6324095722 0.6384790162 0.6443512854 0.6500358345 0.6555415233 0.6608766625 0.6660490560 0.6710660386 0.6759345109 0.6806609709 0.6852515430 0.6897120044 0.6940478094 0.6982641117 0.7023657847 0.7063574402 0.7102434463 0.7140279425 0.7177148549 0.7213079100 0.7248106465 0.7282264278 0.7315584521 0.7348097628 0.7379832575 0.7410816968 0.7441077124 0.7470638140 0.7499523971 0.7527757487 0.7555360539 0.7582354010 0.7608757872 0.7634591236 0.7659872393 0.7684618862 0.7708847427 0.7732574180 0.7755814550 0.7778583341 0.7800894762 0.7822762458 0.7844199536 0.7865218590
0.0000000000 0.0000000000 0.0000000000 0.0000000000 0.0000000000 0.0000000000 0.0000000000 0.0000000000 0.0000000000 0.0000000008 0.0000000104 0.0000001074 0.0000009182 0.0000066140 0.0000406388 0.0002139489 0.0009602432 0.0036110794 0.0110618065 0.0269257476 0.0522376219 0.0839366567 0.1177857021 0.1510411160 0.1825658033 0.2120738699 0.2396080218 0.2653107566 0.2893422984 0.3118548481 0.3329860579 0.3528585916 0.3715814087 0.3892513880 0.4059548728 0.4217690358 0.4367630536 0.4509991125 0.4645332678 0.4774161809 0.4896937524 0.5014076686 0.5125958739 0.5232929819 0.5335306326 0.5433378053 0.5527410923 0.5617649399 0.5704318604 0.5787626200 0.5867764043 0.5944909664 0.6019227579 0.6090870460 0.6159980185 0.6226688770 0.6291119215 0.6353386263 0.6413597074 0.6471851848 0.6528244380 0.6582862561 0.6635788836 0.6687100621 0.6736870681 0.6785167472 0.6832055455 0.6877595388 0.6921844581 0.6964857144 0.7006684201 0.7047374098 0.7086972589 0.7125523002 0.7163066406 0.7199641748 0.7235285995 0.7270034253 0.7303919888 0.7336974627 0.7369228661 0.7400710736 0.7431448238 0.7461467272 0.7490792739 0.7519448401 0.7547456945 0.7574840048 0.7601618428 0.7627811898 0.7653439415 0.7678519125 0.7703068408 0.7727103914 0.7750641606 0.7773696790 0.7796284154 0.7818417792 0.7840111241 0.7861377503 0.7882229072
0.0000000000 0.0000000000 0.0000000000 0.0000000000 0.0000000000 0.0000000000 0.0000000000 0.0000000000 0.0000000001 0.0000000010 0.0000000133 0.0000001375 0.0000011712 0.0000084024 0.0000513344 0.0002680249 0.0011878433 0.0043813916 0.0130564341 0.0307381370 0.0577300401 0.0903929459 0.1245567817 0.1577805152 0.1891372891 0.2184372628 0.2457592345 0.2712576283 0.2950959255 0.3174266722 0.3383869570 0.3580986451 0.3766698844 0.3941967950 0.4107650310 0.4264511437 0.4413237512 0.4554445367 0.4688691020 0.4816476984 0.4938258548 0.5054449199 0.5165425310 0.5271530213 0.5373077747 0.5470355357 0.5563626815 0.5653134603 0.5739102022 0.5821735051 0.5901223994 0.5977744944 0.6051461084 0.6122523852 0.6191073974 0.6257242400 0.6321151133 0.6382913985 0.6442637251 0.6500420320 0.6556356224 0.6610532145 0.6663029860 0.6713926159 0.6763293216 0.6811198933 0.6857707250 0.6902878433 0.6946769327 0.6989433604 0.7030921974 0.7071282394 0.7110560243 0.7148798503 0.7186037906 0.7222317087 0.7257672711 0.7292139603 0.7325750855 0.7358537940 0.7390530804 0.7421757959 0.7452246570 0.7482022532 0.7511110541 0.7539534169 0.7567315920 0.7594477294 0.7621038841 0.7647020215 0.7672440218 0.7697316851 0.7721667350 0.7745508234 0.7768855334 0.7791723834 0.7814128301 0.7836082716 0.7857600507 0.7878694569 0.7899377297
0.0000000000 0.0000000000 0.0000000000 0.0000000000 0.0000000000 0.0000000000 0.0000000000 0.0000000000 0.0000000001 0.0000000013 0.0000000172 0.0000001766 0.0000014994 0.0000107098 0.0000650331 0.0003365058 0.0014708806 0.0053120226 0.0153685945 0.0349519970 0.0635558952 0.0970600633 0.1314526838 0.1646022570 0.1957727547 0.2248566033 0.2519623670 0.2772539187 0.3008970847 0.3230444235 0.3438323357 0.3633818389 0.3818002467 0.3991829087 0.4156147816 0.4311717897 0.4459219874 0.4599265507 0.4732406240 0.4859140450 0.4979919679 0.5095154012 0.5205216724 0.5310448321 0.5411160059 0.5507637017 0.5600140796 0.5688911881 0.5774171738 0.5856124648 0.5934959350 0.6010850487 0.6083959900 0.6154437779 0.6222423693 0.6288047513 0.6351430239 0.6412684747 0.6471916455 0.6529223934 0.6584699454 0.6638429474 0.6690495102 0.6740972494 0.6789933231 0.6837444655 0.6883570182 0.6928369579 0.6971899225 0.7014212349 0.7055359246 0.7095387475 0.7134342045 0.7172265581 0.7209198482 0.7245179063 0.7280243690 0.7314426899 0.7347761511 0.7380278738 0.7412008282 0.7442978419 0.7473216091 0.7502746978 0.7531595577 0.7559785261 0.7587338352 0.7614276171 0.7640619102 0.7666386633 0.7691597415 0.7716269298 0.7740419378 0.7764064037 0.7787218977 0.7809899255 0.7832119320 0.7853893038 0.7875233724 0.7896154170 0.7916666667
0.0000000000 0.0000000000 0.0000000000 0.0000000000 0.0000000000 0.0000000000 0.0000000000 0.0000000000 0.0000000001 0.0000000017 0.0000000222 0.0000002277 0.0000019266 0.0000136971 0.0000826280 0.0004233822 0.0018228264 0.0064331272 0.0180336774 0.0395786387 0.0697027639 0.1039235932 0.1384656271 0.1715036275 0.2024719248 0.2313325881 0.2582184600 0.2833007711 0.3067469325 0.3287092408 0.3493233052 0.3687092539 0.3869735464 0.4042107507 0.4205051186 0.4359319413 0.4505587046 0.4644460731 0.4776487297 0.4902160951 0.5021929458 0.5136199470 0.5245341139 0.5349692121 0.5449561068 0.5545230674 0.5636960348 0.5724988567 0.5809534939 0.5890802039 0.5968977024 0.6044233078 0.6116730686 0.6186618782 0.6254035766 0.6319110423 0.6381962741 0.6442704649 0.6501440686 0.6558268596 0.6613279877 0.6666560266 0.6718190190 0.6768245170 0.6816796186 0.6863910019 0.6909649551 0.6954074051 0.6997239426 0.7039198459 0.7080001025 0.7119694284 0.7158322868 0.7195929046 0.7232552880 0.7268232364 0.7303003557 0.7336900709 0.7369956365 0.7402201477 0.7433665497 0.7464376465 0.7494361098 0.7523644861 0.7552252044 0.7580205827 0.7607528344 0.7634240739 0.7660363222 0.7685915122 0.7710914931 0.7735380351 0.7759328335 0.7782775127 0.7805736298 0.7828226780 0.7850260900 0.7871852408 0.7893014508 0.7913759884 0.7934100725
0.0000000000 0.0000000000 0.0000000000 0.0000000000 0.0000000000 0.0000000000 0.0000000000 0.0000000000 0.0000000001 0.0000000023 0.0000000288 0.0000002947 0.0000024849 0.0000175784 0.0001052910 0.0005337724 0.0022602459 0.0077790027 0.0210864886 0.0446241016 0.0761556270 0.1109695727 0.1455887818 0.1784825155 0.2092348297 0.2378660713 0.2645286481 0.2893993958 0.3126466822 0.3344223145 0.3548610253 0.3740820175 0.3921908792 0.4092813862 0.4254370781 0.4407326072 0.4552348855 0.4690040616 0.4820943532 0.4945547604 0.5064296786 0.5177594270 0.5285807057 0.5389269929 0.5488288912 0.5583144294 0.5674093276 0.5761372304 0.5845199120 0.5925774572 0.6003284227 0.6077899792 0.6149780387 0.6219073680 0.6285916892 0.6350437713 0.6412755107 0.6472980054 0.6531216200 0.6587560460 0.6642103551 0.6694930482 0.6746120995 0.6795749967 0.6843887775 0.6890600632 0.6935950884 0.6979997296 0.7022795300 0.7064397228 0.7104852532 0.7144207970 0.7182507794 0.7219793914 0.7256106050 0.7291481873 0.7325957136 0.7359565796 0.7392340122 0.7424310803 0.7455507039 0.7485956632 0.7515686072 0.7544720607 0.7573084320 0.7600800195 0.7627890175 0.7654375226 0.7680275386 0.7705609819 0.7730396860 0.7754654060 0.7778398228 0.7801645469 0.7824411223 0.7846710293 0.7868556885 0.7889964632 0.7910946625 0.7931515442 0.7951683166
0.0000000000 0.0000000000 0.0000000000 0.0000000000 0.0000000000 0.0000000000 0.0000000000 0.0000000000 0.0000000002 0.0000000030 0.0000000376 0.0000003831 0.0000032173 0.0000226389 0.0001345631 0.0006742374 0.0028033878 0.0093880333 0.0245599192 0.0500888296 0.0828975204 0.1181847975 0.1528162798 0.1855373714 0.2160617797 0.2444580532 0.2708941564 0.2955510715 0.3185976052 0.3401848888 0.3604467068 0.3795013062 0.3974533882 0.4143959266 0.4304117414 0.4455748397 0.4599515552 0.4736015155 0.4865784691 0.4989309920 0.5107030952 0.5219347486 0.5326623348 0.5429190422 0.5527352081 0.5621386188 0.5711547719 0.5798071071 0.5881172099 0.5961049915 0.6037888478 0.6111858008 0.6183116250 0.6251809589 0.6318074061 0.6382036249 0.6443814089 0.6503517598 0.6561249526 0.6617105947 0.6671176795 0.6723546341 0.6774293638 0.6823492913 0.6871213937 0.6917522345 0.6962479947 0.7006144998 0.7048572449 0.7089814181 0.7129919215 0.7168933907 0.7206902125 0.7243865415 0.7279863154 0.7314932687 0.7349109458 0.7382427128 0.7414917689 0.7446611562 0.7477537695 0.7507723651 0.7537195688 0.7565978837 0.7594096973 0.7621572878 0.7648428309 0.7674684048 0.7700359960 0.7725475043 0.7750047473 0.7774094650 0.7797633237 0.7820679200 0.7843247844 0.7865353845 0.7887011285 0.7908233680 0.7929034008 0.7949424736 0.7969417845
0.0000000000 0.0000000000 0.0000000000 0.0000000000 0.0000000000 0.0000000000 0.0000000000 0.0000000000 0.0000000002 0.0000000039 0.0000000492 0.0000005000 0.0000041823 0.0000292607 0.0001724745 0.0008531771 0.0034768182 0.0113023582 0.0284834842 0.0559676474 0.0899102277 0.1255570611 0.1601431998 0.1926671644 0.2229533409 0.2511096716 0.2773162994 0.3017571466 0.3246010342 0.3459982645 0.3660816145 0.3849683488 0.4027622673 0.4195555324 0.4354302371 0.4504597378 0.4647097838 0.4782394779 0.4911020950 0.5033457830 0.5150141651 0.5261468594 0.5367799276 0.5469462657 0.5566759439 0.5659965036 0.5749332176 0.5835093192 0.5917462039 0.5996636072 0.6072797630 0.6146115434 0.6216745837 0.6284833937 0.6350514570 0.6413913203 0.6475146734 0.6534324211 0.6591547477 0.6646911762 0.6700506205 0.6752414337 0.6802714512 0.6851480305 0.6898780871 0.6944681268 0.6989242760 0.7032523089 0.7074576723 0.7115455085 0.7155206764 0.7193877707 0.7231511396 0.7268149013 0.7303829585 0.7338590129 0.7372465777 0.7405489894 0.7437694189 0.7469108815 0.7499762466 0.7529682461 0.7558894827 0.7587424375 0.7615294769 0.7642528592 0.7669147406 0.7695171812 0.7720621501 0.7745515301 0.7769871230 0.7793706534 0.7817037728 0.7839880639 0.7862250436 0.7884161666 0.7905628289 0.7926663698 0.7947280760 0.7967491831 0.7987308785
0.0000000000 0.0000000000 0.0000000000 0.0000000000 0.0000000000 0.0000000000 0.0000000000 0.0000000000 0.0000000003 0.0000000051 0.0000000647 0.0000006555 0.0000054588 0.0000379567 0.0002217043 0.0010813247 0.0043100684 0.0135671896 0.0328818400 0.0622500502 0.0971749694 0.1330753278 0.1675655330 0.1998713386 0.2299103140 0.2578221951 0.2837964803 0.3080190410 0.3306583657 0.3518638025 0.3717670706 0.3904844293 0.4081187638 0.4247614159 0.4404937446 0.4553884493 0.4695106898 0.4829190390 0.4956662939 0.5078001708 0.5193639017 0.5303967492 0.5409344516 0.5510096099 0.5606520247 0.5698889902 0.5787455527 0.5872447371 0.5954077469 0.6032541407 0.6108019887 0.6180680119 0.6250677053 0.6318154485 0.6383246042 0.6446076066 0.6506760407 0.6565407132 0.6622117176 0.6676984910 0.6730098676 0.6781541254 0.6831390297 0.6879718721 0.6926595057 0.6972083783 0.7016245613 0.7059137770 0.7100814233 0.7141325965 0.7180721120 0.7219045231 0.7256341392 0.7292650414 0.7328010974 0.7362459758 0.7396031582 0.7428759513 0.7460674974 0.7491807849 0.7522186574 0.7551838223 0.7580788590 0.7609062262 0.7636682692 0.7663672260 0.7690052336 0.7715843335 0.7741064770 0.7765735303 0.7789872789 0.7813494319 0.7836616260 0.7859254298 0.7881423465 0.7903138178 0.7924412271 0.7945259018 0.7965691170 0.7985720972 0.8005360192
0.0000000000 0.0000000000 0.0000000000 0.0000000000 0.0000000000 0.0000000000 0.0000000000 0.0000000000 0.0000000004 0.0000000068 0.0000000855 0.0000008633 0.0000071548 0.0000494184 0.0002857926 0.0013723543 0.0053382393 0.0162297168 0.0377734166 0.0689207881 0.1046730472 0.1407298423 0.1750801341 0.2071497714 0.2369337154 0.2645970169 0.2903361910 0.3143382484 0.3367710637 0.3577829271 0.3775044583 0.3960508905 0.4135241821 0.4300148451 0.4456034973 0.4603621747 0.4743554424 0.4876413384 0.5002721777 0.5122952406 0.5237533644 0.5346854532 0.5451269189 0.5551100647 0.5646644190 0.5738170269 0.5825927059 0.5910142705 0.5991027307 0.6068774664 0.6143563829 0.6215560483 0.6284918162 0.6351779349 0.6416276450 0.6478532672 0.6538662806 0.6596773934 0.6652966067 0.6707332715 0.6759961414 0.6810934187 0.6860327978 0.6908215037 0.6954663270 0.6999736565 0.7043495082 0.7085995521 0.7127291370 0.7167433124 0.7206468498 0.7244442611 0.7281398160 0.7317375585 0.7352413212 0.7386547388 0.7419812614 0.7452241653 0.7483865643 0.7514714194 0.7544815481 0.7574196333 0.7602882307 0.7630897767 0.7658265951 0.7685009034 0.7711148190 0.7736703650 0.7761694748 0.7786139975 0.7810057022 0.7833462825 0.7856373603 0.7878804897 0.7900771601 0.7922288003 0.7943367807 0.7964024169 0.7984269722 0.8004116599 0.8023576462
0.0000000000 0.0000000000 0.0000000000 0.0000000000 0.0000000000 0.0000000000 0.0000000000 0.0000000000 0.0000000006 0.0000000091 0.0000001136 0.0000011421 0.0000094179 0.0000645807 0.0003694215 0.0017436169 0.0066024819 0.0193375672 0.0431693128 0.0759606963 0.1123864087 0.1485121814 0.1826846635 0.2145027340 0.2440247615 0.2714356514 0.2969370134 0.3207163398 0.3429406629 0.3637571300 0.3832952255 0.4016691381 0.4189798874 0.4353171469 0.4507607858 0.4653821704 0.4792452654 0.4924075690 0.5049209096 0.5168321277 0.5281836620 0.5390140547 0.5493583883 0.5592486657 0.5687141404 0.5777816059 0.5864756488 0.5948188716 0.6028320887 0.6105344997 0.6179438434 0.6250765337 0.6319477814 0.6385717023 0.6449614138 0.6511291220 0.6570861992 0.6628432539 0.6684101943 0.6737962844 0.6790101963 0.6840600560 0.6889534865 0.6936976452 0.6982992600 0.7027646599 0.7070998051 0.7113103129 0.7154014822 0.7193783156 0.7232455402 0.7270076260 0.7306688029 0.7342330773 0.7377042461 0.7410859104 0.7443814879 0.7475942246 0.7507272053 0.7537833634 0.7567654903 0.7596762439 0.7625181561 0.7652936407 0.7680049997 0.7706544301 0.7732440298 0.7757758027 0.7782516645 0.7806734469 0.7830429027 0.7853617098 0.7876314748 0.7898537373 0.7920299732 0.7941615976 0.7962499685 0.7982963891 0.8003021109 0.8022683360 0.8041962197
0.0000000000 0.0000000000 0.0000000000 0.0000000000 0.0000000000 0.0000000000 0.0000000000 0.0000000000 0.0000000008 0.0000000121 0.0000001516 0.0000015182 0.0000124512 0.0000847113 0.0004787853 0.0022170093 0.0081502410 0.0229368459 0.0490725915 0.0833476953 0.1202981125 0.1564152590 0.1903775242 0.2219308551 0.2511848551 0.2783397319 0.3036006214 0.3271549668 0.3491687730 0.3697879744 0.3891408891 0.4073406443 0.4244873096 0.4406697111 0.4559669619 0.4704497522 0.4841814406 0.4972189803 0.5096137083 0.5214120213 0.5326559557 0.5433836883 0.5536299692 0.5634264977 0.5728022503 0.5817837663 0.5903953994 0.5986595377 0.6065967984 0.6142261991 0.6215653105 0.6286303908 0.6354365068 0.6419976403 0.6483267844 0.6544360296 0.6603366403 0.6660391246 0.6715532966 0.6768883326 0.6820528223 0.6870548150 0.6919018612 0.6966010506 0.7011590472 0.7055821201 0.7098761729 0.7140467698 0.7180991593 0.7220382968 0.7258688645 0.7295952898 0.7332217629 0.7367522519 0.7401905179 0.7435401278 0.7468044669 0.7499867504 0.7530900339 0.7561172230 0.7590710828 0.7619542456 0.7647692197 0.7675183957 0.7702040540 0.7728283709 0.7753934240 0.7779011985 0.7803535919 0.7827524185 0.7850994145 0.7873962418 0.7896444920 0.7918456900 0.7940012975 0.7961127165 0.7981812920 0.8002083148 0.8021950246 0.8041426121 0.8060522216
0.0000000000 0.0000000000 0.0000000000 0.0000000000 0.0000000000 0.0000000000 0.0000000000 0.0000000000 0.0000000010 0.0000000163 0.0000002034 0.0000020281 0.0000165351 0.0001115350 0.0006220771 0.0028199707 0.0100351207 0.0270698499 0.0554780795 0.0910578764 0.1283926819 0.1644332918 0.1981577968 0.2294350885 0.2584155750 0.2853110092 0.3103287838 0.3336558661 0.3554570835 0.3758770997 0.3950430394 0.4130669527 0.4300479478 0.4460739947 0.4612234428 0.4755662996 0.4891653117 0.5020768818 0.5143518512 0.5260361682 0.5371714630 0.5477955436 0.5579428243 0.5676446981 0.5769298615 0.5858245976 0.5943530246 0.6025373143 0.6103978847 0.6179535696 0.6252217700 0.6322185872 0.6389589420 0.6454566814 0.6517246730 0.6577748902 0.6636184889 0.6692658754 0.6747267691 0.6800102576 0.6851248478 0.6900785109 0.6948787246 0.6995325102 0.7040464671 0.7084268040 0.7126793674 0.7168096677 0.7208229028 0.7247239801 0.7285175366 0.7322079570 0.7357993908 0.7392957681 0.7427008133 0.7460180590 0.7492508579 0.7524023940 0.7554756934 0.7584736336 0.7613989530 0.7642542585 0.7670420341 0.7697646475 0.7724243568 0.7750233173 0.7775635867 0.7800471310 0.7824758292 0.7848514782 0.7871757974 0.7894504326 0.7916769600 0.7938568899 0.7959916698 0.7980826882 0.8001312769 0.8021387145 0.8041062286 0.8060349984 0.8079261571
0.0000000000 0.0000000000 0.0000000000 0.0000000000 0.0000000000 0.0000000000 0.0000000000 0.0000000001 0.0000000014 0.0000000221 0.0000002743 0.0000027229 0.0000220590 0.0001474040 0.0008101209 0.0035865753 0.0123162149 0.0317726290 0.0623727171 0.0990665828 0.1366563476 0.1725617369 0.2060251762 0.2370166853 0.2657186679 0.2923513525 0.3171233680 0.3402208638 0.3618073687 0.3820262268 0.4010033454 0.4188496828 0.4356633749 0.4515315265 0.4665317155 0.4807332600 0.4941982884 0.5069826479 0.5191366787 0.5307058764 0.5417314613 0.5522508686 0.5622981736 0.5719044602 0.5810981419 0.5899052430 0.5983496440 0.6064532983 0.6142364228 0.6217176657 0.6289142564 0.6358421377 0.6425160835 0.6489498042 0.6551560407 0.6611466484 0.6669326732 0.6725244192 0.6779315096 0.6831629428 0.6882271417 0.6931319991 0.6978849189 0.7024928532 0.7069623366 0.7112995164 0.7155101816 0.7195997883 0.7235734832 0.7274361253 0.7311923059 0.7348463666 0.7384024160 0.7418643453 0.7452358425 0.7485204052 0.7517213530 0.7548418388 0.7578848586 0.7608532618 0.7637497595 0.7665769333 0.7693372425 0.7720330314 0.7746665360 0.7772398904 0.7797551319 0.7822142072 0.7846189767 0.7869712197 0.7892726387 0.7915248632 0.7937294538 0.7958879060 0.7980016531 0.8000720698 0.8021004749 0.8040881344 0.8060362636 0.8079460302 0.8098185564
0.0000000000 0.0000000000 0.0000000000 0.0000000000 0.0000000000 0.0000000000 0.0000000000 0.0000000001 0.0000000019 0.0000000301 0.0000003721 0.0000036748 0.0000295656 0.0001955345 0.0010571870 0.0045586540 0.0150567471 0.0370726411 0.0697364365 0.1073494085 0.1450771854 0.1807972097 0.2139799122 0.2446771695 0.2730960430 0.2994627514 0.3239863446 0.3468518814 0.3682214933 0.3882371635 0.4070235603 0.4246905359 0.4413352430 0.4570439121 0.4718933418 0.4859521537 0.4992818517 0.5119377219 0.5239695986 0.5354225200 0.5463372921 0.5567509740 0.5666972986 0.5762070371 0.5853083177 0.5940269029 0.6023864334 0.6104086420 0.6181135420 0.6255195947 0.6326438561 0.6395021086 0.6461089779 0.6524780364 0.6586218971 0.6645522962 0.6702801685 0.6758157146 0.6811684610 0.6863473157 0.6913606168 0.6962161779 0.7009213284 0.7054829507 0.7099075134 0.7142011024 0.7183694484 0.7224179524 0.7263517096 0.7301755302 0.7338939593 0.7375112948 0.7410316042 0.7444587394 0.7477963513 0.7510479024 0.7542166791 0.7573058024 0.7603182384 0.7632568076 0.7661241941 0.7689229533 0.7716555200 0.7743242148 0.7769312515 0.7794787423 0.7819687044 0.7844030647 0.7867836650 0.7891122668 0.7913905554 0.7936201438 0.7958025773 0.7979393359 0.8000318388 0.8020814468 0.8040894654 0.8060571478 0.8079856973 0.8098762699 0.8117299762
0.0000000000 0.0000000000 0.0000000000 0.0000000000 0.0000000000 0.0000000000 0.0000000000 0.0000000001 0.0000000026 0.0000000412 0.0000005075 0.0000049860 0.0000398148 0.0002603324 0.0013820254 0.0057868263 0.0183219106 0.0429867910 0.0775434799 0.1158830562 0.1536451650 0.1891373907 0.2220227536 0.2524183185 0.2805497685 0.3066473188 0.3309197929 0.3535509414 0.3747014185 0.3945118106 0.4131055272 0.4305913004 0.4470652889 0.4626128394 0.4773099634 0.4912245786 0.5044175582 0.5169436212 0.5288520907 0.5401875432 0.5509903660 0.5612972381 0.5711415463 0.5805537465 0.5895616781 0.5981908396 0.6064646291 0.6144045564 0.6220304298 0.6293605209 0.6364117110 0.6431996206 0.6497387253 0.6560424585 0.6621233035 0.6679928764 0.6736619998 0.6791407695 0.6844386145 0.6895643513 0.6945262326 0.6993319917 0.7039888830 0.7085037182 0.7128828997 0.7171324507 0.7212580432 0.7252650230 0.7291584330 0.7329430339 0.7366233242 0.7402035579 0.7436877605 0.7470797447 0.7503831237 0.7536013248 0.7567376004 0.7597950395 0.7627765778 0.7656850071 0.7685229837 0.7712930370 0.7739975766 0.7766388995 0.7792191965 0.7817405586 0.7842049819 0.7866143737 0.7889705570 0.7912752751 0.7935301960 0.7957369163 0.7978969652 0.8000118078 0.8020828485 0.8041114343 0.8060988573 0.8080463578 0.8099551268 0.8118263084 0.8136610019
0.0000000000 0.0000000000 0.0000000000 0.0000000000 0.0000000000 0.0000000000 0.0000000000 0.0000000002 0.0000000036 0.0000000567 0.0000006963 0.0000068024 0.0000538750 0.0003478422 0.0018091507 0.0073312597 0.0221758877 0.0495201398 0.0857640164 0.1246460161 0.1623521247 0.1975809278 0.2301549001 0.2602421481 0.2880820713 0.3139072956 0.3379259070 0.3603201748 0.3812492091 0.4008521688 0.4192511859 0.4365538585 0.4528553403 0.4682400850 0.4827833083 0.4965522167 0.5096070462 0.5220019426 0.5337857126 0.5450024660 0.5556921671 0.5658911109 0.5756323345 0.5849459749 0.5938595800 0.6023983813 0.6105855319 0.6184423163 0.6259883354 0.6332416695 0.6402190231 0.6469358532 0.6534064837 0.6596442074 0.6656613769 0.6714694866 0.6770792458 0.6825006446 0.6877430133 0.6928150760 0.6977249989 0.7024804346 0.7070885613 0.7115561194 0.7158894443 0.7200944962 0.7241768876 0.7281419084 0.7319945485 0.7357395189 0.7393812712 0.7429240144 0.7463717322 0.7497281973 0.7529969851 0.7561814867 0.7592849208 0.7623103440 0.7652606612 0.7681386348 0.7709468936 0.7736879403 0.7763641593 0.7789778236 0.7815311011 0.7840260607 0.7864646779 0.7888488398 0.7911803503 0.7934609346 0.7956922430 0.7978758557 0.8000132856 0.8021059827 0.8041553365 0.8061626800 0.8081292917 0.8100563990 0.8119451804 0.8137967678 0.8156122493
0.0000000000 0.0000000000 0.0000000000 0.0000000000 0.0000000000 0.0000000000 0.0000000000 0.0000000002 0.0000000050 0.0000000787 0.0000009613 0.0000093332 0.0000732555 0.0004663626 0.0023703972 0.0092618982 0.0266781730 0.0566655036 0.0943658889 0.1336190528 0.1711916911 0.2061273396 0.2383779597 0.2681509005 0.2956953378 0.3212450565 0.3450070033 0.3671618278 0.3878670411 0.4072603462 0.4254625798 0.4425801930 0.4587073228 0.4739275203 0.4883151966 0.5019368398 0.5148520414 0.5271143682 0.5387721051 0.5498688897 0.5604442592 0.5705341202 0.5801711566 0.5893851830 0.5982034527 0.6066509273 0.6147505122 0.6225232645 0.6299885751 0.6371643313 0.6440670586 0.6507120489 0.6571134728 0.6632844809 0.6692372938 0.6749832829 0.6805330430 0.6858964572 0.6910827562 0.6961005707 0.7009579796 0.7056625535 0.7102213940 0.7146411694 0.7189281472 0.7230882240 0.7271269522 0.7310495651 0.7348609993 0.7385659155 0.7421687174 0.7456735693 0.7490844120 0.7524049780 0.7556388045 0.7587892463 0.7618594877 0.7648525524 0.7677713145 0.7706185068 0.7733967299 0.7761084597 0.7787560552 0.7813417651 0.7838677341 0.7863360088 0.7887485438 0.7911072059 0.7934137798 0.7956699721 0.7978774156 0.8000376734 0.8021522425 0.8042225571 0.8062499921 0.8082358660 0.8101814439 0.8120879398 0.8139565197 0.8157883035 0.8175843675
0.0000000000 0.0000000000 0.0000000000 0.0000000000 0.0000000000 0.0000000000 0.0000000000 0.0000000003 0.0000000070 0.0000001098 0.0000013355 0.0000128802 0.0001000961 0.0006272854 0.0031067241 0.0116578410 0.0318795018 0.0644040457 0.1033163230 0.1427855043 0.1801591608 0.2147769242 0.2466939138 0.2761470378 0.3033921175 0.3286631171 0.3521655287 0.3740782712 0.3945572095 0.4137385661 0.4317418645 0.4486723951 0.4646232672 0.4796771188 0.4939075481 0.5073803164 0.5201543641 0.5322826724 0.5438129984 0.5547885031 0.5652482913 0.5752278773 0.5847595878 0.5938729114 0.6025948037 0.6109499534 0.6189610156 0.6266488171 0.6340325373 0.6411298675 0.6479571529 0.6545295182 0.6608609791 0.6669645425 0.6728522953 0.6785354849 0.6840245900 0.6893293859 0.6944590023 0.6994219756 0.7042262965 0.7088794528 0.7133884684 0.7177599388 0.7220000630 0.7261146731 0.7301092609 0.7339890024 0.7377587803 0.7414232044 0.7449866302 0.7484531765 0.7518267412 0.7551110158 0.7583094988 0.7614255086 0.7644621944 0.7674225471 0.7703094091 0.7731254837 0.7758733427 0.7785554353 0.7811740945 0.7837315444 0.7862299063 0.7886712045 0.7910573722 0.7933902558 0.7956716205 0.7979031542 0.8000864719 0.8022231196 0.8043145780 0.8063622655 0.8083675421 0.8103317118 0.8122560259 0.8141416852 0.8159898428 0.8178016065 0.8195780409
0.0000000000 0.0000000000 0.0000000000 0.0000000000 0.0000000000 0.0000000000 0.0000000000 0.0000000005 0.0000000098 0.0000001543 0.0000018677 0.0000178813 0.0001374422 0.0008462292 0.0040701966 0.0146055300 0.0378178584 0.0727068159 0.1125834554 0.1521314143 0.1892513599 0.2235306755 0.2551050883 0.2842332376 0.3111751287 0.3361641424 0.3594040698 0.3810720090 0.4013221385 0.4202891761 0.4380913157 0.4548326731 0.4706053178 0.4854909647 0.4995623899 0.5128846197 0.5255159361 0.5375087284 0.5489102199 0.5597630894 0.5701060047 0.5799740835 0.5893992911 0.5984107866 0.6070352246 0.6152970177 0.6232185680 0.6308204697 0.6381216876 0.6451397155 0.6518907160 0.6583896447 0.6646503608 0.6706857258 0.6765076917 0.6821273799 0.6875551523 0.6928006749 0.6978729754 0.7027804947 0.7075311344 0.7121322984 0.7165909324 0.7209135580 0.7251063050 0.7291749404 0.7331248945 0.7369612856 0.7406889418 0.7443124213 0.7478360310 0.7512638438 0.7545997138 0.7578472914 0.7610100361 0.7640912290 0.7670939843 0.7700212594 0.7728758650 0.7756604740 0.7783776298 0.7810297539 0.7836191534 0.7861480275 0.7886184739 0.7910324942 0.7933920000 0.7956988170 0.7979546908 0.8001612904 0.8023202127 0.8044329865 0.8065010759 0.8085258835 0.8105087541 0.8124509771 0.8143537898 0.8162183796 0.8180458868 0.8198374067 0.8215939920
0.0000000000 0.0000000000 0.0000000000 0.0000000000 0.0000000000 0.0000000000 0.0000000000 0.0000000007 0.0000000139 0.0000002185 0.0000026297 0.0000249763 0.0001896426 0.0011445483 0.0053259619 0.0181954563 0.0445151570 0.0815370448 0.1221375820 0.1616455280 0.1984664935 0.2323902096 0.2636141323 0.2924123935 0.3190472656 0.3437509567 0.3667253633 0.3881456892 0.4081643907 0.4269146584 0.4445133394 0.4610633612 0.4766557413 0.4913712610 0.5052818647 0.5184518355 0.5309387892 0.5427945165 0.5540657010 0.5647945336 0.5750192403 0.5847745373 0.5940920247 0.6030005284 0.6115263981 0.6196937676 0.6275247830 0.6350398029 0.6422575755 0.6491953948 0.6558692385 0.6622938913 0.6684830540 0.6744494411 0.6802048681 0.6857603291 0.6911260678 0.6963116397 0.7013259691 0.7061774006 0.7108737455 0.7154223231 0.7198299996 0.7241032221 0.7282480504 0.7322701856 0.7361749959 0.7399675411 0.7436525941 0.7472346610 0.7507179996 0.7541066361 0.7574043807 0.7606148419 0.7637414397 0.7667874178 0.7697558547 0.7726496742 0.7754716547 0.7782244385 0.7809105400 0.7835323532 0.7860921586 0.7885921303 0.7910343421 0.7934207727 0.7957533118 0.7980337644 0.8002638559 0.8024452363 0.8045794845 0.8066681115 0.8087125648 0.8107142310 0.8126744394 0.8145944649 0.8164755304 0.8183188099 0.8201254306 0.8218964754 0.8236329847
0.0000000000 0.0000000000 0.0000000000 0.0000000000 0.0000000000 0.0000000000 0.0000000000 0.0000000009 0.0000000200 0.0000003118 0.0000037288 0.0000351044 0.0002629241 0.0015513077 0.0069539042 0.0225172767 0.0519751815 0.0908528958 0.1319520746 0.1713191834 0.2078039973 0.2413577026 0.2722240033 0.3006876180 0.3270116081 0.3514265550 0.3741323082 0.3953021157 0.4150866790 0.4336176401 0.4510104824 0.4673669303 0.4827769373 0.4973203398 0.5110682407 0.5240841715 0.5364250740 0.5481421330 0.5592814862 0.5698848311 0.5799899465 0.5896311426 0.5988396497 0.6076439568 0.6160701053 0.6241419468 0.6318813681 0.6393084900 0.6464418414 0.6532985138 0.6598942982 0.6662438062 0.6723605786 0.6782571810 0.6839452907 0.6894357734 0.6947387527 0.6998636725 0.7048193528 0.7096140405 0.7142554554 0.7187508315 0.7231069544 0.7273301960 0.7314265452 0.7354016361 0.7392607746 0.7430089610 0.7466509125 0.7501910825 0.7536336789 0.7569826808 0.7602418539 0.7634147646 0.7665047928 0.7695151442 0.7724488614 0.7753088338 0.7780978075 0.7808183940 0.7834730780 0.7860642256 0.7885940907 0.7910648221 0.7934784690 0.7958369872 0.7981422441 0.8003960238 0.8026000315 0.8047558978 0.8068651832 0.8089293810 0.8109499217 0.8129281758 0.8148654570 0.8167630253 0.8186220893 0.8204438092 0.8222292991 0.8239796292 0.8256958278
0.0000000000 0.0000000000 0.0000000000 0.0000000000 0.0000000000 0.0000000000 0.0000000000 0.0000000014 0.0000000289 0.0000004483 0.0000053258 0.0000496539 0.0003662204 0.0021057937 0.0090494812 0.0276535393 0.0601832226 0.1006103341 0.1420039608 0.1811461327 0.2172643967 0.2504358397 0.2809379581 0.3090622494 0.3350714334 0.3591941159 0.3816279783 0.4025442603 0.4220918791 0.4404009062 0.4575854440 0.4737459995 0.4889714489 0.5033406727 0.5169239221 0.5297839679 0.5419770698 0.5535537997 0.5645597427 0.5750360968 0.5850201885 0.5945459170 0.6036441386 0.6123430011 0.6206682340 0.6286434032 0.6362901335 0.6436283047 0.6506762236 0.6574507772 0.6639675673 0.6702410306 0.6762845455 0.6821105274 0.6877305136 0.6931552396 0.6983947079 0.7034582492 0.7083545779 0.7130918421 0.7176776692 0.7221192065 0.7264231584 0.7305958205 0.7346431097 0.7385705931 0.7423835127 0.7460868090 0.7496851428 0.7531829140 0.7565842802 0.7598931729 0.7631133126 0.7662482229 0.7693012434 0.7722755415 0.7751741230 0.7779998430 0.7807554147 0.7834434181 0.7860663084 0.7886264231 0.7911259894 0.7935671300 0.7959518699 0.7982821414 0.8005597895 0.8027865768 0.8049641883 0.8070942349 0.8091782584 0.8112177344 0.8132140762 0.8151686378 0.8170827172 0.8189575592 0.8207943582 0.8225942603 0.8243583664 0.8260877336 0.8277833782
0.0000000000 0.0000000000 0.0000000000 0.0000000000 0.0000000000 0.0000000000 0.0000000001 0.0000000020 0.0000000421 0.0000006498 0.0000076642 0.0000706873 0.0005123612 0.0028605867 0.0117230745 0.0336726359 0.0691075680 0.1107657933 0.1522741980 0.1911223223 0.2268491807 0.2596277750 0.2897595499 0.3175398616 0.3432302297 0.3670570163 0.3892156372 0.4098752781 0.4291830430 0.4472674121 0.4642410892 0.4802033482 0.4952419753 0.5094348829 0.5228514604 0.5355537082 0.5475971959 0.5590318746 0.5699027703 0.5802505753 0.5901121582 0.5995210021 0.6085075849 0.6170997088 0.6253227878 0.6332000984 0.6407530003 0.6480011291 0.6549625672 0.6616539943 0.6680908208 0.6742873062 0.6802566647 0.6860111595 0.6915621861 0.6969203486 0.7020955265 0.7070969361 0.7119331848 0.7166123209 0.7211418781 0.7255289159 0.7297800566 0.7339015184 0.7378991458 0.7417784374 0.7455445709 0.7492024263 0.7527566070 0.7562114592 0.7595710892 0.7628393805 0.7660200078 0.7691164515 0.7721320102 0.7750698124 0.7779328272 0.7807238745 0.7834456342 0.7861006547 0.7886913610 0.7912200622 0.7936889577 0.7961001446 0.7984556228 0.8007573009 0.8030070013 0.8052064651 0.8073573563 0.8094612665 0.8115197182 0.8135341690 0.8155060148 0.8174365931 0.8193271860 0.8211790230 0.8229932837 0.8247711003 0.8265135601 0.8282217073 0.8298965456
0.0000000000 0.0000000000 0.0000000000 0.0000000000 0.0000000000 0.0000000000 0.0000000001 0.0000000030 0.0000000619 0.0000009499 0.0000111153 0.0001012861 0.0007197644 0.0038851034 0.0150970874 0.0406220126 0.0787026556 0.1212784016 0.1627476950 0.2012456576 0.2365606927 0.2689371032 0.2986926311 0.3261242770 0.3514917122 0.3750188480 0.3968987546 0.4172985225 0.4363634151 0.4542202996 0.4709804631 0.4867419311 0.5015913855 0.5156057590 0.5288535678 0.5413960325 0.5532880237 0.5645788643 0.5753130137 0.5855306525 0.5952681853 0.6045586743 0.6134322138 0.6219162564 0.6300358963 0.6378141173 0.6452720104 0.6524289641 0.6593028335 0.6659100883 0.6722659452 0.6783844843 0.6842787536 0.6899608619 0.6954420615 0.7007328230 0.7058429018 0.7107813980 0.7155568110 0.7201770877 0.7246496671 0.7289815198 0.7331791849 0.7372488024 0.7411961432 0.7450266367 0.7487453955 0.7523572383 0.7558667106 0.7592781038 0.7625954727 0.7658226517 0.7689632695 0.7720207627 0.7749983884 0.7778992356 0.7807262362 0.7834821746 0.7861696969 0.7887913196 0.7913494372 0.7938463294 0.7962841685 0.7986650248 0.8009908731 0.8032635981 0.8054849993 0.8076567958 0.8097806307 0.8118580755 0.8138906337 0.8158797445 0.8178267862 0.8197330796 0.8215998905 0.8234284330 0.8252198719 0.8269753252 0.8286958663 0.8303825265 0.8320362969
0.0000000000 0.0000000000 0.0000000000 0.0000000000 0.0000000000 0.0000000000 0.0000000001 0.0000000044 0.0000000918 0.0000014009 0.0000162500 0.0001460777 0.0010148137 0.0052693093 0.0193001210 0.0485229175 0.0889133956 0.1321116264 0.1734131447 0.2115157696 0.2464020391 0.2783678414 0.3077413616 0.3348195832 0.3598598418 0.3830834367 0.4046810250 0.4248175638 0.4436364491 0.4612629131 0.4778068075 0.4933648933 0.5080227339 0.5218562691 0.5349331313 0.5473137510 0.5590522907 0.5701974369 0.5807930754 0.5908788681 0.6004907501 0.6096613568 0.6184203942 0.6267949607 0.6348098267 0.6424876794 0.6498493375 0.6569139396 0.6636991101 0.6702211065 0.6764949489 0.6825345358 0.6883527468 0.6939615345 0.6993720060 0.7045944968 0.7096386363 0.7145134073 0.7192271995 0.7237878572 0.7282027234 0.7324786790 0.7366221784 0.7406392824 0.7445356877 0.7483167534 0.7519875263 0.7555527627 0.7590169496 0.7623843229 0.7656588852 0.7688444215 0.7719445135 0.7749625535 0.7779017566 0.7807651720 0.7835556936 0.7862760700 0.7889289132 0.7915167071 0.7940418153 0.7965064882 0.7989128700 0.8012630043 0.8035588404 0.8058022387 0.8079949755 0.8101387476 0.8122351770 0.8142858150 0.8162921455 0.8182555893 0.8201775068 0.8220592018 0.8239019238 0.8257068713 0.8274751939 0.8292079952 0.8309063348 0.8325712308 0.8342036613
0.0000000000 0.0000000000 0.0000000000 0.0000000000 0.0000000000 0.0000000000 0.0000000002 0.0000000066 0.0000001375 0.0000020852 0.0000239529 0.0002120407 0.0014351334 0.0071269670 0.0244579786 0.0573678864 0.0996799841 0.1432343085 0.1842627329 0.2219338002 0.2563770191 0.2879244209 0.3169102217 0.3436301522 0.3683388460 0.3912548627 0.4125663877 0.4324362089 0.4510058275 0.4683988185 0.4847235789 0.5000755883 0.5145392768 0.5281895783 0.5410932293 0.5533098601 0.5648929156 0.5758904375 0.5863457301 0.5962979303 0.6057824970 0.6148316333 0.6234746519 0.6317382921 0.6396469962 0.6472231510 0.6544872994 0.6614583265 0.6681536232 0.6745892317 0.6807799732 0.6867395620 0.6924807073 0.6980152031 0.7033540095 0.7085073252 0.7134846519 0.7182948537 0.7229462087 0.7274464577 0.7318028463 0.7360221642 0.7401107804 0.7440746754 0.7479194704 0.7516504535 0.7552726047 0.7587906174 0.7622089190 0.7655316894 0.7687628781 0.7719062199 0.7749652493 0.7779433136 0.7808435851 0.7836690727 0.7864226322 0.7891069755 0.7917246802 0.7942781971 0.7967698587 0.7992018856 0.8015763933 0.8038953986 0.8061608250 0.8083745081 0.8105382006 0.8126535772 0.8147222381 0.8167457141 0.8187254695 0.8206629063 0.8225593669 0.8244161377 0.8262344517 0.8280154915 0.8297603915 0.8314702408 0.8331460849 0.8347889283 0.8363997363
0.0000000000 0.0000000000 0.0000000000 0.0000000000 0.0000000000 0.0000000000 0.0000000003 0.0000000101 0.0000002082 0.0000031337 0.0000356067 0.0003097369 0.0020339716 0.0095973401 0.0306820481 0.0671216976 0.1109425222 0.1546211335 0.1952917806 0.2325022114 0.2664900711 0.2976116887 0.3262040309 0.3525606644 0.3769332436 0.3995374853 0.4205590509 0.4401585239 0.4584754837 0.4756318245 0.4917344691 0.5068775979 0.5211444923 0.5346090668 0.5473371498 0.5593875602 0.5708130157 0.5816609045 0.5919739416 0.6017907314 0.6111462504 0.6200722635 0.6285976845 0.6367488889 0.6445499866 0.6520230596 0.6591883715 0.6660645502 0.6726687503 0.6790167954 0.6851233052 0.6910018074 0.6966648382 0.7021240312 0.7073901975 0.7124733967 0.7173830016 0.7221277553 0.7267158237 0.7311548420 0.7354519572 0.7396138667 0.7436468529 0.7475568149 0.7513492972 0.7550295164 0.7586023843 0.7620725306 0.7654443225 0.7687218831 0.7719091080 0.7750096813 0.7780270893 0.7809646337 0.7838254439 0.7866124878 0.7893285821 0.7919764021 0.7945584900 0.7970772636 0.7995350235 0.8019339600 0.8042761600 0.8065636127 0.8087982155 0.8109817791 0.8131160323 0.8152026269 0.8172431415 0.8192390859 0.8211919046 0.8231029804 0.8249736376 0.8268051451 0.8285987190 0.8303555258 0.8320766846 0.8337632695 0.8354163120 0.8370368027 0.8386256939
0.0000000000 0.0000000000 0.0000000000 0.0000000000 0.0000000000 0.0000000000 0.0000000005 0.0000000155 0.0000003186 0.0000047564 0.0000533890 0.0004551873 0.0028858136 0.0128438041 0.0380566687 0.0777257651 0.1226448950 0.1662526476 0.2064983643 0.2432246270 0.2767462393 0.3074349175 0.3356279717 0.3616161351 0.3856478717 0.4079359693 0.4286635171 0.4479888595 0.4660496259 0.4829660062 0.4988434280 0.5137747544 0.5278421020 0.5411183515 0.5536684106 0.5655502754 0.5768159265 0.5875120891 0.5976808808 0.6073603661 0.6165850322 0.6253861998 0.6337923783 0.6418295743 0.6495215603 0.6568901097 0.6639552025 0.6707352061 0.6772470352 0.6835062921 0.6895273919 0.6953236733 0.7009074969 0.7062903339 0.7114828438 0.7164949459 0.7213358816 0.7260142718 0.7305381683 0.7349150993 0.7391521121 0.7432558102 0.7472323882 0.7510876627 0.7548271007 0.7584558457 0.7619787410 0.7654003514 0.7687249831 0.7719567014 0.7750993475 0.7781565540 0.7811317584 0.7840282163 0.7868490132 0.7895970755 0.7922751806 0.7948859663 0.7974319394 0.7999154836 0.8023388675 0.8047042508 0.8070136912 0.8092691500 0.8114724981 0.8136255208 0.8157299228 0.8177873328 0.8197993073 0.8217673351 0.8236928403 0.8255771865 0.8274216794 0.8292275700 0.8309960577 0.8327282926 0.8344253781 0.8360883733 0.8377182951 0.8393161205 0.8408827884
0.0000000000 0.0000000000 0.0000000000 0.0000000000 0.0000000000 0.0000000000 0.0000000008 0.0000000242 0.0000004930 0.0000072947 0.0000807566 0.0006727062 0.0040930941 0.0170475703 0.0466280372 0.0891051502 0.1347375882 0.1781149444 0.2178829511 0.2541057054 0.2871511559 0.3173998246 0.3451876187 0.3708019466 0.3944879174 0.4164553159 0.4368846131 0.4559318795 0.4737327655 0.4904057321 0.5060546899 0.5207711658 0.5346360950 0.5477213094 0.5600907827 0.5718016765 0.5829052235 0.5934474764 0.6034699470 0.6130101518 0.6221020820 0.6307766075 0.6390618274 0.6469833743 0.6545646785 0.6618272000 0.6687906315 0.6754730761 0.6818912049 0.6880603959 0.6939948566 0.6997077339 0.7052112106 0.7105165926 0.7156343863 0.7205743680 0.7253456463 0.7299567181 0.7344155191 0.7387294694 0.7429055148 0.7469501638 0.7508695219 0.7546693219 0.7583549523 0.7619314824 0.7654036859 0.7687760620 0.7720528547 0.7752380710 0.7783354968 0.7813487125 0.7842811059 0.7871358860 0.7899160938 0.7926246136 0.7952641828 0.7978374012 0.8003467397 0.8027945477 0.8051830609 0.8075144081 0.8097906174 0.8120136218 0.8141852654 0.8163073078 0.8183814291 0.8204092345 0.8223922582 0.8243319675 0.8262297662 0.8280869981 0.8299049501 0.8316848554 0.8334278959 0.8351352053 0.8368078710 0.8384469369 0.8400534054 0.8416282394 0.8431723640
0.0000000000 0.0000000000 0.0000000000 0.0000000000 0.0000000000 0.0000000000 0.0000000013 0.0000000381 0.0000007720 0.0000113089 0.0001232373 0.0009991253 0.0057933399 0.0223950918 0.0563975191 0.1011768194 0.1471793668 0.1901991508 0.2294480701 0.2651510467 0.2977110403 0.3275125996 0.3548889739 0.3801238841 0.4034589536 0.4251008974 0.4452275235 0.4639925933 0.4815297480 0.4979556941 0.5133728027 0.5278712448 0.5415307562 0.5544221048 0.5666083166 0.5781457061 0.5890847469 0.5994708097 0.6093447910 0.6187436517 0.6277008792 0.6362468861 0.6444093552 0.6522135393 0.6596825217 0.6668374444 0.6736977082 0.6802811482 0.6866041883 0.6926819788 0.6985285168 0.7041567541 0.7095786933 0.7148054727 0.7198474431 0.7247142358 0.7294148246 0.7339575805 0.7383503215 0.7426003579 0.7467145325 0.7506992575 0.7545605478 0.7583040514 0.7619350768 0.7654586184 0.7688793790 0.7722017912 0.7754300361 0.7785680614 0.7816195970 0.7845881699 0.7874771181 0.7902896028 0.7930286200 0.7956970114 0.7982974737 0.8008325683 0.8033047293 0.8057162714 0.8080693973 0.8103662042 0.8126086899 0.8147987592 0.8169382285 0.8190288315 0.8210722233 0.8230699855 0.8250236295 0.8269346008 0.8288042824 0.8306339982 0.8324250161 0.8341785510 0.8358957672 0.8375777817 0.8392256658 0.8408404480 0.8424231156 0.8439746174 0.8454958649
0.0000000000 0.0000000000 0.0000000000 0.0000000000 0.0000000000 0.0000000000 0.0000000021 0.0000000609 0.0000012239 0.0000177287 0.0001897277 0.0014899480 0.0081651523 0.0290590951 0.0673215086 0.1138576652 0.1599379255 0.2025008187 0.2411980347 0.2763671310 0.3084327128 0.3377799403 0.3647385077 0.3895881778 0.4125669794 0.4338784966 0.4536978291 0.4721763928 0.4894457892 0.5056209428 0.5208026619 0.5350797407 0.5485306977 0.5612252203 0.5732253721 0.5845866079 0.5953586307 0.6055861183 0.6153093430 0.6245647011 0.6333851690 0.6418006948 0.6498385389 0.6575235681 0.6648785135 0.6719241944 0.6786797152 0.6851626387 0.6913891382 0.6973741325 0.7031314051 0.7086737102 0.7140128668 0.7191598434 0.7241248325 0.7289173187 0.7335461386 0.7380195353 0.7423452077 0.7465303542 0.7505817133 0.7545055993 0.7583079351 0.7619942826 0.7655698692 0.7690396131 0.7724081453 0.7756798306 0.7788587865 0.7819489002 0.7849538447 0.7878770933 0.7907219328 0.7934914763 0.7961886740 0.7988163241 0.8013770824 0.8038734710 0.8063078869 0.8086826094 0.8109998076 0.8132615467 0.8154697940 0.8176264251 0.8197332288 0.8217919123 0.8238041055 0.8257713657 0.8276951814 0.8295769758 0.8314181110 0.8332198905 0.8349835631 0.8367103248 0.8384013225 0.8400576559 0.8416803800 0.8432705075 0.8448290108 0.8463568242 0.8478548451
0.0000000000 0.0000000000 0.0000000000 0.0000000000 0.0000000000 0.0000000001 0.0000000034 0.0000000986 0.0000019659 0.0000281155 0.0002946246 0.0022280035 0.0114301662 0.0371756151 0.0793182883 0.1270710979 0.1729897398 0.2150193088 0.2531387213 0.2877612864 0.3193236237 0.3482090981 0.3747432079 0.3992015508 0.4218184676 0.4427943519 0.4623015502 0.4804890950 0.4974865154 0.5134069264 0.5283495483 0.5424017772 0.5556408949 0.5681354912 0.5799466524 0.5911289599 0.6017313340 0.6117977487 0.6213678422 0.6304774376 0.6391589918 0.6474419813 0.6553532372 0.6629172348 0.6701563471 0.6770910654 0.6837401934 0.6901210172 0.6962494555 0.7021401921 0.7078067933 0.7132618125 0.7185168827 0.7235827994 0.7284695949 0.7331866041 0.7377425247 0.7421454698 0.7464030171 0.7505222517 0.7545098059 0.7583718944 0.7621143472 0.7657426384 0.7692619131 0.7726770119 0.7759924930 0.7792126525 0.7823415430 0.7853829904 0.7883406100 0.7912178203 0.7940178564 0.7967437823 0.7993985018 0.8019847690 0.8045051979 0.8069622708 0.8093583470 0.8116956700 0.8139763746 0.8162024935 0.8183759631 0.8204986294 0.8225722531 0.8245985143 0.8265790175 0.8285152953 0.8304088127 0.8322609707 0.8340731098 0.8358465131 0.8375824095 0.8392819765 0.8409463426 0.8425765904 0.8441737581 0.8457388427 0.8472728012 0.8487765530 0.8502509816
0.0000000000 0.0000000000 0.0000000000 0.0000000000 0.0000000000 0.0000000001 0.0000000056 0.0000001620 0.0000032010 0.0000451203 0.0004613110 0.0033349410 0.0158468944 0.0468221702 0.0922803375 0.1407515595 0.1863193849 0.2277572229 0.2652774065 0.2993416847 0.3303918961 0.3588079324 0.3849106357 0.4089712747 0.4312204176 0.4518552095 0.4710451970 0.4889369897 0.5056580110 0.5213195362 0.5360191725 0.5498428946 0.5628667278 0.5751581464 0.5867772433 0.5977777126 0.6082076789 0.6181104012 0.6275248730 0.6364863350 0.6450267163 0.6531750141 0.6609576231 0.6683986207 0.6755200160 0.6823419671 0.6888829720 0.6951600357 0.7011888180 0.7069837638 0.7125582190 0.7179245328 0.7230941490 0.7280776876 0.7328850177 0.7375253225 0.7420071581 0.7463385058 0.7505268201 0.7545790708 0.7585017824 0.7623010686 0.7659826644 0.7695519550 0.7730140019 0.7763735670 0.7796351343 0.7828029300 0.7858809408 0.7888729305 0.7917824555 0.7946128787 0.7973673827 0.8000489817 0.8026605322 0.8052047435 0.8076841870 0.8101013049 0.8124584179 0.8147577331 0.8170013506 0.8191912700 0.8213293963 0.8234175454 0.8254574494 0.8274507611 0.8293990588 0.8313038503 0.8331665767 0.8349886164 0.8367712878 0.8385158534 0.8402235220 0.8418954518 0.8435327533 0.8451364912 0.8467076870 0.8482473214 0.8497563358 0.8512356347 0.8526860873
0.0000000000 0.0000000000 0.0000000000 0.0000000000 0.0000000000 0.0000000002 0.0000000094 0.0000002705 0.0000052876 0.0000732946 0.0007278067 0.0049850990 0.0216921967 0.0580037444 0.1060890863 0.1548468681 0.1999185724 0.2407199199 0.2776226613 0.3111173644 0.3416463838 0.3695849768 0.3952489918 0.4189052333 0.4407804178 0.4610683827 0.4799358267 0.4975268957 0.5139668714 0.5293651590 0.5438177250 0.5574090991 0.5702140287 0.5822988541 0.5937226583 0.6045382326 0.6147928928 0.6245291709 0.6337854050 0.6425962435 0.6509930787 0.6590044207 0.6666562202 0.6739721501 0.6809738495 0.6876811378 0.6941122021 0.7002837614 0.7062112123 0.7119087572 0.7173895174 0.7226656346 0.7277483603 0.7326481360 0.7373746649 0.7419369758 0.7463434810 0.7506020279 0.7547199453 0.7587040861 0.7625608650 0.7662962931 0.7699160090 0.7734253073 0.7768291644 0.7801322621 0.7833390092 0.7864535609 0.7894798367 0.7924215373 0.7952821593 0.7980650090 0.8007732155 0.8034097423 0.8059773981 0.8084788465 0.8109166158 0.8132931069 0.8156106018 0.8178712703 0.8200771772 0.8222302886 0.8243324775 0.8263855291 0.8283911465 0.8303509548 0.8322665057 0.8341392816 0.8359706995 0.8377621145 0.8395148229 0.8412300660 0.8429090322 0.8445528604 0.8461626422 0.8477394246 0.8492842119 0.8507979682 0.8522816193 0.8537360542 0.8551621277
0.0000000000 0.0000000000 0.0000000000 0.0000000000 0.0000000000 0.0000000004 0.0000000161 0.0000004591 0.0000088665 0.0001205345 0.0011557710 0.0074194617 0.0292284737 0.0706519896 0.1206288381 0.1693187222 0.2137851060 0.2539151336 0.2901842976 0.3230982778 0.3530967447 0.3805495161 0.4057671931 0.4290119974 0.4505067169 0.4704418212 0.4889811109 0.5062662251 0.5224202663 0.5375507372 0.5517519350 0.5651069194 0.5776891376 0.5895637761 0.6007888902 0.6114163532 0.6214926579 0.6310595965 0.6401548404 0.6488124352 0.6570632274 0.6649352310 0.6724539456 0.6796426322 0.6865225537 0.6931131846 0.6994323957 0.7054966153 0.7113209723 0.7169194219 0.7223048573 0.7274892089 0.7324835326 0.7372980883 0.7419424104 0.7464253708 0.7507552353 0.7549397148 0.7589860108 0.7629008569 0.7666905563 0.7703610155 0.7739177750 0.7773660373 0.7807106924 0.7839563406 0.7871073139 0.7901676953 0.7931413363 0.7960318730 0.7988427411 0.8015771898 0.8042382935 0.8068289642 0.8093519616 0.8118099033 0.8142052733 0.8165404310 0.8188176185 0.8210389681 0.8232065085 0.8253221717 0.8273877979 0.8294051416 0.8313758760 0.8333015981 0.8351838325 0.8370240359 0.8388236006 0.8405838581 0.8423060824 0.8439914929 0.8456412574 0.8472564952 0.8488382787 0.8503876366 0.8519055560 0.8533929841 0.8548508306 0.8562799691 0.8576812394
0.0000000000 0.0000000000 0.0000000000 0.0000000000 0.0000000000 0.0000000006 0.0000000280 0.0000007929 0.0000151033 0.0002006688 0.0018444007 0.0109542368 0.0386604928 0.0846388744 0.1357974138 0.1841419036 0.2279218962 0.2673526956 0.3029733642 0.3352953638 0.3647535301 0.3917116786 0.4164749616 0.4393009106 0.4604083073 0.4799841915 0.4981894127 0.5151630578 0.5310260114 0.5458838389 0.5598291383 0.5729434726 0.5852989656 0.5969596291 0.6079824724 0.6184184339 0.6283131686 0.6377077159 0.6466390680 0.6551406574 0.6632427745 0.6709729286 0.6783561597 0.6854153099 0.6921712586 0.6986431297 0.7048484718 0.7108034173 0.7165228223 0.7220203907 0.7273087832 0.7323997155 0.7373040440 0.7420318439 0.7465924776 0.7509946573 0.7552464998 0.7593555771 0.7633289609 0.7671732635 0.7708946744 0.7744989938 0.7779916623 0.7813777887 0.7846621747 0.7878493380 0.7909435324 0.7939487673 0.7968688247 0.7997072754 0.8024674932 0.8051526684 0.8077658204 0.8103098085 0.8127873428 0.8152009936 0.8175532003 0.8198462796 0.8220824334 0.8242637553 0.8263922378 0.8284697777 0.8304981824 0.8324791746 0.8344143974 0.8363054189 0.8381537364 0.8399607803 0.8417279178 0.8434564563 0.8451476470 0.8468026872 0.8484227239 0.8500088558 0.8515621364 0.8530835757 0.8545741430 0.8560347684 0.8574663451 0.8588697313 0.8602457514
0.0000000000 0.0000000000 0.0000000000 0.0000000000 0.0000000000 0.0000000011 0.0000000498 0.0000013949 0.0000261522 0.0003381020 0.0029507790 0.0159746433 0.0500934368 0.0998008047 0.1515124704 0.1993027431 0.2423361204 0.2810443612 0.3160021899 0.3477206454 0.3766282940 0.4030825438 0.4273829301 0.4497821906 0.4704950224 0.4897049702 0.5075698769 0.5242262297 0.5397926534 0.5543727399 0.5680573566 0.5809265415 0.5930510703 0.6044937583 0.6153105490 0.6255514286 0.6352611987 0.6444801315 0.6532445277 0.6615871948 0.6695378571 0.6771235096 0.6843687243 0.6912959161 0.6979255742 0.7042764651 0.7103658093 0.7162094376 0.7218219284 0.7272167294 0.7324062648 0.7374020310 0.7422146818 0.7468541038 0.7513294845 0.7556493732 0.7598217350 0.7638540004 0.7677531087 0.7715255489 0.7751773946 0.7787143376 0.7821417168 0.7854645455 0.7886875358 0.7918151206 0.7948514745 0.7978005318 0.8006660039 0.8034513948 0.8061600151 0.8087949958 0.8113592995 0.8138557322 0.8162869534 0.8186554852 0.8209637216 0.8232139358 0.8254082886 0.8275488346 0.8296375288 0.8316762328 0.8336667201 0.8356106811 0.8375097283 0.8393654005 0.8411791670 0.8429524314 0.8446865353 0.8463827619 0.8480423387 0.8496664409 0.8512561938 0.8528126758 0.8543369206 0.8558299193 0.8572926230 0.8587259446 0.8601307605 0.8615079129 0.8628582107
0.0000000000 0.0000000000 0.0000000000 0.0000000000 0.0000000000 0.0000000020 0.0000000903 0.0000025027 0.0000460594 0.0005761079 0.0047170131 0.0229024839 0.0635083857 0.1159658857 0.1677137426 0.2147973233 0.2570385692 0.2950037315 0.3292844697 0.3603873552 0.3887337233 0.4146742703 0.4385027647 0.4604670482 0.4807776511 0.4996145548 0.5171325371 0.5334654348 0.5487295691 0.5630265202 0.5764453908 0.5890646649 0.6009537436 0.6121742223 0.6227809582 0.6328229668 0.6423441798 0.6513840871 0.6599782847 0.6681589429 0.6759552087 0.6833935529 0.6904980704 0.6972907408 0.7037916555 0.7100192164 0.7159903096 0.7217204585 0.7272239586 0.7325139962 0.7376027543 0.7425015062 0.7472206985 0.7517700260 0.7561584979 0.7603944973 0.7644858347 0.7684397961 0.7722631864 0.7759623683 0.7795432977 0.7830115556 0.7863723774 0.7896306791 0.7927910810 0.7958579303 0.7988353203 0.8017271089 0.8045369355 0.8072682359 0.8099242567 0.8125080677 0.8150225744 0.8174705281 0.8198545366 0.8221770732 0.8244404851 0.8266470017 0.8287987417 0.8308977197 0.8329458529 0.8349449667 0.8368968000 0.8388030106 0.8406651796 0.8424848159 0.8442633603 0.8460021891 0.8477026179 0.8493659049 0.8509932538 0.8525858170 0.8541446980 0.8556709542 0.8571655991 0.8586296048 0.8600639038 0.8614693913 0.8628469267 0.8641973356 0.8655214116
0.0000000000 0.0000000000 0.0000000000 0.0000000000 0.0000000000 0.0000000038 0.0000001677 0.0000045849 0.0000825473 0.0009914359 0.0075004925 0.0321312272 0.0787675602 0.1329771256 0.1843622517 0.2306297542 0.2720431902 0.3092462643 0.3428353963 0.3733100908 0.4010837945 0.4265002476 0.4498473116 0.4713678271 0.4912680728 0.5097243938 0.5268884410 0.5428913472 0.5578470833 0.5718551773 0.5850029317 0.5973672447 0.6090161152 0.6200098942 0.6304023305 0.6402414494 0.6495702948 0.6584275588 0.6668481184 0.6748634937 0.6825022430 0.6897903021 0.6967512792 0.7034067098 0.7097762794 0.7158780180 0.7217284706 0.7273428470 0.7327351538 0.7379183109 0.7429042553 0.7477040322 0.7523278775 0.7567852899 0.7610850967 0.7652355115 0.7692441871 0.7731182623 0.7768644044 0.7804888477 0.7839974276 0.7873956125 0.7906885319 0.7938810025 0.7969775514 0.7999824377 0.8028996721 0.8057330348 0.8084860913 0.8111622083 0.8137645665 0.8162961740 0.8187598773 0.8211583723 0.8234942141 0.8257698259 0.8279875076 0.8301494435 0.8322577095 0.8343142796 0.8363210321 0.8382797555 0.8401921538 0.8420598512 0.8438843967 0.8456672689 0.8474098794 0.8491135767 0.8507796499 0.8524093316 0.8540038015 0.8555641884 0.8570915736 0.8585869931 0.8600514401 0.8614858668 0.8628911871 0.8642682780 0.8656179815 0.8669411066 0.8682384308
0.0000000000 0.0000000000 0.0000000000 0.0000000000 0.0000000001 0.0000000073 0.0000003190 0.0000085870 0.0001505772 0.0017192757 0.0117949574 0.0439387543 0.0956492037 0.1507073358 0.2014377584 0.2468107193 0.2873668234 0.3237893676 0.3566718374 0.3865050054 0.4136939606 0.4385752768 0.4614307701 0.4824981719 0.5019794182 0.5200471416 0.5368498000 0.5525157651 0.5671566084 0.5808697621 0.5937406907 0.6058446732 0.6172482769 0.6280105820 0.6381842056 0.6478161619 0.6569485886 0.6656193631 0.6738626278 0.6817092395 0.6891871549 0.6963217641 0.7031361779 0.7096514784 0.7158869368 0.7218602033 0.7275874748 0.7330836406 0.7383624124 0.7434364382 0.7483174035 0.7530161212 0.7575426115 0.7619061731 0.7661154475 0.7701784754 0.7741027483 0.7778952549 0.7815625221 0.7851106527 0.7885453595 0.7918719956 0.7950955827 0.7982208358 0.8012521869 0.8041938054 0.8070496175 0.8098233237 0.8125184147 0.8151381860 0.8176857517 0.8201640562 0.8225758862 0.8249238810 0.8272105416 0.8294382404 0.8316092288 0.8337256452 0.8357895217 0.8378027907 0.8397672911 0.8416847736 0.8435569064 0.8453852794 0.8471714091 0.8489167430 0.8506226628 0.8522904887 0.8539214828 0.8555168516 0.8570777499 0.8586052829 0.8601005090 0.8615644425 0.8629980555 0.8644022805 0.8657780118 0.8671261080 0.8684473935 0.8697426602 0.8710126693
0.0000000000 0.0000000000 0.0000000000 0.0000000000 0.0000000002 0.0000000144 0.0000006229 0.0000164622 0.0002795140 0.0029935506 0.0182176284 0.0584101268 0.1138985586 0.1690651652 0.2189355738 0.2633563838 0.3030291129 0.3386525743 0.3708125633 0.3999900401 0.4265813769 0.4509157875 0.4732689018 0.4938732274 0.5129262622 0.5305968443 0.5470301684 0.5623517846 0.5766708118 0.5900825407 0.6026705572 0.6145084856 0.6256614300 0.6361871721 0.6461371723 0.6555574114 0.6644891008 0.6729692856 0.6810313576 0.6887054952 0.6960190408 0.7029968262 0.7096614543 0.7160335440 0.7221319425 0.7279739125 0.7335752944 0.7389506506 0.7441133913 0.7490758864 0.7538495647 0.7584450013 0.7628719961 0.7671396436 0.7712563951 0.7752301148 0.7790681294 0.7827772741 0.7863639321 0.7898340723 0.7931932818 0.7964467961 0.7995995265 0.8026560843 0.8056208042 0.8084977638 0.8112908032 0.8140035413 0.8166393923 0.8192015792 0.8216931476 0.8241169772 0.8264757936 0.8287721777 0.8310085759 0.8331873083 0.8353105769 0.8373804730 0.8393989840 0.8413679999 0.8432893191 0.8451646541 0.8469956360 0.8487838201 0.8505306895 0.8522376596 0.8539060821 0.8555372481 0.8571323917 0.8586926933 0.8602192819 0.8617132386 0.8631755986 0.8646073538 0.8660094550 0.8673828141 0.8687283058 0.8700467699 0.8713390127 0.8726058085 0.8738479019
0.0000000000 0.0000000000 0.0000000000 0.0000000000 0.0000000004 0.0000000293 0.0000012507 0.0000323437 0.0005275379 0.0052052632 0.0274310498 0.0754116404 0.1332762072 0.1879943059 0.2368635066 0.2802876843 0.3190525826 0.3538577983 0.3852785340 0.4137852070 0.4397651742 0.4635401000 0.4853792814 0.5055098811 0.5241248566 0.5413891641 0.5574446602 0.5724140082 0.5864038183 0.5995071904 0.6118057885 0.6233715442 0.6342680648 0.6445518035 0.6542730375 0.6634766904 0.6722030262 0.6804882381 0.6883649503 0.6958626474 0.7030080430 0.7098253981 0.7163367960 0.7225623812 0.7285205680 0.7342282218 0.7397008191 0.7449525874 0.7499966285 0.7548450280 0.7595089519 0.7639987321 0.7683239433 0.7724934709 0.7765155718 0.7803979294 0.7841477020 0.7877715675 0.7912757627 0.7946661189 0.7979480948 0.8011268057 0.8042070498 0.8071933326 0.8100898888 0.8129007026 0.8156295256 0.8182798936 0.8208551422 0.8233584204 0.8257927037 0.8281608056 0.8304653891 0.8327089757 0.8348939556 0.8370225955 0.8390970468 0.8411193527 0.8430914549 0.8450152001 0.8468923452 0.8487245632 0.8505134480 0.8522605189 0.8539672249 0.8556349492 0.8572650120 0.8588586749 0.8604171437 0.8619415714 0.8634330613 0.8648926696 0.8663214076 0.8677202445 0.8690901092 0.8704318926 0.8717464494 0.8730345999 0.8742971319 0.8755348022 0.8767483379
0.0000000000 0.0000000000 0.0000000000 0.0000000000 0.0000000008 0.0000000616 0.0000025886 0.0000651912 0.0010102678 0.0089698248 0.0399885648 0.0946361152 0.1535903299 0.2074688356 0.2552393793 0.2976299825 0.3354628638 0.3694296790 0.4000932555 0.4279129361 0.4532667915 0.4764687442 0.4977816031 0.5174270569 0.5355934128 0.5524416518 0.5681102116 0.5827187994 0.5963714561 0.6091590379 0.6211612407 0.6324482625 0.6430821778 0.6531180791 0.6626050320 0.6715868776 0.6801029094 0.6881884483 0.6958753323 0.7031923354 0.7101655275 0.7168185849 0.7231730585 0.7292486076 0.7350632025 0.7406333023 0.7459740104 0.7510992114 0.7560216915 0.7607532450 0.7653047686 0.7696863455 0.7739073194 0.7779763616 0.7819015302 0.7856903232 0.7893497267 0.7928862573 0.7963060016 0.7996146504 0.8028175310 0.8059196352 0.8089256456 0.8118399592 0.8146667087 0.8174097820 0.8200728406 0.8226593349 0.8251725202 0.8276154696 0.8299910868 0.8323021177 0.8345511608 0.8367406772 0.8388729992 0.8409503391 0.8429747962 0.8449483647 0.8468729394 0.8487503224 0.8505822285 0.8523702902 0.8541160630 0.8558210296 0.8574866042 0.8591141364 0.8607049148 0.8622601705 0.8637810803 0.8652687694 0.8667243146 0.8681487464 0.8695430520 0.8709081770 0.8722450281 0.8735544746 0.8748373506 0.8760944568 0.8773265619 0.8785344044 0.8797186939
0.0000000000 0.0000000000 0.0000000000 0.0000000000 0.0000000018 0.0000001342 0.0000055346 0.0001348855 0.0019556660 0.0151645399 0.0561517849 0.1156985058 0.1747095398 0.2274873147 0.2740892912 0.3154130506 0.3522890754 0.3853960282 0.4152832235 0.4423985018 0.4671103850 0.4897248515 0.5104980569 0.5296460767 0.5473524502 0.5637740823 0.5790459052 0.5932845954 0.6065915591 0.6190553521 0.6307536523 0.6417548804 0.6521195389 0.6619013255 0.6711480634 0.6799024836 0.6882028846 0.6960836931 0.7035759409 0.7107076733 0.7175043003 0.7239888984 0.7301824732 0.7361041860 0.7417715520 0.7472006137 0.7524060921 0.7574015201 0.7621993603 0.7668111081 0.7712473846 0.7755180174 0.7796321139 0.7835981257 0.7874239068 0.7911167655 0.7946835107 0.7981304944 0.8014636488 0.8046885208 0.8078103026 0.8108338598 0.8137637563 0.8166042778 0.8193594524 0.8220330696 0.8246286980 0.8271497009 0.8295992509 0.8319803434 0.8342958086 0.8365483229 0.8387404190 0.8408744956 0.8429528260 0.8449775664 0.8469507632 0.8488743598 0.8507502032 0.8525800498 0.8543655709 0.8561083579 0.8578099268 0.8594717226 0.8610951239 0.8626814461 0.8642319451 0.8657478209 0.8672302204 0.8686802404 0.8700989303 0.8714872947 0.8728462957 0.8741768550 0.8754798562 0.8767561468 0.8780065397 0.8792318152 0.8804327227 0.8816099819 0.8827642846
0.0000000000 0.0000000000 0.0000000000 0.0000000000 0.0000000040 0.0000003039 0.0000122543 0.0002864637 0.0038015911 0.0248552812 0.0757877127 0.1382349757 0.1965608204 0.2480673745 0.2934466391 0.3336713617 0.3695643658 0.4017883993 0.4308784767 0.4572705542 0.4813233359 0.5033346414 0.5235537948 0.5421911087 0.5594252272 0.5754088702 0.5902733711 0.6041322944 0.6170843418 0.6292157071 0.6406019964 0.6513098055 0.6613980233 0.6709189152 0.6799190290 0.6884399559 0.6965189730 0.7041895887 0.7114820072 0.7184235259 0.7250388768 0.7313505211 0.7373789041 0.7431426761 0.7486588851 0.7539431458 0.7590097864 0.7638719790 0.7685418537 0.7730305994 0.7773485539 0.7815052826 0.7855096501 0.7893698825 0.7930936244 0.7966879890 0.8001596039 0.8035146515 0.8067589058 0.8098977657 0.8129362850 0.8158791994 0.8187309513 0.8214957119 0.8241774019 0.8267797098 0.8293061090 0.8317598730 0.8341440899 0.8364616752 0.8387153835 0.8409078199 0.8430414496 0.8451186072 0.8471415055 0.8491122431 0.8510328118 0.8529051033 0.8547309152 0.8565119571 0.8582498557 0.8599461600 0.8616023455 0.8632198188 0.8647999216 0.8663439342 0.8678530792 0.8693285243 0.8707713860 0.8721827318 0.8735635832 0.8749149179 0.8762376723 0.8775327436 0.8788009919 0.8800432419 0.8812602850 0.8824528806 0.8836217581 0.8847676181 0.8858911339
0.0000000000 0.0000000000 0.0000000000 0.0000000001 0.0000000097 0.0000007183 0.0000281648 0.0006234981 0.0073428846 0.0390317557 0.0984300709 0.1619674424 0.2191198270 0.2692416555 0.3133518412 0.3524446764 0.3873266397 0.4186428124 0.4469132938 0.4725617845 0.4959368870 0.5173280310 0.5369775162 0.5550897297 0.5718382823 0.5873715911 0.6018172895 0.6152857420 0.6278728695 0.6396624374 0.6507279216 0.6611340416 0.6709380271 0.6801906709 0.6889372093 0.6972180618 0.7050694551 0.7125239536 0.7196109105 0.7263568541 0.7327858196 0.7389196354 0.7447781706 0.7503795501 0.7557403417 0.7608757199 0.7657996095 0.7705248114 0.7750631138 0.7794253906 0.7836216880 0.7876613023 0.7915528480 0.7953043196 0.7989231462 0.8024162407 0.8057900440 0.8090505641 0.8122034126 0.8152538361 0.8182067461 0.8210667448 0.8238381495 0.8265250139 0.8291311481 0.8316601368 0.8341153555 0.8364999854 0.8388170278 0.8410693158 0.8432595267 0.8453901919 0.8474637072 0.8494823415 0.8514482453 0.8533634580 0.8552299153 0.8570494555 0.8588238257 0.8605546874 0.8622436213 0.8638921327 0.8655016557 0.8670735572 0.8686091411 0.8701096517 0.8715762769 0.8730101519 0.8744123614 0.8757839430 0.8771258893 0.8784391506 0.8797246368 0.8809832199 0.8822157357 0.8834229857 0.8846057389 0.8857647336 0.8869006783 0.8880142541 0.8891061151
0.0000000000 0.0000000000 0.0000000000 0.0000000002 0.0000000245 0.0000017791 0.0000673370 0.0013850608 0.0138772472 0.0582060466 0.1234730936 0.1867243673 0.2423996498 0.2910553445 0.3338526964 0.3717789380 0.4056195129 0.4360006804 0.4634270792 0.4883097707 0.5109869513 0.5317394092 0.5508022099 0.5683736380 0.5846221207 0.5996916438 0.6137060297 0.6267723479 0.6389836553 0.6504212162 0.6611563127 0.6712517319 0.6807629949 0.6897393779 0.6982247665 0.7062583734 0.7138753438 0.7211072697 0.7279826277 0.7345271543 0.7407641669 0.7467148423 0.7523984563 0.7578325926 0.7630333244 0.7680153731 0.7727922477 0.7773763668 0.7817791669 0.7860111970 0.7900822035 0.7940012049 0.7977765588 0.8014160208 0.8049267983 0.8083155978 0.8115886677 0.8147518369 0.8178105491 0.8207698947 0.8236346382 0.8264092445 0.8290979019 0.8317045432 0.8342328648 0.8366863442 0.8390682562 0.8413816871 0.8436295484 0.8458145887 0.8479394053 0.8500064542 0.8520180595 0.8539764225 0.8558836293 0.8577416585 0.8595523881 0.8613176014 0.8630389933 0.8647181758 0.8663566823 0.8679559733 0.8695174400 0.8710424085 0.8725321437 0.8739878527 0.8754106882 0.8768017512 0.8781620943 0.8794927239 0.8807946031 0.8820686536 0.8833157584 0.8845367634 0.8857324793 0.8869036839 0.8880511231 0.8891755130 0.8902775413 0.8913578685 0.8924171293
0.0000000000 0.0000000000 0.0000000000 0.0000000004 0.0000000656 0.0000046393 0.0001676805 0.0031131623 0.0251609274 0.0821501026 0.1503739177 0.2124309233 0.2664415884 0.3135652468 0.3550053443 0.3917275233 0.4244935595 0.4539100053 0.4804655031 0.5045580658 0.5265151515 0.5466086326 0.5650661100 0.5820795720 0.5978120978 0.6124031008 0.6259724716 0.6386238797 0.6504474273 0.6615217980 0.6719160105 0.6816908582 0.6909000989 0.6995914444 0.7078073866 0.7155858931 0.7229609929 0.7299632750 0.7366203118 0.7429570224 0.7489959839 0.7547577006 0.7602608362 0.7655224161 0.7705580029 0.7753818509 0.7800070398 0.7844455941 0.7887085869 0.7928062324 0.7967479675 0.8005425243 0.8041979950 0.8077218889 0.8111211846 0.8144023756 0.8175715120 0.8206342373 0.8235958227 0.8264611967 0.8292349727 0.8319214737 0.8345247551 0.8370486247 0.8394966615 0.8418722328 0.8441785091 0.8464184789 0.8485949612 0.8507106175 0.8527679623 0.8547693738 0.8567171022 0.8586132790 0.8604599241 0.8622589532 0.8640121845 0.8657213449 0.8673880755 0.8690139369 0.8706004141 0.8721489209 0.8736608045 0.8751373489 0.8765797788 0.8779892631 0.8793669176 0.8807138086 0.8820309551 0.8833193317 0.8845798707 0.8858134649 0.8870209689 0.8882032019 0.8893609488 0.8904949628 0.8916059660 0.8926946519 0.8937616862 0.8948077085 0.8958333333
0.0000000000 0.0000000000 0.0000000000 0.0000000012 0.0000001866 0.0000128011 0.0004346132 0.0069670944 0.0428895537 0.1100383734 0.1787653063 0.2390871925 0.2913092948 0.3368402348 0.3768758476 0.4123529399 0.4440079534 0.4724269427 0.4980819914 0.5213576184 0.5425701785 0.5619823254 0.5798139426 0.5962505086 0.6114495724 0.6255458205 0.6386550781 0.6508774996 0.6623001318 0.6729989903 0.6830407536 0.6924841536 0.7013811254 0.7097777628 0.7177151171 0.7252298683 0.7323548917 0.7391197389 0.7455510474 0.7516728915 0.7575070826 0.7630734297 0.7683899638 0.7734731328 0.7783379719 0.7829982518 0.7874666088 0.7917546596 0.7958731020 0.7998318036 0.8036398815 0.8073057717 0.8108372918 0.8142416968 0.8175257285 0.8206956602 0.8237573367 0.8267162105 0.8295773739 0.8323455881 0.8350253103 0.8376207168 0.8401357256 0.8425740153 0.8449390435 0.8472340634 0.8494621380 0.8516261545 0.8537288361 0.8557727542 0.8577603382 0.8596938853 0.8615755698 0.8634074506 0.8651914793 0.8669295065 0.8686232889 0.8702744947 0.8718847094 0.8734554408 0.8749881233 0.8764841231 0.8779447414 0.8793712188 0.8807647385 0.8821264296 0.8834573703 0.8847585906 0.8860310750 0.8872757651 0.8884935615 0.8896853267 0.8908518864 0.8919940319 0.8931125218 0.8942080833 0.8952814144 0.8963331849 0.8973640380 0.8983745915 0.8993654393
0.0000000000 0.0000000000 0.0000000000 0.0000000037 0.0000005706 0.0000375632 0.0011667565 0.0151220963 0.0677753413 0.1408953856 0.2084697748 0.2667476202 0.3170863720 0.3609629769 0.3995425013 0.4337291173 0.4642326569 0.4916178811 0.5163397048 0.5387686602 0.5592095946 0.5779156074 0.5950985837 0.6109372550 0.6255834394 0.6391669239 0.6517993207 0.6635771407 0.6745842645 0.6848939425 0.6945704277 0.7036703157 0.7122436522 0.7203348545 0.7279834805 0.7352248759 0.7420907202 0.7486094901 0.7548068541 0.7607060106 0.7663279778 0.7716918442 0.7768149846 0.7817132489 0.7864011251 0.7908918831 0.7951976997 0.7993297689 0.8032983992 0.8071130996 0.8107826552 0.8143151954 0.8177182534 0.8209988201 0.8241633922 0.8272180148 0.8301683202 0.8330195623 0.8357766483 0.8384441663 0.8410264112 0.8435274075 0.8459509306 0.8483005253 0.8505795236 0.8527910600 0.8549380865 0.8570233849 0.8590495797 0.8610191484 0.8629344322 0.8647976449 0.8666108814 0.8683761260 0.8700952590 0.8717700639 0.8734022334 0.8749933752 0.8765450169 0.8780586115 0.8795355414 0.8809771228 0.8823846098 0.8837591979 0.8851020270 0.8864141854 0.8876967120 0.8889505993 0.8901767959 0.8913762092 0.8925497073 0.8936981209 0.8948222460 0.8959228450 0.8970006488 0.8980563583 0.8990906460 0.9001041574 0.9010975123 0.9020713060 0.9030261108
0.0000000000 0.0000000000 0.0000000000 0.0000000127 0.0000018908 0.0001177017 0.0032001914 0.0307236391 0.0990583249 0.1739841218 0.2394612879 0.2955075549 0.3438770812 0.3860329945 0.4230990825 0.4559445319 0.4852513865 0.5115622592 0.5353142191 0.5568632625 0.5765022770 0.5944744328 0.6109833025 0.6262006056 0.6402722044 0.6533227942 0.6654596084 0.6767753719 0.6873506743 0.6972558926 0.7065527589 0.7152956484 0.7235326437 0.7313064194 0.7386549816 0.7456122892 0.7522087791 0.7584718106 0.7644260454 0.7700937716 0.7754951830 0.7806486190 0.7855707732 0.7902768732 0.7947808391 0.7990954198 0.8032323145 0.8072022782 0.8110152149 0.8146802604 0.8182058555 0.8215998103 0.8248693627 0.8280212292 0.8310616517 0.8339964382 0.8368309999 0.8395703847 0.8422193073 0.8447821757 0.8472631163 0.8496659959 0.8519944415 0.8542518591 0.8564414498 0.8585662253 0.8606290216 0.8626325115 0.8645792165 0.8664715169 0.8683116621 0.8701017789 0.8718438802 0.8735398723 0.8751915619 0.8768006624 0.8783688002 0.8798975197 0.8813882889 0.8828425035 0.8842614918 0.8856465185 0.8869987883 0.8883194497 0.8896095983 0.8908702793 0.8921024910 0.8933071869 0.8944852785 0.8956376376 0.8967650980 0.8978684581 0.8989484826 0.9000059039 0.9010414243 0.9020557171 0.9030494287 0.9040231789 0.9049775634 0.9059131542 0.9068305009
0.0000000000 0.0000000000 0.0000000001 0.0000000481 0.0000068659 0.0003941768 0.0087022411 0.0564556793 0.1351253174 0.2089343034 0.2718199445 0.3254978737 0.3718099116 0.4121713180 0.4476594192 0.4791065461 0.5071657237 0.5323564665 0.5550972368 0.5757288751 0.5945317999 0.6117388291 0.6275448684 0.6421143269 0.6555868571 0.6680818455 0.6797019604 0.6905359791 0.7006610603 0.7101445848 0.7190456566 0.7274163361 0.7353026587 0.7427454823 0.7497811949 0.7564423098 0.7627579680 0.7687543642 0.7744551099 0.7798815447 0.7850530024 0.7899870417 0.7946996455 0.7992053933 0.8035176123 0.8076485089 0.8116092840 0.8154102348 0.8190608438 0.8225698577 0.8259453580 0.8291948224 0.8323251804 0.8353428629 0.8382538458 0.8410636899 0.8437775761 0.8464003375 0.8489364877 0.8513902474 0.8537655672 0.8560661492 0.8582954662 0.8604567790 0.8625531525 0.8645874702 0.8665624472 0.8684806428 0.8703444709 0.8721562107 0.8739180155 0.8756319219 0.8772998569 0.8789236457 0.8805050181 0.8820456145 0.8835469921 0.8850106297 0.8864379325 0.8878302370 0.8891888149 0.8905148769 0.8918095767 0.8930740138 0.8943092369 0.8955162471 0.8966960000 0.8978494085 0.8989773454 0.9000806452 0.9011601064 0.9022164933 0.9032505379 0.9042629418 0.9052543770 0.9062254885 0.9071768949 0.9081091898 0.9090229434 0.9099187033 0.9107969960
0.0000000000 0.0000000000 0.0000000005 0.0000002041 0.0000276401 0.0013993744 0.0222272079 0.0923487583 0.1745697668 0.2456833473 0.3057019908 0.3568869193 0.4010441929 0.4395273355 0.4733639187 0.5033475786 0.5301009548 0.5541193857 0.5758018595 0.5954733547 0.6134012401 0.6298074987 0.6448779658 0.6587693995 0.6716149530 0.6835284570 0.6946078019 0.7049376334 0.7145915195 0.7236337053 0.7321205443 0.7401016740 0.7476209876 0.7547174414 0.7614257302 0.7677768541 0.7737985979 0.7795159373 0.7849513851 0.7901252876 0.7950560791 0.7997605010 0.8042537925 0.8085498544 0.8126613939 0.8166000492 0.8203765001 0.8240005646 0.8274812836 0.8308269972 0.8340454104 0.8371436531 0.8401283324 0.8430055797 0.8457810931 0.8484601743 0.8510477633 0.8535484680 0.8559665924 0.8583061605 0.8605709390 0.8627644580 0.8648900283 0.8669507592 0.8689495729 0.8708892187 0.8727722854 0.8746012132 0.8763783035 0.8781057296 0.8797855446 0.8814196902 0.8830100039 0.8845582257 0.8860660051 0.8875349062 0.8889664136 0.8903619372 0.8917228171 0.8930503273 0.8943456805 0.8956100311 0.8968444789 0.8980500723 0.8992278114 0.9003786504 0.9015035007 0.9026032325 0.9036786782 0.9047306332 0.9057598591 0.9067670845 0.9077530074 0.9087182966 0.9096635930 0.9105895115 0.9114966419 0.9123855502 0.9132567800 0.9141108536 0.9149482728
0.0000000000 0.0000000000 0.0000000024 0.0000009965 0.0001246821 0.0051047284 0.0497419181 0.1358683963 0.2166982529 0.2843757042 0.3413297171 0.3898892342 0.4317806158 0.4682889425 0.5003891453 0.5288341428 0.5542146241 0.5770005083 0.5975703090 0.6162323280 0.6332402134 0.6488045569 0.6631016574 0.6762802285 0.6884665906 0.6997687329 0.7102795223 0.7200792609 0.7292377415 0.7378159121 0.7458672345 0.7534387989 0.7605722462 0.7673045334 0.7736685749 0.7796937801 0.7854065079 0.7908304522 0.7959869708 0.8008953657 0.8055731252 0.8100361317 0.8142988422 0.8183744445 0.8222749933 0.8260115298 0.8295941858 0.8330322751 0.8363343752 0.8395083977 0.8425616526 0.8455009037 0.8483324191 0.8510620156 0.8536950987 0.8562366984 0.8586915008 0.8610638777 0.8633579119 0.8655774210 0.8677259786 0.8698069334 0.8718234265 0.8737784074 0.8756746486 0.8775147582 0.8793011922 0.8810362653 0.8827221613 0.8843609415 0.8859545540 0.8875048406 0.8890135446 0.8904823169 0.8919127220 0.8933062439 0.8946642911 0.8959882010 0.8972792450 0.8985386318 0.8997675117 0.9009669800 0.9021380800 0.9032818064 0.9043991078 0.9054908896 0.9065580162 0.9076013134 0.9086215707 0.9096195429 0.9105959523 0.9115514902 0.9124868188 0.9134025725 0.9142993595 0.9151777629 0.9160383423 0.9168816348 0.9177081560 0.9185184014 0.9193128470
0.0000000000 0.0000000000 0.0000000147 0.0000057435 0.0006316590 0.0176710524 0.0932621905 0.1844311032 0.2614431523 0.3252993944 0.3789994242 0.4247820282 0.4642776243 0.4986980071 0.5289623689 0.5557805697 0.5797095170 0.6011922546 0.6205856487 0.6381803689 0.6542155571 0.6688897609 0.6823691965 0.6947940725 0.7062834848 0.7169392468 0.7268489141 0.7360881962 0.7447228945 0.7528104714 0.7604013309 0.7675398703 0.7742653489 0.7806126101 0.7866126860 0.7922933039 0.7976793153 0.8027930592 0.8076546715 0.8122823506 0.8166925845 0.8209003474 0.8249192694 0.8287617841 0.8324392568 0.8359620972 0.8393398576 0.8425813193 0.8456945691 0.8486870663 0.8515657026 0.8543368551 0.8570064334 0.8595799217 0.8620624163 0.8644586594 0.8667730693 0.8690097677 0.8711726038 0.8732651771 0.8752908567 0.8772527996 0.8791539675 0.8809971413 0.8827849346 0.8845198066 0.8862040727 0.8878399153 0.8894293933 0.8909744501 0.8924769224 0.8939385466 0.8953609664 0.8967457381 0.8980943370 0.8994081621 0.9006885412 0.9019367355 0.9031539434 0.9043413047 0.9054999038 0.9066307733 0.9077348970 0.9088132125 0.9098666144 0.9108959562 0.9119020528 0.9128856829 0.9138475907 0.9147884879 0.9157090555 0.9166099453 0.9174917815 0.9183551624 0.9192006613 0.9200288279 0.9208401900 0.9216352537 0.9224145054 0.9231784121 0.9239274226
0.0000000000 0.0000000001 0.0000001121 0.0000403009 0.0034857775 0.0507078360 0.1485502219 0.2369283389 0.3091337794 0.3688747691 0.4191071063 0.4619328526 0.4988776034 0.5310749238 0.5593846420 0.5844707719 0.6068542524 0.6269495134 0.6450903725 0.6615487262 0.6765482713 0.6902747320 0.7028835895 0.7145059967 0.7252533578 0.7352209104 0.7444905554 0.7531331125 0.7612101332 0.7687753686 0.7758759675 0.7825534597 0.7888445688 0.7947818880 0.8003944451 0.8057081766 0.8107463289 0.8155297983 0.8200774202 0.8244062176 0.8285316137 0.8324676155 0.8362269728 0.8398213161 0.8432612768 0.8465565923 0.8497161978 0.8527483077 0.8556604862 0.8584597110 0.8611524286 0.8637446045 0.8662417663 0.8686490442 0.8709712052 0.8732126854 0.8753776177 0.8774698574 0.8794930054 0.8814504285 0.8833452782 0.8851805078 0.8869588875 0.8886830187 0.8903553462 0.8919781703 0.8935536570 0.8950838477 0.8965706681 0.8980159365 0.8994213706 0.9007885949 0.9021191467 0.9034144821 0.9046759808 0.9059049516 0.9071026367 0.9082702155 0.9094088093 0.9105194840 0.9116032543 0.9126610858 0.9136938989 0.9147025708 0.9156879380 0.9166507990 0.9175919162 0.9185120180 0.9194118003 0.9202919291 0.9211530412 0.9219957464 0.9228206287 0.9236282476 0.9244191393 0.9251938183 0.9259527780 0.9266964921 0.9274254153 0.9281399845 0.9288406197
0.0000000000 0.0000000006 0.0000011442 0.0003532455 0.0183583341 0.1093416768 0.2110932632 0.2935067284 0.3603808741 0.4156914975 0.4621976774 0.5018466194 0.5360508128 0.5658597391 0.5920694453 0.6152946885 0.6360177647 0.6546223613 0.6714175332 0.6866550079 0.7005418882 0.7132501215 0.7249236552 0.7356839134 0.7456340363 0.7548621969 0.7634442205 0.7714456736 0.7789235417 0.7859275887 0.7925014659 0.7986836223 0.8045080576 0.8100049471 0.8152011653 0.8201207247 0.8247851474 0.8292137794 0.8334240592 0.8374317469 0.8412511215 0.8448951511 0.8483756396 0.8517033549 0.8548881397 0.8579390090 0.8608642353 0.8636714235 0.8663675769 0.8689591555 0.8714521276 0.8738520161 0.8761639387 0.8783926450 0.8805425483 0.8826177557 0.8846220935 0.8865591311 0.8884322022 0.8902444238 0.8919987138 0.8936978062 0.8953442659 0.8969405012 0.8984887757 0.8999912188 0.9014498361 0.9028665174 0.9042430457 0.9055811041 0.9068822833 0.9081480870 0.9093799387 0.9105791862 0.9117471071 0.9128849129 0.9139937538 0.9150747218 0.9161288548 0.9171571398 0.9181605160 0.9191398778 0.9200960769 0.9210299256 0.9219421984 0.9228336345 0.9237049397 0.9245567883 0.9253898249 0.9262046658 0.9270019007 0.9277820942 0.9285457868 0.9292934966 0.9300257200 0.9307429334 0.9314455936 0.9321341390 0.9328089907 0.9334705533 0.9341192154
0.0000000000 0.0000000101 0.0000169530 0.0037421546 0.0691867891 0.1847538083 0.2797582003 0.3550602049 0.4161101727 0.4666017473 0.5090558936 0.5452502606 0.5764742744 0.6036859767 0.6276120555 0.6488137049 0.6677311987 0.6847147940 0.7000466183 0.7139564659 0.7266333953 0.7382343720 0.7488908015 0.7587135284 0.7677967064 0.7762208259 0.7840551058 0.7913593997 0.7981857281 0.8045795190 0.8105806203 0.8162241313 0.8215410889 0.8265590395 0.8313025160 0.8357934388 0.8400514547 0.8440942241 0.8479376661 0.8515961677 0.8550827638 0.8584092924 0.8615865293 0.8646243038 0.8675316012 0.8703166511 0.8729870052 0.8755496057 0.8780108458 0.8803766225 0.8826523843 0.8848431727 0.8869536597 0.8889881808 0.8909507651 0.8928451616 0.8946748633 0.8964431286 0.8981530008 0.8998073252 0.9014087655 0.9029598176 0.9044628228 0.9059199796 0.9073333543 0.9087048910 0.9100364203 0.9113296675 0.9125862601 0.9138077348 0.9149955434 0.9161510588 0.9172755804 0.9183703386 0.9194364996 0.9204751695 0.9214873981 0.9224741824 0.9234364697 0.9243751612 0.9252911142 0.9261851451 0.9270580315 0.9279105148 0.9287433021 0.9295570682 0.9303524574 0.9311300853 0.9318905402 0.9326343847 0.9333621573 0.9340743732 0.9347715260 0.9354540885 0.9361225140 0.9367772373 0.9374186753 0.9380472284 0.9386632809 0.9392672022 0.9398593470
0.0000000000 0.0000002997 0.0004007768 0.0345982433 0.1600261734 0.2706327292 0.3557913707 0.4231481517 0.4777530550 0.5229140988 0.5608862419 0.5932594679 0.6211870749 0.6455259614 0.6669260968 0.6858894285 0.7028097494 0.7180003389 0.7317135393 0.7441548853 0.7554934756 0.7658697046 0.7754011050 0.7841868190 0.7923110604 0.7998458219 0.8068530149 0.8133861739 0.8194918276 0.8252106081 0.8305781563 0.8356258660 0.8403814974 0.8448696889 0.8491123833 0.8531291867 0.8569376719 0.8605536348 0.8639913139 0.8672635771 0.8703820835 0.8733574212 0.8761992282 0.8789162963 0.8815166622 0.8840076865 0.8863961238 0.8886881834 0.8908895834 0.8930055985 0.8950411017 0.8970006025 0.8988882794 0.9007080104 0.9024633992 0.9041577989 0.9057943339 0.9073759184 0.9089052746 0.9103849473 0.9118173191 0.9132046222 0.9145489510 0.9158522716 0.9171164324 0.9183431721 0.9195341281 0.9206908435 0.9218147742 0.9229072944 0.9239697027 0.9250032271 0.9260090298 0.9269882112 0.9279418146 0.9288708293 0.9297761940 0.9306588007 0.9315194967 0.9323590879 0.9331783412 0.9339779867 0.9347587200 0.9355212042 0.9362660718 0.9369939264 0.9377053441 0.9384008756 0.9390810472 0.9397463620 0.9403973015 0.9410343268 0.9416578792 0.9422683817 0.9428662397 0.9434518419 0.9440255615 0.9445877565 0.9451387707 0.9456789342 0.9462085646
0.0000000010 0.0000214633 0.0132688991 0.1422278444 0.2721209246 0.3683424752 0.4420988099 0.5004316405 0.5477208783 0.5868314897 0.6197163304 0.6477523665 0.6719383836 0.6930164776 0.7115495385 0.7279722655 0.7426256932 0.7557811296 0.7676571096 0.7784316312 0.7882511385 0.7972372164 0.8054916512 0.8131003028 0.8201361022 0.8266613971 0.8327298042 0.8383876859 0.8436753371 0.8486279463 0.8532763794 0.8576478242 0.8617663219 0.8656532097 0.8693274908 0.8728061446 0.8761043895 0.8792359053 0.8822130227 0.8850468858 0.8877475915 0.8903243095 0.8927853866 0.8951384366 0.8973904195 0.8995477099 0.9016161573 0.9036011391 0.9055076074 0.9073401302 0.9091029277 0.9107999052 0.9124346813 0.9140106146 0.9155308259 0.9169982191 0.9184154999 0.9197851924 0.9211096536 0.9223910878 0.9236315581 0.9248329979 0.9259972208 0.9271259296 0.9282207249 0.9292831127 0.9303145108 0.9313162558 0.9322896082 0.9332357585 0.9341558311 0.9350508895 0.9359219401 0.9367699362 0.9375957809 0.9384003312 0.9391844001 0.9399487599 0.9406941445 0.9414212518 0.9421307459 0.9428232592 0.9434993941 0.9441597249 0.9448047991 0.9454351396 0.9460512455 0.9466535934 0.9472426393 0.9478188188 0.9483825490 0.9489342291 0.9494742413 0.9500029519 0.9505207121 0.9510278586 0.9515247143 0.9520115895 0.9524887817 0.9529565771 0.9534152505
0.0000005043 0.0050502821 0.1460746226 0.2988726910 0.4056830030 0.4842537125 0.5444755842 0.5921041425 0.6307156435 0.6626493240 0.6894996840 0.7123910116 0.7321388119 0.7493490035 0.7644811844 0.7778902849 0.7898547585 0.8005961273 0.8102928244 0.8190901845 0.8271077786 0.8344448805 0.8411845983 0.8473970362 0.8531417424 0.8584696234 0.8634244570 0.8680440981 0.8723614473 0.8764052357 0.8802006655 0.8837699352 0.8871326744 0.8903063051 0.8933063430 0.8961466520 0.8988396577 0.9013965296 0.9038273357 0.9061411753 0.9083462923 0.9104501737 0.9124596347 0.9143808920 0.9162196284 0.9179810486 0.9196699288 0.9212906597 0.9228472846 0.9243435331 0.9257828513 0.9271684275 0.9285032167 0.9297899608 0.9310312081 0.9322293297 0.9333865346 0.9345048838 0.9355863019 0.9366325886 0.9376454283 0.9386263998 0.9395769838 0.9404985706 0.9413924673 0.9422599033 0.9431020363 0.9439199577 0.9447146966 0.9454872251 0.9462384612 0.9469692733 0.9476804832 0.9483728691 0.9490471685 0.9497040810 0.9503442706 0.9509683678 0.9515769717 0.9521706524 0.9527499519 0.9533153867 0.9538674485 0.9544066063 0.9549333072 0.9554479781 0.9559510264 0.9564428414 0.9569237953 0.9573942439 0.9578545277 0.9583049726 0.9587458908 0.9591775812 0.9596003306 0.9600144140 0.9604200950 0.9608176269 0.9612072527 0.9615892060 0.9619637113
0.0074661165 0.2260706276 0.3956018739 0.5042264022 0.5797544112 0.6353123026 0.6778955966 0.7115740731 0.7388765274 0.7614570494 0.7804431210 0.7966297340 0.8105935375 0.8227629807 0.8334630484 0.8429447143 0.8514048747 0.8590001694 0.8658567697 0.8720774427 0.8777467378 0.8829348523 0.8877005525 0.8920934095 0.8961555302 0.8999229110 0.9034265074 0.9066930870 0.9097459138 0.9126053040 0.9152890782 0.9178129330 0.9201907487 0.9224348445 0.9245561916 0.9265645934 0.9284688360 0.9302768174 0.9319956569 0.9336317886 0.9351910417 0.9366787106 0.9380996141 0.9394581482 0.9407583311 0.9420038433 0.9431980619 0.9443440917 0.9454447917 0.9465027992 0.9475205509 0.9485003012 0.9494441397 0.9503540052 0.9512316996 0.9520788995 0.9528971669 0.9536879592 0.9544526373 0.9551924737 0.9559086595 0.9566023111 0.9572744755 0.9579261358 0.9585582162 0.9591715861 0.9597670641 0.9603454218 0.9609073871 0.9614536472 0.9619848513 0.9625016135 0.9630045149 0.9634941056 0.9639709073 0.9644354146 0.9648880970 0.9653294003 0.9657597483 0.9661795439 0.9665891706 0.9669889933 0.9673793600 0.9677606021 0.9681330359 0.9684969632 0.9688526721 0.9692004378 0.9695405236 0.9698731810 0.9701986508 0.9705171634 0.9708289396 0.9711341908 0.9714331198 0.9717259210 0.9720127808 0.9722938783 0.9725693853 0.9728394671 0.9731042823
0.3055573716 0.5003996803 0.6098626717 0.6799795187 0.7287326389 0.7645951036 0.7920825017 0.8138218648 0.8314455232 0.8460211875 0.8582766440 0.8687250578 0.8777386541 0.8855939960 0.8925008600 0.8986212490 0.9040822591 0.9089850007 0.9134109172 0.9174263443 0.9210858586 0.9244347721 0.9275110183 0.9303465953 0.9329686830 0.9354005168 0.9376620786 0.9397706466 0.9417412379 0.9435869663 0.9453193351 0.9469484764 0.9484833498 0.9499319074 0.9513012311 0.9525976488 0.9538268322 0.9549938792 0.9561033853 0.9571595037 0.9581659973 0.9591262834 0.9600434727 0.9609204027 0.9617596672 0.9625636418 0.9633345066 0.9640742657 0.9647847645 0.9654677054 0.9661246612 0.9667570874 0.9673663325 0.9679536482 0.9685201974 0.9690670626 0.9695952520 0.9701057062 0.9705993038 0.9710768661 0.9715391621 0.9719869123 0.9724207925 0.9728414374 0.9732494436 0.9736453721 0.9740297515 0.9744030798 0.9747658269 0.9751184362 0.9754613271 0.9757948956 0.9761195170 0.9764355465 0.9767433207 0.9770431589 0.9773353641 0.9776202242 0.9778980126 0.9781689895 0.9784334023 0.9786914868 0.9789434674 0.9791895582 0.9794299631 0.9796648772 0.9798944863 0.9801189681 0.9803384925 0.9805532219 0.9807633118 0.9809689108 0.9811701615 0.9813672003 0.9815601581 0.9817491605 0.9819343277 0.9821157753 0.9822936144 0.9824679514 0.9826388889
