121 101
-1.00000000 -0.98333333 -0.96666667 -0.95000000 -0.93333333 -0.91666667 -0.90000000 -0.88333333 -0.86666667 -0.85000000 -0.83333333 -0.81666667 -0.80000000 -0.78333333 -0.76666667 -0.75000000 -0.73333333 -0.71666667 -0.70000000 -0.68333333 -0.66666667 -0.65000000 -0.63333333 -0.61666667 -0.60000000 -0.58333333 -0.56666667 -0.55000000 -0.53333333 -0.51666667 -0.50000000 -0.48333333 -0.46666667 -0.45000000 -0.43333333 -0.41666667 -0.40000000 -0.38333333 -0.36666667 -0.35000000 -0.33333333 -0.31666667 -0.30000000 -0.28333333 -0.26666667 -0.25000000 -0.23333333 -0.21666667 -0.20000000 -0.18333333 -0.16666667 -0.15000000 -0.13333333 -0.11666667 -0.10000000 -0.08333333 -0.06666667 -0.05000000 -0.03333333 -0.01666667 0.00000000 0.01666667 0.03333333 0.05000000 0.06666667 0.08333333 0.10000000 0.11666667 0.13333333 0.15000000 0.16666667 0.18333333 0.20000000 0.21666667 0.23333333 0.25000000 0.26666667 0.28333333 0.30000000 0.31666667 0.33333333 0.35000000 0.36666667 0.38333333 0.40000000 0.41666667 0.43333333 0.45000000 0.46666667 0.48333333 0.50000000 0.51666667 0.53333333 0.55000000 0.56666667 0.58333333 0.60000000 0.61666667 0.63333333 0.65000000 0.66666667 0.68333333 0.70000000 0.71666667 0.73333333 0.75000000 0.76666667 0.78333333 0.80000000 0.81666667 0.83333333 0.85000000 0.86666667 0.88333333 0.90000000 0.91666667 0.93333333 0.95000000 0.96666667 0.98333333 1.00000000
0.01000000 0.01390000 0.01780000 0.02170000 0.02560000 0.02950000 0.03340000 0.03730000 0.04120000 0.04510000 0.04900000 0.05290000 0.05680000 0.06070000 0.06460000 0.06850000 0.07240000 0.07630000 0.08020000 0.08410000 0.08800000 0.09190000 0.09580000 0.09970000 0.10360000 0.10750000 0.11140000 0.11530000 0.11920000 0.12310000 0.12700000 0.13090000 0.13480000 0.13870000 0.14260000 0.14650000 0.15040000 0.15430000 0.15820000 0.16210000 0.16600000 0.16990000 0.17380000 0.17770000 0.18160000 0.18550000 0.18940000 0.19330000 0.19720000 0.20110000 0.20500000 0.20890000 0.21280000 0.21670000 0.22060000 0.22450000 0.22840000 0.23230000 0.23620000 0.24010000 0.24400000 0.24790000 0.25180000 0.25570000 0.25960000 0.26350000 0.26740000 0.27130000 0.27520000 0.27910000 0.28300000 0.28690000 0.29080000 0.29470000 0.29860000 0.30250000 0.30640000 0.31030000 0.31420000 0.31810000 0.32200000 0.32590000 0.32980000 0.33370000 0.33760000 0.34150000 0.34540000 0.34930000 0.35320000 0.35710000 0.36100000 0.36490000 0.36880000 0.37270000 0.37660000 0.38050000 0.38440000 0.38830000 0.39220000 0.39610000 0.40000000
0.0000000000 0.0000000000 0.0000000000 0.0000000000 0.0000000000 0.0000000000 0.0000000000 0.0000000000 0.0000000000 0.0000000000 0.0000000000 0.0000000000 0.0000000000 0.0000000000 0.0000000000 0.0000000000 0.0000000000 0.0000000000 0.0000000000 0.0000000000 0.0000000000 0.0000000000 0.0000000000 0.0000000000 0.0000000000 0.0000000000 0.0000000000 0.0000000000 0.0000000000 0.0000000000 0.0000000000 0.0000000000 0.0000000000 0.0000000000 0.0000000000 0.0000000000 0.0000000000 0.0000000000 0.0000000000 0.0000000000 0.0000000000 0.0000000000 0.0000000000 0.0000000000 0.0000000000 0.0000000000 0.0000000000 0.0000000000 0.0000000000 0.0000000000 0.0000000000 0.0000000000 0.0000000000 0.0000000000 0.0000000000 0.0000000000 0.0000000000 0.0000000000 0.0000000000 0.0000000000 0.0000000000 0.0000000000 0.0000000000 0.0000000000 0.0000000000 0.0000000000 0.0000000000 0.0000000000 0.0000000000 0.0000000000 0.0000000000 0.0000000000 0.0000000000 0.0000000000 0.0000000000 0.0000000000 0.0000000000 0.0000000000 0.0000000000 0.0000000000 0.0000000000 0.0000000001 0.0000000013 0.0000000223 0.0000003475 0.0000049127 0.0000602780 0.0005753651 0.0034292564 0.0107681086 0.0207275396 0.0311046878 0.0413419682 0.0513727814 0.0611965258 0.0708189477 0.0802461223 0.0894839284 0.0985380148 0.1074138081 0.1161165235
0.0000000000 0.0000000000 0.0000000000 0.0000000000 0.0000000000 0.0000000000 0.0000000000 0.0000000000 0.0000000000 0.0000000000 0.0000000000 0.0000000000 0.0000000000 0.0000000000 0.0000000000 0.0000000000 0.0000000000 0.0000000000 0.0000000000 0.0000000000 0.0000000000 0.0000000000 0.0000000000 0.0000000000 0.0000000000 0.0000000000 0.0000000000 0.0000000000 0.0000000000 0.0000000000 0.0000000000 0.0000000000 0.0000000000 0.0000000000 0.0000000000 0.0000000000 0.0000000000 0.0000000000 0.0000000000 0.0000000000 0.0000000000 0.0000000000 0.0000000000 0.0000000000 0.0000000000 0.0000000000 0.0000000000 0.0000000000 0.0000000000 0.0000000000 0.0000000000 0.0000000000 0.0000000000 0.0000000000 0.0000000000 0.0000000000 0.0000000000 0.0000000000 0.0000000000 0.0000000000 0.0000000000 0.0000000000 0.0000000000 0.0000000000 0.0000000000 0.0000000000 0.0000000000 0.0000000000 0.0000000000 0.0000000000 0.0000000000 0.0000000000 0.0000000000 0.0000000000 0.0000000000 0.0000000000 0.0000000000 0.0000000000 0.0000000000 0.0000000000 0.0000000000 0.0000000002 0.0000000037 0.0000000604 0.0000009205 0.0000125859 0.0001447887 0.0012057922 0.0057031363 0.0144501735 0.0247578290 0.0351443736 0.0453442146 0.0553336198 0.0651163867 0.0746986347 0.0840864475 0.0932856823 0.1023019644 0.1111406979 0.1198070761
0.0000000000 0.0000000000 0.0000000000 0.0000000000 0.0000000000 0.0000000000 0.0000000000 0.0000000000 0.0000000000 0.0000000000 0.0000000000 0.0000000000 0.0000000000 0.0000000000 0.0000000000 0.0000000000 0.0000000000 0.0000000000 0.0000000000 0.0000000000 0.0000000000 0.0000000000 0.0000000000 0.0000000000 0.0000000000 0.0000000000 0.0000000000 0.0000000000 0.0000000000 0.0000000000 0.0000000000 0.0000000000 0.0000000000 0.0000000000 0.0000000000 0.0000000000 0.0000000000 0.0000000000 0.0000000000 0.0000000000 0.0000000000 0.0000000000 0.0000000000 0.0000000000 0.0000000000 0.0000000000 0.0000000000 0.0000000000 0.0000000000 0.0000000000 0.0000000000 0.0000000000 0.0000000000 0.0000000000 0.0000000000 0.0000000000 0.0000000000 0.0000000000 0.0000000000 0.0000000000 0.0000000000 0.0000000000 0.0000000000 0.0000000000 0.0000000000 0.0000000000 0.0000000000 0.0000000000 0.0000000000 0.0000000000 0.0000000000 0.0000000000 0.0000000000 0.0000000000 0.0000000000 0.0000000000 0.0000000000 0.0000000000 0.0000000000 0.0000000000 0.0000000000 0.0000000006 0.0000000100 0.0000001635 0.0000024335 0.0000318978 0.0003366615 0.0023484395 0.0086806492 0.0183830439 0.0288396105 0.0392046563 0.0493636390 0.0593111637 0.0690527549 0.0785946576 0.0879429428 0.0971034437 0.1060817624 0.1148832800 0.1235131680
0.0000000000 0.0000000000 0.0000000000 0.0000000000 0.0000000000 0.0000000000 0.0000000000 0.0000000000 0.0000000000 0.0000000000 0.0000000000 0.0000000000 0.0000000000 0.0000000000 0.0000000000 0.0000000000 0.0000000000 0.0000000000 0.0000000000 0.0000000000 0.0000000000 0.0000000000 0.0000000000 0.0000000000 0.0000000000 0.0000000000 0.0000000000 0.0000000000 0.0000000000 0.0000000000 0.0000000000 0.0000000000 0.0000000000 0.0000000000 0.0000000000 0.0000000000 0.0000000000 0.0000000000 0.0000000000 0.0000000000 0.0000000000 0.0000000000 0.0000000000 0.0000000000 0.0000000000 0.0000000000 0.0000000000 0.0000000000 0.0000000000 0.0000000000 0.0000000000 0.0000000000 0.0000000000 0.0000000000 0.0000000000 0.0000000000 0.0000000000 0.0000000000 0.0000000000 0.0000000000 0.0000000000 0.0000000000 0.0000000000 0.0000000000 0.0000000000 0.0000000000 0.0000000000 0.0000000000 0.0000000000 0.0000000000 0.0000000000 0.0000000000 0.0000000000 0.0000000000 0.0000000000 0.0000000000 0.0000000000 0.0000000000 0.0000000000 0.0000000000 0.0000000001 0.0000000016 0.0000000277 0.0000004431 0.0000064055 0.0000794807 0.0007468844 0.0041894420 0.0122083725 0.0224541434 0.0329535760 0.0432836093 0.0534002562 0.0633056082 0.0730058391 0.0825072245 0.0918158140 0.1009374167 0.1098776107 0.1186417544 0.1272349973
0.0000000000 0.0000000000 0.0000000000 0.0000000000 0.0000000000 0.0000000000 0.0000000000 0.0000000000 0.0000000000 0.0000000000 0.0000000000 0.0000000000 0.0000000000 0.0000000000 0.0000000000 0.0000000000 0.0000000000 0.0000000000 0.0000000000 0.0000000000 0.0000000000 0.0000000000 0.0000000000 0.0000000000 0.0000000000 0.0000000000 0.0000000000 0.0000000000 0.0000000000 0.0000000000 0.0000000000 0.0000000000 0.0000000000 0.0000000000 0.0000000000 0.0000000000 0.0000000000 0.0000000000 0.0000000000 0.0000000000 0.0000000000 0.0000000000 0.0000000000 0.0000000000 0.0000000000 0.0000000000 0.0000000000 0.0000000000 0.0000000000 0.0000000000 0.0000000000 0.0000000000 0.0000000000 0.0000000000 0.0000000000 0.0000000000 0.0000000000 0.0000000000 0.0000000000 0.0000000000 0.0000000000 0.0000000000 0.0000000000 0.0000000000 0.0000000000 0.0000000000 0.0000000000 0.0000000000 0.0000000000 0.0000000000 0.0000000000 0.0000000000 0.0000000000 0.0000000000 0.0000000000 0.0000000000 0.0000000000 0.0000000000 0.0000000000 0.0000000000 0.0000000002 0.0000000045 0.0000000767 0.0000012003 0.0000167276 0.0001929695 0.0015531101 0.0068023277 0.0160954091 0.0265996380 0.0370912673 0.0473805859 0.0574542083 0.0673171636 0.0769758536 0.0864365478 0.0957052717 0.1047878095 0.1136897155 0.1224163252 0.1309727661
0.0000000000 0.0000000000 0.0000000000 0.0000000000 0.0000000000 0.0000000000 0.0000000000 0.0000000000 0.0000000000 0.0000000000 0.0000000000 0.0000000000 0.0000000000 0.0000000000 0.0000000000 0.0000000000 0.0000000000 0.0000000000 0.0000000000 0.0000000000 0.0000000000 0.0000000000 0.0000000000 0.0000000000 0.0000000000 0.0000000000 0.0000000000 0.0000000000 0.0000000000 0.0000000000 0.0000000000 0.0000000000 0.0000000000 0.0000000000 0.0000000000 0.0000000000 0.0000000000 0.0000000000 0.0000000000 0.0000000000 0.0000000000 0.0000000000 0.0000000000 0.0000000000 0.0000000000 0.0000000000 0.0000000000 0.0000000000 0.0000000000 0.0000000000 0.0000000000 0.0000000000 0.0000000000 0.0000000000 0.0000000000 0.0000000000 0.0000000000 0.0000000000 0.0000000000 0.0000000000 0.0000000000 0.0000000000 0.0000000000 0.0000000000 0.0000000000 0.0000000000 0.0000000000 0.0000000000 0.0000000000 0.0000000000 0.0000000000 0.0000000000 0.0000000000 0.0000000000 0.0000000000 0.0000000000 0.0000000000 0.0000000000 0.0000000000 0.0000000000 0.0000000007 0.0000000127 0.0000002127 0.0000032435 0.0000431175 0.0004507428 0.0029729085 0.0100983447 0.0201878209 0.0307878747 0.0412492554 0.0514954707 0.0615256897 0.0713460492 0.0809630175 0.0903828446 0.0996115306 0.1086548349 0.1175182876 0.1262072012 0.1347266809
0.0000000000 0.0000000000 0.0000000000 0.0000000000 0.0000000000 0.0000000000 0.0000000000 0.0000000000 0.0000000000 0.0000000000 0.0000000000 0.0000000000 0.0000000000 0.0000000000 0.0000000000 0.0000000000 0.0000000000 0.0000000000 0.0000000000 0.0000000000 0.0000000000 0.0000000000 0.0000000000 0.0000000000 0.0000000000 0.0000000000 0.0000000000 0.0000000000 0.0000000000 0.0000000000 0.0000000000 0.0000000000 0.0000000000 0.0000000000 0.0000000000 0.0000000000 0.0000000000 0.0000000000 0.0000000000 0.0000000000 0.0000000000 0.0000000000 0.0000000000 0.0000000000 0.0000000000 0.0000000000 0.0000000000 0.0000000000 0.0000000000 0.0000000000 0.0000000000 0.0000000000 0.0000000000 0.0000000000 0.0000000000 0.0000000000 0.0000000000 0.0000000000 0.0000000000 0.0000000000 0.0000000000 0.0000000000 0.0000000000 0.0000000000 0.0000000000 0.0000000000 0.0000000000 0.0000000000 0.0000000000 0.0000000000 0.0000000000 0.0000000000 0.0000000000 0.0000000000 0.0000000000 0.0000000000 0.0000000000 0.0000000000 0.0000000000 0.0000000001 0.0000000020 0.0000000359 0.0000005904 0.0000087161 0.0001088846 0.0009959930 0.0051716093 0.0138853256 0.0243897222 0.0350046159 0.0454262947 0.0556283639 0.0656149183 0.0753924906 0.0849675550 0.0943463369 0.1035348106 0.1125387103 0.1213635421 0.1300145953 0.1384969530
0.0000000000 0.0000000000 0.0000000000 0.0000000000 0.0000000000 0.0000000000 0.0000000000 0.0000000000 0.0000000000 0.0000000000 0.0000000000 0.0000000000 0.0000000000 0.0000000000 0.0000000000 0.0000000000 0.0000000000 0.0000000000 0.0000000000 0.0000000000 0.0000000000 0.0000000000 0.0000000000 0.0000000000 0.0000000000 0.0000000000 0.0000000000 0.0000000000 0.0000000000 0.0000000000 0.0000000000 0.0000000000 0.0000000000 0.0000000000 0.0000000000 0.0000000000 0.0000000000 0.0000000000 0.0000000000 0.0000000000 0.0000000000 0.0000000000 0.0000000000 0.0000000000 0.0000000000 0.0000000000 0.0000000000 0.0000000000 0.0000000000 0.0000000000 0.0000000000 0.0000000000 0.0000000000 0.0000000000 0.0000000000 0.0000000000 0.0000000000 0.0000000000 0.0000000000 0.0000000000 0.0000000000 0.0000000000 0.0000000000 0.0000000000 0.0000000000 0.0000000000 0.0000000000 0.0000000000 0.0000000000 0.0000000000 0.0000000000 0.0000000000 0.0000000000 0.0000000000 0.0000000000 0.0000000000 0.0000000000 0.0000000000 0.0000000000 0.0000000003 0.0000000058 0.0000001019 0.0000016369 0.0000231937 0.0002664747 0.0020414212 0.0081582550 0.0179700548 0.0286508446 0.0392439524 0.0496220457 0.0597794525 0.0697221242 0.0794567190 0.0889896951 0.0983272514 0.1074753360 0.1164396579 0.1252256990 0.1338387255 0.1422837979
0.0000000000 0.0000000000 0.0000000000 0.0000000000 0.0000000000 0.0000000000 0.0000000000 0.0000000000 0.0000000000 0.0000000000 0.0000000000 0.0000000000 0.0000000000 0.0000000000 0.0000000000 0.0000000000 0.0000000000 0.0000000000 0.0000000000 0.0000000000 0.0000000000 0.0000000000 0.0000000000 0.0000000000 0.0000000000 0.0000000000 0.0000000000 0.0000000000 0.0000000000 0.0000000000 0.0000000000 0.0000000000 0.0000000000 0.0000000000 0.0000000000 0.0000000000 0.0000000000 0.0000000000 0.0000000000 0.0000000000 0.0000000000 0.0000000000 0.0000000000 0.0000000000 0.0000000000 0.0000000000 0.0000000000 0.0000000000 0.0000000000 0.0000000000 0.0000000000 0.0000000000 0.0000000000 0.0000000000 0.0000000000 0.0000000000 0.0000000000 0.0000000000 0.0000000000 0.0000000000 0.0000000000 0.0000000000 0.0000000000 0.0000000000 0.0000000000 0.0000000000 0.0000000000 0.0000000000 0.0000000000 0.0000000000 0.0000000000 0.0000000000 0.0000000000 0.0000000000 0.0000000000 0.0000000000 0.0000000000 0.0000000000 0.0000000000 0.0000000009 0.0000000168 0.0000002899 0.0000045225 0.0000607381 0.0006224526 0.0038121895 0.0117787198 0.0222161637 0.0329478228 0.0435036426 0.0538365323 0.0639489600 0.0738475449 0.0835389710 0.0930296720 0.1023258199 0.1114333363 0.1203579049 0.1291049833 0.1376798144 0.1460874362
0.0000000000 0.0000000000 0.0000000000 0.0000000000 0.0000000000 0.0000000000 0.0000000000 0.0000000000 0.0000000000 0.0000000000 0.0000000000 0.0000000000 0.0000000000 0.0000000000 0.0000000000 0.0000000000 0.0000000000 0.0000000000 0.0000000000 0.0000000000 0.0000000000 0.0000000000 0.0000000000 0.0000000000 0.0000000000 0.0000000000 0.0000000000 0.0000000000 0.0000000000 0.0000000000 0.0000000000 0.0000000000 0.0000000000 0.0000000000 0.0000000000 0.0000000000 0.0000000000 0.0000000000 0.0000000000 0.0000000000 0.0000000000 0.0000000000 0.0000000000 0.0000000000 0.0000000000 0.0000000000 0.0000000000 0.0000000000 0.0000000000 0.0000000000 0.0000000000 0.0000000000 0.0000000000 0.0000000000 0.0000000000 0.0000000000 0.0000000000 0.0000000000 0.0000000000 0.0000000000 0.0000000000 0.0000000000 0.0000000000 0.0000000000 0.0000000000 0.0000000000 0.0000000000 0.0000000000 0.0000000000 0.0000000000 0.0000000000 0.0000000000 0.0000000000 0.0000000000 0.0000000000 0.0000000000 0.0000000000 0.0000000000 0.0000000001 0.0000000027 0.0000000488 0.0000008246 0.0000124059 0.0001550992 0.0013609035 0.0064250588 0.0158154770 0.0265467081 0.0372707407 0.0477829704 0.0580699223 0.0681371270 0.0779914244 0.0876394883 0.0970877251 0.1063422793 0.1154090460 0.1242936834 0.1330016249 0.1415380896 0.1499080932
0.0000000000 0.0000000000 0.0000000000 0.0000000000 0.0000000000 0.0000000000 0.0000000000 0.0000000000 0.0000000000 0.0000000000 0.0000000000 0.0000000000 0.0000000000 0.0000000000 0.0000000000 0.0000000000 0.0000000000 0.0000000000 0.0000000000 0.0000000000 0.0000000000 0.0000000000 0.0000000000 0.0000000000 0.0000000000 0.0000000000 0.0000000000 0.0000000000 0.0000000000 0.0000000000 0.0000000000 0.0000000000 0.0000000000 0.0000000000 0.0000000000 0.0000000000 0.0000000000 0.0000000000 0.0000000000 0.0000000000 0.0000000000 0.0000000000 0.0000000000 0.0000000000 0.0000000000 0.0000000000 0.0000000000 0.0000000000 0.0000000000 0.0000000000 0.0000000000 0.0000000000 0.0000000000 0.0000000000 0.0000000000 0.0000000000 0.0000000000 0.0000000000 0.0000000000 0.0000000000 0.0000000000 0.0000000000 0.0000000000 0.0000000000 0.0000000000 0.0000000000 0.0000000000 0.0000000000 0.0000000000 0.0000000000 0.0000000000 0.0000000000 0.0000000000 0.0000000000 0.0000000000 0.0000000000 0.0000000000 0.0000000000 0.0000000004 0.0000000079 0.0000001423 0.0000023411 0.0000336142 0.0003810880 0.0027269384 0.0098057523 0.0200870061 0.0309243769 0.0416157310 0.0520818282 0.0623224415 0.0723442037 0.0821540125 0.0917585184 0.1011640993 0.1103768720 0.1194027050 0.1282472310 0.1369158588 0.1454137839 0.1537459995
0.0000000000 0.0000000000 0.0000000000 0.0000000000 0.0000000000 0.0000000000 0.0000000000 0.0000000000 0.0000000000 0.0000000000 0.0000000000 0.0000000000 0.0000000000 0.0000000000 0.0000000000 0.0000000000 0.0000000000 0.0000000000 0.0000000000 0.0000000000 0.0000000000 0.0000000000 0.0000000000 0.0000000000 0.0000000000 0.0000000000 0.0000000000 0.0000000000 0.0000000000 0.0000000000 0.0000000000 0.0000000000 0.0000000000 0.0000000000 0.0000000000 0.0000000000 0.0000000000 0.0000000000 0.0000000000 0.0000000000 0.0000000000 0.0000000000 0.0000000000 0.0000000000 0.0000000000 0.0000000000 0.0000000000 0.0000000000 0.0000000000 0.0000000000 0.0000000000 0.0000000000 0.0000000000 0.0000000000 0.0000000000 0.0000000000 0.0000000000 0.0000000000 0.0000000000 0.0000000000 0.0000000000 0.0000000000 0.0000000000 0.0000000000 0.0000000000 0.0000000000 0.0000000000 0.0000000000 0.0000000000 0.0000000000 0.0000000000 0.0000000000 0.0000000000 0.0000000000 0.0000000000 0.0000000000 0.0000000000 0.0000000001 0.0000000012 0.0000000234 0.0000004152 0.0000066139 0.0000892696 0.0008846152 0.0049278074 0.0137425193 0.0244805167 0.0353329329 0.0459814587 0.0564003456 0.0665943404 0.0765704478 0.0863355649 0.0958963143 0.1052590450 0.1144298459 0.1234145587 0.1322187905 0.1408479254 0.1493071354 0.1576013909
0.0000000000 0.0000000000 0.0000000000 0.0000000000 0.0000000000 0.0000000000 0.0000000000 0.0000000000 0.0000000000 0.0000000000 0.0000000000 0.0000000000 0.0000000000 0.0000000000 0.0000000000 0.0000000000 0.0000000000 0.0000000000 0.0000000000 0.0000000000 0.0000000000 0.0000000000 0.0000000000 0.0000000000 0.0000000000 0.0000000000 0.0000000000 0.0000000000 0.0000000000 0.0000000000 0.0000000000 0.0000000000 0.0000000000 0.0000000000 0.0000000000 0.0000000000 0.0000000000 0.0000000000 0.0000000000 0.0000000000 0.0000000000 0.0000000000 0.0000000000 0.0000000000 0.0000000000 0.0000000000 0.0000000000 0.0000000000 0.0000000000 0.0000000000 0.0000000000 0.0000000000 0.0000000000 0.0000000000 0.0000000000 0.0000000000 0.0000000000 0.0000000000 0.0000000000 0.0000000000 0.0000000000 0.0000000000 0.0000000000 0.0000000000 0.0000000000 0.0000000000 0.0000000000 0.0000000000 0.0000000000 0.0000000000 0.0000000000 0.0000000000 0.0000000000 0.0000000000 0.0000000000 0.0000000000 0.0000000000 0.0000000002 0.0000000037 0.0000000699 0.0000012111 0.0000185120 0.0002297190 0.0018973387 0.0079981665 0.0180124313 0.0289382120 0.0397659070 0.0503675972 0.0607387447 0.0708858824 0.0808161233 0.0905363432 0.1000531349 0.1093728183 0.1185014543 0.1274448579 0.1362086103 0.1447980708 0.1532183877 0.1614745084
0.0000000000 0.0000000000 0.0000000000 0.0000000000 0.0000000000 0.0000000000 0.0000000000 0.0000000000 0.0000000000 0.0000000000 0.0000000000 0.0000000000 0.0000000000 0.0000000000 0.0000000000 0.0000000000 0.0000000000 0.0000000000 0.0000000000 0.0000000000 0.0000000000 0.0000000000 0.0000000000 0.0000000000 0.0000000000 0.0000000000 0.0000000000 0.0000000000 0.0000000000 0.0000000000 0.0000000000 0.0000000000 0.0000000000 0.0000000000 0.0000000000 0.0000000000 0.0000000000 0.0000000000 0.0000000000 0.0000000000 0.0000000000 0.0000000000 0.0000000000 0.0000000000 0.0000000000 0.0000000000 0.0000000000 0.0000000000 0.0000000000 0.0000000000 0.0000000000 0.0000000000 0.0000000000 0.0000000000 0.0000000000 0.0000000000 0.0000000000 0.0000000000 0.0000000000 0.0000000000 0.0000000000 0.0000000000 0.0000000000 0.0000000000 0.0000000000 0.0000000000 0.0000000000 0.0000000000 0.0000000000 0.0000000000 0.0000000000 0.0000000000 0.0000000000 0.0000000000 0.0000000000 0.0000000000 0.0000000000 0.0000000006 0.0000000112 0.0000002093 0.0000035216 0.0000510018 0.0005634208 0.0036812900 0.0117731939 0.0224583564 0.0334341506 0.0442209684 0.0547742077 0.0650972847 0.0751973398 0.0850815007 0.0947566150 0.1042292450 0.1135056814 0.1225919569 0.1314938595 0.1402169446 0.1487665467 0.1571477900 0.1653655990
0.0000000000 0.0000000000 0.0000000000 0.0000000000 0.0000000000 0.0000000000 0.0000000000 0.0000000000 0.0000000000 0.0000000000 0.0000000000 0.0000000000 0.0000000000 0.0000000000 0.0000000000 0.0000000000 0.0000000000 0.0000000000 0.0000000000 0.0000000000 0.0000000000 0.0000000000 0.0000000000 0.0000000000 0.0000000000 0.0000000000 0.0000000000 0.0000000000 0.0000000000 0.0000000000 0.0000000000 0.0000000000 0.0000000000 0.0000000000 0.0000000000 0.0000000000 0.0000000000 0.0000000000 0.0000000000 0.0000000000 0.0000000000 0.0000000000 0.0000000000 0.0000000000 0.0000000000 0.0000000000 0.0000000000 0.0000000000 0.0000000000 0.0000000000 0.0000000000 0.0000000000 0.0000000000 0.0000000000 0.0000000000 0.0000000000 0.0000000000 0.0000000000 0.0000000000 0.0000000000 0.0000000000 0.0000000000 0.0000000000 0.0000000000 0.0000000000 0.0000000000 0.0000000000 0.0000000000 0.0000000000 0.0000000000 0.0000000000 0.0000000000 0.0000000000 0.0000000000 0.0000000000 0.0000000000 0.0000000001 0.0000000017 0.0000000344 0.0000006270 0.0000101711 0.0001369636 0.0012886198 0.0063850114 0.0160050538 0.0269937958 0.0379577880 0.0486974347 0.0592014991 0.0694762428 0.0795289919 0.0893668568 0.0989966541 0.1084249156 0.1176579024 0.1267016190 0.1355618263 0.1442440537 0.1527536105 0.1610955972 0.1692749151
0.0000000000 0.0000000000 0.0000000000 0.0000000000 0.0000000000 0.0000000000 0.0000000000 0.0000000000 0.0000000000 0.0000000000 0.0000000000 0.0000000000 0.0000000000 0.0000000000 0.0000000000 0.0000000000 0.0000000000 0.0000000000 0.0000000000 0.0000000000 0.0000000000 0.0000000000 0.0000000000 0.0000000000 0.0000000000 0.0000000000 0.0000000000 0.0000000000 0.0000000000 0.0000000000 0.0000000000 0.0000000000 0.0000000000 0.0000000000 0.0000000000 0.0000000000 0.0000000000 0.0000000000 0.0000000000 0.0000000000 0.0000000000 0.0000000000 0.0000000000 0.0000000000 0.0000000000 0.0000000000 0.0000000000 0.0000000000 0.0000000000 0.0000000000 0.0000000000 0.0000000000 0.0000000000 0.0000000000 0.0000000000 0.0000000000 0.0000000000 0.0000000000 0.0000000000 0.0000000000 0.0000000000 0.0000000000 0.0000000000 0.0000000000 0.0000000000 0.0000000000 0.0000000000 0.0000000000 0.0000000000 0.0000000000 0.0000000000 0.0000000000 0.0000000000 0.0000000000 0.0000000000 0.0000000000 0.0000000003 0.0000000054 0.0000001057 0.0000018761 0.0000290177 0.0003533498 0.0026825570 0.0099319551 0.0204875551 0.0315783663 0.0425052223 0.0531952524 0.0636497373 0.0738759065 0.0838811250 0.0936724750 0.1032567411 0.1126404242 0.1218297560 0.1308307125 0.1396490274 0.1482902038 0.1567595261 0.1650620705 0.1732027153
0.0000000000 0.0000000000 0.0000000000 0.0000000000 0.0000000000 0.0000000000 0.0000000000 0.0000000000 0.0000000000 0.0000000000 0.0000000000 0.0000000000 0.0000000000 0.0000000000 0.0000000000 0.0000000000 0.0000000000 0.0000000000 0.0000000000 0.0000000000 0.0000000000 0.0000000000 0.0000000000 0.0000000000 0.0000000000 0.0000000000 0.0000000000 0.0000000000 0.0000000000 0.0000000000 0.0000000000 0.0000000000 0.0000000000 0.0000000000 0.0000000000 0.0000000000 0.0000000000 0.0000000000 0.0000000000 0.0000000000 0.0000000000 0.0000000000 0.0000000000 0.0000000000 0.0000000000 0.0000000000 0.0000000000 0.0000000000 0.0000000000 0.0000000000 0.0000000000 0.0000000000 0.0000000000 0.0000000000 0.0000000000 0.0000000000 0.0000000000 0.0000000000 0.0000000000 0.0000000000 0.0000000000 0.0000000000 0.0000000000 0.0000000000 0.0000000000 0.0000000000 0.0000000000 0.0000000000 0.0000000000 0.0000000000 0.0000000000 0.0000000000 0.0000000000 0.0000000000 0.0000000000 0.0000000000 0.0000000008 0.0000000170 0.0000003254 0.0000055877 0.0000810959 0.0008580159 0.0049875764 0.0140799610 0.0250962259 0.0361952884 0.0470752071 0.0577146025 0.0681192130 0.0782965716 0.0882540324 0.0979986454 0.1075371630 0.1168760550 0.1260215234 0.1349795156 0.1437557380 0.1523556675 0.1607845632 0.1690474771 0.1771492642
0.0000000000 0.0000000000 0.0000000000 0.0000000000 0.0000000000 0.0000000000 0.0000000000 0.0000000000 0.0000000000 0.0000000000 0.0000000000 0.0000000000 0.0000000000 0.0000000000 0.0000000000 0.0000000000 0.0000000000 0.0000000000 0.0000000000 0.0000000000 0.0000000000 0.0000000000 0.0000000000 0.0000000000 0.0000000000 0.0000000000 0.0000000000 0.0000000000 0.0000000000 0.0000000000 0.0000000000 0.0000000000 0.0000000000 0.0000000000 0.0000000000 0.0000000000 0.0000000000 0.0000000000 0.0000000000 0.0000000000 0.0000000000 0.0000000000 0.0000000000 0.0000000000 0.0000000000 0.0000000000 0.0000000000 0.0000000000 0.0000000000 0.0000000000 0.0000000000 0.0000000000 0.0000000000 0.0000000000 0.0000000000 0.0000000000 0.0000000000 0.0000000000 0.0000000000 0.0000000000 0.0000000000 0.0000000000 0.0000000000 0.0000000000 0.0000000000 0.0000000000 0.0000000000 0.0000000000 0.0000000000 0.0000000000 0.0000000000 0.0000000000 0.0000000000 0.0000000000 0.0000000000 0.0000000001 0.0000000026 0.0000000536 0.0000010017 0.0000164872 0.0002192282 0.0019118540 0.0082434590 0.0185768456 0.0297699489 0.0408382313 0.0516675037 0.0622557537 0.0726102302 0.0827385417 0.0926480145 0.1023456652 0.1118382137 0.1211320988 0.1302334923 0.1391483133 0.1478822404 0.1564407242 0.1648289985 0.1730520909 0.1811148330
0.0000000000 0.0000000000 0.0000000000 0.0000000000 0.0000000000 0.0000000000 0.0000000000 0.0000000000 0.0000000000 0.0000000000 0.0000000000 0.0000000000 0.0000000000 0.0000000000 0.0000000000 0.0000000000 0.0000000000 0.0000000000 0.0000000000 0.0000000000 0.0000000000 0.0000000000 0.0000000000 0.0000000000 0.0000000000 0.0000000000 0.0000000000 0.0000000000 0.0000000000 0.0000000000 0.0000000000 0.0000000000 0.0000000000 0.0000000000 0.0000000000 0.0000000000 0.0000000000 0.0000000000 0.0000000000 0.0000000000 0.0000000000 0.0000000000 0.0000000000 0.0000000000 0.0000000000 0.0000000000 0.0000000000 0.0000000000 0.0000000000 0.0000000000 0.0000000000 0.0000000000 0.0000000000 0.0000000000 0.0000000000 0.0000000000 0.0000000000 0.0000000000 0.0000000000 0.0000000000 0.0000000000 0.0000000000 0.0000000000 0.0000000000 0.0000000000 0.0000000000 0.0000000000 0.0000000000 0.0000000000 0.0000000000 0.0000000000 0.0000000000 0.0000000000 0.0000000000 0.0000000000 0.0000000004 0.0000000084 0.0000001695 0.0000030755 0.0000478521 0.0005627053 0.0038150989 0.0122543164 0.0232513213 0.0344826487 0.0455050744 0.0562822432 0.0668190101 0.0771231024 0.0872021275 0.0970633788 0.1067138387 0.1161601945 0.1254088536 0.1344659579 0.1433373975 0.1520288235 0.1605456599 0.1688931151 0.1770761922 0.1850996993
0.0000000000 0.0000000000 0.0000000000 0.0000000000 0.0000000000 0.0000000000 0.0000000000 0.0000000000 0.0000000000 0.0000000000 0.0000000000 0.0000000000 0.0000000000 0.0000000000 0.0000000000 0.0000000000 0.0000000000 0.0000000000 0.0000000000 0.0000000000 0.0000000000 0.0000000000 0.0000000000 0.0000000000 0.0000000000 0.0000000000 0.0000000000 0.0000000000 0.0000000000 0.0000000000 0.0000000000 0.0000000000 0.0000000000 0.0000000000 0.0000000000 0.0000000000 0.0000000000 0.0000000000 0.0000000000 0.0000000000 0.0000000000 0.0000000000 0.0000000000 0.0000000000 0.0000000000 0.0000000000 0.0000000000 0.0000000000 0.0000000000 0.0000000000 0.0000000000 0.0000000000 0.0000000000 0.0000000000 0.0000000000 0.0000000000 0.0000000000 0.0000000000 0.0000000000 0.0000000000 0.0000000000 0.0000000000 0.0000000000 0.0000000000 0.0000000000 0.0000000000 0.0000000000 0.0000000000 0.0000000000 0.0000000000 0.0000000000 0.0000000000 0.0000000000 0.0000000000 0.0000000001 0.0000000013 0.0000000273 0.0000005369 0.0000093779 0.0001351293 0.0013374507 0.0067293984 0.0167364209 0.0280137090 0.0392243200 0.0501952893 0.0609196909 0.0714046928 0.0816581514 0.0916876479 0.1015004406 0.1111034778 0.1205034140 0.1297066248 0.1387192222 0.1475470672 0.1561957832 0.1646707676 0.1729772031 0.1811200683 0.1891041477
0.0000000000 0.0000000000 0.0000000000 0.0000000000 0.0000000000 0.0000000000 0.0000000000 0.0000000000 0.0000000000 0.0000000000 0.0000000000 0.0000000000 0.0000000000 0.0000000000 0.0000000000 0.0000000000 0.0000000000 0.0000000000 0.0000000000 0.0000000000 0.0000000000 0.0000000000 0.0000000000 0.0000000000 0.0000000000 0.0000000000 0.0000000000 0.0000000000 0.0000000000 0.0000000000 0.0000000000 0.0000000000 0.0000000000 0.0000000000 0.0000000000 0.0000000000 0.0000000000 0.0000000000 0.0000000000 0.0000000000 0.0000000000 0.0000000000 0.0000000000 0.0000000000 0.0000000000 0.0000000000 0.0000000000 0.0000000000 0.0000000000 0.0000000000 0.0000000000 0.0000000000 0.0000000000 0.0000000000 0.0000000000 0.0000000000 0.0000000000 0.0000000000 0.0000000000 0.0000000000 0.0000000000 0.0000000000 0.0000000000 0.0000000000 0.0000000000 0.0000000000 0.0000000000 0.0000000000 0.0000000000 0.0000000000 0.0000000000 0.0000000000 0.0000000000 0.0000000000 0.0000000002 0.0000000042 0.0000000887 0.0000016991 0.0000282254 0.0003651705 0.0028628495 0.0105463750 0.0214656907 0.0328244652 0.0439915158 0.0549089244 0.0655801635 0.0760131344 0.0862157073 0.0961954293 0.1059595230 0.1155149022 0.1248681882 0.1340257253 0.1429935948 0.1517776290 0.1603834230 0.1688163477 0.1770815600 0.1851840137 0.1931284695
0.0000000000 0.0000000000 0.0000000000 0.0000000000 0.0000000000 0.0000000000 0.0000000000 0.0000000000 0.0000000000 0.0000000000 0.0000000000 0.0000000000 0.0000000000 0.0000000000 0.0000000000 0.0000000000 0.0000000000 0.0000000000 0.0000000000 0.0000000000 0.0000000000 0.0000000000 0.0000000000 0.0000000000 0.0000000000 0.0000000000 0.0000000000 0.0000000000 0.0000000000 0.0000000000 0.0000000000 0.0000000000 0.0000000000 0.0000000000 0.0000000000 0.0000000000 0.0000000000 0.0000000000 0.0000000000 0.0000000000 0.0000000000 0.0000000000 0.0000000000 0.0000000000 0.0000000000 0.0000000000 0.0000000000 0.0000000000 0.0000000000 0.0000000000 0.0000000000 0.0000000000 0.0000000000 0.0000000000 0.0000000000 0.0000000000 0.0000000000 0.0000000000 0.0000000000 0.0000000000 0.0000000000 0.0000000000 0.0000000000 0.0000000000 0.0000000000 0.0000000000 0.0000000000 0.0000000000 0.0000000000 0.0000000000 0.0000000000 0.0000000000 0.0000000000 0.0000000000 0.0000000006 0.0000000140 0.0000002893 0.0000053517 0.0000830626 0.0009222144 0.0054050678 0.0149777976 0.0263149392 0.0376681533 0.0487832667 0.0596462328 0.0702640004 0.0806446766 0.0907961085 0.1007258066 0.1104409572 0.1199484394 0.1292548415 0.1383664758 0.1472893933 0.1560293969 0.1645920539 0.1729827080 0.1812064904 0.1892683301 0.1971729638
0.0000000000 0.0000000000 0.0000000000 0.0000000000 0.0000000000 0.0000000000 0.0000000000 0.0000000000 0.0000000000 0.0000000000 0.0000000000 0.0000000000 0.0000000000 0.0000000000 0.0000000000 0.0000000000 0.0000000000 0.0000000000 0.0000000000 0.0000000000 0.0000000000 0.0000000000 0.0000000000 0.0000000000 0.0000000000 0.0000000000 0.0000000000 0.0000000000 0.0000000000 0.0000000000 0.0000000000 0.0000000000 0.0000000000 0.0000000000 0.0000000000 0.0000000000 0.0000000000 0.0000000000 0.0000000000 0.0000000000 0.0000000000 0.0000000000 0.0000000000 0.0000000000 0.0000000000 0.0000000000 0.0000000000 0.0000000000 0.0000000000 0.0000000000 0.0000000000 0.0000000000 0.0000000000 0.0000000000 0.0000000000 0.0000000000 0.0000000000 0.0000000000 0.0000000000 0.0000000000 0.0000000000 0.0000000000 0.0000000000 0.0000000000 0.0000000000 0.0000000000 0.0000000000 0.0000000000 0.0000000000 0.0000000000 0.0000000000 0.0000000000 0.0000000000 0.0000000001 0.0000000021 0.0000000467 0.0000009437 0.0000166876 0.0002355287 0.0021133352 0.0089738796 0.0197467486 0.0312257202 0.0425393567 0.0535994916 0.0644075422 0.0749715543 0.0852996702 0.0953997021 0.1052791229 0.1149450825 0.1244044253 0.1336637060 0.1427292052 0.1516069431 0.1603026933 0.1688219948 0.1771701643 0.1853523070 0.1933733269 0.2012379370
0.0000000000 0.0000000000 0.0000000000 0.0000000000 0.0000000000 0.0000000000 0.0000000000 0.0000000000 0.0000000000 0.0000000000 0.0000000000 0.0000000000 0.0000000000 0.0000000000 0.0000000000 0.0000000000 0.0000000000 0.0000000000 0.0000000000 0.0000000000 0.0000000000 0.0000000000 0.0000000000 0.0000000000 0.0000000000 0.0000000000 0.0000000000 0.0000000000 0.0000000000 0.0000000000 0.0000000000 0.0000000000 0.0000000000 0.0000000000 0.0000000000 0.0000000000 0.0000000000 0.0000000000 0.0000000000 0.0000000000 0.0000000000 0.0000000000 0.0000000000 0.0000000000 0.0000000000 0.0000000000 0.0000000000 0.0000000000 0.0000000000 0.0000000000 0.0000000000 0.0000000000 0.0000000000 0.0000000000 0.0000000000 0.0000000000 0.0000000000 0.0000000000 0.0000000000 0.0000000000 0.0000000000 0.0000000000 0.0000000000 0.0000000000 0.0000000000 0.0000000000 0.0000000000 0.0000000000 0.0000000000 0.0000000000 0.0000000000 0.0000000000 0.0000000000 0.0000000003 0.0000000072 0.0000001569 0.0000030704 0.0000510884 0.0006295568 0.0042766474 0.0133134101 0.0246794405 0.0361747650 0.0474364515 0.0584404185 0.0691932109 0.0797031885 0.0899784749 0.1000268440 0.1098557303 0.1194722473 0.1288832044 0.1380951228 0.1471142508 0.1559465780 0.1645978483 0.1730735725 0.1813790401 0.1895193302 0.1974993216 0.2053237032
0.0000000000 0.0000000000 0.0000000000 0.0000000000 0.0000000000 0.0000000000 0.0000000000 0.0000000000 0.0000000000 0.0000000000 0.0000000000 0.0000000000 0.0000000000 0.0000000000 0.0000000000 0.0000000000 0.0000000000 0.0000000000 0.0000000000 0.0000000000 0.0000000000 0.0000000000 0.0000000000 0.0000000000 0.0000000000 0.0000000000 0.0000000000 0.0000000000 0.0000000000 0.0000000000 0.0000000000 0.0000000000 0.0000000000 0.0000000000 0.0000000000 0.0000000000 0.0000000000 0.0000000000 0.0000000000 0.0000000000 0.0000000000 0.0000000000 0.0000000000 0.0000000000 0.0000000000 0.0000000000 0.0000000000 0.0000000000 0.0000000000 0.0000000000 0.0000000000 0.0000000000 0.0000000000 0.0000000000 0.0000000000 0.0000000000 0.0000000000 0.0000000000 0.0000000000 0.0000000000 0.0000000000 0.0000000000 0.0000000000 0.0000000000 0.0000000000 0.0000000000 0.0000000000 0.0000000000 0.0000000000 0.0000000000 0.0000000000 0.0000000000 0.0000000000 0.0000000011 0.0000000248 0.0000005279 0.0000099134 0.0001515921 0.0015400515 0.0075520178 0.0181026495 0.0296918084 0.0411537984 0.0523591619 0.0633063837 0.0740036136 0.0844592762 0.0946814600 0.1046778992 0.1144559899 0.1240228088 0.1333851301 0.1425494414 0.1515219586 0.1603086404 0.1689152010 0.1773471227 0.1856096677 0.1937078888 0.2016466397 0.2094305850
0.0000000000 0.0000000000 0.0000000000 0.0000000000 0.0000000000 0.0000000000 0.0000000000 0.0000000000 0.0000000000 0.0000000000 0.0000000000 0.0000000000 0.0000000000 0.0000000000 0.0000000000 0.0000000000 0.0000000000 0.0000000000 0.0000000000 0.0000000000 0.0000000000 0.0000000000 0.0000000000 0.0000000000 0.0000000000 0.0000000000 0.0000000000 0.0000000000 0.0000000000 0.0000000000 0.0000000000 0.0000000000 0.0000000000 0.0000000000 0.0000000000 0.0000000000 0.0000000000 0.0000000000 0.0000000000 0.0000000000 0.0000000000 0.0000000000 0.0000000000 0.0000000000 0.0000000000 0.0000000000 0.0000000000 0.0000000000 0.0000000000 0.0000000000 0.0000000000 0.0000000000 0.0000000000 0.0000000000 0.0000000000 0.0000000000 0.0000000000 0.0000000000 0.0000000000 0.0000000000 0.0000000000 0.0000000000 0.0000000000 0.0000000000 0.0000000000 0.0000000000 0.0000000000 0.0000000000 0.0000000000 0.0000000000 0.0000000000 0.0000000000 0.0000000001 0.0000000037 0.0000000858 0.0000017743 0.0000315361 0.0004273597 0.0033401079 0.0117558952 0.0231135251 0.0347495875 0.0461602485 0.0573076729 0.0681977652 0.0788391368 0.0892402003 0.0994090043 0.1093532423 0.1190802722 0.1285971335 0.1379105651 0.1470270206 0.1559526837 0.1646934817 0.1732550991 0.1816429896 0.1898623878 0.1979183202 0.2058156152 0.2135589130
0.0000000000 0.0000000000 0.0000000000 0.0000000000 0.0000000000 0.0000000000 0.0000000000 0.0000000000 0.0000000000 0.0000000000 0.0000000000 0.0000000000 0.0000000000 0.0000000000 0.0000000000 0.0000000000 0.0000000000 0.0000000000 0.0000000000 0.0000000000 0.0000000000 0.0000000000 0.0000000000 0.0000000000 0.0000000000 0.0000000000 0.0000000000 0.0000000000 0.0000000000 0.0000000000 0.0000000000 0.0000000000 0.0000000000 0.0000000000 0.0000000000 0.0000000000 0.0000000000 0.0000000000 0.0000000000 0.0000000000 0.0000000000 0.0000000000 0.0000000000 0.0000000000 0.0000000000 0.0000000000 0.0000000000 0.0000000000 0.0000000000 0.0000000000 0.0000000000 0.0000000000 0.0000000000 0.0000000000 0.0000000000 0.0000000000 0.0000000000 0.0000000000 0.0000000000 0.0000000000 0.0000000000 0.0000000000 0.0000000000 0.0000000000 0.0000000000 0.0000000000 0.0000000000 0.0000000000 0.0000000000 0.0000000000 0.0000000000 0.0000000000 0.0000000005 0.0000000133 0.0000002979 0.0000059308 0.0000977202 0.0011123012 0.0062913469 0.0165421076 0.0282285593 0.0398404507 0.0511935567 0.0622823261 0.0731149610 0.0837001779 0.0940463542 0.1041614965 0.1140532580 0.1237289576 0.1331955976 0.1424598815 0.1515282287 0.1604067903 0.1691014624 0.1776178995 0.1859615264 0.1941375502 0.2021509708 0.2100065911 0.2177090269
0.0000000000 0.0000000000 0.0000000000 0.0000000000 0.0000000000 0.0000000000 0.0000000000 0.0000000000 0.0000000000 0.0000000000 0.0000000000 0.0000000000 0.0000000000 0.0000000000 0.0000000000 0.0000000000 0.0000000000 0.0000000000 0.0000000000 0.0000000000 0.0000000000 0.0000000000 0.0000000000 0.0000000000 0.0000000000 0.0000000000 0.0000000000 0.0000000000 0.0000000000 0.0000000000 0.0000000000 0.0000000000 0.0000000000 0.0000000000 0.0000000000 0.0000000000 0.0000000000 0.0000000000 0.0000000000 0.0000000000 0.0000000000 0.0000000000 0.0000000000 0.0000000000 0.0000000000 0.0000000000 0.0000000000 0.0000000000 0.0000000000 0.0000000000 0.0000000000 0.0000000000 0.0000000000 0.0000000000 0.0000000000 0.0000000000 0.0000000000 0.0000000000 0.0000000000 0.0000000000 0.0000000000 0.0000000000 0.0000000000 0.0000000000 0.0000000000 0.0000000000 0.0000000000 0.0000000000 0.0000000000 0.0000000000 0.0000000000 0.0000000001 0.0000000020 0.0000000474 0.0000010347 0.0000195907 0.0002896888 0.0025820924 0.0103170973 0.0216239848 0.0333984824 0.0449604867 0.0562538412 0.0672835195 0.0780583829 0.0885871451 0.0988781414 0.1089393360 0.1187783410 0.1284024364 0.1378185874 0.1470334614 0.1560534437 0.1648846527 0.1735329529 0.1820039686 0.1903030959 0.1984355139 0.2064061959 0.2142199193 0.2218812751
0.0000000000 0.0000000000 0.0000000000 0.0000000000 0.0000000000 0.0000000000 0.0000000000 0.0000000000 0.0000000000 0.0000000000 0.0000000000 0.0000000000 0.0000000000 0.0000000000 0.0000000000 0.0000000000 0.0000000000 0.0000000000 0.0000000000 0.0000000000 0.0000000000 0.0000000000 0.0000000000 0.0000000000 0.0000000000 0.0000000000 0.0000000000 0.0000000000 0.0000000000 0.0000000000 0.0000000000 0.0000000000 0.0000000000 0.0000000000 0.0000000000 0.0000000000 0.0000000000 0.0000000000 0.0000000000 0.0000000000 0.0000000000 0.0000000000 0.0000000000 0.0000000000 0.0000000000 0.0000000000 0.0000000000 0.0000000000 0.0000000000 0.0000000000 0.0000000000 0.0000000000 0.0000000000 0.0000000000 0.0000000000 0.0000000000 0.0000000000 0.0000000000 0.0000000000 0.0000000000 0.0000000000 0.0000000000 0.0000000000 0.0000000000 0.0000000000 0.0000000000 0.0000000000 0.0000000000 0.0000000000 0.0000000000 0.0000000000 0.0000000003 0.0000000072 0.0000001699 0.0000035810 0.0000633019 0.0007995522 0.0051962160 0.0150740859 0.0268422502 0.0386053669 0.0501087381 0.0613414438 0.0723116764 0.0830284547 0.0935004577 0.1037359766 0.1137429325 0.1235288967 0.1331011098 0.1424664995 0.1516316972 0.1606030540 0.1693866550 0.1779883333 0.1864136828 0.1946680705 0.2027566477 0.2106843608 0.2184559614 0.2260760158
0.0000000000 0.0000000000 0.0000000000 0.0000000000 0.0000000000 0.0000000000 0.0000000000 0.0000000000 0.0000000000 0.0000000000 0.0000000000 0.0000000000 0.0000000000 0.0000000000 0.0000000000 0.0000000000 0.0000000000 0.0000000000 0.0000000000 0.0000000000 0.0000000000 0.0000000000 0.0000000000 0.0000000000 0.0000000000 0.0000000000 0.0000000000 0.0000000000 0.0000000000 0.0000000000 0.0000000000 0.0000000000 0.0000000000 0.0000000000 0.0000000000 0.0000000000 0.0000000000 0.0000000000 0.0000000000 0.0000000000 0.0000000000 0.0000000000 0.0000000000 0.0000000000 0.0000000000 0.0000000000 0.0000000000 0.0000000000 0.0000000000 0.0000000000 0.0000000000 0.0000000000 0.0000000000 0.0000000000 0.0000000000 0.0000000000 0.0000000000 0.0000000000 0.0000000000 0.0000000000 0.0000000000 0.0000000000 0.0000000000 0.0000000000 0.0000000000 0.0000000000 0.0000000000 0.0000000000 0.0000000000 0.0000000000 0.0000000000 0.0000000010 0.0000000265 0.0000006100 0.0000122789 0.0001968603 0.0019824032 0.0090069242 0.0202180174 0.0321277710 0.0438434563 0.0552852261 0.0664567833 0.0773672360 0.0880256121 0.0984405465 0.1086202856 0.1185727072 0.1283053415 0.1378253896 0.1471397414 0.1562549921 0.1651774583 0.1739131919 0.1824679943 0.1908474287 0.1990568331 0.2071013305 0.2149858405 0.2227150887 0.2302936166
0.0000000000 0.0000000000 0.0000000000 0.0000000000 0.0000000000 0.0000000000 0.0000000000 0.0000000000 0.0000000000 0.0000000000 0.0000000000 0.0000000000 0.0000000000 0.0000000000 0.0000000000 0.0000000000 0.0000000000 0.0000000000 0.0000000000 0.0000000000 0.0000000000 0.0000000000 0.0000000000 0.0000000000 0.0000000000 0.0000000000 0.0000000000 0.0000000000 0.0000000000 0.0000000000 0.0000000000 0.0000000000 0.0000000000 0.0000000000 0.0000000000 0.0000000000 0.0000000000 0.0000000000 0.0000000000 0.0000000000 0.0000000000 0.0000000000 0.0000000000 0.0000000000 0.0000000000 0.0000000000 0.0000000000 0.0000000000 0.0000000000 0.0000000000 0.0000000000 0.0000000000 0.0000000000 0.0000000000 0.0000000000 0.0000000000 0.0000000000 0.0000000000 0.0000000000 0.0000000000 0.0000000000 0.0000000000 0.0000000000 0.0000000000 0.0000000000 0.0000000000 0.0000000000 0.0000000000 0.0000000000 0.0000000000 0.0000000001 0.0000000039 0.0000000980 0.0000021868 0.0000413340 0.0005744252 0.0042641318 0.0137073629 0.0255396112 0.0374550818 0.0491112484 0.0604902867 0.0716003101 0.0824506508 0.0930503026 0.1034078540 0.1135315059 0.1234290929 0.1331081035 0.1425756991 0.1518387317 0.1609037604 0.1697770666 0.1784646690 0.1869723371 0.1953056036 0.2034697767 0.2114699515 0.2193110203 0.2269976828 0.2345344554
0.0000000000 0.0000000000 0.0000000000 0.0000000000 0.0000000000 0.0000000000 0.0000000000 0.0000000000 0.0000000000 0.0000000000 0.0000000000 0.0000000000 0.0000000000 0.0000000000 0.0000000000 0.0000000000 0.0000000000 0.0000000000 0.0000000000 0.0000000000 0.0000000000 0.0000000000 0.0000000000 0.0000000000 0.0000000000 0.0000000000 0.0000000000 0.0000000000 0.0000000000 0.0000000000 0.0000000000 0.0000000000 0.0000000000 0.0000000000 0.0000000000 0.0000000000 0.0000000000 0.0000000000 0.0000000000 0.0000000000 0.0000000000 0.0000000000 0.0000000000 0.0000000000 0.0000000000 0.0000000000 0.0000000000 0.0000000000 0.0000000000 0.0000000000 0.0000000000 0.0000000000 0.0000000000 0.0000000000 0.0000000000 0.0000000000 0.0000000000 0.0000000000 0.0000000000 0.0000000000 0.0000000000 0.0000000000 0.0000000000 0.0000000000 0.0000000000 0.0000000000 0.0000000000 0.0000000000 0.0000000000 0.0000000000 0.0000000006 0.0000000150 0.0000003643 0.0000077838 0.0001346060 0.0015172262 0.0078322652 0.0189031084 0.0309442667 0.0428159511 0.0544086298 0.0657243597 0.0767724932 0.0875623861 0.0981029865 0.1084028352 0.1184700875 0.1283125343 0.1379376224 0.1473524733 0.1565639009 0.1655784276 0.1744023000 0.1830415032 0.1915017744 0.1997886156 0.2079073055 0.2158629107 0.2236602963 0.2313041359 0.2387989206
0.0000000000 0.0000000000 0.0000000000 0.0000000000 0.0000000000 0.0000000000 0.0000000000 0.0000000000 0.0000000000 0.0000000000 0.0000000000 0.0000000000 0.0000000000 0.0000000000 0.0000000000 0.0000000000 0.0000000000 0.0000000000 0.0000000000 0.0000000000 0.0000000000 0.0000000000 0.0000000000 0.0000000000 0.0000000000 0.0000000000 0.0000000000 0.0000000000 0.0000000000 0.0000000000 0.0000000000 0.0000000000 0.0000000000 0.0000000000 0.0000000000 0.0000000000 0.0000000000 0.0000000000 0.0000000000 0.0000000000 0.0000000000 0.0000000000 0.0000000000 0.0000000000 0.0000000000 0.0000000000 0.0000000000 0.0000000000 0.0000000000 0.0000000000 0.0000000000 0.0000000000 0.0000000000 0.0000000000 0.0000000000 0.0000000000 0.0000000000 0.0000000000 0.0000000000 0.0000000000 0.0000000000 0.0000000000 0.0000000000 0.0000000000 0.0000000000 0.0000000000 0.0000000000 0.0000000000 0.0000000000 0.0000000001 0.0000000022 0.0000000574 0.0000013534 0.0000272841 0.0004141537 0.0034862414 0.0124500201 0.0243278193 0.0363966539 0.0482081542 0.0597359234 0.0709879249 0.0819738162 0.0927029206 0.1031841368 0.1134259578 0.1234364927 0.1332234887 0.1427943505 0.1521561596 0.1613156914 0.1702794316 0.1790535916 0.1876441229 0.1960567302 0.2042968846 0.2123698350 0.2202806196 0.2280340760 0.2356348513 0.2430874115
0.0000000000 0.0000000000 0.0000000000 0.0000000000 0.0000000000 0.0000000000 0.0000000000 0.0000000000 0.0000000000 0.0000000000 0.0000000000 0.0000000000 0.0000000000 0.0000000000 0.0000000000 0.0000000000 0.0000000000 0.0000000000 0.0000000000 0.0000000000 0.0000000000 0.0000000000 0.0000000000 0.0000000000 0.0000000000 0.0000000000 0.0000000000 0.0000000000 0.0000000000 0.0000000000 0.0000000000 0.0000000000 0.0000000000 0.0000000000 0.0000000000 0.0000000000 0.0000000000 0.0000000000 0.0000000000 0.0000000000 0.0000000000 0.0000000000 0.0000000000 0.0000000000 0.0000000000 0.0000000000 0.0000000000 0.0000000000 0.0000000000 0.0000000000 0.0000000000 0.0000000000 0.0000000000 0.0000000000 0.0000000000 0.0000000000 0.0000000000 0.0000000000 0.0000000000 0.0000000000 0.0000000000 0.0000000000 0.0000000000 0.0000000000 0.0000000000 0.0000000000 0.0000000000 0.0000000000 0.0000000000 0.0000000003 0.0000000086 0.0000002208 0.0000050024 0.0000929266 0.0011621800 0.0067962160 0.0176868783 0.0298553081 0.0418853144 0.0536313996 0.0650935907 0.0762814838 0.0872047772 0.0978727466 0.1082942403 0.1184777029 0.1284311973 0.1381624264 0.1476787529 0.1569872180 0.1660945583 0.1750072226 0.1837313870 0.1922729690 0.2006376408 0.2088308424 0.2168577927 0.2247235012 0.2324327780 0.2399902437 0.2474003388
0.0000000000 0.0000000000 0.0000000000 0.0000000000 0.0000000000 0.0000000000 0.0000000000 0.0000000000 0.0000000000 0.0000000000 0.0000000000 0.0000000000 0.0000000000 0.0000000000 0.0000000000 0.0000000000 0.0000000000 0.0000000000 0.0000000000 0.0000000000 0.0000000000 0.0000000000 0.0000000000 0.0000000000 0.0000000000 0.0000000000 0.0000000000 0.0000000000 0.0000000000 0.0000000000 0.0000000000 0.0000000000 0.0000000000 0.0000000000 0.0000000000 0.0000000000 0.0000000000 0.0000000000 0.0000000000 0.0000000000 0.0000000000 0.0000000000 0.0000000000 0.0000000000 0.0000000000 0.0000000000 0.0000000000 0.0000000000 0.0000000000 0.0000000000 0.0000000000 0.0000000000 0.0000000000 0.0000000000 0.0000000000 0.0000000000 0.0000000000 0.0000000000 0.0000000000 0.0000000000 0.0000000000 0.0000000000 0.0000000000 0.0000000000 0.0000000000 0.0000000000 0.0000000000 0.0000000000 0.0000000000 0.0000000012 0.0000000341 0.0000008508 0.0000182567 0.0003008424 0.0028487496 0.0113089297 0.0232144874 0.0354377121 0.0474070955 0.0590859895 0.0704821436 0.0816055541 0.0924658886 0.1030723706 0.1134337976 0.1235585653 0.1334546904 0.1431298313 0.1525913082 0.1618461217 0.1709009697 0.1797622638 0.1884361444 0.1969284949 0.2052449550 0.2133909332 0.2213716183 0.2291919909 0.2368568334 0.2443707399 0.2517381252
0.0000000000 0.0000000000 0.0000000000 0.0000000000 0.0000000000 0.0000000000 0.0000000000 0.0000000000 0.0000000000 0.0000000000 0.0000000000 0.0000000000 0.0000000000 0.0000000000 0.0000000000 0.0000000000 0.0000000000 0.0000000000 0.0000000000 0.0000000000 0.0000000000 0.0000000000 0.0000000000 0.0000000000 0.0000000000 0.0000000000 0.0000000000 0.0000000000 0.0000000000 0.0000000000 0.0000000000 0.0000000000 0.0000000000 0.0000000000 0.0000000000 0.0000000000 0.0000000000 0.0000000000 0.0000000000 0.0000000000 0.0000000000 0.0000000000 0.0000000000 0.0000000000 0.0000000000 0.0000000000 0.0000000000 0.0000000000 0.0000000000 0.0000000000 0.0000000000 0.0000000000 0.0000000000 0.0000000000 0.0000000000 0.0000000000 0.0000000000 0.0000000000 0.0000000000 0.0000000000 0.0000000000 0.0000000000 0.0000000000 0.0000000000 0.0000000000 0.0000000000 0.0000000000 0.0000000000 0.0000000002 0.0000000050 0.0000001361 0.0000032671 0.0000649824 0.0008945884 0.0058978002 0.0165769160 0.0288687961 0.0410594911 0.0529614799 0.0645724078 0.0759021186 0.0869606694 0.0977576778 0.1083023139 0.1186033239 0.1286690546 0.1385074758 0.1481262014 0.1575325089 0.1667333580 0.1757354076 0.1845450319 0.1931683355 0.2016111675 0.2098791347 0.2179776140 0.2259117642 0.2336865366 0.2413066857 0.2487767790 0.2561012054
0.0000000000 0.0000000000 0.0000000000 0.0000000000 0.0000000000 0.0000000000 0.0000000000 0.0000000000 0.0000000000 0.0000000000 0.0000000000 0.0000000000 0.0000000000 0.0000000000 0.0000000000 0.0000000000 0.0000000000 0.0000000000 0.0000000000 0.0000000000 0.0000000000 0.0000000000 0.0000000000 0.0000000000 0.0000000000 0.0000000000 0.0000000000 0.0000000000 0.0000000000 0.0000000000 0.0000000000 0.0000000000 0.0000000000 0.0000000000 0.0000000000 0.0000000000 0.0000000000 0.0000000000 0.0000000000 0.0000000000 0.0000000000 0.0000000000 0.0000000000 0.0000000000 0.0000000000 0.0000000000 0.0000000000 0.0000000000 0.0000000000 0.0000000000 0.0000000000 0.0000000000 0.0000000000 0.0000000000 0.0000000000 0.0000000000 0.0000000000 0.0000000000 0.0000000000 0.0000000000 0.0000000000 0.0000000000 0.0000000000 0.0000000000 0.0000000000 0.0000000000 0.0000000000 0.0000000000 0.0000000007 0.0000000206 0.0000005443 0.0000124170 0.0002210041 0.0023348474 0.0102893453 0.0222076566 0.0345865077 0.0467163402 0.0585487411 0.0700912010 0.0813540710 0.0923473791 0.1030806878 0.1135631131 0.1238033497 0.1338096950 0.1435900719 0.1531520494 0.1625028620 0.1716494283 0.1805983680 0.1893560177 0.1979284459 0.2063214673 0.2145406555 0.2225913557 0.2304786963 0.2382075994 0.2457827915 0.2532088130 0.2604900271
0.0000000000 0.0000000000 0.0000000000 0.0000000000 0.0000000000 0.0000000000 0.0000000000 0.0000000000 0.0000000000 0.0000000000 0.0000000000 0.0000000000 0.0000000000 0.0000000000 0.0000000000 0.0000000000 0.0000000000 0.0000000000 0.0000000000 0.0000000000 0.0000000000 0.0000000000 0.0000000000 0.0000000000 0.0000000000 0.0000000000 0.0000000000 0.0000000000 0.0000000000 0.0000000000 0.0000000000 0.0000000000 0.0000000000 0.0000000000 0.0000000000 0.0000000000 0.0000000000 0.0000000000 0.0000000000 0.0000000000 0.0000000000 0.0000000000 0.0000000000 0.0000000000 0.0000000000 0.0000000000 0.0000000000 0.0000000000 0.0000000000 0.0000000000 0.0000000000 0.0000000000 0.0000000000 0.0000000000 0.0000000000 0.0000000000 0.0000000000 0.0000000000 0.0000000000 0.0000000000 0.0000000000 0.0000000000 0.0000000000 0.0000000000 0.0000000000 0.0000000000 0.0000000000 0.0000000001 0.0000000030 0.0000000855 0.0000021736 0.0000461735 0.0006947943 0.0051322590 0.0155806360 0.0279932389 0.0403470848 0.0524074684 0.0641693872 0.0756429445 0.0868385733 0.0977662491 0.1084354778 0.1188553209 0.1290344212 0.1389810266 0.1487030127 0.1582079032 0.1675028896 0.1765948490 0.1854903618 0.1941957265 0.2027169756 0.2110598889 0.2192300069 0.2272326428 0.2350728944 0.2427556544 0.2502856211 0.2576673077 0.2649050515
0.0000000000 0.0000000000 0.0000000000 0.0000000000 0.0000000000 0.0000000000 0.0000000000 0.0000000000 0.0000000000 0.0000000000 0.0000000000 0.0000000000 0.0000000000 0.0000000000 0.0000000000 0.0000000000 0.0000000000 0.0000000000 0.0000000000 0.0000000000 0.0000000000 0.0000000000 0.0000000000 0.0000000000 0.0000000000 0.0000000000 0.0000000000 0.0000000000 0.0000000000 0.0000000000 0.0000000000 0.0000000000 0.0000000000 0.0000000000 0.0000000000 0.0000000000 0.0000000000 0.0000000000 0.0000000000 0.0000000000 0.0000000000 0.0000000000 0.0000000000 0.0000000000 0.0000000000 0.0000000000 0.0000000000 0.0000000000 0.0000000000 0.0000000000 0.0000000000 0.0000000000 0.0000000000 0.0000000000 0.0000000000 0.0000000000 0.0000000000 0.0000000000 0.0000000000 0.0000000000 0.0000000000 0.0000000000 0.0000000000 0.0000000000 0.0000000000 0.0000000000 0.0000000000 0.0000000004 0.0000000127 0.0000003553 0.0000086074 0.0001647849 0.0019266678 0.0093946978 0.0213158028 0.0338519741 0.0461448448 0.0581331142 0.0698240025 0.0812282345 0.0923562155 0.1032178625 0.1138226240 0.1241795067 0.1342971013 0.1441836058 0.1538468483 0.1632943069 0.1725331296 0.1815701523 0.1904119152 0.1990646791 0.2075344398 0.2158269423 0.2239476935 0.2319019747 0.2396948527 0.2473311908 0.2548156588 0.2621527427 0.2693467535
0.0000000000 0.0000000000 0.0000000000 0.0000000000 0.0000000000 0.0000000000 0.0000000000 0.0000000000 0.0000000000 0.0000000000 0.0000000000 0.0000000000 0.0000000000 0.0000000000 0.0000000000 0.0000000000 0.0000000000 0.0000000000 0.0000000000 0.0000000000 0.0000000000 0.0000000000 0.0000000000 0.0000000000 0.0000000000 0.0000000000 0.0000000000 0.0000000000 0.0000000000 0.0000000000 0.0000000000 0.0000000000 0.0000000000 0.0000000000 0.0000000000 0.0000000000 0.0000000000 0.0000000000 0.0000000000 0.0000000000 0.0000000000 0.0000000000 0.0000000000 0.0000000000 0.0000000000 0.0000000000 0.0000000000 0.0000000000 0.0000000000 0.0000000000 0.0000000000 0.0000000000 0.0000000000 0.0000000000 0.0000000000 0.0000000000 0.0000000000 0.0000000000 0.0000000000 0.0000000000 0.0000000000 0.0000000000 0.0000000000 0.0000000000 0.0000000000 0.0000000000 0.0000000001 0.0000000018 0.0000000548 0.0000014768 0.0000334399 0.0005466405 0.0044918389 0.0147052036 0.0272378080 0.0397574228 0.0519786800 0.0638938122 0.0755132052 0.0868476864 0.0979076057 0.1087028200 0.1192427199 0.1295362572 0.1395919699 0.1494180060 0.1590221454 0.1684118209 0.1775941366 0.1865758864 0.1953635707 0.2039634120 0.2123813694 0.2206231528 0.2286942354 0.2365998661 0.2443450807 0.2519347129 0.2593734040 0.2666656123 0.2738156226
0.0000000000 0.0000000000 0.0000000000 0.0000000000 0.0000000000 0.0000000000 0.0000000000 0.0000000000 0.0000000000 0.0000000000 0.0000000000 0.0000000000 0.0000000000 0.0000000000 0.0000000000 0.0000000000 0.0000000000 0.0000000000 0.0000000000 0.0000000000 0.0000000000 0.0000000000 0.0000000000 0.0000000000 0.0000000000 0.0000000000 0.0000000000 0.0000000000 0.0000000000 0.0000000000 0.0000000000 0.0000000000 0.0000000000 0.0000000000 0.0000000000 0.0000000000 0.0000000000 0.0000000000 0.0000000000 0.0000000000 0.0000000000 0.0000000000 0.0000000000 0.0000000000 0.0000000000 0.0000000000 0.0000000000 0.0000000000 0.0000000000 0.0000000000 0.0000000000 0.0000000000 0.0000000000 0.0000000000 0.0000000000 0.0000000000 0.0000000000 0.0000000000 0.0000000000 0.0000000000 0.0000000000 0.0000000000 0.0000000000 0.0000000000 0.0000000000 0.0000000000 0.0000000002 0.0000000080 0.0000002372 0.0000060979 0.0001251465 0.0016069102 0.0086266695 0.0205478764 0.0332437966 0.0457023222 0.0578487911 0.0696901889 0.0812376366 0.0925019346 0.1034933708 0.1142217410 0.1246963778 0.1349261774 0.1449196250 0.1546848182 0.1642294887 0.1735610232 0.1826864819 0.1916126166 0.2003458875 0.2088924785 0.2172583118 0.2254490620 0.2334701684 0.2413268473 0.2490241036 0.2565667407 0.2639593713 0.2712064262 0.2783121635
0.0000000000 0.0000000000 0.0000000000 0.0000000000 0.0000000000 0.0000000000 0.0000000000 0.0000000000 0.0000000000 0.0000000000 0.0000000000 0.0000000000 0.0000000000 0.0000000000 0.0000000000 0.0000000000 0.0000000000 0.0000000000 0.0000000000 0.0000000000 0.0000000000 0.0000000000 0.0000000000 0.0000000000 0.0000000000 0.0000000000 0.0000000000 0.0000000000 0.0000000000 0.0000000000 0.0000000000 0.0000000000 0.0000000000 0.0000000000 0.0000000000 0.0000000000 0.0000000000 0.0000000000 0.0000000000 0.0000000000 0.0000000000 0.0000000000 0.0000000000 0.0000000000 0.0000000000 0.0000000000 0.0000000000 0.0000000000 0.0000000000 0.0000000000 0.0000000000 0.0000000000 0.0000000000 0.0000000000 0.0000000000 0.0000000000 0.0000000000 0.0000000000 0.0000000000 0.0000000000 0.0000000000 0.0000000000 0.0000000000 0.0000000000 0.0000000000 0.0000000000 0.0000000011 0.0000000360 0.0000010273 0.0000247599 0.0004373784 0.0039669028 0.0139575761 0.0266124134 0.0393006296 0.0516852178 0.0637557429 0.0755229093 0.0869979589 0.0981916338 0.1091141575 0.1197752645 0.1301842289 0.1403498912 0.1502806834 0.1599846521 0.1694694809 0.1787425099 0.1878107551 0.1966809261 0.2053594424 0.2138524492 0.2221658316 0.2303052286 0.2382760454 0.2460834657 0.2537324628 0.2612278102 0.2685740915 0.2757757099 0.2828368967
0.0000000000 0.0000000000 0.0000000000 0.0000000000 0.0000000000 0.0000000000 0.0000000000 0.0000000000 0.0000000000 0.0000000000 0.0000000000 0.0000000000 0.0000000000 0.0000000000 0.0000000000 0.0000000000 0.0000000000 0.0000000000 0.0000000000 0.0000000000 0.0000000000 0.0000000000 0.0000000000 0.0000000000 0.0000000000 0.0000000000 0.0000000000 0.0000000000 0.0000000000 0.0000000000 0.0000000000 0.0000000000 0.0000000000 0.0000000000 0.0000000000 0.0000000000 0.0000000000 0.0000000000 0.0000000000 0.0000000000 0.0000000000 0.0000000000 0.0000000000 0.0000000000 0.0000000000 0.0000000000 0.0000000000 0.0000000000 0.0000000000 0.0000000000 0.0000000000 0.0000000000 0.0000000000 0.0000000000 0.0000000000 0.0000000000 0.0000000000 0.0000000000 0.0000000000 0.0000000000 0.0000000000 0.0000000000 0.0000000000 0.0000000000 0.0000000000 0.0000000001 0.0000000052 0.0000001623 0.0000044277 0.0000971431 0.0013599672 0.0079855775 0.0199133925 0.0327724921 0.0453993179 0.0577062745 0.0697002086 0.0813926643 0.0927948559 0.1039174591 0.1147706327 0.1253640495 0.1357069246 0.1458080423 0.1556757812 0.1653181368 0.1747427438 0.1839568959 0.1929675643 0.2017814162 0.2104048303 0.2188439126 0.2271045112 0.2351922289 0.2431124369 0.2508702857 0.2584707173 0.2659184747 0.2732181125 0.2803740059 0.2873903593
0.0000000000 0.0000000000 0.0000000000 0.0000000000 0.0000000000 0.0000000000 0.0000000000 0.0000000000 0.0000000000 0.0000000000 0.0000000000 0.0000000000 0.0000000000 0.0000000000 0.0000000000 0.0000000000 0.0000000000 0.0000000000 0.0000000000 0.0000000000 0.0000000000 0.0000000000 0.0000000000 0.0000000000 0.0000000000 0.0000000000 0.0000000000 0.0000000000 0.0000000000 0.0000000000 0.0000000000 0.0000000000 0.0000000000 0.0000000000 0.0000000000 0.0000000000 0.0000000000 0.0000000000 0.0000000000 0.0000000000 0.0000000000 0.0000000000 0.0000000000 0.0000000000 0.0000000000 0.0000000000 0.0000000000 0.0000000000 0.0000000000 0.0000000000 0.0000000000 0.0000000000 0.0000000000 0.0000000000 0.0000000000 0.0000000000 0.0000000000 0.0000000000 0.0000000000 0.0000000000 0.0000000000 0.0000000000 0.0000000000 0.0000000000 0.0000000000 0.0000000007 0.0000000243 0.0000007338 0.0000188022 0.0003572679 0.0035471611 0.0133447001 0.0261278005 0.0389877089 0.0515380521 0.0637660929 0.0756829055 0.0873001682 0.0986290331 0.1096801075 0.1204634851 0.1309887763 0.1412651371 0.1513012952 0.1611055752 0.1706859215 0.1800499195 0.1892048159 0.1981575374 0.2069147079 0.2154826654 0.2238674766 0.2320749517 0.2401106579 0.2479799315 0.2556878901 0.2632394438 0.2706393052 0.2778919995 0.2850018738 0.2919731055
0.0000000000 0.0000000000 0.0000000000 0.0000000000 0.0000000000 0.0000000000 0.0000000000 0.0000000000 0.0000000000 0.0000000000 0.0000000000 0.0000000000 0.0000000000 0.0000000000 0.0000000000 0.0000000000 0.0000000000 0.0000000000 0.0000000000 0.0000000000 0.0000000000 0.0000000000 0.0000000000 0.0000000000 0.0000000000 0.0000000000 0.0000000000 0.0000000000 0.0000000000 0.0000000000 0.0000000000 0.0000000000 0.0000000000 0.0000000000 0.0000000000 0.0000000000 0.0000000000 0.0000000000 0.0000000000 0.0000000000 0.0000000000 0.0000000000 0.0000000000 0.0000000000 0.0000000000 0.0000000000 0.0000000000 0.0000000000 0.0000000000 0.0000000000 0.0000000000 0.0000000000 0.0000000000 0.0000000000 0.0000000000 0.0000000000 0.0000000000 0.0000000000 0.0000000000 0.0000000000 0.0000000000 0.0000000000 0.0000000000 0.0000000000 0.0000000001 0.0000000034 0.0000001142 0.0000033049 0.0000773406 0.0011725605 0.0074710477 0.0194225879 0.0324495037 0.0452472953 0.0577169702 0.0698653992 0.0817045792 0.0932461588 0.1045012192 0.1154802989 0.1261934257 0.1366501475 0.1468595605 0.1568303358 0.1665707437 0.1760886766 0.1853916707 0.1944869255 0.2033813224 0.2120814424 0.2205935819 0.2289237683 0.2370777740 0.2450611298 0.2528791372 0.2605368806 0.2680392379 0.2753908912 0.2825963362 0.2896598916 0.2965857077
0.0000000000 0.0000000000 0.0000000000 0.0000000000 0.0000000000 0.0000000000 0.0000000000 0.0000000000 0.0000000000 0.0000000000 0.0000000000 0.0000000000 0.0000000000 0.0000000000 0.0000000000 0.0000000000 0.0000000000 0.0000000000 0.0000000000 0.0000000000 0.0000000000 0.0000000000 0.0000000000 0.0000000000 0.0000000000 0.0000000000 0.0000000000 0.0000000000 0.0000000000 0.0000000000 0.0000000000 0.0000000000 0.0000000000 0.0000000000 0.0000000000 0.0000000000 0.0000000000 0.0000000000 0.0000000000 0.0000000000 0.0000000000 0.0000000000 0.0000000000 0.0000000000 0.0000000000 0.0000000000 0.0000000000 0.0000000000 0.0000000000 0.0000000000 0.0000000000 0.0000000000 0.0000000000 0.0000000000 0.0000000000 0.0000000000 0.0000000000 0.0000000000 0.0000000000 0.0000000000 0.0000000000 0.0000000000 0.0000000000 0.0000000000 0.0000000005 0.0000000168 0.0000005397 0.0000146909 0.0002990676 0.0032228568 0.0128738872 0.0257956753 0.0388306369 0.0515491098 0.0639367169 0.0760049681 0.0877660014 0.0992313980 0.1104121668 0.1213187765 0.1319611889 0.1423488887 0.1524909121 0.1623958730 0.1720719870 0.1815270946 0.1907686821 0.1998039016 0.2086395889 0.2172822817 0.2257382349 0.2340134360 0.2421136193 0.2500442791 0.2578106819 0.2654178786 0.2728707149 0.2801738419 0.2873317257 0.2943486564 0.3012287570
0.0000000000 0.0000000000 0.0000000000 0.0000000000 0.0000000000 0.0000000000 0.0000000000 0.0000000000 0.0000000000 0.0000000000 0.0000000000 0.0000000000 0.0000000000 0.0000000000 0.0000000000 0.0000000000 0.0000000000 0.0000000000 0.0000000000 0.0000000000 0.0000000000 0.0000000000 0.0000000000 0.0000000000 0.0000000000 0.0000000000 0.0000000000 0.0000000000 0.0000000000 0.0000000000 0.0000000000 0.0000000000 0.0000000000 0.0000000000 0.0000000000 0.0000000000 0.0000000000 0.0000000000 0.0000000000 0.0000000000 0.0000000000 0.0000000000 0.0000000000 0.0000000000 0.0000000000 0.0000000000 0.0000000000 0.0000000000 0.0000000000 0.0000000000 0.0000000000 0.0000000000 0.0000000000 0.0000000000 0.0000000000 0.0000000000 0.0000000000 0.0000000000 0.0000000000 0.0000000000 0.0000000000 0.0000000000 0.0000000000 0.0000000001 0.0000000024 0.0000000829 0.0000025439 0.0000633786 0.0010339997 0.0070829293 0.0190866522 0.0322873086 0.0452587317 0.0578932808 0.0701980778 0.0821856061 0.0938679695 0.1052566737 0.1163626539 0.1271963089 0.1377675337 0.1480857498 0.1581599328 0.1679986390 0.1776100292 0.1870018912 0.1961816614 0.2051564439 0.2139330290 0.2225179105 0.2309173015 0.2391371495 0.2471831504 0.2550607616 0.2627752147 0.2703315265 0.2777345105 0.2849887866 0.2920987911 0.2990687853 0.3059028646
0.0000000000 0.0000000000 0.0000000000 0.0000000000 0.0000000000 0.0000000000 0.0000000000 0.0000000000 0.0000000000 0.0000000000 0.0000000000 0.0000000000 0.0000000000 0.0000000000 0.0000000000 0.0000000000 0.0000000000 0.0000000000 0.0000000000 0.0000000000 0.0000000000 0.0000000000 0.0000000000 0.0000000000 0.0000000000 0.0000000000 0.0000000000 0.0000000000 0.0000000000 0.0000000000 0.0000000000 0.0000000000 0.0000000000 0.0000000000 0.0000000000 0.0000000000 0.0000000000 0.0000000000 0.0000000000 0.0000000000 0.0000000000 0.0000000000 0.0000000000 0.0000000000 0.0000000000 0.0000000000 0.0000000000 0.0000000000 0.0000000000 0.0000000000 0.0000000000 0.0000000000 0.0000000000 0.0000000000 0.0000000000 0.0000000000 0.0000000000 0.0000000000 0.0000000000 0.0000000000 0.0000000000 0.0000000000 0.0000000000 0.0000000003 0.0000000121 0.0000004100 0.0000118506 0.0002575388 0.0029858239 0.0125533702 0.0256288568 0.0388424679 0.0517313740 0.0642805078 0.0765018918 0.0884081483 0.1000113083 0.1113228001 0.1223534846 0.1331136903 0.1436132449 0.1538615062 0.1638673889 0.1736393913 0.1831856187 0.1925138064 0.2016313401 0.2105452759 0.2192623581 0.2277890363 0.2361314816 0.2442956012 0.2522870523 0.2601112554 0.2677734065 0.2752784885 0.2826312822 0.2898363762 0.2968981766 0.3038209161 0.3106086622
0.0000000000 0.0000000000 0.0000000000 0.0000000000 0.0000000000 0.0000000000 0.0000000000 0.0000000000 0.0000000000 0.0000000000 0.0000000000 0.0000000000 0.0000000000 0.0000000000 0.0000000000 0.0000000000 0.0000000000 0.0000000000 0.0000000000 0.0000000000 0.0000000000 0.0000000000 0.0000000000 0.0000000000 0.0000000000 0.0000000000 0.0000000000 0.0000000000 0.0000000000 0.0000000000 0.0000000000 0.0000000000 0.0000000000 0.0000000000 0.0000000000 0.0000000000 0.0000000000 0.0000000000 0.0000000000 0.0000000000 0.0000000000 0.0000000000 0.0000000000 0.0000000000 0.0000000000 0.0000000000 0.0000000000 0.0000000000 0.0000000000 0.0000000000 0.0000000000 0.0000000000 0.0000000000 0.0000000000 0.0000000000 0.0000000000 0.0000000000 0.0000000000 0.0000000000 0.0000000000 0.0000000000 0.0000000000 0.0000000000 0.0000000017 0.0000000622 0.0000020261 0.0000536535 0.0009362168 0.0068223947 0.0189180298 0.0322995408 0.0454472261 0.0582487099 0.0707116437 0.0828490330 0.0946734587 0.1061968709 0.1174306196 0.1283854909 0.1390717424 0.1494991343 0.1596769599 0.1696140729 0.1793189129 0.1887995298 0.1980636054 0.2071184749 0.2159711459 0.2246283161 0.2330963911 0.2413814993 0.2494895074 0.2574260338 0.2651964616 0.2728059513 0.2802594514 0.2875617098 0.2947172837 0.3017305488 0.3086057088 0.3153468031
0.0000000000 0.0000000000 0.0000000000 0.0000000000 0.0000000000 0.0000000000 0.0000000000 0.0000000000 0.0000000000 0.0000000000 0.0000000000 0.0000000000 0.0000000000 0.0000000000 0.0000000000 0.0000000000 0.0000000000 0.0000000000 0.0000000000 0.0000000000 0.0000000000 0.0000000000 0.0000000000 0.0000000000 0.0000000000 0.0000000000 0.0000000000 0.0000000000 0.0000000000 0.0000000000 0.0000000000 0.0000000000 0.0000000000 0.0000000000 0.0000000000 0.0000000000 0.0000000000 0.0000000000 0.0000000000 0.0000000000 0.0000000000 0.0000000000 0.0000000000 0.0000000000 0.0000000000 0.0000000000 0.0000000000 0.0000000000 0.0000000000 0.0000000000 0.0000000000 0.0000000000 0.0000000000 0.0000000000 0.0000000000 0.0000000000 0.0000000000 0.0000000000 0.0000000000 0.0000000000 0.0000000000 0.0000000000 0.0000000002 0.0000000090 0.0000003229 0.0000099047 0.0002290287 0.0028304255 0.0123930149 0.0256414529 0.0390374516 0.0520989972 0.0648115067 0.0771875992 0.0892404068 0.1009824313 0.1124255400 0.1235810038 0.1344595336 0.1450713155 0.1554260418 0.1655329410 0.1754008049 0.1850380146 0.1944525636 0.2036520804 0.2126438491 0.2214348281 0.2300316689 0.2384407322 0.2466681038 0.2547196094 0.2626008283 0.2703171062 0.2778735674 0.2852751261 0.2925264970 0.2996322057 0.3065965973 0.3134238462 0.3201179637
0.0000000000 0.0000000000 0.0000000000 0.0000000000 0.0000000000 0.0000000000 0.0000000000 0.0000000000 0.0000000000 0.0000000000 0.0000000000 0.0000000000 0.0000000000 0.0000000000 0.0000000000 0.0000000000 0.0000000000 0.0000000000 0.0000000000 0.0000000000 0.0000000000 0.0000000000 0.0000000000 0.0000000000 0.0000000000 0.0000000000 0.0000000000 0.0000000000 0.0000000000 0.0000000000 0.0000000000 0.0000000000 0.0000000000 0.0000000000 0.0000000000 0.0000000000 0.0000000000 0.0000000000 0.0000000000 0.0000000000 0.0000000000 0.0000000000 0.0000000000 0.0000000000 0.0000000000 0.0000000000 0.0000000000 0.0000000000 0.0000000000 0.0000000000 0.0000000000 0.0000000000 0.0000000000 0.0000000000 0.0000000000 0.0000000000 0.0000000000 0.0000000000 0.0000000000 0.0000000000 0.0000000000 0.0000000000 0.0000000012 0.0000000485 0.0000016757 0.0000471001 0.0008737250 0.0066931780 0.0189307746 0.0325011285 0.0458276202 0.0587979807 0.0714206936 0.0837093233 0.0956769510 0.1073359920 0.1186982297 0.1297748552 0.1405765040 0.1511132901 0.1613948372 0.1714303086 0.1812284341 0.1907975354 0.2001455497 0.2092800514 0.2182082732 0.2269371244 0.2354732094 0.2438228439 0.2519920708 0.2599866746 0.2678121951 0.2754739403 0.2829769983 0.2903262485 0.2975263724 0.3045818634 0.3114970361 0.3182760353 0.3249228439
0.0000000000 0.0000000000 0.0000000000 0.0000000000 0.0000000000 0.0000000000 0.0000000000 0.0000000000 0.0000000000 0.0000000000 0.0000000000 0.0000000000 0.0000000000 0.0000000000 0.0000000000 0.0000000000 0.0000000000 0.0000000000 0.0000000000 0.0000000000 0.0000000000 0.0000000000 0.0000000000 0.0000000000 0.0000000000 0.0000000000 0.0000000000 0.0000000000 0.0000000000 0.0000000000 0.0000000000 0.0000000000 0.0000000000 0.0000000000 0.0000000000 0.0000000000 0.0000000000 0.0000000000 0.0000000000 0.0000000000 0.0000000000 0.0000000000 0.0000000000 0.0000000000 0.0000000000 0.0000000000 0.0000000000 0.0000000000 0.0000000000 0.0000000000 0.0000000000 0.0000000000 0.0000000000 0.0000000000 0.0000000000 0.0000000000 0.0000000000 0.0000000000 0.0000000000 0.0000000000 0.0000000000 0.0000000002 0.0000000069 0.0000002646 0.0000086102 0.0002111628 0.0027544590 0.0124051369 0.0258490519 0.0394311657 0.0526674276 0.0655450268 0.0780772615 0.0902777999 0.1021596371 0.1137350996 0.1250158865 0.1360131087 0.1467373254 0.1571985779 0.1674064212 0.1773699528 0.1870978400 0.1965983447 0.2058793472 0.2149483679 0.2238125872 0.2324788652 0.2409537589 0.2492435386 0.2573542040 0.2652914980 0.2730609209 0.2806677425 0.2881170144 0.2954135812 0.3025620906 0.3095670039 0.3164326049 0.3231630084 0.3297621691
0.0000000000 0.0000000000 0.0000000000 0.0000000000 0.0000000000 0.0000000000 0.0000000000 0.0000000000 0.0000000000 0.0000000000 0.0000000000 0.0000000000 0.0000000000 0.0000000000 0.0000000000 0.0000000000 0.0000000000 0.0000000000 0.0000000000 0.0000000000 0.0000000000 0.0000000000 0.0000000000 0.0000000000 0.0000000000 0.0000000000 0.0000000000 0.0000000000 0.0000000000 0.0000000000 0.0000000000 0.0000000000 0.0000000000 0.0000000000 0.0000000000 0.0000000000 0.0000000000 0.0000000000 0.0000000000 0.0000000000 0.0000000000 0.0000000000 0.0000000000 0.0000000000 0.0000000000 0.0000000000 0.0000000000 0.0000000000 0.0000000000 0.0000000000 0.0000000000 0.0000000000 0.0000000000 0.0000000000 0.0000000000 0.0000000000 0.0000000000 0.0000000000 0.0000000000 0.0000000000 0.0000000000 0.0000000009 0.0000000394 0.0000014449 0.0000430472 0.0008436397 0.0067029316 0.0191409189 0.0329084435 0.0464161363 0.0595571689 0.0723411516 0.0847822431 0.0968940492 0.1086894718 0.1201807481 0.1313794918 0.1422967331 0.1529429545 0.1633281241 0.1734617276 0.1833527962 0.1930099342 0.2024413434 0.2116548468 0.2206579101 0.2294576615 0.2380609112 0.2464741684 0.2547036580 0.2627553360 0.2706349035 0.2783478207 0.2858993193 0.2932944139 0.3005379140 0.3076344336 0.3145884015 0.3214040701 0.3280855246 0.3346366907
0.0000000000 0.0000000000 0.0000000000 0.0000000000 0.0000000000 0.0000000000 0.0000000000 0.0000000000 0.0000000000 0.0000000000 0.0000000000 0.0000000000 0.0000000000 0.0000000000 0.0000000000 0.0000000000 0.0000000000 0.0000000000 0.0000000000 0.0000000000 0.0000000000 0.0000000000 0.0000000000 0.0000000000 0.0000000000 0.0000000000 0.0000000000 0.0000000000 0.0000000000 0.0000000000 0.0000000000 0.0000000000 0.0000000000 0.0000000000 0.0000000000 0.0000000000 0.0000000000 0.0000000000 0.0000000000 0.0000000000 0.0000000000 0.0000000000 0.0000000000 0.0000000000 0.0000000000 0.0000000000 0.0000000000 0.0000000000 0.0000000000 0.0000000000 0.0000000000 0.0000000000 0.0000000000 0.0000000000 0.0000000000 0.0000000000 0.0000000000 0.0000000000 0.0000000000 0.0000000000 0.0000000001 0.0000000056 0.0000002265 0.0000078169 0.0002026608 0.0027601747 0.0126053441 0.0262689150 0.0400406641 0.0534535540 0.0664977939 0.0791874356 0.0915367100 0.1035591288 0.1152674992 0.1266739678 0.1377900629 0.1486267330 0.1591943834 0.1695029087 0.1795617244 0.1893797952 0.1989656618 0.2083274656 0.2174729718 0.2264095908 0.2351443986 0.2436841548 0.2520353207 0.2602040752 0.2681963304 0.2760177453 0.2836737399 0.2911695070 0.2985100246 0.3057000664 0.3127442124 0.3196468588 0.3264122266 0.3330443708 0.3395471882
0.0000000000 0.0000000000 0.0000000000 0.0000000000 0.0000000000 0.0000000000 0.0000000000 0.0000000000 0.0000000000 0.0000000000 0.0000000000 0.0000000000 0.0000000000 0.0000000000 0.0000000000 0.0000000000 0.0000000000 0.0000000000 0.0000000000 0.0000000000 0.0000000000 0.0000000000 0.0000000000 0.0000000000 0.0000000000 0.0000000000 0.0000000000 0.0000000000 0.0000000000 0.0000000000 0.0000000000 0.0000000000 0.0000000000 0.0000000000 0.0000000000 0.0000000000 0.0000000000 0.0000000000 0.0000000000 0.0000000000 0.0000000000 0.0000000000 0.0000000000 0.0000000000 0.0000000000 0.0000000000 0.0000000000 0.0000000000 0.0000000000 0.0000000000 0.0000000000 0.0000000000 0.0000000000 0.0000000000 0.0000000000 0.0000000000 0.0000000000 0.0000000000 0.0000000000 0.0000000000 0.0000000007 0.0000000335 0.0000013045 0.0000411332 0.0008458956 0.0068646825 0.0195668099 0.0335394622 0.0472305314 0.0605438548 0.0734904171 0.0860850051 0.0983417743 0.1102741363 0.1218948023 0.1332158280 0.1442486552 0.1550041507 0.1654926415 0.1757239483 0.1857074160 0.1954519422 0.2049660035 0.2142576804 0.2233346800 0.2322043571 0.2408737347 0.2493495218 0.2576381312 0.2657456958 0.2736780830 0.2814409097 0.2890395552 0.2964791735 0.3037647051 0.3109008882 0.3178922684 0.3247432087 0.3314578989 0.3380403634 0.3444944699
0.0000000000 0.0000000000 0.0000000000 0.0000000000 0.0000000000 0.0000000000 0.0000000000 0.0000000000 0.0000000000 0.0000000000 0.0000000000 0.0000000000 0.0000000000 0.0000000000 0.0000000000 0.0000000000 0.0000000000 0.0000000000 0.0000000000 0.0000000000 0.0000000000 0.0000000000 0.0000000000 0.0000000000 0.0000000000 0.0000000000 0.0000000000 0.0000000000 0.0000000000 0.0000000000 0.0000000000 0.0000000000 0.0000000000 0.0000000000 0.0000000000 0.0000000000 0.0000000000 0.0000000000 0.0000000000 0.0000000000 0.0000000000 0.0000000000 0.0000000000 0.0000000000 0.0000000000 0.0000000000 0.0000000000 0.0000000000 0.0000000000 0.0000000000 0.0000000000 0.0000000000 0.0000000000 0.0000000000 0.0000000000 0.0000000000 0.0000000000 0.0000000000 0.0000000000 0.0000000001 0.0000000047 0.0000002035 0.0000074442 0.0002032969 0.0028555951 0.0130132934 0.0269201594 0.0408846429 0.0544758682 0.0676881060 0.0805362194 0.0930350299 0.1051985903 0.1170402106 0.1285725052 0.1398074382 0.1507563644 0.1614300679 0.1718387972 0.1819922982 0.1918998449 0.2015702672 0.2110119772 0.2202329939 0.2292409658 0.2380431920 0.2466466418 0.2550579733 0.2632835506 0.2713294597 0.2792015237 0.2869053167 0.2944461770 0.3018292194 0.3090593470 0.3161412617 0.3230794747 0.3298783159 0.3365419431 0.3430743501 0.3494793752
0.0000000000 0.0000000000 0.0000000000 0.0000000000 0.0000000000 0.0000000000 0.0000000000 0.0000000000 0.0000000000 0.0000000000 0.0000000000 0.0000000000 0.0000000000 0.0000000000 0.0000000000 0.0000000000 0.0000000000 0.0000000000 0.0000000000 0.0000000000 0.0000000000 0.0000000000 0.0000000000 0.0000000000 0.0000000000 0.0000000000 0.0000000000 0.0000000000 0.0000000000 0.0000000000 0.0000000000 0.0000000000 0.0000000000 0.0000000000 0.0000000000 0.0000000000 0.0000000000 0.0000000000 0.0000000000 0.0000000000 0.0000000000 0.0000000000 0.0000000000 0.0000000000 0.0000000000 0.0000000000 0.0000000000 0.0000000000 0.0000000000 0.0000000000 0.0000000000 0.0000000000 0.0000000000 0.0000000000 0.0000000000 0.0000000000 0.0000000000 0.0000000000 0.0000000000 0.0000000006 0.0000000299 0.0000012388 0.0000412763 0.0008838217 0.0071983450 0.0202293571 0.0344139401 0.0482902743 0.0617772952 0.0748875324 0.0876364320 0.1000387252 0.1121083571 0.1238585350 0.1353017758 0.1464499512 0.1573143285 0.1679056083 0.1782339601 0.1883090546 0.1981400940 0.2077358400 0.2171046399 0.2262544509 0.2351928621 0.2439271164 0.2524641293 0.2608105075 0.2689725658 0.2769563435 0.2847676184 0.2924119218 0.2998945506 0.3072205802 0.3143948759 0.3214221032 0.3283067384 0.3350530782 0.3416652480 0.3481472109 0.3545027756
0.0000000000 0.0000000000 0.0000000000 0.0000000000 0.0000000000 0.0000000000 0.0000000000 0.0000000000 0.0000000000 0.0000000000 0.0000000000 0.0000000000 0.0000000000 0.0000000000 0.0000000000 0.0000000000 0.0000000000 0.0000000000 0.0000000000 0.0000000000 0.0000000000 0.0000000000 0.0000000000 0.0000000000 0.0000000000 0.0000000000 0.0000000000 0.0000000000 0.0000000000 0.0000000000 0.0000000000 0.0000000000 0.0000000000 0.0000000000 0.0000000000 0.0000000000 0.0000000000 0.0000000000 0.0000000000 0.0000000000 0.0000000000 0.0000000000 0.0000000000 0.0000000000 0.0000000000 0.0000000000 0.0000000000 0.0000000000 0.0000000000 0.0000000000 0.0000000000 0.0000000000 0.0000000000 0.0000000000 0.0000000000 0.0000000000 0.0000000000 0.0000000000 0.0000000001 0.0000000042 0.0000001927 0.0000074721 0.0002140486 0.0030563486 0.0136532163 0.0278239243 0.0419836282 0.0557546523 0.0691360140 0.0821434284 0.0947923352 0.1070973540 0.1190723207 0.1307303388 0.1420838274 0.1531445648 0.1639237299 0.1744319396 0.1846792834 0.1946753563 0.2044292884 0.2139497725 0.2232450905 0.2323231371 0.2411914421 0.2498571914 0.2583272462 0.2666081616 0.2747062029 0.2826273617 0.2903773708 0.2979617179 0.3053856585 0.3126542282 0.3197722540 0.3267443649 0.3335750022 0.3402684287 0.3468287375 0.3532598608 0.3595655771
0.0000000000 0.0000000000 0.0000000000 0.0000000000 0.0000000000 0.0000000000 0.0000000000 0.0000000000 0.0000000000 0.0000000000 0.0000000000 0.0000000000 0.0000000000 0.0000000000 0.0000000000 0.0000000000 0.0000000000 0.0000000000 0.0000000000 0.0000000000 0.0000000000 0.0000000000 0.0000000000 0.0000000000 0.0000000000 0.0000000000 0.0000000000 0.0000000000 0.0000000000 0.0000000000 0.0000000000 0.0000000000 0.0000000000 0.0000000000 0.0000000000 0.0000000000 0.0000000000 0.0000000000 0.0000000000 0.0000000000 0.0000000000 0.0000000000 0.0000000000 0.0000000000 0.0000000000 0.0000000000 0.0000000000 0.0000000000 0.0000000000 0.0000000000 0.0000000000 0.0000000000 0.0000000000 0.0000000000 0.0000000000 0.0000000000 0.0000000000 0.0000000000 0.0000000006 0.0000000283 0.0000012437 0.0000437032 0.0009653082 0.0077321484 0.0211521480 0.0355536025 0.0496167457 0.0632786198 0.0765533745 0.0894571431 0.1020052602 0.1142122295 0.1260917766 0.1376569007 0.1489199217 0.1598925244 0.1705857984 0.1810102760 0.1911759664 0.2010923880 0.2107685982 0.2202132207 0.2294344713 0.2384401817 0.2472378218 0.2558345202 0.2642370835 0.2724520144 0.2804855284 0.2883435694 0.2960318245 0.3035557376 0.3109205223 0.3181311742 0.3251924818 0.3321090371 0.3388852462 0.3455253377 0.3520333723 0.3584132508 0.3646687216
0.0000000000 0.0000000000 0.0000000000 0.0000000000 0.0000000000 0.0000000000 0.0000000000 0.0000000000 0.0000000000 0.0000000000 0.0000000000 0.0000000000 0.0000000000 0.0000000000 0.0000000000 0.0000000000 0.0000000000 0.0000000000 0.0000000000 0.0000000000 0.0000000000 0.0000000000 0.0000000000 0.0000000000 0.0000000000 0.0000000000 0.0000000000 0.0000000000 0.0000000000 0.0000000000 0.0000000000 0.0000000000 0.0000000000 0.0000000000 0.0000000000 0.0000000000 0.0000000000 0.0000000000 0.0000000000 0.0000000000 0.0000000000 0.0000000000 0.0000000000 0.0000000000 0.0000000000 0.0000000000 0.0000000000 0.0000000000 0.0000000000 0.0000000000 0.0000000000 0.0000000000 0.0000000000 0.0000000000 0.0000000000 0.0000000000 0.0000000000 0.0000000001 0.0000000039 0.0000001935 0.0000079458 0.0002375330 0.0033882074 0.0145540473 0.0290035226 0.0433601912 0.0573121908 0.0708635303 0.0840307981 0.0968300811 0.1092765923 0.1213847181 0.1331680730 0.1446395508 0.1558113718 0.1666951260 0.1773018134 0.1876418809 0.1977252566 0.2075613820 0.2171592411 0.2265273876 0.2356739710 0.2446067595 0.2533331624 0.2618602507 0.2701947760 0.2783431882 0.2863116524 0.2941060645 0.3017320655 0.3091950552 0.3165002051 0.3236524702 0.3306566002 0.3375171501 0.3442384902 0.3508248149 0.3572801520 0.3636083707 0.3698131891
0.0000000000 0.0000000000 0.0000000000 0.0000000000 0.0000000000 0.0000000000 0.0000000000 0.0000000000 0.0000000000 0.0000000000 0.0000000000 0.0000000000 0.0000000000 0.0000000000 0.0000000000 0.0000000000 0.0000000000 0.0000000000 0.0000000000 0.0000000000 0.0000000000 0.0000000000 0.0000000000 0.0000000000 0.0000000000 0.0000000000 0.0000000000 0.0000000000 0.0000000000 0.0000000000 0.0000000000 0.0000000000 0.0000000000 0.0000000000 0.0000000000 0.0000000000 0.0000000000 0.0000000000 0.0000000000 0.0000000000 0.0000000000 0.0000000000 0.0000000000 0.0000000000 0.0000000000 0.0000000000 0.0000000000 0.0000000000 0.0000000000 0.0000000000 0.0000000000 0.0000000000 0.0000000000 0.0000000000 0.0000000000 0.0000000000 0.0000000000 0.0000000005 0.0000000284 0.0000013274 0.0000490660 0.0011049357 0.0085036657 0.0223614229 0.0369823605 0.0512334694 0.0650710568 0.0785108736 0.0915697674 0.1042637048 0.1166077739 0.1286162426 0.1403026135 0.1516796742 0.1627595445 0.1735537190 0.1840731070 0.1943280696 0.2043284532 0.2140836215 0.2236024845 0.2328935256 0.2419648272 0.2508240935 0.2594786730 0.2679355783 0.2762015055 0.2842828514 0.2921857305 0.2999159899 0.3074792244 0.3148807893 0.3221258134 0.3292192112 0.3361656930 0.3429697766 0.3496357960 0.3561679114 0.3625701173 0.3688462509 0.3750000000
0.0000000000 0.0000000000 0.0000000000 0.0000000000 0.0000000000 0.0000000000 0.0000000000 0.0000000000 0.0000000000 0.0000000000 0.0000000000 0.0000000000 0.0000000000 0.0000000000 0.0000000000 0.0000000000 0.0000000000 0.0000000000 0.0000000000 0.0000000000 0.0000000000 0.0000000000 0.0000000000 0.0000000000 0.0000000000 0.0000000000 0.0000000000 0.0000000000 0.0000000000 0.0000000000 0.0000000000 0.0000000000 0.0000000000 0.0000000000 0.0000000000 0.0000000000 0.0000000000 0.0000000000 0.0000000000 0.0000000000 0.0000000000 0.0000000000 0.0000000000 0.0000000000 0.0000000000 0.0000000000 0.0000000000 0.0000000000 0.0000000000 0.0000000000 0.0000000000 0.0000000000 0.0000000000 0.0000000000 0.0000000000 0.0000000000 0.0000000001 0.0000000040 0.0000002073 0.0000090015 0.0002789392 0.0038903740 0.0157490199 0.0304846008 0.0450391947 0.0591730154 0.0728948656 0.0862222152 0.0991718277 0.1117595378 0.1240003074 0.1359082851 0.1474968603 0.1587787139 0.1697658640 0.1804697091 0.1909010672 0.2010702127 0.2109869096 0.2206604432 0.2300996490 0.2393129395 0.2483083293 0.2570934582 0.2656756131 0.2740617481 0.2822585032 0.2902722216 0.2981089666 0.3057745365 0.3132744792 0.3206141052 0.3277985005 0.3348325382 0.3417208895 0.3484680341 0.3550782700 0.3615557224 0.3679043523 0.3741279651 0.3802302175
0.0000000000 0.0000000000 0.0000000000 0.0000000000 0.0000000000 0.0000000000 0.0000000000 0.0000000000 0.0000000000 0.0000000000 0.0000000000 0.0000000000 0.0000000000 0.0000000000 0.0000000000 0.0000000000 0.0000000000 0.0000000000 0.0000000000 0.0000000000 0.0000000000 0.0000000000 0.0000000000 0.0000000000 0.0000000000 0.0000000000 0.0000000000 0.0000000000 0.0000000000 0.0000000000 0.0000000000 0.0000000000 0.0000000000 0.0000000000 0.0000000000 0.0000000000 0.0000000000 0.0000000000 0.0000000000 0.0000000000 0.0000000000 0.0000000000 0.0000000000 0.0000000000 0.0000000000 0.0000000000 0.0000000000 0.0000000000 0.0000000000 0.0000000000 0.0000000000 0.0000000000 0.0000000000 0.0000000000 0.0000000000 0.0000000000 0.0000000005 0.0000000305 0.0000015153 0.0000587128 0.0013276331 0.0095599012 0.0238859510 0.0387265640 0.0531663774 0.0671801908 0.0807852653 0.0939991889 0.1068385899 0.1193191685 0.1314557595 0.1432623909 0.1547523382 0.1659381742 0.1768318149 0.1874445618 0.1977871408 0.2078697388 0.2177020367 0.2272932409 0.2366521116 0.2457869897 0.2547058215 0.2634161820 0.2719252960 0.2802400584 0.2883670525 0.2963125678 0.3040826159 0.3116829458 0.3191190580 0.3263962180 0.3335194684 0.3404936408 0.3473233668 0.3540130879 0.3605670654 0.3669893895 0.3732839876 0.3794546325 0.3855049498
0.0000000000 0.0000000000 0.0000000000 0.0000000000 0.0000000000 0.0000000000 0.0000000000 0.0000000000 0.0000000000 0.0000000000 0.0000000000 0.0000000000 0.0000000000 0.0000000000 0.0000000000 0.0000000000 0.0000000000 0.0000000000 0.0000000000 0.0000000000 0.0000000000 0.0000000000 0.0000000000 0.0000000000 0.0000000000 0.0000000000 0.0000000000 0.0000000000 0.0000000000 0.0000000000 0.0000000000 0.0000000000 0.0000000000 0.0000000000 0.0000000000 0.0000000000 0.0000000000 0.0000000000 0.0000000000 0.0000000000 0.0000000000 0.0000000000 0.0000000000 0.0000000000 0.0000000000 0.0000000000 0.0000000000 0.0000000000 0.0000000000 0.0000000000 0.0000000000 0.0000000000 0.0000000000 0.0000000000 0.0000000000 0.0000000001 0.0000000043 0.0000002383 0.0000109288 0.0003478825 0.0046191296 0.0172747086 0.0322953379 0.0470480804 0.0613641866 0.0752567037 0.0887439842 0.1018434994 0.1145717347 0.1269442543 0.1389757646 0.1506801721 0.1620706375 0.1731596246 0.1839589463 0.1944798062 0.2047328374 0.2147281385 0.2244753067 0.2339834687 0.2432613086 0.2523170954 0.2611587064 0.2697936511 0.2782290918 0.2864718635 0.2945284927 0.3024052144 0.3101079881 0.3176425130 0.3250142420 0.3322283951 0.3392899712 0.3462037601 0.3529743531 0.3596061534 0.3661033855 0.3724701040 0.3787102024 0.3848274208 0.3908253534
0.0000000000 0.0000000000 0.0000000000 0.0000000000 0.0000000000 0.0000000000 0.0000000000 0.0000000000 0.0000000000 0.0000000000 0.0000000000 0.0000000000 0.0000000000 0.0000000000 0.0000000000 0.0000000000 0.0000000000 0.0000000000 0.0000000000 0.0000000000 0.0000000000 0.0000000000 0.0000000000 0.0000000000 0.0000000000 0.0000000000 0.0000000000 0.0000000000 0.0000000000 0.0000000000 0.0000000000 0.0000000000 0.0000000000 0.0000000000 0.0000000000 0.0000000000 0.0000000000 0.0000000000 0.0000000000 0.0000000000 0.0000000000 0.0000000000 0.0000000000 0.0000000000 0.0000000000 0.0000000000 0.0000000000 0.0000000000 0.0000000000 0.0000000000 0.0000000000 0.0000000000 0.0000000000 0.0000000000 0.0000000000 0.0000000006 0.0000000353 0.0000018625 0.0000752702 0.0016746350 0.0109557509 0.0257569187 0.0408153040 0.0554441169 0.0696342619 0.0834043804 0.0967728281 0.1097569268 0.1223730168 0.1346365254 0.1465620291 0.1581633121 0.1694534189 0.1804447039 0.1911488755 0.2015770388 0.2117397331 0.2216469682 0.2313082566 0.2407326445 0.2499287398 0.2589047384 0.2676684482 0.2762273126 0.2845884308 0.2927585775 0.3007442219 0.3085515437 0.3161864503 0.3236545904 0.3309613691 0.3381119601 0.3451113184 0.3519641917 0.3586751307 0.3652484999 0.3716884866 0.3779991095 0.3841842280 0.3902475492 0.3961926356
0.0000000000 0.0000000000 0.0000000000 0.0000000000 0.0000000000 0.0000000000 0.0000000000 0.0000000000 0.0000000000 0.0000000000 0.0000000000 0.0000000000 0.0000000000 0.0000000000 0.0000000000 0.0000000000 0.0000000000 0.0000000000 0.0000000000 0.0000000000 0.0000000000 0.0000000000 0.0000000000 0.0000000000 0.0000000000 0.0000000000 0.0000000000 0.0000000000 0.0000000000 0.0000000000 0.0000000000 0.0000000000 0.0000000000 0.0000000000 0.0000000000 0.0000000000 0.0000000000 0.0000000000 0.0000000000 0.0000000000 0.0000000000 0.0000000000 0.0000000000 0.0000000000 0.0000000000 0.0000000000 0.0000000000 0.0000000000 0.0000000000 0.0000000000 0.0000000000 0.0000000000 0.0000000000 0.0000000000 0.0000000001 0.0000000050 0.0000002961 0.0000143104 0.0004620302 0.0056505519 0.0191697313 0.0344667245 0.0494172038 0.0639156191 0.0779785173 0.0916251350 0.1048736838 0.1177413309 0.1302442698 0.1423977895 0.1542163359 0.1657135694 0.1769024177 0.1877951241 0.1984032922 0.2087379275 0.2188094747 0.2286278539 0.2382024922 0.2475423548 0.2566559722 0.2655514669 0.2742365769 0.2827186786 0.2910048076 0.2991016781 0.3070157008 0.3147530005 0.3223194311 0.3297205910 0.3369618367 0.3440482956 0.3509848781 0.3577762894 0.3644270395 0.3709414535 0.3773236812 0.3835777055 0.3897073510 0.3957162915 0.4016080577
0.0000000000 0.0000000000 0.0000000000 0.0000000000 0.0000000000 0.0000000000 0.0000000000 0.0000000000 0.0000000000 0.0000000000 0.0000000000 0.0000000000 0.0000000000 0.0000000000 0.0000000000 0.0000000000 0.0000000000 0.0000000000 0.0000000000 0.0000000000 0.0000000000 0.0000000000 0.0000000000 0.0000000000 0.0000000000 0.0000000000 0.0000000000 0.0000000000 0.0000000000 0.0000000000 0.0000000000 0.0000000000 0.0000000000 0.0000000000 0.0000000000 0.0000000000 0.0000000000 0.0000000000 0.0000000000 0.0000000000 0.0000000000 0.0000000000 0.0000000000 0.0000000000 0.0000000000 0.0000000000 0.0000000000 0.0000000000 0.0000000000 0.0000000000 0.0000000000 0.0000000000 0.0000000000 0.0000000000 0.0000000007 0.0000000444 0.0000024825 0.0001038997 0.0022123995 0.0127503862 0.0280079752 0.0432807775 0.0580984064 0.0724645114 0.0863989811 0.0999209696 0.1130485246 0.1257986564 0.1381874109 0.1502299373 0.1619405494 0.1733327832 0.1844194480 0.1952126756 0.2057239635 0.2159642165 0.2259437842 0.2356724959 0.2451596928 0.2544142581 0.2634446444 0.2722588999 0.2808646922 0.2892693302 0.2974797852 0.3055027101 0.3133444571 0.3210110950 0.3285084244 0.3358419924 0.3430171066 0.3500388476 0.3569120810 0.3636414690 0.3702314803 0.3766864008 0.3830103421 0.3892072508 0.3952809166 0.4012349798 0.4070729387
0.0000000000 0.0000000000 0.0000000000 0.0000000000 0.0000000000 0.0000000000 0.0000000000 0.0000000000 0.0000000000 0.0000000000 0.0000000000 0.0000000000 0.0000000000 0.0000000000 0.0000000000 0.0000000000 0.0000000000 0.0000000000 0.0000000000 0.0000000000 0.0000000000 0.0000000000 0.0000000000 0.0000000000 0.0000000000 0.0000000000 0.0000000000 0.0000000000 0.0000000000 0.0000000000 0.0000000000 0.0000000000 0.0000000000 0.0000000000 0.0000000000 0.0000000000 0.0000000000 0.0000000000 0.0000000000 0.0000000000 0.0000000000 0.0000000000 0.0000000000 0.0000000000 0.0000000000 0.0000000000 0.0000000000 0.0000000000 0.0000000000 0.0000000000 0.0000000000 0.0000000000 0.0000000000 0.0000000001 0.0000000063 0.0000004011 0.0000203434 0.0006541289 0.0070796495 0.0214735965 0.0370329514 0.0521802255 0.0668604607 0.0810929358 0.0948977799 0.1082939798 0.1212994154 0.1339309387 0.1462044465 0.1581349469 0.1697366207 0.1810228779 0.1920064088 0.2026992320 0.2131127383 0.2232577311 0.2331444637 0.2427826738 0.2521816158 0.2613500901 0.2702964710 0.2790287317 0.2875544684 0.2958809220 0.3040149990 0.3119632904 0.3197320894 0.3273274082 0.3347549934 0.3420203407 0.3491287082 0.3560851293 0.3628944243 0.3695612119 0.3760899195 0.3824847928 0.3887499055 0.3948891673 0.4009063327 0.4068050080 0.4125886592
0.0000000000 0.0000000000 0.0000000000 0.0000000000 0.0000000000 0.0000000000 0.0000000000 0.0000000000 0.0000000000 0.0000000000 0.0000000000 0.0000000000 0.0000000000 0.0000000000 0.0000000000 0.0000000000 0.0000000000 0.0000000000 0.0000000000 0.0000000000 0.0000000000 0.0000000000 0.0000000000 0.0000000000 0.0000000000 0.0000000000 0.0000000000 0.0000000000 0.0000000000 0.0000000000 0.0000000000 0.0000000000 0.0000000000 0.0000000000 0.0000000000 0.0000000000 0.0000000000 0.0000000000 0.0000000000 0.0000000000 0.0000000000 0.0000000000 0.0000000000 0.0000000000 0.0000000000 0.0000000000 0.0000000000 0.0000000000 0.0000000000 0.0000000000 0.0000000000 0.0000000000 0.0000000000 0.0000000009 0.0000000611 0.0000036165 0.0001550780 0.0030438627 0.0150020326 0.0306755685 0.0461587241 0.0611644510 0.0757055837 0.0898031519 0.1034771415 0.1167463603 0.1296285188 0.1421403094 0.1542974780 0.1661148905 0.1776065934 0.1887858694 0.1996652886 0.2102567558 0.2205715537 0.2306203833 0.2404134006 0.2499602512 0.2592701016 0.2683516691 0.2772132483 0.2858627368 0.2943076590 0.3025551871 0.3106121621 0.3184851126 0.3261802720 0.3337035956 0.3410607756 0.3482572555 0.3552982436 0.3621887255 0.3689334760 0.3755370699 0.3820038926 0.3883381496 0.3945438760 0.4006249445 0.4065850738 0.4124278362 0.4181566648
0.0000000000 0.0000000000 0.0000000000 0.0000000000 0.0000000000 0.0000000000 0.0000000000 0.0000000000 0.0000000000 0.0000000000 0.0000000000 0.0000000000 0.0000000000 0.0000000000 0.0000000000 0.0000000000 0.0000000000 0.0000000000 0.0000000000 0.0000000000 0.0000000000 0.0000000000 0.0000000000 0.0000000000 0.0000000000 0.0000000000 0.0000000000 0.0000000000 0.0000000000 0.0000000000 0.0000000000 0.0000000000 0.0000000000 0.0000000000 0.0000000000 0.0000000000 0.0000000000 0.0000000000 0.0000000000 0.0000000000 0.0000000000 0.0000000000 0.0000000000 0.0000000000 0.0000000000 0.0000000000 0.0000000000 0.0000000000 0.0000000000 0.0000000000 0.0000000000 0.0000000000 0.0000000001 0.0000000088 0.0000005974 0.0000316041 0.0009852261 0.0090124389 0.0242263222 0.0400319218 0.0553745690 0.0702355333 0.0846361738 0.0985975306 0.1121394013 0.1252804120 0.1380381023 0.1504290032 0.1624687085 0.1741719404 0.1855526098 0.1966238709 0.2073981725 0.2178873043 0.2281024399 0.2380541771 0.2477525737 0.2572071820 0.2664270801 0.2754209009 0.2841968589 0.2927627756 0.3011261024 0.3092939424 0.3172730704 0.3250699519 0.3326907602 0.3401413930 0.3474274875 0.3545544345 0.3615273922 0.3683512978 0.3750308801 0.3815706696 0.3879750095 0.3942480646 0.4003938308 0.4064161436 0.4123186858 0.4181049951 0.4237784714
0.0000000000 0.0000000000 0.0000000000 0.0000000000 0.0000000000 0.0000000000 0.0000000000 0.0000000000 0.0000000000 0.0000000000 0.0000000000 0.0000000000 0.0000000000 0.0000000000 0.0000000000 0.0000000000 0.0000000000 0.0000000000 0.0000000000 0.0000000000 0.0000000000 0.0000000000 0.0000000000 0.0000000000 0.0000000000 0.0000000000 0.0000000000 0.0000000000 0.0000000000 0.0000000000 0.0000000000 0.0000000000 0.0000000000 0.0000000000 0.0000000000 0.0000000000 0.0000000000 0.0000000000 0.0000000000 0.0000000000 0.0000000000 0.0000000000 0.0000000000 0.0000000000 0.0000000000 0.0000000000 0.0000000000 0.0000000000 0.0000000000 0.0000000000 0.0000000000 0.0000000000 0.0000000012 0.0000000929 0.0000058058 0.0002509196 0.0043172828 0.0177630868 0.0337996186 0.0494889410 0.0646814274 0.0793959973 0.0936547566 0.1074785597 0.1208870097 0.1338985492 0.1465305449 0.1587993649 0.1707204495 0.1823083759 0.1935769177 0.2045390997 0.2152072480 0.2255930360 0.2357075275 0.2455612156 0.2551640591 0.2645255163 0.2736545758 0.2825597853 0.2912492786 0.2997308000 0.3080117274 0.3160990941 0.3239996081 0.3317196712 0.3392653958 0.3466426215 0.3538569301 0.3609136592 0.3678179161 0.3745745895 0.3811883615 0.3876637180 0.3940049594 0.4002162095 0.4063014248 0.4122644031 0.4181087907 0.4238380906 0.4294556693
0.0000000000 0.0000000000 0.0000000000 0.0000000000 0.0000000000 0.0000000000 0.0000000000 0.0000000000 0.0000000000 0.0000000000 0.0000000000 0.0000000000 0.0000000000 0.0000000000 0.0000000000 0.0000000000 0.0000000000 0.0000000000 0.0000000000 0.0000000000 0.0000000000 0.0000000000 0.0000000000 0.0000000000 0.0000000000 0.0000000000 0.0000000000 0.0000000000 0.0000000000 0.0000000000 0.0000000000 0.0000000000 0.0000000000 0.0000000000 0.0000000000 0.0000000000 0.0000000000 0.0000000000 0.0000000000 0.0000000000 0.0000000000 0.0000000000 0.0000000000 0.0000000000 0.0000000000 0.0000000000 0.0000000000 0.0000000000 0.0000000000 0.0000000000 0.0000000000 0.0000000002 0.0000000137 0.0000009876 0.0000539802 0.0015675293 0.0115496727 0.0274692557 0.0435058765 0.0590419571 0.0740818505 0.0886485336 0.1027639852 0.1164488521 0.1297225403 0.1426033073 0.1551083451 0.1672538572 0.1790551289 0.1905265907 0.2016818780 0.2125338845 0.2230948125 0.2333762181 0.2433890538 0.2531437073 0.2626500374 0.2719174073 0.2809547151 0.2897704227 0.2983725822 0.3067688600 0.3149665599 0.3229726445 0.3307937544 0.3384362269 0.3459061131 0.3532091940 0.3603509951 0.3673368005 0.3741716661 0.3808604315 0.3874077318 0.3938180077 0.4000955164 0.4062443403 0.4122683961 0.4181714434 0.4239570920 0.4296288096 0.4351899287
0.0000000000 0.0000000000 0.0000000000 0.0000000000 0.0000000000 0.0000000000 0.0000000000 0.0000000000 0.0000000000 0.0000000000 0.0000000000 0.0000000000 0.0000000000 0.0000000000 0.0000000000 0.0000000000 0.0000000000 0.0000000000 0.0000000000 0.0000000000 0.0000000000 0.0000000000 0.0000000000 0.0000000000 0.0000000000 0.0000000000 0.0000000000 0.0000000000 0.0000000000 0.0000000000 0.0000000000 0.0000000000 0.0000000000 0.0000000000 0.0000000000 0.0000000000 0.0000000000 0.0000000000 0.0000000000 0.0000000000 0.0000000000 0.0000000000 0.0000000000 0.0000000000 0.0000000000 0.0000000000 0.0000000000 0.0000000000 0.0000000000 0.0000000000 0.0000000000 0.0000000019 0.0000001579 0.0000103581 0.0004396798 0.0062204262 0.0210784260 0.0374244598 0.0533158868 0.0686930548 0.0835786978 0.0979959752 0.1119666491 0.1255111547 0.1386486990 0.1513973520 0.1637741296 0.1757950691 0.1874752989 0.1988291016 0.2098699726 0.2206106736 0.2310632815 0.2412392340 0.2511493712 0.2608039744 0.2702128011 0.2793851184 0.2883297335 0.2970550212 0.3055689511 0.3138791109 0.3219927297 0.3299166984 0.3376575896 0.3452216757 0.3526149457 0.3598431212 0.3669116711 0.3738258254 0.3805905880 0.3872107488 0.3936908955 0.4000354233 0.4062485455 0.4123343029 0.4182965719 0.4241390735 0.4298653805 0.4354789251 0.4409830056
0.0000000000 0.0000000000 0.0000000000 0.0000000000 0.0000000000 0.0000000000 0.0000000000 0.0000000000 0.0000000000 0.0000000000 0.0000000000 0.0000000000 0.0000000000 0.0000000000 0.0000000000 0.0000000000 0.0000000000 0.0000000000 0.0000000000 0.0000000000 0.0000000000 0.0000000000 0.0000000000 0.0000000000 0.0000000000 0.0000000000 0.0000000000 0.0000000000 0.0000000000 0.0000000000 0.0000000000 0.0000000000 0.0000000000 0.0000000000 0.0000000000 0.0000000000 0.0000000000 0.0000000000 0.0000000000 0.0000000000 0.0000000000 0.0000000000 0.0000000000 0.0000000000 0.0000000000 0.0000000000 0.0000000000 0.0000000000 0.0000000000 0.0000000000 0.0000000003 0.0000000239 0.0000018307 0.0001018070 0.0025960551 0.0147679981 0.0312469932 0.0475021182 0.0632290433 0.0784452279 0.0931749968 0.1074413038 0.1212656839 0.1346683583 0.1476683329 0.1602834885 0.1725306627 0.1844257251 0.1959836454 0.2072185568 0.2181438135 0.2287720433 0.2391151967 0.2491845918 0.2589909552 0.2685444602 0.2778547624 0.2869310319 0.2957819835 0.3044159045 0.3128406808 0.3210638208 0.3290924779 0.3369334708 0.3445933033 0.3520781822 0.3593940336 0.3665465194 0.3735410510 0.3803828037 0.3870767291 0.3936275670 0.4000398569 0.4063179480 0.4124660096 0.4184880400 0.4243878752 0.4301691970 0.4358355411 0.4413903035 0.4468367480
0.0000000000 0.0000000000 0.0000000000 0.0000000000 0.0000000000 0.0000000000 0.0000000000 0.0000000000 0.0000000000 0.0000000000 0.0000000000 0.0000000000 0.0000000000 0.0000000000 0.0000000000 0.0000000000 0.0000000000 0.0000000000 0.0000000000 0.0000000000 0.0000000000 0.0000000000 0.0000000000 0.0000000000 0.0000000000 0.0000000000 0.0000000000 0.0000000000 0.0000000000 0.0000000000 0.0000000000 0.0000000000 0.0000000000 0.0000000000 0.0000000000 0.0000000000 0.0000000000 0.0000000000 0.0000000000 0.0000000000 0.0000000000 0.0000000000 0.0000000000 0.0000000000 0.0000000000 0.0000000000 0.0000000000 0.0000000000 0.0000000000 0.0000000000 0.0000000035 0.0000003034 0.0000207031 0.0008279038 0.0089445064 0.0249886319 0.0415999145 0.0576893860 0.0732482689 0.0883017120 0.1028739388 0.1169876606 0.1306641821 0.1439235082 0.1567844417 0.1692646719 0.1813808566 0.1931486954 0.2045829980 0.2156977465 0.2265061521 0.2370207078 0.2472532361 0.2572149340 0.2669164135 0.2763677390 0.2855784630 0.2945576573 0.3033139435 0.3118555205 0.3201901896 0.3283253791 0.3362681657 0.3440252953 0.3516032022 0.3590080265 0.3662456313 0.3733216177 0.3802413393 0.3870099162 0.3936322467 0.4001130202 0.4064567274 0.4126676712 0.4187499763 0.4247075980 0.4305443316 0.4362638194 0.4418695590 0.4473649105 0.4527531026
0.0000000000 0.0000000000 0.0000000000 0.0000000000 0.0000000000 0.0000000000 0.0000000000 0.0000000000 0.0000000000 0.0000000000 0.0000000000 0.0000000000 0.0000000000 0.0000000000 0.0000000000 0.0000000000 0.0000000000 0.0000000000 0.0000000000 0.0000000000 0.0000000000 0.0000000000 0.0000000000 0.0000000000 0.0000000000 0.0000000000 0.0000000000 0.0000000000 0.0000000000 0.0000000000 0.0000000000 0.0000000000 0.0000000000 0.0000000000 0.0000000000 0.0000000000 0.0000000000 0.0000000000 0.0000000000 0.0000000000 0.0000000000 0.0000000000 0.0000000000 0.0000000000 0.0000000000 0.0000000000 0.0000000000 0.0000000000 0.0000000000 0.0000000005 0.0000000476 0.0000038463 0.0002120717 0.0043683470 0.0187116198 0.0356097710 0.0520738289 0.0679881588 0.0833770070 0.0982659269 0.1126788896 0.1266383584 0.1401654053 0.1532798164 0.1660001890 0.1783440192 0.1903277826 0.2019670072 0.2132763410 0.2242696132 0.2349598906 0.2453595296 0.2554802237 0.2653330473 0.2749284965 0.2842765258 0.2933865831 0.3022676412 0.3109282274 0.3193764510 0.3276200281 0.3356663058 0.3435222834 0.3511946331 0.3586897188 0.3660136136 0.3731721165 0.3801707674 0.3870148614 0.3937094625 0.4002594157 0.4066693589 0.4129437339 0.4190867965 0.4251026263 0.4309951355 0.4367680777 0.4424250555 0.4479695284 0.4534048196 0.4587341226
0.0000000000 0.0000000000 0.0000000000 0.0000000000 0.0000000000 0.0000000000 0.0000000000 0.0000000000 0.0000000000 0.0000000000 0.0000000000 0.0000000000 0.0000000000 0.0000000000 0.0000000000 0.0000000000 0.0000000000 0.0000000000 0.0000000000 0.0000000000 0.0000000000 0.0000000000 0.0000000000 0.0000000000 0.0000000000 0.0000000000 0.0000000000 0.0000000000 0.0000000000 0.0000000000 0.0000000000 0.0000000000 0.0000000000 0.0000000000 0.0000000000 0.0000000000 0.0000000000 0.0000000000 0.0000000000 0.0000000000 0.0000000000 0.0000000000 0.0000000000 0.0000000000 0.0000000000 0.0000000000 0.0000000000 0.0000000000 0.0000000001 0.0000000071 0.0000006675 0.0000466473 0.0016425572 0.0126227624 0.0295368338 0.0463823830 0.0626654609 0.0784020248 0.0936189261 0.1083414842 0.1225934031 0.1363968953 0.1497727973 0.1627406741 0.1753189151 0.1875248211 0.1993746835 0.2108838568 0.2220668254 0.2329372639 0.2435080931 0.2537915314 0.2637991415 0.2735418743 0.2830301084 0.2922736871 0.3012819529 0.3100637781 0.3186275950 0.3269814221 0.3351328893 0.3430892616 0.3508574601 0.3584440826 0.3658554217 0.3730974827 0.3801759999 0.3870964511 0.3938640724 0.4004838711 0.4069606381 0.4132989596 0.4195032276 0.4255776505 0.4315262622 0.4373529313 0.4430613693 0.4486551387 0.4541376603 0.4595122200 0.4647819759
0.0000000000 0.0000000000 0.0000000000 0.0000000000 0.0000000000 0.0000000000 0.0000000000 0.0000000000 0.0000000000 0.0000000000 0.0000000000 0.0000000000 0.0000000000 0.0000000000 0.0000000000 0.0000000000 0.0000000000 0.0000000000 0.0000000000 0.0000000000 0.0000000000 0.0000000000 0.0000000000 0.0000000000 0.0000000000 0.0000000000 0.0000000000 0.0000000000 0.0000000000 0.0000000000 0.0000000000 0.0000000000 0.0000000000 0.0000000000 0.0000000000 0.0000000000 0.0000000000 0.0000000000 0.0000000000 0.0000000000 0.0000000000 0.0000000000 0.0000000000 0.0000000000 0.0000000000 0.0000000000 0.0000000000 0.0000000000 0.0000000010 0.0000001096 0.0000092536 0.0004837273 0.0072355751 0.0234036133 0.0406156017 0.0572810033 0.0733782037 0.0889349190 0.1039779072 0.1185322019 0.1326212364 0.1462669693 0.1594899987 0.1723096663 0.1847441513 0.1968105567 0.2085249876 0.2199026232 0.2309577823 0.2417039831 0.2521539989 0.2623199083 0.2722131420 0.2818445256 0.2912243191 0.3003622535 0.3092675642 0.3179490225 0.3264149640 0.3346733156 0.3427316201 0.3505970595 0.3582764757 0.3657763910 0.3731030263 0.3802623182 0.3872599354 0.3941012931 0.4007915676 0.4073357090 0.4137384534 0.4200043346 0.4261376944 0.4321426930 0.4380233183 0.4437833947 0.4494265913 0.4549564298 0.4603762919 0.4656894261 0.4708989542
0.0000000000 0.0000000000 0.0000000000 0.0000000000 0.0000000000 0.0000000000 0.0000000000 0.0000000000 0.0000000000 0.0000000000 0.0000000000 0.0000000000 0.0000000000 0.0000000000 0.0000000000 0.0000000000 0.0000000000 0.0000000000 0.0000000000 0.0000000000 0.0000000000 0.0000000000 0.0000000000 0.0000000000 0.0000000000 0.0000000000 0.0000000000 0.0000000000 0.0000000000 0.0000000000 0.0000000000 0.0000000000 0.0000000000 0.0000000000 0.0000000000 0.0000000000 0.0000000000 0.0000000000 0.0000000000 0.0000000000 0.0000000000 0.0000000000 0.0000000000 0.0000000000 0.0000000000 0.0000000000 0.0000000000 0.0000000001 0.0000000171 0.0000017042 0.0001186280 0.0033086864 0.0172917725 0.0347755849 0.0518359346 0.0683073210 0.0842162582 0.0995910175 0.1144580583 0.1288421215 0.1427663663 0.1562524944 0.1693208633 0.1819905881 0.1942796355 0.2062049084 0.2177823237 0.2290268830 0.2399527375 0.2505732475 0.2609010366 0.2709480424 0.2807255618 0.2902442937 0.2995143783 0.3085454326 0.3173465841 0.3259265013 0.3342934226 0.3424551819 0.3504192341 0.3581926768 0.3657822722 0.3731944662 0.3804354069 0.3875109615 0.3944267324 0.4011880715 0.4078000945 0.4142676935 0.4205955495 0.4267881430 0.4328497651 0.4387845274 0.4445963711 0.4502890759 0.4558662679 0.4613314277 0.4666878974 0.4719388876 0.4770874834
0.0000000000 0.0000000000 0.0000000000 0.0000000000 0.0000000000 0.0000000000 0.0000000000 0.0000000000 0.0000000000 0.0000000000 0.0000000000 0.0000000000 0.0000000000 0.0000000000 0.0000000000 0.0000000000 0.0000000000 0.0000000000 0.0000000000 0.0000000000 0.0000000000 0.0000000000 0.0000000000 0.0000000000 0.0000000000 0.0000000000 0.0000000000 0.0000000000 0.0000000000 0.0000000000 0.0000000000 0.0000000000 0.0000000000 0.0000000000 0.0000000000 0.0000000000 0.0000000000 0.0000000000 0.0000000000 0.0000000000 0.0000000000 0.0000000000 0.0000000000 0.0000000000 0.0000000000 0.0000000000 0.0000000000 0.0000000026 0.0000002962 0.0000257002 0.0011766189 0.0114476825 0.0288696810 0.0463318286 0.0631915442 0.0794657189 0.0951841238 0.1103747476 0.1250637336 0.1392755263 0.1530330077 0.1663576195 0.1792694753 0.1917874614 0.2039293292 0.2157117794 0.2271505380 0.2382604271 0.2490554283 0.2595487419 0.2697528405 0.2796795186 0.2893399377 0.2987446687 0.3079037303 0.3168266244 0.3255223690 0.3339995291 0.3422662440 0.3503302542 0.3581989251 0.3658792693 0.3733779681 0.3807013901 0.3878556098 0.3948464242 0.4016793685 0.4083597305 0.4148925648 0.4212827048 0.4275347753 0.4336532033 0.4396422285 0.4455059133 0.4512481515 0.4568726777 0.4623830746 0.4677827810 0.4730750991 0.4782632009 0.4833501347
0.0000000000 0.0000000000 0.0000000000 0.0000000000 0.0000000000 0.0000000000 0.0000000000 0.0000000000 0.0000000000 0.0000000000 0.0000000000 0.0000000000 0.0000000000 0.0000000000 0.0000000000 0.0000000000 0.0000000000 0.0000000000 0.0000000000 0.0000000000 0.0000000000 0.0000000000 0.0000000000 0.0000000000 0.0000000000 0.0000000000 0.0000000000 0.0000000000 0.0000000000 0.0000000000 0.0000000000 0.0000000000 0.0000000000 0.0000000000 0.0000000000 0.0000000000 0.0000000000 0.0000000000 0.0000000000 0.0000000000 0.0000000000 0.0000000000 0.0000000000 0.0000000000 0.0000000000 0.0000000000 0.0000000004 0.0000000490 0.0000051136 0.0003367737 0.0064167848 0.0229234362 0.0407709549 0.0580334915 0.0746865585 0.0907610457 0.1062865795 0.1212908083 0.1357995545 0.1498369628 0.1634256343 0.1765867478 0.1893401698 0.2017045552 0.2136974375 0.2253353122 0.2366337127 0.2476072789 0.2582698211 0.2686343775 0.2787132677 0.2885181414 0.2980600233 0.3073493545 0.3163960307 0.3252094372 0.3337984816 0.3421716235 0.3503369025 0.3583019641 0.3660740831 0.3736601865 0.3810668732 0.3883004338 0.3953668684 0.4022719027 0.4090210040 0.4156193953 0.4220720690 0.4283837994 0.4345591545 0.4406025069 0.4465180444 0.4523097794 0.4579815581 0.4635370690 0.4689798511 0.4743133010 0.4795406802 0.4846651219 0.4896896369
0.0000000000 0.0000000000 0.0000000000 0.0000000000 0.0000000000 0.0000000000 0.0000000000 0.0000000000 0.0000000000 0.0000000000 0.0000000000 0.0000000000 0.0000000000 0.0000000000 0.0000000000 0.0000000000 0.0000000000 0.0000000000 0.0000000000 0.0000000000 0.0000000000 0.0000000000 0.0000000000 0.0000000000 0.0000000000 0.0000000000 0.0000000000 0.0000000000 0.0000000000 0.0000000000 0.0000000000 0.0000000000 0.0000000000 0.0000000000 0.0000000000 0.0000000000 0.0000000000 0.0000000000 0.0000000000 0.0000000000 0.0000000000 0.0000000000 0.0000000000 0.0000000000 0.0000000000 0.0000000001 0.0000000078 0.0000009558 0.0000825014 0.0028849808 0.0170204402 0.0351571453 0.0528363095 0.0698825862 0.0863261845 0.1021984690 0.1175287053 0.1323441941 0.1466704331 0.1605312632 0.1739490012 0.1869445595 0.1995375548 0.2117464071 0.2235884295 0.2350799100 0.2462361866 0.2570717150 0.2676001319 0.2778343113 0.2877864180 0.2974679550 0.3068898084 0.3160622881 0.3249951651 0.3336977068 0.3421787085 0.3504465237 0.3585090907 0.3663739588 0.3740483115 0.3815389883 0.3888525054 0.3959950743 0.4029726193 0.4097907944 0.4164549980 0.4229703873 0.4293418921 0.4355742265 0.4416719011 0.4476392335 0.4534803587 0.4591992388 0.4647996715 0.4702852991 0.4756596157 0.4809259755 0.4860875989 0.4911475796 0.4961088907
0.0000000000 0.0000000000 0.0000000000 0.0000000000 0.0000000000 0.0000000000 0.0000000000 0.0000000000 0.0000000000 0.0000000000 0.0000000000 0.0000000000 0.0000000000 0.0000000000 0.0000000000 0.0000000000 0.0000000000 0.0000000000 0.0000000000 0.0000000000 0.0000000000 0.0000000000 0.0000000000 0.0000000000 0.0000000000 0.0000000000 0.0000000000 0.0000000000 0.0000000000 0.0000000000 0.0000000000 0.0000000000 0.0000000000 0.0000000000 0.0000000000 0.0000000000 0.0000000000 0.0000000000 0.0000000000 0.0000000000 0.0000000000 0.0000000000 0.0000000000 0.0000000000 0.0000000000 0.0000000012 0.0000001700 0.0000182091 0.0010268706 0.0113958743 0.0294987269 0.0476037872 0.0650582426 0.0818846034 0.0981160180 0.1137834903 0.1289159088 0.1435402220 0.1576815985 0.1713635717 0.1846081703 0.1974360370 0.2098665352 0.2219178473 0.2336070630 0.2449502602 0.2559625788 0.2666582881 0.2770508487 0.2871529687 0.2969766557 0.3065332644 0.3158335404 0.3248876605 0.3337052698 0.3422955159 0.3506670808 0.3588282100 0.3667867395 0.3745501212 0.3821254458 0.3895194647 0.3967386099 0.4037890128 0.4106765212 0.4174067161 0.4239849264 0.4304162427 0.4367055310 0.4428574449 0.4488764365 0.4547667678 0.4605325205 0.4661776055 0.4717057715 0.4771206138 0.4824255816 0.4876239855 0.4927190045 0.4977136924 0.5026109839
0.0000000000 0.0000000000 0.0000000000 0.0000000000 0.0000000000 0.0000000000 0.0000000000 0.0000000000 0.0000000000 0.0000000000 0.0000000000 0.0000000000 0.0000000000 0.0000000000 0.0000000000 0.0000000000 0.0000000000 0.0000000000 0.0000000000 0.0000000000 0.0000000000 0.0000000000 0.0000000000 0.0000000000 0.0000000000 0.0000000000 0.0000000000 0.0000000000 0.0000000000 0.0000000000 0.0000000000 0.0000000000 0.0000000000 0.0000000000 0.0000000000 0.0000000000 0.0000000000 0.0000000000 0.0000000000 0.0000000000 0.0000000000 0.0000000000 0.0000000000 0.0000000000 0.0000000002 0.0000000290 0.0000037408 0.0003008535 0.0065444264 0.0238181056 0.0423405755 0.0602186935 0.0774421218 0.0940456092 0.1100620286 0.1255219755 0.1404539558 0.1548845610 0.1688386262 0.1823393732 0.1954085390 0.2080664926 0.2203323412 0.2322240262 0.2437584111 0.2549513606 0.2658178142 0.2763718522 0.2866267569 0.2965950681 0.3062886343 0.3157186598 0.3248957480 0.3338299407 0.3425307552 0.3510072182 0.3592678966 0.3673209266 0.3751740405 0.3828345914 0.3903095761 0.3976056567 0.4047291798 0.4116861957 0.4184824749 0.4251235242 0.4316146019 0.4379607315 0.4441667144 0.4502371423 0.4561764086 0.4619887189 0.4676781006 0.4732484130 0.4787033550 0.4840464744 0.4892811746 0.4944107224 0.4994382547 0.5043667849 0.5091992088
0.0000000000 0.0000000000 0.0000000000 0.0000000000 0.0000000000 0.0000000000 0.0000000000 0.0000000000 0.0000000000 0.0000000000 0.0000000000 0.0000000000 0.0000000000 0.0000000000 0.0000000000 0.0000000000 0.0000000000 0.0000000000 0.0000000000 0.0000000000 0.0000000000 0.0000000000 0.0000000000 0.0000000000 0.0000000000 0.0000000000 0.0000000000 0.0000000000 0.0000000000 0.0000000000 0.0000000000 0.0000000000 0.0000000000 0.0000000000 0.0000000000 0.0000000000 0.0000000000 0.0000000000 0.0000000000 0.0000000000 0.0000000000 0.0000000000 0.0000000000 0.0000000000 0.0000000048 0.0000007291 0.0000768565 0.0030759019 0.0181798000 0.0370527378 0.0553699413 0.0730054224 0.0899945145 0.1063720936 0.1221705924 0.1374201902 0.1521490048 0.1663832660 0.1801474712 0.1934645260 0.2063558717 0.2188416002 0.2309405587 0.2426704446 0.2540478917 0.2650885491 0.2758071529 0.2862175919 0.2963329676 0.3061656492 0.3157273240 0.3250290439 0.3340812678 0.3428939012 0.3514763318 0.3598374634 0.3679857464 0.3759292062 0.3836754700 0.3912317909 0.3986050705 0.4058018800 0.4128284800 0.4196908381 0.4263946466 0.4329453373 0.4393480970 0.4456078806 0.4517294244 0.4577172576 0.4635757138 0.4693089413 0.4749209129 0.4804154352 0.4857961569 0.4910665774 0.4962300538 0.5012898086 0.5062489360 0.5111104082 0.5158770817
0.0000000000 0.0000000000 0.0000000000 0.0000000000 0.0000000000 0.0000000000 0.0000000000 0.0000000000 0.0000000000 0.0000000000 0.0000000000 0.0000000000 0.0000000000 0.0000000000 0.0000000000 0.0000000000 0.0000000000 0.0000000000 0.0000000000 0.0000000000 0.0000000000 0.0000000000 0.0000000000 0.0000000000 0.0000000000 0.0000000000 0.0000000000 0.0000000000 0.0000000000 0.0000000000 0.0000000000 0.0000000000 0.0000000000 0.0000000000 0.0000000000 0.0000000000 0.0000000000 0.0000000000 0.0000000000 0.0000000000 0.0000000000 0.0000000000 0.0000000000 0.0000000008 0.0000001364 0.0000179318 0.0011693341 0.0127555867 0.0317493387 0.0505189635 0.0685821767 0.0859710198 0.1027224908 0.1188710016 0.1344485315 0.1494848376 0.1640076447 0.1780428155 0.1916145048 0.2047452980 0.2174563362 0.2297674306 0.2416971646 0.2532629880 0.2644813022 0.2753675372 0.2859362230 0.2962010543 0.3061749493 0.3158701041 0.3252980426 0.3344696621 0.3433952753 0.3520846489 0.3605470397 0.3687912266 0.3768255419 0.3846578989 0.3922958181 0.3997464509 0.4070166026 0.4141127525 0.4210410735 0.4278074499 0.4344174942 0.4408765624 0.4471897685 0.4533619984 0.4593979220 0.4653020052 0.4710785209 0.4767315595 0.4822650381 0.4876827101 0.4929881732 0.4981848779 0.5032761343 0.5082651199 0.5131548854 0.5179483616 0.5226483651
0.0000000000 0.0000000000 0.0000000000 0.0000000000 0.0000000000 0.0000000000 0.0000000000 0.0000000000 0.0000000000 0.0000000000 0.0000000000 0.0000000000 0.0000000000 0.0000000000 0.0000000000 0.0000000000 0.0000000000 0.0000000000 0.0000000000 0.0000000000 0.0000000000 0.0000000000 0.0000000000 0.0000000000 0.0000000000 0.0000000000 0.0000000000 0.0000000000 0.0000000000 0.0000000000 0.0000000000 0.0000000000 0.0000000000 0.0000000000 0.0000000000 0.0000000000 0.0000000000 0.0000000000 0.0000000000 0.0000000000 0.0000000000 0.0000000000 0.0000000001 0.0000000247 0.0000039364 0.0003718435 0.0079122019 0.0264471285 0.0456739045 0.0641811903 0.0819845699 0.0991232016 0.1156336317 0.1315497777 0.1469031588 0.1617231039 0.1760369388 0.1898701542 0.2032465573 0.2161884083 0.2287165444 0.2408504914 0.2526085656 0.2640079657 0.2750648568 0.2857944471 0.2962110577 0.3063281859 0.3161585640 0.3257142129 0.3350064905 0.3440461374 0.3528433178 0.3614076580 0.3697482814 0.3778738407 0.3857925484 0.3935122037 0.4010402190 0.4083836430 0.4155491827 0.4225432244 0.4293718521 0.4360408655 0.4425557963 0.4489219233 0.4551442873 0.4612277035 0.4671767747 0.4729959026 0.4786892987 0.4842609943 0.4897148504 0.4950545662 0.5002836878 0.5054056158 0.5104236130 0.5153408108 0.5201602163 0.5248847181 0.5295170921
0.0000000000 0.0000000000 0.0000000000 0.0000000000 0.0000000000 0.0000000000 0.0000000000 0.0000000000 0.0000000000 0.0000000000 0.0000000000 0.0000000000 0.0000000000 0.0000000000 0.0000000000 0.0000000000 0.0000000000 0.0000000000 0.0000000000 0.0000000000 0.0000000000 0.0000000000 0.0000000000 0.0000000000 0.0000000000 0.0000000000 0.0000000000 0.0000000000 0.0000000000 0.0000000000 0.0000000000 0.0000000000 0.0000000000 0.0000000000 0.0000000000 0.0000000000 0.0000000000 0.0000000000 0.0000000000 0.0000000000 0.0000000000 0.0000000000 0.0000000043 0.0000008280 0.0001042267 0.0041670154 0.0211834459 0.0408443882 0.0598125733 0.0780459365 0.0955855504 0.1124702624 0.1287360800 0.1444164182 0.1595423292 0.1741427075 0.1882444738 0.2018727414 0.2150509645 0.2278010738 0.2401435976 0.2520977726 0.2636816435 0.2749121542 0.2858052304 0.2963758551 0.3066381370 0.3166053735 0.3262901084 0.3357041842 0.3448587909 0.3537645097 0.3624313543 0.3708688084 0.3790858601 0.3870910341 0.3948924211 0.4024977049 0.4099141879 0.4171488143 0.4242081920 0.4310986125 0.4378260698 0.4443962776 0.4508146855 0.4570864944 0.4632166700 0.4692099565 0.4750708885 0.4808038024 0.4864128472 0.4919019946 0.4972750483 0.5025356529 0.5076873017 0.5127333451 0.5176769975 0.5225213439 0.5272693468 0.5319238521 0.5364875946
0.0000000000 0.0000000000 0.0000000000 0.0000000000 0.0000000000 0.0000000000 0.0000000000 0.0000000000 0.0000000000 0.0000000000 0.0000000000 0.0000000000 0.0000000000 0.0000000000 0.0000000000 0.0000000000 0.0000000000 0.0000000000 0.0000000000 0.0000000000 0.0000000000 0.0000000000 0.0000000000 0.0000000000 0.0000000000 0.0000000000 0.0000000000 0.0000000000 0.0000000000 0.0000000000 0.0000000000 0.0000000000 0.0000000000 0.0000000000 0.0000000000 0.0000000000 0.0000000000 0.0000000000 0.0000000000 0.0000000000 0.0000000000 0.0000000007 0.0000001688 0.0000269242 0.0018284399 0.0160466277 0.0360421379 0.0554879410 0.0741674148 0.0921223976 0.1093942154 0.1260211305 0.1420386004 0.1574795301 0.1723744976 0.1867519562 0.2006384158 0.2140586060 0.2270356231 0.2395910627 0.2517451400 0.2635167978 0.2749238053 0.2859828477 0.2967096077 0.3071188393 0.3172244359 0.3270394919 0.3365763596 0.3458467007 0.3548615342 0.3636312798 0.3721657984 0.3804744288 0.3885660220 0.3964489724 0.4041312473 0.4116204130 0.4189236606 0.4260478282 0.4329994229 0.4397846400 0.4464093819 0.4528792753 0.4591996865 0.4653757369 0.4714123166 0.4773140972 0.4830855441 0.4887309274 0.4942543329 0.4996596716 0.5049506892 0.5101309744 0.5152039675 0.5201729676 0.5250411399 0.5298115224 0.5344870325 0.5390704725 0.5435645354
0.0000000000 0.0000000000 0.0000000000 0.0000000000 0.0000000000 0.0000000000 0.0000000000 0.0000000000 0.0000000000 0.0000000000 0.0000000000 0.0000000000 0.0000000000 0.0000000000 0.0000000000 0.0000000000 0.0000000000 0.0000000000 0.0000000000 0.0000000000 0.0000000000 0.0000000000 0.0000000000 0.0000000000 0.0000000000 0.0000000000 0.0000000000 0.0000000000 0.0000000000 0.0000000000 0.0000000000 0.0000000000 0.0000000000 0.0000000000 0.0000000000 0.0000000000 0.0000000000 0.0000000000 0.0000000000 0.0000000000 0.0000000001 0.0000000336 0.0000066064 0.0006807842 0.0112280133 0.0312823761 0.0512206533 0.0703630522 0.0887483666 0.1064205763 0.1234203800 0.1397854375 0.1555506480 0.1707483982 0.1854087846 0.1995598124 0.2132275740 0.2264364094 0.2392090512 0.2515667551 0.2635294176 0.2751156833 0.2863430417 0.2972279151 0.3077857392 0.3180310356 0.3279774790 0.3376379576 0.3470246290 0.3561489713 0.3650218300 0.3736534608 0.3820535691 0.3902313468 0.3981955053 0.4059543071 0.4135155936 0.4208868124 0.4280750410 0.4350870100 0.4419291239 0.4486074805 0.4551278893 0.4614958882 0.4677167592 0.4737955429 0.4797370524 0.4855458858 0.4912264380 0.4967829120 0.5022193293 0.5075395393 0.5127472286 0.5178459294 0.5228390279 0.5277297711 0.5325212744 0.5372165282 0.5418184036 0.5463296589 0.5507529447
0.0000000000 0.0000000000 0.0000000000 0.0000000000 0.0000000000 0.0000000000 0.0000000000 0.0000000000 0.0000000000 0.0000000000 0.0000000000 0.0000000000 0.0000000000 0.0000000000 0.0000000000 0.0000000000 0.0000000000 0.0000000000 0.0000000000 0.0000000000 0.0000000000 0.0000000000 0.0000000000 0.0000000000 0.0000000000 0.0000000000 0.0000000000 0.0000000000 0.0000000000 0.0000000000 0.0000000000 0.0000000000 0.0000000000 0.0000000000 0.0000000000 0.0000000000 0.0000000000 0.0000000000 0.0000000000 0.0000000000 0.0000000066 0.0000015700 0.0002245329 0.0070550388 0.0265870761 0.0470261089 0.0666489175 0.0854801071 0.1035664539 0.1209512914 0.1376746571 0.1537735984 0.1692824469 0.1842330628 0.1986550531 0.2125759675 0.2260214742 0.2390155174 0.2515804602 0.2637372124 0.2755053471 0.2869032057 0.2979479933 0.3086558651 0.3190420058 0.3291207010 0.3389054028 0.3484087899 0.3576428223 0.3666187915 0.3753473664 0.3838386361 0.3921021482 0.4001469450 0.4079815965 0.4156142304 0.4230525610 0.4303039146 0.4373752537 0.4442731993 0.4510040519 0.4575738101 0.4639881889 0.4702526362 0.4763723481 0.4823522832 0.4881971763 0.4939115508 0.4994997302 0.5049658491 0.5103138634 0.5155475602 0.5206705659 0.5256863555 0.5305982600 0.5354094736 0.5401230611 0.5447419642 0.5492690074 0.5537069041 0.5580582618
0.0000000000 0.0000000000 0.0000000000 0.0000000000 0.0000000000 0.0000000000 0.0000000000 0.0000000000 0.0000000000 0.0000000000 0.0000000000 0.0000000000 0.0000000000 0.0000000000 0.0000000000 0.0000000000 0.0000000000 0.0000000000 0.0000000000 0.0000000000 0.0000000000 0.0000000000 0.0000000000 0.0000000000 0.0000000000 0.0000000000 0.0000000000 0.0000000000 0.0000000000 0.0000000000 0.0000000000 0.0000000000 0.0000000000 0.0000000000 0.0000000000 0.0000000000 0.0000000000 0.0000000000 0.0000000000 0.0000000013 0.0000003662 0.0000685567 0.0038906625 0.0219920482 0.0429221177 0.0630434172 0.0823366062 0.1008512841 0.1186336370 0.1357262716 0.1521685523 0.1679969038 0.1832450809 0.1979444080 0.2121239946 0.2258109274 0.2390304431 0.2518060836 0.2641598358 0.2761122583 0.2876825951 0.2988888794 0.3097480271 0.3202759218 0.3304874931 0.3403967864 0.3500170277 0.3593606827 0.3684395102 0.3772646120 0.3858464778 0.3941950269 0.4023196465 0.4102292270 0.4179321943 0.4254365395 0.4327498473 0.4398793207 0.4468318053 0.4536138108 0.4602315317 0.4666908659 0.4729974324 0.4791565874 0.4851734396 0.4910528645 0.4967995171 0.5024178449 0.5079120986 0.5132863434 0.5185444687 0.5236901979 0.5287270966 0.5336585812 0.5384879267 0.5432182739 0.5478526358 0.5523939047 0.5568448578 0.5612081626 0.5654863830
0.0000000000 0.0000000000 0.0000000000 0.0000000000 0.0000000000 0.0000000000 0.0000000000 0.0000000000 0.0000000000 0.0000000000 0.0000000000 0.0000000000 0.0000000000 0.0000000000 0.0000000000 0.0000000000 0.0000000000 0.0000000000 0.0000000000 0.0000000000 0.0000000000 0.0000000000 0.0000000000 0.0000000000 0.0000000000 0.0000000000 0.0000000000 0.0000000000 0.0000000000 0.0000000000 0.0000000000 0.0000000000 0.0000000000 0.0000000000 0.0000000000 0.0000000000 0.0000000000 0.0000000000 0.0000000002 0.0000000847 0.0000200452 0.0018771779 0.0175601246 0.0389293957 0.0595676698 0.0793395539 0.0982971871 0.1164898460 0.1339629170 0.1507582657 0.1669145719 0.1824676268 0.1974505979 0.2118942650 0.2258272313 0.2392761124 0.2522657059 0.2648191444 0.2769580323 0.2887025707 0.3000716690 0.3110830465 0.3217533250 0.3320981120 0.3421320772 0.3518690218 0.3613219418 0.3705030860 0.3794240088 0.3880956189 0.3965282234 0.4047315693 0.4127148804 0.4204868925 0.4280558849 0.4354297099 0.4426158200 0.4496212931 0.4564528556 0.4631169042 0.4696195256 0.4759665150 0.4821633937 0.4882154247 0.4941276281 0.4999047942 0.5055514975 0.5110721077 0.5164708019 0.5217515744 0.5269182472 0.5319744786 0.5369237723 0.5417694855 0.5465148360 0.5511629099 0.5557166681 0.5601789524 0.5645524917 0.5688399072 0.5730437181
0.0000000000 0.0000000000 0.0000000000 0.0000000000 0.0000000000 0.0000000000 0.0000000000 0.0000000000 0.0000000000 0.0000000000 0.0000000000 0.0000000000 0.0000000000 0.0000000000 0.0000000000 0.0000000000 0.0000000000 0.0000000000 0.0000000000 0.0000000000 0.0000000000 0.0000000000 0.0000000000 0.0000000000 0.0000000000 0.0000000000 0.0000000000 0.0000000000 0.0000000000 0.0000000000 0.0000000000 0.0000000000 0.0000000000 0.0000000000 0.0000000000 0.0000000000 0.0000000000 0.0000000000 0.0000000196 0.0000057475 0.0008098934 0.0133989728 0.0350722468 0.0562459502 0.0765137759 0.0959293892 0.1145454155 0.1324102519 0.1495684670 0.1660611720 0.1819263497 0.1971991464 0.2119121320 0.2260955316 0.2397774329 0.2529839719 0.2657394995 0.2780667313 0.2899868827 0.3015197905 0.3126840233 0.3234969814 0.3339749868 0.3441333660 0.3539865242 0.3635480140 0.3728305972 0.3818463018 0.3906064742 0.3991218262 0.4074024795 0.4154580052 0.4232974611 0.4309294255 0.4383620284 0.4456029808 0.4526596008 0.4595388388 0.4662473001 0.4727912659 0.4791767133 0.4854093332 0.4914945473 0.4974375238 0.5032431922 0.5089162568 0.5144612093 0.5198823409 0.5251837534 0.5303693690 0.5354429410 0.5404080616 0.5452681716 0.5500265674 0.5546864092 0.5592507272 0.5637224289 0.5681043051 0.5723990354 0.5766091939 0.5807372542
0.0000000000 0.0000000000 0.0000000000 0.0000000000 0.0000000000 0.0000000000 0.0000000000 0.0000000000 0.0000000000 0.0000000000 0.0000000000 0.0000000000 0.0000000000 0.0000000000 0.0000000000 0.0000000000 0.0000000000 0.0000000000 0.0000000000 0.0000000000 0.0000000000 0.0000000000 0.0000000000 0.0000000000 0.0000000000 0.0000000000 0.0000000000 0.0000000000 0.0000000000 0.0000000000 0.0000000000 0.0000000000 0.0000000000 0.0000000000 0.0000000000 0.0000000000 0.0000000000 0.0000000046 0.0000016442 0.0003240862 0.0096694171 0.0313795034 0.0531062184 0.0738877484 0.0937767227 0.1128293954 0.1310974279 0.1486283127 0.1654657852 0.1816501882 0.1972187944 0.2122060931 0.2266440453 0.2405623113 0.2539884535 0.2669481196 0.2794652051 0.2915620011 0.3032593262 0.3145766466 0.3255321838 0.3361430127 0.3464251503 0.3563936365 0.3660626073 0.3754453619 0.3845544235 0.3934015955 0.4019980118 0.4103541843 0.4184800454 0.4263849873 0.4340778984 0.4415671966 0.4488608602 0.4559664557 0.4628911647 0.4696418074 0.4762248658 0.4826465038 0.4889125865 0.4950286985 0.5010001602 0.5068320433 0.5125291850 0.5180962016 0.5235375010 0.5288572942 0.5340596060 0.5391482858 0.5441270162 0.5489993227 0.5537685815 0.5584380275 0.5630107617 0.5674897578 0.5718778690 0.5761778338 0.5803922816 0.5845237386 0.5885746321
0.0000000000 0.0000000000 0.0000000000 0.0000000000 0.0000000000 0.0000000000 0.0000000000 0.0000000000 0.0000000000 0.0000000000 0.0000000000 0.0000000000 0.0000000000 0.0000000000 0.0000000000 0.0000000000 0.0000000000 0.0000000000 0.0000000000 0.0000000000 0.0000000000 0.0000000000 0.0000000000 0.0000000000 0.0000000000 0.0000000000 0.0000000000 0.0000000000 0.0000000000 0.0000000000 0.0000000000 0.0000000000 0.0000000000 0.0000000000 0.0000000000 0.0000000000 0.0000000011 0.0000004758 0.0001248509 0.0065552999 0.0278857314 0.0501807534 0.0714942116 0.0918722223 0.1113749665 0.1300576491 0.1479709288 0.1651613756 0.1816718758 0.1975419886 0.2128082630 0.2275045185 0.2416620954 0.2553100780 0.2684754937 0.2811834918 0.2934575040 0.3053193883 0.3167895593 0.3278871050 0.3386298931 0.3490346668 0.3591171323 0.3688920372 0.3783732431 0.3875737909 0.3965059608 0.4051813266 0.4136108064 0.4218047077 0.4297727700 0.4375242032 0.4450677232 0.4524115844 0.4595636099 0.4665312195 0.4733214553 0.4799410052 0.4863962250 0.4926931591 0.4988375587 0.5048349000 0.5106904000 0.5164090318 0.5219955388 0.5274544478 0.5327900808 0.5380065672 0.5431078536 0.5480977147 0.5529797615 0.5577574511 0.5624340941 0.5670128626 0.5714967974 0.5758888145 0.5801917115 0.5844081739 0.5885407800 0.5925920068 0.5965642348
0.0000000000 0.0000000000 0.0000000000 0.0000000000 0.0000000000 0.0000000000 0.0000000000 0.0000000000 0.0000000000 0.0000000000 0.0000000000 0.0000000000 0.0000000000 0.0000000000 0.0000000000 0.0000000000 0.0000000000 0.0000000000 0.0000000000 0.0000000000 0.0000000000 0.0000000000 0.0000000000 0.0000000000 0.0000000000 0.0000000000 0.0000000000 0.0000000000 0.0000000000 0.0000000000 0.0000000000 0.0000000000 0.0000000000 0.0000000000 0.0000000000 0.0000000003 0.0000001410 0.0000477745 0.0041836855 0.0246324936 0.0475069131 0.0693709071 0.0902538377 0.1102201294 0.1293288381 0.1476340539 0.1651854118 0.1820285411 0.1982054614 0.2137549328 0.2287127658 0.2431120967 0.2569836325 0.2703558698 0.2832552901 0.2957065345 0.3077325613 0.3193547869 0.3305932133 0.3414665431 0.3519922828 0.3621868374 0.3720655957 0.3816430074 0.3909326541 0.3999473131 0.4086990164 0.4171991043 0.4254582740 0.4334866248 0.4412936996 0.4488885221 0.4562796320 0.4634751170 0.4704826423 0.4773094777 0.4839625228 0.4904483306 0.4967731286 0.5029428387 0.5089630962 0.5148392666 0.5205764615 0.5261795535 0.5316531901 0.5370018067 0.5422296381 0.5473407300 0.5523389496 0.5572279949 0.5620114044 0.5666925651 0.5712747207 0.5757609793 0.5801543202 0.5844576005 0.5886735614 0.5928048339 0.5968539444 0.6008233198 0.6047152925
0.0000000000 0.0000000000 0.0000000000 0.0000000000 0.0000000000 0.0000000000 0.0000000000 0.0000000000 0.0000000000 0.0000000000 0.0000000000 0.0000000000 0.0000000000 0.0000000000 0.0000000000 0.0000000000 0.0000000000 0.0000000000 0.0000000000 0.0000000000 0.0000000000 0.0000000000 0.0000000000 0.0000000000 0.0000000000 0.0000000000 0.0000000000 0.0000000000 0.0000000000 0.0000000000 0.0000000000 0.0000000000 0.0000000000 0.0000000000 0.0000000001 0.0000000433 0.0000186200 0.0025494661 0.0216690592 0.0451280499 0.0675614659 0.0889652923 0.1094085337 0.1289544353 0.1476608103 0.1655806100 0.1827624243 0.1992509217 0.2150872371 0.2303093146 0.2449522105 0.2590483636 0.2726278344 0.2857185194 0.2983463425 0.3105354261 0.3223082450 0.3336857648 0.3446875663 0.3553319582 0.3656360785 0.3756159869 0.3852867480 0.3946625075 0.4037565607 0.4125814162 0.4211488525 0.4294699711 0.4375552440 0.4454145581 0.4530572550 0.4604921686 0.4677276587 0.4747716429 0.4816316248 0.4883147212 0.4948276865 0.5011769357 0.5073685651 0.5134083721 0.5193018732 0.5250543208 0.5306707191 0.5361558381 0.5415142274 0.5467502289 0.5518679883 0.5568714662 0.5617644484 0.5665505549 0.5712332497 0.5758158486 0.5803015270 0.5846933275 0.5889941666 0.5932068414 0.5973340353 0.6013783239 0.6053421804 0.6092279807 0.6130380079
0.0000000000 0.0000000000 0.0000000000 0.0000000000 0.0000000000 0.0000000000 0.0000000000 0.0000000000 0.0000000000 0.0000000000 0.0000000000 0.0000000000 0.0000000000 0.0000000000 0.0000000000 0.0000000000 0.0000000000 0.0000000000 0.0000000000 0.0000000000 0.0000000000 0.0000000000 0.0000000000 0.0000000000 0.0000000000 0.0000000000 0.0000000000 0.0000000000 0.0000000000 0.0000000000 0.0000000000 0.0000000000 0.0000000000 0.0000000000 0.0000000140 0.0000075501 0.0015206843 0.0190516174 0.0430946184 0.0661164871 0.0880571223 0.1089904785 0.1289843630 0.1481006319 0.1663958276 0.1839217374 0.2007258833 0.2168519519 0.2323401739 0.2472276593 0.2615486941 0.2753350038 0.2886159882 0.3014189308 0.3137691854 0.3256903443 0.3372043883 0.3483318222 0.3590917963 0.3695022170 0.3795798455 0.3893403884 0.3987985794 0.4079682530 0.4168624125 0.4254932914 0.4338724095 0.4420106240 0.4499181769 0.4576047377 0.4650794427 0.4723509317 0.4794273807 0.4863165331 0.4930257277 0.4995619249 0.5059317307 0.5121414189 0.5181969519 0.5241039997 0.5298679574 0.5354939622 0.5409869081 0.5463514603 0.5515920684 0.5567129789 0.5617182464 0.5666117443 0.5713971752 0.5760780798 0.5806578457 0.5851397158 0.5895267958 0.5938220614 0.5980283651 0.6021484423 0.6061849175 0.6101403098 0.6140170380 0.6178174256 0.6215437057
0.0000000000 0.0000000000 0.0000000000 0.0000000000 0.0000000000 0.0000000000 0.0000000000 0.0000000000 0.0000000000 0.0000000000 0.0000000000 0.0000000000 0.0000000000 0.0000000000 0.0000000000 0.0000000000 0.0000000000 0.0000000000 0.0000000000 0.0000000000 0.0000000000 0.0000000000 0.0000000000 0.0000000000 0.0000000000 0.0000000000 0.0000000000 0.0000000000 0.0000000000 0.0000000000 0.0000000000 0.0000000000 0.0000000000 0.0000000048 0.0000032479 0.0009155182 0.0168404229 0.0414655260 0.0650948531 0.0875879422 0.1090241291 0.1294761944 0.1490103879 0.1676871436 0.1855617039 0.2026846654 0.2191024574 0.2348577621 0.2499898855 0.2645350841 0.2785268557 0.2919961964 0.3049718300 0.3174804127 0.3295467154 0.3411937881 0.3524431061 0.3633147026 0.3738272880 0.3839983566 0.3938442845 0.4033804172 0.4126211494 0.4215799977 0.4302696665 0.4387021079 0.4468885767 0.4548396809 0.4625654267 0.4700752613 0.4773781110 0.4844824169 0.4913961672 0.4981269271 0.5046818668 0.5110677865 0.5172911404 0.5233580581 0.5292743648 0.5350456002 0.5406770355 0.5461736895 0.5515403439 0.5567815566 0.5619016748 0.5669048475 0.5717950360 0.5765760247 0.5812514310 0.5858247141 0.5902991840 0.5946780088 0.5989642229 0.6031607336 0.6072703277 0.6112956779 0.6152393481 0.6191037997 0.6228913958 0.6266044065 0.6302450136
0.0000000000 0.0000000000 0.0000000000 0.0000000000 0.0000000000 0.0000000000 0.0000000000 0.0000000000 0.0000000000 0.0000000000 0.0000000000 0.0000000000 0.0000000000 0.0000000000 0.0000000000 0.0000000000 0.0000000000 0.0000000000 0.0000000000 0.0000000000 0.0000000000 0.0000000000 0.0000000000 0.0000000000 0.0000000000 0.0000000000 0.0000000000 0.0000000000 0.0000000000 0.0000000000 0.0000000000 0.0000000000 0.0000000018 0.0000015118 0.0005745239 0.0150960245 0.0403098023 0.0645653473 0.0876259969 0.1095770062 0.1304965825 0.1504557546 0.1695191755 0.1877458227 0.2051896074 0.2218999068 0.2379220312 0.2532976343 0.2680650746 0.2822597350 0.2959143059 0.3090590364 0.3217219582 0.3339290849 0.3457045907 0.3570709697 0.3680491800 0.3786587719 0.3889180047 0.3988439513 0.4084525930 0.4177589056 0.4267769369 0.4355198776 0.4440001260 0.4522293461 0.4602185217 0.4679780048 0.4755175607 0.4828464088 0.4899732604 0.4969063531 0.5036534825 0.5102220316 0.5166189977 0.5228510172 0.5289243887 0.5348450941 0.5406188183 0.5462509673 0.5517466854 0.5571108705 0.5623481889 0.5674630887 0.5724598125 0.5773424091 0.5821147444 0.5867805116 0.5913432409 0.5958063083 0.6001729438 0.6044462393 0.6086291559 0.6127245310 0.6167350842 0.6206634237 0.6245120518 0.6282833703 0.6319796856 0.6356032131 0.6391560818
0.0000000000 0.0000000000 0.0000000000 0.0000000000 0.0000000000 0.0000000000 0.0000000000 0.0000000000 0.0000000000 0.0000000000 0.0000000000 0.0000000000 0.0000000000 0.0000000000 0.0000000000 0.0000000000 0.0000000000 0.0000000000 0.0000000000 0.0000000000 0.0000000000 0.0000000000 0.0000000000 0.0000000000 0.0000000000 0.0000000000 0.0000000000 0.0000000000 0.0000000000 0.0000000000 0.0000000000 0.0000000007 0.0000007776 0.0003878571 0.0138781775 0.0397086929 0.0646086562 0.0882510793 0.1107278226 0.1321230199 0.1525129008 0.1719666953 0.1905474196 0.2083125579 0.2253146560 0.2416018411 0.2572182763 0.2722045604 0.2865980808 0.3004333244 0.3137421538 0.3265540523 0.3388963418 0.3507943772 0.3622717205 0.3733502964 0.3840505321 0.3943914831 0.4043909464 0.4140655624 0.4234309079 0.4325015794 0.4412912690 0.4498128335 0.4580783572 0.4660992089 0.4738860940 0.4814491026 0.4887977527 0.4959410302 0.5028874259 0.5096449687 0.5162212570 0.5226234867 0.5288584780 0.5349326993 0.5408522896 0.5466230794 0.5522506096 0.5577401494 0.5630967128 0.5683250737 0.5734297803 0.5784151679 0.5832853718 0.5880443383 0.5926958354 0.5972434627 0.6016906612 0.6060407212 0.6102967909 0.6144618842 0.6185388870 0.6225305649 0.6264395686 0.6302684403 0.6340196190 0.6376954456 0.6412981681 0.6448299458 0.6482928538
0.0000000000 0.0000000000 0.0000000000 0.0000000000 0.0000000000 0.0000000000 0.0000000000 0.0000000000 0.0000000000 0.0000000000 0.0000000000 0.0000000000 0.0000000000 0.0000000000 0.0000000000 0.0000000000 0.0000000000 0.0000000000 0.0000000000 0.0000000000 0.0000000000 0.0000000000 0.0000000000 0.0000000000 0.0000000000 0.0000000000 0.0000000000 0.0000000000 0.0000000000 0.0000000000 0.0000000003 0.0000004527 0.0002905225 0.0132520497 0.0397583145 0.0653198698 0.0895569190 0.1125687662 0.1344460216 0.1552705776 0.1751166303 0.1940515634 0.2121367124 0.2294280283 0.2459766554 0.2618294373 0.2770293592 0.2916159370 0.3056255610 0.3190917982 0.3320456616 0.3445158479 0.3565289503 0.3681096475 0.3792808732 0.3900639671 0.4004788118 0.4105439545 0.4202767173 0.4296932971 0.4388088550 0.4476375983 0.4561928539 0.4644871358 0.4725322058 0.4803391295 0.4879183269 0.4952796190 0.5024322697 0.5093850255 0.5161461506 0.5227234598 0.5291243488 0.5353558216 0.5414245165 0.5473367293 0.5530984355 0.5587153098 0.5641927455 0.5695358712 0.5747495672 0.5798384800 0.5848070365 0.5896594565 0.5943997649 0.5990318027 0.6035592375 0.6079855729 0.6123141581 0.6165481955 0.6206907497 0.6247447537 0.6287130169 0.6325982308 0.6364029756 0.6401297257 0.6437808549 0.6473586418 0.6508652744 0.6543028544 0.6576734016
0.0000000000 0.0000000000 0.0000000000 0.0000000000 0.0000000000 0.0000000000 0.0000000000 0.0000000000 0.0000000000 0.0000000000 0.0000000000 0.0000000000 0.0000000000 0.0000000000 0.0000000000 0.0000000000 0.0000000000 0.0000000000 0.0000000000 0.0000000000 0.0000000000 0.0000000000 0.0000000000 0.0000000000 0.0000000000 0.0000000000 0.0000000000 0.0000000000 0.0000000000 0.0000000002 0.0000003066 0.0002490730 0.0133039881 0.0405730205 0.0668116293 0.0916541853 0.1152083653 0.1375718609 0.1588327316 0.1790705623 0.1983574587 0.2167589061 0.2343345118 0.2511386502 0.2672210250 0.2826271598 0.2973988286 0.3115744343 0.3251893415 0.3382761718 0.3508650641 0.3629839069 0.3746585439 0.3859129587 0.3967694386 0.4072487222 0.4173701320 0.4271516924 0.4366102377 0.4457615083 0.4546202383 0.4632002345 0.4715144485 0.4795750416 0.4873934443 0.4949804104 0.5023460664 0.5094999563 0.5164510834 0.5232079475 0.5297785800 0.5361705756 0.5423911215 0.5484470246 0.5543447359 0.5600903740 0.5656897459 0.5711483666 0.5764714772 0.5816640621 0.5867308638 0.5916763981 0.5965049671 0.6012206717 0.6058274234 0.6103289550 0.6147288308 0.6190304556 0.6232370842 0.6273518290 0.6313776680 0.6353174518 0.6391739104 0.6429496596 0.6466472070 0.6502689570 0.6538172168 0.6572942007 0.6607020350 0.6640427623 0.6673183454
0.0000000000 0.0000000000 0.0000000000 0.0000000000 0.0000000000 0.0000000000 0.0000000000 0.0000000000 0.0000000000 0.0000000000 0.0000000000 0.0000000000 0.0000000000 0.0000000000 0.0000000000 0.0000000000 0.0000000000 0.0000000000 0.0000000000 0.0000000000 0.0000000000 0.0000000000 0.0000000000 0.0000000000 0.0000000000 0.0000000000 0.0000000000 0.0000000000 0.0000000001 0.0000002496 0.0002523438 0.0141637684 0.0422896488 0.0692181343 0.0946742996 0.1187751203 0.1416260314 0.1633218090 0.1839478832 0.2035814628 0.2222925008 0.2401445269 0.2571953690 0.2734977779 0.2890999732 0.3040461193 0.3183767430 0.3321291005 0.3453375006 0.3580335909 0.3702466104 0.3820036148 0.3933296763 0.4042480624 0.4147803950 0.4249467934 0.4347660032 0.4442555107 0.4534316474 0.4623096840 0.4709039145 0.4792277335 0.4872937058 0.4951136297 0.5026985945 0.5100590327 0.5172047686 0.5241450613 0.5308886451 0.5374437661 0.5438182160 0.5500193626 0.5560541786 0.5619292675 0.5676508879 0.5732249756 0.5786571643 0.5839528041 0.5891169800 0.5941545273 0.5990700470 0.6038679200 0.6085523200 0.6131272254 0.6175964311 0.6219635582 0.6262320646 0.6304052537 0.6344862829 0.6384781717 0.6423838092 0.6462059609 0.6499472753 0.6536102901 0.6571974379 0.6607110516 0.6641533692 0.6675265391 0.6708326240 0.6740736055 0.6772513878
0.0000000000 0.0000000000 0.0000000000 0.0000000000 0.0000000000 0.0000000000 0.0000000000 0.0000000000 0.0000000000 0.0000000000 0.0000000000 0.0000000000 0.0000000000 0.0000000000 0.0000000000 0.0000000000 0.0000000000 0.0000000000 0.0000000000 0.0000000000 0.0000000000 0.0000000000 0.0000000000 0.0000000000 0.0000000000 0.0000000000 0.0000000000 0.0000000001 0.0000002540 0.0003120957 0.0160234330 0.0450729105 0.0727002970 0.0987743331 0.1234221599 0.1467576792 0.1688829787 0.1898898250 0.2098609355 0.2288710672 0.2469879518 0.2642731018 0.2807825086 0.2965672482 0.3116740088 0.3261455526 0.3400211193 0.3533367822 0.3661257606 0.3784186972 0.3902439024 0.4016275730 0.4125939850 0.4231656668 0.4333635539 0.4432071269 0.4527145359 0.4619027120 0.4707874682 0.4793835902 0.4877049180 0.4957644211 0.5035742653 0.5111458741 0.5184899846 0.5256166983 0.5325355273 0.5392554368 0.5457848837 0.5521318524 0.5583038869 0.5643081213 0.5701513067 0.5758398371 0.5813797723 0.5867768595 0.5920365535 0.5971640348 0.6021642266 0.6070418108 0.6118012422 0.6164467628 0.6209824136 0.6254120467 0.6297393365 0.6339677892 0.6381007528 0.6421414257 0.6460928652 0.6499579950 0.6537396122 0.6574403946 0.6610629067 0.6646096056 0.6680828465 0.6714848883 0.6748178980 0.6780839557 0.6812850586 0.6844231255 0.6875000000
0.0000000000 0.0000000000 0.0000000000 0.0000000000 0.0000000000 0.0000000000 0.0000000000 0.0000000000 0.0000000000 0.0000000000 0.0000000000 0.0000000000 0.0000000000 0.0000000000 0.0000000000 0.0000000000 0.0000000000 0.0000000000 0.0000000000 0.0000000000 0.0000000000 0.0000000000 0.0000000000 0.0000000000 0.0000000000 0.0000000000 0.0000000001 0.0000003389 0.0004854124 0.0191380644 0.0491223841 0.0774524609 0.1041433762 0.1293332885 0.1531453514 0.1756896049 0.1970646750 0.2173592166 0.2366531423 0.2550186744 0.2725212477 0.2892202891 0.3051698913 0.3204193985 0.3350139158 0.3489947553 0.3623998264 0.3752639789 0.3876193059 0.3994954108 0.4109196445 0.4219173151 0.4325118755 0.4427250905 0.4525771855 0.4620869805 0.4712720101 0.4801486316 0.4887321216 0.4970367643 0.5050759308 0.5128621505 0.5204071768 0.5277220458 0.5348171306 0.5417021902 0.5483864140 0.5548784634 0.5611865084 0.5673182627 0.5732810145 0.5790816560 0.5847267095 0.5902223519 0.5955744378 0.6007885194 0.6058698666 0.6108234841 0.6156541283 0.6203663223 0.6249643699 0.6294523692 0.6338342241 0.6381136563 0.6422942154 0.6463792888 0.6503721109 0.6542757719 0.6580932251 0.6618272952 0.6654806845 0.6690559800 0.6725556592 0.6759820958 0.6793375654 0.6826242500 0.6858442433 0.6889995548 0.6920921140 0.6951237746 0.6980963178
0.0000000000 0.0000000000 0.0000000000 0.0000000000 0.0000000000 0.0000000000 0.0000000000 0.0000000000 0.0000000000 0.0000000000 0.0000000000 0.0000000000 0.0000000000 0.0000000000 0.0000000000 0.0000000000 0.0000000000 0.0000000000 0.0000000000 0.0000000000 0.0000000000 0.0000000000 0.0000000000 0.0000000000 0.0000000000 0.0000000001 0.0000006280 0.0009644398 0.0238033698 0.0546818581 0.0837112832 0.1110109470 0.1367309567 0.1610045636 0.1839504416 0.2056746278 0.2262721607 0.2458284703 0.2644205624 0.2821180319 0.2989839335 0.3150755325 0.3304449538 0.3451397466 0.3592033754 0.3726756494 0.3855930991 0.3979893066 0.4098951976 0.4213392987 0.4323479657 0.4429455863 0.4531547602 0.4629964604 0.4724901766 0.4816540444 0.4905049605 0.4990586869 0.5073299448 0.5153324988 0.5230792335 0.5305822225 0.5378527918 0.5449015759 0.5517385708 0.5583731801 0.5648142594 0.5710701547 0.5771487390 0.5830574452 0.5888032967 0.5943929347 0.5998326443 0.6051283779 0.6102857769 0.6153101916 0.6202067003 0.6249801256 0.6296350508 0.6341758345 0.6386066241 0.6429313684 0.6471538295 0.6512775936 0.6553060811 0.6592425563 0.6630901360 0.6668517978 0.6705303878 0.6741286277 0.6776491218 0.6810943628 0.6844667380 0.6877685349 0.6910019463 0.6941690748 0.6972719380 0.7003124722 0.7032925369 0.7062139181 0.7090783324
0.0000000000 0.0000000000 0.0000000000 0.0000000000 0.0000000000 0.0000000000 0.0000000000 0.0000000000 0.0000000000 0.0000000000 0.0000000000 0.0000000000 0.0000000000 0.0000000000 0.0000000000 0.0000000000 0.0000000000 0.0000000000 0.0000000000 0.0000000000 0.0000000000 0.0000000000 0.0000000000 0.0000000000 0.0000000003 0.0000017318 0.0023780622 0.0303375485 0.0620520275 0.0917676777 0.1196582766 0.1458869452 0.1705979312 0.1939192583 0.2159649448 0.2368368677 0.2566263373 0.2754154318 0.2932781361 0.3102813148 0.3264855489 0.3419458571 0.3567123195 0.3708306197 0.3843425172 0.3972862594 0.4096969436 0.4216068346 0.4330456447 0.4440407813 0.4546175665 0.4647994309 0.4746080880 0.4840636877 0.4931849552 0.5019893146 0.5104929997 0.5187111542 0.5266579218 0.5343465270 0.5417893489 0.5489979876 0.5559833246 0.5627555773 0.5693243495 0.5756986760 0.5818870648 0.5878975346 0.5937376494 0.5994145508 0.6049349863 0.6103053368 0.6155316407 0.6206196170 0.6255746856 0.6304019872 0.6351064005 0.6396925592 0.6441648667 0.6485275106 0.6527844755 0.6569395555 0.6609963648 0.6649583492 0.6688287948 0.6726108378 0.6763074729 0.6799215606 0.6834558356 0.6869129127 0.6902952940 0.6936053744 0.6968454477 0.7000177116 0.7031242728 0.7061671514 0.7091482860 0.7120695368 0.7149326903 0.7177394626 0.7204915028
0.0000000000 0.0000000000 0.0000000000 0.0000000000 0.0000000000 0.0000000000 0.0000000000 0.0000000000 0.0000000000 0.0000000000 0.0000000000 0.0000000000 0.0000000000 0.0000000000 0.0000000000 0.0000000000 0.0000000000 0.0000000000 0.0000000000 0.0000000000 0.0000000000 0.0000000000 0.0000000000 0.0000000009 0.0000076967 0.0063986534 0.0391073174 0.0716079378 0.1019831810 0.1304337545 0.1571369699 0.1822490082 0.2059079761 0.2282364468 0.2493435847 0.2693269295 0.2882739041 0.3062630925 0.3233653298 0.3396446340 0.3551590071 0.3699611252 0.3840989366 0.3976161800 0.4105528369 0.4229455266 0.4348278520 0.4462307045 0.4571825313 0.4677095732 0.4778360740 0.4875844671 0.4969755412 0.5060285887 0.5147615375 0.5231910698 0.5313327284 0.5392010124 0.5468094631 0.5541707421 0.5612967015 0.5681984477 0.5748863986 0.5813703370 0.5876594575 0.5937624105 0.5996873417 0.6054419284 0.6110334127 0.6164686320 0.6217540466 0.6268957657 0.6318995708 0.6367709371 0.6415150542 0.6461368436 0.6506409764 0.6550318891 0.6593137975 0.6634907110 0.6675664447 0.6715446308 0.6754287301 0.6792220413 0.6829277108 0.6865487414 0.6900879999 0.6935482255 0.6969320362 0.7002419355 0.7034803191 0.7066494798 0.7097516138 0.7127888253 0.7157631311 0.7186764656 0.7215306846 0.7243275693 0.7270688301 0.7297561100 0.7323909879
0.0000000000 0.0000000000 0.0000000000 0.0000000000 0.0000000000 0.0000000000 0.0000000000 0.0000000000 0.0000000000 0.0000000000 0.0000000000 0.0000000000 0.0000000000 0.0000000000 0.0000000000 0.0000000000 0.0000000000 0.0000000000 0.0000000000 0.0000000000 0.0000000000 0.0000000000 0.0000000060 0.0000592053 0.0151747001 0.0505854567 0.0838234056 0.1148129001 0.1437745586 0.1709011160 0.1963616329 0.2203050220 0.2428629628 0.2641523243 0.2842771906 0.3033305623 0.3213957938 0.3385478120 0.3548541554 0.3703758629 0.3851682373 0.3992815031 0.4127613774 0.4256495632 0.4379841816 0.4498001476 0.4611295004 0.4720016937 0.4824438508 0.4924809915 0.5021362311 0.5114309592 0.5203849971 0.5290167392 0.5373432792 0.5453805229 0.5531432898 0.5606454041 0.5678997772 0.5749184814 0.5817128171 0.5882933739 0.5946700849 0.6008522776 0.6068487187 0.6126676561 0.6183168563 0.6238036395 0.6291349106 0.6343171888 0.6393566339 0.6442590707 0.6490300116 0.6536746772 0.6581980154 0.6626047186 0.6668992408 0.6710858117 0.6751684513 0.6791509820 0.6830370416 0.6868300932 0.6905334366 0.6941502169 0.6976834342 0.7011359513 0.7045105020 0.7078096976 0.7110360345 0.7141918997 0.7172795772 0.7203012535 0.7232590222 0.7261548897 0.7289907790 0.7317685345 0.7344899256 0.7371566505 0.7397703401 0.7423325609 0.7448448185
0.0000000000 0.0000000000 0.0000000000 0.0000000000 0.0000000000 0.0000000000 0.0000000000 0.0000000000 0.0000000000 0.0000000000 0.0000000000 0.0000000000 0.0000000000 0.0000000000 0.0000000000 0.0000000000 0.0000000000 0.0000000000 0.0000000000 0.0000000000 0.0000000000 0.0000000842 0.0007514847 0.0288567775 0.0653997736 0.0993061986 0.1308385668 0.1602377827 0.1877132244 0.2134477364 0.2376017035 0.2603163968 0.2817167385 0.3019136002 0.3210057247 0.3390813402 0.3562195236 0.3724913567 0.3879609124 0.4026860971 0.4167193756 0.4301083952 0.4428965267 0.4551233334 0.4668249799 0.4780345895 0.4887825573 0.4990968254 0.5090031255 0.5185251932 0.5276849578 0.5365027111 0.5449972573 0.5531860468 0.5610852962 0.5687100951 0.5760745024 0.5831916330 0.5900737356 0.5967322630 0.6031779358 0.6094208001 0.6154702794 0.6213352223 0.6270239459 0.6325442746 0.6379035765 0.6431087960 0.6481664838 0.6530828246 0.6578636620 0.6625145219 0.6670406339 0.6714469506 0.6757381659 0.6799187317 0.6839928732 0.6879646031 0.6918377350 0.6956158955 0.6993025352 0.7029009400 0.7064142400 0.7098454191 0.7131973233 0.7164726687 0.7196740485 0.7228039403 0.7258647122 0.7288586288 0.7317878569 0.7346544707 0.7374604565 0.7402077176 0.7428980785 0.7455332887 0.7481150269 0.7506449043 0.7531244680 0.7555552041 0.7579385409
0.0000000000 0.0000000000 0.0000000000 0.0000000000 0.0000000000 0.0000000000 0.0000000000 0.0000000000 0.0000000000 0.0000000000 0.0000000000 0.0000000000 0.0000000000 0.0000000000 0.0000000000 0.0000000000 0.0000000000 0.0000000000 0.0000000000 0.0000000001 0.0000031270 0.0081363878 0.0471077930 0.0843822175 0.1188504545 0.1508177403 0.1805467422 0.2082645887 0.2341686836 0.2584314142 0.2812039928 0.3026196110 0.3227960466 0.3418378304 0.3598380581 0.3768799118 0.3930379460 0.4083791775 0.4229640144 0.4368470517 0.4500777535 0.4627010423 0.4747578083 0.4862853522 0.4973177703 0.5078862915 0.5180195728 0.5277439580 0.5370837073 0.5460611988 0.5546971077 0.5630105653 0.5710193002 0.5787397650 0.5861872488 0.5933759781 0.6003192079 0.6070293030 0.6135178115 0.6197955314 0.6258725700 0.6317583989 0.6374619026 0.6429914239 0.6483548039 0.6535594197 0.6586122180 0.6635197460 0.6682881798 0.6729233503 0.6774307671 0.6818156399 0.6860828992 0.6902372144 0.6942830110 0.6982244862 0.7020656236 0.7058102065 0.7094618303 0.7130239141 0.7164997114 0.7198923200 0.7232046910 0.7264396376 0.7295998433 0.7326878685 0.7357061583 0.7386570486 0.7415427720 0.7443654637 0.7471271664 0.7498298358 0.7524753446 0.7550654872 0.7576019838 0.7600864838 0.7625205699 0.7649057612 0.7672435163 0.7695352363 0.7717822677
0.0000000000 0.0000000000 0.0000000000 0.0000000000 0.0000000000 0.0000000000 0.0000000000 0.0000000000 0.0000000000 0.0000000000 0.0000000000 0.0000000000 0.0000000000 0.0000000000 0.0000000000 0.0000000000 0.0000000000 0.0000000000 0.0000000069 0.0003169822 0.0296581925 0.0708241965 0.1086507684 0.1435179901 0.1757600735 0.2056627313 0.2334716662 0.2593993375 0.2836303995 0.3063261057 0.3276279025 0.3476603790 0.3665337064 0.3843456641 0.4011833353 0.4171245298 0.4322389868 0.4465893948 0.4602322605 0.4732186528 0.4855948411 0.4974028465 0.5086809184 0.5194639483 0.5297838305 0.5396697769 0.5491485935 0.5582449230 0.5669814585 0.5753791329 0.5834572859 0.5912338134 0.5987252990 0.6059471325 0.6129136157 0.6196380562 0.6261328530 0.6324095722 0.6384790162 0.6443512854 0.6500358345 0.6555415233 0.6608766625 0.6660490560 0.6710660386 0.6759345109 0.6806609709 0.6852515430 0.6897120044 0.6940478094 0.6982641117 0.7023657847 0.7063574402 0.7102434463 0.7140279425 0.7177148549 0.7213079100 0.7248106465 0.7282264278 0.7315584521 0.7348097628 0.7379832575 0.7410816968 0.7441077124 0.7470638140 0.7499523971 0.7527757487 0.7555360539 0.7582354010 0.7608757872 0.7634591236 0.7659872393 0.7684618862 0.7708847427 0.7732574180 0.7755814550 0.7778583341 0.7800894762 0.7822762458 0.7844199536 0.7865218590
0.0000000000 0.0000000000 0.0000000000 0.0000000000 0.0000000000 0.0000000000 0.0000000000 0.0000000000 0.0000000000 0.0000000000 0.0000000000 0.0000000000 0.0000000000 0.0000000000 0.0000000000 0.0000000000 0.0000000000 0.0000040888 0.0146233231 0.0599650317 0.1016256647 0.1397503645 0.1747709655 0.2070517402 0.2369021090 0.2645865907 0.2903326615 0.3143370208 0.3367706250 0.3577827660 0.3775043976 0.3960508670 0.4135241728 0.4300148414 0.4456034958 0.4603621740 0.4743554421 0.4876413383 0.5002721776 0.5122952406 0.5237533644 0.5346854532 0.5451269188 0.5551100647 0.5646644190 0.5738170269 0.5825927059 0.5910142705 0.5991027307 0.6068774664 0.6143563829 0.6215560483 0.6284918162 0.6351779349 0.6416276450 0.6478532672 0.6538662806 0.6596773934 0.6652966067 0.6707332715 0.6759961414 0.6810934187 0.6860327978 0.6908215037 0.6954663270 0.6999736565 0.7043495082 0.7085995521 0.7127291370 0.7167433124 0.7206468498 0.7244442611 0.7281398160 0.7317375585 0.7352413212 0.7386547388 0.7419812614 0.7452241653 0.7483865643 0.7514714194 0.7544815481 0.7574196333 0.7602882307 0.7630897767 0.7658265951 0.7685009034 0.7711148190 0.7736703650 0.7761694748 0.7786139975 0.7810057022 0.7833462825 0.7856373603 0.7878804897 0.7900771601 0.7922288003 0.7943367807 0.7964024169 0.7984269722 0.8004116599 0.8023576462
0.0000000000 0.0000000000 0.0000000000 0.0000000000 0.0000000000 0.0000000000 0.0000000000 0.0000000000 0.0000000000 0.0000000000 0.0000000000 0.0000000000 0.0000000000 0.0000000000 0.0000000000 0.0000000848 0.0057123379 0.0541444171 0.1001398548 0.1418693978 0.1799001858 0.2147031159 0.2466724045 0.2761405853 0.3033901192 0.3286624777 0.3521653173 0.3740781991 0.3945571842 0.4137385569 0.4317418610 0.4486723938 0.4646232667 0.4796771186 0.4939075480 0.5073803164 0.5201543640 0.5322826724 0.5438129984 0.5547885031 0.5652482913 0.5752278773 0.5847595878 0.5938729114 0.6025948037 0.6109499534 0.6189610156 0.6266488171 0.6340325373 0.6411298675 0.6479571529 0.6545295182 0.6608609791 0.6669645425 0.6728522953 0.6785354849 0.6840245900 0.6893293859 0.6944590023 0.6994219756 0.7042262965 0.7088794528 0.7133884684 0.7177599388 0.7220000630 0.7261146731 0.7301092609 0.7339890024 0.7377587803 0.7414232044 0.7449866302 0.7484531765 0.7518267412 0.7551110158 0.7583094988 0.7614255086 0.7644621944 0.7674225471 0.7703094091 0.7731254837 0.7758733427 0.7785554353 0.7811740945 0.7837315444 0.7862299063 0.7886712045 0.7910573722 0.7933902558 0.7956716205 0.7979031542 0.8000864719 0.8022231196 0.8043145780 0.8063622655 0.8083675421 0.8103317118 0.8122560259 0.8141416852 0.8159898428 0.8178016065 0.8195780409
0.0000000000 0.0000000000 0.0000000000 0.0000000000 0.0000000000 0.0000000000 0.0000000000 0.0000000000 0.0000000000 0.0000000000 0.0000000000 0.0000000000 0.0000000000 0.0000000092 0.0043067938 0.0576683000 0.1084292481 0.1540010166 0.1951406180 0.2324646559 0.2664804269 0.2976091139 0.3262033149 0.3525604570 0.3769331811 0.3995374657 0.4205590446 0.4401585218 0.4584754829 0.4756318242 0.4917344690 0.5068775979 0.5211444923 0.5346090668 0.5473371498 0.5593875602 0.5708130157 0.5816609045 0.5919739416 0.6017907314 0.6111462504 0.6200722635 0.6285976845 0.6367488889 0.6445499866 0.6520230596 0.6591883715 0.6660645502 0.6726687503 0.6790167954 0.6851233052 0.6910018074 0.6966648382 0.7021240312 0.7073901975 0.7124733967 0.7173830016 0.7221277553 0.7267158237 0.7311548420 0.7354519572 0.7396138667 0.7436468529 0.7475568149 0.7513492972 0.7550295164 0.7586023843 0.7620725306 0.7654443225 0.7687218831 0.7719091080 0.7750096813 0.7780270893 0.7809646337 0.7838254439 0.7866124878 0.7893285821 0.7919764021 0.7945584900 0.7970772636 0.7995350235 0.8019339600 0.8042761600 0.8065636127 0.8087982155 0.8109817791 0.8131160323 0.8152026269 0.8172431415 0.8192390859 0.8211919046 0.8231029804 0.8249736376 0.8268051451 0.8285987190 0.8303555258 0.8320766846 0.8337632695 0.8354163120 0.8370368027 0.8386256939
0.0000000000 0.0000000000 0.0000000000 0.0000000000 0.0000000000 0.0000000000 0.0000000000 0.0000000000 0.0000000000 0.0000000000 0.0000000000 0.0000000415 0.0160868573 0.0790494327 0.1346486155 0.1839167965 0.2278770796 0.2673433888 0.3029713287 0.3352948937 0.3647534155 0.3917116492 0.4164749537 0.4393009084 0.4604083066 0.4799841913 0.4981894126 0.5151630578 0.5310260114 0.5458838389 0.5598291383 0.5729434726 0.5852989656 0.5969596291 0.6079824724 0.6184184339 0.6283131686 0.6377077159 0.6466390680 0.6551406574 0.6632427745 0.6709729286 0.6783561597 0.6854153099 0.6921712586 0.6986431297 0.7048484718 0.7108034173 0.7165228223 0.7220203907 0.7273087832 0.7323997155 0.7373040440 0.7420318439 0.7465924776 0.7509946573 0.7552464998 0.7593555771 0.7633289609 0.7671732635 0.7708946744 0.7744989938 0.7779916623 0.7813777887 0.7846621747 0.7878493380 0.7909435324 0.7939487673 0.7968688247 0.7997072754 0.8024674932 0.8051526684 0.8077658204 0.8103098085 0.8127873428 0.8152009936 0.8175532003 0.8198462796 0.8220824334 0.8242637553 0.8263922378 0.8284697777 0.8304981824 0.8324791746 0.8344143974 0.8363054189 0.8381537364 0.8399607803 0.8417279178 0.8434564563 0.8451476470 0.8468026872 0.8484227239 0.8500088558 0.8515621364 0.8530835757 0.8545741430 0.8560347684 0.8574663451 0.8588697313 0.8602457514
0.0000000000 0.0000000000 0.0000000000 0.0000000000 0.0000000000 0.0000000000 0.0000000000 0.0000000000 0.0000000000 0.0005886306 0.0684990527 0.1371730348 0.1964164356 0.2480470106 0.2934435533 0.3336708546 0.3695642754 0.4017883819 0.4308784731 0.4572705534 0.4813233357 0.5033346414 0.5235537948 0.5421911087 0.5594252272 0.5754088702 0.5902733711 0.6041322944 0.6170843418 0.6292157071 0.6406019964 0.6513098055 0.6613980233 0.6709189152 0.6799190290 0.6884399559 0.6965189730 0.7041895887 0.7114820072 0.7184235259 0.7250388768 0.7313505211 0.7373789041 0.7431426761 0.7486588851 0.7539431458 0.7590097864 0.7638719790 0.7685418537 0.7730305994 0.7773485539 0.7815052826 0.7855096501 0.7893698825 0.7930936244 0.7966879890 0.8001596039 0.8035146515 0.8067589058 0.8098977657 0.8129362850 0.8158791994 0.8187309513 0.8214957119 0.8241774019 0.8267797098 0.8293061090 0.8317598730 0.8341440899 0.8364616752 0.8387153835 0.8409078199 0.8430414496 0.8451186072 0.8471415055 0.8491122431 0.8510328118 0.8529051033 0.8547309152 0.8565119571 0.8582498557 0.8599461600 0.8616023455 0.8632198188 0.8647999216 0.8663439342 0.8678530792 0.8693285243 0.8707713860 0.8721827318 0.8735635832 0.8749149179 0.8762376723 0.8775327436 0.8788009919 0.8800432419 0.8812602850 0.8824528806 0.8836217581 0.8847676181 0.8858911339
0.0000000000 0.0000000000 0.0000000000 0.0000000000 0.0000000000 0.0000000000 0.0336920104 0.1347222193 0.2166295821 0.2843711482 0.3413293629 0.3898892019 0.4317806124 0.4682889420 0.5003891452 0.5288341428 0.5542146241 0.5770005083 0.5975703090 0.6162323280 0.6332402134 0.6488045569 0.6631016574 0.6762802285 0.6884665906 0.6997687329 0.7102795223 0.7200792609 0.7292377415 0.7378159121 0.7458672345 0.7534387989 0.7605722462 0.7673045334 0.7736685749 0.7796937801 0.7854065079 0.7908304522 0.7959869708 0.8008953657 0.8055731252 0.8100361317 0.8142988422 0.8183744445 0.8222749933 0.8260115298 0.8295941858 0.8330322751 0.8363343752 0.8395083977 0.8425616526 0.8455009037 0.8483324191 0.8510620156 0.8536950987 0.8562366984 0.8586915008 0.8610638777 0.8633579119 0.8655774210 0.8677259786 0.8698069334 0.8718234265 0.8737784074 0.8756746486 0.8775147582 0.8793011922 0.8810362653 0.8827221613 0.8843609415 0.8859545540 0.8875048406 0.8890135446 0.8904823169 0.8919127220 0.8933062439 0.8946642911 0.8959882010 0.8972792450 0.8985386318 0.8997675117 0.9009669800 0.9021380800 0.9032818064 0.9043991078 0.9054908896 0.9065580162 0.9076013134 0.9086215707 0.9096195429 0.9105959523 0.9115514902 0.9124868188 0.9134025725 0.9142993595 0.9151777629 0.9160383423 0.9168816348 0.9177081560 0.9185184014 0.9193128470
0.0000000000 0.0000000000 0.0000000000 0.0399397308 0.1861979167 0.2937853107 0.3762475050 0.4414655943 0.4943365696 0.5380635625 0.5748299320 0.6061751733 0.6332159624 0.6567819879 0.6775025800 0.6958637470 0.7122467772 0.7269550022 0.7402327515 0.7522790329 0.7632575758 0.7733043163 0.7825330550 0.7910397860 0.7989060489 0.8062015504 0.8129862358 0.8193119399 0.8252237136 0.8307608990 0.8359580052 0.8408454291 0.8454500495 0.8497957222 0.8539036933 0.8577929465 0.8614804965 0.8649816375 0.8683101559 0.8714785112 0.8744979920 0.8773788503 0.8801304181 0.8827612080 0.8852790015 0.8876909254 0.8900035199 0.8922227970 0.8943542934 0.8964031162 0.8983739837 0.9002712622 0.9020989975 0.9038609445 0.9055605923 0.9072011878 0.9087857560 0.9103171187 0.9117979114 0.9132305984 0.9146174863 0.9159607369 0.9172623775 0.9185243123 0.9197483308 0.9209361164 0.9220892546 0.9232092395 0.9242974806 0.9253553087 0.9263839812 0.9273846869 0.9283585511 0.9293066395 0.9302299620 0.9311294766 0.9320060923 0.9328606725 0.9336940378 0.9345069685 0.9353002070 0.9360744605 0.9368304023 0.9375686745 0.9382898894 0.9389946315 0.9396834588 0.9403569043 0.9410154775 0.9416596658 0.9422899354 0.9429067324 0.9435104845 0.9441016009 0.9446804744 0.9452474814 0.9458029830 0.9463473260 0.9468808431 0.9474038542 0.9479166667
